timestamp,level,data source
2025-08-01T03:31:34Z,LIGHTLY_ACTIVE,Fitbit App
2025-08-01T03:32:34Z,MODERATELY_ACTIVE,Fitbit App
2025-08-01T03:33:34Z,VERY_ACTIVE,Fitbit App
2025-08-01T03:34:34Z,MODERATELY_ACTIVE,Fitbit App
2025-08-01T03:35:34Z,LIGHTLY_ACTIVE,Fitbit App
2025-08-01T03:36:34Z,MODERATELY_ACTIVE,Fitbit App
2025-08-01T03:42:34Z,SEDENTARY,Fitbit App
2025-08-01T03:43:34Z,LIGHTLY_ACTIVE,Fitbit App
2025-08-01T03:44:34Z,MODERATELY_ACTIVE,Fitbit App
2025-08-01T03:45:34Z,LIGHTLY_ACTIVE,Fitbit App
2025-08-01T03:49:34Z,LIGHTLY_ACTIVE,Fitbit App
2025-08-01T03:50:34Z,MODERATELY_ACTIVE,Fitbit App
2025-08-01T03:51:34Z,VERY_ACTIVE,Fitbit App
2025-08-01T03:52:34Z,VERY_ACTIVE,Fitbit App
2025-08-01T03:53:34Z,LIGHTLY_ACTIVE,Fitbit App
2025-08-01T03:56:00Z,SEDENTARY,Fitbit App
2025-08-01T05:20:00Z,SEDENTARY,Fitbit App
2025-08-01T05:22:00Z,SEDENTARY,Fitbit App
2025-08-01T05:23:00Z,SEDENTARY,Fitbit App
2025-08-01T07:45:29Z,LIGHTLY_ACTIVE,Fitbit App
2025-08-01T07:46:29Z,VERY_ACTIVE,Fitbit App
2025-08-01T07:47:29Z,MODERATELY_ACTIVE,Fitbit App
2025-08-01T07:49:29Z,LIGHTLY_ACTIVE,Fitbit App
2025-08-01T07:50:00Z,LIGHTLY_ACTIVE,Fitbit App
2025-08-01T07:51:00Z,VERY_ACTIVE,Fitbit App
2025-08-01T07:52:00Z,MODERATELY_ACTIVE,Fitbit App
2025-08-01T07:53:00Z,MODERATELY_ACTIVE,Fitbit App
2025-08-01T07:54:00Z,VERY_ACTIVE,Fitbit App
2025-08-01T07:55:00Z,VERY_ACTIVE,Fitbit App
2025-08-01T07:56:00Z,VERY_ACTIVE,Fitbit App
2025-08-01T07:57:00Z,VERY_ACTIVE,Fitbit App
2025-08-01T07:58:00Z,MODERATELY_ACTIVE,Fitbit App
2025-08-01T07:59:00Z,LIGHTLY_ACTIVE,Fitbit App
2025-08-01T08:22:00Z,SEDENTARY,Fitbit App
2025-08-01T08:24:00Z,MODERATELY_ACTIVE,Fitbit App
2025-08-01T08:25:00Z,MODERATELY_ACTIVE,Fitbit App
2025-08-01T08:45:00Z,SEDENTARY,Fitbit App
2025-08-01T08:46:00Z,LIGHTLY_ACTIVE,Fitbit App
2025-08-01T08:47:00Z,LIGHTLY_ACTIVE,Fitbit App
2025-08-01T08:48:29Z,LIGHTLY_ACTIVE,Fitbit App
2025-08-01T08:49:00Z,LIGHTLY_ACTIVE,Fitbit App
2025-08-01T08:51:29Z,VERY_ACTIVE,Fitbit App
2025-08-01T08:52:29Z,VERY_ACTIVE,Fitbit App
2025-08-01T08:53:29Z,VERY_ACTIVE,Fitbit App
2025-08-01T08:54:29Z,MODERATELY_ACTIVE,Fitbit App
2025-08-01T08:55:29Z,MODERATELY_ACTIVE,Fitbit App
2025-08-01T08:56:29Z,LIGHTLY_ACTIVE,Fitbit App
2025-08-01T08:59:29Z,LIGHTLY_ACTIVE,Fitbit App
2025-08-01T09:00:29Z,LIGHTLY_ACTIVE,Fitbit App
2025-08-01T09:01:29Z,VERY_ACTIVE,Fitbit App
2025-08-01T09:02:29Z,LIGHTLY_ACTIVE,Fitbit App
2025-08-01T11:02:29Z,LIGHTLY_ACTIVE,Fitbit App
2025-08-01T11:03:29Z,MODERATELY_ACTIVE,Fitbit App
2025-08-01T11:04:29Z,VERY_ACTIVE,Fitbit App
2025-08-01T11:05:29Z,MODERATELY_ACTIVE,Fitbit App
2025-08-01T11:06:29Z,VERY_ACTIVE,Fitbit App
2025-08-01T11:07:29Z,VERY_ACTIVE,Fitbit App
2025-08-01T11:08:29Z,VERY_ACTIVE,Fitbit App
2025-08-01T11:09:29Z,VERY_ACTIVE,Fitbit App
2025-08-01T11:10:29Z,MODERATELY_ACTIVE,Fitbit App
2025-08-01T11:11:29Z,MODERATELY_ACTIVE,Fitbit App
2025-08-01T11:12:29Z,VERY_ACTIVE,Fitbit App
2025-08-01T11:13:29Z,MODERATELY_ACTIVE,Fitbit App
2025-08-01T11:14:29Z,MODERATELY_ACTIVE,Fitbit App
2025-08-01T11:15:29Z,MODERATELY_ACTIVE,Fitbit App
2025-08-01T11:16:29Z,VERY_ACTIVE,Fitbit App
2025-08-01T11:17:29Z,VERY_ACTIVE,Fitbit App
2025-08-01T11:18:29Z,LIGHTLY_ACTIVE,Fitbit App
2025-08-01T11:19:29Z,LIGHTLY_ACTIVE,Fitbit App
2025-08-01T11:20:29Z,VERY_ACTIVE,Fitbit App
2025-08-01T11:21:29Z,VERY_ACTIVE,Fitbit App
2025-08-01T11:22:29Z,MODERATELY_ACTIVE,Fitbit App
2025-08-01T11:23:29Z,LIGHTLY_ACTIVE,Fitbit App
2025-08-01T11:24:29Z,VERY_ACTIVE,Fitbit App
2025-08-01T11:25:29Z,MODERATELY_ACTIVE,Fitbit App
2025-08-01T11:26:29Z,VERY_ACTIVE,Fitbit App
2025-08-01T11:27:29Z,LIGHTLY_ACTIVE,Fitbit App
2025-08-01T13:13:00Z,SEDENTARY,Fitbit App
2025-08-01T14:54:29Z,LIGHTLY_ACTIVE,Fitbit App
2025-08-01T14:55:29Z,VERY_ACTIVE,Fitbit App
2025-08-01T14:56:29Z,MODERATELY_ACTIVE,Fitbit App
2025-08-01T14:57:29Z,LIGHTLY_ACTIVE,Fitbit App
2025-08-01T14:58:29Z,LIGHTLY_ACTIVE,Fitbit App
2025-08-01T15:10:29Z,SEDENTARY,Fitbit App
2025-08-01T15:11:29Z,LIGHTLY_ACTIVE,Fitbit App
2025-08-01T15:12:29Z,MODERATELY_ACTIVE,Fitbit App
2025-08-01T15:13:29Z,VERY_ACTIVE,Fitbit App
2025-08-01T15:14:29Z,LIGHTLY_ACTIVE,Fitbit App
2025-08-02T08:22:29Z,LIGHTLY_ACTIVE,Fitbit App
2025-08-02T08:23:29Z,VERY_ACTIVE,Fitbit App
2025-08-02T08:24:29Z,MODERATELY_ACTIVE,Fitbit App
2025-08-02T08:25:29Z,LIGHTLY_ACTIVE,Fitbit App
2025-08-02T08:26:29Z,LIGHTLY_ACTIVE,Fitbit App
2025-08-02T08:27:29Z,LIGHTLY_ACTIVE,Fitbit App
2025-08-02T08:37:29Z,LIGHTLY_ACTIVE,Fitbit App
2025-08-02T08:38:29Z,MODERATELY_ACTIVE,Fitbit App
2025-08-02T08:39:29Z,MODERATELY_ACTIVE,Fitbit App
2025-08-02T08:40:29Z,LIGHTLY_ACTIVE,Fitbit App
2025-08-02T11:54:29Z,LIGHTLY_ACTIVE,Fitbit App
2025-08-02T11:55:29Z,VERY_ACTIVE,Fitbit App
2025-08-02T11:56:29Z,MODERATELY_ACTIVE,Fitbit App
2025-08-02T11:57:29Z,LIGHTLY_ACTIVE,Fitbit App
2025-08-02T12:03:29Z,SEDENTARY,Fitbit App
2025-08-02T12:04:29Z,LIGHTLY_ACTIVE,Fitbit App
2025-08-02T12:05:29Z,VERY_ACTIVE,Fitbit App
2025-08-02T12:06:29Z,VERY_ACTIVE,Fitbit App
2025-08-02T13:52:29Z,LIGHTLY_ACTIVE,Fitbit App
2025-08-02T13:53:29Z,VERY_ACTIVE,Fitbit App
2025-08-02T13:54:29Z,VERY_ACTIVE,Fitbit App
2025-08-02T13:55:29Z,MODERATELY_ACTIVE,Fitbit App
2025-08-02T13:56:29Z,VERY_ACTIVE,Fitbit App
2025-08-02T13:57:29Z,VERY_ACTIVE,Fitbit App
2025-08-02T13:58:29Z,VERY_ACTIVE,Fitbit App
2025-08-02T13:59:29Z,VERY_ACTIVE,Fitbit App
2025-08-02T14:00:29Z,MODERATELY_ACTIVE,Fitbit App
2025-08-02T14:01:29Z,MODERATELY_ACTIVE,Fitbit App
2025-08-02T14:18:29Z,LIGHTLY_ACTIVE,Fitbit App
2025-08-02T14:19:29Z,MODERATELY_ACTIVE,Fitbit App
2025-08-02T14:20:29Z,MODERATELY_ACTIVE,Fitbit App
2025-08-02T14:21:29Z,MODERATELY_ACTIVE,Fitbit App
2025-08-02T14:22:29Z,VERY_ACTIVE,Fitbit App
2025-08-02T14:23:29Z,MODERATELY_ACTIVE,Fitbit App
2025-08-02T14:24:29Z,LIGHTLY_ACTIVE,Fitbit App
2025-08-02T14:25:29Z,MODERATELY_ACTIVE,Fitbit App
2025-08-02T14:26:29Z,LIGHTLY_ACTIVE,Fitbit App
2025-08-02T14:27:29Z,VERY_ACTIVE,Fitbit App
2025-08-02T14:28:29Z,MODERATELY_ACTIVE,Fitbit App
2025-08-02T14:29:29Z,LIGHTLY_ACTIVE,Fitbit App
2025-08-02T14:30:29Z,LIGHTLY_ACTIVE,Fitbit App
2025-08-02T14:36:29Z,SEDENTARY,Fitbit App
2025-08-02T14:37:29Z,LIGHTLY_ACTIVE,Fitbit App
2025-08-02T14:38:29Z,MODERATELY_ACTIVE,Fitbit App
2025-08-02T14:39:29Z,VERY_ACTIVE,Fitbit App
2025-08-02T14:40:29Z,LIGHTLY_ACTIVE,Fitbit App
2025-08-02T19:40:29Z,LIGHTLY_ACTIVE,Fitbit App
2025-08-02T19:41:29Z,LIGHTLY_ACTIVE,Fitbit App
2025-08-02T19:42:29Z,MODERATELY_ACTIVE,Fitbit App
2025-08-02T19:43:29Z,VERY_ACTIVE,Fitbit App
2025-08-02T19:44:29Z,LIGHTLY_ACTIVE,Fitbit App
2025-08-02T19:45:29Z,MODERATELY_ACTIVE,Fitbit App
2025-08-02T19:46:29Z,VERY_ACTIVE,Fitbit App
2025-08-02T19:47:29Z,VERY_ACTIVE,Fitbit App
2025-08-02T19:48:29Z,LIGHTLY_ACTIVE,Fitbit App
2025-08-03T08:02:29Z,LIGHTLY_ACTIVE,Fitbit App
2025-08-03T08:19:29Z,LIGHTLY_ACTIVE,Fitbit App
2025-08-03T08:20:29Z,VERY_ACTIVE,Fitbit App
2025-08-03T08:21:29Z,LIGHTLY_ACTIVE,Fitbit App
2025-08-03T08:22:29Z,LIGHTLY_ACTIVE,Fitbit App
2025-08-03T08:33:29Z,LIGHTLY_ACTIVE,Fitbit App
2025-08-03T08:34:29Z,LIGHTLY_ACTIVE,Fitbit App
2025-08-03T08:35:29Z,LIGHTLY_ACTIVE,Fitbit App
2025-08-03T08:36:29Z,VERY_ACTIVE,Fitbit App
2025-08-03T08:51:00Z,SEDENTARY,Fitbit App
2025-08-03T08:52:00Z,SEDENTARY,Fitbit App
2025-08-03T08:53:00Z,SEDENTARY,Fitbit App
2025-08-03T08:54:00Z,SEDENTARY,Fitbit App
2025-08-03T08:55:00Z,SEDENTARY,Fitbit App
2025-08-03T08:58:00Z,SEDENTARY,Fitbit App
2025-08-03T08:59:00Z,SEDENTARY,Fitbit App
2025-08-03T09:00:00Z,SEDENTARY,Fitbit App
2025-08-03T09:01:00Z,SEDENTARY,Fitbit App
2025-08-03T09:02:00Z,SEDENTARY,Fitbit App
2025-08-03T09:03:00Z,SEDENTARY,Fitbit App
2025-08-03T09:04:00Z,SEDENTARY,Fitbit App
2025-08-03T09:05:00Z,SEDENTARY,Fitbit App
2025-08-03T09:06:00Z,SEDENTARY,Fitbit App
2025-08-03T09:07:00Z,SEDENTARY,Fitbit App
2025-08-03T09:08:00Z,SEDENTARY,Fitbit App
2025-08-03T09:09:00Z,SEDENTARY,Fitbit App
2025-08-03T09:10:00Z,SEDENTARY,Fitbit App
2025-08-03T09:11:00Z,SEDENTARY,Fitbit App
2025-08-03T09:12:00Z,SEDENTARY,Fitbit App
2025-08-03T09:13:00Z,SEDENTARY,Fitbit App
2025-08-03T09:14:00Z,SEDENTARY,Fitbit App
2025-08-03T09:15:00Z,SEDENTARY,Fitbit App
2025-08-03T09:16:00Z,SEDENTARY,Fitbit App
2025-08-03T09:17:00Z,SEDENTARY,Fitbit App
2025-08-03T09:18:00Z,SEDENTARY,Fitbit App
2025-08-03T09:19:00Z,SEDENTARY,Fitbit App
2025-08-03T09:20:00Z,SEDENTARY,Fitbit App
2025-08-03T09:21:00Z,SEDENTARY,Fitbit App
2025-08-03T09:22:00Z,SEDENTARY,Fitbit App
2025-08-03T09:23:00Z,SEDENTARY,Fitbit App
2025-08-03T09:24:00Z,SEDENTARY,Fitbit App
2025-08-03T09:25:00Z,SEDENTARY,Fitbit App
2025-08-03T09:26:00Z,SEDENTARY,Fitbit App
2025-08-03T09:27:00Z,SEDENTARY,Fitbit App
2025-08-03T09:28:00Z,SEDENTARY,Fitbit App
2025-08-03T09:29:00Z,SEDENTARY,Fitbit App
2025-08-03T09:30:00Z,SEDENTARY,Fitbit App
2025-08-03T09:31:00Z,SEDENTARY,Fitbit App
2025-08-03T09:32:00Z,SEDENTARY,Fitbit App
2025-08-03T09:33:00Z,SEDENTARY,Fitbit App
2025-08-03T09:34:00Z,SEDENTARY,Fitbit App
2025-08-03T09:35:00Z,SEDENTARY,Fitbit App
2025-08-03T09:36:00Z,SEDENTARY,Fitbit App
2025-08-03T09:37:00Z,SEDENTARY,Fitbit App
2025-08-03T09:38:00Z,SEDENTARY,Fitbit App
2025-08-03T09:39:00Z,SEDENTARY,Fitbit App
2025-08-03T09:40:00Z,SEDENTARY,Fitbit App
2025-08-03T09:41:00Z,SEDENTARY,Fitbit App
2025-08-03T09:42:00Z,LIGHTLY_ACTIVE,Fitbit App
2025-08-03T09:43:00Z,SEDENTARY,Fitbit App
2025-08-03T09:44:00Z,LIGHTLY_ACTIVE,Fitbit App
2025-08-03T09:45:00Z,LIGHTLY_ACTIVE,Fitbit App
2025-08-03T09:46:00Z,SEDENTARY,Fitbit App
2025-08-03T09:47:00Z,LIGHTLY_ACTIVE,Fitbit App
2025-08-03T09:48:00Z,LIGHTLY_ACTIVE,Fitbit App
2025-08-03T09:49:00Z,SEDENTARY,Fitbit App
2025-08-03T09:50:00Z,SEDENTARY,Fitbit App
2025-08-03T09:51:00Z,SEDENTARY,Fitbit App
2025-08-03T09:52:00Z,SEDENTARY,Fitbit App
2025-08-03T09:53:00Z,SEDENTARY,Fitbit App
2025-08-03T09:54:00Z,SEDENTARY,Fitbit App
2025-08-03T09:55:00Z,SEDENTARY,Fitbit App
2025-08-03T09:56:00Z,SEDENTARY,Fitbit App
2025-08-03T09:57:00Z,SEDENTARY,Fitbit App
2025-08-03T09:58:00Z,SEDENTARY,Fitbit App
2025-08-03T09:59:00Z,SEDENTARY,Fitbit App
2025-08-03T10:00:00Z,SEDENTARY,Fitbit App
2025-08-03T10:01:00Z,SEDENTARY,Fitbit App
2025-08-03T10:02:00Z,SEDENTARY,Fitbit App
2025-08-03T10:03:00Z,SEDENTARY,Fitbit App
2025-08-03T10:04:00Z,SEDENTARY,Fitbit App
2025-08-03T10:05:00Z,SEDENTARY,Fitbit App
2025-08-03T10:06:00Z,SEDENTARY,Fitbit App
2025-08-03T10:07:00Z,SEDENTARY,Fitbit App
2025-08-03T10:08:00Z,SEDENTARY,Fitbit App
2025-08-03T10:09:00Z,SEDENTARY,Fitbit App
2025-08-03T10:10:00Z,SEDENTARY,Fitbit App
2025-08-03T10:11:00Z,SEDENTARY,Fitbit App
2025-08-03T10:12:00Z,SEDENTARY,Fitbit App
2025-08-03T10:13:00Z,SEDENTARY,Fitbit App
2025-08-03T10:14:00Z,SEDENTARY,Fitbit App
2025-08-03T10:15:00Z,SEDENTARY,Fitbit App
2025-08-03T10:16:00Z,SEDENTARY,Fitbit App
2025-08-03T10:17:00Z,SEDENTARY,Fitbit App
2025-08-03T10:18:00Z,SEDENTARY,Fitbit App
2025-08-03T10:19:00Z,SEDENTARY,Fitbit App
2025-08-03T10:20:00Z,SEDENTARY,Fitbit App
2025-08-03T10:21:00Z,SEDENTARY,Fitbit App
2025-08-03T10:22:00Z,SEDENTARY,Fitbit App
2025-08-03T10:23:00Z,SEDENTARY,Fitbit App
2025-08-03T10:24:00Z,SEDENTARY,Fitbit App
2025-08-03T10:25:00Z,SEDENTARY,Fitbit App
2025-08-03T10:26:00Z,SEDENTARY,Fitbit App
2025-08-03T10:27:00Z,SEDENTARY,Fitbit App
2025-08-03T10:28:00Z,SEDENTARY,Fitbit App
2025-08-03T10:29:00Z,SEDENTARY,Fitbit App
2025-08-03T10:30:00Z,SEDENTARY,Fitbit App
2025-08-03T10:31:00Z,SEDENTARY,Fitbit App
2025-08-03T10:32:00Z,SEDENTARY,Fitbit App
2025-08-03T10:33:00Z,SEDENTARY,Fitbit App
2025-08-03T10:34:00Z,SEDENTARY,Fitbit App
2025-08-03T10:35:00Z,SEDENTARY,Fitbit App
2025-08-03T10:36:00Z,LIGHTLY_ACTIVE,Fitbit App
2025-08-03T10:37:00Z,SEDENTARY,Fitbit App
2025-08-03T10:38:00Z,SEDENTARY,Fitbit App
2025-08-03T10:39:00Z,SEDENTARY,Fitbit App
2025-08-03T10:40:00Z,SEDENTARY,Fitbit App
2025-08-03T10:41:00Z,SEDENTARY,Fitbit App
2025-08-03T10:42:00Z,SEDENTARY,Fitbit App
2025-08-03T10:43:00Z,SEDENTARY,Fitbit App
2025-08-03T10:44:00Z,SEDENTARY,Fitbit App
2025-08-03T10:45:00Z,SEDENTARY,Fitbit App
2025-08-03T10:46:00Z,SEDENTARY,Fitbit App
2025-08-03T10:47:00Z,SEDENTARY,Fitbit App
2025-08-03T10:48:00Z,SEDENTARY,Fitbit App
2025-08-03T10:49:00Z,SEDENTARY,Fitbit App
2025-08-03T10:50:00Z,SEDENTARY,Fitbit App
2025-08-03T10:51:00Z,SEDENTARY,Fitbit App
2025-08-03T10:52:00Z,SEDENTARY,Fitbit App
2025-08-03T10:53:00Z,SEDENTARY,Fitbit App
2025-08-03T10:54:00Z,SEDENTARY,Fitbit App
2025-08-03T10:55:00Z,SEDENTARY,Fitbit App
2025-08-03T10:56:00Z,SEDENTARY,Fitbit App
2025-08-03T10:57:00Z,SEDENTARY,Fitbit App
2025-08-03T10:58:00Z,SEDENTARY,Fitbit App
2025-08-03T10:59:00Z,SEDENTARY,Fitbit App
2025-08-03T11:00:00Z,SEDENTARY,Fitbit App
2025-08-03T11:01:00Z,SEDENTARY,Fitbit App
2025-08-03T11:02:00Z,SEDENTARY,Fitbit App
2025-08-03T11:03:00Z,SEDENTARY,Fitbit App
2025-08-03T11:04:00Z,SEDENTARY,Fitbit App
2025-08-03T11:05:00Z,SEDENTARY,Fitbit App
2025-08-03T11:06:00Z,SEDENTARY,Fitbit App
2025-08-03T11:07:00Z,SEDENTARY,Fitbit App
2025-08-03T11:08:00Z,SEDENTARY,Fitbit App
2025-08-03T11:09:00Z,SEDENTARY,Fitbit App
2025-08-03T11:12:00Z,SEDENTARY,Fitbit App
2025-08-03T11:13:00Z,SEDENTARY,Fitbit App
2025-08-03T11:14:00Z,SEDENTARY,Fitbit App
2025-08-03T11:15:00Z,SEDENTARY,Fitbit App
2025-08-03T11:16:00Z,SEDENTARY,Fitbit App
2025-08-03T11:17:00Z,SEDENTARY,Fitbit App
2025-08-03T11:18:00Z,SEDENTARY,Fitbit App
2025-08-03T11:20:00Z,SEDENTARY,Fitbit App
2025-08-03T11:21:00Z,SEDENTARY,Fitbit App
2025-08-03T11:22:00Z,SEDENTARY,Fitbit App
2025-08-03T11:23:00Z,SEDENTARY,Fitbit App
2025-08-03T11:24:00Z,LIGHTLY_ACTIVE,Fitbit App
2025-08-03T11:25:00Z,LIGHTLY_ACTIVE,Fitbit App
2025-08-03T11:26:00Z,LIGHTLY_ACTIVE,Fitbit App
2025-08-03T11:27:00Z,LIGHTLY_ACTIVE,Fitbit App
2025-08-03T11:28:00Z,SEDENTARY,Fitbit App
2025-08-03T11:29:00Z,SEDENTARY,Fitbit App
2025-08-03T11:30:00Z,SEDENTARY,Fitbit App
2025-08-03T11:37:00Z,LIGHTLY_ACTIVE,Fitbit App
2025-08-03T11:38:00Z,SEDENTARY,Fitbit App
2025-08-03T11:39:00Z,SEDENTARY,Fitbit App
2025-08-03T11:41:00Z,SEDENTARY,Fitbit App
2025-08-03T11:42:00Z,SEDENTARY,Fitbit App
2025-08-03T11:43:00Z,SEDENTARY,Fitbit App
2025-08-03T11:44:00Z,SEDENTARY,Fitbit App
2025-08-03T11:45:00Z,SEDENTARY,Fitbit App
2025-08-03T11:47:00Z,SEDENTARY,Fitbit App
2025-08-03T11:48:00Z,LIGHTLY_ACTIVE,Fitbit App
2025-08-03T11:49:00Z,SEDENTARY,Fitbit App
2025-08-03T11:50:00Z,SEDENTARY,Fitbit App
2025-08-03T11:52:00Z,SEDENTARY,Fitbit App
2025-08-03T11:53:00Z,SEDENTARY,Fitbit App
2025-08-03T11:54:00Z,SEDENTARY,Fitbit App
2025-08-03T11:55:00Z,SEDENTARY,Fitbit App
2025-08-03T11:57:00Z,SEDENTARY,Fitbit App
2025-08-03T11:59:00Z,SEDENTARY,Fitbit App
2025-08-03T12:00:00Z,SEDENTARY,Fitbit App
2025-08-03T12:01:00Z,SEDENTARY,Fitbit App
2025-08-03T12:02:00Z,SEDENTARY,Fitbit App
2025-08-03T12:03:00Z,SEDENTARY,Fitbit App
2025-08-03T12:04:00Z,SEDENTARY,Fitbit App
2025-08-03T12:05:00Z,LIGHTLY_ACTIVE,Fitbit App
2025-08-03T12:06:00Z,SEDENTARY,Fitbit App
2025-08-03T12:07:00Z,VERY_ACTIVE,Fitbit App
2025-08-03T12:08:00Z,LIGHTLY_ACTIVE,Fitbit App
2025-08-03T12:09:00Z,SEDENTARY,Fitbit App
2025-08-03T12:10:00Z,SEDENTARY,Fitbit App
2025-08-03T12:11:00Z,LIGHTLY_ACTIVE,Fitbit App
2025-08-03T12:12:00Z,LIGHTLY_ACTIVE,Fitbit App
2025-08-03T12:13:00Z,LIGHTLY_ACTIVE,Fitbit App
2025-08-03T12:14:00Z,SEDENTARY,Fitbit App
2025-08-03T12:15:00Z,SEDENTARY,Fitbit App
2025-08-03T12:16:00Z,SEDENTARY,Fitbit App
2025-08-03T12:17:00Z,SEDENTARY,Fitbit App
2025-08-03T12:18:00Z,SEDENTARY,Fitbit App
2025-08-03T12:19:00Z,LIGHTLY_ACTIVE,Fitbit App
2025-08-03T12:20:00Z,SEDENTARY,Fitbit App
2025-08-03T12:21:00Z,LIGHTLY_ACTIVE,Fitbit App
2025-08-03T12:22:00Z,SEDENTARY,Fitbit App
2025-08-03T12:23:00Z,SEDENTARY,Fitbit App
2025-08-03T12:24:00Z,SEDENTARY,Fitbit App
2025-08-03T12:25:00Z,SEDENTARY,Fitbit App
2025-08-03T12:26:00Z,SEDENTARY,Fitbit App
2025-08-03T12:27:00Z,SEDENTARY,Fitbit App
2025-08-03T12:28:00Z,SEDENTARY,Fitbit App
2025-08-03T12:29:00Z,SEDENTARY,Fitbit App
2025-08-03T12:30:00Z,SEDENTARY,Fitbit App
2025-08-03T12:31:00Z,SEDENTARY,Fitbit App
2025-08-03T12:32:00Z,SEDENTARY,Fitbit App
2025-08-03T12:33:00Z,SEDENTARY,Fitbit App
2025-08-03T12:34:00Z,SEDENTARY,Fitbit App
2025-08-03T12:35:00Z,SEDENTARY,Fitbit App
2025-08-03T12:36:00Z,SEDENTARY,Fitbit App
2025-08-03T12:37:00Z,SEDENTARY,Fitbit App
2025-08-03T12:38:00Z,SEDENTARY,Fitbit App
2025-08-03T12:39:00Z,SEDENTARY,Fitbit App
2025-08-03T12:40:00Z,SEDENTARY,Fitbit App
2025-08-03T12:41:00Z,SEDENTARY,Fitbit App
2025-08-03T12:42:00Z,SEDENTARY,Fitbit App
2025-08-03T12:43:00Z,SEDENTARY,Fitbit App
2025-08-03T12:44:00Z,SEDENTARY,Fitbit App
2025-08-03T12:45:00Z,SEDENTARY,Fitbit App
2025-08-03T12:46:00Z,SEDENTARY,Fitbit App
2025-08-03T12:47:00Z,SEDENTARY,Fitbit App
2025-08-03T12:48:00Z,SEDENTARY,Fitbit App
2025-08-03T12:49:00Z,SEDENTARY,Fitbit App
2025-08-03T12:50:00Z,SEDENTARY,Fitbit App
2025-08-03T12:51:00Z,SEDENTARY,Fitbit App
2025-08-03T12:52:00Z,SEDENTARY,Fitbit App
2025-08-03T12:53:00Z,SEDENTARY,Fitbit App
2025-08-03T12:54:00Z,SEDENTARY,Fitbit App
2025-08-03T12:56:00Z,SEDENTARY,Fitbit App
2025-08-03T12:57:00Z,SEDENTARY,Fitbit App
2025-08-03T12:58:00Z,SEDENTARY,Fitbit App
2025-08-03T12:59:00Z,SEDENTARY,Fitbit App
2025-08-03T13:00:00Z,SEDENTARY,Fitbit App
2025-08-03T13:01:00Z,SEDENTARY,Fitbit App
2025-08-03T13:02:00Z,SEDENTARY,Fitbit App
2025-08-03T13:03:00Z,SEDENTARY,Fitbit App
2025-08-03T13:04:00Z,SEDENTARY,Fitbit App
2025-08-03T13:05:00Z,SEDENTARY,Fitbit App
2025-08-03T13:06:00Z,SEDENTARY,Fitbit App
2025-08-03T13:07:00Z,SEDENTARY,Fitbit App
2025-08-03T13:08:00Z,SEDENTARY,Fitbit App
2025-08-03T13:09:00Z,SEDENTARY,Fitbit App
2025-08-03T13:10:00Z,SEDENTARY,Fitbit App
2025-08-03T13:11:00Z,SEDENTARY,Fitbit App
2025-08-03T13:12:00Z,SEDENTARY,Fitbit App
2025-08-03T13:13:00Z,SEDENTARY,Fitbit App
2025-08-03T13:14:00Z,SEDENTARY,Fitbit App
2025-08-03T13:15:00Z,SEDENTARY,Fitbit App
2025-08-03T13:16:00Z,SEDENTARY,Fitbit App
2025-08-03T13:17:00Z,SEDENTARY,Fitbit App
2025-08-03T13:34:00Z,SEDENTARY,Fitbit App
2025-08-03T13:37:00Z,SEDENTARY,Fitbit App
2025-08-03T13:49:00Z,SEDENTARY,Fitbit App
2025-08-03T13:50:00Z,SEDENTARY,Fitbit App
2025-08-03T13:51:00Z,SEDENTARY,Fitbit App
2025-08-03T13:52:00Z,SEDENTARY,Fitbit App
2025-08-03T13:53:00Z,SEDENTARY,Fitbit App
2025-08-03T13:54:00Z,SEDENTARY,Fitbit App
2025-08-03T13:55:00Z,SEDENTARY,Fitbit App
2025-08-03T13:56:00Z,SEDENTARY,Fitbit App
2025-08-03T13:57:00Z,SEDENTARY,Fitbit App
2025-08-03T13:58:00Z,SEDENTARY,Fitbit App
2025-08-03T13:59:00Z,SEDENTARY,Fitbit App
2025-08-03T14:00:00Z,SEDENTARY,Fitbit App
2025-08-03T14:01:00Z,SEDENTARY,Fitbit App
2025-08-03T14:02:00Z,SEDENTARY,Fitbit App
2025-08-03T14:03:00Z,SEDENTARY,Fitbit App
2025-08-03T14:04:00Z,SEDENTARY,Fitbit App
2025-08-03T14:05:00Z,SEDENTARY,Fitbit App
2025-08-03T14:06:00Z,SEDENTARY,Fitbit App
2025-08-03T14:07:00Z,SEDENTARY,Fitbit App
2025-08-03T14:08:00Z,SEDENTARY,Fitbit App
2025-08-03T14:09:00Z,SEDENTARY,Fitbit App
2025-08-03T14:10:00Z,SEDENTARY,Fitbit App
2025-08-03T14:11:00Z,SEDENTARY,Fitbit App
2025-08-03T14:13:00Z,SEDENTARY,Fitbit App
2025-08-03T14:14:00Z,SEDENTARY,Fitbit App
2025-08-03T14:18:00Z,SEDENTARY,Fitbit App
2025-08-03T14:20:00Z,SEDENTARY,Fitbit App
2025-08-03T14:22:00Z,SEDENTARY,Fitbit App
2025-08-03T14:23:00Z,SEDENTARY,Fitbit App
2025-08-03T14:24:00Z,SEDENTARY,Fitbit App
2025-08-03T14:25:00Z,SEDENTARY,Fitbit App
2025-08-03T14:26:00Z,SEDENTARY,Fitbit App
2025-08-03T14:27:00Z,SEDENTARY,Fitbit App
2025-08-03T14:28:00Z,SEDENTARY,Fitbit App
2025-08-03T14:30:00Z,SEDENTARY,Fitbit App
2025-08-03T14:31:00Z,SEDENTARY,Fitbit App
2025-08-03T14:32:00Z,SEDENTARY,Fitbit App
2025-08-03T14:34:00Z,SEDENTARY,Fitbit App
2025-08-03T14:35:00Z,SEDENTARY,Fitbit App
2025-08-03T14:37:00Z,SEDENTARY,Fitbit App
2025-08-03T14:38:00Z,SEDENTARY,Fitbit App
2025-08-03T14:40:00Z,SEDENTARY,Fitbit App
2025-08-03T14:41:00Z,SEDENTARY,Fitbit App
2025-08-03T14:42:00Z,SEDENTARY,Fitbit App
2025-08-03T14:44:00Z,LIGHTLY_ACTIVE,Fitbit App
2025-08-03T14:45:00Z,SEDENTARY,Fitbit App
2025-08-03T14:46:00Z,SEDENTARY,Fitbit App
2025-08-03T14:47:00Z,LIGHTLY_ACTIVE,Fitbit App
2025-08-03T14:48:00Z,SEDENTARY,Fitbit App
2025-08-03T14:49:00Z,SEDENTARY,Fitbit App
2025-08-03T14:50:00Z,SEDENTARY,Fitbit App
2025-08-03T14:52:00Z,SEDENTARY,Fitbit App
2025-08-03T14:53:00Z,SEDENTARY,Fitbit App
2025-08-03T14:54:00Z,SEDENTARY,Fitbit App
2025-08-03T14:55:00Z,SEDENTARY,Fitbit App
2025-08-03T14:56:00Z,SEDENTARY,Fitbit App
2025-08-03T14:57:00Z,SEDENTARY,Fitbit App
2025-08-03T14:58:00Z,SEDENTARY,Fitbit App
2025-08-03T14:59:00Z,SEDENTARY,Fitbit App
2025-08-03T15:00:00Z,SEDENTARY,Fitbit App
2025-08-03T15:02:00Z,SEDENTARY,Fitbit App
2025-08-03T15:04:00Z,SEDENTARY,Fitbit App
2025-08-03T15:07:00Z,SEDENTARY,Fitbit App
2025-08-03T15:16:00Z,SEDENTARY,Fitbit App
2025-08-03T15:17:00Z,SEDENTARY,Fitbit App
2025-08-03T15:18:00Z,SEDENTARY,Fitbit App
2025-08-03T15:20:00Z,SEDENTARY,Fitbit App
2025-08-03T15:21:00Z,SEDENTARY,Fitbit App
2025-08-03T15:22:00Z,SEDENTARY,Fitbit App
2025-08-03T15:26:00Z,SEDENTARY,Fitbit App
2025-08-03T15:31:00Z,SEDENTARY,Fitbit App
2025-08-03T15:37:00Z,SEDENTARY,Fitbit App
2025-08-03T15:38:00Z,SEDENTARY,Fitbit App
2025-08-03T15:39:00Z,SEDENTARY,Fitbit App
2025-08-03T15:40:00Z,LIGHTLY_ACTIVE,Fitbit App
2025-08-03T15:41:00Z,SEDENTARY,Fitbit App
2025-08-03T15:42:00Z,SEDENTARY,Fitbit App
2025-08-03T15:44:00Z,SEDENTARY,Fitbit App
2025-08-03T15:45:00Z,SEDENTARY,Fitbit App
2025-08-03T15:47:00Z,SEDENTARY,Fitbit App
2025-08-03T15:50:00Z,SEDENTARY,Fitbit App
2025-08-03T15:51:00Z,SEDENTARY,Fitbit App
2025-08-03T15:55:00Z,LIGHTLY_ACTIVE,Fitbit App
2025-08-03T15:56:00Z,LIGHTLY_ACTIVE,Fitbit App
2025-08-03T15:57:00Z,LIGHTLY_ACTIVE,Fitbit App
2025-08-03T15:58:00Z,MODERATELY_ACTIVE,Fitbit App
2025-08-03T15:59:00Z,MODERATELY_ACTIVE,Fitbit App
2025-08-03T16:00:00Z,MODERATELY_ACTIVE,Fitbit App
2025-08-03T16:01:00Z,LIGHTLY_ACTIVE,Fitbit App
2025-08-03T16:02:00Z,SEDENTARY,Fitbit App
2025-08-03T16:03:00Z,SEDENTARY,Fitbit App
2025-08-03T16:04:00Z,SEDENTARY,Fitbit App
2025-08-03T16:05:00Z,LIGHTLY_ACTIVE,Fitbit App
2025-08-03T16:06:00Z,LIGHTLY_ACTIVE,Fitbit App
2025-08-03T16:07:00Z,SEDENTARY,Fitbit App
2025-08-03T16:08:00Z,SEDENTARY,Fitbit App
2025-08-03T16:09:00Z,SEDENTARY,Fitbit App
2025-08-03T16:10:00Z,SEDENTARY,Fitbit App
2025-08-03T16:12:00Z,LIGHTLY_ACTIVE,Fitbit App
2025-08-03T16:13:00Z,SEDENTARY,Fitbit App
2025-08-03T16:14:00Z,SEDENTARY,Fitbit App
2025-08-03T16:15:00Z,SEDENTARY,Fitbit App
2025-08-03T16:16:00Z,LIGHTLY_ACTIVE,Fitbit App
2025-08-03T16:17:00Z,LIGHTLY_ACTIVE,Fitbit App
2025-08-03T16:18:00Z,SEDENTARY,Fitbit App
2025-08-03T16:19:00Z,SEDENTARY,Fitbit App
2025-08-03T16:20:00Z,SEDENTARY,Fitbit App
2025-08-03T16:21:00Z,SEDENTARY,Fitbit App
2025-08-03T16:22:00Z,SEDENTARY,Fitbit App
2025-08-03T16:23:00Z,SEDENTARY,Fitbit App
2025-08-03T16:25:00Z,SEDENTARY,Fitbit App
2025-08-03T16:27:00Z,SEDENTARY,Fitbit App
2025-08-03T16:28:00Z,SEDENTARY,Fitbit App
2025-08-03T16:29:00Z,SEDENTARY,Fitbit App
2025-08-03T16:30:00Z,SEDENTARY,Fitbit App
2025-08-03T16:31:00Z,SEDENTARY,Fitbit App
2025-08-03T16:32:00Z,SEDENTARY,Fitbit App
2025-08-03T16:33:00Z,SEDENTARY,Fitbit App
2025-08-03T16:35:00Z,SEDENTARY,Fitbit App
2025-08-03T16:36:00Z,SEDENTARY,Fitbit App
2025-08-03T16:38:00Z,SEDENTARY,Fitbit App
2025-08-03T16:39:00Z,SEDENTARY,Fitbit App
2025-08-03T16:40:00Z,SEDENTARY,Fitbit App
2025-08-03T16:41:00Z,SEDENTARY,Fitbit App
2025-08-03T16:42:00Z,SEDENTARY,Fitbit App
2025-08-03T16:43:00Z,SEDENTARY,Fitbit App
2025-08-03T16:44:00Z,SEDENTARY,Fitbit App
2025-08-03T16:45:00Z,SEDENTARY,Fitbit App
2025-08-03T16:46:00Z,SEDENTARY,Fitbit App
2025-08-03T16:47:00Z,SEDENTARY,Fitbit App
2025-08-03T16:48:00Z,SEDENTARY,Fitbit App
2025-08-03T16:49:00Z,SEDENTARY,Fitbit App
2025-08-03T16:50:00Z,SEDENTARY,Fitbit App
2025-08-03T16:51:00Z,SEDENTARY,Fitbit App
2025-08-03T16:52:00Z,SEDENTARY,Fitbit App
2025-08-03T16:53:00Z,SEDENTARY,Fitbit App
2025-08-03T16:54:00Z,SEDENTARY,Fitbit App
2025-08-03T16:55:00Z,SEDENTARY,Fitbit App
2025-08-03T16:56:00Z,SEDENTARY,Fitbit App
2025-08-03T16:57:00Z,SEDENTARY,Fitbit App
2025-08-03T16:58:00Z,SEDENTARY,Fitbit App
2025-08-03T16:59:00Z,SEDENTARY,Fitbit App
2025-08-03T17:00:00Z,SEDENTARY,Fitbit App
2025-08-03T17:01:00Z,SEDENTARY,Fitbit App
2025-08-03T17:02:00Z,SEDENTARY,Fitbit App
2025-08-03T17:03:00Z,SEDENTARY,Fitbit App
2025-08-03T17:04:00Z,SEDENTARY,Fitbit App
2025-08-03T17:05:00Z,SEDENTARY,Fitbit App
2025-08-03T17:06:00Z,SEDENTARY,Fitbit App
2025-08-03T17:07:00Z,SEDENTARY,Fitbit App
2025-08-03T17:08:00Z,SEDENTARY,Fitbit App
2025-08-03T17:09:00Z,SEDENTARY,Fitbit App
2025-08-03T17:12:00Z,SEDENTARY,Fitbit App
2025-08-03T17:13:00Z,SEDENTARY,Fitbit App
2025-08-03T17:14:00Z,SEDENTARY,Fitbit App
2025-08-03T17:15:00Z,SEDENTARY,Fitbit App
2025-08-03T17:16:00Z,SEDENTARY,Fitbit App
2025-08-03T17:17:00Z,SEDENTARY,Fitbit App
2025-08-03T17:18:00Z,SEDENTARY,Fitbit App
2025-08-03T17:19:00Z,SEDENTARY,Fitbit App
2025-08-03T17:20:00Z,SEDENTARY,Fitbit App
2025-08-03T17:21:00Z,SEDENTARY,Fitbit App
2025-08-03T17:22:00Z,SEDENTARY,Fitbit App
2025-08-03T17:23:00Z,SEDENTARY,Fitbit App
2025-08-03T17:24:00Z,SEDENTARY,Fitbit App
2025-08-03T17:25:00Z,SEDENTARY,Fitbit App
2025-08-03T17:26:00Z,SEDENTARY,Fitbit App
2025-08-03T17:27:00Z,SEDENTARY,Fitbit App
2025-08-03T17:28:00Z,SEDENTARY,Fitbit App
2025-08-03T17:29:00Z,SEDENTARY,Fitbit App
2025-08-03T17:30:00Z,SEDENTARY,Fitbit App
2025-08-03T17:31:00Z,SEDENTARY,Fitbit App
2025-08-03T17:32:00Z,SEDENTARY,Fitbit App
2025-08-03T17:33:00Z,SEDENTARY,Fitbit App
2025-08-03T17:34:00Z,SEDENTARY,Fitbit App
2025-08-03T17:35:00Z,SEDENTARY,Fitbit App
2025-08-03T17:36:00Z,SEDENTARY,Fitbit App
2025-08-03T17:37:00Z,SEDENTARY,Fitbit App
2025-08-03T17:38:00Z,SEDENTARY,Fitbit App
2025-08-03T17:39:00Z,SEDENTARY,Fitbit App
2025-08-03T17:40:00Z,SEDENTARY,Fitbit App
2025-08-03T17:41:00Z,SEDENTARY,Fitbit App
2025-08-03T17:42:00Z,SEDENTARY,Fitbit App
2025-08-03T17:43:00Z,SEDENTARY,Fitbit App
2025-08-03T17:44:00Z,SEDENTARY,Fitbit App
2025-08-03T17:45:00Z,SEDENTARY,Fitbit App
2025-08-03T17:46:00Z,SEDENTARY,Fitbit App
2025-08-03T17:47:00Z,SEDENTARY,Fitbit App
2025-08-03T17:48:00Z,SEDENTARY,Fitbit App
2025-08-03T17:49:00Z,SEDENTARY,Fitbit App
2025-08-03T17:50:00Z,SEDENTARY,Fitbit App
2025-08-03T17:51:00Z,SEDENTARY,Fitbit App
2025-08-03T17:52:00Z,SEDENTARY,Fitbit App
2025-08-03T17:53:00Z,SEDENTARY,Fitbit App
2025-08-03T17:54:00Z,SEDENTARY,Fitbit App
2025-08-03T17:55:00Z,SEDENTARY,Fitbit App
2025-08-03T17:56:00Z,SEDENTARY,Fitbit App
2025-08-03T17:57:00Z,SEDENTARY,Fitbit App
2025-08-03T17:58:00Z,SEDENTARY,Fitbit App
2025-08-03T17:59:00Z,SEDENTARY,Fitbit App
2025-08-03T18:00:00Z,SEDENTARY,Fitbit App
2025-08-03T18:01:00Z,SEDENTARY,Fitbit App
2025-08-03T18:02:00Z,SEDENTARY,Fitbit App
2025-08-03T18:03:00Z,SEDENTARY,Fitbit App
2025-08-03T18:04:00Z,SEDENTARY,Fitbit App
2025-08-03T18:05:00Z,SEDENTARY,Fitbit App
2025-08-03T18:06:00Z,SEDENTARY,Fitbit App
2025-08-03T18:07:00Z,SEDENTARY,Fitbit App
2025-08-03T18:08:00Z,SEDENTARY,Fitbit App
2025-08-03T18:09:00Z,SEDENTARY,Fitbit App
2025-08-03T18:10:00Z,SEDENTARY,Fitbit App
2025-08-03T18:11:00Z,SEDENTARY,Fitbit App
2025-08-03T18:12:00Z,SEDENTARY,Fitbit App
2025-08-03T18:13:00Z,SEDENTARY,Fitbit App
2025-08-03T18:14:00Z,SEDENTARY,Fitbit App
2025-08-03T18:15:00Z,SEDENTARY,Fitbit App
2025-08-03T18:16:00Z,SEDENTARY,Fitbit App
2025-08-03T18:17:00Z,SEDENTARY,Fitbit App
2025-08-03T18:18:00Z,SEDENTARY,Fitbit App
2025-08-03T18:19:00Z,SEDENTARY,Fitbit App
2025-08-03T18:20:00Z,SEDENTARY,Fitbit App
2025-08-03T18:21:00Z,SEDENTARY,Fitbit App
2025-08-03T18:22:00Z,SEDENTARY,Fitbit App
2025-08-03T18:23:00Z,SEDENTARY,Fitbit App
2025-08-03T18:24:00Z,SEDENTARY,Fitbit App
2025-08-03T18:25:00Z,SEDENTARY,Fitbit App
2025-08-03T18:26:00Z,SEDENTARY,Fitbit App
2025-08-03T18:27:00Z,SEDENTARY,Fitbit App
2025-08-03T18:28:00Z,SEDENTARY,Fitbit App
2025-08-03T18:29:00Z,SEDENTARY,Fitbit App
2025-08-03T18:30:00Z,SEDENTARY,Fitbit App
2025-08-03T18:31:00Z,SEDENTARY,Fitbit App
2025-08-03T18:32:00Z,SEDENTARY,Fitbit App
2025-08-03T18:33:00Z,SEDENTARY,Fitbit App
2025-08-03T18:34:00Z,SEDENTARY,Fitbit App
2025-08-03T18:35:00Z,SEDENTARY,Fitbit App
2025-08-03T18:36:00Z,SEDENTARY,Fitbit App
2025-08-03T18:37:00Z,SEDENTARY,Fitbit App
2025-08-03T18:38:00Z,SEDENTARY,Fitbit App
2025-08-03T18:39:00Z,SEDENTARY,Fitbit App
2025-08-03T18:40:00Z,SEDENTARY,Fitbit App
2025-08-03T18:41:00Z,SEDENTARY,Fitbit App
2025-08-03T18:42:00Z,SEDENTARY,Fitbit App
2025-08-03T18:43:00Z,SEDENTARY,Fitbit App
2025-08-03T18:44:00Z,SEDENTARY,Fitbit App
2025-08-03T18:45:00Z,SEDENTARY,Fitbit App
2025-08-03T18:46:00Z,SEDENTARY,Fitbit App
2025-08-03T18:47:00Z,SEDENTARY,Fitbit App
2025-08-03T18:48:00Z,SEDENTARY,Fitbit App
2025-08-03T18:49:00Z,SEDENTARY,Fitbit App
2025-08-03T18:50:00Z,SEDENTARY,Fitbit App
2025-08-03T18:51:00Z,SEDENTARY,Fitbit App
2025-08-03T18:52:00Z,SEDENTARY,Fitbit App
2025-08-03T18:53:00Z,SEDENTARY,Fitbit App
2025-08-03T18:54:00Z,SEDENTARY,Fitbit App
2025-08-03T18:55:00Z,SEDENTARY,Fitbit App
2025-08-03T18:56:00Z,SEDENTARY,Fitbit App
2025-08-03T18:57:00Z,SEDENTARY,Fitbit App
2025-08-03T18:58:00Z,LIGHTLY_ACTIVE,Fitbit App
2025-08-03T18:59:00Z,SEDENTARY,Fitbit App
2025-08-03T19:00:00Z,SEDENTARY,Fitbit App
2025-08-03T19:01:00Z,SEDENTARY,Fitbit App
2025-08-03T19:02:00Z,SEDENTARY,Fitbit App
2025-08-03T19:03:00Z,SEDENTARY,Fitbit App
2025-08-03T19:04:00Z,SEDENTARY,Fitbit App
2025-08-03T19:05:00Z,SEDENTARY,Fitbit App
2025-08-03T19:06:00Z,SEDENTARY,Fitbit App
2025-08-03T19:07:00Z,SEDENTARY,Fitbit App
2025-08-03T19:08:00Z,SEDENTARY,Fitbit App
2025-08-03T19:09:00Z,SEDENTARY,Fitbit App
2025-08-03T19:10:00Z,SEDENTARY,Fitbit App
2025-08-03T19:11:00Z,SEDENTARY,Fitbit App
2025-08-03T19:12:00Z,SEDENTARY,Fitbit App
2025-08-03T19:13:00Z,SEDENTARY,Fitbit App
2025-08-03T19:14:00Z,SEDENTARY,Fitbit App
2025-08-03T19:15:00Z,SEDENTARY,Fitbit App
2025-08-03T19:16:00Z,SEDENTARY,Fitbit App
2025-08-03T19:17:00Z,LIGHTLY_ACTIVE,Fitbit App
2025-08-03T19:18:00Z,LIGHTLY_ACTIVE,Fitbit App
2025-08-03T19:19:00Z,LIGHTLY_ACTIVE,Fitbit App
2025-08-03T19:20:00Z,SEDENTARY,Fitbit App
2025-08-03T19:21:00Z,SEDENTARY,Fitbit App
2025-08-03T19:22:00Z,SEDENTARY,Fitbit App
2025-08-03T19:23:00Z,SEDENTARY,Fitbit App
2025-08-03T21:06:00Z,SEDENTARY,Fitbit App
2025-08-03T21:07:00Z,SEDENTARY,Fitbit App
2025-08-04T03:12:29Z,LIGHTLY_ACTIVE,Fitbit App
2025-08-04T03:13:29Z,MODERATELY_ACTIVE,Fitbit App
2025-08-04T03:14:29Z,MODERATELY_ACTIVE,Fitbit App
2025-08-04T03:23:29Z,LIGHTLY_ACTIVE,Fitbit App
2025-08-04T03:24:29Z,MODERATELY_ACTIVE,Fitbit App
2025-08-04T03:25:29Z,MODERATELY_ACTIVE,Fitbit App
2025-08-04T03:26:29Z,MODERATELY_ACTIVE,Fitbit App
2025-08-04T03:58:29Z,LIGHTLY_ACTIVE,Fitbit App
2025-08-04T03:59:29Z,MODERATELY_ACTIVE,Fitbit App
2025-08-04T04:00:29Z,VERY_ACTIVE,Fitbit App
2025-08-04T04:06:29Z,LIGHTLY_ACTIVE,Fitbit App
2025-08-04T04:07:29Z,MODERATELY_ACTIVE,Fitbit App
2025-08-04T04:08:29Z,MODERATELY_ACTIVE,Fitbit App
2025-08-04T08:04:00Z,LIGHTLY_ACTIVE,Fitbit App
2025-08-04T08:05:00Z,LIGHTLY_ACTIVE,Fitbit App
2025-08-04T08:06:00Z,VERY_ACTIVE,Fitbit App
2025-08-04T08:07:00Z,LIGHTLY_ACTIVE,Fitbit App
2025-08-04T08:08:00Z,SEDENTARY,Fitbit App
2025-08-04T08:09:00Z,SEDENTARY,Fitbit App
2025-08-04T08:10:00Z,SEDENTARY,Fitbit App
2025-08-04T08:11:00Z,SEDENTARY,Fitbit App
2025-08-04T08:14:00Z,SEDENTARY,Fitbit App
2025-08-04T08:15:00Z,SEDENTARY,Fitbit App
2025-08-04T08:16:00Z,SEDENTARY,Fitbit App
2025-08-04T08:17:00Z,MODERATELY_ACTIVE,Fitbit App
2025-08-04T08:18:00Z,LIGHTLY_ACTIVE,Fitbit App
2025-08-04T08:19:00Z,MODERATELY_ACTIVE,Fitbit App
2025-08-04T08:20:00Z,VERY_ACTIVE,Fitbit App
2025-08-04T08:21:00Z,MODERATELY_ACTIVE,Fitbit App
2025-08-04T08:22:00Z,LIGHTLY_ACTIVE,Fitbit App
2025-08-04T08:23:00Z,SEDENTARY,Fitbit App
2025-08-04T08:24:00Z,MODERATELY_ACTIVE,Fitbit App
2025-08-04T08:25:00Z,VERY_ACTIVE,Fitbit App
2025-08-04T08:26:00Z,VERY_ACTIVE,Fitbit App
2025-08-04T08:27:00Z,VERY_ACTIVE,Fitbit App
2025-08-04T08:28:00Z,VERY_ACTIVE,Fitbit App
2025-08-04T08:29:00Z,VERY_ACTIVE,Fitbit App
2025-08-04T08:30:00Z,VERY_ACTIVE,Fitbit App
2025-08-04T08:31:00Z,MODERATELY_ACTIVE,Fitbit App
2025-08-04T08:32:00Z,VERY_ACTIVE,Fitbit App
2025-08-04T08:33:00Z,MODERATELY_ACTIVE,Fitbit App
2025-08-04T08:34:00Z,MODERATELY_ACTIVE,Fitbit App
2025-08-04T08:35:00Z,LIGHTLY_ACTIVE,Fitbit App
2025-08-04T08:36:00Z,MODERATELY_ACTIVE,Fitbit App
2025-08-04T08:37:00Z,LIGHTLY_ACTIVE,Fitbit App
2025-08-04T08:38:00Z,SEDENTARY,Fitbit App
2025-08-04T10:57:49Z,LIGHTLY_ACTIVE,Fitbit App
2025-08-04T10:58:49Z,LIGHTLY_ACTIVE,Fitbit App
2025-08-04T10:59:49Z,MODERATELY_ACTIVE,Fitbit App
2025-08-04T11:00:49Z,MODERATELY_ACTIVE,Fitbit App
2025-08-04T11:01:49Z,MODERATELY_ACTIVE,Fitbit App
2025-08-04T11:02:49Z,MODERATELY_ACTIVE,Fitbit App
2025-08-04T11:03:49Z,LIGHTLY_ACTIVE,Fitbit App
2025-08-04T12:15:49Z,LIGHTLY_ACTIVE,Fitbit App
2025-08-04T12:16:49Z,MODERATELY_ACTIVE,Fitbit App
2025-08-04T12:17:49Z,MODERATELY_ACTIVE,Fitbit App
2025-08-04T12:18:49Z,MODERATELY_ACTIVE,Fitbit App
2025-08-04T12:19:49Z,MODERATELY_ACTIVE,Fitbit App
2025-08-04T14:32:00Z,SEDENTARY,Fitbit App
2025-08-04T14:33:00Z,MODERATELY_ACTIVE,Fitbit App
2025-08-04T14:34:00Z,LIGHTLY_ACTIVE,Fitbit App
2025-08-04T14:35:00Z,MODERATELY_ACTIVE,Fitbit App
2025-08-04T14:36:00Z,LIGHTLY_ACTIVE,Fitbit App
2025-08-04T14:37:00Z,LIGHTLY_ACTIVE,Fitbit App
2025-08-04T14:38:00Z,LIGHTLY_ACTIVE,Fitbit App
2025-08-04T14:39:00Z,SEDENTARY,Fitbit App
2025-08-04T14:40:00Z,LIGHTLY_ACTIVE,Fitbit App
2025-08-04T14:41:00Z,LIGHTLY_ACTIVE,Fitbit App
2025-08-04T14:42:00Z,VERY_ACTIVE,Fitbit App
2025-08-04T14:43:00Z,MODERATELY_ACTIVE,Fitbit App
2025-08-04T14:44:00Z,VERY_ACTIVE,Fitbit App
2025-08-04T14:45:00Z,MODERATELY_ACTIVE,Fitbit App
2025-08-04T14:46:00Z,LIGHTLY_ACTIVE,Fitbit App
2025-08-04T14:47:00Z,LIGHTLY_ACTIVE,Fitbit App
2025-08-04T14:48:00Z,LIGHTLY_ACTIVE,Fitbit App
2025-08-04T14:51:00Z,SEDENTARY,Fitbit App
2025-08-04T14:53:00Z,LIGHTLY_ACTIVE,Fitbit App
2025-08-04T14:54:00Z,LIGHTLY_ACTIVE,Fitbit App
2025-08-04T14:55:00Z,LIGHTLY_ACTIVE,Fitbit App
2025-08-04T14:56:00Z,SEDENTARY,Fitbit App
2025-08-04T14:59:00Z,LIGHTLY_ACTIVE,Fitbit App
2025-08-04T15:00:00Z,SEDENTARY,Fitbit App
2025-08-04T15:11:00Z,VERY_ACTIVE,Fitbit App
2025-08-04T15:12:00Z,VERY_ACTIVE,Fitbit App
2025-08-04T20:09:49Z,LIGHTLY_ACTIVE,Fitbit App
2025-08-04T20:10:49Z,VERY_ACTIVE,Fitbit App
2025-08-04T20:11:49Z,VERY_ACTIVE,Fitbit App
2025-08-04T20:12:49Z,LIGHTLY_ACTIVE,Fitbit App
2025-08-04T20:13:49Z,LIGHTLY_ACTIVE,Fitbit App
2025-08-04T20:14:49Z,VERY_ACTIVE,Fitbit App
2025-08-04T20:15:49Z,VERY_ACTIVE,Fitbit App
2025-08-04T20:16:49Z,MODERATELY_ACTIVE,Fitbit App
2025-08-04T21:09:00Z,SEDENTARY,Fitbit App
2025-08-05T06:32:00Z,SEDENTARY,Fitbit App
2025-08-05T08:24:49Z,LIGHTLY_ACTIVE,Fitbit App
2025-08-05T08:25:49Z,MODERATELY_ACTIVE,Fitbit App
2025-08-05T08:26:49Z,MODERATELY_ACTIVE,Fitbit App
2025-08-05T08:28:49Z,LIGHTLY_ACTIVE,Fitbit App
2025-08-05T08:29:49Z,LIGHTLY_ACTIVE,Fitbit App
2025-08-05T08:30:49Z,LIGHTLY_ACTIVE,Fitbit App
2025-08-05T08:36:49Z,LIGHTLY_ACTIVE,Fitbit App
2025-08-05T08:37:49Z,LIGHTLY_ACTIVE,Fitbit App
2025-08-05T08:38:49Z,MODERATELY_ACTIVE,Fitbit App
2025-08-05T08:39:49Z,MODERATELY_ACTIVE,Fitbit App
2025-08-05T11:15:49Z,SEDENTARY,Fitbit App
2025-08-05T11:16:49Z,LIGHTLY_ACTIVE,Fitbit App
2025-08-05T11:17:49Z,VERY_ACTIVE,Fitbit App
2025-08-05T11:18:49Z,LIGHTLY_ACTIVE,Fitbit App
2025-08-05T11:19:49Z,VERY_ACTIVE,Fitbit App
2025-08-05T11:20:49Z,MODERATELY_ACTIVE,Fitbit App
2025-08-05T11:21:49Z,VERY_ACTIVE,Fitbit App
2025-08-05T11:22:49Z,VERY_ACTIVE,Fitbit App
2025-08-05T11:23:49Z,MODERATELY_ACTIVE,Fitbit App
2025-08-05T11:24:49Z,MODERATELY_ACTIVE,Fitbit App
2025-08-05T11:25:49Z,MODERATELY_ACTIVE,Fitbit App
2025-08-05T11:26:49Z,VERY_ACTIVE,Fitbit App
2025-08-05T11:27:49Z,VERY_ACTIVE,Fitbit App
2025-08-05T11:28:49Z,VERY_ACTIVE,Fitbit App
2025-08-05T11:29:49Z,VERY_ACTIVE,Fitbit App
2025-08-05T11:30:49Z,LIGHTLY_ACTIVE,Fitbit App
2025-08-05T11:31:49Z,VERY_ACTIVE,Fitbit App
2025-08-05T11:32:49Z,MODERATELY_ACTIVE,Fitbit App
2025-08-05T11:33:49Z,LIGHTLY_ACTIVE,Fitbit App
2025-08-05T11:37:49Z,LIGHTLY_ACTIVE,Fitbit App
2025-08-05T11:38:49Z,LIGHTLY_ACTIVE,Fitbit App
2025-08-05T11:39:49Z,MODERATELY_ACTIVE,Fitbit App
2025-08-05T11:40:49Z,MODERATELY_ACTIVE,Fitbit App
2025-08-05T15:24:49Z,MODERATELY_ACTIVE,Fitbit App
2025-08-05T15:25:49Z,MODERATELY_ACTIVE,Fitbit App
2025-08-05T15:26:49Z,LIGHTLY_ACTIVE,Fitbit App
2025-08-05T15:27:49Z,MODERATELY_ACTIVE,Fitbit App
2025-08-05T15:32:49Z,LIGHTLY_ACTIVE,Fitbit App
2025-08-05T15:33:49Z,LIGHTLY_ACTIVE,Fitbit App
2025-08-05T15:34:49Z,LIGHTLY_ACTIVE,Fitbit App
2025-08-05T15:36:49Z,SEDENTARY,Fitbit App
2025-08-05T15:37:49Z,LIGHTLY_ACTIVE,Fitbit App
2025-08-05T15:38:49Z,MODERATELY_ACTIVE,Fitbit App
2025-08-05T15:39:49Z,VERY_ACTIVE,Fitbit App
2025-08-05T15:40:49Z,MODERATELY_ACTIVE,Fitbit App
2025-08-05T15:41:49Z,SEDENTARY,Fitbit App
2025-08-05T15:42:49Z,LIGHTLY_ACTIVE,Fitbit App
2025-08-05T15:43:49Z,VERY_ACTIVE,Fitbit App
2025-08-05T15:44:49Z,LIGHTLY_ACTIVE,Fitbit App
2025-08-05T15:45:49Z,LIGHTLY_ACTIVE,Fitbit App
2025-08-05T15:46:49Z,VERY_ACTIVE,Fitbit App
2025-08-05T15:47:49Z,VERY_ACTIVE,Fitbit App
2025-08-05T15:48:49Z,VERY_ACTIVE,Fitbit App
2025-08-05T15:49:49Z,VERY_ACTIVE,Fitbit App
2025-08-05T15:50:49Z,VERY_ACTIVE,Fitbit App
2025-08-05T15:51:49Z,VERY_ACTIVE,Fitbit App
2025-08-05T15:52:49Z,VERY_ACTIVE,Fitbit App
2025-08-05T15:53:49Z,VERY_ACTIVE,Fitbit App
2025-08-05T15:54:49Z,VERY_ACTIVE,Fitbit App
2025-08-05T15:55:49Z,VERY_ACTIVE,Fitbit App
2025-08-05T15:56:49Z,VERY_ACTIVE,Fitbit App
2025-08-05T15:57:49Z,VERY_ACTIVE,Fitbit App
2025-08-05T15:58:49Z,VERY_ACTIVE,Fitbit App
2025-08-05T15:59:49Z,VERY_ACTIVE,Fitbit App
2025-08-05T16:00:49Z,VERY_ACTIVE,Fitbit App
2025-08-05T17:47:00Z,SEDENTARY,Fitbit App
2025-08-06T08:14:49Z,SEDENTARY,Fitbit App
2025-08-06T08:15:49Z,LIGHTLY_ACTIVE,Fitbit App
2025-08-06T08:16:49Z,VERY_ACTIVE,Fitbit App
2025-08-06T08:17:49Z,LIGHTLY_ACTIVE,Fitbit App
2025-08-06T08:28:49Z,LIGHTLY_ACTIVE,Fitbit App
2025-08-06T08:29:49Z,MODERATELY_ACTIVE,Fitbit App
2025-08-06T08:30:49Z,MODERATELY_ACTIVE,Fitbit App
2025-08-06T08:31:49Z,MODERATELY_ACTIVE,Fitbit App
2025-08-06T09:11:00Z,SEDENTARY,Fitbit App
2025-08-06T09:32:00Z,SEDENTARY,Fitbit App
2025-08-06T09:33:00Z,SEDENTARY,Fitbit App
2025-08-06T09:34:00Z,SEDENTARY,Fitbit App
2025-08-06T09:35:00Z,SEDENTARY,Fitbit App
2025-08-06T09:36:00Z,SEDENTARY,Fitbit App
2025-08-06T09:37:00Z,SEDENTARY,Fitbit App
2025-08-06T09:38:00Z,SEDENTARY,Fitbit App
2025-08-06T09:42:00Z,SEDENTARY,Fitbit App
2025-08-06T09:43:00Z,SEDENTARY,Fitbit App
2025-08-06T09:44:00Z,SEDENTARY,Fitbit App
2025-08-06T09:45:00Z,SEDENTARY,Fitbit App
2025-08-06T09:46:00Z,SEDENTARY,Fitbit App
2025-08-06T09:50:00Z,SEDENTARY,Fitbit App
2025-08-06T09:51:00Z,SEDENTARY,Fitbit App
2025-08-06T09:57:00Z,SEDENTARY,Fitbit App
2025-08-06T09:58:00Z,SEDENTARY,Fitbit App
2025-08-06T09:59:00Z,SEDENTARY,Fitbit App
2025-08-06T10:01:00Z,SEDENTARY,Fitbit App
2025-08-06T10:04:00Z,SEDENTARY,Fitbit App
2025-08-06T10:06:00Z,SEDENTARY,Fitbit App
2025-08-06T10:07:00Z,SEDENTARY,Fitbit App
2025-08-06T10:11:00Z,SEDENTARY,Fitbit App
2025-08-06T10:15:00Z,SEDENTARY,Fitbit App
2025-08-06T10:16:00Z,SEDENTARY,Fitbit App
2025-08-06T10:37:00Z,SEDENTARY,Fitbit App
2025-08-06T10:40:00Z,SEDENTARY,Fitbit App
2025-08-06T10:41:00Z,SEDENTARY,Fitbit App
2025-08-06T10:42:00Z,SEDENTARY,Fitbit App
2025-08-06T10:48:00Z,SEDENTARY,Fitbit App
2025-08-06T10:49:00Z,SEDENTARY,Fitbit App
2025-08-06T10:50:00Z,SEDENTARY,Fitbit App
2025-08-06T10:51:00Z,SEDENTARY,Fitbit App
2025-08-06T10:52:00Z,SEDENTARY,Fitbit App
2025-08-06T11:45:00Z,SEDENTARY,Fitbit App
2025-08-06T11:47:00Z,SEDENTARY,Fitbit App
2025-08-06T11:53:00Z,SEDENTARY,Fitbit App
2025-08-06T11:57:00Z,SEDENTARY,Fitbit App
2025-08-06T11:58:00Z,SEDENTARY,Fitbit App
2025-08-06T12:03:00Z,SEDENTARY,Fitbit App
2025-08-06T12:04:00Z,SEDENTARY,Fitbit App
2025-08-06T12:05:00Z,SEDENTARY,Fitbit App
2025-08-06T12:58:00Z,SEDENTARY,Fitbit App
2025-08-06T14:09:00Z,MODERATELY_ACTIVE,Fitbit App
2025-08-06T14:10:00Z,MODERATELY_ACTIVE,Fitbit App
2025-08-06T14:13:00Z,VERY_ACTIVE,Fitbit App
2025-08-06T14:22:00Z,VERY_ACTIVE,Fitbit App
2025-08-06T14:29:00Z,VERY_ACTIVE,Fitbit App
2025-08-06T14:31:00Z,VERY_ACTIVE,Fitbit App
2025-08-06T14:32:00Z,VERY_ACTIVE,Fitbit App
2025-08-06T14:33:00Z,MODERATELY_ACTIVE,Fitbit App
2025-08-06T14:34:00Z,LIGHTLY_ACTIVE,Fitbit App
2025-08-06T14:36:00Z,SEDENTARY,Fitbit App
2025-08-06T14:41:00Z,SEDENTARY,Fitbit App
2025-08-06T14:42:00Z,SEDENTARY,Fitbit App
2025-08-06T14:44:00Z,SEDENTARY,Fitbit App
2025-08-06T14:47:00Z,SEDENTARY,Fitbit App
2025-08-06T14:49:00Z,SEDENTARY,Fitbit App
2025-08-06T14:58:00Z,SEDENTARY,Fitbit App
2025-08-06T15:19:00Z,SEDENTARY,Fitbit App
2025-08-06T15:20:00Z,SEDENTARY,Fitbit App
2025-08-06T15:33:00Z,SEDENTARY,Fitbit App
2025-08-06T15:36:00Z,SEDENTARY,Fitbit App
2025-08-06T15:40:00Z,SEDENTARY,Fitbit App
2025-08-06T15:41:00Z,SEDENTARY,Fitbit App
2025-08-06T15:43:00Z,SEDENTARY,Fitbit App
2025-08-06T15:45:00Z,SEDENTARY,Fitbit App
2025-08-06T15:49:00Z,SEDENTARY,Fitbit App
2025-08-06T15:50:00Z,MODERATELY_ACTIVE,Fitbit App
2025-08-06T15:54:00Z,SEDENTARY,Fitbit App
2025-08-06T15:58:00Z,SEDENTARY,Fitbit App
2025-08-06T16:02:00Z,SEDENTARY,Fitbit App
2025-08-06T16:11:00Z,SEDENTARY,Fitbit App
2025-08-06T16:13:00Z,LIGHTLY_ACTIVE,Fitbit App
2025-08-06T16:14:00Z,SEDENTARY,Fitbit App
2025-08-06T16:15:00Z,SEDENTARY,Fitbit App
2025-08-06T16:16:00Z,SEDENTARY,Fitbit App
2025-08-06T16:17:00Z,SEDENTARY,Fitbit App
2025-08-06T16:18:00Z,LIGHTLY_ACTIVE,Fitbit App
2025-08-06T16:20:00Z,SEDENTARY,Fitbit App
2025-08-06T16:21:00Z,SEDENTARY,Fitbit App
2025-08-06T16:22:00Z,SEDENTARY,Fitbit App
2025-08-06T16:28:00Z,SEDENTARY,Fitbit App
2025-08-06T16:33:00Z,SEDENTARY,Fitbit App
2025-08-06T16:36:00Z,SEDENTARY,Fitbit App
2025-08-06T16:37:00Z,SEDENTARY,Fitbit App
2025-08-06T16:42:00Z,SEDENTARY,Fitbit App
2025-08-06T16:43:00Z,SEDENTARY,Fitbit App
2025-08-06T16:44:00Z,SEDENTARY,Fitbit App
2025-08-06T16:49:00Z,SEDENTARY,Fitbit App
2025-08-06T16:59:00Z,SEDENTARY,Fitbit App
2025-08-06T17:02:00Z,SEDENTARY,Fitbit App
2025-08-06T17:04:00Z,SEDENTARY,Fitbit App
2025-08-06T17:05:00Z,SEDENTARY,Fitbit App
2025-08-06T17:06:00Z,SEDENTARY,Fitbit App
2025-08-06T17:07:00Z,SEDENTARY,Fitbit App
2025-08-06T17:08:00Z,SEDENTARY,Fitbit App
2025-08-06T17:11:00Z,SEDENTARY,Fitbit App
2025-08-06T17:12:00Z,SEDENTARY,Fitbit App
2025-08-06T17:13:00Z,SEDENTARY,Fitbit App
2025-08-06T17:14:00Z,SEDENTARY,Fitbit App
2025-08-06T17:15:00Z,SEDENTARY,Fitbit App
2025-08-06T17:16:00Z,SEDENTARY,Fitbit App
2025-08-06T17:17:00Z,SEDENTARY,Fitbit App
2025-08-06T17:19:00Z,SEDENTARY,Fitbit App
2025-08-06T17:26:00Z,SEDENTARY,Fitbit App
2025-08-06T17:27:00Z,SEDENTARY,Fitbit App
2025-08-06T17:31:00Z,LIGHTLY_ACTIVE,Fitbit App
2025-08-06T17:32:00Z,SEDENTARY,Fitbit App
2025-08-06T17:33:00Z,SEDENTARY,Fitbit App
2025-08-06T17:34:00Z,SEDENTARY,Fitbit App
2025-08-06T17:35:00Z,SEDENTARY,Fitbit App
2025-08-06T17:36:00Z,SEDENTARY,Fitbit App
2025-08-06T17:37:00Z,SEDENTARY,Fitbit App
2025-08-06T17:38:00Z,SEDENTARY,Fitbit App
2025-08-06T17:39:00Z,SEDENTARY,Fitbit App
2025-08-06T17:40:00Z,SEDENTARY,Fitbit App
2025-08-06T17:41:00Z,SEDENTARY,Fitbit App
2025-08-06T17:42:00Z,SEDENTARY,Fitbit App
2025-08-06T17:43:00Z,SEDENTARY,Fitbit App
2025-08-06T17:44:00Z,SEDENTARY,Fitbit App
2025-08-06T17:45:00Z,SEDENTARY,Fitbit App
2025-08-06T17:46:00Z,SEDENTARY,Fitbit App
2025-08-06T17:47:00Z,SEDENTARY,Fitbit App
2025-08-06T17:50:00Z,SEDENTARY,Fitbit App
2025-08-06T17:51:00Z,SEDENTARY,Fitbit App
2025-08-06T17:52:00Z,SEDENTARY,Fitbit App
2025-08-06T17:53:00Z,SEDENTARY,Fitbit App
2025-08-06T17:55:00Z,SEDENTARY,Fitbit App
2025-08-06T17:57:00Z,SEDENTARY,Fitbit App
2025-08-06T17:58:00Z,SEDENTARY,Fitbit App
2025-08-06T17:59:00Z,SEDENTARY,Fitbit App
2025-08-06T18:00:00Z,SEDENTARY,Fitbit App
2025-08-06T18:03:00Z,SEDENTARY,Fitbit App
2025-08-06T18:04:00Z,SEDENTARY,Fitbit App
2025-08-06T18:05:00Z,SEDENTARY,Fitbit App
2025-08-06T18:06:00Z,SEDENTARY,Fitbit App
2025-08-06T18:17:00Z,SEDENTARY,Fitbit App
2025-08-06T18:26:00Z,SEDENTARY,Fitbit App
2025-08-06T18:27:00Z,SEDENTARY,Fitbit App
2025-08-06T18:28:00Z,SEDENTARY,Fitbit App
2025-08-06T18:36:00Z,SEDENTARY,Fitbit App
2025-08-06T18:38:00Z,SEDENTARY,Fitbit App
2025-08-06T18:49:00Z,SEDENTARY,Fitbit App
2025-08-06T18:53:00Z,SEDENTARY,Fitbit App
2025-08-06T18:54:00Z,LIGHTLY_ACTIVE,Fitbit App
2025-08-06T18:55:00Z,SEDENTARY,Fitbit App
2025-08-06T18:58:00Z,SEDENTARY,Fitbit App
2025-08-06T20:07:00Z,SEDENTARY,Fitbit App
2025-08-07T04:51:00Z,SEDENTARY,Fitbit App
2025-08-07T04:53:00Z,SEDENTARY,Fitbit App
2025-08-07T04:54:00Z,SEDENTARY,Fitbit App
2025-08-07T08:14:00Z,SEDENTARY,Fitbit App
2025-08-07T08:15:00Z,SEDENTARY,Fitbit App
2025-08-07T08:16:00Z,SEDENTARY,Fitbit App
2025-08-07T08:20:00Z,SEDENTARY,Fitbit App
2025-08-07T08:21:00Z,SEDENTARY,Fitbit App
2025-08-07T08:22:00Z,LIGHTLY_ACTIVE,Fitbit App
2025-08-07T08:23:00Z,SEDENTARY,Fitbit App
2025-08-07T08:24:00Z,MODERATELY_ACTIVE,Fitbit App
2025-08-07T08:25:00Z,VERY_ACTIVE,Fitbit App
2025-08-07T08:26:00Z,LIGHTLY_ACTIVE,Fitbit App
2025-08-07T08:27:00Z,VERY_ACTIVE,Fitbit App
2025-08-07T08:28:00Z,VERY_ACTIVE,Fitbit App
2025-08-07T08:29:00Z,VERY_ACTIVE,Fitbit App
2025-08-07T08:30:00Z,MODERATELY_ACTIVE,Fitbit App
2025-08-07T08:31:00Z,MODERATELY_ACTIVE,Fitbit App
2025-08-07T08:32:00Z,MODERATELY_ACTIVE,Fitbit App
2025-08-07T08:33:00Z,LIGHTLY_ACTIVE,Fitbit App
2025-08-07T08:34:00Z,MODERATELY_ACTIVE,Fitbit App
2025-08-07T08:35:00Z,LIGHTLY_ACTIVE,Fitbit App
2025-08-07T08:36:00Z,SEDENTARY,Fitbit App
2025-08-07T08:37:00Z,SEDENTARY,Fitbit App
2025-08-07T08:38:00Z,SEDENTARY,Fitbit App
2025-08-07T08:39:00Z,SEDENTARY,Fitbit App
2025-08-07T08:40:00Z,SEDENTARY,Fitbit App
2025-08-07T08:41:00Z,SEDENTARY,Fitbit App
2025-08-07T08:42:00Z,SEDENTARY,Fitbit App
2025-08-07T08:43:00Z,LIGHTLY_ACTIVE,Fitbit App
2025-08-07T08:44:00Z,MODERATELY_ACTIVE,Fitbit App
2025-08-07T08:45:00Z,SEDENTARY,Fitbit App
2025-08-07T08:46:00Z,LIGHTLY_ACTIVE,Fitbit App
2025-08-07T08:47:00Z,SEDENTARY,Fitbit App
2025-08-07T08:48:00Z,LIGHTLY_ACTIVE,Fitbit App
2025-08-07T08:49:00Z,SEDENTARY,Fitbit App
2025-08-07T08:50:00Z,LIGHTLY_ACTIVE,Fitbit App
2025-08-07T08:51:00Z,LIGHTLY_ACTIVE,Fitbit App
2025-08-07T08:52:00Z,LIGHTLY_ACTIVE,Fitbit App
2025-08-07T08:53:00Z,SEDENTARY,Fitbit App
2025-08-07T08:54:00Z,SEDENTARY,Fitbit App
2025-08-07T08:55:00Z,LIGHTLY_ACTIVE,Fitbit App
2025-08-07T08:56:00Z,LIGHTLY_ACTIVE,Fitbit App
2025-08-07T08:57:00Z,SEDENTARY,Fitbit App
2025-08-07T08:58:00Z,LIGHTLY_ACTIVE,Fitbit App
2025-08-07T08:59:00Z,SEDENTARY,Fitbit App
2025-08-07T09:00:00Z,SEDENTARY,Fitbit App
2025-08-07T09:01:00Z,LIGHTLY_ACTIVE,Fitbit App
2025-08-07T09:02:00Z,SEDENTARY,Fitbit App
2025-08-07T09:03:00Z,SEDENTARY,Fitbit App
2025-08-07T09:04:00Z,SEDENTARY,Fitbit App
2025-08-07T09:05:00Z,SEDENTARY,Fitbit App
2025-08-07T09:07:00Z,LIGHTLY_ACTIVE,Fitbit App
2025-08-07T09:08:00Z,SEDENTARY,Fitbit App
2025-08-07T09:09:00Z,SEDENTARY,Fitbit App
2025-08-07T09:10:00Z,SEDENTARY,Fitbit App
2025-08-07T09:12:00Z,SEDENTARY,Fitbit App
2025-08-07T09:15:00Z,SEDENTARY,Fitbit App
2025-08-07T09:16:00Z,SEDENTARY,Fitbit App
2025-08-07T09:17:00Z,SEDENTARY,Fitbit App
2025-08-07T09:19:00Z,SEDENTARY,Fitbit App
2025-08-07T09:20:00Z,LIGHTLY_ACTIVE,Fitbit App
2025-08-07T09:21:00Z,SEDENTARY,Fitbit App
2025-08-07T09:22:00Z,SEDENTARY,Fitbit App
2025-08-07T09:23:00Z,LIGHTLY_ACTIVE,Fitbit App
2025-08-07T09:24:00Z,LIGHTLY_ACTIVE,Fitbit App
2025-08-07T09:26:00Z,LIGHTLY_ACTIVE,Fitbit App
2025-08-07T09:27:00Z,SEDENTARY,Fitbit App
2025-08-07T09:28:00Z,LIGHTLY_ACTIVE,Fitbit App
2025-08-07T09:29:00Z,LIGHTLY_ACTIVE,Fitbit App
2025-08-07T09:32:00Z,LIGHTLY_ACTIVE,Fitbit App
2025-08-07T09:34:00Z,LIGHTLY_ACTIVE,Fitbit App
2025-08-07T09:35:00Z,LIGHTLY_ACTIVE,Fitbit App
2025-08-07T09:36:00Z,LIGHTLY_ACTIVE,Fitbit App
2025-08-07T09:37:00Z,LIGHTLY_ACTIVE,Fitbit App
2025-08-07T09:39:00Z,LIGHTLY_ACTIVE,Fitbit App
2025-08-07T09:40:00Z,SEDENTARY,Fitbit App
2025-08-07T09:51:00Z,LIGHTLY_ACTIVE,Fitbit App
2025-08-07T09:52:00Z,LIGHTLY_ACTIVE,Fitbit App
2025-08-07T09:54:00Z,LIGHTLY_ACTIVE,Fitbit App
2025-08-07T10:04:00Z,LIGHTLY_ACTIVE,Fitbit App
2025-08-07T10:05:00Z,LIGHTLY_ACTIVE,Fitbit App
2025-08-07T10:06:00Z,SEDENTARY,Fitbit App
2025-08-07T10:07:00Z,LIGHTLY_ACTIVE,Fitbit App
2025-08-07T10:10:00Z,LIGHTLY_ACTIVE,Fitbit App
2025-08-07T10:11:00Z,LIGHTLY_ACTIVE,Fitbit App
2025-08-07T10:13:00Z,LIGHTLY_ACTIVE,Fitbit App
2025-08-07T10:14:00Z,LIGHTLY_ACTIVE,Fitbit App
2025-08-07T10:15:00Z,LIGHTLY_ACTIVE,Fitbit App
2025-08-07T10:16:00Z,LIGHTLY_ACTIVE,Fitbit App
2025-08-07T10:17:00Z,SEDENTARY,Fitbit App
2025-08-07T10:18:00Z,SEDENTARY,Fitbit App
2025-08-07T10:19:00Z,LIGHTLY_ACTIVE,Fitbit App
2025-08-07T10:20:00Z,LIGHTLY_ACTIVE,Fitbit App
2025-08-07T10:22:00Z,SEDENTARY,Fitbit App
2025-08-07T10:23:00Z,SEDENTARY,Fitbit App
2025-08-07T10:25:00Z,SEDENTARY,Fitbit App
2025-08-07T10:26:00Z,SEDENTARY,Fitbit App
2025-08-07T10:27:00Z,SEDENTARY,Fitbit App
2025-08-07T10:30:00Z,SEDENTARY,Fitbit App
2025-08-07T10:31:00Z,SEDENTARY,Fitbit App
2025-08-07T10:32:00Z,SEDENTARY,Fitbit App
2025-08-07T10:36:00Z,LIGHTLY_ACTIVE,Fitbit App
2025-08-07T10:37:00Z,SEDENTARY,Fitbit App
2025-08-07T10:38:00Z,SEDENTARY,Fitbit App
2025-08-07T10:39:00Z,SEDENTARY,Fitbit App
2025-08-07T10:40:00Z,SEDENTARY,Fitbit App
2025-08-07T10:41:00Z,LIGHTLY_ACTIVE,Fitbit App
2025-08-07T10:42:00Z,SEDENTARY,Fitbit App
2025-08-07T10:43:00Z,SEDENTARY,Fitbit App
2025-08-07T10:44:00Z,SEDENTARY,Fitbit App
2025-08-07T10:45:00Z,SEDENTARY,Fitbit App
2025-08-07T10:46:00Z,LIGHTLY_ACTIVE,Fitbit App
2025-08-07T10:47:00Z,LIGHTLY_ACTIVE,Fitbit App
2025-08-07T10:48:00Z,LIGHTLY_ACTIVE,Fitbit App
2025-08-07T10:49:00Z,SEDENTARY,Fitbit App
2025-08-07T10:50:00Z,SEDENTARY,Fitbit App
2025-08-07T10:51:00Z,SEDENTARY,Fitbit App
2025-08-07T10:52:00Z,SEDENTARY,Fitbit App
2025-08-07T10:53:00Z,SEDENTARY,Fitbit App
2025-08-07T10:54:00Z,LIGHTLY_ACTIVE,Fitbit App
2025-08-07T10:55:00Z,LIGHTLY_ACTIVE,Fitbit App
2025-08-07T10:56:00Z,LIGHTLY_ACTIVE,Fitbit App
2025-08-07T10:57:00Z,LIGHTLY_ACTIVE,Fitbit App
2025-08-07T10:58:00Z,SEDENTARY,Fitbit App
2025-08-07T10:59:00Z,SEDENTARY,Fitbit App
2025-08-07T11:00:00Z,LIGHTLY_ACTIVE,Fitbit App
2025-08-07T11:01:00Z,LIGHTLY_ACTIVE,Fitbit App
2025-08-07T11:02:00Z,LIGHTLY_ACTIVE,Fitbit App
2025-08-07T11:04:00Z,LIGHTLY_ACTIVE,Fitbit App
2025-08-07T11:05:00Z,LIGHTLY_ACTIVE,Fitbit App
2025-08-07T11:06:00Z,LIGHTLY_ACTIVE,Fitbit App
2025-08-07T11:07:00Z,LIGHTLY_ACTIVE,Fitbit App
2025-08-07T11:09:00Z,LIGHTLY_ACTIVE,Fitbit App
2025-08-07T11:11:00Z,LIGHTLY_ACTIVE,Fitbit App
2025-08-07T11:12:00Z,LIGHTLY_ACTIVE,Fitbit App
2025-08-07T11:13:00Z,LIGHTLY_ACTIVE,Fitbit App
2025-08-07T11:14:00Z,SEDENTARY,Fitbit App
2025-08-07T11:15:00Z,LIGHTLY_ACTIVE,Fitbit App
2025-08-07T11:16:00Z,LIGHTLY_ACTIVE,Fitbit App
2025-08-07T11:17:00Z,LIGHTLY_ACTIVE,Fitbit App
2025-08-07T11:19:00Z,LIGHTLY_ACTIVE,Fitbit App
2025-08-07T11:20:00Z,LIGHTLY_ACTIVE,Fitbit App
2025-08-07T11:22:00Z,LIGHTLY_ACTIVE,Fitbit App
2025-08-07T11:23:00Z,LIGHTLY_ACTIVE,Fitbit App
2025-08-07T11:24:00Z,LIGHTLY_ACTIVE,Fitbit App
2025-08-07T11:25:00Z,LIGHTLY_ACTIVE,Fitbit App
2025-08-07T11:26:00Z,LIGHTLY_ACTIVE,Fitbit App
2025-08-07T11:27:00Z,SEDENTARY,Fitbit App
2025-08-07T11:28:00Z,SEDENTARY,Fitbit App
2025-08-07T11:29:00Z,SEDENTARY,Fitbit App
2025-08-07T11:30:00Z,LIGHTLY_ACTIVE,Fitbit App
2025-08-07T11:31:00Z,LIGHTLY_ACTIVE,Fitbit App
2025-08-07T11:32:00Z,SEDENTARY,Fitbit App
2025-08-07T11:34:00Z,SEDENTARY,Fitbit App
2025-08-07T11:35:00Z,MODERATELY_ACTIVE,Fitbit App
2025-08-07T11:36:00Z,LIGHTLY_ACTIVE,Fitbit App
2025-08-07T11:37:00Z,MODERATELY_ACTIVE,Fitbit App
2025-08-07T11:38:00Z,VERY_ACTIVE,Fitbit App
2025-08-07T11:39:00Z,MODERATELY_ACTIVE,Fitbit App
2025-08-07T11:40:00Z,LIGHTLY_ACTIVE,Fitbit App
2025-08-07T11:41:00Z,MODERATELY_ACTIVE,Fitbit App
2025-08-07T11:42:00Z,VERY_ACTIVE,Fitbit App
2025-08-07T11:43:00Z,VERY_ACTIVE,Fitbit App
2025-08-07T11:44:00Z,VERY_ACTIVE,Fitbit App
2025-08-07T11:45:00Z,MODERATELY_ACTIVE,Fitbit App
2025-08-07T11:46:00Z,LIGHTLY_ACTIVE,Fitbit App
2025-08-07T11:47:00Z,VERY_ACTIVE,Fitbit App
2025-08-07T11:48:00Z,MODERATELY_ACTIVE,Fitbit App
2025-08-07T11:49:00Z,LIGHTLY_ACTIVE,Fitbit App
2025-08-07T11:50:00Z,LIGHTLY_ACTIVE,Fitbit App
2025-08-07T11:56:00Z,LIGHTLY_ACTIVE,Fitbit App
2025-08-07T11:57:00Z,MODERATELY_ACTIVE,Fitbit App
2025-08-07T11:58:00Z,MODERATELY_ACTIVE,Fitbit App
2025-08-07T11:59:00Z,LIGHTLY_ACTIVE,Fitbit App
2025-08-07T12:00:00Z,SEDENTARY,Fitbit App
2025-08-07T12:54:00Z,SEDENTARY,Fitbit App
2025-08-07T12:55:00Z,SEDENTARY,Fitbit App
2025-08-07T12:56:00Z,SEDENTARY,Fitbit App
2025-08-07T12:58:00Z,SEDENTARY,Fitbit App
2025-08-07T12:59:00Z,SEDENTARY,Fitbit App
2025-08-07T13:01:00Z,SEDENTARY,Fitbit App
2025-08-07T13:03:00Z,SEDENTARY,Fitbit App
2025-08-07T13:06:00Z,SEDENTARY,Fitbit App
2025-08-07T13:07:00Z,SEDENTARY,Fitbit App
2025-08-07T13:10:00Z,SEDENTARY,Fitbit App
2025-08-07T13:19:00Z,SEDENTARY,Fitbit App
2025-08-07T13:23:00Z,SEDENTARY,Fitbit App
2025-08-07T13:24:00Z,SEDENTARY,Fitbit App
2025-08-07T13:26:00Z,SEDENTARY,Fitbit App
2025-08-07T13:32:00Z,SEDENTARY,Fitbit App
2025-08-07T13:34:00Z,SEDENTARY,Fitbit App
2025-08-07T13:35:00Z,SEDENTARY,Fitbit App
2025-08-07T13:43:00Z,LIGHTLY_ACTIVE,Fitbit App
2025-08-07T13:44:00Z,LIGHTLY_ACTIVE,Fitbit App
2025-08-07T13:53:00Z,VERY_ACTIVE,Fitbit App
2025-08-07T13:54:00Z,VERY_ACTIVE,Fitbit App
2025-08-07T13:59:00Z,VERY_ACTIVE,Fitbit App
2025-08-07T14:01:00Z,VERY_ACTIVE,Fitbit App
2025-08-07T14:03:00Z,MODERATELY_ACTIVE,Fitbit App
2025-08-07T14:05:00Z,SEDENTARY,Fitbit App
2025-08-07T14:07:00Z,MODERATELY_ACTIVE,Fitbit App
2025-08-07T14:08:00Z,LIGHTLY_ACTIVE,Fitbit App
2025-08-07T14:16:00Z,MODERATELY_ACTIVE,Fitbit App
2025-08-07T14:20:00Z,VERY_ACTIVE,Fitbit App
2025-08-07T14:21:00Z,LIGHTLY_ACTIVE,Fitbit App
2025-08-07T14:27:00Z,SEDENTARY,Fitbit App
2025-08-07T14:32:00Z,SEDENTARY,Fitbit App
2025-08-07T14:43:00Z,SEDENTARY,Fitbit App
2025-08-07T14:44:00Z,MODERATELY_ACTIVE,Fitbit App
2025-08-07T14:46:00Z,VERY_ACTIVE,Fitbit App
2025-08-07T14:49:00Z,VERY_ACTIVE,Fitbit App
2025-08-07T14:51:00Z,LIGHTLY_ACTIVE,Fitbit App
2025-08-07T14:53:00Z,VERY_ACTIVE,Fitbit App
2025-08-07T14:54:00Z,VERY_ACTIVE,Fitbit App
2025-08-07T14:55:00Z,VERY_ACTIVE,Fitbit App
2025-08-07T14:56:00Z,MODERATELY_ACTIVE,Fitbit App
2025-08-07T14:59:00Z,LIGHTLY_ACTIVE,Fitbit App
2025-08-07T15:00:00Z,LIGHTLY_ACTIVE,Fitbit App
2025-08-07T15:01:00Z,MODERATELY_ACTIVE,Fitbit App
2025-08-07T15:02:00Z,LIGHTLY_ACTIVE,Fitbit App
2025-08-07T15:04:00Z,MODERATELY_ACTIVE,Fitbit App
2025-08-07T15:05:00Z,VERY_ACTIVE,Fitbit App
2025-08-07T15:06:00Z,VERY_ACTIVE,Fitbit App
2025-08-07T15:08:00Z,SEDENTARY,Fitbit App
2025-08-07T15:10:00Z,SEDENTARY,Fitbit App
2025-08-07T15:11:00Z,SEDENTARY,Fitbit App
2025-08-07T15:13:00Z,SEDENTARY,Fitbit App
2025-08-07T15:15:00Z,SEDENTARY,Fitbit App
2025-08-07T15:20:00Z,SEDENTARY,Fitbit App
2025-08-07T15:24:00Z,SEDENTARY,Fitbit App
2025-08-07T15:27:00Z,SEDENTARY,Fitbit App
2025-08-07T15:28:00Z,LIGHTLY_ACTIVE,Fitbit App
2025-08-07T15:31:00Z,SEDENTARY,Fitbit App
2025-08-07T15:32:00Z,SEDENTARY,Fitbit App
2025-08-07T15:35:00Z,SEDENTARY,Fitbit App
2025-08-07T15:36:00Z,SEDENTARY,Fitbit App
2025-08-07T15:37:00Z,SEDENTARY,Fitbit App
2025-08-07T15:43:00Z,SEDENTARY,Fitbit App
2025-08-07T15:44:00Z,LIGHTLY_ACTIVE,Fitbit App
2025-08-07T15:49:00Z,SEDENTARY,Fitbit App
2025-08-07T15:53:00Z,MODERATELY_ACTIVE,Fitbit App
2025-08-07T15:56:00Z,MODERATELY_ACTIVE,Fitbit App
2025-08-07T16:00:00Z,SEDENTARY,Fitbit App
2025-08-07T16:02:00Z,SEDENTARY,Fitbit App
2025-08-07T16:04:00Z,VERY_ACTIVE,Fitbit App
2025-08-07T16:08:00Z,VERY_ACTIVE,Fitbit App
2025-08-07T16:11:00Z,VERY_ACTIVE,Fitbit App
2025-08-07T16:19:00Z,VERY_ACTIVE,Fitbit App
2025-08-07T16:21:00Z,MODERATELY_ACTIVE,Fitbit App
2025-08-07T16:38:00Z,VERY_ACTIVE,Fitbit App
2025-08-07T16:39:00Z,VERY_ACTIVE,Fitbit App
2025-08-07T16:42:00Z,VERY_ACTIVE,Fitbit App
2025-08-07T16:44:00Z,VERY_ACTIVE,Fitbit App
2025-08-07T16:47:00Z,VERY_ACTIVE,Fitbit App
2025-08-07T16:48:00Z,VERY_ACTIVE,Fitbit App
2025-08-07T16:56:00Z,SEDENTARY,Fitbit App
2025-08-07T17:00:00Z,SEDENTARY,Fitbit App
2025-08-07T17:01:00Z,SEDENTARY,Fitbit App
2025-08-07T17:05:00Z,SEDENTARY,Fitbit App
2025-08-07T17:17:00Z,LIGHTLY_ACTIVE,Fitbit App
2025-08-07T17:18:00Z,VERY_ACTIVE,Fitbit App
2025-08-07T17:25:00Z,MODERATELY_ACTIVE,Fitbit App
2025-08-07T17:26:00Z,SEDENTARY,Fitbit App
2025-08-07T17:27:00Z,SEDENTARY,Fitbit App
2025-08-07T17:29:00Z,MODERATELY_ACTIVE,Fitbit App
2025-08-07T17:34:00Z,MODERATELY_ACTIVE,Fitbit App
2025-08-07T17:35:00Z,MODERATELY_ACTIVE,Fitbit App
2025-08-07T17:39:00Z,MODERATELY_ACTIVE,Fitbit App
2025-08-07T17:40:00Z,LIGHTLY_ACTIVE,Fitbit App
2025-08-07T17:41:00Z,VERY_ACTIVE,Fitbit App
2025-08-07T17:43:00Z,LIGHTLY_ACTIVE,Fitbit App
2025-08-07T17:44:00Z,LIGHTLY_ACTIVE,Fitbit App
2025-08-07T17:48:00Z,VERY_ACTIVE,Fitbit App
2025-08-07T17:51:00Z,SEDENTARY,Fitbit App
2025-08-07T17:54:00Z,SEDENTARY,Fitbit App
2025-08-07T17:55:00Z,SEDENTARY,Fitbit App
2025-08-07T17:56:00Z,SEDENTARY,Fitbit App
2025-08-07T17:57:00Z,SEDENTARY,Fitbit App
2025-08-07T17:58:00Z,SEDENTARY,Fitbit App
2025-08-07T18:01:00Z,SEDENTARY,Fitbit App
2025-08-07T18:10:00Z,MODERATELY_ACTIVE,Fitbit App
2025-08-07T18:11:00Z,MODERATELY_ACTIVE,Fitbit App
2025-08-07T18:12:00Z,MODERATELY_ACTIVE,Fitbit App
2025-08-07T18:19:00Z,MODERATELY_ACTIVE,Fitbit App
2025-08-07T18:21:00Z,VERY_ACTIVE,Fitbit App
2025-08-07T18:31:00Z,LIGHTLY_ACTIVE,Fitbit App
2025-08-07T18:33:00Z,LIGHTLY_ACTIVE,Fitbit App
2025-08-07T18:35:00Z,MODERATELY_ACTIVE,Fitbit App
2025-08-07T18:38:00Z,SEDENTARY,Fitbit App
2025-08-07T18:41:00Z,SEDENTARY,Fitbit App
2025-08-07T18:44:00Z,SEDENTARY,Fitbit App
2025-08-07T18:45:00Z,SEDENTARY,Fitbit App
2025-08-07T18:54:00Z,SEDENTARY,Fitbit App
2025-08-07T18:55:00Z,SEDENTARY,Fitbit App
2025-08-07T19:00:00Z,SEDENTARY,Fitbit App
2025-08-07T19:03:00Z,SEDENTARY,Fitbit App
2025-08-07T19:05:00Z,SEDENTARY,Fitbit App
2025-08-07T19:14:00Z,SEDENTARY,Fitbit App
2025-08-07T19:15:00Z,SEDENTARY,Fitbit App
2025-08-07T19:18:00Z,SEDENTARY,Fitbit App
2025-08-07T19:21:00Z,SEDENTARY,Fitbit App
2025-08-07T19:37:00Z,SEDENTARY,Fitbit App
2025-08-07T19:42:00Z,MODERATELY_ACTIVE,Fitbit App
2025-08-07T19:47:00Z,VERY_ACTIVE,Fitbit App
2025-08-07T19:48:00Z,MODERATELY_ACTIVE,Fitbit App
2025-08-07T19:53:00Z,SEDENTARY,Fitbit App
2025-08-07T19:54:00Z,VERY_ACTIVE,Fitbit App
2025-08-07T19:57:00Z,MODERATELY_ACTIVE,Fitbit App
2025-08-07T19:58:00Z,VERY_ACTIVE,Fitbit App
2025-08-07T20:15:00Z,SEDENTARY,Fitbit App
2025-08-07T20:16:00Z,SEDENTARY,Fitbit App
2025-08-07T20:18:00Z,SEDENTARY,Fitbit App
2025-08-07T20:19:00Z,SEDENTARY,Fitbit App
2025-08-07T20:23:00Z,SEDENTARY,Fitbit App
2025-08-07T20:24:00Z,SEDENTARY,Fitbit App
2025-08-07T20:26:00Z,SEDENTARY,Fitbit App
2025-08-07T20:32:00Z,MODERATELY_ACTIVE,Fitbit App
2025-08-07T20:45:00Z,SEDENTARY,Fitbit App
2025-08-07T21:50:00Z,VERY_ACTIVE,Fitbit App
2025-08-07T21:51:00Z,MODERATELY_ACTIVE,Fitbit App
2025-08-07T21:57:00Z,MODERATELY_ACTIVE,Fitbit App
2025-08-07T23:03:00Z,LIGHTLY_ACTIVE,Fitbit App
2025-08-08T05:30:00Z,SEDENTARY,Fitbit App
2025-08-08T07:09:47Z,LIGHTLY_ACTIVE,Fitbit App
2025-08-08T07:10:00Z,LIGHTLY_ACTIVE,Fitbit App
2025-08-08T07:11:00Z,MODERATELY_ACTIVE,Fitbit App
2025-08-08T07:12:00Z,MODERATELY_ACTIVE,Fitbit App
2025-08-08T07:13:00Z,VERY_ACTIVE,Fitbit App
2025-08-08T07:14:00Z,VERY_ACTIVE,Fitbit App
2025-08-08T07:15:00Z,VERY_ACTIVE,Fitbit App
2025-08-08T07:16:00Z,VERY_ACTIVE,Fitbit App
2025-08-08T07:17:00Z,VERY_ACTIVE,Fitbit App
2025-08-08T07:18:00Z,VERY_ACTIVE,Fitbit App
2025-08-08T07:19:00Z,VERY_ACTIVE,Fitbit App
2025-08-08T07:48:47Z,LIGHTLY_ACTIVE,Fitbit App
2025-08-08T07:49:00Z,LIGHTLY_ACTIVE,Fitbit App
2025-08-08T07:50:00Z,LIGHTLY_ACTIVE,Fitbit App
2025-08-08T07:51:00Z,MODERATELY_ACTIVE,Fitbit App
2025-08-08T07:52:00Z,VERY_ACTIVE,Fitbit App
2025-08-08T07:53:00Z,VERY_ACTIVE,Fitbit App
2025-08-08T07:54:00Z,VERY_ACTIVE,Fitbit App
2025-08-08T07:55:00Z,VERY_ACTIVE,Fitbit App
2025-08-08T07:56:00Z,VERY_ACTIVE,Fitbit App
2025-08-08T07:57:00Z,VERY_ACTIVE,Fitbit App
2025-08-08T07:58:00Z,VERY_ACTIVE,Fitbit App
2025-08-08T07:59:00Z,VERY_ACTIVE,Fitbit App
2025-08-08T08:00:00Z,VERY_ACTIVE,Fitbit App
2025-08-08T08:03:47Z,LIGHTLY_ACTIVE,Fitbit App
2025-08-08T08:04:47Z,LIGHTLY_ACTIVE,Fitbit App
2025-08-08T08:05:47Z,LIGHTLY_ACTIVE,Fitbit App
2025-08-08T08:12:47Z,LIGHTLY_ACTIVE,Fitbit App
2025-08-08T08:13:47Z,MODERATELY_ACTIVE,Fitbit App
2025-08-08T08:14:47Z,MODERATELY_ACTIVE,Fitbit App
2025-08-08T08:15:47Z,MODERATELY_ACTIVE,Fitbit App
2025-08-08T08:48:00Z,SEDENTARY,Fitbit App
2025-08-08T11:30:47Z,LIGHTLY_ACTIVE,Fitbit App
2025-08-08T11:31:47Z,LIGHTLY_ACTIVE,Fitbit App
2025-08-08T11:32:47Z,VERY_ACTIVE,Fitbit App
2025-08-08T11:33:47Z,LIGHTLY_ACTIVE,Fitbit App
2025-08-08T11:36:47Z,LIGHTLY_ACTIVE,Fitbit App
2025-08-08T11:37:47Z,VERY_ACTIVE,Fitbit App
2025-08-08T11:38:47Z,VERY_ACTIVE,Fitbit App
2025-08-08T11:39:47Z,LIGHTLY_ACTIVE,Fitbit App
2025-08-08T14:53:47Z,LIGHTLY_ACTIVE,Fitbit App
2025-08-08T14:54:47Z,VERY_ACTIVE,Fitbit App
2025-08-08T14:55:47Z,LIGHTLY_ACTIVE,Fitbit App
2025-08-08T15:07:47Z,LIGHTLY_ACTIVE,Fitbit App
2025-08-08T15:08:47Z,LIGHTLY_ACTIVE,Fitbit App
2025-08-08T15:09:47Z,MODERATELY_ACTIVE,Fitbit App
2025-08-08T15:10:47Z,VERY_ACTIVE,Fitbit App
2025-08-08T15:11:47Z,MODERATELY_ACTIVE,Fitbit App
2025-08-08T15:20:00Z,SEDENTARY,Fitbit App
2025-08-08T15:21:00Z,SEDENTARY,Fitbit App
2025-08-08T15:22:00Z,SEDENTARY,Fitbit App
2025-08-08T15:23:00Z,SEDENTARY,Fitbit App
2025-08-08T15:24:00Z,SEDENTARY,Fitbit App
2025-08-08T16:36:00Z,SEDENTARY,Fitbit App
2025-08-08T16:40:00Z,SEDENTARY,Fitbit App
2025-08-08T16:42:00Z,LIGHTLY_ACTIVE,Fitbit App
2025-08-08T16:43:00Z,VERY_ACTIVE,Fitbit App
2025-08-08T16:44:00Z,VERY_ACTIVE,Fitbit App
2025-08-08T16:45:00Z,VERY_ACTIVE,Fitbit App
2025-08-08T16:46:00Z,VERY_ACTIVE,Fitbit App
2025-08-08T16:47:00Z,VERY_ACTIVE,Fitbit App
2025-08-08T16:53:00Z,VERY_ACTIVE,Fitbit App
2025-08-08T16:55:00Z,VERY_ACTIVE,Fitbit App
2025-08-08T16:57:00Z,VERY_ACTIVE,Fitbit App
2025-08-08T16:59:00Z,VERY_ACTIVE,Fitbit App
2025-08-08T17:00:00Z,VERY_ACTIVE,Fitbit App
2025-08-08T17:01:00Z,MODERATELY_ACTIVE,Fitbit App
2025-08-08T17:03:00Z,VERY_ACTIVE,Fitbit App
2025-08-08T17:04:00Z,VERY_ACTIVE,Fitbit App
2025-08-08T17:05:00Z,VERY_ACTIVE,Fitbit App
2025-08-08T17:07:00Z,VERY_ACTIVE,Fitbit App
2025-08-08T17:08:00Z,VERY_ACTIVE,Fitbit App
2025-08-08T17:09:00Z,VERY_ACTIVE,Fitbit App
2025-08-08T17:10:00Z,VERY_ACTIVE,Fitbit App
2025-08-08T17:11:00Z,VERY_ACTIVE,Fitbit App
2025-08-08T17:12:00Z,VERY_ACTIVE,Fitbit App
2025-08-08T17:13:00Z,VERY_ACTIVE,Fitbit App
2025-08-08T17:14:00Z,VERY_ACTIVE,Fitbit App
2025-08-08T17:15:00Z,VERY_ACTIVE,Fitbit App
2025-08-08T17:18:00Z,VERY_ACTIVE,Fitbit App
2025-08-08T17:21:00Z,LIGHTLY_ACTIVE,Fitbit App
2025-08-08T17:26:00Z,SEDENTARY,Fitbit App
2025-08-08T17:29:00Z,SEDENTARY,Fitbit App
2025-08-08T17:30:00Z,SEDENTARY,Fitbit App
2025-08-08T17:33:00Z,SEDENTARY,Fitbit App
2025-08-08T17:36:00Z,SEDENTARY,Fitbit App
2025-08-08T17:38:00Z,LIGHTLY_ACTIVE,Fitbit App
2025-08-08T17:39:00Z,LIGHTLY_ACTIVE,Fitbit App
2025-08-08T17:40:00Z,VERY_ACTIVE,Fitbit App
2025-08-08T17:42:00Z,VERY_ACTIVE,Fitbit App
2025-08-08T17:46:00Z,VERY_ACTIVE,Fitbit App
2025-08-08T17:49:00Z,VERY_ACTIVE,Fitbit App
2025-08-08T17:50:00Z,VERY_ACTIVE,Fitbit App
2025-08-08T17:51:00Z,VERY_ACTIVE,Fitbit App
2025-08-08T17:52:00Z,VERY_ACTIVE,Fitbit App
2025-08-08T17:56:00Z,LIGHTLY_ACTIVE,Fitbit App
2025-08-08T17:58:00Z,MODERATELY_ACTIVE,Fitbit App
2025-08-08T17:59:00Z,VERY_ACTIVE,Fitbit App
2025-08-08T18:00:00Z,VERY_ACTIVE,Fitbit App
2025-08-08T18:02:00Z,VERY_ACTIVE,Fitbit App
2025-08-08T18:07:00Z,MODERATELY_ACTIVE,Fitbit App
2025-08-08T18:09:00Z,VERY_ACTIVE,Fitbit App
2025-08-08T18:16:00Z,SEDENTARY,Fitbit App
2025-08-08T18:19:00Z,SEDENTARY,Fitbit App
2025-08-08T18:26:00Z,MODERATELY_ACTIVE,Fitbit App
2025-08-08T18:29:00Z,SEDENTARY,Fitbit App
2025-08-08T18:30:00Z,SEDENTARY,Fitbit App
2025-08-08T18:32:00Z,SEDENTARY,Fitbit App
2025-08-08T18:37:00Z,SEDENTARY,Fitbit App
2025-08-08T18:38:00Z,SEDENTARY,Fitbit App
2025-08-08T18:43:00Z,SEDENTARY,Fitbit App
2025-08-08T18:45:00Z,SEDENTARY,Fitbit App
2025-08-08T18:46:00Z,SEDENTARY,Fitbit App
2025-08-08T18:47:00Z,SEDENTARY,Fitbit App
2025-08-08T18:49:00Z,SEDENTARY,Fitbit App
2025-08-08T18:50:00Z,SEDENTARY,Fitbit App
2025-08-08T18:52:00Z,SEDENTARY,Fitbit App
2025-08-08T18:54:00Z,SEDENTARY,Fitbit App
2025-08-08T18:58:00Z,SEDENTARY,Fitbit App
2025-08-08T18:59:00Z,SEDENTARY,Fitbit App
2025-08-08T19:00:00Z,SEDENTARY,Fitbit App
2025-08-08T19:02:00Z,SEDENTARY,Fitbit App
2025-08-08T19:06:00Z,SEDENTARY,Fitbit App
2025-08-08T19:09:00Z,SEDENTARY,Fitbit App
2025-08-08T19:10:00Z,VERY_ACTIVE,Fitbit App
2025-08-08T19:12:00Z,SEDENTARY,Fitbit App
2025-08-08T19:13:00Z,SEDENTARY,Fitbit App
2025-08-08T19:14:00Z,SEDENTARY,Fitbit App
2025-08-08T19:17:00Z,SEDENTARY,Fitbit App
2025-08-08T19:18:00Z,SEDENTARY,Fitbit App
2025-08-08T19:23:00Z,SEDENTARY,Fitbit App
2025-08-08T19:24:00Z,SEDENTARY,Fitbit App
2025-08-08T19:25:00Z,SEDENTARY,Fitbit App
2025-08-08T19:26:00Z,SEDENTARY,Fitbit App
2025-08-08T19:27:00Z,SEDENTARY,Fitbit App
2025-08-08T19:28:00Z,SEDENTARY,Fitbit App
2025-08-08T19:29:00Z,SEDENTARY,Fitbit App
2025-08-08T19:30:00Z,SEDENTARY,Fitbit App
2025-08-08T19:32:00Z,SEDENTARY,Fitbit App
2025-08-08T19:33:00Z,SEDENTARY,Fitbit App
2025-08-08T19:34:00Z,SEDENTARY,Fitbit App
2025-08-08T19:35:00Z,SEDENTARY,Fitbit App
2025-08-08T19:36:00Z,SEDENTARY,Fitbit App
2025-08-08T19:37:00Z,SEDENTARY,Fitbit App
2025-08-08T19:41:00Z,SEDENTARY,Fitbit App
2025-08-08T19:42:00Z,SEDENTARY,Fitbit App
2025-08-08T19:43:00Z,SEDENTARY,Fitbit App
2025-08-08T19:44:00Z,SEDENTARY,Fitbit App
2025-08-08T19:46:00Z,SEDENTARY,Fitbit App
2025-08-08T19:48:00Z,SEDENTARY,Fitbit App
2025-08-08T19:50:00Z,VERY_ACTIVE,Fitbit App
2025-08-08T19:52:00Z,SEDENTARY,Fitbit App
2025-08-08T19:53:00Z,SEDENTARY,Fitbit App
2025-08-08T19:54:00Z,SEDENTARY,Fitbit App
2025-08-08T19:55:00Z,SEDENTARY,Fitbit App
2025-08-08T20:01:00Z,SEDENTARY,Fitbit App
2025-08-08T20:04:00Z,SEDENTARY,Fitbit App
2025-08-08T20:07:00Z,SEDENTARY,Fitbit App
2025-08-08T20:09:00Z,SEDENTARY,Fitbit App
2025-08-08T20:10:00Z,SEDENTARY,Fitbit App
2025-08-08T20:15:00Z,SEDENTARY,Fitbit App
2025-08-08T20:17:00Z,SEDENTARY,Fitbit App
2025-08-08T20:18:00Z,SEDENTARY,Fitbit App
2025-08-08T20:19:00Z,SEDENTARY,Fitbit App
2025-08-08T20:22:00Z,SEDENTARY,Fitbit App
2025-08-08T20:23:00Z,SEDENTARY,Fitbit App
2025-08-08T20:25:00Z,SEDENTARY,Fitbit App
2025-08-08T20:26:00Z,SEDENTARY,Fitbit App
2025-08-08T20:44:00Z,LIGHTLY_ACTIVE,Fitbit App
2025-08-08T20:50:00Z,LIGHTLY_ACTIVE,Fitbit App
2025-08-08T20:55:00Z,MODERATELY_ACTIVE,Fitbit App
2025-08-08T20:57:00Z,SEDENTARY,Fitbit App
2025-08-08T21:00:00Z,MODERATELY_ACTIVE,Fitbit App
2025-08-08T21:02:00Z,MODERATELY_ACTIVE,Fitbit App
2025-08-08T21:04:00Z,LIGHTLY_ACTIVE,Fitbit App
2025-08-08T21:12:00Z,SEDENTARY,Fitbit App
2025-08-08T21:13:00Z,LIGHTLY_ACTIVE,Fitbit App
2025-08-08T21:18:00Z,SEDENTARY,Fitbit App
2025-08-08T21:21:00Z,SEDENTARY,Fitbit App
2025-08-08T21:25:00Z,MODERATELY_ACTIVE,Fitbit App
2025-08-08T21:29:00Z,LIGHTLY_ACTIVE,Fitbit App
2025-08-08T21:32:00Z,SEDENTARY,Fitbit App
2025-08-08T21:33:00Z,VERY_ACTIVE,Fitbit App
2025-08-08T21:34:00Z,LIGHTLY_ACTIVE,Fitbit App
2025-08-08T21:35:00Z,LIGHTLY_ACTIVE,Fitbit App
2025-08-08T21:36:00Z,LIGHTLY_ACTIVE,Fitbit App
2025-08-08T21:37:00Z,VERY_ACTIVE,Fitbit App
2025-08-08T21:38:00Z,LIGHTLY_ACTIVE,Fitbit App
2025-08-08T21:42:00Z,SEDENTARY,Fitbit App
2025-08-08T21:43:00Z,SEDENTARY,Fitbit App
2025-08-08T21:44:00Z,SEDENTARY,Fitbit App
2025-08-08T21:49:00Z,SEDENTARY,Fitbit App
2025-08-08T21:51:00Z,VERY_ACTIVE,Fitbit App
2025-08-08T21:55:00Z,SEDENTARY,Fitbit App
2025-08-08T21:59:00Z,SEDENTARY,Fitbit App
2025-08-08T22:20:00Z,SEDENTARY,Fitbit App
2025-08-08T22:24:00Z,SEDENTARY,Fitbit App
2025-08-08T22:26:00Z,SEDENTARY,Fitbit App
2025-08-08T22:27:00Z,SEDENTARY,Fitbit App
2025-08-08T22:40:00Z,SEDENTARY,Fitbit App
2025-08-08T22:42:00Z,LIGHTLY_ACTIVE,Fitbit App
2025-08-08T22:44:00Z,MODERATELY_ACTIVE,Fitbit App
2025-08-08T22:57:00Z,VERY_ACTIVE,Fitbit App
2025-08-09T03:02:00Z,MODERATELY_ACTIVE,Fitbit App
2025-08-09T06:10:00Z,SEDENTARY,Fitbit App
2025-08-09T06:28:00Z,SEDENTARY,Fitbit App
2025-08-09T07:06:47Z,LIGHTLY_ACTIVE,Fitbit App
2025-08-09T07:07:47Z,MODERATELY_ACTIVE,Fitbit App
2025-08-09T07:08:47Z,LIGHTLY_ACTIVE,Fitbit App
2025-08-09T07:09:47Z,LIGHTLY_ACTIVE,Fitbit App
2025-08-09T07:18:47Z,SEDENTARY,Fitbit App
2025-08-09T07:19:47Z,LIGHTLY_ACTIVE,Fitbit App
2025-08-09T07:20:47Z,MODERATELY_ACTIVE,Fitbit App
2025-08-09T07:21:47Z,MODERATELY_ACTIVE,Fitbit App
2025-08-09T10:30:00Z,SEDENTARY,Fitbit App
2025-08-09T10:31:00Z,SEDENTARY,Fitbit App
2025-08-09T11:11:47Z,LIGHTLY_ACTIVE,Fitbit App
2025-08-09T11:12:47Z,MODERATELY_ACTIVE,Fitbit App
2025-08-09T11:13:47Z,VERY_ACTIVE,Fitbit App
2025-08-09T11:14:47Z,LIGHTLY_ACTIVE,Fitbit App
2025-08-09T11:15:47Z,VERY_ACTIVE,Fitbit App
2025-08-09T11:16:47Z,VERY_ACTIVE,Fitbit App
2025-08-09T11:17:47Z,LIGHTLY_ACTIVE,Fitbit App
2025-08-09T11:18:47Z,LIGHTLY_ACTIVE,Fitbit App
2025-08-09T11:19:47Z,LIGHTLY_ACTIVE,Fitbit App
2025-08-09T11:20:47Z,LIGHTLY_ACTIVE,Fitbit App
2025-08-09T11:21:47Z,LIGHTLY_ACTIVE,Fitbit App
2025-08-09T11:23:47Z,SEDENTARY,Fitbit App
2025-08-09T11:24:47Z,LIGHTLY_ACTIVE,Fitbit App
2025-08-09T11:25:47Z,VERY_ACTIVE,Fitbit App
2025-08-09T11:26:47Z,LIGHTLY_ACTIVE,Fitbit App
2025-08-09T11:37:47Z,LIGHTLY_ACTIVE,Fitbit App
2025-08-09T11:38:47Z,LIGHTLY_ACTIVE,Fitbit App
2025-08-09T11:39:47Z,VERY_ACTIVE,Fitbit App
2025-08-09T11:48:47Z,LIGHTLY_ACTIVE,Fitbit App
2025-08-09T11:49:47Z,MODERATELY_ACTIVE,Fitbit App
2025-08-09T11:50:47Z,MODERATELY_ACTIVE,Fitbit App
2025-08-09T11:52:47Z,LIGHTLY_ACTIVE,Fitbit App
2025-08-09T11:53:47Z,MODERATELY_ACTIVE,Fitbit App
2025-08-09T11:54:47Z,MODERATELY_ACTIVE,Fitbit App
2025-08-09T11:59:47Z,SEDENTARY,Fitbit App
2025-08-09T12:00:47Z,LIGHTLY_ACTIVE,Fitbit App
2025-08-09T12:01:47Z,VERY_ACTIVE,Fitbit App
2025-08-09T12:02:47Z,LIGHTLY_ACTIVE,Fitbit App
2025-08-09T12:38:47Z,LIGHTLY_ACTIVE,Fitbit App
2025-08-09T12:39:47Z,LIGHTLY_ACTIVE,Fitbit App
2025-08-09T12:59:47Z,LIGHTLY_ACTIVE,Fitbit App
2025-08-09T13:00:47Z,LIGHTLY_ACTIVE,Fitbit App
2025-08-09T14:03:00Z,SEDENTARY,Fitbit App
2025-08-09T14:27:47Z,LIGHTLY_ACTIVE,Fitbit App
2025-08-09T14:28:47Z,LIGHTLY_ACTIVE,Fitbit App
2025-08-09T14:29:47Z,MODERATELY_ACTIVE,Fitbit App
2025-08-09T14:30:47Z,MODERATELY_ACTIVE,Fitbit App
2025-08-09T14:33:47Z,LIGHTLY_ACTIVE,Fitbit App
2025-08-09T14:34:47Z,MODERATELY_ACTIVE,Fitbit App
2025-08-09T14:35:47Z,VERY_ACTIVE,Fitbit App
2025-08-09T14:36:47Z,VERY_ACTIVE,Fitbit App
2025-08-09T14:37:47Z,VERY_ACTIVE,Fitbit App
2025-08-09T14:38:47Z,LIGHTLY_ACTIVE,Fitbit App
2025-08-09T14:39:47Z,SEDENTARY,Fitbit App
2025-08-09T14:40:32Z,MODERATELY_ACTIVE,Fitbit App
2025-08-09T14:41:32Z,VERY_ACTIVE,Fitbit App
2025-08-09T14:42:32Z,VERY_ACTIVE,Fitbit App
2025-08-09T14:43:32Z,VERY_ACTIVE,Fitbit App
2025-08-09T14:44:32Z,VERY_ACTIVE,Fitbit App
2025-08-09T14:45:32Z,LIGHTLY_ACTIVE,Fitbit App
2025-08-09T14:46:32Z,VERY_ACTIVE,Fitbit App
2025-08-09T14:47:32Z,MODERATELY_ACTIVE,Fitbit App
2025-08-09T14:48:32Z,MODERATELY_ACTIVE,Fitbit App
2025-08-09T14:49:32Z,LIGHTLY_ACTIVE,Fitbit App
2025-08-09T14:50:32Z,LIGHTLY_ACTIVE,Fitbit App
2025-08-09T16:20:32Z,LIGHTLY_ACTIVE,Fitbit App
2025-08-09T16:21:32Z,LIGHTLY_ACTIVE,Fitbit App
2025-08-09T16:43:32Z,LIGHTLY_ACTIVE,Fitbit App
2025-08-09T16:44:32Z,LIGHTLY_ACTIVE,Fitbit App
2025-08-09T16:45:32Z,LIGHTLY_ACTIVE,Fitbit App
2025-08-09T16:46:32Z,MODERATELY_ACTIVE,Fitbit App
2025-08-09T16:47:32Z,LIGHTLY_ACTIVE,Fitbit App
2025-08-09T16:48:32Z,MODERATELY_ACTIVE,Fitbit App
2025-08-09T16:49:32Z,LIGHTLY_ACTIVE,Fitbit App
2025-08-09T16:51:32Z,SEDENTARY,Fitbit App
2025-08-09T16:52:32Z,LIGHTLY_ACTIVE,Fitbit App
2025-08-09T16:53:32Z,VERY_ACTIVE,Fitbit App
2025-08-09T16:54:32Z,LIGHTLY_ACTIVE,Fitbit App
2025-08-09T16:55:32Z,LIGHTLY_ACTIVE,Fitbit App
2025-08-09T16:56:32Z,MODERATELY_ACTIVE,Fitbit App
2025-08-09T16:57:32Z,VERY_ACTIVE,Fitbit App
2025-08-09T16:58:32Z,VERY_ACTIVE,Fitbit App
2025-08-09T16:59:32Z,VERY_ACTIVE,Fitbit App
2025-08-09T17:00:32Z,VERY_ACTIVE,Fitbit App
2025-08-09T17:01:32Z,LIGHTLY_ACTIVE,Fitbit App
2025-08-09T17:02:32Z,VERY_ACTIVE,Fitbit App
2025-08-09T17:03:32Z,MODERATELY_ACTIVE,Fitbit App
2025-08-10T03:45:32Z,LIGHTLY_ACTIVE,Fitbit App
2025-08-10T03:46:32Z,MODERATELY_ACTIVE,Fitbit App
2025-08-10T03:47:32Z,LIGHTLY_ACTIVE,Fitbit App
2025-08-10T03:54:32Z,LIGHTLY_ACTIVE,Fitbit App
2025-08-10T03:55:32Z,MODERATELY_ACTIVE,Fitbit App
2025-08-10T03:56:32Z,MODERATELY_ACTIVE,Fitbit App
2025-08-10T03:57:32Z,LIGHTLY_ACTIVE,Fitbit App
2025-08-10T07:53:32Z,LIGHTLY_ACTIVE,Fitbit App
2025-08-10T07:54:32Z,MODERATELY_ACTIVE,Fitbit App
2025-08-10T07:55:32Z,LIGHTLY_ACTIVE,Fitbit App
2025-08-10T08:07:32Z,LIGHTLY_ACTIVE,Fitbit App
2025-08-10T08:08:32Z,LIGHTLY_ACTIVE,Fitbit App
2025-08-10T08:09:32Z,MODERATELY_ACTIVE,Fitbit App
2025-08-10T08:10:32Z,LIGHTLY_ACTIVE,Fitbit App
2025-08-10T12:12:32Z,SEDENTARY,Fitbit App
2025-08-10T12:13:32Z,LIGHTLY_ACTIVE,Fitbit App
2025-08-10T12:14:32Z,VERY_ACTIVE,Fitbit App
2025-08-10T12:15:32Z,LIGHTLY_ACTIVE,Fitbit App
2025-08-10T12:16:32Z,LIGHTLY_ACTIVE,Fitbit App
2025-08-10T12:19:32Z,LIGHTLY_ACTIVE,Fitbit App
2025-08-10T12:20:32Z,MODERATELY_ACTIVE,Fitbit App
2025-08-10T12:21:32Z,VERY_ACTIVE,Fitbit App
2025-08-10T12:22:32Z,MODERATELY_ACTIVE,Fitbit App
2025-08-10T14:12:00Z,SEDENTARY,Fitbit App
2025-08-10T14:13:00Z,SEDENTARY,Fitbit App
2025-08-10T14:14:00Z,SEDENTARY,Fitbit App
2025-08-10T14:15:00Z,SEDENTARY,Fitbit App
2025-08-10T14:17:00Z,SEDENTARY,Fitbit App
2025-08-10T14:18:00Z,SEDENTARY,Fitbit App
2025-08-10T14:30:00Z,SEDENTARY,Fitbit App
2025-08-10T14:31:00Z,SEDENTARY,Fitbit App
2025-08-10T14:32:00Z,SEDENTARY,Fitbit App
2025-08-10T14:33:00Z,SEDENTARY,Fitbit App
2025-08-10T14:34:00Z,SEDENTARY,Fitbit App
2025-08-10T14:35:00Z,SEDENTARY,Fitbit App
2025-08-10T14:39:00Z,SEDENTARY,Fitbit App
2025-08-10T14:40:00Z,SEDENTARY,Fitbit App
2025-08-10T14:41:00Z,SEDENTARY,Fitbit App
2025-08-10T14:42:00Z,SEDENTARY,Fitbit App
2025-08-10T14:52:00Z,SEDENTARY,Fitbit App
2025-08-10T14:53:00Z,SEDENTARY,Fitbit App
2025-08-10T14:56:00Z,SEDENTARY,Fitbit App
2025-08-10T14:57:00Z,SEDENTARY,Fitbit App
2025-08-10T14:58:00Z,SEDENTARY,Fitbit App
2025-08-10T14:59:00Z,SEDENTARY,Fitbit App
2025-08-10T15:00:00Z,SEDENTARY,Fitbit App
2025-08-10T15:02:00Z,SEDENTARY,Fitbit App
2025-08-10T15:04:00Z,SEDENTARY,Fitbit App
2025-08-10T15:06:00Z,SEDENTARY,Fitbit App
2025-08-10T15:09:00Z,SEDENTARY,Fitbit App
2025-08-10T15:11:00Z,SEDENTARY,Fitbit App
2025-08-10T15:12:00Z,SEDENTARY,Fitbit App
2025-08-10T15:13:00Z,SEDENTARY,Fitbit App
2025-08-10T15:14:00Z,SEDENTARY,Fitbit App
2025-08-10T15:15:00Z,SEDENTARY,Fitbit App
2025-08-10T15:17:00Z,SEDENTARY,Fitbit App
2025-08-10T15:22:00Z,SEDENTARY,Fitbit App
2025-08-10T15:23:00Z,SEDENTARY,Fitbit App
2025-08-10T15:24:00Z,SEDENTARY,Fitbit App
2025-08-10T15:26:00Z,SEDENTARY,Fitbit App
2025-08-10T15:28:00Z,SEDENTARY,Fitbit App
2025-08-10T15:47:00Z,LIGHTLY_ACTIVE,Fitbit App
2025-08-10T16:21:00Z,SEDENTARY,Fitbit App
2025-08-10T16:28:00Z,VERY_ACTIVE,Fitbit App
2025-08-10T16:50:00Z,SEDENTARY,Fitbit App
2025-08-10T16:51:00Z,SEDENTARY,Fitbit App
2025-08-10T17:00:00Z,SEDENTARY,Fitbit App
2025-08-10T17:40:00Z,SEDENTARY,Fitbit App
2025-08-10T17:46:00Z,SEDENTARY,Fitbit App
2025-08-10T17:47:00Z,SEDENTARY,Fitbit App
2025-08-10T17:48:00Z,SEDENTARY,Fitbit App
2025-08-10T17:56:00Z,SEDENTARY,Fitbit App
2025-08-10T18:02:00Z,SEDENTARY,Fitbit App
2025-08-10T18:03:00Z,SEDENTARY,Fitbit App
2025-08-10T18:04:00Z,SEDENTARY,Fitbit App
2025-08-10T18:08:00Z,SEDENTARY,Fitbit App
2025-08-10T18:14:00Z,SEDENTARY,Fitbit App
2025-08-10T18:18:00Z,SEDENTARY,Fitbit App
2025-08-10T18:35:00Z,SEDENTARY,Fitbit App
2025-08-10T18:38:00Z,SEDENTARY,Fitbit App
2025-08-10T18:45:00Z,SEDENTARY,Fitbit App
2025-08-10T18:46:00Z,SEDENTARY,Fitbit App
2025-08-10T18:47:00Z,SEDENTARY,Fitbit App
2025-08-10T18:49:00Z,SEDENTARY,Fitbit App
2025-08-10T18:52:00Z,SEDENTARY,Fitbit App
2025-08-10T18:53:00Z,SEDENTARY,Fitbit App
2025-08-10T18:55:00Z,SEDENTARY,Fitbit App
2025-08-10T18:56:00Z,SEDENTARY,Fitbit App
2025-08-10T19:00:00Z,SEDENTARY,Fitbit App
2025-08-10T19:05:00Z,SEDENTARY,Fitbit App
2025-08-10T19:07:00Z,SEDENTARY,Fitbit App
2025-08-10T19:13:00Z,SEDENTARY,Fitbit App
2025-08-10T19:20:00Z,SEDENTARY,Fitbit App
2025-08-10T19:22:00Z,SEDENTARY,Fitbit App
2025-08-10T19:28:00Z,SEDENTARY,Fitbit App
2025-08-10T19:33:00Z,SEDENTARY,Fitbit App
2025-08-10T19:41:00Z,SEDENTARY,Fitbit App
2025-08-10T19:42:00Z,SEDENTARY,Fitbit App
2025-08-10T19:50:00Z,SEDENTARY,Fitbit App
2025-08-10T19:57:00Z,SEDENTARY,Fitbit App
2025-08-10T20:00:00Z,SEDENTARY,Fitbit App
2025-08-10T20:02:00Z,SEDENTARY,Fitbit App
2025-08-10T20:03:00Z,SEDENTARY,Fitbit App
2025-08-10T20:14:00Z,MODERATELY_ACTIVE,Fitbit App
2025-08-10T20:15:00Z,SEDENTARY,Fitbit App
2025-08-10T20:18:00Z,SEDENTARY,Fitbit App
2025-08-10T20:30:00Z,SEDENTARY,Fitbit App
2025-08-10T21:00:00Z,SEDENTARY,Fitbit App
2025-08-10T21:02:00Z,SEDENTARY,Fitbit App
2025-08-10T21:19:00Z,LIGHTLY_ACTIVE,Fitbit App
2025-08-10T21:23:00Z,SEDENTARY,Fitbit App
2025-08-10T21:24:00Z,SEDENTARY,Fitbit App
2025-08-10T21:26:00Z,SEDENTARY,Fitbit App
2025-08-10T21:27:00Z,SEDENTARY,Fitbit App
2025-08-10T21:43:00Z,SEDENTARY,Fitbit App
2025-08-10T21:49:00Z,MODERATELY_ACTIVE,Fitbit App
2025-08-10T21:50:00Z,SEDENTARY,Fitbit App
2025-08-10T21:51:00Z,SEDENTARY,Fitbit App
2025-08-10T21:55:00Z,MODERATELY_ACTIVE,Fitbit App
2025-08-10T21:59:00Z,VERY_ACTIVE,Fitbit App
2025-08-10T22:01:00Z,VERY_ACTIVE,Fitbit App
2025-08-10T23:01:00Z,MODERATELY_ACTIVE,Fitbit App
2025-08-10T23:08:00Z,VERY_ACTIVE,Fitbit App
2025-08-10T23:10:00Z,VERY_ACTIVE,Fitbit App
2025-08-11T05:36:00Z,SEDENTARY,Fitbit App
2025-08-11T08:19:59Z,LIGHTLY_ACTIVE,Fitbit App
2025-08-11T08:20:59Z,VERY_ACTIVE,Fitbit App
2025-08-11T08:21:59Z,LIGHTLY_ACTIVE,Fitbit App
2025-08-11T08:29:59Z,LIGHTLY_ACTIVE,Fitbit App
2025-08-11T08:30:59Z,MODERATELY_ACTIVE,Fitbit App
2025-08-11T08:31:59Z,MODERATELY_ACTIVE,Fitbit App
2025-08-11T08:32:59Z,MODERATELY_ACTIVE,Fitbit App
2025-08-11T09:32:00Z,SEDENTARY,Fitbit App
2025-08-11T09:33:00Z,SEDENTARY,Fitbit App
2025-08-11T09:39:00Z,SEDENTARY,Fitbit App
2025-08-11T10:03:00Z,SEDENTARY,Fitbit App
2025-08-11T10:07:00Z,SEDENTARY,Fitbit App
2025-08-11T10:20:00Z,SEDENTARY,Fitbit App
2025-08-11T10:30:00Z,SEDENTARY,Fitbit App
2025-08-11T10:41:00Z,SEDENTARY,Fitbit App
2025-08-11T10:53:00Z,SEDENTARY,Fitbit App
2025-08-11T11:54:00Z,SEDENTARY,Fitbit App
2025-08-11T12:11:00Z,SEDENTARY,Fitbit App
2025-08-11T12:45:00Z,SEDENTARY,Fitbit App
2025-08-11T12:49:00Z,SEDENTARY,Fitbit App
2025-08-11T13:03:00Z,SEDENTARY,Fitbit App
2025-08-11T13:31:00Z,SEDENTARY,Fitbit App
2025-08-11T13:32:00Z,SEDENTARY,Fitbit App
2025-08-11T13:37:00Z,SEDENTARY,Fitbit App
2025-08-11T13:44:00Z,SEDENTARY,Fitbit App
2025-08-11T13:45:00Z,SEDENTARY,Fitbit App
2025-08-11T13:54:00Z,SEDENTARY,Fitbit App
2025-08-11T14:15:00Z,SEDENTARY,Fitbit App
2025-08-11T14:32:00Z,SEDENTARY,Fitbit App
2025-08-11T16:38:00Z,SEDENTARY,Fitbit App
2025-08-11T16:42:00Z,SEDENTARY,Fitbit App
2025-08-11T16:44:00Z,SEDENTARY,Fitbit App
2025-08-11T16:46:00Z,SEDENTARY,Fitbit App
2025-08-11T17:02:00Z,SEDENTARY,Fitbit App
2025-08-11T17:03:00Z,MODERATELY_ACTIVE,Fitbit App
2025-08-11T17:04:00Z,VERY_ACTIVE,Fitbit App
2025-08-11T17:05:00Z,VERY_ACTIVE,Fitbit App
2025-08-11T17:06:00Z,VERY_ACTIVE,Fitbit App
2025-08-11T17:07:00Z,VERY_ACTIVE,Fitbit App
2025-08-11T17:08:00Z,VERY_ACTIVE,Fitbit App
2025-08-11T17:09:00Z,VERY_ACTIVE,Fitbit App
2025-08-11T17:10:00Z,VERY_ACTIVE,Fitbit App
2025-08-11T17:11:00Z,VERY_ACTIVE,Fitbit App
2025-08-11T17:12:00Z,VERY_ACTIVE,Fitbit App
2025-08-11T17:13:00Z,VERY_ACTIVE,Fitbit App
2025-08-11T17:14:00Z,VERY_ACTIVE,Fitbit App
2025-08-11T17:16:00Z,VERY_ACTIVE,Fitbit App
2025-08-11T17:19:00Z,VERY_ACTIVE,Fitbit App
2025-08-11T17:20:00Z,VERY_ACTIVE,Fitbit App
2025-08-11T17:21:00Z,VERY_ACTIVE,Fitbit App
2025-08-11T17:22:00Z,VERY_ACTIVE,Fitbit App
2025-08-11T17:23:00Z,VERY_ACTIVE,Fitbit App
2025-08-11T17:24:00Z,VERY_ACTIVE,Fitbit App
2025-08-11T17:25:00Z,MODERATELY_ACTIVE,Fitbit App
2025-08-11T17:26:00Z,SEDENTARY,Fitbit App
2025-08-11T17:27:00Z,SEDENTARY,Fitbit App
2025-08-11T17:28:00Z,SEDENTARY,Fitbit App
2025-08-11T17:29:00Z,SEDENTARY,Fitbit App
2025-08-11T17:30:00Z,SEDENTARY,Fitbit App
2025-08-11T17:31:00Z,SEDENTARY,Fitbit App
2025-08-11T17:37:00Z,SEDENTARY,Fitbit App
2025-08-11T17:38:00Z,SEDENTARY,Fitbit App
2025-08-11T17:40:00Z,SEDENTARY,Fitbit App
2025-08-11T17:44:00Z,SEDENTARY,Fitbit App
2025-08-11T17:49:00Z,SEDENTARY,Fitbit App
2025-08-11T17:53:00Z,SEDENTARY,Fitbit App
2025-08-11T17:54:00Z,SEDENTARY,Fitbit App
2025-08-11T17:55:00Z,SEDENTARY,Fitbit App
2025-08-11T18:05:00Z,SEDENTARY,Fitbit App
2025-08-11T18:07:00Z,SEDENTARY,Fitbit App
2025-08-11T18:08:00Z,SEDENTARY,Fitbit App
2025-08-11T18:12:00Z,SEDENTARY,Fitbit App
2025-08-11T18:15:00Z,SEDENTARY,Fitbit App
2025-08-11T18:17:00Z,SEDENTARY,Fitbit App
2025-08-11T18:25:00Z,SEDENTARY,Fitbit App
2025-08-11T18:26:00Z,SEDENTARY,Fitbit App
2025-08-11T18:27:00Z,SEDENTARY,Fitbit App
2025-08-11T18:34:00Z,SEDENTARY,Fitbit App
2025-08-11T18:37:00Z,SEDENTARY,Fitbit App
2025-08-11T18:40:00Z,SEDENTARY,Fitbit App
2025-08-11T18:43:00Z,SEDENTARY,Fitbit App
2025-08-11T18:44:00Z,SEDENTARY,Fitbit App
2025-08-11T18:45:00Z,SEDENTARY,Fitbit App
2025-08-11T18:46:00Z,SEDENTARY,Fitbit App
2025-08-11T18:48:00Z,SEDENTARY,Fitbit App
2025-08-11T18:49:00Z,SEDENTARY,Fitbit App
2025-08-11T18:50:00Z,SEDENTARY,Fitbit App
2025-08-11T18:56:00Z,SEDENTARY,Fitbit App
2025-08-11T18:57:00Z,SEDENTARY,Fitbit App
2025-08-11T19:01:00Z,SEDENTARY,Fitbit App
2025-08-11T19:02:00Z,SEDENTARY,Fitbit App
2025-08-11T19:04:00Z,SEDENTARY,Fitbit App
2025-08-11T19:05:00Z,SEDENTARY,Fitbit App
2025-08-11T19:06:00Z,SEDENTARY,Fitbit App
2025-08-11T19:07:00Z,SEDENTARY,Fitbit App
2025-08-11T19:08:00Z,SEDENTARY,Fitbit App
2025-08-11T19:09:00Z,SEDENTARY,Fitbit App
2025-08-11T19:10:00Z,SEDENTARY,Fitbit App
2025-08-11T19:11:00Z,SEDENTARY,Fitbit App
2025-08-11T19:14:00Z,SEDENTARY,Fitbit App
2025-08-11T19:15:00Z,SEDENTARY,Fitbit App
2025-08-11T19:16:00Z,SEDENTARY,Fitbit App
2025-08-11T19:17:00Z,SEDENTARY,Fitbit App
2025-08-11T19:18:00Z,SEDENTARY,Fitbit App
2025-08-11T19:19:00Z,SEDENTARY,Fitbit App
2025-08-11T19:20:00Z,SEDENTARY,Fitbit App
2025-08-11T19:22:00Z,SEDENTARY,Fitbit App
2025-08-11T19:24:00Z,LIGHTLY_ACTIVE,Fitbit App
2025-08-11T19:25:00Z,MODERATELY_ACTIVE,Fitbit App
2025-08-11T19:30:00Z,SEDENTARY,Fitbit App
2025-08-11T19:32:00Z,LIGHTLY_ACTIVE,Fitbit App
2025-08-11T19:33:00Z,SEDENTARY,Fitbit App
2025-08-11T19:34:00Z,SEDENTARY,Fitbit App
2025-08-11T19:35:00Z,SEDENTARY,Fitbit App
2025-08-11T19:37:00Z,SEDENTARY,Fitbit App
2025-08-12T06:58:04Z,LIGHTLY_ACTIVE,Fitbit App
2025-08-12T06:59:04Z,VERY_ACTIVE,Fitbit App
2025-08-12T07:00:04Z,VERY_ACTIVE,Fitbit App
2025-08-12T07:01:04Z,LIGHTLY_ACTIVE,Fitbit App
2025-08-12T07:02:04Z,VERY_ACTIVE,Fitbit App
2025-08-12T07:03:04Z,VERY_ACTIVE,Fitbit App
2025-08-12T07:04:04Z,LIGHTLY_ACTIVE,Fitbit App
2025-08-12T07:51:04Z,LIGHTLY_ACTIVE,Fitbit App
2025-08-12T07:52:04Z,LIGHTLY_ACTIVE,Fitbit App
2025-08-12T08:06:04Z,LIGHTLY_ACTIVE,Fitbit App
2025-08-12T08:07:04Z,MODERATELY_ACTIVE,Fitbit App
2025-08-12T08:08:04Z,MODERATELY_ACTIVE,Fitbit App
2025-08-12T08:09:04Z,MODERATELY_ACTIVE,Fitbit App
2025-08-12T08:10:04Z,LIGHTLY_ACTIVE,Fitbit App
2025-08-12T08:11:04Z,MODERATELY_ACTIVE,Fitbit App
2025-08-12T08:20:04Z,LIGHTLY_ACTIVE,Fitbit App
2025-08-12T08:21:04Z,MODERATELY_ACTIVE,Fitbit App
2025-08-12T08:22:04Z,VERY_ACTIVE,Fitbit App
2025-08-12T08:23:04Z,MODERATELY_ACTIVE,Fitbit App
2025-08-12T11:14:04Z,LIGHTLY_ACTIVE,Fitbit App
2025-08-12T11:15:04Z,VERY_ACTIVE,Fitbit App
2025-08-12T11:16:04Z,VERY_ACTIVE,Fitbit App
2025-08-12T11:17:04Z,MODERATELY_ACTIVE,Fitbit App
2025-08-12T11:18:04Z,VERY_ACTIVE,Fitbit App
2025-08-12T11:19:04Z,VERY_ACTIVE,Fitbit App
2025-08-12T11:20:04Z,VERY_ACTIVE,Fitbit App
2025-08-12T11:21:04Z,VERY_ACTIVE,Fitbit App
2025-08-12T11:22:04Z,LIGHTLY_ACTIVE,Fitbit App
2025-08-12T11:23:04Z,MODERATELY_ACTIVE,Fitbit App
2025-08-12T11:24:04Z,MODERATELY_ACTIVE,Fitbit App
2025-08-12T11:25:04Z,MODERATELY_ACTIVE,Fitbit App
2025-08-12T11:26:04Z,VERY_ACTIVE,Fitbit App
2025-08-12T11:27:04Z,VERY_ACTIVE,Fitbit App
2025-08-12T11:28:04Z,VERY_ACTIVE,Fitbit App
2025-08-12T11:29:04Z,MODERATELY_ACTIVE,Fitbit App
2025-08-12T11:30:04Z,LIGHTLY_ACTIVE,Fitbit App
2025-08-12T11:31:04Z,VERY_ACTIVE,Fitbit App
2025-08-12T11:32:04Z,MODERATELY_ACTIVE,Fitbit App
2025-08-12T11:33:04Z,LIGHTLY_ACTIVE,Fitbit App
2025-08-12T11:37:04Z,LIGHTLY_ACTIVE,Fitbit App
2025-08-12T11:38:04Z,MODERATELY_ACTIVE,Fitbit App
2025-08-12T11:39:04Z,MODERATELY_ACTIVE,Fitbit App
2025-08-12T11:40:04Z,VERY_ACTIVE,Fitbit App
2025-08-12T11:41:04Z,MODERATELY_ACTIVE,Fitbit App
2025-08-12T11:42:04Z,VERY_ACTIVE,Fitbit App
2025-08-12T11:43:04Z,LIGHTLY_ACTIVE,Fitbit App
2025-08-12T11:44:04Z,LIGHTLY_ACTIVE,Fitbit App
2025-08-12T11:49:04Z,LIGHTLY_ACTIVE,Fitbit App
2025-08-12T11:50:04Z,VERY_ACTIVE,Fitbit App
2025-08-12T11:51:04Z,MODERATELY_ACTIVE,Fitbit App
2025-08-12T12:03:04Z,LIGHTLY_ACTIVE,Fitbit App
2025-08-12T12:04:04Z,MODERATELY_ACTIVE,Fitbit App
2025-08-12T12:05:04Z,MODERATELY_ACTIVE,Fitbit App
2025-08-12T12:09:04Z,LIGHTLY_ACTIVE,Fitbit App
2025-08-12T12:10:04Z,MODERATELY_ACTIVE,Fitbit App
2025-08-12T12:11:04Z,MODERATELY_ACTIVE,Fitbit App
2025-08-12T12:30:04Z,LIGHTLY_ACTIVE,Fitbit App
2025-08-12T12:31:04Z,MODERATELY_ACTIVE,Fitbit App
2025-08-12T12:32:04Z,LIGHTLY_ACTIVE,Fitbit App
2025-08-12T12:34:04Z,LIGHTLY_ACTIVE,Fitbit App
2025-08-12T12:35:04Z,MODERATELY_ACTIVE,Fitbit App
2025-08-12T12:36:04Z,MODERATELY_ACTIVE,Fitbit App
2025-08-12T12:37:04Z,MODERATELY_ACTIVE,Fitbit App
2025-08-12T12:38:04Z,MODERATELY_ACTIVE,Fitbit App
2025-08-12T12:39:04Z,LIGHTLY_ACTIVE,Fitbit App
2025-08-12T12:40:04Z,LIGHTLY_ACTIVE,Fitbit App
2025-08-12T12:41:04Z,MODERATELY_ACTIVE,Fitbit App
2025-08-12T12:42:04Z,MODERATELY_ACTIVE,Fitbit App
2025-08-12T15:22:04Z,LIGHTLY_ACTIVE,Fitbit App
2025-08-12T15:23:04Z,MODERATELY_ACTIVE,Fitbit App
2025-08-12T15:24:04Z,MODERATELY_ACTIVE,Fitbit App
2025-08-12T15:25:04Z,LIGHTLY_ACTIVE,Fitbit App
2025-08-12T15:26:04Z,LIGHTLY_ACTIVE,Fitbit App
2025-08-12T15:28:04Z,SEDENTARY,Fitbit App
2025-08-12T15:29:04Z,LIGHTLY_ACTIVE,Fitbit App
2025-08-12T15:30:04Z,LIGHTLY_ACTIVE,Fitbit App
2025-08-12T15:31:04Z,LIGHTLY_ACTIVE,Fitbit App
2025-08-12T15:33:04Z,LIGHTLY_ACTIVE,Fitbit App
2025-08-12T15:34:04Z,MODERATELY_ACTIVE,Fitbit App
2025-08-12T15:35:04Z,VERY_ACTIVE,Fitbit App
2025-08-12T15:36:04Z,LIGHTLY_ACTIVE,Fitbit App
2025-08-13T08:12:04Z,SEDENTARY,Fitbit App
2025-08-13T08:13:04Z,VERY_ACTIVE,Fitbit App
2025-08-13T08:14:04Z,MODERATELY_ACTIVE,Fitbit App
2025-08-13T08:15:04Z,LIGHTLY_ACTIVE,Fitbit App
2025-08-13T08:16:04Z,LIGHTLY_ACTIVE,Fitbit App
2025-08-13T08:25:04Z,LIGHTLY_ACTIVE,Fitbit App
2025-08-13T08:26:04Z,LIGHTLY_ACTIVE,Fitbit App
2025-08-13T08:27:04Z,MODERATELY_ACTIVE,Fitbit App
2025-08-13T08:28:04Z,VERY_ACTIVE,Fitbit App
2025-08-13T08:29:04Z,LIGHTLY_ACTIVE,Fitbit App
2025-08-13T11:15:04Z,SEDENTARY,Fitbit App
2025-08-13T11:16:04Z,LIGHTLY_ACTIVE,Fitbit App
2025-08-13T11:17:04Z,VERY_ACTIVE,Fitbit App
2025-08-13T11:18:04Z,MODERATELY_ACTIVE,Fitbit App
2025-08-13T11:19:04Z,MODERATELY_ACTIVE,Fitbit App
2025-08-13T11:20:04Z,VERY_ACTIVE,Fitbit App
2025-08-13T11:21:04Z,VERY_ACTIVE,Fitbit App
2025-08-13T11:22:04Z,VERY_ACTIVE,Fitbit App
2025-08-13T11:23:04Z,LIGHTLY_ACTIVE,Fitbit App
2025-08-13T11:24:04Z,MODERATELY_ACTIVE,Fitbit App
2025-08-13T11:25:04Z,MODERATELY_ACTIVE,Fitbit App
2025-08-13T11:26:04Z,VERY_ACTIVE,Fitbit App
2025-08-13T11:27:04Z,VERY_ACTIVE,Fitbit App
2025-08-13T11:28:04Z,VERY_ACTIVE,Fitbit App
2025-08-13T11:29:04Z,MODERATELY_ACTIVE,Fitbit App
2025-08-13T11:30:04Z,MODERATELY_ACTIVE,Fitbit App
2025-08-13T11:31:04Z,MODERATELY_ACTIVE,Fitbit App
2025-08-13T11:32:04Z,VERY_ACTIVE,Fitbit App
2025-08-13T11:33:04Z,LIGHTLY_ACTIVE,Fitbit App
2025-08-13T11:37:04Z,LIGHTLY_ACTIVE,Fitbit App
2025-08-13T11:38:04Z,MODERATELY_ACTIVE,Fitbit App
2025-08-13T11:39:04Z,MODERATELY_ACTIVE,Fitbit App
2025-08-13T11:40:04Z,MODERATELY_ACTIVE,Fitbit App
2025-08-13T14:30:04Z,LIGHTLY_ACTIVE,Fitbit App
2025-08-13T14:31:04Z,VERY_ACTIVE,Fitbit App
2025-08-13T14:32:04Z,MODERATELY_ACTIVE,Fitbit App
2025-08-13T14:33:04Z,MODERATELY_ACTIVE,Fitbit App
2025-08-13T14:34:04Z,MODERATELY_ACTIVE,Fitbit App
2025-08-13T14:35:04Z,VERY_ACTIVE,Fitbit App
2025-08-13T14:36:04Z,VERY_ACTIVE,Fitbit App
2025-08-13T14:37:04Z,VERY_ACTIVE,Fitbit App
2025-08-13T14:38:04Z,VERY_ACTIVE,Fitbit App
2025-08-13T14:39:04Z,VERY_ACTIVE,Fitbit App
2025-08-13T14:40:04Z,VERY_ACTIVE,Fitbit App
2025-08-13T14:41:04Z,LIGHTLY_ACTIVE,Fitbit App
2025-08-13T14:42:04Z,LIGHTLY_ACTIVE,Fitbit App
2025-08-13T14:43:04Z,MODERATELY_ACTIVE,Fitbit App
2025-08-13T21:53:04Z,SEDENTARY,Fitbit App
2025-08-13T21:54:04Z,LIGHTLY_ACTIVE,Fitbit App
2025-08-13T22:00:04Z,SEDENTARY,Fitbit App
2025-08-13T22:01:04Z,LIGHTLY_ACTIVE,Fitbit App
2025-08-14T05:48:04Z,LIGHTLY_ACTIVE,Fitbit App
2025-08-14T05:49:04Z,LIGHTLY_ACTIVE,Fitbit App
2025-08-14T05:50:04Z,MODERATELY_ACTIVE,Fitbit App
2025-08-14T05:51:04Z,LIGHTLY_ACTIVE,Fitbit App
2025-08-14T05:52:04Z,LIGHTLY_ACTIVE,Fitbit App
2025-08-14T05:53:04Z,MODERATELY_ACTIVE,Fitbit App
2025-08-14T05:54:04Z,LIGHTLY_ACTIVE,Fitbit App
2025-08-14T05:55:04Z,VERY_ACTIVE,Fitbit App
2025-08-14T05:56:04Z,MODERATELY_ACTIVE,Fitbit App
2025-08-14T05:57:04Z,LIGHTLY_ACTIVE,Fitbit App
2025-08-14T05:58:04Z,MODERATELY_ACTIVE,Fitbit App
2025-08-14T05:59:04Z,LIGHTLY_ACTIVE,Fitbit App
2025-08-14T06:00:04Z,MODERATELY_ACTIVE,Fitbit App
2025-08-14T06:01:04Z,VERY_ACTIVE,Fitbit App
2025-08-14T06:02:04Z,MODERATELY_ACTIVE,Fitbit App
2025-08-14T06:03:04Z,MODERATELY_ACTIVE,Fitbit App
2025-08-14T06:04:04Z,VERY_ACTIVE,Fitbit App
2025-08-14T06:05:04Z,MODERATELY_ACTIVE,Fitbit App
2025-08-14T06:06:04Z,VERY_ACTIVE,Fitbit App
2025-08-14T06:07:04Z,MODERATELY_ACTIVE,Fitbit App
2025-08-14T06:08:04Z,LIGHTLY_ACTIVE,Fitbit App
2025-08-14T06:09:04Z,VERY_ACTIVE,Fitbit App
2025-08-14T06:10:04Z,VERY_ACTIVE,Fitbit App
2025-08-14T06:51:04Z,SEDENTARY,Fitbit App
2025-08-14T06:52:04Z,MODERATELY_ACTIVE,Fitbit App
2025-08-14T06:53:04Z,VERY_ACTIVE,Fitbit App
2025-08-14T06:54:04Z,VERY_ACTIVE,Fitbit App
2025-08-14T06:55:04Z,VERY_ACTIVE,Fitbit App
2025-08-14T06:56:04Z,VERY_ACTIVE,Fitbit App
2025-08-14T06:57:04Z,LIGHTLY_ACTIVE,Fitbit App
2025-08-14T08:19:04Z,LIGHTLY_ACTIVE,Fitbit App
2025-08-14T08:20:04Z,VERY_ACTIVE,Fitbit App
2025-08-14T08:21:04Z,MODERATELY_ACTIVE,Fitbit App
2025-08-14T08:22:04Z,LIGHTLY_ACTIVE,Fitbit App
2025-08-14T08:23:04Z,LIGHTLY_ACTIVE,Fitbit App
2025-08-14T08:28:04Z,SEDENTARY,Fitbit App
2025-08-14T08:29:04Z,LIGHTLY_ACTIVE,Fitbit App
2025-08-14T08:30:04Z,MODERATELY_ACTIVE,Fitbit App
2025-08-14T08:31:04Z,VERY_ACTIVE,Fitbit App
2025-08-14T08:32:04Z,MODERATELY_ACTIVE,Fitbit App
2025-08-14T08:33:04Z,VERY_ACTIVE,Fitbit App
2025-08-14T08:34:04Z,LIGHTLY_ACTIVE,Fitbit App
2025-08-14T08:35:04Z,VERY_ACTIVE,Fitbit App
2025-08-14T08:36:04Z,VERY_ACTIVE,Fitbit App
2025-08-14T08:37:04Z,VERY_ACTIVE,Fitbit App
2025-08-14T08:38:04Z,VERY_ACTIVE,Fitbit App
2025-08-14T08:39:04Z,VERY_ACTIVE,Fitbit App
2025-08-14T08:40:04Z,MODERATELY_ACTIVE,Fitbit App
2025-08-14T08:41:04Z,VERY_ACTIVE,Fitbit App
2025-08-14T08:42:04Z,VERY_ACTIVE,Fitbit App
2025-08-14T08:43:04Z,MODERATELY_ACTIVE,Fitbit App
2025-08-14T09:04:04Z,LIGHTLY_ACTIVE,Fitbit App
2025-08-14T09:05:04Z,LIGHTLY_ACTIVE,Fitbit App
2025-08-14T09:06:04Z,LIGHTLY_ACTIVE,Fitbit App
2025-08-14T09:07:04Z,LIGHTLY_ACTIVE,Fitbit App
2025-08-14T09:08:04Z,LIGHTLY_ACTIVE,Fitbit App
2025-08-14T09:16:04Z,LIGHTLY_ACTIVE,Fitbit App
2025-08-14T09:17:04Z,LIGHTLY_ACTIVE,Fitbit App
2025-08-14T09:18:04Z,LIGHTLY_ACTIVE,Fitbit App
2025-08-14T09:19:04Z,LIGHTLY_ACTIVE,Fitbit App
2025-08-14T09:41:04Z,LIGHTLY_ACTIVE,Fitbit App
2025-08-14T09:42:04Z,LIGHTLY_ACTIVE,Fitbit App
2025-08-14T09:58:04Z,SEDENTARY,Fitbit App
2025-08-14T09:59:04Z,LIGHTLY_ACTIVE,Fitbit App
2025-08-14T10:00:04Z,LIGHTLY_ACTIVE,Fitbit App
2025-08-14T10:01:04Z,LIGHTLY_ACTIVE,Fitbit App
2025-08-14T10:14:04Z,LIGHTLY_ACTIVE,Fitbit App
2025-08-14T10:15:04Z,LIGHTLY_ACTIVE,Fitbit App
2025-08-14T10:22:04Z,LIGHTLY_ACTIVE,Fitbit App
2025-08-14T10:23:04Z,LIGHTLY_ACTIVE,Fitbit App
2025-08-14T10:24:04Z,LIGHTLY_ACTIVE,Fitbit App
2025-08-14T10:25:04Z,LIGHTLY_ACTIVE,Fitbit App
2025-08-14T10:26:04Z,LIGHTLY_ACTIVE,Fitbit App
2025-08-14T10:27:04Z,LIGHTLY_ACTIVE,Fitbit App
2025-08-14T10:28:04Z,LIGHTLY_ACTIVE,Fitbit App
2025-08-14T10:29:04Z,LIGHTLY_ACTIVE,Fitbit App
2025-08-14T10:30:04Z,LIGHTLY_ACTIVE,Fitbit App
2025-08-14T10:31:04Z,LIGHTLY_ACTIVE,Fitbit App
2025-08-14T10:32:04Z,LIGHTLY_ACTIVE,Fitbit App
2025-08-14T10:33:04Z,LIGHTLY_ACTIVE,Fitbit App
2025-08-14T10:37:04Z,SEDENTARY,Fitbit App
2025-08-14T10:38:04Z,LIGHTLY_ACTIVE,Fitbit App
2025-08-14T10:39:04Z,LIGHTLY_ACTIVE,Fitbit App
2025-08-14T10:41:04Z,LIGHTLY_ACTIVE,Fitbit App
2025-08-14T10:42:04Z,LIGHTLY_ACTIVE,Fitbit App
2025-08-14T10:43:04Z,LIGHTLY_ACTIVE,Fitbit App
2025-08-14T10:44:04Z,LIGHTLY_ACTIVE,Fitbit App
2025-08-14T10:45:04Z,LIGHTLY_ACTIVE,Fitbit App
2025-08-14T10:46:04Z,LIGHTLY_ACTIVE,Fitbit App
2025-08-14T10:47:04Z,LIGHTLY_ACTIVE,Fitbit App
2025-08-14T10:48:04Z,LIGHTLY_ACTIVE,Fitbit App
2025-08-14T10:49:04Z,LIGHTLY_ACTIVE,Fitbit App
2025-08-14T10:50:04Z,LIGHTLY_ACTIVE,Fitbit App
2025-08-14T10:52:04Z,LIGHTLY_ACTIVE,Fitbit App
2025-08-14T10:53:04Z,LIGHTLY_ACTIVE,Fitbit App
2025-08-14T10:54:04Z,LIGHTLY_ACTIVE,Fitbit App
2025-08-14T11:09:04Z,LIGHTLY_ACTIVE,Fitbit App
2025-08-14T11:10:04Z,LIGHTLY_ACTIVE,Fitbit App
2025-08-14T11:15:04Z,LIGHTLY_ACTIVE,Fitbit App
2025-08-14T11:16:04Z,LIGHTLY_ACTIVE,Fitbit App
2025-08-14T11:20:04Z,LIGHTLY_ACTIVE,Fitbit App
2025-08-14T11:21:04Z,LIGHTLY_ACTIVE,Fitbit App
2025-08-14T11:22:04Z,LIGHTLY_ACTIVE,Fitbit App
2025-08-14T11:23:04Z,LIGHTLY_ACTIVE,Fitbit App
2025-08-14T11:24:04Z,LIGHTLY_ACTIVE,Fitbit App
2025-08-14T11:25:04Z,LIGHTLY_ACTIVE,Fitbit App
2025-08-14T11:26:04Z,LIGHTLY_ACTIVE,Fitbit App
2025-08-14T11:27:04Z,LIGHTLY_ACTIVE,Fitbit App
2025-08-14T11:28:04Z,LIGHTLY_ACTIVE,Fitbit App
2025-08-14T11:29:04Z,LIGHTLY_ACTIVE,Fitbit App
2025-08-14T11:30:04Z,LIGHTLY_ACTIVE,Fitbit App
2025-08-14T11:31:04Z,LIGHTLY_ACTIVE,Fitbit App
2025-08-14T11:32:04Z,LIGHTLY_ACTIVE,Fitbit App
2025-08-14T11:33:04Z,MODERATELY_ACTIVE,Fitbit App
2025-08-14T11:34:04Z,VERY_ACTIVE,Fitbit App
2025-08-14T11:35:04Z,LIGHTLY_ACTIVE,Fitbit App
2025-08-14T11:36:04Z,LIGHTLY_ACTIVE,Fitbit App
2025-08-14T11:37:04Z,MODERATELY_ACTIVE,Fitbit App
2025-08-14T11:38:04Z,MODERATELY_ACTIVE,Fitbit App
2025-08-14T11:39:04Z,MODERATELY_ACTIVE,Fitbit App
2025-08-14T11:40:04Z,LIGHTLY_ACTIVE,Fitbit App
2025-08-14T11:41:04Z,MODERATELY_ACTIVE,Fitbit App
2025-08-14T11:42:04Z,MODERATELY_ACTIVE,Fitbit App
2025-08-14T11:43:04Z,MODERATELY_ACTIVE,Fitbit App
2025-08-14T11:44:04Z,VERY_ACTIVE,Fitbit App
2025-08-14T11:45:04Z,VERY_ACTIVE,Fitbit App
2025-08-14T11:50:00Z,SEDENTARY,Fitbit App
2025-08-14T11:51:00Z,SEDENTARY,Fitbit App
2025-08-14T12:04:00Z,SEDENTARY,Fitbit App
2025-08-14T12:09:04Z,SEDENTARY,Fitbit App
2025-08-14T12:10:04Z,LIGHTLY_ACTIVE,Fitbit App
2025-08-14T12:56:04Z,LIGHTLY_ACTIVE,Fitbit App
2025-08-14T12:57:04Z,LIGHTLY_ACTIVE,Fitbit App
2025-08-14T13:12:00Z,LIGHTLY_ACTIVE,Fitbit App
2025-08-14T13:13:00Z,MODERATELY_ACTIVE,Fitbit App
2025-08-14T13:14:00Z,VERY_ACTIVE,Fitbit App
2025-08-14T13:15:00Z,LIGHTLY_ACTIVE,Fitbit App
2025-08-14T13:16:00Z,MODERATELY_ACTIVE,Fitbit App
2025-08-14T13:17:00Z,MODERATELY_ACTIVE,Fitbit App
2025-08-14T13:18:00Z,VERY_ACTIVE,Fitbit App
2025-08-14T13:19:00Z,MODERATELY_ACTIVE,Fitbit App
2025-08-14T13:20:00Z,LIGHTLY_ACTIVE,Fitbit App
2025-08-14T13:21:00Z,SEDENTARY,Fitbit App
2025-08-14T13:22:00Z,LIGHTLY_ACTIVE,Fitbit App
2025-08-14T13:23:00Z,SEDENTARY,Fitbit App
2025-08-14T13:24:00Z,SEDENTARY,Fitbit App
2025-08-14T13:25:00Z,SEDENTARY,Fitbit App
2025-08-14T13:26:00Z,SEDENTARY,Fitbit App
2025-08-14T13:27:00Z,SEDENTARY,Fitbit App
2025-08-14T13:28:00Z,SEDENTARY,Fitbit App
2025-08-14T13:29:00Z,LIGHTLY_ACTIVE,Fitbit App
2025-08-14T13:30:00Z,LIGHTLY_ACTIVE,Fitbit App
2025-08-14T13:32:00Z,SEDENTARY,Fitbit App
2025-08-14T13:34:00Z,SEDENTARY,Fitbit App
2025-08-14T13:37:00Z,SEDENTARY,Fitbit App
2025-08-14T13:39:00Z,SEDENTARY,Fitbit App
2025-08-14T13:40:00Z,SEDENTARY,Fitbit App
2025-08-14T13:41:00Z,SEDENTARY,Fitbit App
2025-08-14T13:42:00Z,SEDENTARY,Fitbit App
2025-08-14T13:43:00Z,SEDENTARY,Fitbit App
2025-08-14T13:44:00Z,SEDENTARY,Fitbit App
2025-08-14T13:45:00Z,SEDENTARY,Fitbit App
2025-08-14T13:51:00Z,SEDENTARY,Fitbit App
2025-08-14T13:54:00Z,SEDENTARY,Fitbit App
2025-08-14T13:55:00Z,SEDENTARY,Fitbit App
2025-08-14T13:56:00Z,SEDENTARY,Fitbit App
2025-08-14T13:57:00Z,LIGHTLY_ACTIVE,Fitbit App
2025-08-14T13:58:00Z,SEDENTARY,Fitbit App
2025-08-14T13:59:00Z,SEDENTARY,Fitbit App
2025-08-14T14:01:00Z,SEDENTARY,Fitbit App
2025-08-14T14:02:00Z,SEDENTARY,Fitbit App
2025-08-14T14:03:00Z,LIGHTLY_ACTIVE,Fitbit App
2025-08-14T14:04:00Z,SEDENTARY,Fitbit App
2025-08-14T14:05:00Z,SEDENTARY,Fitbit App
2025-08-14T14:06:00Z,SEDENTARY,Fitbit App
2025-08-14T14:07:00Z,LIGHTLY_ACTIVE,Fitbit App
2025-08-14T14:08:00Z,LIGHTLY_ACTIVE,Fitbit App
2025-08-14T14:09:00Z,LIGHTLY_ACTIVE,Fitbit App
2025-08-14T14:10:00Z,LIGHTLY_ACTIVE,Fitbit App
2025-08-14T14:11:00Z,SEDENTARY,Fitbit App
2025-08-14T14:12:00Z,SEDENTARY,Fitbit App
2025-08-14T14:13:00Z,SEDENTARY,Fitbit App
2025-08-14T14:14:00Z,SEDENTARY,Fitbit App
2025-08-14T14:15:00Z,SEDENTARY,Fitbit App
2025-08-14T14:16:00Z,LIGHTLY_ACTIVE,Fitbit App
2025-08-14T14:17:00Z,LIGHTLY_ACTIVE,Fitbit App
2025-08-14T14:18:00Z,LIGHTLY_ACTIVE,Fitbit App
2025-08-14T14:19:00Z,SEDENTARY,Fitbit App
2025-08-14T14:20:00Z,SEDENTARY,Fitbit App
2025-08-14T14:21:00Z,SEDENTARY,Fitbit App
2025-08-14T14:22:00Z,LIGHTLY_ACTIVE,Fitbit App
2025-08-14T14:23:00Z,SEDENTARY,Fitbit App
2025-08-14T14:24:00Z,SEDENTARY,Fitbit App
2025-08-14T14:25:00Z,SEDENTARY,Fitbit App
2025-08-14T14:26:00Z,SEDENTARY,Fitbit App
2025-08-14T14:27:00Z,LIGHTLY_ACTIVE,Fitbit App
2025-08-14T14:28:00Z,LIGHTLY_ACTIVE,Fitbit App
2025-08-14T14:29:00Z,LIGHTLY_ACTIVE,Fitbit App
2025-08-14T14:30:00Z,LIGHTLY_ACTIVE,Fitbit App
2025-08-14T14:31:00Z,LIGHTLY_ACTIVE,Fitbit App
2025-08-14T14:32:00Z,SEDENTARY,Fitbit App
2025-08-14T14:33:00Z,SEDENTARY,Fitbit App
2025-08-14T14:34:00Z,SEDENTARY,Fitbit App
2025-08-14T14:35:00Z,SEDENTARY,Fitbit App
2025-08-14T14:36:00Z,LIGHTLY_ACTIVE,Fitbit App
2025-08-14T14:37:00Z,LIGHTLY_ACTIVE,Fitbit App
2025-08-14T14:38:00Z,LIGHTLY_ACTIVE,Fitbit App
2025-08-14T14:39:00Z,LIGHTLY_ACTIVE,Fitbit App
2025-08-14T14:40:00Z,LIGHTLY_ACTIVE,Fitbit App
2025-08-14T14:41:00Z,SEDENTARY,Fitbit App
2025-08-14T14:42:00Z,LIGHTLY_ACTIVE,Fitbit App
2025-08-14T14:43:00Z,SEDENTARY,Fitbit App
2025-08-14T14:44:00Z,SEDENTARY,Fitbit App
2025-08-14T14:45:00Z,LIGHTLY_ACTIVE,Fitbit App
2025-08-14T14:46:00Z,SEDENTARY,Fitbit App
2025-08-14T14:47:00Z,SEDENTARY,Fitbit App
2025-08-14T14:48:00Z,LIGHTLY_ACTIVE,Fitbit App
2025-08-14T14:49:00Z,SEDENTARY,Fitbit App
2025-08-14T14:50:00Z,SEDENTARY,Fitbit App
2025-08-14T14:51:00Z,SEDENTARY,Fitbit App
2025-08-14T14:52:00Z,SEDENTARY,Fitbit App
2025-08-14T14:53:00Z,SEDENTARY,Fitbit App
2025-08-14T14:54:00Z,SEDENTARY,Fitbit App
2025-08-14T14:55:00Z,SEDENTARY,Fitbit App
2025-08-14T14:56:00Z,SEDENTARY,Fitbit App
2025-08-14T14:57:00Z,SEDENTARY,Fitbit App
2025-08-14T14:58:00Z,SEDENTARY,Fitbit App
2025-08-14T14:59:00Z,LIGHTLY_ACTIVE,Fitbit App
2025-08-14T15:00:00Z,SEDENTARY,Fitbit App
2025-08-14T15:01:00Z,SEDENTARY,Fitbit App
2025-08-14T15:02:00Z,SEDENTARY,Fitbit App
2025-08-14T15:03:00Z,SEDENTARY,Fitbit App
2025-08-14T15:04:00Z,SEDENTARY,Fitbit App
2025-08-14T15:05:00Z,MODERATELY_ACTIVE,Fitbit App
2025-08-14T15:06:00Z,LIGHTLY_ACTIVE,Fitbit App
2025-08-14T15:07:00Z,MODERATELY_ACTIVE,Fitbit App
2025-08-14T15:08:00Z,LIGHTLY_ACTIVE,Fitbit App
2025-08-14T15:09:00Z,LIGHTLY_ACTIVE,Fitbit App
2025-08-14T15:10:00Z,SEDENTARY,Fitbit App
2025-08-14T15:11:00Z,SEDENTARY,Fitbit App
2025-08-14T15:12:00Z,SEDENTARY,Fitbit App
2025-08-14T15:13:00Z,LIGHTLY_ACTIVE,Fitbit App
2025-08-14T15:14:00Z,SEDENTARY,Fitbit App
2025-08-14T15:15:00Z,LIGHTLY_ACTIVE,Fitbit App
2025-08-14T15:16:00Z,LIGHTLY_ACTIVE,Fitbit App
2025-08-14T15:17:00Z,LIGHTLY_ACTIVE,Fitbit App
2025-08-14T15:18:00Z,LIGHTLY_ACTIVE,Fitbit App
2025-08-14T15:19:00Z,LIGHTLY_ACTIVE,Fitbit App
2025-08-14T15:20:00Z,LIGHTLY_ACTIVE,Fitbit App
2025-08-14T15:21:00Z,SEDENTARY,Fitbit App
2025-08-14T15:22:00Z,SEDENTARY,Fitbit App
2025-08-14T15:23:00Z,MODERATELY_ACTIVE,Fitbit App
2025-08-14T15:24:00Z,LIGHTLY_ACTIVE,Fitbit App
2025-08-14T15:25:00Z,LIGHTLY_ACTIVE,Fitbit App
2025-08-14T15:26:00Z,MODERATELY_ACTIVE,Fitbit App
2025-08-14T15:27:00Z,MODERATELY_ACTIVE,Fitbit App
2025-08-14T15:28:00Z,LIGHTLY_ACTIVE,Fitbit App
2025-08-14T15:29:00Z,LIGHTLY_ACTIVE,Fitbit App
2025-08-14T15:30:00Z,LIGHTLY_ACTIVE,Fitbit App
2025-08-14T15:31:00Z,MODERATELY_ACTIVE,Fitbit App
2025-08-14T15:32:00Z,LIGHTLY_ACTIVE,Fitbit App
2025-08-14T15:33:00Z,MODERATELY_ACTIVE,Fitbit App
2025-08-14T15:34:00Z,MODERATELY_ACTIVE,Fitbit App
2025-08-14T15:35:00Z,LIGHTLY_ACTIVE,Fitbit App
2025-08-14T15:36:00Z,LIGHTLY_ACTIVE,Fitbit App
2025-08-14T15:37:00Z,LIGHTLY_ACTIVE,Fitbit App
2025-08-14T15:38:00Z,LIGHTLY_ACTIVE,Fitbit App
2025-08-14T15:39:00Z,LIGHTLY_ACTIVE,Fitbit App
2025-08-14T15:40:00Z,SEDENTARY,Fitbit App
2025-08-14T15:41:00Z,SEDENTARY,Fitbit App
2025-08-14T15:42:00Z,SEDENTARY,Fitbit App
2025-08-14T15:43:00Z,LIGHTLY_ACTIVE,Fitbit App
2025-08-14T15:44:00Z,LIGHTLY_ACTIVE,Fitbit App
2025-08-14T15:45:00Z,LIGHTLY_ACTIVE,Fitbit App
2025-08-14T15:46:00Z,LIGHTLY_ACTIVE,Fitbit App
2025-08-14T15:47:00Z,LIGHTLY_ACTIVE,Fitbit App
2025-08-14T15:48:00Z,LIGHTLY_ACTIVE,Fitbit App
2025-08-14T15:49:00Z,LIGHTLY_ACTIVE,Fitbit App
2025-08-14T15:50:00Z,LIGHTLY_ACTIVE,Fitbit App
2025-08-14T15:51:00Z,LIGHTLY_ACTIVE,Fitbit App
2025-08-14T15:52:00Z,SEDENTARY,Fitbit App
2025-08-14T15:53:00Z,SEDENTARY,Fitbit App
2025-08-14T15:54:00Z,LIGHTLY_ACTIVE,Fitbit App
2025-08-14T15:55:00Z,SEDENTARY,Fitbit App
2025-08-14T15:56:00Z,LIGHTLY_ACTIVE,Fitbit App
2025-08-14T15:57:00Z,LIGHTLY_ACTIVE,Fitbit App
2025-08-14T15:59:00Z,LIGHTLY_ACTIVE,Fitbit App
2025-08-14T16:00:00Z,LIGHTLY_ACTIVE,Fitbit App
2025-08-14T16:01:00Z,LIGHTLY_ACTIVE,Fitbit App
2025-08-14T16:02:00Z,LIGHTLY_ACTIVE,Fitbit App
2025-08-14T16:03:00Z,SEDENTARY,Fitbit App
2025-08-14T16:04:00Z,LIGHTLY_ACTIVE,Fitbit App
2025-08-14T16:05:00Z,LIGHTLY_ACTIVE,Fitbit App
2025-08-14T16:06:00Z,MODERATELY_ACTIVE,Fitbit App
2025-08-14T16:07:00Z,LIGHTLY_ACTIVE,Fitbit App
2025-08-14T16:08:00Z,LIGHTLY_ACTIVE,Fitbit App
2025-08-14T16:09:00Z,LIGHTLY_ACTIVE,Fitbit App
2025-08-14T16:10:00Z,LIGHTLY_ACTIVE,Fitbit App
2025-08-14T16:11:00Z,MODERATELY_ACTIVE,Fitbit App
2025-08-14T16:12:00Z,MODERATELY_ACTIVE,Fitbit App
2025-08-14T16:13:00Z,MODERATELY_ACTIVE,Fitbit App
2025-08-14T16:14:00Z,MODERATELY_ACTIVE,Fitbit App
2025-08-14T16:15:00Z,VERY_ACTIVE,Fitbit App
2025-08-14T16:16:00Z,MODERATELY_ACTIVE,Fitbit App
2025-08-14T16:17:00Z,VERY_ACTIVE,Fitbit App
2025-08-14T16:18:00Z,VERY_ACTIVE,Fitbit App
2025-08-14T16:19:00Z,MODERATELY_ACTIVE,Fitbit App
2025-08-14T16:20:00Z,LIGHTLY_ACTIVE,Fitbit App
2025-08-14T16:21:00Z,LIGHTLY_ACTIVE,Fitbit App
2025-08-14T16:22:00Z,LIGHTLY_ACTIVE,Fitbit App
2025-08-14T16:23:00Z,LIGHTLY_ACTIVE,Fitbit App
2025-08-14T16:24:00Z,LIGHTLY_ACTIVE,Fitbit App
2025-08-14T16:25:00Z,LIGHTLY_ACTIVE,Fitbit App
2025-08-14T16:26:00Z,LIGHTLY_ACTIVE,Fitbit App
2025-08-14T16:27:00Z,LIGHTLY_ACTIVE,Fitbit App
2025-08-14T16:28:00Z,LIGHTLY_ACTIVE,Fitbit App
2025-08-14T16:29:00Z,MODERATELY_ACTIVE,Fitbit App
2025-08-14T16:30:00Z,LIGHTLY_ACTIVE,Fitbit App
2025-08-14T16:31:00Z,LIGHTLY_ACTIVE,Fitbit App
2025-08-14T16:32:00Z,LIGHTLY_ACTIVE,Fitbit App
2025-08-14T16:33:00Z,LIGHTLY_ACTIVE,Fitbit App
2025-08-14T16:34:00Z,MODERATELY_ACTIVE,Fitbit App
2025-08-14T16:35:00Z,MODERATELY_ACTIVE,Fitbit App
2025-08-14T16:36:00Z,MODERATELY_ACTIVE,Fitbit App
2025-08-14T16:37:00Z,MODERATELY_ACTIVE,Fitbit App
2025-08-14T16:38:00Z,MODERATELY_ACTIVE,Fitbit App
2025-08-14T16:39:00Z,MODERATELY_ACTIVE,Fitbit App
2025-08-14T16:40:00Z,MODERATELY_ACTIVE,Fitbit App
2025-08-14T16:41:00Z,LIGHTLY_ACTIVE,Fitbit App
2025-08-14T16:42:00Z,SEDENTARY,Fitbit App
2025-08-14T16:43:00Z,LIGHTLY_ACTIVE,Fitbit App
2025-08-14T16:44:00Z,MODERATELY_ACTIVE,Fitbit App
2025-08-14T16:45:00Z,LIGHTLY_ACTIVE,Fitbit App
2025-08-14T16:46:00Z,MODERATELY_ACTIVE,Fitbit App
2025-08-14T16:47:00Z,MODERATELY_ACTIVE,Fitbit App
2025-08-14T16:48:00Z,MODERATELY_ACTIVE,Fitbit App
2025-08-14T16:49:00Z,MODERATELY_ACTIVE,Fitbit App
2025-08-14T16:50:00Z,MODERATELY_ACTIVE,Fitbit App
2025-08-14T16:51:00Z,VERY_ACTIVE,Fitbit App
2025-08-14T16:52:00Z,VERY_ACTIVE,Fitbit App
2025-08-14T16:53:00Z,VERY_ACTIVE,Fitbit App
2025-08-14T16:54:00Z,MODERATELY_ACTIVE,Fitbit App
2025-08-14T16:55:00Z,VERY_ACTIVE,Fitbit App
2025-08-14T16:56:00Z,SEDENTARY,Fitbit App
2025-08-14T16:58:04Z,MODERATELY_ACTIVE,Fitbit App
2025-08-14T16:59:04Z,VERY_ACTIVE,Fitbit App
2025-08-14T17:00:04Z,LIGHTLY_ACTIVE,Fitbit App
2025-08-14T17:01:04Z,MODERATELY_ACTIVE,Fitbit App
2025-08-14T17:02:04Z,MODERATELY_ACTIVE,Fitbit App
2025-08-14T17:03:04Z,MODERATELY_ACTIVE,Fitbit App
2025-08-14T17:04:04Z,LIGHTLY_ACTIVE,Fitbit App
2025-08-14T17:05:04Z,MODERATELY_ACTIVE,Fitbit App
2025-08-14T17:06:04Z,LIGHTLY_ACTIVE,Fitbit App
2025-08-14T17:07:04Z,VERY_ACTIVE,Fitbit App
2025-08-14T17:08:04Z,LIGHTLY_ACTIVE,Fitbit App
2025-08-14T17:09:04Z,MODERATELY_ACTIVE,Fitbit App
2025-08-14T17:12:04Z,SEDENTARY,Fitbit App
2025-08-14T17:13:04Z,MODERATELY_ACTIVE,Fitbit App
2025-08-14T17:14:04Z,MODERATELY_ACTIVE,Fitbit App
2025-08-14T17:15:04Z,MODERATELY_ACTIVE,Fitbit App
2025-08-14T17:16:04Z,MODERATELY_ACTIVE,Fitbit App
2025-08-14T17:17:04Z,LIGHTLY_ACTIVE,Fitbit App
2025-08-14T17:18:04Z,VERY_ACTIVE,Fitbit App
2025-08-14T17:19:04Z,VERY_ACTIVE,Fitbit App
2025-08-14T17:20:04Z,LIGHTLY_ACTIVE,Fitbit App
2025-08-14T17:21:04Z,LIGHTLY_ACTIVE,Fitbit App
2025-08-14T17:27:00Z,LIGHTLY_ACTIVE,Fitbit App
2025-08-14T17:31:00Z,VERY_ACTIVE,Fitbit App
2025-08-14T17:32:00Z,VERY_ACTIVE,Fitbit App
2025-08-14T17:43:00Z,LIGHTLY_ACTIVE,Fitbit App
2025-08-14T17:48:00Z,SEDENTARY,Fitbit App
2025-08-14T18:43:00Z,LIGHTLY_ACTIVE,Fitbit App
2025-08-14T18:44:00Z,SEDENTARY,Fitbit App
2025-08-14T18:48:00Z,VERY_ACTIVE,Fitbit App
2025-08-14T18:49:00Z,VERY_ACTIVE,Fitbit App
2025-08-14T18:51:00Z,VERY_ACTIVE,Fitbit App
2025-08-14T18:54:00Z,VERY_ACTIVE,Fitbit App
2025-08-14T18:59:00Z,VERY_ACTIVE,Fitbit App
2025-08-14T19:56:00Z,VERY_ACTIVE,Fitbit App
2025-08-14T20:04:00Z,VERY_ACTIVE,Fitbit App
2025-08-14T20:05:00Z,VERY_ACTIVE,Fitbit App
2025-08-14T20:47:00Z,LIGHTLY_ACTIVE,Fitbit App
2025-08-15T03:00:00Z,SEDENTARY,Fitbit App
2025-08-15T05:41:00Z,SEDENTARY,Fitbit App
2025-08-15T08:20:00Z,LIGHTLY_ACTIVE,Fitbit App
2025-08-15T08:42:00Z,VERY_ACTIVE,Fitbit App
2025-08-15T08:52:00Z,SEDENTARY,Fitbit App
2025-08-15T08:56:00Z,SEDENTARY,Fitbit App
2025-08-15T08:59:00Z,SEDENTARY,Fitbit App
2025-08-15T09:01:00Z,SEDENTARY,Fitbit App
2025-08-15T09:02:00Z,SEDENTARY,Fitbit App
2025-08-15T09:10:00Z,SEDENTARY,Fitbit App
2025-08-15T09:11:00Z,SEDENTARY,Fitbit App
2025-08-15T09:12:00Z,MODERATELY_ACTIVE,Fitbit App
2025-08-15T09:13:00Z,VERY_ACTIVE,Fitbit App
2025-08-15T09:17:00Z,VERY_ACTIVE,Fitbit App
2025-08-15T09:18:00Z,VERY_ACTIVE,Fitbit App
2025-08-15T09:22:00Z,VERY_ACTIVE,Fitbit App
2025-08-15T09:25:00Z,VERY_ACTIVE,Fitbit App
2025-08-15T09:26:00Z,VERY_ACTIVE,Fitbit App
2025-08-15T09:27:00Z,VERY_ACTIVE,Fitbit App
2025-08-15T09:28:00Z,VERY_ACTIVE,Fitbit App
2025-08-15T09:33:00Z,VERY_ACTIVE,Fitbit App
2025-08-15T09:34:00Z,VERY_ACTIVE,Fitbit App
2025-08-15T09:37:00Z,VERY_ACTIVE,Fitbit App
2025-08-15T09:38:00Z,VERY_ACTIVE,Fitbit App
2025-08-15T09:39:00Z,VERY_ACTIVE,Fitbit App
2025-08-15T09:42:00Z,VERY_ACTIVE,Fitbit App
2025-08-15T09:44:00Z,VERY_ACTIVE,Fitbit App
2025-08-15T09:51:00Z,VERY_ACTIVE,Fitbit App
2025-08-15T09:58:00Z,VERY_ACTIVE,Fitbit App
2025-08-15T09:59:00Z,VERY_ACTIVE,Fitbit App
2025-08-15T10:07:00Z,LIGHTLY_ACTIVE,Fitbit App
2025-08-15T10:18:00Z,SEDENTARY,Fitbit App
2025-08-15T10:20:00Z,SEDENTARY,Fitbit App
2025-08-15T10:22:00Z,SEDENTARY,Fitbit App
2025-08-15T10:23:00Z,SEDENTARY,Fitbit App
2025-08-15T10:24:00Z,SEDENTARY,Fitbit App
2025-08-15T10:25:00Z,SEDENTARY,Fitbit App
2025-08-15T10:29:00Z,SEDENTARY,Fitbit App
2025-08-15T10:30:00Z,SEDENTARY,Fitbit App
2025-08-15T10:31:00Z,SEDENTARY,Fitbit App
2025-08-15T10:34:00Z,SEDENTARY,Fitbit App
2025-08-15T10:37:00Z,SEDENTARY,Fitbit App
2025-08-15T10:39:00Z,SEDENTARY,Fitbit App
2025-08-15T10:40:00Z,SEDENTARY,Fitbit App
2025-08-15T10:42:00Z,SEDENTARY,Fitbit App
2025-08-15T10:43:00Z,SEDENTARY,Fitbit App
2025-08-15T10:46:00Z,SEDENTARY,Fitbit App
2025-08-15T10:47:00Z,SEDENTARY,Fitbit App
2025-08-15T10:48:00Z,SEDENTARY,Fitbit App
2025-08-15T10:57:00Z,SEDENTARY,Fitbit App
2025-08-15T10:58:00Z,SEDENTARY,Fitbit App
2025-08-15T11:07:00Z,SEDENTARY,Fitbit App
2025-08-15T11:13:00Z,VERY_ACTIVE,Fitbit App
2025-08-15T11:22:00Z,MODERATELY_ACTIVE,Fitbit App
2025-08-15T11:23:00Z,VERY_ACTIVE,Fitbit App
2025-08-15T11:36:00Z,SEDENTARY,Fitbit App
2025-08-15T11:37:00Z,SEDENTARY,Fitbit App
2025-08-15T11:39:00Z,SEDENTARY,Fitbit App
2025-08-15T11:54:00Z,SEDENTARY,Fitbit App
2025-08-15T11:58:00Z,SEDENTARY,Fitbit App
2025-08-15T11:59:00Z,SEDENTARY,Fitbit App
2025-08-15T12:03:00Z,SEDENTARY,Fitbit App
2025-08-15T12:06:00Z,SEDENTARY,Fitbit App
2025-08-15T12:14:00Z,SEDENTARY,Fitbit App
2025-08-15T12:16:00Z,SEDENTARY,Fitbit App
2025-08-15T12:22:00Z,SEDENTARY,Fitbit App
2025-08-15T12:23:00Z,SEDENTARY,Fitbit App
2025-08-15T12:24:00Z,SEDENTARY,Fitbit App
2025-08-15T12:25:00Z,SEDENTARY,Fitbit App
2025-08-15T12:26:00Z,SEDENTARY,Fitbit App
2025-08-15T12:29:00Z,SEDENTARY,Fitbit App
2025-08-15T12:30:00Z,SEDENTARY,Fitbit App
2025-08-15T12:32:00Z,SEDENTARY,Fitbit App
2025-08-15T12:33:00Z,SEDENTARY,Fitbit App
2025-08-15T12:39:00Z,LIGHTLY_ACTIVE,Fitbit App
2025-08-15T12:45:00Z,SEDENTARY,Fitbit App
2025-08-15T12:46:00Z,SEDENTARY,Fitbit App
2025-08-15T12:47:00Z,SEDENTARY,Fitbit App
2025-08-15T12:57:00Z,SEDENTARY,Fitbit App
2025-08-15T13:01:00Z,SEDENTARY,Fitbit App
2025-08-15T13:07:00Z,SEDENTARY,Fitbit App
2025-08-15T13:08:00Z,SEDENTARY,Fitbit App
2025-08-15T13:12:00Z,SEDENTARY,Fitbit App
2025-08-15T13:13:00Z,SEDENTARY,Fitbit App
2025-08-15T13:18:00Z,SEDENTARY,Fitbit App
2025-08-15T13:28:00Z,SEDENTARY,Fitbit App
2025-08-15T13:32:00Z,SEDENTARY,Fitbit App
2025-08-15T13:34:00Z,SEDENTARY,Fitbit App
2025-08-15T13:35:00Z,SEDENTARY,Fitbit App
2025-08-15T13:38:00Z,SEDENTARY,Fitbit App
2025-08-15T13:44:00Z,MODERATELY_ACTIVE,Fitbit App
2025-08-15T13:45:00Z,LIGHTLY_ACTIVE,Fitbit App
2025-08-15T13:46:00Z,LIGHTLY_ACTIVE,Fitbit App
2025-08-15T13:48:00Z,SEDENTARY,Fitbit App
2025-08-15T13:52:00Z,VERY_ACTIVE,Fitbit App
2025-08-15T13:54:00Z,SEDENTARY,Fitbit App
2025-08-15T13:55:00Z,SEDENTARY,Fitbit App
2025-08-15T13:58:00Z,LIGHTLY_ACTIVE,Fitbit App
2025-08-15T14:00:00Z,SEDENTARY,Fitbit App
2025-08-15T14:13:00Z,SEDENTARY,Fitbit App
2025-08-15T14:16:00Z,SEDENTARY,Fitbit App
2025-08-15T14:23:00Z,SEDENTARY,Fitbit App
2025-08-15T14:28:00Z,SEDENTARY,Fitbit App
2025-08-15T14:29:00Z,SEDENTARY,Fitbit App
2025-08-15T14:34:00Z,SEDENTARY,Fitbit App
2025-08-15T14:35:00Z,SEDENTARY,Fitbit App
2025-08-15T14:37:00Z,SEDENTARY,Fitbit App
2025-08-15T14:39:00Z,SEDENTARY,Fitbit App
2025-08-15T14:44:00Z,SEDENTARY,Fitbit App
2025-08-15T14:48:00Z,SEDENTARY,Fitbit App
2025-08-15T14:49:00Z,SEDENTARY,Fitbit App
2025-08-15T14:52:00Z,SEDENTARY,Fitbit App
2025-08-15T14:54:00Z,LIGHTLY_ACTIVE,Fitbit App
2025-08-15T16:00:00Z,SEDENTARY,Fitbit App
2025-08-15T16:01:00Z,SEDENTARY,Fitbit App
2025-08-15T16:08:00Z,SEDENTARY,Fitbit App
2025-08-15T16:09:00Z,SEDENTARY,Fitbit App
2025-08-15T16:11:00Z,SEDENTARY,Fitbit App
2025-08-15T16:19:00Z,SEDENTARY,Fitbit App
2025-08-15T16:31:00Z,MODERATELY_ACTIVE,Fitbit App
2025-08-15T18:18:00Z,SEDENTARY,Fitbit App
2025-08-15T18:29:00Z,SEDENTARY,Fitbit App
2025-08-15T18:31:00Z,SEDENTARY,Fitbit App
2025-08-15T18:38:00Z,SEDENTARY,Fitbit App
2025-08-15T18:44:00Z,SEDENTARY,Fitbit App
2025-08-15T18:45:00Z,LIGHTLY_ACTIVE,Fitbit App
2025-08-15T18:53:00Z,SEDENTARY,Fitbit App
2025-08-15T18:54:00Z,SEDENTARY,Fitbit App
2025-08-15T19:08:00Z,LIGHTLY_ACTIVE,Fitbit App
2025-08-15T19:09:00Z,LIGHTLY_ACTIVE,Fitbit App
2025-08-15T19:16:00Z,SEDENTARY,Fitbit App
2025-08-15T19:20:00Z,MODERATELY_ACTIVE,Fitbit App
2025-08-15T19:27:00Z,SEDENTARY,Fitbit App
2025-08-15T19:28:00Z,SEDENTARY,Fitbit App
2025-08-15T19:33:00Z,VERY_ACTIVE,Fitbit App
2025-08-15T19:40:00Z,VERY_ACTIVE,Fitbit App
2025-08-15T19:43:00Z,VERY_ACTIVE,Fitbit App
2025-08-15T19:44:00Z,MODERATELY_ACTIVE,Fitbit App
2025-08-15T19:46:00Z,VERY_ACTIVE,Fitbit App
2025-08-15T20:02:00Z,SEDENTARY,Fitbit App
2025-08-15T20:03:00Z,SEDENTARY,Fitbit App
2025-08-15T20:05:00Z,SEDENTARY,Fitbit App
2025-08-15T20:06:00Z,SEDENTARY,Fitbit App
2025-08-15T20:10:00Z,SEDENTARY,Fitbit App
2025-08-15T20:17:00Z,SEDENTARY,Fitbit App
2025-08-15T20:18:00Z,SEDENTARY,Fitbit App
2025-08-15T20:22:00Z,MODERATELY_ACTIVE,Fitbit App
2025-08-15T20:40:00Z,LIGHTLY_ACTIVE,Fitbit App
2025-08-15T20:43:00Z,VERY_ACTIVE,Fitbit App
2025-08-15T20:50:00Z,SEDENTARY,Fitbit App
2025-08-15T21:06:00Z,SEDENTARY,Fitbit App
2025-08-15T21:08:00Z,SEDENTARY,Fitbit App
2025-08-15T21:18:00Z,SEDENTARY,Fitbit App
2025-08-15T21:20:00Z,SEDENTARY,Fitbit App
2025-08-15T21:43:00Z,SEDENTARY,Fitbit App
2025-08-15T21:48:00Z,SEDENTARY,Fitbit App
2025-08-15T22:03:00Z,SEDENTARY,Fitbit App
2025-08-15T22:19:00Z,SEDENTARY,Fitbit App
2025-08-15T22:20:00Z,SEDENTARY,Fitbit App
2025-08-15T22:21:00Z,SEDENTARY,Fitbit App
2025-08-16T04:57:00Z,SEDENTARY,Fitbit App
2025-08-16T09:43:00Z,SEDENTARY,Fitbit App
2025-08-16T10:10:00Z,SEDENTARY,Fitbit App
2025-08-16T10:11:00Z,SEDENTARY,Fitbit App
2025-08-16T10:12:00Z,SEDENTARY,Fitbit App
2025-08-16T10:13:00Z,SEDENTARY,Fitbit App
2025-08-16T10:31:00Z,SEDENTARY,Fitbit App
2025-08-16T10:46:00Z,SEDENTARY,Fitbit App
2025-08-16T10:58:00Z,SEDENTARY,Fitbit App
2025-08-16T11:00:00Z,SEDENTARY,Fitbit App
2025-08-16T11:04:00Z,SEDENTARY,Fitbit App
2025-08-16T11:08:00Z,SEDENTARY,Fitbit App
2025-08-16T11:09:00Z,SEDENTARY,Fitbit App
2025-08-16T11:12:00Z,SEDENTARY,Fitbit App
2025-08-16T11:21:00Z,SEDENTARY,Fitbit App
2025-08-16T11:33:00Z,SEDENTARY,Fitbit App
2025-08-16T11:37:00Z,SEDENTARY,Fitbit App
2025-08-16T11:45:00Z,SEDENTARY,Fitbit App
2025-08-16T11:58:00Z,SEDENTARY,Fitbit App
2025-08-16T12:33:00Z,MODERATELY_ACTIVE,Fitbit App
2025-08-16T12:36:00Z,MODERATELY_ACTIVE,Fitbit App
2025-08-16T12:37:00Z,MODERATELY_ACTIVE,Fitbit App
2025-08-16T12:48:00Z,SEDENTARY,Fitbit App
2025-08-16T13:03:00Z,SEDENTARY,Fitbit App
2025-08-16T13:06:00Z,SEDENTARY,Fitbit App
2025-08-16T13:08:00Z,SEDENTARY,Fitbit App
2025-08-16T13:09:00Z,SEDENTARY,Fitbit App
2025-08-16T13:13:00Z,SEDENTARY,Fitbit App
2025-08-16T13:29:00Z,SEDENTARY,Fitbit App
2025-08-16T13:33:00Z,SEDENTARY,Fitbit App
2025-08-16T13:57:00Z,SEDENTARY,Fitbit App
2025-08-16T13:58:00Z,SEDENTARY,Fitbit App
2025-08-16T13:59:00Z,SEDENTARY,Fitbit App
2025-08-16T14:01:00Z,SEDENTARY,Fitbit App
2025-08-16T14:06:00Z,SEDENTARY,Fitbit App
2025-08-16T14:07:00Z,SEDENTARY,Fitbit App
2025-08-16T14:08:00Z,SEDENTARY,Fitbit App
2025-08-16T14:09:00Z,SEDENTARY,Fitbit App
2025-08-16T14:25:00Z,SEDENTARY,Fitbit App
2025-08-16T14:30:00Z,SEDENTARY,Fitbit App
2025-08-16T14:40:00Z,SEDENTARY,Fitbit App
2025-08-16T14:55:00Z,SEDENTARY,Fitbit App
2025-08-16T14:57:00Z,SEDENTARY,Fitbit App
2025-08-16T14:58:00Z,SEDENTARY,Fitbit App
2025-08-16T15:00:00Z,SEDENTARY,Fitbit App
2025-08-16T15:01:00Z,SEDENTARY,Fitbit App
2025-08-16T15:02:00Z,SEDENTARY,Fitbit App
2025-08-16T15:21:00Z,SEDENTARY,Fitbit App
2025-08-16T15:22:00Z,SEDENTARY,Fitbit App
2025-08-16T15:29:00Z,SEDENTARY,Fitbit App
2025-08-16T15:31:00Z,SEDENTARY,Fitbit App
2025-08-16T15:36:00Z,SEDENTARY,Fitbit App
2025-08-16T15:40:00Z,SEDENTARY,Fitbit App
2025-08-16T15:46:00Z,SEDENTARY,Fitbit App
2025-08-16T15:47:00Z,SEDENTARY,Fitbit App
2025-08-16T15:48:00Z,SEDENTARY,Fitbit App
2025-08-16T15:49:00Z,SEDENTARY,Fitbit App
2025-08-16T15:53:00Z,SEDENTARY,Fitbit App
2025-08-16T15:55:00Z,SEDENTARY,Fitbit App
2025-08-16T16:05:00Z,SEDENTARY,Fitbit App
2025-08-16T16:06:00Z,SEDENTARY,Fitbit App
2025-08-16T16:12:00Z,SEDENTARY,Fitbit App
2025-08-16T16:14:00Z,SEDENTARY,Fitbit App
2025-08-16T16:17:00Z,SEDENTARY,Fitbit App
2025-08-16T16:18:00Z,SEDENTARY,Fitbit App
2025-08-16T16:24:00Z,SEDENTARY,Fitbit App
2025-08-16T16:30:00Z,SEDENTARY,Fitbit App
2025-08-16T16:33:00Z,SEDENTARY,Fitbit App
2025-08-16T16:47:00Z,SEDENTARY,Fitbit App
2025-08-16T16:49:00Z,SEDENTARY,Fitbit App
2025-08-16T16:50:00Z,SEDENTARY,Fitbit App
2025-08-16T16:58:00Z,SEDENTARY,Fitbit App
2025-08-16T17:01:00Z,SEDENTARY,Fitbit App
2025-08-16T17:04:00Z,SEDENTARY,Fitbit App
2025-08-16T17:07:00Z,SEDENTARY,Fitbit App
2025-08-16T17:08:00Z,SEDENTARY,Fitbit App
2025-08-16T17:09:00Z,SEDENTARY,Fitbit App
2025-08-16T17:10:00Z,SEDENTARY,Fitbit App
2025-08-16T17:11:00Z,SEDENTARY,Fitbit App
2025-08-16T17:13:00Z,SEDENTARY,Fitbit App
2025-08-16T17:14:00Z,SEDENTARY,Fitbit App
2025-08-16T17:23:00Z,SEDENTARY,Fitbit App
2025-08-16T17:27:00Z,SEDENTARY,Fitbit App
2025-08-16T17:35:00Z,SEDENTARY,Fitbit App
2025-08-16T17:47:00Z,SEDENTARY,Fitbit App
2025-08-16T17:51:00Z,SEDENTARY,Fitbit App
2025-08-16T18:02:00Z,SEDENTARY,Fitbit App
2025-08-16T18:05:00Z,SEDENTARY,Fitbit App
2025-08-16T18:06:00Z,SEDENTARY,Fitbit App
2025-08-16T18:11:00Z,SEDENTARY,Fitbit App
2025-08-16T18:20:00Z,SEDENTARY,Fitbit App
2025-08-16T18:25:00Z,SEDENTARY,Fitbit App
2025-08-16T18:28:00Z,LIGHTLY_ACTIVE,Fitbit App
2025-08-16T18:30:00Z,SEDENTARY,Fitbit App
2025-08-16T18:31:00Z,SEDENTARY,Fitbit App
2025-08-16T18:32:00Z,SEDENTARY,Fitbit App
2025-08-16T18:37:00Z,SEDENTARY,Fitbit App
2025-08-16T18:39:00Z,SEDENTARY,Fitbit App
2025-08-16T18:44:00Z,SEDENTARY,Fitbit App
2025-08-16T18:48:00Z,LIGHTLY_ACTIVE,Fitbit App
2025-08-16T18:55:00Z,LIGHTLY_ACTIVE,Fitbit App
2025-08-16T18:56:00Z,LIGHTLY_ACTIVE,Fitbit App
2025-08-16T19:01:00Z,VERY_ACTIVE,Fitbit App
2025-08-16T19:03:00Z,MODERATELY_ACTIVE,Fitbit App
2025-08-16T19:06:00Z,VERY_ACTIVE,Fitbit App
2025-08-16T19:11:00Z,LIGHTLY_ACTIVE,Fitbit App
2025-08-16T19:12:00Z,SEDENTARY,Fitbit App
2025-08-16T19:14:00Z,LIGHTLY_ACTIVE,Fitbit App
2025-08-16T19:15:00Z,LIGHTLY_ACTIVE,Fitbit App
2025-08-16T19:20:00Z,MODERATELY_ACTIVE,Fitbit App
2025-08-16T19:23:00Z,VERY_ACTIVE,Fitbit App
2025-08-16T19:25:00Z,MODERATELY_ACTIVE,Fitbit App
2025-08-16T19:27:00Z,VERY_ACTIVE,Fitbit App
2025-08-16T19:28:00Z,MODERATELY_ACTIVE,Fitbit App
2025-08-16T19:34:00Z,SEDENTARY,Fitbit App
2025-08-16T19:35:00Z,SEDENTARY,Fitbit App
2025-08-16T19:36:00Z,LIGHTLY_ACTIVE,Fitbit App
2025-08-16T19:41:00Z,VERY_ACTIVE,Fitbit App
2025-08-16T19:42:00Z,VERY_ACTIVE,Fitbit App
2025-08-16T19:46:00Z,SEDENTARY,Fitbit App
2025-08-16T19:47:00Z,SEDENTARY,Fitbit App
2025-08-16T19:48:00Z,SEDENTARY,Fitbit App
2025-08-16T19:50:00Z,SEDENTARY,Fitbit App
2025-08-16T19:51:00Z,LIGHTLY_ACTIVE,Fitbit App
2025-08-16T19:59:00Z,SEDENTARY,Fitbit App
2025-08-16T20:00:00Z,SEDENTARY,Fitbit App
2025-08-16T20:21:00Z,LIGHTLY_ACTIVE,Fitbit App
2025-08-16T20:33:00Z,VERY_ACTIVE,Fitbit App
2025-08-16T20:38:00Z,LIGHTLY_ACTIVE,Fitbit App
2025-08-16T20:40:00Z,VERY_ACTIVE,Fitbit App
2025-08-16T20:42:00Z,VERY_ACTIVE,Fitbit App
2025-08-16T20:43:00Z,MODERATELY_ACTIVE,Fitbit App
2025-08-16T20:44:00Z,MODERATELY_ACTIVE,Fitbit App
2025-08-16T20:45:00Z,SEDENTARY,Fitbit App
2025-08-16T20:46:00Z,SEDENTARY,Fitbit App
2025-08-16T20:52:00Z,SEDENTARY,Fitbit App
2025-08-16T20:53:00Z,MODERATELY_ACTIVE,Fitbit App
2025-08-16T20:54:00Z,VERY_ACTIVE,Fitbit App
2025-08-16T21:03:00Z,VERY_ACTIVE,Fitbit App
2025-08-16T21:06:00Z,LIGHTLY_ACTIVE,Fitbit App
2025-08-16T21:07:00Z,MODERATELY_ACTIVE,Fitbit App
2025-08-16T21:08:00Z,MODERATELY_ACTIVE,Fitbit App
2025-08-16T21:10:00Z,SEDENTARY,Fitbit App
2025-08-16T21:11:00Z,SEDENTARY,Fitbit App
2025-08-16T21:12:00Z,SEDENTARY,Fitbit App
2025-08-16T21:19:00Z,SEDENTARY,Fitbit App
2025-08-16T21:30:00Z,SEDENTARY,Fitbit App
2025-08-16T21:41:00Z,SEDENTARY,Fitbit App
2025-08-16T21:44:00Z,SEDENTARY,Fitbit App
2025-08-16T21:46:00Z,SEDENTARY,Fitbit App
2025-08-16T21:47:00Z,LIGHTLY_ACTIVE,Fitbit App
2025-08-16T21:49:00Z,SEDENTARY,Fitbit App
2025-08-16T21:51:00Z,SEDENTARY,Fitbit App
2025-08-16T21:55:00Z,VERY_ACTIVE,Fitbit App
2025-08-16T22:04:00Z,VERY_ACTIVE,Fitbit App
2025-08-16T22:07:00Z,VERY_ACTIVE,Fitbit App
2025-08-16T22:08:00Z,VERY_ACTIVE,Fitbit App
2025-08-16T22:18:00Z,LIGHTLY_ACTIVE,Fitbit App
2025-08-16T22:24:00Z,VERY_ACTIVE,Fitbit App
2025-08-16T22:26:00Z,LIGHTLY_ACTIVE,Fitbit App
2025-08-16T22:30:00Z,VERY_ACTIVE,Fitbit App
2025-08-16T22:31:00Z,SEDENTARY,Fitbit App
2025-08-16T22:56:00Z,LIGHTLY_ACTIVE,Fitbit App
2025-08-16T23:00:00Z,LIGHTLY_ACTIVE,Fitbit App
2025-08-16T23:08:00Z,LIGHTLY_ACTIVE,Fitbit App
2025-08-16T23:13:00Z,MODERATELY_ACTIVE,Fitbit App
2025-08-16T23:16:00Z,SEDENTARY,Fitbit App
2025-08-16T23:19:00Z,LIGHTLY_ACTIVE,Fitbit App
2025-08-16T23:20:00Z,SEDENTARY,Fitbit App
2025-08-16T23:25:00Z,SEDENTARY,Fitbit App
2025-08-16T23:35:00Z,SEDENTARY,Fitbit App
2025-08-16T23:36:00Z,SEDENTARY,Fitbit App
2025-08-16T23:45:00Z,VERY_ACTIVE,Fitbit App
2025-08-16T23:49:00Z,LIGHTLY_ACTIVE,Fitbit App
2025-08-16T23:53:00Z,SEDENTARY,Fitbit App
2025-08-16T23:56:00Z,SEDENTARY,Fitbit App
2025-08-16T23:59:00Z,SEDENTARY,Fitbit App
2025-08-17T00:14:00Z,VERY_ACTIVE,Fitbit App
2025-08-17T00:18:00Z,LIGHTLY_ACTIVE,Fitbit App
2025-08-17T00:21:00Z,SEDENTARY,Fitbit App
2025-08-17T00:22:00Z,SEDENTARY,Fitbit App
2025-08-17T00:29:00Z,SEDENTARY,Fitbit App
2025-08-17T00:30:00Z,SEDENTARY,Fitbit App
2025-08-17T00:31:00Z,SEDENTARY,Fitbit App
2025-08-17T00:38:00Z,SEDENTARY,Fitbit App
2025-08-17T00:43:00Z,SEDENTARY,Fitbit App
2025-08-17T00:49:00Z,SEDENTARY,Fitbit App
2025-08-17T00:51:00Z,SEDENTARY,Fitbit App
2025-08-17T00:52:00Z,SEDENTARY,Fitbit App
2025-08-17T00:55:00Z,SEDENTARY,Fitbit App
2025-08-17T00:57:00Z,SEDENTARY,Fitbit App
2025-08-17T00:59:00Z,SEDENTARY,Fitbit App
2025-08-17T01:03:00Z,SEDENTARY,Fitbit App
2025-08-17T01:04:00Z,LIGHTLY_ACTIVE,Fitbit App
2025-08-17T01:05:00Z,VERY_ACTIVE,Fitbit App
2025-08-17T01:19:00Z,SEDENTARY,Fitbit App
2025-08-17T01:39:00Z,SEDENTARY,Fitbit App
2025-08-17T01:45:00Z,SEDENTARY,Fitbit App
2025-08-17T01:56:00Z,SEDENTARY,Fitbit App
2025-08-17T01:58:00Z,SEDENTARY,Fitbit App
2025-08-17T02:10:00Z,SEDENTARY,Fitbit App
2025-08-17T02:15:00Z,SEDENTARY,Fitbit App
2025-08-17T02:20:00Z,SEDENTARY,Fitbit App
2025-08-17T02:26:00Z,SEDENTARY,Fitbit App
2025-08-17T02:27:00Z,LIGHTLY_ACTIVE,Fitbit App
2025-08-17T02:28:00Z,SEDENTARY,Fitbit App
2025-08-17T02:29:00Z,LIGHTLY_ACTIVE,Fitbit App
2025-08-17T02:44:00Z,LIGHTLY_ACTIVE,Fitbit App
2025-08-17T02:45:00Z,LIGHTLY_ACTIVE,Fitbit App
2025-08-17T02:59:00Z,SEDENTARY,Fitbit App
2025-08-17T03:01:00Z,SEDENTARY,Fitbit App
2025-08-17T03:02:00Z,SEDENTARY,Fitbit App
2025-08-17T03:08:00Z,SEDENTARY,Fitbit App
2025-08-17T03:16:00Z,SEDENTARY,Fitbit App
2025-08-17T03:20:00Z,SEDENTARY,Fitbit App
2025-08-17T03:49:00Z,SEDENTARY,Fitbit App
2025-08-17T04:06:00Z,SEDENTARY,Fitbit App
2025-08-17T04:08:00Z,SEDENTARY,Fitbit App
2025-08-17T04:10:00Z,SEDENTARY,Fitbit App
2025-08-17T04:28:00Z,SEDENTARY,Fitbit App
2025-08-17T04:33:00Z,VERY_ACTIVE,Fitbit App
2025-08-17T04:34:00Z,SEDENTARY,Fitbit App
2025-08-17T04:39:00Z,MODERATELY_ACTIVE,Fitbit App
2025-08-17T04:44:00Z,VERY_ACTIVE,Fitbit App
2025-08-17T04:52:00Z,SEDENTARY,Fitbit App
2025-08-17T04:54:00Z,SEDENTARY,Fitbit App
2025-08-17T04:59:00Z,VERY_ACTIVE,Fitbit App
2025-08-17T05:16:00Z,LIGHTLY_ACTIVE,Fitbit App
2025-08-17T05:19:00Z,SEDENTARY,Fitbit App
2025-08-17T05:25:00Z,SEDENTARY,Fitbit App
2025-08-17T06:08:00Z,SEDENTARY,Fitbit App
2025-08-17T06:42:00Z,SEDENTARY,Fitbit App
2025-08-17T06:44:00Z,SEDENTARY,Fitbit App
2025-08-17T06:46:00Z,SEDENTARY,Fitbit App
2025-08-17T06:47:00Z,SEDENTARY,Fitbit App
2025-08-17T06:52:00Z,SEDENTARY,Fitbit App
2025-08-17T06:59:00Z,SEDENTARY,Fitbit App
2025-08-17T07:07:00Z,SEDENTARY,Fitbit App
2025-08-17T07:10:00Z,SEDENTARY,Fitbit App
2025-08-17T07:11:00Z,SEDENTARY,Fitbit App
2025-08-17T07:12:00Z,SEDENTARY,Fitbit App
2025-08-17T07:16:00Z,SEDENTARY,Fitbit App
2025-08-17T07:18:00Z,SEDENTARY,Fitbit App
2025-08-17T07:22:00Z,SEDENTARY,Fitbit App
2025-08-17T07:26:00Z,SEDENTARY,Fitbit App
2025-08-17T07:30:00Z,SEDENTARY,Fitbit App
2025-08-17T07:33:00Z,SEDENTARY,Fitbit App
2025-08-17T07:34:00Z,SEDENTARY,Fitbit App
2025-08-17T07:45:00Z,VERY_ACTIVE,Fitbit App
2025-08-17T07:47:00Z,MODERATELY_ACTIVE,Fitbit App
2025-08-17T07:48:00Z,LIGHTLY_ACTIVE,Fitbit App
2025-08-17T07:49:00Z,SEDENTARY,Fitbit App
2025-08-17T07:50:00Z,SEDENTARY,Fitbit App
2025-08-17T07:51:00Z,SEDENTARY,Fitbit App
2025-08-17T07:53:00Z,SEDENTARY,Fitbit App
2025-08-17T08:00:00Z,SEDENTARY,Fitbit App
2025-08-17T08:01:00Z,SEDENTARY,Fitbit App
2025-08-17T08:06:00Z,LIGHTLY_ACTIVE,Fitbit App
2025-08-17T08:07:00Z,MODERATELY_ACTIVE,Fitbit App
2025-08-17T08:10:00Z,SEDENTARY,Fitbit App
2025-08-17T08:13:00Z,SEDENTARY,Fitbit App
2025-08-17T08:14:00Z,SEDENTARY,Fitbit App
2025-08-17T08:15:00Z,SEDENTARY,Fitbit App
2025-08-17T08:33:00Z,SEDENTARY,Fitbit App
2025-08-17T08:35:00Z,SEDENTARY,Fitbit App
2025-08-17T08:36:00Z,LIGHTLY_ACTIVE,Fitbit App
2025-08-17T08:40:00Z,SEDENTARY,Fitbit App
2025-08-17T08:41:00Z,LIGHTLY_ACTIVE,Fitbit App
2025-08-17T08:43:00Z,SEDENTARY,Fitbit App
2025-08-17T08:46:00Z,SEDENTARY,Fitbit App
2025-08-17T08:52:00Z,SEDENTARY,Fitbit App
2025-08-17T08:53:00Z,SEDENTARY,Fitbit App
2025-08-17T09:02:00Z,SEDENTARY,Fitbit App
2025-08-17T09:07:00Z,SEDENTARY,Fitbit App
2025-08-17T09:12:00Z,SEDENTARY,Fitbit App
2025-08-17T09:17:00Z,SEDENTARY,Fitbit App
2025-08-17T09:33:00Z,SEDENTARY,Fitbit App
2025-08-17T11:17:00Z,VERY_ACTIVE,Fitbit App
2025-08-17T11:18:00Z,MODERATELY_ACTIVE,Fitbit App
2025-08-17T11:20:00Z,LIGHTLY_ACTIVE,Fitbit App
2025-08-17T11:28:00Z,MODERATELY_ACTIVE,Fitbit App
2025-08-17T11:32:00Z,SEDENTARY,Fitbit App
2025-08-17T11:33:00Z,SEDENTARY,Fitbit App
2025-08-17T11:45:00Z,LIGHTLY_ACTIVE,Fitbit App
2025-08-17T11:46:00Z,SEDENTARY,Fitbit App
2025-08-17T11:50:00Z,SEDENTARY,Fitbit App
2025-08-17T11:51:00Z,SEDENTARY,Fitbit App
2025-08-17T11:53:00Z,SEDENTARY,Fitbit App
2025-08-17T11:58:00Z,SEDENTARY,Fitbit App
2025-08-17T11:59:00Z,SEDENTARY,Fitbit App
2025-08-17T12:03:00Z,SEDENTARY,Fitbit App
2025-08-17T12:04:00Z,SEDENTARY,Fitbit App
2025-08-17T12:05:00Z,SEDENTARY,Fitbit App
2025-08-17T12:09:00Z,SEDENTARY,Fitbit App
2025-08-17T12:14:00Z,MODERATELY_ACTIVE,Fitbit App
2025-08-17T12:16:00Z,SEDENTARY,Fitbit App
2025-08-17T12:29:00Z,SEDENTARY,Fitbit App
2025-08-17T12:33:00Z,SEDENTARY,Fitbit App
2025-08-17T12:38:00Z,VERY_ACTIVE,Fitbit App
2025-08-17T12:40:00Z,SEDENTARY,Fitbit App
2025-08-17T12:44:00Z,SEDENTARY,Fitbit App
2025-08-17T12:45:00Z,LIGHTLY_ACTIVE,Fitbit App
2025-08-17T13:04:00Z,MODERATELY_ACTIVE,Fitbit App
2025-08-17T13:05:00Z,LIGHTLY_ACTIVE,Fitbit App
2025-08-17T13:10:00Z,LIGHTLY_ACTIVE,Fitbit App
2025-08-17T13:11:00Z,VERY_ACTIVE,Fitbit App
2025-08-17T13:12:00Z,MODERATELY_ACTIVE,Fitbit App
2025-08-17T13:13:00Z,LIGHTLY_ACTIVE,Fitbit App
2025-08-17T13:14:00Z,SEDENTARY,Fitbit App
2025-08-17T13:16:00Z,MODERATELY_ACTIVE,Fitbit App
2025-08-17T13:17:00Z,VERY_ACTIVE,Fitbit App
2025-08-17T13:18:00Z,VERY_ACTIVE,Fitbit App
2025-08-17T13:19:00Z,LIGHTLY_ACTIVE,Fitbit App
2025-08-17T13:21:00Z,VERY_ACTIVE,Fitbit App
2025-08-17T13:25:00Z,VERY_ACTIVE,Fitbit App
2025-08-17T13:26:00Z,VERY_ACTIVE,Fitbit App
2025-08-17T13:27:00Z,MODERATELY_ACTIVE,Fitbit App
2025-08-17T13:28:00Z,LIGHTLY_ACTIVE,Fitbit App
2025-08-17T13:29:00Z,VERY_ACTIVE,Fitbit App
2025-08-17T13:30:00Z,VERY_ACTIVE,Fitbit App
2025-08-17T13:33:00Z,SEDENTARY,Fitbit App
2025-08-17T13:34:00Z,SEDENTARY,Fitbit App
2025-08-17T13:39:00Z,VERY_ACTIVE,Fitbit App
2025-08-17T13:40:00Z,MODERATELY_ACTIVE,Fitbit App
2025-08-17T13:41:00Z,VERY_ACTIVE,Fitbit App
2025-08-17T13:44:00Z,VERY_ACTIVE,Fitbit App
2025-08-17T13:47:00Z,MODERATELY_ACTIVE,Fitbit App
2025-08-17T13:50:00Z,VERY_ACTIVE,Fitbit App
2025-08-17T13:51:00Z,VERY_ACTIVE,Fitbit App
2025-08-17T13:52:00Z,LIGHTLY_ACTIVE,Fitbit App
2025-08-17T13:53:00Z,MODERATELY_ACTIVE,Fitbit App
2025-08-17T14:01:00Z,SEDENTARY,Fitbit App
2025-08-17T14:09:00Z,MODERATELY_ACTIVE,Fitbit App
2025-08-17T14:11:00Z,VERY_ACTIVE,Fitbit App
2025-08-17T14:12:00Z,VERY_ACTIVE,Fitbit App
2025-08-17T14:13:00Z,VERY_ACTIVE,Fitbit App
2025-08-17T14:14:00Z,VERY_ACTIVE,Fitbit App
2025-08-17T14:30:00Z,VERY_ACTIVE,Fitbit App
2025-08-17T14:34:00Z,VERY_ACTIVE,Fitbit App
2025-08-17T14:38:00Z,MODERATELY_ACTIVE,Fitbit App
2025-08-17T14:47:00Z,SEDENTARY,Fitbit App
2025-08-17T14:48:00Z,SEDENTARY,Fitbit App
2025-08-17T14:49:00Z,SEDENTARY,Fitbit App
2025-08-17T14:50:00Z,LIGHTLY_ACTIVE,Fitbit App
2025-08-17T14:53:00Z,VERY_ACTIVE,Fitbit App
2025-08-17T14:54:00Z,VERY_ACTIVE,Fitbit App
2025-08-17T14:55:00Z,VERY_ACTIVE,Fitbit App
2025-08-17T14:57:00Z,SEDENTARY,Fitbit App
2025-08-17T15:00:00Z,SEDENTARY,Fitbit App
2025-08-17T15:02:00Z,MODERATELY_ACTIVE,Fitbit App
2025-08-17T15:04:00Z,MODERATELY_ACTIVE,Fitbit App
2025-08-17T15:05:00Z,LIGHTLY_ACTIVE,Fitbit App
2025-08-17T15:12:00Z,LIGHTLY_ACTIVE,Fitbit App
2025-08-17T15:13:00Z,LIGHTLY_ACTIVE,Fitbit App
2025-08-17T15:18:00Z,VERY_ACTIVE,Fitbit App
2025-08-17T15:20:00Z,LIGHTLY_ACTIVE,Fitbit App
2025-08-17T15:22:00Z,VERY_ACTIVE,Fitbit App
2025-08-17T15:23:00Z,VERY_ACTIVE,Fitbit App
2025-08-17T15:25:00Z,VERY_ACTIVE,Fitbit App
2025-08-17T15:26:00Z,VERY_ACTIVE,Fitbit App
2025-08-17T15:27:00Z,MODERATELY_ACTIVE,Fitbit App
2025-08-17T15:28:00Z,MODERATELY_ACTIVE,Fitbit App
2025-08-17T15:31:00Z,VERY_ACTIVE,Fitbit App
2025-08-17T15:35:00Z,SEDENTARY,Fitbit App
2025-08-17T15:36:00Z,SEDENTARY,Fitbit App
2025-08-17T15:45:00Z,LIGHTLY_ACTIVE,Fitbit App
2025-08-17T16:03:00Z,VERY_ACTIVE,Fitbit App
2025-08-17T16:11:00Z,SEDENTARY,Fitbit App
2025-08-17T16:14:00Z,SEDENTARY,Fitbit App
2025-08-17T16:19:00Z,SEDENTARY,Fitbit App
2025-08-17T16:21:00Z,SEDENTARY,Fitbit App
2025-08-17T16:23:00Z,SEDENTARY,Fitbit App
2025-08-17T16:25:00Z,SEDENTARY,Fitbit App
2025-08-17T16:27:00Z,SEDENTARY,Fitbit App
2025-08-17T16:30:00Z,SEDENTARY,Fitbit App
2025-08-17T16:35:00Z,SEDENTARY,Fitbit App
2025-08-17T16:40:00Z,VERY_ACTIVE,Fitbit App
2025-08-17T16:53:00Z,VERY_ACTIVE,Fitbit App
2025-08-17T16:55:00Z,LIGHTLY_ACTIVE,Fitbit App
2025-08-17T16:56:00Z,SEDENTARY,Fitbit App
2025-08-17T17:14:00Z,LIGHTLY_ACTIVE,Fitbit App
2025-08-17T17:18:00Z,MODERATELY_ACTIVE,Fitbit App
2025-08-17T17:25:00Z,SEDENTARY,Fitbit App
2025-08-17T17:29:00Z,SEDENTARY,Fitbit App
2025-08-17T17:53:00Z,LIGHTLY_ACTIVE,Fitbit App
2025-08-17T18:22:00Z,SEDENTARY,Fitbit App
2025-08-17T18:39:00Z,SEDENTARY,Fitbit App
2025-08-17T18:40:00Z,SEDENTARY,Fitbit App
2025-08-17T18:47:00Z,SEDENTARY,Fitbit App
2025-08-17T18:48:00Z,SEDENTARY,Fitbit App
2025-08-17T18:54:00Z,SEDENTARY,Fitbit App
2025-08-17T19:01:00Z,SEDENTARY,Fitbit App
2025-08-17T19:05:00Z,SEDENTARY,Fitbit App
2025-08-17T19:16:00Z,SEDENTARY,Fitbit App
2025-08-17T19:17:00Z,SEDENTARY,Fitbit App
2025-08-17T19:19:00Z,MODERATELY_ACTIVE,Fitbit App
2025-08-17T19:29:00Z,SEDENTARY,Fitbit App
2025-08-17T19:33:00Z,SEDENTARY,Fitbit App
2025-08-17T19:37:00Z,SEDENTARY,Fitbit App
2025-08-17T19:41:00Z,SEDENTARY,Fitbit App
2025-08-17T19:43:00Z,SEDENTARY,Fitbit App
2025-08-17T19:44:00Z,SEDENTARY,Fitbit App
2025-08-17T19:50:00Z,SEDENTARY,Fitbit App
2025-08-17T19:51:00Z,SEDENTARY,Fitbit App
2025-08-17T20:06:00Z,SEDENTARY,Fitbit App
2025-08-18T03:22:04Z,LIGHTLY_ACTIVE,Fitbit App
2025-08-18T03:23:04Z,MODERATELY_ACTIVE,Fitbit App
2025-08-18T03:24:04Z,VERY_ACTIVE,Fitbit App
2025-08-18T03:25:04Z,LIGHTLY_ACTIVE,Fitbit App
2025-08-18T03:26:04Z,SEDENTARY,Fitbit App
2025-08-18T03:27:04Z,LIGHTLY_ACTIVE,Fitbit App
2025-08-18T03:35:04Z,LIGHTLY_ACTIVE,Fitbit App
2025-08-18T03:36:04Z,MODERATELY_ACTIVE,Fitbit App
2025-08-18T03:37:04Z,MODERATELY_ACTIVE,Fitbit App
2025-08-18T03:38:04Z,MODERATELY_ACTIVE,Fitbit App
2025-08-18T03:41:00Z,SEDENTARY,Fitbit App
2025-08-18T03:45:00Z,SEDENTARY,Fitbit App
2025-08-18T05:58:00Z,SEDENTARY,Fitbit App
2025-08-18T06:46:00Z,SEDENTARY,Fitbit App
2025-08-18T06:50:00Z,SEDENTARY,Fitbit App
2025-08-18T11:16:00Z,SEDENTARY,Fitbit App
2025-08-18T11:20:00Z,SEDENTARY,Fitbit App
2025-08-18T11:41:00Z,LIGHTLY_ACTIVE,Fitbit App
2025-08-18T11:43:00Z,SEDENTARY,Fitbit App
2025-08-18T11:57:00Z,SEDENTARY,Fitbit App
2025-08-18T11:58:00Z,SEDENTARY,Fitbit App
2025-08-18T12:03:00Z,SEDENTARY,Fitbit App
2025-08-18T12:04:00Z,SEDENTARY,Fitbit App
2025-08-18T12:07:00Z,SEDENTARY,Fitbit App
2025-08-18T12:10:00Z,SEDENTARY,Fitbit App
2025-08-18T12:20:00Z,SEDENTARY,Fitbit App
2025-08-18T12:21:00Z,SEDENTARY,Fitbit App
2025-08-18T12:23:00Z,SEDENTARY,Fitbit App
2025-08-18T12:24:00Z,SEDENTARY,Fitbit App
2025-08-18T12:26:00Z,SEDENTARY,Fitbit App
2025-08-18T12:31:00Z,SEDENTARY,Fitbit App
2025-08-18T12:34:00Z,SEDENTARY,Fitbit App
2025-08-18T12:44:00Z,SEDENTARY,Fitbit App
2025-08-18T12:52:00Z,SEDENTARY,Fitbit App
2025-08-18T12:59:00Z,SEDENTARY,Fitbit App
2025-08-18T13:00:00Z,SEDENTARY,Fitbit App
2025-08-18T13:01:00Z,SEDENTARY,Fitbit App
2025-08-18T13:09:00Z,SEDENTARY,Fitbit App
2025-08-18T13:11:00Z,SEDENTARY,Fitbit App
2025-08-18T13:21:00Z,SEDENTARY,Fitbit App
2025-08-18T13:37:00Z,SEDENTARY,Fitbit App
2025-08-18T13:42:00Z,SEDENTARY,Fitbit App
2025-08-18T13:43:00Z,SEDENTARY,Fitbit App
2025-08-18T13:44:00Z,SEDENTARY,Fitbit App
2025-08-18T13:46:00Z,LIGHTLY_ACTIVE,Fitbit App
2025-08-18T18:10:04Z,LIGHTLY_ACTIVE,Fitbit App
2025-08-18T18:11:04Z,MODERATELY_ACTIVE,Fitbit App
2025-08-18T18:12:04Z,VERY_ACTIVE,Fitbit App
2025-08-18T18:13:04Z,MODERATELY_ACTIVE,Fitbit App
2025-08-18T18:14:04Z,LIGHTLY_ACTIVE,Fitbit App
2025-08-18T18:15:04Z,LIGHTLY_ACTIVE,Fitbit App
2025-08-18T18:16:04Z,LIGHTLY_ACTIVE,Fitbit App
2025-08-18T18:26:04Z,LIGHTLY_ACTIVE,Fitbit App
2025-08-18T18:27:04Z,VERY_ACTIVE,Fitbit App
2025-08-18T18:28:04Z,VERY_ACTIVE,Fitbit App
2025-08-18T18:29:04Z,LIGHTLY_ACTIVE,Fitbit App
2025-08-19T02:23:04Z,LIGHTLY_ACTIVE,Fitbit App
2025-08-19T02:24:04Z,LIGHTLY_ACTIVE,Fitbit App
2025-08-19T02:31:04Z,LIGHTLY_ACTIVE,Fitbit App
2025-08-19T02:32:04Z,MODERATELY_ACTIVE,Fitbit App
2025-08-19T02:33:04Z,MODERATELY_ACTIVE,Fitbit App
2025-08-19T02:39:04Z,LIGHTLY_ACTIVE,Fitbit App
2025-08-19T02:40:04Z,MODERATELY_ACTIVE,Fitbit App
2025-08-19T02:41:04Z,VERY_ACTIVE,Fitbit App
2025-08-19T02:42:04Z,LIGHTLY_ACTIVE,Fitbit App
2025-08-19T11:02:00Z,SEDENTARY,Fitbit App
2025-08-19T11:22:00Z,SEDENTARY,Fitbit App
2025-08-19T11:25:00Z,SEDENTARY,Fitbit App
2025-08-19T11:40:00Z,SEDENTARY,Fitbit App
2025-08-19T14:34:04Z,LIGHTLY_ACTIVE,Fitbit App
2025-08-19T14:35:04Z,LIGHTLY_ACTIVE,Fitbit App
2025-08-19T14:36:04Z,VERY_ACTIVE,Fitbit App
2025-08-19T14:37:04Z,LIGHTLY_ACTIVE,Fitbit App
2025-08-19T14:44:04Z,SEDENTARY,Fitbit App
2025-08-19T14:45:04Z,LIGHTLY_ACTIVE,Fitbit App
2025-08-19T14:46:04Z,LIGHTLY_ACTIVE,Fitbit App
2025-08-19T14:47:04Z,VERY_ACTIVE,Fitbit App
2025-08-19T14:48:04Z,LIGHTLY_ACTIVE,Fitbit App
2025-08-19T18:55:04Z,SEDENTARY,Fitbit App
2025-08-19T18:56:04Z,LIGHTLY_ACTIVE,Fitbit App
2025-08-19T18:57:04Z,VERY_ACTIVE,Fitbit App
2025-08-19T18:58:04Z,VERY_ACTIVE,Fitbit App
2025-08-19T18:59:04Z,VERY_ACTIVE,Fitbit App
2025-08-19T19:00:04Z,LIGHTLY_ACTIVE,Fitbit App
2025-08-19T19:01:04Z,VERY_ACTIVE,Fitbit App
2025-08-19T19:02:04Z,VERY_ACTIVE,Fitbit App
2025-08-19T19:03:04Z,VERY_ACTIVE,Fitbit App
2025-08-20T06:26:00Z,SEDENTARY,Fitbit App
2025-08-20T07:47:04Z,LIGHTLY_ACTIVE,Fitbit App
2025-08-20T07:48:04Z,MODERATELY_ACTIVE,Fitbit App
2025-08-20T07:49:04Z,VERY_ACTIVE,Fitbit App
2025-08-20T07:50:04Z,MODERATELY_ACTIVE,Fitbit App
2025-08-20T07:51:04Z,VERY_ACTIVE,Fitbit App
2025-08-20T07:52:04Z,VERY_ACTIVE,Fitbit App
2025-08-20T07:53:04Z,MODERATELY_ACTIVE,Fitbit App
2025-08-20T07:56:04Z,LIGHTLY_ACTIVE,Fitbit App
2025-08-20T07:57:04Z,LIGHTLY_ACTIVE,Fitbit App
2025-08-20T08:04:04Z,LIGHTLY_ACTIVE,Fitbit App
2025-08-20T08:05:04Z,MODERATELY_ACTIVE,Fitbit App
2025-08-20T08:06:04Z,LIGHTLY_ACTIVE,Fitbit App
2025-08-20T08:07:04Z,VERY_ACTIVE,Fitbit App
2025-08-20T10:09:00Z,LIGHTLY_ACTIVE,Fitbit App
2025-08-20T10:10:00Z,SEDENTARY,Fitbit App
2025-08-20T10:14:00Z,SEDENTARY,Fitbit App
2025-08-20T10:35:00Z,SEDENTARY,Fitbit App
2025-08-20T10:36:00Z,SEDENTARY,Fitbit App
2025-08-20T10:37:00Z,SEDENTARY,Fitbit App
2025-08-20T10:38:00Z,SEDENTARY,Fitbit App
2025-08-20T10:41:00Z,SEDENTARY,Fitbit App
2025-08-20T10:46:00Z,SEDENTARY,Fitbit App
2025-08-20T10:47:00Z,SEDENTARY,Fitbit App
2025-08-20T10:50:00Z,SEDENTARY,Fitbit App
2025-08-20T11:07:00Z,SEDENTARY,Fitbit App
2025-08-20T11:10:00Z,SEDENTARY,Fitbit App
2025-08-20T11:11:00Z,SEDENTARY,Fitbit App
2025-08-20T11:13:00Z,SEDENTARY,Fitbit App
2025-08-20T11:46:00Z,SEDENTARY,Fitbit App
2025-08-20T11:47:00Z,SEDENTARY,Fitbit App
2025-08-20T11:56:00Z,SEDENTARY,Fitbit App
2025-08-20T12:06:00Z,SEDENTARY,Fitbit App
2025-08-20T12:07:00Z,SEDENTARY,Fitbit App
2025-08-20T12:11:00Z,SEDENTARY,Fitbit App
2025-08-20T12:12:00Z,SEDENTARY,Fitbit App
2025-08-20T12:23:00Z,SEDENTARY,Fitbit App
2025-08-20T12:30:00Z,SEDENTARY,Fitbit App
2025-08-20T12:45:00Z,SEDENTARY,Fitbit App
2025-08-20T12:48:00Z,SEDENTARY,Fitbit App
2025-08-20T12:55:00Z,LIGHTLY_ACTIVE,Fitbit App
2025-08-20T13:06:00Z,LIGHTLY_ACTIVE,Fitbit App
2025-08-20T13:31:00Z,MODERATELY_ACTIVE,Fitbit App
2025-08-20T13:37:00Z,MODERATELY_ACTIVE,Fitbit App
2025-08-20T13:56:00Z,VERY_ACTIVE,Fitbit App
2025-08-20T14:05:00Z,MODERATELY_ACTIVE,Fitbit App
2025-08-20T14:06:00Z,SEDENTARY,Fitbit App
2025-08-20T14:07:00Z,SEDENTARY,Fitbit App
2025-08-20T14:08:00Z,SEDENTARY,Fitbit App
2025-08-20T14:09:00Z,SEDENTARY,Fitbit App
2025-08-20T14:18:00Z,SEDENTARY,Fitbit App
2025-08-20T14:21:00Z,SEDENTARY,Fitbit App
2025-08-20T14:27:00Z,MODERATELY_ACTIVE,Fitbit App
2025-08-20T14:33:00Z,VERY_ACTIVE,Fitbit App
2025-08-20T14:34:00Z,VERY_ACTIVE,Fitbit App
2025-08-20T14:40:00Z,VERY_ACTIVE,Fitbit App
2025-08-20T14:41:00Z,MODERATELY_ACTIVE,Fitbit App
2025-08-20T14:46:00Z,SEDENTARY,Fitbit App
2025-08-20T14:57:00Z,SEDENTARY,Fitbit App
2025-08-20T15:01:00Z,SEDENTARY,Fitbit App
2025-08-20T15:02:00Z,SEDENTARY,Fitbit App
2025-08-20T15:04:00Z,LIGHTLY_ACTIVE,Fitbit App
2025-08-20T15:21:00Z,LIGHTLY_ACTIVE,Fitbit App
2025-08-20T15:29:00Z,SEDENTARY,Fitbit App
2025-08-20T15:30:00Z,LIGHTLY_ACTIVE,Fitbit App
2025-08-20T15:44:00Z,VERY_ACTIVE,Fitbit App
2025-08-20T15:49:00Z,MODERATELY_ACTIVE,Fitbit App
2025-08-20T16:04:00Z,VERY_ACTIVE,Fitbit App
2025-08-20T16:09:00Z,VERY_ACTIVE,Fitbit App
2025-08-20T16:16:00Z,VERY_ACTIVE,Fitbit App
2025-08-20T16:35:00Z,VERY_ACTIVE,Fitbit App
2025-08-20T16:37:00Z,SEDENTARY,Fitbit App
2025-08-20T16:39:00Z,MODERATELY_ACTIVE,Fitbit App
2025-08-20T16:46:00Z,VERY_ACTIVE,Fitbit App
2025-08-20T16:50:00Z,SEDENTARY,Fitbit App
2025-08-20T17:03:00Z,VERY_ACTIVE,Fitbit App
2025-08-20T17:10:00Z,SEDENTARY,Fitbit App
2025-08-20T17:12:00Z,MODERATELY_ACTIVE,Fitbit App
2025-08-20T17:19:00Z,SEDENTARY,Fitbit App
2025-08-20T17:39:00Z,VERY_ACTIVE,Fitbit App
2025-08-20T17:42:00Z,MODERATELY_ACTIVE,Fitbit App
2025-08-20T17:50:00Z,VERY_ACTIVE,Fitbit App
2025-08-20T17:55:00Z,SEDENTARY,Fitbit App
2025-08-20T18:31:00Z,MODERATELY_ACTIVE,Fitbit App
2025-08-20T18:35:00Z,LIGHTLY_ACTIVE,Fitbit App
2025-08-20T18:41:00Z,VERY_ACTIVE,Fitbit App
2025-08-20T18:45:00Z,VERY_ACTIVE,Fitbit App
2025-08-21T02:56:04Z,LIGHTLY_ACTIVE,Fitbit App
2025-08-21T02:57:04Z,LIGHTLY_ACTIVE,Fitbit App
2025-08-21T02:58:04Z,LIGHTLY_ACTIVE,Fitbit App
2025-08-21T02:59:04Z,VERY_ACTIVE,Fitbit App
2025-08-21T03:00:04Z,LIGHTLY_ACTIVE,Fitbit App
2025-08-21T03:01:04Z,LIGHTLY_ACTIVE,Fitbit App
2025-08-21T03:05:04Z,SEDENTARY,Fitbit App
2025-08-21T03:06:04Z,LIGHTLY_ACTIVE,Fitbit App
2025-08-21T03:07:04Z,MODERATELY_ACTIVE,Fitbit App
2025-08-21T03:08:04Z,VERY_ACTIVE,Fitbit App
2025-08-21T08:24:04Z,MODERATELY_ACTIVE,Fitbit App
2025-08-21T08:25:04Z,VERY_ACTIVE,Fitbit App
2025-08-21T08:26:04Z,LIGHTLY_ACTIVE,Fitbit App
2025-08-21T08:27:04Z,VERY_ACTIVE,Fitbit App
2025-08-21T08:28:04Z,VERY_ACTIVE,Fitbit App
2025-08-21T08:29:04Z,MODERATELY_ACTIVE,Fitbit App
2025-08-21T08:30:04Z,VERY_ACTIVE,Fitbit App
2025-08-21T08:31:04Z,VERY_ACTIVE,Fitbit App
2025-08-21T08:32:04Z,VERY_ACTIVE,Fitbit App
2025-08-21T08:33:04Z,LIGHTLY_ACTIVE,Fitbit App
2025-08-21T08:34:04Z,VERY_ACTIVE,Fitbit App
2025-08-21T08:35:04Z,LIGHTLY_ACTIVE,Fitbit App
2025-08-21T08:40:04Z,SEDENTARY,Fitbit App
2025-08-21T08:41:04Z,LIGHTLY_ACTIVE,Fitbit App
2025-08-21T09:13:04Z,LIGHTLY_ACTIVE,Fitbit App
2025-08-21T09:14:04Z,LIGHTLY_ACTIVE,Fitbit App
2025-08-21T09:19:04Z,LIGHTLY_ACTIVE,Fitbit App
2025-08-21T09:20:04Z,LIGHTLY_ACTIVE,Fitbit App
2025-08-21T09:21:04Z,SEDENTARY,Fitbit App
2025-08-21T09:22:04Z,LIGHTLY_ACTIVE,Fitbit App
2025-08-21T09:23:04Z,LIGHTLY_ACTIVE,Fitbit App
2025-08-21T09:48:04Z,LIGHTLY_ACTIVE,Fitbit App
2025-08-21T09:49:04Z,LIGHTLY_ACTIVE,Fitbit App
2025-08-21T09:56:04Z,LIGHTLY_ACTIVE,Fitbit App
2025-08-21T09:57:04Z,LIGHTLY_ACTIVE,Fitbit App
2025-08-21T09:59:04Z,LIGHTLY_ACTIVE,Fitbit App
2025-08-21T10:00:04Z,LIGHTLY_ACTIVE,Fitbit App
2025-08-21T10:01:04Z,MODERATELY_ACTIVE,Fitbit App
2025-08-21T10:02:04Z,LIGHTLY_ACTIVE,Fitbit App
2025-08-21T10:03:04Z,LIGHTLY_ACTIVE,Fitbit App
2025-08-21T10:04:04Z,LIGHTLY_ACTIVE,Fitbit App
2025-08-21T10:05:04Z,LIGHTLY_ACTIVE,Fitbit App
2025-08-21T10:06:04Z,LIGHTLY_ACTIVE,Fitbit App
2025-08-21T10:07:04Z,LIGHTLY_ACTIVE,Fitbit App
2025-08-21T10:09:04Z,LIGHTLY_ACTIVE,Fitbit App
2025-08-21T10:10:04Z,LIGHTLY_ACTIVE,Fitbit App
2025-08-21T10:30:04Z,LIGHTLY_ACTIVE,Fitbit App
2025-08-21T10:31:04Z,LIGHTLY_ACTIVE,Fitbit App
2025-08-21T10:33:04Z,LIGHTLY_ACTIVE,Fitbit App
2025-08-21T10:34:04Z,LIGHTLY_ACTIVE,Fitbit App
2025-08-21T10:35:04Z,LIGHTLY_ACTIVE,Fitbit App
2025-08-21T10:36:04Z,MODERATELY_ACTIVE,Fitbit App
2025-08-21T10:37:04Z,LIGHTLY_ACTIVE,Fitbit App
2025-08-21T10:43:04Z,LIGHTLY_ACTIVE,Fitbit App
2025-08-21T10:44:04Z,LIGHTLY_ACTIVE,Fitbit App
2025-08-21T10:45:04Z,LIGHTLY_ACTIVE,Fitbit App
2025-08-21T10:52:04Z,SEDENTARY,Fitbit App
2025-08-21T10:53:04Z,LIGHTLY_ACTIVE,Fitbit App
2025-08-21T10:54:04Z,LIGHTLY_ACTIVE,Fitbit App
2025-08-21T10:55:04Z,LIGHTLY_ACTIVE,Fitbit App
2025-08-21T11:02:04Z,SEDENTARY,Fitbit App
2025-08-21T11:03:04Z,LIGHTLY_ACTIVE,Fitbit App
2025-08-21T11:08:04Z,LIGHTLY_ACTIVE,Fitbit App
2025-08-21T11:09:04Z,LIGHTLY_ACTIVE,Fitbit App
2025-08-21T11:17:04Z,LIGHTLY_ACTIVE,Fitbit App
2025-08-21T11:18:04Z,LIGHTLY_ACTIVE,Fitbit App
2025-08-21T11:22:04Z,SEDENTARY,Fitbit App
2025-08-21T11:23:04Z,LIGHTLY_ACTIVE,Fitbit App
2025-08-21T11:24:04Z,LIGHTLY_ACTIVE,Fitbit App
2025-08-21T11:25:04Z,LIGHTLY_ACTIVE,Fitbit App
2025-08-21T11:32:04Z,LIGHTLY_ACTIVE,Fitbit App
2025-08-21T11:33:04Z,LIGHTLY_ACTIVE,Fitbit App
2025-08-21T11:34:04Z,LIGHTLY_ACTIVE,Fitbit App
2025-08-21T11:35:04Z,VERY_ACTIVE,Fitbit App
2025-08-21T11:36:04Z,MODERATELY_ACTIVE,Fitbit App
2025-08-21T11:37:04Z,LIGHTLY_ACTIVE,Fitbit App
2025-08-21T11:38:04Z,LIGHTLY_ACTIVE,Fitbit App
2025-08-21T11:39:04Z,LIGHTLY_ACTIVE,Fitbit App
2025-08-21T11:42:04Z,SEDENTARY,Fitbit App
2025-08-21T11:43:04Z,LIGHTLY_ACTIVE,Fitbit App
2025-08-21T11:44:04Z,MODERATELY_ACTIVE,Fitbit App
2025-08-21T11:45:04Z,LIGHTLY_ACTIVE,Fitbit App
2025-08-21T11:46:04Z,LIGHTLY_ACTIVE,Fitbit App
2025-08-21T11:47:04Z,MODERATELY_ACTIVE,Fitbit App
2025-08-21T11:48:04Z,MODERATELY_ACTIVE,Fitbit App
2025-08-21T11:49:04Z,MODERATELY_ACTIVE,Fitbit App
2025-08-21T11:50:04Z,MODERATELY_ACTIVE,Fitbit App
2025-08-21T11:51:04Z,MODERATELY_ACTIVE,Fitbit App
2025-08-21T11:52:04Z,MODERATELY_ACTIVE,Fitbit App
2025-08-21T11:53:04Z,MODERATELY_ACTIVE,Fitbit App
2025-08-21T11:54:04Z,LIGHTLY_ACTIVE,Fitbit App
2025-08-21T11:55:04Z,LIGHTLY_ACTIVE,Fitbit App
2025-08-21T11:56:04Z,VERY_ACTIVE,Fitbit App
2025-08-21T11:57:04Z,MODERATELY_ACTIVE,Fitbit App
2025-08-21T11:58:04Z,MODERATELY_ACTIVE,Fitbit App
2025-08-21T11:59:04Z,LIGHTLY_ACTIVE,Fitbit App
2025-08-21T12:05:04Z,LIGHTLY_ACTIVE,Fitbit App
2025-08-21T12:06:04Z,MODERATELY_ACTIVE,Fitbit App
2025-08-21T12:07:04Z,VERY_ACTIVE,Fitbit App
2025-08-21T12:08:04Z,LIGHTLY_ACTIVE,Fitbit App
2025-08-21T15:07:04Z,SEDENTARY,Fitbit App
2025-08-21T15:08:04Z,LIGHTLY_ACTIVE,Fitbit App
2025-08-21T15:09:04Z,VERY_ACTIVE,Fitbit App
2025-08-21T15:10:04Z,VERY_ACTIVE,Fitbit App
2025-08-21T15:11:04Z,MODERATELY_ACTIVE,Fitbit App
2025-08-21T15:12:04Z,MODERATELY_ACTIVE,Fitbit App
2025-08-21T15:13:04Z,LIGHTLY_ACTIVE,Fitbit App
2025-08-21T15:14:04Z,MODERATELY_ACTIVE,Fitbit App
2025-08-21T15:15:04Z,LIGHTLY_ACTIVE,Fitbit App
2025-08-21T15:26:04Z,SEDENTARY,Fitbit App
2025-08-21T15:27:04Z,LIGHTLY_ACTIVE,Fitbit App
2025-08-21T15:28:04Z,VERY_ACTIVE,Fitbit App
2025-08-21T15:29:04Z,VERY_ACTIVE,Fitbit App
2025-08-21T15:30:04Z,VERY_ACTIVE,Fitbit App
2025-08-21T15:31:04Z,LIGHTLY_ACTIVE,Fitbit App
2025-08-21T19:44:04Z,SEDENTARY,Fitbit App
2025-08-21T19:45:04Z,LIGHTLY_ACTIVE,Fitbit App
2025-08-21T19:46:04Z,VERY_ACTIVE,Fitbit App
2025-08-21T19:47:04Z,VERY_ACTIVE,Fitbit App
2025-08-21T19:48:04Z,LIGHTLY_ACTIVE,Fitbit App
2025-08-21T19:49:04Z,MODERATELY_ACTIVE,Fitbit App
2025-08-21T19:50:04Z,VERY_ACTIVE,Fitbit App
2025-08-21T19:51:04Z,VERY_ACTIVE,Fitbit App
2025-08-22T00:14:04Z,LIGHTLY_ACTIVE,Fitbit App
2025-08-22T00:15:04Z,LIGHTLY_ACTIVE,Fitbit App
2025-08-22T11:05:04Z,SEDENTARY,Fitbit App
2025-08-22T11:06:04Z,LIGHTLY_ACTIVE,Fitbit App
2025-08-22T11:07:04Z,VERY_ACTIVE,Fitbit App
2025-08-22T11:08:04Z,VERY_ACTIVE,Fitbit App
2025-08-22T11:09:04Z,LIGHTLY_ACTIVE,Fitbit App
2025-08-22T11:10:04Z,MODERATELY_ACTIVE,Fitbit App
2025-08-22T11:11:04Z,MODERATELY_ACTIVE,Fitbit App
2025-08-22T11:12:04Z,VERY_ACTIVE,Fitbit App
2025-08-22T11:13:04Z,MODERATELY_ACTIVE,Fitbit App
2025-08-22T11:14:04Z,LIGHTLY_ACTIVE,Fitbit App
2025-08-22T11:15:04Z,LIGHTLY_ACTIVE,Fitbit App
2025-08-22T11:16:04Z,VERY_ACTIVE,Fitbit App
2025-08-22T11:17:04Z,MODERATELY_ACTIVE,Fitbit App
2025-08-22T11:18:04Z,MODERATELY_ACTIVE,Fitbit App
2025-08-22T11:19:04Z,MODERATELY_ACTIVE,Fitbit App
2025-08-22T11:20:04Z,MODERATELY_ACTIVE,Fitbit App
2025-08-22T11:21:04Z,MODERATELY_ACTIVE,Fitbit App
2025-08-22T11:22:04Z,MODERATELY_ACTIVE,Fitbit App
2025-08-22T11:23:04Z,MODERATELY_ACTIVE,Fitbit App
2025-08-22T11:24:04Z,MODERATELY_ACTIVE,Fitbit App
2025-08-22T11:25:04Z,MODERATELY_ACTIVE,Fitbit App
2025-08-22T11:26:04Z,MODERATELY_ACTIVE,Fitbit App
2025-08-22T12:16:04Z,LIGHTLY_ACTIVE,Fitbit App
2025-08-22T12:17:04Z,MODERATELY_ACTIVE,Fitbit App
2025-08-22T12:18:04Z,MODERATELY_ACTIVE,Fitbit App
2025-08-22T12:19:04Z,LIGHTLY_ACTIVE,Fitbit App
2025-08-22T12:20:04Z,LIGHTLY_ACTIVE,Fitbit App
2025-08-22T12:21:04Z,LIGHTLY_ACTIVE,Fitbit App
2025-08-22T12:22:04Z,MODERATELY_ACTIVE,Fitbit App
2025-08-22T12:23:04Z,VERY_ACTIVE,Fitbit App
2025-08-22T12:24:04Z,LIGHTLY_ACTIVE,Fitbit App
2025-08-22T15:14:04Z,LIGHTLY_ACTIVE,Fitbit App
2025-08-22T15:15:04Z,VERY_ACTIVE,Fitbit App
2025-08-22T15:16:04Z,MODERATELY_ACTIVE,Fitbit App
2025-08-22T15:17:04Z,LIGHTLY_ACTIVE,Fitbit App
2025-08-22T15:19:04Z,LIGHTLY_ACTIVE,Fitbit App
2025-08-22T15:20:04Z,LIGHTLY_ACTIVE,Fitbit App
2025-08-22T15:28:04Z,SEDENTARY,Fitbit App
2025-08-22T15:29:04Z,LIGHTLY_ACTIVE,Fitbit App
2025-08-22T15:30:04Z,LIGHTLY_ACTIVE,Fitbit App
2025-08-22T15:31:04Z,VERY_ACTIVE,Fitbit App
2025-08-23T03:07:04Z,SEDENTARY,Fitbit App
2025-08-23T03:08:04Z,LIGHTLY_ACTIVE,Fitbit App
2025-08-23T03:09:04Z,VERY_ACTIVE,Fitbit App
2025-08-23T03:10:04Z,LIGHTLY_ACTIVE,Fitbit App
2025-08-23T03:11:04Z,LIGHTLY_ACTIVE,Fitbit App
2025-08-23T03:16:04Z,SEDENTARY,Fitbit App
2025-08-23T03:17:04Z,MODERATELY_ACTIVE,Fitbit App
2025-08-23T03:18:04Z,VERY_ACTIVE,Fitbit App
2025-08-23T03:19:04Z,LIGHTLY_ACTIVE,Fitbit App
2025-08-23T08:21:04Z,VERY_ACTIVE,Fitbit App
2025-08-23T08:22:04Z,LIGHTLY_ACTIVE,Fitbit App
2025-08-23T08:25:04Z,LIGHTLY_ACTIVE,Fitbit App
2025-08-23T08:26:04Z,LIGHTLY_ACTIVE,Fitbit App
2025-08-23T08:35:04Z,LIGHTLY_ACTIVE,Fitbit App
2025-08-23T08:36:04Z,MODERATELY_ACTIVE,Fitbit App
2025-08-23T08:37:04Z,VERY_ACTIVE,Fitbit App
2025-08-23T11:06:04Z,LIGHTLY_ACTIVE,Fitbit App
2025-08-23T11:07:04Z,LIGHTLY_ACTIVE,Fitbit App
2025-08-23T11:08:04Z,VERY_ACTIVE,Fitbit App
2025-08-23T11:09:04Z,MODERATELY_ACTIVE,Fitbit App
2025-08-23T11:10:04Z,LIGHTLY_ACTIVE,Fitbit App
2025-08-23T11:17:04Z,LIGHTLY_ACTIVE,Fitbit App
2025-08-23T11:18:04Z,MODERATELY_ACTIVE,Fitbit App
2025-08-23T11:19:04Z,LIGHTLY_ACTIVE,Fitbit App
2025-08-23T11:21:04Z,LIGHTLY_ACTIVE,Fitbit App
2025-08-23T11:22:04Z,VERY_ACTIVE,Fitbit App
2025-08-23T11:23:04Z,MODERATELY_ACTIVE,Fitbit App
2025-08-23T11:24:04Z,LIGHTLY_ACTIVE,Fitbit App
2025-08-23T11:25:04Z,LIGHTLY_ACTIVE,Fitbit App
2025-08-23T11:32:04Z,LIGHTLY_ACTIVE,Fitbit App
2025-08-23T11:33:04Z,LIGHTLY_ACTIVE,Fitbit App
2025-08-23T11:34:04Z,MODERATELY_ACTIVE,Fitbit App
2025-08-23T11:35:04Z,VERY_ACTIVE,Fitbit App
2025-08-23T11:36:04Z,VERY_ACTIVE,Fitbit App
2025-08-23T11:37:04Z,LIGHTLY_ACTIVE,Fitbit App
2025-08-23T11:38:04Z,LIGHTLY_ACTIVE,Fitbit App
2025-08-23T11:39:04Z,LIGHTLY_ACTIVE,Fitbit App
2025-08-23T11:40:04Z,VERY_ACTIVE,Fitbit App
2025-08-23T11:41:04Z,LIGHTLY_ACTIVE,Fitbit App
2025-08-23T11:42:04Z,SEDENTARY,Fitbit App
2025-08-23T11:43:04Z,LIGHTLY_ACTIVE,Fitbit App
2025-08-23T11:44:04Z,LIGHTLY_ACTIVE,Fitbit App
2025-08-23T11:45:04Z,LIGHTLY_ACTIVE,Fitbit App
2025-08-23T11:46:04Z,VERY_ACTIVE,Fitbit App
2025-08-23T11:47:04Z,LIGHTLY_ACTIVE,Fitbit App
2025-08-23T11:48:04Z,LIGHTLY_ACTIVE,Fitbit App
2025-08-23T11:49:04Z,LIGHTLY_ACTIVE,Fitbit App
2025-08-23T11:50:04Z,LIGHTLY_ACTIVE,Fitbit App
2025-08-23T11:51:04Z,MODERATELY_ACTIVE,Fitbit App
2025-08-23T11:52:04Z,LIGHTLY_ACTIVE,Fitbit App
2025-08-23T11:53:04Z,MODERATELY_ACTIVE,Fitbit App
2025-08-23T11:54:04Z,LIGHTLY_ACTIVE,Fitbit App
2025-08-23T11:55:04Z,MODERATELY_ACTIVE,Fitbit App
2025-08-23T11:57:04Z,LIGHTLY_ACTIVE,Fitbit App
2025-08-23T11:58:04Z,LIGHTLY_ACTIVE,Fitbit App
2025-08-23T11:59:04Z,VERY_ACTIVE,Fitbit App
2025-08-23T12:00:04Z,VERY_ACTIVE,Fitbit App
2025-08-23T12:01:04Z,VERY_ACTIVE,Fitbit App
2025-08-23T12:02:04Z,VERY_ACTIVE,Fitbit App
2025-08-23T12:03:04Z,VERY_ACTIVE,Fitbit App
2025-08-23T12:04:04Z,VERY_ACTIVE,Fitbit App
2025-08-23T12:05:04Z,VERY_ACTIVE,Fitbit App
2025-08-23T12:06:04Z,MODERATELY_ACTIVE,Fitbit App
2025-08-23T12:07:04Z,VERY_ACTIVE,Fitbit App
2025-08-23T12:08:04Z,VERY_ACTIVE,Fitbit App
2025-08-23T12:09:04Z,VERY_ACTIVE,Fitbit App
2025-08-23T12:10:04Z,VERY_ACTIVE,Fitbit App
2025-08-23T12:11:04Z,MODERATELY_ACTIVE,Fitbit App
2025-08-23T12:12:04Z,VERY_ACTIVE,Fitbit App
2025-08-23T12:13:04Z,VERY_ACTIVE,Fitbit App
2025-08-23T12:14:04Z,VERY_ACTIVE,Fitbit App
2025-08-23T12:15:04Z,VERY_ACTIVE,Fitbit App
2025-08-23T12:16:04Z,VERY_ACTIVE,Fitbit App
2025-08-23T12:17:04Z,VERY_ACTIVE,Fitbit App
2025-08-23T12:18:04Z,VERY_ACTIVE,Fitbit App
2025-08-23T12:19:04Z,VERY_ACTIVE,Fitbit App
2025-08-23T12:20:04Z,VERY_ACTIVE,Fitbit App
2025-08-23T12:21:04Z,VERY_ACTIVE,Fitbit App
2025-08-23T12:22:04Z,VERY_ACTIVE,Fitbit App
2025-08-23T12:23:04Z,VERY_ACTIVE,Fitbit App
2025-08-23T12:24:04Z,MODERATELY_ACTIVE,Fitbit App
2025-08-23T12:25:04Z,LIGHTLY_ACTIVE,Fitbit App
2025-08-23T12:35:32Z,LIGHTLY_ACTIVE,Fitbit App
2025-08-23T12:36:32Z,LIGHTLY_ACTIVE,Fitbit App
2025-08-23T12:40:32Z,LIGHTLY_ACTIVE,Fitbit App
2025-08-23T12:41:32Z,MODERATELY_ACTIVE,Fitbit App
2025-08-23T12:42:32Z,LIGHTLY_ACTIVE,Fitbit App
2025-08-23T12:43:32Z,MODERATELY_ACTIVE,Fitbit App
2025-08-23T12:44:32Z,MODERATELY_ACTIVE,Fitbit App
2025-08-23T12:45:32Z,LIGHTLY_ACTIVE,Fitbit App
2025-08-23T12:46:32Z,LIGHTLY_ACTIVE,Fitbit App
2025-08-23T12:47:32Z,VERY_ACTIVE,Fitbit App
2025-08-23T12:48:32Z,LIGHTLY_ACTIVE,Fitbit App
2025-08-23T14:23:32Z,LIGHTLY_ACTIVE,Fitbit App
2025-08-23T14:24:32Z,LIGHTLY_ACTIVE,Fitbit App
2025-08-23T15:14:32Z,LIGHTLY_ACTIVE,Fitbit App
2025-08-23T15:15:32Z,MODERATELY_ACTIVE,Fitbit App
2025-08-23T15:16:32Z,MODERATELY_ACTIVE,Fitbit App
2025-08-23T15:17:32Z,LIGHTLY_ACTIVE,Fitbit App
2025-08-23T15:18:32Z,LIGHTLY_ACTIVE,Fitbit App
2025-08-23T15:30:32Z,LIGHTLY_ACTIVE,Fitbit App
2025-08-23T15:31:32Z,MODERATELY_ACTIVE,Fitbit App
2025-08-23T15:32:32Z,MODERATELY_ACTIVE,Fitbit App
2025-08-23T15:33:32Z,MODERATELY_ACTIVE,Fitbit App
2025-08-24T07:30:32Z,LIGHTLY_ACTIVE,Fitbit App
2025-08-24T07:31:32Z,MODERATELY_ACTIVE,Fitbit App
2025-08-24T07:32:32Z,MODERATELY_ACTIVE,Fitbit App
2025-08-24T07:33:32Z,LIGHTLY_ACTIVE,Fitbit App
2025-08-24T07:34:32Z,LIGHTLY_ACTIVE,Fitbit App
2025-08-24T07:46:32Z,LIGHTLY_ACTIVE,Fitbit App
2025-08-24T07:47:32Z,MODERATELY_ACTIVE,Fitbit App
2025-08-24T07:48:32Z,LIGHTLY_ACTIVE,Fitbit App
2025-08-24T07:49:32Z,VERY_ACTIVE,Fitbit App
2025-08-24T11:41:32Z,LIGHTLY_ACTIVE,Fitbit App
2025-08-24T11:42:32Z,MODERATELY_ACTIVE,Fitbit App
2025-08-24T11:43:32Z,MODERATELY_ACTIVE,Fitbit App
2025-08-24T11:44:32Z,LIGHTLY_ACTIVE,Fitbit App
2025-08-24T11:45:32Z,LIGHTLY_ACTIVE,Fitbit App
2025-08-24T11:49:32Z,SEDENTARY,Fitbit App
2025-08-24T11:50:32Z,LIGHTLY_ACTIVE,Fitbit App
2025-08-24T11:51:32Z,MODERATELY_ACTIVE,Fitbit App
2025-08-24T11:52:32Z,VERY_ACTIVE,Fitbit App
2025-08-24T11:53:32Z,VERY_ACTIVE,Fitbit App
2025-08-24T11:54:32Z,VERY_ACTIVE,Fitbit App
2025-08-24T11:55:32Z,VERY_ACTIVE,Fitbit App
2025-08-24T11:56:32Z,VERY_ACTIVE,Fitbit App
2025-08-24T11:57:32Z,VERY_ACTIVE,Fitbit App
2025-08-24T11:58:32Z,VERY_ACTIVE,Fitbit App
2025-08-24T11:59:32Z,VERY_ACTIVE,Fitbit App
2025-08-24T12:00:32Z,VERY_ACTIVE,Fitbit App
2025-08-24T12:01:32Z,VERY_ACTIVE,Fitbit App
2025-08-24T12:02:32Z,VERY_ACTIVE,Fitbit App
2025-08-24T12:03:32Z,VERY_ACTIVE,Fitbit App
2025-08-24T12:04:32Z,VERY_ACTIVE,Fitbit App
2025-08-24T12:05:32Z,VERY_ACTIVE,Fitbit App
2025-08-24T12:06:32Z,VERY_ACTIVE,Fitbit App
2025-08-24T12:07:32Z,LIGHTLY_ACTIVE,Fitbit App
2025-08-24T12:11:32Z,LIGHTLY_ACTIVE,Fitbit App
2025-08-24T12:12:32Z,LIGHTLY_ACTIVE,Fitbit App
2025-08-24T12:47:32Z,LIGHTLY_ACTIVE,Fitbit App
2025-08-24T12:48:32Z,LIGHTLY_ACTIVE,Fitbit App
2025-08-24T14:20:32Z,SEDENTARY,Fitbit App
2025-08-24T14:21:32Z,LIGHTLY_ACTIVE,Fitbit App
2025-08-24T14:22:32Z,LIGHTLY_ACTIVE,Fitbit App
2025-08-24T14:40:32Z,LIGHTLY_ACTIVE,Fitbit App
2025-08-24T14:41:32Z,VERY_ACTIVE,Fitbit App
2025-08-24T14:42:32Z,MODERATELY_ACTIVE,Fitbit App
2025-08-24T14:43:32Z,MODERATELY_ACTIVE,Fitbit App
2025-08-24T14:44:32Z,MODERATELY_ACTIVE,Fitbit App
2025-08-24T14:45:32Z,VERY_ACTIVE,Fitbit App
2025-08-24T14:46:32Z,LIGHTLY_ACTIVE,Fitbit App
2025-08-24T14:47:32Z,VERY_ACTIVE,Fitbit App
2025-08-24T14:48:32Z,VERY_ACTIVE,Fitbit App
2025-08-24T14:49:32Z,VERY_ACTIVE,Fitbit App
2025-08-24T14:50:32Z,MODERATELY_ACTIVE,Fitbit App
2025-08-24T14:51:32Z,LIGHTLY_ACTIVE,Fitbit App
2025-08-24T14:52:32Z,MODERATELY_ACTIVE,Fitbit App
2025-08-24T15:06:32Z,LIGHTLY_ACTIVE,Fitbit App
2025-08-24T15:07:32Z,VERY_ACTIVE,Fitbit App
2025-08-24T15:08:32Z,LIGHTLY_ACTIVE,Fitbit App
2025-08-24T15:09:32Z,VERY_ACTIVE,Fitbit App
2025-08-24T15:10:32Z,VERY_ACTIVE,Fitbit App
2025-08-24T15:11:32Z,LIGHTLY_ACTIVE,Fitbit App
2025-08-24T15:19:32Z,SEDENTARY,Fitbit App
2025-08-24T15:20:32Z,LIGHTLY_ACTIVE,Fitbit App
2025-08-24T15:21:32Z,VERY_ACTIVE,Fitbit App
2025-08-24T15:22:32Z,MODERATELY_ACTIVE,Fitbit App
2025-08-24T15:23:32Z,MODERATELY_ACTIVE,Fitbit App
2025-08-24T15:24:32Z,MODERATELY_ACTIVE,Fitbit App
2025-08-24T15:25:32Z,VERY_ACTIVE,Fitbit App
2025-08-24T15:26:32Z,MODERATELY_ACTIVE,Fitbit App
2025-08-24T15:27:32Z,VERY_ACTIVE,Fitbit App
2025-08-24T15:28:32Z,LIGHTLY_ACTIVE,Fitbit App
2025-08-24T17:55:32Z,LIGHTLY_ACTIVE,Fitbit App
2025-08-24T17:56:32Z,LIGHTLY_ACTIVE,Fitbit App
2025-08-24T20:05:32Z,LIGHTLY_ACTIVE,Fitbit App
2025-08-24T20:06:32Z,MODERATELY_ACTIVE,Fitbit App
2025-08-24T20:07:32Z,VERY_ACTIVE,Fitbit App
2025-08-24T20:08:32Z,VERY_ACTIVE,Fitbit App
2025-08-24T20:09:32Z,LIGHTLY_ACTIVE,Fitbit App
2025-08-24T20:10:32Z,VERY_ACTIVE,Fitbit App
2025-08-24T20:11:32Z,VERY_ACTIVE,Fitbit App
2025-08-24T20:12:32Z,MODERATELY_ACTIVE,Fitbit App
2025-08-25T08:19:32Z,LIGHTLY_ACTIVE,Fitbit App
2025-08-25T08:20:32Z,VERY_ACTIVE,Fitbit App
2025-08-25T08:21:32Z,LIGHTLY_ACTIVE,Fitbit App
2025-08-25T08:30:32Z,LIGHTLY_ACTIVE,Fitbit App
2025-08-25T08:31:32Z,MODERATELY_ACTIVE,Fitbit App
2025-08-25T08:32:32Z,VERY_ACTIVE,Fitbit App
2025-08-25T08:33:32Z,SEDENTARY,Fitbit App
2025-08-25T11:04:32Z,LIGHTLY_ACTIVE,Fitbit App
2025-08-25T11:05:32Z,LIGHTLY_ACTIVE,Fitbit App
2025-08-25T11:06:32Z,MODERATELY_ACTIVE,Fitbit App
2025-08-25T11:07:32Z,VERY_ACTIVE,Fitbit App
2025-08-25T11:08:32Z,VERY_ACTIVE,Fitbit App
2025-08-25T11:09:32Z,MODERATELY_ACTIVE,Fitbit App
2025-08-25T11:10:32Z,LIGHTLY_ACTIVE,Fitbit App
2025-08-25T11:16:32Z,LIGHTLY_ACTIVE,Fitbit App
2025-08-25T11:17:32Z,MODERATELY_ACTIVE,Fitbit App
2025-08-25T11:18:32Z,VERY_ACTIVE,Fitbit App
2025-08-25T11:19:32Z,VERY_ACTIVE,Fitbit App
2025-08-25T11:20:32Z,LIGHTLY_ACTIVE,Fitbit App
2025-08-25T11:21:32Z,VERY_ACTIVE,Fitbit App
2025-08-25T11:22:32Z,VERY_ACTIVE,Fitbit App
2025-08-25T11:23:32Z,VERY_ACTIVE,Fitbit App
2025-08-25T11:24:32Z,VERY_ACTIVE,Fitbit App
2025-08-25T11:25:32Z,MODERATELY_ACTIVE,Fitbit App
2025-08-25T11:26:32Z,VERY_ACTIVE,Fitbit App
2025-08-25T11:27:32Z,VERY_ACTIVE,Fitbit App
2025-08-25T11:28:32Z,VERY_ACTIVE,Fitbit App
2025-08-25T11:29:32Z,VERY_ACTIVE,Fitbit App
2025-08-25T11:30:32Z,VERY_ACTIVE,Fitbit App
2025-08-25T11:31:32Z,VERY_ACTIVE,Fitbit App
2025-08-25T11:32:32Z,MODERATELY_ACTIVE,Fitbit App
2025-08-25T11:33:32Z,VERY_ACTIVE,Fitbit App
2025-08-25T11:34:32Z,LIGHTLY_ACTIVE,Fitbit App
2025-08-25T15:21:32Z,LIGHTLY_ACTIVE,Fitbit App
2025-08-25T15:22:32Z,MODERATELY_ACTIVE,Fitbit App
2025-08-25T15:23:32Z,MODERATELY_ACTIVE,Fitbit App
2025-08-25T15:30:32Z,LIGHTLY_ACTIVE,Fitbit App
2025-08-25T15:31:32Z,LIGHTLY_ACTIVE,Fitbit App
2025-08-25T15:36:32Z,LIGHTLY_ACTIVE,Fitbit App
2025-08-25T15:37:32Z,MODERATELY_ACTIVE,Fitbit App
2025-08-25T15:38:32Z,VERY_ACTIVE,Fitbit App
2025-08-25T15:39:32Z,VERY_ACTIVE,Fitbit App
2025-08-25T15:40:32Z,VERY_ACTIVE,Fitbit App
2025-08-25T15:41:32Z,LIGHTLY_ACTIVE,Fitbit App
2025-08-25T15:42:32Z,MODERATELY_ACTIVE,Fitbit App
2025-08-25T15:43:32Z,LIGHTLY_ACTIVE,Fitbit App
2025-08-25T15:44:32Z,VERY_ACTIVE,Fitbit App
2025-08-25T15:45:32Z,VERY_ACTIVE,Fitbit App
2025-08-25T15:46:32Z,MODERATELY_ACTIVE,Fitbit App
2025-08-26T02:35:32Z,LIGHTLY_ACTIVE,Fitbit App
2025-08-26T02:36:32Z,LIGHTLY_ACTIVE,Fitbit App
2025-08-26T02:37:32Z,VERY_ACTIVE,Fitbit App
2025-08-26T02:38:32Z,LIGHTLY_ACTIVE,Fitbit App
2025-08-26T02:44:32Z,LIGHTLY_ACTIVE,Fitbit App
2025-08-26T02:45:32Z,MODERATELY_ACTIVE,Fitbit App
2025-08-26T02:46:32Z,VERY_ACTIVE,Fitbit App
2025-08-26T11:08:32Z,LIGHTLY_ACTIVE,Fitbit App
2025-08-26T11:09:32Z,LIGHTLY_ACTIVE,Fitbit App
2025-08-26T11:10:32Z,VERY_ACTIVE,Fitbit App
2025-08-26T11:11:32Z,VERY_ACTIVE,Fitbit App
2025-08-26T11:12:32Z,LIGHTLY_ACTIVE,Fitbit App
2025-08-26T11:13:32Z,MODERATELY_ACTIVE,Fitbit App
2025-08-26T11:14:32Z,VERY_ACTIVE,Fitbit App
2025-08-26T11:15:32Z,VERY_ACTIVE,Fitbit App
2025-08-26T11:16:32Z,MODERATELY_ACTIVE,Fitbit App
2025-08-26T11:17:32Z,LIGHTLY_ACTIVE,Fitbit App
2025-08-26T11:18:32Z,MODERATELY_ACTIVE,Fitbit App
2025-08-26T11:19:32Z,VERY_ACTIVE,Fitbit App
2025-08-26T11:20:32Z,LIGHTLY_ACTIVE,Fitbit App
2025-08-26T11:21:32Z,LIGHTLY_ACTIVE,Fitbit App
2025-08-26T11:22:32Z,VERY_ACTIVE,Fitbit App
2025-08-26T11:23:32Z,VERY_ACTIVE,Fitbit App
2025-08-26T11:24:32Z,VERY_ACTIVE,Fitbit App
2025-08-26T11:25:32Z,VERY_ACTIVE,Fitbit App
2025-08-26T11:26:32Z,MODERATELY_ACTIVE,Fitbit App
2025-08-26T11:27:32Z,LIGHTLY_ACTIVE,Fitbit App
2025-08-26T11:28:32Z,VERY_ACTIVE,Fitbit App
2025-08-26T11:29:32Z,LIGHTLY_ACTIVE,Fitbit App
2025-08-26T11:37:32Z,LIGHTLY_ACTIVE,Fitbit App
2025-08-26T11:38:32Z,MODERATELY_ACTIVE,Fitbit App
2025-08-26T11:39:32Z,MODERATELY_ACTIVE,Fitbit App
2025-08-26T11:41:32Z,SEDENTARY,Fitbit App
2025-08-26T11:42:32Z,LIGHTLY_ACTIVE,Fitbit App
2025-08-26T11:43:32Z,VERY_ACTIVE,Fitbit App
2025-08-26T11:44:32Z,LIGHTLY_ACTIVE,Fitbit App
2025-08-26T14:18:32Z,LIGHTLY_ACTIVE,Fitbit App
2025-08-26T14:19:32Z,MODERATELY_ACTIVE,Fitbit App
2025-08-26T14:20:32Z,VERY_ACTIVE,Fitbit App
2025-08-26T14:21:32Z,MODERATELY_ACTIVE,Fitbit App
2025-08-26T14:22:32Z,VERY_ACTIVE,Fitbit App
2025-08-26T14:23:32Z,VERY_ACTIVE,Fitbit App
2025-08-26T14:24:32Z,VERY_ACTIVE,Fitbit App
2025-08-26T14:25:32Z,VERY_ACTIVE,Fitbit App
2025-08-26T14:26:32Z,MODERATELY_ACTIVE,Fitbit App
2025-08-26T14:39:32Z,LIGHTLY_ACTIVE,Fitbit App
2025-08-26T14:40:32Z,LIGHTLY_ACTIVE,Fitbit App
2025-08-26T14:41:32Z,MODERATELY_ACTIVE,Fitbit App
2025-08-26T14:42:32Z,MODERATELY_ACTIVE,Fitbit App
2025-08-26T14:43:32Z,VERY_ACTIVE,Fitbit App
2025-08-26T14:44:32Z,VERY_ACTIVE,Fitbit App
2025-08-26T14:45:32Z,VERY_ACTIVE,Fitbit App
2025-08-26T14:46:32Z,LIGHTLY_ACTIVE,Fitbit App
2025-08-26T14:47:32Z,VERY_ACTIVE,Fitbit App
2025-08-26T14:48:32Z,VERY_ACTIVE,Fitbit App
2025-08-26T14:49:32Z,LIGHTLY_ACTIVE,Fitbit App
2025-08-26T14:50:32Z,LIGHTLY_ACTIVE,Fitbit App
2025-08-26T14:57:32Z,SEDENTARY,Fitbit App
2025-08-26T14:58:32Z,LIGHTLY_ACTIVE,Fitbit App
2025-08-26T14:59:32Z,MODERATELY_ACTIVE,Fitbit App
2025-08-26T15:00:32Z,MODERATELY_ACTIVE,Fitbit App
2025-08-26T19:36:32Z,LIGHTLY_ACTIVE,Fitbit App
2025-08-26T19:37:32Z,MODERATELY_ACTIVE,Fitbit App
2025-08-26T19:38:32Z,VERY_ACTIVE,Fitbit App
2025-08-26T19:39:32Z,VERY_ACTIVE,Fitbit App
2025-08-26T19:40:32Z,LIGHTLY_ACTIVE,Fitbit App
2025-08-26T19:41:32Z,MODERATELY_ACTIVE,Fitbit App
2025-08-26T19:42:32Z,VERY_ACTIVE,Fitbit App
2025-08-26T19:43:32Z,VERY_ACTIVE,Fitbit App
2025-08-26T19:44:32Z,LIGHTLY_ACTIVE,Fitbit App
2025-08-27T02:41:32Z,LIGHTLY_ACTIVE,Fitbit App
2025-08-27T02:42:32Z,LIGHTLY_ACTIVE,Fitbit App
2025-08-27T02:43:32Z,VERY_ACTIVE,Fitbit App
2025-08-27T02:44:32Z,LIGHTLY_ACTIVE,Fitbit App
2025-08-27T02:50:32Z,LIGHTLY_ACTIVE,Fitbit App
2025-08-27T02:51:32Z,LIGHTLY_ACTIVE,Fitbit App
2025-08-27T02:52:32Z,MODERATELY_ACTIVE,Fitbit App
2025-08-27T02:53:32Z,MODERATELY_ACTIVE,Fitbit App
2025-08-27T11:14:32Z,MODERATELY_ACTIVE,Fitbit App
2025-08-27T11:15:32Z,VERY_ACTIVE,Fitbit App
2025-08-27T11:16:32Z,MODERATELY_ACTIVE,Fitbit App
2025-08-27T11:17:32Z,VERY_ACTIVE,Fitbit App
2025-08-27T11:18:32Z,VERY_ACTIVE,Fitbit App
2025-08-27T11:19:32Z,VERY_ACTIVE,Fitbit App
2025-08-27T11:20:32Z,MODERATELY_ACTIVE,Fitbit App
2025-08-27T11:21:32Z,MODERATELY_ACTIVE,Fitbit App
2025-08-27T11:22:32Z,VERY_ACTIVE,Fitbit App
2025-08-27T11:23:32Z,VERY_ACTIVE,Fitbit App
2025-08-27T11:24:32Z,VERY_ACTIVE,Fitbit App
2025-08-27T11:25:32Z,VERY_ACTIVE,Fitbit App
2025-08-27T11:26:32Z,VERY_ACTIVE,Fitbit App
2025-08-27T11:27:32Z,VERY_ACTIVE,Fitbit App
2025-08-27T11:28:32Z,MODERATELY_ACTIVE,Fitbit App
2025-08-27T11:29:32Z,MODERATELY_ACTIVE,Fitbit App
2025-08-27T11:32:32Z,SEDENTARY,Fitbit App
2025-08-27T11:33:32Z,LIGHTLY_ACTIVE,Fitbit App
2025-08-27T11:34:32Z,MODERATELY_ACTIVE,Fitbit App
2025-08-27T11:35:32Z,LIGHTLY_ACTIVE,Fitbit App
2025-08-27T11:39:32Z,LIGHTLY_ACTIVE,Fitbit App
2025-08-27T11:40:32Z,LIGHTLY_ACTIVE,Fitbit App
2025-08-27T11:41:32Z,MODERATELY_ACTIVE,Fitbit App
2025-08-27T11:42:32Z,MODERATELY_ACTIVE,Fitbit App
2025-08-27T13:51:32Z,LIGHTLY_ACTIVE,Fitbit App
2025-08-27T13:52:32Z,LIGHTLY_ACTIVE,Fitbit App
2025-08-27T13:53:32Z,MODERATELY_ACTIVE,Fitbit App
2025-08-27T13:54:32Z,LIGHTLY_ACTIVE,Fitbit App
2025-08-27T13:55:32Z,LIGHTLY_ACTIVE,Fitbit App
2025-08-27T13:56:32Z,MODERATELY_ACTIVE,Fitbit App
2025-08-27T13:57:32Z,MODERATELY_ACTIVE,Fitbit App
2025-08-27T13:58:32Z,MODERATELY_ACTIVE,Fitbit App
2025-08-27T13:59:32Z,VERY_ACTIVE,Fitbit App
2025-08-27T14:00:32Z,VERY_ACTIVE,Fitbit App
2025-08-27T14:01:32Z,VERY_ACTIVE,Fitbit App
2025-08-27T14:02:32Z,VERY_ACTIVE,Fitbit App
2025-08-27T14:03:32Z,VERY_ACTIVE,Fitbit App
2025-08-27T14:04:32Z,VERY_ACTIVE,Fitbit App
2025-08-27T14:05:32Z,VERY_ACTIVE,Fitbit App
2025-08-27T14:06:32Z,VERY_ACTIVE,Fitbit App
2025-08-27T14:07:32Z,VERY_ACTIVE,Fitbit App
2025-08-27T15:10:32Z,SEDENTARY,Fitbit App
2025-08-27T15:11:32Z,LIGHTLY_ACTIVE,Fitbit App
2025-08-27T15:12:32Z,VERY_ACTIVE,Fitbit App
2025-08-27T15:13:32Z,LIGHTLY_ACTIVE,Fitbit App
2025-08-27T15:14:32Z,LIGHTLY_ACTIVE,Fitbit App
2025-08-27T15:27:32Z,LIGHTLY_ACTIVE,Fitbit App
2025-08-27T15:28:32Z,MODERATELY_ACTIVE,Fitbit App
2025-08-27T15:29:32Z,MODERATELY_ACTIVE,Fitbit App
2025-08-27T15:30:32Z,MODERATELY_ACTIVE,Fitbit App
2025-08-28T08:06:32Z,SEDENTARY,Fitbit App
2025-08-28T08:07:32Z,LIGHTLY_ACTIVE,Fitbit App
2025-08-28T08:08:32Z,LIGHTLY_ACTIVE,Fitbit App
2025-08-28T08:14:32Z,LIGHTLY_ACTIVE,Fitbit App
2025-08-28T08:15:32Z,VERY_ACTIVE,Fitbit App
2025-08-28T08:16:32Z,MODERATELY_ACTIVE,Fitbit App
2025-08-28T08:17:32Z,LIGHTLY_ACTIVE,Fitbit App
2025-08-28T08:18:32Z,LIGHTLY_ACTIVE,Fitbit App
2025-08-28T08:26:32Z,SEDENTARY,Fitbit App
2025-08-28T08:27:32Z,LIGHTLY_ACTIVE,Fitbit App
2025-08-28T08:28:32Z,LIGHTLY_ACTIVE,Fitbit App
2025-08-28T08:29:32Z,VERY_ACTIVE,Fitbit App
2025-08-28T08:30:32Z,MODERATELY_ACTIVE,Fitbit App
2025-08-28T08:31:32Z,MODERATELY_ACTIVE,Fitbit App
2025-08-28T08:32:32Z,VERY_ACTIVE,Fitbit App
2025-08-28T08:33:32Z,VERY_ACTIVE,Fitbit App
2025-08-28T08:34:32Z,VERY_ACTIVE,Fitbit App
2025-08-28T08:35:32Z,VERY_ACTIVE,Fitbit App
2025-08-28T08:36:32Z,VERY_ACTIVE,Fitbit App
2025-08-28T08:37:32Z,MODERATELY_ACTIVE,Fitbit App
2025-08-28T08:38:32Z,VERY_ACTIVE,Fitbit App
2025-08-28T08:39:32Z,LIGHTLY_ACTIVE,Fitbit App
2025-08-28T08:54:32Z,LIGHTLY_ACTIVE,Fitbit App
2025-08-28T08:55:32Z,LIGHTLY_ACTIVE,Fitbit App
2025-08-28T09:58:32Z,LIGHTLY_ACTIVE,Fitbit App
2025-08-28T09:59:32Z,LIGHTLY_ACTIVE,Fitbit App
2025-08-28T10:19:32Z,LIGHTLY_ACTIVE,Fitbit App
2025-08-28T10:20:32Z,LIGHTLY_ACTIVE,Fitbit App
2025-08-28T10:38:32Z,LIGHTLY_ACTIVE,Fitbit App
2025-08-28T10:39:32Z,LIGHTLY_ACTIVE,Fitbit App
2025-08-28T10:40:32Z,LIGHTLY_ACTIVE,Fitbit App
2025-08-28T10:42:32Z,LIGHTLY_ACTIVE,Fitbit App
2025-08-28T10:43:32Z,LIGHTLY_ACTIVE,Fitbit App
2025-08-28T10:44:32Z,LIGHTLY_ACTIVE,Fitbit App
2025-08-28T10:45:32Z,LIGHTLY_ACTIVE,Fitbit App
2025-08-28T10:46:32Z,LIGHTLY_ACTIVE,Fitbit App
2025-08-28T11:00:32Z,LIGHTLY_ACTIVE,Fitbit App
2025-08-28T11:01:32Z,LIGHTLY_ACTIVE,Fitbit App
2025-08-28T11:03:32Z,SEDENTARY,Fitbit App
2025-08-28T11:04:32Z,LIGHTLY_ACTIVE,Fitbit App
2025-08-28T11:05:32Z,LIGHTLY_ACTIVE,Fitbit App
2025-08-28T11:06:32Z,LIGHTLY_ACTIVE,Fitbit App
2025-08-28T11:07:32Z,LIGHTLY_ACTIVE,Fitbit App
2025-08-28T11:10:32Z,LIGHTLY_ACTIVE,Fitbit App
2025-08-28T11:11:32Z,LIGHTLY_ACTIVE,Fitbit App
2025-08-28T11:17:32Z,SEDENTARY,Fitbit App
2025-08-28T11:18:32Z,LIGHTLY_ACTIVE,Fitbit App
2025-08-28T11:20:32Z,LIGHTLY_ACTIVE,Fitbit App
2025-08-28T11:21:32Z,LIGHTLY_ACTIVE,Fitbit App
2025-08-28T11:22:32Z,LIGHTLY_ACTIVE,Fitbit App
2025-08-28T11:23:32Z,LIGHTLY_ACTIVE,Fitbit App
2025-08-28T11:24:32Z,LIGHTLY_ACTIVE,Fitbit App
2025-08-28T11:25:32Z,LIGHTLY_ACTIVE,Fitbit App
2025-08-28T11:35:32Z,LIGHTLY_ACTIVE,Fitbit App
2025-08-28T11:36:32Z,MODERATELY_ACTIVE,Fitbit App
2025-08-28T11:37:32Z,MODERATELY_ACTIVE,Fitbit App
2025-08-28T11:38:32Z,LIGHTLY_ACTIVE,Fitbit App
2025-08-28T11:39:32Z,MODERATELY_ACTIVE,Fitbit App
2025-08-28T11:40:32Z,LIGHTLY_ACTIVE,Fitbit App
2025-08-28T11:41:32Z,MODERATELY_ACTIVE,Fitbit App
2025-08-28T11:42:32Z,LIGHTLY_ACTIVE,Fitbit App
2025-08-28T11:43:32Z,LIGHTLY_ACTIVE,Fitbit App
2025-08-28T11:44:32Z,LIGHTLY_ACTIVE,Fitbit App
2025-08-28T11:50:32Z,LIGHTLY_ACTIVE,Fitbit App
2025-08-28T11:51:32Z,MODERATELY_ACTIVE,Fitbit App
2025-08-28T11:52:32Z,MODERATELY_ACTIVE,Fitbit App
2025-08-28T11:53:32Z,VERY_ACTIVE,Fitbit App
2025-08-28T11:54:32Z,LIGHTLY_ACTIVE,Fitbit App
2025-08-28T11:55:32Z,MODERATELY_ACTIVE,Fitbit App
2025-08-28T11:56:32Z,MODERATELY_ACTIVE,Fitbit App
2025-08-28T11:57:32Z,MODERATELY_ACTIVE,Fitbit App
2025-08-28T11:58:32Z,LIGHTLY_ACTIVE,Fitbit App
2025-08-28T11:59:32Z,VERY_ACTIVE,Fitbit App
2025-08-28T12:00:32Z,MODERATELY_ACTIVE,Fitbit App
2025-08-28T12:01:32Z,MODERATELY_ACTIVE,Fitbit App
2025-08-28T12:02:32Z,VERY_ACTIVE,Fitbit App
2025-08-28T12:03:32Z,VERY_ACTIVE,Fitbit App
2025-08-28T12:04:32Z,MODERATELY_ACTIVE,Fitbit App
2025-08-28T12:05:32Z,VERY_ACTIVE,Fitbit App
2025-08-28T12:06:32Z,VERY_ACTIVE,Fitbit App
2025-08-28T12:07:32Z,VERY_ACTIVE,Fitbit App
2025-08-28T12:08:32Z,MODERATELY_ACTIVE,Fitbit App
2025-08-28T12:09:32Z,VERY_ACTIVE,Fitbit App
2025-08-28T12:10:32Z,MODERATELY_ACTIVE,Fitbit App
2025-08-28T12:11:32Z,LIGHTLY_ACTIVE,Fitbit App
2025-08-28T12:12:32Z,MODERATELY_ACTIVE,Fitbit App
2025-08-28T12:13:32Z,VERY_ACTIVE,Fitbit App
2025-08-28T12:14:32Z,VERY_ACTIVE,Fitbit App
2025-08-28T12:15:32Z,VERY_ACTIVE,Fitbit App
2025-08-28T12:16:32Z,VERY_ACTIVE,Fitbit App
2025-08-28T12:17:32Z,MODERATELY_ACTIVE,Fitbit App
2025-08-28T12:28:32Z,SEDENTARY,Fitbit App
2025-08-28T12:29:32Z,LIGHTLY_ACTIVE,Fitbit App
2025-08-28T12:30:32Z,VERY_ACTIVE,Fitbit App
2025-08-28T12:31:32Z,MODERATELY_ACTIVE,Fitbit App
2025-08-28T12:32:32Z,MODERATELY_ACTIVE,Fitbit App
2025-08-28T12:33:32Z,MODERATELY_ACTIVE,Fitbit App
2025-08-28T12:43:32Z,LIGHTLY_ACTIVE,Fitbit App
2025-08-28T12:44:32Z,MODERATELY_ACTIVE,Fitbit App
2025-08-28T12:45:32Z,MODERATELY_ACTIVE,Fitbit App
2025-08-28T12:46:32Z,MODERATELY_ACTIVE,Fitbit App
2025-08-28T12:48:32Z,LIGHTLY_ACTIVE,Fitbit App
2025-08-28T12:49:32Z,LIGHTLY_ACTIVE,Fitbit App
2025-08-28T12:56:32Z,LIGHTLY_ACTIVE,Fitbit App
2025-08-28T12:57:32Z,LIGHTLY_ACTIVE,Fitbit App
2025-08-28T12:58:32Z,VERY_ACTIVE,Fitbit App
2025-08-28T12:59:32Z,LIGHTLY_ACTIVE,Fitbit App
2025-08-28T13:06:32Z,LIGHTLY_ACTIVE,Fitbit App
2025-08-28T13:07:32Z,LIGHTLY_ACTIVE,Fitbit App
2025-08-28T13:09:32Z,LIGHTLY_ACTIVE,Fitbit App
2025-08-28T13:10:32Z,MODERATELY_ACTIVE,Fitbit App
2025-08-28T13:11:32Z,SEDENTARY,Fitbit App
2025-08-28T13:12:32Z,LIGHTLY_ACTIVE,Fitbit App
2025-08-28T13:13:32Z,LIGHTLY_ACTIVE,Fitbit App
2025-08-28T13:14:32Z,LIGHTLY_ACTIVE,Fitbit App
2025-08-28T13:15:32Z,MODERATELY_ACTIVE,Fitbit App
2025-08-28T13:16:32Z,MODERATELY_ACTIVE,Fitbit App
2025-08-28T13:18:32Z,SEDENTARY,Fitbit App
2025-08-28T13:19:32Z,LIGHTLY_ACTIVE,Fitbit App
2025-08-28T13:20:32Z,SEDENTARY,Fitbit App
2025-08-28T13:21:32Z,LIGHTLY_ACTIVE,Fitbit App
2025-08-28T13:22:32Z,LIGHTLY_ACTIVE,Fitbit App
2025-08-28T13:23:32Z,LIGHTLY_ACTIVE,Fitbit App
2025-08-28T13:24:32Z,LIGHTLY_ACTIVE,Fitbit App
2025-08-28T13:25:32Z,LIGHTLY_ACTIVE,Fitbit App
2025-08-28T13:35:32Z,LIGHTLY_ACTIVE,Fitbit App
2025-08-28T13:36:32Z,LIGHTLY_ACTIVE,Fitbit App
2025-08-28T13:37:32Z,LIGHTLY_ACTIVE,Fitbit App
2025-08-28T13:38:32Z,LIGHTLY_ACTIVE,Fitbit App
2025-08-28T13:39:32Z,SEDENTARY,Fitbit App
2025-08-28T13:40:32Z,LIGHTLY_ACTIVE,Fitbit App
2025-08-28T13:41:32Z,MODERATELY_ACTIVE,Fitbit App
2025-08-28T13:42:32Z,MODERATELY_ACTIVE,Fitbit App
2025-08-28T13:43:32Z,LIGHTLY_ACTIVE,Fitbit App
2025-08-28T13:45:32Z,LIGHTLY_ACTIVE,Fitbit App
2025-08-28T13:46:32Z,LIGHTLY_ACTIVE,Fitbit App
2025-08-28T13:47:32Z,LIGHTLY_ACTIVE,Fitbit App
2025-08-28T13:48:32Z,LIGHTLY_ACTIVE,Fitbit App
2025-08-28T13:49:32Z,MODERATELY_ACTIVE,Fitbit App
2025-08-28T13:55:32Z,LIGHTLY_ACTIVE,Fitbit App
2025-08-28T13:56:32Z,LIGHTLY_ACTIVE,Fitbit App
2025-08-28T13:57:32Z,LIGHTLY_ACTIVE,Fitbit App
2025-08-28T14:02:32Z,SEDENTARY,Fitbit App
2025-08-28T14:03:32Z,LIGHTLY_ACTIVE,Fitbit App
2025-08-28T14:05:32Z,LIGHTLY_ACTIVE,Fitbit App
2025-08-28T14:06:32Z,LIGHTLY_ACTIVE,Fitbit App
2025-08-28T14:11:32Z,SEDENTARY,Fitbit App
2025-08-28T14:12:32Z,LIGHTLY_ACTIVE,Fitbit App
2025-08-28T14:13:32Z,LIGHTLY_ACTIVE,Fitbit App
2025-08-28T14:14:32Z,SEDENTARY,Fitbit App
2025-08-28T14:15:32Z,LIGHTLY_ACTIVE,Fitbit App
2025-08-28T14:16:32Z,VERY_ACTIVE,Fitbit App
2025-08-28T14:17:32Z,VERY_ACTIVE,Fitbit App
2025-08-28T14:18:32Z,LIGHTLY_ACTIVE,Fitbit App
2025-08-28T14:19:32Z,MODERATELY_ACTIVE,Fitbit App
2025-08-28T14:20:32Z,MODERATELY_ACTIVE,Fitbit App
2025-08-28T14:21:32Z,VERY_ACTIVE,Fitbit App
2025-08-28T14:22:32Z,MODERATELY_ACTIVE,Fitbit App
2025-08-28T14:23:32Z,MODERATELY_ACTIVE,Fitbit App
2025-08-28T14:24:32Z,VERY_ACTIVE,Fitbit App
2025-08-28T14:25:32Z,VERY_ACTIVE,Fitbit App
2025-08-28T14:26:32Z,MODERATELY_ACTIVE,Fitbit App
2025-08-28T14:27:32Z,MODERATELY_ACTIVE,Fitbit App
2025-08-28T14:28:32Z,MODERATELY_ACTIVE,Fitbit App
2025-08-28T14:29:32Z,LIGHTLY_ACTIVE,Fitbit App
2025-08-28T14:30:32Z,VERY_ACTIVE,Fitbit App
2025-08-28T14:31:32Z,MODERATELY_ACTIVE,Fitbit App
2025-08-28T18:02:32Z,LIGHTLY_ACTIVE,Fitbit App
2025-08-28T18:03:32Z,MODERATELY_ACTIVE,Fitbit App
2025-08-28T18:04:32Z,VERY_ACTIVE,Fitbit App
2025-08-28T18:05:32Z,MODERATELY_ACTIVE,Fitbit App
2025-08-28T18:06:32Z,LIGHTLY_ACTIVE,Fitbit App
2025-08-28T18:07:32Z,VERY_ACTIVE,Fitbit App
2025-08-28T18:08:32Z,VERY_ACTIVE,Fitbit App
2025-08-28T18:09:32Z,MODERATELY_ACTIVE,Fitbit App
2025-08-29T08:12:32Z,SEDENTARY,Fitbit App
2025-08-29T08:13:32Z,LIGHTLY_ACTIVE,Fitbit App
2025-08-29T08:14:32Z,VERY_ACTIVE,Fitbit App
2025-08-29T08:15:32Z,MODERATELY_ACTIVE,Fitbit App
2025-08-29T08:16:32Z,LIGHTLY_ACTIVE,Fitbit App
2025-08-29T08:17:32Z,LIGHTLY_ACTIVE,Fitbit App
2025-08-29T08:25:32Z,SEDENTARY,Fitbit App
2025-08-29T08:26:32Z,LIGHTLY_ACTIVE,Fitbit App
2025-08-29T08:27:32Z,MODERATELY_ACTIVE,Fitbit App
2025-08-29T08:28:32Z,VERY_ACTIVE,Fitbit App
2025-08-29T08:29:32Z,LIGHTLY_ACTIVE,Fitbit App
2025-08-29T11:14:01Z,LIGHTLY_ACTIVE,Fitbit App
2025-08-29T11:15:01Z,VERY_ACTIVE,Fitbit App
2025-08-29T11:16:01Z,VERY_ACTIVE,Fitbit App
2025-08-29T11:17:01Z,MODERATELY_ACTIVE,Fitbit App
2025-08-29T11:18:01Z,VERY_ACTIVE,Fitbit App
2025-08-29T11:19:01Z,VERY_ACTIVE,Fitbit App
2025-08-29T11:20:01Z,VERY_ACTIVE,Fitbit App
2025-08-29T11:21:01Z,MODERATELY_ACTIVE,Fitbit App
2025-08-29T11:22:01Z,MODERATELY_ACTIVE,Fitbit App
2025-08-29T11:23:01Z,VERY_ACTIVE,Fitbit App
2025-08-29T11:24:01Z,VERY_ACTIVE,Fitbit App
2025-08-29T11:25:01Z,VERY_ACTIVE,Fitbit App
2025-08-29T11:26:01Z,VERY_ACTIVE,Fitbit App
2025-08-29T11:27:01Z,VERY_ACTIVE,Fitbit App
2025-08-29T11:28:01Z,VERY_ACTIVE,Fitbit App
2025-08-29T11:29:01Z,LIGHTLY_ACTIVE,Fitbit App
2025-08-29T11:30:01Z,MODERATELY_ACTIVE,Fitbit App
2025-08-29T11:31:01Z,VERY_ACTIVE,Fitbit App
2025-08-29T11:32:01Z,LIGHTLY_ACTIVE,Fitbit App
2025-08-29T11:33:01Z,LIGHTLY_ACTIVE,Fitbit App
2025-08-29T11:37:01Z,SEDENTARY,Fitbit App
2025-08-29T11:38:01Z,LIGHTLY_ACTIVE,Fitbit App
2025-08-29T11:39:01Z,VERY_ACTIVE,Fitbit App
2025-08-29T11:40:01Z,MODERATELY_ACTIVE,Fitbit App
2025-08-29T11:51:01Z,LIGHTLY_ACTIVE,Fitbit App
2025-08-29T11:52:01Z,LIGHTLY_ACTIVE,Fitbit App
2025-08-29T11:53:01Z,VERY_ACTIVE,Fitbit App
2025-08-29T11:54:01Z,LIGHTLY_ACTIVE,Fitbit App
2025-08-29T11:57:01Z,LIGHTLY_ACTIVE,Fitbit App
2025-08-29T11:58:01Z,MODERATELY_ACTIVE,Fitbit App
2025-08-29T11:59:01Z,MODERATELY_ACTIVE,Fitbit App
2025-08-29T12:11:01Z,SEDENTARY,Fitbit App
2025-08-29T12:12:01Z,MODERATELY_ACTIVE,Fitbit App
2025-08-29T12:13:01Z,MODERATELY_ACTIVE,Fitbit App
2025-08-29T12:17:01Z,LIGHTLY_ACTIVE,Fitbit App
2025-08-29T12:18:01Z,VERY_ACTIVE,Fitbit App
2025-08-29T12:19:01Z,LIGHTLY_ACTIVE,Fitbit App
2025-08-29T12:38:01Z,SEDENTARY,Fitbit App
2025-08-29T12:39:01Z,LIGHTLY_ACTIVE,Fitbit App
2025-08-29T12:40:01Z,VERY_ACTIVE,Fitbit App
2025-08-29T12:41:01Z,LIGHTLY_ACTIVE,Fitbit App
2025-08-29T12:45:01Z,LIGHTLY_ACTIVE,Fitbit App
2025-08-29T12:46:01Z,MODERATELY_ACTIVE,Fitbit App
2025-08-29T12:47:01Z,VERY_ACTIVE,Fitbit App
2025-08-29T12:48:01Z,MODERATELY_ACTIVE,Fitbit App
2025-08-29T12:51:01Z,LIGHTLY_ACTIVE,Fitbit App
2025-08-29T12:52:01Z,VERY_ACTIVE,Fitbit App
2025-08-29T12:53:01Z,LIGHTLY_ACTIVE,Fitbit App
2025-08-29T13:54:01Z,SEDENTARY,Fitbit App
2025-08-29T13:55:01Z,LIGHTLY_ACTIVE,Fitbit App
2025-08-29T13:56:01Z,VERY_ACTIVE,Fitbit App
2025-08-29T13:57:01Z,VERY_ACTIVE,Fitbit App
2025-08-29T13:58:01Z,VERY_ACTIVE,Fitbit App
2025-08-29T13:59:01Z,VERY_ACTIVE,Fitbit App
2025-08-29T14:00:01Z,VERY_ACTIVE,Fitbit App
2025-08-29T14:01:01Z,MODERATELY_ACTIVE,Fitbit App
2025-08-29T14:02:01Z,VERY_ACTIVE,Fitbit App
2025-08-29T14:03:01Z,LIGHTLY_ACTIVE,Fitbit App
2025-08-29T14:11:01Z,LIGHTLY_ACTIVE,Fitbit App
2025-08-29T14:12:01Z,MODERATELY_ACTIVE,Fitbit App
2025-08-29T14:13:01Z,MODERATELY_ACTIVE,Fitbit App
2025-08-29T14:14:01Z,VERY_ACTIVE,Fitbit App
2025-08-29T14:15:01Z,VERY_ACTIVE,Fitbit App
2025-08-29T14:16:01Z,VERY_ACTIVE,Fitbit App
2025-08-29T14:17:01Z,VERY_ACTIVE,Fitbit App
2025-08-29T14:18:01Z,LIGHTLY_ACTIVE,Fitbit App
2025-08-29T14:19:01Z,VERY_ACTIVE,Fitbit App
2025-08-29T14:20:01Z,LIGHTLY_ACTIVE,Fitbit App
2025-08-29T14:49:01Z,LIGHTLY_ACTIVE,Fitbit App
2025-08-29T14:50:01Z,VERY_ACTIVE,Fitbit App
2025-08-29T14:51:01Z,VERY_ACTIVE,Fitbit App
2025-08-29T14:52:01Z,LIGHTLY_ACTIVE,Fitbit App
2025-08-29T14:54:01Z,SEDENTARY,Fitbit App
2025-08-29T14:55:01Z,LIGHTLY_ACTIVE,Fitbit App
2025-08-29T15:03:01Z,LIGHTLY_ACTIVE,Fitbit App
2025-08-29T15:04:01Z,MODERATELY_ACTIVE,Fitbit App
2025-08-29T15:05:01Z,VERY_ACTIVE,Fitbit App
2025-08-29T15:06:01Z,MODERATELY_ACTIVE,Fitbit App
2025-08-29T15:07:01Z,LIGHTLY_ACTIVE,Fitbit App
2025-08-29T15:08:01Z,LIGHTLY_ACTIVE,Fitbit App
2025-08-30T08:06:01Z,LIGHTLY_ACTIVE,Fitbit App
2025-08-30T08:07:01Z,LIGHTLY_ACTIVE,Fitbit App
2025-08-30T08:08:01Z,VERY_ACTIVE,Fitbit App
2025-08-30T08:09:01Z,MODERATELY_ACTIVE,Fitbit App
2025-08-30T08:10:01Z,LIGHTLY_ACTIVE,Fitbit App
2025-08-30T08:11:01Z,MODERATELY_ACTIVE,Fitbit App
2025-08-30T08:12:01Z,LIGHTLY_ACTIVE,Fitbit App
2025-08-30T08:13:01Z,LIGHTLY_ACTIVE,Fitbit App
2025-08-30T08:23:01Z,LIGHTLY_ACTIVE,Fitbit App
2025-08-30T08:24:01Z,MODERATELY_ACTIVE,Fitbit App
2025-08-30T08:25:01Z,MODERATELY_ACTIVE,Fitbit App
2025-08-30T08:26:01Z,LIGHTLY_ACTIVE,Fitbit App
2025-08-30T11:04:01Z,SEDENTARY,Fitbit App
2025-08-30T11:05:01Z,LIGHTLY_ACTIVE,Fitbit App
2025-08-30T11:06:01Z,VERY_ACTIVE,Fitbit App
2025-08-30T11:07:01Z,VERY_ACTIVE,Fitbit App
2025-08-30T11:08:01Z,MODERATELY_ACTIVE,Fitbit App
2025-08-30T11:09:24Z,MODERATELY_ACTIVE,Fitbit App
2025-08-30T11:21:24Z,LIGHTLY_ACTIVE,Fitbit App
2025-08-30T11:22:24Z,MODERATELY_ACTIVE,Fitbit App
2025-08-30T11:23:24Z,VERY_ACTIVE,Fitbit App
2025-08-30T11:24:24Z,VERY_ACTIVE,Fitbit App
2025-08-30T11:25:24Z,VERY_ACTIVE,Fitbit App
2025-08-30T11:26:24Z,VERY_ACTIVE,Fitbit App
2025-08-30T11:27:24Z,VERY_ACTIVE,Fitbit App
2025-08-30T11:28:24Z,VERY_ACTIVE,Fitbit App
2025-08-30T11:29:24Z,VERY_ACTIVE,Fitbit App
2025-08-30T11:30:24Z,VERY_ACTIVE,Fitbit App
2025-08-30T11:31:24Z,VERY_ACTIVE,Fitbit App
2025-08-30T11:32:24Z,VERY_ACTIVE,Fitbit App
2025-08-30T11:33:24Z,VERY_ACTIVE,Fitbit App
2025-08-30T11:34:24Z,VERY_ACTIVE,Fitbit App
2025-08-30T11:35:24Z,VERY_ACTIVE,Fitbit App
2025-08-30T11:36:24Z,VERY_ACTIVE,Fitbit App
2025-08-30T11:37:24Z,VERY_ACTIVE,Fitbit App
2025-08-30T11:38:24Z,VERY_ACTIVE,Fitbit App
2025-08-30T11:39:24Z,VERY_ACTIVE,Fitbit App
2025-08-30T11:40:24Z,VERY_ACTIVE,Fitbit App
2025-08-30T11:41:24Z,VERY_ACTIVE,Fitbit App
2025-08-30T11:42:24Z,VERY_ACTIVE,Fitbit App
2025-08-30T11:43:24Z,VERY_ACTIVE,Fitbit App
2025-08-30T11:44:24Z,VERY_ACTIVE,Fitbit App
2025-08-30T11:45:24Z,VERY_ACTIVE,Fitbit App
2025-08-30T11:46:24Z,VERY_ACTIVE,Fitbit App
2025-08-30T11:47:24Z,LIGHTLY_ACTIVE,Fitbit App
2025-08-30T11:52:24Z,SEDENTARY,Fitbit App
2025-08-30T11:53:24Z,LIGHTLY_ACTIVE,Fitbit App
2025-08-30T11:54:24Z,MODERATELY_ACTIVE,Fitbit App
2025-08-30T11:55:24Z,LIGHTLY_ACTIVE,Fitbit App
2025-08-30T15:03:24Z,LIGHTLY_ACTIVE,Fitbit App
2025-08-30T15:04:24Z,VERY_ACTIVE,Fitbit App
2025-08-30T15:05:24Z,MODERATELY_ACTIVE,Fitbit App
2025-08-30T15:06:24Z,LIGHTLY_ACTIVE,Fitbit App
2025-08-30T15:07:24Z,LIGHTLY_ACTIVE,Fitbit App
2025-08-30T15:19:24Z,SEDENTARY,Fitbit App
2025-08-30T15:20:24Z,LIGHTLY_ACTIVE,Fitbit App
2025-08-30T15:21:24Z,MODERATELY_ACTIVE,Fitbit App
2025-08-30T15:22:24Z,VERY_ACTIVE,Fitbit App
2025-08-30T15:23:24Z,LIGHTLY_ACTIVE,Fitbit App
2025-08-30T16:16:24Z,LIGHTLY_ACTIVE,Fitbit App
2025-08-30T16:17:24Z,VERY_ACTIVE,Fitbit App
2025-08-30T16:18:24Z,VERY_ACTIVE,Fitbit App
2025-08-30T16:19:24Z,MODERATELY_ACTIVE,Fitbit App
2025-08-30T16:20:24Z,LIGHTLY_ACTIVE,Fitbit App
2025-08-30T16:21:24Z,VERY_ACTIVE,Fitbit App
2025-08-30T16:22:24Z,VERY_ACTIVE,Fitbit App
2025-08-30T16:23:24Z,VERY_ACTIVE,Fitbit App
2025-08-30T16:24:24Z,LIGHTLY_ACTIVE,Fitbit App
2025-08-30T16:58:24Z,SEDENTARY,Fitbit App
2025-08-30T16:59:24Z,LIGHTLY_ACTIVE,Fitbit App
2025-08-30T18:34:24Z,LIGHTLY_ACTIVE,Fitbit App
2025-08-30T18:35:24Z,MODERATELY_ACTIVE,Fitbit App
2025-08-30T18:36:24Z,LIGHTLY_ACTIVE,Fitbit App
2025-08-30T18:37:24Z,MODERATELY_ACTIVE,Fitbit App
2025-08-30T18:38:24Z,VERY_ACTIVE,Fitbit App
2025-08-30T18:39:24Z,VERY_ACTIVE,Fitbit App
2025-08-30T18:40:24Z,VERY_ACTIVE,Fitbit App
2025-08-30T18:41:24Z,MODERATELY_ACTIVE,Fitbit App
2025-08-30T18:44:24Z,LIGHTLY_ACTIVE,Fitbit App
2025-08-30T18:45:24Z,MODERATELY_ACTIVE,Fitbit App
2025-08-30T18:46:24Z,VERY_ACTIVE,Fitbit App
2025-08-30T18:47:24Z,VERY_ACTIVE,Fitbit App
2025-08-30T18:48:24Z,VERY_ACTIVE,Fitbit App
2025-08-30T18:49:24Z,VERY_ACTIVE,Fitbit App
2025-08-30T18:50:24Z,VERY_ACTIVE,Fitbit App
2025-08-30T18:51:24Z,LIGHTLY_ACTIVE,Fitbit App
2025-08-31T10:11:24Z,LIGHTLY_ACTIVE,Fitbit App
2025-08-31T10:12:24Z,LIGHTLY_ACTIVE,Fitbit App
2025-08-31T10:13:24Z,LIGHTLY_ACTIVE,Fitbit App
2025-08-31T11:05:24Z,SEDENTARY,Fitbit App
2025-08-31T11:06:24Z,LIGHTLY_ACTIVE,Fitbit App
2025-08-31T11:07:24Z,LIGHTLY_ACTIVE,Fitbit App
2025-08-31T11:08:24Z,LIGHTLY_ACTIVE,Fitbit App
2025-08-31T11:09:24Z,MODERATELY_ACTIVE,Fitbit App
2025-08-31T11:10:24Z,VERY_ACTIVE,Fitbit App
2025-08-31T11:11:24Z,MODERATELY_ACTIVE,Fitbit App
2025-08-31T11:12:24Z,LIGHTLY_ACTIVE,Fitbit App
2025-08-31T11:13:24Z,LIGHTLY_ACTIVE,Fitbit App
2025-08-31T11:19:24Z,LIGHTLY_ACTIVE,Fitbit App
2025-08-31T11:20:24Z,MODERATELY_ACTIVE,Fitbit App
2025-08-31T11:21:24Z,VERY_ACTIVE,Fitbit App
2025-08-31T11:22:24Z,VERY_ACTIVE,Fitbit App
2025-08-31T11:23:24Z,MODERATELY_ACTIVE,Fitbit App
2025-08-31T11:24:24Z,LIGHTLY_ACTIVE,Fitbit App
2025-08-31T11:26:24Z,SEDENTARY,Fitbit App
2025-08-31T11:27:24Z,LIGHTLY_ACTIVE,Fitbit App
2025-08-31T11:28:24Z,MODERATELY_ACTIVE,Fitbit App
2025-08-31T11:29:24Z,VERY_ACTIVE,Fitbit App
2025-08-31T11:30:24Z,LIGHTLY_ACTIVE,Fitbit App
2025-08-31T11:31:24Z,LIGHTLY_ACTIVE,Fitbit App
2025-08-31T11:32:24Z,VERY_ACTIVE,Fitbit App
2025-08-31T11:33:24Z,VERY_ACTIVE,Fitbit App
2025-08-31T11:34:24Z,VERY_ACTIVE,Fitbit App
2025-08-31T11:35:24Z,VERY_ACTIVE,Fitbit App
2025-08-31T11:36:24Z,VERY_ACTIVE,Fitbit App
2025-08-31T11:37:24Z,VERY_ACTIVE,Fitbit App
2025-08-31T11:38:24Z,VERY_ACTIVE,Fitbit App
2025-08-31T11:39:24Z,VERY_ACTIVE,Fitbit App
2025-08-31T11:40:24Z,VERY_ACTIVE,Fitbit App
2025-08-31T11:41:24Z,VERY_ACTIVE,Fitbit App
2025-08-31T11:42:24Z,VERY_ACTIVE,Fitbit App
2025-08-31T11:43:24Z,LIGHTLY_ACTIVE,Fitbit App
2025-08-31T11:45:24Z,LIGHTLY_ACTIVE,Fitbit App
2025-08-31T11:46:24Z,MODERATELY_ACTIVE,Fitbit App
2025-08-31T11:47:24Z,VERY_ACTIVE,Fitbit App
2025-08-31T11:48:24Z,VERY_ACTIVE,Fitbit App
2025-08-31T11:49:24Z,VERY_ACTIVE,Fitbit App
2025-08-31T11:50:24Z,VERY_ACTIVE,Fitbit App
2025-08-31T11:51:24Z,LIGHTLY_ACTIVE,Fitbit App
2025-08-31T13:38:24Z,LIGHTLY_ACTIVE,Fitbit App
2025-08-31T13:39:24Z,LIGHTLY_ACTIVE,Fitbit App
2025-08-31T15:48:24Z,SEDENTARY,Fitbit App
2025-08-31T15:49:24Z,LIGHTLY_ACTIVE,Fitbit App
2025-08-31T15:50:24Z,VERY_ACTIVE,Fitbit App
2025-08-31T15:51:24Z,MODERATELY_ACTIVE,Fitbit App
2025-08-31T16:14:24Z,LIGHTLY_ACTIVE,Fitbit App
2025-08-31T16:15:24Z,MODERATELY_ACTIVE,Fitbit App
2025-08-31T16:16:24Z,LIGHTLY_ACTIVE,Fitbit App
2025-08-31T16:17:24Z,LIGHTLY_ACTIVE,Fitbit App
2025-08-31T16:18:24Z,MODERATELY_ACTIVE,Fitbit App
2025-08-31T18:16:24Z,LIGHTLY_ACTIVE,Fitbit App
2025-08-31T18:17:24Z,VERY_ACTIVE,Fitbit App
2025-08-31T18:18:24Z,VERY_ACTIVE,Fitbit App
2025-08-31T18:19:24Z,VERY_ACTIVE,Fitbit App
2025-08-31T18:20:24Z,MODERATELY_ACTIVE,Fitbit App
2025-08-31T18:21:24Z,VERY_ACTIVE,Fitbit App
2025-08-31T18:22:24Z,VERY_ACTIVE,Fitbit App
2025-08-31T18:23:24Z,LIGHTLY_ACTIVE,Fitbit App
