timestamp,beats per minute,data source
2025-03-27T04:26:54Z,73.0,Sense
2025-03-27T04:26:59Z,67.0,Sense
2025-03-27T04:27:09Z,66.0,Sense
2025-03-27T04:27:14Z,67.0,Sense
2025-03-27T04:27:19Z,65.0,Sense
2025-03-27T04:27:24Z,67.0,Sense
2025-03-27T04:27:29Z,68.0,Sense
2025-03-27T04:27:34Z,72.0,Sense
2025-03-27T04:27:39Z,74.0,Sense
2025-03-27T04:27:44Z,72.0,Sense
2025-03-27T04:27:49Z,68.0,Sense
2025-03-27T04:27:54Z,66.0,Sense
2025-03-27T04:41:33Z,67.0,Sense
2025-03-27T04:41:38Z,69.0,Sense
2025-03-27T04:41:43Z,72.0,Sense
2025-03-27T04:41:48Z,76.0,Sense
2025-03-27T04:41:53Z,78.0,Sense
2025-03-27T04:41:58Z,80.0,Sense
2025-03-27T04:42:08Z,78.0,Sense
2025-03-27T04:42:13Z,80.0,Sense
2025-03-27T04:42:18Z,81.0,Sense
2025-03-27T04:42:23Z,85.0,Sense
2025-03-27T04:42:28Z,84.0,Sense
2025-03-27T04:42:33Z,85.0,Sense
2025-03-27T04:42:38Z,89.0,Sense
2025-03-27T04:42:43Z,92.0,Sense
2025-03-27T04:42:48Z,90.0,Sense
2025-03-27T04:42:53Z,89.0,Sense
2025-03-27T04:42:58Z,87.0,Sense
2025-03-27T04:43:03Z,88.0,Sense
2025-03-27T04:43:13Z,89.0,Sense
2025-03-27T04:43:18Z,89.0,Sense
2025-03-27T04:43:23Z,87.0,Sense
2025-03-27T04:43:28Z,86.0,Sense
2025-03-27T04:43:33Z,81.0,Sense
2025-03-27T04:43:38Z,80.0,Sense
2025-03-27T04:43:43Z,79.0,Sense
2025-03-27T04:43:48Z,82.0,Sense
2025-03-27T04:43:53Z,81.0,Sense
2025-03-27T04:43:58Z,81.0,Sense
2025-03-27T04:44:03Z,79.0,Sense
2025-03-27T04:44:08Z,80.0,Sense
2025-03-27T04:44:13Z,78.0,Sense
2025-03-27T04:44:18Z,76.0,Sense
2025-03-27T04:44:23Z,77.0,Sense
2025-03-27T04:44:33Z,83.0,Sense
2025-03-27T04:44:38Z,85.0,Sense
2025-03-27T04:44:43Z,86.0,Sense
2025-03-27T04:44:48Z,90.0,Sense
2025-03-27T04:44:53Z,90.0,Sense
2025-03-27T04:44:58Z,88.0,Sense
2025-03-27T04:45:03Z,89.0,Sense
2025-03-27T04:45:18Z,89.0,Sense
2025-03-27T04:45:23Z,88.0,Sense
2025-03-27T04:45:28Z,86.0,Sense
2025-03-27T04:45:33Z,85.0,Sense
2025-03-27T04:45:38Z,87.0,Sense
2025-03-27T04:45:43Z,86.0,Sense
2025-03-27T04:45:48Z,85.0,Sense
2025-03-27T04:45:53Z,84.0,Sense
2025-03-27T04:45:58Z,83.0,Sense
2025-03-27T04:46:03Z,83.0,Sense
2025-03-27T04:46:08Z,84.0,Sense
2025-03-27T04:46:13Z,86.0,Sense
2025-03-27T04:46:18Z,88.0,Sense
2025-03-27T04:46:23Z,89.0,Sense
2025-03-27T04:46:28Z,89.0,Sense
2025-03-27T04:46:33Z,85.0,Sense
2025-03-27T04:46:48Z,85.0,Sense
2025-03-27T04:46:53Z,84.0,Sense
2025-03-27T04:46:58Z,83.0,Sense
2025-03-27T04:47:03Z,81.0,Sense
2025-03-27T04:47:08Z,82.0,Sense
2025-03-27T04:47:13Z,83.0,Sense
2025-03-27T04:47:23Z,82.0,Sense
2025-03-27T04:47:38Z,83.0,Sense
2025-03-27T04:47:43Z,84.0,Sense
2025-03-27T04:47:53Z,83.0,Sense
2025-03-27T04:47:58Z,84.0,Sense
2025-03-27T04:48:03Z,83.0,Sense
2025-03-27T04:48:08Z,81.0,Sense
2025-03-27T04:48:13Z,83.0,Sense
2025-03-27T04:48:18Z,84.0,Sense
2025-03-27T04:48:33Z,84.0,Sense
2025-03-27T04:48:43Z,87.0,Sense
2025-03-27T04:48:48Z,89.0,Sense
2025-03-27T04:48:53Z,90.0,Sense
2025-03-27T04:49:03Z,87.0,Sense
2025-03-27T04:49:08Z,89.0,Sense
2025-03-27T04:49:13Z,87.0,Sense
2025-03-27T04:49:18Z,89.0,Sense
2025-03-27T04:49:23Z,91.0,Sense
2025-03-27T04:49:33Z,88.0,Sense
2025-03-27T04:49:38Z,89.0,Sense
2025-03-27T04:49:43Z,87.0,Sense
2025-03-27T04:49:48Z,89.0,Sense
2025-03-27T04:49:58Z,87.0,Sense
2025-03-27T04:50:03Z,86.0,Sense
2025-03-27T04:50:08Z,84.0,Sense
2025-03-27T04:50:13Z,81.0,Sense
2025-03-27T04:50:18Z,81.0,Sense
2025-03-27T04:50:23Z,78.0,Sense
2025-03-27T04:50:28Z,77.0,Sense
2025-03-27T04:50:33Z,80.0,Sense
2025-03-27T04:50:38Z,80.0,Sense
2025-03-27T04:50:43Z,77.0,Sense
2025-03-27T04:50:48Z,75.0,Sense
2025-03-27T04:50:53Z,79.0,Sense
2025-03-27T04:50:58Z,81.0,Sense
2025-03-27T04:51:08Z,79.0,Sense
2025-03-27T04:51:13Z,77.0,Sense
2025-03-27T04:51:28Z,80.0,Sense
2025-03-27T04:51:38Z,79.0,Sense
2025-03-27T04:51:43Z,78.0,Sense
2025-03-27T04:51:53Z,77.0,Sense
2025-03-27T04:51:58Z,79.0,Sense
2025-03-27T04:52:03Z,80.0,Sense
2025-03-27T04:52:08Z,81.0,Sense
2025-03-27T04:52:18Z,79.0,Sense
2025-03-27T04:52:23Z,78.0,Sense
2025-03-27T04:52:28Z,78.0,Sense
2025-03-27T04:52:33Z,78.0,Sense
2025-03-27T04:52:48Z,78.0,Sense
2025-03-27T04:52:53Z,77.0,Sense
2025-03-27T04:53:03Z,78.0,Sense
2025-03-27T04:53:08Z,77.0,Sense
2025-03-27T04:53:23Z,76.0,Sense
2025-03-27T04:53:38Z,76.0,Sense
2025-03-27T04:53:53Z,76.0,Sense
2025-03-27T04:54:08Z,77.0,Sense
2025-03-27T04:54:13Z,78.0,Sense
2025-03-27T04:54:18Z,77.0,Sense
2025-03-27T04:54:23Z,76.0,Sense
2025-03-27T04:54:28Z,77.0,Sense
2025-03-27T04:54:38Z,79.0,Sense
2025-03-27T04:54:43Z,80.0,Sense
2025-03-27T04:54:53Z,81.0,Sense
2025-03-27T04:54:58Z,80.0,Sense
2025-03-27T04:55:03Z,80.0,Sense
2025-03-27T04:55:13Z,81.0,Sense
2025-03-27T04:55:23Z,82.0,Sense
2025-03-27T04:55:38Z,82.0,Sense
2025-03-27T04:55:53Z,82.0,Sense
2025-03-27T04:55:58Z,84.0,Sense
2025-03-27T04:56:03Z,82.0,Sense
2025-03-27T04:56:08Z,81.0,Sense
2025-03-27T04:56:23Z,81.0,Sense
2025-03-27T04:56:28Z,82.0,Sense
2025-03-27T04:56:33Z,83.0,Sense
2025-03-27T04:56:43Z,77.0,Sense
2025-03-27T04:56:48Z,75.0,Sense
2025-03-27T04:56:58Z,78.0,Sense
2025-03-27T04:57:03Z,80.0,Sense
2025-03-27T04:57:08Z,79.0,Sense
2025-03-27T04:57:13Z,77.0,Sense
2025-03-27T04:57:18Z,75.0,Sense
2025-03-27T04:57:23Z,74.0,Sense
2025-03-27T04:57:28Z,75.0,Sense
2025-03-27T04:57:43Z,75.0,Sense
2025-03-27T04:57:58Z,77.0,Sense
2025-03-27T04:58:08Z,77.0,Sense
2025-03-27T04:58:13Z,79.0,Sense
2025-03-27T04:58:18Z,81.0,Sense
2025-03-27T04:58:23Z,83.0,Sense
2025-03-27T04:58:28Z,84.0,Sense
2025-03-27T04:58:33Z,82.0,Sense
2025-03-27T04:58:38Z,79.0,Sense
2025-03-27T04:58:43Z,76.0,Sense
2025-03-27T04:58:48Z,75.0,Sense
2025-03-27T04:59:03Z,75.0,Sense
2025-03-27T04:59:13Z,76.0,Sense
2025-03-27T04:59:18Z,75.0,Sense
2025-03-27T04:59:23Z,74.0,Sense
2025-03-27T04:59:28Z,73.0,Sense
2025-03-27T04:59:33Z,73.0,Sense
2025-03-27T04:59:43Z,74.0,Sense
2025-03-27T04:59:48Z,75.0,Sense
2025-03-27T04:59:53Z,76.0,Sense
2025-03-27T04:59:58Z,77.0,Sense
2025-03-27T05:00:03Z,79.0,Sense
2025-03-27T05:00:08Z,78.0,Sense
2025-03-27T05:00:13Z,77.0,Sense
2025-03-27T05:00:18Z,76.0,Sense
2025-03-27T05:00:28Z,77.0,Sense
2025-03-27T05:00:33Z,79.0,Sense
2025-03-27T05:00:38Z,81.0,Sense
2025-03-27T05:00:43Z,79.0,Sense
2025-03-27T05:00:48Z,78.0,Sense
2025-03-27T05:00:53Z,77.0,Sense
2025-03-27T05:00:58Z,76.0,Sense
2025-03-27T05:01:08Z,77.0,Sense
2025-03-27T05:01:13Z,78.0,Sense
2025-03-27T05:01:28Z,77.0,Sense
2025-03-27T05:01:38Z,77.0,Sense
2025-03-27T05:01:53Z,77.0,Sense
2025-03-27T05:01:58Z,76.0,Sense
2025-03-27T05:02:03Z,72.0,Sense
2025-03-27T05:02:08Z,72.0,Sense
2025-03-27T05:02:23Z,72.0,Sense
2025-03-27T05:02:38Z,72.0,Sense
2025-03-27T05:02:43Z,70.0,Sense
2025-03-27T05:02:48Z,68.0,Sense
2025-03-27T05:02:53Z,69.0,Sense
2025-03-27T05:02:58Z,68.0,Sense
2025-03-27T05:03:03Z,70.0,Sense
2025-03-27T05:03:08Z,74.0,Sense
2025-03-27T05:03:13Z,76.0,Sense
2025-03-27T05:03:28Z,76.0,Sense
2025-03-27T05:03:33Z,83.0,Sense
2025-03-27T05:03:43Z,78.0,Sense
2025-03-27T05:03:48Z,73.0,Sense
2025-03-27T05:03:58Z,73.0,Sense
2025-03-27T05:04:08Z,73.0,Sense
2025-03-27T05:04:13Z,72.0,Sense
2025-03-27T05:04:23Z,74.0,Sense
2025-03-27T05:04:28Z,75.0,Sense
2025-03-27T05:04:33Z,76.0,Sense
2025-03-27T05:04:48Z,77.0,Sense
2025-03-27T05:04:58Z,78.0,Sense
2025-03-27T05:05:03Z,77.0,Sense
2025-03-27T05:05:08Z,75.0,Sense
2025-03-27T05:05:23Z,75.0,Sense
2025-03-27T05:05:38Z,75.0,Sense
2025-03-27T05:05:48Z,75.0,Sense
2025-03-27T05:05:58Z,76.0,Sense
2025-03-27T05:06:03Z,75.0,Sense
2025-03-27T05:06:08Z,75.0,Sense
2025-03-27T05:06:18Z,77.0,Sense
2025-03-27T05:06:23Z,78.0,Sense
2025-03-27T05:06:28Z,81.0,Sense
2025-03-27T05:06:43Z,81.0,Sense
2025-03-27T05:06:58Z,81.0,Sense
2025-03-27T05:07:08Z,82.0,Sense
2025-03-27T05:07:23Z,82.0,Sense
2025-03-27T05:07:28Z,83.0,Sense
2025-03-27T05:07:33Z,84.0,Sense
2025-03-27T05:07:43Z,83.0,Sense
2025-03-27T05:07:48Z,81.0,Sense
2025-03-27T05:07:53Z,80.0,Sense
2025-03-27T05:08:08Z,81.0,Sense
2025-03-27T05:08:13Z,82.0,Sense
2025-03-27T05:08:23Z,81.0,Sense
2025-03-27T05:08:38Z,82.0,Sense
2025-03-27T05:08:48Z,83.0,Sense
2025-03-27T05:08:53Z,82.0,Sense
2025-03-27T05:09:03Z,81.0,Sense
2025-03-27T05:09:13Z,82.0,Sense
2025-03-27T05:09:28Z,81.0,Sense
2025-03-27T05:09:33Z,80.0,Sense
2025-03-27T05:09:48Z,81.0,Sense
2025-03-27T05:09:58Z,82.0,Sense
2025-03-27T05:10:13Z,83.0,Sense
2025-03-27T05:10:23Z,84.0,Sense
2025-03-27T05:10:28Z,85.0,Sense
2025-03-27T05:10:33Z,86.0,Sense
2025-03-27T05:10:38Z,86.0,Sense
2025-03-27T05:10:48Z,85.0,Sense
2025-03-27T05:10:53Z,84.0,Sense
2025-03-27T05:11:03Z,85.0,Sense
2025-03-27T05:11:08Z,84.0,Sense
2025-03-27T05:11:13Z,85.0,Sense
2025-03-27T05:11:28Z,86.0,Sense
2025-03-27T05:11:33Z,90.0,Sense
2025-03-27T05:11:43Z,91.0,Sense
2025-03-27T05:11:53Z,89.0,Sense
2025-03-27T05:12:03Z,90.0,Sense
2025-03-27T05:12:08Z,91.0,Sense
2025-03-27T05:12:13Z,92.0,Sense
2025-03-27T05:12:23Z,91.0,Sense
2025-03-27T05:12:33Z,89.0,Sense
2025-03-27T05:12:38Z,88.0,Sense
2025-03-27T05:12:43Z,84.0,Sense
2025-03-27T05:12:48Z,85.0,Sense
2025-03-27T05:13:03Z,85.0,Sense
2025-03-27T05:13:08Z,85.0,Sense
2025-03-27T05:13:13Z,85.0,Sense
2025-03-27T05:13:18Z,86.0,Sense
2025-03-27T05:13:28Z,87.0,Sense
2025-03-27T05:13:33Z,86.0,Sense
2025-03-27T05:13:38Z,86.0,Sense
2025-03-27T05:13:43Z,87.0,Sense
2025-03-27T05:13:48Z,88.0,Sense
2025-03-27T05:13:53Z,88.0,Sense
2025-03-27T05:13:58Z,89.0,Sense
2025-03-27T05:14:13Z,88.0,Sense
2025-03-27T05:14:23Z,89.0,Sense
2025-03-27T05:14:28Z,88.0,Sense
2025-03-27T05:14:38Z,87.0,Sense
2025-03-27T05:14:43Z,86.0,Sense
2025-03-27T05:14:48Z,87.0,Sense
2025-03-27T05:14:53Z,88.0,Sense
2025-03-27T05:15:03Z,89.0,Sense
2025-03-27T05:15:13Z,87.0,Sense
2025-03-27T05:15:18Z,86.0,Sense
2025-03-27T05:15:23Z,85.0,Sense
2025-03-27T05:15:28Z,83.0,Sense
2025-03-27T05:15:33Z,84.0,Sense
2025-03-27T05:15:38Z,85.0,Sense
2025-03-27T05:15:43Z,86.0,Sense
2025-03-27T05:15:58Z,86.0,Sense
2025-03-27T05:16:03Z,87.0,Sense
2025-03-27T05:16:13Z,87.0,Sense
2025-03-27T05:16:23Z,87.0,Sense
2025-03-27T05:16:28Z,85.0,Sense
2025-03-27T05:16:38Z,86.0,Sense
2025-03-27T05:16:53Z,85.0,Sense
2025-03-27T05:17:08Z,85.0,Sense
2025-03-27T05:17:13Z,86.0,Sense
2025-03-27T05:17:18Z,87.0,Sense
2025-03-27T05:17:23Z,87.0,Sense
2025-03-27T05:17:28Z,86.0,Sense
2025-03-27T05:17:43Z,87.0,Sense
2025-03-27T05:17:58Z,87.0,Sense
2025-03-27T05:18:13Z,87.0,Sense
2025-03-27T05:18:28Z,87.0,Sense
2025-03-27T05:18:33Z,86.0,Sense
2025-03-27T05:18:38Z,89.0,Sense
2025-03-27T05:18:43Z,91.0,Sense
2025-03-27T05:18:48Z,90.0,Sense
2025-03-27T05:18:53Z,89.0,Sense
2025-03-27T05:18:58Z,88.0,Sense
2025-03-27T05:19:13Z,88.0,Sense
2025-03-27T05:19:18Z,90.0,Sense
2025-03-27T05:19:23Z,91.0,Sense
2025-03-27T05:19:28Z,93.0,Sense
2025-03-27T05:19:33Z,92.0,Sense
2025-03-27T05:19:38Z,90.0,Sense
2025-03-27T05:19:43Z,87.0,Sense
2025-03-27T05:19:48Z,85.0,Sense
2025-03-27T05:19:53Z,86.0,Sense
2025-03-27T05:20:08Z,86.0,Sense
2025-03-27T05:20:18Z,87.0,Sense
2025-03-27T05:20:23Z,86.0,Sense
2025-03-27T05:20:38Z,87.0,Sense
2025-03-27T05:20:48Z,86.0,Sense
2025-03-27T05:20:58Z,87.0,Sense
2025-03-27T05:21:03Z,87.0,Sense
2025-03-27T05:21:13Z,86.0,Sense
2025-03-27T05:21:28Z,86.0,Sense
2025-03-27T05:21:33Z,85.0,Sense
2025-03-27T05:21:38Z,84.0,Sense
2025-03-27T05:21:48Z,83.0,Sense
2025-03-27T05:22:03Z,84.0,Sense
2025-03-27T05:22:08Z,85.0,Sense
2025-03-27T05:22:13Z,86.0,Sense
2025-03-27T05:22:23Z,88.0,Sense
2025-03-27T05:22:33Z,89.0,Sense
2025-03-27T05:22:48Z,89.0,Sense
2025-03-27T05:22:53Z,88.0,Sense
2025-03-27T05:23:03Z,87.0,Sense
2025-03-27T05:23:08Z,86.0,Sense
2025-03-27T05:23:18Z,88.0,Sense
2025-03-27T05:23:33Z,83.0,Sense
2025-03-27T05:23:38Z,77.0,Sense
2025-03-27T05:23:43Z,76.0,Sense
2025-03-27T05:23:53Z,77.0,Sense
2025-03-27T05:24:08Z,79.0,Sense
2025-03-27T05:24:13Z,82.0,Sense
2025-03-27T05:24:18Z,87.0,Sense
2025-03-27T05:24:23Z,88.0,Sense
2025-03-27T05:24:33Z,87.0,Sense
2025-03-27T05:24:43Z,89.0,Sense
2025-03-27T05:24:48Z,88.0,Sense
2025-03-27T05:24:53Z,86.0,Sense
2025-03-27T05:24:58Z,77.0,Sense
2025-03-27T05:25:03Z,70.0,Sense
2025-03-27T05:25:08Z,72.0,Sense
2025-03-27T05:25:13Z,73.0,Sense
2025-03-27T05:25:18Z,76.0,Sense
2025-03-27T05:25:23Z,78.0,Sense
2025-03-27T05:25:28Z,79.0,Sense
2025-03-27T05:25:38Z,80.0,Sense
2025-03-27T05:25:43Z,79.0,Sense
2025-03-27T05:25:53Z,78.0,Sense
2025-03-27T05:26:03Z,80.0,Sense
2025-03-27T05:26:08Z,82.0,Sense
2025-03-27T05:26:23Z,83.0,Sense
2025-03-27T05:26:28Z,81.0,Sense
2025-03-27T05:26:33Z,78.0,Sense
2025-03-27T05:26:38Z,77.0,Sense
2025-03-27T05:26:53Z,78.0,Sense
2025-03-27T05:27:03Z,77.0,Sense
2025-03-27T05:27:13Z,77.0,Sense
2025-03-27T05:27:18Z,78.0,Sense
2025-03-27T05:27:23Z,79.0,Sense
2025-03-27T05:27:28Z,81.0,Sense
2025-03-27T05:27:33Z,81.0,Sense
2025-03-27T05:27:38Z,80.0,Sense
2025-03-27T05:27:43Z,79.0,Sense
2025-03-27T05:27:48Z,81.0,Sense
2025-03-27T05:27:53Z,83.0,Sense
2025-03-27T05:27:58Z,83.0,Sense
2025-03-27T05:28:03Z,84.0,Sense
2025-03-27T05:28:08Z,86.0,Sense
2025-03-27T05:28:13Z,84.0,Sense
2025-03-27T05:28:18Z,82.0,Sense
2025-03-27T05:28:23Z,82.0,Sense
2025-03-27T05:28:28Z,81.0,Sense
2025-03-27T05:28:33Z,83.0,Sense
2025-03-27T05:28:38Z,82.0,Sense
2025-03-27T05:28:53Z,81.0,Sense
2025-03-27T05:28:58Z,82.0,Sense
2025-03-27T05:29:03Z,81.0,Sense
2025-03-27T05:29:13Z,82.0,Sense
2025-03-27T05:29:18Z,82.0,Sense
2025-03-27T05:29:23Z,83.0,Sense
2025-03-27T05:29:28Z,84.0,Sense
2025-03-27T05:29:33Z,85.0,Sense
2025-03-27T05:29:38Z,85.0,Sense
2025-03-27T05:29:48Z,86.0,Sense
2025-03-27T05:29:53Z,88.0,Sense
2025-03-27T05:29:58Z,87.0,Sense
2025-03-27T05:30:03Z,85.0,Sense
2025-03-27T05:30:08Z,82.0,Sense
2025-03-27T05:30:13Z,80.0,Sense
2025-03-27T05:30:18Z,77.0,Sense
2025-03-27T05:30:23Z,71.0,Sense
2025-03-27T05:30:28Z,68.0,Sense
2025-03-27T05:30:43Z,68.0,Sense
2025-03-27T05:30:48Z,73.0,Sense
2025-03-27T05:30:53Z,77.0,Sense
2025-03-27T05:30:58Z,78.0,Sense
2025-03-27T05:31:03Z,77.0,Sense
2025-03-27T05:31:08Z,78.0,Sense
2025-03-27T05:31:13Z,79.0,Sense
2025-03-27T05:31:18Z,80.0,Sense
2025-03-27T05:31:23Z,81.0,Sense
2025-03-27T05:31:33Z,83.0,Sense
2025-03-27T05:31:38Z,84.0,Sense
2025-03-27T05:31:43Z,85.0,Sense
2025-03-27T05:31:48Z,81.0,Sense
2025-03-27T05:31:53Z,80.0,Sense
2025-03-27T05:31:58Z,79.0,Sense
2025-03-27T05:32:03Z,80.0,Sense
2025-03-27T05:32:08Z,80.0,Sense
2025-03-27T05:32:18Z,86.0,Sense
2025-03-27T05:32:23Z,90.0,Sense
2025-03-27T05:32:28Z,89.0,Sense
2025-03-27T05:32:33Z,91.0,Sense
2025-03-27T05:32:38Z,89.0,Sense
2025-03-27T05:32:43Z,82.0,Sense
2025-03-27T05:32:53Z,80.0,Sense
2025-03-27T05:32:58Z,79.0,Sense
2025-03-27T05:33:03Z,78.0,Sense
2025-03-27T05:33:08Z,76.0,Sense
2025-03-27T05:33:13Z,72.0,Sense
2025-03-27T05:33:18Z,69.0,Sense
2025-03-27T05:33:23Z,71.0,Sense
2025-03-27T05:33:28Z,73.0,Sense
2025-03-27T05:33:33Z,75.0,Sense
2025-03-27T05:33:43Z,77.0,Sense
2025-03-27T05:33:48Z,79.0,Sense
2025-03-27T05:33:53Z,82.0,Sense
2025-03-27T05:33:58Z,82.0,Sense
2025-03-27T05:34:03Z,79.0,Sense
2025-03-27T05:34:08Z,77.0,Sense
2025-03-27T05:34:13Z,78.0,Sense
2025-03-27T05:34:23Z,77.0,Sense
2025-03-27T05:34:28Z,73.0,Sense
2025-03-27T05:34:33Z,73.0,Sense
2025-03-27T05:34:38Z,72.0,Sense
2025-03-27T05:34:43Z,72.0,Sense
2025-03-27T05:34:48Z,73.0,Sense
2025-03-27T05:34:53Z,73.0,Sense
2025-03-27T05:34:58Z,76.0,Sense
2025-03-27T05:35:03Z,79.0,Sense
2025-03-27T05:35:08Z,82.0,Sense
2025-03-27T05:35:18Z,84.0,Sense
2025-03-27T05:35:28Z,85.0,Sense
2025-03-27T05:35:33Z,86.0,Sense
2025-03-27T05:35:38Z,87.0,Sense
2025-03-27T05:35:43Z,83.0,Sense
2025-03-27T05:35:48Z,81.0,Sense
2025-03-27T05:35:53Z,78.0,Sense
2025-03-27T05:35:58Z,77.0,Sense
2025-03-27T05:36:03Z,76.0,Sense
2025-03-27T05:36:08Z,75.0,Sense
2025-03-27T05:36:13Z,76.0,Sense
2025-03-27T05:36:18Z,77.0,Sense
2025-03-27T05:36:23Z,78.0,Sense
2025-03-27T05:36:28Z,79.0,Sense
2025-03-27T05:36:33Z,78.0,Sense
2025-03-27T05:36:43Z,79.0,Sense
2025-03-27T05:36:48Z,81.0,Sense
2025-03-27T05:36:53Z,84.0,Sense
2025-03-27T05:36:58Z,84.0,Sense
2025-03-27T05:37:03Z,83.0,Sense
2025-03-27T05:37:13Z,79.0,Sense
2025-03-27T05:37:18Z,81.0,Sense
2025-03-27T05:37:23Z,80.0,Sense
2025-03-27T05:37:28Z,79.0,Sense
2025-03-27T05:37:33Z,80.0,Sense
2025-03-27T05:37:38Z,78.0,Sense
2025-03-27T05:37:48Z,77.0,Sense
2025-03-27T05:37:53Z,78.0,Sense
2025-03-27T05:37:58Z,81.0,Sense
2025-03-27T05:38:03Z,78.0,Sense
2025-03-27T05:38:08Z,77.0,Sense
2025-03-27T05:38:13Z,78.0,Sense
2025-03-27T05:38:18Z,79.0,Sense
2025-03-27T05:38:28Z,78.0,Sense
2025-03-27T05:38:33Z,77.0,Sense
2025-03-27T05:38:38Z,78.0,Sense
2025-03-27T05:38:43Z,78.0,Sense
2025-03-27T05:38:48Z,81.0,Sense
2025-03-27T05:38:53Z,82.0,Sense
2025-03-27T05:38:58Z,82.0,Sense
2025-03-27T05:39:03Z,80.0,Sense
2025-03-27T05:39:08Z,79.0,Sense
2025-03-27T05:39:18Z,79.0,Sense
2025-03-27T05:39:23Z,80.0,Sense
2025-03-27T05:39:38Z,80.0,Sense
2025-03-27T05:39:43Z,81.0,Sense
2025-03-27T05:39:48Z,82.0,Sense
2025-03-27T05:40:03Z,82.0,Sense
2025-03-27T05:40:18Z,84.0,Sense
2025-03-27T05:40:23Z,85.0,Sense
2025-03-27T05:40:28Z,85.0,Sense
2025-03-27T05:40:38Z,86.0,Sense
2025-03-27T05:40:43Z,85.0,Sense
2025-03-27T05:40:48Z,88.0,Sense
2025-03-27T05:40:53Z,85.0,Sense
2025-03-27T05:40:58Z,84.0,Sense
2025-03-27T05:41:03Z,84.0,Sense
2025-03-27T05:41:08Z,83.0,Sense
2025-03-27T05:41:13Z,82.0,Sense
2025-03-27T05:41:18Z,80.0,Sense
2025-03-27T05:41:33Z,81.0,Sense
2025-03-27T05:41:43Z,79.0,Sense
2025-03-27T05:41:53Z,78.0,Sense
2025-03-27T05:42:08Z,80.0,Sense
2025-03-27T05:42:13Z,82.0,Sense
2025-03-27T05:42:18Z,83.0,Sense
2025-03-27T05:42:23Z,83.0,Sense
2025-03-27T05:42:28Z,84.0,Sense
2025-03-27T05:42:33Z,86.0,Sense
2025-03-27T05:42:38Z,85.0,Sense
2025-03-27T05:42:43Z,84.0,Sense
2025-03-27T05:42:48Z,82.0,Sense
2025-03-27T05:42:53Z,80.0,Sense
2025-03-27T05:42:58Z,79.0,Sense
2025-03-27T05:43:03Z,78.0,Sense
2025-03-27T05:43:08Z,78.0,Sense
2025-03-27T05:43:13Z,83.0,Sense
2025-03-27T05:43:18Z,86.0,Sense
2025-03-27T05:43:23Z,90.0,Sense
2025-03-27T05:43:28Z,89.0,Sense
2025-03-27T05:43:33Z,87.0,Sense
2025-03-27T05:43:38Z,84.0,Sense
2025-03-27T05:43:43Z,82.0,Sense
2025-03-27T05:43:48Z,83.0,Sense
2025-03-27T05:43:53Z,84.0,Sense
2025-03-27T05:43:58Z,83.0,Sense
2025-03-27T05:44:03Z,82.0,Sense
2025-03-27T05:44:08Z,81.0,Sense
2025-03-27T05:44:13Z,81.0,Sense
2025-03-27T05:44:18Z,83.0,Sense
2025-03-27T05:44:28Z,83.0,Sense
2025-03-27T05:44:43Z,83.0,Sense
2025-03-27T05:44:48Z,84.0,Sense
2025-03-27T05:44:53Z,83.0,Sense
2025-03-27T05:44:58Z,82.0,Sense
2025-03-27T05:45:03Z,81.0,Sense
2025-03-27T05:45:08Z,83.0,Sense
2025-03-27T05:45:18Z,84.0,Sense
2025-03-27T05:45:28Z,80.0,Sense
2025-03-27T05:45:33Z,78.0,Sense
2025-03-27T05:45:40Z,78.0,Sense
2025-03-27T05:45:45Z,79.0,Sense
2025-03-27T05:45:55Z,80.0,Sense
2025-03-27T05:46:00Z,81.0,Sense
2025-03-27T05:46:05Z,82.0,Sense
2025-03-27T05:46:15Z,83.0,Sense
2025-03-27T05:46:20Z,85.0,Sense
2025-03-27T05:46:35Z,87.0,Sense
2025-03-27T05:46:40Z,86.0,Sense
2025-03-27T05:46:45Z,85.0,Sense
2025-03-27T05:46:50Z,84.0,Sense
2025-03-27T05:46:55Z,87.0,Sense
2025-03-27T05:47:05Z,89.0,Sense
2025-03-27T05:47:10Z,87.0,Sense
2025-03-27T05:47:15Z,88.0,Sense
2025-03-27T05:47:20Z,87.0,Sense
2025-03-27T05:47:25Z,83.0,Sense
2025-03-27T05:47:30Z,82.0,Sense
2025-03-27T05:47:35Z,83.0,Sense
2025-03-27T05:47:40Z,82.0,Sense
2025-03-27T05:47:50Z,80.0,Sense
2025-03-27T05:47:55Z,79.0,Sense
2025-03-27T05:48:00Z,80.0,Sense
2025-03-27T05:48:10Z,81.0,Sense
2025-03-27T05:48:15Z,83.0,Sense
2025-03-27T05:48:20Z,86.0,Sense
2025-03-27T05:48:25Z,83.0,Sense
2025-03-27T05:48:30Z,83.0,Sense
2025-03-27T05:48:35Z,82.0,Sense
2025-03-27T05:48:40Z,80.0,Sense
2025-03-27T05:48:45Z,78.0,Sense
2025-03-27T05:48:50Z,75.0,Sense
2025-03-27T05:48:55Z,75.0,Sense
2025-03-27T05:49:00Z,77.0,Sense
2025-03-27T05:49:05Z,78.0,Sense
2025-03-27T05:49:10Z,78.0,Sense
2025-03-27T05:49:15Z,77.0,Sense
2025-03-27T05:49:20Z,76.0,Sense
2025-03-27T05:49:25Z,77.0,Sense
2025-03-27T05:49:30Z,79.0,Sense
2025-03-27T05:49:35Z,80.0,Sense
2025-03-27T05:49:40Z,81.0,Sense
2025-03-27T05:49:45Z,82.0,Sense
2025-03-27T05:49:55Z,82.0,Sense
2025-03-27T05:50:00Z,81.0,Sense
2025-03-27T05:50:05Z,77.0,Sense
2025-03-27T05:50:10Z,74.0,Sense
2025-03-27T05:50:20Z,76.0,Sense
2025-03-27T05:50:25Z,77.0,Sense
2025-03-27T05:50:30Z,79.0,Sense
2025-03-27T05:50:35Z,81.0,Sense
2025-03-27T05:50:40Z,79.0,Sense
2025-03-27T05:50:45Z,77.0,Sense
2025-03-27T05:50:50Z,75.0,Sense
2025-03-27T05:50:55Z,74.0,Sense
2025-03-27T05:51:00Z,75.0,Sense
2025-03-27T05:51:05Z,74.0,Sense
2025-03-27T05:51:10Z,73.0,Sense
2025-03-27T05:51:15Z,74.0,Sense
2025-03-27T05:51:20Z,75.0,Sense
2025-03-27T05:51:25Z,77.0,Sense
2025-03-27T05:51:40Z,77.0,Sense
2025-03-27T05:51:50Z,76.0,Sense
2025-03-27T05:51:55Z,77.0,Sense
2025-03-27T05:52:05Z,78.0,Sense
2025-03-27T05:52:10Z,79.0,Sense
2025-03-27T05:52:25Z,79.0,Sense
2025-03-27T05:52:30Z,80.0,Sense
2025-03-27T05:52:35Z,81.0,Sense
2025-03-27T05:52:40Z,82.0,Sense
2025-03-27T05:52:55Z,84.0,Sense
2025-03-27T05:53:00Z,89.0,Sense
2025-03-27T05:53:05Z,90.0,Sense
2025-03-27T05:53:10Z,93.0,Sense
2025-03-27T05:53:15Z,95.0,Sense
2025-03-27T05:53:20Z,94.0,Sense
2025-03-27T05:53:25Z,92.0,Sense
2025-03-27T05:53:30Z,84.0,Sense
2025-03-27T05:53:35Z,82.0,Sense
2025-03-27T05:53:40Z,79.0,Sense
2025-03-27T05:53:45Z,78.0,Sense
2025-03-27T05:53:50Z,78.0,Sense
2025-03-27T05:54:00Z,79.0,Sense
2025-03-27T05:54:05Z,80.0,Sense
2025-03-27T05:54:10Z,83.0,Sense
2025-03-27T05:54:15Z,82.0,Sense
2025-03-27T05:54:20Z,81.0,Sense
2025-03-27T05:54:25Z,80.0,Sense
2025-03-27T05:54:30Z,81.0,Sense
2025-03-27T05:54:35Z,84.0,Sense
2025-03-27T05:54:40Z,85.0,Sense
2025-03-27T05:54:45Z,84.0,Sense
2025-03-27T05:54:55Z,82.0,Sense
2025-03-27T05:55:00Z,80.0,Sense
2025-03-27T05:55:05Z,81.0,Sense
2025-03-27T05:55:10Z,83.0,Sense
2025-03-27T05:55:15Z,84.0,Sense
2025-03-27T05:55:20Z,82.0,Sense
2025-03-27T05:55:25Z,80.0,Sense
2025-03-27T05:55:30Z,79.0,Sense
2025-03-27T05:55:35Z,80.0,Sense
2025-03-27T05:55:40Z,81.0,Sense
2025-03-27T05:55:45Z,82.0,Sense
2025-03-27T05:55:50Z,84.0,Sense
2025-03-27T05:55:55Z,86.0,Sense
2025-03-27T05:56:00Z,88.0,Sense
2025-03-27T05:56:05Z,88.0,Sense
2025-03-27T05:56:10Z,84.0,Sense
2025-03-27T05:56:15Z,83.0,Sense
2025-03-27T05:56:30Z,84.0,Sense
2025-03-27T05:56:35Z,84.0,Sense
2025-03-27T05:56:40Z,84.0,Sense
2025-03-27T05:56:45Z,82.0,Sense
2025-03-27T05:56:50Z,81.0,Sense
2025-03-27T05:56:55Z,84.0,Sense
2025-03-27T05:57:00Z,86.0,Sense
2025-03-27T05:57:05Z,90.0,Sense
2025-03-27T05:57:10Z,91.0,Sense
2025-03-27T05:57:15Z,90.0,Sense
2025-03-27T05:57:20Z,90.0,Sense
2025-03-27T05:57:25Z,89.0,Sense
2025-03-27T05:57:35Z,87.0,Sense
2025-03-27T05:57:40Z,84.0,Sense
2025-03-27T05:57:45Z,81.0,Sense
2025-03-27T05:57:50Z,80.0,Sense
2025-03-27T05:57:55Z,79.0,Sense
2025-03-27T05:58:00Z,74.0,Sense
2025-03-27T05:58:05Z,72.0,Sense
2025-03-27T05:58:10Z,73.0,Sense
2025-03-27T05:58:20Z,72.0,Sense
2025-03-27T05:58:35Z,72.0,Sense
2025-03-27T05:58:50Z,73.0,Sense
2025-03-27T05:58:55Z,75.0,Sense
2025-03-27T05:59:05Z,74.0,Sense
2025-03-27T05:59:15Z,73.0,Sense
2025-03-27T05:59:20Z,74.0,Sense
2025-03-27T05:59:25Z,76.0,Sense
2025-03-27T05:59:30Z,81.0,Sense
2025-03-27T05:59:35Z,86.0,Sense
2025-03-27T05:59:40Z,87.0,Sense
2025-03-27T05:59:45Z,83.0,Sense
2025-03-27T05:59:50Z,79.0,Sense
2025-03-27T05:59:55Z,77.0,Sense
2025-03-27T06:00:00Z,77.0,Sense
2025-03-27T06:00:10Z,79.0,Sense
2025-03-27T06:00:15Z,80.0,Sense
2025-03-27T06:00:25Z,80.0,Sense
2025-03-27T06:00:30Z,79.0,Sense
2025-03-27T06:00:35Z,79.0,Sense
2025-03-27T06:00:40Z,80.0,Sense
2025-03-27T06:00:45Z,83.0,Sense
2025-03-27T06:00:55Z,82.0,Sense
2025-03-27T06:01:00Z,83.0,Sense
2025-03-27T06:01:10Z,84.0,Sense
2025-03-27T06:01:20Z,85.0,Sense
2025-03-27T06:01:25Z,83.0,Sense
2025-03-27T06:01:35Z,82.0,Sense
2025-03-27T06:01:40Z,85.0,Sense
2025-03-27T06:01:50Z,89.0,Sense
2025-03-27T06:01:55Z,93.0,Sense
2025-03-27T06:02:05Z,95.0,Sense
2025-03-27T06:02:20Z,95.0,Sense
2025-03-27T06:02:25Z,95.0,Sense
2025-03-27T06:02:40Z,95.0,Sense
2025-03-27T06:02:50Z,96.0,Sense
2025-03-27T06:02:55Z,95.0,Sense
2025-03-27T06:03:10Z,94.0,Sense
2025-03-27T06:03:15Z,93.0,Sense
2025-03-27T06:03:20Z,92.0,Sense
2025-03-27T06:03:25Z,93.0,Sense
2025-03-27T06:03:30Z,95.0,Sense
2025-03-27T06:03:35Z,96.0,Sense
2025-03-27T06:03:45Z,97.0,Sense
2025-03-27T06:03:50Z,100.0,Sense
2025-03-27T06:04:05Z,102.0,Sense
2025-03-27T06:04:10Z,101.0,Sense
2025-03-27T06:04:15Z,102.0,Sense
2025-03-27T06:04:20Z,101.0,Sense
2025-03-27T06:04:30Z,99.0,Sense
2025-03-27T06:04:35Z,96.0,Sense
2025-03-27T06:04:45Z,95.0,Sense
2025-03-27T06:04:55Z,97.0,Sense
2025-03-27T06:05:00Z,96.0,Sense
2025-03-27T06:05:05Z,97.0,Sense
2025-03-27T06:05:10Z,96.0,Sense
2025-03-27T06:05:15Z,99.0,Sense
2025-03-27T06:05:20Z,100.0,Sense
2025-03-27T06:05:25Z,98.0,Sense
2025-03-27T06:05:30Z,99.0,Sense
2025-03-27T06:05:35Z,100.0,Sense
2025-03-27T06:05:40Z,99.0,Sense
2025-03-27T06:05:45Z,102.0,Sense
2025-03-27T06:05:50Z,103.0,Sense
2025-03-27T06:05:55Z,104.0,Sense
2025-03-27T06:06:00Z,103.0,Sense
2025-03-27T06:06:05Z,101.0,Sense
2025-03-27T06:06:15Z,100.0,Sense
2025-03-27T06:06:20Z,99.0,Sense
2025-03-27T06:06:30Z,101.0,Sense
2025-03-27T06:06:35Z,103.0,Sense
2025-03-27T06:06:45Z,98.0,Sense
2025-03-27T06:06:50Z,92.0,Sense
2025-03-27T06:06:55Z,90.0,Sense
2025-03-27T06:07:00Z,90.0,Sense
2025-03-27T06:07:05Z,89.0,Sense
2025-03-27T06:07:10Z,87.0,Sense
2025-03-27T06:07:15Z,85.0,Sense
2025-03-27T06:07:20Z,85.0,Sense
2025-03-27T06:07:25Z,86.0,Sense
2025-03-27T06:07:30Z,88.0,Sense
2025-03-27T06:07:35Z,92.0,Sense
2025-03-27T06:07:45Z,91.0,Sense
2025-03-27T06:07:50Z,90.0,Sense
2025-03-27T06:07:55Z,91.0,Sense
2025-03-27T06:08:00Z,89.0,Sense
2025-03-27T06:08:05Z,90.0,Sense
2025-03-27T06:08:10Z,87.0,Sense
2025-03-27T06:08:15Z,85.0,Sense
2025-03-27T06:08:20Z,83.0,Sense
2025-03-27T06:08:25Z,87.0,Sense
2025-03-27T06:08:30Z,90.0,Sense
2025-03-27T06:08:35Z,94.0,Sense
2025-03-27T06:08:40Z,95.0,Sense
2025-03-27T06:08:45Z,93.0,Sense
2025-03-27T06:08:50Z,89.0,Sense
2025-03-27T06:08:55Z,88.0,Sense
2025-03-27T06:09:00Z,84.0,Sense
2025-03-27T06:09:05Z,85.0,Sense
2025-03-27T06:09:10Z,84.0,Sense
2025-03-27T06:09:15Z,87.0,Sense
2025-03-27T06:09:25Z,85.0,Sense
2025-03-27T06:09:30Z,77.0,Sense
2025-03-27T06:09:35Z,74.0,Sense
2025-03-27T06:09:40Z,69.0,Sense
2025-03-27T06:09:45Z,71.0,Sense
2025-03-27T06:09:50Z,73.0,Sense
2025-03-27T06:09:55Z,74.0,Sense
2025-03-27T06:10:00Z,75.0,Sense
2025-03-27T06:10:05Z,76.0,Sense
2025-03-27T06:10:15Z,77.0,Sense
2025-03-27T06:10:25Z,75.0,Sense
2025-03-27T06:10:30Z,74.0,Sense
2025-03-27T06:10:45Z,75.0,Sense
2025-03-27T06:10:50Z,75.0,Sense
2025-03-27T06:10:55Z,78.0,Sense
2025-03-27T06:11:00Z,79.0,Sense
2025-03-27T06:11:05Z,82.0,Sense
2025-03-27T06:11:10Z,82.0,Sense
2025-03-27T06:11:15Z,83.0,Sense
2025-03-27T06:11:20Z,85.0,Sense
2025-03-27T06:11:25Z,84.0,Sense
2025-03-27T06:11:30Z,85.0,Sense
2025-03-27T06:11:35Z,85.0,Sense
2025-03-27T06:11:40Z,87.0,Sense
2025-03-27T06:11:45Z,85.0,Sense
2025-03-27T06:11:50Z,79.0,Sense
2025-03-27T06:11:55Z,77.0,Sense
2025-03-27T06:12:10Z,76.0,Sense
2025-03-27T06:12:15Z,77.0,Sense
2025-03-27T06:12:20Z,75.0,Sense
2025-03-27T06:12:30Z,74.0,Sense
2025-03-27T06:12:45Z,72.0,Sense
2025-03-27T06:12:50Z,70.0,Sense
2025-03-27T06:12:55Z,69.0,Sense
2025-03-27T06:13:00Z,71.0,Sense
2025-03-27T06:13:05Z,70.0,Sense
2025-03-27T06:13:10Z,68.0,Sense
2025-03-27T06:13:15Z,69.0,Sense
2025-03-27T06:13:20Z,70.0,Sense
2025-03-27T06:13:25Z,71.0,Sense
2025-03-27T06:13:30Z,70.0,Sense
2025-03-27T06:13:35Z,69.0,Sense
2025-03-27T06:13:40Z,72.0,Sense
2025-03-27T06:13:45Z,73.0,Sense
2025-03-27T06:13:50Z,75.0,Sense
2025-03-27T06:13:55Z,79.0,Sense
2025-03-27T06:14:00Z,85.0,Sense
2025-03-27T06:14:05Z,87.0,Sense
2025-03-27T06:14:10Z,85.0,Sense
2025-03-27T06:14:15Z,84.0,Sense
2025-03-27T06:14:20Z,80.0,Sense
2025-03-27T06:14:25Z,76.0,Sense
2025-03-27T06:14:40Z,77.0,Sense
2025-03-27T06:14:45Z,78.0,Sense
2025-03-27T06:14:50Z,80.0,Sense
2025-03-27T06:15:00Z,77.0,Sense
2025-03-27T06:15:05Z,75.0,Sense
2025-03-27T06:15:10Z,76.0,Sense
2025-03-27T06:15:15Z,72.0,Sense
2025-03-27T06:15:20Z,76.0,Sense
2025-03-27T06:15:25Z,75.0,Sense
2025-03-27T06:15:30Z,72.0,Sense
2025-03-27T06:15:35Z,70.0,Sense
2025-03-27T06:15:40Z,69.0,Sense
2025-03-27T06:15:45Z,72.0,Sense
2025-03-27T06:15:50Z,73.0,Sense
2025-03-27T06:15:55Z,77.0,Sense
2025-03-27T06:16:00Z,86.0,Sense
2025-03-27T06:16:05Z,84.0,Sense
2025-03-27T06:16:10Z,80.0,Sense
2025-03-27T06:16:15Z,77.0,Sense
2025-03-27T06:16:20Z,79.0,Sense
2025-03-27T06:16:25Z,78.0,Sense
2025-03-27T06:16:30Z,77.0,Sense
2025-03-27T06:16:35Z,78.0,Sense
2025-03-27T06:16:45Z,77.0,Sense
2025-03-27T06:16:50Z,77.0,Sense
2025-03-27T06:16:55Z,78.0,Sense
2025-03-27T06:17:05Z,80.0,Sense
2025-03-27T06:17:10Z,81.0,Sense
2025-03-27T06:17:15Z,80.0,Sense
2025-03-27T06:17:20Z,80.0,Sense
2025-03-27T06:17:30Z,81.0,Sense
2025-03-27T06:17:35Z,82.0,Sense
2025-03-27T06:17:40Z,82.0,Sense
2025-03-27T06:17:45Z,79.0,Sense
2025-03-27T06:17:50Z,78.0,Sense
2025-03-27T06:17:55Z,77.0,Sense
2025-03-27T06:18:00Z,77.0,Sense
2025-03-27T06:18:10Z,79.0,Sense
2025-03-27T06:18:20Z,78.0,Sense
2025-03-27T06:18:25Z,76.0,Sense
2025-03-27T06:18:35Z,77.0,Sense
2025-03-27T06:18:50Z,77.0,Sense
2025-03-27T06:18:55Z,77.0,Sense
2025-03-27T06:19:10Z,77.0,Sense
2025-03-27T06:19:25Z,79.0,Sense
2025-03-27T06:19:30Z,80.0,Sense
2025-03-27T06:19:35Z,82.0,Sense
2025-03-27T06:19:40Z,84.0,Sense
2025-03-27T06:19:45Z,83.0,Sense
2025-03-27T06:19:50Z,82.0,Sense
2025-03-27T06:19:55Z,79.0,Sense
2025-03-27T06:20:00Z,77.0,Sense
2025-03-27T06:20:15Z,77.0,Sense
2025-03-27T06:20:20Z,78.0,Sense
2025-03-27T06:20:25Z,77.0,Sense
2025-03-27T06:20:30Z,76.0,Sense
2025-03-27T06:20:35Z,78.0,Sense
2025-03-27T06:20:40Z,80.0,Sense
2025-03-27T06:20:50Z,79.0,Sense
2025-03-27T06:20:55Z,77.0,Sense
2025-03-27T06:21:00Z,74.0,Sense
2025-03-27T06:21:15Z,75.0,Sense
2025-03-27T06:21:20Z,76.0,Sense
2025-03-27T06:21:25Z,77.0,Sense
2025-03-27T06:21:30Z,78.0,Sense
2025-03-27T06:21:40Z,77.0,Sense
2025-03-27T06:21:45Z,78.0,Sense
2025-03-27T06:21:50Z,80.0,Sense
2025-03-27T06:22:00Z,78.0,Sense
2025-03-27T06:22:05Z,77.0,Sense
2025-03-27T06:22:15Z,78.0,Sense
2025-03-27T06:22:20Z,80.0,Sense
2025-03-27T06:22:25Z,81.0,Sense
2025-03-27T06:22:30Z,77.0,Sense
2025-03-27T06:22:35Z,75.0,Sense
2025-03-27T06:22:50Z,76.0,Sense
2025-03-27T06:22:55Z,77.0,Sense
2025-03-27T06:23:00Z,78.0,Sense
2025-03-27T06:23:05Z,80.0,Sense
2025-03-27T06:23:20Z,80.0,Sense
2025-03-27T06:23:25Z,79.0,Sense
2025-03-27T06:23:35Z,78.0,Sense
2025-03-27T06:23:40Z,76.0,Sense
2025-03-27T06:23:50Z,76.0,Sense
2025-03-27T06:23:55Z,77.0,Sense
2025-03-27T06:24:00Z,79.0,Sense
2025-03-27T06:24:05Z,90.0,Sense
2025-03-27T06:24:10Z,94.0,Sense
2025-03-27T06:24:15Z,93.0,Sense
2025-03-27T06:24:20Z,92.0,Sense
2025-03-27T06:24:25Z,85.0,Sense
2025-03-27T06:24:30Z,81.0,Sense
2025-03-27T06:24:35Z,76.0,Sense
2025-03-27T06:24:40Z,73.0,Sense
2025-03-27T06:24:45Z,71.0,Sense
2025-03-27T06:24:50Z,70.0,Sense
2025-03-27T06:24:55Z,72.0,Sense
2025-03-27T06:25:00Z,69.0,Sense
2025-03-27T06:25:05Z,67.0,Sense
2025-03-27T06:25:10Z,65.0,Sense
2025-03-27T06:25:15Z,67.0,Sense
2025-03-27T06:25:20Z,68.0,Sense
2025-03-27T06:25:25Z,69.0,Sense
2025-03-27T06:25:30Z,70.0,Sense
2025-03-27T06:25:35Z,72.0,Sense
2025-03-27T06:25:45Z,71.0,Sense
2025-03-27T06:25:55Z,72.0,Sense
2025-03-27T06:26:00Z,73.0,Sense
2025-03-27T06:26:05Z,74.0,Sense
2025-03-27T06:26:15Z,76.0,Sense
2025-03-27T06:26:25Z,75.0,Sense
2025-03-27T06:26:30Z,74.0,Sense
2025-03-27T06:26:35Z,72.0,Sense
2025-03-27T06:26:40Z,71.0,Sense
2025-03-27T06:26:45Z,70.0,Sense
2025-03-27T06:26:55Z,72.0,Sense
2025-03-27T06:27:10Z,70.0,Sense
2025-03-27T06:27:15Z,70.0,Sense
2025-03-27T06:27:20Z,71.0,Sense
2025-03-27T06:27:25Z,80.0,Sense
2025-03-27T06:27:30Z,88.0,Sense
2025-03-27T06:27:35Z,85.0,Sense
2025-03-27T06:27:40Z,80.0,Sense
2025-03-27T06:27:45Z,77.0,Sense
2025-03-27T06:27:50Z,76.0,Sense
2025-03-27T06:27:55Z,73.0,Sense
2025-03-27T06:28:00Z,71.0,Sense
2025-03-27T06:28:05Z,70.0,Sense
2025-03-27T06:28:10Z,69.0,Sense
2025-03-27T06:28:15Z,68.0,Sense
2025-03-27T06:28:25Z,69.0,Sense
2025-03-27T06:28:30Z,70.0,Sense
2025-03-27T06:28:35Z,72.0,Sense
2025-03-27T06:28:40Z,74.0,Sense
2025-03-27T06:28:45Z,75.0,Sense
2025-03-27T06:28:50Z,74.0,Sense
2025-03-27T06:28:55Z,73.0,Sense
2025-03-27T06:29:05Z,72.0,Sense
2025-03-27T06:29:20Z,71.0,Sense
2025-03-27T06:29:25Z,69.0,Sense
2025-03-27T06:29:30Z,67.0,Sense
2025-03-27T06:29:35Z,70.0,Sense
2025-03-27T06:29:45Z,67.0,Sense
2025-03-27T06:29:50Z,66.0,Sense
2025-03-27T06:30:05Z,67.0,Sense
2025-03-27T06:30:10Z,68.0,Sense
2025-03-27T06:30:15Z,69.0,Sense
2025-03-27T06:30:20Z,69.0,Sense
2025-03-27T06:30:25Z,68.0,Sense
2025-03-27T06:30:40Z,72.0,Sense
2025-03-27T06:30:45Z,74.0,Sense
2025-03-27T06:30:50Z,75.0,Sense
2025-03-27T06:30:55Z,74.0,Sense
2025-03-27T06:31:00Z,72.0,Sense
2025-03-27T06:31:05Z,70.0,Sense
2025-03-27T06:31:10Z,69.0,Sense
2025-03-27T06:31:15Z,71.0,Sense
2025-03-27T06:31:20Z,70.0,Sense
2025-03-27T06:31:25Z,68.0,Sense
2025-03-27T06:31:35Z,69.0,Sense
2025-03-27T06:31:40Z,70.0,Sense
2025-03-27T06:31:45Z,69.0,Sense
2025-03-27T06:31:52Z,71.0,Sense
2025-03-27T06:32:02Z,69.0,Sense
2025-03-27T06:32:07Z,68.0,Sense
2025-03-27T06:32:22Z,68.0,Sense
2025-03-27T06:32:32Z,67.0,Sense
2025-03-27T06:32:37Z,66.0,Sense
2025-03-27T06:32:47Z,67.0,Sense
2025-03-27T06:32:52Z,67.0,Sense
2025-03-27T06:32:57Z,67.0,Sense
2025-03-27T06:33:34Z,67.0,Sense
2025-03-27T06:33:39Z,68.0,Sense
2025-03-27T06:33:44Z,69.0,Sense
2025-03-27T06:33:49Z,69.0,Sense
2025-03-27T06:33:54Z,68.0,Sense
2025-03-27T06:34:04Z,69.0,Sense
2025-03-27T06:34:09Z,70.0,Sense
2025-03-27T06:34:24Z,69.0,Sense
2025-03-27T06:34:29Z,69.0,Sense
2025-03-27T06:34:34Z,72.0,Sense
2025-03-27T06:34:39Z,78.0,Sense
2025-03-27T06:34:44Z,84.0,Sense
2025-03-27T06:34:49Z,82.0,Sense
2025-03-27T06:34:54Z,79.0,Sense
2025-03-27T06:34:59Z,72.0,Sense
2025-03-27T06:35:04Z,69.0,Sense
2025-03-27T06:35:09Z,66.0,Sense
2025-03-27T06:35:24Z,67.0,Sense
2025-03-27T06:35:39Z,68.0,Sense
2025-03-27T06:35:44Z,70.0,Sense
2025-03-27T06:35:59Z,70.0,Sense
2025-03-27T06:36:04Z,69.0,Sense
2025-03-27T06:36:09Z,68.0,Sense
2025-03-27T06:36:14Z,67.0,Sense
2025-03-27T06:36:24Z,66.0,Sense
2025-03-27T06:36:39Z,66.0,Sense
2025-03-27T06:36:44Z,65.0,Sense
2025-03-27T06:36:49Z,65.0,Sense
2025-03-27T06:36:54Z,66.0,Sense
2025-03-27T06:37:09Z,67.0,Sense
2025-03-27T06:37:14Z,68.0,Sense
2025-03-27T06:37:19Z,69.0,Sense
2025-03-27T06:37:24Z,68.0,Sense
2025-03-27T06:37:29Z,67.0,Sense
2025-03-27T06:37:39Z,68.0,Sense
2025-03-27T06:37:49Z,70.0,Sense
2025-03-27T06:38:04Z,70.0,Sense
2025-03-27T06:38:09Z,71.0,Sense
2025-03-27T06:38:14Z,72.0,Sense
2025-03-27T06:38:29Z,71.0,Sense
2025-03-27T06:38:34Z,70.0,Sense
2025-03-27T06:38:39Z,68.0,Sense
2025-03-27T06:38:54Z,67.0,Sense
2025-03-27T06:39:09Z,66.0,Sense
2025-03-27T06:39:14Z,65.0,Sense
2025-03-27T06:39:29Z,66.0,Sense
2025-03-27T06:39:39Z,67.0,Sense
2025-03-27T06:39:44Z,66.0,Sense
2025-03-27T06:39:49Z,65.0,Sense
2025-03-27T06:40:04Z,66.0,Sense
2025-03-27T06:40:19Z,67.0,Sense
2025-03-27T06:40:24Z,69.0,Sense
2025-03-27T06:40:29Z,67.0,Sense
2025-03-27T06:40:34Z,66.0,Sense
2025-03-27T06:40:39Z,66.0,Sense
2025-03-27T06:40:49Z,67.0,Sense
2025-03-27T06:40:54Z,66.0,Sense
2025-03-27T06:41:04Z,67.0,Sense
2025-03-27T06:41:14Z,68.0,Sense
2025-03-27T06:41:19Z,67.0,Sense
2025-03-27T06:41:24Z,66.0,Sense
2025-03-27T06:41:29Z,65.0,Sense
2025-03-27T06:41:39Z,64.0,Sense
2025-03-27T06:41:44Z,63.0,Sense
2025-03-27T06:41:54Z,62.0,Sense
2025-03-27T06:41:59Z,61.0,Sense
2025-03-27T06:42:09Z,63.0,Sense
2025-03-27T06:42:14Z,64.0,Sense
2025-03-27T06:42:19Z,65.0,Sense
2025-03-27T06:42:24Z,67.0,Sense
2025-03-27T06:42:29Z,66.0,Sense
2025-03-27T06:42:34Z,64.0,Sense
2025-03-27T06:42:39Z,60.0,Sense
2025-03-27T06:42:44Z,57.0,Sense
2025-03-27T06:42:49Z,56.0,Sense
2025-03-27T06:42:54Z,55.0,Sense
2025-03-27T06:42:59Z,57.0,Sense
2025-03-27T06:43:04Z,58.0,Sense
2025-03-27T06:43:09Z,60.0,Sense
2025-03-27T06:43:14Z,62.0,Sense
2025-03-27T06:43:19Z,63.0,Sense
2025-03-27T06:43:24Z,64.0,Sense
2025-03-27T06:43:29Z,66.0,Sense
2025-03-27T06:43:34Z,68.0,Sense
2025-03-27T06:43:39Z,69.0,Sense
2025-03-27T06:43:44Z,66.0,Sense
2025-03-27T06:43:49Z,65.0,Sense
2025-03-27T06:43:54Z,64.0,Sense
2025-03-27T06:43:59Z,62.0,Sense
2025-03-27T06:44:09Z,64.0,Sense
2025-03-27T06:44:14Z,65.0,Sense
2025-03-27T06:44:29Z,64.0,Sense
2025-03-27T06:44:34Z,63.0,Sense
2025-03-27T06:44:39Z,64.0,Sense
2025-03-27T06:44:44Z,65.0,Sense
2025-03-27T06:44:49Z,66.0,Sense
2025-03-27T06:44:54Z,63.0,Sense
2025-03-27T06:44:59Z,62.0,Sense
2025-03-27T06:45:04Z,64.0,Sense
2025-03-27T06:45:09Z,65.0,Sense
2025-03-27T06:45:14Z,66.0,Sense
2025-03-27T06:45:19Z,64.0,Sense
2025-03-27T06:45:34Z,64.0,Sense
2025-03-27T06:45:39Z,66.0,Sense
2025-03-27T06:45:44Z,67.0,Sense
2025-03-27T06:45:49Z,69.0,Sense
2025-03-27T06:45:59Z,70.0,Sense
2025-03-27T06:46:04Z,71.0,Sense
2025-03-27T06:46:09Z,70.0,Sense
2025-03-27T06:46:14Z,69.0,Sense
2025-03-27T06:46:19Z,66.0,Sense
2025-03-27T06:46:24Z,64.0,Sense
2025-03-27T06:46:39Z,66.0,Sense
2025-03-27T06:46:44Z,67.0,Sense
2025-03-27T06:46:49Z,68.0,Sense
2025-03-27T06:46:54Z,67.0,Sense
2025-03-27T06:47:09Z,68.0,Sense
2025-03-27T06:47:14Z,67.0,Sense
2025-03-27T06:47:19Z,66.0,Sense
2025-03-27T06:47:24Z,64.0,Sense
2025-03-27T06:47:29Z,62.0,Sense
2025-03-27T06:47:34Z,60.0,Sense
2025-03-27T06:47:44Z,63.0,Sense
2025-03-27T06:47:49Z,64.0,Sense
2025-03-27T06:47:59Z,65.0,Sense
2025-03-27T06:48:04Z,68.0,Sense
2025-03-27T06:48:09Z,67.0,Sense
2025-03-27T06:48:14Z,65.0,Sense
2025-03-27T06:48:19Z,64.0,Sense
2025-03-27T06:48:29Z,65.0,Sense
2025-03-27T06:48:34Z,66.0,Sense
2025-03-27T06:48:44Z,67.0,Sense
2025-03-27T06:48:59Z,68.0,Sense
2025-03-27T06:49:14Z,67.0,Sense
2025-03-27T06:49:19Z,68.0,Sense
2025-03-27T06:49:24Z,67.0,Sense
2025-03-27T06:49:34Z,68.0,Sense
2025-03-27T06:49:49Z,68.0,Sense
2025-03-27T06:49:59Z,64.0,Sense
2025-03-27T06:50:04Z,61.0,Sense
2025-03-27T06:50:09Z,59.0,Sense
2025-03-27T06:50:19Z,61.0,Sense
2025-03-27T06:50:24Z,65.0,Sense
2025-03-27T06:50:29Z,67.0,Sense
2025-03-27T06:50:34Z,66.0,Sense
2025-03-27T06:50:49Z,65.0,Sense
2025-03-27T06:50:59Z,66.0,Sense
2025-03-27T06:51:04Z,67.0,Sense
2025-03-27T06:51:09Z,68.0,Sense
2025-03-27T06:51:14Z,69.0,Sense
2025-03-27T06:51:19Z,67.0,Sense
2025-03-27T06:51:24Z,65.0,Sense
2025-03-27T06:51:29Z,64.0,Sense
2025-03-27T06:51:34Z,63.0,Sense
2025-03-27T06:51:39Z,64.0,Sense
2025-03-27T06:51:44Z,66.0,Sense
2025-03-27T06:51:49Z,68.0,Sense
2025-03-27T06:51:54Z,69.0,Sense
2025-03-27T06:52:04Z,70.0,Sense
2025-03-27T06:52:14Z,69.0,Sense
2025-03-27T06:52:19Z,67.0,Sense
2025-03-27T06:52:24Z,65.0,Sense
2025-03-27T06:52:29Z,65.0,Sense
2025-03-27T06:52:44Z,65.0,Sense
2025-03-27T06:52:54Z,67.0,Sense
2025-03-27T06:52:59Z,69.0,Sense
2025-03-27T06:53:09Z,70.0,Sense
2025-03-27T06:53:14Z,68.0,Sense
2025-03-27T06:53:24Z,69.0,Sense
2025-03-27T06:53:39Z,69.0,Sense
2025-03-27T06:53:49Z,70.0,Sense
2025-03-27T06:53:59Z,71.0,Sense
2025-03-27T06:54:04Z,70.0,Sense
2025-03-27T06:54:09Z,68.0,Sense
2025-03-27T06:54:14Z,66.0,Sense
2025-03-27T06:54:24Z,67.0,Sense
2025-03-27T06:54:29Z,66.0,Sense
2025-03-27T06:54:39Z,65.0,Sense
2025-03-27T06:54:49Z,66.0,Sense
2025-03-27T06:54:54Z,68.0,Sense
2025-03-27T06:54:59Z,67.0,Sense
2025-03-27T06:55:04Z,68.0,Sense
2025-03-27T06:55:09Z,69.0,Sense
2025-03-27T06:55:14Z,70.0,Sense
2025-03-27T06:55:19Z,67.0,Sense
2025-03-27T06:55:24Z,66.0,Sense
2025-03-27T06:55:39Z,67.0,Sense
2025-03-27T06:55:49Z,66.0,Sense
2025-03-27T06:55:54Z,65.0,Sense
2025-03-27T06:55:59Z,64.0,Sense
2025-03-27T06:56:14Z,65.0,Sense
2025-03-27T06:56:19Z,67.0,Sense
2025-03-27T06:56:29Z,68.0,Sense
2025-03-27T06:56:44Z,67.0,Sense
2025-03-27T06:56:54Z,65.0,Sense
2025-03-27T06:56:59Z,64.0,Sense
2025-03-27T06:57:09Z,65.0,Sense
2025-03-27T06:57:14Z,66.0,Sense
2025-03-27T06:57:24Z,67.0,Sense
2025-03-27T06:57:34Z,68.0,Sense
2025-03-27T06:57:44Z,67.0,Sense
2025-03-27T06:57:49Z,66.0,Sense
2025-03-27T06:57:54Z,65.0,Sense
2025-03-27T06:57:59Z,66.0,Sense
2025-03-27T06:58:14Z,65.0,Sense
2025-03-27T06:58:29Z,66.0,Sense
2025-03-27T06:58:34Z,67.0,Sense
2025-03-27T06:58:39Z,66.0,Sense
2025-03-27T06:58:54Z,67.0,Sense
2025-03-27T06:58:59Z,68.0,Sense
2025-03-27T06:59:04Z,69.0,Sense
2025-03-27T06:59:09Z,68.0,Sense
2025-03-27T06:59:19Z,67.0,Sense
2025-03-27T06:59:29Z,66.0,Sense
2025-03-27T06:59:34Z,67.0,Sense
2025-03-27T06:59:44Z,68.0,Sense
2025-03-27T06:59:49Z,69.0,Sense
2025-03-27T06:59:54Z,70.0,Sense
2025-03-27T07:00:04Z,69.0,Sense
2025-03-27T07:00:19Z,68.0,Sense
2025-03-27T07:00:34Z,68.0,Sense
2025-03-27T07:00:39Z,69.0,Sense
2025-03-27T07:00:44Z,70.0,Sense
2025-03-27T07:00:49Z,69.0,Sense
2025-03-27T07:00:54Z,67.0,Sense
2025-03-27T07:00:59Z,64.0,Sense
2025-03-27T07:01:09Z,65.0,Sense
2025-03-27T07:01:14Z,66.0,Sense
2025-03-27T07:01:19Z,67.0,Sense
2025-03-27T07:01:24Z,68.0,Sense
2025-03-27T07:01:29Z,70.0,Sense
2025-03-27T07:01:39Z,69.0,Sense
2025-03-27T07:01:44Z,68.0,Sense
2025-03-27T07:01:49Z,67.0,Sense
2025-03-27T07:01:59Z,66.0,Sense
2025-03-27T07:02:04Z,67.0,Sense
2025-03-27T07:02:19Z,67.0,Sense
2025-03-27T07:02:34Z,68.0,Sense
2025-03-27T07:02:39Z,67.0,Sense
2025-03-27T07:02:44Z,66.0,Sense
2025-03-27T07:02:49Z,67.0,Sense
2025-03-27T07:02:54Z,68.0,Sense
2025-03-27T07:03:09Z,66.0,Sense
2025-03-27T07:03:14Z,65.0,Sense
2025-03-27T07:03:19Z,64.0,Sense
2025-03-27T07:03:29Z,66.0,Sense
2025-03-27T07:03:34Z,67.0,Sense
2025-03-27T07:03:49Z,67.0,Sense
2025-03-27T07:03:54Z,66.0,Sense
2025-03-27T07:03:59Z,66.0,Sense
2025-03-27T07:04:14Z,69.0,Sense
2025-03-27T07:04:19Z,93.0,Sense
2025-03-27T07:04:29Z,84.0,Sense
2025-03-27T07:04:34Z,74.0,Sense
2025-03-27T07:04:39Z,68.0,Sense
2025-03-27T07:04:44Z,64.0,Sense
2025-03-27T07:04:49Z,62.0,Sense
2025-03-27T07:05:04Z,62.0,Sense
2025-03-27T07:05:14Z,61.0,Sense
2025-03-27T07:05:19Z,62.0,Sense
2025-03-27T07:05:34Z,62.0,Sense
2025-03-27T07:05:39Z,61.0,Sense
2025-03-27T07:05:49Z,62.0,Sense
2025-03-27T07:05:54Z,63.0,Sense
2025-03-27T07:05:59Z,64.0,Sense
2025-03-27T07:06:04Z,64.0,Sense
2025-03-27T07:06:14Z,65.0,Sense
2025-03-27T07:06:19Z,63.0,Sense
2025-03-27T07:06:34Z,63.0,Sense
2025-03-27T07:06:39Z,64.0,Sense
2025-03-27T07:06:44Z,65.0,Sense
2025-03-27T07:06:49Z,66.0,Sense
2025-03-27T07:06:54Z,65.0,Sense
2025-03-27T07:07:09Z,64.0,Sense
2025-03-27T07:07:14Z,63.0,Sense
2025-03-27T07:07:19Z,61.0,Sense
2025-03-27T07:07:29Z,62.0,Sense
2025-03-27T07:07:39Z,64.0,Sense
2025-03-27T07:07:44Z,65.0,Sense
2025-03-27T07:07:49Z,66.0,Sense
2025-03-27T07:08:04Z,65.0,Sense
2025-03-27T07:08:09Z,64.0,Sense
2025-03-27T07:08:14Z,63.0,Sense
2025-03-27T07:08:24Z,64.0,Sense
2025-03-27T07:08:29Z,65.0,Sense
2025-03-27T07:08:39Z,64.0,Sense
2025-03-27T07:08:54Z,64.0,Sense
2025-03-27T07:09:04Z,65.0,Sense
2025-03-27T07:09:09Z,67.0,Sense
2025-03-27T07:09:14Z,65.0,Sense
2025-03-27T07:09:24Z,64.0,Sense
2025-03-27T07:09:34Z,66.0,Sense
2025-03-27T07:09:39Z,65.0,Sense
2025-03-27T07:09:54Z,64.0,Sense
2025-03-27T07:09:59Z,65.0,Sense
2025-03-27T07:10:14Z,66.0,Sense
2025-03-27T07:10:29Z,66.0,Sense
2025-03-27T07:10:44Z,66.0,Sense
2025-03-27T07:10:49Z,67.0,Sense
2025-03-27T07:10:54Z,66.0,Sense
2025-03-27T07:11:04Z,65.0,Sense
2025-03-27T07:11:19Z,66.0,Sense
2025-03-27T07:11:24Z,67.0,Sense
2025-03-27T07:11:29Z,68.0,Sense
2025-03-27T07:11:34Z,66.0,Sense
2025-03-27T07:11:39Z,64.0,Sense
2025-03-27T07:11:54Z,64.0,Sense
2025-03-27T07:11:59Z,65.0,Sense
2025-03-27T07:12:09Z,64.0,Sense
2025-03-27T07:12:14Z,65.0,Sense
2025-03-27T07:12:24Z,66.0,Sense
2025-03-27T07:12:29Z,65.0,Sense
2025-03-27T07:12:39Z,66.0,Sense
2025-03-27T07:12:49Z,64.0,Sense
2025-03-27T07:12:59Z,65.0,Sense
2025-03-27T07:13:04Z,66.0,Sense
2025-03-27T07:13:09Z,67.0,Sense
2025-03-27T07:13:14Z,66.0,Sense
2025-03-27T07:13:24Z,67.0,Sense
2025-03-27T07:13:29Z,67.0,Sense
2025-03-27T07:13:44Z,67.0,Sense
2025-03-27T07:13:49Z,66.0,Sense
2025-03-27T07:13:59Z,65.0,Sense
2025-03-27T07:14:14Z,65.0,Sense
2025-03-27T07:14:19Z,64.0,Sense
2025-03-27T07:14:24Z,65.0,Sense
2025-03-27T07:14:29Z,66.0,Sense
2025-03-27T07:14:34Z,64.0,Sense
2025-03-27T07:14:39Z,63.0,Sense
2025-03-27T07:14:44Z,64.0,Sense
2025-03-27T07:14:54Z,65.0,Sense
2025-03-27T07:15:09Z,66.0,Sense
2025-03-27T07:15:14Z,67.0,Sense
2025-03-27T07:15:29Z,66.0,Sense
2025-03-27T07:15:34Z,65.0,Sense
2025-03-27T07:15:44Z,66.0,Sense
2025-03-27T07:15:49Z,67.0,Sense
2025-03-27T07:15:54Z,69.0,Sense
2025-03-27T07:15:59Z,67.0,Sense
2025-03-27T07:16:04Z,66.0,Sense
2025-03-27T07:16:09Z,65.0,Sense
2025-03-27T07:16:14Z,66.0,Sense
2025-03-27T07:16:19Z,67.0,Sense
2025-03-27T07:16:29Z,64.0,Sense
2025-03-27T07:16:44Z,65.0,Sense
2025-03-27T07:16:59Z,65.0,Sense
2025-03-27T07:17:04Z,66.0,Sense
2025-03-27T07:17:09Z,66.0,Sense
2025-03-27T07:17:14Z,65.0,Sense
2025-03-27T07:17:29Z,66.0,Sense
2025-03-27T07:17:34Z,65.0,Sense
2025-03-27T07:17:44Z,66.0,Sense
2025-03-27T07:17:54Z,67.0,Sense
2025-03-27T07:18:09Z,66.0,Sense
2025-03-27T07:18:14Z,65.0,Sense
2025-03-27T07:18:24Z,66.0,Sense
2025-03-27T07:18:39Z,66.0,Sense
2025-03-27T07:18:54Z,67.0,Sense
2025-03-27T07:18:59Z,68.0,Sense
2025-03-27T07:19:04Z,66.0,Sense
2025-03-27T07:19:14Z,65.0,Sense
2025-03-27T07:19:24Z,67.0,Sense
2025-03-27T07:19:29Z,68.0,Sense
2025-03-27T07:19:39Z,67.0,Sense
2025-03-27T07:19:54Z,66.0,Sense
2025-03-27T07:19:59Z,65.0,Sense
2025-03-27T07:20:09Z,66.0,Sense
2025-03-27T07:20:24Z,66.0,Sense
2025-03-27T07:20:29Z,67.0,Sense
2025-03-27T07:20:39Z,66.0,Sense
2025-03-27T07:20:44Z,65.0,Sense
2025-03-27T07:20:49Z,66.0,Sense
2025-03-27T07:20:54Z,67.0,Sense
2025-03-27T07:20:59Z,67.0,Sense
2025-03-27T07:21:04Z,68.0,Sense
2025-03-27T07:21:09Z,66.0,Sense
2025-03-27T07:21:14Z,65.0,Sense
2025-03-27T07:21:29Z,65.0,Sense
2025-03-27T07:21:34Z,66.0,Sense
2025-03-27T07:21:39Z,67.0,Sense
2025-03-27T07:21:44Z,66.0,Sense
2025-03-27T07:21:49Z,67.0,Sense
2025-03-27T07:21:54Z,66.0,Sense
2025-03-27T07:22:04Z,67.0,Sense
2025-03-27T07:22:25Z,67.0,Sense
2025-03-27T07:22:40Z,67.0,Sense
2025-03-27T07:22:50Z,65.0,Sense
2025-03-27T07:22:55Z,64.0,Sense
2025-03-27T07:23:05Z,65.0,Sense
2025-03-27T07:23:15Z,67.0,Sense
2025-03-27T07:23:25Z,66.0,Sense
2025-03-27T07:23:40Z,66.0,Sense
2025-03-27T07:23:45Z,67.0,Sense
2025-03-27T07:23:50Z,68.0,Sense
2025-03-27T07:24:05Z,67.0,Sense
2025-03-27T07:24:15Z,65.0,Sense
2025-03-27T07:24:20Z,65.0,Sense
2025-03-27T07:24:25Z,64.0,Sense
2025-03-27T07:24:40Z,64.0,Sense
2025-03-27T07:24:45Z,65.0,Sense
2025-03-27T07:24:50Z,66.0,Sense
2025-03-27T07:24:55Z,68.0,Sense
2025-03-27T07:25:10Z,67.0,Sense
2025-03-27T07:25:15Z,66.0,Sense
2025-03-27T07:25:25Z,67.0,Sense
2025-03-27T07:25:30Z,66.0,Sense
2025-03-27T07:25:35Z,65.0,Sense
2025-03-27T07:25:40Z,63.0,Sense
2025-03-27T07:25:45Z,62.0,Sense
2025-03-27T07:25:50Z,63.0,Sense
2025-03-27T07:25:55Z,64.0,Sense
2025-03-27T07:26:00Z,65.0,Sense
2025-03-27T07:26:05Z,66.0,Sense
2025-03-27T07:26:10Z,64.0,Sense
2025-03-27T07:26:15Z,62.0,Sense
2025-03-27T07:26:30Z,63.0,Sense
2025-03-27T07:26:35Z,64.0,Sense
2025-03-27T07:26:40Z,63.0,Sense
2025-03-27T07:26:45Z,64.0,Sense
2025-03-27T07:26:50Z,65.0,Sense
2025-03-27T07:27:05Z,65.0,Sense
2025-03-27T07:27:10Z,66.0,Sense
2025-03-27T07:27:25Z,66.0,Sense
2025-03-27T07:27:40Z,70.0,Sense
2025-03-27T07:27:45Z,90.0,Sense
2025-03-27T07:27:50Z,95.0,Sense
2025-03-27T07:28:00Z,95.0,Sense
2025-03-27T07:28:05Z,88.0,Sense
2025-03-27T07:28:10Z,78.0,Sense
2025-03-27T07:28:15Z,70.0,Sense
2025-03-27T07:28:20Z,66.0,Sense
2025-03-27T07:28:25Z,63.0,Sense
2025-03-27T07:28:35Z,65.0,Sense
2025-03-27T07:28:40Z,66.0,Sense
2025-03-27T07:28:45Z,67.0,Sense
2025-03-27T07:28:50Z,79.0,Sense
2025-03-27T07:28:55Z,84.0,Sense
2025-03-27T07:29:00Z,78.0,Sense
2025-03-27T07:29:05Z,72.0,Sense
2025-03-27T07:29:10Z,66.0,Sense
2025-03-27T07:29:15Z,64.0,Sense
2025-03-27T07:29:20Z,63.0,Sense
2025-03-27T07:29:25Z,62.0,Sense
2025-03-27T07:29:30Z,61.0,Sense
2025-03-27T07:29:40Z,62.0,Sense
2025-03-27T07:29:45Z,63.0,Sense
2025-03-27T07:29:50Z,64.0,Sense
2025-03-27T07:30:05Z,65.0,Sense
2025-03-27T07:30:20Z,67.0,Sense
2025-03-27T07:30:25Z,68.0,Sense
2025-03-27T07:30:30Z,68.0,Sense
2025-03-27T07:30:45Z,68.0,Sense
2025-03-27T07:30:50Z,87.0,Sense
2025-03-27T07:30:55Z,98.0,Sense
2025-03-27T07:31:00Z,96.0,Sense
2025-03-27T07:31:05Z,87.0,Sense
2025-03-27T07:31:10Z,77.0,Sense
2025-03-27T07:31:15Z,69.0,Sense
2025-03-27T07:31:20Z,65.0,Sense
2025-03-27T07:31:25Z,63.0,Sense
2025-03-27T07:31:35Z,62.0,Sense
2025-03-27T07:31:45Z,63.0,Sense
2025-03-27T07:31:50Z,64.0,Sense
2025-03-27T07:31:55Z,66.0,Sense
2025-03-27T07:32:00Z,64.0,Sense
2025-03-27T07:32:05Z,61.0,Sense
2025-03-27T07:32:10Z,60.0,Sense
2025-03-27T07:32:15Z,59.0,Sense
2025-03-27T07:32:30Z,60.0,Sense
2025-03-27T07:32:35Z,61.0,Sense
2025-03-27T07:32:40Z,62.0,Sense
2025-03-27T07:32:45Z,61.0,Sense
2025-03-27T07:32:50Z,60.0,Sense
2025-03-27T07:33:05Z,61.0,Sense
2025-03-27T07:33:10Z,62.0,Sense
2025-03-27T07:33:15Z,64.0,Sense
2025-03-27T07:33:20Z,66.0,Sense
2025-03-27T07:33:25Z,65.0,Sense
2025-03-27T07:33:40Z,62.0,Sense
2025-03-27T07:33:45Z,61.0,Sense
2025-03-27T07:33:50Z,60.0,Sense
2025-03-27T07:34:05Z,59.0,Sense
2025-03-27T07:34:10Z,58.0,Sense
2025-03-27T07:34:15Z,58.0,Sense
2025-03-27T07:34:20Z,58.0,Sense
2025-03-27T07:34:25Z,65.0,Sense
2025-03-27T07:34:30Z,78.0,Sense
2025-03-27T07:34:40Z,74.0,Sense
2025-03-27T07:34:45Z,68.0,Sense
2025-03-27T07:34:50Z,65.0,Sense
2025-03-27T07:34:55Z,63.0,Sense
2025-03-27T07:35:00Z,61.0,Sense
2025-03-27T07:35:15Z,61.0,Sense
2025-03-27T07:35:25Z,62.0,Sense
2025-03-27T07:35:40Z,62.0,Sense
2025-03-27T07:35:50Z,61.0,Sense
2025-03-27T07:36:05Z,60.0,Sense
2025-03-27T07:36:10Z,59.0,Sense
2025-03-27T07:36:15Z,58.0,Sense
2025-03-27T07:36:20Z,57.0,Sense
2025-03-27T07:36:25Z,59.0,Sense
2025-03-27T07:36:30Z,60.0,Sense
2025-03-27T07:36:35Z,62.0,Sense
2025-03-27T07:36:40Z,63.0,Sense
2025-03-27T07:36:45Z,64.0,Sense
2025-03-27T07:36:55Z,65.0,Sense
2025-03-27T07:37:05Z,63.0,Sense
2025-03-27T07:37:10Z,60.0,Sense
2025-03-27T07:37:15Z,59.0,Sense
2025-03-27T07:37:20Z,57.0,Sense
2025-03-27T07:37:25Z,57.0,Sense
2025-03-27T07:37:35Z,58.0,Sense
2025-03-27T07:37:40Z,60.0,Sense
2025-03-27T07:37:45Z,61.0,Sense
2025-03-27T07:38:00Z,62.0,Sense
2025-03-27T07:38:05Z,61.0,Sense
2025-03-27T07:38:20Z,62.0,Sense
2025-03-27T07:38:35Z,63.0,Sense
2025-03-27T07:38:40Z,64.0,Sense
2025-03-27T07:38:50Z,63.0,Sense
2025-03-27T07:38:55Z,63.0,Sense
2025-03-27T07:39:05Z,64.0,Sense
2025-03-27T07:39:15Z,62.0,Sense
2025-03-27T07:39:20Z,61.0,Sense
2025-03-27T07:39:35Z,62.0,Sense
2025-03-27T07:39:40Z,64.0,Sense
2025-03-27T07:39:45Z,66.0,Sense
2025-03-27T07:39:55Z,65.0,Sense
2025-03-27T07:40:00Z,64.0,Sense
2025-03-27T07:40:15Z,64.0,Sense
2025-03-27T07:40:20Z,65.0,Sense
2025-03-27T07:40:25Z,63.0,Sense
2025-03-27T07:40:30Z,62.0,Sense
2025-03-27T07:40:35Z,61.0,Sense
2025-03-27T07:40:45Z,62.0,Sense
2025-03-27T07:40:50Z,63.0,Sense
2025-03-27T07:40:55Z,62.0,Sense
2025-03-27T07:41:00Z,61.0,Sense
2025-03-27T07:41:05Z,60.0,Sense
2025-03-27T07:41:20Z,60.0,Sense
2025-03-27T07:41:25Z,61.0,Sense
2025-03-27T07:41:30Z,63.0,Sense
2025-03-27T07:41:35Z,64.0,Sense
2025-03-27T07:41:40Z,68.0,Sense
2025-03-27T07:41:45Z,69.0,Sense
2025-03-27T07:42:00Z,69.0,Sense
2025-03-27T07:42:05Z,68.0,Sense
2025-03-27T07:42:10Z,65.0,Sense
2025-03-27T07:42:15Z,65.0,Sense
2025-03-27T07:42:30Z,66.0,Sense
2025-03-27T07:42:35Z,64.0,Sense
2025-03-27T07:42:40Z,63.0,Sense
2025-03-27T07:42:45Z,62.0,Sense
2025-03-27T07:42:55Z,61.0,Sense
2025-03-27T07:43:10Z,61.0,Sense
2025-03-27T07:43:15Z,62.0,Sense
2025-03-27T07:43:30Z,62.0,Sense
2025-03-27T07:43:35Z,63.0,Sense
2025-03-27T07:43:45Z,64.0,Sense
2025-03-27T07:43:50Z,62.0,Sense
2025-03-27T07:43:55Z,60.0,Sense
2025-03-27T07:44:05Z,61.0,Sense
2025-03-27T07:44:10Z,62.0,Sense
2025-03-27T07:44:15Z,63.0,Sense
2025-03-27T07:44:20Z,65.0,Sense
2025-03-27T07:44:25Z,67.0,Sense
2025-03-27T07:44:30Z,66.0,Sense
2025-03-27T07:44:40Z,68.0,Sense
2025-03-27T07:44:45Z,67.0,Sense
2025-03-27T07:44:50Z,65.0,Sense
2025-03-27T07:44:55Z,64.0,Sense
2025-03-27T07:45:00Z,63.0,Sense
2025-03-27T07:45:05Z,64.0,Sense
2025-03-27T07:45:10Z,65.0,Sense
2025-03-27T07:45:20Z,64.0,Sense
2025-03-27T07:45:25Z,61.0,Sense
2025-03-27T07:45:40Z,61.0,Sense
2025-03-27T07:45:45Z,63.0,Sense
2025-03-27T07:45:55Z,64.0,Sense
2025-03-27T07:46:10Z,65.0,Sense
2025-03-27T07:46:15Z,66.0,Sense
2025-03-27T07:46:20Z,67.0,Sense
2025-03-27T07:46:30Z,68.0,Sense
2025-03-27T07:46:35Z,84.0,Sense
2025-03-27T07:46:40Z,94.0,Sense
2025-03-27T07:46:45Z,94.0,Sense
2025-03-27T07:46:50Z,93.0,Sense
2025-03-27T07:46:55Z,85.0,Sense
2025-03-27T07:47:00Z,75.0,Sense
2025-03-27T07:47:05Z,66.0,Sense
2025-03-27T07:47:10Z,65.0,Sense
2025-03-27T07:47:20Z,66.0,Sense
2025-03-27T07:47:25Z,67.0,Sense
2025-03-27T07:47:35Z,68.0,Sense
2025-03-27T07:47:50Z,68.0,Sense
2025-03-27T07:47:55Z,66.0,Sense
2025-03-27T07:48:00Z,64.0,Sense
2025-03-27T07:48:10Z,65.0,Sense
2025-03-27T07:48:15Z,67.0,Sense
2025-03-27T07:48:20Z,66.0,Sense
2025-03-27T07:48:25Z,63.0,Sense
2025-03-27T07:48:35Z,64.0,Sense
2025-03-27T07:48:40Z,65.0,Sense
2025-03-27T07:48:45Z,67.0,Sense
2025-03-27T07:48:50Z,69.0,Sense
2025-03-27T07:49:00Z,67.0,Sense
2025-03-27T07:49:05Z,66.0,Sense
2025-03-27T07:49:15Z,64.0,Sense
2025-03-27T07:49:20Z,62.0,Sense
2025-03-27T07:49:25Z,61.0,Sense
2025-03-27T07:49:30Z,62.0,Sense
2025-03-27T07:49:45Z,63.0,Sense
2025-03-27T07:49:50Z,65.0,Sense
2025-03-27T07:49:55Z,67.0,Sense
2025-03-27T07:50:00Z,66.0,Sense
2025-03-27T07:50:05Z,67.0,Sense
2025-03-27T07:50:15Z,69.0,Sense
2025-03-27T07:50:25Z,68.0,Sense
2025-03-27T07:50:30Z,69.0,Sense
2025-03-27T07:50:40Z,71.0,Sense
2025-03-27T07:50:45Z,72.0,Sense
2025-03-27T07:50:50Z,73.0,Sense
2025-03-27T07:50:55Z,72.0,Sense
2025-03-27T07:51:00Z,68.0,Sense
2025-03-27T07:51:05Z,66.0,Sense
2025-03-27T07:51:15Z,67.0,Sense
2025-03-27T07:51:25Z,69.0,Sense
2025-03-27T07:51:30Z,70.0,Sense
2025-03-27T07:51:35Z,71.0,Sense
2025-03-27T07:51:45Z,73.0,Sense
2025-03-27T07:51:50Z,75.0,Sense
2025-03-27T07:51:55Z,71.0,Sense
2025-03-27T07:52:05Z,70.0,Sense
2025-03-27T07:52:10Z,69.0,Sense
2025-03-27T07:52:15Z,71.0,Sense
2025-03-27T07:52:20Z,72.0,Sense
2025-03-27T07:52:25Z,74.0,Sense
2025-03-27T07:52:30Z,71.0,Sense
2025-03-27T07:52:35Z,67.0,Sense
2025-03-27T07:52:50Z,67.0,Sense
2025-03-27T07:52:55Z,68.0,Sense
2025-03-27T07:53:00Z,68.0,Sense
2025-03-27T07:53:05Z,69.0,Sense
2025-03-27T07:53:10Z,70.0,Sense
2025-03-27T07:53:25Z,71.0,Sense
2025-03-27T07:53:35Z,72.0,Sense
2025-03-27T07:53:45Z,71.0,Sense
2025-03-27T07:53:50Z,70.0,Sense
2025-03-27T07:53:55Z,69.0,Sense
2025-03-27T07:54:05Z,70.0,Sense
2025-03-27T07:54:10Z,71.0,Sense
2025-03-27T07:54:15Z,70.0,Sense
2025-03-27T07:54:25Z,70.0,Sense
2025-03-27T07:54:35Z,69.0,Sense
2025-03-27T07:54:40Z,67.0,Sense
2025-03-27T07:54:45Z,66.0,Sense
2025-03-27T07:54:50Z,67.0,Sense
2025-03-27T07:54:55Z,67.0,Sense
2025-03-27T07:55:00Z,67.0,Sense
2025-03-27T07:55:05Z,66.0,Sense
2025-03-27T07:55:10Z,67.0,Sense
2025-03-27T07:55:15Z,68.0,Sense
2025-03-27T07:55:20Z,67.0,Sense
2025-03-27T07:55:25Z,69.0,Sense
2025-03-27T07:55:30Z,68.0,Sense
2025-03-27T07:55:35Z,67.0,Sense
2025-03-27T07:55:40Z,69.0,Sense
2025-03-27T07:55:50Z,68.0,Sense
2025-03-27T07:55:55Z,68.0,Sense
2025-03-27T07:56:00Z,73.0,Sense
2025-03-27T07:56:05Z,76.0,Sense
2025-03-27T07:56:10Z,74.0,Sense
2025-03-27T07:56:15Z,72.0,Sense
2025-03-27T07:56:25Z,73.0,Sense
2025-03-27T07:56:30Z,75.0,Sense
2025-03-27T07:56:35Z,74.0,Sense
2025-03-27T07:56:45Z,75.0,Sense
2025-03-27T07:56:50Z,71.0,Sense
2025-03-27T07:56:55Z,72.0,Sense
2025-03-27T07:57:00Z,74.0,Sense
2025-03-27T07:57:05Z,71.0,Sense
2025-03-27T07:57:15Z,72.0,Sense
2025-03-27T07:57:20Z,71.0,Sense
2025-03-27T07:57:35Z,71.0,Sense
2025-03-27T07:57:40Z,71.0,Sense
2025-03-27T07:57:55Z,70.0,Sense
2025-03-27T07:58:10Z,69.0,Sense
2025-03-27T07:58:15Z,68.0,Sense
2025-03-27T07:58:20Z,64.0,Sense
2025-03-27T07:58:25Z,64.0,Sense
2025-03-27T07:58:35Z,64.0,Sense
2025-03-27T07:58:50Z,65.0,Sense
2025-03-27T07:59:05Z,65.0,Sense
2025-03-27T07:59:20Z,66.0,Sense
2025-03-27T07:59:30Z,67.0,Sense
2025-03-27T07:59:35Z,67.0,Sense
2025-03-27T07:59:40Z,65.0,Sense
2025-03-27T07:59:50Z,66.0,Sense
2025-03-27T08:00:00Z,64.0,Sense
2025-03-27T08:00:05Z,64.0,Sense
2025-03-27T08:00:10Z,64.0,Sense
2025-03-27T08:00:20Z,63.0,Sense
2025-03-27T08:00:25Z,62.0,Sense
2025-03-27T08:00:30Z,63.0,Sense
2025-03-27T08:00:35Z,65.0,Sense
2025-03-27T08:00:40Z,67.0,Sense
2025-03-27T08:00:45Z,68.0,Sense
2025-03-27T08:00:50Z,65.0,Sense
2025-03-27T08:00:55Z,63.0,Sense
2025-03-27T08:01:00Z,62.0,Sense
2025-03-27T08:01:05Z,63.0,Sense
2025-03-27T08:01:10Z,64.0,Sense
2025-03-27T08:01:15Z,66.0,Sense
2025-03-27T08:01:20Z,65.0,Sense
2025-03-27T08:01:25Z,64.0,Sense
2025-03-27T08:01:40Z,64.0,Sense
2025-03-27T08:01:45Z,64.0,Sense
2025-03-27T08:01:50Z,63.0,Sense
2025-03-27T08:02:05Z,64.0,Sense
2025-03-27T08:02:10Z,65.0,Sense
2025-03-27T08:02:15Z,67.0,Sense
2025-03-27T08:02:20Z,64.0,Sense
2025-03-27T08:02:25Z,63.0,Sense
2025-03-27T08:02:30Z,64.0,Sense
2025-03-27T08:02:35Z,65.0,Sense
2025-03-27T08:02:40Z,67.0,Sense
2025-03-27T08:02:45Z,66.0,Sense
2025-03-27T08:02:50Z,64.0,Sense
2025-03-27T08:02:55Z,63.0,Sense
2025-03-27T08:03:00Z,66.0,Sense
2025-03-27T08:03:05Z,68.0,Sense
2025-03-27T08:03:10Z,64.0,Sense
2025-03-27T08:03:15Z,61.0,Sense
2025-03-27T08:03:20Z,60.0,Sense
2025-03-27T08:03:30Z,61.0,Sense
2025-03-27T08:03:35Z,63.0,Sense
2025-03-27T08:03:40Z,65.0,Sense
2025-03-27T08:03:55Z,70.0,Sense
2025-03-27T08:04:00Z,71.0,Sense
2025-03-27T08:04:05Z,69.0,Sense
2025-03-27T08:04:10Z,68.0,Sense
2025-03-27T08:04:15Z,69.0,Sense
2025-03-27T08:04:30Z,69.0,Sense
2025-03-27T08:04:35Z,72.0,Sense
2025-03-27T08:04:40Z,72.0,Sense
2025-03-27T08:04:45Z,73.0,Sense
2025-03-27T08:04:50Z,74.0,Sense
2025-03-27T08:04:55Z,75.0,Sense
2025-03-27T08:05:00Z,76.0,Sense
2025-03-27T08:05:05Z,76.0,Sense
2025-03-27T08:05:15Z,84.0,Sense
2025-03-27T08:05:20Z,103.0,Sense
2025-03-27T08:05:25Z,102.0,Sense
2025-03-27T08:05:30Z,100.0,Sense
2025-03-27T08:05:35Z,86.0,Sense
2025-03-27T08:05:40Z,72.0,Sense
2025-03-27T08:05:45Z,67.0,Sense
2025-03-27T08:05:50Z,65.0,Sense
2025-03-27T08:05:55Z,62.0,Sense
2025-03-27T08:06:00Z,61.0,Sense
2025-03-27T08:06:05Z,60.0,Sense
2025-03-27T08:06:10Z,59.0,Sense
2025-03-27T08:06:20Z,58.0,Sense
2025-03-27T08:06:30Z,60.0,Sense
2025-03-27T08:06:35Z,61.0,Sense
2025-03-27T08:06:40Z,63.0,Sense
2025-03-27T08:06:45Z,64.0,Sense
2025-03-27T08:06:50Z,63.0,Sense
2025-03-27T08:06:55Z,61.0,Sense
2025-03-27T08:07:10Z,62.0,Sense
2025-03-27T08:07:15Z,63.0,Sense
2025-03-27T08:07:20Z,63.0,Sense
2025-03-27T08:07:25Z,64.0,Sense
2025-03-27T08:07:30Z,81.0,Sense
2025-03-27T08:07:35Z,88.0,Sense
2025-03-27T08:07:40Z,90.0,Sense
2025-03-27T08:07:45Z,88.0,Sense
2025-03-27T08:07:50Z,84.0,Sense
2025-03-27T08:07:55Z,83.0,Sense
2025-03-27T08:08:00Z,82.0,Sense
2025-03-27T08:08:05Z,78.0,Sense
2025-03-27T08:08:10Z,74.0,Sense
2025-03-27T08:08:15Z,73.0,Sense
2025-03-27T08:08:30Z,73.0,Sense
2025-03-27T08:08:45Z,86.0,Sense
2025-03-27T08:08:50Z,92.0,Sense
2025-03-27T08:08:55Z,87.0,Sense
2025-03-27T08:09:00Z,82.0,Sense
2025-03-27T08:09:05Z,70.0,Sense
2025-03-27T08:09:10Z,67.0,Sense
2025-03-27T08:09:15Z,64.0,Sense
2025-03-27T08:09:20Z,61.0,Sense
2025-03-27T08:09:25Z,60.0,Sense
2025-03-27T08:09:30Z,59.0,Sense
2025-03-27T08:09:35Z,59.0,Sense
2025-03-27T08:09:50Z,59.0,Sense
2025-03-27T08:10:05Z,59.0,Sense
2025-03-27T08:10:15Z,58.0,Sense
2025-03-27T08:10:25Z,59.0,Sense
2025-03-27T08:10:30Z,60.0,Sense
2025-03-27T08:10:40Z,59.0,Sense
2025-03-27T08:10:55Z,59.0,Sense
2025-03-27T08:11:00Z,60.0,Sense
2025-03-27T08:11:05Z,61.0,Sense
2025-03-27T08:11:10Z,62.0,Sense
2025-03-27T08:11:20Z,60.0,Sense
2025-03-27T08:11:25Z,59.0,Sense
2025-03-27T08:11:40Z,59.0,Sense
2025-03-27T08:11:45Z,60.0,Sense
2025-03-27T08:11:50Z,59.0,Sense
2025-03-27T08:11:55Z,58.0,Sense
2025-03-27T08:12:00Z,57.0,Sense
2025-03-27T08:12:15Z,58.0,Sense
2025-03-27T08:12:25Z,59.0,Sense
2025-03-27T08:12:30Z,58.0,Sense
2025-03-27T08:12:40Z,59.0,Sense
2025-03-27T08:12:45Z,60.0,Sense
2025-03-27T08:13:00Z,59.0,Sense
2025-03-27T08:13:05Z,58.0,Sense
2025-03-27T08:13:20Z,58.0,Sense
2025-03-27T08:13:30Z,57.0,Sense
2025-03-27T08:13:35Z,57.0,Sense
2025-03-27T08:13:40Z,58.0,Sense
2025-03-27T08:13:55Z,58.0,Sense
2025-03-27T08:14:05Z,59.0,Sense
2025-03-27T08:14:20Z,60.0,Sense
2025-03-27T08:14:35Z,60.0,Sense
2025-03-27T08:14:40Z,61.0,Sense
2025-03-27T08:14:45Z,60.0,Sense
2025-03-27T08:14:55Z,61.0,Sense
2025-03-27T08:15:00Z,60.0,Sense
2025-03-27T08:15:15Z,60.0,Sense
2025-03-27T08:15:20Z,59.0,Sense
2025-03-27T08:15:35Z,59.0,Sense
2025-03-27T08:15:40Z,60.0,Sense
2025-03-27T08:15:50Z,61.0,Sense
2025-03-27T08:16:05Z,61.0,Sense
2025-03-27T08:16:20Z,61.0,Sense
2025-03-27T08:16:35Z,60.0,Sense
2025-03-27T08:16:40Z,59.0,Sense
2025-03-27T08:16:45Z,57.0,Sense
2025-03-27T08:17:00Z,58.0,Sense
2025-03-27T08:17:05Z,60.0,Sense
2025-03-27T08:17:10Z,61.0,Sense
2025-03-27T08:17:15Z,62.0,Sense
2025-03-27T08:17:20Z,61.0,Sense
2025-03-27T08:17:25Z,60.0,Sense
2025-03-27T08:17:40Z,60.0,Sense
2025-03-27T08:17:45Z,60.0,Sense
2025-03-27T08:18:00Z,60.0,Sense
2025-03-27T08:18:05Z,61.0,Sense
2025-03-27T08:18:20Z,62.0,Sense
2025-03-27T08:18:35Z,63.0,Sense
2025-03-27T08:18:40Z,64.0,Sense
2025-03-27T08:18:55Z,63.0,Sense
2025-03-27T08:19:00Z,60.0,Sense
2025-03-27T08:19:05Z,57.0,Sense
2025-03-27T08:19:10Z,56.0,Sense
2025-03-27T08:19:15Z,58.0,Sense
2025-03-27T08:19:30Z,59.0,Sense
2025-03-27T08:19:35Z,60.0,Sense
2025-03-27T08:19:40Z,61.0,Sense
2025-03-27T08:19:45Z,63.0,Sense
2025-03-27T08:19:50Z,64.0,Sense
2025-03-27T08:20:00Z,63.0,Sense
2025-03-27T08:20:05Z,61.0,Sense
2025-03-27T08:20:10Z,60.0,Sense
2025-03-27T08:20:20Z,61.0,Sense
2025-03-27T08:20:25Z,62.0,Sense
2025-03-27T08:20:30Z,63.0,Sense
2025-03-27T08:20:40Z,62.0,Sense
2025-03-27T08:20:50Z,60.0,Sense
2025-03-27T08:21:05Z,61.0,Sense
2025-03-27T08:21:10Z,62.0,Sense
2025-03-27T08:21:25Z,62.0,Sense
2025-03-27T08:21:30Z,62.0,Sense
2025-03-27T08:21:35Z,62.0,Sense
2025-03-27T08:21:45Z,66.0,Sense
2025-03-27T08:21:50Z,75.0,Sense
2025-03-27T08:21:55Z,76.0,Sense
2025-03-27T08:22:00Z,75.0,Sense
2025-03-27T08:22:05Z,74.0,Sense
2025-03-27T08:22:10Z,73.0,Sense
2025-03-27T08:22:15Z,71.0,Sense
2025-03-27T08:22:20Z,69.0,Sense
2025-03-27T08:22:25Z,66.0,Sense
2025-03-27T08:22:30Z,65.0,Sense
2025-03-27T08:22:35Z,64.0,Sense
2025-03-27T08:22:40Z,63.0,Sense
2025-03-27T08:22:45Z,62.0,Sense
2025-03-27T08:22:50Z,60.0,Sense
2025-03-27T08:22:55Z,58.0,Sense
2025-03-27T08:23:00Z,59.0,Sense
2025-03-27T08:23:05Z,60.0,Sense
2025-03-27T08:23:10Z,61.0,Sense
2025-03-27T08:23:15Z,60.0,Sense
2025-03-27T08:23:20Z,64.0,Sense
2025-03-27T08:23:25Z,68.0,Sense
2025-03-27T08:23:35Z,64.0,Sense
2025-03-27T08:23:40Z,62.0,Sense
2025-03-27T08:23:55Z,63.0,Sense
2025-03-27T08:24:00Z,62.0,Sense
2025-03-27T08:24:15Z,60.0,Sense
2025-03-27T08:24:20Z,59.0,Sense
2025-03-27T08:24:35Z,60.0,Sense
2025-03-27T08:24:40Z,61.0,Sense
2025-03-27T08:24:50Z,60.0,Sense
2025-03-27T08:24:55Z,61.0,Sense
2025-03-27T08:25:00Z,60.0,Sense
2025-03-27T08:25:05Z,59.0,Sense
2025-03-27T08:25:15Z,58.0,Sense
2025-03-27T08:25:30Z,58.0,Sense
2025-03-27T08:25:35Z,57.0,Sense
2025-03-27T08:25:45Z,59.0,Sense
2025-03-27T08:25:50Z,60.0,Sense
2025-03-27T08:26:05Z,61.0,Sense
2025-03-27T08:26:10Z,62.0,Sense
2025-03-27T08:26:15Z,61.0,Sense
2025-03-27T08:26:25Z,60.0,Sense
2025-03-27T08:26:40Z,60.0,Sense
2025-03-27T08:26:55Z,59.0,Sense
2025-03-27T08:27:10Z,60.0,Sense
2025-03-27T08:27:15Z,61.0,Sense
2025-03-27T08:27:20Z,62.0,Sense
2025-03-27T08:27:30Z,63.0,Sense
2025-03-27T08:27:35Z,62.0,Sense
2025-03-27T08:27:40Z,60.0,Sense
2025-03-27T08:27:50Z,59.0,Sense
2025-03-27T08:27:55Z,59.0,Sense
2025-03-27T08:28:10Z,59.0,Sense
2025-03-27T08:28:25Z,58.0,Sense
2025-03-27T08:28:40Z,58.0,Sense
2025-03-27T08:28:45Z,59.0,Sense
2025-03-27T08:28:55Z,61.0,Sense
2025-03-27T08:29:00Z,62.0,Sense
2025-03-27T08:29:05Z,60.0,Sense
2025-03-27T08:29:10Z,59.0,Sense
2025-03-27T08:29:25Z,61.0,Sense
2025-03-27T08:29:40Z,61.0,Sense
2025-03-27T08:29:45Z,60.0,Sense
2025-03-27T08:29:50Z,59.0,Sense
2025-03-27T08:29:55Z,58.0,Sense
2025-03-27T08:30:10Z,59.0,Sense
2025-03-27T08:30:15Z,60.0,Sense
2025-03-27T08:30:20Z,62.0,Sense
2025-03-27T08:30:25Z,63.0,Sense
2025-03-27T08:30:40Z,63.0,Sense
2025-03-27T08:30:45Z,61.0,Sense
2025-03-27T08:30:50Z,60.0,Sense
2025-03-27T08:30:55Z,59.0,Sense
2025-03-27T08:31:00Z,60.0,Sense
2025-03-27T08:31:10Z,61.0,Sense
2025-03-27T08:31:15Z,62.0,Sense
2025-03-27T08:31:20Z,60.0,Sense
2025-03-27T08:31:25Z,59.0,Sense
2025-03-27T08:31:30Z,59.0,Sense
2025-03-27T08:31:35Z,60.0,Sense
2025-03-27T08:31:50Z,60.0,Sense
2025-03-27T08:31:55Z,61.0,Sense
2025-03-27T08:32:05Z,60.0,Sense
2025-03-27T08:32:10Z,59.0,Sense
2025-03-27T08:32:20Z,60.0,Sense
2025-03-27T08:32:35Z,60.0,Sense
2025-03-27T08:32:40Z,61.0,Sense
2025-03-27T08:32:45Z,62.0,Sense
2025-03-27T08:32:50Z,61.0,Sense
2025-03-27T08:33:00Z,62.0,Sense
2025-03-27T08:33:15Z,61.0,Sense
2025-03-27T08:33:20Z,60.0,Sense
2025-03-27T08:33:35Z,62.0,Sense
2025-03-27T08:33:45Z,61.0,Sense
2025-03-27T08:34:00Z,60.0,Sense
2025-03-27T08:34:05Z,61.0,Sense
2025-03-27T08:34:10Z,62.0,Sense
2025-03-27T08:34:15Z,63.0,Sense
2025-03-27T08:34:25Z,64.0,Sense
2025-03-27T08:34:30Z,63.0,Sense
2025-03-27T08:34:35Z,61.0,Sense
2025-03-27T08:34:40Z,60.0,Sense
2025-03-27T08:34:55Z,60.0,Sense
2025-03-27T08:35:05Z,61.0,Sense
2025-03-27T08:35:10Z,62.0,Sense
2025-03-27T08:35:15Z,62.0,Sense
2025-03-27T08:35:20Z,61.0,Sense
2025-03-27T08:35:31Z,61.0,Sense
2025-03-27T08:35:41Z,62.0,Sense
2025-03-27T08:35:46Z,61.0,Sense
2025-03-27T08:35:56Z,62.0,Sense
2025-03-27T08:36:01Z,61.0,Sense
2025-03-27T08:36:16Z,65.0,Sense
2025-03-27T08:36:21Z,85.0,Sense
2025-03-27T08:36:26Z,96.0,Sense
2025-03-27T08:36:31Z,97.0,Sense
2025-03-27T08:36:36Z,90.0,Sense
2025-03-27T08:36:41Z,86.0,Sense
2025-03-27T08:36:46Z,80.0,Sense
2025-03-27T08:36:51Z,70.0,Sense
2025-03-27T08:36:56Z,64.0,Sense
2025-03-27T08:37:01Z,61.0,Sense
2025-03-27T08:37:06Z,59.0,Sense
2025-03-27T08:37:11Z,57.0,Sense
2025-03-27T08:37:26Z,58.0,Sense
2025-03-27T08:37:31Z,59.0,Sense
2025-03-27T08:37:36Z,60.0,Sense
2025-03-27T08:37:41Z,61.0,Sense
2025-03-27T08:37:56Z,60.0,Sense
2025-03-27T08:38:01Z,61.0,Sense
2025-03-27T08:38:06Z,66.0,Sense
2025-03-27T08:38:11Z,70.0,Sense
2025-03-27T08:38:16Z,68.0,Sense
2025-03-27T08:38:21Z,65.0,Sense
2025-03-27T08:38:26Z,63.0,Sense
2025-03-27T08:38:31Z,61.0,Sense
2025-03-27T08:38:36Z,59.0,Sense
2025-03-27T08:38:51Z,58.0,Sense
2025-03-27T08:38:56Z,57.0,Sense
2025-03-27T08:39:06Z,58.0,Sense
2025-03-27T08:39:21Z,58.0,Sense
2025-03-27T08:39:26Z,60.0,Sense
2025-03-27T08:39:36Z,62.0,Sense
2025-03-27T08:39:41Z,79.0,Sense
2025-03-27T08:39:46Z,87.0,Sense
2025-03-27T08:39:56Z,81.0,Sense
2025-03-27T08:40:01Z,76.0,Sense
2025-03-27T08:40:06Z,68.0,Sense
2025-03-27T08:40:11Z,65.0,Sense
2025-03-27T08:40:16Z,61.0,Sense
2025-03-27T08:40:21Z,60.0,Sense
2025-03-27T08:40:31Z,59.0,Sense
2025-03-27T08:40:46Z,60.0,Sense
2025-03-27T08:40:51Z,62.0,Sense
2025-03-27T08:40:56Z,62.0,Sense
2025-03-27T08:41:06Z,61.0,Sense
2025-03-27T08:41:11Z,59.0,Sense
2025-03-27T08:41:26Z,59.0,Sense
2025-03-27T08:41:36Z,58.0,Sense
2025-03-27T08:41:51Z,57.0,Sense
2025-03-27T08:41:56Z,58.0,Sense
2025-03-27T08:42:11Z,60.0,Sense
2025-03-27T08:42:21Z,62.0,Sense
2025-03-27T08:42:26Z,62.0,Sense
2025-03-27T08:42:31Z,60.0,Sense
2025-03-27T08:42:36Z,59.0,Sense
2025-03-27T08:42:41Z,60.0,Sense
2025-03-27T08:42:51Z,59.0,Sense
2025-03-27T08:43:06Z,60.0,Sense
2025-03-27T08:43:11Z,61.0,Sense
2025-03-27T08:43:21Z,62.0,Sense
2025-03-27T08:43:26Z,60.0,Sense
2025-03-27T08:43:31Z,59.0,Sense
2025-03-27T08:43:41Z,58.0,Sense
2025-03-27T08:43:51Z,59.0,Sense
2025-03-27T08:43:56Z,60.0,Sense
2025-03-27T08:44:11Z,60.0,Sense
2025-03-27T08:44:21Z,59.0,Sense
2025-03-27T08:44:26Z,59.0,Sense
2025-03-27T08:44:31Z,60.0,Sense
2025-03-27T08:44:36Z,61.0,Sense
2025-03-27T08:44:41Z,59.0,Sense
2025-03-27T08:44:46Z,57.0,Sense
2025-03-27T08:44:56Z,58.0,Sense
2025-03-27T08:45:01Z,57.0,Sense
2025-03-27T08:45:11Z,58.0,Sense
2025-03-27T08:45:16Z,60.0,Sense
2025-03-27T08:45:21Z,62.0,Sense
2025-03-27T08:45:26Z,63.0,Sense
2025-03-27T08:45:31Z,61.0,Sense
2025-03-27T08:45:36Z,60.0,Sense
2025-03-27T08:45:46Z,61.0,Sense
2025-03-27T08:45:51Z,60.0,Sense
2025-03-27T08:46:01Z,61.0,Sense
2025-03-27T08:46:11Z,60.0,Sense
2025-03-27T08:46:16Z,59.0,Sense
2025-03-27T08:46:31Z,59.0,Sense
2025-03-27T08:46:36Z,58.0,Sense
2025-03-27T08:46:46Z,59.0,Sense
2025-03-27T08:46:51Z,60.0,Sense
2025-03-27T08:46:56Z,58.0,Sense
2025-03-27T08:47:11Z,67.0,Sense
2025-03-27T08:47:16Z,85.0,Sense
2025-03-27T08:47:21Z,86.0,Sense
2025-03-27T08:47:26Z,81.0,Sense
2025-03-27T08:47:31Z,77.0,Sense
2025-03-27T08:47:36Z,74.0,Sense
2025-03-27T08:47:41Z,70.0,Sense
2025-03-27T08:47:46Z,65.0,Sense
2025-03-27T08:47:51Z,61.0,Sense
2025-03-27T08:47:56Z,59.0,Sense
2025-03-27T08:48:01Z,60.0,Sense
2025-03-27T08:48:06Z,59.0,Sense
2025-03-27T08:48:16Z,58.0,Sense
2025-03-27T08:48:21Z,57.0,Sense
2025-03-27T08:48:36Z,57.0,Sense
2025-03-27T08:48:41Z,58.0,Sense
2025-03-27T08:48:51Z,59.0,Sense
2025-03-27T08:49:01Z,60.0,Sense
2025-03-27T08:49:06Z,70.0,Sense
2025-03-27T08:49:11Z,78.0,Sense
2025-03-27T08:49:16Z,74.0,Sense
2025-03-27T08:49:21Z,70.0,Sense
2025-03-27T08:49:26Z,65.0,Sense
2025-03-27T08:49:31Z,63.0,Sense
2025-03-27T08:49:36Z,60.0,Sense
2025-03-27T08:49:41Z,59.0,Sense
2025-03-27T08:49:51Z,58.0,Sense
2025-03-27T08:50:01Z,58.0,Sense
2025-03-27T08:50:06Z,60.0,Sense
2025-03-27T08:50:11Z,63.0,Sense
2025-03-27T08:50:16Z,65.0,Sense
2025-03-27T08:50:21Z,65.0,Sense
2025-03-27T08:50:31Z,72.0,Sense
2025-03-27T08:50:36Z,85.0,Sense
2025-03-27T08:50:41Z,89.0,Sense
2025-03-27T08:50:46Z,89.0,Sense
2025-03-27T08:50:51Z,88.0,Sense
2025-03-27T08:50:56Z,85.0,Sense
2025-03-27T08:51:01Z,86.0,Sense
2025-03-27T08:51:06Z,88.0,Sense
2025-03-27T08:51:11Z,89.0,Sense
2025-03-27T08:51:16Z,90.0,Sense
2025-03-27T08:51:21Z,90.0,Sense
2025-03-27T08:51:36Z,87.0,Sense
2025-03-27T08:51:41Z,87.0,Sense
2025-03-27T08:51:46Z,89.0,Sense
2025-03-27T08:51:51Z,92.0,Sense
2025-03-27T08:51:56Z,89.0,Sense
2025-03-27T08:52:01Z,84.0,Sense
2025-03-27T08:52:06Z,79.0,Sense
2025-03-27T08:52:11Z,78.0,Sense
2025-03-27T08:52:16Z,73.0,Sense
2025-03-27T08:52:26Z,74.0,Sense
2025-03-27T08:52:31Z,75.0,Sense
2025-03-27T08:52:36Z,77.0,Sense
2025-03-27T08:52:41Z,78.0,Sense
2025-03-27T08:52:51Z,79.0,Sense
2025-03-27T08:53:01Z,80.0,Sense
2025-03-27T08:53:11Z,81.0,Sense
2025-03-27T08:53:16Z,83.0,Sense
2025-03-27T08:53:21Z,82.0,Sense
2025-03-27T08:53:26Z,80.0,Sense
2025-03-27T08:53:41Z,80.0,Sense
2025-03-27T08:53:46Z,81.0,Sense
2025-03-27T08:53:51Z,85.0,Sense
2025-03-27T08:54:01Z,84.0,Sense
2025-03-27T08:54:06Z,80.0,Sense
2025-03-27T08:54:11Z,79.0,Sense
2025-03-27T08:54:16Z,78.0,Sense
2025-03-27T08:54:21Z,75.0,Sense
2025-03-27T08:54:26Z,74.0,Sense
2025-03-27T08:54:31Z,73.0,Sense
2025-03-27T08:54:36Z,72.0,Sense
2025-03-27T08:54:41Z,71.0,Sense
2025-03-27T08:54:46Z,72.0,Sense
2025-03-27T08:54:51Z,73.0,Sense
2025-03-27T08:54:56Z,77.0,Sense
2025-03-27T08:55:01Z,80.0,Sense
2025-03-27T08:55:06Z,79.0,Sense
2025-03-27T08:55:11Z,77.0,Sense
2025-03-27T08:55:16Z,75.0,Sense
2025-03-27T08:55:21Z,76.0,Sense
2025-03-27T08:55:26Z,75.0,Sense
2025-03-27T08:55:31Z,72.0,Sense
2025-03-27T08:55:36Z,69.0,Sense
2025-03-27T08:55:41Z,68.0,Sense
2025-03-27T08:55:46Z,69.0,Sense
2025-03-27T08:55:56Z,70.0,Sense
2025-03-27T08:56:01Z,72.0,Sense
2025-03-27T08:56:06Z,70.0,Sense
2025-03-27T08:56:11Z,71.0,Sense
2025-03-27T08:56:16Z,74.0,Sense
2025-03-27T08:56:26Z,75.0,Sense
2025-03-27T08:56:31Z,78.0,Sense
2025-03-27T08:56:36Z,79.0,Sense
2025-03-27T08:56:41Z,74.0,Sense
2025-03-27T08:56:46Z,70.0,Sense
2025-03-27T08:56:51Z,67.0,Sense
2025-03-27T08:56:56Z,65.0,Sense
2025-03-27T08:57:01Z,64.0,Sense
2025-03-27T08:57:11Z,63.0,Sense
2025-03-27T08:57:26Z,64.0,Sense
2025-03-27T08:57:31Z,65.0,Sense
2025-03-27T08:57:36Z,65.0,Sense
2025-03-27T08:57:51Z,64.0,Sense
2025-03-27T08:58:06Z,64.0,Sense
2025-03-27T08:58:16Z,65.0,Sense
2025-03-27T08:58:31Z,74.0,Sense
2025-03-27T08:58:36Z,81.0,Sense
2025-03-27T08:58:41Z,78.0,Sense
2025-03-27T08:58:46Z,78.0,Sense
2025-03-27T08:59:01Z,81.0,Sense
2025-03-27T08:59:06Z,85.0,Sense
2025-03-27T08:59:11Z,86.0,Sense
2025-03-27T08:59:16Z,82.0,Sense
2025-03-27T08:59:21Z,76.0,Sense
2025-03-27T08:59:26Z,77.0,Sense
2025-03-27T08:59:36Z,80.0,Sense
2025-03-27T08:59:41Z,79.0,Sense
2025-03-27T08:59:56Z,79.0,Sense
2025-03-27T09:00:06Z,77.0,Sense
2025-03-27T09:00:11Z,69.0,Sense
2025-03-27T09:00:16Z,68.0,Sense
2025-03-27T09:00:21Z,70.0,Sense
2025-03-27T09:00:26Z,73.0,Sense
2025-03-27T09:00:31Z,76.0,Sense
2025-03-27T09:00:36Z,77.0,Sense
2025-03-27T09:00:41Z,80.0,Sense
2025-03-27T09:00:46Z,81.0,Sense
2025-03-27T09:00:51Z,79.0,Sense
2025-03-27T09:00:56Z,78.0,Sense
2025-03-27T09:01:06Z,77.0,Sense
2025-03-27T09:01:16Z,78.0,Sense
2025-03-27T09:01:21Z,79.0,Sense
2025-03-27T09:01:26Z,79.0,Sense
2025-03-27T09:01:31Z,81.0,Sense
2025-03-27T09:01:46Z,77.0,Sense
2025-03-27T09:02:01Z,77.0,Sense
2025-03-27T09:02:06Z,78.0,Sense
2025-03-27T09:02:11Z,80.0,Sense
2025-03-27T09:02:16Z,81.0,Sense
2025-03-27T09:02:21Z,83.0,Sense
2025-03-27T09:02:26Z,82.0,Sense
2025-03-27T09:02:31Z,80.0,Sense
2025-03-27T09:02:46Z,82.0,Sense
2025-03-27T09:02:51Z,80.0,Sense
2025-03-27T09:02:56Z,81.0,Sense
2025-03-27T09:03:01Z,78.0,Sense
2025-03-27T09:03:06Z,75.0,Sense
2025-03-27T09:03:16Z,74.0,Sense
2025-03-27T09:03:21Z,74.0,Sense
2025-03-27T09:03:31Z,77.0,Sense
2025-03-27T09:03:36Z,77.0,Sense
2025-03-27T09:03:41Z,73.0,Sense
2025-03-27T09:03:51Z,76.0,Sense
2025-03-27T09:03:56Z,77.0,Sense
2025-03-27T09:04:01Z,76.0,Sense
2025-03-27T09:04:16Z,76.0,Sense
2025-03-27T09:04:21Z,76.0,Sense
2025-03-27T09:04:26Z,77.0,Sense
2025-03-27T09:04:31Z,78.0,Sense
2025-03-27T09:04:36Z,79.0,Sense
2025-03-27T09:04:41Z,79.0,Sense
2025-03-27T09:04:51Z,80.0,Sense
2025-03-27T09:04:56Z,81.0,Sense
2025-03-27T09:05:06Z,81.0,Sense
2025-03-27T09:05:11Z,80.0,Sense
2025-03-27T09:05:16Z,80.0,Sense
2025-03-27T09:05:31Z,80.0,Sense
2025-03-27T09:05:46Z,80.0,Sense
2025-03-27T09:05:51Z,80.0,Sense
2025-03-27T09:05:56Z,78.0,Sense
2025-03-27T09:06:01Z,75.0,Sense
2025-03-27T09:06:11Z,77.0,Sense
2025-03-27T09:06:16Z,79.0,Sense
2025-03-27T09:06:21Z,81.0,Sense
2025-03-27T09:06:36Z,81.0,Sense
2025-03-27T09:06:41Z,80.0,Sense
2025-03-27T09:06:46Z,78.0,Sense
2025-03-27T09:06:51Z,77.0,Sense
2025-03-27T09:06:56Z,78.0,Sense
2025-03-27T09:07:06Z,79.0,Sense
2025-03-27T09:07:21Z,82.0,Sense
2025-03-27T09:07:26Z,84.0,Sense
2025-03-27T09:07:36Z,82.0,Sense
2025-03-27T09:07:41Z,79.0,Sense
2025-03-27T09:07:46Z,76.0,Sense
2025-03-27T09:07:51Z,74.0,Sense
2025-03-27T09:08:06Z,74.0,Sense
2025-03-27T09:08:11Z,79.0,Sense
2025-03-27T09:08:16Z,81.0,Sense
2025-03-27T09:08:21Z,80.0,Sense
2025-03-27T09:08:26Z,79.0,Sense
2025-03-27T09:08:31Z,77.0,Sense
2025-03-27T09:08:36Z,76.0,Sense
2025-03-27T09:08:41Z,74.0,Sense
2025-03-27T09:08:56Z,74.0,Sense
2025-03-27T09:09:01Z,74.0,Sense
2025-03-27T09:09:06Z,75.0,Sense
2025-03-27T09:09:16Z,76.0,Sense
2025-03-27T09:09:21Z,82.0,Sense
2025-03-27T09:09:26Z,83.0,Sense
2025-03-27T09:09:41Z,78.0,Sense
2025-03-27T09:09:46Z,76.0,Sense
2025-03-27T09:09:51Z,74.0,Sense
2025-03-27T09:09:56Z,75.0,Sense
2025-03-27T09:10:01Z,74.0,Sense
2025-03-27T09:10:06Z,73.0,Sense
2025-03-27T09:10:16Z,72.0,Sense
2025-03-27T09:10:21Z,71.0,Sense
2025-03-27T09:10:26Z,70.0,Sense
2025-03-27T09:10:31Z,73.0,Sense
2025-03-27T09:10:36Z,75.0,Sense
2025-03-27T09:10:46Z,74.0,Sense
2025-03-27T09:10:51Z,75.0,Sense
2025-03-27T09:10:56Z,77.0,Sense
2025-03-27T09:11:01Z,77.0,Sense
2025-03-27T09:11:06Z,76.0,Sense
2025-03-27T09:11:11Z,73.0,Sense
2025-03-27T09:11:16Z,74.0,Sense
2025-03-27T09:11:31Z,73.0,Sense
2025-03-27T09:11:36Z,71.0,Sense
2025-03-27T09:11:51Z,71.0,Sense
2025-03-27T09:11:56Z,73.0,Sense
2025-03-27T09:12:06Z,74.0,Sense
2025-03-27T09:12:16Z,75.0,Sense
2025-03-27T09:12:31Z,75.0,Sense
2025-03-27T09:12:46Z,74.0,Sense
2025-03-27T09:13:01Z,74.0,Sense
2025-03-27T09:13:16Z,75.0,Sense
2025-03-27T09:13:21Z,77.0,Sense
2025-03-27T09:13:26Z,80.0,Sense
2025-03-27T09:13:31Z,81.0,Sense
2025-03-27T09:13:36Z,82.0,Sense
2025-03-27T09:13:46Z,89.0,Sense
2025-03-27T09:13:51Z,92.0,Sense
2025-03-27T09:14:06Z,94.0,Sense
2025-03-27T09:14:11Z,94.0,Sense
2025-03-27T09:14:26Z,94.0,Sense
2025-03-27T09:14:41Z,94.0,Sense
2025-03-27T09:14:56Z,97.0,Sense
2025-03-27T09:15:11Z,97.0,Sense
2025-03-27T09:15:16Z,96.0,Sense
2025-03-27T09:15:21Z,96.0,Sense
2025-03-27T09:15:36Z,86.0,Sense
2025-03-27T09:15:51Z,86.0,Sense
2025-03-27T09:16:06Z,86.0,Sense
2025-03-27T09:16:21Z,85.0,Sense
2025-03-27T09:16:36Z,85.0,Sense
2025-03-27T09:16:51Z,85.0,Sense
2025-03-27T09:17:01Z,84.0,Sense
2025-03-27T09:17:06Z,80.0,Sense
2025-03-27T09:17:11Z,78.0,Sense
2025-03-27T09:17:16Z,79.0,Sense
2025-03-27T09:17:21Z,83.0,Sense
2025-03-27T09:17:26Z,81.0,Sense
2025-03-27T09:17:31Z,81.0,Sense
2025-03-27T09:17:41Z,86.0,Sense
2025-03-27T09:17:46Z,82.0,Sense
2025-03-27T09:17:51Z,73.0,Sense
2025-03-27T09:17:56Z,72.0,Sense
2025-03-27T09:18:01Z,72.0,Sense
2025-03-27T09:18:06Z,74.0,Sense
2025-03-27T09:18:11Z,74.0,Sense
2025-03-27T09:18:16Z,76.0,Sense
2025-03-27T09:18:21Z,80.0,Sense
2025-03-27T09:18:26Z,82.0,Sense
2025-03-27T09:18:36Z,84.0,Sense
2025-03-27T09:18:41Z,87.0,Sense
2025-03-27T09:18:51Z,83.0,Sense
2025-03-27T09:18:56Z,79.0,Sense
2025-03-27T09:19:01Z,77.0,Sense
2025-03-27T09:19:16Z,78.0,Sense
2025-03-27T09:19:26Z,79.0,Sense
2025-03-27T09:19:31Z,83.0,Sense
2025-03-27T09:19:36Z,85.0,Sense
2025-03-27T09:19:41Z,84.0,Sense
2025-03-27T09:19:46Z,84.0,Sense
2025-03-27T09:19:51Z,85.0,Sense
2025-03-27T09:19:56Z,86.0,Sense
2025-03-27T09:20:01Z,88.0,Sense
2025-03-27T09:20:06Z,90.0,Sense
2025-03-27T09:20:16Z,87.0,Sense
2025-03-27T09:20:21Z,82.0,Sense
2025-03-27T09:20:26Z,80.0,Sense
2025-03-27T09:20:31Z,79.0,Sense
2025-03-27T09:20:46Z,79.0,Sense
2025-03-27T09:20:51Z,80.0,Sense
2025-03-27T09:20:56Z,83.0,Sense
2025-03-27T09:21:01Z,84.0,Sense
2025-03-27T09:21:06Z,81.0,Sense
2025-03-27T09:21:11Z,80.0,Sense
2025-03-27T09:21:16Z,81.0,Sense
2025-03-27T09:21:21Z,81.0,Sense
2025-03-27T09:21:26Z,82.0,Sense
2025-03-27T09:21:31Z,83.0,Sense
2025-03-27T09:21:36Z,82.0,Sense
2025-03-27T09:21:41Z,81.0,Sense
2025-03-27T09:21:51Z,83.0,Sense
2025-03-27T09:21:56Z,85.0,Sense
2025-03-27T09:22:01Z,84.0,Sense
2025-03-27T09:22:06Z,83.0,Sense
2025-03-27T09:22:11Z,80.0,Sense
2025-03-27T09:22:26Z,81.0,Sense
2025-03-27T09:22:31Z,82.0,Sense
2025-03-27T09:22:46Z,82.0,Sense
2025-03-27T09:22:51Z,82.0,Sense
2025-03-27T09:22:56Z,80.0,Sense
2025-03-27T09:23:01Z,80.0,Sense
2025-03-27T09:23:06Z,81.0,Sense
2025-03-27T09:23:11Z,80.0,Sense
2025-03-27T09:23:21Z,80.0,Sense
2025-03-27T09:23:26Z,79.0,Sense
2025-03-27T09:23:41Z,82.0,Sense
2025-03-27T09:23:46Z,85.0,Sense
2025-03-27T09:23:51Z,84.0,Sense
2025-03-27T09:23:56Z,82.0,Sense
2025-03-27T09:24:01Z,81.0,Sense
2025-03-27T09:24:06Z,79.0,Sense
2025-03-27T09:24:21Z,79.0,Sense
2025-03-27T09:24:36Z,79.0,Sense
2025-03-27T09:24:51Z,79.0,Sense
2025-03-27T09:24:56Z,79.0,Sense
2025-03-27T09:25:11Z,79.0,Sense
2025-03-27T09:25:26Z,79.0,Sense
2025-03-27T09:25:31Z,84.0,Sense
2025-03-27T09:25:36Z,86.0,Sense
2025-03-27T09:25:41Z,84.0,Sense
2025-03-27T09:25:46Z,85.0,Sense
2025-03-27T09:25:51Z,86.0,Sense
2025-03-27T09:26:01Z,87.0,Sense
2025-03-27T09:26:06Z,85.0,Sense
2025-03-27T09:26:11Z,86.0,Sense
2025-03-27T09:26:16Z,88.0,Sense
2025-03-27T09:26:21Z,87.0,Sense
2025-03-27T09:26:26Z,85.0,Sense
2025-03-27T09:26:31Z,86.0,Sense
2025-03-27T09:26:36Z,84.0,Sense
2025-03-27T09:26:41Z,83.0,Sense
2025-03-27T09:26:46Z,84.0,Sense
2025-03-27T09:26:51Z,85.0,Sense
2025-03-27T09:26:56Z,86.0,Sense
2025-03-27T09:27:01Z,88.0,Sense
2025-03-27T09:27:06Z,87.0,Sense
2025-03-27T09:27:11Z,89.0,Sense
2025-03-27T09:27:26Z,89.0,Sense
2025-03-27T09:27:31Z,85.0,Sense
2025-03-27T09:27:36Z,87.0,Sense
2025-03-27T09:27:41Z,85.0,Sense
2025-03-27T09:27:46Z,87.0,Sense
2025-03-27T09:27:51Z,88.0,Sense
2025-03-27T09:27:56Z,87.0,Sense
2025-03-27T09:28:11Z,88.0,Sense
2025-03-27T09:28:16Z,89.0,Sense
2025-03-27T09:28:21Z,90.0,Sense
2025-03-27T09:28:26Z,93.0,Sense
2025-03-27T09:28:31Z,92.0,Sense
2025-03-27T09:28:36Z,94.0,Sense
2025-03-27T09:28:41Z,95.0,Sense
2025-03-27T09:28:46Z,94.0,Sense
2025-03-27T09:28:51Z,93.0,Sense
2025-03-27T09:28:56Z,92.0,Sense
2025-03-27T09:29:01Z,91.0,Sense
2025-03-27T09:29:06Z,92.0,Sense
2025-03-27T09:29:11Z,90.0,Sense
2025-03-27T09:29:16Z,93.0,Sense
2025-03-27T09:29:26Z,91.0,Sense
2025-03-27T09:29:31Z,92.0,Sense
2025-03-27T09:29:41Z,90.0,Sense
2025-03-27T09:29:46Z,91.0,Sense
2025-03-27T09:29:56Z,93.0,Sense
2025-03-27T09:30:01Z,92.0,Sense
2025-03-27T09:30:16Z,93.0,Sense
2025-03-27T09:30:21Z,90.0,Sense
2025-03-27T09:30:26Z,91.0,Sense
2025-03-27T09:30:41Z,92.0,Sense
2025-03-27T09:30:46Z,93.0,Sense
2025-03-27T09:30:56Z,89.0,Sense
2025-03-27T09:31:01Z,90.0,Sense
2025-03-27T09:31:06Z,92.0,Sense
2025-03-27T09:31:11Z,93.0,Sense
2025-03-27T09:31:16Z,95.0,Sense
2025-03-27T09:31:21Z,96.0,Sense
2025-03-27T09:31:36Z,97.0,Sense
2025-03-27T09:31:41Z,94.0,Sense
2025-03-27T09:31:46Z,93.0,Sense
2025-03-27T09:31:51Z,87.0,Sense
2025-03-27T09:31:56Z,84.0,Sense
2025-03-27T09:32:01Z,87.0,Sense
2025-03-27T09:32:06Z,89.0,Sense
2025-03-27T09:32:11Z,91.0,Sense
2025-03-27T09:32:26Z,90.0,Sense
2025-03-27T09:32:31Z,91.0,Sense
2025-03-27T09:32:36Z,90.0,Sense
2025-03-27T09:32:41Z,91.0,Sense
2025-03-27T09:32:56Z,92.0,Sense
2025-03-27T09:33:01Z,91.0,Sense
2025-03-27T09:33:11Z,90.0,Sense
2025-03-27T09:33:21Z,91.0,Sense
2025-03-27T09:33:31Z,90.0,Sense
2025-03-27T09:33:36Z,89.0,Sense
2025-03-27T09:33:41Z,86.0,Sense
2025-03-27T09:33:51Z,88.0,Sense
2025-03-27T09:33:56Z,88.0,Sense
2025-03-27T09:34:01Z,85.0,Sense
2025-03-27T09:34:06Z,84.0,Sense
2025-03-27T09:34:11Z,85.0,Sense
2025-03-27T09:34:16Z,87.0,Sense
2025-03-27T09:34:21Z,89.0,Sense
2025-03-27T09:34:36Z,89.0,Sense
2025-03-27T09:34:46Z,90.0,Sense
2025-03-27T09:34:51Z,91.0,Sense
2025-03-27T09:35:01Z,92.0,Sense
2025-03-27T09:35:06Z,90.0,Sense
2025-03-27T09:35:11Z,89.0,Sense
2025-03-27T09:35:16Z,90.0,Sense
2025-03-27T09:35:26Z,91.0,Sense
2025-03-27T09:35:41Z,90.0,Sense
2025-03-27T09:35:46Z,90.0,Sense
2025-03-27T09:36:01Z,89.0,Sense
2025-03-27T09:36:11Z,90.0,Sense
2025-03-27T09:36:26Z,90.0,Sense
2025-03-27T09:36:36Z,89.0,Sense
2025-03-27T09:36:41Z,88.0,Sense
2025-03-27T09:36:46Z,89.0,Sense
2025-03-27T09:36:51Z,88.0,Sense
2025-03-27T09:37:06Z,87.0,Sense
2025-03-27T09:37:16Z,89.0,Sense
2025-03-27T09:37:21Z,91.0,Sense
2025-03-27T09:37:26Z,92.0,Sense
2025-03-27T09:37:31Z,91.0,Sense
2025-03-27T09:37:36Z,88.0,Sense
2025-03-27T09:37:41Z,88.0,Sense
2025-03-27T09:37:46Z,87.0,Sense
2025-03-27T09:37:56Z,87.0,Sense
2025-03-27T09:38:01Z,85.0,Sense
2025-03-27T09:38:11Z,83.0,Sense
2025-03-27T09:38:16Z,84.0,Sense
2025-03-27T09:38:21Z,82.0,Sense
2025-03-27T09:38:26Z,80.0,Sense
2025-03-27T09:38:31Z,78.0,Sense
2025-03-27T09:38:36Z,82.0,Sense
2025-03-27T09:38:41Z,84.0,Sense
2025-03-27T09:38:46Z,84.0,Sense
2025-03-27T09:38:51Z,83.0,Sense
2025-03-27T09:39:06Z,83.0,Sense
2025-03-27T09:39:16Z,83.0,Sense
2025-03-27T09:39:21Z,82.0,Sense
2025-03-27T09:39:26Z,82.0,Sense
2025-03-27T09:39:41Z,86.0,Sense
2025-03-27T09:39:46Z,89.0,Sense
2025-03-27T09:39:51Z,90.0,Sense
2025-03-27T09:39:56Z,89.0,Sense
2025-03-27T09:40:01Z,90.0,Sense
2025-03-27T09:40:06Z,88.0,Sense
2025-03-27T09:40:16Z,90.0,Sense
2025-03-27T09:40:21Z,87.0,Sense
2025-03-27T09:40:26Z,88.0,Sense
2025-03-27T09:40:36Z,92.0,Sense
2025-03-27T09:40:41Z,94.0,Sense
2025-03-27T09:40:46Z,96.0,Sense
2025-03-27T09:40:51Z,97.0,Sense
2025-03-27T09:40:56Z,98.0,Sense
2025-03-27T09:41:11Z,100.0,Sense
2025-03-27T09:41:16Z,101.0,Sense
2025-03-27T09:41:26Z,99.0,Sense
2025-03-27T09:41:31Z,98.0,Sense
2025-03-27T09:41:41Z,97.0,Sense
2025-03-27T09:41:46Z,98.0,Sense
2025-03-27T09:42:01Z,99.0,Sense
2025-03-27T09:42:06Z,98.0,Sense
2025-03-27T09:42:11Z,97.0,Sense
2025-03-27T09:42:21Z,95.0,Sense
2025-03-27T09:42:26Z,94.0,Sense
2025-03-27T09:42:31Z,95.0,Sense
2025-03-27T09:42:36Z,96.0,Sense
2025-03-27T09:42:41Z,97.0,Sense
2025-03-27T09:42:46Z,98.0,Sense
2025-03-27T09:42:56Z,99.0,Sense
2025-03-27T09:43:02Z,99.0,Sense
2025-03-27T09:43:07Z,100.0,Sense
2025-03-27T09:43:17Z,99.0,Sense
2025-03-27T09:43:22Z,98.0,Sense
2025-03-27T09:43:32Z,96.0,Sense
2025-03-27T09:43:37Z,100.0,Sense
2025-03-27T09:43:42Z,103.0,Sense
2025-03-27T09:43:47Z,105.0,Sense
2025-03-27T09:43:52Z,114.0,Sense
2025-03-27T09:44:02Z,116.0,Sense
2025-03-27T09:44:17Z,114.0,Sense
2025-03-27T09:44:22Z,106.0,Sense
2025-03-27T09:44:27Z,104.0,Sense
2025-03-27T09:44:32Z,102.0,Sense
2025-03-27T09:44:37Z,106.0,Sense
2025-03-27T09:44:42Z,104.0,Sense
2025-03-27T09:44:47Z,107.0,Sense
2025-03-27T09:44:52Z,104.0,Sense
2025-03-27T09:44:57Z,103.0,Sense
2025-03-27T09:45:07Z,107.0,Sense
2025-03-27T09:45:12Z,109.0,Sense
2025-03-27T09:45:17Z,109.0,Sense
2025-03-27T09:45:22Z,108.0,Sense
2025-03-27T09:45:27Z,106.0,Sense
2025-03-27T09:45:32Z,107.0,Sense
2025-03-27T09:45:37Z,110.0,Sense
2025-03-27T09:45:42Z,110.0,Sense
2025-03-27T09:45:47Z,111.0,Sense
2025-03-27T09:45:52Z,114.0,Sense
2025-03-27T09:45:57Z,113.0,Sense
2025-03-27T09:46:02Z,111.0,Sense
2025-03-27T09:46:17Z,108.0,Sense
2025-03-27T09:46:22Z,107.0,Sense
2025-03-27T09:46:27Z,108.0,Sense
2025-03-27T09:46:37Z,107.0,Sense
2025-03-27T09:46:42Z,105.0,Sense
2025-03-27T09:46:47Z,106.0,Sense
2025-03-27T09:47:02Z,107.0,Sense
2025-03-27T09:47:07Z,109.0,Sense
2025-03-27T09:47:12Z,111.0,Sense
2025-03-27T09:47:17Z,109.0,Sense
2025-03-27T09:47:22Z,108.0,Sense
2025-03-27T09:47:27Z,110.0,Sense
2025-03-27T09:47:32Z,111.0,Sense
2025-03-27T09:47:37Z,113.0,Sense
2025-03-27T09:47:42Z,114.0,Sense
2025-03-27T09:47:47Z,112.0,Sense
2025-03-27T09:47:52Z,114.0,Sense
2025-03-27T09:47:57Z,115.0,Sense
2025-03-27T09:48:02Z,114.0,Sense
2025-03-27T09:48:12Z,112.0,Sense
2025-03-27T09:48:22Z,111.0,Sense
2025-03-27T09:48:27Z,112.0,Sense
2025-03-27T09:48:32Z,113.0,Sense
2025-03-27T09:48:42Z,112.0,Sense
2025-03-27T09:48:52Z,113.0,Sense
2025-03-27T09:48:57Z,112.0,Sense
2025-03-27T09:49:12Z,113.0,Sense
2025-03-27T09:49:22Z,114.0,Sense
2025-03-27T09:49:27Z,113.0,Sense
2025-03-27T09:49:32Z,114.0,Sense
2025-03-27T09:49:37Z,117.0,Sense
2025-03-27T09:49:47Z,116.0,Sense
2025-03-27T09:49:52Z,115.0,Sense
2025-03-27T09:49:57Z,114.0,Sense
2025-03-27T09:50:02Z,115.0,Sense
2025-03-27T09:50:17Z,117.0,Sense
2025-03-27T09:50:27Z,119.0,Sense
2025-03-27T09:50:37Z,120.0,Sense
2025-03-27T09:50:42Z,119.0,Sense
2025-03-27T09:50:47Z,122.0,Sense
2025-03-27T09:50:52Z,125.0,Sense
2025-03-27T09:51:02Z,126.0,Sense
2025-03-27T09:51:12Z,127.0,Sense
2025-03-27T09:51:17Z,128.0,Sense
2025-03-27T09:51:22Z,131.0,Sense
2025-03-27T09:51:27Z,132.0,Sense
2025-03-27T09:51:37Z,132.0,Sense
2025-03-27T09:51:42Z,133.0,Sense
2025-03-27T09:51:47Z,134.0,Sense
2025-03-27T09:51:52Z,132.0,Sense
2025-03-27T09:51:57Z,131.0,Sense
2025-03-27T09:52:02Z,130.0,Sense
2025-03-27T09:52:07Z,130.0,Sense
2025-03-27T09:52:17Z,129.0,Sense
2025-03-27T09:52:22Z,127.0,Sense
2025-03-27T09:52:27Z,128.0,Sense
2025-03-27T09:52:32Z,127.0,Sense
2025-03-27T09:52:37Z,127.0,Sense
2025-03-27T09:52:42Z,127.0,Sense
2025-03-27T09:52:47Z,126.0,Sense
2025-03-27T09:52:52Z,126.0,Sense
2025-03-27T09:52:57Z,123.0,Sense
2025-03-27T09:53:02Z,121.0,Sense
2025-03-27T09:53:07Z,122.0,Sense
2025-03-27T09:53:12Z,121.0,Sense
2025-03-27T09:53:17Z,122.0,Sense
2025-03-27T09:53:22Z,122.0,Sense
2025-03-27T09:53:27Z,120.0,Sense
2025-03-27T09:53:32Z,118.0,Sense
2025-03-27T09:53:42Z,117.0,Sense
2025-03-27T09:53:47Z,114.0,Sense
2025-03-27T09:53:57Z,113.0,Sense
2025-03-27T09:54:02Z,112.0,Sense
2025-03-27T09:54:07Z,117.0,Sense
2025-03-27T09:54:12Z,114.0,Sense
2025-03-27T09:54:17Z,118.0,Sense
2025-03-27T09:54:22Z,118.0,Sense
2025-03-27T09:54:27Z,117.0,Sense
2025-03-27T09:54:32Z,116.0,Sense
2025-03-27T09:54:37Z,115.0,Sense
2025-03-27T09:54:47Z,113.0,Sense
2025-03-27T09:54:57Z,112.0,Sense
2025-03-27T09:55:02Z,113.0,Sense
2025-03-27T09:55:07Z,110.0,Sense
2025-03-27T09:55:12Z,108.0,Sense
2025-03-27T09:55:17Z,109.0,Sense
2025-03-27T09:55:22Z,108.0,Sense
2025-03-27T09:55:27Z,109.0,Sense
2025-03-27T09:55:32Z,107.0,Sense
2025-03-27T09:55:42Z,110.0,Sense
2025-03-27T09:55:52Z,111.0,Sense
2025-03-27T09:55:57Z,113.0,Sense
2025-03-27T09:56:02Z,114.0,Sense
2025-03-27T09:56:07Z,112.0,Sense
2025-03-27T09:56:12Z,115.0,Sense
2025-03-27T09:56:17Z,112.0,Sense
2025-03-27T09:56:22Z,114.0,Sense
2025-03-27T09:56:27Z,113.0,Sense
2025-03-27T09:56:42Z,111.0,Sense
2025-03-27T09:56:47Z,114.0,Sense
2025-03-27T09:56:52Z,112.0,Sense
2025-03-27T09:56:57Z,111.0,Sense
2025-03-27T09:57:02Z,110.0,Sense
2025-03-27T09:57:07Z,109.0,Sense
2025-03-27T09:57:12Z,105.0,Sense
2025-03-27T09:57:17Z,110.0,Sense
2025-03-27T09:57:22Z,107.0,Sense
2025-03-27T09:57:27Z,105.0,Sense
2025-03-27T09:57:32Z,103.0,Sense
2025-03-27T09:57:37Z,102.0,Sense
2025-03-27T09:57:42Z,106.0,Sense
2025-03-27T09:57:47Z,105.0,Sense
2025-03-27T09:57:52Z,107.0,Sense
2025-03-27T09:57:57Z,108.0,Sense
2025-03-27T09:58:07Z,107.0,Sense
2025-03-27T09:58:12Z,106.0,Sense
2025-03-27T09:58:17Z,107.0,Sense
2025-03-27T09:58:22Z,106.0,Sense
2025-03-27T09:58:27Z,104.0,Sense
2025-03-27T09:58:37Z,102.0,Sense
2025-03-27T09:58:52Z,101.0,Sense
2025-03-27T09:58:57Z,97.0,Sense
2025-03-27T09:59:02Z,95.0,Sense
2025-03-27T09:59:07Z,93.0,Sense
2025-03-27T09:59:17Z,90.0,Sense
2025-03-27T09:59:22Z,89.0,Sense
2025-03-27T09:59:27Z,90.0,Sense
2025-03-27T09:59:32Z,89.0,Sense
2025-03-27T09:59:37Z,90.0,Sense
2025-03-27T09:59:42Z,91.0,Sense
2025-03-27T09:59:47Z,90.0,Sense
2025-03-27T09:59:52Z,92.0,Sense
2025-03-27T09:59:57Z,91.0,Sense
2025-03-27T10:00:02Z,92.0,Sense
2025-03-27T10:00:12Z,94.0,Sense
2025-03-27T10:00:17Z,97.0,Sense
2025-03-27T10:00:22Z,98.0,Sense
2025-03-27T10:00:27Z,100.0,Sense
2025-03-27T10:00:37Z,99.0,Sense
2025-03-27T10:00:42Z,100.0,Sense
2025-03-27T10:00:47Z,99.0,Sense
2025-03-27T10:00:52Z,97.0,Sense
2025-03-27T10:00:57Z,96.0,Sense
2025-03-27T10:01:02Z,94.0,Sense
2025-03-27T10:01:07Z,93.0,Sense
2025-03-27T10:01:12Z,96.0,Sense
2025-03-27T10:01:17Z,95.0,Sense
2025-03-27T10:01:27Z,96.0,Sense
2025-03-27T10:01:32Z,98.0,Sense
2025-03-27T10:01:47Z,98.0,Sense
2025-03-27T10:01:52Z,101.0,Sense
2025-03-27T10:02:02Z,100.0,Sense
2025-03-27T10:02:17Z,100.0,Sense
2025-03-27T10:02:22Z,101.0,Sense
2025-03-27T10:02:32Z,103.0,Sense
2025-03-27T10:02:37Z,102.0,Sense
2025-03-27T10:02:42Z,101.0,Sense
2025-03-27T10:02:47Z,101.0,Sense
2025-03-27T10:02:52Z,100.0,Sense
2025-03-27T10:02:57Z,97.0,Sense
2025-03-27T10:03:02Z,98.0,Sense
2025-03-27T10:03:07Z,99.0,Sense
2025-03-27T10:03:12Z,98.0,Sense
2025-03-27T10:03:22Z,100.0,Sense
2025-03-27T10:03:37Z,101.0,Sense
2025-03-27T10:03:42Z,100.0,Sense
2025-03-27T10:03:47Z,99.0,Sense
2025-03-27T10:03:52Z,98.0,Sense
2025-03-27T10:03:57Z,101.0,Sense
2025-03-27T10:04:07Z,99.0,Sense
2025-03-27T10:04:17Z,98.0,Sense
2025-03-27T10:04:32Z,98.0,Sense
2025-03-27T10:04:37Z,90.0,Sense
2025-03-27T10:04:42Z,95.0,Sense
2025-03-27T10:04:47Z,98.0,Sense
2025-03-27T10:04:52Z,97.0,Sense
2025-03-27T10:05:07Z,98.0,Sense
2025-03-27T10:05:12Z,97.0,Sense
2025-03-27T10:05:17Z,92.0,Sense
2025-03-27T10:05:22Z,91.0,Sense
2025-03-27T10:05:27Z,94.0,Sense
2025-03-27T10:05:32Z,96.0,Sense
2025-03-27T10:05:37Z,95.0,Sense
2025-03-27T10:05:42Z,93.0,Sense
2025-03-27T10:05:47Z,96.0,Sense
2025-03-27T10:05:52Z,100.0,Sense
2025-03-27T10:05:57Z,102.0,Sense
2025-03-27T10:06:02Z,102.0,Sense
2025-03-27T10:06:07Z,101.0,Sense
2025-03-27T10:06:17Z,101.0,Sense
2025-03-27T10:06:22Z,100.0,Sense
2025-03-27T10:06:27Z,100.0,Sense
2025-03-27T10:06:32Z,98.0,Sense
2025-03-27T10:06:37Z,99.0,Sense
2025-03-27T10:06:42Z,100.0,Sense
2025-03-27T10:06:57Z,99.0,Sense
2025-03-27T10:07:07Z,100.0,Sense
2025-03-27T10:07:12Z,102.0,Sense
2025-03-27T10:07:17Z,101.0,Sense
2025-03-27T10:07:22Z,99.0,Sense
2025-03-27T10:07:27Z,100.0,Sense
2025-03-27T10:07:32Z,102.0,Sense
2025-03-27T10:07:37Z,104.0,Sense
2025-03-27T10:07:47Z,105.0,Sense
2025-03-27T10:07:57Z,106.0,Sense
2025-03-27T10:08:02Z,105.0,Sense
2025-03-27T10:08:07Z,106.0,Sense
2025-03-27T10:08:12Z,103.0,Sense
2025-03-27T10:08:17Z,104.0,Sense
2025-03-27T10:08:22Z,103.0,Sense
2025-03-27T10:08:32Z,102.0,Sense
2025-03-27T10:08:37Z,106.0,Sense
2025-03-27T10:08:42Z,104.0,Sense
2025-03-27T10:08:47Z,106.0,Sense
2025-03-27T10:08:52Z,107.0,Sense
2025-03-27T10:08:57Z,106.0,Sense
2025-03-27T10:09:02Z,102.0,Sense
2025-03-27T10:09:07Z,101.0,Sense
2025-03-27T10:09:12Z,97.0,Sense
2025-03-27T10:09:17Z,99.0,Sense
2025-03-27T10:09:27Z,101.0,Sense
2025-03-27T10:09:32Z,102.0,Sense
2025-03-27T10:09:37Z,105.0,Sense
2025-03-27T10:09:42Z,106.0,Sense
2025-03-27T10:09:47Z,106.0,Sense
2025-03-27T10:09:52Z,106.0,Sense
2025-03-27T10:09:57Z,107.0,Sense
2025-03-27T10:10:02Z,108.0,Sense
2025-03-27T10:10:12Z,106.0,Sense
2025-03-27T10:10:17Z,107.0,Sense
2025-03-27T10:10:22Z,105.0,Sense
2025-03-27T10:10:32Z,108.0,Sense
2025-03-27T10:10:37Z,107.0,Sense
2025-03-27T10:10:47Z,105.0,Sense
2025-03-27T10:10:52Z,103.0,Sense
2025-03-27T10:10:57Z,104.0,Sense
2025-03-27T10:11:07Z,102.0,Sense
2025-03-27T10:11:12Z,100.0,Sense
2025-03-27T10:11:17Z,99.0,Sense
2025-03-27T10:11:22Z,95.0,Sense
2025-03-27T10:11:27Z,96.0,Sense
2025-03-27T10:11:32Z,98.0,Sense
2025-03-27T10:11:37Z,100.0,Sense
2025-03-27T10:11:42Z,99.0,Sense
2025-03-27T10:11:47Z,103.0,Sense
2025-03-27T10:11:52Z,102.0,Sense
2025-03-27T10:11:57Z,103.0,Sense
2025-03-27T10:12:02Z,102.0,Sense
2025-03-27T10:12:07Z,98.0,Sense
2025-03-27T10:12:17Z,99.0,Sense
2025-03-27T10:12:22Z,98.0,Sense
2025-03-27T10:12:37Z,99.0,Sense
2025-03-27T10:12:42Z,100.0,Sense
2025-03-27T10:12:47Z,98.0,Sense
2025-03-27T10:12:52Z,96.0,Sense
2025-03-27T10:12:57Z,95.0,Sense
2025-03-27T10:13:07Z,93.0,Sense
2025-03-27T10:13:12Z,95.0,Sense
2025-03-27T10:13:17Z,97.0,Sense
2025-03-27T10:13:22Z,95.0,Sense
2025-03-27T10:13:27Z,92.0,Sense
2025-03-27T10:13:32Z,91.0,Sense
2025-03-27T10:13:37Z,92.0,Sense
2025-03-27T10:13:42Z,90.0,Sense
2025-03-27T10:13:47Z,88.0,Sense
2025-03-27T10:13:52Z,87.0,Sense
2025-03-27T10:13:57Z,88.0,Sense
2025-03-27T10:14:02Z,90.0,Sense
2025-03-27T10:14:12Z,87.0,Sense
2025-03-27T10:14:27Z,87.0,Sense
2025-03-27T10:14:37Z,88.0,Sense
2025-03-27T10:14:42Z,91.0,Sense
2025-03-27T10:14:47Z,90.0,Sense
2025-03-27T10:14:52Z,87.0,Sense
2025-03-27T10:14:57Z,85.0,Sense
2025-03-27T10:15:02Z,86.0,Sense
2025-03-27T10:15:07Z,87.0,Sense
2025-03-27T10:15:12Z,88.0,Sense
2025-03-27T10:15:17Z,85.0,Sense
2025-03-27T10:15:22Z,82.0,Sense
2025-03-27T10:15:27Z,84.0,Sense
2025-03-27T10:15:42Z,86.0,Sense
2025-03-27T10:15:47Z,88.0,Sense
2025-03-27T10:15:52Z,89.0,Sense
2025-03-27T10:15:57Z,90.0,Sense
2025-03-27T10:16:02Z,89.0,Sense
2025-03-27T10:16:07Z,89.0,Sense
2025-03-27T10:16:17Z,88.0,Sense
2025-03-27T10:16:32Z,89.0,Sense
2025-03-27T10:16:47Z,91.0,Sense
2025-03-27T10:16:52Z,88.0,Sense
2025-03-27T10:16:57Z,87.0,Sense
2025-03-27T10:17:02Z,87.0,Sense
2025-03-27T10:17:07Z,86.0,Sense
2025-03-27T10:17:12Z,87.0,Sense
2025-03-27T10:17:17Z,88.0,Sense
2025-03-27T10:17:22Z,89.0,Sense
2025-03-27T10:17:27Z,85.0,Sense
2025-03-27T10:17:42Z,86.0,Sense
2025-03-27T10:17:47Z,87.0,Sense
2025-03-27T10:17:52Z,89.0,Sense
2025-03-27T10:17:57Z,90.0,Sense
2025-03-27T10:18:12Z,91.0,Sense
2025-03-27T10:18:17Z,92.0,Sense
2025-03-27T10:18:22Z,91.0,Sense
2025-03-27T10:18:27Z,90.0,Sense
2025-03-27T10:18:37Z,88.0,Sense
2025-03-27T10:18:42Z,88.0,Sense
2025-03-27T10:18:47Z,88.0,Sense
2025-03-27T10:18:52Z,87.0,Sense
2025-03-27T10:18:57Z,88.0,Sense
2025-03-27T10:19:02Z,90.0,Sense
2025-03-27T10:19:07Z,92.0,Sense
2025-03-27T10:19:12Z,94.0,Sense
2025-03-27T10:19:17Z,93.0,Sense
2025-03-27T10:19:22Z,92.0,Sense
2025-03-27T10:19:27Z,91.0,Sense
2025-03-27T10:19:32Z,89.0,Sense
2025-03-27T10:19:42Z,90.0,Sense
2025-03-27T10:19:47Z,92.0,Sense
2025-03-27T10:19:57Z,89.0,Sense
2025-03-27T10:20:02Z,87.0,Sense
2025-03-27T10:20:17Z,86.0,Sense
2025-03-27T10:20:27Z,88.0,Sense
2025-03-27T10:20:32Z,89.0,Sense
2025-03-27T10:20:37Z,90.0,Sense
2025-03-27T10:20:52Z,91.0,Sense
2025-03-27T10:20:57Z,93.0,Sense
2025-03-27T10:21:02Z,92.0,Sense
2025-03-27T10:21:07Z,89.0,Sense
2025-03-27T10:21:12Z,85.0,Sense
2025-03-27T10:21:17Z,84.0,Sense
2025-03-27T10:21:22Z,83.0,Sense
2025-03-27T10:21:27Z,84.0,Sense
2025-03-27T10:21:42Z,85.0,Sense
2025-03-27T10:21:47Z,86.0,Sense
2025-03-27T10:21:57Z,87.0,Sense
2025-03-27T10:22:02Z,88.0,Sense
2025-03-27T10:22:17Z,88.0,Sense
2025-03-27T10:22:27Z,87.0,Sense
2025-03-27T10:22:32Z,86.0,Sense
2025-03-27T10:22:42Z,87.0,Sense
2025-03-27T10:22:47Z,89.0,Sense
2025-03-27T10:23:02Z,89.0,Sense
2025-03-27T10:23:12Z,91.0,Sense
2025-03-27T10:23:22Z,92.0,Sense
2025-03-27T10:23:27Z,92.0,Sense
2025-03-27T10:23:32Z,93.0,Sense
2025-03-27T10:23:47Z,94.0,Sense
2025-03-27T10:23:52Z,94.0,Sense
2025-03-27T10:23:57Z,95.0,Sense
2025-03-27T10:24:02Z,97.0,Sense
2025-03-27T10:24:07Z,99.0,Sense
2025-03-27T10:24:12Z,100.0,Sense
2025-03-27T10:24:17Z,98.0,Sense
2025-03-27T10:24:22Z,99.0,Sense
2025-03-27T10:24:27Z,101.0,Sense
2025-03-27T10:24:32Z,99.0,Sense
2025-03-27T10:24:37Z,100.0,Sense
2025-03-27T10:24:42Z,95.0,Sense
2025-03-27T10:24:47Z,87.0,Sense
2025-03-27T10:24:52Z,86.0,Sense
2025-03-27T10:24:57Z,86.0,Sense
2025-03-27T10:25:02Z,84.0,Sense
2025-03-27T10:25:07Z,80.0,Sense
2025-03-27T10:25:12Z,79.0,Sense
2025-03-27T10:25:17Z,80.0,Sense
2025-03-27T10:25:22Z,80.0,Sense
2025-03-27T10:25:27Z,81.0,Sense
2025-03-27T10:25:32Z,78.0,Sense
2025-03-27T10:25:37Z,75.0,Sense
2025-03-27T10:25:42Z,76.0,Sense
2025-03-27T10:25:52Z,78.0,Sense
2025-03-27T10:25:57Z,82.0,Sense
2025-03-27T10:26:02Z,87.0,Sense
2025-03-27T10:26:07Z,89.0,Sense
2025-03-27T10:26:12Z,92.0,Sense
2025-03-27T10:26:17Z,93.0,Sense
2025-03-27T10:26:22Z,94.0,Sense
2025-03-27T10:26:27Z,93.0,Sense
2025-03-27T10:26:32Z,92.0,Sense
2025-03-27T10:26:37Z,91.0,Sense
2025-03-27T10:26:42Z,93.0,Sense
2025-03-27T10:26:47Z,96.0,Sense
2025-03-27T10:26:52Z,96.0,Sense
2025-03-27T10:26:57Z,91.0,Sense
2025-03-27T10:27:02Z,89.0,Sense
2025-03-27T10:27:07Z,81.0,Sense
2025-03-27T10:27:12Z,77.0,Sense
2025-03-27T10:27:17Z,76.0,Sense
2025-03-27T10:27:22Z,75.0,Sense
2025-03-27T10:27:27Z,75.0,Sense
2025-03-27T10:27:32Z,74.0,Sense
2025-03-27T10:27:37Z,73.0,Sense
2025-03-27T10:27:52Z,76.0,Sense
2025-03-27T10:27:57Z,77.0,Sense
2025-03-27T10:28:12Z,77.0,Sense
2025-03-27T10:28:17Z,78.0,Sense
2025-03-27T10:28:22Z,80.0,Sense
2025-03-27T10:28:37Z,80.0,Sense
2025-03-27T10:28:42Z,79.0,Sense
2025-03-27T10:28:47Z,80.0,Sense
2025-03-27T10:28:52Z,80.0,Sense
2025-03-27T10:28:57Z,81.0,Sense
2025-03-27T10:29:02Z,81.0,Sense
2025-03-27T10:29:07Z,82.0,Sense
2025-03-27T10:29:12Z,82.0,Sense
2025-03-27T10:29:22Z,84.0,Sense
2025-03-27T10:29:27Z,85.0,Sense
2025-03-27T10:29:42Z,83.0,Sense
2025-03-27T10:29:47Z,84.0,Sense
2025-03-27T10:29:52Z,88.0,Sense
2025-03-27T10:29:57Z,89.0,Sense
2025-03-27T10:30:02Z,86.0,Sense
2025-03-27T10:30:07Z,83.0,Sense
2025-03-27T10:30:17Z,82.0,Sense
2025-03-27T10:30:22Z,80.0,Sense
2025-03-27T10:30:27Z,82.0,Sense
2025-03-27T10:30:32Z,83.0,Sense
2025-03-27T10:30:37Z,82.0,Sense
2025-03-27T10:30:42Z,81.0,Sense
2025-03-27T10:30:57Z,82.0,Sense
2025-03-27T10:31:02Z,84.0,Sense
2025-03-27T10:31:07Z,83.0,Sense
2025-03-27T10:31:12Z,82.0,Sense
2025-03-27T10:31:17Z,82.0,Sense
2025-03-27T10:31:27Z,83.0,Sense
2025-03-27T10:31:32Z,85.0,Sense
2025-03-27T10:31:37Z,84.0,Sense
2025-03-27T10:31:42Z,82.0,Sense
2025-03-27T10:31:47Z,81.0,Sense
2025-03-27T10:31:57Z,83.0,Sense
2025-03-27T10:32:02Z,85.0,Sense
2025-03-27T10:32:07Z,85.0,Sense
2025-03-27T10:32:12Z,84.0,Sense
2025-03-27T10:32:17Z,83.0,Sense
2025-03-27T10:32:22Z,82.0,Sense
2025-03-27T10:32:27Z,81.0,Sense
2025-03-27T10:32:37Z,82.0,Sense
2025-03-27T10:32:42Z,84.0,Sense
2025-03-27T10:32:47Z,83.0,Sense
2025-03-27T10:32:52Z,82.0,Sense
2025-03-27T10:32:57Z,81.0,Sense
2025-03-27T10:33:02Z,82.0,Sense
2025-03-27T10:33:07Z,82.0,Sense
2025-03-27T10:33:12Z,81.0,Sense
2025-03-27T10:33:17Z,82.0,Sense
2025-03-27T10:33:22Z,83.0,Sense
2025-03-27T10:33:27Z,84.0,Sense
2025-03-27T10:33:32Z,85.0,Sense
2025-03-27T10:33:37Z,87.0,Sense
2025-03-27T10:33:42Z,88.0,Sense
2025-03-27T10:33:47Z,88.0,Sense
2025-03-27T10:33:52Z,89.0,Sense
2025-03-27T10:33:57Z,90.0,Sense
2025-03-27T10:34:02Z,88.0,Sense
2025-03-27T10:34:07Z,84.0,Sense
2025-03-27T10:34:17Z,85.0,Sense
2025-03-27T10:34:22Z,86.0,Sense
2025-03-27T10:34:27Z,85.0,Sense
2025-03-27T10:34:32Z,84.0,Sense
2025-03-27T10:34:37Z,86.0,Sense
2025-03-27T10:34:42Z,87.0,Sense
2025-03-27T10:34:47Z,86.0,Sense
2025-03-27T10:35:02Z,86.0,Sense
2025-03-27T10:35:17Z,86.0,Sense
2025-03-27T10:35:22Z,86.0,Sense
2025-03-27T10:35:27Z,85.0,Sense
2025-03-27T10:35:32Z,83.0,Sense
2025-03-27T10:35:37Z,82.0,Sense
2025-03-27T10:35:52Z,83.0,Sense
2025-03-27T10:35:57Z,86.0,Sense
2025-03-27T10:36:02Z,87.0,Sense
2025-03-27T10:36:07Z,84.0,Sense
2025-03-27T10:36:12Z,82.0,Sense
2025-03-27T10:36:17Z,83.0,Sense
2025-03-27T10:36:27Z,82.0,Sense
2025-03-27T10:36:42Z,82.0,Sense
2025-03-27T10:36:57Z,81.0,Sense
2025-03-27T10:37:12Z,81.0,Sense
2025-03-27T10:37:17Z,82.0,Sense
2025-03-27T10:37:22Z,85.0,Sense
2025-03-27T10:37:27Z,88.0,Sense
2025-03-27T10:37:32Z,90.0,Sense
2025-03-27T10:37:37Z,89.0,Sense
2025-03-27T10:37:42Z,89.0,Sense
2025-03-27T10:37:47Z,89.0,Sense
2025-03-27T10:37:52Z,89.0,Sense
2025-03-27T10:38:02Z,88.0,Sense
2025-03-27T10:38:07Z,87.0,Sense
2025-03-27T10:38:12Z,86.0,Sense
2025-03-27T10:38:22Z,84.0,Sense
2025-03-27T10:38:27Z,82.0,Sense
2025-03-27T10:38:32Z,87.0,Sense
2025-03-27T10:38:37Z,88.0,Sense
2025-03-27T10:38:47Z,89.0,Sense
2025-03-27T10:38:57Z,90.0,Sense
2025-03-27T10:39:02Z,87.0,Sense
2025-03-27T10:39:12Z,89.0,Sense
2025-03-27T10:39:17Z,92.0,Sense
2025-03-27T10:39:22Z,96.0,Sense
2025-03-27T10:39:27Z,100.0,Sense
2025-03-27T10:39:32Z,97.0,Sense
2025-03-27T10:39:37Z,94.0,Sense
2025-03-27T10:39:42Z,90.0,Sense
2025-03-27T10:39:47Z,88.0,Sense
2025-03-27T10:39:57Z,89.0,Sense
2025-03-27T10:40:12Z,88.0,Sense
2025-03-27T10:40:17Z,88.0,Sense
2025-03-27T10:40:22Z,89.0,Sense
2025-03-27T10:40:27Z,90.0,Sense
2025-03-27T10:40:32Z,91.0,Sense
2025-03-27T10:40:37Z,90.0,Sense
2025-03-27T10:40:47Z,92.0,Sense
2025-03-27T10:41:02Z,94.0,Sense
2025-03-27T10:41:07Z,93.0,Sense
2025-03-27T10:41:12Z,90.0,Sense
2025-03-27T10:41:17Z,89.0,Sense
2025-03-27T10:41:22Z,89.0,Sense
2025-03-27T10:41:27Z,90.0,Sense
2025-03-27T10:41:32Z,92.0,Sense
2025-03-27T10:41:37Z,92.0,Sense
2025-03-27T10:41:52Z,92.0,Sense
2025-03-27T10:41:57Z,91.0,Sense
2025-03-27T10:42:02Z,90.0,Sense
2025-03-27T10:42:12Z,91.0,Sense
2025-03-27T10:42:22Z,91.0,Sense
2025-03-27T10:42:27Z,89.0,Sense
2025-03-27T10:42:37Z,85.0,Sense
2025-03-27T10:42:42Z,82.0,Sense
2025-03-27T10:42:47Z,80.0,Sense
2025-03-27T10:42:52Z,77.0,Sense
2025-03-27T10:42:57Z,79.0,Sense
2025-03-27T10:43:07Z,81.0,Sense
2025-03-27T10:43:12Z,83.0,Sense
2025-03-27T10:43:17Z,83.0,Sense
2025-03-27T10:43:22Z,82.0,Sense
2025-03-27T10:43:27Z,81.0,Sense
2025-03-27T10:43:32Z,80.0,Sense
2025-03-27T10:43:37Z,81.0,Sense
2025-03-27T10:43:42Z,82.0,Sense
2025-03-27T10:43:47Z,84.0,Sense
2025-03-27T10:43:57Z,85.0,Sense
2025-03-27T10:44:02Z,83.0,Sense
2025-03-27T10:44:12Z,83.0,Sense
2025-03-27T10:44:17Z,83.0,Sense
2025-03-27T10:44:22Z,92.0,Sense
2025-03-27T10:44:27Z,95.0,Sense
2025-03-27T10:44:32Z,94.0,Sense
2025-03-27T10:44:37Z,89.0,Sense
2025-03-27T10:44:42Z,85.0,Sense
2025-03-27T10:44:47Z,80.0,Sense
2025-03-27T10:44:52Z,79.0,Sense
2025-03-27T10:44:57Z,80.0,Sense
2025-03-27T10:45:02Z,78.0,Sense
2025-03-27T10:45:07Z,78.0,Sense
2025-03-27T10:45:12Z,77.0,Sense
2025-03-27T10:45:22Z,74.0,Sense
2025-03-27T10:45:32Z,75.0,Sense
2025-03-27T10:45:42Z,77.0,Sense
2025-03-27T10:45:47Z,80.0,Sense
2025-03-27T10:45:52Z,81.0,Sense
2025-03-27T10:45:57Z,82.0,Sense
2025-03-27T10:46:02Z,81.0,Sense
2025-03-27T10:46:17Z,81.0,Sense
2025-03-27T10:46:27Z,81.0,Sense
2025-03-27T10:46:37Z,84.0,Sense
2025-03-27T10:46:42Z,86.0,Sense
2025-03-27T10:46:47Z,83.0,Sense
2025-03-27T10:46:52Z,80.0,Sense
2025-03-27T10:46:57Z,81.0,Sense
2025-03-27T10:47:02Z,79.0,Sense
2025-03-27T10:47:07Z,75.0,Sense
2025-03-27T10:47:12Z,71.0,Sense
2025-03-27T10:47:17Z,69.0,Sense
2025-03-27T10:47:22Z,71.0,Sense
2025-03-27T10:47:27Z,72.0,Sense
2025-03-27T10:47:32Z,70.0,Sense
2025-03-27T10:47:37Z,69.0,Sense
2025-03-27T10:47:42Z,68.0,Sense
2025-03-27T10:47:57Z,70.0,Sense
2025-03-27T10:48:02Z,71.0,Sense
2025-03-27T10:48:07Z,81.0,Sense
2025-03-27T10:48:12Z,83.0,Sense
2025-03-27T10:48:17Z,81.0,Sense
2025-03-27T10:48:22Z,79.0,Sense
2025-03-27T10:48:32Z,79.0,Sense
2025-03-27T10:48:37Z,86.0,Sense
2025-03-27T10:48:42Z,85.0,Sense
2025-03-27T10:48:47Z,83.0,Sense
2025-03-27T10:48:52Z,81.0,Sense
2025-03-27T10:48:57Z,80.0,Sense
2025-03-27T10:49:02Z,79.0,Sense
2025-03-27T10:49:12Z,79.0,Sense
2025-03-27T10:49:17Z,80.0,Sense
2025-03-27T10:49:22Z,81.0,Sense
2025-03-27T10:49:32Z,80.0,Sense
2025-03-27T10:49:37Z,78.0,Sense
2025-03-27T10:49:42Z,77.0,Sense
2025-03-27T10:49:47Z,78.0,Sense
2025-03-27T10:49:57Z,77.0,Sense
2025-03-27T10:50:02Z,77.0,Sense
2025-03-27T10:50:07Z,76.0,Sense
2025-03-27T10:50:17Z,75.0,Sense
2025-03-27T10:50:22Z,74.0,Sense
2025-03-27T10:50:27Z,75.0,Sense
2025-03-27T10:50:32Z,76.0,Sense
2025-03-27T10:50:37Z,77.0,Sense
2025-03-27T10:50:42Z,78.0,Sense
2025-03-27T10:50:47Z,79.0,Sense
2025-03-27T10:50:52Z,83.0,Sense
2025-03-27T10:50:57Z,84.0,Sense
2025-03-27T10:51:02Z,82.0,Sense
2025-03-27T10:51:12Z,83.0,Sense
2025-03-27T10:51:17Z,81.0,Sense
2025-03-27T10:51:22Z,78.0,Sense
2025-03-27T10:51:27Z,74.0,Sense
2025-03-27T10:51:42Z,74.0,Sense
2025-03-27T10:51:47Z,75.0,Sense
2025-03-27T10:52:02Z,76.0,Sense
2025-03-27T10:52:17Z,76.0,Sense
2025-03-27T10:52:27Z,77.0,Sense
2025-03-27T10:52:37Z,78.0,Sense
2025-03-27T10:52:42Z,81.0,Sense
2025-03-27T10:52:47Z,88.0,Sense
2025-03-27T10:52:52Z,86.0,Sense
2025-03-27T10:52:57Z,88.0,Sense
2025-03-27T10:53:02Z,89.0,Sense
2025-03-27T10:53:12Z,90.0,Sense
2025-03-27T10:53:17Z,91.0,Sense
2025-03-27T10:53:22Z,88.0,Sense
2025-03-27T10:53:27Z,85.0,Sense
2025-03-27T10:53:32Z,80.0,Sense
2025-03-27T10:53:42Z,81.0,Sense
2025-03-27T10:53:47Z,82.0,Sense
2025-03-27T10:54:02Z,82.0,Sense
2025-03-27T10:54:17Z,81.0,Sense
2025-03-27T10:54:22Z,80.0,Sense
2025-03-27T10:54:32Z,77.0,Sense
2025-03-27T10:54:37Z,77.0,Sense
2025-03-27T10:54:47Z,78.0,Sense
2025-03-27T10:54:52Z,79.0,Sense
2025-03-27T10:55:02Z,80.0,Sense
2025-03-27T10:55:07Z,81.0,Sense
2025-03-27T10:55:12Z,82.0,Sense
2025-03-27T10:55:17Z,86.0,Sense
2025-03-27T10:55:22Z,89.0,Sense
2025-03-27T10:55:27Z,88.0,Sense
2025-03-27T10:55:32Z,87.0,Sense
2025-03-27T10:55:37Z,75.0,Sense
2025-03-27T10:55:42Z,70.0,Sense
2025-03-27T10:55:47Z,76.0,Sense
2025-03-27T10:55:52Z,75.0,Sense
2025-03-27T10:55:57Z,73.0,Sense
2025-03-27T10:56:02Z,72.0,Sense
2025-03-27T10:56:07Z,73.0,Sense
2025-03-27T10:56:12Z,77.0,Sense
2025-03-27T10:56:17Z,79.0,Sense
2025-03-27T10:56:22Z,82.0,Sense
2025-03-27T10:56:27Z,80.0,Sense
2025-03-27T10:56:32Z,79.0,Sense
2025-03-27T10:56:37Z,77.0,Sense
2025-03-27T10:56:42Z,76.0,Sense
2025-03-27T10:56:47Z,75.0,Sense
2025-03-27T10:57:02Z,76.0,Sense
2025-03-27T10:57:07Z,77.0,Sense
2025-03-27T10:57:12Z,78.0,Sense
2025-03-27T10:57:17Z,79.0,Sense
2025-03-27T10:57:22Z,78.0,Sense
2025-03-27T10:57:37Z,81.0,Sense
2025-03-27T10:57:42Z,84.0,Sense
2025-03-27T10:57:47Z,82.0,Sense
2025-03-27T10:57:52Z,80.0,Sense
2025-03-27T10:57:57Z,78.0,Sense
2025-03-27T10:58:02Z,76.0,Sense
2025-03-27T10:58:12Z,77.0,Sense
2025-03-27T10:58:22Z,78.0,Sense
2025-03-27T10:58:27Z,79.0,Sense
2025-03-27T10:58:32Z,80.0,Sense
2025-03-27T10:58:37Z,82.0,Sense
2025-03-27T10:58:42Z,81.0,Sense
2025-03-27T10:58:47Z,79.0,Sense
2025-03-27T10:58:52Z,76.0,Sense
2025-03-27T10:59:02Z,78.0,Sense
2025-03-27T10:59:07Z,79.0,Sense
2025-03-27T10:59:12Z,78.0,Sense
2025-03-27T10:59:17Z,77.0,Sense
2025-03-27T10:59:22Z,78.0,Sense
2025-03-27T10:59:27Z,77.0,Sense
2025-03-27T10:59:32Z,77.0,Sense
2025-03-27T10:59:42Z,82.0,Sense
2025-03-27T10:59:47Z,86.0,Sense
2025-03-27T10:59:52Z,85.0,Sense
2025-03-27T10:59:57Z,86.0,Sense
2025-03-27T11:00:02Z,84.0,Sense
2025-03-27T11:00:07Z,82.0,Sense
2025-03-27T11:00:12Z,80.0,Sense
2025-03-27T11:00:17Z,78.0,Sense
2025-03-27T11:00:27Z,79.0,Sense
2025-03-27T11:00:32Z,82.0,Sense
2025-03-27T11:00:37Z,80.0,Sense
2025-03-27T11:00:42Z,78.0,Sense
2025-03-27T11:00:47Z,77.0,Sense
2025-03-27T11:00:52Z,75.0,Sense
2025-03-27T11:00:57Z,73.0,Sense
2025-03-27T11:01:02Z,71.0,Sense
2025-03-27T11:01:07Z,70.0,Sense
2025-03-27T11:01:12Z,72.0,Sense
2025-03-27T11:01:17Z,77.0,Sense
2025-03-27T11:01:22Z,79.0,Sense
2025-03-27T11:01:27Z,77.0,Sense
2025-03-27T11:01:32Z,75.0,Sense
2025-03-27T11:01:47Z,75.0,Sense
2025-03-27T11:01:52Z,81.0,Sense
2025-03-27T11:01:57Z,80.0,Sense
2025-03-27T11:02:02Z,78.0,Sense
2025-03-27T11:02:07Z,76.0,Sense
2025-03-27T11:02:12Z,74.0,Sense
2025-03-27T11:02:27Z,74.0,Sense
2025-03-27T11:02:42Z,74.0,Sense
2025-03-27T11:02:57Z,73.0,Sense
2025-03-27T11:03:02Z,73.0,Sense
2025-03-27T11:03:12Z,74.0,Sense
2025-03-27T11:03:27Z,74.0,Sense
2025-03-27T11:03:32Z,73.0,Sense
2025-03-27T11:03:37Z,72.0,Sense
2025-03-27T11:03:42Z,74.0,Sense
2025-03-27T11:03:47Z,75.0,Sense
2025-03-27T11:03:57Z,73.0,Sense
2025-03-27T11:04:02Z,72.0,Sense
2025-03-27T11:04:07Z,70.0,Sense
2025-03-27T11:04:12Z,71.0,Sense
2025-03-27T11:04:22Z,73.0,Sense
2025-03-27T11:04:37Z,74.0,Sense
2025-03-27T11:04:42Z,73.0,Sense
2025-03-27T11:04:52Z,72.0,Sense
2025-03-27T11:05:02Z,74.0,Sense
2025-03-27T11:05:12Z,78.0,Sense
2025-03-27T11:05:17Z,82.0,Sense
2025-03-27T11:05:22Z,84.0,Sense
2025-03-27T11:05:27Z,85.0,Sense
2025-03-27T11:05:32Z,83.0,Sense
2025-03-27T11:05:37Z,81.0,Sense
2025-03-27T11:05:42Z,79.0,Sense
2025-03-27T11:05:47Z,77.0,Sense
2025-03-27T11:05:57Z,76.0,Sense
2025-03-27T11:06:07Z,77.0,Sense
2025-03-27T11:06:17Z,78.0,Sense
2025-03-27T11:06:22Z,78.0,Sense
2025-03-27T11:06:27Z,79.0,Sense
2025-03-27T11:06:32Z,78.0,Sense
2025-03-27T11:06:42Z,79.0,Sense
2025-03-27T11:06:47Z,80.0,Sense
2025-03-27T11:06:52Z,81.0,Sense
2025-03-27T11:06:57Z,80.0,Sense
2025-03-27T11:07:12Z,79.0,Sense
2025-03-27T11:07:17Z,76.0,Sense
2025-03-27T11:07:27Z,75.0,Sense
2025-03-27T11:07:32Z,75.0,Sense
2025-03-27T11:07:37Z,76.0,Sense
2025-03-27T11:07:42Z,74.0,Sense
2025-03-27T11:07:57Z,73.0,Sense
2025-03-27T11:08:02Z,72.0,Sense
2025-03-27T11:08:07Z,73.0,Sense
2025-03-27T11:08:12Z,73.0,Sense
2025-03-27T11:08:22Z,76.0,Sense
2025-03-27T11:08:27Z,82.0,Sense
2025-03-27T11:08:32Z,80.0,Sense
2025-03-27T11:08:37Z,77.0,Sense
2025-03-27T11:08:42Z,70.0,Sense
2025-03-27T11:08:47Z,69.0,Sense
2025-03-27T11:08:57Z,68.0,Sense
2025-03-27T11:09:12Z,68.0,Sense
2025-03-27T11:09:22Z,69.0,Sense
2025-03-27T11:09:27Z,71.0,Sense
2025-03-27T11:09:33Z,73.0,Sense
2025-03-27T11:09:38Z,74.0,Sense
2025-03-27T11:09:43Z,72.0,Sense
2025-03-27T11:09:48Z,73.0,Sense
2025-03-27T11:09:58Z,72.0,Sense
2025-03-27T11:10:08Z,73.0,Sense
2025-03-27T11:10:18Z,74.0,Sense
2025-03-27T11:10:23Z,76.0,Sense
2025-03-27T11:10:28Z,78.0,Sense
2025-03-27T11:10:33Z,80.0,Sense
2025-03-27T11:10:38Z,81.0,Sense
2025-03-27T11:10:43Z,82.0,Sense
2025-03-27T11:10:48Z,83.0,Sense
2025-03-27T11:10:53Z,82.0,Sense
2025-03-27T11:11:08Z,84.0,Sense
2025-03-27T11:11:13Z,84.0,Sense
2025-03-27T11:11:18Z,83.0,Sense
2025-03-27T11:11:23Z,83.0,Sense
2025-03-27T11:11:28Z,84.0,Sense
2025-03-27T11:11:33Z,83.0,Sense
2025-03-27T11:11:38Z,82.0,Sense
2025-03-27T11:11:43Z,80.0,Sense
2025-03-27T11:11:48Z,78.0,Sense
2025-03-27T11:11:53Z,76.0,Sense
2025-03-27T11:11:58Z,74.0,Sense
2025-03-27T11:12:08Z,75.0,Sense
2025-03-27T11:12:23Z,74.0,Sense
2025-03-27T11:12:28Z,73.0,Sense
2025-03-27T11:12:33Z,71.0,Sense
2025-03-27T11:12:38Z,70.0,Sense
2025-03-27T11:12:43Z,72.0,Sense
2025-03-27T11:12:48Z,71.0,Sense
2025-03-27T11:12:53Z,69.0,Sense
2025-03-27T11:12:58Z,68.0,Sense
2025-03-27T11:13:13Z,70.0,Sense
2025-03-27T11:13:18Z,72.0,Sense
2025-03-27T11:13:23Z,72.0,Sense
2025-03-27T11:13:33Z,77.0,Sense
2025-03-27T11:13:38Z,83.0,Sense
2025-03-27T11:13:48Z,82.0,Sense
2025-03-27T11:13:53Z,80.0,Sense
2025-03-27T11:13:58Z,77.0,Sense
2025-03-27T11:14:03Z,74.0,Sense
2025-03-27T11:14:08Z,72.0,Sense
2025-03-27T11:14:13Z,70.0,Sense
2025-03-27T11:14:18Z,68.0,Sense
2025-03-27T11:14:33Z,68.0,Sense
2025-03-27T11:14:38Z,69.0,Sense
2025-03-27T11:14:48Z,70.0,Sense
2025-03-27T11:15:03Z,71.0,Sense
2025-03-27T11:15:08Z,73.0,Sense
2025-03-27T11:15:13Z,75.0,Sense
2025-03-27T11:15:18Z,76.0,Sense
2025-03-27T11:15:23Z,75.0,Sense
2025-03-27T11:15:28Z,73.0,Sense
2025-03-27T11:15:43Z,75.0,Sense
2025-03-27T11:15:48Z,77.0,Sense
2025-03-27T11:15:53Z,79.0,Sense
2025-03-27T11:16:08Z,79.0,Sense
2025-03-27T11:16:13Z,78.0,Sense
2025-03-27T11:16:18Z,77.0,Sense
2025-03-27T11:16:28Z,75.0,Sense
2025-03-27T11:16:33Z,75.0,Sense
2025-03-27T11:16:38Z,76.0,Sense
2025-03-27T11:16:43Z,78.0,Sense
2025-03-27T11:16:48Z,77.0,Sense
2025-03-27T11:16:53Z,78.0,Sense
2025-03-27T11:16:58Z,77.0,Sense
2025-03-27T11:17:13Z,77.0,Sense
2025-03-27T11:17:18Z,76.0,Sense
2025-03-27T11:17:33Z,76.0,Sense
2025-03-27T11:17:43Z,77.0,Sense
2025-03-27T11:17:48Z,76.0,Sense
2025-03-27T11:17:53Z,74.0,Sense
2025-03-27T11:17:58Z,72.0,Sense
2025-03-27T11:18:08Z,73.0,Sense
2025-03-27T11:18:13Z,74.0,Sense
2025-03-27T11:18:18Z,77.0,Sense
2025-03-27T11:18:23Z,79.0,Sense
2025-03-27T11:18:28Z,83.0,Sense
2025-03-27T11:18:33Z,85.0,Sense
2025-03-27T11:18:38Z,86.0,Sense
2025-03-27T11:18:43Z,85.0,Sense
2025-03-27T11:18:48Z,82.0,Sense
2025-03-27T11:18:53Z,80.0,Sense
2025-03-27T11:18:58Z,77.0,Sense
2025-03-27T11:19:03Z,76.0,Sense
2025-03-27T11:19:13Z,78.0,Sense
2025-03-27T11:19:18Z,80.0,Sense
2025-03-27T11:19:23Z,81.0,Sense
2025-03-27T11:19:28Z,82.0,Sense
2025-03-27T11:19:33Z,83.0,Sense
2025-03-27T11:19:38Z,87.0,Sense
2025-03-27T11:19:43Z,89.0,Sense
2025-03-27T11:19:48Z,92.0,Sense
2025-03-27T11:19:53Z,93.0,Sense
2025-03-27T11:19:58Z,96.0,Sense
2025-03-27T11:20:03Z,95.0,Sense
2025-03-27T11:20:13Z,94.0,Sense
2025-03-27T11:20:18Z,94.0,Sense
2025-03-27T11:20:23Z,91.0,Sense
2025-03-27T11:20:28Z,82.0,Sense
2025-03-27T11:20:33Z,83.0,Sense
2025-03-27T11:20:38Z,80.0,Sense
2025-03-27T11:20:43Z,79.0,Sense
2025-03-27T11:20:48Z,78.0,Sense
2025-03-27T11:20:53Z,77.0,Sense
2025-03-27T11:20:58Z,76.0,Sense
2025-03-27T11:21:03Z,78.0,Sense
2025-03-27T11:21:08Z,80.0,Sense
2025-03-27T11:21:13Z,83.0,Sense
2025-03-27T11:21:18Z,81.0,Sense
2025-03-27T11:21:33Z,81.0,Sense
2025-03-27T11:21:43Z,81.0,Sense
2025-03-27T11:21:48Z,82.0,Sense
2025-03-27T11:21:53Z,83.0,Sense
2025-03-27T11:21:58Z,85.0,Sense
2025-03-27T11:22:03Z,87.0,Sense
2025-03-27T11:22:08Z,83.0,Sense
2025-03-27T11:22:13Z,77.0,Sense
2025-03-27T11:22:18Z,75.0,Sense
2025-03-27T11:22:28Z,74.0,Sense
2025-03-27T11:22:33Z,77.0,Sense
2025-03-27T11:22:38Z,82.0,Sense
2025-03-27T11:22:43Z,79.0,Sense
2025-03-27T11:22:48Z,80.0,Sense
2025-03-27T11:22:53Z,81.0,Sense
2025-03-27T11:23:08Z,83.0,Sense
2025-03-27T11:23:13Z,84.0,Sense
2025-03-27T11:23:18Z,86.0,Sense
2025-03-27T11:23:23Z,82.0,Sense
2025-03-27T11:23:28Z,77.0,Sense
2025-03-27T11:23:33Z,75.0,Sense
2025-03-27T11:23:43Z,80.0,Sense
2025-03-27T11:23:48Z,82.0,Sense
2025-03-27T11:23:53Z,81.0,Sense
2025-03-27T11:23:58Z,80.0,Sense
2025-03-27T11:24:13Z,78.0,Sense
2025-03-27T11:24:18Z,75.0,Sense
2025-03-27T11:24:33Z,74.0,Sense
2025-03-27T11:24:38Z,72.0,Sense
2025-03-27T11:24:43Z,71.0,Sense
2025-03-27T11:24:48Z,73.0,Sense
2025-03-27T11:25:03Z,78.0,Sense
2025-03-27T11:25:08Z,82.0,Sense
2025-03-27T11:25:13Z,86.0,Sense
2025-03-27T11:25:18Z,92.0,Sense
2025-03-27T11:25:23Z,93.0,Sense
2025-03-27T11:25:28Z,86.0,Sense
2025-03-27T11:25:33Z,81.0,Sense
2025-03-27T11:25:38Z,79.0,Sense
2025-03-27T11:25:43Z,76.0,Sense
2025-03-27T11:25:48Z,73.0,Sense
2025-03-27T11:25:53Z,72.0,Sense
2025-03-27T11:25:58Z,71.0,Sense
2025-03-27T11:26:03Z,72.0,Sense
2025-03-27T11:26:13Z,73.0,Sense
2025-03-27T11:26:18Z,75.0,Sense
2025-03-27T11:26:23Z,76.0,Sense
2025-03-27T11:26:28Z,78.0,Sense
2025-03-27T11:26:43Z,80.0,Sense
2025-03-27T11:26:48Z,81.0,Sense
2025-03-27T11:26:53Z,80.0,Sense
2025-03-27T11:26:58Z,78.0,Sense
2025-03-27T11:27:03Z,76.0,Sense
2025-03-27T11:27:08Z,77.0,Sense
2025-03-27T11:27:13Z,72.0,Sense
2025-03-27T11:27:23Z,71.0,Sense
2025-03-27T11:27:28Z,72.0,Sense
2025-03-27T11:27:33Z,73.0,Sense
2025-03-27T11:27:38Z,75.0,Sense
2025-03-27T11:27:43Z,76.0,Sense
2025-03-27T11:27:48Z,75.0,Sense
2025-03-27T11:27:53Z,74.0,Sense
2025-03-27T11:27:58Z,72.0,Sense
2025-03-27T11:28:03Z,69.0,Sense
2025-03-27T11:28:08Z,72.0,Sense
2025-03-27T11:28:13Z,74.0,Sense
2025-03-27T11:28:18Z,72.0,Sense
2025-03-27T11:28:23Z,71.0,Sense
2025-03-27T11:28:28Z,72.0,Sense
2025-03-27T11:28:33Z,73.0,Sense
2025-03-27T11:28:38Z,74.0,Sense
2025-03-27T11:28:43Z,77.0,Sense
2025-03-27T11:28:48Z,80.0,Sense
2025-03-27T11:28:53Z,82.0,Sense
2025-03-27T11:28:58Z,80.0,Sense
2025-03-27T11:29:03Z,78.0,Sense
2025-03-27T11:29:08Z,76.0,Sense
2025-03-27T11:29:13Z,75.0,Sense
2025-03-27T11:29:23Z,76.0,Sense
2025-03-27T11:29:28Z,75.0,Sense
2025-03-27T11:29:33Z,73.0,Sense
2025-03-27T11:29:38Z,72.0,Sense
2025-03-27T11:29:43Z,73.0,Sense
2025-03-27T11:29:48Z,77.0,Sense
2025-03-27T11:29:53Z,81.0,Sense
2025-03-27T11:29:58Z,82.0,Sense
2025-03-27T11:30:03Z,81.0,Sense
2025-03-27T11:30:13Z,76.0,Sense
2025-03-27T11:30:18Z,72.0,Sense
2025-03-27T11:30:23Z,74.0,Sense
2025-03-27T11:30:38Z,76.0,Sense
2025-03-27T11:30:43Z,77.0,Sense
2025-03-27T11:30:53Z,75.0,Sense
2025-03-27T11:30:58Z,74.0,Sense
2025-03-27T11:31:08Z,73.0,Sense
2025-03-27T11:31:23Z,72.0,Sense
2025-03-27T11:31:33Z,73.0,Sense
2025-03-27T11:31:43Z,74.0,Sense
2025-03-27T11:31:53Z,76.0,Sense
2025-03-27T11:31:58Z,76.0,Sense
2025-03-27T11:33:25Z,75.0,Sense
2025-03-27T11:33:30Z,74.0,Sense
2025-03-27T11:33:35Z,77.0,Sense
2025-03-27T11:33:40Z,78.0,Sense
2025-03-27T11:33:45Z,79.0,Sense
2025-03-27T11:34:00Z,77.0,Sense
2025-03-27T11:34:05Z,76.0,Sense
2025-03-27T11:34:10Z,75.0,Sense
2025-03-27T11:34:15Z,74.0,Sense
2025-03-27T11:34:25Z,72.0,Sense
2025-03-27T11:34:30Z,70.0,Sense
2025-03-27T11:34:35Z,69.0,Sense
2025-03-27T11:34:45Z,68.0,Sense
2025-03-27T11:35:00Z,69.0,Sense
2025-03-27T11:35:05Z,71.0,Sense
2025-03-27T11:35:10Z,73.0,Sense
2025-03-27T11:35:15Z,75.0,Sense
2025-03-27T11:35:20Z,77.0,Sense
2025-03-27T11:35:25Z,81.0,Sense
2025-03-27T11:35:30Z,82.0,Sense
2025-03-27T11:35:45Z,82.0,Sense
2025-03-27T11:35:50Z,81.0,Sense
2025-03-27T11:35:55Z,77.0,Sense
2025-03-27T11:36:00Z,74.0,Sense
2025-03-27T11:36:05Z,71.0,Sense
2025-03-27T11:36:10Z,70.0,Sense
2025-03-27T11:36:15Z,71.0,Sense
2025-03-27T11:36:20Z,72.0,Sense
2025-03-27T11:36:30Z,71.0,Sense
2025-03-27T11:36:45Z,71.0,Sense
2025-03-27T11:37:00Z,72.0,Sense
2025-03-27T11:37:05Z,73.0,Sense
2025-03-27T11:37:10Z,74.0,Sense
2025-03-27T11:37:15Z,75.0,Sense
2025-03-27T11:37:30Z,75.0,Sense
2025-03-27T11:37:35Z,76.0,Sense
2025-03-27T11:37:40Z,75.0,Sense
2025-03-27T11:37:45Z,74.0,Sense
2025-03-27T11:38:00Z,75.0,Sense
2025-03-27T11:38:05Z,77.0,Sense
2025-03-27T11:38:10Z,79.0,Sense
2025-03-27T11:38:20Z,78.0,Sense
2025-03-27T11:38:35Z,79.0,Sense
2025-03-27T11:38:50Z,79.0,Sense
2025-03-27T11:39:00Z,80.0,Sense
2025-03-27T11:39:05Z,82.0,Sense
2025-03-27T11:39:10Z,81.0,Sense
2025-03-27T11:39:15Z,78.0,Sense
2025-03-27T11:39:20Z,77.0,Sense
2025-03-27T11:39:25Z,75.0,Sense
2025-03-27T11:39:30Z,73.0,Sense
2025-03-27T11:39:40Z,72.0,Sense
2025-03-27T11:39:55Z,73.0,Sense
2025-03-27T11:40:05Z,74.0,Sense
2025-03-27T11:40:10Z,74.0,Sense
2025-03-27T11:40:25Z,74.0,Sense
2025-03-27T11:40:30Z,76.0,Sense
2025-03-27T11:40:35Z,78.0,Sense
2025-03-27T11:40:40Z,80.0,Sense
2025-03-27T11:40:45Z,82.0,Sense
2025-03-27T11:40:50Z,85.0,Sense
2025-03-27T11:41:00Z,81.0,Sense
2025-03-27T11:41:05Z,78.0,Sense
2025-03-27T11:41:10Z,76.0,Sense
2025-03-27T11:41:15Z,74.0,Sense
2025-03-27T11:41:30Z,73.0,Sense
2025-03-27T11:41:45Z,73.0,Sense
2025-03-27T11:41:55Z,74.0,Sense
2025-03-27T11:42:00Z,75.0,Sense
2025-03-27T11:42:15Z,77.0,Sense
2025-03-27T11:42:20Z,78.0,Sense
2025-03-27T11:42:30Z,77.0,Sense
2025-03-27T11:42:45Z,79.0,Sense
2025-03-27T11:42:55Z,78.0,Sense
2025-03-27T11:43:00Z,77.0,Sense
2025-03-27T11:43:05Z,76.0,Sense
2025-03-27T11:43:10Z,74.0,Sense
2025-03-27T11:43:20Z,75.0,Sense
2025-03-27T11:43:35Z,75.0,Sense
2025-03-27T11:43:40Z,76.0,Sense
2025-03-27T11:43:45Z,77.0,Sense
2025-03-27T11:43:50Z,79.0,Sense
2025-03-27T11:43:55Z,80.0,Sense
2025-03-27T11:44:00Z,82.0,Sense
2025-03-27T11:44:05Z,84.0,Sense
2025-03-27T11:44:15Z,83.0,Sense
2025-03-27T11:44:20Z,82.0,Sense
2025-03-27T11:44:30Z,81.0,Sense
2025-03-27T11:44:35Z,77.0,Sense
2025-03-27T11:44:40Z,74.0,Sense
2025-03-27T11:44:47Z,73.0,Sense
2025-03-27T11:45:02Z,73.0,Sense
2025-03-27T11:45:07Z,74.0,Sense
2025-03-27T11:45:19Z,72.0,Sense
2025-03-27T11:45:24Z,71.0,Sense
2025-03-27T11:45:34Z,70.0,Sense
2025-03-27T11:45:39Z,71.0,Sense
2025-03-27T11:45:44Z,73.0,Sense
2025-03-27T11:45:49Z,75.0,Sense
2025-03-27T11:45:59Z,74.0,Sense
2025-03-27T11:46:09Z,75.0,Sense
2025-03-27T11:46:14Z,76.0,Sense
2025-03-27T11:46:19Z,77.0,Sense
2025-03-27T11:46:29Z,76.0,Sense
2025-03-27T11:46:44Z,76.0,Sense
2025-03-27T11:46:49Z,77.0,Sense
2025-03-27T11:46:54Z,76.0,Sense
2025-03-27T11:47:09Z,75.0,Sense
2025-03-27T11:47:14Z,74.0,Sense
2025-03-27T11:47:19Z,73.0,Sense
2025-03-27T11:47:34Z,74.0,Sense
2025-03-27T11:47:39Z,75.0,Sense
2025-03-27T11:47:54Z,79.0,Sense
2025-03-27T11:47:59Z,81.0,Sense
2025-03-27T11:48:04Z,80.0,Sense
2025-03-27T11:48:09Z,78.0,Sense
2025-03-27T11:48:14Z,77.0,Sense
2025-03-27T11:48:19Z,75.0,Sense
2025-03-27T11:48:24Z,73.0,Sense
2025-03-27T11:48:29Z,74.0,Sense
2025-03-27T11:48:34Z,75.0,Sense
2025-03-27T11:48:39Z,76.0,Sense
2025-03-27T11:48:44Z,75.0,Sense
2025-03-27T11:48:49Z,74.0,Sense
2025-03-27T11:48:59Z,73.0,Sense
2025-03-27T11:49:14Z,74.0,Sense
2025-03-27T11:49:29Z,75.0,Sense
2025-03-27T11:49:34Z,77.0,Sense
2025-03-27T11:49:39Z,79.0,Sense
2025-03-27T11:49:44Z,78.0,Sense
2025-03-27T11:49:49Z,76.0,Sense
2025-03-27T11:49:54Z,74.0,Sense
2025-03-27T11:50:04Z,72.0,Sense
2025-03-27T11:50:09Z,73.0,Sense
2025-03-27T11:50:14Z,74.0,Sense
2025-03-27T11:50:19Z,75.0,Sense
2025-03-27T11:50:24Z,77.0,Sense
2025-03-27T11:50:29Z,79.0,Sense
2025-03-27T11:50:44Z,81.0,Sense
2025-03-27T11:50:49Z,82.0,Sense
2025-03-27T11:50:54Z,83.0,Sense
2025-03-27T11:51:04Z,81.0,Sense
2025-03-27T11:51:09Z,80.0,Sense
2025-03-27T11:51:14Z,79.0,Sense
2025-03-27T11:51:19Z,77.0,Sense
2025-03-27T11:51:24Z,76.0,Sense
2025-03-27T11:51:34Z,77.0,Sense
2025-03-27T11:51:39Z,76.0,Sense
2025-03-27T11:51:44Z,75.0,Sense
2025-03-27T11:51:49Z,73.0,Sense
2025-03-27T11:51:59Z,72.0,Sense
2025-03-27T11:52:04Z,74.0,Sense
2025-03-27T11:52:09Z,77.0,Sense
2025-03-27T11:52:14Z,79.0,Sense
2025-03-27T11:52:19Z,81.0,Sense
2025-03-27T11:52:24Z,82.0,Sense
2025-03-27T11:52:29Z,83.0,Sense
2025-03-27T11:52:39Z,84.0,Sense
2025-03-27T11:52:44Z,85.0,Sense
2025-03-27T11:52:49Z,87.0,Sense
2025-03-27T11:52:54Z,88.0,Sense
2025-03-27T11:53:04Z,101.0,Sense
2025-03-27T11:53:09Z,97.0,Sense
2025-03-27T11:53:14Z,90.0,Sense
2025-03-27T11:53:19Z,85.0,Sense
2025-03-27T11:53:24Z,79.0,Sense
2025-03-27T11:53:29Z,75.0,Sense
2025-03-27T11:53:34Z,72.0,Sense
2025-03-27T11:53:44Z,71.0,Sense
2025-03-27T11:53:49Z,70.0,Sense
2025-03-27T11:53:54Z,69.0,Sense
2025-03-27T11:54:09Z,69.0,Sense
2025-03-27T11:54:14Z,70.0,Sense
2025-03-27T11:54:19Z,70.0,Sense
2025-03-27T11:54:24Z,69.0,Sense
2025-03-27T11:54:39Z,69.0,Sense
2025-03-27T11:54:44Z,71.0,Sense
2025-03-27T11:54:49Z,73.0,Sense
2025-03-27T11:54:59Z,71.0,Sense
2025-03-27T11:55:09Z,70.0,Sense
2025-03-27T11:55:19Z,71.0,Sense
2025-03-27T11:55:24Z,72.0,Sense
2025-03-27T11:55:39Z,72.0,Sense
2025-03-27T11:55:44Z,74.0,Sense
2025-03-27T11:55:49Z,76.0,Sense
2025-03-27T11:55:54Z,76.0,Sense
2025-03-27T11:55:59Z,74.0,Sense
2025-03-27T11:56:14Z,74.0,Sense
2025-03-27T11:56:19Z,75.0,Sense
2025-03-27T11:56:29Z,74.0,Sense
2025-03-27T11:56:34Z,73.0,Sense
2025-03-27T11:56:49Z,74.0,Sense
2025-03-27T11:56:54Z,73.0,Sense
2025-03-27T11:57:09Z,74.0,Sense
2025-03-27T11:57:24Z,74.0,Sense
2025-03-27T11:57:29Z,75.0,Sense
2025-03-27T11:57:39Z,74.0,Sense
2025-03-27T11:57:49Z,75.0,Sense
2025-03-27T11:57:54Z,74.0,Sense
2025-03-27T11:58:09Z,75.0,Sense
2025-03-27T11:58:14Z,75.0,Sense
2025-03-27T11:58:29Z,74.0,Sense
2025-03-27T11:58:44Z,75.0,Sense
2025-03-27T11:58:59Z,75.0,Sense
2025-03-27T11:59:14Z,75.0,Sense
2025-03-27T11:59:24Z,76.0,Sense
2025-03-27T11:59:39Z,76.0,Sense
2025-03-27T11:59:44Z,77.0,Sense
2025-03-27T11:59:54Z,78.0,Sense
2025-03-27T12:00:04Z,76.0,Sense
2025-03-27T12:00:09Z,72.0,Sense
2025-03-27T12:00:14Z,68.0,Sense
2025-03-27T12:00:19Z,69.0,Sense
2025-03-27T12:00:24Z,68.0,Sense
2025-03-27T12:00:29Z,75.0,Sense
2025-03-27T12:00:34Z,77.0,Sense
2025-03-27T12:00:49Z,89.0,Sense
2025-03-27T12:00:54Z,97.0,Sense
2025-03-27T12:00:59Z,106.0,Sense
2025-03-27T12:01:09Z,104.0,Sense
2025-03-27T12:01:14Z,103.0,Sense
2025-03-27T12:01:19Z,100.0,Sense
2025-03-27T12:01:24Z,97.0,Sense
2025-03-27T12:01:29Z,95.0,Sense
2025-03-27T12:01:34Z,92.0,Sense
2025-03-27T12:01:39Z,91.0,Sense
2025-03-27T12:01:44Z,90.0,Sense
2025-03-27T12:01:49Z,88.0,Sense
2025-03-27T12:01:54Z,84.0,Sense
2025-03-27T12:01:59Z,82.0,Sense
2025-03-27T12:02:09Z,81.0,Sense
2025-03-27T12:02:19Z,80.0,Sense
2025-03-27T12:02:24Z,77.0,Sense
2025-03-27T12:02:39Z,77.0,Sense
2025-03-27T12:02:54Z,77.0,Sense
2025-03-27T12:02:59Z,78.0,Sense
2025-03-27T12:03:04Z,81.0,Sense
2025-03-27T12:03:09Z,77.0,Sense
2025-03-27T12:03:24Z,77.0,Sense
2025-03-27T12:03:29Z,76.0,Sense
2025-03-27T12:03:34Z,75.0,Sense
2025-03-27T12:03:49Z,75.0,Sense
2025-03-27T12:03:59Z,74.0,Sense
2025-03-27T12:04:04Z,73.0,Sense
2025-03-27T12:04:09Z,72.0,Sense
2025-03-27T12:04:14Z,72.0,Sense
2025-03-27T12:04:19Z,71.0,Sense
2025-03-27T12:04:24Z,73.0,Sense
2025-03-27T12:04:34Z,74.0,Sense
2025-03-27T12:04:39Z,73.0,Sense
2025-03-27T12:04:44Z,74.0,Sense
2025-03-27T12:04:49Z,73.0,Sense
2025-03-27T12:04:54Z,72.0,Sense
2025-03-27T12:04:59Z,72.0,Sense
2025-03-27T12:05:04Z,73.0,Sense
2025-03-27T12:05:09Z,77.0,Sense
2025-03-27T12:05:14Z,95.0,Sense
2025-03-27T12:05:19Z,96.0,Sense
2025-03-27T12:05:24Z,88.0,Sense
2025-03-27T12:05:29Z,81.0,Sense
2025-03-27T12:05:34Z,77.0,Sense
2025-03-27T12:05:39Z,73.0,Sense
2025-03-27T12:05:44Z,69.0,Sense
2025-03-27T12:05:49Z,68.0,Sense
2025-03-27T12:05:54Z,67.0,Sense
2025-03-27T12:06:09Z,68.0,Sense
2025-03-27T12:06:19Z,69.0,Sense
2025-03-27T12:06:24Z,70.0,Sense
2025-03-27T12:06:29Z,72.0,Sense
2025-03-27T12:06:39Z,74.0,Sense
2025-03-27T12:06:44Z,75.0,Sense
2025-03-27T12:06:49Z,74.0,Sense
2025-03-27T12:06:54Z,74.0,Sense
2025-03-27T12:07:09Z,81.0,Sense
2025-03-27T12:07:14Z,87.0,Sense
2025-03-27T12:07:19Z,85.0,Sense
2025-03-27T12:07:24Z,85.0,Sense
2025-03-27T12:07:29Z,86.0,Sense
2025-03-27T12:07:34Z,83.0,Sense
2025-03-27T12:07:39Z,81.0,Sense
2025-03-27T12:07:44Z,80.0,Sense
2025-03-27T12:07:49Z,79.0,Sense
2025-03-27T12:07:54Z,78.0,Sense
2025-03-27T12:07:59Z,77.0,Sense
2025-03-27T12:08:09Z,74.0,Sense
2025-03-27T12:08:19Z,75.0,Sense
2025-03-27T12:08:34Z,75.0,Sense
2025-03-27T12:08:39Z,76.0,Sense
2025-03-27T12:08:49Z,77.0,Sense
2025-03-27T12:08:54Z,78.0,Sense
2025-03-27T12:08:59Z,79.0,Sense
2025-03-27T12:09:09Z,80.0,Sense
2025-03-27T12:09:14Z,81.0,Sense
2025-03-27T12:09:19Z,80.0,Sense
2025-03-27T12:09:34Z,78.0,Sense
2025-03-27T12:09:39Z,76.0,Sense
2025-03-27T12:09:44Z,75.0,Sense
2025-03-27T12:09:49Z,74.0,Sense
2025-03-27T12:10:04Z,75.0,Sense
2025-03-27T12:10:09Z,76.0,Sense
2025-03-27T12:10:24Z,76.0,Sense
2025-03-27T12:10:34Z,77.0,Sense
2025-03-27T12:10:44Z,78.0,Sense
2025-03-27T12:10:49Z,77.0,Sense
2025-03-27T12:10:54Z,76.0,Sense
2025-03-27T12:10:59Z,75.0,Sense
2025-03-27T12:11:04Z,74.0,Sense
2025-03-27T12:11:14Z,73.0,Sense
2025-03-27T12:11:19Z,72.0,Sense
2025-03-27T12:11:34Z,71.0,Sense
2025-03-27T12:11:49Z,71.0,Sense
2025-03-27T12:11:54Z,72.0,Sense
2025-03-27T12:11:59Z,73.0,Sense
2025-03-27T12:12:14Z,74.0,Sense
2025-03-27T12:12:29Z,74.0,Sense
2025-03-27T12:12:34Z,73.0,Sense
2025-03-27T12:12:49Z,73.0,Sense
2025-03-27T12:12:59Z,74.0,Sense
2025-03-27T12:13:14Z,74.0,Sense
2025-03-27T12:13:29Z,76.0,Sense
2025-03-27T12:13:44Z,76.0,Sense
2025-03-27T12:13:59Z,77.0,Sense
2025-03-27T12:14:04Z,80.0,Sense
2025-03-27T12:14:09Z,81.0,Sense
2025-03-27T12:14:15Z,79.0,Sense
2025-03-27T12:14:20Z,78.0,Sense
2025-03-27T12:14:25Z,76.0,Sense
2025-03-27T12:14:30Z,75.0,Sense
2025-03-27T12:14:35Z,76.0,Sense
2025-03-27T12:14:50Z,76.0,Sense
2025-03-27T12:15:05Z,74.0,Sense
2025-03-27T12:15:20Z,74.0,Sense
2025-03-27T12:15:25Z,75.0,Sense
2025-03-27T12:15:35Z,73.0,Sense
2025-03-27T12:15:50Z,73.0,Sense
2025-03-27T12:15:55Z,74.0,Sense
2025-03-27T12:16:00Z,75.0,Sense
2025-03-27T12:16:15Z,75.0,Sense
2025-03-27T12:16:30Z,75.0,Sense
2025-03-27T12:16:40Z,76.0,Sense
2025-03-27T12:16:55Z,76.0,Sense
2025-03-27T12:17:00Z,77.0,Sense
2025-03-27T12:17:05Z,78.0,Sense
2025-03-27T12:17:15Z,77.0,Sense
2025-03-27T12:17:20Z,78.0,Sense
2025-03-27T12:17:35Z,78.0,Sense
2025-03-27T12:17:40Z,77.0,Sense
2025-03-27T12:17:50Z,78.0,Sense
2025-03-27T12:18:05Z,76.0,Sense
2025-03-27T12:18:15Z,77.0,Sense
2025-03-27T12:18:30Z,78.0,Sense
2025-03-27T12:18:35Z,77.0,Sense
2025-03-27T12:18:40Z,77.0,Sense
2025-03-27T12:18:50Z,78.0,Sense
2025-03-27T12:19:00Z,81.0,Sense
2025-03-27T12:19:05Z,89.0,Sense
2025-03-27T12:19:10Z,87.0,Sense
2025-03-27T12:19:15Z,87.0,Sense
2025-03-27T12:19:25Z,86.0,Sense
2025-03-27T12:19:30Z,80.0,Sense
2025-03-27T12:19:35Z,79.0,Sense
2025-03-27T12:19:50Z,78.0,Sense
2025-03-27T12:20:05Z,79.0,Sense
2025-03-27T12:20:10Z,78.0,Sense
2025-03-27T12:20:20Z,76.0,Sense
2025-03-27T12:20:25Z,74.0,Sense
2025-03-27T12:20:30Z,73.0,Sense
2025-03-27T12:20:35Z,71.0,Sense
2025-03-27T12:20:40Z,69.0,Sense
2025-03-27T12:20:45Z,69.0,Sense
2025-03-27T12:20:55Z,70.0,Sense
2025-03-27T12:21:00Z,71.0,Sense
2025-03-27T12:21:10Z,70.0,Sense
2025-03-27T12:21:15Z,70.0,Sense
2025-03-27T12:21:20Z,70.0,Sense
2025-03-27T12:21:35Z,70.0,Sense
2025-03-27T12:21:45Z,71.0,Sense
2025-03-27T12:21:50Z,74.0,Sense
2025-03-27T12:21:55Z,77.0,Sense
2025-03-27T12:22:05Z,78.0,Sense
2025-03-27T12:22:10Z,77.0,Sense
2025-03-27T12:22:15Z,74.0,Sense
2025-03-27T12:22:20Z,73.0,Sense
2025-03-27T12:22:25Z,74.0,Sense
2025-03-27T12:22:30Z,75.0,Sense
2025-03-27T12:22:35Z,76.0,Sense
2025-03-27T12:22:50Z,76.0,Sense
2025-03-27T12:22:55Z,77.0,Sense
2025-03-27T12:23:05Z,78.0,Sense
2025-03-27T12:23:20Z,78.0,Sense
2025-03-27T12:23:25Z,81.0,Sense
2025-03-27T12:23:30Z,82.0,Sense
2025-03-27T12:23:35Z,81.0,Sense
2025-03-27T12:23:50Z,82.0,Sense
2025-03-27T12:24:05Z,81.0,Sense
2025-03-27T12:24:10Z,79.0,Sense
2025-03-27T12:24:20Z,79.0,Sense
2025-03-27T12:24:25Z,81.0,Sense
2025-03-27T12:24:40Z,80.0,Sense
2025-03-27T12:24:55Z,79.0,Sense
2025-03-27T12:25:00Z,78.0,Sense
2025-03-27T12:25:05Z,77.0,Sense
2025-03-27T12:25:15Z,76.0,Sense
2025-03-27T12:25:20Z,76.0,Sense
2025-03-27T12:25:25Z,77.0,Sense
2025-03-27T12:25:30Z,78.0,Sense
2025-03-27T12:25:40Z,77.0,Sense
2025-03-27T12:25:45Z,78.0,Sense
2025-03-27T12:25:50Z,77.0,Sense
2025-03-27T12:25:55Z,76.0,Sense
2025-03-27T12:26:00Z,75.0,Sense
2025-03-27T12:26:05Z,75.0,Sense
2025-03-27T12:26:20Z,76.0,Sense
2025-03-27T12:26:25Z,76.0,Sense
2025-03-27T12:26:30Z,77.0,Sense
2025-03-27T12:26:35Z,76.0,Sense
2025-03-27T12:26:45Z,75.0,Sense
2025-03-27T12:27:00Z,75.0,Sense
2025-03-27T12:27:05Z,75.0,Sense
2025-03-27T12:27:15Z,76.0,Sense
2025-03-27T12:27:25Z,78.0,Sense
2025-03-27T12:27:30Z,82.0,Sense
2025-03-27T12:27:35Z,83.0,Sense
2025-03-27T12:27:40Z,84.0,Sense
2025-03-27T12:27:50Z,85.0,Sense
2025-03-27T12:28:05Z,83.0,Sense
2025-03-27T12:28:10Z,83.0,Sense
2025-03-27T12:28:15Z,81.0,Sense
2025-03-27T12:28:20Z,79.0,Sense
2025-03-27T12:28:30Z,79.0,Sense
2025-03-27T12:28:35Z,78.0,Sense
2025-03-27T12:28:40Z,77.0,Sense
2025-03-27T12:28:45Z,77.0,Sense
2025-03-27T12:29:00Z,78.0,Sense
2025-03-27T12:29:05Z,79.0,Sense
2025-03-27T12:29:10Z,81.0,Sense
2025-03-27T12:29:15Z,80.0,Sense
2025-03-27T12:29:20Z,79.0,Sense
2025-03-27T12:29:25Z,78.0,Sense
2025-03-27T12:29:40Z,78.0,Sense
2025-03-27T12:29:45Z,78.0,Sense
2025-03-27T12:30:00Z,79.0,Sense
2025-03-27T12:30:05Z,80.0,Sense
2025-03-27T12:30:15Z,80.0,Sense
2025-03-27T12:30:20Z,80.0,Sense
2025-03-27T12:30:25Z,79.0,Sense
2025-03-27T12:30:30Z,78.0,Sense
2025-03-27T12:30:35Z,76.0,Sense
2025-03-27T12:30:40Z,78.0,Sense
2025-03-27T12:30:45Z,77.0,Sense
2025-03-27T12:30:50Z,77.0,Sense
2025-03-27T12:31:00Z,78.0,Sense
2025-03-27T12:31:05Z,77.0,Sense
2025-03-27T12:31:20Z,77.0,Sense
2025-03-27T12:31:25Z,77.0,Sense
2025-03-27T12:31:40Z,79.0,Sense
2025-03-27T12:31:50Z,80.0,Sense
2025-03-27T12:31:55Z,81.0,Sense
2025-03-27T12:32:00Z,82.0,Sense
2025-03-27T12:32:10Z,83.0,Sense
2025-03-27T12:32:15Z,85.0,Sense
2025-03-27T12:32:25Z,86.0,Sense
2025-03-27T12:32:30Z,87.0,Sense
2025-03-27T12:32:35Z,89.0,Sense
2025-03-27T12:32:40Z,90.0,Sense
2025-03-27T12:32:45Z,91.0,Sense
2025-03-27T12:32:50Z,96.0,Sense
2025-03-27T12:32:55Z,93.0,Sense
2025-03-27T12:33:00Z,95.0,Sense
2025-03-27T12:33:10Z,97.0,Sense
2025-03-27T12:33:15Z,94.0,Sense
2025-03-27T12:33:20Z,92.0,Sense
2025-03-27T12:33:25Z,91.0,Sense
2025-03-27T12:33:30Z,88.0,Sense
2025-03-27T12:33:35Z,89.0,Sense
2025-03-27T12:33:40Z,93.0,Sense
2025-03-27T12:33:50Z,92.0,Sense
2025-03-27T12:33:55Z,91.0,Sense
2025-03-27T12:34:00Z,90.0,Sense
2025-03-27T12:34:05Z,89.0,Sense
2025-03-27T12:34:15Z,90.0,Sense
2025-03-27T12:34:20Z,94.0,Sense
2025-03-27T12:34:30Z,93.0,Sense
2025-03-27T12:34:35Z,95.0,Sense
2025-03-27T12:34:45Z,94.0,Sense
2025-03-27T12:34:50Z,94.0,Sense
2025-03-27T12:35:00Z,96.0,Sense
2025-03-27T12:35:05Z,97.0,Sense
2025-03-27T12:35:10Z,99.0,Sense
2025-03-27T12:35:15Z,98.0,Sense
2025-03-27T12:35:20Z,99.0,Sense
2025-03-27T12:35:35Z,96.0,Sense
2025-03-27T12:35:40Z,98.0,Sense
2025-03-27T12:35:45Z,96.0,Sense
2025-03-27T12:35:50Z,97.0,Sense
2025-03-27T12:35:55Z,96.0,Sense
2025-03-27T12:36:00Z,95.0,Sense
2025-03-27T12:36:05Z,96.0,Sense
2025-03-27T12:36:10Z,98.0,Sense
2025-03-27T12:36:15Z,97.0,Sense
2025-03-27T12:36:20Z,98.0,Sense
2025-03-27T12:36:25Z,95.0,Sense
2025-03-27T12:36:30Z,96.0,Sense
2025-03-27T12:36:35Z,97.0,Sense
2025-03-27T12:36:40Z,98.0,Sense
2025-03-27T12:36:50Z,96.0,Sense
2025-03-27T12:37:00Z,95.0,Sense
2025-03-27T12:37:10Z,96.0,Sense
2025-03-27T12:37:15Z,95.0,Sense
2025-03-27T12:37:20Z,96.0,Sense
2025-03-27T12:37:25Z,97.0,Sense
2025-03-27T12:37:30Z,99.0,Sense
2025-03-27T12:37:35Z,95.0,Sense
2025-03-27T12:37:40Z,98.0,Sense
2025-03-27T12:37:45Z,97.0,Sense
2025-03-27T12:37:50Z,98.0,Sense
2025-03-27T12:37:55Z,97.0,Sense
2025-03-27T12:38:00Z,99.0,Sense
2025-03-27T12:38:05Z,97.0,Sense
2025-03-27T12:38:10Z,98.0,Sense
2025-03-27T12:38:15Z,97.0,Sense
2025-03-27T12:38:20Z,98.0,Sense
2025-03-27T12:38:35Z,99.0,Sense
2025-03-27T12:38:45Z,97.0,Sense
2025-03-27T12:39:00Z,98.0,Sense
2025-03-27T12:39:10Z,100.0,Sense
2025-03-27T12:39:15Z,98.0,Sense
2025-03-27T12:39:20Z,99.0,Sense
2025-03-27T12:39:35Z,99.0,Sense
2025-03-27T12:39:40Z,98.0,Sense
2025-03-27T12:39:55Z,99.0,Sense
2025-03-27T12:40:05Z,102.0,Sense
2025-03-27T12:40:10Z,100.0,Sense
2025-03-27T12:40:20Z,101.0,Sense
2025-03-27T12:40:25Z,100.0,Sense
2025-03-27T12:40:30Z,98.0,Sense
2025-03-27T12:40:40Z,96.0,Sense
2025-03-27T12:40:45Z,97.0,Sense
2025-03-27T12:40:50Z,96.0,Sense
2025-03-27T12:40:55Z,95.0,Sense
2025-03-27T12:41:10Z,96.0,Sense
2025-03-27T12:41:15Z,95.0,Sense
2025-03-27T12:41:20Z,94.0,Sense
2025-03-27T12:41:35Z,92.0,Sense
2025-03-27T12:41:40Z,91.0,Sense
2025-03-27T12:41:50Z,92.0,Sense
2025-03-27T12:41:55Z,95.0,Sense
2025-03-27T12:42:00Z,96.0,Sense
2025-03-27T12:42:05Z,94.0,Sense
2025-03-27T12:42:20Z,92.0,Sense
2025-03-27T12:42:30Z,89.0,Sense
2025-03-27T12:42:35Z,91.0,Sense
2025-03-27T12:42:40Z,90.0,Sense
2025-03-27T12:42:45Z,88.0,Sense
2025-03-27T12:42:50Z,86.0,Sense
2025-03-27T12:43:00Z,84.0,Sense
2025-03-27T12:43:10Z,83.0,Sense
2025-03-27T12:43:20Z,82.0,Sense
2025-03-27T12:43:25Z,84.0,Sense
2025-03-27T12:43:35Z,85.0,Sense
2025-03-27T12:43:40Z,86.0,Sense
2025-03-27T12:43:55Z,86.0,Sense
2025-03-27T12:44:00Z,84.0,Sense
2025-03-27T12:44:10Z,83.0,Sense
2025-03-27T12:44:15Z,82.0,Sense
2025-03-27T12:44:25Z,83.0,Sense
2025-03-27T12:44:30Z,83.0,Sense
2025-03-27T12:44:35Z,84.0,Sense
2025-03-27T12:44:40Z,81.0,Sense
2025-03-27T12:44:45Z,84.0,Sense
2025-03-27T12:44:50Z,82.0,Sense
2025-03-27T12:45:00Z,81.0,Sense
2025-03-27T12:45:05Z,83.0,Sense
2025-03-27T12:45:10Z,82.0,Sense
2025-03-27T12:45:20Z,83.0,Sense
2025-03-27T12:45:25Z,86.0,Sense
2025-03-27T12:45:35Z,87.0,Sense
2025-03-27T12:45:40Z,88.0,Sense
2025-03-27T12:45:45Z,85.0,Sense
2025-03-27T12:45:50Z,86.0,Sense
2025-03-27T12:45:55Z,85.0,Sense
2025-03-27T12:46:05Z,86.0,Sense
2025-03-27T12:46:10Z,84.0,Sense
2025-03-27T12:46:15Z,86.0,Sense
2025-03-27T12:46:20Z,85.0,Sense
2025-03-27T12:46:25Z,86.0,Sense
2025-03-27T12:46:30Z,87.0,Sense
2025-03-27T12:46:35Z,84.0,Sense
2025-03-27T12:46:40Z,87.0,Sense
2025-03-27T12:46:45Z,84.0,Sense
2025-03-27T12:46:50Z,85.0,Sense
2025-03-27T12:47:00Z,84.0,Sense
2025-03-27T12:47:05Z,85.0,Sense
2025-03-27T12:47:10Z,84.0,Sense
2025-03-27T12:47:15Z,82.0,Sense
2025-03-27T12:47:20Z,81.0,Sense
2025-03-27T12:47:25Z,79.0,Sense
2025-03-27T12:47:30Z,80.0,Sense
2025-03-27T12:47:35Z,79.0,Sense
2025-03-27T12:47:40Z,85.0,Sense
2025-03-27T12:47:45Z,90.0,Sense
2025-03-27T12:47:50Z,89.0,Sense
2025-03-27T12:47:55Z,91.0,Sense
2025-03-27T12:48:10Z,91.0,Sense
2025-03-27T12:48:15Z,94.0,Sense
2025-03-27T12:48:20Z,91.0,Sense
2025-03-27T12:48:25Z,96.0,Sense
2025-03-27T12:48:30Z,98.0,Sense
2025-03-27T12:48:35Z,97.0,Sense
2025-03-27T12:48:40Z,96.0,Sense
2025-03-27T12:48:55Z,97.0,Sense
2025-03-27T12:49:00Z,94.0,Sense
2025-03-27T12:49:15Z,94.0,Sense
2025-03-27T12:49:25Z,91.0,Sense
2025-03-27T12:49:30Z,92.0,Sense
2025-03-27T12:49:35Z,91.0,Sense
2025-03-27T12:49:40Z,95.0,Sense
2025-03-27T12:49:45Z,99.0,Sense
2025-03-27T12:49:50Z,102.0,Sense
2025-03-27T12:49:55Z,99.0,Sense
2025-03-27T12:50:00Z,100.0,Sense
2025-03-27T12:50:10Z,102.0,Sense
2025-03-27T12:50:15Z,100.0,Sense
2025-03-27T12:50:20Z,97.0,Sense
2025-03-27T12:50:25Z,96.0,Sense
2025-03-27T12:50:30Z,94.0,Sense
2025-03-27T12:50:35Z,90.0,Sense
2025-03-27T12:50:40Z,88.0,Sense
2025-03-27T12:50:55Z,85.0,Sense
2025-03-27T12:51:00Z,89.0,Sense
2025-03-27T12:51:05Z,85.0,Sense
2025-03-27T12:51:15Z,83.0,Sense
2025-03-27T12:51:20Z,82.0,Sense
2025-03-27T12:51:25Z,84.0,Sense
2025-03-27T12:51:30Z,86.0,Sense
2025-03-27T12:51:35Z,84.0,Sense
2025-03-27T12:51:40Z,85.0,Sense
2025-03-27T12:51:45Z,84.0,Sense
2025-03-27T12:51:50Z,83.0,Sense
2025-03-27T12:51:55Z,84.0,Sense
2025-03-27T12:52:05Z,86.0,Sense
2025-03-27T12:52:10Z,87.0,Sense
2025-03-27T12:52:15Z,86.0,Sense
2025-03-27T12:52:20Z,85.0,Sense
2025-03-27T12:52:30Z,84.0,Sense
2025-03-27T12:52:35Z,87.0,Sense
2025-03-27T12:52:40Z,92.0,Sense
2025-03-27T12:52:45Z,93.0,Sense
2025-03-27T12:52:50Z,94.0,Sense
2025-03-27T12:53:00Z,93.0,Sense
2025-03-27T12:53:05Z,94.0,Sense
2025-03-27T12:53:10Z,95.0,Sense
2025-03-27T12:53:20Z,98.0,Sense
2025-03-27T12:53:25Z,98.0,Sense
2025-03-27T12:53:30Z,98.0,Sense
2025-03-27T12:53:45Z,97.0,Sense
2025-03-27T12:53:50Z,99.0,Sense
2025-03-27T12:53:55Z,97.0,Sense
2025-03-27T12:54:00Z,94.0,Sense
2025-03-27T12:54:05Z,93.0,Sense
2025-03-27T12:54:10Z,94.0,Sense
2025-03-27T12:54:15Z,95.0,Sense
2025-03-27T12:54:25Z,96.0,Sense
2025-03-27T12:54:30Z,95.0,Sense
2025-03-27T12:54:40Z,96.0,Sense
2025-03-27T12:54:55Z,96.0,Sense
2025-03-27T12:55:10Z,97.0,Sense
2025-03-27T12:55:15Z,99.0,Sense
2025-03-27T12:55:25Z,101.0,Sense
2025-03-27T12:55:35Z,102.0,Sense
2025-03-27T12:55:40Z,101.0,Sense
2025-03-27T12:55:45Z,103.0,Sense
2025-03-27T12:55:50Z,105.0,Sense
2025-03-27T12:55:55Z,106.0,Sense
2025-03-27T12:56:00Z,105.0,Sense
2025-03-27T12:56:10Z,104.0,Sense
2025-03-27T12:56:25Z,104.0,Sense
2025-03-27T12:56:30Z,105.0,Sense
2025-03-27T12:56:35Z,113.0,Sense
2025-03-27T12:56:40Z,115.0,Sense
2025-03-27T12:56:50Z,114.0,Sense
2025-03-27T12:57:00Z,113.0,Sense
2025-03-27T12:57:05Z,112.0,Sense
2025-03-27T12:57:10Z,111.0,Sense
2025-03-27T12:57:15Z,108.0,Sense
2025-03-27T12:57:20Z,105.0,Sense
2025-03-27T12:57:25Z,103.0,Sense
2025-03-27T12:57:30Z,102.0,Sense
2025-03-27T12:57:35Z,103.0,Sense
2025-03-27T12:57:40Z,104.0,Sense
2025-03-27T12:57:45Z,105.0,Sense
2025-03-27T12:57:50Z,108.0,Sense
2025-03-27T12:57:55Z,109.0,Sense
2025-03-27T12:58:05Z,110.0,Sense
2025-03-27T12:58:10Z,109.0,Sense
2025-03-27T12:58:20Z,110.0,Sense
2025-03-27T12:58:30Z,111.0,Sense
2025-03-27T12:58:45Z,113.0,Sense
2025-03-27T12:58:55Z,114.0,Sense
2025-03-27T12:59:00Z,112.0,Sense
2025-03-27T12:59:05Z,111.0,Sense
2025-03-27T12:59:10Z,110.0,Sense
2025-03-27T12:59:20Z,112.0,Sense
2025-03-27T12:59:30Z,111.0,Sense
2025-03-27T12:59:45Z,110.0,Sense
2025-03-27T12:59:50Z,111.0,Sense
2025-03-27T12:59:55Z,110.0,Sense
2025-03-27T13:00:10Z,111.0,Sense
2025-03-27T13:00:25Z,110.0,Sense
2025-03-27T13:00:40Z,110.0,Sense
2025-03-27T13:00:50Z,106.0,Sense
2025-03-27T13:00:55Z,103.0,Sense
2025-03-27T13:01:00Z,100.0,Sense
2025-03-27T13:01:05Z,98.0,Sense
2025-03-27T13:01:10Z,96.0,Sense
2025-03-27T13:01:15Z,95.0,Sense
2025-03-27T13:01:20Z,96.0,Sense
2025-03-27T13:01:25Z,99.0,Sense
2025-03-27T13:01:30Z,101.0,Sense
2025-03-27T13:01:35Z,102.0,Sense
2025-03-27T13:01:40Z,103.0,Sense
2025-03-27T13:01:50Z,102.0,Sense
2025-03-27T13:01:55Z,101.0,Sense
2025-03-27T13:02:00Z,99.0,Sense
2025-03-27T13:02:10Z,98.0,Sense
2025-03-27T13:02:15Z,99.0,Sense
2025-03-27T13:02:25Z,103.0,Sense
2025-03-27T13:02:30Z,104.0,Sense
2025-03-27T13:02:35Z,105.0,Sense
2025-03-27T13:02:40Z,103.0,Sense
2025-03-27T13:02:45Z,101.0,Sense
2025-03-27T13:02:50Z,102.0,Sense
2025-03-27T13:02:55Z,100.0,Sense
2025-03-27T13:03:00Z,99.0,Sense
2025-03-27T13:03:05Z,97.0,Sense
2025-03-27T13:03:10Z,100.0,Sense
2025-03-27T13:03:25Z,99.0,Sense
2025-03-27T13:03:30Z,98.0,Sense
2025-03-27T13:03:35Z,100.0,Sense
2025-03-27T13:03:40Z,98.0,Sense
2025-03-27T13:03:45Z,100.0,Sense
2025-03-27T13:03:50Z,102.0,Sense
2025-03-27T13:03:55Z,103.0,Sense
2025-03-27T13:04:05Z,101.0,Sense
2025-03-27T13:04:10Z,103.0,Sense
2025-03-27T13:04:20Z,102.0,Sense
2025-03-27T13:04:25Z,101.0,Sense
2025-03-27T13:04:30Z,100.0,Sense
2025-03-27T13:04:35Z,98.0,Sense
2025-03-27T13:04:45Z,97.0,Sense
2025-03-27T13:05:00Z,97.0,Sense
2025-03-27T13:05:05Z,99.0,Sense
2025-03-27T13:05:10Z,97.0,Sense
2025-03-27T13:05:15Z,95.0,Sense
2025-03-27T13:05:20Z,93.0,Sense
2025-03-27T13:05:25Z,92.0,Sense
2025-03-27T13:05:30Z,96.0,Sense
2025-03-27T13:05:35Z,93.0,Sense
2025-03-27T13:05:40Z,98.0,Sense
2025-03-27T13:05:50Z,96.0,Sense
2025-03-27T13:06:00Z,95.0,Sense
2025-03-27T13:06:10Z,94.0,Sense
2025-03-27T13:06:15Z,93.0,Sense
2025-03-27T13:06:25Z,89.0,Sense
2025-03-27T13:06:30Z,91.0,Sense
2025-03-27T13:06:35Z,98.0,Sense
2025-03-27T13:06:40Z,95.0,Sense
2025-03-27T13:06:45Z,97.0,Sense
2025-03-27T13:06:50Z,99.0,Sense
2025-03-27T13:06:55Z,98.0,Sense
2025-03-27T13:07:00Z,99.0,Sense
2025-03-27T13:07:05Z,100.0,Sense
2025-03-27T13:07:20Z,101.0,Sense
2025-03-27T13:07:25Z,103.0,Sense
2025-03-27T13:07:30Z,101.0,Sense
2025-03-27T13:07:40Z,100.0,Sense
2025-03-27T13:07:55Z,100.0,Sense
2025-03-27T13:08:00Z,99.0,Sense
2025-03-27T13:08:05Z,100.0,Sense
2025-03-27T13:08:11Z,99.0,Sense
2025-03-27T13:08:16Z,100.0,Sense
2025-03-27T13:08:21Z,98.0,Sense
2025-03-27T13:08:31Z,100.0,Sense
2025-03-27T13:08:36Z,102.0,Sense
2025-03-27T13:08:41Z,103.0,Sense
2025-03-27T13:08:56Z,103.0,Sense
2025-03-27T13:09:01Z,102.0,Sense
2025-03-27T13:09:11Z,100.0,Sense
2025-03-27T13:09:16Z,93.0,Sense
2025-03-27T13:09:21Z,90.0,Sense
2025-03-27T13:09:26Z,94.0,Sense
2025-03-27T13:09:31Z,95.0,Sense
2025-03-27T13:09:41Z,98.0,Sense
2025-03-27T13:09:51Z,95.0,Sense
2025-03-27T13:09:56Z,99.0,Sense
2025-03-27T13:10:01Z,95.0,Sense
2025-03-27T13:10:06Z,99.0,Sense
2025-03-27T13:10:11Z,96.0,Sense
2025-03-27T13:10:16Z,99.0,Sense
2025-03-27T13:10:21Z,98.0,Sense
2025-03-27T13:10:26Z,97.0,Sense
2025-03-27T13:10:31Z,99.0,Sense
2025-03-27T13:10:36Z,97.0,Sense
2025-03-27T13:10:41Z,98.0,Sense
2025-03-27T13:10:46Z,97.0,Sense
2025-03-27T13:10:51Z,96.0,Sense
2025-03-27T13:10:56Z,98.0,Sense
2025-03-27T13:11:01Z,97.0,Sense
2025-03-27T13:11:06Z,98.0,Sense
2025-03-27T13:11:16Z,96.0,Sense
2025-03-27T13:11:21Z,98.0,Sense
2025-03-27T13:11:26Z,96.0,Sense
2025-03-27T13:11:31Z,97.0,Sense
2025-03-27T13:11:36Z,98.0,Sense
2025-03-27T13:11:41Z,99.0,Sense
2025-03-27T13:11:56Z,103.0,Sense
2025-03-27T13:12:01Z,101.0,Sense
2025-03-27T13:12:06Z,102.0,Sense
2025-03-27T13:12:11Z,101.0,Sense
2025-03-27T13:12:16Z,102.0,Sense
2025-03-27T13:12:21Z,103.0,Sense
2025-03-27T13:12:26Z,104.0,Sense
2025-03-27T13:12:31Z,105.0,Sense
2025-03-27T13:12:36Z,103.0,Sense
2025-03-27T13:12:41Z,104.0,Sense
2025-03-27T13:12:51Z,102.0,Sense
2025-03-27T13:12:56Z,101.0,Sense
2025-03-27T13:13:06Z,100.0,Sense
2025-03-27T13:13:21Z,99.0,Sense
2025-03-27T13:13:26Z,100.0,Sense
2025-03-27T13:13:31Z,99.0,Sense
2025-03-27T13:13:36Z,98.0,Sense
2025-03-27T13:13:41Z,97.0,Sense
2025-03-27T13:13:46Z,100.0,Sense
2025-03-27T13:13:51Z,98.0,Sense
2025-03-27T13:13:56Z,100.0,Sense
2025-03-27T13:14:06Z,99.0,Sense
2025-03-27T13:14:11Z,97.0,Sense
2025-03-27T13:14:16Z,99.0,Sense
2025-03-27T13:14:21Z,97.0,Sense
2025-03-27T13:14:26Z,99.0,Sense
2025-03-27T13:14:31Z,100.0,Sense
2025-03-27T13:14:41Z,101.0,Sense
2025-03-27T13:14:46Z,102.0,Sense
2025-03-27T13:14:51Z,103.0,Sense
2025-03-27T13:15:01Z,102.0,Sense
2025-03-27T13:15:11Z,101.0,Sense
2025-03-27T13:15:16Z,99.0,Sense
2025-03-27T13:15:21Z,102.0,Sense
2025-03-27T13:15:26Z,98.0,Sense
2025-03-27T13:15:31Z,99.0,Sense
2025-03-27T13:15:36Z,96.0,Sense
2025-03-27T13:15:41Z,99.0,Sense
2025-03-27T13:15:51Z,100.0,Sense
2025-03-27T13:15:56Z,101.0,Sense
2025-03-27T13:16:01Z,100.0,Sense
2025-03-27T13:16:06Z,98.0,Sense
2025-03-27T13:16:11Z,99.0,Sense
2025-03-27T13:16:16Z,101.0,Sense
2025-03-27T13:16:21Z,99.0,Sense
2025-03-27T13:16:26Z,99.0,Sense
2025-03-27T13:16:31Z,98.0,Sense
2025-03-27T13:16:36Z,95.0,Sense
2025-03-27T13:16:41Z,98.0,Sense
2025-03-27T13:16:46Z,97.0,Sense
2025-03-27T13:16:51Z,98.0,Sense
2025-03-27T13:16:56Z,101.0,Sense
2025-03-27T13:17:01Z,100.0,Sense
2025-03-27T13:17:06Z,96.0,Sense
2025-03-27T13:17:21Z,94.0,Sense
2025-03-27T13:17:26Z,95.0,Sense
2025-03-27T13:17:36Z,94.0,Sense
2025-03-27T13:17:41Z,92.0,Sense
2025-03-27T13:17:56Z,91.0,Sense
2025-03-27T13:18:01Z,94.0,Sense
2025-03-27T13:18:11Z,90.0,Sense
2025-03-27T13:18:21Z,89.0,Sense
2025-03-27T13:18:26Z,91.0,Sense
2025-03-27T13:18:31Z,93.0,Sense
2025-03-27T13:18:36Z,94.0,Sense
2025-03-27T13:18:41Z,95.0,Sense
2025-03-27T13:18:46Z,94.0,Sense
2025-03-27T13:18:51Z,95.0,Sense
2025-03-27T13:19:01Z,97.0,Sense
2025-03-27T13:19:06Z,95.0,Sense
2025-03-27T13:19:11Z,93.0,Sense
2025-03-27T13:19:16Z,91.0,Sense
2025-03-27T13:19:21Z,94.0,Sense
2025-03-27T13:19:26Z,90.0,Sense
2025-03-27T13:19:36Z,89.0,Sense
2025-03-27T13:19:41Z,88.0,Sense
2025-03-27T13:19:46Z,89.0,Sense
2025-03-27T13:19:51Z,92.0,Sense
2025-03-27T13:19:56Z,97.0,Sense
2025-03-27T13:20:01Z,92.0,Sense
2025-03-27T13:20:11Z,95.0,Sense
2025-03-27T13:20:16Z,93.0,Sense
2025-03-27T13:20:26Z,87.0,Sense
2025-03-27T13:20:31Z,90.0,Sense
2025-03-27T13:20:46Z,96.0,Sense
2025-03-27T13:20:51Z,95.0,Sense
2025-03-27T13:20:56Z,98.0,Sense
2025-03-27T13:21:01Z,99.0,Sense
2025-03-27T13:21:06Z,94.0,Sense
2025-03-27T13:21:11Z,92.0,Sense
2025-03-27T13:21:16Z,90.0,Sense
2025-03-27T13:21:26Z,89.0,Sense
2025-03-27T13:21:31Z,86.0,Sense
2025-03-27T13:21:36Z,87.0,Sense
2025-03-27T13:21:41Z,83.0,Sense
2025-03-27T13:21:46Z,86.0,Sense
2025-03-27T13:21:51Z,89.0,Sense
2025-03-27T13:21:56Z,90.0,Sense
2025-03-27T13:22:01Z,95.0,Sense
2025-03-27T13:22:06Z,97.0,Sense
2025-03-27T13:22:16Z,96.0,Sense
2025-03-27T13:22:21Z,94.0,Sense
2025-03-27T13:22:26Z,93.0,Sense
2025-03-27T13:22:41Z,96.0,Sense
2025-03-27T13:22:46Z,95.0,Sense
2025-03-27T13:22:51Z,101.0,Sense
2025-03-27T13:22:56Z,96.0,Sense
2025-03-27T13:23:06Z,95.0,Sense
2025-03-27T13:23:16Z,94.0,Sense
2025-03-27T13:23:21Z,95.0,Sense
2025-03-27T13:23:26Z,94.0,Sense
2025-03-27T13:23:31Z,95.0,Sense
2025-03-27T13:23:36Z,96.0,Sense
2025-03-27T13:23:46Z,98.0,Sense
2025-03-27T13:23:51Z,95.0,Sense
2025-03-27T13:24:01Z,94.0,Sense
2025-03-27T13:24:06Z,96.0,Sense
2025-03-27T13:24:11Z,95.0,Sense
2025-03-27T13:24:16Z,94.0,Sense
2025-03-27T13:24:26Z,96.0,Sense
2025-03-27T13:24:31Z,97.0,Sense
2025-03-27T13:24:36Z,98.0,Sense
2025-03-27T13:24:41Z,96.0,Sense
2025-03-27T13:24:51Z,95.0,Sense
2025-03-27T13:25:01Z,94.0,Sense
2025-03-27T13:25:16Z,93.0,Sense
2025-03-27T13:25:21Z,91.0,Sense
2025-03-27T13:25:26Z,93.0,Sense
2025-03-27T13:25:31Z,92.0,Sense
2025-03-27T13:25:36Z,91.0,Sense
2025-03-27T13:25:41Z,90.0,Sense
2025-03-27T13:25:46Z,91.0,Sense
2025-03-27T13:26:01Z,92.0,Sense
2025-03-27T13:26:06Z,93.0,Sense
2025-03-27T13:26:11Z,92.0,Sense
2025-03-27T13:26:16Z,94.0,Sense
2025-03-27T13:26:21Z,95.0,Sense
2025-03-27T13:26:36Z,96.0,Sense
2025-03-27T13:26:41Z,97.0,Sense
2025-03-27T13:26:46Z,98.0,Sense
2025-03-27T13:27:01Z,97.0,Sense
2025-03-27T13:27:06Z,98.0,Sense
2025-03-27T13:27:11Z,95.0,Sense
2025-03-27T13:27:16Z,96.0,Sense
2025-03-27T13:27:21Z,93.0,Sense
2025-03-27T13:27:26Z,97.0,Sense
2025-03-27T13:27:36Z,99.0,Sense
2025-03-27T13:27:41Z,101.0,Sense
2025-03-27T13:27:46Z,99.0,Sense
2025-03-27T13:27:56Z,98.0,Sense
2025-03-27T13:28:06Z,96.0,Sense
2025-03-27T13:28:11Z,99.0,Sense
2025-03-27T13:28:16Z,98.0,Sense
2025-03-27T13:28:21Z,99.0,Sense
2025-03-27T13:28:26Z,101.0,Sense
2025-03-27T13:28:31Z,100.0,Sense
2025-03-27T13:28:41Z,98.0,Sense
2025-03-27T13:28:46Z,95.0,Sense
2025-03-27T13:28:56Z,98.0,Sense
2025-03-27T13:29:01Z,99.0,Sense
2025-03-27T13:29:11Z,101.0,Sense
2025-03-27T13:29:21Z,100.0,Sense
2025-03-27T13:29:31Z,102.0,Sense
2025-03-27T13:29:36Z,100.0,Sense
2025-03-27T13:29:41Z,101.0,Sense
2025-03-27T13:29:46Z,98.0,Sense
2025-03-27T13:29:51Z,96.0,Sense
2025-03-27T13:29:56Z,95.0,Sense
2025-03-27T13:30:06Z,96.0,Sense
2025-03-27T13:30:11Z,94.0,Sense
2025-03-27T13:30:16Z,95.0,Sense
2025-03-27T13:30:26Z,96.0,Sense
2025-03-27T13:30:36Z,97.0,Sense
2025-03-27T13:30:41Z,95.0,Sense
2025-03-27T13:30:46Z,94.0,Sense
2025-03-27T13:30:51Z,95.0,Sense
2025-03-27T13:30:56Z,93.0,Sense
2025-03-27T13:31:01Z,95.0,Sense
2025-03-27T13:31:11Z,96.0,Sense
2025-03-27T13:31:21Z,95.0,Sense
2025-03-27T13:31:26Z,96.0,Sense
2025-03-27T13:31:36Z,95.0,Sense
2025-03-27T13:31:41Z,94.0,Sense
2025-03-27T13:31:46Z,97.0,Sense
2025-03-27T13:31:56Z,100.0,Sense
2025-03-27T13:32:01Z,98.0,Sense
2025-03-27T13:32:06Z,97.0,Sense
2025-03-27T13:32:11Z,98.0,Sense
2025-03-27T13:32:16Z,97.0,Sense
2025-03-27T13:32:21Z,100.0,Sense
2025-03-27T13:32:26Z,99.0,Sense
2025-03-27T13:32:36Z,100.0,Sense
2025-03-27T13:32:41Z,99.0,Sense
2025-03-27T13:32:56Z,101.0,Sense
2025-03-27T13:33:06Z,102.0,Sense
2025-03-27T13:33:11Z,104.0,Sense
2025-03-27T13:33:21Z,103.0,Sense
2025-03-27T13:33:26Z,102.0,Sense
2025-03-27T13:33:31Z,99.0,Sense
2025-03-27T13:33:36Z,97.0,Sense
2025-03-27T13:33:41Z,98.0,Sense
2025-03-27T13:33:51Z,99.0,Sense
2025-03-27T13:33:56Z,97.0,Sense
2025-03-27T13:34:01Z,98.0,Sense
2025-03-27T13:34:06Z,99.0,Sense
2025-03-27T13:34:16Z,100.0,Sense
2025-03-27T13:34:31Z,100.0,Sense
2025-03-27T13:34:36Z,100.0,Sense
2025-03-27T13:34:41Z,101.0,Sense
2025-03-27T13:34:46Z,99.0,Sense
2025-03-27T13:34:51Z,101.0,Sense
2025-03-27T13:34:56Z,102.0,Sense
2025-03-27T13:35:01Z,101.0,Sense
2025-03-27T13:35:06Z,102.0,Sense
2025-03-27T13:35:11Z,101.0,Sense
2025-03-27T13:35:16Z,102.0,Sense
2025-03-27T13:35:21Z,101.0,Sense
2025-03-27T13:35:26Z,100.0,Sense
2025-03-27T13:35:36Z,99.0,Sense
2025-03-27T13:35:41Z,100.0,Sense
2025-03-27T13:35:51Z,101.0,Sense
2025-03-27T13:35:56Z,102.0,Sense
2025-03-27T13:36:01Z,105.0,Sense
2025-03-27T13:36:06Z,106.0,Sense
2025-03-27T13:36:11Z,105.0,Sense
2025-03-27T13:36:16Z,104.0,Sense
2025-03-27T13:36:26Z,102.0,Sense
2025-03-27T13:36:41Z,104.0,Sense
2025-03-27T13:36:46Z,103.0,Sense
2025-03-27T13:36:51Z,104.0,Sense
2025-03-27T13:36:56Z,102.0,Sense
2025-03-27T13:37:01Z,101.0,Sense
2025-03-27T13:37:11Z,103.0,Sense
2025-03-27T13:37:16Z,101.0,Sense
2025-03-27T13:37:21Z,100.0,Sense
2025-03-27T13:37:26Z,97.0,Sense
2025-03-27T13:37:31Z,99.0,Sense
2025-03-27T13:37:36Z,98.0,Sense
2025-03-27T13:37:46Z,94.0,Sense
2025-03-27T13:37:51Z,93.0,Sense
2025-03-27T13:37:56Z,92.0,Sense
2025-03-27T13:38:01Z,96.0,Sense
2025-03-27T13:38:06Z,97.0,Sense
2025-03-27T13:38:16Z,99.0,Sense
2025-03-27T13:38:26Z,98.0,Sense
2025-03-27T13:38:31Z,99.0,Sense
2025-03-27T13:38:41Z,100.0,Sense
2025-03-27T13:38:46Z,99.0,Sense
2025-03-27T13:38:56Z,98.0,Sense
2025-03-27T13:39:01Z,102.0,Sense
2025-03-27T13:39:06Z,99.0,Sense
2025-03-27T13:39:11Z,101.0,Sense
2025-03-27T13:39:16Z,96.0,Sense
2025-03-27T13:39:21Z,97.0,Sense
2025-03-27T13:39:31Z,102.0,Sense
2025-03-27T13:39:36Z,103.0,Sense
2025-03-27T13:39:41Z,105.0,Sense
2025-03-27T13:39:46Z,97.0,Sense
2025-03-27T13:39:51Z,102.0,Sense
2025-03-27T13:39:56Z,101.0,Sense
2025-03-27T13:40:01Z,97.0,Sense
2025-03-27T13:40:06Z,99.0,Sense
2025-03-27T13:40:16Z,95.0,Sense
2025-03-27T13:40:21Z,98.0,Sense
2025-03-27T13:40:26Z,102.0,Sense
2025-03-27T13:40:31Z,101.0,Sense
2025-03-27T13:40:46Z,101.0,Sense
2025-03-27T13:40:51Z,102.0,Sense
2025-03-27T13:40:56Z,98.0,Sense
2025-03-27T13:41:01Z,101.0,Sense
2025-03-27T13:41:06Z,98.0,Sense
2025-03-27T13:41:11Z,100.0,Sense
2025-03-27T13:41:16Z,98.0,Sense
2025-03-27T13:41:21Z,96.0,Sense
2025-03-27T13:41:26Z,97.0,Sense
2025-03-27T13:41:31Z,100.0,Sense
2025-03-27T13:41:36Z,101.0,Sense
2025-03-27T13:41:41Z,104.0,Sense
2025-03-27T13:41:56Z,107.0,Sense
2025-03-27T13:42:01Z,108.0,Sense
2025-03-27T13:42:06Z,109.0,Sense
2025-03-27T13:42:11Z,111.0,Sense
2025-03-27T13:42:16Z,112.0,Sense
2025-03-27T13:42:21Z,111.0,Sense
2025-03-27T13:42:31Z,112.0,Sense
2025-03-27T13:42:36Z,111.0,Sense
2025-03-27T13:42:41Z,112.0,Sense
2025-03-27T13:42:46Z,111.0,Sense
2025-03-27T13:42:51Z,112.0,Sense
2025-03-27T13:43:06Z,112.0,Sense
2025-03-27T13:43:11Z,110.0,Sense
2025-03-27T13:43:21Z,111.0,Sense
2025-03-27T13:43:26Z,112.0,Sense
2025-03-27T13:43:36Z,111.0,Sense
2025-03-27T13:43:41Z,110.0,Sense
2025-03-27T13:43:56Z,110.0,Sense
2025-03-27T13:44:11Z,109.0,Sense
2025-03-27T13:44:16Z,108.0,Sense
2025-03-27T13:44:26Z,107.0,Sense
2025-03-27T13:44:36Z,106.0,Sense
2025-03-27T13:44:46Z,107.0,Sense
2025-03-27T13:45:01Z,105.0,Sense
2025-03-27T13:45:06Z,104.0,Sense
2025-03-27T13:45:11Z,105.0,Sense
2025-03-27T13:45:21Z,103.0,Sense
2025-03-27T13:45:26Z,102.0,Sense
2025-03-27T13:45:36Z,110.0,Sense
2025-03-27T13:45:51Z,111.0,Sense
2025-03-27T13:45:56Z,112.0,Sense
2025-03-27T13:46:01Z,114.0,Sense
2025-03-27T13:46:06Z,113.0,Sense
2025-03-27T13:46:11Z,112.0,Sense
2025-03-27T13:46:16Z,109.0,Sense
2025-03-27T13:46:21Z,107.0,Sense
2025-03-27T13:46:26Z,107.0,Sense
2025-03-27T13:46:31Z,109.0,Sense
2025-03-27T13:46:36Z,107.0,Sense
2025-03-27T13:46:41Z,106.0,Sense
2025-03-27T13:46:46Z,107.0,Sense
2025-03-27T13:46:51Z,108.0,Sense
2025-03-27T13:46:56Z,109.0,Sense
2025-03-27T13:47:01Z,113.0,Sense
2025-03-27T13:47:06Z,111.0,Sense
2025-03-27T13:47:11Z,110.0,Sense
2025-03-27T13:47:16Z,112.0,Sense
2025-03-27T13:47:21Z,113.0,Sense
2025-03-27T13:47:26Z,116.0,Sense
2025-03-27T13:47:31Z,119.0,Sense
2025-03-27T13:47:36Z,118.0,Sense
2025-03-27T13:47:46Z,116.0,Sense
2025-03-27T13:47:51Z,115.0,Sense
2025-03-27T13:47:59Z,115.0,Sense
2025-03-27T13:48:09Z,119.0,Sense
2025-03-27T13:48:14Z,118.0,Sense
2025-03-27T13:48:19Z,115.0,Sense
2025-03-27T13:48:24Z,113.0,Sense
2025-03-27T13:48:29Z,110.0,Sense
2025-03-27T13:48:39Z,106.0,Sense
2025-03-27T13:48:44Z,100.0,Sense
2025-03-27T13:48:49Z,97.0,Sense
2025-03-27T13:48:54Z,100.0,Sense
2025-03-27T13:48:59Z,97.0,Sense
2025-03-27T13:49:04Z,102.0,Sense
2025-03-27T13:49:09Z,103.0,Sense
2025-03-27T13:49:19Z,104.0,Sense
2025-03-27T13:49:24Z,103.0,Sense
2025-03-27T13:49:39Z,103.0,Sense
2025-03-27T13:49:44Z,101.0,Sense
2025-03-27T13:49:49Z,97.0,Sense
2025-03-27T13:49:54Z,95.0,Sense
2025-03-27T13:49:59Z,98.0,Sense
2025-03-27T13:50:09Z,93.0,Sense
2025-03-27T13:50:14Z,94.0,Sense
2025-03-27T13:50:19Z,95.0,Sense
2025-03-27T13:50:24Z,98.0,Sense
2025-03-27T13:50:29Z,96.0,Sense
2025-03-27T13:50:34Z,89.0,Sense
2025-03-27T13:50:39Z,86.0,Sense
2025-03-27T13:50:44Z,85.0,Sense
2025-03-27T13:50:49Z,87.0,Sense
2025-03-27T13:50:54Z,86.0,Sense
2025-03-27T13:50:59Z,85.0,Sense
2025-03-27T13:51:09Z,86.0,Sense
2025-03-27T13:51:14Z,85.0,Sense
2025-03-27T13:51:19Z,83.0,Sense
2025-03-27T13:51:24Z,84.0,Sense
2025-03-27T13:51:29Z,83.0,Sense
2025-03-27T13:51:34Z,85.0,Sense
2025-03-27T13:51:39Z,88.0,Sense
2025-03-27T13:51:44Z,82.0,Sense
2025-03-27T13:51:49Z,80.0,Sense
2025-03-27T13:51:54Z,87.0,Sense
2025-03-27T13:51:59Z,90.0,Sense
2025-03-27T13:52:04Z,89.0,Sense
2025-03-27T13:52:14Z,90.0,Sense
2025-03-27T13:52:19Z,88.0,Sense
2025-03-27T13:52:24Z,84.0,Sense
2025-03-27T13:52:29Z,81.0,Sense
2025-03-27T13:52:34Z,79.0,Sense
2025-03-27T13:52:39Z,81.0,Sense
2025-03-27T13:52:44Z,85.0,Sense
2025-03-27T13:52:49Z,84.0,Sense
2025-03-27T13:52:59Z,85.0,Sense
2025-03-27T13:53:14Z,86.0,Sense
2025-03-27T13:53:19Z,87.0,Sense
2025-03-27T13:53:24Z,80.0,Sense
2025-03-27T13:53:29Z,78.0,Sense
2025-03-27T13:53:34Z,82.0,Sense
2025-03-27T13:53:44Z,88.0,Sense
2025-03-27T13:53:49Z,89.0,Sense
2025-03-27T13:53:54Z,91.0,Sense
2025-03-27T13:54:04Z,89.0,Sense
2025-03-27T13:54:09Z,88.0,Sense
2025-03-27T13:54:14Z,92.0,Sense
2025-03-27T13:54:19Z,93.0,Sense
2025-03-27T14:16:12Z,86.0,Sense
2025-03-27T14:16:22Z,88.0,Sense
2025-03-27T14:16:27Z,90.0,Sense
2025-03-27T14:16:32Z,95.0,Sense
2025-03-27T14:16:42Z,96.0,Sense
2025-03-27T14:16:47Z,94.0,Sense
2025-03-27T14:16:52Z,96.0,Sense
2025-03-27T14:16:57Z,98.0,Sense
2025-03-27T14:17:02Z,96.0,Sense
2025-03-27T14:17:07Z,98.0,Sense
2025-03-27T14:17:12Z,99.0,Sense
2025-03-27T14:17:17Z,102.0,Sense
2025-03-27T14:17:22Z,101.0,Sense
2025-03-27T14:17:27Z,102.0,Sense
2025-03-27T14:17:32Z,103.0,Sense
2025-03-27T14:17:42Z,106.0,Sense
2025-03-27T14:17:47Z,105.0,Sense
2025-03-27T14:17:52Z,106.0,Sense
2025-03-27T14:17:57Z,104.0,Sense
2025-03-27T14:18:02Z,101.0,Sense
2025-03-27T14:18:12Z,99.0,Sense
2025-03-27T14:18:22Z,101.0,Sense
2025-03-27T14:18:27Z,105.0,Sense
2025-03-27T14:18:32Z,109.0,Sense
2025-03-27T14:18:37Z,107.0,Sense
2025-03-27T14:18:42Z,108.0,Sense
2025-03-27T14:18:47Z,107.0,Sense
2025-03-27T14:18:52Z,109.0,Sense
2025-03-27T14:19:07Z,110.0,Sense
2025-03-27T14:19:12Z,109.0,Sense
2025-03-27T14:19:27Z,110.0,Sense
2025-03-27T14:19:32Z,109.0,Sense
2025-03-27T14:19:37Z,108.0,Sense
2025-03-27T14:19:42Z,106.0,Sense
2025-03-27T14:19:52Z,101.0,Sense
2025-03-27T14:19:57Z,96.0,Sense
2025-03-27T14:20:02Z,92.0,Sense
2025-03-27T14:20:07Z,91.0,Sense
2025-03-27T14:20:17Z,90.0,Sense
2025-03-27T14:20:22Z,89.0,Sense
2025-03-27T14:20:27Z,85.0,Sense
2025-03-27T14:20:32Z,84.0,Sense
2025-03-27T14:20:42Z,85.0,Sense
2025-03-27T14:20:57Z,83.0,Sense
2025-03-27T14:21:02Z,82.0,Sense
2025-03-27T14:21:07Z,81.0,Sense
2025-03-27T14:21:22Z,82.0,Sense
2025-03-27T14:21:27Z,84.0,Sense
2025-03-27T14:21:32Z,83.0,Sense
2025-03-27T14:21:42Z,86.0,Sense
2025-03-27T14:21:47Z,89.0,Sense
2025-03-27T14:21:52Z,90.0,Sense
2025-03-27T14:21:57Z,91.0,Sense
2025-03-27T14:22:02Z,89.0,Sense
2025-03-27T14:22:07Z,87.0,Sense
2025-03-27T14:22:22Z,84.0,Sense
2025-03-27T14:22:27Z,82.0,Sense
2025-03-27T14:22:32Z,81.0,Sense
2025-03-27T14:22:37Z,79.0,Sense
2025-03-27T14:22:52Z,79.0,Sense
2025-03-27T14:23:02Z,80.0,Sense
2025-03-27T14:23:07Z,81.0,Sense
2025-03-27T14:23:22Z,81.0,Sense
2025-03-27T14:23:37Z,82.0,Sense
2025-03-27T14:23:42Z,83.0,Sense
2025-03-27T14:23:57Z,84.0,Sense
2025-03-27T14:24:02Z,85.0,Sense
2025-03-27T14:24:12Z,84.0,Sense
2025-03-27T14:24:17Z,83.0,Sense
2025-03-27T14:24:22Z,82.0,Sense
2025-03-27T14:24:27Z,81.0,Sense
2025-03-27T14:24:32Z,81.0,Sense
2025-03-27T14:24:37Z,82.0,Sense
2025-03-27T14:24:42Z,83.0,Sense
2025-03-27T14:24:47Z,83.0,Sense
2025-03-27T14:24:52Z,82.0,Sense
2025-03-27T14:25:02Z,81.0,Sense
2025-03-27T14:25:07Z,79.0,Sense
2025-03-27T14:25:12Z,80.0,Sense
2025-03-27T14:25:27Z,80.0,Sense
2025-03-27T14:25:32Z,81.0,Sense
2025-03-27T14:25:37Z,80.0,Sense
2025-03-27T14:25:42Z,79.0,Sense
2025-03-27T14:25:52Z,78.0,Sense
2025-03-27T14:25:57Z,78.0,Sense
2025-03-27T14:26:02Z,80.0,Sense
2025-03-27T14:26:07Z,81.0,Sense
2025-03-27T14:26:12Z,82.0,Sense
2025-03-27T14:26:27Z,82.0,Sense
2025-03-27T14:26:32Z,83.0,Sense
2025-03-27T14:26:42Z,84.0,Sense
2025-03-27T14:26:52Z,85.0,Sense
2025-03-27T14:26:57Z,86.0,Sense
2025-03-27T14:27:02Z,87.0,Sense
2025-03-27T14:27:07Z,86.0,Sense
2025-03-27T14:27:12Z,84.0,Sense
2025-03-27T14:27:22Z,82.0,Sense
2025-03-27T14:27:27Z,81.0,Sense
2025-03-27T14:27:32Z,80.0,Sense
2025-03-27T14:27:42Z,80.0,Sense
2025-03-27T14:27:57Z,80.0,Sense
2025-03-27T14:28:12Z,80.0,Sense
2025-03-27T14:28:27Z,80.0,Sense
2025-03-27T14:28:42Z,80.0,Sense
2025-03-27T14:28:52Z,81.0,Sense
2025-03-27T14:28:57Z,82.0,Sense
2025-03-27T14:29:07Z,81.0,Sense
2025-03-27T14:29:12Z,82.0,Sense
2025-03-27T14:29:17Z,84.0,Sense
2025-03-27T14:29:22Z,84.0,Sense
2025-03-27T14:29:32Z,85.0,Sense
2025-03-27T14:29:42Z,84.0,Sense
2025-03-27T14:29:52Z,82.0,Sense
2025-03-27T14:29:57Z,80.0,Sense
2025-03-27T14:30:12Z,81.0,Sense
2025-03-27T14:30:22Z,80.0,Sense
2025-03-27T14:30:37Z,80.0,Sense
2025-03-27T14:30:47Z,79.0,Sense
2025-03-27T14:30:52Z,77.0,Sense
2025-03-27T14:31:02Z,78.0,Sense
2025-03-27T14:31:12Z,80.0,Sense
2025-03-27T14:31:17Z,81.0,Sense
2025-03-27T14:31:22Z,81.0,Sense
2025-03-27T14:31:37Z,81.0,Sense
2025-03-27T14:31:47Z,83.0,Sense
2025-03-27T14:31:57Z,82.0,Sense
2025-03-27T14:32:02Z,81.0,Sense
2025-03-27T14:32:17Z,79.0,Sense
2025-03-27T14:32:22Z,76.0,Sense
2025-03-27T14:32:27Z,75.0,Sense
2025-03-27T14:32:32Z,76.0,Sense
2025-03-27T14:32:37Z,78.0,Sense
2025-03-27T14:32:42Z,79.0,Sense
2025-03-27T14:32:47Z,78.0,Sense
2025-03-27T14:32:52Z,78.0,Sense
2025-03-27T14:32:57Z,78.0,Sense
2025-03-27T14:33:07Z,77.0,Sense
2025-03-27T14:33:12Z,77.0,Sense
2025-03-27T14:33:17Z,78.0,Sense
2025-03-27T14:33:32Z,78.0,Sense
2025-03-27T14:33:42Z,79.0,Sense
2025-03-27T14:33:47Z,79.0,Sense
2025-03-27T14:33:52Z,81.0,Sense
2025-03-27T14:33:57Z,82.0,Sense
2025-03-27T14:34:02Z,84.0,Sense
2025-03-27T14:34:07Z,85.0,Sense
2025-03-27T14:34:17Z,84.0,Sense
2025-03-27T14:34:22Z,82.0,Sense
2025-03-27T14:34:27Z,81.0,Sense
2025-03-27T14:34:32Z,80.0,Sense
2025-03-27T14:34:47Z,80.0,Sense
2025-03-27T14:34:52Z,79.0,Sense
2025-03-27T14:34:57Z,75.0,Sense
2025-03-27T14:35:07Z,75.0,Sense
2025-03-27T14:35:22Z,75.0,Sense
2025-03-27T14:35:27Z,74.0,Sense
2025-03-27T14:35:32Z,73.0,Sense
2025-03-27T14:35:47Z,73.0,Sense
2025-03-27T14:35:52Z,74.0,Sense
2025-03-27T14:35:57Z,75.0,Sense
2025-03-27T14:36:12Z,75.0,Sense
2025-03-27T14:36:27Z,76.0,Sense
2025-03-27T14:36:32Z,76.0,Sense
2025-03-27T14:36:47Z,76.0,Sense
2025-03-27T14:36:52Z,77.0,Sense
2025-03-27T14:37:07Z,77.0,Sense
2025-03-27T14:37:12Z,77.0,Sense
2025-03-27T14:37:17Z,78.0,Sense
2025-03-27T14:37:22Z,77.0,Sense
2025-03-27T14:37:32Z,79.0,Sense
2025-03-27T14:37:37Z,82.0,Sense
2025-03-27T14:37:42Z,81.0,Sense
2025-03-27T14:37:47Z,79.0,Sense
2025-03-27T14:37:52Z,77.0,Sense
2025-03-27T14:37:57Z,76.0,Sense
2025-03-27T14:38:12Z,76.0,Sense
2025-03-27T14:38:17Z,77.0,Sense
2025-03-27T14:38:22Z,77.0,Sense
2025-03-27T14:38:27Z,76.0,Sense
2025-03-27T14:38:37Z,75.0,Sense
2025-03-27T14:38:42Z,77.0,Sense
2025-03-27T14:38:47Z,76.0,Sense
2025-03-27T14:38:52Z,74.0,Sense
2025-03-27T14:38:57Z,71.0,Sense
2025-03-27T14:39:02Z,69.0,Sense
2025-03-27T14:39:07Z,70.0,Sense
2025-03-27T14:39:12Z,71.0,Sense
2025-03-27T14:39:17Z,72.0,Sense
2025-03-27T14:39:22Z,73.0,Sense
2025-03-27T14:39:27Z,74.0,Sense
2025-03-27T14:39:32Z,77.0,Sense
2025-03-27T14:39:37Z,76.0,Sense
2025-03-27T14:39:42Z,73.0,Sense
2025-03-27T14:39:47Z,73.0,Sense
2025-03-27T14:39:52Z,72.0,Sense
2025-03-27T14:40:02Z,73.0,Sense
2025-03-27T14:40:07Z,74.0,Sense
2025-03-27T14:40:12Z,75.0,Sense
2025-03-27T14:40:17Z,74.0,Sense
2025-03-27T14:40:27Z,75.0,Sense
2025-03-27T14:40:32Z,75.0,Sense
2025-03-27T14:40:47Z,76.0,Sense
2025-03-27T14:40:52Z,78.0,Sense
2025-03-27T14:40:57Z,77.0,Sense
2025-03-27T14:41:02Z,75.0,Sense
2025-03-27T14:41:07Z,74.0,Sense
2025-03-27T14:41:12Z,71.0,Sense
2025-03-27T14:41:27Z,71.0,Sense
2025-03-27T14:41:32Z,73.0,Sense
2025-03-27T14:41:47Z,74.0,Sense
2025-03-27T14:41:52Z,75.0,Sense
2025-03-27T14:41:57Z,76.0,Sense
2025-03-27T14:42:02Z,77.0,Sense
2025-03-27T14:42:17Z,79.0,Sense
2025-03-27T14:42:22Z,76.0,Sense
2025-03-27T14:42:27Z,75.0,Sense
2025-03-27T14:42:32Z,75.0,Sense
2025-03-27T14:42:42Z,74.0,Sense
2025-03-27T14:42:47Z,71.0,Sense
2025-03-27T14:42:52Z,70.0,Sense
2025-03-27T14:42:57Z,71.0,Sense
2025-03-27T14:43:02Z,72.0,Sense
2025-03-27T14:43:07Z,72.0,Sense
2025-03-27T14:43:12Z,72.0,Sense
2025-03-27T14:43:17Z,73.0,Sense
2025-03-27T14:43:22Z,74.0,Sense
2025-03-27T14:43:27Z,75.0,Sense
2025-03-27T14:43:42Z,74.0,Sense
2025-03-27T14:43:52Z,75.0,Sense
2025-03-27T14:43:57Z,76.0,Sense
2025-03-27T14:44:12Z,76.0,Sense
2025-03-27T14:44:17Z,75.0,Sense
2025-03-27T14:44:27Z,77.0,Sense
2025-03-27T14:44:32Z,79.0,Sense
2025-03-27T14:44:37Z,81.0,Sense
2025-03-27T14:44:42Z,79.0,Sense
2025-03-27T14:44:47Z,78.0,Sense
2025-03-27T14:44:52Z,77.0,Sense
2025-03-27T14:44:57Z,75.0,Sense
2025-03-27T14:45:02Z,74.0,Sense
2025-03-27T14:45:07Z,73.0,Sense
2025-03-27T14:45:17Z,76.0,Sense
2025-03-27T14:45:22Z,75.0,Sense
2025-03-27T14:45:27Z,74.0,Sense
2025-03-27T14:45:42Z,74.0,Sense
2025-03-27T14:45:52Z,73.0,Sense
2025-03-27T14:46:02Z,74.0,Sense
2025-03-27T14:46:07Z,75.0,Sense
2025-03-27T14:46:22Z,76.0,Sense
2025-03-27T14:46:27Z,76.0,Sense
2025-03-27T14:46:37Z,79.0,Sense
2025-03-27T14:46:42Z,82.0,Sense
2025-03-27T14:46:47Z,83.0,Sense
2025-03-27T14:46:52Z,81.0,Sense
2025-03-27T14:46:57Z,81.0,Sense
2025-03-27T14:47:02Z,80.0,Sense
2025-03-27T14:47:07Z,75.0,Sense
2025-03-27T14:47:12Z,71.0,Sense
2025-03-27T14:47:22Z,72.0,Sense
2025-03-27T14:47:27Z,72.0,Sense
2025-03-27T14:47:32Z,71.0,Sense
2025-03-27T14:47:37Z,72.0,Sense
2025-03-27T14:47:42Z,74.0,Sense
2025-03-27T14:47:47Z,75.0,Sense
2025-03-27T14:47:52Z,75.0,Sense
2025-03-27T14:47:57Z,73.0,Sense
2025-03-27T14:48:02Z,72.0,Sense
2025-03-27T14:48:12Z,76.0,Sense
2025-03-27T14:48:17Z,80.0,Sense
2025-03-27T14:48:27Z,78.0,Sense
2025-03-27T14:48:32Z,78.0,Sense
2025-03-27T14:48:42Z,77.0,Sense
2025-03-27T14:48:47Z,76.0,Sense
2025-03-27T14:48:52Z,74.0,Sense
2025-03-27T14:48:57Z,73.0,Sense
2025-03-27T14:49:02Z,74.0,Sense
2025-03-27T14:49:07Z,75.0,Sense
2025-03-27T14:49:22Z,75.0,Sense
2025-03-27T14:49:27Z,74.0,Sense
2025-03-27T14:49:32Z,73.0,Sense
2025-03-27T14:49:42Z,75.0,Sense
2025-03-27T14:49:47Z,78.0,Sense
2025-03-27T14:49:52Z,77.0,Sense
2025-03-27T14:49:57Z,74.0,Sense
2025-03-27T14:50:02Z,73.0,Sense
2025-03-27T14:50:12Z,72.0,Sense
2025-03-27T14:50:27Z,72.0,Sense
2025-03-27T14:50:42Z,72.0,Sense
2025-03-27T14:50:47Z,73.0,Sense
2025-03-27T14:50:52Z,75.0,Sense
2025-03-27T14:51:02Z,74.0,Sense
2025-03-27T14:51:17Z,74.0,Sense
2025-03-27T14:51:32Z,73.0,Sense
2025-03-27T14:51:42Z,74.0,Sense
2025-03-27T14:51:47Z,75.0,Sense
2025-03-27T14:51:57Z,74.0,Sense
2025-03-27T14:52:02Z,73.0,Sense
2025-03-27T14:52:07Z,72.0,Sense
2025-03-27T14:52:12Z,71.0,Sense
2025-03-27T14:52:17Z,72.0,Sense
2025-03-27T14:52:27Z,72.0,Sense
2025-03-27T14:52:32Z,72.0,Sense
2025-03-27T14:52:42Z,73.0,Sense
2025-03-27T14:52:47Z,74.0,Sense
2025-03-27T14:52:52Z,73.0,Sense
2025-03-27T14:52:57Z,72.0,Sense
2025-03-27T14:53:02Z,73.0,Sense
2025-03-27T14:53:07Z,75.0,Sense
2025-03-27T14:53:12Z,76.0,Sense
2025-03-27T14:53:17Z,77.0,Sense
2025-03-27T14:53:32Z,78.0,Sense
2025-03-27T14:53:37Z,79.0,Sense
2025-03-27T14:53:42Z,78.0,Sense
2025-03-27T14:53:52Z,78.0,Sense
2025-03-27T14:53:57Z,76.0,Sense
2025-03-27T14:54:02Z,73.0,Sense
2025-03-27T14:54:07Z,72.0,Sense
2025-03-27T14:54:22Z,73.0,Sense
2025-03-27T14:54:27Z,74.0,Sense
2025-03-27T14:54:32Z,73.0,Sense
2025-03-27T14:54:37Z,72.0,Sense
2025-03-27T14:54:52Z,72.0,Sense
2025-03-27T14:55:07Z,73.0,Sense
2025-03-27T14:55:17Z,74.0,Sense
2025-03-27T14:55:22Z,74.0,Sense
2025-03-27T14:55:27Z,74.0,Sense
2025-03-27T14:55:37Z,73.0,Sense
2025-03-27T14:55:42Z,71.0,Sense
2025-03-27T14:55:47Z,70.0,Sense
2025-03-27T14:55:57Z,71.0,Sense
2025-03-27T14:56:07Z,72.0,Sense
2025-03-27T14:56:12Z,73.0,Sense
2025-03-27T14:56:17Z,74.0,Sense
2025-03-27T14:56:32Z,73.0,Sense
2025-03-27T14:56:37Z,72.0,Sense
2025-03-27T14:56:42Z,70.0,Sense
2025-03-27T14:56:47Z,71.0,Sense
2025-03-27T14:56:57Z,72.0,Sense
2025-03-27T14:57:02Z,73.0,Sense
2025-03-27T14:57:07Z,72.0,Sense
2025-03-27T14:57:17Z,71.0,Sense
2025-03-27T14:57:22Z,70.0,Sense
2025-03-27T14:57:32Z,71.0,Sense
2025-03-27T14:57:37Z,70.0,Sense
2025-03-27T14:57:42Z,69.0,Sense
2025-03-27T14:57:57Z,70.0,Sense
2025-03-27T14:58:07Z,69.0,Sense
2025-03-27T14:58:12Z,71.0,Sense
2025-03-27T14:58:17Z,73.0,Sense
2025-03-27T14:58:22Z,72.0,Sense
2025-03-27T14:58:27Z,70.0,Sense
2025-03-27T14:58:32Z,69.0,Sense
2025-03-27T14:58:37Z,68.0,Sense
2025-03-27T14:58:42Z,66.0,Sense
2025-03-27T14:58:47Z,68.0,Sense
2025-03-27T14:59:02Z,67.0,Sense
2025-03-27T14:59:07Z,68.0,Sense
2025-03-27T14:59:22Z,67.0,Sense
2025-03-27T14:59:27Z,67.0,Sense
2025-03-27T14:59:32Z,67.0,Sense
2025-03-27T14:59:37Z,68.0,Sense
2025-03-27T14:59:42Z,70.0,Sense
2025-03-27T14:59:47Z,73.0,Sense
2025-03-27T14:59:52Z,74.0,Sense
2025-03-27T15:00:02Z,78.0,Sense
2025-03-27T15:00:12Z,76.0,Sense
2025-03-27T15:00:17Z,74.0,Sense
2025-03-27T15:00:22Z,73.0,Sense
2025-03-27T15:00:27Z,70.0,Sense
2025-03-27T15:00:32Z,69.0,Sense
2025-03-27T15:00:37Z,70.0,Sense
2025-03-27T15:00:42Z,69.0,Sense
2025-03-27T15:00:47Z,67.0,Sense
2025-03-27T15:00:52Z,65.0,Sense
2025-03-27T15:01:07Z,65.0,Sense
2025-03-27T15:01:12Z,66.0,Sense
2025-03-27T15:01:17Z,67.0,Sense
2025-03-27T15:01:22Z,68.0,Sense
2025-03-27T15:01:27Z,70.0,Sense
2025-03-27T15:01:32Z,71.0,Sense
2025-03-27T15:01:37Z,72.0,Sense
2025-03-27T15:01:52Z,72.0,Sense
2025-03-27T15:02:07Z,76.0,Sense
2025-03-27T15:02:12Z,77.0,Sense
2025-03-27T15:02:17Z,74.0,Sense
2025-03-27T15:02:22Z,71.0,Sense
2025-03-27T15:02:27Z,69.0,Sense
2025-03-27T15:02:42Z,69.0,Sense
2025-03-27T15:02:47Z,72.0,Sense
2025-03-27T15:02:52Z,75.0,Sense
2025-03-27T15:02:57Z,76.0,Sense
2025-03-27T15:03:02Z,75.0,Sense
2025-03-27T15:03:07Z,74.0,Sense
2025-03-27T15:03:12Z,72.0,Sense
2025-03-27T15:03:27Z,72.0,Sense
2025-03-27T15:03:32Z,71.0,Sense
2025-03-27T15:03:42Z,69.0,Sense
2025-03-27T15:03:52Z,67.0,Sense
2025-03-27T15:03:57Z,67.0,Sense
2025-03-27T15:04:02Z,69.0,Sense
2025-03-27T15:04:07Z,68.0,Sense
2025-03-27T15:04:12Z,69.0,Sense
2025-03-27T15:04:17Z,72.0,Sense
2025-03-27T15:04:32Z,73.0,Sense
2025-03-27T15:04:42Z,72.0,Sense
2025-03-27T15:04:47Z,70.0,Sense
2025-03-27T15:04:52Z,68.0,Sense
2025-03-27T15:05:02Z,70.0,Sense
2025-03-27T15:05:07Z,72.0,Sense
2025-03-27T15:05:12Z,71.0,Sense
2025-03-27T15:05:17Z,72.0,Sense
2025-03-27T15:05:22Z,71.0,Sense
2025-03-27T15:05:27Z,72.0,Sense
2025-03-27T15:05:42Z,73.0,Sense
2025-03-27T15:05:47Z,74.0,Sense
2025-03-27T15:05:52Z,75.0,Sense
2025-03-27T15:05:57Z,74.0,Sense
2025-03-27T15:06:12Z,74.0,Sense
2025-03-27T15:06:22Z,75.0,Sense
2025-03-27T15:06:32Z,76.0,Sense
2025-03-27T15:06:37Z,75.0,Sense
2025-03-27T15:06:52Z,77.0,Sense
2025-03-27T15:07:02Z,76.0,Sense
2025-03-27T15:07:12Z,74.0,Sense
2025-03-27T15:07:17Z,72.0,Sense
2025-03-27T15:07:22Z,71.0,Sense
2025-03-27T15:07:27Z,70.0,Sense
2025-03-27T15:07:37Z,71.0,Sense
2025-03-27T15:07:42Z,70.0,Sense
2025-03-27T15:07:47Z,70.0,Sense
2025-03-27T15:08:02Z,71.0,Sense
2025-03-27T15:08:07Z,73.0,Sense
2025-03-27T15:08:12Z,72.0,Sense
2025-03-27T15:08:17Z,72.0,Sense
2025-03-27T15:08:22Z,72.0,Sense
2025-03-27T15:08:27Z,73.0,Sense
2025-03-27T15:08:37Z,74.0,Sense
2025-03-27T15:08:47Z,74.0,Sense
2025-03-27T15:08:52Z,74.0,Sense
2025-03-27T15:08:57Z,73.0,Sense
2025-03-27T15:09:02Z,71.0,Sense
2025-03-27T15:09:07Z,68.0,Sense
2025-03-27T15:09:22Z,68.0,Sense
2025-03-27T15:09:32Z,69.0,Sense
2025-03-27T15:09:42Z,69.0,Sense
2025-03-27T15:09:47Z,69.0,Sense
2025-03-27T15:09:52Z,69.0,Sense
2025-03-27T15:10:07Z,69.0,Sense
2025-03-27T15:10:22Z,69.0,Sense
2025-03-27T15:10:37Z,69.0,Sense
2025-03-27T15:10:42Z,71.0,Sense
2025-03-27T15:10:47Z,72.0,Sense
2025-03-27T15:11:02Z,72.0,Sense
2025-03-27T15:11:07Z,73.0,Sense
2025-03-27T15:11:12Z,75.0,Sense
2025-03-27T15:11:17Z,77.0,Sense
2025-03-27T15:11:32Z,77.0,Sense
2025-03-27T15:11:37Z,76.0,Sense
2025-03-27T15:11:52Z,74.0,Sense
2025-03-27T15:11:57Z,74.0,Sense
2025-03-27T15:12:02Z,76.0,Sense
2025-03-27T15:12:07Z,77.0,Sense
2025-03-27T15:12:12Z,78.0,Sense
2025-03-27T15:12:27Z,78.0,Sense
2025-03-27T15:12:32Z,77.0,Sense
2025-03-27T15:12:37Z,73.0,Sense
2025-03-27T15:12:42Z,74.0,Sense
2025-03-27T15:12:52Z,72.0,Sense
2025-03-27T15:12:57Z,70.0,Sense
2025-03-27T15:13:12Z,70.0,Sense
2025-03-27T15:13:27Z,70.0,Sense
2025-03-27T15:13:42Z,72.0,Sense
2025-03-27T15:13:57Z,72.0,Sense
2025-03-27T15:14:12Z,72.0,Sense
2025-03-27T15:14:27Z,72.0,Sense
2025-03-27T15:14:32Z,71.0,Sense
2025-03-27T15:14:37Z,69.0,Sense
2025-03-27T15:14:47Z,69.0,Sense
2025-03-27T15:14:57Z,68.0,Sense
2025-03-27T15:15:02Z,67.0,Sense
2025-03-27T15:15:12Z,69.0,Sense
2025-03-27T15:15:22Z,68.0,Sense
2025-03-27T15:15:27Z,69.0,Sense
2025-03-27T15:15:32Z,68.0,Sense
2025-03-27T15:15:47Z,68.0,Sense
2025-03-27T15:16:02Z,77.0,Sense
2025-03-27T15:16:07Z,81.0,Sense
2025-03-27T15:16:12Z,79.0,Sense
2025-03-27T15:16:17Z,82.0,Sense
2025-03-27T15:16:22Z,81.0,Sense
2025-03-27T15:16:27Z,83.0,Sense
2025-03-27T15:16:32Z,80.0,Sense
2025-03-27T15:16:42Z,81.0,Sense
2025-03-27T15:16:52Z,84.0,Sense
2025-03-27T15:16:57Z,87.0,Sense
2025-03-27T15:17:02Z,82.0,Sense
2025-03-27T15:17:07Z,80.0,Sense
2025-03-27T15:17:12Z,82.0,Sense
2025-03-27T15:17:17Z,81.0,Sense
2025-03-27T15:17:22Z,82.0,Sense
2025-03-27T15:17:27Z,79.0,Sense
2025-03-27T15:17:32Z,80.0,Sense
2025-03-27T15:17:37Z,78.0,Sense
2025-03-27T15:17:42Z,80.0,Sense
2025-03-27T15:17:52Z,82.0,Sense
2025-03-27T15:18:02Z,83.0,Sense
2025-03-27T15:18:07Z,82.0,Sense
2025-03-27T15:18:12Z,83.0,Sense
2025-03-27T15:18:17Z,82.0,Sense
2025-03-27T15:18:22Z,84.0,Sense
2025-03-27T15:18:32Z,85.0,Sense
2025-03-27T15:18:37Z,83.0,Sense
2025-03-27T15:18:42Z,83.0,Sense
2025-03-27T15:18:52Z,82.0,Sense
2025-03-27T15:18:57Z,83.0,Sense
2025-03-27T15:19:07Z,81.0,Sense
2025-03-27T15:19:12Z,85.0,Sense
2025-03-27T15:19:17Z,82.0,Sense
2025-03-27T15:19:22Z,81.0,Sense
2025-03-27T15:19:27Z,82.0,Sense
2025-03-27T15:19:32Z,79.0,Sense
2025-03-27T15:19:37Z,83.0,Sense
2025-03-27T15:19:42Z,81.0,Sense
2025-03-27T15:19:47Z,85.0,Sense
2025-03-27T15:19:52Z,84.0,Sense
2025-03-27T15:19:57Z,86.0,Sense
2025-03-27T15:20:02Z,85.0,Sense
2025-03-27T15:20:07Z,84.0,Sense
2025-03-27T15:20:17Z,83.0,Sense
2025-03-27T15:20:22Z,86.0,Sense
2025-03-27T15:20:27Z,83.0,Sense
2025-03-27T15:20:32Z,87.0,Sense
2025-03-27T15:20:37Z,83.0,Sense
2025-03-27T15:20:42Z,86.0,Sense
2025-03-27T15:20:52Z,87.0,Sense
2025-03-27T15:20:57Z,85.0,Sense
2025-03-27T15:21:12Z,85.0,Sense
2025-03-27T15:21:17Z,84.0,Sense
2025-03-27T15:21:22Z,85.0,Sense
2025-03-27T15:21:27Z,84.0,Sense
2025-03-27T15:21:32Z,85.0,Sense
2025-03-27T15:21:37Z,86.0,Sense
2025-03-27T15:21:42Z,85.0,Sense
2025-03-27T15:21:47Z,83.0,Sense
2025-03-27T15:21:52Z,82.0,Sense
2025-03-27T15:21:57Z,81.0,Sense
2025-03-27T15:22:02Z,83.0,Sense
2025-03-27T15:22:07Z,84.0,Sense
2025-03-27T15:22:12Z,86.0,Sense
2025-03-27T15:22:27Z,85.0,Sense
2025-03-27T15:22:42Z,82.0,Sense
2025-03-27T15:22:47Z,86.0,Sense
2025-03-27T15:22:52Z,81.0,Sense
2025-03-27T15:22:57Z,84.0,Sense
2025-03-27T15:23:02Z,81.0,Sense
2025-03-27T15:23:07Z,82.0,Sense
2025-03-27T15:23:12Z,81.0,Sense
2025-03-27T15:23:27Z,82.0,Sense
2025-03-27T15:23:32Z,84.0,Sense
2025-03-27T15:23:37Z,80.0,Sense
2025-03-27T15:23:42Z,81.0,Sense
2025-03-27T15:23:47Z,78.0,Sense
2025-03-27T15:23:52Z,82.0,Sense
2025-03-27T15:23:57Z,86.0,Sense
2025-03-27T15:24:02Z,84.0,Sense
2025-03-27T15:24:07Z,82.0,Sense
2025-03-27T15:24:12Z,79.0,Sense
2025-03-27T15:24:17Z,77.0,Sense
2025-03-27T15:24:22Z,74.0,Sense
2025-03-27T15:24:27Z,72.0,Sense
2025-03-27T15:24:32Z,78.0,Sense
2025-03-27T15:24:37Z,84.0,Sense
2025-03-27T15:24:42Z,86.0,Sense
2025-03-27T15:24:47Z,87.0,Sense
2025-03-27T15:25:02Z,88.0,Sense
2025-03-27T15:25:17Z,88.0,Sense
2025-03-27T15:25:22Z,90.0,Sense
2025-03-27T15:25:27Z,88.0,Sense
2025-03-27T15:25:37Z,85.0,Sense
2025-03-27T15:25:42Z,84.0,Sense
2025-03-27T15:25:47Z,81.0,Sense
2025-03-27T15:25:52Z,82.0,Sense
2025-03-27T15:25:57Z,87.0,Sense
2025-03-27T15:26:02Z,89.0,Sense
2025-03-27T15:26:12Z,89.0,Sense
2025-03-27T15:26:22Z,89.0,Sense
2025-03-27T15:26:32Z,89.0,Sense
2025-03-27T15:26:37Z,89.0,Sense
2025-03-27T15:26:42Z,90.0,Sense
2025-03-27T15:26:47Z,92.0,Sense
2025-03-27T15:26:52Z,93.0,Sense
2025-03-27T15:26:57Z,94.0,Sense
2025-03-27T15:27:07Z,95.0,Sense
2025-03-27T15:27:12Z,95.0,Sense
2025-03-27T15:27:17Z,96.0,Sense
2025-03-27T15:27:22Z,94.0,Sense
2025-03-27T15:27:27Z,92.0,Sense
2025-03-27T15:27:32Z,91.0,Sense
2025-03-27T15:27:37Z,90.0,Sense
2025-03-27T15:27:42Z,87.0,Sense
2025-03-27T15:27:47Z,85.0,Sense
2025-03-27T15:27:57Z,88.0,Sense
2025-03-27T15:28:02Z,89.0,Sense
2025-03-27T15:28:07Z,90.0,Sense
2025-03-27T15:28:12Z,89.0,Sense
2025-03-27T15:28:17Z,88.0,Sense
2025-03-27T15:28:22Z,89.0,Sense
2025-03-27T15:28:32Z,90.0,Sense
2025-03-27T15:28:37Z,91.0,Sense
2025-03-27T15:28:42Z,92.0,Sense
2025-03-27T15:28:47Z,94.0,Sense
2025-03-27T15:28:52Z,95.0,Sense
2025-03-27T15:29:07Z,96.0,Sense
2025-03-27T15:29:12Z,97.0,Sense
2025-03-27T15:29:17Z,98.0,Sense
2025-03-27T15:29:22Z,99.0,Sense
2025-03-27T15:29:27Z,98.0,Sense
2025-03-27T15:29:32Z,97.0,Sense
2025-03-27T15:29:37Z,96.0,Sense
2025-03-27T15:29:47Z,95.0,Sense
2025-03-27T15:29:52Z,97.0,Sense
2025-03-27T15:30:02Z,96.0,Sense
2025-03-27T15:30:07Z,95.0,Sense
2025-03-27T15:30:12Z,91.0,Sense
2025-03-27T15:30:17Z,88.0,Sense
2025-03-27T15:30:22Z,87.0,Sense
2025-03-27T15:30:27Z,90.0,Sense
2025-03-27T15:30:32Z,89.0,Sense
2025-03-27T15:30:37Z,87.0,Sense
2025-03-27T15:30:42Z,85.0,Sense
2025-03-27T15:30:47Z,89.0,Sense
2025-03-27T15:30:52Z,92.0,Sense
2025-03-27T15:31:02Z,87.0,Sense
2025-03-27T15:31:12Z,86.0,Sense
2025-03-27T15:31:27Z,86.0,Sense
2025-03-27T15:31:32Z,87.0,Sense
2025-03-27T15:31:37Z,86.0,Sense
2025-03-27T15:31:47Z,83.0,Sense
2025-03-27T15:31:52Z,82.0,Sense
2025-03-27T15:31:57Z,83.0,Sense
2025-03-27T15:32:02Z,84.0,Sense
2025-03-27T15:32:07Z,85.0,Sense
2025-03-27T15:32:12Z,85.0,Sense
2025-03-27T15:32:17Z,83.0,Sense
2025-03-27T15:32:22Z,84.0,Sense
2025-03-27T15:32:27Z,82.0,Sense
2025-03-27T15:32:32Z,81.0,Sense
2025-03-27T15:32:37Z,78.0,Sense
2025-03-27T15:32:42Z,77.0,Sense
2025-03-27T15:32:52Z,79.0,Sense
2025-03-27T15:32:57Z,80.0,Sense
2025-03-27T15:33:02Z,77.0,Sense
2025-03-27T15:33:07Z,76.0,Sense
2025-03-27T15:33:17Z,75.0,Sense
2025-03-27T15:33:22Z,75.0,Sense
2025-03-27T15:33:27Z,76.0,Sense
2025-03-27T15:33:32Z,77.0,Sense
2025-03-27T15:33:42Z,75.0,Sense
2025-03-27T15:33:52Z,75.0,Sense
2025-03-27T15:33:57Z,75.0,Sense
2025-03-27T15:34:12Z,73.0,Sense
2025-03-27T15:34:17Z,72.0,Sense
2025-03-27T15:34:22Z,72.0,Sense
2025-03-27T15:34:27Z,74.0,Sense
2025-03-27T15:34:32Z,76.0,Sense
2025-03-27T15:34:37Z,78.0,Sense
2025-03-27T15:34:42Z,79.0,Sense
2025-03-27T15:34:52Z,80.0,Sense
2025-03-27T15:34:57Z,79.0,Sense
2025-03-27T15:35:02Z,76.0,Sense
2025-03-27T15:35:07Z,75.0,Sense
2025-03-27T15:35:22Z,75.0,Sense
2025-03-27T15:35:27Z,74.0,Sense
2025-03-27T15:35:32Z,74.0,Sense
2025-03-27T15:35:37Z,75.0,Sense
2025-03-27T15:35:42Z,75.0,Sense
2025-03-27T15:35:52Z,77.0,Sense
2025-03-27T15:35:57Z,81.0,Sense
2025-03-27T15:36:02Z,80.0,Sense
2025-03-27T15:36:07Z,78.0,Sense
2025-03-27T15:36:12Z,76.0,Sense
2025-03-27T15:36:22Z,79.0,Sense
2025-03-27T15:36:37Z,74.0,Sense
2025-03-27T15:36:42Z,77.0,Sense
2025-03-27T15:36:47Z,80.0,Sense
2025-03-27T15:36:57Z,79.0,Sense
2025-03-27T15:37:02Z,76.0,Sense
2025-03-27T15:37:07Z,72.0,Sense
2025-03-27T15:37:12Z,77.0,Sense
2025-03-27T15:37:22Z,73.0,Sense
2025-03-27T15:37:27Z,72.0,Sense
2025-03-27T15:37:32Z,73.0,Sense
2025-03-27T15:37:42Z,72.0,Sense
2025-03-27T15:37:47Z,73.0,Sense
2025-03-27T15:37:52Z,74.0,Sense
2025-03-27T15:38:07Z,75.0,Sense
2025-03-27T15:38:17Z,74.0,Sense
2025-03-27T15:38:32Z,73.0,Sense
2025-03-27T15:38:42Z,72.0,Sense
2025-03-27T15:38:52Z,73.0,Sense
2025-03-27T15:38:57Z,76.0,Sense
2025-03-27T15:39:02Z,78.0,Sense
2025-03-27T15:39:07Z,75.0,Sense
2025-03-27T15:39:12Z,74.0,Sense
2025-03-27T15:39:17Z,77.0,Sense
2025-03-27T15:39:22Z,79.0,Sense
2025-03-27T15:39:32Z,78.0,Sense
2025-03-27T15:39:37Z,80.0,Sense
2025-03-27T15:39:42Z,85.0,Sense
2025-03-27T15:39:47Z,86.0,Sense
2025-03-27T15:39:57Z,84.0,Sense
2025-03-27T15:40:07Z,80.0,Sense
2025-03-27T15:40:12Z,78.0,Sense
2025-03-27T15:40:22Z,80.0,Sense
2025-03-27T15:40:27Z,78.0,Sense
2025-03-27T15:40:42Z,78.0,Sense
2025-03-27T15:40:47Z,79.0,Sense
2025-03-27T15:41:02Z,79.0,Sense
2025-03-27T15:41:17Z,78.0,Sense
2025-03-27T15:41:27Z,81.0,Sense
2025-03-27T15:41:32Z,80.0,Sense
2025-03-27T15:41:37Z,75.0,Sense
2025-03-27T15:41:47Z,80.0,Sense
2025-03-27T15:41:52Z,81.0,Sense
2025-03-27T15:42:02Z,80.0,Sense
2025-03-27T15:42:07Z,81.0,Sense
2025-03-27T15:42:12Z,82.0,Sense
2025-03-27T15:42:17Z,83.0,Sense
2025-03-27T15:42:22Z,86.0,Sense
2025-03-27T15:42:27Z,85.0,Sense
2025-03-27T15:42:32Z,84.0,Sense
2025-03-27T15:42:37Z,82.0,Sense
2025-03-27T15:42:42Z,83.0,Sense
2025-03-27T15:42:47Z,82.0,Sense
2025-03-27T15:42:52Z,81.0,Sense
2025-03-27T15:42:57Z,83.0,Sense
2025-03-27T15:43:02Z,81.0,Sense
2025-03-27T15:43:07Z,85.0,Sense
2025-03-27T15:43:12Z,83.0,Sense
2025-03-27T15:43:27Z,83.0,Sense
2025-03-27T15:43:37Z,84.0,Sense
2025-03-27T15:43:42Z,82.0,Sense
2025-03-27T15:43:47Z,83.0,Sense
2025-03-27T15:43:52Z,82.0,Sense
2025-03-27T15:43:57Z,82.0,Sense
2025-03-27T15:44:02Z,82.0,Sense
2025-03-27T15:44:07Z,81.0,Sense
2025-03-27T15:44:12Z,80.0,Sense
2025-03-27T15:44:17Z,79.0,Sense
2025-03-27T15:44:22Z,80.0,Sense
2025-03-27T15:44:27Z,82.0,Sense
2025-03-27T15:44:37Z,81.0,Sense
2025-03-27T15:44:42Z,78.0,Sense
2025-03-27T15:44:52Z,80.0,Sense
2025-03-27T15:44:57Z,81.0,Sense
2025-03-27T15:45:02Z,83.0,Sense
2025-03-27T15:45:07Z,84.0,Sense
2025-03-27T15:45:17Z,83.0,Sense
2025-03-27T15:45:22Z,85.0,Sense
2025-03-27T15:45:27Z,83.0,Sense
2025-03-27T15:45:32Z,80.0,Sense
2025-03-27T15:45:37Z,78.0,Sense
2025-03-27T15:45:42Z,76.0,Sense
2025-03-27T15:45:47Z,79.0,Sense
2025-03-27T15:45:52Z,83.0,Sense
2025-03-27T15:45:57Z,80.0,Sense
2025-03-27T15:46:02Z,77.0,Sense
2025-03-27T15:46:12Z,80.0,Sense
2025-03-27T15:46:17Z,81.0,Sense
2025-03-27T15:46:22Z,78.0,Sense
2025-03-27T15:46:27Z,76.0,Sense
2025-03-27T15:46:32Z,78.0,Sense
2025-03-27T15:46:37Z,80.0,Sense
2025-03-27T15:46:42Z,78.0,Sense
2025-03-27T15:46:47Z,73.0,Sense
2025-03-27T15:46:52Z,75.0,Sense
2025-03-27T15:46:57Z,80.0,Sense
2025-03-27T15:47:02Z,82.0,Sense
2025-03-27T15:47:07Z,83.0,Sense
2025-03-27T15:47:17Z,85.0,Sense
2025-03-27T15:47:27Z,86.0,Sense
2025-03-27T15:47:32Z,87.0,Sense
2025-03-27T15:47:37Z,86.0,Sense
2025-03-27T15:47:47Z,84.0,Sense
2025-03-27T15:47:52Z,83.0,Sense
2025-03-27T15:47:57Z,82.0,Sense
2025-03-27T15:48:07Z,81.0,Sense
2025-03-27T15:48:22Z,81.0,Sense
2025-03-27T15:48:27Z,80.0,Sense
2025-03-27T15:48:32Z,84.0,Sense
2025-03-27T15:48:37Z,88.0,Sense
2025-03-27T15:48:42Z,89.0,Sense
2025-03-27T15:48:47Z,88.0,Sense
2025-03-27T15:48:52Z,87.0,Sense
2025-03-27T15:49:02Z,86.0,Sense
2025-03-27T15:49:12Z,87.0,Sense
2025-03-27T15:49:17Z,88.0,Sense
2025-03-27T15:49:22Z,89.0,Sense
2025-03-27T15:49:32Z,90.0,Sense
2025-03-27T15:49:42Z,92.0,Sense
2025-03-27T15:49:47Z,93.0,Sense
2025-03-27T15:50:02Z,92.0,Sense
2025-03-27T15:50:12Z,91.0,Sense
2025-03-27T15:50:17Z,92.0,Sense
2025-03-27T15:50:22Z,90.0,Sense
2025-03-27T15:50:27Z,91.0,Sense
2025-03-27T15:50:32Z,89.0,Sense
2025-03-27T15:50:37Z,90.0,Sense
2025-03-27T15:50:42Z,91.0,Sense
2025-03-27T15:50:47Z,89.0,Sense
2025-03-27T15:50:57Z,88.0,Sense
2025-03-27T15:51:02Z,89.0,Sense
2025-03-27T15:51:12Z,86.0,Sense
2025-03-27T15:51:17Z,88.0,Sense
2025-03-27T15:51:22Z,87.0,Sense
2025-03-27T15:51:27Z,88.0,Sense
2025-03-27T15:51:37Z,85.0,Sense
2025-03-27T15:51:47Z,86.0,Sense
2025-03-27T15:51:52Z,85.0,Sense
2025-03-27T15:51:57Z,84.0,Sense
2025-03-27T15:52:02Z,85.0,Sense
2025-03-27T15:52:17Z,86.0,Sense
2025-03-27T15:52:22Z,86.0,Sense
2025-03-27T15:52:27Z,87.0,Sense
2025-03-27T15:52:32Z,89.0,Sense
2025-03-27T15:52:37Z,87.0,Sense
2025-03-27T15:52:47Z,88.0,Sense
2025-03-27T15:52:52Z,87.0,Sense
2025-03-27T15:53:02Z,86.0,Sense
2025-03-27T15:53:07Z,85.0,Sense
2025-03-27T15:53:12Z,82.0,Sense
2025-03-27T15:53:17Z,83.0,Sense
2025-03-27T15:53:22Z,84.0,Sense
2025-03-27T15:53:27Z,85.0,Sense
2025-03-27T15:53:32Z,86.0,Sense
2025-03-27T15:53:37Z,85.0,Sense
2025-03-27T15:53:42Z,85.0,Sense
2025-03-27T15:53:52Z,86.0,Sense
2025-03-27T15:54:02Z,84.0,Sense
2025-03-27T15:54:07Z,85.0,Sense
2025-03-27T15:54:12Z,84.0,Sense
2025-03-27T15:54:17Z,86.0,Sense
2025-03-27T15:54:27Z,87.0,Sense
2025-03-27T15:54:32Z,87.0,Sense
2025-03-27T15:54:42Z,88.0,Sense
2025-03-27T15:54:47Z,88.0,Sense
2025-03-27T15:54:57Z,87.0,Sense
2025-03-27T15:55:02Z,86.0,Sense
2025-03-27T15:55:07Z,85.0,Sense
2025-03-27T15:55:12Z,83.0,Sense
2025-03-27T15:55:17Z,81.0,Sense
2025-03-27T15:55:22Z,79.0,Sense
2025-03-27T15:55:27Z,82.0,Sense
2025-03-27T15:55:32Z,83.0,Sense
2025-03-27T15:55:37Z,84.0,Sense
2025-03-27T15:55:42Z,81.0,Sense
2025-03-27T15:55:47Z,83.0,Sense
2025-03-27T15:55:52Z,87.0,Sense
2025-03-27T15:55:57Z,89.0,Sense
2025-03-27T15:56:12Z,89.0,Sense
2025-03-27T15:56:17Z,88.0,Sense
2025-03-27T15:56:27Z,89.0,Sense
2025-03-27T15:56:42Z,90.0,Sense
2025-03-27T15:56:47Z,89.0,Sense
2025-03-27T15:56:52Z,90.0,Sense
2025-03-27T15:57:07Z,89.0,Sense
2025-03-27T15:57:12Z,88.0,Sense
2025-03-27T15:57:17Z,87.0,Sense
2025-03-27T15:57:27Z,85.0,Sense
2025-03-27T15:57:32Z,83.0,Sense
2025-03-27T15:57:37Z,82.0,Sense
2025-03-27T15:57:42Z,83.0,Sense
2025-03-27T15:57:52Z,81.0,Sense
2025-03-27T15:57:57Z,78.0,Sense
2025-03-27T15:58:02Z,81.0,Sense
2025-03-27T15:58:07Z,85.0,Sense
2025-03-27T15:58:17Z,86.0,Sense
2025-03-27T15:58:22Z,84.0,Sense
2025-03-27T15:58:27Z,82.0,Sense
2025-03-27T15:58:32Z,79.0,Sense
2025-03-27T15:58:37Z,78.0,Sense
2025-03-27T15:58:42Z,77.0,Sense
2025-03-27T15:58:47Z,78.0,Sense
2025-03-27T15:58:52Z,81.0,Sense
2025-03-27T15:58:57Z,83.0,Sense
2025-03-27T15:59:12Z,81.0,Sense
2025-03-27T15:59:17Z,79.0,Sense
2025-03-27T15:59:22Z,77.0,Sense
2025-03-27T15:59:37Z,79.0,Sense
2025-03-27T15:59:42Z,84.0,Sense
2025-03-27T15:59:47Z,80.0,Sense
2025-03-27T15:59:52Z,78.0,Sense
2025-03-27T15:59:57Z,79.0,Sense
2025-03-27T16:00:02Z,84.0,Sense
2025-03-27T16:00:07Z,86.0,Sense
2025-03-27T16:00:12Z,85.0,Sense
2025-03-27T16:00:17Z,84.0,Sense
2025-03-27T16:00:22Z,85.0,Sense
2025-03-27T16:00:27Z,86.0,Sense
2025-03-27T16:00:32Z,84.0,Sense
2025-03-27T16:00:37Z,83.0,Sense
2025-03-27T16:00:42Z,79.0,Sense
2025-03-27T16:00:47Z,78.0,Sense
2025-03-27T16:00:52Z,82.0,Sense
2025-03-27T16:00:57Z,85.0,Sense
2025-03-27T16:01:07Z,84.0,Sense
2025-03-27T16:01:12Z,82.0,Sense
2025-03-27T16:01:17Z,81.0,Sense
2025-03-27T16:01:22Z,78.0,Sense
2025-03-27T16:01:27Z,76.0,Sense
2025-03-27T16:01:37Z,80.0,Sense
2025-03-27T16:01:42Z,81.0,Sense
2025-03-27T16:01:47Z,78.0,Sense
2025-03-27T16:01:52Z,76.0,Sense
2025-03-27T16:01:57Z,81.0,Sense
2025-03-27T16:02:02Z,85.0,Sense
2025-03-27T16:02:07Z,83.0,Sense
2025-03-27T16:02:12Z,84.0,Sense
2025-03-27T16:02:17Z,83.0,Sense
2025-03-27T16:02:22Z,86.0,Sense
2025-03-27T16:02:27Z,83.0,Sense
2025-03-27T16:02:42Z,82.0,Sense
2025-03-27T16:02:47Z,84.0,Sense
2025-03-27T16:02:52Z,85.0,Sense
2025-03-27T16:02:57Z,86.0,Sense
2025-03-27T16:03:02Z,85.0,Sense
2025-03-27T16:03:12Z,82.0,Sense
2025-03-27T16:03:17Z,81.0,Sense
2025-03-27T16:03:22Z,79.0,Sense
2025-03-27T16:03:27Z,80.0,Sense
2025-03-27T16:03:32Z,81.0,Sense
2025-03-27T16:03:42Z,82.0,Sense
2025-03-27T16:03:52Z,80.0,Sense
2025-03-27T16:03:57Z,78.0,Sense
2025-03-27T16:04:02Z,79.0,Sense
2025-03-27T16:04:07Z,81.0,Sense
2025-03-27T16:04:12Z,83.0,Sense
2025-03-27T16:04:22Z,78.0,Sense
2025-03-27T16:04:32Z,83.0,Sense
2025-03-27T16:04:37Z,85.0,Sense
2025-03-27T16:04:42Z,83.0,Sense
2025-03-27T16:04:47Z,82.0,Sense
2025-03-27T16:04:52Z,81.0,Sense
2025-03-27T16:04:57Z,78.0,Sense
2025-03-27T16:05:02Z,80.0,Sense
2025-03-27T16:05:07Z,83.0,Sense
2025-03-27T16:05:17Z,79.0,Sense
2025-03-27T16:05:27Z,83.0,Sense
2025-03-27T16:05:32Z,84.0,Sense
2025-03-27T16:05:37Z,82.0,Sense
2025-03-27T16:05:42Z,79.0,Sense
2025-03-27T16:05:47Z,78.0,Sense
2025-03-27T16:05:52Z,81.0,Sense
2025-03-27T16:06:02Z,78.0,Sense
2025-03-27T16:06:07Z,74.0,Sense
2025-03-27T16:06:12Z,77.0,Sense
2025-03-27T16:06:17Z,82.0,Sense
2025-03-27T16:06:22Z,83.0,Sense
2025-03-27T16:06:27Z,85.0,Sense
2025-03-27T16:06:32Z,84.0,Sense
2025-03-27T16:06:37Z,85.0,Sense
2025-03-27T16:06:47Z,82.0,Sense
2025-03-27T16:06:57Z,80.0,Sense
2025-03-27T16:07:02Z,78.0,Sense
2025-03-27T16:07:07Z,74.0,Sense
2025-03-27T16:07:17Z,77.0,Sense
2025-03-27T16:07:22Z,76.0,Sense
2025-03-27T16:07:27Z,75.0,Sense
2025-03-27T16:07:32Z,76.0,Sense
2025-03-27T16:07:37Z,79.0,Sense
2025-03-27T16:07:42Z,80.0,Sense
2025-03-27T16:07:47Z,80.0,Sense
2025-03-27T16:08:02Z,80.0,Sense
2025-03-27T16:08:12Z,79.0,Sense
2025-03-27T16:08:22Z,77.0,Sense
2025-03-27T16:08:27Z,76.0,Sense
2025-03-27T16:08:32Z,82.0,Sense
2025-03-27T16:08:37Z,85.0,Sense
2025-03-27T16:08:42Z,86.0,Sense
2025-03-27T16:08:57Z,86.0,Sense
2025-03-27T16:09:02Z,87.0,Sense
2025-03-27T16:09:07Z,85.0,Sense
2025-03-27T16:09:12Z,84.0,Sense
2025-03-27T16:09:17Z,82.0,Sense
2025-03-27T16:09:32Z,82.0,Sense
2025-03-27T16:09:37Z,84.0,Sense
2025-03-27T16:09:42Z,86.0,Sense
2025-03-27T16:09:47Z,88.0,Sense
2025-03-27T16:09:57Z,87.0,Sense
2025-03-27T16:10:02Z,85.0,Sense
2025-03-27T16:10:07Z,82.0,Sense
2025-03-27T16:10:12Z,80.0,Sense
2025-03-27T16:10:17Z,78.0,Sense
2025-03-27T16:10:22Z,81.0,Sense
2025-03-27T16:10:27Z,83.0,Sense
2025-03-27T16:10:32Z,81.0,Sense
2025-03-27T16:10:37Z,79.0,Sense
2025-03-27T16:10:42Z,80.0,Sense
2025-03-27T16:10:46Z,84.0,Sense
2025-03-27T16:10:51Z,86.0,Sense
2025-03-27T16:10:56Z,85.0,Sense
2025-03-27T16:11:06Z,83.0,Sense
2025-03-27T16:11:11Z,85.0,Sense
2025-03-27T16:11:16Z,89.0,Sense
2025-03-27T16:11:26Z,87.0,Sense
2025-03-27T16:11:31Z,80.0,Sense
2025-03-27T16:11:36Z,81.0,Sense
2025-03-27T16:11:41Z,87.0,Sense
2025-03-27T16:11:46Z,88.0,Sense
2025-03-27T16:11:51Z,87.0,Sense
2025-03-27T16:11:56Z,87.0,Sense
2025-03-27T16:12:06Z,88.0,Sense
2025-03-27T16:12:11Z,86.0,Sense
2025-03-27T16:12:16Z,86.0,Sense
2025-03-27T16:12:21Z,85.0,Sense
2025-03-27T16:12:31Z,84.0,Sense
2025-03-27T16:12:36Z,83.0,Sense
2025-03-27T16:12:41Z,82.0,Sense
2025-03-27T16:12:46Z,81.0,Sense
2025-03-27T16:12:51Z,82.0,Sense
2025-03-27T16:12:56Z,84.0,Sense
2025-03-27T16:13:06Z,83.0,Sense
2025-03-27T16:13:16Z,86.0,Sense
2025-03-27T16:13:21Z,87.0,Sense
2025-03-27T16:13:26Z,84.0,Sense
2025-03-27T16:13:31Z,81.0,Sense
2025-03-27T16:13:36Z,81.0,Sense
2025-03-27T16:13:41Z,82.0,Sense
2025-03-27T16:13:46Z,83.0,Sense
2025-03-27T16:14:01Z,83.0,Sense
2025-03-27T16:14:16Z,84.0,Sense
2025-03-27T16:14:21Z,87.0,Sense
2025-03-27T16:14:31Z,83.0,Sense
2025-03-27T16:14:36Z,81.0,Sense
2025-03-27T16:14:41Z,82.0,Sense
2025-03-27T16:14:46Z,83.0,Sense
2025-03-27T16:14:51Z,80.0,Sense
2025-03-27T16:14:56Z,79.0,Sense
2025-03-27T16:15:01Z,78.0,Sense
2025-03-27T16:15:11Z,79.0,Sense
2025-03-27T16:15:21Z,79.0,Sense
2025-03-27T16:15:26Z,80.0,Sense
2025-03-27T16:15:41Z,84.0,Sense
2025-03-27T16:15:46Z,82.0,Sense
2025-03-27T16:15:51Z,79.0,Sense
2025-03-27T16:15:56Z,78.0,Sense
2025-03-27T16:16:01Z,77.0,Sense
2025-03-27T16:16:11Z,78.0,Sense
2025-03-27T16:16:16Z,80.0,Sense
2025-03-27T16:16:26Z,80.0,Sense
2025-03-27T16:16:36Z,80.0,Sense
2025-03-27T16:16:41Z,80.0,Sense
2025-03-27T16:16:46Z,80.0,Sense
2025-03-27T16:16:56Z,81.0,Sense
2025-03-27T16:17:01Z,85.0,Sense
2025-03-27T16:17:11Z,84.0,Sense
2025-03-27T16:17:16Z,82.0,Sense
2025-03-27T16:17:21Z,82.0,Sense
2025-03-27T16:17:31Z,82.0,Sense
2025-03-27T16:17:36Z,83.0,Sense
2025-03-27T16:17:41Z,83.0,Sense
2025-03-27T16:17:51Z,82.0,Sense
2025-03-27T16:18:06Z,81.0,Sense
2025-03-27T16:18:11Z,81.0,Sense
2025-03-27T16:18:26Z,81.0,Sense
2025-03-27T16:18:31Z,83.0,Sense
2025-03-27T16:18:36Z,84.0,Sense
2025-03-27T16:18:46Z,83.0,Sense
2025-03-27T16:18:51Z,82.0,Sense
2025-03-27T16:18:56Z,80.0,Sense
2025-03-27T16:19:01Z,79.0,Sense
2025-03-27T16:19:06Z,81.0,Sense
2025-03-27T16:19:11Z,83.0,Sense
2025-03-27T16:19:16Z,81.0,Sense
2025-03-27T16:19:21Z,82.0,Sense
2025-03-27T16:19:26Z,86.0,Sense
2025-03-27T16:19:31Z,87.0,Sense
2025-03-27T16:19:36Z,85.0,Sense
2025-03-27T16:19:41Z,84.0,Sense
2025-03-27T16:19:46Z,84.0,Sense
2025-03-27T16:20:01Z,85.0,Sense
2025-03-27T16:20:06Z,81.0,Sense
2025-03-27T16:20:11Z,79.0,Sense
2025-03-27T16:20:16Z,79.0,Sense
2025-03-27T16:20:21Z,79.0,Sense
2025-03-27T16:20:31Z,83.0,Sense
2025-03-27T16:20:36Z,84.0,Sense
2025-03-27T16:20:41Z,83.0,Sense
2025-03-27T16:20:46Z,82.0,Sense
2025-03-27T16:20:51Z,82.0,Sense
2025-03-27T16:20:56Z,82.0,Sense
2025-03-27T16:21:01Z,81.0,Sense
2025-03-27T16:21:06Z,82.0,Sense
2025-03-27T16:21:16Z,81.0,Sense
2025-03-27T16:21:26Z,80.0,Sense
2025-03-27T16:21:36Z,81.0,Sense
2025-03-27T16:21:46Z,81.0,Sense
2025-03-27T16:21:56Z,80.0,Sense
2025-03-27T16:22:01Z,79.0,Sense
2025-03-27T16:22:06Z,80.0,Sense
2025-03-27T16:22:11Z,81.0,Sense
2025-03-27T16:22:21Z,84.0,Sense
2025-03-27T16:22:26Z,87.0,Sense
2025-03-27T16:22:31Z,85.0,Sense
2025-03-27T16:22:36Z,81.0,Sense
2025-03-27T16:22:41Z,82.0,Sense
2025-03-27T16:22:46Z,85.0,Sense
2025-03-27T16:22:56Z,83.0,Sense
2025-03-27T16:23:01Z,82.0,Sense
2025-03-27T16:23:06Z,81.0,Sense
2025-03-27T16:23:11Z,79.0,Sense
2025-03-27T16:23:16Z,78.0,Sense
2025-03-27T16:23:21Z,81.0,Sense
2025-03-27T16:23:26Z,85.0,Sense
2025-03-27T16:23:31Z,86.0,Sense
2025-03-27T16:23:36Z,82.0,Sense
2025-03-27T16:23:41Z,80.0,Sense
2025-03-27T16:23:46Z,82.0,Sense
2025-03-27T16:23:51Z,83.0,Sense
2025-03-27T16:23:56Z,84.0,Sense
2025-03-27T16:24:01Z,85.0,Sense
2025-03-27T16:24:06Z,84.0,Sense
2025-03-27T16:24:11Z,80.0,Sense
2025-03-27T16:24:16Z,74.0,Sense
2025-03-27T16:24:21Z,79.0,Sense
2025-03-27T16:24:26Z,83.0,Sense
2025-03-27T16:24:31Z,79.0,Sense
2025-03-27T16:24:36Z,79.0,Sense
2025-03-27T16:24:41Z,77.0,Sense
2025-03-27T16:24:46Z,79.0,Sense
2025-03-27T16:24:56Z,80.0,Sense
2025-03-27T16:25:06Z,81.0,Sense
2025-03-27T16:25:11Z,82.0,Sense
2025-03-27T16:25:16Z,82.0,Sense
2025-03-27T16:25:21Z,83.0,Sense
2025-03-27T16:25:26Z,84.0,Sense
2025-03-27T16:25:31Z,86.0,Sense
2025-03-27T16:25:36Z,83.0,Sense
2025-03-27T16:25:41Z,83.0,Sense
2025-03-27T16:25:46Z,82.0,Sense
2025-03-27T16:25:51Z,81.0,Sense
2025-03-27T16:25:56Z,79.0,Sense
2025-03-27T16:26:01Z,78.0,Sense
2025-03-27T16:26:06Z,78.0,Sense
2025-03-27T16:26:11Z,79.0,Sense
2025-03-27T16:26:26Z,79.0,Sense
2025-03-27T16:26:31Z,80.0,Sense
2025-03-27T16:26:36Z,79.0,Sense
2025-03-27T16:26:51Z,82.0,Sense
2025-03-27T16:26:56Z,86.0,Sense
2025-03-27T16:27:01Z,84.0,Sense
2025-03-27T16:27:06Z,82.0,Sense
2025-03-27T16:27:11Z,85.0,Sense
2025-03-27T16:27:16Z,89.0,Sense
2025-03-27T16:27:21Z,90.0,Sense
2025-03-27T16:27:31Z,91.0,Sense
2025-03-27T16:27:36Z,90.0,Sense
2025-03-27T16:27:46Z,88.0,Sense
2025-03-27T16:27:51Z,86.0,Sense
2025-03-27T16:27:56Z,83.0,Sense
2025-03-27T16:28:01Z,83.0,Sense
2025-03-27T16:28:06Z,84.0,Sense
2025-03-27T16:28:21Z,83.0,Sense
2025-03-27T16:28:26Z,82.0,Sense
2025-03-27T16:28:31Z,80.0,Sense
2025-03-27T16:28:36Z,79.0,Sense
2025-03-27T16:28:41Z,79.0,Sense
2025-03-27T16:28:46Z,77.0,Sense
2025-03-27T16:29:01Z,77.0,Sense
2025-03-27T16:29:06Z,78.0,Sense
2025-03-27T16:29:16Z,80.0,Sense
2025-03-27T16:29:21Z,81.0,Sense
2025-03-27T16:29:36Z,81.0,Sense
2025-03-27T16:29:46Z,80.0,Sense
2025-03-27T16:29:51Z,78.0,Sense
2025-03-27T16:29:56Z,77.0,Sense
2025-03-27T16:30:01Z,76.0,Sense
2025-03-27T16:30:06Z,77.0,Sense
2025-03-27T16:30:11Z,78.0,Sense
2025-03-27T16:30:16Z,79.0,Sense
2025-03-27T16:30:21Z,80.0,Sense
2025-03-27T16:30:26Z,81.0,Sense
2025-03-27T16:30:41Z,83.0,Sense
2025-03-27T16:30:51Z,83.0,Sense
2025-03-27T16:31:06Z,82.0,Sense
2025-03-27T16:31:11Z,81.0,Sense
2025-03-27T16:31:16Z,79.0,Sense
2025-03-27T16:31:21Z,78.0,Sense
2025-03-27T16:31:31Z,79.0,Sense
2025-03-27T16:31:36Z,81.0,Sense
2025-03-27T16:31:41Z,78.0,Sense
2025-03-27T16:31:46Z,77.0,Sense
2025-03-27T16:31:51Z,78.0,Sense
2025-03-27T16:31:56Z,78.0,Sense
2025-03-27T16:32:01Z,78.0,Sense
2025-03-27T16:32:11Z,80.0,Sense
2025-03-27T16:32:16Z,82.0,Sense
2025-03-27T16:32:21Z,79.0,Sense
2025-03-27T16:32:26Z,79.0,Sense
2025-03-27T16:32:31Z,81.0,Sense
2025-03-27T16:32:36Z,82.0,Sense
2025-03-27T16:32:41Z,81.0,Sense
2025-03-27T16:32:46Z,80.0,Sense
2025-03-27T16:32:51Z,81.0,Sense
2025-03-27T16:32:56Z,83.0,Sense
2025-03-27T16:33:01Z,86.0,Sense
2025-03-27T16:33:06Z,86.0,Sense
2025-03-27T16:33:11Z,84.0,Sense
2025-03-27T16:33:16Z,80.0,Sense
2025-03-27T16:33:21Z,79.0,Sense
2025-03-27T16:33:31Z,78.0,Sense
2025-03-27T16:33:36Z,77.0,Sense
2025-03-27T16:33:41Z,76.0,Sense
2025-03-27T16:33:51Z,77.0,Sense
2025-03-27T16:33:56Z,78.0,Sense
2025-03-27T16:34:06Z,81.0,Sense
2025-03-27T16:34:21Z,81.0,Sense
2025-03-27T16:34:26Z,82.0,Sense
2025-03-27T16:34:31Z,81.0,Sense
2025-03-27T16:34:46Z,80.0,Sense
2025-03-27T16:34:51Z,83.0,Sense
2025-03-27T16:34:56Z,82.0,Sense
2025-03-27T16:35:01Z,82.0,Sense
2025-03-27T16:35:11Z,81.0,Sense
2025-03-27T16:35:16Z,83.0,Sense
2025-03-27T16:35:21Z,84.0,Sense
2025-03-27T16:35:26Z,83.0,Sense
2025-03-27T16:35:31Z,83.0,Sense
2025-03-27T16:35:36Z,82.0,Sense
2025-03-27T16:35:41Z,80.0,Sense
2025-03-27T16:35:56Z,82.0,Sense
2025-03-27T16:36:01Z,81.0,Sense
2025-03-27T16:36:06Z,81.0,Sense
2025-03-27T16:36:21Z,85.0,Sense
2025-03-27T16:36:26Z,89.0,Sense
2025-03-27T16:36:36Z,87.0,Sense
2025-03-27T16:36:41Z,88.0,Sense
2025-03-27T16:36:46Z,82.0,Sense
2025-03-27T16:36:51Z,80.0,Sense
2025-03-27T16:36:56Z,79.0,Sense
2025-03-27T16:37:01Z,80.0,Sense
2025-03-27T16:37:06Z,80.0,Sense
2025-03-27T16:37:21Z,79.0,Sense
2025-03-27T16:37:26Z,81.0,Sense
2025-03-27T16:37:31Z,82.0,Sense
2025-03-27T16:37:36Z,82.0,Sense
2025-03-27T16:37:41Z,83.0,Sense
2025-03-27T16:37:46Z,82.0,Sense
2025-03-27T16:37:51Z,82.0,Sense
2025-03-27T16:37:56Z,84.0,Sense
2025-03-27T16:38:01Z,85.0,Sense
2025-03-27T16:38:06Z,88.0,Sense
2025-03-27T16:38:11Z,87.0,Sense
2025-03-27T16:38:16Z,80.0,Sense
2025-03-27T16:38:26Z,81.0,Sense
2025-03-27T16:38:31Z,78.0,Sense
2025-03-27T16:38:36Z,79.0,Sense
2025-03-27T16:38:41Z,78.0,Sense
2025-03-27T16:38:56Z,78.0,Sense
2025-03-27T16:39:01Z,78.0,Sense
2025-03-27T16:39:16Z,77.0,Sense
2025-03-27T16:39:26Z,78.0,Sense
2025-03-27T16:39:36Z,79.0,Sense
2025-03-27T16:39:46Z,80.0,Sense
2025-03-27T16:39:56Z,79.0,Sense
2025-03-27T16:40:11Z,79.0,Sense
2025-03-27T16:40:16Z,78.0,Sense
2025-03-27T16:40:21Z,79.0,Sense
2025-03-27T16:40:26Z,82.0,Sense
2025-03-27T16:40:31Z,83.0,Sense
2025-03-27T16:40:36Z,80.0,Sense
2025-03-27T16:40:41Z,79.0,Sense
2025-03-27T16:40:51Z,81.0,Sense
2025-03-27T16:40:56Z,80.0,Sense
2025-03-27T16:41:06Z,80.0,Sense
2025-03-27T16:41:11Z,81.0,Sense
2025-03-27T16:41:16Z,80.0,Sense
2025-03-27T16:41:21Z,80.0,Sense
2025-03-27T16:41:26Z,82.0,Sense
2025-03-27T16:41:36Z,81.0,Sense
2025-03-27T16:41:41Z,81.0,Sense
2025-03-27T16:41:46Z,80.0,Sense
2025-03-27T16:41:51Z,80.0,Sense
2025-03-27T16:41:56Z,77.0,Sense
2025-03-27T16:42:01Z,79.0,Sense
2025-03-27T16:42:11Z,77.0,Sense
2025-03-27T16:42:21Z,76.0,Sense
2025-03-27T16:42:26Z,78.0,Sense
2025-03-27T16:42:31Z,85.0,Sense
2025-03-27T16:42:36Z,86.0,Sense
2025-03-27T16:42:41Z,85.0,Sense
2025-03-27T16:42:46Z,88.0,Sense
2025-03-27T16:42:51Z,87.0,Sense
2025-03-27T16:42:56Z,85.0,Sense
2025-03-27T16:43:01Z,87.0,Sense
2025-03-27T16:43:06Z,87.0,Sense
2025-03-27T16:43:11Z,86.0,Sense
2025-03-27T16:43:16Z,84.0,Sense
2025-03-27T16:43:21Z,82.0,Sense
2025-03-27T16:43:26Z,79.0,Sense
2025-03-27T16:43:31Z,75.0,Sense
2025-03-27T16:43:36Z,74.0,Sense
2025-03-27T16:43:41Z,76.0,Sense
2025-03-27T16:43:46Z,77.0,Sense
2025-03-27T16:43:51Z,76.0,Sense
2025-03-27T16:43:56Z,75.0,Sense
2025-03-27T16:44:06Z,76.0,Sense
2025-03-27T16:44:11Z,78.0,Sense
2025-03-27T16:44:21Z,76.0,Sense
2025-03-27T16:44:26Z,76.0,Sense
2025-03-27T16:44:31Z,77.0,Sense
2025-03-27T16:44:36Z,78.0,Sense
2025-03-27T16:44:41Z,77.0,Sense
2025-03-27T16:44:46Z,77.0,Sense
2025-03-27T16:45:01Z,78.0,Sense
2025-03-27T16:45:06Z,81.0,Sense
2025-03-27T16:45:11Z,80.0,Sense
2025-03-27T16:45:16Z,81.0,Sense
2025-03-27T16:45:21Z,80.0,Sense
2025-03-27T16:45:26Z,84.0,Sense
2025-03-27T16:45:36Z,87.0,Sense
2025-03-27T16:45:41Z,82.0,Sense
2025-03-27T16:45:46Z,79.0,Sense
2025-03-27T16:45:51Z,81.0,Sense
2025-03-27T16:45:56Z,80.0,Sense
2025-03-27T16:46:01Z,78.0,Sense
2025-03-27T16:46:06Z,77.0,Sense
2025-03-27T16:46:11Z,78.0,Sense
2025-03-27T16:46:16Z,80.0,Sense
2025-03-27T16:46:21Z,85.0,Sense
2025-03-27T16:46:26Z,84.0,Sense
2025-03-27T16:46:31Z,84.0,Sense
2025-03-27T16:46:36Z,83.0,Sense
2025-03-27T16:46:41Z,81.0,Sense
2025-03-27T16:46:46Z,82.0,Sense
2025-03-27T16:46:51Z,81.0,Sense
2025-03-27T16:46:56Z,80.0,Sense
2025-03-27T16:47:01Z,79.0,Sense
2025-03-27T16:47:06Z,78.0,Sense
2025-03-27T16:47:21Z,76.0,Sense
2025-03-27T16:47:31Z,77.0,Sense
2025-03-27T16:47:36Z,79.0,Sense
2025-03-27T16:47:41Z,78.0,Sense
2025-03-27T16:47:51Z,81.0,Sense
2025-03-27T16:48:01Z,80.0,Sense
2025-03-27T16:48:06Z,79.0,Sense
2025-03-27T16:48:11Z,78.0,Sense
2025-03-27T16:48:26Z,80.0,Sense
2025-03-27T16:48:31Z,81.0,Sense
2025-03-27T16:48:36Z,82.0,Sense
2025-03-27T16:48:41Z,81.0,Sense
2025-03-27T16:48:46Z,80.0,Sense
2025-03-27T16:48:56Z,81.0,Sense
2025-03-27T16:49:01Z,79.0,Sense
2025-03-27T16:49:06Z,78.0,Sense
2025-03-27T16:49:11Z,79.0,Sense
2025-03-27T16:49:16Z,78.0,Sense
2025-03-27T16:49:21Z,76.0,Sense
2025-03-27T16:49:31Z,75.0,Sense
2025-03-27T16:49:36Z,74.0,Sense
2025-03-27T16:49:41Z,75.0,Sense
2025-03-27T16:49:46Z,75.0,Sense
2025-03-27T16:49:51Z,78.0,Sense
2025-03-27T16:49:56Z,83.0,Sense
2025-03-27T16:50:01Z,84.0,Sense
2025-03-27T16:50:06Z,83.0,Sense
2025-03-27T16:50:11Z,81.0,Sense
2025-03-27T16:50:16Z,79.0,Sense
2025-03-27T16:50:26Z,77.0,Sense
2025-03-27T16:50:31Z,75.0,Sense
2025-03-27T16:50:36Z,76.0,Sense
2025-03-27T16:50:41Z,77.0,Sense
2025-03-27T16:50:46Z,78.0,Sense
2025-03-27T16:50:51Z,77.0,Sense
2025-03-27T16:50:56Z,76.0,Sense
2025-03-27T16:51:06Z,77.0,Sense
2025-03-27T16:51:11Z,76.0,Sense
2025-03-27T16:51:16Z,74.0,Sense
2025-03-27T16:51:21Z,76.0,Sense
2025-03-27T16:51:26Z,81.0,Sense
2025-03-27T16:51:31Z,81.0,Sense
2025-03-27T16:51:36Z,77.0,Sense
2025-03-27T16:51:41Z,75.0,Sense
2025-03-27T16:51:46Z,76.0,Sense
2025-03-27T16:51:51Z,77.0,Sense
2025-03-27T16:51:56Z,76.0,Sense
2025-03-27T16:52:06Z,75.0,Sense
2025-03-27T16:52:16Z,76.0,Sense
2025-03-27T16:52:26Z,75.0,Sense
2025-03-27T16:52:36Z,74.0,Sense
2025-03-27T16:52:51Z,75.0,Sense
2025-03-27T16:52:56Z,81.0,Sense
2025-03-27T16:53:06Z,79.0,Sense
2025-03-27T16:53:21Z,78.0,Sense
2025-03-27T16:53:26Z,77.0,Sense
2025-03-27T16:53:31Z,75.0,Sense
2025-03-27T16:53:41Z,76.0,Sense
2025-03-27T16:53:46Z,77.0,Sense
2025-03-27T16:54:01Z,78.0,Sense
2025-03-27T16:54:06Z,80.0,Sense
2025-03-27T16:54:11Z,81.0,Sense
2025-03-27T16:54:16Z,79.0,Sense
2025-03-27T16:54:21Z,78.0,Sense
2025-03-27T16:54:26Z,77.0,Sense
2025-03-27T16:54:31Z,75.0,Sense
2025-03-27T16:54:36Z,74.0,Sense
2025-03-27T16:54:41Z,75.0,Sense
2025-03-27T16:54:46Z,79.0,Sense
2025-03-27T16:54:51Z,80.0,Sense
2025-03-27T16:54:56Z,81.0,Sense
2025-03-27T16:55:01Z,78.0,Sense
2025-03-27T16:55:06Z,74.0,Sense
2025-03-27T16:55:11Z,75.0,Sense
2025-03-27T16:55:16Z,74.0,Sense
2025-03-27T16:55:26Z,74.0,Sense
2025-03-27T16:55:31Z,75.0,Sense
2025-03-27T16:55:41Z,76.0,Sense
2025-03-27T16:55:46Z,78.0,Sense
2025-03-27T16:55:51Z,79.0,Sense
2025-03-27T16:55:56Z,78.0,Sense
2025-03-27T16:56:01Z,76.0,Sense
2025-03-27T16:56:06Z,73.0,Sense
2025-03-27T16:56:11Z,72.0,Sense
2025-03-27T16:56:21Z,73.0,Sense
2025-03-27T16:56:26Z,74.0,Sense
2025-03-27T16:56:41Z,74.0,Sense
2025-03-27T16:56:46Z,75.0,Sense
2025-03-27T16:56:51Z,76.0,Sense
2025-03-27T16:57:06Z,79.0,Sense
2025-03-27T16:57:11Z,80.0,Sense
2025-03-27T16:57:16Z,79.0,Sense
2025-03-27T16:57:21Z,78.0,Sense
2025-03-27T16:57:36Z,78.0,Sense
2025-03-27T16:57:41Z,77.0,Sense
2025-03-27T16:57:46Z,78.0,Sense
2025-03-27T16:57:51Z,81.0,Sense
2025-03-27T16:58:01Z,80.0,Sense
2025-03-27T16:58:06Z,85.0,Sense
2025-03-27T16:58:11Z,86.0,Sense
2025-03-27T16:58:16Z,89.0,Sense
2025-03-27T16:58:21Z,86.0,Sense
2025-03-27T16:58:31Z,87.0,Sense
2025-03-27T16:58:36Z,85.0,Sense
2025-03-27T16:58:41Z,83.0,Sense
2025-03-27T16:58:46Z,82.0,Sense
2025-03-27T16:58:56Z,82.0,Sense
2025-03-27T16:59:01Z,84.0,Sense
2025-03-27T16:59:06Z,88.0,Sense
2025-03-27T16:59:11Z,85.0,Sense
2025-03-27T16:59:16Z,86.0,Sense
2025-03-27T16:59:21Z,84.0,Sense
2025-03-27T16:59:31Z,83.0,Sense
2025-03-27T16:59:36Z,81.0,Sense
2025-03-27T16:59:41Z,80.0,Sense
2025-03-27T16:59:46Z,82.0,Sense
2025-03-27T16:59:56Z,79.0,Sense
2025-03-27T17:00:11Z,79.0,Sense
2025-03-27T17:00:16Z,79.0,Sense
2025-03-27T17:00:21Z,80.0,Sense
2025-03-27T17:00:26Z,82.0,Sense
2025-03-27T17:00:31Z,83.0,Sense
2025-03-27T17:00:36Z,85.0,Sense
2025-03-27T17:00:41Z,86.0,Sense
2025-03-27T17:00:46Z,85.0,Sense
2025-03-27T17:00:51Z,84.0,Sense
2025-03-27T17:01:01Z,85.0,Sense
2025-03-27T17:01:06Z,88.0,Sense
2025-03-27T17:01:11Z,86.0,Sense
2025-03-27T17:01:16Z,84.0,Sense
2025-03-27T17:01:21Z,85.0,Sense
2025-03-27T17:01:26Z,90.0,Sense
2025-03-27T17:01:31Z,91.0,Sense
2025-03-27T17:01:36Z,92.0,Sense
2025-03-27T17:01:46Z,90.0,Sense
2025-03-27T17:01:51Z,89.0,Sense
2025-03-27T17:01:56Z,85.0,Sense
2025-03-27T17:02:01Z,81.0,Sense
2025-03-27T17:02:06Z,81.0,Sense
2025-03-27T17:02:11Z,82.0,Sense
2025-03-27T17:02:16Z,82.0,Sense
2025-03-27T17:02:26Z,82.0,Sense
2025-03-27T17:02:36Z,82.0,Sense
2025-03-27T17:02:46Z,83.0,Sense
2025-03-27T17:02:56Z,82.0,Sense
2025-03-27T17:03:01Z,79.0,Sense
2025-03-27T17:03:06Z,80.0,Sense
2025-03-27T17:03:11Z,84.0,Sense
2025-03-27T17:03:16Z,86.0,Sense
2025-03-27T17:03:21Z,84.0,Sense
2025-03-27T17:03:26Z,85.0,Sense
2025-03-27T17:03:31Z,83.0,Sense
2025-03-27T17:03:36Z,84.0,Sense
2025-03-27T17:03:41Z,83.0,Sense
2025-03-27T17:03:46Z,81.0,Sense
2025-03-27T17:03:51Z,79.0,Sense
2025-03-27T17:03:56Z,83.0,Sense
2025-03-27T17:04:01Z,84.0,Sense
2025-03-27T17:04:06Z,81.0,Sense
2025-03-27T17:04:11Z,78.0,Sense
2025-03-27T17:04:16Z,81.0,Sense
2025-03-27T17:04:21Z,84.0,Sense
2025-03-27T17:04:26Z,85.0,Sense
2025-03-27T17:04:36Z,86.0,Sense
2025-03-27T17:04:41Z,85.0,Sense
2025-03-27T17:04:46Z,86.0,Sense
2025-03-27T17:04:51Z,84.0,Sense
2025-03-27T17:04:56Z,82.0,Sense
2025-03-27T17:05:06Z,87.0,Sense
2025-03-27T17:05:11Z,90.0,Sense
2025-03-27T17:05:16Z,92.0,Sense
2025-03-27T17:05:21Z,93.0,Sense
2025-03-27T17:05:26Z,92.0,Sense
2025-03-27T17:05:31Z,89.0,Sense
2025-03-27T17:05:36Z,87.0,Sense
2025-03-27T17:05:51Z,89.0,Sense
2025-03-27T17:06:01Z,90.0,Sense
2025-03-27T17:06:11Z,86.0,Sense
2025-03-27T17:06:16Z,84.0,Sense
2025-03-27T17:06:26Z,85.0,Sense
2025-03-27T17:06:31Z,86.0,Sense
2025-03-27T17:06:36Z,84.0,Sense
2025-03-27T17:06:41Z,81.0,Sense
2025-03-27T17:06:46Z,87.0,Sense
2025-03-27T17:06:51Z,86.0,Sense
2025-03-27T17:06:56Z,85.0,Sense
2025-03-27T17:07:01Z,86.0,Sense
2025-03-27T17:07:06Z,86.0,Sense
2025-03-27T17:07:11Z,85.0,Sense
2025-03-27T17:07:16Z,85.0,Sense
2025-03-27T17:07:21Z,84.0,Sense
2025-03-27T17:07:27Z,85.0,Sense
2025-03-27T17:07:32Z,89.0,Sense
2025-03-27T17:07:37Z,91.0,Sense
2025-03-27T17:07:47Z,92.0,Sense
2025-03-27T17:07:57Z,95.0,Sense
2025-03-27T17:08:02Z,94.0,Sense
2025-03-27T17:08:12Z,91.0,Sense
2025-03-27T17:08:22Z,89.0,Sense
2025-03-27T17:08:27Z,87.0,Sense
2025-03-27T17:08:32Z,86.0,Sense
2025-03-27T17:08:37Z,86.0,Sense
2025-03-27T17:08:42Z,87.0,Sense
2025-03-27T17:08:47Z,86.0,Sense
2025-03-27T17:08:52Z,85.0,Sense
2025-03-27T17:09:02Z,84.0,Sense
2025-03-27T17:09:12Z,83.0,Sense
2025-03-27T17:09:22Z,84.0,Sense
2025-03-27T17:09:27Z,85.0,Sense
2025-03-27T17:09:37Z,86.0,Sense
2025-03-27T17:09:42Z,87.0,Sense
2025-03-27T17:09:47Z,88.0,Sense
2025-03-27T17:09:52Z,87.0,Sense
2025-03-27T17:09:57Z,86.0,Sense
2025-03-27T17:10:02Z,85.0,Sense
2025-03-27T17:10:12Z,84.0,Sense
2025-03-27T17:10:17Z,85.0,Sense
2025-03-27T17:10:22Z,89.0,Sense
2025-03-27T17:10:27Z,93.0,Sense
2025-03-27T17:10:37Z,89.0,Sense
2025-03-27T17:10:42Z,87.0,Sense
2025-03-27T17:10:47Z,84.0,Sense
2025-03-27T17:10:52Z,83.0,Sense
2025-03-27T17:10:57Z,83.0,Sense
2025-03-27T17:11:02Z,83.0,Sense
2025-03-27T17:11:07Z,82.0,Sense
2025-03-27T17:11:12Z,83.0,Sense
2025-03-27T17:11:22Z,82.0,Sense
2025-03-27T17:11:27Z,83.0,Sense
2025-03-27T17:11:32Z,86.0,Sense
2025-03-27T17:11:42Z,85.0,Sense
2025-03-27T17:11:47Z,83.0,Sense
2025-03-27T17:11:52Z,83.0,Sense
2025-03-27T17:12:02Z,84.0,Sense
2025-03-27T17:12:07Z,85.0,Sense
2025-03-27T17:12:12Z,86.0,Sense
2025-03-27T17:12:22Z,89.0,Sense
2025-03-27T17:12:27Z,90.0,Sense
2025-03-27T17:12:32Z,87.0,Sense
2025-03-27T17:12:37Z,84.0,Sense
2025-03-27T17:12:42Z,83.0,Sense
2025-03-27T17:12:52Z,87.0,Sense
2025-03-27T17:13:02Z,84.0,Sense
2025-03-27T17:13:07Z,83.0,Sense
2025-03-27T17:13:12Z,86.0,Sense
2025-03-27T17:13:17Z,85.0,Sense
2025-03-27T17:13:22Z,83.0,Sense
2025-03-27T17:13:27Z,82.0,Sense
2025-03-27T17:13:37Z,83.0,Sense
2025-03-27T17:13:42Z,82.0,Sense
2025-03-27T17:13:47Z,81.0,Sense
2025-03-27T17:13:52Z,82.0,Sense
2025-03-27T17:13:57Z,83.0,Sense
2025-03-27T17:14:02Z,82.0,Sense
2025-03-27T17:14:07Z,82.0,Sense
2025-03-27T17:14:12Z,82.0,Sense
2025-03-27T17:14:27Z,82.0,Sense
2025-03-27T17:14:32Z,84.0,Sense
2025-03-27T17:14:37Z,87.0,Sense
2025-03-27T17:14:47Z,87.0,Sense
2025-03-27T17:14:52Z,86.0,Sense
2025-03-27T17:14:57Z,85.0,Sense
2025-03-27T17:15:02Z,83.0,Sense
2025-03-27T17:15:07Z,83.0,Sense
2025-03-27T17:15:12Z,86.0,Sense
2025-03-27T17:15:27Z,87.0,Sense
2025-03-27T17:15:37Z,88.0,Sense
2025-03-27T17:15:42Z,88.0,Sense
2025-03-27T17:15:52Z,87.0,Sense
2025-03-27T17:15:57Z,85.0,Sense
2025-03-27T17:16:02Z,84.0,Sense
2025-03-27T17:16:17Z,84.0,Sense
2025-03-27T17:16:22Z,84.0,Sense
2025-03-27T17:16:27Z,85.0,Sense
2025-03-27T17:16:32Z,95.0,Sense
2025-03-27T17:16:37Z,94.0,Sense
2025-03-27T17:16:42Z,90.0,Sense
2025-03-27T17:16:52Z,89.0,Sense
2025-03-27T17:16:57Z,85.0,Sense
2025-03-27T17:17:02Z,84.0,Sense
2025-03-27T17:17:07Z,86.0,Sense
2025-03-27T17:17:12Z,88.0,Sense
2025-03-27T17:17:17Z,87.0,Sense
2025-03-27T17:17:22Z,87.0,Sense
2025-03-27T17:17:27Z,87.0,Sense
2025-03-27T17:17:32Z,88.0,Sense
2025-03-27T17:17:37Z,89.0,Sense
2025-03-27T17:17:42Z,90.0,Sense
2025-03-27T17:17:47Z,91.0,Sense
2025-03-27T17:17:57Z,90.0,Sense
2025-03-27T17:18:02Z,89.0,Sense
2025-03-27T17:18:12Z,89.0,Sense
2025-03-27T17:18:17Z,88.0,Sense
2025-03-27T17:18:32Z,88.0,Sense
2025-03-27T17:18:42Z,87.0,Sense
2025-03-27T17:18:47Z,86.0,Sense
2025-03-27T17:18:57Z,87.0,Sense
2025-03-27T17:19:02Z,86.0,Sense
2025-03-27T17:19:07Z,86.0,Sense
2025-03-27T17:19:12Z,87.0,Sense
2025-03-27T17:19:17Z,87.0,Sense
2025-03-27T17:19:22Z,88.0,Sense
2025-03-27T17:19:37Z,89.0,Sense
2025-03-27T17:19:42Z,92.0,Sense
2025-03-27T17:19:47Z,86.0,Sense
2025-03-27T17:19:52Z,81.0,Sense
2025-03-27T17:19:57Z,80.0,Sense
2025-03-27T17:20:02Z,82.0,Sense
2025-03-27T17:20:07Z,83.0,Sense
2025-03-27T17:20:12Z,84.0,Sense
2025-03-27T17:20:17Z,86.0,Sense
2025-03-27T17:20:27Z,85.0,Sense
2025-03-27T17:20:42Z,87.0,Sense
2025-03-27T17:20:47Z,87.0,Sense
2025-03-27T17:20:57Z,88.0,Sense
2025-03-27T17:21:12Z,88.0,Sense
2025-03-27T17:21:27Z,89.0,Sense
2025-03-27T17:21:32Z,92.0,Sense
2025-03-27T17:21:37Z,94.0,Sense
2025-03-27T17:21:42Z,92.0,Sense
2025-03-27T17:21:47Z,91.0,Sense
2025-03-27T17:21:52Z,88.0,Sense
2025-03-27T17:21:57Z,87.0,Sense
2025-03-27T17:22:02Z,87.0,Sense
2025-03-27T17:22:07Z,86.0,Sense
2025-03-27T17:22:12Z,85.0,Sense
2025-03-27T17:22:17Z,88.0,Sense
2025-03-27T17:22:22Z,90.0,Sense
2025-03-27T17:22:27Z,90.0,Sense
2025-03-27T17:22:32Z,89.0,Sense
2025-03-27T17:22:42Z,87.0,Sense
2025-03-27T17:22:47Z,85.0,Sense
2025-03-27T17:22:52Z,86.0,Sense
2025-03-27T17:22:57Z,87.0,Sense
2025-03-27T17:23:02Z,91.0,Sense
2025-03-27T17:23:12Z,92.0,Sense
2025-03-27T17:23:17Z,91.0,Sense
2025-03-27T17:23:22Z,89.0,Sense
2025-03-27T17:23:27Z,87.0,Sense
2025-03-27T17:23:32Z,88.0,Sense
2025-03-27T17:23:37Z,92.0,Sense
2025-03-27T17:23:42Z,89.0,Sense
2025-03-27T17:23:47Z,88.0,Sense
2025-03-27T17:23:52Z,86.0,Sense
2025-03-27T17:23:57Z,87.0,Sense
2025-03-27T17:24:07Z,86.0,Sense
2025-03-27T17:24:12Z,84.0,Sense
2025-03-27T17:24:17Z,87.0,Sense
2025-03-27T17:24:22Z,91.0,Sense
2025-03-27T17:24:32Z,89.0,Sense
2025-03-27T17:24:37Z,86.0,Sense
2025-03-27T17:24:42Z,82.0,Sense
2025-03-27T17:24:47Z,81.0,Sense
2025-03-27T17:24:52Z,81.0,Sense
2025-03-27T17:25:02Z,84.0,Sense
2025-03-27T17:25:12Z,83.0,Sense
2025-03-27T17:25:17Z,84.0,Sense
2025-03-27T17:25:22Z,83.0,Sense
2025-03-27T17:25:27Z,84.0,Sense
2025-03-27T17:25:32Z,82.0,Sense
2025-03-27T17:25:37Z,80.0,Sense
2025-03-27T17:25:47Z,78.0,Sense
2025-03-27T17:25:52Z,81.0,Sense
2025-03-27T17:26:02Z,80.0,Sense
2025-03-27T17:26:07Z,79.0,Sense
2025-03-27T17:26:12Z,80.0,Sense
2025-03-27T17:26:27Z,79.0,Sense
2025-03-27T17:26:42Z,80.0,Sense
2025-03-27T17:26:47Z,82.0,Sense
2025-03-27T17:26:57Z,83.0,Sense
2025-03-27T17:27:02Z,84.0,Sense
2025-03-27T17:27:07Z,86.0,Sense
2025-03-27T17:27:12Z,87.0,Sense
2025-03-27T17:27:17Z,85.0,Sense
2025-03-27T17:27:27Z,84.0,Sense
2025-03-27T17:27:37Z,85.0,Sense
2025-03-27T17:27:42Z,83.0,Sense
2025-03-27T17:27:47Z,79.0,Sense
2025-03-27T17:27:57Z,81.0,Sense
2025-03-27T17:28:02Z,82.0,Sense
2025-03-27T17:28:07Z,84.0,Sense
2025-03-27T17:28:17Z,85.0,Sense
2025-03-27T17:28:27Z,88.0,Sense
2025-03-27T17:28:32Z,91.0,Sense
2025-03-27T17:28:37Z,90.0,Sense
2025-03-27T17:28:47Z,89.0,Sense
2025-03-27T17:28:57Z,87.0,Sense
2025-03-27T17:29:02Z,84.0,Sense
2025-03-27T17:29:07Z,85.0,Sense
2025-03-27T17:29:17Z,86.0,Sense
2025-03-27T17:29:32Z,87.0,Sense
2025-03-27T17:29:47Z,86.0,Sense
2025-03-27T17:29:52Z,84.0,Sense
2025-03-27T17:29:57Z,83.0,Sense
2025-03-27T17:30:02Z,88.0,Sense
2025-03-27T17:30:07Z,91.0,Sense
2025-03-27T17:30:12Z,90.0,Sense
2025-03-27T17:30:22Z,88.0,Sense
2025-03-27T17:30:27Z,86.0,Sense
2025-03-27T17:30:32Z,85.0,Sense
2025-03-27T17:30:42Z,86.0,Sense
2025-03-27T17:30:47Z,87.0,Sense
2025-03-27T17:30:52Z,88.0,Sense
2025-03-27T17:30:57Z,86.0,Sense
2025-03-27T17:31:02Z,87.0,Sense
2025-03-27T17:31:07Z,87.0,Sense
2025-03-27T17:31:12Z,87.0,Sense
2025-03-27T17:31:22Z,86.0,Sense
2025-03-27T17:31:27Z,85.0,Sense
2025-03-27T17:31:32Z,84.0,Sense
2025-03-27T17:31:42Z,83.0,Sense
2025-03-27T17:31:57Z,84.0,Sense
2025-03-27T17:32:02Z,92.0,Sense
2025-03-27T17:32:12Z,94.0,Sense
2025-03-27T17:32:27Z,93.0,Sense
2025-03-27T17:32:32Z,90.0,Sense
2025-03-27T17:32:37Z,89.0,Sense
2025-03-27T17:32:42Z,85.0,Sense
2025-03-27T17:32:47Z,81.0,Sense
2025-03-27T17:32:52Z,82.0,Sense
2025-03-27T17:32:57Z,83.0,Sense
2025-03-27T17:33:07Z,84.0,Sense
2025-03-27T17:33:17Z,83.0,Sense
2025-03-27T17:33:22Z,83.0,Sense
2025-03-27T17:33:32Z,84.0,Sense
2025-03-27T17:33:37Z,87.0,Sense
2025-03-27T17:33:47Z,86.0,Sense
2025-03-27T17:33:52Z,88.0,Sense
2025-03-27T17:33:57Z,86.0,Sense
2025-03-27T17:34:02Z,87.0,Sense
2025-03-27T17:34:07Z,86.0,Sense
2025-03-27T17:34:17Z,85.0,Sense
2025-03-27T17:34:22Z,85.0,Sense
2025-03-27T17:34:32Z,84.0,Sense
2025-03-27T17:34:37Z,86.0,Sense
2025-03-27T17:34:42Z,90.0,Sense
2025-03-27T17:34:47Z,86.0,Sense
2025-03-27T17:34:57Z,84.0,Sense
2025-03-27T17:35:12Z,84.0,Sense
2025-03-27T17:35:22Z,86.0,Sense
2025-03-27T17:35:27Z,87.0,Sense
2025-03-27T17:35:32Z,82.0,Sense
2025-03-27T17:35:42Z,83.0,Sense
2025-03-27T17:35:47Z,81.0,Sense
2025-03-27T17:36:02Z,79.0,Sense
2025-03-27T17:36:07Z,81.0,Sense
2025-03-27T17:36:17Z,81.0,Sense
2025-03-27T17:36:22Z,82.0,Sense
2025-03-27T17:36:32Z,82.0,Sense
2025-03-27T17:36:37Z,83.0,Sense
2025-03-27T17:36:42Z,86.0,Sense
2025-03-27T17:36:47Z,87.0,Sense
2025-03-27T17:36:52Z,85.0,Sense
2025-03-27T17:36:57Z,87.0,Sense
2025-03-27T17:37:07Z,89.0,Sense
2025-03-27T17:37:12Z,90.0,Sense
2025-03-27T17:37:27Z,89.0,Sense
2025-03-27T17:37:32Z,87.0,Sense
2025-03-27T17:37:37Z,84.0,Sense
2025-03-27T17:37:42Z,82.0,Sense
2025-03-27T17:37:52Z,85.0,Sense
2025-03-27T17:37:57Z,87.0,Sense
2025-03-27T17:38:02Z,85.0,Sense
2025-03-27T17:38:07Z,86.0,Sense
2025-03-27T17:38:12Z,85.0,Sense
2025-03-27T17:38:22Z,88.0,Sense
2025-03-27T17:38:32Z,87.0,Sense
2025-03-27T17:38:37Z,90.0,Sense
2025-03-27T17:38:42Z,88.0,Sense
2025-03-27T17:38:47Z,90.0,Sense
2025-03-27T17:38:52Z,89.0,Sense
2025-03-27T17:39:02Z,88.0,Sense
2025-03-27T17:39:07Z,86.0,Sense
2025-03-27T17:39:12Z,88.0,Sense
2025-03-27T17:39:22Z,89.0,Sense
2025-03-27T17:39:27Z,90.0,Sense
2025-03-27T17:39:37Z,89.0,Sense
2025-03-27T17:39:47Z,88.0,Sense
2025-03-27T17:40:02Z,88.0,Sense
2025-03-27T17:40:12Z,89.0,Sense
2025-03-27T17:40:27Z,89.0,Sense
2025-03-27T17:40:32Z,89.0,Sense
2025-03-27T17:40:37Z,91.0,Sense
2025-03-27T17:40:42Z,89.0,Sense
2025-03-27T17:40:47Z,88.0,Sense
2025-03-27T17:40:52Z,88.0,Sense
2025-03-27T17:40:57Z,88.0,Sense
2025-03-27T17:41:02Z,87.0,Sense
2025-03-27T17:41:12Z,88.0,Sense
2025-03-27T17:41:17Z,88.0,Sense
2025-03-27T17:41:22Z,88.0,Sense
2025-03-27T17:41:27Z,89.0,Sense
2025-03-27T17:41:32Z,88.0,Sense
2025-03-27T17:41:42Z,89.0,Sense
2025-03-27T17:41:52Z,92.0,Sense
2025-03-27T17:41:57Z,90.0,Sense
2025-03-27T17:42:02Z,88.0,Sense
2025-03-27T17:42:07Z,85.0,Sense
2025-03-27T17:42:12Z,80.0,Sense
2025-03-27T17:42:17Z,79.0,Sense
2025-03-27T17:42:22Z,82.0,Sense
2025-03-27T17:42:27Z,85.0,Sense
2025-03-27T17:42:32Z,86.0,Sense
2025-03-27T17:42:47Z,87.0,Sense
2025-03-27T17:42:52Z,89.0,Sense
2025-03-27T17:42:57Z,91.0,Sense
2025-03-27T17:43:02Z,89.0,Sense
2025-03-27T17:43:07Z,86.0,Sense
2025-03-27T17:43:12Z,85.0,Sense
2025-03-27T17:43:17Z,87.0,Sense
2025-03-27T17:43:27Z,88.0,Sense
2025-03-27T17:43:37Z,89.0,Sense
2025-03-27T17:43:47Z,90.0,Sense
2025-03-27T17:43:52Z,91.0,Sense
2025-03-27T17:43:57Z,92.0,Sense
2025-03-27T17:44:02Z,93.0,Sense
2025-03-27T17:44:07Z,95.0,Sense
2025-03-27T17:44:12Z,93.0,Sense
2025-03-27T17:44:17Z,90.0,Sense
2025-03-27T17:44:22Z,89.0,Sense
2025-03-27T17:44:27Z,87.0,Sense
2025-03-27T17:44:32Z,88.0,Sense
2025-03-27T17:44:37Z,87.0,Sense
2025-03-27T17:44:42Z,86.0,Sense
2025-03-27T17:44:47Z,87.0,Sense
2025-03-27T17:44:52Z,89.0,Sense
2025-03-27T17:44:57Z,85.0,Sense
2025-03-27T17:45:02Z,88.0,Sense
2025-03-27T17:45:07Z,90.0,Sense
2025-03-27T17:45:12Z,89.0,Sense
2025-03-27T17:45:17Z,94.0,Sense
2025-03-27T17:45:22Z,92.0,Sense
2025-03-27T17:45:37Z,93.0,Sense
2025-03-27T17:45:42Z,91.0,Sense
2025-03-27T17:45:47Z,90.0,Sense
2025-03-27T17:45:57Z,86.0,Sense
2025-03-27T17:46:02Z,85.0,Sense
2025-03-27T17:46:07Z,86.0,Sense
2025-03-27T17:46:12Z,87.0,Sense
2025-03-27T17:46:17Z,86.0,Sense
2025-03-27T17:46:22Z,88.0,Sense
2025-03-27T17:46:27Z,87.0,Sense
2025-03-27T17:46:32Z,88.0,Sense
2025-03-27T17:46:42Z,89.0,Sense
2025-03-27T17:46:47Z,91.0,Sense
2025-03-27T17:46:52Z,90.0,Sense
2025-03-27T17:46:57Z,89.0,Sense
2025-03-27T17:47:02Z,90.0,Sense
2025-03-27T17:47:07Z,93.0,Sense
2025-03-27T17:47:12Z,94.0,Sense
2025-03-27T17:47:17Z,94.0,Sense
2025-03-27T17:47:22Z,95.0,Sense
2025-03-27T17:47:27Z,93.0,Sense
2025-03-27T17:47:32Z,92.0,Sense
2025-03-27T17:47:37Z,91.0,Sense
2025-03-27T17:47:42Z,88.0,Sense
2025-03-27T17:47:47Z,85.0,Sense
2025-03-27T17:47:52Z,84.0,Sense
2025-03-27T17:47:57Z,87.0,Sense
2025-03-27T17:48:02Z,87.0,Sense
2025-03-27T17:48:07Z,88.0,Sense
2025-03-27T17:48:12Z,90.0,Sense
2025-03-27T17:48:17Z,89.0,Sense
2025-03-27T17:48:22Z,88.0,Sense
2025-03-27T17:48:27Z,87.0,Sense
2025-03-27T17:48:32Z,85.0,Sense
2025-03-27T17:48:37Z,81.0,Sense
2025-03-27T17:48:42Z,79.0,Sense
2025-03-27T17:48:52Z,80.0,Sense
2025-03-27T17:49:07Z,81.0,Sense
2025-03-27T17:49:17Z,82.0,Sense
2025-03-27T17:49:32Z,83.0,Sense
2025-03-27T17:49:37Z,86.0,Sense
2025-03-27T17:49:42Z,90.0,Sense
2025-03-27T17:49:47Z,92.0,Sense
2025-03-27T17:49:57Z,89.0,Sense
2025-03-27T17:50:02Z,84.0,Sense
2025-03-27T17:50:07Z,82.0,Sense
2025-03-27T17:50:12Z,83.0,Sense
2025-03-27T17:50:17Z,82.0,Sense
2025-03-27T17:50:27Z,83.0,Sense
2025-03-27T17:50:32Z,88.0,Sense
2025-03-27T17:50:37Z,92.0,Sense
2025-03-27T17:50:42Z,93.0,Sense
2025-03-27T17:50:47Z,91.0,Sense
2025-03-27T17:50:52Z,93.0,Sense
2025-03-27T17:50:57Z,94.0,Sense
2025-03-27T17:51:02Z,91.0,Sense
2025-03-27T17:51:07Z,93.0,Sense
2025-03-27T17:51:12Z,92.0,Sense
2025-03-27T17:51:22Z,93.0,Sense
2025-03-27T17:51:27Z,91.0,Sense
2025-03-27T17:51:32Z,90.0,Sense
2025-03-27T17:51:42Z,93.0,Sense
2025-03-27T17:51:47Z,92.0,Sense
2025-03-27T17:51:52Z,93.0,Sense
2025-03-27T17:52:07Z,92.0,Sense
2025-03-27T17:52:12Z,87.0,Sense
2025-03-27T17:52:17Z,84.0,Sense
2025-03-27T17:52:22Z,81.0,Sense
2025-03-27T17:52:27Z,79.0,Sense
2025-03-27T17:52:32Z,77.0,Sense
2025-03-27T17:52:37Z,80.0,Sense
2025-03-27T17:52:42Z,81.0,Sense
2025-03-27T17:52:47Z,83.0,Sense
2025-03-27T17:52:52Z,88.0,Sense
2025-03-27T17:52:57Z,90.0,Sense
2025-03-27T17:53:02Z,89.0,Sense
2025-03-27T17:53:07Z,88.0,Sense
2025-03-27T17:53:17Z,86.0,Sense
2025-03-27T17:53:22Z,88.0,Sense
2025-03-27T17:53:27Z,86.0,Sense
2025-03-27T17:53:32Z,87.0,Sense
2025-03-27T17:53:47Z,87.0,Sense
2025-03-27T17:53:52Z,86.0,Sense
2025-03-27T17:53:57Z,89.0,Sense
2025-03-27T17:54:02Z,90.0,Sense
2025-03-27T17:54:07Z,87.0,Sense
2025-03-27T17:54:12Z,86.0,Sense
2025-03-27T17:54:17Z,85.0,Sense
2025-03-27T17:54:27Z,87.0,Sense
2025-03-27T17:54:32Z,88.0,Sense
2025-03-27T17:54:37Z,88.0,Sense
2025-03-27T17:54:42Z,88.0,Sense
2025-03-27T17:54:47Z,89.0,Sense
2025-03-27T17:54:52Z,91.0,Sense
2025-03-27T17:54:57Z,93.0,Sense
2025-03-27T17:55:02Z,95.0,Sense
2025-03-27T17:55:12Z,91.0,Sense
2025-03-27T17:55:17Z,90.0,Sense
2025-03-27T17:55:22Z,89.0,Sense
2025-03-27T17:55:27Z,85.0,Sense
2025-03-27T17:55:32Z,83.0,Sense
2025-03-27T17:55:37Z,85.0,Sense
2025-03-27T17:55:42Z,86.0,Sense
2025-03-27T17:55:52Z,93.0,Sense
2025-03-27T17:55:57Z,98.0,Sense
2025-03-27T17:56:02Z,97.0,Sense
2025-03-27T17:56:07Z,95.0,Sense
2025-03-27T17:56:12Z,93.0,Sense
2025-03-27T17:56:17Z,92.0,Sense
2025-03-27T17:56:22Z,91.0,Sense
2025-03-27T17:56:32Z,92.0,Sense
2025-03-27T17:56:37Z,93.0,Sense
2025-03-27T17:56:42Z,92.0,Sense
2025-03-27T17:56:47Z,90.0,Sense
2025-03-27T17:56:52Z,92.0,Sense
2025-03-27T17:56:57Z,91.0,Sense
2025-03-27T17:57:02Z,91.0,Sense
2025-03-27T17:57:07Z,90.0,Sense
2025-03-27T17:57:12Z,89.0,Sense
2025-03-27T17:57:22Z,88.0,Sense
2025-03-27T17:57:27Z,87.0,Sense
2025-03-27T17:57:32Z,86.0,Sense
2025-03-27T17:57:42Z,85.0,Sense
2025-03-27T17:57:57Z,85.0,Sense
2025-03-27T17:58:02Z,88.0,Sense
2025-03-27T17:58:07Z,90.0,Sense
2025-03-27T17:58:12Z,90.0,Sense
2025-03-27T17:58:22Z,89.0,Sense
2025-03-27T17:58:27Z,88.0,Sense
2025-03-27T17:58:42Z,91.0,Sense
2025-03-27T17:58:47Z,95.0,Sense
2025-03-27T17:58:52Z,97.0,Sense
2025-03-27T17:59:02Z,93.0,Sense
2025-03-27T17:59:07Z,91.0,Sense
2025-03-27T17:59:12Z,91.0,Sense
2025-03-27T17:59:17Z,90.0,Sense
2025-03-27T17:59:22Z,89.0,Sense
2025-03-27T17:59:27Z,90.0,Sense
2025-03-27T17:59:32Z,89.0,Sense
2025-03-27T17:59:37Z,90.0,Sense
2025-03-27T17:59:42Z,94.0,Sense
2025-03-27T17:59:47Z,96.0,Sense
2025-03-27T17:59:52Z,99.0,Sense
2025-03-27T17:59:57Z,98.0,Sense
2025-03-27T18:00:07Z,97.0,Sense
2025-03-27T18:00:17Z,99.0,Sense
2025-03-27T18:00:32Z,102.0,Sense
2025-03-27T18:00:37Z,103.0,Sense
2025-03-27T18:00:42Z,104.0,Sense
2025-03-27T18:00:47Z,103.0,Sense
2025-03-27T18:00:57Z,104.0,Sense
2025-03-27T18:01:02Z,103.0,Sense
2025-03-27T18:01:12Z,105.0,Sense
2025-03-27T18:01:17Z,108.0,Sense
2025-03-27T18:01:22Z,107.0,Sense
2025-03-27T18:01:27Z,103.0,Sense
2025-03-27T18:01:32Z,101.0,Sense
2025-03-27T18:01:37Z,102.0,Sense
2025-03-27T18:01:42Z,102.0,Sense
2025-03-27T18:01:47Z,98.0,Sense
2025-03-27T18:01:52Z,96.0,Sense
2025-03-27T18:02:02Z,97.0,Sense
2025-03-27T18:02:07Z,97.0,Sense
2025-03-27T18:02:12Z,98.0,Sense
2025-03-27T18:02:17Z,97.0,Sense
2025-03-27T18:02:22Z,96.0,Sense
2025-03-27T18:02:27Z,95.0,Sense
2025-03-27T18:02:37Z,94.0,Sense
2025-03-27T18:02:42Z,92.0,Sense
2025-03-27T18:02:57Z,91.0,Sense
2025-03-27T18:03:02Z,91.0,Sense
2025-03-27T18:03:07Z,91.0,Sense
2025-03-27T18:03:12Z,93.0,Sense
2025-03-27T18:03:17Z,92.0,Sense
2025-03-27T18:03:22Z,91.0,Sense
2025-03-27T18:03:32Z,90.0,Sense
2025-03-27T18:03:42Z,97.0,Sense
2025-03-27T18:03:47Z,96.0,Sense
2025-03-27T18:03:57Z,97.0,Sense
2025-03-27T18:04:02Z,96.0,Sense
2025-03-27T18:04:07Z,92.0,Sense
2025-03-27T18:04:12Z,90.0,Sense
2025-03-27T18:04:17Z,92.0,Sense
2025-03-27T18:04:22Z,95.0,Sense
2025-03-27T18:04:32Z,93.0,Sense
2025-03-27T18:04:42Z,94.0,Sense
2025-03-27T18:04:57Z,95.0,Sense
2025-03-27T18:05:07Z,97.0,Sense
2025-03-27T18:05:12Z,98.0,Sense
2025-03-27T18:05:17Z,101.0,Sense
2025-03-27T18:05:22Z,100.0,Sense
2025-03-27T18:05:27Z,99.0,Sense
2025-03-27T18:05:37Z,98.0,Sense
2025-03-27T18:05:42Z,98.0,Sense
2025-03-27T18:05:47Z,98.0,Sense
2025-03-27T18:05:52Z,98.0,Sense
2025-03-27T18:06:07Z,98.0,Sense
2025-03-27T18:06:12Z,97.0,Sense
2025-03-27T18:06:22Z,95.0,Sense
2025-03-27T18:06:27Z,94.0,Sense
2025-03-27T18:06:32Z,95.0,Sense
2025-03-27T18:06:42Z,96.0,Sense
2025-03-27T18:06:47Z,96.0,Sense
2025-03-27T18:06:52Z,98.0,Sense
2025-03-27T18:06:57Z,99.0,Sense
2025-03-27T18:07:07Z,100.0,Sense
2025-03-27T18:07:12Z,101.0,Sense
2025-03-27T18:07:20Z,101.0,Sense
2025-03-27T18:07:30Z,100.0,Sense
2025-03-27T18:07:35Z,99.0,Sense
2025-03-27T18:07:40Z,98.0,Sense
2025-03-27T18:07:45Z,97.0,Sense
2025-03-27T18:07:50Z,96.0,Sense
2025-03-27T18:07:55Z,97.0,Sense
2025-03-27T18:08:00Z,96.0,Sense
2025-03-27T18:08:05Z,95.0,Sense
2025-03-27T18:08:10Z,97.0,Sense
2025-03-27T18:08:25Z,93.0,Sense
2025-03-27T18:15:40Z,87.0,Sense
2025-03-27T18:15:45Z,82.0,Sense
2025-03-27T18:15:50Z,84.0,Sense
2025-03-27T18:15:55Z,83.0,Sense
2025-03-27T18:16:00Z,86.0,Sense
2025-03-27T18:16:05Z,85.0,Sense
2025-03-27T18:16:20Z,85.0,Sense
2025-03-27T18:16:30Z,84.0,Sense
2025-03-27T18:16:35Z,85.0,Sense
2025-03-27T18:16:40Z,84.0,Sense
2025-03-27T18:16:50Z,80.0,Sense
2025-03-27T18:16:55Z,77.0,Sense
2025-03-27T18:17:00Z,74.0,Sense
2025-03-27T18:17:05Z,75.0,Sense
2025-03-27T18:17:10Z,77.0,Sense
2025-03-27T18:17:15Z,78.0,Sense
2025-03-27T18:17:20Z,76.0,Sense
2025-03-27T18:17:30Z,78.0,Sense
2025-03-27T18:17:35Z,83.0,Sense
2025-03-27T18:17:40Z,84.0,Sense
2025-03-27T18:17:45Z,83.0,Sense
2025-03-27T18:17:50Z,80.0,Sense
2025-03-27T18:17:55Z,79.0,Sense
2025-03-27T18:18:00Z,76.0,Sense
2025-03-27T18:18:05Z,75.0,Sense
2025-03-27T18:18:10Z,68.0,Sense
2025-03-27T18:18:15Z,74.0,Sense
2025-03-27T18:18:20Z,76.0,Sense
2025-03-27T18:18:25Z,75.0,Sense
