timestamp,beats per minute,data source
2025-08-14T11:50:22Z,68.0,Sense
2025-08-14T11:50:27Z,72.0,Sense
2025-08-14T11:50:32Z,80.0,Sense
2025-08-14T11:50:37Z,81.0,Sense
2025-08-14T11:50:47Z,83.0,Sense
2025-08-14T11:50:57Z,85.0,Sense
2025-08-14T11:51:02Z,84.0,Sense
2025-08-14T11:51:11Z,79.0,Sense
2025-08-14T11:51:29Z,80.0,Sense
2025-08-14T11:51:39Z,80.0,Sense
2025-08-14T11:51:44Z,79.0,Sense
2025-08-14T11:51:49Z,80.0,Sense
2025-08-14T11:52:04Z,77.0,Sense
2025-08-14T11:52:09Z,75.0,Sense
2025-08-14T11:52:14Z,77.0,Sense
2025-08-14T11:52:19Z,78.0,Sense
2025-08-14T11:52:34Z,77.0,Sense
2025-08-14T11:52:44Z,79.0,Sense
2025-08-14T11:52:49Z,80.0,Sense
2025-08-14T11:53:04Z,77.0,Sense
2025-08-14T11:53:09Z,74.0,Sense
2025-08-14T11:53:14Z,78.0,Sense
2025-08-14T11:53:19Z,79.0,Sense
2025-08-14T11:53:24Z,78.0,Sense
2025-08-14T11:53:29Z,79.0,Sense
2025-08-14T11:53:44Z,79.0,Sense
2025-08-14T11:53:49Z,78.0,Sense
2025-08-14T11:54:04Z,78.0,Sense
2025-08-14T11:54:09Z,81.0,Sense
2025-08-14T11:54:24Z,82.0,Sense
2025-08-14T11:54:39Z,82.0,Sense
2025-08-14T11:54:44Z,80.0,Sense
2025-08-14T11:54:49Z,79.0,Sense
2025-08-14T11:54:54Z,80.0,Sense
2025-08-14T11:54:59Z,79.0,Sense
2025-08-14T11:55:04Z,77.0,Sense
2025-08-14T11:55:09Z,80.0,Sense
2025-08-14T11:55:19Z,79.0,Sense
2025-08-14T11:55:24Z,75.0,Sense
2025-08-14T11:55:29Z,79.0,Sense
2025-08-14T11:55:34Z,80.0,Sense
2025-08-14T11:55:39Z,77.0,Sense
2025-08-14T11:55:44Z,70.0,Sense
2025-08-14T11:55:49Z,71.0,Sense
2025-08-14T11:55:54Z,70.0,Sense
2025-08-14T11:55:59Z,74.0,Sense
2025-08-14T11:56:04Z,80.0,Sense
2025-08-14T11:56:19Z,79.0,Sense
2025-08-14T11:56:29Z,78.0,Sense
2025-08-14T11:56:44Z,79.0,Sense
2025-08-14T11:56:49Z,80.0,Sense
2025-08-14T11:56:54Z,79.0,Sense
2025-08-14T11:56:59Z,78.0,Sense
2025-08-14T11:57:09Z,77.0,Sense
2025-08-14T11:57:14Z,74.0,Sense
2025-08-14T11:57:29Z,74.0,Sense
2025-08-14T11:57:34Z,75.0,Sense
2025-08-14T11:57:39Z,75.0,Sense
2025-08-14T11:57:54Z,74.0,Sense
2025-08-14T11:58:04Z,86.0,Sense
2025-08-14T11:58:09Z,87.0,Sense
2025-08-14T11:58:14Z,86.0,Sense
2025-08-14T11:58:24Z,85.0,Sense
2025-08-14T11:58:34Z,88.0,Sense
2025-08-14T11:58:49Z,87.0,Sense
2025-08-14T11:58:54Z,82.0,Sense
2025-08-14T11:58:59Z,79.0,Sense
2025-08-14T11:59:14Z,79.0,Sense
2025-08-14T11:59:19Z,78.0,Sense
2025-08-14T11:59:29Z,78.0,Sense
2025-08-14T11:59:34Z,79.0,Sense
2025-08-14T11:59:39Z,76.0,Sense
2025-08-14T11:59:44Z,74.0,Sense
2025-08-14T11:59:49Z,72.0,Sense
2025-08-14T12:00:04Z,73.0,Sense
2025-08-14T12:00:19Z,73.0,Sense
2025-08-14T12:00:24Z,74.0,Sense
2025-08-14T12:00:29Z,75.0,Sense
2025-08-14T12:00:34Z,76.0,Sense
2025-08-14T12:00:49Z,76.0,Sense
2025-08-14T12:01:04Z,76.0,Sense
2025-08-14T12:01:09Z,77.0,Sense
2025-08-14T12:01:14Z,78.0,Sense
2025-08-14T12:01:24Z,76.0,Sense
2025-08-14T12:01:39Z,77.0,Sense
2025-08-14T12:01:49Z,77.0,Sense
2025-08-14T12:02:04Z,77.0,Sense
2025-08-14T12:02:19Z,77.0,Sense
2025-08-14T12:02:24Z,77.0,Sense
2025-08-14T12:02:29Z,76.0,Sense
2025-08-14T12:02:34Z,75.0,Sense
2025-08-14T12:02:44Z,74.0,Sense
2025-08-14T12:02:54Z,75.0,Sense
2025-08-14T12:02:59Z,77.0,Sense
2025-08-14T12:03:04Z,78.0,Sense
2025-08-14T12:03:14Z,79.0,Sense
2025-08-14T12:03:19Z,78.0,Sense
2025-08-14T12:03:24Z,78.0,Sense
2025-08-14T12:03:34Z,79.0,Sense
2025-08-14T12:03:44Z,80.0,Sense
2025-08-14T12:03:49Z,81.0,Sense
2025-08-14T12:03:54Z,80.0,Sense
2025-08-14T12:03:59Z,81.0,Sense
2025-08-14T12:04:09Z,80.0,Sense
2025-08-14T12:04:15Z,84.0,Sense
2025-08-14T12:04:19Z,86.0,Sense
2025-08-14T12:04:24Z,87.0,Sense
2025-08-14T12:04:29Z,85.0,Sense
2025-08-14T12:04:30Z,83.0,Sense
2025-08-14T12:04:35Z,82.0,Sense
2025-08-14T12:04:40Z,77.0,Sense
2025-08-14T12:04:44Z,84.0,Sense
2025-08-14T12:04:45Z,78.0,Sense
2025-08-14T12:04:49Z,85.0,Sense
2025-08-14T12:05:00Z,79.0,Sense
2025-08-14T13:12:37Z,71.0,Sense
2025-08-14T13:12:42Z,69.0,Sense
2025-08-14T13:12:47Z,73.0,Sense
2025-08-14T13:12:52Z,70.0,Sense
2025-08-14T13:12:57Z,78.0,Sense
2025-08-14T13:13:02Z,79.0,Sense
2025-08-14T13:13:07Z,81.0,Sense
2025-08-14T13:13:22Z,80.0,Sense
2025-08-14T13:13:27Z,79.0,Sense
2025-08-14T13:13:32Z,82.0,Sense
2025-08-14T13:13:37Z,85.0,Sense
2025-08-14T13:13:42Z,86.0,Sense
2025-08-14T13:13:47Z,87.0,Sense
2025-08-14T13:13:52Z,88.0,Sense
2025-08-14T13:13:57Z,91.0,Sense
2025-08-14T13:14:02Z,90.0,Sense
2025-08-14T13:14:07Z,93.0,Sense
2025-08-14T13:14:12Z,89.0,Sense
2025-08-14T13:14:17Z,97.0,Sense
2025-08-14T13:14:22Z,94.0,Sense
2025-08-14T13:14:27Z,96.0,Sense
2025-08-14T13:14:32Z,98.0,Sense
2025-08-14T13:14:37Z,99.0,Sense
2025-08-14T13:14:42Z,96.0,Sense
2025-08-14T13:14:47Z,102.0,Sense
2025-08-14T13:14:52Z,95.0,Sense
2025-08-14T13:14:57Z,100.0,Sense
2025-08-14T13:15:02Z,96.0,Sense
2025-08-14T13:15:07Z,97.0,Sense
2025-08-14T13:15:12Z,98.0,Sense
2025-08-14T13:15:17Z,97.0,Sense
2025-08-14T13:15:22Z,99.0,Sense
2025-08-14T13:15:37Z,98.0,Sense
2025-08-14T13:15:42Z,97.0,Sense
2025-08-14T13:15:47Z,99.0,Sense
2025-08-14T13:15:52Z,100.0,Sense
2025-08-14T13:15:57Z,101.0,Sense
2025-08-14T13:16:07Z,103.0,Sense
2025-08-14T13:16:12Z,99.0,Sense
2025-08-14T13:16:17Z,101.0,Sense
2025-08-14T13:16:22Z,100.0,Sense
2025-08-14T13:16:27Z,102.0,Sense
2025-08-14T13:16:37Z,103.0,Sense
2025-08-14T13:16:42Z,102.0,Sense
2025-08-14T13:16:47Z,106.0,Sense
2025-08-14T13:16:52Z,107.0,Sense
2025-08-14T13:17:02Z,108.0,Sense
2025-08-14T13:17:07Z,109.0,Sense
2025-08-14T13:17:17Z,108.0,Sense
2025-08-14T13:17:22Z,106.0,Sense
2025-08-14T13:17:32Z,107.0,Sense
2025-08-14T13:17:42Z,106.0,Sense
2025-08-14T13:17:47Z,108.0,Sense
2025-08-14T13:17:52Z,105.0,Sense
2025-08-14T13:17:57Z,103.0,Sense
2025-08-14T13:18:02Z,114.0,Sense
2025-08-14T13:18:07Z,119.0,Sense
2025-08-14T13:18:12Z,116.0,Sense
2025-08-14T13:18:17Z,112.0,Sense
2025-08-14T13:18:22Z,111.0,Sense
2025-08-14T13:18:27Z,114.0,Sense
2025-08-14T13:18:37Z,120.0,Sense
2025-08-14T13:18:42Z,118.0,Sense
2025-08-14T13:18:47Z,119.0,Sense
2025-08-14T13:18:52Z,120.0,Sense
2025-08-14T13:18:57Z,121.0,Sense
2025-08-14T13:19:02Z,120.0,Sense
2025-08-14T13:19:07Z,119.0,Sense
2025-08-14T13:19:12Z,121.0,Sense
2025-08-14T13:19:17Z,124.0,Sense
2025-08-14T13:19:22Z,125.0,Sense
2025-08-14T13:19:32Z,108.0,Sense
2025-08-14T13:19:37Z,96.0,Sense
2025-08-14T13:19:42Z,98.0,Sense
2025-08-14T13:19:47Z,100.0,Sense
2025-08-14T13:19:52Z,103.0,Sense
2025-08-14T13:19:57Z,105.0,Sense
2025-08-14T13:20:02Z,101.0,Sense
2025-08-14T13:20:07Z,104.0,Sense
2025-08-14T13:20:12Z,100.0,Sense
2025-08-14T13:20:22Z,99.0,Sense
2025-08-14T13:20:27Z,98.0,Sense
2025-08-14T13:20:32Z,95.0,Sense
2025-08-14T13:20:37Z,96.0,Sense
2025-08-14T13:20:42Z,95.0,Sense
2025-08-14T13:20:47Z,96.0,Sense
2025-08-14T13:20:52Z,93.0,Sense
2025-08-14T13:20:57Z,91.0,Sense
2025-08-14T13:21:02Z,90.0,Sense
2025-08-14T13:21:07Z,93.0,Sense
2025-08-14T13:21:17Z,94.0,Sense
2025-08-14T13:21:27Z,91.0,Sense
2025-08-14T13:21:32Z,92.0,Sense
2025-08-14T13:21:40Z,90.0,Sense
2025-08-14T13:21:48Z,89.0,Sense
2025-08-14T13:21:58Z,91.0,Sense
2025-08-14T13:22:03Z,92.0,Sense
2025-08-14T13:22:08Z,90.0,Sense
2025-08-14T13:22:18Z,91.0,Sense
2025-08-14T13:22:23Z,93.0,Sense
2025-08-14T13:22:33Z,94.0,Sense
2025-08-14T13:22:43Z,92.0,Sense
2025-08-14T13:22:48Z,93.0,Sense
2025-08-14T13:22:53Z,91.0,Sense
2025-08-14T13:22:58Z,88.0,Sense
2025-08-14T13:23:08Z,86.0,Sense
2025-08-14T13:23:13Z,87.0,Sense
2025-08-14T13:23:18Z,88.0,Sense
2025-08-14T13:23:26Z,87.0,Sense
2025-08-14T13:23:35Z,87.0,Sense
2025-08-14T13:23:53Z,89.0,Sense
2025-08-14T13:23:58Z,91.0,Sense
2025-08-14T13:24:08Z,87.0,Sense
2025-08-14T13:24:13Z,89.0,Sense
2025-08-14T13:24:18Z,87.0,Sense
2025-08-14T13:24:23Z,84.0,Sense
2025-08-14T13:24:28Z,85.0,Sense
2025-08-14T13:24:33Z,84.0,Sense
2025-08-14T13:24:38Z,82.0,Sense
2025-08-14T13:24:53Z,83.0,Sense
2025-08-14T13:24:58Z,82.0,Sense
2025-08-14T13:25:03Z,81.0,Sense
2025-08-14T13:25:08Z,79.0,Sense
2025-08-14T13:25:13Z,82.0,Sense
2025-08-14T13:25:18Z,90.0,Sense
2025-08-14T13:25:23Z,93.0,Sense
2025-08-14T13:25:28Z,95.0,Sense
2025-08-14T13:25:38Z,92.0,Sense
2025-08-14T13:25:43Z,93.0,Sense
2025-08-14T13:25:48Z,95.0,Sense
2025-08-14T13:25:53Z,94.0,Sense
2025-08-14T13:25:58Z,96.0,Sense
2025-08-14T13:26:13Z,95.0,Sense
2025-08-14T13:26:18Z,94.0,Sense
2025-08-14T13:26:23Z,93.0,Sense
2025-08-14T13:26:28Z,92.0,Sense
2025-08-14T13:26:33Z,94.0,Sense
2025-08-14T13:26:38Z,93.0,Sense
2025-08-14T13:26:43Z,92.0,Sense
2025-08-14T13:26:48Z,93.0,Sense
2025-08-14T13:26:58Z,94.0,Sense
2025-08-14T13:27:03Z,91.0,Sense
2025-08-14T13:27:08Z,92.0,Sense
2025-08-14T13:27:18Z,94.0,Sense
2025-08-14T13:27:23Z,93.0,Sense
2025-08-14T13:27:33Z,91.0,Sense
2025-08-14T13:27:38Z,90.0,Sense
2025-08-14T13:27:43Z,87.0,Sense
2025-08-14T13:27:48Z,89.0,Sense
2025-08-14T13:27:53Z,88.0,Sense
2025-08-14T13:27:58Z,87.0,Sense
2025-08-14T13:28:03Z,91.0,Sense
2025-08-14T13:28:08Z,93.0,Sense
2025-08-14T13:28:13Z,94.0,Sense
2025-08-14T13:28:18Z,95.0,Sense
2025-08-14T13:28:28Z,94.0,Sense
2025-08-14T13:28:43Z,94.0,Sense
2025-08-14T13:28:53Z,92.0,Sense
2025-08-14T13:28:58Z,93.0,Sense
2025-08-14T13:29:13Z,95.0,Sense
2025-08-14T13:29:23Z,96.0,Sense
2025-08-14T13:29:28Z,95.0,Sense
2025-08-14T13:29:33Z,94.0,Sense
2025-08-14T13:29:38Z,95.0,Sense
2025-08-14T13:29:48Z,94.0,Sense
2025-08-14T13:29:53Z,95.0,Sense
2025-08-14T13:29:58Z,92.0,Sense
2025-08-14T13:30:03Z,91.0,Sense
2025-08-14T13:30:08Z,94.0,Sense
2025-08-14T13:30:13Z,98.0,Sense
2025-08-14T13:30:18Z,100.0,Sense
2025-08-14T13:30:28Z,97.0,Sense
2025-08-14T13:30:33Z,95.0,Sense
2025-08-14T13:30:38Z,92.0,Sense
2025-08-14T13:30:43Z,88.0,Sense
2025-08-14T13:30:48Z,79.0,Sense
2025-08-14T13:30:53Z,80.0,Sense
2025-08-14T13:30:58Z,81.0,Sense
2025-08-14T13:31:03Z,79.0,Sense
2025-08-14T13:31:08Z,77.0,Sense
2025-08-14T13:31:18Z,78.0,Sense
2025-08-14T13:31:23Z,81.0,Sense
2025-08-14T13:31:28Z,79.0,Sense
2025-08-14T13:31:33Z,82.0,Sense
2025-08-14T13:31:38Z,79.0,Sense
2025-08-14T13:31:43Z,77.0,Sense
2025-08-14T13:31:48Z,76.0,Sense
2025-08-14T13:31:53Z,77.0,Sense
2025-08-14T13:31:58Z,79.0,Sense
2025-08-14T13:32:03Z,82.0,Sense
2025-08-14T13:32:18Z,81.0,Sense
2025-08-14T13:32:23Z,78.0,Sense
2025-08-14T13:32:28Z,79.0,Sense
2025-08-14T13:32:33Z,77.0,Sense
2025-08-14T13:32:38Z,78.0,Sense
2025-08-14T13:32:48Z,79.0,Sense
2025-08-14T13:32:58Z,81.0,Sense
2025-08-14T13:33:03Z,82.0,Sense
2025-08-14T13:33:08Z,79.0,Sense
2025-08-14T13:33:13Z,81.0,Sense
2025-08-14T13:33:18Z,78.0,Sense
2025-08-14T13:33:23Z,80.0,Sense
2025-08-14T13:33:28Z,82.0,Sense
2025-08-14T13:33:33Z,80.0,Sense
2025-08-14T13:33:38Z,78.0,Sense
2025-08-14T13:33:53Z,78.0,Sense
2025-08-14T13:33:58Z,77.0,Sense
2025-08-14T13:34:03Z,76.0,Sense
2025-08-14T13:34:08Z,77.0,Sense
2025-08-14T13:34:13Z,79.0,Sense
2025-08-14T13:34:18Z,81.0,Sense
2025-08-14T13:34:23Z,81.0,Sense
2025-08-14T13:34:28Z,80.0,Sense
2025-08-14T13:34:38Z,80.0,Sense
2025-08-14T13:34:43Z,81.0,Sense
2025-08-14T13:34:48Z,83.0,Sense
2025-08-14T13:34:53Z,82.0,Sense
2025-08-14T13:34:58Z,82.0,Sense
2025-08-14T13:35:03Z,82.0,Sense
2025-08-14T13:35:08Z,83.0,Sense
2025-08-14T13:35:13Z,81.0,Sense
2025-08-14T13:35:18Z,81.0,Sense
2025-08-14T13:35:23Z,80.0,Sense
2025-08-14T13:35:28Z,80.0,Sense
2025-08-14T13:35:38Z,79.0,Sense
2025-08-14T13:35:43Z,78.0,Sense
2025-08-14T13:35:48Z,76.0,Sense
2025-08-14T13:35:53Z,76.0,Sense
2025-08-14T13:35:58Z,77.0,Sense
2025-08-14T13:36:03Z,77.0,Sense
2025-08-14T13:36:08Z,78.0,Sense
2025-08-14T13:36:13Z,80.0,Sense
2025-08-14T13:36:18Z,84.0,Sense
2025-08-14T13:36:23Z,85.0,Sense
2025-08-14T13:36:28Z,83.0,Sense
2025-08-14T13:36:33Z,82.0,Sense
2025-08-14T13:36:38Z,83.0,Sense
2025-08-14T13:36:43Z,84.0,Sense
2025-08-14T13:36:58Z,84.0,Sense
2025-08-14T13:37:08Z,83.0,Sense
2025-08-14T13:37:18Z,84.0,Sense
2025-08-14T13:37:23Z,82.0,Sense
2025-08-14T13:37:28Z,83.0,Sense
2025-08-14T13:37:33Z,86.0,Sense
2025-08-14T13:37:43Z,84.0,Sense
2025-08-14T13:37:48Z,81.0,Sense
2025-08-14T13:37:53Z,82.0,Sense
2025-08-14T13:37:58Z,81.0,Sense
2025-08-14T13:38:03Z,80.0,Sense
2025-08-14T13:38:08Z,79.0,Sense
2025-08-14T13:38:18Z,80.0,Sense
2025-08-14T13:38:33Z,79.0,Sense
2025-08-14T13:38:48Z,81.0,Sense
2025-08-14T13:38:53Z,82.0,Sense
2025-08-14T13:38:58Z,83.0,Sense
2025-08-14T13:39:03Z,84.0,Sense
2025-08-14T13:39:08Z,84.0,Sense
2025-08-14T13:39:13Z,82.0,Sense
2025-08-14T13:39:18Z,82.0,Sense
2025-08-14T13:39:28Z,82.0,Sense
2025-08-14T13:39:33Z,83.0,Sense
2025-08-14T13:39:38Z,85.0,Sense
2025-08-14T13:39:43Z,87.0,Sense
2025-08-14T13:39:48Z,88.0,Sense
2025-08-14T13:39:53Z,88.0,Sense
2025-08-14T13:39:58Z,87.0,Sense
2025-08-14T13:40:08Z,85.0,Sense
2025-08-14T13:40:13Z,84.0,Sense
2025-08-14T13:40:28Z,83.0,Sense
2025-08-14T13:40:43Z,82.0,Sense
2025-08-14T13:40:48Z,82.0,Sense
2025-08-14T13:40:53Z,84.0,Sense
2025-08-14T13:40:58Z,86.0,Sense
2025-08-14T13:41:03Z,82.0,Sense
2025-08-14T13:41:18Z,82.0,Sense
2025-08-14T13:41:23Z,81.0,Sense
2025-08-14T13:41:28Z,82.0,Sense
2025-08-14T13:41:38Z,85.0,Sense
2025-08-14T13:41:43Z,85.0,Sense
2025-08-14T13:41:48Z,86.0,Sense
2025-08-14T13:41:58Z,86.0,Sense
2025-08-14T13:42:03Z,86.0,Sense
2025-08-14T13:42:08Z,85.0,Sense
2025-08-14T13:42:13Z,84.0,Sense
2025-08-14T13:42:23Z,85.0,Sense
2025-08-14T13:42:28Z,87.0,Sense
2025-08-14T13:42:33Z,86.0,Sense
2025-08-14T13:42:38Z,85.0,Sense
2025-08-14T13:42:43Z,86.0,Sense
2025-08-14T13:42:48Z,87.0,Sense
2025-08-14T13:42:53Z,86.0,Sense
2025-08-14T13:42:58Z,88.0,Sense
2025-08-14T13:43:03Z,87.0,Sense
2025-08-14T13:43:08Z,86.0,Sense
2025-08-14T13:43:13Z,84.0,Sense
2025-08-14T13:43:18Z,83.0,Sense
2025-08-14T13:43:28Z,82.0,Sense
2025-08-14T13:43:33Z,82.0,Sense
2025-08-14T13:43:43Z,81.0,Sense
2025-08-14T13:43:48Z,80.0,Sense
2025-08-14T13:44:03Z,79.0,Sense
2025-08-14T13:44:13Z,80.0,Sense
2025-08-14T13:44:18Z,82.0,Sense
2025-08-14T13:44:23Z,86.0,Sense
2025-08-14T13:44:28Z,85.0,Sense
2025-08-14T13:44:33Z,87.0,Sense
2025-08-14T13:44:43Z,89.0,Sense
2025-08-14T13:44:48Z,87.0,Sense
2025-08-14T13:44:53Z,84.0,Sense
2025-08-14T13:44:58Z,83.0,Sense
2025-08-14T13:45:03Z,82.0,Sense
2025-08-14T13:45:18Z,82.0,Sense
2025-08-14T13:45:23Z,83.0,Sense
2025-08-14T13:45:28Z,82.0,Sense
2025-08-14T13:45:33Z,85.0,Sense
2025-08-14T13:45:38Z,83.0,Sense
2025-08-14T13:45:48Z,82.0,Sense
2025-08-14T13:46:03Z,82.0,Sense
2025-08-14T13:46:13Z,80.0,Sense
2025-08-14T13:46:18Z,77.0,Sense
2025-08-14T13:46:23Z,74.0,Sense
2025-08-14T13:46:33Z,76.0,Sense
2025-08-14T13:46:43Z,76.0,Sense
2025-08-14T13:46:53Z,81.0,Sense
2025-08-14T13:46:58Z,85.0,Sense
2025-08-14T13:47:03Z,82.0,Sense
2025-08-14T13:47:08Z,79.0,Sense
2025-08-14T13:47:13Z,77.0,Sense
2025-08-14T13:47:18Z,76.0,Sense
2025-08-14T13:47:23Z,78.0,Sense
2025-08-14T13:47:38Z,78.0,Sense
2025-08-14T13:47:43Z,79.0,Sense
2025-08-14T13:47:48Z,82.0,Sense
2025-08-14T13:47:53Z,80.0,Sense
2025-08-14T13:47:58Z,81.0,Sense
2025-08-14T13:48:03Z,78.0,Sense
2025-08-14T13:48:08Z,79.0,Sense
2025-08-14T13:48:18Z,77.0,Sense
2025-08-14T13:48:23Z,78.0,Sense
2025-08-14T13:48:33Z,80.0,Sense
2025-08-14T13:48:38Z,81.0,Sense
2025-08-14T13:48:43Z,78.0,Sense
2025-08-14T13:48:48Z,77.0,Sense
2025-08-14T13:48:53Z,81.0,Sense
2025-08-14T13:48:58Z,80.0,Sense
2025-08-14T13:49:08Z,76.0,Sense
2025-08-14T13:49:18Z,75.0,Sense
2025-08-14T13:49:23Z,76.0,Sense
2025-08-14T13:49:28Z,77.0,Sense
2025-08-14T13:49:43Z,76.0,Sense
2025-08-14T13:49:53Z,75.0,Sense
2025-08-14T13:49:58Z,75.0,Sense
2025-08-14T13:50:08Z,76.0,Sense
2025-08-14T13:50:13Z,77.0,Sense
2025-08-14T13:50:28Z,79.0,Sense
2025-08-14T13:50:33Z,81.0,Sense
2025-08-14T13:50:43Z,76.0,Sense
2025-08-14T13:50:48Z,77.0,Sense
2025-08-14T13:50:53Z,76.0,Sense
2025-08-14T13:50:58Z,74.0,Sense
2025-08-14T13:51:03Z,75.0,Sense
2025-08-14T13:51:08Z,74.0,Sense
2025-08-14T13:51:13Z,73.0,Sense
2025-08-14T13:51:23Z,75.0,Sense
2025-08-14T13:51:28Z,77.0,Sense
2025-08-14T13:51:43Z,78.0,Sense
2025-08-14T13:51:58Z,76.0,Sense
2025-08-14T13:52:03Z,75.0,Sense
2025-08-14T13:52:18Z,74.0,Sense
2025-08-14T13:52:28Z,75.0,Sense
2025-08-14T13:52:33Z,74.0,Sense
2025-08-14T13:52:38Z,75.0,Sense
2025-08-14T13:52:43Z,74.0,Sense
2025-08-14T13:52:48Z,77.0,Sense
2025-08-14T13:52:53Z,76.0,Sense
2025-08-14T13:52:58Z,73.0,Sense
2025-08-14T13:53:03Z,71.0,Sense
2025-08-14T13:53:08Z,72.0,Sense
2025-08-14T13:53:13Z,73.0,Sense
2025-08-14T13:53:18Z,74.0,Sense
2025-08-14T13:53:23Z,75.0,Sense
2025-08-14T13:53:38Z,75.0,Sense
2025-08-14T13:53:43Z,78.0,Sense
2025-08-14T13:53:48Z,83.0,Sense
2025-08-14T13:53:53Z,84.0,Sense
2025-08-14T13:54:03Z,85.0,Sense
2025-08-14T13:54:18Z,84.0,Sense
2025-08-14T13:54:23Z,83.0,Sense
2025-08-14T13:54:38Z,83.0,Sense
2025-08-14T13:54:43Z,85.0,Sense
2025-08-14T13:54:48Z,87.0,Sense
2025-08-14T13:54:53Z,88.0,Sense
2025-08-14T13:54:58Z,86.0,Sense
2025-08-14T13:55:03Z,84.0,Sense
2025-08-14T13:55:13Z,85.0,Sense
2025-08-14T13:55:18Z,83.0,Sense
2025-08-14T13:55:23Z,82.0,Sense
2025-08-14T13:55:33Z,83.0,Sense
2025-08-14T13:55:38Z,80.0,Sense
2025-08-14T13:55:43Z,87.0,Sense
2025-08-14T13:55:53Z,88.0,Sense
2025-08-14T13:55:58Z,87.0,Sense
2025-08-14T13:56:03Z,82.0,Sense
2025-08-14T13:56:13Z,81.0,Sense
2025-08-14T13:56:18Z,80.0,Sense
2025-08-14T13:56:23Z,82.0,Sense
2025-08-14T13:56:28Z,84.0,Sense
2025-08-14T13:56:38Z,82.0,Sense
2025-08-14T13:56:43Z,83.0,Sense
2025-08-14T13:56:48Z,82.0,Sense
2025-08-14T13:56:53Z,79.0,Sense
2025-08-14T13:56:58Z,80.0,Sense
2025-08-14T13:57:03Z,81.0,Sense
2025-08-14T13:57:18Z,82.0,Sense
2025-08-14T13:57:23Z,86.0,Sense
2025-08-14T13:57:28Z,82.0,Sense
2025-08-14T13:57:33Z,81.0,Sense
2025-08-14T13:57:38Z,82.0,Sense
2025-08-14T13:57:43Z,86.0,Sense
2025-08-14T13:57:48Z,87.0,Sense
2025-08-14T13:57:53Z,90.0,Sense
2025-08-14T13:57:58Z,88.0,Sense
2025-08-14T13:58:03Z,87.0,Sense
2025-08-14T13:58:08Z,85.0,Sense
2025-08-14T13:58:13Z,84.0,Sense
2025-08-14T13:58:18Z,81.0,Sense
2025-08-14T13:58:23Z,80.0,Sense
2025-08-14T13:58:33Z,83.0,Sense
2025-08-14T13:58:38Z,82.0,Sense
2025-08-14T13:58:43Z,86.0,Sense
2025-08-14T13:58:48Z,85.0,Sense
2025-08-14T13:58:53Z,86.0,Sense
2025-08-14T13:58:58Z,86.0,Sense
2025-08-14T13:59:13Z,86.0,Sense
2025-08-14T13:59:18Z,85.0,Sense
2025-08-14T13:59:33Z,84.0,Sense
2025-08-14T13:59:38Z,82.0,Sense
2025-08-14T13:59:43Z,79.0,Sense
2025-08-14T13:59:48Z,78.0,Sense
2025-08-14T13:59:58Z,81.0,Sense
2025-08-14T14:00:03Z,82.0,Sense
2025-08-14T14:00:08Z,81.0,Sense
2025-08-14T14:00:13Z,79.0,Sense
2025-08-14T14:00:23Z,80.0,Sense
2025-08-14T14:00:33Z,79.0,Sense
2025-08-14T14:00:43Z,79.0,Sense
2025-08-14T14:00:58Z,79.0,Sense
2025-08-14T14:01:13Z,79.0,Sense
2025-08-14T14:01:18Z,80.0,Sense
2025-08-14T14:01:23Z,83.0,Sense
2025-08-14T14:01:28Z,85.0,Sense
2025-08-14T14:01:33Z,87.0,Sense
2025-08-14T14:01:38Z,88.0,Sense
2025-08-14T14:01:43Z,89.0,Sense
2025-08-14T14:01:58Z,88.0,Sense
2025-08-14T14:02:03Z,90.0,Sense
2025-08-14T14:02:08Z,88.0,Sense
2025-08-14T14:02:18Z,87.0,Sense
2025-08-14T14:02:23Z,84.0,Sense
2025-08-14T14:02:28Z,87.0,Sense
2025-08-14T14:02:33Z,88.0,Sense
2025-08-14T14:02:38Z,89.0,Sense
2025-08-14T14:02:48Z,90.0,Sense
2025-08-14T14:02:53Z,92.0,Sense
2025-08-14T14:02:58Z,88.0,Sense
2025-08-14T14:03:03Z,83.0,Sense
2025-08-14T14:03:13Z,81.0,Sense
2025-08-14T14:03:18Z,80.0,Sense
2025-08-14T14:03:23Z,78.0,Sense
2025-08-14T14:03:33Z,79.0,Sense
2025-08-14T14:03:38Z,81.0,Sense
2025-08-14T14:03:43Z,83.0,Sense
2025-08-14T14:03:48Z,85.0,Sense
2025-08-14T14:03:58Z,86.0,Sense
2025-08-14T14:04:03Z,87.0,Sense
2025-08-14T14:04:18Z,87.0,Sense
2025-08-14T14:04:33Z,87.0,Sense
2025-08-14T14:04:38Z,86.0,Sense
2025-08-14T14:04:43Z,83.0,Sense
2025-08-14T14:04:58Z,83.0,Sense
2025-08-14T14:05:03Z,83.0,Sense
2025-08-14T14:05:08Z,84.0,Sense
2025-08-14T14:05:23Z,84.0,Sense
2025-08-14T14:05:28Z,83.0,Sense
2025-08-14T14:05:33Z,84.0,Sense
2025-08-14T14:05:48Z,84.0,Sense
2025-08-14T14:05:53Z,84.0,Sense
2025-08-14T14:05:58Z,87.0,Sense
2025-08-14T14:06:03Z,86.0,Sense
2025-08-14T14:06:08Z,87.0,Sense
2025-08-14T14:06:13Z,86.0,Sense
2025-08-14T14:06:28Z,86.0,Sense
2025-08-14T14:06:33Z,85.0,Sense
2025-08-14T14:06:38Z,86.0,Sense
2025-08-14T14:06:43Z,85.0,Sense
2025-08-14T14:06:53Z,86.0,Sense
2025-08-14T14:06:58Z,83.0,Sense
2025-08-14T14:07:03Z,77.0,Sense
2025-08-14T14:07:08Z,78.0,Sense
2025-08-14T14:07:18Z,80.0,Sense
2025-08-14T14:07:23Z,85.0,Sense
2025-08-14T14:07:28Z,87.0,Sense
2025-08-14T14:07:38Z,88.0,Sense
2025-08-14T14:07:43Z,89.0,Sense
2025-08-14T14:07:53Z,91.0,Sense
2025-08-14T14:08:03Z,90.0,Sense
2025-08-14T14:08:13Z,88.0,Sense
2025-08-14T14:08:18Z,90.0,Sense
2025-08-14T14:08:23Z,93.0,Sense
2025-08-14T14:08:38Z,94.0,Sense
2025-08-14T14:08:43Z,92.0,Sense
2025-08-14T14:08:48Z,93.0,Sense
2025-08-14T14:08:53Z,94.0,Sense
2025-08-14T14:08:58Z,91.0,Sense
2025-08-14T14:09:08Z,92.0,Sense
2025-08-14T14:09:13Z,94.0,Sense
2025-08-14T14:09:18Z,95.0,Sense
2025-08-14T14:09:28Z,96.0,Sense
2025-08-14T14:09:33Z,97.0,Sense
2025-08-14T14:09:38Z,98.0,Sense
2025-08-14T14:09:43Z,97.0,Sense
2025-08-14T14:09:53Z,96.0,Sense
2025-08-14T14:10:03Z,97.0,Sense
2025-08-14T14:10:18Z,94.0,Sense
2025-08-14T14:10:23Z,98.0,Sense
2025-08-14T14:10:28Z,95.0,Sense
2025-08-14T14:10:33Z,97.0,Sense
2025-08-14T14:10:38Z,94.0,Sense
2025-08-14T14:10:43Z,95.0,Sense
2025-08-14T14:10:48Z,96.0,Sense
2025-08-14T14:10:53Z,97.0,Sense
2025-08-14T14:11:03Z,93.0,Sense
2025-08-14T14:11:08Z,95.0,Sense
2025-08-14T14:11:18Z,94.0,Sense
2025-08-14T14:11:23Z,95.0,Sense
2025-08-14T14:11:33Z,93.0,Sense
2025-08-14T14:11:43Z,94.0,Sense
2025-08-14T14:11:48Z,96.0,Sense
2025-08-14T14:11:53Z,95.0,Sense
2025-08-14T14:11:58Z,90.0,Sense
2025-08-14T14:12:03Z,90.0,Sense
2025-08-14T14:12:13Z,92.0,Sense
2025-08-14T14:12:23Z,91.0,Sense
2025-08-14T14:12:28Z,92.0,Sense
2025-08-14T14:12:38Z,94.0,Sense
2025-08-14T14:12:43Z,96.0,Sense
2025-08-14T14:12:48Z,95.0,Sense
2025-08-14T14:12:58Z,96.0,Sense
2025-08-14T14:13:13Z,96.0,Sense
2025-08-14T14:13:23Z,93.0,Sense
2025-08-14T14:13:38Z,94.0,Sense
2025-08-14T14:13:43Z,95.0,Sense
2025-08-14T14:13:48Z,94.0,Sense
2025-08-14T14:14:03Z,94.0,Sense
2025-08-14T14:14:13Z,96.0,Sense
2025-08-14T14:14:18Z,95.0,Sense
2025-08-14T14:14:28Z,96.0,Sense
2025-08-14T14:14:43Z,97.0,Sense
2025-08-14T14:14:58Z,97.0,Sense
2025-08-14T14:15:08Z,98.0,Sense
2025-08-14T14:15:23Z,96.0,Sense
2025-08-14T14:15:28Z,94.0,Sense
2025-08-14T14:15:33Z,95.0,Sense
2025-08-14T14:15:38Z,98.0,Sense
2025-08-14T14:15:43Z,97.0,Sense
2025-08-14T14:15:53Z,95.0,Sense
2025-08-14T14:15:58Z,94.0,Sense
2025-08-14T14:16:03Z,95.0,Sense
2025-08-14T14:16:13Z,96.0,Sense
2025-08-14T14:16:18Z,97.0,Sense
2025-08-14T14:16:23Z,100.0,Sense
2025-08-14T14:16:28Z,101.0,Sense
2025-08-14T14:16:38Z,100.0,Sense
2025-08-14T14:16:43Z,101.0,Sense
2025-08-14T14:16:48Z,100.0,Sense
2025-08-14T14:16:58Z,101.0,Sense
2025-08-14T14:17:03Z,100.0,Sense
2025-08-14T14:17:08Z,101.0,Sense
2025-08-14T14:17:13Z,99.0,Sense
2025-08-14T14:17:18Z,97.0,Sense
2025-08-14T14:17:23Z,99.0,Sense
2025-08-14T14:17:28Z,101.0,Sense
2025-08-14T14:17:33Z,100.0,Sense
2025-08-14T14:17:43Z,99.0,Sense
2025-08-14T14:17:48Z,102.0,Sense
2025-08-14T14:17:53Z,100.0,Sense
2025-08-14T14:17:58Z,101.0,Sense
2025-08-14T14:18:03Z,98.0,Sense
2025-08-14T14:18:18Z,99.0,Sense
2025-08-14T14:18:23Z,103.0,Sense
2025-08-14T14:18:28Z,102.0,Sense
2025-08-14T14:18:33Z,101.0,Sense
2025-08-14T14:18:43Z,108.0,Sense
2025-08-14T14:18:48Z,106.0,Sense
2025-08-14T14:18:53Z,107.0,Sense
2025-08-14T14:18:58Z,99.0,Sense
2025-08-14T14:19:03Z,101.0,Sense
2025-08-14T14:19:08Z,100.0,Sense
2025-08-14T14:19:18Z,97.0,Sense
2025-08-14T14:19:23Z,98.0,Sense
2025-08-14T14:19:28Z,95.0,Sense
2025-08-14T14:19:33Z,96.0,Sense
2025-08-14T14:19:43Z,97.0,Sense
2025-08-14T14:19:48Z,94.0,Sense
2025-08-14T14:19:53Z,95.0,Sense
2025-08-14T14:20:03Z,94.0,Sense
2025-08-14T14:20:13Z,97.0,Sense
2025-08-14T14:20:18Z,99.0,Sense
2025-08-14T14:20:23Z,100.0,Sense
2025-08-14T14:20:28Z,98.0,Sense
2025-08-14T14:20:33Z,98.0,Sense
2025-08-14T14:20:38Z,98.0,Sense
2025-08-14T14:20:43Z,99.0,Sense
2025-08-14T14:20:48Z,98.0,Sense
2025-08-14T14:20:53Z,97.0,Sense
2025-08-14T14:20:58Z,90.0,Sense
2025-08-14T14:21:03Z,94.0,Sense
2025-08-14T14:21:18Z,90.0,Sense
2025-08-14T14:21:23Z,89.0,Sense
2025-08-14T14:21:28Z,93.0,Sense
2025-08-14T14:21:33Z,94.0,Sense
2025-08-14T14:21:38Z,94.0,Sense
2025-08-14T14:21:48Z,95.0,Sense
2025-08-14T14:21:53Z,96.0,Sense
2025-08-14T14:21:58Z,97.0,Sense
2025-08-14T14:22:03Z,99.0,Sense
2025-08-14T14:22:18Z,101.0,Sense
2025-08-14T14:22:23Z,98.0,Sense
2025-08-14T14:22:28Z,100.0,Sense
2025-08-14T14:22:33Z,101.0,Sense
2025-08-14T14:22:38Z,104.0,Sense
2025-08-14T14:22:48Z,102.0,Sense
2025-08-14T14:22:58Z,99.0,Sense
2025-08-14T14:23:03Z,98.0,Sense
2025-08-14T14:23:08Z,99.0,Sense
2025-08-14T14:23:13Z,97.0,Sense
2025-08-14T14:23:18Z,96.0,Sense
2025-08-14T14:23:23Z,97.0,Sense
2025-08-14T14:23:28Z,101.0,Sense
2025-08-14T14:23:33Z,99.0,Sense
2025-08-14T14:23:38Z,100.0,Sense
2025-08-14T14:23:48Z,99.0,Sense
2025-08-14T14:23:58Z,100.0,Sense
2025-08-14T14:24:03Z,101.0,Sense
2025-08-14T14:24:18Z,102.0,Sense
2025-08-14T14:24:23Z,104.0,Sense
2025-08-14T14:24:28Z,105.0,Sense
2025-08-14T14:24:33Z,106.0,Sense
2025-08-14T14:24:38Z,107.0,Sense
2025-08-14T14:24:43Z,108.0,Sense
2025-08-14T14:24:48Z,109.0,Sense
2025-08-14T14:24:53Z,106.0,Sense
2025-08-14T14:24:58Z,105.0,Sense
2025-08-14T14:25:03Z,100.0,Sense
2025-08-14T14:25:08Z,96.0,Sense
2025-08-14T14:25:13Z,100.0,Sense
2025-08-14T14:25:18Z,103.0,Sense
2025-08-14T14:25:23Z,102.0,Sense
2025-08-14T14:25:28Z,99.0,Sense
2025-08-14T14:25:33Z,97.0,Sense
2025-08-14T14:25:37Z,97.0,Sense
2025-08-14T14:25:52Z,96.0,Sense
2025-08-14T14:25:57Z,97.0,Sense
2025-08-14T14:26:02Z,99.0,Sense
2025-08-14T14:26:07Z,100.0,Sense
2025-08-14T14:26:12Z,99.0,Sense
2025-08-14T14:26:17Z,101.0,Sense
2025-08-14T14:26:22Z,99.0,Sense
2025-08-14T14:26:27Z,105.0,Sense
2025-08-14T14:26:32Z,106.0,Sense
2025-08-14T14:26:37Z,105.0,Sense
2025-08-14T14:26:42Z,106.0,Sense
2025-08-14T14:26:52Z,105.0,Sense
2025-08-14T14:26:57Z,103.0,Sense
2025-08-14T14:27:02Z,102.0,Sense
2025-08-14T14:27:07Z,99.0,Sense
2025-08-14T14:27:12Z,98.0,Sense
2025-08-14T14:27:17Z,97.0,Sense
2025-08-14T14:27:22Z,99.0,Sense
2025-08-14T14:27:27Z,100.0,Sense
2025-08-14T14:27:37Z,96.0,Sense
2025-08-14T14:27:42Z,97.0,Sense
2025-08-14T14:27:47Z,99.0,Sense
2025-08-14T14:27:52Z,101.0,Sense
2025-08-14T14:28:02Z,100.0,Sense
2025-08-14T14:28:17Z,100.0,Sense
2025-08-14T14:28:27Z,99.0,Sense
2025-08-14T14:28:32Z,99.0,Sense
2025-08-14T14:28:37Z,98.0,Sense
2025-08-14T14:28:42Z,101.0,Sense
2025-08-14T14:28:47Z,102.0,Sense
2025-08-14T14:28:57Z,101.0,Sense
2025-08-14T14:29:02Z,103.0,Sense
2025-08-14T14:29:07Z,100.0,Sense
2025-08-14T14:29:12Z,101.0,Sense
2025-08-14T14:29:17Z,100.0,Sense
2025-08-14T14:29:22Z,101.0,Sense
2025-08-14T14:29:27Z,105.0,Sense
2025-08-14T14:29:37Z,101.0,Sense
2025-08-14T14:29:42Z,99.0,Sense
2025-08-14T14:29:47Z,100.0,Sense
2025-08-14T14:29:57Z,102.0,Sense
2025-08-14T14:30:02Z,103.0,Sense
2025-08-14T14:30:07Z,102.0,Sense
2025-08-14T14:30:12Z,100.0,Sense
2025-08-14T14:30:17Z,101.0,Sense
2025-08-14T14:30:22Z,102.0,Sense
2025-08-14T14:30:27Z,100.0,Sense
2025-08-14T14:30:32Z,103.0,Sense
2025-08-14T14:30:37Z,102.0,Sense
2025-08-14T14:30:42Z,103.0,Sense
2025-08-14T14:30:52Z,104.0,Sense
2025-08-14T14:31:07Z,104.0,Sense
2025-08-14T14:31:12Z,103.0,Sense
2025-08-14T14:31:17Z,103.0,Sense
2025-08-14T14:31:22Z,102.0,Sense
2025-08-14T14:31:27Z,104.0,Sense
2025-08-14T14:31:32Z,105.0,Sense
2025-08-14T14:31:37Z,103.0,Sense
2025-08-14T14:31:42Z,102.0,Sense
2025-08-14T14:31:52Z,99.0,Sense
2025-08-14T14:31:57Z,102.0,Sense
2025-08-14T14:32:02Z,105.0,Sense
2025-08-14T14:32:07Z,101.0,Sense
2025-08-14T14:32:12Z,100.0,Sense
2025-08-14T14:32:17Z,99.0,Sense
2025-08-14T14:32:27Z,100.0,Sense
2025-08-14T14:32:32Z,102.0,Sense
2025-08-14T14:32:37Z,101.0,Sense
2025-08-14T14:32:47Z,100.0,Sense
2025-08-14T14:32:52Z,101.0,Sense
2025-08-14T14:32:57Z,102.0,Sense
2025-08-14T14:33:02Z,103.0,Sense
2025-08-14T14:33:17Z,103.0,Sense
2025-08-14T14:33:22Z,99.0,Sense
2025-08-14T14:33:27Z,97.0,Sense
2025-08-14T14:33:37Z,100.0,Sense
2025-08-14T14:33:42Z,98.0,Sense
2025-08-14T14:33:47Z,101.0,Sense
2025-08-14T14:33:52Z,99.0,Sense
2025-08-14T14:34:07Z,98.0,Sense
2025-08-14T14:34:12Z,100.0,Sense
2025-08-14T14:34:17Z,99.0,Sense
2025-08-14T14:34:22Z,101.0,Sense
2025-08-14T14:34:27Z,99.0,Sense
2025-08-14T14:34:32Z,101.0,Sense
2025-08-14T14:34:42Z,102.0,Sense
2025-08-14T14:34:47Z,101.0,Sense
2025-08-14T14:34:52Z,99.0,Sense
2025-08-14T14:34:57Z,100.0,Sense
2025-08-14T14:35:02Z,97.0,Sense
2025-08-14T14:35:07Z,96.0,Sense
2025-08-14T14:35:12Z,97.0,Sense
2025-08-14T14:35:17Z,99.0,Sense
2025-08-14T14:35:22Z,98.0,Sense
2025-08-14T14:35:27Z,97.0,Sense
2025-08-14T14:35:37Z,96.0,Sense
2025-08-14T14:35:47Z,97.0,Sense
2025-08-14T14:35:52Z,100.0,Sense
2025-08-14T14:35:57Z,99.0,Sense
2025-08-14T14:36:02Z,97.0,Sense
2025-08-14T14:36:07Z,99.0,Sense
2025-08-14T14:36:17Z,101.0,Sense
2025-08-14T14:36:32Z,101.0,Sense
2025-08-14T14:36:37Z,100.0,Sense
2025-08-14T14:36:42Z,99.0,Sense
2025-08-14T14:36:47Z,97.0,Sense
2025-08-14T14:36:52Z,97.0,Sense
2025-08-14T14:36:57Z,99.0,Sense
2025-08-14T14:37:02Z,98.0,Sense
2025-08-14T14:37:17Z,99.0,Sense
2025-08-14T14:37:27Z,98.0,Sense
2025-08-14T14:37:37Z,99.0,Sense
2025-08-14T14:37:42Z,101.0,Sense
2025-08-14T14:37:57Z,101.0,Sense
2025-08-14T14:38:02Z,99.0,Sense
2025-08-14T14:38:07Z,100.0,Sense
2025-08-14T14:38:12Z,98.0,Sense
2025-08-14T14:38:17Z,97.0,Sense
2025-08-14T14:38:22Z,100.0,Sense
2025-08-14T14:38:27Z,99.0,Sense
2025-08-14T14:38:32Z,98.0,Sense
2025-08-14T14:38:42Z,97.0,Sense
2025-08-14T14:38:47Z,96.0,Sense
2025-08-14T14:38:57Z,97.0,Sense
2025-08-14T14:39:12Z,96.0,Sense
2025-08-14T14:39:17Z,99.0,Sense
2025-08-14T14:39:22Z,98.0,Sense
2025-08-14T14:39:27Z,95.0,Sense
2025-08-14T14:39:42Z,96.0,Sense
2025-08-14T14:39:47Z,97.0,Sense
2025-08-14T14:39:57Z,99.0,Sense
2025-08-14T14:40:02Z,98.0,Sense
2025-08-14T14:40:07Z,100.0,Sense
2025-08-14T14:40:17Z,102.0,Sense
2025-08-14T14:40:22Z,98.0,Sense
2025-08-14T14:40:32Z,94.0,Sense
2025-08-14T14:40:42Z,95.0,Sense
2025-08-14T14:40:52Z,97.0,Sense
2025-08-14T14:40:57Z,98.0,Sense
2025-08-14T14:41:02Z,99.0,Sense
2025-08-14T14:41:07Z,97.0,Sense
2025-08-14T14:41:12Z,98.0,Sense
2025-08-14T14:41:22Z,100.0,Sense
2025-08-14T14:41:32Z,99.0,Sense
2025-08-14T14:41:47Z,97.0,Sense
2025-08-14T14:41:52Z,95.0,Sense
2025-08-14T14:41:57Z,94.0,Sense
2025-08-14T14:42:02Z,96.0,Sense
2025-08-14T14:42:07Z,98.0,Sense
2025-08-14T14:42:17Z,96.0,Sense
2025-08-14T14:42:22Z,95.0,Sense
2025-08-14T14:42:27Z,96.0,Sense
2025-08-14T14:42:37Z,95.0,Sense
2025-08-14T14:42:42Z,98.0,Sense
2025-08-14T14:42:47Z,96.0,Sense
2025-08-14T14:42:52Z,100.0,Sense
2025-08-14T14:42:57Z,101.0,Sense
2025-08-14T14:43:07Z,99.0,Sense
2025-08-14T14:43:12Z,100.0,Sense
2025-08-14T14:43:17Z,99.0,Sense
2025-08-14T14:43:32Z,100.0,Sense
2025-08-14T14:43:37Z,100.0,Sense
2025-08-14T14:43:42Z,101.0,Sense
2025-08-14T14:43:47Z,99.0,Sense
2025-08-14T14:43:52Z,96.0,Sense
2025-08-14T14:43:57Z,99.0,Sense
2025-08-14T14:44:02Z,97.0,Sense
2025-08-14T14:44:12Z,96.0,Sense
2025-08-14T14:44:27Z,95.0,Sense
2025-08-14T14:44:32Z,94.0,Sense
2025-08-14T14:44:37Z,96.0,Sense
2025-08-14T14:44:52Z,95.0,Sense
2025-08-14T14:44:57Z,94.0,Sense
2025-08-14T14:45:12Z,95.0,Sense
2025-08-14T14:45:27Z,96.0,Sense
2025-08-14T14:45:32Z,94.0,Sense
2025-08-14T14:45:37Z,93.0,Sense
2025-08-14T14:45:47Z,96.0,Sense
2025-08-14T14:45:52Z,97.0,Sense
2025-08-14T14:45:57Z,93.0,Sense
2025-08-14T14:46:02Z,88.0,Sense
2025-08-14T14:46:07Z,90.0,Sense
2025-08-14T14:46:12Z,88.0,Sense
2025-08-14T14:46:17Z,91.0,Sense
2025-08-14T14:46:22Z,92.0,Sense
2025-08-14T14:46:37Z,91.0,Sense
2025-08-14T14:46:42Z,88.0,Sense
2025-08-14T14:46:47Z,87.0,Sense
2025-08-14T14:46:52Z,86.0,Sense
2025-08-14T14:46:57Z,88.0,Sense
2025-08-14T14:47:02Z,86.0,Sense
2025-08-14T14:47:07Z,89.0,Sense
2025-08-14T14:47:12Z,90.0,Sense
2025-08-14T14:47:17Z,87.0,Sense
2025-08-14T14:47:27Z,86.0,Sense
2025-08-14T14:47:32Z,85.0,Sense
2025-08-14T14:47:47Z,86.0,Sense
2025-08-14T14:47:57Z,85.0,Sense
2025-08-14T14:48:02Z,86.0,Sense
2025-08-14T14:48:07Z,90.0,Sense
2025-08-14T14:48:12Z,91.0,Sense
2025-08-14T14:48:17Z,93.0,Sense
2025-08-14T14:48:22Z,91.0,Sense
2025-08-14T14:48:32Z,89.0,Sense
2025-08-14T14:48:42Z,87.0,Sense
2025-08-14T14:48:52Z,88.0,Sense
2025-08-14T14:49:02Z,90.0,Sense
2025-08-14T14:49:07Z,94.0,Sense
2025-08-14T14:49:12Z,91.0,Sense
2025-08-14T14:49:17Z,88.0,Sense
2025-08-14T14:49:22Z,90.0,Sense
2025-08-14T14:49:27Z,92.0,Sense
2025-08-14T14:49:37Z,91.0,Sense
2025-08-14T14:49:42Z,90.0,Sense
2025-08-14T14:49:47Z,89.0,Sense
2025-08-14T14:49:52Z,93.0,Sense
2025-08-14T14:49:57Z,92.0,Sense
2025-08-14T14:50:02Z,93.0,Sense
2025-08-14T14:50:07Z,94.0,Sense
2025-08-14T14:50:12Z,96.0,Sense
2025-08-14T14:50:17Z,97.0,Sense
2025-08-14T14:50:27Z,96.0,Sense
2025-08-14T14:50:32Z,97.0,Sense
2025-08-14T14:50:42Z,95.0,Sense
2025-08-14T14:50:52Z,96.0,Sense
2025-08-14T14:50:57Z,97.0,Sense
2025-08-14T14:51:02Z,98.0,Sense
2025-08-14T14:51:12Z,97.0,Sense
2025-08-14T14:51:17Z,96.0,Sense
2025-08-14T14:51:22Z,95.0,Sense
2025-08-14T14:51:32Z,97.0,Sense
2025-08-14T14:51:37Z,95.0,Sense
2025-08-14T14:51:47Z,94.0,Sense
2025-08-14T14:52:02Z,93.0,Sense
2025-08-14T14:52:07Z,92.0,Sense
2025-08-14T14:52:12Z,91.0,Sense
2025-08-14T14:52:27Z,90.0,Sense
2025-08-14T14:52:32Z,89.0,Sense
2025-08-14T14:52:42Z,91.0,Sense
2025-08-14T14:52:52Z,92.0,Sense
2025-08-14T14:52:57Z,95.0,Sense
2025-08-14T14:53:07Z,97.0,Sense
2025-08-14T14:53:12Z,96.0,Sense
2025-08-14T14:53:17Z,97.0,Sense
2025-08-14T14:53:32Z,99.0,Sense
2025-08-14T14:53:37Z,101.0,Sense
2025-08-14T14:53:47Z,99.0,Sense
2025-08-14T14:53:52Z,98.0,Sense
2025-08-14T14:54:02Z,99.0,Sense
2025-08-14T14:54:07Z,100.0,Sense
2025-08-14T14:54:17Z,98.0,Sense
2025-08-14T14:54:22Z,97.0,Sense
2025-08-14T14:54:27Z,95.0,Sense
2025-08-14T14:54:32Z,94.0,Sense
2025-08-14T14:54:37Z,93.0,Sense
2025-08-14T14:54:42Z,94.0,Sense
2025-08-14T14:54:47Z,95.0,Sense
2025-08-14T14:54:52Z,94.0,Sense
2025-08-14T14:54:57Z,90.0,Sense
2025-08-14T14:55:02Z,91.0,Sense
2025-08-14T14:55:07Z,95.0,Sense
2025-08-14T14:55:12Z,96.0,Sense
2025-08-14T14:55:22Z,94.0,Sense
2025-08-14T14:55:27Z,95.0,Sense
2025-08-14T14:55:32Z,94.0,Sense
2025-08-14T14:55:37Z,92.0,Sense
2025-08-14T14:55:42Z,90.0,Sense
2025-08-14T14:55:47Z,87.0,Sense
2025-08-14T14:55:52Z,91.0,Sense
2025-08-14T14:55:57Z,95.0,Sense
2025-08-14T14:56:02Z,96.0,Sense
2025-08-14T14:56:07Z,94.0,Sense
2025-08-14T14:56:17Z,91.0,Sense
2025-08-14T14:56:22Z,89.0,Sense
2025-08-14T14:56:27Z,88.0,Sense
2025-08-14T14:56:32Z,89.0,Sense
2025-08-14T14:56:37Z,90.0,Sense
2025-08-14T14:56:42Z,91.0,Sense
2025-08-14T14:56:52Z,92.0,Sense
2025-08-14T14:56:57Z,93.0,Sense
2025-08-14T14:57:02Z,90.0,Sense
2025-08-14T14:57:07Z,86.0,Sense
2025-08-14T14:57:12Z,89.0,Sense
2025-08-14T14:57:17Z,88.0,Sense
2025-08-14T14:57:27Z,89.0,Sense
2025-08-14T14:57:32Z,90.0,Sense
2025-08-14T14:57:37Z,91.0,Sense
2025-08-14T14:57:47Z,94.0,Sense
2025-08-14T14:57:52Z,96.0,Sense
2025-08-14T14:57:57Z,95.0,Sense
2025-08-14T14:58:02Z,92.0,Sense
2025-08-14T14:58:07Z,89.0,Sense
2025-08-14T14:58:12Z,86.0,Sense
2025-08-14T14:58:17Z,85.0,Sense
2025-08-14T14:58:22Z,84.0,Sense
2025-08-14T14:58:27Z,85.0,Sense
2025-08-14T14:58:32Z,85.0,Sense
2025-08-14T14:58:47Z,85.0,Sense
2025-08-14T14:58:52Z,86.0,Sense
2025-08-14T14:58:57Z,87.0,Sense
2025-08-14T14:59:07Z,86.0,Sense
2025-08-14T14:59:17Z,84.0,Sense
2025-08-14T14:59:32Z,85.0,Sense
2025-08-14T14:59:37Z,87.0,Sense
2025-08-14T14:59:42Z,91.0,Sense
2025-08-14T14:59:47Z,92.0,Sense
2025-08-14T15:00:02Z,89.0,Sense
2025-08-14T15:00:07Z,87.0,Sense
2025-08-14T15:00:17Z,91.0,Sense
2025-08-14T15:00:22Z,90.0,Sense
2025-08-14T15:00:27Z,94.0,Sense
2025-08-14T15:00:32Z,93.0,Sense
2025-08-14T15:00:37Z,94.0,Sense
2025-08-14T15:00:47Z,96.0,Sense
2025-08-14T15:00:52Z,97.0,Sense
2025-08-14T15:00:57Z,99.0,Sense
2025-08-14T15:01:12Z,101.0,Sense
2025-08-14T15:01:17Z,104.0,Sense
2025-08-14T15:01:22Z,105.0,Sense
2025-08-14T15:01:27Z,106.0,Sense
2025-08-14T15:01:32Z,103.0,Sense
2025-08-14T15:01:37Z,105.0,Sense
2025-08-14T15:01:42Z,104.0,Sense
2025-08-14T15:01:47Z,101.0,Sense
2025-08-14T15:01:57Z,99.0,Sense
2025-08-14T15:02:02Z,100.0,Sense
2025-08-14T15:02:07Z,102.0,Sense
2025-08-14T15:02:17Z,103.0,Sense
2025-08-14T15:02:22Z,102.0,Sense
2025-08-14T15:02:27Z,103.0,Sense
2025-08-14T15:02:32Z,102.0,Sense
2025-08-14T15:02:42Z,103.0,Sense
2025-08-14T15:02:47Z,102.0,Sense
2025-08-14T15:02:57Z,103.0,Sense
2025-08-14T15:03:02Z,104.0,Sense
2025-08-14T15:03:07Z,103.0,Sense
2025-08-14T15:03:12Z,105.0,Sense
2025-08-14T15:03:27Z,106.0,Sense
2025-08-14T15:03:42Z,108.0,Sense
2025-08-14T15:03:47Z,106.0,Sense
2025-08-14T15:03:52Z,107.0,Sense
2025-08-14T15:03:57Z,104.0,Sense
2025-08-14T15:04:12Z,104.0,Sense
2025-08-14T15:04:22Z,105.0,Sense
2025-08-14T15:04:27Z,106.0,Sense
2025-08-14T15:04:37Z,104.0,Sense
2025-08-14T15:04:42Z,105.0,Sense
2025-08-14T15:04:47Z,106.0,Sense
2025-08-14T15:04:52Z,109.0,Sense
2025-08-14T15:04:57Z,108.0,Sense
2025-08-14T15:05:02Z,109.0,Sense
2025-08-14T15:05:12Z,111.0,Sense
2025-08-14T15:05:17Z,110.0,Sense
2025-08-14T15:05:22Z,109.0,Sense
2025-08-14T15:05:27Z,112.0,Sense
2025-08-14T15:05:32Z,114.0,Sense
2025-08-14T15:05:47Z,114.0,Sense
2025-08-14T15:05:52Z,113.0,Sense
2025-08-14T15:06:07Z,111.0,Sense
2025-08-14T15:06:22Z,111.0,Sense
2025-08-14T15:06:27Z,112.0,Sense
2025-08-14T15:06:37Z,111.0,Sense
2025-08-14T15:06:42Z,112.0,Sense
2025-08-14T15:06:52Z,113.0,Sense
2025-08-14T15:06:57Z,115.0,Sense
2025-08-14T15:07:12Z,115.0,Sense
2025-08-14T15:07:27Z,113.0,Sense
2025-08-14T15:07:32Z,114.0,Sense
2025-08-14T15:07:37Z,113.0,Sense
2025-08-14T15:07:47Z,112.0,Sense
2025-08-14T15:07:57Z,114.0,Sense
2025-08-14T15:08:02Z,115.0,Sense
2025-08-14T15:08:17Z,114.0,Sense
2025-08-14T15:08:22Z,112.0,Sense
2025-08-14T15:08:32Z,111.0,Sense
2025-08-14T15:08:37Z,110.0,Sense
2025-08-14T15:08:42Z,111.0,Sense
2025-08-14T15:08:47Z,110.0,Sense
2025-08-14T15:08:57Z,111.0,Sense
2025-08-14T15:09:02Z,113.0,Sense
2025-08-14T15:09:17Z,113.0,Sense
2025-08-14T15:09:22Z,116.0,Sense
2025-08-14T15:09:27Z,114.0,Sense
2025-08-14T15:09:32Z,115.0,Sense
2025-08-14T15:09:37Z,114.0,Sense
2025-08-14T15:09:42Z,113.0,Sense
2025-08-14T15:09:52Z,112.0,Sense
2025-08-14T15:09:57Z,110.0,Sense
2025-08-14T15:10:02Z,109.0,Sense
2025-08-14T15:10:07Z,108.0,Sense
2025-08-14T15:10:12Z,105.0,Sense
2025-08-14T15:10:17Z,103.0,Sense
2025-08-14T15:10:32Z,100.0,Sense
2025-08-14T15:10:42Z,98.0,Sense
2025-08-14T15:10:47Z,100.0,Sense
2025-08-14T15:10:52Z,98.0,Sense
2025-08-14T15:10:57Z,99.0,Sense
2025-08-14T15:11:07Z,102.0,Sense
2025-08-14T15:11:12Z,103.0,Sense
2025-08-14T15:11:17Z,100.0,Sense
2025-08-14T15:11:22Z,96.0,Sense
2025-08-14T15:11:27Z,95.0,Sense
2025-08-14T15:11:32Z,94.0,Sense
2025-08-14T15:11:37Z,95.0,Sense
2025-08-14T15:11:42Z,99.0,Sense
2025-08-14T15:11:47Z,95.0,Sense
2025-08-14T15:11:52Z,97.0,Sense
2025-08-14T15:11:57Z,101.0,Sense
2025-08-14T15:12:02Z,102.0,Sense
2025-08-14T15:12:07Z,99.0,Sense
2025-08-14T15:12:12Z,94.0,Sense
2025-08-14T15:12:17Z,91.0,Sense
2025-08-14T15:12:22Z,88.0,Sense
2025-08-14T15:12:27Z,87.0,Sense
2025-08-14T15:12:32Z,88.0,Sense
2025-08-14T15:12:37Z,93.0,Sense
2025-08-14T15:12:42Z,92.0,Sense
2025-08-14T15:12:47Z,97.0,Sense
2025-08-14T15:12:52Z,94.0,Sense
2025-08-14T15:12:57Z,96.0,Sense
2025-08-14T15:13:02Z,93.0,Sense
2025-08-14T15:13:12Z,91.0,Sense
2025-08-14T15:13:27Z,92.0,Sense
2025-08-14T15:13:32Z,93.0,Sense
2025-08-14T15:13:37Z,92.0,Sense
2025-08-14T15:13:42Z,93.0,Sense
2025-08-14T15:13:47Z,96.0,Sense
2025-08-14T15:13:52Z,93.0,Sense
2025-08-14T15:13:57Z,95.0,Sense
2025-08-14T15:14:02Z,94.0,Sense
2025-08-14T15:14:12Z,92.0,Sense
2025-08-14T15:14:17Z,92.0,Sense
2025-08-14T15:14:22Z,91.0,Sense
2025-08-14T15:14:32Z,90.0,Sense
2025-08-14T15:14:37Z,94.0,Sense
2025-08-14T15:14:47Z,97.0,Sense
2025-08-14T15:14:52Z,96.0,Sense
2025-08-14T15:15:02Z,94.0,Sense
2025-08-14T15:15:07Z,95.0,Sense
2025-08-14T15:15:12Z,96.0,Sense
2025-08-14T15:15:22Z,95.0,Sense
2025-08-14T15:15:32Z,97.0,Sense
2025-08-14T15:15:37Z,98.0,Sense
2025-08-14T15:15:52Z,98.0,Sense
2025-08-14T15:15:57Z,99.0,Sense
2025-08-14T15:16:07Z,98.0,Sense
2025-08-14T15:16:12Z,99.0,Sense
2025-08-14T15:16:22Z,101.0,Sense
2025-08-14T15:16:27Z,100.0,Sense
2025-08-14T15:16:37Z,99.0,Sense
2025-08-14T15:16:42Z,98.0,Sense
2025-08-14T15:16:47Z,97.0,Sense
2025-08-14T15:17:02Z,96.0,Sense
2025-08-14T15:17:07Z,97.0,Sense
2025-08-14T15:17:12Z,95.0,Sense
2025-08-14T15:17:27Z,95.0,Sense
2025-08-14T15:17:32Z,97.0,Sense
2025-08-14T15:17:47Z,96.0,Sense
2025-08-14T15:17:52Z,97.0,Sense
2025-08-14T15:18:02Z,94.0,Sense
2025-08-14T15:18:07Z,96.0,Sense
2025-08-14T15:18:12Z,94.0,Sense
2025-08-14T15:18:17Z,95.0,Sense
2025-08-14T15:18:22Z,94.0,Sense
2025-08-14T15:18:37Z,98.0,Sense
2025-08-14T15:18:47Z,100.0,Sense
2025-08-14T15:18:52Z,99.0,Sense
2025-08-14T15:19:07Z,99.0,Sense
2025-08-14T15:19:12Z,100.0,Sense
2025-08-14T15:19:17Z,99.0,Sense
2025-08-14T15:19:22Z,95.0,Sense
2025-08-14T15:19:27Z,94.0,Sense
2025-08-14T15:19:37Z,95.0,Sense
2025-08-14T15:19:47Z,98.0,Sense
2025-08-14T15:19:52Z,100.0,Sense
2025-08-14T15:19:57Z,101.0,Sense
2025-08-14T15:20:12Z,100.0,Sense
2025-08-14T15:20:17Z,103.0,Sense
2025-08-14T15:20:22Z,99.0,Sense
2025-08-14T15:20:37Z,100.0,Sense
2025-08-14T15:20:47Z,101.0,Sense
2025-08-14T15:20:57Z,99.0,Sense
2025-08-14T15:21:07Z,98.0,Sense
2025-08-14T15:21:12Z,99.0,Sense
2025-08-14T15:21:22Z,96.0,Sense
2025-08-14T15:21:27Z,97.0,Sense
2025-08-14T15:21:32Z,95.0,Sense
2025-08-14T15:21:37Z,99.0,Sense
2025-08-14T15:21:42Z,97.0,Sense
2025-08-14T15:21:47Z,96.0,Sense
2025-08-14T15:21:52Z,99.0,Sense
2025-08-14T15:21:57Z,98.0,Sense
2025-08-14T15:22:02Z,101.0,Sense
2025-08-14T15:22:07Z,102.0,Sense
2025-08-14T15:22:17Z,100.0,Sense
2025-08-14T15:22:22Z,98.0,Sense
2025-08-14T15:22:27Z,100.0,Sense
2025-08-14T15:22:37Z,99.0,Sense
2025-08-14T15:22:42Z,100.0,Sense
2025-08-14T15:22:47Z,101.0,Sense
2025-08-14T15:22:52Z,102.0,Sense
2025-08-14T15:22:57Z,100.0,Sense
2025-08-14T15:23:02Z,102.0,Sense
2025-08-14T15:23:12Z,101.0,Sense
2025-08-14T15:23:22Z,102.0,Sense
2025-08-14T15:23:32Z,103.0,Sense
2025-08-14T15:23:37Z,100.0,Sense
2025-08-14T15:23:42Z,101.0,Sense
2025-08-14T15:23:47Z,102.0,Sense
2025-08-14T15:23:52Z,101.0,Sense
2025-08-14T15:23:57Z,104.0,Sense
2025-08-14T15:24:07Z,103.0,Sense
2025-08-14T15:24:12Z,103.0,Sense
2025-08-14T15:24:17Z,102.0,Sense
2025-08-14T15:24:22Z,103.0,Sense
2025-08-14T15:24:27Z,102.0,Sense
2025-08-14T15:24:32Z,103.0,Sense
2025-08-14T15:24:37Z,102.0,Sense
2025-08-14T15:24:42Z,106.0,Sense
2025-08-14T15:24:47Z,105.0,Sense
2025-08-14T15:24:52Z,106.0,Sense
2025-08-14T15:24:57Z,107.0,Sense
2025-08-14T15:25:02Z,108.0,Sense
2025-08-14T15:25:07Z,109.0,Sense
2025-08-14T15:25:12Z,110.0,Sense
2025-08-14T15:25:17Z,111.0,Sense
2025-08-14T15:25:22Z,112.0,Sense
2025-08-14T15:25:27Z,114.0,Sense
2025-08-14T15:25:32Z,113.0,Sense
2025-08-14T15:25:37Z,113.0,Sense
2025-08-14T15:25:42Z,112.0,Sense
2025-08-14T15:25:47Z,111.0,Sense
2025-08-14T15:25:57Z,112.0,Sense
2025-08-14T15:26:07Z,111.0,Sense
2025-08-14T15:26:17Z,111.0,Sense
2025-08-14T15:26:27Z,110.0,Sense
2025-08-14T15:26:37Z,112.0,Sense
2025-08-14T15:26:42Z,111.0,Sense
2025-08-14T15:26:47Z,109.0,Sense
2025-08-14T15:26:52Z,110.0,Sense
2025-08-14T15:26:57Z,112.0,Sense
2025-08-14T15:27:12Z,112.0,Sense
2025-08-14T15:27:17Z,111.0,Sense
2025-08-14T15:27:32Z,111.0,Sense
2025-08-14T15:27:42Z,110.0,Sense
2025-08-14T15:27:52Z,111.0,Sense
2025-08-14T15:28:02Z,110.0,Sense
2025-08-14T15:28:07Z,109.0,Sense
2025-08-14T15:28:22Z,109.0,Sense
2025-08-14T15:28:37Z,109.0,Sense
2025-08-14T15:28:42Z,110.0,Sense
2025-08-14T15:28:47Z,109.0,Sense
2025-08-14T15:29:02Z,109.0,Sense
2025-08-14T15:29:07Z,108.0,Sense
2025-08-14T15:29:12Z,110.0,Sense
2025-08-14T15:29:17Z,109.0,Sense
2025-08-14T15:29:22Z,110.0,Sense
2025-08-14T15:29:37Z,111.0,Sense
2025-08-14T15:29:42Z,110.0,Sense
2025-08-14T15:29:47Z,111.0,Sense
2025-08-14T15:29:57Z,110.0,Sense
2025-08-14T15:30:07Z,111.0,Sense
2025-08-14T15:30:22Z,111.0,Sense
2025-08-14T15:30:27Z,110.0,Sense
2025-08-14T15:30:37Z,111.0,Sense
2025-08-14T15:30:42Z,110.0,Sense
2025-08-14T15:30:47Z,111.0,Sense
2025-08-14T15:30:52Z,110.0,Sense
2025-08-14T15:31:02Z,111.0,Sense
2025-08-14T15:31:17Z,111.0,Sense
2025-08-14T15:31:22Z,110.0,Sense
2025-08-14T15:31:37Z,110.0,Sense
2025-08-14T15:31:42Z,112.0,Sense
2025-08-14T15:31:47Z,111.0,Sense
2025-08-14T15:31:52Z,109.0,Sense
2025-08-14T15:31:57Z,110.0,Sense
2025-08-14T15:32:12Z,110.0,Sense
2025-08-14T15:32:27Z,111.0,Sense
2025-08-14T15:32:32Z,109.0,Sense
2025-08-14T15:32:42Z,110.0,Sense
2025-08-14T15:32:47Z,111.0,Sense
2025-08-14T15:32:52Z,110.0,Sense
2025-08-14T15:32:57Z,111.0,Sense
2025-08-14T15:33:07Z,112.0,Sense
2025-08-14T15:33:12Z,113.0,Sense
2025-08-14T15:33:17Z,111.0,Sense
2025-08-14T15:33:32Z,111.0,Sense
2025-08-14T15:33:37Z,109.0,Sense
2025-08-14T15:33:42Z,107.0,Sense
2025-08-14T15:33:47Z,107.0,Sense
2025-08-14T15:33:52Z,108.0,Sense
2025-08-14T15:33:57Z,109.0,Sense
2025-08-14T15:34:02Z,110.0,Sense
2025-08-14T15:34:07Z,110.0,Sense
2025-08-14T15:34:17Z,113.0,Sense
2025-08-14T15:34:22Z,112.0,Sense
2025-08-14T15:34:32Z,111.0,Sense
2025-08-14T15:34:47Z,114.0,Sense
2025-08-14T15:34:52Z,112.0,Sense
2025-08-14T15:35:02Z,110.0,Sense
2025-08-14T15:35:07Z,109.0,Sense
2025-08-14T15:35:12Z,110.0,Sense
2025-08-14T15:35:27Z,110.0,Sense
2025-08-14T15:35:37Z,108.0,Sense
2025-08-14T15:35:52Z,107.0,Sense
2025-08-14T15:35:57Z,108.0,Sense
2025-08-14T15:36:02Z,109.0,Sense
2025-08-14T15:36:07Z,108.0,Sense
2025-08-14T15:36:12Z,107.0,Sense
2025-08-14T15:36:22Z,104.0,Sense
2025-08-14T15:36:27Z,106.0,Sense
2025-08-14T15:36:32Z,107.0,Sense
2025-08-14T15:36:37Z,108.0,Sense
2025-08-14T15:36:42Z,110.0,Sense
2025-08-14T15:36:52Z,107.0,Sense
2025-08-14T15:37:02Z,106.0,Sense
2025-08-14T15:37:12Z,105.0,Sense
2025-08-14T15:37:17Z,103.0,Sense
2025-08-14T15:37:22Z,102.0,Sense
2025-08-14T15:37:32Z,103.0,Sense
2025-08-14T15:37:37Z,104.0,Sense
2025-08-14T15:37:47Z,105.0,Sense
2025-08-14T15:37:57Z,106.0,Sense
2025-08-14T15:38:12Z,106.0,Sense
2025-08-14T15:38:17Z,105.0,Sense
2025-08-14T15:38:27Z,104.0,Sense
2025-08-14T15:38:32Z,105.0,Sense
2025-08-14T15:38:37Z,106.0,Sense
2025-08-14T15:38:42Z,107.0,Sense
2025-08-14T15:38:47Z,104.0,Sense
2025-08-14T15:38:52Z,106.0,Sense
2025-08-14T15:39:02Z,97.0,Sense
2025-08-14T15:39:07Z,91.0,Sense
2025-08-14T15:39:12Z,81.0,Sense
2025-08-14T15:39:17Z,78.0,Sense
2025-08-14T15:39:22Z,80.0,Sense
2025-08-14T15:39:27Z,93.0,Sense
2025-08-14T15:39:32Z,96.0,Sense
2025-08-14T15:39:37Z,97.0,Sense
2025-08-14T15:39:42Z,100.0,Sense
2025-08-14T15:39:52Z,98.0,Sense
2025-08-14T15:39:57Z,101.0,Sense
2025-08-14T15:40:02Z,100.0,Sense
2025-08-14T15:40:07Z,99.0,Sense
2025-08-14T15:40:12Z,95.0,Sense
2025-08-14T15:40:17Z,94.0,Sense
2025-08-14T15:40:22Z,92.0,Sense
2025-08-14T15:40:27Z,95.0,Sense
2025-08-14T15:40:32Z,101.0,Sense
2025-08-14T15:40:42Z,104.0,Sense
2025-08-14T15:40:52Z,103.0,Sense
2025-08-14T15:40:57Z,99.0,Sense
2025-08-14T15:41:02Z,96.0,Sense
2025-08-14T15:41:12Z,92.0,Sense
2025-08-14T15:41:22Z,95.0,Sense
2025-08-14T15:41:27Z,94.0,Sense
2025-08-14T15:41:32Z,97.0,Sense
2025-08-14T15:41:37Z,95.0,Sense
2025-08-14T15:41:47Z,96.0,Sense
2025-08-14T15:42:02Z,94.0,Sense
2025-08-14T15:42:12Z,93.0,Sense
2025-08-14T15:42:17Z,95.0,Sense
2025-08-14T15:42:22Z,92.0,Sense
2025-08-14T15:42:27Z,98.0,Sense
2025-08-14T15:42:37Z,100.0,Sense
2025-08-14T15:42:42Z,102.0,Sense
2025-08-14T15:42:47Z,104.0,Sense
2025-08-14T15:42:52Z,100.0,Sense
2025-08-14T15:42:57Z,104.0,Sense
2025-08-14T15:43:02Z,106.0,Sense
2025-08-14T15:43:12Z,104.0,Sense
2025-08-14T15:43:17Z,102.0,Sense
2025-08-14T15:43:22Z,101.0,Sense
2025-08-14T15:43:27Z,100.0,Sense
2025-08-14T15:43:37Z,102.0,Sense
2025-08-14T15:43:47Z,100.0,Sense
2025-08-14T15:43:57Z,101.0,Sense
2025-08-14T15:44:02Z,102.0,Sense
2025-08-14T15:44:07Z,100.0,Sense
2025-08-14T15:44:12Z,101.0,Sense
2025-08-14T15:44:27Z,103.0,Sense
2025-08-14T15:44:32Z,105.0,Sense
2025-08-14T15:44:37Z,106.0,Sense
2025-08-14T15:44:42Z,107.0,Sense
2025-08-14T15:44:47Z,106.0,Sense
2025-08-14T15:44:57Z,105.0,Sense
2025-08-14T15:45:02Z,104.0,Sense
2025-08-14T15:45:17Z,103.0,Sense
2025-08-14T15:45:22Z,104.0,Sense
2025-08-14T15:45:27Z,105.0,Sense
2025-08-14T15:45:32Z,108.0,Sense
2025-08-14T15:45:37Z,107.0,Sense
2025-08-14T15:45:47Z,108.0,Sense
2025-08-14T15:45:52Z,107.0,Sense
2025-08-14T15:46:02Z,109.0,Sense
2025-08-14T15:46:07Z,108.0,Sense
2025-08-14T15:46:12Z,107.0,Sense
2025-08-14T15:46:17Z,108.0,Sense
2025-08-14T15:46:22Z,108.0,Sense
2025-08-14T15:46:27Z,106.0,Sense
2025-08-14T15:46:37Z,105.0,Sense
2025-08-14T15:46:42Z,106.0,Sense
2025-08-14T15:46:57Z,108.0,Sense
2025-08-14T15:47:02Z,110.0,Sense
2025-08-14T15:47:07Z,111.0,Sense
2025-08-14T15:47:12Z,108.0,Sense
2025-08-14T15:47:17Z,106.0,Sense
2025-08-14T15:47:22Z,107.0,Sense
2025-08-14T15:47:27Z,108.0,Sense
2025-08-14T15:47:32Z,110.0,Sense
2025-08-14T15:47:47Z,111.0,Sense
2025-08-14T15:47:52Z,110.0,Sense
2025-08-14T15:47:57Z,112.0,Sense
2025-08-14T15:48:02Z,111.0,Sense
2025-08-14T15:48:07Z,110.0,Sense
2025-08-14T15:48:12Z,109.0,Sense
2025-08-14T15:48:22Z,110.0,Sense
2025-08-14T15:48:27Z,109.0,Sense
2025-08-14T15:48:37Z,108.0,Sense
2025-08-14T15:48:42Z,111.0,Sense
2025-08-14T15:48:47Z,112.0,Sense
2025-08-14T15:48:52Z,113.0,Sense
2025-08-14T15:48:57Z,112.0,Sense
2025-08-14T15:49:02Z,112.0,Sense
2025-08-14T15:49:07Z,112.0,Sense
2025-08-14T15:49:12Z,111.0,Sense
2025-08-14T15:49:22Z,112.0,Sense
2025-08-14T15:49:37Z,112.0,Sense
2025-08-14T15:49:42Z,113.0,Sense
2025-08-14T15:49:52Z,112.0,Sense
2025-08-14T15:49:57Z,111.0,Sense
2025-08-14T15:50:02Z,110.0,Sense
2025-08-14T15:50:07Z,109.0,Sense
2025-08-14T15:50:12Z,110.0,Sense
2025-08-14T15:50:27Z,111.0,Sense
2025-08-14T15:50:32Z,112.0,Sense
2025-08-14T15:50:37Z,113.0,Sense
2025-08-14T15:50:42Z,111.0,Sense
2025-08-14T15:50:47Z,114.0,Sense
2025-08-14T15:50:52Z,113.0,Sense
2025-08-14T15:51:02Z,114.0,Sense
2025-08-14T15:51:12Z,113.0,Sense
2025-08-14T15:51:17Z,112.0,Sense
2025-08-14T15:51:22Z,113.0,Sense
2025-08-14T15:51:27Z,106.0,Sense
2025-08-14T15:51:32Z,110.0,Sense
2025-08-14T15:51:42Z,97.0,Sense
2025-08-14T15:51:47Z,90.0,Sense
2025-08-14T15:51:52Z,91.0,Sense
2025-08-14T15:51:57Z,93.0,Sense
2025-08-14T15:52:02Z,94.0,Sense
2025-08-14T15:52:07Z,93.0,Sense
2025-08-14T15:52:12Z,88.0,Sense
2025-08-14T15:52:17Z,86.0,Sense
2025-08-14T15:52:22Z,83.0,Sense
2025-08-14T15:52:27Z,82.0,Sense
2025-08-14T15:52:37Z,87.0,Sense
2025-08-14T15:52:42Z,88.0,Sense
2025-08-14T15:52:47Z,86.0,Sense
2025-08-14T15:52:52Z,88.0,Sense
2025-08-14T15:53:02Z,87.0,Sense
2025-08-14T15:53:07Z,89.0,Sense
2025-08-14T15:53:12Z,87.0,Sense
2025-08-14T15:53:17Z,89.0,Sense
2025-08-14T15:53:22Z,91.0,Sense
2025-08-14T15:53:27Z,86.0,Sense
2025-08-14T15:53:32Z,81.0,Sense
2025-08-14T15:53:37Z,80.0,Sense
2025-08-14T15:53:42Z,77.0,Sense
2025-08-14T15:53:47Z,78.0,Sense
2025-08-14T15:53:52Z,77.0,Sense
2025-08-14T15:53:57Z,76.0,Sense
2025-08-14T15:54:12Z,78.0,Sense
2025-08-14T15:54:17Z,77.0,Sense
2025-08-14T15:54:22Z,78.0,Sense
2025-08-14T15:54:27Z,77.0,Sense
2025-08-14T15:54:32Z,79.0,Sense
2025-08-14T15:54:37Z,78.0,Sense
2025-08-14T15:54:42Z,81.0,Sense
2025-08-14T15:54:47Z,83.0,Sense
2025-08-14T15:54:52Z,86.0,Sense
2025-08-14T15:54:57Z,87.0,Sense
2025-08-14T15:55:02Z,88.0,Sense
2025-08-14T15:55:07Z,84.0,Sense
2025-08-14T15:55:12Z,89.0,Sense
2025-08-14T15:55:17Z,85.0,Sense
2025-08-14T15:55:22Z,87.0,Sense
2025-08-14T15:55:27Z,85.0,Sense
2025-08-14T15:55:32Z,84.0,Sense
2025-08-14T15:55:37Z,81.0,Sense
2025-08-14T15:55:42Z,85.0,Sense
2025-08-14T15:55:47Z,82.0,Sense
2025-08-14T15:55:52Z,86.0,Sense
2025-08-14T15:55:57Z,85.0,Sense
2025-08-14T15:56:02Z,87.0,Sense
2025-08-14T15:56:07Z,85.0,Sense
2025-08-14T15:56:12Z,84.0,Sense
2025-08-14T15:56:17Z,83.0,Sense
2025-08-14T15:56:22Z,84.0,Sense
2025-08-14T15:56:27Z,82.0,Sense
2025-08-14T15:56:32Z,83.0,Sense
2025-08-14T15:56:37Z,82.0,Sense
2025-08-14T15:56:42Z,79.0,Sense
2025-08-14T15:56:47Z,81.0,Sense
2025-08-14T15:56:52Z,80.0,Sense
2025-08-14T15:56:57Z,84.0,Sense
2025-08-14T15:57:02Z,80.0,Sense
2025-08-14T15:57:07Z,81.0,Sense
2025-08-14T15:57:12Z,83.0,Sense
2025-08-14T15:57:22Z,85.0,Sense
2025-08-14T15:57:27Z,87.0,Sense
2025-08-14T15:57:32Z,86.0,Sense
2025-08-14T15:57:37Z,83.0,Sense
2025-08-14T15:57:42Z,85.0,Sense
2025-08-14T15:57:52Z,86.0,Sense
2025-08-14T15:58:07Z,85.0,Sense
2025-08-14T15:58:17Z,82.0,Sense
2025-08-14T15:58:22Z,77.0,Sense
2025-08-14T15:58:27Z,76.0,Sense
2025-08-14T15:58:32Z,74.0,Sense
2025-08-14T15:58:47Z,73.0,Sense
2025-08-14T15:58:52Z,72.0,Sense
2025-08-14T15:59:02Z,74.0,Sense
2025-08-14T15:59:12Z,73.0,Sense
2025-08-14T15:59:17Z,78.0,Sense
2025-08-14T15:59:22Z,79.0,Sense
2025-08-14T15:59:27Z,83.0,Sense
2025-08-14T15:59:32Z,82.0,Sense
2025-08-14T15:59:37Z,85.0,Sense
2025-08-14T15:59:42Z,84.0,Sense
2025-08-14T15:59:47Z,86.0,Sense
2025-08-14T15:59:52Z,83.0,Sense
2025-08-14T15:59:57Z,83.0,Sense
2025-08-14T16:00:02Z,80.0,Sense
2025-08-14T16:00:07Z,78.0,Sense
2025-08-14T16:00:12Z,79.0,Sense
2025-08-14T16:00:17Z,76.0,Sense
2025-08-14T16:00:22Z,78.0,Sense
2025-08-14T16:00:27Z,81.0,Sense
2025-08-14T16:00:32Z,85.0,Sense
2025-08-14T16:00:37Z,87.0,Sense
2025-08-14T16:00:47Z,86.0,Sense
2025-08-14T16:00:52Z,84.0,Sense
2025-08-14T16:01:02Z,80.0,Sense
2025-08-14T16:01:07Z,84.0,Sense
2025-08-14T16:01:12Z,79.0,Sense
2025-08-14T16:01:22Z,76.0,Sense
2025-08-14T16:01:27Z,75.0,Sense
2025-08-14T16:01:32Z,78.0,Sense
2025-08-14T16:01:37Z,80.0,Sense
2025-08-14T16:01:42Z,79.0,Sense
2025-08-14T16:01:47Z,82.0,Sense
2025-08-14T16:01:52Z,81.0,Sense
2025-08-14T16:01:57Z,82.0,Sense
2025-08-14T16:02:02Z,83.0,Sense
2025-08-14T16:02:07Z,84.0,Sense
2025-08-14T16:02:12Z,82.0,Sense
2025-08-14T16:02:17Z,86.0,Sense
2025-08-14T16:02:32Z,82.0,Sense
2025-08-14T16:02:37Z,86.0,Sense
2025-08-14T16:02:42Z,88.0,Sense
2025-08-14T16:02:52Z,85.0,Sense
2025-08-14T16:02:57Z,88.0,Sense
2025-08-14T16:03:07Z,89.0,Sense
2025-08-14T16:03:17Z,86.0,Sense
2025-08-14T16:03:22Z,87.0,Sense
2025-08-14T16:03:27Z,88.0,Sense
2025-08-14T16:03:32Z,86.0,Sense
2025-08-14T16:03:37Z,90.0,Sense
2025-08-14T16:03:42Z,92.0,Sense
2025-08-14T16:03:47Z,99.0,Sense
2025-08-14T16:03:52Z,101.0,Sense
2025-08-14T16:03:57Z,112.0,Sense
2025-08-14T16:04:02Z,109.0,Sense
2025-08-14T16:04:07Z,112.0,Sense
2025-08-14T16:04:17Z,110.0,Sense
2025-08-14T16:04:22Z,109.0,Sense
2025-08-14T16:04:32Z,107.0,Sense
2025-08-14T16:04:42Z,112.0,Sense
2025-08-14T16:04:47Z,106.0,Sense
2025-08-14T16:04:52Z,115.0,Sense
2025-08-14T16:04:57Z,116.0,Sense
2025-08-14T16:05:02Z,113.0,Sense
2025-08-14T16:05:07Z,111.0,Sense
2025-08-14T16:05:12Z,113.0,Sense
2025-08-14T16:05:17Z,111.0,Sense
2025-08-14T16:05:22Z,108.0,Sense
2025-08-14T16:05:27Z,110.0,Sense
2025-08-14T16:05:32Z,109.0,Sense
2025-08-14T16:05:37Z,113.0,Sense
2025-08-14T16:05:42Z,111.0,Sense
2025-08-14T16:05:47Z,113.0,Sense
2025-08-14T16:05:52Z,114.0,Sense
2025-08-14T16:05:57Z,118.0,Sense
2025-08-14T16:06:02Z,119.0,Sense
2025-08-14T16:06:07Z,120.0,Sense
2025-08-14T16:06:22Z,120.0,Sense
2025-08-14T16:06:27Z,119.0,Sense
2025-08-14T16:06:32Z,120.0,Sense
2025-08-14T16:06:37Z,119.0,Sense
2025-08-14T16:06:42Z,123.0,Sense
2025-08-14T16:06:47Z,121.0,Sense
2025-08-14T16:06:52Z,122.0,Sense
2025-08-14T16:06:57Z,119.0,Sense
2025-08-14T16:07:02Z,121.0,Sense
2025-08-14T16:07:07Z,122.0,Sense
2025-08-14T16:07:12Z,120.0,Sense
2025-08-14T16:07:17Z,116.0,Sense
2025-08-14T16:07:22Z,114.0,Sense
2025-08-14T16:07:27Z,113.0,Sense
2025-08-14T16:07:32Z,112.0,Sense
2025-08-14T16:07:37Z,112.0,Sense
2025-08-14T16:07:42Z,110.0,Sense
2025-08-14T16:07:47Z,111.0,Sense
2025-08-14T16:07:52Z,113.0,Sense
2025-08-14T16:07:57Z,112.0,Sense
2025-08-14T16:08:02Z,110.0,Sense
2025-08-14T16:08:07Z,109.0,Sense
2025-08-14T16:08:17Z,111.0,Sense
2025-08-14T16:08:22Z,112.0,Sense
2025-08-14T16:08:27Z,111.0,Sense
2025-08-14T16:08:32Z,109.0,Sense
2025-08-14T16:08:37Z,108.0,Sense
2025-08-14T16:08:42Z,106.0,Sense
2025-08-14T16:08:47Z,105.0,Sense
2025-08-14T16:08:52Z,106.0,Sense
2025-08-14T16:08:57Z,105.0,Sense
2025-08-14T16:09:02Z,104.0,Sense
2025-08-14T16:09:07Z,105.0,Sense
2025-08-14T16:09:12Z,106.0,Sense
2025-08-14T16:09:22Z,110.0,Sense
2025-08-14T16:09:27Z,118.0,Sense
2025-08-14T16:09:32Z,120.0,Sense
2025-08-14T16:09:37Z,117.0,Sense
2025-08-14T16:09:42Z,121.0,Sense
2025-08-14T16:09:47Z,115.0,Sense
2025-08-14T16:09:52Z,115.0,Sense
2025-08-14T16:09:57Z,117.0,Sense
2025-08-14T16:10:02Z,116.0,Sense
2025-08-14T16:10:07Z,114.0,Sense
2025-08-14T16:10:12Z,112.0,Sense
2025-08-14T16:10:17Z,108.0,Sense
2025-08-14T16:10:22Z,114.0,Sense
2025-08-14T16:10:27Z,118.0,Sense
2025-08-14T16:10:32Z,117.0,Sense
2025-08-14T16:10:42Z,116.0,Sense
2025-08-14T16:10:47Z,117.0,Sense
2025-08-14T16:10:52Z,116.0,Sense
2025-08-14T16:10:57Z,120.0,Sense
2025-08-14T16:11:02Z,119.0,Sense
2025-08-14T16:11:12Z,118.0,Sense
2025-08-14T16:11:27Z,121.0,Sense
2025-08-14T16:11:32Z,125.0,Sense
2025-08-14T16:11:37Z,123.0,Sense
2025-08-14T16:11:42Z,123.0,Sense
2025-08-14T16:11:47Z,124.0,Sense
2025-08-14T16:11:52Z,122.0,Sense
2025-08-14T16:12:02Z,123.0,Sense
2025-08-14T16:12:07Z,123.0,Sense
2025-08-14T16:12:12Z,125.0,Sense
2025-08-14T16:12:17Z,126.0,Sense
2025-08-14T16:12:22Z,121.0,Sense
2025-08-14T16:12:27Z,122.0,Sense
2025-08-14T16:12:32Z,127.0,Sense
2025-08-14T16:12:37Z,125.0,Sense
2025-08-14T16:12:42Z,128.0,Sense
2025-08-14T16:12:47Z,127.0,Sense
2025-08-14T16:12:52Z,121.0,Sense
2025-08-14T16:12:57Z,120.0,Sense
2025-08-14T16:13:02Z,131.0,Sense
2025-08-14T16:13:07Z,124.0,Sense
2025-08-14T16:13:12Z,125.0,Sense
2025-08-14T16:13:17Z,127.0,Sense
2025-08-14T16:13:27Z,122.0,Sense
2025-08-14T16:13:32Z,121.0,Sense
2025-08-14T16:13:37Z,113.0,Sense
2025-08-14T16:13:42Z,115.0,Sense
2025-08-14T16:13:47Z,121.0,Sense
2025-08-14T16:13:57Z,124.0,Sense
2025-08-14T16:14:02Z,119.0,Sense
2025-08-14T16:14:07Z,125.0,Sense
2025-08-14T16:14:12Z,122.0,Sense
2025-08-14T16:14:17Z,125.0,Sense
2025-08-14T16:14:27Z,123.0,Sense
2025-08-14T16:14:32Z,126.0,Sense
2025-08-14T16:14:42Z,125.0,Sense
2025-08-14T16:14:47Z,126.0,Sense
2025-08-14T16:14:52Z,128.0,Sense
2025-08-14T16:14:57Z,127.0,Sense
2025-08-14T16:15:02Z,128.0,Sense
2025-08-14T16:15:07Z,130.0,Sense
2025-08-14T16:15:12Z,131.0,Sense
2025-08-14T16:15:17Z,128.0,Sense
2025-08-14T16:15:22Z,129.0,Sense
2025-08-14T16:15:27Z,131.0,Sense
2025-08-14T16:15:32Z,132.0,Sense
2025-08-14T16:15:37Z,131.0,Sense
2025-08-14T16:15:42Z,128.0,Sense
2025-08-14T16:15:47Z,127.0,Sense
2025-08-14T16:16:02Z,126.0,Sense
2025-08-14T16:16:07Z,122.0,Sense
2025-08-14T16:16:12Z,116.0,Sense
2025-08-14T16:16:17Z,111.0,Sense
2025-08-14T16:16:27Z,113.0,Sense
2025-08-14T16:16:32Z,114.0,Sense
2025-08-14T16:16:37Z,115.0,Sense
2025-08-14T16:16:42Z,113.0,Sense
2025-08-14T16:16:47Z,117.0,Sense
2025-08-14T16:16:52Z,119.0,Sense
2025-08-14T16:16:57Z,118.0,Sense
2025-08-14T16:17:02Z,125.0,Sense
2025-08-14T16:17:07Z,127.0,Sense
2025-08-14T16:17:12Z,134.0,Sense
2025-08-14T16:17:22Z,133.0,Sense
2025-08-14T16:17:27Z,135.0,Sense
2025-08-14T16:17:32Z,140.0,Sense
2025-08-14T16:17:37Z,141.0,Sense
2025-08-14T16:17:42Z,142.0,Sense
2025-08-14T16:17:52Z,145.0,Sense
2025-08-14T16:17:57Z,147.0,Sense
2025-08-14T16:18:02Z,146.0,Sense
2025-08-14T16:18:07Z,141.0,Sense
2025-08-14T16:18:17Z,135.0,Sense
2025-08-14T16:18:22Z,137.0,Sense
2025-08-14T16:18:27Z,131.0,Sense
2025-08-14T16:18:32Z,134.0,Sense
2025-08-14T16:18:37Z,133.0,Sense
2025-08-14T16:18:42Z,134.0,Sense
2025-08-14T16:18:47Z,137.0,Sense
2025-08-14T16:18:52Z,134.0,Sense
2025-08-14T16:18:57Z,133.0,Sense
2025-08-14T16:19:02Z,131.0,Sense
2025-08-14T16:19:07Z,128.0,Sense
2025-08-14T16:19:17Z,127.0,Sense
2025-08-14T16:19:27Z,129.0,Sense
2025-08-14T16:19:37Z,130.0,Sense
2025-08-14T16:19:42Z,128.0,Sense
2025-08-14T16:19:52Z,126.0,Sense
2025-08-14T16:19:57Z,122.0,Sense
2025-08-14T16:20:02Z,122.0,Sense
2025-08-14T16:20:07Z,115.0,Sense
2025-08-14T16:20:12Z,112.0,Sense
2025-08-14T16:20:17Z,109.0,Sense
2025-08-14T16:20:27Z,107.0,Sense
2025-08-14T16:20:32Z,106.0,Sense
2025-08-14T16:20:37Z,108.0,Sense
2025-08-14T16:20:47Z,107.0,Sense
2025-08-14T16:20:52Z,106.0,Sense
2025-08-14T16:20:57Z,110.0,Sense
2025-08-14T16:21:02Z,108.0,Sense
2025-08-14T16:21:12Z,107.0,Sense
2025-08-14T16:21:27Z,106.0,Sense
2025-08-14T16:21:32Z,103.0,Sense
2025-08-14T16:21:37Z,105.0,Sense
2025-08-14T16:21:42Z,107.0,Sense
2025-08-14T16:21:47Z,106.0,Sense
2025-08-14T16:21:52Z,104.0,Sense
2025-08-14T16:21:57Z,103.0,Sense
2025-08-14T16:22:02Z,104.0,Sense
2025-08-14T16:22:12Z,100.0,Sense
2025-08-14T16:22:17Z,101.0,Sense
2025-08-14T16:22:22Z,102.0,Sense
2025-08-14T16:22:27Z,103.0,Sense
2025-08-14T16:22:32Z,104.0,Sense
2025-08-14T16:22:37Z,105.0,Sense
2025-08-14T16:22:42Z,106.0,Sense
2025-08-14T16:22:47Z,105.0,Sense
2025-08-14T16:22:52Z,104.0,Sense
2025-08-14T16:23:02Z,103.0,Sense
2025-08-14T16:23:07Z,104.0,Sense
2025-08-14T16:23:12Z,105.0,Sense
2025-08-14T16:23:17Z,106.0,Sense
2025-08-14T16:23:32Z,107.0,Sense
2025-08-14T16:23:37Z,108.0,Sense
2025-08-14T16:23:42Z,109.0,Sense
2025-08-14T16:23:47Z,107.0,Sense
2025-08-14T16:23:52Z,105.0,Sense
2025-08-14T16:24:02Z,104.0,Sense
2025-08-14T16:24:07Z,106.0,Sense
2025-08-14T16:24:12Z,103.0,Sense
2025-08-14T16:24:17Z,105.0,Sense
2025-08-14T16:24:22Z,102.0,Sense
2025-08-14T16:24:27Z,104.0,Sense
2025-08-14T16:24:32Z,103.0,Sense
2025-08-14T16:24:42Z,104.0,Sense
2025-08-14T16:24:47Z,105.0,Sense
2025-08-14T16:24:57Z,106.0,Sense
2025-08-14T16:25:02Z,103.0,Sense
2025-08-14T16:25:07Z,105.0,Sense
2025-08-14T16:25:12Z,113.0,Sense
2025-08-14T16:25:17Z,112.0,Sense
2025-08-14T16:25:22Z,110.0,Sense
2025-08-14T16:25:27Z,109.0,Sense
2025-08-14T16:25:32Z,108.0,Sense
2025-08-14T16:25:37Z,109.0,Sense
2025-08-14T16:25:42Z,107.0,Sense
2025-08-14T16:25:47Z,108.0,Sense
2025-08-14T16:25:52Z,106.0,Sense
2025-08-14T16:25:57Z,107.0,Sense
2025-08-14T16:26:07Z,106.0,Sense
2025-08-14T16:26:17Z,105.0,Sense
2025-08-14T16:26:22Z,106.0,Sense
2025-08-14T16:26:27Z,104.0,Sense
2025-08-14T16:26:42Z,110.0,Sense
2025-08-14T16:26:47Z,112.0,Sense
2025-08-14T16:26:52Z,115.0,Sense
2025-08-14T16:26:57Z,117.0,Sense
2025-08-14T16:27:02Z,116.0,Sense
2025-08-14T16:27:12Z,117.0,Sense
2025-08-14T16:27:17Z,118.0,Sense
2025-08-14T16:27:22Z,119.0,Sense
2025-08-14T16:27:27Z,118.0,Sense
2025-08-14T16:27:37Z,118.0,Sense
2025-08-14T16:27:42Z,117.0,Sense
2025-08-14T16:27:47Z,116.0,Sense
2025-08-14T16:27:57Z,115.0,Sense
2025-08-14T16:28:12Z,116.0,Sense
2025-08-14T16:28:17Z,115.0,Sense
2025-08-14T16:28:32Z,112.0,Sense
2025-08-14T16:28:37Z,107.0,Sense
2025-08-14T16:28:42Z,111.0,Sense
2025-08-14T16:28:47Z,113.0,Sense
2025-08-14T16:28:57Z,112.0,Sense
2025-08-14T16:29:02Z,116.0,Sense
2025-08-14T16:29:07Z,116.0,Sense
2025-08-14T16:29:12Z,118.0,Sense
2025-08-14T16:29:17Z,117.0,Sense
2025-08-14T16:29:22Z,118.0,Sense
2025-08-14T16:29:37Z,118.0,Sense
2025-08-14T16:29:47Z,115.0,Sense
2025-08-14T16:29:52Z,114.0,Sense
2025-08-14T16:30:02Z,115.0,Sense
2025-08-14T16:30:12Z,117.0,Sense
2025-08-14T16:30:17Z,116.0,Sense
2025-08-14T16:30:22Z,114.0,Sense
2025-08-14T16:30:27Z,115.0,Sense
2025-08-14T16:30:32Z,112.0,Sense
2025-08-14T16:30:37Z,113.0,Sense
2025-08-14T16:30:42Z,111.0,Sense
2025-08-14T16:30:47Z,114.0,Sense
2025-08-14T16:30:52Z,113.0,Sense
2025-08-14T16:30:57Z,112.0,Sense
2025-08-14T16:31:02Z,111.0,Sense
2025-08-14T16:31:17Z,109.0,Sense
2025-08-14T16:31:27Z,107.0,Sense
2025-08-14T16:31:37Z,111.0,Sense
2025-08-14T16:31:47Z,110.0,Sense
2025-08-14T16:32:02Z,110.0,Sense
2025-08-14T16:32:07Z,111.0,Sense
2025-08-14T16:32:12Z,112.0,Sense
2025-08-14T16:32:17Z,106.0,Sense
2025-08-14T16:32:22Z,108.0,Sense
2025-08-14T16:32:27Z,107.0,Sense
2025-08-14T16:32:32Z,112.0,Sense
2025-08-14T16:32:42Z,111.0,Sense
2025-08-14T16:32:52Z,113.0,Sense
2025-08-14T16:32:57Z,114.0,Sense
2025-08-14T16:33:02Z,116.0,Sense
2025-08-14T16:33:07Z,119.0,Sense
2025-08-14T16:33:12Z,117.0,Sense
2025-08-14T16:33:27Z,114.0,Sense
2025-08-14T16:33:32Z,115.0,Sense
2025-08-14T16:33:42Z,112.0,Sense
2025-08-14T16:33:47Z,114.0,Sense
2025-08-14T16:33:57Z,113.0,Sense
2025-08-14T16:34:02Z,112.0,Sense
2025-08-14T16:34:07Z,113.0,Sense
2025-08-14T16:34:12Z,116.0,Sense
2025-08-14T16:34:17Z,118.0,Sense
2025-08-14T16:34:22Z,120.0,Sense
2025-08-14T16:34:32Z,123.0,Sense
2025-08-14T16:34:37Z,122.0,Sense
2025-08-14T16:34:47Z,121.0,Sense
2025-08-14T16:34:57Z,122.0,Sense
2025-08-14T16:35:02Z,124.0,Sense
2025-08-14T16:35:07Z,123.0,Sense
2025-08-14T16:35:12Z,121.0,Sense
2025-08-14T16:35:17Z,123.0,Sense
2025-08-14T16:35:22Z,123.0,Sense
2025-08-14T16:35:27Z,123.0,Sense
2025-08-14T16:35:32Z,122.0,Sense
2025-08-14T16:35:37Z,121.0,Sense
2025-08-14T16:35:52Z,122.0,Sense
2025-08-14T16:36:02Z,122.0,Sense
2025-08-14T16:36:12Z,119.0,Sense
2025-08-14T16:36:17Z,124.0,Sense
2025-08-14T16:36:22Z,125.0,Sense
2025-08-14T16:36:27Z,124.0,Sense
2025-08-14T16:36:32Z,121.0,Sense
2025-08-14T16:36:42Z,120.0,Sense
2025-08-14T16:36:47Z,119.0,Sense
2025-08-14T16:36:52Z,120.0,Sense
2025-08-14T16:36:57Z,122.0,Sense
2025-08-14T16:37:07Z,121.0,Sense
2025-08-14T16:37:12Z,120.0,Sense
2025-08-14T16:37:17Z,119.0,Sense
2025-08-14T16:37:22Z,118.0,Sense
2025-08-14T16:37:27Z,120.0,Sense
2025-08-14T16:37:32Z,119.0,Sense
2025-08-14T16:37:37Z,120.0,Sense
2025-08-14T16:37:42Z,122.0,Sense
2025-08-14T16:37:57Z,122.0,Sense
2025-08-14T16:38:02Z,119.0,Sense
2025-08-14T16:38:07Z,121.0,Sense
2025-08-14T16:38:17Z,122.0,Sense
2025-08-14T16:38:22Z,122.0,Sense
2025-08-14T16:38:27Z,121.0,Sense
2025-08-14T16:38:32Z,120.0,Sense
2025-08-14T16:38:37Z,119.0,Sense
2025-08-14T16:38:42Z,118.0,Sense
2025-08-14T16:38:52Z,119.0,Sense
2025-08-14T16:38:57Z,118.0,Sense
2025-08-14T16:39:02Z,119.0,Sense
2025-08-14T16:39:07Z,120.0,Sense
2025-08-14T16:39:12Z,119.0,Sense
2025-08-14T16:39:22Z,118.0,Sense
2025-08-14T16:39:27Z,119.0,Sense
2025-08-14T16:39:32Z,120.0,Sense
2025-08-14T16:39:37Z,116.0,Sense
2025-08-14T16:39:47Z,113.0,Sense
2025-08-14T16:39:52Z,114.0,Sense
2025-08-14T16:39:57Z,113.0,Sense
2025-08-14T16:40:02Z,112.0,Sense
2025-08-14T16:40:07Z,116.0,Sense
2025-08-14T16:40:12Z,115.0,Sense
2025-08-14T16:40:17Z,114.0,Sense
2025-08-14T16:40:32Z,115.0,Sense
2025-08-14T16:40:37Z,112.0,Sense
2025-08-14T16:40:50Z,113.0,Sense
2025-08-14T16:41:05Z,111.0,Sense
2025-08-14T16:41:10Z,110.0,Sense
2025-08-14T16:41:15Z,111.0,Sense
2025-08-14T16:41:20Z,110.0,Sense
2025-08-14T16:41:25Z,105.0,Sense
2025-08-14T16:41:30Z,100.0,Sense
2025-08-14T16:41:35Z,104.0,Sense
2025-08-14T16:41:40Z,110.0,Sense
2025-08-14T16:41:50Z,113.0,Sense
2025-08-14T16:41:55Z,110.0,Sense
2025-08-14T16:42:00Z,109.0,Sense
2025-08-14T16:42:05Z,107.0,Sense
2025-08-14T16:42:10Z,106.0,Sense
2025-08-14T16:42:15Z,105.0,Sense
2025-08-14T16:42:20Z,107.0,Sense
2025-08-14T16:42:25Z,105.0,Sense
2025-08-14T16:42:30Z,106.0,Sense
2025-08-14T16:42:40Z,107.0,Sense
2025-08-14T16:42:45Z,105.0,Sense
2025-08-14T16:42:50Z,104.0,Sense
2025-08-14T16:42:55Z,103.0,Sense
2025-08-14T16:43:00Z,102.0,Sense
2025-08-14T16:43:10Z,103.0,Sense
2025-08-14T16:43:20Z,104.0,Sense
2025-08-14T16:43:25Z,102.0,Sense
2025-08-14T16:43:30Z,104.0,Sense
2025-08-14T16:43:35Z,108.0,Sense
2025-08-14T16:43:40Z,109.0,Sense
2025-08-14T16:43:45Z,107.0,Sense
2025-08-14T16:43:50Z,106.0,Sense
2025-08-14T16:44:05Z,107.0,Sense
2025-08-14T16:44:10Z,109.0,Sense
2025-08-14T16:44:15Z,107.0,Sense
2025-08-14T16:44:30Z,110.0,Sense
2025-08-14T16:44:35Z,112.0,Sense
2025-08-14T16:44:40Z,111.0,Sense
2025-08-14T16:44:45Z,112.0,Sense
2025-08-14T16:44:50Z,110.0,Sense
2025-08-14T16:44:55Z,109.0,Sense
2025-08-14T16:45:00Z,110.0,Sense
2025-08-14T16:45:05Z,111.0,Sense
2025-08-14T16:45:15Z,109.0,Sense
2025-08-14T16:45:20Z,110.0,Sense
2025-08-14T16:45:25Z,109.0,Sense
2025-08-14T16:45:40Z,109.0,Sense
2025-08-14T16:45:45Z,111.0,Sense
2025-08-14T16:45:50Z,109.0,Sense
2025-08-14T16:45:55Z,112.0,Sense
2025-08-14T16:46:00Z,117.0,Sense
2025-08-14T16:46:10Z,121.0,Sense
2025-08-14T16:46:15Z,119.0,Sense
2025-08-14T16:46:20Z,115.0,Sense
2025-08-14T16:46:25Z,113.0,Sense
2025-08-14T16:46:30Z,110.0,Sense
2025-08-14T16:46:35Z,111.0,Sense
2025-08-14T16:46:40Z,113.0,Sense
2025-08-14T16:46:45Z,112.0,Sense
2025-08-14T16:46:50Z,110.0,Sense
2025-08-14T16:46:55Z,117.0,Sense
2025-08-14T16:47:00Z,113.0,Sense
2025-08-14T16:47:10Z,117.0,Sense
2025-08-14T16:47:15Z,116.0,Sense
2025-08-14T16:47:20Z,118.0,Sense
2025-08-14T16:47:25Z,119.0,Sense
2025-08-14T16:47:30Z,118.0,Sense
2025-08-14T16:47:35Z,119.0,Sense
2025-08-14T16:47:45Z,120.0,Sense
2025-08-14T16:47:50Z,124.0,Sense
2025-08-14T16:47:55Z,125.0,Sense
2025-08-14T16:48:00Z,124.0,Sense
2025-08-14T16:48:05Z,120.0,Sense
2025-08-14T16:48:20Z,121.0,Sense
2025-08-14T16:48:25Z,120.0,Sense
2025-08-14T16:48:30Z,121.0,Sense
2025-08-14T16:48:40Z,118.0,Sense
2025-08-14T16:48:45Z,119.0,Sense
2025-08-14T16:48:50Z,120.0,Sense
2025-08-14T16:48:55Z,118.0,Sense
2025-08-14T16:49:00Z,117.0,Sense
2025-08-14T16:49:05Z,119.0,Sense
2025-08-14T16:49:10Z,115.0,Sense
2025-08-14T16:49:20Z,112.0,Sense
2025-08-14T16:49:25Z,110.0,Sense
2025-08-14T16:49:33Z,111.0,Sense
2025-08-14T16:49:43Z,110.0,Sense
2025-08-14T16:49:52Z,111.0,Sense
2025-08-14T16:50:01Z,111.0,Sense
2025-08-14T16:50:16Z,112.0,Sense
2025-08-14T16:50:26Z,113.0,Sense
2025-08-14T16:50:31Z,114.0,Sense
2025-08-14T16:50:36Z,118.0,Sense
2025-08-14T16:50:41Z,115.0,Sense
2025-08-14T16:50:56Z,114.0,Sense
2025-08-14T16:51:01Z,116.0,Sense
2025-08-14T16:51:06Z,115.0,Sense
2025-08-14T16:51:16Z,116.0,Sense
2025-08-14T16:51:31Z,117.0,Sense
2025-08-14T16:51:36Z,120.0,Sense
2025-08-14T16:51:41Z,117.0,Sense
2025-08-14T16:51:46Z,116.0,Sense
2025-08-14T16:51:51Z,115.0,Sense
2025-08-14T16:51:56Z,116.0,Sense
2025-08-14T16:52:01Z,117.0,Sense
2025-08-14T16:52:06Z,118.0,Sense
2025-08-14T16:52:11Z,119.0,Sense
2025-08-14T16:52:21Z,116.0,Sense
2025-08-14T16:52:26Z,113.0,Sense
2025-08-14T16:52:36Z,110.0,Sense
2025-08-14T16:52:46Z,111.0,Sense
2025-08-14T16:52:51Z,112.0,Sense
2025-08-14T16:52:56Z,113.0,Sense
2025-08-14T16:53:06Z,112.0,Sense
2025-08-14T16:53:11Z,114.0,Sense
2025-08-14T16:53:16Z,114.0,Sense
2025-08-14T16:53:21Z,115.0,Sense
2025-08-14T16:53:26Z,112.0,Sense
2025-08-14T16:53:31Z,114.0,Sense
2025-08-14T16:53:41Z,113.0,Sense
2025-08-14T16:53:46Z,112.0,Sense
2025-08-14T16:53:51Z,109.0,Sense
2025-08-14T16:53:56Z,110.0,Sense
2025-08-14T16:54:06Z,111.0,Sense
2025-08-14T16:54:11Z,110.0,Sense
2025-08-14T16:54:16Z,108.0,Sense
2025-08-14T16:54:21Z,107.0,Sense
2025-08-14T16:54:26Z,105.0,Sense
2025-08-14T16:54:36Z,103.0,Sense
2025-08-14T16:54:41Z,101.0,Sense
2025-08-14T16:54:51Z,104.0,Sense
2025-08-14T16:54:56Z,103.0,Sense
2025-08-14T16:55:01Z,105.0,Sense
2025-08-14T16:55:11Z,106.0,Sense
2025-08-14T16:55:16Z,107.0,Sense
2025-08-14T16:55:21Z,108.0,Sense
2025-08-14T16:55:26Z,109.0,Sense
2025-08-14T16:55:36Z,108.0,Sense
2025-08-14T16:55:51Z,110.0,Sense
2025-08-14T16:56:01Z,112.0,Sense
2025-08-14T16:56:06Z,113.0,Sense
2025-08-14T16:56:11Z,112.0,Sense
2025-08-14T16:56:16Z,110.0,Sense
2025-08-14T16:56:26Z,106.0,Sense
2025-08-14T16:56:41Z,105.0,Sense
2025-08-14T16:56:46Z,103.0,Sense
2025-08-14T16:56:51Z,98.0,Sense
2025-08-14T16:56:56Z,96.0,Sense
2025-08-14T16:57:06Z,98.0,Sense
2025-08-14T16:57:16Z,96.0,Sense
2025-08-14T17:27:16Z,92.0,Sense
2025-08-14T17:27:21Z,90.0,Sense
2025-08-14T17:27:26Z,91.0,Sense
2025-08-14T17:27:31Z,94.0,Sense
2025-08-14T17:27:36Z,98.0,Sense
2025-08-14T17:27:41Z,100.0,Sense
2025-08-14T17:27:46Z,91.0,Sense
2025-08-14T17:27:56Z,92.0,Sense
2025-08-14T17:28:01Z,91.0,Sense
2025-08-14T17:28:11Z,90.0,Sense
2025-08-14T17:28:21Z,92.0,Sense
2025-08-14T17:28:26Z,113.0,Sense
2025-08-14T17:28:31Z,117.0,Sense
2025-08-14T17:28:36Z,98.0,Sense
2025-08-14T17:28:41Z,97.0,Sense
2025-08-14T17:28:56Z,100.0,Sense
2025-08-14T17:31:31Z,111.0,Sense
2025-08-14T17:31:36Z,141.0,Sense
2025-08-14T17:31:46Z,139.0,Sense
2025-08-14T17:31:51Z,140.0,Sense
2025-08-14T17:31:56Z,128.0,Sense
2025-08-14T17:32:01Z,133.0,Sense
2025-08-14T17:32:06Z,140.0,Sense
2025-08-14T17:32:11Z,140.0,Sense
2025-08-14T17:32:26Z,139.0,Sense
2025-08-14T17:32:31Z,138.0,Sense
2025-08-14T17:32:36Z,135.0,Sense
2025-08-14T17:32:51Z,134.0,Sense
2025-08-14T17:32:56Z,132.0,Sense
2025-08-14T17:33:11Z,131.0,Sense
2025-08-14T17:33:16Z,128.0,Sense
2025-08-14T17:33:21Z,130.0,Sense
2025-08-14T17:42:38Z,120.0,Sense
2025-08-14T17:42:48Z,128.0,Sense
2025-08-14T17:42:53Z,129.0,Sense
2025-08-14T17:42:58Z,131.0,Sense
2025-08-14T17:43:03Z,125.0,Sense
2025-08-14T17:43:08Z,126.0,Sense
2025-08-14T17:43:13Z,130.0,Sense
2025-08-14T17:43:18Z,124.0,Sense
2025-08-14T17:43:23Z,123.0,Sense
2025-08-14T17:43:33Z,114.0,Sense
2025-08-14T17:43:38Z,97.0,Sense
2025-08-14T17:43:43Z,112.0,Sense
2025-08-14T17:43:48Z,110.0,Sense
2025-08-14T17:43:53Z,111.0,Sense
2025-08-14T17:43:58Z,108.0,Sense
2025-08-14T17:44:03Z,114.0,Sense
2025-08-14T17:44:08Z,104.0,Sense
2025-08-14T17:44:13Z,97.0,Sense
2025-08-14T17:44:18Z,101.0,Sense
2025-08-14T17:44:23Z,93.0,Sense
2025-08-14T17:44:28Z,101.0,Sense
2025-08-14T17:44:33Z,95.0,Sense
2025-08-14T17:44:38Z,92.0,Sense
2025-08-14T17:44:48Z,98.0,Sense
2025-08-14T17:44:53Z,95.0,Sense
2025-08-14T17:44:58Z,96.0,Sense
2025-08-14T17:45:03Z,95.0,Sense
2025-08-14T17:45:08Z,96.0,Sense
2025-08-14T17:45:13Z,101.0,Sense
2025-08-14T17:45:18Z,104.0,Sense
2025-08-14T17:45:23Z,105.0,Sense
2025-08-14T17:45:28Z,107.0,Sense
2025-08-14T17:45:33Z,96.0,Sense
2025-08-14T17:45:38Z,100.0,Sense
2025-08-14T17:45:43Z,104.0,Sense
2025-08-14T17:45:48Z,100.0,Sense
2025-08-14T17:45:53Z,101.0,Sense
2025-08-14T17:45:58Z,96.0,Sense
2025-08-14T17:46:03Z,97.0,Sense
2025-08-14T17:46:13Z,95.0,Sense
2025-08-14T17:46:18Z,96.0,Sense
2025-08-14T17:46:23Z,95.0,Sense
2025-08-14T17:46:28Z,96.0,Sense
2025-08-14T17:46:33Z,93.0,Sense
2025-08-14T17:46:38Z,96.0,Sense
2025-08-14T17:46:48Z,97.0,Sense
2025-08-14T17:46:53Z,96.0,Sense
2025-08-14T17:47:03Z,95.0,Sense
2025-08-14T17:47:08Z,96.0,Sense
2025-08-14T17:47:13Z,97.0,Sense
2025-08-14T17:47:18Z,96.0,Sense
2025-08-14T17:47:23Z,92.0,Sense
2025-08-14T17:47:33Z,93.0,Sense
2025-08-14T17:47:38Z,95.0,Sense
2025-08-14T17:47:43Z,97.0,Sense
2025-08-14T17:47:53Z,94.0,Sense
2025-08-14T17:48:03Z,85.0,Sense
2025-08-14T17:48:08Z,86.0,Sense
2025-08-14T17:48:13Z,85.0,Sense
2025-08-14T17:48:28Z,85.0,Sense
2025-08-14T17:48:38Z,84.0,Sense
2025-08-14T17:48:48Z,80.0,Sense
2025-08-14T17:48:53Z,76.0,Sense
2025-08-14T17:48:58Z,77.0,Sense
2025-08-14T17:49:03Z,76.0,Sense
2025-08-14T17:49:08Z,77.0,Sense
2025-08-14T17:49:13Z,82.0,Sense
2025-08-14T17:49:18Z,85.0,Sense
2025-08-14T18:43:15Z,107.0,Sense
2025-08-14T18:43:25Z,104.0,Sense
2025-08-14T18:43:30Z,102.0,Sense
2025-08-14T18:43:35Z,107.0,Sense
2025-08-14T18:43:40Z,105.0,Sense
2025-08-14T18:43:45Z,107.0,Sense
2025-08-14T18:43:50Z,103.0,Sense
2025-08-14T18:43:55Z,100.0,Sense
2025-08-14T18:44:00Z,98.0,Sense
2025-08-14T18:44:05Z,105.0,Sense
2025-08-14T18:44:10Z,101.0,Sense
2025-08-14T18:44:15Z,97.0,Sense
2025-08-14T18:44:20Z,95.0,Sense
2025-08-14T18:44:25Z,103.0,Sense
2025-08-14T18:44:30Z,115.0,Sense
2025-08-14T18:44:35Z,106.0,Sense
2025-08-14T18:44:40Z,99.0,Sense
2025-08-14T18:44:45Z,102.0,Sense
2025-08-14T18:44:50Z,103.0,Sense
2025-08-14T18:44:55Z,111.0,Sense
2025-08-14T18:45:00Z,119.0,Sense
2025-08-14T18:45:05Z,118.0,Sense
2025-08-14T18:45:10Z,111.0,Sense
2025-08-14T18:45:15Z,106.0,Sense
2025-08-14T18:45:20Z,107.0,Sense
2025-08-14T18:45:25Z,109.0,Sense
2025-08-14T18:45:30Z,111.0,Sense
2025-08-14T18:45:35Z,115.0,Sense
2025-08-14T18:45:40Z,105.0,Sense
2025-08-14T18:45:45Z,99.0,Sense
2025-08-14T18:45:50Z,103.0,Sense
2025-08-14T18:45:55Z,110.0,Sense
2025-08-14T18:46:00Z,106.0,Sense
2025-08-14T18:46:05Z,122.0,Sense
2025-08-14T18:46:10Z,121.0,Sense
2025-08-14T18:46:15Z,119.0,Sense
2025-08-14T18:46:20Z,120.0,Sense
2025-08-14T18:46:25Z,121.0,Sense
2025-08-14T18:46:35Z,118.0,Sense
2025-08-14T18:46:40Z,120.0,Sense
2025-08-14T18:46:45Z,124.0,Sense
2025-08-14T18:46:50Z,123.0,Sense
2025-08-14T18:46:55Z,132.0,Sense
2025-08-14T18:47:00Z,137.0,Sense
2025-08-14T18:47:05Z,134.0,Sense
2025-08-14T18:47:10Z,140.0,Sense
2025-08-14T18:47:15Z,141.0,Sense
2025-08-14T18:47:20Z,144.0,Sense
2025-08-14T18:47:25Z,140.0,Sense
2025-08-14T18:47:30Z,141.0,Sense
2025-08-14T18:47:35Z,142.0,Sense
2025-08-14T18:47:40Z,131.0,Sense
2025-08-14T18:47:45Z,128.0,Sense
2025-08-14T18:47:50Z,132.0,Sense
2025-08-14T18:47:55Z,135.0,Sense
2025-08-14T18:48:00Z,133.0,Sense
2025-08-14T18:48:05Z,138.0,Sense
2025-08-14T18:48:10Z,137.0,Sense
2025-08-14T18:48:20Z,138.0,Sense
2025-08-14T18:48:25Z,140.0,Sense
2025-08-14T18:48:30Z,142.0,Sense
2025-08-14T18:48:35Z,140.0,Sense
2025-08-14T18:48:40Z,140.0,Sense
2025-08-14T18:48:50Z,141.0,Sense
2025-08-14T18:49:05Z,142.0,Sense
2025-08-14T18:49:15Z,142.0,Sense
2025-08-14T18:49:25Z,142.0,Sense
2025-08-14T18:49:30Z,142.0,Sense
2025-08-14T18:49:35Z,142.0,Sense
2025-08-14T18:49:40Z,143.0,Sense
2025-08-14T18:49:45Z,143.0,Sense
2025-08-14T18:49:50Z,143.0,Sense
2025-08-14T18:49:55Z,143.0,Sense
2025-08-14T18:50:00Z,142.0,Sense
2025-08-14T18:50:10Z,144.0,Sense
2025-08-14T18:50:15Z,145.0,Sense
2025-08-14T18:50:20Z,144.0,Sense
2025-08-14T18:50:25Z,143.0,Sense
2025-08-14T18:50:35Z,144.0,Sense
2025-08-14T18:50:40Z,143.0,Sense
2025-08-14T18:50:45Z,139.0,Sense
2025-08-14T18:50:50Z,142.0,Sense
2025-08-14T18:50:55Z,143.0,Sense
2025-08-14T18:51:00Z,142.0,Sense
2025-08-14T18:51:10Z,141.0,Sense
2025-08-14T18:51:15Z,142.0,Sense
2025-08-14T18:51:20Z,141.0,Sense
2025-08-14T18:51:35Z,140.0,Sense
2025-08-14T18:51:40Z,139.0,Sense
2025-08-14T18:51:45Z,145.0,Sense
2025-08-14T18:51:50Z,141.0,Sense
2025-08-14T18:51:55Z,141.0,Sense
2025-08-14T18:52:10Z,140.0,Sense
2025-08-14T18:52:15Z,141.0,Sense
2025-08-14T18:52:20Z,140.0,Sense
2025-08-14T18:52:25Z,141.0,Sense
2025-08-14T18:52:30Z,139.0,Sense
2025-08-14T18:52:35Z,141.0,Sense
2025-08-14T18:52:40Z,142.0,Sense
2025-08-14T18:52:50Z,142.0,Sense
2025-08-14T18:52:55Z,140.0,Sense
2025-08-14T18:53:05Z,140.0,Sense
2025-08-14T18:53:10Z,138.0,Sense
2025-08-14T18:53:15Z,140.0,Sense
2025-08-14T18:53:25Z,141.0,Sense
2025-08-14T18:53:30Z,142.0,Sense
2025-08-14T18:53:35Z,143.0,Sense
2025-08-14T18:53:40Z,140.0,Sense
2025-08-14T18:53:50Z,141.0,Sense
2025-08-14T18:53:55Z,140.0,Sense
2025-08-14T18:54:00Z,140.0,Sense
2025-08-14T18:54:05Z,141.0,Sense
2025-08-14T18:54:10Z,141.0,Sense
2025-08-14T18:54:15Z,140.0,Sense
2025-08-14T18:54:20Z,142.0,Sense
2025-08-14T18:54:25Z,141.0,Sense
2025-08-14T18:54:30Z,141.0,Sense
2025-08-14T18:54:40Z,140.0,Sense
2025-08-14T18:54:45Z,139.0,Sense
2025-08-14T18:54:50Z,140.0,Sense
2025-08-14T18:55:00Z,139.0,Sense
2025-08-14T18:55:05Z,140.0,Sense
2025-08-14T18:55:10Z,142.0,Sense
2025-08-14T18:55:15Z,145.0,Sense
2025-08-14T18:55:20Z,141.0,Sense
2025-08-14T18:55:25Z,142.0,Sense
2025-08-14T18:55:30Z,141.0,Sense
2025-08-14T18:55:40Z,142.0,Sense
2025-08-14T18:55:50Z,141.0,Sense
2025-08-14T18:55:55Z,142.0,Sense
2025-08-14T18:56:00Z,143.0,Sense
2025-08-14T18:56:05Z,142.0,Sense
2025-08-14T18:56:15Z,141.0,Sense
2025-08-14T18:56:25Z,142.0,Sense
2025-08-14T18:56:40Z,141.0,Sense
2025-08-14T18:56:45Z,140.0,Sense
2025-08-14T18:56:50Z,142.0,Sense
2025-08-14T18:57:00Z,142.0,Sense
2025-08-14T18:57:10Z,141.0,Sense
2025-08-14T18:57:15Z,141.0,Sense
2025-08-14T18:57:20Z,142.0,Sense
2025-08-14T18:57:25Z,140.0,Sense
2025-08-14T18:57:35Z,141.0,Sense
2025-08-14T18:57:40Z,139.0,Sense
2025-08-14T18:57:50Z,141.0,Sense
2025-08-14T18:58:00Z,140.0,Sense
2025-08-14T18:58:05Z,139.0,Sense
2025-08-14T18:58:10Z,139.0,Sense
2025-08-14T18:58:20Z,138.0,Sense
2025-08-14T18:58:25Z,141.0,Sense
2025-08-14T18:58:30Z,142.0,Sense
2025-08-14T18:58:35Z,140.0,Sense
2025-08-14T18:58:40Z,139.0,Sense
2025-08-14T18:58:45Z,138.0,Sense
2025-08-14T18:58:50Z,140.0,Sense
2025-08-14T18:58:55Z,141.0,Sense
2025-08-14T18:59:05Z,139.0,Sense
2025-08-14T18:59:15Z,141.0,Sense
2025-08-14T18:59:25Z,140.0,Sense
2025-08-14T18:59:30Z,141.0,Sense
2025-08-14T18:59:40Z,142.0,Sense
2025-08-14T18:59:45Z,143.0,Sense
2025-08-14T18:59:55Z,141.0,Sense
2025-08-14T19:00:00Z,140.0,Sense
2025-08-14T19:00:15Z,141.0,Sense
2025-08-14T19:00:20Z,142.0,Sense
2025-08-14T19:00:30Z,143.0,Sense
2025-08-14T19:00:35Z,142.0,Sense
2025-08-14T19:00:50Z,141.0,Sense
2025-08-14T19:00:55Z,143.0,Sense
2025-08-14T19:01:00Z,142.0,Sense
2025-08-14T19:01:10Z,143.0,Sense
2025-08-14T19:01:15Z,142.0,Sense
2025-08-14T19:01:30Z,141.0,Sense
2025-08-14T19:01:40Z,143.0,Sense
2025-08-14T19:01:45Z,144.0,Sense
2025-08-14T19:01:50Z,145.0,Sense
2025-08-14T19:01:55Z,144.0,Sense
2025-08-14T19:02:00Z,142.0,Sense
2025-08-14T19:02:05Z,141.0,Sense
2025-08-14T19:02:20Z,142.0,Sense
2025-08-14T19:02:25Z,144.0,Sense
2025-08-14T19:02:30Z,143.0,Sense
2025-08-14T19:02:40Z,144.0,Sense
2025-08-14T19:02:45Z,143.0,Sense
2025-08-14T19:02:50Z,141.0,Sense
2025-08-14T19:02:55Z,143.0,Sense
2025-08-14T19:03:00Z,145.0,Sense
2025-08-14T19:03:05Z,144.0,Sense
2025-08-14T19:03:10Z,143.0,Sense
2025-08-14T19:03:15Z,144.0,Sense
2025-08-14T19:03:20Z,145.0,Sense
2025-08-14T19:03:25Z,144.0,Sense
2025-08-14T19:03:35Z,143.0,Sense
2025-08-14T19:03:45Z,144.0,Sense
2025-08-14T19:03:50Z,143.0,Sense
2025-08-14T19:03:55Z,142.0,Sense
2025-08-14T19:04:00Z,143.0,Sense
2025-08-14T19:04:15Z,143.0,Sense
2025-08-14T19:04:30Z,143.0,Sense
2025-08-14T19:04:45Z,143.0,Sense
2025-08-14T19:04:50Z,144.0,Sense
2025-08-14T19:04:55Z,143.0,Sense
2025-08-14T19:05:10Z,143.0,Sense
2025-08-14T19:05:15Z,142.0,Sense
2025-08-14T19:05:20Z,141.0,Sense
2025-08-14T19:05:25Z,142.0,Sense
2025-08-14T19:05:30Z,144.0,Sense
2025-08-14T19:05:35Z,143.0,Sense
2025-08-14T19:05:40Z,142.0,Sense
2025-08-14T19:05:45Z,143.0,Sense
2025-08-14T19:05:50Z,144.0,Sense
2025-08-14T19:06:05Z,142.0,Sense
2025-08-14T19:06:15Z,143.0,Sense
2025-08-14T19:06:25Z,142.0,Sense
2025-08-14T19:06:30Z,143.0,Sense
2025-08-14T19:06:35Z,144.0,Sense
2025-08-14T19:06:45Z,142.0,Sense
2025-08-14T19:07:00Z,143.0,Sense
2025-08-14T19:07:10Z,141.0,Sense
2025-08-14T19:07:20Z,143.0,Sense
2025-08-14T19:07:30Z,144.0,Sense
2025-08-14T19:07:35Z,145.0,Sense
2025-08-14T19:07:40Z,144.0,Sense
2025-08-14T19:07:45Z,143.0,Sense
2025-08-14T19:07:50Z,142.0,Sense
2025-08-14T19:08:00Z,143.0,Sense
2025-08-14T19:08:05Z,142.0,Sense
2025-08-14T19:08:10Z,143.0,Sense
2025-08-14T19:08:15Z,142.0,Sense
2025-08-14T19:08:25Z,143.0,Sense
2025-08-14T19:08:30Z,141.0,Sense
2025-08-14T19:08:40Z,142.0,Sense
2025-08-14T19:08:45Z,143.0,Sense
2025-08-14T19:08:50Z,142.0,Sense
2025-08-14T19:08:55Z,143.0,Sense
2025-08-14T19:09:05Z,142.0,Sense
2025-08-14T19:09:10Z,143.0,Sense
2025-08-14T19:09:15Z,144.0,Sense
2025-08-14T19:09:20Z,142.0,Sense
2025-08-14T19:09:25Z,140.0,Sense
2025-08-14T19:09:30Z,143.0,Sense
2025-08-14T19:09:40Z,142.0,Sense
2025-08-14T19:09:45Z,143.0,Sense
2025-08-14T19:09:55Z,144.0,Sense
2025-08-14T19:10:00Z,145.0,Sense
2025-08-14T19:10:05Z,144.0,Sense
2025-08-14T19:10:10Z,143.0,Sense
2025-08-14T19:10:15Z,144.0,Sense
2025-08-14T19:10:20Z,142.0,Sense
2025-08-14T19:10:25Z,141.0,Sense
2025-08-14T19:10:30Z,142.0,Sense
2025-08-14T19:10:35Z,143.0,Sense
2025-08-14T19:10:45Z,144.0,Sense
2025-08-14T19:11:00Z,143.0,Sense
2025-08-14T19:11:05Z,141.0,Sense
2025-08-14T19:11:10Z,143.0,Sense
2025-08-14T19:11:20Z,142.0,Sense
2025-08-14T19:11:35Z,142.0,Sense
2025-08-14T19:11:45Z,143.0,Sense
2025-08-14T19:11:50Z,145.0,Sense
2025-08-14T19:11:55Z,142.0,Sense
2025-08-14T19:12:00Z,141.0,Sense
2025-08-14T19:12:05Z,144.0,Sense
2025-08-14T19:12:20Z,144.0,Sense
2025-08-14T19:12:25Z,142.0,Sense
2025-08-14T19:12:35Z,143.0,Sense
2025-08-14T19:12:40Z,146.0,Sense
2025-08-14T19:12:45Z,145.0,Sense
2025-08-14T19:12:50Z,144.0,Sense
2025-08-14T19:13:00Z,143.0,Sense
2025-08-14T19:13:15Z,143.0,Sense
2025-08-14T19:13:20Z,144.0,Sense
2025-08-14T19:13:30Z,143.0,Sense
2025-08-14T19:13:35Z,142.0,Sense
2025-08-14T19:13:40Z,143.0,Sense
2025-08-14T19:13:45Z,145.0,Sense
2025-08-14T19:13:50Z,143.0,Sense
2025-08-14T19:14:05Z,142.0,Sense
2025-08-14T19:14:10Z,143.0,Sense
2025-08-14T19:14:15Z,144.0,Sense
2025-08-14T19:14:25Z,143.0,Sense
2025-08-14T19:14:30Z,142.0,Sense
2025-08-14T19:14:35Z,143.0,Sense
2025-08-14T19:14:40Z,141.0,Sense
2025-08-14T19:14:45Z,142.0,Sense
2025-08-14T19:14:50Z,143.0,Sense
2025-08-14T19:14:55Z,144.0,Sense
2025-08-14T19:15:00Z,145.0,Sense
2025-08-14T19:15:10Z,144.0,Sense
2025-08-14T19:15:15Z,142.0,Sense
2025-08-14T19:15:20Z,141.0,Sense
2025-08-14T19:15:25Z,142.0,Sense
2025-08-14T19:15:35Z,143.0,Sense
2025-08-14T19:15:40Z,142.0,Sense
2025-08-14T19:15:50Z,143.0,Sense
2025-08-14T19:16:00Z,142.0,Sense
2025-08-14T19:16:15Z,143.0,Sense
2025-08-14T19:16:20Z,142.0,Sense
2025-08-14T19:16:25Z,143.0,Sense
2025-08-14T19:16:30Z,141.0,Sense
2025-08-14T19:16:35Z,143.0,Sense
2025-08-14T19:16:45Z,144.0,Sense
2025-08-14T19:16:50Z,145.0,Sense
2025-08-14T19:16:55Z,144.0,Sense
2025-08-14T19:17:00Z,145.0,Sense
2025-08-14T19:17:10Z,146.0,Sense
2025-08-14T19:17:15Z,145.0,Sense
2025-08-14T19:17:20Z,143.0,Sense
2025-08-14T19:17:30Z,144.0,Sense
2025-08-14T19:17:35Z,143.0,Sense
2025-08-14T19:17:45Z,142.0,Sense
2025-08-14T19:17:50Z,143.0,Sense
2025-08-14T19:17:55Z,142.0,Sense
2025-08-14T19:18:00Z,142.0,Sense
2025-08-14T19:18:05Z,141.0,Sense
2025-08-14T19:18:10Z,143.0,Sense
2025-08-14T19:18:15Z,145.0,Sense
2025-08-14T19:18:20Z,144.0,Sense
2025-08-14T19:18:25Z,142.0,Sense
2025-08-14T19:18:35Z,143.0,Sense
2025-08-14T19:18:50Z,142.0,Sense
2025-08-14T19:18:55Z,143.0,Sense
2025-08-14T19:19:05Z,144.0,Sense
2025-08-14T19:19:15Z,143.0,Sense
2025-08-14T19:19:20Z,142.0,Sense
2025-08-14T19:19:35Z,143.0,Sense
2025-08-14T19:19:45Z,142.0,Sense
2025-08-14T19:19:50Z,143.0,Sense
2025-08-14T19:20:00Z,141.0,Sense
2025-08-14T19:20:05Z,140.0,Sense
2025-08-14T19:20:10Z,142.0,Sense
2025-08-14T19:20:25Z,144.0,Sense
2025-08-14T19:20:35Z,143.0,Sense
2025-08-14T19:20:45Z,143.0,Sense
2025-08-14T19:20:55Z,144.0,Sense
2025-08-14T19:21:00Z,141.0,Sense
2025-08-14T19:21:10Z,143.0,Sense
2025-08-14T19:21:15Z,144.0,Sense
2025-08-14T19:21:20Z,143.0,Sense
2025-08-14T19:21:25Z,145.0,Sense
2025-08-14T19:21:30Z,143.0,Sense
2025-08-14T19:21:35Z,140.0,Sense
2025-08-14T19:21:40Z,142.0,Sense
2025-08-14T19:21:45Z,144.0,Sense
2025-08-14T19:21:50Z,141.0,Sense
2025-08-14T19:21:55Z,140.0,Sense
2025-08-14T19:22:00Z,141.0,Sense
2025-08-14T19:22:05Z,142.0,Sense
2025-08-14T19:22:10Z,140.0,Sense
2025-08-14T19:22:15Z,139.0,Sense
2025-08-14T19:22:20Z,140.0,Sense
2025-08-14T19:22:25Z,141.0,Sense
2025-08-14T19:22:35Z,140.0,Sense
2025-08-14T19:22:40Z,141.0,Sense
2025-08-14T19:22:55Z,141.0,Sense
2025-08-14T19:23:00Z,140.0,Sense
2025-08-14T19:23:05Z,139.0,Sense
2025-08-14T19:23:10Z,140.0,Sense
2025-08-14T19:23:15Z,141.0,Sense
2025-08-14T19:23:25Z,142.0,Sense
2025-08-14T19:23:40Z,142.0,Sense
2025-08-14T19:23:55Z,142.0,Sense
2025-08-14T19:24:00Z,141.0,Sense
2025-08-14T19:24:05Z,142.0,Sense
2025-08-14T19:24:10Z,140.0,Sense
2025-08-14T19:24:15Z,141.0,Sense
2025-08-14T19:24:25Z,142.0,Sense
2025-08-14T19:24:30Z,141.0,Sense
2025-08-14T19:24:35Z,140.0,Sense
2025-08-14T19:24:40Z,142.0,Sense
2025-08-14T19:24:50Z,143.0,Sense
2025-08-14T19:24:55Z,142.0,Sense
2025-08-14T19:25:10Z,141.0,Sense
2025-08-14T19:25:20Z,143.0,Sense
2025-08-14T19:25:25Z,144.0,Sense
2025-08-14T19:25:30Z,142.0,Sense
2025-08-14T19:25:35Z,141.0,Sense
2025-08-14T19:25:45Z,142.0,Sense
2025-08-14T19:25:50Z,143.0,Sense
2025-08-14T19:25:55Z,144.0,Sense
2025-08-14T19:26:00Z,143.0,Sense
2025-08-14T19:26:05Z,142.0,Sense
2025-08-14T19:26:10Z,141.0,Sense
2025-08-14T19:26:15Z,142.0,Sense
2025-08-14T19:26:20Z,143.0,Sense
2025-08-14T19:26:30Z,142.0,Sense
2025-08-14T19:26:35Z,143.0,Sense
2025-08-14T19:26:45Z,142.0,Sense
2025-08-14T19:27:00Z,142.0,Sense
2025-08-14T19:27:05Z,143.0,Sense
2025-08-14T19:27:10Z,144.0,Sense
2025-08-14T19:27:20Z,143.0,Sense
2025-08-14T19:27:25Z,142.0,Sense
2025-08-14T19:27:30Z,143.0,Sense
2025-08-14T19:27:35Z,143.0,Sense
2025-08-14T19:27:40Z,142.0,Sense
2025-08-14T19:27:45Z,141.0,Sense
2025-08-14T19:27:50Z,142.0,Sense
2025-08-14T19:28:00Z,143.0,Sense
2025-08-14T19:28:10Z,141.0,Sense
2025-08-14T19:28:15Z,143.0,Sense
2025-08-14T19:28:20Z,144.0,Sense
2025-08-14T19:28:25Z,143.0,Sense
2025-08-14T19:28:30Z,144.0,Sense
2025-08-14T19:28:35Z,143.0,Sense
2025-08-14T19:28:45Z,144.0,Sense
2025-08-14T19:28:50Z,143.0,Sense
2025-08-14T19:28:55Z,142.0,Sense
2025-08-14T19:29:00Z,143.0,Sense
2025-08-14T19:29:05Z,141.0,Sense
2025-08-14T19:29:10Z,142.0,Sense
2025-08-14T19:29:15Z,143.0,Sense
2025-08-14T19:29:25Z,141.0,Sense
2025-08-14T19:29:35Z,142.0,Sense
2025-08-14T19:29:40Z,143.0,Sense
2025-08-14T19:29:50Z,142.0,Sense
2025-08-14T19:30:05Z,142.0,Sense
2025-08-14T19:30:10Z,143.0,Sense
2025-08-14T19:30:15Z,142.0,Sense
2025-08-14T19:30:25Z,141.0,Sense
2025-08-14T19:30:30Z,142.0,Sense
2025-08-14T19:30:35Z,142.0,Sense
2025-08-14T19:30:40Z,141.0,Sense
2025-08-14T19:30:45Z,140.0,Sense
2025-08-14T19:30:55Z,141.0,Sense
2025-08-14T19:31:05Z,140.0,Sense
2025-08-14T19:31:10Z,141.0,Sense
2025-08-14T19:31:15Z,143.0,Sense
2025-08-14T19:31:25Z,142.0,Sense
2025-08-14T19:31:40Z,142.0,Sense
2025-08-14T19:31:45Z,143.0,Sense
2025-08-14T19:31:55Z,141.0,Sense
2025-08-14T19:32:10Z,143.0,Sense
2025-08-14T19:32:15Z,142.0,Sense
2025-08-14T19:32:20Z,141.0,Sense
2025-08-14T19:32:35Z,142.0,Sense
2025-08-14T19:32:40Z,141.0,Sense
2025-08-14T19:32:55Z,141.0,Sense
2025-08-14T19:33:00Z,142.0,Sense
2025-08-14T19:33:05Z,141.0,Sense
2025-08-14T19:33:15Z,142.0,Sense
2025-08-14T19:33:30Z,142.0,Sense
2025-08-14T19:33:40Z,144.0,Sense
2025-08-14T19:33:55Z,143.0,Sense
2025-08-14T19:34:00Z,142.0,Sense
2025-08-14T19:34:05Z,141.0,Sense
2025-08-14T19:34:10Z,142.0,Sense
2025-08-14T19:34:15Z,143.0,Sense
2025-08-14T19:34:20Z,142.0,Sense
2025-08-14T19:34:25Z,143.0,Sense
2025-08-14T19:34:30Z,141.0,Sense
2025-08-14T19:34:45Z,142.0,Sense
2025-08-14T19:34:50Z,143.0,Sense
2025-08-14T19:35:00Z,141.0,Sense
2025-08-14T19:35:05Z,142.0,Sense
2025-08-14T19:35:20Z,143.0,Sense
2025-08-14T19:35:25Z,142.0,Sense
2025-08-14T19:35:30Z,141.0,Sense
2025-08-14T19:35:35Z,140.0,Sense
2025-08-14T19:35:40Z,142.0,Sense
2025-08-14T19:35:45Z,143.0,Sense
2025-08-14T19:35:52Z,142.0,Sense
2025-08-14T19:35:57Z,137.0,Sense
2025-08-14T19:36:02Z,140.0,Sense
2025-08-14T19:36:07Z,141.0,Sense
2025-08-14T19:36:17Z,142.0,Sense
2025-08-14T19:36:22Z,141.0,Sense
2025-08-14T19:36:32Z,142.0,Sense
2025-08-14T19:36:47Z,140.0,Sense
2025-08-14T19:36:52Z,142.0,Sense
2025-08-14T19:37:02Z,141.0,Sense
2025-08-14T19:37:17Z,141.0,Sense
2025-08-14T19:37:27Z,140.0,Sense
2025-08-14T19:37:32Z,139.0,Sense
2025-08-14T19:37:37Z,141.0,Sense
2025-08-14T19:37:42Z,140.0,Sense
2025-08-14T19:37:47Z,142.0,Sense
2025-08-14T19:37:52Z,141.0,Sense
2025-08-14T19:37:57Z,142.0,Sense
2025-08-14T19:38:02Z,140.0,Sense
2025-08-14T19:38:07Z,141.0,Sense
2025-08-14T19:38:12Z,139.0,Sense
2025-08-14T19:38:17Z,138.0,Sense
2025-08-14T19:38:22Z,140.0,Sense
2025-08-14T19:38:27Z,139.0,Sense
2025-08-14T19:38:37Z,140.0,Sense
2025-08-14T19:38:42Z,141.0,Sense
2025-08-14T19:38:47Z,140.0,Sense
2025-08-14T19:38:52Z,140.0,Sense
2025-08-14T19:38:57Z,139.0,Sense
2025-08-14T19:39:07Z,140.0,Sense
2025-08-14T19:39:12Z,139.0,Sense
2025-08-14T19:39:17Z,140.0,Sense
2025-08-14T19:39:32Z,141.0,Sense
2025-08-14T19:39:42Z,143.0,Sense
2025-08-14T19:39:47Z,142.0,Sense
2025-08-14T19:39:52Z,141.0,Sense
2025-08-14T19:40:07Z,140.0,Sense
2025-08-14T19:40:12Z,139.0,Sense
2025-08-14T19:40:22Z,140.0,Sense
2025-08-14T19:40:27Z,139.0,Sense
2025-08-14T19:40:42Z,140.0,Sense
2025-08-14T19:40:57Z,141.0,Sense
2025-08-14T19:41:02Z,140.0,Sense
2025-08-14T19:41:07Z,139.0,Sense
2025-08-14T19:41:17Z,138.0,Sense
2025-08-14T19:41:22Z,139.0,Sense
2025-08-14T19:41:37Z,140.0,Sense
2025-08-14T19:41:52Z,139.0,Sense
2025-08-14T19:42:02Z,140.0,Sense
2025-08-14T19:42:12Z,139.0,Sense
2025-08-14T19:42:17Z,137.0,Sense
2025-08-14T19:42:22Z,139.0,Sense
2025-08-14T19:42:37Z,139.0,Sense
2025-08-14T19:42:42Z,138.0,Sense
2025-08-14T19:42:47Z,138.0,Sense
2025-08-14T19:42:52Z,140.0,Sense
2025-08-14T19:43:02Z,139.0,Sense
2025-08-14T19:43:07Z,140.0,Sense
2025-08-14T19:43:22Z,139.0,Sense
2025-08-14T19:43:27Z,140.0,Sense
2025-08-14T19:43:32Z,141.0,Sense
2025-08-14T19:43:37Z,140.0,Sense
2025-08-14T19:43:47Z,139.0,Sense
2025-08-14T19:43:57Z,140.0,Sense
2025-08-14T19:44:02Z,141.0,Sense
2025-08-14T19:44:07Z,140.0,Sense
2025-08-14T19:44:12Z,141.0,Sense
2025-08-14T19:44:27Z,141.0,Sense
2025-08-14T19:44:32Z,140.0,Sense
2025-08-14T19:44:37Z,141.0,Sense
2025-08-14T19:44:47Z,139.0,Sense
2025-08-14T19:44:52Z,140.0,Sense
2025-08-14T19:45:02Z,141.0,Sense
2025-08-14T19:45:17Z,141.0,Sense
2025-08-14T19:45:22Z,140.0,Sense
2025-08-14T19:45:37Z,139.0,Sense
2025-08-14T19:45:42Z,140.0,Sense
2025-08-14T19:45:47Z,141.0,Sense
2025-08-14T19:45:52Z,143.0,Sense
2025-08-14T19:45:57Z,141.0,Sense
2025-08-14T19:46:12Z,140.0,Sense
2025-08-14T19:46:17Z,142.0,Sense
2025-08-14T19:46:22Z,141.0,Sense
2025-08-14T19:46:32Z,142.0,Sense
2025-08-14T19:46:37Z,141.0,Sense
2025-08-14T19:46:42Z,139.0,Sense
2025-08-14T19:46:52Z,140.0,Sense
2025-08-14T19:47:07Z,140.0,Sense
2025-08-14T19:47:12Z,141.0,Sense
2025-08-14T19:47:27Z,142.0,Sense
2025-08-14T19:47:32Z,140.0,Sense
2025-08-14T19:47:42Z,141.0,Sense
2025-08-14T19:47:52Z,142.0,Sense
2025-08-14T19:47:57Z,145.0,Sense
2025-08-14T19:48:02Z,141.0,Sense
2025-08-14T19:48:17Z,142.0,Sense
2025-08-14T19:48:27Z,141.0,Sense
2025-08-14T19:48:37Z,140.0,Sense
2025-08-14T19:48:42Z,142.0,Sense
2025-08-14T19:48:47Z,141.0,Sense
2025-08-14T19:48:52Z,140.0,Sense
2025-08-14T19:48:57Z,142.0,Sense
2025-08-14T19:49:02Z,143.0,Sense
2025-08-14T19:49:07Z,142.0,Sense
2025-08-14T19:49:12Z,141.0,Sense
2025-08-14T19:49:17Z,142.0,Sense
2025-08-14T19:49:22Z,141.0,Sense
2025-08-14T19:49:27Z,141.0,Sense
2025-08-14T19:49:32Z,141.0,Sense
2025-08-14T19:49:42Z,142.0,Sense
2025-08-14T19:49:52Z,141.0,Sense
2025-08-14T19:50:07Z,142.0,Sense
2025-08-14T19:50:22Z,141.0,Sense
2025-08-14T19:50:27Z,142.0,Sense
2025-08-14T19:50:32Z,141.0,Sense
2025-08-14T19:50:37Z,143.0,Sense
2025-08-14T19:50:47Z,142.0,Sense
2025-08-14T19:50:57Z,141.0,Sense
2025-08-14T19:51:07Z,143.0,Sense
2025-08-14T19:51:12Z,142.0,Sense
2025-08-14T19:51:22Z,143.0,Sense
2025-08-14T19:51:27Z,141.0,Sense
2025-08-14T19:51:37Z,142.0,Sense
2025-08-14T19:51:47Z,141.0,Sense
2025-08-14T19:51:52Z,142.0,Sense
2025-08-14T19:51:57Z,141.0,Sense
2025-08-14T19:52:02Z,142.0,Sense
2025-08-14T19:52:17Z,143.0,Sense
2025-08-14T19:52:27Z,141.0,Sense
2025-08-14T19:52:32Z,142.0,Sense
2025-08-14T19:52:37Z,141.0,Sense
2025-08-14T19:52:42Z,142.0,Sense
2025-08-14T19:52:47Z,143.0,Sense
2025-08-14T19:53:02Z,141.0,Sense
2025-08-14T19:53:07Z,143.0,Sense
2025-08-14T19:53:12Z,143.0,Sense
2025-08-14T19:53:17Z,141.0,Sense
2025-08-14T19:53:22Z,143.0,Sense
2025-08-14T19:53:32Z,141.0,Sense
2025-08-14T19:53:37Z,143.0,Sense
2025-08-14T19:53:52Z,143.0,Sense
2025-08-14T19:54:07Z,142.0,Sense
2025-08-14T19:54:12Z,141.0,Sense
2025-08-14T19:54:17Z,140.0,Sense
2025-08-14T19:54:22Z,142.0,Sense
2025-08-14T19:54:27Z,140.0,Sense
2025-08-14T19:54:32Z,141.0,Sense
2025-08-14T19:54:47Z,142.0,Sense
2025-08-14T19:54:52Z,144.0,Sense
2025-08-14T19:54:57Z,143.0,Sense
2025-08-14T19:55:07Z,142.0,Sense
2025-08-14T19:55:22Z,140.0,Sense
2025-08-14T19:55:27Z,141.0,Sense
2025-08-14T19:55:32Z,142.0,Sense
2025-08-14T19:55:37Z,145.0,Sense
2025-08-14T19:55:42Z,144.0,Sense
2025-08-14T19:55:47Z,142.0,Sense
2025-08-14T19:55:52Z,141.0,Sense
2025-08-14T19:55:57Z,140.0,Sense
2025-08-14T19:56:02Z,142.0,Sense
2025-08-14T19:56:12Z,143.0,Sense
2025-08-14T19:56:17Z,140.0,Sense
2025-08-14T19:56:22Z,140.0,Sense
2025-08-14T19:56:27Z,144.0,Sense
2025-08-14T19:56:32Z,144.0,Sense
2025-08-14T19:56:37Z,141.0,Sense
2025-08-14T19:56:52Z,140.0,Sense
2025-08-14T19:56:57Z,139.0,Sense
2025-08-14T19:57:07Z,142.0,Sense
2025-08-14T19:57:12Z,141.0,Sense
2025-08-14T19:57:17Z,140.0,Sense
2025-08-14T19:57:22Z,141.0,Sense
2025-08-14T19:57:27Z,140.0,Sense
2025-08-14T19:57:37Z,143.0,Sense
2025-08-14T19:57:42Z,142.0,Sense
2025-08-14T19:57:57Z,142.0,Sense
2025-08-14T19:58:02Z,141.0,Sense
2025-08-14T19:58:07Z,140.0,Sense
2025-08-14T19:58:12Z,141.0,Sense
2025-08-14T19:58:17Z,140.0,Sense
2025-08-14T19:58:27Z,139.0,Sense
2025-08-14T19:58:37Z,138.0,Sense
2025-08-14T19:58:47Z,139.0,Sense
2025-08-14T19:58:52Z,140.0,Sense
2025-08-14T19:58:57Z,141.0,Sense
2025-08-14T19:59:12Z,139.0,Sense
2025-08-14T19:59:27Z,141.0,Sense
2025-08-14T19:59:32Z,140.0,Sense
2025-08-14T19:59:47Z,139.0,Sense
2025-08-14T19:59:52Z,138.0,Sense
2025-08-14T19:59:57Z,139.0,Sense
2025-08-14T20:00:12Z,140.0,Sense
2025-08-14T20:00:17Z,141.0,Sense
2025-08-14T20:00:22Z,140.0,Sense
2025-08-14T20:00:27Z,138.0,Sense
2025-08-14T20:00:37Z,139.0,Sense
2025-08-14T20:00:42Z,138.0,Sense
2025-08-14T20:00:52Z,139.0,Sense
2025-08-14T20:01:07Z,139.0,Sense
2025-08-14T20:01:12Z,140.0,Sense
2025-08-14T20:01:27Z,140.0,Sense
2025-08-14T20:01:32Z,141.0,Sense
2025-08-14T20:01:47Z,141.0,Sense
2025-08-14T20:01:52Z,142.0,Sense
2025-08-14T20:01:57Z,141.0,Sense
2025-08-14T20:02:02Z,142.0,Sense
2025-08-14T20:02:07Z,143.0,Sense
2025-08-14T20:02:22Z,141.0,Sense
2025-08-14T20:02:32Z,142.0,Sense
2025-08-14T20:02:47Z,142.0,Sense
2025-08-14T20:02:52Z,143.0,Sense
2025-08-14T20:02:57Z,142.0,Sense
2025-08-14T20:03:02Z,140.0,Sense
2025-08-14T20:03:07Z,139.0,Sense
2025-08-14T20:03:12Z,141.0,Sense
2025-08-14T20:03:17Z,140.0,Sense
2025-08-14T20:03:22Z,139.0,Sense
2025-08-14T20:03:37Z,139.0,Sense
2025-08-14T20:03:42Z,140.0,Sense
2025-08-14T20:03:57Z,140.0,Sense
2025-08-14T20:04:07Z,140.0,Sense
2025-08-14T20:04:12Z,141.0,Sense
2025-08-14T20:04:17Z,142.0,Sense
2025-08-14T20:04:27Z,141.0,Sense
2025-08-14T20:04:32Z,143.0,Sense
2025-08-14T20:04:42Z,142.0,Sense
2025-08-14T20:04:52Z,142.0,Sense
2025-08-14T20:04:57Z,143.0,Sense
2025-08-14T20:05:07Z,141.0,Sense
2025-08-14T20:05:12Z,140.0,Sense
2025-08-14T20:05:17Z,139.0,Sense
2025-08-14T20:05:27Z,138.0,Sense
2025-08-14T20:05:32Z,137.0,Sense
2025-08-14T20:05:37Z,138.0,Sense
2025-08-14T20:05:47Z,137.0,Sense
2025-08-14T20:05:52Z,136.0,Sense
2025-08-14T20:05:57Z,138.0,Sense
2025-08-14T20:06:07Z,139.0,Sense
2025-08-14T20:06:22Z,138.0,Sense
2025-08-14T20:06:27Z,139.0,Sense
2025-08-14T20:06:32Z,135.0,Sense
2025-08-14T20:06:37Z,125.0,Sense
2025-08-14T20:06:42Z,121.0,Sense
2025-08-14T20:06:52Z,124.0,Sense
2025-08-14T20:06:57Z,130.0,Sense
2025-08-14T20:07:02Z,138.0,Sense
2025-08-14T20:07:07Z,137.0,Sense
2025-08-14T20:07:12Z,138.0,Sense
2025-08-14T20:07:17Z,140.0,Sense
2025-08-14T20:07:22Z,141.0,Sense
2025-08-14T20:07:27Z,142.0,Sense
2025-08-14T20:07:32Z,141.0,Sense
2025-08-14T20:07:47Z,143.0,Sense
2025-08-14T20:08:02Z,143.0,Sense
2025-08-14T20:08:07Z,142.0,Sense
2025-08-14T20:08:12Z,141.0,Sense
2025-08-14T20:08:17Z,138.0,Sense
2025-08-14T20:08:22Z,132.0,Sense
2025-08-14T20:08:27Z,132.0,Sense
2025-08-14T20:08:32Z,136.0,Sense
2025-08-14T20:08:37Z,140.0,Sense
2025-08-14T20:08:47Z,140.0,Sense
2025-08-14T20:08:52Z,141.0,Sense
2025-08-14T20:08:57Z,140.0,Sense
2025-08-14T20:09:07Z,139.0,Sense
2025-08-14T20:09:17Z,140.0,Sense
2025-08-14T20:09:32Z,140.0,Sense
2025-08-14T20:09:37Z,141.0,Sense
2025-08-14T20:09:42Z,140.0,Sense
2025-08-14T20:09:52Z,139.0,Sense
2025-08-14T20:10:07Z,142.0,Sense
2025-08-14T20:10:12Z,141.0,Sense
2025-08-14T20:10:27Z,140.0,Sense
2025-08-14T20:10:32Z,139.0,Sense
2025-08-14T20:10:37Z,140.0,Sense
2025-08-14T20:10:42Z,139.0,Sense
2025-08-14T20:10:47Z,140.0,Sense
2025-08-14T20:10:57Z,139.0,Sense
2025-08-14T20:11:02Z,135.0,Sense
2025-08-14T20:11:07Z,134.0,Sense
2025-08-14T20:11:12Z,129.0,Sense
2025-08-14T20:11:17Z,139.0,Sense
2025-08-14T20:11:22Z,137.0,Sense
2025-08-14T20:11:27Z,138.0,Sense
2025-08-14T20:11:32Z,136.0,Sense
2025-08-14T20:11:37Z,135.0,Sense
2025-08-14T20:11:47Z,135.0,Sense
2025-08-14T20:11:52Z,138.0,Sense
2025-08-14T20:11:57Z,140.0,Sense
2025-08-14T20:12:02Z,139.0,Sense
2025-08-14T20:12:12Z,138.0,Sense
2025-08-14T20:12:17Z,135.0,Sense
2025-08-14T20:12:27Z,136.0,Sense
2025-08-14T20:12:32Z,141.0,Sense
2025-08-14T20:12:37Z,141.0,Sense
2025-08-14T20:12:52Z,139.0,Sense
2025-08-14T20:12:57Z,138.0,Sense
2025-08-14T20:13:02Z,139.0,Sense
2025-08-14T20:13:07Z,142.0,Sense
2025-08-14T20:13:17Z,140.0,Sense
2025-08-14T20:13:22Z,138.0,Sense
2025-08-14T20:13:27Z,141.0,Sense
2025-08-14T20:13:32Z,143.0,Sense
2025-08-14T20:13:47Z,144.0,Sense
2025-08-14T20:13:52Z,141.0,Sense
2025-08-14T20:13:57Z,139.0,Sense
2025-08-14T20:14:02Z,140.0,Sense
2025-08-14T20:14:07Z,141.0,Sense
2025-08-14T20:14:22Z,141.0,Sense
2025-08-14T20:14:27Z,140.0,Sense
2025-08-14T20:14:32Z,142.0,Sense
2025-08-14T20:14:37Z,141.0,Sense
2025-08-14T20:14:42Z,140.0,Sense
2025-08-14T20:14:47Z,141.0,Sense
2025-08-14T20:14:52Z,142.0,Sense
2025-08-14T20:15:02Z,141.0,Sense
2025-08-14T20:15:07Z,137.0,Sense
2025-08-14T20:15:12Z,132.0,Sense
2025-08-14T20:15:17Z,126.0,Sense
2025-08-14T20:15:22Z,123.0,Sense
2025-08-14T20:15:27Z,116.0,Sense
2025-08-14T20:15:32Z,110.0,Sense
2025-08-14T20:15:37Z,113.0,Sense
2025-08-14T20:15:42Z,115.0,Sense
2025-08-14T20:15:47Z,112.0,Sense
2025-08-14T20:15:52Z,106.0,Sense
2025-08-14T20:15:57Z,103.0,Sense
2025-08-14T20:16:02Z,105.0,Sense
2025-08-14T20:16:07Z,104.0,Sense
2025-08-14T20:16:12Z,102.0,Sense
2025-08-14T20:16:17Z,98.0,Sense
2025-08-14T20:16:22Z,97.0,Sense
2025-08-14T20:16:32Z,95.0,Sense
2025-08-14T20:16:37Z,90.0,Sense
2025-08-14T20:16:42Z,85.0,Sense
2025-08-14T20:16:47Z,81.0,Sense
2025-08-14T20:16:52Z,78.0,Sense
2025-08-14T20:16:57Z,70.0,Sense
2025-08-14T20:17:02Z,69.0,Sense
2025-08-14T20:17:12Z,71.0,Sense
2025-08-14T20:17:17Z,72.0,Sense
2025-08-14T20:17:22Z,71.0,Sense
2025-08-14T20:17:27Z,70.0,Sense
2025-08-14T20:17:42Z,71.0,Sense
2025-08-14T20:17:47Z,70.0,Sense
2025-08-14T20:17:52Z,75.0,Sense
2025-08-14T20:17:57Z,79.0,Sense
2025-08-14T20:18:02Z,78.0,Sense
2025-08-14T20:18:07Z,79.0,Sense
2025-08-14T20:18:12Z,80.0,Sense
2025-08-14T20:18:17Z,78.0,Sense
2025-08-14T20:18:32Z,78.0,Sense
2025-08-14T20:18:37Z,97.0,Sense
2025-08-14T20:18:42Z,99.0,Sense
2025-08-14T20:18:57Z,99.0,Sense
2025-08-14T20:19:02Z,98.0,Sense
2025-08-14T20:19:07Z,97.0,Sense
2025-08-14T20:19:12Z,96.0,Sense
2025-08-14T20:19:17Z,94.0,Sense
2025-08-14T20:19:22Z,91.0,Sense
2025-08-14T20:19:27Z,88.0,Sense
2025-08-14T20:19:32Z,92.0,Sense
2025-08-14T20:19:42Z,91.0,Sense
2025-08-14T20:19:52Z,90.0,Sense
2025-08-14T20:19:57Z,84.0,Sense
2025-08-14T20:20:02Z,76.0,Sense
2025-08-14T20:20:07Z,77.0,Sense
2025-08-14T20:20:12Z,78.0,Sense
2025-08-14T20:20:22Z,79.0,Sense
2025-08-14T20:20:27Z,79.0,Sense
2025-08-14T20:20:32Z,81.0,Sense
2025-08-14T20:20:37Z,82.0,Sense
2025-08-14T20:20:42Z,83.0,Sense
2025-08-14T20:20:47Z,85.0,Sense
2025-08-14T20:20:57Z,86.0,Sense
2025-08-14T20:21:02Z,87.0,Sense
2025-08-14T20:21:12Z,88.0,Sense
2025-08-14T20:21:17Z,89.0,Sense
2025-08-14T20:21:22Z,90.0,Sense
2025-08-14T20:21:27Z,91.0,Sense
2025-08-14T20:21:42Z,92.0,Sense
2025-08-14T20:21:47Z,94.0,Sense
2025-08-14T20:21:52Z,95.0,Sense
2025-08-14T20:21:57Z,96.0,Sense
2025-08-14T20:22:07Z,97.0,Sense
2025-08-14T20:22:12Z,100.0,Sense
2025-08-14T20:22:17Z,101.0,Sense
2025-08-14T20:22:22Z,100.0,Sense
2025-08-14T20:22:37Z,99.0,Sense
2025-08-14T20:22:47Z,98.0,Sense
2025-08-14T20:22:52Z,97.0,Sense
2025-08-14T20:22:57Z,98.0,Sense
2025-08-14T20:23:02Z,99.0,Sense
2025-08-14T20:23:12Z,96.0,Sense
2025-08-14T20:23:27Z,97.0,Sense
2025-08-14T20:23:32Z,97.0,Sense
2025-08-14T20:23:47Z,97.0,Sense
2025-08-14T20:23:52Z,98.0,Sense
2025-08-14T20:23:57Z,97.0,Sense
2025-08-14T20:24:12Z,97.0,Sense
2025-08-14T20:24:17Z,97.0,Sense
2025-08-14T20:24:22Z,96.0,Sense
2025-08-14T20:24:27Z,97.0,Sense
2025-08-14T20:24:32Z,98.0,Sense
2025-08-14T20:24:42Z,99.0,Sense
2025-08-14T20:24:47Z,100.0,Sense
2025-08-14T20:24:52Z,101.0,Sense
2025-08-14T20:25:02Z,101.0,Sense
2025-08-14T20:25:12Z,97.0,Sense
2025-08-14T20:25:17Z,96.0,Sense
2025-08-14T20:25:22Z,108.0,Sense
2025-08-14T20:25:27Z,112.0,Sense
2025-08-14T20:25:37Z,111.0,Sense
2025-08-14T20:25:42Z,99.0,Sense
2025-08-14T20:25:47Z,96.0,Sense
2025-08-14T20:25:52Z,98.0,Sense
2025-08-14T20:25:57Z,99.0,Sense
2025-08-14T20:26:02Z,98.0,Sense
2025-08-14T20:26:07Z,96.0,Sense
2025-08-14T20:26:12Z,94.0,Sense
2025-08-14T20:26:22Z,95.0,Sense
2025-08-14T20:26:27Z,96.0,Sense
2025-08-14T20:26:32Z,96.0,Sense
2025-08-14T20:26:42Z,98.0,Sense
2025-08-14T20:26:52Z,99.0,Sense
2025-08-14T20:26:57Z,98.0,Sense
2025-08-14T20:27:12Z,98.0,Sense
2025-08-14T20:27:17Z,99.0,Sense
2025-08-14T20:27:32Z,98.0,Sense
2025-08-14T20:27:37Z,97.0,Sense
2025-08-14T20:27:42Z,96.0,Sense
2025-08-14T20:27:52Z,97.0,Sense
2025-08-14T20:27:57Z,98.0,Sense
2025-08-14T20:28:07Z,97.0,Sense
2025-08-14T20:28:12Z,96.0,Sense
2025-08-14T20:28:17Z,92.0,Sense
2025-08-14T20:28:32Z,92.0,Sense
2025-08-14T20:28:42Z,92.0,Sense
2025-08-14T20:28:57Z,92.0,Sense
2025-08-14T20:29:02Z,94.0,Sense
2025-08-14T20:29:17Z,94.0,Sense
2025-08-14T20:29:22Z,95.0,Sense
2025-08-14T20:29:27Z,95.0,Sense
2025-08-14T20:29:32Z,94.0,Sense
2025-08-14T20:29:42Z,93.0,Sense
2025-08-14T20:29:52Z,92.0,Sense
2025-08-14T20:30:02Z,93.0,Sense
2025-08-14T20:30:17Z,95.0,Sense
2025-08-14T20:30:22Z,93.0,Sense
2025-08-14T20:30:32Z,105.0,Sense
2025-08-14T20:30:37Z,135.0,Sense
2025-08-14T20:30:47Z,134.0,Sense
2025-08-14T20:30:52Z,135.0,Sense
2025-08-14T20:30:57Z,131.0,Sense
2025-08-14T20:31:02Z,127.0,Sense
2025-08-14T20:31:07Z,126.0,Sense
2025-08-14T20:31:22Z,124.0,Sense
2025-08-14T20:31:27Z,121.0,Sense
2025-08-14T20:31:32Z,119.0,Sense
2025-08-14T20:31:37Z,116.0,Sense
2025-08-14T20:31:47Z,111.0,Sense
2025-08-14T20:31:52Z,104.0,Sense
2025-08-14T20:31:57Z,103.0,Sense
2025-08-14T20:32:02Z,102.0,Sense
2025-08-14T20:32:07Z,99.0,Sense
2025-08-14T20:32:12Z,94.0,Sense
2025-08-14T20:32:27Z,94.0,Sense
2025-08-14T20:32:32Z,95.0,Sense
2025-08-14T20:32:37Z,112.0,Sense
2025-08-14T20:32:42Z,124.0,Sense
2025-08-14T20:32:47Z,122.0,Sense
2025-08-14T20:32:52Z,120.0,Sense
2025-08-14T20:32:57Z,116.0,Sense
2025-08-14T20:33:02Z,115.0,Sense
2025-08-14T20:33:07Z,115.0,Sense
2025-08-14T20:33:12Z,113.0,Sense
2025-08-14T20:33:17Z,130.0,Sense
2025-08-14T20:33:22Z,134.0,Sense
2025-08-14T20:33:37Z,134.0,Sense
2025-08-14T20:33:47Z,133.0,Sense
2025-08-14T20:33:52Z,132.0,Sense
2025-08-14T20:33:57Z,137.0,Sense
2025-08-14T20:34:02Z,144.0,Sense
2025-08-14T20:34:07Z,143.0,Sense
2025-08-14T20:34:12Z,142.0,Sense
2025-08-14T20:34:17Z,141.0,Sense
2025-08-14T20:34:22Z,145.0,Sense
2025-08-14T20:34:27Z,144.0,Sense
2025-08-14T20:34:32Z,145.0,Sense
2025-08-14T20:34:37Z,149.0,Sense
2025-08-14T20:34:42Z,144.0,Sense
2025-08-14T20:34:47Z,138.0,Sense
2025-08-14T20:34:52Z,131.0,Sense
2025-08-14T20:34:57Z,130.0,Sense
2025-08-14T20:35:02Z,129.0,Sense
2025-08-14T20:35:07Z,131.0,Sense
2025-08-14T20:35:12Z,128.0,Sense
2025-08-14T20:35:17Z,125.0,Sense
2025-08-14T20:35:22Z,119.0,Sense
2025-08-14T20:35:27Z,110.0,Sense
2025-08-14T20:35:32Z,102.0,Sense
2025-08-14T20:35:37Z,97.0,Sense
2025-08-14T20:35:42Z,100.0,Sense
2025-08-14T20:35:47Z,103.0,Sense
2025-08-14T20:35:52Z,104.0,Sense
2025-08-14T20:35:57Z,106.0,Sense
2025-08-14T20:36:02Z,103.0,Sense
2025-08-14T20:36:07Z,107.0,Sense
2025-08-14T20:36:17Z,108.0,Sense
2025-08-14T20:36:22Z,106.0,Sense
2025-08-14T20:36:27Z,104.0,Sense
2025-08-14T20:36:37Z,105.0,Sense
2025-08-14T20:36:42Z,106.0,Sense
2025-08-14T20:36:47Z,106.0,Sense
2025-08-14T20:37:02Z,107.0,Sense
2025-08-14T20:37:07Z,108.0,Sense
2025-08-14T20:37:17Z,105.0,Sense
2025-08-14T20:37:22Z,100.0,Sense
2025-08-14T20:37:27Z,101.0,Sense
2025-08-14T20:37:32Z,98.0,Sense
2025-08-14T20:37:47Z,99.0,Sense
2025-08-14T20:37:52Z,97.0,Sense
2025-08-14T20:38:07Z,95.0,Sense
2025-08-14T20:38:12Z,88.0,Sense
2025-08-14T20:38:17Z,89.0,Sense
2025-08-14T20:38:22Z,94.0,Sense
2025-08-14T20:38:27Z,95.0,Sense
2025-08-14T20:38:42Z,94.0,Sense
2025-08-14T20:38:57Z,89.0,Sense
2025-08-14T20:39:02Z,83.0,Sense
2025-08-14T20:39:07Z,77.0,Sense
2025-08-14T20:39:12Z,74.0,Sense
2025-08-14T20:39:27Z,72.0,Sense
2025-08-14T20:39:32Z,69.0,Sense
2025-08-14T20:39:37Z,68.0,Sense
2025-08-14T20:39:42Z,69.0,Sense
2025-08-14T20:39:47Z,70.0,Sense
2025-08-14T20:39:52Z,71.0,Sense
2025-08-14T20:39:57Z,73.0,Sense
2025-08-14T20:40:02Z,75.0,Sense
2025-08-14T20:40:07Z,77.0,Sense
2025-08-14T20:40:12Z,79.0,Sense
2025-08-14T20:40:17Z,80.0,Sense
2025-08-14T20:40:22Z,81.0,Sense
2025-08-14T20:40:27Z,82.0,Sense
2025-08-14T20:40:32Z,83.0,Sense
2025-08-14T20:40:37Z,85.0,Sense
2025-08-14T20:40:42Z,89.0,Sense
2025-08-14T20:40:47Z,90.0,Sense
2025-08-14T20:40:57Z,90.0,Sense
2025-08-14T20:41:02Z,91.0,Sense
2025-08-14T20:41:07Z,91.0,Sense
2025-08-14T20:41:12Z,92.0,Sense
2025-08-14T20:41:17Z,93.0,Sense
2025-08-14T20:41:22Z,94.0,Sense
2025-08-14T20:41:32Z,93.0,Sense
2025-08-14T20:41:37Z,94.0,Sense
2025-08-14T20:41:47Z,93.0,Sense
2025-08-14T20:41:52Z,94.0,Sense
2025-08-14T20:41:57Z,93.0,Sense
2025-08-14T20:42:02Z,92.0,Sense
2025-08-14T20:42:07Z,93.0,Sense
2025-08-14T20:42:12Z,99.0,Sense
2025-08-14T20:42:22Z,98.0,Sense
2025-08-14T20:42:37Z,98.0,Sense
2025-08-14T20:42:52Z,99.0,Sense
2025-08-14T20:43:02Z,100.0,Sense
2025-08-14T20:43:07Z,101.0,Sense
2025-08-14T20:43:12Z,102.0,Sense
2025-08-14T20:43:17Z,101.0,Sense
2025-08-14T20:43:32Z,101.0,Sense
2025-08-14T20:43:42Z,100.0,Sense
2025-08-14T20:43:47Z,99.0,Sense
2025-08-14T20:43:52Z,100.0,Sense
2025-08-14T20:44:02Z,99.0,Sense
2025-08-14T20:44:17Z,98.0,Sense
2025-08-14T20:44:22Z,97.0,Sense
2025-08-14T20:44:32Z,97.0,Sense
2025-08-14T20:44:37Z,96.0,Sense
2025-08-14T20:44:42Z,95.0,Sense
2025-08-14T20:44:47Z,94.0,Sense
2025-08-14T20:44:57Z,95.0,Sense
2025-08-14T20:45:12Z,96.0,Sense
2025-08-14T20:45:22Z,95.0,Sense
2025-08-14T20:45:27Z,94.0,Sense
2025-08-14T20:45:32Z,95.0,Sense
2025-08-14T20:45:37Z,96.0,Sense
2025-08-14T20:45:42Z,97.0,Sense
2025-08-14T20:45:57Z,97.0,Sense
2025-08-14T20:46:02Z,98.0,Sense
2025-08-14T20:46:07Z,99.0,Sense
2025-08-14T20:46:12Z,98.0,Sense
2025-08-14T20:46:22Z,99.0,Sense
2025-08-14T20:46:32Z,100.0,Sense
2025-08-14T20:46:37Z,101.0,Sense
2025-08-14T20:46:52Z,101.0,Sense
2025-08-14T20:47:07Z,100.0,Sense
2025-08-14T20:47:12Z,101.0,Sense
2025-08-14T20:47:17Z,102.0,Sense
2025-08-14T20:47:22Z,101.0,Sense
2025-08-14T20:47:37Z,118.0,Sense
2025-08-14T20:47:42Z,123.0,Sense
2025-08-14T20:47:47Z,125.0,Sense
2025-08-14T20:47:52Z,126.0,Sense
2025-08-14T20:47:57Z,124.0,Sense
2025-08-14T20:48:02Z,119.0,Sense
2025-08-14T20:48:07Z,115.0,Sense
2025-08-14T20:48:12Z,112.0,Sense
2025-08-14T20:48:17Z,106.0,Sense
2025-08-14T20:48:22Z,103.0,Sense
2025-08-14T20:48:27Z,95.0,Sense
2025-08-14T20:48:32Z,96.0,Sense
2025-08-14T20:48:37Z,100.0,Sense
2025-08-14T20:48:42Z,101.0,Sense
2025-08-14T20:48:47Z,99.0,Sense
2025-08-14T20:48:52Z,96.0,Sense
2025-08-14T20:48:57Z,95.0,Sense
2025-08-14T20:49:02Z,92.0,Sense
2025-08-14T20:49:07Z,91.0,Sense
2025-08-14T20:49:12Z,92.0,Sense
2025-08-14T20:49:17Z,89.0,Sense
2025-08-14T20:49:22Z,85.0,Sense
2025-08-14T20:49:27Z,84.0,Sense
2025-08-14T20:49:42Z,73.0,Sense
2025-08-14T20:49:47Z,74.0,Sense
2025-08-14T20:49:52Z,76.0,Sense
2025-08-14T20:49:57Z,77.0,Sense
2025-08-14T20:50:02Z,78.0,Sense
2025-08-14T20:50:07Z,79.0,Sense
2025-08-14T20:50:12Z,81.0,Sense
2025-08-14T20:50:17Z,83.0,Sense
2025-08-14T20:50:22Z,84.0,Sense
2025-08-14T20:50:27Z,85.0,Sense
2025-08-14T20:50:37Z,86.0,Sense
2025-08-14T20:50:42Z,87.0,Sense
2025-08-14T20:50:47Z,88.0,Sense
2025-08-14T20:50:57Z,89.0,Sense
2025-08-14T20:51:07Z,90.0,Sense
2025-08-14T20:51:17Z,91.0,Sense
2025-08-14T20:51:22Z,92.0,Sense
2025-08-14T20:51:27Z,93.0,Sense
2025-08-14T20:51:32Z,94.0,Sense
2025-08-14T20:51:37Z,91.0,Sense
2025-08-14T20:51:42Z,90.0,Sense
2025-08-14T20:51:47Z,91.0,Sense
2025-08-14T20:51:57Z,90.0,Sense
2025-08-14T20:52:02Z,91.0,Sense
2025-08-14T20:52:07Z,92.0,Sense
2025-08-14T20:52:22Z,93.0,Sense
2025-08-14T20:52:27Z,93.0,Sense
2025-08-14T20:52:42Z,93.0,Sense
2025-08-14T20:52:47Z,94.0,Sense
2025-08-14T20:52:52Z,95.0,Sense
2025-08-14T20:52:57Z,96.0,Sense
2025-08-14T20:53:12Z,96.0,Sense
2025-08-14T20:53:17Z,97.0,Sense
2025-08-14T20:53:22Z,99.0,Sense
2025-08-14T20:53:37Z,99.0,Sense
2025-08-14T20:53:42Z,105.0,Sense
2025-08-14T20:53:47Z,106.0,Sense
2025-08-14T20:53:52Z,103.0,Sense
2025-08-14T20:53:57Z,104.0,Sense
2025-08-14T20:54:02Z,105.0,Sense
2025-08-14T20:54:07Z,104.0,Sense
2025-08-14T20:54:12Z,102.0,Sense
2025-08-14T20:54:17Z,100.0,Sense
2025-08-14T20:54:22Z,100.0,Sense
2025-08-14T20:54:27Z,102.0,Sense
2025-08-14T20:54:37Z,100.0,Sense
2025-08-14T20:54:47Z,99.0,Sense
2025-08-14T20:55:02Z,99.0,Sense
2025-08-14T20:55:17Z,99.0,Sense
2025-08-14T20:55:32Z,98.0,Sense
2025-08-14T20:55:37Z,97.0,Sense
2025-08-14T20:55:42Z,99.0,Sense
2025-08-14T20:55:47Z,100.0,Sense
2025-08-14T20:55:52Z,101.0,Sense
2025-08-14T20:56:02Z,100.0,Sense
2025-08-14T20:56:07Z,99.0,Sense
2025-08-14T20:56:12Z,93.0,Sense
2025-08-14T20:56:22Z,94.0,Sense
2025-08-14T20:56:32Z,101.0,Sense
2025-08-14T20:56:37Z,108.0,Sense
2025-08-14T20:56:42Z,107.0,Sense
2025-08-14T20:56:47Z,105.0,Sense
2025-08-14T20:56:52Z,102.0,Sense
2025-08-14T20:56:57Z,101.0,Sense
2025-08-14T20:57:02Z,100.0,Sense
2025-08-14T20:57:12Z,99.0,Sense
2025-08-14T20:57:17Z,98.0,Sense
2025-08-14T20:57:32Z,99.0,Sense
2025-08-14T20:57:37Z,100.0,Sense
2025-08-14T20:57:47Z,101.0,Sense
2025-08-14T20:57:52Z,103.0,Sense
2025-08-14T20:57:57Z,102.0,Sense
2025-08-14T20:58:07Z,103.0,Sense
2025-08-14T20:58:17Z,104.0,Sense
2025-08-14T20:58:22Z,105.0,Sense
2025-08-14T20:58:32Z,103.0,Sense
2025-08-14T20:58:37Z,97.0,Sense
2025-08-14T20:58:42Z,96.0,Sense
2025-08-14T20:58:52Z,95.0,Sense
2025-08-14T20:59:07Z,94.0,Sense
2025-08-14T20:59:22Z,93.0,Sense
2025-08-14T20:59:37Z,94.0,Sense
2025-08-14T20:59:42Z,95.0,Sense
2025-08-14T20:59:47Z,94.0,Sense
2025-08-14T21:00:02Z,95.0,Sense
2025-08-14T21:00:12Z,93.0,Sense
2025-08-14T21:00:17Z,95.0,Sense
2025-08-14T21:00:32Z,95.0,Sense
2025-08-14T21:00:37Z,96.0,Sense
2025-08-14T21:00:42Z,96.0,Sense
2025-08-14T21:00:57Z,97.0,Sense
2025-08-14T21:01:02Z,98.0,Sense
2025-08-14T21:01:07Z,99.0,Sense
2025-08-14T21:01:12Z,100.0,Sense
2025-08-14T21:01:27Z,99.0,Sense
2025-08-14T21:01:32Z,98.0,Sense
2025-08-14T21:01:42Z,97.0,Sense
2025-08-14T21:01:47Z,96.0,Sense
2025-08-14T21:01:52Z,95.0,Sense
2025-08-14T21:02:07Z,95.0,Sense
2025-08-14T21:02:17Z,94.0,Sense
2025-08-14T21:02:32Z,94.0,Sense
2025-08-14T21:02:42Z,93.0,Sense
2025-08-14T21:02:47Z,104.0,Sense
2025-08-14T21:02:52Z,98.0,Sense
2025-08-14T21:03:07Z,98.0,Sense
2025-08-14T21:03:12Z,98.0,Sense
2025-08-14T21:03:17Z,97.0,Sense
2025-08-14T21:03:22Z,98.0,Sense
2025-08-14T21:03:32Z,99.0,Sense
2025-08-14T21:03:37Z,100.0,Sense
2025-08-14T21:03:47Z,101.0,Sense
2025-08-14T21:03:52Z,102.0,Sense
2025-08-14T21:03:57Z,101.0,Sense
2025-08-14T21:04:02Z,100.0,Sense
2025-08-14T21:04:07Z,99.0,Sense
2025-08-14T21:04:12Z,100.0,Sense
2025-08-14T21:04:17Z,101.0,Sense
2025-08-14T21:04:22Z,100.0,Sense
2025-08-14T21:04:27Z,101.0,Sense
2025-08-14T21:04:32Z,102.0,Sense
2025-08-14T21:04:37Z,103.0,Sense
2025-08-14T21:04:47Z,102.0,Sense
2025-08-14T21:04:52Z,101.0,Sense
2025-08-14T21:04:57Z,99.0,Sense
2025-08-14T21:05:02Z,98.0,Sense
2025-08-14T21:05:07Z,97.0,Sense
2025-08-14T21:05:17Z,96.0,Sense
2025-08-14T21:05:22Z,97.0,Sense
2025-08-14T21:05:27Z,99.0,Sense
2025-08-14T21:05:32Z,98.0,Sense
2025-08-14T21:05:37Z,97.0,Sense
2025-08-14T21:05:42Z,96.0,Sense
2025-08-14T21:05:57Z,95.0,Sense
2025-08-14T21:06:02Z,96.0,Sense
2025-08-14T21:06:07Z,97.0,Sense
2025-08-14T21:06:12Z,96.0,Sense
2025-08-14T21:06:27Z,98.0,Sense
2025-08-14T21:06:42Z,98.0,Sense
2025-08-14T21:06:52Z,121.0,Sense
2025-08-14T21:06:57Z,131.0,Sense
2025-08-14T21:07:07Z,130.0,Sense
2025-08-14T21:07:12Z,130.0,Sense
2025-08-14T21:07:27Z,129.0,Sense
2025-08-14T21:07:32Z,123.0,Sense
2025-08-14T21:07:37Z,115.0,Sense
2025-08-14T21:07:42Z,108.0,Sense
2025-08-14T21:07:47Z,101.0,Sense
2025-08-14T21:07:52Z,98.0,Sense
2025-08-14T21:07:57Z,99.0,Sense
2025-08-14T21:08:02Z,96.0,Sense
2025-08-14T21:08:07Z,91.0,Sense
2025-08-14T21:08:22Z,89.0,Sense
2025-08-14T21:08:32Z,93.0,Sense
2025-08-14T21:08:37Z,96.0,Sense
2025-08-14T21:08:47Z,94.0,Sense
2025-08-14T21:08:57Z,91.0,Sense
2025-08-14T21:09:07Z,89.0,Sense
2025-08-14T21:09:12Z,84.0,Sense
2025-08-14T21:09:22Z,85.0,Sense
2025-08-14T21:09:32Z,86.0,Sense
2025-08-14T21:09:37Z,87.0,Sense
2025-08-14T21:09:42Z,88.0,Sense
2025-08-14T21:09:47Z,89.0,Sense
2025-08-14T21:09:52Z,90.0,Sense
2025-08-14T21:09:57Z,90.0,Sense
2025-08-14T21:10:02Z,91.0,Sense
2025-08-14T21:10:12Z,92.0,Sense
2025-08-14T21:10:17Z,93.0,Sense
2025-08-14T21:10:22Z,92.0,Sense
2025-08-14T21:10:27Z,93.0,Sense
2025-08-14T21:10:32Z,94.0,Sense
2025-08-14T21:10:47Z,94.0,Sense
2025-08-14T21:10:52Z,95.0,Sense
2025-08-14T21:10:57Z,94.0,Sense
2025-08-14T21:11:07Z,95.0,Sense
2025-08-14T21:11:12Z,94.0,Sense
2025-08-14T21:11:22Z,95.0,Sense
2025-08-14T21:11:27Z,96.0,Sense
2025-08-14T21:11:42Z,95.0,Sense
2025-08-14T21:11:47Z,94.0,Sense
2025-08-14T21:11:52Z,95.0,Sense
2025-08-14T21:12:02Z,94.0,Sense
2025-08-14T21:12:07Z,93.0,Sense
2025-08-14T21:12:22Z,94.0,Sense
2025-08-14T21:12:37Z,95.0,Sense
2025-08-14T21:12:42Z,96.0,Sense
2025-08-14T21:12:57Z,96.0,Sense
2025-08-14T21:13:07Z,93.0,Sense
2025-08-14T21:13:12Z,90.0,Sense
2025-08-14T21:13:27Z,90.0,Sense
2025-08-14T21:13:37Z,90.0,Sense
2025-08-14T21:13:42Z,89.0,Sense
2025-08-14T21:13:52Z,88.0,Sense
2025-08-14T21:14:02Z,89.0,Sense
2025-08-14T21:14:12Z,90.0,Sense
2025-08-14T21:14:27Z,90.0,Sense
2025-08-14T21:14:32Z,91.0,Sense
2025-08-14T21:14:37Z,92.0,Sense
2025-08-14T21:14:52Z,92.0,Sense
2025-08-14T21:14:57Z,94.0,Sense
2025-08-14T21:15:02Z,96.0,Sense
2025-08-14T21:15:17Z,95.0,Sense
2025-08-14T21:15:32Z,94.0,Sense
2025-08-14T21:15:47Z,94.0,Sense
2025-08-14T21:15:52Z,95.0,Sense
2025-08-14T21:16:07Z,96.0,Sense
2025-08-14T21:16:22Z,99.0,Sense
2025-08-14T21:16:27Z,100.0,Sense
2025-08-14T21:16:32Z,99.0,Sense
2025-08-14T21:16:37Z,98.0,Sense
2025-08-14T21:16:52Z,98.0,Sense
2025-08-14T21:16:57Z,97.0,Sense
2025-08-14T21:17:02Z,96.0,Sense
2025-08-14T21:17:17Z,95.0,Sense
2025-08-14T21:17:22Z,96.0,Sense
2025-08-14T21:17:27Z,97.0,Sense
2025-08-14T21:17:37Z,98.0,Sense
2025-08-14T21:17:42Z,99.0,Sense
2025-08-14T21:17:47Z,98.0,Sense
2025-08-14T21:17:52Z,97.0,Sense
2025-08-14T21:18:02Z,95.0,Sense
2025-08-14T21:18:12Z,96.0,Sense
2025-08-14T21:18:17Z,98.0,Sense
2025-08-14T21:18:22Z,99.0,Sense
2025-08-14T21:18:37Z,98.0,Sense
2025-08-14T21:18:52Z,99.0,Sense
2025-08-14T21:19:02Z,98.0,Sense
2025-08-14T21:19:07Z,97.0,Sense
2025-08-14T21:19:12Z,98.0,Sense
2025-08-14T21:19:17Z,97.0,Sense
2025-08-14T21:19:32Z,97.0,Sense
2025-08-14T21:19:42Z,99.0,Sense
2025-08-14T21:19:57Z,99.0,Sense
2025-08-14T21:20:02Z,98.0,Sense
2025-08-14T21:20:17Z,98.0,Sense
2025-08-14T21:20:22Z,99.0,Sense
2025-08-14T21:20:32Z,98.0,Sense
2025-08-14T21:20:47Z,98.0,Sense
2025-08-14T21:20:52Z,99.0,Sense
2025-08-14T21:20:57Z,98.0,Sense
2025-08-14T21:21:07Z,99.0,Sense
2025-08-14T21:21:22Z,99.0,Sense
2025-08-14T21:21:32Z,98.0,Sense
2025-08-14T21:21:42Z,100.0,Sense
2025-08-14T21:21:47Z,99.0,Sense
2025-08-14T21:21:52Z,99.0,Sense
2025-08-14T21:22:07Z,98.0,Sense
2025-08-14T21:22:12Z,97.0,Sense
2025-08-14T21:22:22Z,96.0,Sense
2025-08-14T21:22:32Z,97.0,Sense
2025-08-14T21:22:37Z,105.0,Sense
2025-08-14T21:22:42Z,108.0,Sense
2025-08-14T21:22:52Z,107.0,Sense
2025-08-14T21:22:57Z,106.0,Sense
2025-08-14T21:23:02Z,105.0,Sense
2025-08-14T21:23:07Z,104.0,Sense
2025-08-14T21:23:22Z,103.0,Sense
2025-08-14T21:23:27Z,102.0,Sense
2025-08-14T21:23:37Z,103.0,Sense
2025-08-14T21:23:47Z,93.0,Sense
2025-08-14T21:23:52Z,90.0,Sense
2025-08-14T21:23:57Z,91.0,Sense
2025-08-14T21:24:12Z,91.0,Sense
2025-08-14T21:24:17Z,92.0,Sense
2025-08-14T21:24:32Z,92.0,Sense
2025-08-14T21:24:37Z,93.0,Sense
2025-08-14T21:24:52Z,94.0,Sense
2025-08-14T21:25:07Z,95.0,Sense
2025-08-14T21:25:12Z,97.0,Sense
2025-08-14T21:25:17Z,96.0,Sense
2025-08-14T21:25:22Z,95.0,Sense
2025-08-14T21:25:37Z,95.0,Sense
2025-08-14T21:25:47Z,94.0,Sense
2025-08-14T21:25:52Z,93.0,Sense
2025-08-14T21:25:57Z,94.0,Sense
2025-08-14T21:26:02Z,93.0,Sense
2025-08-14T21:26:17Z,92.0,Sense
2025-08-14T21:26:22Z,91.0,Sense
2025-08-14T21:26:37Z,91.0,Sense
2025-08-14T21:26:42Z,92.0,Sense
2025-08-14T21:26:47Z,93.0,Sense
2025-08-14T21:26:57Z,94.0,Sense
2025-08-14T21:27:02Z,95.0,Sense
2025-08-14T21:27:17Z,96.0,Sense
2025-08-14T21:27:32Z,97.0,Sense
2025-08-14T21:27:47Z,96.0,Sense
2025-08-14T21:27:52Z,95.0,Sense
2025-08-14T21:27:57Z,97.0,Sense
2025-08-14T21:28:02Z,98.0,Sense
2025-08-14T21:28:07Z,99.0,Sense
2025-08-14T21:28:22Z,99.0,Sense
2025-08-14T21:28:37Z,99.0,Sense
2025-08-14T21:28:52Z,98.0,Sense
2025-08-14T21:29:07Z,96.0,Sense
2025-08-14T21:29:22Z,97.0,Sense
2025-08-14T21:29:27Z,98.0,Sense
2025-08-14T21:29:32Z,107.0,Sense
2025-08-14T21:29:37Z,108.0,Sense
2025-08-14T21:29:42Z,107.0,Sense
2025-08-14T21:29:47Z,109.0,Sense
2025-08-14T21:29:52Z,109.0,Sense
2025-08-14T21:29:57Z,108.0,Sense
2025-08-14T21:30:02Z,107.0,Sense
2025-08-14T21:30:12Z,106.0,Sense
2025-08-14T21:30:17Z,103.0,Sense
2025-08-14T21:30:22Z,101.0,Sense
2025-08-14T21:30:32Z,103.0,Sense
2025-08-14T21:30:42Z,102.0,Sense
2025-08-14T21:30:47Z,101.0,Sense
2025-08-14T21:30:57Z,100.0,Sense
2025-08-14T21:31:02Z,99.0,Sense
2025-08-14T21:31:07Z,101.0,Sense
2025-08-14T21:31:12Z,102.0,Sense
2025-08-14T21:31:22Z,102.0,Sense
2025-08-14T21:31:27Z,100.0,Sense
2025-08-14T21:31:32Z,98.0,Sense
2025-08-14T21:31:47Z,97.0,Sense
2025-08-14T21:32:02Z,97.0,Sense
2025-08-14T21:32:07Z,97.0,Sense
2025-08-14T21:32:12Z,97.0,Sense
2025-08-14T21:32:17Z,98.0,Sense
2025-08-14T21:32:22Z,99.0,Sense
2025-08-14T21:32:37Z,98.0,Sense
2025-08-14T21:32:42Z,98.0,Sense
2025-08-14T21:32:57Z,95.0,Sense
2025-08-14T21:33:02Z,92.0,Sense
2025-08-14T21:33:12Z,93.0,Sense
2025-08-14T21:33:17Z,97.0,Sense
2025-08-14T21:33:22Z,98.0,Sense
2025-08-14T21:33:32Z,99.0,Sense
2025-08-14T21:33:37Z,98.0,Sense
2025-08-14T21:33:52Z,99.0,Sense
2025-08-14T21:34:02Z,98.0,Sense
2025-08-14T21:34:12Z,97.0,Sense
2025-08-14T21:34:17Z,96.0,Sense
2025-08-14T21:34:27Z,97.0,Sense
2025-08-14T21:34:32Z,98.0,Sense
2025-08-14T21:34:37Z,90.0,Sense
2025-08-14T21:34:47Z,91.0,Sense
2025-08-14T21:35:02Z,91.0,Sense
2025-08-14T21:35:12Z,92.0,Sense
2025-08-14T21:35:17Z,90.0,Sense
2025-08-14T21:35:27Z,91.0,Sense
2025-08-14T21:35:32Z,92.0,Sense
2025-08-14T21:35:37Z,93.0,Sense
2025-08-14T21:35:52Z,94.0,Sense
2025-08-14T21:35:57Z,93.0,Sense
2025-08-14T21:36:02Z,94.0,Sense
2025-08-14T21:36:17Z,94.0,Sense
2025-08-14T21:36:22Z,97.0,Sense
2025-08-14T21:36:27Z,105.0,Sense
2025-08-14T21:36:32Z,104.0,Sense
2025-08-14T21:36:47Z,101.0,Sense
2025-08-14T21:36:52Z,99.0,Sense
2025-08-14T21:37:02Z,98.0,Sense
2025-08-14T21:37:07Z,91.0,Sense
2025-08-14T21:37:12Z,88.0,Sense
2025-08-14T21:37:17Z,89.0,Sense
2025-08-14T21:37:22Z,90.0,Sense
2025-08-14T21:37:27Z,91.0,Sense
2025-08-14T21:37:32Z,93.0,Sense
2025-08-14T21:37:37Z,94.0,Sense
2025-08-14T21:37:42Z,95.0,Sense
2025-08-14T21:37:47Z,97.0,Sense
2025-08-14T21:37:57Z,98.0,Sense
2025-08-14T21:38:07Z,97.0,Sense
2025-08-14T21:38:22Z,97.0,Sense
2025-08-14T21:38:32Z,98.0,Sense
2025-08-14T21:38:37Z,100.0,Sense
2025-08-14T21:38:42Z,101.0,Sense
2025-08-14T21:38:52Z,96.0,Sense
2025-08-14T21:38:57Z,96.0,Sense
2025-08-14T21:39:07Z,95.0,Sense
2025-08-14T21:39:17Z,96.0,Sense
2025-08-14T21:39:22Z,96.0,Sense
2025-08-14T21:39:27Z,97.0,Sense
2025-08-14T21:39:42Z,97.0,Sense
2025-08-14T21:39:47Z,97.0,Sense
2025-08-14T21:40:02Z,98.0,Sense
2025-08-14T21:40:12Z,97.0,Sense
2025-08-14T21:40:17Z,98.0,Sense
2025-08-14T21:40:22Z,97.0,Sense
2025-08-14T21:40:27Z,98.0,Sense
2025-08-14T21:40:32Z,101.0,Sense
2025-08-14T21:40:37Z,109.0,Sense
2025-08-14T21:40:52Z,112.0,Sense
2025-08-14T21:41:02Z,111.0,Sense
2025-08-14T21:41:07Z,109.0,Sense
2025-08-14T21:41:12Z,107.0,Sense
2025-08-14T21:41:17Z,104.0,Sense
2025-08-14T21:41:22Z,103.0,Sense
2025-08-14T21:41:27Z,104.0,Sense
2025-08-14T21:41:42Z,103.0,Sense
2025-08-14T21:41:52Z,102.0,Sense
2025-08-14T21:41:57Z,103.0,Sense
2025-08-14T21:42:02Z,104.0,Sense
2025-08-14T21:42:07Z,103.0,Sense
2025-08-14T21:42:12Z,101.0,Sense
2025-08-14T21:42:17Z,100.0,Sense
2025-08-14T21:42:22Z,98.0,Sense
2025-08-14T21:42:27Z,97.0,Sense
2025-08-14T21:42:32Z,96.0,Sense
2025-08-14T21:42:47Z,96.0,Sense
2025-08-14T21:42:52Z,96.0,Sense
2025-08-14T21:43:07Z,96.0,Sense
2025-08-14T21:43:22Z,96.0,Sense
2025-08-14T21:43:32Z,95.0,Sense
2025-08-14T21:43:42Z,96.0,Sense
2025-08-14T21:43:52Z,97.0,Sense
2025-08-14T21:43:57Z,98.0,Sense
2025-08-14T21:44:02Z,98.0,Sense
2025-08-14T21:44:07Z,99.0,Sense
2025-08-14T21:44:17Z,91.0,Sense
2025-08-14T21:44:27Z,93.0,Sense
2025-08-14T21:44:37Z,94.0,Sense
2025-08-14T21:44:42Z,95.0,Sense
2025-08-14T21:44:57Z,96.0,Sense
2025-08-14T21:45:07Z,97.0,Sense
2025-08-14T21:45:12Z,96.0,Sense
2025-08-14T21:45:17Z,95.0,Sense
2025-08-14T21:45:27Z,96.0,Sense
2025-08-14T21:45:32Z,97.0,Sense
2025-08-14T21:45:42Z,93.0,Sense
2025-08-14T21:45:47Z,93.0,Sense
2025-08-14T21:45:57Z,92.0,Sense
2025-08-14T21:46:02Z,93.0,Sense
2025-08-14T21:46:07Z,94.0,Sense
2025-08-14T21:46:22Z,94.0,Sense
2025-08-14T21:46:37Z,93.0,Sense
2025-08-14T21:46:42Z,94.0,Sense
2025-08-14T21:46:47Z,94.0,Sense
2025-08-14T21:47:02Z,94.0,Sense
2025-08-14T21:47:07Z,93.0,Sense
2025-08-14T21:47:17Z,94.0,Sense
2025-08-14T21:47:22Z,95.0,Sense
2025-08-14T21:47:37Z,95.0,Sense
2025-08-14T21:47:42Z,95.0,Sense
2025-08-14T21:47:47Z,96.0,Sense
2025-08-14T21:47:52Z,97.0,Sense
2025-08-14T21:47:57Z,96.0,Sense
2025-08-14T21:48:02Z,97.0,Sense
2025-08-14T21:48:07Z,98.0,Sense
2025-08-14T21:48:17Z,97.0,Sense
2025-08-14T21:48:27Z,98.0,Sense
2025-08-14T21:48:37Z,97.0,Sense
2025-08-14T21:48:47Z,96.0,Sense
2025-08-14T21:48:57Z,95.0,Sense
2025-08-14T21:49:02Z,96.0,Sense
2025-08-14T21:49:07Z,97.0,Sense
2025-08-14T21:49:22Z,96.0,Sense
2025-08-14T21:49:27Z,95.0,Sense
2025-08-14T21:49:32Z,94.0,Sense
2025-08-14T21:49:37Z,95.0,Sense
2025-08-14T21:49:42Z,97.0,Sense
2025-08-14T21:49:47Z,99.0,Sense
2025-08-14T21:50:02Z,99.0,Sense
2025-08-14T21:50:07Z,99.0,Sense
2025-08-14T21:50:12Z,99.0,Sense
2025-08-14T21:50:17Z,98.0,Sense
2025-08-14T21:50:22Z,97.0,Sense
2025-08-14T21:50:27Z,96.0,Sense
2025-08-14T21:50:32Z,95.0,Sense
2025-08-14T21:50:42Z,96.0,Sense
2025-08-14T21:50:57Z,102.0,Sense
2025-08-14T21:51:12Z,102.0,Sense
2025-08-14T21:51:17Z,101.0,Sense
2025-08-14T21:51:22Z,96.0,Sense
2025-08-14T21:51:27Z,94.0,Sense
2025-08-14T21:51:32Z,98.0,Sense
2025-08-14T21:51:37Z,104.0,Sense
2025-08-14T21:51:42Z,102.0,Sense
2025-08-14T21:51:57Z,99.0,Sense
2025-08-14T21:52:07Z,100.0,Sense
2025-08-14T21:52:12Z,99.0,Sense
2025-08-14T21:52:17Z,98.0,Sense
2025-08-14T21:52:32Z,99.0,Sense
2025-08-14T21:52:37Z,97.0,Sense
2025-08-14T21:52:42Z,89.0,Sense
2025-08-14T21:52:57Z,90.0,Sense
2025-08-14T21:53:12Z,91.0,Sense
2025-08-14T21:53:22Z,92.0,Sense
2025-08-14T21:53:27Z,92.0,Sense
2025-08-14T21:53:32Z,93.0,Sense
2025-08-14T21:53:42Z,94.0,Sense
2025-08-14T21:53:47Z,94.0,Sense
2025-08-14T21:54:02Z,94.0,Sense
2025-08-14T21:54:07Z,95.0,Sense
2025-08-14T21:54:22Z,94.0,Sense
2025-08-14T21:54:27Z,95.0,Sense
2025-08-14T21:54:32Z,96.0,Sense
2025-08-14T21:54:37Z,97.0,Sense
2025-08-14T21:54:42Z,96.0,Sense
2025-08-14T21:54:47Z,95.0,Sense
2025-08-14T21:54:52Z,96.0,Sense
2025-08-14T21:55:02Z,95.0,Sense
2025-08-14T21:55:12Z,96.0,Sense
2025-08-14T21:55:17Z,97.0,Sense
2025-08-14T21:55:32Z,97.0,Sense
2025-08-14T21:55:47Z,98.0,Sense
2025-08-14T21:55:52Z,99.0,Sense
2025-08-14T21:56:07Z,99.0,Sense
2025-08-14T21:56:12Z,98.0,Sense
2025-08-14T21:56:17Z,97.0,Sense
2025-08-14T21:56:32Z,98.0,Sense
2025-08-14T21:56:42Z,97.0,Sense
2025-08-14T21:56:57Z,97.0,Sense
2025-08-14T21:57:02Z,96.0,Sense
2025-08-14T21:57:07Z,95.0,Sense
2025-08-14T21:57:12Z,96.0,Sense
2025-08-14T21:57:17Z,97.0,Sense
2025-08-14T21:57:27Z,96.0,Sense
2025-08-14T21:57:32Z,96.0,Sense
2025-08-14T21:57:37Z,95.0,Sense
2025-08-14T21:57:52Z,96.0,Sense
2025-08-14T21:57:57Z,96.0,Sense
2025-08-14T21:58:02Z,96.0,Sense
2025-08-14T21:58:12Z,95.0,Sense
2025-08-14T21:58:22Z,94.0,Sense
2025-08-14T21:58:32Z,95.0,Sense
2025-08-14T21:58:47Z,94.0,Sense
2025-08-14T21:58:52Z,95.0,Sense
2025-08-14T21:59:02Z,96.0,Sense
2025-08-14T21:59:12Z,97.0,Sense
2025-08-14T21:59:17Z,98.0,Sense
2025-08-14T21:59:22Z,97.0,Sense
2025-08-14T21:59:27Z,96.0,Sense
2025-08-14T21:59:37Z,95.0,Sense
2025-08-14T21:59:42Z,94.0,Sense
2025-08-14T21:59:57Z,94.0,Sense
2025-08-14T22:00:07Z,95.0,Sense
2025-08-14T22:00:12Z,96.0,Sense
2025-08-14T22:00:22Z,95.0,Sense
2025-08-14T22:00:32Z,98.0,Sense
2025-08-14T22:00:37Z,100.0,Sense
2025-08-14T22:00:42Z,98.0,Sense
2025-08-14T22:00:47Z,93.0,Sense
2025-08-14T22:00:52Z,90.0,Sense
2025-08-14T22:00:57Z,92.0,Sense
2025-08-14T22:01:02Z,95.0,Sense
2025-08-14T22:01:17Z,96.0,Sense
2025-08-14T22:01:22Z,96.0,Sense
2025-08-14T22:01:27Z,97.0,Sense
2025-08-14T22:01:37Z,96.0,Sense
2025-08-14T22:01:42Z,97.0,Sense
2025-08-14T22:01:57Z,97.0,Sense
2025-08-14T22:02:02Z,98.0,Sense
2025-08-14T22:02:07Z,98.0,Sense
2025-08-14T22:02:17Z,99.0,Sense
2025-08-14T22:02:27Z,98.0,Sense
2025-08-14T22:02:42Z,98.0,Sense
2025-08-14T22:02:47Z,97.0,Sense
2025-08-14T22:02:52Z,96.0,Sense
2025-08-14T22:02:57Z,98.0,Sense
2025-08-14T22:03:02Z,99.0,Sense
2025-08-14T22:03:17Z,99.0,Sense
2025-08-14T22:03:22Z,98.0,Sense
2025-08-14T22:03:37Z,99.0,Sense
2025-08-14T22:03:47Z,98.0,Sense
2025-08-14T22:03:52Z,97.0,Sense
2025-08-14T22:03:57Z,98.0,Sense
2025-08-14T22:04:12Z,98.0,Sense
2025-08-14T22:04:17Z,97.0,Sense
2025-08-14T22:04:32Z,132.0,Sense
2025-08-14T22:04:37Z,135.0,Sense
2025-08-14T22:04:42Z,131.0,Sense
2025-08-14T22:04:47Z,130.0,Sense
2025-08-14T22:04:52Z,126.0,Sense
2025-08-14T22:04:57Z,121.0,Sense
2025-08-14T22:05:02Z,119.0,Sense
2025-08-14T22:05:07Z,116.0,Sense
2025-08-14T22:05:12Z,111.0,Sense
2025-08-14T22:05:17Z,103.0,Sense
2025-08-14T22:05:22Z,96.0,Sense
2025-08-14T22:05:27Z,88.0,Sense
2025-08-14T22:05:32Z,81.0,Sense
2025-08-14T22:05:37Z,80.0,Sense
2025-08-14T22:05:42Z,82.0,Sense
2025-08-14T22:05:47Z,88.0,Sense
2025-08-14T22:05:52Z,99.0,Sense
2025-08-14T22:06:07Z,98.0,Sense
2025-08-14T22:06:12Z,98.0,Sense
2025-08-14T22:06:17Z,99.0,Sense
2025-08-14T22:06:22Z,100.0,Sense
2025-08-14T22:06:37Z,100.0,Sense
2025-08-14T22:06:47Z,99.0,Sense
2025-08-14T22:06:52Z,98.0,Sense
2025-08-14T22:06:57Z,97.0,Sense
2025-08-14T22:07:07Z,96.0,Sense
2025-08-14T22:07:12Z,97.0,Sense
2025-08-14T22:07:17Z,95.0,Sense
2025-08-14T22:07:22Z,95.0,Sense
2025-08-14T22:07:37Z,95.0,Sense
2025-08-14T22:07:42Z,95.0,Sense
2025-08-14T22:07:52Z,97.0,Sense
2025-08-14T22:08:07Z,97.0,Sense
2025-08-14T22:08:17Z,97.0,Sense
2025-08-14T22:08:32Z,97.0,Sense
2025-08-14T22:08:37Z,98.0,Sense
2025-08-14T22:08:42Z,100.0,Sense
2025-08-14T22:08:52Z,99.0,Sense
2025-08-14T22:08:57Z,99.0,Sense
2025-08-14T22:09:02Z,98.0,Sense
2025-08-14T22:09:07Z,98.0,Sense
2025-08-14T22:09:17Z,99.0,Sense
2025-08-14T22:09:22Z,98.0,Sense
2025-08-14T22:09:37Z,99.0,Sense
2025-08-14T22:09:42Z,97.0,Sense
2025-08-14T22:09:52Z,98.0,Sense
2025-08-14T22:10:02Z,97.0,Sense
2025-08-14T22:10:12Z,98.0,Sense
2025-08-14T22:10:22Z,100.0,Sense
2025-08-14T22:10:32Z,101.0,Sense
2025-08-14T22:10:37Z,102.0,Sense
2025-08-14T22:10:42Z,101.0,Sense
2025-08-14T22:10:47Z,100.0,Sense
2025-08-14T22:10:52Z,99.0,Sense
2025-08-14T22:10:57Z,98.0,Sense
2025-08-14T22:11:02Z,97.0,Sense
2025-08-14T22:11:07Z,101.0,Sense
2025-08-14T22:11:12Z,105.0,Sense
2025-08-14T22:11:27Z,104.0,Sense
2025-08-14T22:11:37Z,103.0,Sense
2025-08-14T22:11:42Z,102.0,Sense
2025-08-14T22:11:47Z,101.0,Sense
2025-08-14T22:11:52Z,100.0,Sense
2025-08-14T22:11:57Z,99.0,Sense
2025-08-14T22:12:02Z,97.0,Sense
2025-08-14T22:12:17Z,97.0,Sense
2025-08-14T22:12:22Z,98.0,Sense
2025-08-14T22:12:27Z,99.0,Sense
2025-08-14T22:12:32Z,100.0,Sense
2025-08-14T22:12:37Z,101.0,Sense
2025-08-14T22:12:52Z,101.0,Sense
2025-08-14T22:12:57Z,102.0,Sense
2025-08-14T22:13:02Z,103.0,Sense
2025-08-14T22:13:07Z,102.0,Sense
2025-08-14T22:13:12Z,98.0,Sense
2025-08-14T22:13:22Z,97.0,Sense
2025-08-14T22:13:37Z,98.0,Sense
2025-08-14T22:13:52Z,98.0,Sense
2025-08-14T22:13:57Z,98.0,Sense
2025-08-14T22:14:07Z,99.0,Sense
2025-08-14T22:14:12Z,98.0,Sense
2025-08-14T22:14:17Z,99.0,Sense
2025-08-14T22:14:27Z,98.0,Sense
2025-08-14T22:14:37Z,99.0,Sense
2025-08-14T22:14:42Z,98.0,Sense
2025-08-14T22:14:57Z,98.0,Sense
2025-08-14T22:15:12Z,97.0,Sense
2025-08-14T22:15:27Z,120.0,Sense
2025-08-14T22:15:32Z,128.0,Sense
2025-08-14T22:15:37Z,127.0,Sense
2025-08-14T22:15:42Z,128.0,Sense
2025-08-14T22:15:47Z,125.0,Sense
2025-08-14T22:15:52Z,124.0,Sense
2025-08-14T22:16:02Z,122.0,Sense
2025-08-14T22:16:12Z,116.0,Sense
2025-08-14T22:16:17Z,114.0,Sense
2025-08-14T22:16:22Z,106.0,Sense
2025-08-14T22:16:27Z,103.0,Sense
2025-08-14T22:16:32Z,101.0,Sense
2025-08-14T22:16:37Z,97.0,Sense
2025-08-14T22:16:42Z,96.0,Sense
2025-08-14T22:16:52Z,95.0,Sense
2025-08-14T22:16:57Z,94.0,Sense
2025-08-14T22:17:02Z,92.0,Sense
2025-08-14T22:17:12Z,93.0,Sense
2025-08-14T22:17:17Z,90.0,Sense
2025-08-14T22:17:22Z,88.0,Sense
2025-08-14T22:17:27Z,75.0,Sense
2025-08-14T22:17:32Z,76.0,Sense
2025-08-14T22:17:37Z,77.0,Sense
2025-08-14T22:17:42Z,78.0,Sense
2025-08-14T22:17:47Z,80.0,Sense
2025-08-14T22:17:52Z,82.0,Sense
2025-08-14T22:17:57Z,84.0,Sense
2025-08-14T22:18:02Z,85.0,Sense
2025-08-14T22:18:07Z,87.0,Sense
2025-08-14T22:18:12Z,90.0,Sense
2025-08-14T22:18:17Z,91.0,Sense
2025-08-14T22:18:32Z,94.0,Sense
2025-08-14T22:18:37Z,96.0,Sense
2025-08-14T22:18:47Z,97.0,Sense
2025-08-14T22:18:52Z,98.0,Sense
2025-08-14T22:18:57Z,99.0,Sense
2025-08-14T22:19:02Z,98.0,Sense
2025-08-14T22:19:07Z,97.0,Sense
2025-08-14T22:19:17Z,98.0,Sense
2025-08-14T22:19:22Z,110.0,Sense
2025-08-14T22:19:27Z,137.0,Sense
2025-08-14T22:19:37Z,134.0,Sense
2025-08-14T22:19:47Z,137.0,Sense
2025-08-14T22:19:52Z,134.0,Sense
2025-08-14T22:19:57Z,130.0,Sense
2025-08-14T22:20:12Z,125.0,Sense
2025-08-14T22:20:17Z,120.0,Sense
2025-08-14T22:20:22Z,119.0,Sense
2025-08-14T22:20:27Z,119.0,Sense
2025-08-14T22:20:37Z,118.0,Sense
2025-08-14T22:20:42Z,117.0,Sense
2025-08-14T22:20:47Z,113.0,Sense
2025-08-14T22:20:52Z,109.0,Sense
2025-08-14T22:21:02Z,105.0,Sense
2025-08-14T22:21:07Z,98.0,Sense
2025-08-14T22:21:12Z,91.0,Sense
2025-08-14T22:21:17Z,86.0,Sense
2025-08-14T22:21:32Z,86.0,Sense
2025-08-14T22:21:37Z,85.0,Sense
2025-08-14T22:21:42Z,80.0,Sense
2025-08-14T22:21:47Z,74.0,Sense
2025-08-14T22:21:52Z,75.0,Sense
2025-08-14T22:21:57Z,77.0,Sense
2025-08-14T22:22:02Z,79.0,Sense
2025-08-14T22:22:07Z,80.0,Sense
2025-08-14T22:22:12Z,81.0,Sense
2025-08-14T22:22:17Z,82.0,Sense
2025-08-14T22:22:22Z,82.0,Sense
2025-08-14T22:22:27Z,83.0,Sense
2025-08-14T22:22:32Z,87.0,Sense
2025-08-14T22:22:37Z,96.0,Sense
2025-08-14T22:22:52Z,96.0,Sense
2025-08-14T22:23:07Z,97.0,Sense
2025-08-14T22:23:17Z,98.0,Sense
2025-08-14T22:23:22Z,97.0,Sense
2025-08-14T22:23:37Z,98.0,Sense
2025-08-14T22:23:42Z,97.0,Sense
2025-08-14T22:23:47Z,98.0,Sense
2025-08-14T22:23:57Z,97.0,Sense
2025-08-14T22:24:12Z,98.0,Sense
2025-08-14T22:24:22Z,98.0,Sense
2025-08-14T22:24:32Z,99.0,Sense
2025-08-14T22:24:42Z,98.0,Sense
2025-08-14T22:24:47Z,104.0,Sense
2025-08-14T22:24:52Z,105.0,Sense
2025-08-14T22:25:02Z,106.0,Sense
2025-08-14T22:25:07Z,107.0,Sense
2025-08-14T22:25:12Z,110.0,Sense
2025-08-14T22:25:17Z,128.0,Sense
2025-08-14T22:25:22Z,127.0,Sense
2025-08-14T22:25:27Z,122.0,Sense
2025-08-14T22:25:32Z,116.0,Sense
2025-08-14T22:25:37Z,115.0,Sense
2025-08-14T22:25:47Z,112.0,Sense
2025-08-14T22:25:52Z,108.0,Sense
2025-08-14T22:25:57Z,105.0,Sense
2025-08-14T22:26:02Z,104.0,Sense
2025-08-14T22:26:17Z,103.0,Sense
2025-08-14T22:26:22Z,97.0,Sense
2025-08-14T22:26:27Z,94.0,Sense
2025-08-14T22:26:32Z,95.0,Sense
2025-08-14T22:26:47Z,96.0,Sense
2025-08-14T22:26:52Z,93.0,Sense
2025-08-14T22:26:57Z,91.0,Sense
2025-08-14T22:27:02Z,89.0,Sense
2025-08-14T22:27:07Z,85.0,Sense
2025-08-14T22:27:22Z,85.0,Sense
2025-08-14T22:27:27Z,85.0,Sense
2025-08-14T22:27:32Z,84.0,Sense
2025-08-14T22:27:37Z,85.0,Sense
2025-08-14T22:27:42Z,88.0,Sense
2025-08-14T22:27:47Z,83.0,Sense
2025-08-14T22:27:52Z,77.0,Sense
2025-08-14T22:28:07Z,77.0,Sense
2025-08-14T22:28:12Z,78.0,Sense
2025-08-14T22:28:17Z,77.0,Sense
2025-08-14T22:28:22Z,75.0,Sense
2025-08-14T22:28:27Z,73.0,Sense
2025-08-14T22:28:32Z,74.0,Sense
2025-08-14T22:28:37Z,76.0,Sense
2025-08-14T22:28:42Z,77.0,Sense
2025-08-14T22:28:47Z,80.0,Sense
2025-08-14T22:28:52Z,82.0,Sense
2025-08-14T22:28:57Z,83.0,Sense
2025-08-14T22:29:02Z,86.0,Sense
2025-08-14T22:29:12Z,88.0,Sense
2025-08-14T22:29:27Z,88.0,Sense
2025-08-14T22:29:32Z,89.0,Sense
2025-08-14T22:29:37Z,91.0,Sense
2025-08-14T22:29:42Z,93.0,Sense
2025-08-14T22:29:52Z,91.0,Sense
2025-08-14T22:30:07Z,91.0,Sense
2025-08-14T22:30:12Z,92.0,Sense
2025-08-14T22:30:17Z,92.0,Sense
2025-08-14T22:30:22Z,93.0,Sense
2025-08-14T22:30:32Z,92.0,Sense
2025-08-14T22:30:37Z,93.0,Sense
2025-08-14T22:30:47Z,94.0,Sense
2025-08-14T22:30:57Z,95.0,Sense
2025-08-14T22:31:02Z,96.0,Sense
2025-08-14T22:31:17Z,95.0,Sense
2025-08-14T22:31:22Z,96.0,Sense
2025-08-14T22:31:27Z,97.0,Sense
2025-08-14T22:31:32Z,100.0,Sense
2025-08-14T22:31:37Z,104.0,Sense
2025-08-14T22:31:42Z,103.0,Sense
2025-08-14T22:31:57Z,102.0,Sense
2025-08-14T22:32:07Z,101.0,Sense
2025-08-14T22:32:17Z,102.0,Sense
2025-08-14T22:32:22Z,101.0,Sense
2025-08-14T22:32:27Z,100.0,Sense
2025-08-14T22:32:42Z,100.0,Sense
2025-08-14T22:32:47Z,101.0,Sense
2025-08-14T22:32:52Z,100.0,Sense
2025-08-14T22:32:57Z,98.0,Sense
2025-08-14T22:33:12Z,98.0,Sense
2025-08-14T22:33:17Z,97.0,Sense
2025-08-14T22:33:22Z,96.0,Sense
2025-08-14T22:33:27Z,95.0,Sense
2025-08-14T22:33:42Z,96.0,Sense
2025-08-14T22:33:57Z,98.0,Sense
2025-08-14T22:34:12Z,99.0,Sense
2025-08-14T22:34:17Z,98.0,Sense
2025-08-14T22:34:32Z,99.0,Sense
2025-08-14T22:34:37Z,96.0,Sense
2025-08-14T22:34:42Z,95.0,Sense
2025-08-14T22:34:57Z,95.0,Sense
2025-08-14T22:35:02Z,94.0,Sense
2025-08-14T22:35:07Z,93.0,Sense
2025-08-14T22:35:12Z,93.0,Sense
2025-08-14T22:35:22Z,95.0,Sense
2025-08-14T22:35:37Z,95.0,Sense
2025-08-14T22:35:42Z,95.0,Sense
2025-08-14T22:35:52Z,97.0,Sense
2025-08-14T22:35:57Z,98.0,Sense
2025-08-14T22:36:02Z,99.0,Sense
2025-08-14T22:36:12Z,98.0,Sense
2025-08-14T22:36:27Z,98.0,Sense
2025-08-14T22:36:32Z,97.0,Sense
2025-08-14T22:36:47Z,97.0,Sense
2025-08-14T22:36:57Z,97.0,Sense
2025-08-14T22:37:07Z,96.0,Sense
2025-08-14T22:37:12Z,97.0,Sense
2025-08-14T22:37:17Z,96.0,Sense
2025-08-14T22:37:22Z,95.0,Sense
2025-08-14T22:37:27Z,96.0,Sense
2025-08-14T22:37:32Z,97.0,Sense
2025-08-14T22:37:37Z,98.0,Sense
2025-08-14T22:37:42Z,100.0,Sense
2025-08-14T22:37:47Z,99.0,Sense
2025-08-14T22:37:52Z,98.0,Sense
2025-08-14T22:37:57Z,98.0,Sense
2025-08-14T22:38:02Z,97.0,Sense
2025-08-14T22:38:07Z,96.0,Sense
2025-08-14T22:38:12Z,97.0,Sense
2025-08-14T22:38:27Z,97.0,Sense
2025-08-14T22:38:37Z,98.0,Sense
2025-08-14T22:38:42Z,97.0,Sense
2025-08-14T22:38:57Z,98.0,Sense
2025-08-14T22:39:02Z,98.0,Sense
2025-08-14T22:39:07Z,98.0,Sense
2025-08-14T22:39:12Z,98.0,Sense
2025-08-14T22:39:22Z,97.0,Sense
2025-08-14T22:39:27Z,96.0,Sense
2025-08-14T22:39:42Z,96.0,Sense
2025-08-14T22:39:52Z,97.0,Sense
2025-08-14T22:39:57Z,98.0,Sense
2025-08-14T22:40:02Z,97.0,Sense
2025-08-14T22:40:07Z,102.0,Sense
2025-08-14T22:40:12Z,110.0,Sense
2025-08-14T22:40:17Z,111.0,Sense
2025-08-14T22:40:27Z,110.0,Sense
2025-08-14T22:40:32Z,107.0,Sense
2025-08-14T22:40:37Z,106.0,Sense
2025-08-14T22:40:47Z,105.0,Sense
2025-08-14T22:40:57Z,106.0,Sense
2025-08-14T22:41:12Z,106.0,Sense
2025-08-14T22:41:17Z,105.0,Sense
2025-08-14T22:41:22Z,104.0,Sense
2025-08-14T22:41:32Z,122.0,Sense
2025-08-14T22:41:37Z,141.0,Sense
2025-08-14T22:41:42Z,135.0,Sense
2025-08-14T22:41:47Z,130.0,Sense
2025-08-14T22:41:52Z,131.0,Sense
2025-08-14T22:41:57Z,133.0,Sense
2025-08-14T22:42:07Z,130.0,Sense
2025-08-14T22:42:12Z,125.0,Sense
2025-08-14T22:42:17Z,124.0,Sense
2025-08-14T22:42:22Z,123.0,Sense
2025-08-14T22:42:27Z,121.0,Sense
2025-08-14T22:42:32Z,122.0,Sense
2025-08-14T22:42:37Z,119.0,Sense
2025-08-14T22:42:42Z,115.0,Sense
2025-08-14T22:42:47Z,111.0,Sense
2025-08-14T22:42:52Z,109.0,Sense
2025-08-14T22:42:57Z,107.0,Sense
2025-08-14T22:43:02Z,108.0,Sense
2025-08-14T22:43:07Z,109.0,Sense
2025-08-14T22:43:12Z,106.0,Sense
2025-08-14T22:43:17Z,110.0,Sense
2025-08-14T22:43:22Z,136.0,Sense
2025-08-14T22:43:27Z,140.0,Sense
2025-08-14T22:43:37Z,138.0,Sense
2025-08-14T22:43:42Z,136.0,Sense
2025-08-14T22:43:47Z,135.0,Sense
2025-08-14T22:43:52Z,134.0,Sense
2025-08-14T22:43:57Z,127.0,Sense
2025-08-14T22:44:02Z,121.0,Sense
2025-08-14T22:44:07Z,120.0,Sense
2025-08-14T22:44:12Z,122.0,Sense
2025-08-14T22:44:17Z,120.0,Sense
2025-08-14T22:44:22Z,117.0,Sense
2025-08-14T22:44:27Z,114.0,Sense
2025-08-14T22:44:37Z,113.0,Sense
2025-08-14T22:44:42Z,111.0,Sense
2025-08-14T22:44:47Z,111.0,Sense
2025-08-14T22:44:52Z,108.0,Sense
2025-08-14T22:44:57Z,105.0,Sense
2025-08-14T22:45:02Z,101.0,Sense
2025-08-14T22:45:07Z,100.0,Sense
2025-08-14T22:45:22Z,99.0,Sense
2025-08-14T22:45:27Z,101.0,Sense
2025-08-14T22:45:32Z,98.0,Sense
2025-08-14T22:45:42Z,97.0,Sense
2025-08-14T22:45:47Z,95.0,Sense
2025-08-14T22:45:57Z,93.0,Sense
2025-08-14T22:46:02Z,91.0,Sense
2025-08-14T22:46:07Z,87.0,Sense
2025-08-14T22:46:12Z,88.0,Sense
2025-08-14T22:46:17Z,114.0,Sense
2025-08-14T22:46:22Z,137.0,Sense
2025-08-14T22:46:32Z,135.0,Sense
2025-08-14T22:46:37Z,132.0,Sense
2025-08-14T22:46:42Z,128.0,Sense
2025-08-14T22:46:47Z,127.0,Sense
2025-08-14T22:46:52Z,125.0,Sense
2025-08-14T22:46:57Z,119.0,Sense
2025-08-14T22:47:02Z,118.0,Sense
2025-08-14T22:47:12Z,117.0,Sense
2025-08-14T22:47:27Z,117.0,Sense
2025-08-14T22:47:32Z,112.0,Sense
2025-08-14T22:47:37Z,111.0,Sense
2025-08-14T22:47:47Z,112.0,Sense
2025-08-14T22:47:57Z,115.0,Sense
2025-08-14T22:48:12Z,115.0,Sense
2025-08-14T22:48:17Z,112.0,Sense
2025-08-14T22:48:22Z,107.0,Sense
2025-08-14T22:48:27Z,106.0,Sense
2025-08-14T22:48:32Z,107.0,Sense
2025-08-14T22:48:37Z,103.0,Sense
2025-08-14T22:48:42Z,101.0,Sense
2025-08-14T22:48:47Z,112.0,Sense
2025-08-14T22:48:52Z,133.0,Sense
2025-08-14T22:48:57Z,135.0,Sense
2025-08-14T22:49:12Z,132.0,Sense
2025-08-14T22:49:17Z,133.0,Sense
2025-08-14T22:49:22Z,132.0,Sense
2025-08-14T22:49:37Z,131.0,Sense
2025-08-14T22:49:42Z,125.0,Sense
2025-08-14T22:49:47Z,123.0,Sense
2025-08-14T22:49:52Z,122.0,Sense
2025-08-14T22:49:57Z,120.0,Sense
2025-08-14T22:50:02Z,117.0,Sense
2025-08-14T22:50:07Z,113.0,Sense
2025-08-14T22:50:12Z,106.0,Sense
2025-08-14T22:50:17Z,101.0,Sense
2025-08-14T22:50:27Z,89.0,Sense
2025-08-14T22:50:32Z,81.0,Sense
2025-08-14T22:50:47Z,82.0,Sense
2025-08-14T22:51:02Z,82.0,Sense
2025-08-14T22:51:07Z,83.0,Sense
2025-08-14T22:51:22Z,83.0,Sense
2025-08-14T22:51:32Z,84.0,Sense
2025-08-14T22:51:37Z,86.0,Sense
2025-08-14T22:51:42Z,87.0,Sense
2025-08-14T22:51:52Z,88.0,Sense
2025-08-14T22:51:57Z,90.0,Sense
2025-08-14T22:52:02Z,91.0,Sense
2025-08-14T22:52:07Z,92.0,Sense
2025-08-14T22:52:12Z,93.0,Sense
2025-08-14T22:52:17Z,95.0,Sense
2025-08-14T22:52:27Z,94.0,Sense
2025-08-14T22:52:32Z,93.0,Sense
2025-08-14T22:52:37Z,94.0,Sense
2025-08-14T22:52:42Z,95.0,Sense
2025-08-14T22:52:57Z,96.0,Sense
2025-08-14T22:53:12Z,95.0,Sense
2025-08-14T22:53:27Z,95.0,Sense
2025-08-14T22:53:32Z,96.0,Sense
2025-08-14T22:53:37Z,97.0,Sense
2025-08-14T22:53:42Z,96.0,Sense
2025-08-14T22:53:47Z,95.0,Sense
2025-08-14T22:53:52Z,97.0,Sense
2025-08-14T22:53:57Z,108.0,Sense
2025-08-14T22:54:07Z,107.0,Sense
2025-08-14T22:54:12Z,106.0,Sense
2025-08-14T22:54:17Z,104.0,Sense
2025-08-14T22:54:22Z,103.0,Sense
2025-08-14T22:54:32Z,104.0,Sense
2025-08-14T22:54:42Z,103.0,Sense
2025-08-14T22:54:47Z,104.0,Sense
2025-08-14T22:54:52Z,105.0,Sense
2025-08-14T22:54:57Z,107.0,Sense
2025-08-14T22:55:02Z,106.0,Sense
2025-08-14T22:55:07Z,103.0,Sense
2025-08-14T22:55:12Z,102.0,Sense
2025-08-14T22:55:17Z,99.0,Sense
2025-08-14T22:55:27Z,98.0,Sense
2025-08-14T22:55:37Z,96.0,Sense
2025-08-14T22:55:47Z,94.0,Sense
2025-08-14T22:56:02Z,95.0,Sense
2025-08-14T22:56:07Z,94.0,Sense
2025-08-14T22:56:12Z,96.0,Sense
2025-08-14T22:56:27Z,96.0,Sense
2025-08-14T22:56:32Z,97.0,Sense
2025-08-14T22:56:37Z,101.0,Sense
2025-08-14T22:56:42Z,95.0,Sense
2025-08-14T22:56:52Z,96.0,Sense
2025-08-14T22:56:57Z,97.0,Sense
2025-08-14T22:57:07Z,96.0,Sense
2025-08-14T22:57:12Z,97.0,Sense
2025-08-14T22:57:17Z,99.0,Sense
2025-08-14T22:57:27Z,101.0,Sense
2025-08-14T22:57:32Z,100.0,Sense
2025-08-14T22:57:42Z,98.0,Sense
2025-08-14T22:57:47Z,96.0,Sense
2025-08-14T22:57:52Z,95.0,Sense
2025-08-14T22:57:57Z,94.0,Sense
2025-08-14T22:58:12Z,94.0,Sense
2025-08-14T22:58:27Z,95.0,Sense
2025-08-14T22:58:32Z,96.0,Sense
2025-08-14T22:58:37Z,98.0,Sense
2025-08-14T22:58:42Z,99.0,Sense
2025-08-14T22:58:47Z,100.0,Sense
2025-08-14T22:58:52Z,101.0,Sense
2025-08-14T22:58:57Z,100.0,Sense
2025-08-14T22:59:02Z,99.0,Sense
2025-08-14T22:59:17Z,98.0,Sense
2025-08-14T22:59:22Z,96.0,Sense
2025-08-14T22:59:27Z,95.0,Sense
2025-08-14T22:59:32Z,94.0,Sense
2025-08-14T22:59:37Z,93.0,Sense
2025-08-14T22:59:42Z,94.0,Sense
2025-08-14T22:59:47Z,95.0,Sense
2025-08-14T23:00:02Z,94.0,Sense
2025-08-14T23:00:07Z,95.0,Sense
2025-08-14T23:00:12Z,94.0,Sense
2025-08-14T23:00:17Z,95.0,Sense
2025-08-14T23:00:22Z,94.0,Sense
2025-08-14T23:00:32Z,95.0,Sense
2025-08-14T23:00:42Z,97.0,Sense
2025-08-14T23:00:47Z,99.0,Sense
2025-08-14T23:01:02Z,94.0,Sense
2025-08-14T23:01:17Z,94.0,Sense
2025-08-14T23:01:22Z,92.0,Sense
2025-08-14T23:01:27Z,91.0,Sense
2025-08-14T23:01:32Z,92.0,Sense
2025-08-14T23:01:42Z,93.0,Sense
2025-08-14T23:01:47Z,94.0,Sense
2025-08-14T23:01:52Z,96.0,Sense
2025-08-14T23:02:02Z,97.0,Sense
2025-08-14T23:02:07Z,98.0,Sense
2025-08-14T23:02:12Z,97.0,Sense
2025-08-14T23:02:17Z,98.0,Sense
2025-08-14T23:02:22Z,91.0,Sense
2025-08-14T23:02:27Z,90.0,Sense
2025-08-14T23:02:42Z,91.0,Sense
2025-08-14T23:02:47Z,92.0,Sense
2025-08-14T23:03:02Z,108.0,Sense
2025-08-14T23:03:07Z,113.0,Sense
2025-08-14T23:03:17Z,112.0,Sense
2025-08-14T23:03:22Z,110.0,Sense
2025-08-14T23:03:32Z,109.0,Sense
2025-08-14T23:03:37Z,111.0,Sense
2025-08-14T23:03:42Z,105.0,Sense
2025-08-14T23:03:47Z,101.0,Sense
2025-08-14T23:03:52Z,100.0,Sense
2025-08-14T23:03:57Z,100.0,Sense
2025-08-14T23:04:12Z,104.0,Sense
2025-08-14T23:04:17Z,91.0,Sense
2025-08-14T23:04:22Z,93.0,Sense
2025-08-14T23:04:27Z,94.0,Sense
2025-08-14T23:04:32Z,94.0,Sense
2025-08-14T23:04:47Z,94.0,Sense
