timestamp,beats per minute,data source
2025-07-31T03:03:49Z,93.0,Sense 2
2025-07-31T03:03:54Z,92.0,Sense 2
2025-07-31T03:03:59Z,95.0,Sense 2
2025-07-31T03:04:09Z,98.0,Sense 2
2025-07-31T03:04:14Z,94.0,Sense 2
2025-07-31T03:04:24Z,91.0,Sense 2
2025-07-31T03:04:34Z,90.0,Sense 2
2025-07-31T03:04:49Z,91.0,Sense 2
2025-07-31T06:12:15Z,91.0,Sense 2
2025-07-31T06:12:25Z,93.0,Sense 2
2025-07-31T06:12:30Z,92.0,Sense 2
2025-07-31T06:12:35Z,91.0,Sense 2
2025-07-31T06:12:50Z,91.0,Sense 2
2025-07-31T06:12:55Z,90.0,Sense 2
2025-07-31T06:13:00Z,89.0,Sense 2
2025-07-31T06:13:05Z,90.0,Sense 2
2025-07-31T06:13:10Z,89.0,Sense 2
2025-07-31T06:13:20Z,87.0,Sense 2
2025-07-31T06:13:25Z,92.0,Sense 2
2025-07-31T06:13:30Z,96.0,Sense 2
2025-07-31T06:13:35Z,112.0,Sense 2
2025-07-31T06:13:40Z,123.0,Sense 2
2025-07-31T06:13:45Z,127.0,Sense 2
2025-07-31T06:13:50Z,123.0,Sense 2
2025-07-31T06:13:55Z,109.0,Sense 2
2025-07-31T06:14:00Z,109.0,Sense 2
2025-07-31T06:14:05Z,110.0,Sense 2
2025-07-31T06:14:10Z,112.0,Sense 2
2025-07-31T06:14:15Z,112.0,Sense 2
2025-07-31T06:14:20Z,120.0,Sense 2
2025-07-31T06:14:25Z,122.0,Sense 2
2025-07-31T06:14:30Z,130.0,Sense 2
2025-07-31T06:14:35Z,131.0,Sense 2
2025-07-31T06:14:40Z,134.0,Sense 2
2025-07-31T06:14:45Z,133.0,Sense 2
2025-07-31T06:14:50Z,134.0,Sense 2
2025-07-31T06:14:55Z,133.0,Sense 2
2025-07-31T06:15:00Z,126.0,Sense 2
2025-07-31T06:15:05Z,124.0,Sense 2
2025-07-31T06:15:10Z,122.0,Sense 2
2025-07-31T06:15:15Z,123.0,Sense 2
2025-07-31T06:15:20Z,122.0,Sense 2
2025-07-31T06:15:30Z,123.0,Sense 2
2025-07-31T06:15:35Z,132.0,Sense 2
2025-07-31T06:15:40Z,134.0,Sense 2
2025-07-31T06:15:45Z,136.0,Sense 2
2025-07-31T06:15:50Z,137.0,Sense 2
2025-07-31T06:15:55Z,138.0,Sense 2
2025-07-31T06:16:05Z,139.0,Sense 2
2025-07-31T06:16:10Z,136.0,Sense 2
2025-07-31T06:16:15Z,137.0,Sense 2
2025-07-31T06:16:25Z,136.0,Sense 2
2025-07-31T06:16:30Z,137.0,Sense 2
2025-07-31T06:16:35Z,138.0,Sense 2
2025-07-31T06:16:40Z,140.0,Sense 2
2025-07-31T06:16:45Z,142.0,Sense 2
2025-07-31T06:16:50Z,144.0,Sense 2
2025-07-31T06:17:05Z,143.0,Sense 2
2025-07-31T06:17:10Z,145.0,Sense 2
2025-07-31T06:17:15Z,144.0,Sense 2
2025-07-31T06:17:20Z,141.0,Sense 2
2025-07-31T06:17:25Z,138.0,Sense 2
2025-07-31T06:17:32Z,144.0,Sense 2
2025-07-31T06:17:37Z,151.0,Sense 2
2025-07-31T06:17:42Z,150.0,Sense 2
2025-07-31T06:17:52Z,151.0,Sense 2
2025-07-31T06:17:57Z,150.0,Sense 2
2025-07-31T06:18:12Z,150.0,Sense 2
2025-07-31T06:18:27Z,150.0,Sense 2
2025-07-31T06:18:32Z,149.0,Sense 2
2025-07-31T06:18:38Z,149.0,Sense 2
2025-07-31T06:18:48Z,150.0,Sense 2
2025-07-31T06:19:03Z,150.0,Sense 2
2025-07-31T06:19:18Z,150.0,Sense 2
2025-07-31T06:19:23Z,151.0,Sense 2
2025-07-31T06:19:28Z,150.0,Sense 2
2025-07-31T06:19:38Z,149.0,Sense 2
2025-07-31T06:19:53Z,149.0,Sense 2
2025-07-31T06:20:03Z,150.0,Sense 2
2025-07-31T06:20:08Z,149.0,Sense 2
2025-07-31T06:20:13Z,150.0,Sense 2
2025-07-31T06:20:18Z,151.0,Sense 2
2025-07-31T06:20:23Z,150.0,Sense 2
2025-07-31T06:20:33Z,149.0,Sense 2
2025-07-31T06:20:38Z,149.0,Sense 2
2025-07-31T06:20:48Z,150.0,Sense 2
2025-07-31T06:20:53Z,151.0,Sense 2
2025-07-31T06:21:08Z,151.0,Sense 2
2025-07-31T06:21:23Z,151.0,Sense 2
2025-07-31T06:21:38Z,151.0,Sense 2
2025-07-31T06:21:53Z,151.0,Sense 2
2025-07-31T06:22:03Z,152.0,Sense 2
2025-07-31T06:22:18Z,152.0,Sense 2
2025-07-31T06:22:33Z,152.0,Sense 2
2025-07-31T06:22:38Z,151.0,Sense 2
2025-07-31T06:22:53Z,151.0,Sense 2
2025-07-31T06:23:08Z,151.0,Sense 2
2025-07-31T06:23:13Z,151.0,Sense 2
2025-07-31T06:23:23Z,153.0,Sense 2
2025-07-31T06:23:33Z,152.0,Sense 2
2025-07-31T06:23:48Z,152.0,Sense 2
2025-07-31T06:23:53Z,151.0,Sense 2
2025-07-31T06:23:58Z,150.0,Sense 2
2025-07-31T06:24:13Z,150.0,Sense 2
2025-07-31T06:24:23Z,151.0,Sense 2
2025-07-31T06:24:28Z,150.0,Sense 2
2025-07-31T06:24:43Z,150.0,Sense 2
2025-07-31T06:24:58Z,150.0,Sense 2
2025-07-31T06:25:13Z,151.0,Sense 2
2025-07-31T06:25:28Z,151.0,Sense 2
2025-07-31T06:25:38Z,152.0,Sense 2
2025-07-31T06:25:48Z,153.0,Sense 2
2025-07-31T06:25:53Z,152.0,Sense 2
2025-07-31T06:25:58Z,153.0,Sense 2
2025-07-31T06:26:13Z,153.0,Sense 2
2025-07-31T06:26:28Z,153.0,Sense 2
2025-07-31T06:26:43Z,154.0,Sense 2
2025-07-31T06:26:48Z,153.0,Sense 2
2025-07-31T06:27:03Z,142.0,Sense 2
2025-07-31T06:27:08Z,138.0,Sense 2
2025-07-31T06:27:13Z,140.0,Sense 2
2025-07-31T06:27:20Z,140.0,Sense 2
2025-07-31T06:27:25Z,141.0,Sense 2
2025-07-31T06:27:30Z,140.0,Sense 2
2025-07-31T06:27:35Z,141.0,Sense 2
2025-07-31T06:27:45Z,139.0,Sense 2
2025-07-31T06:27:50Z,135.0,Sense 2
2025-07-31T06:28:05Z,138.0,Sense 2
2025-07-31T06:28:10Z,142.0,Sense 2
2025-07-31T06:28:15Z,141.0,Sense 2
2025-07-31T06:28:20Z,138.0,Sense 2
2025-07-31T06:28:30Z,139.0,Sense 2
2025-07-31T06:28:35Z,137.0,Sense 2
2025-07-31T06:28:45Z,139.0,Sense 2
2025-07-31T06:29:00Z,138.0,Sense 2
2025-07-31T06:29:05Z,139.0,Sense 2
2025-07-31T06:29:10Z,141.0,Sense 2
2025-07-31T06:29:20Z,140.0,Sense 2
2025-07-31T06:29:30Z,139.0,Sense 2
2025-07-31T06:29:40Z,139.0,Sense 2
2025-07-31T06:29:50Z,140.0,Sense 2
2025-07-31T06:29:55Z,139.0,Sense 2
2025-07-31T06:30:00Z,141.0,Sense 2
2025-07-31T06:30:05Z,141.0,Sense 2
2025-07-31T06:30:20Z,140.0,Sense 2
2025-07-31T06:30:35Z,140.0,Sense 2
2025-07-31T06:30:50Z,141.0,Sense 2
2025-07-31T06:30:55Z,143.0,Sense 2
2025-07-31T06:31:00Z,141.0,Sense 2
2025-07-31T06:31:10Z,139.0,Sense 2
2025-07-31T06:31:15Z,138.0,Sense 2
2025-07-31T06:31:20Z,137.0,Sense 2
2025-07-31T06:31:25Z,139.0,Sense 2
2025-07-31T06:31:30Z,140.0,Sense 2
2025-07-31T06:31:35Z,140.0,Sense 2
2025-07-31T06:31:40Z,138.0,Sense 2
2025-07-31T06:31:50Z,137.0,Sense 2
2025-07-31T06:31:55Z,137.0,Sense 2
2025-07-31T06:32:00Z,136.0,Sense 2
2025-07-31T06:32:06Z,136.0,Sense 2
2025-07-31T06:32:11Z,137.0,Sense 2
2025-07-31T06:32:21Z,137.0,Sense 2
2025-07-31T06:32:26Z,138.0,Sense 2
2025-07-31T06:32:31Z,140.0,Sense 2
2025-07-31T06:32:36Z,142.0,Sense 2
2025-07-31T06:32:41Z,141.0,Sense 2
2025-07-31T06:32:46Z,140.0,Sense 2
2025-07-31T06:33:01Z,140.0,Sense 2
2025-07-31T06:33:16Z,140.0,Sense 2
2025-07-31T06:33:26Z,141.0,Sense 2
2025-07-31T06:33:31Z,140.0,Sense 2
2025-07-31T06:33:45Z,142.0,Sense 2
2025-07-31T06:33:50Z,139.0,Sense 2
2025-07-31T06:33:55Z,137.0,Sense 2
2025-07-31T06:34:00Z,136.0,Sense 2
2025-07-31T06:34:05Z,136.0,Sense 2
2025-07-31T06:34:10Z,136.0,Sense 2
2025-07-31T06:34:20Z,137.0,Sense 2
2025-07-31T06:34:25Z,136.0,Sense 2
2025-07-31T06:34:30Z,135.0,Sense 2
2025-07-31T06:34:35Z,136.0,Sense 2
2025-07-31T06:34:45Z,135.0,Sense 2
2025-07-31T06:34:50Z,136.0,Sense 2
2025-07-31T06:34:55Z,135.0,Sense 2
2025-07-31T06:35:05Z,137.0,Sense 2
2025-07-31T06:35:10Z,137.0,Sense 2
2025-07-31T06:35:20Z,137.0,Sense 2
2025-07-31T06:35:30Z,136.0,Sense 2
2025-07-31T06:35:35Z,137.0,Sense 2
2025-07-31T06:35:45Z,136.0,Sense 2
2025-07-31T06:36:00Z,137.0,Sense 2
2025-07-31T06:36:05Z,136.0,Sense 2
2025-07-31T06:36:10Z,137.0,Sense 2
2025-07-31T06:36:15Z,135.0,Sense 2
2025-07-31T06:36:20Z,136.0,Sense 2
2025-07-31T06:36:25Z,137.0,Sense 2
2025-07-31T06:36:35Z,138.0,Sense 2
2025-07-31T06:36:40Z,138.0,Sense 2
2025-07-31T06:36:45Z,134.0,Sense 2
2025-07-31T06:36:50Z,136.0,Sense 2
2025-07-31T06:36:55Z,137.0,Sense 2
2025-07-31T06:37:00Z,136.0,Sense 2
2025-07-31T06:37:15Z,135.0,Sense 2
2025-07-31T06:37:20Z,136.0,Sense 2
2025-07-31T06:37:30Z,136.0,Sense 2
2025-07-31T06:37:35Z,139.0,Sense 2
2025-07-31T06:37:40Z,140.0,Sense 2
2025-07-31T06:37:45Z,137.0,Sense 2
2025-07-31T06:37:55Z,138.0,Sense 2
2025-07-31T06:38:00Z,137.0,Sense 2
2025-07-31T06:38:10Z,136.0,Sense 2
2025-07-31T06:38:15Z,137.0,Sense 2
2025-07-31T06:38:25Z,136.0,Sense 2
2025-07-31T06:38:30Z,133.0,Sense 2
2025-07-31T06:38:40Z,134.0,Sense 2
2025-07-31T06:38:50Z,135.0,Sense 2
2025-07-31T06:38:55Z,137.0,Sense 2
2025-07-31T06:39:10Z,137.0,Sense 2
2025-07-31T06:39:25Z,137.0,Sense 2
2025-07-31T06:39:30Z,137.0,Sense 2
2025-07-31T06:39:40Z,137.0,Sense 2
2025-07-31T06:39:45Z,135.0,Sense 2
2025-07-31T06:39:55Z,132.0,Sense 2
2025-07-31T06:40:00Z,133.0,Sense 2
2025-07-31T06:40:05Z,131.0,Sense 2
2025-07-31T06:40:10Z,127.0,Sense 2
2025-07-31T06:40:15Z,121.0,Sense 2
2025-07-31T06:40:20Z,120.0,Sense 2
2025-07-31T06:40:30Z,120.0,Sense 2
2025-07-31T06:40:40Z,124.0,Sense 2
2025-07-31T06:40:55Z,120.0,Sense 2
2025-07-31T06:41:00Z,124.0,Sense 2
2025-07-31T06:41:05Z,122.0,Sense 2
2025-07-31T06:41:10Z,120.0,Sense 2
2025-07-31T06:41:15Z,118.0,Sense 2
2025-07-31T06:41:20Z,126.0,Sense 2
2025-07-31T06:41:25Z,130.0,Sense 2
2025-07-31T06:41:30Z,136.0,Sense 2
2025-07-31T06:41:35Z,139.0,Sense 2
2025-07-31T06:41:40Z,137.0,Sense 2
2025-07-31T06:41:50Z,135.0,Sense 2
2025-07-31T06:41:55Z,141.0,Sense 2
2025-07-31T06:42:00Z,135.0,Sense 2
2025-07-31T06:42:05Z,142.0,Sense 2
2025-07-31T06:42:10Z,140.0,Sense 2
2025-07-31T06:42:15Z,130.0,Sense 2
2025-07-31T06:42:25Z,128.0,Sense 2
2025-07-31T06:42:30Z,138.0,Sense 2
2025-07-31T06:42:35Z,127.0,Sense 2
2025-07-31T06:42:40Z,129.0,Sense 2
2025-07-31T06:42:45Z,130.0,Sense 2
2025-07-31T06:42:50Z,131.0,Sense 2
2025-07-31T06:42:55Z,123.0,Sense 2
2025-07-31T06:43:00Z,112.0,Sense 2
2025-07-31T06:43:05Z,89.0,Sense 2
2025-07-31T06:43:10Z,93.0,Sense 2
2025-07-31T06:43:15Z,91.0,Sense 2
2025-07-31T06:43:25Z,84.0,Sense 2
2025-07-31T06:43:30Z,85.0,Sense 2
2025-07-31T06:43:35Z,88.0,Sense 2
2025-07-31T06:43:40Z,89.0,Sense 2
2025-07-31T06:43:45Z,90.0,Sense 2
2025-07-31T06:43:55Z,91.0,Sense 2
2025-07-31T06:44:00Z,90.0,Sense 2
2025-07-31T06:44:05Z,88.0,Sense 2
2025-07-31T06:44:10Z,83.0,Sense 2
2025-07-31T06:44:15Z,79.0,Sense 2
2025-07-31T06:44:20Z,80.0,Sense 2
2025-07-31T06:44:25Z,79.0,Sense 2
2025-07-31T06:44:30Z,94.0,Sense 2
2025-07-31T06:44:35Z,105.0,Sense 2
2025-07-31T06:44:40Z,106.0,Sense 2
2025-07-31T06:44:50Z,108.0,Sense 2
2025-07-31T06:44:55Z,111.0,Sense 2
2025-07-31T06:45:00Z,107.0,Sense 2
2025-07-31T06:45:05Z,109.0,Sense 2
2025-07-31T06:45:10Z,108.0,Sense 2
2025-07-31T06:45:15Z,102.0,Sense 2
2025-07-31T06:45:20Z,112.0,Sense 2
2025-07-31T06:45:25Z,108.0,Sense 2
2025-07-31T06:45:30Z,110.0,Sense 2
2025-07-31T06:45:40Z,106.0,Sense 2
2025-07-31T06:45:45Z,105.0,Sense 2
2025-07-31T06:45:55Z,107.0,Sense 2
2025-07-31T06:46:00Z,106.0,Sense 2
2025-07-31T06:46:05Z,104.0,Sense 2
2025-07-31T06:46:10Z,103.0,Sense 2
2025-07-31T06:46:15Z,98.0,Sense 2
2025-07-31T06:46:20Z,91.0,Sense 2
2025-07-31T06:46:25Z,99.0,Sense 2
2025-07-31T06:46:30Z,98.0,Sense 2
2025-07-31T06:46:35Z,91.0,Sense 2
2025-07-31T06:46:40Z,94.0,Sense 2
2025-07-31T06:46:45Z,96.0,Sense 2
2025-07-31T06:46:50Z,92.0,Sense 2
2025-07-31T06:46:55Z,89.0,Sense 2
2025-07-31T06:47:00Z,91.0,Sense 2
2025-07-31T06:47:07Z,96.0,Sense 2
2025-07-31T06:47:22Z,96.0,Sense 2
2025-07-31T06:47:37Z,96.0,Sense 2
2025-07-31T06:47:42Z,98.0,Sense 2
2025-07-31T06:47:47Z,101.0,Sense 2
2025-07-31T06:47:52Z,102.0,Sense 2
2025-07-31T06:47:57Z,100.0,Sense 2
2025-07-31T06:48:02Z,97.0,Sense 2
2025-07-31T06:48:07Z,95.0,Sense 2
2025-07-31T06:48:12Z,97.0,Sense 2
2025-07-31T06:48:17Z,96.0,Sense 2
2025-07-31T06:48:22Z,116.0,Sense 2
2025-07-31T06:48:27Z,127.0,Sense 2
2025-07-31T06:48:32Z,101.0,Sense 2
2025-07-31T06:48:37Z,94.0,Sense 2
2025-07-31T06:48:47Z,95.0,Sense 2
2025-07-31T06:48:52Z,94.0,Sense 2
2025-07-31T06:48:57Z,92.0,Sense 2
2025-07-31T06:49:02Z,95.0,Sense 2
2025-07-31T06:49:12Z,94.0,Sense 2
2025-07-31T06:49:17Z,97.0,Sense 2
2025-07-31T06:49:22Z,96.0,Sense 2
2025-07-31T06:49:27Z,97.0,Sense 2
2025-07-31T06:49:32Z,94.0,Sense 2
2025-07-31T06:49:37Z,95.0,Sense 2
2025-07-31T06:49:47Z,97.0,Sense 2
2025-07-31T06:50:02Z,96.0,Sense 2
2025-07-31T06:50:12Z,97.0,Sense 2
2025-07-31T06:50:17Z,98.0,Sense 2
2025-07-31T06:50:22Z,95.0,Sense 2
2025-07-31T06:50:27Z,96.0,Sense 2
2025-07-31T06:50:37Z,95.0,Sense 2
2025-07-31T06:50:42Z,94.0,Sense 2
2025-07-31T06:50:52Z,95.0,Sense 2
2025-07-31T06:50:57Z,96.0,Sense 2
2025-07-31T06:51:02Z,91.0,Sense 2
2025-07-31T06:51:07Z,85.0,Sense 2
2025-07-31T06:51:12Z,81.0,Sense 2
2025-07-31T06:51:17Z,76.0,Sense 2
2025-07-31T06:51:22Z,79.0,Sense 2
2025-07-31T06:51:27Z,83.0,Sense 2
2025-07-31T06:51:32Z,84.0,Sense 2
2025-07-31T06:51:37Z,87.0,Sense 2
2025-07-31T06:51:42Z,89.0,Sense 2
2025-07-31T06:51:57Z,89.0,Sense 2
2025-07-31T06:52:02Z,95.0,Sense 2
2025-07-31T06:52:07Z,100.0,Sense 2
2025-07-31T06:52:12Z,101.0,Sense 2
2025-07-31T06:52:17Z,103.0,Sense 2
2025-07-31T06:52:22Z,96.0,Sense 2
2025-07-31T06:52:27Z,94.0,Sense 2
2025-07-31T06:52:37Z,99.0,Sense 2
2025-07-31T06:52:42Z,94.0,Sense 2
2025-07-31T06:52:47Z,95.0,Sense 2
2025-07-31T06:52:52Z,98.0,Sense 2
2025-07-31T06:52:57Z,96.0,Sense 2
2025-07-31T06:53:02Z,103.0,Sense 2
2025-07-31T06:53:08Z,110.0,Sense 2
2025-07-31T06:53:18Z,112.0,Sense 2
2025-07-31T06:53:23Z,115.0,Sense 2
2025-07-31T06:53:28Z,118.0,Sense 2
2025-07-31T06:53:33Z,120.0,Sense 2
2025-07-31T06:53:38Z,119.0,Sense 2
2025-07-31T06:53:53Z,119.0,Sense 2
2025-07-31T06:53:58Z,120.0,Sense 2
2025-07-31T06:54:13Z,134.0,Sense 2
2025-07-31T06:54:18Z,136.0,Sense 2
2025-07-31T06:54:23Z,137.0,Sense 2
2025-07-31T06:54:38Z,137.0,Sense 2
2025-07-31T06:54:53Z,137.0,Sense 2
2025-07-31T06:54:58Z,136.0,Sense 2
2025-07-31T06:55:03Z,134.0,Sense 2
2025-07-31T06:55:13Z,133.0,Sense 2
2025-07-31T06:55:18Z,134.0,Sense 2
2025-07-31T06:55:23Z,135.0,Sense 2
2025-07-31T06:55:28Z,120.0,Sense 2
2025-07-31T06:55:33Z,106.0,Sense 2
2025-07-31T06:55:38Z,108.0,Sense 2
2025-07-31T06:55:43Z,111.0,Sense 2
2025-07-31T06:55:48Z,123.0,Sense 2
2025-07-31T06:55:53Z,123.0,Sense 2
2025-07-31T06:55:58Z,125.0,Sense 2
2025-07-31T06:56:03Z,124.0,Sense 2
2025-07-31T06:56:18Z,124.0,Sense 2
2025-07-31T06:56:23Z,120.0,Sense 2
2025-07-31T06:56:28Z,113.0,Sense 2
2025-07-31T06:56:34Z,146.0,Sense 2
2025-07-31T06:56:39Z,155.0,Sense 2
2025-07-31T06:56:49Z,155.0,Sense 2
2025-07-31T06:56:54Z,156.0,Sense 2
2025-07-31T06:56:59Z,155.0,Sense 2
2025-07-31T06:57:04Z,154.0,Sense 2
2025-07-31T06:57:09Z,157.0,Sense 2
2025-07-31T06:57:14Z,156.0,Sense 2
2025-07-31T06:57:24Z,158.0,Sense 2
2025-07-31T06:57:34Z,157.0,Sense 2
2025-07-31T06:57:39Z,159.0,Sense 2
2025-07-31T06:57:44Z,158.0,Sense 2
2025-07-31T06:57:49Z,156.0,Sense 2
2025-07-31T06:57:59Z,160.0,Sense 2
2025-07-31T06:58:04Z,161.0,Sense 2
2025-07-31T06:58:09Z,159.0,Sense 2
2025-07-31T06:58:14Z,160.0,Sense 2
2025-07-31T06:58:19Z,158.0,Sense 2
2025-07-31T06:58:24Z,156.0,Sense 2
2025-07-31T06:58:29Z,158.0,Sense 2
2025-07-31T06:58:34Z,157.0,Sense 2
2025-07-31T06:58:39Z,155.0,Sense 2
2025-07-31T06:58:49Z,154.0,Sense 2
2025-07-31T06:58:54Z,155.0,Sense 2
2025-07-31T06:59:09Z,157.0,Sense 2
2025-07-31T06:59:14Z,155.0,Sense 2
2025-07-31T06:59:19Z,153.0,Sense 2
2025-07-31T06:59:24Z,155.0,Sense 2
2025-07-31T06:59:29Z,156.0,Sense 2
2025-07-31T06:59:39Z,158.0,Sense 2
2025-07-31T06:59:49Z,156.0,Sense 2
2025-07-31T06:59:54Z,157.0,Sense 2
2025-07-31T06:59:59Z,155.0,Sense 2
2025-07-31T07:00:04Z,156.0,Sense 2
2025-07-31T07:00:09Z,157.0,Sense 2
2025-07-31T07:00:14Z,159.0,Sense 2
2025-07-31T07:00:19Z,158.0,Sense 2
2025-07-31T07:00:24Z,157.0,Sense 2
2025-07-31T07:00:29Z,156.0,Sense 2
2025-07-31T07:00:34Z,157.0,Sense 2
2025-07-31T07:00:39Z,159.0,Sense 2
2025-07-31T07:00:44Z,161.0,Sense 2
2025-07-31T07:00:49Z,159.0,Sense 2
2025-07-31T07:00:54Z,157.0,Sense 2
2025-07-31T07:00:59Z,158.0,Sense 2
2025-07-31T07:01:04Z,159.0,Sense 2
2025-07-31T07:01:09Z,157.0,Sense 2
2025-07-31T07:01:19Z,153.0,Sense 2
2025-07-31T07:01:24Z,155.0,Sense 2
2025-07-31T07:01:29Z,158.0,Sense 2
2025-07-31T07:01:34Z,157.0,Sense 2
2025-07-31T07:01:39Z,156.0,Sense 2
2025-07-31T07:01:49Z,157.0,Sense 2
2025-07-31T07:01:54Z,156.0,Sense 2
2025-07-31T07:01:59Z,155.0,Sense 2
2025-07-31T07:02:04Z,156.0,Sense 2
2025-07-31T07:02:09Z,157.0,Sense 2
2025-07-31T07:02:19Z,156.0,Sense 2
2025-07-31T07:02:29Z,155.0,Sense 2
2025-07-31T07:02:34Z,153.0,Sense 2
2025-07-31T07:02:44Z,154.0,Sense 2
2025-07-31T07:02:49Z,156.0,Sense 2
2025-07-31T07:02:54Z,155.0,Sense 2
2025-07-31T07:03:09Z,155.0,Sense 2
2025-07-31T07:03:14Z,157.0,Sense 2
2025-07-31T07:03:24Z,154.0,Sense 2
2025-07-31T07:03:29Z,156.0,Sense 2
2025-07-31T07:03:34Z,157.0,Sense 2
2025-07-31T07:03:49Z,157.0,Sense 2
2025-07-31T07:03:54Z,156.0,Sense 2
2025-07-31T07:04:00Z,154.0,Sense 2
2025-07-31T07:04:05Z,155.0,Sense 2
2025-07-31T07:04:10Z,156.0,Sense 2
2025-07-31T07:04:15Z,155.0,Sense 2
2025-07-31T07:04:20Z,153.0,Sense 2
2025-07-31T07:04:25Z,155.0,Sense 2
2025-07-31T07:04:30Z,158.0,Sense 2
2025-07-31T07:04:35Z,156.0,Sense 2
2025-07-31T07:04:40Z,155.0,Sense 2
2025-07-31T07:04:50Z,154.0,Sense 2
2025-07-31T07:04:55Z,152.0,Sense 2
2025-07-31T07:05:00Z,155.0,Sense 2
2025-07-31T07:05:05Z,154.0,Sense 2
2025-07-31T07:05:20Z,155.0,Sense 2
2025-07-31T07:05:25Z,153.0,Sense 2
2025-07-31T07:05:30Z,151.0,Sense 2
2025-07-31T07:05:40Z,153.0,Sense 2
2025-07-31T07:05:45Z,154.0,Sense 2
2025-07-31T07:05:50Z,153.0,Sense 2
2025-07-31T07:05:55Z,152.0,Sense 2
2025-07-31T07:06:00Z,154.0,Sense 2
2025-07-31T07:06:05Z,153.0,Sense 2
2025-07-31T07:06:15Z,155.0,Sense 2
2025-07-31T07:06:20Z,157.0,Sense 2
2025-07-31T07:06:25Z,156.0,Sense 2
2025-07-31T07:06:30Z,157.0,Sense 2
2025-07-31T07:06:35Z,155.0,Sense 2
2025-07-31T07:06:40Z,157.0,Sense 2
2025-07-31T07:06:45Z,154.0,Sense 2
2025-07-31T07:06:50Z,153.0,Sense 2
2025-07-31T07:06:55Z,152.0,Sense 2
2025-07-31T07:07:05Z,151.0,Sense 2
2025-07-31T07:07:10Z,150.0,Sense 2
2025-07-31T07:07:15Z,153.0,Sense 2
2025-07-31T07:07:20Z,151.0,Sense 2
2025-07-31T07:07:30Z,150.0,Sense 2
2025-07-31T07:07:40Z,149.0,Sense 2
2025-07-31T07:07:45Z,148.0,Sense 2
2025-07-31T07:07:50Z,151.0,Sense 2
2025-07-31T07:07:55Z,149.0,Sense 2
2025-07-31T07:08:00Z,150.0,Sense 2
2025-07-31T07:08:05Z,149.0,Sense 2
2025-07-31T07:08:10Z,148.0,Sense 2
2025-07-31T07:08:15Z,149.0,Sense 2
2025-07-31T07:08:20Z,148.0,Sense 2
2025-07-31T07:08:30Z,149.0,Sense 2
2025-07-31T07:08:35Z,147.0,Sense 2
2025-07-31T07:08:40Z,148.0,Sense 2
2025-07-31T07:08:50Z,149.0,Sense 2
2025-07-31T07:09:00Z,152.0,Sense 2
2025-07-31T07:09:10Z,151.0,Sense 2
2025-07-31T07:09:15Z,149.0,Sense 2
2025-07-31T07:09:20Z,150.0,Sense 2
2025-07-31T07:09:30Z,149.0,Sense 2
2025-07-31T07:09:35Z,148.0,Sense 2
2025-07-31T07:09:40Z,150.0,Sense 2
2025-07-31T07:09:45Z,149.0,Sense 2
2025-07-31T07:09:50Z,148.0,Sense 2
2025-07-31T07:09:55Z,149.0,Sense 2
2025-07-31T07:10:10Z,150.0,Sense 2
2025-07-31T07:10:15Z,151.0,Sense 2
2025-07-31T07:10:30Z,151.0,Sense 2
2025-07-31T07:10:45Z,151.0,Sense 2
2025-07-31T07:11:00Z,150.0,Sense 2
2025-07-31T07:11:10Z,153.0,Sense 2
2025-07-31T07:11:15Z,154.0,Sense 2
2025-07-31T07:11:25Z,153.0,Sense 2
2025-07-31T07:11:30Z,154.0,Sense 2
2025-07-31T07:11:40Z,152.0,Sense 2
2025-07-31T07:11:45Z,153.0,Sense 2
2025-07-31T07:11:55Z,152.0,Sense 2
2025-07-31T07:12:10Z,152.0,Sense 2
2025-07-31T07:12:15Z,153.0,Sense 2
2025-07-31T07:12:25Z,155.0,Sense 2
2025-07-31T07:12:35Z,153.0,Sense 2
2025-07-31T07:12:40Z,150.0,Sense 2
2025-07-31T07:12:45Z,153.0,Sense 2
2025-07-31T07:12:50Z,152.0,Sense 2
2025-07-31T07:12:55Z,153.0,Sense 2
2025-07-31T07:13:00Z,152.0,Sense 2
2025-07-31T07:13:05Z,154.0,Sense 2
2025-07-31T07:13:10Z,154.0,Sense 2
2025-07-31T07:13:15Z,153.0,Sense 2
2025-07-31T07:13:20Z,154.0,Sense 2
2025-07-31T07:13:25Z,156.0,Sense 2
2025-07-31T07:13:35Z,155.0,Sense 2
2025-07-31T07:13:50Z,156.0,Sense 2
2025-07-31T07:13:55Z,155.0,Sense 2
2025-07-31T07:14:00Z,153.0,Sense 2
2025-07-31T07:14:05Z,154.0,Sense 2
2025-07-31T07:14:10Z,157.0,Sense 2
2025-07-31T07:14:20Z,156.0,Sense 2
2025-07-31T07:14:35Z,156.0,Sense 2
2025-07-31T07:14:40Z,157.0,Sense 2
2025-07-31T07:14:45Z,156.0,Sense 2
2025-07-31T07:14:50Z,154.0,Sense 2
2025-07-31T07:14:55Z,153.0,Sense 2
2025-07-31T07:15:05Z,156.0,Sense 2
2025-07-31T07:15:15Z,155.0,Sense 2
2025-07-31T07:15:20Z,154.0,Sense 2
2025-07-31T07:15:25Z,153.0,Sense 2
2025-07-31T07:15:30Z,152.0,Sense 2
2025-07-31T07:15:35Z,153.0,Sense 2
2025-07-31T07:15:40Z,156.0,Sense 2
2025-07-31T07:15:45Z,158.0,Sense 2
2025-07-31T07:15:50Z,157.0,Sense 2
2025-07-31T07:15:55Z,156.0,Sense 2
2025-07-31T07:16:00Z,157.0,Sense 2
2025-07-31T07:16:05Z,156.0,Sense 2
2025-07-31T07:16:10Z,153.0,Sense 2
2025-07-31T07:16:25Z,154.0,Sense 2
2025-07-31T07:16:30Z,155.0,Sense 2
2025-07-31T07:16:35Z,157.0,Sense 2
2025-07-31T07:16:40Z,162.0,Sense 2
2025-07-31T07:16:50Z,158.0,Sense 2
2025-07-31T07:16:55Z,157.0,Sense 2
2025-07-31T07:17:00Z,154.0,Sense 2
2025-07-31T07:17:05Z,155.0,Sense 2
2025-07-31T07:17:10Z,159.0,Sense 2
2025-07-31T07:17:15Z,156.0,Sense 2
2025-07-31T07:17:30Z,159.0,Sense 2
2025-07-31T07:17:35Z,158.0,Sense 2
2025-07-31T07:17:40Z,153.0,Sense 2
2025-07-31T07:17:55Z,153.0,Sense 2
2025-07-31T07:18:00Z,155.0,Sense 2
2025-07-31T07:18:05Z,156.0,Sense 2
2025-07-31T07:18:10Z,155.0,Sense 2
2025-07-31T07:18:25Z,158.0,Sense 2
2025-07-31T07:18:35Z,156.0,Sense 2
2025-07-31T07:18:45Z,157.0,Sense 2
2025-07-31T07:18:50Z,158.0,Sense 2
2025-07-31T07:18:55Z,157.0,Sense 2
2025-07-31T07:19:00Z,158.0,Sense 2
2025-07-31T07:19:05Z,160.0,Sense 2
2025-07-31T07:19:09Z,158.0,Sense 2
2025-07-31T07:19:14Z,157.0,Sense 2
2025-07-31T07:19:19Z,159.0,Sense 2
2025-07-31T07:19:24Z,160.0,Sense 2
2025-07-31T07:19:29Z,158.0,Sense 2
2025-07-31T07:19:34Z,156.0,Sense 2
2025-07-31T07:19:39Z,159.0,Sense 2
2025-07-31T07:19:44Z,160.0,Sense 2
2025-07-31T07:19:49Z,156.0,Sense 2
2025-07-31T07:19:54Z,155.0,Sense 2
2025-07-31T07:20:04Z,157.0,Sense 2
2025-07-31T07:20:09Z,154.0,Sense 2
2025-07-31T07:20:14Z,157.0,Sense 2
2025-07-31T07:20:19Z,159.0,Sense 2
2025-07-31T07:20:24Z,158.0,Sense 2
2025-07-31T07:20:29Z,159.0,Sense 2
2025-07-31T07:20:34Z,155.0,Sense 2
2025-07-31T07:20:39Z,156.0,Sense 2
2025-07-31T07:20:44Z,157.0,Sense 2
2025-07-31T07:20:54Z,156.0,Sense 2
2025-07-31T07:20:59Z,154.0,Sense 2
2025-07-31T07:21:04Z,155.0,Sense 2
2025-07-31T07:21:09Z,157.0,Sense 2
2025-07-31T07:21:14Z,155.0,Sense 2
2025-07-31T07:21:19Z,156.0,Sense 2
2025-07-31T07:21:24Z,157.0,Sense 2
2025-07-31T07:21:29Z,156.0,Sense 2
2025-07-31T07:21:34Z,156.0,Sense 2
2025-07-31T07:21:39Z,155.0,Sense 2
2025-07-31T07:21:49Z,154.0,Sense 2
2025-07-31T07:21:54Z,155.0,Sense 2
2025-07-31T07:21:59Z,157.0,Sense 2
2025-07-31T07:22:04Z,156.0,Sense 2
2025-07-31T07:22:09Z,157.0,Sense 2
2025-07-31T07:22:14Z,155.0,Sense 2
2025-07-31T07:22:19Z,154.0,Sense 2
2025-07-31T07:22:24Z,153.0,Sense 2
2025-07-31T07:22:29Z,152.0,Sense 2
2025-07-31T07:22:34Z,151.0,Sense 2
2025-07-31T07:22:39Z,152.0,Sense 2
2025-07-31T07:22:49Z,153.0,Sense 2
2025-07-31T07:23:04Z,153.0,Sense 2
2025-07-31T07:23:19Z,152.0,Sense 2
2025-07-31T07:23:24Z,154.0,Sense 2
2025-07-31T07:23:29Z,155.0,Sense 2
2025-07-31T07:23:34Z,156.0,Sense 2
2025-07-31T07:23:39Z,155.0,Sense 2
2025-07-31T07:23:44Z,154.0,Sense 2
2025-07-31T07:23:49Z,153.0,Sense 2
2025-07-31T07:23:54Z,152.0,Sense 2
2025-07-31T07:23:59Z,153.0,Sense 2
2025-07-31T07:24:09Z,154.0,Sense 2
2025-07-31T07:24:14Z,154.0,Sense 2
2025-07-31T07:24:19Z,155.0,Sense 2
2025-07-31T07:24:24Z,155.0,Sense 2
2025-07-31T07:24:29Z,154.0,Sense 2
2025-07-31T07:24:34Z,152.0,Sense 2
2025-07-31T07:24:39Z,149.0,Sense 2
2025-07-31T07:24:44Z,144.0,Sense 2
2025-07-31T07:24:49Z,137.0,Sense 2
2025-07-31T07:24:54Z,133.0,Sense 2
2025-07-31T07:24:59Z,128.0,Sense 2
2025-07-31T07:25:04Z,130.0,Sense 2
2025-07-31T07:25:14Z,128.0,Sense 2
2025-07-31T07:25:19Z,129.0,Sense 2
2025-07-31T07:25:24Z,130.0,Sense 2
2025-07-31T07:25:29Z,131.0,Sense 2
2025-07-31T07:25:34Z,127.0,Sense 2
2025-07-31T07:25:39Z,122.0,Sense 2
2025-07-31T07:25:44Z,120.0,Sense 2
2025-07-31T07:25:49Z,118.0,Sense 2
2025-07-31T07:25:54Z,123.0,Sense 2
2025-07-31T07:25:59Z,129.0,Sense 2
2025-07-31T07:26:04Z,141.0,Sense 2
2025-07-31T07:26:09Z,148.0,Sense 2
2025-07-31T07:26:24Z,147.0,Sense 2
2025-07-31T07:26:29Z,146.0,Sense 2
2025-07-31T07:26:34Z,147.0,Sense 2
2025-07-31T07:26:39Z,146.0,Sense 2
2025-07-31T07:26:44Z,144.0,Sense 2
2025-07-31T07:26:49Z,142.0,Sense 2
2025-07-31T07:26:54Z,138.0,Sense 2
2025-07-31T07:26:59Z,134.0,Sense 2
2025-07-31T07:27:04Z,129.0,Sense 2
2025-07-31T07:27:09Z,127.0,Sense 2
2025-07-31T07:27:14Z,129.0,Sense 2
2025-07-31T07:27:19Z,127.0,Sense 2
2025-07-31T07:27:29Z,130.0,Sense 2
2025-07-31T07:27:34Z,131.0,Sense 2
2025-07-31T07:27:39Z,129.0,Sense 2
2025-07-31T07:27:54Z,145.0,Sense 2
2025-07-31T07:27:59Z,151.0,Sense 2
2025-07-31T07:28:04Z,152.0,Sense 2
2025-07-31T07:28:09Z,149.0,Sense 2
2025-07-31T07:28:19Z,151.0,Sense 2
2025-07-31T07:28:24Z,146.0,Sense 2
2025-07-31T07:28:29Z,141.0,Sense 2
2025-07-31T07:28:34Z,135.0,Sense 2
2025-07-31T07:28:39Z,147.0,Sense 2
2025-07-31T07:28:44Z,151.0,Sense 2
2025-07-31T07:28:54Z,152.0,Sense 2
2025-07-31T07:28:59Z,151.0,Sense 2
2025-07-31T07:29:09Z,141.0,Sense 2
2025-07-31T07:29:14Z,140.0,Sense 2
2025-07-31T07:29:24Z,139.0,Sense 2
2025-07-31T07:29:29Z,137.0,Sense 2
2025-07-31T07:29:34Z,149.0,Sense 2
2025-07-31T07:29:39Z,154.0,Sense 2
2025-07-31T07:29:44Z,153.0,Sense 2
2025-07-31T07:29:49Z,160.0,Sense 2
2025-07-31T07:29:54Z,162.0,Sense 2
2025-07-31T07:29:59Z,159.0,Sense 2
2025-07-31T07:30:04Z,157.0,Sense 2
2025-07-31T07:30:09Z,156.0,Sense 2
2025-07-31T07:30:14Z,155.0,Sense 2
2025-07-31T07:30:19Z,153.0,Sense 2
2025-07-31T07:30:24Z,152.0,Sense 2
2025-07-31T07:30:34Z,151.0,Sense 2
2025-07-31T07:30:39Z,159.0,Sense 2
2025-07-31T07:30:44Z,162.0,Sense 2
2025-07-31T07:30:59Z,159.0,Sense 2
2025-07-31T07:31:04Z,157.0,Sense 2
2025-07-31T07:31:09Z,154.0,Sense 2
2025-07-31T07:31:14Z,153.0,Sense 2
2025-07-31T07:31:19Z,152.0,Sense 2
2025-07-31T07:31:24Z,154.0,Sense 2
2025-07-31T07:31:29Z,159.0,Sense 2
2025-07-31T07:31:34Z,157.0,Sense 2
2025-07-31T07:31:39Z,154.0,Sense 2
2025-07-31T07:31:44Z,152.0,Sense 2
2025-07-31T07:31:49Z,155.0,Sense 2
2025-07-31T07:31:54Z,145.0,Sense 2
2025-07-31T07:32:04Z,142.0,Sense 2
2025-07-31T07:32:09Z,140.0,Sense 2
2025-07-31T07:32:14Z,139.0,Sense 2
2025-07-31T07:32:19Z,138.0,Sense 2
2025-07-31T07:32:24Z,132.0,Sense 2
2025-07-31T07:32:29Z,131.0,Sense 2
2025-07-31T07:32:39Z,142.0,Sense 2
2025-07-31T07:32:44Z,159.0,Sense 2
2025-07-31T07:32:49Z,158.0,Sense 2
2025-07-31T07:32:54Z,159.0,Sense 2
2025-07-31T07:32:59Z,160.0,Sense 2
2025-07-31T07:33:04Z,159.0,Sense 2
2025-07-31T07:33:09Z,158.0,Sense 2
2025-07-31T07:33:14Z,156.0,Sense 2
2025-07-31T07:33:19Z,154.0,Sense 2
2025-07-31T07:33:24Z,153.0,Sense 2
2025-07-31T07:33:29Z,151.0,Sense 2
2025-07-31T07:33:34Z,154.0,Sense 2
2025-07-31T07:33:39Z,163.0,Sense 2
2025-07-31T07:33:44Z,165.0,Sense 2
2025-07-31T07:33:59Z,164.0,Sense 2
2025-07-31T07:34:04Z,164.0,Sense 2
2025-07-31T07:34:09Z,162.0,Sense 2
2025-07-31T07:34:14Z,158.0,Sense 2
2025-07-31T07:34:19Z,155.0,Sense 2
2025-07-31T07:34:24Z,150.0,Sense 2
2025-07-31T07:34:29Z,144.0,Sense 2
2025-07-31T07:34:34Z,142.0,Sense 2
2025-07-31T07:34:39Z,132.0,Sense 2
2025-07-31T07:34:44Z,130.0,Sense 2
2025-07-31T07:34:49Z,129.0,Sense 2
2025-07-31T07:35:04Z,130.0,Sense 2
2025-07-31T07:35:09Z,129.0,Sense 2
2025-07-31T07:35:14Z,126.0,Sense 2
2025-07-31T07:35:19Z,125.0,Sense 2
2025-07-31T07:35:24Z,123.0,Sense 2
2025-07-31T07:35:29Z,115.0,Sense 2
2025-07-31T07:35:34Z,102.0,Sense 2
2025-07-31T07:35:39Z,101.0,Sense 2
2025-07-31T07:35:44Z,106.0,Sense 2
2025-07-31T07:35:49Z,111.0,Sense 2
2025-07-31T07:35:54Z,110.0,Sense 2
2025-07-31T07:35:59Z,109.0,Sense 2
2025-07-31T07:36:04Z,104.0,Sense 2
2025-07-31T07:36:09Z,102.0,Sense 2
2025-07-31T07:36:14Z,106.0,Sense 2
2025-07-31T07:36:19Z,110.0,Sense 2
2025-07-31T07:36:29Z,109.0,Sense 2
2025-07-31T07:36:34Z,108.0,Sense 2
2025-07-31T07:36:39Z,103.0,Sense 2
2025-07-31T07:36:44Z,97.0,Sense 2
2025-07-31T07:36:54Z,95.0,Sense 2
2025-07-31T07:36:59Z,93.0,Sense 2
2025-07-31T07:37:04Z,91.0,Sense 2
2025-07-31T07:37:09Z,90.0,Sense 2
2025-07-31T07:37:14Z,89.0,Sense 2
2025-07-31T07:37:19Z,90.0,Sense 2
2025-07-31T07:37:24Z,90.0,Sense 2
2025-07-31T07:37:39Z,92.0,Sense 2
2025-07-31T07:37:44Z,93.0,Sense 2
2025-07-31T07:37:49Z,92.0,Sense 2
2025-07-31T07:37:59Z,93.0,Sense 2
2025-07-31T07:38:04Z,91.0,Sense 2
2025-07-31T07:38:09Z,90.0,Sense 2
2025-07-31T07:38:24Z,91.0,Sense 2
2025-07-31T07:38:29Z,84.0,Sense 2
2025-07-31T07:38:34Z,86.0,Sense 2
2025-07-31T07:38:44Z,87.0,Sense 2
2025-07-31T07:38:49Z,88.0,Sense 2
2025-07-31T07:38:59Z,87.0,Sense 2
2025-07-31T07:39:04Z,86.0,Sense 2
2025-07-31T07:39:09Z,86.0,Sense 2
2025-07-31T07:39:14Z,85.0,Sense 2
2025-07-31T07:39:19Z,83.0,Sense 2
2025-07-31T07:39:29Z,82.0,Sense 2
2025-07-31T07:39:34Z,80.0,Sense 2
2025-07-31T07:39:39Z,79.0,Sense 2
2025-07-31T07:39:44Z,80.0,Sense 2
2025-07-31T07:39:49Z,84.0,Sense 2
2025-07-31T07:39:54Z,85.0,Sense 2
2025-07-31T07:39:59Z,86.0,Sense 2
2025-07-31T07:40:04Z,88.0,Sense 2
2025-07-31T07:40:09Z,89.0,Sense 2
2025-07-31T07:40:14Z,90.0,Sense 2
2025-07-31T07:40:19Z,91.0,Sense 2
2025-07-31T07:40:34Z,91.0,Sense 2
2025-07-31T07:40:39Z,92.0,Sense 2
2025-07-31T07:40:49Z,93.0,Sense 2
2025-07-31T07:40:54Z,92.0,Sense 2
2025-07-31T07:40:59Z,93.0,Sense 2
2025-07-31T07:41:09Z,94.0,Sense 2
2025-07-31T07:41:19Z,96.0,Sense 2
2025-07-31T07:41:24Z,97.0,Sense 2
2025-07-31T07:41:29Z,96.0,Sense 2
2025-07-31T07:41:34Z,95.0,Sense 2
2025-07-31T07:41:39Z,96.0,Sense 2
2025-07-31T07:41:44Z,97.0,Sense 2
2025-07-31T07:41:49Z,97.0,Sense 2
2025-07-31T07:41:54Z,90.0,Sense 2
2025-07-31T07:41:59Z,91.0,Sense 2
2025-07-31T07:42:14Z,91.0,Sense 2
2025-07-31T07:42:29Z,91.0,Sense 2
2025-07-31T07:42:34Z,90.0,Sense 2
2025-07-31T07:42:39Z,89.0,Sense 2
2025-07-31T07:42:44Z,90.0,Sense 2
2025-07-31T07:42:54Z,91.0,Sense 2
2025-07-31T07:42:59Z,92.0,Sense 2
2025-07-31T07:43:04Z,90.0,Sense 2
2025-07-31T07:43:09Z,89.0,Sense 2
2025-07-31T07:43:24Z,89.0,Sense 2
2025-07-31T07:43:39Z,90.0,Sense 2
2025-07-31T07:43:49Z,89.0,Sense 2
2025-07-31T07:43:54Z,90.0,Sense 2
2025-07-31T07:43:59Z,91.0,Sense 2
2025-07-31T07:44:09Z,92.0,Sense 2
2025-07-31T07:44:24Z,92.0,Sense 2
2025-07-31T07:44:29Z,93.0,Sense 2
2025-07-31T07:44:34Z,94.0,Sense 2
2025-07-31T07:44:39Z,93.0,Sense 2
2025-07-31T07:44:44Z,90.0,Sense 2
2025-07-31T07:44:59Z,91.0,Sense 2
2025-07-31T07:45:14Z,91.0,Sense 2
2025-07-31T07:45:24Z,92.0,Sense 2
2025-07-31T07:45:29Z,93.0,Sense 2
2025-07-31T07:45:34Z,94.0,Sense 2
2025-07-31T07:45:39Z,93.0,Sense 2
2025-07-31T07:45:49Z,94.0,Sense 2
2025-07-31T07:45:59Z,95.0,Sense 2
2025-07-31T07:46:04Z,96.0,Sense 2
2025-07-31T07:46:09Z,97.0,Sense 2
2025-07-31T07:46:14Z,98.0,Sense 2
2025-07-31T07:46:19Z,99.0,Sense 2
2025-07-31T07:46:24Z,98.0,Sense 2
2025-07-31T07:46:34Z,99.0,Sense 2
2025-07-31T07:46:39Z,98.0,Sense 2
2025-07-31T07:46:44Z,99.0,Sense 2
2025-07-31T07:46:59Z,99.0,Sense 2
2025-07-31T07:47:04Z,100.0,Sense 2
2025-07-31T07:47:09Z,99.0,Sense 2
2025-07-31T07:47:14Z,94.0,Sense 2
2025-07-31T07:47:19Z,93.0,Sense 2
2025-07-31T07:47:24Z,94.0,Sense 2
2025-07-31T07:47:29Z,95.0,Sense 2
2025-07-31T07:47:39Z,96.0,Sense 2
2025-07-31T07:47:49Z,97.0,Sense 2
2025-07-31T07:47:59Z,98.0,Sense 2
2025-07-31T07:48:04Z,100.0,Sense 2
2025-07-31T07:48:19Z,100.0,Sense 2
2025-07-31T07:48:29Z,99.0,Sense 2
2025-07-31T07:48:44Z,102.0,Sense 2
2025-07-31T07:48:49Z,100.0,Sense 2
2025-07-31T07:48:54Z,95.0,Sense 2
2025-07-31T07:48:59Z,96.0,Sense 2
2025-07-31T07:49:04Z,98.0,Sense 2
2025-07-31T07:49:14Z,97.0,Sense 2
2025-07-31T07:49:19Z,96.0,Sense 2
2025-07-31T07:49:34Z,96.0,Sense 2
2025-07-31T07:49:39Z,97.0,Sense 2
2025-07-31T07:49:49Z,98.0,Sense 2
2025-07-31T07:50:04Z,90.0,Sense 2
2025-07-31T07:50:19Z,91.0,Sense 2
2025-07-31T07:50:24Z,93.0,Sense 2
2025-07-31T07:50:39Z,94.0,Sense 2
2025-07-31T07:50:44Z,93.0,Sense 2
2025-07-31T07:50:49Z,93.0,Sense 2
2025-07-31T07:51:04Z,93.0,Sense 2
2025-07-31T07:51:09Z,94.0,Sense 2
2025-07-31T07:51:14Z,96.0,Sense 2
2025-07-31T07:51:24Z,97.0,Sense 2
2025-07-31T07:51:34Z,103.0,Sense 2
2025-07-31T07:51:39Z,105.0,Sense 2
2025-07-31T07:51:44Z,103.0,Sense 2
2025-07-31T07:51:49Z,102.0,Sense 2
2025-07-31T07:51:54Z,99.0,Sense 2
2025-07-31T07:51:59Z,98.0,Sense 2
2025-07-31T07:52:04Z,99.0,Sense 2
2025-07-31T07:52:14Z,100.0,Sense 2
2025-07-31T07:52:19Z,101.0,Sense 2
2025-07-31T07:52:24Z,102.0,Sense 2
2025-07-31T07:52:39Z,102.0,Sense 2
2025-07-31T07:52:44Z,101.0,Sense 2
2025-07-31T07:52:54Z,100.0,Sense 2
2025-07-31T07:53:04Z,98.0,Sense 2
2025-07-31T07:53:09Z,99.0,Sense 2
2025-07-31T07:53:19Z,98.0,Sense 2
2025-07-31T07:53:34Z,97.0,Sense 2
2025-07-31T07:53:49Z,99.0,Sense 2
2025-07-31T07:53:54Z,98.0,Sense 2
2025-07-31T07:54:04Z,97.0,Sense 2
2025-07-31T07:54:09Z,98.0,Sense 2
2025-07-31T07:54:14Z,99.0,Sense 2
2025-07-31T07:54:19Z,98.0,Sense 2
2025-07-31T07:54:24Z,97.0,Sense 2
2025-07-31T07:54:39Z,96.0,Sense 2
2025-07-31T07:54:49Z,107.0,Sense 2
2025-07-31T07:54:54Z,108.0,Sense 2
2025-07-31T07:54:59Z,107.0,Sense 2
2025-07-31T07:55:04Z,106.0,Sense 2
2025-07-31T07:55:14Z,106.0,Sense 2
2025-07-31T07:55:19Z,105.0,Sense 2
2025-07-31T07:55:24Z,104.0,Sense 2
2025-07-31T07:55:34Z,105.0,Sense 2
2025-07-31T07:55:39Z,104.0,Sense 2
2025-07-31T07:55:44Z,103.0,Sense 2
2025-07-31T07:55:49Z,119.0,Sense 2
2025-07-31T07:55:54Z,124.0,Sense 2
2025-07-31T07:55:59Z,123.0,Sense 2
2025-07-31T07:56:04Z,122.0,Sense 2
2025-07-31T07:56:09Z,123.0,Sense 2
2025-07-31T07:56:14Z,133.0,Sense 2
2025-07-31T07:56:19Z,137.0,Sense 2
2025-07-31T07:56:29Z,136.0,Sense 2
2025-07-31T07:56:34Z,134.0,Sense 2
2025-07-31T07:56:39Z,133.0,Sense 2
2025-07-31T07:56:44Z,134.0,Sense 2
2025-07-31T07:56:49Z,132.0,Sense 2
2025-07-31T07:56:54Z,131.0,Sense 2
2025-07-31T07:56:59Z,124.0,Sense 2
2025-07-31T07:57:04Z,120.0,Sense 2
2025-07-31T07:57:09Z,117.0,Sense 2
2025-07-31T07:57:14Z,144.0,Sense 2
2025-07-31T07:57:19Z,150.0,Sense 2
2025-07-31T07:57:24Z,149.0,Sense 2
2025-07-31T07:57:34Z,148.0,Sense 2
2025-07-31T07:57:39Z,146.0,Sense 2
2025-07-31T07:57:44Z,143.0,Sense 2
2025-07-31T07:57:49Z,140.0,Sense 2
2025-07-31T07:57:54Z,138.0,Sense 2
2025-07-31T07:57:59Z,135.0,Sense 2
2025-07-31T07:58:04Z,130.0,Sense 2
2025-07-31T07:58:09Z,129.0,Sense 2
2025-07-31T07:58:14Z,125.0,Sense 2
2025-07-31T07:58:19Z,127.0,Sense 2
2025-07-31T07:58:24Z,121.0,Sense 2
2025-07-31T07:58:29Z,118.0,Sense 2
2025-07-31T07:58:34Z,117.0,Sense 2
2025-07-31T07:58:39Z,117.0,Sense 2
2025-07-31T07:58:49Z,118.0,Sense 2
2025-07-31T07:58:54Z,122.0,Sense 2
2025-07-31T07:58:59Z,141.0,Sense 2
2025-07-31T07:59:04Z,138.0,Sense 2
2025-07-31T07:59:09Z,133.0,Sense 2
2025-07-31T07:59:14Z,130.0,Sense 2
2025-07-31T07:59:19Z,131.0,Sense 2
2025-07-31T07:59:24Z,133.0,Sense 2
2025-07-31T07:59:29Z,131.0,Sense 2
2025-07-31T07:59:39Z,130.0,Sense 2
2025-07-31T07:59:44Z,128.0,Sense 2
2025-07-31T07:59:49Z,128.0,Sense 2
2025-07-31T07:59:59Z,124.0,Sense 2
2025-07-31T08:00:04Z,121.0,Sense 2
2025-07-31T08:00:09Z,115.0,Sense 2
2025-07-31T08:00:14Z,111.0,Sense 2
2025-07-31T08:00:19Z,112.0,Sense 2
2025-07-31T08:00:24Z,114.0,Sense 2
2025-07-31T08:00:29Z,113.0,Sense 2
2025-07-31T08:00:34Z,110.0,Sense 2
2025-07-31T08:00:39Z,133.0,Sense 2
2025-07-31T08:00:44Z,143.0,Sense 2
2025-07-31T08:00:59Z,143.0,Sense 2
2025-07-31T08:01:04Z,142.0,Sense 2
2025-07-31T08:01:09Z,144.0,Sense 2
2025-07-31T08:01:14Z,153.0,Sense 2
2025-07-31T08:01:24Z,156.0,Sense 2
2025-07-31T08:01:29Z,151.0,Sense 2
2025-07-31T08:01:34Z,150.0,Sense 2
2025-07-31T08:01:39Z,151.0,Sense 2
2025-07-31T08:01:54Z,147.0,Sense 2
2025-07-31T08:01:59Z,143.0,Sense 2
2025-07-31T08:02:04Z,142.0,Sense 2
2025-07-31T08:02:09Z,139.0,Sense 2
2025-07-31T08:02:14Z,132.0,Sense 2
2025-07-31T08:02:19Z,133.0,Sense 2
2025-07-31T08:02:24Z,132.0,Sense 2
2025-07-31T08:02:29Z,132.0,Sense 2
2025-07-31T08:02:34Z,133.0,Sense 2
2025-07-31T08:02:39Z,130.0,Sense 2
2025-07-31T08:02:44Z,118.0,Sense 2
2025-07-31T08:02:54Z,121.0,Sense 2
2025-07-31T08:02:59Z,119.0,Sense 2
2025-07-31T08:03:04Z,116.0,Sense 2
2025-07-31T08:03:09Z,102.0,Sense 2
2025-07-31T08:03:14Z,103.0,Sense 2
2025-07-31T08:03:19Z,101.0,Sense 2
2025-07-31T08:03:24Z,100.0,Sense 2
2025-07-31T08:03:29Z,90.0,Sense 2
2025-07-31T08:03:34Z,88.0,Sense 2
2025-07-31T08:03:39Z,90.0,Sense 2
2025-07-31T08:03:44Z,99.0,Sense 2
2025-07-31T08:03:49Z,105.0,Sense 2
2025-07-31T08:03:54Z,103.0,Sense 2
2025-07-31T08:03:59Z,101.0,Sense 2
2025-07-31T08:04:04Z,102.0,Sense 2
2025-07-31T08:04:09Z,102.0,Sense 2
2025-07-31T08:04:14Z,103.0,Sense 2
2025-07-31T08:04:19Z,104.0,Sense 2
2025-07-31T08:04:24Z,105.0,Sense 2
2025-07-31T08:04:30Z,104.0,Sense 2
2025-07-31T08:04:35Z,101.0,Sense 2
2025-07-31T08:04:40Z,100.0,Sense 2
2025-07-31T08:04:45Z,99.0,Sense 2
2025-07-31T08:04:55Z,100.0,Sense 2
2025-07-31T08:05:00Z,102.0,Sense 2
2025-07-31T08:05:05Z,100.0,Sense 2
2025-07-31T08:05:10Z,98.0,Sense 2
2025-07-31T08:05:20Z,101.0,Sense 2
2025-07-31T08:05:25Z,99.0,Sense 2
2025-07-31T08:05:30Z,97.0,Sense 2
2025-07-31T08:05:35Z,98.0,Sense 2
2025-07-31T08:05:40Z,98.0,Sense 2
2025-07-31T08:05:50Z,111.0,Sense 2
2025-07-31T08:05:55Z,130.0,Sense 2
2025-07-31T08:06:00Z,127.0,Sense 2
2025-07-31T08:06:05Z,126.0,Sense 2
2025-07-31T08:06:10Z,125.0,Sense 2
2025-07-31T08:06:15Z,126.0,Sense 2
2025-07-31T08:06:20Z,127.0,Sense 2
2025-07-31T08:06:25Z,143.0,Sense 2
2025-07-31T08:06:30Z,154.0,Sense 2
2025-07-31T08:06:40Z,155.0,Sense 2
2025-07-31T08:06:45Z,154.0,Sense 2
2025-07-31T08:06:50Z,155.0,Sense 2
2025-07-31T08:06:55Z,154.0,Sense 2
2025-07-31T08:07:00Z,153.0,Sense 2
2025-07-31T08:07:05Z,152.0,Sense 2
2025-07-31T08:07:10Z,154.0,Sense 2
2025-07-31T08:07:15Z,155.0,Sense 2
2025-07-31T08:07:25Z,153.0,Sense 2
2025-07-31T08:07:30Z,152.0,Sense 2
2025-07-31T08:07:35Z,151.0,Sense 2
2025-07-31T08:07:45Z,158.0,Sense 2
2025-07-31T08:07:55Z,157.0,Sense 2
2025-07-31T08:08:00Z,155.0,Sense 2
2025-07-31T08:08:05Z,154.0,Sense 2
2025-07-31T08:08:10Z,157.0,Sense 2
2025-07-31T08:08:15Z,156.0,Sense 2
2025-07-31T08:08:25Z,155.0,Sense 2
2025-07-31T08:08:30Z,155.0,Sense 2
2025-07-31T08:08:35Z,153.0,Sense 2
2025-07-31T08:08:40Z,152.0,Sense 2
2025-07-31T08:08:55Z,152.0,Sense 2
2025-07-31T08:09:10Z,145.0,Sense 2
2025-07-31T08:09:15Z,138.0,Sense 2
2025-07-31T08:09:20Z,137.0,Sense 2
2025-07-31T08:09:30Z,136.0,Sense 2
2025-07-31T08:09:35Z,134.0,Sense 2
2025-07-31T08:09:40Z,132.0,Sense 2
2025-07-31T08:09:45Z,133.0,Sense 2
2025-07-31T08:09:50Z,121.0,Sense 2
2025-07-31T08:09:55Z,120.0,Sense 2
2025-07-31T08:10:00Z,122.0,Sense 2
2025-07-31T08:10:05Z,123.0,Sense 2
2025-07-31T08:10:15Z,133.0,Sense 2
2025-07-31T08:10:20Z,134.0,Sense 2
2025-07-31T08:10:25Z,136.0,Sense 2
2025-07-31T08:10:30Z,134.0,Sense 2
2025-07-31T08:10:35Z,129.0,Sense 2
2025-07-31T08:10:40Z,128.0,Sense 2
2025-07-31T08:10:45Z,128.0,Sense 2
2025-07-31T08:10:50Z,125.0,Sense 2
2025-07-31T08:10:55Z,121.0,Sense 2
2025-07-31T08:11:00Z,120.0,Sense 2
2025-07-31T08:11:05Z,118.0,Sense 2
2025-07-31T08:11:10Z,117.0,Sense 2
2025-07-31T08:11:20Z,116.0,Sense 2
2025-07-31T08:11:25Z,118.0,Sense 2
2025-07-31T08:11:30Z,121.0,Sense 2
2025-07-31T08:11:40Z,122.0,Sense 2
2025-07-31T08:11:45Z,130.0,Sense 2
2025-07-31T08:11:50Z,145.0,Sense 2
2025-07-31T08:11:55Z,143.0,Sense 2
2025-07-31T08:12:00Z,142.0,Sense 2
2025-07-31T08:12:10Z,141.0,Sense 2
2025-07-31T08:12:20Z,137.0,Sense 2
2025-07-31T08:12:25Z,136.0,Sense 2
2025-07-31T08:12:30Z,128.0,Sense 2
2025-07-31T08:12:35Z,149.0,Sense 2
2025-07-31T08:12:40Z,150.0,Sense 2
2025-07-31T08:12:45Z,149.0,Sense 2
2025-07-31T08:12:50Z,145.0,Sense 2
2025-07-31T08:12:55Z,142.0,Sense 2
2025-07-31T08:13:00Z,142.0,Sense 2
2025-07-31T08:13:05Z,143.0,Sense 2
2025-07-31T08:13:10Z,145.0,Sense 2
2025-07-31T08:13:15Z,140.0,Sense 2
2025-07-31T08:13:20Z,135.0,Sense 2
2025-07-31T08:13:25Z,131.0,Sense 2
2025-07-31T08:13:30Z,160.0,Sense 2
2025-07-31T08:13:35Z,161.0,Sense 2
2025-07-31T08:13:40Z,158.0,Sense 2
2025-07-31T08:13:45Z,154.0,Sense 2
2025-07-31T08:13:55Z,153.0,Sense 2
2025-07-31T08:14:00Z,151.0,Sense 2
2025-07-31T08:14:05Z,149.0,Sense 2
2025-07-31T08:14:10Z,147.0,Sense 2
2025-07-31T08:14:15Z,150.0,Sense 2
2025-07-31T08:14:25Z,147.0,Sense 2
2025-07-31T08:14:30Z,143.0,Sense 2
2025-07-31T08:14:35Z,139.0,Sense 2
2025-07-31T08:14:45Z,138.0,Sense 2
2025-07-31T08:14:50Z,137.0,Sense 2
2025-07-31T08:14:55Z,134.0,Sense 2
2025-07-31T08:15:05Z,135.0,Sense 2
2025-07-31T08:15:10Z,134.0,Sense 2
2025-07-31T08:15:15Z,135.0,Sense 2
2025-07-31T08:15:20Z,134.0,Sense 2
2025-07-31T08:15:25Z,130.0,Sense 2
2025-07-31T08:15:30Z,129.0,Sense 2
2025-07-31T08:15:35Z,137.0,Sense 2
2025-07-31T08:15:40Z,149.0,Sense 2
2025-07-31T08:15:45Z,150.0,Sense 2
2025-07-31T08:16:00Z,146.0,Sense 2
2025-07-31T08:16:05Z,157.0,Sense 2
2025-07-31T08:16:10Z,155.0,Sense 2
2025-07-31T08:16:15Z,153.0,Sense 2
2025-07-31T08:16:20Z,151.0,Sense 2
2025-07-31T08:16:25Z,150.0,Sense 2
2025-07-31T08:16:30Z,149.0,Sense 2
2025-07-31T08:16:35Z,147.0,Sense 2
2025-07-31T08:16:45Z,149.0,Sense 2
2025-07-31T08:16:50Z,148.0,Sense 2
2025-07-31T08:16:55Z,145.0,Sense 2
2025-07-31T08:17:00Z,146.0,Sense 2
2025-07-31T08:17:05Z,145.0,Sense 2
2025-07-31T08:17:10Z,140.0,Sense 2
2025-07-31T08:17:15Z,138.0,Sense 2
2025-07-31T08:17:25Z,141.0,Sense 2
2025-07-31T08:17:30Z,139.0,Sense 2
2025-07-31T08:17:35Z,138.0,Sense 2
2025-07-31T08:17:50Z,137.0,Sense 2
2025-07-31T08:17:55Z,140.0,Sense 2
2025-07-31T08:18:00Z,138.0,Sense 2
2025-07-31T08:18:05Z,135.0,Sense 2
2025-07-31T08:18:10Z,132.0,Sense 2
2025-07-31T08:18:20Z,133.0,Sense 2
2025-07-31T08:18:25Z,134.0,Sense 2
2025-07-31T08:18:30Z,136.0,Sense 2
2025-07-31T08:18:35Z,135.0,Sense 2
2025-07-31T08:18:45Z,130.0,Sense 2
2025-07-31T08:18:50Z,127.0,Sense 2
2025-07-31T08:18:55Z,126.0,Sense 2
2025-07-31T08:19:00Z,127.0,Sense 2
2025-07-31T08:19:05Z,125.0,Sense 2
2025-07-31T08:19:10Z,126.0,Sense 2
2025-07-31T08:19:15Z,140.0,Sense 2
2025-07-31T08:19:20Z,138.0,Sense 2
2025-07-31T08:19:25Z,137.0,Sense 2
2025-07-31T08:19:30Z,136.0,Sense 2
2025-07-31T08:19:35Z,136.0,Sense 2
2025-07-31T08:19:40Z,134.0,Sense 2
2025-07-31T08:19:45Z,135.0,Sense 2
2025-07-31T08:19:50Z,137.0,Sense 2
2025-07-31T08:19:55Z,136.0,Sense 2
2025-07-31T08:20:00Z,134.0,Sense 2
2025-07-31T08:20:05Z,138.0,Sense 2
2025-07-31T08:20:10Z,151.0,Sense 2
2025-07-31T08:20:20Z,150.0,Sense 2
2025-07-31T08:20:25Z,149.0,Sense 2
2025-07-31T08:20:30Z,147.0,Sense 2
2025-07-31T08:20:35Z,145.0,Sense 2
2025-07-31T08:20:40Z,144.0,Sense 2
2025-07-31T08:20:50Z,145.0,Sense 2
2025-07-31T08:20:55Z,146.0,Sense 2
2025-07-31T08:21:00Z,146.0,Sense 2
2025-07-31T08:21:05Z,147.0,Sense 2
2025-07-31T08:21:15Z,145.0,Sense 2
2025-07-31T08:21:20Z,144.0,Sense 2
2025-07-31T08:21:30Z,142.0,Sense 2
2025-07-31T08:21:35Z,140.0,Sense 2
2025-07-31T08:21:50Z,151.0,Sense 2
2025-07-31T08:21:55Z,155.0,Sense 2
2025-07-31T08:22:05Z,156.0,Sense 2
2025-07-31T08:22:15Z,156.0,Sense 2
2025-07-31T08:22:20Z,154.0,Sense 2
2025-07-31T08:22:25Z,155.0,Sense 2
2025-07-31T08:22:30Z,158.0,Sense 2
2025-07-31T08:22:40Z,161.0,Sense 2
2025-07-31T08:22:45Z,160.0,Sense 2
2025-07-31T08:22:55Z,157.0,Sense 2
2025-07-31T08:23:00Z,151.0,Sense 2
2025-07-31T08:23:05Z,148.0,Sense 2
2025-07-31T08:23:10Z,142.0,Sense 2
2025-07-31T08:23:15Z,131.0,Sense 2
2025-07-31T08:23:20Z,127.0,Sense 2
2025-07-31T08:23:35Z,128.0,Sense 2
2025-07-31T08:23:40Z,124.0,Sense 2
2025-07-31T08:23:45Z,120.0,Sense 2
2025-07-31T08:23:50Z,114.0,Sense 2
2025-07-31T08:23:55Z,113.0,Sense 2
2025-07-31T08:24:00Z,102.0,Sense 2
2025-07-31T08:24:05Z,96.0,Sense 2
2025-07-31T08:24:10Z,95.0,Sense 2
2025-07-31T08:24:15Z,94.0,Sense 2
2025-07-31T08:24:30Z,94.0,Sense 2
2025-07-31T08:24:45Z,93.0,Sense 2
2025-07-31T08:24:50Z,90.0,Sense 2
2025-07-31T08:24:55Z,88.0,Sense 2
2025-07-31T08:25:00Z,82.0,Sense 2
2025-07-31T08:25:05Z,81.0,Sense 2
2025-07-31T08:25:20Z,81.0,Sense 2
2025-07-31T08:25:25Z,80.0,Sense 2
2025-07-31T08:25:30Z,78.0,Sense 2
2025-07-31T08:25:35Z,76.0,Sense 2
2025-07-31T08:25:40Z,75.0,Sense 2
2025-07-31T08:25:45Z,76.0,Sense 2
2025-07-31T08:29:01Z,70.0,Sense 2
2025-07-31T08:29:16Z,70.0,Sense 2
2025-07-31T08:29:31Z,70.0,Sense 2
2025-07-31T08:29:36Z,78.0,Sense 2
2025-07-31T08:29:41Z,91.0,Sense 2
2025-07-31T08:29:46Z,90.0,Sense 2
2025-07-31T08:29:51Z,90.0,Sense 2
2025-07-31T08:29:56Z,91.0,Sense 2
2025-07-31T08:30:06Z,93.0,Sense 2
2025-07-31T08:30:11Z,96.0,Sense 2
2025-07-31T08:30:16Z,98.0,Sense 2
2025-07-31T08:30:21Z,103.0,Sense 2
2025-07-31T08:30:26Z,100.0,Sense 2
2025-07-31T08:30:41Z,100.0,Sense 2
2025-07-31T08:30:56Z,97.0,Sense 2
2025-07-31T08:31:01Z,94.0,Sense 2
2025-07-31T08:31:06Z,92.0,Sense 2
2025-07-31T08:31:16Z,96.0,Sense 2
2025-07-31T08:31:31Z,101.0,Sense 2
2025-07-31T08:31:36Z,105.0,Sense 2
2025-07-31T08:31:41Z,107.0,Sense 2
2025-07-31T08:31:46Z,106.0,Sense 2
2025-07-31T08:31:51Z,107.0,Sense 2
2025-07-31T08:31:56Z,108.0,Sense 2
2025-07-31T08:32:01Z,109.0,Sense 2
2025-07-31T08:32:06Z,112.0,Sense 2
2025-07-31T08:32:11Z,112.0,Sense 2
2025-07-31T08:32:16Z,111.0,Sense 2
2025-07-31T08:32:21Z,109.0,Sense 2
2025-07-31T08:32:26Z,106.0,Sense 2
2025-07-31T08:32:31Z,106.0,Sense 2
2025-07-31T08:32:36Z,108.0,Sense 2
2025-07-31T08:32:46Z,109.0,Sense 2
2025-07-31T08:32:51Z,109.0,Sense 2
2025-07-31T08:32:56Z,109.0,Sense 2
2025-07-31T08:33:01Z,114.0,Sense 2
2025-07-31T08:33:06Z,113.0,Sense 2
2025-07-31T08:33:11Z,108.0,Sense 2
2025-07-31T08:33:16Z,107.0,Sense 2
2025-07-31T08:33:21Z,106.0,Sense 2
2025-07-31T08:33:26Z,105.0,Sense 2
2025-07-31T08:33:31Z,105.0,Sense 2
2025-07-31T08:33:36Z,102.0,Sense 2
2025-07-31T08:33:41Z,98.0,Sense 2
2025-07-31T08:33:46Z,99.0,Sense 2
2025-07-31T08:33:51Z,103.0,Sense 2
2025-07-31T08:33:56Z,109.0,Sense 2
2025-07-31T08:34:01Z,115.0,Sense 2
2025-07-31T08:34:06Z,120.0,Sense 2
2025-07-31T08:34:11Z,122.0,Sense 2
2025-07-31T08:34:16Z,124.0,Sense 2
2025-07-31T08:34:21Z,125.0,Sense 2
2025-07-31T08:34:26Z,130.0,Sense 2
2025-07-31T08:34:31Z,133.0,Sense 2
2025-07-31T08:34:45Z,132.0,Sense 2
2025-07-31T08:34:50Z,133.0,Sense 2
2025-07-31T08:34:55Z,135.0,Sense 2
2025-07-31T08:35:00Z,136.0,Sense 2
2025-07-31T08:35:10Z,138.0,Sense 2
2025-07-31T08:35:15Z,137.0,Sense 2
2025-07-31T08:35:30Z,121.0,Sense 2
2025-07-31T08:35:35Z,110.0,Sense 2
2025-07-31T08:35:40Z,108.0,Sense 2
2025-07-31T08:35:50Z,105.0,Sense 2
2025-07-31T08:35:55Z,103.0,Sense 2
2025-07-31T08:36:05Z,109.0,Sense 2
2025-07-31T08:36:10Z,108.0,Sense 2
2025-07-31T08:36:15Z,118.0,Sense 2
2025-07-31T08:36:20Z,113.0,Sense 2
2025-07-31T08:36:25Z,110.0,Sense 2
2025-07-31T08:36:30Z,116.0,Sense 2
2025-07-31T08:36:35Z,120.0,Sense 2
2025-07-31T08:36:40Z,114.0,Sense 2
2025-07-31T08:36:45Z,112.0,Sense 2
2025-07-31T08:36:50Z,102.0,Sense 2
2025-07-31T08:36:55Z,103.0,Sense 2
2025-07-31T08:37:00Z,97.0,Sense 2
2025-07-31T08:37:05Z,97.0,Sense 2
2025-07-31T08:37:10Z,102.0,Sense 2
2025-07-31T08:37:20Z,98.0,Sense 2
2025-07-31T08:37:25Z,101.0,Sense 2
2025-07-31T08:37:30Z,104.0,Sense 2
2025-07-31T08:37:35Z,108.0,Sense 2
2025-07-31T08:37:40Z,109.0,Sense 2
2025-07-31T08:37:45Z,110.0,Sense 2
2025-07-31T08:37:50Z,109.0,Sense 2
2025-07-31T08:37:55Z,111.0,Sense 2
2025-07-31T08:38:05Z,115.0,Sense 2
2025-07-31T08:38:10Z,116.0,Sense 2
2025-07-31T08:38:15Z,112.0,Sense 2
2025-07-31T08:38:20Z,108.0,Sense 2
2025-07-31T08:38:25Z,104.0,Sense 2
2025-07-31T08:38:30Z,111.0,Sense 2
2025-07-31T08:38:35Z,114.0,Sense 2
2025-07-31T08:38:40Z,112.0,Sense 2
2025-07-31T08:38:45Z,111.0,Sense 2
2025-07-31T08:38:50Z,106.0,Sense 2
2025-07-31T08:38:55Z,107.0,Sense 2
2025-07-31T08:39:05Z,105.0,Sense 2
2025-07-31T08:39:10Z,104.0,Sense 2
2025-07-31T08:39:20Z,99.0,Sense 2
2025-07-31T08:39:25Z,101.0,Sense 2
2025-07-31T08:39:30Z,102.0,Sense 2
2025-07-31T08:39:35Z,99.0,Sense 2
2025-07-31T08:39:40Z,101.0,Sense 2
2025-07-31T08:39:45Z,105.0,Sense 2
2025-07-31T08:39:50Z,106.0,Sense 2
2025-07-31T08:39:55Z,104.0,Sense 2
2025-07-31T08:40:00Z,105.0,Sense 2
2025-07-31T08:40:05Z,104.0,Sense 2
2025-07-31T08:40:10Z,105.0,Sense 2
2025-07-31T08:40:15Z,103.0,Sense 2
2025-07-31T08:40:20Z,97.0,Sense 2
2025-07-31T08:40:25Z,99.0,Sense 2
2025-07-31T08:40:36Z,98.0,Sense 2
2025-07-31T08:40:41Z,99.0,Sense 2
2025-07-31T08:40:46Z,94.0,Sense 2
2025-07-31T08:40:51Z,85.0,Sense 2
2025-07-31T08:40:56Z,82.0,Sense 2
2025-07-31T08:41:01Z,85.0,Sense 2
2025-07-31T08:41:06Z,83.0,Sense 2
2025-07-31T08:41:11Z,85.0,Sense 2
2025-07-31T08:41:16Z,88.0,Sense 2
2025-07-31T08:41:21Z,86.0,Sense 2
2025-07-31T08:41:26Z,88.0,Sense 2
2025-07-31T08:41:36Z,89.0,Sense 2
2025-07-31T08:41:46Z,84.0,Sense 2
2025-07-31T08:41:51Z,85.0,Sense 2
2025-07-31T08:42:06Z,81.0,Sense 2
2025-07-31T08:42:11Z,79.0,Sense 2
2025-07-31T08:42:16Z,80.0,Sense 2
2025-07-31T08:42:26Z,82.0,Sense 2
2025-07-31T08:42:31Z,85.0,Sense 2
2025-07-31T08:42:36Z,84.0,Sense 2
2025-07-31T08:42:41Z,83.0,Sense 2
2025-07-31T08:42:46Z,81.0,Sense 2
2025-07-31T08:42:51Z,78.0,Sense 2
2025-07-31T08:42:56Z,77.0,Sense 2
2025-07-31T08:43:01Z,76.0,Sense 2
2025-07-31T08:43:11Z,77.0,Sense 2
2025-07-31T08:43:16Z,78.0,Sense 2
2025-07-31T08:43:21Z,76.0,Sense 2
2025-07-31T08:43:26Z,72.0,Sense 2
2025-07-31T08:43:31Z,75.0,Sense 2
2025-07-31T08:43:36Z,74.0,Sense 2
2025-07-31T08:43:41Z,75.0,Sense 2
2025-07-31T08:43:51Z,74.0,Sense 2
2025-07-31T08:44:01Z,73.0,Sense 2
2025-07-31T08:44:06Z,76.0,Sense 2
2025-07-31T08:44:16Z,77.0,Sense 2
2025-07-31T08:44:31Z,76.0,Sense 2
2025-07-31T08:44:36Z,74.0,Sense 2
2025-07-31T08:44:41Z,75.0,Sense 2
2025-07-31T08:44:46Z,76.0,Sense 2
2025-07-31T08:44:56Z,78.0,Sense 2
2025-07-31T08:45:01Z,73.0,Sense 2
2025-07-31T08:45:06Z,74.0,Sense 2
2025-07-31T08:45:16Z,73.0,Sense 2
2025-07-31T08:45:31Z,72.0,Sense 2
2025-07-31T08:45:36Z,75.0,Sense 2
2025-07-31T08:45:41Z,74.0,Sense 2
2025-07-31T08:45:51Z,72.0,Sense 2
2025-07-31T08:45:56Z,71.0,Sense 2
2025-07-31T08:46:01Z,73.0,Sense 2
2025-07-31T08:46:06Z,75.0,Sense 2
2025-07-31T08:46:11Z,72.0,Sense 2
2025-07-31T08:46:21Z,71.0,Sense 2
2025-07-31T08:46:26Z,72.0,Sense 2
2025-07-31T08:46:31Z,73.0,Sense 2
2025-07-31T08:46:36Z,74.0,Sense 2
2025-07-31T08:46:46Z,75.0,Sense 2
2025-07-31T08:46:56Z,78.0,Sense 2
2025-07-31T08:47:01Z,76.0,Sense 2
2025-07-31T08:47:06Z,74.0,Sense 2
2025-07-31T08:47:11Z,73.0,Sense 2
2025-07-31T08:47:16Z,72.0,Sense 2
2025-07-31T08:47:31Z,71.0,Sense 2
2025-07-31T08:47:36Z,70.0,Sense 2
2025-07-31T08:47:41Z,69.0,Sense 2
2025-07-31T08:47:46Z,72.0,Sense 2
2025-07-31T08:47:51Z,71.0,Sense 2
2025-07-31T08:47:56Z,69.0,Sense 2
2025-07-31T08:48:01Z,70.0,Sense 2
2025-07-31T08:48:06Z,64.0,Sense 2
2025-07-31T08:48:11Z,63.0,Sense 2
2025-07-31T08:48:16Z,61.0,Sense 2
2025-07-31T08:48:21Z,67.0,Sense 2
2025-07-31T08:48:26Z,70.0,Sense 2
2025-07-31T08:48:36Z,73.0,Sense 2
2025-07-31T08:48:41Z,70.0,Sense 2
2025-07-31T08:48:56Z,69.0,Sense 2
2025-07-31T08:49:01Z,66.0,Sense 2
2025-07-31T08:49:06Z,68.0,Sense 2
2025-07-31T08:49:11Z,70.0,Sense 2
2025-07-31T08:49:16Z,68.0,Sense 2
2025-07-31T08:49:21Z,70.0,Sense 2
2025-07-31T08:49:31Z,71.0,Sense 2
2025-07-31T08:49:36Z,69.0,Sense 2
2025-07-31T08:49:41Z,70.0,Sense 2
2025-07-31T08:49:46Z,69.0,Sense 2
2025-07-31T08:49:56Z,67.0,Sense 2
2025-07-31T08:50:01Z,66.0,Sense 2
2025-07-31T08:50:16Z,65.0,Sense 2
2025-07-31T08:50:21Z,66.0,Sense 2
2025-07-31T08:50:26Z,64.0,Sense 2
2025-07-31T08:50:31Z,66.0,Sense 2
2025-07-31T08:50:36Z,65.0,Sense 2
2025-07-31T08:50:41Z,67.0,Sense 2
2025-07-31T08:50:46Z,66.0,Sense 2
2025-07-31T08:50:51Z,65.0,Sense 2
2025-07-31T08:50:56Z,66.0,Sense 2
2025-07-31T08:51:11Z,67.0,Sense 2
2025-07-31T08:51:16Z,66.0,Sense 2
2025-07-31T08:51:21Z,65.0,Sense 2
2025-07-31T08:51:26Z,63.0,Sense 2
2025-07-31T08:51:36Z,64.0,Sense 2
2025-07-31T08:51:41Z,67.0,Sense 2
2025-07-31T08:51:46Z,70.0,Sense 2
2025-07-31T08:51:51Z,69.0,Sense 2
2025-07-31T08:52:06Z,69.0,Sense 2
2025-07-31T08:52:11Z,71.0,Sense 2
2025-07-31T08:52:16Z,72.0,Sense 2
2025-07-31T08:52:26Z,69.0,Sense 2
2025-07-31T08:52:31Z,68.0,Sense 2
2025-07-31T08:52:46Z,67.0,Sense 2
2025-07-31T08:52:51Z,69.0,Sense 2
2025-07-31T08:52:56Z,71.0,Sense 2
2025-07-31T08:53:01Z,72.0,Sense 2
2025-07-31T08:53:06Z,74.0,Sense 2
2025-07-31T08:53:11Z,72.0,Sense 2
2025-07-31T08:53:16Z,73.0,Sense 2
2025-07-31T08:53:21Z,68.0,Sense 2
2025-07-31T08:53:26Z,71.0,Sense 2
2025-07-31T08:53:36Z,73.0,Sense 2
2025-07-31T08:53:41Z,72.0,Sense 2
2025-07-31T08:53:46Z,73.0,Sense 2
2025-07-31T08:53:51Z,74.0,Sense 2
2025-07-31T08:54:01Z,75.0,Sense 2
2025-07-31T08:54:06Z,76.0,Sense 2
2025-07-31T08:54:11Z,74.0,Sense 2
2025-07-31T08:54:16Z,73.0,Sense 2
2025-07-31T08:54:26Z,74.0,Sense 2
2025-07-31T08:54:41Z,72.0,Sense 2
2025-07-31T08:54:46Z,70.0,Sense 2
2025-07-31T08:54:56Z,65.0,Sense 2
2025-07-31T08:55:06Z,67.0,Sense 2
2025-07-31T08:55:11Z,68.0,Sense 2
2025-07-31T08:55:16Z,71.0,Sense 2
2025-07-31T08:55:21Z,73.0,Sense 2
2025-07-31T08:55:26Z,74.0,Sense 2
2025-07-31T08:55:31Z,75.0,Sense 2
2025-07-31T08:55:36Z,74.0,Sense 2
2025-07-31T08:55:46Z,71.0,Sense 2
2025-07-31T08:55:51Z,72.0,Sense 2
2025-07-31T08:55:56Z,73.0,Sense 2
2025-07-31T08:56:01Z,74.0,Sense 2
2025-07-31T08:56:16Z,74.0,Sense 2
2025-07-31T08:56:21Z,71.0,Sense 2
2025-07-31T08:56:36Z,73.0,Sense 2
2025-07-31T08:56:41Z,71.0,Sense 2
2025-07-31T08:56:51Z,72.0,Sense 2
2025-07-31T08:57:06Z,71.0,Sense 2
2025-07-31T08:57:16Z,70.0,Sense 2
2025-07-31T08:57:21Z,71.0,Sense 2
2025-07-31T08:57:26Z,68.0,Sense 2
2025-07-31T08:57:31Z,70.0,Sense 2
2025-07-31T08:57:36Z,71.0,Sense 2
2025-07-31T08:57:41Z,70.0,Sense 2
2025-07-31T08:57:46Z,73.0,Sense 2
2025-07-31T08:57:51Z,74.0,Sense 2
2025-07-31T08:57:56Z,76.0,Sense 2
2025-07-31T08:58:01Z,75.0,Sense 2
2025-07-31T08:58:06Z,74.0,Sense 2
2025-07-31T08:58:21Z,73.0,Sense 2
2025-07-31T08:58:36Z,72.0,Sense 2
2025-07-31T08:58:41Z,72.0,Sense 2
2025-07-31T08:58:51Z,70.0,Sense 2
2025-07-31T08:58:56Z,68.0,Sense 2
2025-07-31T08:59:01Z,67.0,Sense 2
2025-07-31T08:59:06Z,66.0,Sense 2
2025-07-31T08:59:11Z,63.0,Sense 2
2025-07-31T08:59:16Z,65.0,Sense 2
2025-07-31T08:59:21Z,69.0,Sense 2
2025-07-31T08:59:26Z,68.0,Sense 2
2025-07-31T08:59:31Z,74.0,Sense 2
2025-07-31T08:59:36Z,77.0,Sense 2
2025-07-31T08:59:51Z,76.0,Sense 2
2025-07-31T08:59:56Z,77.0,Sense 2
2025-07-31T09:00:01Z,75.0,Sense 2
2025-07-31T09:00:06Z,73.0,Sense 2
2025-07-31T09:00:11Z,71.0,Sense 2
2025-07-31T09:00:16Z,70.0,Sense 2
2025-07-31T09:00:21Z,71.0,Sense 2
2025-07-31T09:00:26Z,75.0,Sense 2
2025-07-31T09:00:31Z,80.0,Sense 2
2025-07-31T09:00:36Z,84.0,Sense 2
2025-07-31T09:00:41Z,89.0,Sense 2
2025-07-31T09:00:46Z,92.0,Sense 2
2025-07-31T09:00:51Z,93.0,Sense 2
2025-07-31T09:00:56Z,96.0,Sense 2
2025-07-31T09:01:01Z,92.0,Sense 2
2025-07-31T09:01:06Z,92.0,Sense 2
2025-07-31T09:01:11Z,92.0,Sense 2
2025-07-31T09:01:16Z,91.0,Sense 2
2025-07-31T09:01:26Z,92.0,Sense 2
2025-07-31T09:01:36Z,88.0,Sense 2
2025-07-31T09:01:41Z,90.0,Sense 2
2025-07-31T09:01:46Z,92.0,Sense 2
2025-07-31T09:01:56Z,94.0,Sense 2
2025-07-31T09:02:01Z,92.0,Sense 2
2025-07-31T09:02:06Z,89.0,Sense 2
2025-07-31T09:02:11Z,83.0,Sense 2
2025-07-31T09:02:16Z,85.0,Sense 2
2025-07-31T09:02:21Z,92.0,Sense 2
2025-07-31T09:02:26Z,99.0,Sense 2
2025-07-31T09:02:31Z,102.0,Sense 2
2025-07-31T09:02:41Z,105.0,Sense 2
2025-07-31T09:02:46Z,106.0,Sense 2
2025-07-31T09:02:51Z,105.0,Sense 2
2025-07-31T09:02:56Z,107.0,Sense 2
2025-07-31T09:03:01Z,105.0,Sense 2
2025-07-31T09:03:06Z,106.0,Sense 2
2025-07-31T09:03:11Z,105.0,Sense 2
2025-07-31T09:03:21Z,106.0,Sense 2
2025-07-31T09:03:31Z,102.0,Sense 2
2025-07-31T09:03:36Z,98.0,Sense 2
2025-07-31T09:03:41Z,100.0,Sense 2
2025-07-31T09:03:46Z,102.0,Sense 2
2025-07-31T09:03:51Z,103.0,Sense 2
2025-07-31T09:03:56Z,102.0,Sense 2
2025-07-31T09:04:01Z,103.0,Sense 2
2025-07-31T09:04:16Z,103.0,Sense 2
2025-07-31T09:04:26Z,105.0,Sense 2
2025-07-31T09:04:31Z,102.0,Sense 2
2025-07-31T09:04:36Z,103.0,Sense 2
2025-07-31T09:04:41Z,102.0,Sense 2
2025-07-31T09:04:46Z,101.0,Sense 2
2025-07-31T09:05:01Z,100.0,Sense 2
2025-07-31T09:05:06Z,101.0,Sense 2
2025-07-31T09:05:11Z,102.0,Sense 2
2025-07-31T09:05:21Z,104.0,Sense 2
2025-07-31T09:05:31Z,105.0,Sense 2
2025-07-31T09:05:36Z,106.0,Sense 2
2025-07-31T09:05:41Z,107.0,Sense 2
2025-07-31T09:05:46Z,103.0,Sense 2
2025-07-31T09:05:51Z,105.0,Sense 2
2025-07-31T09:05:56Z,107.0,Sense 2
2025-07-31T09:06:01Z,107.0,Sense 2
2025-07-31T09:06:06Z,107.0,Sense 2
2025-07-31T09:06:11Z,105.0,Sense 2
2025-07-31T09:06:16Z,101.0,Sense 2
2025-07-31T09:06:26Z,101.0,Sense 2
2025-07-31T09:06:31Z,102.0,Sense 2
2025-07-31T09:06:41Z,103.0,Sense 2
2025-07-31T09:06:46Z,106.0,Sense 2
2025-07-31T09:06:51Z,104.0,Sense 2
2025-07-31T09:06:56Z,103.0,Sense 2
2025-07-31T09:07:01Z,102.0,Sense 2
2025-07-31T09:07:06Z,101.0,Sense 2
2025-07-31T09:07:11Z,104.0,Sense 2
2025-07-31T09:07:16Z,101.0,Sense 2
2025-07-31T09:07:21Z,103.0,Sense 2
2025-07-31T09:07:26Z,104.0,Sense 2
2025-07-31T09:07:31Z,103.0,Sense 2
2025-07-31T09:07:36Z,105.0,Sense 2
2025-07-31T09:07:41Z,106.0,Sense 2
2025-07-31T09:07:46Z,107.0,Sense 2
2025-07-31T09:07:51Z,109.0,Sense 2
2025-07-31T09:07:56Z,106.0,Sense 2
2025-07-31T09:08:01Z,105.0,Sense 2
2025-07-31T09:08:06Z,103.0,Sense 2
2025-07-31T09:08:11Z,104.0,Sense 2
2025-07-31T09:08:16Z,103.0,Sense 2
2025-07-31T09:08:26Z,102.0,Sense 2
2025-07-31T09:08:31Z,103.0,Sense 2
2025-07-31T09:08:41Z,102.0,Sense 2
2025-07-31T09:08:46Z,103.0,Sense 2
2025-07-31T09:08:51Z,101.0,Sense 2
2025-07-31T09:09:06Z,101.0,Sense 2
2025-07-31T09:09:16Z,100.0,Sense 2
2025-07-31T09:09:21Z,101.0,Sense 2
2025-07-31T09:09:26Z,100.0,Sense 2
2025-07-31T09:09:31Z,104.0,Sense 2
2025-07-31T09:09:36Z,104.0,Sense 2
2025-07-31T09:09:41Z,106.0,Sense 2
2025-07-31T09:09:56Z,107.0,Sense 2
2025-07-31T09:10:01Z,105.0,Sense 2
2025-07-31T09:10:16Z,103.0,Sense 2
2025-07-31T09:10:21Z,104.0,Sense 2
2025-07-31T09:10:26Z,105.0,Sense 2
2025-07-31T09:10:36Z,104.0,Sense 2
2025-07-31T09:10:46Z,105.0,Sense 2
2025-07-31T09:10:51Z,104.0,Sense 2
2025-07-31T09:11:01Z,105.0,Sense 2
2025-07-31T09:11:06Z,104.0,Sense 2
2025-07-31T09:11:11Z,102.0,Sense 2
2025-07-31T09:11:21Z,101.0,Sense 2
2025-07-31T09:11:26Z,103.0,Sense 2
2025-07-31T09:11:31Z,106.0,Sense 2
2025-07-31T09:11:36Z,107.0,Sense 2
2025-07-31T09:11:46Z,108.0,Sense 2
2025-07-31T09:11:51Z,104.0,Sense 2
2025-07-31T09:11:56Z,95.0,Sense 2
2025-07-31T09:12:01Z,96.0,Sense 2
2025-07-31T09:12:06Z,94.0,Sense 2
2025-07-31T09:12:11Z,95.0,Sense 2
2025-07-31T09:12:16Z,96.0,Sense 2
2025-07-31T09:12:26Z,100.0,Sense 2
2025-07-31T09:12:36Z,101.0,Sense 2
2025-07-31T09:12:41Z,96.0,Sense 2
2025-07-31T09:12:46Z,101.0,Sense 2
2025-07-31T09:12:51Z,99.0,Sense 2
2025-07-31T09:13:01Z,101.0,Sense 2
2025-07-31T09:13:06Z,104.0,Sense 2
2025-07-31T09:13:11Z,100.0,Sense 2
2025-07-31T09:13:16Z,97.0,Sense 2
2025-07-31T09:13:21Z,95.0,Sense 2
2025-07-31T09:13:26Z,94.0,Sense 2
2025-07-31T09:13:31Z,97.0,Sense 2
2025-07-31T09:13:36Z,96.0,Sense 2
2025-07-31T09:13:41Z,97.0,Sense 2
2025-07-31T09:13:46Z,96.0,Sense 2
2025-07-31T09:13:51Z,97.0,Sense 2
2025-07-31T09:13:56Z,94.0,Sense 2
2025-07-31T09:14:01Z,95.0,Sense 2
2025-07-31T09:14:06Z,96.0,Sense 2
2025-07-31T09:14:11Z,95.0,Sense 2
2025-07-31T09:14:16Z,96.0,Sense 2
2025-07-31T09:14:21Z,95.0,Sense 2
2025-07-31T09:14:26Z,96.0,Sense 2
2025-07-31T09:14:31Z,93.0,Sense 2
2025-07-31T09:14:36Z,95.0,Sense 2
2025-07-31T09:14:46Z,97.0,Sense 2
2025-07-31T09:14:51Z,99.0,Sense 2
2025-07-31T09:14:56Z,100.0,Sense 2
2025-07-31T09:15:01Z,101.0,Sense 2
2025-07-31T09:15:06Z,102.0,Sense 2
2025-07-31T09:15:11Z,101.0,Sense 2
2025-07-31T09:15:21Z,99.0,Sense 2
2025-07-31T09:15:26Z,97.0,Sense 2
2025-07-31T09:15:31Z,96.0,Sense 2
2025-07-31T09:15:36Z,95.0,Sense 2
2025-07-31T09:15:41Z,93.0,Sense 2
2025-07-31T09:15:46Z,92.0,Sense 2
2025-07-31T09:15:51Z,95.0,Sense 2
2025-07-31T09:15:56Z,101.0,Sense 2
2025-07-31T09:16:11Z,101.0,Sense 2
2025-07-31T09:16:16Z,102.0,Sense 2
2025-07-31T09:16:21Z,103.0,Sense 2
2025-07-31T09:16:31Z,99.0,Sense 2
2025-07-31T09:16:46Z,100.0,Sense 2
2025-07-31T09:17:01Z,101.0,Sense 2
2025-07-31T09:17:16Z,103.0,Sense 2
2025-07-31T09:17:21Z,102.0,Sense 2
2025-07-31T09:17:31Z,101.0,Sense 2
2025-07-31T09:17:41Z,99.0,Sense 2
2025-07-31T09:17:46Z,100.0,Sense 2
2025-07-31T09:17:56Z,101.0,Sense 2
2025-07-31T09:18:01Z,102.0,Sense 2
2025-07-31T09:18:06Z,101.0,Sense 2
2025-07-31T09:18:16Z,102.0,Sense 2
2025-07-31T09:18:21Z,101.0,Sense 2
2025-07-31T09:18:26Z,100.0,Sense 2
2025-07-31T09:18:31Z,100.0,Sense 2
2025-07-31T09:18:46Z,101.0,Sense 2
2025-07-31T09:18:51Z,100.0,Sense 2
2025-07-31T09:18:56Z,101.0,Sense 2
2025-07-31T09:19:01Z,102.0,Sense 2
2025-07-31T09:19:11Z,101.0,Sense 2
2025-07-31T09:19:16Z,102.0,Sense 2
2025-07-31T09:19:26Z,101.0,Sense 2
2025-07-31T09:19:31Z,100.0,Sense 2
2025-07-31T09:19:36Z,102.0,Sense 2
2025-07-31T09:19:41Z,100.0,Sense 2
2025-07-31T09:19:46Z,103.0,Sense 2
2025-07-31T09:19:56Z,104.0,Sense 2
2025-07-31T09:20:01Z,102.0,Sense 2
2025-07-31T09:20:06Z,104.0,Sense 2
2025-07-31T09:20:16Z,103.0,Sense 2
2025-07-31T09:20:21Z,102.0,Sense 2
2025-07-31T09:20:26Z,101.0,Sense 2
2025-07-31T09:20:31Z,102.0,Sense 2
2025-07-31T09:20:46Z,100.0,Sense 2
2025-07-31T09:21:01Z,100.0,Sense 2
2025-07-31T09:21:06Z,99.0,Sense 2
2025-07-31T09:21:11Z,102.0,Sense 2
2025-07-31T09:21:16Z,103.0,Sense 2
2025-07-31T09:21:31Z,103.0,Sense 2
2025-07-31T09:21:36Z,104.0,Sense 2
2025-07-31T09:21:41Z,102.0,Sense 2
2025-07-31T09:21:46Z,103.0,Sense 2
2025-07-31T09:21:51Z,100.0,Sense 2
2025-07-31T09:22:01Z,101.0,Sense 2
2025-07-31T09:22:06Z,103.0,Sense 2
2025-07-31T09:22:11Z,98.0,Sense 2
2025-07-31T09:22:16Z,94.0,Sense 2
2025-07-31T09:22:21Z,93.0,Sense 2
2025-07-31T09:22:26Z,92.0,Sense 2
2025-07-31T09:22:36Z,91.0,Sense 2
2025-07-31T09:22:46Z,89.0,Sense 2
2025-07-31T09:22:51Z,90.0,Sense 2
2025-07-31T09:22:56Z,87.0,Sense 2
2025-07-31T09:23:01Z,86.0,Sense 2
2025-07-31T09:23:06Z,85.0,Sense 2
2025-07-31T09:23:11Z,86.0,Sense 2
2025-07-31T09:23:16Z,90.0,Sense 2
2025-07-31T09:23:21Z,87.0,Sense 2
2025-07-31T09:23:26Z,92.0,Sense 2
2025-07-31T09:23:31Z,94.0,Sense 2
2025-07-31T09:23:36Z,96.0,Sense 2
2025-07-31T09:23:41Z,95.0,Sense 2
2025-07-31T09:23:46Z,91.0,Sense 2
2025-07-31T09:23:51Z,90.0,Sense 2
2025-07-31T09:23:56Z,88.0,Sense 2
2025-07-31T09:24:06Z,89.0,Sense 2
2025-07-31T09:24:11Z,87.0,Sense 2
2025-07-31T09:24:21Z,89.0,Sense 2
2025-07-31T09:24:26Z,88.0,Sense 2
2025-07-31T09:24:31Z,87.0,Sense 2
2025-07-31T09:24:36Z,86.0,Sense 2
2025-07-31T09:24:41Z,87.0,Sense 2
2025-07-31T09:24:56Z,86.0,Sense 2
2025-07-31T09:25:01Z,87.0,Sense 2
2025-07-31T09:25:06Z,86.0,Sense 2
2025-07-31T09:25:11Z,85.0,Sense 2
2025-07-31T09:25:16Z,86.0,Sense 2
2025-07-31T09:25:21Z,89.0,Sense 2
2025-07-31T09:25:26Z,90.0,Sense 2
2025-07-31T09:25:31Z,88.0,Sense 2
2025-07-31T09:25:36Z,86.0,Sense 2
2025-07-31T09:25:46Z,87.0,Sense 2
2025-07-31T09:25:51Z,89.0,Sense 2
2025-07-31T09:25:56Z,91.0,Sense 2
2025-07-31T09:26:01Z,90.0,Sense 2
2025-07-31T09:26:06Z,89.0,Sense 2
2025-07-31T09:26:11Z,88.0,Sense 2
2025-07-31T09:26:16Z,89.0,Sense 2
2025-07-31T09:26:21Z,90.0,Sense 2
2025-07-31T09:26:26Z,88.0,Sense 2
2025-07-31T09:26:31Z,82.0,Sense 2
2025-07-31T09:26:36Z,81.0,Sense 2
2025-07-31T09:26:41Z,84.0,Sense 2
2025-07-31T09:26:46Z,90.0,Sense 2
2025-07-31T09:26:51Z,94.0,Sense 2
2025-07-31T09:26:56Z,97.0,Sense 2
2025-07-31T09:27:01Z,95.0,Sense 2
2025-07-31T09:27:11Z,90.0,Sense 2
2025-07-31T09:27:16Z,89.0,Sense 2
2025-07-31T09:27:21Z,87.0,Sense 2
2025-07-31T09:27:26Z,85.0,Sense 2
2025-07-31T09:27:31Z,87.0,Sense 2
2025-07-31T09:27:36Z,89.0,Sense 2
2025-07-31T09:27:41Z,91.0,Sense 2
2025-07-31T09:27:46Z,93.0,Sense 2
2025-07-31T09:27:51Z,95.0,Sense 2
2025-07-31T09:27:56Z,97.0,Sense 2
2025-07-31T09:28:01Z,98.0,Sense 2
2025-07-31T09:28:11Z,97.0,Sense 2
2025-07-31T09:28:16Z,98.0,Sense 2
2025-07-31T09:28:21Z,97.0,Sense 2
2025-07-31T09:28:31Z,95.0,Sense 2
2025-07-31T09:28:36Z,85.0,Sense 2
2025-07-31T09:28:41Z,82.0,Sense 2
2025-07-31T09:28:46Z,83.0,Sense 2
2025-07-31T09:28:56Z,85.0,Sense 2
2025-07-31T09:29:01Z,86.0,Sense 2
2025-07-31T09:29:06Z,88.0,Sense 2
2025-07-31T09:29:11Z,85.0,Sense 2
2025-07-31T09:29:16Z,86.0,Sense 2
2025-07-31T09:29:21Z,88.0,Sense 2
2025-07-31T09:29:26Z,88.0,Sense 2
2025-07-31T09:29:31Z,85.0,Sense 2
2025-07-31T09:29:36Z,84.0,Sense 2
2025-07-31T09:29:41Z,85.0,Sense 2
2025-07-31T09:29:51Z,87.0,Sense 2
2025-07-31T09:29:56Z,93.0,Sense 2
2025-07-31T09:30:01Z,94.0,Sense 2
2025-07-31T09:30:11Z,91.0,Sense 2
2025-07-31T09:30:16Z,88.0,Sense 2
2025-07-31T09:30:21Z,86.0,Sense 2
2025-07-31T09:30:26Z,84.0,Sense 2
2025-07-31T09:30:36Z,87.0,Sense 2
2025-07-31T09:30:41Z,89.0,Sense 2
2025-07-31T09:30:56Z,91.0,Sense 2
2025-07-31T09:31:06Z,93.0,Sense 2
2025-07-31T09:31:11Z,96.0,Sense 2
2025-07-31T09:31:16Z,92.0,Sense 2
2025-07-31T09:31:21Z,94.0,Sense 2
2025-07-31T09:31:26Z,92.0,Sense 2
2025-07-31T09:31:36Z,93.0,Sense 2
2025-07-31T09:31:41Z,89.0,Sense 2
2025-07-31T09:31:46Z,88.0,Sense 2
2025-07-31T09:31:51Z,87.0,Sense 2
2025-07-31T09:32:01Z,89.0,Sense 2
2025-07-31T09:32:06Z,87.0,Sense 2
2025-07-31T09:32:11Z,85.0,Sense 2
2025-07-31T09:32:16Z,87.0,Sense 2
2025-07-31T09:32:21Z,87.0,Sense 2
2025-07-31T09:32:26Z,90.0,Sense 2
2025-07-31T09:32:31Z,89.0,Sense 2
2025-07-31T09:32:41Z,90.0,Sense 2
2025-07-31T09:32:46Z,90.0,Sense 2
2025-07-31T09:32:51Z,92.0,Sense 2
2025-07-31T09:32:56Z,91.0,Sense 2
2025-07-31T09:33:01Z,89.0,Sense 2
2025-07-31T09:33:06Z,90.0,Sense 2
2025-07-31T09:33:11Z,94.0,Sense 2
2025-07-31T09:33:16Z,95.0,Sense 2
2025-07-31T09:33:21Z,92.0,Sense 2
2025-07-31T09:33:26Z,90.0,Sense 2
2025-07-31T09:33:31Z,92.0,Sense 2
2025-07-31T09:33:36Z,93.0,Sense 2
2025-07-31T09:33:41Z,92.0,Sense 2
2025-07-31T09:33:51Z,93.0,Sense 2
2025-07-31T09:33:56Z,95.0,Sense 2
2025-07-31T09:34:11Z,94.0,Sense 2
2025-07-31T09:34:21Z,93.0,Sense 2
2025-07-31T09:34:26Z,94.0,Sense 2
2025-07-31T09:34:31Z,92.0,Sense 2
2025-07-31T09:34:36Z,94.0,Sense 2
2025-07-31T09:34:46Z,97.0,Sense 2
2025-07-31T09:34:51Z,99.0,Sense 2
2025-07-31T09:35:01Z,98.0,Sense 2
2025-07-31T09:35:06Z,96.0,Sense 2
2025-07-31T09:35:11Z,94.0,Sense 2
2025-07-31T09:35:16Z,92.0,Sense 2
2025-07-31T09:35:21Z,95.0,Sense 2
2025-07-31T09:35:26Z,98.0,Sense 2
2025-07-31T09:35:36Z,97.0,Sense 2
2025-07-31T09:35:46Z,96.0,Sense 2
2025-07-31T09:35:51Z,95.0,Sense 2
2025-07-31T09:36:01Z,97.0,Sense 2
2025-07-31T09:36:11Z,93.0,Sense 2
2025-07-31T09:36:16Z,91.0,Sense 2
2025-07-31T09:36:21Z,89.0,Sense 2
2025-07-31T09:36:26Z,90.0,Sense 2
2025-07-31T09:36:31Z,86.0,Sense 2
2025-07-31T09:36:36Z,87.0,Sense 2
2025-07-31T09:36:41Z,88.0,Sense 2
2025-07-31T09:36:46Z,88.0,Sense 2
2025-07-31T09:36:56Z,86.0,Sense 2
2025-07-31T09:37:01Z,85.0,Sense 2
2025-07-31T09:37:06Z,85.0,Sense 2
2025-07-31T09:37:11Z,88.0,Sense 2
2025-07-31T09:37:16Z,89.0,Sense 2
2025-07-31T09:37:26Z,88.0,Sense 2
2025-07-31T09:37:31Z,87.0,Sense 2
2025-07-31T09:37:36Z,83.0,Sense 2
2025-07-31T09:37:41Z,84.0,Sense 2
2025-07-31T09:37:46Z,85.0,Sense 2
2025-07-31T09:37:51Z,85.0,Sense 2
2025-07-31T09:37:56Z,87.0,Sense 2
2025-07-31T09:38:01Z,89.0,Sense 2
2025-07-31T09:38:16Z,89.0,Sense 2
2025-07-31T09:38:31Z,87.0,Sense 2
2025-07-31T09:38:36Z,86.0,Sense 2
2025-07-31T09:38:41Z,87.0,Sense 2
2025-07-31T09:38:46Z,89.0,Sense 2
2025-07-31T09:38:56Z,90.0,Sense 2
2025-07-31T09:39:01Z,89.0,Sense 2
2025-07-31T09:39:06Z,90.0,Sense 2
2025-07-31T09:39:11Z,86.0,Sense 2
2025-07-31T09:39:16Z,84.0,Sense 2
2025-07-31T09:39:21Z,83.0,Sense 2
2025-07-31T09:39:36Z,84.0,Sense 2
2025-07-31T09:39:51Z,86.0,Sense 2
2025-07-31T09:39:56Z,87.0,Sense 2
2025-07-31T09:40:01Z,88.0,Sense 2
2025-07-31T09:40:11Z,89.0,Sense 2
2025-07-31T09:40:16Z,90.0,Sense 2
2025-07-31T09:40:21Z,89.0,Sense 2
2025-07-31T09:40:31Z,89.0,Sense 2
2025-07-31T09:40:41Z,89.0,Sense 2
2025-07-31T09:40:56Z,89.0,Sense 2
2025-07-31T09:41:01Z,90.0,Sense 2
2025-07-31T09:41:06Z,92.0,Sense 2
2025-07-31T09:41:11Z,93.0,Sense 2
2025-07-31T09:41:16Z,91.0,Sense 2
2025-07-31T09:41:21Z,88.0,Sense 2
2025-07-31T09:41:26Z,87.0,Sense 2
2025-07-31T09:41:31Z,88.0,Sense 2
2025-07-31T09:41:36Z,89.0,Sense 2
2025-07-31T09:41:41Z,88.0,Sense 2
2025-07-31T09:41:46Z,87.0,Sense 2
2025-07-31T09:41:56Z,88.0,Sense 2
2025-07-31T09:42:01Z,89.0,Sense 2
2025-07-31T09:42:06Z,91.0,Sense 2
2025-07-31T09:42:11Z,89.0,Sense 2
2025-07-31T09:42:21Z,86.0,Sense 2
2025-07-31T09:42:36Z,86.0,Sense 2
2025-07-31T09:42:41Z,84.0,Sense 2
2025-07-31T09:42:46Z,81.0,Sense 2
2025-07-31T09:42:51Z,86.0,Sense 2
2025-07-31T09:42:56Z,88.0,Sense 2
2025-07-31T09:43:11Z,88.0,Sense 2
2025-07-31T09:43:16Z,87.0,Sense 2
2025-07-31T09:43:21Z,89.0,Sense 2
2025-07-31T09:43:26Z,88.0,Sense 2
2025-07-31T09:43:36Z,87.0,Sense 2
2025-07-31T09:43:41Z,88.0,Sense 2
2025-07-31T09:43:46Z,89.0,Sense 2
2025-07-31T09:43:51Z,90.0,Sense 2
2025-07-31T09:43:56Z,90.0,Sense 2
2025-07-31T09:44:01Z,89.0,Sense 2
2025-07-31T09:44:11Z,88.0,Sense 2
2025-07-31T09:44:16Z,88.0,Sense 2
2025-07-31T09:44:31Z,89.0,Sense 2
2025-07-31T09:44:36Z,88.0,Sense 2
2025-07-31T09:44:41Z,87.0,Sense 2
2025-07-31T09:44:46Z,86.0,Sense 2
2025-07-31T09:44:51Z,85.0,Sense 2
2025-07-31T09:45:06Z,85.0,Sense 2
2025-07-31T09:45:11Z,86.0,Sense 2
2025-07-31T09:45:16Z,87.0,Sense 2
2025-07-31T09:45:21Z,86.0,Sense 2
2025-07-31T09:45:26Z,88.0,Sense 2
2025-07-31T09:45:31Z,86.0,Sense 2
2025-07-31T09:45:41Z,87.0,Sense 2
2025-07-31T09:45:46Z,89.0,Sense 2
2025-07-31T09:45:51Z,88.0,Sense 2
2025-07-31T09:45:56Z,85.0,Sense 2
2025-07-31T09:46:01Z,88.0,Sense 2
2025-07-31T09:46:06Z,85.0,Sense 2
2025-07-31T09:46:11Z,86.0,Sense 2
2025-07-31T09:46:16Z,84.0,Sense 2
2025-07-31T09:46:21Z,83.0,Sense 2
2025-07-31T09:46:36Z,89.0,Sense 2
2025-07-31T09:46:41Z,90.0,Sense 2
2025-07-31T09:46:46Z,87.0,Sense 2
2025-07-31T09:46:51Z,84.0,Sense 2
2025-07-31T09:46:56Z,85.0,Sense 2
2025-07-31T09:47:06Z,86.0,Sense 2
2025-07-31T09:47:11Z,86.0,Sense 2
2025-07-31T09:47:16Z,88.0,Sense 2
2025-07-31T09:47:21Z,93.0,Sense 2
2025-07-31T09:47:26Z,89.0,Sense 2
2025-07-31T09:47:31Z,86.0,Sense 2
2025-07-31T09:47:36Z,89.0,Sense 2
2025-07-31T09:47:41Z,96.0,Sense 2
2025-07-31T09:47:46Z,98.0,Sense 2
2025-07-31T09:47:51Z,97.0,Sense 2
2025-07-31T09:47:56Z,96.0,Sense 2
2025-07-31T09:48:11Z,94.0,Sense 2
2025-07-31T09:48:16Z,93.0,Sense 2
2025-07-31T09:48:21Z,96.0,Sense 2
2025-07-31T09:48:31Z,97.0,Sense 2
2025-07-31T09:48:41Z,99.0,Sense 2
2025-07-31T09:48:46Z,97.0,Sense 2
2025-07-31T09:48:51Z,94.0,Sense 2
2025-07-31T09:48:56Z,93.0,Sense 2
2025-07-31T09:49:01Z,96.0,Sense 2
2025-07-31T09:49:11Z,97.0,Sense 2
2025-07-31T09:49:16Z,98.0,Sense 2
2025-07-31T09:49:26Z,97.0,Sense 2
2025-07-31T09:49:36Z,98.0,Sense 2
2025-07-31T09:49:41Z,96.0,Sense 2
2025-07-31T09:49:46Z,94.0,Sense 2
2025-07-31T09:49:56Z,93.0,Sense 2
2025-07-31T09:50:01Z,94.0,Sense 2
2025-07-31T09:50:06Z,88.0,Sense 2
2025-07-31T09:50:11Z,87.0,Sense 2
2025-07-31T09:50:16Z,84.0,Sense 2
2025-07-31T09:50:21Z,83.0,Sense 2
2025-07-31T09:50:26Z,84.0,Sense 2
2025-07-31T09:50:31Z,87.0,Sense 2
2025-07-31T09:50:36Z,84.0,Sense 2
2025-07-31T09:50:41Z,85.0,Sense 2
2025-07-31T09:50:51Z,83.0,Sense 2
2025-07-31T09:50:56Z,82.0,Sense 2
2025-07-31T09:51:01Z,83.0,Sense 2
2025-07-31T09:51:16Z,84.0,Sense 2
2025-07-31T09:51:21Z,83.0,Sense 2
2025-07-31T09:51:31Z,80.0,Sense 2
2025-07-31T09:51:36Z,79.0,Sense 2
2025-07-31T09:51:41Z,79.0,Sense 2
2025-07-31T09:51:46Z,78.0,Sense 2
2025-07-31T09:51:51Z,76.0,Sense 2
2025-07-31T09:52:06Z,78.0,Sense 2
2025-07-31T09:52:11Z,80.0,Sense 2
2025-07-31T09:52:16Z,82.0,Sense 2
2025-07-31T09:52:21Z,81.0,Sense 2
2025-07-31T09:52:36Z,83.0,Sense 2
2025-07-31T09:52:41Z,83.0,Sense 2
2025-07-31T09:52:46Z,85.0,Sense 2
2025-07-31T09:52:56Z,84.0,Sense 2
2025-07-31T09:53:01Z,85.0,Sense 2
2025-07-31T09:53:06Z,82.0,Sense 2
2025-07-31T09:53:11Z,84.0,Sense 2
2025-07-31T09:53:16Z,78.0,Sense 2
2025-07-31T09:53:21Z,77.0,Sense 2
2025-07-31T09:53:26Z,81.0,Sense 2
2025-07-31T09:53:31Z,80.0,Sense 2
2025-07-31T09:53:36Z,82.0,Sense 2
2025-07-31T09:53:41Z,81.0,Sense 2
2025-07-31T09:53:46Z,78.0,Sense 2
2025-07-31T09:53:56Z,79.0,Sense 2
2025-07-31T09:54:01Z,82.0,Sense 2
2025-07-31T09:54:06Z,85.0,Sense 2
2025-07-31T09:54:11Z,87.0,Sense 2
2025-07-31T09:54:16Z,86.0,Sense 2
2025-07-31T09:54:21Z,85.0,Sense 2
2025-07-31T09:54:26Z,83.0,Sense 2
2025-07-31T09:54:31Z,82.0,Sense 2
2025-07-31T09:54:36Z,81.0,Sense 2
2025-07-31T09:54:41Z,83.0,Sense 2
2025-07-31T09:54:56Z,80.0,Sense 2
2025-07-31T09:55:06Z,85.0,Sense 2
2025-07-31T09:55:11Z,90.0,Sense 2
2025-07-31T09:55:21Z,89.0,Sense 2
2025-07-31T09:55:31Z,88.0,Sense 2
2025-07-31T09:55:36Z,87.0,Sense 2
2025-07-31T09:55:41Z,85.0,Sense 2
2025-07-31T09:55:46Z,84.0,Sense 2
2025-07-31T09:55:51Z,85.0,Sense 2
2025-07-31T09:55:56Z,86.0,Sense 2
2025-07-31T09:56:01Z,87.0,Sense 2
2025-07-31T09:56:16Z,88.0,Sense 2
2025-07-31T09:56:21Z,88.0,Sense 2
2025-07-31T09:56:26Z,89.0,Sense 2
2025-07-31T09:56:36Z,88.0,Sense 2
2025-07-31T09:56:41Z,89.0,Sense 2
2025-07-31T09:56:51Z,90.0,Sense 2
2025-07-31T09:57:06Z,90.0,Sense 2
2025-07-31T09:57:11Z,92.0,Sense 2
2025-07-31T09:57:21Z,90.0,Sense 2
2025-07-31T09:57:26Z,91.0,Sense 2
2025-07-31T09:57:31Z,90.0,Sense 2
2025-07-31T09:57:36Z,87.0,Sense 2
2025-07-31T09:57:46Z,89.0,Sense 2
2025-07-31T09:57:56Z,89.0,Sense 2
2025-07-31T09:58:06Z,85.0,Sense 2
2025-07-31T09:58:11Z,89.0,Sense 2
2025-07-31T09:58:16Z,90.0,Sense 2
2025-07-31T09:58:21Z,89.0,Sense 2
2025-07-31T09:58:31Z,89.0,Sense 2
2025-07-31T09:58:41Z,91.0,Sense 2
2025-07-31T09:58:46Z,93.0,Sense 2
2025-07-31T09:58:51Z,94.0,Sense 2
2025-07-31T09:58:56Z,92.0,Sense 2
2025-07-31T09:59:01Z,91.0,Sense 2
2025-07-31T09:59:06Z,89.0,Sense 2
2025-07-31T09:59:11Z,85.0,Sense 2
2025-07-31T09:59:16Z,85.0,Sense 2
2025-07-31T09:59:26Z,85.0,Sense 2
2025-07-31T09:59:31Z,80.0,Sense 2
2025-07-31T09:59:36Z,81.0,Sense 2
2025-07-31T09:59:41Z,82.0,Sense 2
2025-07-31T09:59:46Z,80.0,Sense 2
2025-07-31T09:59:51Z,79.0,Sense 2
2025-07-31T09:59:56Z,80.0,Sense 2
2025-07-31T10:00:01Z,79.0,Sense 2
2025-07-31T10:00:06Z,79.0,Sense 2
2025-07-31T10:00:16Z,82.0,Sense 2
2025-07-31T10:00:21Z,81.0,Sense 2
2025-07-31T10:00:26Z,80.0,Sense 2
2025-07-31T10:00:31Z,81.0,Sense 2
2025-07-31T10:00:36Z,80.0,Sense 2
2025-07-31T10:00:41Z,79.0,Sense 2
2025-07-31T10:00:46Z,78.0,Sense 2
2025-07-31T10:00:56Z,79.0,Sense 2
2025-07-31T10:01:01Z,82.0,Sense 2
2025-07-31T10:01:06Z,81.0,Sense 2
2025-07-31T10:01:11Z,79.0,Sense 2
2025-07-31T10:01:16Z,79.0,Sense 2
2025-07-31T10:01:31Z,80.0,Sense 2
2025-07-31T10:01:36Z,81.0,Sense 2
2025-07-31T10:01:41Z,81.0,Sense 2
2025-07-31T10:01:46Z,81.0,Sense 2
2025-07-31T10:01:51Z,82.0,Sense 2
2025-07-31T10:01:56Z,84.0,Sense 2
2025-07-31T10:02:01Z,86.0,Sense 2
2025-07-31T10:02:06Z,88.0,Sense 2
2025-07-31T10:02:11Z,86.0,Sense 2
2025-07-31T10:02:16Z,84.0,Sense 2
2025-07-31T10:02:21Z,82.0,Sense 2
2025-07-31T10:02:26Z,81.0,Sense 2
2025-07-31T10:02:31Z,82.0,Sense 2
2025-07-31T10:02:36Z,84.0,Sense 2
2025-07-31T10:02:41Z,86.0,Sense 2
2025-07-31T10:02:46Z,88.0,Sense 2
2025-07-31T10:02:51Z,90.0,Sense 2
2025-07-31T10:02:56Z,89.0,Sense 2
2025-07-31T10:03:01Z,88.0,Sense 2
2025-07-31T10:03:16Z,89.0,Sense 2
2025-07-31T10:03:21Z,91.0,Sense 2
2025-07-31T10:03:26Z,89.0,Sense 2
2025-07-31T10:03:31Z,86.0,Sense 2
2025-07-31T10:03:36Z,84.0,Sense 2
2025-07-31T10:03:41Z,82.0,Sense 2
2025-07-31T10:03:46Z,83.0,Sense 2
2025-07-31T10:03:51Z,85.0,Sense 2
2025-07-31T10:03:56Z,84.0,Sense 2
2025-07-31T10:04:06Z,81.0,Sense 2
2025-07-31T10:04:16Z,82.0,Sense 2
2025-07-31T10:04:21Z,82.0,Sense 2
2025-07-31T10:04:36Z,82.0,Sense 2
2025-07-31T10:04:51Z,81.0,Sense 2
2025-07-31T10:04:56Z,83.0,Sense 2
2025-07-31T10:05:01Z,86.0,Sense 2
2025-07-31T10:05:11Z,87.0,Sense 2
2025-07-31T10:05:21Z,88.0,Sense 2
2025-07-31T10:05:31Z,85.0,Sense 2
2025-07-31T10:05:36Z,86.0,Sense 2
2025-07-31T10:05:41Z,87.0,Sense 2
2025-07-31T10:05:46Z,91.0,Sense 2
2025-07-31T10:05:51Z,90.0,Sense 2
2025-07-31T10:05:56Z,89.0,Sense 2
2025-07-31T10:06:01Z,88.0,Sense 2
2025-07-31T10:06:06Z,86.0,Sense 2
2025-07-31T10:06:11Z,85.0,Sense 2
2025-07-31T10:06:16Z,86.0,Sense 2
2025-07-31T10:06:21Z,87.0,Sense 2
2025-07-31T10:06:26Z,88.0,Sense 2
2025-07-31T10:06:31Z,85.0,Sense 2
2025-07-31T10:06:36Z,84.0,Sense 2
2025-07-31T10:06:41Z,85.0,Sense 2
2025-07-31T10:06:56Z,84.0,Sense 2
2025-07-31T10:07:01Z,83.0,Sense 2
2025-07-31T10:07:16Z,82.0,Sense 2
2025-07-31T10:07:26Z,83.0,Sense 2
2025-07-31T10:07:31Z,87.0,Sense 2
2025-07-31T10:07:36Z,90.0,Sense 2
2025-07-31T10:07:41Z,93.0,Sense 2
2025-07-31T10:07:46Z,95.0,Sense 2
2025-07-31T10:07:51Z,94.0,Sense 2
2025-07-31T10:07:56Z,95.0,Sense 2
2025-07-31T10:08:01Z,93.0,Sense 2
2025-07-31T10:08:06Z,95.0,Sense 2
2025-07-31T10:08:11Z,93.0,Sense 2
2025-07-31T10:08:26Z,94.0,Sense 2
2025-07-31T10:08:31Z,92.0,Sense 2
2025-07-31T10:08:36Z,94.0,Sense 2
2025-07-31T10:08:46Z,92.0,Sense 2
2025-07-31T10:08:51Z,90.0,Sense 2
2025-07-31T10:08:56Z,88.0,Sense 2
2025-07-31T10:09:01Z,89.0,Sense 2
2025-07-31T10:09:06Z,88.0,Sense 2
2025-07-31T10:09:16Z,87.0,Sense 2
2025-07-31T10:09:21Z,88.0,Sense 2
2025-07-31T10:09:31Z,89.0,Sense 2
2025-07-31T10:09:46Z,90.0,Sense 2
2025-07-31T10:09:51Z,87.0,Sense 2
2025-07-31T10:09:56Z,88.0,Sense 2
2025-07-31T10:10:11Z,88.0,Sense 2
2025-07-31T10:10:26Z,88.0,Sense 2
2025-07-31T10:10:31Z,87.0,Sense 2
2025-07-31T10:10:36Z,88.0,Sense 2
2025-07-31T10:10:41Z,87.0,Sense 2
2025-07-31T10:10:46Z,87.0,Sense 2
2025-07-31T10:10:51Z,86.0,Sense 2
2025-07-31T10:10:56Z,87.0,Sense 2
2025-07-31T10:11:01Z,88.0,Sense 2
2025-07-31T10:11:06Z,89.0,Sense 2
2025-07-31T10:11:11Z,88.0,Sense 2
2025-07-31T10:11:21Z,84.0,Sense 2
2025-07-31T10:11:31Z,82.0,Sense 2
2025-07-31T10:11:36Z,83.0,Sense 2
2025-07-31T10:11:41Z,82.0,Sense 2
2025-07-31T10:11:46Z,81.0,Sense 2
2025-07-31T10:11:51Z,82.0,Sense 2
2025-07-31T10:11:56Z,84.0,Sense 2
2025-07-31T10:12:01Z,86.0,Sense 2
2025-07-31T10:12:11Z,85.0,Sense 2
2025-07-31T10:12:16Z,86.0,Sense 2
2025-07-31T10:12:21Z,84.0,Sense 2
2025-07-31T10:12:26Z,83.0,Sense 2
2025-07-31T10:12:36Z,85.0,Sense 2
2025-07-31T10:12:51Z,84.0,Sense 2
2025-07-31T10:12:56Z,85.0,Sense 2
2025-07-31T10:13:01Z,84.0,Sense 2
2025-07-31T10:13:06Z,86.0,Sense 2
2025-07-31T10:13:11Z,87.0,Sense 2
2025-07-31T10:13:16Z,83.0,Sense 2
2025-07-31T10:13:21Z,84.0,Sense 2
2025-07-31T10:13:26Z,83.0,Sense 2
2025-07-31T10:13:31Z,85.0,Sense 2
2025-07-31T10:13:36Z,84.0,Sense 2
2025-07-31T10:13:46Z,83.0,Sense 2
2025-07-31T10:13:56Z,81.0,Sense 2
2025-07-31T10:14:01Z,83.0,Sense 2
2025-07-31T10:14:06Z,84.0,Sense 2
2025-07-31T10:14:21Z,83.0,Sense 2
2025-07-31T10:14:26Z,80.0,Sense 2
2025-07-31T10:14:36Z,82.0,Sense 2
2025-07-31T10:14:41Z,80.0,Sense 2
2025-07-31T10:14:46Z,83.0,Sense 2
2025-07-31T10:14:51Z,84.0,Sense 2
2025-07-31T10:15:01Z,80.0,Sense 2
2025-07-31T10:15:06Z,77.0,Sense 2
2025-07-31T10:15:16Z,75.0,Sense 2
2025-07-31T10:15:21Z,74.0,Sense 2
2025-07-31T10:15:26Z,73.0,Sense 2
2025-07-31T10:15:31Z,71.0,Sense 2
2025-07-31T10:15:36Z,72.0,Sense 2
2025-07-31T10:15:46Z,73.0,Sense 2
2025-07-31T10:15:51Z,75.0,Sense 2
2025-07-31T10:15:56Z,77.0,Sense 2
2025-07-31T10:16:01Z,78.0,Sense 2
2025-07-31T10:16:11Z,81.0,Sense 2
2025-07-31T10:16:16Z,82.0,Sense 2
2025-07-31T10:16:21Z,85.0,Sense 2
2025-07-31T10:16:26Z,80.0,Sense 2
2025-07-31T10:16:31Z,77.0,Sense 2
2025-07-31T10:16:36Z,75.0,Sense 2
2025-07-31T10:16:41Z,74.0,Sense 2
2025-07-31T10:16:46Z,76.0,Sense 2
2025-07-31T10:16:51Z,77.0,Sense 2
2025-07-31T10:17:01Z,78.0,Sense 2
2025-07-31T10:17:06Z,77.0,Sense 2
2025-07-31T10:17:11Z,81.0,Sense 2
2025-07-31T10:17:16Z,83.0,Sense 2
2025-07-31T10:17:21Z,85.0,Sense 2
2025-07-31T10:17:26Z,84.0,Sense 2
2025-07-31T10:17:31Z,82.0,Sense 2
2025-07-31T10:17:36Z,84.0,Sense 2
2025-07-31T10:17:46Z,85.0,Sense 2
2025-07-31T10:17:51Z,81.0,Sense 2
2025-07-31T10:17:56Z,84.0,Sense 2
2025-07-31T10:18:06Z,87.0,Sense 2
2025-07-31T10:18:11Z,88.0,Sense 2
2025-07-31T10:18:16Z,87.0,Sense 2
2025-07-31T10:18:21Z,85.0,Sense 2
2025-07-31T10:18:26Z,86.0,Sense 2
2025-07-31T10:18:31Z,85.0,Sense 2
2025-07-31T10:18:36Z,87.0,Sense 2
2025-07-31T10:18:51Z,86.0,Sense 2
2025-07-31T10:18:56Z,85.0,Sense 2
2025-07-31T10:19:06Z,84.0,Sense 2
2025-07-31T10:19:11Z,83.0,Sense 2
2025-07-31T10:19:16Z,84.0,Sense 2
2025-07-31T10:19:21Z,88.0,Sense 2
2025-07-31T10:19:26Z,87.0,Sense 2
2025-07-31T10:19:31Z,85.0,Sense 2
2025-07-31T10:19:41Z,86.0,Sense 2
2025-07-31T10:19:46Z,87.0,Sense 2
2025-07-31T10:19:51Z,84.0,Sense 2
2025-07-31T10:20:01Z,85.0,Sense 2
2025-07-31T10:20:06Z,84.0,Sense 2
2025-07-31T10:20:21Z,83.0,Sense 2
2025-07-31T10:20:26Z,82.0,Sense 2
2025-07-31T10:20:31Z,83.0,Sense 2
2025-07-31T10:20:41Z,86.0,Sense 2
2025-07-31T10:20:51Z,84.0,Sense 2
2025-07-31T10:20:56Z,85.0,Sense 2
2025-07-31T10:21:01Z,88.0,Sense 2
2025-07-31T10:21:06Z,87.0,Sense 2
2025-07-31T10:21:11Z,85.0,Sense 2
2025-07-31T10:21:16Z,84.0,Sense 2
2025-07-31T10:21:21Z,87.0,Sense 2
2025-07-31T10:21:26Z,88.0,Sense 2
2025-07-31T10:21:31Z,86.0,Sense 2
2025-07-31T10:21:36Z,87.0,Sense 2
2025-07-31T10:21:41Z,88.0,Sense 2
2025-07-31T10:21:51Z,87.0,Sense 2
2025-07-31T10:22:01Z,89.0,Sense 2
2025-07-31T10:22:06Z,87.0,Sense 2
2025-07-31T10:22:11Z,88.0,Sense 2
2025-07-31T10:22:26Z,90.0,Sense 2
2025-07-31T10:22:31Z,89.0,Sense 2
2025-07-31T10:22:36Z,88.0,Sense 2
2025-07-31T10:22:41Z,87.0,Sense 2
2025-07-31T10:22:46Z,83.0,Sense 2
2025-07-31T10:23:01Z,82.0,Sense 2
2025-07-31T10:23:11Z,81.0,Sense 2
2025-07-31T10:23:16Z,79.0,Sense 2
2025-07-31T10:23:26Z,82.0,Sense 2
2025-07-31T10:23:36Z,83.0,Sense 2
2025-07-31T10:23:41Z,80.0,Sense 2
2025-07-31T10:23:46Z,83.0,Sense 2
2025-07-31T10:24:01Z,84.0,Sense 2
2025-07-31T10:24:11Z,83.0,Sense 2
2025-07-31T10:24:26Z,82.0,Sense 2
2025-07-31T10:24:31Z,80.0,Sense 2
2025-07-31T10:24:36Z,81.0,Sense 2
2025-07-31T10:24:41Z,80.0,Sense 2
2025-07-31T10:24:46Z,79.0,Sense 2
2025-07-31T10:24:56Z,76.0,Sense 2
2025-07-31T10:25:01Z,77.0,Sense 2
2025-07-31T10:25:06Z,80.0,Sense 2
2025-07-31T10:25:11Z,78.0,Sense 2
2025-07-31T10:25:16Z,76.0,Sense 2
2025-07-31T10:25:21Z,73.0,Sense 2
2025-07-31T10:25:26Z,75.0,Sense 2
2025-07-31T10:25:31Z,76.0,Sense 2
2025-07-31T10:25:36Z,78.0,Sense 2
2025-07-31T10:25:41Z,80.0,Sense 2
2025-07-31T10:25:46Z,77.0,Sense 2
2025-07-31T10:25:51Z,79.0,Sense 2
2025-07-31T10:25:56Z,78.0,Sense 2
2025-07-31T10:26:01Z,80.0,Sense 2
2025-07-31T10:26:11Z,77.0,Sense 2
2025-07-31T10:26:16Z,78.0,Sense 2
2025-07-31T10:26:21Z,77.0,Sense 2
2025-07-31T10:26:26Z,78.0,Sense 2
2025-07-31T10:26:31Z,77.0,Sense 2
2025-07-31T10:26:41Z,83.0,Sense 2
2025-07-31T10:26:51Z,84.0,Sense 2
2025-07-31T10:27:01Z,82.0,Sense 2
2025-07-31T10:27:06Z,80.0,Sense 2
2025-07-31T10:27:11Z,81.0,Sense 2
2025-07-31T10:27:16Z,84.0,Sense 2
2025-07-31T10:27:26Z,85.0,Sense 2
2025-07-31T10:27:31Z,86.0,Sense 2
2025-07-31T10:27:41Z,87.0,Sense 2
2025-07-31T10:27:56Z,85.0,Sense 2
2025-07-31T10:28:01Z,84.0,Sense 2
2025-07-31T10:28:16Z,86.0,Sense 2
2025-07-31T10:28:31Z,86.0,Sense 2
2025-07-31T10:28:46Z,84.0,Sense 2
2025-07-31T10:28:51Z,85.0,Sense 2
2025-07-31T10:28:56Z,85.0,Sense 2
2025-07-31T10:29:01Z,87.0,Sense 2
2025-07-31T10:29:16Z,86.0,Sense 2
2025-07-31T10:29:21Z,85.0,Sense 2
2025-07-31T10:29:26Z,87.0,Sense 2
2025-07-31T10:29:31Z,85.0,Sense 2
2025-07-31T10:29:36Z,87.0,Sense 2
2025-07-31T10:29:51Z,87.0,Sense 2
2025-07-31T10:30:06Z,87.0,Sense 2
2025-07-31T10:30:11Z,86.0,Sense 2
2025-07-31T10:30:16Z,84.0,Sense 2
2025-07-31T10:30:26Z,85.0,Sense 2
2025-07-31T10:30:31Z,88.0,Sense 2
2025-07-31T10:30:41Z,87.0,Sense 2
2025-07-31T10:30:46Z,86.0,Sense 2
2025-07-31T10:30:51Z,81.0,Sense 2
2025-07-31T10:30:56Z,84.0,Sense 2
2025-07-31T10:31:01Z,86.0,Sense 2
2025-07-31T10:31:06Z,88.0,Sense 2
2025-07-31T10:31:11Z,87.0,Sense 2
2025-07-31T10:31:16Z,89.0,Sense 2
2025-07-31T10:31:26Z,88.0,Sense 2
2025-07-31T10:31:36Z,87.0,Sense 2
2025-07-31T10:31:46Z,88.0,Sense 2
2025-07-31T10:32:01Z,88.0,Sense 2
2025-07-31T10:32:16Z,87.0,Sense 2
2025-07-31T10:32:31Z,88.0,Sense 2
2025-07-31T10:32:36Z,77.0,Sense 2
2025-07-31T10:32:41Z,73.0,Sense 2
2025-07-31T10:32:46Z,82.0,Sense 2
2025-07-31T10:32:51Z,89.0,Sense 2
2025-07-31T10:32:56Z,90.0,Sense 2
2025-07-31T10:33:01Z,85.0,Sense 2
2025-07-31T10:33:06Z,84.0,Sense 2
2025-07-31T10:33:11Z,85.0,Sense 2
2025-07-31T10:33:16Z,86.0,Sense 2
2025-07-31T10:33:21Z,84.0,Sense 2
2025-07-31T10:33:26Z,87.0,Sense 2
2025-07-31T10:33:31Z,86.0,Sense 2
2025-07-31T10:33:36Z,89.0,Sense 2
2025-07-31T10:33:41Z,87.0,Sense 2
2025-07-31T10:33:46Z,88.0,Sense 2
2025-07-31T10:33:56Z,89.0,Sense 2
2025-07-31T10:34:01Z,87.0,Sense 2
2025-07-31T10:34:06Z,86.0,Sense 2
2025-07-31T10:34:11Z,84.0,Sense 2
2025-07-31T10:34:16Z,82.0,Sense 2
2025-07-31T10:34:21Z,81.0,Sense 2
2025-07-31T10:34:36Z,83.0,Sense 2
2025-07-31T10:34:41Z,86.0,Sense 2
2025-07-31T10:34:46Z,89.0,Sense 2
2025-07-31T10:34:51Z,88.0,Sense 2
2025-07-31T10:34:56Z,90.0,Sense 2
2025-07-31T10:35:01Z,87.0,Sense 2
2025-07-31T10:35:06Z,85.0,Sense 2
2025-07-31T10:35:16Z,83.0,Sense 2
2025-07-31T10:35:21Z,85.0,Sense 2
2025-07-31T10:35:26Z,83.0,Sense 2
2025-07-31T10:35:36Z,85.0,Sense 2
2025-07-31T10:35:46Z,84.0,Sense 2
2025-07-31T10:35:51Z,82.0,Sense 2
2025-07-31T10:36:01Z,84.0,Sense 2
2025-07-31T10:36:06Z,85.0,Sense 2
2025-07-31T10:36:11Z,84.0,Sense 2
2025-07-31T10:36:16Z,85.0,Sense 2
2025-07-31T10:36:21Z,81.0,Sense 2
2025-07-31T10:36:31Z,84.0,Sense 2
2025-07-31T10:36:41Z,83.0,Sense 2
2025-07-31T10:36:46Z,84.0,Sense 2
2025-07-31T10:36:51Z,81.0,Sense 2
2025-07-31T10:37:06Z,77.0,Sense 2
2025-07-31T10:37:11Z,73.0,Sense 2
2025-07-31T10:37:16Z,76.0,Sense 2
2025-07-31T10:37:21Z,78.0,Sense 2
2025-07-31T10:37:26Z,83.0,Sense 2
2025-07-31T10:37:31Z,85.0,Sense 2
2025-07-31T10:37:36Z,84.0,Sense 2
2025-07-31T10:37:46Z,81.0,Sense 2
2025-07-31T10:37:51Z,84.0,Sense 2
2025-07-31T10:37:56Z,85.0,Sense 2
2025-07-31T10:38:01Z,87.0,Sense 2
2025-07-31T10:38:06Z,86.0,Sense 2
2025-07-31T10:38:16Z,87.0,Sense 2
2025-07-31T10:38:21Z,88.0,Sense 2
2025-07-31T10:38:26Z,87.0,Sense 2
2025-07-31T10:38:31Z,85.0,Sense 2
2025-07-31T10:38:36Z,83.0,Sense 2
2025-07-31T10:38:41Z,82.0,Sense 2
2025-07-31T10:38:46Z,86.0,Sense 2
2025-07-31T10:38:51Z,89.0,Sense 2
2025-07-31T10:39:06Z,88.0,Sense 2
2025-07-31T10:39:16Z,87.0,Sense 2
2025-07-31T10:39:26Z,88.0,Sense 2
2025-07-31T10:39:36Z,89.0,Sense 2
2025-07-31T10:39:41Z,88.0,Sense 2
2025-07-31T10:39:51Z,90.0,Sense 2
2025-07-31T10:39:56Z,89.0,Sense 2
2025-07-31T10:40:06Z,85.0,Sense 2
2025-07-31T10:40:16Z,83.0,Sense 2
2025-07-31T10:40:21Z,85.0,Sense 2
2025-07-31T10:40:26Z,84.0,Sense 2
2025-07-31T10:40:36Z,83.0,Sense 2
2025-07-31T10:40:46Z,84.0,Sense 2
2025-07-31T10:41:01Z,84.0,Sense 2
2025-07-31T10:41:16Z,84.0,Sense 2
2025-07-31T10:41:21Z,83.0,Sense 2
2025-07-31T10:41:26Z,84.0,Sense 2
2025-07-31T10:41:31Z,84.0,Sense 2
2025-07-31T10:41:36Z,86.0,Sense 2
2025-07-31T10:41:46Z,84.0,Sense 2
2025-07-31T10:42:01Z,82.0,Sense 2
2025-07-31T10:42:16Z,84.0,Sense 2
2025-07-31T10:42:21Z,83.0,Sense 2
2025-07-31T10:42:26Z,81.0,Sense 2
2025-07-31T10:42:31Z,83.0,Sense 2
2025-07-31T10:42:41Z,81.0,Sense 2
2025-07-31T10:42:46Z,78.0,Sense 2
2025-07-31T10:42:51Z,80.0,Sense 2
2025-07-31T10:42:56Z,83.0,Sense 2
2025-07-31T10:43:01Z,81.0,Sense 2
2025-07-31T10:43:06Z,79.0,Sense 2
2025-07-31T10:43:11Z,78.0,Sense 2
2025-07-31T10:43:16Z,81.0,Sense 2
2025-07-31T10:43:21Z,85.0,Sense 2
2025-07-31T10:43:26Z,88.0,Sense 2
2025-07-31T10:43:41Z,88.0,Sense 2
2025-07-31T10:43:46Z,87.0,Sense 2
2025-07-31T10:43:56Z,85.0,Sense 2
2025-07-31T10:44:06Z,89.0,Sense 2
2025-07-31T10:44:11Z,90.0,Sense 2
2025-07-31T10:44:21Z,89.0,Sense 2
2025-07-31T10:44:26Z,88.0,Sense 2
2025-07-31T10:44:31Z,90.0,Sense 2
2025-07-31T10:44:36Z,92.0,Sense 2
2025-07-31T10:44:41Z,91.0,Sense 2
2025-07-31T10:44:46Z,90.0,Sense 2
2025-07-31T10:44:51Z,89.0,Sense 2
2025-07-31T10:44:56Z,88.0,Sense 2
2025-07-31T10:45:01Z,90.0,Sense 2
2025-07-31T10:45:06Z,92.0,Sense 2
2025-07-31T10:45:11Z,89.0,Sense 2
2025-07-31T10:45:16Z,84.0,Sense 2
2025-07-31T10:45:21Z,83.0,Sense 2
2025-07-31T10:45:26Z,82.0,Sense 2
2025-07-31T10:45:31Z,80.0,Sense 2
2025-07-31T10:45:36Z,79.0,Sense 2
2025-07-31T10:45:41Z,80.0,Sense 2
2025-07-31T10:45:46Z,81.0,Sense 2
2025-07-31T10:45:51Z,82.0,Sense 2
2025-07-31T10:45:56Z,83.0,Sense 2
2025-07-31T10:46:01Z,85.0,Sense 2
2025-07-31T10:46:06Z,86.0,Sense 2
2025-07-31T10:46:11Z,88.0,Sense 2
2025-07-31T10:46:21Z,90.0,Sense 2
2025-07-31T10:46:36Z,90.0,Sense 2
2025-07-31T10:46:41Z,89.0,Sense 2
2025-07-31T10:46:46Z,86.0,Sense 2
2025-07-31T10:46:51Z,88.0,Sense 2
2025-07-31T10:46:56Z,87.0,Sense 2
2025-07-31T10:47:01Z,89.0,Sense 2
2025-07-31T10:47:11Z,88.0,Sense 2
2025-07-31T10:47:16Z,86.0,Sense 2
2025-07-31T10:47:21Z,84.0,Sense 2
2025-07-31T10:47:26Z,85.0,Sense 2
2025-07-31T10:47:41Z,86.0,Sense 2
2025-07-31T10:47:46Z,84.0,Sense 2
2025-07-31T10:47:56Z,85.0,Sense 2
2025-07-31T10:48:11Z,85.0,Sense 2
2025-07-31T10:48:16Z,84.0,Sense 2
2025-07-31T10:48:26Z,83.0,Sense 2
2025-07-31T10:48:31Z,85.0,Sense 2
2025-07-31T10:48:36Z,88.0,Sense 2
2025-07-31T10:48:41Z,85.0,Sense 2
2025-07-31T10:48:46Z,84.0,Sense 2
2025-07-31T10:48:51Z,83.0,Sense 2
2025-07-31T10:48:56Z,84.0,Sense 2
2025-07-31T10:49:01Z,79.0,Sense 2
2025-07-31T10:49:06Z,84.0,Sense 2
2025-07-31T10:49:16Z,85.0,Sense 2
2025-07-31T10:49:21Z,90.0,Sense 2
2025-07-31T10:49:26Z,92.0,Sense 2
2025-07-31T10:49:36Z,90.0,Sense 2
2025-07-31T10:49:41Z,89.0,Sense 2
2025-07-31T10:49:46Z,82.0,Sense 2
2025-07-31T10:49:51Z,80.0,Sense 2
2025-07-31T10:49:56Z,83.0,Sense 2
2025-07-31T10:50:01Z,85.0,Sense 2
2025-07-31T10:50:11Z,86.0,Sense 2
2025-07-31T10:50:16Z,85.0,Sense 2
2025-07-31T10:50:21Z,84.0,Sense 2
2025-07-31T10:50:26Z,81.0,Sense 2
2025-07-31T10:50:31Z,84.0,Sense 2
2025-07-31T10:50:36Z,87.0,Sense 2
2025-07-31T10:50:41Z,88.0,Sense 2
2025-07-31T10:50:46Z,89.0,Sense 2
2025-07-31T10:51:01Z,89.0,Sense 2
2025-07-31T10:51:06Z,90.0,Sense 2
2025-07-31T10:51:16Z,87.0,Sense 2
2025-07-31T10:51:21Z,88.0,Sense 2
2025-07-31T10:51:26Z,87.0,Sense 2
2025-07-31T10:51:31Z,86.0,Sense 2
2025-07-31T10:51:36Z,87.0,Sense 2
2025-07-31T10:51:41Z,88.0,Sense 2
2025-07-31T10:51:56Z,87.0,Sense 2
2025-07-31T10:52:06Z,84.0,Sense 2
2025-07-31T10:52:11Z,85.0,Sense 2
2025-07-31T10:52:16Z,84.0,Sense 2
2025-07-31T10:52:21Z,83.0,Sense 2
2025-07-31T10:52:26Z,81.0,Sense 2
2025-07-31T10:52:36Z,82.0,Sense 2
2025-07-31T10:52:46Z,84.0,Sense 2
2025-07-31T10:52:51Z,85.0,Sense 2
2025-07-31T10:52:56Z,87.0,Sense 2
2025-07-31T10:53:01Z,84.0,Sense 2
2025-07-31T10:53:06Z,85.0,Sense 2
2025-07-31T10:53:11Z,80.0,Sense 2
2025-07-31T10:53:16Z,81.0,Sense 2
2025-07-31T10:53:21Z,79.0,Sense 2
2025-07-31T10:53:26Z,82.0,Sense 2
2025-07-31T10:53:31Z,83.0,Sense 2
2025-07-31T10:53:36Z,86.0,Sense 2
2025-07-31T10:53:46Z,88.0,Sense 2
2025-07-31T10:53:51Z,87.0,Sense 2
2025-07-31T10:53:56Z,84.0,Sense 2
2025-07-31T10:54:01Z,88.0,Sense 2
2025-07-31T10:54:06Z,85.0,Sense 2
2025-07-31T10:54:11Z,87.0,Sense 2
2025-07-31T10:54:21Z,86.0,Sense 2
2025-07-31T10:54:26Z,85.0,Sense 2
2025-07-31T10:54:31Z,84.0,Sense 2
2025-07-31T10:54:36Z,83.0,Sense 2
2025-07-31T10:54:41Z,85.0,Sense 2
2025-07-31T10:54:46Z,83.0,Sense 2
2025-07-31T10:54:51Z,84.0,Sense 2
2025-07-31T10:55:01Z,86.0,Sense 2
2025-07-31T10:55:06Z,85.0,Sense 2
2025-07-31T10:55:11Z,87.0,Sense 2
2025-07-31T10:55:16Z,86.0,Sense 2
2025-07-31T10:55:21Z,87.0,Sense 2
2025-07-31T10:55:31Z,84.0,Sense 2
2025-07-31T10:55:36Z,83.0,Sense 2
2025-07-31T10:55:41Z,80.0,Sense 2
2025-07-31T10:55:46Z,84.0,Sense 2
2025-07-31T10:56:01Z,85.0,Sense 2
2025-07-31T10:56:06Z,84.0,Sense 2
2025-07-31T10:56:11Z,81.0,Sense 2
2025-07-31T10:56:16Z,85.0,Sense 2
2025-07-31T10:56:21Z,82.0,Sense 2
2025-07-31T10:56:26Z,86.0,Sense 2
2025-07-31T10:56:31Z,84.0,Sense 2
2025-07-31T10:56:36Z,85.0,Sense 2
2025-07-31T10:56:41Z,87.0,Sense 2
2025-07-31T10:56:46Z,86.0,Sense 2
2025-07-31T10:56:51Z,88.0,Sense 2
2025-07-31T10:56:56Z,87.0,Sense 2
2025-07-31T10:57:01Z,86.0,Sense 2
2025-07-31T10:57:11Z,85.0,Sense 2
2025-07-31T10:57:16Z,87.0,Sense 2
2025-07-31T10:57:21Z,85.0,Sense 2
2025-07-31T10:57:26Z,86.0,Sense 2
2025-07-31T10:57:31Z,85.0,Sense 2
2025-07-31T10:57:41Z,86.0,Sense 2
2025-07-31T10:57:46Z,85.0,Sense 2
2025-07-31T10:57:51Z,86.0,Sense 2
2025-07-31T10:57:56Z,84.0,Sense 2
2025-07-31T10:58:11Z,84.0,Sense 2
2025-07-31T10:58:16Z,82.0,Sense 2
2025-07-31T10:58:21Z,81.0,Sense 2
2025-07-31T10:58:31Z,79.0,Sense 2
2025-07-31T10:58:36Z,79.0,Sense 2
2025-07-31T10:58:41Z,80.0,Sense 2
2025-07-31T10:58:46Z,81.0,Sense 2
2025-07-31T10:58:51Z,84.0,Sense 2
2025-07-31T10:59:01Z,86.0,Sense 2
2025-07-31T10:59:06Z,84.0,Sense 2
2025-07-31T10:59:16Z,83.0,Sense 2
2025-07-31T10:59:21Z,82.0,Sense 2
2025-07-31T10:59:26Z,83.0,Sense 2
2025-07-31T10:59:36Z,85.0,Sense 2
2025-07-31T10:59:46Z,86.0,Sense 2
2025-07-31T10:59:51Z,87.0,Sense 2
2025-07-31T11:00:01Z,85.0,Sense 2
2025-07-31T11:00:11Z,81.0,Sense 2
2025-07-31T11:00:16Z,83.0,Sense 2
2025-07-31T11:00:26Z,84.0,Sense 2
2025-07-31T11:00:36Z,83.0,Sense 2
2025-07-31T11:00:41Z,81.0,Sense 2
2025-07-31T11:00:56Z,82.0,Sense 2
2025-07-31T11:01:01Z,86.0,Sense 2
2025-07-31T11:01:06Z,89.0,Sense 2
2025-07-31T11:01:11Z,84.0,Sense 2
2025-07-31T11:01:16Z,81.0,Sense 2
2025-07-31T11:01:21Z,83.0,Sense 2
2025-07-31T11:01:26Z,84.0,Sense 2
2025-07-31T11:01:31Z,83.0,Sense 2
2025-07-31T11:01:36Z,81.0,Sense 2
2025-07-31T11:01:41Z,81.0,Sense 2
2025-07-31T11:01:51Z,79.0,Sense 2
2025-07-31T11:01:56Z,75.0,Sense 2
2025-07-31T11:02:01Z,69.0,Sense 2
2025-07-31T11:02:06Z,70.0,Sense 2
2025-07-31T11:02:16Z,72.0,Sense 2
2025-07-31T11:02:21Z,73.0,Sense 2
2025-07-31T11:02:36Z,72.0,Sense 2
2025-07-31T11:02:41Z,75.0,Sense 2
2025-07-31T11:02:46Z,77.0,Sense 2
2025-07-31T11:03:01Z,77.0,Sense 2
2025-07-31T11:03:06Z,75.0,Sense 2
2025-07-31T11:03:11Z,77.0,Sense 2
2025-07-31T11:03:26Z,76.0,Sense 2
2025-07-31T11:03:31Z,78.0,Sense 2
2025-07-31T11:03:36Z,81.0,Sense 2
2025-07-31T11:03:41Z,83.0,Sense 2
2025-07-31T11:03:46Z,85.0,Sense 2
2025-07-31T11:03:51Z,84.0,Sense 2
2025-07-31T11:03:56Z,82.0,Sense 2
2025-07-31T11:04:11Z,83.0,Sense 2
2025-07-31T11:04:21Z,85.0,Sense 2
2025-07-31T11:04:26Z,87.0,Sense 2
2025-07-31T11:04:31Z,90.0,Sense 2
2025-07-31T11:04:36Z,89.0,Sense 2
2025-07-31T11:04:46Z,85.0,Sense 2
2025-07-31T11:04:51Z,84.0,Sense 2
2025-07-31T11:04:56Z,83.0,Sense 2
2025-07-31T11:05:01Z,84.0,Sense 2
2025-07-31T11:05:06Z,82.0,Sense 2
2025-07-31T11:05:11Z,83.0,Sense 2
2025-07-31T11:05:16Z,81.0,Sense 2
2025-07-31T11:05:26Z,83.0,Sense 2
2025-07-31T11:05:31Z,82.0,Sense 2
2025-07-31T11:05:36Z,80.0,Sense 2
2025-07-31T11:05:41Z,77.0,Sense 2
2025-07-31T11:05:46Z,81.0,Sense 2
2025-07-31T11:05:56Z,82.0,Sense 2
2025-07-31T11:06:01Z,81.0,Sense 2
2025-07-31T11:06:06Z,79.0,Sense 2
2025-07-31T11:06:11Z,80.0,Sense 2
2025-07-31T11:06:16Z,78.0,Sense 2
2025-07-31T11:06:21Z,81.0,Sense 2
2025-07-31T11:06:26Z,77.0,Sense 2
2025-07-31T11:06:31Z,80.0,Sense 2
2025-07-31T11:06:36Z,77.0,Sense 2
2025-07-31T11:06:41Z,79.0,Sense 2
2025-07-31T11:06:51Z,78.0,Sense 2
2025-07-31T11:06:56Z,79.0,Sense 2
2025-07-31T11:07:06Z,81.0,Sense 2
2025-07-31T11:07:11Z,83.0,Sense 2
2025-07-31T11:07:21Z,82.0,Sense 2
2025-07-31T11:07:26Z,80.0,Sense 2
2025-07-31T11:07:31Z,81.0,Sense 2
2025-07-31T11:07:36Z,78.0,Sense 2
2025-07-31T11:07:41Z,80.0,Sense 2
2025-07-31T11:07:46Z,74.0,Sense 2
2025-07-31T11:07:51Z,77.0,Sense 2
2025-07-31T11:07:56Z,80.0,Sense 2
2025-07-31T11:08:01Z,81.0,Sense 2
2025-07-31T11:08:11Z,83.0,Sense 2
2025-07-31T11:08:21Z,81.0,Sense 2
2025-07-31T11:08:26Z,83.0,Sense 2
2025-07-31T11:08:31Z,85.0,Sense 2
2025-07-31T11:08:36Z,87.0,Sense 2
2025-07-31T11:08:46Z,92.0,Sense 2
2025-07-31T11:08:51Z,87.0,Sense 2
2025-07-31T11:08:56Z,88.0,Sense 2
2025-07-31T11:09:01Z,84.0,Sense 2
2025-07-31T11:09:06Z,87.0,Sense 2
2025-07-31T11:09:16Z,90.0,Sense 2
2025-07-31T11:09:26Z,88.0,Sense 2
2025-07-31T11:09:31Z,90.0,Sense 2
2025-07-31T11:09:36Z,89.0,Sense 2
2025-07-31T11:09:41Z,91.0,Sense 2
2025-07-31T11:09:46Z,92.0,Sense 2
2025-07-31T11:10:01Z,91.0,Sense 2
2025-07-31T11:10:11Z,90.0,Sense 2
2025-07-31T11:10:21Z,88.0,Sense 2
2025-07-31T11:10:26Z,89.0,Sense 2
2025-07-31T11:10:31Z,85.0,Sense 2
2025-07-31T11:10:36Z,86.0,Sense 2
2025-07-31T11:10:41Z,82.0,Sense 2
2025-07-31T11:10:46Z,84.0,Sense 2
2025-07-31T11:10:51Z,82.0,Sense 2
2025-07-31T11:10:56Z,86.0,Sense 2
2025-07-31T11:11:01Z,82.0,Sense 2
2025-07-31T11:11:06Z,86.0,Sense 2
2025-07-31T11:11:11Z,81.0,Sense 2
2025-07-31T11:11:16Z,86.0,Sense 2
2025-07-31T11:11:21Z,84.0,Sense 2
2025-07-31T11:11:26Z,86.0,Sense 2
2025-07-31T11:11:36Z,88.0,Sense 2
2025-07-31T11:11:41Z,87.0,Sense 2
2025-07-31T11:11:46Z,89.0,Sense 2
2025-07-31T11:11:51Z,88.0,Sense 2
2025-07-31T11:11:56Z,86.0,Sense 2
2025-07-31T11:12:01Z,87.0,Sense 2
2025-07-31T11:12:11Z,88.0,Sense 2
2025-07-31T11:12:21Z,89.0,Sense 2
2025-07-31T11:12:36Z,91.0,Sense 2
2025-07-31T11:12:41Z,88.0,Sense 2
2025-07-31T11:12:46Z,89.0,Sense 2
2025-07-31T11:12:51Z,87.0,Sense 2
2025-07-31T11:12:56Z,86.0,Sense 2
2025-07-31T11:13:01Z,84.0,Sense 2
2025-07-31T11:13:06Z,83.0,Sense 2
2025-07-31T11:13:16Z,86.0,Sense 2
2025-07-31T11:13:21Z,86.0,Sense 2
2025-07-31T11:13:26Z,88.0,Sense 2
2025-07-31T11:13:36Z,84.0,Sense 2
2025-07-31T11:13:41Z,83.0,Sense 2
2025-07-31T11:13:46Z,82.0,Sense 2
2025-07-31T11:13:56Z,81.0,Sense 2
2025-07-31T11:14:01Z,83.0,Sense 2
2025-07-31T11:14:06Z,80.0,Sense 2
2025-07-31T11:14:21Z,80.0,Sense 2
2025-07-31T11:14:26Z,81.0,Sense 2
2025-07-31T11:14:36Z,83.0,Sense 2
2025-07-31T11:14:41Z,87.0,Sense 2
2025-07-31T11:14:46Z,88.0,Sense 2
2025-07-31T11:14:56Z,87.0,Sense 2
2025-07-31T11:15:01Z,88.0,Sense 2
2025-07-31T11:15:06Z,87.0,Sense 2
2025-07-31T11:15:11Z,85.0,Sense 2
2025-07-31T11:15:16Z,84.0,Sense 2
2025-07-31T11:15:31Z,81.0,Sense 2
2025-07-31T11:15:36Z,82.0,Sense 2
2025-07-31T11:15:41Z,83.0,Sense 2
2025-07-31T11:15:51Z,84.0,Sense 2
2025-07-31T11:15:56Z,86.0,Sense 2
2025-07-31T11:16:06Z,85.0,Sense 2
2025-07-31T11:16:11Z,84.0,Sense 2
2025-07-31T11:16:16Z,83.0,Sense 2
2025-07-31T11:16:21Z,84.0,Sense 2
2025-07-31T11:16:26Z,84.0,Sense 2
2025-07-31T11:16:31Z,85.0,Sense 2
2025-07-31T11:16:41Z,86.0,Sense 2
2025-07-31T11:16:46Z,85.0,Sense 2
2025-07-31T11:16:51Z,86.0,Sense 2
2025-07-31T11:16:56Z,85.0,Sense 2
2025-07-31T11:17:01Z,84.0,Sense 2
2025-07-31T11:17:16Z,82.0,Sense 2
2025-07-31T11:17:21Z,83.0,Sense 2
2025-07-31T11:17:26Z,84.0,Sense 2
2025-07-31T11:17:31Z,85.0,Sense 2
2025-07-31T11:17:36Z,81.0,Sense 2
2025-07-31T11:17:41Z,84.0,Sense 2
2025-07-31T11:17:46Z,81.0,Sense 2
2025-07-31T11:17:51Z,83.0,Sense 2
2025-07-31T11:18:06Z,84.0,Sense 2
2025-07-31T11:18:16Z,85.0,Sense 2
2025-07-31T11:18:21Z,87.0,Sense 2
2025-07-31T11:18:26Z,88.0,Sense 2
2025-07-31T11:18:31Z,92.0,Sense 2
2025-07-31T11:18:36Z,96.0,Sense 2
2025-07-31T11:18:41Z,95.0,Sense 2
2025-07-31T11:18:46Z,92.0,Sense 2
2025-07-31T11:18:51Z,91.0,Sense 2
2025-07-31T11:18:56Z,92.0,Sense 2
2025-07-31T11:19:01Z,93.0,Sense 2
2025-07-31T11:19:11Z,92.0,Sense 2
2025-07-31T11:19:16Z,92.0,Sense 2
2025-07-31T11:19:21Z,91.0,Sense 2
2025-07-31T11:19:26Z,92.0,Sense 2
2025-07-31T11:19:36Z,91.0,Sense 2
2025-07-31T11:19:41Z,90.0,Sense 2
2025-07-31T11:19:46Z,91.0,Sense 2
2025-07-31T11:19:51Z,90.0,Sense 2
2025-07-31T11:20:01Z,91.0,Sense 2
2025-07-31T11:20:06Z,90.0,Sense 2
2025-07-31T11:20:11Z,92.0,Sense 2
2025-07-31T11:20:16Z,93.0,Sense 2
2025-07-31T11:20:26Z,92.0,Sense 2
2025-07-31T11:20:36Z,90.0,Sense 2
2025-07-31T11:20:51Z,89.0,Sense 2
2025-07-31T11:21:06Z,89.0,Sense 2
2025-07-31T11:21:11Z,90.0,Sense 2
2025-07-31T11:21:16Z,88.0,Sense 2
2025-07-31T11:21:21Z,86.0,Sense 2
2025-07-31T11:21:26Z,83.0,Sense 2
2025-07-31T11:21:31Z,86.0,Sense 2
2025-07-31T11:21:36Z,89.0,Sense 2
2025-07-31T11:21:41Z,91.0,Sense 2
2025-07-31T11:21:51Z,92.0,Sense 2
2025-07-31T11:22:01Z,93.0,Sense 2
2025-07-31T11:22:11Z,94.0,Sense 2
2025-07-31T11:22:16Z,93.0,Sense 2
2025-07-31T11:22:21Z,95.0,Sense 2
2025-07-31T11:22:26Z,95.0,Sense 2
2025-07-31T11:22:31Z,92.0,Sense 2
2025-07-31T11:22:36Z,89.0,Sense 2
2025-07-31T11:22:41Z,94.0,Sense 2
2025-07-31T11:22:51Z,90.0,Sense 2
2025-07-31T11:22:56Z,86.0,Sense 2
2025-07-31T11:23:01Z,84.0,Sense 2
2025-07-31T11:23:06Z,83.0,Sense 2
2025-07-31T11:23:11Z,81.0,Sense 2
2025-07-31T11:23:16Z,79.0,Sense 2
2025-07-31T11:23:21Z,80.0,Sense 2
2025-07-31T11:23:26Z,79.0,Sense 2
2025-07-31T11:23:31Z,81.0,Sense 2
2025-07-31T11:23:41Z,82.0,Sense 2
2025-07-31T11:23:46Z,81.0,Sense 2
2025-07-31T11:23:51Z,80.0,Sense 2
2025-07-31T11:23:56Z,77.0,Sense 2
2025-07-31T11:24:01Z,82.0,Sense 2
2025-07-31T11:24:06Z,83.0,Sense 2
2025-07-31T11:24:11Z,89.0,Sense 2
2025-07-31T11:24:16Z,84.0,Sense 2
2025-07-31T11:24:21Z,86.0,Sense 2
2025-07-31T11:24:26Z,84.0,Sense 2
2025-07-31T11:24:31Z,81.0,Sense 2
2025-07-31T11:24:36Z,78.0,Sense 2
2025-07-31T11:24:41Z,77.0,Sense 2
2025-07-31T11:24:51Z,81.0,Sense 2
2025-07-31T11:24:56Z,81.0,Sense 2
2025-07-31T11:25:01Z,83.0,Sense 2
2025-07-31T11:25:06Z,80.0,Sense 2
2025-07-31T11:25:16Z,79.0,Sense 2
2025-07-31T11:25:21Z,75.0,Sense 2
2025-07-31T11:25:26Z,77.0,Sense 2
2025-07-31T11:25:31Z,73.0,Sense 2
2025-07-31T11:25:36Z,74.0,Sense 2
2025-07-31T11:25:46Z,73.0,Sense 2
2025-07-31T11:25:51Z,71.0,Sense 2
2025-07-31T11:25:56Z,70.0,Sense 2
2025-07-31T11:26:01Z,71.0,Sense 2
2025-07-31T11:26:16Z,71.0,Sense 2
2025-07-31T11:26:21Z,70.0,Sense 2
2025-07-31T11:26:26Z,69.0,Sense 2
2025-07-31T11:26:31Z,72.0,Sense 2
2025-07-31T11:26:41Z,71.0,Sense 2
2025-07-31T11:26:46Z,70.0,Sense 2
2025-07-31T11:27:01Z,70.0,Sense 2
2025-07-31T11:27:06Z,69.0,Sense 2
2025-07-31T11:27:11Z,72.0,Sense 2
2025-07-31T11:27:26Z,70.0,Sense 2
2025-07-31T11:27:31Z,72.0,Sense 2
2025-07-31T11:27:36Z,75.0,Sense 2
2025-07-31T11:27:41Z,74.0,Sense 2
2025-07-31T11:27:46Z,75.0,Sense 2
2025-07-31T11:27:56Z,72.0,Sense 2
2025-07-31T11:28:01Z,84.0,Sense 2
2025-07-31T11:28:07Z,79.0,Sense 2
2025-07-31T11:28:17Z,77.0,Sense 2
2025-07-31T11:28:22Z,76.0,Sense 2
2025-07-31T11:28:27Z,74.0,Sense 2
2025-07-31T11:28:32Z,79.0,Sense 2
2025-07-31T11:28:37Z,78.0,Sense 2
2025-07-31T11:28:47Z,76.0,Sense 2
2025-07-31T11:28:52Z,78.0,Sense 2
2025-07-31T11:29:02Z,80.0,Sense 2
2025-07-31T11:29:12Z,79.0,Sense 2
2025-07-31T11:29:17Z,80.0,Sense 2
2025-07-31T11:29:22Z,79.0,Sense 2
2025-07-31T11:29:32Z,78.0,Sense 2
2025-07-31T11:29:47Z,80.0,Sense 2
2025-07-31T11:29:52Z,78.0,Sense 2
2025-07-31T11:29:57Z,79.0,Sense 2
2025-07-31T11:30:02Z,80.0,Sense 2
2025-07-31T11:30:07Z,78.0,Sense 2
2025-07-31T11:30:12Z,76.0,Sense 2
2025-07-31T11:30:17Z,78.0,Sense 2
2025-07-31T11:30:22Z,79.0,Sense 2
2025-07-31T11:30:32Z,75.0,Sense 2
2025-07-31T11:30:37Z,80.0,Sense 2
2025-07-31T11:30:42Z,82.0,Sense 2
2025-07-31T11:30:47Z,85.0,Sense 2
2025-07-31T11:30:57Z,82.0,Sense 2
2025-07-31T11:31:02Z,81.0,Sense 2
2025-07-31T11:31:07Z,79.0,Sense 2
2025-07-31T11:31:12Z,83.0,Sense 2
2025-07-31T11:31:17Z,81.0,Sense 2
2025-07-31T11:31:22Z,83.0,Sense 2
2025-07-31T11:31:27Z,79.0,Sense 2
2025-07-31T11:31:37Z,80.0,Sense 2
2025-07-31T11:31:42Z,78.0,Sense 2
2025-07-31T11:31:47Z,81.0,Sense 2
2025-07-31T11:31:52Z,79.0,Sense 2
2025-07-31T11:31:57Z,82.0,Sense 2
2025-07-31T11:32:07Z,84.0,Sense 2
2025-07-31T11:32:12Z,85.0,Sense 2
2025-07-31T11:32:17Z,83.0,Sense 2
2025-07-31T11:32:32Z,88.0,Sense 2
2025-07-31T11:32:37Z,87.0,Sense 2
2025-07-31T11:32:42Z,89.0,Sense 2
2025-07-31T11:32:52Z,87.0,Sense 2
2025-07-31T11:33:07Z,89.0,Sense 2
2025-07-31T11:33:12Z,90.0,Sense 2
2025-07-31T11:33:17Z,92.0,Sense 2
2025-07-31T11:33:22Z,88.0,Sense 2
2025-07-31T11:33:27Z,89.0,Sense 2
2025-07-31T11:33:32Z,94.0,Sense 2
2025-07-31T11:33:37Z,92.0,Sense 2
2025-07-31T11:33:52Z,89.0,Sense 2
2025-07-31T11:33:57Z,91.0,Sense 2
2025-07-31T11:34:02Z,94.0,Sense 2
2025-07-31T11:34:07Z,94.0,Sense 2
2025-07-31T11:34:12Z,93.0,Sense 2
2025-07-31T11:34:22Z,91.0,Sense 2
2025-07-31T11:34:27Z,94.0,Sense 2
2025-07-31T11:34:32Z,93.0,Sense 2
2025-07-31T11:34:42Z,89.0,Sense 2
2025-07-31T11:34:57Z,89.0,Sense 2
2025-07-31T11:35:07Z,90.0,Sense 2
2025-07-31T11:35:12Z,91.0,Sense 2
2025-07-31T11:35:17Z,90.0,Sense 2
2025-07-31T11:35:22Z,91.0,Sense 2
2025-07-31T11:35:27Z,92.0,Sense 2
2025-07-31T11:35:37Z,94.0,Sense 2
2025-07-31T11:35:42Z,89.0,Sense 2
2025-07-31T11:35:47Z,90.0,Sense 2
2025-07-31T11:35:52Z,91.0,Sense 2
2025-07-31T11:36:02Z,92.0,Sense 2
2025-07-31T11:36:07Z,93.0,Sense 2
2025-07-31T11:36:17Z,92.0,Sense 2
2025-07-31T11:36:27Z,93.0,Sense 2
2025-07-31T11:36:32Z,94.0,Sense 2
2025-07-31T11:36:37Z,93.0,Sense 2
2025-07-31T11:36:42Z,92.0,Sense 2
2025-07-31T11:36:47Z,90.0,Sense 2
2025-07-31T11:36:52Z,89.0,Sense 2
2025-07-31T11:36:57Z,87.0,Sense 2
2025-07-31T11:37:12Z,87.0,Sense 2
2025-07-31T11:37:17Z,85.0,Sense 2
2025-07-31T11:37:32Z,88.0,Sense 2
2025-07-31T11:37:42Z,82.0,Sense 2
2025-07-31T11:37:47Z,78.0,Sense 2
2025-07-31T11:37:52Z,76.0,Sense 2
2025-07-31T11:37:57Z,75.0,Sense 2
2025-07-31T11:38:02Z,76.0,Sense 2
2025-07-31T11:38:07Z,77.0,Sense 2
2025-07-31T11:38:12Z,72.0,Sense 2
2025-07-31T11:38:17Z,74.0,Sense 2
2025-07-31T11:38:27Z,77.0,Sense 2
2025-07-31T11:38:32Z,78.0,Sense 2
2025-07-31T11:38:37Z,84.0,Sense 2
2025-07-31T11:38:52Z,84.0,Sense 2
2025-07-31T11:38:57Z,86.0,Sense 2
2025-07-31T11:39:02Z,79.0,Sense 2
2025-07-31T11:39:07Z,85.0,Sense 2
2025-07-31T11:39:12Z,86.0,Sense 2
2025-07-31T11:39:17Z,87.0,Sense 2
2025-07-31T11:39:22Z,88.0,Sense 2
2025-07-31T11:39:27Z,89.0,Sense 2
2025-07-31T11:39:32Z,88.0,Sense 2
2025-07-31T11:39:37Z,87.0,Sense 2
2025-07-31T11:39:42Z,89.0,Sense 2
2025-07-31T11:39:47Z,95.0,Sense 2
2025-07-31T11:39:52Z,94.0,Sense 2
2025-07-31T11:40:02Z,92.0,Sense 2
2025-07-31T11:40:07Z,90.0,Sense 2
2025-07-31T11:40:12Z,87.0,Sense 2
2025-07-31T11:40:27Z,85.0,Sense 2
2025-07-31T11:40:32Z,80.0,Sense 2
2025-07-31T11:40:42Z,78.0,Sense 2
2025-07-31T11:40:47Z,81.0,Sense 2
2025-07-31T11:40:52Z,80.0,Sense 2
2025-07-31T11:40:57Z,84.0,Sense 2
2025-07-31T11:41:02Z,83.0,Sense 2
2025-07-31T11:41:07Z,86.0,Sense 2
2025-07-31T11:41:12Z,84.0,Sense 2
2025-07-31T11:41:22Z,83.0,Sense 2
2025-07-31T11:41:27Z,81.0,Sense 2
2025-07-31T11:41:32Z,83.0,Sense 2
2025-07-31T11:41:37Z,79.0,Sense 2
2025-07-31T11:41:42Z,80.0,Sense 2
2025-07-31T11:41:47Z,76.0,Sense 2
2025-07-31T11:41:52Z,77.0,Sense 2
2025-07-31T11:41:57Z,74.0,Sense 2
2025-07-31T11:42:07Z,75.0,Sense 2
2025-07-31T11:42:12Z,77.0,Sense 2
2025-07-31T11:42:22Z,76.0,Sense 2
2025-07-31T11:42:27Z,74.0,Sense 2
2025-07-31T11:42:32Z,76.0,Sense 2
2025-07-31T11:42:42Z,77.0,Sense 2
2025-07-31T11:42:47Z,80.0,Sense 2
2025-07-31T11:42:52Z,78.0,Sense 2
2025-07-31T11:42:57Z,79.0,Sense 2
2025-07-31T11:43:02Z,81.0,Sense 2
2025-07-31T11:43:07Z,79.0,Sense 2
2025-07-31T11:43:12Z,75.0,Sense 2
2025-07-31T11:43:17Z,73.0,Sense 2
2025-07-31T11:43:27Z,74.0,Sense 2
2025-07-31T11:43:32Z,76.0,Sense 2
2025-07-31T11:43:37Z,77.0,Sense 2
2025-07-31T11:43:42Z,81.0,Sense 2
2025-07-31T11:43:47Z,82.0,Sense 2
2025-07-31T11:43:52Z,83.0,Sense 2
2025-07-31T11:43:57Z,81.0,Sense 2
2025-07-31T11:44:02Z,78.0,Sense 2
2025-07-31T11:44:07Z,77.0,Sense 2
2025-07-31T11:44:12Z,80.0,Sense 2
2025-07-31T11:44:17Z,82.0,Sense 2
2025-07-31T11:44:22Z,80.0,Sense 2
2025-07-31T11:44:27Z,76.0,Sense 2
2025-07-31T11:44:32Z,75.0,Sense 2
2025-07-31T11:44:37Z,74.0,Sense 2
2025-07-31T11:44:42Z,79.0,Sense 2
2025-07-31T11:44:57Z,81.0,Sense 2
2025-07-31T11:45:02Z,77.0,Sense 2
2025-07-31T11:45:07Z,76.0,Sense 2
2025-07-31T11:45:17Z,78.0,Sense 2
2025-07-31T11:45:22Z,75.0,Sense 2
2025-07-31T11:45:27Z,71.0,Sense 2
2025-07-31T11:45:32Z,73.0,Sense 2
2025-07-31T11:45:37Z,69.0,Sense 2
2025-07-31T11:45:42Z,66.0,Sense 2
2025-07-31T11:45:47Z,67.0,Sense 2
2025-07-31T11:45:52Z,65.0,Sense 2
2025-07-31T11:45:57Z,67.0,Sense 2
2025-07-31T11:46:02Z,65.0,Sense 2
2025-07-31T11:46:07Z,61.0,Sense 2
2025-07-31T11:46:12Z,59.0,Sense 2
2025-07-31T11:46:22Z,60.0,Sense 2
2025-07-31T11:46:27Z,65.0,Sense 2
2025-07-31T11:46:32Z,66.0,Sense 2
2025-07-31T11:46:37Z,67.0,Sense 2
2025-07-31T11:46:42Z,68.0,Sense 2
2025-07-31T11:46:47Z,65.0,Sense 2
2025-07-31T11:46:52Z,64.0,Sense 2
2025-07-31T11:46:57Z,62.0,Sense 2
2025-07-31T11:47:02Z,63.0,Sense 2
2025-07-31T11:47:12Z,61.0,Sense 2
2025-07-31T11:47:17Z,62.0,Sense 2
2025-07-31T11:47:22Z,63.0,Sense 2
2025-07-31T11:47:37Z,62.0,Sense 2
2025-07-31T11:47:47Z,63.0,Sense 2
2025-07-31T11:47:52Z,60.0,Sense 2
2025-07-31T11:48:02Z,57.0,Sense 2
2025-07-31T11:48:07Z,59.0,Sense 2
2025-07-31T11:48:12Z,61.0,Sense 2
2025-07-31T11:48:17Z,64.0,Sense 2
2025-07-31T11:48:22Z,86.0,Sense 2
2025-07-31T11:48:32Z,83.0,Sense 2
2025-07-31T11:48:37Z,85.0,Sense 2
2025-07-31T11:48:42Z,87.0,Sense 2
2025-07-31T11:48:47Z,85.0,Sense 2
2025-07-31T11:48:52Z,84.0,Sense 2
2025-07-31T11:48:57Z,86.0,Sense 2
2025-07-31T11:49:07Z,84.0,Sense 2
2025-07-31T11:49:12Z,82.0,Sense 2
2025-07-31T11:49:17Z,81.0,Sense 2
2025-07-31T11:49:27Z,83.0,Sense 2
2025-07-31T11:49:32Z,81.0,Sense 2
2025-07-31T11:49:47Z,83.0,Sense 2
2025-07-31T11:49:52Z,82.0,Sense 2
2025-07-31T11:50:07Z,82.0,Sense 2
2025-07-31T11:50:12Z,86.0,Sense 2
2025-07-31T11:50:17Z,88.0,Sense 2
2025-07-31T11:50:22Z,94.0,Sense 2
2025-07-31T11:50:27Z,96.0,Sense 2
2025-07-31T11:50:32Z,95.0,Sense 2
2025-07-31T11:50:47Z,95.0,Sense 2
2025-07-31T11:51:02Z,96.0,Sense 2
2025-07-31T11:51:17Z,96.0,Sense 2
2025-07-31T11:51:22Z,96.0,Sense 2
2025-07-31T11:51:27Z,95.0,Sense 2
2025-07-31T11:51:32Z,94.0,Sense 2
2025-07-31T11:51:42Z,93.0,Sense 2
2025-07-31T11:51:52Z,94.0,Sense 2
2025-07-31T11:52:07Z,98.0,Sense 2
2025-07-31T11:52:17Z,95.0,Sense 2
2025-07-31T11:52:22Z,94.0,Sense 2
2025-07-31T11:52:27Z,96.0,Sense 2
2025-07-31T11:52:37Z,95.0,Sense 2
2025-07-31T11:52:42Z,96.0,Sense 2
2025-07-31T11:52:47Z,97.0,Sense 2
2025-07-31T11:52:52Z,98.0,Sense 2
2025-07-31T11:52:57Z,99.0,Sense 2
2025-07-31T11:53:07Z,100.0,Sense 2
2025-07-31T11:53:12Z,101.0,Sense 2
2025-07-31T11:53:22Z,103.0,Sense 2
2025-07-31T11:53:27Z,104.0,Sense 2
2025-07-31T11:53:32Z,105.0,Sense 2
2025-07-31T11:53:42Z,104.0,Sense 2
2025-07-31T11:53:47Z,102.0,Sense 2
2025-07-31T11:53:52Z,98.0,Sense 2
2025-07-31T11:53:57Z,100.0,Sense 2
2025-07-31T11:54:02Z,104.0,Sense 2
2025-07-31T11:54:07Z,103.0,Sense 2
2025-07-31T11:54:12Z,104.0,Sense 2
2025-07-31T11:54:17Z,99.0,Sense 2
2025-07-31T11:54:22Z,101.0,Sense 2
2025-07-31T11:54:32Z,103.0,Sense 2
2025-07-31T11:54:37Z,102.0,Sense 2
2025-07-31T11:54:42Z,99.0,Sense 2
2025-07-31T11:54:47Z,100.0,Sense 2
2025-07-31T11:54:52Z,101.0,Sense 2
2025-07-31T11:54:57Z,103.0,Sense 2
2025-07-31T11:55:02Z,106.0,Sense 2
2025-07-31T11:55:12Z,109.0,Sense 2
2025-07-31T11:55:17Z,107.0,Sense 2
2025-07-31T11:55:22Z,110.0,Sense 2
2025-07-31T11:55:27Z,109.0,Sense 2
2025-07-31T11:55:32Z,110.0,Sense 2
2025-07-31T11:55:37Z,109.0,Sense 2
2025-07-31T11:55:47Z,108.0,Sense 2
2025-07-31T11:55:57Z,111.0,Sense 2
2025-07-31T11:56:02Z,112.0,Sense 2
2025-07-31T11:56:17Z,108.0,Sense 2
2025-07-31T11:56:27Z,107.0,Sense 2
2025-07-31T11:56:32Z,106.0,Sense 2
2025-07-31T11:56:37Z,107.0,Sense 2
2025-07-31T11:56:42Z,105.0,Sense 2
2025-07-31T11:56:52Z,106.0,Sense 2
2025-07-31T11:56:57Z,109.0,Sense 2
2025-07-31T11:57:02Z,110.0,Sense 2
2025-07-31T11:57:07Z,112.0,Sense 2
2025-07-31T11:57:22Z,112.0,Sense 2
2025-07-31T11:57:27Z,111.0,Sense 2
2025-07-31T11:57:37Z,110.0,Sense 2
2025-07-31T11:57:42Z,111.0,Sense 2
2025-07-31T11:57:52Z,110.0,Sense 2
2025-07-31T11:58:02Z,111.0,Sense 2
2025-07-31T11:58:07Z,110.0,Sense 2
2025-07-31T11:58:12Z,111.0,Sense 2
2025-07-31T11:58:17Z,109.0,Sense 2
2025-07-31T11:58:27Z,110.0,Sense 2
2025-07-31T11:58:32Z,107.0,Sense 2
2025-07-31T11:58:37Z,98.0,Sense 2
2025-07-31T11:58:42Z,97.0,Sense 2
2025-07-31T11:58:47Z,93.0,Sense 2
2025-07-31T11:58:52Z,91.0,Sense 2
2025-07-31T11:58:57Z,90.0,Sense 2
2025-07-31T11:59:02Z,89.0,Sense 2
2025-07-31T11:59:07Z,90.0,Sense 2
2025-07-31T11:59:17Z,89.0,Sense 2
2025-07-31T11:59:22Z,91.0,Sense 2
2025-07-31T11:59:27Z,86.0,Sense 2
2025-07-31T11:59:32Z,82.0,Sense 2
2025-07-31T11:59:37Z,81.0,Sense 2
2025-07-31T11:59:42Z,80.0,Sense 2
2025-07-31T11:59:47Z,79.0,Sense 2
2025-07-31T12:00:02Z,80.0,Sense 2
2025-07-31T12:00:12Z,82.0,Sense 2
2025-07-31T12:00:17Z,83.0,Sense 2
2025-07-31T12:00:27Z,82.0,Sense 2
2025-07-31T12:00:32Z,81.0,Sense 2
2025-07-31T12:00:47Z,81.0,Sense 2
2025-07-31T12:00:57Z,79.0,Sense 2
2025-07-31T12:01:02Z,77.0,Sense 2
2025-07-31T12:01:07Z,76.0,Sense 2
2025-07-31T12:01:12Z,79.0,Sense 2
2025-07-31T12:01:22Z,78.0,Sense 2
2025-07-31T12:01:27Z,76.0,Sense 2
2025-07-31T12:01:32Z,74.0,Sense 2
2025-07-31T12:01:37Z,72.0,Sense 2
2025-07-31T12:01:52Z,72.0,Sense 2
2025-07-31T12:02:02Z,73.0,Sense 2
2025-07-31T12:02:17Z,74.0,Sense 2
2025-07-31T12:02:22Z,75.0,Sense 2
2025-07-31T12:02:28Z,76.0,Sense 2
2025-07-31T12:02:33Z,78.0,Sense 2
2025-07-31T12:02:43Z,76.0,Sense 2
2025-07-31T12:02:48Z,77.0,Sense 2
2025-07-31T12:02:53Z,77.0,Sense 2
2025-07-31T12:02:58Z,77.0,Sense 2
2025-07-31T12:03:04Z,79.0,Sense 2
2025-07-31T12:03:09Z,80.0,Sense 2
2025-07-31T12:03:19Z,79.0,Sense 2
2025-07-31T12:03:24Z,78.0,Sense 2
2025-07-31T12:03:29Z,77.0,Sense 2
2025-07-31T12:03:44Z,77.0,Sense 2
2025-07-31T12:03:49Z,79.0,Sense 2
2025-07-31T12:03:59Z,80.0,Sense 2
2025-07-31T12:04:04Z,81.0,Sense 2
2025-07-31T12:04:09Z,82.0,Sense 2
2025-07-31T12:04:14Z,83.0,Sense 2
2025-07-31T12:04:29Z,82.0,Sense 2
2025-07-31T12:04:34Z,81.0,Sense 2
2025-07-31T12:04:44Z,83.0,Sense 2
2025-07-31T12:04:54Z,82.0,Sense 2
2025-07-31T12:04:59Z,80.0,Sense 2
2025-07-31T12:05:04Z,79.0,Sense 2
2025-07-31T12:05:14Z,79.0,Sense 2
2025-07-31T12:05:29Z,79.0,Sense 2
2025-07-31T12:05:44Z,79.0,Sense 2
2025-07-31T12:05:49Z,80.0,Sense 2
2025-07-31T12:05:54Z,82.0,Sense 2
2025-07-31T12:05:59Z,83.0,Sense 2
2025-07-31T12:06:04Z,81.0,Sense 2
2025-07-31T12:06:09Z,79.0,Sense 2
2025-07-31T12:06:24Z,79.0,Sense 2
2025-07-31T12:06:39Z,77.0,Sense 2
2025-07-31T12:06:44Z,76.0,Sense 2
2025-07-31T12:06:59Z,76.0,Sense 2
2025-07-31T12:07:04Z,75.0,Sense 2
2025-07-31T12:07:09Z,76.0,Sense 2
2025-07-31T12:07:19Z,78.0,Sense 2
2025-07-31T12:07:24Z,80.0,Sense 2
2025-07-31T12:07:29Z,81.0,Sense 2
2025-07-31T12:07:34Z,82.0,Sense 2
2025-07-31T12:07:39Z,83.0,Sense 2
2025-07-31T12:07:49Z,79.0,Sense 2
2025-07-31T12:07:54Z,76.0,Sense 2
2025-07-31T12:07:59Z,72.0,Sense 2
2025-07-31T12:08:09Z,77.0,Sense 2
2025-07-31T12:08:14Z,79.0,Sense 2
2025-07-31T12:08:19Z,82.0,Sense 2
2025-07-31T12:08:24Z,81.0,Sense 2
2025-07-31T12:08:29Z,77.0,Sense 2
2025-07-31T12:08:34Z,78.0,Sense 2
2025-07-31T12:08:39Z,81.0,Sense 2
2025-07-31T12:08:49Z,80.0,Sense 2
2025-07-31T12:08:54Z,76.0,Sense 2
2025-07-31T12:08:59Z,79.0,Sense 2
2025-07-31T12:09:09Z,78.0,Sense 2
2025-07-31T12:09:14Z,77.0,Sense 2
2025-07-31T12:09:29Z,77.0,Sense 2
2025-07-31T12:09:34Z,78.0,Sense 2
2025-07-31T12:09:39Z,76.0,Sense 2
2025-07-31T12:09:44Z,76.0,Sense 2
2025-07-31T12:09:54Z,77.0,Sense 2
2025-07-31T12:09:59Z,83.0,Sense 2
2025-07-31T12:10:04Z,78.0,Sense 2
2025-07-31T12:10:09Z,76.0,Sense 2
2025-07-31T12:10:14Z,78.0,Sense 2
2025-07-31T12:10:19Z,79.0,Sense 2
2025-07-31T12:10:29Z,78.0,Sense 2
2025-07-31T12:10:39Z,80.0,Sense 2
2025-07-31T12:10:44Z,81.0,Sense 2
2025-07-31T12:10:49Z,80.0,Sense 2
2025-07-31T12:10:54Z,81.0,Sense 2
2025-07-31T12:10:59Z,82.0,Sense 2
2025-07-31T12:11:04Z,79.0,Sense 2
2025-07-31T12:11:09Z,78.0,Sense 2
2025-07-31T12:11:14Z,77.0,Sense 2
2025-07-31T12:11:24Z,78.0,Sense 2
2025-07-31T12:11:29Z,79.0,Sense 2
2025-07-31T12:11:34Z,82.0,Sense 2
2025-07-31T12:11:39Z,85.0,Sense 2
2025-07-31T12:11:49Z,82.0,Sense 2
2025-07-31T12:11:54Z,79.0,Sense 2
2025-07-31T12:11:59Z,78.0,Sense 2
2025-07-31T12:12:14Z,78.0,Sense 2
2025-07-31T12:12:19Z,79.0,Sense 2
2025-07-31T12:12:24Z,78.0,Sense 2
2025-07-31T12:12:34Z,79.0,Sense 2
2025-07-31T12:12:39Z,79.0,Sense 2
2025-07-31T12:12:44Z,80.0,Sense 2
2025-07-31T12:12:49Z,83.0,Sense 2
2025-07-31T12:12:54Z,85.0,Sense 2
2025-07-31T12:12:59Z,84.0,Sense 2
2025-07-31T12:13:04Z,82.0,Sense 2
2025-07-31T12:13:09Z,81.0,Sense 2
2025-07-31T12:13:19Z,82.0,Sense 2
2025-07-31T12:13:24Z,83.0,Sense 2
2025-07-31T12:13:29Z,84.0,Sense 2
2025-07-31T12:13:34Z,85.0,Sense 2
2025-07-31T12:13:39Z,84.0,Sense 2
2025-07-31T12:13:44Z,83.0,Sense 2
2025-07-31T12:13:49Z,81.0,Sense 2
2025-07-31T12:13:59Z,83.0,Sense 2
2025-07-31T12:14:04Z,84.0,Sense 2
2025-07-31T12:14:09Z,82.0,Sense 2
2025-07-31T12:14:14Z,80.0,Sense 2
2025-07-31T12:14:19Z,79.0,Sense 2
2025-07-31T12:14:24Z,81.0,Sense 2
2025-07-31T12:14:29Z,84.0,Sense 2
2025-07-31T12:14:39Z,82.0,Sense 2
2025-07-31T12:14:44Z,80.0,Sense 2
2025-07-31T12:14:49Z,79.0,Sense 2
2025-07-31T12:14:54Z,78.0,Sense 2
2025-07-31T12:14:59Z,79.0,Sense 2
2025-07-31T12:15:04Z,81.0,Sense 2
2025-07-31T12:15:09Z,84.0,Sense 2
2025-07-31T12:15:14Z,86.0,Sense 2
2025-07-31T12:15:24Z,85.0,Sense 2
2025-07-31T12:15:29Z,83.0,Sense 2
2025-07-31T12:15:34Z,82.0,Sense 2
2025-07-31T12:15:44Z,81.0,Sense 2
2025-07-31T12:15:49Z,82.0,Sense 2
2025-07-31T12:15:54Z,84.0,Sense 2
2025-07-31T12:15:59Z,85.0,Sense 2
2025-07-31T12:16:04Z,85.0,Sense 2
2025-07-31T12:16:09Z,86.0,Sense 2
2025-07-31T12:16:19Z,85.0,Sense 2
2025-07-31T12:16:24Z,83.0,Sense 2
2025-07-31T12:16:29Z,82.0,Sense 2
2025-07-31T12:16:34Z,80.0,Sense 2
2025-07-31T12:16:39Z,79.0,Sense 2
2025-07-31T12:16:44Z,80.0,Sense 2
2025-07-31T12:16:49Z,79.0,Sense 2
2025-07-31T12:16:59Z,80.0,Sense 2
2025-07-31T12:17:14Z,79.0,Sense 2
2025-07-31T12:17:24Z,80.0,Sense 2
2025-07-31T12:17:29Z,83.0,Sense 2
2025-07-31T12:17:34Z,84.0,Sense 2
2025-07-31T12:17:39Z,85.0,Sense 2
2025-07-31T12:17:49Z,85.0,Sense 2
2025-07-31T12:18:04Z,85.0,Sense 2
2025-07-31T12:18:19Z,85.0,Sense 2
2025-07-31T12:18:24Z,85.0,Sense 2
2025-07-31T12:18:29Z,83.0,Sense 2
2025-07-31T12:18:39Z,83.0,Sense 2
2025-07-31T12:18:44Z,82.0,Sense 2
2025-07-31T12:18:59Z,82.0,Sense 2
2025-07-31T12:19:04Z,84.0,Sense 2
2025-07-31T12:19:09Z,85.0,Sense 2
2025-07-31T12:19:14Z,84.0,Sense 2
2025-07-31T12:19:19Z,83.0,Sense 2
2025-07-31T12:19:24Z,82.0,Sense 2
2025-07-31T12:19:29Z,83.0,Sense 2
2025-07-31T12:19:39Z,84.0,Sense 2
2025-07-31T12:19:44Z,83.0,Sense 2
2025-07-31T12:19:49Z,84.0,Sense 2
2025-07-31T12:19:59Z,83.0,Sense 2
2025-07-31T12:20:04Z,82.0,Sense 2
2025-07-31T12:20:09Z,81.0,Sense 2
2025-07-31T12:20:19Z,82.0,Sense 2
2025-07-31T12:20:24Z,84.0,Sense 2
2025-07-31T12:20:29Z,85.0,Sense 2
2025-07-31T12:20:34Z,86.0,Sense 2
2025-07-31T12:20:39Z,85.0,Sense 2
2025-07-31T12:20:49Z,87.0,Sense 2
2025-07-31T12:20:54Z,88.0,Sense 2
2025-07-31T12:20:59Z,89.0,Sense 2
2025-07-31T12:21:04Z,92.0,Sense 2
2025-07-31T12:21:19Z,92.0,Sense 2
2025-07-31T12:21:24Z,92.0,Sense 2
2025-07-31T12:21:29Z,91.0,Sense 2
2025-07-31T12:21:34Z,90.0,Sense 2
2025-07-31T12:21:49Z,89.0,Sense 2
2025-07-31T12:21:54Z,88.0,Sense 2
2025-07-31T12:22:09Z,91.0,Sense 2
2025-07-31T12:22:14Z,92.0,Sense 2
2025-07-31T12:22:19Z,91.0,Sense 2
2025-07-31T12:22:24Z,88.0,Sense 2
2025-07-31T12:22:29Z,89.0,Sense 2
2025-07-31T12:22:34Z,86.0,Sense 2
2025-07-31T12:22:39Z,85.0,Sense 2
2025-07-31T12:22:44Z,84.0,Sense 2
2025-07-31T12:22:54Z,83.0,Sense 2
2025-07-31T12:23:04Z,84.0,Sense 2
2025-07-31T12:23:09Z,85.0,Sense 2
2025-07-31T12:23:14Z,86.0,Sense 2
2025-07-31T12:23:19Z,88.0,Sense 2
2025-07-31T12:23:24Z,89.0,Sense 2
2025-07-31T12:23:29Z,90.0,Sense 2
2025-07-31T12:23:39Z,89.0,Sense 2
2025-07-31T12:23:44Z,88.0,Sense 2
2025-07-31T12:23:49Z,89.0,Sense 2
2025-07-31T12:23:54Z,90.0,Sense 2
2025-07-31T12:23:59Z,88.0,Sense 2
2025-07-31T12:24:04Z,86.0,Sense 2
2025-07-31T12:24:09Z,85.0,Sense 2
2025-07-31T12:24:14Z,86.0,Sense 2
2025-07-31T12:24:24Z,84.0,Sense 2
2025-07-31T12:24:29Z,86.0,Sense 2
2025-07-31T12:24:34Z,88.0,Sense 2
2025-07-31T12:24:39Z,90.0,Sense 2
2025-07-31T12:24:44Z,89.0,Sense 2
2025-07-31T12:24:49Z,87.0,Sense 2
2025-07-31T12:24:54Z,86.0,Sense 2
2025-07-31T12:24:59Z,89.0,Sense 2
2025-07-31T12:25:04Z,90.0,Sense 2
2025-07-31T12:25:09Z,86.0,Sense 2
2025-07-31T12:25:14Z,84.0,Sense 2
2025-07-31T12:25:19Z,86.0,Sense 2
2025-07-31T12:25:24Z,85.0,Sense 2
2025-07-31T12:25:34Z,84.0,Sense 2
2025-07-31T12:25:44Z,85.0,Sense 2
2025-07-31T12:25:49Z,81.0,Sense 2
2025-07-31T12:25:54Z,81.0,Sense 2
2025-07-31T12:25:59Z,82.0,Sense 2
2025-07-31T12:26:04Z,82.0,Sense 2
2025-07-31T12:26:09Z,84.0,Sense 2
2025-07-31T12:26:14Z,84.0,Sense 2
2025-07-31T12:26:19Z,83.0,Sense 2
2025-07-31T12:26:24Z,84.0,Sense 2
2025-07-31T12:26:29Z,86.0,Sense 2
2025-07-31T12:26:39Z,83.0,Sense 2
2025-07-31T12:26:54Z,83.0,Sense 2
2025-07-31T12:26:59Z,85.0,Sense 2
2025-07-31T12:27:04Z,86.0,Sense 2
2025-07-31T12:27:09Z,85.0,Sense 2
2025-07-31T12:27:14Z,87.0,Sense 2
2025-07-31T12:27:29Z,87.0,Sense 2
2025-07-31T12:27:34Z,86.0,Sense 2
2025-07-31T12:27:49Z,86.0,Sense 2
2025-07-31T12:27:59Z,85.0,Sense 2
2025-07-31T12:28:04Z,84.0,Sense 2
2025-07-31T12:28:09Z,83.0,Sense 2
2025-07-31T12:28:24Z,82.0,Sense 2
2025-07-31T12:28:34Z,83.0,Sense 2
2025-07-31T12:28:44Z,80.0,Sense 2
2025-07-31T12:28:54Z,82.0,Sense 2
2025-07-31T12:28:59Z,80.0,Sense 2
2025-07-31T12:29:04Z,82.0,Sense 2
2025-07-31T12:29:09Z,83.0,Sense 2
2025-07-31T12:29:14Z,84.0,Sense 2
2025-07-31T12:29:19Z,83.0,Sense 2
2025-07-31T12:29:24Z,81.0,Sense 2
2025-07-31T12:29:29Z,76.0,Sense 2
2025-07-31T12:29:34Z,83.0,Sense 2
2025-07-31T12:29:39Z,86.0,Sense 2
2025-07-31T12:29:44Z,85.0,Sense 2
2025-07-31T12:29:49Z,80.0,Sense 2
2025-07-31T12:29:54Z,82.0,Sense 2
2025-07-31T12:29:59Z,83.0,Sense 2
2025-07-31T12:30:04Z,83.0,Sense 2
2025-07-31T12:30:09Z,81.0,Sense 2
2025-07-31T12:30:19Z,82.0,Sense 2
2025-07-31T12:30:24Z,81.0,Sense 2
2025-07-31T12:30:34Z,81.0,Sense 2
2025-07-31T12:30:49Z,83.0,Sense 2
2025-07-31T12:30:54Z,86.0,Sense 2
2025-07-31T12:30:59Z,87.0,Sense 2
2025-07-31T12:31:04Z,89.0,Sense 2
2025-07-31T12:31:14Z,86.0,Sense 2
2025-07-31T12:31:19Z,85.0,Sense 2
2025-07-31T12:31:24Z,82.0,Sense 2
2025-07-31T12:31:39Z,81.0,Sense 2
2025-07-31T12:31:54Z,82.0,Sense 2
2025-07-31T12:31:59Z,83.0,Sense 2
2025-07-31T12:32:04Z,85.0,Sense 2
2025-07-31T12:32:09Z,86.0,Sense 2
2025-07-31T12:32:14Z,85.0,Sense 2
2025-07-31T12:32:19Z,85.0,Sense 2
2025-07-31T12:32:29Z,87.0,Sense 2
2025-07-31T12:32:34Z,88.0,Sense 2
2025-07-31T12:32:39Z,86.0,Sense 2
2025-07-31T12:32:44Z,87.0,Sense 2
2025-07-31T12:32:49Z,86.0,Sense 2
2025-07-31T12:32:54Z,84.0,Sense 2
2025-07-31T12:33:04Z,85.0,Sense 2
2025-07-31T12:33:19Z,85.0,Sense 2
2025-07-31T12:33:24Z,87.0,Sense 2
2025-07-31T12:33:29Z,86.0,Sense 2
2025-07-31T12:33:44Z,83.0,Sense 2
2025-07-31T12:33:49Z,82.0,Sense 2
2025-07-31T12:33:54Z,81.0,Sense 2
2025-07-31T12:34:09Z,81.0,Sense 2
2025-07-31T12:34:19Z,80.0,Sense 2
2025-07-31T12:34:29Z,81.0,Sense 2
2025-07-31T12:34:39Z,79.0,Sense 2
2025-07-31T12:34:49Z,85.0,Sense 2
2025-07-31T12:34:54Z,86.0,Sense 2
2025-07-31T12:34:59Z,83.0,Sense 2
2025-07-31T12:35:04Z,81.0,Sense 2
2025-07-31T12:35:09Z,79.0,Sense 2
2025-07-31T12:35:19Z,78.0,Sense 2
2025-07-31T12:35:24Z,79.0,Sense 2
2025-07-31T12:35:29Z,80.0,Sense 2
2025-07-31T12:35:44Z,80.0,Sense 2
2025-07-31T12:35:49Z,81.0,Sense 2
2025-07-31T12:35:54Z,82.0,Sense 2
2025-07-31T12:35:59Z,83.0,Sense 2
2025-07-31T12:36:09Z,84.0,Sense 2
2025-07-31T12:36:14Z,85.0,Sense 2
2025-07-31T12:36:19Z,84.0,Sense 2
2025-07-31T12:36:24Z,83.0,Sense 2
2025-07-31T12:36:29Z,82.0,Sense 2
2025-07-31T12:36:34Z,81.0,Sense 2
2025-07-31T12:36:39Z,80.0,Sense 2
2025-07-31T12:36:44Z,80.0,Sense 2
2025-07-31T12:36:49Z,82.0,Sense 2
2025-07-31T12:36:54Z,83.0,Sense 2
2025-07-31T12:36:59Z,86.0,Sense 2
2025-07-31T12:37:04Z,88.0,Sense 2
2025-07-31T12:37:09Z,87.0,Sense 2
2025-07-31T12:37:14Z,85.0,Sense 2
2025-07-31T12:37:19Z,83.0,Sense 2
2025-07-31T12:37:24Z,81.0,Sense 2
2025-07-31T12:37:29Z,80.0,Sense 2
2025-07-31T12:37:34Z,81.0,Sense 2
2025-07-31T12:37:44Z,82.0,Sense 2
2025-07-31T12:37:49Z,83.0,Sense 2
2025-07-31T12:37:54Z,81.0,Sense 2
2025-07-31T12:37:59Z,79.0,Sense 2
2025-07-31T12:38:04Z,80.0,Sense 2
2025-07-31T12:38:19Z,80.0,Sense 2
2025-07-31T12:38:24Z,81.0,Sense 2
2025-07-31T12:38:29Z,82.0,Sense 2
2025-07-31T12:38:34Z,83.0,Sense 2
2025-07-31T12:38:44Z,86.0,Sense 2
2025-07-31T12:38:49Z,85.0,Sense 2
2025-07-31T12:38:54Z,83.0,Sense 2
2025-07-31T12:38:59Z,82.0,Sense 2
2025-07-31T12:39:04Z,82.0,Sense 2
2025-07-31T12:39:14Z,81.0,Sense 2
2025-07-31T12:39:19Z,81.0,Sense 2
2025-07-31T12:39:29Z,82.0,Sense 2
2025-07-31T12:39:44Z,83.0,Sense 2
2025-07-31T12:39:49Z,86.0,Sense 2
2025-07-31T12:39:54Z,88.0,Sense 2
2025-07-31T12:39:59Z,86.0,Sense 2
2025-07-31T12:40:04Z,84.0,Sense 2
2025-07-31T12:40:14Z,85.0,Sense 2
2025-07-31T12:40:24Z,84.0,Sense 2
2025-07-31T12:40:29Z,85.0,Sense 2
2025-07-31T12:40:34Z,84.0,Sense 2
2025-07-31T12:40:39Z,86.0,Sense 2
2025-07-31T12:40:44Z,88.0,Sense 2
2025-07-31T12:40:54Z,84.0,Sense 2
2025-07-31T12:40:59Z,81.0,Sense 2
2025-07-31T12:41:04Z,82.0,Sense 2
2025-07-31T12:41:09Z,81.0,Sense 2
2025-07-31T12:41:14Z,81.0,Sense 2
2025-07-31T12:41:24Z,80.0,Sense 2
2025-07-31T12:41:29Z,81.0,Sense 2
2025-07-31T12:41:34Z,83.0,Sense 2
2025-07-31T12:41:39Z,87.0,Sense 2
2025-07-31T12:41:44Z,88.0,Sense 2
2025-07-31T12:41:49Z,84.0,Sense 2
2025-07-31T12:41:54Z,85.0,Sense 2
2025-07-31T12:41:59Z,86.0,Sense 2
2025-07-31T12:42:04Z,85.0,Sense 2
2025-07-31T12:42:09Z,86.0,Sense 2
2025-07-31T12:42:14Z,85.0,Sense 2
2025-07-31T12:42:19Z,86.0,Sense 2
2025-07-31T12:42:24Z,86.0,Sense 2
2025-07-31T12:42:29Z,84.0,Sense 2
2025-07-31T12:42:34Z,83.0,Sense 2
2025-07-31T12:42:39Z,81.0,Sense 2
2025-07-31T12:42:44Z,83.0,Sense 2
2025-07-31T12:42:49Z,84.0,Sense 2
2025-07-31T12:42:54Z,86.0,Sense 2
2025-07-31T12:42:59Z,87.0,Sense 2
2025-07-31T12:43:04Z,89.0,Sense 2
2025-07-31T12:43:09Z,90.0,Sense 2
2025-07-31T12:43:14Z,90.0,Sense 2
2025-07-31T12:43:19Z,91.0,Sense 2
2025-07-31T12:43:24Z,87.0,Sense 2
2025-07-31T12:43:29Z,85.0,Sense 2
2025-07-31T12:43:39Z,84.0,Sense 2
2025-07-31T12:43:49Z,84.0,Sense 2
2025-07-31T12:43:54Z,86.0,Sense 2
2025-07-31T12:43:59Z,84.0,Sense 2
2025-07-31T12:44:04Z,83.0,Sense 2
2025-07-31T12:44:09Z,84.0,Sense 2
2025-07-31T12:44:14Z,87.0,Sense 2
2025-07-31T12:44:19Z,88.0,Sense 2
2025-07-31T12:44:24Z,87.0,Sense 2
2025-07-31T12:44:29Z,86.0,Sense 2
2025-07-31T12:44:34Z,86.0,Sense 2
2025-07-31T12:44:49Z,86.0,Sense 2
2025-07-31T12:44:54Z,87.0,Sense 2
2025-07-31T12:45:04Z,90.0,Sense 2
2025-07-31T12:45:10Z,90.0,Sense 2
2025-07-31T12:45:15Z,85.0,Sense 2
2025-07-31T12:45:20Z,84.0,Sense 2
2025-07-31T12:45:25Z,83.0,Sense 2
2025-07-31T12:45:30Z,82.0,Sense 2
2025-07-31T12:45:35Z,85.0,Sense 2
2025-07-31T12:45:40Z,88.0,Sense 2
2025-07-31T12:45:45Z,85.0,Sense 2
2025-07-31T12:45:50Z,84.0,Sense 2
2025-07-31T12:45:55Z,85.0,Sense 2
2025-07-31T12:46:00Z,86.0,Sense 2
2025-07-31T12:46:05Z,85.0,Sense 2
2025-07-31T12:46:20Z,86.0,Sense 2
2025-07-31T12:46:30Z,88.0,Sense 2
2025-07-31T12:46:35Z,88.0,Sense 2
2025-07-31T12:46:45Z,89.0,Sense 2
2025-07-31T12:46:50Z,90.0,Sense 2
2025-07-31T12:46:55Z,91.0,Sense 2
2025-07-31T12:47:00Z,88.0,Sense 2
2025-07-31T12:47:05Z,85.0,Sense 2
2025-07-31T12:47:10Z,84.0,Sense 2
2025-07-31T12:47:25Z,83.0,Sense 2
2025-07-31T12:47:30Z,82.0,Sense 2
2025-07-31T12:47:35Z,82.0,Sense 2
2025-07-31T12:47:40Z,82.0,Sense 2
2025-07-31T12:47:50Z,83.0,Sense 2
2025-07-31T12:47:55Z,85.0,Sense 2
2025-07-31T12:48:00Z,84.0,Sense 2
2025-07-31T12:48:05Z,83.0,Sense 2
2025-07-31T12:48:10Z,82.0,Sense 2
2025-07-31T12:48:15Z,84.0,Sense 2
2025-07-31T12:48:20Z,87.0,Sense 2
2025-07-31T12:48:25Z,90.0,Sense 2
2025-07-31T12:48:30Z,92.0,Sense 2
2025-07-31T12:48:35Z,88.0,Sense 2
2025-07-31T12:48:40Z,84.0,Sense 2
2025-07-31T12:48:45Z,82.0,Sense 2
2025-07-31T12:48:55Z,83.0,Sense 2
2025-07-31T12:49:00Z,84.0,Sense 2
2025-07-31T12:49:05Z,85.0,Sense 2
2025-07-31T12:49:15Z,86.0,Sense 2
2025-07-31T12:49:20Z,86.0,Sense 2
2025-07-31T12:49:25Z,87.0,Sense 2
2025-07-31T12:49:35Z,88.0,Sense 2
2025-07-31T12:49:40Z,86.0,Sense 2
2025-07-31T12:49:45Z,82.0,Sense 2
2025-07-31T12:49:50Z,80.0,Sense 2
2025-07-31T12:49:55Z,81.0,Sense 2
2025-07-31T12:50:05Z,80.0,Sense 2
2025-07-31T12:50:10Z,82.0,Sense 2
2025-07-31T12:50:15Z,85.0,Sense 2
2025-07-31T12:50:20Z,87.0,Sense 2
2025-07-31T12:50:25Z,85.0,Sense 2
2025-07-31T12:50:30Z,83.0,Sense 2
2025-07-31T12:50:35Z,83.0,Sense 2
2025-07-31T12:50:45Z,84.0,Sense 2
2025-07-31T12:50:50Z,85.0,Sense 2
2025-07-31T12:50:55Z,84.0,Sense 2
2025-07-31T12:51:00Z,81.0,Sense 2
2025-07-31T12:51:05Z,78.0,Sense 2
2025-07-31T12:51:10Z,76.0,Sense 2
2025-07-31T12:51:25Z,76.0,Sense 2
2025-07-31T12:51:30Z,78.0,Sense 2
2025-07-31T12:51:35Z,78.0,Sense 2
2025-07-31T12:51:50Z,78.0,Sense 2
2025-07-31T12:51:55Z,77.0,Sense 2
2025-07-31T12:52:00Z,76.0,Sense 2
2025-07-31T12:52:05Z,78.0,Sense 2
2025-07-31T12:52:10Z,77.0,Sense 2
2025-07-31T12:52:20Z,78.0,Sense 2
2025-07-31T12:52:30Z,81.0,Sense 2
2025-07-31T12:52:35Z,83.0,Sense 2
2025-07-31T12:52:40Z,81.0,Sense 2
2025-07-31T12:52:45Z,79.0,Sense 2
2025-07-31T12:52:50Z,80.0,Sense 2
2025-07-31T12:52:55Z,79.0,Sense 2
2025-07-31T12:53:00Z,74.0,Sense 2
2025-07-31T12:53:05Z,73.0,Sense 2
2025-07-31T12:53:20Z,73.0,Sense 2
2025-07-31T12:53:35Z,73.0,Sense 2
2025-07-31T12:53:40Z,74.0,Sense 2
2025-07-31T12:53:45Z,75.0,Sense 2
2025-07-31T12:54:00Z,75.0,Sense 2
2025-07-31T12:54:05Z,76.0,Sense 2
2025-07-31T12:54:20Z,79.0,Sense 2
2025-07-31T12:54:25Z,80.0,Sense 2
2025-07-31T12:54:40Z,81.0,Sense 2
2025-07-31T12:54:50Z,79.0,Sense 2
2025-07-31T12:54:55Z,81.0,Sense 2
2025-07-31T12:55:00Z,82.0,Sense 2
2025-07-31T12:55:15Z,82.0,Sense 2
2025-07-31T12:55:20Z,83.0,Sense 2
2025-07-31T12:55:30Z,82.0,Sense 2
2025-07-31T12:55:40Z,81.0,Sense 2
2025-07-31T12:55:45Z,80.0,Sense 2
2025-07-31T12:55:50Z,79.0,Sense 2
2025-07-31T12:56:05Z,79.0,Sense 2
2025-07-31T12:56:15Z,78.0,Sense 2
2025-07-31T12:56:25Z,81.0,Sense 2
2025-07-31T12:56:30Z,80.0,Sense 2
2025-07-31T12:56:35Z,78.0,Sense 2
2025-07-31T12:56:40Z,78.0,Sense 2
2025-07-31T12:56:45Z,77.0,Sense 2
2025-07-31T12:57:00Z,75.0,Sense 2
2025-07-31T12:57:05Z,75.0,Sense 2
2025-07-31T12:57:15Z,75.0,Sense 2
2025-07-31T12:57:20Z,76.0,Sense 2
2025-07-31T12:57:25Z,78.0,Sense 2
2025-07-31T12:57:30Z,79.0,Sense 2
2025-07-31T12:57:35Z,79.0,Sense 2
2025-07-31T12:57:50Z,79.0,Sense 2
2025-07-31T12:58:05Z,79.0,Sense 2
2025-07-31T12:58:10Z,78.0,Sense 2
2025-07-31T12:58:25Z,79.0,Sense 2
2025-07-31T12:58:30Z,80.0,Sense 2
2025-07-31T12:58:35Z,79.0,Sense 2
2025-07-31T12:58:40Z,78.0,Sense 2
2025-07-31T12:58:55Z,79.0,Sense 2
2025-07-31T12:59:05Z,78.0,Sense 2
2025-07-31T12:59:20Z,78.0,Sense 2
2025-07-31T12:59:30Z,79.0,Sense 2
2025-07-31T12:59:40Z,80.0,Sense 2
2025-07-31T12:59:45Z,79.0,Sense 2
2025-07-31T12:59:50Z,78.0,Sense 2
2025-07-31T12:59:55Z,77.0,Sense 2
2025-07-31T13:00:00Z,75.0,Sense 2
2025-07-31T13:00:15Z,76.0,Sense 2
2025-07-31T13:00:20Z,79.0,Sense 2
2025-07-31T13:00:25Z,81.0,Sense 2
2025-07-31T13:00:30Z,78.0,Sense 2
2025-07-31T13:00:35Z,75.0,Sense 2
2025-07-31T13:00:40Z,74.0,Sense 2
2025-07-31T13:00:45Z,71.0,Sense 2
2025-07-31T13:00:50Z,70.0,Sense 2
2025-07-31T13:00:55Z,74.0,Sense 2
2025-07-31T13:01:00Z,79.0,Sense 2
2025-07-31T13:01:05Z,81.0,Sense 2
2025-07-31T13:01:10Z,80.0,Sense 2
2025-07-31T13:01:15Z,81.0,Sense 2
2025-07-31T13:01:20Z,80.0,Sense 2
2025-07-31T13:01:25Z,77.0,Sense 2
2025-07-31T13:01:30Z,75.0,Sense 2
2025-07-31T13:01:35Z,76.0,Sense 2
2025-07-31T13:01:50Z,76.0,Sense 2
2025-07-31T13:02:05Z,76.0,Sense 2
2025-07-31T13:02:10Z,75.0,Sense 2
2025-07-31T13:02:15Z,74.0,Sense 2
2025-07-31T13:02:20Z,73.0,Sense 2
2025-07-31T13:02:25Z,75.0,Sense 2
2025-07-31T13:02:35Z,74.0,Sense 2
2025-07-31T13:02:40Z,72.0,Sense 2
2025-07-31T13:02:45Z,73.0,Sense 2
2025-07-31T13:02:50Z,75.0,Sense 2
2025-07-31T13:02:55Z,76.0,Sense 2
2025-07-31T13:03:05Z,79.0,Sense 2
2025-07-31T13:03:10Z,76.0,Sense 2
2025-07-31T13:03:15Z,77.0,Sense 2
2025-07-31T13:03:20Z,77.0,Sense 2
2025-07-31T13:03:25Z,77.0,Sense 2
2025-07-31T13:03:35Z,76.0,Sense 2
2025-07-31T13:03:40Z,75.0,Sense 2
2025-07-31T13:03:45Z,75.0,Sense 2
2025-07-31T13:03:50Z,74.0,Sense 2
2025-07-31T13:04:05Z,74.0,Sense 2
2025-07-31T13:04:20Z,75.0,Sense 2
2025-07-31T13:04:35Z,74.0,Sense 2
2025-07-31T13:04:45Z,76.0,Sense 2
2025-07-31T13:04:50Z,77.0,Sense 2
2025-07-31T13:04:55Z,79.0,Sense 2
2025-07-31T13:05:00Z,75.0,Sense 2
2025-07-31T13:05:05Z,77.0,Sense 2
2025-07-31T13:05:10Z,79.0,Sense 2
2025-07-31T13:05:15Z,77.0,Sense 2
2025-07-31T13:05:20Z,75.0,Sense 2
2025-07-31T13:05:35Z,76.0,Sense 2
2025-07-31T13:05:50Z,78.0,Sense 2
2025-07-31T13:05:55Z,79.0,Sense 2
2025-07-31T13:06:00Z,75.0,Sense 2
2025-07-31T13:06:05Z,70.0,Sense 2
2025-07-31T13:06:10Z,71.0,Sense 2
2025-07-31T13:06:25Z,72.0,Sense 2
2025-07-31T13:06:35Z,73.0,Sense 2
2025-07-31T13:06:40Z,75.0,Sense 2
2025-07-31T13:06:55Z,76.0,Sense 2
2025-07-31T13:07:05Z,77.0,Sense 2
2025-07-31T13:07:15Z,75.0,Sense 2
2025-07-31T13:07:20Z,74.0,Sense 2
2025-07-31T13:07:25Z,73.0,Sense 2
2025-07-31T13:07:30Z,74.0,Sense 2
2025-07-31T13:07:35Z,73.0,Sense 2
2025-07-31T13:07:45Z,76.0,Sense 2
2025-07-31T13:07:50Z,77.0,Sense 2
2025-07-31T13:07:55Z,75.0,Sense 2
2025-07-31T13:08:00Z,74.0,Sense 2
2025-07-31T13:08:05Z,77.0,Sense 2
2025-07-31T13:08:10Z,74.0,Sense 2
2025-07-31T13:08:15Z,74.0,Sense 2
2025-07-31T13:08:20Z,75.0,Sense 2
2025-07-31T13:08:25Z,74.0,Sense 2
2025-07-31T13:08:35Z,75.0,Sense 2
2025-07-31T13:08:40Z,76.0,Sense 2
2025-07-31T13:08:55Z,77.0,Sense 2
2025-07-31T13:09:00Z,77.0,Sense 2
2025-07-31T13:09:10Z,79.0,Sense 2
2025-07-31T13:09:20Z,75.0,Sense 2
2025-07-31T13:09:25Z,75.0,Sense 2
2025-07-31T13:09:35Z,76.0,Sense 2
2025-07-31T13:09:40Z,79.0,Sense 2
2025-07-31T13:09:45Z,80.0,Sense 2
2025-07-31T13:09:50Z,79.0,Sense 2
2025-07-31T13:09:55Z,74.0,Sense 2
2025-07-31T13:10:00Z,70.0,Sense 2
2025-07-31T13:10:05Z,77.0,Sense 2
2025-07-31T13:10:10Z,82.0,Sense 2
2025-07-31T13:10:15Z,80.0,Sense 2
2025-07-31T13:10:20Z,79.0,Sense 2
2025-07-31T13:10:25Z,79.0,Sense 2
2025-07-31T13:10:35Z,77.0,Sense 2
2025-07-31T13:10:45Z,78.0,Sense 2
2025-07-31T13:10:50Z,77.0,Sense 2
2025-07-31T13:11:05Z,77.0,Sense 2
2025-07-31T13:11:20Z,77.0,Sense 2
2025-07-31T13:11:35Z,77.0,Sense 2
2025-07-31T13:11:50Z,77.0,Sense 2
2025-07-31T13:12:05Z,77.0,Sense 2
2025-07-31T13:12:20Z,78.0,Sense 2
2025-07-31T13:12:35Z,78.0,Sense 2
2025-07-31T13:12:45Z,65.0,Sense 2
2025-07-31T13:12:50Z,72.0,Sense 2
2025-07-31T13:12:55Z,76.0,Sense 2
2025-07-31T13:13:00Z,73.0,Sense 2
2025-07-31T13:13:05Z,63.0,Sense 2
2025-07-31T13:13:10Z,65.0,Sense 2
2025-07-31T13:13:15Z,62.0,Sense 2
2025-07-31T13:13:25Z,58.0,Sense 2
2025-07-31T13:13:30Z,67.0,Sense 2
2025-07-31T13:13:35Z,64.0,Sense 2
2025-07-31T13:13:40Z,72.0,Sense 2
2025-07-31T13:13:45Z,73.0,Sense 2
2025-07-31T13:13:50Z,76.0,Sense 2
2025-07-31T13:13:55Z,72.0,Sense 2
2025-07-31T13:14:00Z,65.0,Sense 2
2025-07-31T13:14:05Z,62.0,Sense 2
2025-07-31T13:14:10Z,57.0,Sense 2
2025-07-31T13:14:15Z,60.0,Sense 2
2025-07-31T13:14:20Z,58.0,Sense 2
2025-07-31T13:14:25Z,60.0,Sense 2
2025-07-31T13:14:30Z,64.0,Sense 2
2025-07-31T13:14:35Z,66.0,Sense 2
2025-07-31T13:14:40Z,68.0,Sense 2
2025-07-31T13:14:45Z,65.0,Sense 2
2025-07-31T13:14:50Z,64.0,Sense 2
2025-07-31T13:14:55Z,67.0,Sense 2
2025-07-31T13:15:00Z,62.0,Sense 2
2025-07-31T13:15:05Z,60.0,Sense 2
2025-07-31T13:15:10Z,58.0,Sense 2
2025-07-31T13:15:15Z,55.0,Sense 2
2025-07-31T13:15:20Z,52.0,Sense 2
2025-07-31T13:15:25Z,57.0,Sense 2
2025-07-31T13:15:30Z,59.0,Sense 2
2025-07-31T13:15:40Z,62.0,Sense 2
2025-07-31T13:15:45Z,64.0,Sense 2
2025-07-31T13:15:50Z,74.0,Sense 2
2025-07-31T13:15:55Z,82.0,Sense 2
2025-07-31T13:16:00Z,81.0,Sense 2
2025-07-31T13:16:05Z,82.0,Sense 2
2025-07-31T13:16:15Z,81.0,Sense 2
2025-07-31T13:16:25Z,79.0,Sense 2
2025-07-31T13:16:30Z,76.0,Sense 2
2025-07-31T13:16:35Z,69.0,Sense 2
2025-07-31T13:16:40Z,68.0,Sense 2
2025-07-31T13:16:50Z,70.0,Sense 2
2025-07-31T13:16:55Z,72.0,Sense 2
2025-07-31T13:17:00Z,74.0,Sense 2
2025-07-31T13:17:10Z,72.0,Sense 2
2025-07-31T13:17:15Z,71.0,Sense 2
2025-07-31T13:17:20Z,74.0,Sense 2
2025-07-31T13:17:25Z,75.0,Sense 2
2025-07-31T13:17:30Z,76.0,Sense 2
2025-07-31T13:17:45Z,76.0,Sense 2
2025-07-31T13:18:00Z,77.0,Sense 2
2025-07-31T13:18:05Z,77.0,Sense 2
2025-07-31T13:18:10Z,77.0,Sense 2
2025-07-31T13:18:25Z,78.0,Sense 2
2025-07-31T13:18:30Z,79.0,Sense 2
2025-07-31T13:18:35Z,79.0,Sense 2
2025-07-31T13:18:41Z,79.0,Sense 2
2025-07-31T13:18:51Z,78.0,Sense 2
2025-07-31T13:18:56Z,79.0,Sense 2
2025-07-31T13:19:11Z,78.0,Sense 2
2025-07-31T13:19:26Z,78.0,Sense 2
2025-07-31T13:19:41Z,79.0,Sense 2
2025-07-31T13:19:51Z,80.0,Sense 2
2025-07-31T13:19:56Z,79.0,Sense 2
2025-07-31T13:20:01Z,78.0,Sense 2
2025-07-31T13:20:06Z,78.0,Sense 2
2025-07-31T13:20:11Z,80.0,Sense 2
2025-07-31T13:20:21Z,76.0,Sense 2
2025-07-31T13:20:26Z,74.0,Sense 2
2025-07-31T13:20:31Z,77.0,Sense 2
2025-07-31T13:20:36Z,75.0,Sense 2
2025-07-31T13:20:41Z,74.0,Sense 2
2025-07-31T13:20:56Z,74.0,Sense 2
2025-07-31T13:21:11Z,74.0,Sense 2
2025-07-31T13:21:16Z,75.0,Sense 2
2025-07-31T13:21:26Z,74.0,Sense 2
2025-07-31T13:21:31Z,72.0,Sense 2
2025-07-31T13:21:36Z,73.0,Sense 2
2025-07-31T13:21:41Z,74.0,Sense 2
2025-07-31T13:21:46Z,74.0,Sense 2
2025-07-31T13:21:51Z,75.0,Sense 2
2025-07-31T13:21:56Z,79.0,Sense 2
2025-07-31T13:22:01Z,82.0,Sense 2
2025-07-31T13:22:06Z,83.0,Sense 2
2025-07-31T13:22:11Z,81.0,Sense 2
2025-07-31T13:22:16Z,79.0,Sense 2
2025-07-31T13:22:21Z,80.0,Sense 2
2025-07-31T13:22:31Z,77.0,Sense 2
2025-07-31T13:22:36Z,75.0,Sense 2
2025-07-31T13:22:46Z,75.0,Sense 2
2025-07-31T13:22:51Z,77.0,Sense 2
2025-07-31T13:23:01Z,77.0,Sense 2
2025-07-31T13:23:11Z,77.0,Sense 2
2025-07-31T13:23:16Z,78.0,Sense 2
2025-07-31T13:23:26Z,76.0,Sense 2
2025-07-31T13:23:31Z,73.0,Sense 2
2025-07-31T13:23:36Z,74.0,Sense 2
2025-07-31T13:23:41Z,75.0,Sense 2
2025-07-31T13:23:46Z,76.0,Sense 2
2025-07-31T13:23:51Z,75.0,Sense 2
2025-07-31T13:23:56Z,77.0,Sense 2
2025-07-31T13:24:01Z,76.0,Sense 2
2025-07-31T13:24:06Z,77.0,Sense 2
2025-07-31T13:24:11Z,77.0,Sense 2
2025-07-31T13:24:16Z,75.0,Sense 2
2025-07-31T13:24:21Z,77.0,Sense 2
2025-07-31T13:24:26Z,82.0,Sense 2
2025-07-31T13:24:31Z,84.0,Sense 2
2025-07-31T13:24:36Z,83.0,Sense 2
2025-07-31T13:24:41Z,84.0,Sense 2
2025-07-31T13:24:46Z,85.0,Sense 2
2025-07-31T13:24:51Z,83.0,Sense 2
2025-07-31T13:25:06Z,86.0,Sense 2
2025-07-31T13:25:11Z,84.0,Sense 2
2025-07-31T13:25:16Z,82.0,Sense 2
2025-07-31T13:25:21Z,81.0,Sense 2
2025-07-31T13:25:31Z,80.0,Sense 2
2025-07-31T13:25:36Z,75.0,Sense 2
2025-07-31T13:25:46Z,76.0,Sense 2
2025-07-31T13:25:51Z,77.0,Sense 2
2025-07-31T13:25:56Z,78.0,Sense 2
2025-07-31T13:26:01Z,75.0,Sense 2
2025-07-31T13:26:16Z,75.0,Sense 2
2025-07-31T13:26:31Z,75.0,Sense 2
2025-07-31T13:26:46Z,74.0,Sense 2
2025-07-31T13:26:56Z,75.0,Sense 2
2025-07-31T13:27:11Z,75.0,Sense 2
2025-07-31T13:27:16Z,76.0,Sense 2
2025-07-31T13:27:31Z,79.0,Sense 2
2025-07-31T13:27:36Z,81.0,Sense 2
2025-07-31T13:27:41Z,80.0,Sense 2
2025-07-31T13:27:46Z,78.0,Sense 2
2025-07-31T13:27:51Z,75.0,Sense 2
2025-07-31T13:27:56Z,78.0,Sense 2
2025-07-31T13:28:01Z,81.0,Sense 2
2025-07-31T13:28:06Z,78.0,Sense 2
2025-07-31T13:28:11Z,79.0,Sense 2
2025-07-31T13:28:16Z,78.0,Sense 2
2025-07-31T13:28:26Z,81.0,Sense 2
2025-07-31T13:28:31Z,84.0,Sense 2
2025-07-31T13:28:36Z,85.0,Sense 2
2025-07-31T13:28:41Z,83.0,Sense 2
2025-07-31T13:28:46Z,81.0,Sense 2
2025-07-31T13:28:51Z,82.0,Sense 2
2025-07-31T13:28:56Z,86.0,Sense 2
2025-07-31T13:29:01Z,85.0,Sense 2
2025-07-31T13:29:06Z,88.0,Sense 2
2025-07-31T13:29:11Z,87.0,Sense 2
2025-07-31T13:29:16Z,88.0,Sense 2
2025-07-31T13:29:21Z,91.0,Sense 2
2025-07-31T13:29:31Z,90.0,Sense 2
2025-07-31T13:29:36Z,89.0,Sense 2
2025-07-31T13:29:46Z,88.0,Sense 2
2025-07-31T13:29:51Z,87.0,Sense 2
2025-07-31T13:29:56Z,88.0,Sense 2
2025-07-31T13:30:06Z,89.0,Sense 2
2025-07-31T13:30:11Z,91.0,Sense 2
2025-07-31T13:30:16Z,90.0,Sense 2
2025-07-31T13:30:21Z,91.0,Sense 2
2025-07-31T13:30:26Z,92.0,Sense 2
2025-07-31T13:30:36Z,91.0,Sense 2
2025-07-31T13:30:46Z,93.0,Sense 2
2025-07-31T13:31:01Z,92.0,Sense 2
2025-07-31T13:31:11Z,91.0,Sense 2
2025-07-31T13:31:16Z,92.0,Sense 2
2025-07-31T13:31:21Z,91.0,Sense 2
2025-07-31T13:31:26Z,92.0,Sense 2
2025-07-31T13:31:31Z,91.0,Sense 2
2025-07-31T13:31:36Z,92.0,Sense 2
2025-07-31T13:31:41Z,94.0,Sense 2
2025-07-31T13:31:51Z,96.0,Sense 2
2025-07-31T13:31:56Z,94.0,Sense 2
2025-07-31T13:32:01Z,95.0,Sense 2
2025-07-31T13:32:06Z,96.0,Sense 2
2025-07-31T13:32:11Z,100.0,Sense 2
2025-07-31T13:32:16Z,99.0,Sense 2
2025-07-31T13:32:21Z,98.0,Sense 2
2025-07-31T13:32:26Z,97.0,Sense 2
2025-07-31T13:32:41Z,99.0,Sense 2
2025-07-31T13:32:44Z,99.0,Sense 2
2025-07-31T13:32:47Z,99.0,Sense 2
2025-07-31T13:32:48Z,100.0,Sense 2
2025-07-31T13:32:50Z,99.0,Sense 2
2025-07-31T13:32:51Z,98.0,Sense 2
2025-07-31T13:32:53Z,99.0,Sense 2
2025-07-31T13:32:54Z,100.0,Sense 2
2025-07-31T13:32:55Z,101.0,Sense 2
2025-07-31T13:32:56Z,102.0,Sense 2
2025-07-31T13:32:58Z,101.0,Sense 2
2025-07-31T13:32:59Z,99.0,Sense 2
2025-07-31T13:33:00Z,98.0,Sense 2
2025-07-31T13:33:03Z,97.0,Sense 2
2025-07-31T13:33:05Z,96.0,Sense 2
2025-07-31T13:33:07Z,95.0,Sense 2
2025-07-31T13:33:10Z,95.0,Sense 2
2025-07-31T13:33:13Z,96.0,Sense 2
2025-07-31T13:33:14Z,97.0,Sense 2
2025-07-31T13:33:17Z,96.0,Sense 2
2025-07-31T13:33:18Z,95.0,Sense 2
2025-07-31T13:33:19Z,96.0,Sense 2
2025-07-31T13:33:22Z,96.0,Sense 2
2025-07-31T13:33:25Z,96.0,Sense 2
2025-07-31T13:33:27Z,95.0,Sense 2
2025-07-31T13:33:29Z,96.0,Sense 2
2025-07-31T13:33:30Z,97.0,Sense 2
2025-07-31T13:33:31Z,96.0,Sense 2
2025-07-31T13:33:32Z,95.0,Sense 2
2025-07-31T13:33:33Z,94.0,Sense 2
2025-07-31T13:33:36Z,94.0,Sense 2
2025-07-31T13:33:38Z,95.0,Sense 2
2025-07-31T13:33:39Z,96.0,Sense 2
2025-07-31T13:33:41Z,95.0,Sense 2
2025-07-31T13:33:42Z,94.0,Sense 2
2025-07-31T13:33:45Z,93.0,Sense 2
2025-07-31T13:33:48Z,94.0,Sense 2
2025-07-31T13:33:51Z,93.0,Sense 2
2025-07-31T13:33:52Z,94.0,Sense 2
2025-07-31T13:33:54Z,93.0,Sense 2
2025-07-31T13:33:55Z,92.0,Sense 2
2025-07-31T13:33:56Z,91.0,Sense 2
2025-07-31T13:33:57Z,92.0,Sense 2
2025-07-31T13:34:00Z,91.0,Sense 2
2025-07-31T13:34:01Z,90.0,Sense 2
2025-07-31T13:34:04Z,90.0,Sense 2
2025-07-31T13:34:05Z,91.0,Sense 2
2025-07-31T13:34:06Z,92.0,Sense 2
2025-07-31T13:34:07Z,93.0,Sense 2
2025-07-31T13:34:09Z,92.0,Sense 2
2025-07-31T13:34:10Z,91.0,Sense 2
2025-07-31T13:34:11Z,90.0,Sense 2
2025-07-31T13:34:12Z,91.0,Sense 2
2025-07-31T13:34:13Z,93.0,Sense 2
2025-07-31T13:34:15Z,94.0,Sense 2
2025-07-31T13:34:16Z,94.0,Sense 2
2025-07-31T13:34:19Z,94.0,Sense 2
2025-07-31T13:34:20Z,93.0,Sense 2
2025-07-31T13:34:21Z,94.0,Sense 2
2025-07-31T13:34:22Z,95.0,Sense 2
2025-07-31T13:34:23Z,96.0,Sense 2
2025-07-31T13:34:25Z,95.0,Sense 2
2025-07-31T13:34:27Z,96.0,Sense 2
2025-07-31T13:34:29Z,95.0,Sense 2
2025-07-31T13:34:30Z,94.0,Sense 2
2025-07-31T13:34:33Z,94.0,Sense 2
2025-07-31T13:34:34Z,93.0,Sense 2
2025-07-31T13:34:37Z,92.0,Sense 2
2025-07-31T13:34:40Z,93.0,Sense 2
2025-07-31T13:34:43Z,94.0,Sense 2
2025-07-31T13:34:46Z,93.0,Sense 2
2025-07-31T13:34:48Z,92.0,Sense 2
2025-07-31T13:34:50Z,91.0,Sense 2
2025-07-31T13:34:51Z,90.0,Sense 2
2025-07-31T13:34:52Z,89.0,Sense 2
2025-07-31T13:34:55Z,88.0,Sense 2
2025-07-31T13:34:56Z,87.0,Sense 2
2025-07-31T13:34:57Z,86.0,Sense 2
2025-07-31T13:34:58Z,87.0,Sense 2
2025-07-31T13:34:59Z,90.0,Sense 2
2025-07-31T13:35:00Z,92.0,Sense 2
2025-07-31T13:35:02Z,90.0,Sense 2
2025-07-31T13:35:03Z,89.0,Sense 2
2025-07-31T13:35:04Z,88.0,Sense 2
2025-07-31T13:35:07Z,89.0,Sense 2
2025-07-31T13:35:09Z,91.0,Sense 2
2025-07-31T13:35:10Z,92.0,Sense 2
2025-07-31T13:35:13Z,91.0,Sense 2
2025-07-31T13:35:15Z,92.0,Sense 2
2025-07-31T13:35:18Z,93.0,Sense 2
2025-07-31T13:35:19Z,94.0,Sense 2
2025-07-31T13:35:21Z,93.0,Sense 2
2025-07-31T13:35:23Z,92.0,Sense 2
2025-07-31T13:35:24Z,91.0,Sense 2
2025-07-31T13:35:25Z,90.0,Sense 2
2025-07-31T13:35:27Z,91.0,Sense 2
2025-07-31T13:35:28Z,93.0,Sense 2
2025-07-31T13:35:29Z,96.0,Sense 2
2025-07-31T13:35:30Z,98.0,Sense 2
2025-07-31T13:35:33Z,97.0,Sense 2
2025-07-31T13:35:34Z,94.0,Sense 2
2025-07-31T13:35:35Z,93.0,Sense 2
2025-07-31T13:35:37Z,95.0,Sense 2
2025-07-31T13:35:40Z,96.0,Sense 2
2025-07-31T13:35:42Z,97.0,Sense 2
2025-07-31T13:35:43Z,96.0,Sense 2
2025-07-31T13:35:44Z,94.0,Sense 2
2025-07-31T13:35:45Z,93.0,Sense 2
2025-07-31T13:35:46Z,94.0,Sense 2
2025-07-31T13:35:47Z,96.0,Sense 2
2025-07-31T13:35:49Z,94.0,Sense 2
2025-07-31T13:35:50Z,92.0,Sense 2
2025-07-31T13:35:52Z,93.0,Sense 2
2025-07-31T13:35:53Z,94.0,Sense 2
2025-07-31T13:35:55Z,93.0,Sense 2
2025-07-31T13:35:58Z,94.0,Sense 2
2025-07-31T13:36:01Z,94.0,Sense 2
2025-07-31T13:36:04Z,94.0,Sense 2
2025-07-31T13:36:05Z,93.0,Sense 2
2025-07-31T13:36:06Z,92.0,Sense 2
2025-07-31T13:36:07Z,91.0,Sense 2
2025-07-31T13:36:10Z,94.0,Sense 2
2025-07-31T13:36:11Z,95.0,Sense 2
2025-07-31T13:36:12Z,94.0,Sense 2
2025-07-31T13:36:13Z,92.0,Sense 2
2025-07-31T13:36:14Z,91.0,Sense 2
2025-07-31T13:36:15Z,92.0,Sense 2
2025-07-31T13:36:18Z,93.0,Sense 2
2025-07-31T13:36:19Z,94.0,Sense 2
2025-07-31T13:36:20Z,95.0,Sense 2
2025-07-31T13:36:23Z,94.0,Sense 2
2025-07-31T13:36:26Z,93.0,Sense 2
2025-07-31T13:36:27Z,92.0,Sense 2
2025-07-31T13:36:28Z,91.0,Sense 2
2025-07-31T13:36:30Z,92.0,Sense 2
2025-07-31T13:36:31Z,93.0,Sense 2
2025-07-31T13:36:32Z,93.0,Sense 2
2025-07-31T13:36:35Z,93.0,Sense 2
2025-07-31T13:36:37Z,91.0,Sense 2
2025-07-31T13:36:38Z,90.0,Sense 2
2025-07-31T13:36:39Z,89.0,Sense 2
2025-07-31T13:36:40Z,90.0,Sense 2
2025-07-31T13:36:41Z,92.0,Sense 2
2025-07-31T13:36:42Z,91.0,Sense 2
2025-07-31T13:36:43Z,89.0,Sense 2
2025-07-31T13:36:44Z,88.0,Sense 2
2025-07-31T13:36:45Z,87.0,Sense 2
2025-07-31T13:36:48Z,87.0,Sense 2
2025-07-31T13:36:49Z,88.0,Sense 2
2025-07-31T13:36:50Z,90.0,Sense 2
2025-07-31T13:36:51Z,91.0,Sense 2
2025-07-31T13:36:52Z,90.0,Sense 2
2025-07-31T13:36:53Z,89.0,Sense 2
2025-07-31T13:36:56Z,89.0,Sense 2
2025-07-31T13:36:57Z,90.0,Sense 2
2025-07-31T13:36:59Z,89.0,Sense 2
2025-07-31T13:37:00Z,90.0,Sense 2
2025-07-31T13:37:03Z,91.0,Sense 2
2025-07-31T13:37:05Z,92.0,Sense 2
2025-07-31T13:37:06Z,90.0,Sense 2
2025-07-31T13:37:07Z,88.0,Sense 2
2025-07-31T13:37:09Z,89.0,Sense 2
2025-07-31T13:37:12Z,90.0,Sense 2
2025-07-31T13:37:13Z,92.0,Sense 2
2025-07-31T13:37:14Z,93.0,Sense 2
2025-07-31T13:37:15Z,95.0,Sense 2
2025-07-31T13:37:16Z,96.0,Sense 2
2025-07-31T13:37:17Z,95.0,Sense 2
2025-07-31T13:37:19Z,94.0,Sense 2
2025-07-31T13:37:22Z,95.0,Sense 2
2025-07-31T13:37:23Z,96.0,Sense 2
2025-07-31T13:37:24Z,97.0,Sense 2
2025-07-31T13:37:27Z,97.0,Sense 2
2025-07-31T13:37:28Z,96.0,Sense 2
2025-07-31T13:37:31Z,97.0,Sense 2
2025-07-31T13:37:34Z,98.0,Sense 2
2025-07-31T13:37:37Z,98.0,Sense 2
2025-07-31T13:37:40Z,99.0,Sense 2
2025-07-31T13:37:41Z,100.0,Sense 2
2025-07-31T13:37:43Z,98.0,Sense 2
2025-07-31T13:37:44Z,96.0,Sense 2
2025-07-31T13:37:47Z,97.0,Sense 2
2025-07-31T13:37:48Z,98.0,Sense 2
2025-07-31T13:37:49Z,99.0,Sense 2
2025-07-31T13:37:50Z,100.0,Sense 2
2025-07-31T13:37:53Z,100.0,Sense 2
2025-07-31T13:37:56Z,101.0,Sense 2
2025-07-31T13:37:58Z,102.0,Sense 2
2025-07-31T13:38:00Z,101.0,Sense 2
2025-07-31T13:38:02Z,100.0,Sense 2
2025-07-31T13:38:03Z,99.0,Sense 2
2025-07-31T13:38:06Z,99.0,Sense 2
2025-07-31T13:38:09Z,99.0,Sense 2
2025-07-31T13:38:12Z,100.0,Sense 2
2025-07-31T13:38:13Z,101.0,Sense 2
2025-07-31T13:38:15Z,102.0,Sense 2
2025-07-31T13:38:16Z,101.0,Sense 2
2025-07-31T13:38:17Z,100.0,Sense 2
2025-07-31T13:38:20Z,100.0,Sense 2
2025-07-31T13:38:23Z,100.0,Sense 2
2025-07-31T13:38:26Z,100.0,Sense 2
2025-07-31T13:38:28Z,99.0,Sense 2
2025-07-31T13:38:30Z,100.0,Sense 2
2025-07-31T13:38:31Z,101.0,Sense 2
2025-07-31T13:38:32Z,102.0,Sense 2
2025-07-31T13:38:35Z,102.0,Sense 2
2025-07-31T13:38:38Z,102.0,Sense 2
2025-07-31T13:38:41Z,103.0,Sense 2
2025-07-31T13:38:44Z,103.0,Sense 2
2025-07-31T13:38:45Z,102.0,Sense 2
2025-07-31T13:38:46Z,101.0,Sense 2
2025-07-31T13:38:48Z,102.0,Sense 2
2025-07-31T13:38:50Z,103.0,Sense 2
2025-07-31T13:38:52Z,102.0,Sense 2
2025-07-31T13:38:55Z,102.0,Sense 2
2025-07-31T13:38:58Z,101.0,Sense 2
2025-07-31T13:38:59Z,100.0,Sense 2
2025-07-31T13:39:00Z,99.0,Sense 2
2025-07-31T13:39:02Z,100.0,Sense 2
2025-07-31T13:39:05Z,101.0,Sense 2
2025-07-31T13:39:06Z,100.0,Sense 2
2025-07-31T13:39:07Z,99.0,Sense 2
2025-07-31T13:39:08Z,97.0,Sense 2
2025-07-31T13:39:10Z,98.0,Sense 2
2025-07-31T13:39:12Z,97.0,Sense 2
2025-07-31T13:39:15Z,97.0,Sense 2
2025-07-31T13:39:16Z,98.0,Sense 2
2025-07-31T13:39:17Z,99.0,Sense 2
2025-07-31T13:39:20Z,99.0,Sense 2
2025-07-31T13:39:23Z,100.0,Sense 2
2025-07-31T13:39:24Z,101.0,Sense 2
2025-07-31T13:39:27Z,101.0,Sense 2
2025-07-31T13:39:30Z,101.0,Sense 2
2025-07-31T13:39:33Z,101.0,Sense 2
2025-07-31T13:39:36Z,101.0,Sense 2
2025-07-31T13:39:39Z,101.0,Sense 2
2025-07-31T13:39:41Z,102.0,Sense 2
2025-07-31T13:39:43Z,101.0,Sense 2
2025-07-31T13:39:44Z,100.0,Sense 2
2025-07-31T13:39:45Z,99.0,Sense 2
2025-07-31T13:39:48Z,100.0,Sense 2
2025-07-31T13:39:50Z,101.0,Sense 2
2025-07-31T13:39:52Z,100.0,Sense 2
2025-07-31T13:39:54Z,99.0,Sense 2
2025-07-31T13:39:55Z,99.0,Sense 2
2025-07-31T13:39:56Z,98.0,Sense 2
2025-07-31T13:39:57Z,97.0,Sense 2
2025-07-31T13:39:58Z,96.0,Sense 2
2025-07-31T13:39:59Z,95.0,Sense 2
2025-07-31T13:40:00Z,94.0,Sense 2
2025-07-31T13:40:02Z,95.0,Sense 2
2025-07-31T13:40:03Z,96.0,Sense 2
2025-07-31T13:40:04Z,97.0,Sense 2
2025-07-31T13:40:05Z,98.0,Sense 2
2025-07-31T13:40:07Z,99.0,Sense 2
2025-07-31T13:40:08Z,100.0,Sense 2
2025-07-31T13:40:10Z,101.0,Sense 2
2025-07-31T13:40:13Z,101.0,Sense 2
2025-07-31T13:40:14Z,102.0,Sense 2
2025-07-31T13:40:17Z,101.0,Sense 2
2025-07-31T13:40:18Z,100.0,Sense 2
2025-07-31T13:40:20Z,99.0,Sense 2
2025-07-31T13:40:22Z,98.0,Sense 2
2025-07-31T13:40:25Z,98.0,Sense 2
2025-07-31T13:40:26Z,97.0,Sense 2
2025-07-31T13:40:28Z,98.0,Sense 2
2025-07-31T13:40:31Z,99.0,Sense 2
2025-07-31T13:40:33Z,100.0,Sense 2
2025-07-31T13:40:36Z,100.0,Sense 2
2025-07-31T13:40:37Z,101.0,Sense 2
2025-07-31T13:40:40Z,101.0,Sense 2
2025-07-31T13:40:41Z,102.0,Sense 2
2025-07-31T13:40:42Z,101.0,Sense 2
2025-07-31T13:40:43Z,99.0,Sense 2
2025-07-31T13:40:44Z,98.0,Sense 2
2025-07-31T13:40:47Z,99.0,Sense 2
2025-07-31T13:40:48Z,100.0,Sense 2
2025-07-31T13:40:49Z,101.0,Sense 2
2025-07-31T13:40:52Z,101.0,Sense 2
2025-07-31T13:40:54Z,102.0,Sense 2
2025-07-31T13:40:57Z,102.0,Sense 2
2025-07-31T13:41:00Z,102.0,Sense 2
2025-07-31T13:41:01Z,103.0,Sense 2
2025-07-31T13:41:04Z,103.0,Sense 2
2025-07-31T13:41:06Z,102.0,Sense 2
2025-07-31T13:41:07Z,103.0,Sense 2
2025-07-31T13:41:08Z,104.0,Sense 2
2025-07-31T13:41:11Z,103.0,Sense 2
2025-07-31T13:41:12Z,104.0,Sense 2
2025-07-31T13:41:15Z,103.0,Sense 2
2025-07-31T13:41:18Z,103.0,Sense 2
2025-07-31T13:41:21Z,103.0,Sense 2
2025-07-31T13:41:23Z,102.0,Sense 2
2025-07-31T13:41:26Z,102.0,Sense 2
2025-07-31T13:41:29Z,101.0,Sense 2
2025-07-31T13:41:31Z,102.0,Sense 2
2025-07-31T13:41:32Z,103.0,Sense 2
2025-07-31T13:41:35Z,103.0,Sense 2
2025-07-31T13:41:36Z,102.0,Sense 2
2025-07-31T13:41:38Z,101.0,Sense 2
2025-07-31T13:41:39Z,102.0,Sense 2
2025-07-31T13:41:42Z,102.0,Sense 2
2025-07-31T13:41:43Z,101.0,Sense 2
2025-07-31T13:41:45Z,102.0,Sense 2
2025-07-31T13:41:48Z,102.0,Sense 2
2025-07-31T13:41:49Z,101.0,Sense 2
2025-07-31T13:41:50Z,101.0,Sense 2
2025-07-31T13:41:53Z,102.0,Sense 2
2025-07-31T13:41:54Z,101.0,Sense 2
2025-07-31T13:41:55Z,100.0,Sense 2
2025-07-31T13:41:58Z,100.0,Sense 2
2025-07-31T13:42:01Z,100.0,Sense 2
2025-07-31T13:42:04Z,100.0,Sense 2
2025-07-31T13:42:06Z,99.0,Sense 2
2025-07-31T13:42:11Z,98.0,Sense 2
2025-07-31T13:42:16Z,101.0,Sense 2
2025-07-31T13:42:21Z,98.0,Sense 2
2025-07-31T13:42:26Z,98.0,Sense 2
2025-07-31T13:42:31Z,99.0,Sense 2
2025-07-31T13:42:36Z,100.0,Sense 2
2025-07-31T13:42:41Z,99.0,Sense 2
2025-07-31T13:42:46Z,99.0,Sense 2
2025-07-31T13:42:51Z,99.0,Sense 2
2025-07-31T13:42:56Z,102.0,Sense 2
2025-07-31T13:43:01Z,101.0,Sense 2
2025-07-31T13:43:06Z,103.0,Sense 2
2025-07-31T13:43:16Z,102.0,Sense 2
2025-07-31T13:43:21Z,100.0,Sense 2
2025-07-31T13:43:26Z,99.0,Sense 2
2025-07-31T13:43:36Z,100.0,Sense 2
2025-07-31T13:43:41Z,100.0,Sense 2
2025-07-31T13:43:46Z,102.0,Sense 2
2025-07-31T13:43:51Z,101.0,Sense 2
2025-07-31T13:43:56Z,100.0,Sense 2
2025-07-31T13:44:01Z,99.0,Sense 2
2025-07-31T13:44:06Z,96.0,Sense 2
2025-07-31T13:44:11Z,97.0,Sense 2
2025-07-31T13:44:16Z,96.0,Sense 2
2025-07-31T13:44:21Z,94.0,Sense 2
2025-07-31T13:44:26Z,94.0,Sense 2
2025-07-31T13:44:31Z,95.0,Sense 2
2025-07-31T13:44:36Z,96.0,Sense 2
2025-07-31T13:44:41Z,97.0,Sense 2
2025-07-31T13:44:46Z,98.0,Sense 2
2025-07-31T13:44:56Z,100.0,Sense 2
2025-07-31T13:45:01Z,102.0,Sense 2
2025-07-31T13:45:06Z,100.0,Sense 2
2025-07-31T13:45:16Z,100.0,Sense 2
2025-07-31T13:45:21Z,101.0,Sense 2
2025-07-31T13:45:31Z,99.0,Sense 2
2025-07-31T13:45:36Z,100.0,Sense 2
2025-07-31T13:45:41Z,101.0,Sense 2
2025-07-31T13:45:46Z,103.0,Sense 2
2025-07-31T13:45:51Z,102.0,Sense 2
2025-07-31T13:45:56Z,102.0,Sense 2
2025-07-31T13:46:06Z,103.0,Sense 2
2025-07-31T13:46:11Z,102.0,Sense 2
2025-07-31T13:46:16Z,99.0,Sense 2
2025-07-31T13:46:21Z,98.0,Sense 2
2025-07-31T13:46:26Z,101.0,Sense 2
2025-07-31T13:46:31Z,102.0,Sense 2
2025-07-31T13:46:36Z,103.0,Sense 2
2025-07-31T13:46:41Z,99.0,Sense 2
2025-07-31T13:46:46Z,94.0,Sense 2
2025-07-31T13:46:56Z,96.0,Sense 2
2025-07-31T13:47:01Z,95.0,Sense 2
2025-07-31T13:47:06Z,92.0,Sense 2
2025-07-31T13:47:11Z,90.0,Sense 2
2025-07-31T13:47:16Z,91.0,Sense 2
2025-07-31T13:47:21Z,92.0,Sense 2
2025-07-31T13:47:26Z,90.0,Sense 2
2025-07-31T13:47:31Z,89.0,Sense 2
2025-07-31T13:47:36Z,90.0,Sense 2
2025-07-31T13:47:41Z,91.0,Sense 2
2025-07-31T13:47:46Z,92.0,Sense 2
2025-07-31T13:47:51Z,92.0,Sense 2
2025-07-31T13:47:56Z,93.0,Sense 2
2025-07-31T13:48:01Z,92.0,Sense 2
2025-07-31T13:48:06Z,92.0,Sense 2
2025-07-31T13:48:16Z,92.0,Sense 2
2025-07-31T13:48:21Z,93.0,Sense 2
2025-07-31T13:48:31Z,94.0,Sense 2
2025-07-31T13:48:36Z,96.0,Sense 2
2025-07-31T13:48:41Z,94.0,Sense 2
2025-07-31T13:48:46Z,93.0,Sense 2
2025-07-31T13:48:51Z,90.0,Sense 2
2025-07-31T13:48:56Z,89.0,Sense 2
2025-07-31T13:49:01Z,89.0,Sense 2
2025-07-31T13:49:06Z,88.0,Sense 2
2025-07-31T13:49:21Z,88.0,Sense 2
2025-07-31T13:49:26Z,87.0,Sense 2
2025-07-31T13:49:31Z,88.0,Sense 2
2025-07-31T13:49:36Z,89.0,Sense 2
2025-07-31T13:49:51Z,92.0,Sense 2
2025-07-31T13:49:56Z,95.0,Sense 2
2025-07-31T13:50:01Z,92.0,Sense 2
2025-07-31T13:50:06Z,89.0,Sense 2
2025-07-31T13:50:11Z,93.0,Sense 2
2025-07-31T13:50:16Z,98.0,Sense 2
2025-07-31T13:50:21Z,100.0,Sense 2
2025-07-31T13:50:26Z,96.0,Sense 2
2025-07-31T13:50:31Z,92.0,Sense 2
2025-07-31T13:50:36Z,89.0,Sense 2
2025-07-31T13:50:46Z,87.0,Sense 2
2025-07-31T13:51:01Z,88.0,Sense 2
2025-07-31T13:51:06Z,89.0,Sense 2
2025-07-31T13:51:11Z,90.0,Sense 2
2025-07-31T13:51:16Z,91.0,Sense 2
2025-07-31T13:51:21Z,92.0,Sense 2
2025-07-31T13:51:26Z,93.0,Sense 2
2025-07-31T13:51:36Z,92.0,Sense 2
2025-07-31T13:51:41Z,90.0,Sense 2
2025-07-31T13:51:51Z,89.0,Sense 2
2025-07-31T13:51:56Z,88.0,Sense 2
2025-07-31T13:52:11Z,90.0,Sense 2
2025-07-31T13:52:16Z,93.0,Sense 2
2025-07-31T13:52:31Z,95.0,Sense 2
2025-07-31T13:52:36Z,94.0,Sense 2
2025-07-31T13:52:41Z,94.0,Sense 2
2025-07-31T13:52:46Z,96.0,Sense 2
2025-07-31T13:52:51Z,98.0,Sense 2
2025-07-31T13:52:56Z,97.0,Sense 2
2025-07-31T13:53:01Z,95.0,Sense 2
2025-07-31T13:53:06Z,96.0,Sense 2
2025-07-31T13:53:11Z,95.0,Sense 2
2025-07-31T13:53:16Z,95.0,Sense 2
2025-07-31T13:53:26Z,95.0,Sense 2
2025-07-31T13:53:31Z,96.0,Sense 2
2025-07-31T13:53:36Z,96.0,Sense 2
2025-07-31T13:53:41Z,95.0,Sense 2
2025-07-31T13:53:46Z,95.0,Sense 2
2025-07-31T13:53:56Z,92.0,Sense 2
2025-07-31T13:54:01Z,90.0,Sense 2
2025-07-31T13:54:06Z,91.0,Sense 2
2025-07-31T13:54:11Z,92.0,Sense 2
2025-07-31T13:54:16Z,91.0,Sense 2
2025-07-31T13:54:31Z,92.0,Sense 2
2025-07-31T13:54:36Z,93.0,Sense 2
2025-07-31T13:54:46Z,92.0,Sense 2
2025-07-31T13:54:51Z,94.0,Sense 2
2025-07-31T13:54:56Z,98.0,Sense 2
2025-07-31T13:55:01Z,97.0,Sense 2
2025-07-31T13:55:11Z,96.0,Sense 2
2025-07-31T13:55:16Z,94.0,Sense 2
2025-07-31T13:55:21Z,93.0,Sense 2
2025-07-31T13:55:26Z,92.0,Sense 2
2025-07-31T13:55:31Z,92.0,Sense 2
2025-07-31T13:55:36Z,92.0,Sense 2
2025-07-31T13:55:41Z,91.0,Sense 2
2025-07-31T13:55:46Z,91.0,Sense 2
2025-07-31T13:55:51Z,93.0,Sense 2
2025-07-31T13:55:56Z,95.0,Sense 2
2025-07-31T13:56:01Z,93.0,Sense 2
2025-07-31T13:56:06Z,91.0,Sense 2
2025-07-31T13:56:11Z,90.0,Sense 2
2025-07-31T13:56:21Z,91.0,Sense 2
2025-07-31T13:56:26Z,92.0,Sense 2
2025-07-31T13:56:31Z,94.0,Sense 2
2025-07-31T13:56:36Z,96.0,Sense 2
2025-07-31T13:56:41Z,91.0,Sense 2
2025-07-31T13:56:46Z,88.0,Sense 2
2025-07-31T13:56:51Z,89.0,Sense 2
2025-07-31T13:56:56Z,92.0,Sense 2
2025-07-31T13:57:01Z,99.0,Sense 2
2025-07-31T13:57:06Z,97.0,Sense 2
2025-07-31T13:57:16Z,93.0,Sense 2
2025-07-31T13:57:21Z,90.0,Sense 2
2025-07-31T13:57:31Z,92.0,Sense 2
2025-07-31T13:57:36Z,95.0,Sense 2
2025-07-31T13:57:41Z,96.0,Sense 2
2025-07-31T13:57:46Z,96.0,Sense 2
2025-07-31T13:57:51Z,99.0,Sense 2
2025-07-31T13:57:56Z,99.0,Sense 2
2025-07-31T13:58:06Z,98.0,Sense 2
2025-07-31T13:58:11Z,99.0,Sense 2
2025-07-31T13:58:16Z,97.0,Sense 2
2025-07-31T13:58:21Z,93.0,Sense 2
2025-07-31T13:58:26Z,92.0,Sense 2
2025-07-31T13:58:31Z,94.0,Sense 2
2025-07-31T13:58:36Z,96.0,Sense 2
2025-07-31T13:58:41Z,97.0,Sense 2
2025-07-31T13:58:46Z,98.0,Sense 2
2025-07-31T13:58:51Z,96.0,Sense 2
2025-07-31T13:58:56Z,97.0,Sense 2
2025-07-31T13:59:01Z,94.0,Sense 2
2025-07-31T13:59:06Z,93.0,Sense 2
2025-07-31T13:59:11Z,95.0,Sense 2
2025-07-31T13:59:16Z,99.0,Sense 2
2025-07-31T13:59:26Z,100.0,Sense 2
2025-07-31T13:59:31Z,98.0,Sense 2
2025-07-31T13:59:36Z,97.0,Sense 2
2025-07-31T13:59:51Z,99.0,Sense 2
2025-07-31T14:00:01Z,100.0,Sense 2
2025-07-31T14:00:06Z,101.0,Sense 2
2025-07-31T14:00:11Z,102.0,Sense 2
2025-07-31T14:00:26Z,102.0,Sense 2
2025-07-31T14:00:36Z,101.0,Sense 2
2025-07-31T14:00:41Z,101.0,Sense 2
2025-07-31T14:00:46Z,104.0,Sense 2
2025-07-31T14:00:51Z,103.0,Sense 2
2025-07-31T14:00:56Z,102.0,Sense 2
2025-07-31T14:01:01Z,100.0,Sense 2
2025-07-31T14:01:06Z,99.0,Sense 2
2025-07-31T14:01:11Z,96.0,Sense 2
2025-07-31T14:01:16Z,98.0,Sense 2
2025-07-31T14:01:21Z,97.0,Sense 2
2025-07-31T14:01:26Z,94.0,Sense 2
2025-07-31T14:01:31Z,96.0,Sense 2
2025-07-31T14:01:41Z,94.0,Sense 2
2025-07-31T14:01:46Z,92.0,Sense 2
2025-07-31T14:01:51Z,90.0,Sense 2
2025-07-31T14:01:56Z,90.0,Sense 2
2025-07-31T14:02:01Z,89.0,Sense 2
2025-07-31T14:02:06Z,89.0,Sense 2
2025-07-31T14:02:11Z,90.0,Sense 2
2025-07-31T14:02:16Z,93.0,Sense 2
2025-07-31T14:02:21Z,94.0,Sense 2
2025-07-31T14:02:26Z,92.0,Sense 2
2025-07-31T14:02:31Z,90.0,Sense 2
2025-07-31T14:02:36Z,91.0,Sense 2
2025-07-31T14:02:41Z,92.0,Sense 2
2025-07-31T14:02:46Z,93.0,Sense 2
2025-07-31T14:02:56Z,94.0,Sense 2
2025-07-31T14:03:01Z,95.0,Sense 2
2025-07-31T14:03:11Z,91.0,Sense 2
2025-07-31T14:03:16Z,87.0,Sense 2
2025-07-31T14:03:21Z,88.0,Sense 2
2025-07-31T14:03:26Z,86.0,Sense 2
2025-07-31T14:03:36Z,87.0,Sense 2
2025-07-31T14:03:41Z,87.0,Sense 2
2025-07-31T14:03:46Z,87.0,Sense 2
2025-07-31T14:03:51Z,85.0,Sense 2
2025-07-31T14:04:06Z,85.0,Sense 2
2025-07-31T14:04:11Z,89.0,Sense 2
2025-07-31T14:04:14Z,93.0,Sense 2
2025-07-31T14:04:19Z,94.0,Sense 2
2025-07-31T14:04:24Z,97.0,Sense 2
2025-07-31T14:04:29Z,98.0,Sense 2
2025-07-31T14:04:39Z,94.0,Sense 2
2025-07-31T14:04:44Z,89.0,Sense 2
2025-07-31T14:04:49Z,88.0,Sense 2
2025-07-31T14:04:54Z,95.0,Sense 2
2025-07-31T14:04:59Z,94.0,Sense 2
2025-07-31T14:05:04Z,93.0,Sense 2
2025-07-31T14:05:09Z,91.0,Sense 2
2025-07-31T14:05:14Z,90.0,Sense 2
2025-07-31T14:05:19Z,87.0,Sense 2
2025-07-31T14:05:24Z,85.0,Sense 2
2025-07-31T14:05:34Z,86.0,Sense 2
2025-07-31T14:05:39Z,87.0,Sense 2
2025-07-31T14:05:44Z,89.0,Sense 2
2025-07-31T14:05:49Z,90.0,Sense 2
2025-07-31T14:05:54Z,89.0,Sense 2
2025-07-31T14:05:59Z,88.0,Sense 2
2025-07-31T14:06:14Z,89.0,Sense 2
2025-07-31T14:06:19Z,94.0,Sense 2
2025-07-31T14:06:24Z,97.0,Sense 2
2025-07-31T14:06:29Z,99.0,Sense 2
2025-07-31T14:06:34Z,100.0,Sense 2
2025-07-31T14:06:39Z,99.0,Sense 2
2025-07-31T14:06:49Z,98.0,Sense 2
2025-07-31T14:06:54Z,97.0,Sense 2
2025-07-31T14:07:04Z,100.0,Sense 2
2025-07-31T14:07:09Z,99.0,Sense 2
2025-07-31T14:07:14Z,102.0,Sense 2
2025-07-31T14:07:19Z,103.0,Sense 2
2025-07-31T14:07:24Z,101.0,Sense 2
2025-07-31T14:07:29Z,102.0,Sense 2
2025-07-31T14:07:34Z,105.0,Sense 2
2025-07-31T14:07:44Z,104.0,Sense 2
2025-07-31T14:07:49Z,99.0,Sense 2
2025-07-31T14:07:54Z,101.0,Sense 2
2025-07-31T14:08:04Z,100.0,Sense 2
2025-07-31T14:08:14Z,99.0,Sense 2
2025-07-31T14:08:24Z,102.0,Sense 2
2025-07-31T14:08:29Z,107.0,Sense 2
2025-07-31T14:08:34Z,108.0,Sense 2
2025-07-31T14:08:39Z,109.0,Sense 2
2025-07-31T14:08:44Z,107.0,Sense 2
2025-07-31T14:08:49Z,108.0,Sense 2
2025-07-31T14:08:54Z,107.0,Sense 2
2025-07-31T14:08:59Z,109.0,Sense 2
2025-07-31T14:09:04Z,110.0,Sense 2
2025-07-31T14:09:09Z,109.0,Sense 2
2025-07-31T14:09:14Z,107.0,Sense 2
2025-07-31T14:09:29Z,108.0,Sense 2
2025-07-31T14:09:34Z,106.0,Sense 2
2025-07-31T14:09:39Z,104.0,Sense 2
2025-07-31T14:09:44Z,103.0,Sense 2
2025-07-31T14:09:49Z,105.0,Sense 2
2025-07-31T14:09:54Z,106.0,Sense 2
2025-07-31T14:09:59Z,107.0,Sense 2
2025-07-31T14:10:04Z,105.0,Sense 2
2025-07-31T14:10:14Z,103.0,Sense 2
2025-07-31T14:10:19Z,100.0,Sense 2
2025-07-31T14:10:34Z,101.0,Sense 2
2025-07-31T14:10:39Z,100.0,Sense 2
2025-07-31T14:10:44Z,98.0,Sense 2
2025-07-31T14:10:49Z,96.0,Sense 2
2025-07-31T14:10:54Z,95.0,Sense 2
2025-07-31T14:10:59Z,99.0,Sense 2
2025-07-31T14:11:04Z,103.0,Sense 2
2025-07-31T14:11:09Z,104.0,Sense 2
2025-07-31T14:11:14Z,102.0,Sense 2
2025-07-31T14:11:19Z,101.0,Sense 2
2025-07-31T14:11:24Z,98.0,Sense 2
2025-07-31T14:11:29Z,100.0,Sense 2
2025-07-31T14:11:34Z,102.0,Sense 2
2025-07-31T14:11:39Z,104.0,Sense 2
2025-07-31T14:11:44Z,106.0,Sense 2
2025-07-31T14:11:59Z,107.0,Sense 2
2025-07-31T14:12:09Z,109.0,Sense 2
2025-07-31T14:12:24Z,108.0,Sense 2
2025-07-31T14:12:29Z,107.0,Sense 2
2025-07-31T14:12:34Z,108.0,Sense 2
2025-07-31T14:12:39Z,105.0,Sense 2
2025-07-31T14:12:44Z,106.0,Sense 2
2025-07-31T14:12:54Z,107.0,Sense 2
2025-07-31T14:13:09Z,105.0,Sense 2
2025-07-31T14:13:14Z,104.0,Sense 2
2025-07-31T14:13:19Z,106.0,Sense 2
2025-07-31T14:13:29Z,109.0,Sense 2
2025-07-31T14:13:34Z,108.0,Sense 2
2025-07-31T14:13:39Z,111.0,Sense 2
2025-07-31T14:13:44Z,110.0,Sense 2
2025-07-31T14:13:54Z,111.0,Sense 2
2025-07-31T14:13:59Z,109.0,Sense 2
2025-07-31T14:14:14Z,109.0,Sense 2
2025-07-31T14:14:19Z,110.0,Sense 2
2025-07-31T14:14:34Z,109.0,Sense 2
2025-07-31T14:14:39Z,112.0,Sense 2
2025-07-31T14:14:44Z,109.0,Sense 2
2025-07-31T14:14:49Z,110.0,Sense 2
2025-07-31T14:14:54Z,106.0,Sense 2
2025-07-31T14:14:59Z,107.0,Sense 2
2025-07-31T14:15:04Z,106.0,Sense 2
2025-07-31T14:15:09Z,104.0,Sense 2
2025-07-31T14:15:14Z,105.0,Sense 2
2025-07-31T14:15:19Z,104.0,Sense 2
2025-07-31T14:15:34Z,103.0,Sense 2
2025-07-31T14:15:39Z,102.0,Sense 2
2025-07-31T14:15:44Z,104.0,Sense 2
2025-07-31T14:15:49Z,102.0,Sense 2
2025-07-31T14:15:54Z,100.0,Sense 2
2025-07-31T14:15:59Z,99.0,Sense 2
2025-07-31T14:16:04Z,98.0,Sense 2
2025-07-31T14:16:14Z,97.0,Sense 2
2025-07-31T14:16:24Z,96.0,Sense 2
2025-07-31T14:16:29Z,95.0,Sense 2
2025-07-31T14:16:34Z,94.0,Sense 2
2025-07-31T14:16:44Z,93.0,Sense 2
2025-07-31T14:16:49Z,94.0,Sense 2
2025-07-31T14:16:54Z,96.0,Sense 2
2025-07-31T14:17:04Z,92.0,Sense 2
2025-07-31T14:17:09Z,91.0,Sense 2
2025-07-31T14:17:19Z,92.0,Sense 2
2025-07-31T14:17:24Z,94.0,Sense 2
2025-07-31T14:17:29Z,95.0,Sense 2
2025-07-31T14:17:44Z,95.0,Sense 2
2025-07-31T14:17:49Z,94.0,Sense 2
2025-07-31T14:17:54Z,95.0,Sense 2
2025-07-31T14:18:04Z,98.0,Sense 2
2025-07-31T14:18:09Z,98.0,Sense 2
2025-07-31T14:18:14Z,98.0,Sense 2
2025-07-31T14:18:19Z,99.0,Sense 2
2025-07-31T14:18:24Z,96.0,Sense 2
2025-07-31T14:18:34Z,97.0,Sense 2
2025-07-31T14:18:39Z,100.0,Sense 2
2025-07-31T14:18:49Z,99.0,Sense 2
2025-07-31T14:18:54Z,99.0,Sense 2
2025-07-31T14:19:04Z,97.0,Sense 2
2025-07-31T14:19:09Z,96.0,Sense 2
2025-07-31T14:19:26Z,97.0,Sense 2
2025-07-31T14:19:31Z,96.0,Sense 2
2025-07-31T14:19:41Z,95.0,Sense 2
2025-07-31T14:19:46Z,96.0,Sense 2
2025-07-31T14:19:56Z,97.0,Sense 2
2025-07-31T14:20:01Z,98.0,Sense 2
2025-07-31T14:20:06Z,99.0,Sense 2
2025-07-31T14:20:11Z,101.0,Sense 2
2025-07-31T14:20:21Z,98.0,Sense 2
2025-07-31T14:20:31Z,97.0,Sense 2
2025-07-31T14:20:36Z,100.0,Sense 2
2025-07-31T14:20:41Z,102.0,Sense 2
2025-07-31T14:20:46Z,103.0,Sense 2
2025-07-31T14:20:51Z,102.0,Sense 2
2025-07-31T14:20:56Z,100.0,Sense 2
2025-07-31T14:21:06Z,98.0,Sense 2
2025-07-31T14:21:11Z,100.0,Sense 2
2025-07-31T14:21:16Z,101.0,Sense 2
2025-07-31T14:21:21Z,102.0,Sense 2
2025-07-31T14:21:26Z,103.0,Sense 2
2025-07-31T14:21:41Z,102.0,Sense 2
2025-07-31T14:21:46Z,103.0,Sense 2
2025-07-31T14:21:51Z,104.0,Sense 2
2025-07-31T14:22:01Z,103.0,Sense 2
2025-07-31T14:22:06Z,102.0,Sense 2
2025-07-31T14:22:11Z,101.0,Sense 2
2025-07-31T14:22:16Z,103.0,Sense 2
2025-07-31T14:22:21Z,103.0,Sense 2
2025-07-31T14:22:31Z,102.0,Sense 2
2025-07-31T14:22:36Z,103.0,Sense 2
2025-07-31T14:22:41Z,104.0,Sense 2
2025-07-31T14:22:51Z,102.0,Sense 2
2025-07-31T14:22:56Z,100.0,Sense 2
2025-07-31T14:23:01Z,101.0,Sense 2
2025-07-31T14:23:06Z,100.0,Sense 2
2025-07-31T14:23:16Z,104.0,Sense 2
2025-07-31T14:23:21Z,105.0,Sense 2
2025-07-31T14:23:26Z,104.0,Sense 2
2025-07-31T14:23:31Z,106.0,Sense 2
2025-07-31T14:23:41Z,108.0,Sense 2
2025-07-31T14:23:56Z,108.0,Sense 2
2025-07-31T14:24:01Z,107.0,Sense 2
2025-07-31T14:24:06Z,106.0,Sense 2
2025-07-31T14:24:11Z,107.0,Sense 2
2025-07-31T14:24:16Z,108.0,Sense 2
2025-07-31T14:24:21Z,111.0,Sense 2
2025-07-31T14:24:26Z,109.0,Sense 2
2025-07-31T14:24:31Z,108.0,Sense 2
2025-07-31T14:24:36Z,106.0,Sense 2
2025-07-31T14:24:51Z,105.0,Sense 2
2025-07-31T14:24:56Z,104.0,Sense 2
2025-07-31T14:25:06Z,105.0,Sense 2
2025-07-31T14:25:21Z,105.0,Sense 2
2025-07-31T14:25:26Z,106.0,Sense 2
2025-07-31T14:25:31Z,106.0,Sense 2
2025-07-31T14:25:36Z,108.0,Sense 2
2025-07-31T14:25:41Z,107.0,Sense 2
2025-07-31T14:25:46Z,110.0,Sense 2
2025-07-31T14:25:56Z,109.0,Sense 2
2025-07-31T14:26:06Z,110.0,Sense 2
2025-07-31T14:26:16Z,111.0,Sense 2
2025-07-31T14:26:21Z,112.0,Sense 2
2025-07-31T14:26:36Z,113.0,Sense 2
2025-07-31T14:26:41Z,112.0,Sense 2
2025-07-31T14:26:51Z,114.0,Sense 2
2025-07-31T14:26:56Z,111.0,Sense 2
2025-07-31T14:27:01Z,116.0,Sense 2
2025-07-31T14:27:06Z,113.0,Sense 2
2025-07-31T14:27:11Z,114.0,Sense 2
2025-07-31T14:27:16Z,112.0,Sense 2
2025-07-31T14:27:21Z,116.0,Sense 2
2025-07-31T14:27:26Z,114.0,Sense 2
2025-07-31T14:27:31Z,115.0,Sense 2
2025-07-31T14:27:36Z,114.0,Sense 2
2025-07-31T14:27:41Z,111.0,Sense 2
2025-07-31T14:27:46Z,108.0,Sense 2
2025-07-31T14:27:51Z,107.0,Sense 2
2025-07-31T14:27:56Z,108.0,Sense 2
2025-07-31T14:28:06Z,109.0,Sense 2
2025-07-31T14:28:16Z,106.0,Sense 2
2025-07-31T14:28:21Z,109.0,Sense 2
2025-07-31T14:28:26Z,108.0,Sense 2
2025-07-31T14:28:31Z,109.0,Sense 2
2025-07-31T14:28:41Z,106.0,Sense 2
2025-07-31T14:28:46Z,107.0,Sense 2
2025-07-31T14:29:01Z,109.0,Sense 2
2025-07-31T14:29:06Z,108.0,Sense 2
2025-07-31T14:29:11Z,109.0,Sense 2
2025-07-31T14:29:21Z,110.0,Sense 2
2025-07-31T14:29:26Z,108.0,Sense 2
2025-07-31T14:29:31Z,111.0,Sense 2
2025-07-31T14:29:36Z,112.0,Sense 2
2025-07-31T14:29:41Z,106.0,Sense 2
2025-07-31T14:29:46Z,103.0,Sense 2
2025-07-31T14:29:51Z,102.0,Sense 2
2025-07-31T14:29:56Z,103.0,Sense 2
2025-07-31T14:30:01Z,103.0,Sense 2
2025-07-31T14:30:06Z,102.0,Sense 2
2025-07-31T14:30:11Z,103.0,Sense 2
2025-07-31T14:30:16Z,106.0,Sense 2
2025-07-31T14:30:21Z,108.0,Sense 2
2025-07-31T14:30:26Z,109.0,Sense 2
2025-07-31T14:30:31Z,108.0,Sense 2
2025-07-31T14:30:36Z,107.0,Sense 2
2025-07-31T14:30:41Z,107.0,Sense 2
2025-07-31T14:30:51Z,106.0,Sense 2
2025-07-31T14:30:56Z,105.0,Sense 2
2025-07-31T14:31:01Z,103.0,Sense 2
2025-07-31T14:31:06Z,104.0,Sense 2
2025-07-31T14:31:21Z,103.0,Sense 2
2025-07-31T14:31:31Z,102.0,Sense 2
2025-07-31T14:31:36Z,102.0,Sense 2
2025-07-31T14:31:41Z,105.0,Sense 2
2025-07-31T14:31:46Z,107.0,Sense 2
2025-07-31T14:31:51Z,104.0,Sense 2
2025-07-31T14:31:56Z,102.0,Sense 2
2025-07-31T14:32:01Z,100.0,Sense 2
2025-07-31T14:32:06Z,97.0,Sense 2
2025-07-31T14:32:11Z,96.0,Sense 2
2025-07-31T14:32:26Z,97.0,Sense 2
2025-07-31T14:32:36Z,98.0,Sense 2
2025-07-31T14:32:46Z,97.0,Sense 2
2025-07-31T14:32:51Z,94.0,Sense 2
2025-07-31T14:32:56Z,97.0,Sense 2
2025-07-31T14:33:01Z,99.0,Sense 2
2025-07-31T14:33:06Z,98.0,Sense 2
2025-07-31T14:33:11Z,100.0,Sense 2
2025-07-31T14:33:16Z,101.0,Sense 2
2025-07-31T14:33:21Z,102.0,Sense 2
2025-07-31T14:33:26Z,103.0,Sense 2
2025-07-31T14:33:31Z,106.0,Sense 2
2025-07-31T14:33:41Z,105.0,Sense 2
2025-07-31T14:33:46Z,103.0,Sense 2
2025-07-31T14:33:51Z,102.0,Sense 2
2025-07-31T14:34:01Z,103.0,Sense 2
2025-07-31T14:34:06Z,104.0,Sense 2
2025-07-31T14:34:21Z,104.0,Sense 2
2025-07-31T14:34:26Z,103.0,Sense 2
2025-07-31T14:34:31Z,100.0,Sense 2
2025-07-31T14:34:35Z,98.0,Sense 2
2025-07-31T14:34:40Z,100.0,Sense 2
2025-07-31T14:34:45Z,101.0,Sense 2
2025-07-31T14:34:50Z,97.0,Sense 2
2025-07-31T14:34:55Z,92.0,Sense 2
2025-07-31T14:35:00Z,95.0,Sense 2
2025-07-31T14:35:05Z,100.0,Sense 2
2025-07-31T14:35:10Z,102.0,Sense 2
2025-07-31T14:35:25Z,101.0,Sense 2
2025-07-31T14:35:30Z,101.0,Sense 2
2025-07-31T14:35:35Z,99.0,Sense 2
2025-07-31T14:35:40Z,99.0,Sense 2
2025-07-31T14:35:45Z,98.0,Sense 2
2025-07-31T14:35:50Z,96.0,Sense 2
2025-07-31T14:35:55Z,94.0,Sense 2
2025-07-31T14:36:00Z,95.0,Sense 2
2025-07-31T14:36:05Z,93.0,Sense 2
2025-07-31T14:36:10Z,97.0,Sense 2
2025-07-31T14:36:15Z,101.0,Sense 2
2025-07-31T14:36:20Z,97.0,Sense 2
2025-07-31T14:36:25Z,98.0,Sense 2
2025-07-31T14:36:30Z,97.0,Sense 2
2025-07-31T14:36:35Z,98.0,Sense 2
2025-07-31T14:36:40Z,99.0,Sense 2
2025-07-31T14:36:45Z,101.0,Sense 2
2025-07-31T14:36:50Z,102.0,Sense 2
2025-07-31T14:36:55Z,103.0,Sense 2
2025-07-31T14:37:00Z,105.0,Sense 2
2025-07-31T14:37:05Z,104.0,Sense 2
2025-07-31T14:37:10Z,102.0,Sense 2
2025-07-31T14:37:15Z,101.0,Sense 2
2025-07-31T14:37:20Z,100.0,Sense 2
2025-07-31T14:37:25Z,99.0,Sense 2
2025-07-31T14:37:30Z,98.0,Sense 2
2025-07-31T14:37:35Z,97.0,Sense 2
2025-07-31T14:37:40Z,98.0,Sense 2
2025-07-31T14:37:45Z,101.0,Sense 2
2025-07-31T14:37:50Z,104.0,Sense 2
2025-07-31T14:37:55Z,101.0,Sense 2
2025-07-31T14:38:00Z,100.0,Sense 2
2025-07-31T14:38:05Z,103.0,Sense 2
2025-07-31T14:38:10Z,105.0,Sense 2
2025-07-31T14:38:15Z,103.0,Sense 2
2025-07-31T14:38:20Z,102.0,Sense 2
2025-07-31T14:38:25Z,103.0,Sense 2
2025-07-31T14:38:30Z,101.0,Sense 2
2025-07-31T14:38:40Z,101.0,Sense 2
2025-07-31T14:38:45Z,100.0,Sense 2
2025-07-31T14:38:50Z,98.0,Sense 2
2025-07-31T14:38:55Z,99.0,Sense 2
2025-07-31T14:39:05Z,98.0,Sense 2
2025-07-31T14:39:10Z,101.0,Sense 2
2025-07-31T14:39:15Z,102.0,Sense 2
2025-07-31T14:39:25Z,101.0,Sense 2
2025-07-31T14:39:30Z,100.0,Sense 2
2025-07-31T14:39:35Z,99.0,Sense 2
2025-07-31T14:39:40Z,100.0,Sense 2
2025-07-31T14:39:55Z,101.0,Sense 2
2025-07-31T14:40:00Z,102.0,Sense 2
2025-07-31T14:40:05Z,105.0,Sense 2
2025-07-31T14:40:10Z,106.0,Sense 2
2025-07-31T14:40:20Z,105.0,Sense 2
2025-07-31T14:40:30Z,105.0,Sense 2
2025-07-31T14:40:35Z,104.0,Sense 2
2025-07-31T14:40:40Z,105.0,Sense 2
2025-07-31T14:40:45Z,108.0,Sense 2
2025-07-31T14:40:55Z,106.0,Sense 2
2025-07-31T14:41:00Z,108.0,Sense 2
2025-07-31T14:41:15Z,108.0,Sense 2
2025-07-31T14:41:20Z,109.0,Sense 2
2025-07-31T14:41:25Z,108.0,Sense 2
2025-07-31T14:41:30Z,109.0,Sense 2
2025-07-31T14:41:35Z,107.0,Sense 2
2025-07-31T14:41:45Z,110.0,Sense 2
2025-07-31T14:41:50Z,112.0,Sense 2
2025-07-31T14:41:55Z,114.0,Sense 2
2025-07-31T14:42:00Z,112.0,Sense 2
2025-07-31T14:42:15Z,112.0,Sense 2
2025-07-31T14:42:20Z,108.0,Sense 2
2025-07-31T14:42:25Z,110.0,Sense 2
2025-07-31T14:42:30Z,109.0,Sense 2
2025-07-31T14:42:35Z,111.0,Sense 2
2025-07-31T14:42:45Z,112.0,Sense 2
2025-07-31T14:42:50Z,113.0,Sense 2
2025-07-31T14:42:55Z,112.0,Sense 2
2025-07-31T14:43:00Z,113.0,Sense 2
2025-07-31T14:43:05Z,112.0,Sense 2
2025-07-31T14:43:10Z,114.0,Sense 2
2025-07-31T14:43:15Z,113.0,Sense 2
2025-07-31T14:43:30Z,114.0,Sense 2
2025-07-31T14:43:35Z,115.0,Sense 2
2025-07-31T14:43:50Z,115.0,Sense 2
2025-07-31T14:43:55Z,113.0,Sense 2
2025-07-31T14:44:00Z,112.0,Sense 2
2025-07-31T14:44:06Z,113.0,Sense 2
2025-07-31T14:44:11Z,114.0,Sense 2
2025-07-31T14:44:16Z,115.0,Sense 2
2025-07-31T14:44:21Z,119.0,Sense 2
2025-07-31T14:44:26Z,117.0,Sense 2
2025-07-31T14:44:31Z,120.0,Sense 2
2025-07-31T14:44:36Z,117.0,Sense 2
2025-07-31T14:44:41Z,116.0,Sense 2
2025-07-31T14:44:46Z,115.0,Sense 2
2025-07-31T14:45:01Z,115.0,Sense 2
2025-07-31T14:45:16Z,116.0,Sense 2
2025-07-31T14:45:21Z,118.0,Sense 2
2025-07-31T14:45:26Z,116.0,Sense 2
2025-07-31T14:45:31Z,118.0,Sense 2
2025-07-31T14:45:36Z,119.0,Sense 2
2025-07-31T14:45:41Z,114.0,Sense 2
2025-07-31T14:45:46Z,117.0,Sense 2
2025-07-31T14:45:51Z,118.0,Sense 2
2025-07-31T14:45:56Z,116.0,Sense 2
2025-07-31T14:46:01Z,120.0,Sense 2
2025-07-31T14:46:06Z,124.0,Sense 2
2025-07-31T14:46:11Z,126.0,Sense 2
2025-07-31T14:46:16Z,125.0,Sense 2
2025-07-31T14:46:21Z,126.0,Sense 2
2025-07-31T14:46:26Z,120.0,Sense 2
2025-07-31T14:46:31Z,119.0,Sense 2
2025-07-31T14:46:36Z,118.0,Sense 2
2025-07-31T14:46:41Z,117.0,Sense 2
2025-07-31T14:46:51Z,118.0,Sense 2
2025-07-31T14:46:56Z,117.0,Sense 2
2025-07-31T14:47:01Z,116.0,Sense 2
2025-07-31T14:47:06Z,119.0,Sense 2
2025-07-31T14:47:11Z,120.0,Sense 2
2025-07-31T14:47:21Z,125.0,Sense 2
2025-07-31T14:47:26Z,123.0,Sense 2
2025-07-31T14:47:36Z,122.0,Sense 2
2025-07-31T14:47:51Z,121.0,Sense 2
2025-07-31T14:47:56Z,122.0,Sense 2
2025-07-31T14:48:01Z,120.0,Sense 2
2025-07-31T14:48:11Z,118.0,Sense 2
2025-07-31T14:48:16Z,119.0,Sense 2
2025-07-31T14:48:21Z,118.0,Sense 2
2025-07-31T14:48:36Z,119.0,Sense 2
2025-07-31T14:48:46Z,120.0,Sense 2
2025-07-31T14:48:56Z,119.0,Sense 2
2025-07-31T14:49:11Z,119.0,Sense 2
2025-07-31T14:49:16Z,120.0,Sense 2
2025-07-31T14:49:21Z,121.0,Sense 2
2025-07-31T14:49:26Z,122.0,Sense 2
2025-07-31T14:49:31Z,121.0,Sense 2
2025-07-31T14:49:36Z,120.0,Sense 2
2025-07-31T14:49:41Z,119.0,Sense 2
2025-07-31T14:49:47Z,119.0,Sense 2
2025-07-31T14:49:57Z,120.0,Sense 2
2025-07-31T14:50:02Z,119.0,Sense 2
2025-07-31T14:50:07Z,117.0,Sense 2
2025-07-31T14:50:17Z,118.0,Sense 2
2025-07-31T14:50:22Z,119.0,Sense 2
2025-07-31T14:50:32Z,118.0,Sense 2
2025-07-31T14:50:42Z,117.0,Sense 2
2025-07-31T14:50:52Z,118.0,Sense 2
2025-07-31T14:50:57Z,117.0,Sense 2
2025-07-31T14:51:07Z,118.0,Sense 2
2025-07-31T14:51:17Z,117.0,Sense 2
2025-07-31T14:51:22Z,115.0,Sense 2
2025-07-31T14:51:32Z,116.0,Sense 2
2025-07-31T14:51:37Z,117.0,Sense 2
2025-07-31T14:51:52Z,116.0,Sense 2
2025-07-31T14:51:57Z,114.0,Sense 2
2025-07-31T14:52:02Z,116.0,Sense 2
2025-07-31T14:52:07Z,114.0,Sense 2
2025-07-31T14:52:17Z,113.0,Sense 2
2025-07-31T14:52:32Z,111.0,Sense 2
2025-07-31T14:52:37Z,110.0,Sense 2
2025-07-31T14:52:42Z,113.0,Sense 2
2025-07-31T14:52:52Z,114.0,Sense 2
2025-07-31T14:52:57Z,115.0,Sense 2
2025-07-31T14:53:02Z,112.0,Sense 2
2025-07-31T14:53:07Z,113.0,Sense 2
2025-07-31T14:53:12Z,112.0,Sense 2
2025-07-31T14:53:17Z,111.0,Sense 2
2025-07-31T14:53:22Z,113.0,Sense 2
2025-07-31T14:53:27Z,111.0,Sense 2
2025-07-31T14:53:32Z,112.0,Sense 2
2025-07-31T14:53:37Z,113.0,Sense 2
2025-07-31T14:53:42Z,111.0,Sense 2
2025-07-31T14:53:47Z,112.0,Sense 2
2025-07-31T14:53:52Z,109.0,Sense 2
2025-07-31T14:53:57Z,110.0,Sense 2
2025-07-31T14:54:02Z,111.0,Sense 2
2025-07-31T14:54:07Z,110.0,Sense 2
2025-07-31T14:54:12Z,109.0,Sense 2
2025-07-31T14:54:17Z,112.0,Sense 2
2025-07-31T14:54:22Z,110.0,Sense 2
2025-07-31T14:54:32Z,109.0,Sense 2
2025-07-31T14:54:37Z,110.0,Sense 2
2025-07-31T14:54:42Z,109.0,Sense 2
2025-07-31T14:54:47Z,108.0,Sense 2
2025-07-31T14:54:57Z,107.0,Sense 2
2025-07-31T14:55:02Z,109.0,Sense 2
2025-07-31T14:55:07Z,110.0,Sense 2
2025-07-31T14:55:12Z,111.0,Sense 2
2025-07-31T14:55:17Z,113.0,Sense 2
2025-07-31T14:55:22Z,110.0,Sense 2
2025-07-31T14:55:27Z,111.0,Sense 2
2025-07-31T14:55:37Z,109.0,Sense 2
2025-07-31T14:55:42Z,111.0,Sense 2
2025-07-31T14:55:47Z,110.0,Sense 2
2025-07-31T14:56:02Z,112.0,Sense 2
2025-07-31T14:56:07Z,111.0,Sense 2
2025-07-31T14:56:12Z,110.0,Sense 2
2025-07-31T14:56:17Z,108.0,Sense 2
2025-07-31T14:56:22Z,107.0,Sense 2
2025-07-31T14:56:32Z,108.0,Sense 2
2025-07-31T14:56:42Z,110.0,Sense 2
2025-07-31T14:56:47Z,111.0,Sense 2
2025-07-31T14:57:02Z,113.0,Sense 2
2025-07-31T14:57:07Z,111.0,Sense 2
2025-07-31T14:57:12Z,110.0,Sense 2
2025-07-31T14:57:17Z,111.0,Sense 2
2025-07-31T14:57:27Z,110.0,Sense 2
2025-07-31T14:57:37Z,111.0,Sense 2
2025-07-31T14:57:42Z,112.0,Sense 2
2025-07-31T14:57:57Z,112.0,Sense 2
2025-07-31T14:58:02Z,113.0,Sense 2
2025-07-31T14:58:07Z,112.0,Sense 2
2025-07-31T14:58:12Z,113.0,Sense 2
2025-07-31T14:58:17Z,111.0,Sense 2
2025-07-31T14:58:27Z,110.0,Sense 2
2025-07-31T14:58:32Z,106.0,Sense 2
2025-07-31T14:58:37Z,99.0,Sense 2
2025-07-31T14:58:42Z,92.0,Sense 2
2025-07-31T14:58:47Z,93.0,Sense 2
2025-07-31T14:58:52Z,90.0,Sense 2
2025-07-31T14:58:57Z,90.0,Sense 2
2025-07-31T14:59:02Z,91.0,Sense 2
2025-07-31T14:59:07Z,89.0,Sense 2
2025-07-31T14:59:12Z,87.0,Sense 2
2025-07-31T14:59:17Z,86.0,Sense 2
2025-07-31T14:59:22Z,88.0,Sense 2
2025-07-31T14:59:27Z,88.0,Sense 2
2025-07-31T14:59:32Z,89.0,Sense 2
2025-07-31T14:59:42Z,90.0,Sense 2
2025-07-31T14:59:47Z,92.0,Sense 2
2025-07-31T14:59:52Z,90.0,Sense 2
2025-07-31T14:59:57Z,91.0,Sense 2
2025-07-31T15:00:02Z,93.0,Sense 2
2025-07-31T15:00:07Z,94.0,Sense 2
2025-07-31T15:00:22Z,90.0,Sense 2
2025-07-31T15:00:32Z,89.0,Sense 2
2025-07-31T15:00:37Z,90.0,Sense 2
2025-07-31T15:00:42Z,87.0,Sense 2
2025-07-31T15:00:47Z,87.0,Sense 2
2025-07-31T15:00:52Z,88.0,Sense 2
2025-07-31T15:00:57Z,88.0,Sense 2
2025-07-31T15:01:02Z,90.0,Sense 2
2025-07-31T15:01:12Z,90.0,Sense 2
2025-07-31T15:01:22Z,89.0,Sense 2
2025-07-31T15:01:32Z,89.0,Sense 2
2025-07-31T15:01:42Z,88.0,Sense 2
2025-07-31T15:01:47Z,88.0,Sense 2
2025-07-31T15:01:57Z,84.0,Sense 2
2025-07-31T15:02:02Z,85.0,Sense 2
2025-07-31T15:02:12Z,87.0,Sense 2
2025-07-31T15:02:17Z,91.0,Sense 2
2025-07-31T15:02:22Z,90.0,Sense 2
2025-07-31T15:02:27Z,89.0,Sense 2
2025-07-31T15:02:32Z,90.0,Sense 2
2025-07-31T15:02:37Z,93.0,Sense 2
2025-07-31T15:02:42Z,91.0,Sense 2
2025-07-31T15:02:47Z,90.0,Sense 2
2025-07-31T15:02:52Z,88.0,Sense 2
2025-07-31T15:03:02Z,87.0,Sense 2
2025-07-31T15:03:07Z,86.0,Sense 2
2025-07-31T15:03:12Z,85.0,Sense 2
2025-07-31T15:03:17Z,88.0,Sense 2
2025-07-31T15:03:22Z,93.0,Sense 2
2025-07-31T15:03:37Z,94.0,Sense 2
2025-07-31T15:03:47Z,96.0,Sense 2
2025-07-31T15:03:52Z,97.0,Sense 2
2025-07-31T15:03:57Z,95.0,Sense 2
2025-07-31T15:04:02Z,98.0,Sense 2
2025-07-31T15:04:07Z,99.0,Sense 2
2025-07-31T15:04:12Z,100.0,Sense 2
2025-07-31T15:04:17Z,99.0,Sense 2
2025-07-31T15:04:27Z,100.0,Sense 2
2025-07-31T15:04:32Z,97.0,Sense 2
2025-07-31T15:04:37Z,94.0,Sense 2
2025-07-31T15:04:42Z,92.0,Sense 2
2025-07-31T15:04:47Z,93.0,Sense 2
2025-07-31T15:04:52Z,94.0,Sense 2
2025-07-31T15:05:07Z,95.0,Sense 2
2025-07-31T15:05:12Z,91.0,Sense 2
2025-07-31T15:05:17Z,92.0,Sense 2
2025-07-31T15:05:22Z,90.0,Sense 2
2025-07-31T15:05:27Z,89.0,Sense 2
2025-07-31T15:05:32Z,90.0,Sense 2
2025-07-31T15:05:37Z,94.0,Sense 2
2025-07-31T15:05:42Z,98.0,Sense 2
2025-07-31T15:05:47Z,101.0,Sense 2
2025-07-31T15:05:52Z,100.0,Sense 2
2025-07-31T15:05:57Z,96.0,Sense 2
2025-07-31T15:06:02Z,95.0,Sense 2
2025-07-31T15:06:07Z,93.0,Sense 2
2025-07-31T15:06:12Z,92.0,Sense 2
2025-07-31T15:06:17Z,91.0,Sense 2
2025-07-31T15:06:22Z,90.0,Sense 2
2025-07-31T15:06:27Z,91.0,Sense 2
2025-07-31T15:06:37Z,93.0,Sense 2
2025-07-31T15:06:42Z,96.0,Sense 2
2025-07-31T15:06:52Z,97.0,Sense 2
2025-07-31T15:07:02Z,99.0,Sense 2
2025-07-31T15:07:07Z,98.0,Sense 2
2025-07-31T15:07:12Z,100.0,Sense 2
2025-07-31T15:07:17Z,99.0,Sense 2
2025-07-31T15:07:22Z,98.0,Sense 2
2025-07-31T15:07:37Z,100.0,Sense 2
2025-07-31T15:07:42Z,101.0,Sense 2
2025-07-31T15:07:47Z,102.0,Sense 2
2025-07-31T15:07:52Z,103.0,Sense 2
2025-07-31T15:08:07Z,101.0,Sense 2
2025-07-31T15:08:12Z,100.0,Sense 2
2025-07-31T15:08:17Z,99.0,Sense 2
2025-07-31T15:08:22Z,95.0,Sense 2
2025-07-31T15:08:27Z,96.0,Sense 2
2025-07-31T15:08:37Z,99.0,Sense 2
2025-07-31T15:08:47Z,100.0,Sense 2
2025-07-31T15:08:52Z,99.0,Sense 2
2025-07-31T15:09:02Z,101.0,Sense 2
2025-07-31T15:09:12Z,98.0,Sense 2
2025-07-31T15:09:22Z,99.0,Sense 2
2025-07-31T15:09:27Z,98.0,Sense 2
2025-07-31T15:09:32Z,100.0,Sense 2
2025-07-31T15:09:37Z,99.0,Sense 2
2025-07-31T15:09:52Z,96.0,Sense 2
2025-07-31T15:09:57Z,98.0,Sense 2
2025-07-31T15:10:02Z,96.0,Sense 2
2025-07-31T15:10:12Z,97.0,Sense 2
2025-07-31T15:10:17Z,98.0,Sense 2
2025-07-31T15:10:32Z,98.0,Sense 2
2025-07-31T15:10:37Z,100.0,Sense 2
2025-07-31T15:10:42Z,99.0,Sense 2
2025-07-31T15:10:47Z,101.0,Sense 2
2025-07-31T15:10:52Z,102.0,Sense 2
2025-07-31T15:10:57Z,110.0,Sense 2
2025-07-31T15:11:02Z,111.0,Sense 2
2025-07-31T15:11:07Z,104.0,Sense 2
2025-07-31T15:11:12Z,100.0,Sense 2
2025-07-31T15:11:17Z,101.0,Sense 2
2025-07-31T15:11:22Z,103.0,Sense 2
2025-07-31T15:11:27Z,101.0,Sense 2
2025-07-31T15:11:32Z,104.0,Sense 2
2025-07-31T15:11:37Z,105.0,Sense 2
2025-07-31T15:11:42Z,109.0,Sense 2
2025-07-31T15:11:47Z,110.0,Sense 2
2025-07-31T15:11:52Z,113.0,Sense 2
2025-07-31T15:11:57Z,117.0,Sense 2
2025-07-31T15:12:12Z,118.0,Sense 2
2025-07-31T15:12:22Z,116.0,Sense 2
2025-07-31T15:12:27Z,115.0,Sense 2
2025-07-31T15:12:32Z,118.0,Sense 2
2025-07-31T15:12:37Z,117.0,Sense 2
2025-07-31T15:12:42Z,120.0,Sense 2
2025-07-31T15:12:43Z,118.0,Sense 2
2025-07-31T15:12:44Z,116.0,Sense 2
2025-07-31T15:12:45Z,115.0,Sense 2
2025-07-31T15:12:46Z,114.0,Sense 2
2025-07-31T15:12:49Z,113.0,Sense 2
2025-07-31T15:12:50Z,111.0,Sense 2
2025-07-31T15:12:51Z,110.0,Sense 2
2025-07-31T15:12:52Z,109.0,Sense 2
2025-07-31T15:12:53Z,107.0,Sense 2
2025-07-31T15:12:55Z,109.0,Sense 2
2025-07-31T15:12:56Z,110.0,Sense 2
2025-07-31T15:12:57Z,109.0,Sense 2
2025-07-31T15:12:59Z,108.0,Sense 2
2025-07-31T15:13:01Z,109.0,Sense 2
2025-07-31T15:13:04Z,108.0,Sense 2
2025-07-31T15:13:05Z,107.0,Sense 2
2025-07-31T15:13:07Z,108.0,Sense 2
2025-07-31T15:13:09Z,109.0,Sense 2
2025-07-31T15:13:10Z,110.0,Sense 2
2025-07-31T15:13:13Z,109.0,Sense 2
2025-07-31T15:13:14Z,108.0,Sense 2
2025-07-31T15:13:15Z,107.0,Sense 2
2025-07-31T15:13:16Z,106.0,Sense 2
2025-07-31T15:13:19Z,107.0,Sense 2
2025-07-31T15:13:20Z,108.0,Sense 2
2025-07-31T15:13:23Z,108.0,Sense 2
2025-07-31T15:13:24Z,109.0,Sense 2
2025-07-31T15:13:25Z,108.0,Sense 2
2025-07-31T15:13:26Z,108.0,Sense 2
2025-07-31T15:13:27Z,107.0,Sense 2
2025-07-31T15:13:28Z,106.0,Sense 2
2025-07-31T15:13:31Z,106.0,Sense 2
2025-07-31T15:13:32Z,107.0,Sense 2
2025-07-31T15:13:33Z,108.0,Sense 2
2025-07-31T15:13:36Z,107.0,Sense 2
2025-07-31T15:13:38Z,108.0,Sense 2
2025-07-31T15:13:39Z,109.0,Sense 2
2025-07-31T15:13:41Z,108.0,Sense 2
2025-07-31T15:13:42Z,107.0,Sense 2
2025-07-31T15:13:44Z,108.0,Sense 2
2025-07-31T15:13:45Z,110.0,Sense 2
2025-07-31T15:13:47Z,109.0,Sense 2
2025-07-31T15:13:48Z,106.0,Sense 2
2025-07-31T15:13:49Z,105.0,Sense 2
2025-07-31T15:13:52Z,105.0,Sense 2
2025-07-31T15:13:53Z,104.0,Sense 2
2025-07-31T15:13:55Z,105.0,Sense 2
2025-07-31T15:13:56Z,106.0,Sense 2
2025-07-31T15:13:57Z,105.0,Sense 2
2025-07-31T15:13:58Z,104.0,Sense 2
2025-07-31T15:13:59Z,103.0,Sense 2
2025-07-31T15:14:00Z,104.0,Sense 2
2025-07-31T15:14:01Z,105.0,Sense 2
2025-07-31T15:14:02Z,106.0,Sense 2
2025-07-31T15:14:03Z,106.0,Sense 2
2025-07-31T15:14:04Z,105.0,Sense 2
2025-07-31T15:14:05Z,104.0,Sense 2
2025-07-31T15:14:06Z,103.0,Sense 2
2025-07-31T15:14:08Z,104.0,Sense 2
2025-07-31T15:14:10Z,105.0,Sense 2
2025-07-31T15:14:13Z,105.0,Sense 2
2025-07-31T15:14:16Z,105.0,Sense 2
2025-07-31T15:14:18Z,104.0,Sense 2
2025-07-31T15:14:21Z,104.0,Sense 2
2025-07-31T15:14:24Z,104.0,Sense 2
2025-07-31T15:14:25Z,103.0,Sense 2
2025-07-31T15:14:28Z,103.0,Sense 2
2025-07-31T15:14:31Z,103.0,Sense 2
2025-07-31T15:14:32Z,102.0,Sense 2
2025-07-31T15:14:34Z,104.0,Sense 2
2025-07-31T15:14:35Z,107.0,Sense 2
2025-07-31T15:14:36Z,111.0,Sense 2
2025-07-31T15:14:37Z,113.0,Sense 2
2025-07-31T15:14:38Z,112.0,Sense 2
2025-07-31T15:14:39Z,110.0,Sense 2
2025-07-31T15:14:41Z,112.0,Sense 2
2025-07-31T15:14:43Z,110.0,Sense 2
2025-07-31T15:14:44Z,107.0,Sense 2
2025-07-31T15:14:46Z,110.0,Sense 2
2025-07-31T15:14:47Z,112.0,Sense 2
2025-07-31T15:14:48Z,111.0,Sense 2
2025-07-31T15:14:49Z,109.0,Sense 2
2025-07-31T15:14:50Z,108.0,Sense 2
2025-07-31T15:14:52Z,107.0,Sense 2
2025-07-31T15:14:53Z,105.0,Sense 2
2025-07-31T15:14:54Z,104.0,Sense 2
2025-07-31T15:14:55Z,105.0,Sense 2
2025-07-31T15:14:56Z,107.0,Sense 2
2025-07-31T15:14:58Z,105.0,Sense 2
2025-07-31T15:14:59Z,103.0,Sense 2
2025-07-31T15:15:01Z,104.0,Sense 2
2025-07-31T15:15:02Z,105.0,Sense 2
2025-07-31T15:15:05Z,104.0,Sense 2
2025-07-31T15:15:06Z,103.0,Sense 2
2025-07-31T15:15:07Z,104.0,Sense 2
2025-07-31T15:15:08Z,105.0,Sense 2
2025-07-31T15:15:10Z,106.0,Sense 2
2025-07-31T15:15:12Z,107.0,Sense 2
2025-07-31T15:15:14Z,108.0,Sense 2
2025-07-31T15:15:17Z,108.0,Sense 2
2025-07-31T15:15:19Z,109.0,Sense 2
2025-07-31T15:15:21Z,110.0,Sense 2
2025-07-31T15:15:23Z,111.0,Sense 2
2025-07-31T15:15:24Z,110.0,Sense 2
2025-07-31T15:15:25Z,109.0,Sense 2
2025-07-31T15:15:27Z,110.0,Sense 2
2025-07-31T15:15:29Z,111.0,Sense 2
2025-07-31T15:15:31Z,110.0,Sense 2
2025-07-31T15:15:32Z,110.0,Sense 2
2025-07-31T15:15:35Z,108.0,Sense 2
2025-07-31T15:15:36Z,107.0,Sense 2
2025-07-31T15:15:37Z,108.0,Sense 2
2025-07-31T15:15:38Z,109.0,Sense 2
2025-07-31T15:15:39Z,110.0,Sense 2
2025-07-31T15:15:40Z,108.0,Sense 2
2025-07-31T15:15:41Z,107.0,Sense 2
2025-07-31T15:15:42Z,108.0,Sense 2
2025-07-31T15:15:43Z,110.0,Sense 2
2025-07-31T15:15:45Z,108.0,Sense 2
2025-07-31T15:15:46Z,107.0,Sense 2
2025-07-31T15:15:47Z,108.0,Sense 2
2025-07-31T15:15:48Z,109.0,Sense 2
2025-07-31T15:15:50Z,108.0,Sense 2
2025-07-31T15:15:52Z,109.0,Sense 2
2025-07-31T15:15:55Z,108.0,Sense 2
2025-07-31T15:15:56Z,107.0,Sense 2
2025-07-31T15:15:58Z,108.0,Sense 2
2025-07-31T15:15:59Z,109.0,Sense 2
2025-07-31T15:16:02Z,108.0,Sense 2
2025-07-31T15:16:05Z,108.0,Sense 2
2025-07-31T15:16:07Z,107.0,Sense 2
2025-07-31T15:16:08Z,108.0,Sense 2
2025-07-31T15:16:09Z,109.0,Sense 2
2025-07-31T15:16:10Z,110.0,Sense 2
2025-07-31T15:16:12Z,109.0,Sense 2
2025-07-31T15:16:13Z,109.0,Sense 2
2025-07-31T15:16:15Z,108.0,Sense 2
2025-07-31T15:16:16Z,104.0,Sense 2
2025-07-31T15:16:17Z,102.0,Sense 2
2025-07-31T15:16:18Z,103.0,Sense 2
2025-07-31T15:16:19Z,104.0,Sense 2
2025-07-31T15:16:20Z,106.0,Sense 2
2025-07-31T15:16:21Z,107.0,Sense 2
2025-07-31T15:16:22Z,106.0,Sense 2
2025-07-31T15:16:23Z,104.0,Sense 2
2025-07-31T15:16:24Z,103.0,Sense 2
2025-07-31T15:16:27Z,102.0,Sense 2
2025-07-31T15:16:28Z,103.0,Sense 2
2025-07-31T15:16:29Z,104.0,Sense 2
2025-07-31T15:16:30Z,105.0,Sense 2
2025-07-31T15:16:32Z,106.0,Sense 2
2025-07-31T15:16:34Z,104.0,Sense 2
2025-07-31T15:16:35Z,101.0,Sense 2
2025-07-31T15:16:36Z,99.0,Sense 2
2025-07-31T15:16:38Z,100.0,Sense 2
2025-07-31T15:16:39Z,101.0,Sense 2
2025-07-31T15:16:40Z,102.0,Sense 2
2025-07-31T15:16:43Z,102.0,Sense 2
2025-07-31T15:16:44Z,101.0,Sense 2
2025-07-31T15:16:45Z,100.0,Sense 2
2025-07-31T15:16:48Z,100.0,Sense 2
2025-07-31T15:16:50Z,101.0,Sense 2
2025-07-31T15:16:51Z,101.0,Sense 2
2025-07-31T15:16:53Z,100.0,Sense 2
2025-07-31T15:16:56Z,101.0,Sense 2
2025-07-31T15:16:57Z,100.0,Sense 2
2025-07-31T15:16:59Z,99.0,Sense 2
2025-07-31T15:17:01Z,100.0,Sense 2
2025-07-31T15:17:04Z,99.0,Sense 2
2025-07-31T15:17:07Z,100.0,Sense 2
2025-07-31T15:17:09Z,99.0,Sense 2
2025-07-31T15:17:12Z,100.0,Sense 2
2025-07-31T15:17:14Z,101.0,Sense 2
2025-07-31T15:17:15Z,100.0,Sense 2
2025-07-31T15:17:16Z,99.0,Sense 2
2025-07-31T15:17:17Z,98.0,Sense 2
2025-07-31T15:17:19Z,100.0,Sense 2
2025-07-31T15:17:20Z,101.0,Sense 2
2025-07-31T15:17:23Z,101.0,Sense 2
2025-07-31T15:17:24Z,100.0,Sense 2
2025-07-31T15:17:25Z,101.0,Sense 2
2025-07-31T15:17:28Z,101.0,Sense 2
2025-07-31T15:17:29Z,102.0,Sense 2
2025-07-31T15:17:31Z,103.0,Sense 2
2025-07-31T15:17:33Z,102.0,Sense 2
2025-07-31T15:17:34Z,101.0,Sense 2
2025-07-31T15:17:35Z,100.0,Sense 2
2025-07-31T15:17:36Z,101.0,Sense 2
2025-07-31T15:17:37Z,103.0,Sense 2
2025-07-31T15:17:38Z,104.0,Sense 2
2025-07-31T15:17:41Z,104.0,Sense 2
2025-07-31T15:17:44Z,103.0,Sense 2
2025-07-31T15:17:46Z,101.0,Sense 2
2025-07-31T15:17:49Z,102.0,Sense 2
2025-07-31T15:17:50Z,103.0,Sense 2
2025-07-31T15:17:51Z,102.0,Sense 2
2025-07-31T15:17:53Z,103.0,Sense 2
2025-07-31T15:17:54Z,104.0,Sense 2
2025-07-31T15:17:57Z,104.0,Sense 2
2025-07-31T15:17:58Z,103.0,Sense 2
2025-07-31T15:17:59Z,102.0,Sense 2
2025-07-31T15:18:02Z,102.0,Sense 2
2025-07-31T15:18:05Z,103.0,Sense 2
2025-07-31T15:18:06Z,104.0,Sense 2
2025-07-31T15:18:09Z,104.0,Sense 2
2025-07-31T15:18:11Z,103.0,Sense 2
2025-07-31T15:18:12Z,102.0,Sense 2
2025-07-31T15:18:13Z,103.0,Sense 2
2025-07-31T15:18:16Z,103.0,Sense 2
2025-07-31T15:18:17Z,102.0,Sense 2
2025-07-31T15:18:19Z,103.0,Sense 2
2025-07-31T15:18:21Z,102.0,Sense 2
2025-07-31T15:18:22Z,101.0,Sense 2
2025-07-31T15:18:23Z,100.0,Sense 2
2025-07-31T15:18:26Z,101.0,Sense 2
2025-07-31T15:18:29Z,101.0,Sense 2
2025-07-31T15:18:30Z,102.0,Sense 2
2025-07-31T15:18:31Z,101.0,Sense 2
2025-07-31T15:18:33Z,100.0,Sense 2
2025-07-31T15:18:34Z,101.0,Sense 2
2025-07-31T15:18:36Z,100.0,Sense 2
2025-07-31T15:18:37Z,99.0,Sense 2
2025-07-31T15:18:39Z,100.0,Sense 2
2025-07-31T15:18:41Z,99.0,Sense 2
2025-07-31T15:18:42Z,98.0,Sense 2
2025-07-31T15:18:43Z,99.0,Sense 2
2025-07-31T15:18:44Z,101.0,Sense 2
2025-07-31T15:18:46Z,100.0,Sense 2
2025-07-31T15:18:47Z,97.0,Sense 2
2025-07-31T15:18:48Z,96.0,Sense 2
2025-07-31T15:18:49Z,97.0,Sense 2
2025-07-31T15:18:50Z,98.0,Sense 2
2025-07-31T15:18:52Z,99.0,Sense 2
2025-07-31T15:18:54Z,100.0,Sense 2
2025-07-31T15:18:55Z,99.0,Sense 2
2025-07-31T15:18:57Z,98.0,Sense 2
2025-07-31T15:19:00Z,98.0,Sense 2
2025-07-31T15:19:01Z,99.0,Sense 2
2025-07-31T15:19:04Z,99.0,Sense 2
2025-07-31T15:19:06Z,99.0,Sense 2
2025-07-31T15:19:09Z,99.0,Sense 2
2025-07-31T15:19:12Z,99.0,Sense 2
2025-07-31T15:19:15Z,99.0,Sense 2
2025-07-31T15:19:16Z,99.0,Sense 2
2025-07-31T15:19:17Z,98.0,Sense 2
2025-07-31T15:19:18Z,99.0,Sense 2
2025-07-31T15:19:19Z,101.0,Sense 2
2025-07-31T15:19:20Z,103.0,Sense 2
2025-07-31T15:19:22Z,101.0,Sense 2
2025-07-31T15:19:23Z,100.0,Sense 2
2025-07-31T15:19:25Z,101.0,Sense 2
2025-07-31T15:19:26Z,100.0,Sense 2
2025-07-31T15:19:27Z,99.0,Sense 2
2025-07-31T15:19:28Z,97.0,Sense 2
2025-07-31T15:19:30Z,99.0,Sense 2
2025-07-31T15:19:31Z,101.0,Sense 2
2025-07-31T15:19:32Z,102.0,Sense 2
2025-07-31T15:19:33Z,101.0,Sense 2
2025-07-31T15:19:36Z,101.0,Sense 2
2025-07-31T15:19:37Z,100.0,Sense 2
2025-07-31T15:19:38Z,99.0,Sense 2
2025-07-31T15:19:39Z,98.0,Sense 2
2025-07-31T15:19:41Z,99.0,Sense 2
2025-07-31T15:19:42Z,100.0,Sense 2
2025-07-31T15:19:45Z,99.0,Sense 2
2025-07-31T15:19:48Z,99.0,Sense 2
2025-07-31T15:19:51Z,100.0,Sense 2
2025-07-31T15:19:53Z,101.0,Sense 2
2025-07-31T15:19:54Z,102.0,Sense 2
2025-07-31T15:19:57Z,102.0,Sense 2
2025-07-31T15:19:58Z,102.0,Sense 2
2025-07-31T15:20:01Z,101.0,Sense 2
2025-07-31T15:20:03Z,100.0,Sense 2
2025-07-31T15:20:04Z,99.0,Sense 2
2025-07-31T15:20:06Z,98.0,Sense 2
2025-07-31T15:20:08Z,100.0,Sense 2
2025-07-31T15:20:09Z,102.0,Sense 2
2025-07-31T15:20:12Z,101.0,Sense 2
2025-07-31T15:20:13Z,100.0,Sense 2
2025-07-31T15:20:14Z,99.0,Sense 2
2025-07-31T15:20:15Z,100.0,Sense 2
2025-07-31T15:20:17Z,101.0,Sense 2
2025-07-31T15:20:20Z,100.0,Sense 2
2025-07-31T15:20:21Z,99.0,Sense 2
2025-07-31T15:20:22Z,98.0,Sense 2
2025-07-31T15:20:24Z,99.0,Sense 2
2025-07-31T15:20:26Z,101.0,Sense 2
2025-07-31T15:20:29Z,101.0,Sense 2
2025-07-31T15:20:30Z,100.0,Sense 2
2025-07-31T15:20:33Z,100.0,Sense 2
2025-07-31T15:20:34Z,99.0,Sense 2
2025-07-31T15:20:35Z,98.0,Sense 2
2025-07-31T15:20:37Z,99.0,Sense 2
2025-07-31T15:20:38Z,101.0,Sense 2
2025-07-31T15:20:39Z,102.0,Sense 2
2025-07-31T15:20:42Z,102.0,Sense 2
2025-07-31T15:20:43Z,101.0,Sense 2
2025-07-31T15:20:44Z,100.0,Sense 2
2025-07-31T15:20:46Z,101.0,Sense 2
2025-07-31T15:20:47Z,103.0,Sense 2
2025-07-31T15:20:49Z,102.0,Sense 2
2025-07-31T15:20:52Z,103.0,Sense 2
2025-07-31T15:20:53Z,102.0,Sense 2
2025-07-31T15:20:56Z,103.0,Sense 2
2025-07-31T15:20:58Z,102.0,Sense 2
2025-07-31T15:20:59Z,101.0,Sense 2
2025-07-31T15:21:00Z,100.0,Sense 2
2025-07-31T15:21:01Z,101.0,Sense 2
2025-07-31T15:21:02Z,100.0,Sense 2
2025-07-31T15:21:05Z,100.0,Sense 2
2025-07-31T15:21:06Z,101.0,Sense 2
2025-07-31T15:21:07Z,102.0,Sense 2
2025-07-31T15:21:08Z,101.0,Sense 2
2025-07-31T15:21:09Z,100.0,Sense 2
2025-07-31T15:21:12Z,99.0,Sense 2
2025-07-31T15:21:13Z,98.0,Sense 2
2025-07-31T15:21:14Z,99.0,Sense 2
2025-07-31T15:21:16Z,100.0,Sense 2
2025-07-31T15:21:17Z,101.0,Sense 2
2025-07-31T15:21:18Z,102.0,Sense 2
2025-07-31T15:21:19Z,103.0,Sense 2
2025-07-31T15:21:20Z,102.0,Sense 2
2025-07-31T15:21:23Z,102.0,Sense 2
2025-07-31T15:21:24Z,102.0,Sense 2
2025-07-31T15:21:27Z,102.0,Sense 2
2025-07-31T15:21:28Z,103.0,Sense 2
2025-07-31T15:21:29Z,102.0,Sense 2
2025-07-31T15:21:30Z,101.0,Sense 2
2025-07-31T15:21:33Z,102.0,Sense 2
2025-07-31T15:21:36Z,101.0,Sense 2
2025-07-31T15:21:39Z,101.0,Sense 2
2025-07-31T15:21:40Z,100.0,Sense 2
2025-07-31T15:21:43Z,99.0,Sense 2
2025-07-31T15:21:45Z,98.0,Sense 2
2025-07-31T15:21:46Z,99.0,Sense 2
2025-07-31T15:21:49Z,99.0,Sense 2
2025-07-31T15:21:51Z,101.0,Sense 2
2025-07-31T15:21:52Z,106.0,Sense 2
2025-07-31T15:21:53Z,109.0,Sense 2
2025-07-31T15:21:55Z,108.0,Sense 2
2025-07-31T15:21:57Z,107.0,Sense 2
2025-07-31T15:21:58Z,104.0,Sense 2
2025-07-31T15:21:59Z,100.0,Sense 2
2025-07-31T15:22:00Z,97.0,Sense 2
2025-07-31T15:22:01Z,99.0,Sense 2
2025-07-31T15:22:02Z,102.0,Sense 2
2025-07-31T15:22:03Z,104.0,Sense 2
2025-07-31T15:22:04Z,105.0,Sense 2
2025-07-31T15:22:05Z,104.0,Sense 2
2025-07-31T15:22:08Z,103.0,Sense 2
2025-07-31T15:22:09Z,101.0,Sense 2
2025-07-31T15:22:10Z,100.0,Sense 2
2025-07-31T15:22:13Z,101.0,Sense 2
2025-07-31T15:22:14Z,102.0,Sense 2
2025-07-31T15:22:15Z,103.0,Sense 2
2025-07-31T15:22:16Z,104.0,Sense 2
2025-07-31T15:22:19Z,102.0,Sense 2
2025-07-31T15:22:20Z,101.0,Sense 2
2025-07-31T15:22:21Z,102.0,Sense 2
2025-07-31T15:22:23Z,103.0,Sense 2
2025-07-31T15:22:26Z,103.0,Sense 2
2025-07-31T15:22:27Z,102.0,Sense 2
2025-07-31T15:22:28Z,101.0,Sense 2
2025-07-31T15:22:29Z,100.0,Sense 2
2025-07-31T15:22:30Z,101.0,Sense 2
2025-07-31T15:22:31Z,102.0,Sense 2
2025-07-31T15:22:32Z,103.0,Sense 2
2025-07-31T15:22:34Z,102.0,Sense 2
2025-07-31T15:22:35Z,101.0,Sense 2
2025-07-31T15:22:38Z,103.0,Sense 2
2025-07-31T15:22:39Z,104.0,Sense 2
2025-07-31T15:22:40Z,105.0,Sense 2
2025-07-31T15:22:43Z,105.0,Sense 2
2025-07-31T15:22:45Z,106.0,Sense 2
2025-07-31T15:22:46Z,107.0,Sense 2
2025-07-31T15:22:47Z,107.0,Sense 2
2025-07-31T15:22:50Z,108.0,Sense 2
2025-07-31T15:22:51Z,109.0,Sense 2
2025-07-31T15:22:52Z,110.0,Sense 2
2025-07-31T15:22:55Z,110.0,Sense 2
2025-07-31T15:22:57Z,109.0,Sense 2
2025-07-31T15:22:58Z,108.0,Sense 2
2025-07-31T15:22:59Z,106.0,Sense 2
2025-07-31T15:23:00Z,105.0,Sense 2
2025-07-31T15:23:02Z,107.0,Sense 2
2025-07-31T15:23:03Z,109.0,Sense 2
2025-07-31T15:23:04Z,108.0,Sense 2
2025-07-31T15:23:07Z,108.0,Sense 2
2025-07-31T15:23:08Z,107.0,Sense 2
2025-07-31T15:23:10Z,106.0,Sense 2
2025-07-31T15:23:13Z,107.0,Sense 2
2025-07-31T15:23:16Z,106.0,Sense 2
2025-07-31T15:23:17Z,105.0,Sense 2
2025-07-31T15:23:20Z,106.0,Sense 2
2025-07-31T15:23:21Z,105.0,Sense 2
2025-07-31T15:23:22Z,104.0,Sense 2
2025-07-31T15:23:23Z,103.0,Sense 2
2025-07-31T15:23:26Z,103.0,Sense 2
2025-07-31T15:23:27Z,104.0,Sense 2
2025-07-31T15:23:28Z,105.0,Sense 2
2025-07-31T15:23:31Z,105.0,Sense 2
2025-07-31T15:23:34Z,105.0,Sense 2
2025-07-31T15:23:35Z,104.0,Sense 2
2025-07-31T15:23:36Z,103.0,Sense 2
2025-07-31T15:23:37Z,103.0,Sense 2
2025-07-31T15:23:38Z,104.0,Sense 2
2025-07-31T15:23:41Z,104.0,Sense 2
2025-07-31T15:23:44Z,104.0,Sense 2
2025-07-31T15:23:45Z,105.0,Sense 2
2025-07-31T15:23:47Z,106.0,Sense 2
2025-07-31T15:23:48Z,105.0,Sense 2
2025-07-31T15:23:50Z,104.0,Sense 2
2025-07-31T15:23:51Z,103.0,Sense 2
2025-07-31T15:23:52Z,102.0,Sense 2
2025-07-31T15:23:53Z,101.0,Sense 2
2025-07-31T15:23:56Z,102.0,Sense 2
2025-07-31T15:23:57Z,103.0,Sense 2
2025-07-31T15:23:58Z,105.0,Sense 2
2025-07-31T15:23:59Z,106.0,Sense 2
2025-07-31T15:24:01Z,107.0,Sense 2
2025-07-31T15:24:02Z,109.0,Sense 2
2025-07-31T15:24:03Z,111.0,Sense 2
2025-07-31T15:24:05Z,110.0,Sense 2
2025-07-31T15:24:08Z,109.0,Sense 2
2025-07-31T15:24:09Z,108.0,Sense 2
2025-07-31T15:24:10Z,107.0,Sense 2
2025-07-31T15:24:12Z,110.0,Sense 2
2025-07-31T15:24:13Z,112.0,Sense 2
2025-07-31T15:24:14Z,113.0,Sense 2
2025-07-31T15:24:17Z,112.0,Sense 2
2025-07-31T15:24:18Z,111.0,Sense 2
2025-07-31T15:24:19Z,109.0,Sense 2
2025-07-31T15:24:20Z,107.0,Sense 2
2025-07-31T15:24:21Z,109.0,Sense 2
2025-07-31T15:24:22Z,112.0,Sense 2
2025-07-31T15:24:23Z,114.0,Sense 2
2025-07-31T15:24:26Z,114.0,Sense 2
2025-07-31T15:24:28Z,113.0,Sense 2
2025-07-31T15:24:29Z,112.0,Sense 2
2025-07-31T15:24:30Z,111.0,Sense 2
2025-07-31T15:24:32Z,113.0,Sense 2
2025-07-31T15:24:33Z,114.0,Sense 2
2025-07-31T15:24:36Z,114.0,Sense 2
2025-07-31T15:24:39Z,114.0,Sense 2
2025-07-31T15:24:40Z,113.0,Sense 2
2025-07-31T15:24:41Z,112.0,Sense 2
2025-07-31T15:24:42Z,110.0,Sense 2
2025-07-31T15:24:45Z,111.0,Sense 2
2025-07-31T15:24:46Z,112.0,Sense 2
2025-07-31T15:24:47Z,110.0,Sense 2
2025-07-31T15:24:48Z,109.0,Sense 2
2025-07-31T15:24:50Z,110.0,Sense 2
2025-07-31T15:24:51Z,111.0,Sense 2
2025-07-31T15:24:53Z,110.0,Sense 2
2025-07-31T15:24:54Z,109.0,Sense 2
2025-07-31T15:24:55Z,108.0,Sense 2
2025-07-31T15:24:56Z,109.0,Sense 2
2025-07-31T15:24:59Z,109.0,Sense 2
2025-07-31T15:25:00Z,110.0,Sense 2
2025-07-31T15:25:02Z,109.0,Sense 2
2025-07-31T15:25:03Z,108.0,Sense 2
2025-07-31T15:25:04Z,107.0,Sense 2
2025-07-31T15:25:05Z,108.0,Sense 2
2025-07-31T15:25:06Z,110.0,Sense 2
2025-07-31T15:25:07Z,111.0,Sense 2
2025-07-31T15:25:08Z,110.0,Sense 2
2025-07-31T15:25:11Z,110.0,Sense 2
2025-07-31T15:25:13Z,111.0,Sense 2
2025-07-31T15:25:14Z,113.0,Sense 2
2025-07-31T15:25:15Z,114.0,Sense 2
2025-07-31T15:25:16Z,115.0,Sense 2
2025-07-31T15:25:18Z,114.0,Sense 2
2025-07-31T15:25:19Z,113.0,Sense 2
2025-07-31T15:25:20Z,111.0,Sense 2
2025-07-31T15:25:21Z,110.0,Sense 2
2025-07-31T15:25:22Z,109.0,Sense 2
2025-07-31T15:25:23Z,110.0,Sense 2
2025-07-31T15:25:24Z,111.0,Sense 2
2025-07-31T15:25:25Z,112.0,Sense 2
2025-07-31T15:25:27Z,111.0,Sense 2
2025-07-31T15:25:28Z,110.0,Sense 2
2025-07-31T15:25:29Z,109.0,Sense 2
2025-07-31T15:25:32Z,109.0,Sense 2
2025-07-31T15:25:35Z,109.0,Sense 2
2025-07-31T15:25:38Z,108.0,Sense 2
2025-07-31T15:25:39Z,106.0,Sense 2
2025-07-31T15:25:42Z,107.0,Sense 2
2025-07-31T15:25:45Z,108.0,Sense 2
2025-07-31T15:25:47Z,107.0,Sense 2
2025-07-31T15:25:49Z,106.0,Sense 2
2025-07-31T15:25:51Z,107.0,Sense 2
2025-07-31T15:25:52Z,108.0,Sense 2
2025-07-31T15:25:54Z,107.0,Sense 2
2025-07-31T15:25:55Z,105.0,Sense 2
2025-07-31T15:25:58Z,105.0,Sense 2
2025-07-31T15:25:59Z,103.0,Sense 2
2025-07-31T15:26:00Z,102.0,Sense 2
2025-07-31T15:26:01Z,101.0,Sense 2
2025-07-31T15:26:02Z,102.0,Sense 2
2025-07-31T15:26:05Z,102.0,Sense 2
2025-07-31T15:26:06Z,103.0,Sense 2
2025-07-31T15:26:09Z,102.0,Sense 2
2025-07-31T15:26:10Z,101.0,Sense 2
2025-07-31T15:26:13Z,102.0,Sense 2
2025-07-31T15:26:14Z,104.0,Sense 2
2025-07-31T15:26:16Z,103.0,Sense 2
2025-07-31T15:26:17Z,101.0,Sense 2
2025-07-31T15:26:18Z,100.0,Sense 2
2025-07-31T15:26:19Z,98.0,Sense 2
2025-07-31T15:26:21Z,100.0,Sense 2
2025-07-31T15:26:22Z,101.0,Sense 2
2025-07-31T15:26:23Z,102.0,Sense 2
2025-07-31T15:26:24Z,103.0,Sense 2
2025-07-31T15:26:27Z,102.0,Sense 2
2025-07-31T15:26:28Z,101.0,Sense 2
2025-07-31T15:26:29Z,100.0,Sense 2
2025-07-31T15:26:32Z,101.0,Sense 2
2025-07-31T15:26:33Z,102.0,Sense 2
2025-07-31T15:26:34Z,103.0,Sense 2
2025-07-31T15:26:35Z,104.0,Sense 2
2025-07-31T15:26:36Z,106.0,Sense 2
2025-07-31T15:26:38Z,105.0,Sense 2
2025-07-31T15:26:39Z,104.0,Sense 2
2025-07-31T15:26:40Z,105.0,Sense 2
2025-07-31T15:26:41Z,107.0,Sense 2
2025-07-31T15:26:42Z,109.0,Sense 2
2025-07-31T15:26:44Z,108.0,Sense 2
2025-07-31T15:26:45Z,107.0,Sense 2
2025-07-31T15:26:48Z,107.0,Sense 2
2025-07-31T15:26:51Z,107.0,Sense 2
2025-07-31T15:26:53Z,106.0,Sense 2
2025-07-31T15:26:58Z,104.0,Sense 2
2025-07-31T15:27:03Z,109.0,Sense 2
2025-07-31T15:27:08Z,103.0,Sense 2
2025-07-31T15:27:13Z,106.0,Sense 2
2025-07-31T15:27:18Z,107.0,Sense 2
2025-07-31T15:27:23Z,104.0,Sense 2
2025-07-31T15:27:28Z,108.0,Sense 2
2025-07-31T15:27:33Z,106.0,Sense 2
2025-07-31T15:27:43Z,105.0,Sense 2
2025-07-31T15:27:48Z,104.0,Sense 2
2025-07-31T15:27:53Z,103.0,Sense 2
2025-07-31T15:28:03Z,104.0,Sense 2
2025-07-31T15:28:08Z,103.0,Sense 2
2025-07-31T15:28:13Z,104.0,Sense 2
2025-07-31T15:28:18Z,102.0,Sense 2
2025-07-31T15:28:28Z,101.0,Sense 2
2025-07-31T15:28:38Z,99.0,Sense 2
2025-07-31T15:28:43Z,100.0,Sense 2
2025-07-31T15:28:53Z,101.0,Sense 2
2025-07-31T15:29:03Z,102.0,Sense 2
2025-07-31T15:29:08Z,100.0,Sense 2
2025-07-31T15:29:13Z,101.0,Sense 2
2025-07-31T15:29:18Z,99.0,Sense 2
2025-07-31T15:29:23Z,101.0,Sense 2
2025-07-31T15:29:28Z,100.0,Sense 2
2025-07-31T15:29:38Z,103.0,Sense 2
2025-07-31T15:29:48Z,102.0,Sense 2
2025-07-31T15:29:53Z,104.0,Sense 2
2025-07-31T15:30:03Z,105.0,Sense 2
2025-07-31T15:30:18Z,105.0,Sense 2
2025-07-31T15:30:29Z,103.0,Sense 2
2025-07-31T15:30:30Z,104.0,Sense 2
2025-07-31T15:30:32Z,103.0,Sense 2
2025-07-31T15:30:35Z,103.0,Sense 2
2025-07-31T15:30:36Z,102.0,Sense 2
2025-07-31T15:30:39Z,102.0,Sense 2
2025-07-31T15:30:40Z,103.0,Sense 2
2025-07-31T15:30:43Z,104.0,Sense 2
2025-07-31T15:30:45Z,105.0,Sense 2
2025-07-31T15:30:46Z,104.0,Sense 2
2025-07-31T15:30:47Z,103.0,Sense 2
2025-07-31T15:30:48Z,102.0,Sense 2
2025-07-31T15:30:49Z,103.0,Sense 2
2025-07-31T15:30:51Z,104.0,Sense 2
2025-07-31T15:30:53Z,103.0,Sense 2
2025-07-31T15:30:54Z,102.0,Sense 2
2025-07-31T15:30:56Z,103.0,Sense 2
2025-07-31T15:30:59Z,102.0,Sense 2
2025-07-31T15:31:02Z,102.0,Sense 2
2025-07-31T15:31:03Z,103.0,Sense 2
2025-07-31T15:31:06Z,103.0,Sense 2
2025-07-31T15:31:09Z,104.0,Sense 2
2025-07-31T15:31:10Z,105.0,Sense 2
2025-07-31T15:31:13Z,105.0,Sense 2
2025-07-31T15:31:16Z,104.0,Sense 2
2025-07-31T15:31:17Z,102.0,Sense 2
2025-07-31T15:31:18Z,101.0,Sense 2
2025-07-31T15:31:19Z,101.0,Sense 2
2025-07-31T15:31:20Z,102.0,Sense 2
2025-07-31T15:31:23Z,102.0,Sense 2
2025-07-31T15:31:25Z,101.0,Sense 2
2025-07-31T15:31:26Z,100.0,Sense 2
2025-07-31T15:31:29Z,100.0,Sense 2
2025-07-31T15:31:30Z,101.0,Sense 2
2025-07-31T15:31:31Z,102.0,Sense 2
2025-07-31T15:31:32Z,104.0,Sense 2
2025-07-31T15:31:34Z,105.0,Sense 2
2025-07-31T15:31:35Z,104.0,Sense 2
2025-07-31T15:31:37Z,103.0,Sense 2
2025-07-31T15:31:38Z,102.0,Sense 2
2025-07-31T15:31:40Z,103.0,Sense 2
2025-07-31T15:31:43Z,103.0,Sense 2
2025-07-31T15:31:46Z,104.0,Sense 2
2025-07-31T15:31:48Z,103.0,Sense 2
2025-07-31T15:31:49Z,102.0,Sense 2
2025-07-31T15:31:50Z,101.0,Sense 2
2025-07-31T15:31:51Z,100.0,Sense 2
2025-07-31T15:31:54Z,101.0,Sense 2
2025-07-31T15:32:01Z,101.0,Sense 2
2025-07-31T15:32:04Z,101.0,Sense 2
2025-07-31T15:32:07Z,101.0,Sense 2
2025-07-31T15:32:10Z,101.0,Sense 2
2025-07-31T15:32:11Z,100.0,Sense 2
2025-07-31T15:32:12Z,99.0,Sense 2
2025-07-31T15:32:13Z,100.0,Sense 2
2025-07-31T15:32:14Z,101.0,Sense 2
2025-07-31T15:32:16Z,99.0,Sense 2
2025-07-31T15:32:17Z,97.0,Sense 2
2025-07-31T15:32:18Z,98.0,Sense 2
2025-07-31T15:32:19Z,100.0,Sense 2
2025-07-31T15:32:20Z,101.0,Sense 2
2025-07-31T15:32:22Z,100.0,Sense 2
2025-07-31T15:32:23Z,97.0,Sense 2
2025-07-31T15:32:24Z,95.0,Sense 2
2025-07-31T15:32:25Z,92.0,Sense 2
2025-07-31T15:32:26Z,91.0,Sense 2
2025-07-31T15:32:28Z,92.0,Sense 2
2025-07-31T15:32:29Z,94.0,Sense 2
2025-07-31T15:32:30Z,95.0,Sense 2
2025-07-31T15:32:31Z,96.0,Sense 2
2025-07-31T15:32:32Z,95.0,Sense 2
2025-07-31T15:32:33Z,93.0,Sense 2
2025-07-31T15:32:34Z,90.0,Sense 2
2025-07-31T15:32:35Z,89.0,Sense 2
2025-07-31T15:32:38Z,89.0,Sense 2
2025-07-31T15:32:39Z,87.0,Sense 2
2025-07-31T15:32:40Z,86.0,Sense 2
2025-07-31T15:32:41Z,87.0,Sense 2
2025-07-31T15:32:42Z,89.0,Sense 2
2025-07-31T15:32:44Z,88.0,Sense 2
2025-07-31T15:32:45Z,87.0,Sense 2
2025-07-31T15:32:47Z,88.0,Sense 2
2025-07-31T15:32:48Z,87.0,Sense 2
2025-07-31T15:32:49Z,86.0,Sense 2
2025-07-31T15:32:50Z,87.0,Sense 2
2025-07-31T15:32:51Z,89.0,Sense 2
2025-07-31T15:32:52Z,90.0,Sense 2
2025-07-31T15:32:54Z,89.0,Sense 2
2025-07-31T15:32:56Z,90.0,Sense 2
2025-07-31T15:32:59Z,90.0,Sense 2
2025-07-31T15:33:00Z,92.0,Sense 2
2025-07-31T15:33:01Z,94.0,Sense 2
2025-07-31T15:33:02Z,93.0,Sense 2
2025-07-31T15:33:04Z,94.0,Sense 2
2025-07-31T15:33:05Z,96.0,Sense 2
2025-07-31T15:33:06Z,97.0,Sense 2
2025-07-31T15:33:07Z,96.0,Sense 2
2025-07-31T15:33:10Z,96.0,Sense 2
2025-07-31T15:33:11Z,95.0,Sense 2
2025-07-31T15:33:12Z,93.0,Sense 2
2025-07-31T15:33:13Z,92.0,Sense 2
2025-07-31T15:33:14Z,93.0,Sense 2
2025-07-31T15:33:15Z,94.0,Sense 2
2025-07-31T15:33:16Z,93.0,Sense 2
2025-07-31T15:33:17Z,91.0,Sense 2
2025-07-31T15:33:18Z,89.0,Sense 2
2025-07-31T15:33:20Z,90.0,Sense 2
2025-07-31T15:33:22Z,89.0,Sense 2
2025-07-31T15:33:23Z,87.0,Sense 2
2025-07-31T15:33:26Z,87.0,Sense 2
2025-07-31T15:33:27Z,86.0,Sense 2
2025-07-31T15:33:29Z,87.0,Sense 2
2025-07-31T15:33:30Z,89.0,Sense 2
2025-07-31T15:33:33Z,88.0,Sense 2
2025-07-31T15:33:34Z,87.0,Sense 2
2025-07-31T15:33:35Z,86.0,Sense 2
2025-07-31T15:33:36Z,87.0,Sense 2
2025-07-31T15:33:37Z,88.0,Sense 2
2025-07-31T15:33:40Z,87.0,Sense 2
2025-07-31T15:33:41Z,86.0,Sense 2
2025-07-31T15:33:43Z,85.0,Sense 2
2025-07-31T15:33:46Z,85.0,Sense 2
2025-07-31T15:33:47Z,86.0,Sense 2
2025-07-31T15:33:48Z,87.0,Sense 2
2025-07-31T15:33:50Z,88.0,Sense 2
2025-07-31T15:33:53Z,88.0,Sense 2
2025-07-31T15:33:56Z,89.0,Sense 2
2025-07-31T15:33:57Z,90.0,Sense 2
2025-07-31T15:33:58Z,91.0,Sense 2
2025-07-31T15:33:59Z,91.0,Sense 2
2025-07-31T15:34:00Z,90.0,Sense 2
2025-07-31T15:34:01Z,88.0,Sense 2
2025-07-31T15:34:02Z,87.0,Sense 2
2025-07-31T15:34:04Z,88.0,Sense 2
2025-07-31T15:34:05Z,87.0,Sense 2
2025-07-31T15:34:06Z,86.0,Sense 2
2025-07-31T15:34:09Z,86.0,Sense 2
2025-07-31T15:34:12Z,86.0,Sense 2
2025-07-31T15:34:13Z,85.0,Sense 2
2025-07-31T15:34:14Z,84.0,Sense 2
2025-07-31T15:34:16Z,83.0,Sense 2
2025-07-31T15:34:17Z,82.0,Sense 2
2025-07-31T15:34:18Z,81.0,Sense 2
2025-07-31T15:34:19Z,82.0,Sense 2
2025-07-31T15:34:22Z,82.0,Sense 2
2025-07-31T15:34:23Z,81.0,Sense 2
2025-07-31T15:34:24Z,78.0,Sense 2
2025-07-31T15:34:25Z,75.0,Sense 2
2025-07-31T15:34:26Z,74.0,Sense 2
2025-07-31T15:34:27Z,73.0,Sense 2
2025-07-31T15:34:30Z,74.0,Sense 2
2025-07-31T15:34:31Z,75.0,Sense 2
2025-07-31T15:34:33Z,73.0,Sense 2
2025-07-31T15:34:34Z,72.0,Sense 2
2025-07-31T15:34:35Z,73.0,Sense 2
2025-07-31T15:34:36Z,77.0,Sense 2
2025-07-31T15:34:37Z,80.0,Sense 2
2025-07-31T15:34:39Z,79.0,Sense 2
2025-07-31T15:34:42Z,78.0,Sense 2
2025-07-31T15:34:45Z,78.0,Sense 2
2025-07-31T15:34:47Z,79.0,Sense 2
2025-07-31T15:34:49Z,78.0,Sense 2
2025-07-31T15:34:52Z,78.0,Sense 2
2025-07-31T15:34:55Z,78.0,Sense 2
2025-07-31T15:34:58Z,78.0,Sense 2
2025-07-31T15:35:01Z,78.0,Sense 2
2025-07-31T15:35:03Z,77.0,Sense 2
2025-07-31T15:35:04Z,76.0,Sense 2
2025-07-31T15:35:05Z,74.0,Sense 2
2025-07-31T15:35:06Z,72.0,Sense 2
2025-07-31T15:35:09Z,72.0,Sense 2
2025-07-31T15:35:11Z,71.0,Sense 2
2025-07-31T15:35:14Z,70.0,Sense 2
2025-07-31T15:35:16Z,69.0,Sense 2
2025-07-31T15:35:18Z,70.0,Sense 2
2025-07-31T15:35:21Z,70.0,Sense 2
2025-07-31T15:35:22Z,71.0,Sense 2
2025-07-31T15:35:23Z,72.0,Sense 2
2025-07-31T15:35:26Z,72.0,Sense 2
2025-07-31T15:35:29Z,73.0,Sense 2
2025-07-31T15:35:30Z,72.0,Sense 2
2025-07-31T15:35:31Z,71.0,Sense 2
2025-07-31T15:35:32Z,72.0,Sense 2
2025-07-31T16:09:13Z,72.0,Sense 2
2025-07-31T16:09:23Z,72.0,Sense 2
2025-07-31T16:09:28Z,73.0,Sense 2
2025-07-31T16:09:33Z,74.0,Sense 2
2025-07-31T16:09:38Z,75.0,Sense 2
2025-07-31T16:09:43Z,76.0,Sense 2
2025-07-31T16:09:53Z,74.0,Sense 2
2025-07-31T16:09:58Z,70.0,Sense 2
2025-07-31T16:10:03Z,64.0,Sense 2
2025-07-31T16:10:08Z,65.0,Sense 2
2025-07-31T16:10:13Z,67.0,Sense 2
2025-07-31T16:10:18Z,75.0,Sense 2
2025-07-31T16:10:23Z,78.0,Sense 2
2025-07-31T16:10:28Z,79.0,Sense 2
2025-07-31T16:10:33Z,77.0,Sense 2
2025-07-31T16:10:38Z,76.0,Sense 2
2025-07-31T16:10:43Z,77.0,Sense 2
2025-07-31T16:10:53Z,81.0,Sense 2
2025-07-31T16:10:58Z,73.0,Sense 2
2025-07-31T16:11:03Z,68.0,Sense 2
2025-07-31T16:11:08Z,67.0,Sense 2
2025-07-31T16:11:13Z,68.0,Sense 2
2025-07-31T16:11:18Z,72.0,Sense 2
2025-07-31T16:11:23Z,71.0,Sense 2
2025-07-31T16:11:28Z,70.0,Sense 2
2025-07-31T16:11:33Z,69.0,Sense 2
2025-07-31T16:11:38Z,69.0,Sense 2
2025-07-31T16:11:43Z,70.0,Sense 2
2025-07-31T16:48:44Z,73.0,Sense 2
2025-07-31T16:48:49Z,72.0,Sense 2
2025-07-31T16:48:54Z,67.0,Sense 2
2025-07-31T16:49:04Z,72.0,Sense 2
2025-07-31T16:49:19Z,76.0,Sense 2
2025-07-31T16:49:24Z,78.0,Sense 2
2025-07-31T16:49:39Z,80.0,Sense 2
2025-07-31T16:49:44Z,88.0,Sense 2
