timestamp,beats per minute,data source
2025-08-17T00:00:00Z,97.0,Sense
2025-08-17T00:00:05Z,96.0,Sense
2025-08-17T00:00:15Z,97.0,Sense
2025-08-17T00:00:20Z,99.0,Sense
2025-08-17T00:00:25Z,98.0,Sense
2025-08-17T00:00:30Z,100.0,Sense
2025-08-17T00:00:40Z,98.0,Sense
2025-08-17T00:00:45Z,97.0,Sense
2025-08-17T00:00:55Z,100.0,Sense
2025-08-17T00:01:00Z,101.0,Sense
2025-08-17T00:01:05Z,99.0,Sense
2025-08-17T00:01:10Z,98.0,Sense
2025-08-17T00:01:15Z,97.0,Sense
2025-08-17T00:01:20Z,96.0,Sense
2025-08-17T00:01:35Z,95.0,Sense
2025-08-17T00:01:45Z,108.0,Sense
2025-08-17T00:01:50Z,109.0,Sense
2025-08-17T00:01:55Z,107.0,Sense
2025-08-17T00:02:00Z,108.0,Sense
2025-08-17T00:02:10Z,109.0,Sense
2025-08-17T00:02:15Z,108.0,Sense
2025-08-17T00:02:20Z,106.0,Sense
2025-08-17T00:02:25Z,103.0,Sense
2025-08-17T00:02:30Z,101.0,Sense
2025-08-17T00:02:35Z,104.0,Sense
2025-08-17T00:02:40Z,106.0,Sense
2025-08-17T00:02:50Z,103.0,Sense
2025-08-17T00:03:05Z,97.0,Sense
2025-08-17T00:03:10Z,95.0,Sense
2025-08-17T00:03:25Z,96.0,Sense
2025-08-17T00:03:30Z,96.0,Sense
2025-08-17T00:03:35Z,97.0,Sense
2025-08-17T00:03:45Z,100.0,Sense
2025-08-17T00:04:00Z,99.0,Sense
2025-08-17T00:04:10Z,100.0,Sense
2025-08-17T00:04:15Z,99.0,Sense
2025-08-17T00:04:20Z,100.0,Sense
2025-08-17T00:04:25Z,99.0,Sense
2025-08-17T00:04:30Z,99.0,Sense
2025-08-17T00:04:40Z,98.0,Sense
2025-08-17T00:04:55Z,99.0,Sense
2025-08-17T00:05:00Z,96.0,Sense
2025-08-17T00:05:05Z,88.0,Sense
2025-08-17T00:05:15Z,89.0,Sense
2025-08-17T00:05:25Z,90.0,Sense
2025-08-17T00:05:30Z,91.0,Sense
2025-08-17T00:05:35Z,93.0,Sense
2025-08-17T00:05:40Z,94.0,Sense
2025-08-17T00:05:55Z,93.0,Sense
2025-08-17T00:06:00Z,94.0,Sense
2025-08-17T00:06:10Z,95.0,Sense
2025-08-17T00:06:15Z,94.0,Sense
2025-08-17T00:06:25Z,95.0,Sense
2025-08-17T00:06:35Z,94.0,Sense
2025-08-17T00:06:40Z,95.0,Sense
2025-08-17T00:06:45Z,93.0,Sense
2025-08-17T00:06:50Z,94.0,Sense
2025-08-17T00:06:55Z,96.0,Sense
2025-08-17T00:07:05Z,95.0,Sense
2025-08-17T00:07:10Z,94.0,Sense
2025-08-17T00:07:15Z,93.0,Sense
2025-08-17T00:07:20Z,94.0,Sense
2025-08-17T00:07:30Z,97.0,Sense
2025-08-17T00:07:40Z,108.0,Sense
2025-08-17T00:07:45Z,114.0,Sense
2025-08-17T00:07:55Z,115.0,Sense
2025-08-17T00:08:00Z,114.0,Sense
2025-08-17T00:08:05Z,117.0,Sense
2025-08-17T00:08:10Z,118.0,Sense
2025-08-17T00:08:15Z,128.0,Sense
2025-08-17T00:08:20Z,152.0,Sense
2025-08-17T00:08:25Z,151.0,Sense
2025-08-17T00:08:30Z,150.0,Sense
2025-08-17T00:08:40Z,151.0,Sense
2025-08-17T00:08:45Z,151.0,Sense
2025-08-17T00:08:50Z,150.0,Sense
2025-08-17T00:08:55Z,154.0,Sense
2025-08-17T00:09:00Z,152.0,Sense
2025-08-17T00:09:05Z,150.0,Sense
2025-08-17T00:09:10Z,149.0,Sense
2025-08-17T00:09:15Z,146.0,Sense
2025-08-17T00:09:20Z,142.0,Sense
2025-08-17T00:09:25Z,141.0,Sense
2025-08-17T00:09:30Z,136.0,Sense
2025-08-17T00:09:35Z,134.0,Sense
2025-08-17T00:09:40Z,130.0,Sense
2025-08-17T00:09:45Z,124.0,Sense
2025-08-17T00:09:50Z,124.0,Sense
2025-08-17T00:09:55Z,123.0,Sense
2025-08-17T00:10:05Z,125.0,Sense
2025-08-17T00:10:10Z,127.0,Sense
2025-08-17T00:10:15Z,129.0,Sense
2025-08-17T00:10:20Z,129.0,Sense
2025-08-17T00:10:25Z,123.0,Sense
2025-08-17T00:10:30Z,125.0,Sense
2025-08-17T00:10:35Z,123.0,Sense
2025-08-17T00:10:40Z,119.0,Sense
2025-08-17T00:10:45Z,122.0,Sense
2025-08-17T00:10:50Z,124.0,Sense
2025-08-17T00:10:55Z,126.0,Sense
2025-08-17T00:11:00Z,122.0,Sense
2025-08-17T00:11:05Z,121.0,Sense
2025-08-17T00:11:20Z,126.0,Sense
2025-08-17T00:11:25Z,134.0,Sense
2025-08-17T00:11:30Z,133.0,Sense
2025-08-17T00:11:35Z,123.0,Sense
2025-08-17T00:11:40Z,122.0,Sense
2025-08-17T00:11:50Z,124.0,Sense
2025-08-17T00:12:00Z,122.0,Sense
2025-08-17T00:12:05Z,121.0,Sense
2025-08-17T00:12:10Z,122.0,Sense
2025-08-17T00:12:15Z,123.0,Sense
2025-08-17T00:12:20Z,112.0,Sense
2025-08-17T00:12:25Z,101.0,Sense
2025-08-17T00:12:30Z,99.0,Sense
2025-08-17T00:12:35Z,108.0,Sense
2025-08-17T00:12:40Z,124.0,Sense
2025-08-17T00:12:45Z,122.0,Sense
2025-08-17T00:12:50Z,119.0,Sense
2025-08-17T00:13:00Z,118.0,Sense
2025-08-17T00:13:05Z,113.0,Sense
2025-08-17T00:13:10Z,111.0,Sense
2025-08-17T00:13:20Z,116.0,Sense
2025-08-17T00:13:25Z,134.0,Sense
2025-08-17T00:13:30Z,131.0,Sense
2025-08-17T00:13:35Z,126.0,Sense
2025-08-17T00:13:45Z,126.0,Sense
2025-08-17T00:13:50Z,130.0,Sense
2025-08-17T00:13:55Z,158.0,Sense
2025-08-17T00:14:00Z,156.0,Sense
2025-08-17T00:14:05Z,154.0,Sense
2025-08-17T00:14:10Z,150.0,Sense
2025-08-17T00:14:15Z,146.0,Sense
2025-08-17T00:14:20Z,145.0,Sense
2025-08-17T00:14:25Z,141.0,Sense
2025-08-17T00:14:30Z,135.0,Sense
2025-08-17T00:14:35Z,133.0,Sense
2025-08-17T00:14:40Z,129.0,Sense
2025-08-17T00:14:45Z,126.0,Sense
2025-08-17T00:14:50Z,127.0,Sense
2025-08-17T00:14:55Z,125.0,Sense
2025-08-17T00:15:00Z,122.0,Sense
2025-08-17T00:15:05Z,119.0,Sense
2025-08-17T00:15:10Z,118.0,Sense
2025-08-17T00:15:15Z,133.0,Sense
2025-08-17T00:15:20Z,143.0,Sense
2025-08-17T00:15:25Z,133.0,Sense
2025-08-17T00:15:35Z,132.0,Sense
2025-08-17T00:15:40Z,131.0,Sense
2025-08-17T00:15:45Z,129.0,Sense
2025-08-17T00:15:50Z,133.0,Sense
2025-08-17T00:15:55Z,138.0,Sense
2025-08-17T00:16:05Z,136.0,Sense
2025-08-17T00:16:10Z,135.0,Sense
2025-08-17T00:16:15Z,137.0,Sense
2025-08-17T00:16:20Z,136.0,Sense
2025-08-17T00:16:25Z,145.0,Sense
2025-08-17T00:16:30Z,150.0,Sense
2025-08-17T00:16:35Z,146.0,Sense
2025-08-17T00:16:40Z,141.0,Sense
2025-08-17T00:16:45Z,134.0,Sense
2025-08-17T00:16:50Z,124.0,Sense
2025-08-17T00:17:00Z,126.0,Sense
2025-08-17T00:17:05Z,124.0,Sense
2025-08-17T00:17:10Z,138.0,Sense
2025-08-17T00:17:15Z,154.0,Sense
2025-08-17T00:17:20Z,152.0,Sense
2025-08-17T00:17:25Z,149.0,Sense
2025-08-17T00:17:30Z,145.0,Sense
2025-08-17T00:17:35Z,140.0,Sense
2025-08-17T00:17:40Z,140.0,Sense
2025-08-17T00:17:45Z,138.0,Sense
2025-08-17T00:17:50Z,133.0,Sense
2025-08-17T00:18:00Z,131.0,Sense
2025-08-17T00:18:10Z,129.0,Sense
2025-08-17T00:18:15Z,124.0,Sense
2025-08-17T00:18:20Z,112.0,Sense
2025-08-17T00:18:25Z,107.0,Sense
2025-08-17T00:18:30Z,102.0,Sense
2025-08-17T00:18:40Z,103.0,Sense
2025-08-17T00:18:45Z,102.0,Sense
2025-08-17T00:18:50Z,101.0,Sense
2025-08-17T00:18:55Z,100.0,Sense
2025-08-17T00:19:05Z,95.0,Sense
2025-08-17T00:19:10Z,89.0,Sense
2025-08-17T00:19:15Z,87.0,Sense
2025-08-17T00:19:20Z,88.0,Sense
2025-08-17T00:19:30Z,87.0,Sense
2025-08-17T00:19:35Z,84.0,Sense
2025-08-17T00:19:45Z,85.0,Sense
2025-08-17T00:19:50Z,77.0,Sense
2025-08-17T00:20:05Z,77.0,Sense
2025-08-17T00:20:15Z,77.0,Sense
2025-08-17T00:20:20Z,76.0,Sense
2025-08-17T00:20:25Z,75.0,Sense
2025-08-17T00:20:30Z,73.0,Sense
2025-08-17T00:20:35Z,86.0,Sense
2025-08-17T00:20:40Z,94.0,Sense
2025-08-17T00:20:45Z,95.0,Sense
2025-08-17T00:20:55Z,93.0,Sense
2025-08-17T00:21:00Z,94.0,Sense
2025-08-17T00:21:05Z,93.0,Sense
2025-08-17T00:21:20Z,97.0,Sense
2025-08-17T00:21:25Z,98.0,Sense
2025-08-17T00:21:30Z,99.0,Sense
2025-08-17T00:21:35Z,100.0,Sense
2025-08-17T00:21:40Z,105.0,Sense
2025-08-17T00:21:55Z,106.0,Sense
2025-08-17T00:22:00Z,104.0,Sense
2025-08-17T00:22:05Z,106.0,Sense
2025-08-17T00:22:10Z,104.0,Sense
2025-08-17T00:22:20Z,103.0,Sense
2025-08-17T00:22:25Z,104.0,Sense
2025-08-17T00:22:30Z,105.0,Sense
2025-08-17T00:22:40Z,109.0,Sense
2025-08-17T00:22:45Z,104.0,Sense
2025-08-17T00:22:50Z,99.0,Sense
2025-08-17T00:22:55Z,98.0,Sense
2025-08-17T00:23:00Z,102.0,Sense
2025-08-17T00:23:05Z,108.0,Sense
2025-08-17T00:23:10Z,140.0,Sense
2025-08-17T00:23:15Z,139.0,Sense
2025-08-17T00:23:20Z,131.0,Sense
2025-08-17T00:23:30Z,121.0,Sense
2025-08-17T00:23:35Z,106.0,Sense
2025-08-17T00:23:40Z,96.0,Sense
2025-08-17T00:23:45Z,95.0,Sense
2025-08-17T00:23:50Z,97.0,Sense
2025-08-17T00:23:55Z,93.0,Sense
2025-08-17T00:24:00Z,94.0,Sense
2025-08-17T00:24:05Z,96.0,Sense
2025-08-17T00:24:10Z,91.0,Sense
2025-08-17T00:24:15Z,97.0,Sense
2025-08-17T00:24:20Z,95.0,Sense
2025-08-17T00:24:25Z,91.0,Sense
2025-08-17T00:24:30Z,93.0,Sense
2025-08-17T00:24:35Z,104.0,Sense
2025-08-17T00:24:45Z,103.0,Sense
2025-08-17T00:24:50Z,112.0,Sense
2025-08-17T00:24:55Z,120.0,Sense
2025-08-17T00:25:00Z,121.0,Sense
2025-08-17T00:25:05Z,115.0,Sense
2025-08-17T00:25:20Z,116.0,Sense
2025-08-17T00:25:30Z,111.0,Sense
2025-08-17T00:25:35Z,105.0,Sense
2025-08-17T00:25:50Z,105.0,Sense
2025-08-17T00:25:55Z,100.0,Sense
2025-08-17T00:26:00Z,91.0,Sense
2025-08-17T00:26:05Z,92.0,Sense
2025-08-17T00:26:10Z,91.0,Sense
2025-08-17T00:26:15Z,112.0,Sense
2025-08-17T00:26:20Z,116.0,Sense
2025-08-17T00:26:25Z,115.0,Sense
2025-08-17T00:26:40Z,110.0,Sense
2025-08-17T00:26:45Z,106.0,Sense
2025-08-17T00:26:50Z,107.0,Sense
2025-08-17T00:26:55Z,106.0,Sense
2025-08-17T00:27:00Z,92.0,Sense
2025-08-17T00:27:05Z,84.0,Sense
2025-08-17T00:27:20Z,84.0,Sense
2025-08-17T00:27:30Z,82.0,Sense
2025-08-17T00:27:40Z,83.0,Sense
2025-08-17T00:27:50Z,84.0,Sense
2025-08-17T00:27:55Z,85.0,Sense
2025-08-17T00:28:00Z,85.0,Sense
2025-08-17T00:28:05Z,87.0,Sense
2025-08-17T00:28:10Z,90.0,Sense
2025-08-17T00:28:15Z,92.0,Sense
2025-08-17T00:28:20Z,93.0,Sense
2025-08-17T00:28:30Z,95.0,Sense
2025-08-17T00:28:35Z,96.0,Sense
2025-08-17T00:28:45Z,97.0,Sense
2025-08-17T00:28:50Z,98.0,Sense
2025-08-17T00:29:00Z,100.0,Sense
2025-08-17T00:29:05Z,104.0,Sense
2025-08-17T00:29:15Z,103.0,Sense
2025-08-17T00:29:20Z,103.0,Sense
2025-08-17T00:29:25Z,104.0,Sense
2025-08-17T00:29:30Z,105.0,Sense
2025-08-17T00:29:35Z,104.0,Sense
2025-08-17T00:29:50Z,104.0,Sense
2025-08-17T00:29:55Z,103.0,Sense
2025-08-17T00:30:00Z,104.0,Sense
2025-08-17T00:30:10Z,103.0,Sense
2025-08-17T00:30:20Z,104.0,Sense
2025-08-17T00:30:25Z,102.0,Sense
2025-08-17T00:30:30Z,93.0,Sense
2025-08-17T00:30:35Z,92.0,Sense
2025-08-17T00:30:40Z,93.0,Sense
2025-08-17T00:30:50Z,94.0,Sense
2025-08-17T00:30:55Z,94.0,Sense
2025-08-17T00:31:00Z,95.0,Sense
2025-08-17T00:31:05Z,104.0,Sense
2025-08-17T00:31:15Z,106.0,Sense
2025-08-17T00:31:20Z,111.0,Sense
2025-08-17T00:31:25Z,113.0,Sense
2025-08-17T00:31:30Z,111.0,Sense
2025-08-17T00:31:35Z,109.0,Sense
2025-08-17T00:31:40Z,108.0,Sense
2025-08-17T00:31:45Z,103.0,Sense
2025-08-17T00:31:50Z,99.0,Sense
2025-08-17T00:31:55Z,100.0,Sense
2025-08-17T00:32:00Z,101.0,Sense
2025-08-17T00:32:05Z,107.0,Sense
2025-08-17T00:32:15Z,105.0,Sense
2025-08-17T00:32:20Z,103.0,Sense
2025-08-17T00:32:30Z,102.0,Sense
2025-08-17T00:32:35Z,103.0,Sense
2025-08-17T00:32:40Z,104.0,Sense
2025-08-17T00:32:45Z,103.0,Sense
2025-08-17T00:32:50Z,104.0,Sense
2025-08-17T00:32:55Z,104.0,Sense
2025-08-17T00:33:05Z,105.0,Sense
2025-08-17T00:33:10Z,103.0,Sense
2025-08-17T00:33:15Z,101.0,Sense
2025-08-17T00:33:20Z,99.0,Sense
2025-08-17T00:33:25Z,94.0,Sense
2025-08-17T00:33:30Z,91.0,Sense
2025-08-17T00:33:35Z,92.0,Sense
2025-08-17T00:33:45Z,93.0,Sense
2025-08-17T00:33:50Z,94.0,Sense
2025-08-17T00:33:55Z,94.0,Sense
2025-08-17T00:34:05Z,96.0,Sense
2025-08-17T00:34:10Z,97.0,Sense
2025-08-17T00:34:15Z,96.0,Sense
2025-08-17T00:34:20Z,94.0,Sense
2025-08-17T00:34:25Z,95.0,Sense
2025-08-17T00:34:35Z,94.0,Sense
2025-08-17T00:34:40Z,94.0,Sense
2025-08-17T00:34:45Z,94.0,Sense
2025-08-17T00:34:50Z,93.0,Sense
2025-08-17T00:34:55Z,94.0,Sense
2025-08-17T00:35:10Z,94.0,Sense
2025-08-17T00:35:15Z,95.0,Sense
2025-08-17T00:35:20Z,97.0,Sense
2025-08-17T00:35:30Z,100.0,Sense
2025-08-17T00:35:40Z,104.0,Sense
2025-08-17T00:35:45Z,115.0,Sense
2025-08-17T00:35:50Z,113.0,Sense
2025-08-17T00:35:55Z,112.0,Sense
2025-08-17T00:36:00Z,113.0,Sense
2025-08-17T00:36:05Z,112.0,Sense
2025-08-17T00:36:10Z,109.0,Sense
2025-08-17T00:36:15Z,108.0,Sense
2025-08-17T00:36:20Z,106.0,Sense
2025-08-17T00:36:25Z,108.0,Sense
2025-08-17T00:36:30Z,107.0,Sense
2025-08-17T00:36:35Z,103.0,Sense
2025-08-17T00:36:40Z,99.0,Sense
2025-08-17T00:36:55Z,100.0,Sense
2025-08-17T00:37:00Z,99.0,Sense
2025-08-17T00:37:05Z,100.0,Sense
2025-08-17T00:37:20Z,102.0,Sense
2025-08-17T00:37:35Z,101.0,Sense
2025-08-17T00:37:40Z,100.0,Sense
2025-08-17T00:37:50Z,102.0,Sense
2025-08-17T00:37:55Z,101.0,Sense
2025-08-17T00:38:05Z,92.0,Sense
2025-08-17T00:38:10Z,90.0,Sense
2025-08-17T00:38:25Z,91.0,Sense
2025-08-17T00:38:35Z,92.0,Sense
2025-08-17T00:38:40Z,91.0,Sense
2025-08-17T00:38:50Z,92.0,Sense
2025-08-17T00:38:55Z,93.0,Sense
2025-08-17T00:39:00Z,101.0,Sense
2025-08-17T00:39:10Z,100.0,Sense
2025-08-17T00:39:15Z,99.0,Sense
2025-08-17T00:39:20Z,98.0,Sense
2025-08-17T00:39:25Z,98.0,Sense
2025-08-17T00:39:30Z,99.0,Sense
2025-08-17T00:39:45Z,100.0,Sense
2025-08-17T00:39:50Z,94.0,Sense
2025-08-17T00:39:55Z,90.0,Sense
2025-08-17T00:40:10Z,90.0,Sense
2025-08-17T00:40:15Z,89.0,Sense
2025-08-17T00:40:30Z,90.0,Sense
2025-08-17T00:40:35Z,91.0,Sense
2025-08-17T00:40:45Z,91.0,Sense
2025-08-17T00:40:55Z,92.0,Sense
2025-08-17T00:41:00Z,95.0,Sense
2025-08-17T00:41:05Z,96.0,Sense
2025-08-17T00:41:20Z,96.0,Sense
2025-08-17T00:41:25Z,95.0,Sense
2025-08-17T00:41:30Z,96.0,Sense
2025-08-17T00:41:35Z,97.0,Sense
2025-08-17T00:41:40Z,96.0,Sense
2025-08-17T00:41:45Z,97.0,Sense
2025-08-17T00:41:55Z,96.0,Sense
2025-08-17T00:42:05Z,97.0,Sense
2025-08-17T00:42:10Z,96.0,Sense
2025-08-17T00:42:25Z,96.0,Sense
2025-08-17T00:42:30Z,95.0,Sense
2025-08-17T00:42:35Z,103.0,Sense
2025-08-17T00:42:40Z,105.0,Sense
2025-08-17T00:42:45Z,104.0,Sense
2025-08-17T00:42:50Z,103.0,Sense
2025-08-17T00:43:00Z,102.0,Sense
2025-08-17T00:43:05Z,107.0,Sense
2025-08-17T00:43:15Z,104.0,Sense
2025-08-17T00:43:20Z,103.0,Sense
2025-08-17T00:43:25Z,102.0,Sense
2025-08-17T00:43:30Z,100.0,Sense
2025-08-17T00:43:35Z,99.0,Sense
2025-08-17T00:43:40Z,106.0,Sense
2025-08-17T00:43:45Z,107.0,Sense
2025-08-17T00:43:50Z,106.0,Sense
2025-08-17T00:43:55Z,105.0,Sense
2025-08-17T00:44:05Z,104.0,Sense
2025-08-17T00:44:10Z,92.0,Sense
2025-08-17T00:44:15Z,89.0,Sense
2025-08-17T00:44:20Z,91.0,Sense
2025-08-17T00:44:25Z,93.0,Sense
2025-08-17T00:44:30Z,95.0,Sense
2025-08-17T00:44:35Z,95.0,Sense
2025-08-17T00:44:50Z,96.0,Sense
2025-08-17T00:44:55Z,95.0,Sense
2025-08-17T00:45:05Z,96.0,Sense
2025-08-17T00:45:10Z,95.0,Sense
2025-08-17T00:45:15Z,96.0,Sense
2025-08-17T00:45:30Z,96.0,Sense
2025-08-17T00:45:40Z,97.0,Sense
2025-08-17T00:45:45Z,98.0,Sense
2025-08-17T00:45:50Z,99.0,Sense
2025-08-17T00:45:55Z,104.0,Sense
2025-08-17T00:46:05Z,102.0,Sense
2025-08-17T00:46:15Z,101.0,Sense
2025-08-17T00:46:20Z,103.0,Sense
2025-08-17T00:46:25Z,104.0,Sense
2025-08-17T00:46:35Z,102.0,Sense
2025-08-17T00:46:40Z,98.0,Sense
2025-08-17T00:46:45Z,100.0,Sense
2025-08-17T00:46:50Z,100.0,Sense
2025-08-17T00:47:00Z,91.0,Sense
2025-08-17T00:47:05Z,90.0,Sense
2025-08-17T00:47:10Z,89.0,Sense
2025-08-17T00:47:15Z,90.0,Sense
2025-08-17T00:47:20Z,91.0,Sense
2025-08-17T00:47:30Z,90.0,Sense
2025-08-17T00:47:35Z,88.0,Sense
2025-08-17T00:47:50Z,88.0,Sense
2025-08-17T00:48:05Z,89.0,Sense
2025-08-17T00:48:10Z,90.0,Sense
2025-08-17T00:48:15Z,91.0,Sense
2025-08-17T00:48:20Z,92.0,Sense
2025-08-17T00:48:25Z,93.0,Sense
2025-08-17T00:48:30Z,92.0,Sense
2025-08-17T00:48:45Z,92.0,Sense
2025-08-17T00:48:50Z,93.0,Sense
2025-08-17T00:48:55Z,94.0,Sense
2025-08-17T00:49:05Z,92.0,Sense
2025-08-17T00:49:10Z,87.0,Sense
2025-08-17T00:49:25Z,88.0,Sense
2025-08-17T00:49:30Z,100.0,Sense
2025-08-17T00:49:35Z,108.0,Sense
2025-08-17T00:49:40Z,100.0,Sense
2025-08-17T00:49:45Z,95.0,Sense
2025-08-17T00:49:50Z,96.0,Sense
2025-08-17T00:50:00Z,95.0,Sense
2025-08-17T00:50:05Z,93.0,Sense
2025-08-17T00:50:15Z,94.0,Sense
2025-08-17T00:50:20Z,93.0,Sense
2025-08-17T00:50:30Z,94.0,Sense
2025-08-17T00:50:35Z,106.0,Sense
2025-08-17T00:50:40Z,114.0,Sense
2025-08-17T00:50:50Z,113.0,Sense
2025-08-17T00:50:55Z,110.0,Sense
2025-08-17T00:51:00Z,107.0,Sense
2025-08-17T00:51:05Z,106.0,Sense
2025-08-17T00:51:10Z,108.0,Sense
2025-08-17T00:51:25Z,108.0,Sense
2025-08-17T00:51:30Z,107.0,Sense
2025-08-17T00:51:35Z,106.0,Sense
2025-08-17T00:51:40Z,105.0,Sense
2025-08-17T00:51:45Z,103.0,Sense
2025-08-17T00:51:50Z,102.0,Sense
2025-08-17T00:51:55Z,100.0,Sense
2025-08-17T00:52:00Z,102.0,Sense
2025-08-17T00:52:05Z,103.0,Sense
2025-08-17T00:52:15Z,102.0,Sense
2025-08-17T00:52:20Z,100.0,Sense
2025-08-17T00:52:25Z,99.0,Sense
2025-08-17T00:52:35Z,98.0,Sense
2025-08-17T00:52:40Z,99.0,Sense
2025-08-17T00:52:45Z,98.0,Sense
2025-08-17T00:52:55Z,97.0,Sense
2025-08-17T00:53:00Z,98.0,Sense
2025-08-17T00:53:05Z,99.0,Sense
2025-08-17T00:53:15Z,97.0,Sense
2025-08-17T00:53:20Z,97.0,Sense
2025-08-17T00:53:25Z,96.0,Sense
2025-08-17T00:53:30Z,95.0,Sense
2025-08-17T00:53:35Z,96.0,Sense
2025-08-17T00:53:40Z,95.0,Sense
2025-08-17T00:53:45Z,98.0,Sense
2025-08-17T00:53:50Z,99.0,Sense
2025-08-17T00:53:55Z,97.0,Sense
2025-08-17T00:54:00Z,95.0,Sense
2025-08-17T00:54:10Z,96.0,Sense
2025-08-17T00:54:20Z,97.0,Sense
2025-08-17T00:54:25Z,99.0,Sense
2025-08-17T00:54:30Z,101.0,Sense
2025-08-17T00:54:45Z,98.0,Sense
2025-08-17T00:54:50Z,96.0,Sense
2025-08-17T00:54:55Z,97.0,Sense
2025-08-17T00:55:05Z,98.0,Sense
2025-08-17T00:55:10Z,92.0,Sense
2025-08-17T00:55:15Z,90.0,Sense
2025-08-17T00:55:20Z,91.0,Sense
2025-08-17T00:55:30Z,92.0,Sense
2025-08-17T00:55:35Z,92.0,Sense
2025-08-17T00:55:40Z,93.0,Sense
2025-08-17T00:55:45Z,96.0,Sense
2025-08-17T00:56:00Z,100.0,Sense
2025-08-17T00:56:05Z,108.0,Sense
2025-08-17T00:56:20Z,107.0,Sense
2025-08-17T00:56:25Z,103.0,Sense
2025-08-17T00:56:30Z,105.0,Sense
2025-08-17T00:56:35Z,103.0,Sense
2025-08-17T00:56:40Z,100.0,Sense
2025-08-17T00:56:45Z,98.0,Sense
2025-08-17T00:56:50Z,96.0,Sense
2025-08-17T00:57:00Z,95.0,Sense
2025-08-17T00:57:10Z,96.0,Sense
2025-08-17T00:57:15Z,97.0,Sense
2025-08-17T00:57:20Z,106.0,Sense
2025-08-17T00:57:25Z,108.0,Sense
2025-08-17T00:57:35Z,109.0,Sense
2025-08-17T00:57:40Z,110.0,Sense
2025-08-17T00:57:45Z,109.0,Sense
2025-08-17T00:57:50Z,112.0,Sense
2025-08-17T00:57:55Z,108.0,Sense
2025-08-17T00:58:00Z,104.0,Sense
2025-08-17T00:58:05Z,102.0,Sense
2025-08-17T00:58:10Z,101.0,Sense
2025-08-17T00:58:20Z,102.0,Sense
2025-08-17T00:58:25Z,97.0,Sense
2025-08-17T00:58:30Z,88.0,Sense
2025-08-17T00:58:40Z,89.0,Sense
2025-08-17T00:58:50Z,90.0,Sense
2025-08-17T00:58:55Z,92.0,Sense
2025-08-17T00:59:00Z,93.0,Sense
2025-08-17T00:59:15Z,94.0,Sense
2025-08-17T00:59:20Z,95.0,Sense
2025-08-17T00:59:35Z,96.0,Sense
2025-08-17T00:59:40Z,104.0,Sense
2025-08-17T00:59:50Z,103.0,Sense
2025-08-17T01:00:00Z,101.0,Sense
2025-08-17T01:00:05Z,101.0,Sense
2025-08-17T01:00:10Z,98.0,Sense
2025-08-17T01:00:15Z,92.0,Sense
2025-08-17T01:00:25Z,93.0,Sense
2025-08-17T01:00:30Z,90.0,Sense
2025-08-17T01:00:40Z,91.0,Sense
2025-08-17T01:00:50Z,96.0,Sense
2025-08-17T01:00:55Z,101.0,Sense
2025-08-17T01:01:00Z,100.0,Sense
2025-08-17T01:01:05Z,99.0,Sense
2025-08-17T01:01:10Z,99.0,Sense
2025-08-17T01:01:15Z,100.0,Sense
2025-08-17T01:01:20Z,99.0,Sense
2025-08-17T01:01:30Z,100.0,Sense
2025-08-17T01:01:35Z,101.0,Sense
2025-08-17T01:01:45Z,100.0,Sense
2025-08-17T01:01:55Z,98.0,Sense
2025-08-17T01:02:00Z,97.0,Sense
2025-08-17T01:02:05Z,101.0,Sense
2025-08-17T01:02:10Z,104.0,Sense
2025-08-17T01:02:15Z,103.0,Sense
2025-08-17T01:02:20Z,102.0,Sense
2025-08-17T01:02:25Z,99.0,Sense
2025-08-17T01:02:30Z,98.0,Sense
2025-08-17T01:02:35Z,103.0,Sense
2025-08-17T01:02:40Z,110.0,Sense
2025-08-17T01:02:50Z,111.0,Sense
2025-08-17T01:03:00Z,110.0,Sense
2025-08-17T01:03:05Z,105.0,Sense
2025-08-17T01:03:15Z,104.0,Sense
2025-08-17T01:03:20Z,103.0,Sense
2025-08-17T01:03:25Z,105.0,Sense
2025-08-17T01:03:40Z,105.0,Sense
2025-08-17T01:03:45Z,107.0,Sense
2025-08-17T01:03:50Z,109.0,Sense
2025-08-17T01:04:00Z,108.0,Sense
2025-08-17T01:04:05Z,107.0,Sense
2025-08-17T01:04:10Z,107.0,Sense
2025-08-17T01:04:15Z,106.0,Sense
2025-08-17T01:04:25Z,107.0,Sense
2025-08-17T01:04:35Z,125.0,Sense
2025-08-17T01:04:40Z,124.0,Sense
2025-08-17T01:04:55Z,149.0,Sense
2025-08-17T01:05:10Z,147.0,Sense
2025-08-17T01:05:15Z,145.0,Sense
2025-08-17T01:05:20Z,139.0,Sense
2025-08-17T01:05:25Z,137.0,Sense
2025-08-17T01:05:30Z,139.0,Sense
2025-08-17T01:05:40Z,136.0,Sense
2025-08-17T01:05:45Z,130.0,Sense
2025-08-17T01:05:50Z,128.0,Sense
2025-08-17T01:05:55Z,123.0,Sense
2025-08-17T01:06:05Z,122.0,Sense
2025-08-17T01:06:15Z,118.0,Sense
2025-08-17T01:06:20Z,111.0,Sense
2025-08-17T01:06:25Z,107.0,Sense
2025-08-17T01:06:35Z,106.0,Sense
2025-08-17T01:06:40Z,108.0,Sense
2025-08-17T01:06:45Z,106.0,Sense
2025-08-17T01:06:50Z,120.0,Sense
2025-08-17T01:06:55Z,138.0,Sense
2025-08-17T01:07:00Z,153.0,Sense
2025-08-17T01:07:15Z,151.0,Sense
2025-08-17T01:07:20Z,147.0,Sense
2025-08-17T01:07:25Z,143.0,Sense
2025-08-17T01:07:30Z,147.0,Sense
2025-08-17T01:07:35Z,151.0,Sense
2025-08-17T01:07:40Z,152.0,Sense
2025-08-17T01:07:45Z,148.0,Sense
2025-08-17T01:07:50Z,142.0,Sense
2025-08-17T01:07:55Z,140.0,Sense
2025-08-17T01:08:05Z,137.0,Sense
2025-08-17T01:08:10Z,140.0,Sense
2025-08-17T01:08:15Z,137.0,Sense
2025-08-17T01:08:20Z,131.0,Sense
2025-08-17T01:08:25Z,126.0,Sense
2025-08-17T01:08:30Z,129.0,Sense
2025-08-17T01:08:35Z,131.0,Sense
2025-08-17T01:08:45Z,130.0,Sense
2025-08-17T01:08:50Z,129.0,Sense
2025-08-17T01:08:55Z,127.0,Sense
2025-08-17T01:09:00Z,126.0,Sense
2025-08-17T01:09:05Z,125.0,Sense
2025-08-17T01:09:15Z,123.0,Sense
2025-08-17T01:09:20Z,124.0,Sense
2025-08-17T01:09:25Z,123.0,Sense
2025-08-17T01:09:30Z,121.0,Sense
2025-08-17T01:09:35Z,124.0,Sense
2025-08-17T01:09:40Z,130.0,Sense
2025-08-17T01:09:45Z,125.0,Sense
2025-08-17T01:09:50Z,126.0,Sense
2025-08-17T01:09:55Z,120.0,Sense
2025-08-17T01:10:00Z,112.0,Sense
2025-08-17T01:10:05Z,104.0,Sense
2025-08-17T01:10:10Z,103.0,Sense
2025-08-17T01:10:15Z,102.0,Sense
2025-08-17T01:10:20Z,101.0,Sense
2025-08-17T01:10:25Z,94.0,Sense
2025-08-17T01:10:30Z,88.0,Sense
2025-08-17T01:10:40Z,90.0,Sense
2025-08-17T01:10:45Z,91.0,Sense
2025-08-17T01:10:50Z,90.0,Sense
2025-08-17T01:10:55Z,86.0,Sense
2025-08-17T01:11:10Z,88.0,Sense
2025-08-17T01:11:15Z,91.0,Sense
2025-08-17T01:11:20Z,92.0,Sense
2025-08-17T01:11:25Z,93.0,Sense
2025-08-17T01:11:30Z,94.0,Sense
2025-08-17T01:11:45Z,95.0,Sense
2025-08-17T01:11:50Z,102.0,Sense
2025-08-17T01:12:00Z,103.0,Sense
2025-08-17T01:12:10Z,100.0,Sense
2025-08-17T01:12:15Z,104.0,Sense
2025-08-17T01:12:20Z,111.0,Sense
2025-08-17T01:12:25Z,109.0,Sense
2025-08-17T01:12:35Z,110.0,Sense
2025-08-17T01:12:40Z,123.0,Sense
2025-08-17T01:12:45Z,124.0,Sense
2025-08-17T01:12:55Z,128.0,Sense
2025-08-17T01:13:00Z,132.0,Sense
2025-08-17T01:13:10Z,129.0,Sense
2025-08-17T01:13:15Z,131.0,Sense
2025-08-17T01:13:20Z,135.0,Sense
2025-08-17T01:13:25Z,134.0,Sense
2025-08-17T01:13:30Z,133.0,Sense
2025-08-17T01:13:35Z,131.0,Sense
2025-08-17T01:13:40Z,128.0,Sense
2025-08-17T01:13:55Z,128.0,Sense
2025-08-17T01:14:05Z,128.0,Sense
2025-08-17T01:14:10Z,124.0,Sense
2025-08-17T01:14:15Z,117.0,Sense
2025-08-17T01:14:20Z,116.0,Sense
2025-08-17T01:14:25Z,115.0,Sense
2025-08-17T01:14:30Z,110.0,Sense
2025-08-17T01:14:35Z,104.0,Sense
2025-08-17T01:14:40Z,130.0,Sense
2025-08-17T01:14:45Z,136.0,Sense
2025-08-17T01:14:50Z,131.0,Sense
2025-08-17T01:14:55Z,116.0,Sense
2025-08-17T01:15:00Z,115.0,Sense
2025-08-17T01:15:05Z,114.0,Sense
2025-08-17T01:15:10Z,115.0,Sense
2025-08-17T01:15:15Z,117.0,Sense
2025-08-17T01:15:20Z,112.0,Sense
2025-08-17T01:15:25Z,107.0,Sense
2025-08-17T01:15:30Z,102.0,Sense
2025-08-17T01:15:35Z,106.0,Sense
2025-08-17T01:15:40Z,108.0,Sense
2025-08-17T01:15:45Z,107.0,Sense
2025-08-17T01:15:50Z,104.0,Sense
2025-08-17T01:16:05Z,103.0,Sense
2025-08-17T01:16:10Z,100.0,Sense
2025-08-17T01:16:20Z,95.0,Sense
2025-08-17T01:16:25Z,88.0,Sense
2025-08-17T01:16:30Z,73.0,Sense
2025-08-17T01:16:45Z,80.0,Sense
2025-08-17T01:16:50Z,87.0,Sense
2025-08-17T01:16:55Z,90.0,Sense
2025-08-17T01:17:00Z,93.0,Sense
2025-08-17T01:17:05Z,81.0,Sense
2025-08-17T01:17:15Z,84.0,Sense
2025-08-17T01:17:20Z,86.0,Sense
2025-08-17T01:17:25Z,88.0,Sense
2025-08-17T01:17:30Z,89.0,Sense
2025-08-17T01:17:35Z,90.0,Sense
2025-08-17T01:17:40Z,91.0,Sense
2025-08-17T01:17:45Z,90.0,Sense
2025-08-17T01:17:50Z,89.0,Sense
2025-08-17T01:17:55Z,90.0,Sense
2025-08-17T01:18:00Z,91.0,Sense
2025-08-17T01:18:05Z,92.0,Sense
2025-08-17T01:18:10Z,92.0,Sense
2025-08-17T01:18:15Z,94.0,Sense
2025-08-17T01:18:20Z,95.0,Sense
2025-08-17T01:18:25Z,94.0,Sense
2025-08-17T01:18:30Z,95.0,Sense
2025-08-17T01:18:35Z,99.0,Sense
2025-08-17T01:18:40Z,100.0,Sense
2025-08-17T01:18:50Z,99.0,Sense
2025-08-17T01:19:05Z,103.0,Sense
2025-08-17T01:19:10Z,104.0,Sense
2025-08-17T01:19:20Z,105.0,Sense
2025-08-17T01:19:30Z,104.0,Sense
2025-08-17T01:19:35Z,103.0,Sense
2025-08-17T01:19:40Z,101.0,Sense
2025-08-17T01:19:45Z,99.0,Sense
2025-08-17T01:19:50Z,100.0,Sense
2025-08-17T01:19:55Z,100.0,Sense
2025-08-17T01:20:00Z,101.0,Sense
2025-08-17T01:20:05Z,100.0,Sense
2025-08-17T01:20:10Z,99.0,Sense
2025-08-17T01:20:15Z,99.0,Sense
2025-08-17T01:20:25Z,100.0,Sense
2025-08-17T01:20:30Z,104.0,Sense
2025-08-17T01:20:35Z,111.0,Sense
2025-08-17T01:20:40Z,116.0,Sense
2025-08-17T01:20:45Z,115.0,Sense
2025-08-17T01:20:50Z,114.0,Sense
2025-08-17T01:20:55Z,116.0,Sense
2025-08-17T01:21:05Z,113.0,Sense
2025-08-17T01:21:15Z,111.0,Sense
2025-08-17T01:21:30Z,111.0,Sense
2025-08-17T01:21:35Z,109.0,Sense
2025-08-17T01:21:40Z,93.0,Sense
2025-08-17T01:21:45Z,89.0,Sense
2025-08-17T01:21:55Z,90.0,Sense
2025-08-17T01:22:10Z,91.0,Sense
2025-08-17T01:22:25Z,91.0,Sense
2025-08-17T01:22:40Z,93.0,Sense
2025-08-17T01:22:45Z,95.0,Sense
2025-08-17T01:22:55Z,93.0,Sense
2025-08-17T01:23:00Z,91.0,Sense
2025-08-17T01:23:05Z,91.0,Sense
2025-08-17T01:23:15Z,92.0,Sense
2025-08-17T01:23:30Z,94.0,Sense
2025-08-17T01:23:35Z,95.0,Sense
2025-08-17T01:23:40Z,96.0,Sense
2025-08-17T01:23:45Z,96.0,Sense
2025-08-17T01:24:00Z,95.0,Sense
2025-08-17T01:24:05Z,95.0,Sense
2025-08-17T01:24:20Z,94.0,Sense
2025-08-17T01:24:25Z,96.0,Sense
2025-08-17T01:24:30Z,98.0,Sense
2025-08-17T01:24:35Z,99.0,Sense
2025-08-17T01:24:40Z,100.0,Sense
2025-08-17T01:24:45Z,101.0,Sense
2025-08-17T01:24:55Z,100.0,Sense
2025-08-17T01:25:00Z,101.0,Sense
2025-08-17T01:25:10Z,100.0,Sense
2025-08-17T01:25:15Z,99.0,Sense
2025-08-17T01:25:30Z,99.0,Sense
2025-08-17T01:25:35Z,97.0,Sense
2025-08-17T01:25:40Z,96.0,Sense
2025-08-17T01:25:45Z,94.0,Sense
2025-08-17T01:25:50Z,93.0,Sense
2025-08-17T01:25:55Z,94.0,Sense
2025-08-17T01:26:00Z,95.0,Sense
2025-08-17T01:26:15Z,95.0,Sense
2025-08-17T01:26:20Z,99.0,Sense
2025-08-17T01:26:25Z,103.0,Sense
2025-08-17T01:26:30Z,102.0,Sense
2025-08-17T01:26:35Z,101.0,Sense
2025-08-17T01:26:40Z,91.0,Sense
2025-08-17T01:26:45Z,92.0,Sense
2025-08-17T01:26:50Z,94.0,Sense
2025-08-17T01:27:05Z,94.0,Sense
2025-08-17T01:27:10Z,94.0,Sense
2025-08-17T01:27:25Z,96.0,Sense
2025-08-17T01:27:30Z,97.0,Sense
2025-08-17T01:27:35Z,96.0,Sense
2025-08-17T01:27:45Z,98.0,Sense
2025-08-17T01:27:55Z,99.0,Sense
2025-08-17T01:28:00Z,100.0,Sense
2025-08-17T01:28:05Z,101.0,Sense
2025-08-17T01:28:10Z,103.0,Sense
2025-08-17T01:28:15Z,104.0,Sense
2025-08-17T01:28:20Z,108.0,Sense
2025-08-17T01:28:25Z,109.0,Sense
2025-08-17T01:28:30Z,110.0,Sense
2025-08-17T01:28:35Z,109.0,Sense
2025-08-17T01:28:40Z,107.0,Sense
2025-08-17T01:28:45Z,106.0,Sense
2025-08-17T01:28:50Z,107.0,Sense
2025-08-17T01:28:55Z,108.0,Sense
2025-08-17T01:29:05Z,109.0,Sense
2025-08-17T01:29:10Z,106.0,Sense
2025-08-17T01:29:15Z,103.0,Sense
2025-08-17T01:29:20Z,101.0,Sense
2025-08-17T01:29:25Z,103.0,Sense
2025-08-17T01:29:30Z,107.0,Sense
2025-08-17T01:29:35Z,105.0,Sense
2025-08-17T01:29:40Z,102.0,Sense
2025-08-17T01:29:45Z,100.0,Sense
2025-08-17T01:29:50Z,110.0,Sense
2025-08-17T01:29:55Z,111.0,Sense
2025-08-17T01:30:00Z,112.0,Sense
2025-08-17T01:30:05Z,115.0,Sense
2025-08-17T01:30:10Z,125.0,Sense
2025-08-17T01:30:15Z,124.0,Sense
2025-08-17T01:30:20Z,120.0,Sense
2025-08-17T01:30:35Z,117.0,Sense
2025-08-17T01:30:40Z,114.0,Sense
2025-08-17T01:30:45Z,112.0,Sense
2025-08-17T01:30:50Z,110.0,Sense
2025-08-17T01:30:55Z,108.0,Sense
2025-08-17T01:31:05Z,106.0,Sense
2025-08-17T01:31:10Z,104.0,Sense
2025-08-17T01:31:20Z,103.0,Sense
2025-08-17T01:31:25Z,101.0,Sense
2025-08-17T01:31:40Z,99.0,Sense
2025-08-17T01:31:45Z,99.0,Sense
2025-08-17T01:31:50Z,100.0,Sense
2025-08-17T01:31:55Z,104.0,Sense
2025-08-17T01:32:05Z,110.0,Sense
2025-08-17T01:32:10Z,110.0,Sense
2025-08-17T01:32:20Z,111.0,Sense
2025-08-17T01:32:30Z,110.0,Sense
2025-08-17T01:32:35Z,107.0,Sense
2025-08-17T01:32:40Z,104.0,Sense
2025-08-17T01:32:45Z,100.0,Sense
2025-08-17T01:32:50Z,99.0,Sense
2025-08-17T01:33:00Z,100.0,Sense
2025-08-17T01:33:05Z,102.0,Sense
2025-08-17T01:33:20Z,103.0,Sense
2025-08-17T01:33:30Z,102.0,Sense
2025-08-17T01:33:35Z,101.0,Sense
2025-08-17T01:33:40Z,102.0,Sense
2025-08-17T01:33:45Z,101.0,Sense
2025-08-17T01:33:50Z,97.0,Sense
2025-08-17T01:33:55Z,96.0,Sense
2025-08-17T01:34:00Z,95.0,Sense
2025-08-17T01:34:15Z,95.0,Sense
2025-08-17T01:34:20Z,94.0,Sense
2025-08-17T01:34:30Z,94.0,Sense
2025-08-17T01:34:35Z,95.0,Sense
2025-08-17T01:34:40Z,96.0,Sense
2025-08-17T01:34:45Z,97.0,Sense
2025-08-17T01:34:50Z,96.0,Sense
2025-08-17T01:34:55Z,97.0,Sense
2025-08-17T01:35:05Z,98.0,Sense
2025-08-17T01:35:10Z,99.0,Sense
2025-08-17T01:35:20Z,98.0,Sense
2025-08-17T01:35:35Z,99.0,Sense
2025-08-17T01:35:40Z,98.0,Sense
2025-08-17T01:35:55Z,98.0,Sense
2025-08-17T01:36:00Z,97.0,Sense
2025-08-17T01:36:10Z,87.0,Sense
2025-08-17T01:36:20Z,88.0,Sense
2025-08-17T01:36:30Z,89.0,Sense
2025-08-17T01:36:35Z,89.0,Sense
2025-08-17T01:36:40Z,90.0,Sense
2025-08-17T01:36:45Z,91.0,Sense
2025-08-17T01:36:55Z,92.0,Sense
2025-08-17T01:37:05Z,94.0,Sense
2025-08-17T01:37:10Z,93.0,Sense
2025-08-17T01:37:25Z,94.0,Sense
2025-08-17T01:37:40Z,97.0,Sense
2025-08-17T01:37:50Z,96.0,Sense
2025-08-17T01:37:55Z,94.0,Sense
2025-08-17T01:38:00Z,90.0,Sense
2025-08-17T01:38:10Z,91.0,Sense
2025-08-17T01:38:25Z,91.0,Sense
2025-08-17T01:38:30Z,97.0,Sense
2025-08-17T01:38:35Z,100.0,Sense
2025-08-17T01:38:50Z,101.0,Sense
2025-08-17T01:38:55Z,100.0,Sense
2025-08-17T01:39:05Z,95.0,Sense
2025-08-17T01:39:20Z,94.0,Sense
2025-08-17T01:39:35Z,96.0,Sense
2025-08-17T01:39:40Z,97.0,Sense
2025-08-17T01:39:55Z,98.0,Sense
2025-08-17T01:40:05Z,99.0,Sense
2025-08-17T01:40:20Z,100.0,Sense
2025-08-17T01:40:25Z,101.0,Sense
2025-08-17T01:40:30Z,100.0,Sense
2025-08-17T01:40:40Z,98.0,Sense
2025-08-17T01:40:45Z,97.0,Sense
2025-08-17T01:40:50Z,96.0,Sense
2025-08-17T01:40:55Z,95.0,Sense
2025-08-17T01:41:00Z,97.0,Sense
2025-08-17T01:41:10Z,98.0,Sense
2025-08-17T01:41:15Z,99.0,Sense
2025-08-17T01:41:25Z,100.0,Sense
2025-08-17T01:41:30Z,99.0,Sense
2025-08-17T01:41:45Z,98.0,Sense
2025-08-17T01:41:55Z,100.0,Sense
2025-08-17T01:42:00Z,106.0,Sense
2025-08-17T01:42:05Z,105.0,Sense
2025-08-17T01:42:10Z,106.0,Sense
2025-08-17T01:42:15Z,102.0,Sense
2025-08-17T01:42:20Z,103.0,Sense
2025-08-17T01:42:25Z,101.0,Sense
2025-08-17T01:42:35Z,100.0,Sense
2025-08-17T01:42:45Z,102.0,Sense
2025-08-17T01:42:50Z,101.0,Sense
2025-08-17T01:43:00Z,102.0,Sense
2025-08-17T01:43:05Z,104.0,Sense
2025-08-17T01:43:10Z,100.0,Sense
2025-08-17T01:43:15Z,93.0,Sense
2025-08-17T01:43:25Z,94.0,Sense
2025-08-17T01:43:35Z,95.0,Sense
2025-08-17T01:43:40Z,96.0,Sense
2025-08-17T01:43:45Z,97.0,Sense
2025-08-17T01:43:55Z,96.0,Sense
2025-08-17T01:44:00Z,97.0,Sense
2025-08-17T01:44:05Z,98.0,Sense
2025-08-17T01:44:10Z,99.0,Sense
2025-08-17T01:44:25Z,98.0,Sense
2025-08-17T01:44:30Z,99.0,Sense
2025-08-17T01:44:40Z,98.0,Sense
2025-08-17T01:44:45Z,97.0,Sense
2025-08-17T01:44:50Z,96.0,Sense
2025-08-17T01:44:55Z,97.0,Sense
2025-08-17T01:45:00Z,99.0,Sense
2025-08-17T01:45:05Z,100.0,Sense
2025-08-17T01:45:10Z,99.0,Sense
2025-08-17T01:45:25Z,99.0,Sense
2025-08-17T01:45:30Z,100.0,Sense
2025-08-17T01:45:35Z,99.0,Sense
2025-08-17T01:45:40Z,98.0,Sense
2025-08-17T01:45:55Z,99.0,Sense
2025-08-17T01:46:00Z,103.0,Sense
2025-08-17T01:46:05Z,106.0,Sense
2025-08-17T01:46:10Z,105.0,Sense
2025-08-17T01:46:15Z,104.0,Sense
2025-08-17T01:46:21Z,103.0,Sense
2025-08-17T01:46:31Z,104.0,Sense
2025-08-17T01:46:36Z,103.0,Sense
2025-08-17T01:46:46Z,104.0,Sense
2025-08-17T01:46:51Z,109.0,Sense
2025-08-17T01:46:56Z,108.0,Sense
2025-08-17T01:47:01Z,107.0,Sense
2025-08-17T01:47:11Z,108.0,Sense
2025-08-17T01:47:21Z,106.0,Sense
2025-08-17T01:47:26Z,105.0,Sense
2025-08-17T01:47:31Z,104.0,Sense
2025-08-17T01:47:36Z,103.0,Sense
2025-08-17T01:47:41Z,101.0,Sense
2025-08-17T01:47:46Z,99.0,Sense
2025-08-17T01:47:51Z,97.0,Sense
2025-08-17T01:47:56Z,96.0,Sense
2025-08-17T01:48:11Z,106.0,Sense
2025-08-17T01:48:16Z,111.0,Sense
2025-08-17T01:48:21Z,110.0,Sense
2025-08-17T01:48:26Z,106.0,Sense
2025-08-17T01:48:31Z,96.0,Sense
2025-08-17T01:48:41Z,98.0,Sense
2025-08-17T01:48:46Z,99.0,Sense
2025-08-17T01:48:51Z,99.0,Sense
2025-08-17T01:48:56Z,98.0,Sense
2025-08-17T01:49:01Z,99.0,Sense
2025-08-17T01:49:06Z,101.0,Sense
2025-08-17T01:49:16Z,103.0,Sense
2025-08-17T01:49:21Z,104.0,Sense
2025-08-17T01:49:26Z,105.0,Sense
2025-08-17T01:49:31Z,104.0,Sense
2025-08-17T01:49:46Z,105.0,Sense
2025-08-17T01:49:51Z,106.0,Sense
2025-08-17T01:50:01Z,107.0,Sense
2025-08-17T01:50:11Z,106.0,Sense
2025-08-17T01:50:21Z,110.0,Sense
2025-08-17T01:50:26Z,117.0,Sense
2025-08-17T01:50:31Z,116.0,Sense
2025-08-17T01:50:36Z,106.0,Sense
2025-08-17T01:50:41Z,103.0,Sense
2025-08-17T01:50:51Z,104.0,Sense
2025-08-17T01:50:56Z,105.0,Sense
2025-08-17T01:51:06Z,106.0,Sense
2025-08-17T01:51:21Z,104.0,Sense
2025-08-17T01:51:26Z,109.0,Sense
2025-08-17T01:51:31Z,111.0,Sense
2025-08-17T01:51:36Z,112.0,Sense
2025-08-17T01:51:41Z,113.0,Sense
2025-08-17T01:51:46Z,111.0,Sense
2025-08-17T01:51:51Z,110.0,Sense
2025-08-17T01:51:56Z,109.0,Sense
2025-08-17T01:52:01Z,106.0,Sense
2025-08-17T01:52:06Z,104.0,Sense
2025-08-17T01:52:11Z,103.0,Sense
2025-08-17T01:52:16Z,102.0,Sense
2025-08-17T01:52:26Z,100.0,Sense
2025-08-17T01:52:31Z,101.0,Sense
2025-08-17T01:52:36Z,102.0,Sense
2025-08-17T01:52:41Z,100.0,Sense
2025-08-17T01:52:51Z,99.0,Sense
2025-08-17T01:52:56Z,98.0,Sense
2025-08-17T01:53:01Z,99.0,Sense
2025-08-17T01:53:06Z,100.0,Sense
2025-08-17T01:53:11Z,97.0,Sense
2025-08-17T01:53:21Z,96.0,Sense
2025-08-17T01:53:26Z,92.0,Sense
2025-08-17T01:53:31Z,89.0,Sense
2025-08-17T01:53:46Z,89.0,Sense
2025-08-17T01:53:51Z,90.0,Sense
2025-08-17T01:53:56Z,91.0,Sense
2025-08-17T01:54:01Z,92.0,Sense
2025-08-17T01:54:06Z,92.0,Sense
2025-08-17T01:54:11Z,109.0,Sense
2025-08-17T01:54:16Z,119.0,Sense
2025-08-17T01:54:21Z,120.0,Sense
2025-08-17T01:54:26Z,121.0,Sense
2025-08-17T01:54:31Z,121.0,Sense
2025-08-17T01:54:36Z,120.0,Sense
2025-08-17T01:54:41Z,119.0,Sense
2025-08-17T01:54:51Z,118.0,Sense
2025-08-17T01:54:56Z,114.0,Sense
2025-08-17T01:55:01Z,112.0,Sense
2025-08-17T01:55:06Z,111.0,Sense
2025-08-17T01:55:11Z,111.0,Sense
2025-08-17T01:55:16Z,110.0,Sense
2025-08-17T01:55:21Z,109.0,Sense
2025-08-17T01:55:26Z,110.0,Sense
2025-08-17T01:55:31Z,103.0,Sense
2025-08-17T01:55:36Z,99.0,Sense
2025-08-17T01:55:46Z,98.0,Sense
2025-08-17T01:55:51Z,97.0,Sense
2025-08-17T01:55:56Z,96.0,Sense
2025-08-17T01:56:01Z,95.0,Sense
2025-08-17T01:56:06Z,92.0,Sense
2025-08-17T01:56:11Z,91.0,Sense
2025-08-17T01:56:26Z,91.0,Sense
2025-08-17T01:56:31Z,92.0,Sense
2025-08-17T01:56:36Z,93.0,Sense
2025-08-17T01:56:46Z,93.0,Sense
2025-08-17T01:57:01Z,93.0,Sense
2025-08-17T01:57:06Z,94.0,Sense
2025-08-17T01:57:11Z,100.0,Sense
2025-08-17T01:57:16Z,100.0,Sense
2025-08-17T01:57:31Z,99.0,Sense
2025-08-17T01:57:36Z,92.0,Sense
2025-08-17T01:57:41Z,89.0,Sense
2025-08-17T01:57:46Z,90.0,Sense
2025-08-17T01:57:51Z,93.0,Sense
2025-08-17T01:57:56Z,92.0,Sense
2025-08-17T01:58:01Z,93.0,Sense
2025-08-17T01:58:06Z,94.0,Sense
2025-08-17T01:58:16Z,94.0,Sense
2025-08-17T01:58:26Z,95.0,Sense
2025-08-17T01:58:31Z,94.0,Sense
2025-08-17T01:58:36Z,96.0,Sense
2025-08-17T01:58:46Z,98.0,Sense
2025-08-17T01:58:51Z,97.0,Sense
2025-08-17T01:58:56Z,90.0,Sense
2025-08-17T01:59:06Z,91.0,Sense
2025-08-17T01:59:16Z,92.0,Sense
2025-08-17T01:59:21Z,92.0,Sense
2025-08-17T01:59:31Z,93.0,Sense
2025-08-17T01:59:46Z,94.0,Sense
2025-08-17T01:59:51Z,95.0,Sense
2025-08-17T02:00:01Z,96.0,Sense
2025-08-17T02:00:06Z,98.0,Sense
2025-08-17T02:00:16Z,99.0,Sense
2025-08-17T02:00:21Z,98.0,Sense
2025-08-17T02:00:26Z,97.0,Sense
2025-08-17T02:00:31Z,97.0,Sense
2025-08-17T02:00:36Z,95.0,Sense
2025-08-17T02:00:41Z,92.0,Sense
2025-08-17T02:00:56Z,92.0,Sense
2025-08-17T02:01:01Z,92.0,Sense
2025-08-17T02:01:11Z,93.0,Sense
2025-08-17T02:01:16Z,92.0,Sense
2025-08-17T02:01:26Z,97.0,Sense
2025-08-17T02:01:31Z,98.0,Sense
2025-08-17T02:01:36Z,95.0,Sense
2025-08-17T02:01:46Z,96.0,Sense
2025-08-17T02:01:51Z,97.0,Sense
2025-08-17T02:01:56Z,96.0,Sense
2025-08-17T02:02:06Z,103.0,Sense
2025-08-17T02:02:11Z,109.0,Sense
2025-08-17T02:02:16Z,108.0,Sense
2025-08-17T02:02:26Z,110.0,Sense
2025-08-17T02:02:31Z,108.0,Sense
2025-08-17T02:02:36Z,120.0,Sense
2025-08-17T02:02:41Z,129.0,Sense
2025-08-17T02:02:46Z,128.0,Sense
2025-08-17T02:02:51Z,126.0,Sense
2025-08-17T02:02:56Z,123.0,Sense
2025-08-17T02:03:01Z,119.0,Sense
2025-08-17T02:03:06Z,113.0,Sense
2025-08-17T02:03:11Z,100.0,Sense
2025-08-17T02:03:16Z,96.0,Sense
2025-08-17T02:03:21Z,95.0,Sense
2025-08-17T02:03:26Z,94.0,Sense
2025-08-17T02:03:41Z,93.0,Sense
2025-08-17T02:03:46Z,85.0,Sense
2025-08-17T02:03:51Z,83.0,Sense
2025-08-17T02:04:06Z,82.0,Sense
2025-08-17T02:04:11Z,81.0,Sense
2025-08-17T02:04:16Z,82.0,Sense
2025-08-17T02:04:21Z,91.0,Sense
2025-08-17T02:04:26Z,92.0,Sense
2025-08-17T02:04:31Z,93.0,Sense
2025-08-17T02:04:36Z,94.0,Sense
2025-08-17T02:04:41Z,95.0,Sense
2025-08-17T02:04:46Z,93.0,Sense
2025-08-17T02:04:51Z,94.0,Sense
2025-08-17T02:04:56Z,95.0,Sense
2025-08-17T02:05:11Z,95.0,Sense
2025-08-17T02:05:16Z,97.0,Sense
2025-08-17T02:05:26Z,96.0,Sense
2025-08-17T02:05:36Z,98.0,Sense
2025-08-17T02:05:41Z,97.0,Sense
2025-08-17T02:05:46Z,95.0,Sense
2025-08-17T02:06:01Z,95.0,Sense
2025-08-17T02:06:06Z,94.0,Sense
2025-08-17T02:06:11Z,94.0,Sense
2025-08-17T02:06:16Z,93.0,Sense
2025-08-17T02:06:21Z,91.0,Sense
2025-08-17T02:06:26Z,91.0,Sense
2025-08-17T02:06:41Z,91.0,Sense
2025-08-17T02:06:46Z,92.0,Sense
2025-08-17T02:06:51Z,93.0,Sense
2025-08-17T02:06:56Z,93.0,Sense
2025-08-17T02:07:01Z,90.0,Sense
2025-08-17T02:07:06Z,89.0,Sense
2025-08-17T02:07:11Z,92.0,Sense
2025-08-17T02:07:16Z,93.0,Sense
2025-08-17T02:07:31Z,93.0,Sense
2025-08-17T02:07:36Z,93.0,Sense
2025-08-17T02:07:46Z,95.0,Sense
2025-08-17T02:07:56Z,93.0,Sense
2025-08-17T02:08:01Z,90.0,Sense
2025-08-17T02:08:16Z,91.0,Sense
2025-08-17T02:08:21Z,93.0,Sense
2025-08-17T02:08:26Z,106.0,Sense
2025-08-17T02:08:31Z,105.0,Sense
2025-08-17T02:08:36Z,104.0,Sense
2025-08-17T02:08:41Z,105.0,Sense
2025-08-17T02:08:46Z,104.0,Sense
2025-08-17T02:08:51Z,100.0,Sense
2025-08-17T02:08:56Z,95.0,Sense
2025-08-17T02:09:01Z,105.0,Sense
2025-08-17T02:09:06Z,108.0,Sense
2025-08-17T02:09:11Z,106.0,Sense
2025-08-17T02:09:16Z,105.0,Sense
2025-08-17T02:09:21Z,99.0,Sense
2025-08-17T02:09:26Z,96.0,Sense
2025-08-17T02:09:36Z,97.0,Sense
2025-08-17T02:09:51Z,98.0,Sense
2025-08-17T02:09:56Z,100.0,Sense
2025-08-17T02:10:06Z,100.0,Sense
2025-08-17T02:10:11Z,100.0,Sense
2025-08-17T02:10:21Z,99.0,Sense
2025-08-17T02:10:26Z,98.0,Sense
2025-08-17T02:10:31Z,96.0,Sense
2025-08-17T02:10:36Z,97.0,Sense
2025-08-17T02:10:41Z,98.0,Sense
2025-08-17T02:10:46Z,98.0,Sense
2025-08-17T02:10:51Z,100.0,Sense
2025-08-17T02:10:56Z,99.0,Sense
2025-08-17T02:11:11Z,99.0,Sense
2025-08-17T02:11:16Z,100.0,Sense
2025-08-17T02:11:21Z,102.0,Sense
2025-08-17T02:11:36Z,102.0,Sense
2025-08-17T02:11:41Z,94.0,Sense
2025-08-17T02:11:46Z,92.0,Sense
2025-08-17T02:11:51Z,93.0,Sense
2025-08-17T02:12:06Z,94.0,Sense
2025-08-17T02:12:11Z,94.0,Sense
2025-08-17T02:12:16Z,93.0,Sense
2025-08-17T02:12:21Z,92.0,Sense
2025-08-17T02:12:31Z,92.0,Sense
2025-08-17T02:12:46Z,93.0,Sense
2025-08-17T02:12:56Z,94.0,Sense
2025-08-17T02:13:11Z,94.0,Sense
2025-08-17T02:13:21Z,93.0,Sense
2025-08-17T02:13:26Z,92.0,Sense
2025-08-17T02:13:31Z,93.0,Sense
2025-08-17T02:13:41Z,94.0,Sense
2025-08-17T02:13:46Z,94.0,Sense
2025-08-17T02:13:56Z,96.0,Sense
2025-08-17T02:14:11Z,96.0,Sense
2025-08-17T02:14:16Z,97.0,Sense
2025-08-17T02:14:31Z,98.0,Sense
2025-08-17T02:14:41Z,99.0,Sense
2025-08-17T02:14:46Z,98.0,Sense
2025-08-17T02:14:56Z,97.0,Sense
2025-08-17T02:15:06Z,98.0,Sense
2025-08-17T02:15:11Z,97.0,Sense
2025-08-17T02:15:26Z,97.0,Sense
2025-08-17T02:15:31Z,98.0,Sense
2025-08-17T02:15:41Z,93.0,Sense
2025-08-17T02:15:56Z,94.0,Sense
2025-08-17T02:16:01Z,95.0,Sense
2025-08-17T02:16:06Z,94.0,Sense
2025-08-17T02:16:11Z,95.0,Sense
2025-08-17T02:16:16Z,95.0,Sense
2025-08-17T02:16:21Z,96.0,Sense
2025-08-17T02:16:26Z,97.0,Sense
2025-08-17T02:16:36Z,92.0,Sense
2025-08-17T02:16:51Z,92.0,Sense
2025-08-17T02:16:56Z,93.0,Sense
2025-08-17T02:17:11Z,93.0,Sense
2025-08-17T02:17:26Z,94.0,Sense
2025-08-17T02:17:31Z,96.0,Sense
2025-08-17T02:17:36Z,95.0,Sense
2025-08-17T02:17:41Z,96.0,Sense
2025-08-17T02:17:56Z,95.0,Sense
2025-08-17T02:18:01Z,94.0,Sense
2025-08-17T02:18:06Z,95.0,Sense
2025-08-17T02:18:11Z,92.0,Sense
2025-08-17T02:18:16Z,90.0,Sense
2025-08-17T02:18:21Z,91.0,Sense
2025-08-17T02:18:36Z,93.0,Sense
2025-08-17T02:18:41Z,95.0,Sense
2025-08-17T02:18:46Z,95.0,Sense
2025-08-17T02:18:56Z,96.0,Sense
2025-08-17T02:19:11Z,96.0,Sense
2025-08-17T02:19:16Z,92.0,Sense
2025-08-17T02:19:21Z,89.0,Sense
2025-08-17T02:19:26Z,90.0,Sense
2025-08-17T02:19:41Z,90.0,Sense
2025-08-17T02:19:46Z,90.0,Sense
2025-08-17T02:19:51Z,92.0,Sense
2025-08-17T02:19:56Z,93.0,Sense
2025-08-17T02:20:11Z,93.0,Sense
2025-08-17T02:20:26Z,94.0,Sense
2025-08-17T02:20:31Z,96.0,Sense
2025-08-17T02:20:41Z,97.0,Sense
2025-08-17T02:20:46Z,96.0,Sense
2025-08-17T02:20:51Z,95.0,Sense
2025-08-17T02:21:01Z,96.0,Sense
2025-08-17T02:21:11Z,97.0,Sense
2025-08-17T02:21:16Z,98.0,Sense
2025-08-17T02:21:31Z,100.0,Sense
2025-08-17T02:21:46Z,101.0,Sense
2025-08-17T02:21:56Z,103.0,Sense
2025-08-17T02:22:01Z,105.0,Sense
2025-08-17T02:22:06Z,104.0,Sense
2025-08-17T02:22:21Z,103.0,Sense
2025-08-17T02:22:26Z,102.0,Sense
2025-08-17T02:22:31Z,111.0,Sense
2025-08-17T02:22:36Z,135.0,Sense
2025-08-17T02:22:41Z,132.0,Sense
2025-08-17T02:22:46Z,131.0,Sense
2025-08-17T02:22:51Z,130.0,Sense
2025-08-17T02:22:56Z,128.0,Sense
2025-08-17T02:23:06Z,129.0,Sense
2025-08-17T02:23:11Z,127.0,Sense
2025-08-17T02:23:21Z,128.0,Sense
2025-08-17T02:23:26Z,126.0,Sense
2025-08-17T02:23:31Z,146.0,Sense
2025-08-17T02:23:36Z,162.0,Sense
2025-08-17T02:23:41Z,153.0,Sense
2025-08-17T02:23:46Z,146.0,Sense
2025-08-17T02:23:51Z,144.0,Sense
2025-08-17T02:23:56Z,136.0,Sense
2025-08-17T02:24:01Z,134.0,Sense
2025-08-17T02:24:06Z,131.0,Sense
2025-08-17T02:24:11Z,129.0,Sense
2025-08-17T02:24:16Z,137.0,Sense
2025-08-17T02:24:21Z,136.0,Sense
2025-08-17T02:24:26Z,122.0,Sense
2025-08-17T02:24:31Z,117.0,Sense
2025-08-17T02:24:41Z,118.0,Sense
2025-08-17T02:24:46Z,118.0,Sense
2025-08-17T02:24:51Z,116.0,Sense
2025-08-17T02:24:56Z,110.0,Sense
2025-08-17T02:25:01Z,106.0,Sense
2025-08-17T02:25:06Z,104.0,Sense
2025-08-17T02:25:11Z,100.0,Sense
2025-08-17T02:25:16Z,101.0,Sense
2025-08-17T02:25:26Z,100.0,Sense
2025-08-17T02:25:36Z,97.0,Sense
2025-08-17T02:25:51Z,86.0,Sense
2025-08-17T02:25:56Z,89.0,Sense
2025-08-17T02:26:01Z,90.0,Sense
2025-08-17T02:26:16Z,90.0,Sense
2025-08-17T02:26:21Z,91.0,Sense
2025-08-17T02:26:26Z,90.0,Sense
2025-08-17T02:26:31Z,93.0,Sense
2025-08-17T02:26:36Z,95.0,Sense
2025-08-17T02:26:46Z,93.0,Sense
2025-08-17T02:26:51Z,94.0,Sense
2025-08-17T02:26:56Z,92.0,Sense
2025-08-17T02:27:01Z,90.0,Sense
2025-08-17T02:27:06Z,92.0,Sense
2025-08-17T02:27:11Z,113.0,Sense
2025-08-17T02:27:16Z,130.0,Sense
2025-08-17T02:27:26Z,128.0,Sense
2025-08-17T02:27:31Z,127.0,Sense
2025-08-17T02:27:36Z,123.0,Sense
2025-08-17T02:27:41Z,116.0,Sense
2025-08-17T02:27:46Z,112.0,Sense
2025-08-17T02:27:51Z,105.0,Sense
2025-08-17T02:27:56Z,101.0,Sense
2025-08-17T02:28:06Z,100.0,Sense
2025-08-17T02:28:11Z,103.0,Sense
2025-08-17T02:28:16Z,101.0,Sense
2025-08-17T02:28:21Z,100.0,Sense
2025-08-17T02:28:26Z,102.0,Sense
2025-08-17T02:28:36Z,99.0,Sense
2025-08-17T02:28:41Z,96.0,Sense
2025-08-17T02:28:46Z,97.0,Sense
2025-08-17T02:28:51Z,96.0,Sense
2025-08-17T02:28:56Z,93.0,Sense
2025-08-17T02:29:01Z,95.0,Sense
2025-08-17T02:29:06Z,98.0,Sense
2025-08-17T02:29:11Z,97.0,Sense
2025-08-17T02:29:21Z,94.0,Sense
2025-08-17T02:29:26Z,107.0,Sense
2025-08-17T02:29:36Z,122.0,Sense
2025-08-17T02:29:41Z,126.0,Sense
2025-08-17T02:29:46Z,127.0,Sense
2025-08-17T02:29:51Z,129.0,Sense
2025-08-17T02:29:56Z,130.0,Sense
2025-08-17T02:30:01Z,132.0,Sense
2025-08-17T02:30:06Z,136.0,Sense
2025-08-17T02:30:11Z,135.0,Sense
2025-08-17T02:30:16Z,133.0,Sense
2025-08-17T02:30:21Z,132.0,Sense
2025-08-17T02:30:31Z,131.0,Sense
2025-08-17T02:30:36Z,128.0,Sense
2025-08-17T02:30:41Z,126.0,Sense
2025-08-17T02:30:46Z,124.0,Sense
2025-08-17T02:30:51Z,121.0,Sense
2025-08-17T02:30:56Z,136.0,Sense
2025-08-17T02:31:01Z,141.0,Sense
2025-08-17T02:31:11Z,130.0,Sense
2025-08-17T02:31:16Z,124.0,Sense
2025-08-17T02:31:31Z,125.0,Sense
2025-08-17T02:31:36Z,122.0,Sense
2025-08-17T02:31:41Z,119.0,Sense
2025-08-17T02:31:46Z,120.0,Sense
2025-08-17T02:31:51Z,116.0,Sense
2025-08-17T02:31:56Z,112.0,Sense
2025-08-17T02:32:01Z,114.0,Sense
2025-08-17T02:32:16Z,115.0,Sense
2025-08-17T02:32:21Z,131.0,Sense
2025-08-17T02:32:26Z,140.0,Sense
2025-08-17T02:32:36Z,141.0,Sense
2025-08-17T02:32:41Z,141.0,Sense
2025-08-17T02:32:46Z,139.0,Sense
2025-08-17T02:32:51Z,138.0,Sense
2025-08-17T02:32:56Z,139.0,Sense
2025-08-17T02:33:01Z,162.0,Sense
2025-08-17T02:33:06Z,163.0,Sense
2025-08-17T02:33:16Z,161.0,Sense
2025-08-17T02:33:21Z,160.0,Sense
2025-08-17T02:33:26Z,162.0,Sense
2025-08-17T02:33:31Z,165.0,Sense
2025-08-17T02:33:36Z,162.0,Sense
2025-08-17T02:33:41Z,158.0,Sense
2025-08-17T02:33:46Z,155.0,Sense
2025-08-17T02:33:51Z,152.0,Sense
2025-08-17T02:33:56Z,148.0,Sense
2025-08-17T02:34:01Z,145.0,Sense
2025-08-17T02:34:06Z,143.0,Sense
2025-08-17T02:34:16Z,142.0,Sense
2025-08-17T02:34:21Z,154.0,Sense
2025-08-17T02:34:26Z,152.0,Sense
2025-08-17T02:34:31Z,151.0,Sense
2025-08-17T02:34:36Z,149.0,Sense
2025-08-17T02:34:41Z,144.0,Sense
2025-08-17T02:34:46Z,145.0,Sense
2025-08-17T02:34:56Z,157.0,Sense
2025-08-17T02:35:01Z,160.0,Sense
2025-08-17T02:35:06Z,157.0,Sense
2025-08-17T02:35:11Z,153.0,Sense
2025-08-17T02:35:16Z,152.0,Sense
2025-08-17T02:35:21Z,151.0,Sense
2025-08-17T02:35:26Z,155.0,Sense
2025-08-17T02:35:31Z,153.0,Sense
2025-08-17T02:35:36Z,146.0,Sense
2025-08-17T02:35:41Z,144.0,Sense
2025-08-17T02:35:46Z,141.0,Sense
2025-08-17T02:35:51Z,135.0,Sense
2025-08-17T02:35:56Z,124.0,Sense
2025-08-17T02:36:01Z,115.0,Sense
2025-08-17T02:36:06Z,114.0,Sense
2025-08-17T02:36:11Z,125.0,Sense
2025-08-17T02:36:16Z,130.0,Sense
2025-08-17T02:36:21Z,127.0,Sense
2025-08-17T02:36:26Z,126.0,Sense
2025-08-17T02:36:36Z,127.0,Sense
2025-08-17T02:36:41Z,130.0,Sense
2025-08-17T02:36:46Z,132.0,Sense
2025-08-17T02:37:01Z,132.0,Sense
2025-08-17T02:37:06Z,130.0,Sense
2025-08-17T02:37:16Z,127.0,Sense
2025-08-17T02:37:26Z,126.0,Sense
2025-08-17T02:37:31Z,125.0,Sense
2025-08-17T02:37:36Z,126.0,Sense
2025-08-17T02:37:41Z,124.0,Sense
2025-08-17T02:37:51Z,123.0,Sense
2025-08-17T02:37:56Z,122.0,Sense
2025-08-17T02:38:01Z,110.0,Sense
2025-08-17T02:38:06Z,95.0,Sense
2025-08-17T02:38:11Z,94.0,Sense
2025-08-17T02:38:16Z,95.0,Sense
2025-08-17T02:38:21Z,94.0,Sense
2025-08-17T02:38:26Z,97.0,Sense
2025-08-17T02:38:31Z,113.0,Sense
2025-08-17T02:38:36Z,135.0,Sense
2025-08-17T02:38:41Z,131.0,Sense
2025-08-17T02:38:46Z,130.0,Sense
2025-08-17T02:38:51Z,127.0,Sense
2025-08-17T02:38:56Z,124.0,Sense
2025-08-17T02:39:01Z,123.0,Sense
2025-08-17T02:39:06Z,128.0,Sense
2025-08-17T02:39:11Z,136.0,Sense
2025-08-17T02:39:16Z,135.0,Sense
2025-08-17T02:39:21Z,133.0,Sense
2025-08-17T02:39:31Z,131.0,Sense
2025-08-17T02:39:36Z,118.0,Sense
2025-08-17T02:39:41Z,115.0,Sense
2025-08-17T02:39:46Z,116.0,Sense
2025-08-17T02:39:51Z,115.0,Sense
2025-08-17T02:40:01Z,116.0,Sense
2025-08-17T02:40:06Z,110.0,Sense
2025-08-17T02:40:11Z,101.0,Sense
2025-08-17T02:40:16Z,84.0,Sense
2025-08-17T02:40:21Z,83.0,Sense
2025-08-17T02:40:26Z,90.0,Sense
2025-08-17T02:40:31Z,89.0,Sense
2025-08-17T02:40:36Z,89.0,Sense
2025-08-17T02:40:41Z,90.0,Sense
2025-08-17T02:40:51Z,93.0,Sense
2025-08-17T02:40:56Z,100.0,Sense
2025-08-17T02:41:01Z,124.0,Sense
2025-08-17T02:41:06Z,123.0,Sense
2025-08-17T02:41:11Z,122.0,Sense
2025-08-17T02:41:16Z,123.0,Sense
2025-08-17T02:41:21Z,124.0,Sense
2025-08-17T02:41:26Z,125.0,Sense
2025-08-17T02:41:31Z,128.0,Sense
2025-08-17T02:41:36Z,127.0,Sense
2025-08-17T02:41:41Z,129.0,Sense
2025-08-17T02:41:46Z,125.0,Sense
2025-08-17T02:42:01Z,126.0,Sense
2025-08-17T02:42:06Z,128.0,Sense
2025-08-17T02:42:11Z,127.0,Sense
2025-08-17T02:42:26Z,127.0,Sense
2025-08-17T02:42:41Z,127.0,Sense
2025-08-17T02:42:46Z,125.0,Sense
2025-08-17T02:42:51Z,123.0,Sense
2025-08-17T02:42:56Z,121.0,Sense
2025-08-17T02:43:01Z,118.0,Sense
2025-08-17T02:43:06Z,113.0,Sense
2025-08-17T02:43:11Z,106.0,Sense
2025-08-17T02:43:16Z,97.0,Sense
2025-08-17T02:43:26Z,99.0,Sense
2025-08-17T02:43:31Z,93.0,Sense
2025-08-17T02:43:36Z,94.0,Sense
2025-08-17T02:43:41Z,96.0,Sense
2025-08-17T02:43:46Z,97.0,Sense
2025-08-17T02:43:51Z,98.0,Sense
2025-08-17T02:43:56Z,97.0,Sense
2025-08-17T02:44:01Z,100.0,Sense
2025-08-17T02:44:06Z,96.0,Sense
2025-08-17T02:44:11Z,88.0,Sense
2025-08-17T02:44:16Z,98.0,Sense
2025-08-17T02:44:21Z,117.0,Sense
2025-08-17T02:44:26Z,120.0,Sense
2025-08-17T02:44:31Z,122.0,Sense
2025-08-17T02:44:36Z,123.0,Sense
2025-08-17T02:44:41Z,124.0,Sense
2025-08-17T02:44:51Z,123.0,Sense
2025-08-17T02:44:56Z,120.0,Sense
2025-08-17T02:45:01Z,119.0,Sense
2025-08-17T02:45:06Z,118.0,Sense
2025-08-17T02:45:11Z,117.0,Sense
2025-08-17T02:45:16Z,121.0,Sense
2025-08-17T02:45:21Z,118.0,Sense
2025-08-17T02:45:26Z,112.0,Sense
2025-08-17T02:45:31Z,106.0,Sense
2025-08-17T02:45:41Z,110.0,Sense
2025-08-17T02:45:46Z,112.0,Sense
2025-08-17T02:45:51Z,114.0,Sense
2025-08-17T02:45:56Z,144.0,Sense
2025-08-17T02:46:01Z,145.0,Sense
2025-08-17T02:46:06Z,143.0,Sense
2025-08-17T02:46:11Z,140.0,Sense
2025-08-17T02:46:21Z,142.0,Sense
2025-08-17T02:46:26Z,139.0,Sense
2025-08-17T02:46:36Z,138.0,Sense
2025-08-17T02:46:41Z,132.0,Sense
2025-08-17T02:46:46Z,127.0,Sense
2025-08-17T02:46:51Z,128.0,Sense
2025-08-17T02:47:01Z,127.0,Sense
2025-08-17T02:47:06Z,124.0,Sense
2025-08-17T02:47:16Z,121.0,Sense
2025-08-17T02:47:21Z,113.0,Sense
2025-08-17T02:47:26Z,106.0,Sense
2025-08-17T02:47:31Z,102.0,Sense
2025-08-17T02:47:36Z,103.0,Sense
2025-08-17T02:47:41Z,99.0,Sense
2025-08-17T02:47:46Z,116.0,Sense
2025-08-17T02:47:51Z,128.0,Sense
2025-08-17T02:48:01Z,126.0,Sense
2025-08-17T02:48:06Z,125.0,Sense
2025-08-17T02:48:11Z,124.0,Sense
2025-08-17T02:48:16Z,122.0,Sense
2025-08-17T02:48:21Z,123.0,Sense
2025-08-17T02:48:31Z,119.0,Sense
2025-08-17T02:48:36Z,116.0,Sense
2025-08-17T02:48:41Z,114.0,Sense
2025-08-17T02:48:46Z,119.0,Sense
2025-08-17T02:48:51Z,116.0,Sense
2025-08-17T02:48:56Z,114.0,Sense
2025-08-17T02:49:01Z,108.0,Sense
2025-08-17T02:49:06Z,106.0,Sense
2025-08-17T02:49:11Z,105.0,Sense
2025-08-17T02:49:16Z,101.0,Sense
2025-08-17T02:49:21Z,107.0,Sense
2025-08-17T02:49:26Z,105.0,Sense
2025-08-17T02:49:31Z,103.0,Sense
2025-08-17T02:49:41Z,100.0,Sense
2025-08-17T02:49:46Z,98.0,Sense
2025-08-17T02:49:51Z,102.0,Sense
2025-08-17T02:49:56Z,103.0,Sense
2025-08-17T02:50:01Z,102.0,Sense
2025-08-17T02:50:06Z,100.0,Sense
2025-08-17T02:50:11Z,98.0,Sense
2025-08-17T02:50:16Z,97.0,Sense
2025-08-17T02:50:21Z,98.0,Sense
2025-08-17T02:50:26Z,100.0,Sense
2025-08-17T02:50:31Z,93.0,Sense
2025-08-17T02:50:36Z,87.0,Sense
2025-08-17T02:50:41Z,86.0,Sense
2025-08-17T02:50:56Z,85.0,Sense
2025-08-17T02:51:01Z,84.0,Sense
2025-08-17T02:51:06Z,84.0,Sense
2025-08-17T02:51:11Z,86.0,Sense
2025-08-17T02:51:16Z,87.0,Sense
2025-08-17T02:51:26Z,84.0,Sense
2025-08-17T02:51:31Z,94.0,Sense
2025-08-17T02:51:36Z,126.0,Sense
2025-08-17T02:51:41Z,133.0,Sense
2025-08-17T02:51:51Z,130.0,Sense
2025-08-17T02:52:01Z,128.0,Sense
2025-08-17T02:52:06Z,125.0,Sense
2025-08-17T02:52:11Z,119.0,Sense
2025-08-17T02:52:16Z,116.0,Sense
2025-08-17T02:52:21Z,111.0,Sense
2025-08-17T02:52:26Z,115.0,Sense
2025-08-17T02:52:31Z,118.0,Sense
2025-08-17T02:52:36Z,112.0,Sense
2025-08-17T02:52:41Z,106.0,Sense
2025-08-17T02:52:51Z,107.0,Sense
2025-08-17T02:52:56Z,106.0,Sense
2025-08-17T02:53:01Z,107.0,Sense
2025-08-17T02:53:06Z,100.0,Sense
2025-08-17T02:53:11Z,98.0,Sense
2025-08-17T02:53:16Z,96.0,Sense
2025-08-17T02:53:21Z,101.0,Sense
2025-08-17T02:53:26Z,111.0,Sense
2025-08-17T02:53:36Z,110.0,Sense
2025-08-17T02:53:41Z,111.0,Sense
2025-08-17T02:53:56Z,109.0,Sense
2025-08-17T02:54:01Z,109.0,Sense
2025-08-17T02:54:06Z,111.0,Sense
2025-08-17T02:54:16Z,112.0,Sense
2025-08-17T02:54:21Z,108.0,Sense
2025-08-17T02:54:26Z,109.0,Sense
2025-08-17T02:54:31Z,118.0,Sense
2025-08-17T02:54:36Z,117.0,Sense
2025-08-17T02:54:41Z,108.0,Sense
2025-08-17T02:54:46Z,105.0,Sense
2025-08-17T02:54:51Z,115.0,Sense
2025-08-17T02:54:56Z,116.0,Sense
2025-08-17T02:55:11Z,116.0,Sense
2025-08-17T02:55:21Z,111.0,Sense
2025-08-17T02:55:26Z,104.0,Sense
2025-08-17T02:55:36Z,96.0,Sense
2025-08-17T02:55:46Z,95.0,Sense
2025-08-17T02:56:01Z,95.0,Sense
2025-08-17T02:56:06Z,93.0,Sense
2025-08-17T02:56:16Z,94.0,Sense
2025-08-17T02:56:21Z,93.0,Sense
2025-08-17T02:56:26Z,83.0,Sense
2025-08-17T02:56:31Z,77.0,Sense
2025-08-17T02:56:41Z,78.0,Sense
2025-08-17T02:56:46Z,79.0,Sense
2025-08-17T02:56:51Z,81.0,Sense
2025-08-17T02:56:56Z,82.0,Sense
2025-08-17T02:57:06Z,84.0,Sense
2025-08-17T02:57:11Z,101.0,Sense
2025-08-17T02:57:16Z,101.0,Sense
2025-08-17T02:57:26Z,103.0,Sense
2025-08-17T02:57:31Z,105.0,Sense
2025-08-17T02:57:36Z,106.0,Sense
2025-08-17T02:57:41Z,105.0,Sense
2025-08-17T02:57:46Z,104.0,Sense
2025-08-17T02:57:51Z,103.0,Sense
2025-08-17T02:57:56Z,102.0,Sense
2025-08-17T02:58:06Z,100.0,Sense
2025-08-17T02:58:11Z,99.0,Sense
2025-08-17T02:58:16Z,98.0,Sense
2025-08-17T02:58:21Z,102.0,Sense
2025-08-17T02:58:26Z,110.0,Sense
2025-08-17T02:58:31Z,109.0,Sense
2025-08-17T02:58:36Z,108.0,Sense
2025-08-17T02:58:41Z,104.0,Sense
2025-08-17T02:58:46Z,89.0,Sense
2025-08-17T02:59:01Z,90.0,Sense
2025-08-17T02:59:06Z,89.0,Sense
2025-08-17T02:59:16Z,90.0,Sense
2025-08-17T02:59:21Z,106.0,Sense
2025-08-17T02:59:26Z,103.0,Sense
2025-08-17T02:59:36Z,108.0,Sense
2025-08-17T02:59:41Z,106.0,Sense
2025-08-17T02:59:46Z,104.0,Sense
2025-08-17T02:59:51Z,103.0,Sense
2025-08-17T03:00:01Z,101.0,Sense
2025-08-17T03:00:06Z,101.0,Sense
2025-08-17T03:00:11Z,108.0,Sense
2025-08-17T03:00:21Z,106.0,Sense
2025-08-17T03:00:26Z,104.0,Sense
2025-08-17T03:00:31Z,97.0,Sense
2025-08-17T03:00:36Z,90.0,Sense
2025-08-17T03:00:41Z,91.0,Sense
2025-08-17T03:00:51Z,92.0,Sense
2025-08-17T03:00:56Z,92.0,Sense
2025-08-17T03:01:01Z,93.0,Sense
2025-08-17T03:01:06Z,87.0,Sense
2025-08-17T03:01:16Z,88.0,Sense
2025-08-17T03:01:21Z,89.0,Sense
2025-08-17T03:01:31Z,90.0,Sense
2025-08-17T03:01:36Z,90.0,Sense
2025-08-17T03:01:41Z,93.0,Sense
2025-08-17T03:01:46Z,94.0,Sense
2025-08-17T03:01:51Z,93.0,Sense
2025-08-17T03:01:56Z,94.0,Sense
2025-08-17T03:02:11Z,94.0,Sense
2025-08-17T03:02:26Z,94.0,Sense
2025-08-17T03:02:36Z,95.0,Sense
2025-08-17T03:02:51Z,96.0,Sense
2025-08-17T03:02:56Z,94.0,Sense
2025-08-17T03:03:06Z,95.0,Sense
2025-08-17T03:03:21Z,95.0,Sense
2025-08-17T03:03:26Z,97.0,Sense
2025-08-17T03:03:31Z,98.0,Sense
2025-08-17T03:03:36Z,97.0,Sense
2025-08-17T03:03:51Z,97.0,Sense
2025-08-17T03:03:56Z,96.0,Sense
2025-08-17T03:04:01Z,95.0,Sense
2025-08-17T03:04:06Z,92.0,Sense
2025-08-17T03:04:11Z,93.0,Sense
2025-08-17T03:04:16Z,94.0,Sense
2025-08-17T03:04:21Z,93.0,Sense
2025-08-17T03:04:36Z,94.0,Sense
2025-08-17T03:04:51Z,93.0,Sense
2025-08-17T03:05:01Z,94.0,Sense
2025-08-17T03:05:11Z,95.0,Sense
2025-08-17T03:05:16Z,97.0,Sense
2025-08-17T03:05:26Z,96.0,Sense
2025-08-17T03:05:41Z,95.0,Sense
2025-08-17T03:05:46Z,96.0,Sense
2025-08-17T03:06:01Z,97.0,Sense
2025-08-17T03:06:06Z,96.0,Sense
2025-08-17T03:06:16Z,96.0,Sense
2025-08-17T03:06:26Z,97.0,Sense
2025-08-17T03:06:36Z,98.0,Sense
2025-08-17T03:06:46Z,99.0,Sense
2025-08-17T03:06:51Z,98.0,Sense
2025-08-17T03:07:01Z,99.0,Sense
2025-08-17T03:07:16Z,98.0,Sense
2025-08-17T03:07:26Z,99.0,Sense
2025-08-17T03:07:41Z,103.0,Sense
2025-08-17T03:07:46Z,106.0,Sense
2025-08-17T03:07:51Z,107.0,Sense
2025-08-17T03:08:01Z,106.0,Sense
2025-08-17T03:08:06Z,104.0,Sense
2025-08-17T03:08:11Z,103.0,Sense
2025-08-17T03:08:16Z,102.0,Sense
2025-08-17T03:08:21Z,100.0,Sense
2025-08-17T03:08:31Z,99.0,Sense
2025-08-17T03:08:36Z,98.0,Sense
2025-08-17T03:08:41Z,97.0,Sense
2025-08-17T03:08:46Z,96.0,Sense
2025-08-17T03:08:51Z,97.0,Sense
2025-08-17T03:08:56Z,96.0,Sense
2025-08-17T03:09:01Z,95.0,Sense
2025-08-17T03:09:11Z,95.0,Sense
2025-08-17T03:09:21Z,94.0,Sense
2025-08-17T03:09:26Z,93.0,Sense
2025-08-17T03:09:31Z,94.0,Sense
2025-08-17T03:09:36Z,95.0,Sense
2025-08-17T03:09:46Z,96.0,Sense
2025-08-17T03:09:56Z,95.0,Sense
2025-08-17T03:10:06Z,96.0,Sense
2025-08-17T03:10:11Z,97.0,Sense
2025-08-17T03:10:16Z,96.0,Sense
2025-08-17T03:10:21Z,97.0,Sense
2025-08-17T03:10:26Z,98.0,Sense
2025-08-17T03:10:31Z,99.0,Sense
2025-08-17T03:10:36Z,98.0,Sense
2025-08-17T03:10:51Z,100.0,Sense
2025-08-17T03:10:56Z,99.0,Sense
2025-08-17T03:11:06Z,100.0,Sense
2025-08-17T03:11:21Z,100.0,Sense
2025-08-17T03:11:31Z,99.0,Sense
2025-08-17T03:11:36Z,108.0,Sense
2025-08-17T03:11:41Z,130.0,Sense
2025-08-17T03:11:46Z,129.0,Sense
2025-08-17T03:11:51Z,128.0,Sense
2025-08-17T03:11:56Z,127.0,Sense
2025-08-17T03:12:01Z,124.0,Sense
2025-08-17T03:12:06Z,119.0,Sense
2025-08-17T03:12:11Z,117.0,Sense
2025-08-17T03:12:16Z,115.0,Sense
2025-08-17T03:12:21Z,114.0,Sense
2025-08-17T03:12:26Z,111.0,Sense
2025-08-17T03:12:31Z,109.0,Sense
2025-08-17T03:12:36Z,109.0,Sense
2025-08-17T03:12:41Z,108.0,Sense
2025-08-17T03:12:51Z,106.0,Sense
2025-08-17T03:12:56Z,107.0,Sense
2025-08-17T03:13:01Z,109.0,Sense
2025-08-17T03:13:06Z,108.0,Sense
2025-08-17T03:13:11Z,95.0,Sense
2025-08-17T03:13:26Z,95.0,Sense
2025-08-17T03:13:31Z,96.0,Sense
2025-08-17T03:13:41Z,93.0,Sense
2025-08-17T03:13:46Z,89.0,Sense
2025-08-17T03:14:01Z,90.0,Sense
2025-08-17T03:14:06Z,94.0,Sense
2025-08-17T03:14:11Z,95.0,Sense
2025-08-17T03:14:21Z,96.0,Sense
2025-08-17T03:14:26Z,103.0,Sense
2025-08-17T03:14:31Z,104.0,Sense
2025-08-17T03:14:41Z,106.0,Sense
2025-08-17T03:14:46Z,104.0,Sense
2025-08-17T03:14:51Z,103.0,Sense
2025-08-17T03:14:56Z,97.0,Sense
2025-08-17T03:15:11Z,98.0,Sense
2025-08-17T03:15:16Z,97.0,Sense
2025-08-17T03:15:26Z,98.0,Sense
2025-08-17T03:15:31Z,98.0,Sense
2025-08-17T03:15:46Z,99.0,Sense
2025-08-17T03:15:51Z,101.0,Sense
2025-08-17T03:15:56Z,100.0,Sense
2025-08-17T03:16:11Z,100.0,Sense
2025-08-17T03:16:26Z,100.0,Sense
2025-08-17T03:16:41Z,100.0,Sense
2025-08-17T03:16:46Z,99.0,Sense
2025-08-17T03:16:56Z,98.0,Sense
2025-08-17T03:17:01Z,96.0,Sense
2025-08-17T03:17:06Z,95.0,Sense
2025-08-17T03:17:16Z,96.0,Sense
2025-08-17T03:17:21Z,97.0,Sense
2025-08-17T03:17:26Z,98.0,Sense
2025-08-17T03:17:31Z,99.0,Sense
2025-08-17T03:17:36Z,98.0,Sense
2025-08-17T03:17:51Z,97.0,Sense
2025-08-17T03:17:56Z,96.0,Sense
2025-08-17T03:18:01Z,97.0,Sense
2025-08-17T03:18:16Z,97.0,Sense
2025-08-17T03:18:31Z,97.0,Sense
2025-08-17T03:18:46Z,97.0,Sense
2025-08-17T03:19:01Z,97.0,Sense
2025-08-17T03:19:06Z,98.0,Sense
2025-08-17T03:19:11Z,97.0,Sense
2025-08-17T03:19:16Z,98.0,Sense
2025-08-17T03:19:31Z,98.0,Sense
2025-08-17T03:19:46Z,98.0,Sense
2025-08-17T03:19:51Z,97.0,Sense
2025-08-17T03:19:56Z,97.0,Sense
2025-08-17T03:20:01Z,97.0,Sense
2025-08-17T03:20:06Z,96.0,Sense
2025-08-17T03:20:11Z,97.0,Sense
2025-08-17T03:20:16Z,98.0,Sense
2025-08-17T03:20:26Z,99.0,Sense
2025-08-17T03:20:31Z,100.0,Sense
2025-08-17T03:20:36Z,99.0,Sense
2025-08-17T03:20:41Z,98.0,Sense
2025-08-17T03:20:56Z,97.0,Sense
2025-08-17T03:21:11Z,98.0,Sense
2025-08-17T03:21:26Z,99.0,Sense
2025-08-17T03:21:31Z,119.0,Sense
2025-08-17T03:21:36Z,128.0,Sense
2025-08-17T03:21:46Z,125.0,Sense
2025-08-17T03:21:51Z,124.0,Sense
2025-08-17T03:21:56Z,121.0,Sense
2025-08-17T03:22:01Z,117.0,Sense
2025-08-17T03:22:06Z,115.0,Sense
2025-08-17T03:22:11Z,112.0,Sense
2025-08-17T03:22:16Z,109.0,Sense
2025-08-17T03:22:21Z,108.0,Sense
2025-08-17T03:22:26Z,107.0,Sense
2025-08-17T03:22:31Z,106.0,Sense
2025-08-17T03:22:36Z,105.0,Sense
2025-08-17T03:22:41Z,101.0,Sense
2025-08-17T03:22:46Z,100.0,Sense
2025-08-17T03:22:51Z,99.0,Sense
2025-08-17T03:23:06Z,100.0,Sense
2025-08-17T03:23:11Z,97.0,Sense
2025-08-17T03:23:16Z,95.0,Sense
2025-08-17T03:23:21Z,97.0,Sense
2025-08-17T03:23:26Z,99.0,Sense
2025-08-17T03:23:31Z,97.0,Sense
2025-08-17T03:23:36Z,99.0,Sense
2025-08-17T03:23:41Z,98.0,Sense
2025-08-17T03:23:46Z,96.0,Sense
2025-08-17T03:23:51Z,97.0,Sense
2025-08-17T03:24:01Z,99.0,Sense
2025-08-17T03:24:11Z,99.0,Sense
2025-08-17T03:24:21Z,98.0,Sense
2025-08-17T03:24:26Z,97.0,Sense
2025-08-17T03:24:36Z,98.0,Sense
2025-08-17T03:24:41Z,99.0,Sense
2025-08-17T03:24:46Z,98.0,Sense
2025-08-17T03:24:51Z,97.0,Sense
2025-08-17T03:24:56Z,98.0,Sense
2025-08-17T03:25:01Z,97.0,Sense
2025-08-17T03:25:11Z,98.0,Sense
2025-08-17T03:25:16Z,99.0,Sense
2025-08-17T03:25:21Z,97.0,Sense
2025-08-17T03:25:26Z,97.0,Sense
2025-08-17T03:25:41Z,93.0,Sense
2025-08-17T03:25:46Z,90.0,Sense
2025-08-17T03:26:01Z,91.0,Sense
2025-08-17T03:26:06Z,92.0,Sense
2025-08-17T03:26:11Z,93.0,Sense
2025-08-17T03:26:16Z,95.0,Sense
2025-08-17T03:26:21Z,98.0,Sense
2025-08-17T03:26:36Z,99.0,Sense
2025-08-17T03:26:41Z,98.0,Sense
2025-08-17T03:26:46Z,97.0,Sense
2025-08-17T03:26:51Z,96.0,Sense
2025-08-17T03:27:06Z,96.0,Sense
2025-08-17T03:27:21Z,96.0,Sense
2025-08-17T03:27:31Z,98.0,Sense
2025-08-17T03:27:36Z,97.0,Sense
2025-08-17T03:27:41Z,89.0,Sense
2025-08-17T03:27:46Z,90.0,Sense
2025-08-17T03:27:51Z,91.0,Sense
2025-08-17T03:27:56Z,92.0,Sense
2025-08-17T03:28:11Z,93.0,Sense
2025-08-17T03:28:16Z,95.0,Sense
2025-08-17T03:28:21Z,96.0,Sense
2025-08-17T03:28:31Z,95.0,Sense
2025-08-17T03:28:36Z,100.0,Sense
2025-08-17T03:28:41Z,102.0,Sense
2025-08-17T03:28:46Z,101.0,Sense
2025-08-17T03:28:51Z,99.0,Sense
2025-08-17T03:28:56Z,98.0,Sense
2025-08-17T03:29:01Z,98.0,Sense
2025-08-17T03:29:06Z,97.0,Sense
2025-08-17T03:29:11Z,96.0,Sense
2025-08-17T03:29:16Z,131.0,Sense
2025-08-17T03:29:21Z,132.0,Sense
2025-08-17T03:29:26Z,130.0,Sense
2025-08-17T03:29:36Z,129.0,Sense
2025-08-17T03:29:41Z,130.0,Sense
2025-08-17T03:29:46Z,156.0,Sense
2025-08-17T03:29:51Z,159.0,Sense
2025-08-17T03:29:56Z,158.0,Sense
2025-08-17T03:30:01Z,152.0,Sense
2025-08-17T03:30:06Z,151.0,Sense
2025-08-17T03:30:21Z,151.0,Sense
2025-08-17T03:30:26Z,154.0,Sense
2025-08-17T03:30:31Z,148.0,Sense
2025-08-17T03:30:36Z,144.0,Sense
2025-08-17T03:30:46Z,138.0,Sense
2025-08-17T03:30:51Z,137.0,Sense
2025-08-17T03:31:01Z,136.0,Sense
2025-08-17T03:31:06Z,134.0,Sense
2025-08-17T03:31:11Z,132.0,Sense
2025-08-17T03:31:16Z,125.0,Sense
2025-08-17T03:31:21Z,124.0,Sense
2025-08-17T03:31:31Z,128.0,Sense
2025-08-17T03:31:41Z,127.0,Sense
2025-08-17T03:31:46Z,126.0,Sense
2025-08-17T03:31:51Z,126.0,Sense
2025-08-17T03:31:56Z,125.0,Sense
2025-08-17T03:32:11Z,124.0,Sense
2025-08-17T03:32:16Z,127.0,Sense
2025-08-17T03:32:21Z,165.0,Sense
2025-08-17T03:32:36Z,165.0,Sense
2025-08-17T03:32:41Z,163.0,Sense
2025-08-17T03:32:46Z,160.0,Sense
2025-08-17T03:32:51Z,158.0,Sense
2025-08-17T03:33:01Z,154.0,Sense
2025-08-17T03:33:06Z,151.0,Sense
2025-08-17T03:33:11Z,150.0,Sense
2025-08-17T03:33:16Z,151.0,Sense
2025-08-17T03:33:21Z,151.0,Sense
2025-08-17T03:33:26Z,149.0,Sense
2025-08-17T03:33:31Z,146.0,Sense
2025-08-17T03:33:36Z,142.0,Sense
2025-08-17T03:33:41Z,141.0,Sense
2025-08-17T03:33:51Z,140.0,Sense
2025-08-17T03:33:56Z,138.0,Sense
2025-08-17T03:34:01Z,136.0,Sense
2025-08-17T03:34:06Z,131.0,Sense
2025-08-17T03:34:11Z,132.0,Sense
2025-08-17T03:34:16Z,130.0,Sense
2025-08-17T03:34:31Z,131.0,Sense
2025-08-17T03:34:46Z,139.0,Sense
2025-08-17T03:34:51Z,141.0,Sense
2025-08-17T03:34:56Z,140.0,Sense
2025-08-17T03:35:01Z,141.0,Sense
2025-08-17T03:35:11Z,136.0,Sense
2025-08-17T03:35:16Z,132.0,Sense
2025-08-17T03:35:26Z,130.0,Sense
2025-08-17T03:35:31Z,125.0,Sense
2025-08-17T03:35:36Z,127.0,Sense
2025-08-17T03:35:41Z,128.0,Sense
2025-08-17T03:35:56Z,131.0,Sense
2025-08-17T03:36:01Z,129.0,Sense
2025-08-17T03:36:06Z,128.0,Sense
2025-08-17T03:36:11Z,123.0,Sense
2025-08-17T03:36:16Z,119.0,Sense
2025-08-17T03:36:21Z,117.0,Sense
2025-08-17T03:36:26Z,109.0,Sense
2025-08-17T03:36:31Z,103.0,Sense
2025-08-17T03:36:36Z,97.0,Sense
2025-08-17T03:36:41Z,91.0,Sense
2025-08-17T03:36:46Z,87.0,Sense
2025-08-17T03:36:51Z,88.0,Sense
2025-08-17T03:36:56Z,86.0,Sense
2025-08-17T03:37:01Z,80.0,Sense
2025-08-17T03:37:16Z,80.0,Sense
2025-08-17T03:37:31Z,83.0,Sense
2025-08-17T03:37:36Z,100.0,Sense
2025-08-17T03:37:51Z,99.0,Sense
2025-08-17T03:38:06Z,99.0,Sense
2025-08-17T03:38:11Z,95.0,Sense
2025-08-17T03:38:16Z,87.0,Sense
2025-08-17T03:38:21Z,85.0,Sense
2025-08-17T03:38:26Z,84.0,Sense
2025-08-17T03:38:31Z,73.0,Sense
2025-08-17T03:38:36Z,71.0,Sense
2025-08-17T03:38:41Z,72.0,Sense
2025-08-17T03:38:46Z,73.0,Sense
2025-08-17T03:38:51Z,74.0,Sense
2025-08-17T03:38:56Z,74.0,Sense
2025-08-17T03:39:01Z,66.0,Sense
2025-08-17T03:39:11Z,67.0,Sense
2025-08-17T03:39:21Z,69.0,Sense
2025-08-17T03:39:26Z,72.0,Sense
2025-08-17T03:39:31Z,74.0,Sense
2025-08-17T03:39:36Z,76.0,Sense
2025-08-17T03:39:41Z,89.0,Sense
2025-08-17T03:39:46Z,106.0,Sense
2025-08-17T03:39:56Z,107.0,Sense
2025-08-17T03:40:06Z,107.0,Sense
2025-08-17T03:40:11Z,110.0,Sense
2025-08-17T03:40:16Z,112.0,Sense
2025-08-17T03:40:21Z,110.0,Sense
2025-08-17T03:40:26Z,107.0,Sense
2025-08-17T03:40:31Z,106.0,Sense
2025-08-17T03:40:36Z,104.0,Sense
2025-08-17T03:40:41Z,102.0,Sense
2025-08-17T03:40:46Z,99.0,Sense
2025-08-17T03:40:51Z,97.0,Sense
2025-08-17T03:41:06Z,96.0,Sense
2025-08-17T03:41:11Z,97.0,Sense
2025-08-17T03:41:21Z,96.0,Sense
2025-08-17T03:41:31Z,97.0,Sense
2025-08-17T03:41:36Z,97.0,Sense
2025-08-17T03:41:41Z,96.0,Sense
2025-08-17T03:41:46Z,95.0,Sense
2025-08-17T03:41:51Z,96.0,Sense
2025-08-17T03:42:01Z,98.0,Sense
2025-08-17T03:42:06Z,100.0,Sense
2025-08-17T03:42:11Z,101.0,Sense
2025-08-17T03:42:16Z,105.0,Sense
2025-08-17T03:42:31Z,107.0,Sense
2025-08-17T03:42:36Z,106.0,Sense
2025-08-17T03:42:41Z,104.0,Sense
2025-08-17T03:42:46Z,101.0,Sense
2025-08-17T03:42:56Z,100.0,Sense
2025-08-17T03:43:01Z,99.0,Sense
2025-08-17T03:43:06Z,100.0,Sense
2025-08-17T03:43:11Z,101.0,Sense
2025-08-17T03:43:26Z,102.0,Sense
2025-08-17T03:43:31Z,101.0,Sense
2025-08-17T03:43:36Z,100.0,Sense
2025-08-17T03:43:46Z,99.0,Sense
2025-08-17T03:43:56Z,97.0,Sense
2025-08-17T03:44:01Z,96.0,Sense
2025-08-17T03:44:16Z,96.0,Sense
2025-08-17T03:44:21Z,95.0,Sense
2025-08-17T03:44:31Z,94.0,Sense
2025-08-17T03:44:46Z,94.0,Sense
2025-08-17T03:44:51Z,94.0,Sense
2025-08-17T03:44:56Z,96.0,Sense
2025-08-17T03:45:01Z,97.0,Sense
2025-08-17T03:45:11Z,96.0,Sense
2025-08-17T03:45:16Z,97.0,Sense
2025-08-17T03:45:26Z,98.0,Sense
2025-08-17T03:45:31Z,97.0,Sense
2025-08-17T03:45:36Z,121.0,Sense
2025-08-17T03:45:41Z,122.0,Sense
2025-08-17T03:45:46Z,120.0,Sense
2025-08-17T03:45:56Z,118.0,Sense
2025-08-17T03:46:01Z,116.0,Sense
2025-08-17T03:46:06Z,112.0,Sense
2025-08-17T03:46:11Z,110.0,Sense
2025-08-17T03:46:16Z,109.0,Sense
2025-08-17T03:46:21Z,110.0,Sense
2025-08-17T03:46:26Z,108.0,Sense
2025-08-17T03:46:36Z,107.0,Sense
2025-08-17T03:46:51Z,108.0,Sense
2025-08-17T03:46:56Z,108.0,Sense
2025-08-17T03:47:01Z,109.0,Sense
2025-08-17T03:47:06Z,104.0,Sense
2025-08-17T03:47:11Z,102.0,Sense
2025-08-17T03:47:16Z,97.0,Sense
2025-08-17T03:47:21Z,100.0,Sense
2025-08-17T03:47:26Z,105.0,Sense
2025-08-17T03:47:31Z,114.0,Sense
2025-08-17T03:47:36Z,117.0,Sense
2025-08-17T03:47:41Z,110.0,Sense
2025-08-17T03:47:46Z,109.0,Sense
2025-08-17T03:47:51Z,105.0,Sense
2025-08-17T03:48:01Z,103.0,Sense
2025-08-17T03:48:06Z,103.0,Sense
2025-08-17T03:48:11Z,98.0,Sense
2025-08-17T03:48:16Z,100.0,Sense
2025-08-17T03:48:31Z,101.0,Sense
2025-08-17T03:48:36Z,104.0,Sense
2025-08-17T03:48:51Z,103.0,Sense
2025-08-17T03:48:56Z,99.0,Sense
2025-08-17T03:49:01Z,97.0,Sense
2025-08-17T03:49:06Z,98.0,Sense
2025-08-17T03:49:11Z,99.0,Sense
2025-08-17T03:49:16Z,97.0,Sense
2025-08-17T03:49:21Z,91.0,Sense
2025-08-17T03:49:26Z,90.0,Sense
2025-08-17T03:49:31Z,91.0,Sense
2025-08-17T03:49:36Z,92.0,Sense
2025-08-17T03:49:41Z,90.0,Sense
2025-08-17T03:49:46Z,91.0,Sense
2025-08-17T03:49:51Z,86.0,Sense
2025-08-17T03:50:01Z,86.0,Sense
2025-08-17T03:50:06Z,87.0,Sense
2025-08-17T03:50:11Z,88.0,Sense
2025-08-17T03:50:21Z,89.0,Sense
2025-08-17T03:50:26Z,90.0,Sense
2025-08-17T03:50:36Z,91.0,Sense
2025-08-17T03:50:46Z,94.0,Sense
2025-08-17T03:50:51Z,98.0,Sense
2025-08-17T03:51:06Z,97.0,Sense
2025-08-17T03:51:11Z,95.0,Sense
2025-08-17T03:51:16Z,91.0,Sense
2025-08-17T03:51:26Z,92.0,Sense
2025-08-17T03:51:31Z,93.0,Sense
2025-08-17T03:51:41Z,93.0,Sense
2025-08-17T03:51:56Z,94.0,Sense
2025-08-17T03:52:01Z,95.0,Sense
2025-08-17T03:52:06Z,96.0,Sense
2025-08-17T03:52:16Z,95.0,Sense
2025-08-17T03:52:26Z,96.0,Sense
2025-08-17T03:52:31Z,95.0,Sense
2025-08-17T03:52:46Z,96.0,Sense
2025-08-17T03:52:51Z,97.0,Sense
2025-08-17T03:53:06Z,97.0,Sense
2025-08-17T03:53:11Z,98.0,Sense
2025-08-17T03:53:16Z,97.0,Sense
2025-08-17T03:53:21Z,93.0,Sense
2025-08-17T03:53:26Z,89.0,Sense
2025-08-17T03:53:41Z,90.0,Sense
2025-08-17T03:53:46Z,90.0,Sense
2025-08-17T03:53:51Z,91.0,Sense
2025-08-17T03:53:56Z,92.0,Sense
2025-08-17T03:54:01Z,93.0,Sense
2025-08-17T03:54:06Z,94.0,Sense
2025-08-17T03:54:16Z,93.0,Sense
2025-08-17T03:54:31Z,93.0,Sense
2025-08-17T03:54:36Z,94.0,Sense
2025-08-17T03:54:51Z,94.0,Sense
2025-08-17T03:54:56Z,93.0,Sense
2025-08-17T03:55:01Z,93.0,Sense
2025-08-17T03:55:06Z,94.0,Sense
2025-08-17T03:55:21Z,96.0,Sense
2025-08-17T03:55:26Z,97.0,Sense
2025-08-17T03:55:36Z,98.0,Sense
2025-08-17T03:55:46Z,97.0,Sense
2025-08-17T03:55:56Z,98.0,Sense
2025-08-17T03:56:06Z,99.0,Sense
2025-08-17T03:56:11Z,100.0,Sense
2025-08-17T03:56:16Z,99.0,Sense
2025-08-17T03:56:26Z,99.0,Sense
2025-08-17T03:56:31Z,99.0,Sense
2025-08-17T03:56:36Z,100.0,Sense
2025-08-17T03:56:46Z,99.0,Sense
2025-08-17T03:56:56Z,100.0,Sense
2025-08-17T03:57:01Z,98.0,Sense
2025-08-17T03:57:11Z,97.0,Sense
2025-08-17T03:57:16Z,96.0,Sense
2025-08-17T03:57:21Z,96.0,Sense
2025-08-17T03:57:26Z,98.0,Sense
2025-08-17T03:57:41Z,99.0,Sense
2025-08-17T03:57:51Z,100.0,Sense
2025-08-17T03:57:56Z,101.0,Sense
2025-08-17T03:58:01Z,100.0,Sense
2025-08-17T03:58:06Z,101.0,Sense
2025-08-17T03:58:11Z,100.0,Sense
2025-08-17T03:58:16Z,99.0,Sense
2025-08-17T03:58:21Z,98.0,Sense
2025-08-17T03:58:31Z,97.0,Sense
2025-08-17T03:58:36Z,99.0,Sense
2025-08-17T03:58:46Z,101.0,Sense
2025-08-17T03:58:56Z,100.0,Sense
2025-08-17T03:59:01Z,99.0,Sense
2025-08-17T03:59:11Z,100.0,Sense
2025-08-17T03:59:21Z,101.0,Sense
2025-08-17T03:59:31Z,102.0,Sense
2025-08-17T03:59:46Z,101.0,Sense
2025-08-17T03:59:51Z,100.0,Sense
2025-08-17T03:59:56Z,99.0,Sense
2025-08-17T04:00:01Z,98.0,Sense
2025-08-17T04:00:11Z,99.0,Sense
2025-08-17T04:00:16Z,100.0,Sense
2025-08-17T04:00:21Z,99.0,Sense
2025-08-17T04:00:31Z,93.0,Sense
2025-08-17T04:00:36Z,96.0,Sense
2025-08-17T04:00:41Z,101.0,Sense
2025-08-17T04:00:46Z,100.0,Sense
2025-08-17T04:00:56Z,101.0,Sense
2025-08-17T04:01:01Z,102.0,Sense
2025-08-17T04:01:11Z,100.0,Sense
2025-08-17T04:01:16Z,99.0,Sense
2025-08-17T04:01:21Z,100.0,Sense
2025-08-17T04:01:26Z,97.0,Sense
2025-08-17T04:01:31Z,95.0,Sense
2025-08-17T04:01:41Z,96.0,Sense
2025-08-17T04:01:51Z,97.0,Sense
2025-08-17T04:01:56Z,98.0,Sense
2025-08-17T04:02:11Z,98.0,Sense
2025-08-17T04:02:26Z,98.0,Sense
2025-08-17T04:02:41Z,96.0,Sense
2025-08-17T04:02:46Z,96.0,Sense
2025-08-17T04:02:51Z,95.0,Sense
2025-08-17T04:02:56Z,96.0,Sense
2025-08-17T04:03:06Z,96.0,Sense
2025-08-17T04:03:11Z,95.0,Sense
2025-08-17T04:03:16Z,96.0,Sense
2025-08-17T04:03:31Z,96.0,Sense
2025-08-17T04:03:41Z,97.0,Sense
2025-08-17T04:03:51Z,98.0,Sense
2025-08-17T04:03:56Z,97.0,Sense
2025-08-17T04:04:06Z,92.0,Sense
2025-08-17T04:04:11Z,90.0,Sense
2025-08-17T04:04:26Z,90.0,Sense
2025-08-17T04:04:31Z,91.0,Sense
2025-08-17T04:04:41Z,93.0,Sense
2025-08-17T04:04:46Z,94.0,Sense
2025-08-17T04:04:51Z,93.0,Sense
2025-08-17T04:05:01Z,94.0,Sense
2025-08-17T04:05:06Z,96.0,Sense
2025-08-17T04:05:11Z,98.0,Sense
2025-08-17T04:05:16Z,99.0,Sense
2025-08-17T04:05:21Z,98.0,Sense
2025-08-17T04:05:36Z,97.0,Sense
2025-08-17T04:05:41Z,97.0,Sense
2025-08-17T04:05:56Z,97.0,Sense
2025-08-17T04:06:06Z,96.0,Sense
2025-08-17T04:06:18Z,96.0,Sense
2025-08-17T04:06:28Z,103.0,Sense
2025-08-17T04:06:33Z,114.0,Sense
2025-08-17T04:06:38Z,115.0,Sense
2025-08-17T04:06:43Z,114.0,Sense
2025-08-17T04:06:58Z,110.0,Sense
2025-08-17T04:07:03Z,109.0,Sense
2025-08-17T04:07:08Z,106.0,Sense
2025-08-17T04:07:13Z,103.0,Sense
2025-08-17T04:07:18Z,101.0,Sense
2025-08-17T04:07:28Z,99.0,Sense
2025-08-17T04:07:33Z,97.0,Sense
2025-08-17T04:07:48Z,98.0,Sense
2025-08-17T04:07:53Z,99.0,Sense
2025-08-17T04:07:58Z,101.0,Sense
2025-08-17T04:08:03Z,99.0,Sense
2025-08-17T04:08:13Z,100.0,Sense
2025-08-17T04:08:18Z,101.0,Sense
2025-08-17T04:08:23Z,100.0,Sense
2025-08-17T04:08:28Z,102.0,Sense
2025-08-17T04:08:33Z,104.0,Sense
2025-08-17T04:08:38Z,102.0,Sense
2025-08-17T04:08:48Z,101.0,Sense
2025-08-17T04:08:53Z,102.0,Sense
2025-08-17T04:08:58Z,101.0,Sense
2025-08-17T04:09:03Z,102.0,Sense
2025-08-17T04:09:08Z,102.0,Sense
2025-08-17T04:09:13Z,100.0,Sense
2025-08-17T04:09:18Z,101.0,Sense
2025-08-17T04:09:33Z,101.0,Sense
2025-08-17T04:09:43Z,100.0,Sense
2025-08-17T04:09:48Z,99.0,Sense
2025-08-17T04:10:03Z,100.0,Sense
2025-08-17T04:10:13Z,96.0,Sense
2025-08-17T04:10:18Z,94.0,Sense
2025-08-17T04:10:28Z,95.0,Sense
2025-08-17T04:10:38Z,94.0,Sense
2025-08-17T04:10:48Z,94.0,Sense
2025-08-17T04:11:03Z,96.0,Sense
2025-08-17T04:11:13Z,95.0,Sense
2025-08-17T04:11:23Z,96.0,Sense
2025-08-17T04:11:33Z,95.0,Sense
2025-08-17T04:11:38Z,96.0,Sense
2025-08-17T04:11:53Z,95.0,Sense
2025-08-17T04:12:08Z,95.0,Sense
2025-08-17T04:12:13Z,97.0,Sense
2025-08-17T04:12:28Z,100.0,Sense
2025-08-17T04:12:33Z,105.0,Sense
2025-08-17T04:12:38Z,106.0,Sense
2025-08-17T04:12:43Z,114.0,Sense
2025-08-17T04:12:48Z,117.0,Sense
2025-08-17T04:12:53Z,116.0,Sense
2025-08-17T04:12:58Z,116.0,Sense
2025-08-17T04:13:03Z,115.0,Sense
2025-08-17T04:13:08Z,113.0,Sense
2025-08-17T04:13:13Z,109.0,Sense
2025-08-17T04:13:18Z,106.0,Sense
2025-08-17T04:13:23Z,103.0,Sense
2025-08-17T04:13:28Z,101.0,Sense
2025-08-17T04:13:33Z,99.0,Sense
2025-08-17T04:13:48Z,100.0,Sense
2025-08-17T04:14:03Z,100.0,Sense
2025-08-17T04:14:13Z,109.0,Sense
2025-08-17T04:14:18Z,128.0,Sense
2025-08-17T04:14:23Z,129.0,Sense
2025-08-17T04:14:28Z,128.0,Sense
2025-08-17T04:14:38Z,124.0,Sense
2025-08-17T04:14:43Z,117.0,Sense
2025-08-17T04:14:48Z,111.0,Sense
2025-08-17T04:14:53Z,110.0,Sense
2025-08-17T04:14:58Z,106.0,Sense
2025-08-17T04:15:03Z,103.0,Sense
2025-08-17T04:15:08Z,101.0,Sense
2025-08-17T04:15:13Z,100.0,Sense
2025-08-17T04:15:18Z,97.0,Sense
2025-08-17T04:15:23Z,92.0,Sense
2025-08-17T04:15:28Z,86.0,Sense
2025-08-17T04:15:33Z,85.0,Sense
2025-08-17T04:15:38Z,83.0,Sense
2025-08-17T04:15:53Z,83.0,Sense
2025-08-17T04:16:08Z,83.0,Sense
2025-08-17T04:16:13Z,80.0,Sense
2025-08-17T04:16:18Z,73.0,Sense
2025-08-17T04:16:23Z,71.0,Sense
2025-08-17T04:16:33Z,72.0,Sense
2025-08-17T04:16:38Z,74.0,Sense
2025-08-17T04:16:43Z,76.0,Sense
2025-08-17T04:16:48Z,79.0,Sense
2025-08-17T04:16:53Z,80.0,Sense
2025-08-17T04:16:58Z,82.0,Sense
2025-08-17T04:17:03Z,87.0,Sense
2025-08-17T04:17:08Z,101.0,Sense
2025-08-17T04:17:13Z,102.0,Sense
2025-08-17T04:17:23Z,104.0,Sense
2025-08-17T04:17:33Z,103.0,Sense
2025-08-17T04:17:38Z,102.0,Sense
2025-08-17T04:17:43Z,101.0,Sense
2025-08-17T04:17:48Z,99.0,Sense
2025-08-17T04:17:53Z,100.0,Sense
2025-08-17T04:18:03Z,101.0,Sense
2025-08-17T04:18:08Z,100.0,Sense
2025-08-17T04:18:13Z,98.0,Sense
2025-08-17T04:18:18Z,89.0,Sense
2025-08-17T04:18:33Z,91.0,Sense
2025-08-17T04:18:43Z,92.0,Sense
2025-08-17T04:18:48Z,94.0,Sense
2025-08-17T04:19:03Z,95.0,Sense
2025-08-17T04:19:08Z,96.0,Sense
2025-08-17T04:19:13Z,98.0,Sense
2025-08-17T04:19:18Z,99.0,Sense
2025-08-17T04:19:28Z,100.0,Sense
2025-08-17T04:19:33Z,99.0,Sense
2025-08-17T04:19:38Z,99.0,Sense
2025-08-17T04:19:48Z,98.0,Sense
2025-08-17T04:19:53Z,97.0,Sense
2025-08-17T04:20:03Z,95.0,Sense
2025-08-17T04:20:08Z,92.0,Sense
2025-08-17T04:20:13Z,93.0,Sense
2025-08-17T04:20:23Z,94.0,Sense
2025-08-17T04:20:28Z,95.0,Sense
2025-08-17T04:20:43Z,95.0,Sense
2025-08-17T04:20:53Z,96.0,Sense
2025-08-17T04:21:08Z,98.0,Sense
2025-08-17T04:21:23Z,98.0,Sense
2025-08-17T04:21:28Z,99.0,Sense
2025-08-17T04:21:33Z,98.0,Sense
2025-08-17T04:21:48Z,98.0,Sense
2025-08-17T04:21:53Z,98.0,Sense
2025-08-17T04:21:58Z,101.0,Sense
2025-08-17T04:22:03Z,96.0,Sense
2025-08-17T04:22:18Z,98.0,Sense
2025-08-17T04:22:33Z,98.0,Sense
2025-08-17T04:22:43Z,95.0,Sense
2025-08-17T04:22:58Z,95.0,Sense
2025-08-17T04:23:08Z,95.0,Sense
2025-08-17T04:23:13Z,95.0,Sense
2025-08-17T04:23:23Z,94.0,Sense
2025-08-17T04:23:28Z,94.0,Sense
2025-08-17T04:23:43Z,96.0,Sense
2025-08-17T04:23:48Z,97.0,Sense
2025-08-17T04:23:53Z,99.0,Sense
2025-08-17T04:24:08Z,99.0,Sense
2025-08-17T04:24:13Z,100.0,Sense
2025-08-17T04:24:18Z,101.0,Sense
2025-08-17T04:24:33Z,102.0,Sense
2025-08-17T04:24:38Z,101.0,Sense
2025-08-17T04:24:48Z,107.0,Sense
2025-08-17T04:24:53Z,121.0,Sense
2025-08-17T04:24:58Z,120.0,Sense
2025-08-17T04:25:03Z,114.0,Sense
2025-08-17T04:25:08Z,113.0,Sense
2025-08-17T04:25:13Z,111.0,Sense
2025-08-17T04:25:18Z,108.0,Sense
2025-08-17T04:25:23Z,107.0,Sense
2025-08-17T04:25:28Z,93.0,Sense
2025-08-17T04:25:43Z,93.0,Sense
2025-08-17T04:25:53Z,98.0,Sense
2025-08-17T04:25:58Z,104.0,Sense
2025-08-17T04:26:13Z,103.0,Sense
2025-08-17T04:26:18Z,103.0,Sense
2025-08-17T04:26:23Z,100.0,Sense
2025-08-17T04:26:28Z,97.0,Sense
2025-08-17T04:26:33Z,95.0,Sense
2025-08-17T04:26:38Z,94.0,Sense
2025-08-17T04:26:48Z,95.0,Sense
2025-08-17T04:26:58Z,94.0,Sense
2025-08-17T04:27:03Z,92.0,Sense
2025-08-17T04:27:08Z,91.0,Sense
2025-08-17T04:27:13Z,92.0,Sense
2025-08-17T04:27:23Z,95.0,Sense
2025-08-17T04:27:28Z,97.0,Sense
2025-08-17T04:27:33Z,93.0,Sense
2025-08-17T04:27:38Z,90.0,Sense
2025-08-17T04:27:53Z,90.0,Sense
2025-08-17T04:28:03Z,91.0,Sense
2025-08-17T04:28:08Z,92.0,Sense
2025-08-17T04:28:13Z,91.0,Sense
2025-08-17T04:28:23Z,92.0,Sense
2025-08-17T04:28:28Z,93.0,Sense
2025-08-17T04:28:33Z,92.0,Sense
2025-08-17T04:28:48Z,92.0,Sense
2025-08-17T04:28:53Z,92.0,Sense
2025-08-17T04:28:58Z,91.0,Sense
2025-08-17T04:29:03Z,92.0,Sense
2025-08-17T04:29:13Z,104.0,Sense
2025-08-17T04:29:18Z,134.0,Sense
2025-08-17T04:29:28Z,133.0,Sense
2025-08-17T04:29:33Z,132.0,Sense
2025-08-17T04:29:38Z,131.0,Sense
2025-08-17T04:29:43Z,128.0,Sense
2025-08-17T04:29:48Z,129.0,Sense
2025-08-17T04:29:53Z,131.0,Sense
2025-08-17T04:29:58Z,128.0,Sense
2025-08-17T04:30:03Z,126.0,Sense
2025-08-17T04:30:08Z,121.0,Sense
2025-08-17T04:30:13Z,120.0,Sense
2025-08-17T04:30:18Z,115.0,Sense
2025-08-17T04:30:23Z,107.0,Sense
2025-08-17T04:30:28Z,103.0,Sense
2025-08-17T04:30:33Z,105.0,Sense
2025-08-17T04:30:48Z,105.0,Sense
2025-08-17T04:30:53Z,104.0,Sense
2025-08-17T04:30:58Z,103.0,Sense
2025-08-17T04:31:03Z,107.0,Sense
2025-08-17T04:31:08Z,102.0,Sense
2025-08-17T04:31:13Z,100.0,Sense
2025-08-17T04:31:18Z,103.0,Sense
2025-08-17T04:31:23Z,99.0,Sense
2025-08-17T04:31:28Z,122.0,Sense
2025-08-17T04:31:33Z,124.0,Sense
2025-08-17T04:31:38Z,123.0,Sense
2025-08-17T04:31:43Z,124.0,Sense
2025-08-17T04:31:48Z,122.0,Sense
2025-08-17T04:31:53Z,119.0,Sense
2025-08-17T04:31:58Z,117.0,Sense
2025-08-17T04:32:03Z,114.0,Sense
2025-08-17T04:32:08Z,112.0,Sense
2025-08-17T04:32:13Z,113.0,Sense
2025-08-17T04:32:18Z,117.0,Sense
2025-08-17T04:32:23Z,123.0,Sense
2025-08-17T04:32:28Z,135.0,Sense
2025-08-17T04:32:43Z,139.0,Sense
2025-08-17T04:32:48Z,141.0,Sense
2025-08-17T04:32:53Z,140.0,Sense
2025-08-17T04:32:58Z,139.0,Sense
2025-08-17T04:33:03Z,145.0,Sense
2025-08-17T04:33:08Z,150.0,Sense
2025-08-17T04:33:18Z,149.0,Sense
2025-08-17T04:33:23Z,148.0,Sense
2025-08-17T04:33:28Z,148.0,Sense
2025-08-17T04:33:33Z,146.0,Sense
2025-08-17T04:33:38Z,140.0,Sense
2025-08-17T04:33:43Z,137.0,Sense
2025-08-17T04:33:48Z,136.0,Sense
2025-08-17T04:33:53Z,129.0,Sense
2025-08-17T04:33:58Z,121.0,Sense
2025-08-17T04:34:03Z,115.0,Sense
2025-08-17T04:34:08Z,111.0,Sense
2025-08-17T04:34:13Z,107.0,Sense
2025-08-17T04:34:18Z,101.0,Sense
2025-08-17T04:34:23Z,100.0,Sense
2025-08-17T04:34:28Z,100.0,Sense
2025-08-17T04:34:33Z,97.0,Sense
2025-08-17T04:34:38Z,99.0,Sense
2025-08-17T04:34:43Z,102.0,Sense
2025-08-17T04:34:48Z,99.0,Sense
2025-08-17T04:34:53Z,97.0,Sense
2025-08-17T04:34:58Z,96.0,Sense
2025-08-17T04:35:03Z,99.0,Sense
2025-08-17T04:35:08Z,102.0,Sense
2025-08-17T04:35:13Z,100.0,Sense
2025-08-17T04:35:18Z,99.0,Sense
2025-08-17T04:35:33Z,99.0,Sense
2025-08-17T04:35:38Z,98.0,Sense
2025-08-17T04:35:43Z,99.0,Sense
2025-08-17T04:35:58Z,97.0,Sense
2025-08-17T04:36:08Z,99.0,Sense
2025-08-17T04:36:13Z,98.0,Sense
2025-08-17T04:36:23Z,99.0,Sense
2025-08-17T04:36:28Z,97.0,Sense
2025-08-17T04:36:43Z,98.0,Sense
2025-08-17T04:36:48Z,98.0,Sense
2025-08-17T04:36:53Z,97.0,Sense
2025-08-17T04:37:03Z,96.0,Sense
2025-08-17T04:37:18Z,96.0,Sense
2025-08-17T04:37:28Z,104.0,Sense
2025-08-17T04:37:33Z,126.0,Sense
2025-08-17T04:37:38Z,124.0,Sense
2025-08-17T04:37:43Z,122.0,Sense
2025-08-17T04:37:53Z,122.0,Sense
2025-08-17T04:37:58Z,121.0,Sense
2025-08-17T04:38:03Z,123.0,Sense
2025-08-17T04:38:08Z,121.0,Sense
2025-08-17T04:38:23Z,113.0,Sense
2025-08-17T04:38:33Z,119.0,Sense
2025-08-17T04:38:38Z,123.0,Sense
2025-08-17T04:38:43Z,123.0,Sense
2025-08-17T04:38:48Z,125.0,Sense
2025-08-17T04:38:53Z,127.0,Sense
2025-08-17T04:39:03Z,129.0,Sense
2025-08-17T04:39:08Z,130.0,Sense
2025-08-17T04:39:18Z,129.0,Sense
2025-08-17T04:39:33Z,129.0,Sense
2025-08-17T04:39:48Z,128.0,Sense
2025-08-17T04:39:53Z,127.0,Sense
2025-08-17T04:39:58Z,122.0,Sense
2025-08-17T04:40:03Z,116.0,Sense
2025-08-17T04:40:08Z,117.0,Sense
2025-08-17T04:40:13Z,112.0,Sense
2025-08-17T04:40:23Z,110.0,Sense
2025-08-17T04:40:28Z,101.0,Sense
2025-08-17T04:40:33Z,98.0,Sense
2025-08-17T04:40:38Z,95.0,Sense
2025-08-17T04:40:43Z,96.0,Sense
2025-08-17T04:40:48Z,98.0,Sense
2025-08-17T04:40:53Z,97.0,Sense
2025-08-17T04:40:58Z,93.0,Sense
2025-08-17T04:41:03Z,92.0,Sense
2025-08-17T04:41:08Z,87.0,Sense
2025-08-17T04:41:13Z,85.0,Sense
2025-08-17T04:41:28Z,85.0,Sense
2025-08-17T04:41:33Z,84.0,Sense
2025-08-17T04:41:38Z,87.0,Sense
2025-08-17T04:41:43Z,88.0,Sense
2025-08-17T04:41:48Z,87.0,Sense
2025-08-17T04:41:58Z,93.0,Sense
2025-08-17T04:42:03Z,104.0,Sense
2025-08-17T04:42:08Z,105.0,Sense
2025-08-17T04:42:18Z,104.0,Sense
2025-08-17T04:42:23Z,104.0,Sense
2025-08-17T04:42:38Z,104.0,Sense
2025-08-17T04:42:48Z,102.0,Sense
2025-08-17T04:42:53Z,100.0,Sense
2025-08-17T04:42:58Z,103.0,Sense
2025-08-17T04:43:03Z,106.0,Sense
2025-08-17T04:43:08Z,107.0,Sense
2025-08-17T04:43:18Z,111.0,Sense
2025-08-17T04:43:23Z,120.0,Sense
2025-08-17T04:43:38Z,120.0,Sense
2025-08-17T04:43:43Z,118.0,Sense
2025-08-17T04:43:48Z,119.0,Sense
2025-08-17T04:43:53Z,143.0,Sense
2025-08-17T04:43:58Z,158.0,Sense
2025-08-17T04:44:03Z,157.0,Sense
2025-08-17T04:44:08Z,156.0,Sense
2025-08-17T04:44:13Z,153.0,Sense
2025-08-17T04:44:18Z,150.0,Sense
2025-08-17T04:44:28Z,148.0,Sense
2025-08-17T04:44:33Z,140.0,Sense
2025-08-17T04:44:38Z,132.0,Sense
2025-08-17T04:44:43Z,123.0,Sense
2025-08-17T04:44:48Z,122.0,Sense
2025-08-17T04:44:53Z,148.0,Sense
2025-08-17T04:44:58Z,165.0,Sense
2025-08-17T04:45:13Z,163.0,Sense
2025-08-17T04:45:18Z,158.0,Sense
2025-08-17T04:45:23Z,151.0,Sense
2025-08-17T04:45:28Z,144.0,Sense
2025-08-17T04:45:33Z,140.0,Sense
2025-08-17T04:45:38Z,138.0,Sense
2025-08-17T04:45:43Z,132.0,Sense
2025-08-17T04:45:48Z,126.0,Sense
2025-08-17T04:46:03Z,126.0,Sense
2025-08-17T04:46:08Z,116.0,Sense
2025-08-17T04:46:13Z,110.0,Sense
2025-08-17T04:46:18Z,109.0,Sense
2025-08-17T04:46:23Z,108.0,Sense
2025-08-17T04:46:28Z,107.0,Sense
2025-08-17T04:46:33Z,106.0,Sense
2025-08-17T04:46:38Z,98.0,Sense
2025-08-17T04:46:43Z,97.0,Sense
2025-08-17T04:46:58Z,94.0,Sense
2025-08-17T04:47:03Z,99.0,Sense
2025-08-17T04:47:08Z,100.0,Sense
2025-08-17T04:47:13Z,93.0,Sense
2025-08-17T04:47:18Z,91.0,Sense
2025-08-17T04:47:33Z,92.0,Sense
2025-08-17T04:47:38Z,91.0,Sense
2025-08-17T04:47:43Z,79.0,Sense
2025-08-17T04:47:48Z,77.0,Sense
2025-08-17T04:47:53Z,76.0,Sense
2025-08-17T04:48:03Z,77.0,Sense
2025-08-17T04:48:18Z,78.0,Sense
2025-08-17T04:48:23Z,80.0,Sense
2025-08-17T04:48:33Z,77.0,Sense
2025-08-17T04:48:38Z,75.0,Sense
2025-08-17T04:48:48Z,72.0,Sense
2025-08-17T04:49:03Z,72.0,Sense
2025-08-17T04:49:13Z,73.0,Sense
2025-08-17T04:49:18Z,75.0,Sense
2025-08-17T04:49:23Z,88.0,Sense
2025-08-17T04:49:28Z,87.0,Sense
2025-08-17T04:49:38Z,88.0,Sense
2025-08-17T04:49:43Z,85.0,Sense
2025-08-17T04:49:48Z,75.0,Sense
2025-08-17T04:49:53Z,74.0,Sense
2025-08-17T04:50:08Z,75.0,Sense
2025-08-17T04:50:13Z,75.0,Sense
2025-08-17T04:50:23Z,76.0,Sense
2025-08-17T04:50:38Z,73.0,Sense
2025-08-17T04:50:43Z,72.0,Sense
2025-08-17T04:50:48Z,87.0,Sense
2025-08-17T04:50:53Z,88.0,Sense
2025-08-17T04:50:58Z,87.0,Sense
2025-08-17T04:51:08Z,88.0,Sense
2025-08-17T04:51:13Z,87.0,Sense
2025-08-17T04:51:28Z,93.0,Sense
2025-08-17T04:51:33Z,96.0,Sense
2025-08-17T04:51:38Z,94.0,Sense
2025-08-17T04:51:43Z,93.0,Sense
2025-08-17T04:51:48Z,95.0,Sense
2025-08-17T04:52:03Z,95.0,Sense
2025-08-17T04:52:08Z,96.0,Sense
2025-08-17T04:52:13Z,97.0,Sense
2025-08-17T04:52:23Z,94.0,Sense
2025-08-17T04:52:28Z,93.0,Sense
2025-08-17T04:52:38Z,94.0,Sense
2025-08-17T04:52:43Z,97.0,Sense
2025-08-17T04:52:48Z,100.0,Sense
2025-08-17T04:52:58Z,97.0,Sense
2025-08-17T04:53:13Z,96.0,Sense
2025-08-17T04:53:18Z,97.0,Sense
2025-08-17T04:53:23Z,98.0,Sense
2025-08-17T04:53:28Z,117.0,Sense
2025-08-17T04:53:33Z,116.0,Sense
2025-08-17T04:53:38Z,115.0,Sense
2025-08-17T04:53:43Z,114.0,Sense
2025-08-17T04:53:48Z,116.0,Sense
2025-08-17T04:53:53Z,111.0,Sense
2025-08-17T04:53:58Z,109.0,Sense
2025-08-17T04:54:03Z,115.0,Sense
2025-08-17T04:54:08Z,108.0,Sense
2025-08-17T04:54:13Z,105.0,Sense
2025-08-17T04:54:18Z,106.0,Sense
2025-08-17T04:54:23Z,107.0,Sense
2025-08-17T04:54:28Z,104.0,Sense
2025-08-17T04:54:38Z,101.0,Sense
2025-08-17T04:54:43Z,101.0,Sense
2025-08-17T04:54:48Z,100.0,Sense
2025-08-17T04:54:58Z,96.0,Sense
2025-08-17T04:55:03Z,101.0,Sense
2025-08-17T04:55:08Z,106.0,Sense
2025-08-17T04:55:13Z,105.0,Sense
2025-08-17T04:55:23Z,108.0,Sense
2025-08-17T04:55:28Z,111.0,Sense
2025-08-17T04:55:33Z,112.0,Sense
2025-08-17T04:55:38Z,107.0,Sense
2025-08-17T04:55:43Z,106.0,Sense
2025-08-17T04:55:48Z,103.0,Sense
2025-08-17T04:55:53Z,106.0,Sense
2025-08-17T04:55:58Z,108.0,Sense
2025-08-17T04:56:03Z,115.0,Sense
2025-08-17T04:56:08Z,121.0,Sense
2025-08-17T04:56:13Z,119.0,Sense
2025-08-17T04:56:18Z,118.0,Sense
2025-08-17T04:56:28Z,117.0,Sense
2025-08-17T04:56:33Z,115.0,Sense
2025-08-17T04:56:38Z,108.0,Sense
2025-08-17T04:56:43Z,103.0,Sense
2025-08-17T04:56:48Z,107.0,Sense
2025-08-17T04:57:03Z,108.0,Sense
2025-08-17T04:57:08Z,107.0,Sense
2025-08-17T04:57:23Z,107.0,Sense
2025-08-17T04:57:28Z,104.0,Sense
2025-08-17T04:57:33Z,102.0,Sense
2025-08-17T04:57:38Z,98.0,Sense
2025-08-17T04:57:53Z,97.0,Sense
2025-08-17T04:58:03Z,99.0,Sense
2025-08-17T04:58:08Z,101.0,Sense
2025-08-17T04:58:23Z,99.0,Sense
2025-08-17T04:58:28Z,123.0,Sense
2025-08-17T04:58:33Z,131.0,Sense
2025-08-17T04:58:38Z,130.0,Sense
2025-08-17T04:58:43Z,128.0,Sense
2025-08-17T04:58:48Z,124.0,Sense
2025-08-17T04:58:53Z,120.0,Sense
2025-08-17T04:59:08Z,120.0,Sense
2025-08-17T04:59:13Z,124.0,Sense
2025-08-17T04:59:18Z,143.0,Sense
2025-08-17T04:59:33Z,153.0,Sense
2025-08-17T04:59:38Z,163.0,Sense
2025-08-17T04:59:43Z,162.0,Sense
2025-08-17T04:59:48Z,161.0,Sense
2025-08-17T04:59:53Z,160.0,Sense
2025-08-17T05:00:03Z,159.0,Sense
2025-08-17T05:00:08Z,156.0,Sense
2025-08-17T05:00:13Z,151.0,Sense
2025-08-17T05:00:18Z,143.0,Sense
2025-08-17T05:00:23Z,134.0,Sense
2025-08-17T05:00:28Z,125.0,Sense
2025-08-17T05:00:33Z,119.0,Sense
2025-08-17T05:00:38Z,118.0,Sense
2025-08-17T05:00:43Z,117.0,Sense
2025-08-17T05:00:48Z,118.0,Sense
2025-08-17T05:00:53Z,117.0,Sense
2025-08-17T05:00:58Z,118.0,Sense
2025-08-17T05:01:03Z,113.0,Sense
2025-08-17T05:01:08Z,107.0,Sense
2025-08-17T05:01:13Z,99.0,Sense
2025-08-17T05:01:18Z,96.0,Sense
2025-08-17T05:01:23Z,97.0,Sense
2025-08-17T05:01:28Z,93.0,Sense
2025-08-17T05:01:33Z,90.0,Sense
2025-08-17T05:01:38Z,92.0,Sense
2025-08-17T05:01:43Z,88.0,Sense
2025-08-17T05:01:53Z,88.0,Sense
2025-08-17T05:02:08Z,87.0,Sense
2025-08-17T05:02:13Z,80.0,Sense
2025-08-17T05:02:18Z,75.0,Sense
2025-08-17T05:02:28Z,76.0,Sense
2025-08-17T05:02:33Z,77.0,Sense
2025-08-17T05:02:48Z,79.0,Sense
2025-08-17T05:02:53Z,109.0,Sense
2025-08-17T05:02:58Z,115.0,Sense
2025-08-17T05:03:03Z,116.0,Sense
2025-08-17T05:03:13Z,115.0,Sense
2025-08-17T05:03:18Z,113.0,Sense
2025-08-17T05:03:23Z,106.0,Sense
2025-08-17T05:03:28Z,98.0,Sense
2025-08-17T05:03:33Z,97.0,Sense
2025-08-17T05:03:43Z,99.0,Sense
2025-08-17T05:03:48Z,98.0,Sense
2025-08-17T05:03:53Z,96.0,Sense
2025-08-17T05:03:58Z,91.0,Sense
2025-08-17T05:04:03Z,86.0,Sense
2025-08-17T05:04:08Z,84.0,Sense
2025-08-17T05:04:13Z,83.0,Sense
2025-08-17T05:04:28Z,84.0,Sense
2025-08-17T05:04:33Z,81.0,Sense
2025-08-17T05:04:43Z,80.0,Sense
2025-08-17T05:04:48Z,72.0,Sense
2025-08-17T05:04:53Z,71.0,Sense
2025-08-17T05:04:58Z,90.0,Sense
2025-08-17T05:05:03Z,92.0,Sense
2025-08-17T05:05:13Z,98.0,Sense
2025-08-17T05:05:18Z,99.0,Sense
2025-08-17T05:05:33Z,99.0,Sense
2025-08-17T05:05:38Z,99.0,Sense
2025-08-17T05:05:43Z,98.0,Sense
2025-08-17T05:05:58Z,97.0,Sense
2025-08-17T05:06:03Z,96.0,Sense
2025-08-17T05:06:08Z,95.0,Sense
2025-08-17T05:06:13Z,96.0,Sense
2025-08-17T05:06:18Z,97.0,Sense
2025-08-17T05:06:23Z,99.0,Sense
2025-08-17T05:06:28Z,100.0,Sense
2025-08-17T05:06:33Z,101.0,Sense
2025-08-17T05:06:38Z,102.0,Sense
2025-08-17T05:06:43Z,101.0,Sense
2025-08-17T05:06:48Z,102.0,Sense
2025-08-17T05:06:58Z,101.0,Sense
2025-08-17T05:07:03Z,100.0,Sense
2025-08-17T05:07:13Z,97.0,Sense
2025-08-17T05:07:18Z,92.0,Sense
2025-08-17T05:07:33Z,93.0,Sense
2025-08-17T05:07:48Z,94.0,Sense
2025-08-17T05:07:53Z,94.0,Sense
2025-08-17T05:08:08Z,95.0,Sense
2025-08-17T05:08:13Z,94.0,Sense
2025-08-17T05:08:18Z,95.0,Sense
2025-08-17T05:08:23Z,96.0,Sense
2025-08-17T05:08:28Z,97.0,Sense
2025-08-17T05:08:33Z,96.0,Sense
2025-08-17T05:08:43Z,95.0,Sense
2025-08-17T05:08:53Z,96.0,Sense
2025-08-17T05:09:03Z,95.0,Sense
2025-08-17T05:09:08Z,96.0,Sense
2025-08-17T05:09:13Z,97.0,Sense
2025-08-17T05:09:18Z,98.0,Sense
2025-08-17T05:09:23Z,99.0,Sense
2025-08-17T05:09:33Z,98.0,Sense
2025-08-17T05:09:48Z,100.0,Sense
2025-08-17T05:09:58Z,99.0,Sense
2025-08-17T05:10:03Z,100.0,Sense
2025-08-17T05:10:18Z,99.0,Sense
2025-08-17T05:10:33Z,98.0,Sense
2025-08-17T05:10:43Z,97.0,Sense
2025-08-17T05:10:53Z,98.0,Sense
2025-08-17T05:11:03Z,97.0,Sense
2025-08-17T05:11:13Z,97.0,Sense
2025-08-17T05:11:18Z,98.0,Sense
2025-08-17T05:11:23Z,99.0,Sense
2025-08-17T05:11:33Z,100.0,Sense
2025-08-17T05:11:38Z,99.0,Sense
2025-08-17T05:11:48Z,136.0,Sense
2025-08-17T05:11:53Z,140.0,Sense
2025-08-17T05:11:58Z,138.0,Sense
2025-08-17T05:12:03Z,137.0,Sense
2025-08-17T05:12:08Z,138.0,Sense
2025-08-17T05:12:13Z,150.0,Sense
2025-08-17T05:12:18Z,160.0,Sense
2025-08-17T05:12:33Z,159.0,Sense
2025-08-17T05:12:38Z,163.0,Sense
2025-08-17T05:12:43Z,164.0,Sense
2025-08-17T05:12:48Z,160.0,Sense
2025-08-17T05:12:53Z,167.0,Sense
2025-08-17T05:12:58Z,166.0,Sense
2025-08-17T05:13:03Z,163.0,Sense
2025-08-17T05:13:13Z,162.0,Sense
2025-08-17T05:13:18Z,159.0,Sense
2025-08-17T05:13:23Z,153.0,Sense
2025-08-17T05:13:28Z,151.0,Sense
2025-08-17T05:13:33Z,144.0,Sense
2025-08-17T05:13:38Z,139.0,Sense
2025-08-17T05:13:48Z,137.0,Sense
2025-08-17T05:13:53Z,136.0,Sense
2025-08-17T05:13:58Z,131.0,Sense
2025-08-17T05:14:03Z,128.0,Sense
2025-08-17T05:14:08Z,132.0,Sense
2025-08-17T05:14:13Z,132.0,Sense
2025-08-17T05:14:23Z,130.0,Sense
2025-08-17T05:14:28Z,126.0,Sense
2025-08-17T05:14:33Z,125.0,Sense
2025-08-17T05:14:38Z,119.0,Sense
2025-08-17T05:14:43Z,133.0,Sense
2025-08-17T05:14:48Z,136.0,Sense
2025-08-17T05:15:03Z,136.0,Sense
2025-08-17T05:15:08Z,135.0,Sense
2025-08-17T05:15:13Z,133.0,Sense
2025-08-17T05:15:18Z,131.0,Sense
2025-08-17T05:15:23Z,129.0,Sense
2025-08-17T05:15:28Z,126.0,Sense
2025-08-17T05:15:33Z,125.0,Sense
2025-08-17T05:15:43Z,121.0,Sense
2025-08-17T05:15:48Z,120.0,Sense
2025-08-17T05:15:53Z,115.0,Sense
2025-08-17T05:15:58Z,111.0,Sense
2025-08-17T05:16:03Z,109.0,Sense
2025-08-17T05:16:08Z,108.0,Sense
2025-08-17T05:16:13Z,108.0,Sense
2025-08-17T05:16:18Z,107.0,Sense
2025-08-17T05:16:23Z,103.0,Sense
2025-08-17T05:16:28Z,101.0,Sense
2025-08-17T05:16:33Z,109.0,Sense
2025-08-17T05:16:38Z,114.0,Sense
2025-08-17T05:16:48Z,112.0,Sense
2025-08-17T05:16:53Z,108.0,Sense
2025-08-17T05:16:58Z,102.0,Sense
2025-08-17T05:17:13Z,96.0,Sense
2025-08-17T05:17:18Z,88.0,Sense
2025-08-17T05:17:23Z,85.0,Sense
2025-08-17T05:17:28Z,78.0,Sense
2025-08-17T05:17:33Z,66.0,Sense
2025-08-17T05:17:38Z,64.0,Sense
2025-08-17T05:17:48Z,65.0,Sense
2025-08-17T05:17:53Z,67.0,Sense
2025-08-17T05:17:58Z,71.0,Sense
2025-08-17T05:18:03Z,73.0,Sense
2025-08-17T05:18:08Z,75.0,Sense
2025-08-17T05:18:13Z,79.0,Sense
2025-08-17T05:18:18Z,82.0,Sense
2025-08-17T05:18:23Z,85.0,Sense
2025-08-17T05:18:28Z,88.0,Sense
2025-08-17T05:18:33Z,90.0,Sense
2025-08-17T05:18:38Z,90.0,Sense
2025-08-17T05:18:43Z,91.0,Sense
2025-08-17T05:18:48Z,93.0,Sense
2025-08-17T05:18:53Z,95.0,Sense
2025-08-17T05:18:58Z,96.0,Sense
2025-08-17T05:19:03Z,97.0,Sense
2025-08-17T05:19:08Z,96.0,Sense
2025-08-17T05:19:13Z,98.0,Sense
2025-08-17T05:19:18Z,99.0,Sense
2025-08-17T05:19:23Z,98.0,Sense
2025-08-17T05:19:33Z,99.0,Sense
2025-08-17T05:19:48Z,100.0,Sense
2025-08-17T05:20:03Z,100.0,Sense
2025-08-17T05:20:08Z,99.0,Sense
2025-08-17T05:20:18Z,100.0,Sense
2025-08-17T05:20:33Z,100.0,Sense
2025-08-17T05:20:48Z,100.0,Sense
2025-08-17T05:20:53Z,101.0,Sense
2025-08-17T05:20:58Z,102.0,Sense
2025-08-17T05:21:03Z,100.0,Sense
2025-08-17T05:21:18Z,100.0,Sense
2025-08-17T05:21:33Z,99.0,Sense
2025-08-17T05:21:38Z,98.0,Sense
2025-08-17T05:21:43Z,99.0,Sense
2025-08-17T05:21:48Z,101.0,Sense
2025-08-17T05:21:53Z,100.0,Sense
2025-08-17T05:21:58Z,101.0,Sense
2025-08-17T05:22:03Z,102.0,Sense
2025-08-17T05:22:08Z,98.0,Sense
2025-08-17T05:22:18Z,97.0,Sense
2025-08-17T05:22:33Z,98.0,Sense
2025-08-17T05:22:38Z,99.0,Sense
2025-08-17T05:22:43Z,99.0,Sense
2025-08-17T05:22:58Z,99.0,Sense
2025-08-17T05:23:03Z,106.0,Sense
2025-08-17T05:23:08Z,105.0,Sense
2025-08-17T05:23:13Z,104.0,Sense
2025-08-17T05:23:18Z,113.0,Sense
2025-08-17T05:23:28Z,107.0,Sense
2025-08-17T05:23:33Z,106.0,Sense
2025-08-17T05:23:43Z,107.0,Sense
2025-08-17T05:23:48Z,106.0,Sense
2025-08-17T05:23:53Z,104.0,Sense
2025-08-17T05:23:58Z,102.0,Sense
2025-08-17T05:24:03Z,99.0,Sense
2025-08-17T05:24:18Z,99.0,Sense
2025-08-17T05:24:28Z,98.0,Sense
2025-08-17T05:24:43Z,97.0,Sense
2025-08-17T05:24:48Z,96.0,Sense
2025-08-17T05:25:03Z,97.0,Sense
2025-08-17T05:25:13Z,98.0,Sense
2025-08-17T05:25:18Z,97.0,Sense
2025-08-17T05:25:33Z,97.0,Sense
2025-08-17T05:25:38Z,98.0,Sense
2025-08-17T05:25:48Z,99.0,Sense
2025-08-17T05:25:58Z,98.0,Sense
2025-08-17T05:26:08Z,99.0,Sense
2025-08-17T05:26:13Z,100.0,Sense
2025-08-17T05:26:18Z,101.0,Sense
2025-08-17T05:26:23Z,100.0,Sense
2025-08-17T05:26:28Z,99.0,Sense
2025-08-17T05:26:33Z,98.0,Sense
2025-08-17T05:26:38Z,96.0,Sense
2025-08-17T05:26:43Z,93.0,Sense
2025-08-17T05:26:58Z,94.0,Sense
2025-08-17T05:27:03Z,95.0,Sense
2025-08-17T05:27:08Z,95.0,Sense
2025-08-17T05:27:13Z,96.0,Sense
2025-08-17T05:27:28Z,97.0,Sense
2025-08-17T05:27:38Z,98.0,Sense
2025-08-17T05:27:43Z,99.0,Sense
2025-08-17T05:27:48Z,98.0,Sense
2025-08-17T05:27:53Z,99.0,Sense
2025-08-17T05:28:03Z,107.0,Sense
2025-08-17T05:28:08Z,110.0,Sense
2025-08-17T05:28:13Z,108.0,Sense
2025-08-17T05:28:18Z,107.0,Sense
2025-08-17T05:28:23Z,108.0,Sense
2025-08-17T05:28:28Z,107.0,Sense
2025-08-17T05:28:33Z,106.0,Sense
2025-08-17T05:28:38Z,105.0,Sense
2025-08-17T05:28:43Z,102.0,Sense
2025-08-17T05:28:48Z,100.0,Sense
2025-08-17T05:28:53Z,97.0,Sense
2025-08-17T05:28:58Z,96.0,Sense
2025-08-17T05:29:08Z,98.0,Sense
2025-08-17T05:29:13Z,99.0,Sense
2025-08-17T05:29:18Z,99.0,Sense
2025-08-17T05:29:33Z,100.0,Sense
2025-08-17T05:29:38Z,101.0,Sense
2025-08-17T05:29:43Z,102.0,Sense
2025-08-17T05:29:48Z,103.0,Sense
2025-08-17T05:29:53Z,102.0,Sense
2025-08-17T05:29:58Z,101.0,Sense
2025-08-17T05:30:03Z,99.0,Sense
2025-08-17T05:30:08Z,90.0,Sense
2025-08-17T05:30:13Z,89.0,Sense
2025-08-17T05:30:18Z,90.0,Sense
2025-08-17T05:30:28Z,92.0,Sense
2025-08-17T05:30:33Z,93.0,Sense
2025-08-17T05:30:38Z,94.0,Sense
2025-08-17T05:30:43Z,94.0,Sense
2025-08-17T05:30:53Z,93.0,Sense
2025-08-17T05:30:58Z,94.0,Sense
2025-08-17T05:31:03Z,96.0,Sense
2025-08-17T05:31:08Z,98.0,Sense
2025-08-17T05:31:13Z,97.0,Sense
2025-08-17T05:31:18Z,96.0,Sense
2025-08-17T05:31:23Z,98.0,Sense
2025-08-17T05:31:28Z,103.0,Sense
2025-08-17T05:31:43Z,104.0,Sense
2025-08-17T05:31:48Z,102.0,Sense
2025-08-17T05:31:53Z,100.0,Sense
2025-08-17T05:31:58Z,97.0,Sense
2025-08-17T05:32:03Z,96.0,Sense
2025-08-17T05:32:08Z,98.0,Sense
2025-08-17T05:32:13Z,102.0,Sense
2025-08-17T05:32:23Z,103.0,Sense
2025-08-17T05:32:33Z,104.0,Sense
2025-08-17T05:32:38Z,105.0,Sense
2025-08-17T05:32:43Z,104.0,Sense
2025-08-17T05:32:48Z,102.0,Sense
2025-08-17T05:32:58Z,104.0,Sense
2025-08-17T05:33:13Z,103.0,Sense
2025-08-17T05:33:18Z,102.0,Sense
2025-08-17T05:33:23Z,100.0,Sense
2025-08-17T05:33:28Z,99.0,Sense
2025-08-17T05:33:38Z,100.0,Sense
2025-08-17T05:33:43Z,99.0,Sense
2025-08-17T05:33:48Z,98.0,Sense
2025-08-17T05:33:53Z,99.0,Sense
2025-08-17T05:33:58Z,100.0,Sense
2025-08-17T05:34:03Z,100.0,Sense
2025-08-17T05:34:18Z,100.0,Sense
2025-08-17T05:34:23Z,98.0,Sense
2025-08-17T05:34:28Z,97.0,Sense
2025-08-17T05:34:38Z,98.0,Sense
2025-08-17T05:34:43Z,97.0,Sense
2025-08-17T05:34:48Z,96.0,Sense
2025-08-17T05:34:58Z,101.0,Sense
2025-08-17T05:35:03Z,136.0,Sense
2025-08-17T05:35:13Z,134.0,Sense
2025-08-17T05:35:18Z,133.0,Sense
2025-08-17T05:35:23Z,130.0,Sense
2025-08-17T05:35:28Z,123.0,Sense
2025-08-17T05:35:33Z,119.0,Sense
2025-08-17T05:35:38Z,116.0,Sense
2025-08-17T05:35:43Z,112.0,Sense
2025-08-17T05:35:48Z,109.0,Sense
2025-08-17T05:35:53Z,108.0,Sense
2025-08-17T05:35:58Z,107.0,Sense
2025-08-17T05:36:03Z,106.0,Sense
2025-08-17T05:36:08Z,104.0,Sense
2025-08-17T05:36:13Z,103.0,Sense
2025-08-17T05:36:23Z,104.0,Sense
2025-08-17T05:36:28Z,105.0,Sense
2025-08-17T05:36:33Z,101.0,Sense
2025-08-17T05:36:38Z,99.0,Sense
2025-08-17T05:36:43Z,97.0,Sense
2025-08-17T05:36:48Z,95.0,Sense
2025-08-17T05:36:58Z,94.0,Sense
2025-08-17T05:37:13Z,94.0,Sense
2025-08-17T05:37:18Z,93.0,Sense
2025-08-17T05:37:28Z,92.0,Sense
2025-08-17T05:37:38Z,93.0,Sense
2025-08-17T05:37:43Z,94.0,Sense
2025-08-17T05:37:48Z,95.0,Sense
2025-08-17T05:38:03Z,95.0,Sense
2025-08-17T05:38:08Z,94.0,Sense
2025-08-17T05:38:13Z,95.0,Sense
2025-08-17T05:38:18Z,91.0,Sense
2025-08-17T05:38:23Z,99.0,Sense
2025-08-17T05:38:28Z,107.0,Sense
2025-08-17T05:38:33Z,110.0,Sense
2025-08-17T05:38:38Z,111.0,Sense
2025-08-17T05:38:48Z,111.0,Sense
2025-08-17T05:38:53Z,110.0,Sense
2025-08-17T05:38:58Z,109.0,Sense
2025-08-17T05:39:03Z,108.0,Sense
2025-08-17T05:39:13Z,106.0,Sense
2025-08-17T05:39:18Z,107.0,Sense
2025-08-17T05:39:23Z,109.0,Sense
2025-08-17T05:39:33Z,111.0,Sense
2025-08-17T05:39:43Z,107.0,Sense
2025-08-17T05:39:48Z,102.0,Sense
2025-08-17T05:40:03Z,102.0,Sense
2025-08-17T05:40:08Z,103.0,Sense
2025-08-17T05:40:13Z,104.0,Sense
2025-08-17T05:40:18Z,105.0,Sense
2025-08-17T05:40:23Z,103.0,Sense
2025-08-17T05:40:28Z,102.0,Sense
2025-08-17T05:40:33Z,101.0,Sense
2025-08-17T05:40:38Z,100.0,Sense
2025-08-17T05:40:43Z,102.0,Sense
2025-08-17T05:40:48Z,101.0,Sense
2025-08-17T05:41:03Z,103.0,Sense
2025-08-17T05:41:13Z,102.0,Sense
2025-08-17T05:41:18Z,101.0,Sense
2025-08-17T05:41:33Z,99.0,Sense
2025-08-17T05:41:38Z,98.0,Sense
2025-08-17T05:41:43Z,99.0,Sense
2025-08-17T05:41:48Z,100.0,Sense
2025-08-17T05:41:53Z,101.0,Sense
2025-08-17T05:42:08Z,101.0,Sense
2025-08-17T05:42:13Z,99.0,Sense
2025-08-17T05:42:18Z,98.0,Sense
2025-08-17T05:42:28Z,96.0,Sense
2025-08-17T05:42:33Z,96.0,Sense
2025-08-17T05:42:38Z,95.0,Sense
2025-08-17T05:42:43Z,96.0,Sense
2025-08-17T05:42:48Z,97.0,Sense
2025-08-17T05:42:58Z,96.0,Sense
2025-08-17T05:43:08Z,97.0,Sense
2025-08-17T05:43:13Z,99.0,Sense
2025-08-17T05:43:28Z,98.0,Sense
2025-08-17T05:43:33Z,99.0,Sense
2025-08-17T05:43:38Z,98.0,Sense
2025-08-17T05:43:43Z,94.0,Sense
2025-08-17T05:43:53Z,95.0,Sense
2025-08-17T05:44:03Z,96.0,Sense
2025-08-17T05:44:08Z,95.0,Sense
2025-08-17T05:44:13Z,113.0,Sense
2025-08-17T05:44:18Z,122.0,Sense
2025-08-17T05:44:33Z,122.0,Sense
2025-08-17T05:44:38Z,119.0,Sense
2025-08-17T05:44:43Z,118.0,Sense
2025-08-17T05:44:48Z,113.0,Sense
2025-08-17T05:44:53Z,111.0,Sense
2025-08-17T05:44:58Z,110.0,Sense
2025-08-17T05:45:03Z,108.0,Sense
2025-08-17T05:45:08Z,101.0,Sense
2025-08-17T05:45:13Z,95.0,Sense
2025-08-17T05:45:28Z,96.0,Sense
2025-08-17T05:45:33Z,97.0,Sense
2025-08-17T05:45:38Z,94.0,Sense
2025-08-17T05:45:43Z,89.0,Sense
2025-08-17T05:45:48Z,91.0,Sense
2025-08-17T05:45:53Z,90.0,Sense
2025-08-17T05:45:58Z,88.0,Sense
2025-08-17T05:46:08Z,96.0,Sense
2025-08-17T05:46:13Z,98.0,Sense
2025-08-17T05:46:23Z,95.0,Sense
2025-08-17T05:46:28Z,87.0,Sense
2025-08-17T05:46:33Z,86.0,Sense
2025-08-17T05:46:38Z,87.0,Sense
2025-08-17T05:46:43Z,88.0,Sense
2025-08-17T05:46:48Z,86.0,Sense
2025-08-17T05:46:58Z,87.0,Sense
2025-08-17T05:47:03Z,88.0,Sense
2025-08-17T05:47:13Z,89.0,Sense
2025-08-17T05:47:18Z,90.0,Sense
2025-08-17T05:47:28Z,90.0,Sense
2025-08-17T05:47:38Z,91.0,Sense
2025-08-17T05:47:43Z,92.0,Sense
2025-08-17T05:47:48Z,93.0,Sense
2025-08-17T05:47:53Z,92.0,Sense
2025-08-17T05:47:58Z,93.0,Sense
2025-08-17T05:48:03Z,94.0,Sense
2025-08-17T05:48:13Z,93.0,Sense
2025-08-17T05:48:28Z,94.0,Sense
2025-08-17T05:48:38Z,98.0,Sense
2025-08-17T05:48:43Z,99.0,Sense
2025-08-17T05:48:58Z,98.0,Sense
2025-08-17T05:49:13Z,98.0,Sense
2025-08-17T05:49:23Z,95.0,Sense
2025-08-17T05:49:28Z,91.0,Sense
2025-08-17T05:49:33Z,92.0,Sense
2025-08-17T05:49:38Z,91.0,Sense
2025-08-17T05:49:48Z,88.0,Sense
2025-08-17T05:49:53Z,87.0,Sense
2025-08-17T05:50:03Z,88.0,Sense
2025-08-17T05:50:08Z,89.0,Sense
2025-08-17T05:50:13Z,90.0,Sense
2025-08-17T05:50:18Z,90.0,Sense
2025-08-17T05:50:23Z,91.0,Sense
2025-08-17T05:50:28Z,92.0,Sense
2025-08-17T05:50:43Z,92.0,Sense
2025-08-17T05:50:53Z,93.0,Sense
2025-08-17T05:50:58Z,95.0,Sense
2025-08-17T05:51:03Z,96.0,Sense
2025-08-17T05:51:08Z,97.0,Sense
2025-08-17T05:51:18Z,96.0,Sense
2025-08-17T05:51:33Z,96.0,Sense
2025-08-17T05:51:38Z,97.0,Sense
2025-08-17T05:51:43Z,95.0,Sense
2025-08-17T05:51:48Z,95.0,Sense
2025-08-17T05:52:03Z,95.0,Sense
2025-08-17T05:52:08Z,95.0,Sense
2025-08-17T05:52:18Z,96.0,Sense
2025-08-17T05:52:23Z,97.0,Sense
2025-08-17T05:52:38Z,98.0,Sense
2025-08-17T05:52:43Z,99.0,Sense
2025-08-17T05:52:58Z,99.0,Sense
2025-08-17T05:53:03Z,98.0,Sense
2025-08-17T05:53:08Z,97.0,Sense
2025-08-17T05:53:13Z,96.0,Sense
2025-08-17T05:53:18Z,97.0,Sense
2025-08-17T05:53:28Z,96.0,Sense
2025-08-17T05:53:43Z,96.0,Sense
2025-08-17T05:53:58Z,97.0,Sense
2025-08-17T05:54:08Z,98.0,Sense
2025-08-17T05:54:13Z,100.0,Sense
2025-08-17T05:54:18Z,100.0,Sense
2025-08-17T05:54:28Z,99.0,Sense
2025-08-17T05:54:33Z,98.0,Sense
2025-08-17T05:54:38Z,99.0,Sense
2025-08-17T05:54:48Z,98.0,Sense
2025-08-17T05:55:03Z,99.0,Sense
2025-08-17T05:55:18Z,101.0,Sense
2025-08-17T05:55:33Z,102.0,Sense
2025-08-17T05:55:43Z,101.0,Sense
2025-08-17T05:55:48Z,101.0,Sense
2025-08-17T05:55:58Z,102.0,Sense
2025-08-17T05:56:03Z,101.0,Sense
2025-08-17T05:56:08Z,97.0,Sense
2025-08-17T05:56:23Z,97.0,Sense
2025-08-17T05:56:38Z,97.0,Sense
2025-08-17T05:56:43Z,100.0,Sense
2025-08-17T05:56:48Z,101.0,Sense
2025-08-17T05:56:53Z,99.0,Sense
2025-08-17T05:57:03Z,100.0,Sense
2025-08-17T05:57:08Z,96.0,Sense
2025-08-17T05:57:13Z,93.0,Sense
2025-08-17T05:57:23Z,94.0,Sense
2025-08-17T05:57:28Z,95.0,Sense
2025-08-17T05:57:33Z,96.0,Sense
2025-08-17T05:57:38Z,98.0,Sense
2025-08-17T05:57:43Z,100.0,Sense
2025-08-17T05:57:53Z,99.0,Sense
2025-08-17T05:57:58Z,97.0,Sense
2025-08-17T05:58:03Z,96.0,Sense
2025-08-17T05:58:08Z,97.0,Sense
2025-08-17T05:58:13Z,99.0,Sense
2025-08-17T05:58:18Z,98.0,Sense
2025-08-17T05:58:33Z,97.0,Sense
2025-08-17T05:58:38Z,101.0,Sense
2025-08-17T05:58:43Z,103.0,Sense
2025-08-17T05:58:48Z,105.0,Sense
2025-08-17T05:58:53Z,106.0,Sense
2025-08-17T05:58:58Z,107.0,Sense
2025-08-17T05:59:03Z,106.0,Sense
2025-08-17T05:59:08Z,105.0,Sense
2025-08-17T05:59:13Z,103.0,Sense
2025-08-17T05:59:18Z,104.0,Sense
2025-08-17T05:59:23Z,103.0,Sense
2025-08-17T05:59:28Z,102.0,Sense
2025-08-17T05:59:33Z,101.0,Sense
2025-08-17T05:59:38Z,100.0,Sense
2025-08-17T05:59:43Z,89.0,Sense
2025-08-17T05:59:48Z,89.0,Sense
2025-08-17T05:59:58Z,90.0,Sense
2025-08-17T06:00:13Z,90.0,Sense
2025-08-17T06:00:18Z,91.0,Sense
2025-08-17T06:00:23Z,92.0,Sense
2025-08-17T06:00:28Z,94.0,Sense
2025-08-17T06:00:33Z,95.0,Sense
2025-08-17T06:00:48Z,96.0,Sense
2025-08-17T06:01:03Z,98.0,Sense
2025-08-17T06:01:08Z,99.0,Sense
2025-08-17T06:01:18Z,100.0,Sense
2025-08-17T06:01:23Z,99.0,Sense
2025-08-17T06:01:28Z,99.0,Sense
2025-08-17T06:01:38Z,101.0,Sense
2025-08-17T06:01:43Z,102.0,Sense
2025-08-17T06:01:48Z,101.0,Sense
2025-08-17T06:01:53Z,100.0,Sense
2025-08-17T06:02:03Z,100.0,Sense
2025-08-17T06:02:08Z,99.0,Sense
2025-08-17T06:02:23Z,98.0,Sense
2025-08-17T06:02:28Z,100.0,Sense
2025-08-17T06:02:33Z,102.0,Sense
2025-08-17T06:02:43Z,101.0,Sense
2025-08-17T06:02:53Z,103.0,Sense
2025-08-17T06:03:08Z,102.0,Sense
2025-08-17T06:03:13Z,100.0,Sense
2025-08-17T06:03:23Z,101.0,Sense
2025-08-17T06:03:38Z,102.0,Sense
2025-08-17T06:03:43Z,101.0,Sense
2025-08-17T06:03:48Z,99.0,Sense
2025-08-17T06:03:53Z,98.0,Sense
2025-08-17T06:04:08Z,99.0,Sense
2025-08-17T06:04:18Z,104.0,Sense
2025-08-17T06:04:23Z,111.0,Sense
2025-08-17T06:04:28Z,110.0,Sense
2025-08-17T06:04:38Z,106.0,Sense
2025-08-17T06:04:43Z,104.0,Sense
2025-08-17T06:04:48Z,103.0,Sense
2025-08-17T06:04:53Z,101.0,Sense
2025-08-17T06:04:58Z,96.0,Sense
2025-08-17T06:05:13Z,95.0,Sense
2025-08-17T06:05:18Z,95.0,Sense
2025-08-17T06:05:23Z,96.0,Sense
2025-08-17T06:05:38Z,96.0,Sense
2025-08-17T06:05:43Z,95.0,Sense
2025-08-17T06:05:48Z,94.0,Sense
2025-08-17T06:05:53Z,94.0,Sense
2025-08-17T06:06:08Z,94.0,Sense
2025-08-17T06:06:13Z,94.0,Sense
2025-08-17T06:06:23Z,96.0,Sense
2025-08-17T06:06:28Z,97.0,Sense
2025-08-17T06:06:43Z,96.0,Sense
2025-08-17T06:06:58Z,96.0,Sense
2025-08-17T06:07:03Z,97.0,Sense
2025-08-17T06:07:08Z,98.0,Sense
2025-08-17T06:07:13Z,99.0,Sense
2025-08-17T06:07:18Z,98.0,Sense
2025-08-17T06:07:28Z,97.0,Sense
2025-08-17T06:07:38Z,98.0,Sense
2025-08-17T06:07:48Z,99.0,Sense
2025-08-17T06:07:58Z,98.0,Sense
2025-08-17T06:08:08Z,99.0,Sense
2025-08-17T06:08:23Z,98.0,Sense
2025-08-17T06:08:33Z,97.0,Sense
2025-08-17T06:08:48Z,96.0,Sense
2025-08-17T06:09:03Z,97.0,Sense
2025-08-17T06:09:08Z,98.0,Sense
2025-08-17T06:09:13Z,97.0,Sense
2025-08-17T06:09:28Z,98.0,Sense
2025-08-17T06:09:33Z,105.0,Sense
2025-08-17T06:09:38Z,117.0,Sense
2025-08-17T06:09:53Z,117.0,Sense
2025-08-17T06:09:58Z,116.0,Sense
2025-08-17T06:10:03Z,112.0,Sense
2025-08-17T06:10:08Z,107.0,Sense
2025-08-17T06:10:13Z,101.0,Sense
2025-08-17T06:10:18Z,91.0,Sense
2025-08-17T06:10:28Z,92.0,Sense
2025-08-17T06:10:38Z,93.0,Sense
2025-08-17T06:10:43Z,94.0,Sense
2025-08-17T06:10:53Z,90.0,Sense
2025-08-17T06:10:58Z,90.0,Sense
2025-08-17T06:11:13Z,92.0,Sense
2025-08-17T06:11:23Z,92.0,Sense
2025-08-17T06:11:28Z,93.0,Sense
2025-08-17T06:11:33Z,94.0,Sense
2025-08-17T06:11:48Z,94.0,Sense
2025-08-17T06:12:03Z,94.0,Sense
2025-08-17T06:12:18Z,94.0,Sense
2025-08-17T06:12:23Z,95.0,Sense
2025-08-17T06:12:38Z,95.0,Sense
2025-08-17T06:12:43Z,97.0,Sense
2025-08-17T06:12:48Z,99.0,Sense
2025-08-17T06:12:53Z,98.0,Sense
2025-08-17T06:12:58Z,98.0,Sense
2025-08-17T06:13:03Z,101.0,Sense
2025-08-17T06:13:08Z,100.0,Sense
2025-08-17T06:13:13Z,99.0,Sense
2025-08-17T06:13:18Z,100.0,Sense
2025-08-17T06:13:23Z,99.0,Sense
2025-08-17T06:13:28Z,98.0,Sense
2025-08-17T06:13:38Z,97.0,Sense
2025-08-17T06:13:43Z,95.0,Sense
2025-08-17T06:13:58Z,95.0,Sense
2025-08-17T06:14:03Z,96.0,Sense
2025-08-17T06:14:08Z,96.0,Sense
2025-08-17T06:14:18Z,98.0,Sense
2025-08-17T06:14:23Z,99.0,Sense
2025-08-17T06:14:28Z,100.0,Sense
2025-08-17T06:14:43Z,100.0,Sense
2025-08-17T06:14:48Z,99.0,Sense
2025-08-17T06:14:53Z,98.0,Sense
2025-08-17T06:14:58Z,97.0,Sense
2025-08-17T06:15:13Z,95.0,Sense
2025-08-17T06:15:18Z,95.0,Sense
2025-08-17T06:15:23Z,94.0,Sense
2025-08-17T06:15:28Z,95.0,Sense
2025-08-17T06:15:33Z,95.0,Sense
2025-08-17T06:15:38Z,98.0,Sense
2025-08-17T06:15:43Z,99.0,Sense
2025-08-17T06:15:48Z,99.0,Sense
2025-08-17T06:15:53Z,100.0,Sense
2025-08-17T06:15:58Z,99.0,Sense
2025-08-17T06:16:03Z,98.0,Sense
2025-08-17T06:16:13Z,97.0,Sense
2025-08-17T06:16:18Z,98.0,Sense
2025-08-17T06:16:23Z,97.0,Sense
2025-08-17T06:16:33Z,98.0,Sense
2025-08-17T06:16:38Z,100.0,Sense
2025-08-17T06:16:43Z,101.0,Sense
2025-08-17T06:16:48Z,100.0,Sense
2025-08-17T06:17:03Z,100.0,Sense
2025-08-17T06:17:13Z,101.0,Sense
2025-08-17T06:17:18Z,99.0,Sense
2025-08-17T06:17:23Z,98.0,Sense
2025-08-17T06:17:38Z,98.0,Sense
2025-08-17T06:17:53Z,96.0,Sense
2025-08-17T06:17:58Z,95.0,Sense
2025-08-17T06:18:13Z,97.0,Sense
2025-08-17T06:18:18Z,98.0,Sense
2025-08-17T06:18:28Z,99.0,Sense
2025-08-17T06:18:33Z,98.0,Sense
2025-08-17T06:18:43Z,98.0,Sense
2025-08-17T06:18:58Z,97.0,Sense
2025-08-17T06:19:13Z,97.0,Sense
2025-08-17T06:19:23Z,98.0,Sense
2025-08-17T06:19:38Z,98.0,Sense
2025-08-17T06:19:43Z,106.0,Sense
2025-08-17T06:19:48Z,107.0,Sense
2025-08-17T06:19:53Z,105.0,Sense
2025-08-17T06:20:03Z,104.0,Sense
2025-08-17T06:20:08Z,103.0,Sense
2025-08-17T06:20:13Z,102.0,Sense
2025-08-17T06:20:18Z,103.0,Sense
2025-08-17T06:20:23Z,100.0,Sense
2025-08-17T06:20:28Z,99.0,Sense
2025-08-17T06:20:33Z,93.0,Sense
2025-08-17T06:20:38Z,91.0,Sense
2025-08-17T06:20:43Z,92.0,Sense
2025-08-17T06:20:48Z,93.0,Sense
2025-08-17T06:21:03Z,93.0,Sense
2025-08-17T06:21:08Z,94.0,Sense
2025-08-17T06:21:13Z,95.0,Sense
2025-08-17T06:21:18Z,96.0,Sense
2025-08-17T06:21:23Z,95.0,Sense
2025-08-17T06:21:28Z,100.0,Sense
2025-08-17T06:21:33Z,103.0,Sense
2025-08-17T06:21:38Z,101.0,Sense
2025-08-17T06:21:43Z,100.0,Sense
2025-08-17T06:21:53Z,99.0,Sense
2025-08-17T06:21:58Z,98.0,Sense
2025-08-17T06:22:03Z,96.0,Sense
2025-08-17T06:22:08Z,94.0,Sense
2025-08-17T06:22:13Z,93.0,Sense
2025-08-17T06:22:18Z,94.0,Sense
2025-08-17T06:22:23Z,95.0,Sense
2025-08-17T06:22:28Z,96.0,Sense
2025-08-17T06:22:33Z,98.0,Sense
2025-08-17T06:22:38Z,101.0,Sense
2025-08-17T06:22:43Z,103.0,Sense
2025-08-17T06:22:48Z,104.0,Sense
2025-08-17T06:22:53Z,103.0,Sense
2025-08-17T06:22:58Z,102.0,Sense
2025-08-17T06:23:03Z,100.0,Sense
2025-08-17T06:23:08Z,101.0,Sense
2025-08-17T06:23:13Z,98.0,Sense
2025-08-17T06:23:18Z,96.0,Sense
2025-08-17T06:23:23Z,95.0,Sense
2025-08-17T06:23:28Z,94.0,Sense
2025-08-17T06:23:33Z,95.0,Sense
2025-08-17T06:23:38Z,94.0,Sense
2025-08-17T06:23:53Z,95.0,Sense
2025-08-17T06:24:03Z,95.0,Sense
2025-08-17T06:24:18Z,96.0,Sense
2025-08-17T06:24:23Z,97.0,Sense
2025-08-17T06:24:28Z,107.0,Sense
2025-08-17T06:24:33Z,128.0,Sense
2025-08-17T06:24:38Z,133.0,Sense
2025-08-17T06:24:43Z,133.0,Sense
2025-08-17T06:24:53Z,134.0,Sense
2025-08-17T06:24:58Z,137.0,Sense
2025-08-17T06:25:03Z,138.0,Sense
2025-08-17T06:25:08Z,139.0,Sense
2025-08-17T06:25:18Z,137.0,Sense
2025-08-17T06:25:23Z,152.0,Sense
2025-08-17T06:25:28Z,159.0,Sense
2025-08-17T06:25:43Z,160.0,Sense
2025-08-17T06:25:48Z,160.0,Sense
2025-08-17T06:25:53Z,158.0,Sense
2025-08-17T06:25:58Z,156.0,Sense
2025-08-17T06:26:08Z,159.0,Sense
2025-08-17T06:26:13Z,162.0,Sense
2025-08-17T06:26:28Z,161.0,Sense
2025-08-17T06:26:33Z,159.0,Sense
2025-08-17T06:26:38Z,152.0,Sense
2025-08-17T06:26:43Z,150.0,Sense
2025-08-17T06:26:48Z,145.0,Sense
2025-08-17T06:26:53Z,139.0,Sense
2025-08-17T06:26:58Z,137.0,Sense
2025-08-17T06:27:03Z,136.0,Sense
2025-08-17T06:27:08Z,135.0,Sense
2025-08-17T06:27:18Z,136.0,Sense
2025-08-17T06:27:23Z,135.0,Sense
2025-08-17T06:27:28Z,134.0,Sense
2025-08-17T06:27:33Z,121.0,Sense
2025-08-17T06:27:48Z,119.0,Sense
2025-08-17T06:27:53Z,110.0,Sense
2025-08-17T06:27:58Z,106.0,Sense
2025-08-17T06:28:03Z,105.0,Sense
2025-08-17T06:28:08Z,104.0,Sense
2025-08-17T06:28:13Z,103.0,Sense
2025-08-17T06:28:18Z,98.0,Sense
2025-08-17T06:28:23Z,93.0,Sense
2025-08-17T06:28:33Z,95.0,Sense
2025-08-17T06:28:38Z,118.0,Sense
2025-08-17T06:28:53Z,119.0,Sense
2025-08-17T06:28:58Z,116.0,Sense
2025-08-17T06:29:03Z,108.0,Sense
2025-08-17T06:29:08Z,107.0,Sense
2025-08-17T06:29:13Z,108.0,Sense
2025-08-17T06:29:18Z,109.0,Sense
2025-08-17T06:29:23Z,110.0,Sense
2025-08-17T06:29:33Z,111.0,Sense
2025-08-17T06:29:38Z,108.0,Sense
2025-08-17T06:29:43Z,109.0,Sense
2025-08-17T06:29:48Z,110.0,Sense
2025-08-17T06:29:58Z,113.0,Sense
2025-08-17T06:30:03Z,121.0,Sense
2025-08-17T06:30:08Z,122.0,Sense
2025-08-17T06:30:13Z,120.0,Sense
2025-08-17T06:30:23Z,110.0,Sense
2025-08-17T06:30:28Z,109.0,Sense
2025-08-17T06:30:43Z,109.0,Sense
2025-08-17T06:30:48Z,121.0,Sense
2025-08-17T06:30:53Z,122.0,Sense
2025-08-17T06:30:58Z,121.0,Sense
2025-08-17T06:31:13Z,119.0,Sense
2025-08-17T06:31:18Z,120.0,Sense
2025-08-17T06:31:23Z,125.0,Sense
2025-08-17T06:31:38Z,123.0,Sense
2025-08-17T06:31:43Z,114.0,Sense
2025-08-17T06:31:48Z,110.0,Sense
2025-08-17T06:31:53Z,101.0,Sense
2025-08-17T06:31:58Z,93.0,Sense
2025-08-17T06:32:03Z,92.0,Sense
2025-08-17T06:32:08Z,93.0,Sense
2025-08-17T06:32:13Z,96.0,Sense
2025-08-17T06:32:18Z,112.0,Sense
2025-08-17T06:32:23Z,110.0,Sense
2025-08-17T06:32:28Z,109.0,Sense
2025-08-17T06:32:38Z,107.0,Sense
2025-08-17T06:32:43Z,99.0,Sense
2025-08-17T06:32:58Z,99.0,Sense
2025-08-17T06:33:03Z,99.0,Sense
2025-08-17T06:33:08Z,98.0,Sense
2025-08-17T06:33:13Z,97.0,Sense
2025-08-17T06:33:18Z,96.0,Sense
2025-08-17T06:33:23Z,95.0,Sense
2025-08-17T06:33:28Z,94.0,Sense
2025-08-17T06:33:33Z,106.0,Sense
2025-08-17T06:33:38Z,118.0,Sense
2025-08-17T06:33:43Z,115.0,Sense
2025-08-17T06:33:49Z,115.0,Sense
2025-08-17T06:33:54Z,116.0,Sense
2025-08-17T06:34:04Z,114.0,Sense
2025-08-17T06:34:19Z,114.0,Sense
2025-08-17T06:34:24Z,112.0,Sense
2025-08-17T06:34:34Z,111.0,Sense
2025-08-17T06:34:44Z,111.0,Sense
2025-08-17T06:34:49Z,113.0,Sense
2025-08-17T06:34:54Z,114.0,Sense
2025-08-17T06:34:59Z,108.0,Sense
2025-08-17T06:35:04Z,97.0,Sense
2025-08-17T06:35:09Z,95.0,Sense
2025-08-17T06:35:14Z,96.0,Sense
2025-08-17T06:35:19Z,97.0,Sense
2025-08-17T06:35:29Z,129.0,Sense
2025-08-17T06:35:34Z,142.0,Sense
2025-08-17T06:35:44Z,135.0,Sense
2025-08-17T06:35:49Z,131.0,Sense
2025-08-17T06:35:54Z,130.0,Sense
2025-08-17T06:36:09Z,133.0,Sense
2025-08-17T06:36:14Z,132.0,Sense
2025-08-17T06:36:19Z,126.0,Sense
2025-08-17T06:36:24Z,117.0,Sense
2025-08-17T06:36:29Z,108.0,Sense
2025-08-17T06:36:34Z,99.0,Sense
2025-08-17T06:36:39Z,107.0,Sense
2025-08-17T06:36:44Z,109.0,Sense
2025-08-17T06:36:49Z,107.0,Sense
2025-08-17T06:36:59Z,106.0,Sense
2025-08-17T06:37:09Z,106.0,Sense
2025-08-17T06:37:19Z,105.0,Sense
2025-08-17T06:37:24Z,102.0,Sense
2025-08-17T06:37:34Z,101.0,Sense
2025-08-17T06:37:44Z,102.0,Sense
2025-08-17T06:37:49Z,101.0,Sense
2025-08-17T06:37:54Z,96.0,Sense
2025-08-17T06:37:59Z,94.0,Sense
2025-08-17T06:38:04Z,92.0,Sense
2025-08-17T06:38:09Z,91.0,Sense
2025-08-17T06:38:14Z,90.0,Sense
2025-08-17T06:38:29Z,89.0,Sense
2025-08-17T06:38:44Z,89.0,Sense
2025-08-17T06:38:49Z,88.0,Sense
2025-08-17T06:39:04Z,88.0,Sense
2025-08-17T06:39:09Z,87.0,Sense
2025-08-17T06:39:14Z,89.0,Sense
2025-08-17T06:39:19Z,91.0,Sense
2025-08-17T06:39:24Z,93.0,Sense
2025-08-17T06:39:29Z,92.0,Sense
2025-08-17T06:39:44Z,91.0,Sense
2025-08-17T06:39:49Z,90.0,Sense
2025-08-17T06:39:59Z,91.0,Sense
2025-08-17T06:40:04Z,90.0,Sense
2025-08-17T06:40:09Z,91.0,Sense
2025-08-17T06:40:14Z,86.0,Sense
2025-08-17T06:40:19Z,83.0,Sense
2025-08-17T06:40:24Z,81.0,Sense
2025-08-17T06:40:34Z,92.0,Sense
2025-08-17T06:40:39Z,96.0,Sense
2025-08-17T06:40:54Z,97.0,Sense
2025-08-17T06:40:59Z,96.0,Sense
2025-08-17T06:41:14Z,97.0,Sense
2025-08-17T06:41:24Z,96.0,Sense
2025-08-17T06:41:39Z,96.0,Sense
2025-08-17T06:41:44Z,97.0,Sense
2025-08-17T06:41:49Z,98.0,Sense
2025-08-17T06:41:54Z,97.0,Sense
2025-08-17T06:42:04Z,98.0,Sense
2025-08-17T06:42:09Z,106.0,Sense
2025-08-17T06:42:14Z,109.0,Sense
2025-08-17T06:42:24Z,108.0,Sense
2025-08-17T06:42:29Z,108.0,Sense
2025-08-17T06:42:39Z,107.0,Sense
2025-08-17T06:42:44Z,106.0,Sense
2025-08-17T06:42:49Z,103.0,Sense
2025-08-17T06:42:54Z,100.0,Sense
2025-08-17T06:43:04Z,101.0,Sense
2025-08-17T06:43:14Z,99.0,Sense
2025-08-17T06:43:19Z,93.0,Sense
2025-08-17T06:43:24Z,95.0,Sense
2025-08-17T06:43:34Z,96.0,Sense
2025-08-17T06:43:49Z,98.0,Sense
2025-08-17T06:43:54Z,96.0,Sense
2025-08-17T06:43:59Z,95.0,Sense
2025-08-17T06:44:04Z,97.0,Sense
2025-08-17T06:44:09Z,99.0,Sense
2025-08-17T06:44:14Z,100.0,Sense
2025-08-17T06:44:29Z,99.0,Sense
2025-08-17T06:44:34Z,98.0,Sense
2025-08-17T06:44:39Z,97.0,Sense
2025-08-17T06:44:49Z,96.0,Sense
2025-08-17T06:45:04Z,97.0,Sense
2025-08-17T06:45:09Z,98.0,Sense
2025-08-17T06:45:14Z,99.0,Sense
2025-08-17T06:45:24Z,98.0,Sense
2025-08-17T06:45:29Z,97.0,Sense
2025-08-17T06:45:34Z,96.0,Sense
2025-08-17T06:45:49Z,96.0,Sense
2025-08-17T06:46:04Z,97.0,Sense
2025-08-17T06:46:19Z,98.0,Sense
2025-08-17T06:46:29Z,97.0,Sense
2025-08-17T06:46:44Z,97.0,Sense
2025-08-17T06:46:59Z,97.0,Sense
2025-08-17T06:47:04Z,98.0,Sense
2025-08-17T06:47:14Z,99.0,Sense
2025-08-17T06:47:19Z,98.0,Sense
2025-08-17T06:47:24Z,96.0,Sense
2025-08-17T06:47:34Z,97.0,Sense
2025-08-17T06:47:49Z,97.0,Sense
2025-08-17T06:48:04Z,98.0,Sense
2025-08-17T06:48:09Z,97.0,Sense
2025-08-17T06:48:24Z,97.0,Sense
2025-08-17T06:48:39Z,98.0,Sense
2025-08-17T06:48:49Z,99.0,Sense
2025-08-17T06:48:59Z,98.0,Sense
2025-08-17T06:49:04Z,97.0,Sense
2025-08-17T06:49:09Z,96.0,Sense
2025-08-17T06:49:14Z,96.0,Sense
2025-08-17T06:49:19Z,95.0,Sense
2025-08-17T06:49:24Z,96.0,Sense
2025-08-17T06:49:29Z,97.0,Sense
2025-08-17T06:49:34Z,98.0,Sense
2025-08-17T06:49:44Z,99.0,Sense
2025-08-17T06:49:49Z,105.0,Sense
2025-08-17T06:50:04Z,108.0,Sense
2025-08-17T06:50:09Z,107.0,Sense
2025-08-17T06:50:14Z,103.0,Sense
2025-08-17T06:50:19Z,103.0,Sense
2025-08-17T06:50:24Z,104.0,Sense
2025-08-17T06:50:29Z,103.0,Sense
2025-08-17T06:50:34Z,102.0,Sense
2025-08-17T06:50:44Z,102.0,Sense
2025-08-17T06:50:49Z,92.0,Sense
2025-08-17T06:50:54Z,88.0,Sense
2025-08-17T06:50:59Z,89.0,Sense
2025-08-17T06:51:04Z,91.0,Sense
2025-08-17T06:51:09Z,93.0,Sense
2025-08-17T06:51:14Z,94.0,Sense
2025-08-17T06:51:24Z,91.0,Sense
2025-08-17T06:51:29Z,90.0,Sense
2025-08-17T06:51:39Z,91.0,Sense
2025-08-17T06:51:44Z,92.0,Sense
2025-08-17T06:51:54Z,92.0,Sense
2025-08-17T06:51:59Z,93.0,Sense
2025-08-17T06:52:04Z,95.0,Sense
2025-08-17T06:52:09Z,97.0,Sense
2025-08-17T06:52:19Z,98.0,Sense
2025-08-17T06:52:29Z,96.0,Sense
2025-08-17T06:52:34Z,96.0,Sense
2025-08-17T06:52:39Z,96.0,Sense
2025-08-17T06:52:44Z,91.0,Sense
2025-08-17T06:52:49Z,91.0,Sense
2025-08-17T06:53:04Z,92.0,Sense
2025-08-17T06:53:09Z,92.0,Sense
2025-08-17T06:53:24Z,92.0,Sense
2025-08-17T06:53:34Z,93.0,Sense
2025-08-17T06:53:39Z,95.0,Sense
2025-08-17T06:53:49Z,96.0,Sense
2025-08-17T06:53:54Z,95.0,Sense
2025-08-17T06:53:59Z,96.0,Sense
2025-08-17T06:54:09Z,101.0,Sense
2025-08-17T06:54:14Z,104.0,Sense
2025-08-17T06:54:24Z,102.0,Sense
2025-08-17T06:54:29Z,99.0,Sense
2025-08-17T06:54:34Z,97.0,Sense
2025-08-17T06:54:39Z,96.0,Sense
2025-08-17T06:54:54Z,96.0,Sense
2025-08-17T06:54:59Z,95.0,Sense
2025-08-17T06:55:14Z,94.0,Sense
2025-08-17T06:55:24Z,97.0,Sense
2025-08-17T06:55:29Z,99.0,Sense
2025-08-17T06:55:44Z,100.0,Sense
2025-08-17T06:55:49Z,100.0,Sense
2025-08-17T06:55:54Z,99.0,Sense
2025-08-17T06:56:04Z,100.0,Sense
2025-08-17T06:56:09Z,95.0,Sense
2025-08-17T06:56:14Z,93.0,Sense
2025-08-17T06:56:19Z,94.0,Sense
2025-08-17T06:56:24Z,96.0,Sense
2025-08-17T06:56:34Z,97.0,Sense
2025-08-17T06:56:44Z,98.0,Sense
2025-08-17T06:56:54Z,97.0,Sense
2025-08-17T06:56:59Z,96.0,Sense
2025-08-17T06:57:09Z,97.0,Sense
2025-08-17T06:57:14Z,99.0,Sense
2025-08-17T06:57:19Z,90.0,Sense
2025-08-17T06:57:34Z,90.0,Sense
2025-08-17T06:57:39Z,88.0,Sense
2025-08-17T06:57:44Z,87.0,Sense
2025-08-17T06:57:59Z,88.0,Sense
2025-08-17T06:58:04Z,89.0,Sense
2025-08-17T06:58:19Z,88.0,Sense
2025-08-17T06:58:24Z,89.0,Sense
2025-08-17T06:58:34Z,90.0,Sense
2025-08-17T06:58:39Z,92.0,Sense
2025-08-17T06:58:49Z,94.0,Sense
2025-08-17T06:58:54Z,96.0,Sense
2025-08-17T06:59:09Z,95.0,Sense
2025-08-17T06:59:24Z,95.0,Sense
2025-08-17T06:59:39Z,94.0,Sense
2025-08-17T06:59:49Z,95.0,Sense
2025-08-17T06:59:54Z,96.0,Sense
2025-08-17T06:59:59Z,95.0,Sense
2025-08-17T07:00:04Z,95.0,Sense
2025-08-17T07:00:14Z,96.0,Sense
2025-08-17T07:00:24Z,99.0,Sense
2025-08-17T07:00:29Z,112.0,Sense
2025-08-17T07:00:34Z,111.0,Sense
2025-08-17T07:00:39Z,102.0,Sense
2025-08-17T07:00:44Z,97.0,Sense
2025-08-17T07:00:49Z,105.0,Sense
2025-08-17T07:00:54Z,109.0,Sense
2025-08-17T07:00:59Z,107.0,Sense
2025-08-17T07:01:04Z,108.0,Sense
2025-08-17T07:01:09Z,110.0,Sense
2025-08-17T07:01:14Z,109.0,Sense
2025-08-17T07:01:19Z,107.0,Sense
2025-08-17T07:01:24Z,113.0,Sense
2025-08-17T07:01:29Z,117.0,Sense
2025-08-17T07:01:44Z,117.0,Sense
2025-08-17T07:01:49Z,118.0,Sense
2025-08-17T07:01:59Z,114.0,Sense
2025-08-17T07:02:04Z,112.0,Sense
2025-08-17T07:02:09Z,108.0,Sense
2025-08-17T07:02:14Z,105.0,Sense
2025-08-17T07:02:19Z,99.0,Sense
2025-08-17T07:02:24Z,99.0,Sense
2025-08-17T07:02:34Z,98.0,Sense
2025-08-17T07:02:44Z,97.0,Sense
2025-08-17T07:02:54Z,96.0,Sense
2025-08-17T07:03:04Z,97.0,Sense
2025-08-17T07:03:09Z,98.0,Sense
2025-08-17T07:03:14Z,97.0,Sense
2025-08-17T07:03:24Z,98.0,Sense
2025-08-17T07:03:34Z,99.0,Sense
2025-08-17T07:03:39Z,102.0,Sense
2025-08-17T07:03:44Z,101.0,Sense
2025-08-17T07:03:49Z,98.0,Sense
2025-08-17T07:03:54Z,94.0,Sense
2025-08-17T07:03:59Z,95.0,Sense
2025-08-17T07:04:04Z,96.0,Sense
2025-08-17T07:04:14Z,95.0,Sense
2025-08-17T07:04:19Z,96.0,Sense
2025-08-17T07:04:24Z,94.0,Sense
2025-08-17T07:04:29Z,94.0,Sense
2025-08-17T07:04:34Z,95.0,Sense
2025-08-17T07:04:44Z,91.0,Sense
2025-08-17T07:04:49Z,92.0,Sense
2025-08-17T07:04:59Z,93.0,Sense
2025-08-17T07:05:09Z,94.0,Sense
2025-08-17T07:05:14Z,95.0,Sense
2025-08-17T07:05:19Z,103.0,Sense
2025-08-17T07:05:24Z,102.0,Sense
2025-08-17T07:05:29Z,104.0,Sense
2025-08-17T07:05:34Z,108.0,Sense
2025-08-17T07:05:49Z,108.0,Sense
2025-08-17T07:05:54Z,107.0,Sense
2025-08-17T07:05:59Z,104.0,Sense
2025-08-17T07:06:04Z,102.0,Sense
2025-08-17T07:06:09Z,101.0,Sense
2025-08-17T07:06:24Z,109.0,Sense
2025-08-17T07:06:29Z,121.0,Sense
2025-08-17T07:06:34Z,120.0,Sense
2025-08-17T07:06:49Z,119.0,Sense
2025-08-17T07:06:54Z,113.0,Sense
2025-08-17T07:06:59Z,109.0,Sense
2025-08-17T07:07:04Z,106.0,Sense
2025-08-17T07:07:09Z,108.0,Sense
2025-08-17T07:07:14Z,104.0,Sense
2025-08-17T07:07:19Z,107.0,Sense
2025-08-17T07:07:24Z,108.0,Sense
2025-08-17T07:07:29Z,107.0,Sense
2025-08-17T07:07:34Z,103.0,Sense
2025-08-17T07:07:44Z,102.0,Sense
2025-08-17T07:07:49Z,101.0,Sense
2025-08-17T07:07:54Z,97.0,Sense
2025-08-17T07:08:04Z,96.0,Sense
2025-08-17T07:08:09Z,95.0,Sense
2025-08-17T07:08:14Z,100.0,Sense
2025-08-17T07:08:19Z,102.0,Sense
2025-08-17T07:08:24Z,103.0,Sense
2025-08-17T07:08:29Z,104.0,Sense
2025-08-17T07:08:34Z,106.0,Sense
2025-08-17T07:08:39Z,105.0,Sense
2025-08-17T07:08:44Z,104.0,Sense
2025-08-17T07:08:59Z,102.0,Sense
2025-08-17T07:09:04Z,103.0,Sense
2025-08-17T07:09:09Z,102.0,Sense
2025-08-17T07:09:19Z,101.0,Sense
2025-08-17T07:09:34Z,103.0,Sense
2025-08-17T07:09:44Z,101.0,Sense
2025-08-17T07:09:49Z,100.0,Sense
2025-08-17T07:09:54Z,99.0,Sense
2025-08-17T07:10:04Z,99.0,Sense
2025-08-17T07:10:09Z,92.0,Sense
2025-08-17T07:10:14Z,93.0,Sense
2025-08-17T07:10:19Z,94.0,Sense
2025-08-17T07:10:24Z,96.0,Sense
2025-08-17T07:10:34Z,95.0,Sense
2025-08-17T07:10:44Z,94.0,Sense
2025-08-17T07:10:59Z,94.0,Sense
2025-08-17T07:11:09Z,95.0,Sense
2025-08-17T07:11:14Z,98.0,Sense
2025-08-17T07:11:19Z,90.0,Sense
2025-08-17T07:11:24Z,90.0,Sense
2025-08-17T07:11:29Z,91.0,Sense
2025-08-17T07:11:39Z,93.0,Sense
2025-08-17T07:11:44Z,93.0,Sense
2025-08-17T07:11:49Z,94.0,Sense
2025-08-17T07:11:54Z,96.0,Sense
2025-08-17T07:12:09Z,95.0,Sense
2025-08-17T07:12:14Z,96.0,Sense
2025-08-17T07:12:19Z,97.0,Sense
2025-08-17T07:12:29Z,98.0,Sense
2025-08-17T07:12:34Z,99.0,Sense
2025-08-17T07:12:39Z,98.0,Sense
2025-08-17T07:12:44Z,99.0,Sense
2025-08-17T07:12:59Z,99.0,Sense
2025-08-17T07:13:09Z,99.0,Sense
2025-08-17T07:13:19Z,100.0,Sense
2025-08-17T07:13:24Z,101.0,Sense
2025-08-17T07:13:29Z,102.0,Sense
2025-08-17T07:13:34Z,103.0,Sense
2025-08-17T07:13:49Z,103.0,Sense
2025-08-17T07:13:59Z,102.0,Sense
2025-08-17T07:14:04Z,100.0,Sense
2025-08-17T07:14:09Z,98.0,Sense
2025-08-17T07:14:14Z,98.0,Sense
2025-08-17T07:14:19Z,98.0,Sense
2025-08-17T07:14:24Z,99.0,Sense
2025-08-17T07:14:29Z,100.0,Sense
2025-08-17T07:14:34Z,99.0,Sense
2025-08-17T07:14:39Z,99.0,Sense
2025-08-17T07:14:44Z,98.0,Sense
2025-08-17T07:14:49Z,96.0,Sense
2025-08-17T07:14:54Z,95.0,Sense
2025-08-17T07:14:59Z,96.0,Sense
2025-08-17T07:15:04Z,95.0,Sense
2025-08-17T07:15:09Z,93.0,Sense
2025-08-17T07:15:19Z,94.0,Sense
2025-08-17T07:15:34Z,94.0,Sense
2025-08-17T07:15:39Z,98.0,Sense
2025-08-17T07:15:49Z,102.0,Sense
2025-08-17T07:15:54Z,101.0,Sense
2025-08-17T07:15:59Z,100.0,Sense
2025-08-17T07:16:14Z,102.0,Sense
2025-08-17T07:16:19Z,102.0,Sense
2025-08-17T07:16:24Z,101.0,Sense
2025-08-17T07:16:29Z,100.0,Sense
2025-08-17T07:16:34Z,99.0,Sense
2025-08-17T07:16:39Z,97.0,Sense
2025-08-17T07:16:44Z,98.0,Sense
2025-08-17T07:16:54Z,100.0,Sense
2025-08-17T07:17:05Z,100.0,Sense
2025-08-17T07:17:10Z,101.0,Sense
2025-08-17T07:17:15Z,102.0,Sense
2025-08-17T07:17:25Z,101.0,Sense
2025-08-17T07:17:35Z,100.0,Sense
2025-08-17T07:17:40Z,98.0,Sense
2025-08-17T07:17:45Z,97.0,Sense
2025-08-17T07:17:50Z,98.0,Sense
2025-08-17T07:18:00Z,97.0,Sense
2025-08-17T07:18:05Z,97.0,Sense
2025-08-17T07:18:20Z,97.0,Sense
2025-08-17T07:18:35Z,99.0,Sense
2025-08-17T07:18:40Z,101.0,Sense
2025-08-17T07:18:50Z,100.0,Sense
2025-08-17T07:18:55Z,99.0,Sense
2025-08-17T07:19:00Z,93.0,Sense
2025-08-17T07:19:05Z,94.0,Sense
2025-08-17T07:19:10Z,95.0,Sense
2025-08-17T07:19:15Z,112.0,Sense
2025-08-17T07:19:20Z,121.0,Sense
2025-08-17T07:19:25Z,120.0,Sense
2025-08-17T07:19:30Z,119.0,Sense
2025-08-17T07:19:35Z,117.0,Sense
2025-08-17T07:19:40Z,116.0,Sense
2025-08-17T07:19:45Z,126.0,Sense
2025-08-17T07:19:50Z,131.0,Sense
2025-08-17T07:19:55Z,132.0,Sense
2025-08-17T07:20:00Z,128.0,Sense
2025-08-17T07:20:05Z,124.0,Sense
2025-08-17T07:20:10Z,154.0,Sense
2025-08-17T07:20:15Z,166.0,Sense
2025-08-17T07:20:20Z,164.0,Sense
2025-08-17T07:20:30Z,162.0,Sense
2025-08-17T07:20:35Z,157.0,Sense
2025-08-17T07:20:40Z,155.0,Sense
2025-08-17T07:20:50Z,154.0,Sense
2025-08-17T07:20:55Z,149.0,Sense
2025-08-17T07:21:00Z,141.0,Sense
2025-08-17T07:21:05Z,135.0,Sense
2025-08-17T07:21:15Z,134.0,Sense
2025-08-17T07:21:25Z,132.0,Sense
2025-08-17T07:21:30Z,128.0,Sense
2025-08-17T07:21:35Z,123.0,Sense
2025-08-17T07:21:40Z,115.0,Sense
2025-08-17T07:21:45Z,109.0,Sense
2025-08-17T07:21:50Z,110.0,Sense
2025-08-17T07:21:55Z,110.0,Sense
2025-08-17T07:22:00Z,106.0,Sense
2025-08-17T07:22:05Z,103.0,Sense
2025-08-17T07:22:10Z,102.0,Sense
2025-08-17T07:22:15Z,103.0,Sense
2025-08-17T07:22:20Z,105.0,Sense
2025-08-17T07:22:25Z,102.0,Sense
2025-08-17T07:22:30Z,99.0,Sense
2025-08-17T07:22:40Z,96.0,Sense
2025-08-17T07:22:45Z,94.0,Sense
2025-08-17T07:22:55Z,93.0,Sense
2025-08-17T07:23:00Z,99.0,Sense
2025-08-17T07:23:15Z,100.0,Sense
2025-08-17T07:23:25Z,99.0,Sense
2025-08-17T07:23:35Z,99.0,Sense
2025-08-17T07:23:40Z,89.0,Sense
2025-08-17T07:23:45Z,77.0,Sense
2025-08-17T07:23:50Z,78.0,Sense
2025-08-17T07:24:05Z,78.0,Sense
2025-08-17T07:24:10Z,78.0,Sense
2025-08-17T07:24:25Z,75.0,Sense
2025-08-17T07:24:35Z,73.0,Sense
2025-08-17T07:24:40Z,69.0,Sense
2025-08-17T07:24:45Z,70.0,Sense
2025-08-17T07:24:50Z,69.0,Sense
2025-08-17T07:24:55Z,70.0,Sense
2025-08-17T07:25:00Z,80.0,Sense
2025-08-17T07:25:05Z,95.0,Sense
2025-08-17T07:25:10Z,94.0,Sense
2025-08-17T07:25:20Z,92.0,Sense
2025-08-17T07:25:25Z,90.0,Sense
2025-08-17T07:25:30Z,84.0,Sense
2025-08-17T07:25:35Z,80.0,Sense
2025-08-17T07:25:45Z,84.0,Sense
2025-08-17T07:25:50Z,86.0,Sense
2025-08-17T07:25:55Z,84.0,Sense
2025-08-17T07:26:00Z,85.0,Sense
2025-08-17T07:26:10Z,84.0,Sense
2025-08-17T07:26:15Z,84.0,Sense
2025-08-17T07:26:30Z,83.0,Sense
2025-08-17T07:26:35Z,84.0,Sense
2025-08-17T07:26:45Z,85.0,Sense
2025-08-17T07:26:50Z,87.0,Sense
2025-08-17T07:27:00Z,86.0,Sense
2025-08-17T07:27:05Z,86.0,Sense
2025-08-17T07:27:10Z,84.0,Sense
2025-08-17T07:27:15Z,81.0,Sense
2025-08-17T07:27:25Z,82.0,Sense
2025-08-17T07:27:30Z,78.0,Sense
2025-08-17T07:27:35Z,74.0,Sense
2025-08-17T07:27:40Z,75.0,Sense
2025-08-17T07:27:45Z,76.0,Sense
2025-08-17T07:27:50Z,77.0,Sense
2025-08-17T07:27:55Z,79.0,Sense
2025-08-17T07:28:00Z,80.0,Sense
2025-08-17T07:28:05Z,82.0,Sense
2025-08-17T07:28:10Z,83.0,Sense
2025-08-17T07:28:15Z,85.0,Sense
2025-08-17T07:28:20Z,87.0,Sense
2025-08-17T07:28:30Z,90.0,Sense
2025-08-17T07:28:35Z,92.0,Sense
2025-08-17T07:28:40Z,94.0,Sense
2025-08-17T07:28:45Z,95.0,Sense
2025-08-17T07:28:50Z,96.0,Sense
2025-08-17T07:29:00Z,97.0,Sense
2025-08-17T07:29:15Z,97.0,Sense
2025-08-17T07:29:20Z,95.0,Sense
2025-08-17T07:29:30Z,96.0,Sense
2025-08-17T07:29:35Z,97.0,Sense
2025-08-17T07:29:45Z,98.0,Sense
2025-08-17T07:29:50Z,97.0,Sense
2025-08-17T07:29:55Z,97.0,Sense
2025-08-17T07:30:10Z,98.0,Sense
2025-08-17T07:30:25Z,89.0,Sense
2025-08-17T07:30:30Z,88.0,Sense
2025-08-17T07:30:35Z,88.0,Sense
2025-08-17T07:30:40Z,89.0,Sense
2025-08-17T07:30:45Z,90.0,Sense
2025-08-17T07:30:50Z,91.0,Sense
2025-08-17T07:30:55Z,92.0,Sense
2025-08-17T07:31:00Z,100.0,Sense
2025-08-17T07:31:05Z,105.0,Sense
2025-08-17T07:31:15Z,104.0,Sense
2025-08-17T07:31:20Z,103.0,Sense
2025-08-17T07:31:25Z,103.0,Sense
2025-08-17T07:31:30Z,102.0,Sense
2025-08-17T07:31:35Z,100.0,Sense
2025-08-17T07:31:40Z,95.0,Sense
2025-08-17T07:31:45Z,91.0,Sense
2025-08-17T07:32:00Z,91.0,Sense
2025-08-17T07:32:05Z,92.0,Sense
2025-08-17T07:32:10Z,92.0,Sense
2025-08-17T07:32:15Z,91.0,Sense
2025-08-17T07:32:20Z,92.0,Sense
2025-08-17T07:32:25Z,93.0,Sense
2025-08-17T07:32:30Z,95.0,Sense
2025-08-17T07:32:35Z,96.0,Sense
2025-08-17T07:32:40Z,97.0,Sense
2025-08-17T07:32:45Z,98.0,Sense
2025-08-17T07:32:50Z,99.0,Sense
2025-08-17T07:33:00Z,101.0,Sense
2025-08-17T07:33:05Z,101.0,Sense
2025-08-17T07:33:20Z,100.0,Sense
2025-08-17T07:33:30Z,102.0,Sense
2025-08-17T07:33:35Z,104.0,Sense
2025-08-17T07:33:40Z,106.0,Sense
2025-08-17T07:33:45Z,105.0,Sense
2025-08-17T07:33:50Z,103.0,Sense
2025-08-17T07:33:55Z,101.0,Sense
2025-08-17T07:34:00Z,102.0,Sense
2025-08-17T07:34:10Z,101.0,Sense
2025-08-17T07:34:15Z,102.0,Sense
2025-08-17T07:34:20Z,100.0,Sense
2025-08-17T07:34:35Z,100.0,Sense
2025-08-17T07:34:40Z,99.0,Sense
2025-08-17T07:34:45Z,96.0,Sense
2025-08-17T07:34:55Z,97.0,Sense
2025-08-17T07:35:10Z,98.0,Sense
2025-08-17T07:35:20Z,97.0,Sense
2025-08-17T07:35:25Z,94.0,Sense
2025-08-17T07:35:30Z,89.0,Sense
2025-08-17T07:35:40Z,90.0,Sense
2025-08-17T07:35:50Z,98.0,Sense
2025-08-17T07:35:55Z,110.0,Sense
2025-08-17T07:36:00Z,109.0,Sense
2025-08-17T07:36:05Z,107.0,Sense
2025-08-17T07:36:10Z,107.0,Sense
2025-08-17T07:36:20Z,106.0,Sense
2025-08-17T07:36:25Z,107.0,Sense
2025-08-17T07:36:30Z,106.0,Sense
2025-08-17T07:36:35Z,105.0,Sense
2025-08-17T07:36:45Z,106.0,Sense
2025-08-17T07:36:50Z,105.0,Sense
2025-08-17T07:36:55Z,117.0,Sense
2025-08-17T07:37:00Z,134.0,Sense
2025-08-17T07:37:10Z,135.0,Sense
2025-08-17T07:37:15Z,131.0,Sense
2025-08-17T07:37:20Z,131.0,Sense
2025-08-17T07:37:25Z,133.0,Sense
2025-08-17T07:37:35Z,131.0,Sense
2025-08-17T07:37:40Z,125.0,Sense
2025-08-17T07:37:45Z,127.0,Sense
2025-08-17T07:37:50Z,134.0,Sense
2025-08-17T07:37:55Z,132.0,Sense
2025-08-17T07:38:00Z,129.0,Sense
2025-08-17T07:38:05Z,128.0,Sense
2025-08-17T07:38:10Z,124.0,Sense
2025-08-17T07:38:15Z,125.0,Sense
2025-08-17T07:38:20Z,135.0,Sense
2025-08-17T07:38:25Z,134.0,Sense
2025-08-17T07:38:40Z,132.0,Sense
2025-08-17T07:38:45Z,130.0,Sense
2025-08-17T07:38:50Z,133.0,Sense
2025-08-17T07:38:55Z,134.0,Sense
2025-08-17T07:39:00Z,128.0,Sense
2025-08-17T07:39:05Z,126.0,Sense
2025-08-17T07:39:10Z,131.0,Sense
2025-08-17T07:39:15Z,154.0,Sense
2025-08-17T07:39:25Z,152.0,Sense
2025-08-17T07:39:30Z,150.0,Sense
2025-08-17T07:39:35Z,150.0,Sense
2025-08-17T07:39:40Z,149.0,Sense
2025-08-17T07:39:45Z,147.0,Sense
2025-08-17T07:39:50Z,152.0,Sense
2025-08-17T07:39:55Z,150.0,Sense
2025-08-17T07:40:05Z,148.0,Sense
2025-08-17T07:40:10Z,141.0,Sense
2025-08-17T07:40:15Z,131.0,Sense
2025-08-17T07:40:20Z,120.0,Sense
2025-08-17T07:40:25Z,113.0,Sense
2025-08-17T07:40:30Z,117.0,Sense
2025-08-17T07:40:35Z,118.0,Sense
2025-08-17T07:40:40Z,113.0,Sense
2025-08-17T07:40:45Z,112.0,Sense
2025-08-17T07:40:50Z,105.0,Sense
2025-08-17T07:40:55Z,103.0,Sense
2025-08-17T07:41:00Z,105.0,Sense
2025-08-17T07:41:05Z,106.0,Sense
2025-08-17T07:41:10Z,102.0,Sense
2025-08-17T07:41:15Z,98.0,Sense
2025-08-17T07:41:20Z,96.0,Sense
2025-08-17T07:41:25Z,97.0,Sense
2025-08-17T07:41:30Z,111.0,Sense
2025-08-17T07:41:35Z,114.0,Sense
2025-08-17T07:41:40Z,113.0,Sense
2025-08-17T07:41:45Z,112.0,Sense
2025-08-17T07:41:50Z,113.0,Sense
2025-08-17T07:41:55Z,114.0,Sense
2025-08-17T07:42:05Z,113.0,Sense
2025-08-17T07:42:10Z,107.0,Sense
2025-08-17T07:42:15Z,102.0,Sense
2025-08-17T07:42:20Z,135.0,Sense
2025-08-17T07:42:25Z,136.0,Sense
2025-08-17T07:42:30Z,134.0,Sense
2025-08-17T07:42:35Z,132.0,Sense
2025-08-17T07:42:40Z,130.0,Sense
2025-08-17T07:42:50Z,127.0,Sense
2025-08-17T07:42:55Z,123.0,Sense
2025-08-17T07:43:00Z,122.0,Sense
2025-08-17T07:43:10Z,121.0,Sense
2025-08-17T07:43:15Z,117.0,Sense
2025-08-17T07:43:20Z,110.0,Sense
2025-08-17T07:43:35Z,122.0,Sense
2025-08-17T07:43:40Z,130.0,Sense
2025-08-17T07:43:50Z,128.0,Sense
2025-08-17T07:43:55Z,123.0,Sense
2025-08-17T07:44:00Z,127.0,Sense
2025-08-17T07:44:05Z,144.0,Sense
2025-08-17T07:44:10Z,145.0,Sense
2025-08-17T07:44:20Z,144.0,Sense
2025-08-17T07:44:25Z,145.0,Sense
2025-08-17T07:44:30Z,148.0,Sense
2025-08-17T07:44:35Z,145.0,Sense
2025-08-17T07:44:40Z,149.0,Sense
2025-08-17T07:44:45Z,156.0,Sense
2025-08-17T07:44:55Z,149.0,Sense
2025-08-17T07:45:00Z,149.0,Sense
2025-08-17T07:45:05Z,148.0,Sense
2025-08-17T07:45:10Z,147.0,Sense
2025-08-17T07:45:15Z,146.0,Sense
2025-08-17T07:45:20Z,151.0,Sense
2025-08-17T07:45:25Z,153.0,Sense
2025-08-17T07:45:30Z,150.0,Sense
2025-08-17T07:45:35Z,148.0,Sense
2025-08-17T07:45:45Z,146.0,Sense
2025-08-17T07:45:50Z,144.0,Sense
2025-08-17T07:46:05Z,144.0,Sense
2025-08-17T07:46:10Z,141.0,Sense
2025-08-17T07:46:15Z,140.0,Sense
2025-08-17T07:46:20Z,134.0,Sense
2025-08-17T07:46:25Z,127.0,Sense
2025-08-17T07:46:30Z,121.0,Sense
2025-08-17T07:46:35Z,118.0,Sense
2025-08-17T07:46:40Z,125.0,Sense
2025-08-17T07:46:45Z,132.0,Sense
2025-08-17T07:46:50Z,131.0,Sense
2025-08-17T07:47:00Z,129.0,Sense
2025-08-17T07:47:05Z,127.0,Sense
2025-08-17T07:47:15Z,125.0,Sense
2025-08-17T07:47:20Z,122.0,Sense
2025-08-17T07:47:25Z,118.0,Sense
2025-08-17T07:47:30Z,117.0,Sense
2025-08-17T07:47:35Z,120.0,Sense
2025-08-17T07:47:40Z,121.0,Sense
2025-08-17T07:47:50Z,122.0,Sense
2025-08-17T07:47:55Z,121.0,Sense
2025-08-17T07:48:00Z,120.0,Sense
2025-08-17T07:48:05Z,121.0,Sense
2025-08-17T07:48:10Z,120.0,Sense
2025-08-17T07:48:15Z,114.0,Sense
2025-08-17T07:48:20Z,113.0,Sense
2025-08-17T07:48:25Z,115.0,Sense
2025-08-17T07:48:30Z,116.0,Sense
2025-08-17T07:48:35Z,117.0,Sense
2025-08-17T07:48:40Z,120.0,Sense
2025-08-17T07:48:50Z,115.0,Sense
2025-08-17T07:48:55Z,109.0,Sense
2025-08-17T07:49:00Z,97.0,Sense
2025-08-17T07:49:05Z,95.0,Sense
2025-08-17T07:49:15Z,94.0,Sense
2025-08-17T07:49:20Z,92.0,Sense
2025-08-17T07:49:25Z,88.0,Sense
2025-08-17T07:49:30Z,89.0,Sense
2025-08-17T07:49:35Z,90.0,Sense
2025-08-17T07:49:40Z,90.0,Sense
2025-08-17T07:49:45Z,90.0,Sense
2025-08-17T07:49:50Z,88.0,Sense
2025-08-17T07:49:55Z,87.0,Sense
2025-08-17T07:50:00Z,86.0,Sense
2025-08-17T07:50:05Z,85.0,Sense
2025-08-17T07:50:10Z,82.0,Sense
2025-08-17T07:50:15Z,81.0,Sense
2025-08-17T07:50:25Z,84.0,Sense
2025-08-17T07:50:30Z,83.0,Sense
2025-08-17T07:50:35Z,81.0,Sense
2025-08-17T07:50:40Z,82.0,Sense
2025-08-17T07:50:45Z,83.0,Sense
2025-08-17T07:50:50Z,80.0,Sense
2025-08-17T07:50:55Z,78.0,Sense
2025-08-17T07:51:00Z,80.0,Sense
2025-08-17T07:51:05Z,83.0,Sense
2025-08-17T07:51:15Z,94.0,Sense
2025-08-17T07:51:25Z,93.0,Sense
2025-08-17T07:51:40Z,92.0,Sense
2025-08-17T07:51:45Z,93.0,Sense
2025-08-17T07:51:50Z,92.0,Sense
2025-08-17T07:51:55Z,91.0,Sense
2025-08-17T07:52:00Z,90.0,Sense
2025-08-17T07:52:05Z,91.0,Sense
2025-08-17T07:52:20Z,94.0,Sense
2025-08-17T07:52:35Z,94.0,Sense
2025-08-17T07:52:45Z,98.0,Sense
2025-08-17T07:52:50Z,113.0,Sense
2025-08-17T07:52:55Z,112.0,Sense
2025-08-17T07:53:10Z,112.0,Sense
2025-08-17T07:53:15Z,109.0,Sense
2025-08-17T07:53:20Z,102.0,Sense
2025-08-17T07:53:25Z,101.0,Sense
2025-08-17T07:53:30Z,100.0,Sense
2025-08-17T07:53:40Z,101.0,Sense
2025-08-17T07:53:45Z,98.0,Sense
2025-08-17T07:53:50Z,99.0,Sense
2025-08-17T07:53:55Z,98.0,Sense
2025-08-17T07:54:00Z,96.0,Sense
2025-08-17T07:54:05Z,95.0,Sense
2025-08-17T07:54:10Z,93.0,Sense
2025-08-17T07:54:15Z,86.0,Sense
2025-08-17T07:54:20Z,81.0,Sense
2025-08-17T07:54:30Z,82.0,Sense
2025-08-17T07:54:35Z,83.0,Sense
2025-08-17T07:54:40Z,84.0,Sense
2025-08-17T07:54:45Z,88.0,Sense
2025-08-17T07:54:50Z,90.0,Sense
2025-08-17T07:54:55Z,89.0,Sense
2025-08-17T07:55:05Z,90.0,Sense
2025-08-17T07:55:10Z,91.0,Sense
2025-08-17T07:55:15Z,93.0,Sense
2025-08-17T07:55:20Z,97.0,Sense
2025-08-17T07:55:25Z,99.0,Sense
2025-08-17T07:55:35Z,96.0,Sense
2025-08-17T07:55:40Z,93.0,Sense
2025-08-17T07:55:55Z,94.0,Sense
2025-08-17T07:56:00Z,93.0,Sense
2025-08-17T07:56:10Z,94.0,Sense
2025-08-17T07:56:20Z,95.0,Sense
2025-08-17T07:56:25Z,96.0,Sense
2025-08-17T07:56:30Z,106.0,Sense
2025-08-17T07:56:35Z,113.0,Sense
2025-08-17T07:56:40Z,115.0,Sense
2025-08-17T07:56:45Z,114.0,Sense
2025-08-17T07:56:55Z,113.0,Sense
2025-08-17T07:57:00Z,108.0,Sense
2025-08-17T07:57:05Z,106.0,Sense
2025-08-17T07:57:10Z,107.0,Sense
2025-08-17T07:57:15Z,110.0,Sense
2025-08-17T07:57:20Z,106.0,Sense
2025-08-17T07:57:25Z,101.0,Sense
2025-08-17T07:57:30Z,100.0,Sense
2025-08-17T07:57:40Z,102.0,Sense
2025-08-17T07:57:45Z,112.0,Sense
2025-08-17T07:57:50Z,118.0,Sense
2025-08-17T07:57:55Z,116.0,Sense
2025-08-17T07:58:05Z,117.0,Sense
2025-08-17T07:58:10Z,116.0,Sense
2025-08-17T07:58:15Z,116.0,Sense
2025-08-17T07:58:20Z,115.0,Sense
2025-08-17T07:58:30Z,113.0,Sense
2025-08-17T07:58:35Z,109.0,Sense
2025-08-17T07:58:45Z,110.0,Sense
2025-08-17T07:58:50Z,111.0,Sense
2025-08-17T07:58:55Z,106.0,Sense
2025-08-17T07:59:00Z,95.0,Sense
2025-08-17T07:59:05Z,114.0,Sense
2025-08-17T07:59:10Z,118.0,Sense
2025-08-17T07:59:15Z,117.0,Sense
2025-08-17T07:59:20Z,112.0,Sense
2025-08-17T07:59:30Z,112.0,Sense
2025-08-17T07:59:35Z,111.0,Sense
2025-08-17T07:59:40Z,104.0,Sense
2025-08-17T07:59:45Z,107.0,Sense
2025-08-17T07:59:50Z,106.0,Sense
2025-08-17T07:59:55Z,104.0,Sense
2025-08-17T08:00:00Z,97.0,Sense
2025-08-17T08:00:05Z,95.0,Sense
2025-08-17T08:00:10Z,96.0,Sense
2025-08-17T08:00:15Z,93.0,Sense
2025-08-17T08:00:20Z,92.0,Sense
2025-08-17T08:00:25Z,94.0,Sense
2025-08-17T08:00:35Z,92.0,Sense
2025-08-17T08:00:40Z,92.0,Sense
2025-08-17T08:00:50Z,91.0,Sense
2025-08-17T08:00:55Z,85.0,Sense
2025-08-17T08:01:00Z,80.0,Sense
2025-08-17T08:01:05Z,83.0,Sense
2025-08-17T08:01:10Z,82.0,Sense
2025-08-17T08:01:15Z,80.0,Sense
2025-08-17T08:01:20Z,81.0,Sense
2025-08-17T08:01:25Z,86.0,Sense
2025-08-17T08:01:30Z,88.0,Sense
2025-08-17T08:01:40Z,89.0,Sense
2025-08-17T08:01:45Z,90.0,Sense
2025-08-17T08:01:50Z,91.0,Sense
2025-08-17T08:01:55Z,91.0,Sense
2025-08-17T08:02:00Z,92.0,Sense
2025-08-17T08:02:05Z,93.0,Sense
2025-08-17T08:02:15Z,94.0,Sense
2025-08-17T08:02:20Z,95.0,Sense
2025-08-17T08:02:25Z,96.0,Sense
2025-08-17T08:02:30Z,95.0,Sense
2025-08-17T08:02:40Z,94.0,Sense
2025-08-17T08:02:55Z,94.0,Sense
2025-08-17T08:03:00Z,95.0,Sense
2025-08-17T08:03:05Z,95.0,Sense
2025-08-17T08:03:10Z,96.0,Sense
2025-08-17T08:03:15Z,95.0,Sense
2025-08-17T08:03:20Z,96.0,Sense
2025-08-17T08:03:25Z,97.0,Sense
2025-08-17T08:03:30Z,96.0,Sense
2025-08-17T08:03:40Z,97.0,Sense
2025-08-17T08:03:55Z,98.0,Sense
2025-08-17T08:04:10Z,98.0,Sense
2025-08-17T08:04:15Z,99.0,Sense
2025-08-17T08:04:25Z,98.0,Sense
2025-08-17T08:04:30Z,94.0,Sense
2025-08-17T08:04:45Z,95.0,Sense
2025-08-17T08:04:50Z,95.0,Sense
2025-08-17T08:05:05Z,94.0,Sense
2025-08-17T08:05:20Z,94.0,Sense
2025-08-17T08:05:30Z,93.0,Sense
2025-08-17T08:05:45Z,94.0,Sense
2025-08-17T08:05:50Z,95.0,Sense
2025-08-17T08:05:55Z,96.0,Sense
2025-08-17T08:06:10Z,96.0,Sense
2025-08-17T08:06:15Z,94.0,Sense
2025-08-17T08:06:25Z,95.0,Sense
2025-08-17T08:06:30Z,103.0,Sense
2025-08-17T08:06:35Z,127.0,Sense
2025-08-17T08:06:50Z,129.0,Sense
2025-08-17T08:06:55Z,133.0,Sense
2025-08-17T08:07:00Z,133.0,Sense
2025-08-17T08:07:05Z,129.0,Sense
2025-08-17T08:07:10Z,131.0,Sense
2025-08-17T08:07:15Z,134.0,Sense
2025-08-17T08:07:25Z,128.0,Sense
2025-08-17T08:07:30Z,126.0,Sense
2025-08-17T08:07:40Z,125.0,Sense
2025-08-17T08:07:50Z,123.0,Sense
2025-08-17T08:07:55Z,118.0,Sense
2025-08-17T08:08:00Z,113.0,Sense
2025-08-17T08:08:05Z,111.0,Sense
2025-08-17T08:08:10Z,108.0,Sense
2025-08-17T08:08:15Z,105.0,Sense
2025-08-17T08:08:20Z,102.0,Sense
2025-08-17T08:08:30Z,122.0,Sense
2025-08-17T08:08:35Z,120.0,Sense
2025-08-17T08:08:40Z,116.0,Sense
2025-08-17T08:08:45Z,115.0,Sense
2025-08-17T08:08:50Z,112.0,Sense
2025-08-17T08:08:55Z,109.0,Sense
2025-08-17T08:09:00Z,105.0,Sense
2025-08-17T08:09:05Z,106.0,Sense
2025-08-17T08:09:20Z,105.0,Sense
2025-08-17T08:09:25Z,97.0,Sense
2025-08-17T08:09:30Z,95.0,Sense
2025-08-17T08:09:35Z,95.0,Sense
2025-08-17T08:09:40Z,96.0,Sense
2025-08-17T08:09:45Z,98.0,Sense
2025-08-17T08:09:50Z,99.0,Sense
2025-08-17T08:09:55Z,97.0,Sense
2025-08-17T08:10:00Z,92.0,Sense
2025-08-17T08:10:05Z,91.0,Sense
2025-08-17T08:10:15Z,95.0,Sense
2025-08-17T08:10:20Z,97.0,Sense
2025-08-17T08:10:25Z,94.0,Sense
2025-08-17T08:10:30Z,96.0,Sense
2025-08-17T08:10:35Z,97.0,Sense
2025-08-17T08:10:40Z,96.0,Sense
2025-08-17T08:10:55Z,95.0,Sense
2025-08-17T08:11:00Z,94.0,Sense
2025-08-17T08:11:05Z,93.0,Sense
2025-08-17T08:11:10Z,89.0,Sense
2025-08-17T08:11:15Z,88.0,Sense
2025-08-17T08:11:20Z,87.0,Sense
2025-08-17T08:11:25Z,88.0,Sense
2025-08-17T08:11:30Z,87.0,Sense
2025-08-17T08:11:35Z,80.0,Sense
2025-08-17T08:11:40Z,82.0,Sense
2025-08-17T08:11:45Z,83.0,Sense
2025-08-17T08:11:55Z,84.0,Sense
2025-08-17T08:12:00Z,85.0,Sense
2025-08-17T08:12:05Z,87.0,Sense
2025-08-17T08:12:10Z,88.0,Sense
2025-08-17T08:12:15Z,90.0,Sense
2025-08-17T08:12:20Z,91.0,Sense
2025-08-17T08:12:25Z,90.0,Sense
2025-08-17T08:12:35Z,91.0,Sense
2025-08-17T08:12:40Z,92.0,Sense
2025-08-17T08:12:55Z,92.0,Sense
2025-08-17T08:13:00Z,91.0,Sense
2025-08-17T08:13:05Z,92.0,Sense
2025-08-17T08:13:15Z,94.0,Sense
2025-08-17T08:13:20Z,95.0,Sense
2025-08-17T08:13:25Z,97.0,Sense
2025-08-17T08:13:30Z,98.0,Sense
2025-08-17T08:13:40Z,97.0,Sense
2025-08-17T08:13:45Z,95.0,Sense
2025-08-17T08:13:55Z,94.0,Sense
2025-08-17T08:14:05Z,93.0,Sense
2025-08-17T08:14:10Z,93.0,Sense
2025-08-17T08:14:15Z,94.0,Sense
2025-08-17T08:14:20Z,93.0,Sense
2025-08-17T08:14:30Z,103.0,Sense
2025-08-17T08:14:35Z,105.0,Sense
2025-08-17T08:14:45Z,106.0,Sense
2025-08-17T08:14:55Z,104.0,Sense
2025-08-17T08:15:00Z,101.0,Sense
2025-08-17T08:15:05Z,100.0,Sense
2025-08-17T08:15:10Z,99.0,Sense
2025-08-17T08:15:15Z,100.0,Sense
2025-08-17T08:15:30Z,99.0,Sense
2025-08-17T08:15:40Z,97.0,Sense
2025-08-17T08:15:55Z,97.0,Sense
2025-08-17T08:16:00Z,96.0,Sense
2025-08-17T08:16:05Z,97.0,Sense
2025-08-17T08:16:10Z,98.0,Sense
2025-08-17T08:16:15Z,100.0,Sense
2025-08-17T08:16:20Z,105.0,Sense
2025-08-17T08:16:25Z,104.0,Sense
2025-08-17T08:16:30Z,103.0,Sense
2025-08-17T08:16:35Z,104.0,Sense
2025-08-17T08:16:40Z,105.0,Sense
2025-08-17T08:16:45Z,104.0,Sense
2025-08-17T08:16:50Z,103.0,Sense
2025-08-17T08:16:55Z,102.0,Sense
2025-08-17T08:17:00Z,99.0,Sense
2025-08-17T08:17:05Z,97.0,Sense
2025-08-17T08:17:10Z,96.0,Sense
2025-08-17T08:17:20Z,97.0,Sense
2025-08-17T08:17:25Z,98.0,Sense
2025-08-17T08:17:30Z,99.0,Sense
2025-08-17T08:17:35Z,100.0,Sense
2025-08-17T08:17:45Z,99.0,Sense
2025-08-17T08:17:50Z,97.0,Sense
2025-08-17T08:18:05Z,97.0,Sense
2025-08-17T08:18:10Z,96.0,Sense
2025-08-17T08:18:20Z,102.0,Sense
2025-08-17T08:18:25Z,111.0,Sense
2025-08-17T08:18:30Z,112.0,Sense
2025-08-17T08:18:35Z,120.0,Sense
2025-08-17T08:18:40Z,117.0,Sense
2025-08-17T08:18:45Z,115.0,Sense
2025-08-17T08:18:55Z,116.0,Sense
2025-08-17T08:19:05Z,113.0,Sense
2025-08-17T08:19:10Z,112.0,Sense
2025-08-17T08:19:15Z,110.0,Sense
2025-08-17T08:19:20Z,108.0,Sense
2025-08-17T08:19:25Z,107.0,Sense
2025-08-17T08:19:35Z,106.0,Sense
2025-08-17T08:19:40Z,105.0,Sense
2025-08-17T08:19:45Z,104.0,Sense
2025-08-17T08:19:50Z,102.0,Sense
2025-08-17T08:19:55Z,101.0,Sense
2025-08-17T08:20:10Z,101.0,Sense
2025-08-17T08:20:15Z,102.0,Sense
2025-08-17T08:20:20Z,101.0,Sense
2025-08-17T08:20:25Z,100.0,Sense
2025-08-17T08:20:35Z,101.0,Sense
2025-08-17T08:20:45Z,100.0,Sense
2025-08-17T08:20:50Z,99.0,Sense
2025-08-17T08:20:55Z,99.0,Sense
2025-08-17T08:21:00Z,100.0,Sense
2025-08-17T08:21:15Z,100.0,Sense
2025-08-17T08:21:30Z,100.0,Sense
2025-08-17T08:21:40Z,117.0,Sense
2025-08-17T08:21:45Z,122.0,Sense
2025-08-17T08:21:50Z,123.0,Sense
2025-08-17T08:21:55Z,117.0,Sense
2025-08-17T08:22:00Z,109.0,Sense
2025-08-17T08:22:05Z,108.0,Sense
2025-08-17T08:22:10Z,107.0,Sense
2025-08-17T08:22:15Z,109.0,Sense
2025-08-17T08:22:20Z,107.0,Sense
2025-08-17T08:22:25Z,103.0,Sense
2025-08-17T08:22:35Z,105.0,Sense
2025-08-17T08:22:40Z,106.0,Sense
2025-08-17T08:22:50Z,103.0,Sense
2025-08-17T08:22:55Z,101.0,Sense
2025-08-17T08:23:00Z,102.0,Sense
2025-08-17T08:23:05Z,110.0,Sense
2025-08-17T08:23:10Z,117.0,Sense
2025-08-17T08:23:15Z,114.0,Sense
2025-08-17T08:23:20Z,112.0,Sense
2025-08-17T08:23:25Z,101.0,Sense
2025-08-17T08:23:30Z,96.0,Sense
2025-08-17T08:23:35Z,95.0,Sense
2025-08-17T08:23:40Z,92.0,Sense
2025-08-17T08:23:45Z,88.0,Sense
2025-08-17T08:24:00Z,89.0,Sense
2025-08-17T08:24:05Z,90.0,Sense
2025-08-17T08:24:10Z,91.0,Sense
2025-08-17T08:24:25Z,92.0,Sense
2025-08-17T08:24:30Z,94.0,Sense
2025-08-17T08:24:35Z,95.0,Sense
2025-08-17T08:24:40Z,96.0,Sense
2025-08-17T08:24:50Z,95.0,Sense
2025-08-17T08:24:55Z,94.0,Sense
2025-08-17T08:25:00Z,95.0,Sense
2025-08-17T08:25:10Z,96.0,Sense
2025-08-17T08:25:15Z,97.0,Sense
2025-08-17T08:25:20Z,99.0,Sense
2025-08-17T08:25:30Z,98.0,Sense
2025-08-17T08:25:40Z,96.0,Sense
2025-08-17T08:25:55Z,97.0,Sense
2025-08-17T08:26:00Z,96.0,Sense
2025-08-17T08:26:05Z,97.0,Sense
2025-08-17T08:26:10Z,99.0,Sense
2025-08-17T08:26:15Z,98.0,Sense
2025-08-17T08:26:25Z,99.0,Sense
2025-08-17T08:26:30Z,98.0,Sense
2025-08-17T08:26:35Z,98.0,Sense
2025-08-17T08:26:45Z,97.0,Sense
2025-08-17T08:26:50Z,96.0,Sense
2025-08-17T08:26:55Z,93.0,Sense
2025-08-17T08:27:00Z,105.0,Sense
2025-08-17T08:27:05Z,106.0,Sense
2025-08-17T08:27:15Z,107.0,Sense
2025-08-17T08:27:20Z,108.0,Sense
2025-08-17T08:27:25Z,105.0,Sense
2025-08-17T08:27:40Z,105.0,Sense
2025-08-17T08:27:50Z,105.0,Sense
2025-08-17T08:28:05Z,105.0,Sense
2025-08-17T08:28:15Z,102.0,Sense
2025-08-17T08:28:20Z,100.0,Sense
2025-08-17T08:28:35Z,100.0,Sense
2025-08-17T08:28:50Z,96.0,Sense
2025-08-17T08:28:55Z,96.0,Sense
2025-08-17T08:29:05Z,97.0,Sense
2025-08-17T08:29:15Z,98.0,Sense
2025-08-17T08:29:20Z,98.0,Sense
2025-08-17T08:29:25Z,97.0,Sense
2025-08-17T08:29:30Z,96.0,Sense
2025-08-17T08:29:35Z,97.0,Sense
2025-08-17T08:29:40Z,101.0,Sense
2025-08-17T08:29:45Z,103.0,Sense
2025-08-17T08:29:50Z,102.0,Sense
2025-08-17T08:29:55Z,102.0,Sense
2025-08-17T08:30:00Z,104.0,Sense
2025-08-17T08:30:05Z,105.0,Sense
2025-08-17T08:30:10Z,103.0,Sense
2025-08-17T08:30:15Z,101.0,Sense
2025-08-17T08:30:20Z,99.0,Sense
2025-08-17T08:30:30Z,101.0,Sense
2025-08-17T08:30:40Z,99.0,Sense
2025-08-17T08:30:45Z,100.0,Sense
2025-08-17T08:30:55Z,101.0,Sense
2025-08-17T08:31:00Z,103.0,Sense
2025-08-17T08:31:15Z,100.0,Sense
2025-08-17T08:31:20Z,98.0,Sense
2025-08-17T08:31:25Z,92.0,Sense
2025-08-17T08:31:30Z,90.0,Sense
2025-08-17T08:31:35Z,92.0,Sense
2025-08-17T08:31:40Z,94.0,Sense
2025-08-17T08:31:45Z,95.0,Sense
2025-08-17T08:31:50Z,96.0,Sense
2025-08-17T08:31:55Z,95.0,Sense
2025-08-17T08:32:05Z,103.0,Sense
2025-08-17T08:32:10Z,104.0,Sense
2025-08-17T08:32:15Z,105.0,Sense
2025-08-17T08:32:20Z,104.0,Sense
2025-08-17T08:32:25Z,103.0,Sense
2025-08-17T08:32:30Z,104.0,Sense
2025-08-17T08:32:35Z,104.0,Sense
2025-08-17T08:32:45Z,103.0,Sense
2025-08-17T08:32:50Z,105.0,Sense
2025-08-17T08:33:00Z,103.0,Sense
2025-08-17T08:33:05Z,104.0,Sense
2025-08-17T08:33:10Z,103.0,Sense
2025-08-17T08:33:20Z,101.0,Sense
2025-08-17T08:33:25Z,98.0,Sense
2025-08-17T08:33:30Z,96.0,Sense
2025-08-17T08:33:40Z,95.0,Sense
2025-08-17T08:33:45Z,96.0,Sense
2025-08-17T08:33:50Z,99.0,Sense
2025-08-17T08:33:55Z,100.0,Sense
2025-08-17T08:34:10Z,100.0,Sense
2025-08-17T08:34:15Z,101.0,Sense
2025-08-17T08:34:25Z,99.0,Sense
2025-08-17T08:34:30Z,98.0,Sense
2025-08-17T08:34:35Z,99.0,Sense
2025-08-17T08:34:40Z,98.0,Sense
2025-08-17T08:34:45Z,99.0,Sense
2025-08-17T08:34:50Z,98.0,Sense
2025-08-17T08:34:55Z,98.0,Sense
2025-08-17T08:35:00Z,99.0,Sense
2025-08-17T08:35:05Z,100.0,Sense
2025-08-17T08:35:10Z,102.0,Sense
2025-08-17T08:35:15Z,101.0,Sense
2025-08-17T08:35:20Z,100.0,Sense
2025-08-17T08:35:25Z,98.0,Sense
2025-08-17T08:35:30Z,99.0,Sense
2025-08-17T08:35:35Z,100.0,Sense
2025-08-17T08:35:40Z,102.0,Sense
2025-08-17T08:35:50Z,100.0,Sense
2025-08-17T08:35:55Z,98.0,Sense
2025-08-17T08:36:10Z,97.0,Sense
2025-08-17T08:36:25Z,98.0,Sense
2025-08-17T08:36:30Z,103.0,Sense
2025-08-17T08:36:35Z,124.0,Sense
2025-08-17T08:36:40Z,121.0,Sense
2025-08-17T08:36:50Z,121.0,Sense
2025-08-17T08:37:05Z,118.0,Sense
2025-08-17T08:37:10Z,117.0,Sense
2025-08-17T08:37:15Z,120.0,Sense
2025-08-17T08:37:20Z,119.0,Sense
2025-08-17T08:37:25Z,120.0,Sense
2025-08-17T08:37:30Z,124.0,Sense
2025-08-17T08:37:35Z,121.0,Sense
2025-08-17T08:37:40Z,116.0,Sense
2025-08-17T08:37:45Z,111.0,Sense
2025-08-17T08:37:50Z,110.0,Sense
2025-08-17T08:38:00Z,112.0,Sense
2025-08-17T08:38:05Z,104.0,Sense
2025-08-17T08:38:10Z,97.0,Sense
2025-08-17T08:38:15Z,91.0,Sense
2025-08-17T08:38:20Z,89.0,Sense
2025-08-17T08:38:25Z,85.0,Sense
2025-08-17T08:38:30Z,80.0,Sense
2025-08-17T08:38:35Z,76.0,Sense
2025-08-17T08:38:40Z,78.0,Sense
2025-08-17T08:38:45Z,81.0,Sense
2025-08-17T08:38:50Z,82.0,Sense
2025-08-17T08:38:55Z,83.0,Sense
2025-08-17T08:39:00Z,86.0,Sense
2025-08-17T08:39:05Z,88.0,Sense
2025-08-17T08:39:10Z,90.0,Sense
2025-08-17T08:39:15Z,92.0,Sense
2025-08-17T08:39:20Z,93.0,Sense
2025-08-17T08:39:25Z,95.0,Sense
2025-08-17T08:39:30Z,96.0,Sense
2025-08-17T08:39:35Z,97.0,Sense
2025-08-17T08:39:40Z,98.0,Sense
2025-08-17T08:39:45Z,100.0,Sense
2025-08-17T08:39:55Z,99.0,Sense
2025-08-17T08:40:00Z,99.0,Sense
2025-08-17T08:40:05Z,100.0,Sense
2025-08-17T08:40:10Z,99.0,Sense
2025-08-17T08:40:15Z,98.0,Sense
2025-08-17T08:40:30Z,98.0,Sense
2025-08-17T08:40:40Z,98.0,Sense
2025-08-17T08:40:50Z,99.0,Sense
2025-08-17T08:40:55Z,98.0,Sense
2025-08-17T08:41:00Z,109.0,Sense
2025-08-17T08:41:05Z,116.0,Sense
2025-08-17T08:41:10Z,115.0,Sense
2025-08-17T08:41:15Z,114.0,Sense
2025-08-17T08:41:20Z,114.0,Sense
2025-08-17T08:41:30Z,112.0,Sense
2025-08-17T08:41:35Z,110.0,Sense
2025-08-17T08:41:40Z,107.0,Sense
2025-08-17T08:41:45Z,109.0,Sense
2025-08-17T08:41:50Z,107.0,Sense
2025-08-17T08:41:55Z,105.0,Sense
2025-08-17T08:42:00Z,104.0,Sense
2025-08-17T08:42:15Z,103.0,Sense
2025-08-17T08:42:20Z,104.0,Sense
2025-08-17T08:42:25Z,105.0,Sense
2025-08-17T08:42:30Z,103.0,Sense
2025-08-17T08:42:35Z,102.0,Sense
2025-08-17T08:42:50Z,103.0,Sense
2025-08-17T08:43:00Z,102.0,Sense
2025-08-17T08:43:05Z,101.0,Sense
2025-08-17T08:43:10Z,100.0,Sense
2025-08-17T08:43:15Z,98.0,Sense
2025-08-17T08:43:20Z,96.0,Sense
2025-08-17T08:43:35Z,97.0,Sense
2025-08-17T08:43:40Z,96.0,Sense
2025-08-17T08:43:45Z,96.0,Sense
2025-08-17T08:43:50Z,95.0,Sense
2025-08-17T08:43:55Z,94.0,Sense
2025-08-17T08:44:05Z,93.0,Sense
2025-08-17T08:44:10Z,94.0,Sense
2025-08-17T08:44:15Z,95.0,Sense
2025-08-17T08:44:30Z,95.0,Sense
2025-08-17T08:44:35Z,94.0,Sense
2025-08-17T08:44:45Z,95.0,Sense
2025-08-17T08:45:00Z,95.0,Sense
2025-08-17T08:45:05Z,96.0,Sense
2025-08-17T08:45:10Z,97.0,Sense
2025-08-17T08:45:20Z,98.0,Sense
2025-08-17T08:45:30Z,96.0,Sense
2025-08-17T08:45:35Z,95.0,Sense
2025-08-17T08:45:45Z,97.0,Sense
2025-08-17T08:46:00Z,97.0,Sense
2025-08-17T08:46:05Z,98.0,Sense
2025-08-17T08:46:20Z,98.0,Sense
2025-08-17T08:46:25Z,97.0,Sense
2025-08-17T08:46:30Z,95.0,Sense
2025-08-17T08:46:35Z,94.0,Sense
2025-08-17T08:46:50Z,95.0,Sense
2025-08-17T08:46:55Z,93.0,Sense
2025-08-17T08:47:10Z,93.0,Sense
2025-08-17T08:47:25Z,93.0,Sense
2025-08-17T08:47:40Z,91.0,Sense
2025-08-17T08:47:45Z,90.0,Sense
2025-08-17T08:47:50Z,91.0,Sense
2025-08-17T08:48:05Z,93.0,Sense
2025-08-17T08:48:15Z,92.0,Sense
2025-08-17T08:48:30Z,92.0,Sense
2025-08-17T08:48:35Z,94.0,Sense
2025-08-17T08:48:50Z,94.0,Sense
2025-08-17T08:49:00Z,93.0,Sense
2025-08-17T08:49:15Z,93.0,Sense
2025-08-17T08:49:25Z,94.0,Sense
2025-08-17T08:49:30Z,95.0,Sense
2025-08-17T08:49:35Z,94.0,Sense
2025-08-17T08:49:45Z,95.0,Sense
2025-08-17T08:49:50Z,96.0,Sense
2025-08-17T08:49:55Z,97.0,Sense
2025-08-17T08:50:00Z,99.0,Sense
2025-08-17T08:50:10Z,101.0,Sense
2025-08-17T08:50:15Z,102.0,Sense
2025-08-17T08:50:30Z,101.0,Sense
2025-08-17T08:50:40Z,97.0,Sense
2025-08-17T08:50:45Z,93.0,Sense
2025-08-17T08:50:50Z,94.0,Sense
2025-08-17T08:51:05Z,95.0,Sense
2025-08-17T08:51:10Z,96.0,Sense
2025-08-17T08:51:15Z,97.0,Sense
2025-08-17T08:51:20Z,99.0,Sense
2025-08-17T08:51:35Z,113.0,Sense
2025-08-17T08:51:40Z,123.0,Sense
2025-08-17T08:51:50Z,122.0,Sense
2025-08-17T08:51:55Z,120.0,Sense
2025-08-17T08:52:00Z,118.0,Sense
2025-08-17T08:52:05Z,114.0,Sense
2025-08-17T08:52:10Z,113.0,Sense
2025-08-17T08:52:15Z,112.0,Sense
2025-08-17T08:52:20Z,110.0,Sense
2025-08-17T08:52:25Z,109.0,Sense
2025-08-17T08:52:30Z,108.0,Sense
2025-08-17T08:52:35Z,100.0,Sense
2025-08-17T08:52:40Z,99.0,Sense
2025-08-17T08:52:45Z,98.0,Sense
2025-08-17T08:53:00Z,100.0,Sense
2025-08-17T08:53:05Z,99.0,Sense
2025-08-17T08:53:15Z,98.0,Sense
2025-08-17T08:53:30Z,98.0,Sense
2025-08-17T08:53:40Z,97.0,Sense
2025-08-17T08:53:55Z,96.0,Sense
2025-08-17T08:54:10Z,97.0,Sense
2025-08-17T08:54:15Z,99.0,Sense
2025-08-17T08:54:20Z,101.0,Sense
2025-08-17T08:54:25Z,102.0,Sense
2025-08-17T08:54:30Z,104.0,Sense
2025-08-17T08:54:35Z,103.0,Sense
2025-08-17T08:54:40Z,102.0,Sense
2025-08-17T08:54:50Z,96.0,Sense
2025-08-17T08:54:55Z,91.0,Sense
2025-08-17T08:55:05Z,92.0,Sense
2025-08-17T08:55:15Z,93.0,Sense
2025-08-17T08:55:25Z,94.0,Sense
2025-08-17T08:55:30Z,95.0,Sense
2025-08-17T08:55:45Z,95.0,Sense
2025-08-17T08:55:50Z,94.0,Sense
2025-08-17T08:55:55Z,95.0,Sense
2025-08-17T08:56:00Z,96.0,Sense
2025-08-17T08:56:10Z,95.0,Sense
2025-08-17T08:56:25Z,96.0,Sense
2025-08-17T08:56:35Z,96.0,Sense
2025-08-17T08:56:45Z,97.0,Sense
2025-08-17T08:56:50Z,98.0,Sense
2025-08-17T08:56:55Z,96.0,Sense
2025-08-17T08:57:00Z,94.0,Sense
2025-08-17T08:57:05Z,93.0,Sense
2025-08-17T08:57:20Z,93.0,Sense
2025-08-17T08:57:25Z,94.0,Sense
2025-08-17T08:57:35Z,96.0,Sense
2025-08-17T08:57:50Z,95.0,Sense
2025-08-17T08:57:55Z,96.0,Sense
2025-08-17T08:58:00Z,102.0,Sense
2025-08-17T08:58:05Z,104.0,Sense
2025-08-17T08:58:10Z,105.0,Sense
2025-08-17T08:58:15Z,113.0,Sense
2025-08-17T08:58:20Z,117.0,Sense
2025-08-17T08:58:25Z,121.0,Sense
2025-08-17T08:58:35Z,119.0,Sense
2025-08-17T08:58:40Z,117.0,Sense
2025-08-17T08:58:45Z,115.0,Sense
2025-08-17T08:58:50Z,113.0,Sense
2025-08-17T08:58:55Z,110.0,Sense
2025-08-17T08:59:00Z,109.0,Sense
2025-08-17T08:59:05Z,107.0,Sense
2025-08-17T08:59:10Z,106.0,Sense
2025-08-17T08:59:20Z,107.0,Sense
2025-08-17T08:59:30Z,105.0,Sense
2025-08-17T08:59:35Z,103.0,Sense
2025-08-17T08:59:50Z,104.0,Sense
2025-08-17T08:59:55Z,95.0,Sense
2025-08-17T09:00:05Z,94.0,Sense
2025-08-17T09:00:10Z,95.0,Sense
2025-08-17T09:00:15Z,96.0,Sense
2025-08-17T09:00:20Z,97.0,Sense
2025-08-17T09:00:30Z,94.0,Sense
2025-08-17T09:00:35Z,89.0,Sense
2025-08-17T09:00:50Z,90.0,Sense
2025-08-17T09:01:00Z,91.0,Sense
2025-08-17T09:01:05Z,92.0,Sense
2025-08-17T09:01:10Z,93.0,Sense
2025-08-17T09:01:15Z,94.0,Sense
2025-08-17T09:01:25Z,93.0,Sense
2025-08-17T09:01:35Z,94.0,Sense
2025-08-17T09:01:40Z,99.0,Sense
2025-08-17T09:01:55Z,100.0,Sense
2025-08-17T09:02:05Z,99.0,Sense
2025-08-17T09:02:10Z,98.0,Sense
2025-08-17T09:02:15Z,96.0,Sense
2025-08-17T09:02:30Z,96.0,Sense
2025-08-17T09:02:35Z,95.0,Sense
2025-08-17T09:02:40Z,89.0,Sense
2025-08-17T09:02:45Z,90.0,Sense
2025-08-17T09:03:00Z,90.0,Sense
2025-08-17T09:03:05Z,91.0,Sense
2025-08-17T09:03:10Z,90.0,Sense
2025-08-17T09:03:15Z,91.0,Sense
2025-08-17T09:03:20Z,96.0,Sense
2025-08-17T09:03:25Z,100.0,Sense
2025-08-17T09:03:30Z,99.0,Sense
2025-08-17T09:03:40Z,100.0,Sense
2025-08-17T09:03:50Z,97.0,Sense
2025-08-17T09:03:55Z,95.0,Sense
2025-08-17T09:04:00Z,95.0,Sense
2025-08-17T09:04:15Z,95.0,Sense
2025-08-17T09:04:25Z,97.0,Sense
2025-08-17T09:04:35Z,96.0,Sense
2025-08-17T09:04:50Z,96.0,Sense
2025-08-17T09:04:55Z,96.0,Sense
2025-08-17T09:05:00Z,97.0,Sense
2025-08-17T09:05:05Z,98.0,Sense
2025-08-17T09:05:10Z,99.0,Sense
2025-08-17T09:05:15Z,98.0,Sense
2025-08-17T09:05:30Z,99.0,Sense
2025-08-17T09:05:35Z,100.0,Sense
2025-08-17T09:05:50Z,101.0,Sense
2025-08-17T09:05:55Z,97.0,Sense
2025-08-17T09:06:00Z,94.0,Sense
2025-08-17T09:06:15Z,95.0,Sense
2025-08-17T09:06:20Z,96.0,Sense
2025-08-17T09:06:25Z,97.0,Sense
2025-08-17T09:06:40Z,96.0,Sense
2025-08-17T09:06:50Z,98.0,Sense
2025-08-17T09:06:55Z,99.0,Sense
2025-08-17T09:07:05Z,98.0,Sense
2025-08-17T09:07:20Z,98.0,Sense
2025-08-17T09:07:25Z,97.0,Sense
2025-08-17T09:07:30Z,96.0,Sense
2025-08-17T09:07:45Z,96.0,Sense
2025-08-17T09:07:50Z,95.0,Sense
2025-08-17T09:07:55Z,94.0,Sense
2025-08-17T09:08:00Z,90.0,Sense
2025-08-17T09:08:15Z,90.0,Sense
2025-08-17T09:08:20Z,91.0,Sense
2025-08-17T09:08:25Z,91.0,Sense
2025-08-17T09:08:30Z,93.0,Sense
2025-08-17T09:08:45Z,91.0,Sense
2025-08-17T09:08:50Z,91.0,Sense
2025-08-17T09:08:55Z,92.0,Sense
2025-08-17T09:09:05Z,93.0,Sense
2025-08-17T09:09:15Z,92.0,Sense
2025-08-17T09:09:20Z,93.0,Sense
2025-08-17T09:09:25Z,92.0,Sense
2025-08-17T09:09:40Z,92.0,Sense
2025-08-17T09:09:45Z,93.0,Sense
2025-08-17T09:09:55Z,94.0,Sense
2025-08-17T09:10:00Z,95.0,Sense
2025-08-17T09:10:05Z,96.0,Sense
2025-08-17T09:10:10Z,95.0,Sense
2025-08-17T09:10:15Z,103.0,Sense
2025-08-17T09:10:20Z,112.0,Sense
2025-08-17T09:10:25Z,113.0,Sense
2025-08-17T09:10:30Z,111.0,Sense
2025-08-17T09:10:35Z,108.0,Sense
2025-08-17T09:10:45Z,106.0,Sense
2025-08-17T09:10:50Z,104.0,Sense
2025-08-17T09:11:00Z,105.0,Sense
2025-08-17T09:11:10Z,107.0,Sense
2025-08-17T09:11:15Z,106.0,Sense
2025-08-17T09:11:20Z,104.0,Sense
2025-08-17T09:11:25Z,104.0,Sense
2025-08-17T09:11:30Z,103.0,Sense
2025-08-17T09:11:40Z,102.0,Sense
2025-08-17T09:11:45Z,100.0,Sense
2025-08-17T09:11:55Z,98.0,Sense
2025-08-17T09:12:05Z,97.0,Sense
2025-08-17T09:12:15Z,99.0,Sense
2025-08-17T09:12:20Z,100.0,Sense
2025-08-17T09:12:25Z,99.0,Sense
2025-08-17T09:12:30Z,100.0,Sense
2025-08-17T09:12:35Z,101.0,Sense
2025-08-17T09:12:45Z,103.0,Sense
2025-08-17T09:12:50Z,110.0,Sense
2025-08-17T09:13:00Z,109.0,Sense
2025-08-17T09:13:05Z,118.0,Sense
2025-08-17T09:13:10Z,117.0,Sense
2025-08-17T09:13:25Z,111.0,Sense
2025-08-17T09:13:30Z,108.0,Sense
2025-08-17T09:13:35Z,107.0,Sense
2025-08-17T09:13:40Z,106.0,Sense
2025-08-17T09:13:50Z,104.0,Sense
2025-08-17T09:14:00Z,102.0,Sense
2025-08-17T09:14:05Z,100.0,Sense
2025-08-17T09:14:10Z,93.0,Sense
2025-08-17T09:14:25Z,91.0,Sense
2025-08-17T09:14:30Z,89.0,Sense
2025-08-17T09:14:35Z,89.0,Sense
2025-08-17T09:14:45Z,90.0,Sense
2025-08-17T09:14:55Z,89.0,Sense
2025-08-17T09:15:00Z,94.0,Sense
2025-08-17T09:15:05Z,99.0,Sense
2025-08-17T09:15:20Z,99.0,Sense
2025-08-17T09:15:25Z,98.0,Sense
2025-08-17T09:15:40Z,98.0,Sense
2025-08-17T09:15:45Z,99.0,Sense
2025-08-17T09:16:00Z,98.0,Sense
2025-08-17T09:16:05Z,95.0,Sense
2025-08-17T09:16:20Z,95.0,Sense
2025-08-17T09:16:30Z,95.0,Sense
2025-08-17T09:16:40Z,96.0,Sense
2025-08-17T09:16:50Z,95.0,Sense
2025-08-17T09:16:55Z,96.0,Sense
2025-08-17T09:17:00Z,97.0,Sense
2025-08-17T09:17:05Z,96.0,Sense
2025-08-17T09:17:20Z,96.0,Sense
2025-08-17T09:17:25Z,95.0,Sense
2025-08-17T09:17:30Z,94.0,Sense
2025-08-17T09:17:35Z,95.0,Sense
2025-08-17T09:17:40Z,94.0,Sense
2025-08-17T09:17:55Z,94.0,Sense
2025-08-17T09:18:00Z,95.0,Sense
2025-08-17T09:18:05Z,94.0,Sense
2025-08-17T09:18:15Z,95.0,Sense
2025-08-17T09:18:20Z,96.0,Sense
2025-08-17T09:18:25Z,96.0,Sense
2025-08-17T09:18:30Z,95.0,Sense
2025-08-17T09:18:45Z,95.0,Sense
2025-08-17T09:18:50Z,92.0,Sense
2025-08-17T09:18:55Z,91.0,Sense
2025-08-17T09:19:05Z,90.0,Sense
2025-08-17T09:19:15Z,91.0,Sense
2025-08-17T09:19:20Z,92.0,Sense
2025-08-17T09:19:25Z,92.0,Sense
2025-08-17T09:19:30Z,93.0,Sense
2025-08-17T09:19:40Z,94.0,Sense
2025-08-17T09:19:45Z,95.0,Sense
2025-08-17T09:19:55Z,97.0,Sense
2025-08-17T09:20:00Z,98.0,Sense
2025-08-17T09:20:05Z,99.0,Sense
2025-08-17T09:20:15Z,100.0,Sense
2025-08-17T09:20:20Z,102.0,Sense
2025-08-17T09:20:30Z,98.0,Sense
2025-08-17T09:20:35Z,95.0,Sense
2025-08-17T09:20:40Z,96.0,Sense
2025-08-17T09:20:45Z,95.0,Sense
2025-08-17T09:21:00Z,97.0,Sense
2025-08-17T09:21:05Z,98.0,Sense
2025-08-17T09:21:10Z,97.0,Sense
2025-08-17T09:21:15Z,98.0,Sense
2025-08-17T09:21:20Z,99.0,Sense
2025-08-17T09:21:25Z,99.0,Sense
2025-08-17T09:21:40Z,99.0,Sense
2025-08-17T09:21:50Z,98.0,Sense
2025-08-17T09:22:00Z,99.0,Sense
2025-08-17T09:22:10Z,100.0,Sense
2025-08-17T09:22:15Z,101.0,Sense
2025-08-17T09:22:20Z,97.0,Sense
2025-08-17T09:22:25Z,91.0,Sense
2025-08-17T09:22:35Z,90.0,Sense
2025-08-17T09:22:45Z,93.0,Sense
2025-08-17T09:22:50Z,100.0,Sense
2025-08-17T09:23:00Z,99.0,Sense
2025-08-17T09:23:05Z,100.0,Sense
2025-08-17T09:23:15Z,101.0,Sense
2025-08-17T09:23:20Z,99.0,Sense
2025-08-17T09:23:25Z,103.0,Sense
2025-08-17T09:23:30Z,104.0,Sense
2025-08-17T09:23:35Z,103.0,Sense
2025-08-17T09:23:40Z,101.0,Sense
2025-08-17T09:23:45Z,100.0,Sense
2025-08-17T09:23:55Z,99.0,Sense
2025-08-17T09:24:00Z,98.0,Sense
2025-08-17T09:24:05Z,97.0,Sense
2025-08-17T09:24:15Z,98.0,Sense
2025-08-17T09:24:20Z,99.0,Sense
2025-08-17T09:24:25Z,100.0,Sense
2025-08-17T09:24:40Z,100.0,Sense
2025-08-17T09:24:45Z,100.0,Sense
2025-08-17T09:24:55Z,99.0,Sense
2025-08-17T09:25:00Z,98.0,Sense
2025-08-17T09:25:05Z,97.0,Sense
2025-08-17T09:25:20Z,97.0,Sense
2025-08-17T09:25:25Z,96.0,Sense
2025-08-17T09:25:30Z,95.0,Sense
2025-08-17T09:25:35Z,94.0,Sense
2025-08-17T09:25:45Z,95.0,Sense
2025-08-17T09:25:50Z,96.0,Sense
2025-08-17T09:25:55Z,97.0,Sense
2025-08-17T09:26:00Z,98.0,Sense
2025-08-17T09:26:10Z,100.0,Sense
2025-08-17T09:26:15Z,101.0,Sense
2025-08-17T09:26:25Z,97.0,Sense
2025-08-17T09:26:40Z,97.0,Sense
2025-08-17T09:26:50Z,97.0,Sense
2025-08-17T09:27:00Z,98.0,Sense
2025-08-17T09:27:15Z,99.0,Sense
2025-08-17T09:27:25Z,100.0,Sense
2025-08-17T09:27:30Z,101.0,Sense
2025-08-17T09:27:35Z,100.0,Sense
2025-08-17T09:27:40Z,99.0,Sense
2025-08-17T09:27:50Z,100.0,Sense
2025-08-17T09:27:55Z,102.0,Sense
2025-08-17T09:28:05Z,101.0,Sense
2025-08-17T09:28:10Z,102.0,Sense
2025-08-17T09:28:15Z,102.0,Sense
2025-08-17T09:28:30Z,101.0,Sense
2025-08-17T09:28:45Z,101.0,Sense
2025-08-17T09:28:55Z,100.0,Sense
2025-08-17T09:29:00Z,101.0,Sense
2025-08-17T09:29:15Z,100.0,Sense
2025-08-17T09:29:20Z,99.0,Sense
2025-08-17T09:29:25Z,98.0,Sense
2025-08-17T09:29:30Z,97.0,Sense
2025-08-17T09:29:45Z,98.0,Sense
2025-08-17T09:29:50Z,99.0,Sense
2025-08-17T09:29:55Z,100.0,Sense
2025-08-17T09:30:00Z,101.0,Sense
2025-08-17T09:30:15Z,100.0,Sense
2025-08-17T09:30:20Z,92.0,Sense
2025-08-17T09:30:25Z,90.0,Sense
2025-08-17T09:30:40Z,90.0,Sense
2025-08-17T09:30:45Z,91.0,Sense
2025-08-17T09:30:55Z,92.0,Sense
2025-08-17T09:31:00Z,93.0,Sense
2025-08-17T09:31:10Z,93.0,Sense
2025-08-17T09:31:25Z,93.0,Sense
2025-08-17T09:31:35Z,93.0,Sense
2025-08-17T09:31:40Z,94.0,Sense
2025-08-17T09:31:55Z,100.0,Sense
2025-08-17T09:32:00Z,105.0,Sense
2025-08-17T09:32:05Z,104.0,Sense
2025-08-17T09:32:10Z,104.0,Sense
2025-08-17T09:32:20Z,105.0,Sense
2025-08-17T09:32:25Z,108.0,Sense
2025-08-17T09:32:30Z,106.0,Sense
2025-08-17T09:32:35Z,105.0,Sense
2025-08-17T09:32:45Z,106.0,Sense
2025-08-17T09:32:55Z,105.0,Sense
2025-08-17T09:33:00Z,104.0,Sense
2025-08-17T09:33:05Z,102.0,Sense
2025-08-17T09:33:20Z,104.0,Sense
2025-08-17T09:33:25Z,119.0,Sense
2025-08-17T09:33:30Z,118.0,Sense
2025-08-17T09:33:35Z,117.0,Sense
2025-08-17T09:33:40Z,102.0,Sense
2025-08-17T09:33:50Z,101.0,Sense
2025-08-17T09:34:05Z,101.0,Sense
2025-08-17T09:34:20Z,100.0,Sense
2025-08-17T09:34:25Z,96.0,Sense
2025-08-17T09:34:30Z,94.0,Sense
2025-08-17T09:34:35Z,90.0,Sense
2025-08-17T09:34:40Z,87.0,Sense
2025-08-17T09:34:50Z,86.0,Sense
2025-08-17T09:34:55Z,87.0,Sense
2025-08-17T09:35:00Z,88.0,Sense
2025-08-17T09:35:05Z,89.0,Sense
2025-08-17T09:35:10Z,90.0,Sense
2025-08-17T09:35:15Z,91.0,Sense
2025-08-17T09:35:25Z,93.0,Sense
2025-08-17T09:35:30Z,94.0,Sense
2025-08-17T09:35:35Z,93.0,Sense
2025-08-17T09:35:40Z,97.0,Sense
2025-08-17T09:35:45Z,103.0,Sense
2025-08-17T09:35:55Z,102.0,Sense
2025-08-17T09:36:00Z,100.0,Sense
2025-08-17T09:36:05Z,100.0,Sense
2025-08-17T09:36:10Z,98.0,Sense
2025-08-17T09:36:15Z,97.0,Sense
2025-08-17T09:36:30Z,97.0,Sense
2025-08-17T09:36:35Z,99.0,Sense
2025-08-17T09:36:40Z,100.0,Sense
2025-08-17T09:36:45Z,101.0,Sense
2025-08-17T09:36:50Z,102.0,Sense
2025-08-17T09:36:55Z,101.0,Sense
2025-08-17T09:37:00Z,99.0,Sense
2025-08-17T09:37:05Z,98.0,Sense
2025-08-17T09:37:15Z,99.0,Sense
2025-08-17T09:37:25Z,102.0,Sense
2025-08-17T09:37:30Z,107.0,Sense
2025-08-17T09:37:35Z,106.0,Sense
2025-08-17T09:37:40Z,105.0,Sense
2025-08-17T09:37:50Z,103.0,Sense
2025-08-17T09:37:55Z,103.0,Sense
2025-08-17T09:38:00Z,101.0,Sense
2025-08-17T09:38:05Z,99.0,Sense
2025-08-17T09:38:15Z,98.0,Sense
2025-08-17T09:38:20Z,96.0,Sense
2025-08-17T09:38:35Z,95.0,Sense
2025-08-17T09:38:40Z,95.0,Sense
2025-08-17T09:38:55Z,97.0,Sense
2025-08-17T09:39:00Z,99.0,Sense
2025-08-17T09:39:10Z,98.0,Sense
2025-08-17T09:39:20Z,100.0,Sense
2025-08-17T09:39:25Z,104.0,Sense
2025-08-17T09:39:30Z,106.0,Sense
2025-08-17T09:39:35Z,104.0,Sense
2025-08-17T09:39:40Z,103.0,Sense
2025-08-17T09:39:50Z,99.0,Sense
2025-08-17T09:40:00Z,98.0,Sense
2025-08-17T09:40:05Z,99.0,Sense
2025-08-17T09:40:10Z,100.0,Sense
2025-08-17T09:40:15Z,97.0,Sense
2025-08-17T09:40:25Z,98.0,Sense
2025-08-17T09:40:30Z,97.0,Sense
2025-08-17T09:40:40Z,96.0,Sense
2025-08-17T09:40:45Z,95.0,Sense
2025-08-17T09:40:55Z,97.0,Sense
2025-08-17T09:41:00Z,99.0,Sense
2025-08-17T09:41:05Z,103.0,Sense
2025-08-17T09:41:10Z,104.0,Sense
2025-08-17T09:41:20Z,114.0,Sense
2025-08-17T09:41:25Z,113.0,Sense
2025-08-17T09:41:35Z,114.0,Sense
2025-08-17T09:41:45Z,112.0,Sense
2025-08-17T09:41:50Z,112.0,Sense
2025-08-17T09:41:55Z,107.0,Sense
2025-08-17T09:42:00Z,104.0,Sense
2025-08-17T09:42:05Z,100.0,Sense
2025-08-17T09:42:10Z,98.0,Sense
2025-08-17T09:42:15Z,96.0,Sense
2025-08-17T09:42:30Z,97.0,Sense
2025-08-17T09:42:35Z,98.0,Sense
2025-08-17T09:42:50Z,98.0,Sense
2025-08-17T09:42:55Z,97.0,Sense
2025-08-17T09:43:00Z,96.0,Sense
2025-08-17T09:43:05Z,97.0,Sense
2025-08-17T09:43:15Z,98.0,Sense
2025-08-17T09:43:20Z,100.0,Sense
2025-08-17T09:43:25Z,101.0,Sense
2025-08-17T09:43:35Z,102.0,Sense
2025-08-17T09:43:40Z,103.0,Sense
2025-08-17T09:43:55Z,102.0,Sense
2025-08-17T09:44:00Z,101.0,Sense
2025-08-17T09:44:10Z,99.0,Sense
2025-08-17T09:44:15Z,100.0,Sense
2025-08-17T09:44:20Z,102.0,Sense
2025-08-17T09:44:30Z,100.0,Sense
2025-08-17T09:44:45Z,100.0,Sense
2025-08-17T09:45:00Z,97.0,Sense
2025-08-17T09:45:05Z,95.0,Sense
2025-08-17T09:45:15Z,96.0,Sense
2025-08-17T09:45:20Z,95.0,Sense
2025-08-17T09:45:30Z,96.0,Sense
2025-08-17T09:45:40Z,96.0,Sense
2025-08-17T09:45:45Z,97.0,Sense
2025-08-17T09:46:00Z,96.0,Sense
2025-08-17T09:46:05Z,95.0,Sense
2025-08-17T09:46:15Z,96.0,Sense
2025-08-17T09:46:20Z,97.0,Sense
2025-08-17T09:46:30Z,98.0,Sense
2025-08-17T09:46:35Z,99.0,Sense
2025-08-17T09:46:45Z,105.0,Sense
2025-08-17T09:46:50Z,144.0,Sense
2025-08-17T09:46:55Z,147.0,Sense
2025-08-17T09:47:00Z,143.0,Sense
2025-08-17T09:47:05Z,139.0,Sense
2025-08-17T09:47:20Z,137.0,Sense
2025-08-17T09:47:25Z,136.0,Sense
2025-08-17T09:47:30Z,163.0,Sense
2025-08-17T09:47:35Z,165.0,Sense
2025-08-17T09:47:40Z,164.0,Sense
2025-08-17T09:47:45Z,162.0,Sense
2025-08-17T09:47:50Z,159.0,Sense
2025-08-17T09:47:55Z,155.0,Sense
2025-08-17T09:48:00Z,158.0,Sense
2025-08-17T09:48:05Z,161.0,Sense
2025-08-17T09:48:10Z,160.0,Sense
2025-08-17T09:48:15Z,158.0,Sense
2025-08-17T09:48:20Z,151.0,Sense
2025-08-17T09:48:25Z,150.0,Sense
2025-08-17T09:48:35Z,146.0,Sense
2025-08-17T09:48:40Z,140.0,Sense
2025-08-17T09:48:45Z,139.0,Sense
2025-08-17T09:48:50Z,142.0,Sense
2025-08-17T09:48:55Z,139.0,Sense
2025-08-17T09:49:00Z,137.0,Sense
2025-08-17T09:49:05Z,142.0,Sense
2025-08-17T09:49:10Z,143.0,Sense
2025-08-17T09:49:15Z,140.0,Sense
2025-08-17T09:49:20Z,138.0,Sense
2025-08-17T09:49:25Z,135.0,Sense
2025-08-17T09:49:30Z,135.0,Sense
2025-08-17T09:49:35Z,137.0,Sense
2025-08-17T09:49:40Z,139.0,Sense
2025-08-17T09:49:45Z,143.0,Sense
2025-08-17T09:49:55Z,142.0,Sense
2025-08-17T09:50:00Z,141.0,Sense
2025-08-17T09:50:05Z,140.0,Sense
2025-08-17T09:50:10Z,135.0,Sense
2025-08-17T09:50:15Z,131.0,Sense
2025-08-17T09:50:20Z,136.0,Sense
2025-08-17T09:50:25Z,145.0,Sense
2025-08-17T09:50:30Z,146.0,Sense
2025-08-17T09:50:35Z,147.0,Sense
2025-08-17T09:50:40Z,146.0,Sense
2025-08-17T09:50:45Z,143.0,Sense
2025-08-17T09:50:50Z,139.0,Sense
2025-08-17T09:50:55Z,136.0,Sense
2025-08-17T09:51:00Z,129.0,Sense
2025-08-17T09:51:05Z,125.0,Sense
2025-08-17T09:51:10Z,118.0,Sense
2025-08-17T09:51:15Z,115.0,Sense
2025-08-17T09:51:20Z,112.0,Sense
2025-08-17T09:51:25Z,99.0,Sense
2025-08-17T09:51:30Z,95.0,Sense
2025-08-17T09:51:45Z,94.0,Sense
2025-08-17T09:51:50Z,90.0,Sense
2025-08-17T09:51:55Z,88.0,Sense
2025-08-17T09:52:00Z,89.0,Sense
2025-08-17T09:52:05Z,87.0,Sense
2025-08-17T09:52:10Z,79.0,Sense
2025-08-17T09:52:20Z,84.0,Sense
2025-08-17T09:52:25Z,88.0,Sense
2025-08-17T09:52:30Z,87.0,Sense
2025-08-17T09:52:40Z,88.0,Sense
2025-08-17T09:52:45Z,89.0,Sense
2025-08-17T09:52:50Z,90.0,Sense
2025-08-17T09:52:55Z,90.0,Sense
2025-08-17T09:53:00Z,92.0,Sense
2025-08-17T09:53:10Z,92.0,Sense
2025-08-17T09:53:20Z,94.0,Sense
2025-08-17T09:53:25Z,96.0,Sense
2025-08-17T09:53:35Z,95.0,Sense
2025-08-17T09:53:50Z,95.0,Sense
2025-08-17T09:54:00Z,94.0,Sense
2025-08-17T09:54:05Z,95.0,Sense
2025-08-17T09:54:10Z,96.0,Sense
2025-08-17T09:54:15Z,104.0,Sense
2025-08-17T09:54:20Z,107.0,Sense
2025-08-17T09:54:30Z,108.0,Sense
2025-08-17T09:54:35Z,101.0,Sense
2025-08-17T09:54:40Z,99.0,Sense
2025-08-17T09:54:45Z,99.0,Sense
2025-08-17T09:54:50Z,105.0,Sense
2025-08-17T09:54:55Z,106.0,Sense
2025-08-17T09:55:00Z,112.0,Sense
2025-08-17T09:55:05Z,114.0,Sense
2025-08-17T09:55:15Z,109.0,Sense
2025-08-17T09:55:20Z,107.0,Sense
2025-08-17T09:55:25Z,109.0,Sense
2025-08-17T09:55:30Z,111.0,Sense
2025-08-17T09:55:35Z,110.0,Sense
2025-08-17T09:55:40Z,107.0,Sense
2025-08-17T09:55:45Z,106.0,Sense
2025-08-17T09:55:50Z,104.0,Sense
2025-08-17T09:55:55Z,101.0,Sense
2025-08-17T09:56:00Z,99.0,Sense
2025-08-17T09:56:10Z,99.0,Sense
2025-08-17T09:56:25Z,99.0,Sense
2025-08-17T09:56:40Z,101.0,Sense
2025-08-17T09:56:45Z,102.0,Sense
2025-08-17T09:56:50Z,103.0,Sense
2025-08-17T09:57:00Z,102.0,Sense
2025-08-17T09:57:05Z,100.0,Sense
2025-08-17T09:57:10Z,99.0,Sense
2025-08-17T09:57:15Z,101.0,Sense
2025-08-17T09:57:20Z,103.0,Sense
2025-08-17T09:57:35Z,104.0,Sense
2025-08-17T09:57:45Z,102.0,Sense
2025-08-17T09:57:50Z,102.0,Sense
2025-08-17T09:57:55Z,102.0,Sense
2025-08-17T09:58:00Z,103.0,Sense
2025-08-17T09:58:05Z,100.0,Sense
2025-08-17T09:58:15Z,101.0,Sense
2025-08-17T09:58:20Z,105.0,Sense
2025-08-17T09:58:25Z,94.0,Sense
2025-08-17T09:58:30Z,92.0,Sense
2025-08-17T09:58:40Z,93.0,Sense
2025-08-17T09:58:50Z,93.0,Sense
2025-08-17T09:58:55Z,95.0,Sense
2025-08-17T09:59:00Z,97.0,Sense
2025-08-17T09:59:05Z,95.0,Sense
2025-08-17T09:59:10Z,96.0,Sense
2025-08-17T09:59:25Z,97.0,Sense
2025-08-17T09:59:30Z,95.0,Sense
2025-08-17T09:59:35Z,96.0,Sense
2025-08-17T09:59:45Z,100.0,Sense
2025-08-17T09:59:50Z,129.0,Sense
2025-08-17T09:59:55Z,139.0,Sense
2025-08-17T10:00:05Z,141.0,Sense
2025-08-17T10:00:10Z,140.0,Sense
2025-08-17T10:00:15Z,138.0,Sense
2025-08-17T10:00:20Z,137.0,Sense
2025-08-17T10:00:25Z,132.0,Sense
2025-08-17T10:00:30Z,131.0,Sense
2025-08-17T10:00:35Z,126.0,Sense
2025-08-17T10:00:40Z,122.0,Sense
2025-08-17T10:00:45Z,119.0,Sense
2025-08-17T10:00:50Z,117.0,Sense
2025-08-17T10:00:55Z,118.0,Sense
2025-08-17T10:01:05Z,120.0,Sense
2025-08-17T10:01:10Z,125.0,Sense
2025-08-17T10:01:15Z,160.0,Sense
2025-08-17T10:01:20Z,159.0,Sense
2025-08-17T10:01:25Z,152.0,Sense
2025-08-17T10:01:30Z,149.0,Sense
2025-08-17T10:01:40Z,147.0,Sense
2025-08-17T10:01:45Z,144.0,Sense
2025-08-17T10:01:50Z,142.0,Sense
2025-08-17T10:01:55Z,139.0,Sense
2025-08-17T10:02:00Z,132.0,Sense
2025-08-17T10:02:05Z,131.0,Sense
2025-08-17T10:02:10Z,132.0,Sense
2025-08-17T10:02:15Z,130.0,Sense
2025-08-17T10:02:20Z,129.0,Sense
2025-08-17T10:02:25Z,127.0,Sense
2025-08-17T10:02:30Z,125.0,Sense
2025-08-17T10:02:35Z,126.0,Sense
2025-08-17T10:02:40Z,124.0,Sense
2025-08-17T10:02:45Z,125.0,Sense
2025-08-17T10:02:50Z,127.0,Sense
2025-08-17T10:02:55Z,120.0,Sense
2025-08-17T10:03:00Z,115.0,Sense
2025-08-17T10:03:05Z,125.0,Sense
2025-08-17T10:03:10Z,155.0,Sense
2025-08-17T10:03:15Z,153.0,Sense
2025-08-17T10:03:20Z,154.0,Sense
2025-08-17T10:03:25Z,155.0,Sense
2025-08-17T10:03:30Z,155.0,Sense
2025-08-17T10:03:35Z,162.0,Sense
2025-08-17T10:03:40Z,161.0,Sense
2025-08-17T10:03:45Z,163.0,Sense
2025-08-17T10:03:50Z,164.0,Sense
2025-08-17T10:03:55Z,161.0,Sense
2025-08-17T10:04:00Z,158.0,Sense
2025-08-17T10:04:05Z,152.0,Sense
2025-08-17T10:04:10Z,149.0,Sense
2025-08-17T10:04:15Z,148.0,Sense
2025-08-17T10:04:25Z,149.0,Sense
2025-08-17T10:04:30Z,145.0,Sense
2025-08-17T10:04:35Z,140.0,Sense
2025-08-17T10:04:40Z,136.0,Sense
2025-08-17T10:04:45Z,135.0,Sense
2025-08-17T10:04:55Z,136.0,Sense
2025-08-17T10:05:00Z,134.0,Sense
2025-08-17T10:05:05Z,135.0,Sense
2025-08-17T10:05:15Z,138.0,Sense
2025-08-17T10:05:20Z,140.0,Sense
2025-08-17T10:05:30Z,140.0,Sense
2025-08-17T10:05:35Z,139.0,Sense
2025-08-17T10:05:40Z,140.0,Sense
2025-08-17T10:05:50Z,139.0,Sense
2025-08-17T10:05:55Z,140.0,Sense
2025-08-17T10:06:00Z,141.0,Sense
2025-08-17T10:06:05Z,143.0,Sense
2025-08-17T10:06:10Z,143.0,Sense
2025-08-17T10:06:20Z,144.0,Sense
2025-08-17T10:06:25Z,147.0,Sense
2025-08-17T10:06:30Z,149.0,Sense
2025-08-17T10:06:35Z,156.0,Sense
2025-08-17T10:06:40Z,160.0,Sense
2025-08-17T10:06:45Z,157.0,Sense
2025-08-17T10:06:50Z,154.0,Sense
2025-08-17T10:06:55Z,152.0,Sense
2025-08-17T10:07:00Z,149.0,Sense
2025-08-17T10:07:05Z,143.0,Sense
2025-08-17T10:07:10Z,136.0,Sense
2025-08-17T10:07:15Z,131.0,Sense
2025-08-17T10:07:20Z,130.0,Sense
2025-08-17T10:07:25Z,128.0,Sense
2025-08-17T10:07:30Z,121.0,Sense
2025-08-17T10:07:35Z,117.0,Sense
2025-08-17T10:07:40Z,110.0,Sense
2025-08-17T10:07:50Z,109.0,Sense
2025-08-17T10:07:55Z,108.0,Sense
2025-08-17T10:08:00Z,112.0,Sense
2025-08-17T10:08:05Z,113.0,Sense
2025-08-17T10:08:15Z,110.0,Sense
2025-08-17T10:08:20Z,108.0,Sense
2025-08-17T10:08:25Z,105.0,Sense
2025-08-17T10:08:30Z,106.0,Sense
2025-08-17T10:08:35Z,99.0,Sense
2025-08-17T10:08:40Z,111.0,Sense
2025-08-17T10:08:45Z,122.0,Sense
2025-08-17T10:08:50Z,121.0,Sense
2025-08-17T10:09:00Z,120.0,Sense
2025-08-17T10:09:10Z,140.0,Sense
2025-08-17T10:09:15Z,150.0,Sense
2025-08-17T10:09:20Z,146.0,Sense
2025-08-17T10:09:25Z,140.0,Sense
2025-08-17T10:09:30Z,141.0,Sense
2025-08-17T10:09:35Z,139.0,Sense
2025-08-17T10:09:40Z,142.0,Sense
2025-08-17T10:09:45Z,143.0,Sense
2025-08-17T10:09:50Z,141.0,Sense
2025-08-17T10:09:55Z,142.0,Sense
2025-08-17T10:10:00Z,140.0,Sense
2025-08-17T10:10:05Z,135.0,Sense
2025-08-17T10:10:10Z,132.0,Sense
2025-08-17T10:10:15Z,150.0,Sense
2025-08-17T10:10:20Z,149.0,Sense
2025-08-17T10:10:25Z,150.0,Sense
2025-08-17T10:10:40Z,150.0,Sense
2025-08-17T10:10:45Z,149.0,Sense
2025-08-17T10:10:50Z,146.0,Sense
2025-08-17T10:10:55Z,142.0,Sense
2025-08-17T10:11:00Z,138.0,Sense
2025-08-17T10:11:05Z,137.0,Sense
2025-08-17T10:11:10Z,138.0,Sense
2025-08-17T10:11:15Z,149.0,Sense
2025-08-17T10:11:20Z,148.0,Sense
2025-08-17T10:11:25Z,147.0,Sense
2025-08-17T10:11:40Z,144.0,Sense
2025-08-17T10:11:45Z,140.0,Sense
2025-08-17T10:11:50Z,139.0,Sense
2025-08-17T10:11:55Z,137.0,Sense
2025-08-17T10:12:10Z,138.0,Sense
2025-08-17T10:12:15Z,140.0,Sense
2025-08-17T10:12:20Z,140.0,Sense
2025-08-17T10:12:35Z,141.0,Sense
2025-08-17T10:12:40Z,141.0,Sense
2025-08-17T10:12:45Z,144.0,Sense
2025-08-17T10:12:50Z,150.0,Sense
2025-08-17T10:13:00Z,149.0,Sense
2025-08-17T10:13:05Z,146.0,Sense
2025-08-17T10:13:10Z,139.0,Sense
2025-08-17T10:13:15Z,135.0,Sense
2025-08-17T10:13:20Z,134.0,Sense
2025-08-17T10:13:25Z,132.0,Sense
2025-08-17T10:13:30Z,131.0,Sense
2025-08-17T10:13:35Z,127.0,Sense
2025-08-17T10:13:40Z,132.0,Sense
2025-08-17T10:13:45Z,133.0,Sense
2025-08-17T10:13:50Z,137.0,Sense
2025-08-17T10:13:55Z,142.0,Sense
2025-08-17T10:14:00Z,140.0,Sense
2025-08-17T10:14:05Z,141.0,Sense
2025-08-17T10:14:10Z,143.0,Sense
2025-08-17T10:14:15Z,145.0,Sense
2025-08-17T10:14:25Z,142.0,Sense
2025-08-17T10:14:30Z,153.0,Sense
2025-08-17T10:14:35Z,162.0,Sense
2025-08-17T10:14:40Z,161.0,Sense
2025-08-17T10:14:45Z,160.0,Sense
2025-08-17T10:14:50Z,158.0,Sense
2025-08-17T10:14:55Z,155.0,Sense
2025-08-17T10:15:00Z,161.0,Sense
2025-08-17T10:15:05Z,165.0,Sense
2025-08-17T10:15:10Z,164.0,Sense
2025-08-17T10:15:15Z,163.0,Sense
2025-08-17T10:15:25Z,161.0,Sense
2025-08-17T10:15:30Z,159.0,Sense
2025-08-17T10:15:35Z,157.0,Sense
2025-08-17T10:15:40Z,155.0,Sense
2025-08-17T10:15:45Z,153.0,Sense
2025-08-17T10:15:50Z,151.0,Sense
2025-08-17T10:15:55Z,152.0,Sense
2025-08-17T10:16:00Z,150.0,Sense
2025-08-17T10:16:05Z,149.0,Sense
2025-08-17T10:16:10Z,151.0,Sense
2025-08-17T10:16:15Z,167.0,Sense
2025-08-17T10:16:20Z,166.0,Sense
2025-08-17T10:16:25Z,164.0,Sense
2025-08-17T10:16:30Z,162.0,Sense
2025-08-17T10:16:35Z,159.0,Sense
2025-08-17T10:16:40Z,158.0,Sense
2025-08-17T10:16:45Z,154.0,Sense
2025-08-17T10:16:50Z,148.0,Sense
2025-08-17T10:16:55Z,142.0,Sense
2025-08-17T10:17:00Z,154.0,Sense
2025-08-17T10:17:05Z,156.0,Sense
2025-08-17T10:17:10Z,150.0,Sense
2025-08-17T10:17:15Z,147.0,Sense
2025-08-17T10:17:20Z,146.0,Sense
2025-08-17T10:17:25Z,143.0,Sense
2025-08-17T10:17:30Z,135.0,Sense
2025-08-17T10:17:35Z,127.0,Sense
2025-08-17T10:17:40Z,120.0,Sense
2025-08-17T10:17:45Z,114.0,Sense
2025-08-17T10:18:00Z,119.0,Sense
2025-08-17T10:18:05Z,122.0,Sense
2025-08-17T10:18:10Z,112.0,Sense
2025-08-17T10:18:15Z,106.0,Sense
2025-08-17T10:18:25Z,111.0,Sense
2025-08-17T10:18:30Z,117.0,Sense
2025-08-17T10:18:35Z,117.0,Sense
2025-08-17T10:18:40Z,116.0,Sense
2025-08-17T10:18:50Z,115.0,Sense
2025-08-17T10:18:55Z,108.0,Sense
2025-08-17T10:19:00Z,102.0,Sense
2025-08-17T10:19:05Z,92.0,Sense
2025-08-17T10:19:10Z,93.0,Sense
2025-08-17T10:19:15Z,94.0,Sense
2025-08-17T10:19:20Z,95.0,Sense
2025-08-17T10:19:30Z,96.0,Sense
2025-08-17T10:19:35Z,98.0,Sense
2025-08-17T10:19:40Z,123.0,Sense
2025-08-17T10:19:50Z,121.0,Sense
2025-08-17T10:19:55Z,119.0,Sense
2025-08-17T10:20:00Z,119.0,Sense
2025-08-17T10:20:05Z,118.0,Sense
2025-08-17T10:20:10Z,115.0,Sense
2025-08-17T10:20:15Z,113.0,Sense
2025-08-17T10:20:25Z,129.0,Sense
2025-08-17T10:20:30Z,128.0,Sense
2025-08-17T10:20:35Z,127.0,Sense
2025-08-17T10:20:40Z,126.0,Sense
2025-08-17T10:20:45Z,124.0,Sense
2025-08-17T10:20:50Z,125.0,Sense
2025-08-17T10:20:55Z,120.0,Sense
2025-08-17T10:21:00Z,114.0,Sense
2025-08-17T10:21:05Z,120.0,Sense
2025-08-17T10:21:10Z,124.0,Sense
2025-08-17T10:21:15Z,122.0,Sense
2025-08-17T10:21:20Z,120.0,Sense
2025-08-17T10:21:25Z,118.0,Sense
2025-08-17T10:21:30Z,121.0,Sense
2025-08-17T10:21:40Z,122.0,Sense
2025-08-17T10:21:45Z,121.0,Sense
2025-08-17T10:21:50Z,119.0,Sense
2025-08-17T10:21:55Z,125.0,Sense
2025-08-17T10:22:00Z,133.0,Sense
2025-08-17T10:22:05Z,132.0,Sense
2025-08-17T10:22:10Z,115.0,Sense
2025-08-17T10:22:15Z,113.0,Sense
2025-08-17T10:22:20Z,112.0,Sense
2025-08-17T10:22:35Z,108.0,Sense
2025-08-17T10:22:40Z,101.0,Sense
2025-08-17T10:22:50Z,103.0,Sense
2025-08-17T10:22:55Z,105.0,Sense
2025-08-17T10:23:00Z,104.0,Sense
2025-08-17T10:23:05Z,102.0,Sense
2025-08-17T10:23:10Z,99.0,Sense
2025-08-17T10:23:15Z,101.0,Sense
2025-08-17T10:23:20Z,103.0,Sense
2025-08-17T10:23:25Z,101.0,Sense
2025-08-17T10:23:35Z,100.0,Sense
2025-08-17T10:23:40Z,112.0,Sense
2025-08-17T10:23:45Z,125.0,Sense
2025-08-17T10:23:50Z,126.0,Sense
2025-08-17T10:23:55Z,127.0,Sense
2025-08-17T10:24:00Z,126.0,Sense
2025-08-17T10:24:05Z,125.0,Sense
2025-08-17T10:24:10Z,123.0,Sense
2025-08-17T10:24:15Z,120.0,Sense
2025-08-17T10:24:20Z,122.0,Sense
2025-08-17T10:24:25Z,132.0,Sense
2025-08-17T10:24:30Z,149.0,Sense
2025-08-17T10:24:35Z,150.0,Sense
2025-08-17T10:24:40Z,151.0,Sense
2025-08-17T10:24:45Z,149.0,Sense
2025-08-17T10:24:50Z,145.0,Sense
2025-08-17T10:24:55Z,135.0,Sense
2025-08-17T10:25:05Z,133.0,Sense
2025-08-17T10:25:10Z,131.0,Sense
2025-08-17T10:25:15Z,130.0,Sense
2025-08-17T10:25:20Z,129.0,Sense
2025-08-17T10:25:25Z,132.0,Sense
2025-08-17T10:25:30Z,148.0,Sense
2025-08-17T10:25:35Z,147.0,Sense
2025-08-17T10:25:40Z,145.0,Sense
2025-08-17T10:25:55Z,145.0,Sense
2025-08-17T10:26:00Z,147.0,Sense
2025-08-17T10:26:10Z,144.0,Sense
2025-08-17T10:26:15Z,142.0,Sense
2025-08-17T10:26:20Z,138.0,Sense
2025-08-17T10:26:25Z,134.0,Sense
2025-08-17T10:26:30Z,127.0,Sense
2025-08-17T10:26:35Z,126.0,Sense
2025-08-17T10:26:40Z,127.0,Sense
2025-08-17T10:26:45Z,129.0,Sense
2025-08-17T10:26:50Z,130.0,Sense
2025-08-17T10:26:55Z,129.0,Sense
2025-08-17T10:27:00Z,127.0,Sense
2025-08-17T10:27:05Z,124.0,Sense
2025-08-17T10:27:10Z,116.0,Sense
2025-08-17T10:27:20Z,115.0,Sense
2025-08-17T10:27:25Z,113.0,Sense
2025-08-17T10:27:30Z,108.0,Sense
2025-08-17T10:27:35Z,100.0,Sense
2025-08-17T10:27:40Z,103.0,Sense
2025-08-17T10:27:45Z,105.0,Sense
2025-08-17T10:28:00Z,104.0,Sense
2025-08-17T10:28:05Z,105.0,Sense
2025-08-17T10:28:10Z,108.0,Sense
2025-08-17T10:28:15Z,111.0,Sense
2025-08-17T10:28:20Z,106.0,Sense
2025-08-17T10:28:25Z,105.0,Sense
2025-08-17T10:28:30Z,98.0,Sense
2025-08-17T10:28:35Z,103.0,Sense
2025-08-17T10:28:40Z,113.0,Sense
2025-08-17T10:28:45Z,116.0,Sense
2025-08-17T10:28:50Z,126.0,Sense
2025-08-17T10:28:55Z,128.0,Sense
2025-08-17T10:29:00Z,127.0,Sense
2025-08-17T10:29:05Z,123.0,Sense
2025-08-17T10:29:10Z,117.0,Sense
2025-08-17T10:29:15Z,109.0,Sense
2025-08-17T10:29:20Z,99.0,Sense
2025-08-17T10:29:25Z,94.0,Sense
2025-08-17T10:29:30Z,93.0,Sense
2025-08-17T10:29:35Z,91.0,Sense
2025-08-17T10:29:50Z,110.0,Sense
2025-08-17T10:29:55Z,123.0,Sense
2025-08-17T10:30:05Z,124.0,Sense
2025-08-17T10:30:10Z,123.0,Sense
2025-08-17T10:30:15Z,124.0,Sense
2025-08-17T10:30:20Z,123.0,Sense
2025-08-17T10:30:25Z,122.0,Sense
2025-08-17T10:30:30Z,120.0,Sense
2025-08-17T10:30:40Z,131.0,Sense
2025-08-17T10:30:45Z,152.0,Sense
2025-08-17T10:30:50Z,153.0,Sense
2025-08-17T10:30:55Z,150.0,Sense
2025-08-17T10:31:00Z,147.0,Sense
2025-08-17T10:31:05Z,153.0,Sense
2025-08-17T10:31:10Z,156.0,Sense
2025-08-17T10:31:15Z,157.0,Sense
2025-08-17T10:31:25Z,161.0,Sense
2025-08-17T10:31:30Z,162.0,Sense
2025-08-17T10:31:35Z,161.0,Sense
2025-08-17T10:31:40Z,162.0,Sense
2025-08-17T10:31:45Z,164.0,Sense
2025-08-17T10:31:50Z,160.0,Sense
2025-08-17T10:31:55Z,154.0,Sense
2025-08-17T10:32:00Z,148.0,Sense
2025-08-17T10:32:05Z,141.0,Sense
2025-08-17T10:32:10Z,138.0,Sense
2025-08-17T10:32:15Z,142.0,Sense
2025-08-17T10:32:20Z,144.0,Sense
2025-08-17T10:32:25Z,141.0,Sense
2025-08-17T10:32:30Z,139.0,Sense
2025-08-17T10:32:35Z,137.0,Sense
2025-08-17T10:32:40Z,139.0,Sense
2025-08-17T10:32:45Z,138.0,Sense
2025-08-17T10:32:50Z,136.0,Sense
2025-08-17T10:32:55Z,146.0,Sense
2025-08-17T10:33:00Z,149.0,Sense
2025-08-17T10:33:05Z,145.0,Sense
2025-08-17T10:33:10Z,137.0,Sense
2025-08-17T10:33:15Z,136.0,Sense
2025-08-17T10:33:20Z,126.0,Sense
2025-08-17T10:33:30Z,128.0,Sense
2025-08-17T10:33:40Z,131.0,Sense
2025-08-17T10:33:50Z,130.0,Sense
2025-08-17T10:33:55Z,135.0,Sense
2025-08-17T10:34:00Z,134.0,Sense
2025-08-17T10:34:05Z,132.0,Sense
2025-08-17T10:34:10Z,134.0,Sense
2025-08-17T10:34:15Z,133.0,Sense
2025-08-17T10:34:20Z,131.0,Sense
2025-08-17T10:34:25Z,144.0,Sense
2025-08-17T10:34:30Z,151.0,Sense
2025-08-17T10:34:40Z,150.0,Sense
2025-08-17T10:34:45Z,147.0,Sense
2025-08-17T10:34:50Z,143.0,Sense
2025-08-17T10:34:55Z,147.0,Sense
2025-08-17T10:35:00Z,145.0,Sense
2025-08-17T10:35:05Z,146.0,Sense
2025-08-17T10:35:10Z,146.0,Sense
2025-08-17T10:35:20Z,145.0,Sense
2025-08-17T10:35:25Z,147.0,Sense
2025-08-17T10:35:35Z,146.0,Sense
2025-08-17T10:35:40Z,148.0,Sense
2025-08-17T10:35:45Z,150.0,Sense
2025-08-17T10:35:50Z,143.0,Sense
2025-08-17T10:35:55Z,141.0,Sense
2025-08-17T10:36:00Z,140.0,Sense
2025-08-17T10:36:05Z,137.0,Sense
2025-08-17T10:36:10Z,136.0,Sense
2025-08-17T10:36:15Z,133.0,Sense
2025-08-17T10:36:20Z,130.0,Sense
2025-08-17T10:36:25Z,132.0,Sense
2025-08-17T10:36:30Z,142.0,Sense
2025-08-17T10:36:35Z,154.0,Sense
2025-08-17T10:36:40Z,151.0,Sense
2025-08-17T10:36:45Z,145.0,Sense
2025-08-17T10:36:50Z,143.0,Sense
2025-08-17T10:36:55Z,142.0,Sense
2025-08-17T10:37:00Z,140.0,Sense
2025-08-17T10:37:10Z,138.0,Sense
2025-08-17T10:37:15Z,137.0,Sense
2025-08-17T10:37:20Z,135.0,Sense
2025-08-17T10:37:25Z,131.0,Sense
2025-08-17T10:37:30Z,126.0,Sense
2025-08-17T10:37:35Z,120.0,Sense
2025-08-17T10:37:40Z,119.0,Sense
2025-08-17T10:37:45Z,118.0,Sense
2025-08-17T10:37:55Z,116.0,Sense
2025-08-17T10:38:00Z,111.0,Sense
2025-08-17T10:38:10Z,109.0,Sense
2025-08-17T10:38:15Z,108.0,Sense
2025-08-17T10:38:20Z,127.0,Sense
2025-08-17T10:38:35Z,127.0,Sense
2025-08-17T10:38:45Z,126.0,Sense
2025-08-17T10:38:50Z,136.0,Sense
2025-08-17T10:38:55Z,162.0,Sense
2025-08-17T10:39:10Z,164.0,Sense
2025-08-17T10:39:15Z,165.0,Sense
2025-08-17T10:39:20Z,165.0,Sense
2025-08-17T10:39:25Z,162.0,Sense
2025-08-17T10:39:30Z,158.0,Sense
2025-08-17T10:39:35Z,156.0,Sense
2025-08-17T10:39:40Z,155.0,Sense
2025-08-17T10:39:45Z,152.0,Sense
2025-08-17T10:39:50Z,151.0,Sense
2025-08-17T10:39:55Z,149.0,Sense
2025-08-17T10:40:00Z,146.0,Sense
2025-08-17T10:40:05Z,152.0,Sense
2025-08-17T10:40:10Z,159.0,Sense
2025-08-17T10:40:15Z,161.0,Sense
2025-08-17T10:40:25Z,159.0,Sense
2025-08-17T10:40:30Z,155.0,Sense
2025-08-17T10:40:35Z,154.0,Sense
2025-08-17T10:40:40Z,150.0,Sense
2025-08-17T10:40:45Z,144.0,Sense
2025-08-17T10:40:50Z,137.0,Sense
2025-08-17T10:41:00Z,143.0,Sense
2025-08-17T10:41:05Z,148.0,Sense
2025-08-17T10:41:15Z,147.0,Sense
2025-08-17T10:41:20Z,145.0,Sense
2025-08-17T10:41:25Z,144.0,Sense
2025-08-17T10:41:35Z,142.0,Sense
2025-08-17T10:41:40Z,135.0,Sense
2025-08-17T10:41:45Z,129.0,Sense
2025-08-17T10:41:50Z,139.0,Sense
2025-08-17T10:41:55Z,140.0,Sense
2025-08-17T10:42:00Z,136.0,Sense
2025-08-17T10:42:05Z,135.0,Sense
2025-08-17T10:42:10Z,132.0,Sense
2025-08-17T10:42:16Z,130.0,Sense
2025-08-17T10:42:21Z,128.0,Sense
2025-08-17T10:42:26Z,127.0,Sense
2025-08-17T10:42:41Z,125.0,Sense
2025-08-17T10:42:46Z,123.0,Sense
2025-08-17T10:42:51Z,121.0,Sense
2025-08-17T10:42:56Z,115.0,Sense
2025-08-17T10:43:01Z,111.0,Sense
2025-08-17T10:43:06Z,109.0,Sense
2025-08-17T10:43:11Z,108.0,Sense
2025-08-17T10:43:16Z,123.0,Sense
2025-08-17T10:43:21Z,148.0,Sense
2025-08-17T10:43:26Z,147.0,Sense
2025-08-17T10:43:31Z,146.0,Sense
2025-08-17T10:43:36Z,144.0,Sense
2025-08-17T10:43:41Z,141.0,Sense
2025-08-17T10:43:46Z,142.0,Sense
2025-08-17T10:43:51Z,144.0,Sense
2025-08-17T10:43:56Z,136.0,Sense
2025-08-17T10:44:01Z,128.0,Sense
2025-08-17T10:44:06Z,122.0,Sense
2025-08-17T10:44:11Z,117.0,Sense
2025-08-17T10:44:16Z,122.0,Sense
2025-08-17T10:44:21Z,119.0,Sense
2025-08-17T10:44:26Z,123.0,Sense
2025-08-17T10:44:31Z,124.0,Sense
2025-08-17T10:44:36Z,123.0,Sense
2025-08-17T10:44:41Z,124.0,Sense
2025-08-17T10:44:46Z,123.0,Sense
2025-08-17T10:44:51Z,123.0,Sense
2025-08-17T10:44:56Z,121.0,Sense
2025-08-17T10:45:01Z,125.0,Sense
2025-08-17T10:45:06Z,130.0,Sense
2025-08-17T10:45:16Z,129.0,Sense
2025-08-17T10:45:26Z,131.0,Sense
2025-08-17T10:45:31Z,128.0,Sense
2025-08-17T10:45:36Z,127.0,Sense
2025-08-17T10:45:41Z,112.0,Sense
2025-08-17T10:45:46Z,113.0,Sense
2025-08-17T10:45:51Z,114.0,Sense
2025-08-17T10:46:01Z,113.0,Sense
2025-08-17T10:46:06Z,114.0,Sense
2025-08-17T10:46:11Z,115.0,Sense
2025-08-17T10:46:21Z,117.0,Sense
2025-08-17T10:46:36Z,114.0,Sense
2025-08-17T10:46:41Z,112.0,Sense
2025-08-17T10:46:46Z,116.0,Sense
2025-08-17T10:47:01Z,115.0,Sense
2025-08-17T10:47:06Z,114.0,Sense
2025-08-17T10:47:11Z,110.0,Sense
2025-08-17T10:47:16Z,109.0,Sense
2025-08-17T10:47:21Z,111.0,Sense
2025-08-17T10:47:26Z,117.0,Sense
2025-08-17T10:47:36Z,118.0,Sense
2025-08-17T10:47:46Z,119.0,Sense
2025-08-17T10:47:51Z,115.0,Sense
2025-08-17T10:47:56Z,109.0,Sense
2025-08-17T10:48:01Z,111.0,Sense
2025-08-17T10:48:06Z,112.0,Sense
2025-08-17T10:48:11Z,108.0,Sense
2025-08-17T10:48:16Z,107.0,Sense
2025-08-17T10:48:21Z,106.0,Sense
2025-08-17T10:48:26Z,104.0,Sense
2025-08-17T10:48:31Z,119.0,Sense
2025-08-17T10:48:36Z,135.0,Sense
2025-08-17T10:48:51Z,135.0,Sense
2025-08-17T10:48:56Z,134.0,Sense
2025-08-17T10:49:01Z,132.0,Sense
2025-08-17T10:49:06Z,129.0,Sense
2025-08-17T10:49:11Z,128.0,Sense
2025-08-17T10:49:16Z,130.0,Sense
2025-08-17T10:49:21Z,128.0,Sense
2025-08-17T10:49:26Z,121.0,Sense
2025-08-17T10:49:31Z,118.0,Sense
2025-08-17T10:49:36Z,122.0,Sense
2025-08-17T10:49:41Z,120.0,Sense
2025-08-17T10:49:51Z,115.0,Sense
2025-08-17T10:49:56Z,109.0,Sense
2025-08-17T10:50:01Z,137.0,Sense
2025-08-17T10:50:11Z,135.0,Sense
2025-08-17T10:50:16Z,132.0,Sense
2025-08-17T10:50:21Z,125.0,Sense
2025-08-17T10:50:26Z,120.0,Sense
2025-08-17T10:50:31Z,123.0,Sense
2025-08-17T10:50:36Z,122.0,Sense
2025-08-17T10:50:41Z,121.0,Sense
2025-08-17T10:50:51Z,123.0,Sense
2025-08-17T10:51:06Z,123.0,Sense
2025-08-17T10:51:11Z,128.0,Sense
2025-08-17T10:51:16Z,136.0,Sense
2025-08-17T10:51:21Z,134.0,Sense
2025-08-17T10:51:26Z,127.0,Sense
2025-08-17T10:51:31Z,136.0,Sense
2025-08-17T10:51:36Z,141.0,Sense
2025-08-17T10:51:41Z,140.0,Sense
2025-08-17T10:51:46Z,139.0,Sense
2025-08-17T10:51:51Z,140.0,Sense
2025-08-17T10:52:01Z,139.0,Sense
2025-08-17T10:52:06Z,136.0,Sense
2025-08-17T10:52:11Z,135.0,Sense
2025-08-17T10:52:16Z,137.0,Sense
2025-08-17T10:52:21Z,140.0,Sense
2025-08-17T10:52:26Z,139.0,Sense
2025-08-17T10:52:31Z,135.0,Sense
2025-08-17T10:52:36Z,130.0,Sense
2025-08-17T10:52:41Z,127.0,Sense
2025-08-17T10:52:46Z,120.0,Sense
2025-08-17T10:52:51Z,119.0,Sense
2025-08-17T10:52:56Z,120.0,Sense
2025-08-17T10:53:06Z,119.0,Sense
2025-08-17T10:53:11Z,119.0,Sense
2025-08-17T10:53:16Z,116.0,Sense
2025-08-17T10:53:21Z,125.0,Sense
2025-08-17T10:53:26Z,150.0,Sense
2025-08-17T10:53:36Z,148.0,Sense
2025-08-17T10:53:41Z,146.0,Sense
2025-08-17T10:53:46Z,142.0,Sense
2025-08-17T10:53:51Z,142.0,Sense
2025-08-17T10:53:56Z,148.0,Sense
2025-08-17T10:54:01Z,150.0,Sense
2025-08-17T10:54:06Z,152.0,Sense
2025-08-17T10:54:16Z,155.0,Sense
2025-08-17T10:54:21Z,159.0,Sense
2025-08-17T10:54:26Z,156.0,Sense
2025-08-17T10:54:31Z,153.0,Sense
2025-08-17T10:54:36Z,152.0,Sense
2025-08-17T10:54:41Z,147.0,Sense
2025-08-17T10:54:46Z,144.0,Sense
2025-08-17T10:54:51Z,140.0,Sense
2025-08-17T10:54:56Z,142.0,Sense
2025-08-17T10:55:01Z,141.0,Sense
2025-08-17T10:55:06Z,140.0,Sense
2025-08-17T10:55:11Z,144.0,Sense
2025-08-17T10:55:16Z,141.0,Sense
2025-08-17T10:55:21Z,140.0,Sense
2025-08-17T10:55:26Z,139.0,Sense
2025-08-17T10:55:31Z,134.0,Sense
2025-08-17T10:55:36Z,129.0,Sense
2025-08-17T10:55:41Z,126.0,Sense
2025-08-17T10:55:46Z,122.0,Sense
2025-08-17T10:55:51Z,120.0,Sense
2025-08-17T10:55:56Z,123.0,Sense
2025-08-17T10:56:01Z,124.0,Sense
2025-08-17T10:56:06Z,120.0,Sense
2025-08-17T10:56:11Z,119.0,Sense
2025-08-17T10:56:26Z,121.0,Sense
2025-08-17T10:56:31Z,137.0,Sense
2025-08-17T10:56:36Z,143.0,Sense
2025-08-17T10:56:41Z,141.0,Sense
2025-08-17T10:56:46Z,140.0,Sense
2025-08-17T10:56:51Z,136.0,Sense
2025-08-17T10:56:56Z,135.0,Sense
2025-08-17T10:57:06Z,130.0,Sense
2025-08-17T10:57:11Z,129.0,Sense
2025-08-17T10:57:16Z,127.0,Sense
2025-08-17T10:57:21Z,124.0,Sense
2025-08-17T10:57:26Z,126.0,Sense
2025-08-17T10:57:31Z,127.0,Sense
2025-08-17T10:57:36Z,133.0,Sense
2025-08-17T10:57:41Z,137.0,Sense
2025-08-17T10:57:51Z,134.0,Sense
2025-08-17T10:57:56Z,130.0,Sense
2025-08-17T10:58:01Z,130.0,Sense
2025-08-17T10:58:06Z,143.0,Sense
2025-08-17T10:58:16Z,142.0,Sense
2025-08-17T10:58:21Z,139.0,Sense
2025-08-17T10:58:26Z,137.0,Sense
2025-08-17T10:58:31Z,135.0,Sense
2025-08-17T10:58:36Z,140.0,Sense
2025-08-17T10:58:41Z,141.0,Sense
2025-08-17T10:58:46Z,154.0,Sense
2025-08-17T10:58:51Z,150.0,Sense
2025-08-17T10:58:56Z,141.0,Sense
2025-08-17T10:59:01Z,140.0,Sense
2025-08-17T10:59:06Z,139.0,Sense
2025-08-17T10:59:11Z,138.0,Sense
2025-08-17T10:59:16Z,125.0,Sense
2025-08-17T10:59:21Z,126.0,Sense
2025-08-17T10:59:26Z,125.0,Sense
2025-08-17T10:59:31Z,122.0,Sense
2025-08-17T10:59:36Z,118.0,Sense
2025-08-17T10:59:41Z,110.0,Sense
2025-08-17T10:59:46Z,104.0,Sense
2025-08-17T10:59:51Z,108.0,Sense
2025-08-17T10:59:56Z,109.0,Sense
2025-08-17T11:00:01Z,106.0,Sense
2025-08-17T11:00:06Z,101.0,Sense
2025-08-17T11:00:11Z,99.0,Sense
2025-08-17T11:00:16Z,98.0,Sense
2025-08-17T11:00:21Z,92.0,Sense
2025-08-17T11:00:26Z,95.0,Sense
2025-08-17T11:00:31Z,98.0,Sense
2025-08-17T11:00:36Z,97.0,Sense
2025-08-17T11:00:41Z,94.0,Sense
2025-08-17T11:00:46Z,89.0,Sense
2025-08-17T11:01:01Z,88.0,Sense
2025-08-17T11:01:06Z,80.0,Sense
2025-08-17T11:01:11Z,75.0,Sense
2025-08-17T11:01:21Z,78.0,Sense
2025-08-17T11:01:26Z,96.0,Sense
2025-08-17T11:01:31Z,93.0,Sense
2025-08-17T11:01:36Z,91.0,Sense
2025-08-17T11:01:41Z,99.0,Sense
2025-08-17T11:01:46Z,108.0,Sense
2025-08-17T11:01:51Z,107.0,Sense
2025-08-17T11:01:56Z,106.0,Sense
2025-08-17T11:02:01Z,105.0,Sense
2025-08-17T11:02:06Z,102.0,Sense
2025-08-17T11:02:16Z,101.0,Sense
2025-08-17T11:02:21Z,98.0,Sense
2025-08-17T11:02:31Z,99.0,Sense
2025-08-17T11:02:36Z,100.0,Sense
2025-08-17T11:02:41Z,113.0,Sense
2025-08-17T11:02:46Z,115.0,Sense
2025-08-17T11:03:01Z,113.0,Sense
2025-08-17T11:03:06Z,111.0,Sense
2025-08-17T11:03:11Z,104.0,Sense
2025-08-17T11:03:16Z,96.0,Sense
2025-08-17T11:03:21Z,88.0,Sense
2025-08-17T11:03:26Z,89.0,Sense
2025-08-17T11:03:41Z,90.0,Sense
2025-08-17T11:03:46Z,92.0,Sense
2025-08-17T11:03:51Z,93.0,Sense
2025-08-17T11:03:56Z,93.0,Sense
2025-08-17T11:04:01Z,94.0,Sense
2025-08-17T11:04:06Z,91.0,Sense
2025-08-17T11:04:11Z,89.0,Sense
2025-08-17T11:04:21Z,90.0,Sense
2025-08-17T11:04:26Z,93.0,Sense
2025-08-17T11:04:36Z,90.0,Sense
2025-08-17T11:04:46Z,87.0,Sense
2025-08-17T11:04:51Z,90.0,Sense
2025-08-17T11:04:56Z,91.0,Sense
2025-08-17T11:05:01Z,113.0,Sense
2025-08-17T11:05:06Z,131.0,Sense
2025-08-17T11:05:11Z,129.0,Sense
2025-08-17T11:05:16Z,128.0,Sense
2025-08-17T11:05:26Z,127.0,Sense
2025-08-17T11:05:31Z,123.0,Sense
2025-08-17T11:05:36Z,114.0,Sense
2025-08-17T11:05:41Z,111.0,Sense
2025-08-17T11:05:51Z,115.0,Sense
2025-08-17T11:05:56Z,113.0,Sense
2025-08-17T11:06:01Z,111.0,Sense
2025-08-17T11:06:11Z,113.0,Sense
2025-08-17T11:06:16Z,114.0,Sense
2025-08-17T11:06:21Z,115.0,Sense
2025-08-17T11:06:26Z,114.0,Sense
2025-08-17T11:06:31Z,112.0,Sense
2025-08-17T11:06:41Z,114.0,Sense
2025-08-17T11:06:46Z,120.0,Sense
2025-08-17T11:06:51Z,114.0,Sense
2025-08-17T11:06:56Z,112.0,Sense
2025-08-17T11:07:06Z,109.0,Sense
2025-08-17T11:07:11Z,110.0,Sense
2025-08-17T11:07:16Z,109.0,Sense
2025-08-17T11:07:21Z,108.0,Sense
2025-08-17T11:07:26Z,107.0,Sense
2025-08-17T11:07:31Z,104.0,Sense
2025-08-17T11:07:36Z,99.0,Sense
2025-08-17T11:07:41Z,97.0,Sense
2025-08-17T11:07:46Z,100.0,Sense
2025-08-17T11:08:01Z,100.0,Sense
2025-08-17T11:08:06Z,101.0,Sense
2025-08-17T11:08:11Z,112.0,Sense
2025-08-17T11:08:16Z,129.0,Sense
2025-08-17T11:08:21Z,128.0,Sense
2025-08-17T11:08:26Z,129.0,Sense
2025-08-17T11:08:33Z,141.0,Sense
2025-08-17T11:08:38Z,157.0,Sense
2025-08-17T11:08:53Z,157.0,Sense
2025-08-17T11:08:58Z,158.0,Sense
2025-08-17T11:09:03Z,150.0,Sense
2025-08-17T11:09:08Z,140.0,Sense
2025-08-17T11:09:13Z,138.0,Sense
2025-08-17T11:09:18Z,137.0,Sense
2025-08-17T11:09:23Z,136.0,Sense
2025-08-17T11:09:28Z,133.0,Sense
2025-08-17T11:09:33Z,136.0,Sense
2025-08-17T11:09:38Z,130.0,Sense
2025-08-17T11:09:43Z,125.0,Sense
2025-08-17T11:09:48Z,123.0,Sense
2025-08-17T11:09:53Z,117.0,Sense
2025-08-17T11:09:58Z,113.0,Sense
2025-08-17T11:10:08Z,109.0,Sense
2025-08-17T11:10:13Z,111.0,Sense
2025-08-17T11:10:18Z,113.0,Sense
2025-08-17T11:10:23Z,109.0,Sense
2025-08-17T11:10:28Z,107.0,Sense
2025-08-17T11:10:33Z,102.0,Sense
2025-08-17T11:10:38Z,101.0,Sense
2025-08-17T11:10:43Z,99.0,Sense
2025-08-17T11:10:48Z,94.0,Sense
2025-08-17T11:10:58Z,97.0,Sense
2025-08-17T11:11:08Z,96.0,Sense
2025-08-17T11:11:18Z,100.0,Sense
2025-08-17T11:11:23Z,106.0,Sense
2025-08-17T11:11:28Z,105.0,Sense
2025-08-17T11:11:33Z,104.0,Sense
2025-08-17T11:11:38Z,103.0,Sense
2025-08-17T11:11:43Z,91.0,Sense
2025-08-17T11:11:48Z,87.0,Sense
2025-08-17T11:11:53Z,88.0,Sense
2025-08-17T11:11:58Z,106.0,Sense
2025-08-17T11:12:03Z,131.0,Sense
2025-08-17T11:12:08Z,132.0,Sense
2025-08-17T11:12:13Z,131.0,Sense
2025-08-17T11:12:18Z,129.0,Sense
2025-08-17T11:12:23Z,130.0,Sense
2025-08-17T11:12:28Z,131.0,Sense
2025-08-17T11:12:33Z,129.0,Sense
2025-08-17T11:12:38Z,162.0,Sense
2025-08-17T11:12:43Z,161.0,Sense
2025-08-17T11:12:48Z,157.0,Sense
2025-08-17T11:12:58Z,163.0,Sense
2025-08-17T11:13:03Z,166.0,Sense
2025-08-17T11:13:08Z,165.0,Sense
2025-08-17T11:13:13Z,166.0,Sense
2025-08-17T11:13:18Z,167.0,Sense
2025-08-17T11:13:23Z,172.0,Sense
2025-08-17T11:13:28Z,167.0,Sense
2025-08-17T11:13:33Z,162.0,Sense
2025-08-17T11:13:38Z,159.0,Sense
2025-08-17T11:13:43Z,151.0,Sense
2025-08-17T11:13:48Z,146.0,Sense
2025-08-17T11:13:53Z,145.0,Sense
2025-08-17T11:13:58Z,141.0,Sense
2025-08-17T11:14:03Z,137.0,Sense
2025-08-17T11:14:13Z,136.0,Sense
2025-08-17T11:14:18Z,133.0,Sense
2025-08-17T11:14:23Z,132.0,Sense
2025-08-17T11:14:28Z,130.0,Sense
2025-08-17T11:14:33Z,128.0,Sense
2025-08-17T11:14:38Z,120.0,Sense
2025-08-17T11:14:43Z,116.0,Sense
2025-08-17T11:14:58Z,116.0,Sense
2025-08-17T11:15:03Z,120.0,Sense
2025-08-17T11:15:08Z,134.0,Sense
2025-08-17T11:15:13Z,149.0,Sense
2025-08-17T11:15:18Z,148.0,Sense
2025-08-17T11:15:23Z,147.0,Sense
2025-08-17T11:15:33Z,150.0,Sense
2025-08-17T11:15:38Z,153.0,Sense
2025-08-17T11:15:43Z,158.0,Sense
2025-08-17T11:15:48Z,163.0,Sense
2025-08-17T11:15:58Z,164.0,Sense
2025-08-17T11:16:08Z,162.0,Sense
2025-08-17T11:16:13Z,160.0,Sense
2025-08-17T11:16:18Z,153.0,Sense
2025-08-17T11:16:23Z,143.0,Sense
2025-08-17T11:16:28Z,134.0,Sense
2025-08-17T11:16:33Z,130.0,Sense
2025-08-17T11:16:38Z,130.0,Sense
2025-08-17T11:16:43Z,152.0,Sense
2025-08-17T11:16:48Z,168.0,Sense
2025-08-17T11:16:53Z,167.0,Sense
2025-08-17T11:16:58Z,164.0,Sense
2025-08-17T11:17:03Z,163.0,Sense
2025-08-17T11:17:08Z,160.0,Sense
2025-08-17T11:17:13Z,157.0,Sense
2025-08-17T11:17:18Z,150.0,Sense
2025-08-17T11:17:23Z,142.0,Sense
2025-08-17T11:17:28Z,141.0,Sense
2025-08-17T11:17:38Z,140.0,Sense
2025-08-17T11:17:48Z,138.0,Sense
2025-08-17T11:17:53Z,136.0,Sense
2025-08-17T11:17:58Z,135.0,Sense
2025-08-17T11:18:08Z,135.0,Sense
2025-08-17T11:18:23Z,133.0,Sense
2025-08-17T11:18:28Z,130.0,Sense
2025-08-17T11:18:33Z,126.0,Sense
2025-08-17T11:18:43Z,123.0,Sense
2025-08-17T11:18:48Z,114.0,Sense
2025-08-17T11:18:53Z,130.0,Sense
2025-08-17T11:18:58Z,131.0,Sense
2025-08-17T11:19:03Z,130.0,Sense
2025-08-17T11:19:08Z,129.0,Sense
2025-08-17T11:19:13Z,128.0,Sense
2025-08-17T11:19:18Z,127.0,Sense
2025-08-17T11:19:23Z,125.0,Sense
2025-08-17T11:19:33Z,122.0,Sense
2025-08-17T11:19:43Z,118.0,Sense
2025-08-17T11:19:48Z,115.0,Sense
2025-08-17T11:19:53Z,108.0,Sense
2025-08-17T11:19:58Z,118.0,Sense
2025-08-17T11:20:03Z,117.0,Sense
2025-08-17T11:20:08Z,116.0,Sense
2025-08-17T11:20:18Z,112.0,Sense
2025-08-17T11:20:23Z,111.0,Sense
2025-08-17T11:20:33Z,115.0,Sense
2025-08-17T11:20:38Z,118.0,Sense
2025-08-17T11:20:48Z,116.0,Sense
2025-08-17T11:20:53Z,111.0,Sense
2025-08-17T11:20:58Z,108.0,Sense
2025-08-17T11:21:03Z,107.0,Sense
2025-08-17T11:21:08Z,101.0,Sense
2025-08-17T11:21:18Z,103.0,Sense
2025-08-17T11:21:23Z,105.0,Sense
2025-08-17T11:21:38Z,106.0,Sense
2025-08-17T11:21:43Z,105.0,Sense
2025-08-17T11:21:48Z,104.0,Sense
2025-08-17T11:21:53Z,105.0,Sense
2025-08-17T11:21:58Z,119.0,Sense
2025-08-17T11:22:03Z,121.0,Sense
2025-08-17T11:22:08Z,122.0,Sense
2025-08-17T11:22:18Z,116.0,Sense
2025-08-17T11:22:23Z,107.0,Sense
2025-08-17T11:22:28Z,99.0,Sense
2025-08-17T11:22:33Z,96.0,Sense
2025-08-17T11:22:38Z,99.0,Sense
2025-08-17T11:22:48Z,96.0,Sense
2025-08-17T11:22:53Z,88.0,Sense
2025-08-17T11:23:08Z,85.0,Sense
2025-08-17T11:23:13Z,84.0,Sense
2025-08-17T11:23:18Z,79.0,Sense
2025-08-17T11:23:23Z,74.0,Sense
2025-08-17T11:23:28Z,75.0,Sense
2025-08-17T11:23:43Z,75.0,Sense
2025-08-17T11:23:48Z,76.0,Sense
2025-08-17T11:23:53Z,77.0,Sense
2025-08-17T11:23:58Z,113.0,Sense
2025-08-17T11:24:03Z,114.0,Sense
2025-08-17T11:24:13Z,115.0,Sense
2025-08-17T11:24:23Z,116.0,Sense
2025-08-17T11:24:28Z,113.0,Sense
2025-08-17T11:24:33Z,114.0,Sense
2025-08-17T11:24:38Z,120.0,Sense
2025-08-17T11:24:43Z,127.0,Sense
2025-08-17T11:24:48Z,132.0,Sense
2025-08-17T11:24:53Z,136.0,Sense
2025-08-17T11:24:58Z,130.0,Sense
2025-08-17T11:25:03Z,141.0,Sense
2025-08-17T11:25:08Z,148.0,Sense
2025-08-17T11:25:13Z,147.0,Sense
2025-08-17T11:25:23Z,148.0,Sense
2025-08-17T11:25:28Z,152.0,Sense
2025-08-17T11:25:33Z,153.0,Sense
2025-08-17T11:25:48Z,152.0,Sense
2025-08-17T11:25:53Z,145.0,Sense
2025-08-17T11:25:58Z,133.0,Sense
2025-08-17T11:26:08Z,128.0,Sense
2025-08-17T11:26:13Z,126.0,Sense
2025-08-17T11:26:18Z,126.0,Sense
2025-08-17T11:26:28Z,117.0,Sense
2025-08-17T11:26:33Z,116.0,Sense
2025-08-17T11:26:38Z,115.0,Sense
2025-08-17T11:26:43Z,112.0,Sense
2025-08-17T11:26:53Z,112.0,Sense
2025-08-17T11:26:58Z,113.0,Sense
2025-08-17T11:27:03Z,116.0,Sense
2025-08-17T11:27:13Z,114.0,Sense
2025-08-17T11:27:18Z,119.0,Sense
2025-08-17T11:27:23Z,144.0,Sense
2025-08-17T11:27:28Z,155.0,Sense
2025-08-17T11:27:38Z,153.0,Sense
2025-08-17T11:27:43Z,151.0,Sense
2025-08-17T11:27:48Z,145.0,Sense
2025-08-17T11:27:53Z,144.0,Sense
2025-08-17T11:27:58Z,140.0,Sense
2025-08-17T11:28:08Z,136.0,Sense
2025-08-17T11:28:13Z,129.0,Sense
2025-08-17T11:28:18Z,127.0,Sense
2025-08-17T11:28:23Z,123.0,Sense
2025-08-17T11:28:28Z,122.0,Sense
2025-08-17T11:28:33Z,118.0,Sense
2025-08-17T11:28:38Z,117.0,Sense
2025-08-17T11:28:48Z,114.0,Sense
2025-08-17T11:28:53Z,111.0,Sense
2025-08-17T11:29:03Z,110.0,Sense
2025-08-17T11:29:08Z,109.0,Sense
2025-08-17T11:29:13Z,105.0,Sense
2025-08-17T11:29:18Z,107.0,Sense
2025-08-17T11:29:23Z,114.0,Sense
2025-08-17T11:29:33Z,106.0,Sense
2025-08-17T11:29:38Z,104.0,Sense
2025-08-17T11:29:43Z,104.0,Sense
2025-08-17T11:29:48Z,94.0,Sense
2025-08-17T11:29:53Z,93.0,Sense
2025-08-17T11:29:58Z,94.0,Sense
2025-08-17T11:30:03Z,92.0,Sense
2025-08-17T11:30:08Z,91.0,Sense
2025-08-17T11:30:13Z,87.0,Sense
2025-08-17T11:30:18Z,77.0,Sense
2025-08-17T11:30:23Z,76.0,Sense
2025-08-17T11:30:38Z,77.0,Sense
2025-08-17T11:30:43Z,80.0,Sense
2025-08-17T11:30:48Z,81.0,Sense
2025-08-17T11:30:53Z,83.0,Sense
2025-08-17T11:30:58Z,91.0,Sense
2025-08-17T11:31:03Z,93.0,Sense
2025-08-17T11:31:13Z,94.0,Sense
2025-08-17T11:31:18Z,91.0,Sense
2025-08-17T11:31:28Z,92.0,Sense
2025-08-17T11:31:33Z,93.0,Sense
2025-08-17T11:31:38Z,100.0,Sense
2025-08-17T11:31:43Z,107.0,Sense
2025-08-17T11:31:48Z,106.0,Sense
2025-08-17T11:31:58Z,104.0,Sense
2025-08-17T11:32:03Z,102.0,Sense
2025-08-17T11:32:18Z,99.0,Sense
2025-08-17T11:32:23Z,88.0,Sense
2025-08-17T11:32:38Z,89.0,Sense
2025-08-17T11:32:48Z,91.0,Sense
2025-08-17T11:32:58Z,88.0,Sense
2025-08-17T11:33:08Z,89.0,Sense
2025-08-17T11:33:18Z,91.0,Sense
2025-08-17T11:33:23Z,106.0,Sense
2025-08-17T11:33:28Z,115.0,Sense
2025-08-17T11:33:38Z,114.0,Sense
2025-08-17T11:33:43Z,113.0,Sense
2025-08-17T11:33:48Z,113.0,Sense
2025-08-17T11:33:53Z,112.0,Sense
2025-08-17T11:33:58Z,110.0,Sense
2025-08-17T11:34:03Z,111.0,Sense
2025-08-17T11:34:13Z,112.0,Sense
2025-08-17T11:34:18Z,110.0,Sense
2025-08-17T11:34:23Z,109.0,Sense
2025-08-17T11:34:33Z,106.0,Sense
2025-08-17T11:34:38Z,104.0,Sense
2025-08-17T11:34:43Z,101.0,Sense
2025-08-17T11:34:48Z,105.0,Sense
2025-08-17T11:34:58Z,109.0,Sense
2025-08-17T11:35:08Z,126.0,Sense
2025-08-17T11:35:13Z,138.0,Sense
2025-08-17T11:35:18Z,140.0,Sense
2025-08-17T11:35:23Z,139.0,Sense
2025-08-17T11:35:28Z,137.0,Sense
2025-08-17T11:35:33Z,136.0,Sense
2025-08-17T11:35:38Z,131.0,Sense
2025-08-17T11:35:43Z,124.0,Sense
2025-08-17T11:35:48Z,121.0,Sense
2025-08-17T11:35:53Z,118.0,Sense
2025-08-17T11:35:58Z,125.0,Sense
2025-08-17T11:36:03Z,121.0,Sense
2025-08-17T11:36:08Z,104.0,Sense
2025-08-17T11:36:13Z,98.0,Sense
2025-08-17T11:36:18Z,96.0,Sense
2025-08-17T11:36:33Z,97.0,Sense
2025-08-17T11:36:38Z,99.0,Sense
2025-08-17T11:36:43Z,98.0,Sense
2025-08-17T11:36:53Z,96.0,Sense
2025-08-17T11:36:58Z,98.0,Sense
2025-08-17T11:37:03Z,99.0,Sense
2025-08-17T11:37:08Z,100.0,Sense
2025-08-17T11:37:18Z,101.0,Sense
2025-08-17T11:37:23Z,100.0,Sense
2025-08-17T11:37:28Z,97.0,Sense
2025-08-17T11:37:33Z,95.0,Sense
2025-08-17T11:37:38Z,99.0,Sense
2025-08-17T11:37:43Z,100.0,Sense
2025-08-17T11:37:58Z,99.0,Sense
2025-08-17T11:38:03Z,95.0,Sense
2025-08-17T11:38:08Z,91.0,Sense
2025-08-17T11:38:13Z,94.0,Sense
2025-08-17T11:38:18Z,95.0,Sense
2025-08-17T11:38:23Z,96.0,Sense
2025-08-17T11:38:33Z,95.0,Sense
2025-08-17T11:38:38Z,96.0,Sense
2025-08-17T11:38:53Z,97.0,Sense
2025-08-17T11:38:58Z,98.0,Sense
2025-08-17T11:39:03Z,122.0,Sense
2025-08-17T11:39:08Z,128.0,Sense
2025-08-17T11:39:13Z,127.0,Sense
2025-08-17T11:39:23Z,128.0,Sense
2025-08-17T11:39:28Z,130.0,Sense
2025-08-17T11:39:33Z,134.0,Sense
2025-08-17T11:39:38Z,138.0,Sense
2025-08-17T11:39:43Z,136.0,Sense
2025-08-17T11:39:58Z,135.0,Sense
2025-08-17T11:40:03Z,134.0,Sense
2025-08-17T11:40:08Z,133.0,Sense
2025-08-17T11:40:18Z,120.0,Sense
2025-08-17T11:40:23Z,117.0,Sense
2025-08-17T11:40:28Z,116.0,Sense
2025-08-17T11:40:33Z,115.0,Sense
2025-08-17T11:40:43Z,117.0,Sense
2025-08-17T11:40:48Z,114.0,Sense
2025-08-17T11:40:53Z,109.0,Sense
2025-08-17T11:40:58Z,107.0,Sense
2025-08-17T11:41:03Z,108.0,Sense
2025-08-17T11:41:08Z,103.0,Sense
2025-08-17T11:41:13Z,104.0,Sense
2025-08-17T11:41:18Z,105.0,Sense
2025-08-17T11:41:28Z,89.0,Sense
2025-08-17T11:41:33Z,86.0,Sense
2025-08-17T11:41:38Z,87.0,Sense
2025-08-17T11:41:43Z,86.0,Sense
2025-08-17T11:41:48Z,87.0,Sense
2025-08-17T11:41:53Z,85.0,Sense
2025-08-17T11:42:03Z,88.0,Sense
2025-08-17T11:42:08Z,112.0,Sense
2025-08-17T11:42:13Z,115.0,Sense
2025-08-17T11:42:18Z,116.0,Sense
2025-08-17T11:42:23Z,117.0,Sense
2025-08-17T11:42:28Z,125.0,Sense
2025-08-17T11:42:33Z,130.0,Sense
2025-08-17T11:42:38Z,129.0,Sense
2025-08-17T11:42:43Z,136.0,Sense
2025-08-17T11:42:48Z,135.0,Sense
2025-08-17T11:42:53Z,131.0,Sense
2025-08-17T11:42:58Z,132.0,Sense
2025-08-17T11:43:03Z,136.0,Sense
2025-08-17T11:43:08Z,140.0,Sense
2025-08-17T11:43:13Z,137.0,Sense
2025-08-17T11:43:18Z,134.0,Sense
2025-08-17T11:43:23Z,129.0,Sense
2025-08-17T11:43:28Z,128.0,Sense
2025-08-17T11:43:38Z,123.0,Sense
2025-08-17T11:43:43Z,120.0,Sense
2025-08-17T11:43:53Z,114.0,Sense
2025-08-17T11:43:58Z,107.0,Sense
2025-08-17T11:44:03Z,99.0,Sense
2025-08-17T11:44:08Z,95.0,Sense
2025-08-17T11:44:23Z,94.0,Sense
2025-08-17T11:44:28Z,92.0,Sense
2025-08-17T11:44:33Z,93.0,Sense
2025-08-17T11:44:38Z,94.0,Sense
2025-08-17T11:44:43Z,98.0,Sense
2025-08-17T11:44:48Z,96.0,Sense
2025-08-17T11:44:53Z,93.0,Sense
2025-08-17T11:44:58Z,89.0,Sense
2025-08-17T11:45:03Z,91.0,Sense
2025-08-17T11:45:08Z,105.0,Sense
2025-08-17T11:45:13Z,125.0,Sense
2025-08-17T11:45:23Z,126.0,Sense
2025-08-17T11:45:28Z,127.0,Sense
2025-08-17T11:45:38Z,126.0,Sense
2025-08-17T11:45:43Z,119.0,Sense
2025-08-17T11:45:53Z,113.0,Sense
2025-08-17T11:45:58Z,108.0,Sense
2025-08-17T11:46:13Z,107.0,Sense
2025-08-17T11:46:18Z,104.0,Sense
2025-08-17T11:46:23Z,101.0,Sense
2025-08-17T11:46:28Z,100.0,Sense
2025-08-17T11:46:33Z,99.0,Sense
2025-08-17T11:46:38Z,88.0,Sense
2025-08-17T11:46:43Z,87.0,Sense
2025-08-17T11:46:48Z,88.0,Sense
2025-08-17T11:46:53Z,97.0,Sense
2025-08-17T11:46:58Z,104.0,Sense
2025-08-17T11:47:03Z,105.0,Sense
2025-08-17T11:47:08Z,106.0,Sense
2025-08-17T11:47:13Z,104.0,Sense
2025-08-17T11:47:18Z,99.0,Sense
2025-08-17T11:47:23Z,96.0,Sense
2025-08-17T11:47:28Z,94.0,Sense
2025-08-17T11:47:33Z,79.0,Sense
2025-08-17T11:47:38Z,73.0,Sense
2025-08-17T11:47:43Z,74.0,Sense
2025-08-17T11:47:48Z,76.0,Sense
2025-08-17T11:47:53Z,78.0,Sense
2025-08-17T11:47:58Z,80.0,Sense
2025-08-17T11:48:03Z,81.0,Sense
2025-08-17T11:48:08Z,82.0,Sense
2025-08-17T11:48:13Z,84.0,Sense
2025-08-17T11:48:18Z,86.0,Sense
2025-08-17T11:48:23Z,102.0,Sense
2025-08-17T11:48:28Z,107.0,Sense
2025-08-17T11:48:38Z,109.0,Sense
2025-08-17T11:48:43Z,107.0,Sense
2025-08-17T11:48:48Z,103.0,Sense
2025-08-17T11:48:53Z,101.0,Sense
2025-08-17T11:48:58Z,99.0,Sense
2025-08-17T11:49:03Z,101.0,Sense
2025-08-17T11:49:08Z,102.0,Sense
2025-08-17T11:49:13Z,103.0,Sense
2025-08-17T11:49:28Z,103.0,Sense
2025-08-17T11:49:33Z,104.0,Sense
2025-08-17T11:49:38Z,103.0,Sense
2025-08-17T11:49:43Z,102.0,Sense
2025-08-17T11:49:58Z,102.0,Sense
2025-08-17T11:50:13Z,103.0,Sense
2025-08-17T11:50:28Z,103.0,Sense
2025-08-17T11:50:33Z,104.0,Sense
2025-08-17T11:50:38Z,103.0,Sense
2025-08-17T11:50:43Z,102.0,Sense
2025-08-17T11:50:48Z,101.0,Sense
2025-08-17T11:50:53Z,100.0,Sense
2025-08-17T11:50:58Z,101.0,Sense
2025-08-17T11:51:13Z,101.0,Sense
2025-08-17T11:51:18Z,102.0,Sense
2025-08-17T11:51:23Z,101.0,Sense
2025-08-17T11:51:33Z,97.0,Sense
2025-08-17T11:51:38Z,95.0,Sense
2025-08-17T11:51:48Z,93.0,Sense
2025-08-17T11:51:53Z,89.0,Sense
2025-08-17T11:52:08Z,90.0,Sense
2025-08-17T11:52:13Z,91.0,Sense
2025-08-17T11:52:23Z,92.0,Sense
2025-08-17T11:52:28Z,93.0,Sense
2025-08-17T11:52:38Z,94.0,Sense
2025-08-17T11:52:43Z,95.0,Sense
2025-08-17T11:52:48Z,96.0,Sense
2025-08-17T11:52:53Z,95.0,Sense
2025-08-17T11:53:03Z,96.0,Sense
2025-08-17T11:53:08Z,97.0,Sense
2025-08-17T11:53:13Z,99.0,Sense
2025-08-17T11:53:18Z,98.0,Sense
2025-08-17T11:53:28Z,97.0,Sense
2025-08-17T11:53:38Z,96.0,Sense
2025-08-17T11:53:53Z,98.0,Sense
2025-08-17T11:54:03Z,100.0,Sense
2025-08-17T11:54:08Z,101.0,Sense
2025-08-17T11:54:18Z,102.0,Sense
2025-08-17T11:54:23Z,101.0,Sense
2025-08-17T11:54:33Z,100.0,Sense
2025-08-17T11:54:43Z,99.0,Sense
2025-08-17T11:54:48Z,98.0,Sense
2025-08-17T11:54:53Z,97.0,Sense
2025-08-17T11:54:58Z,95.0,Sense
2025-08-17T11:55:03Z,94.0,Sense
2025-08-17T11:55:18Z,94.0,Sense
2025-08-17T11:55:23Z,95.0,Sense
2025-08-17T11:55:28Z,97.0,Sense
2025-08-17T11:55:33Z,100.0,Sense
2025-08-17T11:55:38Z,101.0,Sense
2025-08-17T11:55:43Z,101.0,Sense
2025-08-17T11:55:48Z,102.0,Sense
2025-08-17T11:55:53Z,101.0,Sense
2025-08-17T11:55:58Z,88.0,Sense
2025-08-17T11:56:08Z,102.0,Sense
2025-08-17T11:56:13Z,103.0,Sense
2025-08-17T11:56:18Z,106.0,Sense
2025-08-17T11:56:23Z,116.0,Sense
2025-08-17T11:56:28Z,118.0,Sense
2025-08-17T11:56:33Z,120.0,Sense
2025-08-17T11:56:38Z,119.0,Sense
2025-08-17T11:56:48Z,117.0,Sense
2025-08-17T11:56:53Z,113.0,Sense
2025-08-17T11:56:58Z,110.0,Sense
2025-08-17T11:57:03Z,109.0,Sense
2025-08-17T11:57:13Z,107.0,Sense
2025-08-17T11:57:18Z,105.0,Sense
2025-08-17T11:57:23Z,103.0,Sense
2025-08-17T11:57:28Z,102.0,Sense
2025-08-17T11:57:33Z,101.0,Sense
2025-08-17T11:57:38Z,100.0,Sense
2025-08-17T11:57:43Z,99.0,Sense
2025-08-17T11:57:48Z,97.0,Sense
2025-08-17T11:57:58Z,96.0,Sense
2025-08-17T11:58:03Z,96.0,Sense
2025-08-17T11:58:08Z,95.0,Sense
2025-08-17T11:58:13Z,94.0,Sense
2025-08-17T11:58:18Z,95.0,Sense
2025-08-17T11:58:28Z,93.0,Sense
2025-08-17T11:58:38Z,94.0,Sense
2025-08-17T11:58:53Z,94.0,Sense
2025-08-17T11:58:58Z,94.0,Sense
2025-08-17T11:59:08Z,91.0,Sense
2025-08-17T11:59:13Z,91.0,Sense
2025-08-17T11:59:23Z,92.0,Sense
2025-08-17T11:59:28Z,93.0,Sense
2025-08-17T11:59:33Z,94.0,Sense
2025-08-17T11:59:48Z,93.0,Sense
2025-08-17T11:59:58Z,94.0,Sense
2025-08-17T12:00:03Z,102.0,Sense
2025-08-17T12:00:08Z,114.0,Sense
2025-08-17T12:00:13Z,119.0,Sense
2025-08-17T12:00:18Z,124.0,Sense
2025-08-17T12:00:23Z,125.0,Sense
2025-08-17T12:00:28Z,127.0,Sense
2025-08-17T12:00:33Z,128.0,Sense
2025-08-17T12:00:38Z,127.0,Sense
2025-08-17T12:00:43Z,122.0,Sense
2025-08-17T12:00:48Z,116.0,Sense
2025-08-17T12:00:53Z,116.0,Sense
2025-08-17T12:01:08Z,117.0,Sense
2025-08-17T12:01:13Z,118.0,Sense
2025-08-17T12:01:18Z,115.0,Sense
2025-08-17T12:01:23Z,114.0,Sense
2025-08-17T12:01:28Z,108.0,Sense
2025-08-17T12:01:33Z,102.0,Sense
2025-08-17T12:01:38Z,105.0,Sense
2025-08-17T12:01:43Z,109.0,Sense
2025-08-17T12:01:48Z,106.0,Sense
2025-08-17T12:01:53Z,103.0,Sense
2025-08-17T12:01:58Z,96.0,Sense
2025-08-17T12:02:08Z,107.0,Sense
2025-08-17T12:02:13Z,115.0,Sense
2025-08-17T12:02:23Z,116.0,Sense
2025-08-17T12:02:28Z,118.0,Sense
2025-08-17T12:02:38Z,116.0,Sense
2025-08-17T12:02:43Z,119.0,Sense
2025-08-17T12:02:48Z,120.0,Sense
2025-08-17T12:02:53Z,112.0,Sense
2025-08-17T12:02:58Z,110.0,Sense
2025-08-17T12:03:03Z,113.0,Sense
2025-08-17T12:03:08Z,116.0,Sense
2025-08-17T12:03:13Z,115.0,Sense
2025-08-17T12:03:18Z,112.0,Sense
2025-08-17T12:03:23Z,111.0,Sense
2025-08-17T12:03:28Z,105.0,Sense
2025-08-17T12:03:33Z,103.0,Sense
2025-08-17T12:03:43Z,104.0,Sense
2025-08-17T12:03:48Z,96.0,Sense
2025-08-17T12:03:53Z,89.0,Sense
2025-08-17T12:03:58Z,96.0,Sense
2025-08-17T12:04:03Z,114.0,Sense
2025-08-17T12:04:08Z,112.0,Sense
2025-08-17T12:04:13Z,111.0,Sense
2025-08-17T12:04:18Z,110.0,Sense
2025-08-17T12:04:23Z,109.0,Sense
2025-08-17T12:04:28Z,103.0,Sense
2025-08-17T12:04:33Z,101.0,Sense
2025-08-17T12:04:48Z,101.0,Sense
2025-08-17T12:04:53Z,103.0,Sense
2025-08-17T12:04:58Z,101.0,Sense
2025-08-17T12:05:03Z,104.0,Sense
2025-08-17T12:05:13Z,103.0,Sense
2025-08-17T12:05:28Z,101.0,Sense
2025-08-17T12:05:38Z,96.0,Sense
2025-08-17T12:05:43Z,93.0,Sense
2025-08-17T12:05:48Z,90.0,Sense
2025-08-17T12:05:53Z,89.0,Sense
2025-08-17T12:06:03Z,86.0,Sense
2025-08-17T12:06:08Z,86.0,Sense
2025-08-17T12:06:23Z,86.0,Sense
2025-08-17T12:06:28Z,75.0,Sense
2025-08-17T12:06:33Z,73.0,Sense
2025-08-17T12:06:38Z,74.0,Sense
2025-08-17T12:06:43Z,75.0,Sense
2025-08-17T12:06:48Z,77.0,Sense
2025-08-17T12:06:53Z,79.0,Sense
2025-08-17T12:06:58Z,81.0,Sense
2025-08-17T12:07:03Z,82.0,Sense
2025-08-17T12:07:08Z,84.0,Sense
2025-08-17T12:07:18Z,94.0,Sense
2025-08-17T12:07:28Z,95.0,Sense
2025-08-17T12:07:38Z,102.0,Sense
2025-08-17T12:07:43Z,104.0,Sense
2025-08-17T12:07:48Z,103.0,Sense
2025-08-17T12:07:53Z,101.0,Sense
2025-08-17T12:07:58Z,99.0,Sense
2025-08-17T12:08:03Z,98.0,Sense
2025-08-17T12:08:08Z,97.0,Sense
2025-08-17T12:08:18Z,100.0,Sense
2025-08-17T12:08:23Z,101.0,Sense
2025-08-17T12:08:33Z,100.0,Sense
2025-08-17T12:08:38Z,99.0,Sense
2025-08-17T12:08:43Z,98.0,Sense
2025-08-17T12:08:48Z,97.0,Sense
2025-08-17T12:08:53Z,99.0,Sense
2025-08-17T12:08:58Z,98.0,Sense
2025-08-17T12:09:03Z,89.0,Sense
2025-08-17T12:09:08Z,92.0,Sense
2025-08-17T12:09:13Z,94.0,Sense
2025-08-17T12:09:23Z,95.0,Sense
2025-08-17T12:09:28Z,96.0,Sense
2025-08-17T12:09:33Z,97.0,Sense
2025-08-17T12:09:38Z,97.0,Sense
2025-08-17T12:09:43Z,96.0,Sense
2025-08-17T12:09:58Z,97.0,Sense
2025-08-17T12:10:03Z,96.0,Sense
2025-08-17T12:10:13Z,92.0,Sense
2025-08-17T12:10:28Z,91.0,Sense
2025-08-17T12:10:43Z,92.0,Sense
2025-08-17T12:10:48Z,92.0,Sense
2025-08-17T12:10:53Z,94.0,Sense
2025-08-17T12:10:58Z,94.0,Sense
2025-08-17T12:11:03Z,95.0,Sense
2025-08-17T12:11:18Z,96.0,Sense
2025-08-17T12:11:23Z,96.0,Sense
2025-08-17T12:11:33Z,95.0,Sense
2025-08-17T12:11:43Z,96.0,Sense
2025-08-17T12:11:53Z,97.0,Sense
2025-08-17T12:11:58Z,98.0,Sense
2025-08-17T12:12:03Z,98.0,Sense
2025-08-17T12:12:18Z,99.0,Sense
2025-08-17T12:12:23Z,95.0,Sense
2025-08-17T12:12:28Z,93.0,Sense
2025-08-17T12:12:43Z,94.0,Sense
2025-08-17T12:12:58Z,94.0,Sense
2025-08-17T12:13:03Z,93.0,Sense
2025-08-17T12:13:08Z,92.0,Sense
2025-08-17T12:13:13Z,93.0,Sense
2025-08-17T12:13:23Z,92.0,Sense
2025-08-17T12:13:33Z,93.0,Sense
2025-08-17T12:13:38Z,98.0,Sense
2025-08-17T12:13:43Z,101.0,Sense
2025-08-17T12:13:48Z,103.0,Sense
2025-08-17T12:13:58Z,101.0,Sense
2025-08-17T12:14:03Z,100.0,Sense
2025-08-17T12:14:08Z,112.0,Sense
2025-08-17T12:14:13Z,132.0,Sense
2025-08-17T12:14:23Z,130.0,Sense
2025-08-17T12:14:28Z,129.0,Sense
2025-08-17T12:14:33Z,131.0,Sense
2025-08-17T12:14:38Z,133.0,Sense
2025-08-17T12:14:43Z,129.0,Sense
2025-08-17T12:14:48Z,125.0,Sense
2025-08-17T12:14:53Z,122.0,Sense
2025-08-17T12:14:58Z,120.0,Sense
2025-08-17T12:15:03Z,110.0,Sense
2025-08-17T12:15:08Z,100.0,Sense
2025-08-17T12:15:18Z,101.0,Sense
2025-08-17T12:15:23Z,99.0,Sense
2025-08-17T12:15:28Z,98.0,Sense
2025-08-17T12:15:33Z,97.0,Sense
2025-08-17T12:15:38Z,95.0,Sense
2025-08-17T12:15:53Z,92.0,Sense
2025-08-17T12:15:58Z,92.0,Sense
2025-08-17T12:16:08Z,93.0,Sense
2025-08-17T12:16:13Z,94.0,Sense
2025-08-17T12:16:23Z,95.0,Sense
2025-08-17T12:16:28Z,96.0,Sense
2025-08-17T12:16:33Z,97.0,Sense
2025-08-17T12:16:38Z,98.0,Sense
2025-08-17T12:16:53Z,100.0,Sense
2025-08-17T12:16:58Z,101.0,Sense
2025-08-17T12:17:03Z,103.0,Sense
2025-08-17T12:17:08Z,96.0,Sense
2025-08-17T12:17:13Z,93.0,Sense
2025-08-17T12:17:18Z,94.0,Sense
2025-08-17T12:17:28Z,95.0,Sense
2025-08-17T12:17:38Z,95.0,Sense
2025-08-17T12:17:43Z,96.0,Sense
2025-08-17T12:17:48Z,98.0,Sense
2025-08-17T12:17:53Z,99.0,Sense
2025-08-17T12:17:58Z,98.0,Sense
2025-08-17T12:18:13Z,99.0,Sense
2025-08-17T12:18:28Z,99.0,Sense
2025-08-17T12:18:43Z,99.0,Sense
2025-08-17T12:18:58Z,99.0,Sense
2025-08-17T12:19:03Z,97.0,Sense
2025-08-17T12:19:13Z,96.0,Sense
2025-08-17T12:19:18Z,97.0,Sense
2025-08-17T12:19:33Z,96.0,Sense
2025-08-17T12:19:38Z,95.0,Sense
2025-08-17T12:19:53Z,95.0,Sense
2025-08-17T12:20:08Z,96.0,Sense
2025-08-17T12:20:13Z,97.0,Sense
2025-08-17T12:20:18Z,99.0,Sense
2025-08-17T12:20:23Z,98.0,Sense
2025-08-17T12:20:38Z,98.0,Sense
2025-08-17T12:20:43Z,109.0,Sense
2025-08-17T12:20:48Z,115.0,Sense
2025-08-17T12:20:53Z,116.0,Sense
2025-08-17T12:20:58Z,114.0,Sense
2025-08-17T12:21:03Z,110.0,Sense
2025-08-17T12:21:08Z,110.0,Sense
2025-08-17T12:21:13Z,105.0,Sense
2025-08-17T12:21:18Z,102.0,Sense
2025-08-17T12:21:23Z,100.0,Sense
2025-08-17T12:21:28Z,101.0,Sense
2025-08-17T12:21:33Z,102.0,Sense
2025-08-17T12:21:38Z,104.0,Sense
2025-08-17T12:21:43Z,105.0,Sense
2025-08-17T12:21:48Z,106.0,Sense
2025-08-17T12:21:53Z,103.0,Sense
2025-08-17T12:21:58Z,98.0,Sense
2025-08-17T12:22:08Z,95.0,Sense
2025-08-17T12:22:18Z,94.0,Sense
2025-08-17T12:22:23Z,93.0,Sense
2025-08-17T12:22:28Z,92.0,Sense
2025-08-17T12:22:33Z,91.0,Sense
2025-08-17T12:22:38Z,89.0,Sense
2025-08-17T12:22:43Z,88.0,Sense
2025-08-17T12:22:58Z,88.0,Sense
2025-08-17T12:23:03Z,89.0,Sense
2025-08-17T12:23:08Z,95.0,Sense
2025-08-17T12:23:13Z,98.0,Sense
2025-08-17T12:23:18Z,89.0,Sense
2025-08-17T12:23:23Z,90.0,Sense
2025-08-17T12:23:28Z,91.0,Sense
2025-08-17T12:23:33Z,93.0,Sense
2025-08-17T12:23:38Z,95.0,Sense
2025-08-17T12:23:43Z,96.0,Sense
2025-08-17T12:23:48Z,97.0,Sense
2025-08-17T12:24:03Z,98.0,Sense
2025-08-17T12:24:08Z,100.0,Sense
2025-08-17T12:24:23Z,100.0,Sense
2025-08-17T12:24:28Z,100.0,Sense
2025-08-17T12:24:33Z,101.0,Sense
2025-08-17T12:24:43Z,100.0,Sense
2025-08-17T12:24:48Z,98.0,Sense
2025-08-17T12:24:53Z,96.0,Sense
2025-08-17T12:25:03Z,110.0,Sense
2025-08-17T12:25:13Z,108.0,Sense
2025-08-17T12:25:18Z,106.0,Sense
2025-08-17T12:25:23Z,105.0,Sense
2025-08-17T12:25:28Z,104.0,Sense
2025-08-17T12:25:33Z,101.0,Sense
2025-08-17T12:25:38Z,106.0,Sense
2025-08-17T12:25:43Z,109.0,Sense
2025-08-17T12:25:53Z,108.0,Sense
2025-08-17T12:25:58Z,109.0,Sense
2025-08-17T12:26:03Z,107.0,Sense
2025-08-17T12:26:08Z,103.0,Sense
2025-08-17T12:26:13Z,100.0,Sense
2025-08-17T12:26:18Z,98.0,Sense
2025-08-17T12:26:23Z,99.0,Sense
2025-08-17T12:26:33Z,98.0,Sense
2025-08-17T12:26:38Z,97.0,Sense
2025-08-17T12:26:43Z,98.0,Sense
2025-08-17T12:26:48Z,96.0,Sense
2025-08-17T12:26:53Z,88.0,Sense
2025-08-17T12:27:03Z,89.0,Sense
2025-08-17T12:27:13Z,91.0,Sense
2025-08-17T12:27:18Z,91.0,Sense
2025-08-17T12:27:23Z,92.0,Sense
2025-08-17T12:27:28Z,93.0,Sense
2025-08-17T12:27:33Z,93.0,Sense
2025-08-17T12:27:38Z,94.0,Sense
2025-08-17T12:27:43Z,97.0,Sense
2025-08-17T12:27:48Z,98.0,Sense
2025-08-17T12:27:53Z,97.0,Sense
2025-08-17T12:28:03Z,96.0,Sense
2025-08-17T12:28:08Z,95.0,Sense
2025-08-17T12:28:13Z,94.0,Sense
2025-08-17T12:28:28Z,94.0,Sense
2025-08-17T12:28:38Z,95.0,Sense
2025-08-17T12:28:43Z,95.0,Sense
2025-08-17T12:28:48Z,94.0,Sense
2025-08-17T12:28:53Z,95.0,Sense
2025-08-17T12:29:03Z,97.0,Sense
2025-08-17T12:29:08Z,98.0,Sense
2025-08-17T12:29:13Z,97.0,Sense
2025-08-17T12:29:23Z,98.0,Sense
2025-08-17T12:29:28Z,99.0,Sense
2025-08-17T12:29:33Z,100.0,Sense
2025-08-17T12:29:38Z,101.0,Sense
2025-08-17T12:29:43Z,102.0,Sense
2025-08-17T12:29:48Z,103.0,Sense
2025-08-17T12:29:53Z,102.0,Sense
2025-08-17T12:30:03Z,101.0,Sense
2025-08-17T12:30:08Z,100.0,Sense
2025-08-17T12:30:13Z,101.0,Sense
2025-08-17T12:30:23Z,100.0,Sense
2025-08-17T12:30:28Z,101.0,Sense
2025-08-17T12:30:38Z,102.0,Sense
2025-08-17T12:30:43Z,103.0,Sense
2025-08-17T12:30:48Z,104.0,Sense
2025-08-17T12:30:58Z,106.0,Sense
2025-08-17T12:31:03Z,107.0,Sense
2025-08-17T12:31:08Z,96.0,Sense
2025-08-17T12:31:13Z,95.0,Sense
2025-08-17T12:31:18Z,98.0,Sense
2025-08-17T12:31:23Z,95.0,Sense
2025-08-17T12:31:38Z,96.0,Sense
2025-08-17T12:31:43Z,97.0,Sense
2025-08-17T12:31:48Z,96.0,Sense
2025-08-17T12:31:58Z,97.0,Sense
2025-08-17T12:32:03Z,98.0,Sense
2025-08-17T12:32:18Z,97.0,Sense
2025-08-17T12:32:28Z,96.0,Sense
2025-08-17T12:32:33Z,97.0,Sense
2025-08-17T12:32:38Z,98.0,Sense
2025-08-17T12:32:48Z,99.0,Sense
2025-08-17T12:32:53Z,104.0,Sense
2025-08-17T12:32:58Z,105.0,Sense
2025-08-17T12:33:03Z,104.0,Sense
2025-08-17T12:33:08Z,105.0,Sense
2025-08-17T12:33:13Z,103.0,Sense
2025-08-17T12:33:28Z,104.0,Sense
2025-08-17T12:33:33Z,102.0,Sense
2025-08-17T12:33:38Z,100.0,Sense
2025-08-17T12:33:43Z,108.0,Sense
2025-08-17T12:33:48Z,110.0,Sense
2025-08-17T12:33:53Z,111.0,Sense
2025-08-17T12:33:58Z,110.0,Sense
2025-08-17T12:34:03Z,109.0,Sense
2025-08-17T12:34:08Z,116.0,Sense
2025-08-17T12:34:13Z,122.0,Sense
2025-08-17T12:34:23Z,123.0,Sense
2025-08-17T12:34:33Z,124.0,Sense
2025-08-17T12:34:38Z,126.0,Sense
2025-08-17T12:34:43Z,130.0,Sense
2025-08-17T12:34:48Z,129.0,Sense
2025-08-17T12:34:53Z,128.0,Sense
2025-08-17T12:34:58Z,126.0,Sense
2025-08-17T12:35:03Z,123.0,Sense
2025-08-17T12:35:08Z,115.0,Sense
2025-08-17T12:35:13Z,123.0,Sense
2025-08-17T12:35:18Z,136.0,Sense
2025-08-17T12:35:33Z,135.0,Sense
2025-08-17T12:35:38Z,133.0,Sense
2025-08-17T12:35:43Z,130.0,Sense
2025-08-17T12:35:48Z,127.0,Sense
2025-08-17T12:35:53Z,123.0,Sense
2025-08-17T12:36:03Z,122.0,Sense
2025-08-17T12:36:08Z,119.0,Sense
2025-08-17T12:36:13Z,117.0,Sense
2025-08-17T12:36:18Z,114.0,Sense
2025-08-17T12:36:23Z,116.0,Sense
2025-08-17T12:36:28Z,115.0,Sense
2025-08-17T12:36:33Z,112.0,Sense
2025-08-17T12:36:38Z,110.0,Sense
2025-08-17T12:36:43Z,104.0,Sense
2025-08-17T12:36:48Z,105.0,Sense
2025-08-17T12:36:53Z,107.0,Sense
2025-08-17T12:37:08Z,111.0,Sense
2025-08-17T12:37:18Z,112.0,Sense
2025-08-17T12:37:23Z,113.0,Sense
2025-08-17T12:37:28Z,118.0,Sense
2025-08-17T12:37:33Z,119.0,Sense
2025-08-17T12:37:38Z,116.0,Sense
2025-08-17T12:37:43Z,111.0,Sense
2025-08-17T12:37:48Z,104.0,Sense
2025-08-17T12:37:53Z,103.0,Sense
2025-08-17T12:37:58Z,102.0,Sense
2025-08-17T12:38:03Z,103.0,Sense
2025-08-17T12:38:08Z,102.0,Sense
2025-08-17T12:38:18Z,108.0,Sense
2025-08-17T12:38:23Z,142.0,Sense
2025-08-17T12:38:28Z,143.0,Sense
2025-08-17T12:38:38Z,141.0,Sense
2025-08-17T12:38:43Z,140.0,Sense
2025-08-17T12:38:48Z,145.0,Sense
2025-08-17T12:38:53Z,157.0,Sense
2025-08-17T12:39:08Z,155.0,Sense
2025-08-17T12:39:13Z,153.0,Sense
2025-08-17T12:39:18Z,151.0,Sense
2025-08-17T12:39:23Z,146.0,Sense
2025-08-17T12:39:28Z,143.0,Sense
2025-08-17T12:39:33Z,137.0,Sense
2025-08-17T12:39:38Z,134.0,Sense
2025-08-17T12:39:43Z,132.0,Sense
2025-08-17T12:39:48Z,129.0,Sense
2025-08-17T12:39:53Z,122.0,Sense
2025-08-17T12:39:58Z,121.0,Sense
2025-08-17T12:40:03Z,116.0,Sense
2025-08-17T12:40:08Z,111.0,Sense
2025-08-17T12:40:18Z,109.0,Sense
2025-08-17T12:40:23Z,104.0,Sense
2025-08-17T12:40:28Z,98.0,Sense
2025-08-17T12:40:33Z,100.0,Sense
2025-08-17T12:40:38Z,101.0,Sense
2025-08-17T12:40:43Z,100.0,Sense
2025-08-17T12:40:48Z,94.0,Sense
2025-08-17T12:40:53Z,86.0,Sense
2025-08-17T12:40:58Z,81.0,Sense
2025-08-17T12:41:03Z,80.0,Sense
2025-08-17T12:41:08Z,81.0,Sense
2025-08-17T12:41:13Z,79.0,Sense
2025-08-17T12:41:18Z,77.0,Sense
2025-08-17T12:41:33Z,81.0,Sense
2025-08-17T12:41:38Z,82.0,Sense
2025-08-17T12:41:48Z,80.0,Sense
2025-08-17T12:41:53Z,79.0,Sense
2025-08-17T12:41:58Z,76.0,Sense
2025-08-17T12:42:03Z,75.0,Sense
2025-08-17T12:42:13Z,72.0,Sense
2025-08-17T12:42:18Z,73.0,Sense
2025-08-17T12:42:23Z,84.0,Sense
2025-08-17T12:42:28Z,85.0,Sense
2025-08-17T12:42:33Z,86.0,Sense
2025-08-17T12:42:38Z,84.0,Sense
2025-08-17T12:42:43Z,81.0,Sense
2025-08-17T12:42:48Z,79.0,Sense
2025-08-17T12:42:53Z,84.0,Sense
2025-08-17T12:42:58Z,94.0,Sense
2025-08-17T12:43:08Z,95.0,Sense
2025-08-17T12:43:13Z,98.0,Sense
2025-08-17T12:43:18Z,97.0,Sense
2025-08-17T12:43:28Z,98.0,Sense
2025-08-17T12:43:38Z,97.0,Sense
2025-08-17T12:43:43Z,98.0,Sense
2025-08-17T12:43:58Z,98.0,Sense
2025-08-17T12:44:03Z,97.0,Sense
2025-08-17T12:44:13Z,96.0,Sense
2025-08-17T12:44:18Z,98.0,Sense
2025-08-17T12:44:23Z,99.0,Sense
2025-08-17T12:44:38Z,98.0,Sense
2025-08-17T12:44:43Z,99.0,Sense
2025-08-17T12:44:53Z,100.0,Sense
2025-08-17T12:45:08Z,99.0,Sense
2025-08-17T12:45:23Z,101.0,Sense
2025-08-17T12:45:28Z,103.0,Sense
2025-08-17T12:45:33Z,116.0,Sense
2025-08-17T12:45:38Z,118.0,Sense
2025-08-17T12:45:53Z,148.0,Sense
2025-08-17T12:45:58Z,160.0,Sense
2025-08-17T12:46:03Z,158.0,Sense
2025-08-17T12:46:08Z,160.0,Sense
2025-08-17T12:46:13Z,162.0,Sense
2025-08-17T12:46:18Z,163.0,Sense
2025-08-17T12:46:23Z,164.0,Sense
2025-08-17T12:46:28Z,164.0,Sense
2025-08-17T12:46:33Z,166.0,Sense
2025-08-17T12:46:38Z,169.0,Sense
2025-08-17T12:46:43Z,168.0,Sense
2025-08-17T12:46:48Z,166.0,Sense
2025-08-17T12:46:53Z,163.0,Sense
2025-08-17T12:47:03Z,158.0,Sense
2025-08-17T12:47:08Z,154.0,Sense
2025-08-17T12:47:13Z,152.0,Sense
2025-08-17T12:47:18Z,150.0,Sense
2025-08-17T12:47:28Z,146.0,Sense
2025-08-17T12:47:33Z,145.0,Sense
2025-08-17T12:47:38Z,143.0,Sense
2025-08-17T12:47:43Z,142.0,Sense
2025-08-17T12:47:53Z,139.0,Sense
2025-08-17T12:47:58Z,136.0,Sense
2025-08-17T12:48:03Z,129.0,Sense
2025-08-17T12:48:08Z,124.0,Sense
2025-08-17T12:48:13Z,130.0,Sense
2025-08-17T12:48:18Z,146.0,Sense
2025-08-17T12:48:23Z,151.0,Sense
2025-08-17T12:48:33Z,149.0,Sense
2025-08-17T12:48:38Z,151.0,Sense
2025-08-17T12:48:43Z,150.0,Sense
2025-08-17T12:48:53Z,156.0,Sense
2025-08-17T12:48:58Z,158.0,Sense
2025-08-17T12:49:03Z,153.0,Sense
2025-08-17T12:49:08Z,147.0,Sense
2025-08-17T12:49:13Z,140.0,Sense
2025-08-17T12:49:18Z,127.0,Sense
2025-08-17T12:49:23Z,123.0,Sense
2025-08-17T12:49:33Z,122.0,Sense
2025-08-17T12:49:38Z,121.0,Sense
2025-08-17T12:49:48Z,118.0,Sense
2025-08-17T12:49:53Z,117.0,Sense
2025-08-17T12:49:58Z,115.0,Sense
2025-08-17T12:50:03Z,114.0,Sense
2025-08-17T12:50:13Z,117.0,Sense
2025-08-17T12:50:18Z,119.0,Sense
2025-08-17T12:50:23Z,118.0,Sense
2025-08-17T12:50:28Z,114.0,Sense
2025-08-17T12:50:33Z,106.0,Sense
2025-08-17T12:50:38Z,110.0,Sense
2025-08-17T12:50:43Z,115.0,Sense
2025-08-17T12:50:48Z,145.0,Sense
2025-08-17T12:50:53Z,146.0,Sense
2025-08-17T12:50:58Z,144.0,Sense
2025-08-17T12:51:03Z,143.0,Sense
2025-08-17T12:51:08Z,141.0,Sense
2025-08-17T12:51:13Z,139.0,Sense
2025-08-17T12:51:18Z,148.0,Sense
2025-08-17T12:51:23Z,146.0,Sense
2025-08-17T12:51:28Z,142.0,Sense
2025-08-17T12:51:33Z,137.0,Sense
2025-08-17T12:51:38Z,134.0,Sense
2025-08-17T12:51:43Z,133.0,Sense
2025-08-17T12:51:53Z,131.0,Sense
2025-08-17T12:51:58Z,127.0,Sense
2025-08-17T12:52:03Z,122.0,Sense
2025-08-17T12:52:08Z,121.0,Sense
2025-08-17T12:52:13Z,120.0,Sense
2025-08-17T12:52:18Z,117.0,Sense
2025-08-17T12:52:23Z,114.0,Sense
2025-08-17T12:52:33Z,113.0,Sense
2025-08-17T12:52:38Z,112.0,Sense
2025-08-17T12:52:43Z,111.0,Sense
2025-08-17T12:52:48Z,113.0,Sense
2025-08-17T12:52:58Z,112.0,Sense
2025-08-17T12:53:03Z,109.0,Sense
2025-08-17T12:53:08Z,100.0,Sense
2025-08-17T12:53:13Z,98.0,Sense
2025-08-17T12:53:23Z,100.0,Sense
2025-08-17T12:53:28Z,99.0,Sense
2025-08-17T12:53:33Z,100.0,Sense
2025-08-17T12:53:43Z,99.0,Sense
2025-08-17T12:53:48Z,96.0,Sense
2025-08-17T12:53:53Z,97.0,Sense
2025-08-17T12:53:58Z,98.0,Sense
2025-08-17T12:54:08Z,96.0,Sense
2025-08-17T12:54:13Z,121.0,Sense
2025-08-17T12:54:18Z,131.0,Sense
2025-08-17T12:54:28Z,130.0,Sense
2025-08-17T12:54:38Z,131.0,Sense
2025-08-17T12:54:43Z,130.0,Sense
2025-08-17T12:54:48Z,127.0,Sense
2025-08-17T12:54:53Z,124.0,Sense
2025-08-17T12:54:58Z,147.0,Sense
2025-08-17T12:55:03Z,149.0,Sense
2025-08-17T12:55:08Z,148.0,Sense
2025-08-17T12:55:13Z,148.0,Sense
2025-08-17T12:55:18Z,147.0,Sense
2025-08-17T12:55:23Z,142.0,Sense
2025-08-17T12:55:28Z,135.0,Sense
2025-08-17T12:55:33Z,129.0,Sense
2025-08-17T12:55:38Z,128.0,Sense
2025-08-17T12:55:43Z,127.0,Sense
2025-08-17T12:55:48Z,129.0,Sense
2025-08-17T12:55:53Z,131.0,Sense
2025-08-17T12:55:58Z,128.0,Sense
2025-08-17T12:56:08Z,130.0,Sense
2025-08-17T12:56:13Z,128.0,Sense
2025-08-17T12:56:18Z,125.0,Sense
2025-08-17T12:56:23Z,124.0,Sense
2025-08-17T12:56:28Z,136.0,Sense
2025-08-17T12:56:33Z,157.0,Sense
2025-08-17T12:56:38Z,155.0,Sense
2025-08-17T12:56:43Z,150.0,Sense
2025-08-17T12:56:48Z,143.0,Sense
2025-08-17T12:56:53Z,140.0,Sense
2025-08-17T12:56:58Z,142.0,Sense
2025-08-17T12:57:03Z,146.0,Sense
2025-08-17T12:57:13Z,145.0,Sense
2025-08-17T12:57:18Z,142.0,Sense
2025-08-17T12:57:23Z,140.0,Sense
2025-08-17T12:57:28Z,135.0,Sense
2025-08-17T12:57:33Z,129.0,Sense
2025-08-17T12:57:38Z,126.0,Sense
2025-08-17T12:57:43Z,120.0,Sense
2025-08-17T12:57:48Z,121.0,Sense
2025-08-17T12:57:53Z,117.0,Sense
2025-08-17T12:57:58Z,113.0,Sense
2025-08-17T12:58:03Z,108.0,Sense
2025-08-17T12:58:08Z,98.0,Sense
2025-08-17T12:58:13Z,112.0,Sense
2025-08-17T12:58:18Z,114.0,Sense
2025-08-17T12:58:23Z,111.0,Sense
2025-08-17T12:58:28Z,107.0,Sense
2025-08-17T12:58:33Z,108.0,Sense
2025-08-17T12:58:43Z,106.0,Sense
2025-08-17T12:58:48Z,104.0,Sense
2025-08-17T12:58:53Z,108.0,Sense
2025-08-17T12:58:58Z,136.0,Sense
2025-08-17T12:59:03Z,150.0,Sense
2025-08-17T12:59:08Z,147.0,Sense
2025-08-17T12:59:13Z,147.0,Sense
2025-08-17T12:59:18Z,152.0,Sense
2025-08-17T12:59:23Z,157.0,Sense
2025-08-17T12:59:33Z,155.0,Sense
2025-08-17T12:59:38Z,154.0,Sense
2025-08-17T12:59:43Z,158.0,Sense
2025-08-17T12:59:48Z,154.0,Sense
2025-08-17T12:59:53Z,150.0,Sense
2025-08-17T12:59:58Z,152.0,Sense
2025-08-17T13:00:03Z,151.0,Sense
2025-08-17T13:00:08Z,150.0,Sense
2025-08-17T13:00:13Z,149.0,Sense
2025-08-17T13:00:18Z,148.0,Sense
2025-08-17T13:00:23Z,145.0,Sense
2025-08-17T13:00:28Z,140.0,Sense
2025-08-17T13:00:33Z,137.0,Sense
2025-08-17T13:00:38Z,134.0,Sense
2025-08-17T13:00:43Z,136.0,Sense
2025-08-17T13:00:53Z,141.0,Sense
2025-08-17T13:00:58Z,143.0,Sense
2025-08-17T13:01:03Z,148.0,Sense
2025-08-17T13:01:13Z,147.0,Sense
2025-08-17T13:01:18Z,145.0,Sense
2025-08-17T13:01:23Z,144.0,Sense
2025-08-17T13:01:28Z,143.0,Sense
2025-08-17T13:01:33Z,140.0,Sense
2025-08-17T13:01:38Z,137.0,Sense
2025-08-17T13:01:43Z,136.0,Sense
2025-08-17T13:01:48Z,133.0,Sense
2025-08-17T13:01:53Z,130.0,Sense
2025-08-17T13:01:58Z,132.0,Sense
2025-08-17T13:02:03Z,129.0,Sense
2025-08-17T13:02:08Z,128.0,Sense
2025-08-17T13:02:13Z,125.0,Sense
2025-08-17T13:02:18Z,120.0,Sense
2025-08-17T13:02:23Z,119.0,Sense
2025-08-17T13:02:28Z,118.0,Sense
2025-08-17T13:02:43Z,118.0,Sense
2025-08-17T13:02:48Z,114.0,Sense
2025-08-17T13:02:53Z,110.0,Sense
2025-08-17T13:02:58Z,111.0,Sense
2025-08-17T13:03:08Z,112.0,Sense
2025-08-17T13:03:13Z,123.0,Sense
2025-08-17T13:03:18Z,155.0,Sense
2025-08-17T13:03:23Z,154.0,Sense
2025-08-17T13:03:28Z,152.0,Sense
2025-08-17T13:03:33Z,151.0,Sense
2025-08-17T13:03:43Z,148.0,Sense
2025-08-17T13:03:48Z,147.0,Sense
2025-08-17T13:03:53Z,147.0,Sense
2025-08-17T13:03:58Z,144.0,Sense
2025-08-17T13:04:03Z,140.0,Sense
2025-08-17T13:04:08Z,136.0,Sense
2025-08-17T13:04:13Z,135.0,Sense
2025-08-17T13:04:18Z,129.0,Sense
2025-08-17T13:04:23Z,127.0,Sense
2025-08-17T13:04:28Z,124.0,Sense
2025-08-17T13:04:33Z,118.0,Sense
2025-08-17T13:04:38Z,115.0,Sense
2025-08-17T13:04:43Z,124.0,Sense
2025-08-17T13:04:48Z,134.0,Sense
2025-08-17T13:04:53Z,135.0,Sense
2025-08-17T13:04:58Z,136.0,Sense
2025-08-17T13:05:03Z,134.0,Sense
2025-08-17T13:05:08Z,131.0,Sense
2025-08-17T13:05:13Z,129.0,Sense
2025-08-17T13:05:18Z,126.0,Sense
2025-08-17T13:05:23Z,125.0,Sense
2025-08-17T13:05:28Z,120.0,Sense
2025-08-17T13:05:33Z,113.0,Sense
2025-08-17T13:05:38Z,107.0,Sense
2025-08-17T13:05:43Z,102.0,Sense
2025-08-17T13:05:48Z,100.0,Sense
2025-08-17T13:05:53Z,102.0,Sense
2025-08-17T13:05:58Z,101.0,Sense
2025-08-17T13:06:13Z,100.0,Sense
2025-08-17T13:06:23Z,99.0,Sense
2025-08-17T13:06:28Z,101.0,Sense
2025-08-17T13:06:38Z,95.0,Sense
2025-08-17T13:06:43Z,91.0,Sense
2025-08-17T13:06:53Z,92.0,Sense
2025-08-17T13:06:58Z,91.0,Sense
2025-08-17T13:07:03Z,94.0,Sense
2025-08-17T13:07:08Z,92.0,Sense
2025-08-17T13:07:13Z,88.0,Sense
2025-08-17T13:07:18Z,86.0,Sense
2025-08-17T13:07:23Z,90.0,Sense
2025-08-17T13:07:28Z,101.0,Sense
2025-08-17T13:07:33Z,102.0,Sense
2025-08-17T13:07:38Z,103.0,Sense
2025-08-17T13:07:43Z,101.0,Sense
2025-08-17T13:07:48Z,100.0,Sense
2025-08-17T13:07:53Z,99.0,Sense
2025-08-17T13:07:58Z,96.0,Sense
2025-08-17T13:08:03Z,95.0,Sense
2025-08-17T13:08:08Z,96.0,Sense
2025-08-17T13:08:15Z,94.0,Sense
2025-08-17T13:08:20Z,92.0,Sense
2025-08-17T13:08:25Z,93.0,Sense
2025-08-17T13:08:40Z,92.0,Sense
2025-08-17T13:08:45Z,91.0,Sense
2025-08-17T13:08:50Z,92.0,Sense
2025-08-17T13:08:55Z,96.0,Sense
2025-08-17T13:09:00Z,92.0,Sense
2025-08-17T13:09:05Z,97.0,Sense
2025-08-17T13:09:10Z,106.0,Sense
2025-08-17T13:09:15Z,104.0,Sense
2025-08-17T13:09:20Z,103.0,Sense
2025-08-17T13:09:30Z,104.0,Sense
2025-08-17T13:09:35Z,105.0,Sense
2025-08-17T13:09:40Z,106.0,Sense
2025-08-17T13:09:45Z,107.0,Sense
2025-08-17T13:09:50Z,106.0,Sense
2025-08-17T13:10:05Z,106.0,Sense
2025-08-17T13:10:15Z,108.0,Sense
2025-08-17T13:10:20Z,106.0,Sense
2025-08-17T13:10:25Z,105.0,Sense
2025-08-17T13:10:30Z,127.0,Sense
2025-08-17T13:10:35Z,128.0,Sense
2025-08-17T13:10:40Z,127.0,Sense
2025-08-17T13:10:45Z,123.0,Sense
2025-08-17T13:10:50Z,124.0,Sense
2025-08-17T13:10:55Z,122.0,Sense
2025-08-17T13:11:00Z,126.0,Sense
2025-08-17T13:11:05Z,159.0,Sense
2025-08-17T13:11:10Z,160.0,Sense
2025-08-17T13:11:20Z,159.0,Sense
2025-08-17T13:11:25Z,148.0,Sense
2025-08-17T13:11:30Z,145.0,Sense
2025-08-17T13:11:35Z,146.0,Sense
2025-08-17T13:11:40Z,144.0,Sense
2025-08-17T13:11:45Z,141.0,Sense
2025-08-17T13:11:50Z,135.0,Sense
2025-08-17T13:11:55Z,129.0,Sense
2025-08-17T13:12:00Z,128.0,Sense
2025-08-17T13:12:05Z,125.0,Sense
2025-08-17T13:12:10Z,124.0,Sense
2025-08-17T13:12:15Z,122.0,Sense
2025-08-17T13:12:25Z,125.0,Sense
2025-08-17T13:12:30Z,128.0,Sense
2025-08-17T13:12:35Z,134.0,Sense
2025-08-17T13:12:40Z,137.0,Sense
2025-08-17T13:12:45Z,132.0,Sense
2025-08-17T13:12:50Z,129.0,Sense
2025-08-17T13:12:55Z,124.0,Sense
2025-08-17T13:13:00Z,119.0,Sense
2025-08-17T13:13:05Z,116.0,Sense
2025-08-17T13:13:10Z,119.0,Sense
2025-08-17T13:13:15Z,121.0,Sense
2025-08-17T13:13:25Z,122.0,Sense
2025-08-17T13:13:30Z,119.0,Sense
2025-08-17T13:13:35Z,114.0,Sense
2025-08-17T13:13:40Z,108.0,Sense
2025-08-17T13:13:45Z,103.0,Sense
2025-08-17T13:13:50Z,101.0,Sense
2025-08-17T13:14:00Z,98.0,Sense
2025-08-17T13:14:10Z,107.0,Sense
2025-08-17T13:14:15Z,110.0,Sense
2025-08-17T13:14:20Z,109.0,Sense
2025-08-17T13:14:30Z,108.0,Sense
2025-08-17T13:14:35Z,107.0,Sense
2025-08-17T13:14:40Z,101.0,Sense
2025-08-17T13:14:50Z,98.0,Sense
2025-08-17T13:14:55Z,99.0,Sense
2025-08-17T13:15:00Z,105.0,Sense
2025-08-17T13:15:05Z,107.0,Sense
2025-08-17T13:15:15Z,106.0,Sense
2025-08-17T13:15:20Z,98.0,Sense
2025-08-17T13:15:25Z,92.0,Sense
2025-08-17T13:15:30Z,87.0,Sense
2025-08-17T13:15:35Z,83.0,Sense
2025-08-17T13:15:40Z,82.0,Sense
2025-08-17T13:15:45Z,95.0,Sense
2025-08-17T13:15:50Z,105.0,Sense
2025-08-17T13:15:55Z,109.0,Sense
2025-08-17T13:16:00Z,111.0,Sense
2025-08-17T13:16:05Z,112.0,Sense
2025-08-17T13:16:10Z,110.0,Sense
2025-08-17T13:16:15Z,109.0,Sense
2025-08-17T13:16:20Z,110.0,Sense
2025-08-17T13:16:35Z,110.0,Sense
2025-08-17T13:16:40Z,141.0,Sense
2025-08-17T13:16:45Z,150.0,Sense
2025-08-17T13:16:50Z,148.0,Sense
2025-08-17T13:16:55Z,146.0,Sense
2025-08-17T13:17:00Z,147.0,Sense
2025-08-17T13:17:05Z,144.0,Sense
2025-08-17T13:17:10Z,143.0,Sense
2025-08-17T13:17:15Z,140.0,Sense
2025-08-17T13:17:20Z,136.0,Sense
2025-08-17T13:17:25Z,135.0,Sense
2025-08-17T13:17:30Z,154.0,Sense
2025-08-17T13:17:35Z,163.0,Sense
2025-08-17T13:17:45Z,161.0,Sense
2025-08-17T13:17:50Z,160.0,Sense
2025-08-17T13:18:00Z,157.0,Sense
2025-08-17T13:18:05Z,158.0,Sense
2025-08-17T13:18:10Z,157.0,Sense
2025-08-17T13:18:15Z,155.0,Sense
2025-08-17T13:18:30Z,155.0,Sense
2025-08-17T13:18:35Z,154.0,Sense
2025-08-17T13:18:40Z,151.0,Sense
2025-08-17T13:18:45Z,145.0,Sense
2025-08-17T13:18:50Z,143.0,Sense
2025-08-17T13:18:55Z,128.0,Sense
2025-08-17T13:19:00Z,124.0,Sense
2025-08-17T13:19:05Z,125.0,Sense
2025-08-17T13:19:10Z,124.0,Sense
2025-08-17T13:19:15Z,121.0,Sense
2025-08-17T13:19:20Z,118.0,Sense
2025-08-17T13:19:25Z,111.0,Sense
2025-08-17T13:19:30Z,109.0,Sense
2025-08-17T13:19:40Z,116.0,Sense
2025-08-17T13:19:45Z,115.0,Sense
2025-08-17T13:19:50Z,114.0,Sense
2025-08-17T13:19:55Z,113.0,Sense
2025-08-17T13:20:00Z,114.0,Sense
2025-08-17T13:20:05Z,119.0,Sense
2025-08-17T13:20:10Z,122.0,Sense
2025-08-17T13:20:15Z,125.0,Sense
2025-08-17T13:20:20Z,123.0,Sense
2025-08-17T13:20:25Z,115.0,Sense
2025-08-17T13:20:30Z,112.0,Sense
2025-08-17T13:20:35Z,122.0,Sense
2025-08-17T13:20:40Z,131.0,Sense
2025-08-17T13:20:55Z,130.0,Sense
2025-08-17T13:21:00Z,126.0,Sense
2025-08-17T13:21:05Z,121.0,Sense
2025-08-17T13:21:15Z,120.0,Sense
2025-08-17T13:21:20Z,117.0,Sense
2025-08-17T13:21:25Z,121.0,Sense
2025-08-17T13:21:30Z,141.0,Sense
2025-08-17T13:21:35Z,143.0,Sense
2025-08-17T13:21:40Z,140.0,Sense
2025-08-17T13:21:45Z,138.0,Sense
2025-08-17T13:21:50Z,137.0,Sense
2025-08-17T13:21:55Z,139.0,Sense
2025-08-17T13:22:00Z,141.0,Sense
2025-08-17T13:22:05Z,139.0,Sense
2025-08-17T13:22:10Z,136.0,Sense
2025-08-17T13:22:15Z,132.0,Sense
2025-08-17T13:22:20Z,128.0,Sense
2025-08-17T13:22:35Z,131.0,Sense
2025-08-17T13:22:40Z,134.0,Sense
2025-08-17T13:22:45Z,144.0,Sense
2025-08-17T13:22:50Z,151.0,Sense
2025-08-17T13:22:55Z,149.0,Sense
2025-08-17T13:23:00Z,148.0,Sense
2025-08-17T13:23:15Z,147.0,Sense
2025-08-17T13:23:20Z,145.0,Sense
2025-08-17T13:23:25Z,142.0,Sense
2025-08-17T13:23:30Z,138.0,Sense
2025-08-17T13:23:40Z,139.0,Sense
2025-08-17T13:23:45Z,137.0,Sense
2025-08-17T13:23:55Z,138.0,Sense
2025-08-17T13:24:00Z,134.0,Sense
2025-08-17T13:24:05Z,133.0,Sense
2025-08-17T13:24:15Z,130.0,Sense
2025-08-17T13:24:20Z,119.0,Sense
2025-08-17T13:24:25Z,118.0,Sense
2025-08-17T13:24:30Z,116.0,Sense
2025-08-17T13:24:35Z,119.0,Sense
2025-08-17T13:24:40Z,125.0,Sense
2025-08-17T13:24:45Z,123.0,Sense
2025-08-17T13:24:55Z,124.0,Sense
2025-08-17T13:25:00Z,124.0,Sense
2025-08-17T13:25:05Z,123.0,Sense
2025-08-17T13:25:10Z,121.0,Sense
2025-08-17T13:25:15Z,117.0,Sense
2025-08-17T13:25:20Z,116.0,Sense
2025-08-17T13:25:25Z,124.0,Sense
2025-08-17T13:25:30Z,143.0,Sense
2025-08-17T13:25:35Z,142.0,Sense
2025-08-17T13:25:40Z,141.0,Sense
2025-08-17T13:25:45Z,139.0,Sense
2025-08-17T13:25:55Z,140.0,Sense
2025-08-17T13:26:00Z,138.0,Sense
2025-08-17T13:26:10Z,135.0,Sense
2025-08-17T13:26:15Z,133.0,Sense
2025-08-17T13:26:30Z,131.0,Sense
2025-08-17T13:26:40Z,134.0,Sense
2025-08-17T13:26:50Z,130.0,Sense
2025-08-17T13:26:55Z,142.0,Sense
2025-08-17T13:27:05Z,141.0,Sense
2025-08-17T13:27:10Z,139.0,Sense
2025-08-17T13:27:15Z,140.0,Sense
2025-08-17T13:27:20Z,135.0,Sense
2025-08-17T13:27:25Z,127.0,Sense
2025-08-17T13:27:30Z,114.0,Sense
2025-08-17T13:27:35Z,104.0,Sense
2025-08-17T13:27:45Z,106.0,Sense
2025-08-17T13:27:50Z,109.0,Sense
2025-08-17T13:27:55Z,110.0,Sense
2025-08-17T13:28:00Z,110.0,Sense
2025-08-17T13:28:05Z,111.0,Sense
2025-08-17T13:28:10Z,109.0,Sense
2025-08-17T13:28:15Z,110.0,Sense
2025-08-17T13:28:20Z,112.0,Sense
2025-08-17T13:28:30Z,111.0,Sense
2025-08-17T13:28:35Z,112.0,Sense
2025-08-17T13:28:45Z,115.0,Sense
2025-08-17T13:28:50Z,143.0,Sense
2025-08-17T13:28:55Z,141.0,Sense
2025-08-17T13:29:00Z,139.0,Sense
2025-08-17T13:29:05Z,140.0,Sense
2025-08-17T13:29:10Z,139.0,Sense
2025-08-17T13:29:15Z,140.0,Sense
2025-08-17T13:29:25Z,141.0,Sense
2025-08-17T13:29:30Z,145.0,Sense
2025-08-17T13:29:35Z,147.0,Sense
2025-08-17T13:29:40Z,150.0,Sense
2025-08-17T13:29:45Z,148.0,Sense
2025-08-17T13:29:50Z,142.0,Sense
2025-08-17T13:29:55Z,136.0,Sense
2025-08-17T13:30:00Z,139.0,Sense
2025-08-17T13:30:05Z,143.0,Sense
2025-08-17T13:30:20Z,143.0,Sense
2025-08-17T13:30:25Z,142.0,Sense
2025-08-17T13:30:30Z,139.0,Sense
2025-08-17T13:30:40Z,138.0,Sense
2025-08-17T13:30:45Z,137.0,Sense
2025-08-17T13:30:55Z,138.0,Sense
2025-08-17T13:31:00Z,136.0,Sense
2025-08-17T13:31:05Z,137.0,Sense
2025-08-17T13:31:10Z,140.0,Sense
2025-08-17T13:31:20Z,136.0,Sense
2025-08-17T13:31:25Z,134.0,Sense
2025-08-17T13:31:30Z,137.0,Sense
2025-08-17T13:31:35Z,132.0,Sense
2025-08-17T13:31:40Z,130.0,Sense
2025-08-17T13:31:45Z,129.0,Sense
2025-08-17T13:31:50Z,129.0,Sense
2025-08-17T13:31:55Z,128.0,Sense
2025-08-17T13:32:00Z,127.0,Sense
2025-08-17T13:32:10Z,126.0,Sense
2025-08-17T13:32:15Z,124.0,Sense
2025-08-17T13:32:20Z,119.0,Sense
2025-08-17T13:32:25Z,116.0,Sense
2025-08-17T13:32:30Z,117.0,Sense
2025-08-17T13:32:35Z,114.0,Sense
2025-08-17T13:32:45Z,112.0,Sense
2025-08-17T13:32:50Z,111.0,Sense
2025-08-17T13:32:55Z,108.0,Sense
2025-08-17T13:33:00Z,106.0,Sense
2025-08-17T13:33:10Z,108.0,Sense
2025-08-17T13:33:15Z,111.0,Sense
2025-08-17T13:33:25Z,112.0,Sense
2025-08-17T13:33:30Z,110.0,Sense
2025-08-17T13:33:35Z,108.0,Sense
2025-08-17T13:33:40Z,106.0,Sense
2025-08-17T13:33:45Z,96.0,Sense
2025-08-17T13:34:00Z,97.0,Sense
2025-08-17T13:34:05Z,98.0,Sense
2025-08-17T13:34:10Z,98.0,Sense
2025-08-17T13:34:20Z,95.0,Sense
2025-08-17T13:34:25Z,96.0,Sense
2025-08-17T13:34:35Z,92.0,Sense
2025-08-17T13:34:40Z,86.0,Sense
2025-08-17T13:34:45Z,89.0,Sense
2025-08-17T13:34:50Z,100.0,Sense
2025-08-17T13:34:55Z,134.0,Sense
2025-08-17T13:35:10Z,132.0,Sense
2025-08-17T13:35:15Z,133.0,Sense
2025-08-17T13:35:20Z,132.0,Sense
2025-08-17T13:35:30Z,129.0,Sense
2025-08-17T13:35:35Z,125.0,Sense
2025-08-17T13:35:40Z,121.0,Sense
2025-08-17T13:35:45Z,123.0,Sense
2025-08-17T13:35:50Z,124.0,Sense
2025-08-17T13:35:55Z,122.0,Sense
2025-08-17T13:36:00Z,109.0,Sense
2025-08-17T13:36:05Z,106.0,Sense
2025-08-17T13:36:20Z,105.0,Sense
2025-08-17T13:36:25Z,101.0,Sense
2025-08-17T13:36:30Z,130.0,Sense
2025-08-17T13:36:35Z,142.0,Sense
2025-08-17T13:36:40Z,143.0,Sense
2025-08-17T13:36:45Z,142.0,Sense
2025-08-17T13:36:50Z,141.0,Sense
2025-08-17T13:36:55Z,137.0,Sense
2025-08-17T13:37:00Z,131.0,Sense
2025-08-17T13:37:05Z,126.0,Sense
2025-08-17T13:37:10Z,124.0,Sense
2025-08-17T13:37:15Z,122.0,Sense
2025-08-17T13:37:25Z,133.0,Sense
2025-08-17T13:37:30Z,136.0,Sense
2025-08-17T13:37:35Z,134.0,Sense
2025-08-17T13:37:40Z,133.0,Sense
2025-08-17T13:37:45Z,152.0,Sense
2025-08-17T13:37:50Z,153.0,Sense
2025-08-17T13:37:55Z,154.0,Sense
2025-08-17T13:38:00Z,155.0,Sense
2025-08-17T13:38:05Z,152.0,Sense
2025-08-17T13:38:10Z,148.0,Sense
2025-08-17T13:38:15Z,150.0,Sense
2025-08-17T13:38:25Z,148.0,Sense
2025-08-17T13:38:35Z,146.0,Sense
2025-08-17T13:38:40Z,143.0,Sense
2025-08-17T13:38:45Z,142.0,Sense
2025-08-17T13:38:50Z,138.0,Sense
2025-08-17T13:38:55Z,134.0,Sense
2025-08-17T13:39:00Z,133.0,Sense
2025-08-17T13:39:05Z,147.0,Sense
2025-08-17T13:39:20Z,147.0,Sense
2025-08-17T13:39:25Z,144.0,Sense
2025-08-17T13:39:30Z,141.0,Sense
2025-08-17T13:39:35Z,143.0,Sense
2025-08-17T13:39:40Z,142.0,Sense
2025-08-17T13:39:45Z,139.0,Sense
2025-08-17T13:39:50Z,138.0,Sense
2025-08-17T13:39:55Z,136.0,Sense
2025-08-17T13:40:00Z,133.0,Sense
2025-08-17T13:40:05Z,130.0,Sense
2025-08-17T13:40:10Z,129.0,Sense
2025-08-17T13:40:15Z,128.0,Sense
2025-08-17T13:40:20Z,125.0,Sense
2025-08-17T13:40:25Z,122.0,Sense
2025-08-17T13:40:35Z,117.0,Sense
2025-08-17T13:40:40Z,119.0,Sense
2025-08-17T13:40:45Z,122.0,Sense
2025-08-17T13:40:50Z,123.0,Sense
2025-08-17T13:40:55Z,120.0,Sense
2025-08-17T13:41:00Z,117.0,Sense
2025-08-17T13:41:05Z,127.0,Sense
2025-08-17T13:41:10Z,137.0,Sense
2025-08-17T13:41:15Z,138.0,Sense
2025-08-17T13:41:20Z,137.0,Sense
2025-08-17T13:41:30Z,136.0,Sense
2025-08-17T13:41:35Z,135.0,Sense
2025-08-17T13:41:40Z,134.0,Sense
2025-08-17T13:41:45Z,136.0,Sense
2025-08-17T13:41:50Z,135.0,Sense
2025-08-17T13:42:00Z,135.0,Sense
2025-08-17T13:42:05Z,133.0,Sense
2025-08-17T13:42:10Z,132.0,Sense
2025-08-17T13:42:15Z,130.0,Sense
2025-08-17T13:42:20Z,126.0,Sense
2025-08-17T13:42:25Z,119.0,Sense
2025-08-17T13:42:30Z,117.0,Sense
2025-08-17T13:42:35Z,115.0,Sense
2025-08-17T13:42:40Z,113.0,Sense
2025-08-17T13:42:45Z,103.0,Sense
2025-08-17T13:42:50Z,97.0,Sense
2025-08-17T13:43:00Z,124.0,Sense
2025-08-17T13:43:05Z,125.0,Sense
2025-08-17T13:43:10Z,124.0,Sense
2025-08-17T13:43:15Z,125.0,Sense
2025-08-17T13:43:25Z,127.0,Sense
2025-08-17T13:43:30Z,145.0,Sense
2025-08-17T13:43:45Z,144.0,Sense
2025-08-17T13:43:50Z,140.0,Sense
2025-08-17T13:43:55Z,139.0,Sense
2025-08-17T13:44:00Z,158.0,Sense
2025-08-17T13:44:05Z,162.0,Sense
2025-08-17T13:44:10Z,159.0,Sense
2025-08-17T13:44:15Z,157.0,Sense
2025-08-17T13:44:25Z,156.0,Sense
2025-08-17T13:44:35Z,152.0,Sense
2025-08-17T13:44:40Z,154.0,Sense
2025-08-17T13:44:45Z,150.0,Sense
2025-08-17T13:44:50Z,146.0,Sense
2025-08-17T13:44:55Z,144.0,Sense
2025-08-17T13:45:00Z,151.0,Sense
2025-08-17T13:45:10Z,154.0,Sense
2025-08-17T13:45:15Z,155.0,Sense
2025-08-17T13:45:20Z,155.0,Sense
2025-08-17T13:45:25Z,153.0,Sense
2025-08-17T13:45:30Z,151.0,Sense
2025-08-17T13:45:35Z,150.0,Sense
2025-08-17T13:45:45Z,153.0,Sense
2025-08-17T13:45:50Z,152.0,Sense
2025-08-17T13:45:55Z,149.0,Sense
2025-08-17T13:46:00Z,148.0,Sense
2025-08-17T13:46:05Z,147.0,Sense
2025-08-17T13:46:10Z,146.0,Sense
2025-08-17T13:46:15Z,140.0,Sense
2025-08-17T13:46:20Z,141.0,Sense
2025-08-17T13:46:25Z,140.0,Sense
2025-08-17T13:46:30Z,134.0,Sense
2025-08-17T13:46:35Z,133.0,Sense
2025-08-17T13:46:40Z,127.0,Sense
2025-08-17T13:46:45Z,123.0,Sense
2025-08-17T13:46:55Z,122.0,Sense
2025-08-17T13:47:00Z,123.0,Sense
2025-08-17T13:47:05Z,128.0,Sense
2025-08-17T13:47:20Z,129.0,Sense
2025-08-17T13:47:25Z,130.0,Sense
2025-08-17T13:47:30Z,129.0,Sense
2025-08-17T13:47:35Z,132.0,Sense
2025-08-17T13:47:40Z,133.0,Sense
2025-08-17T13:47:45Z,132.0,Sense
2025-08-17T13:47:50Z,129.0,Sense
2025-08-17T13:47:55Z,127.0,Sense
2025-08-17T13:48:10Z,127.0,Sense
2025-08-17T13:48:15Z,124.0,Sense
2025-08-17T13:48:20Z,116.0,Sense
2025-08-17T13:48:25Z,108.0,Sense
2025-08-17T13:48:30Z,106.0,Sense
2025-08-17T13:48:45Z,111.0,Sense
2025-08-17T13:48:50Z,118.0,Sense
2025-08-17T13:48:55Z,126.0,Sense
2025-08-17T13:49:05Z,127.0,Sense
2025-08-17T13:49:10Z,129.0,Sense
2025-08-17T13:49:15Z,135.0,Sense
2025-08-17T13:49:20Z,133.0,Sense
2025-08-17T13:49:25Z,130.0,Sense
2025-08-17T13:49:30Z,129.0,Sense
2025-08-17T13:49:40Z,130.0,Sense
2025-08-17T13:49:45Z,132.0,Sense
2025-08-17T13:49:55Z,135.0,Sense
2025-08-17T13:50:00Z,152.0,Sense
2025-08-17T13:50:05Z,150.0,Sense
2025-08-17T13:50:15Z,153.0,Sense
2025-08-17T13:50:20Z,155.0,Sense
2025-08-17T13:50:35Z,154.0,Sense
2025-08-17T13:50:40Z,151.0,Sense
2025-08-17T13:50:45Z,150.0,Sense
2025-08-17T13:50:50Z,149.0,Sense
2025-08-17T13:51:00Z,148.0,Sense
2025-08-17T13:51:05Z,142.0,Sense
2025-08-17T13:51:10Z,134.0,Sense
2025-08-17T13:51:15Z,132.0,Sense
2025-08-17T13:51:30Z,136.0,Sense
2025-08-17T13:51:35Z,137.0,Sense
2025-08-17T13:51:40Z,135.0,Sense
2025-08-17T13:51:45Z,133.0,Sense
2025-08-17T13:52:00Z,129.0,Sense
2025-08-17T13:52:05Z,120.0,Sense
2025-08-17T13:52:10Z,115.0,Sense
2025-08-17T13:52:15Z,104.0,Sense
2025-08-17T13:52:20Z,103.0,Sense
2025-08-17T13:52:25Z,102.0,Sense
2025-08-17T13:52:30Z,97.0,Sense
2025-08-17T13:52:35Z,91.0,Sense
2025-08-17T13:52:40Z,90.0,Sense
2025-08-17T13:52:45Z,113.0,Sense
2025-08-17T13:52:50Z,127.0,Sense
2025-08-17T13:53:00Z,128.0,Sense
2025-08-17T13:53:05Z,129.0,Sense
2025-08-17T13:53:15Z,124.0,Sense
2025-08-17T13:53:20Z,122.0,Sense
2025-08-17T13:53:25Z,118.0,Sense
2025-08-17T13:53:30Z,114.0,Sense
2025-08-17T13:53:35Z,117.0,Sense
2025-08-17T13:53:40Z,119.0,Sense
2025-08-17T13:53:55Z,119.0,Sense
2025-08-17T13:54:00Z,112.0,Sense
2025-08-17T13:54:05Z,106.0,Sense
2025-08-17T13:54:10Z,108.0,Sense
2025-08-17T13:54:15Z,109.0,Sense
2025-08-17T13:54:20Z,110.0,Sense
2025-08-17T13:54:25Z,108.0,Sense
2025-08-17T13:54:30Z,110.0,Sense
2025-08-17T13:54:35Z,113.0,Sense
2025-08-17T13:54:40Z,110.0,Sense
2025-08-17T13:54:45Z,105.0,Sense
2025-08-17T13:54:50Z,102.0,Sense
2025-08-17T13:55:00Z,103.0,Sense
2025-08-17T13:55:05Z,107.0,Sense
2025-08-17T13:55:10Z,109.0,Sense
2025-08-17T13:55:25Z,109.0,Sense
2025-08-17T13:55:35Z,111.0,Sense
2025-08-17T13:55:40Z,110.0,Sense
2025-08-17T13:55:45Z,110.0,Sense
2025-08-17T13:55:50Z,111.0,Sense
2025-08-17T13:55:55Z,117.0,Sense
2025-08-17T13:56:00Z,120.0,Sense
2025-08-17T13:56:05Z,120.0,Sense
2025-08-17T13:56:10Z,121.0,Sense
2025-08-17T13:56:15Z,119.0,Sense
2025-08-17T13:56:20Z,114.0,Sense
2025-08-17T13:56:25Z,116.0,Sense
2025-08-17T13:56:30Z,115.0,Sense
2025-08-17T13:56:35Z,114.0,Sense
2025-08-17T13:56:40Z,110.0,Sense
2025-08-17T13:56:45Z,114.0,Sense
2025-08-17T13:57:00Z,114.0,Sense
2025-08-17T13:57:05Z,113.0,Sense
2025-08-17T13:57:10Z,110.0,Sense
2025-08-17T13:57:15Z,103.0,Sense
2025-08-17T13:57:20Z,99.0,Sense
2025-08-17T13:57:25Z,89.0,Sense
2025-08-17T13:57:30Z,90.0,Sense
2025-08-17T13:57:35Z,90.0,Sense
2025-08-17T13:57:40Z,82.0,Sense
2025-08-17T13:57:45Z,85.0,Sense
2025-08-17T13:57:50Z,91.0,Sense
2025-08-17T13:57:55Z,87.0,Sense
2025-08-17T13:58:00Z,86.0,Sense
2025-08-17T13:58:05Z,87.0,Sense
2025-08-17T13:58:20Z,86.0,Sense
2025-08-17T13:58:25Z,108.0,Sense
2025-08-17T13:58:30Z,128.0,Sense
2025-08-17T13:58:35Z,127.0,Sense
2025-08-17T13:58:40Z,129.0,Sense
2025-08-17T13:58:45Z,127.0,Sense
2025-08-17T13:58:50Z,144.0,Sense
2025-08-17T13:58:55Z,165.0,Sense
2025-08-17T13:59:00Z,164.0,Sense
2025-08-17T13:59:05Z,163.0,Sense
2025-08-17T13:59:10Z,161.0,Sense
2025-08-17T13:59:15Z,159.0,Sense
2025-08-17T13:59:20Z,156.0,Sense
2025-08-17T13:59:25Z,150.0,Sense
2025-08-17T13:59:30Z,145.0,Sense
2025-08-17T13:59:35Z,134.0,Sense
2025-08-17T13:59:40Z,124.0,Sense
2025-08-17T13:59:45Z,126.0,Sense
2025-08-17T13:59:55Z,125.0,Sense
2025-08-17T14:00:00Z,124.0,Sense
2025-08-17T14:00:05Z,121.0,Sense
2025-08-17T14:00:10Z,119.0,Sense
2025-08-17T14:00:15Z,115.0,Sense
2025-08-17T14:00:20Z,111.0,Sense
2025-08-17T14:00:25Z,109.0,Sense
2025-08-17T14:00:30Z,107.0,Sense
2025-08-17T14:00:35Z,102.0,Sense
2025-08-17T14:00:40Z,105.0,Sense
2025-08-17T14:00:45Z,99.0,Sense
2025-08-17T14:00:50Z,100.0,Sense
2025-08-17T14:00:55Z,102.0,Sense
2025-08-17T14:01:00Z,103.0,Sense
2025-08-17T14:01:10Z,102.0,Sense
2025-08-17T14:01:15Z,95.0,Sense
2025-08-17T14:01:20Z,89.0,Sense
2025-08-17T14:01:25Z,86.0,Sense
2025-08-17T14:01:30Z,85.0,Sense
2025-08-17T14:01:35Z,78.0,Sense
2025-08-17T14:01:40Z,70.0,Sense
2025-08-17T14:01:55Z,70.0,Sense
2025-08-17T14:02:00Z,71.0,Sense
2025-08-17T14:02:05Z,70.0,Sense
2025-08-17T14:02:10Z,70.0,Sense
2025-08-17T14:02:15Z,72.0,Sense
2025-08-17T14:02:20Z,71.0,Sense
2025-08-17T14:02:25Z,78.0,Sense
2025-08-17T14:02:30Z,81.0,Sense
2025-08-17T14:02:35Z,81.0,Sense
2025-08-17T14:02:40Z,82.0,Sense
2025-08-17T14:02:45Z,83.0,Sense
2025-08-17T14:02:50Z,84.0,Sense
2025-08-17T14:02:55Z,83.0,Sense
2025-08-17T14:03:00Z,82.0,Sense
2025-08-17T14:03:05Z,81.0,Sense
2025-08-17T14:03:10Z,83.0,Sense
2025-08-17T14:03:15Z,85.0,Sense
2025-08-17T14:03:20Z,84.0,Sense
2025-08-17T14:03:25Z,81.0,Sense
2025-08-17T14:03:35Z,80.0,Sense
2025-08-17T14:03:40Z,82.0,Sense
2025-08-17T14:03:45Z,84.0,Sense
2025-08-17T14:03:50Z,85.0,Sense
2025-08-17T14:03:55Z,87.0,Sense
2025-08-17T14:04:00Z,90.0,Sense
2025-08-17T14:04:05Z,91.0,Sense
2025-08-17T14:04:15Z,94.0,Sense
2025-08-17T14:04:20Z,95.0,Sense
2025-08-17T14:04:25Z,101.0,Sense
2025-08-17T14:04:30Z,120.0,Sense
2025-08-17T14:04:35Z,115.0,Sense
2025-08-17T14:04:40Z,100.0,Sense
2025-08-17T14:04:45Z,93.0,Sense
2025-08-17T14:04:55Z,91.0,Sense
2025-08-17T14:05:00Z,89.0,Sense
2025-08-17T14:05:05Z,79.0,Sense
2025-08-17T14:05:15Z,76.0,Sense
2025-08-17T14:05:20Z,71.0,Sense
2025-08-17T14:05:25Z,72.0,Sense
2025-08-17T14:05:30Z,74.0,Sense
2025-08-17T14:05:35Z,76.0,Sense
2025-08-17T14:05:40Z,77.0,Sense
2025-08-17T14:05:45Z,79.0,Sense
2025-08-17T14:05:50Z,80.0,Sense
2025-08-17T14:05:55Z,82.0,Sense
2025-08-17T14:06:00Z,83.0,Sense
2025-08-17T14:06:05Z,85.0,Sense
2025-08-17T14:06:10Z,87.0,Sense
2025-08-17T14:06:15Z,88.0,Sense
2025-08-17T14:06:20Z,93.0,Sense
2025-08-17T14:06:25Z,95.0,Sense
2025-08-17T14:06:40Z,96.0,Sense
2025-08-17T14:06:45Z,95.0,Sense
2025-08-17T14:06:50Z,91.0,Sense
2025-08-17T14:07:05Z,92.0,Sense
2025-08-17T14:07:10Z,93.0,Sense
2025-08-17T14:07:25Z,93.0,Sense
2025-08-17T14:07:30Z,95.0,Sense
2025-08-17T14:07:35Z,95.0,Sense
2025-08-17T14:07:45Z,94.0,Sense
2025-08-17T14:08:00Z,94.0,Sense
2025-08-17T14:08:05Z,93.0,Sense
2025-08-17T14:08:10Z,94.0,Sense
2025-08-17T14:08:15Z,95.0,Sense
2025-08-17T14:08:20Z,94.0,Sense
2025-08-17T14:08:25Z,96.0,Sense
2025-08-17T14:08:30Z,107.0,Sense
2025-08-17T14:08:45Z,107.0,Sense
2025-08-17T14:08:50Z,105.0,Sense
2025-08-17T14:08:55Z,103.0,Sense
2025-08-17T14:09:00Z,102.0,Sense
2025-08-17T14:09:10Z,100.0,Sense
2025-08-17T14:09:15Z,101.0,Sense
2025-08-17T14:09:20Z,100.0,Sense
2025-08-17T14:09:30Z,123.0,Sense
2025-08-17T14:09:35Z,138.0,Sense
2025-08-17T14:09:40Z,136.0,Sense
2025-08-17T14:09:45Z,135.0,Sense
2025-08-17T14:09:50Z,133.0,Sense
2025-08-17T14:09:55Z,137.0,Sense
2025-08-17T14:10:00Z,145.0,Sense
2025-08-17T14:10:05Z,143.0,Sense
2025-08-17T14:10:10Z,141.0,Sense
2025-08-17T14:10:15Z,139.0,Sense
2025-08-17T14:10:20Z,137.0,Sense
2025-08-17T14:10:25Z,138.0,Sense
2025-08-17T14:10:30Z,139.0,Sense
2025-08-17T14:10:35Z,132.0,Sense
2025-08-17T14:10:40Z,126.0,Sense
2025-08-17T14:10:45Z,129.0,Sense
2025-08-17T14:10:50Z,128.0,Sense
2025-08-17T14:11:05Z,129.0,Sense
2025-08-17T14:11:10Z,130.0,Sense
2025-08-17T14:11:15Z,128.0,Sense
2025-08-17T14:11:20Z,125.0,Sense
2025-08-17T14:11:25Z,126.0,Sense
2025-08-17T14:11:30Z,122.0,Sense
2025-08-17T14:11:35Z,144.0,Sense
2025-08-17T14:11:40Z,152.0,Sense
2025-08-17T14:11:50Z,153.0,Sense
2025-08-17T14:12:00Z,152.0,Sense
2025-08-17T14:12:05Z,151.0,Sense
2025-08-17T14:12:10Z,143.0,Sense
2025-08-17T14:12:15Z,140.0,Sense
2025-08-17T14:12:30Z,139.0,Sense
2025-08-17T14:12:35Z,136.0,Sense
2025-08-17T14:12:40Z,134.0,Sense
2025-08-17T14:12:45Z,136.0,Sense
2025-08-17T14:12:50Z,134.0,Sense
2025-08-17T14:12:55Z,137.0,Sense
2025-08-17T14:13:00Z,142.0,Sense
2025-08-17T14:13:15Z,142.0,Sense
2025-08-17T14:13:20Z,158.0,Sense
2025-08-17T14:13:25Z,156.0,Sense
2025-08-17T14:13:35Z,154.0,Sense
2025-08-17T14:13:40Z,155.0,Sense
2025-08-17T14:13:45Z,157.0,Sense
2025-08-17T14:13:50Z,155.0,Sense
2025-08-17T14:13:55Z,160.0,Sense
2025-08-17T14:14:00Z,159.0,Sense
2025-08-17T14:14:05Z,155.0,Sense
2025-08-17T14:14:10Z,150.0,Sense
2025-08-17T14:14:15Z,148.0,Sense
2025-08-17T14:14:30Z,148.0,Sense
2025-08-17T14:14:35Z,150.0,Sense
2025-08-17T14:14:40Z,157.0,Sense
2025-08-17T14:14:45Z,157.0,Sense
2025-08-17T14:14:50Z,158.0,Sense
2025-08-17T14:14:55Z,154.0,Sense
2025-08-17T14:15:00Z,148.0,Sense
2025-08-17T14:15:05Z,145.0,Sense
2025-08-17T14:15:20Z,143.0,Sense
2025-08-17T14:15:25Z,141.0,Sense
2025-08-17T14:15:30Z,136.0,Sense
2025-08-17T14:15:35Z,130.0,Sense
2025-08-17T14:15:40Z,127.0,Sense
2025-08-17T14:15:45Z,120.0,Sense
2025-08-17T14:15:50Z,118.0,Sense
2025-08-17T14:15:55Z,122.0,Sense
2025-08-17T14:16:00Z,127.0,Sense
2025-08-17T14:16:05Z,134.0,Sense
2025-08-17T14:16:10Z,144.0,Sense
2025-08-17T14:16:15Z,143.0,Sense
2025-08-17T14:16:25Z,142.0,Sense
2025-08-17T14:16:30Z,147.0,Sense
2025-08-17T14:16:35Z,148.0,Sense
2025-08-17T14:16:40Z,153.0,Sense
2025-08-17T14:16:50Z,149.0,Sense
2025-08-17T14:16:55Z,147.0,Sense
2025-08-17T14:17:00Z,150.0,Sense
2025-08-17T14:17:05Z,152.0,Sense
2025-08-17T14:17:10Z,156.0,Sense
2025-08-17T14:17:15Z,162.0,Sense
2025-08-17T14:17:20Z,160.0,Sense
2025-08-17T14:17:25Z,163.0,Sense
2025-08-17T14:17:30Z,162.0,Sense
2025-08-17T14:17:40Z,161.0,Sense
2025-08-17T14:17:45Z,160.0,Sense
2025-08-17T14:17:50Z,153.0,Sense
2025-08-17T14:17:55Z,150.0,Sense
2025-08-17T14:18:00Z,151.0,Sense
2025-08-17T14:18:05Z,148.0,Sense
2025-08-17T14:18:10Z,143.0,Sense
2025-08-17T14:18:15Z,140.0,Sense
2025-08-17T14:18:20Z,139.0,Sense
2025-08-17T14:18:25Z,133.0,Sense
2025-08-17T14:18:30Z,127.0,Sense
2025-08-17T14:18:40Z,128.0,Sense
2025-08-17T14:18:45Z,126.0,Sense
2025-08-17T14:18:50Z,125.0,Sense
2025-08-17T14:18:55Z,126.0,Sense
2025-08-17T14:19:00Z,127.0,Sense
2025-08-17T14:19:05Z,128.0,Sense
2025-08-17T14:19:10Z,121.0,Sense
2025-08-17T14:19:15Z,114.0,Sense
2025-08-17T14:19:20Z,109.0,Sense
2025-08-17T14:19:30Z,141.0,Sense
2025-08-17T14:19:35Z,140.0,Sense
2025-08-17T14:19:40Z,139.0,Sense
2025-08-17T14:19:45Z,138.0,Sense
2025-08-17T14:19:50Z,135.0,Sense
2025-08-17T14:19:55Z,131.0,Sense
2025-08-17T14:20:00Z,128.0,Sense
2025-08-17T14:20:05Z,125.0,Sense
2025-08-17T14:20:10Z,123.0,Sense
2025-08-17T14:20:15Z,124.0,Sense
2025-08-17T14:20:20Z,123.0,Sense
2025-08-17T14:20:35Z,121.0,Sense
2025-08-17T14:20:40Z,114.0,Sense
2025-08-17T14:20:45Z,109.0,Sense
2025-08-17T14:20:55Z,107.0,Sense
2025-08-17T14:21:00Z,106.0,Sense
2025-08-17T14:21:10Z,107.0,Sense
2025-08-17T14:21:15Z,105.0,Sense
2025-08-17T14:21:20Z,117.0,Sense
2025-08-17T14:21:25Z,127.0,Sense
2025-08-17T14:21:35Z,126.0,Sense
2025-08-17T14:21:40Z,123.0,Sense
2025-08-17T14:21:45Z,120.0,Sense
2025-08-17T14:21:50Z,115.0,Sense
2025-08-17T14:21:55Z,106.0,Sense
2025-08-17T14:22:00Z,100.0,Sense
2025-08-17T14:22:05Z,97.0,Sense
2025-08-17T14:22:10Z,102.0,Sense
2025-08-17T14:22:15Z,104.0,Sense
2025-08-17T14:22:20Z,103.0,Sense
2025-08-17T14:22:35Z,101.0,Sense
2025-08-17T14:22:40Z,99.0,Sense
2025-08-17T14:22:45Z,93.0,Sense
2025-08-17T14:22:50Z,94.0,Sense
2025-08-17T14:22:55Z,93.0,Sense
2025-08-17T14:23:05Z,92.0,Sense
2025-08-17T14:23:10Z,96.0,Sense
2025-08-17T14:23:15Z,98.0,Sense
2025-08-17T14:23:25Z,99.0,Sense
2025-08-17T14:23:30Z,100.0,Sense
2025-08-17T14:23:35Z,99.0,Sense
2025-08-17T14:23:40Z,100.0,Sense
2025-08-17T14:23:45Z,101.0,Sense
2025-08-17T14:23:50Z,101.0,Sense
2025-08-17T14:23:55Z,98.0,Sense
2025-08-17T14:24:00Z,94.0,Sense
2025-08-17T14:24:10Z,96.0,Sense
2025-08-17T14:24:15Z,98.0,Sense
2025-08-17T14:24:20Z,101.0,Sense
2025-08-17T14:24:25Z,117.0,Sense
2025-08-17T14:24:30Z,116.0,Sense
2025-08-17T14:24:35Z,117.0,Sense
2025-08-17T14:24:40Z,119.0,Sense
2025-08-17T14:24:50Z,117.0,Sense
2025-08-17T14:24:55Z,125.0,Sense
2025-08-17T14:25:00Z,139.0,Sense
2025-08-17T14:25:05Z,137.0,Sense
2025-08-17T14:25:10Z,134.0,Sense
2025-08-17T14:25:15Z,130.0,Sense
2025-08-17T14:25:20Z,131.0,Sense
2025-08-17T14:25:25Z,129.0,Sense
2025-08-17T14:25:30Z,130.0,Sense
2025-08-17T14:25:35Z,130.0,Sense
2025-08-17T14:25:40Z,133.0,Sense
2025-08-17T14:25:45Z,129.0,Sense
2025-08-17T14:25:50Z,127.0,Sense
2025-08-17T14:26:00Z,147.0,Sense
2025-08-17T14:26:05Z,153.0,Sense
2025-08-17T14:26:10Z,151.0,Sense
2025-08-17T14:26:15Z,150.0,Sense
2025-08-17T14:26:20Z,148.0,Sense
2025-08-17T14:26:25Z,153.0,Sense
2025-08-17T14:26:30Z,159.0,Sense
2025-08-17T14:26:40Z,157.0,Sense
2025-08-17T14:26:45Z,155.0,Sense
2025-08-17T14:26:50Z,152.0,Sense
2025-08-17T14:26:55Z,149.0,Sense
2025-08-17T14:27:00Z,145.0,Sense
2025-08-17T14:27:05Z,141.0,Sense
2025-08-17T14:27:10Z,137.0,Sense
2025-08-17T14:27:15Z,136.0,Sense
2025-08-17T14:27:20Z,138.0,Sense
2025-08-17T14:27:25Z,139.0,Sense
2025-08-17T14:27:30Z,134.0,Sense
2025-08-17T14:27:35Z,133.0,Sense
2025-08-17T14:27:40Z,132.0,Sense
2025-08-17T14:27:45Z,128.0,Sense
2025-08-17T14:27:50Z,122.0,Sense
2025-08-17T14:27:55Z,116.0,Sense
2025-08-17T14:28:00Z,115.0,Sense
2025-08-17T14:28:05Z,112.0,Sense
2025-08-17T14:28:10Z,111.0,Sense
2025-08-17T14:28:15Z,110.0,Sense
2025-08-17T14:28:20Z,111.0,Sense
2025-08-17T14:28:25Z,112.0,Sense
2025-08-17T14:28:30Z,127.0,Sense
2025-08-17T14:28:35Z,144.0,Sense
2025-08-17T14:28:40Z,143.0,Sense
2025-08-17T14:28:55Z,144.0,Sense
2025-08-17T14:29:05Z,143.0,Sense
2025-08-17T14:29:15Z,139.0,Sense
2025-08-17T14:29:20Z,137.0,Sense
2025-08-17T14:29:25Z,134.0,Sense
2025-08-17T14:29:30Z,126.0,Sense
2025-08-17T14:29:35Z,120.0,Sense
2025-08-17T14:29:40Z,124.0,Sense
2025-08-17T14:29:45Z,127.0,Sense
2025-08-17T14:29:50Z,126.0,Sense
2025-08-17T14:30:00Z,122.0,Sense
2025-08-17T14:30:05Z,120.0,Sense
2025-08-17T14:30:10Z,137.0,Sense
2025-08-17T14:30:15Z,149.0,Sense
2025-08-17T14:30:20Z,148.0,Sense
2025-08-17T14:30:25Z,145.0,Sense
2025-08-17T14:30:30Z,144.0,Sense
2025-08-17T14:30:35Z,143.0,Sense
2025-08-17T14:30:40Z,141.0,Sense
2025-08-17T14:30:45Z,142.0,Sense
2025-08-17T14:30:50Z,135.0,Sense
2025-08-17T14:31:00Z,127.0,Sense
2025-08-17T14:31:05Z,120.0,Sense
2025-08-17T14:31:10Z,121.0,Sense
2025-08-17T14:31:15Z,123.0,Sense
2025-08-17T14:31:20Z,126.0,Sense
2025-08-17T14:31:25Z,131.0,Sense
2025-08-17T14:31:30Z,131.0,Sense
2025-08-17T14:31:35Z,125.0,Sense
2025-08-17T14:31:40Z,123.0,Sense
2025-08-17T14:31:45Z,124.0,Sense
2025-08-17T14:31:55Z,126.0,Sense
2025-08-17T14:32:00Z,128.0,Sense
2025-08-17T14:32:05Z,127.0,Sense
2025-08-17T14:32:10Z,125.0,Sense
2025-08-17T14:32:15Z,124.0,Sense
2025-08-17T14:32:20Z,123.0,Sense
2025-08-17T14:32:30Z,124.0,Sense
2025-08-17T14:32:40Z,135.0,Sense
2025-08-17T14:32:45Z,139.0,Sense
2025-08-17T14:32:50Z,138.0,Sense
2025-08-17T14:32:55Z,139.0,Sense
2025-08-17T14:33:00Z,145.0,Sense
2025-08-17T14:33:05Z,146.0,Sense
2025-08-17T14:33:10Z,147.0,Sense
2025-08-17T14:33:20Z,144.0,Sense
2025-08-17T14:33:25Z,154.0,Sense
2025-08-17T14:33:30Z,158.0,Sense
2025-08-17T14:33:35Z,163.0,Sense
2025-08-17T14:33:40Z,164.0,Sense
2025-08-17T14:33:50Z,163.0,Sense
2025-08-17T14:33:55Z,165.0,Sense
2025-08-17T14:34:00Z,168.0,Sense
2025-08-17T14:34:05Z,167.0,Sense
2025-08-17T14:34:10Z,163.0,Sense
2025-08-17T14:34:15Z,158.0,Sense
2025-08-17T14:34:20Z,152.0,Sense
2025-08-17T14:34:25Z,149.0,Sense
2025-08-17T14:34:35Z,148.0,Sense
2025-08-17T14:34:40Z,147.0,Sense
2025-08-17T14:34:50Z,146.0,Sense
2025-08-17T14:34:55Z,141.0,Sense
2025-08-17T14:35:00Z,160.0,Sense
2025-08-17T14:35:05Z,158.0,Sense
2025-08-17T14:35:10Z,154.0,Sense
2025-08-17T14:35:15Z,153.0,Sense
2025-08-17T14:35:20Z,150.0,Sense
2025-08-17T14:35:25Z,148.0,Sense
2025-08-17T14:35:30Z,150.0,Sense
2025-08-17T14:35:45Z,150.0,Sense
2025-08-17T14:35:55Z,151.0,Sense
2025-08-17T14:36:05Z,148.0,Sense
2025-08-17T14:36:10Z,149.0,Sense
2025-08-17T14:36:20Z,146.0,Sense
2025-08-17T14:36:25Z,140.0,Sense
2025-08-17T14:36:30Z,134.0,Sense
2025-08-17T14:36:35Z,129.0,Sense
2025-08-17T14:36:40Z,132.0,Sense
2025-08-17T14:36:50Z,131.0,Sense
2025-08-17T14:36:55Z,132.0,Sense
2025-08-17T14:37:10Z,134.0,Sense
2025-08-17T14:37:15Z,132.0,Sense
2025-08-17T14:37:20Z,128.0,Sense
2025-08-17T14:37:30Z,126.0,Sense
2025-08-17T14:37:35Z,127.0,Sense
2025-08-17T14:37:40Z,124.0,Sense
2025-08-17T14:37:45Z,126.0,Sense
2025-08-17T14:37:50Z,128.0,Sense
2025-08-17T14:37:55Z,125.0,Sense
2025-08-17T14:38:00Z,124.0,Sense
2025-08-17T14:38:05Z,126.0,Sense
2025-08-17T14:38:10Z,127.0,Sense
2025-08-17T14:38:15Z,124.0,Sense
2025-08-17T14:38:20Z,120.0,Sense
2025-08-17T14:38:25Z,122.0,Sense
2025-08-17T14:38:30Z,124.0,Sense
2025-08-17T14:38:35Z,127.0,Sense
2025-08-17T14:38:40Z,128.0,Sense
2025-08-17T14:38:45Z,125.0,Sense
2025-08-17T14:38:50Z,124.0,Sense
2025-08-17T14:38:55Z,123.0,Sense
2025-08-17T14:39:00Z,119.0,Sense
2025-08-17T14:39:10Z,139.0,Sense
2025-08-17T14:39:15Z,155.0,Sense
2025-08-17T14:39:20Z,156.0,Sense
2025-08-17T14:39:25Z,155.0,Sense
2025-08-17T14:39:30Z,152.0,Sense
2025-08-17T14:39:35Z,147.0,Sense
2025-08-17T14:39:40Z,141.0,Sense
2025-08-17T14:39:45Z,140.0,Sense
2025-08-17T14:39:50Z,139.0,Sense
2025-08-17T14:39:55Z,137.0,Sense
2025-08-17T14:40:00Z,134.0,Sense
2025-08-17T14:40:05Z,127.0,Sense
2025-08-17T14:40:10Z,126.0,Sense
2025-08-17T14:40:20Z,125.0,Sense
2025-08-17T14:40:30Z,153.0,Sense
2025-08-17T14:40:35Z,151.0,Sense
2025-08-17T14:40:40Z,149.0,Sense
2025-08-17T14:40:45Z,149.0,Sense
2025-08-17T14:40:50Z,152.0,Sense
2025-08-17T14:40:55Z,154.0,Sense
2025-08-17T14:41:00Z,152.0,Sense
2025-08-17T14:41:05Z,147.0,Sense
2025-08-17T14:41:10Z,143.0,Sense
2025-08-17T14:41:15Z,142.0,Sense
2025-08-17T14:41:20Z,141.0,Sense
2025-08-17T14:41:25Z,138.0,Sense
2025-08-17T14:41:30Z,137.0,Sense
2025-08-17T14:41:35Z,135.0,Sense
2025-08-17T14:41:40Z,130.0,Sense
2025-08-17T14:41:55Z,145.0,Sense
2025-08-17T14:42:05Z,146.0,Sense
2025-08-17T14:42:10Z,143.0,Sense
2025-08-17T14:42:15Z,142.0,Sense
2025-08-17T14:42:20Z,141.0,Sense
2025-08-17T14:42:25Z,139.0,Sense
2025-08-17T14:42:30Z,136.0,Sense
2025-08-17T14:42:35Z,133.0,Sense
2025-08-17T14:42:40Z,129.0,Sense
2025-08-17T14:42:45Z,122.0,Sense
2025-08-17T14:42:50Z,117.0,Sense
2025-08-17T14:43:00Z,119.0,Sense
2025-08-17T14:43:10Z,117.0,Sense
2025-08-17T14:43:15Z,117.0,Sense
2025-08-17T14:43:20Z,116.0,Sense
2025-08-17T14:43:25Z,114.0,Sense
2025-08-17T14:43:30Z,109.0,Sense
2025-08-17T14:43:35Z,107.0,Sense
2025-08-17T14:43:45Z,110.0,Sense
2025-08-17T14:43:50Z,111.0,Sense
2025-08-17T14:44:00Z,114.0,Sense
2025-08-17T14:44:05Z,112.0,Sense
2025-08-17T14:44:15Z,110.0,Sense
2025-08-17T14:44:20Z,105.0,Sense
2025-08-17T14:44:30Z,109.0,Sense
2025-08-17T14:44:35Z,106.0,Sense
2025-08-17T14:44:40Z,105.0,Sense
2025-08-17T14:44:55Z,105.0,Sense
2025-08-17T14:45:00Z,106.0,Sense
2025-08-17T14:45:05Z,109.0,Sense
2025-08-17T14:45:10Z,108.0,Sense
2025-08-17T14:45:15Z,103.0,Sense
2025-08-17T14:45:20Z,98.0,Sense
2025-08-17T14:45:30Z,107.0,Sense
2025-08-17T14:45:35Z,100.0,Sense
2025-08-17T14:45:40Z,87.0,Sense
2025-08-17T14:45:45Z,83.0,Sense
2025-08-17T14:45:55Z,96.0,Sense
2025-08-17T14:46:00Z,104.0,Sense
2025-08-17T14:46:05Z,102.0,Sense
2025-08-17T14:46:20Z,100.0,Sense
2025-08-17T14:46:25Z,97.0,Sense
2025-08-17T14:46:30Z,92.0,Sense
2025-08-17T14:46:35Z,91.0,Sense
2025-08-17T14:46:40Z,92.0,Sense
2025-08-17T14:46:45Z,90.0,Sense
2025-08-17T14:46:50Z,86.0,Sense
2025-08-17T14:46:55Z,82.0,Sense
2025-08-17T14:47:10Z,83.0,Sense
2025-08-17T14:47:20Z,83.0,Sense
2025-08-17T14:47:25Z,84.0,Sense
2025-08-17T14:47:35Z,85.0,Sense
2025-08-17T14:47:40Z,86.0,Sense
2025-08-17T14:47:45Z,87.0,Sense
2025-08-17T14:47:55Z,86.0,Sense
2025-08-17T14:48:00Z,89.0,Sense
2025-08-17T14:48:05Z,91.0,Sense
2025-08-17T14:48:15Z,90.0,Sense
2025-08-17T14:48:25Z,92.0,Sense
2025-08-17T14:48:30Z,106.0,Sense
2025-08-17T14:48:35Z,114.0,Sense
2025-08-17T14:48:40Z,114.0,Sense
2025-08-17T14:48:45Z,116.0,Sense
2025-08-17T14:48:50Z,118.0,Sense
2025-08-17T14:48:55Z,117.0,Sense
2025-08-17T14:49:00Z,110.0,Sense
2025-08-17T14:49:05Z,100.0,Sense
2025-08-17T14:49:10Z,96.0,Sense
2025-08-17T14:49:15Z,85.0,Sense
2025-08-17T14:49:25Z,84.0,Sense
2025-08-17T14:49:30Z,103.0,Sense
2025-08-17T14:49:35Z,120.0,Sense
2025-08-17T14:49:40Z,119.0,Sense
2025-08-17T14:49:50Z,118.0,Sense
2025-08-17T14:49:55Z,117.0,Sense
2025-08-17T14:50:05Z,115.0,Sense
2025-08-17T14:50:10Z,113.0,Sense
2025-08-17T14:50:25Z,112.0,Sense
2025-08-17T14:50:35Z,109.0,Sense
2025-08-17T14:50:40Z,107.0,Sense
2025-08-17T14:50:45Z,110.0,Sense
2025-08-17T14:50:50Z,113.0,Sense
2025-08-17T14:50:55Z,111.0,Sense
2025-08-17T14:51:00Z,110.0,Sense
2025-08-17T14:51:05Z,107.0,Sense
2025-08-17T14:51:10Z,104.0,Sense
2025-08-17T14:51:15Z,103.0,Sense
2025-08-17T14:51:20Z,112.0,Sense
2025-08-17T14:51:25Z,133.0,Sense
2025-08-17T14:51:30Z,134.0,Sense
2025-08-17T14:51:35Z,133.0,Sense
2025-08-17T14:51:40Z,131.0,Sense
2025-08-17T14:51:45Z,132.0,Sense
2025-08-17T14:51:50Z,135.0,Sense
2025-08-17T14:51:55Z,135.0,Sense
2025-08-17T14:52:00Z,134.0,Sense
2025-08-17T14:52:05Z,130.0,Sense
2025-08-17T14:52:10Z,128.0,Sense
2025-08-17T14:52:20Z,131.0,Sense
2025-08-17T14:52:25Z,129.0,Sense
2025-08-17T14:52:30Z,132.0,Sense
2025-08-17T14:52:35Z,130.0,Sense
2025-08-17T14:52:40Z,129.0,Sense
2025-08-17T14:52:50Z,127.0,Sense
2025-08-17T14:52:55Z,122.0,Sense
2025-08-17T14:53:00Z,120.0,Sense
2025-08-17T14:53:05Z,117.0,Sense
2025-08-17T14:53:10Z,131.0,Sense
2025-08-17T14:53:15Z,143.0,Sense
2025-08-17T14:53:20Z,142.0,Sense
2025-08-17T14:53:30Z,142.0,Sense
2025-08-17T14:53:35Z,141.0,Sense
2025-08-17T14:53:40Z,139.0,Sense
2025-08-17T14:53:45Z,135.0,Sense
2025-08-17T14:53:50Z,132.0,Sense
2025-08-17T14:54:00Z,128.0,Sense
2025-08-17T14:54:05Z,135.0,Sense
2025-08-17T14:54:10Z,143.0,Sense
2025-08-17T14:54:20Z,142.0,Sense
2025-08-17T14:54:25Z,141.0,Sense
2025-08-17T14:54:30Z,137.0,Sense
2025-08-17T14:54:35Z,132.0,Sense
2025-08-17T14:54:40Z,131.0,Sense
2025-08-17T14:54:45Z,135.0,Sense
2025-08-17T14:54:50Z,137.0,Sense
2025-08-17T14:54:55Z,135.0,Sense
2025-08-17T14:55:00Z,131.0,Sense
2025-08-17T14:55:05Z,134.0,Sense
2025-08-17T14:55:20Z,135.0,Sense
2025-08-17T14:55:30Z,136.0,Sense
2025-08-17T14:55:35Z,136.0,Sense
2025-08-17T14:55:40Z,139.0,Sense
2025-08-17T14:55:45Z,140.0,Sense
2025-08-17T14:55:50Z,140.0,Sense
2025-08-17T14:55:55Z,139.0,Sense
2025-08-17T14:56:00Z,138.0,Sense
2025-08-17T14:56:10Z,139.0,Sense
2025-08-17T14:56:15Z,140.0,Sense
2025-08-17T14:56:20Z,139.0,Sense
2025-08-17T14:56:30Z,138.0,Sense
2025-08-17T14:56:35Z,134.0,Sense
2025-08-17T14:56:40Z,127.0,Sense
2025-08-17T14:56:45Z,111.0,Sense
2025-08-17T14:57:00Z,110.0,Sense
2025-08-17T14:57:10Z,112.0,Sense
2025-08-17T14:57:15Z,114.0,Sense
2025-08-17T14:57:20Z,118.0,Sense
2025-08-17T14:57:25Z,110.0,Sense
2025-08-17T14:57:30Z,107.0,Sense
2025-08-17T14:57:35Z,106.0,Sense
2025-08-17T14:57:40Z,107.0,Sense
2025-08-17T14:57:45Z,101.0,Sense
2025-08-17T14:57:50Z,100.0,Sense
2025-08-17T14:58:00Z,101.0,Sense
2025-08-17T14:58:05Z,102.0,Sense
2025-08-17T14:58:10Z,100.0,Sense
2025-08-17T14:58:15Z,88.0,Sense
2025-08-17T14:58:20Z,82.0,Sense
2025-08-17T14:58:25Z,79.0,Sense
2025-08-17T14:58:30Z,93.0,Sense
2025-08-17T14:58:35Z,96.0,Sense
2025-08-17T14:58:40Z,114.0,Sense
2025-08-17T14:58:45Z,115.0,Sense
2025-08-17T14:58:50Z,114.0,Sense
2025-08-17T14:58:55Z,113.0,Sense
2025-08-17T14:59:00Z,117.0,Sense
2025-08-17T14:59:05Z,125.0,Sense
2025-08-17T14:59:10Z,116.0,Sense
2025-08-17T14:59:15Z,113.0,Sense
2025-08-17T14:59:20Z,114.0,Sense
2025-08-17T14:59:25Z,112.0,Sense
2025-08-17T14:59:30Z,113.0,Sense
2025-08-17T14:59:35Z,115.0,Sense
2025-08-17T14:59:50Z,114.0,Sense
2025-08-17T14:59:55Z,111.0,Sense
2025-08-17T15:00:00Z,110.0,Sense
2025-08-17T15:00:05Z,108.0,Sense
2025-08-17T15:00:10Z,106.0,Sense
2025-08-17T15:00:15Z,107.0,Sense
2025-08-17T15:00:20Z,109.0,Sense
2025-08-17T15:00:25Z,110.0,Sense
2025-08-17T15:00:30Z,112.0,Sense
2025-08-17T15:00:35Z,98.0,Sense
2025-08-17T15:00:45Z,99.0,Sense
2025-08-17T15:00:50Z,112.0,Sense
2025-08-17T15:00:55Z,113.0,Sense
2025-08-17T15:01:00Z,111.0,Sense
2025-08-17T15:01:10Z,113.0,Sense
2025-08-17T15:01:15Z,135.0,Sense
2025-08-17T15:01:20Z,143.0,Sense
2025-08-17T15:01:30Z,144.0,Sense
2025-08-17T15:01:35Z,142.0,Sense
2025-08-17T15:01:40Z,135.0,Sense
2025-08-17T15:01:45Z,130.0,Sense
2025-08-17T15:01:50Z,144.0,Sense
2025-08-17T15:01:55Z,133.0,Sense
2025-08-17T15:02:05Z,134.0,Sense
2025-08-17T15:02:10Z,142.0,Sense
2025-08-17T15:02:20Z,140.0,Sense
2025-08-17T15:02:25Z,137.0,Sense
2025-08-17T15:02:30Z,134.0,Sense
2025-08-17T15:02:35Z,132.0,Sense
2025-08-17T15:02:40Z,127.0,Sense
2025-08-17T15:02:45Z,121.0,Sense
2025-08-17T15:02:50Z,119.0,Sense
2025-08-17T15:02:55Z,118.0,Sense
2025-08-17T15:03:00Z,112.0,Sense
2025-08-17T15:03:15Z,112.0,Sense
2025-08-17T15:03:20Z,110.0,Sense
2025-08-17T15:03:30Z,108.0,Sense
2025-08-17T15:03:40Z,107.0,Sense
2025-08-17T15:03:45Z,123.0,Sense
2025-08-17T15:03:50Z,131.0,Sense
2025-08-17T15:03:55Z,130.0,Sense
2025-08-17T15:04:00Z,120.0,Sense
2025-08-17T15:04:05Z,118.0,Sense
2025-08-17T15:04:10Z,117.0,Sense
2025-08-17T15:04:15Z,118.0,Sense
2025-08-17T15:04:20Z,118.0,Sense
2025-08-17T15:04:25Z,127.0,Sense
2025-08-17T15:04:30Z,137.0,Sense
2025-08-17T15:04:40Z,136.0,Sense
2025-08-17T15:04:45Z,135.0,Sense
2025-08-17T15:04:50Z,132.0,Sense
2025-08-17T15:04:55Z,130.0,Sense
2025-08-17T15:05:00Z,124.0,Sense
2025-08-17T15:05:15Z,126.0,Sense
2025-08-17T15:05:20Z,123.0,Sense
2025-08-17T15:05:25Z,119.0,Sense
2025-08-17T15:05:30Z,111.0,Sense
2025-08-17T15:05:35Z,102.0,Sense
2025-08-17T15:05:40Z,101.0,Sense
2025-08-17T15:05:50Z,100.0,Sense
2025-08-17T15:05:55Z,101.0,Sense
2025-08-17T15:06:00Z,106.0,Sense
2025-08-17T15:06:05Z,112.0,Sense
2025-08-17T15:06:10Z,109.0,Sense
2025-08-17T15:06:15Z,132.0,Sense
2025-08-17T15:06:20Z,146.0,Sense
2025-08-17T15:06:25Z,143.0,Sense
2025-08-17T15:06:30Z,142.0,Sense
2025-08-17T15:06:35Z,140.0,Sense
2025-08-17T15:06:40Z,135.0,Sense
2025-08-17T15:06:45Z,129.0,Sense
2025-08-17T15:06:50Z,125.0,Sense
2025-08-17T15:06:55Z,123.0,Sense
2025-08-17T15:07:00Z,122.0,Sense
2025-08-17T15:07:05Z,121.0,Sense
2025-08-17T15:07:20Z,120.0,Sense
2025-08-17T15:07:25Z,119.0,Sense
2025-08-17T15:07:35Z,117.0,Sense
2025-08-17T15:07:40Z,116.0,Sense
2025-08-17T15:07:45Z,119.0,Sense
2025-08-17T15:07:55Z,115.0,Sense
2025-08-17T15:08:00Z,111.0,Sense
2025-08-17T15:08:05Z,108.0,Sense
2025-08-17T15:08:10Z,105.0,Sense
2025-08-17T15:08:15Z,115.0,Sense
2025-08-17T15:08:20Z,140.0,Sense
2025-08-17T15:08:25Z,141.0,Sense
2025-08-17T15:08:30Z,139.0,Sense
2025-08-17T15:08:35Z,136.0,Sense
2025-08-17T15:08:40Z,136.0,Sense
2025-08-17T15:08:45Z,136.0,Sense
2025-08-17T15:08:55Z,138.0,Sense
2025-08-17T15:09:05Z,135.0,Sense
2025-08-17T15:09:10Z,134.0,Sense
2025-08-17T15:09:15Z,132.0,Sense
2025-08-17T15:09:20Z,131.0,Sense
2025-08-17T15:09:30Z,134.0,Sense
2025-08-17T15:09:35Z,142.0,Sense
2025-08-17T15:09:40Z,161.0,Sense
2025-08-17T15:09:45Z,160.0,Sense
2025-08-17T15:09:50Z,159.0,Sense
2025-08-17T15:10:00Z,157.0,Sense
2025-08-17T15:10:10Z,154.0,Sense
2025-08-17T15:10:15Z,148.0,Sense
2025-08-17T15:10:20Z,140.0,Sense
2025-08-17T15:10:30Z,142.0,Sense
2025-08-17T15:10:35Z,143.0,Sense
2025-08-17T15:10:40Z,144.0,Sense
2025-08-17T15:10:45Z,143.0,Sense
2025-08-17T15:10:50Z,140.0,Sense
2025-08-17T15:10:55Z,139.0,Sense
2025-08-17T15:11:00Z,138.0,Sense
2025-08-17T15:11:15Z,136.0,Sense
2025-08-17T15:11:20Z,134.0,Sense
2025-08-17T15:11:25Z,133.0,Sense
2025-08-17T15:11:30Z,130.0,Sense
2025-08-17T15:11:35Z,120.0,Sense
2025-08-17T15:11:50Z,119.0,Sense
2025-08-17T15:11:55Z,118.0,Sense
2025-08-17T15:12:00Z,117.0,Sense
2025-08-17T15:12:05Z,118.0,Sense
2025-08-17T15:12:10Z,121.0,Sense
2025-08-17T15:12:15Z,123.0,Sense
2025-08-17T15:12:20Z,126.0,Sense
2025-08-17T15:12:25Z,120.0,Sense
2025-08-17T15:12:30Z,110.0,Sense
2025-08-17T15:12:35Z,109.0,Sense
2025-08-17T15:12:40Z,108.0,Sense
2025-08-17T15:12:45Z,106.0,Sense
2025-08-17T15:12:50Z,104.0,Sense
2025-08-17T15:12:55Z,100.0,Sense
2025-08-17T15:13:00Z,88.0,Sense
2025-08-17T15:13:05Z,81.0,Sense
2025-08-17T15:13:10Z,82.0,Sense
2025-08-17T15:13:15Z,88.0,Sense
2025-08-17T15:13:20Z,127.0,Sense
2025-08-17T15:13:25Z,129.0,Sense
2025-08-17T15:13:35Z,132.0,Sense
2025-08-17T15:13:40Z,134.0,Sense
2025-08-17T15:13:55Z,133.0,Sense
2025-08-17T15:14:00Z,132.0,Sense
2025-08-17T15:14:05Z,132.0,Sense
2025-08-17T15:14:15Z,134.0,Sense
2025-08-17T15:14:20Z,131.0,Sense
2025-08-17T15:14:25Z,126.0,Sense
2025-08-17T15:14:30Z,134.0,Sense
2025-08-17T15:14:35Z,140.0,Sense
2025-08-17T15:14:40Z,141.0,Sense
2025-08-17T15:14:45Z,142.0,Sense
2025-08-17T15:14:50Z,141.0,Sense
2025-08-17T15:14:55Z,139.0,Sense
2025-08-17T15:15:00Z,137.0,Sense
2025-08-17T15:15:05Z,153.0,Sense
2025-08-17T15:15:10Z,168.0,Sense
2025-08-17T15:15:20Z,167.0,Sense
2025-08-17T15:15:25Z,164.0,Sense
2025-08-17T15:15:30Z,160.0,Sense
2025-08-17T15:15:35Z,158.0,Sense
2025-08-17T15:15:40Z,156.0,Sense
2025-08-17T15:15:45Z,150.0,Sense
2025-08-17T15:15:50Z,149.0,Sense
2025-08-17T15:15:55Z,155.0,Sense
2025-08-17T15:16:05Z,150.0,Sense
2025-08-17T15:16:10Z,153.0,Sense
2025-08-17T15:16:15Z,153.0,Sense
2025-08-17T15:16:20Z,152.0,Sense
2025-08-17T15:16:25Z,150.0,Sense
2025-08-17T15:16:30Z,148.0,Sense
2025-08-17T15:16:35Z,145.0,Sense
2025-08-17T15:16:40Z,144.0,Sense
2025-08-17T15:16:45Z,145.0,Sense
2025-08-17T15:16:50Z,143.0,Sense
2025-08-17T15:16:55Z,139.0,Sense
2025-08-17T15:17:00Z,136.0,Sense
2025-08-17T15:17:10Z,137.0,Sense
2025-08-17T15:17:15Z,136.0,Sense
2025-08-17T15:17:25Z,135.0,Sense
2025-08-17T15:17:30Z,132.0,Sense
2025-08-17T15:17:35Z,143.0,Sense
2025-08-17T15:17:40Z,152.0,Sense
2025-08-17T15:17:50Z,151.0,Sense
2025-08-17T15:17:55Z,149.0,Sense
2025-08-17T15:18:00Z,149.0,Sense
2025-08-17T15:18:05Z,149.0,Sense
2025-08-17T15:18:10Z,153.0,Sense
2025-08-17T15:18:20Z,152.0,Sense
2025-08-17T15:18:25Z,150.0,Sense
2025-08-17T15:18:30Z,146.0,Sense
2025-08-17T15:18:35Z,141.0,Sense
2025-08-17T15:18:40Z,137.0,Sense
2025-08-17T15:18:45Z,141.0,Sense
2025-08-17T15:18:50Z,137.0,Sense
2025-08-17T15:18:55Z,132.0,Sense
2025-08-17T15:19:05Z,126.0,Sense
2025-08-17T15:19:10Z,124.0,Sense
2025-08-17T15:19:15Z,126.0,Sense
2025-08-17T15:19:20Z,123.0,Sense
2025-08-17T15:19:25Z,117.0,Sense
2025-08-17T15:19:30Z,110.0,Sense
2025-08-17T15:19:35Z,104.0,Sense
2025-08-17T15:19:40Z,98.0,Sense
2025-08-17T15:19:45Z,93.0,Sense
2025-08-17T15:19:55Z,92.0,Sense
2025-08-17T15:20:00Z,90.0,Sense
2025-08-17T15:20:10Z,88.0,Sense
2025-08-17T15:20:15Z,90.0,Sense
2025-08-17T15:20:20Z,97.0,Sense
2025-08-17T15:20:25Z,96.0,Sense
2025-08-17T15:20:30Z,95.0,Sense
2025-08-17T15:20:35Z,104.0,Sense
2025-08-17T15:20:40Z,128.0,Sense
2025-08-17T15:20:45Z,131.0,Sense
2025-08-17T15:20:50Z,152.0,Sense
2025-08-17T15:20:55Z,154.0,Sense
2025-08-17T15:21:00Z,153.0,Sense
2025-08-17T15:21:05Z,155.0,Sense
2025-08-17T15:21:10Z,158.0,Sense
2025-08-17T15:21:15Z,157.0,Sense
2025-08-17T15:21:20Z,155.0,Sense
2025-08-17T15:21:25Z,154.0,Sense
2025-08-17T15:21:30Z,155.0,Sense
2025-08-17T15:21:35Z,157.0,Sense
2025-08-17T15:21:40Z,155.0,Sense
2025-08-17T15:21:45Z,153.0,Sense
2025-08-17T15:22:00Z,151.0,Sense
2025-08-17T15:22:05Z,147.0,Sense
2025-08-17T15:22:10Z,143.0,Sense
2025-08-17T15:22:15Z,145.0,Sense
2025-08-17T15:22:20Z,144.0,Sense
2025-08-17T15:22:30Z,142.0,Sense
2025-08-17T15:22:35Z,140.0,Sense
2025-08-17T15:22:40Z,135.0,Sense
2025-08-17T15:22:45Z,133.0,Sense
2025-08-17T15:23:00Z,136.0,Sense
2025-08-17T15:23:05Z,134.0,Sense
2025-08-17T15:23:10Z,127.0,Sense
2025-08-17T15:23:15Z,126.0,Sense
2025-08-17T15:23:20Z,127.0,Sense
2025-08-17T15:23:25Z,130.0,Sense
2025-08-17T15:23:35Z,132.0,Sense
2025-08-17T15:23:40Z,135.0,Sense
2025-08-17T15:23:45Z,138.0,Sense
2025-08-17T15:23:50Z,137.0,Sense
2025-08-17T15:23:55Z,136.0,Sense
2025-08-17T15:24:00Z,133.0,Sense
2025-08-17T15:24:10Z,135.0,Sense
2025-08-17T15:24:15Z,145.0,Sense
2025-08-17T15:24:20Z,146.0,Sense
2025-08-17T15:24:30Z,145.0,Sense
2025-08-17T15:24:40Z,145.0,Sense
2025-08-17T15:24:45Z,144.0,Sense
2025-08-17T15:24:50Z,137.0,Sense
2025-08-17T15:24:55Z,145.0,Sense
2025-08-17T15:25:05Z,141.0,Sense
2025-08-17T15:25:10Z,139.0,Sense
2025-08-17T15:25:20Z,136.0,Sense
2025-08-17T15:25:25Z,134.0,Sense
2025-08-17T15:25:30Z,135.0,Sense
2025-08-17T15:25:35Z,142.0,Sense
2025-08-17T15:25:40Z,145.0,Sense
2025-08-17T15:25:45Z,144.0,Sense
2025-08-17T15:25:50Z,134.0,Sense
2025-08-17T15:25:55Z,133.0,Sense
2025-08-17T15:26:00Z,138.0,Sense
2025-08-17T15:26:05Z,136.0,Sense
2025-08-17T15:26:15Z,137.0,Sense
2025-08-17T15:26:25Z,136.0,Sense
2025-08-17T15:26:30Z,134.0,Sense
2025-08-17T15:26:35Z,129.0,Sense
2025-08-17T15:26:40Z,127.0,Sense
2025-08-17T15:26:55Z,126.0,Sense
2025-08-17T15:27:00Z,134.0,Sense
2025-08-17T15:27:10Z,133.0,Sense
2025-08-17T15:27:20Z,132.0,Sense
2025-08-17T15:27:25Z,129.0,Sense
2025-08-17T15:27:30Z,123.0,Sense
2025-08-17T15:27:35Z,116.0,Sense
2025-08-17T15:27:40Z,118.0,Sense
2025-08-17T15:27:55Z,121.0,Sense
2025-08-17T15:28:05Z,123.0,Sense
2025-08-17T15:28:10Z,125.0,Sense
2025-08-17T15:28:15Z,125.0,Sense
2025-08-17T15:28:20Z,123.0,Sense
2025-08-17T15:28:25Z,122.0,Sense
2025-08-17T15:28:30Z,119.0,Sense
2025-08-17T15:28:40Z,117.0,Sense
2025-08-17T15:28:45Z,118.0,Sense
2025-08-17T15:28:50Z,122.0,Sense
2025-08-17T15:28:55Z,118.0,Sense
2025-08-17T15:29:00Z,113.0,Sense
2025-08-17T15:29:05Z,109.0,Sense
2025-08-17T15:29:15Z,106.0,Sense
2025-08-17T15:29:20Z,101.0,Sense
2025-08-17T15:29:25Z,127.0,Sense
2025-08-17T15:29:30Z,137.0,Sense
2025-08-17T15:29:35Z,135.0,Sense
2025-08-17T15:29:40Z,141.0,Sense
2025-08-17T15:29:45Z,146.0,Sense
2025-08-17T15:29:50Z,145.0,Sense
2025-08-17T15:29:55Z,146.0,Sense
2025-08-17T15:30:05Z,145.0,Sense
2025-08-17T15:30:10Z,143.0,Sense
2025-08-17T15:30:15Z,140.0,Sense
2025-08-17T15:30:20Z,143.0,Sense
2025-08-17T15:30:25Z,139.0,Sense
2025-08-17T15:30:30Z,131.0,Sense
2025-08-17T15:30:35Z,124.0,Sense
2025-08-17T15:30:40Z,122.0,Sense
2025-08-17T15:30:50Z,123.0,Sense
2025-08-17T15:30:55Z,143.0,Sense
2025-08-17T15:31:00Z,144.0,Sense
2025-08-17T15:31:10Z,142.0,Sense
2025-08-17T15:31:15Z,139.0,Sense
2025-08-17T15:31:20Z,144.0,Sense
2025-08-17T15:31:25Z,147.0,Sense
2025-08-17T15:31:30Z,146.0,Sense
2025-08-17T15:31:35Z,144.0,Sense
2025-08-17T15:31:40Z,140.0,Sense
2025-08-17T15:31:45Z,135.0,Sense
2025-08-17T15:31:50Z,140.0,Sense
2025-08-17T15:31:55Z,152.0,Sense
2025-08-17T15:32:00Z,149.0,Sense
2025-08-17T15:32:05Z,150.0,Sense
2025-08-17T15:32:10Z,152.0,Sense
2025-08-17T15:32:15Z,155.0,Sense
2025-08-17T15:32:20Z,157.0,Sense
2025-08-17T15:32:25Z,153.0,Sense
2025-08-17T15:32:30Z,151.0,Sense
2025-08-17T15:32:35Z,151.0,Sense
2025-08-17T15:32:40Z,147.0,Sense
2025-08-17T15:32:45Z,146.0,Sense
2025-08-17T15:32:50Z,157.0,Sense
2025-08-17T15:32:55Z,162.0,Sense
2025-08-17T15:33:00Z,161.0,Sense
2025-08-17T15:33:05Z,158.0,Sense
2025-08-17T15:33:10Z,156.0,Sense
2025-08-17T15:33:15Z,154.0,Sense
2025-08-17T15:33:20Z,150.0,Sense
2025-08-17T15:33:25Z,149.0,Sense
2025-08-17T15:33:30Z,143.0,Sense
2025-08-17T15:33:35Z,142.0,Sense
2025-08-17T15:33:45Z,147.0,Sense
2025-08-17T15:33:50Z,146.0,Sense
2025-08-17T15:33:55Z,140.0,Sense
2025-08-17T15:34:00Z,138.0,Sense
2025-08-17T15:34:05Z,136.0,Sense
2025-08-17T15:34:10Z,132.0,Sense
2025-08-17T15:34:15Z,126.0,Sense
2025-08-17T15:34:20Z,119.0,Sense
2025-08-17T15:34:25Z,111.0,Sense
2025-08-17T15:34:30Z,103.0,Sense
2025-08-17T15:34:35Z,101.0,Sense
2025-08-17T15:34:45Z,103.0,Sense
2025-08-17T15:34:50Z,107.0,Sense
2025-08-17T15:34:55Z,120.0,Sense
2025-08-17T15:35:00Z,119.0,Sense
2025-08-17T15:35:05Z,120.0,Sense
2025-08-17T15:35:10Z,121.0,Sense
2025-08-17T15:35:20Z,114.0,Sense
2025-08-17T15:35:25Z,107.0,Sense
2025-08-17T15:35:30Z,105.0,Sense
2025-08-17T15:35:35Z,103.0,Sense
2025-08-17T15:35:40Z,97.0,Sense
2025-08-17T15:35:45Z,90.0,Sense
2025-08-17T15:35:50Z,89.0,Sense
2025-08-17T15:35:55Z,88.0,Sense
2025-08-17T15:36:00Z,87.0,Sense
2025-08-17T15:36:10Z,86.0,Sense
2025-08-17T15:36:15Z,87.0,Sense
2025-08-17T15:36:20Z,83.0,Sense
2025-08-17T15:36:25Z,77.0,Sense
2025-08-17T15:36:35Z,78.0,Sense
2025-08-17T15:36:45Z,79.0,Sense
2025-08-17T15:36:50Z,90.0,Sense
2025-08-17T15:36:55Z,108.0,Sense
2025-08-17T15:37:00Z,107.0,Sense
2025-08-17T15:37:05Z,106.0,Sense
2025-08-17T15:37:10Z,103.0,Sense
2025-08-17T15:37:15Z,101.0,Sense
2025-08-17T15:37:20Z,96.0,Sense
2025-08-17T15:37:25Z,89.0,Sense
2025-08-17T15:37:40Z,93.0,Sense
2025-08-17T15:37:45Z,96.0,Sense
2025-08-17T15:37:50Z,97.0,Sense
2025-08-17T15:37:55Z,98.0,Sense
2025-08-17T15:38:00Z,96.0,Sense
2025-08-17T15:38:05Z,95.0,Sense
2025-08-17T15:38:10Z,99.0,Sense
2025-08-17T15:38:15Z,120.0,Sense
2025-08-17T15:38:20Z,119.0,Sense
2025-08-17T15:38:25Z,118.0,Sense
2025-08-17T15:38:35Z,118.0,Sense
2025-08-17T15:38:50Z,115.0,Sense
2025-08-17T15:38:55Z,133.0,Sense
2025-08-17T15:39:00Z,141.0,Sense
2025-08-17T15:39:05Z,154.0,Sense
2025-08-17T15:39:10Z,157.0,Sense
2025-08-17T15:39:15Z,156.0,Sense
2025-08-17T15:39:20Z,154.0,Sense
2025-08-17T15:39:25Z,150.0,Sense
2025-08-17T15:39:30Z,147.0,Sense
2025-08-17T15:39:35Z,141.0,Sense
2025-08-17T15:39:40Z,142.0,Sense
2025-08-17T15:39:45Z,145.0,Sense
2025-08-17T15:39:50Z,144.0,Sense
2025-08-17T15:39:55Z,137.0,Sense
2025-08-17T15:40:00Z,131.0,Sense
2025-08-17T15:40:05Z,123.0,Sense
2025-08-17T15:40:10Z,125.0,Sense
2025-08-17T15:40:15Z,111.0,Sense
2025-08-17T15:40:30Z,108.0,Sense
2025-08-17T15:40:35Z,106.0,Sense
2025-08-17T15:40:40Z,99.0,Sense
2025-08-17T15:40:45Z,92.0,Sense
2025-08-17T15:40:55Z,97.0,Sense
2025-08-17T15:41:00Z,98.0,Sense
2025-08-17T15:41:10Z,99.0,Sense
2025-08-17T15:41:15Z,95.0,Sense
2025-08-17T15:41:20Z,108.0,Sense
2025-08-17T15:41:25Z,109.0,Sense
2025-08-17T15:41:30Z,110.0,Sense
2025-08-17T15:41:40Z,110.0,Sense
2025-08-17T15:41:45Z,108.0,Sense
2025-08-17T15:41:50Z,107.0,Sense
2025-08-17T15:41:55Z,106.0,Sense
2025-08-17T15:42:05Z,107.0,Sense
2025-08-17T15:42:15Z,107.0,Sense
2025-08-17T15:42:20Z,109.0,Sense
2025-08-17T15:42:25Z,112.0,Sense
2025-08-17T15:42:30Z,110.0,Sense
2025-08-17T15:42:35Z,107.0,Sense
2025-08-17T15:42:45Z,113.0,Sense
2025-08-17T15:42:50Z,111.0,Sense
2025-08-17T15:42:55Z,115.0,Sense
2025-08-17T15:43:00Z,108.0,Sense
2025-08-17T15:43:05Z,107.0,Sense
2025-08-17T15:43:15Z,116.0,Sense
2025-08-17T15:43:20Z,115.0,Sense
2025-08-17T15:43:30Z,116.0,Sense
2025-08-17T15:43:35Z,113.0,Sense
2025-08-17T15:43:40Z,107.0,Sense
2025-08-17T15:43:45Z,107.0,Sense
2025-08-17T15:43:50Z,105.0,Sense
2025-08-17T15:43:55Z,103.0,Sense
2025-08-17T15:44:05Z,97.0,Sense
2025-08-17T15:44:10Z,96.0,Sense
2025-08-17T15:44:15Z,94.0,Sense
2025-08-17T15:44:20Z,92.0,Sense
2025-08-17T15:44:25Z,95.0,Sense
2025-08-17T15:44:30Z,93.0,Sense
2025-08-17T15:44:35Z,110.0,Sense
2025-08-17T15:44:45Z,108.0,Sense
2025-08-17T15:44:50Z,105.0,Sense
2025-08-17T15:44:55Z,106.0,Sense
2025-08-17T15:45:00Z,107.0,Sense
2025-08-17T15:45:10Z,108.0,Sense
2025-08-17T15:45:20Z,109.0,Sense
2025-08-17T15:45:30Z,112.0,Sense
2025-08-17T15:45:35Z,111.0,Sense
2025-08-17T15:45:45Z,108.0,Sense
2025-08-17T15:45:50Z,106.0,Sense
2025-08-17T15:45:55Z,104.0,Sense
2025-08-17T15:46:05Z,100.0,Sense
2025-08-17T15:46:15Z,103.0,Sense
2025-08-17T15:46:20Z,104.0,Sense
2025-08-17T15:46:25Z,105.0,Sense
2025-08-17T15:46:30Z,104.0,Sense
2025-08-17T15:46:35Z,101.0,Sense
2025-08-17T15:46:45Z,99.0,Sense
2025-08-17T15:46:50Z,100.0,Sense
2025-08-17T15:46:55Z,101.0,Sense
2025-08-17T15:47:00Z,102.0,Sense
2025-08-17T15:47:05Z,102.0,Sense
2025-08-17T15:47:15Z,101.0,Sense
2025-08-17T15:47:20Z,98.0,Sense
2025-08-17T15:47:25Z,99.0,Sense
2025-08-17T15:47:35Z,100.0,Sense
2025-08-17T15:47:40Z,100.0,Sense
2025-08-17T15:47:50Z,103.0,Sense
2025-08-17T15:47:55Z,106.0,Sense
2025-08-17T15:48:00Z,116.0,Sense
2025-08-17T15:48:05Z,122.0,Sense
2025-08-17T15:48:20Z,121.0,Sense
2025-08-17T15:48:25Z,118.0,Sense
2025-08-17T15:48:30Z,120.0,Sense
2025-08-17T15:48:35Z,118.0,Sense
2025-08-17T15:48:40Z,122.0,Sense
2025-08-17T15:48:50Z,119.0,Sense
2025-08-17T15:49:00Z,116.0,Sense
2025-08-17T15:49:05Z,111.0,Sense
2025-08-17T15:49:10Z,116.0,Sense
2025-08-17T15:49:15Z,119.0,Sense
2025-08-17T15:49:20Z,130.0,Sense
2025-08-17T15:49:25Z,132.0,Sense
2025-08-17T15:49:30Z,134.0,Sense
2025-08-17T15:49:40Z,135.0,Sense
2025-08-17T15:49:45Z,132.0,Sense
2025-08-17T15:49:50Z,129.0,Sense
2025-08-17T15:49:55Z,128.0,Sense
2025-08-17T15:50:00Z,127.0,Sense
2025-08-17T15:50:05Z,125.0,Sense
2025-08-17T15:50:10Z,122.0,Sense
2025-08-17T15:50:15Z,119.0,Sense
2025-08-17T15:50:20Z,114.0,Sense
2025-08-17T15:50:25Z,115.0,Sense
2025-08-17T15:50:30Z,114.0,Sense
2025-08-17T15:50:35Z,113.0,Sense
2025-08-17T15:50:40Z,112.0,Sense
2025-08-17T15:50:45Z,114.0,Sense
2025-08-17T15:50:50Z,115.0,Sense
2025-08-17T15:50:55Z,113.0,Sense
2025-08-17T15:51:00Z,107.0,Sense
2025-08-17T15:51:05Z,126.0,Sense
2025-08-17T15:51:10Z,141.0,Sense
2025-08-17T15:51:15Z,140.0,Sense
2025-08-17T15:51:20Z,130.0,Sense
2025-08-17T15:51:25Z,125.0,Sense
2025-08-17T15:51:30Z,129.0,Sense
2025-08-17T15:51:35Z,128.0,Sense
2025-08-17T15:51:40Z,136.0,Sense
2025-08-17T15:51:45Z,138.0,Sense
2025-08-17T15:52:00Z,137.0,Sense
2025-08-17T15:52:05Z,135.0,Sense
2025-08-17T15:52:10Z,133.0,Sense
2025-08-17T15:52:15Z,125.0,Sense
2025-08-17T15:52:20Z,119.0,Sense
2025-08-17T15:52:25Z,115.0,Sense
2025-08-17T15:52:30Z,108.0,Sense
2025-08-17T15:52:40Z,112.0,Sense
2025-08-17T15:52:45Z,115.0,Sense
2025-08-17T15:52:50Z,117.0,Sense
2025-08-17T15:52:55Z,118.0,Sense
2025-08-17T15:53:00Z,119.0,Sense
2025-08-17T15:53:05Z,118.0,Sense
2025-08-17T15:53:10Z,115.0,Sense
2025-08-17T15:53:15Z,110.0,Sense
2025-08-17T15:53:20Z,100.0,Sense
2025-08-17T15:53:35Z,100.0,Sense
2025-08-17T15:53:40Z,101.0,Sense
2025-08-17T15:53:45Z,102.0,Sense
2025-08-17T15:53:50Z,103.0,Sense
2025-08-17T15:53:55Z,122.0,Sense
2025-08-17T15:54:00Z,134.0,Sense
2025-08-17T15:54:10Z,135.0,Sense
2025-08-17T15:54:15Z,135.0,Sense
2025-08-17T15:54:25Z,133.0,Sense
2025-08-17T15:54:30Z,139.0,Sense
2025-08-17T15:54:35Z,152.0,Sense
2025-08-17T15:54:40Z,150.0,Sense
2025-08-17T15:54:45Z,148.0,Sense
2025-08-17T15:54:50Z,145.0,Sense
2025-08-17T15:54:55Z,142.0,Sense
2025-08-17T15:55:00Z,141.0,Sense
2025-08-17T15:55:05Z,142.0,Sense
2025-08-17T15:55:10Z,150.0,Sense
2025-08-17T15:55:15Z,149.0,Sense
2025-08-17T15:55:25Z,146.0,Sense
2025-08-17T15:55:30Z,143.0,Sense
2025-08-17T15:55:35Z,142.0,Sense
2025-08-17T15:55:40Z,141.0,Sense
2025-08-17T15:55:45Z,142.0,Sense
2025-08-17T15:55:50Z,140.0,Sense
2025-08-17T15:55:55Z,138.0,Sense
2025-08-17T15:56:00Z,134.0,Sense
2025-08-17T15:56:05Z,131.0,Sense
2025-08-17T15:56:10Z,127.0,Sense
2025-08-17T15:56:15Z,123.0,Sense
2025-08-17T15:56:20Z,124.0,Sense
2025-08-17T15:56:25Z,121.0,Sense
2025-08-17T15:56:35Z,120.0,Sense
2025-08-17T15:56:40Z,121.0,Sense
2025-08-17T15:56:45Z,126.0,Sense
2025-08-17T15:56:50Z,129.0,Sense
2025-08-17T15:56:55Z,129.0,Sense
2025-08-17T15:57:05Z,134.0,Sense
2025-08-17T15:57:10Z,151.0,Sense
2025-08-17T15:57:15Z,153.0,Sense
2025-08-17T15:57:20Z,154.0,Sense
2025-08-17T15:57:25Z,155.0,Sense
2025-08-17T15:57:30Z,153.0,Sense
2025-08-17T15:57:35Z,150.0,Sense
2025-08-17T15:57:40Z,149.0,Sense
2025-08-17T15:57:45Z,146.0,Sense
2025-08-17T15:57:50Z,142.0,Sense
2025-08-17T15:57:55Z,141.0,Sense
2025-08-17T15:58:00Z,139.0,Sense
2025-08-17T15:58:05Z,137.0,Sense
2025-08-17T15:58:10Z,139.0,Sense
2025-08-17T15:58:15Z,135.0,Sense
2025-08-17T15:58:20Z,129.0,Sense
2025-08-17T15:58:25Z,130.0,Sense
2025-08-17T15:58:30Z,129.0,Sense
2025-08-17T15:58:35Z,123.0,Sense
2025-08-17T15:58:40Z,124.0,Sense
2025-08-17T15:58:45Z,125.0,Sense
2025-08-17T15:58:55Z,129.0,Sense
2025-08-17T15:59:00Z,132.0,Sense
2025-08-17T15:59:05Z,133.0,Sense
2025-08-17T15:59:10Z,136.0,Sense
2025-08-17T15:59:15Z,133.0,Sense
2025-08-17T15:59:20Z,128.0,Sense
2025-08-17T15:59:25Z,133.0,Sense
2025-08-17T15:59:30Z,131.0,Sense
2025-08-17T15:59:35Z,128.0,Sense
2025-08-17T15:59:40Z,124.0,Sense
2025-08-17T15:59:50Z,121.0,Sense
2025-08-17T15:59:55Z,118.0,Sense
2025-08-17T16:00:00Z,116.0,Sense
2025-08-17T16:00:05Z,110.0,Sense
2025-08-17T16:00:10Z,109.0,Sense
2025-08-17T16:00:15Z,108.0,Sense
2025-08-17T16:00:30Z,106.0,Sense
2025-08-17T16:00:35Z,105.0,Sense
2025-08-17T16:00:40Z,101.0,Sense
2025-08-17T16:00:45Z,98.0,Sense
2025-08-17T16:00:50Z,96.0,Sense
2025-08-17T16:00:55Z,91.0,Sense
2025-08-17T16:01:00Z,88.0,Sense
2025-08-17T16:01:05Z,89.0,Sense
2025-08-17T16:01:10Z,90.0,Sense
2025-08-17T16:01:20Z,87.0,Sense
2025-08-17T16:01:30Z,84.0,Sense
2025-08-17T16:01:35Z,76.0,Sense
2025-08-17T16:01:40Z,70.0,Sense
2025-08-17T16:01:45Z,71.0,Sense
2025-08-17T16:01:50Z,72.0,Sense
2025-08-17T16:01:55Z,89.0,Sense
2025-08-17T16:02:00Z,100.0,Sense
2025-08-17T16:02:05Z,98.0,Sense
2025-08-17T16:02:10Z,94.0,Sense
2025-08-17T16:02:15Z,92.0,Sense
2025-08-17T16:02:20Z,99.0,Sense
2025-08-17T16:02:25Z,100.0,Sense
2025-08-17T16:02:35Z,113.0,Sense
2025-08-17T16:02:40Z,121.0,Sense
2025-08-17T16:02:45Z,120.0,Sense
2025-08-17T16:02:50Z,119.0,Sense
2025-08-17T16:02:55Z,119.0,Sense
2025-08-17T16:03:00Z,121.0,Sense
2025-08-17T16:03:10Z,120.0,Sense
2025-08-17T16:03:15Z,142.0,Sense
2025-08-17T16:03:20Z,156.0,Sense
2025-08-17T16:03:25Z,164.0,Sense
2025-08-17T16:03:30Z,162.0,Sense
2025-08-17T16:03:35Z,159.0,Sense
2025-08-17T16:03:40Z,157.0,Sense
2025-08-17T16:03:45Z,156.0,Sense
2025-08-17T16:03:50Z,161.0,Sense
2025-08-17T16:03:55Z,159.0,Sense
2025-08-17T16:04:00Z,156.0,Sense
2025-08-17T16:04:05Z,152.0,Sense
2025-08-17T16:04:10Z,148.0,Sense
2025-08-17T16:04:15Z,144.0,Sense
2025-08-17T16:04:20Z,140.0,Sense
2025-08-17T16:04:25Z,134.0,Sense
2025-08-17T16:04:30Z,130.0,Sense
2025-08-17T16:04:35Z,136.0,Sense
2025-08-17T16:04:40Z,137.0,Sense
2025-08-17T16:04:45Z,135.0,Sense
2025-08-17T16:04:50Z,134.0,Sense
2025-08-17T16:04:55Z,131.0,Sense
2025-08-17T16:05:05Z,130.0,Sense
2025-08-17T16:05:10Z,128.0,Sense
2025-08-17T16:05:15Z,126.0,Sense
2025-08-17T16:05:20Z,122.0,Sense
2025-08-17T16:05:25Z,116.0,Sense
2025-08-17T16:05:30Z,109.0,Sense
2025-08-17T16:05:35Z,100.0,Sense
2025-08-17T16:05:40Z,96.0,Sense
2025-08-17T16:05:45Z,93.0,Sense
2025-08-17T16:05:55Z,111.0,Sense
2025-08-17T16:06:10Z,112.0,Sense
2025-08-17T16:06:15Z,111.0,Sense
2025-08-17T16:06:20Z,110.0,Sense
2025-08-17T16:06:25Z,109.0,Sense
2025-08-17T16:06:30Z,105.0,Sense
2025-08-17T16:06:35Z,99.0,Sense
2025-08-17T16:06:40Z,98.0,Sense
2025-08-17T16:06:45Z,109.0,Sense
2025-08-17T16:06:50Z,126.0,Sense
2025-08-17T16:06:55Z,127.0,Sense
2025-08-17T16:07:00Z,128.0,Sense
2025-08-17T16:07:05Z,129.0,Sense
2025-08-17T16:07:10Z,132.0,Sense
2025-08-17T16:07:15Z,128.0,Sense
2025-08-17T16:07:20Z,125.0,Sense
2025-08-17T16:07:25Z,124.0,Sense
2025-08-17T16:07:30Z,122.0,Sense
2025-08-17T16:07:35Z,123.0,Sense
2025-08-17T16:07:40Z,124.0,Sense
2025-08-17T16:07:45Z,117.0,Sense
2025-08-17T16:07:50Z,119.0,Sense
2025-08-17T16:07:55Z,122.0,Sense
2025-08-17T16:08:05Z,120.0,Sense
2025-08-17T16:08:15Z,117.0,Sense
2025-08-17T16:08:20Z,113.0,Sense
2025-08-17T16:08:25Z,107.0,Sense
2025-08-17T16:08:40Z,120.0,Sense
2025-08-17T16:08:45Z,122.0,Sense
2025-08-17T16:08:50Z,121.0,Sense
2025-08-17T16:08:55Z,122.0,Sense
2025-08-17T16:09:00Z,132.0,Sense
2025-08-17T16:09:05Z,134.0,Sense
2025-08-17T16:09:10Z,135.0,Sense
2025-08-17T16:09:15Z,136.0,Sense
2025-08-17T16:09:20Z,131.0,Sense
2025-08-17T16:09:30Z,130.0,Sense
2025-08-17T16:09:35Z,123.0,Sense
2025-08-17T16:09:40Z,113.0,Sense
2025-08-17T16:09:45Z,102.0,Sense
2025-08-17T16:09:50Z,97.0,Sense
2025-08-17T16:09:55Z,95.0,Sense
2025-08-17T16:10:00Z,94.0,Sense
2025-08-17T16:10:10Z,95.0,Sense
2025-08-17T16:10:15Z,94.0,Sense
2025-08-17T16:10:25Z,93.0,Sense
2025-08-17T16:10:30Z,94.0,Sense
2025-08-17T16:10:35Z,93.0,Sense
2025-08-17T16:10:40Z,84.0,Sense
2025-08-17T16:10:55Z,74.0,Sense
2025-08-17T16:11:05Z,75.0,Sense
2025-08-17T16:11:10Z,77.0,Sense
2025-08-17T16:11:15Z,78.0,Sense
2025-08-17T16:11:20Z,79.0,Sense
2025-08-17T16:11:25Z,82.0,Sense
2025-08-17T16:11:30Z,84.0,Sense
2025-08-17T16:11:35Z,85.0,Sense
2025-08-17T16:11:45Z,87.0,Sense
2025-08-17T16:11:55Z,88.0,Sense
2025-08-17T16:12:10Z,87.0,Sense
2025-08-17T16:12:15Z,88.0,Sense
2025-08-17T16:12:20Z,85.0,Sense
2025-08-17T16:12:25Z,83.0,Sense
2025-08-17T16:12:35Z,84.0,Sense
2025-08-17T16:12:45Z,83.0,Sense
2025-08-17T16:12:55Z,84.0,Sense
2025-08-17T16:13:10Z,85.0,Sense
2025-08-17T16:13:15Z,86.0,Sense
2025-08-17T16:13:20Z,87.0,Sense
2025-08-17T16:13:25Z,89.0,Sense
2025-08-17T16:13:30Z,90.0,Sense
2025-08-17T16:13:35Z,87.0,Sense
2025-08-17T16:13:40Z,84.0,Sense
2025-08-17T16:13:45Z,85.0,Sense
2025-08-17T16:13:50Z,86.0,Sense
2025-08-17T16:14:00Z,87.0,Sense
2025-08-17T16:14:05Z,88.0,Sense
2025-08-17T16:14:15Z,89.0,Sense
2025-08-17T16:14:25Z,90.0,Sense
2025-08-17T16:14:35Z,91.0,Sense
2025-08-17T16:14:40Z,90.0,Sense
2025-08-17T16:14:45Z,92.0,Sense
2025-08-17T16:14:50Z,114.0,Sense
2025-08-17T16:15:00Z,121.0,Sense
2025-08-17T16:15:05Z,128.0,Sense
2025-08-17T16:15:10Z,126.0,Sense
2025-08-17T16:15:15Z,124.0,Sense
2025-08-17T16:15:20Z,120.0,Sense
2025-08-17T16:15:25Z,116.0,Sense
2025-08-17T16:15:30Z,113.0,Sense
2025-08-17T16:15:35Z,109.0,Sense
2025-08-17T16:15:40Z,107.0,Sense
2025-08-17T16:15:45Z,105.0,Sense
2025-08-17T16:15:52Z,104.0,Sense
2025-08-17T16:15:57Z,102.0,Sense
2025-08-17T16:16:02Z,101.0,Sense
2025-08-17T16:16:17Z,101.0,Sense
2025-08-17T16:16:22Z,102.0,Sense
2025-08-17T16:16:27Z,103.0,Sense
2025-08-17T16:16:32Z,102.0,Sense
2025-08-17T16:16:37Z,101.0,Sense
2025-08-17T16:16:42Z,118.0,Sense
2025-08-17T16:16:47Z,135.0,Sense
2025-08-17T16:16:52Z,134.0,Sense
2025-08-17T16:17:02Z,132.0,Sense
2025-08-17T16:17:07Z,128.0,Sense
2025-08-17T16:17:12Z,114.0,Sense
2025-08-17T16:17:17Z,113.0,Sense
2025-08-17T16:17:22Z,112.0,Sense
2025-08-17T16:17:37Z,114.0,Sense
2025-08-17T16:17:42Z,113.0,Sense
2025-08-17T16:17:47Z,112.0,Sense
2025-08-17T16:17:52Z,110.0,Sense
2025-08-17T16:17:57Z,108.0,Sense
2025-08-17T16:18:02Z,100.0,Sense
2025-08-17T16:18:07Z,100.0,Sense
2025-08-17T16:18:12Z,101.0,Sense
2025-08-17T16:18:17Z,99.0,Sense
2025-08-17T16:18:22Z,98.0,Sense
2025-08-17T16:18:27Z,99.0,Sense
2025-08-17T16:18:37Z,101.0,Sense
2025-08-17T16:18:42Z,100.0,Sense
2025-08-17T16:18:47Z,99.0,Sense
2025-08-17T16:19:02Z,100.0,Sense
2025-08-17T16:19:07Z,102.0,Sense
2025-08-17T16:19:12Z,99.0,Sense
2025-08-17T16:19:22Z,98.0,Sense
2025-08-17T16:19:27Z,95.0,Sense
2025-08-17T16:19:32Z,94.0,Sense
2025-08-17T16:19:47Z,95.0,Sense
2025-08-17T16:19:52Z,96.0,Sense
2025-08-17T16:19:57Z,98.0,Sense
2025-08-17T16:20:07Z,99.0,Sense
2025-08-17T16:20:12Z,100.0,Sense
2025-08-17T16:20:22Z,101.0,Sense
2025-08-17T16:20:27Z,102.0,Sense
2025-08-17T16:20:37Z,100.0,Sense
2025-08-17T16:20:42Z,100.0,Sense
2025-08-17T16:20:52Z,99.0,Sense
2025-08-17T16:20:57Z,98.0,Sense
2025-08-17T16:21:02Z,99.0,Sense
2025-08-17T16:21:07Z,102.0,Sense
2025-08-17T16:21:12Z,102.0,Sense
2025-08-17T16:21:17Z,103.0,Sense
2025-08-17T16:21:22Z,100.0,Sense
2025-08-17T16:21:27Z,99.0,Sense
2025-08-17T16:21:32Z,98.0,Sense
2025-08-17T16:21:42Z,99.0,Sense
2025-08-17T16:21:52Z,98.0,Sense
2025-08-17T16:21:57Z,97.0,Sense
2025-08-17T16:22:02Z,98.0,Sense
2025-08-17T16:22:07Z,105.0,Sense
2025-08-17T16:22:12Z,106.0,Sense
2025-08-17T16:22:17Z,107.0,Sense
2025-08-17T16:22:22Z,105.0,Sense
2025-08-17T16:22:27Z,104.0,Sense
2025-08-17T16:22:32Z,101.0,Sense
2025-08-17T16:22:37Z,102.0,Sense
2025-08-17T16:22:42Z,101.0,Sense
2025-08-17T16:22:47Z,102.0,Sense
2025-08-17T16:22:52Z,100.0,Sense
2025-08-17T16:23:02Z,98.0,Sense
2025-08-17T16:23:07Z,95.0,Sense
2025-08-17T16:23:22Z,95.0,Sense
2025-08-17T16:23:32Z,95.0,Sense
2025-08-17T16:23:47Z,96.0,Sense
2025-08-17T16:23:52Z,97.0,Sense
2025-08-17T16:23:57Z,98.0,Sense
2025-08-17T16:24:02Z,99.0,Sense
2025-08-17T16:24:07Z,99.0,Sense
2025-08-17T16:24:17Z,98.0,Sense
2025-08-17T16:24:22Z,97.0,Sense
2025-08-17T16:24:32Z,98.0,Sense
2025-08-17T16:24:42Z,99.0,Sense
2025-08-17T16:24:47Z,101.0,Sense
2025-08-17T16:24:52Z,108.0,Sense
2025-08-17T16:25:02Z,107.0,Sense
2025-08-17T16:25:07Z,105.0,Sense
2025-08-17T16:25:12Z,104.0,Sense
2025-08-17T16:25:17Z,104.0,Sense
2025-08-17T16:25:22Z,103.0,Sense
2025-08-17T16:25:27Z,100.0,Sense
2025-08-17T16:25:42Z,101.0,Sense
2025-08-17T16:25:52Z,100.0,Sense
2025-08-17T16:25:57Z,101.0,Sense
2025-08-17T16:26:07Z,100.0,Sense
2025-08-17T16:26:12Z,99.0,Sense
2025-08-17T16:26:27Z,98.0,Sense
2025-08-17T16:26:32Z,98.0,Sense
2025-08-17T16:26:37Z,99.0,Sense
2025-08-17T16:26:52Z,99.0,Sense
2025-08-17T16:26:57Z,97.0,Sense
2025-08-17T16:27:02Z,96.0,Sense
2025-08-17T16:27:07Z,97.0,Sense
2025-08-17T16:27:17Z,98.0,Sense
2025-08-17T16:27:32Z,99.0,Sense
2025-08-17T16:27:37Z,99.0,Sense
2025-08-17T16:27:47Z,100.0,Sense
2025-08-17T16:27:52Z,101.0,Sense
2025-08-17T16:28:02Z,100.0,Sense
2025-08-17T16:28:07Z,99.0,Sense
2025-08-17T16:28:12Z,98.0,Sense
2025-08-17T16:28:22Z,99.0,Sense
2025-08-17T16:28:32Z,98.0,Sense
2025-08-17T16:28:42Z,99.0,Sense
2025-08-17T16:28:52Z,101.0,Sense
2025-08-17T16:28:57Z,107.0,Sense
2025-08-17T16:29:02Z,100.0,Sense
2025-08-17T16:29:07Z,99.0,Sense
2025-08-17T16:29:12Z,98.0,Sense
2025-08-17T16:29:27Z,97.0,Sense
2025-08-17T16:29:32Z,97.0,Sense
2025-08-17T16:29:42Z,99.0,Sense
2025-08-17T16:29:47Z,98.0,Sense
2025-08-17T16:29:52Z,90.0,Sense
2025-08-17T16:29:57Z,91.0,Sense
2025-08-17T16:30:02Z,99.0,Sense
2025-08-17T16:30:07Z,110.0,Sense
2025-08-17T16:30:12Z,109.0,Sense
2025-08-17T16:30:17Z,108.0,Sense
2025-08-17T16:30:22Z,110.0,Sense
2025-08-17T16:30:27Z,107.0,Sense
2025-08-17T16:30:32Z,106.0,Sense
2025-08-17T16:30:37Z,105.0,Sense
2025-08-17T16:30:42Z,103.0,Sense
2025-08-17T16:30:47Z,98.0,Sense
2025-08-17T16:30:52Z,94.0,Sense
2025-08-17T16:31:07Z,94.0,Sense
2025-08-17T16:31:12Z,95.0,Sense
2025-08-17T16:31:17Z,97.0,Sense
2025-08-17T16:31:22Z,98.0,Sense
2025-08-17T16:31:27Z,99.0,Sense
2025-08-17T16:31:37Z,98.0,Sense
2025-08-17T16:31:42Z,99.0,Sense
2025-08-17T16:31:57Z,99.0,Sense
2025-08-17T16:32:07Z,98.0,Sense
2025-08-17T16:32:12Z,97.0,Sense
2025-08-17T16:32:27Z,97.0,Sense
2025-08-17T16:32:32Z,96.0,Sense
2025-08-17T16:32:42Z,97.0,Sense
2025-08-17T16:32:47Z,98.0,Sense
2025-08-17T16:32:57Z,97.0,Sense
2025-08-17T16:33:02Z,96.0,Sense
2025-08-17T16:33:17Z,96.0,Sense
2025-08-17T16:33:27Z,96.0,Sense
2025-08-17T16:33:37Z,97.0,Sense
2025-08-17T16:33:52Z,97.0,Sense
2025-08-17T16:33:57Z,95.0,Sense
2025-08-17T16:34:02Z,95.0,Sense
2025-08-17T16:34:07Z,94.0,Sense
2025-08-17T16:34:12Z,95.0,Sense
2025-08-17T16:34:22Z,95.0,Sense
2025-08-17T16:34:32Z,96.0,Sense
2025-08-17T16:34:47Z,97.0,Sense
2025-08-17T16:34:52Z,101.0,Sense
2025-08-17T16:34:57Z,105.0,Sense
2025-08-17T16:35:12Z,105.0,Sense
2025-08-17T16:35:22Z,104.0,Sense
2025-08-17T16:35:27Z,105.0,Sense
2025-08-17T16:35:37Z,103.0,Sense
2025-08-17T16:35:42Z,101.0,Sense
2025-08-17T16:35:52Z,104.0,Sense
2025-08-17T16:35:57Z,107.0,Sense
2025-08-17T16:36:02Z,92.0,Sense
2025-08-17T16:36:07Z,95.0,Sense
2025-08-17T16:36:12Z,99.0,Sense
2025-08-17T16:36:17Z,102.0,Sense
2025-08-17T16:36:22Z,97.0,Sense
2025-08-17T16:36:27Z,99.0,Sense
2025-08-17T16:36:42Z,98.0,Sense
2025-08-17T16:36:52Z,96.0,Sense
2025-08-17T16:36:57Z,89.0,Sense
2025-08-17T16:37:02Z,90.0,Sense
2025-08-17T16:37:17Z,91.0,Sense
2025-08-17T16:37:22Z,92.0,Sense
2025-08-17T16:37:27Z,94.0,Sense
2025-08-17T16:37:32Z,95.0,Sense
2025-08-17T16:37:37Z,102.0,Sense
2025-08-17T16:37:42Z,122.0,Sense
2025-08-17T16:37:52Z,121.0,Sense
2025-08-17T16:37:57Z,120.0,Sense
2025-08-17T16:38:02Z,118.0,Sense
2025-08-17T16:38:07Z,115.0,Sense
2025-08-17T16:38:12Z,116.0,Sense
2025-08-17T16:38:22Z,114.0,Sense
2025-08-17T16:38:27Z,108.0,Sense
2025-08-17T16:38:32Z,101.0,Sense
2025-08-17T16:38:37Z,102.0,Sense
2025-08-17T16:38:42Z,101.0,Sense
2025-08-17T16:38:47Z,120.0,Sense
2025-08-17T16:38:52Z,143.0,Sense
2025-08-17T16:38:57Z,160.0,Sense
2025-08-17T16:39:02Z,159.0,Sense
2025-08-17T16:39:07Z,162.0,Sense
2025-08-17T16:39:12Z,160.0,Sense
2025-08-17T16:39:17Z,157.0,Sense
2025-08-17T16:39:22Z,155.0,Sense
2025-08-17T16:39:27Z,152.0,Sense
2025-08-17T16:39:32Z,153.0,Sense
2025-08-17T16:39:37Z,165.0,Sense
2025-08-17T16:39:42Z,166.0,Sense
2025-08-17T16:39:47Z,165.0,Sense
2025-08-17T16:39:52Z,162.0,Sense
2025-08-17T16:39:57Z,158.0,Sense
2025-08-17T16:40:02Z,158.0,Sense
2025-08-17T16:40:07Z,157.0,Sense
2025-08-17T16:40:12Z,156.0,Sense
2025-08-17T16:40:17Z,152.0,Sense
2025-08-17T16:40:22Z,146.0,Sense
2025-08-17T16:40:27Z,143.0,Sense
2025-08-17T16:40:32Z,145.0,Sense
2025-08-17T16:40:37Z,144.0,Sense
2025-08-17T16:40:47Z,143.0,Sense
2025-08-17T16:40:52Z,141.0,Sense
2025-08-17T16:40:57Z,142.0,Sense
2025-08-17T16:41:02Z,146.0,Sense
2025-08-17T16:41:07Z,145.0,Sense
2025-08-17T16:41:12Z,151.0,Sense
2025-08-17T16:41:17Z,157.0,Sense
2025-08-17T16:41:22Z,156.0,Sense
2025-08-17T16:41:27Z,153.0,Sense
2025-08-17T16:41:32Z,150.0,Sense
2025-08-17T16:41:37Z,147.0,Sense
2025-08-17T16:41:47Z,145.0,Sense
2025-08-17T16:41:52Z,149.0,Sense
2025-08-17T16:41:57Z,165.0,Sense
2025-08-17T16:42:02Z,166.0,Sense
2025-08-17T16:42:07Z,165.0,Sense
2025-08-17T16:42:12Z,163.0,Sense
2025-08-17T16:42:17Z,162.0,Sense
2025-08-17T16:42:22Z,163.0,Sense
2025-08-17T16:42:27Z,157.0,Sense
2025-08-17T16:42:32Z,155.0,Sense
2025-08-17T16:42:37Z,148.0,Sense
2025-08-17T16:42:42Z,147.0,Sense
2025-08-17T16:42:57Z,147.0,Sense
2025-08-17T16:43:02Z,145.0,Sense
2025-08-17T16:43:07Z,141.0,Sense
2025-08-17T16:43:12Z,138.0,Sense
2025-08-17T16:43:22Z,134.0,Sense
2025-08-17T16:43:27Z,125.0,Sense
2025-08-17T16:43:32Z,111.0,Sense
2025-08-17T16:43:37Z,110.0,Sense
2025-08-17T16:43:42Z,109.0,Sense
2025-08-17T16:43:47Z,108.0,Sense
2025-08-17T16:43:52Z,111.0,Sense
2025-08-17T16:43:57Z,112.0,Sense
2025-08-17T16:44:02Z,113.0,Sense
2025-08-17T16:44:12Z,109.0,Sense
2025-08-17T16:44:17Z,111.0,Sense
2025-08-17T16:44:22Z,98.0,Sense
2025-08-17T16:44:27Z,97.0,Sense
2025-08-17T16:44:32Z,95.0,Sense
2025-08-17T16:44:42Z,85.0,Sense
2025-08-17T16:44:47Z,84.0,Sense
2025-08-17T16:44:52Z,87.0,Sense
2025-08-17T16:45:02Z,86.0,Sense
2025-08-17T16:45:12Z,84.0,Sense
2025-08-17T16:45:17Z,85.0,Sense
2025-08-17T16:45:22Z,88.0,Sense
2025-08-17T16:45:27Z,90.0,Sense
2025-08-17T16:45:32Z,89.0,Sense
2025-08-17T16:45:42Z,90.0,Sense
2025-08-17T16:45:47Z,96.0,Sense
2025-08-17T16:45:52Z,103.0,Sense
2025-08-17T16:46:02Z,105.0,Sense
2025-08-17T16:46:07Z,104.0,Sense
2025-08-17T16:46:12Z,102.0,Sense
2025-08-17T16:46:17Z,103.0,Sense
2025-08-17T16:46:22Z,103.0,Sense
2025-08-17T16:46:27Z,104.0,Sense
2025-08-17T16:46:32Z,107.0,Sense
2025-08-17T16:46:42Z,110.0,Sense
2025-08-17T16:46:47Z,121.0,Sense
2025-08-17T16:46:52Z,120.0,Sense
2025-08-17T16:46:57Z,118.0,Sense
2025-08-17T16:47:02Z,124.0,Sense
2025-08-17T16:47:07Z,151.0,Sense
2025-08-17T16:47:12Z,148.0,Sense
2025-08-17T16:47:17Z,147.0,Sense
2025-08-17T16:47:22Z,145.0,Sense
2025-08-17T16:47:27Z,143.0,Sense
2025-08-17T16:47:32Z,144.0,Sense
2025-08-17T16:47:42Z,141.0,Sense
2025-08-17T16:47:47Z,128.0,Sense
2025-08-17T16:47:52Z,126.0,Sense
2025-08-17T16:48:02Z,125.0,Sense
2025-08-17T16:48:07Z,123.0,Sense
2025-08-17T16:48:12Z,124.0,Sense
2025-08-17T16:48:17Z,126.0,Sense
2025-08-17T16:48:22Z,131.0,Sense
2025-08-17T16:48:27Z,140.0,Sense
2025-08-17T16:48:32Z,139.0,Sense
2025-08-17T16:48:37Z,138.0,Sense
2025-08-17T16:48:42Z,137.0,Sense
2025-08-17T16:48:47Z,136.0,Sense
2025-08-17T16:48:52Z,133.0,Sense
2025-08-17T16:48:57Z,135.0,Sense
2025-08-17T16:49:02Z,127.0,Sense
2025-08-17T16:49:12Z,128.0,Sense
2025-08-17T16:49:17Z,126.0,Sense
2025-08-17T16:49:22Z,124.0,Sense
2025-08-17T16:49:27Z,120.0,Sense
2025-08-17T16:49:32Z,111.0,Sense
2025-08-17T16:49:42Z,109.0,Sense
2025-08-17T16:49:52Z,111.0,Sense
2025-08-17T16:49:57Z,106.0,Sense
2025-08-17T16:50:02Z,105.0,Sense
2025-08-17T16:50:12Z,106.0,Sense
2025-08-17T16:50:17Z,105.0,Sense
2025-08-17T16:50:22Z,103.0,Sense
2025-08-17T16:50:27Z,105.0,Sense
2025-08-17T16:50:32Z,106.0,Sense
2025-08-17T16:50:37Z,110.0,Sense
2025-08-17T16:50:42Z,109.0,Sense
2025-08-17T16:50:47Z,103.0,Sense
2025-08-17T16:50:57Z,102.0,Sense
2025-08-17T16:51:02Z,93.0,Sense
2025-08-17T16:51:07Z,89.0,Sense
2025-08-17T16:51:12Z,88.0,Sense
2025-08-17T16:51:17Z,93.0,Sense
2025-08-17T16:51:22Z,100.0,Sense
2025-08-17T16:51:27Z,99.0,Sense
2025-08-17T16:51:32Z,98.0,Sense
2025-08-17T16:51:42Z,123.0,Sense
2025-08-17T16:51:47Z,127.0,Sense
2025-08-17T16:51:57Z,126.0,Sense
2025-08-17T16:52:02Z,125.0,Sense
2025-08-17T16:52:12Z,121.0,Sense
2025-08-17T16:52:17Z,118.0,Sense
2025-08-17T16:52:22Z,115.0,Sense
2025-08-17T16:52:27Z,114.0,Sense
2025-08-17T16:52:32Z,115.0,Sense
2025-08-17T16:52:37Z,113.0,Sense
2025-08-17T16:52:42Z,125.0,Sense
2025-08-17T16:52:47Z,143.0,Sense
2025-08-17T16:53:02Z,142.0,Sense
2025-08-17T16:53:07Z,140.0,Sense
2025-08-17T16:53:12Z,136.0,Sense
2025-08-17T16:53:17Z,137.0,Sense
2025-08-17T16:53:22Z,133.0,Sense
2025-08-17T16:53:27Z,131.0,Sense
2025-08-17T16:53:32Z,132.0,Sense
2025-08-17T16:53:37Z,128.0,Sense
2025-08-17T16:53:47Z,129.0,Sense
2025-08-17T16:53:52Z,128.0,Sense
2025-08-17T16:54:02Z,131.0,Sense
2025-08-17T16:54:07Z,135.0,Sense
2025-08-17T16:54:12Z,134.0,Sense
2025-08-17T16:54:17Z,132.0,Sense
2025-08-17T16:54:22Z,119.0,Sense
2025-08-17T16:54:27Z,117.0,Sense
2025-08-17T16:54:32Z,115.0,Sense
2025-08-17T16:54:37Z,114.0,Sense
2025-08-17T16:54:52Z,111.0,Sense
2025-08-17T16:54:57Z,101.0,Sense
2025-08-17T16:55:02Z,100.0,Sense
2025-08-17T16:55:12Z,103.0,Sense
2025-08-17T16:55:17Z,107.0,Sense
2025-08-17T16:55:22Z,110.0,Sense
2025-08-17T16:55:27Z,114.0,Sense
2025-08-17T16:55:42Z,109.0,Sense
2025-08-17T16:55:52Z,114.0,Sense
2025-08-17T16:56:02Z,113.0,Sense
2025-08-17T16:56:07Z,104.0,Sense
2025-08-17T16:56:12Z,98.0,Sense
2025-08-17T16:56:17Z,93.0,Sense
2025-08-17T16:56:22Z,94.0,Sense
2025-08-17T16:56:27Z,89.0,Sense
2025-08-17T16:56:32Z,91.0,Sense
2025-08-17T16:56:42Z,90.0,Sense
2025-08-17T16:56:47Z,88.0,Sense
2025-08-17T16:56:52Z,85.0,Sense
2025-08-17T16:56:57Z,79.0,Sense
2025-08-17T16:57:07Z,85.0,Sense
2025-08-17T16:57:22Z,85.0,Sense
2025-08-17T16:57:37Z,86.0,Sense
2025-08-17T16:57:42Z,87.0,Sense
2025-08-17T16:57:47Z,85.0,Sense
2025-08-17T16:57:57Z,87.0,Sense
2025-08-17T16:58:07Z,72.0,Sense
2025-08-17T16:58:12Z,69.0,Sense
2025-08-17T16:58:22Z,71.0,Sense
2025-08-17T16:58:27Z,72.0,Sense
2025-08-17T16:58:32Z,73.0,Sense
2025-08-17T16:58:37Z,75.0,Sense
2025-08-17T16:58:42Z,76.0,Sense
2025-08-17T16:58:47Z,77.0,Sense
2025-08-17T16:58:52Z,85.0,Sense
2025-08-17T16:58:57Z,91.0,Sense
2025-08-17T16:59:07Z,92.0,Sense
2025-08-17T16:59:12Z,93.0,Sense
2025-08-17T16:59:17Z,91.0,Sense
2025-08-17T16:59:32Z,92.0,Sense
2025-08-17T16:59:37Z,99.0,Sense
2025-08-17T16:59:52Z,99.0,Sense
2025-08-17T17:00:02Z,100.0,Sense
2025-08-17T17:00:12Z,101.0,Sense
2025-08-17T17:00:17Z,102.0,Sense
2025-08-17T17:00:32Z,102.0,Sense
2025-08-17T17:00:37Z,101.0,Sense
2025-08-17T17:00:52Z,97.0,Sense
2025-08-17T17:00:57Z,93.0,Sense
2025-08-17T17:01:02Z,94.0,Sense
2025-08-17T17:01:07Z,95.0,Sense
2025-08-17T17:01:22Z,95.0,Sense
2025-08-17T17:01:27Z,96.0,Sense
2025-08-17T17:01:32Z,95.0,Sense
2025-08-17T17:01:37Z,94.0,Sense
2025-08-17T17:01:42Z,95.0,Sense
2025-08-17T17:01:57Z,95.0,Sense
2025-08-17T17:02:02Z,100.0,Sense
2025-08-17T17:02:07Z,102.0,Sense
2025-08-17T17:02:12Z,101.0,Sense
2025-08-17T17:02:17Z,100.0,Sense
2025-08-17T17:02:22Z,99.0,Sense
2025-08-17T17:02:27Z,100.0,Sense
2025-08-17T17:02:32Z,99.0,Sense
2025-08-17T17:02:42Z,98.0,Sense
2025-08-17T17:02:52Z,97.0,Sense
2025-08-17T17:02:57Z,98.0,Sense
2025-08-17T17:03:02Z,99.0,Sense
2025-08-17T17:03:12Z,98.0,Sense
2025-08-17T17:03:22Z,99.0,Sense
2025-08-17T17:03:27Z,100.0,Sense
2025-08-17T17:03:37Z,101.0,Sense
2025-08-17T17:03:42Z,103.0,Sense
2025-08-17T17:03:47Z,104.0,Sense
2025-08-17T17:03:52Z,103.0,Sense
2025-08-17T17:04:02Z,104.0,Sense
2025-08-17T17:04:07Z,106.0,Sense
2025-08-17T17:04:12Z,106.0,Sense
2025-08-17T17:04:17Z,105.0,Sense
2025-08-17T17:04:27Z,104.0,Sense
2025-08-17T17:04:32Z,103.0,Sense
2025-08-17T17:04:37Z,102.0,Sense
2025-08-17T17:04:42Z,101.0,Sense
2025-08-17T17:04:52Z,102.0,Sense
2025-08-17T17:04:57Z,103.0,Sense
2025-08-17T17:05:02Z,102.0,Sense
2025-08-17T17:05:07Z,100.0,Sense
2025-08-17T17:05:12Z,99.0,Sense
2025-08-17T17:05:17Z,97.0,Sense
2025-08-17T17:05:27Z,95.0,Sense
2025-08-17T17:05:32Z,91.0,Sense
2025-08-17T17:05:37Z,92.0,Sense
2025-08-17T17:05:47Z,93.0,Sense
2025-08-17T17:05:52Z,94.0,Sense
2025-08-17T17:06:02Z,95.0,Sense
2025-08-17T17:06:07Z,96.0,Sense
2025-08-17T17:06:17Z,97.0,Sense
2025-08-17T17:06:22Z,98.0,Sense
2025-08-17T17:06:37Z,99.0,Sense
2025-08-17T17:06:52Z,98.0,Sense
2025-08-17T17:06:57Z,99.0,Sense
2025-08-17T17:07:02Z,98.0,Sense
2025-08-17T17:07:07Z,97.0,Sense
2025-08-17T17:07:12Z,96.0,Sense
2025-08-17T17:07:22Z,99.0,Sense
2025-08-17T17:07:27Z,112.0,Sense
2025-08-17T17:07:32Z,111.0,Sense
2025-08-17T17:07:37Z,110.0,Sense
2025-08-17T17:07:42Z,108.0,Sense
2025-08-17T17:07:47Z,105.0,Sense
2025-08-17T17:07:52Z,105.0,Sense
2025-08-17T17:07:57Z,103.0,Sense
2025-08-17T17:08:02Z,102.0,Sense
2025-08-17T17:08:17Z,101.0,Sense
2025-08-17T17:08:27Z,100.0,Sense
2025-08-17T17:08:32Z,98.0,Sense
2025-08-17T17:08:47Z,98.0,Sense
2025-08-17T17:08:57Z,96.0,Sense
2025-08-17T17:09:07Z,95.0,Sense
2025-08-17T17:09:12Z,94.0,Sense
2025-08-17T17:09:27Z,95.0,Sense
2025-08-17T17:09:32Z,95.0,Sense
2025-08-17T17:09:37Z,94.0,Sense
2025-08-17T17:09:42Z,95.0,Sense
2025-08-17T17:09:52Z,96.0,Sense
2025-08-17T17:10:07Z,96.0,Sense
2025-08-17T17:10:17Z,97.0,Sense
2025-08-17T17:10:22Z,96.0,Sense
2025-08-17T17:10:27Z,95.0,Sense
2025-08-17T17:10:42Z,96.0,Sense
2025-08-17T17:10:47Z,95.0,Sense
2025-08-17T17:10:52Z,96.0,Sense
2025-08-17T17:11:02Z,97.0,Sense
2025-08-17T17:11:07Z,98.0,Sense
2025-08-17T17:11:17Z,97.0,Sense
2025-08-17T17:11:22Z,96.0,Sense
2025-08-17T17:11:37Z,97.0,Sense
2025-08-17T17:11:42Z,96.0,Sense
2025-08-17T17:11:52Z,97.0,Sense
2025-08-17T17:12:02Z,96.0,Sense
2025-08-17T17:12:07Z,97.0,Sense
2025-08-17T17:12:12Z,98.0,Sense
2025-08-17T17:12:17Z,99.0,Sense
2025-08-17T17:12:22Z,98.0,Sense
2025-08-17T17:12:27Z,96.0,Sense
2025-08-17T17:12:32Z,92.0,Sense
2025-08-17T17:12:37Z,94.0,Sense
2025-08-17T17:12:42Z,98.0,Sense
2025-08-17T17:12:57Z,98.0,Sense
2025-08-17T17:13:07Z,98.0,Sense
2025-08-17T17:13:12Z,99.0,Sense
2025-08-17T17:13:27Z,98.0,Sense
2025-08-17T17:13:32Z,97.0,Sense
2025-08-17T17:13:42Z,98.0,Sense
2025-08-17T17:13:52Z,97.0,Sense
2025-08-17T17:13:57Z,98.0,Sense
2025-08-17T17:14:12Z,98.0,Sense
2025-08-17T17:14:17Z,99.0,Sense
2025-08-17T17:14:22Z,100.0,Sense
2025-08-17T17:14:27Z,101.0,Sense
2025-08-17T17:14:32Z,120.0,Sense
2025-08-17T17:14:37Z,129.0,Sense
2025-08-17T17:14:42Z,127.0,Sense
2025-08-17T17:14:47Z,126.0,Sense
2025-08-17T17:14:52Z,131.0,Sense
2025-08-17T17:14:57Z,132.0,Sense
2025-08-17T17:15:07Z,130.0,Sense
2025-08-17T17:15:17Z,124.0,Sense
2025-08-17T17:15:27Z,125.0,Sense
2025-08-17T17:15:32Z,127.0,Sense
2025-08-17T17:15:37Z,136.0,Sense
2025-08-17T17:15:42Z,139.0,Sense
2025-08-17T17:15:47Z,133.0,Sense
2025-08-17T17:15:52Z,126.0,Sense
2025-08-17T17:15:57Z,123.0,Sense
2025-08-17T17:16:02Z,122.0,Sense
2025-08-17T17:16:07Z,123.0,Sense
2025-08-17T17:16:17Z,119.0,Sense
2025-08-17T17:16:22Z,113.0,Sense
2025-08-17T17:16:27Z,112.0,Sense
2025-08-17T17:16:32Z,104.0,Sense
2025-08-17T17:16:37Z,101.0,Sense
2025-08-17T17:16:42Z,99.0,Sense
2025-08-17T17:16:47Z,97.0,Sense
2025-08-17T17:16:52Z,89.0,Sense
2025-08-17T17:16:57Z,87.0,Sense
2025-08-17T17:17:02Z,88.0,Sense
2025-08-17T17:17:07Z,88.0,Sense
2025-08-17T17:17:12Z,89.0,Sense
2025-08-17T17:17:22Z,90.0,Sense
2025-08-17T17:17:32Z,89.0,Sense
2025-08-17T17:17:47Z,89.0,Sense
2025-08-17T17:17:52Z,90.0,Sense
2025-08-17T17:17:57Z,98.0,Sense
2025-08-17T17:18:02Z,122.0,Sense
2025-08-17T17:18:17Z,121.0,Sense
2025-08-17T17:18:22Z,120.0,Sense
2025-08-17T17:18:27Z,116.0,Sense
2025-08-17T17:18:32Z,115.0,Sense
2025-08-17T17:18:37Z,114.0,Sense
2025-08-17T17:18:42Z,113.0,Sense
2025-08-17T17:18:47Z,116.0,Sense
2025-08-17T17:18:52Z,123.0,Sense
2025-08-17T17:18:57Z,121.0,Sense
2025-08-17T17:19:02Z,120.0,Sense
2025-08-17T17:19:12Z,113.0,Sense
2025-08-17T17:19:17Z,105.0,Sense
2025-08-17T17:19:22Z,108.0,Sense
2025-08-17T17:19:27Z,141.0,Sense
2025-08-17T17:19:32Z,144.0,Sense
2025-08-17T17:19:42Z,142.0,Sense
2025-08-17T17:19:47Z,140.0,Sense
2025-08-17T17:19:52Z,139.0,Sense
2025-08-17T17:19:57Z,133.0,Sense
2025-08-17T17:20:02Z,130.0,Sense
2025-08-17T17:20:12Z,132.0,Sense
2025-08-17T17:20:17Z,131.0,Sense
2025-08-17T17:20:22Z,134.0,Sense
2025-08-17T17:20:27Z,131.0,Sense
2025-08-17T17:20:32Z,133.0,Sense
2025-08-17T17:20:37Z,131.0,Sense
2025-08-17T17:20:42Z,130.0,Sense
2025-08-17T17:20:47Z,135.0,Sense
2025-08-17T17:20:52Z,133.0,Sense
2025-08-17T17:20:57Z,128.0,Sense
2025-08-17T17:21:02Z,121.0,Sense
2025-08-17T17:21:07Z,113.0,Sense
2025-08-17T17:21:12Z,112.0,Sense
2025-08-17T17:21:17Z,113.0,Sense
2025-08-17T17:21:27Z,108.0,Sense
2025-08-17T17:21:32Z,107.0,Sense
2025-08-17T17:21:37Z,105.0,Sense
2025-08-17T17:21:42Z,104.0,Sense
2025-08-17T17:21:47Z,99.0,Sense
2025-08-17T17:21:52Z,101.0,Sense
2025-08-17T17:21:57Z,102.0,Sense
2025-08-17T17:22:02Z,99.0,Sense
2025-08-17T17:22:07Z,94.0,Sense
2025-08-17T17:22:17Z,95.0,Sense
2025-08-17T17:22:22Z,97.0,Sense
2025-08-17T17:22:27Z,99.0,Sense
2025-08-17T17:22:32Z,97.0,Sense
2025-08-17T17:22:37Z,98.0,Sense
2025-08-17T17:22:42Z,100.0,Sense
2025-08-17T17:22:47Z,96.0,Sense
2025-08-17T17:22:52Z,95.0,Sense
2025-08-17T17:23:02Z,97.0,Sense
2025-08-17T17:23:07Z,95.0,Sense
2025-08-17T17:23:12Z,96.0,Sense
2025-08-17T17:23:22Z,93.0,Sense
2025-08-17T17:23:27Z,92.0,Sense
2025-08-17T17:23:32Z,91.0,Sense
2025-08-17T17:23:37Z,92.0,Sense
2025-08-17T17:23:42Z,97.0,Sense
2025-08-17T17:23:47Z,102.0,Sense
2025-08-17T17:23:52Z,103.0,Sense
2025-08-17T17:23:57Z,96.0,Sense
2025-08-17T17:24:02Z,97.0,Sense
2025-08-17T17:24:07Z,99.0,Sense
2025-08-17T17:24:12Z,96.0,Sense
2025-08-17T17:24:17Z,82.0,Sense
2025-08-17T17:24:22Z,76.0,Sense
2025-08-17T17:24:27Z,77.0,Sense
2025-08-17T17:24:32Z,80.0,Sense
2025-08-17T17:24:37Z,82.0,Sense
2025-08-17T17:24:42Z,90.0,Sense
2025-08-17T17:24:52Z,91.0,Sense
2025-08-17T17:24:57Z,92.0,Sense
2025-08-17T17:25:02Z,93.0,Sense
2025-08-17T17:25:07Z,92.0,Sense
2025-08-17T17:25:12Z,92.0,Sense
2025-08-17T17:25:27Z,93.0,Sense
2025-08-17T17:25:32Z,98.0,Sense
2025-08-17T17:25:37Z,109.0,Sense
2025-08-17T17:25:47Z,108.0,Sense
2025-08-17T17:25:57Z,106.0,Sense
2025-08-17T17:26:02Z,103.0,Sense
2025-08-17T17:26:07Z,100.0,Sense
2025-08-17T17:26:17Z,99.0,Sense
2025-08-17T17:26:22Z,97.0,Sense
2025-08-17T17:26:32Z,98.0,Sense
2025-08-17T17:26:37Z,99.0,Sense
2025-08-17T17:26:42Z,100.0,Sense
2025-08-17T17:26:47Z,99.0,Sense
2025-08-17T17:26:57Z,100.0,Sense
2025-08-17T17:27:02Z,97.0,Sense
2025-08-17T17:27:07Z,89.0,Sense
2025-08-17T17:27:12Z,90.0,Sense
2025-08-17T17:27:17Z,93.0,Sense
2025-08-17T17:27:22Z,95.0,Sense
2025-08-17T17:27:27Z,96.0,Sense
2025-08-17T17:27:37Z,97.0,Sense
2025-08-17T17:27:42Z,98.0,Sense
2025-08-17T17:27:47Z,101.0,Sense
2025-08-17T17:27:52Z,99.0,Sense
2025-08-17T17:28:02Z,101.0,Sense
2025-08-17T17:28:07Z,107.0,Sense
2025-08-17T17:28:12Z,110.0,Sense
2025-08-17T17:28:27Z,109.0,Sense
2025-08-17T17:28:32Z,108.0,Sense
2025-08-17T17:28:37Z,107.0,Sense
2025-08-17T17:28:42Z,105.0,Sense
2025-08-17T17:28:47Z,102.0,Sense
2025-08-17T17:28:57Z,103.0,Sense
2025-08-17T17:29:02Z,102.0,Sense
2025-08-17T17:29:12Z,101.0,Sense
2025-08-17T17:29:17Z,100.0,Sense
2025-08-17T17:29:22Z,98.0,Sense
2025-08-17T17:29:37Z,98.0,Sense
2025-08-17T17:29:42Z,97.0,Sense
2025-08-17T17:29:52Z,109.0,Sense
2025-08-17T17:29:58Z,110.0,Sense
2025-08-17T17:30:03Z,105.0,Sense
2025-08-17T17:30:08Z,102.0,Sense
2025-08-17T17:30:23Z,101.0,Sense
2025-08-17T17:30:28Z,99.0,Sense
2025-08-17T17:30:33Z,98.0,Sense
2025-08-17T17:30:48Z,98.0,Sense
2025-08-17T17:30:53Z,106.0,Sense
2025-08-17T17:30:58Z,121.0,Sense
2025-08-17T17:31:08Z,120.0,Sense
2025-08-17T17:31:13Z,118.0,Sense
2025-08-17T17:31:18Z,118.0,Sense
2025-08-17T17:31:23Z,116.0,Sense
2025-08-17T17:31:28Z,110.0,Sense
2025-08-17T17:31:33Z,113.0,Sense
2025-08-17T17:31:38Z,110.0,Sense
2025-08-17T17:31:43Z,108.0,Sense
2025-08-17T17:31:48Z,112.0,Sense
2025-08-17T17:31:53Z,115.0,Sense
2025-08-17T17:31:58Z,131.0,Sense
2025-08-17T17:32:03Z,161.0,Sense
2025-08-17T17:32:08Z,162.0,Sense
2025-08-17T17:32:13Z,160.0,Sense
2025-08-17T17:32:18Z,161.0,Sense
2025-08-17T17:32:23Z,160.0,Sense
2025-08-17T17:32:28Z,158.0,Sense
2025-08-17T17:32:33Z,146.0,Sense
2025-08-17T17:32:38Z,139.0,Sense
2025-08-17T17:32:43Z,138.0,Sense
2025-08-17T17:32:48Z,136.0,Sense
2025-08-17T17:32:53Z,135.0,Sense
2025-08-17T17:32:58Z,134.0,Sense
2025-08-17T17:33:03Z,130.0,Sense
2025-08-17T17:33:08Z,125.0,Sense
2025-08-17T17:33:13Z,121.0,Sense
2025-08-17T17:33:18Z,103.0,Sense
2025-08-17T17:33:33Z,103.0,Sense
2025-08-17T17:33:38Z,104.0,Sense
2025-08-17T17:33:48Z,104.0,Sense
2025-08-17T17:33:53Z,126.0,Sense
2025-08-17T17:33:58Z,130.0,Sense
2025-08-17T17:34:03Z,129.0,Sense
2025-08-17T17:34:08Z,128.0,Sense
2025-08-17T17:34:13Z,156.0,Sense
2025-08-17T17:34:18Z,166.0,Sense
2025-08-17T17:34:23Z,165.0,Sense
2025-08-17T17:34:28Z,163.0,Sense
2025-08-17T17:34:43Z,161.0,Sense
2025-08-17T17:34:48Z,162.0,Sense
2025-08-17T17:34:53Z,154.0,Sense
2025-08-17T17:34:58Z,150.0,Sense
2025-08-17T17:35:03Z,149.0,Sense
2025-08-17T17:35:13Z,147.0,Sense
2025-08-17T17:35:18Z,144.0,Sense
2025-08-17T17:35:23Z,141.0,Sense
2025-08-17T17:35:28Z,138.0,Sense
2025-08-17T17:35:33Z,133.0,Sense
2025-08-17T17:35:38Z,126.0,Sense
2025-08-17T17:35:43Z,119.0,Sense
2025-08-17T17:35:48Z,103.0,Sense
2025-08-17T17:35:58Z,106.0,Sense
2025-08-17T17:36:08Z,104.0,Sense
2025-08-17T17:36:13Z,105.0,Sense
2025-08-17T17:36:18Z,105.0,Sense
2025-08-17T17:36:23Z,107.0,Sense
2025-08-17T17:36:28Z,104.0,Sense
2025-08-17T17:36:33Z,115.0,Sense
2025-08-17T17:36:38Z,122.0,Sense
2025-08-17T17:36:53Z,122.0,Sense
2025-08-17T17:36:58Z,128.0,Sense
2025-08-17T17:37:03Z,148.0,Sense
2025-08-17T17:37:08Z,147.0,Sense
2025-08-17T17:37:13Z,145.0,Sense
2025-08-17T17:37:18Z,144.0,Sense
2025-08-17T17:37:23Z,140.0,Sense
2025-08-17T17:37:28Z,139.0,Sense
2025-08-17T17:37:33Z,134.0,Sense
2025-08-17T17:37:38Z,133.0,Sense
2025-08-17T17:37:43Z,130.0,Sense
2025-08-17T17:37:48Z,127.0,Sense
2025-08-17T17:37:53Z,123.0,Sense
2025-08-17T17:37:58Z,122.0,Sense
2025-08-17T17:38:03Z,125.0,Sense
2025-08-17T17:38:08Z,120.0,Sense
2025-08-17T17:38:13Z,119.0,Sense
2025-08-17T17:38:18Z,118.0,Sense
2025-08-17T17:38:23Z,115.0,Sense
2025-08-17T17:38:28Z,115.0,Sense
2025-08-17T17:38:38Z,115.0,Sense
2025-08-17T17:38:43Z,116.0,Sense
2025-08-17T17:38:48Z,118.0,Sense
2025-08-17T17:38:53Z,120.0,Sense
2025-08-17T17:38:58Z,123.0,Sense
2025-08-17T17:39:03Z,121.0,Sense
2025-08-17T17:39:08Z,118.0,Sense
2025-08-17T17:39:18Z,119.0,Sense
2025-08-17T17:39:23Z,127.0,Sense
2025-08-17T17:39:28Z,132.0,Sense
2025-08-17T17:39:33Z,130.0,Sense
2025-08-17T17:39:43Z,127.0,Sense
2025-08-17T17:39:48Z,125.0,Sense
2025-08-17T17:39:53Z,125.0,Sense
2025-08-17T17:40:03Z,123.0,Sense
2025-08-17T17:40:08Z,121.0,Sense
2025-08-17T17:40:13Z,114.0,Sense
2025-08-17T17:40:18Z,110.0,Sense
2025-08-17T17:40:23Z,106.0,Sense
2025-08-17T17:40:28Z,107.0,Sense
2025-08-17T17:40:33Z,123.0,Sense
2025-08-17T17:40:38Z,126.0,Sense
2025-08-17T17:40:43Z,124.0,Sense
2025-08-17T17:40:48Z,124.0,Sense
2025-08-17T17:40:53Z,123.0,Sense
2025-08-17T17:40:58Z,121.0,Sense
2025-08-17T17:41:03Z,120.0,Sense
2025-08-17T17:41:08Z,119.0,Sense
2025-08-17T17:41:13Z,117.0,Sense
2025-08-17T17:41:23Z,115.0,Sense
2025-08-17T17:41:28Z,118.0,Sense
2025-08-17T17:41:33Z,117.0,Sense
2025-08-17T17:41:38Z,111.0,Sense
2025-08-17T17:41:48Z,112.0,Sense
2025-08-17T17:41:53Z,110.0,Sense
2025-08-17T17:42:03Z,104.0,Sense
2025-08-17T17:42:08Z,93.0,Sense
2025-08-17T17:42:13Z,84.0,Sense
2025-08-17T17:42:18Z,83.0,Sense
2025-08-17T17:42:28Z,82.0,Sense
2025-08-17T17:42:33Z,80.0,Sense
2025-08-17T17:42:38Z,78.0,Sense
2025-08-17T17:42:43Z,77.0,Sense
2025-08-17T17:42:48Z,78.0,Sense
2025-08-17T17:42:53Z,79.0,Sense
2025-08-17T17:43:03Z,79.0,Sense
2025-08-17T17:43:08Z,80.0,Sense
2025-08-17T17:43:13Z,85.0,Sense
2025-08-17T17:43:18Z,104.0,Sense
2025-08-17T17:43:23Z,105.0,Sense
2025-08-17T17:43:28Z,106.0,Sense
2025-08-17T17:43:33Z,107.0,Sense
2025-08-17T17:43:38Z,101.0,Sense
2025-08-17T17:43:43Z,91.0,Sense
2025-08-17T17:43:58Z,90.0,Sense
2025-08-17T17:44:08Z,88.0,Sense
2025-08-17T17:44:13Z,83.0,Sense
2025-08-17T17:44:18Z,76.0,Sense
2025-08-17T17:44:23Z,74.0,Sense
2025-08-17T17:44:28Z,73.0,Sense
2025-08-17T17:44:33Z,94.0,Sense
2025-08-17T17:44:38Z,102.0,Sense
2025-08-17T17:44:43Z,101.0,Sense
2025-08-17T17:44:48Z,100.0,Sense
2025-08-17T17:44:53Z,103.0,Sense
2025-08-17T17:44:58Z,109.0,Sense
2025-08-17T17:45:03Z,108.0,Sense
2025-08-17T17:45:08Z,107.0,Sense
2025-08-17T17:45:13Z,105.0,Sense
2025-08-17T17:45:18Z,104.0,Sense
2025-08-17T17:45:23Z,110.0,Sense
2025-08-17T17:45:28Z,110.0,Sense
2025-08-17T17:45:33Z,109.0,Sense
2025-08-17T17:45:43Z,110.0,Sense
2025-08-17T17:45:53Z,109.0,Sense
2025-08-17T17:46:03Z,104.0,Sense
2025-08-17T17:46:08Z,105.0,Sense
2025-08-17T17:46:13Z,104.0,Sense
2025-08-17T17:46:18Z,100.0,Sense
2025-08-17T17:46:23Z,94.0,Sense
2025-08-17T17:46:28Z,95.0,Sense
2025-08-17T17:46:38Z,93.0,Sense
2025-08-17T17:46:43Z,107.0,Sense
2025-08-17T17:46:48Z,122.0,Sense
2025-08-17T17:46:53Z,123.0,Sense
2025-08-17T17:46:58Z,106.0,Sense
2025-08-17T17:47:03Z,105.0,Sense
2025-08-17T17:47:08Z,104.0,Sense
2025-08-17T17:47:13Z,103.0,Sense
2025-08-17T17:47:23Z,98.0,Sense
2025-08-17T17:47:28Z,97.0,Sense
2025-08-17T17:47:33Z,99.0,Sense
2025-08-17T17:47:38Z,101.0,Sense
2025-08-17T17:47:43Z,100.0,Sense
2025-08-17T17:47:48Z,99.0,Sense
2025-08-17T17:47:53Z,105.0,Sense
2025-08-17T17:47:58Z,112.0,Sense
2025-08-17T17:48:03Z,107.0,Sense
2025-08-17T17:48:08Z,103.0,Sense
2025-08-17T17:48:13Z,101.0,Sense
2025-08-17T17:48:18Z,95.0,Sense
2025-08-17T17:48:23Z,87.0,Sense
2025-08-17T17:48:28Z,101.0,Sense
2025-08-17T17:48:38Z,99.0,Sense
2025-08-17T17:48:43Z,96.0,Sense
2025-08-17T17:48:53Z,103.0,Sense
2025-08-17T17:48:58Z,112.0,Sense
2025-08-17T17:49:13Z,110.0,Sense
2025-08-17T17:49:18Z,111.0,Sense
2025-08-17T17:49:23Z,112.0,Sense
2025-08-17T17:49:28Z,110.0,Sense
2025-08-17T17:49:33Z,111.0,Sense
2025-08-17T17:49:38Z,122.0,Sense
2025-08-17T17:49:43Z,120.0,Sense
2025-08-17T17:49:48Z,122.0,Sense
2025-08-17T17:49:53Z,134.0,Sense
2025-08-17T17:49:58Z,140.0,Sense
2025-08-17T17:50:08Z,139.0,Sense
2025-08-17T17:50:18Z,137.0,Sense
2025-08-17T17:50:23Z,130.0,Sense
2025-08-17T17:50:38Z,127.0,Sense
2025-08-17T17:50:48Z,136.0,Sense
2025-08-17T17:50:53Z,145.0,Sense
2025-08-17T17:51:03Z,142.0,Sense
2025-08-17T17:51:13Z,141.0,Sense
2025-08-17T17:51:18Z,139.0,Sense
2025-08-17T17:51:23Z,139.0,Sense
2025-08-17T17:51:33Z,141.0,Sense
2025-08-17T17:51:38Z,136.0,Sense
2025-08-17T17:51:43Z,124.0,Sense
2025-08-17T17:51:48Z,123.0,Sense
2025-08-17T17:51:53Z,120.0,Sense
2025-08-17T17:51:58Z,121.0,Sense
2025-08-17T17:52:08Z,122.0,Sense
2025-08-17T17:52:18Z,121.0,Sense
2025-08-17T17:52:23Z,114.0,Sense
2025-08-17T17:52:33Z,111.0,Sense
2025-08-17T17:52:38Z,102.0,Sense
2025-08-17T17:52:43Z,96.0,Sense
2025-08-17T17:52:48Z,99.0,Sense
2025-08-17T17:52:53Z,100.0,Sense
2025-08-17T17:52:58Z,113.0,Sense
2025-08-17T17:53:03Z,116.0,Sense
2025-08-17T17:53:13Z,114.0,Sense
2025-08-17T17:53:18Z,112.0,Sense
2025-08-17T17:53:23Z,113.0,Sense
2025-08-17T17:53:28Z,115.0,Sense
2025-08-17T17:53:33Z,114.0,Sense
2025-08-17T17:53:38Z,109.0,Sense
2025-08-17T17:53:43Z,106.0,Sense
2025-08-17T17:53:48Z,103.0,Sense
2025-08-17T17:53:53Z,106.0,Sense
2025-08-17T17:53:58Z,103.0,Sense
2025-08-17T17:54:03Z,99.0,Sense
2025-08-17T17:54:08Z,100.0,Sense
2025-08-17T17:54:13Z,106.0,Sense
2025-08-17T17:54:18Z,109.0,Sense
2025-08-17T17:54:28Z,110.0,Sense
2025-08-17T17:54:33Z,111.0,Sense
2025-08-17T17:54:38Z,108.0,Sense
2025-08-17T17:54:43Z,110.0,Sense
2025-08-17T17:54:48Z,112.0,Sense
2025-08-17T17:54:53Z,111.0,Sense
2025-08-17T17:54:58Z,106.0,Sense
2025-08-17T17:55:03Z,101.0,Sense
2025-08-17T17:55:08Z,95.0,Sense
2025-08-17T17:55:13Z,97.0,Sense
2025-08-17T17:55:18Z,98.0,Sense
2025-08-17T17:55:23Z,90.0,Sense
2025-08-17T17:55:28Z,89.0,Sense
2025-08-17T17:55:33Z,101.0,Sense
2025-08-17T17:55:38Z,110.0,Sense
2025-08-17T17:55:43Z,109.0,Sense
2025-08-17T17:55:48Z,107.0,Sense
2025-08-17T17:55:53Z,105.0,Sense
2025-08-17T17:56:03Z,106.0,Sense
2025-08-17T17:56:08Z,105.0,Sense
2025-08-17T17:56:13Z,104.0,Sense
2025-08-17T17:56:23Z,103.0,Sense
2025-08-17T17:56:28Z,96.0,Sense
2025-08-17T17:56:33Z,97.0,Sense
2025-08-17T17:56:38Z,100.0,Sense
2025-08-17T17:56:43Z,95.0,Sense
2025-08-17T17:56:48Z,93.0,Sense
2025-08-17T17:56:53Z,92.0,Sense
2025-08-17T17:56:58Z,93.0,Sense
2025-08-17T17:57:03Z,92.0,Sense
2025-08-17T17:57:18Z,92.0,Sense
2025-08-17T17:57:23Z,93.0,Sense
2025-08-17T17:57:28Z,99.0,Sense
2025-08-17T17:57:33Z,99.0,Sense
2025-08-17T17:57:38Z,101.0,Sense
2025-08-17T17:57:43Z,100.0,Sense
2025-08-17T17:57:48Z,99.0,Sense
2025-08-17T17:57:53Z,101.0,Sense
2025-08-17T17:57:58Z,104.0,Sense
2025-08-17T17:58:03Z,106.0,Sense
2025-08-17T17:58:08Z,120.0,Sense
2025-08-17T17:58:13Z,127.0,Sense
2025-08-17T17:58:18Z,128.0,Sense
2025-08-17T17:58:23Z,127.0,Sense
2025-08-17T17:58:28Z,123.0,Sense
2025-08-17T17:58:33Z,118.0,Sense
2025-08-17T17:58:38Z,119.0,Sense
2025-08-17T17:58:43Z,115.0,Sense
2025-08-17T17:58:48Z,106.0,Sense
2025-08-17T17:58:53Z,105.0,Sense
2025-08-17T17:59:03Z,111.0,Sense
2025-08-17T17:59:08Z,116.0,Sense
2025-08-17T17:59:13Z,117.0,Sense
2025-08-17T17:59:18Z,114.0,Sense
2025-08-17T17:59:23Z,112.0,Sense
2025-08-17T17:59:28Z,110.0,Sense
2025-08-17T17:59:33Z,106.0,Sense
2025-08-17T17:59:38Z,110.0,Sense
2025-08-17T17:59:43Z,113.0,Sense
2025-08-17T17:59:48Z,111.0,Sense
2025-08-17T17:59:53Z,108.0,Sense
2025-08-17T17:59:58Z,109.0,Sense
2025-08-17T18:00:03Z,115.0,Sense
2025-08-17T18:00:08Z,124.0,Sense
2025-08-17T18:00:13Z,118.0,Sense
2025-08-17T18:00:18Z,112.0,Sense
2025-08-17T18:00:23Z,110.0,Sense
2025-08-17T18:00:28Z,109.0,Sense
2025-08-17T18:00:33Z,107.0,Sense
2025-08-17T18:00:38Z,105.0,Sense
2025-08-17T18:00:43Z,104.0,Sense
2025-08-17T18:00:48Z,108.0,Sense
2025-08-17T18:00:58Z,107.0,Sense
2025-08-17T18:01:03Z,105.0,Sense
2025-08-17T18:01:08Z,108.0,Sense
2025-08-17T18:01:13Z,109.0,Sense
2025-08-17T18:01:18Z,108.0,Sense
2025-08-17T18:01:23Z,105.0,Sense
2025-08-17T18:01:28Z,104.0,Sense
2025-08-17T18:01:33Z,102.0,Sense
2025-08-17T18:01:38Z,103.0,Sense
2025-08-17T18:01:43Z,99.0,Sense
2025-08-17T18:01:48Z,98.0,Sense
2025-08-17T18:01:53Z,95.0,Sense
2025-08-17T18:01:58Z,94.0,Sense
2025-08-17T18:02:13Z,95.0,Sense
2025-08-17T18:02:18Z,93.0,Sense
2025-08-17T18:02:23Z,90.0,Sense
2025-08-17T18:02:28Z,80.0,Sense
2025-08-17T18:02:33Z,81.0,Sense
2025-08-17T18:02:38Z,82.0,Sense
2025-08-17T18:02:43Z,81.0,Sense
2025-08-17T18:02:48Z,77.0,Sense
2025-08-17T18:02:53Z,87.0,Sense
2025-08-17T18:02:58Z,85.0,Sense
2025-08-17T18:03:03Z,84.0,Sense
2025-08-17T18:03:08Z,85.0,Sense
2025-08-17T18:03:18Z,86.0,Sense
2025-08-17T18:03:28Z,87.0,Sense
2025-08-17T18:03:33Z,88.0,Sense
2025-08-17T18:03:38Z,89.0,Sense
2025-08-17T18:03:43Z,90.0,Sense
2025-08-17T18:03:48Z,91.0,Sense
2025-08-17T18:03:53Z,90.0,Sense
2025-08-17T18:03:58Z,91.0,Sense
2025-08-17T18:04:03Z,88.0,Sense
2025-08-17T18:04:18Z,90.0,Sense
2025-08-17T18:04:28Z,91.0,Sense
2025-08-17T18:04:38Z,92.0,Sense
2025-08-17T18:04:43Z,92.0,Sense
2025-08-17T18:04:58Z,93.0,Sense
2025-08-17T18:05:03Z,96.0,Sense
2025-08-17T18:05:08Z,99.0,Sense
2025-08-17T18:05:13Z,100.0,Sense
2025-08-17T18:05:28Z,99.0,Sense
2025-08-17T18:05:33Z,100.0,Sense
2025-08-17T18:05:38Z,101.0,Sense
2025-08-17T18:05:43Z,98.0,Sense
2025-08-17T18:05:48Z,97.0,Sense
2025-08-17T18:05:53Z,107.0,Sense
2025-08-17T18:05:58Z,119.0,Sense
2025-08-17T18:06:03Z,118.0,Sense
2025-08-17T18:06:13Z,126.0,Sense
2025-08-17T18:06:18Z,131.0,Sense
2025-08-17T18:06:23Z,128.0,Sense
2025-08-17T18:06:28Z,126.0,Sense
2025-08-17T18:06:33Z,125.0,Sense
2025-08-17T18:06:38Z,123.0,Sense
2025-08-17T18:06:43Z,126.0,Sense
2025-08-17T18:06:48Z,127.0,Sense
2025-08-17T18:06:53Z,124.0,Sense
2025-08-17T18:06:58Z,122.0,Sense
2025-08-17T18:07:08Z,128.0,Sense
2025-08-17T18:07:13Z,132.0,Sense
2025-08-17T18:07:18Z,133.0,Sense
2025-08-17T18:07:28Z,134.0,Sense
2025-08-17T18:07:38Z,126.0,Sense
2025-08-17T18:07:43Z,125.0,Sense
2025-08-17T18:07:48Z,124.0,Sense
2025-08-17T18:07:58Z,140.0,Sense
2025-08-17T18:08:03Z,162.0,Sense
2025-08-17T18:08:08Z,161.0,Sense
2025-08-17T18:08:13Z,162.0,Sense
2025-08-17T18:08:18Z,161.0,Sense
2025-08-17T18:08:28Z,162.0,Sense
2025-08-17T18:08:33Z,155.0,Sense
2025-08-17T18:08:38Z,149.0,Sense
2025-08-17T18:08:43Z,148.0,Sense
2025-08-17T18:08:48Z,144.0,Sense
2025-08-17T18:08:53Z,145.0,Sense
2025-08-17T18:08:58Z,143.0,Sense
2025-08-17T18:09:03Z,141.0,Sense
2025-08-17T18:09:08Z,137.0,Sense
2025-08-17T18:09:13Z,133.0,Sense
2025-08-17T18:09:18Z,128.0,Sense
2025-08-17T18:09:23Z,127.0,Sense
2025-08-17T18:09:28Z,126.0,Sense
2025-08-17T18:09:33Z,123.0,Sense
2025-08-17T18:09:38Z,118.0,Sense
2025-08-17T18:09:43Z,115.0,Sense
2025-08-17T18:09:48Z,112.0,Sense
2025-08-17T18:09:58Z,109.0,Sense
2025-08-17T18:10:03Z,101.0,Sense
2025-08-17T18:10:08Z,104.0,Sense
2025-08-17T18:10:13Z,106.0,Sense
2025-08-17T18:10:23Z,108.0,Sense
2025-08-17T18:10:28Z,109.0,Sense
2025-08-17T18:10:33Z,113.0,Sense
2025-08-17T18:10:38Z,112.0,Sense
2025-08-17T18:10:43Z,116.0,Sense
2025-08-17T18:10:48Z,119.0,Sense
2025-08-17T18:10:53Z,115.0,Sense
2025-08-17T18:10:58Z,113.0,Sense
2025-08-17T18:11:08Z,111.0,Sense
2025-08-17T18:11:13Z,112.0,Sense
2025-08-17T18:11:18Z,115.0,Sense
2025-08-17T18:11:23Z,116.0,Sense
2025-08-17T18:11:38Z,115.0,Sense
2025-08-17T18:11:43Z,110.0,Sense
2025-08-17T18:11:48Z,107.0,Sense
2025-08-17T18:11:58Z,110.0,Sense
2025-08-17T18:12:03Z,114.0,Sense
2025-08-17T18:12:08Z,111.0,Sense
2025-08-17T18:12:13Z,110.0,Sense
2025-08-17T18:12:18Z,106.0,Sense
2025-08-17T18:12:23Z,106.0,Sense
2025-08-17T18:12:28Z,113.0,Sense
2025-08-17T18:12:33Z,119.0,Sense
2025-08-17T18:12:38Z,113.0,Sense
2025-08-17T18:12:43Z,112.0,Sense
2025-08-17T18:12:48Z,110.0,Sense
2025-08-17T18:12:53Z,109.0,Sense
2025-08-17T18:12:58Z,110.0,Sense
2025-08-17T18:13:03Z,108.0,Sense
2025-08-17T18:13:08Z,105.0,Sense
2025-08-17T18:13:13Z,103.0,Sense
2025-08-17T18:13:23Z,107.0,Sense
2025-08-17T18:13:28Z,95.0,Sense
2025-08-17T18:13:33Z,90.0,Sense
2025-08-17T18:13:38Z,89.0,Sense
2025-08-17T18:13:48Z,90.0,Sense
2025-08-17T18:13:53Z,89.0,Sense
2025-08-17T18:14:03Z,90.0,Sense
2025-08-17T18:14:13Z,92.0,Sense
2025-08-17T18:14:18Z,94.0,Sense
2025-08-17T18:14:23Z,91.0,Sense
2025-08-17T18:14:33Z,92.0,Sense
2025-08-17T18:14:38Z,91.0,Sense
2025-08-17T18:14:43Z,91.0,Sense
2025-08-17T18:14:48Z,94.0,Sense
2025-08-17T18:14:53Z,96.0,Sense
2025-08-17T18:14:58Z,95.0,Sense
2025-08-17T18:15:03Z,94.0,Sense
2025-08-17T18:15:13Z,92.0,Sense
2025-08-17T18:15:18Z,93.0,Sense
2025-08-17T18:15:23Z,97.0,Sense
2025-08-17T18:15:28Z,101.0,Sense
2025-08-17T18:15:33Z,111.0,Sense
2025-08-17T18:15:43Z,110.0,Sense
2025-08-17T18:15:48Z,112.0,Sense
2025-08-17T18:15:53Z,133.0,Sense
2025-08-17T18:15:58Z,132.0,Sense
2025-08-17T18:16:08Z,133.0,Sense
2025-08-17T18:16:13Z,131.0,Sense
2025-08-17T18:16:18Z,133.0,Sense
2025-08-17T18:16:23Z,139.0,Sense
2025-08-17T18:16:28Z,143.0,Sense
2025-08-17T18:16:33Z,146.0,Sense
2025-08-17T18:16:38Z,134.0,Sense
2025-08-17T18:16:43Z,141.0,Sense
2025-08-17T18:16:53Z,153.0,Sense
2025-08-17T18:16:58Z,159.0,Sense
2025-08-17T18:17:13Z,159.0,Sense
2025-08-17T18:17:18Z,158.0,Sense
2025-08-17T18:17:23Z,155.0,Sense
2025-08-17T18:17:28Z,148.0,Sense
2025-08-17T18:17:33Z,143.0,Sense
2025-08-17T18:17:38Z,134.0,Sense
2025-08-17T18:17:43Z,125.0,Sense
2025-08-17T18:17:48Z,120.0,Sense
2025-08-17T18:17:53Z,114.0,Sense
2025-08-17T18:17:58Z,112.0,Sense
2025-08-17T18:18:03Z,115.0,Sense
2025-08-17T18:18:08Z,119.0,Sense
2025-08-17T18:18:13Z,118.0,Sense
2025-08-17T18:18:18Z,111.0,Sense
2025-08-17T18:18:23Z,108.0,Sense
2025-08-17T18:18:28Z,103.0,Sense
2025-08-17T18:18:33Z,100.0,Sense
2025-08-17T18:18:38Z,101.0,Sense
2025-08-17T18:18:43Z,89.0,Sense
2025-08-17T18:18:48Z,85.0,Sense
2025-08-17T18:18:58Z,86.0,Sense
2025-08-17T18:19:03Z,87.0,Sense
2025-08-17T18:19:08Z,88.0,Sense
2025-08-17T18:19:13Z,89.0,Sense
2025-08-17T18:19:18Z,93.0,Sense
2025-08-17T18:19:23Z,97.0,Sense
2025-08-17T18:19:28Z,89.0,Sense
2025-08-17T18:19:33Z,88.0,Sense
2025-08-17T18:19:38Z,86.0,Sense
2025-08-17T18:19:43Z,85.0,Sense
2025-08-17T18:19:48Z,79.0,Sense
2025-08-17T18:20:03Z,80.0,Sense
2025-08-17T18:20:08Z,80.0,Sense
2025-08-17T18:20:13Z,71.0,Sense
2025-08-17T18:20:18Z,67.0,Sense
2025-08-17T18:20:28Z,68.0,Sense
2025-08-17T18:20:43Z,68.0,Sense
2025-08-17T18:20:48Z,70.0,Sense
2025-08-17T18:20:53Z,72.0,Sense
2025-08-17T18:21:03Z,71.0,Sense
2025-08-17T18:21:13Z,72.0,Sense
2025-08-17T18:21:18Z,74.0,Sense
2025-08-17T18:21:23Z,75.0,Sense
2025-08-17T18:21:28Z,76.0,Sense
2025-08-17T18:21:33Z,77.0,Sense
2025-08-17T18:21:38Z,78.0,Sense
2025-08-17T18:21:43Z,79.0,Sense
2025-08-17T18:21:48Z,81.0,Sense
2025-08-17T18:21:53Z,83.0,Sense
2025-08-17T18:21:58Z,84.0,Sense
2025-08-17T18:22:03Z,85.0,Sense
2025-08-17T18:22:13Z,86.0,Sense
2025-08-17T18:22:18Z,91.0,Sense
2025-08-17T18:22:23Z,106.0,Sense
2025-08-17T18:22:38Z,90.0,Sense
2025-08-17T18:22:43Z,91.0,Sense
2025-08-17T18:22:53Z,92.0,Sense
2025-08-17T18:22:58Z,95.0,Sense
2025-08-17T18:23:03Z,96.0,Sense
2025-08-17T18:23:13Z,97.0,Sense
2025-08-17T18:23:18Z,98.0,Sense
2025-08-17T18:23:23Z,99.0,Sense
2025-08-17T18:23:28Z,104.0,Sense
2025-08-17T18:23:43Z,103.0,Sense
2025-08-17T18:23:48Z,102.0,Sense
2025-08-17T18:23:53Z,101.0,Sense
2025-08-17T18:23:58Z,98.0,Sense
2025-08-17T18:24:03Z,99.0,Sense
2025-08-17T18:24:18Z,99.0,Sense
2025-08-17T18:24:23Z,106.0,Sense
2025-08-17T18:24:28Z,113.0,Sense
2025-08-17T18:24:33Z,111.0,Sense
2025-08-17T18:24:38Z,110.0,Sense
2025-08-17T18:24:48Z,108.0,Sense
2025-08-17T18:24:53Z,106.0,Sense
2025-08-17T18:24:58Z,104.0,Sense
2025-08-17T18:25:03Z,101.0,Sense
2025-08-17T18:25:08Z,94.0,Sense
2025-08-17T18:25:13Z,101.0,Sense
2025-08-17T18:25:18Z,100.0,Sense
2025-08-17T18:25:23Z,101.0,Sense
2025-08-17T18:25:33Z,102.0,Sense
2025-08-17T18:25:38Z,100.0,Sense
2025-08-17T18:25:48Z,101.0,Sense
2025-08-17T18:25:58Z,102.0,Sense
2025-08-17T18:26:03Z,104.0,Sense
2025-08-17T18:26:08Z,103.0,Sense
2025-08-17T18:26:13Z,105.0,Sense
2025-08-17T18:26:18Z,106.0,Sense
2025-08-17T18:26:23Z,104.0,Sense
2025-08-17T18:26:28Z,102.0,Sense
2025-08-17T18:26:33Z,100.0,Sense
2025-08-17T18:26:43Z,90.0,Sense
2025-08-17T18:26:53Z,91.0,Sense
2025-08-17T18:26:58Z,93.0,Sense
2025-08-17T18:27:03Z,89.0,Sense
2025-08-17T18:27:08Z,91.0,Sense
2025-08-17T18:27:13Z,99.0,Sense
2025-08-17T18:27:18Z,100.0,Sense
2025-08-17T18:27:28Z,107.0,Sense
2025-08-17T18:27:33Z,110.0,Sense
2025-08-17T18:27:48Z,109.0,Sense
2025-08-17T18:27:53Z,110.0,Sense
2025-08-17T18:27:58Z,110.0,Sense
2025-08-17T18:28:03Z,97.0,Sense
2025-08-17T18:28:08Z,89.0,Sense
2025-08-17T18:28:23Z,90.0,Sense
2025-08-17T18:28:28Z,91.0,Sense
2025-08-17T18:28:43Z,101.0,Sense
2025-08-17T18:28:48Z,105.0,Sense
2025-08-17T18:28:53Z,104.0,Sense
2025-08-17T18:28:58Z,105.0,Sense
2025-08-17T18:29:03Z,107.0,Sense
2025-08-17T18:29:08Z,105.0,Sense
2025-08-17T18:29:13Z,102.0,Sense
2025-08-17T18:29:18Z,95.0,Sense
2025-08-17T18:29:33Z,95.0,Sense
2025-08-17T18:29:38Z,96.0,Sense
2025-08-17T18:29:43Z,97.0,Sense
2025-08-17T18:29:48Z,96.0,Sense
2025-08-17T18:30:03Z,94.0,Sense
2025-08-17T18:30:13Z,92.0,Sense
2025-08-17T18:30:18Z,88.0,Sense
2025-08-17T18:30:23Z,89.0,Sense
2025-08-17T18:30:28Z,90.0,Sense
2025-08-17T18:30:33Z,91.0,Sense
2025-08-17T18:30:38Z,105.0,Sense
2025-08-17T18:30:43Z,110.0,Sense
2025-08-17T18:30:48Z,111.0,Sense
2025-08-17T18:31:03Z,111.0,Sense
2025-08-17T18:31:08Z,109.0,Sense
2025-08-17T18:31:13Z,106.0,Sense
2025-08-17T18:31:18Z,104.0,Sense
2025-08-17T18:31:23Z,103.0,Sense
2025-08-17T18:31:33Z,101.0,Sense
2025-08-17T18:31:38Z,99.0,Sense
2025-08-17T18:31:53Z,100.0,Sense
2025-08-17T18:31:58Z,101.0,Sense
2025-08-17T18:32:13Z,108.0,Sense
2025-08-17T18:32:18Z,111.0,Sense
2025-08-17T18:32:23Z,110.0,Sense
2025-08-17T18:32:28Z,111.0,Sense
2025-08-17T18:32:33Z,112.0,Sense
2025-08-17T18:32:38Z,111.0,Sense
2025-08-17T18:32:43Z,107.0,Sense
2025-08-17T18:32:48Z,105.0,Sense
2025-08-17T18:32:53Z,103.0,Sense
2025-08-17T18:32:58Z,101.0,Sense
2025-08-17T18:33:03Z,100.0,Sense
2025-08-17T18:33:08Z,102.0,Sense
2025-08-17T18:33:13Z,103.0,Sense
2025-08-17T18:33:18Z,96.0,Sense
2025-08-17T18:33:23Z,93.0,Sense
2025-08-17T18:33:33Z,94.0,Sense
2025-08-17T18:33:38Z,96.0,Sense
2025-08-17T18:33:43Z,104.0,Sense
2025-08-17T18:33:53Z,103.0,Sense
2025-08-17T18:33:58Z,106.0,Sense
2025-08-17T18:34:03Z,105.0,Sense
2025-08-17T18:34:08Z,102.0,Sense
2025-08-17T18:34:13Z,100.0,Sense
2025-08-17T18:34:18Z,99.0,Sense
2025-08-17T18:34:28Z,100.0,Sense
2025-08-17T18:34:33Z,101.0,Sense
2025-08-17T18:34:38Z,102.0,Sense
2025-08-17T18:34:43Z,104.0,Sense
2025-08-17T18:34:48Z,105.0,Sense
2025-08-17T18:34:58Z,107.0,Sense
2025-08-17T18:35:03Z,120.0,Sense
2025-08-17T18:35:08Z,118.0,Sense
2025-08-17T18:35:18Z,120.0,Sense
2025-08-17T18:35:28Z,117.0,Sense
2025-08-17T18:35:33Z,113.0,Sense
2025-08-17T18:35:38Z,111.0,Sense
2025-08-17T18:35:43Z,110.0,Sense
2025-08-17T18:35:48Z,109.0,Sense
2025-08-17T18:35:58Z,110.0,Sense
2025-08-17T18:36:13Z,109.0,Sense
2025-08-17T18:36:18Z,108.0,Sense
2025-08-17T18:36:23Z,107.0,Sense
2025-08-17T18:36:28Z,105.0,Sense
2025-08-17T18:36:43Z,104.0,Sense
2025-08-17T18:36:48Z,102.0,Sense
2025-08-17T18:37:03Z,103.0,Sense
2025-08-17T18:37:08Z,104.0,Sense
2025-08-17T18:37:23Z,106.0,Sense
2025-08-17T18:37:28Z,105.0,Sense
2025-08-17T18:37:33Z,104.0,Sense
2025-08-17T18:37:38Z,103.0,Sense
2025-08-17T18:37:43Z,102.0,Sense
2025-08-17T18:37:48Z,102.0,Sense
2025-08-17T18:37:58Z,105.0,Sense
2025-08-17T18:38:03Z,109.0,Sense
2025-08-17T18:38:08Z,108.0,Sense
2025-08-17T18:38:13Z,106.0,Sense
2025-08-17T18:38:18Z,105.0,Sense
2025-08-17T18:38:23Z,103.0,Sense
2025-08-17T18:38:28Z,99.0,Sense
2025-08-17T18:38:33Z,97.0,Sense
2025-08-17T18:38:38Z,99.0,Sense
2025-08-17T18:38:43Z,99.0,Sense
2025-08-17T18:38:53Z,99.0,Sense
2025-08-17T18:39:03Z,101.0,Sense
2025-08-17T18:39:08Z,100.0,Sense
2025-08-17T18:39:13Z,99.0,Sense
2025-08-17T18:39:23Z,98.0,Sense
2025-08-17T18:39:28Z,99.0,Sense
2025-08-17T18:39:33Z,102.0,Sense
2025-08-17T18:39:38Z,101.0,Sense
2025-08-17T18:39:43Z,100.0,Sense
2025-08-17T18:39:53Z,100.0,Sense
2025-08-17T18:39:58Z,99.0,Sense
2025-08-17T18:40:13Z,98.0,Sense
2025-08-17T18:40:23Z,99.0,Sense
2025-08-17T18:40:33Z,101.0,Sense
2025-08-17T18:40:48Z,101.0,Sense
2025-08-17T18:41:03Z,102.0,Sense
2025-08-17T18:41:18Z,102.0,Sense
2025-08-17T18:41:28Z,101.0,Sense
2025-08-17T18:41:38Z,100.0,Sense
2025-08-17T18:41:43Z,101.0,Sense
2025-08-17T18:41:48Z,100.0,Sense
2025-08-17T18:41:53Z,101.0,Sense
2025-08-17T18:41:58Z,100.0,Sense
2025-08-17T18:42:03Z,98.0,Sense
2025-08-17T18:42:18Z,99.0,Sense
2025-08-17T18:42:23Z,97.0,Sense
2025-08-17T18:42:28Z,96.0,Sense
2025-08-17T18:42:33Z,97.0,Sense
2025-08-17T18:42:38Z,98.0,Sense
2025-08-17T18:42:43Z,99.0,Sense
2025-08-17T18:42:48Z,100.0,Sense
2025-08-17T18:42:53Z,99.0,Sense
2025-08-17T18:42:58Z,98.0,Sense
2025-08-17T18:43:13Z,96.0,Sense
2025-08-17T18:43:18Z,96.0,Sense
2025-08-17T18:43:33Z,96.0,Sense
2025-08-17T18:43:43Z,96.0,Sense
2025-08-17T18:43:48Z,95.0,Sense
2025-08-17T18:43:53Z,92.0,Sense
2025-08-17T18:43:58Z,91.0,Sense
2025-08-17T18:44:08Z,92.0,Sense
2025-08-17T18:44:13Z,100.0,Sense
2025-08-17T18:44:18Z,110.0,Sense
2025-08-17T18:44:23Z,111.0,Sense
2025-08-17T18:44:33Z,112.0,Sense
2025-08-17T18:44:38Z,110.0,Sense
2025-08-17T18:44:43Z,115.0,Sense
2025-08-17T18:44:48Z,114.0,Sense
2025-08-17T18:44:58Z,115.0,Sense
2025-08-17T18:45:08Z,104.0,Sense
2025-08-17T18:45:13Z,97.0,Sense
2025-08-17T18:45:28Z,98.0,Sense
2025-08-17T18:45:33Z,98.0,Sense
2025-08-17T18:45:48Z,98.0,Sense
2025-08-17T18:45:53Z,99.0,Sense
2025-08-17T18:46:03Z,97.0,Sense
2025-08-17T18:46:18Z,98.0,Sense
2025-08-17T18:46:23Z,97.0,Sense
2025-08-17T18:46:28Z,96.0,Sense
2025-08-17T18:46:43Z,96.0,Sense
2025-08-17T18:46:48Z,97.0,Sense
2025-08-17T18:46:58Z,98.0,Sense
2025-08-17T18:47:08Z,99.0,Sense
2025-08-17T18:47:18Z,104.0,Sense
2025-08-17T18:47:23Z,105.0,Sense
2025-08-17T18:47:28Z,106.0,Sense
2025-08-17T18:47:33Z,107.0,Sense
2025-08-17T18:47:38Z,108.0,Sense
2025-08-17T18:47:43Z,105.0,Sense
2025-08-17T18:47:48Z,104.0,Sense
2025-08-17T18:47:53Z,102.0,Sense
2025-08-17T18:47:58Z,100.0,Sense
2025-08-17T18:48:13Z,101.0,Sense
2025-08-17T18:48:18Z,100.0,Sense
2025-08-17T18:48:23Z,99.0,Sense
2025-08-17T18:48:28Z,100.0,Sense
2025-08-17T18:48:33Z,99.0,Sense
2025-08-17T18:48:38Z,98.0,Sense
2025-08-17T18:48:48Z,99.0,Sense
2025-08-17T18:48:53Z,100.0,Sense
2025-08-17T18:48:58Z,102.0,Sense
2025-08-17T18:49:03Z,101.0,Sense
2025-08-17T18:49:08Z,99.0,Sense
2025-08-17T18:49:18Z,100.0,Sense
2025-08-17T18:49:23Z,116.0,Sense
2025-08-17T18:49:28Z,127.0,Sense
2025-08-17T18:49:33Z,126.0,Sense
2025-08-17T18:49:38Z,125.0,Sense
2025-08-17T18:49:48Z,125.0,Sense
2025-08-17T18:49:53Z,124.0,Sense
2025-08-17T18:49:58Z,119.0,Sense
2025-08-17T18:50:03Z,117.0,Sense
2025-08-17T18:50:08Z,115.0,Sense
2025-08-17T18:50:13Z,106.0,Sense
2025-08-17T18:50:18Z,103.0,Sense
2025-08-17T18:50:23Z,97.0,Sense
2025-08-17T18:50:28Z,96.0,Sense
2025-08-17T18:50:33Z,95.0,Sense
2025-08-17T18:50:48Z,95.0,Sense
2025-08-17T18:50:53Z,96.0,Sense
2025-08-17T18:50:58Z,94.0,Sense
2025-08-17T18:51:13Z,90.0,Sense
2025-08-17T18:51:18Z,89.0,Sense
2025-08-17T18:51:23Z,88.0,Sense
2025-08-17T18:51:28Z,90.0,Sense
2025-08-17T18:51:33Z,94.0,Sense
2025-08-17T18:51:38Z,98.0,Sense
2025-08-17T18:51:48Z,97.0,Sense
2025-08-17T18:51:53Z,98.0,Sense
2025-08-17T18:51:58Z,96.0,Sense
2025-08-17T18:52:03Z,94.0,Sense
2025-08-17T18:52:13Z,88.0,Sense
2025-08-17T18:52:18Z,87.0,Sense
2025-08-17T18:52:28Z,88.0,Sense
2025-08-17T18:52:38Z,88.0,Sense
2025-08-17T18:52:43Z,90.0,Sense
2025-08-17T18:52:58Z,92.0,Sense
2025-08-17T18:53:03Z,94.0,Sense
2025-08-17T18:53:18Z,94.0,Sense
2025-08-17T18:53:23Z,96.0,Sense
2025-08-17T18:53:28Z,98.0,Sense
2025-08-17T18:53:38Z,100.0,Sense
2025-08-17T18:53:48Z,99.0,Sense
2025-08-17T18:53:58Z,100.0,Sense
2025-08-17T18:54:08Z,100.0,Sense
2025-08-17T18:54:13Z,99.0,Sense
2025-08-17T18:54:18Z,98.0,Sense
2025-08-17T18:54:23Z,98.0,Sense
2025-08-17T18:54:33Z,97.0,Sense
2025-08-17T18:54:38Z,97.0,Sense
2025-08-17T18:54:48Z,98.0,Sense
2025-08-17T18:54:53Z,97.0,Sense
2025-08-17T18:55:03Z,98.0,Sense
2025-08-17T18:55:08Z,99.0,Sense
2025-08-17T18:55:18Z,100.0,Sense
2025-08-17T18:55:28Z,101.0,Sense
2025-08-17T18:55:33Z,100.0,Sense
2025-08-17T18:55:43Z,102.0,Sense
2025-08-17T18:55:48Z,103.0,Sense
2025-08-17T18:55:53Z,102.0,Sense
2025-08-17T18:55:58Z,97.0,Sense
2025-08-17T18:56:08Z,98.0,Sense
2025-08-17T18:56:13Z,94.0,Sense
2025-08-17T18:56:28Z,94.0,Sense
2025-08-17T18:56:43Z,94.0,Sense
2025-08-17T18:56:58Z,94.0,Sense
2025-08-17T18:57:03Z,95.0,Sense
2025-08-17T18:57:08Z,96.0,Sense
2025-08-17T18:57:13Z,97.0,Sense
2025-08-17T18:57:18Z,98.0,Sense
2025-08-17T18:57:23Z,99.0,Sense
2025-08-17T18:57:28Z,97.0,Sense
2025-08-17T18:57:33Z,96.0,Sense
2025-08-17T18:57:38Z,95.0,Sense
2025-08-17T18:57:43Z,91.0,Sense
2025-08-17T18:57:48Z,92.0,Sense
2025-08-17T18:57:58Z,91.0,Sense
2025-08-17T18:58:13Z,92.0,Sense
2025-08-17T18:58:28Z,93.0,Sense
2025-08-17T18:58:43Z,94.0,Sense
2025-08-17T18:58:53Z,93.0,Sense
2025-08-17T18:59:08Z,94.0,Sense
2025-08-17T18:59:13Z,95.0,Sense
2025-08-17T18:59:23Z,96.0,Sense
2025-08-17T18:59:28Z,97.0,Sense
2025-08-17T18:59:33Z,98.0,Sense
2025-08-17T18:59:38Z,100.0,Sense
2025-08-17T18:59:48Z,98.0,Sense
2025-08-17T18:59:53Z,94.0,Sense
2025-08-17T19:00:08Z,94.0,Sense
2025-08-17T19:00:13Z,95.0,Sense
2025-08-17T19:00:23Z,95.0,Sense
2025-08-17T19:00:28Z,94.0,Sense
2025-08-17T19:00:33Z,94.0,Sense
2025-08-17T19:00:38Z,91.0,Sense
2025-08-17T19:00:53Z,91.0,Sense
2025-08-17T19:00:58Z,93.0,Sense
2025-08-17T19:01:03Z,93.0,Sense
2025-08-17T19:01:08Z,90.0,Sense
2025-08-17T19:01:13Z,89.0,Sense
2025-08-17T19:01:28Z,92.0,Sense
2025-08-17T19:01:33Z,95.0,Sense
2025-08-17T19:01:48Z,99.0,Sense
2025-08-17T19:01:58Z,98.0,Sense
2025-08-17T19:02:03Z,97.0,Sense
2025-08-17T19:02:13Z,93.0,Sense
2025-08-17T19:02:23Z,94.0,Sense
2025-08-17T19:02:28Z,93.0,Sense
2025-08-17T19:02:33Z,98.0,Sense
2025-08-17T19:02:38Z,100.0,Sense
2025-08-17T19:02:43Z,101.0,Sense
2025-08-17T19:02:48Z,100.0,Sense
2025-08-17T19:02:53Z,101.0,Sense
2025-08-17T19:02:58Z,103.0,Sense
2025-08-17T19:03:03Z,102.0,Sense
2025-08-17T19:03:08Z,100.0,Sense
2025-08-17T19:03:13Z,99.0,Sense
2025-08-17T19:03:23Z,100.0,Sense
2025-08-17T19:03:28Z,102.0,Sense
2025-08-17T19:03:33Z,100.0,Sense
2025-08-17T19:03:38Z,98.0,Sense
2025-08-17T19:03:43Z,100.0,Sense
2025-08-17T19:03:48Z,99.0,Sense
2025-08-17T19:03:58Z,98.0,Sense
2025-08-17T19:04:03Z,99.0,Sense
2025-08-17T19:04:13Z,100.0,Sense
2025-08-17T19:04:18Z,98.0,Sense
2025-08-17T19:04:23Z,97.0,Sense
2025-08-17T19:04:28Z,97.0,Sense
2025-08-17T19:04:33Z,98.0,Sense
2025-08-17T19:04:38Z,99.0,Sense
2025-08-17T19:04:43Z,99.0,Sense
2025-08-17T19:04:53Z,100.0,Sense
2025-08-17T19:04:58Z,99.0,Sense
2025-08-17T19:05:13Z,99.0,Sense
2025-08-17T19:05:18Z,97.0,Sense
2025-08-17T19:05:33Z,97.0,Sense
2025-08-17T19:05:38Z,96.0,Sense
2025-08-17T19:05:48Z,95.0,Sense
2025-08-17T19:06:03Z,97.0,Sense
2025-08-17T19:06:08Z,98.0,Sense
2025-08-17T19:06:23Z,99.0,Sense
2025-08-17T19:06:38Z,99.0,Sense
2025-08-17T19:06:43Z,100.0,Sense
2025-08-17T19:06:48Z,105.0,Sense
2025-08-17T19:06:53Z,106.0,Sense
2025-08-17T19:07:03Z,108.0,Sense
2025-08-17T19:07:18Z,107.0,Sense
2025-08-17T19:07:23Z,105.0,Sense
2025-08-17T19:07:28Z,104.0,Sense
2025-08-17T19:07:38Z,105.0,Sense
2025-08-17T19:07:48Z,104.0,Sense
2025-08-17T19:07:53Z,103.0,Sense
2025-08-17T19:08:03Z,102.0,Sense
2025-08-17T19:08:08Z,100.0,Sense
2025-08-17T19:08:13Z,97.0,Sense
2025-08-17T19:08:23Z,96.0,Sense
2025-08-17T19:08:28Z,97.0,Sense
2025-08-17T19:08:33Z,98.0,Sense
2025-08-17T19:08:48Z,100.0,Sense
2025-08-17T19:08:53Z,101.0,Sense
2025-08-17T19:09:08Z,102.0,Sense
2025-08-17T19:09:13Z,103.0,Sense
2025-08-17T19:09:18Z,104.0,Sense
2025-08-17T19:09:33Z,103.0,Sense
2025-08-17T19:09:38Z,102.0,Sense
2025-08-17T19:09:43Z,95.0,Sense
2025-08-17T19:09:48Z,92.0,Sense
2025-08-17T19:09:53Z,91.0,Sense
2025-08-17T19:10:08Z,91.0,Sense
2025-08-17T19:10:13Z,93.0,Sense
2025-08-17T19:10:18Z,94.0,Sense
2025-08-17T19:10:23Z,95.0,Sense
2025-08-17T19:10:28Z,94.0,Sense
2025-08-17T19:10:38Z,95.0,Sense
2025-08-17T19:10:43Z,96.0,Sense
2025-08-17T19:10:48Z,97.0,Sense
2025-08-17T19:11:03Z,97.0,Sense
2025-08-17T19:11:08Z,98.0,Sense
2025-08-17T19:11:18Z,99.0,Sense
2025-08-17T19:11:23Z,98.0,Sense
2025-08-17T19:11:28Z,99.0,Sense
2025-08-17T19:11:33Z,99.0,Sense
2025-08-17T19:11:38Z,98.0,Sense
2025-08-17T19:11:43Z,97.0,Sense
2025-08-17T19:11:48Z,99.0,Sense
2025-08-17T19:11:53Z,100.0,Sense
2025-08-17T19:11:58Z,99.0,Sense
2025-08-17T19:12:08Z,98.0,Sense
2025-08-17T19:12:23Z,98.0,Sense
2025-08-17T19:12:28Z,97.0,Sense
2025-08-17T19:12:38Z,98.0,Sense
2025-08-17T19:12:53Z,98.0,Sense
2025-08-17T19:12:58Z,99.0,Sense
2025-08-17T19:13:03Z,100.0,Sense
2025-08-17T19:13:18Z,100.0,Sense
2025-08-17T19:13:23Z,101.0,Sense
2025-08-17T19:13:28Z,100.0,Sense
2025-08-17T19:13:33Z,99.0,Sense
2025-08-17T19:13:38Z,97.0,Sense
2025-08-17T19:13:53Z,98.0,Sense
2025-08-17T19:14:03Z,97.0,Sense
2025-08-17T19:14:18Z,96.0,Sense
2025-08-17T19:14:23Z,95.0,Sense
2025-08-17T19:14:33Z,96.0,Sense
2025-08-17T19:14:48Z,95.0,Sense
2025-08-17T19:14:53Z,94.0,Sense
2025-08-17T19:14:58Z,93.0,Sense
2025-08-17T19:15:03Z,94.0,Sense
2025-08-17T19:15:08Z,95.0,Sense
2025-08-17T19:15:13Z,96.0,Sense
2025-08-17T19:15:28Z,97.0,Sense
2025-08-17T19:15:38Z,98.0,Sense
2025-08-17T19:15:48Z,97.0,Sense
2025-08-17T19:15:53Z,96.0,Sense
2025-08-17T19:15:58Z,97.0,Sense
2025-08-17T19:16:08Z,96.0,Sense
2025-08-17T19:16:18Z,95.0,Sense
2025-08-17T19:16:23Z,96.0,Sense
2025-08-17T19:16:28Z,97.0,Sense
2025-08-17T19:16:43Z,97.0,Sense
2025-08-17T19:16:53Z,96.0,Sense
2025-08-17T19:16:58Z,95.0,Sense
2025-08-17T19:17:03Z,94.0,Sense
2025-08-17T19:17:18Z,96.0,Sense
2025-08-17T19:17:23Z,97.0,Sense
2025-08-17T19:17:38Z,97.0,Sense
2025-08-17T19:17:43Z,96.0,Sense
2025-08-17T19:17:53Z,99.0,Sense
2025-08-17T19:17:58Z,100.0,Sense
2025-08-17T19:18:03Z,104.0,Sense
2025-08-17T19:18:08Z,106.0,Sense
2025-08-17T19:18:13Z,107.0,Sense
2025-08-17T19:18:18Z,111.0,Sense
2025-08-17T19:18:23Z,119.0,Sense
2025-08-17T19:18:28Z,119.0,Sense
2025-08-17T19:18:33Z,118.0,Sense
2025-08-17T19:18:38Z,117.0,Sense
2025-08-17T19:18:43Z,118.0,Sense
2025-08-17T19:18:48Z,117.0,Sense
2025-08-17T19:18:53Z,116.0,Sense
2025-08-17T19:18:58Z,111.0,Sense
2025-08-17T19:19:03Z,107.0,Sense
2025-08-17T19:19:08Z,109.0,Sense
2025-08-17T19:19:13Z,110.0,Sense
2025-08-17T19:19:18Z,113.0,Sense
2025-08-17T19:19:23Z,120.0,Sense
2025-08-17T19:19:33Z,138.0,Sense
2025-08-17T19:19:38Z,151.0,Sense
2025-08-17T19:19:43Z,150.0,Sense
2025-08-17T19:19:48Z,149.0,Sense
2025-08-17T19:19:53Z,144.0,Sense
2025-08-17T19:19:58Z,138.0,Sense
2025-08-17T19:20:13Z,133.0,Sense
2025-08-17T19:20:18Z,126.0,Sense
2025-08-17T19:20:23Z,116.0,Sense
2025-08-17T19:20:28Z,111.0,Sense
2025-08-17T19:20:33Z,112.0,Sense
2025-08-17T19:20:38Z,113.0,Sense
2025-08-17T19:20:48Z,112.0,Sense
2025-08-17T19:20:53Z,111.0,Sense
2025-08-17T19:20:58Z,113.0,Sense
2025-08-17T19:21:03Z,114.0,Sense
2025-08-17T19:21:08Z,111.0,Sense
2025-08-17T19:21:13Z,103.0,Sense
2025-08-17T19:21:18Z,100.0,Sense
2025-08-17T19:21:23Z,101.0,Sense
2025-08-17T19:21:28Z,102.0,Sense
2025-08-17T19:21:33Z,95.0,Sense
2025-08-17T19:21:38Z,91.0,Sense
2025-08-17T19:21:53Z,91.0,Sense
2025-08-17T19:21:58Z,93.0,Sense
2025-08-17T19:22:03Z,95.0,Sense
2025-08-17T19:22:08Z,93.0,Sense
2025-08-17T19:22:13Z,92.0,Sense
2025-08-17T19:22:18Z,104.0,Sense
2025-08-17T19:22:23Z,102.0,Sense
2025-08-17T19:22:28Z,99.0,Sense
2025-08-17T19:22:33Z,100.0,Sense
2025-08-17T19:22:38Z,115.0,Sense
2025-08-17T19:22:43Z,116.0,Sense
2025-08-17T19:22:53Z,115.0,Sense
2025-08-17T19:22:58Z,114.0,Sense
2025-08-17T19:23:03Z,107.0,Sense
2025-08-17T19:23:08Z,103.0,Sense
2025-08-17T19:23:23Z,99.0,Sense
2025-08-17T19:23:33Z,111.0,Sense
2025-08-17T19:23:38Z,138.0,Sense
2025-08-17T19:23:48Z,139.0,Sense
2025-08-17T19:23:53Z,138.0,Sense
2025-08-17T19:23:58Z,140.0,Sense
2025-08-17T19:24:03Z,136.0,Sense
2025-08-17T19:24:08Z,132.0,Sense
2025-08-17T19:24:13Z,155.0,Sense
2025-08-17T19:24:23Z,154.0,Sense
2025-08-17T19:24:33Z,153.0,Sense
2025-08-17T19:24:38Z,154.0,Sense
2025-08-17T19:24:43Z,157.0,Sense
2025-08-17T19:24:48Z,152.0,Sense
2025-08-17T19:24:53Z,151.0,Sense
2025-08-17T19:24:58Z,149.0,Sense
2025-08-17T19:25:03Z,146.0,Sense
2025-08-17T19:25:08Z,142.0,Sense
2025-08-17T19:25:13Z,139.0,Sense
2025-08-17T19:25:18Z,136.0,Sense
2025-08-17T19:25:23Z,134.0,Sense
2025-08-17T19:25:28Z,142.0,Sense
2025-08-17T19:25:33Z,155.0,Sense
2025-08-17T19:25:38Z,153.0,Sense
2025-08-17T19:25:43Z,151.0,Sense
2025-08-17T19:25:48Z,150.0,Sense
2025-08-17T19:25:53Z,148.0,Sense
2025-08-17T19:25:58Z,145.0,Sense
2025-08-17T19:26:03Z,144.0,Sense
2025-08-17T19:26:08Z,146.0,Sense
2025-08-17T19:26:13Z,149.0,Sense
2025-08-17T19:26:18Z,147.0,Sense
2025-08-17T19:26:23Z,145.0,Sense
2025-08-17T19:26:28Z,143.0,Sense
2025-08-17T19:26:33Z,144.0,Sense
2025-08-17T19:26:38Z,144.0,Sense
2025-08-17T19:26:43Z,142.0,Sense
2025-08-17T19:26:48Z,141.0,Sense
2025-08-17T19:26:53Z,140.0,Sense
2025-08-17T19:27:03Z,139.0,Sense
2025-08-17T19:27:13Z,134.0,Sense
2025-08-17T19:27:18Z,130.0,Sense
2025-08-17T19:27:23Z,127.0,Sense
2025-08-17T19:27:28Z,125.0,Sense
2025-08-17T19:27:33Z,122.0,Sense
2025-08-17T19:27:38Z,118.0,Sense
2025-08-17T19:27:43Z,116.0,Sense
2025-08-17T19:27:48Z,108.0,Sense
2025-08-17T19:28:03Z,106.0,Sense
2025-08-17T19:28:13Z,105.0,Sense
2025-08-17T19:28:18Z,100.0,Sense
2025-08-17T19:28:23Z,92.0,Sense
2025-08-17T19:28:28Z,87.0,Sense
2025-08-17T19:28:33Z,89.0,Sense
2025-08-17T19:28:38Z,88.0,Sense
2025-08-17T19:28:48Z,89.0,Sense
2025-08-17T19:28:58Z,87.0,Sense
2025-08-17T19:29:03Z,88.0,Sense
2025-08-17T19:29:13Z,86.0,Sense
2025-08-17T19:29:18Z,84.0,Sense
2025-08-17T19:29:23Z,86.0,Sense
2025-08-17T19:29:28Z,87.0,Sense
2025-08-17T19:29:33Z,86.0,Sense
2025-08-17T19:29:38Z,84.0,Sense
2025-08-17T19:29:43Z,82.0,Sense
2025-08-17T19:29:48Z,81.0,Sense
2025-08-17T19:29:53Z,95.0,Sense
2025-08-17T19:29:58Z,103.0,Sense
2025-08-17T19:30:03Z,102.0,Sense
2025-08-17T19:30:13Z,101.0,Sense
2025-08-17T19:30:23Z,101.0,Sense
2025-08-17T19:30:28Z,95.0,Sense
2025-08-17T19:30:33Z,79.0,Sense
2025-08-17T19:30:38Z,72.0,Sense
2025-08-17T19:30:43Z,73.0,Sense
2025-08-17T19:30:58Z,74.0,Sense
2025-08-17T19:31:03Z,74.0,Sense
2025-08-17T19:31:08Z,75.0,Sense
2025-08-17T19:31:23Z,75.0,Sense
2025-08-17T19:31:28Z,72.0,Sense
2025-08-17T19:31:33Z,73.0,Sense
2025-08-17T19:31:43Z,74.0,Sense
2025-08-17T19:31:48Z,75.0,Sense
2025-08-17T19:31:53Z,76.0,Sense
2025-08-17T19:31:58Z,77.0,Sense
2025-08-17T19:32:03Z,79.0,Sense
2025-08-17T19:32:08Z,80.0,Sense
2025-08-17T19:32:13Z,81.0,Sense
2025-08-17T19:32:23Z,82.0,Sense
2025-08-17T19:32:28Z,84.0,Sense
2025-08-17T19:32:33Z,85.0,Sense
2025-08-17T19:32:38Z,86.0,Sense
2025-08-17T19:32:43Z,88.0,Sense
2025-08-17T19:32:48Z,89.0,Sense
2025-08-17T19:33:03Z,90.0,Sense
2025-08-17T19:33:08Z,98.0,Sense
2025-08-17T19:33:13Z,100.0,Sense
2025-08-17T19:33:28Z,105.0,Sense
2025-08-17T19:33:33Z,110.0,Sense
2025-08-17T19:33:38Z,111.0,Sense
2025-08-17T19:33:43Z,110.0,Sense
2025-08-17T19:33:48Z,109.0,Sense
2025-08-17T19:33:53Z,107.0,Sense
2025-08-17T19:33:58Z,105.0,Sense
2025-08-17T19:34:03Z,103.0,Sense
2025-08-17T19:34:08Z,101.0,Sense
2025-08-17T19:34:13Z,100.0,Sense
2025-08-17T19:34:18Z,98.0,Sense
2025-08-17T19:34:23Z,96.0,Sense
2025-08-17T19:34:28Z,94.0,Sense
2025-08-17T19:34:33Z,93.0,Sense
2025-08-17T19:34:38Z,87.0,Sense
2025-08-17T19:34:43Z,83.0,Sense
2025-08-17T19:34:48Z,84.0,Sense
2025-08-17T19:34:53Z,85.0,Sense
2025-08-17T19:34:58Z,86.0,Sense
2025-08-17T19:35:08Z,85.0,Sense
2025-08-17T19:35:13Z,86.0,Sense
2025-08-17T19:35:18Z,87.0,Sense
2025-08-17T19:35:23Z,87.0,Sense
2025-08-17T19:35:28Z,88.0,Sense
2025-08-17T19:35:33Z,89.0,Sense
2025-08-17T19:35:48Z,83.0,Sense
2025-08-17T19:35:53Z,82.0,Sense
2025-08-17T19:36:03Z,83.0,Sense
2025-08-17T19:36:13Z,84.0,Sense
2025-08-17T19:36:18Z,85.0,Sense
2025-08-17T19:36:23Z,86.0,Sense
2025-08-17T19:36:28Z,87.0,Sense
2025-08-17T19:36:43Z,87.0,Sense
2025-08-17T19:36:53Z,88.0,Sense
2025-08-17T19:37:03Z,89.0,Sense
2025-08-17T19:37:08Z,88.0,Sense
2025-08-17T19:37:13Z,87.0,Sense
2025-08-17T19:37:18Z,84.0,Sense
2025-08-17T19:37:28Z,85.0,Sense
2025-08-17T19:37:38Z,86.0,Sense
2025-08-17T19:37:43Z,87.0,Sense
2025-08-17T19:37:53Z,86.0,Sense
2025-08-17T19:37:58Z,84.0,Sense
2025-08-17T19:38:08Z,85.0,Sense
2025-08-17T19:38:23Z,85.0,Sense
2025-08-17T19:38:28Z,86.0,Sense
2025-08-17T19:38:33Z,87.0,Sense
2025-08-17T19:38:38Z,88.0,Sense
2025-08-17T19:38:48Z,89.0,Sense
2025-08-17T19:38:53Z,89.0,Sense
2025-08-17T19:39:03Z,90.0,Sense
2025-08-17T19:39:08Z,91.0,Sense
2025-08-17T19:39:18Z,92.0,Sense
2025-08-17T19:39:28Z,93.0,Sense
2025-08-17T19:39:33Z,92.0,Sense
2025-08-17T19:39:38Z,93.0,Sense
2025-08-17T19:39:43Z,92.0,Sense
2025-08-17T19:39:53Z,90.0,Sense
2025-08-17T19:39:58Z,84.0,Sense
2025-08-17T19:40:13Z,85.0,Sense
2025-08-17T19:40:28Z,85.0,Sense
2025-08-17T19:40:33Z,86.0,Sense
2025-08-17T19:40:38Z,87.0,Sense
2025-08-17T19:40:43Z,88.0,Sense
2025-08-17T19:40:48Z,89.0,Sense
2025-08-17T19:40:58Z,89.0,Sense
2025-08-17T19:41:13Z,89.0,Sense
2025-08-17T19:41:23Z,89.0,Sense
2025-08-17T19:41:33Z,90.0,Sense
2025-08-17T19:41:38Z,91.0,Sense
2025-08-17T19:41:43Z,92.0,Sense
2025-08-17T19:41:58Z,93.0,Sense
2025-08-17T19:42:03Z,94.0,Sense
2025-08-17T19:42:08Z,92.0,Sense
2025-08-17T19:42:13Z,93.0,Sense
2025-08-17T19:42:18Z,94.0,Sense
2025-08-17T19:42:23Z,92.0,Sense
2025-08-17T19:42:28Z,91.0,Sense
2025-08-17T19:42:43Z,91.0,Sense
2025-08-17T19:42:53Z,92.0,Sense
2025-08-17T19:43:08Z,92.0,Sense
2025-08-17T19:43:13Z,93.0,Sense
2025-08-17T19:43:18Z,94.0,Sense
2025-08-17T19:43:23Z,92.0,Sense
2025-08-17T19:43:28Z,90.0,Sense
2025-08-17T19:43:33Z,91.0,Sense
2025-08-17T19:43:38Z,94.0,Sense
2025-08-17T19:43:53Z,94.0,Sense
2025-08-17T19:44:03Z,95.0,Sense
2025-08-17T19:44:08Z,96.0,Sense
2025-08-17T19:44:23Z,95.0,Sense
2025-08-17T19:44:38Z,94.0,Sense
2025-08-17T19:44:48Z,93.0,Sense
2025-08-17T19:44:53Z,94.0,Sense
2025-08-17T19:44:58Z,93.0,Sense
2025-08-17T19:45:08Z,94.0,Sense
2025-08-17T19:45:18Z,96.0,Sense
2025-08-17T19:45:28Z,97.0,Sense
2025-08-17T19:45:43Z,97.0,Sense
2025-08-17T19:45:58Z,97.0,Sense
2025-08-17T19:46:03Z,95.0,Sense
2025-08-17T19:46:08Z,94.0,Sense
2025-08-17T19:46:13Z,93.0,Sense
2025-08-17T19:46:18Z,92.0,Sense
2025-08-17T19:46:23Z,91.0,Sense
2025-08-17T19:46:33Z,94.0,Sense
2025-08-17T19:46:38Z,106.0,Sense
2025-08-17T19:46:43Z,107.0,Sense
2025-08-17T19:46:48Z,115.0,Sense
2025-08-17T19:46:53Z,118.0,Sense
2025-08-17T19:46:58Z,117.0,Sense
2025-08-17T19:47:08Z,114.0,Sense
2025-08-17T19:47:13Z,101.0,Sense
2025-08-17T19:47:18Z,99.0,Sense
2025-08-17T19:47:28Z,98.0,Sense
2025-08-17T19:47:33Z,97.0,Sense
2025-08-17T19:47:38Z,97.0,Sense
2025-08-17T19:47:43Z,96.0,Sense
2025-08-17T19:47:48Z,95.0,Sense
2025-08-17T19:48:03Z,94.0,Sense
2025-08-17T19:48:08Z,93.0,Sense
2025-08-17T19:48:18Z,94.0,Sense
2025-08-17T19:48:23Z,100.0,Sense
2025-08-17T19:48:28Z,101.0,Sense
2025-08-17T19:48:43Z,100.0,Sense
2025-08-17T19:48:48Z,97.0,Sense
2025-08-17T19:48:53Z,91.0,Sense
2025-08-17T19:48:58Z,99.0,Sense
2025-08-17T19:49:13Z,98.0,Sense
2025-08-17T19:49:23Z,99.0,Sense
2025-08-17T19:49:28Z,98.0,Sense
2025-08-17T19:49:33Z,91.0,Sense
2025-08-17T19:49:38Z,91.0,Sense
2025-08-17T19:49:43Z,92.0,Sense
2025-08-17T19:49:48Z,93.0,Sense
2025-08-17T19:50:03Z,94.0,Sense
2025-08-17T19:50:08Z,90.0,Sense
2025-08-17T19:50:23Z,90.0,Sense
2025-08-17T19:50:33Z,91.0,Sense
2025-08-17T19:50:38Z,102.0,Sense
2025-08-17T19:50:43Z,104.0,Sense
2025-08-17T19:50:48Z,105.0,Sense
2025-08-17T19:50:53Z,104.0,Sense
2025-08-17T19:50:58Z,103.0,Sense
2025-08-17T19:51:03Z,102.0,Sense
2025-08-17T19:51:08Z,101.0,Sense
2025-08-17T19:51:13Z,99.0,Sense
2025-08-17T19:51:18Z,97.0,Sense
2025-08-17T19:51:23Z,94.0,Sense
2025-08-17T19:51:28Z,92.0,Sense
2025-08-17T19:51:33Z,93.0,Sense
2025-08-17T19:51:38Z,91.0,Sense
2025-08-17T19:51:43Z,96.0,Sense
2025-08-17T19:51:48Z,109.0,Sense
2025-08-17T19:51:58Z,110.0,Sense
2025-08-17T19:52:03Z,109.0,Sense
2025-08-17T19:52:08Z,107.0,Sense
2025-08-17T19:52:13Z,105.0,Sense
2025-08-17T19:52:23Z,104.0,Sense
2025-08-17T19:52:28Z,103.0,Sense
2025-08-17T19:52:33Z,103.0,Sense
2025-08-17T19:52:38Z,105.0,Sense
2025-08-17T19:52:43Z,106.0,Sense
2025-08-17T19:52:48Z,114.0,Sense
2025-08-17T19:53:03Z,113.0,Sense
2025-08-17T19:53:08Z,110.0,Sense
2025-08-17T19:53:13Z,107.0,Sense
2025-08-17T19:53:18Z,103.0,Sense
2025-08-17T19:53:23Z,102.0,Sense
2025-08-17T19:53:33Z,101.0,Sense
2025-08-17T19:53:38Z,98.0,Sense
2025-08-17T19:53:43Z,96.0,Sense
2025-08-17T19:53:48Z,95.0,Sense
2025-08-17T19:53:53Z,124.0,Sense
2025-08-17T19:53:58Z,128.0,Sense
2025-08-17T19:54:03Z,127.0,Sense
2025-08-17T19:54:08Z,126.0,Sense
2025-08-17T19:54:13Z,125.0,Sense
2025-08-17T19:54:18Z,126.0,Sense
2025-08-17T19:54:23Z,124.0,Sense
2025-08-17T19:54:28Z,120.0,Sense
2025-08-17T19:54:33Z,117.0,Sense
2025-08-17T19:54:38Z,113.0,Sense
2025-08-17T19:54:43Z,110.0,Sense
2025-08-17T19:54:48Z,109.0,Sense
2025-08-17T19:54:53Z,101.0,Sense
2025-08-17T19:54:58Z,93.0,Sense
2025-08-17T19:55:03Z,92.0,Sense
2025-08-17T19:55:08Z,101.0,Sense
2025-08-17T19:55:13Z,103.0,Sense
2025-08-17T19:55:18Z,108.0,Sense
2025-08-17T19:55:23Z,109.0,Sense
2025-08-17T19:55:33Z,110.0,Sense
2025-08-17T19:55:38Z,106.0,Sense
2025-08-17T19:55:43Z,101.0,Sense
2025-08-17T19:55:48Z,100.0,Sense
2025-08-17T19:55:53Z,99.0,Sense
2025-08-17T19:55:58Z,98.0,Sense
2025-08-17T19:56:13Z,98.0,Sense
2025-08-17T19:56:18Z,98.0,Sense
2025-08-17T19:56:23Z,99.0,Sense
2025-08-17T19:56:28Z,115.0,Sense
2025-08-17T19:56:33Z,116.0,Sense
2025-08-17T19:56:38Z,115.0,Sense
2025-08-17T19:56:43Z,113.0,Sense
2025-08-17T19:56:48Z,111.0,Sense
2025-08-17T19:56:53Z,111.0,Sense
2025-08-17T19:56:58Z,108.0,Sense
2025-08-17T19:57:03Z,106.0,Sense
2025-08-17T19:57:08Z,104.0,Sense
2025-08-17T19:57:13Z,102.0,Sense
2025-08-17T19:57:28Z,103.0,Sense
2025-08-17T19:57:33Z,101.0,Sense
2025-08-17T19:57:43Z,106.0,Sense
2025-08-17T19:57:48Z,125.0,Sense
2025-08-17T19:57:53Z,124.0,Sense
2025-08-17T19:58:08Z,121.0,Sense
2025-08-17T19:58:13Z,116.0,Sense
2025-08-17T19:58:18Z,115.0,Sense
2025-08-17T19:58:23Z,114.0,Sense
2025-08-17T19:58:28Z,113.0,Sense
2025-08-17T19:58:33Z,110.0,Sense
2025-08-17T19:58:38Z,109.0,Sense
2025-08-17T19:58:48Z,105.0,Sense
2025-08-17T19:58:58Z,106.0,Sense
2025-08-17T19:59:03Z,105.0,Sense
2025-08-17T19:59:08Z,104.0,Sense
2025-08-17T19:59:18Z,102.0,Sense
2025-08-17T19:59:23Z,98.0,Sense
2025-08-17T19:59:28Z,92.0,Sense
2025-08-17T19:59:38Z,93.0,Sense
2025-08-17T19:59:48Z,94.0,Sense
2025-08-17T19:59:58Z,98.0,Sense
2025-08-17T20:00:03Z,101.0,Sense
2025-08-17T20:00:13Z,90.0,Sense
2025-08-17T20:00:18Z,92.0,Sense
2025-08-17T20:00:23Z,93.0,Sense
2025-08-17T20:00:33Z,95.0,Sense
2025-08-17T20:00:38Z,100.0,Sense
2025-08-17T20:00:48Z,98.0,Sense
2025-08-17T20:00:53Z,99.0,Sense
2025-08-17T20:01:08Z,98.0,Sense
2025-08-17T20:01:13Z,99.0,Sense
2025-08-17T20:01:18Z,107.0,Sense
2025-08-17T20:01:23Z,110.0,Sense
2025-08-17T20:01:33Z,111.0,Sense
2025-08-17T20:01:38Z,109.0,Sense
2025-08-17T20:01:43Z,107.0,Sense
2025-08-17T20:01:58Z,106.0,Sense
2025-08-17T20:02:03Z,107.0,Sense
2025-08-17T20:02:13Z,106.0,Sense
2025-08-17T20:02:18Z,106.0,Sense
2025-08-17T20:02:23Z,111.0,Sense
2025-08-17T20:02:28Z,122.0,Sense
2025-08-17T20:02:43Z,120.0,Sense
2025-08-17T20:02:48Z,112.0,Sense
2025-08-17T20:02:53Z,110.0,Sense
2025-08-17T20:02:58Z,109.0,Sense
2025-08-17T20:03:03Z,108.0,Sense
2025-08-17T20:03:08Z,105.0,Sense
2025-08-17T20:03:13Z,105.0,Sense
2025-08-17T20:03:18Z,106.0,Sense
2025-08-17T20:03:23Z,104.0,Sense
2025-08-17T20:03:28Z,102.0,Sense
2025-08-17T20:03:33Z,104.0,Sense
2025-08-17T20:03:38Z,105.0,Sense
2025-08-17T20:03:48Z,103.0,Sense
2025-08-17T20:03:53Z,101.0,Sense
2025-08-17T20:03:58Z,100.0,Sense
2025-08-17T20:04:13Z,101.0,Sense
2025-08-17T20:04:23Z,102.0,Sense
2025-08-17T20:04:28Z,104.0,Sense
2025-08-17T20:04:33Z,105.0,Sense
2025-08-17T20:04:43Z,104.0,Sense
2025-08-17T20:04:48Z,102.0,Sense
2025-08-17T20:04:58Z,101.0,Sense
2025-08-17T20:05:03Z,100.0,Sense
2025-08-17T20:05:08Z,100.0,Sense
2025-08-17T20:05:18Z,101.0,Sense
2025-08-17T20:05:23Z,102.0,Sense
2025-08-17T20:05:28Z,103.0,Sense
2025-08-17T20:05:33Z,101.0,Sense
2025-08-17T20:05:43Z,100.0,Sense
2025-08-17T20:05:58Z,100.0,Sense
2025-08-17T20:06:08Z,95.0,Sense
2025-08-17T20:06:13Z,92.0,Sense
2025-08-17T20:06:28Z,92.0,Sense
2025-08-17T20:06:33Z,91.0,Sense
2025-08-17T20:06:38Z,91.0,Sense
2025-08-17T20:06:48Z,92.0,Sense
2025-08-17T20:06:53Z,93.0,Sense
2025-08-17T20:07:08Z,94.0,Sense
2025-08-17T20:07:23Z,95.0,Sense
2025-08-17T20:07:33Z,96.0,Sense
2025-08-17T20:07:38Z,97.0,Sense
2025-08-17T20:07:48Z,98.0,Sense
2025-08-17T20:07:53Z,99.0,Sense
2025-08-17T20:07:58Z,100.0,Sense
2025-08-17T20:08:03Z,100.0,Sense
2025-08-17T20:08:08Z,99.0,Sense
2025-08-17T20:08:23Z,99.0,Sense
2025-08-17T20:08:33Z,100.0,Sense
2025-08-17T20:08:38Z,99.0,Sense
2025-08-17T20:08:53Z,98.0,Sense
2025-08-17T20:08:58Z,99.0,Sense
2025-08-17T20:09:13Z,100.0,Sense
2025-08-17T20:09:18Z,101.0,Sense
2025-08-17T20:09:23Z,102.0,Sense
2025-08-17T20:09:38Z,102.0,Sense
2025-08-17T20:09:43Z,101.0,Sense
2025-08-17T20:09:48Z,100.0,Sense
2025-08-17T20:09:58Z,105.0,Sense
2025-08-17T20:10:03Z,132.0,Sense
2025-08-17T20:10:08Z,131.0,Sense
2025-08-17T20:10:13Z,130.0,Sense
2025-08-17T20:10:18Z,128.0,Sense
2025-08-17T20:10:28Z,129.0,Sense
2025-08-17T20:10:33Z,124.0,Sense
2025-08-17T20:10:38Z,123.0,Sense
2025-08-17T20:10:43Z,116.0,Sense
2025-08-17T20:10:48Z,109.0,Sense
2025-08-17T20:10:53Z,103.0,Sense
2025-08-17T20:10:58Z,98.0,Sense
2025-08-17T20:11:03Z,101.0,Sense
2025-08-17T20:11:08Z,105.0,Sense
2025-08-17T20:11:13Z,106.0,Sense
2025-08-17T20:11:18Z,137.0,Sense
2025-08-17T20:11:33Z,133.0,Sense
2025-08-17T20:11:38Z,134.0,Sense
2025-08-17T20:11:43Z,132.0,Sense
2025-08-17T20:11:48Z,119.0,Sense
2025-08-17T20:11:53Z,116.0,Sense
2025-08-17T20:11:58Z,115.0,Sense
2025-08-17T20:12:03Z,116.0,Sense
2025-08-17T20:12:13Z,115.0,Sense
2025-08-17T20:12:18Z,119.0,Sense
2025-08-17T20:12:23Z,125.0,Sense
2025-08-17T20:12:28Z,132.0,Sense
2025-08-17T20:12:43Z,131.0,Sense
2025-08-17T20:12:48Z,130.0,Sense
2025-08-17T20:12:58Z,129.0,Sense
2025-08-17T20:13:03Z,127.0,Sense
2025-08-17T20:13:08Z,125.0,Sense
2025-08-17T20:13:13Z,125.0,Sense
2025-08-17T20:13:18Z,128.0,Sense
2025-08-17T20:13:23Z,129.0,Sense
2025-08-17T20:13:28Z,130.0,Sense
2025-08-17T20:13:33Z,129.0,Sense
2025-08-17T20:13:38Z,122.0,Sense
2025-08-17T20:13:43Z,111.0,Sense
2025-08-17T20:13:48Z,110.0,Sense
2025-08-17T20:13:53Z,109.0,Sense
2025-08-17T20:13:58Z,108.0,Sense
2025-08-17T20:14:03Z,107.0,Sense
2025-08-17T20:14:08Z,103.0,Sense
2025-08-17T20:14:13Z,104.0,Sense
2025-08-17T20:14:18Z,97.0,Sense
2025-08-17T20:14:23Z,92.0,Sense
2025-08-17T20:14:28Z,98.0,Sense
2025-08-17T20:14:33Z,103.0,Sense
2025-08-17T20:14:38Z,104.0,Sense
2025-08-17T20:14:43Z,105.0,Sense
2025-08-17T20:14:48Z,114.0,Sense
2025-08-17T20:14:53Z,121.0,Sense
2025-08-17T20:14:58Z,117.0,Sense
2025-08-17T20:15:03Z,113.0,Sense
2025-08-17T20:15:13Z,112.0,Sense
2025-08-17T20:15:18Z,116.0,Sense
2025-08-17T20:15:23Z,141.0,Sense
2025-08-17T20:15:28Z,160.0,Sense
2025-08-17T20:15:33Z,159.0,Sense
2025-08-17T20:15:38Z,158.0,Sense
2025-08-17T20:15:43Z,159.0,Sense
2025-08-17T20:15:48Z,157.0,Sense
2025-08-17T20:15:53Z,163.0,Sense
2025-08-17T20:15:58Z,165.0,Sense
2025-08-17T20:16:03Z,162.0,Sense
2025-08-17T20:16:08Z,160.0,Sense
2025-08-17T20:16:13Z,157.0,Sense
2025-08-17T20:16:23Z,156.0,Sense
2025-08-17T20:16:28Z,153.0,Sense
2025-08-17T20:16:33Z,155.0,Sense
2025-08-17T20:16:38Z,154.0,Sense
2025-08-17T20:16:43Z,152.0,Sense
2025-08-17T20:16:48Z,150.0,Sense
2025-08-17T20:16:53Z,153.0,Sense
2025-08-17T20:16:58Z,157.0,Sense
2025-08-17T20:17:03Z,154.0,Sense
2025-08-17T20:17:13Z,153.0,Sense
2025-08-17T20:17:18Z,151.0,Sense
2025-08-17T20:17:28Z,155.0,Sense
2025-08-17T20:17:33Z,156.0,Sense
2025-08-17T20:17:38Z,151.0,Sense
2025-08-17T20:17:43Z,150.0,Sense
2025-08-17T20:17:58Z,150.0,Sense
2025-08-17T20:18:03Z,149.0,Sense
2025-08-17T20:18:08Z,145.0,Sense
2025-08-17T20:18:13Z,140.0,Sense
2025-08-17T20:18:18Z,137.0,Sense
2025-08-17T20:18:23Z,135.0,Sense
2025-08-17T20:18:28Z,130.0,Sense
2025-08-17T20:18:33Z,129.0,Sense
2025-08-17T20:18:38Z,129.0,Sense
2025-08-17T20:18:43Z,128.0,Sense
2025-08-17T20:18:48Z,126.0,Sense
2025-08-17T20:18:58Z,125.0,Sense
2025-08-17T20:19:13Z,128.0,Sense
2025-08-17T20:19:18Z,126.0,Sense
2025-08-17T20:19:23Z,122.0,Sense
2025-08-17T20:19:28Z,119.0,Sense
2025-08-17T20:19:33Z,115.0,Sense
2025-08-17T20:19:38Z,110.0,Sense
2025-08-17T20:19:43Z,109.0,Sense
2025-08-17T20:19:48Z,105.0,Sense
2025-08-17T20:19:53Z,103.0,Sense
2025-08-17T20:19:58Z,101.0,Sense
2025-08-17T20:20:03Z,99.0,Sense
2025-08-17T20:20:08Z,93.0,Sense
2025-08-17T20:20:13Z,91.0,Sense
2025-08-17T20:20:18Z,82.0,Sense
2025-08-17T20:20:23Z,73.0,Sense
2025-08-17T20:20:28Z,72.0,Sense
2025-08-17T20:20:33Z,73.0,Sense
2025-08-17T20:20:38Z,89.0,Sense
2025-08-17T20:20:43Z,120.0,Sense
2025-08-17T20:20:48Z,131.0,Sense
2025-08-17T20:20:53Z,130.0,Sense
2025-08-17T20:20:58Z,128.0,Sense
2025-08-17T20:21:03Z,126.0,Sense
2025-08-17T20:21:08Z,125.0,Sense
2025-08-17T20:21:13Z,128.0,Sense
2025-08-17T20:21:28Z,128.0,Sense
2025-08-17T20:21:33Z,129.0,Sense
2025-08-17T20:21:38Z,131.0,Sense
2025-08-17T20:21:43Z,129.0,Sense
2025-08-17T20:21:48Z,131.0,Sense
2025-08-17T20:21:53Z,129.0,Sense
2025-08-17T20:21:58Z,124.0,Sense
2025-08-17T20:22:03Z,125.0,Sense
2025-08-17T20:22:08Z,132.0,Sense
2025-08-17T20:22:13Z,133.0,Sense
2025-08-17T20:22:18Z,131.0,Sense
2025-08-17T20:22:23Z,133.0,Sense
2025-08-17T20:22:33Z,123.0,Sense
2025-08-17T20:22:38Z,120.0,Sense
2025-08-17T20:22:48Z,118.0,Sense
2025-08-17T20:22:53Z,111.0,Sense
2025-08-17T20:22:58Z,106.0,Sense
2025-08-17T20:23:03Z,108.0,Sense
2025-08-17T20:23:08Z,107.0,Sense
2025-08-17T20:23:13Z,105.0,Sense
2025-08-17T20:23:18Z,106.0,Sense
2025-08-17T20:23:23Z,105.0,Sense
2025-08-17T20:23:33Z,95.0,Sense
2025-08-17T20:23:38Z,87.0,Sense
2025-08-17T20:23:43Z,88.0,Sense
2025-08-17T20:23:48Z,89.0,Sense
2025-08-17T20:23:53Z,92.0,Sense
2025-08-17T20:23:58Z,96.0,Sense
2025-08-17T20:24:03Z,94.0,Sense
2025-08-17T20:24:08Z,121.0,Sense
2025-08-17T20:24:13Z,122.0,Sense
2025-08-17T20:24:28Z,123.0,Sense
2025-08-17T20:24:33Z,127.0,Sense
2025-08-17T20:24:38Z,127.0,Sense
2025-08-17T20:24:43Z,121.0,Sense
2025-08-17T20:24:48Z,125.0,Sense
2025-08-17T20:24:53Z,148.0,Sense
2025-08-17T20:24:58Z,147.0,Sense
2025-08-17T20:25:03Z,144.0,Sense
2025-08-17T20:25:08Z,143.0,Sense
2025-08-17T20:25:13Z,142.0,Sense
2025-08-17T20:25:18Z,140.0,Sense
2025-08-17T20:25:23Z,136.0,Sense
2025-08-17T20:25:28Z,133.0,Sense
2025-08-17T20:25:33Z,129.0,Sense
2025-08-17T20:25:38Z,124.0,Sense
2025-08-17T20:25:43Z,123.0,Sense
2025-08-17T20:25:48Z,124.0,Sense
2025-08-17T20:25:53Z,125.0,Sense
2025-08-17T20:25:58Z,122.0,Sense
2025-08-17T20:26:03Z,118.0,Sense
2025-08-17T20:26:08Z,109.0,Sense
2025-08-17T20:26:13Z,107.0,Sense
2025-08-17T20:26:18Z,102.0,Sense
2025-08-17T20:26:23Z,98.0,Sense
2025-08-17T20:26:28Z,95.0,Sense
2025-08-17T20:26:33Z,94.0,Sense
2025-08-17T20:26:48Z,88.0,Sense
2025-08-17T20:26:53Z,82.0,Sense
2025-08-17T20:27:03Z,78.0,Sense
2025-08-17T20:27:08Z,76.0,Sense
2025-08-17T20:27:18Z,79.0,Sense
2025-08-17T20:27:23Z,79.0,Sense
2025-08-17T20:27:28Z,81.0,Sense
2025-08-17T20:27:33Z,79.0,Sense
2025-08-17T20:27:38Z,77.0,Sense
2025-08-17T20:27:53Z,76.0,Sense
2025-08-17T20:27:58Z,72.0,Sense
2025-08-17T20:28:03Z,74.0,Sense
2025-08-17T20:28:08Z,75.0,Sense
2025-08-17T20:28:18Z,76.0,Sense
2025-08-17T20:28:23Z,78.0,Sense
2025-08-17T20:28:28Z,80.0,Sense
2025-08-17T20:28:33Z,81.0,Sense
2025-08-17T20:28:38Z,82.0,Sense
2025-08-17T20:28:43Z,84.0,Sense
2025-08-17T20:28:48Z,86.0,Sense
2025-08-17T20:28:53Z,87.0,Sense
2025-08-17T20:29:08Z,88.0,Sense
2025-08-17T20:29:18Z,88.0,Sense
2025-08-17T20:29:33Z,88.0,Sense
2025-08-17T20:29:38Z,89.0,Sense
2025-08-17T20:29:43Z,91.0,Sense
2025-08-17T20:29:48Z,92.0,Sense
2025-08-17T20:29:53Z,93.0,Sense
2025-08-17T20:30:08Z,94.0,Sense
2025-08-17T20:30:18Z,95.0,Sense
2025-08-17T20:30:23Z,99.0,Sense
2025-08-17T20:30:28Z,105.0,Sense
2025-08-17T20:30:33Z,104.0,Sense
2025-08-17T20:30:38Z,103.0,Sense
2025-08-17T20:30:43Z,104.0,Sense
2025-08-17T20:30:48Z,102.0,Sense
2025-08-17T20:30:53Z,98.0,Sense
2025-08-17T20:30:58Z,96.0,Sense
2025-08-17T20:31:08Z,97.0,Sense
2025-08-17T20:31:13Z,100.0,Sense
2025-08-17T20:31:18Z,102.0,Sense
2025-08-17T20:31:23Z,103.0,Sense
2025-08-17T20:31:33Z,104.0,Sense
2025-08-17T20:31:38Z,102.0,Sense
2025-08-17T20:31:43Z,100.0,Sense
2025-08-17T20:31:48Z,99.0,Sense
2025-08-17T20:31:59Z,99.0,Sense
2025-08-17T20:32:14Z,99.0,Sense
2025-08-17T20:32:19Z,100.0,Sense
2025-08-17T20:32:24Z,101.0,Sense
2025-08-17T20:32:34Z,102.0,Sense
2025-08-17T20:32:39Z,103.0,Sense
2025-08-17T20:32:49Z,102.0,Sense
2025-08-17T20:32:54Z,103.0,Sense
2025-08-17T20:32:59Z,102.0,Sense
2025-08-17T20:33:04Z,101.0,Sense
2025-08-17T20:33:09Z,100.0,Sense
2025-08-17T20:33:19Z,99.0,Sense
2025-08-17T20:33:24Z,96.0,Sense
2025-08-17T20:33:29Z,97.0,Sense
2025-08-17T20:33:44Z,97.0,Sense
2025-08-17T20:33:59Z,98.0,Sense
2025-08-17T20:34:09Z,99.0,Sense
2025-08-17T20:34:24Z,99.0,Sense
2025-08-17T20:34:29Z,100.0,Sense
2025-08-17T20:34:34Z,101.0,Sense
2025-08-17T20:34:39Z,100.0,Sense
2025-08-17T20:34:44Z,99.0,Sense
2025-08-17T20:34:54Z,100.0,Sense
2025-08-17T20:35:09Z,100.0,Sense
2025-08-17T20:35:14Z,103.0,Sense
2025-08-17T20:35:19Z,104.0,Sense
2025-08-17T20:35:24Z,106.0,Sense
2025-08-17T20:35:29Z,106.0,Sense
2025-08-17T20:35:34Z,104.0,Sense
2025-08-17T20:35:44Z,105.0,Sense
2025-08-17T20:35:59Z,104.0,Sense
2025-08-17T20:36:04Z,105.0,Sense
2025-08-17T20:36:09Z,103.0,Sense
2025-08-17T20:36:14Z,97.0,Sense
2025-08-17T20:36:19Z,98.0,Sense
2025-08-17T20:36:24Z,97.0,Sense
2025-08-17T20:36:29Z,95.0,Sense
2025-08-17T20:36:34Z,96.0,Sense
2025-08-17T20:36:39Z,96.0,Sense
2025-08-17T20:36:44Z,95.0,Sense
2025-08-17T20:36:59Z,95.0,Sense
2025-08-17T20:37:04Z,96.0,Sense
2025-08-17T20:37:09Z,98.0,Sense
2025-08-17T20:37:19Z,95.0,Sense
2025-08-17T20:37:24Z,91.0,Sense
2025-08-17T20:37:29Z,101.0,Sense
2025-08-17T20:37:34Z,102.0,Sense
2025-08-17T20:37:44Z,101.0,Sense
2025-08-17T20:37:54Z,91.0,Sense
2025-08-17T20:38:09Z,92.0,Sense
2025-08-17T20:38:14Z,93.0,Sense
2025-08-17T20:38:19Z,90.0,Sense
2025-08-17T20:38:24Z,88.0,Sense
2025-08-17T20:38:34Z,89.0,Sense
2025-08-17T20:38:39Z,111.0,Sense
2025-08-17T20:38:44Z,114.0,Sense
2025-08-17T20:38:49Z,112.0,Sense
2025-08-17T20:38:54Z,111.0,Sense
2025-08-17T20:38:59Z,105.0,Sense
2025-08-17T20:39:04Z,96.0,Sense
2025-08-17T20:39:09Z,102.0,Sense
2025-08-17T20:39:14Z,103.0,Sense
2025-08-17T20:39:19Z,101.0,Sense
2025-08-17T20:39:24Z,97.0,Sense
2025-08-17T20:39:29Z,98.0,Sense
2025-08-17T20:39:34Z,102.0,Sense
2025-08-17T20:39:39Z,101.0,Sense
2025-08-17T20:39:44Z,100.0,Sense
2025-08-17T20:39:54Z,99.0,Sense
2025-08-17T20:39:59Z,100.0,Sense
2025-08-17T20:40:04Z,99.0,Sense
2025-08-17T20:40:09Z,97.0,Sense
2025-08-17T20:40:14Z,96.0,Sense
2025-08-17T20:40:19Z,98.0,Sense
2025-08-17T20:40:29Z,99.0,Sense
2025-08-17T20:40:34Z,95.0,Sense
2025-08-17T20:40:39Z,92.0,Sense
2025-08-17T20:40:49Z,94.0,Sense
2025-08-17T20:40:54Z,95.0,Sense
2025-08-17T20:40:59Z,96.0,Sense
2025-08-17T20:41:04Z,98.0,Sense
2025-08-17T20:41:09Z,102.0,Sense
2025-08-17T20:41:14Z,104.0,Sense
2025-08-17T20:41:19Z,110.0,Sense
2025-08-17T20:41:24Z,116.0,Sense
2025-08-17T20:41:34Z,115.0,Sense
2025-08-17T20:41:39Z,111.0,Sense
2025-08-17T20:41:44Z,108.0,Sense
2025-08-17T20:41:49Z,107.0,Sense
2025-08-17T20:41:54Z,101.0,Sense
2025-08-17T20:41:59Z,98.0,Sense
2025-08-17T20:42:09Z,97.0,Sense
2025-08-17T20:42:19Z,98.0,Sense
2025-08-17T20:42:34Z,97.0,Sense
2025-08-17T20:42:44Z,96.0,Sense
2025-08-17T20:42:59Z,94.0,Sense
2025-08-17T20:43:04Z,94.0,Sense
2025-08-17T20:43:19Z,95.0,Sense
2025-08-17T20:43:24Z,95.0,Sense
2025-08-17T20:43:34Z,96.0,Sense
2025-08-17T20:43:39Z,97.0,Sense
2025-08-17T20:43:44Z,98.0,Sense
2025-08-17T20:43:49Z,98.0,Sense
2025-08-17T20:43:54Z,97.0,Sense
2025-08-17T20:43:59Z,98.0,Sense
2025-08-17T20:44:14Z,98.0,Sense
2025-08-17T20:44:24Z,98.0,Sense
2025-08-17T20:44:29Z,97.0,Sense
2025-08-17T20:44:39Z,98.0,Sense
2025-08-17T20:44:44Z,99.0,Sense
2025-08-17T20:44:49Z,97.0,Sense
2025-08-17T20:44:54Z,95.0,Sense
2025-08-17T20:45:04Z,96.0,Sense
2025-08-17T20:45:09Z,97.0,Sense
2025-08-17T20:45:14Z,97.0,Sense
2025-08-17T20:45:29Z,96.0,Sense
2025-08-17T20:45:39Z,97.0,Sense
2025-08-17T20:45:44Z,96.0,Sense
2025-08-17T20:45:54Z,97.0,Sense
2025-08-17T20:46:09Z,96.0,Sense
2025-08-17T20:46:19Z,94.0,Sense
2025-08-17T20:46:24Z,93.0,Sense
2025-08-17T20:46:29Z,90.0,Sense
2025-08-17T20:46:44Z,91.0,Sense
2025-08-17T20:46:49Z,92.0,Sense
2025-08-17T20:46:59Z,92.0,Sense
2025-08-17T20:47:04Z,93.0,Sense
2025-08-17T20:47:09Z,94.0,Sense
2025-08-17T20:47:14Z,96.0,Sense
2025-08-17T20:47:19Z,97.0,Sense
2025-08-17T20:47:24Z,98.0,Sense
2025-08-17T20:47:29Z,101.0,Sense
2025-08-17T20:47:34Z,100.0,Sense
2025-08-17T20:47:44Z,102.0,Sense
2025-08-17T20:47:49Z,103.0,Sense
2025-08-17T20:47:54Z,101.0,Sense
2025-08-17T20:47:59Z,100.0,Sense
2025-08-17T20:48:09Z,99.0,Sense
2025-08-17T20:48:14Z,97.0,Sense
2025-08-17T20:48:19Z,98.0,Sense
2025-08-17T20:48:24Z,99.0,Sense
2025-08-17T20:48:29Z,100.0,Sense
2025-08-17T20:48:34Z,99.0,Sense
2025-08-17T20:48:39Z,98.0,Sense
2025-08-17T20:48:44Z,99.0,Sense
2025-08-17T20:48:49Z,98.0,Sense
2025-08-17T20:48:59Z,99.0,Sense
2025-08-17T20:49:04Z,100.0,Sense
2025-08-17T20:49:14Z,98.0,Sense
2025-08-17T20:49:24Z,91.0,Sense
2025-08-17T20:49:29Z,89.0,Sense
2025-08-17T20:49:39Z,91.0,Sense
2025-08-17T20:49:44Z,92.0,Sense
2025-08-17T20:49:49Z,92.0,Sense
2025-08-17T20:50:04Z,93.0,Sense
2025-08-17T20:50:09Z,94.0,Sense
2025-08-17T20:50:14Z,95.0,Sense
2025-08-17T20:50:29Z,94.0,Sense
2025-08-17T20:50:34Z,96.0,Sense
2025-08-17T20:50:39Z,95.0,Sense
2025-08-17T20:50:44Z,96.0,Sense
2025-08-17T20:50:49Z,97.0,Sense
2025-08-17T20:50:54Z,108.0,Sense
2025-08-17T20:50:59Z,101.0,Sense
2025-08-17T20:51:04Z,100.0,Sense
2025-08-17T20:51:09Z,98.0,Sense
2025-08-17T20:51:14Z,131.0,Sense
2025-08-17T20:51:19Z,133.0,Sense
2025-08-17T20:51:24Z,131.0,Sense
2025-08-17T20:51:29Z,129.0,Sense
2025-08-17T20:51:34Z,125.0,Sense
2025-08-17T20:51:39Z,118.0,Sense
2025-08-17T20:51:44Z,110.0,Sense
2025-08-17T20:51:49Z,107.0,Sense
2025-08-17T20:51:54Z,102.0,Sense
2025-08-17T20:51:59Z,101.0,Sense
2025-08-17T20:52:04Z,99.0,Sense
2025-08-17T20:52:09Z,100.0,Sense
2025-08-17T20:52:14Z,99.0,Sense
2025-08-17T20:52:19Z,92.0,Sense
2025-08-17T20:52:29Z,99.0,Sense
2025-08-17T20:52:34Z,100.0,Sense
2025-08-17T20:52:49Z,99.0,Sense
2025-08-17T20:52:54Z,99.0,Sense
2025-08-17T20:52:59Z,100.0,Sense
2025-08-17T20:53:09Z,98.0,Sense
2025-08-17T20:53:14Z,97.0,Sense
2025-08-17T20:53:24Z,99.0,Sense
2025-08-17T20:53:29Z,99.0,Sense
2025-08-17T20:53:39Z,98.0,Sense
2025-08-17T20:53:49Z,99.0,Sense
2025-08-17T20:53:59Z,98.0,Sense
2025-08-17T20:54:04Z,96.0,Sense
2025-08-17T20:54:09Z,95.0,Sense
2025-08-17T20:54:14Z,98.0,Sense
2025-08-17T20:54:19Z,112.0,Sense
2025-08-17T20:54:24Z,119.0,Sense
2025-08-17T20:54:29Z,108.0,Sense
2025-08-17T20:54:34Z,104.0,Sense
2025-08-17T20:54:39Z,103.0,Sense
2025-08-17T20:54:49Z,104.0,Sense
2025-08-17T20:54:54Z,105.0,Sense
2025-08-17T20:55:04Z,104.0,Sense
2025-08-17T20:55:09Z,104.0,Sense
2025-08-17T20:55:14Z,102.0,Sense
2025-08-17T20:55:19Z,101.0,Sense
2025-08-17T20:55:24Z,95.0,Sense
2025-08-17T20:55:29Z,99.0,Sense
2025-08-17T20:55:39Z,98.0,Sense
2025-08-17T20:55:44Z,97.0,Sense
2025-08-17T20:55:49Z,95.0,Sense
2025-08-17T20:55:54Z,96.0,Sense
2025-08-17T20:55:59Z,95.0,Sense
2025-08-17T20:56:04Z,96.0,Sense
2025-08-17T20:56:19Z,96.0,Sense
2025-08-17T20:56:24Z,97.0,Sense
2025-08-17T20:56:29Z,98.0,Sense
2025-08-17T20:56:34Z,99.0,Sense
2025-08-17T20:56:39Z,98.0,Sense
2025-08-17T20:56:49Z,97.0,Sense
2025-08-17T20:56:54Z,98.0,Sense
2025-08-17T20:56:59Z,99.0,Sense
2025-08-17T20:57:14Z,98.0,Sense
2025-08-17T20:57:19Z,93.0,Sense
2025-08-17T20:57:24Z,88.0,Sense
2025-08-17T20:57:29Z,94.0,Sense
2025-08-17T20:57:34Z,96.0,Sense
2025-08-17T20:57:49Z,97.0,Sense
2025-08-17T20:57:54Z,96.0,Sense
2025-08-17T20:58:09Z,96.0,Sense
2025-08-17T20:58:14Z,97.0,Sense
2025-08-17T20:58:19Z,98.0,Sense
2025-08-17T20:58:34Z,98.0,Sense
2025-08-17T20:58:39Z,99.0,Sense
2025-08-17T20:58:44Z,100.0,Sense
2025-08-17T20:58:49Z,101.0,Sense
2025-08-17T20:58:54Z,96.0,Sense
2025-08-17T20:58:59Z,93.0,Sense
2025-08-17T20:59:09Z,94.0,Sense
2025-08-17T20:59:14Z,93.0,Sense
2025-08-17T20:59:19Z,93.0,Sense
2025-08-17T20:59:24Z,95.0,Sense
2025-08-17T20:59:34Z,94.0,Sense
2025-08-17T20:59:39Z,95.0,Sense
2025-08-17T20:59:44Z,96.0,Sense
2025-08-17T20:59:49Z,97.0,Sense
2025-08-17T20:59:59Z,98.0,Sense
2025-08-17T21:00:09Z,99.0,Sense
2025-08-17T21:00:24Z,97.0,Sense
2025-08-17T21:00:29Z,90.0,Sense
2025-08-17T21:00:34Z,91.0,Sense
2025-08-17T21:00:39Z,92.0,Sense
2025-08-17T21:00:44Z,90.0,Sense
2025-08-17T21:00:59Z,90.0,Sense
2025-08-17T21:01:04Z,91.0,Sense
2025-08-17T21:01:09Z,100.0,Sense
2025-08-17T21:01:14Z,120.0,Sense
2025-08-17T21:01:19Z,121.0,Sense
2025-08-17T21:01:29Z,123.0,Sense
2025-08-17T21:01:39Z,124.0,Sense
2025-08-17T21:01:44Z,121.0,Sense
2025-08-17T21:01:49Z,120.0,Sense
2025-08-17T21:01:59Z,125.0,Sense
2025-08-17T21:02:04Z,122.0,Sense
2025-08-17T21:02:09Z,114.0,Sense
2025-08-17T21:02:14Z,116.0,Sense
2025-08-17T21:02:19Z,117.0,Sense
2025-08-17T21:02:24Z,116.0,Sense
2025-08-17T21:02:29Z,113.0,Sense
2025-08-17T21:02:34Z,111.0,Sense
2025-08-17T21:02:44Z,109.0,Sense
2025-08-17T21:02:54Z,103.0,Sense
2025-08-17T21:02:59Z,115.0,Sense
2025-08-17T21:03:14Z,116.0,Sense
2025-08-17T21:03:19Z,114.0,Sense
2025-08-17T21:03:29Z,110.0,Sense
2025-08-17T21:03:34Z,112.0,Sense
2025-08-17T21:03:39Z,114.0,Sense
2025-08-17T21:03:44Z,116.0,Sense
2025-08-17T21:03:54Z,120.0,Sense
2025-08-17T21:03:59Z,119.0,Sense
2025-08-17T21:04:04Z,114.0,Sense
2025-08-17T21:04:09Z,111.0,Sense
2025-08-17T21:04:14Z,113.0,Sense
2025-08-17T21:04:24Z,108.0,Sense
2025-08-17T21:04:29Z,102.0,Sense
2025-08-17T21:04:34Z,103.0,Sense
2025-08-17T21:04:39Z,106.0,Sense
2025-08-17T21:04:44Z,107.0,Sense
2025-08-17T21:04:49Z,102.0,Sense
2025-08-17T21:04:54Z,104.0,Sense
2025-08-17T21:04:59Z,105.0,Sense
2025-08-17T21:05:04Z,119.0,Sense
2025-08-17T21:05:09Z,135.0,Sense
2025-08-17T21:05:14Z,124.0,Sense
2025-08-17T21:05:19Z,123.0,Sense
2025-08-17T21:05:24Z,119.0,Sense
2025-08-17T21:05:29Z,113.0,Sense
2025-08-17T21:05:39Z,115.0,Sense
2025-08-17T21:05:44Z,118.0,Sense
2025-08-17T21:05:49Z,116.0,Sense
2025-08-17T21:05:54Z,112.0,Sense
2025-08-17T21:05:59Z,113.0,Sense
2025-08-17T21:06:04Z,121.0,Sense
2025-08-17T21:06:09Z,125.0,Sense
2025-08-17T21:06:19Z,118.0,Sense
2025-08-17T21:06:24Z,117.0,Sense
2025-08-17T21:06:29Z,146.0,Sense
2025-08-17T21:06:34Z,145.0,Sense
2025-08-17T21:06:39Z,141.0,Sense
2025-08-17T21:06:44Z,154.0,Sense
2025-08-17T21:06:49Z,155.0,Sense
2025-08-17T21:06:54Z,154.0,Sense
2025-08-17T21:06:59Z,164.0,Sense
2025-08-17T21:07:09Z,160.0,Sense
2025-08-17T21:07:14Z,158.0,Sense
2025-08-17T21:07:19Z,157.0,Sense
2025-08-17T21:07:24Z,160.0,Sense
2025-08-17T21:07:29Z,165.0,Sense
2025-08-17T21:07:34Z,159.0,Sense
2025-08-17T21:07:39Z,161.0,Sense
2025-08-17T21:07:44Z,162.0,Sense
2025-08-17T21:07:49Z,154.0,Sense
2025-08-17T21:07:54Z,153.0,Sense
2025-08-17T21:07:59Z,154.0,Sense
2025-08-17T21:08:04Z,159.0,Sense
2025-08-17T21:08:09Z,162.0,Sense
2025-08-17T21:08:14Z,161.0,Sense
2025-08-17T21:08:19Z,160.0,Sense
2025-08-17T21:08:24Z,161.0,Sense
2025-08-17T21:08:29Z,158.0,Sense
2025-08-17T21:08:34Z,157.0,Sense
2025-08-17T21:08:39Z,153.0,Sense
2025-08-17T21:08:49Z,152.0,Sense
2025-08-17T21:08:54Z,151.0,Sense
2025-08-17T21:08:59Z,148.0,Sense
2025-08-17T21:09:04Z,144.0,Sense
2025-08-17T21:09:09Z,139.0,Sense
2025-08-17T21:09:14Z,139.0,Sense
2025-08-17T21:09:19Z,138.0,Sense
2025-08-17T21:09:34Z,139.0,Sense
2025-08-17T21:09:39Z,141.0,Sense
2025-08-17T21:09:44Z,140.0,Sense
2025-08-17T21:09:49Z,137.0,Sense
2025-08-17T21:09:54Z,138.0,Sense
2025-08-17T21:09:59Z,142.0,Sense
2025-08-17T21:10:09Z,141.0,Sense
2025-08-17T21:10:14Z,137.0,Sense
2025-08-17T21:10:19Z,130.0,Sense
2025-08-17T21:10:24Z,118.0,Sense
2025-08-17T21:10:29Z,113.0,Sense
2025-08-17T21:10:34Z,112.0,Sense
2025-08-17T21:10:39Z,111.0,Sense
2025-08-17T21:10:44Z,109.0,Sense
2025-08-17T21:10:49Z,107.0,Sense
2025-08-17T21:10:54Z,110.0,Sense
2025-08-17T21:10:59Z,113.0,Sense
2025-08-17T21:11:04Z,118.0,Sense
2025-08-17T21:11:09Z,119.0,Sense
2025-08-17T21:11:14Z,117.0,Sense
2025-08-17T21:11:19Z,121.0,Sense
2025-08-17T21:11:24Z,111.0,Sense
2025-08-17T21:11:29Z,112.0,Sense
2025-08-17T21:11:34Z,110.0,Sense
2025-08-17T21:11:39Z,107.0,Sense
2025-08-17T21:11:44Z,106.0,Sense
2025-08-17T21:11:54Z,106.0,Sense
2025-08-17T21:12:04Z,95.0,Sense
2025-08-17T21:12:09Z,93.0,Sense
2025-08-17T21:12:14Z,92.0,Sense
2025-08-17T21:12:19Z,93.0,Sense
2025-08-17T21:12:24Z,120.0,Sense
2025-08-17T21:12:29Z,137.0,Sense
2025-08-17T21:12:34Z,136.0,Sense
2025-08-17T21:12:39Z,143.0,Sense
2025-08-17T21:12:44Z,150.0,Sense
2025-08-17T21:12:49Z,147.0,Sense
2025-08-17T21:12:54Z,149.0,Sense
2025-08-17T21:13:04Z,145.0,Sense
2025-08-17T21:13:09Z,139.0,Sense
2025-08-17T21:13:14Z,137.0,Sense
2025-08-17T21:13:19Z,134.0,Sense
2025-08-17T21:13:24Z,130.0,Sense
2025-08-17T21:13:29Z,123.0,Sense
2025-08-17T21:13:34Z,127.0,Sense
2025-08-17T21:13:39Z,132.0,Sense
2025-08-17T21:13:44Z,156.0,Sense
2025-08-17T21:13:54Z,155.0,Sense
2025-08-17T21:13:59Z,153.0,Sense
2025-08-17T21:14:04Z,150.0,Sense
2025-08-17T21:14:09Z,153.0,Sense
2025-08-17T21:14:14Z,150.0,Sense
2025-08-17T21:14:19Z,156.0,Sense
2025-08-17T21:14:24Z,161.0,Sense
2025-08-17T21:14:29Z,162.0,Sense
2025-08-17T21:14:34Z,160.0,Sense
2025-08-17T21:14:39Z,158.0,Sense
2025-08-17T21:14:44Z,160.0,Sense
2025-08-17T21:14:49Z,159.0,Sense
2025-08-17T21:14:54Z,155.0,Sense
2025-08-17T21:15:04Z,156.0,Sense
2025-08-17T21:15:09Z,155.0,Sense
2025-08-17T21:15:14Z,152.0,Sense
2025-08-17T21:15:19Z,149.0,Sense
2025-08-17T21:15:24Z,143.0,Sense
2025-08-17T21:15:29Z,136.0,Sense
2025-08-17T21:15:34Z,130.0,Sense
2025-08-17T21:15:39Z,128.0,Sense
2025-08-17T21:15:49Z,129.0,Sense
2025-08-17T21:15:54Z,126.0,Sense
2025-08-17T21:16:04Z,126.0,Sense
2025-08-17T21:16:09Z,124.0,Sense
2025-08-17T21:16:14Z,126.0,Sense
2025-08-17T21:16:19Z,123.0,Sense
2025-08-17T21:16:24Z,117.0,Sense
2025-08-17T21:16:29Z,110.0,Sense
2025-08-17T21:16:34Z,115.0,Sense
2025-08-17T21:16:39Z,116.0,Sense
2025-08-17T21:16:44Z,115.0,Sense
2025-08-17T21:16:49Z,114.0,Sense
2025-08-17T21:16:54Z,115.0,Sense
2025-08-17T21:16:59Z,111.0,Sense
2025-08-17T21:17:04Z,129.0,Sense
2025-08-17T21:17:09Z,136.0,Sense
2025-08-17T21:17:14Z,134.0,Sense
2025-08-17T21:17:24Z,131.0,Sense
2025-08-17T21:17:29Z,128.0,Sense
2025-08-17T21:17:34Z,130.0,Sense
2025-08-17T21:17:39Z,129.0,Sense
2025-08-17T21:17:44Z,128.0,Sense
2025-08-17T21:17:49Z,129.0,Sense
2025-08-17T21:17:54Z,130.0,Sense
2025-08-17T21:17:59Z,128.0,Sense
2025-08-17T21:18:04Z,127.0,Sense
2025-08-17T21:18:14Z,125.0,Sense
2025-08-17T21:18:19Z,123.0,Sense
2025-08-17T21:18:24Z,122.0,Sense
2025-08-17T21:18:29Z,120.0,Sense
2025-08-17T21:18:34Z,112.0,Sense
2025-08-17T21:18:39Z,115.0,Sense
2025-08-17T21:18:44Z,110.0,Sense
2025-08-17T21:18:49Z,107.0,Sense
2025-08-17T21:18:54Z,104.0,Sense
2025-08-17T21:18:59Z,102.0,Sense
2025-08-17T21:19:04Z,99.0,Sense
2025-08-17T21:19:09Z,97.0,Sense
2025-08-17T21:19:14Z,91.0,Sense
2025-08-17T21:19:19Z,83.0,Sense
2025-08-17T21:19:24Z,86.0,Sense
2025-08-17T21:19:29Z,99.0,Sense
2025-08-17T21:19:39Z,102.0,Sense
2025-08-17T21:19:49Z,103.0,Sense
2025-08-17T21:19:54Z,106.0,Sense
2025-08-17T21:19:59Z,108.0,Sense
2025-08-17T21:20:04Z,110.0,Sense
2025-08-17T21:20:09Z,112.0,Sense
2025-08-17T21:20:19Z,110.0,Sense
2025-08-17T21:20:24Z,111.0,Sense
2025-08-17T21:20:29Z,112.0,Sense
2025-08-17T21:20:39Z,113.0,Sense
2025-08-17T21:20:49Z,107.0,Sense
2025-08-17T21:20:54Z,109.0,Sense
2025-08-17T21:20:59Z,122.0,Sense
2025-08-17T21:21:09Z,117.0,Sense
2025-08-17T21:21:14Z,111.0,Sense
2025-08-17T21:21:24Z,109.0,Sense
2025-08-17T21:21:34Z,106.0,Sense
2025-08-17T21:21:39Z,99.0,Sense
2025-08-17T21:21:44Z,100.0,Sense
2025-08-17T21:21:49Z,91.0,Sense
2025-08-17T21:22:04Z,86.0,Sense
2025-08-17T21:22:09Z,79.0,Sense
2025-08-17T21:22:14Z,103.0,Sense
2025-08-17T21:22:19Z,107.0,Sense
2025-08-17T21:22:34Z,109.0,Sense
2025-08-17T21:22:39Z,143.0,Sense
2025-08-17T21:22:44Z,142.0,Sense
2025-08-17T21:22:49Z,144.0,Sense
2025-08-17T21:22:54Z,147.0,Sense
2025-08-17T21:22:59Z,148.0,Sense
2025-08-17T21:23:04Z,147.0,Sense
2025-08-17T21:23:09Z,144.0,Sense
2025-08-17T21:23:14Z,161.0,Sense
2025-08-17T21:23:24Z,159.0,Sense
2025-08-17T21:23:29Z,158.0,Sense
2025-08-17T21:23:34Z,157.0,Sense
2025-08-17T21:23:39Z,155.0,Sense
2025-08-17T21:23:44Z,152.0,Sense
2025-08-17T21:23:49Z,147.0,Sense
2025-08-17T21:23:54Z,144.0,Sense
2025-08-17T21:23:59Z,146.0,Sense
2025-08-17T21:24:04Z,143.0,Sense
2025-08-17T21:24:09Z,142.0,Sense
2025-08-17T21:24:14Z,146.0,Sense
2025-08-17T21:24:19Z,160.0,Sense
2025-08-17T21:24:24Z,158.0,Sense
2025-08-17T21:24:29Z,156.0,Sense
2025-08-17T21:24:39Z,155.0,Sense
2025-08-17T21:24:44Z,153.0,Sense
2025-08-17T21:24:49Z,152.0,Sense
2025-08-17T21:24:54Z,151.0,Sense
2025-08-17T21:24:59Z,156.0,Sense
2025-08-17T21:25:04Z,157.0,Sense
2025-08-17T21:25:09Z,154.0,Sense
2025-08-17T21:25:14Z,152.0,Sense
2025-08-17T21:25:19Z,149.0,Sense
2025-08-17T21:25:24Z,146.0,Sense
2025-08-17T21:25:29Z,143.0,Sense
2025-08-17T21:25:34Z,140.0,Sense
2025-08-17T21:25:39Z,131.0,Sense
2025-08-17T21:25:44Z,132.0,Sense
2025-08-17T21:25:49Z,143.0,Sense
2025-08-17T21:25:54Z,144.0,Sense
2025-08-17T21:25:59Z,142.0,Sense
2025-08-17T21:26:04Z,141.0,Sense
2025-08-17T21:26:09Z,138.0,Sense
2025-08-17T21:26:14Z,132.0,Sense
2025-08-17T21:26:19Z,130.0,Sense
2025-08-17T21:26:24Z,127.0,Sense
2025-08-17T21:26:29Z,123.0,Sense
2025-08-17T21:26:34Z,126.0,Sense
2025-08-17T21:26:39Z,131.0,Sense
2025-08-17T21:26:44Z,136.0,Sense
2025-08-17T21:26:49Z,140.0,Sense
2025-08-17T21:27:04Z,140.0,Sense
2025-08-17T21:27:09Z,137.0,Sense
2025-08-17T21:27:19Z,135.0,Sense
2025-08-17T21:27:24Z,136.0,Sense
2025-08-17T21:27:29Z,137.0,Sense
2025-08-17T21:27:34Z,132.0,Sense
2025-08-17T21:27:39Z,126.0,Sense
2025-08-17T21:27:44Z,134.0,Sense
2025-08-17T21:27:49Z,136.0,Sense
2025-08-17T21:27:54Z,135.0,Sense
2025-08-17T21:28:04Z,135.0,Sense
2025-08-17T21:28:09Z,133.0,Sense
2025-08-17T21:28:14Z,128.0,Sense
2025-08-17T21:28:19Z,124.0,Sense
2025-08-17T21:28:24Z,121.0,Sense
2025-08-17T21:28:29Z,118.0,Sense
2025-08-17T21:28:34Z,116.0,Sense
2025-08-17T21:28:44Z,119.0,Sense
2025-08-17T21:28:49Z,121.0,Sense
2025-08-17T21:28:54Z,118.0,Sense
2025-08-17T21:28:59Z,123.0,Sense
2025-08-17T21:29:04Z,125.0,Sense
2025-08-17T21:29:09Z,139.0,Sense
2025-08-17T21:29:14Z,165.0,Sense
2025-08-17T21:29:19Z,164.0,Sense
2025-08-17T21:29:24Z,162.0,Sense
2025-08-17T21:29:29Z,164.0,Sense
2025-08-17T21:29:34Z,163.0,Sense
2025-08-17T21:29:39Z,161.0,Sense
2025-08-17T21:29:44Z,158.0,Sense
2025-08-17T21:29:49Z,157.0,Sense
2025-08-17T21:29:54Z,155.0,Sense
2025-08-17T21:29:59Z,149.0,Sense
2025-08-17T21:30:04Z,143.0,Sense
2025-08-17T21:30:14Z,140.0,Sense
2025-08-17T21:30:19Z,138.0,Sense
2025-08-17T21:30:24Z,135.0,Sense
2025-08-17T21:30:29Z,136.0,Sense
2025-08-17T21:30:44Z,132.0,Sense
2025-08-17T21:30:49Z,125.0,Sense
2025-08-17T21:30:54Z,119.0,Sense
2025-08-17T21:30:59Z,116.0,Sense
2025-08-17T21:31:04Z,115.0,Sense
2025-08-17T21:31:09Z,113.0,Sense
2025-08-17T21:31:19Z,128.0,Sense
2025-08-17T21:31:24Z,150.0,Sense
2025-08-17T21:31:29Z,147.0,Sense
2025-08-17T21:31:34Z,145.0,Sense
2025-08-17T21:31:39Z,146.0,Sense
2025-08-17T21:31:44Z,148.0,Sense
2025-08-17T21:31:54Z,143.0,Sense
2025-08-17T21:31:59Z,139.0,Sense
2025-08-17T21:32:09Z,138.0,Sense
2025-08-17T21:32:14Z,140.0,Sense
2025-08-17T21:32:19Z,146.0,Sense
2025-08-17T21:32:24Z,139.0,Sense
2025-08-17T21:32:29Z,131.0,Sense
2025-08-17T21:32:39Z,132.0,Sense
2025-08-17T21:32:44Z,134.0,Sense
2025-08-17T21:32:49Z,136.0,Sense
2025-08-17T21:32:54Z,137.0,Sense
2025-08-17T21:32:59Z,131.0,Sense
2025-08-17T21:33:04Z,129.0,Sense
2025-08-17T21:33:14Z,128.0,Sense
2025-08-17T21:33:19Z,125.0,Sense
2025-08-17T21:33:24Z,118.0,Sense
2025-08-17T21:33:29Z,111.0,Sense
2025-08-17T21:33:34Z,110.0,Sense
2025-08-17T21:33:39Z,124.0,Sense
2025-08-17T21:33:44Z,125.0,Sense
2025-08-17T21:33:49Z,126.0,Sense
2025-08-17T21:33:54Z,128.0,Sense
2025-08-17T21:33:59Z,129.0,Sense
2025-08-17T21:34:04Z,126.0,Sense
2025-08-17T21:34:09Z,123.0,Sense
2025-08-17T21:34:14Z,122.0,Sense
2025-08-17T21:34:19Z,124.0,Sense
2025-08-17T21:34:24Z,128.0,Sense
2025-08-17T21:34:29Z,126.0,Sense
2025-08-17T21:34:34Z,128.0,Sense
2025-08-17T21:34:44Z,127.0,Sense
2025-08-17T21:34:49Z,124.0,Sense
2025-08-17T21:34:54Z,121.0,Sense
2025-08-17T21:34:59Z,120.0,Sense
2025-08-17T21:35:04Z,124.0,Sense
2025-08-17T21:35:09Z,127.0,Sense
2025-08-17T21:35:24Z,127.0,Sense
2025-08-17T21:35:29Z,119.0,Sense
2025-08-17T21:35:36Z,116.0,Sense
2025-08-17T21:35:41Z,117.0,Sense
2025-08-17T21:35:46Z,116.0,Sense
2025-08-17T21:35:51Z,117.0,Sense
2025-08-17T21:36:06Z,117.0,Sense
2025-08-17T21:36:16Z,105.0,Sense
2025-08-17T21:36:21Z,103.0,Sense
2025-08-17T21:36:26Z,104.0,Sense
2025-08-17T21:36:41Z,111.0,Sense
2025-08-17T21:36:46Z,147.0,Sense
2025-08-17T21:36:56Z,143.0,Sense
2025-08-17T21:37:01Z,140.0,Sense
2025-08-17T21:37:06Z,143.0,Sense
2025-08-17T21:37:11Z,140.0,Sense
2025-08-17T21:37:16Z,134.0,Sense
2025-08-17T21:37:21Z,127.0,Sense
2025-08-17T21:37:26Z,125.0,Sense
2025-08-17T21:37:31Z,121.0,Sense
2025-08-17T21:37:41Z,130.0,Sense
2025-08-17T21:37:46Z,132.0,Sense
2025-08-17T21:37:51Z,133.0,Sense
2025-08-17T21:38:01Z,128.0,Sense
2025-08-17T21:38:06Z,120.0,Sense
2025-08-17T21:38:11Z,111.0,Sense
2025-08-17T21:38:16Z,112.0,Sense
2025-08-17T21:38:21Z,123.0,Sense
2025-08-17T21:38:26Z,124.0,Sense
2025-08-17T21:38:31Z,123.0,Sense
2025-08-17T21:38:36Z,121.0,Sense
2025-08-17T21:38:41Z,119.0,Sense
2025-08-17T21:38:46Z,114.0,Sense
2025-08-17T21:38:51Z,115.0,Sense
2025-08-17T21:38:56Z,114.0,Sense
2025-08-17T21:39:01Z,113.0,Sense
2025-08-17T21:39:11Z,115.0,Sense
2025-08-17T21:39:16Z,114.0,Sense
2025-08-17T21:39:21Z,112.0,Sense
2025-08-17T21:39:26Z,113.0,Sense
2025-08-17T21:39:31Z,123.0,Sense
2025-08-17T21:39:36Z,124.0,Sense
2025-08-17T21:39:51Z,129.0,Sense
2025-08-17T21:39:56Z,142.0,Sense
2025-08-17T21:40:01Z,143.0,Sense
2025-08-17T21:40:06Z,143.0,Sense
2025-08-17T21:40:11Z,135.0,Sense
2025-08-17T21:40:16Z,129.0,Sense
2025-08-17T21:40:21Z,128.0,Sense
2025-08-17T21:40:31Z,127.0,Sense
2025-08-17T21:40:36Z,128.0,Sense
2025-08-17T21:40:46Z,124.0,Sense
2025-08-17T21:40:51Z,123.0,Sense
2025-08-17T21:41:06Z,124.0,Sense
2025-08-17T21:41:16Z,120.0,Sense
2025-08-17T21:41:21Z,122.0,Sense
2025-08-17T21:41:26Z,115.0,Sense
2025-08-17T21:41:31Z,110.0,Sense
2025-08-17T21:41:36Z,132.0,Sense
2025-08-17T21:41:41Z,143.0,Sense
2025-08-17T21:41:46Z,144.0,Sense
2025-08-17T21:41:56Z,143.0,Sense
2025-08-17T21:42:06Z,139.0,Sense
2025-08-17T21:42:11Z,147.0,Sense
2025-08-17T21:42:16Z,161.0,Sense
2025-08-17T21:42:21Z,162.0,Sense
2025-08-17T21:42:26Z,161.0,Sense
2025-08-17T21:42:31Z,159.0,Sense
2025-08-17T21:42:36Z,156.0,Sense
2025-08-17T21:42:41Z,155.0,Sense
2025-08-17T21:42:46Z,152.0,Sense
2025-08-17T21:42:51Z,148.0,Sense
2025-08-17T21:42:56Z,144.0,Sense
2025-08-17T21:43:01Z,142.0,Sense
2025-08-17T21:43:06Z,141.0,Sense
2025-08-17T21:43:11Z,146.0,Sense
2025-08-17T21:43:16Z,146.0,Sense
2025-08-17T21:43:21Z,142.0,Sense
2025-08-17T21:43:26Z,138.0,Sense
2025-08-17T21:43:31Z,135.0,Sense
2025-08-17T21:43:36Z,131.0,Sense
2025-08-17T21:43:41Z,134.0,Sense
2025-08-17T21:43:46Z,139.0,Sense
2025-08-17T21:43:51Z,140.0,Sense
2025-08-17T21:43:56Z,137.0,Sense
2025-08-17T21:44:01Z,135.0,Sense
2025-08-17T21:44:06Z,132.0,Sense
2025-08-17T21:44:11Z,127.0,Sense
2025-08-17T21:44:16Z,125.0,Sense
2025-08-17T21:44:21Z,119.0,Sense
2025-08-17T21:44:26Z,113.0,Sense
2025-08-17T21:44:31Z,114.0,Sense
2025-08-17T21:44:36Z,120.0,Sense
2025-08-17T21:44:41Z,121.0,Sense
2025-08-17T21:44:46Z,127.0,Sense
2025-08-17T21:44:51Z,126.0,Sense
2025-08-17T21:44:56Z,127.0,Sense
2025-08-17T21:45:01Z,143.0,Sense
2025-08-17T21:45:06Z,141.0,Sense
2025-08-17T21:45:11Z,138.0,Sense
2025-08-17T21:45:16Z,136.0,Sense
2025-08-17T21:45:21Z,134.0,Sense
2025-08-17T21:45:26Z,136.0,Sense
2025-08-17T21:45:31Z,137.0,Sense
2025-08-17T21:45:36Z,134.0,Sense
2025-08-17T21:45:41Z,136.0,Sense
2025-08-17T21:45:46Z,138.0,Sense
2025-08-17T21:45:51Z,146.0,Sense
2025-08-17T21:46:01Z,145.0,Sense
2025-08-17T21:46:06Z,141.0,Sense
2025-08-17T21:46:11Z,136.0,Sense
2025-08-17T21:46:16Z,133.0,Sense
2025-08-17T21:46:21Z,127.0,Sense
2025-08-17T21:46:26Z,126.0,Sense
2025-08-17T21:46:31Z,116.0,Sense
2025-08-17T21:46:36Z,114.0,Sense
2025-08-17T21:46:41Z,116.0,Sense
2025-08-17T21:46:56Z,116.0,Sense
2025-08-17T21:47:01Z,116.0,Sense
2025-08-17T21:47:06Z,147.0,Sense
2025-08-17T21:47:11Z,151.0,Sense
2025-08-17T21:47:21Z,149.0,Sense
2025-08-17T21:47:26Z,148.0,Sense
2025-08-17T21:47:31Z,149.0,Sense
2025-08-17T21:47:36Z,143.0,Sense
2025-08-17T21:47:41Z,140.0,Sense
2025-08-17T21:47:46Z,135.0,Sense
2025-08-17T21:47:51Z,132.0,Sense
2025-08-17T21:47:56Z,134.0,Sense
2025-08-17T21:48:01Z,131.0,Sense
2025-08-17T21:48:11Z,126.0,Sense
2025-08-17T21:48:16Z,125.0,Sense
2025-08-17T21:48:21Z,126.0,Sense
2025-08-17T21:48:26Z,119.0,Sense
2025-08-17T21:48:31Z,115.0,Sense
2025-08-17T21:48:36Z,122.0,Sense
2025-08-17T21:48:41Z,129.0,Sense
2025-08-17T21:48:46Z,133.0,Sense
2025-08-17T21:48:51Z,135.0,Sense
2025-08-17T21:48:56Z,133.0,Sense
2025-08-17T21:49:01Z,131.0,Sense
2025-08-17T21:49:06Z,130.0,Sense
2025-08-17T21:49:11Z,128.0,Sense
2025-08-17T21:49:16Z,125.0,Sense
2025-08-17T21:49:21Z,109.0,Sense
2025-08-17T21:49:26Z,120.0,Sense
2025-08-17T21:49:31Z,138.0,Sense
2025-08-17T21:49:36Z,161.0,Sense
2025-08-17T21:49:46Z,157.0,Sense
2025-08-17T21:49:51Z,144.0,Sense
2025-08-17T21:49:56Z,141.0,Sense
2025-08-17T21:50:01Z,140.0,Sense
2025-08-17T21:50:11Z,138.0,Sense
2025-08-17T21:50:16Z,130.0,Sense
2025-08-17T21:50:21Z,122.0,Sense
2025-08-17T21:50:26Z,116.0,Sense
2025-08-17T21:50:31Z,126.0,Sense
2025-08-17T21:50:36Z,133.0,Sense
2025-08-17T21:50:41Z,125.0,Sense
2025-08-17T21:50:56Z,124.0,Sense
2025-08-17T21:51:01Z,123.0,Sense
2025-08-17T21:51:06Z,122.0,Sense
2025-08-17T21:51:11Z,118.0,Sense
2025-08-17T21:51:16Z,117.0,Sense
2025-08-17T21:51:21Z,116.0,Sense
2025-08-17T21:51:26Z,117.0,Sense
2025-08-17T21:51:31Z,119.0,Sense
2025-08-17T21:51:36Z,115.0,Sense
2025-08-17T21:51:41Z,111.0,Sense
2025-08-17T21:51:51Z,109.0,Sense
2025-08-17T21:51:56Z,112.0,Sense
2025-08-17T21:52:01Z,144.0,Sense
2025-08-17T21:52:06Z,142.0,Sense
2025-08-17T21:52:11Z,139.0,Sense
2025-08-17T21:52:16Z,145.0,Sense
2025-08-17T21:52:21Z,148.0,Sense
2025-08-17T21:52:26Z,154.0,Sense
2025-08-17T21:52:36Z,152.0,Sense
2025-08-17T21:52:41Z,150.0,Sense
2025-08-17T21:52:46Z,146.0,Sense
2025-08-17T21:52:51Z,141.0,Sense
2025-08-17T21:52:56Z,142.0,Sense
2025-08-17T21:53:01Z,143.0,Sense
2025-08-17T21:53:06Z,144.0,Sense
2025-08-17T21:53:11Z,142.0,Sense
2025-08-17T21:53:16Z,140.0,Sense
2025-08-17T21:53:21Z,151.0,Sense
2025-08-17T21:53:26Z,150.0,Sense
2025-08-17T21:53:31Z,151.0,Sense
2025-08-17T21:53:41Z,152.0,Sense
2025-08-17T21:53:46Z,148.0,Sense
2025-08-17T21:53:51Z,140.0,Sense
2025-08-17T21:53:56Z,139.0,Sense
2025-08-17T21:54:06Z,140.0,Sense
2025-08-17T21:54:11Z,141.0,Sense
2025-08-17T21:54:16Z,148.0,Sense
2025-08-17T21:54:21Z,155.0,Sense
2025-08-17T21:54:26Z,149.0,Sense
2025-08-17T21:54:31Z,137.0,Sense
2025-08-17T21:54:36Z,135.0,Sense
2025-08-17T21:54:41Z,131.0,Sense
2025-08-17T21:54:46Z,128.0,Sense
2025-08-17T21:54:51Z,131.0,Sense
2025-08-17T21:54:56Z,139.0,Sense
2025-08-17T21:55:01Z,152.0,Sense
2025-08-17T21:55:06Z,151.0,Sense
2025-08-17T21:55:11Z,149.0,Sense
2025-08-17T21:55:16Z,147.0,Sense
2025-08-17T21:55:21Z,133.0,Sense
2025-08-17T21:55:26Z,129.0,Sense
2025-08-17T21:55:31Z,127.0,Sense
2025-08-17T21:55:36Z,129.0,Sense
2025-08-17T21:55:41Z,136.0,Sense
2025-08-17T21:55:51Z,134.0,Sense
2025-08-17T21:56:01Z,132.0,Sense
2025-08-17T21:56:06Z,132.0,Sense
2025-08-17T21:56:21Z,131.0,Sense
2025-08-17T21:56:26Z,128.0,Sense
2025-08-17T21:56:31Z,126.0,Sense
2025-08-17T21:56:36Z,122.0,Sense
2025-08-17T21:56:41Z,123.0,Sense
2025-08-17T21:56:46Z,127.0,Sense
2025-08-17T21:56:51Z,125.0,Sense
2025-08-17T21:56:56Z,119.0,Sense
2025-08-17T21:57:01Z,114.0,Sense
2025-08-17T21:57:06Z,149.0,Sense
2025-08-17T21:57:11Z,156.0,Sense
2025-08-17T21:57:16Z,154.0,Sense
2025-08-17T21:57:26Z,152.0,Sense
2025-08-17T21:57:31Z,136.0,Sense
2025-08-17T21:57:41Z,135.0,Sense
2025-08-17T21:57:51Z,134.0,Sense
2025-08-17T21:57:56Z,162.0,Sense
2025-08-17T21:58:01Z,164.0,Sense
2025-08-17T21:58:06Z,162.0,Sense
2025-08-17T21:58:11Z,161.0,Sense
2025-08-17T21:58:26Z,162.0,Sense
2025-08-17T21:58:31Z,163.0,Sense
2025-08-17T21:58:41Z,166.0,Sense
2025-08-17T21:58:46Z,156.0,Sense
2025-08-17T21:58:51Z,152.0,Sense
2025-08-17T21:58:56Z,151.0,Sense
2025-08-17T21:59:01Z,150.0,Sense
2025-08-17T21:59:06Z,149.0,Sense
2025-08-17T21:59:11Z,148.0,Sense
2025-08-17T21:59:16Z,147.0,Sense
2025-08-17T21:59:21Z,144.0,Sense
2025-08-17T21:59:26Z,139.0,Sense
2025-08-17T21:59:31Z,130.0,Sense
2025-08-17T21:59:36Z,117.0,Sense
2025-08-17T21:59:46Z,118.0,Sense
2025-08-17T21:59:56Z,120.0,Sense
2025-08-17T22:00:01Z,116.0,Sense
2025-08-17T22:00:06Z,114.0,Sense
2025-08-17T22:00:11Z,119.0,Sense
2025-08-17T22:00:16Z,121.0,Sense
2025-08-17T22:00:21Z,119.0,Sense
2025-08-17T22:00:26Z,116.0,Sense
2025-08-17T22:00:31Z,103.0,Sense
2025-08-17T22:00:36Z,94.0,Sense
2025-08-17T22:00:41Z,93.0,Sense
2025-08-17T22:00:46Z,94.0,Sense
2025-08-17T22:00:51Z,90.0,Sense
2025-08-17T22:00:56Z,86.0,Sense
2025-08-17T22:01:01Z,87.0,Sense
2025-08-17T22:01:16Z,83.0,Sense
2025-08-17T22:01:21Z,84.0,Sense
2025-08-17T22:01:26Z,85.0,Sense
2025-08-17T22:01:31Z,92.0,Sense
2025-08-17T22:01:36Z,98.0,Sense
2025-08-17T22:01:41Z,99.0,Sense
2025-08-17T22:01:46Z,100.0,Sense
2025-08-17T22:01:51Z,103.0,Sense
2025-08-17T22:01:56Z,109.0,Sense
2025-08-17T22:02:01Z,108.0,Sense
2025-08-17T22:02:06Z,110.0,Sense
2025-08-17T22:02:16Z,108.0,Sense
2025-08-17T22:02:21Z,107.0,Sense
2025-08-17T22:02:26Z,108.0,Sense
2025-08-17T22:02:31Z,113.0,Sense
2025-08-17T22:02:36Z,136.0,Sense
2025-08-17T22:02:41Z,144.0,Sense
2025-08-17T22:02:46Z,151.0,Sense
2025-08-17T22:03:01Z,149.0,Sense
2025-08-17T22:03:06Z,146.0,Sense
2025-08-17T22:03:11Z,144.0,Sense
2025-08-17T22:03:16Z,140.0,Sense
2025-08-17T22:03:21Z,139.0,Sense
2025-08-17T22:03:26Z,134.0,Sense
2025-08-17T22:03:31Z,128.0,Sense
2025-08-17T22:03:36Z,127.0,Sense
2025-08-17T22:03:41Z,126.0,Sense
2025-08-17T22:03:46Z,123.0,Sense
2025-08-17T22:03:51Z,113.0,Sense
2025-08-17T22:03:56Z,107.0,Sense
2025-08-17T22:04:01Z,106.0,Sense
2025-08-17T22:04:06Z,105.0,Sense
2025-08-17T22:04:11Z,112.0,Sense
2025-08-17T22:04:16Z,138.0,Sense
2025-08-17T22:04:21Z,139.0,Sense
2025-08-17T22:04:26Z,138.0,Sense
2025-08-17T22:04:31Z,137.0,Sense
2025-08-17T22:04:36Z,135.0,Sense
2025-08-17T22:04:41Z,140.0,Sense
2025-08-17T22:04:46Z,138.0,Sense
2025-08-17T22:04:51Z,135.0,Sense
2025-08-17T22:04:56Z,132.0,Sense
2025-08-17T22:05:01Z,131.0,Sense
2025-08-17T22:05:06Z,132.0,Sense
2025-08-17T22:05:16Z,131.0,Sense
2025-08-17T22:05:26Z,132.0,Sense
2025-08-17T22:05:36Z,131.0,Sense
2025-08-17T22:05:41Z,129.0,Sense
2025-08-17T22:05:46Z,132.0,Sense
2025-08-17T22:05:51Z,130.0,Sense
2025-08-17T22:06:01Z,128.0,Sense
2025-08-17T22:06:06Z,123.0,Sense
2025-08-17T22:06:11Z,120.0,Sense
2025-08-17T22:06:16Z,119.0,Sense
