timestamp,beats per minute,data source
2025-03-31T02:53:19Z,87.0,Sense
2025-03-31T02:53:24Z,89.0,Sense
2025-03-31T02:53:34Z,88.0,Sense
2025-03-31T02:53:44Z,92.0,Sense
2025-03-31T02:53:49Z,91.0,Sense
2025-03-31T06:35:41Z,86.0,Sense
2025-03-31T06:35:46Z,92.0,Sense
2025-03-31T06:35:51Z,93.0,Sense
2025-03-31T06:35:56Z,98.0,Sense
2025-03-31T06:36:06Z,106.0,Sense
2025-03-31T06:36:11Z,107.0,Sense
2025-03-31T06:36:16Z,109.0,Sense
2025-03-31T06:36:26Z,100.0,Sense
2025-03-31T06:36:31Z,101.0,Sense
2025-03-31T06:36:36Z,98.0,Sense
2025-03-31T06:36:41Z,96.0,Sense
2025-03-31T06:36:51Z,94.0,Sense
2025-03-31T06:36:56Z,92.0,Sense
2025-03-31T06:37:06Z,91.0,Sense
2025-03-31T06:37:16Z,91.0,Sense
2025-03-31T06:37:21Z,90.0,Sense
2025-03-31T06:37:26Z,88.0,Sense
2025-03-31T06:37:31Z,87.0,Sense
2025-03-31T06:37:36Z,89.0,Sense
2025-03-31T06:37:41Z,90.0,Sense
2025-03-31T06:37:46Z,89.0,Sense
2025-03-31T06:37:51Z,85.0,Sense
2025-03-31T06:37:56Z,83.0,Sense
2025-03-31T06:38:01Z,88.0,Sense
2025-03-31T06:38:06Z,89.0,Sense
2025-03-31T06:38:11Z,87.0,Sense
2025-03-31T06:38:16Z,86.0,Sense
2025-03-31T06:38:21Z,87.0,Sense
2025-03-31T06:38:26Z,86.0,Sense
2025-03-31T06:38:31Z,85.0,Sense
2025-03-31T06:38:46Z,86.0,Sense
2025-03-31T06:38:51Z,87.0,Sense
2025-03-31T06:38:56Z,89.0,Sense
2025-03-31T06:39:01Z,88.0,Sense
2025-03-31T06:39:16Z,92.0,Sense
2025-03-31T06:39:21Z,93.0,Sense
2025-03-31T06:39:36Z,93.0,Sense
2025-03-31T06:39:46Z,92.0,Sense
2025-03-31T06:39:51Z,91.0,Sense
2025-03-31T06:40:01Z,90.0,Sense
2025-03-31T06:40:16Z,89.0,Sense
2025-03-31T06:40:21Z,87.0,Sense
2025-03-31T06:40:36Z,88.0,Sense
2025-03-31T06:40:51Z,88.0,Sense
2025-03-31T06:41:01Z,88.0,Sense
2025-03-31T06:41:06Z,88.0,Sense
2025-03-31T06:41:11Z,89.0,Sense
2025-03-31T06:41:16Z,90.0,Sense
2025-03-31T06:41:21Z,91.0,Sense
2025-03-31T06:41:31Z,92.0,Sense
2025-03-31T06:41:36Z,90.0,Sense
2025-03-31T06:42:04Z,97.0,Sense
2025-03-31T06:42:10Z,96.0,Sense
2025-03-31T06:42:15Z,96.0,Sense
2025-03-31T06:42:25Z,93.0,Sense
2025-03-31T06:42:30Z,91.0,Sense
2025-03-31T06:42:35Z,88.0,Sense
2025-03-31T06:42:40Z,87.0,Sense
2025-03-31T06:42:45Z,88.0,Sense
2025-03-31T06:42:50Z,87.0,Sense
2025-03-31T06:42:55Z,86.0,Sense
2025-03-31T06:43:00Z,88.0,Sense
2025-03-31T06:43:05Z,87.0,Sense
2025-03-31T06:43:10Z,89.0,Sense
2025-03-31T06:43:15Z,93.0,Sense
2025-03-31T06:43:20Z,94.0,Sense
2025-03-31T06:43:35Z,94.0,Sense
2025-03-31T06:43:40Z,97.0,Sense
2025-03-31T06:43:45Z,96.0,Sense
2025-03-31T06:43:50Z,94.0,Sense
2025-03-31T06:43:55Z,88.0,Sense
2025-03-31T06:44:05Z,87.0,Sense
2025-03-31T06:44:10Z,86.0,Sense
2025-03-31T06:44:15Z,85.0,Sense
2025-03-31T06:44:20Z,84.0,Sense
2025-03-31T06:44:25Z,85.0,Sense
2025-03-31T06:44:30Z,86.0,Sense
2025-03-31T06:44:40Z,87.0,Sense
2025-03-31T06:44:50Z,86.0,Sense
2025-03-31T06:44:55Z,87.0,Sense
2025-03-31T06:45:05Z,88.0,Sense
2025-03-31T06:45:10Z,97.0,Sense
2025-03-31T06:45:15Z,121.0,Sense
2025-03-31T06:45:25Z,120.0,Sense
2025-03-31T06:45:30Z,116.0,Sense
2025-03-31T06:45:35Z,112.0,Sense
2025-03-31T06:45:45Z,116.0,Sense
2025-03-31T06:45:50Z,117.0,Sense
2025-03-31T06:45:55Z,117.0,Sense
2025-03-31T06:46:05Z,112.0,Sense
2025-03-31T06:46:10Z,111.0,Sense
2025-03-31T06:46:15Z,109.0,Sense
2025-03-31T06:46:20Z,106.0,Sense
2025-03-31T06:46:25Z,102.0,Sense
2025-03-31T06:46:30Z,98.0,Sense
2025-03-31T06:46:35Z,94.0,Sense
2025-03-31T06:46:40Z,90.0,Sense
2025-03-31T06:46:45Z,87.0,Sense
2025-03-31T06:46:50Z,85.0,Sense
2025-03-31T06:46:55Z,86.0,Sense
2025-03-31T06:47:05Z,86.0,Sense
2025-03-31T06:47:10Z,87.0,Sense
2025-03-31T06:47:15Z,82.0,Sense
2025-03-31T06:47:20Z,78.0,Sense
2025-03-31T06:47:30Z,82.0,Sense
2025-03-31T06:47:35Z,94.0,Sense
2025-03-31T06:47:40Z,99.0,Sense
2025-03-31T06:47:45Z,98.0,Sense
2025-03-31T06:47:50Z,98.0,Sense
2025-03-31T06:47:55Z,97.0,Sense
2025-03-31T06:48:00Z,96.0,Sense
2025-03-31T06:48:05Z,94.0,Sense
2025-03-31T06:48:10Z,92.0,Sense
2025-03-31T06:48:15Z,91.0,Sense
2025-03-31T06:48:20Z,92.0,Sense
2025-03-31T06:48:30Z,93.0,Sense
2025-03-31T06:48:40Z,82.0,Sense
2025-03-31T06:48:55Z,83.0,Sense
2025-03-31T06:49:05Z,84.0,Sense
2025-03-31T06:49:10Z,85.0,Sense
2025-03-31T06:49:15Z,84.0,Sense
2025-03-31T06:49:25Z,85.0,Sense
2025-03-31T06:49:30Z,80.0,Sense
2025-03-31T06:49:35Z,76.0,Sense
2025-03-31T06:49:50Z,77.0,Sense
2025-03-31T06:49:55Z,78.0,Sense
2025-03-31T06:50:00Z,79.0,Sense
2025-03-31T06:50:05Z,79.0,Sense
2025-03-31T06:50:15Z,80.0,Sense
2025-03-31T06:50:20Z,81.0,Sense
2025-03-31T06:50:25Z,82.0,Sense
2025-03-31T06:50:30Z,84.0,Sense
2025-03-31T06:50:35Z,86.0,Sense
2025-03-31T06:50:40Z,87.0,Sense
2025-03-31T06:50:55Z,87.0,Sense
2025-03-31T06:51:05Z,86.0,Sense
2025-03-31T06:51:10Z,87.0,Sense
2025-03-31T06:51:15Z,84.0,Sense
2025-03-31T06:51:20Z,84.0,Sense
2025-03-31T06:51:35Z,82.0,Sense
2025-03-31T06:51:40Z,81.0,Sense
2025-03-31T06:51:55Z,81.0,Sense
2025-03-31T06:52:00Z,82.0,Sense
2025-03-31T06:52:15Z,83.0,Sense
2025-03-31T06:52:25Z,88.0,Sense
2025-03-31T06:52:35Z,87.0,Sense
2025-03-31T06:52:45Z,86.0,Sense
2025-03-31T06:53:00Z,85.0,Sense
2025-03-31T06:53:15Z,86.0,Sense
2025-03-31T06:53:20Z,85.0,Sense
2025-03-31T06:53:25Z,84.0,Sense
2025-03-31T06:53:35Z,83.0,Sense
2025-03-31T06:53:45Z,85.0,Sense
2025-03-31T06:53:50Z,92.0,Sense
2025-03-31T06:53:55Z,96.0,Sense
2025-03-31T06:54:00Z,97.0,Sense
2025-03-31T06:54:15Z,96.0,Sense
2025-03-31T06:54:20Z,97.0,Sense
2025-03-31T06:54:25Z,96.0,Sense
2025-03-31T06:54:30Z,97.0,Sense
2025-03-31T06:54:45Z,95.0,Sense
2025-03-31T06:54:50Z,95.0,Sense
2025-03-31T06:54:55Z,94.0,Sense
2025-03-31T06:55:05Z,93.0,Sense
2025-03-31T06:55:15Z,92.0,Sense
2025-03-31T06:55:30Z,90.0,Sense
2025-03-31T06:55:35Z,82.0,Sense
2025-03-31T06:55:40Z,81.0,Sense
2025-03-31T06:55:45Z,82.0,Sense
2025-03-31T06:55:50Z,81.0,Sense
2025-03-31T06:56:05Z,81.0,Sense
2025-03-31T06:56:15Z,82.0,Sense
2025-03-31T06:56:30Z,80.0,Sense
2025-03-31T06:56:40Z,81.0,Sense
2025-03-31T06:56:50Z,84.0,Sense
2025-03-31T06:56:55Z,85.0,Sense
2025-03-31T06:57:10Z,85.0,Sense
2025-03-31T06:57:15Z,84.0,Sense
2025-03-31T06:57:20Z,83.0,Sense
2025-03-31T06:57:36Z,83.0,Sense
2025-03-31T06:57:46Z,84.0,Sense
2025-03-31T06:57:51Z,83.0,Sense
2025-03-31T06:57:56Z,82.0,Sense
2025-03-31T06:58:01Z,83.0,Sense
2025-03-31T06:58:16Z,83.0,Sense
2025-03-31T06:58:21Z,81.0,Sense
2025-03-31T06:58:27Z,76.0,Sense
2025-03-31T06:58:37Z,77.0,Sense
2025-03-31T06:58:52Z,78.0,Sense
2025-03-31T06:58:57Z,79.0,Sense
2025-03-31T06:59:07Z,82.0,Sense
2025-03-31T06:59:12Z,89.0,Sense
2025-03-31T06:59:17Z,88.0,Sense
2025-03-31T06:59:32Z,88.0,Sense
2025-03-31T06:59:37Z,88.0,Sense
2025-03-31T06:59:42Z,87.0,Sense
2025-03-31T06:59:57Z,87.0,Sense
2025-03-31T07:00:02Z,86.0,Sense
2025-03-31T07:00:12Z,85.0,Sense
2025-03-31T07:00:17Z,84.0,Sense
2025-03-31T07:00:22Z,83.0,Sense
2025-03-31T07:00:32Z,82.0,Sense
2025-03-31T07:00:42Z,83.0,Sense
2025-03-31T07:00:47Z,84.0,Sense
2025-03-31T07:00:57Z,83.0,Sense
2025-03-31T07:01:02Z,84.0,Sense
2025-03-31T07:01:07Z,85.0,Sense
2025-03-31T07:01:17Z,86.0,Sense
2025-03-31T07:01:22Z,87.0,Sense
2025-03-31T07:01:27Z,88.0,Sense
2025-03-31T07:01:32Z,87.0,Sense
2025-03-31T07:01:37Z,88.0,Sense
2025-03-31T07:01:52Z,88.0,Sense
2025-03-31T07:01:57Z,87.0,Sense
2025-03-31T07:02:02Z,86.0,Sense
2025-03-31T07:02:07Z,85.0,Sense
2025-03-31T07:02:12Z,82.0,Sense
2025-03-31T07:02:17Z,82.0,Sense
2025-03-31T07:02:27Z,79.0,Sense
2025-03-31T07:02:42Z,79.0,Sense
2025-03-31T07:02:57Z,79.0,Sense
2025-03-31T07:03:02Z,77.0,Sense
2025-03-31T07:03:17Z,77.0,Sense
2025-03-31T07:03:27Z,78.0,Sense
2025-03-31T07:03:37Z,80.0,Sense
2025-03-31T07:03:52Z,81.0,Sense
2025-03-31T07:03:57Z,82.0,Sense
2025-03-31T07:04:02Z,83.0,Sense
2025-03-31T07:04:07Z,80.0,Sense
2025-03-31T07:04:22Z,81.0,Sense
2025-03-31T07:04:27Z,82.0,Sense
2025-03-31T07:04:33Z,83.0,Sense
2025-03-31T07:04:43Z,84.0,Sense
2025-03-31T07:04:48Z,85.0,Sense
2025-03-31T07:04:53Z,90.0,Sense
2025-03-31T07:04:58Z,91.0,Sense
2025-03-31T07:05:03Z,92.0,Sense
2025-03-31T07:05:08Z,96.0,Sense
2025-03-31T07:05:23Z,96.0,Sense
2025-03-31T07:05:28Z,95.0,Sense
2025-03-31T07:05:33Z,95.0,Sense
2025-03-31T07:05:38Z,94.0,Sense
2025-03-31T07:05:43Z,92.0,Sense
2025-03-31T07:05:53Z,91.0,Sense
2025-03-31T07:05:58Z,92.0,Sense
2025-03-31T07:06:08Z,91.0,Sense
2025-03-31T07:06:23Z,91.0,Sense
2025-03-31T07:06:28Z,90.0,Sense
2025-03-31T07:06:43Z,89.0,Sense
2025-03-31T07:06:48Z,88.0,Sense
2025-03-31T07:06:53Z,86.0,Sense
2025-03-31T07:06:58Z,85.0,Sense
2025-03-31T07:07:13Z,85.0,Sense
2025-03-31T07:07:28Z,85.0,Sense
2025-03-31T07:07:33Z,86.0,Sense
2025-03-31T07:07:38Z,87.0,Sense
2025-03-31T07:07:43Z,88.0,Sense
2025-03-31T07:07:48Z,87.0,Sense
2025-03-31T07:07:53Z,87.0,Sense
2025-03-31T07:08:03Z,86.0,Sense
2025-03-31T07:08:13Z,84.0,Sense
2025-03-31T07:08:28Z,84.0,Sense
2025-03-31T07:08:33Z,85.0,Sense
2025-03-31T07:08:48Z,86.0,Sense
2025-03-31T07:08:53Z,85.0,Sense
2025-03-31T07:08:58Z,84.0,Sense
2025-03-31T07:09:09Z,84.0,Sense
2025-03-31T07:09:14Z,85.0,Sense
2025-03-31T07:09:24Z,83.0,Sense
2025-03-31T07:09:29Z,82.0,Sense
2025-03-31T07:09:44Z,82.0,Sense
2025-03-31T07:09:49Z,83.0,Sense
2025-03-31T07:09:54Z,84.0,Sense
2025-03-31T07:09:59Z,83.0,Sense
2025-03-31T07:10:04Z,84.0,Sense
2025-03-31T07:10:09Z,86.0,Sense
2025-03-31T07:10:14Z,85.0,Sense
2025-03-31T07:10:19Z,86.0,Sense
2025-03-31T07:10:24Z,87.0,Sense
2025-03-31T07:10:29Z,80.0,Sense
2025-03-31T07:10:34Z,78.0,Sense
2025-03-31T07:10:39Z,80.0,Sense
2025-03-31T07:10:44Z,82.0,Sense
2025-03-31T07:10:49Z,83.0,Sense
2025-03-31T07:11:04Z,83.0,Sense
2025-03-31T07:11:09Z,82.0,Sense
2025-03-31T07:11:14Z,78.0,Sense
2025-03-31T07:11:24Z,79.0,Sense
2025-03-31T07:11:29Z,80.0,Sense
2025-03-31T07:11:34Z,80.0,Sense
2025-03-31T07:11:39Z,81.0,Sense
2025-03-31T07:11:49Z,82.0,Sense
2025-03-31T07:11:54Z,84.0,Sense
2025-03-31T07:11:59Z,84.0,Sense
2025-03-31T07:12:09Z,83.0,Sense
2025-03-31T07:12:14Z,84.0,Sense
2025-03-31T07:12:24Z,85.0,Sense
2025-03-31T07:12:31Z,85.0,Sense
2025-03-31T07:12:36Z,87.0,Sense
2025-03-31T07:12:51Z,87.0,Sense
2025-03-31T07:12:56Z,88.0,Sense
2025-03-31T07:13:01Z,89.0,Sense
2025-03-31T07:13:06Z,91.0,Sense
2025-03-31T07:13:16Z,90.0,Sense
2025-03-31T07:13:26Z,89.0,Sense
2025-03-31T07:13:36Z,87.0,Sense
2025-03-31T07:13:41Z,86.0,Sense
2025-03-31T07:13:51Z,90.0,Sense
2025-03-31T07:13:56Z,93.0,Sense
2025-03-31T07:14:01Z,88.0,Sense
2025-03-31T07:14:11Z,87.0,Sense
2025-03-31T07:14:16Z,83.0,Sense
2025-03-31T07:14:21Z,78.0,Sense
2025-03-31T07:14:36Z,79.0,Sense
2025-03-31T07:14:51Z,80.0,Sense
2025-03-31T07:14:56Z,80.0,Sense
2025-03-31T07:15:01Z,81.0,Sense
2025-03-31T07:15:11Z,82.0,Sense
2025-03-31T07:15:16Z,83.0,Sense
2025-03-31T07:15:26Z,84.0,Sense
2025-03-31T07:15:31Z,83.0,Sense
2025-03-31T07:15:46Z,82.0,Sense
2025-03-31T07:15:56Z,83.0,Sense
2025-03-31T07:16:06Z,82.0,Sense
2025-03-31T07:16:11Z,82.0,Sense
2025-03-31T07:16:21Z,83.0,Sense
2025-03-31T07:16:36Z,83.0,Sense
2025-03-31T07:16:41Z,82.0,Sense
2025-03-31T07:16:46Z,79.0,Sense
2025-03-31T07:17:01Z,79.0,Sense
2025-03-31T07:17:11Z,81.0,Sense
2025-03-31T07:17:16Z,81.0,Sense
2025-03-31T07:17:26Z,80.0,Sense
2025-03-31T07:17:31Z,81.0,Sense
2025-03-31T07:17:46Z,82.0,Sense
2025-03-31T07:17:51Z,83.0,Sense
2025-03-31T07:17:56Z,82.0,Sense
2025-03-31T07:18:06Z,83.0,Sense
2025-03-31T07:18:11Z,86.0,Sense
2025-03-31T07:18:16Z,85.0,Sense
2025-03-31T07:18:31Z,84.0,Sense
2025-03-31T07:18:36Z,80.0,Sense
2025-03-31T07:18:51Z,81.0,Sense
2025-03-31T07:19:01Z,81.0,Sense
2025-03-31T07:19:06Z,83.0,Sense
2025-03-31T07:19:11Z,85.0,Sense
2025-03-31T07:19:16Z,86.0,Sense
2025-03-31T07:19:21Z,87.0,Sense
2025-03-31T07:19:31Z,82.0,Sense
2025-03-31T07:19:36Z,80.0,Sense
2025-03-31T07:19:46Z,81.0,Sense
2025-03-31T07:19:51Z,82.0,Sense
2025-03-31T07:19:56Z,83.0,Sense
2025-03-31T07:20:06Z,84.0,Sense
2025-03-31T07:20:16Z,86.0,Sense
2025-03-31T07:20:21Z,88.0,Sense
2025-03-31T07:20:26Z,87.0,Sense
2025-03-31T07:20:41Z,86.0,Sense
2025-03-31T07:20:46Z,86.0,Sense
2025-03-31T07:20:56Z,85.0,Sense
2025-03-31T07:21:01Z,84.0,Sense
2025-03-31T07:21:06Z,83.0,Sense
2025-03-31T07:21:16Z,84.0,Sense
2025-03-31T07:21:26Z,85.0,Sense
2025-03-31T07:21:31Z,84.0,Sense
2025-03-31T07:21:46Z,85.0,Sense
2025-03-31T07:21:56Z,86.0,Sense
2025-03-31T07:22:01Z,85.0,Sense
2025-03-31T07:22:11Z,84.0,Sense
2025-03-31T07:22:16Z,83.0,Sense
2025-03-31T07:22:31Z,93.0,Sense
2025-03-31T07:22:36Z,91.0,Sense
2025-03-31T07:22:41Z,85.0,Sense
2025-03-31T07:22:46Z,84.0,Sense
2025-03-31T07:23:01Z,85.0,Sense
2025-03-31T07:23:06Z,85.0,Sense
2025-03-31T07:23:21Z,84.0,Sense
2025-03-31T07:23:26Z,83.0,Sense
2025-03-31T07:23:31Z,79.0,Sense
2025-03-31T07:23:36Z,78.0,Sense
2025-03-31T07:23:46Z,79.0,Sense
2025-03-31T07:23:51Z,78.0,Sense
2025-03-31T07:23:56Z,79.0,Sense
2025-03-31T07:24:01Z,80.0,Sense
2025-03-31T07:24:06Z,80.0,Sense
2025-03-31T07:24:11Z,88.0,Sense
2025-03-31T07:24:16Z,89.0,Sense
2025-03-31T07:24:26Z,90.0,Sense
2025-03-31T07:24:31Z,89.0,Sense
2025-03-31T07:24:41Z,89.0,Sense
2025-03-31T07:24:46Z,90.0,Sense
2025-03-31T07:24:51Z,89.0,Sense
2025-03-31T07:25:02Z,90.0,Sense
2025-03-31T07:25:12Z,89.0,Sense
2025-03-31T07:25:22Z,91.0,Sense
2025-03-31T07:25:27Z,93.0,Sense
2025-03-31T07:25:37Z,92.0,Sense
2025-03-31T07:25:42Z,87.0,Sense
2025-03-31T07:25:47Z,86.0,Sense
2025-03-31T07:26:02Z,86.0,Sense
2025-03-31T07:26:07Z,85.0,Sense
2025-03-31T07:26:12Z,81.0,Sense
2025-03-31T07:26:27Z,81.0,Sense
2025-03-31T07:26:37Z,80.0,Sense
2025-03-31T07:26:42Z,80.0,Sense
2025-03-31T07:26:47Z,82.0,Sense
2025-03-31T07:26:52Z,83.0,Sense
2025-03-31T07:27:02Z,84.0,Sense
2025-03-31T07:27:12Z,84.0,Sense
2025-03-31T07:27:27Z,84.0,Sense
2025-03-31T07:27:42Z,85.0,Sense
2025-03-31T07:27:47Z,87.0,Sense
2025-03-31T07:27:52Z,88.0,Sense
2025-03-31T07:27:57Z,87.0,Sense
2025-03-31T07:28:02Z,86.0,Sense
2025-03-31T07:28:07Z,85.0,Sense
2025-03-31T07:28:12Z,84.0,Sense
2025-03-31T07:28:22Z,83.0,Sense
2025-03-31T07:28:27Z,82.0,Sense
2025-03-31T07:28:32Z,82.0,Sense
2025-03-31T07:28:42Z,82.0,Sense
2025-03-31T07:28:47Z,83.0,Sense
2025-03-31T07:28:52Z,84.0,Sense
2025-03-31T07:28:57Z,83.0,Sense
2025-03-31T07:29:02Z,84.0,Sense
2025-03-31T07:29:12Z,84.0,Sense
2025-03-31T07:29:22Z,85.0,Sense
2025-03-31T07:29:37Z,85.0,Sense
2025-03-31T07:29:42Z,84.0,Sense
2025-03-31T07:29:47Z,83.0,Sense
2025-03-31T07:29:52Z,82.0,Sense
2025-03-31T07:29:57Z,83.0,Sense
2025-03-31T07:30:02Z,82.0,Sense
2025-03-31T07:30:17Z,82.0,Sense
2025-03-31T07:30:22Z,89.0,Sense
2025-03-31T07:30:27Z,90.0,Sense
2025-03-31T07:30:42Z,90.0,Sense
2025-03-31T07:30:47Z,91.0,Sense
2025-03-31T07:30:52Z,90.0,Sense
2025-03-31T07:30:57Z,89.0,Sense
2025-03-31T07:31:02Z,86.0,Sense
2025-03-31T07:31:17Z,86.0,Sense
2025-03-31T07:31:27Z,84.0,Sense
2025-03-31T07:31:32Z,83.0,Sense
2025-03-31T07:31:47Z,83.0,Sense
2025-03-31T07:32:02Z,83.0,Sense
2025-03-31T07:32:07Z,83.0,Sense
2025-03-31T07:32:22Z,83.0,Sense
2025-03-31T07:32:27Z,82.0,Sense
2025-03-31T07:32:42Z,82.0,Sense
2025-03-31T07:32:57Z,81.0,Sense
2025-03-31T07:33:12Z,82.0,Sense
2025-03-31T07:33:22Z,83.0,Sense
2025-03-31T07:33:32Z,84.0,Sense
2025-03-31T07:33:42Z,83.0,Sense
2025-03-31T07:33:47Z,82.0,Sense
2025-03-31T07:33:57Z,83.0,Sense
2025-03-31T07:34:07Z,84.0,Sense
2025-03-31T07:34:12Z,80.0,Sense
2025-03-31T07:34:17Z,77.0,Sense
2025-03-31T07:34:32Z,78.0,Sense
2025-03-31T07:34:42Z,79.0,Sense
2025-03-31T07:34:47Z,78.0,Sense
2025-03-31T07:34:57Z,79.0,Sense
2025-03-31T07:35:02Z,80.0,Sense
2025-03-31T07:35:17Z,81.0,Sense
2025-03-31T07:35:22Z,80.0,Sense
2025-03-31T07:35:27Z,82.0,Sense
2025-03-31T07:35:32Z,91.0,Sense
2025-03-31T07:35:37Z,90.0,Sense
2025-03-31T07:35:52Z,89.0,Sense
2025-03-31T07:36:02Z,88.0,Sense
2025-03-31T07:36:07Z,88.0,Sense
2025-03-31T07:36:17Z,87.0,Sense
2025-03-31T07:36:32Z,87.0,Sense
2025-03-31T07:36:37Z,86.0,Sense
2025-03-31T07:36:47Z,85.0,Sense
2025-03-31T07:36:52Z,85.0,Sense
2025-03-31T07:36:57Z,83.0,Sense
2025-03-31T07:37:12Z,85.0,Sense
2025-03-31T07:37:27Z,85.0,Sense
2025-03-31T07:37:37Z,85.0,Sense
2025-03-31T07:37:52Z,84.0,Sense
2025-03-31T07:37:57Z,83.0,Sense
2025-03-31T07:38:02Z,80.0,Sense
2025-03-31T07:38:07Z,81.0,Sense
2025-03-31T07:38:22Z,82.0,Sense
2025-03-31T07:38:27Z,83.0,Sense
2025-03-31T07:38:37Z,84.0,Sense
2025-03-31T07:38:42Z,82.0,Sense
2025-03-31T07:38:47Z,79.0,Sense
2025-03-31T07:38:52Z,81.0,Sense
2025-03-31T07:38:57Z,82.0,Sense
2025-03-31T07:39:12Z,83.0,Sense
2025-03-31T07:39:17Z,83.0,Sense
2025-03-31T07:39:27Z,84.0,Sense
2025-03-31T07:39:32Z,90.0,Sense
2025-03-31T07:39:42Z,100.0,Sense
2025-03-31T07:39:47Z,104.0,Sense
2025-03-31T07:39:52Z,103.0,Sense
2025-03-31T07:39:57Z,102.0,Sense
2025-03-31T07:40:02Z,97.0,Sense
2025-03-31T07:40:12Z,98.0,Sense
2025-03-31T07:40:17Z,95.0,Sense
2025-03-31T07:40:27Z,94.0,Sense
2025-03-31T07:40:32Z,92.0,Sense
2025-03-31T07:40:37Z,88.0,Sense
2025-03-31T07:40:42Z,86.0,Sense
2025-03-31T07:40:52Z,87.0,Sense
2025-03-31T07:40:57Z,88.0,Sense
2025-03-31T07:41:02Z,89.0,Sense
2025-03-31T07:41:07Z,90.0,Sense
2025-03-31T07:41:12Z,89.0,Sense
2025-03-31T07:41:22Z,90.0,Sense
2025-03-31T07:41:32Z,89.0,Sense
2025-03-31T07:41:42Z,88.0,Sense
2025-03-31T07:41:52Z,89.0,Sense
2025-03-31T07:42:02Z,88.0,Sense
2025-03-31T07:42:07Z,85.0,Sense
2025-03-31T07:42:17Z,87.0,Sense
2025-03-31T07:42:22Z,88.0,Sense
2025-03-31T07:42:37Z,88.0,Sense
2025-03-31T07:42:52Z,88.0,Sense
2025-03-31T07:43:02Z,87.0,Sense
2025-03-31T07:43:17Z,88.0,Sense
2025-03-31T07:43:22Z,89.0,Sense
2025-03-31T07:43:37Z,89.0,Sense
2025-03-31T07:43:47Z,90.0,Sense
2025-03-31T07:44:02Z,90.0,Sense
2025-03-31T07:44:17Z,91.0,Sense
2025-03-31T07:44:22Z,92.0,Sense
2025-03-31T07:44:27Z,93.0,Sense
2025-03-31T07:44:37Z,108.0,Sense
2025-03-31T07:44:42Z,119.0,Sense
2025-03-31T07:44:52Z,118.0,Sense
2025-03-31T07:44:57Z,116.0,Sense
2025-03-31T07:45:02Z,113.0,Sense
2025-03-31T07:45:07Z,111.0,Sense
2025-03-31T07:45:12Z,107.0,Sense
2025-03-31T07:45:17Z,104.0,Sense
2025-03-31T07:45:22Z,102.0,Sense
2025-03-31T07:45:27Z,99.0,Sense
2025-03-31T07:45:32Z,98.0,Sense
2025-03-31T07:45:37Z,92.0,Sense
2025-03-31T07:45:42Z,93.0,Sense
2025-03-31T07:45:57Z,94.0,Sense
2025-03-31T07:46:02Z,94.0,Sense
2025-03-31T07:46:17Z,95.0,Sense
2025-03-31T07:46:27Z,94.0,Sense
2025-03-31T07:46:32Z,92.0,Sense
2025-03-31T07:46:37Z,93.0,Sense
2025-03-31T07:46:42Z,100.0,Sense
2025-03-31T07:46:47Z,99.0,Sense
2025-03-31T07:46:52Z,97.0,Sense
2025-03-31T07:46:57Z,94.0,Sense
2025-03-31T07:47:02Z,93.0,Sense
2025-03-31T07:47:07Z,92.0,Sense
2025-03-31T07:47:22Z,92.0,Sense
2025-03-31T07:47:37Z,92.0,Sense
2025-03-31T07:47:42Z,91.0,Sense
2025-03-31T07:47:57Z,91.0,Sense
2025-03-31T07:48:12Z,92.0,Sense
2025-03-31T07:48:17Z,100.0,Sense
2025-03-31T07:48:22Z,99.0,Sense
2025-03-31T07:48:27Z,97.0,Sense
2025-03-31T07:48:32Z,98.0,Sense
2025-03-31T07:48:37Z,97.0,Sense
2025-03-31T07:48:42Z,95.0,Sense
2025-03-31T07:48:47Z,97.0,Sense
2025-03-31T07:48:57Z,96.0,Sense
2025-03-31T07:49:07Z,97.0,Sense
2025-03-31T07:49:12Z,95.0,Sense
2025-03-31T07:49:17Z,89.0,Sense
2025-03-31T07:49:27Z,90.0,Sense
2025-03-31T07:49:37Z,91.0,Sense
2025-03-31T07:49:42Z,91.0,Sense
2025-03-31T07:49:47Z,92.0,Sense
2025-03-31T07:50:02Z,93.0,Sense
2025-03-31T07:50:07Z,96.0,Sense
2025-03-31T07:50:12Z,103.0,Sense
2025-03-31T07:50:17Z,108.0,Sense
2025-03-31T07:50:32Z,107.0,Sense
2025-03-31T07:50:37Z,104.0,Sense
2025-03-31T07:50:42Z,103.0,Sense
2025-03-31T07:50:47Z,102.0,Sense
2025-03-31T07:50:57Z,100.0,Sense
2025-03-31T07:51:02Z,97.0,Sense
2025-03-31T07:51:07Z,94.0,Sense
2025-03-31T07:51:12Z,93.0,Sense
2025-03-31T07:51:17Z,85.0,Sense
2025-03-31T07:51:22Z,84.0,Sense
2025-03-31T07:51:27Z,85.0,Sense
2025-03-31T07:51:32Z,86.0,Sense
2025-03-31T07:51:37Z,90.0,Sense
2025-03-31T07:51:42Z,91.0,Sense
2025-03-31T07:51:52Z,90.0,Sense
2025-03-31T07:52:07Z,91.0,Sense
2025-03-31T07:52:17Z,92.0,Sense
2025-03-31T07:52:27Z,90.0,Sense
2025-03-31T07:52:32Z,90.0,Sense
2025-03-31T07:52:37Z,91.0,Sense
2025-03-31T07:52:52Z,91.0,Sense
2025-03-31T07:52:57Z,91.0,Sense
2025-03-31T07:53:02Z,92.0,Sense
2025-03-31T07:53:07Z,91.0,Sense
2025-03-31T07:53:12Z,92.0,Sense
2025-03-31T07:53:27Z,93.0,Sense
2025-03-31T07:53:32Z,94.0,Sense
2025-03-31T07:53:37Z,92.0,Sense
2025-03-31T07:53:42Z,91.0,Sense
2025-03-31T07:53:52Z,92.0,Sense
2025-03-31T07:53:57Z,93.0,Sense
2025-03-31T07:54:07Z,94.0,Sense
2025-03-31T07:54:17Z,95.0,Sense
2025-03-31T07:54:22Z,94.0,Sense
2025-03-31T07:54:27Z,93.0,Sense
2025-03-31T07:54:42Z,94.0,Sense
2025-03-31T07:54:47Z,93.0,Sense
2025-03-31T07:54:52Z,94.0,Sense
2025-03-31T07:54:57Z,97.0,Sense
2025-03-31T07:55:02Z,98.0,Sense
2025-03-31T07:55:17Z,98.0,Sense
2025-03-31T07:55:22Z,99.0,Sense
2025-03-31T07:55:27Z,99.0,Sense
2025-03-31T07:55:37Z,98.0,Sense
2025-03-31T07:55:47Z,99.0,Sense
2025-03-31T07:55:52Z,98.0,Sense
2025-03-31T07:55:57Z,91.0,Sense
2025-03-31T07:56:12Z,91.0,Sense
2025-03-31T07:56:17Z,91.0,Sense
2025-03-31T07:56:22Z,92.0,Sense
2025-03-31T07:56:32Z,93.0,Sense
2025-03-31T07:56:37Z,94.0,Sense
2025-03-31T07:56:47Z,113.0,Sense
2025-03-31T07:57:02Z,112.0,Sense
2025-03-31T07:57:07Z,109.0,Sense
2025-03-31T07:57:12Z,107.0,Sense
2025-03-31T07:57:17Z,106.0,Sense
2025-03-31T07:57:22Z,105.0,Sense
2025-03-31T07:57:27Z,104.0,Sense
2025-03-31T07:57:32Z,103.0,Sense
2025-03-31T07:57:47Z,101.0,Sense
2025-03-31T07:57:52Z,96.0,Sense
2025-03-31T07:57:57Z,95.0,Sense
2025-03-31T07:58:12Z,95.0,Sense
2025-03-31T07:58:22Z,94.0,Sense
2025-03-31T07:58:27Z,93.0,Sense
2025-03-31T07:58:42Z,91.0,Sense
2025-03-31T07:58:47Z,86.0,Sense
2025-03-31T07:59:02Z,86.0,Sense
2025-03-31T07:59:12Z,86.0,Sense
2025-03-31T07:59:17Z,85.0,Sense
2025-03-31T07:59:22Z,86.0,Sense
2025-03-31T07:59:37Z,88.0,Sense
2025-03-31T07:59:42Z,92.0,Sense
2025-03-31T07:59:47Z,95.0,Sense
2025-03-31T08:00:02Z,94.0,Sense
2025-03-31T08:00:12Z,94.0,Sense
2025-03-31T08:00:17Z,93.0,Sense
2025-03-31T08:00:22Z,91.0,Sense
2025-03-31T08:00:27Z,92.0,Sense
2025-03-31T08:00:32Z,93.0,Sense
2025-03-31T08:00:37Z,98.0,Sense
2025-03-31T08:00:47Z,99.0,Sense
2025-03-31T08:00:52Z,98.0,Sense
2025-03-31T08:00:57Z,99.0,Sense
2025-03-31T08:01:02Z,99.0,Sense
2025-03-31T08:01:07Z,98.0,Sense
2025-03-31T08:01:22Z,97.0,Sense
2025-03-31T08:01:27Z,96.0,Sense
2025-03-31T08:01:32Z,95.0,Sense
2025-03-31T08:01:42Z,101.0,Sense
2025-03-31T08:01:47Z,108.0,Sense
2025-03-31T08:01:52Z,109.0,Sense
2025-03-31T08:01:57Z,104.0,Sense
2025-03-31T08:02:02Z,98.0,Sense
2025-03-31T08:02:07Z,97.0,Sense
2025-03-31T08:02:12Z,96.0,Sense
2025-03-31T08:02:17Z,95.0,Sense
2025-03-31T08:02:32Z,96.0,Sense
2025-03-31T08:02:37Z,95.0,Sense
2025-03-31T08:02:42Z,96.0,Sense
2025-03-31T08:02:47Z,99.0,Sense
2025-03-31T08:02:52Z,107.0,Sense
2025-03-31T08:03:07Z,108.0,Sense
2025-03-31T08:03:12Z,107.0,Sense
2025-03-31T08:03:17Z,105.0,Sense
2025-03-31T08:03:22Z,102.0,Sense
2025-03-31T08:03:27Z,99.0,Sense
2025-03-31T08:03:32Z,97.0,Sense
2025-03-31T08:03:37Z,94.0,Sense
2025-03-31T08:03:42Z,92.0,Sense
2025-03-31T08:03:57Z,92.0,Sense
2025-03-31T08:04:02Z,92.0,Sense
2025-03-31T08:04:07Z,93.0,Sense
2025-03-31T08:04:17Z,94.0,Sense
2025-03-31T08:04:29Z,101.0,Sense
2025-03-31T08:04:44Z,99.0,Sense
2025-03-31T08:04:49Z,96.0,Sense
2025-03-31T08:04:54Z,94.0,Sense
2025-03-31T08:04:59Z,93.0,Sense
2025-03-31T08:05:09Z,94.0,Sense
2025-03-31T08:05:24Z,94.0,Sense
2025-03-31T08:05:29Z,95.0,Sense
2025-03-31T08:05:34Z,96.0,Sense
2025-03-31T08:05:49Z,95.0,Sense
2025-03-31T08:05:59Z,97.0,Sense
2025-03-31T08:06:14Z,97.0,Sense
2025-03-31T08:06:19Z,96.0,Sense
2025-03-31T08:06:34Z,95.0,Sense
2025-03-31T08:06:44Z,94.0,Sense
2025-03-31T08:06:54Z,93.0,Sense
2025-03-31T08:07:04Z,89.0,Sense
2025-03-31T08:07:09Z,89.0,Sense
2025-03-31T08:07:14Z,90.0,Sense
2025-03-31T08:07:19Z,89.0,Sense
2025-03-31T08:07:29Z,89.0,Sense
2025-03-31T08:07:34Z,90.0,Sense
2025-03-31T08:07:39Z,88.0,Sense
2025-03-31T08:07:44Z,85.0,Sense
2025-03-31T08:07:59Z,86.0,Sense
2025-03-31T08:08:09Z,89.0,Sense
2025-03-31T08:08:14Z,90.0,Sense
2025-03-31T08:08:19Z,90.0,Sense
2025-03-31T08:08:34Z,90.0,Sense
2025-03-31T08:08:39Z,90.0,Sense
2025-03-31T08:08:54Z,90.0,Sense
2025-03-31T08:09:09Z,90.0,Sense
2025-03-31T08:09:24Z,90.0,Sense
2025-03-31T08:09:29Z,91.0,Sense
2025-03-31T08:09:34Z,92.0,Sense
2025-03-31T08:09:49Z,92.0,Sense
2025-03-31T08:10:04Z,92.0,Sense
2025-03-31T08:10:09Z,93.0,Sense
2025-03-31T08:10:14Z,92.0,Sense
2025-03-31T08:10:29Z,91.0,Sense
2025-03-31T08:10:34Z,93.0,Sense
2025-03-31T08:10:39Z,94.0,Sense
2025-03-31T08:10:49Z,95.0,Sense
2025-03-31T08:10:59Z,95.0,Sense
2025-03-31T08:11:14Z,96.0,Sense
2025-03-31T08:11:19Z,95.0,Sense
2025-03-31T08:11:24Z,94.0,Sense
2025-03-31T08:11:34Z,95.0,Sense
2025-03-31T08:11:39Z,93.0,Sense
2025-03-31T08:11:54Z,93.0,Sense
2025-03-31T08:12:04Z,92.0,Sense
2025-03-31T08:12:19Z,92.0,Sense
2025-03-31T08:12:24Z,93.0,Sense
2025-03-31T08:12:34Z,94.0,Sense
2025-03-31T08:12:39Z,95.0,Sense
2025-03-31T08:12:49Z,94.0,Sense
2025-03-31T08:12:54Z,93.0,Sense
2025-03-31T08:13:09Z,93.0,Sense
2025-03-31T08:13:19Z,94.0,Sense
2025-03-31T08:13:24Z,95.0,Sense
2025-03-31T08:13:39Z,96.0,Sense
2025-03-31T08:13:44Z,94.0,Sense
2025-03-31T08:13:49Z,95.0,Sense
2025-03-31T08:13:54Z,94.0,Sense
2025-03-31T08:13:59Z,93.0,Sense
2025-03-31T08:14:09Z,96.0,Sense
2025-03-31T08:14:14Z,99.0,Sense
2025-03-31T08:14:24Z,98.0,Sense
2025-03-31T08:14:29Z,97.0,Sense
2025-03-31T08:14:34Z,96.0,Sense
2025-03-31T08:14:39Z,95.0,Sense
2025-03-31T08:14:44Z,96.0,Sense
2025-03-31T08:14:49Z,98.0,Sense
2025-03-31T08:14:54Z,97.0,Sense
2025-03-31T08:14:59Z,98.0,Sense
2025-03-31T08:15:09Z,98.0,Sense
2025-03-31T08:15:14Z,97.0,Sense
2025-03-31T08:15:24Z,96.0,Sense
2025-03-31T08:15:29Z,95.0,Sense
2025-03-31T08:15:39Z,94.0,Sense
2025-03-31T08:15:49Z,93.0,Sense
2025-03-31T08:15:54Z,93.0,Sense
2025-03-31T08:16:04Z,94.0,Sense
2025-03-31T08:16:14Z,94.0,Sense
2025-03-31T08:16:19Z,93.0,Sense
2025-03-31T08:16:24Z,92.0,Sense
2025-03-31T08:16:29Z,91.0,Sense
2025-03-31T08:16:34Z,90.0,Sense
2025-03-31T08:16:39Z,91.0,Sense
2025-03-31T08:16:54Z,90.0,Sense
2025-03-31T08:16:59Z,91.0,Sense
2025-03-31T08:17:09Z,92.0,Sense
2025-03-31T08:17:24Z,91.0,Sense
2025-03-31T08:17:29Z,89.0,Sense
2025-03-31T08:17:44Z,90.0,Sense
2025-03-31T08:17:54Z,89.0,Sense
2025-03-31T08:18:09Z,89.0,Sense
2025-03-31T08:18:14Z,90.0,Sense
2025-03-31T08:18:29Z,90.0,Sense
2025-03-31T08:18:34Z,91.0,Sense
2025-03-31T08:18:39Z,93.0,Sense
2025-03-31T08:18:44Z,94.0,Sense
2025-03-31T08:18:49Z,103.0,Sense
2025-03-31T08:18:54Z,104.0,Sense
2025-03-31T08:18:59Z,105.0,Sense
2025-03-31T08:19:04Z,104.0,Sense
2025-03-31T08:19:09Z,103.0,Sense
2025-03-31T08:19:14Z,101.0,Sense
2025-03-31T08:19:19Z,99.0,Sense
2025-03-31T08:19:24Z,97.0,Sense
2025-03-31T08:19:29Z,95.0,Sense
2025-03-31T08:19:34Z,93.0,Sense
2025-03-31T08:19:39Z,92.0,Sense
2025-03-31T08:19:44Z,91.0,Sense
2025-03-31T08:19:59Z,92.0,Sense
2025-03-31T08:20:04Z,91.0,Sense
2025-03-31T08:20:09Z,96.0,Sense
2025-03-31T08:20:14Z,102.0,Sense
2025-03-31T08:20:19Z,100.0,Sense
2025-03-31T08:20:24Z,101.0,Sense
2025-03-31T08:20:34Z,101.0,Sense
2025-03-31T08:20:44Z,100.0,Sense
2025-03-31T08:20:54Z,99.0,Sense
2025-03-31T08:20:59Z,98.0,Sense
2025-03-31T08:21:04Z,97.0,Sense
2025-03-31T08:21:09Z,95.0,Sense
2025-03-31T08:21:14Z,94.0,Sense
2025-03-31T08:21:19Z,95.0,Sense
2025-03-31T08:21:24Z,96.0,Sense
2025-03-31T08:21:29Z,94.0,Sense
2025-03-31T08:21:44Z,93.0,Sense
2025-03-31T08:21:49Z,91.0,Sense
2025-03-31T08:21:54Z,90.0,Sense
2025-03-31T08:21:59Z,90.0,Sense
2025-03-31T08:22:04Z,88.0,Sense
2025-03-31T08:22:14Z,89.0,Sense
2025-03-31T08:22:19Z,90.0,Sense
2025-03-31T08:22:24Z,92.0,Sense
2025-03-31T08:22:29Z,97.0,Sense
2025-03-31T08:22:34Z,96.0,Sense
2025-03-31T08:22:39Z,95.0,Sense
2025-03-31T08:22:44Z,94.0,Sense
2025-03-31T08:22:54Z,93.0,Sense
2025-03-31T08:22:59Z,94.0,Sense
2025-03-31T08:23:04Z,95.0,Sense
2025-03-31T08:23:09Z,94.0,Sense
2025-03-31T08:23:19Z,93.0,Sense
2025-03-31T08:23:34Z,93.0,Sense
2025-03-31T08:23:39Z,94.0,Sense
2025-03-31T08:23:54Z,96.0,Sense
2025-03-31T08:23:59Z,97.0,Sense
2025-03-31T08:24:04Z,96.0,Sense
2025-03-31T08:24:19Z,95.0,Sense
2025-03-31T08:24:29Z,95.0,Sense
2025-03-31T08:24:34Z,99.0,Sense
2025-03-31T08:24:39Z,103.0,Sense
2025-03-31T08:24:44Z,102.0,Sense
2025-03-31T08:24:49Z,101.0,Sense
2025-03-31T08:24:54Z,100.0,Sense
2025-03-31T08:24:59Z,99.0,Sense
2025-03-31T08:25:04Z,100.0,Sense
2025-03-31T08:25:09Z,101.0,Sense
2025-03-31T08:25:14Z,99.0,Sense
2025-03-31T08:25:19Z,97.0,Sense
2025-03-31T08:25:24Z,98.0,Sense
2025-03-31T08:25:29Z,97.0,Sense
2025-03-31T08:25:34Z,96.0,Sense
2025-03-31T08:25:44Z,93.0,Sense
2025-03-31T08:25:49Z,93.0,Sense
2025-03-31T08:25:54Z,87.0,Sense
2025-03-31T08:26:09Z,87.0,Sense
2025-03-31T08:26:14Z,88.0,Sense
2025-03-31T08:26:29Z,87.0,Sense
2025-03-31T08:26:39Z,88.0,Sense
2025-03-31T08:26:44Z,89.0,Sense
2025-03-31T08:26:49Z,85.0,Sense
2025-03-31T08:26:54Z,84.0,Sense
2025-03-31T08:26:59Z,83.0,Sense
2025-03-31T08:27:04Z,82.0,Sense
2025-03-31T08:27:09Z,83.0,Sense
2025-03-31T08:27:14Z,84.0,Sense
2025-03-31T08:27:19Z,85.0,Sense
2025-03-31T08:27:29Z,86.0,Sense
2025-03-31T08:27:34Z,85.0,Sense
2025-03-31T08:27:39Z,86.0,Sense
2025-03-31T08:27:44Z,88.0,Sense
2025-03-31T08:27:54Z,89.0,Sense
2025-03-31T08:27:59Z,90.0,Sense
2025-03-31T08:28:04Z,89.0,Sense
2025-03-31T08:28:09Z,90.0,Sense
2025-03-31T08:28:14Z,89.0,Sense
2025-03-31T08:28:19Z,88.0,Sense
2025-03-31T08:28:34Z,89.0,Sense
2025-03-31T08:28:44Z,88.0,Sense
2025-03-31T08:28:59Z,89.0,Sense
2025-03-31T08:29:04Z,90.0,Sense
2025-03-31T08:29:09Z,89.0,Sense
2025-03-31T08:29:24Z,89.0,Sense
2025-03-31T08:29:34Z,91.0,Sense
2025-03-31T08:29:39Z,92.0,Sense
2025-03-31T08:29:49Z,91.0,Sense
2025-03-31T08:29:59Z,90.0,Sense
2025-03-31T08:30:04Z,91.0,Sense
2025-03-31T08:30:09Z,92.0,Sense
2025-03-31T08:30:14Z,91.0,Sense
2025-03-31T08:30:24Z,92.0,Sense
2025-03-31T08:30:29Z,94.0,Sense
2025-03-31T08:30:34Z,95.0,Sense
2025-03-31T08:30:39Z,94.0,Sense
2025-03-31T08:30:44Z,95.0,Sense
2025-03-31T08:30:49Z,96.0,Sense
2025-03-31T08:30:59Z,95.0,Sense
2025-03-31T08:31:14Z,95.0,Sense
2025-03-31T08:31:24Z,94.0,Sense
2025-03-31T08:31:34Z,90.0,Sense
2025-03-31T08:31:39Z,88.0,Sense
2025-03-31T08:31:44Z,89.0,Sense
2025-03-31T08:31:59Z,90.0,Sense
2025-03-31T08:32:09Z,90.0,Sense
2025-03-31T08:32:14Z,91.0,Sense
2025-03-31T08:32:19Z,90.0,Sense
2025-03-31T08:32:34Z,91.0,Sense
2025-03-31T08:32:39Z,86.0,Sense
2025-03-31T08:32:54Z,86.0,Sense
2025-03-31T08:33:04Z,87.0,Sense
2025-03-31T08:33:09Z,87.0,Sense
2025-03-31T08:33:24Z,87.0,Sense
2025-03-31T08:33:29Z,88.0,Sense
2025-03-31T08:33:34Z,89.0,Sense
2025-03-31T08:33:49Z,88.0,Sense
2025-03-31T08:33:59Z,89.0,Sense
2025-03-31T08:34:04Z,90.0,Sense
2025-03-31T08:34:09Z,91.0,Sense
2025-03-31T08:34:14Z,92.0,Sense
2025-03-31T08:34:19Z,90.0,Sense
2025-03-31T08:34:24Z,90.0,Sense
2025-03-31T08:34:39Z,91.0,Sense
2025-03-31T08:34:49Z,92.0,Sense
2025-03-31T08:34:59Z,93.0,Sense
2025-03-31T08:35:04Z,91.0,Sense
2025-03-31T08:35:09Z,86.0,Sense
2025-03-31T08:35:14Z,87.0,Sense
2025-03-31T08:35:19Z,88.0,Sense
2025-03-31T08:35:29Z,87.0,Sense
2025-03-31T08:35:39Z,85.0,Sense
2025-03-31T08:35:44Z,85.0,Sense
2025-03-31T08:35:59Z,86.0,Sense
2025-03-31T08:36:09Z,88.0,Sense
2025-03-31T08:36:19Z,89.0,Sense
2025-03-31T08:36:34Z,90.0,Sense
2025-03-31T08:36:44Z,91.0,Sense
2025-03-31T08:36:59Z,91.0,Sense
2025-03-31T08:37:14Z,92.0,Sense
2025-03-31T08:37:24Z,91.0,Sense
2025-03-31T08:37:34Z,90.0,Sense
2025-03-31T08:37:39Z,91.0,Sense
2025-03-31T08:37:44Z,90.0,Sense
2025-03-31T08:37:59Z,90.0,Sense
2025-03-31T08:38:09Z,92.0,Sense
2025-03-31T08:38:19Z,93.0,Sense
2025-03-31T08:38:29Z,94.0,Sense
2025-03-31T08:38:34Z,100.0,Sense
2025-03-31T08:38:39Z,106.0,Sense
2025-03-31T08:38:44Z,105.0,Sense
2025-03-31T08:38:49Z,104.0,Sense
2025-03-31T08:38:54Z,101.0,Sense
2025-03-31T08:38:59Z,100.0,Sense
2025-03-31T08:39:04Z,98.0,Sense
2025-03-31T08:39:14Z,97.0,Sense
2025-03-31T08:39:19Z,93.0,Sense
2025-03-31T08:39:24Z,84.0,Sense
2025-03-31T08:39:29Z,85.0,Sense
2025-03-31T08:39:39Z,86.0,Sense
2025-03-31T08:39:44Z,87.0,Sense
2025-03-31T08:39:49Z,88.0,Sense
2025-03-31T08:40:00Z,88.0,Sense
2025-03-31T08:40:05Z,89.0,Sense
2025-03-31T08:40:20Z,89.0,Sense
2025-03-31T08:40:25Z,88.0,Sense
2025-03-31T08:40:40Z,89.0,Sense
2025-03-31T08:40:45Z,90.0,Sense
2025-03-31T08:40:50Z,92.0,Sense
2025-03-31T08:41:00Z,93.0,Sense
2025-03-31T08:41:05Z,95.0,Sense
2025-03-31T08:41:10Z,104.0,Sense
2025-03-31T08:41:15Z,109.0,Sense
2025-03-31T08:41:25Z,107.0,Sense
2025-03-31T11:08:49Z,93.0,Sense
2025-03-31T11:08:54Z,84.0,Sense
2025-03-31T11:09:04Z,89.0,Sense
2025-03-31T11:09:09Z,83.0,Sense
2025-03-31T11:09:14Z,82.0,Sense
2025-03-31T11:09:24Z,81.0,Sense
2025-03-31T11:09:29Z,79.0,Sense
2025-03-31T11:09:44Z,79.0,Sense
2025-03-31T11:09:49Z,80.0,Sense
2025-03-31T11:09:54Z,81.0,Sense
2025-03-31T11:09:59Z,80.0,Sense
2025-03-31T11:10:04Z,79.0,Sense
2025-03-31T11:10:14Z,81.0,Sense
2025-03-31T11:10:24Z,79.0,Sense
2025-03-31T11:10:29Z,78.0,Sense
2025-03-31T11:10:39Z,79.0,Sense
2025-03-31T11:10:49Z,78.0,Sense
2025-03-31T11:10:54Z,79.0,Sense
2025-03-31T11:11:04Z,81.0,Sense
2025-03-31T11:11:09Z,83.0,Sense
2025-03-31T11:11:14Z,81.0,Sense
2025-03-31T11:11:24Z,82.0,Sense
2025-03-31T11:11:29Z,81.0,Sense
2025-03-31T11:11:34Z,80.0,Sense
2025-03-31T11:11:44Z,81.0,Sense
2025-03-31T11:11:59Z,79.0,Sense
2025-03-31T11:12:04Z,77.0,Sense
2025-03-31T11:12:19Z,78.0,Sense
2025-03-31T11:12:34Z,78.0,Sense
2025-03-31T11:12:39Z,79.0,Sense
2025-03-31T11:12:49Z,78.0,Sense
2025-03-31T11:12:54Z,77.0,Sense
2025-03-31T11:13:04Z,78.0,Sense
2025-03-31T11:13:14Z,77.0,Sense
2025-03-31T11:13:19Z,76.0,Sense
2025-03-31T11:13:34Z,76.0,Sense
2025-03-31T11:13:44Z,77.0,Sense
2025-03-31T11:13:49Z,76.0,Sense
2025-03-31T11:13:54Z,77.0,Sense
2025-03-31T11:14:04Z,77.0,Sense
2025-03-31T11:14:19Z,78.0,Sense
2025-03-31T11:14:34Z,80.0,Sense
2025-03-31T11:14:39Z,79.0,Sense
2025-03-31T11:14:49Z,78.0,Sense
2025-03-31T11:14:59Z,80.0,Sense
2025-03-31T11:15:04Z,79.0,Sense
2025-03-31T11:15:14Z,78.0,Sense
2025-03-31T11:15:29Z,78.0,Sense
2025-03-31T11:15:34Z,77.0,Sense
2025-03-31T11:15:44Z,79.0,Sense
2025-03-31T11:15:59Z,84.0,Sense
2025-03-31T11:16:04Z,85.0,Sense
2025-03-31T11:16:14Z,84.0,Sense
2025-03-31T11:16:19Z,83.0,Sense
2025-03-31T11:16:24Z,82.0,Sense
2025-03-31T11:16:29Z,81.0,Sense
2025-03-31T11:16:34Z,80.0,Sense
2025-03-31T11:16:39Z,78.0,Sense
2025-03-31T11:16:44Z,74.0,Sense
2025-03-31T11:16:59Z,75.0,Sense
2025-03-31T11:17:04Z,74.0,Sense
2025-03-31T11:17:09Z,75.0,Sense
2025-03-31T11:17:14Z,75.0,Sense
2025-03-31T11:17:20Z,76.0,Sense
2025-03-31T11:17:35Z,76.0,Sense
2025-03-31T11:17:40Z,76.0,Sense
2025-03-31T11:17:50Z,75.0,Sense
2025-03-31T11:17:55Z,74.0,Sense
2025-03-31T11:18:10Z,74.0,Sense
2025-03-31T11:18:15Z,72.0,Sense
2025-03-31T11:18:20Z,74.0,Sense
2025-03-31T11:18:35Z,75.0,Sense
2025-03-31T11:18:50Z,76.0,Sense
2025-03-31T11:19:05Z,76.0,Sense
2025-03-31T11:19:20Z,77.0,Sense
2025-03-31T11:19:25Z,79.0,Sense
2025-03-31T11:19:30Z,80.0,Sense
2025-03-31T11:19:45Z,80.0,Sense
2025-03-31T11:19:50Z,78.0,Sense
2025-03-31T11:19:55Z,78.0,Sense
2025-03-31T11:20:10Z,78.0,Sense
2025-03-31T11:20:25Z,78.0,Sense
2025-03-31T11:20:35Z,79.0,Sense
2025-03-31T11:20:50Z,80.0,Sense
2025-03-31T11:20:55Z,79.0,Sense
2025-03-31T11:21:05Z,82.0,Sense
2025-03-31T11:21:10Z,98.0,Sense
2025-03-31T11:21:20Z,97.0,Sense
2025-03-31T11:21:25Z,91.0,Sense
2025-03-31T11:21:30Z,90.0,Sense
2025-03-31T11:21:45Z,88.0,Sense
2025-03-31T11:21:50Z,87.0,Sense
2025-03-31T11:21:55Z,86.0,Sense
2025-03-31T11:22:05Z,85.0,Sense
2025-03-31T11:22:10Z,84.0,Sense
2025-03-31T11:22:26Z,85.0,Sense
2025-03-31T11:22:31Z,84.0,Sense
2025-03-31T11:22:46Z,84.0,Sense
2025-03-31T11:22:51Z,83.0,Sense
2025-03-31T11:22:56Z,84.0,Sense
2025-03-31T11:23:01Z,82.0,Sense
2025-03-31T11:23:06Z,76.0,Sense
2025-03-31T11:23:11Z,77.0,Sense
2025-03-31T11:23:26Z,78.0,Sense
2025-03-31T11:23:41Z,79.0,Sense
2025-03-31T11:23:46Z,78.0,Sense
2025-03-31T11:23:56Z,77.0,Sense
2025-03-31T11:24:06Z,84.0,Sense
2025-03-31T11:24:11Z,83.0,Sense
2025-03-31T11:24:16Z,79.0,Sense
2025-03-31T11:24:31Z,79.0,Sense
2025-03-31T11:24:36Z,78.0,Sense
2025-03-31T11:24:51Z,77.0,Sense
2025-03-31T11:25:01Z,78.0,Sense
2025-03-31T11:25:06Z,78.0,Sense
2025-03-31T11:25:16Z,77.0,Sense
2025-03-31T11:25:31Z,77.0,Sense
2025-03-31T11:25:41Z,79.0,Sense
2025-03-31T11:25:56Z,78.0,Sense
2025-03-31T11:26:01Z,75.0,Sense
2025-03-31T11:26:06Z,76.0,Sense
2025-03-31T11:26:11Z,77.0,Sense
2025-03-31T11:26:16Z,78.0,Sense
2025-03-31T11:26:21Z,79.0,Sense
2025-03-31T11:26:26Z,80.0,Sense
2025-03-31T11:26:31Z,78.0,Sense
2025-03-31T11:26:41Z,79.0,Sense
2025-03-31T11:26:51Z,84.0,Sense
2025-03-31T11:26:56Z,86.0,Sense
2025-03-31T11:27:11Z,85.0,Sense
2025-03-31T11:27:21Z,84.0,Sense
2025-03-31T11:27:31Z,82.0,Sense
2025-03-31T11:27:36Z,83.0,Sense
2025-03-31T11:27:41Z,82.0,Sense
2025-03-31T11:27:56Z,83.0,Sense
2025-03-31T11:28:01Z,82.0,Sense
2025-03-31T11:28:06Z,81.0,Sense
2025-03-31T11:28:11Z,78.0,Sense
2025-03-31T11:28:16Z,77.0,Sense
2025-03-31T11:28:21Z,78.0,Sense
2025-03-31T11:28:26Z,77.0,Sense
2025-03-31T11:28:31Z,73.0,Sense
2025-03-31T11:28:46Z,73.0,Sense
2025-03-31T11:28:56Z,71.0,Sense
2025-03-31T11:29:06Z,73.0,Sense
2025-03-31T11:29:11Z,74.0,Sense
2025-03-31T11:29:21Z,75.0,Sense
2025-03-31T11:29:26Z,76.0,Sense
2025-03-31T11:29:31Z,76.0,Sense
2025-03-31T11:29:36Z,76.0,Sense
2025-03-31T11:29:46Z,78.0,Sense
2025-03-31T11:29:51Z,83.0,Sense
2025-03-31T11:29:56Z,87.0,Sense
2025-03-31T11:30:06Z,79.0,Sense
2025-03-31T11:30:11Z,75.0,Sense
2025-03-31T11:30:16Z,76.0,Sense
2025-03-31T11:30:31Z,78.0,Sense
2025-03-31T11:30:36Z,78.0,Sense
2025-03-31T11:30:51Z,79.0,Sense
2025-03-31T11:30:56Z,80.0,Sense
2025-03-31T11:31:11Z,79.0,Sense
2025-03-31T11:31:26Z,79.0,Sense
2025-03-31T11:31:36Z,80.0,Sense
2025-03-31T11:31:41Z,77.0,Sense
2025-03-31T11:31:46Z,71.0,Sense
2025-03-31T11:32:01Z,72.0,Sense
2025-03-31T11:32:16Z,74.0,Sense
2025-03-31T11:32:21Z,75.0,Sense
2025-03-31T11:32:36Z,75.0,Sense
2025-03-31T11:32:41Z,76.0,Sense
2025-03-31T11:32:46Z,75.0,Sense
2025-03-31T11:32:51Z,76.0,Sense
2025-03-31T11:33:01Z,77.0,Sense
2025-03-31T11:33:06Z,78.0,Sense
2025-03-31T11:33:11Z,77.0,Sense
2025-03-31T11:33:16Z,76.0,Sense
2025-03-31T11:33:21Z,76.0,Sense
2025-03-31T11:33:31Z,74.0,Sense
2025-03-31T11:33:46Z,74.0,Sense
2025-03-31T11:33:51Z,75.0,Sense
2025-03-31T11:33:56Z,74.0,Sense
2025-03-31T11:34:01Z,75.0,Sense
2025-03-31T11:34:06Z,75.0,Sense
2025-03-31T11:34:11Z,75.0,Sense
2025-03-31T11:34:21Z,76.0,Sense
2025-03-31T11:34:36Z,77.0,Sense
2025-03-31T11:34:46Z,82.0,Sense
2025-03-31T11:34:51Z,83.0,Sense
2025-03-31T11:35:01Z,84.0,Sense
2025-03-31T11:35:06Z,83.0,Sense
2025-03-31T11:35:16Z,83.0,Sense
2025-03-31T11:35:21Z,82.0,Sense
2025-03-31T11:35:26Z,87.0,Sense
2025-03-31T11:35:31Z,88.0,Sense
2025-03-31T11:35:46Z,88.0,Sense
2025-03-31T11:35:51Z,87.0,Sense
2025-03-31T11:35:56Z,86.0,Sense
2025-03-31T11:36:01Z,79.0,Sense
2025-03-31T11:36:06Z,78.0,Sense
2025-03-31T11:36:16Z,79.0,Sense
2025-03-31T11:36:26Z,78.0,Sense
2025-03-31T11:36:36Z,75.0,Sense
2025-03-31T11:36:51Z,75.0,Sense
2025-03-31T11:36:56Z,77.0,Sense
2025-03-31T11:37:01Z,79.0,Sense
2025-03-31T11:37:11Z,78.0,Sense
2025-03-31T11:37:21Z,77.0,Sense
2025-03-31T11:37:31Z,78.0,Sense
2025-03-31T11:37:36Z,79.0,Sense
2025-03-31T11:37:46Z,77.0,Sense
2025-03-31T11:37:51Z,74.0,Sense
2025-03-31T11:38:01Z,75.0,Sense
2025-03-31T11:38:11Z,75.0,Sense
2025-03-31T11:38:26Z,76.0,Sense
2025-03-31T11:38:31Z,78.0,Sense
2025-03-31T11:38:41Z,79.0,Sense
2025-03-31T11:38:46Z,80.0,Sense
2025-03-31T11:38:51Z,81.0,Sense
2025-03-31T11:39:01Z,80.0,Sense
2025-03-31T11:39:16Z,80.0,Sense
2025-03-31T11:39:21Z,79.0,Sense
2025-03-31T11:39:36Z,79.0,Sense
2025-03-31T11:39:41Z,78.0,Sense
2025-03-31T11:39:51Z,79.0,Sense
2025-03-31T11:39:56Z,78.0,Sense
2025-03-31T11:40:01Z,77.0,Sense
2025-03-31T11:40:11Z,74.0,Sense
2025-03-31T11:40:16Z,73.0,Sense
2025-03-31T11:40:43Z,73.0,Sense
2025-03-31T11:40:58Z,73.0,Sense
2025-03-31T11:41:08Z,74.0,Sense
2025-03-31T11:41:18Z,75.0,Sense
2025-03-31T11:41:33Z,76.0,Sense
2025-03-31T11:41:38Z,76.0,Sense
2025-03-31T11:41:48Z,75.0,Sense
2025-03-31T11:42:03Z,75.0,Sense
2025-03-31T11:42:08Z,74.0,Sense
2025-03-31T11:42:18Z,76.0,Sense
2025-03-31T11:42:23Z,77.0,Sense
2025-03-31T11:42:38Z,77.0,Sense
2025-03-31T11:42:43Z,78.0,Sense
2025-03-31T11:42:53Z,79.0,Sense
2025-03-31T11:43:08Z,82.0,Sense
2025-03-31T11:43:13Z,94.0,Sense
2025-03-31T11:43:23Z,93.0,Sense
2025-03-31T11:43:33Z,92.0,Sense
2025-03-31T11:43:38Z,90.0,Sense
2025-03-31T11:43:43Z,87.0,Sense
2025-03-31T11:43:53Z,86.0,Sense
2025-03-31T11:44:08Z,78.0,Sense
2025-03-31T11:44:13Z,79.0,Sense
2025-03-31T11:44:23Z,78.0,Sense
2025-03-31T11:44:33Z,79.0,Sense
2025-03-31T11:44:48Z,78.0,Sense
2025-03-31T11:44:53Z,78.0,Sense
2025-03-31T11:44:58Z,77.0,Sense
2025-03-31T11:45:13Z,77.0,Sense
2025-03-31T11:45:18Z,78.0,Sense
2025-03-31T11:45:23Z,79.0,Sense
2025-03-31T11:45:28Z,78.0,Sense
2025-03-31T11:45:33Z,77.0,Sense
2025-03-31T11:45:43Z,78.0,Sense
2025-03-31T11:45:58Z,78.0,Sense
2025-03-31T11:46:03Z,77.0,Sense
2025-03-31T11:46:08Z,76.0,Sense
2025-03-31T11:46:13Z,75.0,Sense
2025-03-31T11:46:23Z,74.0,Sense
2025-03-31T11:46:28Z,75.0,Sense
2025-03-31T11:46:38Z,76.0,Sense
2025-03-31T11:46:53Z,77.0,Sense
2025-03-31T11:46:58Z,78.0,Sense
2025-03-31T11:47:03Z,79.0,Sense
2025-03-31T11:47:13Z,80.0,Sense
2025-03-31T11:47:23Z,79.0,Sense
2025-03-31T11:47:28Z,80.0,Sense
2025-03-31T11:47:38Z,79.0,Sense
2025-03-31T11:47:53Z,81.0,Sense
2025-03-31T11:47:58Z,82.0,Sense
2025-03-31T11:48:03Z,83.0,Sense
2025-03-31T11:48:13Z,82.0,Sense
2025-03-31T11:48:18Z,83.0,Sense
2025-03-31T11:48:23Z,83.0,Sense
2025-03-31T11:48:38Z,83.0,Sense
2025-03-31T11:48:43Z,82.0,Sense
2025-03-31T11:48:58Z,82.0,Sense
2025-03-31T11:49:13Z,82.0,Sense
2025-03-31T11:49:28Z,82.0,Sense
2025-03-31T11:49:33Z,80.0,Sense
2025-03-31T11:49:48Z,79.0,Sense
2025-03-31T11:49:53Z,78.0,Sense
2025-03-31T11:50:08Z,78.0,Sense
2025-03-31T11:50:13Z,79.0,Sense
2025-03-31T11:50:28Z,79.0,Sense
2025-03-31T11:50:33Z,78.0,Sense
2025-03-31T11:50:38Z,79.0,Sense
2025-03-31T11:50:43Z,80.0,Sense
2025-03-31T11:50:58Z,79.0,Sense
2025-03-31T11:51:03Z,80.0,Sense
2025-03-31T11:51:18Z,81.0,Sense
2025-03-31T11:51:23Z,82.0,Sense
2025-03-31T11:51:38Z,82.0,Sense
2025-03-31T11:51:43Z,83.0,Sense
2025-03-31T11:51:48Z,82.0,Sense
2025-03-31T11:52:03Z,82.0,Sense
2025-03-31T11:52:08Z,81.0,Sense
2025-03-31T11:52:13Z,80.0,Sense
2025-03-31T11:52:18Z,81.0,Sense
2025-03-31T11:52:23Z,91.0,Sense
2025-03-31T11:52:28Z,98.0,Sense
2025-03-31T11:52:33Z,97.0,Sense
2025-03-31T11:52:38Z,96.0,Sense
2025-03-31T11:52:43Z,95.0,Sense
2025-03-31T11:52:48Z,94.0,Sense
2025-03-31T11:52:58Z,93.0,Sense
2025-03-31T11:53:03Z,92.0,Sense
2025-03-31T11:53:08Z,91.0,Sense
2025-03-31T11:53:23Z,91.0,Sense
2025-03-31T11:53:28Z,90.0,Sense
2025-03-31T11:53:33Z,89.0,Sense
2025-03-31T11:53:38Z,88.0,Sense
2025-03-31T11:53:48Z,86.0,Sense
2025-03-31T11:54:03Z,82.0,Sense
2025-03-31T11:54:18Z,83.0,Sense
2025-03-31T11:54:28Z,84.0,Sense
2025-03-31T11:54:33Z,83.0,Sense
2025-03-31T11:54:48Z,82.0,Sense
2025-03-31T11:54:53Z,81.0,Sense
2025-03-31T11:55:08Z,82.0,Sense
2025-03-31T11:55:23Z,80.0,Sense
2025-03-31T11:55:28Z,79.0,Sense
2025-03-31T11:55:43Z,80.0,Sense
2025-03-31T11:55:48Z,81.0,Sense
2025-03-31T11:55:53Z,83.0,Sense
2025-03-31T11:55:58Z,82.0,Sense
2025-03-31T11:56:03Z,81.0,Sense
2025-03-31T11:56:18Z,81.0,Sense
2025-03-31T11:56:28Z,74.0,Sense
2025-03-31T11:56:33Z,72.0,Sense
2025-03-31T11:56:38Z,71.0,Sense
2025-03-31T11:56:53Z,72.0,Sense
2025-03-31T11:57:03Z,73.0,Sense
2025-03-31T11:57:08Z,74.0,Sense
2025-03-31T11:57:18Z,75.0,Sense
2025-03-31T11:57:33Z,76.0,Sense
2025-03-31T11:57:48Z,76.0,Sense
2025-03-31T11:57:58Z,77.0,Sense
2025-03-31T11:58:03Z,76.0,Sense
2025-03-31T11:58:13Z,77.0,Sense
2025-03-31T11:58:18Z,79.0,Sense
2025-03-31T11:58:33Z,79.0,Sense
2025-03-31T11:58:43Z,78.0,Sense
2025-03-31T11:58:53Z,80.0,Sense
2025-03-31T11:58:58Z,81.0,Sense
2025-03-31T11:59:13Z,81.0,Sense
2025-03-31T11:59:23Z,82.0,Sense
2025-03-31T11:59:33Z,81.0,Sense
2025-03-31T11:59:48Z,80.0,Sense
2025-03-31T11:59:58Z,82.0,Sense
2025-03-31T12:00:13Z,83.0,Sense
2025-03-31T12:00:18Z,82.0,Sense
2025-03-31T12:00:28Z,83.0,Sense
2025-03-31T12:00:33Z,82.0,Sense
2025-03-31T12:00:43Z,83.0,Sense
2025-03-31T12:00:48Z,84.0,Sense
2025-03-31T12:00:53Z,83.0,Sense
2025-03-31T12:01:08Z,83.0,Sense
2025-03-31T12:01:18Z,81.0,Sense
2025-03-31T12:01:28Z,82.0,Sense
2025-03-31T12:01:38Z,81.0,Sense
2025-03-31T12:01:43Z,83.0,Sense
2025-03-31T12:01:48Z,84.0,Sense
2025-03-31T12:01:53Z,83.0,Sense
2025-03-31T12:01:58Z,81.0,Sense
2025-03-31T12:02:08Z,80.0,Sense
2025-03-31T12:02:23Z,80.0,Sense
2025-03-31T12:02:28Z,79.0,Sense
2025-03-31T12:02:43Z,79.0,Sense
2025-03-31T12:02:53Z,80.0,Sense
2025-03-31T12:03:08Z,81.0,Sense
2025-03-31T12:03:13Z,85.0,Sense
2025-03-31T12:03:18Z,85.0,Sense
2025-03-31T12:03:28Z,84.0,Sense
2025-03-31T12:03:38Z,84.0,Sense
2025-03-31T12:03:43Z,83.0,Sense
2025-03-31T12:03:58Z,83.0,Sense
2025-03-31T12:04:08Z,82.0,Sense
2025-03-31T12:04:13Z,81.0,Sense
2025-03-31T12:04:18Z,82.0,Sense
2025-03-31T12:04:23Z,82.0,Sense
2025-03-31T12:04:38Z,82.0,Sense
2025-03-31T12:04:53Z,82.0,Sense
2025-03-31T12:05:08Z,82.0,Sense
2025-03-31T12:05:18Z,83.0,Sense
2025-03-31T12:05:23Z,84.0,Sense
2025-03-31T12:05:28Z,83.0,Sense
2025-03-31T12:05:43Z,83.0,Sense
2025-03-31T12:05:48Z,82.0,Sense
2025-03-31T12:06:03Z,81.0,Sense
2025-03-31T12:06:08Z,82.0,Sense
2025-03-31T12:06:13Z,81.0,Sense
2025-03-31T12:06:18Z,80.0,Sense
2025-03-31T12:06:23Z,81.0,Sense
2025-03-31T12:06:28Z,82.0,Sense
2025-03-31T12:06:33Z,81.0,Sense
2025-03-31T12:06:38Z,83.0,Sense
2025-03-31T12:06:43Z,84.0,Sense
2025-03-31T12:06:48Z,83.0,Sense
2025-03-31T12:07:03Z,83.0,Sense
2025-03-31T12:07:08Z,80.0,Sense
2025-03-31T12:07:13Z,77.0,Sense
2025-03-31T12:07:18Z,78.0,Sense
2025-03-31T12:07:23Z,77.0,Sense
2025-03-31T12:07:28Z,77.0,Sense
2025-03-31T12:07:38Z,78.0,Sense
2025-03-31T12:07:48Z,79.0,Sense
2025-03-31T12:07:53Z,78.0,Sense
2025-03-31T12:07:58Z,77.0,Sense
2025-03-31T12:08:03Z,78.0,Sense
2025-03-31T12:08:18Z,78.0,Sense
2025-03-31T12:08:23Z,77.0,Sense
2025-03-31T12:08:28Z,79.0,Sense
2025-03-31T12:08:33Z,86.0,Sense
2025-03-31T12:08:48Z,85.0,Sense
2025-03-31T12:08:58Z,83.0,Sense
2025-03-31T12:09:03Z,79.0,Sense
2025-03-31T12:09:08Z,78.0,Sense
2025-03-31T12:09:13Z,77.0,Sense
2025-03-31T12:09:23Z,78.0,Sense
2025-03-31T12:09:38Z,79.0,Sense
2025-03-31T12:09:43Z,79.0,Sense
2025-03-31T12:09:48Z,78.0,Sense
2025-03-31T12:09:53Z,74.0,Sense
2025-03-31T12:09:58Z,74.0,Sense
2025-03-31T12:10:03Z,75.0,Sense
2025-03-31T12:10:18Z,74.0,Sense
2025-03-31T12:10:28Z,75.0,Sense
2025-03-31T12:10:33Z,76.0,Sense
2025-03-31T12:10:38Z,77.0,Sense
2025-03-31T12:10:43Z,78.0,Sense
2025-03-31T12:10:48Z,77.0,Sense
2025-03-31T12:11:03Z,77.0,Sense
2025-03-31T12:11:13Z,78.0,Sense
2025-03-31T12:11:18Z,77.0,Sense
2025-03-31T12:11:23Z,84.0,Sense
2025-03-31T12:11:28Z,85.0,Sense
2025-03-31T12:11:33Z,84.0,Sense
2025-03-31T12:11:38Z,82.0,Sense
2025-03-31T12:11:48Z,82.0,Sense
2025-03-31T12:11:58Z,83.0,Sense
2025-03-31T12:12:03Z,82.0,Sense
2025-03-31T12:12:18Z,82.0,Sense
2025-03-31T12:12:23Z,83.0,Sense
2025-03-31T12:12:28Z,84.0,Sense
2025-03-31T12:12:43Z,83.0,Sense
2025-03-31T12:12:53Z,74.0,Sense
2025-03-31T12:12:58Z,71.0,Sense
2025-03-31T12:13:13Z,72.0,Sense
2025-03-31T12:13:18Z,72.0,Sense
2025-03-31T12:13:33Z,73.0,Sense
2025-03-31T12:13:38Z,74.0,Sense
2025-03-31T12:13:48Z,72.0,Sense
2025-03-31T12:13:53Z,71.0,Sense
2025-03-31T12:14:08Z,71.0,Sense
2025-03-31T12:14:13Z,72.0,Sense
2025-03-31T12:14:23Z,73.0,Sense
2025-03-31T12:14:28Z,74.0,Sense
2025-03-31T12:14:33Z,75.0,Sense
2025-03-31T12:14:48Z,75.0,Sense
2025-03-31T12:14:53Z,76.0,Sense
2025-03-31T12:15:03Z,77.0,Sense
2025-03-31T12:15:13Z,78.0,Sense
2025-03-31T12:15:23Z,80.0,Sense
2025-03-31T12:15:38Z,81.0,Sense
2025-03-31T12:15:53Z,81.0,Sense
2025-03-31T12:16:08Z,80.0,Sense
2025-03-31T12:16:23Z,81.0,Sense
2025-03-31T12:16:33Z,82.0,Sense
2025-03-31T12:16:38Z,81.0,Sense
2025-03-31T12:16:43Z,80.0,Sense
2025-03-31T12:16:53Z,83.0,Sense
2025-03-31T12:17:08Z,82.0,Sense
2025-03-31T12:17:18Z,82.0,Sense
2025-03-31T12:17:28Z,83.0,Sense
2025-03-31T12:17:43Z,83.0,Sense
2025-03-31T12:17:53Z,82.0,Sense
2025-03-31T12:18:03Z,83.0,Sense
2025-03-31T12:18:13Z,83.0,Sense
2025-03-31T12:18:18Z,84.0,Sense
2025-03-31T12:18:28Z,83.0,Sense
2025-03-31T12:18:38Z,82.0,Sense
2025-03-31T12:18:43Z,82.0,Sense
2025-03-31T12:18:53Z,81.0,Sense
2025-03-31T12:18:58Z,74.0,Sense
2025-03-31T12:19:13Z,75.0,Sense
2025-03-31T12:19:18Z,76.0,Sense
2025-03-31T12:19:23Z,77.0,Sense
2025-03-31T12:19:28Z,79.0,Sense
2025-03-31T12:19:43Z,79.0,Sense
2025-03-31T12:19:53Z,79.0,Sense
2025-03-31T12:20:08Z,80.0,Sense
2025-03-31T12:20:18Z,79.0,Sense
2025-03-31T12:20:23Z,77.0,Sense
2025-03-31T12:20:38Z,76.0,Sense
2025-03-31T12:20:53Z,76.0,Sense
2025-03-31T12:20:58Z,75.0,Sense
2025-03-31T12:21:03Z,76.0,Sense
2025-03-31T12:21:08Z,77.0,Sense
2025-03-31T12:21:13Z,75.0,Sense
2025-03-31T12:21:18Z,74.0,Sense
2025-03-31T12:21:23Z,75.0,Sense
2025-03-31T12:21:28Z,76.0,Sense
2025-03-31T12:21:33Z,77.0,Sense
2025-03-31T12:21:43Z,76.0,Sense
2025-03-31T12:21:48Z,77.0,Sense
2025-03-31T12:21:53Z,78.0,Sense
2025-03-31T12:21:58Z,80.0,Sense
2025-03-31T12:22:03Z,81.0,Sense
2025-03-31T12:22:18Z,80.0,Sense
2025-03-31T12:22:28Z,80.0,Sense
2025-03-31T12:22:43Z,80.0,Sense
2025-03-31T12:22:48Z,79.0,Sense
2025-03-31T12:22:58Z,78.0,Sense
2025-03-31T12:23:03Z,78.0,Sense
2025-03-31T12:23:13Z,76.0,Sense
2025-03-31T12:23:18Z,73.0,Sense
2025-03-31T12:23:33Z,74.0,Sense
2025-03-31T12:23:38Z,75.0,Sense
2025-03-31T12:23:53Z,76.0,Sense
2025-03-31T12:24:03Z,75.0,Sense
2025-03-31T12:24:18Z,75.0,Sense
2025-03-31T12:24:23Z,74.0,Sense
2025-03-31T12:24:38Z,74.0,Sense
2025-03-31T12:24:53Z,75.0,Sense
2025-03-31T12:24:58Z,76.0,Sense
2025-03-31T12:25:03Z,77.0,Sense
2025-03-31T12:25:08Z,78.0,Sense
2025-03-31T12:25:23Z,78.0,Sense
2025-03-31T12:25:28Z,79.0,Sense
2025-03-31T12:25:43Z,80.0,Sense
2025-03-31T12:25:48Z,79.0,Sense
2025-03-31T12:25:53Z,80.0,Sense
2025-03-31T12:26:08Z,80.0,Sense
2025-03-31T12:26:23Z,79.0,Sense
2025-03-31T12:26:33Z,80.0,Sense
2025-03-31T12:26:38Z,79.0,Sense
2025-03-31T12:26:48Z,90.0,Sense
2025-03-31T12:26:53Z,118.0,Sense
2025-03-31T12:26:58Z,111.0,Sense
2025-03-31T12:27:08Z,110.0,Sense
2025-03-31T12:27:13Z,109.0,Sense
2025-03-31T12:27:18Z,105.0,Sense
2025-03-31T12:27:23Z,102.0,Sense
2025-03-31T12:27:28Z,99.0,Sense
2025-03-31T12:27:33Z,97.0,Sense
2025-03-31T12:27:38Z,96.0,Sense
2025-03-31T12:27:43Z,94.0,Sense
2025-03-31T12:27:48Z,91.0,Sense
2025-03-31T12:27:53Z,89.0,Sense
2025-03-31T12:27:58Z,88.0,Sense
2025-03-31T12:28:08Z,89.0,Sense
2025-03-31T12:28:13Z,88.0,Sense
2025-03-31T12:28:28Z,86.0,Sense
2025-03-31T12:28:33Z,85.0,Sense
2025-03-31T12:28:43Z,84.0,Sense
2025-03-31T12:28:48Z,82.0,Sense
2025-03-31T12:28:53Z,83.0,Sense
2025-03-31T12:29:08Z,83.0,Sense
2025-03-31T12:29:18Z,84.0,Sense
2025-03-31T12:29:33Z,85.0,Sense
2025-03-31T12:29:38Z,84.0,Sense
2025-03-31T12:29:43Z,83.0,Sense
2025-03-31T12:29:48Z,84.0,Sense
2025-03-31T12:29:53Z,87.0,Sense
2025-03-31T12:29:58Z,93.0,Sense
2025-03-31T12:30:03Z,92.0,Sense
2025-03-31T12:30:08Z,91.0,Sense
2025-03-31T12:30:23Z,90.0,Sense
2025-03-31T12:30:33Z,91.0,Sense
2025-03-31T12:30:38Z,83.0,Sense
2025-03-31T12:30:43Z,79.0,Sense
2025-03-31T12:30:58Z,80.0,Sense
2025-03-31T12:31:03Z,79.0,Sense
2025-03-31T12:31:13Z,78.0,Sense
2025-03-31T12:31:18Z,79.0,Sense
2025-03-31T12:31:33Z,79.0,Sense
2025-03-31T12:31:48Z,79.0,Sense
2025-03-31T12:31:53Z,78.0,Sense
2025-03-31T12:31:58Z,79.0,Sense
2025-03-31T12:32:03Z,80.0,Sense
2025-03-31T12:32:08Z,81.0,Sense
2025-03-31T12:32:23Z,81.0,Sense
2025-03-31T12:32:33Z,84.0,Sense
2025-03-31T12:32:38Z,83.0,Sense
2025-03-31T12:32:43Z,84.0,Sense
2025-03-31T12:32:53Z,83.0,Sense
2025-03-31T12:32:58Z,82.0,Sense
2025-03-31T12:33:08Z,81.0,Sense
2025-03-31T12:33:13Z,80.0,Sense
2025-03-31T12:33:28Z,80.0,Sense
2025-03-31T12:33:43Z,80.0,Sense
2025-03-31T12:33:48Z,82.0,Sense
2025-03-31T12:33:58Z,82.0,Sense
2025-03-31T12:34:13Z,82.0,Sense
2025-03-31T12:34:23Z,83.0,Sense
2025-03-31T12:34:28Z,85.0,Sense
2025-03-31T12:34:33Z,84.0,Sense
2025-03-31T12:34:38Z,83.0,Sense
2025-03-31T12:34:48Z,84.0,Sense
2025-03-31T12:34:58Z,84.0,Sense
2025-03-31T12:35:13Z,86.0,Sense
2025-03-31T12:35:18Z,86.0,Sense
2025-03-31T12:35:33Z,85.0,Sense
2025-03-31T12:35:38Z,85.0,Sense
2025-03-31T12:35:43Z,84.0,Sense
2025-03-31T12:35:48Z,82.0,Sense
2025-03-31T12:35:58Z,80.0,Sense
2025-03-31T12:36:03Z,80.0,Sense
2025-03-31T12:36:13Z,79.0,Sense
2025-03-31T12:36:18Z,80.0,Sense
2025-03-31T12:36:23Z,81.0,Sense
2025-03-31T12:36:38Z,81.0,Sense
2025-03-31T12:36:48Z,80.0,Sense
2025-03-31T12:36:53Z,79.0,Sense
2025-03-31T12:37:03Z,80.0,Sense
2025-03-31T12:37:13Z,79.0,Sense
2025-03-31T12:37:23Z,80.0,Sense
2025-03-31T12:37:28Z,78.0,Sense
2025-03-31T12:37:33Z,78.0,Sense
2025-03-31T12:37:48Z,78.0,Sense
2025-03-31T12:37:53Z,84.0,Sense
2025-03-31T12:38:08Z,85.0,Sense
2025-03-31T12:38:13Z,86.0,Sense
2025-03-31T12:38:28Z,86.0,Sense
2025-03-31T12:38:33Z,86.0,Sense
2025-03-31T12:38:38Z,87.0,Sense
2025-03-31T12:38:43Z,85.0,Sense
2025-03-31T12:38:58Z,85.0,Sense
2025-03-31T12:39:03Z,82.0,Sense
2025-03-31T12:39:08Z,80.0,Sense
2025-03-31T12:39:23Z,93.0,Sense
2025-03-31T12:39:28Z,103.0,Sense
2025-03-31T12:39:33Z,102.0,Sense
2025-03-31T12:39:38Z,99.0,Sense
2025-03-31T12:39:43Z,96.0,Sense
2025-03-31T12:39:48Z,94.0,Sense
2025-03-31T12:39:53Z,94.0,Sense
2025-03-31T12:39:58Z,93.0,Sense
2025-03-31T12:40:13Z,93.0,Sense
2025-03-31T12:40:18Z,92.0,Sense
2025-03-31T12:40:23Z,89.0,Sense
2025-03-31T12:40:28Z,88.0,Sense
2025-03-31T12:40:38Z,89.0,Sense
2025-03-31T12:40:43Z,89.0,Sense
2025-03-31T12:40:48Z,90.0,Sense
2025-03-31T12:40:53Z,89.0,Sense
2025-03-31T12:40:58Z,90.0,Sense
2025-03-31T12:41:03Z,92.0,Sense
2025-03-31T12:41:18Z,105.0,Sense
2025-03-31T12:41:23Z,112.0,Sense
2025-03-31T12:41:28Z,111.0,Sense
2025-03-31T12:41:33Z,110.0,Sense
2025-03-31T12:41:38Z,106.0,Sense
2025-03-31T12:41:43Z,102.0,Sense
2025-03-31T12:41:48Z,99.0,Sense
2025-03-31T12:41:58Z,98.0,Sense
2025-03-31T12:42:08Z,96.0,Sense
2025-03-31T12:42:13Z,95.0,Sense
2025-03-31T12:42:18Z,96.0,Sense
2025-03-31T12:42:23Z,95.0,Sense
2025-03-31T12:42:38Z,95.0,Sense
2025-03-31T12:42:48Z,94.0,Sense
2025-03-31T12:42:53Z,92.0,Sense
2025-03-31T12:42:58Z,91.0,Sense
2025-03-31T12:43:08Z,90.0,Sense
2025-03-31T12:43:13Z,88.0,Sense
2025-03-31T12:43:18Z,86.0,Sense
2025-03-31T12:43:23Z,87.0,Sense
2025-03-31T12:43:28Z,86.0,Sense
2025-03-31T12:43:33Z,85.0,Sense
2025-03-31T12:43:43Z,86.0,Sense
2025-03-31T12:43:53Z,85.0,Sense
2025-03-31T12:43:58Z,86.0,Sense
2025-03-31T12:44:03Z,85.0,Sense
2025-03-31T12:44:13Z,86.0,Sense
2025-03-31T12:44:18Z,87.0,Sense
2025-03-31T12:44:23Z,88.0,Sense
2025-03-31T12:44:33Z,87.0,Sense
2025-03-31T12:44:48Z,87.0,Sense
2025-03-31T12:44:53Z,88.0,Sense
2025-03-31T12:45:08Z,87.0,Sense
2025-03-31T12:45:13Z,88.0,Sense
2025-03-31T12:45:18Z,89.0,Sense
2025-03-31T12:45:23Z,87.0,Sense
2025-03-31T12:45:33Z,89.0,Sense
2025-03-31T12:45:38Z,89.0,Sense
2025-03-31T12:45:43Z,88.0,Sense
2025-03-31T12:45:48Z,87.0,Sense
2025-03-31T12:45:53Z,86.0,Sense
2025-03-31T12:46:03Z,91.0,Sense
2025-03-31T12:46:18Z,91.0,Sense
2025-03-31T12:46:23Z,90.0,Sense
2025-03-31T12:46:28Z,90.0,Sense
2025-03-31T12:46:43Z,91.0,Sense
2025-03-31T12:46:48Z,96.0,Sense
2025-03-31T12:46:53Z,97.0,Sense
2025-03-31T12:46:58Z,97.0,Sense
2025-03-31T12:47:03Z,93.0,Sense
2025-03-31T12:47:18Z,93.0,Sense
2025-03-31T12:47:23Z,92.0,Sense
2025-03-31T12:47:28Z,91.0,Sense
2025-03-31T12:47:33Z,90.0,Sense
2025-03-31T12:47:38Z,89.0,Sense
2025-03-31T12:47:48Z,88.0,Sense
2025-03-31T12:47:53Z,88.0,Sense
2025-03-31T12:48:08Z,87.0,Sense
2025-03-31T12:48:18Z,88.0,Sense
2025-03-31T12:48:23Z,87.0,Sense
2025-03-31T12:48:33Z,88.0,Sense
2025-03-31T12:48:38Z,87.0,Sense
2025-03-31T12:48:43Z,86.0,Sense
2025-03-31T12:48:58Z,86.0,Sense
2025-03-31T12:49:03Z,87.0,Sense
2025-03-31T12:49:08Z,86.0,Sense
2025-03-31T12:49:23Z,86.0,Sense
2025-03-31T12:49:28Z,85.0,Sense
2025-03-31T12:49:38Z,86.0,Sense
2025-03-31T12:49:43Z,85.0,Sense
2025-03-31T12:49:58Z,85.0,Sense
2025-03-31T12:50:03Z,86.0,Sense
2025-03-31T12:50:08Z,89.0,Sense
2025-03-31T12:50:23Z,89.0,Sense
2025-03-31T12:50:33Z,89.0,Sense
2025-03-31T12:50:38Z,89.0,Sense
2025-03-31T12:50:53Z,89.0,Sense
2025-03-31T12:51:03Z,90.0,Sense
2025-03-31T12:51:08Z,89.0,Sense
2025-03-31T12:51:23Z,88.0,Sense
2025-03-31T12:51:28Z,87.0,Sense
2025-03-31T12:51:33Z,86.0,Sense
2025-03-31T12:51:38Z,81.0,Sense
2025-03-31T12:51:43Z,79.0,Sense
2025-03-31T12:51:48Z,87.0,Sense
2025-03-31T12:51:53Z,88.0,Sense
2025-03-31T12:52:03Z,87.0,Sense
2025-03-31T12:52:13Z,87.0,Sense
2025-03-31T12:52:23Z,86.0,Sense
2025-03-31T12:52:38Z,88.0,Sense
2025-03-31T12:52:43Z,91.0,Sense
2025-03-31T12:52:58Z,91.0,Sense
2025-03-31T12:53:03Z,91.0,Sense
2025-03-31T12:53:08Z,90.0,Sense
2025-03-31T12:53:23Z,90.0,Sense
2025-03-31T12:53:28Z,91.0,Sense
2025-03-31T12:53:43Z,91.0,Sense
2025-03-31T12:53:58Z,91.0,Sense
2025-03-31T12:54:08Z,90.0,Sense
2025-03-31T12:54:13Z,89.0,Sense
2025-03-31T12:54:28Z,85.0,Sense
2025-03-31T12:54:33Z,83.0,Sense
2025-03-31T12:54:38Z,85.0,Sense
2025-03-31T12:54:43Z,86.0,Sense
2025-03-31T12:54:58Z,86.0,Sense
2025-03-31T12:55:03Z,85.0,Sense
2025-03-31T12:55:18Z,85.0,Sense
2025-03-31T12:55:28Z,86.0,Sense
2025-03-31T12:55:43Z,87.0,Sense
2025-03-31T12:55:48Z,87.0,Sense
2025-03-31T12:56:03Z,87.0,Sense
2025-03-31T12:56:08Z,88.0,Sense
2025-03-31T12:56:23Z,88.0,Sense
2025-03-31T12:56:28Z,87.0,Sense
2025-03-31T12:56:33Z,86.0,Sense
2025-03-31T12:56:38Z,85.0,Sense
2025-03-31T12:56:48Z,86.0,Sense
2025-03-31T12:56:53Z,85.0,Sense
2025-03-31T12:56:58Z,84.0,Sense
2025-03-31T12:57:03Z,83.0,Sense
2025-03-31T12:57:08Z,85.0,Sense
2025-03-31T12:57:13Z,95.0,Sense
2025-03-31T12:57:18Z,97.0,Sense
2025-03-31T12:57:28Z,96.0,Sense
2025-03-31T12:57:43Z,95.0,Sense
2025-03-31T12:57:48Z,92.0,Sense
2025-03-31T12:57:53Z,85.0,Sense
2025-03-31T12:57:58Z,85.0,Sense
2025-03-31T12:58:03Z,84.0,Sense
2025-03-31T12:58:18Z,85.0,Sense
2025-03-31T12:58:23Z,86.0,Sense
2025-03-31T12:58:28Z,85.0,Sense
2025-03-31T12:58:43Z,86.0,Sense
2025-03-31T12:58:48Z,85.0,Sense
2025-03-31T12:58:53Z,84.0,Sense
2025-03-31T12:59:08Z,85.0,Sense
2025-03-31T12:59:13Z,84.0,Sense
2025-03-31T12:59:28Z,83.0,Sense
2025-03-31T12:59:38Z,84.0,Sense
2025-03-31T12:59:43Z,83.0,Sense
2025-03-31T12:59:53Z,84.0,Sense
2025-03-31T12:59:58Z,85.0,Sense
2025-03-31T13:00:03Z,86.0,Sense
2025-03-31T13:00:18Z,85.0,Sense
2025-03-31T13:00:23Z,84.0,Sense
2025-03-31T13:00:28Z,85.0,Sense
2025-03-31T13:00:33Z,84.0,Sense
2025-03-31T13:00:38Z,77.0,Sense
2025-03-31T13:00:53Z,76.0,Sense
2025-03-31T13:01:08Z,77.0,Sense
2025-03-31T13:01:23Z,77.0,Sense
2025-03-31T13:01:28Z,78.0,Sense
2025-03-31T13:01:38Z,79.0,Sense
2025-03-31T13:01:43Z,80.0,Sense
2025-03-31T13:01:48Z,81.0,Sense
2025-03-31T13:01:53Z,83.0,Sense
2025-03-31T13:02:03Z,79.0,Sense
2025-03-31T13:02:08Z,80.0,Sense
2025-03-31T13:02:13Z,81.0,Sense
2025-03-31T13:02:18Z,83.0,Sense
2025-03-31T13:02:23Z,91.0,Sense
2025-03-31T13:02:28Z,92.0,Sense
2025-03-31T13:02:33Z,93.0,Sense
2025-03-31T13:02:43Z,92.0,Sense
2025-03-31T13:02:48Z,89.0,Sense
2025-03-31T13:02:53Z,84.0,Sense
2025-03-31T13:02:58Z,85.0,Sense
2025-03-31T13:03:08Z,86.0,Sense
2025-03-31T13:03:18Z,86.0,Sense
2025-03-31T13:03:33Z,95.0,Sense
2025-03-31T13:03:38Z,94.0,Sense
2025-03-31T13:03:53Z,94.0,Sense
2025-03-31T13:03:58Z,93.0,Sense
2025-03-31T13:04:03Z,91.0,Sense
2025-03-31T13:04:08Z,92.0,Sense
2025-03-31T13:04:23Z,91.0,Sense
2025-03-31T13:04:33Z,91.0,Sense
2025-03-31T13:04:43Z,90.0,Sense
2025-03-31T13:04:48Z,91.0,Sense
2025-03-31T13:04:53Z,91.0,Sense
2025-03-31T13:04:58Z,90.0,Sense
2025-03-31T13:05:13Z,89.0,Sense
2025-03-31T13:05:28Z,90.0,Sense
2025-03-31T13:05:38Z,93.0,Sense
2025-03-31T13:05:53Z,92.0,Sense
2025-03-31T13:06:03Z,91.0,Sense
2025-03-31T13:06:13Z,91.0,Sense
2025-03-31T13:06:18Z,90.0,Sense
2025-03-31T13:06:23Z,89.0,Sense
2025-03-31T13:06:38Z,88.0,Sense
2025-03-31T13:06:53Z,88.0,Sense
2025-03-31T13:06:58Z,87.0,Sense
2025-03-31T13:07:03Z,88.0,Sense
2025-03-31T13:07:18Z,88.0,Sense
2025-03-31T13:07:28Z,89.0,Sense
2025-03-31T13:07:43Z,87.0,Sense
2025-03-31T13:07:58Z,87.0,Sense
2025-03-31T13:08:13Z,86.0,Sense
2025-03-31T13:08:23Z,85.0,Sense
2025-03-31T13:08:28Z,84.0,Sense
2025-03-31T13:08:33Z,83.0,Sense
2025-03-31T13:08:38Z,84.0,Sense
2025-03-31T13:08:43Z,86.0,Sense
2025-03-31T13:08:48Z,87.0,Sense
2025-03-31T13:08:53Z,88.0,Sense
2025-03-31T13:08:58Z,85.0,Sense
2025-03-31T13:09:03Z,81.0,Sense
2025-03-31T13:09:18Z,82.0,Sense
2025-03-31T13:09:28Z,83.0,Sense
2025-03-31T13:09:33Z,82.0,Sense
2025-03-31T13:09:38Z,82.0,Sense
2025-03-31T13:09:43Z,84.0,Sense
2025-03-31T13:09:53Z,83.0,Sense
2025-03-31T13:09:58Z,80.0,Sense
2025-03-31T13:10:03Z,79.0,Sense
2025-03-31T13:10:08Z,80.0,Sense
2025-03-31T13:10:18Z,81.0,Sense
2025-03-31T13:10:23Z,82.0,Sense
2025-03-31T13:10:28Z,83.0,Sense
2025-03-31T13:10:38Z,84.0,Sense
2025-03-31T13:10:48Z,85.0,Sense
2025-03-31T13:10:53Z,86.0,Sense
2025-03-31T13:10:58Z,87.0,Sense
2025-03-31T13:11:03Z,85.0,Sense
2025-03-31T13:11:18Z,85.0,Sense
2025-03-31T13:11:23Z,85.0,Sense
2025-03-31T13:11:38Z,85.0,Sense
2025-03-31T13:11:43Z,86.0,Sense
2025-03-31T13:11:53Z,85.0,Sense
2025-03-31T13:11:58Z,86.0,Sense
2025-03-31T13:12:03Z,90.0,Sense
2025-03-31T13:12:08Z,116.0,Sense
2025-03-31T13:12:13Z,118.0,Sense
2025-03-31T13:12:18Z,117.0,Sense
2025-03-31T13:12:23Z,112.0,Sense
2025-03-31T13:12:28Z,107.0,Sense
2025-03-31T13:12:33Z,108.0,Sense
2025-03-31T13:12:38Z,109.0,Sense
2025-03-31T13:12:48Z,110.0,Sense
2025-03-31T13:12:53Z,109.0,Sense
2025-03-31T13:12:58Z,108.0,Sense
2025-03-31T13:13:03Z,105.0,Sense
2025-03-31T13:13:08Z,104.0,Sense
2025-03-31T13:13:13Z,100.0,Sense
2025-03-31T13:13:18Z,97.0,Sense
2025-03-31T13:13:23Z,96.0,Sense
2025-03-31T13:13:28Z,94.0,Sense
2025-03-31T13:13:33Z,92.0,Sense
2025-03-31T13:13:38Z,91.0,Sense
2025-03-31T13:13:43Z,90.0,Sense
2025-03-31T13:13:58Z,86.0,Sense
2025-03-31T13:14:03Z,83.0,Sense
2025-03-31T13:14:18Z,83.0,Sense
2025-03-31T13:14:33Z,84.0,Sense
2025-03-31T13:14:38Z,85.0,Sense
2025-03-31T13:14:48Z,86.0,Sense
2025-03-31T13:14:53Z,88.0,Sense
2025-03-31T13:15:08Z,88.0,Sense
2025-03-31T13:15:13Z,89.0,Sense
2025-03-31T13:15:28Z,89.0,Sense
2025-03-31T13:15:33Z,90.0,Sense
2025-03-31T13:15:38Z,93.0,Sense
2025-03-31T13:15:43Z,92.0,Sense
2025-03-31T13:15:48Z,90.0,Sense
2025-03-31T13:15:53Z,89.0,Sense
2025-03-31T13:15:58Z,82.0,Sense
2025-03-31T13:16:03Z,83.0,Sense
2025-03-31T13:16:13Z,84.0,Sense
2025-03-31T13:16:18Z,85.0,Sense
2025-03-31T13:16:23Z,85.0,Sense
2025-03-31T13:16:38Z,85.0,Sense
2025-03-31T13:16:48Z,86.0,Sense
2025-03-31T13:16:58Z,84.0,Sense
2025-03-31T13:17:03Z,84.0,Sense
2025-03-31T13:17:18Z,85.0,Sense
2025-03-31T13:17:23Z,83.0,Sense
2025-03-31T13:17:28Z,83.0,Sense
2025-03-31T13:17:33Z,84.0,Sense
2025-03-31T13:17:38Z,105.0,Sense
2025-03-31T13:17:43Z,112.0,Sense
2025-03-31T13:17:48Z,113.0,Sense
2025-03-31T13:17:53Z,110.0,Sense
2025-03-31T13:17:58Z,108.0,Sense
2025-03-31T13:18:03Z,106.0,Sense
2025-03-31T13:18:08Z,105.0,Sense
2025-03-31T13:18:13Z,103.0,Sense
2025-03-31T13:18:23Z,107.0,Sense
2025-03-31T13:18:28Z,111.0,Sense
2025-03-31T13:18:33Z,109.0,Sense
2025-03-31T13:18:38Z,105.0,Sense
2025-03-31T13:18:48Z,103.0,Sense
2025-03-31T13:18:53Z,100.0,Sense
2025-03-31T13:18:58Z,99.0,Sense
2025-03-31T13:19:03Z,97.0,Sense
2025-03-31T13:19:13Z,96.0,Sense
2025-03-31T13:19:18Z,95.0,Sense
2025-03-31T13:19:23Z,94.0,Sense
2025-03-31T13:19:28Z,93.0,Sense
2025-03-31T13:19:33Z,92.0,Sense
2025-03-31T13:19:48Z,93.0,Sense
2025-03-31T13:19:53Z,96.0,Sense
2025-03-31T13:19:58Z,97.0,Sense
2025-03-31T13:20:03Z,95.0,Sense
2025-03-31T13:20:08Z,94.0,Sense
2025-03-31T13:20:13Z,93.0,Sense
2025-03-31T13:20:18Z,92.0,Sense
2025-03-31T13:20:23Z,90.0,Sense
2025-03-31T13:20:28Z,89.0,Sense
2025-03-31T13:20:33Z,90.0,Sense
2025-03-31T13:20:38Z,89.0,Sense
2025-03-31T13:20:43Z,89.0,Sense
2025-03-31T13:20:48Z,91.0,Sense
2025-03-31T13:21:03Z,93.0,Sense
2025-03-31T13:21:08Z,92.0,Sense
2025-03-31T13:21:13Z,91.0,Sense
2025-03-31T13:21:18Z,90.0,Sense
2025-03-31T13:21:23Z,89.0,Sense
2025-03-31T13:21:28Z,88.0,Sense
2025-03-31T13:21:33Z,87.0,Sense
2025-03-31T13:21:43Z,88.0,Sense
2025-03-31T13:21:48Z,87.0,Sense
2025-03-31T13:21:58Z,88.0,Sense
2025-03-31T13:22:08Z,87.0,Sense
2025-03-31T13:22:18Z,85.0,Sense
2025-03-31T13:22:23Z,84.0,Sense
2025-03-31T13:22:33Z,85.0,Sense
2025-03-31T13:22:48Z,84.0,Sense
2025-03-31T13:22:53Z,91.0,Sense
2025-03-31T13:22:58Z,93.0,Sense
2025-03-31T13:23:13Z,92.0,Sense
2025-03-31T13:23:23Z,92.0,Sense
2025-03-31T13:23:28Z,91.0,Sense
2025-03-31T13:23:33Z,90.0,Sense
2025-03-31T13:23:48Z,90.0,Sense
2025-03-31T13:23:53Z,89.0,Sense
2025-03-31T13:23:58Z,88.0,Sense
2025-03-31T13:24:13Z,87.0,Sense
2025-03-31T13:24:18Z,88.0,Sense
2025-03-31T13:24:23Z,89.0,Sense
2025-03-31T13:24:28Z,91.0,Sense
2025-03-31T13:24:38Z,92.0,Sense
2025-03-31T13:24:48Z,93.0,Sense
2025-03-31T13:24:53Z,92.0,Sense
2025-03-31T13:25:08Z,91.0,Sense
2025-03-31T13:25:13Z,90.0,Sense
2025-03-31T13:25:28Z,89.0,Sense
2025-03-31T13:25:33Z,87.0,Sense
2025-03-31T13:25:48Z,88.0,Sense
2025-03-31T13:25:53Z,87.0,Sense
2025-03-31T13:25:58Z,88.0,Sense
2025-03-31T13:26:08Z,89.0,Sense
2025-03-31T13:26:13Z,90.0,Sense
2025-03-31T13:26:23Z,88.0,Sense
2025-03-31T13:26:33Z,87.0,Sense
2025-03-31T13:26:38Z,84.0,Sense
2025-03-31T13:26:53Z,85.0,Sense
2025-03-31T13:27:08Z,84.0,Sense
2025-03-31T13:27:13Z,84.0,Sense
2025-03-31T13:27:28Z,86.0,Sense
2025-03-31T13:27:33Z,92.0,Sense
2025-03-31T13:27:48Z,92.0,Sense
2025-03-31T13:27:58Z,92.0,Sense
2025-03-31T13:28:08Z,91.0,Sense
2025-03-31T13:28:13Z,90.0,Sense
2025-03-31T13:28:18Z,89.0,Sense
2025-03-31T13:28:33Z,89.0,Sense
2025-03-31T13:28:48Z,89.0,Sense
2025-03-31T13:29:03Z,89.0,Sense
2025-03-31T13:29:08Z,88.0,Sense
2025-03-31T13:29:13Z,87.0,Sense
2025-03-31T13:29:18Z,88.0,Sense
2025-03-31T13:29:23Z,87.0,Sense
2025-03-31T13:29:38Z,87.0,Sense
2025-03-31T13:29:53Z,88.0,Sense
2025-03-31T13:29:58Z,87.0,Sense
2025-03-31T13:30:03Z,85.0,Sense
2025-03-31T13:30:08Z,84.0,Sense
2025-03-31T13:30:23Z,84.0,Sense
2025-03-31T13:30:33Z,84.0,Sense
2025-03-31T13:30:48Z,85.0,Sense
2025-03-31T13:30:58Z,84.0,Sense
2025-03-31T13:31:13Z,83.0,Sense
2025-03-31T13:31:23Z,84.0,Sense
2025-03-31T13:31:28Z,86.0,Sense
2025-03-31T13:31:43Z,86.0,Sense
2025-03-31T13:31:48Z,87.0,Sense
2025-03-31T13:31:58Z,86.0,Sense
2025-03-31T13:32:03Z,85.0,Sense
2025-03-31T13:32:08Z,84.0,Sense
2025-03-31T13:32:13Z,85.0,Sense
2025-03-31T13:32:28Z,84.0,Sense
2025-03-31T13:32:33Z,84.0,Sense
2025-03-31T13:32:38Z,85.0,Sense
2025-03-31T13:32:48Z,86.0,Sense
2025-03-31T13:32:53Z,85.0,Sense
2025-03-31T13:33:08Z,85.0,Sense
2025-03-31T13:33:13Z,86.0,Sense
2025-03-31T13:33:18Z,87.0,Sense
2025-03-31T13:33:23Z,91.0,Sense
2025-03-31T13:33:38Z,87.0,Sense
2025-03-31T13:33:43Z,81.0,Sense
2025-03-31T13:33:48Z,80.0,Sense
2025-03-31T13:33:53Z,81.0,Sense
2025-03-31T13:34:03Z,80.0,Sense
2025-03-31T13:34:08Z,82.0,Sense
2025-03-31T13:34:13Z,89.0,Sense
2025-03-31T13:34:23Z,88.0,Sense
2025-03-31T13:34:28Z,87.0,Sense
2025-03-31T13:34:38Z,86.0,Sense
2025-03-31T13:34:43Z,85.0,Sense
2025-03-31T13:34:48Z,86.0,Sense
2025-03-31T13:34:58Z,86.0,Sense
2025-03-31T13:35:03Z,83.0,Sense
2025-03-31T13:35:08Z,82.0,Sense
2025-03-31T13:35:18Z,81.0,Sense
2025-03-31T13:35:28Z,86.0,Sense
2025-03-31T13:35:33Z,89.0,Sense
2025-03-31T13:35:43Z,90.0,Sense
2025-03-31T13:35:48Z,90.0,Sense
2025-03-31T13:35:53Z,89.0,Sense
2025-03-31T13:35:58Z,88.0,Sense
2025-03-31T13:36:03Z,89.0,Sense
2025-03-31T13:36:13Z,88.0,Sense
2025-03-31T13:36:28Z,87.0,Sense
2025-03-31T13:36:33Z,86.0,Sense
2025-03-31T13:36:38Z,85.0,Sense
2025-03-31T13:36:48Z,85.0,Sense
2025-03-31T13:36:53Z,86.0,Sense
2025-03-31T13:36:58Z,87.0,Sense
2025-03-31T13:37:03Z,86.0,Sense
2025-03-31T13:37:08Z,87.0,Sense
2025-03-31T13:37:18Z,88.0,Sense
2025-03-31T13:37:28Z,88.0,Sense
2025-03-31T13:37:43Z,86.0,Sense
2025-03-31T13:37:58Z,86.0,Sense
2025-03-31T13:38:08Z,86.0,Sense
2025-03-31T13:38:18Z,87.0,Sense
2025-03-31T13:38:23Z,88.0,Sense
2025-03-31T13:38:28Z,85.0,Sense
2025-03-31T13:38:38Z,86.0,Sense
2025-03-31T13:38:43Z,85.0,Sense
2025-03-31T13:38:48Z,86.0,Sense
2025-03-31T13:38:58Z,87.0,Sense
2025-03-31T13:39:03Z,88.0,Sense
2025-03-31T13:39:08Z,87.0,Sense
2025-03-31T13:39:13Z,86.0,Sense
2025-03-31T13:39:28Z,86.0,Sense
2025-03-31T13:39:38Z,85.0,Sense
2025-03-31T13:39:43Z,79.0,Sense
2025-03-31T13:39:48Z,77.0,Sense
2025-03-31T13:40:03Z,79.0,Sense
2025-03-31T13:40:18Z,80.0,Sense
2025-03-31T13:40:33Z,81.0,Sense
2025-03-31T13:40:38Z,82.0,Sense
2025-03-31T13:40:53Z,82.0,Sense
2025-03-31T13:41:03Z,83.0,Sense
2025-03-31T13:41:13Z,84.0,Sense
2025-03-31T13:41:23Z,84.0,Sense
2025-03-31T13:41:28Z,83.0,Sense
2025-03-31T13:41:38Z,84.0,Sense
2025-03-31T13:41:53Z,85.0,Sense
2025-03-31T13:41:58Z,86.0,Sense
2025-03-31T13:42:03Z,87.0,Sense
2025-03-31T13:42:08Z,86.0,Sense
2025-03-31T13:42:13Z,85.0,Sense
2025-03-31T13:42:18Z,84.0,Sense
2025-03-31T13:42:33Z,85.0,Sense
2025-03-31T13:42:38Z,84.0,Sense
2025-03-31T13:42:53Z,83.0,Sense
2025-03-31T13:43:08Z,85.0,Sense
2025-03-31T13:43:23Z,85.0,Sense
2025-03-31T13:43:28Z,83.0,Sense
2025-03-31T13:43:33Z,83.0,Sense
2025-03-31T13:43:48Z,79.0,Sense
2025-03-31T13:43:53Z,77.0,Sense
2025-03-31T13:43:58Z,78.0,Sense
2025-03-31T13:44:08Z,79.0,Sense
2025-03-31T13:44:13Z,79.0,Sense
2025-03-31T13:44:18Z,80.0,Sense
2025-03-31T13:44:28Z,82.0,Sense
2025-03-31T13:44:33Z,79.0,Sense
2025-03-31T13:44:38Z,79.0,Sense
2025-03-31T13:44:43Z,83.0,Sense
2025-03-31T13:44:48Z,81.0,Sense
2025-03-31T13:44:53Z,79.0,Sense
2025-03-31T13:44:58Z,80.0,Sense
2025-03-31T13:45:13Z,80.0,Sense
2025-03-31T13:45:18Z,81.0,Sense
2025-03-31T13:45:23Z,80.0,Sense
2025-03-31T13:45:38Z,80.0,Sense
2025-03-31T13:45:43Z,81.0,Sense
2025-03-31T13:45:48Z,82.0,Sense
2025-03-31T13:45:53Z,77.0,Sense
2025-03-31T13:45:58Z,76.0,Sense
2025-03-31T13:46:08Z,77.0,Sense
2025-03-31T13:46:18Z,78.0,Sense
2025-03-31T13:46:33Z,77.0,Sense
2025-03-31T13:46:48Z,77.0,Sense
2025-03-31T13:46:53Z,78.0,Sense
2025-03-31T13:46:58Z,79.0,Sense
2025-03-31T13:47:03Z,80.0,Sense
2025-03-31T13:47:08Z,81.0,Sense
2025-03-31T13:47:18Z,82.0,Sense
2025-03-31T13:47:23Z,83.0,Sense
2025-03-31T13:47:33Z,84.0,Sense
2025-03-31T13:47:38Z,83.0,Sense
2025-03-31T13:47:53Z,83.0,Sense
2025-03-31T13:48:08Z,83.0,Sense
2025-03-31T13:48:13Z,82.0,Sense
2025-03-31T13:48:18Z,83.0,Sense
2025-03-31T13:48:23Z,85.0,Sense
2025-03-31T13:48:33Z,86.0,Sense
2025-03-31T13:48:43Z,87.0,Sense
2025-03-31T13:48:53Z,88.0,Sense
2025-03-31T13:49:08Z,87.0,Sense
2025-03-31T13:49:13Z,86.0,Sense
2025-03-31T13:49:18Z,85.0,Sense
2025-03-31T13:49:23Z,85.0,Sense
2025-03-31T13:49:38Z,85.0,Sense
2025-03-31T13:49:43Z,85.0,Sense
2025-03-31T13:49:58Z,86.0,Sense
2025-03-31T13:50:03Z,87.0,Sense
2025-03-31T13:50:18Z,88.0,Sense
2025-03-31T13:50:33Z,88.0,Sense
2025-03-31T13:50:38Z,87.0,Sense
2025-03-31T13:50:43Z,88.0,Sense
2025-03-31T13:50:48Z,87.0,Sense
2025-03-31T13:50:58Z,86.0,Sense
2025-03-31T13:51:03Z,87.0,Sense
2025-03-31T13:51:08Z,86.0,Sense
2025-03-31T13:51:13Z,85.0,Sense
2025-03-31T13:51:18Z,83.0,Sense
2025-03-31T13:51:23Z,79.0,Sense
2025-03-31T13:51:28Z,80.0,Sense
2025-03-31T13:51:33Z,79.0,Sense
2025-03-31T13:51:48Z,80.0,Sense
2025-03-31T13:51:53Z,82.0,Sense
2025-03-31T13:51:58Z,85.0,Sense
2025-03-31T13:52:03Z,81.0,Sense
2025-03-31T13:52:18Z,81.0,Sense
2025-03-31T13:52:23Z,81.0,Sense
2025-03-31T13:52:28Z,82.0,Sense
2025-03-31T13:52:33Z,83.0,Sense
2025-03-31T13:52:38Z,79.0,Sense
2025-03-31T13:52:43Z,79.0,Sense
2025-03-31T13:52:58Z,78.0,Sense
2025-03-31T13:53:03Z,79.0,Sense
2025-03-31T13:53:08Z,79.0,Sense
2025-03-31T13:53:23Z,79.0,Sense
2025-03-31T13:53:28Z,79.0,Sense
2025-03-31T13:53:38Z,79.0,Sense
2025-03-31T13:53:53Z,79.0,Sense
2025-03-31T13:53:58Z,80.0,Sense
2025-03-31T13:54:03Z,81.0,Sense
2025-03-31T13:54:08Z,80.0,Sense
2025-03-31T13:54:13Z,81.0,Sense
2025-03-31T13:54:23Z,82.0,Sense
2025-03-31T13:54:28Z,83.0,Sense
2025-03-31T13:54:43Z,83.0,Sense
2025-03-31T13:54:58Z,83.0,Sense
2025-03-31T13:55:08Z,82.0,Sense
2025-03-31T13:55:23Z,83.0,Sense
2025-03-31T13:55:33Z,85.0,Sense
2025-03-31T13:55:38Z,86.0,Sense
2025-03-31T13:55:43Z,87.0,Sense
2025-03-31T13:55:58Z,87.0,Sense
2025-03-31T13:56:13Z,88.0,Sense
2025-03-31T13:56:18Z,90.0,Sense
2025-03-31T13:56:23Z,91.0,Sense
2025-03-31T13:56:38Z,90.0,Sense
2025-03-31T13:56:43Z,89.0,Sense
2025-03-31T13:56:48Z,88.0,Sense
2025-03-31T13:56:53Z,86.0,Sense
2025-03-31T13:57:08Z,87.0,Sense
2025-03-31T13:57:18Z,88.0,Sense
2025-03-31T13:57:23Z,87.0,Sense
2025-03-31T13:57:28Z,88.0,Sense
2025-03-31T13:57:33Z,88.0,Sense
2025-03-31T13:57:38Z,89.0,Sense
2025-03-31T13:57:43Z,88.0,Sense
2025-03-31T13:57:48Z,88.0,Sense
2025-03-31T13:57:53Z,87.0,Sense
2025-03-31T13:57:58Z,89.0,Sense
2025-03-31T13:58:13Z,88.0,Sense
2025-03-31T13:58:18Z,86.0,Sense
2025-03-31T13:58:28Z,86.0,Sense
2025-03-31T13:58:33Z,85.0,Sense
2025-03-31T13:58:43Z,88.0,Sense
2025-03-31T13:58:48Z,89.0,Sense
2025-03-31T13:59:03Z,89.0,Sense
2025-03-31T13:59:08Z,88.0,Sense
2025-03-31T13:59:18Z,89.0,Sense
2025-03-31T13:59:23Z,87.0,Sense
2025-03-31T13:59:33Z,86.0,Sense
2025-03-31T13:59:38Z,85.0,Sense
2025-03-31T13:59:53Z,84.0,Sense
2025-03-31T14:00:03Z,85.0,Sense
2025-03-31T14:00:08Z,86.0,Sense
2025-03-31T14:00:23Z,86.0,Sense
2025-03-31T14:00:33Z,87.0,Sense
2025-03-31T14:00:38Z,86.0,Sense
2025-03-31T14:00:43Z,85.0,Sense
2025-03-31T14:00:48Z,86.0,Sense
2025-03-31T14:00:53Z,85.0,Sense
2025-03-31T14:01:03Z,84.0,Sense
2025-03-31T14:01:08Z,78.0,Sense
2025-03-31T14:01:23Z,78.0,Sense
2025-03-31T14:01:28Z,78.0,Sense
2025-03-31T14:01:43Z,79.0,Sense
2025-03-31T14:01:48Z,81.0,Sense
2025-03-31T14:01:53Z,82.0,Sense
2025-03-31T14:02:03Z,81.0,Sense
2025-03-31T14:02:08Z,80.0,Sense
2025-03-31T14:02:23Z,80.0,Sense
2025-03-31T14:02:28Z,81.0,Sense
2025-03-31T14:02:38Z,82.0,Sense
2025-03-31T14:02:43Z,83.0,Sense
2025-03-31T14:02:58Z,82.0,Sense
2025-03-31T14:03:03Z,77.0,Sense
2025-03-31T14:03:08Z,78.0,Sense
2025-03-31T14:03:23Z,78.0,Sense
2025-03-31T14:03:38Z,79.0,Sense
2025-03-31T14:03:43Z,80.0,Sense
2025-03-31T14:03:48Z,81.0,Sense
2025-03-31T14:03:53Z,80.0,Sense
2025-03-31T14:03:58Z,79.0,Sense
2025-03-31T14:04:03Z,78.0,Sense
2025-03-31T14:04:13Z,79.0,Sense
2025-03-31T14:04:23Z,80.0,Sense
2025-03-31T14:04:28Z,81.0,Sense
2025-03-31T14:04:33Z,82.0,Sense
2025-03-31T14:04:48Z,82.0,Sense
2025-03-31T14:04:58Z,82.0,Sense
2025-03-31T14:05:08Z,84.0,Sense
2025-03-31T14:05:13Z,85.0,Sense
2025-03-31T14:05:28Z,84.0,Sense
2025-03-31T14:05:38Z,84.0,Sense
2025-03-31T14:05:43Z,83.0,Sense
2025-03-31T14:05:58Z,82.0,Sense
2025-03-31T14:06:08Z,83.0,Sense
2025-03-31T14:06:18Z,84.0,Sense
2025-03-31T14:06:23Z,85.0,Sense
2025-03-31T14:06:38Z,85.0,Sense
2025-03-31T14:06:43Z,86.0,Sense
2025-03-31T14:06:53Z,87.0,Sense
2025-03-31T14:06:58Z,85.0,Sense
2025-03-31T14:07:03Z,83.0,Sense
2025-03-31T14:07:08Z,89.0,Sense
2025-03-31T14:07:13Z,92.0,Sense
2025-03-31T14:07:18Z,89.0,Sense
2025-03-31T14:07:23Z,88.0,Sense
2025-03-31T14:07:38Z,88.0,Sense
2025-03-31T14:07:43Z,87.0,Sense
2025-03-31T14:07:58Z,87.0,Sense
2025-03-31T14:08:08Z,85.0,Sense
2025-03-31T14:08:13Z,84.0,Sense
2025-03-31T14:08:28Z,84.0,Sense
2025-03-31T14:08:33Z,85.0,Sense
2025-03-31T14:08:48Z,85.0,Sense
2025-03-31T14:08:53Z,84.0,Sense
2025-03-31T14:09:03Z,82.0,Sense
2025-03-31T14:09:08Z,79.0,Sense
2025-03-31T14:09:13Z,79.0,Sense
2025-03-31T14:09:18Z,80.0,Sense
2025-03-31T14:09:28Z,81.0,Sense
2025-03-31T14:09:33Z,80.0,Sense
2025-03-31T14:09:38Z,81.0,Sense
2025-03-31T14:09:48Z,82.0,Sense
2025-03-31T14:09:53Z,81.0,Sense
2025-03-31T14:10:08Z,81.0,Sense
2025-03-31T14:10:18Z,82.0,Sense
2025-03-31T14:10:23Z,83.0,Sense
2025-03-31T14:10:38Z,83.0,Sense
2025-03-31T14:10:53Z,83.0,Sense
2025-03-31T14:11:03Z,82.0,Sense
2025-03-31T14:11:13Z,83.0,Sense
2025-03-31T14:11:18Z,82.0,Sense
2025-03-31T14:11:23Z,83.0,Sense
2025-03-31T14:11:28Z,84.0,Sense
2025-03-31T14:11:33Z,83.0,Sense
2025-03-31T14:11:48Z,82.0,Sense
2025-03-31T14:11:53Z,81.0,Sense
2025-03-31T14:11:58Z,82.0,Sense
2025-03-31T14:12:03Z,83.0,Sense
2025-03-31T14:12:08Z,84.0,Sense
2025-03-31T14:12:23Z,85.0,Sense
2025-03-31T14:12:33Z,86.0,Sense
2025-03-31T14:12:38Z,85.0,Sense
2025-03-31T14:12:43Z,86.0,Sense
2025-03-31T14:12:58Z,84.0,Sense
2025-03-31T14:13:03Z,83.0,Sense
2025-03-31T14:13:08Z,82.0,Sense
2025-03-31T14:13:13Z,83.0,Sense
2025-03-31T14:13:28Z,83.0,Sense
2025-03-31T14:13:43Z,84.0,Sense
2025-03-31T14:13:58Z,84.0,Sense
2025-03-31T14:14:03Z,83.0,Sense
2025-03-31T14:14:08Z,81.0,Sense
2025-03-31T14:14:13Z,80.0,Sense
2025-03-31T14:14:18Z,81.0,Sense
2025-03-31T14:14:23Z,80.0,Sense
2025-03-31T14:14:33Z,81.0,Sense
2025-03-31T14:14:38Z,80.0,Sense
2025-03-31T14:14:43Z,78.0,Sense
2025-03-31T14:14:48Z,79.0,Sense
2025-03-31T14:14:58Z,80.0,Sense
2025-03-31T14:15:08Z,81.0,Sense
2025-03-31T14:15:13Z,81.0,Sense
2025-03-31T14:15:28Z,82.0,Sense
2025-03-31T14:15:33Z,83.0,Sense
2025-03-31T14:15:38Z,82.0,Sense
2025-03-31T14:15:48Z,83.0,Sense
2025-03-31T14:16:03Z,83.0,Sense
2025-03-31T14:16:18Z,84.0,Sense
2025-03-31T14:16:23Z,85.0,Sense
2025-03-31T14:16:28Z,86.0,Sense
2025-03-31T14:16:43Z,85.0,Sense
2025-03-31T14:16:48Z,84.0,Sense
2025-03-31T14:16:58Z,86.0,Sense
2025-03-31T14:17:13Z,86.0,Sense
2025-03-31T14:17:23Z,87.0,Sense
2025-03-31T14:17:28Z,88.0,Sense
2025-03-31T14:17:38Z,87.0,Sense
2025-03-31T14:17:43Z,86.0,Sense
2025-03-31T14:17:48Z,85.0,Sense
2025-03-31T14:17:53Z,84.0,Sense
2025-03-31T14:18:03Z,85.0,Sense
2025-03-31T14:18:13Z,86.0,Sense
2025-03-31T14:18:23Z,87.0,Sense
2025-03-31T14:18:33Z,86.0,Sense
2025-03-31T14:18:38Z,85.0,Sense
2025-03-31T14:18:43Z,85.0,Sense
2025-03-31T14:18:58Z,85.0,Sense
2025-03-31T14:19:08Z,86.0,Sense
2025-03-31T14:19:18Z,87.0,Sense
2025-03-31T14:19:23Z,89.0,Sense
2025-03-31T14:19:28Z,90.0,Sense
2025-03-31T14:19:38Z,91.0,Sense
2025-03-31T14:19:43Z,90.0,Sense
2025-03-31T14:19:48Z,91.0,Sense
2025-03-31T14:20:03Z,90.0,Sense
2025-03-31T14:20:08Z,89.0,Sense
2025-03-31T14:20:13Z,88.0,Sense
2025-03-31T14:20:18Z,87.0,Sense
2025-03-31T14:20:28Z,86.0,Sense
2025-03-31T14:20:33Z,85.0,Sense
2025-03-31T14:20:43Z,86.0,Sense
2025-03-31T14:20:48Z,85.0,Sense
2025-03-31T14:20:58Z,83.0,Sense
2025-03-31T14:21:13Z,83.0,Sense
2025-03-31T14:21:28Z,83.0,Sense
2025-03-31T14:21:38Z,82.0,Sense
2025-03-31T14:21:53Z,89.0,Sense
2025-03-31T14:21:58Z,93.0,Sense
2025-03-31T14:22:13Z,92.0,Sense
2025-03-31T14:22:23Z,91.0,Sense
2025-03-31T14:22:38Z,90.0,Sense
2025-03-31T14:22:43Z,89.0,Sense
2025-03-31T14:22:53Z,90.0,Sense
2025-03-31T14:23:08Z,89.0,Sense
2025-03-31T14:23:23Z,89.0,Sense
2025-03-31T14:23:28Z,87.0,Sense
2025-03-31T14:23:43Z,87.0,Sense
2025-03-31T14:23:53Z,86.0,Sense
2025-03-31T14:24:03Z,85.0,Sense
2025-03-31T14:24:08Z,84.0,Sense
2025-03-31T14:24:13Z,83.0,Sense
2025-03-31T14:24:18Z,87.0,Sense
2025-03-31T14:24:23Z,92.0,Sense
2025-03-31T14:24:28Z,92.0,Sense
2025-03-31T14:24:43Z,92.0,Sense
2025-03-31T14:24:53Z,90.0,Sense
2025-03-31T14:25:03Z,89.0,Sense
2025-03-31T14:25:13Z,88.0,Sense
2025-03-31T14:25:23Z,87.0,Sense
2025-03-31T14:25:28Z,84.0,Sense
2025-03-31T14:25:33Z,83.0,Sense
2025-03-31T14:25:38Z,84.0,Sense
2025-03-31T14:25:53Z,84.0,Sense
2025-03-31T14:25:58Z,85.0,Sense
2025-03-31T14:26:03Z,86.0,Sense
2025-03-31T14:26:08Z,85.0,Sense
2025-03-31T14:26:23Z,86.0,Sense
2025-03-31T14:26:28Z,87.0,Sense
2025-03-31T14:26:33Z,86.0,Sense
2025-03-31T14:26:38Z,87.0,Sense
2025-03-31T14:26:43Z,86.0,Sense
2025-03-31T14:26:58Z,88.0,Sense
2025-03-31T14:27:13Z,89.0,Sense
2025-03-31T14:27:18Z,88.0,Sense
2025-03-31T14:27:33Z,87.0,Sense
2025-03-31T14:27:43Z,88.0,Sense
2025-03-31T14:27:48Z,87.0,Sense
2025-03-31T14:28:03Z,86.0,Sense
2025-03-31T14:28:13Z,87.0,Sense
2025-03-31T14:28:28Z,87.0,Sense
2025-03-31T14:28:33Z,87.0,Sense
2025-03-31T14:28:38Z,92.0,Sense
2025-03-31T14:28:43Z,93.0,Sense
2025-03-31T14:28:58Z,93.0,Sense
2025-03-31T14:29:03Z,93.0,Sense
2025-03-31T14:29:18Z,93.0,Sense
2025-03-31T14:29:23Z,92.0,Sense
2025-03-31T14:29:33Z,93.0,Sense
2025-03-31T14:29:38Z,94.0,Sense
2025-03-31T14:29:53Z,95.0,Sense
2025-03-31T14:29:58Z,94.0,Sense
2025-03-31T14:30:03Z,93.0,Sense
2025-03-31T14:30:13Z,92.0,Sense
2025-03-31T14:30:18Z,91.0,Sense
2025-03-31T14:30:23Z,90.0,Sense
2025-03-31T14:30:33Z,89.0,Sense
2025-03-31T14:30:48Z,88.0,Sense
2025-03-31T14:31:03Z,87.0,Sense
2025-03-31T14:31:18Z,87.0,Sense
2025-03-31T14:31:23Z,86.0,Sense
2025-03-31T14:31:33Z,87.0,Sense
2025-03-31T14:31:48Z,87.0,Sense
2025-03-31T14:31:58Z,86.0,Sense
2025-03-31T14:32:03Z,85.0,Sense
2025-03-31T14:32:18Z,83.0,Sense
2025-03-31T14:32:33Z,82.0,Sense
2025-03-31T14:32:48Z,86.0,Sense
2025-03-31T14:32:53Z,93.0,Sense
2025-03-31T14:32:58Z,92.0,Sense
2025-03-31T14:33:03Z,91.0,Sense
2025-03-31T14:33:08Z,90.0,Sense
2025-03-31T14:33:13Z,89.0,Sense
2025-03-31T14:33:18Z,89.0,Sense
2025-03-31T14:33:33Z,89.0,Sense
2025-03-31T14:33:48Z,89.0,Sense
2025-03-31T14:34:03Z,89.0,Sense
2025-03-31T14:34:08Z,87.0,Sense
2025-03-31T14:34:13Z,86.0,Sense
2025-03-31T14:34:28Z,85.0,Sense
2025-03-31T14:34:38Z,86.0,Sense
2025-03-31T14:34:43Z,86.0,Sense
2025-03-31T14:34:53Z,86.0,Sense
2025-03-31T14:35:03Z,87.0,Sense
2025-03-31T14:35:08Z,88.0,Sense
2025-03-31T14:35:18Z,87.0,Sense
2025-03-31T14:35:23Z,87.0,Sense
2025-03-31T14:35:33Z,88.0,Sense
2025-03-31T14:35:38Z,89.0,Sense
2025-03-31T14:35:43Z,88.0,Sense
2025-03-31T14:35:53Z,87.0,Sense
2025-03-31T14:35:58Z,85.0,Sense
2025-03-31T14:36:03Z,84.0,Sense
2025-03-31T14:36:18Z,84.0,Sense
2025-03-31T14:36:23Z,85.0,Sense
2025-03-31T14:36:28Z,85.0,Sense
2025-03-31T14:36:33Z,86.0,Sense
2025-03-31T14:36:38Z,85.0,Sense
2025-03-31T14:36:43Z,85.0,Sense
2025-03-31T14:36:48Z,86.0,Sense
2025-03-31T14:36:58Z,85.0,Sense
2025-03-31T14:37:08Z,84.0,Sense
2025-03-31T14:37:13Z,86.0,Sense
2025-03-31T14:37:18Z,88.0,Sense
2025-03-31T14:37:28Z,87.0,Sense
2025-03-31T14:37:33Z,86.0,Sense
2025-03-31T14:37:38Z,87.0,Sense
2025-03-31T14:37:43Z,86.0,Sense
2025-03-31T14:37:53Z,85.0,Sense
2025-03-31T14:38:03Z,84.0,Sense
2025-03-31T14:38:13Z,83.0,Sense
2025-03-31T14:38:28Z,82.0,Sense
2025-03-31T14:38:43Z,82.0,Sense
2025-03-31T14:38:53Z,84.0,Sense
2025-03-31T14:39:03Z,83.0,Sense
2025-03-31T14:39:08Z,84.0,Sense
2025-03-31T14:39:13Z,85.0,Sense
2025-03-31T14:39:28Z,86.0,Sense
2025-03-31T14:39:38Z,85.0,Sense
2025-03-31T14:39:43Z,100.0,Sense
2025-03-31T14:39:48Z,104.0,Sense
2025-03-31T14:39:58Z,103.0,Sense
2025-03-31T14:40:03Z,102.0,Sense
2025-03-31T14:40:08Z,100.0,Sense
2025-03-31T14:40:13Z,99.0,Sense
2025-03-31T14:40:18Z,95.0,Sense
2025-03-31T14:40:23Z,93.0,Sense
2025-03-31T14:40:28Z,92.0,Sense
2025-03-31T14:40:33Z,91.0,Sense
2025-03-31T14:40:43Z,90.0,Sense
2025-03-31T14:40:53Z,89.0,Sense
2025-03-31T14:41:08Z,89.0,Sense
2025-03-31T14:41:18Z,87.0,Sense
2025-03-31T14:41:28Z,88.0,Sense
2025-03-31T14:41:33Z,89.0,Sense
2025-03-31T14:41:38Z,88.0,Sense
2025-03-31T14:41:43Z,87.0,Sense
2025-03-31T14:41:58Z,87.0,Sense
2025-03-31T14:42:13Z,87.0,Sense
2025-03-31T14:42:23Z,86.0,Sense
2025-03-31T14:42:33Z,84.0,Sense
2025-03-31T14:42:38Z,83.0,Sense
2025-03-31T14:42:48Z,85.0,Sense
2025-03-31T14:42:53Z,86.0,Sense
2025-03-31T14:43:08Z,85.0,Sense
2025-03-31T14:43:13Z,86.0,Sense
2025-03-31T14:43:23Z,87.0,Sense
2025-03-31T14:43:28Z,87.0,Sense
2025-03-31T14:43:33Z,88.0,Sense
2025-03-31T14:43:38Z,86.0,Sense
2025-03-31T14:43:43Z,81.0,Sense
2025-03-31T14:43:58Z,82.0,Sense
2025-03-31T14:44:08Z,81.0,Sense
2025-03-31T14:44:13Z,79.0,Sense
2025-03-31T14:44:28Z,79.0,Sense
2025-03-31T14:44:33Z,80.0,Sense
2025-03-31T14:44:38Z,81.0,Sense
2025-03-31T14:44:43Z,81.0,Sense
2025-03-31T14:44:48Z,82.0,Sense
2025-03-31T14:44:53Z,86.0,Sense
2025-03-31T14:45:08Z,81.0,Sense
2025-03-31T14:45:13Z,79.0,Sense
2025-03-31T14:45:18Z,80.0,Sense
2025-03-31T14:45:28Z,81.0,Sense
2025-03-31T14:45:38Z,82.0,Sense
2025-03-31T14:45:48Z,83.0,Sense
2025-03-31T14:45:53Z,85.0,Sense
2025-03-31T14:46:08Z,85.0,Sense
2025-03-31T14:46:23Z,86.0,Sense
2025-03-31T14:46:28Z,85.0,Sense
2025-03-31T14:46:38Z,86.0,Sense
2025-03-31T14:46:48Z,85.0,Sense
2025-03-31T14:46:53Z,84.0,Sense
2025-03-31T14:47:08Z,85.0,Sense
2025-03-31T14:47:13Z,86.0,Sense
2025-03-31T14:47:23Z,81.0,Sense
2025-03-31T14:47:28Z,79.0,Sense
2025-03-31T14:47:38Z,80.0,Sense
2025-03-31T14:47:53Z,80.0,Sense
2025-03-31T14:47:58Z,82.0,Sense
2025-03-31T14:48:13Z,82.0,Sense
2025-03-31T14:48:18Z,83.0,Sense
2025-03-31T14:48:33Z,83.0,Sense
2025-03-31T14:48:38Z,82.0,Sense
2025-03-31T14:48:48Z,83.0,Sense
2025-03-31T14:48:53Z,84.0,Sense
2025-03-31T14:49:08Z,84.0,Sense
2025-03-31T14:49:13Z,83.0,Sense
2025-03-31T14:49:23Z,81.0,Sense
2025-03-31T14:49:28Z,79.0,Sense
2025-03-31T14:49:33Z,85.0,Sense
2025-03-31T14:49:38Z,86.0,Sense
2025-03-31T14:49:53Z,86.0,Sense
2025-03-31T14:50:03Z,85.0,Sense
2025-03-31T14:50:08Z,84.0,Sense
2025-03-31T14:50:13Z,83.0,Sense
2025-03-31T14:50:18Z,84.0,Sense
2025-03-31T14:50:33Z,84.0,Sense
2025-03-31T14:50:48Z,84.0,Sense
2025-03-31T14:51:03Z,84.0,Sense
2025-03-31T14:51:08Z,86.0,Sense
2025-03-31T14:51:13Z,87.0,Sense
2025-03-31T14:51:23Z,86.0,Sense
2025-03-31T14:51:38Z,85.0,Sense
2025-03-31T14:51:43Z,84.0,Sense
2025-03-31T14:51:48Z,83.0,Sense
2025-03-31T14:51:58Z,84.0,Sense
2025-03-31T14:52:08Z,81.0,Sense
2025-03-31T14:52:13Z,79.0,Sense
2025-03-31T14:52:28Z,80.0,Sense
2025-03-31T14:52:38Z,89.0,Sense
2025-03-31T14:52:43Z,90.0,Sense
2025-03-31T14:52:48Z,89.0,Sense
2025-03-31T14:53:03Z,88.0,Sense
2025-03-31T14:53:08Z,87.0,Sense
2025-03-31T14:53:18Z,85.0,Sense
2025-03-31T14:53:23Z,84.0,Sense
2025-03-31T14:53:38Z,83.0,Sense
2025-03-31T14:53:48Z,84.0,Sense
2025-03-31T14:54:03Z,84.0,Sense
2025-03-31T14:54:13Z,85.0,Sense
2025-03-31T14:54:28Z,85.0,Sense
2025-03-31T14:54:38Z,84.0,Sense
2025-03-31T14:54:53Z,84.0,Sense
2025-03-31T14:55:03Z,85.0,Sense
2025-03-31T14:55:13Z,84.0,Sense
2025-03-31T14:55:28Z,85.0,Sense
2025-03-31T14:55:33Z,86.0,Sense
2025-03-31T14:55:38Z,87.0,Sense
2025-03-31T14:55:43Z,89.0,Sense
2025-03-31T14:55:58Z,89.0,Sense
2025-03-31T14:56:13Z,88.0,Sense
2025-03-31T14:56:28Z,88.0,Sense
2025-03-31T14:56:33Z,87.0,Sense
2025-03-31T14:56:43Z,86.0,Sense
2025-03-31T14:56:58Z,85.0,Sense
2025-03-31T14:57:13Z,85.0,Sense
2025-03-31T14:57:28Z,85.0,Sense
2025-03-31T14:57:33Z,84.0,Sense
2025-03-31T14:57:38Z,85.0,Sense
2025-03-31T14:57:43Z,86.0,Sense
2025-03-31T14:57:58Z,86.0,Sense
2025-03-31T14:58:03Z,85.0,Sense
2025-03-31T14:58:08Z,84.0,Sense
2025-03-31T14:58:13Z,83.0,Sense
2025-03-31T14:58:18Z,82.0,Sense
2025-03-31T14:58:23Z,81.0,Sense
2025-03-31T14:58:33Z,82.0,Sense
2025-03-31T14:58:38Z,81.0,Sense
2025-03-31T14:58:43Z,82.0,Sense
2025-03-31T14:58:48Z,81.0,Sense
2025-03-31T14:58:53Z,80.0,Sense
2025-03-31T14:59:08Z,81.0,Sense
2025-03-31T14:59:13Z,78.0,Sense
2025-03-31T14:59:18Z,78.0,Sense
2025-03-31T14:59:33Z,78.0,Sense
2025-03-31T14:59:43Z,78.0,Sense
2025-03-31T14:59:53Z,79.0,Sense
2025-03-31T14:59:58Z,80.0,Sense
2025-03-31T15:00:03Z,84.0,Sense
2025-03-31T15:00:08Z,84.0,Sense
2025-03-31T15:00:18Z,84.0,Sense
2025-03-31T15:00:23Z,85.0,Sense
2025-03-31T15:00:33Z,86.0,Sense
2025-03-31T15:00:38Z,85.0,Sense
2025-03-31T15:00:48Z,86.0,Sense
2025-03-31T15:01:03Z,86.0,Sense
2025-03-31T15:01:13Z,85.0,Sense
2025-03-31T15:01:23Z,86.0,Sense
2025-03-31T15:01:28Z,86.0,Sense
2025-03-31T15:01:38Z,85.0,Sense
2025-03-31T15:01:48Z,84.0,Sense
2025-03-31T15:01:53Z,83.0,Sense
2025-03-31T15:01:58Z,83.0,Sense
2025-03-31T15:02:03Z,84.0,Sense
2025-03-31T15:02:18Z,83.0,Sense
2025-03-31T15:02:23Z,84.0,Sense
2025-03-31T15:02:28Z,85.0,Sense
2025-03-31T15:02:33Z,84.0,Sense
2025-03-31T15:02:38Z,83.0,Sense
2025-03-31T15:02:53Z,82.0,Sense
2025-03-31T15:02:58Z,81.0,Sense
2025-03-31T15:03:13Z,82.0,Sense
2025-03-31T15:03:18Z,84.0,Sense
2025-03-31T15:03:23Z,86.0,Sense
2025-03-31T15:03:28Z,87.0,Sense
2025-03-31T15:03:33Z,88.0,Sense
2025-03-31T15:03:38Z,89.0,Sense
2025-03-31T15:03:48Z,90.0,Sense
2025-03-31T15:04:03Z,90.0,Sense
2025-03-31T15:04:08Z,91.0,Sense
2025-03-31T15:04:23Z,93.0,Sense
2025-03-31T15:04:33Z,92.0,Sense
2025-03-31T15:04:38Z,91.0,Sense
2025-03-31T15:04:43Z,94.0,Sense
2025-03-31T15:04:48Z,90.0,Sense
2025-03-31T15:04:53Z,91.0,Sense
2025-03-31T15:05:08Z,90.0,Sense
2025-03-31T15:05:18Z,90.0,Sense
2025-03-31T15:05:28Z,89.0,Sense
2025-03-31T15:05:33Z,90.0,Sense
2025-03-31T15:05:43Z,89.0,Sense
2025-03-31T15:05:53Z,88.0,Sense
2025-03-31T15:05:58Z,85.0,Sense
2025-03-31T15:06:03Z,84.0,Sense
2025-03-31T15:06:13Z,85.0,Sense
2025-03-31T15:06:18Z,84.0,Sense
2025-03-31T15:06:33Z,85.0,Sense
2025-03-31T15:06:38Z,86.0,Sense
2025-03-31T15:06:53Z,87.0,Sense
2025-03-31T15:07:08Z,89.0,Sense
2025-03-31T15:07:18Z,88.0,Sense
2025-03-31T15:07:23Z,87.0,Sense
2025-03-31T15:07:38Z,87.0,Sense
2025-03-31T15:07:43Z,87.0,Sense
2025-03-31T15:07:48Z,86.0,Sense
2025-03-31T15:07:58Z,85.0,Sense
2025-03-31T15:08:03Z,84.0,Sense
2025-03-31T15:08:08Z,85.0,Sense
2025-03-31T15:08:23Z,84.0,Sense
2025-03-31T15:08:28Z,85.0,Sense
2025-03-31T15:08:43Z,86.0,Sense
2025-03-31T15:08:48Z,85.0,Sense
2025-03-31T15:09:03Z,85.0,Sense
2025-03-31T15:09:08Z,87.0,Sense
2025-03-31T15:09:18Z,86.0,Sense
2025-03-31T15:09:33Z,87.0,Sense
2025-03-31T15:09:38Z,88.0,Sense
2025-03-31T15:09:43Z,86.0,Sense
2025-03-31T15:09:48Z,85.0,Sense
2025-03-31T15:09:53Z,86.0,Sense
2025-03-31T15:09:58Z,86.0,Sense
2025-03-31T15:10:08Z,88.0,Sense
2025-03-31T15:10:13Z,89.0,Sense
2025-03-31T15:10:18Z,90.0,Sense
2025-03-31T15:10:33Z,89.0,Sense
2025-03-31T15:10:38Z,88.0,Sense
2025-03-31T15:10:53Z,87.0,Sense
2025-03-31T15:11:08Z,88.0,Sense
2025-03-31T15:11:13Z,89.0,Sense
2025-03-31T15:11:18Z,88.0,Sense
2025-03-31T15:11:23Z,85.0,Sense
2025-03-31T15:11:28Z,84.0,Sense
2025-03-31T15:11:33Z,83.0,Sense
2025-03-31T15:11:43Z,86.0,Sense
2025-03-31T15:11:53Z,87.0,Sense
2025-03-31T15:11:58Z,86.0,Sense
2025-03-31T15:12:08Z,86.0,Sense
2025-03-31T15:12:23Z,85.0,Sense
2025-03-31T15:12:28Z,80.0,Sense
2025-03-31T15:12:33Z,78.0,Sense
2025-03-31T15:12:43Z,79.0,Sense
2025-03-31T15:12:53Z,80.0,Sense
2025-03-31T15:13:08Z,78.0,Sense
2025-03-31T15:13:18Z,79.0,Sense
2025-03-31T15:13:23Z,80.0,Sense
2025-03-31T15:13:38Z,80.0,Sense
2025-03-31T15:13:43Z,81.0,Sense
2025-03-31T15:13:58Z,82.0,Sense
2025-03-31T15:14:08Z,83.0,Sense
2025-03-31T15:14:13Z,82.0,Sense
2025-03-31T15:14:28Z,82.0,Sense
2025-03-31T15:14:38Z,83.0,Sense
2025-03-31T15:14:43Z,84.0,Sense
2025-03-31T15:14:53Z,85.0,Sense
2025-03-31T15:14:58Z,86.0,Sense
2025-03-31T15:15:20Z,86.0,Sense
2025-03-31T15:15:25Z,87.0,Sense
2025-03-31T15:15:30Z,86.0,Sense
2025-03-31T15:15:35Z,88.0,Sense
2025-03-31T15:15:50Z,87.0,Sense
2025-03-31T15:15:55Z,92.0,Sense
2025-03-31T15:16:00Z,97.0,Sense
2025-03-31T15:16:05Z,96.0,Sense
2025-03-31T15:16:15Z,95.0,Sense
2025-03-31T15:16:20Z,95.0,Sense
2025-03-31T15:16:25Z,94.0,Sense
2025-03-31T15:16:35Z,93.0,Sense
2025-03-31T15:16:40Z,92.0,Sense
2025-03-31T15:16:45Z,91.0,Sense
2025-03-31T15:16:50Z,89.0,Sense
2025-03-31T15:16:55Z,87.0,Sense
2025-03-31T15:17:10Z,86.0,Sense
2025-03-31T15:17:20Z,85.0,Sense
2025-03-31T15:17:30Z,87.0,Sense
2025-03-31T15:17:35Z,86.0,Sense
2025-03-31T15:17:40Z,85.0,Sense
2025-03-31T15:17:55Z,84.0,Sense
2025-03-31T15:18:05Z,86.0,Sense
2025-03-31T15:18:10Z,87.0,Sense
2025-03-31T15:18:15Z,89.0,Sense
2025-03-31T15:18:25Z,86.0,Sense
2025-03-31T15:18:30Z,81.0,Sense
2025-03-31T15:18:35Z,81.0,Sense
2025-03-31T15:18:40Z,82.0,Sense
2025-03-31T15:18:45Z,81.0,Sense
2025-03-31T15:19:00Z,82.0,Sense
2025-03-31T15:19:15Z,82.0,Sense
2025-03-31T15:19:25Z,83.0,Sense
2025-03-31T15:19:30Z,84.0,Sense
2025-03-31T15:19:40Z,85.0,Sense
2025-03-31T15:19:45Z,86.0,Sense
2025-03-31T15:20:00Z,87.0,Sense
2025-03-31T15:20:15Z,85.0,Sense
2025-03-31T15:20:20Z,84.0,Sense
2025-03-31T15:20:25Z,83.0,Sense
2025-03-31T15:20:35Z,84.0,Sense
2025-03-31T15:20:50Z,83.0,Sense
2025-03-31T15:20:55Z,82.0,Sense
2025-03-31T15:21:10Z,82.0,Sense
2025-03-31T15:21:20Z,82.0,Sense
2025-03-31T15:21:30Z,83.0,Sense
2025-03-31T15:21:40Z,82.0,Sense
2025-03-31T15:21:45Z,81.0,Sense
2025-03-31T15:22:00Z,81.0,Sense
2025-03-31T15:22:05Z,82.0,Sense
2025-03-31T15:22:10Z,83.0,Sense
2025-03-31T15:22:15Z,84.0,Sense
2025-03-31T15:22:20Z,86.0,Sense
2025-03-31T15:22:25Z,87.0,Sense
2025-03-31T15:22:30Z,87.0,Sense
2025-03-31T15:22:35Z,88.0,Sense
2025-03-31T15:22:40Z,89.0,Sense
2025-03-31T15:22:45Z,85.0,Sense
2025-03-31T15:22:50Z,84.0,Sense
2025-03-31T15:23:05Z,85.0,Sense
2025-03-31T15:23:10Z,84.0,Sense
2025-03-31T15:23:20Z,85.0,Sense
2025-03-31T15:23:25Z,87.0,Sense
2025-03-31T15:23:30Z,86.0,Sense
2025-03-31T15:23:35Z,85.0,Sense
2025-03-31T15:23:45Z,84.0,Sense
2025-03-31T15:23:50Z,83.0,Sense
2025-03-31T15:24:05Z,84.0,Sense
2025-03-31T15:24:20Z,84.0,Sense
2025-03-31T15:24:25Z,83.0,Sense
2025-03-31T15:24:30Z,80.0,Sense
2025-03-31T15:24:35Z,79.0,Sense
2025-03-31T15:24:50Z,80.0,Sense
2025-03-31T15:24:55Z,81.0,Sense
2025-03-31T15:25:05Z,78.0,Sense
2025-03-31T15:25:10Z,79.0,Sense
2025-03-31T15:25:25Z,79.0,Sense
2025-03-31T15:25:40Z,79.0,Sense
2025-03-31T15:25:45Z,81.0,Sense
2025-03-31T15:25:50Z,81.0,Sense
2025-03-31T15:26:05Z,81.0,Sense
2025-03-31T15:26:10Z,81.0,Sense
2025-03-31T15:26:20Z,82.0,Sense
2025-03-31T15:26:25Z,84.0,Sense
2025-03-31T15:26:40Z,84.0,Sense
2025-03-31T15:26:45Z,85.0,Sense
2025-03-31T15:26:50Z,84.0,Sense
2025-03-31T15:26:55Z,83.0,Sense
2025-03-31T15:27:00Z,82.0,Sense
2025-03-31T15:27:05Z,81.0,Sense
2025-03-31T15:27:10Z,80.0,Sense
2025-03-31T15:27:15Z,79.0,Sense
2025-03-31T15:27:25Z,101.0,Sense
2025-03-31T15:27:30Z,105.0,Sense
2025-03-31T15:27:35Z,104.0,Sense
2025-03-31T15:27:40Z,105.0,Sense
2025-03-31T15:27:45Z,103.0,Sense
2025-03-31T15:27:50Z,100.0,Sense
2025-03-31T15:27:55Z,98.0,Sense
2025-03-31T15:28:00Z,96.0,Sense
2025-03-31T15:28:05Z,91.0,Sense
2025-03-31T15:28:10Z,89.0,Sense
2025-03-31T15:28:15Z,90.0,Sense
2025-03-31T15:28:30Z,89.0,Sense
2025-03-31T15:28:35Z,86.0,Sense
2025-03-31T15:28:40Z,83.0,Sense
2025-03-31T15:28:50Z,84.0,Sense
2025-03-31T15:29:05Z,84.0,Sense
2025-03-31T15:29:10Z,85.0,Sense
2025-03-31T15:29:15Z,86.0,Sense
2025-03-31T15:29:20Z,87.0,Sense
2025-03-31T15:29:25Z,86.0,Sense
2025-03-31T15:29:30Z,85.0,Sense
2025-03-31T15:29:40Z,86.0,Sense
2025-03-31T15:29:45Z,85.0,Sense
2025-03-31T15:29:50Z,86.0,Sense
2025-03-31T15:30:00Z,85.0,Sense
2025-03-31T15:30:10Z,87.0,Sense
2025-03-31T15:30:15Z,88.0,Sense
2025-03-31T15:30:30Z,87.0,Sense
2025-03-31T15:30:35Z,86.0,Sense
2025-03-31T15:30:40Z,85.0,Sense
2025-03-31T15:30:45Z,86.0,Sense
2025-03-31T15:31:00Z,88.0,Sense
2025-03-31T15:31:05Z,90.0,Sense
2025-03-31T15:31:15Z,91.0,Sense
2025-03-31T15:31:20Z,90.0,Sense
2025-03-31T15:31:25Z,89.0,Sense
2025-03-31T15:31:35Z,88.0,Sense
2025-03-31T15:31:40Z,89.0,Sense
2025-03-31T15:31:50Z,88.0,Sense
2025-03-31T15:32:05Z,87.0,Sense
2025-03-31T15:32:10Z,87.0,Sense
2025-03-31T15:32:15Z,86.0,Sense
2025-03-31T15:32:25Z,87.0,Sense
2025-03-31T15:32:35Z,88.0,Sense
2025-03-31T15:32:45Z,87.0,Sense
2025-03-31T15:32:50Z,86.0,Sense
2025-03-31T15:33:05Z,85.0,Sense
2025-03-31T15:33:10Z,83.0,Sense
2025-03-31T15:33:25Z,84.0,Sense
2025-03-31T15:33:30Z,86.0,Sense
2025-03-31T15:33:35Z,85.0,Sense
2025-03-31T15:33:45Z,86.0,Sense
2025-03-31T15:34:00Z,85.0,Sense
2025-03-31T15:34:05Z,86.0,Sense
2025-03-31T15:34:10Z,85.0,Sense
2025-03-31T15:34:15Z,86.0,Sense
2025-03-31T15:34:20Z,85.0,Sense
2025-03-31T15:34:35Z,86.0,Sense
2025-03-31T15:34:41Z,86.0,Sense
2025-03-31T15:34:46Z,85.0,Sense
2025-03-31T15:34:56Z,86.0,Sense
2025-03-31T15:35:11Z,85.0,Sense
2025-03-31T15:35:16Z,86.0,Sense
2025-03-31T15:35:31Z,85.0,Sense
2025-03-31T15:35:36Z,86.0,Sense
2025-03-31T15:35:41Z,87.0,Sense
2025-03-31T15:35:56Z,86.0,Sense
2025-03-31T15:36:01Z,85.0,Sense
2025-03-31T15:36:06Z,94.0,Sense
2025-03-31T15:36:11Z,117.0,Sense
2025-03-31T15:36:16Z,118.0,Sense
2025-03-31T15:36:31Z,116.0,Sense
2025-03-31T15:36:36Z,112.0,Sense
2025-03-31T15:36:41Z,109.0,Sense
2025-03-31T15:36:46Z,108.0,Sense
2025-03-31T15:36:51Z,106.0,Sense
2025-03-31T15:36:56Z,104.0,Sense
2025-03-31T15:37:01Z,101.0,Sense
2025-03-31T15:37:06Z,98.0,Sense
2025-03-31T15:37:21Z,98.0,Sense
2025-03-31T15:37:31Z,96.0,Sense
2025-03-31T15:37:36Z,94.0,Sense
2025-03-31T15:37:46Z,92.0,Sense
2025-03-31T15:37:51Z,89.0,Sense
2025-03-31T15:38:06Z,87.0,Sense
2025-03-31T15:38:21Z,86.0,Sense
2025-03-31T15:38:36Z,86.0,Sense
2025-03-31T15:38:41Z,85.0,Sense
2025-03-31T15:38:51Z,86.0,Sense
2025-03-31T15:38:56Z,87.0,Sense
2025-03-31T15:39:01Z,86.0,Sense
2025-03-31T15:39:11Z,87.0,Sense
2025-03-31T15:39:26Z,83.0,Sense
2025-03-31T15:39:36Z,84.0,Sense
2025-03-31T15:39:41Z,83.0,Sense
2025-03-31T15:39:51Z,83.0,Sense
2025-03-31T15:40:06Z,84.0,Sense
2025-03-31T15:40:16Z,83.0,Sense
2025-03-31T15:40:26Z,84.0,Sense
2025-03-31T15:40:31Z,85.0,Sense
2025-03-31T15:40:36Z,88.0,Sense
2025-03-31T15:40:41Z,87.0,Sense
2025-03-31T15:40:46Z,87.0,Sense
2025-03-31T15:40:56Z,86.0,Sense
2025-03-31T15:41:06Z,85.0,Sense
2025-03-31T15:41:21Z,83.0,Sense
2025-03-31T15:41:31Z,82.0,Sense
2025-03-31T15:41:46Z,81.0,Sense
2025-03-31T15:41:51Z,80.0,Sense
2025-03-31T15:42:01Z,81.0,Sense
2025-03-31T15:42:06Z,83.0,Sense
2025-03-31T15:42:11Z,84.0,Sense
2025-03-31T15:42:16Z,86.0,Sense
2025-03-31T15:42:31Z,87.0,Sense
2025-03-31T15:42:46Z,86.0,Sense
2025-03-31T15:42:51Z,85.0,Sense
2025-03-31T15:43:06Z,84.0,Sense
2025-03-31T15:43:11Z,83.0,Sense
2025-03-31T15:43:21Z,82.0,Sense
2025-03-31T15:43:31Z,83.0,Sense
2025-03-31T15:43:41Z,82.0,Sense
2025-03-31T15:43:46Z,82.0,Sense
2025-03-31T15:44:01Z,83.0,Sense
2025-03-31T15:44:06Z,82.0,Sense
2025-03-31T15:44:11Z,82.0,Sense
2025-03-31T15:44:21Z,86.0,Sense
2025-03-31T15:44:36Z,85.0,Sense
2025-03-31T15:44:41Z,86.0,Sense
2025-03-31T15:44:46Z,86.0,Sense
2025-03-31T15:45:01Z,87.0,Sense
2025-03-31T15:45:11Z,88.0,Sense
2025-03-31T15:45:26Z,88.0,Sense
2025-03-31T15:45:36Z,87.0,Sense
2025-03-31T15:45:51Z,86.0,Sense
2025-03-31T15:45:56Z,85.0,Sense
2025-03-31T15:46:01Z,86.0,Sense
2025-03-31T15:46:06Z,87.0,Sense
2025-03-31T15:46:11Z,86.0,Sense
2025-03-31T15:46:26Z,86.0,Sense
2025-03-31T15:46:41Z,93.0,Sense
2025-03-31T15:46:46Z,95.0,Sense
2025-03-31T15:46:56Z,96.0,Sense
2025-03-31T15:47:01Z,98.0,Sense
2025-03-31T15:47:16Z,97.0,Sense
2025-03-31T15:47:21Z,96.0,Sense
2025-03-31T15:47:26Z,95.0,Sense
2025-03-31T15:47:31Z,94.0,Sense
2025-03-31T15:47:36Z,92.0,Sense
2025-03-31T15:47:46Z,93.0,Sense
2025-03-31T15:48:01Z,92.0,Sense
2025-03-31T15:48:11Z,91.0,Sense
2025-03-31T15:48:16Z,89.0,Sense
2025-03-31T15:48:21Z,88.0,Sense
2025-03-31T15:48:36Z,87.0,Sense
2025-03-31T15:48:41Z,88.0,Sense
2025-03-31T15:48:56Z,87.0,Sense
2025-03-31T15:49:01Z,85.0,Sense
2025-03-31T15:49:16Z,85.0,Sense
2025-03-31T15:49:31Z,85.0,Sense
2025-03-31T15:49:36Z,84.0,Sense
2025-03-31T15:49:41Z,85.0,Sense
2025-03-31T15:49:46Z,84.0,Sense
2025-03-31T15:49:51Z,84.0,Sense
2025-03-31T15:50:01Z,85.0,Sense
2025-03-31T15:50:16Z,84.0,Sense
2025-03-31T15:50:31Z,80.0,Sense
2025-03-31T15:50:36Z,79.0,Sense
2025-03-31T15:50:41Z,80.0,Sense
2025-03-31T15:50:56Z,80.0,Sense
2025-03-31T15:51:06Z,82.0,Sense
2025-03-31T15:51:16Z,83.0,Sense
2025-03-31T15:51:26Z,84.0,Sense
2025-03-31T15:51:41Z,87.0,Sense
2025-03-31T15:51:46Z,89.0,Sense
2025-03-31T15:52:01Z,88.0,Sense
2025-03-31T15:52:11Z,88.0,Sense
2025-03-31T15:52:16Z,87.0,Sense
2025-03-31T15:52:21Z,86.0,Sense
2025-03-31T15:52:26Z,85.0,Sense
2025-03-31T15:52:31Z,84.0,Sense
2025-03-31T15:52:46Z,84.0,Sense
2025-03-31T15:52:51Z,83.0,Sense
2025-03-31T15:53:01Z,82.0,Sense
2025-03-31T15:53:06Z,83.0,Sense
2025-03-31T15:53:21Z,83.0,Sense
2025-03-31T15:53:26Z,82.0,Sense
2025-03-31T15:53:36Z,84.0,Sense
2025-03-31T15:53:41Z,84.0,Sense
2025-03-31T15:53:46Z,86.0,Sense
2025-03-31T15:53:51Z,85.0,Sense
2025-03-31T15:54:06Z,86.0,Sense
2025-03-31T15:54:16Z,85.0,Sense
2025-03-31T15:54:21Z,83.0,Sense
2025-03-31T15:54:31Z,82.0,Sense
2025-03-31T15:54:36Z,83.0,Sense
2025-03-31T15:54:41Z,85.0,Sense
2025-03-31T15:54:46Z,86.0,Sense
2025-03-31T15:55:01Z,86.0,Sense
2025-03-31T15:55:11Z,82.0,Sense
2025-03-31T15:55:16Z,80.0,Sense
2025-03-31T15:55:26Z,81.0,Sense
2025-03-31T15:55:41Z,81.0,Sense
2025-03-31T15:55:56Z,81.0,Sense
2025-03-31T15:56:06Z,82.0,Sense
2025-03-31T15:56:11Z,83.0,Sense
2025-03-31T15:56:21Z,84.0,Sense
2025-03-31T15:56:26Z,86.0,Sense
2025-03-31T15:56:31Z,93.0,Sense
2025-03-31T15:56:46Z,93.0,Sense
2025-03-31T15:57:01Z,93.0,Sense
2025-03-31T15:57:06Z,94.0,Sense
2025-03-31T15:57:11Z,92.0,Sense
2025-03-31T15:57:26Z,91.0,Sense
2025-03-31T15:57:31Z,91.0,Sense
2025-03-31T15:57:36Z,85.0,Sense
2025-03-31T15:57:51Z,85.0,Sense
2025-03-31T15:57:56Z,86.0,Sense
2025-03-31T15:58:11Z,86.0,Sense
2025-03-31T15:58:26Z,85.0,Sense
2025-03-31T15:58:31Z,83.0,Sense
2025-03-31T15:58:36Z,83.0,Sense
2025-03-31T15:58:41Z,82.0,Sense
2025-03-31T15:58:56Z,83.0,Sense
2025-03-31T15:59:01Z,84.0,Sense
2025-03-31T15:59:06Z,85.0,Sense
2025-03-31T15:59:11Z,86.0,Sense
2025-03-31T15:59:26Z,85.0,Sense
2025-03-31T15:59:31Z,86.0,Sense
2025-03-31T15:59:36Z,87.0,Sense
2025-03-31T15:59:46Z,89.0,Sense
2025-03-31T15:59:51Z,88.0,Sense
2025-03-31T15:59:56Z,87.0,Sense
2025-03-31T16:00:01Z,86.0,Sense
2025-03-31T16:00:06Z,85.0,Sense
2025-03-31T16:00:11Z,87.0,Sense
2025-03-31T16:00:16Z,88.0,Sense
2025-03-31T16:00:21Z,89.0,Sense
2025-03-31T16:00:26Z,88.0,Sense
2025-03-31T16:00:41Z,87.0,Sense
2025-03-31T16:00:46Z,86.0,Sense
2025-03-31T16:00:56Z,85.0,Sense
2025-03-31T16:01:11Z,85.0,Sense
2025-03-31T16:01:21Z,86.0,Sense
2025-03-31T16:01:26Z,85.0,Sense
2025-03-31T16:01:31Z,86.0,Sense
2025-03-31T16:01:36Z,87.0,Sense
2025-03-31T16:01:41Z,86.0,Sense
2025-03-31T16:01:46Z,87.0,Sense
2025-03-31T16:01:56Z,88.0,Sense
2025-03-31T16:02:01Z,86.0,Sense
2025-03-31T16:02:06Z,81.0,Sense
2025-03-31T16:02:11Z,78.0,Sense
2025-03-31T16:02:16Z,79.0,Sense
2025-03-31T16:02:26Z,80.0,Sense
2025-03-31T16:02:31Z,80.0,Sense
2025-03-31T16:02:36Z,81.0,Sense
2025-03-31T16:02:41Z,82.0,Sense
2025-03-31T16:02:46Z,83.0,Sense
2025-03-31T16:03:01Z,83.0,Sense
2025-03-31T16:03:06Z,84.0,Sense
2025-03-31T16:03:16Z,85.0,Sense
2025-03-31T16:03:21Z,86.0,Sense
2025-03-31T16:03:31Z,85.0,Sense
2025-03-31T16:03:46Z,85.0,Sense
2025-03-31T16:03:51Z,86.0,Sense
2025-03-31T16:03:56Z,85.0,Sense
2025-03-31T16:04:06Z,84.0,Sense
2025-03-31T16:04:21Z,84.0,Sense
2025-03-31T16:04:26Z,93.0,Sense
2025-03-31T16:04:31Z,97.0,Sense
2025-03-31T16:04:36Z,91.0,Sense
2025-03-31T16:04:51Z,91.0,Sense
2025-03-31T16:04:56Z,91.0,Sense
2025-03-31T16:05:01Z,92.0,Sense
2025-03-31T16:05:11Z,91.0,Sense
2025-03-31T16:05:16Z,90.0,Sense
2025-03-31T16:05:26Z,91.0,Sense
2025-03-31T16:05:31Z,92.0,Sense
2025-03-31T16:05:36Z,91.0,Sense
2025-03-31T16:05:46Z,90.0,Sense
2025-03-31T16:05:51Z,89.0,Sense
2025-03-31T16:06:01Z,88.0,Sense
2025-03-31T16:06:11Z,86.0,Sense
2025-03-31T16:06:21Z,87.0,Sense
2025-03-31T16:06:36Z,87.0,Sense
2025-03-31T16:06:41Z,88.0,Sense
2025-03-31T16:06:51Z,87.0,Sense
2025-03-31T16:07:01Z,89.0,Sense
2025-03-31T16:07:16Z,89.0,Sense
2025-03-31T16:07:21Z,88.0,Sense
2025-03-31T16:07:26Z,80.0,Sense
2025-03-31T16:07:41Z,81.0,Sense
2025-03-31T16:07:56Z,82.0,Sense
2025-03-31T16:08:01Z,82.0,Sense
2025-03-31T16:08:16Z,83.0,Sense
2025-03-31T16:08:21Z,84.0,Sense
2025-03-31T16:08:26Z,85.0,Sense
2025-03-31T16:08:31Z,84.0,Sense
2025-03-31T16:08:36Z,81.0,Sense
2025-03-31T16:08:51Z,81.0,Sense
2025-03-31T16:09:01Z,82.0,Sense
2025-03-31T16:09:06Z,83.0,Sense
2025-03-31T16:09:16Z,82.0,Sense
2025-03-31T16:09:26Z,83.0,Sense
2025-03-31T16:09:31Z,82.0,Sense
2025-03-31T16:09:46Z,83.0,Sense
2025-03-31T16:10:01Z,84.0,Sense
2025-03-31T16:10:06Z,85.0,Sense
2025-03-31T16:10:11Z,86.0,Sense
2025-03-31T16:10:16Z,85.0,Sense
2025-03-31T16:10:26Z,84.0,Sense
2025-03-31T16:10:31Z,83.0,Sense
2025-03-31T16:10:36Z,84.0,Sense
2025-03-31T16:10:46Z,85.0,Sense
2025-03-31T16:11:01Z,85.0,Sense
2025-03-31T16:11:11Z,84.0,Sense
2025-03-31T16:11:26Z,83.0,Sense
2025-03-31T16:11:31Z,82.0,Sense
2025-03-31T16:11:46Z,82.0,Sense
2025-03-31T16:11:51Z,83.0,Sense
2025-03-31T16:12:06Z,83.0,Sense
2025-03-31T16:12:11Z,84.0,Sense
2025-03-31T16:12:16Z,83.0,Sense
2025-03-31T16:12:21Z,83.0,Sense
2025-03-31T16:12:26Z,84.0,Sense
2025-03-31T16:12:31Z,83.0,Sense
2025-03-31T16:12:46Z,85.0,Sense
2025-03-31T16:12:51Z,84.0,Sense
2025-03-31T16:12:56Z,83.0,Sense
2025-03-31T16:13:11Z,83.0,Sense
2025-03-31T16:13:21Z,82.0,Sense
2025-03-31T16:13:26Z,84.0,Sense
2025-03-31T16:13:31Z,87.0,Sense
2025-03-31T16:13:46Z,87.0,Sense
2025-03-31T16:13:51Z,85.0,Sense
2025-03-31T16:14:06Z,86.0,Sense
2025-03-31T16:14:11Z,84.0,Sense
2025-03-31T16:14:26Z,85.0,Sense
2025-03-31T16:14:31Z,88.0,Sense
2025-03-31T16:14:36Z,90.0,Sense
2025-03-31T16:14:41Z,91.0,Sense
2025-03-31T16:14:56Z,91.0,Sense
2025-03-31T16:15:01Z,92.0,Sense
2025-03-31T16:15:06Z,92.0,Sense
2025-03-31T16:15:11Z,91.0,Sense
2025-03-31T16:15:16Z,89.0,Sense
2025-03-31T16:15:31Z,88.0,Sense
2025-03-31T16:15:36Z,87.0,Sense
2025-03-31T16:15:41Z,88.0,Sense
2025-03-31T16:15:46Z,86.0,Sense
2025-03-31T16:15:51Z,85.0,Sense
2025-03-31T16:16:06Z,85.0,Sense
2025-03-31T16:16:11Z,78.0,Sense
2025-03-31T16:16:21Z,79.0,Sense
2025-03-31T16:16:36Z,79.0,Sense
2025-03-31T16:16:51Z,80.0,Sense
2025-03-31T16:16:56Z,81.0,Sense
2025-03-31T16:17:11Z,83.0,Sense
2025-03-31T16:17:16Z,85.0,Sense
2025-03-31T16:17:26Z,84.0,Sense
2025-03-31T16:17:36Z,85.0,Sense
2025-03-31T16:17:46Z,86.0,Sense
2025-03-31T16:17:51Z,85.0,Sense
2025-03-31T16:17:56Z,86.0,Sense
2025-03-31T16:18:01Z,85.0,Sense
2025-03-31T16:18:11Z,86.0,Sense
2025-03-31T16:18:16Z,85.0,Sense
2025-03-31T16:18:21Z,84.0,Sense
2025-03-31T16:18:31Z,86.0,Sense
2025-03-31T16:18:36Z,85.0,Sense
2025-03-31T16:18:41Z,83.0,Sense
2025-03-31T16:18:56Z,83.0,Sense
2025-03-31T16:19:01Z,84.0,Sense
2025-03-31T16:19:06Z,84.0,Sense
2025-03-31T16:19:21Z,84.0,Sense
2025-03-31T16:19:36Z,84.0,Sense
2025-03-31T16:19:51Z,85.0,Sense
2025-03-31T16:19:56Z,86.0,Sense
2025-03-31T16:20:06Z,83.0,Sense
2025-03-31T16:20:16Z,84.0,Sense
2025-03-31T16:20:31Z,85.0,Sense
2025-03-31T16:20:46Z,86.0,Sense
2025-03-31T16:20:51Z,85.0,Sense
2025-03-31T16:20:56Z,86.0,Sense
2025-03-31T16:21:06Z,87.0,Sense
2025-03-31T16:21:11Z,88.0,Sense
2025-03-31T16:21:16Z,89.0,Sense
2025-03-31T16:21:21Z,90.0,Sense
2025-03-31T16:21:26Z,91.0,Sense
2025-03-31T16:21:31Z,90.0,Sense
2025-03-31T16:21:46Z,89.0,Sense
2025-03-31T16:21:51Z,88.0,Sense
2025-03-31T16:21:56Z,87.0,Sense
2025-03-31T16:22:06Z,88.0,Sense
2025-03-31T16:22:11Z,87.0,Sense
2025-03-31T16:22:16Z,88.0,Sense
2025-03-31T16:22:21Z,89.0,Sense
2025-03-31T16:22:26Z,88.0,Sense
2025-03-31T16:22:31Z,87.0,Sense
2025-03-31T16:22:46Z,87.0,Sense
2025-03-31T16:22:51Z,86.0,Sense
2025-03-31T16:22:56Z,85.0,Sense
2025-03-31T16:23:11Z,83.0,Sense
2025-03-31T16:23:21Z,84.0,Sense
2025-03-31T16:23:26Z,85.0,Sense
2025-03-31T16:23:41Z,86.0,Sense
2025-03-31T16:23:56Z,87.0,Sense
2025-03-31T16:24:06Z,86.0,Sense
2025-03-31T16:24:11Z,81.0,Sense
2025-03-31T16:24:16Z,80.0,Sense
2025-03-31T16:24:26Z,81.0,Sense
2025-03-31T16:24:31Z,82.0,Sense
2025-03-31T16:24:41Z,83.0,Sense
2025-03-31T16:24:46Z,82.0,Sense
2025-03-31T16:24:51Z,83.0,Sense
2025-03-31T16:25:06Z,83.0,Sense
2025-03-31T16:25:11Z,84.0,Sense
2025-03-31T16:25:16Z,85.0,Sense
2025-03-31T16:25:21Z,80.0,Sense
2025-03-31T16:25:31Z,82.0,Sense
2025-03-31T16:25:36Z,84.0,Sense
2025-03-31T16:25:41Z,85.0,Sense
2025-03-31T16:25:56Z,85.0,Sense
2025-03-31T16:26:01Z,86.0,Sense
2025-03-31T16:26:06Z,87.0,Sense
2025-03-31T16:26:11Z,86.0,Sense
2025-03-31T16:26:26Z,86.0,Sense
2025-03-31T16:26:31Z,87.0,Sense
2025-03-31T16:26:36Z,88.0,Sense
2025-03-31T16:26:51Z,87.0,Sense
2025-03-31T16:27:01Z,88.0,Sense
2025-03-31T16:27:06Z,87.0,Sense
2025-03-31T16:27:16Z,88.0,Sense
2025-03-31T16:27:26Z,88.0,Sense
2025-03-31T16:27:31Z,87.0,Sense
2025-03-31T16:27:46Z,87.0,Sense
2025-03-31T16:27:51Z,85.0,Sense
2025-03-31T16:28:06Z,84.0,Sense
2025-03-31T16:28:11Z,85.0,Sense
2025-03-31T16:28:21Z,77.0,Sense
2025-03-31T16:28:36Z,77.0,Sense
2025-03-31T16:28:41Z,78.0,Sense
2025-03-31T16:28:46Z,77.0,Sense
2025-03-31T16:28:51Z,78.0,Sense
2025-03-31T16:29:06Z,78.0,Sense
2025-03-31T16:29:21Z,83.0,Sense
2025-03-31T16:29:26Z,91.0,Sense
2025-03-31T16:29:31Z,92.0,Sense
2025-03-31T16:29:36Z,91.0,Sense
2025-03-31T16:29:41Z,81.0,Sense
2025-03-31T16:29:46Z,80.0,Sense
2025-03-31T16:29:51Z,81.0,Sense
2025-03-31T16:29:56Z,82.0,Sense
2025-03-31T16:30:06Z,82.0,Sense
2025-03-31T16:30:11Z,83.0,Sense
2025-03-31T16:30:16Z,81.0,Sense
2025-03-31T16:30:21Z,79.0,Sense
2025-03-31T16:30:36Z,82.0,Sense
2025-03-31T16:30:41Z,88.0,Sense
2025-03-31T16:30:46Z,87.0,Sense
2025-03-31T16:30:56Z,88.0,Sense
2025-03-31T16:31:01Z,92.0,Sense
2025-03-31T16:31:06Z,91.0,Sense
2025-03-31T16:31:11Z,87.0,Sense
2025-03-31T16:31:16Z,85.0,Sense
2025-03-31T16:31:21Z,91.0,Sense
2025-03-31T16:31:26Z,92.0,Sense
2025-03-31T16:31:31Z,91.0,Sense
2025-03-31T16:31:36Z,86.0,Sense
2025-03-31T16:31:41Z,84.0,Sense
2025-03-31T16:31:56Z,84.0,Sense
2025-03-31T16:32:01Z,85.0,Sense
2025-03-31T16:32:06Z,84.0,Sense
2025-03-31T16:32:11Z,84.0,Sense
2025-03-31T16:32:16Z,82.0,Sense
2025-03-31T16:32:21Z,79.0,Sense
2025-03-31T16:32:36Z,79.0,Sense
2025-03-31T16:32:41Z,80.0,Sense
2025-03-31T16:32:46Z,81.0,Sense
2025-03-31T16:32:56Z,81.0,Sense
2025-03-31T16:33:06Z,84.0,Sense
2025-03-31T16:33:11Z,85.0,Sense
2025-03-31T16:33:21Z,84.0,Sense
2025-03-31T16:33:26Z,84.0,Sense
2025-03-31T16:33:31Z,85.0,Sense
2025-03-31T16:33:36Z,85.0,Sense
2025-03-31T16:33:51Z,86.0,Sense
2025-03-31T16:33:56Z,87.0,Sense
2025-03-31T16:34:01Z,89.0,Sense
2025-03-31T16:34:16Z,88.0,Sense
2025-03-31T16:34:21Z,87.0,Sense
2025-03-31T16:34:26Z,85.0,Sense
2025-03-31T16:34:31Z,82.0,Sense
2025-03-31T16:34:36Z,83.0,Sense
2025-03-31T16:34:41Z,82.0,Sense
2025-03-31T16:34:46Z,81.0,Sense
2025-03-31T16:34:51Z,80.0,Sense
2025-03-31T16:34:56Z,81.0,Sense
2025-03-31T16:35:06Z,82.0,Sense
2025-03-31T16:35:11Z,82.0,Sense
2025-03-31T16:35:26Z,82.0,Sense
2025-03-31T16:35:31Z,82.0,Sense
2025-03-31T16:35:36Z,83.0,Sense
2025-03-31T16:35:51Z,84.0,Sense
2025-03-31T16:35:56Z,86.0,Sense
2025-03-31T16:36:01Z,87.0,Sense
2025-03-31T16:36:06Z,86.0,Sense
2025-03-31T16:36:21Z,88.0,Sense
2025-03-31T16:36:26Z,87.0,Sense
2025-03-31T16:36:31Z,88.0,Sense
2025-03-31T16:36:36Z,88.0,Sense
2025-03-31T16:36:41Z,90.0,Sense
2025-03-31T16:36:46Z,91.0,Sense
2025-03-31T16:36:51Z,89.0,Sense
2025-03-31T16:36:56Z,90.0,Sense
2025-03-31T16:37:01Z,91.0,Sense
2025-03-31T16:37:16Z,91.0,Sense
2025-03-31T16:37:21Z,90.0,Sense
2025-03-31T16:37:36Z,90.0,Sense
2025-03-31T16:37:46Z,91.0,Sense
2025-03-31T16:38:01Z,91.0,Sense
2025-03-31T16:38:16Z,89.0,Sense
2025-03-31T16:38:21Z,88.0,Sense
2025-03-31T16:38:36Z,88.0,Sense
2025-03-31T16:38:51Z,89.0,Sense
2025-03-31T16:39:01Z,90.0,Sense
2025-03-31T16:39:16Z,89.0,Sense
2025-03-31T16:39:26Z,91.0,Sense
2025-03-31T16:39:31Z,90.0,Sense
2025-03-31T16:39:46Z,90.0,Sense
2025-03-31T16:39:51Z,89.0,Sense
2025-03-31T16:40:06Z,87.0,Sense
2025-03-31T16:40:21Z,86.0,Sense
2025-03-31T16:40:26Z,85.0,Sense
2025-03-31T16:40:36Z,86.0,Sense
2025-03-31T16:40:46Z,85.0,Sense
2025-03-31T16:40:51Z,84.0,Sense
2025-03-31T16:40:56Z,84.0,Sense
2025-03-31T16:41:01Z,85.0,Sense
2025-03-31T16:41:06Z,84.0,Sense
2025-03-31T16:41:21Z,85.0,Sense
2025-03-31T16:41:36Z,85.0,Sense
2025-03-31T16:41:51Z,84.0,Sense
2025-03-31T16:41:56Z,86.0,Sense
2025-03-31T16:42:06Z,84.0,Sense
2025-03-31T16:42:21Z,85.0,Sense
2025-03-31T16:42:26Z,86.0,Sense
2025-03-31T16:42:41Z,86.0,Sense
2025-03-31T16:42:46Z,89.0,Sense
2025-03-31T16:43:01Z,89.0,Sense
2025-03-31T16:43:06Z,90.0,Sense
2025-03-31T16:43:11Z,93.0,Sense
2025-03-31T16:43:16Z,96.0,Sense
2025-03-31T16:43:21Z,94.0,Sense
2025-03-31T16:43:26Z,89.0,Sense
2025-03-31T16:43:31Z,85.0,Sense
2025-03-31T16:43:36Z,83.0,Sense
2025-03-31T16:43:41Z,82.0,Sense
2025-03-31T16:43:46Z,83.0,Sense
2025-03-31T16:43:51Z,86.0,Sense
2025-03-31T16:43:56Z,87.0,Sense
2025-03-31T16:44:06Z,85.0,Sense
2025-03-31T16:44:11Z,83.0,Sense
2025-03-31T16:44:16Z,84.0,Sense
2025-03-31T16:44:21Z,84.0,Sense
2025-03-31T16:44:36Z,84.0,Sense
2025-03-31T16:44:41Z,85.0,Sense
2025-03-31T16:44:46Z,86.0,Sense
2025-03-31T16:44:51Z,85.0,Sense
2025-03-31T16:45:06Z,85.0,Sense
2025-03-31T16:45:11Z,88.0,Sense
2025-03-31T16:45:16Z,90.0,Sense
2025-03-31T16:45:21Z,91.0,Sense
2025-03-31T16:45:31Z,91.0,Sense
2025-03-31T16:45:36Z,90.0,Sense
2025-03-31T16:45:41Z,89.0,Sense
2025-03-31T16:45:46Z,89.0,Sense
2025-03-31T16:45:51Z,88.0,Sense
2025-03-31T16:46:06Z,89.0,Sense
2025-03-31T16:46:16Z,87.0,Sense
2025-03-31T16:46:21Z,86.0,Sense
2025-03-31T16:46:31Z,87.0,Sense
2025-03-31T16:46:46Z,86.0,Sense
2025-03-31T16:46:51Z,84.0,Sense
2025-03-31T16:47:06Z,83.0,Sense
2025-03-31T16:47:21Z,83.0,Sense
2025-03-31T16:47:31Z,84.0,Sense
2025-03-31T16:47:36Z,85.0,Sense
2025-03-31T16:47:41Z,86.0,Sense
2025-03-31T16:47:51Z,87.0,Sense
2025-03-31T16:47:56Z,86.0,Sense
2025-03-31T16:48:01Z,86.0,Sense
2025-03-31T16:48:16Z,86.0,Sense
2025-03-31T16:48:31Z,84.0,Sense
2025-03-31T16:48:41Z,84.0,Sense
2025-03-31T16:48:51Z,85.0,Sense
2025-03-31T16:48:56Z,84.0,Sense
2025-03-31T16:49:01Z,85.0,Sense
2025-03-31T16:49:06Z,88.0,Sense
2025-03-31T16:49:11Z,89.0,Sense
2025-03-31T16:49:16Z,90.0,Sense
2025-03-31T16:49:21Z,89.0,Sense
2025-03-31T16:49:26Z,84.0,Sense
2025-03-31T16:49:31Z,80.0,Sense
2025-03-31T16:49:36Z,77.0,Sense
2025-03-31T16:49:41Z,75.0,Sense
2025-03-31T16:49:51Z,72.0,Sense
2025-03-31T16:49:56Z,73.0,Sense
2025-03-31T16:50:01Z,75.0,Sense
2025-03-31T16:50:06Z,77.0,Sense
2025-03-31T16:50:11Z,79.0,Sense
2025-03-31T16:50:21Z,78.0,Sense
2025-03-31T16:50:36Z,78.0,Sense
2025-03-31T16:50:46Z,77.0,Sense
2025-03-31T16:50:51Z,78.0,Sense
2025-03-31T16:50:56Z,79.0,Sense
2025-03-31T16:51:06Z,78.0,Sense
2025-03-31T16:51:21Z,78.0,Sense
2025-03-31T16:51:26Z,78.0,Sense
2025-03-31T16:51:31Z,77.0,Sense
2025-03-31T16:51:46Z,77.0,Sense
2025-03-31T16:51:56Z,78.0,Sense
2025-03-31T16:52:11Z,80.0,Sense
2025-03-31T16:52:26Z,80.0,Sense
2025-03-31T16:52:41Z,79.0,Sense
2025-03-31T16:52:46Z,77.0,Sense
2025-03-31T16:52:51Z,76.0,Sense
2025-03-31T16:53:06Z,76.0,Sense
2025-03-31T16:53:11Z,77.0,Sense
2025-03-31T16:53:26Z,77.0,Sense
2025-03-31T16:53:31Z,78.0,Sense
2025-03-31T16:53:46Z,79.0,Sense
2025-03-31T16:53:56Z,80.0,Sense
2025-03-31T16:54:01Z,81.0,Sense
2025-03-31T16:54:16Z,82.0,Sense
2025-03-31T16:54:21Z,83.0,Sense
2025-03-31T16:54:26Z,82.0,Sense
2025-03-31T16:54:41Z,82.0,Sense
2025-03-31T16:54:56Z,82.0,Sense
2025-03-31T16:55:01Z,81.0,Sense
2025-03-31T16:55:06Z,83.0,Sense
2025-03-31T16:55:11Z,87.0,Sense
2025-03-31T16:55:16Z,84.0,Sense
2025-03-31T16:55:21Z,83.0,Sense
2025-03-31T16:55:26Z,82.0,Sense
2025-03-31T16:55:31Z,82.0,Sense
2025-03-31T16:55:36Z,83.0,Sense
2025-03-31T16:55:41Z,84.0,Sense
2025-03-31T16:55:46Z,83.0,Sense
2025-03-31T16:55:51Z,82.0,Sense
2025-03-31T16:56:06Z,83.0,Sense
2025-03-31T16:56:11Z,82.0,Sense
2025-03-31T16:56:16Z,80.0,Sense
2025-03-31T16:56:21Z,79.0,Sense
2025-03-31T16:56:26Z,78.0,Sense
2025-03-31T16:56:36Z,77.0,Sense
2025-03-31T16:56:51Z,77.0,Sense
2025-03-31T16:56:56Z,89.0,Sense
2025-03-31T16:57:01Z,94.0,Sense
2025-03-31T16:57:06Z,93.0,Sense
2025-03-31T16:57:11Z,92.0,Sense
2025-03-31T16:57:16Z,91.0,Sense
2025-03-31T16:57:21Z,90.0,Sense
2025-03-31T16:57:26Z,106.0,Sense
2025-03-31T16:57:36Z,107.0,Sense
2025-03-31T16:57:41Z,105.0,Sense
2025-03-31T16:57:46Z,102.0,Sense
2025-03-31T16:57:51Z,100.0,Sense
2025-03-31T16:57:56Z,97.0,Sense
2025-03-31T16:58:01Z,96.0,Sense
2025-03-31T16:58:06Z,93.0,Sense
2025-03-31T16:58:11Z,89.0,Sense
2025-03-31T16:58:16Z,85.0,Sense
2025-03-31T16:58:21Z,84.0,Sense
2025-03-31T16:58:26Z,83.0,Sense
2025-03-31T16:58:36Z,84.0,Sense
2025-03-31T16:58:41Z,85.0,Sense
2025-03-31T16:58:46Z,83.0,Sense
2025-03-31T16:58:51Z,81.0,Sense
2025-03-31T16:58:56Z,85.0,Sense
2025-03-31T16:59:01Z,92.0,Sense
2025-03-31T16:59:06Z,91.0,Sense
2025-03-31T16:59:11Z,92.0,Sense
2025-03-31T16:59:16Z,91.0,Sense
2025-03-31T16:59:21Z,89.0,Sense
2025-03-31T16:59:36Z,87.0,Sense
2025-03-31T16:59:46Z,87.0,Sense
2025-03-31T16:59:51Z,86.0,Sense
2025-03-31T17:00:01Z,85.0,Sense
2025-03-31T17:00:06Z,86.0,Sense
2025-03-31T17:00:16Z,87.0,Sense
2025-03-31T17:00:26Z,88.0,Sense
2025-03-31T17:00:31Z,87.0,Sense
2025-03-31T17:00:46Z,88.0,Sense
2025-03-31T17:01:01Z,88.0,Sense
2025-03-31T17:01:06Z,85.0,Sense
2025-03-31T17:01:11Z,78.0,Sense
2025-03-31T17:01:16Z,79.0,Sense
2025-03-31T17:01:31Z,79.0,Sense
2025-03-31T17:01:36Z,79.0,Sense
2025-03-31T17:01:51Z,80.0,Sense
2025-03-31T17:02:06Z,81.0,Sense
2025-03-31T17:02:16Z,82.0,Sense
2025-03-31T17:02:31Z,82.0,Sense
2025-03-31T17:02:46Z,81.0,Sense
2025-03-31T17:02:51Z,80.0,Sense
2025-03-31T17:03:06Z,78.0,Sense
2025-03-31T17:03:11Z,79.0,Sense
2025-03-31T17:03:16Z,80.0,Sense
2025-03-31T17:03:21Z,81.0,Sense
2025-03-31T17:03:36Z,82.0,Sense
2025-03-31T17:03:41Z,83.0,Sense
2025-03-31T17:03:51Z,81.0,Sense
2025-03-31T17:03:56Z,78.0,Sense
2025-03-31T17:04:11Z,78.0,Sense
2025-03-31T17:04:21Z,78.0,Sense
2025-03-31T17:04:26Z,79.0,Sense
2025-03-31T17:04:31Z,80.0,Sense
2025-03-31T17:04:36Z,84.0,Sense
2025-03-31T17:04:41Z,86.0,Sense
2025-03-31T17:04:51Z,85.0,Sense
2025-03-31T17:05:01Z,84.0,Sense
2025-03-31T17:05:06Z,81.0,Sense
2025-03-31T17:05:11Z,80.0,Sense
2025-03-31T17:05:26Z,80.0,Sense
2025-03-31T17:05:31Z,80.0,Sense
2025-03-31T17:05:46Z,82.0,Sense
2025-03-31T17:05:51Z,80.0,Sense
2025-03-31T17:05:56Z,79.0,Sense
2025-03-31T17:06:06Z,84.0,Sense
2025-03-31T17:06:11Z,88.0,Sense
2025-03-31T17:06:26Z,88.0,Sense
2025-03-31T17:06:31Z,86.0,Sense
2025-03-31T17:06:36Z,79.0,Sense
2025-03-31T17:06:41Z,78.0,Sense
2025-03-31T17:06:51Z,79.0,Sense
2025-03-31T17:06:56Z,80.0,Sense
2025-03-31T17:07:11Z,81.0,Sense
2025-03-31T17:07:26Z,80.0,Sense
2025-03-31T17:07:36Z,81.0,Sense
2025-03-31T17:07:46Z,80.0,Sense
2025-03-31T17:07:51Z,81.0,Sense
2025-03-31T17:08:06Z,80.0,Sense
2025-03-31T17:08:16Z,81.0,Sense
2025-03-31T17:08:21Z,87.0,Sense
2025-03-31T17:08:26Z,88.0,Sense
2025-03-31T17:08:41Z,82.0,Sense
2025-03-31T17:08:46Z,79.0,Sense
2025-03-31T17:09:01Z,79.0,Sense
2025-03-31T17:09:06Z,86.0,Sense
2025-03-31T17:09:11Z,86.0,Sense
2025-03-31T17:09:16Z,87.0,Sense
2025-03-31T17:09:21Z,86.0,Sense
2025-03-31T17:09:26Z,85.0,Sense
2025-03-31T17:09:36Z,83.0,Sense
2025-03-31T17:09:41Z,81.0,Sense
2025-03-31T17:09:46Z,82.0,Sense
2025-03-31T17:09:56Z,81.0,Sense
2025-03-31T17:10:11Z,80.0,Sense
2025-03-31T17:10:16Z,79.0,Sense
2025-03-31T17:10:21Z,77.0,Sense
2025-03-31T17:10:26Z,76.0,Sense
2025-03-31T17:10:31Z,77.0,Sense
2025-03-31T17:10:36Z,78.0,Sense
2025-03-31T17:10:41Z,79.0,Sense
2025-03-31T17:10:56Z,80.0,Sense
2025-03-31T17:11:01Z,81.0,Sense
2025-03-31T17:11:06Z,82.0,Sense
2025-03-31T17:11:11Z,84.0,Sense
2025-03-31T17:11:16Z,83.0,Sense
2025-03-31T17:11:21Z,74.0,Sense
2025-03-31T17:11:26Z,75.0,Sense
2025-03-31T17:11:36Z,76.0,Sense
2025-03-31T17:11:46Z,76.0,Sense
2025-03-31T17:11:51Z,77.0,Sense
2025-03-31T17:12:01Z,78.0,Sense
2025-03-31T17:12:06Z,78.0,Sense
2025-03-31T17:12:11Z,79.0,Sense
2025-03-31T17:12:16Z,80.0,Sense
2025-03-31T17:12:21Z,78.0,Sense
2025-03-31T17:12:26Z,78.0,Sense
2025-03-31T17:12:41Z,78.0,Sense
2025-03-31T17:12:46Z,78.0,Sense
2025-03-31T17:12:56Z,77.0,Sense
2025-03-31T17:13:01Z,76.0,Sense
2025-03-31T17:13:16Z,77.0,Sense
2025-03-31T17:13:21Z,78.0,Sense
2025-03-31T17:13:26Z,79.0,Sense
2025-03-31T17:13:41Z,77.0,Sense
2025-03-31T17:13:46Z,76.0,Sense
2025-03-31T17:13:56Z,77.0,Sense
2025-03-31T17:14:01Z,78.0,Sense
2025-03-31T17:14:16Z,78.0,Sense
2025-03-31T17:14:21Z,78.0,Sense
2025-03-31T17:14:26Z,83.0,Sense
2025-03-31T17:14:31Z,84.0,Sense
2025-03-31T17:14:36Z,80.0,Sense
2025-03-31T17:14:46Z,81.0,Sense
2025-03-31T17:14:51Z,80.0,Sense
2025-03-31T17:15:06Z,81.0,Sense
2025-03-31T17:15:21Z,82.0,Sense
2025-03-31T17:15:26Z,81.0,Sense
2025-03-31T17:15:41Z,80.0,Sense
2025-03-31T17:15:46Z,80.0,Sense
2025-03-31T17:15:51Z,81.0,Sense
2025-03-31T17:15:56Z,80.0,Sense
2025-03-31T17:16:01Z,81.0,Sense
2025-03-31T17:16:11Z,78.0,Sense
2025-03-31T17:16:16Z,74.0,Sense
2025-03-31T17:16:21Z,75.0,Sense
2025-03-31T17:16:36Z,75.0,Sense
2025-03-31T17:16:41Z,75.0,Sense
2025-03-31T17:16:51Z,73.0,Sense
2025-03-31T17:16:56Z,73.0,Sense
2025-03-31T17:17:06Z,74.0,Sense
2025-03-31T17:17:16Z,75.0,Sense
2025-03-31T17:17:21Z,75.0,Sense
2025-03-31T17:17:26Z,76.0,Sense
2025-03-31T17:17:41Z,76.0,Sense
2025-03-31T17:17:56Z,75.0,Sense
2025-03-31T17:18:11Z,76.0,Sense
2025-03-31T17:18:16Z,76.0,Sense
2025-03-31T17:18:31Z,78.0,Sense
2025-03-31T17:18:36Z,83.0,Sense
2025-03-31T17:18:51Z,83.0,Sense
2025-03-31T17:19:06Z,83.0,Sense
2025-03-31T17:19:16Z,84.0,Sense
2025-03-31T17:19:31Z,79.0,Sense
2025-03-31T17:19:36Z,80.0,Sense
2025-03-31T17:19:51Z,79.0,Sense
2025-03-31T17:19:56Z,80.0,Sense
2025-03-31T17:20:01Z,81.0,Sense
2025-03-31T17:20:11Z,80.0,Sense
2025-03-31T17:20:16Z,81.0,Sense
2025-03-31T17:20:21Z,86.0,Sense
2025-03-31T17:20:31Z,85.0,Sense
2025-03-31T17:20:36Z,84.0,Sense
2025-03-31T17:20:41Z,83.0,Sense
2025-03-31T17:20:46Z,83.0,Sense
2025-03-31T17:20:56Z,79.0,Sense
2025-03-31T17:21:01Z,74.0,Sense
2025-03-31T17:21:11Z,72.0,Sense
2025-03-31T17:21:26Z,73.0,Sense
2025-03-31T17:21:31Z,74.0,Sense
2025-03-31T17:21:41Z,75.0,Sense
2025-03-31T17:21:46Z,76.0,Sense
2025-03-31T17:22:01Z,77.0,Sense
2025-03-31T17:22:06Z,78.0,Sense
2025-03-31T17:22:16Z,79.0,Sense
2025-03-31T17:22:21Z,78.0,Sense
2025-03-31T17:22:26Z,77.0,Sense
2025-03-31T17:22:41Z,76.0,Sense
2025-03-31T17:22:46Z,75.0,Sense
2025-03-31T17:22:56Z,76.0,Sense
2025-03-31T17:23:01Z,77.0,Sense
2025-03-31T17:23:06Z,77.0,Sense
2025-03-31T17:23:11Z,78.0,Sense
2025-03-31T17:23:16Z,77.0,Sense
2025-03-31T17:23:21Z,71.0,Sense
2025-03-31T17:23:26Z,72.0,Sense
2025-03-31T17:23:36Z,73.0,Sense
2025-03-31T17:23:46Z,73.0,Sense
2025-03-31T17:23:56Z,74.0,Sense
2025-03-31T17:24:06Z,75.0,Sense
2025-03-31T17:24:11Z,77.0,Sense
2025-03-31T17:24:16Z,78.0,Sense
2025-03-31T17:24:31Z,79.0,Sense
2025-03-31T17:24:41Z,81.0,Sense
2025-03-31T17:24:46Z,80.0,Sense
2025-03-31T17:24:51Z,77.0,Sense
2025-03-31T17:24:56Z,77.0,Sense
2025-03-31T17:25:11Z,77.0,Sense
2025-03-31T17:25:16Z,76.0,Sense
2025-03-31T17:25:26Z,76.0,Sense
2025-03-31T17:25:31Z,77.0,Sense
2025-03-31T17:25:36Z,78.0,Sense
2025-03-31T17:25:41Z,78.0,Sense
2025-03-31T17:25:46Z,74.0,Sense
2025-03-31T17:25:56Z,75.0,Sense
2025-03-31T17:26:11Z,76.0,Sense
2025-03-31T17:26:26Z,77.0,Sense
2025-03-31T17:26:31Z,78.0,Sense
2025-03-31T17:26:36Z,79.0,Sense
2025-03-31T17:26:51Z,80.0,Sense
2025-03-31T17:26:56Z,80.0,Sense
2025-03-31T17:27:01Z,81.0,Sense
2025-03-31T17:27:11Z,80.0,Sense
2025-03-31T17:27:16Z,79.0,Sense
2025-03-31T17:27:21Z,75.0,Sense
2025-03-31T17:27:26Z,75.0,Sense
2025-03-31T17:27:31Z,76.0,Sense
2025-03-31T17:27:36Z,78.0,Sense
2025-03-31T17:27:51Z,78.0,Sense
2025-03-31T17:27:56Z,77.0,Sense
2025-03-31T17:28:11Z,78.0,Sense
2025-03-31T17:28:16Z,79.0,Sense
2025-03-31T17:28:31Z,80.0,Sense
2025-03-31T17:28:36Z,80.0,Sense
2025-03-31T17:28:51Z,80.0,Sense
2025-03-31T17:29:01Z,81.0,Sense
2025-03-31T17:29:06Z,82.0,Sense
2025-03-31T17:29:21Z,83.0,Sense
2025-03-31T17:29:26Z,82.0,Sense
2025-03-31T17:29:31Z,77.0,Sense
2025-03-31T17:29:36Z,72.0,Sense
2025-03-31T17:29:46Z,73.0,Sense
2025-03-31T17:29:56Z,74.0,Sense
2025-03-31T17:30:01Z,75.0,Sense
2025-03-31T17:30:11Z,77.0,Sense
2025-03-31T17:30:16Z,87.0,Sense
2025-03-31T17:30:21Z,87.0,Sense
2025-03-31T17:30:26Z,85.0,Sense
2025-03-31T17:30:31Z,85.0,Sense
2025-03-31T17:30:46Z,84.0,Sense
2025-03-31T17:30:56Z,85.0,Sense
2025-03-31T17:31:01Z,87.0,Sense
2025-03-31T17:31:06Z,84.0,Sense
2025-03-31T17:31:11Z,74.0,Sense
2025-03-31T17:31:26Z,74.0,Sense
2025-03-31T17:31:31Z,75.0,Sense
2025-03-31T17:31:41Z,76.0,Sense
2025-03-31T17:31:46Z,76.0,Sense
2025-03-31T17:31:56Z,80.0,Sense
2025-03-31T17:32:01Z,82.0,Sense
2025-03-31T17:32:06Z,83.0,Sense
2025-03-31T17:32:11Z,82.0,Sense
2025-03-31T17:32:26Z,81.0,Sense
2025-03-31T17:32:31Z,81.0,Sense
2025-03-31T17:32:36Z,80.0,Sense
2025-03-31T17:32:51Z,80.0,Sense
2025-03-31T17:32:56Z,81.0,Sense
2025-03-31T17:33:11Z,83.0,Sense
2025-03-31T17:33:21Z,85.0,Sense
2025-03-31T17:33:26Z,86.0,Sense
2025-03-31T17:33:41Z,85.0,Sense
2025-03-31T17:33:46Z,84.0,Sense
2025-03-31T17:33:51Z,82.0,Sense
2025-03-31T17:33:56Z,81.0,Sense
2025-03-31T17:34:06Z,82.0,Sense
2025-03-31T17:34:16Z,81.0,Sense
2025-03-31T17:34:26Z,80.0,Sense
2025-03-31T17:34:36Z,81.0,Sense
2025-03-31T17:34:51Z,81.0,Sense
2025-03-31T17:35:06Z,80.0,Sense
2025-03-31T17:35:11Z,88.0,Sense
2025-03-31T17:35:16Z,89.0,Sense
2025-03-31T17:35:21Z,81.0,Sense
2025-03-31T17:35:36Z,82.0,Sense
2025-03-31T17:35:46Z,82.0,Sense
2025-03-31T17:35:56Z,88.0,Sense
2025-03-31T17:36:01Z,91.0,Sense
2025-03-31T17:36:16Z,90.0,Sense
2025-03-31T17:36:21Z,90.0,Sense
2025-03-31T17:36:26Z,88.0,Sense
2025-03-31T17:36:31Z,86.0,Sense
2025-03-31T17:36:36Z,74.0,Sense
2025-03-31T17:36:41Z,72.0,Sense
2025-03-31T17:36:51Z,73.0,Sense
2025-03-31T17:37:06Z,73.0,Sense
2025-03-31T17:37:11Z,74.0,Sense
2025-03-31T17:37:16Z,75.0,Sense
2025-03-31T17:37:21Z,76.0,Sense
2025-03-31T17:37:31Z,77.0,Sense
2025-03-31T17:37:36Z,78.0,Sense
2025-03-31T17:37:41Z,79.0,Sense
2025-03-31T17:37:46Z,81.0,Sense
2025-03-31T17:37:51Z,80.0,Sense
2025-03-31T17:38:06Z,80.0,Sense
2025-03-31T17:38:21Z,81.0,Sense
2025-03-31T17:38:31Z,80.0,Sense
2025-03-31T17:38:36Z,76.0,Sense
2025-03-31T17:38:41Z,77.0,Sense
2025-03-31T17:38:51Z,78.0,Sense
2025-03-31T17:38:56Z,79.0,Sense
2025-03-31T17:39:06Z,80.0,Sense
2025-03-31T17:39:11Z,88.0,Sense
2025-03-31T17:39:16Z,116.0,Sense
2025-03-31T17:39:26Z,117.0,Sense
2025-03-31T17:39:31Z,119.0,Sense
2025-03-31T17:39:36Z,116.0,Sense
2025-03-31T17:39:41Z,111.0,Sense
2025-03-31T17:39:46Z,108.0,Sense
2025-03-31T17:39:51Z,103.0,Sense
2025-03-31T17:39:56Z,99.0,Sense
2025-03-31T17:40:01Z,94.0,Sense
2025-03-31T17:40:06Z,91.0,Sense
2025-03-31T17:40:16Z,92.0,Sense
2025-03-31T17:40:21Z,90.0,Sense
2025-03-31T17:40:26Z,89.0,Sense
2025-03-31T17:40:31Z,90.0,Sense
2025-03-31T17:40:41Z,89.0,Sense
2025-03-31T17:40:56Z,88.0,Sense
2025-03-31T17:41:01Z,87.0,Sense
2025-03-31T17:41:06Z,85.0,Sense
2025-03-31T17:41:11Z,84.0,Sense
2025-03-31T17:41:16Z,86.0,Sense
2025-03-31T17:41:21Z,87.0,Sense
2025-03-31T17:41:36Z,87.0,Sense
2025-03-31T17:41:46Z,86.0,Sense
2025-03-31T17:41:51Z,85.0,Sense
2025-03-31T17:41:56Z,84.0,Sense
2025-03-31T17:42:11Z,80.0,Sense
2025-03-31T17:42:16Z,73.0,Sense
2025-03-31T17:42:31Z,73.0,Sense
2025-03-31T17:42:41Z,74.0,Sense
2025-03-31T17:42:46Z,75.0,Sense
2025-03-31T17:42:51Z,75.0,Sense
2025-03-31T17:42:56Z,77.0,Sense
2025-03-31T17:43:11Z,77.0,Sense
2025-03-31T17:43:16Z,76.0,Sense
2025-03-31T17:43:21Z,77.0,Sense
2025-03-31T17:43:26Z,78.0,Sense
2025-03-31T17:43:41Z,77.0,Sense
2025-03-31T17:43:51Z,79.0,Sense
2025-03-31T17:43:56Z,80.0,Sense
2025-03-31T17:44:01Z,82.0,Sense
2025-03-31T17:44:06Z,84.0,Sense
2025-03-31T17:44:16Z,79.0,Sense
2025-03-31T17:44:21Z,73.0,Sense
2025-03-31T17:44:36Z,74.0,Sense
2025-03-31T17:44:46Z,74.0,Sense
2025-03-31T17:44:51Z,73.0,Sense
2025-03-31T17:44:56Z,74.0,Sense
2025-03-31T17:45:01Z,77.0,Sense
2025-03-31T17:45:06Z,78.0,Sense
2025-03-31T17:45:11Z,81.0,Sense
2025-03-31T17:45:21Z,80.0,Sense
2025-03-31T17:45:31Z,79.0,Sense
2025-03-31T17:45:36Z,79.0,Sense
2025-03-31T17:45:51Z,80.0,Sense
2025-03-31T17:46:01Z,79.0,Sense
2025-03-31T17:46:16Z,79.0,Sense
2025-03-31T17:46:21Z,75.0,Sense
2025-03-31T17:46:26Z,73.0,Sense
2025-03-31T17:46:31Z,78.0,Sense
2025-03-31T17:46:36Z,79.0,Sense
2025-03-31T17:46:51Z,78.0,Sense
2025-03-31T17:46:56Z,75.0,Sense
2025-03-31T17:47:01Z,75.0,Sense
2025-03-31T17:47:06Z,76.0,Sense
2025-03-31T17:47:21Z,76.0,Sense
2025-03-31T17:47:26Z,76.0,Sense
2025-03-31T17:47:36Z,75.0,Sense
2025-03-31T17:47:51Z,75.0,Sense
2025-03-31T17:47:56Z,77.0,Sense
2025-03-31T17:48:11Z,77.0,Sense
2025-03-31T17:48:16Z,78.0,Sense
2025-03-31T17:48:31Z,78.0,Sense
2025-03-31T17:48:46Z,78.0,Sense
2025-03-31T17:48:56Z,81.0,Sense
2025-03-31T17:49:11Z,81.0,Sense
2025-03-31T17:49:21Z,81.0,Sense
2025-03-31T17:49:31Z,82.0,Sense
2025-03-31T17:49:36Z,83.0,Sense
2025-03-31T17:49:51Z,83.0,Sense
2025-03-31T17:49:56Z,101.0,Sense
2025-03-31T17:50:01Z,107.0,Sense
2025-03-31T17:50:06Z,106.0,Sense
2025-03-31T17:50:16Z,102.0,Sense
2025-03-31T17:50:21Z,96.0,Sense
2025-03-31T17:50:26Z,91.0,Sense
2025-03-31T17:50:31Z,88.0,Sense
2025-03-31T17:50:36Z,87.0,Sense
2025-03-31T17:50:41Z,85.0,Sense
2025-03-31T17:50:51Z,86.0,Sense
2025-03-31T17:50:56Z,82.0,Sense
2025-03-31T17:51:01Z,82.0,Sense
2025-03-31T17:51:16Z,82.0,Sense
2025-03-31T17:51:21Z,83.0,Sense
2025-03-31T17:51:26Z,82.0,Sense
2025-03-31T17:51:31Z,81.0,Sense
2025-03-31T17:51:36Z,80.0,Sense
2025-03-31T17:51:46Z,78.0,Sense
2025-03-31T17:51:56Z,80.0,Sense
2025-03-31T17:52:01Z,81.0,Sense
2025-03-31T17:52:11Z,82.0,Sense
2025-03-31T17:52:21Z,83.0,Sense
2025-03-31T17:52:26Z,84.0,Sense
2025-03-31T17:52:36Z,85.0,Sense
2025-03-31T17:52:41Z,85.0,Sense
2025-03-31T17:52:46Z,83.0,Sense
2025-03-31T17:52:56Z,82.0,Sense
2025-03-31T17:53:06Z,88.0,Sense
2025-03-31T17:53:11Z,89.0,Sense
2025-03-31T17:53:21Z,88.0,Sense
2025-03-31T17:53:36Z,88.0,Sense
2025-03-31T17:53:46Z,87.0,Sense
2025-03-31T17:53:56Z,86.0,Sense
2025-03-31T17:54:01Z,86.0,Sense
2025-03-31T17:54:06Z,84.0,Sense
2025-03-31T17:54:11Z,83.0,Sense
2025-03-31T17:54:26Z,74.0,Sense
2025-03-31T17:54:31Z,76.0,Sense
2025-03-31T17:54:36Z,78.0,Sense
2025-03-31T17:54:41Z,79.0,Sense
2025-03-31T17:54:51Z,80.0,Sense
2025-03-31T17:54:56Z,79.0,Sense
2025-03-31T17:55:01Z,78.0,Sense
2025-03-31T17:55:16Z,78.0,Sense
2025-03-31T17:55:21Z,79.0,Sense
2025-03-31T17:55:31Z,80.0,Sense
2025-03-31T17:55:36Z,74.0,Sense
2025-03-31T17:55:41Z,71.0,Sense
2025-03-31T17:55:46Z,72.0,Sense
2025-03-31T17:55:56Z,82.0,Sense
2025-03-31T17:56:01Z,87.0,Sense
2025-03-31T17:56:06Z,86.0,Sense
2025-03-31T17:56:11Z,80.0,Sense
2025-03-31T17:56:16Z,77.0,Sense
2025-03-31T17:56:31Z,77.0,Sense
2025-03-31T17:56:41Z,76.0,Sense
2025-03-31T17:56:51Z,76.0,Sense
2025-03-31T17:57:06Z,77.0,Sense
2025-03-31T17:57:11Z,78.0,Sense
2025-03-31T17:57:16Z,79.0,Sense
2025-03-31T17:57:21Z,82.0,Sense
2025-03-31T17:57:26Z,82.0,Sense
2025-03-31T17:57:36Z,81.0,Sense
2025-03-31T17:57:51Z,81.0,Sense
2025-03-31T17:57:56Z,80.0,Sense
2025-03-31T17:58:01Z,79.0,Sense
2025-03-31T17:58:11Z,80.0,Sense
2025-03-31T17:58:26Z,81.0,Sense
2025-03-31T17:58:31Z,90.0,Sense
2025-03-31T17:58:36Z,104.0,Sense
2025-03-31T17:58:41Z,103.0,Sense
2025-03-31T17:58:46Z,101.0,Sense
2025-03-31T17:58:51Z,99.0,Sense
2025-03-31T17:58:56Z,96.0,Sense
2025-03-31T17:59:01Z,95.0,Sense
2025-03-31T17:59:06Z,94.0,Sense
2025-03-31T17:59:11Z,95.0,Sense
2025-03-31T17:59:16Z,94.0,Sense
2025-03-31T17:59:21Z,93.0,Sense
2025-03-31T17:59:26Z,92.0,Sense
2025-03-31T17:59:31Z,86.0,Sense
2025-03-31T17:59:36Z,75.0,Sense
2025-03-31T17:59:41Z,76.0,Sense
2025-03-31T17:59:46Z,77.0,Sense
2025-03-31T17:59:51Z,77.0,Sense
2025-03-31T18:00:01Z,76.0,Sense
2025-03-31T18:00:06Z,76.0,Sense
2025-03-31T18:00:11Z,77.0,Sense
2025-03-31T18:00:21Z,76.0,Sense
2025-03-31T18:00:26Z,73.0,Sense
2025-03-31T18:00:41Z,74.0,Sense
2025-03-31T18:00:56Z,74.0,Sense
2025-03-31T18:01:01Z,74.0,Sense
2025-03-31T18:01:06Z,73.0,Sense
2025-03-31T18:01:11Z,73.0,Sense
2025-03-31T18:01:26Z,73.0,Sense
2025-03-31T18:01:36Z,73.0,Sense
2025-03-31T18:01:41Z,75.0,Sense
2025-03-31T18:01:46Z,76.0,Sense
2025-03-31T18:01:56Z,75.0,Sense
2025-03-31T18:02:11Z,76.0,Sense
2025-03-31T18:02:21Z,77.0,Sense
2025-03-31T18:02:36Z,78.0,Sense
2025-03-31T18:02:41Z,80.0,Sense
2025-03-31T18:02:46Z,81.0,Sense
2025-03-31T18:02:51Z,79.0,Sense
2025-03-31T18:02:56Z,80.0,Sense
2025-03-31T18:03:01Z,81.0,Sense
2025-03-31T18:03:16Z,82.0,Sense
2025-03-31T18:03:26Z,83.0,Sense
2025-03-31T18:03:41Z,72.0,Sense
2025-03-31T18:03:51Z,78.0,Sense
2025-03-31T18:03:56Z,81.0,Sense
2025-03-31T18:04:11Z,81.0,Sense
2025-03-31T18:04:16Z,80.0,Sense
2025-03-31T18:04:26Z,87.0,Sense
2025-03-31T18:04:41Z,87.0,Sense
2025-03-31T18:04:46Z,87.0,Sense
2025-03-31T18:05:01Z,87.0,Sense
2025-03-31T18:05:06Z,86.0,Sense
2025-03-31T18:05:11Z,85.0,Sense
2025-03-31T18:05:16Z,90.0,Sense
2025-03-31T18:05:21Z,91.0,Sense
2025-03-31T18:05:36Z,91.0,Sense
2025-03-31T18:05:51Z,90.0,Sense
2025-03-31T18:05:56Z,89.0,Sense
2025-03-31T18:06:01Z,88.0,Sense
2025-03-31T18:06:11Z,87.0,Sense
2025-03-31T18:06:16Z,86.0,Sense
2025-03-31T18:06:31Z,88.0,Sense
2025-03-31T18:06:46Z,88.0,Sense
2025-03-31T18:06:51Z,91.0,Sense
2025-03-31T18:06:56Z,92.0,Sense
2025-03-31T18:07:01Z,91.0,Sense
2025-03-31T18:07:06Z,90.0,Sense
2025-03-31T18:07:11Z,91.0,Sense
2025-03-31T18:07:16Z,95.0,Sense
2025-03-31T18:07:21Z,95.0,Sense
2025-03-31T18:07:26Z,94.0,Sense
2025-03-31T18:07:31Z,93.0,Sense
2025-03-31T18:07:41Z,92.0,Sense
2025-03-31T18:07:46Z,91.0,Sense
2025-03-31T18:07:51Z,88.0,Sense
2025-03-31T18:08:01Z,87.0,Sense
2025-03-31T18:08:11Z,86.0,Sense
2025-03-31T18:08:16Z,86.0,Sense
2025-03-31T18:08:21Z,85.0,Sense
2025-03-31T18:08:26Z,86.0,Sense
2025-03-31T18:08:31Z,87.0,Sense
2025-03-31T18:08:36Z,88.0,Sense
2025-03-31T18:08:51Z,88.0,Sense
2025-03-31T18:08:56Z,87.0,Sense
2025-03-31T18:09:01Z,84.0,Sense
2025-03-31T18:09:06Z,82.0,Sense
2025-03-31T18:09:11Z,83.0,Sense
2025-03-31T18:09:16Z,82.0,Sense
2025-03-31T18:09:21Z,83.0,Sense
2025-03-31T18:09:31Z,82.0,Sense
2025-03-31T18:09:36Z,82.0,Sense
2025-03-31T18:09:46Z,83.0,Sense
2025-03-31T18:09:51Z,84.0,Sense
2025-03-31T18:10:01Z,85.0,Sense
2025-03-31T18:10:06Z,84.0,Sense
2025-03-31T18:10:11Z,83.0,Sense
2025-03-31T18:10:16Z,84.0,Sense
2025-03-31T18:10:21Z,85.0,Sense
2025-03-31T18:10:26Z,80.0,Sense
2025-03-31T18:10:41Z,81.0,Sense
2025-03-31T18:10:46Z,81.0,Sense
2025-03-31T18:10:51Z,84.0,Sense
2025-03-31T18:10:56Z,86.0,Sense
2025-03-31T18:11:06Z,88.0,Sense
2025-03-31T18:11:21Z,89.0,Sense
2025-03-31T18:11:26Z,90.0,Sense
2025-03-31T18:11:36Z,89.0,Sense
2025-03-31T18:11:46Z,88.0,Sense
2025-03-31T18:12:01Z,86.0,Sense
2025-03-31T18:12:16Z,87.0,Sense
2025-03-31T18:12:21Z,83.0,Sense
2025-03-31T18:12:26Z,82.0,Sense
2025-03-31T18:12:36Z,83.0,Sense
2025-03-31T18:12:46Z,84.0,Sense
2025-03-31T18:12:51Z,85.0,Sense
2025-03-31T18:13:01Z,87.0,Sense
2025-03-31T18:13:16Z,89.0,Sense
2025-03-31T18:13:26Z,89.0,Sense
2025-03-31T18:13:41Z,88.0,Sense
2025-03-31T18:13:46Z,87.0,Sense
2025-03-31T18:13:51Z,88.0,Sense
2025-03-31T18:13:56Z,89.0,Sense
2025-03-31T18:14:01Z,84.0,Sense
2025-03-31T18:14:06Z,81.0,Sense
2025-03-31T18:14:11Z,90.0,Sense
2025-03-31T18:14:16Z,94.0,Sense
2025-03-31T18:14:26Z,93.0,Sense
2025-03-31T18:14:36Z,92.0,Sense
2025-03-31T18:14:46Z,92.0,Sense
2025-03-31T18:14:51Z,96.0,Sense
2025-03-31T18:15:01Z,94.0,Sense
2025-03-31T18:15:06Z,87.0,Sense
2025-03-31T18:15:11Z,83.0,Sense
2025-03-31T18:15:16Z,80.0,Sense
2025-03-31T18:15:21Z,81.0,Sense
2025-03-31T18:15:26Z,87.0,Sense
2025-03-31T18:15:36Z,86.0,Sense
2025-03-31T18:15:41Z,87.0,Sense
2025-03-31T18:15:46Z,87.0,Sense
2025-03-31T18:15:56Z,89.0,Sense
2025-03-31T18:16:01Z,93.0,Sense
2025-03-31T18:16:06Z,92.0,Sense
2025-03-31T18:16:11Z,91.0,Sense
2025-03-31T18:16:16Z,90.0,Sense
2025-03-31T18:16:21Z,89.0,Sense
2025-03-31T18:16:26Z,88.0,Sense
2025-03-31T18:16:31Z,87.0,Sense
2025-03-31T18:16:46Z,86.0,Sense
2025-03-31T18:16:56Z,85.0,Sense
2025-03-31T18:17:01Z,85.0,Sense
2025-03-31T18:17:11Z,109.0,Sense
2025-03-31T18:17:16Z,111.0,Sense
2025-03-31T18:17:21Z,110.0,Sense
2025-03-31T18:17:26Z,111.0,Sense
2025-03-31T18:17:36Z,109.0,Sense
2025-03-31T18:17:41Z,106.0,Sense
2025-03-31T18:17:46Z,97.0,Sense
2025-03-31T18:17:51Z,86.0,Sense
2025-03-31T18:17:56Z,87.0,Sense
2025-03-31T18:18:06Z,86.0,Sense
2025-03-31T18:18:11Z,87.0,Sense
2025-03-31T18:18:16Z,88.0,Sense
2025-03-31T18:18:26Z,88.0,Sense
2025-03-31T18:18:36Z,91.0,Sense
2025-03-31T18:18:41Z,92.0,Sense
2025-03-31T18:18:46Z,91.0,Sense
2025-03-31T18:18:51Z,81.0,Sense
2025-03-31T18:19:06Z,80.0,Sense
2025-03-31T18:19:21Z,80.0,Sense
2025-03-31T18:19:31Z,80.0,Sense
2025-03-31T18:19:36Z,80.0,Sense
2025-03-31T18:19:41Z,80.0,Sense
2025-03-31T18:19:46Z,81.0,Sense
2025-03-31T18:19:51Z,83.0,Sense
2025-03-31T18:19:56Z,82.0,Sense
2025-03-31T18:20:06Z,83.0,Sense
2025-03-31T18:20:11Z,84.0,Sense
2025-03-31T18:20:21Z,85.0,Sense
2025-03-31T18:20:26Z,84.0,Sense
2025-03-31T18:20:36Z,83.0,Sense
2025-03-31T18:20:41Z,84.0,Sense
2025-03-31T18:20:51Z,85.0,Sense
2025-03-31T18:21:01Z,86.0,Sense
2025-03-31T18:21:06Z,87.0,Sense
2025-03-31T18:21:11Z,86.0,Sense
2025-03-31T18:21:16Z,85.0,Sense
2025-03-31T18:21:21Z,87.0,Sense
2025-03-31T18:21:36Z,87.0,Sense
2025-03-31T18:21:41Z,88.0,Sense
2025-03-31T18:21:46Z,87.0,Sense
2025-03-31T18:21:51Z,87.0,Sense
2025-03-31T18:21:56Z,86.0,Sense
2025-03-31T18:22:01Z,85.0,Sense
2025-03-31T18:22:11Z,86.0,Sense
2025-03-31T18:22:26Z,87.0,Sense
2025-03-31T18:22:41Z,87.0,Sense
2025-03-31T18:22:46Z,86.0,Sense
2025-03-31T18:22:51Z,90.0,Sense
2025-03-31T18:22:56Z,93.0,Sense
2025-03-31T18:23:01Z,91.0,Sense
2025-03-31T18:23:11Z,90.0,Sense
2025-03-31T18:23:16Z,85.0,Sense
2025-03-31T18:23:21Z,79.0,Sense
2025-03-31T18:23:31Z,80.0,Sense
2025-03-31T18:23:41Z,81.0,Sense
2025-03-31T18:23:46Z,83.0,Sense
2025-03-31T18:24:01Z,83.0,Sense
2025-03-31T18:24:06Z,84.0,Sense
2025-03-31T18:24:11Z,85.0,Sense
2025-03-31T18:24:16Z,84.0,Sense
2025-03-31T18:24:26Z,85.0,Sense
2025-03-31T18:24:36Z,84.0,Sense
2025-03-31T18:24:46Z,83.0,Sense
2025-03-31T18:24:51Z,82.0,Sense
2025-03-31T18:25:06Z,82.0,Sense
2025-03-31T18:25:11Z,81.0,Sense
2025-03-31T18:25:16Z,80.0,Sense
2025-03-31T18:25:31Z,81.0,Sense
2025-03-31T18:25:36Z,80.0,Sense
2025-03-31T18:25:41Z,79.0,Sense
2025-03-31T18:25:46Z,80.0,Sense
2025-03-31T18:25:51Z,81.0,Sense
2025-03-31T18:25:56Z,78.0,Sense
2025-03-31T18:26:11Z,78.0,Sense
2025-03-31T18:26:16Z,78.0,Sense
2025-03-31T18:26:26Z,79.0,Sense
2025-03-31T18:26:31Z,80.0,Sense
2025-03-31T18:26:41Z,80.0,Sense
2025-03-31T18:26:51Z,81.0,Sense
2025-03-31T18:26:56Z,82.0,Sense
2025-03-31T18:27:01Z,83.0,Sense
2025-03-31T18:27:06Z,82.0,Sense
2025-03-31T18:27:11Z,81.0,Sense
2025-03-31T18:27:21Z,83.0,Sense
2025-03-31T18:27:31Z,82.0,Sense
2025-03-31T18:27:46Z,82.0,Sense
2025-03-31T18:27:51Z,83.0,Sense
2025-03-31T18:28:01Z,85.0,Sense
2025-03-31T18:28:06Z,87.0,Sense
2025-03-31T18:28:11Z,86.0,Sense
2025-03-31T18:28:16Z,87.0,Sense
2025-03-31T18:28:26Z,89.0,Sense
2025-03-31T18:28:31Z,90.0,Sense
2025-03-31T18:28:36Z,91.0,Sense
2025-03-31T18:28:51Z,90.0,Sense
2025-03-31T18:29:01Z,90.0,Sense
2025-03-31T18:29:16Z,89.0,Sense
2025-03-31T18:29:21Z,88.0,Sense
2025-03-31T18:29:26Z,89.0,Sense
2025-03-31T18:29:31Z,90.0,Sense
2025-03-31T18:29:36Z,91.0,Sense
2025-03-31T18:29:41Z,92.0,Sense
2025-03-31T18:29:51Z,91.0,Sense
2025-03-31T18:30:01Z,89.0,Sense
2025-03-31T18:30:11Z,88.0,Sense
2025-03-31T18:30:16Z,87.0,Sense
2025-03-31T18:30:21Z,88.0,Sense
2025-03-31T18:30:36Z,89.0,Sense
2025-03-31T18:30:41Z,87.0,Sense
2025-03-31T18:30:51Z,88.0,Sense
2025-03-31T18:30:56Z,87.0,Sense
2025-03-31T18:31:01Z,88.0,Sense
2025-03-31T18:31:06Z,87.0,Sense
2025-03-31T18:31:11Z,83.0,Sense
2025-03-31T18:31:16Z,89.0,Sense
2025-03-31T18:31:21Z,90.0,Sense
2025-03-31T18:31:36Z,89.0,Sense
2025-03-31T18:31:46Z,89.0,Sense
2025-03-31T18:31:51Z,88.0,Sense
2025-03-31T18:32:06Z,88.0,Sense
2025-03-31T18:32:21Z,88.0,Sense
2025-03-31T18:32:26Z,87.0,Sense
2025-03-31T18:32:31Z,87.0,Sense
2025-03-31T18:32:36Z,94.0,Sense
2025-03-31T18:32:41Z,95.0,Sense
2025-03-31T18:32:56Z,95.0,Sense
2025-03-31T18:33:01Z,94.0,Sense
2025-03-31T18:33:06Z,92.0,Sense
2025-03-31T18:33:11Z,92.0,Sense
2025-03-31T18:33:26Z,92.0,Sense
2025-03-31T18:33:41Z,86.0,Sense
2025-03-31T18:33:56Z,86.0,Sense
2025-03-31T18:34:01Z,87.0,Sense
2025-03-31T18:34:06Z,87.0,Sense
2025-03-31T18:34:16Z,88.0,Sense
2025-03-31T18:34:31Z,88.0,Sense
2025-03-31T18:34:36Z,87.0,Sense
2025-03-31T18:34:41Z,86.0,Sense
2025-03-31T18:34:46Z,85.0,Sense
2025-03-31T18:35:01Z,85.0,Sense
2025-03-31T18:35:06Z,86.0,Sense
2025-03-31T18:35:11Z,85.0,Sense
2025-03-31T18:35:21Z,87.0,Sense
2025-03-31T18:35:26Z,79.0,Sense
2025-03-31T18:35:31Z,79.0,Sense
2025-03-31T18:35:41Z,80.0,Sense
2025-03-31T18:35:51Z,81.0,Sense
2025-03-31T18:36:06Z,81.0,Sense
2025-03-31T18:36:11Z,83.0,Sense
2025-03-31T18:36:26Z,84.0,Sense
2025-03-31T18:36:31Z,85.0,Sense
2025-03-31T18:36:36Z,84.0,Sense
2025-03-31T18:36:46Z,85.0,Sense
2025-03-31T18:37:01Z,87.0,Sense
2025-03-31T18:37:11Z,88.0,Sense
2025-03-31T18:37:16Z,84.0,Sense
2025-03-31T18:37:21Z,81.0,Sense
2025-03-31T18:37:36Z,83.0,Sense
2025-03-31T18:37:41Z,84.0,Sense
2025-03-31T18:37:46Z,84.0,Sense
2025-03-31T18:37:56Z,87.0,Sense
2025-03-31T18:38:06Z,86.0,Sense
2025-03-31T18:38:16Z,85.0,Sense
2025-03-31T18:38:31Z,85.0,Sense
2025-03-31T18:38:36Z,84.0,Sense
2025-03-31T18:38:51Z,83.0,Sense
2025-03-31T18:38:56Z,82.0,Sense
2025-03-31T18:39:01Z,80.0,Sense
2025-03-31T18:39:06Z,77.0,Sense
2025-03-31T18:39:11Z,80.0,Sense
2025-03-31T18:39:21Z,81.0,Sense
2025-03-31T18:39:31Z,82.0,Sense
2025-03-31T18:39:46Z,83.0,Sense
2025-03-31T18:39:51Z,84.0,Sense
2025-03-31T18:40:01Z,83.0,Sense
2025-03-31T18:40:16Z,84.0,Sense
2025-03-31T18:40:26Z,85.0,Sense
2025-03-31T18:40:31Z,86.0,Sense
2025-03-31T18:40:46Z,93.0,Sense
2025-03-31T18:40:51Z,95.0,Sense
2025-03-31T18:41:06Z,93.0,Sense
2025-03-31T18:41:11Z,92.0,Sense
2025-03-31T18:41:16Z,91.0,Sense
2025-03-31T18:41:21Z,91.0,Sense
2025-03-31T18:41:26Z,90.0,Sense
2025-03-31T18:41:31Z,89.0,Sense
2025-03-31T18:41:46Z,89.0,Sense
2025-03-31T18:41:56Z,88.0,Sense
2025-03-31T18:42:01Z,87.0,Sense
2025-03-31T18:42:11Z,86.0,Sense
2025-03-31T18:42:16Z,83.0,Sense
2025-03-31T18:42:21Z,82.0,Sense
2025-03-31T18:42:36Z,82.0,Sense
2025-03-31T18:42:46Z,82.0,Sense
2025-03-31T18:42:56Z,95.0,Sense
2025-03-31T18:43:01Z,96.0,Sense
2025-03-31T18:43:06Z,95.0,Sense
2025-03-31T18:43:11Z,93.0,Sense
2025-03-31T18:43:16Z,85.0,Sense
2025-03-31T18:43:31Z,85.0,Sense
2025-03-31T18:43:41Z,85.0,Sense
2025-03-31T18:43:56Z,86.0,Sense
2025-03-31T18:44:11Z,86.0,Sense
2025-03-31T18:44:16Z,85.0,Sense
2025-03-31T18:44:31Z,85.0,Sense
2025-03-31T18:44:41Z,86.0,Sense
2025-03-31T18:44:56Z,85.0,Sense
2025-03-31T18:45:06Z,86.0,Sense
2025-03-31T18:45:11Z,86.0,Sense
2025-03-31T18:45:21Z,87.0,Sense
2025-03-31T18:45:36Z,85.0,Sense
2025-03-31T18:45:51Z,85.0,Sense
2025-03-31T18:46:01Z,89.0,Sense
2025-03-31T18:46:06Z,93.0,Sense
2025-03-31T18:46:16Z,107.0,Sense
2025-03-31T18:46:21Z,109.0,Sense
2025-03-31T18:46:26Z,108.0,Sense
2025-03-31T18:46:31Z,106.0,Sense
2025-03-31T18:46:36Z,104.0,Sense
2025-03-31T18:46:41Z,101.0,Sense
2025-03-31T18:46:46Z,98.0,Sense
2025-03-31T18:46:51Z,95.0,Sense
2025-03-31T18:46:56Z,86.0,Sense
2025-03-31T18:47:06Z,85.0,Sense
2025-03-31T18:47:11Z,84.0,Sense
2025-03-31T18:47:16Z,85.0,Sense
2025-03-31T18:47:21Z,86.0,Sense
2025-03-31T18:47:26Z,87.0,Sense
2025-03-31T18:47:36Z,94.0,Sense
2025-03-31T18:47:41Z,97.0,Sense
2025-03-31T18:47:51Z,96.0,Sense
2025-03-31T18:47:56Z,95.0,Sense
2025-03-31T18:48:06Z,96.0,Sense
2025-03-31T18:48:11Z,96.0,Sense
2025-03-31T18:48:16Z,95.0,Sense
2025-03-31T18:48:21Z,95.0,Sense
2025-03-31T18:48:26Z,96.0,Sense
2025-03-31T18:48:31Z,97.0,Sense
2025-03-31T18:48:36Z,98.0,Sense
2025-03-31T18:48:51Z,101.0,Sense
2025-03-31T18:48:56Z,103.0,Sense
2025-03-31T18:49:01Z,102.0,Sense
2025-03-31T18:49:06Z,100.0,Sense
2025-03-31T18:49:11Z,96.0,Sense
2025-03-31T18:49:16Z,94.0,Sense
2025-03-31T18:49:21Z,93.0,Sense
2025-03-31T18:49:26Z,91.0,Sense
2025-03-31T18:49:31Z,90.0,Sense
2025-03-31T18:49:36Z,92.0,Sense
2025-03-31T18:49:51Z,93.0,Sense
2025-03-31T18:49:56Z,94.0,Sense
2025-03-31T18:50:01Z,86.0,Sense
2025-03-31T18:50:06Z,80.0,Sense
2025-03-31T18:50:16Z,89.0,Sense
2025-03-31T18:50:21Z,94.0,Sense
2025-03-31T18:50:31Z,93.0,Sense
2025-03-31T18:50:36Z,92.0,Sense
2025-03-31T18:50:41Z,90.0,Sense
2025-03-31T18:50:46Z,89.0,Sense
2025-03-31T18:50:51Z,89.0,Sense
2025-03-31T18:50:56Z,90.0,Sense
2025-03-31T18:51:01Z,91.0,Sense
2025-03-31T18:51:06Z,92.0,Sense
2025-03-31T18:51:11Z,95.0,Sense
2025-03-31T18:51:16Z,96.0,Sense
2025-03-31T18:51:21Z,95.0,Sense
2025-03-31T18:51:26Z,94.0,Sense
2025-03-31T18:51:41Z,94.0,Sense
2025-03-31T18:51:46Z,96.0,Sense
2025-03-31T18:51:51Z,95.0,Sense
2025-03-31T18:52:01Z,94.0,Sense
2025-03-31T18:52:06Z,95.0,Sense
2025-03-31T18:52:11Z,94.0,Sense
2025-03-31T18:52:21Z,93.0,Sense
2025-03-31T18:52:26Z,92.0,Sense
2025-03-31T18:52:31Z,91.0,Sense
2025-03-31T18:52:46Z,91.0,Sense
2025-03-31T18:52:51Z,90.0,Sense
2025-03-31T18:53:06Z,90.0,Sense
2025-03-31T18:53:11Z,91.0,Sense
2025-03-31T18:53:26Z,93.0,Sense
2025-03-31T18:53:31Z,92.0,Sense
2025-03-31T18:53:46Z,92.0,Sense
2025-03-31T18:53:56Z,91.0,Sense
2025-03-31T18:54:01Z,90.0,Sense
2025-03-31T18:54:06Z,91.0,Sense
2025-03-31T18:54:11Z,89.0,Sense
2025-03-31T18:54:21Z,92.0,Sense
2025-03-31T18:54:26Z,91.0,Sense
2025-03-31T18:54:31Z,90.0,Sense
2025-03-31T18:54:36Z,88.0,Sense
2025-03-31T18:54:41Z,83.0,Sense
2025-03-31T18:54:51Z,84.0,Sense
2025-03-31T18:54:56Z,85.0,Sense
2025-03-31T18:55:01Z,86.0,Sense
2025-03-31T18:55:06Z,87.0,Sense
2025-03-31T18:55:21Z,87.0,Sense
2025-03-31T18:55:36Z,87.0,Sense
2025-03-31T18:55:41Z,88.0,Sense
2025-03-31T18:55:46Z,89.0,Sense
2025-03-31T18:55:51Z,90.0,Sense
2025-03-31T18:55:56Z,91.0,Sense
2025-03-31T18:56:01Z,92.0,Sense
2025-03-31T18:56:16Z,94.0,Sense
2025-03-31T18:56:26Z,93.0,Sense
2025-03-31T18:56:31Z,92.0,Sense
2025-03-31T18:56:36Z,91.0,Sense
2025-03-31T18:56:41Z,92.0,Sense
2025-03-31T18:56:46Z,106.0,Sense
2025-03-31T18:56:51Z,117.0,Sense
2025-03-31T18:57:01Z,118.0,Sense
2025-03-31T18:57:06Z,120.0,Sense
2025-03-31T18:57:11Z,116.0,Sense
2025-03-31T18:57:16Z,112.0,Sense
2025-03-31T18:57:21Z,104.0,Sense
2025-03-31T18:57:26Z,96.0,Sense
2025-03-31T18:57:41Z,95.0,Sense
2025-03-31T18:57:46Z,96.0,Sense
2025-03-31T18:57:51Z,104.0,Sense
2025-03-31T18:57:56Z,103.0,Sense
2025-03-31T18:58:06Z,104.0,Sense
2025-03-31T18:58:11Z,105.0,Sense
2025-03-31T18:58:16Z,104.0,Sense
2025-03-31T18:58:21Z,103.0,Sense
2025-03-31T18:58:26Z,104.0,Sense
2025-03-31T18:58:31Z,103.0,Sense
2025-03-31T18:58:36Z,102.0,Sense
2025-03-31T18:58:41Z,103.0,Sense
2025-03-31T18:58:46Z,104.0,Sense
2025-03-31T18:58:51Z,104.0,Sense
2025-03-31T18:58:56Z,103.0,Sense
2025-03-31T18:59:06Z,105.0,Sense
2025-03-31T18:59:11Z,106.0,Sense
2025-03-31T18:59:16Z,104.0,Sense
2025-03-31T18:59:21Z,103.0,Sense
2025-03-31T18:59:26Z,101.0,Sense
2025-03-31T18:59:36Z,115.0,Sense
2025-03-31T18:59:41Z,120.0,Sense
2025-03-31T18:59:46Z,121.0,Sense
2025-03-31T18:59:51Z,120.0,Sense
2025-03-31T18:59:56Z,117.0,Sense
2025-03-31T19:00:01Z,115.0,Sense
2025-03-31T19:00:06Z,112.0,Sense
2025-03-31T19:00:11Z,110.0,Sense
2025-03-31T19:00:16Z,111.0,Sense
2025-03-31T19:00:21Z,109.0,Sense
2025-03-31T19:00:26Z,107.0,Sense
2025-03-31T19:00:31Z,106.0,Sense
2025-03-31T19:00:36Z,105.0,Sense
2025-03-31T19:00:41Z,104.0,Sense
2025-03-31T19:00:51Z,103.0,Sense
2025-03-31T19:00:56Z,102.0,Sense
2025-03-31T19:01:01Z,99.0,Sense
2025-03-31T19:01:06Z,100.0,Sense
2025-03-31T19:01:11Z,99.0,Sense
2025-03-31T19:01:16Z,98.0,Sense
2025-03-31T19:01:21Z,94.0,Sense
2025-03-31T19:01:26Z,92.0,Sense
2025-03-31T19:01:31Z,93.0,Sense
2025-03-31T19:01:36Z,92.0,Sense
2025-03-31T19:01:41Z,88.0,Sense
2025-03-31T19:01:51Z,89.0,Sense
2025-03-31T19:01:56Z,90.0,Sense
2025-03-31T19:02:01Z,90.0,Sense
2025-03-31T19:02:16Z,91.0,Sense
2025-03-31T19:02:21Z,93.0,Sense
2025-03-31T19:02:26Z,94.0,Sense
2025-03-31T19:02:31Z,96.0,Sense
2025-03-31T19:02:36Z,99.0,Sense
2025-03-31T19:02:41Z,100.0,Sense
2025-03-31T19:02:56Z,99.0,Sense
2025-03-31T19:03:01Z,102.0,Sense
2025-03-31T19:03:06Z,103.0,Sense
2025-03-31T19:03:11Z,101.0,Sense
2025-03-31T19:03:16Z,97.0,Sense
2025-03-31T19:03:21Z,96.0,Sense
2025-03-31T19:03:26Z,95.0,Sense
2025-03-31T19:03:36Z,96.0,Sense
2025-03-31T19:03:41Z,96.0,Sense
2025-03-31T19:03:46Z,97.0,Sense
2025-03-31T19:03:56Z,100.0,Sense
2025-03-31T19:04:01Z,105.0,Sense
2025-03-31T19:04:11Z,106.0,Sense
2025-03-31T19:04:16Z,107.0,Sense
2025-03-31T19:04:21Z,106.0,Sense
2025-03-31T19:04:26Z,103.0,Sense
2025-03-31T19:04:31Z,102.0,Sense
2025-03-31T19:04:41Z,101.0,Sense
2025-03-31T19:04:46Z,98.0,Sense
2025-03-31T19:04:51Z,96.0,Sense
2025-03-31T19:04:56Z,96.0,Sense
2025-03-31T19:05:01Z,97.0,Sense
2025-03-31T19:05:06Z,96.0,Sense
2025-03-31T19:05:11Z,95.0,Sense
2025-03-31T19:05:26Z,94.0,Sense
2025-03-31T19:05:31Z,93.0,Sense
2025-03-31T19:05:36Z,91.0,Sense
2025-03-31T19:05:41Z,92.0,Sense
2025-03-31T19:05:46Z,93.0,Sense
2025-03-31T19:05:56Z,94.0,Sense
2025-03-31T19:06:01Z,95.0,Sense
2025-03-31T19:06:11Z,93.0,Sense
2025-03-31T19:06:21Z,94.0,Sense
2025-03-31T19:06:26Z,89.0,Sense
2025-03-31T19:06:41Z,90.0,Sense
2025-03-31T19:06:46Z,91.0,Sense
2025-03-31T19:06:51Z,92.0,Sense
2025-03-31T19:07:06Z,92.0,Sense
2025-03-31T19:07:11Z,92.0,Sense
2025-03-31T19:07:21Z,93.0,Sense
2025-03-31T19:07:31Z,92.0,Sense
2025-03-31T19:07:41Z,93.0,Sense
2025-03-31T19:07:46Z,92.0,Sense
2025-03-31T19:07:51Z,91.0,Sense
2025-03-31T19:07:56Z,95.0,Sense
2025-03-31T19:08:01Z,98.0,Sense
2025-03-31T19:08:16Z,98.0,Sense
2025-03-31T19:08:21Z,110.0,Sense
2025-03-31T19:08:26Z,113.0,Sense
2025-03-31T19:08:31Z,111.0,Sense
2025-03-31T19:08:36Z,110.0,Sense
2025-03-31T19:08:41Z,109.0,Sense
2025-03-31T19:08:46Z,103.0,Sense
2025-03-31T19:08:51Z,101.0,Sense
2025-03-31T19:08:56Z,102.0,Sense
2025-03-31T19:09:01Z,103.0,Sense
2025-03-31T19:09:06Z,93.0,Sense
2025-03-31T19:09:11Z,90.0,Sense
2025-03-31T19:09:16Z,91.0,Sense
2025-03-31T19:09:26Z,95.0,Sense
2025-03-31T19:09:41Z,96.0,Sense
2025-03-31T19:09:46Z,97.0,Sense
2025-03-31T19:10:01Z,91.0,Sense
2025-03-31T19:10:06Z,92.0,Sense
2025-03-31T19:10:11Z,93.0,Sense
2025-03-31T19:10:16Z,94.0,Sense
2025-03-31T19:10:26Z,95.0,Sense
2025-03-31T19:10:31Z,96.0,Sense
2025-03-31T19:10:36Z,95.0,Sense
2025-03-31T19:10:41Z,94.0,Sense
2025-03-31T19:10:56Z,94.0,Sense
2025-03-31T19:11:01Z,93.0,Sense
2025-03-31T19:11:06Z,108.0,Sense
2025-03-31T19:11:11Z,113.0,Sense
2025-03-31T19:11:26Z,111.0,Sense
2025-03-31T19:11:31Z,108.0,Sense
2025-03-31T19:11:36Z,106.0,Sense
2025-03-31T19:11:41Z,103.0,Sense
2025-03-31T19:11:46Z,101.0,Sense
2025-03-31T19:11:51Z,103.0,Sense
2025-03-31T19:11:56Z,104.0,Sense
2025-03-31T19:12:01Z,99.0,Sense
2025-03-31T19:12:06Z,98.0,Sense
2025-03-31T19:12:11Z,96.0,Sense
2025-03-31T19:12:21Z,97.0,Sense
2025-03-31T19:12:26Z,98.0,Sense
2025-03-31T19:12:31Z,100.0,Sense
2025-03-31T19:12:36Z,99.0,Sense
2025-03-31T19:12:46Z,100.0,Sense
2025-03-31T19:12:51Z,98.0,Sense
2025-03-31T19:12:56Z,97.0,Sense
2025-03-31T19:13:06Z,100.0,Sense
2025-03-31T19:13:11Z,108.0,Sense
2025-03-31T19:13:21Z,107.0,Sense
2025-03-31T19:13:26Z,104.0,Sense
2025-03-31T19:13:31Z,106.0,Sense
2025-03-31T19:13:36Z,107.0,Sense
2025-03-31T19:13:41Z,106.0,Sense
2025-03-31T19:13:46Z,107.0,Sense
2025-03-31T19:13:51Z,111.0,Sense
2025-03-31T19:14:01Z,108.0,Sense
2025-03-31T19:14:06Z,105.0,Sense
2025-03-31T19:14:11Z,103.0,Sense
2025-03-31T19:14:16Z,101.0,Sense
2025-03-31T19:14:21Z,100.0,Sense
2025-03-31T19:14:26Z,96.0,Sense
2025-03-31T19:14:31Z,95.0,Sense
2025-03-31T19:14:41Z,96.0,Sense
2025-03-31T19:14:46Z,97.0,Sense
2025-03-31T19:14:51Z,96.0,Sense
2025-03-31T19:15:01Z,94.0,Sense
2025-03-31T19:15:16Z,94.0,Sense
2025-03-31T19:15:21Z,95.0,Sense
2025-03-31T19:15:31Z,96.0,Sense
2025-03-31T19:15:36Z,95.0,Sense
2025-03-31T19:15:41Z,93.0,Sense
2025-03-31T19:15:46Z,92.0,Sense
2025-03-31T19:16:01Z,92.0,Sense
2025-03-31T19:16:06Z,88.0,Sense
2025-03-31T19:16:11Z,86.0,Sense
2025-03-31T19:16:16Z,87.0,Sense
2025-03-31T19:16:21Z,89.0,Sense
2025-03-31T19:16:26Z,90.0,Sense
2025-03-31T19:16:41Z,91.0,Sense
2025-03-31T19:16:46Z,91.0,Sense
2025-03-31T19:16:51Z,92.0,Sense
2025-03-31T19:17:01Z,91.0,Sense
2025-03-31T19:17:06Z,90.0,Sense
2025-03-31T19:17:11Z,89.0,Sense
2025-03-31T19:17:16Z,90.0,Sense
2025-03-31T19:17:26Z,92.0,Sense
2025-03-31T19:17:36Z,91.0,Sense
2025-03-31T19:17:41Z,90.0,Sense
2025-03-31T19:17:51Z,91.0,Sense
2025-03-31T19:17:56Z,93.0,Sense
2025-03-31T19:18:01Z,95.0,Sense
2025-03-31T19:18:11Z,93.0,Sense
2025-03-31T19:18:16Z,91.0,Sense
2025-03-31T19:18:26Z,92.0,Sense
2025-03-31T19:18:31Z,93.0,Sense
2025-03-31T19:18:41Z,94.0,Sense
2025-03-31T19:18:46Z,95.0,Sense
2025-03-31T19:18:51Z,97.0,Sense
2025-03-31T19:19:01Z,96.0,Sense
2025-03-31T19:19:06Z,93.0,Sense
2025-03-31T19:19:11Z,85.0,Sense
2025-03-31T19:19:26Z,86.0,Sense
2025-03-31T19:19:31Z,87.0,Sense
2025-03-31T19:19:41Z,88.0,Sense
2025-03-31T19:19:56Z,89.0,Sense
2025-03-31T19:20:11Z,89.0,Sense
2025-03-31T19:20:26Z,88.0,Sense
2025-03-31T19:20:31Z,89.0,Sense
2025-03-31T19:20:36Z,90.0,Sense
2025-03-31T19:20:41Z,91.0,Sense
2025-03-31T19:20:46Z,92.0,Sense
2025-03-31T19:21:01Z,86.0,Sense
2025-03-31T19:21:06Z,85.0,Sense
2025-03-31T19:21:11Z,86.0,Sense
2025-03-31T19:21:26Z,86.0,Sense
2025-03-31T19:21:31Z,87.0,Sense
2025-03-31T19:21:36Z,89.0,Sense
2025-03-31T19:21:41Z,88.0,Sense
2025-03-31T19:21:46Z,104.0,Sense
2025-03-31T19:21:51Z,113.0,Sense
2025-03-31T19:21:56Z,114.0,Sense
2025-03-31T19:22:01Z,119.0,Sense
2025-03-31T19:22:11Z,118.0,Sense
2025-03-31T19:22:16Z,117.0,Sense
2025-03-31T19:22:21Z,115.0,Sense
2025-03-31T19:22:26Z,113.0,Sense
2025-03-31T19:22:31Z,110.0,Sense
2025-03-31T19:22:36Z,107.0,Sense
2025-03-31T19:22:41Z,102.0,Sense
2025-03-31T19:22:46Z,98.0,Sense
2025-03-31T19:22:51Z,97.0,Sense
2025-03-31T19:22:56Z,98.0,Sense
2025-03-31T19:23:01Z,99.0,Sense
2025-03-31T19:23:06Z,103.0,Sense
2025-03-31T19:23:11Z,104.0,Sense
2025-03-31T19:23:16Z,105.0,Sense
2025-03-31T19:23:26Z,103.0,Sense
2025-03-31T19:23:31Z,94.0,Sense
2025-03-31T19:23:36Z,90.0,Sense
2025-03-31T19:23:41Z,91.0,Sense
2025-03-31T19:23:46Z,92.0,Sense
2025-03-31T19:23:51Z,91.0,Sense
2025-03-31T19:23:56Z,91.0,Sense
2025-03-31T19:24:06Z,90.0,Sense
2025-03-31T19:24:16Z,91.0,Sense
2025-03-31T19:24:21Z,90.0,Sense
2025-03-31T19:24:36Z,89.0,Sense
2025-03-31T19:24:41Z,90.0,Sense
2025-03-31T19:24:46Z,89.0,Sense
2025-03-31T19:24:51Z,90.0,Sense
2025-03-31T19:24:56Z,92.0,Sense
2025-03-31T19:25:01Z,93.0,Sense
2025-03-31T19:25:06Z,95.0,Sense
2025-03-31T19:25:11Z,96.0,Sense
2025-03-31T19:25:16Z,97.0,Sense
2025-03-31T19:25:21Z,96.0,Sense
2025-03-31T19:25:26Z,88.0,Sense
2025-03-31T19:25:31Z,85.0,Sense
2025-03-31T19:25:36Z,86.0,Sense
2025-03-31T19:25:41Z,87.0,Sense
2025-03-31T19:25:51Z,87.0,Sense
2025-03-31T19:26:01Z,86.0,Sense
2025-03-31T19:26:11Z,87.0,Sense
2025-03-31T19:26:16Z,88.0,Sense
2025-03-31T19:26:21Z,89.0,Sense
2025-03-31T19:26:31Z,90.0,Sense
2025-03-31T19:26:46Z,97.0,Sense
2025-03-31T19:26:51Z,107.0,Sense
2025-03-31T19:27:06Z,106.0,Sense
2025-03-31T19:27:11Z,105.0,Sense
2025-03-31T19:27:16Z,101.0,Sense
2025-03-31T19:27:21Z,101.0,Sense
2025-03-31T19:27:26Z,98.0,Sense
2025-03-31T19:27:31Z,94.0,Sense
2025-03-31T19:27:41Z,93.0,Sense
2025-03-31T19:27:56Z,90.0,Sense
2025-03-31T19:28:01Z,89.0,Sense
2025-03-31T19:28:06Z,90.0,Sense
2025-03-31T19:28:11Z,98.0,Sense
2025-03-31T19:28:16Z,105.0,Sense
2025-03-31T19:28:21Z,104.0,Sense
2025-03-31T19:28:31Z,103.0,Sense
2025-03-31T19:28:36Z,102.0,Sense
2025-03-31T19:28:41Z,103.0,Sense
2025-03-31T19:28:46Z,103.0,Sense
2025-03-31T19:28:51Z,102.0,Sense
2025-03-31T19:28:56Z,103.0,Sense
2025-03-31T19:29:06Z,104.0,Sense
2025-03-31T19:29:11Z,103.0,Sense
2025-03-31T19:29:16Z,100.0,Sense
2025-03-31T19:29:21Z,99.0,Sense
2025-03-31T19:29:31Z,100.0,Sense
2025-03-31T19:29:46Z,100.0,Sense
2025-03-31T19:29:51Z,99.0,Sense
2025-03-31T19:30:06Z,97.0,Sense
2025-03-31T19:30:11Z,95.0,Sense
2025-03-31T19:30:16Z,94.0,Sense
2025-03-31T19:30:31Z,93.0,Sense
2025-03-31T19:30:41Z,92.0,Sense
2025-03-31T19:30:56Z,92.0,Sense
2025-03-31T19:31:01Z,91.0,Sense
2025-03-31T19:31:06Z,93.0,Sense
2025-03-31T19:31:11Z,99.0,Sense
2025-03-31T19:31:16Z,108.0,Sense
2025-03-31T19:31:26Z,109.0,Sense
2025-03-31T19:31:31Z,107.0,Sense
2025-03-31T19:31:36Z,105.0,Sense
2025-03-31T19:31:41Z,107.0,Sense
2025-03-31T19:31:46Z,108.0,Sense
2025-03-31T19:32:01Z,108.0,Sense
2025-03-31T19:32:06Z,107.0,Sense
2025-03-31T19:32:11Z,106.0,Sense
2025-03-31T19:32:21Z,101.0,Sense
2025-03-31T19:32:26Z,94.0,Sense
2025-03-31T19:32:31Z,95.0,Sense
2025-03-31T19:32:46Z,96.0,Sense
2025-03-31T19:32:56Z,98.0,Sense
2025-03-31T19:33:01Z,99.0,Sense
2025-03-31T19:33:16Z,99.0,Sense
2025-03-31T19:33:21Z,100.0,Sense
2025-03-31T19:33:26Z,99.0,Sense
2025-03-31T19:33:36Z,97.0,Sense
2025-03-31T19:33:46Z,96.0,Sense
2025-03-31T19:34:01Z,98.0,Sense
2025-03-31T19:34:11Z,100.0,Sense
2025-03-31T19:34:16Z,99.0,Sense
2025-03-31T19:34:21Z,100.0,Sense
2025-03-31T19:34:26Z,104.0,Sense
2025-03-31T19:34:31Z,128.0,Sense
2025-03-31T19:34:46Z,128.0,Sense
2025-03-31T19:34:51Z,125.0,Sense
2025-03-31T19:34:56Z,147.0,Sense
2025-03-31T19:35:01Z,153.0,Sense
2025-03-31T19:35:16Z,153.0,Sense
2025-03-31T19:35:26Z,154.0,Sense
2025-03-31T19:35:31Z,151.0,Sense
2025-03-31T19:35:36Z,156.0,Sense
2025-03-31T19:35:41Z,158.0,Sense
2025-03-31T19:35:46Z,155.0,Sense
2025-03-31T19:35:51Z,147.0,Sense
2025-03-31T19:35:56Z,145.0,Sense
2025-03-31T19:36:01Z,143.0,Sense
2025-03-31T19:36:06Z,136.0,Sense
2025-03-31T19:36:11Z,130.0,Sense
2025-03-31T19:36:21Z,135.0,Sense
2025-03-31T19:36:26Z,140.0,Sense
2025-03-31T19:36:31Z,139.0,Sense
2025-03-31T19:36:36Z,137.0,Sense
2025-03-31T19:36:41Z,134.0,Sense
2025-03-31T19:36:46Z,133.0,Sense
2025-03-31T19:36:51Z,147.0,Sense
2025-03-31T19:36:56Z,148.0,Sense
2025-03-31T19:37:01Z,144.0,Sense
2025-03-31T19:37:06Z,145.0,Sense
2025-03-31T19:37:11Z,148.0,Sense
2025-03-31T19:37:26Z,148.0,Sense
2025-03-31T19:37:31Z,146.0,Sense
2025-03-31T19:37:36Z,150.0,Sense
2025-03-31T19:37:41Z,155.0,Sense
2025-03-31T19:37:51Z,160.0,Sense
2025-03-31T19:37:56Z,161.0,Sense
2025-03-31T19:38:06Z,159.0,Sense
2025-03-31T19:38:11Z,155.0,Sense
2025-03-31T19:38:21Z,150.0,Sense
2025-03-31T19:38:26Z,144.0,Sense
2025-03-31T19:38:31Z,138.0,Sense
2025-03-31T19:38:36Z,135.0,Sense
2025-03-31T19:38:41Z,134.0,Sense
2025-03-31T19:38:46Z,131.0,Sense
2025-03-31T19:38:51Z,129.0,Sense
2025-03-31T19:38:56Z,133.0,Sense
2025-03-31T19:39:01Z,130.0,Sense
2025-03-31T19:39:06Z,128.0,Sense
2025-03-31T19:39:11Z,129.0,Sense
2025-03-31T19:39:16Z,132.0,Sense
2025-03-31T19:39:31Z,131.0,Sense
2025-03-31T19:39:36Z,128.0,Sense
2025-03-31T19:39:41Z,121.0,Sense
2025-03-31T19:39:46Z,115.0,Sense
2025-03-31T19:39:51Z,109.0,Sense
2025-03-31T19:39:56Z,105.0,Sense
2025-03-31T19:40:01Z,106.0,Sense
2025-03-31T19:40:06Z,108.0,Sense
2025-03-31T19:40:11Z,107.0,Sense
2025-03-31T19:40:16Z,103.0,Sense
2025-03-31T19:40:21Z,96.0,Sense
2025-03-31T19:40:26Z,95.0,Sense
2025-03-31T19:40:31Z,92.0,Sense
2025-03-31T19:40:41Z,93.0,Sense
2025-03-31T19:40:46Z,85.0,Sense
2025-03-31T19:40:51Z,83.0,Sense
2025-03-31T19:41:01Z,85.0,Sense
2025-03-31T19:41:06Z,91.0,Sense
2025-03-31T19:41:16Z,92.0,Sense
2025-03-31T19:41:21Z,93.0,Sense
2025-03-31T19:41:31Z,92.0,Sense
2025-03-31T19:41:36Z,94.0,Sense
2025-03-31T19:41:41Z,84.0,Sense
2025-03-31T19:41:46Z,80.0,Sense
2025-03-31T19:41:56Z,81.0,Sense
2025-03-31T19:42:01Z,82.0,Sense
2025-03-31T19:42:06Z,83.0,Sense
2025-03-31T19:42:11Z,85.0,Sense
2025-03-31T19:42:21Z,87.0,Sense
2025-03-31T19:42:31Z,88.0,Sense
2025-03-31T19:42:41Z,90.0,Sense
2025-03-31T19:42:46Z,92.0,Sense
2025-03-31T19:42:51Z,93.0,Sense
2025-03-31T19:42:56Z,94.0,Sense
2025-03-31T19:43:11Z,96.0,Sense
2025-03-31T19:43:16Z,98.0,Sense
2025-03-31T19:43:21Z,97.0,Sense
2025-03-31T19:43:26Z,99.0,Sense
2025-03-31T19:43:31Z,98.0,Sense
2025-03-31T19:43:46Z,98.0,Sense
2025-03-31T19:43:56Z,99.0,Sense
2025-03-31T19:44:01Z,98.0,Sense
2025-03-31T19:44:06Z,96.0,Sense
2025-03-31T19:44:16Z,95.0,Sense
2025-03-31T19:44:31Z,96.0,Sense
2025-03-31T19:44:36Z,96.0,Sense
2025-03-31T19:44:46Z,98.0,Sense
2025-03-31T19:44:51Z,100.0,Sense
2025-03-31T19:44:56Z,99.0,Sense
2025-03-31T19:45:11Z,102.0,Sense
2025-03-31T19:45:16Z,104.0,Sense
2025-03-31T19:45:21Z,105.0,Sense
2025-03-31T19:45:26Z,107.0,Sense
2025-03-31T19:45:31Z,106.0,Sense
2025-03-31T19:45:36Z,107.0,Sense
2025-03-31T19:45:41Z,106.0,Sense
2025-03-31T19:45:46Z,105.0,Sense
2025-03-31T19:45:56Z,104.0,Sense
2025-03-31T19:46:01Z,102.0,Sense
2025-03-31T19:46:06Z,103.0,Sense
2025-03-31T19:46:11Z,104.0,Sense
2025-03-31T19:46:21Z,98.0,Sense
2025-03-31T19:46:26Z,95.0,Sense
2025-03-31T19:46:41Z,93.0,Sense
2025-03-31T19:46:56Z,93.0,Sense
2025-03-31T19:47:06Z,94.0,Sense
2025-03-31T19:47:11Z,96.0,Sense
2025-03-31T19:47:16Z,98.0,Sense
2025-03-31T19:47:21Z,99.0,Sense
2025-03-31T19:47:26Z,100.0,Sense
2025-03-31T19:47:36Z,94.0,Sense
2025-03-31T19:47:41Z,93.0,Sense
2025-03-31T19:47:56Z,93.0,Sense
2025-03-31T19:48:01Z,93.0,Sense
2025-03-31T19:48:16Z,93.0,Sense
2025-03-31T19:48:21Z,95.0,Sense
2025-03-31T19:48:26Z,96.0,Sense
2025-03-31T19:48:31Z,93.0,Sense
2025-03-31T19:48:36Z,91.0,Sense
2025-03-31T19:48:46Z,92.0,Sense
2025-03-31T19:48:51Z,93.0,Sense
2025-03-31T19:49:01Z,94.0,Sense
2025-03-31T19:49:06Z,95.0,Sense
2025-03-31T19:49:11Z,96.0,Sense
2025-03-31T19:49:16Z,98.0,Sense
2025-03-31T19:49:26Z,99.0,Sense
2025-03-31T19:49:31Z,100.0,Sense
2025-03-31T19:49:41Z,99.0,Sense
2025-03-31T19:49:46Z,99.0,Sense
2025-03-31T19:49:51Z,98.0,Sense
2025-03-31T19:49:56Z,97.0,Sense
2025-03-31T19:50:06Z,96.0,Sense
2025-03-31T19:50:16Z,97.0,Sense
2025-03-31T19:50:21Z,98.0,Sense
2025-03-31T19:50:31Z,99.0,Sense
2025-03-31T19:50:36Z,98.0,Sense
2025-03-31T19:50:46Z,97.0,Sense
2025-03-31T19:50:51Z,92.0,Sense
2025-03-31T19:50:56Z,91.0,Sense
2025-03-31T19:51:06Z,92.0,Sense
2025-03-31T19:51:16Z,92.0,Sense
2025-03-31T19:51:21Z,93.0,Sense
2025-03-31T19:51:26Z,94.0,Sense
2025-03-31T19:51:41Z,97.0,Sense
2025-03-31T19:51:46Z,98.0,Sense
2025-03-31T19:52:01Z,99.0,Sense
2025-03-31T19:52:16Z,99.0,Sense
2025-03-31T19:52:21Z,98.0,Sense
2025-03-31T19:52:26Z,99.0,Sense
2025-03-31T19:52:41Z,99.0,Sense
2025-03-31T19:52:46Z,98.0,Sense
2025-03-31T19:52:51Z,99.0,Sense
2025-03-31T19:53:01Z,97.0,Sense
2025-03-31T19:53:06Z,96.0,Sense
2025-03-31T19:53:11Z,94.0,Sense
2025-03-31T19:53:21Z,95.0,Sense
2025-03-31T19:53:26Z,96.0,Sense
2025-03-31T19:53:31Z,98.0,Sense
2025-03-31T19:53:36Z,99.0,Sense
2025-03-31T19:53:41Z,100.0,Sense
2025-03-31T19:53:46Z,101.0,Sense
2025-03-31T19:53:56Z,100.0,Sense
2025-03-31T19:54:01Z,98.0,Sense
2025-03-31T19:54:11Z,99.0,Sense
2025-03-31T19:54:16Z,101.0,Sense
2025-03-31T19:54:26Z,100.0,Sense
2025-03-31T19:54:36Z,99.0,Sense
2025-03-31T19:54:41Z,98.0,Sense
2025-03-31T19:54:46Z,97.0,Sense
2025-03-31T19:54:51Z,98.0,Sense
2025-03-31T19:55:06Z,98.0,Sense
2025-03-31T19:55:11Z,103.0,Sense
2025-03-31T19:55:16Z,104.0,Sense
2025-03-31T19:55:21Z,105.0,Sense
2025-03-31T19:55:26Z,107.0,Sense
2025-03-31T19:55:31Z,106.0,Sense
2025-03-31T19:55:36Z,105.0,Sense
2025-03-31T19:55:41Z,103.0,Sense
2025-03-31T19:55:46Z,104.0,Sense
2025-03-31T19:55:51Z,103.0,Sense
2025-03-31T19:55:56Z,102.0,Sense
2025-03-31T19:56:01Z,104.0,Sense
2025-03-31T19:56:06Z,105.0,Sense
2025-03-31T19:56:11Z,103.0,Sense
2025-03-31T19:56:16Z,102.0,Sense
2025-03-31T19:56:21Z,101.0,Sense
2025-03-31T19:56:31Z,100.0,Sense
2025-03-31T19:56:36Z,99.0,Sense
2025-03-31T19:56:46Z,100.0,Sense
2025-03-31T19:56:51Z,101.0,Sense
2025-03-31T19:56:56Z,102.0,Sense
2025-03-31T19:57:01Z,101.0,Sense
2025-03-31T19:57:06Z,100.0,Sense
2025-03-31T19:57:11Z,99.0,Sense
2025-03-31T19:57:21Z,98.0,Sense
2025-03-31T19:57:26Z,99.0,Sense
2025-03-31T19:57:31Z,94.0,Sense
2025-03-31T19:57:36Z,88.0,Sense
2025-03-31T19:57:46Z,89.0,Sense
2025-03-31T19:57:51Z,90.0,Sense
2025-03-31T19:57:56Z,91.0,Sense
2025-03-31T19:58:01Z,93.0,Sense
2025-03-31T19:58:06Z,92.0,Sense
2025-03-31T19:58:21Z,93.0,Sense
2025-03-31T19:58:31Z,94.0,Sense
2025-03-31T19:58:41Z,95.0,Sense
2025-03-31T19:58:51Z,96.0,Sense
2025-03-31T19:58:56Z,97.0,Sense
2025-03-31T19:59:01Z,95.0,Sense
2025-03-31T19:59:11Z,96.0,Sense
2025-03-31T19:59:16Z,98.0,Sense
2025-03-31T19:59:21Z,99.0,Sense
2025-03-31T19:59:31Z,98.0,Sense
2025-03-31T19:59:36Z,99.0,Sense
2025-03-31T19:59:41Z,102.0,Sense
2025-03-31T19:59:46Z,103.0,Sense
2025-03-31T19:59:51Z,104.0,Sense
2025-03-31T19:59:56Z,103.0,Sense
2025-03-31T20:00:06Z,102.0,Sense
2025-03-31T20:00:11Z,101.0,Sense
2025-03-31T20:00:16Z,102.0,Sense
2025-03-31T20:00:21Z,105.0,Sense
2025-03-31T20:00:26Z,107.0,Sense
2025-03-31T20:00:31Z,106.0,Sense
2025-03-31T20:00:36Z,105.0,Sense
2025-03-31T20:00:41Z,106.0,Sense
2025-03-31T20:00:46Z,102.0,Sense
2025-03-31T20:00:51Z,101.0,Sense
2025-03-31T20:00:56Z,103.0,Sense
2025-03-31T20:01:01Z,104.0,Sense
2025-03-31T20:01:06Z,103.0,Sense
2025-03-31T20:01:11Z,102.0,Sense
2025-03-31T20:01:16Z,101.0,Sense
2025-03-31T20:01:26Z,103.0,Sense
2025-03-31T20:01:36Z,124.0,Sense
2025-03-31T20:01:41Z,140.0,Sense
2025-03-31T20:01:46Z,144.0,Sense
2025-03-31T20:01:51Z,145.0,Sense
2025-03-31T20:01:56Z,142.0,Sense
2025-03-31T20:02:01Z,141.0,Sense
2025-03-31T20:02:11Z,141.0,Sense
2025-03-31T20:02:16Z,144.0,Sense
2025-03-31T20:02:21Z,143.0,Sense
2025-03-31T20:02:26Z,142.0,Sense
2025-03-31T20:02:36Z,140.0,Sense
2025-03-31T20:02:41Z,138.0,Sense
2025-03-31T20:02:46Z,132.0,Sense
2025-03-31T20:02:51Z,126.0,Sense
2025-03-31T20:02:56Z,124.0,Sense
2025-03-31T20:03:01Z,119.0,Sense
2025-03-31T20:03:06Z,112.0,Sense
2025-03-31T20:03:11Z,129.0,Sense
2025-03-31T20:03:16Z,130.0,Sense
2025-03-31T20:03:31Z,129.0,Sense
2025-03-31T20:03:36Z,125.0,Sense
2025-03-31T20:03:41Z,120.0,Sense
2025-03-31T20:03:46Z,116.0,Sense
2025-03-31T20:03:51Z,112.0,Sense
2025-03-31T20:03:56Z,111.0,Sense
2025-03-31T20:04:01Z,109.0,Sense
2025-03-31T20:04:06Z,108.0,Sense
2025-03-31T20:04:16Z,105.0,Sense
2025-03-31T20:04:26Z,109.0,Sense
2025-03-31T20:04:31Z,111.0,Sense
2025-03-31T20:04:36Z,110.0,Sense
2025-03-31T20:04:41Z,111.0,Sense
2025-03-31T20:04:46Z,116.0,Sense
2025-03-31T20:04:51Z,118.0,Sense
2025-03-31T20:04:56Z,127.0,Sense
2025-03-31T20:05:01Z,159.0,Sense
2025-03-31T20:05:06Z,158.0,Sense
2025-03-31T20:05:11Z,159.0,Sense
2025-03-31T20:05:16Z,158.0,Sense
2025-03-31T20:05:21Z,155.0,Sense
2025-03-31T20:05:26Z,154.0,Sense
2025-03-31T20:05:31Z,150.0,Sense
2025-03-31T20:05:41Z,151.0,Sense
2025-03-31T20:05:46Z,156.0,Sense
2025-03-31T20:05:51Z,158.0,Sense
2025-03-31T20:05:56Z,150.0,Sense
2025-03-31T20:06:01Z,139.0,Sense
2025-03-31T20:06:06Z,130.0,Sense
2025-03-31T20:06:11Z,125.0,Sense
2025-03-31T20:06:16Z,142.0,Sense
2025-03-31T20:06:21Z,146.0,Sense
2025-03-31T20:06:26Z,145.0,Sense
2025-03-31T20:06:31Z,146.0,Sense
2025-03-31T20:06:36Z,145.0,Sense
2025-03-31T20:06:41Z,143.0,Sense
2025-03-31T20:06:46Z,141.0,Sense
2025-03-31T20:06:51Z,137.0,Sense
2025-03-31T20:06:56Z,134.0,Sense
2025-03-31T20:07:01Z,126.0,Sense
2025-03-31T20:07:06Z,119.0,Sense
2025-03-31T20:07:11Z,117.0,Sense
2025-03-31T20:07:21Z,121.0,Sense
2025-03-31T20:07:26Z,123.0,Sense
2025-03-31T20:07:31Z,122.0,Sense
2025-03-31T20:07:36Z,120.0,Sense
2025-03-31T20:07:41Z,118.0,Sense
2025-03-31T20:07:46Z,121.0,Sense
2025-03-31T20:07:51Z,125.0,Sense
2025-03-31T20:08:01Z,127.0,Sense
2025-03-31T20:08:06Z,122.0,Sense
2025-03-31T20:08:11Z,119.0,Sense
2025-03-31T20:08:21Z,136.0,Sense
2025-03-31T20:08:26Z,137.0,Sense
2025-03-31T20:08:31Z,138.0,Sense
2025-03-31T20:08:36Z,137.0,Sense
2025-03-31T20:08:41Z,132.0,Sense
2025-03-31T20:08:46Z,132.0,Sense
2025-03-31T20:08:51Z,130.0,Sense
2025-03-31T20:08:56Z,127.0,Sense
2025-03-31T20:09:11Z,126.0,Sense
2025-03-31T20:09:21Z,124.0,Sense
2025-03-31T20:09:26Z,123.0,Sense
2025-03-31T20:09:31Z,118.0,Sense
2025-03-31T20:09:36Z,117.0,Sense
2025-03-31T20:09:41Z,124.0,Sense
2025-03-31T20:09:46Z,128.0,Sense
2025-03-31T20:09:56Z,129.0,Sense
2025-03-31T20:10:01Z,128.0,Sense
2025-03-31T20:10:06Z,131.0,Sense
2025-03-31T20:10:16Z,125.0,Sense
2025-03-31T20:10:21Z,117.0,Sense
2025-03-31T20:10:26Z,116.0,Sense
2025-03-31T20:10:31Z,114.0,Sense
2025-03-31T20:10:36Z,107.0,Sense
2025-03-31T20:10:41Z,102.0,Sense
2025-03-31T20:10:46Z,91.0,Sense
2025-03-31T20:10:51Z,92.0,Sense
2025-03-31T20:10:56Z,90.0,Sense
2025-03-31T20:11:06Z,90.0,Sense
2025-03-31T20:11:16Z,81.0,Sense
2025-03-31T20:11:21Z,78.0,Sense
2025-03-31T20:11:26Z,79.0,Sense
2025-03-31T20:11:41Z,88.0,Sense
2025-03-31T20:11:46Z,113.0,Sense
2025-03-31T20:11:51Z,111.0,Sense
2025-03-31T20:12:01Z,110.0,Sense
2025-03-31T20:12:06Z,107.0,Sense
2025-03-31T20:12:11Z,102.0,Sense
2025-03-31T20:12:26Z,102.0,Sense
2025-03-31T20:12:31Z,94.0,Sense
2025-03-31T20:12:36Z,93.0,Sense
2025-03-31T20:12:41Z,99.0,Sense
2025-03-31T20:12:46Z,100.0,Sense
2025-03-31T20:13:01Z,99.0,Sense
2025-03-31T20:13:06Z,101.0,Sense
2025-03-31T20:13:11Z,107.0,Sense
2025-03-31T20:13:16Z,106.0,Sense
2025-03-31T20:13:21Z,104.0,Sense
2025-03-31T20:13:26Z,108.0,Sense
2025-03-31T20:13:31Z,109.0,Sense
2025-03-31T20:13:36Z,110.0,Sense
2025-03-31T20:13:46Z,114.0,Sense
2025-03-31T20:13:51Z,116.0,Sense
2025-03-31T20:13:56Z,111.0,Sense
2025-03-31T20:14:01Z,109.0,Sense
2025-03-31T20:14:06Z,115.0,Sense
2025-03-31T20:14:11Z,128.0,Sense
2025-03-31T20:14:26Z,127.0,Sense
2025-03-31T20:14:31Z,125.0,Sense
2025-03-31T20:14:36Z,117.0,Sense
2025-03-31T20:14:41Z,113.0,Sense
2025-03-31T20:14:51Z,110.0,Sense
2025-03-31T20:15:06Z,108.0,Sense
2025-03-31T20:15:16Z,111.0,Sense
2025-03-31T20:15:21Z,114.0,Sense
2025-03-31T20:15:26Z,112.0,Sense
2025-03-31T20:15:31Z,107.0,Sense
2025-03-31T20:15:36Z,106.0,Sense
2025-03-31T20:15:41Z,105.0,Sense
2025-03-31T20:15:46Z,135.0,Sense
2025-03-31T20:15:51Z,147.0,Sense
2025-03-31T20:15:56Z,145.0,Sense
2025-03-31T20:16:01Z,142.0,Sense
2025-03-31T20:16:06Z,141.0,Sense
2025-03-31T20:16:11Z,137.0,Sense
2025-03-31T20:16:16Z,135.0,Sense
2025-03-31T20:16:21Z,133.0,Sense
2025-03-31T20:16:26Z,130.0,Sense
2025-03-31T20:16:31Z,132.0,Sense
2025-03-31T20:16:36Z,135.0,Sense
2025-03-31T20:16:41Z,124.0,Sense
2025-03-31T20:16:46Z,122.0,Sense
2025-03-31T20:16:51Z,125.0,Sense
2025-03-31T20:16:56Z,129.0,Sense
2025-03-31T20:17:01Z,132.0,Sense
2025-03-31T20:17:06Z,130.0,Sense
2025-03-31T20:17:11Z,127.0,Sense
2025-03-31T20:17:16Z,129.0,Sense
2025-03-31T20:17:21Z,127.0,Sense
2025-03-31T20:17:26Z,126.0,Sense
2025-03-31T20:17:31Z,119.0,Sense
2025-03-31T20:17:36Z,120.0,Sense
2025-03-31T20:17:46Z,117.0,Sense
2025-03-31T20:17:51Z,114.0,Sense
2025-03-31T20:17:56Z,108.0,Sense
2025-03-31T20:18:01Z,101.0,Sense
2025-03-31T20:18:06Z,95.0,Sense
2025-03-31T20:18:11Z,90.0,Sense
2025-03-31T20:18:16Z,84.0,Sense
2025-03-31T20:18:21Z,87.0,Sense
2025-03-31T20:18:26Z,89.0,Sense
2025-03-31T20:18:31Z,90.0,Sense
2025-03-31T20:18:36Z,91.0,Sense
2025-03-31T20:18:41Z,89.0,Sense
2025-03-31T20:18:46Z,75.0,Sense
2025-03-31T20:18:51Z,73.0,Sense
2025-03-31T20:19:01Z,75.0,Sense
2025-03-31T20:19:11Z,72.0,Sense
2025-03-31T20:19:16Z,69.0,Sense
2025-03-31T20:19:26Z,70.0,Sense
2025-03-31T20:19:31Z,87.0,Sense
2025-03-31T20:19:36Z,92.0,Sense
2025-03-31T20:19:41Z,93.0,Sense
2025-03-31T20:19:46Z,94.0,Sense
2025-03-31T20:19:51Z,95.0,Sense
2025-03-31T20:20:01Z,93.0,Sense
2025-03-31T20:20:11Z,94.0,Sense
2025-03-31T20:20:16Z,95.0,Sense
2025-03-31T20:20:21Z,93.0,Sense
2025-03-31T20:20:26Z,88.0,Sense
2025-03-31T20:20:31Z,90.0,Sense
2025-03-31T20:20:41Z,100.0,Sense
2025-03-31T20:20:46Z,105.0,Sense
2025-03-31T20:21:01Z,106.0,Sense
2025-03-31T20:21:06Z,109.0,Sense
2025-03-31T20:21:11Z,108.0,Sense
2025-03-31T20:21:16Z,105.0,Sense
2025-03-31T20:21:21Z,103.0,Sense
2025-03-31T20:21:26Z,104.0,Sense
2025-03-31T20:21:36Z,103.0,Sense
2025-03-31T20:21:41Z,104.0,Sense
2025-03-31T20:21:46Z,103.0,Sense
2025-03-31T20:21:56Z,102.0,Sense
2025-03-31T20:22:01Z,98.0,Sense
2025-03-31T20:22:06Z,96.0,Sense
2025-03-31T20:22:11Z,88.0,Sense
2025-03-31T20:22:16Z,85.0,Sense
2025-03-31T20:22:21Z,83.0,Sense
2025-03-31T20:22:26Z,82.0,Sense
2025-03-31T20:22:31Z,80.0,Sense
2025-03-31T20:22:36Z,78.0,Sense
2025-03-31T20:22:41Z,81.0,Sense
2025-03-31T20:22:46Z,80.0,Sense
2025-03-31T20:22:51Z,71.0,Sense
2025-03-31T20:22:56Z,76.0,Sense
2025-03-31T20:23:01Z,81.0,Sense
2025-03-31T20:23:11Z,89.0,Sense
2025-03-31T20:23:16Z,90.0,Sense
2025-03-31T20:23:21Z,91.0,Sense
2025-03-31T20:23:36Z,91.0,Sense
2025-03-31T20:23:41Z,92.0,Sense
2025-03-31T20:23:56Z,92.0,Sense
2025-03-31T20:24:01Z,93.0,Sense
2025-03-31T20:24:11Z,92.0,Sense
2025-03-31T20:24:26Z,91.0,Sense
2025-03-31T20:24:31Z,92.0,Sense
2025-03-31T20:24:36Z,93.0,Sense
2025-03-31T20:24:41Z,98.0,Sense
2025-03-31T20:24:46Z,109.0,Sense
2025-03-31T20:24:51Z,115.0,Sense
2025-03-31T20:24:56Z,118.0,Sense
2025-03-31T20:25:01Z,117.0,Sense
2025-03-31T20:25:16Z,116.0,Sense
2025-03-31T20:25:21Z,112.0,Sense
2025-03-31T20:25:26Z,108.0,Sense
2025-03-31T20:25:31Z,107.0,Sense
2025-03-31T20:25:36Z,105.0,Sense
2025-03-31T20:25:41Z,104.0,Sense
2025-03-31T20:25:51Z,103.0,Sense
2025-03-31T20:25:56Z,101.0,Sense
2025-03-31T20:26:01Z,100.0,Sense
2025-03-31T20:26:06Z,101.0,Sense
2025-03-31T20:26:21Z,99.0,Sense
2025-03-31T20:26:26Z,98.0,Sense
2025-03-31T20:26:31Z,95.0,Sense
2025-03-31T20:26:46Z,96.0,Sense
2025-03-31T20:26:51Z,98.0,Sense
2025-03-31T20:27:01Z,97.0,Sense
2025-03-31T20:27:06Z,98.0,Sense
2025-03-31T20:27:11Z,97.0,Sense
2025-03-31T20:27:16Z,90.0,Sense
2025-03-31T20:27:21Z,87.0,Sense
2025-03-31T20:27:26Z,88.0,Sense
2025-03-31T20:27:36Z,89.0,Sense
2025-03-31T20:27:41Z,90.0,Sense
2025-03-31T20:27:56Z,91.0,Sense
2025-03-31T20:28:06Z,92.0,Sense
2025-03-31T20:28:11Z,101.0,Sense
2025-03-31T20:28:16Z,106.0,Sense
2025-03-31T20:28:26Z,102.0,Sense
2025-03-31T20:28:36Z,103.0,Sense
2025-03-31T20:28:41Z,104.0,Sense
2025-03-31T20:28:46Z,102.0,Sense
2025-03-31T20:28:51Z,101.0,Sense
2025-03-31T20:28:56Z,104.0,Sense
2025-03-31T20:29:01Z,105.0,Sense
2025-03-31T20:29:06Z,103.0,Sense
2025-03-31T20:29:11Z,101.0,Sense
2025-03-31T20:29:16Z,102.0,Sense
2025-03-31T20:29:26Z,103.0,Sense
2025-03-31T20:29:31Z,94.0,Sense
2025-03-31T20:29:36Z,93.0,Sense
2025-03-31T20:29:41Z,109.0,Sense
2025-03-31T20:29:46Z,108.0,Sense
2025-03-31T20:29:51Z,110.0,Sense
2025-03-31T20:29:56Z,111.0,Sense
2025-03-31T20:30:01Z,110.0,Sense
2025-03-31T20:30:11Z,112.0,Sense
2025-03-31T20:30:16Z,115.0,Sense
2025-03-31T20:30:26Z,116.0,Sense
2025-03-31T20:30:31Z,115.0,Sense
2025-03-31T20:30:36Z,111.0,Sense
2025-03-31T20:30:46Z,109.0,Sense
2025-03-31T20:30:56Z,108.0,Sense
2025-03-31T20:31:01Z,106.0,Sense
2025-03-31T20:31:06Z,103.0,Sense
2025-03-31T20:31:11Z,104.0,Sense
2025-03-31T20:31:16Z,103.0,Sense
2025-03-31T20:31:26Z,102.0,Sense
2025-03-31T20:31:31Z,99.0,Sense
2025-03-31T20:31:36Z,92.0,Sense
2025-03-31T20:31:41Z,92.0,Sense
2025-03-31T20:31:46Z,93.0,Sense
2025-03-31T20:31:56Z,94.0,Sense
2025-03-31T20:32:01Z,95.0,Sense
2025-03-31T20:32:06Z,96.0,Sense
2025-03-31T20:32:16Z,100.0,Sense
2025-03-31T20:32:21Z,101.0,Sense
2025-03-31T20:32:26Z,100.0,Sense
2025-03-31T20:32:41Z,102.0,Sense
2025-03-31T20:32:46Z,124.0,Sense
2025-03-31T20:32:56Z,125.0,Sense
2025-03-31T20:33:01Z,120.0,Sense
2025-03-31T20:33:06Z,113.0,Sense
2025-03-31T20:33:16Z,111.0,Sense
2025-03-31T20:33:21Z,103.0,Sense
2025-03-31T20:33:26Z,102.0,Sense
2025-03-31T20:33:41Z,104.0,Sense
2025-03-31T20:33:46Z,103.0,Sense
2025-03-31T20:33:51Z,101.0,Sense
2025-03-31T20:33:56Z,102.0,Sense
2025-03-31T20:34:01Z,103.0,Sense
2025-03-31T20:34:06Z,105.0,Sense
2025-03-31T20:34:11Z,106.0,Sense
2025-03-31T20:34:16Z,96.0,Sense
2025-03-31T20:34:21Z,94.0,Sense
2025-03-31T20:34:36Z,94.0,Sense
2025-03-31T20:34:46Z,95.0,Sense
2025-03-31T20:34:51Z,97.0,Sense
2025-03-31T20:34:56Z,98.0,Sense
2025-03-31T20:35:11Z,97.0,Sense
2025-03-31T20:35:16Z,96.0,Sense
2025-03-31T20:35:21Z,97.0,Sense
2025-03-31T20:35:26Z,99.0,Sense
2025-03-31T20:35:31Z,100.0,Sense
2025-03-31T20:35:46Z,99.0,Sense
2025-03-31T20:35:51Z,98.0,Sense
2025-03-31T20:35:56Z,99.0,Sense
2025-03-31T20:36:01Z,101.0,Sense
2025-03-31T20:36:11Z,102.0,Sense
2025-03-31T20:36:16Z,100.0,Sense
2025-03-31T20:36:31Z,99.0,Sense
2025-03-31T20:36:36Z,98.0,Sense
2025-03-31T20:36:41Z,99.0,Sense
2025-03-31T20:36:46Z,101.0,Sense
2025-03-31T20:36:56Z,99.0,Sense
2025-03-31T20:37:01Z,100.0,Sense
2025-03-31T20:37:11Z,98.0,Sense
2025-03-31T20:37:16Z,97.0,Sense
2025-03-31T20:37:26Z,92.0,Sense
2025-03-31T20:37:31Z,91.0,Sense
2025-03-31T20:37:36Z,114.0,Sense
2025-03-31T20:37:46Z,109.0,Sense
2025-03-31T20:38:01Z,109.0,Sense
2025-03-31T20:38:06Z,108.0,Sense
2025-03-31T20:38:11Z,106.0,Sense
2025-03-31T20:38:16Z,107.0,Sense
2025-03-31T20:38:21Z,103.0,Sense
2025-03-31T20:38:26Z,101.0,Sense
2025-03-31T20:38:31Z,98.0,Sense
2025-03-31T20:38:36Z,97.0,Sense
2025-03-31T20:38:41Z,94.0,Sense
2025-03-31T20:38:46Z,90.0,Sense
2025-03-31T20:38:51Z,92.0,Sense
2025-03-31T20:38:56Z,99.0,Sense
2025-03-31T20:39:06Z,97.0,Sense
2025-03-31T20:39:11Z,95.0,Sense
2025-03-31T20:39:21Z,96.0,Sense
2025-03-31T20:39:26Z,97.0,Sense
2025-03-31T20:39:36Z,97.0,Sense
2025-03-31T20:39:46Z,96.0,Sense
2025-03-31T20:39:51Z,95.0,Sense
2025-03-31T20:39:56Z,95.0,Sense
2025-03-31T20:40:06Z,94.0,Sense
2025-03-31T20:40:11Z,95.0,Sense
2025-03-31T20:40:16Z,100.0,Sense
2025-03-31T20:40:21Z,100.0,Sense
2025-03-31T20:40:26Z,99.0,Sense
2025-03-31T20:40:31Z,99.0,Sense
2025-03-31T20:40:36Z,101.0,Sense
2025-03-31T20:40:41Z,103.0,Sense
2025-03-31T20:40:46Z,101.0,Sense
2025-03-31T20:41:01Z,101.0,Sense
2025-03-31T20:41:06Z,100.0,Sense
2025-03-31T20:41:11Z,99.0,Sense
2025-03-31T20:41:21Z,100.0,Sense
2025-03-31T20:41:36Z,100.0,Sense
2025-03-31T20:41:41Z,99.0,Sense
2025-03-31T20:41:51Z,98.0,Sense
2025-03-31T20:41:56Z,98.0,Sense
2025-03-31T20:42:01Z,100.0,Sense
2025-03-31T20:42:06Z,105.0,Sense
2025-03-31T20:42:11Z,106.0,Sense
2025-03-31T20:42:26Z,106.0,Sense
2025-03-31T20:42:31Z,106.0,Sense
2025-03-31T20:42:36Z,105.0,Sense
2025-03-31T20:42:41Z,104.0,Sense
2025-03-31T20:42:46Z,102.0,Sense
2025-03-31T20:42:51Z,100.0,Sense
2025-03-31T20:42:56Z,102.0,Sense
2025-03-31T20:43:11Z,100.0,Sense
2025-03-31T20:43:26Z,104.0,Sense
2025-03-31T20:43:36Z,103.0,Sense
2025-03-31T20:43:41Z,104.0,Sense
2025-03-31T20:43:51Z,103.0,Sense
2025-03-31T20:43:56Z,101.0,Sense
2025-03-31T20:44:01Z,113.0,Sense
2025-03-31T20:44:06Z,138.0,Sense
2025-03-31T20:44:11Z,139.0,Sense
2025-03-31T20:44:26Z,146.0,Sense
2025-03-31T20:44:31Z,151.0,Sense
2025-03-31T20:44:36Z,148.0,Sense
2025-03-31T20:44:41Z,143.0,Sense
2025-03-31T20:44:46Z,141.0,Sense
2025-03-31T20:44:51Z,140.0,Sense
2025-03-31T20:44:56Z,139.0,Sense
2025-03-31T20:45:01Z,137.0,Sense
2025-03-31T20:45:06Z,139.0,Sense
2025-03-31T20:45:11Z,143.0,Sense
2025-03-31T20:45:16Z,148.0,Sense
2025-03-31T20:45:21Z,149.0,Sense
2025-03-31T20:45:26Z,156.0,Sense
2025-03-31T20:45:31Z,162.0,Sense
2025-03-31T20:45:36Z,166.0,Sense
2025-03-31T20:45:41Z,163.0,Sense
2025-03-31T20:45:46Z,161.0,Sense
2025-03-31T20:45:51Z,164.0,Sense
2025-03-31T20:45:56Z,162.0,Sense
2025-03-31T20:46:01Z,159.0,Sense
2025-03-31T20:46:06Z,158.0,Sense
2025-03-31T20:46:16Z,159.0,Sense
2025-03-31T20:46:21Z,160.0,Sense
2025-03-31T20:46:26Z,162.0,Sense
2025-03-31T20:46:31Z,160.0,Sense
2025-03-31T20:46:36Z,152.0,Sense
2025-03-31T20:46:41Z,145.0,Sense
2025-03-31T20:46:46Z,139.0,Sense
2025-03-31T20:46:51Z,138.0,Sense
2025-03-31T20:46:56Z,135.0,Sense
2025-03-31T20:47:01Z,147.0,Sense
2025-03-31T20:47:06Z,161.0,Sense
2025-03-31T20:47:16Z,159.0,Sense
2025-03-31T20:47:21Z,161.0,Sense
2025-03-31T20:47:26Z,170.0,Sense
2025-03-31T20:47:31Z,177.0,Sense
2025-03-31T20:47:36Z,179.0,Sense
2025-03-31T20:47:41Z,173.0,Sense
2025-03-31T20:47:46Z,168.0,Sense
2025-03-31T20:47:51Z,162.0,Sense
2025-03-31T20:47:56Z,158.0,Sense
2025-03-31T20:48:01Z,156.0,Sense
2025-03-31T20:48:16Z,154.0,Sense
2025-03-31T20:48:21Z,153.0,Sense
2025-03-31T20:48:26Z,152.0,Sense
2025-03-31T20:48:31Z,149.0,Sense
2025-03-31T20:48:36Z,145.0,Sense
2025-03-31T20:48:41Z,142.0,Sense
2025-03-31T20:48:46Z,141.0,Sense
2025-03-31T20:48:51Z,140.0,Sense
2025-03-31T20:48:56Z,138.0,Sense
2025-03-31T20:49:01Z,133.0,Sense
2025-03-31T20:49:06Z,126.0,Sense
2025-03-31T20:49:11Z,120.0,Sense
2025-03-31T20:49:16Z,119.0,Sense
2025-03-31T20:49:21Z,123.0,Sense
2025-03-31T20:49:26Z,118.0,Sense
2025-03-31T20:49:31Z,106.0,Sense
2025-03-31T20:49:36Z,108.0,Sense
2025-03-31T20:49:41Z,110.0,Sense
2025-03-31T20:49:56Z,112.0,Sense
2025-03-31T20:50:01Z,112.0,Sense
2025-03-31T20:50:06Z,125.0,Sense
2025-03-31T20:50:11Z,153.0,Sense
2025-03-31T20:50:16Z,152.0,Sense
2025-03-31T20:50:21Z,152.0,Sense
2025-03-31T20:50:26Z,153.0,Sense
2025-03-31T20:50:31Z,159.0,Sense
2025-03-31T20:50:36Z,163.0,Sense
2025-03-31T20:50:41Z,168.0,Sense
2025-03-31T20:50:51Z,165.0,Sense
2025-03-31T20:50:56Z,160.0,Sense
2025-03-31T20:51:01Z,154.0,Sense
2025-03-31T20:51:06Z,158.0,Sense
2025-03-31T20:51:11Z,164.0,Sense
2025-03-31T20:51:16Z,168.0,Sense
2025-03-31T20:51:21Z,174.0,Sense
2025-03-31T20:51:26Z,176.0,Sense
2025-03-31T20:51:31Z,177.0,Sense
2025-03-31T20:51:36Z,179.0,Sense
2025-03-31T20:51:41Z,182.0,Sense
2025-03-31T20:51:46Z,184.0,Sense
2025-03-31T20:51:51Z,183.0,Sense
2025-03-31T20:51:56Z,181.0,Sense
2025-03-31T20:52:01Z,179.0,Sense
2025-03-31T20:52:06Z,176.0,Sense
2025-03-31T20:52:11Z,175.0,Sense
2025-03-31T20:52:21Z,173.0,Sense
2025-03-31T20:52:26Z,171.0,Sense
2025-03-31T20:52:31Z,167.0,Sense
2025-03-31T20:52:36Z,165.0,Sense
2025-03-31T20:52:46Z,161.0,Sense
2025-03-31T20:52:51Z,157.0,Sense
2025-03-31T20:52:56Z,156.0,Sense
2025-03-31T20:53:01Z,161.0,Sense
2025-03-31T20:53:06Z,160.0,Sense
2025-03-31T20:53:11Z,158.0,Sense
2025-03-31T20:53:16Z,158.0,Sense
2025-03-31T20:53:21Z,161.0,Sense
2025-03-31T20:53:31Z,163.0,Sense
2025-03-31T20:53:36Z,165.0,Sense
2025-03-31T20:53:41Z,164.0,Sense
2025-03-31T20:53:46Z,160.0,Sense
2025-03-31T20:53:51Z,157.0,Sense
2025-03-31T20:54:01Z,155.0,Sense
2025-03-31T20:54:06Z,146.0,Sense
2025-03-31T20:54:11Z,137.0,Sense
2025-03-31T20:54:16Z,140.0,Sense
2025-03-31T20:54:31Z,148.0,Sense
2025-03-31T20:54:36Z,140.0,Sense
2025-03-31T20:54:41Z,132.0,Sense
2025-03-31T20:54:46Z,126.0,Sense
2025-03-31T20:54:51Z,119.0,Sense
2025-03-31T20:54:56Z,112.0,Sense
2025-03-31T20:55:01Z,119.0,Sense
2025-03-31T20:55:06Z,130.0,Sense
2025-03-31T20:55:11Z,126.0,Sense
2025-03-31T20:55:16Z,127.0,Sense
2025-03-31T20:55:31Z,127.0,Sense
2025-03-31T20:55:36Z,124.0,Sense
2025-03-31T20:55:41Z,130.0,Sense
2025-03-31T20:55:46Z,138.0,Sense
2025-03-31T20:55:51Z,161.0,Sense
2025-03-31T20:55:56Z,167.0,Sense
2025-03-31T20:56:11Z,165.0,Sense
2025-03-31T20:56:16Z,162.0,Sense
2025-03-31T20:56:21Z,161.0,Sense
2025-03-31T20:56:26Z,154.0,Sense
2025-03-31T20:56:31Z,151.0,Sense
2025-03-31T20:56:36Z,149.0,Sense
2025-03-31T20:56:41Z,153.0,Sense
2025-03-31T20:56:46Z,154.0,Sense
2025-03-31T20:56:51Z,152.0,Sense
2025-03-31T20:56:56Z,149.0,Sense
2025-03-31T20:57:01Z,148.0,Sense
2025-03-31T20:57:06Z,143.0,Sense
2025-03-31T20:57:11Z,132.0,Sense
2025-03-31T20:57:16Z,129.0,Sense
2025-03-31T20:57:21Z,125.0,Sense
2025-03-31T20:57:26Z,124.0,Sense
2025-03-31T20:57:31Z,123.0,Sense
2025-03-31T20:57:41Z,120.0,Sense
2025-03-31T20:57:46Z,117.0,Sense
2025-03-31T20:57:56Z,113.0,Sense
2025-03-31T20:58:01Z,106.0,Sense
2025-03-31T20:58:06Z,88.0,Sense
2025-03-31T20:58:11Z,85.0,Sense
2025-03-31T20:58:16Z,86.0,Sense
2025-03-31T20:58:21Z,88.0,Sense
2025-03-31T20:58:31Z,76.0,Sense
2025-03-31T20:58:36Z,73.0,Sense
2025-03-31T20:58:41Z,74.0,Sense
2025-03-31T20:58:46Z,78.0,Sense
2025-03-31T20:58:51Z,82.0,Sense
2025-03-31T20:58:56Z,92.0,Sense
2025-03-31T20:59:01Z,101.0,Sense
2025-03-31T20:59:06Z,102.0,Sense
2025-03-31T20:59:16Z,101.0,Sense
2025-03-31T20:59:21Z,100.0,Sense
2025-03-31T20:59:26Z,96.0,Sense
2025-03-31T20:59:31Z,97.0,Sense
2025-03-31T20:59:36Z,98.0,Sense
2025-03-31T20:59:41Z,101.0,Sense
2025-03-31T20:59:46Z,104.0,Sense
2025-03-31T20:59:51Z,108.0,Sense
2025-03-31T20:59:56Z,111.0,Sense
2025-03-31T21:00:01Z,115.0,Sense
2025-03-31T21:00:06Z,117.0,Sense
2025-03-31T21:00:11Z,121.0,Sense
2025-03-31T21:00:16Z,124.0,Sense
2025-03-31T21:00:21Z,127.0,Sense
2025-03-31T21:00:26Z,131.0,Sense
2025-03-31T21:00:31Z,142.0,Sense
2025-03-31T21:00:36Z,146.0,Sense
2025-03-31T21:00:41Z,150.0,Sense
2025-03-31T21:00:46Z,153.0,Sense
2025-03-31T21:00:51Z,155.0,Sense
2025-03-31T21:00:56Z,158.0,Sense
2025-03-31T21:01:01Z,161.0,Sense
2025-03-31T21:01:06Z,165.0,Sense
2025-03-31T21:01:11Z,169.0,Sense
2025-03-31T21:01:16Z,170.0,Sense
2025-03-31T21:01:21Z,172.0,Sense
2025-03-31T21:01:26Z,170.0,Sense
2025-03-31T21:01:31Z,169.0,Sense
2025-03-31T21:01:36Z,167.0,Sense
2025-03-31T21:01:41Z,165.0,Sense
2025-03-31T21:01:46Z,164.0,Sense
2025-03-31T21:01:51Z,167.0,Sense
2025-03-31T21:01:56Z,170.0,Sense
2025-03-31T21:02:01Z,172.0,Sense
2025-03-31T21:02:06Z,177.0,Sense
2025-03-31T21:02:11Z,180.0,Sense
2025-03-31T21:02:16Z,182.0,Sense
2025-03-31T21:02:26Z,180.0,Sense
2025-03-31T21:02:31Z,182.0,Sense
2025-03-31T21:02:41Z,183.0,Sense
2025-03-31T21:02:51Z,182.0,Sense
2025-03-31T21:02:56Z,179.0,Sense
2025-03-31T21:03:01Z,176.0,Sense
2025-03-31T21:03:06Z,174.0,Sense
2025-03-31T21:03:16Z,175.0,Sense
2025-03-31T21:03:21Z,176.0,Sense
2025-03-31T21:03:26Z,179.0,Sense
2025-03-31T21:03:31Z,178.0,Sense
2025-03-31T21:03:36Z,176.0,Sense
2025-03-31T21:03:41Z,174.0,Sense
2025-03-31T21:03:51Z,171.0,Sense
2025-03-31T21:03:56Z,169.0,Sense
2025-03-31T21:04:06Z,168.0,Sense
2025-03-31T21:04:11Z,167.0,Sense
2025-03-31T21:04:16Z,169.0,Sense
2025-03-31T21:04:21Z,168.0,Sense
2025-03-31T21:04:26Z,171.0,Sense
2025-03-31T21:04:31Z,173.0,Sense
2025-03-31T21:04:36Z,169.0,Sense
2025-03-31T21:04:41Z,168.0,Sense
2025-03-31T21:04:51Z,170.0,Sense
2025-03-31T21:05:01Z,172.0,Sense
2025-03-31T21:05:06Z,164.0,Sense
2025-03-31T21:05:11Z,160.0,Sense
2025-03-31T21:05:16Z,159.0,Sense
2025-03-31T21:05:21Z,157.0,Sense
2025-03-31T21:05:26Z,154.0,Sense
2025-03-31T21:05:31Z,150.0,Sense
2025-03-31T21:05:36Z,163.0,Sense
2025-03-31T21:05:41Z,164.0,Sense
2025-03-31T21:05:56Z,162.0,Sense
2025-03-31T21:06:06Z,164.0,Sense
2025-03-31T21:06:16Z,162.0,Sense
2025-03-31T21:06:21Z,156.0,Sense
2025-03-31T21:06:26Z,152.0,Sense
2025-03-31T21:06:31Z,149.0,Sense
2025-03-31T21:06:36Z,153.0,Sense
2025-03-31T21:06:41Z,159.0,Sense
2025-03-31T21:06:46Z,164.0,Sense
2025-03-31T21:06:51Z,166.0,Sense
2025-03-31T21:06:56Z,161.0,Sense
2025-03-31T21:07:01Z,156.0,Sense
2025-03-31T21:07:06Z,153.0,Sense
2025-03-31T21:07:11Z,149.0,Sense
2025-03-31T21:07:16Z,153.0,Sense
2025-03-31T21:07:21Z,159.0,Sense
2025-03-31T21:07:26Z,163.0,Sense
2025-03-31T21:07:31Z,164.0,Sense
2025-03-31T21:07:36Z,168.0,Sense
2025-03-31T21:07:41Z,171.0,Sense
2025-03-31T21:07:51Z,170.0,Sense
2025-03-31T21:07:56Z,169.0,Sense
2025-03-31T21:08:11Z,169.0,Sense
2025-03-31T21:08:16Z,169.0,Sense
2025-03-31T21:08:21Z,170.0,Sense
2025-03-31T21:08:26Z,169.0,Sense
2025-03-31T21:08:36Z,168.0,Sense
2025-03-31T21:08:41Z,162.0,Sense
2025-03-31T21:08:46Z,163.0,Sense
2025-03-31T21:08:51Z,169.0,Sense
2025-03-31T21:08:56Z,166.0,Sense
2025-03-31T21:09:01Z,151.0,Sense
2025-03-31T21:09:06Z,150.0,Sense
2025-03-31T21:09:11Z,148.0,Sense
2025-03-31T21:09:26Z,146.0,Sense
2025-03-31T21:09:31Z,141.0,Sense
2025-03-31T21:09:36Z,139.0,Sense
2025-03-31T21:09:41Z,137.0,Sense
2025-03-31T21:09:46Z,138.0,Sense
2025-03-31T21:09:51Z,134.0,Sense
2025-03-31T21:09:56Z,128.0,Sense
2025-03-31T21:10:01Z,119.0,Sense
2025-03-31T21:10:06Z,110.0,Sense
2025-03-31T21:10:11Z,108.0,Sense
2025-03-31T21:10:16Z,113.0,Sense
2025-03-31T21:10:21Z,119.0,Sense
2025-03-31T21:10:26Z,123.0,Sense
2025-03-31T21:10:31Z,122.0,Sense
2025-03-31T21:10:36Z,125.0,Sense
2025-03-31T21:10:41Z,124.0,Sense
2025-03-31T21:10:46Z,123.0,Sense
2025-03-31T21:10:51Z,122.0,Sense
2025-03-31T21:10:56Z,119.0,Sense
2025-03-31T21:11:01Z,137.0,Sense
2025-03-31T21:11:06Z,146.0,Sense
2025-03-31T21:11:11Z,144.0,Sense
2025-03-31T21:11:16Z,146.0,Sense
2025-03-31T21:11:21Z,149.0,Sense
2025-03-31T21:11:31Z,147.0,Sense
2025-03-31T21:11:36Z,146.0,Sense
2025-03-31T21:11:41Z,150.0,Sense
2025-03-31T21:11:46Z,152.0,Sense
2025-03-31T21:11:51Z,149.0,Sense
2025-03-31T21:11:56Z,147.0,Sense
2025-03-31T21:12:01Z,145.0,Sense
2025-03-31T21:12:06Z,141.0,Sense
2025-03-31T21:12:11Z,145.0,Sense
2025-03-31T21:12:16Z,163.0,Sense
2025-03-31T21:12:26Z,162.0,Sense
2025-03-31T21:12:41Z,165.0,Sense
2025-03-31T21:12:46Z,169.0,Sense
2025-03-31T21:12:51Z,170.0,Sense
2025-03-31T21:12:56Z,167.0,Sense
2025-03-31T21:13:01Z,164.0,Sense
2025-03-31T21:13:06Z,160.0,Sense
2025-03-31T21:13:11Z,156.0,Sense
2025-03-31T21:13:16Z,153.0,Sense
2025-03-31T21:13:21Z,157.0,Sense
2025-03-31T21:13:26Z,162.0,Sense
2025-03-31T21:13:31Z,160.0,Sense
2025-03-31T21:13:36Z,164.0,Sense
2025-03-31T21:13:46Z,161.0,Sense
2025-03-31T21:13:51Z,157.0,Sense
2025-03-31T21:13:56Z,165.0,Sense
2025-03-31T21:14:01Z,167.0,Sense
2025-03-31T21:14:06Z,168.0,Sense
2025-03-31T21:14:11Z,166.0,Sense
2025-03-31T21:14:16Z,167.0,Sense
2025-03-31T21:14:21Z,174.0,Sense
2025-03-31T21:14:26Z,175.0,Sense
2025-03-31T21:14:31Z,173.0,Sense
2025-03-31T21:14:36Z,175.0,Sense
2025-03-31T21:14:41Z,178.0,Sense
2025-03-31T21:14:46Z,177.0,Sense
2025-03-31T21:14:56Z,178.0,Sense
2025-03-31T21:15:01Z,180.0,Sense
2025-03-31T21:15:06Z,177.0,Sense
2025-03-31T21:15:21Z,178.0,Sense
2025-03-31T21:15:26Z,173.0,Sense
2025-03-31T21:15:36Z,172.0,Sense
2025-03-31T21:15:41Z,171.0,Sense
2025-03-31T21:15:51Z,179.0,Sense
2025-03-31T21:15:56Z,181.0,Sense
2025-03-31T21:16:01Z,171.0,Sense
2025-03-31T21:16:06Z,169.0,Sense
2025-03-31T21:16:11Z,171.0,Sense
2025-03-31T21:16:16Z,173.0,Sense
2025-03-31T21:16:21Z,175.0,Sense
2025-03-31T21:16:26Z,174.0,Sense
2025-03-31T21:16:36Z,171.0,Sense
2025-03-31T21:16:41Z,170.0,Sense
2025-03-31T21:16:56Z,166.0,Sense
2025-03-31T21:17:01Z,164.0,Sense
2025-03-31T21:17:06Z,165.0,Sense
2025-03-31T21:17:11Z,166.0,Sense
2025-03-31T21:17:16Z,164.0,Sense
2025-03-31T21:17:26Z,165.0,Sense
2025-03-31T21:17:31Z,168.0,Sense
2025-03-31T21:17:36Z,169.0,Sense
2025-03-31T21:17:41Z,167.0,Sense
2025-03-31T21:17:51Z,164.0,Sense
2025-03-31T21:18:01Z,165.0,Sense
2025-03-31T21:18:06Z,172.0,Sense
2025-03-31T21:18:16Z,171.0,Sense
2025-03-31T21:18:21Z,178.0,Sense
2025-03-31T21:18:26Z,183.0,Sense
2025-03-31T21:18:31Z,180.0,Sense
2025-03-31T21:18:36Z,178.0,Sense
2025-03-31T21:18:41Z,179.0,Sense
2025-03-31T21:18:46Z,182.0,Sense
2025-03-31T21:18:56Z,179.0,Sense
2025-03-31T21:19:01Z,177.0,Sense
2025-03-31T21:19:06Z,178.0,Sense
2025-03-31T21:19:11Z,182.0,Sense
2025-03-31T21:19:16Z,183.0,Sense
2025-03-31T21:19:21Z,170.0,Sense
2025-03-31T21:19:31Z,168.0,Sense
2025-03-31T21:19:36Z,165.0,Sense
2025-03-31T21:19:41Z,164.0,Sense
2025-03-31T21:19:46Z,168.0,Sense
2025-03-31T21:19:51Z,164.0,Sense
2025-03-31T21:19:56Z,163.0,Sense
2025-03-31T21:20:01Z,162.0,Sense
2025-03-31T21:20:06Z,161.0,Sense
2025-03-31T21:20:11Z,160.0,Sense
2025-03-31T21:20:16Z,165.0,Sense
2025-03-31T21:20:21Z,172.0,Sense
2025-03-31T21:20:36Z,170.0,Sense
2025-03-31T21:20:41Z,167.0,Sense
2025-03-31T21:20:46Z,172.0,Sense
2025-03-31T21:20:51Z,175.0,Sense
2025-03-31T21:20:56Z,169.0,Sense
2025-03-31T21:21:01Z,167.0,Sense
2025-03-31T21:21:06Z,168.0,Sense
2025-03-31T21:21:11Z,169.0,Sense
2025-03-31T21:21:16Z,170.0,Sense
2025-03-31T21:21:26Z,168.0,Sense
2025-03-31T21:21:31Z,172.0,Sense
2025-03-31T21:21:36Z,173.0,Sense
2025-03-31T21:21:41Z,174.0,Sense
2025-03-31T21:21:46Z,170.0,Sense
2025-03-31T21:21:56Z,166.0,Sense
2025-03-31T21:22:01Z,169.0,Sense
2025-03-31T21:22:06Z,174.0,Sense
2025-03-31T21:22:11Z,175.0,Sense
2025-03-31T21:22:16Z,174.0,Sense
2025-03-31T21:22:21Z,167.0,Sense
2025-03-31T21:22:26Z,166.0,Sense
2025-03-31T21:22:31Z,162.0,Sense
2025-03-31T21:22:36Z,161.0,Sense
2025-03-31T21:22:41Z,164.0,Sense
2025-03-31T21:22:46Z,163.0,Sense
2025-03-31T21:22:56Z,165.0,Sense
2025-03-31T21:23:06Z,170.0,Sense
2025-03-31T21:23:11Z,172.0,Sense
2025-03-31T21:23:16Z,167.0,Sense
2025-03-31T21:23:21Z,161.0,Sense
2025-03-31T21:23:26Z,160.0,Sense
2025-03-31T21:23:31Z,158.0,Sense
2025-03-31T21:23:36Z,160.0,Sense
2025-03-31T21:23:41Z,159.0,Sense
2025-03-31T21:23:46Z,156.0,Sense
2025-03-31T21:23:51Z,152.0,Sense
2025-03-31T21:23:56Z,153.0,Sense
2025-03-31T21:24:06Z,150.0,Sense
2025-03-31T21:24:11Z,149.0,Sense
2025-03-31T21:24:16Z,148.0,Sense
2025-03-31T21:24:21Z,146.0,Sense
2025-03-31T21:24:31Z,142.0,Sense
2025-03-31T21:24:36Z,146.0,Sense
2025-03-31T21:24:41Z,147.0,Sense
2025-03-31T21:24:46Z,149.0,Sense
2025-03-31T21:24:51Z,153.0,Sense
2025-03-31T21:24:56Z,155.0,Sense
2025-03-31T21:25:06Z,156.0,Sense
2025-03-31T21:25:11Z,160.0,Sense
2025-03-31T21:25:16Z,157.0,Sense
2025-03-31T21:25:21Z,156.0,Sense
2025-03-31T21:25:26Z,159.0,Sense
2025-03-31T21:25:31Z,162.0,Sense
2025-03-31T21:25:36Z,163.0,Sense
2025-03-31T21:25:46Z,168.0,Sense
2025-03-31T21:25:51Z,167.0,Sense
2025-03-31T21:25:56Z,166.0,Sense
2025-03-31T21:26:01Z,164.0,Sense
2025-03-31T21:26:11Z,163.0,Sense
2025-03-31T21:26:16Z,162.0,Sense
2025-03-31T21:26:21Z,164.0,Sense
2025-03-31T21:26:26Z,161.0,Sense
2025-03-31T21:26:31Z,167.0,Sense
2025-03-31T21:26:36Z,175.0,Sense
2025-03-31T21:26:41Z,176.0,Sense
2025-03-31T21:26:46Z,172.0,Sense
2025-03-31T21:26:51Z,169.0,Sense
2025-03-31T21:26:56Z,153.0,Sense
2025-03-31T21:27:01Z,152.0,Sense
2025-03-31T21:27:11Z,151.0,Sense
2025-03-31T21:27:16Z,147.0,Sense
2025-03-31T21:27:21Z,140.0,Sense
2025-03-31T21:27:26Z,136.0,Sense
2025-03-31T21:27:31Z,135.0,Sense
2025-03-31T21:27:36Z,137.0,Sense
2025-03-31T21:27:41Z,146.0,Sense
2025-03-31T21:27:46Z,148.0,Sense
2025-03-31T21:27:56Z,163.0,Sense
2025-03-31T21:28:06Z,161.0,Sense
2025-03-31T21:28:11Z,164.0,Sense
2025-03-31T21:28:21Z,163.0,Sense
2025-03-31T21:28:26Z,160.0,Sense
2025-03-31T21:28:31Z,158.0,Sense
2025-03-31T21:28:36Z,161.0,Sense
2025-03-31T21:28:46Z,157.0,Sense
2025-03-31T21:28:51Z,154.0,Sense
2025-03-31T21:29:01Z,151.0,Sense
2025-03-31T21:29:06Z,148.0,Sense
2025-03-31T21:29:11Z,153.0,Sense
2025-03-31T21:29:16Z,154.0,Sense
2025-03-31T21:29:21Z,150.0,Sense
2025-03-31T21:29:26Z,148.0,Sense
2025-03-31T21:29:36Z,149.0,Sense
2025-03-31T21:29:41Z,136.0,Sense
2025-03-31T21:29:51Z,137.0,Sense
2025-03-31T21:29:56Z,136.0,Sense
2025-03-31T21:30:01Z,131.0,Sense
2025-03-31T21:30:06Z,138.0,Sense
2025-03-31T21:30:11Z,140.0,Sense
2025-03-31T21:30:26Z,139.0,Sense
2025-03-31T21:30:31Z,137.0,Sense
2025-03-31T21:30:36Z,133.0,Sense
2025-03-31T21:30:41Z,135.0,Sense
2025-03-31T21:30:46Z,130.0,Sense
2025-03-31T21:30:51Z,132.0,Sense
2025-03-31T21:30:56Z,133.0,Sense
2025-03-31T21:31:01Z,132.0,Sense
2025-03-31T21:31:16Z,132.0,Sense
2025-03-31T21:31:21Z,130.0,Sense
2025-03-31T21:31:31Z,134.0,Sense
2025-03-31T21:31:41Z,133.0,Sense
2025-03-31T21:31:46Z,161.0,Sense
2025-03-31T21:31:51Z,160.0,Sense
2025-03-31T21:31:56Z,158.0,Sense
2025-03-31T21:32:01Z,158.0,Sense
2025-03-31T21:32:11Z,155.0,Sense
2025-03-31T21:32:16Z,152.0,Sense
2025-03-31T21:32:21Z,148.0,Sense
2025-03-31T21:32:26Z,145.0,Sense
2025-03-31T21:32:31Z,148.0,Sense
2025-03-31T21:32:41Z,145.0,Sense
2025-03-31T21:32:46Z,143.0,Sense
2025-03-31T21:32:51Z,141.0,Sense
2025-03-31T21:32:56Z,136.0,Sense
2025-03-31T21:33:01Z,130.0,Sense
2025-03-31T21:33:06Z,128.0,Sense
2025-03-31T21:33:11Z,121.0,Sense
2025-03-31T21:33:16Z,116.0,Sense
2025-03-31T21:33:21Z,113.0,Sense
2025-03-31T21:33:31Z,126.0,Sense
2025-03-31T21:33:36Z,124.0,Sense
2025-03-31T21:33:46Z,122.0,Sense
2025-03-31T21:33:51Z,120.0,Sense
2025-03-31T21:33:56Z,119.0,Sense
2025-03-31T21:34:01Z,121.0,Sense
2025-03-31T21:34:06Z,119.0,Sense
2025-03-31T21:34:11Z,114.0,Sense
2025-03-31T21:34:16Z,112.0,Sense
2025-03-31T21:34:21Z,103.0,Sense
2025-03-31T21:34:26Z,94.0,Sense
2025-03-31T21:34:31Z,91.0,Sense
2025-03-31T21:34:36Z,89.0,Sense
2025-03-31T21:34:41Z,75.0,Sense
2025-03-31T21:34:46Z,68.0,Sense
2025-03-31T21:34:51Z,85.0,Sense
2025-03-31T21:34:56Z,88.0,Sense
2025-03-31T21:35:01Z,90.0,Sense
2025-03-31T21:35:06Z,92.0,Sense
2025-03-31T21:35:16Z,91.0,Sense
2025-03-31T21:35:21Z,89.0,Sense
2025-03-31T21:35:26Z,83.0,Sense
2025-03-31T21:35:41Z,83.0,Sense
2025-03-31T21:35:56Z,84.0,Sense
2025-03-31T21:36:01Z,85.0,Sense
2025-03-31T21:36:11Z,86.0,Sense
2025-03-31T21:36:16Z,84.0,Sense
2025-03-31T21:36:21Z,80.0,Sense
2025-03-31T21:36:26Z,83.0,Sense
2025-03-31T21:36:31Z,99.0,Sense
2025-03-31T21:36:36Z,98.0,Sense
2025-03-31T21:36:51Z,98.0,Sense
2025-03-31T21:36:56Z,96.0,Sense
2025-03-31T21:37:06Z,101.0,Sense
2025-03-31T21:37:11Z,102.0,Sense
2025-03-31T21:37:16Z,103.0,Sense
2025-03-31T21:37:26Z,101.0,Sense
2025-03-31T21:37:31Z,104.0,Sense
2025-03-31T21:37:36Z,105.0,Sense
2025-03-31T21:37:41Z,97.0,Sense
2025-03-31T21:37:46Z,87.0,Sense
2025-03-31T21:37:51Z,92.0,Sense
2025-03-31T21:37:56Z,94.0,Sense
2025-03-31T21:38:01Z,86.0,Sense
2025-03-31T21:38:06Z,73.0,Sense
2025-03-31T21:38:11Z,74.0,Sense
2025-03-31T21:38:16Z,75.0,Sense
2025-03-31T21:38:21Z,76.0,Sense
2025-03-31T21:38:26Z,77.0,Sense
2025-03-31T21:38:31Z,78.0,Sense
2025-03-31T21:38:36Z,82.0,Sense
2025-03-31T21:38:46Z,72.0,Sense
2025-03-31T21:38:51Z,73.0,Sense
2025-03-31T21:38:56Z,74.0,Sense
2025-03-31T21:39:01Z,77.0,Sense
2025-03-31T21:39:06Z,81.0,Sense
2025-03-31T21:39:11Z,91.0,Sense
2025-03-31T21:39:16Z,92.0,Sense
2025-03-31T21:39:21Z,93.0,Sense
2025-03-31T21:39:26Z,92.0,Sense
2025-03-31T21:39:36Z,93.0,Sense
2025-03-31T21:39:41Z,93.0,Sense
2025-03-31T21:39:46Z,94.0,Sense
2025-03-31T21:39:51Z,95.0,Sense
2025-03-31T21:39:56Z,94.0,Sense
2025-03-31T21:40:06Z,95.0,Sense
2025-03-31T21:40:16Z,90.0,Sense
2025-03-31T21:40:21Z,88.0,Sense
2025-03-31T21:40:26Z,89.0,Sense
2025-03-31T21:40:31Z,103.0,Sense
2025-03-31T21:40:36Z,122.0,Sense
2025-03-31T21:40:41Z,121.0,Sense
2025-03-31T21:40:46Z,118.0,Sense
2025-03-31T21:40:51Z,117.0,Sense
2025-03-31T21:40:56Z,116.0,Sense
2025-03-31T21:41:01Z,114.0,Sense
2025-03-31T21:41:06Z,113.0,Sense
2025-03-31T21:41:11Z,112.0,Sense
2025-03-31T21:41:26Z,112.0,Sense
2025-03-31T21:41:31Z,111.0,Sense
2025-03-31T21:41:36Z,110.0,Sense
2025-03-31T21:41:41Z,109.0,Sense
2025-03-31T21:41:46Z,107.0,Sense
2025-03-31T21:41:56Z,106.0,Sense
2025-03-31T21:42:01Z,107.0,Sense
2025-03-31T21:42:06Z,110.0,Sense
2025-03-31T21:42:11Z,111.0,Sense
2025-03-31T21:42:16Z,112.0,Sense
2025-03-31T21:42:21Z,111.0,Sense
2025-03-31T21:42:26Z,110.0,Sense
2025-03-31T21:42:31Z,107.0,Sense
2025-03-31T21:42:36Z,101.0,Sense
2025-03-31T21:42:46Z,102.0,Sense
2025-03-31T21:42:51Z,95.0,Sense
2025-03-31T21:42:56Z,98.0,Sense
2025-03-31T21:43:01Z,101.0,Sense
2025-03-31T21:43:16Z,99.0,Sense
2025-03-31T21:43:21Z,98.0,Sense
2025-03-31T21:43:26Z,97.0,Sense
2025-03-31T21:43:31Z,96.0,Sense
2025-03-31T21:43:36Z,95.0,Sense
2025-03-31T21:43:51Z,95.0,Sense
2025-03-31T21:44:06Z,89.0,Sense
2025-03-31T21:44:11Z,90.0,Sense
2025-03-31T21:44:26Z,91.0,Sense
2025-03-31T21:44:31Z,89.0,Sense
2025-03-31T21:44:36Z,90.0,Sense
2025-03-31T21:44:41Z,91.0,Sense
2025-03-31T21:44:46Z,92.0,Sense
2025-03-31T21:44:51Z,90.0,Sense
2025-03-31T21:45:01Z,91.0,Sense
2025-03-31T21:45:06Z,92.0,Sense
2025-03-31T21:45:11Z,91.0,Sense
2025-03-31T21:45:16Z,93.0,Sense
2025-03-31T21:45:21Z,96.0,Sense
2025-03-31T21:45:31Z,97.0,Sense
2025-03-31T21:45:36Z,100.0,Sense
2025-03-31T21:45:41Z,99.0,Sense
2025-03-31T21:45:56Z,104.0,Sense
2025-03-31T21:46:01Z,116.0,Sense
2025-03-31T21:46:06Z,115.0,Sense
2025-03-31T21:46:11Z,114.0,Sense
2025-03-31T21:46:16Z,113.0,Sense
2025-03-31T21:46:21Z,110.0,Sense
2025-03-31T21:46:26Z,106.0,Sense
2025-03-31T21:46:31Z,105.0,Sense
2025-03-31T21:46:36Z,102.0,Sense
2025-03-31T21:46:41Z,100.0,Sense
2025-03-31T21:46:46Z,99.0,Sense
2025-03-31T21:46:51Z,98.0,Sense
2025-03-31T21:46:56Z,97.0,Sense
2025-03-31T21:47:01Z,96.0,Sense
2025-03-31T21:47:16Z,96.0,Sense
2025-03-31T21:47:21Z,96.0,Sense
2025-03-31T21:47:26Z,97.0,Sense
2025-03-31T21:47:31Z,110.0,Sense
2025-03-31T21:47:36Z,125.0,Sense
2025-03-31T21:47:51Z,124.0,Sense
2025-03-31T21:47:56Z,120.0,Sense
2025-03-31T21:48:01Z,117.0,Sense
2025-03-31T21:48:06Z,115.0,Sense
2025-03-31T21:48:11Z,113.0,Sense
2025-03-31T21:48:16Z,112.0,Sense
2025-03-31T21:48:21Z,113.0,Sense
2025-03-31T21:48:26Z,112.0,Sense
2025-03-31T21:48:31Z,111.0,Sense
2025-03-31T21:48:36Z,110.0,Sense
2025-03-31T21:48:41Z,109.0,Sense
2025-03-31T21:48:46Z,108.0,Sense
2025-03-31T21:48:51Z,106.0,Sense
2025-03-31T21:49:01Z,105.0,Sense
2025-03-31T21:49:06Z,104.0,Sense
2025-03-31T21:49:11Z,103.0,Sense
2025-03-31T21:49:21Z,105.0,Sense
2025-03-31T21:49:26Z,103.0,Sense
2025-03-31T21:49:31Z,99.0,Sense
2025-03-31T21:49:36Z,97.0,Sense
2025-03-31T21:49:41Z,95.0,Sense
2025-03-31T21:49:46Z,95.0,Sense
2025-03-31T21:49:51Z,94.0,Sense
2025-03-31T21:49:56Z,96.0,Sense
2025-03-31T21:50:01Z,97.0,Sense
2025-03-31T21:50:06Z,96.0,Sense
2025-03-31T21:50:21Z,96.0,Sense
2025-03-31T21:50:26Z,101.0,Sense
2025-03-31T21:50:31Z,112.0,Sense
2025-03-31T21:50:41Z,111.0,Sense
2025-03-31T21:50:51Z,108.0,Sense
2025-03-31T21:50:56Z,101.0,Sense
2025-03-31T21:51:01Z,97.0,Sense
2025-03-31T21:51:06Z,90.0,Sense
2025-03-31T21:51:21Z,92.0,Sense
2025-03-31T21:51:26Z,94.0,Sense
2025-03-31T21:51:31Z,95.0,Sense
2025-03-31T21:51:41Z,96.0,Sense
2025-03-31T21:51:46Z,91.0,Sense
2025-03-31T21:51:51Z,92.0,Sense
2025-03-31T21:52:06Z,96.0,Sense
2025-03-31T21:52:11Z,95.0,Sense
2025-03-31T21:52:26Z,96.0,Sense
2025-03-31T21:52:31Z,96.0,Sense
2025-03-31T21:52:41Z,92.0,Sense
2025-03-31T21:52:46Z,91.0,Sense
2025-03-31T21:52:51Z,91.0,Sense
2025-03-31T21:52:56Z,92.0,Sense
2025-03-31T21:53:01Z,93.0,Sense
2025-03-31T21:53:06Z,93.0,Sense
2025-03-31T21:53:11Z,94.0,Sense
2025-03-31T21:53:21Z,95.0,Sense
2025-03-31T21:53:36Z,95.0,Sense
2025-03-31T21:53:41Z,96.0,Sense
2025-03-31T21:53:46Z,93.0,Sense
2025-03-31T21:53:51Z,92.0,Sense
2025-03-31T21:54:06Z,92.0,Sense
2025-03-31T21:54:11Z,93.0,Sense
2025-03-31T21:54:16Z,92.0,Sense
2025-03-31T21:54:26Z,94.0,Sense
2025-03-31T21:54:36Z,95.0,Sense
2025-03-31T21:54:41Z,94.0,Sense
2025-03-31T21:54:46Z,93.0,Sense
2025-03-31T21:54:51Z,94.0,Sense
2025-03-31T21:54:56Z,95.0,Sense
2025-03-31T21:55:06Z,96.0,Sense
2025-03-31T21:55:11Z,97.0,Sense
2025-03-31T21:55:16Z,98.0,Sense
2025-03-31T21:55:21Z,99.0,Sense
2025-03-31T21:55:26Z,100.0,Sense
2025-03-31T21:55:36Z,99.0,Sense
2025-03-31T21:55:41Z,100.0,Sense
2025-03-31T21:55:46Z,99.0,Sense
2025-03-31T21:55:51Z,100.0,Sense
2025-03-31T21:56:01Z,118.0,Sense
2025-03-31T21:56:06Z,124.0,Sense
2025-03-31T21:56:21Z,125.0,Sense
2025-03-31T21:56:26Z,127.0,Sense
2025-03-31T21:56:31Z,131.0,Sense
2025-03-31T21:56:36Z,138.0,Sense
2025-03-31T21:56:41Z,144.0,Sense
2025-03-31T21:56:46Z,147.0,Sense
2025-03-31T21:56:51Z,139.0,Sense
2025-03-31T21:56:56Z,135.0,Sense
2025-03-31T21:57:11Z,139.0,Sense
2025-03-31T21:57:16Z,141.0,Sense
2025-03-31T21:57:21Z,143.0,Sense
2025-03-31T21:57:26Z,165.0,Sense
2025-03-31T21:57:31Z,166.0,Sense
2025-03-31T21:57:41Z,164.0,Sense
2025-03-31T21:57:46Z,163.0,Sense
2025-03-31T21:57:51Z,166.0,Sense
2025-03-31T21:57:56Z,170.0,Sense
2025-03-31T21:58:01Z,167.0,Sense
2025-03-31T21:58:06Z,161.0,Sense
2025-03-31T21:58:11Z,158.0,Sense
2025-03-31T21:58:21Z,156.0,Sense
2025-03-31T21:58:26Z,159.0,Sense
2025-03-31T21:58:31Z,155.0,Sense
2025-03-31T21:58:36Z,152.0,Sense
2025-03-31T21:58:41Z,148.0,Sense
2025-03-31T21:58:51Z,149.0,Sense
2025-03-31T21:58:56Z,144.0,Sense
2025-03-31T21:59:01Z,141.0,Sense
2025-03-31T21:59:06Z,139.0,Sense
2025-03-31T21:59:11Z,141.0,Sense
2025-03-31T21:59:16Z,146.0,Sense
2025-03-31T21:59:21Z,150.0,Sense
2025-03-31T21:59:26Z,146.0,Sense
2025-03-31T21:59:31Z,158.0,Sense
2025-03-31T21:59:36Z,163.0,Sense
2025-03-31T21:59:41Z,162.0,Sense
2025-03-31T21:59:48Z,160.0,Sense
2025-03-31T21:59:53Z,159.0,Sense
2025-03-31T21:59:58Z,158.0,Sense
2025-03-31T22:00:03Z,157.0,Sense
2025-03-31T22:00:08Z,155.0,Sense
2025-03-31T22:00:13Z,152.0,Sense
2025-03-31T22:00:18Z,151.0,Sense
2025-03-31T22:00:23Z,152.0,Sense
2025-03-31T22:00:28Z,151.0,Sense
2025-03-31T22:00:33Z,149.0,Sense
2025-03-31T22:00:38Z,147.0,Sense
2025-03-31T22:00:48Z,145.0,Sense
2025-03-31T22:00:53Z,144.0,Sense
2025-03-31T22:00:58Z,142.0,Sense
2025-03-31T22:01:03Z,140.0,Sense
2025-03-31T22:01:08Z,136.0,Sense
2025-03-31T22:01:13Z,130.0,Sense
2025-03-31T22:01:18Z,125.0,Sense
2025-03-31T22:01:23Z,124.0,Sense
2025-03-31T22:01:28Z,125.0,Sense
2025-03-31T22:01:33Z,127.0,Sense
2025-03-31T22:01:38Z,126.0,Sense
2025-03-31T22:01:43Z,122.0,Sense
2025-03-31T22:01:48Z,123.0,Sense
2025-03-31T22:01:53Z,121.0,Sense
2025-03-31T22:01:58Z,119.0,Sense
2025-03-31T22:02:03Z,114.0,Sense
2025-03-31T22:02:08Z,109.0,Sense
2025-03-31T22:02:18Z,106.0,Sense
2025-03-31T22:02:33Z,105.0,Sense
2025-03-31T22:02:38Z,105.0,Sense
2025-03-31T22:02:43Z,103.0,Sense
2025-03-31T22:02:48Z,95.0,Sense
2025-03-31T22:02:58Z,100.0,Sense
2025-03-31T22:03:03Z,97.0,Sense
2025-03-31T22:03:13Z,94.0,Sense
2025-03-31T22:03:18Z,87.0,Sense
2025-03-31T22:03:23Z,80.0,Sense
2025-03-31T22:03:28Z,87.0,Sense
2025-03-31T22:03:33Z,113.0,Sense
2025-03-31T22:03:43Z,111.0,Sense
2025-03-31T22:03:48Z,107.0,Sense
2025-03-31T22:03:53Z,116.0,Sense
2025-03-31T22:03:58Z,117.0,Sense
2025-03-31T22:04:08Z,116.0,Sense
2025-03-31T22:04:18Z,113.0,Sense
2025-03-31T22:04:23Z,111.0,Sense
2025-03-31T22:04:38Z,109.0,Sense
2025-03-31T22:04:43Z,107.0,Sense
2025-03-31T22:04:53Z,120.0,Sense
2025-03-31T22:04:58Z,123.0,Sense
2025-03-31T22:05:03Z,122.0,Sense
2025-03-31T22:05:08Z,120.0,Sense
2025-03-31T22:05:13Z,116.0,Sense
2025-03-31T22:05:18Z,117.0,Sense
2025-03-31T22:05:23Z,116.0,Sense
2025-03-31T22:05:28Z,113.0,Sense
2025-03-31T22:05:33Z,112.0,Sense
2025-03-31T22:05:43Z,111.0,Sense
2025-03-31T22:05:48Z,107.0,Sense
2025-03-31T22:05:53Z,105.0,Sense
2025-03-31T22:05:58Z,110.0,Sense
2025-03-31T22:06:03Z,107.0,Sense
2025-03-31T22:06:08Z,101.0,Sense
2025-03-31T22:06:13Z,104.0,Sense
2025-03-31T22:06:18Z,104.0,Sense
2025-03-31T22:06:23Z,88.0,Sense
2025-03-31T22:06:28Z,80.0,Sense
2025-03-31T22:06:33Z,82.0,Sense
2025-03-31T22:06:38Z,86.0,Sense
2025-03-31T22:06:43Z,87.0,Sense
2025-03-31T22:06:48Z,89.0,Sense
2025-03-31T22:06:58Z,93.0,Sense
2025-03-31T22:07:03Z,101.0,Sense
2025-03-31T22:07:08Z,101.0,Sense
2025-03-31T22:07:13Z,100.0,Sense
2025-03-31T22:07:18Z,103.0,Sense
2025-03-31T22:07:28Z,102.0,Sense
2025-03-31T22:07:33Z,103.0,Sense
2025-03-31T22:07:38Z,104.0,Sense
2025-03-31T22:07:43Z,104.0,Sense
2025-03-31T22:07:48Z,100.0,Sense
2025-03-31T22:07:53Z,99.0,Sense
2025-03-31T22:08:08Z,99.0,Sense
2025-03-31T22:08:23Z,101.0,Sense
2025-03-31T22:08:28Z,110.0,Sense
2025-03-31T22:08:33Z,111.0,Sense
2025-03-31T22:08:43Z,110.0,Sense
2025-03-31T22:08:53Z,110.0,Sense
2025-03-31T22:08:58Z,109.0,Sense
2025-03-31T22:09:03Z,108.0,Sense
2025-03-31T22:09:08Z,107.0,Sense
2025-03-31T22:09:13Z,108.0,Sense
2025-03-31T22:09:18Z,110.0,Sense
2025-03-31T22:09:23Z,112.0,Sense
2025-03-31T22:09:28Z,111.0,Sense
2025-03-31T22:09:38Z,110.0,Sense
2025-03-31T22:09:43Z,109.0,Sense
2025-03-31T22:09:53Z,108.0,Sense
2025-03-31T22:10:08Z,108.0,Sense
2025-03-31T22:10:13Z,108.0,Sense
2025-03-31T22:10:18Z,107.0,Sense
2025-03-31T22:10:23Z,106.0,Sense
2025-03-31T22:10:28Z,105.0,Sense
2025-03-31T22:10:33Z,104.0,Sense
2025-03-31T22:10:48Z,105.0,Sense
2025-03-31T22:10:58Z,109.0,Sense
2025-03-31T22:11:03Z,129.0,Sense
2025-03-31T22:11:08Z,128.0,Sense
2025-03-31T22:11:13Z,127.0,Sense
2025-03-31T22:11:18Z,126.0,Sense
2025-03-31T22:11:23Z,123.0,Sense
2025-03-31T22:11:28Z,127.0,Sense
2025-03-31T22:11:33Z,156.0,Sense
2025-03-31T22:11:38Z,153.0,Sense
2025-03-31T22:11:43Z,149.0,Sense
2025-03-31T22:11:48Z,148.0,Sense
2025-03-31T22:11:53Z,149.0,Sense
2025-03-31T22:11:58Z,145.0,Sense
2025-03-31T22:12:03Z,140.0,Sense
2025-03-31T22:12:08Z,143.0,Sense
2025-03-31T22:12:13Z,147.0,Sense
2025-03-31T22:12:18Z,145.0,Sense
2025-03-31T22:12:23Z,148.0,Sense
2025-03-31T22:12:33Z,147.0,Sense
2025-03-31T22:12:38Z,146.0,Sense
2025-03-31T22:12:43Z,145.0,Sense
2025-03-31T22:12:48Z,143.0,Sense
2025-03-31T22:12:53Z,139.0,Sense
2025-03-31T22:12:58Z,135.0,Sense
2025-03-31T22:13:03Z,134.0,Sense
2025-03-31T22:13:08Z,130.0,Sense
2025-03-31T22:13:13Z,126.0,Sense
2025-03-31T22:13:18Z,122.0,Sense
2025-03-31T22:13:23Z,118.0,Sense
2025-03-31T22:13:28Z,112.0,Sense
2025-03-31T22:13:33Z,109.0,Sense
2025-03-31T22:13:38Z,107.0,Sense
2025-03-31T22:13:43Z,102.0,Sense
2025-03-31T22:13:53Z,104.0,Sense
2025-03-31T22:13:58Z,100.0,Sense
2025-03-31T22:14:03Z,103.0,Sense
2025-03-31T22:14:08Z,106.0,Sense
2025-03-31T22:14:13Z,107.0,Sense
2025-03-31T22:14:28Z,105.0,Sense
2025-03-31T22:14:33Z,101.0,Sense
2025-03-31T22:14:38Z,106.0,Sense
2025-03-31T22:14:43Z,91.0,Sense
2025-03-31T22:14:53Z,88.0,Sense
2025-03-31T22:14:58Z,87.0,Sense
2025-03-31T22:15:03Z,86.0,Sense
2025-03-31T22:15:08Z,85.0,Sense
2025-03-31T22:15:13Z,85.0,Sense
2025-03-31T22:15:18Z,84.0,Sense
2025-03-31T22:15:23Z,83.0,Sense
2025-03-31T22:15:28Z,82.0,Sense
2025-03-31T22:15:38Z,81.0,Sense
2025-03-31T22:15:43Z,80.0,Sense
2025-03-31T22:15:48Z,86.0,Sense
2025-03-31T22:15:53Z,100.0,Sense
2025-03-31T22:15:58Z,99.0,Sense
2025-03-31T22:16:08Z,107.0,Sense
2025-03-31T22:16:13Z,108.0,Sense
2025-03-31T22:16:18Z,110.0,Sense
2025-03-31T22:16:28Z,106.0,Sense
2025-03-31T22:16:33Z,105.0,Sense
2025-03-31T22:16:38Z,103.0,Sense
2025-03-31T22:16:43Z,101.0,Sense
2025-03-31T22:16:53Z,102.0,Sense
2025-03-31T22:17:03Z,103.0,Sense
2025-03-31T22:17:08Z,107.0,Sense
2025-03-31T22:17:13Z,110.0,Sense
2025-03-31T22:17:18Z,109.0,Sense
2025-03-31T22:17:28Z,116.0,Sense
2025-03-31T22:17:33Z,118.0,Sense
2025-03-31T22:17:38Z,113.0,Sense
2025-03-31T22:17:43Z,109.0,Sense
2025-03-31T22:17:48Z,111.0,Sense
2025-03-31T22:17:58Z,110.0,Sense
2025-03-31T22:18:03Z,105.0,Sense
2025-03-31T22:18:08Z,101.0,Sense
2025-03-31T22:18:13Z,96.0,Sense
2025-03-31T22:18:18Z,91.0,Sense
2025-03-31T22:18:23Z,116.0,Sense
2025-03-31T22:18:28Z,123.0,Sense
2025-03-31T22:18:33Z,124.0,Sense
2025-03-31T22:18:43Z,123.0,Sense
2025-03-31T22:18:48Z,123.0,Sense
2025-03-31T22:18:53Z,125.0,Sense
2025-03-31T22:18:58Z,129.0,Sense
2025-03-31T22:19:03Z,130.0,Sense
2025-03-31T22:19:13Z,123.0,Sense
2025-03-31T22:19:18Z,120.0,Sense
2025-03-31T22:19:23Z,116.0,Sense
2025-03-31T22:19:28Z,112.0,Sense
2025-03-31T22:19:33Z,114.0,Sense
2025-03-31T22:19:38Z,112.0,Sense
2025-03-31T22:19:43Z,113.0,Sense
2025-03-31T22:19:48Z,115.0,Sense
2025-03-31T22:19:58Z,114.0,Sense
2025-03-31T22:20:13Z,118.0,Sense
2025-03-31T22:20:18Z,121.0,Sense
2025-03-31T22:20:23Z,120.0,Sense
2025-03-31T22:20:28Z,117.0,Sense
2025-03-31T22:20:33Z,111.0,Sense
2025-03-31T22:20:38Z,112.0,Sense
2025-03-31T22:20:43Z,113.0,Sense
2025-03-31T22:20:48Z,126.0,Sense
2025-03-31T22:20:53Z,127.0,Sense
2025-03-31T22:21:03Z,128.0,Sense
2025-03-31T22:21:08Z,130.0,Sense
2025-03-31T22:21:13Z,136.0,Sense
2025-03-31T22:21:18Z,140.0,Sense
2025-03-31T22:21:23Z,139.0,Sense
2025-03-31T22:21:28Z,136.0,Sense
2025-03-31T22:21:43Z,135.0,Sense
2025-03-31T22:21:48Z,133.0,Sense
2025-03-31T22:22:03Z,133.0,Sense
2025-03-31T22:22:08Z,129.0,Sense
2025-03-31T22:22:13Z,122.0,Sense
2025-03-31T22:22:18Z,118.0,Sense
2025-03-31T22:22:23Z,117.0,Sense
2025-03-31T22:22:28Z,113.0,Sense
2025-03-31T22:22:33Z,110.0,Sense
2025-03-31T22:22:38Z,94.0,Sense
2025-03-31T22:22:53Z,95.0,Sense
2025-03-31T22:22:58Z,90.0,Sense
2025-03-31T22:23:03Z,87.0,Sense
2025-03-31T22:23:08Z,86.0,Sense
2025-03-31T22:23:13Z,85.0,Sense
2025-03-31T22:23:18Z,84.0,Sense
2025-03-31T22:23:23Z,83.0,Sense
2025-03-31T22:23:28Z,81.0,Sense
2025-03-31T22:23:33Z,80.0,Sense
2025-03-31T22:23:38Z,79.0,Sense
2025-03-31T22:23:43Z,81.0,Sense
2025-03-31T22:23:48Z,82.0,Sense
2025-03-31T22:24:03Z,82.0,Sense
2025-03-31T22:24:08Z,83.0,Sense
2025-03-31T22:24:13Z,84.0,Sense
2025-03-31T22:24:23Z,85.0,Sense
2025-03-31T22:24:28Z,86.0,Sense
2025-03-31T22:24:38Z,87.0,Sense
2025-03-31T22:24:43Z,88.0,Sense
2025-03-31T22:24:53Z,90.0,Sense
2025-03-31T22:24:58Z,91.0,Sense
2025-03-31T22:25:08Z,92.0,Sense
2025-03-31T22:25:23Z,94.0,Sense
2025-03-31T22:25:28Z,95.0,Sense
2025-03-31T22:25:33Z,96.0,Sense
2025-03-31T22:25:43Z,95.0,Sense
2025-03-31T22:25:48Z,94.0,Sense
2025-03-31T22:25:53Z,95.0,Sense
2025-03-31T22:25:58Z,94.0,Sense
2025-03-31T22:26:08Z,95.0,Sense
2025-03-31T22:26:13Z,96.0,Sense
2025-03-31T22:26:18Z,95.0,Sense
2025-03-31T22:26:33Z,94.0,Sense
2025-03-31T22:26:48Z,94.0,Sense
2025-03-31T22:26:53Z,95.0,Sense
2025-03-31T22:26:58Z,96.0,Sense
2025-03-31T22:27:03Z,98.0,Sense
2025-03-31T22:27:13Z,97.0,Sense
2025-03-31T22:27:18Z,96.0,Sense
2025-03-31T22:27:28Z,97.0,Sense
2025-03-31T22:27:33Z,97.0,Sense
2025-03-31T22:27:43Z,96.0,Sense
2025-03-31T22:27:48Z,96.0,Sense
2025-03-31T22:27:53Z,103.0,Sense
2025-03-31T22:27:58Z,104.0,Sense
2025-03-31T22:28:03Z,106.0,Sense
2025-03-31T22:28:18Z,105.0,Sense
2025-03-31T22:28:23Z,104.0,Sense
2025-03-31T22:28:28Z,103.0,Sense
2025-03-31T22:28:38Z,101.0,Sense
2025-03-31T22:28:43Z,100.0,Sense
2025-03-31T22:28:53Z,101.0,Sense
2025-03-31T22:28:58Z,102.0,Sense
2025-03-31T22:29:08Z,104.0,Sense
2025-03-31T22:29:18Z,103.0,Sense
2025-03-31T22:29:28Z,104.0,Sense
2025-03-31T22:29:33Z,103.0,Sense
2025-03-31T22:29:48Z,103.0,Sense
2025-03-31T22:29:53Z,101.0,Sense
2025-03-31T22:29:58Z,100.0,Sense
2025-03-31T22:30:03Z,99.0,Sense
2025-03-31T22:30:08Z,97.0,Sense
2025-03-31T22:30:23Z,98.0,Sense
2025-03-31T22:30:33Z,99.0,Sense
2025-03-31T22:30:38Z,100.0,Sense
2025-03-31T22:30:53Z,99.0,Sense
2025-03-31T22:30:58Z,98.0,Sense
2025-03-31T22:31:08Z,97.0,Sense
2025-03-31T22:31:13Z,96.0,Sense
2025-03-31T22:31:23Z,101.0,Sense
2025-03-31T22:31:28Z,105.0,Sense
2025-03-31T22:31:33Z,104.0,Sense
2025-03-31T22:31:38Z,101.0,Sense
2025-03-31T22:31:43Z,103.0,Sense
2025-03-31T22:31:48Z,105.0,Sense
2025-03-31T22:31:53Z,103.0,Sense
2025-03-31T22:31:58Z,100.0,Sense
2025-03-31T22:32:03Z,98.0,Sense
2025-03-31T22:32:08Z,96.0,Sense
2025-03-31T22:32:18Z,97.0,Sense
2025-03-31T22:32:23Z,98.0,Sense
2025-03-31T22:32:28Z,100.0,Sense
2025-03-31T22:32:33Z,103.0,Sense
2025-03-31T22:32:38Z,102.0,Sense
2025-03-31T22:32:43Z,110.0,Sense
2025-03-31T22:32:48Z,117.0,Sense
2025-03-31T22:32:53Z,116.0,Sense
2025-03-31T22:33:08Z,115.0,Sense
2025-03-31T22:33:13Z,113.0,Sense
2025-03-31T22:33:18Z,111.0,Sense
2025-03-31T22:33:23Z,110.0,Sense
2025-03-31T22:33:28Z,107.0,Sense
2025-03-31T22:33:33Z,104.0,Sense
2025-03-31T22:33:48Z,103.0,Sense
2025-03-31T22:33:53Z,104.0,Sense
2025-03-31T22:34:03Z,103.0,Sense
2025-03-31T22:34:08Z,101.0,Sense
2025-03-31T22:34:13Z,100.0,Sense
2025-03-31T22:34:28Z,99.0,Sense
2025-03-31T22:34:43Z,98.0,Sense
2025-03-31T22:34:53Z,98.0,Sense
2025-03-31T22:34:58Z,97.0,Sense
2025-03-31T22:35:03Z,96.0,Sense
2025-03-31T22:35:08Z,94.0,Sense
2025-03-31T22:35:18Z,95.0,Sense
2025-03-31T22:35:28Z,96.0,Sense
2025-03-31T22:35:33Z,96.0,Sense
2025-03-31T22:35:43Z,96.0,Sense
2025-03-31T22:35:48Z,90.0,Sense
2025-03-31T22:35:53Z,89.0,Sense
2025-03-31T22:36:08Z,90.0,Sense
2025-03-31T22:36:13Z,91.0,Sense
2025-03-31T22:36:18Z,91.0,Sense
2025-03-31T22:36:33Z,91.0,Sense
2025-03-31T22:36:38Z,92.0,Sense
2025-03-31T22:36:43Z,93.0,Sense
2025-03-31T22:36:58Z,93.0,Sense
2025-03-31T22:37:13Z,93.0,Sense
2025-03-31T22:37:18Z,94.0,Sense
2025-03-31T22:37:28Z,95.0,Sense
2025-03-31T22:37:38Z,97.0,Sense
2025-03-31T22:37:43Z,98.0,Sense
2025-03-31T22:37:48Z,99.0,Sense
2025-03-31T22:37:53Z,100.0,Sense
2025-03-31T22:37:58Z,101.0,Sense
2025-03-31T22:38:08Z,102.0,Sense
2025-03-31T22:38:13Z,103.0,Sense
2025-03-31T22:38:23Z,102.0,Sense
2025-03-31T22:38:28Z,103.0,Sense
2025-03-31T22:38:43Z,103.0,Sense
2025-03-31T22:38:48Z,103.0,Sense
2025-03-31T22:38:53Z,102.0,Sense
2025-03-31T22:38:58Z,101.0,Sense
2025-03-31T22:39:13Z,101.0,Sense
2025-03-31T22:39:18Z,101.0,Sense
2025-03-31T22:39:23Z,101.0,Sense
2025-03-31T22:39:28Z,102.0,Sense
2025-03-31T22:39:33Z,100.0,Sense
2025-03-31T22:39:38Z,98.0,Sense
2025-03-31T22:39:53Z,96.0,Sense
2025-03-31T22:39:58Z,99.0,Sense
2025-03-31T22:40:03Z,119.0,Sense
2025-03-31T22:40:13Z,116.0,Sense
2025-03-31T22:40:18Z,117.0,Sense
2025-03-31T22:40:23Z,119.0,Sense
2025-03-31T22:40:28Z,120.0,Sense
2025-03-31T22:40:33Z,119.0,Sense
2025-03-31T22:40:38Z,112.0,Sense
2025-03-31T22:40:43Z,107.0,Sense
2025-03-31T22:40:48Z,102.0,Sense
2025-03-31T22:40:53Z,104.0,Sense
2025-03-31T22:40:58Z,115.0,Sense
2025-03-31T22:41:08Z,125.0,Sense
2025-03-31T22:41:13Z,123.0,Sense
2025-03-31T22:41:18Z,122.0,Sense
2025-03-31T22:41:28Z,124.0,Sense
2025-03-31T22:41:33Z,122.0,Sense
2025-03-31T22:41:38Z,115.0,Sense
2025-03-31T22:41:43Z,105.0,Sense
2025-03-31T22:41:48Z,102.0,Sense
2025-03-31T22:41:53Z,104.0,Sense
2025-03-31T22:41:58Z,103.0,Sense
2025-03-31T22:42:03Z,104.0,Sense
2025-03-31T22:42:08Z,106.0,Sense
2025-03-31T22:42:13Z,121.0,Sense
2025-03-31T22:42:18Z,123.0,Sense
2025-03-31T22:42:28Z,122.0,Sense
2025-03-31T22:42:33Z,120.0,Sense
2025-03-31T22:42:38Z,119.0,Sense
2025-03-31T22:42:43Z,116.0,Sense
2025-03-31T22:42:48Z,114.0,Sense
2025-03-31T22:42:53Z,115.0,Sense
2025-03-31T22:42:58Z,114.0,Sense
2025-03-31T22:43:03Z,112.0,Sense
2025-03-31T22:43:08Z,113.0,Sense
2025-03-31T22:43:13Z,106.0,Sense
2025-03-31T22:43:18Z,92.0,Sense
2025-03-31T22:43:23Z,98.0,Sense
2025-03-31T22:43:28Z,108.0,Sense
2025-03-31T22:43:33Z,107.0,Sense
2025-03-31T22:43:43Z,134.0,Sense
2025-03-31T22:43:48Z,135.0,Sense
2025-03-31T22:44:03Z,133.0,Sense
2025-03-31T22:44:13Z,137.0,Sense
2025-03-31T22:44:18Z,139.0,Sense
2025-03-31T22:44:23Z,150.0,Sense
2025-03-31T22:44:28Z,158.0,Sense
2025-03-31T22:44:33Z,157.0,Sense
2025-03-31T22:44:38Z,156.0,Sense
2025-03-31T22:44:43Z,155.0,Sense
2025-03-31T22:44:48Z,150.0,Sense
2025-03-31T22:44:53Z,143.0,Sense
2025-03-31T22:44:58Z,142.0,Sense
2025-03-31T22:45:03Z,137.0,Sense
2025-03-31T22:45:08Z,131.0,Sense
2025-03-31T22:45:13Z,124.0,Sense
2025-03-31T22:45:18Z,127.0,Sense
2025-03-31T22:45:23Z,127.0,Sense
2025-03-31T22:45:28Z,123.0,Sense
2025-03-31T22:45:33Z,122.0,Sense
2025-03-31T22:45:38Z,118.0,Sense
2025-03-31T22:45:43Z,117.0,Sense
2025-03-31T22:45:48Z,118.0,Sense
2025-03-31T22:45:53Z,121.0,Sense
2025-03-31T22:45:58Z,120.0,Sense
2025-03-31T22:46:03Z,116.0,Sense
2025-03-31T22:46:08Z,110.0,Sense
2025-03-31T22:46:13Z,111.0,Sense
2025-03-31T22:46:18Z,108.0,Sense
2025-03-31T22:46:23Z,109.0,Sense
2025-03-31T22:46:28Z,110.0,Sense
2025-03-31T22:46:33Z,105.0,Sense
2025-03-31T22:46:38Z,101.0,Sense
2025-03-31T22:46:48Z,100.0,Sense
2025-03-31T22:46:53Z,95.0,Sense
2025-03-31T22:46:58Z,92.0,Sense
2025-03-31T22:47:03Z,86.0,Sense
2025-03-31T22:47:08Z,80.0,Sense
2025-03-31T22:47:13Z,76.0,Sense
2025-03-31T22:47:28Z,75.0,Sense
2025-03-31T22:47:33Z,74.0,Sense
2025-03-31T22:47:38Z,73.0,Sense
2025-03-31T22:47:48Z,79.0,Sense
2025-03-31T22:47:53Z,83.0,Sense
2025-03-31T22:47:58Z,82.0,Sense
2025-03-31T22:48:03Z,78.0,Sense
2025-03-31T22:48:08Z,75.0,Sense
2025-03-31T22:48:13Z,77.0,Sense
2025-03-31T22:48:18Z,76.0,Sense
2025-03-31T22:48:23Z,75.0,Sense
2025-03-31T22:48:28Z,80.0,Sense
2025-03-31T22:48:33Z,81.0,Sense
2025-03-31T22:48:38Z,92.0,Sense
2025-03-31T22:48:43Z,94.0,Sense
2025-03-31T22:48:48Z,93.0,Sense
2025-03-31T22:49:03Z,94.0,Sense
2025-03-31T22:49:13Z,94.0,Sense
2025-03-31T22:49:23Z,93.0,Sense
2025-03-31T22:49:28Z,84.0,Sense
2025-03-31T22:49:33Z,83.0,Sense
2025-03-31T22:49:48Z,83.0,Sense
2025-03-31T22:49:53Z,85.0,Sense
2025-03-31T22:49:58Z,86.0,Sense
2025-03-31T22:50:03Z,87.0,Sense
2025-03-31T22:50:08Z,88.0,Sense
2025-03-31T22:50:13Z,93.0,Sense
2025-03-31T22:50:18Z,100.0,Sense
2025-03-31T22:50:33Z,100.0,Sense
2025-03-31T22:50:43Z,101.0,Sense
2025-03-31T22:50:48Z,102.0,Sense
2025-03-31T22:50:58Z,101.0,Sense
2025-03-31T22:51:03Z,102.0,Sense
2025-03-31T22:51:08Z,103.0,Sense
2025-03-31T22:51:13Z,99.0,Sense
2025-03-31T22:51:23Z,100.0,Sense
2025-03-31T22:51:28Z,102.0,Sense
2025-03-31T22:51:33Z,101.0,Sense
2025-03-31T22:51:38Z,102.0,Sense
2025-03-31T22:51:43Z,102.0,Sense
2025-03-31T22:51:48Z,101.0,Sense
2025-03-31T22:51:53Z,100.0,Sense
2025-03-31T22:51:58Z,99.0,Sense
2025-03-31T22:52:03Z,98.0,Sense
2025-03-31T22:52:08Z,95.0,Sense
2025-03-31T22:52:13Z,122.0,Sense
2025-03-31T22:52:18Z,123.0,Sense
2025-03-31T22:52:23Z,122.0,Sense
2025-03-31T22:52:28Z,121.0,Sense
2025-03-31T22:52:33Z,119.0,Sense
2025-03-31T22:52:38Z,118.0,Sense
2025-03-31T22:52:43Z,112.0,Sense
2025-03-31T22:52:48Z,106.0,Sense
2025-03-31T22:52:53Z,97.0,Sense
2025-03-31T22:52:58Z,89.0,Sense
2025-03-31T22:53:03Z,87.0,Sense
2025-03-31T22:53:13Z,72.0,Sense
2025-03-31T22:53:18Z,71.0,Sense
2025-03-31T22:53:23Z,73.0,Sense
2025-03-31T22:53:28Z,76.0,Sense
2025-03-31T22:53:33Z,78.0,Sense
2025-03-31T22:53:38Z,84.0,Sense
2025-03-31T22:53:43Z,92.0,Sense
2025-03-31T22:53:48Z,93.0,Sense
2025-03-31T22:53:53Z,92.0,Sense
2025-03-31T22:53:58Z,89.0,Sense
2025-03-31T22:54:13Z,90.0,Sense
2025-03-31T22:54:18Z,89.0,Sense
2025-03-31T22:54:28Z,90.0,Sense
2025-03-31T22:54:33Z,91.0,Sense
2025-03-31T22:54:38Z,92.0,Sense
2025-03-31T22:54:43Z,94.0,Sense
2025-03-31T22:54:48Z,96.0,Sense
2025-03-31T22:54:53Z,97.0,Sense
2025-03-31T22:54:58Z,98.0,Sense
2025-03-31T22:55:08Z,93.0,Sense
2025-03-31T22:55:13Z,92.0,Sense
2025-03-31T22:55:18Z,93.0,Sense
2025-03-31T22:55:23Z,93.0,Sense
2025-03-31T22:55:33Z,94.0,Sense
2025-03-31T22:55:38Z,95.0,Sense
2025-03-31T22:55:53Z,95.0,Sense
2025-03-31T22:56:08Z,95.0,Sense
2025-03-31T22:56:13Z,94.0,Sense
2025-03-31T22:56:18Z,95.0,Sense
2025-03-31T22:56:33Z,96.0,Sense
2025-03-31T22:56:38Z,97.0,Sense
2025-03-31T22:56:43Z,98.0,Sense
2025-03-31T22:56:48Z,97.0,Sense
2025-03-31T22:56:53Z,96.0,Sense
2025-03-31T22:56:58Z,95.0,Sense
2025-03-31T22:57:03Z,94.0,Sense
2025-03-31T22:57:13Z,96.0,Sense
2025-03-31T22:57:23Z,95.0,Sense
2025-03-31T22:57:28Z,94.0,Sense
2025-03-31T22:57:33Z,93.0,Sense
2025-03-31T22:57:43Z,94.0,Sense
2025-03-31T22:57:48Z,96.0,Sense
2025-03-31T22:57:53Z,98.0,Sense
2025-03-31T22:57:58Z,96.0,Sense
2025-03-31T22:58:13Z,96.0,Sense
2025-03-31T22:58:18Z,95.0,Sense
2025-03-31T22:58:23Z,93.0,Sense
2025-03-31T22:58:38Z,93.0,Sense
2025-03-31T22:58:53Z,93.0,Sense
2025-03-31T22:58:58Z,93.0,Sense
2025-03-31T22:59:03Z,94.0,Sense
2025-03-31T22:59:18Z,94.0,Sense
2025-03-31T22:59:23Z,95.0,Sense
2025-03-31T22:59:28Z,97.0,Sense
2025-03-31T22:59:33Z,99.0,Sense
2025-03-31T22:59:38Z,98.0,Sense
2025-03-31T22:59:53Z,97.0,Sense
2025-03-31T22:59:58Z,90.0,Sense
2025-03-31T23:00:13Z,90.0,Sense
2025-03-31T23:00:28Z,90.0,Sense
2025-03-31T23:00:33Z,91.0,Sense
2025-03-31T23:00:38Z,91.0,Sense
2025-03-31T23:00:43Z,92.0,Sense
2025-03-31T23:00:48Z,93.0,Sense
2025-03-31T23:00:58Z,92.0,Sense
2025-03-31T23:01:08Z,93.0,Sense
2025-03-31T23:01:23Z,94.0,Sense
2025-03-31T23:01:33Z,95.0,Sense
2025-03-31T23:01:43Z,97.0,Sense
2025-03-31T23:01:53Z,93.0,Sense
2025-03-31T23:01:58Z,92.0,Sense
2025-03-31T23:02:13Z,90.0,Sense
2025-03-31T23:02:28Z,91.0,Sense
2025-03-31T23:02:43Z,91.0,Sense
2025-03-31T23:02:48Z,91.0,Sense
2025-03-31T23:02:58Z,92.0,Sense
2025-03-31T23:03:03Z,93.0,Sense
2025-03-31T23:03:18Z,94.0,Sense
2025-03-31T23:03:28Z,93.0,Sense
2025-03-31T23:03:33Z,93.0,Sense
2025-03-31T23:03:38Z,92.0,Sense
2025-03-31T23:03:43Z,93.0,Sense
2025-03-31T23:03:48Z,94.0,Sense
2025-03-31T23:03:53Z,95.0,Sense
2025-03-31T23:03:58Z,114.0,Sense
2025-03-31T23:04:08Z,113.0,Sense
2025-03-31T23:04:13Z,112.0,Sense
2025-03-31T23:04:18Z,109.0,Sense
2025-03-31T23:04:23Z,107.0,Sense
2025-03-31T23:04:28Z,106.0,Sense
2025-03-31T23:04:33Z,105.0,Sense
2025-03-31T23:04:38Z,104.0,Sense
2025-03-31T23:04:53Z,103.0,Sense
2025-03-31T23:05:03Z,102.0,Sense
2025-03-31T23:05:13Z,100.0,Sense
2025-03-31T23:05:18Z,99.0,Sense
2025-03-31T23:05:23Z,100.0,Sense
2025-03-31T23:05:38Z,101.0,Sense
2025-03-31T23:05:48Z,100.0,Sense
2025-03-31T23:05:53Z,101.0,Sense
2025-03-31T23:05:58Z,99.0,Sense
2025-03-31T23:06:03Z,98.0,Sense
2025-03-31T23:06:08Z,100.0,Sense
2025-03-31T23:06:13Z,113.0,Sense
2025-03-31T23:06:18Z,114.0,Sense
2025-03-31T23:06:23Z,115.0,Sense
2025-03-31T23:06:33Z,114.0,Sense
2025-03-31T23:06:38Z,112.0,Sense
2025-03-31T23:06:43Z,110.0,Sense
2025-03-31T23:06:48Z,107.0,Sense
2025-03-31T23:06:53Z,111.0,Sense
2025-03-31T23:06:58Z,120.0,Sense
2025-03-31T23:07:08Z,122.0,Sense
2025-03-31T23:07:13Z,123.0,Sense
2025-03-31T23:07:18Z,117.0,Sense
2025-03-31T23:07:23Z,109.0,Sense
2025-03-31T23:07:28Z,98.0,Sense
2025-03-31T23:07:33Z,89.0,Sense
2025-03-31T23:07:38Z,90.0,Sense
2025-03-31T23:07:48Z,91.0,Sense
2025-03-31T23:07:53Z,92.0,Sense
2025-03-31T23:07:58Z,93.0,Sense
2025-03-31T23:08:03Z,93.0,Sense
2025-03-31T23:08:13Z,99.0,Sense
2025-03-31T23:08:18Z,102.0,Sense
2025-03-31T23:08:23Z,89.0,Sense
2025-03-31T23:08:33Z,91.0,Sense
2025-03-31T23:08:38Z,89.0,Sense
2025-03-31T23:08:48Z,102.0,Sense
2025-03-31T23:08:53Z,106.0,Sense
2025-03-31T23:08:58Z,107.0,Sense
2025-03-31T23:09:03Z,108.0,Sense
2025-03-31T23:09:08Z,104.0,Sense
2025-03-31T23:09:13Z,101.0,Sense
2025-03-31T23:09:18Z,102.0,Sense
2025-03-31T23:09:23Z,100.0,Sense
2025-03-31T23:09:33Z,102.0,Sense
2025-03-31T23:09:43Z,101.0,Sense
2025-03-31T23:09:48Z,101.0,Sense
2025-03-31T23:09:53Z,100.0,Sense
2025-03-31T23:09:58Z,98.0,Sense
2025-03-31T23:10:03Z,97.0,Sense
2025-03-31T23:10:08Z,99.0,Sense
2025-03-31T23:10:13Z,97.0,Sense
2025-03-31T23:10:18Z,90.0,Sense
2025-03-31T23:10:28Z,91.0,Sense
2025-03-31T23:10:33Z,92.0,Sense
2025-03-31T23:10:38Z,93.0,Sense
2025-03-31T23:10:43Z,93.0,Sense
2025-03-31T23:10:48Z,93.0,Sense
2025-03-31T23:11:03Z,93.0,Sense
2025-03-31T23:11:08Z,94.0,Sense
2025-03-31T23:11:13Z,93.0,Sense
2025-03-31T23:11:23Z,92.0,Sense
2025-03-31T23:11:38Z,92.0,Sense
2025-03-31T23:11:53Z,93.0,Sense
2025-03-31T23:11:58Z,94.0,Sense
2025-03-31T23:12:13Z,94.0,Sense
2025-03-31T23:12:18Z,95.0,Sense
2025-03-31T23:12:23Z,96.0,Sense
2025-03-31T23:12:33Z,97.0,Sense
2025-03-31T23:12:38Z,98.0,Sense
2025-03-31T23:12:43Z,97.0,Sense
2025-03-31T23:12:48Z,98.0,Sense
2025-03-31T23:12:53Z,97.0,Sense
2025-03-31T23:12:58Z,96.0,Sense
2025-03-31T23:13:03Z,97.0,Sense
2025-03-31T23:13:13Z,98.0,Sense
2025-03-31T23:13:23Z,97.0,Sense
2025-03-31T23:13:28Z,96.0,Sense
2025-03-31T23:13:33Z,95.0,Sense
2025-03-31T23:13:38Z,94.0,Sense
2025-03-31T23:13:48Z,95.0,Sense
2025-03-31T23:13:53Z,96.0,Sense
2025-03-31T23:14:08Z,96.0,Sense
2025-03-31T23:14:18Z,96.0,Sense
2025-03-31T23:14:23Z,98.0,Sense
2025-03-31T23:14:28Z,97.0,Sense
2025-03-31T23:14:43Z,97.0,Sense
2025-03-31T23:14:53Z,95.0,Sense
2025-03-31T23:14:58Z,94.0,Sense
2025-03-31T23:15:03Z,93.0,Sense
2025-03-31T23:15:08Z,89.0,Sense
2025-03-31T23:15:23Z,90.0,Sense
2025-03-31T23:15:28Z,91.0,Sense
2025-03-31T23:15:43Z,91.0,Sense
2025-03-31T23:15:53Z,92.0,Sense
2025-03-31T23:15:58Z,93.0,Sense
2025-03-31T23:16:03Z,94.0,Sense
2025-03-31T23:16:18Z,94.0,Sense
2025-03-31T23:16:33Z,95.0,Sense
2025-03-31T23:16:48Z,95.0,Sense
2025-03-31T23:17:03Z,95.0,Sense
2025-03-31T23:17:08Z,96.0,Sense
2025-03-31T23:17:13Z,97.0,Sense
2025-03-31T23:17:18Z,95.0,Sense
2025-03-31T23:17:23Z,94.0,Sense
2025-03-31T23:17:33Z,95.0,Sense
2025-03-31T23:17:38Z,97.0,Sense
2025-03-31T23:17:43Z,98.0,Sense
2025-03-31T23:17:48Z,97.0,Sense
2025-03-31T23:17:58Z,93.0,Sense
2025-03-31T23:18:03Z,92.0,Sense
2025-03-31T23:18:08Z,92.0,Sense
2025-03-31T23:18:13Z,93.0,Sense
2025-03-31T23:18:18Z,92.0,Sense
2025-03-31T23:18:23Z,90.0,Sense
2025-03-31T23:18:38Z,91.0,Sense
2025-03-31T23:18:48Z,92.0,Sense
2025-03-31T23:18:53Z,93.0,Sense
2025-03-31T23:18:58Z,95.0,Sense
2025-03-31T23:19:03Z,96.0,Sense
2025-03-31T23:19:18Z,96.0,Sense
2025-03-31T23:19:28Z,98.0,Sense
2025-03-31T23:19:43Z,98.0,Sense
2025-03-31T23:19:48Z,98.0,Sense
2025-03-31T23:20:03Z,96.0,Sense
2025-03-31T23:20:08Z,100.0,Sense
2025-03-31T23:20:13Z,102.0,Sense
2025-03-31T23:20:18Z,103.0,Sense
2025-03-31T23:20:23Z,105.0,Sense
2025-03-31T23:20:28Z,107.0,Sense
2025-03-31T23:20:33Z,110.0,Sense
2025-03-31T23:20:38Z,111.0,Sense
2025-03-31T23:20:43Z,112.0,Sense
2025-03-31T23:20:48Z,113.0,Sense
2025-03-31T23:20:58Z,112.0,Sense
2025-03-31T23:21:03Z,111.0,Sense
2025-03-31T23:21:08Z,101.0,Sense
2025-03-31T23:21:13Z,99.0,Sense
2025-03-31T23:21:18Z,101.0,Sense
2025-03-31T23:21:28Z,100.0,Sense
2025-03-31T23:21:33Z,100.0,Sense
2025-03-31T23:21:38Z,101.0,Sense
2025-03-31T23:21:43Z,99.0,Sense
2025-03-31T23:21:53Z,100.0,Sense
2025-03-31T23:21:58Z,101.0,Sense
2025-03-31T23:22:03Z,100.0,Sense
2025-03-31T23:22:08Z,101.0,Sense
2025-03-31T23:22:18Z,100.0,Sense
2025-03-31T23:22:23Z,101.0,Sense
2025-03-31T23:22:28Z,104.0,Sense
2025-03-31T23:22:38Z,103.0,Sense
2025-03-31T23:22:43Z,104.0,Sense
2025-03-31T23:22:53Z,105.0,Sense
2025-03-31T23:22:58Z,104.0,Sense
2025-03-31T23:23:03Z,105.0,Sense
2025-03-31T23:23:08Z,103.0,Sense
2025-03-31T23:23:18Z,102.0,Sense
2025-03-31T23:23:33Z,105.0,Sense
2025-03-31T23:23:38Z,115.0,Sense
2025-03-31T23:23:48Z,116.0,Sense
2025-03-31T23:23:53Z,117.0,Sense
2025-03-31T23:23:58Z,118.0,Sense
2025-03-31T23:24:03Z,117.0,Sense
2025-03-31T23:24:08Z,116.0,Sense
2025-03-31T23:24:13Z,115.0,Sense
2025-03-31T23:24:18Z,112.0,Sense
2025-03-31T23:24:23Z,101.0,Sense
2025-03-31T23:24:33Z,100.0,Sense
2025-03-31T23:24:38Z,99.0,Sense
2025-03-31T23:24:43Z,99.0,Sense
2025-03-31T23:24:53Z,98.0,Sense
2025-03-31T23:24:58Z,102.0,Sense
2025-03-31T23:25:03Z,107.0,Sense
2025-03-31T23:25:08Z,106.0,Sense
2025-03-31T23:25:13Z,104.0,Sense
2025-03-31T23:25:18Z,101.0,Sense
2025-03-31T23:25:28Z,101.0,Sense
2025-03-31T23:25:38Z,102.0,Sense
2025-03-31T23:25:48Z,97.0,Sense
2025-03-31T23:25:53Z,95.0,Sense
2025-03-31T23:26:03Z,94.0,Sense
2025-03-31T23:26:08Z,93.0,Sense
2025-03-31T23:26:13Z,94.0,Sense
2025-03-31T23:26:23Z,95.0,Sense
2025-03-31T23:26:38Z,94.0,Sense
2025-03-31T23:26:53Z,96.0,Sense
2025-03-31T23:27:03Z,95.0,Sense
2025-03-31T23:27:13Z,96.0,Sense
2025-03-31T23:27:23Z,97.0,Sense
2025-03-31T23:27:28Z,97.0,Sense
2025-03-31T23:27:33Z,98.0,Sense
2025-03-31T23:27:38Z,97.0,Sense
2025-03-31T23:27:48Z,98.0,Sense
2025-03-31T23:27:58Z,99.0,Sense
2025-03-31T23:28:08Z,101.0,Sense
2025-03-31T23:28:13Z,100.0,Sense
2025-03-31T23:28:18Z,97.0,Sense
2025-03-31T23:28:33Z,97.0,Sense
2025-03-31T23:28:38Z,97.0,Sense
2025-03-31T23:28:43Z,93.0,Sense
2025-03-31T23:28:48Z,92.0,Sense
2025-03-31T23:28:53Z,94.0,Sense
2025-03-31T23:28:58Z,93.0,Sense
2025-03-31T23:29:08Z,92.0,Sense
2025-03-31T23:29:13Z,92.0,Sense
2025-03-31T23:29:18Z,89.0,Sense
2025-03-31T23:29:23Z,87.0,Sense
2025-03-31T23:29:33Z,88.0,Sense
2025-03-31T23:29:38Z,89.0,Sense
2025-03-31T23:29:43Z,89.0,Sense
2025-03-31T23:29:48Z,90.0,Sense
2025-03-31T23:30:03Z,90.0,Sense
2025-03-31T23:30:08Z,91.0,Sense
2025-03-31T23:30:13Z,90.0,Sense
2025-03-31T23:30:18Z,89.0,Sense
2025-03-31T23:30:28Z,90.0,Sense
2025-03-31T23:30:33Z,90.0,Sense
2025-03-31T23:30:38Z,89.0,Sense
2025-03-31T23:30:53Z,89.0,Sense
2025-03-31T23:30:58Z,90.0,Sense
2025-03-31T23:31:03Z,92.0,Sense
2025-03-31T23:31:13Z,93.0,Sense
2025-03-31T23:31:28Z,93.0,Sense
2025-03-31T23:31:33Z,94.0,Sense
2025-03-31T23:31:38Z,93.0,Sense
2025-03-31T23:31:43Z,94.0,Sense
2025-03-31T23:31:48Z,95.0,Sense
2025-03-31T23:31:53Z,90.0,Sense
2025-03-31T23:31:58Z,87.0,Sense
2025-03-31T23:32:03Z,92.0,Sense
2025-03-31T23:32:08Z,105.0,Sense
2025-03-31T23:32:13Z,106.0,Sense
2025-03-31T23:32:18Z,104.0,Sense
2025-03-31T23:32:28Z,105.0,Sense
2025-03-31T23:32:33Z,104.0,Sense
2025-03-31T23:32:38Z,102.0,Sense
2025-03-31T23:32:43Z,100.0,Sense
2025-03-31T23:32:48Z,97.0,Sense
2025-03-31T23:32:53Z,96.0,Sense
2025-03-31T23:32:58Z,97.0,Sense
2025-03-31T23:33:03Z,97.0,Sense
2025-03-31T23:33:18Z,97.0,Sense
2025-03-31T23:33:23Z,97.0,Sense
2025-03-31T23:33:28Z,98.0,Sense
2025-03-31T23:33:43Z,106.0,Sense
2025-03-31T23:33:48Z,118.0,Sense
2025-03-31T23:33:53Z,117.0,Sense
2025-03-31T23:33:58Z,114.0,Sense
2025-03-31T23:34:03Z,115.0,Sense
2025-03-31T23:34:08Z,121.0,Sense
2025-03-31T23:34:13Z,122.0,Sense
2025-03-31T23:34:28Z,120.0,Sense
2025-03-31T23:34:33Z,118.0,Sense
2025-03-31T23:34:38Z,114.0,Sense
2025-03-31T23:34:43Z,108.0,Sense
2025-03-31T23:34:48Z,105.0,Sense
2025-03-31T23:34:53Z,102.0,Sense
2025-03-31T23:34:58Z,101.0,Sense
2025-03-31T23:35:03Z,102.0,Sense
2025-03-31T23:35:08Z,104.0,Sense
2025-03-31T23:35:13Z,103.0,Sense
2025-03-31T23:35:23Z,105.0,Sense
2025-03-31T23:35:28Z,101.0,Sense
2025-03-31T23:35:33Z,100.0,Sense
2025-03-31T23:35:48Z,101.0,Sense
2025-03-31T23:35:53Z,102.0,Sense
2025-03-31T23:35:58Z,101.0,Sense
2025-03-31T23:36:03Z,98.0,Sense
2025-03-31T23:36:13Z,97.0,Sense
2025-03-31T23:36:23Z,96.0,Sense
2025-03-31T23:36:28Z,95.0,Sense
2025-03-31T23:36:33Z,95.0,Sense
2025-03-31T23:36:38Z,97.0,Sense
2025-03-31T23:36:43Z,98.0,Sense
2025-03-31T23:36:58Z,98.0,Sense
2025-03-31T23:37:08Z,97.0,Sense
2025-03-31T23:37:13Z,96.0,Sense
2025-03-31T23:37:18Z,95.0,Sense
2025-03-31T23:37:33Z,96.0,Sense
2025-03-31T23:37:38Z,97.0,Sense
2025-03-31T23:37:43Z,97.0,Sense
2025-03-31T23:37:48Z,98.0,Sense
2025-03-31T23:37:53Z,97.0,Sense
2025-03-31T23:37:58Z,97.0,Sense
2025-03-31T23:38:08Z,98.0,Sense
2025-03-31T23:38:13Z,97.0,Sense
2025-03-31T23:38:18Z,96.0,Sense
2025-03-31T23:38:23Z,95.0,Sense
2025-03-31T23:38:28Z,96.0,Sense
2025-03-31T23:38:33Z,98.0,Sense
2025-03-31T23:38:38Z,101.0,Sense
2025-03-31T23:38:43Z,102.0,Sense
2025-03-31T23:38:48Z,101.0,Sense
2025-03-31T23:38:53Z,99.0,Sense
2025-03-31T23:38:58Z,102.0,Sense
2025-03-31T23:39:03Z,105.0,Sense
2025-03-31T23:39:18Z,104.0,Sense
2025-03-31T23:39:23Z,102.0,Sense
2025-03-31T23:39:28Z,96.0,Sense
2025-03-31T23:39:43Z,96.0,Sense
2025-03-31T23:39:48Z,95.0,Sense
2025-03-31T23:39:58Z,94.0,Sense
2025-03-31T23:40:03Z,95.0,Sense
2025-03-31T23:40:08Z,97.0,Sense
2025-03-31T23:40:18Z,96.0,Sense
2025-03-31T23:40:23Z,97.0,Sense
2025-03-31T23:40:28Z,96.0,Sense
2025-03-31T23:40:43Z,95.0,Sense
2025-03-31T23:40:53Z,96.0,Sense
2025-03-31T23:40:58Z,97.0,Sense
2025-03-31T23:41:03Z,98.0,Sense
2025-03-31T23:41:18Z,97.0,Sense
2025-03-31T23:41:33Z,97.0,Sense
2025-03-31T23:41:38Z,98.0,Sense
2025-03-31T23:41:53Z,98.0,Sense
2025-03-31T23:42:03Z,99.0,Sense
2025-03-31T23:42:08Z,98.0,Sense
2025-03-31T23:42:13Z,97.0,Sense
2025-03-31T23:42:18Z,109.0,Sense
2025-03-31T23:42:23Z,110.0,Sense
2025-03-31T23:42:28Z,110.0,Sense
2025-03-31T23:42:33Z,109.0,Sense
2025-03-31T23:42:38Z,110.0,Sense
2025-03-31T23:42:43Z,109.0,Sense
2025-03-31T23:42:48Z,91.0,Sense
2025-03-31T23:42:53Z,90.0,Sense
2025-03-31T23:42:58Z,91.0,Sense
2025-03-31T23:43:03Z,92.0,Sense
2025-03-31T23:43:18Z,93.0,Sense
2025-03-31T23:43:28Z,95.0,Sense
2025-03-31T23:43:33Z,98.0,Sense
2025-03-31T23:43:38Z,102.0,Sense
2025-03-31T23:43:43Z,100.0,Sense
2025-03-31T23:43:53Z,99.0,Sense
2025-03-31T23:43:58Z,100.0,Sense
2025-03-31T23:44:03Z,101.0,Sense
2025-03-31T23:44:08Z,102.0,Sense
2025-03-31T23:44:13Z,101.0,Sense
2025-03-31T23:44:18Z,100.0,Sense
2025-03-31T23:44:28Z,101.0,Sense
2025-03-31T23:44:33Z,102.0,Sense
2025-03-31T23:44:48Z,102.0,Sense
2025-03-31T23:44:53Z,101.0,Sense
2025-03-31T23:44:58Z,100.0,Sense
2025-03-31T23:45:13Z,99.0,Sense
2025-03-31T23:45:18Z,99.0,Sense
2025-03-31T23:45:23Z,100.0,Sense
2025-03-31T23:45:38Z,101.0,Sense
2025-03-31T23:45:43Z,100.0,Sense
2025-03-31T23:45:58Z,100.0,Sense
2025-03-31T23:46:03Z,101.0,Sense
2025-03-31T23:46:08Z,100.0,Sense
2025-03-31T23:46:13Z,101.0,Sense
2025-03-31T23:46:18Z,100.0,Sense
2025-03-31T23:46:23Z,99.0,Sense
2025-03-31T23:46:38Z,100.0,Sense
2025-03-31T23:46:48Z,99.0,Sense
2025-03-31T23:46:58Z,98.0,Sense
2025-03-31T23:47:13Z,97.0,Sense
2025-03-31T23:47:23Z,98.0,Sense
2025-03-31T23:47:28Z,99.0,Sense
2025-03-31T23:47:38Z,101.0,Sense
2025-03-31T23:47:43Z,102.0,Sense
2025-03-31T23:47:53Z,103.0,Sense
2025-03-31T23:47:58Z,104.0,Sense
2025-03-31T23:48:13Z,102.0,Sense
2025-03-31T23:48:18Z,103.0,Sense
2025-03-31T23:48:33Z,102.0,Sense
2025-03-31T23:48:43Z,103.0,Sense
2025-03-31T23:48:58Z,100.0,Sense
2025-03-31T23:49:03Z,99.0,Sense
2025-03-31T23:49:18Z,99.0,Sense
2025-03-31T23:49:23Z,101.0,Sense
2025-03-31T23:49:38Z,101.0,Sense
2025-03-31T23:49:43Z,99.0,Sense
2025-03-31T23:49:48Z,98.0,Sense
2025-03-31T23:49:53Z,100.0,Sense
2025-03-31T23:49:58Z,105.0,Sense
2025-03-31T23:50:03Z,103.0,Sense
2025-03-31T23:50:08Z,101.0,Sense
2025-03-31T23:50:13Z,94.0,Sense
2025-03-31T23:50:28Z,95.0,Sense
2025-03-31T23:50:38Z,94.0,Sense
2025-03-31T23:50:43Z,95.0,Sense
2025-03-31T23:50:48Z,96.0,Sense
2025-03-31T23:50:53Z,97.0,Sense
2025-03-31T23:50:58Z,99.0,Sense
2025-03-31T23:51:03Z,98.0,Sense
2025-03-31T23:51:18Z,97.0,Sense
2025-03-31T23:51:23Z,96.0,Sense
2025-03-31T23:51:28Z,95.0,Sense
2025-03-31T23:51:43Z,95.0,Sense
2025-03-31T23:51:48Z,96.0,Sense
2025-03-31T23:52:03Z,98.0,Sense
2025-03-31T23:52:18Z,98.0,Sense
2025-03-31T23:52:23Z,100.0,Sense
2025-03-31T23:52:38Z,101.0,Sense
2025-03-31T23:52:48Z,102.0,Sense
2025-03-31T23:53:03Z,103.0,Sense
2025-03-31T23:53:08Z,103.0,Sense
2025-03-31T23:53:18Z,102.0,Sense
2025-03-31T23:53:23Z,101.0,Sense
2025-03-31T23:53:33Z,100.0,Sense
2025-03-31T23:53:48Z,99.0,Sense
2025-03-31T23:53:58Z,98.0,Sense
2025-03-31T23:54:03Z,97.0,Sense
2025-03-31T23:54:13Z,98.0,Sense
2025-03-31T23:54:28Z,99.0,Sense
2025-03-31T23:54:33Z,100.0,Sense
2025-03-31T23:54:38Z,99.0,Sense
2025-03-31T23:54:53Z,98.0,Sense
2025-03-31T23:55:03Z,99.0,Sense
2025-03-31T23:55:13Z,118.0,Sense
2025-03-31T23:55:18Z,127.0,Sense
2025-03-31T23:55:33Z,126.0,Sense
2025-03-31T23:55:38Z,122.0,Sense
2025-03-31T23:55:43Z,120.0,Sense
2025-03-31T23:55:48Z,118.0,Sense
2025-03-31T23:55:53Z,114.0,Sense
2025-03-31T23:55:58Z,113.0,Sense
2025-03-31T23:56:03Z,108.0,Sense
2025-03-31T23:56:08Z,102.0,Sense
2025-03-31T23:56:13Z,100.0,Sense
2025-03-31T23:56:18Z,99.0,Sense
2025-03-31T23:56:23Z,98.0,Sense
2025-03-31T23:56:33Z,98.0,Sense
2025-03-31T23:56:38Z,100.0,Sense
2025-03-31T23:56:43Z,99.0,Sense
2025-03-31T23:56:48Z,94.0,Sense
2025-03-31T23:56:53Z,90.0,Sense
2025-03-31T23:57:03Z,91.0,Sense
2025-03-31T23:57:08Z,92.0,Sense
2025-03-31T23:57:13Z,93.0,Sense
2025-03-31T23:57:23Z,93.0,Sense
2025-03-31T23:57:33Z,92.0,Sense
2025-03-31T23:57:43Z,93.0,Sense
2025-03-31T23:57:48Z,99.0,Sense
2025-03-31T23:57:53Z,106.0,Sense
2025-03-31T23:57:58Z,110.0,Sense
2025-03-31T23:58:13Z,110.0,Sense
2025-03-31T23:58:18Z,108.0,Sense
2025-03-31T23:58:23Z,107.0,Sense
2025-03-31T23:58:28Z,106.0,Sense
2025-03-31T23:58:33Z,104.0,Sense
2025-03-31T23:58:38Z,102.0,Sense
2025-03-31T23:58:53Z,101.0,Sense
2025-03-31T23:59:08Z,101.0,Sense
2025-03-31T23:59:23Z,101.0,Sense
2025-03-31T23:59:28Z,102.0,Sense
2025-03-31T23:59:38Z,103.0,Sense
2025-03-31T23:59:43Z,102.0,Sense
2025-03-31T23:59:48Z,91.0,Sense
2025-03-31T23:59:53Z,97.0,Sense
2025-03-31T23:59:58Z,96.0,Sense
