timestamp,beats per minute,data source
2025-08-16T00:00:02Z,114.0,Sense
2025-08-16T00:00:07Z,106.0,Sense
2025-08-16T00:00:12Z,102.0,Sense
2025-08-16T00:00:17Z,100.0,Sense
2025-08-16T00:00:22Z,93.0,Sense
2025-08-16T00:00:27Z,89.0,Sense
2025-08-16T00:00:32Z,99.0,Sense
2025-08-16T00:00:37Z,111.0,Sense
2025-08-16T00:00:42Z,124.0,Sense
2025-08-16T00:00:47Z,122.0,Sense
2025-08-16T00:00:52Z,119.0,Sense
2025-08-16T00:00:57Z,116.0,Sense
2025-08-16T00:01:02Z,115.0,Sense
2025-08-16T00:01:07Z,111.0,Sense
2025-08-16T00:01:12Z,109.0,Sense
2025-08-16T00:01:17Z,106.0,Sense
2025-08-16T00:01:27Z,107.0,Sense
2025-08-16T00:01:32Z,102.0,Sense
2025-08-16T00:01:47Z,99.0,Sense
2025-08-16T00:01:52Z,98.0,Sense
2025-08-16T00:02:02Z,104.0,Sense
2025-08-16T00:02:07Z,132.0,Sense
2025-08-16T00:02:12Z,134.0,Sense
2025-08-16T00:02:17Z,134.0,Sense
2025-08-16T00:02:27Z,135.0,Sense
2025-08-16T00:02:42Z,131.0,Sense
2025-08-16T00:02:47Z,132.0,Sense
2025-08-16T00:02:52Z,133.0,Sense
2025-08-16T00:02:57Z,136.0,Sense
2025-08-16T00:03:07Z,128.0,Sense
2025-08-16T00:03:12Z,118.0,Sense
2025-08-16T00:03:17Z,116.0,Sense
2025-08-16T00:03:22Z,112.0,Sense
2025-08-16T00:03:27Z,110.0,Sense
2025-08-16T00:03:32Z,106.0,Sense
2025-08-16T00:03:37Z,114.0,Sense
2025-08-16T00:03:42Z,126.0,Sense
2025-08-16T00:03:47Z,124.0,Sense
2025-08-16T00:03:52Z,123.0,Sense
2025-08-16T00:03:57Z,124.0,Sense
2025-08-16T00:04:02Z,125.0,Sense
2025-08-16T00:04:07Z,123.0,Sense
2025-08-16T00:04:12Z,132.0,Sense
2025-08-16T00:04:17Z,134.0,Sense
2025-08-16T00:04:27Z,135.0,Sense
2025-08-16T00:04:32Z,137.0,Sense
2025-08-16T00:04:37Z,137.0,Sense
2025-08-16T00:04:42Z,134.0,Sense
2025-08-16T00:04:47Z,128.0,Sense
2025-08-16T00:04:52Z,120.0,Sense
2025-08-16T00:04:57Z,117.0,Sense
2025-08-16T00:05:12Z,116.0,Sense
2025-08-16T00:05:17Z,113.0,Sense
2025-08-16T00:05:32Z,110.0,Sense
2025-08-16T00:05:37Z,109.0,Sense
2025-08-16T00:05:42Z,108.0,Sense
2025-08-16T00:05:47Z,109.0,Sense
2025-08-16T00:05:52Z,112.0,Sense
2025-08-16T00:06:07Z,111.0,Sense
2025-08-16T00:06:12Z,111.0,Sense
2025-08-16T00:06:17Z,109.0,Sense
2025-08-16T00:06:22Z,108.0,Sense
2025-08-16T00:06:27Z,100.0,Sense
2025-08-16T00:06:32Z,112.0,Sense
2025-08-16T00:06:37Z,124.0,Sense
2025-08-16T00:06:42Z,127.0,Sense
2025-08-16T00:06:52Z,128.0,Sense
2025-08-16T00:07:02Z,126.0,Sense
2025-08-16T00:07:07Z,120.0,Sense
2025-08-16T00:07:12Z,116.0,Sense
2025-08-16T00:07:17Z,112.0,Sense
2025-08-16T00:07:22Z,107.0,Sense
2025-08-16T00:07:27Z,110.0,Sense
2025-08-16T00:07:32Z,104.0,Sense
2025-08-16T00:07:37Z,102.0,Sense
2025-08-16T00:07:42Z,103.0,Sense
2025-08-16T00:07:52Z,105.0,Sense
2025-08-16T00:07:57Z,101.0,Sense
2025-08-16T00:08:07Z,105.0,Sense
2025-08-16T00:08:12Z,120.0,Sense
2025-08-16T00:08:17Z,143.0,Sense
2025-08-16T00:08:32Z,139.0,Sense
2025-08-16T00:08:37Z,136.0,Sense
2025-08-16T00:08:42Z,136.0,Sense
2025-08-16T00:08:47Z,132.0,Sense
2025-08-16T00:08:52Z,131.0,Sense
2025-08-16T00:08:57Z,134.0,Sense
2025-08-16T00:09:07Z,135.0,Sense
2025-08-16T00:09:12Z,137.0,Sense
2025-08-16T00:09:17Z,134.0,Sense
2025-08-16T00:09:22Z,131.0,Sense
2025-08-16T00:09:27Z,128.0,Sense
2025-08-16T00:09:37Z,127.0,Sense
2025-08-16T00:09:42Z,127.0,Sense
2025-08-16T00:09:47Z,131.0,Sense
2025-08-16T00:09:52Z,133.0,Sense
2025-08-16T00:09:57Z,131.0,Sense
2025-08-16T00:10:02Z,128.0,Sense
2025-08-16T00:10:07Z,118.0,Sense
2025-08-16T00:10:12Z,114.0,Sense
2025-08-16T00:10:22Z,113.0,Sense
2025-08-16T00:10:27Z,110.0,Sense
2025-08-16T00:10:34Z,109.0,Sense
2025-08-16T00:10:39Z,119.0,Sense
2025-08-16T00:10:44Z,131.0,Sense
2025-08-16T00:10:54Z,128.0,Sense
2025-08-16T00:10:59Z,127.0,Sense
2025-08-16T00:11:04Z,125.0,Sense
2025-08-16T00:11:09Z,126.0,Sense
2025-08-16T00:11:14Z,125.0,Sense
2025-08-16T00:11:19Z,120.0,Sense
2025-08-16T00:11:24Z,118.0,Sense
2025-08-16T00:11:29Z,112.0,Sense
2025-08-16T00:11:34Z,110.0,Sense
2025-08-16T00:11:39Z,108.0,Sense
2025-08-16T00:11:44Z,104.0,Sense
2025-08-16T00:11:49Z,98.0,Sense
2025-08-16T00:11:54Z,111.0,Sense
2025-08-16T00:11:59Z,120.0,Sense
2025-08-16T00:12:04Z,117.0,Sense
2025-08-16T00:12:09Z,114.0,Sense
2025-08-16T00:12:14Z,113.0,Sense
2025-08-16T00:12:19Z,110.0,Sense
2025-08-16T00:12:24Z,109.0,Sense
2025-08-16T00:12:29Z,107.0,Sense
2025-08-16T00:12:34Z,108.0,Sense
2025-08-16T00:12:39Z,106.0,Sense
2025-08-16T00:12:44Z,102.0,Sense
2025-08-16T00:12:59Z,102.0,Sense
2025-08-16T00:13:04Z,100.0,Sense
2025-08-16T00:13:09Z,102.0,Sense
2025-08-16T00:13:14Z,100.0,Sense
2025-08-16T00:13:19Z,98.0,Sense
2025-08-16T00:13:29Z,101.0,Sense
2025-08-16T00:13:34Z,105.0,Sense
2025-08-16T00:13:39Z,113.0,Sense
2025-08-16T00:13:49Z,112.0,Sense
2025-08-16T00:13:54Z,110.0,Sense
2025-08-16T00:14:04Z,108.0,Sense
2025-08-16T00:14:14Z,104.0,Sense
2025-08-16T00:14:19Z,96.0,Sense
2025-08-16T00:14:29Z,107.0,Sense
2025-08-16T00:14:34Z,130.0,Sense
2025-08-16T00:14:39Z,131.0,Sense
2025-08-16T00:14:49Z,132.0,Sense
2025-08-16T00:14:54Z,133.0,Sense
2025-08-16T00:14:59Z,132.0,Sense
2025-08-16T00:15:04Z,129.0,Sense
2025-08-16T00:15:09Z,127.0,Sense
2025-08-16T00:15:14Z,135.0,Sense
2025-08-16T00:15:19Z,136.0,Sense
2025-08-16T00:15:34Z,134.0,Sense
2025-08-16T00:15:39Z,129.0,Sense
2025-08-16T00:15:44Z,130.0,Sense
2025-08-16T00:15:49Z,131.0,Sense
2025-08-16T00:15:54Z,127.0,Sense
2025-08-16T00:15:59Z,134.0,Sense
2025-08-16T00:16:04Z,136.0,Sense
2025-08-16T00:16:09Z,134.0,Sense
2025-08-16T00:16:14Z,133.0,Sense
2025-08-16T00:16:19Z,132.0,Sense
2025-08-16T00:16:24Z,131.0,Sense
2025-08-16T00:16:34Z,129.0,Sense
2025-08-16T00:16:44Z,128.0,Sense
2025-08-16T00:16:49Z,127.0,Sense
2025-08-16T00:16:54Z,137.0,Sense
2025-08-16T00:16:59Z,140.0,Sense
2025-08-16T00:17:09Z,139.0,Sense
2025-08-16T00:17:14Z,136.0,Sense
2025-08-16T00:17:19Z,131.0,Sense
2025-08-16T00:17:24Z,131.0,Sense
2025-08-16T00:17:29Z,126.0,Sense
2025-08-16T00:17:34Z,120.0,Sense
2025-08-16T00:17:39Z,115.0,Sense
2025-08-16T00:17:44Z,110.0,Sense
2025-08-16T00:17:54Z,111.0,Sense
2025-08-16T00:17:59Z,106.0,Sense
2025-08-16T00:18:04Z,103.0,Sense
2025-08-16T00:18:09Z,102.0,Sense
2025-08-16T00:18:14Z,110.0,Sense
2025-08-16T00:18:19Z,132.0,Sense
2025-08-16T00:18:34Z,132.0,Sense
2025-08-16T00:18:39Z,129.0,Sense
2025-08-16T00:18:54Z,125.0,Sense
2025-08-16T00:18:59Z,129.0,Sense
2025-08-16T00:19:09Z,140.0,Sense
2025-08-16T00:19:14Z,158.0,Sense
2025-08-16T00:19:19Z,155.0,Sense
2025-08-16T00:19:29Z,154.0,Sense
2025-08-16T00:19:34Z,153.0,Sense
2025-08-16T00:19:39Z,155.0,Sense
2025-08-16T00:19:44Z,152.0,Sense
2025-08-16T00:19:49Z,148.0,Sense
2025-08-16T00:19:54Z,146.0,Sense
2025-08-16T00:19:59Z,140.0,Sense
2025-08-16T00:20:04Z,139.0,Sense
2025-08-16T00:20:09Z,135.0,Sense
2025-08-16T00:20:14Z,130.0,Sense
2025-08-16T00:20:19Z,125.0,Sense
2025-08-16T00:20:24Z,127.0,Sense
2025-08-16T00:20:29Z,126.0,Sense
2025-08-16T00:20:34Z,121.0,Sense
2025-08-16T00:20:39Z,116.0,Sense
2025-08-16T00:20:44Z,112.0,Sense
2025-08-16T00:20:49Z,111.0,Sense
2025-08-16T00:20:54Z,112.0,Sense
2025-08-16T00:20:59Z,108.0,Sense
2025-08-16T00:21:04Z,101.0,Sense
2025-08-16T00:21:09Z,97.0,Sense
2025-08-16T00:21:14Z,95.0,Sense
2025-08-16T00:21:19Z,91.0,Sense
2025-08-16T00:21:24Z,86.0,Sense
2025-08-16T00:21:29Z,83.0,Sense
2025-08-16T00:21:34Z,82.0,Sense
2025-08-16T00:21:39Z,79.0,Sense
2025-08-16T04:57:11Z,80.0,Sense
2025-08-16T04:57:16Z,84.0,Sense
2025-08-16T04:57:21Z,85.0,Sense
2025-08-16T04:57:26Z,81.0,Sense
2025-08-16T04:57:31Z,85.0,Sense
2025-08-16T04:57:36Z,84.0,Sense
2025-08-16T04:57:41Z,82.0,Sense
2025-08-16T04:57:46Z,79.0,Sense
2025-08-16T04:57:51Z,82.0,Sense
2025-08-16T04:57:56Z,85.0,Sense
2025-08-16T04:58:01Z,81.0,Sense
2025-08-16T04:58:06Z,79.0,Sense
2025-08-16T09:01:59Z,80.0,Sense
2025-08-16T09:02:04Z,81.0,Sense
2025-08-16T09:02:14Z,81.0,Sense
2025-08-16T09:02:19Z,80.0,Sense
2025-08-16T09:02:24Z,81.0,Sense
2025-08-16T09:02:29Z,80.0,Sense
2025-08-16T09:02:34Z,87.0,Sense
2025-08-16T09:02:39Z,86.0,Sense
2025-08-16T09:02:44Z,80.0,Sense
2025-08-16T09:02:49Z,77.0,Sense
2025-08-16T09:03:04Z,76.0,Sense
2025-08-16T09:43:17Z,76.0,Sense
2025-08-16T09:43:22Z,81.0,Sense
2025-08-16T09:43:32Z,80.0,Sense
2025-08-16T09:43:37Z,87.0,Sense
2025-08-16T09:43:42Z,82.0,Sense
2025-08-16T09:43:47Z,81.0,Sense
2025-08-16T09:43:52Z,80.0,Sense
2025-08-16T09:43:57Z,77.0,Sense
2025-08-16T09:44:02Z,76.0,Sense
2025-08-16T09:44:17Z,78.0,Sense
2025-08-16T09:44:27Z,79.0,Sense
2025-08-16T09:44:42Z,79.0,Sense
2025-08-16T09:44:52Z,78.0,Sense
2025-08-16T09:45:02Z,79.0,Sense
2025-08-16T09:45:07Z,78.0,Sense
2025-08-16T09:45:12Z,75.0,Sense
2025-08-16T09:45:17Z,73.0,Sense
2025-08-16T09:45:27Z,76.0,Sense
2025-08-16T09:45:33Z,78.0,Sense
2025-08-16T09:45:38Z,80.0,Sense
2025-08-16T09:45:48Z,79.0,Sense
2025-08-16T09:46:03Z,81.0,Sense
2025-08-16T09:46:08Z,80.0,Sense
2025-08-16T09:46:13Z,76.0,Sense
2025-08-16T09:46:18Z,74.0,Sense
2025-08-16T09:46:23Z,73.0,Sense
2025-08-16T09:46:28Z,77.0,Sense
2025-08-16T09:46:38Z,82.0,Sense
2025-08-16T09:46:43Z,83.0,Sense
2025-08-16T09:46:48Z,77.0,Sense
2025-08-16T09:46:53Z,74.0,Sense
2025-08-16T09:47:08Z,74.0,Sense
2025-08-16T09:47:23Z,74.0,Sense
2025-08-16T09:47:38Z,73.0,Sense
2025-08-16T09:47:43Z,74.0,Sense
2025-08-16T09:47:48Z,76.0,Sense
2025-08-16T09:47:53Z,78.0,Sense
2025-08-16T09:47:58Z,79.0,Sense
2025-08-16T09:48:03Z,80.0,Sense
2025-08-16T09:48:08Z,81.0,Sense
2025-08-16T09:48:23Z,77.0,Sense
2025-08-16T09:48:33Z,83.0,Sense
2025-08-16T09:48:38Z,82.0,Sense
2025-08-16T09:48:43Z,81.0,Sense
2025-08-16T09:48:48Z,80.0,Sense
2025-08-16T09:48:53Z,80.0,Sense
2025-08-16T09:48:58Z,79.0,Sense
2025-08-16T09:49:03Z,78.0,Sense
2025-08-16T09:49:08Z,77.0,Sense
2025-08-16T09:49:18Z,79.0,Sense
2025-08-16T09:49:33Z,79.0,Sense
2025-08-16T09:49:43Z,79.0,Sense
2025-08-16T09:49:58Z,79.0,Sense
2025-08-16T09:50:03Z,80.0,Sense
2025-08-16T09:50:08Z,79.0,Sense
2025-08-16T09:50:18Z,78.0,Sense
2025-08-16T09:50:23Z,77.0,Sense
2025-08-16T09:50:38Z,77.0,Sense
2025-08-16T09:50:53Z,77.0,Sense
2025-08-16T09:51:08Z,77.0,Sense
2025-08-16T09:51:13Z,76.0,Sense
2025-08-16T09:51:28Z,77.0,Sense
2025-08-16T09:51:33Z,78.0,Sense
2025-08-16T09:51:48Z,78.0,Sense
2025-08-16T09:51:58Z,79.0,Sense
2025-08-16T09:52:08Z,80.0,Sense
2025-08-16T09:52:18Z,79.0,Sense
2025-08-16T09:52:23Z,78.0,Sense
2025-08-16T09:52:33Z,79.0,Sense
2025-08-16T09:52:38Z,81.0,Sense
2025-08-16T09:52:43Z,82.0,Sense
2025-08-16T09:52:58Z,82.0,Sense
2025-08-16T09:53:03Z,81.0,Sense
2025-08-16T09:53:18Z,82.0,Sense
2025-08-16T09:53:23Z,81.0,Sense
2025-08-16T09:53:33Z,82.0,Sense
2025-08-16T09:53:48Z,78.0,Sense
2025-08-16T09:53:53Z,73.0,Sense
2025-08-16T09:54:03Z,74.0,Sense
2025-08-16T09:54:13Z,75.0,Sense
2025-08-16T09:54:18Z,74.0,Sense
2025-08-16T09:54:23Z,76.0,Sense
2025-08-16T09:54:28Z,79.0,Sense
2025-08-16T09:54:33Z,80.0,Sense
2025-08-16T09:54:48Z,77.0,Sense
2025-08-16T09:54:53Z,77.0,Sense
2025-08-16T09:55:03Z,75.0,Sense
2025-08-16T09:55:08Z,74.0,Sense
2025-08-16T09:55:13Z,75.0,Sense
2025-08-16T09:55:23Z,76.0,Sense
2025-08-16T09:55:33Z,75.0,Sense
2025-08-16T09:55:43Z,76.0,Sense
2025-08-16T09:55:58Z,76.0,Sense
2025-08-16T09:56:03Z,77.0,Sense
2025-08-16T09:56:08Z,78.0,Sense
2025-08-16T09:56:18Z,73.0,Sense
2025-08-16T09:56:33Z,74.0,Sense
2025-08-16T09:56:48Z,74.0,Sense
2025-08-16T09:57:03Z,76.0,Sense
2025-08-16T09:57:08Z,78.0,Sense
2025-08-16T09:57:18Z,82.0,Sense
2025-08-16T09:57:23Z,90.0,Sense
2025-08-16T09:57:38Z,90.0,Sense
2025-08-16T09:57:43Z,85.0,Sense
2025-08-16T09:57:48Z,82.0,Sense
2025-08-16T09:58:03Z,82.0,Sense
2025-08-16T09:58:18Z,82.0,Sense
2025-08-16T09:58:28Z,81.0,Sense
2025-08-16T09:58:38Z,82.0,Sense
2025-08-16T09:58:43Z,80.0,Sense
2025-08-16T09:58:48Z,81.0,Sense
2025-08-16T09:58:53Z,82.0,Sense
2025-08-16T09:59:08Z,82.0,Sense
2025-08-16T09:59:13Z,83.0,Sense
2025-08-16T09:59:18Z,82.0,Sense
2025-08-16T09:59:28Z,81.0,Sense
2025-08-16T09:59:33Z,77.0,Sense
2025-08-16T09:59:48Z,77.0,Sense
2025-08-16T09:59:58Z,78.0,Sense
2025-08-16T10:00:03Z,79.0,Sense
2025-08-16T10:00:08Z,80.0,Sense
2025-08-16T10:00:18Z,81.0,Sense
2025-08-16T10:00:33Z,81.0,Sense
2025-08-16T10:00:38Z,80.0,Sense
2025-08-16T10:00:43Z,78.0,Sense
2025-08-16T10:00:48Z,78.0,Sense
2025-08-16T10:00:53Z,80.0,Sense
2025-08-16T10:01:03Z,79.0,Sense
2025-08-16T10:01:18Z,91.0,Sense
2025-08-16T10:01:23Z,104.0,Sense
2025-08-16T10:01:28Z,101.0,Sense
2025-08-16T10:01:33Z,94.0,Sense
2025-08-16T10:01:38Z,86.0,Sense
2025-08-16T10:01:43Z,83.0,Sense
2025-08-16T10:01:53Z,82.0,Sense
2025-08-16T10:01:58Z,83.0,Sense
2025-08-16T10:02:03Z,87.0,Sense
2025-08-16T10:02:09Z,88.0,Sense
2025-08-16T10:02:14Z,87.0,Sense
2025-08-16T10:02:19Z,86.0,Sense
2025-08-16T10:02:24Z,86.0,Sense
2025-08-16T10:02:29Z,84.0,Sense
2025-08-16T10:02:34Z,82.0,Sense
2025-08-16T10:02:49Z,82.0,Sense
2025-08-16T10:02:54Z,81.0,Sense
2025-08-16T10:03:04Z,81.0,Sense
2025-08-16T10:03:19Z,80.0,Sense
2025-08-16T10:03:24Z,80.0,Sense
2025-08-16T10:03:29Z,81.0,Sense
2025-08-16T10:03:44Z,78.0,Sense
2025-08-16T10:03:49Z,75.0,Sense
2025-08-16T10:04:04Z,76.0,Sense
2025-08-16T10:04:09Z,77.0,Sense
2025-08-16T10:04:24Z,79.0,Sense
2025-08-16T10:04:29Z,79.0,Sense
2025-08-16T10:04:34Z,93.0,Sense
2025-08-16T10:04:39Z,100.0,Sense
2025-08-16T10:04:44Z,98.0,Sense
2025-08-16T10:04:49Z,96.0,Sense
2025-08-16T10:04:54Z,92.0,Sense
2025-08-16T10:04:59Z,89.0,Sense
2025-08-16T10:05:04Z,87.0,Sense
2025-08-16T10:05:14Z,88.0,Sense
2025-08-16T10:05:19Z,87.0,Sense
2025-08-16T10:05:24Z,84.0,Sense
2025-08-16T10:05:34Z,85.0,Sense
2025-08-16T10:05:39Z,84.0,Sense
2025-08-16T10:05:44Z,82.0,Sense
2025-08-16T10:05:49Z,72.0,Sense
2025-08-16T10:05:54Z,70.0,Sense
2025-08-16T10:06:09Z,71.0,Sense
2025-08-16T10:06:14Z,72.0,Sense
2025-08-16T10:06:19Z,76.0,Sense
2025-08-16T10:06:24Z,78.0,Sense
2025-08-16T10:06:29Z,76.0,Sense
2025-08-16T10:06:34Z,74.0,Sense
2025-08-16T10:06:44Z,75.0,Sense
2025-08-16T10:06:54Z,74.0,Sense
2025-08-16T10:07:04Z,74.0,Sense
2025-08-16T10:07:09Z,75.0,Sense
2025-08-16T10:07:14Z,76.0,Sense
2025-08-16T10:07:19Z,76.0,Sense
2025-08-16T10:07:34Z,77.0,Sense
2025-08-16T10:07:44Z,77.0,Sense
2025-08-16T10:07:59Z,77.0,Sense
2025-08-16T10:08:09Z,78.0,Sense
2025-08-16T10:08:14Z,79.0,Sense
2025-08-16T10:08:29Z,79.0,Sense
2025-08-16T10:08:44Z,78.0,Sense
2025-08-16T10:08:49Z,79.0,Sense
2025-08-16T10:08:59Z,82.0,Sense
2025-08-16T10:09:04Z,103.0,Sense
2025-08-16T10:09:14Z,101.0,Sense
2025-08-16T10:09:19Z,99.0,Sense
2025-08-16T10:09:24Z,95.0,Sense
2025-08-16T10:09:29Z,90.0,Sense
2025-08-16T10:09:34Z,87.0,Sense
2025-08-16T10:09:49Z,86.0,Sense
2025-08-16T10:10:04Z,84.0,Sense
2025-08-16T10:10:14Z,85.0,Sense
2025-08-16T10:10:19Z,84.0,Sense
2025-08-16T10:10:29Z,83.0,Sense
2025-08-16T10:10:34Z,82.0,Sense
2025-08-16T10:10:39Z,83.0,Sense
2025-08-16T10:10:44Z,82.0,Sense
2025-08-16T10:10:49Z,81.0,Sense
2025-08-16T10:10:59Z,80.0,Sense
2025-08-16T10:11:04Z,81.0,Sense
2025-08-16T10:11:09Z,80.0,Sense
2025-08-16T10:11:19Z,81.0,Sense
2025-08-16T10:11:24Z,82.0,Sense
2025-08-16T10:11:29Z,83.0,Sense
2025-08-16T10:11:34Z,84.0,Sense
2025-08-16T10:11:39Z,83.0,Sense
2025-08-16T10:11:44Z,82.0,Sense
2025-08-16T10:11:49Z,83.0,Sense
2025-08-16T10:11:54Z,82.0,Sense
2025-08-16T10:11:59Z,81.0,Sense
2025-08-16T10:12:14Z,80.0,Sense
2025-08-16T10:12:19Z,79.0,Sense
2025-08-16T10:12:24Z,78.0,Sense
2025-08-16T10:12:29Z,86.0,Sense
2025-08-16T10:12:34Z,88.0,Sense
2025-08-16T10:12:49Z,88.0,Sense
2025-08-16T10:12:54Z,87.0,Sense
2025-08-16T10:12:59Z,86.0,Sense
2025-08-16T10:13:04Z,85.0,Sense
2025-08-16T10:13:09Z,84.0,Sense
2025-08-16T10:13:19Z,83.0,Sense
2025-08-16T10:13:24Z,83.0,Sense
2025-08-16T10:13:29Z,85.0,Sense
2025-08-16T10:13:34Z,88.0,Sense
2025-08-16T10:13:39Z,87.0,Sense
2025-08-16T10:13:44Z,85.0,Sense
2025-08-16T10:13:49Z,86.0,Sense
2025-08-16T10:13:59Z,87.0,Sense
2025-08-16T10:14:04Z,86.0,Sense
2025-08-16T10:14:19Z,86.0,Sense
2025-08-16T10:14:24Z,83.0,Sense
2025-08-16T10:14:29Z,81.0,Sense
2025-08-16T10:14:34Z,82.0,Sense
2025-08-16T10:14:39Z,81.0,Sense
2025-08-16T10:14:44Z,76.0,Sense
2025-08-16T10:14:59Z,77.0,Sense
2025-08-16T10:15:04Z,78.0,Sense
2025-08-16T10:15:09Z,78.0,Sense
2025-08-16T10:15:14Z,84.0,Sense
2025-08-16T10:15:20Z,90.0,Sense
2025-08-16T10:15:30Z,89.0,Sense
2025-08-16T10:15:35Z,88.0,Sense
2025-08-16T10:15:40Z,87.0,Sense
2025-08-16T10:15:45Z,86.0,Sense
2025-08-16T10:15:50Z,91.0,Sense
2025-08-16T10:15:55Z,92.0,Sense
2025-08-16T10:16:05Z,90.0,Sense
2025-08-16T10:16:10Z,89.0,Sense
2025-08-16T10:16:20Z,88.0,Sense
2025-08-16T10:16:35Z,82.0,Sense
2025-08-16T10:16:40Z,80.0,Sense
2025-08-16T10:16:45Z,78.0,Sense
2025-08-16T10:16:50Z,76.0,Sense
2025-08-16T10:17:05Z,76.0,Sense
2025-08-16T10:17:15Z,77.0,Sense
2025-08-16T10:17:20Z,77.0,Sense
2025-08-16T10:17:25Z,78.0,Sense
2025-08-16T10:17:30Z,81.0,Sense
2025-08-16T10:17:35Z,83.0,Sense
2025-08-16T10:17:40Z,80.0,Sense
2025-08-16T10:17:45Z,78.0,Sense
2025-08-16T10:17:50Z,77.0,Sense
2025-08-16T10:18:05Z,78.0,Sense
2025-08-16T10:18:10Z,78.0,Sense
2025-08-16T10:18:15Z,79.0,Sense
2025-08-16T10:18:20Z,78.0,Sense
2025-08-16T10:18:25Z,93.0,Sense
2025-08-16T10:18:30Z,104.0,Sense
2025-08-16T10:18:35Z,105.0,Sense
2025-08-16T10:18:40Z,103.0,Sense
2025-08-16T10:18:45Z,102.0,Sense
2025-08-16T10:19:00Z,100.0,Sense
2025-08-16T10:19:05Z,98.0,Sense
2025-08-16T10:19:10Z,94.0,Sense
2025-08-16T10:19:15Z,93.0,Sense
2025-08-16T10:19:20Z,92.0,Sense
2025-08-16T10:19:25Z,90.0,Sense
2025-08-16T10:19:30Z,88.0,Sense
2025-08-16T10:19:35Z,89.0,Sense
2025-08-16T10:19:45Z,88.0,Sense
2025-08-16T10:20:00Z,88.0,Sense
2025-08-16T10:20:05Z,86.0,Sense
2025-08-16T10:20:10Z,84.0,Sense
2025-08-16T10:20:20Z,82.0,Sense
2025-08-16T10:20:25Z,82.0,Sense
2025-08-16T10:20:40Z,82.0,Sense
2025-08-16T10:20:45Z,81.0,Sense
2025-08-16T10:20:50Z,76.0,Sense
2025-08-16T10:20:55Z,72.0,Sense
2025-08-16T10:21:00Z,70.0,Sense
2025-08-16T10:21:15Z,72.0,Sense
2025-08-16T10:21:20Z,73.0,Sense
2025-08-16T10:21:25Z,73.0,Sense
2025-08-16T10:21:30Z,74.0,Sense
2025-08-16T10:21:35Z,75.0,Sense
2025-08-16T10:21:40Z,75.0,Sense
2025-08-16T10:21:45Z,77.0,Sense
2025-08-16T10:21:50Z,78.0,Sense
2025-08-16T10:21:55Z,79.0,Sense
2025-08-16T10:22:00Z,80.0,Sense
2025-08-16T10:22:05Z,79.0,Sense
2025-08-16T10:22:10Z,78.0,Sense
2025-08-16T10:22:20Z,77.0,Sense
2025-08-16T10:22:35Z,77.0,Sense
2025-08-16T10:22:40Z,78.0,Sense
2025-08-16T10:22:45Z,79.0,Sense
2025-08-16T10:22:55Z,78.0,Sense
2025-08-16T10:23:05Z,81.0,Sense
2025-08-16T10:23:20Z,83.0,Sense
2025-08-16T10:23:25Z,85.0,Sense
2025-08-16T10:23:30Z,74.0,Sense
2025-08-16T10:23:45Z,73.0,Sense
2025-08-16T10:24:00Z,73.0,Sense
2025-08-16T10:24:10Z,74.0,Sense
2025-08-16T10:24:25Z,75.0,Sense
2025-08-16T10:24:30Z,76.0,Sense
2025-08-16T10:24:35Z,76.0,Sense
2025-08-16T10:24:45Z,77.0,Sense
2025-08-16T10:24:50Z,77.0,Sense
2025-08-16T10:25:05Z,78.0,Sense
2025-08-16T10:25:10Z,74.0,Sense
2025-08-16T10:25:15Z,75.0,Sense
2025-08-16T10:25:25Z,76.0,Sense
2025-08-16T10:25:30Z,75.0,Sense
2025-08-16T10:25:35Z,76.0,Sense
2025-08-16T10:25:40Z,76.0,Sense
2025-08-16T10:25:45Z,77.0,Sense
2025-08-16T10:25:55Z,79.0,Sense
2025-08-16T10:26:00Z,80.0,Sense
2025-08-16T10:26:10Z,79.0,Sense
2025-08-16T10:26:15Z,78.0,Sense
2025-08-16T10:26:30Z,78.0,Sense
2025-08-16T10:26:40Z,78.0,Sense
2025-08-16T10:26:50Z,77.0,Sense
2025-08-16T10:26:55Z,79.0,Sense
2025-08-16T10:27:00Z,82.0,Sense
2025-08-16T10:27:05Z,79.0,Sense
2025-08-16T10:27:20Z,79.0,Sense
2025-08-16T10:27:25Z,80.0,Sense
2025-08-16T10:27:30Z,80.0,Sense
2025-08-16T10:27:35Z,78.0,Sense
2025-08-16T10:27:40Z,77.0,Sense
2025-08-16T10:27:45Z,75.0,Sense
2025-08-16T10:27:50Z,77.0,Sense
2025-08-16T10:28:05Z,78.0,Sense
2025-08-16T10:28:10Z,77.0,Sense
2025-08-16T10:28:15Z,77.0,Sense
2025-08-16T10:28:20Z,78.0,Sense
2025-08-16T10:28:30Z,79.0,Sense
2025-08-16T10:28:35Z,80.0,Sense
2025-08-16T10:28:40Z,79.0,Sense
2025-08-16T10:28:50Z,80.0,Sense
2025-08-16T10:28:55Z,79.0,Sense
2025-08-16T10:29:00Z,83.0,Sense
2025-08-16T10:29:10Z,82.0,Sense
2025-08-16T10:29:20Z,85.0,Sense
2025-08-16T10:29:25Z,87.0,Sense
2025-08-16T10:29:30Z,86.0,Sense
2025-08-16T10:29:35Z,84.0,Sense
2025-08-16T10:29:50Z,83.0,Sense
2025-08-16T10:29:55Z,78.0,Sense
2025-08-16T10:30:00Z,77.0,Sense
2025-08-16T10:30:10Z,78.0,Sense
2025-08-16T10:30:20Z,78.0,Sense
2025-08-16T10:30:35Z,76.0,Sense
2025-08-16T10:30:40Z,74.0,Sense
2025-08-16T10:30:50Z,75.0,Sense
2025-08-16T10:31:05Z,75.0,Sense
2025-08-16T10:31:15Z,79.0,Sense
2025-08-16T10:31:20Z,88.0,Sense
2025-08-16T10:31:25Z,90.0,Sense
2025-08-16T10:31:30Z,89.0,Sense
2025-08-16T10:31:35Z,88.0,Sense
2025-08-16T10:31:40Z,87.0,Sense
2025-08-16T10:31:45Z,87.0,Sense
2025-08-16T10:31:55Z,93.0,Sense
2025-08-16T10:32:00Z,94.0,Sense
2025-08-16T10:32:05Z,93.0,Sense
2025-08-16T10:32:20Z,93.0,Sense
2025-08-16T10:32:30Z,92.0,Sense
2025-08-16T10:32:45Z,91.0,Sense
2025-08-16T10:32:50Z,90.0,Sense
2025-08-16T10:32:55Z,88.0,Sense
2025-08-16T10:33:00Z,78.0,Sense
2025-08-16T10:33:05Z,75.0,Sense
2025-08-16T10:33:10Z,79.0,Sense
2025-08-16T10:33:15Z,82.0,Sense
2025-08-16T10:33:20Z,81.0,Sense
2025-08-16T10:33:25Z,80.0,Sense
2025-08-16T10:33:35Z,79.0,Sense
2025-08-16T10:33:50Z,79.0,Sense
2025-08-16T10:33:55Z,80.0,Sense
2025-08-16T10:34:05Z,81.0,Sense
2025-08-16T10:34:15Z,80.0,Sense
2025-08-16T10:34:20Z,98.0,Sense
2025-08-16T10:34:25Z,117.0,Sense
2025-08-16T10:34:31Z,116.0,Sense
2025-08-16T10:34:36Z,114.0,Sense
2025-08-16T10:34:41Z,111.0,Sense
2025-08-16T10:34:46Z,107.0,Sense
2025-08-16T10:34:51Z,103.0,Sense
2025-08-16T10:34:56Z,101.0,Sense
2025-08-16T10:35:01Z,99.0,Sense
2025-08-16T10:35:06Z,96.0,Sense
2025-08-16T10:35:16Z,85.0,Sense
2025-08-16T10:35:21Z,83.0,Sense
2025-08-16T10:35:26Z,84.0,Sense
2025-08-16T10:35:36Z,83.0,Sense
2025-08-16T10:35:41Z,82.0,Sense
2025-08-16T10:35:46Z,81.0,Sense
2025-08-16T10:35:51Z,82.0,Sense
2025-08-16T10:36:01Z,84.0,Sense
2025-08-16T10:36:06Z,86.0,Sense
2025-08-16T10:36:21Z,86.0,Sense
2025-08-16T10:36:36Z,88.0,Sense
2025-08-16T10:36:41Z,89.0,Sense
2025-08-16T10:36:51Z,90.0,Sense
2025-08-16T10:36:56Z,91.0,Sense
2025-08-16T10:37:01Z,92.0,Sense
2025-08-16T10:37:11Z,91.0,Sense
2025-08-16T10:37:16Z,90.0,Sense
2025-08-16T10:37:26Z,89.0,Sense
2025-08-16T10:37:31Z,89.0,Sense
2025-08-16T10:37:36Z,90.0,Sense
2025-08-16T10:37:41Z,91.0,Sense
2025-08-16T10:37:51Z,92.0,Sense
2025-08-16T10:37:56Z,91.0,Sense
2025-08-16T10:38:01Z,97.0,Sense
2025-08-16T10:38:11Z,96.0,Sense
2025-08-16T10:38:16Z,95.0,Sense
2025-08-16T10:38:26Z,94.0,Sense
2025-08-16T10:38:36Z,93.0,Sense
2025-08-16T10:38:46Z,92.0,Sense
2025-08-16T10:38:51Z,90.0,Sense
2025-08-16T10:38:56Z,82.0,Sense
2025-08-16T10:39:11Z,82.0,Sense
2025-08-16T10:39:26Z,82.0,Sense
2025-08-16T10:39:41Z,91.0,Sense
2025-08-16T10:39:46Z,109.0,Sense
2025-08-16T10:39:51Z,110.0,Sense
2025-08-16T10:39:56Z,108.0,Sense
2025-08-16T10:40:01Z,107.0,Sense
2025-08-16T10:40:06Z,104.0,Sense
2025-08-16T10:40:11Z,101.0,Sense
2025-08-16T10:40:16Z,96.0,Sense
2025-08-16T10:40:21Z,97.0,Sense
2025-08-16T10:40:26Z,94.0,Sense
2025-08-16T10:40:31Z,95.0,Sense
2025-08-16T10:40:36Z,94.0,Sense
2025-08-16T10:40:41Z,86.0,Sense
2025-08-16T10:40:46Z,83.0,Sense
2025-08-16T10:40:56Z,84.0,Sense
2025-08-16T10:41:01Z,88.0,Sense
2025-08-16T10:41:06Z,97.0,Sense
2025-08-16T10:41:16Z,101.0,Sense
2025-08-16T10:41:21Z,104.0,Sense
2025-08-16T10:41:31Z,102.0,Sense
2025-08-16T10:41:36Z,99.0,Sense
2025-08-16T10:41:41Z,96.0,Sense
2025-08-16T10:41:46Z,94.0,Sense
2025-08-16T10:41:56Z,93.0,Sense
2025-08-16T10:42:01Z,92.0,Sense
2025-08-16T10:42:06Z,90.0,Sense
2025-08-16T10:42:21Z,90.0,Sense
2025-08-16T10:42:26Z,88.0,Sense
2025-08-16T10:42:31Z,78.0,Sense
2025-08-16T10:42:36Z,79.0,Sense
2025-08-16T10:42:41Z,80.0,Sense
2025-08-16T10:42:46Z,94.0,Sense
2025-08-16T10:42:51Z,96.0,Sense
2025-08-16T10:42:56Z,96.0,Sense
2025-08-16T10:43:01Z,97.0,Sense
2025-08-16T10:43:11Z,104.0,Sense
2025-08-16T10:43:16Z,103.0,Sense
2025-08-16T10:43:21Z,100.0,Sense
2025-08-16T10:43:31Z,99.0,Sense
2025-08-16T10:43:37Z,97.0,Sense
2025-08-16T10:43:42Z,94.0,Sense
2025-08-16T10:43:47Z,90.0,Sense
2025-08-16T10:43:52Z,91.0,Sense
2025-08-16T10:43:57Z,98.0,Sense
2025-08-16T10:44:03Z,99.0,Sense
2025-08-16T10:44:08Z,98.0,Sense
2025-08-16T10:44:23Z,97.0,Sense
2025-08-16T10:44:33Z,97.0,Sense
2025-08-16T10:44:38Z,96.0,Sense
2025-08-16T10:44:43Z,94.0,Sense
2025-08-16T10:44:48Z,92.0,Sense
2025-08-16T10:44:53Z,86.0,Sense
2025-08-16T10:44:58Z,85.0,Sense
2025-08-16T10:45:03Z,86.0,Sense
2025-08-16T10:45:08Z,93.0,Sense
2025-08-16T10:45:13Z,95.0,Sense
2025-08-16T10:45:23Z,96.0,Sense
2025-08-16T10:45:28Z,95.0,Sense
2025-08-16T10:45:33Z,94.0,Sense
2025-08-16T10:45:38Z,94.0,Sense
2025-08-16T10:45:43Z,93.0,Sense
2025-08-16T10:45:48Z,89.0,Sense
2025-08-16T10:45:53Z,87.0,Sense
2025-08-16T10:46:08Z,88.0,Sense
2025-08-16T10:46:13Z,87.0,Sense
2025-08-16T10:46:23Z,88.0,Sense
2025-08-16T10:46:38Z,88.0,Sense
2025-08-16T10:46:43Z,89.0,Sense
2025-08-16T10:46:58Z,89.0,Sense
2025-08-16T10:47:03Z,91.0,Sense
2025-08-16T10:47:08Z,91.0,Sense
2025-08-16T10:47:13Z,91.0,Sense
2025-08-16T10:47:18Z,90.0,Sense
2025-08-16T10:47:28Z,90.0,Sense
2025-08-16T10:47:43Z,91.0,Sense
2025-08-16T10:47:48Z,92.0,Sense
2025-08-16T10:48:10Z,91.0,Sense
2025-08-16T10:48:15Z,87.0,Sense
2025-08-16T10:48:25Z,93.0,Sense
2025-08-16T10:48:40Z,93.0,Sense
2025-08-16T10:48:50Z,88.0,Sense
2025-08-16T10:49:05Z,89.0,Sense
2025-08-16T10:49:20Z,89.0,Sense
2025-08-16T10:49:25Z,92.0,Sense
2025-08-16T10:49:40Z,92.0,Sense
2025-08-16T10:49:50Z,97.0,Sense
2025-08-16T10:49:55Z,98.0,Sense
2025-08-16T10:50:00Z,97.0,Sense
2025-08-16T10:50:15Z,96.0,Sense
2025-08-16T10:50:20Z,94.0,Sense
2025-08-16T10:50:30Z,95.0,Sense
2025-08-16T10:50:45Z,86.0,Sense
2025-08-16T10:50:50Z,91.0,Sense
2025-08-16T10:50:55Z,92.0,Sense
2025-08-16T10:51:05Z,91.0,Sense
2025-08-16T10:51:10Z,89.0,Sense
2025-08-16T10:51:15Z,90.0,Sense
2025-08-16T10:51:20Z,91.0,Sense
2025-08-16T10:51:25Z,92.0,Sense
2025-08-16T10:51:30Z,92.0,Sense
2025-08-16T10:51:45Z,92.0,Sense
2025-08-16T10:51:50Z,108.0,Sense
2025-08-16T10:51:55Z,112.0,Sense
2025-08-16T10:52:00Z,113.0,Sense
2025-08-16T10:52:05Z,116.0,Sense
2025-08-16T10:52:10Z,113.0,Sense
2025-08-16T10:52:15Z,109.0,Sense
2025-08-16T10:52:20Z,107.0,Sense
2025-08-16T10:52:25Z,99.0,Sense
2025-08-16T10:52:30Z,98.0,Sense
2025-08-16T10:52:45Z,99.0,Sense
2025-08-16T10:52:55Z,98.0,Sense
2025-08-16T10:53:05Z,97.0,Sense
2025-08-16T10:53:10Z,96.0,Sense
2025-08-16T10:53:15Z,96.0,Sense
2025-08-16T10:53:20Z,95.0,Sense
2025-08-16T10:53:35Z,95.0,Sense
2025-08-16T10:53:45Z,94.0,Sense
2025-08-16T10:53:50Z,93.0,Sense
2025-08-16T10:53:55Z,92.0,Sense
2025-08-16T10:54:05Z,93.0,Sense
2025-08-16T10:54:15Z,92.0,Sense
2025-08-16T10:54:25Z,91.0,Sense
2025-08-16T10:54:30Z,90.0,Sense
2025-08-16T10:54:35Z,88.0,Sense
2025-08-16T10:54:40Z,84.0,Sense
2025-08-16T10:54:55Z,84.0,Sense
2025-08-16T10:55:05Z,83.0,Sense
2025-08-16T10:55:10Z,83.0,Sense
2025-08-16T10:55:15Z,84.0,Sense
2025-08-16T10:55:20Z,85.0,Sense
2025-08-16T10:55:35Z,86.0,Sense
2025-08-16T10:55:40Z,87.0,Sense
2025-08-16T10:55:45Z,88.0,Sense
2025-08-16T10:55:50Z,89.0,Sense
2025-08-16T10:55:55Z,90.0,Sense
2025-08-16T10:56:05Z,90.0,Sense
2025-08-16T10:56:10Z,89.0,Sense
2025-08-16T10:56:15Z,90.0,Sense
2025-08-16T10:56:25Z,92.0,Sense
2025-08-16T10:56:30Z,94.0,Sense
2025-08-16T10:56:35Z,93.0,Sense
2025-08-16T10:56:45Z,92.0,Sense
2025-08-16T10:56:50Z,92.0,Sense
2025-08-16T10:57:00Z,93.0,Sense
2025-08-16T10:57:10Z,94.0,Sense
2025-08-16T10:57:15Z,95.0,Sense
2025-08-16T10:57:20Z,94.0,Sense
2025-08-16T10:57:25Z,92.0,Sense
2025-08-16T10:57:40Z,90.0,Sense
2025-08-16T10:57:45Z,89.0,Sense
2025-08-16T10:57:55Z,115.0,Sense
2025-08-16T10:58:00Z,118.0,Sense
2025-08-16T10:58:05Z,123.0,Sense
2025-08-16T10:58:10Z,120.0,Sense
2025-08-16T10:58:15Z,115.0,Sense
2025-08-16T10:58:20Z,114.0,Sense
2025-08-16T10:58:25Z,113.0,Sense
2025-08-16T10:58:30Z,105.0,Sense
2025-08-16T10:58:35Z,101.0,Sense
2025-08-16T10:58:40Z,99.0,Sense
2025-08-16T10:58:45Z,97.0,Sense
2025-08-16T10:58:50Z,96.0,Sense
2025-08-16T10:58:55Z,94.0,Sense
2025-08-16T10:59:00Z,95.0,Sense
2025-08-16T10:59:11Z,94.0,Sense
2025-08-16T10:59:21Z,93.0,Sense
2025-08-16T10:59:26Z,95.0,Sense
2025-08-16T10:59:41Z,95.0,Sense
2025-08-16T10:59:46Z,91.0,Sense
2025-08-16T10:59:51Z,89.0,Sense
2025-08-16T11:00:01Z,90.0,Sense
2025-08-16T11:00:06Z,91.0,Sense
2025-08-16T11:00:11Z,90.0,Sense
2025-08-16T11:00:16Z,95.0,Sense
2025-08-16T11:00:21Z,96.0,Sense
2025-08-16T11:00:26Z,99.0,Sense
2025-08-16T11:00:31Z,98.0,Sense
2025-08-16T11:00:36Z,97.0,Sense
2025-08-16T11:00:41Z,96.0,Sense
2025-08-16T11:00:46Z,95.0,Sense
2025-08-16T11:01:01Z,95.0,Sense
2025-08-16T11:01:06Z,94.0,Sense
2025-08-16T11:01:11Z,102.0,Sense
2025-08-16T11:01:16Z,98.0,Sense
2025-08-16T11:01:21Z,94.0,Sense
2025-08-16T11:01:36Z,93.0,Sense
2025-08-16T11:01:41Z,94.0,Sense
2025-08-16T11:01:46Z,96.0,Sense
2025-08-16T11:01:51Z,97.0,Sense
2025-08-16T11:02:06Z,96.0,Sense
2025-08-16T11:02:11Z,94.0,Sense
2025-08-16T11:02:16Z,91.0,Sense
2025-08-16T11:02:21Z,92.0,Sense
2025-08-16T11:02:26Z,93.0,Sense
2025-08-16T11:02:31Z,94.0,Sense
2025-08-16T11:02:46Z,94.0,Sense
2025-08-16T11:02:51Z,91.0,Sense
2025-08-16T11:02:56Z,90.0,Sense
2025-08-16T11:03:06Z,91.0,Sense
2025-08-16T11:03:11Z,90.0,Sense
2025-08-16T11:03:16Z,83.0,Sense
2025-08-16T11:03:21Z,83.0,Sense
2025-08-16T11:03:26Z,84.0,Sense
2025-08-16T11:03:31Z,91.0,Sense
2025-08-16T11:03:46Z,91.0,Sense
2025-08-16T11:03:51Z,89.0,Sense
2025-08-16T11:03:56Z,87.0,Sense
2025-08-16T11:04:11Z,87.0,Sense
2025-08-16T11:04:16Z,88.0,Sense
2025-08-16T11:04:21Z,89.0,Sense
2025-08-16T11:04:26Z,90.0,Sense
2025-08-16T11:04:31Z,90.0,Sense
2025-08-16T11:04:46Z,91.0,Sense
2025-08-16T11:04:51Z,90.0,Sense
2025-08-16T11:05:01Z,91.0,Sense
2025-08-16T11:05:11Z,92.0,Sense
2025-08-16T11:05:21Z,91.0,Sense
2025-08-16T11:05:26Z,91.0,Sense
2025-08-16T11:05:31Z,91.0,Sense
2025-08-16T11:05:36Z,89.0,Sense
2025-08-16T11:05:46Z,100.0,Sense
2025-08-16T11:05:51Z,106.0,Sense
2025-08-16T11:05:56Z,95.0,Sense
2025-08-16T11:06:06Z,93.0,Sense
2025-08-16T11:06:11Z,92.0,Sense
2025-08-16T11:06:16Z,91.0,Sense
2025-08-16T11:06:21Z,91.0,Sense
2025-08-16T11:06:26Z,92.0,Sense
2025-08-16T11:06:31Z,93.0,Sense
2025-08-16T11:06:41Z,94.0,Sense
2025-08-16T11:06:46Z,92.0,Sense
2025-08-16T11:06:51Z,93.0,Sense
2025-08-16T11:07:06Z,93.0,Sense
2025-08-16T11:07:11Z,92.0,Sense
2025-08-16T11:07:21Z,93.0,Sense
2025-08-16T11:07:31Z,94.0,Sense
2025-08-16T11:07:46Z,94.0,Sense
2025-08-16T11:07:51Z,93.0,Sense
2025-08-16T11:07:56Z,93.0,Sense
2025-08-16T11:08:06Z,92.0,Sense
2025-08-16T11:08:16Z,93.0,Sense
2025-08-16T11:08:23Z,93.0,Sense
2025-08-16T11:08:28Z,91.0,Sense
2025-08-16T11:08:33Z,84.0,Sense
2025-08-16T11:08:48Z,85.0,Sense
2025-08-16T11:08:58Z,86.0,Sense
2025-08-16T11:09:03Z,85.0,Sense
2025-08-16T11:09:18Z,85.0,Sense
2025-08-16T11:09:28Z,87.0,Sense
2025-08-16T11:09:33Z,90.0,Sense
2025-08-16T11:09:48Z,88.0,Sense
2025-08-16T11:10:03Z,89.0,Sense
2025-08-16T11:10:08Z,91.0,Sense
2025-08-16T11:10:13Z,90.0,Sense
2025-08-16T11:10:28Z,91.0,Sense
2025-08-16T11:10:43Z,91.0,Sense
2025-08-16T11:10:48Z,89.0,Sense
2025-08-16T11:11:03Z,89.0,Sense
2025-08-16T11:11:13Z,89.0,Sense
2025-08-16T11:11:23Z,91.0,Sense
2025-08-16T11:11:28Z,92.0,Sense
2025-08-16T11:11:33Z,93.0,Sense
2025-08-16T11:11:48Z,94.0,Sense
2025-08-16T11:11:53Z,95.0,Sense
2025-08-16T11:11:58Z,103.0,Sense
2025-08-16T11:12:03Z,107.0,Sense
2025-08-16T11:12:08Z,106.0,Sense
2025-08-16T11:12:13Z,105.0,Sense
2025-08-16T11:12:18Z,101.0,Sense
2025-08-16T11:12:23Z,99.0,Sense
2025-08-16T11:12:28Z,97.0,Sense
2025-08-16T11:12:33Z,98.0,Sense
2025-08-16T11:12:38Z,97.0,Sense
2025-08-16T11:12:43Z,96.0,Sense
2025-08-16T11:12:58Z,94.0,Sense
2025-08-16T11:13:03Z,92.0,Sense
2025-08-16T11:13:13Z,93.0,Sense
2025-08-16T11:13:18Z,91.0,Sense
2025-08-16T11:13:28Z,90.0,Sense
2025-08-16T11:13:33Z,91.0,Sense
2025-08-16T11:13:43Z,96.0,Sense
2025-08-16T11:13:48Z,102.0,Sense
2025-08-16T11:13:53Z,99.0,Sense
2025-08-16T11:13:58Z,97.0,Sense
2025-08-16T11:14:08Z,96.0,Sense
2025-08-16T11:14:13Z,95.0,Sense
2025-08-16T11:14:23Z,92.0,Sense
2025-08-16T11:14:28Z,84.0,Sense
2025-08-16T11:14:33Z,85.0,Sense
2025-08-16T11:14:43Z,86.0,Sense
2025-08-16T11:14:48Z,87.0,Sense
2025-08-16T11:14:53Z,88.0,Sense
2025-08-16T11:14:58Z,89.0,Sense
2025-08-16T11:15:03Z,90.0,Sense
2025-08-16T11:15:08Z,91.0,Sense
2025-08-16T11:15:13Z,92.0,Sense
2025-08-16T11:15:18Z,95.0,Sense
2025-08-16T11:15:23Z,96.0,Sense
2025-08-16T11:15:38Z,96.0,Sense
2025-08-16T11:15:43Z,98.0,Sense
2025-08-16T11:15:48Z,97.0,Sense
2025-08-16T11:16:08Z,97.0,Sense
2025-08-16T11:16:13Z,98.0,Sense
2025-08-16T11:16:18Z,99.0,Sense
2025-08-16T11:16:23Z,99.0,Sense
2025-08-16T11:16:33Z,98.0,Sense
2025-08-16T11:16:43Z,97.0,Sense
2025-08-16T11:16:53Z,98.0,Sense
2025-08-16T11:16:58Z,97.0,Sense
2025-08-16T11:17:03Z,98.0,Sense
2025-08-16T11:17:08Z,97.0,Sense
2025-08-16T11:17:18Z,96.0,Sense
2025-08-16T11:17:28Z,95.0,Sense
2025-08-16T11:17:33Z,89.0,Sense
2025-08-16T11:21:33Z,87.0,Sense
2025-08-16T11:21:48Z,84.0,Sense
2025-08-16T11:22:03Z,85.0,Sense
2025-08-16T11:22:08Z,86.0,Sense
2025-08-16T11:22:13Z,96.0,Sense
2025-08-16T11:22:23Z,97.0,Sense
2025-08-16T11:22:38Z,96.0,Sense
2025-08-16T11:22:53Z,96.0,Sense
2025-08-16T11:22:58Z,92.0,Sense
2025-08-16T11:23:13Z,93.0,Sense
2025-08-16T11:23:23Z,94.0,Sense
2025-08-16T11:23:28Z,95.0,Sense
2025-08-16T11:23:38Z,94.0,Sense
2025-08-16T11:23:53Z,94.0,Sense
2025-08-16T11:24:03Z,93.0,Sense
2025-08-16T11:24:08Z,91.0,Sense
2025-08-16T11:24:18Z,92.0,Sense
2025-08-16T11:24:33Z,92.0,Sense
2025-08-16T11:24:43Z,91.0,Sense
2025-08-16T11:24:53Z,92.0,Sense
2025-08-16T11:25:03Z,91.0,Sense
2025-08-16T11:25:18Z,91.0,Sense
2025-08-16T11:25:33Z,91.0,Sense
2025-08-16T11:25:43Z,85.0,Sense
2025-08-16T11:25:48Z,84.0,Sense
2025-08-16T11:25:58Z,85.0,Sense
2025-08-16T11:26:03Z,85.0,Sense
2025-08-16T11:26:13Z,86.0,Sense
2025-08-16T11:26:23Z,89.0,Sense
2025-08-16T11:26:28Z,92.0,Sense
2025-08-16T11:26:43Z,92.0,Sense
2025-08-16T11:26:58Z,92.0,Sense
2025-08-16T11:27:08Z,93.0,Sense
2025-08-16T11:27:13Z,85.0,Sense
2025-08-16T11:27:23Z,86.0,Sense
2025-08-16T11:27:38Z,87.0,Sense
2025-08-16T11:27:48Z,86.0,Sense
2025-08-16T11:27:58Z,88.0,Sense
2025-08-16T11:28:03Z,91.0,Sense
2025-08-16T11:28:08Z,97.0,Sense
2025-08-16T11:28:13Z,100.0,Sense
2025-08-16T11:28:18Z,107.0,Sense
2025-08-16T11:28:23Z,108.0,Sense
2025-08-16T11:28:28Z,115.0,Sense
2025-08-16T11:28:33Z,123.0,Sense
2025-08-16T11:28:43Z,120.0,Sense
2025-08-16T11:28:48Z,117.0,Sense
2025-08-16T11:28:53Z,114.0,Sense
2025-08-16T11:28:58Z,112.0,Sense
2025-08-16T11:29:03Z,105.0,Sense
2025-08-16T11:29:08Z,102.0,Sense
2025-08-16T11:29:13Z,99.0,Sense
2025-08-16T11:29:18Z,96.0,Sense
2025-08-16T11:29:23Z,94.0,Sense
2025-08-16T11:29:33Z,93.0,Sense
2025-08-16T11:29:38Z,91.0,Sense
2025-08-16T11:29:48Z,92.0,Sense
2025-08-16T11:29:53Z,93.0,Sense
2025-08-16T11:30:03Z,92.0,Sense
2025-08-16T11:30:08Z,91.0,Sense
2025-08-16T11:30:13Z,90.0,Sense
2025-08-16T11:30:18Z,91.0,Sense
2025-08-16T11:30:23Z,92.0,Sense
2025-08-16T11:30:28Z,92.0,Sense
2025-08-16T11:30:33Z,91.0,Sense
2025-08-16T11:30:38Z,90.0,Sense
2025-08-16T11:30:48Z,91.0,Sense
2025-08-16T11:30:58Z,90.0,Sense
2025-08-16T11:31:08Z,87.0,Sense
2025-08-16T11:31:13Z,83.0,Sense
2025-08-16T11:31:28Z,83.0,Sense
2025-08-16T11:31:33Z,84.0,Sense
2025-08-16T11:31:38Z,85.0,Sense
2025-08-16T11:31:53Z,83.0,Sense
2025-08-16T11:32:03Z,84.0,Sense
2025-08-16T11:32:13Z,85.0,Sense
2025-08-16T11:32:18Z,85.0,Sense
2025-08-16T11:32:23Z,86.0,Sense
2025-08-16T11:32:38Z,86.0,Sense
2025-08-16T11:32:53Z,87.0,Sense
2025-08-16T11:32:58Z,88.0,Sense
2025-08-16T11:33:03Z,87.0,Sense
2025-08-16T11:33:13Z,88.0,Sense
2025-08-16T11:33:23Z,89.0,Sense
2025-08-16T11:33:33Z,90.0,Sense
2025-08-16T11:33:48Z,90.0,Sense
2025-08-16T11:33:53Z,91.0,Sense
2025-08-16T11:33:58Z,93.0,Sense
2025-08-16T11:34:03Z,92.0,Sense
2025-08-16T11:34:08Z,91.0,Sense
2025-08-16T11:34:13Z,91.0,Sense
2025-08-16T11:34:18Z,90.0,Sense
2025-08-16T11:34:28Z,91.0,Sense
2025-08-16T11:34:33Z,90.0,Sense
2025-08-16T11:34:38Z,91.0,Sense
2025-08-16T11:34:43Z,93.0,Sense
2025-08-16T11:34:48Z,92.0,Sense
2025-08-16T11:35:03Z,91.0,Sense
2025-08-16T11:35:08Z,90.0,Sense
2025-08-16T11:35:13Z,89.0,Sense
2025-08-16T11:35:18Z,90.0,Sense
2025-08-16T11:35:23Z,92.0,Sense
2025-08-16T11:35:33Z,91.0,Sense
2025-08-16T11:35:38Z,90.0,Sense
2025-08-16T11:35:53Z,90.0,Sense
2025-08-16T11:35:58Z,89.0,Sense
2025-08-16T11:36:03Z,89.0,Sense
2025-08-16T11:36:18Z,87.0,Sense
2025-08-16T11:36:23Z,83.0,Sense
2025-08-16T11:36:33Z,84.0,Sense
2025-08-16T11:36:48Z,84.0,Sense
2025-08-16T11:36:53Z,85.0,Sense
2025-08-16T11:36:58Z,86.0,Sense
2025-08-16T11:37:03Z,87.0,Sense
2025-08-16T11:37:15Z,87.0,Sense
2025-08-16T11:37:20Z,88.0,Sense
2025-08-16T11:37:30Z,106.0,Sense
2025-08-16T11:37:35Z,111.0,Sense
2025-08-16T11:37:45Z,109.0,Sense
2025-08-16T11:37:50Z,108.0,Sense
2025-08-16T11:37:55Z,106.0,Sense
2025-08-16T11:38:00Z,105.0,Sense
2025-08-16T11:38:10Z,104.0,Sense
2025-08-16T11:38:25Z,104.0,Sense
2025-08-16T11:38:30Z,103.0,Sense
2025-08-16T11:38:35Z,102.0,Sense
2025-08-16T11:38:40Z,109.0,Sense
2025-08-16T11:38:45Z,115.0,Sense
2025-08-16T11:38:50Z,116.0,Sense
2025-08-16T11:38:55Z,117.0,Sense
2025-08-16T11:39:00Z,119.0,Sense
2025-08-16T11:39:10Z,117.0,Sense
2025-08-16T11:39:15Z,112.0,Sense
2025-08-16T11:39:20Z,106.0,Sense
2025-08-16T11:39:25Z,102.0,Sense
2025-08-16T11:39:36Z,101.0,Sense
2025-08-16T11:39:41Z,100.0,Sense
2025-08-16T11:39:46Z,98.0,Sense
2025-08-16T11:40:01Z,90.0,Sense
2025-08-16T11:40:06Z,86.0,Sense
2025-08-16T11:40:21Z,84.0,Sense
2025-08-16T11:40:26Z,83.0,Sense
2025-08-16T11:40:31Z,84.0,Sense
2025-08-16T11:40:41Z,85.0,Sense
2025-08-16T11:40:56Z,85.0,Sense
2025-08-16T11:41:06Z,86.0,Sense
2025-08-16T11:41:11Z,88.0,Sense
2025-08-16T11:41:21Z,88.0,Sense
2025-08-16T11:41:31Z,89.0,Sense
2025-08-16T11:41:41Z,87.0,Sense
2025-08-16T11:41:46Z,86.0,Sense
2025-08-16T11:41:56Z,87.0,Sense
2025-08-16T11:42:06Z,88.0,Sense
2025-08-16T11:42:12Z,88.0,Sense
2025-08-16T11:42:22Z,89.0,Sense
2025-08-16T11:42:32Z,88.0,Sense
2025-08-16T11:42:37Z,88.0,Sense
2025-08-16T11:42:52Z,88.0,Sense
2025-08-16T11:42:57Z,88.0,Sense
2025-08-16T11:43:12Z,89.0,Sense
2025-08-16T11:43:17Z,88.0,Sense
2025-08-16T11:43:22Z,86.0,Sense
2025-08-16T11:43:27Z,84.0,Sense
2025-08-16T11:43:42Z,85.0,Sense
2025-08-16T11:43:52Z,86.0,Sense
2025-08-16T11:43:57Z,89.0,Sense
2025-08-16T11:44:17Z,88.0,Sense
2025-08-16T11:44:22Z,89.0,Sense
2025-08-16T11:44:37Z,89.0,Sense
2025-08-16T11:44:42Z,89.0,Sense
2025-08-16T11:44:47Z,90.0,Sense
2025-08-16T11:44:57Z,91.0,Sense
2025-08-16T11:45:02Z,87.0,Sense
2025-08-16T11:45:07Z,86.0,Sense
2025-08-16T11:45:12Z,87.0,Sense
2025-08-16T11:45:17Z,89.0,Sense
2025-08-16T11:45:22Z,90.0,Sense
2025-08-16T11:45:32Z,91.0,Sense
2025-08-16T11:45:37Z,92.0,Sense
2025-08-16T11:45:52Z,92.0,Sense
2025-08-16T11:45:57Z,102.0,Sense
2025-08-16T11:46:02Z,102.0,Sense
2025-08-16T11:46:07Z,100.0,Sense
2025-08-16T11:46:17Z,99.0,Sense
2025-08-16T11:46:22Z,98.0,Sense
2025-08-16T11:46:27Z,96.0,Sense
2025-08-16T11:46:32Z,95.0,Sense
2025-08-16T11:46:42Z,91.0,Sense
2025-08-16T11:46:47Z,90.0,Sense
2025-08-16T11:46:57Z,91.0,Sense
2025-08-16T11:47:07Z,92.0,Sense
2025-08-16T11:47:12Z,92.0,Sense
2025-08-16T11:47:17Z,92.0,Sense
2025-08-16T11:47:27Z,93.0,Sense
2025-08-16T11:47:37Z,94.0,Sense
2025-08-16T11:47:42Z,95.0,Sense
2025-08-16T11:47:47Z,94.0,Sense
2025-08-16T11:47:52Z,93.0,Sense
2025-08-16T11:48:07Z,93.0,Sense
2025-08-16T11:48:12Z,91.0,Sense
2025-08-16T11:48:17Z,92.0,Sense
2025-08-16T11:48:22Z,93.0,Sense
2025-08-16T11:48:32Z,92.0,Sense
2025-08-16T11:48:37Z,91.0,Sense
2025-08-16T11:48:52Z,91.0,Sense
2025-08-16T11:49:02Z,93.0,Sense
2025-08-16T11:49:12Z,92.0,Sense
2025-08-16T11:49:27Z,91.0,Sense
2025-08-16T11:49:32Z,90.0,Sense
2025-08-16T11:49:42Z,90.0,Sense
2025-08-16T11:49:57Z,89.0,Sense
2025-08-16T11:50:02Z,90.0,Sense
2025-08-16T11:50:07Z,91.0,Sense
2025-08-16T11:50:12Z,91.0,Sense
2025-08-16T11:50:17Z,92.0,Sense
2025-08-16T11:50:22Z,93.0,Sense
2025-08-16T11:50:32Z,91.0,Sense
2025-08-16T11:50:37Z,90.0,Sense
2025-08-16T11:50:47Z,89.0,Sense
2025-08-16T11:51:02Z,89.0,Sense
2025-08-16T11:51:12Z,89.0,Sense
2025-08-16T11:51:22Z,90.0,Sense
2025-08-16T11:51:27Z,89.0,Sense
2025-08-16T11:51:42Z,86.0,Sense
2025-08-16T11:51:47Z,85.0,Sense
2025-08-16T11:52:02Z,85.0,Sense
2025-08-16T11:52:17Z,85.0,Sense
2025-08-16T11:52:22Z,85.0,Sense
2025-08-16T11:52:27Z,86.0,Sense
2025-08-16T11:52:32Z,87.0,Sense
2025-08-16T11:52:37Z,88.0,Sense
2025-08-16T11:52:42Z,87.0,Sense
2025-08-16T11:52:47Z,88.0,Sense
2025-08-16T11:52:57Z,89.0,Sense
2025-08-16T11:53:07Z,90.0,Sense
2025-08-16T11:53:12Z,96.0,Sense
2025-08-16T11:53:17Z,100.0,Sense
2025-08-16T11:53:32Z,99.0,Sense
2025-08-16T11:53:37Z,98.0,Sense
2025-08-16T11:53:42Z,89.0,Sense
2025-08-16T11:53:47Z,90.0,Sense
2025-08-16T11:54:02Z,90.0,Sense
2025-08-16T11:54:17Z,90.0,Sense
2025-08-16T11:54:32Z,90.0,Sense
2025-08-16T11:54:42Z,91.0,Sense
2025-08-16T11:54:52Z,92.0,Sense
2025-08-16T11:55:02Z,89.0,Sense
2025-08-16T11:55:07Z,84.0,Sense
2025-08-16T11:55:12Z,85.0,Sense
2025-08-16T11:55:27Z,86.0,Sense
2025-08-16T11:55:32Z,87.0,Sense
2025-08-16T11:55:37Z,88.0,Sense
2025-08-16T11:55:42Z,85.0,Sense
2025-08-16T11:55:52Z,91.0,Sense
2025-08-16T11:55:57Z,92.0,Sense
2025-08-16T11:56:12Z,93.0,Sense
2025-08-16T11:56:17Z,93.0,Sense
2025-08-16T11:56:22Z,92.0,Sense
2025-08-16T11:56:32Z,93.0,Sense
2025-08-16T11:56:42Z,94.0,Sense
2025-08-16T11:56:52Z,93.0,Sense
2025-08-16T11:56:57Z,92.0,Sense
2025-08-16T11:57:02Z,93.0,Sense
2025-08-16T11:57:07Z,92.0,Sense
2025-08-16T11:57:17Z,93.0,Sense
2025-08-16T11:57:27Z,93.0,Sense
2025-08-16T11:57:32Z,94.0,Sense
2025-08-16T11:57:37Z,93.0,Sense
2025-08-16T11:57:47Z,92.0,Sense
2025-08-16T11:57:57Z,91.0,Sense
2025-08-16T11:58:12Z,93.0,Sense
2025-08-16T11:58:17Z,94.0,Sense
2025-08-16T11:58:27Z,94.0,Sense
2025-08-16T11:58:42Z,94.0,Sense
2025-08-16T11:58:47Z,93.0,Sense
2025-08-16T11:58:57Z,90.0,Sense
2025-08-16T11:59:02Z,89.0,Sense
2025-08-16T11:59:12Z,90.0,Sense
2025-08-16T11:59:22Z,91.0,Sense
2025-08-16T11:59:32Z,92.0,Sense
2025-08-16T11:59:37Z,106.0,Sense
2025-08-16T11:59:42Z,121.0,Sense
2025-08-16T11:59:47Z,120.0,Sense
2025-08-16T11:59:52Z,121.0,Sense
2025-08-16T11:59:57Z,131.0,Sense
2025-08-16T12:00:02Z,129.0,Sense
2025-08-16T12:00:07Z,124.0,Sense
2025-08-16T12:00:12Z,123.0,Sense
2025-08-16T12:00:17Z,121.0,Sense
2025-08-16T12:00:22Z,132.0,Sense
2025-08-16T12:00:27Z,149.0,Sense
2025-08-16T12:00:32Z,147.0,Sense
2025-08-16T12:00:37Z,143.0,Sense
2025-08-16T12:00:42Z,141.0,Sense
2025-08-16T12:00:47Z,136.0,Sense
2025-08-16T12:00:52Z,133.0,Sense
2025-08-16T12:01:02Z,129.0,Sense
2025-08-16T12:01:07Z,123.0,Sense
2025-08-16T12:01:12Z,120.0,Sense
2025-08-16T12:01:17Z,117.0,Sense
2025-08-16T12:01:22Z,114.0,Sense
2025-08-16T12:01:27Z,110.0,Sense
2025-08-16T12:01:32Z,106.0,Sense
2025-08-16T12:01:37Z,107.0,Sense
2025-08-16T12:01:42Z,106.0,Sense
2025-08-16T12:01:47Z,105.0,Sense
2025-08-16T12:01:52Z,104.0,Sense
2025-08-16T12:01:57Z,102.0,Sense
2025-08-16T12:02:02Z,98.0,Sense
2025-08-16T12:02:12Z,94.0,Sense
2025-08-16T12:02:27Z,94.0,Sense
2025-08-16T12:02:32Z,95.0,Sense
2025-08-16T12:02:37Z,95.0,Sense
2025-08-16T12:02:42Z,96.0,Sense
2025-08-16T12:02:47Z,99.0,Sense
2025-08-16T12:02:52Z,101.0,Sense
2025-08-16T12:02:58Z,100.0,Sense
2025-08-16T12:03:03Z,99.0,Sense
2025-08-16T12:03:18Z,101.0,Sense
2025-08-16T12:03:23Z,100.0,Sense
2025-08-16T12:03:28Z,104.0,Sense
2025-08-16T12:03:33Z,107.0,Sense
2025-08-16T12:03:38Z,106.0,Sense
2025-08-16T12:03:43Z,104.0,Sense
2025-08-16T12:03:48Z,103.0,Sense
2025-08-16T12:03:53Z,102.0,Sense
2025-08-16T12:03:58Z,100.0,Sense
2025-08-16T12:04:03Z,98.0,Sense
2025-08-16T12:04:08Z,97.0,Sense
2025-08-16T12:04:13Z,99.0,Sense
2025-08-16T12:04:18Z,98.0,Sense
2025-08-16T12:04:33Z,99.0,Sense
2025-08-16T12:04:43Z,99.0,Sense
2025-08-16T12:04:48Z,98.0,Sense
2025-08-16T12:05:03Z,97.0,Sense
2025-08-16T12:05:18Z,98.0,Sense
2025-08-16T12:05:23Z,99.0,Sense
2025-08-16T12:05:28Z,98.0,Sense
2025-08-16T12:05:33Z,116.0,Sense
2025-08-16T12:05:38Z,123.0,Sense
2025-08-16T12:05:43Z,121.0,Sense
2025-08-16T12:05:48Z,120.0,Sense
2025-08-16T12:05:53Z,117.0,Sense
2025-08-16T12:05:58Z,115.0,Sense
2025-08-16T12:06:03Z,111.0,Sense
2025-08-16T12:06:08Z,108.0,Sense
2025-08-16T12:06:13Z,104.0,Sense
2025-08-16T12:06:18Z,102.0,Sense
2025-08-16T12:06:23Z,119.0,Sense
2025-08-16T12:06:33Z,120.0,Sense
2025-08-16T12:06:38Z,119.0,Sense
2025-08-16T12:06:43Z,118.0,Sense
2025-08-16T12:06:48Z,118.0,Sense
2025-08-16T12:06:53Z,127.0,Sense
2025-08-16T12:06:58Z,130.0,Sense
2025-08-16T12:07:03Z,135.0,Sense
2025-08-16T12:07:08Z,140.0,Sense
2025-08-16T12:07:13Z,148.0,Sense
2025-08-16T12:07:18Z,147.0,Sense
2025-08-16T12:07:23Z,145.0,Sense
2025-08-16T12:07:28Z,141.0,Sense
2025-08-16T12:07:33Z,140.0,Sense
2025-08-16T12:07:38Z,138.0,Sense
2025-08-16T12:07:43Z,136.0,Sense
2025-08-16T12:07:48Z,131.0,Sense
2025-08-16T12:07:53Z,129.0,Sense
2025-08-16T12:08:03Z,133.0,Sense
2025-08-16T12:08:08Z,143.0,Sense
2025-08-16T12:08:13Z,144.0,Sense
2025-08-16T12:08:18Z,141.0,Sense
2025-08-16T12:08:23Z,139.0,Sense
2025-08-16T12:08:28Z,135.0,Sense
2025-08-16T12:08:33Z,134.0,Sense
2025-08-16T12:08:38Z,131.0,Sense
2025-08-16T12:08:43Z,133.0,Sense
2025-08-16T12:08:48Z,130.0,Sense
2025-08-16T12:08:58Z,131.0,Sense
2025-08-16T12:09:03Z,134.0,Sense
2025-08-16T12:09:08Z,136.0,Sense
2025-08-16T12:09:18Z,135.0,Sense
2025-08-16T12:09:23Z,135.0,Sense
2025-08-16T12:09:28Z,134.0,Sense
2025-08-16T12:09:33Z,133.0,Sense
2025-08-16T12:09:38Z,134.0,Sense
2025-08-16T12:09:48Z,133.0,Sense
2025-08-16T12:09:53Z,134.0,Sense
2025-08-16T12:09:58Z,133.0,Sense
2025-08-16T12:10:03Z,131.0,Sense
2025-08-16T12:10:08Z,130.0,Sense
2025-08-16T12:10:13Z,127.0,Sense
2025-08-16T12:10:18Z,145.0,Sense
2025-08-16T12:10:28Z,146.0,Sense
2025-08-16T12:10:33Z,145.0,Sense
2025-08-16T12:10:38Z,143.0,Sense
2025-08-16T12:10:43Z,140.0,Sense
2025-08-16T12:10:48Z,139.0,Sense
2025-08-16T12:11:03Z,137.0,Sense
2025-08-16T12:11:08Z,130.0,Sense
2025-08-16T12:11:18Z,128.0,Sense
2025-08-16T12:11:23Z,146.0,Sense
2025-08-16T12:11:28Z,148.0,Sense
2025-08-16T12:11:33Z,145.0,Sense
2025-08-16T12:11:38Z,143.0,Sense
2025-08-16T12:11:43Z,141.0,Sense
2025-08-16T12:11:48Z,139.0,Sense
2025-08-16T12:11:58Z,136.0,Sense
2025-08-16T12:12:03Z,134.0,Sense
2025-08-16T12:12:08Z,131.0,Sense
2025-08-16T12:12:13Z,128.0,Sense
2025-08-16T12:12:23Z,134.0,Sense
2025-08-16T12:12:28Z,139.0,Sense
2025-08-16T12:12:33Z,131.0,Sense
2025-08-16T12:12:38Z,121.0,Sense
2025-08-16T12:12:43Z,118.0,Sense
2025-08-16T12:12:48Z,123.0,Sense
2025-08-16T12:12:53Z,120.0,Sense
2025-08-16T12:13:08Z,120.0,Sense
2025-08-16T12:13:13Z,122.0,Sense
2025-08-16T12:13:23Z,109.0,Sense
2025-08-16T12:13:33Z,105.0,Sense
2025-08-16T12:13:38Z,100.0,Sense
2025-08-16T12:13:43Z,94.0,Sense
2025-08-16T12:13:48Z,91.0,Sense
2025-08-16T12:13:53Z,80.0,Sense
2025-08-16T12:14:03Z,82.0,Sense
2025-08-16T12:14:13Z,77.0,Sense
2025-08-16T12:14:18Z,75.0,Sense
2025-08-16T12:14:28Z,74.0,Sense
2025-08-16T12:14:33Z,75.0,Sense
2025-08-16T12:14:43Z,76.0,Sense
2025-08-16T12:14:48Z,83.0,Sense
2025-08-16T12:14:53Z,99.0,Sense
2025-08-16T12:14:58Z,100.0,Sense
2025-08-16T12:15:03Z,99.0,Sense
2025-08-16T12:15:08Z,125.0,Sense
2025-08-16T12:15:13Z,127.0,Sense
2025-08-16T12:15:18Z,128.0,Sense
2025-08-16T12:15:33Z,128.0,Sense
2025-08-16T12:15:43Z,119.0,Sense
2025-08-16T12:15:48Z,113.0,Sense
2025-08-16T12:15:58Z,111.0,Sense
2025-08-16T12:16:03Z,103.0,Sense
2025-08-16T12:16:08Z,101.0,Sense
2025-08-16T12:16:18Z,118.0,Sense
2025-08-16T12:16:23Z,128.0,Sense
2025-08-16T12:16:28Z,123.0,Sense
2025-08-16T12:16:43Z,124.0,Sense
2025-08-16T12:16:48Z,123.0,Sense
2025-08-16T12:16:58Z,115.0,Sense
2025-08-16T12:17:03Z,114.0,Sense
2025-08-16T12:17:08Z,115.0,Sense
2025-08-16T12:17:13Z,114.0,Sense
2025-08-16T12:17:18Z,112.0,Sense
2025-08-16T12:17:23Z,113.0,Sense
2025-08-16T12:17:28Z,112.0,Sense
2025-08-16T12:17:33Z,110.0,Sense
2025-08-16T12:17:38Z,109.0,Sense
2025-08-16T12:17:43Z,109.0,Sense
2025-08-16T12:17:48Z,108.0,Sense
2025-08-16T12:17:53Z,107.0,Sense
2025-08-16T12:17:58Z,110.0,Sense
2025-08-16T12:18:03Z,111.0,Sense
2025-08-16T12:18:08Z,103.0,Sense
2025-08-16T12:18:13Z,91.0,Sense
2025-08-16T12:18:18Z,90.0,Sense
2025-08-16T12:18:23Z,89.0,Sense
2025-08-16T12:18:28Z,87.0,Sense
2025-08-16T12:18:33Z,86.0,Sense
2025-08-16T12:18:38Z,82.0,Sense
2025-08-16T12:18:43Z,77.0,Sense
2025-08-16T12:18:48Z,79.0,Sense
2025-08-16T12:18:53Z,82.0,Sense
2025-08-16T12:19:03Z,84.0,Sense
2025-08-16T12:19:08Z,86.0,Sense
2025-08-16T12:19:13Z,88.0,Sense
2025-08-16T12:19:18Z,89.0,Sense
2025-08-16T12:19:23Z,90.0,Sense
2025-08-16T12:19:28Z,126.0,Sense
2025-08-16T12:19:33Z,128.0,Sense
2025-08-16T12:19:38Z,127.0,Sense
2025-08-16T12:19:43Z,125.0,Sense
2025-08-16T12:19:48Z,123.0,Sense
2025-08-16T12:19:53Z,120.0,Sense
2025-08-16T12:19:58Z,140.0,Sense
2025-08-16T12:20:03Z,145.0,Sense
2025-08-16T12:20:13Z,144.0,Sense
2025-08-16T12:20:23Z,147.0,Sense
2025-08-16T12:20:28Z,146.0,Sense
2025-08-16T12:20:34Z,145.0,Sense
2025-08-16T12:20:39Z,146.0,Sense
2025-08-16T12:20:49Z,146.0,Sense
2025-08-16T12:20:54Z,156.0,Sense
2025-08-16T12:20:59Z,155.0,Sense
2025-08-16T12:21:04Z,151.0,Sense
2025-08-16T12:21:09Z,141.0,Sense
2025-08-16T12:21:14Z,140.0,Sense
2025-08-16T12:21:19Z,137.0,Sense
2025-08-16T12:21:24Z,133.0,Sense
2025-08-16T12:21:29Z,131.0,Sense
2025-08-16T12:21:34Z,129.0,Sense
2025-08-16T12:21:39Z,124.0,Sense
2025-08-16T12:21:44Z,118.0,Sense
2025-08-16T12:21:49Z,112.0,Sense
2025-08-16T12:21:54Z,110.0,Sense
2025-08-16T12:21:59Z,109.0,Sense
2025-08-16T12:22:09Z,117.0,Sense
2025-08-16T12:22:14Z,144.0,Sense
2025-08-16T12:22:29Z,145.0,Sense
2025-08-16T12:22:39Z,143.0,Sense
2025-08-16T12:22:44Z,141.0,Sense
2025-08-16T12:22:49Z,136.0,Sense
2025-08-16T12:22:54Z,129.0,Sense
2025-08-16T12:22:59Z,126.0,Sense
2025-08-16T12:23:09Z,124.0,Sense
2025-08-16T12:23:14Z,129.0,Sense
2025-08-16T12:23:24Z,127.0,Sense
2025-08-16T12:23:29Z,124.0,Sense
2025-08-16T12:23:34Z,119.0,Sense
2025-08-16T12:23:39Z,120.0,Sense
2025-08-16T12:23:44Z,117.0,Sense
2025-08-16T12:23:49Z,115.0,Sense
2025-08-16T12:23:54Z,120.0,Sense
2025-08-16T12:23:59Z,121.0,Sense
2025-08-16T12:24:04Z,119.0,Sense
2025-08-16T12:24:19Z,117.0,Sense
2025-08-16T12:24:24Z,114.0,Sense
2025-08-16T12:24:29Z,115.0,Sense
2025-08-16T12:24:34Z,119.0,Sense
2025-08-16T12:24:39Z,121.0,Sense
2025-08-16T12:24:44Z,120.0,Sense
2025-08-16T12:24:49Z,123.0,Sense
2025-08-16T12:24:54Z,121.0,Sense
2025-08-16T12:24:59Z,119.0,Sense
2025-08-16T12:25:09Z,117.0,Sense
2025-08-16T12:25:14Z,113.0,Sense
2025-08-16T12:25:19Z,123.0,Sense
2025-08-16T12:25:24Z,126.0,Sense
2025-08-16T12:25:29Z,124.0,Sense
2025-08-16T12:25:34Z,135.0,Sense
2025-08-16T12:25:39Z,137.0,Sense
2025-08-16T12:25:44Z,134.0,Sense
2025-08-16T12:25:49Z,128.0,Sense
2025-08-16T12:26:04Z,128.0,Sense
2025-08-16T12:26:09Z,130.0,Sense
2025-08-16T12:26:14Z,130.0,Sense
2025-08-16T12:26:24Z,127.0,Sense
2025-08-16T12:26:29Z,123.0,Sense
2025-08-16T12:26:34Z,124.0,Sense
2025-08-16T12:26:39Z,128.0,Sense
2025-08-16T12:26:44Z,130.0,Sense
2025-08-16T12:26:49Z,131.0,Sense
2025-08-16T12:26:54Z,132.0,Sense
2025-08-16T12:27:04Z,130.0,Sense
2025-08-16T12:27:09Z,129.0,Sense
2025-08-16T12:27:19Z,130.0,Sense
2025-08-16T12:27:24Z,137.0,Sense
2025-08-16T12:27:40Z,136.0,Sense
2025-08-16T12:27:45Z,135.0,Sense
2025-08-16T12:27:50Z,132.0,Sense
2025-08-16T12:27:55Z,129.0,Sense
2025-08-16T12:28:00Z,121.0,Sense
2025-08-16T12:28:05Z,117.0,Sense
2025-08-16T12:28:10Z,119.0,Sense
2025-08-16T12:28:15Z,117.0,Sense
2025-08-16T12:28:20Z,135.0,Sense
2025-08-16T12:28:25Z,138.0,Sense
2025-08-16T12:28:35Z,140.0,Sense
2025-08-16T12:28:40Z,141.0,Sense
2025-08-16T12:28:45Z,142.0,Sense
2025-08-16T12:28:50Z,143.0,Sense
2025-08-16T12:28:55Z,132.0,Sense
2025-08-16T12:29:00Z,133.0,Sense
2025-08-16T12:29:05Z,134.0,Sense
2025-08-16T12:29:15Z,126.0,Sense
2025-08-16T12:29:20Z,119.0,Sense
2025-08-16T12:29:30Z,124.0,Sense
2025-08-16T12:29:35Z,138.0,Sense
2025-08-16T12:29:40Z,136.0,Sense
2025-08-16T12:29:45Z,135.0,Sense
2025-08-16T12:29:55Z,136.0,Sense
2025-08-16T12:30:00Z,135.0,Sense
2025-08-16T12:30:05Z,134.0,Sense
2025-08-16T12:30:10Z,134.0,Sense
2025-08-16T12:30:15Z,133.0,Sense
2025-08-16T12:30:20Z,132.0,Sense
2025-08-16T12:30:25Z,134.0,Sense
2025-08-16T12:30:30Z,131.0,Sense
2025-08-16T12:30:35Z,132.0,Sense
2025-08-16T12:30:40Z,134.0,Sense
2025-08-16T12:30:45Z,129.0,Sense
2025-08-16T12:30:50Z,128.0,Sense
2025-08-16T12:31:00Z,127.0,Sense
2025-08-16T12:31:05Z,125.0,Sense
2025-08-16T12:31:10Z,152.0,Sense
2025-08-16T12:31:20Z,151.0,Sense
2025-08-16T12:31:30Z,147.0,Sense
2025-08-16T12:31:35Z,140.0,Sense
2025-08-16T12:31:45Z,139.0,Sense
2025-08-16T12:31:50Z,140.0,Sense
2025-08-16T12:32:05Z,140.0,Sense
2025-08-16T12:32:10Z,136.0,Sense
2025-08-16T12:32:15Z,130.0,Sense
2025-08-16T12:32:20Z,129.0,Sense
2025-08-16T12:32:25Z,127.0,Sense
2025-08-16T12:32:30Z,125.0,Sense
2025-08-16T12:32:35Z,129.0,Sense
2025-08-16T12:32:40Z,130.0,Sense
2025-08-16T12:32:45Z,129.0,Sense
2025-08-16T12:32:55Z,130.0,Sense
2025-08-16T12:33:00Z,127.0,Sense
2025-08-16T12:33:05Z,127.0,Sense
2025-08-16T12:33:15Z,126.0,Sense
2025-08-16T12:33:20Z,121.0,Sense
2025-08-16T12:33:25Z,125.0,Sense
2025-08-16T12:33:30Z,123.0,Sense
2025-08-16T12:33:35Z,125.0,Sense
2025-08-16T12:33:40Z,124.0,Sense
2025-08-16T12:33:45Z,122.0,Sense
2025-08-16T12:33:50Z,119.0,Sense
2025-08-16T12:33:55Z,116.0,Sense
2025-08-16T12:34:00Z,114.0,Sense
2025-08-16T12:34:05Z,111.0,Sense
2025-08-16T12:34:10Z,112.0,Sense
2025-08-16T12:34:15Z,115.0,Sense
2025-08-16T12:34:20Z,116.0,Sense
2025-08-16T12:34:25Z,111.0,Sense
2025-08-16T12:34:30Z,108.0,Sense
2025-08-16T12:34:35Z,93.0,Sense
2025-08-16T12:34:40Z,92.0,Sense
2025-08-16T12:34:45Z,116.0,Sense
2025-08-16T12:34:50Z,118.0,Sense
2025-08-16T12:35:00Z,119.0,Sense
2025-08-16T12:35:05Z,117.0,Sense
2025-08-16T12:35:10Z,111.0,Sense
2025-08-16T12:35:20Z,116.0,Sense
2025-08-16T12:35:25Z,116.0,Sense
2025-08-16T12:35:30Z,117.0,Sense
2025-08-16T12:35:35Z,120.0,Sense
2025-08-16T12:35:40Z,122.0,Sense
2025-08-16T12:35:45Z,123.0,Sense
2025-08-16T12:35:50Z,131.0,Sense
2025-08-16T12:35:55Z,129.0,Sense
2025-08-16T12:36:00Z,124.0,Sense
2025-08-16T12:36:10Z,123.0,Sense
2025-08-16T12:36:15Z,122.0,Sense
2025-08-16T12:36:20Z,119.0,Sense
2025-08-16T12:36:25Z,117.0,Sense
2025-08-16T12:36:35Z,118.0,Sense
2025-08-16T12:36:40Z,117.0,Sense
2025-08-16T12:36:45Z,115.0,Sense
2025-08-16T12:36:50Z,116.0,Sense
2025-08-16T12:36:55Z,120.0,Sense
2025-08-16T12:37:00Z,123.0,Sense
2025-08-16T12:37:10Z,124.0,Sense
2025-08-16T12:37:15Z,122.0,Sense
2025-08-16T12:37:20Z,117.0,Sense
2025-08-16T12:37:25Z,118.0,Sense
2025-08-16T12:37:30Z,120.0,Sense
2025-08-16T12:37:40Z,114.0,Sense
2025-08-16T12:37:45Z,118.0,Sense
2025-08-16T12:37:55Z,116.0,Sense
2025-08-16T12:38:00Z,115.0,Sense
2025-08-16T12:38:05Z,113.0,Sense
2025-08-16T12:38:10Z,112.0,Sense
2025-08-16T12:38:15Z,118.0,Sense
2025-08-16T12:38:25Z,124.0,Sense
2025-08-16T12:38:30Z,120.0,Sense
2025-08-16T12:38:35Z,115.0,Sense
2025-08-16T12:38:40Z,104.0,Sense
2025-08-16T12:38:45Z,103.0,Sense
2025-08-16T12:38:50Z,105.0,Sense
2025-08-16T12:38:56Z,105.0,Sense
2025-08-16T12:39:11Z,107.0,Sense
2025-08-16T12:39:16Z,113.0,Sense
2025-08-16T12:39:21Z,110.0,Sense
2025-08-16T12:39:36Z,108.0,Sense
2025-08-16T12:39:46Z,107.0,Sense
2025-08-16T12:39:51Z,109.0,Sense
2025-08-16T12:39:56Z,110.0,Sense
2025-08-16T12:40:06Z,111.0,Sense
2025-08-16T12:40:16Z,114.0,Sense
2025-08-16T12:40:26Z,112.0,Sense
2025-08-16T12:40:31Z,111.0,Sense
2025-08-16T12:40:36Z,112.0,Sense
2025-08-16T12:40:45Z,112.0,Sense
2025-08-16T12:40:50Z,113.0,Sense
2025-08-16T12:40:55Z,116.0,Sense
2025-08-16T12:41:00Z,129.0,Sense
2025-08-16T12:41:05Z,125.0,Sense
2025-08-16T12:41:10Z,126.0,Sense
2025-08-16T12:41:25Z,126.0,Sense
2025-08-16T12:41:30Z,122.0,Sense
2025-08-16T12:41:35Z,115.0,Sense
2025-08-16T12:41:40Z,114.0,Sense
2025-08-16T12:41:45Z,113.0,Sense
2025-08-16T12:41:50Z,107.0,Sense
2025-08-16T12:41:55Z,97.0,Sense
2025-08-16T12:42:05Z,83.0,Sense
2025-08-16T12:42:10Z,81.0,Sense
2025-08-16T12:42:25Z,80.0,Sense
2025-08-16T12:42:35Z,95.0,Sense
2025-08-16T12:42:40Z,99.0,Sense
2025-08-16T12:42:45Z,97.0,Sense
2025-08-16T12:42:50Z,95.0,Sense
2025-08-16T12:43:00Z,100.0,Sense
2025-08-16T12:43:05Z,118.0,Sense
2025-08-16T12:43:15Z,119.0,Sense
2025-08-16T12:43:20Z,123.0,Sense
2025-08-16T12:43:25Z,122.0,Sense
2025-08-16T12:43:30Z,123.0,Sense
2025-08-16T12:43:40Z,124.0,Sense
2025-08-16T12:43:45Z,144.0,Sense
2025-08-16T12:43:50Z,145.0,Sense
2025-08-16T12:43:55Z,144.0,Sense
2025-08-16T12:44:00Z,143.0,Sense
2025-08-16T12:44:05Z,145.0,Sense
2025-08-16T12:44:10Z,140.0,Sense
2025-08-16T12:44:15Z,133.0,Sense
2025-08-16T12:44:25Z,130.0,Sense
2025-08-16T12:44:30Z,122.0,Sense
2025-08-16T12:44:35Z,115.0,Sense
2025-08-16T12:44:40Z,109.0,Sense
2025-08-16T12:44:45Z,108.0,Sense
2025-08-16T12:44:55Z,106.0,Sense
2025-08-16T12:45:05Z,107.0,Sense
2025-08-16T12:45:15Z,106.0,Sense
2025-08-16T12:45:20Z,102.0,Sense
2025-08-16T12:45:25Z,95.0,Sense
2025-08-16T12:45:35Z,85.0,Sense
2025-08-16T12:45:45Z,102.0,Sense
2025-08-16T12:45:50Z,106.0,Sense
2025-08-16T12:45:55Z,107.0,Sense
2025-08-16T12:46:00Z,108.0,Sense
2025-08-16T12:46:05Z,111.0,Sense
2025-08-16T12:46:10Z,115.0,Sense
2025-08-16T12:46:20Z,110.0,Sense
2025-08-16T12:46:25Z,109.0,Sense
2025-08-16T12:46:45Z,111.0,Sense
2025-08-16T12:46:55Z,105.0,Sense
2025-08-16T12:47:00Z,98.0,Sense
2025-08-16T12:47:05Z,87.0,Sense
2025-08-16T12:47:10Z,83.0,Sense
2025-08-16T12:47:15Z,82.0,Sense
2025-08-16T12:47:20Z,85.0,Sense
2025-08-16T12:47:25Z,97.0,Sense
2025-08-16T12:47:40Z,96.0,Sense
2025-08-16T12:47:55Z,97.0,Sense
2025-08-16T12:48:05Z,96.0,Sense
2025-08-16T12:48:10Z,93.0,Sense
2025-08-16T12:48:15Z,101.0,Sense
2025-08-16T12:48:20Z,106.0,Sense
2025-08-16T12:48:25Z,105.0,Sense
2025-08-16T12:48:35Z,107.0,Sense
2025-08-16T12:48:40Z,105.0,Sense
2025-08-16T12:48:45Z,104.0,Sense
2025-08-16T12:48:50Z,106.0,Sense
2025-08-16T12:48:55Z,121.0,Sense
2025-08-16T12:49:00Z,122.0,Sense
2025-08-16T12:49:05Z,123.0,Sense
2025-08-16T12:49:10Z,122.0,Sense
2025-08-16T12:49:15Z,123.0,Sense
2025-08-16T12:49:20Z,148.0,Sense
2025-08-16T12:49:25Z,147.0,Sense
2025-08-16T12:49:40Z,145.0,Sense
2025-08-16T12:49:45Z,140.0,Sense
2025-08-16T12:49:50Z,138.0,Sense
2025-08-16T12:49:55Z,132.0,Sense
2025-08-16T12:50:00Z,128.0,Sense
2025-08-16T12:50:05Z,123.0,Sense
2025-08-16T12:50:10Z,122.0,Sense
2025-08-16T12:50:15Z,121.0,Sense
2025-08-16T12:50:25Z,118.0,Sense
2025-08-16T12:50:30Z,117.0,Sense
2025-08-16T12:50:35Z,113.0,Sense
2025-08-16T12:50:40Z,106.0,Sense
2025-08-16T12:50:45Z,108.0,Sense
2025-08-16T12:50:50Z,98.0,Sense
2025-08-16T12:50:55Z,96.0,Sense
2025-08-16T12:51:00Z,97.0,Sense
2025-08-16T12:51:05Z,99.0,Sense
2025-08-16T12:51:10Z,100.0,Sense
2025-08-16T12:51:15Z,100.0,Sense
2025-08-16T12:51:20Z,97.0,Sense
2025-08-16T12:51:25Z,95.0,Sense
2025-08-16T12:51:30Z,96.0,Sense
2025-08-16T12:51:35Z,99.0,Sense
2025-08-16T12:51:45Z,100.0,Sense
2025-08-16T12:51:50Z,101.0,Sense
2025-08-16T12:52:05Z,98.0,Sense
2025-08-16T12:52:10Z,127.0,Sense
2025-08-16T12:52:15Z,145.0,Sense
2025-08-16T12:52:25Z,144.0,Sense
2025-08-16T12:52:30Z,143.0,Sense
2025-08-16T12:52:35Z,142.0,Sense
2025-08-16T12:52:40Z,136.0,Sense
2025-08-16T12:52:45Z,134.0,Sense
2025-08-16T12:52:50Z,129.0,Sense
2025-08-16T12:52:55Z,120.0,Sense
2025-08-16T12:53:00Z,116.0,Sense
2025-08-16T12:53:05Z,115.0,Sense
2025-08-16T12:53:10Z,117.0,Sense
2025-08-16T12:53:15Z,118.0,Sense
2025-08-16T12:53:20Z,117.0,Sense
2025-08-16T12:53:35Z,119.0,Sense
2025-08-16T12:53:40Z,116.0,Sense
2025-08-16T12:53:45Z,115.0,Sense
2025-08-16T12:53:50Z,112.0,Sense
2025-08-16T12:53:55Z,108.0,Sense
2025-08-16T12:54:10Z,108.0,Sense
2025-08-16T12:54:15Z,109.0,Sense
2025-08-16T12:54:20Z,110.0,Sense
2025-08-16T12:54:25Z,111.0,Sense
2025-08-16T12:54:30Z,108.0,Sense
2025-08-16T12:54:35Z,105.0,Sense
2025-08-16T12:54:40Z,104.0,Sense
2025-08-16T12:54:45Z,106.0,Sense
2025-08-16T12:54:50Z,107.0,Sense
2025-08-16T12:55:00Z,108.0,Sense
2025-08-16T12:55:15Z,108.0,Sense
2025-08-16T12:55:20Z,108.0,Sense
2025-08-16T12:55:35Z,108.0,Sense
2025-08-16T12:55:50Z,107.0,Sense
2025-08-16T12:55:55Z,105.0,Sense
2025-08-16T12:56:00Z,104.0,Sense
2025-08-16T12:56:10Z,103.0,Sense
2025-08-16T12:56:15Z,101.0,Sense
2025-08-16T12:56:20Z,98.0,Sense
2025-08-16T12:56:25Z,97.0,Sense
2025-08-16T12:56:30Z,96.0,Sense
2025-08-16T12:56:45Z,94.0,Sense
2025-08-16T12:56:50Z,88.0,Sense
2025-08-16T12:56:55Z,81.0,Sense
2025-08-16T12:57:00Z,75.0,Sense
2025-08-16T12:57:05Z,72.0,Sense
2025-08-16T12:57:10Z,71.0,Sense
2025-08-16T12:57:15Z,69.0,Sense
2025-08-16T12:57:25Z,70.0,Sense
2025-08-16T12:57:30Z,71.0,Sense
2025-08-16T12:57:35Z,72.0,Sense
2025-08-16T12:57:40Z,73.0,Sense
2025-08-16T12:57:45Z,74.0,Sense
2025-08-16T12:57:55Z,75.0,Sense
2025-08-16T12:58:10Z,75.0,Sense
2025-08-16T12:58:20Z,74.0,Sense
2025-08-16T12:58:35Z,75.0,Sense
2025-08-16T12:58:50Z,75.0,Sense
2025-08-16T12:58:55Z,74.0,Sense
2025-08-16T12:59:00Z,70.0,Sense
2025-08-16T12:59:05Z,67.0,Sense
2025-08-16T12:59:15Z,67.0,Sense
2025-08-16T12:59:20Z,66.0,Sense
2025-08-16T12:59:35Z,67.0,Sense
2025-08-16T12:59:45Z,68.0,Sense
2025-08-16T12:59:50Z,69.0,Sense
2025-08-16T12:59:55Z,70.0,Sense
2025-08-16T13:00:00Z,71.0,Sense
2025-08-16T13:00:05Z,72.0,Sense
2025-08-16T13:00:10Z,71.0,Sense
2025-08-16T13:00:20Z,71.0,Sense
2025-08-16T13:00:25Z,72.0,Sense
2025-08-16T13:00:30Z,73.0,Sense
2025-08-16T13:00:35Z,74.0,Sense
2025-08-16T13:00:40Z,75.0,Sense
2025-08-16T13:00:45Z,76.0,Sense
2025-08-16T13:00:50Z,77.0,Sense
2025-08-16T13:00:55Z,76.0,Sense
2025-08-16T13:01:05Z,76.0,Sense
2025-08-16T13:01:10Z,76.0,Sense
2025-08-16T13:01:15Z,77.0,Sense
2025-08-16T13:01:30Z,77.0,Sense
2025-08-16T13:01:35Z,83.0,Sense
2025-08-16T13:01:40Z,91.0,Sense
2025-08-16T13:01:45Z,90.0,Sense
2025-08-16T13:02:00Z,90.0,Sense
2025-08-16T13:02:15Z,88.0,Sense
2025-08-16T13:02:20Z,89.0,Sense
2025-08-16T13:02:25Z,88.0,Sense
2025-08-16T13:02:35Z,92.0,Sense
2025-08-16T13:02:40Z,91.0,Sense
2025-08-16T13:02:55Z,90.0,Sense
2025-08-16T13:03:00Z,89.0,Sense
2025-08-16T13:03:05Z,88.0,Sense
2025-08-16T13:03:10Z,87.0,Sense
2025-08-16T13:03:20Z,87.0,Sense
2025-08-16T13:03:30Z,84.0,Sense
2025-08-16T13:03:35Z,82.0,Sense
2025-08-16T13:03:45Z,81.0,Sense
2025-08-16T13:03:50Z,80.0,Sense
2025-08-16T13:03:55Z,80.0,Sense
2025-08-16T13:04:00Z,79.0,Sense
2025-08-16T13:04:05Z,80.0,Sense
2025-08-16T13:04:10Z,81.0,Sense
2025-08-16T13:04:15Z,81.0,Sense
2025-08-16T13:04:20Z,81.0,Sense
2025-08-16T13:04:30Z,80.0,Sense
2025-08-16T13:04:45Z,81.0,Sense
2025-08-16T13:04:50Z,80.0,Sense
2025-08-16T13:05:05Z,75.0,Sense
2025-08-16T13:05:20Z,75.0,Sense
2025-08-16T13:05:30Z,76.0,Sense
2025-08-16T13:05:45Z,78.0,Sense
2025-08-16T13:05:55Z,77.0,Sense
2025-08-16T13:06:05Z,76.0,Sense
2025-08-16T13:06:10Z,77.0,Sense
2025-08-16T13:06:15Z,78.0,Sense
2025-08-16T13:06:20Z,80.0,Sense
2025-08-16T13:06:25Z,81.0,Sense
2025-08-16T13:06:30Z,82.0,Sense
2025-08-16T13:06:45Z,82.0,Sense
2025-08-16T13:06:50Z,81.0,Sense
2025-08-16T13:07:05Z,85.0,Sense
2025-08-16T13:07:10Z,87.0,Sense
2025-08-16T13:07:20Z,88.0,Sense
2025-08-16T13:07:25Z,106.0,Sense
2025-08-16T13:07:30Z,110.0,Sense
2025-08-16T13:07:40Z,122.0,Sense
2025-08-16T13:07:45Z,132.0,Sense
2025-08-16T13:07:50Z,124.0,Sense
2025-08-16T13:07:55Z,122.0,Sense
2025-08-16T13:08:00Z,120.0,Sense
2025-08-16T13:08:05Z,107.0,Sense
2025-08-16T13:08:10Z,103.0,Sense
2025-08-16T13:08:15Z,104.0,Sense
2025-08-16T13:08:20Z,106.0,Sense
2025-08-16T13:08:25Z,104.0,Sense
2025-08-16T13:08:30Z,98.0,Sense
2025-08-16T13:08:35Z,94.0,Sense
2025-08-16T13:08:40Z,96.0,Sense
2025-08-16T13:08:45Z,93.0,Sense
2025-08-16T13:08:50Z,91.0,Sense
2025-08-16T13:08:55Z,89.0,Sense
2025-08-16T13:09:05Z,88.0,Sense
2025-08-16T13:09:10Z,86.0,Sense
2025-08-16T13:09:15Z,84.0,Sense
2025-08-16T13:09:25Z,82.0,Sense
2025-08-16T13:09:40Z,80.0,Sense
2025-08-16T13:09:45Z,75.0,Sense
2025-08-16T13:09:55Z,76.0,Sense
2025-08-16T13:10:00Z,75.0,Sense
2025-08-16T13:10:10Z,76.0,Sense
2025-08-16T13:10:25Z,77.0,Sense
2025-08-16T13:10:30Z,77.0,Sense
2025-08-16T13:10:35Z,75.0,Sense
2025-08-16T13:10:45Z,76.0,Sense
2025-08-16T13:10:50Z,77.0,Sense
2025-08-16T13:11:00Z,78.0,Sense
2025-08-16T13:11:15Z,78.0,Sense
2025-08-16T13:11:25Z,77.0,Sense
2025-08-16T13:11:30Z,78.0,Sense
2025-08-16T13:11:40Z,77.0,Sense
2025-08-16T13:11:55Z,78.0,Sense
2025-08-16T13:12:00Z,79.0,Sense
2025-08-16T13:12:10Z,80.0,Sense
2025-08-16T13:12:15Z,79.0,Sense
2025-08-16T13:12:25Z,80.0,Sense
2025-08-16T13:12:40Z,80.0,Sense
2025-08-16T13:12:45Z,79.0,Sense
2025-08-16T13:12:50Z,78.0,Sense
2025-08-16T13:12:55Z,77.0,Sense
2025-08-16T13:13:00Z,78.0,Sense
2025-08-16T13:13:05Z,79.0,Sense
2025-08-16T13:13:10Z,78.0,Sense
2025-08-16T13:13:20Z,79.0,Sense
2025-08-16T13:13:25Z,81.0,Sense
2025-08-16T13:13:35Z,80.0,Sense
2025-08-16T13:13:45Z,81.0,Sense
2025-08-16T13:13:50Z,83.0,Sense
2025-08-16T13:14:00Z,82.0,Sense
2025-08-16T13:14:10Z,81.0,Sense
2025-08-16T13:14:15Z,81.0,Sense
2025-08-16T13:14:20Z,82.0,Sense
2025-08-16T13:14:25Z,86.0,Sense
2025-08-16T13:14:30Z,114.0,Sense
2025-08-16T13:14:35Z,115.0,Sense
2025-08-16T13:14:40Z,114.0,Sense
2025-08-16T13:14:45Z,115.0,Sense
2025-08-16T13:14:50Z,113.0,Sense
2025-08-16T13:14:55Z,112.0,Sense
2025-08-16T13:15:00Z,110.0,Sense
2025-08-16T13:15:05Z,106.0,Sense
2025-08-16T13:15:10Z,103.0,Sense
2025-08-16T13:15:15Z,100.0,Sense
2025-08-16T13:15:20Z,95.0,Sense
2025-08-16T13:15:25Z,93.0,Sense
2025-08-16T13:15:30Z,94.0,Sense
2025-08-16T13:15:35Z,92.0,Sense
2025-08-16T13:15:40Z,88.0,Sense
2025-08-16T13:15:45Z,86.0,Sense
2025-08-16T13:15:55Z,85.0,Sense
2025-08-16T13:16:00Z,84.0,Sense
2025-08-16T13:16:05Z,83.0,Sense
2025-08-16T13:16:15Z,82.0,Sense
2025-08-16T13:16:30Z,82.0,Sense
2025-08-16T13:16:35Z,82.0,Sense
2025-08-16T13:16:50Z,82.0,Sense
2025-08-16T13:16:55Z,81.0,Sense
2025-08-16T13:17:00Z,77.0,Sense
2025-08-16T13:17:15Z,77.0,Sense
2025-08-16T13:17:20Z,78.0,Sense
2025-08-16T13:17:25Z,77.0,Sense
2025-08-16T13:17:30Z,78.0,Sense
2025-08-16T13:17:35Z,77.0,Sense
2025-08-16T13:17:40Z,77.0,Sense
2025-08-16T13:17:45Z,78.0,Sense
2025-08-16T13:17:50Z,77.0,Sense
2025-08-16T13:18:00Z,78.0,Sense
2025-08-16T13:18:05Z,79.0,Sense
2025-08-16T13:18:15Z,78.0,Sense
2025-08-16T13:18:20Z,74.0,Sense
2025-08-16T13:18:25Z,73.0,Sense
2025-08-16T13:18:35Z,72.0,Sense
2025-08-16T13:18:45Z,73.0,Sense
2025-08-16T13:18:50Z,72.0,Sense
2025-08-16T13:18:55Z,71.0,Sense
2025-08-16T13:19:00Z,70.0,Sense
2025-08-16T13:19:15Z,70.0,Sense
2025-08-16T13:19:25Z,71.0,Sense
2025-08-16T13:19:40Z,71.0,Sense
2025-08-16T13:19:45Z,72.0,Sense
2025-08-16T13:19:55Z,71.0,Sense
2025-08-16T13:20:00Z,70.0,Sense
2025-08-16T13:20:10Z,71.0,Sense
2025-08-16T13:20:25Z,72.0,Sense
2025-08-16T13:20:30Z,72.0,Sense
2025-08-16T13:20:45Z,71.0,Sense
2025-08-16T13:21:00Z,72.0,Sense
2025-08-16T13:21:05Z,73.0,Sense
2025-08-16T13:21:10Z,74.0,Sense
2025-08-16T13:21:15Z,75.0,Sense
2025-08-16T13:21:30Z,75.0,Sense
2025-08-16T13:21:40Z,74.0,Sense
2025-08-16T13:21:45Z,72.0,Sense
2025-08-16T13:21:50Z,71.0,Sense
2025-08-16T13:22:05Z,71.0,Sense
2025-08-16T13:22:20Z,71.0,Sense
2025-08-16T13:22:25Z,70.0,Sense
2025-08-16T13:22:40Z,69.0,Sense
2025-08-16T13:22:45Z,70.0,Sense
2025-08-16T13:23:00Z,70.0,Sense
2025-08-16T13:23:15Z,70.0,Sense
2025-08-16T13:23:25Z,69.0,Sense
2025-08-16T13:23:40Z,69.0,Sense
2025-08-16T13:23:45Z,70.0,Sense
2025-08-16T13:23:55Z,71.0,Sense
2025-08-16T13:24:00Z,71.0,Sense
2025-08-16T13:24:05Z,72.0,Sense
2025-08-16T13:24:10Z,73.0,Sense
2025-08-16T13:24:15Z,74.0,Sense
2025-08-16T13:24:25Z,75.0,Sense
2025-08-16T13:24:35Z,76.0,Sense
2025-08-16T13:24:45Z,77.0,Sense
2025-08-16T13:24:55Z,78.0,Sense
2025-08-16T13:25:10Z,80.0,Sense
2025-08-16T13:25:15Z,78.0,Sense
2025-08-16T13:25:20Z,77.0,Sense
2025-08-16T13:25:30Z,78.0,Sense
2025-08-16T13:25:35Z,79.0,Sense
2025-08-16T13:25:40Z,80.0,Sense
2025-08-16T13:25:45Z,81.0,Sense
2025-08-16T13:26:00Z,83.0,Sense
2025-08-16T13:26:10Z,82.0,Sense
2025-08-16T13:26:15Z,83.0,Sense
2025-08-16T13:26:20Z,82.0,Sense
2025-08-16T13:26:25Z,81.0,Sense
2025-08-16T13:26:30Z,80.0,Sense
2025-08-16T13:26:40Z,80.0,Sense
2025-08-16T13:26:55Z,81.0,Sense
2025-08-16T13:27:05Z,80.0,Sense
2025-08-16T13:27:10Z,76.0,Sense
2025-08-16T13:27:15Z,75.0,Sense
2025-08-16T13:27:30Z,75.0,Sense
2025-08-16T13:27:35Z,76.0,Sense
2025-08-16T13:27:40Z,81.0,Sense
2025-08-16T13:27:45Z,85.0,Sense
2025-08-16T13:27:50Z,85.0,Sense
2025-08-16T13:27:55Z,79.0,Sense
2025-08-16T13:28:05Z,78.0,Sense
2025-08-16T13:28:20Z,78.0,Sense
2025-08-16T13:28:25Z,77.0,Sense
2025-08-16T13:28:30Z,78.0,Sense
2025-08-16T13:28:35Z,79.0,Sense
2025-08-16T13:28:50Z,79.0,Sense
2025-08-16T13:28:55Z,78.0,Sense
2025-08-16T13:29:10Z,78.0,Sense
2025-08-16T13:29:20Z,87.0,Sense
2025-08-16T13:29:25Z,89.0,Sense
2025-08-16T13:29:30Z,88.0,Sense
2025-08-16T13:29:35Z,80.0,Sense
2025-08-16T13:29:40Z,77.0,Sense
2025-08-16T13:29:45Z,78.0,Sense
2025-08-16T13:30:00Z,78.0,Sense
2025-08-16T13:30:05Z,79.0,Sense
2025-08-16T13:30:10Z,80.0,Sense
2025-08-16T13:30:15Z,79.0,Sense
2025-08-16T13:30:25Z,78.0,Sense
2025-08-16T13:30:35Z,79.0,Sense
2025-08-16T13:30:40Z,78.0,Sense
2025-08-16T13:30:50Z,79.0,Sense
2025-08-16T13:30:55Z,78.0,Sense
2025-08-16T13:31:00Z,77.0,Sense
2025-08-16T13:31:05Z,77.0,Sense
2025-08-16T13:31:20Z,77.0,Sense
2025-08-16T13:31:25Z,78.0,Sense
2025-08-16T13:31:35Z,80.0,Sense
2025-08-16T13:31:40Z,82.0,Sense
2025-08-16T13:31:45Z,84.0,Sense
2025-08-16T13:31:50Z,83.0,Sense
2025-08-16T13:32:05Z,83.0,Sense
2025-08-16T13:32:15Z,84.0,Sense
2025-08-16T13:32:30Z,84.0,Sense
2025-08-16T13:32:35Z,85.0,Sense
2025-08-16T13:32:45Z,84.0,Sense
2025-08-16T13:32:50Z,83.0,Sense
2025-08-16T13:33:00Z,84.0,Sense
2025-08-16T13:33:10Z,83.0,Sense
2025-08-16T13:33:15Z,81.0,Sense
2025-08-16T13:33:25Z,80.0,Sense
2025-08-16T13:33:30Z,79.0,Sense
2025-08-16T13:33:45Z,80.0,Sense
2025-08-16T13:33:55Z,74.0,Sense
2025-08-16T13:34:00Z,76.0,Sense
2025-08-16T13:34:05Z,78.0,Sense
2025-08-16T13:34:15Z,79.0,Sense
2025-08-16T13:34:25Z,80.0,Sense
2025-08-16T13:34:35Z,80.0,Sense
2025-08-16T13:34:45Z,81.0,Sense
2025-08-16T13:34:50Z,80.0,Sense
2025-08-16T13:34:55Z,80.0,Sense
2025-08-16T13:35:00Z,74.0,Sense
2025-08-16T13:35:05Z,73.0,Sense
2025-08-16T13:35:15Z,74.0,Sense
2025-08-16T13:35:20Z,75.0,Sense
2025-08-16T13:35:25Z,74.0,Sense
2025-08-16T13:35:35Z,75.0,Sense
2025-08-16T13:35:40Z,76.0,Sense
2025-08-16T13:35:55Z,76.0,Sense
2025-08-16T13:36:00Z,77.0,Sense
2025-08-16T13:36:05Z,78.0,Sense
2025-08-16T13:36:15Z,72.0,Sense
2025-08-16T13:36:30Z,72.0,Sense
2025-08-16T13:36:35Z,73.0,Sense
2025-08-16T13:36:40Z,74.0,Sense
2025-08-16T13:36:45Z,75.0,Sense
2025-08-16T13:36:50Z,76.0,Sense
2025-08-16T13:37:00Z,75.0,Sense
2025-08-16T13:37:05Z,77.0,Sense
2025-08-16T13:37:10Z,79.0,Sense
2025-08-16T13:37:15Z,80.0,Sense
2025-08-16T13:37:25Z,81.0,Sense
2025-08-16T13:37:30Z,80.0,Sense
2025-08-16T13:37:35Z,80.0,Sense
2025-08-16T13:37:45Z,77.0,Sense
2025-08-16T13:37:50Z,77.0,Sense
2025-08-16T13:37:55Z,79.0,Sense
2025-08-16T13:38:00Z,79.0,Sense
2025-08-16T13:38:10Z,80.0,Sense
2025-08-16T13:38:15Z,84.0,Sense
2025-08-16T13:38:20Z,87.0,Sense
2025-08-16T13:38:25Z,88.0,Sense
2025-08-16T13:38:30Z,87.0,Sense
2025-08-16T13:38:35Z,86.0,Sense
2025-08-16T13:38:40Z,84.0,Sense
2025-08-16T13:38:50Z,83.0,Sense
2025-08-16T13:39:05Z,82.0,Sense
2025-08-16T13:39:10Z,83.0,Sense
2025-08-16T13:39:20Z,81.0,Sense
2025-08-16T13:39:35Z,81.0,Sense
2025-08-16T13:39:40Z,82.0,Sense
2025-08-16T13:39:45Z,83.0,Sense
2025-08-16T13:39:55Z,84.0,Sense
2025-08-16T13:40:10Z,84.0,Sense
2025-08-16T13:40:15Z,84.0,Sense
2025-08-16T13:40:20Z,83.0,Sense
2025-08-16T13:40:35Z,86.0,Sense
2025-08-16T13:40:40Z,87.0,Sense
2025-08-16T13:40:50Z,88.0,Sense
2025-08-16T13:41:05Z,88.0,Sense
2025-08-16T13:41:20Z,88.0,Sense
2025-08-16T13:41:25Z,88.0,Sense
2025-08-16T13:41:35Z,87.0,Sense
2025-08-16T13:41:40Z,88.0,Sense
2025-08-16T13:41:45Z,88.0,Sense
2025-08-16T13:41:55Z,87.0,Sense
2025-08-16T13:42:00Z,88.0,Sense
2025-08-16T13:42:05Z,85.0,Sense
2025-08-16T13:42:10Z,79.0,Sense
2025-08-16T13:42:15Z,74.0,Sense
2025-08-16T13:42:20Z,71.0,Sense
2025-08-16T13:42:25Z,70.0,Sense
2025-08-16T13:42:40Z,71.0,Sense
2025-08-16T13:42:45Z,72.0,Sense
2025-08-16T13:42:50Z,73.0,Sense
2025-08-16T13:42:55Z,74.0,Sense
2025-08-16T13:43:00Z,75.0,Sense
2025-08-16T13:43:05Z,76.0,Sense
2025-08-16T13:43:15Z,77.0,Sense
2025-08-16T13:43:25Z,78.0,Sense
2025-08-16T13:43:30Z,79.0,Sense
2025-08-16T13:43:35Z,80.0,Sense
2025-08-16T13:43:45Z,79.0,Sense
2025-08-16T13:43:50Z,78.0,Sense
2025-08-16T13:44:05Z,78.0,Sense
2025-08-16T13:44:10Z,79.0,Sense
2025-08-16T13:44:15Z,79.0,Sense
2025-08-16T13:44:25Z,80.0,Sense
2025-08-16T13:44:30Z,81.0,Sense
2025-08-16T13:44:35Z,82.0,Sense
2025-08-16T13:44:40Z,83.0,Sense
2025-08-16T13:44:45Z,83.0,Sense
2025-08-16T13:44:50Z,84.0,Sense
2025-08-16T13:44:55Z,86.0,Sense
2025-08-16T13:45:00Z,87.0,Sense
2025-08-16T13:45:10Z,88.0,Sense
2025-08-16T13:45:20Z,89.0,Sense
2025-08-16T13:45:30Z,88.0,Sense
2025-08-16T13:45:45Z,87.0,Sense
2025-08-16T13:45:50Z,86.0,Sense
2025-08-16T13:45:55Z,85.0,Sense
2025-08-16T13:46:05Z,83.0,Sense
2025-08-16T13:46:10Z,82.0,Sense
2025-08-16T13:46:15Z,81.0,Sense
2025-08-16T13:46:30Z,81.0,Sense
2025-08-16T13:46:35Z,82.0,Sense
2025-08-16T13:46:45Z,83.0,Sense
2025-08-16T13:47:00Z,83.0,Sense
2025-08-16T13:47:05Z,82.0,Sense
2025-08-16T13:47:10Z,81.0,Sense
2025-08-16T13:47:25Z,81.0,Sense
2025-08-16T13:47:40Z,80.0,Sense
2025-08-16T13:47:45Z,79.0,Sense
2025-08-16T13:47:50Z,78.0,Sense
2025-08-16T13:48:05Z,79.0,Sense
2025-08-16T13:48:15Z,80.0,Sense
2025-08-16T13:48:25Z,80.0,Sense
2025-08-16T13:48:35Z,81.0,Sense
2025-08-16T13:48:40Z,82.0,Sense
2025-08-16T13:48:45Z,83.0,Sense
2025-08-16T13:48:55Z,84.0,Sense
2025-08-16T13:49:05Z,85.0,Sense
2025-08-16T13:49:15Z,86.0,Sense
2025-08-16T13:49:30Z,86.0,Sense
2025-08-16T13:49:35Z,86.0,Sense
2025-08-16T13:49:40Z,87.0,Sense
2025-08-16T13:49:45Z,87.0,Sense
2025-08-16T13:49:50Z,86.0,Sense
2025-08-16T13:50:05Z,86.0,Sense
2025-08-16T13:50:10Z,85.0,Sense
2025-08-16T13:50:15Z,84.0,Sense
2025-08-16T13:50:20Z,83.0,Sense
2025-08-16T13:50:25Z,82.0,Sense
2025-08-16T13:50:30Z,80.0,Sense
2025-08-16T13:50:40Z,80.0,Sense
2025-08-16T13:50:50Z,81.0,Sense
2025-08-16T13:51:00Z,80.0,Sense
2025-08-16T13:51:15Z,80.0,Sense
2025-08-16T13:51:20Z,81.0,Sense
2025-08-16T13:51:25Z,80.0,Sense
2025-08-16T13:51:30Z,76.0,Sense
2025-08-16T13:51:35Z,74.0,Sense
2025-08-16T13:51:40Z,73.0,Sense
2025-08-16T13:51:45Z,72.0,Sense
2025-08-16T13:51:50Z,71.0,Sense
2025-08-16T13:51:55Z,71.0,Sense
2025-08-16T13:52:10Z,71.0,Sense
2025-08-16T13:52:15Z,72.0,Sense
2025-08-16T13:52:25Z,73.0,Sense
2025-08-16T13:52:31Z,73.0,Sense
2025-08-16T13:52:41Z,74.0,Sense
2025-08-16T13:52:52Z,75.0,Sense
2025-08-16T13:53:02Z,76.0,Sense
2025-08-16T13:53:17Z,76.0,Sense
2025-08-16T13:53:32Z,76.0,Sense
2025-08-16T13:53:37Z,76.0,Sense
2025-08-16T13:53:42Z,77.0,Sense
2025-08-16T13:53:47Z,78.0,Sense
2025-08-16T13:53:52Z,79.0,Sense
2025-08-16T13:53:57Z,79.0,Sense
2025-08-16T13:54:02Z,78.0,Sense
2025-08-16T13:54:07Z,78.0,Sense
2025-08-16T13:54:12Z,78.0,Sense
2025-08-16T13:54:27Z,78.0,Sense
2025-08-16T13:54:42Z,78.0,Sense
2025-08-16T13:54:57Z,77.0,Sense
2025-08-16T13:55:02Z,79.0,Sense
2025-08-16T13:55:17Z,79.0,Sense
2025-08-16T13:55:27Z,80.0,Sense
2025-08-16T13:55:32Z,81.0,Sense
2025-08-16T13:55:37Z,82.0,Sense
2025-08-16T13:55:42Z,75.0,Sense
2025-08-16T13:55:47Z,73.0,Sense
2025-08-16T13:55:52Z,74.0,Sense
2025-08-16T13:56:07Z,75.0,Sense
2025-08-16T13:56:12Z,76.0,Sense
2025-08-16T13:56:17Z,76.0,Sense
2025-08-16T13:56:22Z,83.0,Sense
2025-08-16T13:56:27Z,103.0,Sense
2025-08-16T13:56:32Z,107.0,Sense
2025-08-16T13:56:37Z,105.0,Sense
2025-08-16T13:56:42Z,106.0,Sense
2025-08-16T13:56:47Z,111.0,Sense
2025-08-16T13:56:52Z,115.0,Sense
2025-08-16T13:56:57Z,113.0,Sense
2025-08-16T13:57:02Z,109.0,Sense
2025-08-16T13:57:07Z,106.0,Sense
2025-08-16T13:57:12Z,103.0,Sense
2025-08-16T13:57:17Z,100.0,Sense
2025-08-16T13:57:22Z,97.0,Sense
2025-08-16T13:57:27Z,93.0,Sense
2025-08-16T13:57:32Z,90.0,Sense
2025-08-16T13:57:37Z,97.0,Sense
2025-08-16T13:57:42Z,104.0,Sense
2025-08-16T13:57:47Z,95.0,Sense
2025-08-16T13:57:52Z,92.0,Sense
2025-08-16T13:57:57Z,91.0,Sense
2025-08-16T13:58:02Z,90.0,Sense
2025-08-16T13:58:17Z,89.0,Sense
2025-08-16T13:58:22Z,88.0,Sense
2025-08-16T13:58:27Z,87.0,Sense
2025-08-16T13:58:42Z,86.0,Sense
2025-08-16T13:58:47Z,79.0,Sense
2025-08-16T13:58:52Z,78.0,Sense
2025-08-16T13:58:57Z,74.0,Sense
2025-08-16T13:59:12Z,75.0,Sense
2025-08-16T13:59:17Z,76.0,Sense
2025-08-16T13:59:32Z,77.0,Sense
2025-08-16T13:59:37Z,78.0,Sense
2025-08-16T13:59:47Z,90.0,Sense
2025-08-16T13:59:52Z,119.0,Sense
2025-08-16T14:00:02Z,118.0,Sense
2025-08-16T14:00:07Z,117.0,Sense
2025-08-16T14:00:12Z,113.0,Sense
2025-08-16T14:00:17Z,108.0,Sense
2025-08-16T14:00:22Z,103.0,Sense
2025-08-16T14:00:27Z,97.0,Sense
2025-08-16T14:00:32Z,95.0,Sense
2025-08-16T14:00:37Z,94.0,Sense
2025-08-16T14:00:47Z,93.0,Sense
2025-08-16T14:00:52Z,90.0,Sense
2025-08-16T14:00:57Z,89.0,Sense
2025-08-16T14:01:02Z,88.0,Sense
2025-08-16T14:01:07Z,86.0,Sense
2025-08-16T14:01:12Z,84.0,Sense
2025-08-16T14:01:17Z,83.0,Sense
2025-08-16T14:01:22Z,81.0,Sense
2025-08-16T14:01:37Z,81.0,Sense
2025-08-16T14:01:42Z,82.0,Sense
2025-08-16T14:01:47Z,81.0,Sense
2025-08-16T14:01:57Z,80.0,Sense
2025-08-16T14:02:02Z,81.0,Sense
2025-08-16T14:02:07Z,82.0,Sense
2025-08-16T14:02:12Z,81.0,Sense
2025-08-16T14:02:22Z,80.0,Sense
2025-08-16T14:02:27Z,81.0,Sense
2025-08-16T14:02:32Z,80.0,Sense
2025-08-16T14:02:47Z,77.0,Sense
2025-08-16T14:02:52Z,75.0,Sense
2025-08-16T14:02:57Z,76.0,Sense
2025-08-16T14:03:07Z,77.0,Sense
2025-08-16T14:03:12Z,78.0,Sense
2025-08-16T14:03:17Z,78.0,Sense
2025-08-16T14:03:22Z,77.0,Sense
2025-08-16T14:03:37Z,78.0,Sense
2025-08-16T14:03:42Z,80.0,Sense
2025-08-16T14:03:47Z,82.0,Sense
2025-08-16T14:03:57Z,89.0,Sense
2025-08-16T14:04:02Z,93.0,Sense
2025-08-16T14:04:07Z,86.0,Sense
2025-08-16T14:04:12Z,85.0,Sense
2025-08-16T14:04:17Z,86.0,Sense
2025-08-16T14:04:22Z,85.0,Sense
2025-08-16T14:04:27Z,85.0,Sense
2025-08-16T14:04:32Z,90.0,Sense
2025-08-16T14:04:37Z,91.0,Sense
2025-08-16T14:04:42Z,89.0,Sense
2025-08-16T14:04:57Z,87.0,Sense
2025-08-16T14:05:02Z,88.0,Sense
2025-08-16T14:05:07Z,87.0,Sense
2025-08-16T14:05:17Z,86.0,Sense
2025-08-16T14:05:22Z,84.0,Sense
2025-08-16T14:05:37Z,83.0,Sense
2025-08-16T14:05:42Z,82.0,Sense
2025-08-16T14:05:47Z,80.0,Sense
2025-08-16T14:05:52Z,80.0,Sense
2025-08-16T14:05:57Z,79.0,Sense
2025-08-16T14:06:07Z,78.0,Sense
2025-08-16T14:06:22Z,79.0,Sense
2025-08-16T14:06:27Z,79.0,Sense
2025-08-16T14:06:32Z,80.0,Sense
2025-08-16T14:06:37Z,81.0,Sense
2025-08-16T14:06:42Z,82.0,Sense
2025-08-16T14:06:52Z,82.0,Sense
2025-08-16T14:07:07Z,83.0,Sense
2025-08-16T14:07:22Z,84.0,Sense
2025-08-16T14:07:27Z,85.0,Sense
2025-08-16T14:07:32Z,86.0,Sense
2025-08-16T14:07:37Z,85.0,Sense
2025-08-16T14:07:52Z,84.0,Sense
2025-08-16T14:07:57Z,82.0,Sense
2025-08-16T14:08:02Z,80.0,Sense
2025-08-16T14:08:17Z,81.0,Sense
2025-08-16T14:08:32Z,81.0,Sense
2025-08-16T14:08:42Z,85.0,Sense
2025-08-16T14:08:47Z,114.0,Sense
2025-08-16T14:08:52Z,117.0,Sense
2025-08-16T14:09:02Z,116.0,Sense
2025-08-16T14:09:07Z,111.0,Sense
2025-08-16T14:09:12Z,107.0,Sense
2025-08-16T14:09:18Z,104.0,Sense
2025-08-16T14:09:23Z,101.0,Sense
2025-08-16T14:09:28Z,98.0,Sense
2025-08-16T14:09:33Z,96.0,Sense
2025-08-16T14:09:38Z,95.0,Sense
2025-08-16T14:09:43Z,96.0,Sense
2025-08-16T14:09:53Z,94.0,Sense
2025-08-16T14:10:03Z,93.0,Sense
2025-08-16T14:10:08Z,92.0,Sense
2025-08-16T14:10:13Z,93.0,Sense
2025-08-16T14:10:18Z,92.0,Sense
2025-08-16T14:10:23Z,91.0,Sense
2025-08-16T14:10:28Z,89.0,Sense
2025-08-16T14:10:33Z,88.0,Sense
2025-08-16T14:10:43Z,86.0,Sense
2025-08-16T14:10:48Z,85.0,Sense
2025-08-16T14:10:58Z,92.0,Sense
2025-08-16T14:11:03Z,93.0,Sense
2025-08-16T14:11:13Z,92.0,Sense
2025-08-16T14:11:18Z,93.0,Sense
2025-08-16T14:11:23Z,92.0,Sense
2025-08-16T14:11:38Z,92.0,Sense
2025-08-16T14:11:53Z,91.0,Sense
2025-08-16T14:12:03Z,92.0,Sense
2025-08-16T14:12:18Z,91.0,Sense
2025-08-16T14:12:23Z,92.0,Sense
2025-08-16T14:12:28Z,91.0,Sense
2025-08-16T14:12:33Z,91.0,Sense
2025-08-16T14:12:45Z,91.0,Sense
2025-08-16T14:12:50Z,90.0,Sense
2025-08-16T14:12:55Z,91.0,Sense
2025-08-16T14:13:05Z,90.0,Sense
2025-08-16T14:13:10Z,89.0,Sense
2025-08-16T14:13:15Z,88.0,Sense
2025-08-16T14:13:30Z,88.0,Sense
2025-08-16T14:13:40Z,89.0,Sense
2025-08-16T14:13:55Z,88.0,Sense
2025-08-16T14:14:10Z,87.0,Sense
2025-08-16T14:14:15Z,86.0,Sense
2025-08-16T14:14:20Z,85.0,Sense
2025-08-16T14:14:25Z,86.0,Sense
2025-08-16T14:14:35Z,85.0,Sense
2025-08-16T14:14:40Z,86.0,Sense
2025-08-16T14:14:55Z,87.0,Sense
2025-08-16T14:15:00Z,85.0,Sense
2025-08-16T14:15:05Z,82.0,Sense
2025-08-16T14:15:20Z,82.0,Sense
2025-08-16T14:15:30Z,83.0,Sense
2025-08-16T14:15:45Z,83.0,Sense
2025-08-16T14:15:50Z,83.0,Sense
2025-08-16T14:16:05Z,83.0,Sense
2025-08-16T14:16:10Z,84.0,Sense
2025-08-16T14:16:20Z,83.0,Sense
2025-08-16T14:16:25Z,84.0,Sense
2025-08-16T14:16:30Z,85.0,Sense
2025-08-16T14:16:35Z,85.0,Sense
2025-08-16T14:16:40Z,86.0,Sense
2025-08-16T14:16:45Z,87.0,Sense
2025-08-16T14:17:00Z,86.0,Sense
2025-08-16T14:17:05Z,85.0,Sense
2025-08-16T14:17:20Z,85.0,Sense
2025-08-16T14:17:35Z,85.0,Sense
2025-08-16T14:17:50Z,86.0,Sense
2025-08-16T14:17:55Z,85.0,Sense
2025-08-16T14:18:00Z,86.0,Sense
2025-08-16T14:18:10Z,85.0,Sense
2025-08-16T14:18:25Z,85.0,Sense
2025-08-16T14:18:40Z,86.0,Sense
2025-08-16T14:18:55Z,86.0,Sense
2025-08-16T14:19:05Z,85.0,Sense
2025-08-16T14:19:10Z,84.0,Sense
2025-08-16T14:19:20Z,85.0,Sense
2025-08-16T14:19:30Z,86.0,Sense
2025-08-16T14:19:40Z,87.0,Sense
2025-08-16T14:19:50Z,88.0,Sense
2025-08-16T14:19:55Z,87.0,Sense
2025-08-16T14:20:00Z,88.0,Sense
2025-08-16T14:20:05Z,87.0,Sense
2025-08-16T14:20:10Z,86.0,Sense
2025-08-16T14:20:15Z,85.0,Sense
2025-08-16T14:20:20Z,83.0,Sense
2025-08-16T14:20:30Z,84.0,Sense
2025-08-16T14:20:35Z,84.0,Sense
2025-08-16T14:20:50Z,85.0,Sense
2025-08-16T14:21:00Z,84.0,Sense
2025-08-16T14:21:05Z,83.0,Sense
2025-08-16T14:21:10Z,82.0,Sense
2025-08-16T14:21:15Z,83.0,Sense
2025-08-16T14:21:30Z,85.0,Sense
2025-08-16T14:21:35Z,87.0,Sense
2025-08-16T14:21:40Z,88.0,Sense
2025-08-16T14:21:50Z,86.0,Sense
2025-08-16T14:22:00Z,85.0,Sense
2025-08-16T14:22:10Z,86.0,Sense
2025-08-16T14:22:20Z,85.0,Sense
2025-08-16T14:22:25Z,84.0,Sense
2025-08-16T14:22:35Z,85.0,Sense
2025-08-16T14:22:50Z,86.0,Sense
2025-08-16T14:23:00Z,87.0,Sense
2025-08-16T14:23:10Z,86.0,Sense
2025-08-16T14:23:15Z,85.0,Sense
2025-08-16T14:23:20Z,86.0,Sense
2025-08-16T14:23:30Z,86.0,Sense
2025-08-16T14:23:35Z,85.0,Sense
2025-08-16T14:23:40Z,84.0,Sense
2025-08-16T14:23:55Z,83.0,Sense
2025-08-16T14:24:00Z,84.0,Sense
2025-08-16T14:24:15Z,85.0,Sense
2025-08-16T14:24:25Z,86.0,Sense
2025-08-16T14:24:30Z,85.0,Sense
2025-08-16T14:24:45Z,85.0,Sense
2025-08-16T14:24:55Z,84.0,Sense
2025-08-16T14:25:10Z,85.0,Sense
2025-08-16T14:25:15Z,84.0,Sense
2025-08-16T14:25:30Z,84.0,Sense
2025-08-16T14:25:35Z,85.0,Sense
2025-08-16T14:25:50Z,85.0,Sense
2025-08-16T14:25:55Z,85.0,Sense
2025-08-16T14:26:05Z,87.0,Sense
2025-08-16T14:26:10Z,88.0,Sense
2025-08-16T14:26:20Z,86.0,Sense
2025-08-16T14:26:25Z,85.0,Sense
2025-08-16T14:26:30Z,87.0,Sense
2025-08-16T14:26:35Z,82.0,Sense
2025-08-16T14:26:40Z,80.0,Sense
2025-08-16T14:26:55Z,81.0,Sense
2025-08-16T14:27:10Z,83.0,Sense
2025-08-16T14:27:15Z,85.0,Sense
2025-08-16T14:27:25Z,86.0,Sense
2025-08-16T14:27:30Z,85.0,Sense
2025-08-16T14:27:35Z,86.0,Sense
2025-08-16T14:27:40Z,87.0,Sense
2025-08-16T14:27:50Z,88.0,Sense
2025-08-16T14:28:00Z,89.0,Sense
2025-08-16T14:28:05Z,88.0,Sense
2025-08-16T14:28:10Z,87.0,Sense
2025-08-16T14:28:15Z,87.0,Sense
2025-08-16T14:28:20Z,88.0,Sense
2025-08-16T14:28:30Z,87.0,Sense
2025-08-16T14:28:45Z,86.0,Sense
2025-08-16T14:28:55Z,84.0,Sense
2025-08-16T14:29:00Z,84.0,Sense
2025-08-16T14:29:10Z,85.0,Sense
2025-08-16T14:29:15Z,86.0,Sense
2025-08-16T14:29:30Z,86.0,Sense
2025-08-16T14:29:45Z,85.0,Sense
2025-08-16T14:29:50Z,81.0,Sense
2025-08-16T14:30:05Z,81.0,Sense
2025-08-16T14:30:20Z,81.0,Sense
2025-08-16T14:30:30Z,82.0,Sense
2025-08-16T14:30:35Z,83.0,Sense
2025-08-16T14:30:50Z,84.0,Sense
2025-08-16T14:30:55Z,83.0,Sense
2025-08-16T14:31:00Z,88.0,Sense
2025-08-16T14:31:05Z,95.0,Sense
2025-08-16T14:31:10Z,94.0,Sense
2025-08-16T14:31:25Z,94.0,Sense
2025-08-16T14:31:30Z,93.0,Sense
2025-08-16T14:31:40Z,92.0,Sense
2025-08-16T14:31:45Z,91.0,Sense
2025-08-16T14:31:50Z,90.0,Sense
2025-08-16T14:31:55Z,89.0,Sense
2025-08-16T14:32:05Z,88.0,Sense
2025-08-16T14:32:10Z,88.0,Sense
2025-08-16T14:32:15Z,88.0,Sense
2025-08-16T14:32:25Z,87.0,Sense
2025-08-16T14:32:30Z,93.0,Sense
2025-08-16T14:32:35Z,96.0,Sense
2025-08-16T14:32:40Z,95.0,Sense
2025-08-16T14:32:45Z,93.0,Sense
2025-08-16T14:32:50Z,94.0,Sense
2025-08-16T14:32:55Z,93.0,Sense
2025-08-16T14:33:10Z,93.0,Sense
2025-08-16T14:33:15Z,89.0,Sense
2025-08-16T14:33:20Z,88.0,Sense
2025-08-16T14:33:35Z,88.0,Sense
2025-08-16T14:33:50Z,88.0,Sense
2025-08-16T14:34:00Z,89.0,Sense
2025-08-16T14:34:05Z,89.0,Sense
2025-08-16T14:34:20Z,88.0,Sense
2025-08-16T14:34:25Z,88.0,Sense
2025-08-16T14:34:30Z,91.0,Sense
2025-08-16T14:34:35Z,94.0,Sense
2025-08-16T14:34:40Z,95.0,Sense
2025-08-16T14:34:55Z,100.0,Sense
2025-08-16T14:35:00Z,101.0,Sense
2025-08-16T14:35:10Z,103.0,Sense
2025-08-16T14:35:15Z,101.0,Sense
2025-08-16T14:35:20Z,99.0,Sense
2025-08-16T14:35:25Z,96.0,Sense
2025-08-16T14:35:30Z,96.0,Sense
2025-08-16T14:35:35Z,95.0,Sense
2025-08-16T14:35:40Z,92.0,Sense
2025-08-16T14:35:45Z,88.0,Sense
2025-08-16T14:35:50Z,87.0,Sense
2025-08-16T14:36:00Z,88.0,Sense
2025-08-16T14:36:05Z,87.0,Sense
2025-08-16T14:36:15Z,85.0,Sense
2025-08-16T14:36:30Z,85.0,Sense
2025-08-16T14:36:45Z,84.0,Sense
2025-08-16T14:36:50Z,85.0,Sense
2025-08-16T14:37:05Z,87.0,Sense
2025-08-16T14:37:10Z,87.0,Sense
2025-08-16T14:37:15Z,85.0,Sense
2025-08-16T14:37:20Z,86.0,Sense
2025-08-16T14:37:35Z,87.0,Sense
2025-08-16T14:37:40Z,88.0,Sense
2025-08-16T14:37:45Z,87.0,Sense
2025-08-16T14:37:55Z,86.0,Sense
2025-08-16T14:38:00Z,86.0,Sense
2025-08-16T14:38:05Z,87.0,Sense
2025-08-16T14:38:10Z,88.0,Sense
2025-08-16T14:38:20Z,86.0,Sense
2025-08-16T14:38:25Z,78.0,Sense
2025-08-16T14:38:40Z,78.0,Sense
2025-08-16T14:38:55Z,79.0,Sense
2025-08-16T14:39:00Z,80.0,Sense
2025-08-16T14:39:05Z,81.0,Sense
2025-08-16T14:39:15Z,79.0,Sense
2025-08-16T14:39:30Z,80.0,Sense
2025-08-16T14:39:40Z,79.0,Sense
2025-08-16T14:39:55Z,79.0,Sense
2025-08-16T14:40:00Z,80.0,Sense
2025-08-16T14:40:05Z,81.0,Sense
2025-08-16T14:40:10Z,82.0,Sense
2025-08-16T14:40:15Z,83.0,Sense
2025-08-16T14:40:20Z,84.0,Sense
2025-08-16T14:40:25Z,83.0,Sense
2025-08-16T14:40:40Z,83.0,Sense
2025-08-16T14:40:45Z,87.0,Sense
2025-08-16T14:40:50Z,96.0,Sense
2025-08-16T14:40:55Z,95.0,Sense
2025-08-16T14:41:10Z,94.0,Sense
2025-08-16T14:41:15Z,93.0,Sense
2025-08-16T14:41:20Z,92.0,Sense
2025-08-16T14:41:25Z,92.0,Sense
2025-08-16T14:41:35Z,91.0,Sense
2025-08-16T14:41:45Z,91.0,Sense
2025-08-16T14:41:55Z,89.0,Sense
2025-08-16T14:42:00Z,88.0,Sense
2025-08-16T14:42:05Z,88.0,Sense
2025-08-16T14:42:20Z,88.0,Sense
2025-08-16T14:42:25Z,87.0,Sense
2025-08-16T14:42:30Z,88.0,Sense
2025-08-16T14:42:45Z,88.0,Sense
2025-08-16T14:42:50Z,87.0,Sense
2025-08-16T14:42:55Z,86.0,Sense
2025-08-16T14:43:05Z,87.0,Sense
2025-08-16T14:43:10Z,88.0,Sense
2025-08-16T14:43:25Z,88.0,Sense
2025-08-16T14:43:30Z,89.0,Sense
2025-08-16T14:43:35Z,93.0,Sense
2025-08-16T14:43:40Z,95.0,Sense
2025-08-16T14:43:45Z,94.0,Sense
2025-08-16T14:44:00Z,94.0,Sense
2025-08-16T14:44:05Z,93.0,Sense
2025-08-16T14:44:15Z,94.0,Sense
2025-08-16T14:44:25Z,95.0,Sense
2025-08-16T14:44:40Z,94.0,Sense
2025-08-16T14:44:45Z,93.0,Sense
2025-08-16T14:44:50Z,91.0,Sense
2025-08-16T14:45:00Z,90.0,Sense
2025-08-16T14:45:10Z,91.0,Sense
2025-08-16T14:45:20Z,89.0,Sense
2025-08-16T14:45:35Z,90.0,Sense
2025-08-16T14:45:45Z,89.0,Sense
2025-08-16T14:45:50Z,93.0,Sense
2025-08-16T14:45:55Z,97.0,Sense
2025-08-16T14:46:00Z,95.0,Sense
2025-08-16T14:46:15Z,95.0,Sense
2025-08-16T14:46:20Z,94.0,Sense
2025-08-16T14:46:25Z,93.0,Sense
2025-08-16T14:46:35Z,92.0,Sense
2025-08-16T14:46:40Z,91.0,Sense
2025-08-16T14:46:45Z,90.0,Sense
2025-08-16T14:47:00Z,89.0,Sense
2025-08-16T14:47:15Z,89.0,Sense
2025-08-16T14:47:20Z,88.0,Sense
2025-08-16T14:47:35Z,89.0,Sense
2025-08-16T14:47:45Z,87.0,Sense
2025-08-16T14:47:50Z,86.0,Sense
2025-08-16T14:48:05Z,86.0,Sense
2025-08-16T14:48:15Z,87.0,Sense
2025-08-16T14:48:20Z,87.0,Sense
2025-08-16T14:48:30Z,89.0,Sense
2025-08-16T14:48:35Z,90.0,Sense
2025-08-16T14:48:50Z,90.0,Sense
2025-08-16T14:49:00Z,91.0,Sense
2025-08-16T14:49:10Z,90.0,Sense
2025-08-16T14:49:15Z,89.0,Sense
2025-08-16T14:49:30Z,87.0,Sense
2025-08-16T14:49:45Z,88.0,Sense
2025-08-16T14:49:50Z,87.0,Sense
2025-08-16T14:50:00Z,88.0,Sense
2025-08-16T14:50:05Z,89.0,Sense
2025-08-16T14:50:20Z,90.0,Sense
2025-08-16T14:50:30Z,89.0,Sense
2025-08-16T14:50:35Z,90.0,Sense
2025-08-16T14:50:40Z,89.0,Sense
2025-08-16T14:50:55Z,89.0,Sense
2025-08-16T14:51:00Z,88.0,Sense
2025-08-16T14:51:05Z,86.0,Sense
2025-08-16T14:51:10Z,85.0,Sense
2025-08-16T14:51:20Z,85.0,Sense
2025-08-16T14:51:30Z,86.0,Sense
2025-08-16T14:51:45Z,85.0,Sense
2025-08-16T14:51:55Z,86.0,Sense
2025-08-16T14:52:00Z,87.0,Sense
2025-08-16T14:52:05Z,87.0,Sense
2025-08-16T14:52:20Z,87.0,Sense
2025-08-16T14:52:25Z,88.0,Sense
2025-08-16T14:52:35Z,90.0,Sense
2025-08-16T14:52:45Z,91.0,Sense
2025-08-16T14:52:55Z,90.0,Sense
2025-08-16T14:53:10Z,90.0,Sense
2025-08-16T14:53:15Z,90.0,Sense
2025-08-16T14:53:20Z,89.0,Sense
2025-08-16T14:53:30Z,88.0,Sense
2025-08-16T14:53:35Z,87.0,Sense
2025-08-16T14:53:45Z,88.0,Sense
2025-08-16T14:53:55Z,87.0,Sense
2025-08-16T14:54:10Z,86.0,Sense
2025-08-16T14:54:15Z,84.0,Sense
2025-08-16T14:54:25Z,83.0,Sense
2025-08-16T14:54:30Z,83.0,Sense
2025-08-16T14:54:40Z,84.0,Sense
2025-08-16T14:54:45Z,85.0,Sense
2025-08-16T14:54:50Z,85.0,Sense
2025-08-16T14:55:00Z,84.0,Sense
2025-08-16T14:55:05Z,83.0,Sense
2025-08-16T14:55:10Z,82.0,Sense
2025-08-16T14:55:15Z,81.0,Sense
2025-08-16T14:55:20Z,79.0,Sense
2025-08-16T14:55:25Z,78.0,Sense
2025-08-16T14:55:30Z,78.0,Sense
2025-08-16T14:55:35Z,80.0,Sense
2025-08-16T14:55:45Z,79.0,Sense
2025-08-16T14:55:50Z,79.0,Sense
2025-08-16T14:55:55Z,78.0,Sense
2025-08-16T14:56:00Z,78.0,Sense
2025-08-16T14:56:10Z,77.0,Sense
2025-08-16T14:56:20Z,78.0,Sense
2025-08-16T14:56:35Z,79.0,Sense
2025-08-16T14:56:40Z,78.0,Sense
2025-08-16T14:56:45Z,78.0,Sense
2025-08-16T14:56:50Z,79.0,Sense
2025-08-16T14:56:55Z,80.0,Sense
2025-08-16T14:57:10Z,80.0,Sense
2025-08-16T14:57:20Z,81.0,Sense
2025-08-16T14:57:25Z,82.0,Sense
2025-08-16T14:57:30Z,84.0,Sense
2025-08-16T14:57:35Z,85.0,Sense
2025-08-16T14:57:40Z,87.0,Sense
2025-08-16T14:57:45Z,86.0,Sense
2025-08-16T14:58:00Z,86.0,Sense
2025-08-16T14:58:15Z,87.0,Sense
2025-08-16T14:58:20Z,88.0,Sense
2025-08-16T14:58:25Z,87.0,Sense
2025-08-16T14:58:40Z,87.0,Sense
2025-08-16T14:58:45Z,86.0,Sense
2025-08-16T14:58:50Z,85.0,Sense
2025-08-16T14:59:00Z,86.0,Sense
2025-08-16T14:59:05Z,85.0,Sense
2025-08-16T14:59:20Z,86.0,Sense
2025-08-16T14:59:25Z,87.0,Sense
2025-08-16T14:59:40Z,87.0,Sense
2025-08-16T14:59:50Z,86.0,Sense
2025-08-16T14:59:55Z,85.0,Sense
2025-08-16T15:00:10Z,85.0,Sense
2025-08-16T15:00:25Z,85.0,Sense
2025-08-16T15:00:35Z,87.0,Sense
2025-08-16T15:00:50Z,86.0,Sense
2025-08-16T15:01:00Z,87.0,Sense
2025-08-16T15:01:05Z,86.0,Sense
2025-08-16T15:01:10Z,87.0,Sense
2025-08-16T15:01:15Z,88.0,Sense
2025-08-16T15:01:30Z,91.0,Sense
2025-08-16T15:01:35Z,92.0,Sense
2025-08-16T15:01:40Z,89.0,Sense
2025-08-16T15:01:45Z,88.0,Sense
2025-08-16T15:01:50Z,86.0,Sense
2025-08-16T15:01:55Z,84.0,Sense
2025-08-16T15:02:05Z,83.0,Sense
2025-08-16T15:02:20Z,84.0,Sense
2025-08-16T15:02:25Z,85.0,Sense
2025-08-16T15:02:35Z,86.0,Sense
2025-08-16T15:02:40Z,87.0,Sense
2025-08-16T15:02:55Z,87.0,Sense
2025-08-16T15:03:00Z,88.0,Sense
2025-08-16T15:03:05Z,89.0,Sense
2025-08-16T15:03:10Z,90.0,Sense
2025-08-16T15:03:15Z,91.0,Sense
2025-08-16T15:03:25Z,92.0,Sense
2025-08-16T15:03:35Z,91.0,Sense
2025-08-16T15:03:40Z,90.0,Sense
2025-08-16T15:03:45Z,89.0,Sense
2025-08-16T15:03:50Z,88.0,Sense
2025-08-16T15:04:05Z,87.0,Sense
2025-08-16T15:04:20Z,88.0,Sense
2025-08-16T15:04:35Z,87.0,Sense
2025-08-16T15:04:50Z,87.0,Sense
2025-08-16T15:04:55Z,86.0,Sense
2025-08-16T15:05:00Z,84.0,Sense
2025-08-16T15:05:05Z,83.0,Sense
2025-08-16T15:05:10Z,82.0,Sense
2025-08-16T15:05:15Z,82.0,Sense
2025-08-16T15:05:20Z,82.0,Sense
2025-08-16T15:05:30Z,83.0,Sense
2025-08-16T15:05:35Z,82.0,Sense
2025-08-16T15:05:40Z,81.0,Sense
2025-08-16T15:05:55Z,82.0,Sense
2025-08-16T15:06:00Z,81.0,Sense
2025-08-16T15:06:10Z,80.0,Sense
2025-08-16T15:06:15Z,79.0,Sense
2025-08-16T15:06:30Z,79.0,Sense
2025-08-16T15:06:45Z,78.0,Sense
2025-08-16T15:07:00Z,78.0,Sense
2025-08-16T15:07:05Z,79.0,Sense
2025-08-16T15:07:12Z,80.0,Sense
2025-08-16T15:07:17Z,78.0,Sense
2025-08-16T15:07:22Z,76.0,Sense
2025-08-16T15:07:27Z,75.0,Sense
2025-08-16T15:07:32Z,74.0,Sense
2025-08-16T15:07:37Z,73.0,Sense
2025-08-16T15:07:52Z,73.0,Sense
2025-08-16T15:07:57Z,72.0,Sense
2025-08-16T15:08:12Z,71.0,Sense
2025-08-16T15:08:27Z,71.0,Sense
2025-08-16T15:08:42Z,72.0,Sense
2025-08-16T15:08:57Z,71.0,Sense
2025-08-16T15:09:12Z,71.0,Sense
2025-08-16T15:09:17Z,72.0,Sense
2025-08-16T15:09:27Z,73.0,Sense
2025-08-16T15:09:32Z,74.0,Sense
2025-08-16T15:09:37Z,75.0,Sense
2025-08-16T15:09:47Z,74.0,Sense
2025-08-16T15:09:52Z,75.0,Sense
2025-08-16T15:10:02Z,74.0,Sense
2025-08-16T15:10:07Z,75.0,Sense
2025-08-16T15:10:22Z,75.0,Sense
2025-08-16T15:10:27Z,76.0,Sense
2025-08-16T15:10:32Z,75.0,Sense
2025-08-16T15:10:42Z,73.0,Sense
2025-08-16T15:10:47Z,73.0,Sense
2025-08-16T15:10:52Z,73.0,Sense
2025-08-16T15:10:57Z,74.0,Sense
2025-08-16T15:11:07Z,72.0,Sense
2025-08-16T15:11:12Z,71.0,Sense
2025-08-16T15:11:27Z,71.0,Sense
2025-08-16T15:11:42Z,71.0,Sense
2025-08-16T15:11:57Z,71.0,Sense
2025-08-16T15:12:02Z,72.0,Sense
2025-08-16T15:12:07Z,73.0,Sense
2025-08-16T15:12:12Z,75.0,Sense
2025-08-16T15:12:22Z,76.0,Sense
2025-08-16T15:12:27Z,77.0,Sense
2025-08-16T15:12:37Z,76.0,Sense
2025-08-16T15:12:47Z,75.0,Sense
2025-08-16T15:12:52Z,74.0,Sense
2025-08-16T15:13:02Z,73.0,Sense
2025-08-16T15:13:07Z,74.0,Sense
2025-08-16T15:13:22Z,74.0,Sense
2025-08-16T15:13:27Z,75.0,Sense
2025-08-16T15:13:37Z,74.0,Sense
2025-08-16T15:13:47Z,73.0,Sense
2025-08-16T15:14:02Z,73.0,Sense
2025-08-16T15:14:17Z,74.0,Sense
2025-08-16T15:14:22Z,75.0,Sense
2025-08-16T15:14:37Z,74.0,Sense
2025-08-16T15:14:47Z,73.0,Sense
2025-08-16T15:15:02Z,73.0,Sense
2025-08-16T15:15:07Z,74.0,Sense
2025-08-16T15:15:12Z,75.0,Sense
2025-08-16T15:15:17Z,76.0,Sense
2025-08-16T15:15:22Z,77.0,Sense
2025-08-16T15:15:32Z,77.0,Sense
2025-08-16T15:15:37Z,78.0,Sense
2025-08-16T15:15:42Z,79.0,Sense
2025-08-16T15:15:52Z,80.0,Sense
2025-08-16T15:16:07Z,81.0,Sense
2025-08-16T15:16:12Z,80.0,Sense
2025-08-16T15:16:17Z,78.0,Sense
2025-08-16T15:16:27Z,76.0,Sense
2025-08-16T15:16:32Z,75.0,Sense
2025-08-16T15:16:37Z,74.0,Sense
2025-08-16T15:16:52Z,75.0,Sense
2025-08-16T15:16:57Z,76.0,Sense
2025-08-16T15:17:12Z,76.0,Sense
2025-08-16T15:17:17Z,75.0,Sense
2025-08-16T15:17:27Z,74.0,Sense
2025-08-16T15:17:42Z,74.0,Sense
2025-08-16T15:17:52Z,73.0,Sense
2025-08-16T15:18:07Z,73.0,Sense
2025-08-16T15:18:12Z,74.0,Sense
2025-08-16T15:18:22Z,74.0,Sense
2025-08-16T15:18:27Z,75.0,Sense
2025-08-16T15:18:32Z,74.0,Sense
2025-08-16T15:18:37Z,73.0,Sense
2025-08-16T15:18:42Z,74.0,Sense
2025-08-16T15:18:47Z,75.0,Sense
2025-08-16T15:18:52Z,76.0,Sense
2025-08-16T15:18:57Z,78.0,Sense
2025-08-16T15:19:12Z,77.0,Sense
2025-08-16T15:19:22Z,78.0,Sense
2025-08-16T15:19:27Z,79.0,Sense
2025-08-16T15:19:37Z,78.0,Sense
2025-08-16T15:19:42Z,76.0,Sense
2025-08-16T15:19:47Z,73.0,Sense
2025-08-16T15:19:57Z,73.0,Sense
2025-08-16T15:20:02Z,75.0,Sense
2025-08-16T15:20:07Z,75.0,Sense
2025-08-16T15:20:12Z,76.0,Sense
2025-08-16T15:20:17Z,77.0,Sense
2025-08-16T15:20:22Z,78.0,Sense
2025-08-16T15:20:27Z,79.0,Sense
2025-08-16T15:20:32Z,81.0,Sense
2025-08-16T15:20:37Z,82.0,Sense
2025-08-16T15:20:52Z,83.0,Sense
2025-08-16T15:21:02Z,84.0,Sense
2025-08-16T15:21:07Z,85.0,Sense
2025-08-16T15:21:17Z,85.0,Sense
2025-08-16T15:21:27Z,84.0,Sense
2025-08-16T15:21:32Z,83.0,Sense
2025-08-16T15:21:42Z,85.0,Sense
2025-08-16T15:21:47Z,84.0,Sense
2025-08-16T15:21:52Z,83.0,Sense
2025-08-16T15:21:57Z,82.0,Sense
2025-08-16T15:22:07Z,83.0,Sense
2025-08-16T15:22:12Z,83.0,Sense
2025-08-16T15:22:17Z,84.0,Sense
2025-08-16T15:22:32Z,85.0,Sense
2025-08-16T15:22:47Z,85.0,Sense
2025-08-16T15:22:57Z,84.0,Sense
2025-08-16T15:23:02Z,83.0,Sense
2025-08-16T15:23:07Z,84.0,Sense
2025-08-16T15:23:12Z,85.0,Sense
2025-08-16T15:23:17Z,84.0,Sense
2025-08-16T15:23:22Z,83.0,Sense
2025-08-16T15:23:27Z,82.0,Sense
2025-08-16T15:23:42Z,83.0,Sense
2025-08-16T15:23:52Z,82.0,Sense
2025-08-16T15:23:57Z,81.0,Sense
2025-08-16T15:24:02Z,80.0,Sense
2025-08-16T15:24:17Z,81.0,Sense
2025-08-16T15:24:27Z,80.0,Sense
2025-08-16T15:24:32Z,81.0,Sense
2025-08-16T15:24:37Z,82.0,Sense
2025-08-16T15:24:47Z,81.0,Sense
2025-08-16T15:25:02Z,81.0,Sense
2025-08-16T15:25:12Z,80.0,Sense
2025-08-16T15:25:22Z,80.0,Sense
2025-08-16T15:25:27Z,81.0,Sense
2025-08-16T15:25:37Z,82.0,Sense
2025-08-16T15:25:42Z,81.0,Sense
2025-08-16T15:25:47Z,77.0,Sense
2025-08-16T15:25:57Z,76.0,Sense
2025-08-16T15:26:02Z,75.0,Sense
2025-08-16T15:26:07Z,74.0,Sense
2025-08-16T15:26:12Z,75.0,Sense
2025-08-16T15:26:22Z,76.0,Sense
2025-08-16T15:26:27Z,77.0,Sense
2025-08-16T15:26:32Z,78.0,Sense
2025-08-16T15:26:42Z,77.0,Sense
2025-08-16T15:26:47Z,75.0,Sense
2025-08-16T15:26:52Z,74.0,Sense
2025-08-16T15:26:57Z,73.0,Sense
2025-08-16T15:27:02Z,74.0,Sense
2025-08-16T15:27:12Z,75.0,Sense
2025-08-16T15:27:17Z,74.0,Sense
2025-08-16T15:27:32Z,73.0,Sense
2025-08-16T15:27:37Z,72.0,Sense
2025-08-16T15:27:52Z,73.0,Sense
2025-08-16T15:27:57Z,75.0,Sense
2025-08-16T15:28:07Z,77.0,Sense
2025-08-16T15:28:22Z,77.0,Sense
2025-08-16T15:28:27Z,78.0,Sense
2025-08-16T15:28:32Z,79.0,Sense
2025-08-16T15:28:47Z,79.0,Sense
2025-08-16T15:28:57Z,80.0,Sense
2025-08-16T15:29:12Z,81.0,Sense
2025-08-16T15:29:17Z,81.0,Sense
2025-08-16T15:29:22Z,83.0,Sense
2025-08-16T15:29:27Z,85.0,Sense
2025-08-16T15:29:37Z,84.0,Sense
2025-08-16T15:29:42Z,83.0,Sense
2025-08-16T15:29:47Z,77.0,Sense
2025-08-16T15:29:52Z,76.0,Sense
2025-08-16T15:30:07Z,76.0,Sense
2025-08-16T15:30:17Z,76.0,Sense
2025-08-16T15:30:32Z,76.0,Sense
2025-08-16T15:30:37Z,76.0,Sense
2025-08-16T15:30:47Z,77.0,Sense
2025-08-16T15:31:02Z,78.0,Sense
2025-08-16T15:31:07Z,79.0,Sense
2025-08-16T15:31:12Z,78.0,Sense
2025-08-16T15:31:17Z,77.0,Sense
2025-08-16T15:31:22Z,78.0,Sense
2025-08-16T15:31:27Z,79.0,Sense
2025-08-16T15:31:32Z,81.0,Sense
2025-08-16T15:31:37Z,84.0,Sense
2025-08-16T15:31:47Z,85.0,Sense
2025-08-16T15:32:02Z,85.0,Sense
2025-08-16T15:32:07Z,84.0,Sense
2025-08-16T15:32:12Z,83.0,Sense
2025-08-16T15:32:22Z,82.0,Sense
2025-08-16T15:32:27Z,78.0,Sense
2025-08-16T15:32:32Z,77.0,Sense
2025-08-16T15:32:37Z,77.0,Sense
2025-08-16T15:32:42Z,78.0,Sense
2025-08-16T15:32:47Z,81.0,Sense
2025-08-16T15:32:57Z,80.0,Sense
2025-08-16T15:33:02Z,76.0,Sense
2025-08-16T15:33:17Z,76.0,Sense
2025-08-16T15:33:27Z,77.0,Sense
2025-08-16T15:33:32Z,78.0,Sense
2025-08-16T15:33:42Z,79.0,Sense
2025-08-16T15:33:57Z,79.0,Sense
2025-08-16T15:34:07Z,78.0,Sense
2025-08-16T15:34:12Z,78.0,Sense
2025-08-16T15:34:22Z,79.0,Sense
2025-08-16T15:34:27Z,80.0,Sense
2025-08-16T15:34:32Z,79.0,Sense
2025-08-16T15:34:37Z,78.0,Sense
2025-08-16T15:34:42Z,77.0,Sense
2025-08-16T15:34:47Z,72.0,Sense
2025-08-16T15:34:57Z,73.0,Sense
2025-08-16T15:35:12Z,93.0,Sense
2025-08-16T15:35:17Z,92.0,Sense
2025-08-16T15:35:22Z,91.0,Sense
2025-08-16T15:35:27Z,89.0,Sense
2025-08-16T15:35:32Z,87.0,Sense
2025-08-16T15:35:37Z,80.0,Sense
2025-08-16T15:35:42Z,80.0,Sense
2025-08-16T15:35:57Z,81.0,Sense
2025-08-16T15:36:02Z,82.0,Sense
2025-08-16T15:36:12Z,81.0,Sense
2025-08-16T15:36:17Z,82.0,Sense
2025-08-16T15:36:22Z,83.0,Sense
2025-08-16T15:36:37Z,82.0,Sense
2025-08-16T15:36:42Z,81.0,Sense
2025-08-16T15:36:57Z,81.0,Sense
2025-08-16T15:37:02Z,80.0,Sense
2025-08-16T15:37:17Z,79.0,Sense
2025-08-16T15:37:32Z,79.0,Sense
2025-08-16T15:37:37Z,78.0,Sense
2025-08-16T15:37:47Z,79.0,Sense
2025-08-16T15:38:02Z,79.0,Sense
2025-08-16T15:38:17Z,79.0,Sense
2025-08-16T15:38:22Z,78.0,Sense
2025-08-16T15:38:27Z,80.0,Sense
2025-08-16T15:38:32Z,81.0,Sense
2025-08-16T15:38:37Z,82.0,Sense
2025-08-16T15:38:42Z,83.0,Sense
2025-08-16T15:38:52Z,84.0,Sense
2025-08-16T15:39:02Z,83.0,Sense
2025-08-16T15:39:12Z,82.0,Sense
2025-08-16T15:39:22Z,79.0,Sense
2025-08-16T15:39:27Z,75.0,Sense
2025-08-16T15:39:42Z,76.0,Sense
2025-08-16T15:39:47Z,76.0,Sense
2025-08-16T15:39:57Z,78.0,Sense
2025-08-16T15:40:12Z,78.0,Sense
2025-08-16T15:40:17Z,83.0,Sense
2025-08-16T15:40:27Z,82.0,Sense
2025-08-16T15:40:32Z,83.0,Sense
2025-08-16T15:40:47Z,82.0,Sense
2025-08-16T15:40:52Z,81.0,Sense
2025-08-16T15:40:57Z,80.0,Sense
2025-08-16T15:41:02Z,78.0,Sense
2025-08-16T15:41:17Z,79.0,Sense
2025-08-16T15:41:22Z,78.0,Sense
2025-08-16T15:41:27Z,77.0,Sense
2025-08-16T15:41:32Z,78.0,Sense
2025-08-16T15:41:37Z,77.0,Sense
2025-08-16T15:41:42Z,78.0,Sense
2025-08-16T15:41:47Z,79.0,Sense
2025-08-16T15:41:57Z,80.0,Sense
2025-08-16T15:42:02Z,81.0,Sense
2025-08-16T15:42:17Z,80.0,Sense
2025-08-16T15:42:32Z,80.0,Sense
2025-08-16T15:42:37Z,79.0,Sense
2025-08-16T15:42:42Z,77.0,Sense
2025-08-16T15:42:57Z,79.0,Sense
2025-08-16T15:43:02Z,78.0,Sense
2025-08-16T15:43:07Z,79.0,Sense
2025-08-16T15:43:12Z,84.0,Sense
2025-08-16T15:43:17Z,83.0,Sense
2025-08-16T15:43:22Z,82.0,Sense
2025-08-16T15:43:37Z,82.0,Sense
2025-08-16T15:43:47Z,83.0,Sense
2025-08-16T15:43:57Z,81.0,Sense
2025-08-16T15:44:02Z,80.0,Sense
2025-08-16T15:44:07Z,79.0,Sense
2025-08-16T15:44:12Z,80.0,Sense
2025-08-16T15:44:17Z,85.0,Sense
2025-08-16T15:44:22Z,84.0,Sense
2025-08-16T15:44:27Z,85.0,Sense
2025-08-16T15:44:32Z,86.0,Sense
2025-08-16T15:44:37Z,85.0,Sense
2025-08-16T15:44:52Z,84.0,Sense
2025-08-16T15:45:02Z,84.0,Sense
2025-08-16T15:45:07Z,83.0,Sense
2025-08-16T15:45:22Z,83.0,Sense
2025-08-16T15:45:37Z,83.0,Sense
2025-08-16T15:45:42Z,81.0,Sense
2025-08-16T15:45:47Z,74.0,Sense
2025-08-16T15:45:57Z,75.0,Sense
2025-08-16T15:46:12Z,75.0,Sense
2025-08-16T15:46:17Z,75.0,Sense
2025-08-16T15:46:32Z,75.0,Sense
2025-08-16T15:46:37Z,86.0,Sense
2025-08-16T15:46:42Z,88.0,Sense
2025-08-16T15:46:47Z,87.0,Sense
2025-08-16T15:46:57Z,86.0,Sense
2025-08-16T15:47:02Z,79.0,Sense
2025-08-16T15:47:17Z,79.0,Sense
2025-08-16T15:47:27Z,80.0,Sense
2025-08-16T15:47:42Z,82.0,Sense
2025-08-16T15:47:47Z,83.0,Sense
2025-08-16T15:48:02Z,90.0,Sense
2025-08-16T15:48:17Z,90.0,Sense
2025-08-16T15:48:22Z,84.0,Sense
2025-08-16T15:48:27Z,83.0,Sense
2025-08-16T15:48:32Z,84.0,Sense
2025-08-16T15:48:37Z,88.0,Sense
2025-08-16T15:48:52Z,87.0,Sense
2025-08-16T15:49:07Z,87.0,Sense
2025-08-16T15:49:17Z,88.0,Sense
2025-08-16T15:49:22Z,87.0,Sense
2025-08-16T15:49:27Z,86.0,Sense
2025-08-16T15:49:32Z,85.0,Sense
2025-08-16T15:49:37Z,84.0,Sense
2025-08-16T15:49:42Z,82.0,Sense
2025-08-16T15:49:57Z,82.0,Sense
2025-08-16T15:50:02Z,83.0,Sense
2025-08-16T15:50:07Z,81.0,Sense
2025-08-16T15:50:12Z,78.0,Sense
2025-08-16T15:50:17Z,77.0,Sense
2025-08-16T15:50:22Z,76.0,Sense
2025-08-16T15:50:27Z,76.0,Sense
2025-08-16T15:50:37Z,77.0,Sense
2025-08-16T15:50:47Z,75.0,Sense
2025-08-16T15:50:52Z,74.0,Sense
2025-08-16T15:51:02Z,72.0,Sense
2025-08-16T15:51:07Z,71.0,Sense
2025-08-16T15:51:12Z,72.0,Sense
2025-08-16T15:51:18Z,73.0,Sense
2025-08-16T15:51:23Z,75.0,Sense
2025-08-16T15:51:28Z,76.0,Sense
2025-08-16T15:51:33Z,77.0,Sense
2025-08-16T15:51:43Z,78.0,Sense
2025-08-16T15:51:58Z,78.0,Sense
2025-08-16T15:52:03Z,79.0,Sense
2025-08-16T15:52:13Z,80.0,Sense
2025-08-16T15:52:18Z,79.0,Sense
2025-08-16T15:52:23Z,78.0,Sense
2025-08-16T15:52:28Z,77.0,Sense
2025-08-16T15:52:33Z,76.0,Sense
2025-08-16T15:52:48Z,76.0,Sense
2025-08-16T15:52:53Z,77.0,Sense
2025-08-16T15:52:58Z,88.0,Sense
2025-08-16T15:53:03Z,89.0,Sense
2025-08-16T15:53:08Z,88.0,Sense
2025-08-16T15:53:18Z,82.0,Sense
2025-08-16T15:53:23Z,81.0,Sense
2025-08-16T15:53:28Z,80.0,Sense
2025-08-16T15:53:33Z,79.0,Sense
2025-08-16T15:53:43Z,80.0,Sense
2025-08-16T15:53:48Z,80.0,Sense
2025-08-16T15:53:53Z,81.0,Sense
2025-08-16T15:53:58Z,84.0,Sense
2025-08-16T15:54:03Z,83.0,Sense
2025-08-16T15:54:08Z,83.0,Sense
2025-08-16T15:54:23Z,83.0,Sense
2025-08-16T15:54:28Z,83.0,Sense
2025-08-16T15:54:33Z,84.0,Sense
2025-08-16T15:54:38Z,81.0,Sense
2025-08-16T15:54:43Z,80.0,Sense
2025-08-16T15:54:58Z,80.0,Sense
2025-08-16T15:55:03Z,81.0,Sense
2025-08-16T15:55:08Z,82.0,Sense
2025-08-16T15:55:18Z,81.0,Sense
2025-08-16T15:55:23Z,82.0,Sense
2025-08-16T15:55:28Z,81.0,Sense
2025-08-16T15:55:38Z,85.0,Sense
2025-08-16T15:55:53Z,85.0,Sense
2025-08-16T15:56:03Z,84.0,Sense
2025-08-16T15:56:08Z,85.0,Sense
2025-08-16T15:56:13Z,90.0,Sense
2025-08-16T15:56:28Z,89.0,Sense
2025-08-16T15:56:33Z,88.0,Sense
2025-08-16T15:56:48Z,86.0,Sense
2025-08-16T15:56:53Z,80.0,Sense
2025-08-16T15:56:58Z,79.0,Sense
2025-08-16T15:57:03Z,75.0,Sense
2025-08-16T15:57:08Z,74.0,Sense
2025-08-16T15:57:18Z,75.0,Sense
2025-08-16T15:57:28Z,76.0,Sense
2025-08-16T15:57:33Z,76.0,Sense
2025-08-16T15:57:38Z,76.0,Sense
2025-08-16T15:57:53Z,76.0,Sense
2025-08-16T15:58:08Z,76.0,Sense
2025-08-16T15:58:13Z,77.0,Sense
2025-08-16T15:58:18Z,78.0,Sense
2025-08-16T15:58:23Z,80.0,Sense
2025-08-16T15:58:38Z,79.0,Sense
2025-08-16T15:58:48Z,79.0,Sense
2025-08-16T15:59:03Z,79.0,Sense
2025-08-16T15:59:13Z,78.0,Sense
2025-08-16T15:59:23Z,77.0,Sense
2025-08-16T15:59:28Z,78.0,Sense
2025-08-16T15:59:43Z,78.0,Sense
2025-08-16T15:59:48Z,79.0,Sense
2025-08-16T15:59:53Z,80.0,Sense
2025-08-16T15:59:59Z,80.0,Sense
2025-08-16T16:00:04Z,79.0,Sense
2025-08-16T16:00:14Z,80.0,Sense
2025-08-16T16:00:29Z,80.0,Sense
2025-08-16T16:00:44Z,82.0,Sense
2025-08-16T16:00:59Z,100.0,Sense
2025-08-16T16:01:04Z,104.0,Sense
2025-08-16T16:01:09Z,103.0,Sense
2025-08-16T16:01:14Z,104.0,Sense
2025-08-16T16:01:24Z,102.0,Sense
2025-08-16T16:01:29Z,97.0,Sense
2025-08-16T16:01:34Z,91.0,Sense
2025-08-16T16:01:39Z,90.0,Sense
2025-08-16T16:01:44Z,91.0,Sense
2025-08-16T16:01:49Z,89.0,Sense
2025-08-16T16:01:59Z,88.0,Sense
2025-08-16T16:02:04Z,89.0,Sense
2025-08-16T16:02:09Z,91.0,Sense
2025-08-16T16:02:14Z,91.0,Sense
2025-08-16T16:02:24Z,85.0,Sense
2025-08-16T16:02:29Z,81.0,Sense
2025-08-16T16:02:39Z,80.0,Sense
2025-08-16T16:02:44Z,79.0,Sense
2025-08-16T16:02:49Z,79.0,Sense
2025-08-16T16:02:54Z,80.0,Sense
2025-08-16T16:02:59Z,80.0,Sense
2025-08-16T16:03:04Z,81.0,Sense
2025-08-16T16:03:14Z,83.0,Sense
2025-08-16T16:03:19Z,88.0,Sense
2025-08-16T16:03:29Z,99.0,Sense
2025-08-16T16:03:34Z,98.0,Sense
2025-08-16T16:03:39Z,97.0,Sense
2025-08-16T16:03:44Z,95.0,Sense
2025-08-16T16:03:49Z,94.0,Sense
2025-08-16T16:03:54Z,91.0,Sense
2025-08-16T16:04:04Z,90.0,Sense
2025-08-16T16:04:09Z,88.0,Sense
2025-08-16T16:04:14Z,87.0,Sense
2025-08-16T16:04:24Z,85.0,Sense
2025-08-16T16:04:29Z,81.0,Sense
2025-08-16T16:04:44Z,80.0,Sense
2025-08-16T16:04:54Z,79.0,Sense
2025-08-16T16:04:59Z,81.0,Sense
2025-08-16T16:05:04Z,80.0,Sense
2025-08-16T16:05:09Z,74.0,Sense
2025-08-16T16:05:14Z,81.0,Sense
2025-08-16T16:05:24Z,82.0,Sense
2025-08-16T16:05:29Z,81.0,Sense
2025-08-16T16:05:34Z,84.0,Sense
2025-08-16T16:05:39Z,86.0,Sense
2025-08-16T16:05:49Z,85.0,Sense
2025-08-16T16:05:54Z,85.0,Sense
2025-08-16T16:05:59Z,85.0,Sense
2025-08-16T16:06:04Z,84.0,Sense
2025-08-16T16:06:09Z,90.0,Sense
2025-08-16T16:06:14Z,91.0,Sense
2025-08-16T16:06:24Z,89.0,Sense
2025-08-16T16:06:29Z,88.0,Sense
2025-08-16T16:06:34Z,87.0,Sense
2025-08-16T16:06:39Z,86.0,Sense
2025-08-16T16:06:54Z,85.0,Sense
2025-08-16T16:06:59Z,89.0,Sense
2025-08-16T16:07:04Z,96.0,Sense
2025-08-16T16:07:09Z,95.0,Sense
2025-08-16T16:07:19Z,94.0,Sense
2025-08-16T16:07:24Z,92.0,Sense
2025-08-16T16:07:29Z,93.0,Sense
2025-08-16T16:07:34Z,93.0,Sense
2025-08-16T16:07:39Z,92.0,Sense
2025-08-16T16:07:44Z,90.0,Sense
2025-08-16T16:07:54Z,89.0,Sense
2025-08-16T16:07:59Z,88.0,Sense
2025-08-16T16:08:04Z,87.0,Sense
2025-08-16T16:08:09Z,86.0,Sense
2025-08-16T16:08:24Z,86.0,Sense
2025-08-16T16:08:29Z,85.0,Sense
2025-08-16T16:08:34Z,85.0,Sense
2025-08-16T16:08:39Z,84.0,Sense
2025-08-16T16:08:44Z,84.0,Sense
2025-08-16T16:08:54Z,85.0,Sense
2025-08-16T16:08:59Z,85.0,Sense
2025-08-16T16:09:14Z,86.0,Sense
2025-08-16T16:09:19Z,85.0,Sense
2025-08-16T16:09:34Z,85.0,Sense
2025-08-16T16:09:39Z,84.0,Sense
2025-08-16T16:09:49Z,83.0,Sense
2025-08-16T16:10:04Z,81.0,Sense
2025-08-16T16:10:09Z,80.0,Sense
2025-08-16T16:10:24Z,79.0,Sense
2025-08-16T16:10:29Z,78.0,Sense
2025-08-16T16:10:34Z,73.0,Sense
2025-08-16T16:10:39Z,72.0,Sense
2025-08-16T16:10:44Z,73.0,Sense
2025-08-16T16:10:54Z,74.0,Sense
2025-08-16T16:10:59Z,75.0,Sense
2025-08-16T16:11:04Z,78.0,Sense
2025-08-16T16:11:09Z,79.0,Sense
2025-08-16T16:11:14Z,80.0,Sense
2025-08-16T16:11:29Z,80.0,Sense
2025-08-16T16:11:34Z,80.0,Sense
2025-08-16T16:11:49Z,79.0,Sense
2025-08-16T16:11:54Z,80.0,Sense
2025-08-16T16:12:04Z,81.0,Sense
2025-08-16T16:12:14Z,81.0,Sense
2025-08-16T16:12:29Z,81.0,Sense
2025-08-16T16:12:34Z,82.0,Sense
2025-08-16T16:12:39Z,81.0,Sense
2025-08-16T16:12:44Z,81.0,Sense
2025-08-16T16:12:59Z,81.0,Sense
2025-08-16T16:13:09Z,82.0,Sense
2025-08-16T16:13:14Z,83.0,Sense
2025-08-16T16:13:19Z,82.0,Sense
2025-08-16T16:13:24Z,83.0,Sense
2025-08-16T16:13:39Z,82.0,Sense
2025-08-16T16:13:54Z,82.0,Sense
2025-08-16T16:14:09Z,81.0,Sense
2025-08-16T16:14:14Z,82.0,Sense
2025-08-16T16:14:29Z,82.0,Sense
2025-08-16T16:14:34Z,83.0,Sense
2025-08-16T16:14:39Z,83.0,Sense
2025-08-16T16:14:44Z,82.0,Sense
2025-08-16T16:14:54Z,81.0,Sense
2025-08-16T16:14:59Z,80.0,Sense
2025-08-16T16:15:04Z,78.0,Sense
2025-08-16T16:15:19Z,78.0,Sense
2025-08-16T16:15:29Z,80.0,Sense
2025-08-16T16:15:39Z,79.0,Sense
2025-08-16T16:15:44Z,80.0,Sense
2025-08-16T16:15:49Z,79.0,Sense
2025-08-16T16:15:59Z,77.0,Sense
2025-08-16T16:16:14Z,77.0,Sense
2025-08-16T16:16:19Z,76.0,Sense
2025-08-16T16:16:24Z,76.0,Sense
2025-08-16T16:16:39Z,79.0,Sense
2025-08-16T16:16:54Z,79.0,Sense
2025-08-16T16:16:59Z,79.0,Sense
2025-08-16T16:17:09Z,80.0,Sense
2025-08-16T16:17:19Z,81.0,Sense
2025-08-16T16:17:24Z,82.0,Sense
2025-08-16T16:17:29Z,81.0,Sense
2025-08-16T16:17:44Z,81.0,Sense
2025-08-16T16:17:54Z,82.0,Sense
2025-08-16T16:18:04Z,84.0,Sense
2025-08-16T16:18:14Z,83.0,Sense
2025-08-16T16:18:24Z,85.0,Sense
2025-08-16T16:18:29Z,89.0,Sense
2025-08-16T16:18:39Z,88.0,Sense
2025-08-16T16:18:49Z,90.0,Sense
2025-08-16T16:19:04Z,90.0,Sense
2025-08-16T16:19:09Z,91.0,Sense
2025-08-16T16:19:14Z,90.0,Sense
2025-08-16T16:19:19Z,89.0,Sense
2025-08-16T16:19:24Z,88.0,Sense
2025-08-16T16:19:29Z,89.0,Sense
2025-08-16T16:19:34Z,88.0,Sense
2025-08-16T16:19:39Z,87.0,Sense
2025-08-16T16:19:44Z,85.0,Sense
2025-08-16T16:19:49Z,83.0,Sense
2025-08-16T16:19:59Z,90.0,Sense
2025-08-16T16:20:04Z,94.0,Sense
2025-08-16T16:20:09Z,93.0,Sense
2025-08-16T16:20:14Z,92.0,Sense
2025-08-16T16:20:19Z,93.0,Sense
2025-08-16T16:20:29Z,92.0,Sense
2025-08-16T16:20:39Z,93.0,Sense
2025-08-16T16:20:44Z,93.0,Sense
2025-08-16T16:20:54Z,94.0,Sense
2025-08-16T16:20:59Z,93.0,Sense
2025-08-16T16:21:04Z,92.0,Sense
2025-08-16T16:21:09Z,91.0,Sense
2025-08-16T16:21:19Z,90.0,Sense
2025-08-16T16:21:29Z,88.0,Sense
2025-08-16T16:21:34Z,87.0,Sense
2025-08-16T16:21:39Z,88.0,Sense
2025-08-16T16:21:44Z,89.0,Sense
2025-08-16T16:21:49Z,85.0,Sense
2025-08-16T16:21:54Z,81.0,Sense
2025-08-16T16:22:09Z,81.0,Sense
2025-08-16T16:22:14Z,82.0,Sense
2025-08-16T16:22:19Z,82.0,Sense
2025-08-16T16:22:24Z,82.0,Sense
2025-08-16T16:22:29Z,84.0,Sense
2025-08-16T16:22:44Z,83.0,Sense
2025-08-16T16:22:59Z,83.0,Sense
2025-08-16T16:23:04Z,82.0,Sense
2025-08-16T16:23:09Z,83.0,Sense
2025-08-16T16:23:14Z,83.0,Sense
2025-08-16T16:23:19Z,83.0,Sense
2025-08-16T16:23:24Z,83.0,Sense
2025-08-16T16:23:34Z,83.0,Sense
2025-08-16T16:23:44Z,84.0,Sense
2025-08-16T16:23:49Z,85.0,Sense
2025-08-16T16:23:54Z,86.0,Sense
2025-08-16T16:23:59Z,87.0,Sense
2025-08-16T16:24:09Z,86.0,Sense
2025-08-16T16:24:19Z,84.0,Sense
2025-08-16T16:24:24Z,83.0,Sense
2025-08-16T16:24:29Z,82.0,Sense
2025-08-16T16:24:39Z,81.0,Sense
2025-08-16T16:24:49Z,82.0,Sense
2025-08-16T16:24:59Z,83.0,Sense
2025-08-16T16:25:09Z,82.0,Sense
2025-08-16T16:25:14Z,79.0,Sense
2025-08-16T16:25:19Z,76.0,Sense
2025-08-16T16:25:24Z,77.0,Sense
2025-08-16T16:25:34Z,78.0,Sense
2025-08-16T16:25:44Z,78.0,Sense
2025-08-16T16:25:59Z,78.0,Sense
2025-08-16T16:26:04Z,73.0,Sense
2025-08-16T16:26:09Z,72.0,Sense
2025-08-16T16:26:14Z,71.0,Sense
2025-08-16T16:26:29Z,71.0,Sense
2025-08-16T16:26:39Z,72.0,Sense
2025-08-16T16:26:44Z,72.0,Sense
2025-08-16T16:26:54Z,73.0,Sense
2025-08-16T16:26:59Z,74.0,Sense
2025-08-16T16:27:09Z,75.0,Sense
2025-08-16T16:27:14Z,70.0,Sense
2025-08-16T16:27:29Z,71.0,Sense
2025-08-16T16:27:44Z,71.0,Sense
2025-08-16T16:27:54Z,74.0,Sense
2025-08-16T16:28:01Z,75.0,Sense
2025-08-16T16:28:11Z,76.0,Sense
2025-08-16T16:28:16Z,77.0,Sense
2025-08-16T16:28:21Z,78.0,Sense
2025-08-16T16:28:26Z,79.0,Sense
2025-08-16T16:28:31Z,80.0,Sense
2025-08-16T16:28:36Z,81.0,Sense
2025-08-16T16:28:41Z,82.0,Sense
2025-08-16T16:28:46Z,83.0,Sense
2025-08-16T16:29:01Z,83.0,Sense
2025-08-16T16:29:06Z,84.0,Sense
2025-08-16T16:29:21Z,80.0,Sense
2025-08-16T16:29:26Z,78.0,Sense
2025-08-16T16:29:41Z,79.0,Sense
2025-08-16T16:29:46Z,79.0,Sense
2025-08-16T16:29:56Z,78.0,Sense
2025-08-16T16:30:01Z,79.0,Sense
2025-08-16T16:30:06Z,80.0,Sense
2025-08-16T16:30:16Z,83.0,Sense
2025-08-16T16:30:21Z,86.0,Sense
2025-08-16T16:30:26Z,84.0,Sense
2025-08-16T16:30:36Z,83.0,Sense
2025-08-16T16:30:46Z,84.0,Sense
2025-08-16T16:30:51Z,85.0,Sense
2025-08-16T16:30:56Z,84.0,Sense
2025-08-16T16:31:01Z,83.0,Sense
2025-08-16T16:31:11Z,84.0,Sense
2025-08-16T16:31:16Z,84.0,Sense
2025-08-16T16:31:21Z,83.0,Sense
2025-08-16T16:31:31Z,79.0,Sense
2025-08-16T16:31:36Z,74.0,Sense
2025-08-16T16:31:51Z,75.0,Sense
2025-08-16T16:32:06Z,78.0,Sense
2025-08-16T16:32:11Z,85.0,Sense
2025-08-16T16:32:16Z,84.0,Sense
2025-08-16T16:32:21Z,82.0,Sense
2025-08-16T16:32:31Z,81.0,Sense
2025-08-16T16:32:36Z,80.0,Sense
2025-08-16T16:32:46Z,79.0,Sense
2025-08-16T16:32:51Z,79.0,Sense
2025-08-16T16:32:56Z,81.0,Sense
2025-08-16T16:33:01Z,82.0,Sense
2025-08-16T16:33:11Z,81.0,Sense
2025-08-16T16:33:21Z,81.0,Sense
2025-08-16T16:33:31Z,80.0,Sense
2025-08-16T16:33:41Z,81.0,Sense
2025-08-16T16:33:56Z,81.0,Sense
2025-08-16T16:34:11Z,81.0,Sense
2025-08-16T16:34:16Z,80.0,Sense
2025-08-16T16:34:21Z,79.0,Sense
2025-08-16T16:34:31Z,78.0,Sense
2025-08-16T16:34:46Z,78.0,Sense
2025-08-16T16:35:01Z,79.0,Sense
2025-08-16T16:35:06Z,79.0,Sense
2025-08-16T16:35:11Z,78.0,Sense
2025-08-16T16:35:16Z,79.0,Sense
2025-08-16T16:35:21Z,78.0,Sense
2025-08-16T16:35:26Z,77.0,Sense
2025-08-16T16:35:31Z,78.0,Sense
2025-08-16T16:35:41Z,80.0,Sense
2025-08-16T16:35:51Z,81.0,Sense
2025-08-16T16:36:06Z,81.0,Sense
2025-08-16T16:36:16Z,81.0,Sense
2025-08-16T16:36:31Z,81.0,Sense
2025-08-16T16:36:36Z,78.0,Sense
2025-08-16T16:36:46Z,78.0,Sense
2025-08-16T16:36:56Z,76.0,Sense
2025-08-16T16:37:01Z,75.0,Sense
2025-08-16T16:37:06Z,75.0,Sense
2025-08-16T16:37:16Z,74.0,Sense
2025-08-16T16:37:21Z,73.0,Sense
2025-08-16T16:37:36Z,73.0,Sense
2025-08-16T16:37:41Z,72.0,Sense
2025-08-16T16:37:52Z,72.0,Sense
2025-08-16T16:37:57Z,73.0,Sense
2025-08-16T16:38:07Z,73.0,Sense
2025-08-16T16:38:17Z,74.0,Sense
2025-08-16T16:38:32Z,75.0,Sense
2025-08-16T16:38:37Z,74.0,Sense
2025-08-16T16:38:42Z,73.0,Sense
2025-08-16T16:38:47Z,72.0,Sense
2025-08-16T16:39:02Z,73.0,Sense
2025-08-16T16:39:12Z,74.0,Sense
2025-08-16T16:39:22Z,75.0,Sense
2025-08-16T16:39:27Z,77.0,Sense
2025-08-16T16:39:32Z,79.0,Sense
2025-08-16T16:39:37Z,80.0,Sense
2025-08-16T16:39:47Z,81.0,Sense
2025-08-16T16:39:52Z,82.0,Sense
2025-08-16T16:39:57Z,83.0,Sense
2025-08-16T16:40:12Z,83.0,Sense
2025-08-16T16:40:22Z,82.0,Sense
2025-08-16T16:40:27Z,82.0,Sense
2025-08-16T16:40:42Z,81.0,Sense
2025-08-16T16:40:57Z,81.0,Sense
2025-08-16T16:41:02Z,80.0,Sense
2025-08-16T16:41:17Z,81.0,Sense
2025-08-16T16:41:23Z,82.0,Sense
2025-08-16T16:41:28Z,81.0,Sense
2025-08-16T16:41:33Z,79.0,Sense
2025-08-16T16:41:39Z,78.0,Sense
2025-08-16T16:41:44Z,77.0,Sense
2025-08-16T16:41:49Z,76.0,Sense
2025-08-16T16:41:54Z,75.0,Sense
2025-08-16T16:42:04Z,76.0,Sense
2025-08-16T16:42:19Z,77.0,Sense
2025-08-16T16:42:29Z,78.0,Sense
2025-08-16T16:42:34Z,79.0,Sense
2025-08-16T16:42:44Z,79.0,Sense
2025-08-16T16:42:59Z,79.0,Sense
2025-08-16T16:43:09Z,80.0,Sense
2025-08-16T16:43:14Z,79.0,Sense
2025-08-16T16:43:29Z,79.0,Sense
2025-08-16T16:43:44Z,80.0,Sense
2025-08-16T16:43:54Z,81.0,Sense
2025-08-16T16:44:04Z,82.0,Sense
2025-08-16T16:44:09Z,82.0,Sense
2025-08-16T16:44:14Z,83.0,Sense
2025-08-16T16:44:24Z,84.0,Sense
2025-08-16T16:44:29Z,85.0,Sense
2025-08-16T16:44:44Z,85.0,Sense
2025-08-16T16:44:49Z,84.0,Sense
2025-08-16T16:45:04Z,83.0,Sense
2025-08-16T16:45:14Z,84.0,Sense
2025-08-16T16:45:19Z,85.0,Sense
2025-08-16T16:45:29Z,86.0,Sense
2025-08-16T16:45:39Z,85.0,Sense
2025-08-16T16:45:44Z,85.0,Sense
2025-08-16T16:45:54Z,84.0,Sense
2025-08-16T16:45:59Z,83.0,Sense
2025-08-16T16:46:09Z,85.0,Sense
2025-08-16T16:46:14Z,86.0,Sense
2025-08-16T16:46:19Z,85.0,Sense
2025-08-16T16:46:29Z,84.0,Sense
2025-08-16T16:46:39Z,85.0,Sense
2025-08-16T16:46:44Z,84.0,Sense
2025-08-16T16:46:54Z,83.0,Sense
2025-08-16T16:47:09Z,83.0,Sense
2025-08-16T16:47:24Z,84.0,Sense
2025-08-16T16:47:29Z,85.0,Sense
2025-08-16T16:47:34Z,86.0,Sense
2025-08-16T16:47:39Z,87.0,Sense
2025-08-16T16:47:44Z,88.0,Sense
2025-08-16T16:47:54Z,89.0,Sense
2025-08-16T16:47:59Z,90.0,Sense
2025-08-16T16:48:14Z,90.0,Sense
2025-08-16T16:48:19Z,91.0,Sense
2025-08-16T16:48:24Z,92.0,Sense
2025-08-16T16:48:29Z,91.0,Sense
2025-08-16T16:48:34Z,90.0,Sense
2025-08-16T16:48:49Z,90.0,Sense
2025-08-16T16:49:04Z,91.0,Sense
2025-08-16T16:49:14Z,90.0,Sense
2025-08-16T16:49:19Z,89.0,Sense
2025-08-16T16:49:24Z,89.0,Sense
2025-08-16T16:49:34Z,88.0,Sense
2025-08-16T16:49:39Z,87.0,Sense
2025-08-16T16:49:49Z,86.0,Sense
2025-08-16T16:49:54Z,85.0,Sense
2025-08-16T16:49:59Z,84.0,Sense
2025-08-16T16:50:04Z,83.0,Sense
2025-08-16T16:50:19Z,86.0,Sense
2025-08-16T16:50:24Z,87.0,Sense
2025-08-16T16:50:39Z,87.0,Sense
2025-08-16T16:50:49Z,86.0,Sense
2025-08-16T16:50:54Z,85.0,Sense
2025-08-16T16:50:59Z,83.0,Sense
2025-08-16T16:51:04Z,81.0,Sense
2025-08-16T16:51:09Z,79.0,Sense
2025-08-16T16:51:24Z,79.0,Sense
2025-08-16T16:51:39Z,79.0,Sense
2025-08-16T16:51:54Z,79.0,Sense
2025-08-16T16:51:59Z,80.0,Sense
2025-08-16T16:52:04Z,82.0,Sense
2025-08-16T16:52:09Z,84.0,Sense
2025-08-16T16:52:19Z,83.0,Sense
2025-08-16T16:52:24Z,81.0,Sense
2025-08-16T16:52:39Z,81.0,Sense
2025-08-16T16:52:44Z,80.0,Sense
2025-08-16T16:52:59Z,80.0,Sense
2025-08-16T16:53:04Z,79.0,Sense
2025-08-16T16:53:09Z,79.0,Sense
2025-08-16T16:53:14Z,80.0,Sense
2025-08-16T16:53:19Z,79.0,Sense
2025-08-16T16:53:29Z,80.0,Sense
2025-08-16T16:53:39Z,79.0,Sense
2025-08-16T16:53:54Z,80.0,Sense
2025-08-16T16:54:04Z,81.0,Sense
2025-08-16T16:54:09Z,80.0,Sense
2025-08-16T16:54:14Z,79.0,Sense
2025-08-16T16:54:19Z,78.0,Sense
2025-08-16T16:54:24Z,79.0,Sense
2025-08-16T16:54:29Z,80.0,Sense
2025-08-16T16:54:39Z,79.0,Sense
2025-08-16T16:54:44Z,80.0,Sense
2025-08-16T16:54:59Z,80.0,Sense
2025-08-16T16:55:04Z,81.0,Sense
2025-08-16T16:55:09Z,82.0,Sense
2025-08-16T16:55:14Z,80.0,Sense
2025-08-16T16:55:24Z,79.0,Sense
2025-08-16T16:55:29Z,79.0,Sense
2025-08-16T16:55:34Z,79.0,Sense
2025-08-16T16:55:49Z,78.0,Sense
2025-08-16T16:55:54Z,77.0,Sense
2025-08-16T16:56:09Z,78.0,Sense
2025-08-16T16:56:14Z,81.0,Sense
2025-08-16T16:56:24Z,82.0,Sense
2025-08-16T16:56:29Z,81.0,Sense
2025-08-16T16:56:34Z,80.0,Sense
2025-08-16T16:56:39Z,80.0,Sense
2025-08-16T16:56:44Z,81.0,Sense
2025-08-16T16:56:54Z,84.0,Sense
2025-08-16T16:56:59Z,88.0,Sense
2025-08-16T16:57:04Z,87.0,Sense
2025-08-16T16:57:19Z,88.0,Sense
2025-08-16T16:57:29Z,89.0,Sense
2025-08-16T16:57:44Z,84.0,Sense
2025-08-16T16:57:49Z,78.0,Sense
2025-08-16T16:57:59Z,79.0,Sense
2025-08-16T16:58:09Z,78.0,Sense
2025-08-16T16:58:14Z,77.0,Sense
2025-08-16T16:58:24Z,76.0,Sense
2025-08-16T16:58:29Z,77.0,Sense
2025-08-16T16:58:39Z,83.0,Sense
2025-08-16T16:58:44Z,84.0,Sense
2025-08-16T16:58:59Z,83.0,Sense
2025-08-16T16:59:04Z,83.0,Sense
2025-08-16T16:59:09Z,82.0,Sense
2025-08-16T16:59:19Z,83.0,Sense
2025-08-16T16:59:34Z,115.0,Sense
2025-08-16T16:59:39Z,118.0,Sense
2025-08-16T16:59:44Z,118.0,Sense
2025-08-16T16:59:49Z,116.0,Sense
2025-08-16T16:59:54Z,110.0,Sense
2025-08-16T16:59:59Z,102.0,Sense
2025-08-16T17:00:04Z,96.0,Sense
2025-08-16T17:00:09Z,92.0,Sense
2025-08-16T17:00:14Z,81.0,Sense
2025-08-16T17:00:19Z,80.0,Sense
2025-08-16T17:00:34Z,79.0,Sense
2025-08-16T17:00:49Z,79.0,Sense
2025-08-16T17:00:59Z,79.0,Sense
2025-08-16T17:01:09Z,86.0,Sense
2025-08-16T17:01:14Z,87.0,Sense
2025-08-16T17:01:29Z,86.0,Sense
2025-08-16T17:01:34Z,86.0,Sense
2025-08-16T17:01:39Z,85.0,Sense
2025-08-16T17:01:44Z,84.0,Sense
2025-08-16T17:01:49Z,82.0,Sense
2025-08-16T17:01:54Z,80.0,Sense
2025-08-16T17:01:59Z,79.0,Sense
2025-08-16T17:02:09Z,78.0,Sense
2025-08-16T17:02:19Z,77.0,Sense
2025-08-16T17:02:29Z,78.0,Sense
2025-08-16T17:02:34Z,79.0,Sense
2025-08-16T17:02:39Z,78.0,Sense
2025-08-16T17:02:44Z,80.0,Sense
2025-08-16T17:02:49Z,81.0,Sense
2025-08-16T17:02:54Z,80.0,Sense
2025-08-16T17:02:59Z,81.0,Sense
2025-08-16T17:03:09Z,82.0,Sense
2025-08-16T17:03:14Z,83.0,Sense
2025-08-16T17:03:24Z,83.0,Sense
2025-08-16T17:03:29Z,84.0,Sense
2025-08-16T17:03:39Z,83.0,Sense
2025-08-16T17:03:54Z,83.0,Sense
2025-08-16T17:03:59Z,82.0,Sense
2025-08-16T17:04:04Z,80.0,Sense
2025-08-16T17:04:09Z,81.0,Sense
2025-08-16T17:04:14Z,83.0,Sense
2025-08-16T17:04:29Z,84.0,Sense
2025-08-16T17:04:34Z,85.0,Sense
2025-08-16T17:04:44Z,84.0,Sense
2025-08-16T17:04:49Z,83.0,Sense
2025-08-16T17:04:54Z,82.0,Sense
2025-08-16T17:05:05Z,81.0,Sense
2025-08-16T17:05:20Z,81.0,Sense
2025-08-16T17:05:25Z,82.0,Sense
2025-08-16T17:05:35Z,81.0,Sense
2025-08-16T17:05:40Z,80.0,Sense
2025-08-16T17:05:50Z,83.0,Sense
2025-08-16T17:05:55Z,84.0,Sense
2025-08-16T17:06:05Z,83.0,Sense
2025-08-16T17:06:20Z,83.0,Sense
2025-08-16T17:06:25Z,83.0,Sense
2025-08-16T17:06:35Z,82.0,Sense
2025-08-16T17:06:50Z,82.0,Sense
2025-08-16T17:06:55Z,81.0,Sense
2025-08-16T17:07:00Z,82.0,Sense
2025-08-16T17:07:05Z,86.0,Sense
2025-08-16T17:07:10Z,92.0,Sense
2025-08-16T17:07:20Z,90.0,Sense
2025-08-16T17:07:25Z,89.0,Sense
2025-08-16T17:07:30Z,90.0,Sense
2025-08-16T17:07:35Z,91.0,Sense
2025-08-16T17:07:50Z,91.0,Sense
2025-08-16T17:08:05Z,91.0,Sense
2025-08-16T17:08:15Z,89.0,Sense
2025-08-16T17:08:20Z,88.0,Sense
2025-08-16T17:08:25Z,87.0,Sense
2025-08-16T17:08:40Z,87.0,Sense
2025-08-16T17:08:50Z,85.0,Sense
2025-08-16T17:08:55Z,85.0,Sense
2025-08-16T17:09:00Z,84.0,Sense
2025-08-16T17:09:10Z,85.0,Sense
2025-08-16T17:09:15Z,83.0,Sense
2025-08-16T17:09:30Z,83.0,Sense
2025-08-16T17:09:45Z,83.0,Sense
2025-08-16T17:10:00Z,92.0,Sense
2025-08-16T17:10:05Z,108.0,Sense
2025-08-16T17:10:10Z,107.0,Sense
2025-08-16T17:10:15Z,105.0,Sense
2025-08-16T17:10:20Z,106.0,Sense
2025-08-16T17:10:25Z,104.0,Sense
2025-08-16T17:10:30Z,101.0,Sense
2025-08-16T17:10:35Z,98.0,Sense
2025-08-16T17:10:40Z,96.0,Sense
2025-08-16T17:10:45Z,91.0,Sense
2025-08-16T17:10:50Z,89.0,Sense
2025-08-16T17:11:00Z,88.0,Sense
2025-08-16T17:11:05Z,86.0,Sense
2025-08-16T17:11:10Z,87.0,Sense
2025-08-16T17:11:15Z,89.0,Sense
2025-08-16T17:11:20Z,87.0,Sense
2025-08-16T17:11:35Z,85.0,Sense
2025-08-16T17:11:40Z,84.0,Sense
2025-08-16T17:11:45Z,84.0,Sense
2025-08-16T17:11:50Z,86.0,Sense
2025-08-16T17:11:55Z,87.0,Sense
2025-08-16T17:12:10Z,88.0,Sense
2025-08-16T17:12:20Z,86.0,Sense
2025-08-16T17:12:30Z,87.0,Sense
2025-08-16T17:12:35Z,88.0,Sense
2025-08-16T17:12:40Z,87.0,Sense
2025-08-16T17:12:45Z,85.0,Sense
2025-08-16T17:12:50Z,84.0,Sense
2025-08-16T17:13:05Z,84.0,Sense
2025-08-16T17:13:10Z,85.0,Sense
2025-08-16T17:13:43Z,84.0,Sense
2025-08-16T17:14:24Z,82.0,Sense
2025-08-16T17:15:01Z,82.0,Sense
2025-08-16T17:15:06Z,81.0,Sense
2025-08-16T17:15:11Z,80.0,Sense
2025-08-16T17:15:26Z,79.0,Sense
2025-08-16T17:15:41Z,84.0,Sense
2025-08-16T17:15:46Z,88.0,Sense
2025-08-16T17:15:56Z,87.0,Sense
2025-08-16T17:16:11Z,86.0,Sense
2025-08-16T17:16:16Z,84.0,Sense
2025-08-16T17:16:21Z,83.0,Sense
2025-08-16T17:16:26Z,82.0,Sense
2025-08-16T17:16:41Z,83.0,Sense
2025-08-16T17:16:51Z,82.0,Sense
2025-08-16T17:16:56Z,81.0,Sense
2025-08-16T17:17:01Z,80.0,Sense
2025-08-16T17:17:06Z,79.0,Sense
2025-08-16T17:17:11Z,80.0,Sense
2025-08-16T17:17:26Z,79.0,Sense
2025-08-16T17:17:41Z,79.0,Sense
2025-08-16T17:17:46Z,81.0,Sense
2025-08-16T17:17:51Z,82.0,Sense
2025-08-16T17:17:56Z,83.0,Sense
2025-08-16T17:18:01Z,85.0,Sense
2025-08-16T17:18:06Z,86.0,Sense
2025-08-16T17:18:11Z,87.0,Sense
2025-08-16T17:18:16Z,86.0,Sense
2025-08-16T17:18:31Z,86.0,Sense
2025-08-16T17:18:36Z,78.0,Sense
2025-08-16T17:18:41Z,76.0,Sense
2025-08-16T17:18:51Z,77.0,Sense
2025-08-16T17:18:56Z,78.0,Sense
2025-08-16T17:19:11Z,78.0,Sense
2025-08-16T17:19:26Z,78.0,Sense
2025-08-16T17:19:41Z,78.0,Sense
2025-08-16T17:19:46Z,79.0,Sense
2025-08-16T17:19:56Z,78.0,Sense
2025-08-16T17:20:06Z,77.0,Sense
2025-08-16T17:20:16Z,76.0,Sense
2025-08-16T17:20:21Z,76.0,Sense
2025-08-16T17:20:31Z,74.0,Sense
2025-08-16T17:20:46Z,72.0,Sense
2025-08-16T17:21:01Z,73.0,Sense
2025-08-16T17:21:06Z,72.0,Sense
2025-08-16T17:21:11Z,73.0,Sense
2025-08-16T17:21:16Z,73.0,Sense
2025-08-16T17:21:21Z,74.0,Sense
2025-08-16T17:21:31Z,75.0,Sense
2025-08-16T17:21:41Z,76.0,Sense
2025-08-16T17:21:51Z,77.0,Sense
2025-08-16T17:21:56Z,76.0,Sense
2025-08-16T17:22:01Z,77.0,Sense
2025-08-16T17:22:11Z,78.0,Sense
2025-08-16T17:22:16Z,79.0,Sense
2025-08-16T17:22:21Z,81.0,Sense
2025-08-16T17:22:26Z,82.0,Sense
2025-08-16T17:22:36Z,82.0,Sense
2025-08-16T17:22:46Z,83.0,Sense
2025-08-16T17:22:51Z,82.0,Sense
2025-08-16T17:22:56Z,81.0,Sense
2025-08-16T17:23:06Z,80.0,Sense
2025-08-16T17:23:11Z,79.0,Sense
2025-08-16T17:23:26Z,86.0,Sense
2025-08-16T17:23:31Z,88.0,Sense
2025-08-16T17:23:46Z,89.0,Sense
2025-08-16T17:23:51Z,90.0,Sense
2025-08-16T17:24:01Z,89.0,Sense
2025-08-16T17:24:06Z,90.0,Sense
2025-08-16T17:24:11Z,88.0,Sense
2025-08-16T17:24:16Z,87.0,Sense
2025-08-16T17:24:21Z,85.0,Sense
2025-08-16T17:24:26Z,82.0,Sense
2025-08-16T17:24:41Z,82.0,Sense
2025-08-16T17:24:51Z,79.0,Sense
2025-08-16T17:24:56Z,75.0,Sense
2025-08-16T17:25:01Z,76.0,Sense
2025-08-16T17:25:16Z,77.0,Sense
2025-08-16T17:25:21Z,76.0,Sense
2025-08-16T17:25:36Z,77.0,Sense
2025-08-16T17:25:41Z,76.0,Sense
2025-08-16T17:25:46Z,77.0,Sense
2025-08-16T17:25:51Z,78.0,Sense
2025-08-16T17:25:56Z,79.0,Sense
2025-08-16T17:26:01Z,80.0,Sense
2025-08-16T17:26:16Z,80.0,Sense
2025-08-16T17:26:31Z,80.0,Sense
2025-08-16T17:26:36Z,81.0,Sense
2025-08-16T17:26:41Z,90.0,Sense
2025-08-16T17:26:46Z,95.0,Sense
2025-08-16T17:26:56Z,94.0,Sense
2025-08-16T17:27:01Z,93.0,Sense
2025-08-16T17:27:06Z,91.0,Sense
2025-08-16T17:27:11Z,91.0,Sense
2025-08-16T17:27:21Z,90.0,Sense
2025-08-16T17:27:26Z,89.0,Sense
2025-08-16T17:27:36Z,87.0,Sense
2025-08-16T17:27:41Z,86.0,Sense
2025-08-16T17:27:51Z,85.0,Sense
2025-08-16T17:27:56Z,85.0,Sense
2025-08-16T17:28:01Z,84.0,Sense
2025-08-16T17:28:06Z,85.0,Sense
2025-08-16T17:28:11Z,73.0,Sense
2025-08-16T17:28:21Z,74.0,Sense
2025-08-16T17:28:26Z,75.0,Sense
2025-08-16T17:28:31Z,76.0,Sense
2025-08-16T17:28:41Z,77.0,Sense
2025-08-16T17:28:56Z,77.0,Sense
2025-08-16T17:29:01Z,77.0,Sense
2025-08-16T17:29:11Z,77.0,Sense
2025-08-16T17:29:16Z,78.0,Sense
2025-08-16T17:29:31Z,79.0,Sense
2025-08-16T17:29:36Z,80.0,Sense
2025-08-16T17:29:51Z,80.0,Sense
2025-08-16T17:30:06Z,79.0,Sense
2025-08-16T17:30:21Z,80.0,Sense
2025-08-16T17:30:26Z,78.0,Sense
2025-08-16T17:30:31Z,78.0,Sense
2025-08-16T17:30:41Z,79.0,Sense
2025-08-16T17:30:46Z,78.0,Sense
2025-08-16T17:30:51Z,79.0,Sense
2025-08-16T17:30:56Z,78.0,Sense
2025-08-16T17:31:01Z,78.0,Sense
2025-08-16T17:31:16Z,86.0,Sense
2025-08-16T17:31:26Z,87.0,Sense
2025-08-16T17:31:36Z,91.0,Sense
2025-08-16T17:31:41Z,89.0,Sense
2025-08-16T17:31:46Z,88.0,Sense
2025-08-16T17:31:56Z,87.0,Sense
2025-08-16T17:32:06Z,85.0,Sense
2025-08-16T17:32:21Z,85.0,Sense
2025-08-16T17:32:31Z,83.0,Sense
2025-08-16T17:32:36Z,82.0,Sense
2025-08-16T17:32:46Z,83.0,Sense
2025-08-16T17:32:51Z,82.0,Sense
2025-08-16T17:32:56Z,81.0,Sense
2025-08-16T17:33:01Z,80.0,Sense
2025-08-16T17:33:11Z,79.0,Sense
2025-08-16T17:33:26Z,79.0,Sense
2025-08-16T17:33:36Z,81.0,Sense
2025-08-16T17:33:41Z,91.0,Sense
2025-08-16T17:33:46Z,92.0,Sense
2025-08-16T17:33:51Z,90.0,Sense
2025-08-16T17:34:01Z,88.0,Sense
2025-08-16T17:34:06Z,87.0,Sense
2025-08-16T17:34:11Z,87.0,Sense
2025-08-16T17:34:16Z,86.0,Sense
2025-08-16T17:34:21Z,85.0,Sense
2025-08-16T17:34:31Z,84.0,Sense
2025-08-16T17:34:41Z,85.0,Sense
2025-08-16T17:34:56Z,86.0,Sense
2025-08-16T17:35:01Z,87.0,Sense
2025-08-16T17:35:06Z,86.0,Sense
2025-08-16T17:35:16Z,84.0,Sense
2025-08-16T17:35:21Z,83.0,Sense
2025-08-16T17:35:26Z,81.0,Sense
2025-08-16T17:35:31Z,80.0,Sense
2025-08-16T17:35:36Z,79.0,Sense
2025-08-16T17:35:46Z,76.0,Sense
2025-08-16T17:35:51Z,73.0,Sense
2025-08-16T17:35:56Z,74.0,Sense
2025-08-16T17:36:11Z,75.0,Sense
2025-08-16T17:36:16Z,76.0,Sense
2025-08-16T17:36:31Z,78.0,Sense
2025-08-16T17:36:46Z,78.0,Sense
2025-08-16T17:37:01Z,78.0,Sense
2025-08-16T17:37:16Z,78.0,Sense
2025-08-16T17:37:21Z,79.0,Sense
2025-08-16T17:37:26Z,77.0,Sense
2025-08-16T17:37:31Z,74.0,Sense
2025-08-16T17:37:36Z,75.0,Sense
2025-08-16T17:37:51Z,75.0,Sense
2025-08-16T17:38:01Z,74.0,Sense
2025-08-16T17:38:06Z,75.0,Sense
2025-08-16T17:38:16Z,77.0,Sense
2025-08-16T17:38:21Z,78.0,Sense
2025-08-16T17:38:26Z,79.0,Sense
2025-08-16T17:38:36Z,80.0,Sense
2025-08-16T17:38:46Z,80.0,Sense
2025-08-16T17:38:51Z,81.0,Sense
2025-08-16T17:38:56Z,81.0,Sense
2025-08-16T17:39:06Z,101.0,Sense
2025-08-16T17:39:11Z,102.0,Sense
2025-08-16T17:39:16Z,103.0,Sense
2025-08-16T17:39:21Z,94.0,Sense
2025-08-16T17:39:26Z,88.0,Sense
2025-08-16T17:39:41Z,88.0,Sense
2025-08-16T17:39:46Z,88.0,Sense
2025-08-16T17:39:51Z,87.0,Sense
2025-08-16T17:39:56Z,86.0,Sense
2025-08-16T17:40:06Z,87.0,Sense
2025-08-16T17:40:11Z,88.0,Sense
2025-08-16T17:40:16Z,87.0,Sense
2025-08-16T17:40:21Z,86.0,Sense
2025-08-16T17:40:31Z,85.0,Sense
2025-08-16T17:40:36Z,77.0,Sense
2025-08-16T17:40:41Z,75.0,Sense
2025-08-16T17:40:56Z,75.0,Sense
2025-08-16T17:41:01Z,86.0,Sense
2025-08-16T17:41:06Z,87.0,Sense
2025-08-16T17:41:17Z,87.0,Sense
2025-08-16T17:41:32Z,86.0,Sense
2025-08-16T17:41:37Z,85.0,Sense
2025-08-16T17:41:42Z,84.0,Sense
2025-08-16T17:41:47Z,83.0,Sense
2025-08-16T17:41:52Z,83.0,Sense
2025-08-16T17:42:02Z,81.0,Sense
2025-08-16T17:42:07Z,78.0,Sense
2025-08-16T17:42:22Z,78.0,Sense
2025-08-16T17:42:27Z,79.0,Sense
2025-08-16T17:42:42Z,79.0,Sense
2025-08-16T17:42:47Z,78.0,Sense
2025-08-16T17:42:52Z,78.0,Sense
2025-08-16T17:43:07Z,78.0,Sense
2025-08-16T17:43:12Z,77.0,Sense
2025-08-16T17:43:17Z,78.0,Sense
2025-08-16T17:43:22Z,79.0,Sense
2025-08-16T17:43:27Z,80.0,Sense
2025-08-16T17:43:42Z,80.0,Sense
2025-08-16T17:43:47Z,79.0,Sense
2025-08-16T17:44:02Z,78.0,Sense
2025-08-16T17:44:07Z,76.0,Sense
2025-08-16T17:44:12Z,73.0,Sense
2025-08-16T17:44:27Z,74.0,Sense
2025-08-16T17:44:37Z,80.0,Sense
2025-08-16T17:44:42Z,79.0,Sense
2025-08-16T17:44:47Z,71.0,Sense
2025-08-16T17:44:52Z,71.0,Sense
2025-08-16T17:44:57Z,72.0,Sense
2025-08-16T17:45:02Z,78.0,Sense
2025-08-16T17:45:17Z,78.0,Sense
2025-08-16T17:45:22Z,79.0,Sense
2025-08-16T17:45:27Z,80.0,Sense
2025-08-16T17:45:32Z,79.0,Sense
2025-08-16T17:45:42Z,80.0,Sense
2025-08-16T17:45:57Z,80.0,Sense
2025-08-16T17:46:07Z,81.0,Sense
2025-08-16T17:46:17Z,80.0,Sense
2025-08-16T17:46:32Z,79.0,Sense
2025-08-16T17:46:37Z,78.0,Sense
2025-08-16T17:46:52Z,79.0,Sense
2025-08-16T17:47:02Z,80.0,Sense
2025-08-16T17:47:12Z,87.0,Sense
2025-08-16T17:47:17Z,90.0,Sense
2025-08-16T17:47:32Z,90.0,Sense
2025-08-16T17:47:37Z,89.0,Sense
2025-08-16T17:47:42Z,88.0,Sense
2025-08-16T17:47:47Z,88.0,Sense
2025-08-16T17:47:57Z,87.0,Sense
2025-08-16T17:48:07Z,86.0,Sense
2025-08-16T17:48:12Z,85.0,Sense
2025-08-16T17:48:17Z,86.0,Sense
2025-08-16T17:48:22Z,84.0,Sense
2025-08-16T17:48:27Z,83.0,Sense
2025-08-16T17:48:32Z,83.0,Sense
2025-08-16T17:48:37Z,84.0,Sense
2025-08-16T17:48:47Z,85.0,Sense
2025-08-16T17:48:57Z,87.0,Sense
2025-08-16T17:49:02Z,88.0,Sense
2025-08-16T17:49:07Z,79.0,Sense
2025-08-16T17:49:12Z,73.0,Sense
2025-08-16T17:49:17Z,74.0,Sense
2025-08-16T17:49:32Z,74.0,Sense
2025-08-16T17:49:37Z,75.0,Sense
2025-08-16T17:49:42Z,76.0,Sense
2025-08-16T17:49:57Z,76.0,Sense
2025-08-16T17:50:02Z,77.0,Sense
2025-08-16T17:50:12Z,78.0,Sense
2025-08-16T17:50:17Z,80.0,Sense
2025-08-16T17:50:22Z,79.0,Sense
2025-08-16T17:50:27Z,80.0,Sense
2025-08-16T17:50:32Z,79.0,Sense
2025-08-16T17:50:47Z,80.0,Sense
2025-08-16T17:50:52Z,79.0,Sense
2025-08-16T17:50:57Z,80.0,Sense
2025-08-16T17:51:03Z,79.0,Sense
2025-08-16T17:51:18Z,80.0,Sense
2025-08-16T17:51:23Z,82.0,Sense
2025-08-16T17:51:38Z,82.0,Sense
2025-08-16T17:51:43Z,81.0,Sense
2025-08-16T17:51:48Z,80.0,Sense
2025-08-16T17:52:03Z,80.0,Sense
2025-08-16T17:52:18Z,80.0,Sense
2025-08-16T17:52:23Z,81.0,Sense
2025-08-16T17:52:33Z,82.0,Sense
2025-08-16T17:52:38Z,85.0,Sense
2025-08-16T17:52:43Z,85.0,Sense
2025-08-16T17:52:53Z,84.0,Sense
2025-08-16T17:53:03Z,83.0,Sense
2025-08-16T17:53:13Z,82.0,Sense
2025-08-16T17:53:18Z,81.0,Sense
2025-08-16T17:53:23Z,82.0,Sense
2025-08-16T17:53:33Z,83.0,Sense
2025-08-16T17:53:38Z,85.0,Sense
2025-08-16T17:53:43Z,87.0,Sense
2025-08-16T17:53:53Z,84.0,Sense
2025-08-16T17:53:58Z,75.0,Sense
2025-08-16T17:54:08Z,82.0,Sense
2025-08-16T17:54:18Z,81.0,Sense
2025-08-16T17:54:33Z,81.0,Sense
2025-08-16T17:54:43Z,80.0,Sense
2025-08-16T17:54:48Z,80.0,Sense
2025-08-16T17:54:58Z,81.0,Sense
2025-08-16T17:55:13Z,82.0,Sense
2025-08-16T17:55:18Z,83.0,Sense
2025-08-16T17:55:23Z,82.0,Sense
2025-08-16T17:55:28Z,81.0,Sense
2025-08-16T17:55:38Z,79.0,Sense
2025-08-16T17:55:43Z,73.0,Sense
2025-08-16T17:55:53Z,74.0,Sense
2025-08-16T17:55:58Z,75.0,Sense
2025-08-16T17:56:03Z,74.0,Sense
2025-08-16T17:56:08Z,75.0,Sense
2025-08-16T17:56:13Z,75.0,Sense
2025-08-16T17:56:23Z,76.0,Sense
2025-08-16T17:56:28Z,77.0,Sense
2025-08-16T17:56:43Z,77.0,Sense
2025-08-16T17:56:53Z,76.0,Sense
2025-08-16T17:57:08Z,77.0,Sense
2025-08-16T17:57:18Z,76.0,Sense
2025-08-16T17:57:23Z,74.0,Sense
2025-08-16T17:57:38Z,75.0,Sense
2025-08-16T17:57:43Z,76.0,Sense
2025-08-16T17:57:48Z,82.0,Sense
2025-08-16T17:57:53Z,84.0,Sense
2025-08-16T17:57:58Z,83.0,Sense
2025-08-16T17:58:08Z,83.0,Sense
2025-08-16T17:58:13Z,80.0,Sense
2025-08-16T17:58:18Z,82.0,Sense
2025-08-16T17:58:23Z,81.0,Sense
2025-08-16T17:58:28Z,80.0,Sense
2025-08-16T17:58:38Z,81.0,Sense
2025-08-16T17:58:43Z,82.0,Sense
2025-08-16T17:58:48Z,91.0,Sense
2025-08-16T17:58:53Z,90.0,Sense
2025-08-16T17:58:58Z,97.0,Sense
2025-08-16T17:59:03Z,99.0,Sense
2025-08-16T17:59:13Z,98.0,Sense
2025-08-16T17:59:18Z,97.0,Sense
2025-08-16T17:59:23Z,97.0,Sense
2025-08-16T17:59:38Z,96.0,Sense
2025-08-16T17:59:43Z,95.0,Sense
2025-08-16T17:59:48Z,94.0,Sense
2025-08-16T17:59:53Z,91.0,Sense
2025-08-16T17:59:58Z,88.0,Sense
2025-08-16T18:00:03Z,80.0,Sense
2025-08-16T18:00:18Z,81.0,Sense
2025-08-16T18:00:33Z,82.0,Sense
2025-08-16T18:00:38Z,80.0,Sense
2025-08-16T18:00:43Z,79.0,Sense
2025-08-16T18:00:53Z,80.0,Sense
2025-08-16T18:01:08Z,80.0,Sense
2025-08-16T18:01:13Z,80.0,Sense
2025-08-16T18:01:18Z,81.0,Sense
2025-08-16T18:01:23Z,81.0,Sense
2025-08-16T18:01:33Z,82.0,Sense
2025-08-16T18:01:38Z,85.0,Sense
2025-08-16T18:01:43Z,94.0,Sense
2025-08-16T18:01:58Z,94.0,Sense
2025-08-16T18:02:03Z,93.0,Sense
2025-08-16T18:02:08Z,93.0,Sense
2025-08-16T18:02:23Z,92.0,Sense
2025-08-16T18:02:33Z,91.0,Sense
2025-08-16T18:02:38Z,90.0,Sense
2025-08-16T18:02:43Z,89.0,Sense
2025-08-16T18:02:48Z,93.0,Sense
2025-08-16T18:03:03Z,93.0,Sense
2025-08-16T18:03:08Z,94.0,Sense
2025-08-16T18:03:13Z,87.0,Sense
2025-08-16T18:03:18Z,84.0,Sense
2025-08-16T18:03:33Z,85.0,Sense
2025-08-16T18:03:48Z,86.0,Sense
2025-08-16T18:04:03Z,86.0,Sense
2025-08-16T18:04:13Z,87.0,Sense
2025-08-16T18:04:18Z,86.0,Sense
2025-08-16T18:04:28Z,89.0,Sense
2025-08-16T18:04:33Z,95.0,Sense
2025-08-16T18:04:38Z,94.0,Sense
2025-08-16T18:04:43Z,96.0,Sense
2025-08-16T18:04:58Z,95.0,Sense
2025-08-16T18:05:03Z,94.0,Sense
2025-08-16T18:05:18Z,94.0,Sense
2025-08-16T18:05:33Z,93.0,Sense
2025-08-16T18:05:38Z,91.0,Sense
2025-08-16T18:05:43Z,87.0,Sense
2025-08-16T18:05:53Z,86.0,Sense
2025-08-16T18:06:03Z,86.0,Sense
2025-08-16T18:06:18Z,86.0,Sense
2025-08-16T18:06:33Z,86.0,Sense
2025-08-16T18:06:48Z,86.0,Sense
2025-08-16T18:06:58Z,87.0,Sense
2025-08-16T18:07:03Z,88.0,Sense
2025-08-16T18:07:18Z,88.0,Sense
2025-08-16T18:07:23Z,93.0,Sense
2025-08-16T18:07:28Z,95.0,Sense
2025-08-16T18:07:38Z,94.0,Sense
2025-08-16T18:07:43Z,87.0,Sense
2025-08-16T18:07:48Z,86.0,Sense
2025-08-16T18:07:53Z,87.0,Sense
2025-08-16T18:07:58Z,86.0,Sense
2025-08-16T18:08:03Z,89.0,Sense
2025-08-16T18:08:08Z,95.0,Sense
2025-08-16T18:08:13Z,92.0,Sense
2025-08-16T18:08:18Z,89.0,Sense
2025-08-16T18:08:28Z,90.0,Sense
2025-08-16T18:08:38Z,89.0,Sense
2025-08-16T18:08:43Z,95.0,Sense
2025-08-16T18:08:48Z,109.0,Sense
2025-08-16T18:08:53Z,107.0,Sense
2025-08-16T18:08:58Z,105.0,Sense
2025-08-16T18:09:03Z,104.0,Sense
2025-08-16T18:09:08Z,103.0,Sense
2025-08-16T18:09:13Z,102.0,Sense
2025-08-16T18:09:18Z,100.0,Sense
2025-08-16T18:09:25Z,98.0,Sense
2025-08-16T18:09:30Z,92.0,Sense
2025-08-16T18:09:35Z,83.0,Sense
2025-08-16T18:09:40Z,81.0,Sense
2025-08-16T18:09:45Z,82.0,Sense
2025-08-16T18:10:00Z,82.0,Sense
2025-08-16T18:10:05Z,85.0,Sense
2025-08-16T18:10:10Z,93.0,Sense
2025-08-16T18:10:15Z,95.0,Sense
2025-08-16T18:10:30Z,94.0,Sense
2025-08-16T18:10:35Z,93.0,Sense
2025-08-16T18:10:40Z,93.0,Sense
2025-08-16T18:10:50Z,92.0,Sense
2025-08-16T18:11:00Z,91.0,Sense
2025-08-16T18:11:05Z,90.0,Sense
2025-08-16T18:11:10Z,91.0,Sense
2025-08-16T18:11:15Z,89.0,Sense
2025-08-16T18:11:20Z,90.0,Sense
2025-08-16T18:11:25Z,98.0,Sense
2025-08-16T18:11:30Z,97.0,Sense
2025-08-16T18:11:35Z,96.0,Sense
2025-08-16T18:11:40Z,92.0,Sense
2025-08-16T18:11:45Z,81.0,Sense
2025-08-16T18:11:50Z,81.0,Sense
2025-08-16T18:12:05Z,81.0,Sense
2025-08-16T18:12:20Z,84.0,Sense
2025-08-16T18:12:25Z,85.0,Sense
2025-08-16T18:12:40Z,85.0,Sense
2025-08-16T18:12:45Z,85.0,Sense
2025-08-16T18:13:00Z,85.0,Sense
2025-08-16T18:13:05Z,85.0,Sense
2025-08-16T18:13:15Z,86.0,Sense
2025-08-16T18:13:25Z,85.0,Sense
2025-08-16T18:13:30Z,84.0,Sense
2025-08-16T18:13:40Z,83.0,Sense
2025-08-16T18:13:55Z,84.0,Sense
2025-08-16T18:14:00Z,83.0,Sense
2025-08-16T18:14:10Z,89.0,Sense
2025-08-16T18:14:25Z,89.0,Sense
2025-08-16T18:14:40Z,89.0,Sense
2025-08-16T18:14:50Z,88.0,Sense
2025-08-16T18:14:55Z,87.0,Sense
2025-08-16T18:15:00Z,86.0,Sense
2025-08-16T18:15:05Z,85.0,Sense
2025-08-16T18:15:15Z,86.0,Sense
2025-08-16T18:15:20Z,85.0,Sense
2025-08-16T18:15:25Z,86.0,Sense
2025-08-16T18:15:30Z,87.0,Sense
2025-08-16T18:15:41Z,88.0,Sense
2025-08-16T18:15:56Z,88.0,Sense
2025-08-16T18:16:11Z,88.0,Sense
2025-08-16T18:16:16Z,82.0,Sense
2025-08-16T18:16:21Z,81.0,Sense
2025-08-16T18:16:36Z,81.0,Sense
2025-08-16T18:16:46Z,79.0,Sense
2025-08-16T18:16:56Z,80.0,Sense
2025-08-16T18:17:06Z,81.0,Sense
2025-08-16T18:17:11Z,80.0,Sense
2025-08-16T18:17:21Z,78.0,Sense
2025-08-16T18:17:26Z,76.0,Sense
2025-08-16T18:17:31Z,77.0,Sense
2025-08-16T18:17:41Z,79.0,Sense
2025-08-16T18:17:51Z,81.0,Sense
2025-08-16T18:17:56Z,83.0,Sense
2025-08-16T18:18:11Z,84.0,Sense
2025-08-16T18:18:16Z,85.0,Sense
2025-08-16T18:18:21Z,86.0,Sense
2025-08-16T18:18:31Z,87.0,Sense
2025-08-16T18:18:36Z,86.0,Sense
2025-08-16T18:18:46Z,85.0,Sense
2025-08-16T18:18:51Z,85.0,Sense
2025-08-16T18:18:56Z,86.0,Sense
2025-08-16T18:19:01Z,82.0,Sense
2025-08-16T18:19:06Z,81.0,Sense
2025-08-16T18:19:21Z,81.0,Sense
2025-08-16T18:19:26Z,82.0,Sense
2025-08-16T18:19:31Z,83.0,Sense
2025-08-16T18:19:46Z,88.0,Sense
2025-08-16T18:19:51Z,89.0,Sense
2025-08-16T18:20:06Z,88.0,Sense
2025-08-16T18:20:16Z,89.0,Sense
2025-08-16T18:20:21Z,89.0,Sense
2025-08-16T18:20:31Z,90.0,Sense
2025-08-16T18:20:36Z,89.0,Sense
2025-08-16T18:20:46Z,88.0,Sense
2025-08-16T18:20:56Z,87.0,Sense
2025-08-16T18:21:11Z,87.0,Sense
2025-08-16T18:21:32Z,86.0,Sense
2025-08-16T18:21:42Z,88.0,Sense
2025-08-16T18:21:47Z,89.0,Sense
2025-08-16T18:22:02Z,88.0,Sense
2025-08-16T18:22:12Z,89.0,Sense
2025-08-16T18:22:22Z,88.0,Sense
2025-08-16T18:22:27Z,87.0,Sense
2025-08-16T18:22:42Z,87.0,Sense
2025-08-16T18:22:47Z,88.0,Sense
2025-08-16T18:22:52Z,87.0,Sense
2025-08-16T18:23:02Z,88.0,Sense
2025-08-16T18:23:07Z,87.0,Sense
2025-08-16T18:23:12Z,86.0,Sense
2025-08-16T18:23:17Z,87.0,Sense
2025-08-16T18:23:32Z,87.0,Sense
2025-08-16T18:23:37Z,88.0,Sense
2025-08-16T18:23:42Z,93.0,Sense
2025-08-16T18:23:57Z,93.0,Sense
2025-08-16T18:24:02Z,92.0,Sense
2025-08-16T18:24:07Z,92.0,Sense
2025-08-16T18:24:12Z,91.0,Sense
2025-08-16T18:24:17Z,84.0,Sense
2025-08-16T18:24:22Z,83.0,Sense
2025-08-16T18:24:27Z,91.0,Sense
2025-08-16T18:24:32Z,93.0,Sense
2025-08-16T18:24:42Z,92.0,Sense
2025-08-16T18:24:47Z,92.0,Sense
2025-08-16T18:24:52Z,94.0,Sense
2025-08-16T18:24:57Z,93.0,Sense
2025-08-16T18:25:07Z,92.0,Sense
2025-08-16T18:25:13Z,91.0,Sense
2025-08-16T18:25:18Z,90.0,Sense
2025-08-16T18:25:23Z,89.0,Sense
2025-08-16T18:25:33Z,90.0,Sense
2025-08-16T18:25:38Z,91.0,Sense
2025-08-16T18:25:48Z,90.0,Sense
2025-08-16T18:25:53Z,89.0,Sense
2025-08-16T18:26:03Z,90.0,Sense
2025-08-16T18:26:13Z,89.0,Sense
2025-08-16T18:26:18Z,83.0,Sense
2025-08-16T18:26:23Z,82.0,Sense
2025-08-16T18:26:38Z,82.0,Sense
2025-08-16T18:26:53Z,82.0,Sense
2025-08-16T18:26:58Z,78.0,Sense
2025-08-16T18:27:08Z,79.0,Sense
2025-08-16T18:27:23Z,84.0,Sense
2025-08-16T18:27:28Z,89.0,Sense
2025-08-16T18:27:43Z,90.0,Sense
2025-08-16T18:27:53Z,100.0,Sense
2025-08-16T18:27:58Z,126.0,Sense
2025-08-16T18:28:03Z,125.0,Sense
2025-08-16T18:28:13Z,124.0,Sense
2025-08-16T18:28:18Z,121.0,Sense
2025-08-16T18:28:23Z,116.0,Sense
2025-08-16T18:28:28Z,110.0,Sense
2025-08-16T18:28:33Z,106.0,Sense
2025-08-16T18:28:38Z,103.0,Sense
2025-08-16T18:28:43Z,101.0,Sense
2025-08-16T18:28:48Z,98.0,Sense
2025-08-16T18:28:53Z,97.0,Sense
2025-08-16T18:29:03Z,96.0,Sense
2025-08-16T18:29:08Z,107.0,Sense
2025-08-16T18:29:13Z,105.0,Sense
2025-08-16T18:29:18Z,101.0,Sense
2025-08-16T18:29:28Z,99.0,Sense
2025-08-16T18:29:33Z,99.0,Sense
2025-08-16T18:29:38Z,97.0,Sense
2025-08-16T18:29:43Z,98.0,Sense
2025-08-16T18:29:48Z,96.0,Sense
2025-08-16T18:29:58Z,94.0,Sense
2025-08-16T18:30:03Z,92.0,Sense
2025-08-16T18:30:08Z,90.0,Sense
2025-08-16T18:30:18Z,91.0,Sense
2025-08-16T18:30:23Z,92.0,Sense
2025-08-16T18:30:28Z,93.0,Sense
2025-08-16T18:30:38Z,92.0,Sense
2025-08-16T18:30:48Z,93.0,Sense
2025-08-16T18:30:53Z,94.0,Sense
2025-08-16T18:31:03Z,93.0,Sense
2025-08-16T18:31:08Z,92.0,Sense
2025-08-16T18:31:13Z,94.0,Sense
2025-08-16T18:31:18Z,96.0,Sense
2025-08-16T18:31:33Z,96.0,Sense
2025-08-16T18:31:43Z,95.0,Sense
2025-08-16T18:31:53Z,96.0,Sense
2025-08-16T18:32:08Z,95.0,Sense
2025-08-16T18:32:23Z,94.0,Sense
2025-08-16T18:32:28Z,94.0,Sense
2025-08-16T18:32:38Z,93.0,Sense
2025-08-16T18:32:53Z,86.0,Sense
2025-08-16T18:33:08Z,86.0,Sense
2025-08-16T18:33:13Z,87.0,Sense
2025-08-16T18:33:18Z,87.0,Sense
2025-08-16T18:33:33Z,88.0,Sense
2025-08-16T18:33:38Z,89.0,Sense
2025-08-16T18:33:53Z,90.0,Sense
2025-08-16T18:34:08Z,93.0,Sense
2025-08-16T18:34:18Z,92.0,Sense
2025-08-16T18:34:28Z,93.0,Sense
2025-08-16T18:34:38Z,93.0,Sense
2025-08-16T18:34:43Z,92.0,Sense
2025-08-16T18:34:48Z,93.0,Sense
2025-08-16T18:34:53Z,94.0,Sense
2025-08-16T18:35:08Z,94.0,Sense
2025-08-16T18:35:23Z,96.0,Sense
2025-08-16T18:35:28Z,95.0,Sense
2025-08-16T18:35:33Z,90.0,Sense
2025-08-16T18:35:48Z,90.0,Sense
2025-08-16T18:35:53Z,92.0,Sense
2025-08-16T18:36:08Z,93.0,Sense
2025-08-16T18:36:13Z,91.0,Sense
2025-08-16T18:36:18Z,92.0,Sense
2025-08-16T18:36:28Z,91.0,Sense
2025-08-16T18:36:33Z,90.0,Sense
2025-08-16T18:36:38Z,91.0,Sense
2025-08-16T18:36:43Z,92.0,Sense
2025-08-16T18:36:48Z,95.0,Sense
2025-08-16T18:36:53Z,101.0,Sense
2025-08-16T18:37:03Z,100.0,Sense
2025-08-16T18:37:18Z,98.0,Sense
2025-08-16T18:37:23Z,97.0,Sense
2025-08-16T18:37:28Z,96.0,Sense
2025-08-16T18:37:33Z,93.0,Sense
2025-08-16T18:37:38Z,91.0,Sense
2025-08-16T18:37:43Z,90.0,Sense
2025-08-16T18:37:58Z,90.0,Sense
2025-08-16T18:38:08Z,91.0,Sense
2025-08-16T18:38:13Z,92.0,Sense
2025-08-16T18:38:18Z,92.0,Sense
2025-08-16T18:38:23Z,89.0,Sense
2025-08-16T18:38:28Z,83.0,Sense
2025-08-16T18:38:33Z,86.0,Sense
2025-08-16T18:38:38Z,87.0,Sense
2025-08-16T18:38:43Z,87.0,Sense
2025-08-16T18:38:53Z,88.0,Sense
2025-08-16T18:39:03Z,88.0,Sense
2025-08-16T18:39:13Z,90.0,Sense
2025-08-16T18:39:18Z,91.0,Sense
2025-08-16T18:39:23Z,96.0,Sense
2025-08-16T18:39:38Z,95.0,Sense
2025-08-16T18:39:48Z,95.0,Sense
2025-08-16T18:39:53Z,94.0,Sense
2025-08-16T18:39:58Z,95.0,Sense
2025-08-16T18:40:03Z,96.0,Sense
2025-08-16T18:40:08Z,95.0,Sense
2025-08-16T18:40:13Z,94.0,Sense
2025-08-16T18:40:18Z,91.0,Sense
2025-08-16T18:40:23Z,90.0,Sense
2025-08-16T18:40:33Z,91.0,Sense
2025-08-16T18:40:38Z,91.0,Sense
2025-08-16T18:40:53Z,91.0,Sense
2025-08-16T18:40:58Z,92.0,Sense
2025-08-16T18:41:03Z,95.0,Sense
2025-08-16T18:41:18Z,95.0,Sense
2025-08-16T18:41:23Z,98.0,Sense
2025-08-16T18:41:28Z,92.0,Sense
2025-08-16T18:41:38Z,101.0,Sense
2025-08-16T18:41:43Z,99.0,Sense
2025-08-16T18:41:48Z,97.0,Sense
2025-08-16T18:41:53Z,96.0,Sense
2025-08-16T18:41:58Z,94.0,Sense
2025-08-16T18:42:08Z,95.0,Sense
2025-08-16T18:42:13Z,93.0,Sense
2025-08-16T18:42:18Z,92.0,Sense
2025-08-16T18:42:28Z,93.0,Sense
2025-08-16T18:42:38Z,94.0,Sense
2025-08-16T18:42:48Z,93.0,Sense
2025-08-16T18:42:53Z,90.0,Sense
2025-08-16T18:43:08Z,91.0,Sense
2025-08-16T18:43:23Z,92.0,Sense
2025-08-16T18:43:33Z,93.0,Sense
2025-08-16T18:43:38Z,92.0,Sense
2025-08-16T18:43:43Z,91.0,Sense
2025-08-16T18:43:48Z,90.0,Sense
2025-08-16T18:43:53Z,94.0,Sense
2025-08-16T18:43:58Z,108.0,Sense
2025-08-16T18:44:03Z,114.0,Sense
2025-08-16T18:44:13Z,113.0,Sense
2025-08-16T18:44:18Z,110.0,Sense
2025-08-16T18:44:23Z,108.0,Sense
2025-08-16T18:44:28Z,105.0,Sense
2025-08-16T18:44:33Z,103.0,Sense
2025-08-16T18:44:38Z,102.0,Sense
2025-08-16T18:44:48Z,100.0,Sense
2025-08-16T18:44:58Z,101.0,Sense
2025-08-16T18:45:03Z,101.0,Sense
2025-08-16T18:45:08Z,100.0,Sense
2025-08-16T18:45:13Z,99.0,Sense
2025-08-16T18:45:18Z,116.0,Sense
2025-08-16T18:45:23Z,128.0,Sense
2025-08-16T18:45:33Z,126.0,Sense
2025-08-16T18:45:38Z,128.0,Sense
2025-08-16T18:45:43Z,126.0,Sense
2025-08-16T18:45:48Z,121.0,Sense
2025-08-16T18:45:53Z,117.0,Sense
2025-08-16T18:45:58Z,110.0,Sense
2025-08-16T18:46:03Z,104.0,Sense
2025-08-16T18:46:08Z,102.0,Sense
2025-08-16T18:46:13Z,100.0,Sense
2025-08-16T18:46:18Z,100.0,Sense
2025-08-16T18:46:28Z,97.0,Sense
2025-08-16T18:46:38Z,98.0,Sense
2025-08-16T18:46:43Z,97.0,Sense
2025-08-16T18:46:48Z,95.0,Sense
2025-08-16T18:46:58Z,94.0,Sense
2025-08-16T18:47:03Z,95.0,Sense
2025-08-16T18:47:18Z,96.0,Sense
2025-08-16T18:47:23Z,94.0,Sense
2025-08-16T18:47:28Z,96.0,Sense
2025-08-16T18:47:33Z,96.0,Sense
2025-08-16T18:47:48Z,96.0,Sense
2025-08-16T18:47:58Z,97.0,Sense
2025-08-16T18:48:03Z,96.0,Sense
2025-08-16T18:48:18Z,108.0,Sense
2025-08-16T18:48:33Z,116.0,Sense
2025-08-16T18:48:38Z,135.0,Sense
2025-08-16T18:48:43Z,140.0,Sense
2025-08-16T18:48:48Z,136.0,Sense
2025-08-16T18:48:53Z,133.0,Sense
2025-08-16T18:48:58Z,132.0,Sense
2025-08-16T18:49:03Z,130.0,Sense
2025-08-16T18:49:08Z,127.0,Sense
2025-08-16T18:49:13Z,124.0,Sense
2025-08-16T18:49:18Z,121.0,Sense
2025-08-16T18:49:23Z,118.0,Sense
2025-08-16T18:49:28Z,117.0,Sense
2025-08-16T18:49:38Z,116.0,Sense
2025-08-16T18:49:43Z,115.0,Sense
2025-08-16T18:49:48Z,112.0,Sense
2025-08-16T18:49:53Z,110.0,Sense
2025-08-16T18:50:03Z,109.0,Sense
2025-08-16T18:50:08Z,106.0,Sense
2025-08-16T18:50:13Z,105.0,Sense
2025-08-16T18:50:18Z,102.0,Sense
2025-08-16T18:50:23Z,97.0,Sense
2025-08-16T18:50:28Z,97.0,Sense
2025-08-16T18:50:33Z,98.0,Sense
2025-08-16T18:50:38Z,97.0,Sense
2025-08-16T18:50:43Z,98.0,Sense
2025-08-16T18:50:48Z,101.0,Sense
2025-08-16T18:50:53Z,102.0,Sense
2025-08-16T18:51:08Z,101.0,Sense
2025-08-16T18:51:13Z,99.0,Sense
2025-08-16T18:51:18Z,96.0,Sense
2025-08-16T18:51:23Z,97.0,Sense
2025-08-16T18:51:33Z,99.0,Sense
2025-08-16T18:51:38Z,98.0,Sense
2025-08-16T18:51:43Z,97.0,Sense
2025-08-16T18:51:48Z,96.0,Sense
2025-08-16T18:51:53Z,98.0,Sense
2025-08-16T18:51:58Z,99.0,Sense
2025-08-16T18:52:08Z,100.0,Sense
2025-08-16T18:52:13Z,101.0,Sense
2025-08-16T18:52:18Z,104.0,Sense
2025-08-16T18:52:23Z,104.0,Sense
2025-08-16T18:52:38Z,96.0,Sense
2025-08-16T18:52:43Z,87.0,Sense
2025-08-16T18:52:48Z,88.0,Sense
2025-08-16T18:52:53Z,89.0,Sense
2025-08-16T18:52:58Z,90.0,Sense
2025-08-16T18:53:03Z,91.0,Sense
2025-08-16T18:53:08Z,92.0,Sense
2025-08-16T18:53:13Z,93.0,Sense
2025-08-16T18:53:18Z,94.0,Sense
2025-08-16T18:53:23Z,95.0,Sense
2025-08-16T18:53:28Z,98.0,Sense
2025-08-16T18:53:33Z,99.0,Sense
2025-08-16T18:53:38Z,111.0,Sense
2025-08-16T18:53:43Z,114.0,Sense
2025-08-16T18:53:48Z,113.0,Sense
2025-08-16T18:53:53Z,111.0,Sense
2025-08-16T18:53:58Z,110.0,Sense
2025-08-16T18:54:03Z,110.0,Sense
2025-08-16T18:54:13Z,107.0,Sense
2025-08-16T18:54:18Z,103.0,Sense
2025-08-16T18:54:23Z,102.0,Sense
2025-08-16T18:54:33Z,103.0,Sense
2025-08-16T18:54:38Z,100.0,Sense
2025-08-16T18:54:43Z,99.0,Sense
2025-08-16T18:54:48Z,100.0,Sense
2025-08-16T18:54:53Z,101.0,Sense
2025-08-16T18:55:03Z,102.0,Sense
2025-08-16T18:55:08Z,102.0,Sense
2025-08-16T18:55:13Z,103.0,Sense
2025-08-16T18:55:18Z,102.0,Sense
2025-08-16T18:55:23Z,101.0,Sense
2025-08-16T18:55:28Z,107.0,Sense
2025-08-16T18:55:33Z,119.0,Sense
2025-08-16T18:55:38Z,117.0,Sense
2025-08-16T18:55:43Z,116.0,Sense
2025-08-16T18:55:53Z,111.0,Sense
2025-08-16T18:55:58Z,109.0,Sense
2025-08-16T18:56:03Z,103.0,Sense
2025-08-16T18:56:13Z,106.0,Sense
2025-08-16T18:56:18Z,101.0,Sense
2025-08-16T18:56:23Z,99.0,Sense
2025-08-16T18:56:29Z,113.0,Sense
2025-08-16T18:56:34Z,116.0,Sense
2025-08-16T18:56:39Z,119.0,Sense
2025-08-16T18:56:44Z,118.0,Sense
2025-08-16T18:56:49Z,119.0,Sense
2025-08-16T18:56:54Z,120.0,Sense
2025-08-16T18:56:59Z,120.0,Sense
2025-08-16T18:57:04Z,117.0,Sense
2025-08-16T18:57:09Z,114.0,Sense
2025-08-16T18:57:14Z,111.0,Sense
2025-08-16T18:57:19Z,110.0,Sense
2025-08-16T18:57:24Z,121.0,Sense
2025-08-16T18:57:29Z,124.0,Sense
2025-08-16T18:57:34Z,122.0,Sense
2025-08-16T18:57:39Z,138.0,Sense
2025-08-16T18:57:49Z,135.0,Sense
2025-08-16T18:57:54Z,131.0,Sense
2025-08-16T18:57:59Z,127.0,Sense
2025-08-16T18:58:04Z,122.0,Sense
2025-08-16T18:58:09Z,119.0,Sense
2025-08-16T18:58:19Z,120.0,Sense
2025-08-16T18:58:29Z,129.0,Sense
2025-08-16T18:58:34Z,157.0,Sense
2025-08-16T18:58:39Z,163.0,Sense
2025-08-16T18:58:44Z,162.0,Sense
2025-08-16T18:58:49Z,160.0,Sense
2025-08-16T18:58:54Z,159.0,Sense
2025-08-16T18:58:59Z,159.0,Sense
2025-08-16T18:59:04Z,162.0,Sense
2025-08-16T18:59:09Z,161.0,Sense
2025-08-16T18:59:14Z,158.0,Sense
2025-08-16T18:59:19Z,157.0,Sense
2025-08-16T18:59:24Z,155.0,Sense
2025-08-16T18:59:29Z,151.0,Sense
2025-08-16T18:59:34Z,155.0,Sense
2025-08-16T18:59:39Z,157.0,Sense
2025-08-16T18:59:44Z,156.0,Sense
2025-08-16T18:59:59Z,155.0,Sense
2025-08-16T19:00:04Z,165.0,Sense
2025-08-16T19:00:09Z,164.0,Sense
2025-08-16T19:00:14Z,163.0,Sense
2025-08-16T19:00:19Z,162.0,Sense
2025-08-16T19:00:24Z,160.0,Sense
2025-08-16T19:00:29Z,157.0,Sense
2025-08-16T19:00:34Z,152.0,Sense
2025-08-16T19:00:44Z,151.0,Sense
2025-08-16T19:00:49Z,147.0,Sense
2025-08-16T19:00:54Z,143.0,Sense
2025-08-16T19:00:59Z,143.0,Sense
2025-08-16T19:01:04Z,142.0,Sense
2025-08-16T19:01:14Z,140.0,Sense
2025-08-16T19:01:19Z,138.0,Sense
2025-08-16T19:01:24Z,135.0,Sense
2025-08-16T19:01:29Z,130.0,Sense
2025-08-16T19:01:34Z,122.0,Sense
2025-08-16T19:01:39Z,118.0,Sense
2025-08-16T19:01:49Z,148.0,Sense
2025-08-16T19:01:54Z,160.0,Sense
2025-08-16T19:02:09Z,159.0,Sense
2025-08-16T19:02:14Z,156.0,Sense
2025-08-16T19:02:19Z,148.0,Sense
2025-08-16T19:02:24Z,145.0,Sense
2025-08-16T19:02:34Z,143.0,Sense
2025-08-16T19:02:39Z,136.0,Sense
2025-08-16T19:02:44Z,135.0,Sense
2025-08-16T19:02:49Z,135.0,Sense
2025-08-16T19:02:54Z,132.0,Sense
2025-08-16T19:02:59Z,127.0,Sense
2025-08-16T19:03:09Z,125.0,Sense
2025-08-16T19:03:14Z,125.0,Sense
2025-08-16T19:03:19Z,128.0,Sense
2025-08-16T19:03:24Z,131.0,Sense
2025-08-16T19:03:34Z,127.0,Sense
2025-08-16T19:03:39Z,125.0,Sense
2025-08-16T19:03:44Z,122.0,Sense
2025-08-16T19:03:49Z,121.0,Sense
2025-08-16T19:03:54Z,120.0,Sense
2025-08-16T19:04:04Z,113.0,Sense
2025-08-16T19:04:09Z,103.0,Sense
2025-08-16T19:04:24Z,103.0,Sense
2025-08-16T19:04:34Z,104.0,Sense
2025-08-16T19:04:44Z,105.0,Sense
2025-08-16T19:04:49Z,103.0,Sense
2025-08-16T19:04:54Z,101.0,Sense
2025-08-16T19:04:59Z,99.0,Sense
2025-08-16T19:05:04Z,92.0,Sense
2025-08-16T19:05:09Z,87.0,Sense
2025-08-16T19:05:14Z,85.0,Sense
2025-08-16T19:05:19Z,88.0,Sense
2025-08-16T19:05:24Z,108.0,Sense
2025-08-16T19:05:29Z,136.0,Sense
2025-08-16T19:05:34Z,135.0,Sense
2025-08-16T19:05:39Z,134.0,Sense
2025-08-16T19:05:44Z,132.0,Sense
2025-08-16T19:05:49Z,131.0,Sense
2025-08-16T19:05:54Z,127.0,Sense
2025-08-16T19:05:59Z,123.0,Sense
2025-08-16T19:06:04Z,151.0,Sense
2025-08-16T19:06:09Z,149.0,Sense
2025-08-16T19:06:14Z,147.0,Sense
2025-08-16T19:06:19Z,146.0,Sense
2025-08-16T19:06:24Z,143.0,Sense
2025-08-16T19:06:29Z,140.0,Sense
2025-08-16T19:06:34Z,138.0,Sense
2025-08-16T19:06:49Z,137.0,Sense
2025-08-16T19:06:54Z,134.0,Sense
2025-08-16T19:06:59Z,131.0,Sense
2025-08-16T19:07:09Z,126.0,Sense
2025-08-16T19:07:19Z,123.0,Sense
2025-08-16T19:07:24Z,120.0,Sense
2025-08-16T19:07:29Z,118.0,Sense
2025-08-16T19:07:34Z,113.0,Sense
2025-08-16T19:07:39Z,106.0,Sense
2025-08-16T19:07:44Z,96.0,Sense
2025-08-16T19:07:49Z,95.0,Sense
2025-08-16T19:08:04Z,93.0,Sense
2025-08-16T19:08:19Z,93.0,Sense
2025-08-16T19:08:24Z,92.0,Sense
2025-08-16T19:08:39Z,94.0,Sense
2025-08-16T19:08:44Z,95.0,Sense
2025-08-16T19:08:59Z,94.0,Sense
2025-08-16T19:09:04Z,88.0,Sense
2025-08-16T19:09:14Z,81.0,Sense
2025-08-16T19:09:24Z,82.0,Sense
2025-08-16T19:09:29Z,97.0,Sense
2025-08-16T19:09:44Z,108.0,Sense
2025-08-16T19:09:49Z,123.0,Sense
2025-08-16T19:09:59Z,124.0,Sense
2025-08-16T19:10:04Z,126.0,Sense
2025-08-16T19:10:09Z,123.0,Sense
2025-08-16T19:10:14Z,112.0,Sense
2025-08-16T19:10:19Z,106.0,Sense
2025-08-16T19:10:24Z,104.0,Sense
2025-08-16T19:10:29Z,103.0,Sense
2025-08-16T19:10:39Z,103.0,Sense
2025-08-16T19:10:44Z,103.0,Sense
2025-08-16T19:10:54Z,110.0,Sense
2025-08-16T19:10:59Z,122.0,Sense
2025-08-16T19:11:09Z,133.0,Sense
2025-08-16T19:11:14Z,122.0,Sense
2025-08-16T19:11:19Z,117.0,Sense
2025-08-16T19:11:24Z,116.0,Sense
2025-08-16T19:11:29Z,115.0,Sense
2025-08-16T19:11:34Z,114.0,Sense
2025-08-16T19:11:39Z,113.0,Sense
2025-08-16T19:11:44Z,109.0,Sense
2025-08-16T19:11:49Z,105.0,Sense
2025-08-16T19:11:54Z,106.0,Sense
2025-08-16T19:11:59Z,103.0,Sense
2025-08-16T19:12:04Z,100.0,Sense
2025-08-16T19:12:09Z,99.0,Sense
2025-08-16T19:12:14Z,92.0,Sense
2025-08-16T19:12:19Z,89.0,Sense
2025-08-16T19:12:29Z,94.0,Sense
2025-08-16T19:12:34Z,122.0,Sense
2025-08-16T19:12:39Z,121.0,Sense
2025-08-16T19:12:44Z,121.0,Sense
2025-08-16T19:12:54Z,115.0,Sense
2025-08-16T19:12:59Z,111.0,Sense
2025-08-16T19:13:04Z,114.0,Sense
2025-08-16T19:13:09Z,119.0,Sense
2025-08-16T19:13:14Z,126.0,Sense
2025-08-16T19:13:19Z,128.0,Sense
2025-08-16T19:13:24Z,127.0,Sense
2025-08-16T19:13:29Z,126.0,Sense
2025-08-16T19:13:34Z,123.0,Sense
2025-08-16T19:13:39Z,114.0,Sense
2025-08-16T19:13:44Z,113.0,Sense
2025-08-16T19:13:59Z,112.0,Sense
2025-08-16T19:14:04Z,108.0,Sense
2025-08-16T19:14:09Z,105.0,Sense
2025-08-16T19:14:14Z,118.0,Sense
2025-08-16T19:14:29Z,118.0,Sense
2025-08-16T19:14:34Z,119.0,Sense
2025-08-16T19:14:39Z,117.0,Sense
2025-08-16T19:14:54Z,117.0,Sense
2025-08-16T19:14:59Z,118.0,Sense
2025-08-16T19:15:04Z,115.0,Sense
2025-08-16T19:15:09Z,115.0,Sense
2025-08-16T19:15:14Z,116.0,Sense
2025-08-16T19:15:19Z,120.0,Sense
2025-08-16T19:15:24Z,126.0,Sense
2025-08-16T19:15:29Z,125.0,Sense
2025-08-16T19:15:34Z,117.0,Sense
2025-08-16T19:15:39Z,112.0,Sense
2025-08-16T19:15:44Z,101.0,Sense
2025-08-16T19:15:49Z,100.0,Sense
2025-08-16T19:15:59Z,99.0,Sense
2025-08-16T19:16:04Z,98.0,Sense
2025-08-16T19:16:09Z,93.0,Sense
2025-08-16T19:16:14Z,91.0,Sense
2025-08-16T19:16:29Z,90.0,Sense
2025-08-16T19:16:34Z,84.0,Sense
2025-08-16T19:16:39Z,79.0,Sense
2025-08-16T19:16:49Z,82.0,Sense
2025-08-16T19:16:54Z,92.0,Sense
2025-08-16T19:16:59Z,99.0,Sense
2025-08-16T19:17:04Z,119.0,Sense
2025-08-16T19:17:09Z,130.0,Sense
2025-08-16T19:17:14Z,129.0,Sense
2025-08-16T19:17:19Z,131.0,Sense
2025-08-16T19:17:24Z,129.0,Sense
2025-08-16T19:17:29Z,128.0,Sense
2025-08-16T19:17:34Z,156.0,Sense
2025-08-16T19:17:39Z,158.0,Sense
2025-08-16T19:17:44Z,160.0,Sense
2025-08-16T19:17:49Z,159.0,Sense
2025-08-16T19:17:54Z,158.0,Sense
2025-08-16T19:17:59Z,158.0,Sense
2025-08-16T19:18:04Z,159.0,Sense
2025-08-16T19:18:09Z,162.0,Sense
2025-08-16T19:18:19Z,159.0,Sense
2025-08-16T19:18:24Z,158.0,Sense
2025-08-16T19:18:29Z,156.0,Sense
2025-08-16T19:18:34Z,155.0,Sense
2025-08-16T19:18:39Z,154.0,Sense
2025-08-16T19:18:44Z,152.0,Sense
2025-08-16T19:18:49Z,150.0,Sense
2025-08-16T19:18:54Z,147.0,Sense
2025-08-16T19:18:59Z,145.0,Sense
2025-08-16T19:19:04Z,143.0,Sense
2025-08-16T19:19:14Z,144.0,Sense
2025-08-16T19:19:19Z,139.0,Sense
2025-08-16T19:19:24Z,136.0,Sense
2025-08-16T19:19:29Z,135.0,Sense
2025-08-16T19:19:39Z,133.0,Sense
2025-08-16T19:19:49Z,128.0,Sense
2025-08-16T19:19:54Z,125.0,Sense
2025-08-16T19:19:59Z,124.0,Sense
2025-08-16T19:20:04Z,126.0,Sense
2025-08-16T19:20:09Z,127.0,Sense
2025-08-16T19:20:14Z,125.0,Sense
2025-08-16T19:20:24Z,120.0,Sense
2025-08-16T19:20:29Z,118.0,Sense
2025-08-16T19:20:34Z,119.0,Sense
2025-08-16T19:20:44Z,118.0,Sense
2025-08-16T19:20:49Z,113.0,Sense
2025-08-16T19:20:54Z,106.0,Sense
2025-08-16T19:20:59Z,122.0,Sense
2025-08-16T19:21:04Z,127.0,Sense
2025-08-16T19:21:09Z,128.0,Sense
2025-08-16T19:21:14Z,131.0,Sense
2025-08-16T19:21:29Z,123.0,Sense
2025-08-16T19:21:34Z,118.0,Sense
2025-08-16T19:21:39Z,119.0,Sense
2025-08-16T19:21:44Z,118.0,Sense
2025-08-16T19:21:49Z,124.0,Sense
2025-08-16T19:21:55Z,127.0,Sense
2025-08-16T19:22:00Z,128.0,Sense
2025-08-16T19:22:05Z,127.0,Sense
2025-08-16T19:22:15Z,132.0,Sense
2025-08-16T19:22:25Z,129.0,Sense
2025-08-16T19:22:30Z,126.0,Sense
2025-08-16T19:22:35Z,124.0,Sense
2025-08-16T19:22:40Z,123.0,Sense
2025-08-16T19:22:45Z,119.0,Sense
2025-08-16T19:22:50Z,134.0,Sense
2025-08-16T19:22:55Z,149.0,Sense
2025-08-16T19:23:00Z,148.0,Sense
2025-08-16T19:23:15Z,148.0,Sense
2025-08-16T19:23:20Z,147.0,Sense
2025-08-16T19:23:25Z,145.0,Sense
2025-08-16T19:23:30Z,143.0,Sense
2025-08-16T19:23:35Z,141.0,Sense
2025-08-16T19:23:40Z,142.0,Sense
2025-08-16T19:23:50Z,144.0,Sense
2025-08-16T19:23:55Z,143.0,Sense
2025-08-16T19:24:00Z,138.0,Sense
2025-08-16T19:24:05Z,132.0,Sense
2025-08-16T19:24:10Z,130.0,Sense
2025-08-16T19:24:15Z,130.0,Sense
2025-08-16T19:24:20Z,131.0,Sense
2025-08-16T19:24:35Z,127.0,Sense
2025-08-16T19:24:40Z,121.0,Sense
2025-08-16T19:24:45Z,123.0,Sense
2025-08-16T19:24:55Z,121.0,Sense
2025-08-16T19:25:00Z,120.0,Sense
2025-08-16T19:25:05Z,119.0,Sense
2025-08-16T19:25:10Z,121.0,Sense
2025-08-16T19:25:15Z,125.0,Sense
2025-08-16T19:25:25Z,124.0,Sense
2025-08-16T19:25:30Z,125.0,Sense
2025-08-16T19:25:35Z,124.0,Sense
2025-08-16T19:25:40Z,126.0,Sense
2025-08-16T19:25:45Z,131.0,Sense
2025-08-16T19:25:50Z,132.0,Sense
2025-08-16T19:25:55Z,137.0,Sense
2025-08-16T19:26:00Z,134.0,Sense
2025-08-16T19:26:10Z,136.0,Sense
2025-08-16T19:26:15Z,136.0,Sense
2025-08-16T19:26:20Z,137.0,Sense
2025-08-16T19:26:25Z,136.0,Sense
2025-08-16T19:26:30Z,140.0,Sense
2025-08-16T19:26:35Z,143.0,Sense
2025-08-16T19:26:40Z,141.0,Sense
2025-08-16T19:26:45Z,142.0,Sense
2025-08-16T19:26:50Z,139.0,Sense
2025-08-16T19:26:55Z,132.0,Sense
2025-08-16T19:27:00Z,136.0,Sense
2025-08-16T19:27:05Z,136.0,Sense
2025-08-16T19:27:10Z,135.0,Sense
2025-08-16T19:27:15Z,132.0,Sense
2025-08-16T19:27:20Z,128.0,Sense
2025-08-16T19:27:25Z,127.0,Sense
2025-08-16T19:27:30Z,126.0,Sense
2025-08-16T19:27:35Z,135.0,Sense
2025-08-16T19:27:40Z,141.0,Sense
2025-08-16T19:27:55Z,143.0,Sense
2025-08-16T19:28:00Z,144.0,Sense
2025-08-16T19:28:15Z,144.0,Sense
2025-08-16T19:28:25Z,140.0,Sense
2025-08-16T19:28:31Z,134.0,Sense
2025-08-16T19:28:36Z,132.0,Sense
2025-08-16T19:28:41Z,124.0,Sense
2025-08-16T19:28:46Z,115.0,Sense
2025-08-16T19:28:51Z,108.0,Sense
2025-08-16T19:28:56Z,97.0,Sense
2025-08-16T19:29:01Z,99.0,Sense
2025-08-16T19:29:16Z,97.0,Sense
2025-08-16T19:29:26Z,94.0,Sense
2025-08-16T19:29:31Z,97.0,Sense
2025-08-16T19:29:36Z,94.0,Sense
2025-08-16T19:29:41Z,92.0,Sense
2025-08-16T19:29:46Z,93.0,Sense
2025-08-16T19:29:51Z,115.0,Sense
2025-08-16T19:29:56Z,125.0,Sense
2025-08-16T19:30:06Z,123.0,Sense
2025-08-16T19:30:11Z,122.0,Sense
2025-08-16T19:30:16Z,120.0,Sense
2025-08-16T19:30:21Z,117.0,Sense
2025-08-16T19:30:31Z,118.0,Sense
2025-08-16T19:30:36Z,119.0,Sense
2025-08-16T19:30:41Z,119.0,Sense
2025-08-16T19:30:46Z,117.0,Sense
2025-08-16T19:30:51Z,114.0,Sense
2025-08-16T19:31:01Z,112.0,Sense
2025-08-16T19:31:06Z,113.0,Sense
2025-08-16T19:31:21Z,110.0,Sense
2025-08-16T19:31:26Z,105.0,Sense
2025-08-16T19:31:31Z,102.0,Sense
2025-08-16T19:31:36Z,104.0,Sense
2025-08-16T19:31:41Z,106.0,Sense
2025-08-16T19:31:46Z,102.0,Sense
2025-08-16T19:31:51Z,100.0,Sense
2025-08-16T19:31:56Z,96.0,Sense
2025-08-16T19:32:06Z,97.0,Sense
2025-08-16T19:32:16Z,112.0,Sense
2025-08-16T19:32:21Z,128.0,Sense
2025-08-16T19:32:31Z,127.0,Sense
2025-08-16T19:32:41Z,127.0,Sense
2025-08-16T19:32:46Z,126.0,Sense
2025-08-16T19:32:51Z,123.0,Sense
2025-08-16T19:32:56Z,121.0,Sense
2025-08-16T19:33:01Z,117.0,Sense
2025-08-16T19:33:11Z,116.0,Sense
2025-08-16T19:33:16Z,114.0,Sense
2025-08-16T19:33:21Z,111.0,Sense
2025-08-16T19:33:26Z,106.0,Sense
2025-08-16T19:33:31Z,105.0,Sense
2025-08-16T19:33:36Z,99.0,Sense
2025-08-16T19:33:41Z,97.0,Sense
2025-08-16T19:33:56Z,94.0,Sense
2025-08-16T19:34:01Z,92.0,Sense
2025-08-16T19:34:16Z,92.0,Sense
2025-08-16T19:34:21Z,95.0,Sense
2025-08-16T19:34:31Z,91.0,Sense
2025-08-16T19:34:36Z,83.0,Sense
2025-08-16T19:34:41Z,81.0,Sense
2025-08-16T19:34:46Z,82.0,Sense
2025-08-16T19:34:56Z,83.0,Sense
2025-08-16T19:35:11Z,82.0,Sense
2025-08-16T19:35:16Z,81.0,Sense
2025-08-16T19:35:21Z,96.0,Sense
2025-08-16T19:35:26Z,113.0,Sense
2025-08-16T19:35:31Z,124.0,Sense
2025-08-16T19:35:36Z,122.0,Sense
2025-08-16T19:35:41Z,117.0,Sense
2025-08-16T19:35:46Z,117.0,Sense
2025-08-16T19:36:01Z,118.0,Sense
2025-08-16T19:36:11Z,119.0,Sense
2025-08-16T19:36:16Z,115.0,Sense
2025-08-16T19:36:21Z,109.0,Sense
2025-08-16T19:36:36Z,110.0,Sense
2025-08-16T19:36:46Z,108.0,Sense
2025-08-16T19:36:51Z,106.0,Sense
2025-08-16T19:37:01Z,103.0,Sense
2025-08-16T19:37:06Z,102.0,Sense
2025-08-16T19:37:11Z,101.0,Sense
2025-08-16T19:37:16Z,100.0,Sense
2025-08-16T19:37:21Z,97.0,Sense
2025-08-16T19:37:36Z,97.0,Sense
2025-08-16T19:37:46Z,87.0,Sense
2025-08-16T19:37:51Z,76.0,Sense
2025-08-16T19:37:56Z,72.0,Sense
2025-08-16T19:38:01Z,73.0,Sense
2025-08-16T19:38:11Z,78.0,Sense
2025-08-16T19:38:16Z,92.0,Sense
2025-08-16T19:38:21Z,93.0,Sense
2025-08-16T19:38:26Z,94.0,Sense
2025-08-16T19:38:36Z,95.0,Sense
2025-08-16T19:38:41Z,94.0,Sense
2025-08-16T19:38:46Z,95.0,Sense
2025-08-16T19:38:51Z,96.0,Sense
2025-08-16T19:39:01Z,95.0,Sense
2025-08-16T19:39:11Z,103.0,Sense
2025-08-16T19:39:16Z,118.0,Sense
2025-08-16T19:39:21Z,110.0,Sense
2025-08-16T19:39:36Z,110.0,Sense
2025-08-16T19:39:41Z,109.0,Sense
2025-08-16T19:39:46Z,107.0,Sense
2025-08-16T19:39:51Z,106.0,Sense
2025-08-16T19:39:56Z,111.0,Sense
2025-08-16T19:40:01Z,112.0,Sense
2025-08-16T19:40:11Z,105.0,Sense
2025-08-16T19:40:16Z,104.0,Sense
2025-08-16T19:40:21Z,103.0,Sense
2025-08-16T19:40:31Z,102.0,Sense
2025-08-16T19:40:36Z,99.0,Sense
2025-08-16T19:40:41Z,100.0,Sense
2025-08-16T19:40:46Z,109.0,Sense
2025-08-16T19:40:51Z,132.0,Sense
2025-08-16T19:40:56Z,132.0,Sense
2025-08-16T19:41:06Z,133.0,Sense
2025-08-16T19:41:11Z,134.0,Sense
2025-08-16T19:41:16Z,133.0,Sense
2025-08-16T19:41:21Z,128.0,Sense
2025-08-16T19:41:26Z,121.0,Sense
2025-08-16T19:41:31Z,145.0,Sense
2025-08-16T19:41:36Z,153.0,Sense
2025-08-16T19:41:41Z,152.0,Sense
2025-08-16T19:41:46Z,150.0,Sense
2025-08-16T19:41:51Z,148.0,Sense
2025-08-16T19:41:56Z,148.0,Sense
2025-08-16T19:42:01Z,147.0,Sense
2025-08-16T19:42:06Z,146.0,Sense
2025-08-16T19:42:11Z,147.0,Sense
2025-08-16T19:42:16Z,148.0,Sense
2025-08-16T19:42:26Z,146.0,Sense
2025-08-16T19:42:31Z,144.0,Sense
2025-08-16T19:42:36Z,141.0,Sense
2025-08-16T19:42:41Z,136.0,Sense
2025-08-16T19:42:46Z,130.0,Sense
2025-08-16T19:42:51Z,125.0,Sense
2025-08-16T19:42:56Z,127.0,Sense
2025-08-16T19:43:01Z,124.0,Sense
2025-08-16T19:43:11Z,123.0,Sense
2025-08-16T19:43:26Z,134.0,Sense
2025-08-16T19:43:41Z,135.0,Sense
2025-08-16T19:43:51Z,136.0,Sense
2025-08-16T19:43:56Z,140.0,Sense
2025-08-16T19:44:01Z,134.0,Sense
2025-08-16T19:44:06Z,127.0,Sense
2025-08-16T19:44:11Z,119.0,Sense
2025-08-16T19:44:16Z,124.0,Sense
2025-08-16T19:44:21Z,129.0,Sense
2025-08-16T19:44:26Z,128.0,Sense
2025-08-16T19:44:31Z,124.0,Sense
2025-08-16T19:44:36Z,123.0,Sense
2025-08-16T19:44:41Z,119.0,Sense
2025-08-16T19:44:46Z,117.0,Sense
2025-08-16T19:44:51Z,119.0,Sense
2025-08-16T19:44:56Z,118.0,Sense
2025-08-16T19:45:01Z,111.0,Sense
2025-08-16T19:45:06Z,106.0,Sense
2025-08-16T19:45:11Z,102.0,Sense
2025-08-16T19:45:17Z,103.0,Sense
2025-08-16T19:45:22Z,105.0,Sense
2025-08-16T19:45:27Z,103.0,Sense
2025-08-16T19:45:32Z,89.0,Sense
2025-08-16T19:45:37Z,87.0,Sense
2025-08-16T19:45:47Z,86.0,Sense
2025-08-16T19:45:52Z,81.0,Sense
2025-08-16T19:45:57Z,78.0,Sense
2025-08-16T19:46:02Z,107.0,Sense
2025-08-16T19:46:07Z,111.0,Sense
2025-08-16T19:46:17Z,110.0,Sense
2025-08-16T19:46:22Z,108.0,Sense
2025-08-16T19:46:27Z,107.0,Sense
2025-08-16T19:46:32Z,104.0,Sense
2025-08-16T19:46:37Z,103.0,Sense
2025-08-16T19:46:47Z,105.0,Sense
2025-08-16T19:46:52Z,108.0,Sense
2025-08-16T19:46:57Z,109.0,Sense
2025-08-16T19:47:07Z,104.0,Sense
2025-08-16T19:47:12Z,101.0,Sense
2025-08-16T19:47:17Z,100.0,Sense
2025-08-16T19:47:22Z,97.0,Sense
2025-08-16T19:47:27Z,92.0,Sense
2025-08-16T19:47:32Z,92.0,Sense
2025-08-16T19:47:37Z,95.0,Sense
2025-08-16T19:47:42Z,96.0,Sense
2025-08-16T19:47:47Z,95.0,Sense
2025-08-16T19:47:57Z,96.0,Sense
2025-08-16T19:48:02Z,94.0,Sense
2025-08-16T19:48:07Z,90.0,Sense
2025-08-16T19:48:12Z,94.0,Sense
2025-08-16T19:48:17Z,97.0,Sense
2025-08-16T19:48:22Z,98.0,Sense
2025-08-16T19:48:32Z,101.0,Sense
2025-08-16T19:48:37Z,106.0,Sense
2025-08-16T19:48:42Z,108.0,Sense
2025-08-16T19:48:47Z,107.0,Sense
2025-08-16T19:48:52Z,108.0,Sense
2025-08-16T19:48:57Z,102.0,Sense
2025-08-16T19:49:02Z,97.0,Sense
2025-08-16T19:49:17Z,100.0,Sense
2025-08-16T19:49:22Z,99.0,Sense
2025-08-16T19:49:27Z,94.0,Sense
2025-08-16T19:49:32Z,96.0,Sense
2025-08-16T19:49:37Z,94.0,Sense
2025-08-16T19:49:42Z,93.0,Sense
2025-08-16T19:49:52Z,95.0,Sense
2025-08-16T19:49:57Z,94.0,Sense
2025-08-16T19:50:02Z,97.0,Sense
2025-08-16T19:50:07Z,118.0,Sense
2025-08-16T19:50:12Z,117.0,Sense
2025-08-16T19:50:22Z,112.0,Sense
2025-08-16T19:50:27Z,100.0,Sense
2025-08-16T19:50:32Z,99.0,Sense
2025-08-16T19:50:37Z,97.0,Sense
2025-08-16T19:50:42Z,91.0,Sense
2025-08-16T19:50:47Z,89.0,Sense
2025-08-16T19:50:52Z,89.0,Sense
2025-08-16T19:50:57Z,86.0,Sense
2025-08-16T19:51:02Z,85.0,Sense
2025-08-16T19:51:07Z,84.0,Sense
2025-08-16T19:51:17Z,96.0,Sense
2025-08-16T19:51:22Z,110.0,Sense
2025-08-16T19:51:32Z,117.0,Sense
2025-08-16T19:51:37Z,130.0,Sense
2025-08-16T19:51:42Z,132.0,Sense
2025-08-16T19:51:47Z,131.0,Sense
2025-08-16T19:51:52Z,127.0,Sense
2025-08-16T19:51:57Z,122.0,Sense
2025-08-16T19:52:07Z,146.0,Sense
2025-08-16T19:52:17Z,144.0,Sense
2025-08-16T19:52:22Z,143.0,Sense
2025-08-16T19:52:27Z,140.0,Sense
2025-08-16T19:52:32Z,137.0,Sense
2025-08-16T19:52:37Z,133.0,Sense
2025-08-16T19:52:42Z,131.0,Sense
2025-08-16T19:52:47Z,129.0,Sense
2025-08-16T19:52:52Z,124.0,Sense
2025-08-16T19:53:02Z,134.0,Sense
2025-08-16T19:53:07Z,135.0,Sense
2025-08-16T19:53:22Z,141.0,Sense
2025-08-16T19:53:27Z,143.0,Sense
2025-08-16T19:53:32Z,142.0,Sense
2025-08-16T19:53:37Z,146.0,Sense
2025-08-16T19:53:42Z,155.0,Sense
2025-08-16T19:53:47Z,160.0,Sense
2025-08-16T19:53:57Z,158.0,Sense
2025-08-16T19:54:02Z,155.0,Sense
2025-08-16T19:54:07Z,150.0,Sense
2025-08-16T19:54:12Z,145.0,Sense
2025-08-16T19:54:17Z,141.0,Sense
2025-08-16T19:54:22Z,144.0,Sense
2025-08-16T19:54:27Z,139.0,Sense
2025-08-16T19:54:32Z,136.0,Sense
2025-08-16T19:54:37Z,132.0,Sense
2025-08-16T19:54:42Z,126.0,Sense
2025-08-16T19:54:47Z,120.0,Sense
2025-08-16T19:54:52Z,113.0,Sense
2025-08-16T19:54:57Z,110.0,Sense
2025-08-16T19:55:02Z,105.0,Sense
2025-08-16T19:55:07Z,104.0,Sense
2025-08-16T19:55:12Z,102.0,Sense
2025-08-16T19:55:17Z,101.0,Sense
2025-08-16T19:55:22Z,106.0,Sense
2025-08-16T19:55:27Z,116.0,Sense
2025-08-16T19:55:32Z,117.0,Sense
2025-08-16T19:55:37Z,119.0,Sense
2025-08-16T19:55:42Z,116.0,Sense
2025-08-16T19:55:47Z,116.0,Sense
2025-08-16T19:55:52Z,117.0,Sense
2025-08-16T19:55:57Z,124.0,Sense
2025-08-16T19:56:02Z,119.0,Sense
2025-08-16T19:56:07Z,111.0,Sense
2025-08-16T19:56:12Z,110.0,Sense
2025-08-16T19:56:17Z,108.0,Sense
2025-08-16T19:56:22Z,107.0,Sense
2025-08-16T19:56:27Z,106.0,Sense
2025-08-16T19:56:32Z,103.0,Sense
2025-08-16T19:56:37Z,103.0,Sense
2025-08-16T19:56:42Z,104.0,Sense
2025-08-16T19:56:47Z,106.0,Sense
2025-08-16T19:56:52Z,103.0,Sense
2025-08-16T19:56:57Z,95.0,Sense
2025-08-16T19:57:02Z,80.0,Sense
2025-08-16T19:57:12Z,81.0,Sense
2025-08-16T19:57:17Z,82.0,Sense
2025-08-16T19:57:27Z,93.0,Sense
2025-08-16T19:57:32Z,112.0,Sense
2025-08-16T19:57:47Z,112.0,Sense
2025-08-16T19:57:57Z,110.0,Sense
2025-08-16T19:58:02Z,104.0,Sense
2025-08-16T19:58:07Z,96.0,Sense
2025-08-16T19:58:12Z,94.0,Sense
2025-08-16T19:58:22Z,93.0,Sense
2025-08-16T19:58:27Z,92.0,Sense
2025-08-16T19:58:32Z,99.0,Sense
2025-08-16T19:58:37Z,98.0,Sense
2025-08-16T19:58:42Z,90.0,Sense
2025-08-16T19:58:47Z,82.0,Sense
2025-08-16T19:59:02Z,84.0,Sense
2025-08-16T19:59:07Z,90.0,Sense
2025-08-16T19:59:12Z,91.0,Sense
2025-08-16T19:59:22Z,92.0,Sense
2025-08-16T19:59:27Z,92.0,Sense
2025-08-16T19:59:32Z,93.0,Sense
2025-08-16T19:59:37Z,94.0,Sense
2025-08-16T19:59:47Z,94.0,Sense
2025-08-16T20:00:02Z,94.0,Sense
2025-08-16T20:00:12Z,93.0,Sense
2025-08-16T20:00:17Z,92.0,Sense
2025-08-16T20:00:32Z,92.0,Sense
2025-08-16T20:00:42Z,90.0,Sense
2025-08-16T20:00:47Z,89.0,Sense
2025-08-16T20:00:52Z,88.0,Sense
2025-08-16T20:00:57Z,87.0,Sense
2025-08-16T20:01:02Z,85.0,Sense
2025-08-16T20:01:17Z,86.0,Sense
2025-08-16T20:01:22Z,87.0,Sense
2025-08-16T20:01:27Z,86.0,Sense
2025-08-16T20:01:37Z,85.0,Sense
2025-08-16T20:01:42Z,86.0,Sense
2025-08-16T20:01:47Z,85.0,Sense
2025-08-16T20:01:57Z,86.0,Sense
2025-08-16T20:02:02Z,87.0,Sense
2025-08-16T20:02:07Z,88.0,Sense
2025-08-16T20:02:12Z,89.0,Sense
2025-08-16T20:02:17Z,88.0,Sense
2025-08-16T20:02:22Z,87.0,Sense
2025-08-16T20:02:27Z,85.0,Sense
2025-08-16T20:02:32Z,80.0,Sense
2025-08-16T20:02:37Z,77.0,Sense
2025-08-16T20:02:52Z,77.0,Sense
2025-08-16T20:02:57Z,82.0,Sense
2025-08-16T20:03:02Z,100.0,Sense
2025-08-16T20:03:07Z,99.0,Sense
2025-08-16T20:03:12Z,100.0,Sense
2025-08-16T20:03:17Z,99.0,Sense
2025-08-16T20:03:22Z,98.0,Sense
2025-08-16T20:03:27Z,97.0,Sense
2025-08-16T20:03:32Z,97.0,Sense
2025-08-16T20:03:37Z,95.0,Sense
2025-08-16T20:03:42Z,94.0,Sense
2025-08-16T20:03:47Z,95.0,Sense
2025-08-16T20:03:52Z,96.0,Sense
2025-08-16T20:04:02Z,87.0,Sense
2025-08-16T20:04:07Z,86.0,Sense
2025-08-16T20:04:17Z,87.0,Sense
2025-08-16T20:04:22Z,88.0,Sense
2025-08-16T20:04:27Z,85.0,Sense
2025-08-16T20:04:32Z,84.0,Sense
2025-08-16T20:04:37Z,83.0,Sense
2025-08-16T20:04:47Z,85.0,Sense
2025-08-16T20:05:02Z,85.0,Sense
2025-08-16T20:05:07Z,85.0,Sense
2025-08-16T20:05:12Z,86.0,Sense
2025-08-16T20:05:17Z,87.0,Sense
2025-08-16T20:05:32Z,89.0,Sense
2025-08-16T20:05:47Z,89.0,Sense
2025-08-16T20:05:52Z,90.0,Sense
2025-08-16T20:06:02Z,91.0,Sense
2025-08-16T20:06:12Z,90.0,Sense
2025-08-16T20:06:22Z,89.0,Sense
2025-08-16T20:06:27Z,89.0,Sense
2025-08-16T20:06:42Z,90.0,Sense
2025-08-16T20:06:52Z,90.0,Sense
2025-08-16T20:06:57Z,91.0,Sense
2025-08-16T20:07:12Z,92.0,Sense
2025-08-16T20:07:17Z,93.0,Sense
2025-08-16T20:07:22Z,92.0,Sense
2025-08-16T20:07:27Z,93.0,Sense
2025-08-16T20:07:42Z,99.0,Sense
2025-08-16T20:07:47Z,101.0,Sense
2025-08-16T20:07:57Z,102.0,Sense
2025-08-16T20:08:02Z,103.0,Sense
2025-08-16T20:08:07Z,98.0,Sense
2025-08-16T20:08:12Z,86.0,Sense
2025-08-16T20:08:22Z,85.0,Sense
2025-08-16T20:08:37Z,85.0,Sense
2025-08-16T20:08:42Z,86.0,Sense
2025-08-16T20:08:47Z,97.0,Sense
2025-08-16T20:08:52Z,112.0,Sense
2025-08-16T20:08:57Z,110.0,Sense
2025-08-16T20:09:02Z,106.0,Sense
2025-08-16T20:09:07Z,101.0,Sense
2025-08-16T20:09:12Z,98.0,Sense
2025-08-16T20:09:17Z,100.0,Sense
2025-08-16T20:09:22Z,101.0,Sense
2025-08-16T20:09:32Z,99.0,Sense
2025-08-16T20:09:37Z,98.0,Sense
2025-08-16T20:09:42Z,96.0,Sense
2025-08-16T20:09:52Z,98.0,Sense
2025-08-16T20:10:07Z,98.0,Sense
2025-08-16T20:10:17Z,98.0,Sense
2025-08-16T20:10:27Z,96.0,Sense
2025-08-16T20:10:42Z,96.0,Sense
2025-08-16T20:10:47Z,95.0,Sense
2025-08-16T20:10:52Z,94.0,Sense
2025-08-16T20:10:57Z,92.0,Sense
2025-08-16T20:11:02Z,93.0,Sense
2025-08-16T20:11:07Z,94.0,Sense
2025-08-16T20:11:17Z,93.0,Sense
2025-08-16T20:11:32Z,95.0,Sense
2025-08-16T20:11:47Z,94.0,Sense
2025-08-16T20:12:02Z,95.0,Sense
2025-08-16T20:12:07Z,95.0,Sense
2025-08-16T20:12:17Z,96.0,Sense
2025-08-16T20:12:22Z,97.0,Sense
2025-08-16T20:12:27Z,96.0,Sense
2025-08-16T20:12:37Z,95.0,Sense
2025-08-16T20:12:42Z,88.0,Sense
2025-08-16T20:12:52Z,89.0,Sense
2025-08-16T20:13:07Z,90.0,Sense
2025-08-16T20:13:12Z,90.0,Sense
2025-08-16T20:13:27Z,90.0,Sense
2025-08-16T20:13:32Z,92.0,Sense
2025-08-16T20:13:37Z,101.0,Sense
2025-08-16T20:13:47Z,100.0,Sense
2025-08-16T20:13:52Z,99.0,Sense
2025-08-16T20:13:57Z,98.0,Sense
2025-08-16T20:14:07Z,97.0,Sense
2025-08-16T20:14:12Z,96.0,Sense
2025-08-16T20:14:22Z,95.0,Sense
2025-08-16T20:14:27Z,94.0,Sense
2025-08-16T20:14:37Z,93.0,Sense
2025-08-16T20:14:52Z,92.0,Sense
2025-08-16T20:14:57Z,91.0,Sense
2025-08-16T20:15:12Z,91.0,Sense
2025-08-16T20:15:27Z,91.0,Sense
2025-08-16T20:15:32Z,90.0,Sense
2025-08-16T20:15:37Z,91.0,Sense
2025-08-16T20:15:42Z,90.0,Sense
2025-08-16T20:15:47Z,92.0,Sense
2025-08-16T20:15:52Z,93.0,Sense
2025-08-16T20:15:57Z,99.0,Sense
2025-08-16T20:16:02Z,132.0,Sense
2025-08-16T20:16:07Z,131.0,Sense
2025-08-16T20:16:12Z,128.0,Sense
2025-08-16T20:16:22Z,149.0,Sense
2025-08-16T20:16:27Z,153.0,Sense
2025-08-16T20:16:32Z,150.0,Sense
2025-08-16T20:16:37Z,146.0,Sense
2025-08-16T20:16:42Z,142.0,Sense
2025-08-16T20:16:47Z,139.0,Sense
2025-08-16T20:16:52Z,134.0,Sense
2025-08-16T20:16:57Z,129.0,Sense
2025-08-16T20:17:02Z,125.0,Sense
2025-08-16T20:17:07Z,122.0,Sense
2025-08-16T20:17:12Z,131.0,Sense
2025-08-16T20:17:17Z,141.0,Sense
2025-08-16T20:17:22Z,140.0,Sense
2025-08-16T20:17:32Z,139.0,Sense
2025-08-16T20:17:37Z,128.0,Sense
2025-08-16T20:17:42Z,127.0,Sense
2025-08-16T20:17:57Z,121.0,Sense
2025-08-16T20:18:02Z,117.0,Sense
2025-08-16T20:18:07Z,112.0,Sense
2025-08-16T20:18:12Z,107.0,Sense
2025-08-16T20:18:17Z,106.0,Sense
2025-08-16T20:18:22Z,103.0,Sense
2025-08-16T20:18:27Z,101.0,Sense
2025-08-16T20:18:32Z,100.0,Sense
2025-08-16T20:18:43Z,100.0,Sense
2025-08-16T20:18:48Z,98.0,Sense
2025-08-16T20:18:58Z,98.0,Sense
2025-08-16T20:19:03Z,99.0,Sense
2025-08-16T20:19:08Z,100.0,Sense
2025-08-16T20:19:23Z,114.0,Sense
2025-08-16T20:19:28Z,144.0,Sense
2025-08-16T20:19:38Z,145.0,Sense
2025-08-16T20:19:43Z,143.0,Sense
2025-08-16T20:19:48Z,139.0,Sense
2025-08-16T20:19:54Z,133.0,Sense
2025-08-16T20:19:59Z,128.0,Sense
2025-08-16T20:20:04Z,120.0,Sense
2025-08-16T20:20:09Z,117.0,Sense
2025-08-16T20:20:14Z,116.0,Sense
2025-08-16T20:20:24Z,117.0,Sense
2025-08-16T20:20:34Z,120.0,Sense
2025-08-16T20:20:39Z,122.0,Sense
2025-08-16T20:20:44Z,123.0,Sense
2025-08-16T20:20:54Z,126.0,Sense
2025-08-16T20:21:04Z,120.0,Sense
2025-08-16T20:21:09Z,122.0,Sense
2025-08-16T20:21:14Z,112.0,Sense
2025-08-16T20:21:19Z,107.0,Sense
2025-08-16T20:21:24Z,105.0,Sense
2025-08-16T20:21:34Z,104.0,Sense
2025-08-16T20:21:39Z,110.0,Sense
2025-08-16T20:21:44Z,109.0,Sense
2025-08-16T20:21:54Z,108.0,Sense
2025-08-16T20:21:59Z,104.0,Sense
2025-08-16T20:22:04Z,102.0,Sense
2025-08-16T20:22:09Z,103.0,Sense
2025-08-16T20:22:14Z,133.0,Sense
2025-08-16T20:22:19Z,136.0,Sense
2025-08-16T20:22:24Z,135.0,Sense
2025-08-16T20:22:29Z,134.0,Sense
2025-08-16T20:22:34Z,133.0,Sense
2025-08-16T20:22:39Z,131.0,Sense
2025-08-16T20:22:44Z,127.0,Sense
2025-08-16T20:22:49Z,117.0,Sense
2025-08-16T20:22:54Z,111.0,Sense
2025-08-16T20:22:59Z,114.0,Sense
2025-08-16T20:23:04Z,111.0,Sense
2025-08-16T20:23:09Z,110.0,Sense
2025-08-16T20:23:19Z,109.0,Sense
2025-08-16T20:23:24Z,104.0,Sense
2025-08-16T20:23:29Z,100.0,Sense
2025-08-16T20:23:34Z,104.0,Sense
2025-08-16T20:23:39Z,109.0,Sense
2025-08-16T20:23:44Z,112.0,Sense
2025-08-16T20:23:49Z,113.0,Sense
2025-08-16T20:23:54Z,115.0,Sense
2025-08-16T20:24:04Z,116.0,Sense
2025-08-16T20:24:09Z,114.0,Sense
2025-08-16T20:24:14Z,110.0,Sense
2025-08-16T20:24:19Z,104.0,Sense
2025-08-16T20:24:24Z,98.0,Sense
2025-08-16T20:24:34Z,91.0,Sense
2025-08-16T20:24:39Z,89.0,Sense
2025-08-16T20:24:44Z,88.0,Sense
2025-08-16T20:24:49Z,75.0,Sense
2025-08-16T20:24:54Z,70.0,Sense
2025-08-16T20:25:09Z,70.0,Sense
2025-08-16T20:25:14Z,70.0,Sense
2025-08-16T20:25:19Z,72.0,Sense
2025-08-16T20:25:29Z,70.0,Sense
2025-08-16T20:25:34Z,80.0,Sense
2025-08-16T20:25:39Z,92.0,Sense
2025-08-16T20:25:44Z,94.0,Sense
2025-08-16T20:25:49Z,93.0,Sense
2025-08-16T20:25:54Z,92.0,Sense
2025-08-16T20:25:59Z,92.0,Sense
2025-08-16T20:26:04Z,82.0,Sense
2025-08-16T20:26:19Z,98.0,Sense
2025-08-16T20:26:24Z,107.0,Sense
2025-08-16T20:26:29Z,104.0,Sense
2025-08-16T20:26:34Z,103.0,Sense
2025-08-16T20:26:39Z,102.0,Sense
2025-08-16T20:26:44Z,104.0,Sense
2025-08-16T20:26:49Z,105.0,Sense
2025-08-16T20:26:54Z,104.0,Sense
2025-08-16T20:26:59Z,116.0,Sense
2025-08-16T20:27:04Z,120.0,Sense
2025-08-16T20:27:14Z,129.0,Sense
2025-08-16T20:27:19Z,131.0,Sense
2025-08-16T20:27:24Z,130.0,Sense
2025-08-16T20:27:29Z,129.0,Sense
2025-08-16T20:27:34Z,126.0,Sense
2025-08-16T20:27:39Z,125.0,Sense
2025-08-16T20:27:44Z,128.0,Sense
2025-08-16T20:27:49Z,129.0,Sense
2025-08-16T20:27:54Z,132.0,Sense
2025-08-16T20:27:59Z,129.0,Sense
2025-08-16T20:28:04Z,127.0,Sense
2025-08-16T20:28:09Z,128.0,Sense
2025-08-16T20:28:14Z,129.0,Sense
2025-08-16T20:28:19Z,128.0,Sense
2025-08-16T20:28:29Z,126.0,Sense
2025-08-16T20:28:34Z,113.0,Sense
2025-08-16T20:28:39Z,111.0,Sense
2025-08-16T20:28:44Z,119.0,Sense
2025-08-16T20:28:49Z,119.0,Sense
2025-08-16T20:28:54Z,118.0,Sense
2025-08-16T20:28:59Z,122.0,Sense
2025-08-16T20:29:04Z,123.0,Sense
2025-08-16T20:29:09Z,121.0,Sense
2025-08-16T20:29:14Z,119.0,Sense
2025-08-16T20:29:19Z,120.0,Sense
2025-08-16T20:29:24Z,122.0,Sense
2025-08-16T20:29:39Z,123.0,Sense
2025-08-16T20:29:44Z,122.0,Sense
2025-08-16T20:29:54Z,123.0,Sense
2025-08-16T20:29:59Z,124.0,Sense
2025-08-16T20:30:04Z,122.0,Sense
2025-08-16T20:30:09Z,118.0,Sense
2025-08-16T20:30:14Z,131.0,Sense
2025-08-16T20:30:24Z,129.0,Sense
2025-08-16T20:30:34Z,128.0,Sense
2025-08-16T20:30:39Z,132.0,Sense
2025-08-16T20:30:44Z,134.0,Sense
2025-08-16T20:30:49Z,132.0,Sense
2025-08-16T20:30:54Z,138.0,Sense
2025-08-16T20:30:59Z,140.0,Sense
2025-08-16T20:31:04Z,138.0,Sense
2025-08-16T20:31:09Z,128.0,Sense
2025-08-16T20:31:14Z,124.0,Sense
2025-08-16T20:31:19Z,122.0,Sense
2025-08-16T20:31:29Z,120.0,Sense
2025-08-16T20:31:34Z,115.0,Sense
2025-08-16T20:31:39Z,113.0,Sense
2025-08-16T20:31:44Z,115.0,Sense
2025-08-16T20:31:49Z,116.0,Sense
2025-08-16T20:31:54Z,137.0,Sense
2025-08-16T20:31:59Z,146.0,Sense
2025-08-16T20:32:04Z,151.0,Sense
2025-08-16T20:32:09Z,152.0,Sense
2025-08-16T20:32:19Z,153.0,Sense
2025-08-16T20:32:29Z,150.0,Sense
2025-08-16T20:32:34Z,144.0,Sense
2025-08-16T20:32:39Z,143.0,Sense
2025-08-16T20:32:44Z,147.0,Sense
2025-08-16T20:32:59Z,148.0,Sense
2025-08-16T20:33:04Z,144.0,Sense
2025-08-16T20:33:09Z,139.0,Sense
2025-08-16T20:33:14Z,137.0,Sense
2025-08-16T20:33:19Z,136.0,Sense
2025-08-16T20:33:24Z,135.0,Sense
2025-08-16T20:33:34Z,136.0,Sense
2025-08-16T20:33:44Z,132.0,Sense
2025-08-16T20:33:49Z,129.0,Sense
2025-08-16T20:33:54Z,126.0,Sense
2025-08-16T20:33:59Z,122.0,Sense
2025-08-16T20:34:04Z,121.0,Sense
2025-08-16T20:34:09Z,125.0,Sense
2025-08-16T20:34:14Z,138.0,Sense
2025-08-16T20:34:19Z,139.0,Sense
2025-08-16T20:34:24Z,137.0,Sense
2025-08-16T20:34:29Z,135.0,Sense
2025-08-16T20:34:34Z,133.0,Sense
2025-08-16T20:34:39Z,126.0,Sense
2025-08-16T20:34:44Z,120.0,Sense
2025-08-16T20:34:49Z,119.0,Sense
2025-08-16T20:34:54Z,118.0,Sense
2025-08-16T20:34:59Z,117.0,Sense
2025-08-16T20:35:04Z,119.0,Sense
2025-08-16T20:35:09Z,125.0,Sense
2025-08-16T20:35:14Z,124.0,Sense
2025-08-16T20:35:19Z,122.0,Sense
2025-08-16T20:35:24Z,117.0,Sense
2025-08-16T20:35:29Z,99.0,Sense
2025-08-16T20:35:34Z,94.0,Sense
2025-08-16T20:35:39Z,93.0,Sense
2025-08-16T20:35:54Z,94.0,Sense
2025-08-16T20:35:59Z,93.0,Sense
2025-08-16T20:36:04Z,92.0,Sense
2025-08-16T20:36:09Z,91.0,Sense
2025-08-16T20:36:14Z,90.0,Sense
2025-08-16T20:36:19Z,88.0,Sense
2025-08-16T20:36:24Z,94.0,Sense
2025-08-16T20:36:29Z,109.0,Sense
2025-08-16T20:36:34Z,110.0,Sense
2025-08-16T20:36:49Z,110.0,Sense
2025-08-16T20:36:54Z,111.0,Sense
2025-08-16T20:37:09Z,129.0,Sense
2025-08-16T20:37:14Z,150.0,Sense
2025-08-16T20:37:19Z,146.0,Sense
2025-08-16T20:37:24Z,144.0,Sense
2025-08-16T20:37:29Z,143.0,Sense
2025-08-16T20:37:34Z,138.0,Sense
2025-08-16T20:37:39Z,136.0,Sense
2025-08-16T20:37:44Z,134.0,Sense
2025-08-16T20:37:49Z,135.0,Sense
2025-08-16T20:37:54Z,125.0,Sense
2025-08-16T20:37:59Z,133.0,Sense
2025-08-16T20:38:09Z,135.0,Sense
2025-08-16T20:38:14Z,134.0,Sense
2025-08-16T20:38:19Z,130.0,Sense
2025-08-16T20:38:24Z,115.0,Sense
2025-08-16T20:38:29Z,113.0,Sense
2025-08-16T20:38:34Z,112.0,Sense
2025-08-16T20:38:39Z,111.0,Sense
2025-08-16T20:38:44Z,110.0,Sense
2025-08-16T20:38:49Z,108.0,Sense
2025-08-16T20:38:54Z,106.0,Sense
2025-08-16T20:38:59Z,104.0,Sense
2025-08-16T20:39:04Z,101.0,Sense
2025-08-16T20:39:09Z,118.0,Sense
2025-08-16T20:39:14Z,130.0,Sense
2025-08-16T20:39:19Z,131.0,Sense
2025-08-16T20:39:24Z,132.0,Sense
2025-08-16T20:39:34Z,130.0,Sense
2025-08-16T20:39:39Z,127.0,Sense
2025-08-16T20:39:49Z,128.0,Sense
2025-08-16T20:39:54Z,161.0,Sense
2025-08-16T20:39:59Z,164.0,Sense
2025-08-16T20:40:04Z,165.0,Sense
2025-08-16T20:40:09Z,163.0,Sense
2025-08-16T20:40:14Z,161.0,Sense
2025-08-16T20:40:19Z,157.0,Sense
2025-08-16T20:40:24Z,151.0,Sense
2025-08-16T20:40:34Z,141.0,Sense
2025-08-16T20:40:39Z,146.0,Sense
2025-08-16T20:40:44Z,162.0,Sense
2025-08-16T20:40:54Z,160.0,Sense
2025-08-16T20:40:59Z,157.0,Sense
2025-08-16T20:41:04Z,156.0,Sense
2025-08-16T20:41:09Z,158.0,Sense
2025-08-16T20:41:14Z,164.0,Sense
2025-08-16T20:41:24Z,162.0,Sense
2025-08-16T20:41:29Z,158.0,Sense
2025-08-16T20:41:34Z,152.0,Sense
2025-08-16T20:41:39Z,151.0,Sense
2025-08-16T20:41:44Z,150.0,Sense
2025-08-16T20:41:49Z,148.0,Sense
2025-08-16T20:41:54Z,149.0,Sense
2025-08-16T20:41:59Z,151.0,Sense
2025-08-16T20:42:04Z,149.0,Sense
2025-08-16T20:42:09Z,150.0,Sense
2025-08-16T20:42:14Z,153.0,Sense
2025-08-16T20:42:19Z,154.0,Sense
2025-08-16T20:42:24Z,151.0,Sense
2025-08-16T20:42:29Z,149.0,Sense
2025-08-16T20:42:44Z,149.0,Sense
2025-08-16T20:42:49Z,146.0,Sense
2025-08-16T20:42:54Z,145.0,Sense
2025-08-16T20:42:59Z,143.0,Sense
2025-08-16T20:43:04Z,140.0,Sense
2025-08-16T20:43:09Z,136.0,Sense
2025-08-16T20:43:14Z,133.0,Sense
2025-08-16T20:43:19Z,131.0,Sense
2025-08-16T20:43:24Z,125.0,Sense
2025-08-16T20:43:29Z,121.0,Sense
2025-08-16T20:43:34Z,122.0,Sense
2025-08-16T20:43:39Z,123.0,Sense
2025-08-16T20:43:44Z,125.0,Sense
2025-08-16T20:43:54Z,122.0,Sense
2025-08-16T20:43:59Z,120.0,Sense
2025-08-16T20:44:09Z,123.0,Sense
2025-08-16T20:44:19Z,125.0,Sense
2025-08-16T20:44:24Z,126.0,Sense
2025-08-16T20:44:29Z,127.0,Sense
2025-08-16T20:44:34Z,122.0,Sense
2025-08-16T20:44:39Z,119.0,Sense
2025-08-16T20:44:44Z,116.0,Sense
2025-08-16T20:44:49Z,113.0,Sense
2025-08-16T20:44:54Z,109.0,Sense
2025-08-16T20:44:59Z,107.0,Sense
2025-08-16T20:45:04Z,106.0,Sense
2025-08-16T20:45:09Z,105.0,Sense
2025-08-16T20:45:14Z,100.0,Sense
2025-08-16T20:45:19Z,96.0,Sense
2025-08-16T20:45:24Z,92.0,Sense
2025-08-16T20:45:34Z,94.0,Sense
2025-08-16T20:45:39Z,98.0,Sense
2025-08-16T20:45:44Z,97.0,Sense
2025-08-16T20:45:49Z,98.0,Sense
2025-08-16T20:45:54Z,100.0,Sense
2025-08-16T20:46:04Z,99.0,Sense
2025-08-16T20:46:09Z,96.0,Sense
2025-08-16T20:46:19Z,97.0,Sense
2025-08-16T20:46:24Z,93.0,Sense
2025-08-16T20:46:29Z,94.0,Sense
2025-08-16T20:46:39Z,90.0,Sense
2025-08-16T20:46:44Z,87.0,Sense
2025-08-16T20:46:59Z,86.0,Sense
2025-08-16T20:47:04Z,85.0,Sense
2025-08-16T20:47:14Z,85.0,Sense
2025-08-16T20:47:24Z,86.0,Sense
2025-08-16T20:47:29Z,88.0,Sense
2025-08-16T20:47:34Z,86.0,Sense
2025-08-16T20:47:39Z,83.0,Sense
2025-08-16T20:47:44Z,79.0,Sense
2025-08-16T20:47:49Z,75.0,Sense
2025-08-16T20:47:59Z,76.0,Sense
2025-08-16T20:48:04Z,74.0,Sense
2025-08-16T20:48:09Z,105.0,Sense
2025-08-16T20:48:14Z,118.0,Sense
2025-08-16T20:48:29Z,117.0,Sense
2025-08-16T20:48:34Z,140.0,Sense
2025-08-16T20:48:39Z,142.0,Sense
2025-08-16T20:48:44Z,141.0,Sense
2025-08-16T20:48:54Z,139.0,Sense
2025-08-16T20:48:59Z,138.0,Sense
2025-08-16T20:49:09Z,136.0,Sense
2025-08-16T20:49:14Z,133.0,Sense
2025-08-16T20:49:19Z,132.0,Sense
2025-08-16T20:49:24Z,130.0,Sense
2025-08-16T20:49:34Z,128.0,Sense
2025-08-16T20:49:39Z,125.0,Sense
2025-08-16T20:49:44Z,123.0,Sense
2025-08-16T20:49:49Z,120.0,Sense
2025-08-16T20:49:59Z,119.0,Sense
2025-08-16T20:50:04Z,118.0,Sense
2025-08-16T20:50:09Z,134.0,Sense
2025-08-16T20:50:14Z,138.0,Sense
2025-08-16T20:50:24Z,137.0,Sense
2025-08-16T20:50:29Z,136.0,Sense
2025-08-16T20:50:34Z,138.0,Sense
2025-08-16T20:50:39Z,133.0,Sense
2025-08-16T20:50:45Z,126.0,Sense
2025-08-16T20:50:50Z,122.0,Sense
2025-08-16T20:50:55Z,125.0,Sense
2025-08-16T20:51:00Z,121.0,Sense
2025-08-16T20:51:05Z,120.0,Sense
2025-08-16T20:51:10Z,116.0,Sense
2025-08-16T20:51:15Z,115.0,Sense
2025-08-16T20:51:25Z,114.0,Sense
2025-08-16T20:51:30Z,110.0,Sense
2025-08-16T20:51:35Z,109.0,Sense
2025-08-16T20:51:45Z,110.0,Sense
2025-08-16T20:51:55Z,109.0,Sense
2025-08-16T20:52:00Z,111.0,Sense
2025-08-16T20:52:05Z,108.0,Sense
2025-08-16T20:52:10Z,106.0,Sense
2025-08-16T20:52:20Z,103.0,Sense
2025-08-16T20:52:25Z,96.0,Sense
2025-08-16T20:52:30Z,95.0,Sense
2025-08-16T20:52:35Z,97.0,Sense
2025-08-16T20:52:40Z,99.0,Sense
2025-08-16T20:52:50Z,98.0,Sense
2025-08-16T20:52:55Z,100.0,Sense
2025-08-16T20:53:00Z,103.0,Sense
2025-08-16T20:53:05Z,104.0,Sense
2025-08-16T20:53:10Z,107.0,Sense
2025-08-16T20:53:15Z,108.0,Sense
2025-08-16T20:53:25Z,113.0,Sense
2025-08-16T20:53:30Z,140.0,Sense
2025-08-16T20:53:35Z,142.0,Sense
2025-08-16T20:53:40Z,140.0,Sense
2025-08-16T20:53:45Z,139.0,Sense
2025-08-16T20:53:50Z,153.0,Sense
2025-08-16T20:53:55Z,158.0,Sense
2025-08-16T20:54:00Z,160.0,Sense
2025-08-16T20:54:05Z,161.0,Sense
2025-08-16T20:54:10Z,162.0,Sense
2025-08-16T20:54:15Z,161.0,Sense
2025-08-16T20:54:20Z,159.0,Sense
2025-08-16T20:54:25Z,157.0,Sense
2025-08-16T20:54:30Z,155.0,Sense
2025-08-16T20:54:35Z,151.0,Sense
2025-08-16T20:54:40Z,147.0,Sense
2025-08-16T20:54:45Z,142.0,Sense
2025-08-16T20:54:50Z,140.0,Sense
2025-08-16T20:54:55Z,158.0,Sense
2025-08-16T20:55:00Z,157.0,Sense
2025-08-16T20:55:05Z,154.0,Sense
2025-08-16T20:55:10Z,152.0,Sense
2025-08-16T20:55:20Z,150.0,Sense
2025-08-16T20:55:25Z,144.0,Sense
2025-08-16T20:55:30Z,142.0,Sense
2025-08-16T20:55:35Z,144.0,Sense
2025-08-16T20:55:40Z,145.0,Sense
2025-08-16T20:55:45Z,142.0,Sense
2025-08-16T20:55:50Z,139.0,Sense
2025-08-16T20:55:55Z,142.0,Sense
2025-08-16T20:56:00Z,149.0,Sense
2025-08-16T20:56:05Z,151.0,Sense
2025-08-16T20:56:15Z,150.0,Sense
2025-08-16T20:56:20Z,145.0,Sense
2025-08-16T20:56:25Z,144.0,Sense
2025-08-16T20:56:30Z,139.0,Sense
2025-08-16T20:56:35Z,137.0,Sense
2025-08-16T20:56:40Z,136.0,Sense
2025-08-16T20:56:45Z,135.0,Sense
2025-08-16T20:56:50Z,131.0,Sense
2025-08-16T20:56:55Z,126.0,Sense
2025-08-16T20:57:00Z,124.0,Sense
2025-08-16T20:57:06Z,123.0,Sense
2025-08-16T20:57:16Z,124.0,Sense
2025-08-16T20:57:21Z,121.0,Sense
2025-08-16T20:57:31Z,122.0,Sense
2025-08-16T20:57:36Z,120.0,Sense
2025-08-16T20:57:41Z,117.0,Sense
2025-08-16T20:57:46Z,113.0,Sense
2025-08-16T20:57:51Z,118.0,Sense
2025-08-16T20:57:56Z,137.0,Sense
2025-08-16T20:58:06Z,136.0,Sense
2025-08-16T20:58:11Z,135.0,Sense
2025-08-16T20:58:21Z,132.0,Sense
2025-08-16T20:58:26Z,126.0,Sense
2025-08-16T20:58:31Z,120.0,Sense
2025-08-16T20:58:36Z,119.0,Sense
2025-08-16T20:58:41Z,121.0,Sense
2025-08-16T20:58:46Z,114.0,Sense
2025-08-16T20:58:51Z,109.0,Sense
2025-08-16T20:58:56Z,103.0,Sense
2025-08-16T20:59:01Z,98.0,Sense
2025-08-16T20:59:11Z,97.0,Sense
2025-08-16T20:59:21Z,98.0,Sense
2025-08-16T20:59:26Z,97.0,Sense
2025-08-16T20:59:31Z,96.0,Sense
2025-08-16T20:59:36Z,96.0,Sense
2025-08-16T20:59:41Z,96.0,Sense
2025-08-16T20:59:51Z,97.0,Sense
2025-08-16T20:59:56Z,102.0,Sense
2025-08-16T21:00:01Z,114.0,Sense
2025-08-16T21:00:06Z,112.0,Sense
2025-08-16T21:00:21Z,123.0,Sense
2025-08-16T21:00:26Z,149.0,Sense
2025-08-16T21:00:36Z,148.0,Sense
2025-08-16T21:00:41Z,147.0,Sense
2025-08-16T21:00:46Z,144.0,Sense
2025-08-16T21:00:51Z,141.0,Sense
2025-08-16T21:00:56Z,136.0,Sense
2025-08-16T21:01:01Z,135.0,Sense
2025-08-16T21:01:16Z,137.0,Sense
2025-08-16T21:01:21Z,138.0,Sense
2025-08-16T21:01:26Z,154.0,Sense
2025-08-16T21:01:41Z,153.0,Sense
2025-08-16T21:01:46Z,149.0,Sense
2025-08-16T21:01:51Z,144.0,Sense
2025-08-16T21:01:56Z,140.0,Sense
2025-08-16T21:02:01Z,144.0,Sense
2025-08-16T21:02:06Z,151.0,Sense
2025-08-16T21:02:11Z,157.0,Sense
2025-08-16T21:02:16Z,158.0,Sense
2025-08-16T21:02:21Z,156.0,Sense
2025-08-16T21:02:26Z,155.0,Sense
2025-08-16T21:02:31Z,155.0,Sense
2025-08-16T21:02:36Z,152.0,Sense
2025-08-16T21:02:41Z,151.0,Sense
2025-08-16T21:02:46Z,152.0,Sense
2025-08-16T21:02:51Z,151.0,Sense
2025-08-16T21:03:06Z,149.0,Sense
2025-08-16T21:03:11Z,141.0,Sense
2025-08-16T21:03:16Z,130.0,Sense
2025-08-16T21:03:21Z,129.0,Sense
2025-08-16T21:03:26Z,140.0,Sense
2025-08-16T21:03:41Z,140.0,Sense
2025-08-16T21:03:46Z,139.0,Sense
2025-08-16T21:03:51Z,139.0,Sense
2025-08-16T21:03:56Z,140.0,Sense
2025-08-16T21:04:01Z,135.0,Sense
2025-08-16T21:04:06Z,132.0,Sense
2025-08-16T21:04:11Z,131.0,Sense
2025-08-16T21:04:16Z,143.0,Sense
2025-08-16T21:04:21Z,161.0,Sense
2025-08-16T21:04:26Z,159.0,Sense
2025-08-16T21:04:31Z,157.0,Sense
2025-08-16T21:04:36Z,154.0,Sense
2025-08-16T21:04:46Z,152.0,Sense
2025-08-16T21:04:51Z,150.0,Sense
2025-08-16T21:05:06Z,148.0,Sense
2025-08-16T21:05:16Z,145.0,Sense
2025-08-16T21:05:21Z,144.0,Sense
2025-08-16T21:05:31Z,140.0,Sense
2025-08-16T21:05:36Z,142.0,Sense
2025-08-16T21:05:41Z,139.0,Sense
2025-08-16T21:05:46Z,136.0,Sense
2025-08-16T21:05:51Z,134.0,Sense
2025-08-16T21:05:56Z,133.0,Sense
2025-08-16T21:06:01Z,129.0,Sense
2025-08-16T21:06:06Z,125.0,Sense
2025-08-16T21:06:11Z,109.0,Sense
2025-08-16T21:06:16Z,107.0,Sense
2025-08-16T21:06:21Z,108.0,Sense
2025-08-16T21:06:26Z,109.0,Sense
2025-08-16T21:06:31Z,111.0,Sense
2025-08-16T21:06:36Z,111.0,Sense
2025-08-16T21:06:41Z,108.0,Sense
2025-08-16T21:06:46Z,124.0,Sense
2025-08-16T21:06:51Z,121.0,Sense
2025-08-16T21:07:01Z,120.0,Sense
2025-08-16T21:07:06Z,121.0,Sense
2025-08-16T21:07:11Z,133.0,Sense
2025-08-16T21:07:16Z,139.0,Sense
2025-08-16T21:07:21Z,137.0,Sense
2025-08-16T21:07:26Z,136.0,Sense
2025-08-16T21:07:31Z,134.0,Sense
2025-08-16T21:07:36Z,133.0,Sense
2025-08-16T21:07:41Z,132.0,Sense
2025-08-16T21:07:46Z,128.0,Sense
2025-08-16T21:07:51Z,127.0,Sense
2025-08-16T21:07:56Z,124.0,Sense
2025-08-16T21:08:01Z,119.0,Sense
2025-08-16T21:08:06Z,112.0,Sense
2025-08-16T21:08:11Z,115.0,Sense
2025-08-16T21:08:21Z,110.0,Sense
2025-08-16T21:08:26Z,128.0,Sense
2025-08-16T21:08:31Z,142.0,Sense
2025-08-16T21:08:36Z,141.0,Sense
2025-08-16T21:08:41Z,140.0,Sense
2025-08-16T21:08:46Z,138.0,Sense
2025-08-16T21:08:51Z,137.0,Sense
2025-08-16T21:08:56Z,136.0,Sense
2025-08-16T21:09:01Z,132.0,Sense
2025-08-16T21:09:06Z,127.0,Sense
2025-08-16T21:09:11Z,124.0,Sense
2025-08-16T21:09:16Z,121.0,Sense
2025-08-16T21:09:21Z,120.0,Sense
2025-08-16T21:09:31Z,119.0,Sense
2025-08-16T21:09:41Z,118.0,Sense
2025-08-16T21:09:46Z,115.0,Sense
2025-08-16T21:09:51Z,109.0,Sense
2025-08-16T21:09:56Z,105.0,Sense
2025-08-16T21:10:01Z,102.0,Sense
2025-08-16T21:10:06Z,99.0,Sense
2025-08-16T21:10:16Z,100.0,Sense
2025-08-16T21:10:21Z,101.0,Sense
2025-08-16T21:10:26Z,102.0,Sense
2025-08-16T21:10:31Z,104.0,Sense
2025-08-16T21:10:36Z,107.0,Sense
2025-08-16T21:10:41Z,108.0,Sense
2025-08-16T21:10:51Z,112.0,Sense
2025-08-16T21:10:56Z,111.0,Sense
2025-08-16T21:11:01Z,106.0,Sense
2025-08-16T21:11:16Z,106.0,Sense
2025-08-16T21:11:21Z,108.0,Sense
2025-08-16T21:11:26Z,109.0,Sense
2025-08-16T21:11:31Z,110.0,Sense
2025-08-16T21:11:36Z,109.0,Sense
2025-08-16T21:11:41Z,107.0,Sense
2025-08-16T21:11:46Z,103.0,Sense
2025-08-16T21:11:51Z,96.0,Sense
2025-08-16T21:11:56Z,90.0,Sense
2025-08-16T21:12:01Z,92.0,Sense
2025-08-16T21:12:16Z,95.0,Sense
2025-08-16T21:12:21Z,96.0,Sense
2025-08-16T21:12:26Z,95.0,Sense
2025-08-16T21:12:31Z,86.0,Sense
2025-08-16T21:12:36Z,81.0,Sense
2025-08-16T21:12:41Z,83.0,Sense
2025-08-16T21:12:46Z,84.0,Sense
2025-08-16T21:12:51Z,83.0,Sense
2025-08-16T21:12:56Z,84.0,Sense
2025-08-16T21:13:06Z,88.0,Sense
2025-08-16T21:13:11Z,103.0,Sense
2025-08-16T21:13:16Z,116.0,Sense
2025-08-16T21:13:26Z,118.0,Sense
2025-08-16T21:13:41Z,120.0,Sense
2025-08-16T21:13:46Z,116.0,Sense
2025-08-16T21:13:51Z,118.0,Sense
2025-08-16T21:13:56Z,110.0,Sense
2025-08-16T21:14:01Z,106.0,Sense
2025-08-16T21:14:06Z,107.0,Sense
2025-08-16T21:14:11Z,106.0,Sense
2025-08-16T21:14:16Z,106.0,Sense
2025-08-16T21:14:21Z,107.0,Sense
2025-08-16T21:14:31Z,108.0,Sense
2025-08-16T21:14:36Z,107.0,Sense
2025-08-16T21:14:46Z,122.0,Sense
2025-08-16T21:14:51Z,151.0,Sense
2025-08-16T21:14:56Z,142.0,Sense
2025-08-16T21:15:01Z,140.0,Sense
2025-08-16T21:15:06Z,138.0,Sense
2025-08-16T21:15:11Z,135.0,Sense
2025-08-16T21:15:21Z,132.0,Sense
2025-08-16T21:15:26Z,134.0,Sense
2025-08-16T21:15:31Z,132.0,Sense
2025-08-16T21:15:36Z,127.0,Sense
2025-08-16T21:15:41Z,122.0,Sense
2025-08-16T21:15:46Z,116.0,Sense
2025-08-16T21:15:51Z,113.0,Sense
2025-08-16T21:15:56Z,112.0,Sense
2025-08-16T21:16:01Z,109.0,Sense
2025-08-16T21:16:06Z,107.0,Sense
2025-08-16T21:16:11Z,103.0,Sense
2025-08-16T21:16:16Z,102.0,Sense
2025-08-16T21:16:21Z,101.0,Sense
2025-08-16T21:16:26Z,100.0,Sense
2025-08-16T21:16:31Z,101.0,Sense
2025-08-16T21:16:36Z,105.0,Sense
2025-08-16T21:16:41Z,103.0,Sense
2025-08-16T21:16:46Z,102.0,Sense
2025-08-16T21:16:56Z,101.0,Sense
2025-08-16T21:17:01Z,100.0,Sense
2025-08-16T21:17:11Z,99.0,Sense
2025-08-16T21:17:16Z,100.0,Sense
2025-08-16T21:17:21Z,98.0,Sense
2025-08-16T21:17:36Z,98.0,Sense
2025-08-16T21:17:46Z,99.0,Sense
2025-08-16T21:17:51Z,93.0,Sense
2025-08-16T21:17:56Z,96.0,Sense
2025-08-16T21:18:01Z,111.0,Sense
2025-08-16T21:18:06Z,110.0,Sense
2025-08-16T21:18:11Z,109.0,Sense
2025-08-16T21:18:16Z,105.0,Sense
2025-08-16T21:18:21Z,98.0,Sense
2025-08-16T21:18:26Z,110.0,Sense
2025-08-16T21:18:31Z,113.0,Sense
2025-08-16T21:18:36Z,105.0,Sense
2025-08-16T21:18:41Z,100.0,Sense
2025-08-16T21:18:51Z,99.0,Sense
2025-08-16T21:18:56Z,94.0,Sense
2025-08-16T21:19:01Z,90.0,Sense
2025-08-16T21:19:06Z,90.0,Sense
2025-08-16T21:19:21Z,90.0,Sense
2025-08-16T21:19:31Z,89.0,Sense
2025-08-16T21:19:36Z,87.0,Sense
2025-08-16T21:19:41Z,86.0,Sense
2025-08-16T21:19:46Z,85.0,Sense
2025-08-16T21:19:51Z,89.0,Sense
2025-08-16T21:19:56Z,95.0,Sense
2025-08-16T21:20:06Z,96.0,Sense
2025-08-16T21:20:16Z,97.0,Sense
2025-08-16T21:20:21Z,98.0,Sense
2025-08-16T21:20:26Z,114.0,Sense
2025-08-16T21:20:31Z,147.0,Sense
2025-08-16T21:20:36Z,157.0,Sense
2025-08-16T21:20:41Z,155.0,Sense
2025-08-16T21:20:46Z,154.0,Sense
2025-08-16T21:20:51Z,152.0,Sense
2025-08-16T21:20:56Z,150.0,Sense
2025-08-16T21:21:01Z,145.0,Sense
2025-08-16T21:21:06Z,138.0,Sense
2025-08-16T21:21:11Z,122.0,Sense
2025-08-16T21:21:16Z,121.0,Sense
2025-08-16T21:21:21Z,119.0,Sense
2025-08-16T21:21:26Z,118.0,Sense
2025-08-16T21:21:41Z,118.0,Sense
2025-08-16T21:21:56Z,117.0,Sense
2025-08-16T21:22:01Z,112.0,Sense
2025-08-16T21:22:06Z,108.0,Sense
2025-08-16T21:22:11Z,116.0,Sense
2025-08-16T21:22:16Z,122.0,Sense
2025-08-16T21:22:21Z,123.0,Sense
2025-08-16T21:22:26Z,122.0,Sense
2025-08-16T21:22:36Z,123.0,Sense
2025-08-16T21:22:41Z,118.0,Sense
2025-08-16T21:22:46Z,116.0,Sense
2025-08-16T21:22:51Z,123.0,Sense
2025-08-16T21:22:56Z,124.0,Sense
2025-08-16T21:23:01Z,120.0,Sense
2025-08-16T21:23:06Z,116.0,Sense
2025-08-16T21:23:11Z,118.0,Sense
2025-08-16T21:23:21Z,115.0,Sense
2025-08-16T21:23:26Z,106.0,Sense
2025-08-16T21:23:31Z,101.0,Sense
2025-08-16T21:23:36Z,92.0,Sense
2025-08-16T21:23:41Z,88.0,Sense
2025-08-16T21:23:46Z,92.0,Sense
2025-08-16T21:23:51Z,107.0,Sense
2025-08-16T21:23:56Z,106.0,Sense
2025-08-16T21:24:01Z,101.0,Sense
2025-08-16T21:24:06Z,91.0,Sense
2025-08-16T21:24:16Z,86.0,Sense
2025-08-16T21:24:21Z,85.0,Sense
2025-08-16T21:24:26Z,103.0,Sense
2025-08-16T21:24:31Z,126.0,Sense
2025-08-16T21:24:36Z,125.0,Sense
2025-08-16T21:24:41Z,124.0,Sense
2025-08-16T21:24:46Z,122.0,Sense
2025-08-16T21:24:51Z,120.0,Sense
2025-08-16T21:24:56Z,115.0,Sense
2025-08-16T21:25:01Z,108.0,Sense
2025-08-16T21:25:06Z,102.0,Sense
2025-08-16T21:25:11Z,104.0,Sense
2025-08-16T21:25:16Z,108.0,Sense
2025-08-16T21:25:21Z,107.0,Sense
2025-08-16T21:25:26Z,111.0,Sense
2025-08-16T21:25:31Z,113.0,Sense
2025-08-16T21:25:36Z,109.0,Sense
2025-08-16T21:25:41Z,104.0,Sense
2025-08-16T21:25:46Z,101.0,Sense
2025-08-16T21:25:56Z,99.0,Sense
2025-08-16T21:26:01Z,94.0,Sense
2025-08-16T21:26:06Z,90.0,Sense
2025-08-16T21:26:11Z,91.0,Sense
2025-08-16T21:26:16Z,89.0,Sense
2025-08-16T21:26:21Z,92.0,Sense
2025-08-16T21:26:26Z,97.0,Sense
2025-08-16T21:26:31Z,101.0,Sense
2025-08-16T21:26:36Z,103.0,Sense
2025-08-16T21:26:41Z,101.0,Sense
2025-08-16T21:26:46Z,101.0,Sense
2025-08-16T21:26:56Z,109.0,Sense
2025-08-16T21:27:01Z,110.0,Sense
2025-08-16T21:27:11Z,113.0,Sense
2025-08-16T21:27:16Z,112.0,Sense
2025-08-16T21:27:21Z,103.0,Sense
2025-08-16T21:27:26Z,102.0,Sense
2025-08-16T21:27:36Z,105.0,Sense
2025-08-16T21:27:46Z,108.0,Sense
2025-08-16T21:27:51Z,109.0,Sense
2025-08-16T21:28:06Z,109.0,Sense
2025-08-16T21:28:11Z,110.0,Sense
2025-08-16T21:28:21Z,111.0,Sense
2025-08-16T21:28:26Z,110.0,Sense
2025-08-16T21:28:31Z,105.0,Sense
2025-08-16T21:28:36Z,107.0,Sense
2025-08-16T21:28:41Z,108.0,Sense
2025-08-16T21:28:46Z,106.0,Sense
2025-08-16T21:28:51Z,108.0,Sense
2025-08-16T21:28:56Z,109.0,Sense
2025-08-16T21:29:06Z,111.0,Sense
2025-08-16T21:29:11Z,105.0,Sense
2025-08-16T21:29:16Z,96.0,Sense
2025-08-16T21:29:21Z,99.0,Sense
2025-08-16T21:29:26Z,126.0,Sense
2025-08-16T21:29:31Z,128.0,Sense
2025-08-16T21:29:36Z,129.0,Sense
2025-08-16T21:29:41Z,127.0,Sense
2025-08-16T21:29:46Z,124.0,Sense
2025-08-16T21:29:51Z,123.0,Sense
2025-08-16T21:29:56Z,118.0,Sense
2025-08-16T21:30:01Z,115.0,Sense
2025-08-16T21:30:06Z,112.0,Sense
2025-08-16T21:30:11Z,105.0,Sense
2025-08-16T21:30:26Z,106.0,Sense
2025-08-16T21:30:31Z,108.0,Sense
2025-08-16T21:30:36Z,102.0,Sense
2025-08-16T21:30:46Z,101.0,Sense
2025-08-16T21:30:51Z,104.0,Sense
2025-08-16T21:30:56Z,105.0,Sense
2025-08-16T21:31:01Z,104.0,Sense
2025-08-16T21:31:06Z,101.0,Sense
2025-08-16T21:31:16Z,98.0,Sense
2025-08-16T21:31:26Z,101.0,Sense
2025-08-16T21:31:31Z,104.0,Sense
2025-08-16T21:31:36Z,103.0,Sense
2025-08-16T21:31:46Z,106.0,Sense
2025-08-16T21:31:56Z,107.0,Sense
2025-08-16T21:32:06Z,108.0,Sense
2025-08-16T21:32:11Z,107.0,Sense
2025-08-16T21:32:16Z,104.0,Sense
2025-08-16T21:32:21Z,104.0,Sense
2025-08-16T21:32:26Z,105.0,Sense
2025-08-16T21:32:31Z,107.0,Sense
2025-08-16T21:32:36Z,105.0,Sense
2025-08-16T21:32:41Z,98.0,Sense
2025-08-16T21:32:46Z,107.0,Sense
2025-08-16T21:32:51Z,104.0,Sense
2025-08-16T21:32:56Z,103.0,Sense
2025-08-16T21:33:01Z,104.0,Sense
2025-08-16T21:33:06Z,102.0,Sense
2025-08-16T21:33:11Z,103.0,Sense
2025-08-16T21:33:16Z,100.0,Sense
2025-08-16T21:33:21Z,92.0,Sense
2025-08-16T21:33:26Z,88.0,Sense
2025-08-16T21:33:31Z,85.0,Sense
2025-08-16T21:33:36Z,97.0,Sense
2025-08-16T21:33:41Z,100.0,Sense
2025-08-16T21:33:51Z,99.0,Sense
2025-08-16T21:33:56Z,94.0,Sense
2025-08-16T21:34:01Z,96.0,Sense
2025-08-16T21:34:11Z,95.0,Sense
2025-08-16T21:34:16Z,90.0,Sense
2025-08-16T21:34:21Z,88.0,Sense
2025-08-16T21:34:26Z,85.0,Sense
2025-08-16T21:34:31Z,72.0,Sense
2025-08-16T21:34:36Z,73.0,Sense
2025-08-16T21:34:41Z,74.0,Sense
2025-08-16T21:34:51Z,73.0,Sense
2025-08-16T21:35:01Z,74.0,Sense
2025-08-16T21:35:06Z,75.0,Sense
2025-08-16T21:35:11Z,78.0,Sense
2025-08-16T21:35:16Z,80.0,Sense
2025-08-16T21:35:21Z,81.0,Sense
2025-08-16T21:35:26Z,83.0,Sense
2025-08-16T21:35:31Z,85.0,Sense
2025-08-16T21:35:36Z,86.0,Sense
2025-08-16T21:35:41Z,87.0,Sense
2025-08-16T21:35:46Z,89.0,Sense
2025-08-16T21:35:51Z,91.0,Sense
2025-08-16T21:35:56Z,93.0,Sense
2025-08-16T21:36:01Z,94.0,Sense
2025-08-16T21:36:11Z,104.0,Sense
2025-08-16T21:36:16Z,109.0,Sense
2025-08-16T21:36:21Z,111.0,Sense
2025-08-16T21:36:26Z,117.0,Sense
2025-08-16T21:36:31Z,119.0,Sense
2025-08-16T21:36:41Z,117.0,Sense
2025-08-16T21:36:46Z,115.0,Sense
2025-08-16T21:36:51Z,111.0,Sense
2025-08-16T21:36:56Z,109.0,Sense
2025-08-16T21:37:01Z,108.0,Sense
2025-08-16T21:37:11Z,104.0,Sense
2025-08-16T21:37:16Z,103.0,Sense
2025-08-16T21:37:21Z,101.0,Sense
2025-08-16T21:37:26Z,100.0,Sense
2025-08-16T21:37:31Z,101.0,Sense
2025-08-16T21:37:36Z,93.0,Sense
2025-08-16T21:37:41Z,92.0,Sense
2025-08-16T21:37:46Z,93.0,Sense
2025-08-16T21:37:51Z,95.0,Sense
2025-08-16T21:38:01Z,94.0,Sense
2025-08-16T21:38:11Z,96.0,Sense
2025-08-16T21:38:16Z,95.0,Sense
2025-08-16T21:38:26Z,97.0,Sense
2025-08-16T21:38:31Z,99.0,Sense
2025-08-16T21:38:46Z,99.0,Sense
2025-08-16T21:39:01Z,98.0,Sense
2025-08-16T21:39:06Z,94.0,Sense
2025-08-16T21:39:21Z,95.0,Sense
2025-08-16T21:39:26Z,96.0,Sense
2025-08-16T21:39:31Z,96.0,Sense
2025-08-16T21:39:41Z,95.0,Sense
2025-08-16T21:39:56Z,95.0,Sense
2025-08-16T21:40:06Z,96.0,Sense
2025-08-16T21:40:11Z,92.0,Sense
2025-08-16T21:40:21Z,93.0,Sense
2025-08-16T21:40:26Z,94.0,Sense
2025-08-16T21:40:31Z,94.0,Sense
2025-08-16T21:40:36Z,95.0,Sense
2025-08-16T21:40:51Z,95.0,Sense
2025-08-16T21:40:56Z,94.0,Sense
2025-08-16T21:41:11Z,93.0,Sense
2025-08-16T21:41:26Z,93.0,Sense
2025-08-16T21:41:31Z,94.0,Sense
2025-08-16T21:41:36Z,96.0,Sense
2025-08-16T21:41:41Z,97.0,Sense
2025-08-16T21:41:51Z,96.0,Sense
2025-08-16T21:41:56Z,95.0,Sense
2025-08-16T21:42:01Z,96.0,Sense
2025-08-16T21:42:06Z,95.0,Sense
2025-08-16T21:42:16Z,94.0,Sense
2025-08-16T21:42:26Z,96.0,Sense
2025-08-16T21:42:31Z,98.0,Sense
2025-08-16T21:42:41Z,97.0,Sense
2025-08-16T21:42:46Z,94.0,Sense
2025-08-16T21:42:51Z,91.0,Sense
2025-08-16T21:43:01Z,92.0,Sense
2025-08-16T21:43:06Z,96.0,Sense
2025-08-16T21:43:21Z,96.0,Sense
2025-08-16T21:43:31Z,96.0,Sense
2025-08-16T21:43:36Z,97.0,Sense
2025-08-16T21:43:46Z,96.0,Sense
2025-08-16T21:43:51Z,97.0,Sense
2025-08-16T21:43:56Z,100.0,Sense
2025-08-16T21:44:01Z,107.0,Sense
2025-08-16T21:44:06Z,96.0,Sense
2025-08-16T21:44:11Z,95.0,Sense
2025-08-16T21:44:21Z,98.0,Sense
2025-08-16T21:44:26Z,104.0,Sense
2025-08-16T21:44:31Z,102.0,Sense
2025-08-16T21:44:36Z,97.0,Sense
2025-08-16T21:44:41Z,107.0,Sense
2025-08-16T21:44:46Z,110.0,Sense
2025-08-16T21:44:51Z,107.0,Sense
2025-08-16T21:44:56Z,106.0,Sense
2025-08-16T21:45:11Z,105.0,Sense
2025-08-16T21:45:16Z,106.0,Sense
2025-08-16T21:45:21Z,105.0,Sense
2025-08-16T21:45:26Z,125.0,Sense
2025-08-16T21:45:31Z,116.0,Sense
2025-08-16T21:45:36Z,123.0,Sense
2025-08-16T21:45:41Z,125.0,Sense
2025-08-16T21:45:51Z,126.0,Sense
2025-08-16T21:45:56Z,125.0,Sense
2025-08-16T21:46:01Z,120.0,Sense
2025-08-16T21:46:11Z,117.0,Sense
2025-08-16T21:46:16Z,107.0,Sense
2025-08-16T21:46:21Z,104.0,Sense
2025-08-16T21:46:26Z,101.0,Sense
2025-08-16T21:46:31Z,97.0,Sense
2025-08-16T21:46:36Z,99.0,Sense
2025-08-16T21:46:41Z,100.0,Sense
2025-08-16T21:46:46Z,104.0,Sense
2025-08-16T21:46:51Z,108.0,Sense
2025-08-16T21:46:56Z,111.0,Sense
2025-08-16T21:47:01Z,115.0,Sense
2025-08-16T21:47:11Z,113.0,Sense
2025-08-16T21:47:21Z,115.0,Sense
2025-08-16T21:47:26Z,113.0,Sense
2025-08-16T21:47:31Z,110.0,Sense
2025-08-16T21:47:36Z,103.0,Sense
2025-08-16T21:47:41Z,102.0,Sense
2025-08-16T21:47:46Z,107.0,Sense
2025-08-16T21:47:51Z,104.0,Sense
2025-08-16T21:47:56Z,101.0,Sense
2025-08-16T21:48:06Z,97.0,Sense
2025-08-16T21:48:11Z,99.0,Sense
2025-08-16T21:48:16Z,104.0,Sense
2025-08-16T21:48:21Z,103.0,Sense
2025-08-16T21:48:26Z,104.0,Sense
2025-08-16T21:48:36Z,99.0,Sense
2025-08-16T21:48:41Z,102.0,Sense
2025-08-16T21:48:46Z,104.0,Sense
2025-08-16T21:48:51Z,102.0,Sense
2025-08-16T21:48:56Z,92.0,Sense
2025-08-16T21:49:01Z,91.0,Sense
2025-08-16T21:49:06Z,92.0,Sense
2025-08-16T21:49:11Z,93.0,Sense
2025-08-16T21:49:26Z,92.0,Sense
2025-08-16T21:49:31Z,92.0,Sense
2025-08-16T21:49:36Z,93.0,Sense
2025-08-16T21:49:41Z,95.0,Sense
2025-08-16T21:49:46Z,96.0,Sense
2025-08-16T21:49:56Z,97.0,Sense
2025-08-16T21:50:01Z,100.0,Sense
2025-08-16T21:50:06Z,101.0,Sense
2025-08-16T21:50:16Z,99.0,Sense
2025-08-16T21:50:26Z,97.0,Sense
2025-08-16T21:50:36Z,99.0,Sense
2025-08-16T21:50:46Z,100.0,Sense
2025-08-16T21:50:51Z,102.0,Sense
2025-08-16T21:50:56Z,101.0,Sense
2025-08-16T21:51:01Z,100.0,Sense
2025-08-16T21:51:11Z,99.0,Sense
2025-08-16T21:51:16Z,98.0,Sense
2025-08-16T21:51:21Z,99.0,Sense
2025-08-16T21:51:26Z,102.0,Sense
2025-08-16T21:51:31Z,105.0,Sense
2025-08-16T21:51:36Z,104.0,Sense
2025-08-16T21:51:41Z,104.0,Sense
2025-08-16T21:51:46Z,105.0,Sense
2025-08-16T21:51:51Z,104.0,Sense
2025-08-16T21:51:56Z,103.0,Sense
2025-08-16T21:52:01Z,102.0,Sense
2025-08-16T21:52:06Z,101.0,Sense
2025-08-16T21:52:11Z,108.0,Sense
2025-08-16T21:52:16Z,126.0,Sense
2025-08-16T21:52:21Z,127.0,Sense
2025-08-16T21:52:31Z,125.0,Sense
2025-08-16T21:52:36Z,123.0,Sense
2025-08-16T21:52:41Z,124.0,Sense
2025-08-16T21:52:46Z,120.0,Sense
2025-08-16T21:52:51Z,106.0,Sense
2025-08-16T21:53:01Z,107.0,Sense
2025-08-16T21:53:06Z,106.0,Sense
2025-08-16T21:53:11Z,107.0,Sense
2025-08-16T21:53:16Z,112.0,Sense
2025-08-16T21:53:21Z,117.0,Sense
2025-08-16T21:53:31Z,110.0,Sense
2025-08-16T21:53:36Z,107.0,Sense
2025-08-16T21:53:46Z,111.0,Sense
2025-08-16T21:53:51Z,112.0,Sense
2025-08-16T21:53:56Z,126.0,Sense
2025-08-16T21:54:01Z,128.0,Sense
2025-08-16T21:54:06Z,126.0,Sense
2025-08-16T21:54:16Z,124.0,Sense
2025-08-16T21:54:21Z,123.0,Sense
2025-08-16T21:54:26Z,122.0,Sense
2025-08-16T21:54:31Z,123.0,Sense
2025-08-16T21:54:36Z,121.0,Sense
2025-08-16T21:54:41Z,121.0,Sense
2025-08-16T21:54:51Z,119.0,Sense
2025-08-16T21:54:56Z,121.0,Sense
2025-08-16T21:55:01Z,128.0,Sense
2025-08-16T21:55:06Z,127.0,Sense
2025-08-16T21:55:11Z,128.0,Sense
2025-08-16T21:55:21Z,129.0,Sense
2025-08-16T21:55:26Z,134.0,Sense
2025-08-16T21:55:31Z,133.0,Sense
2025-08-16T21:55:36Z,144.0,Sense
2025-08-16T21:55:41Z,149.0,Sense
2025-08-16T21:55:46Z,148.0,Sense
2025-08-16T21:55:51Z,147.0,Sense
2025-08-16T21:55:56Z,146.0,Sense
2025-08-16T21:56:01Z,157.0,Sense
2025-08-16T21:56:16Z,156.0,Sense
2025-08-16T21:56:21Z,146.0,Sense
2025-08-16T21:56:26Z,139.0,Sense
2025-08-16T21:56:31Z,137.0,Sense
2025-08-16T21:56:46Z,155.0,Sense
2025-08-16T21:56:51Z,154.0,Sense
2025-08-16T21:56:56Z,151.0,Sense
2025-08-16T21:57:01Z,149.0,Sense
2025-08-16T21:57:06Z,152.0,Sense
2025-08-16T21:57:16Z,148.0,Sense
2025-08-16T21:57:21Z,146.0,Sense
2025-08-16T21:57:26Z,151.0,Sense
2025-08-16T21:57:31Z,147.0,Sense
2025-08-16T21:57:36Z,144.0,Sense
2025-08-16T21:57:41Z,136.0,Sense
2025-08-16T21:57:46Z,128.0,Sense
2025-08-16T21:57:51Z,129.0,Sense
2025-08-16T21:58:01Z,127.0,Sense
2025-08-16T21:58:06Z,131.0,Sense
2025-08-16T21:58:11Z,132.0,Sense
2025-08-16T21:58:16Z,133.0,Sense
2025-08-16T21:58:26Z,132.0,Sense
2025-08-16T21:58:31Z,128.0,Sense
2025-08-16T21:58:41Z,126.0,Sense
2025-08-16T21:58:46Z,124.0,Sense
2025-08-16T21:58:51Z,123.0,Sense
2025-08-16T21:58:56Z,118.0,Sense
2025-08-16T21:59:01Z,116.0,Sense
2025-08-16T21:59:06Z,113.0,Sense
2025-08-16T21:59:11Z,111.0,Sense
2025-08-16T21:59:16Z,106.0,Sense
2025-08-16T21:59:21Z,100.0,Sense
2025-08-16T21:59:26Z,99.0,Sense
2025-08-16T21:59:31Z,100.0,Sense
2025-08-16T21:59:36Z,102.0,Sense
2025-08-16T21:59:46Z,101.0,Sense
2025-08-16T21:59:51Z,102.0,Sense
2025-08-16T21:59:56Z,116.0,Sense
2025-08-16T22:00:01Z,143.0,Sense
2025-08-16T22:00:06Z,142.0,Sense
2025-08-16T22:00:11Z,139.0,Sense
2025-08-16T22:00:16Z,134.0,Sense
2025-08-16T22:00:21Z,130.0,Sense
2025-08-16T22:00:26Z,129.0,Sense
2025-08-16T22:00:31Z,127.0,Sense
2025-08-16T22:00:36Z,125.0,Sense
2025-08-16T22:00:41Z,138.0,Sense
2025-08-16T22:00:46Z,158.0,Sense
2025-08-16T22:00:51Z,157.0,Sense
2025-08-16T22:00:56Z,156.0,Sense
2025-08-16T22:01:01Z,152.0,Sense
2025-08-16T22:01:06Z,151.0,Sense
2025-08-16T22:01:11Z,155.0,Sense
2025-08-16T22:01:16Z,151.0,Sense
2025-08-16T22:01:21Z,150.0,Sense
2025-08-16T22:01:31Z,149.0,Sense
2025-08-16T22:01:36Z,142.0,Sense
2025-08-16T22:01:41Z,135.0,Sense
2025-08-16T22:01:46Z,125.0,Sense
2025-08-16T22:01:51Z,120.0,Sense
2025-08-16T22:01:56Z,121.0,Sense
2025-08-16T22:02:06Z,127.0,Sense
2025-08-16T22:02:11Z,128.0,Sense
2025-08-16T22:02:16Z,127.0,Sense
2025-08-16T22:02:21Z,126.0,Sense
2025-08-16T22:02:26Z,122.0,Sense
2025-08-16T22:02:31Z,127.0,Sense
2025-08-16T22:02:36Z,135.0,Sense
2025-08-16T22:02:46Z,133.0,Sense
2025-08-16T22:02:51Z,129.0,Sense
2025-08-16T22:02:56Z,135.0,Sense
2025-08-16T22:03:01Z,138.0,Sense
2025-08-16T22:03:06Z,136.0,Sense
2025-08-16T22:03:11Z,134.0,Sense
2025-08-16T22:03:21Z,133.0,Sense
2025-08-16T22:03:26Z,149.0,Sense
2025-08-16T22:03:31Z,153.0,Sense
2025-08-16T22:03:36Z,152.0,Sense
2025-08-16T22:03:41Z,151.0,Sense
2025-08-16T22:03:46Z,149.0,Sense
2025-08-16T22:03:51Z,155.0,Sense
2025-08-16T22:03:56Z,163.0,Sense
2025-08-16T22:04:01Z,161.0,Sense
2025-08-16T22:04:06Z,159.0,Sense
2025-08-16T22:04:11Z,158.0,Sense
2025-08-16T22:04:16Z,160.0,Sense
2025-08-16T22:04:21Z,155.0,Sense
2025-08-16T22:04:36Z,153.0,Sense
2025-08-16T22:04:41Z,148.0,Sense
2025-08-16T22:04:46Z,147.0,Sense
2025-08-16T22:04:51Z,137.0,Sense
2025-08-16T22:04:56Z,134.0,Sense
2025-08-16T22:05:01Z,125.0,Sense
2025-08-16T22:05:06Z,119.0,Sense
2025-08-16T22:05:11Z,118.0,Sense
2025-08-16T22:05:16Z,117.0,Sense
2025-08-16T22:05:21Z,119.0,Sense
2025-08-16T22:05:26Z,120.0,Sense
2025-08-16T22:05:31Z,144.0,Sense
2025-08-16T22:05:46Z,145.0,Sense
2025-08-16T22:05:51Z,151.0,Sense
2025-08-16T22:06:06Z,150.0,Sense
2025-08-16T22:06:11Z,149.0,Sense
2025-08-16T22:06:16Z,146.0,Sense
2025-08-16T22:06:21Z,145.0,Sense
2025-08-16T22:06:26Z,144.0,Sense
2025-08-16T22:06:31Z,139.0,Sense
2025-08-16T22:06:36Z,140.0,Sense
2025-08-16T22:06:46Z,139.0,Sense
2025-08-16T22:06:51Z,153.0,Sense
2025-08-16T22:06:56Z,156.0,Sense
2025-08-16T22:07:01Z,154.0,Sense
2025-08-16T22:07:06Z,152.0,Sense
2025-08-16T22:07:11Z,153.0,Sense
2025-08-16T22:07:16Z,155.0,Sense
2025-08-16T22:07:21Z,154.0,Sense
2025-08-16T22:07:31Z,148.0,Sense
2025-08-16T22:07:36Z,149.0,Sense
2025-08-16T22:07:46Z,151.0,Sense
2025-08-16T22:07:51Z,149.0,Sense
2025-08-16T22:07:56Z,145.0,Sense
2025-08-16T22:08:01Z,139.0,Sense
2025-08-16T22:08:06Z,134.0,Sense
2025-08-16T22:08:11Z,130.0,Sense
2025-08-16T22:08:16Z,129.0,Sense
2025-08-16T22:08:21Z,127.0,Sense
2025-08-16T22:08:26Z,137.0,Sense
2025-08-16T22:08:31Z,148.0,Sense
2025-08-16T22:08:41Z,145.0,Sense
2025-08-16T22:08:46Z,142.0,Sense
2025-08-16T22:08:51Z,139.0,Sense
2025-08-16T22:08:56Z,137.0,Sense
2025-08-16T22:09:01Z,130.0,Sense
2025-08-16T22:09:06Z,124.0,Sense
2025-08-16T22:09:16Z,120.0,Sense
2025-08-16T22:09:21Z,118.0,Sense
2025-08-16T22:09:26Z,119.0,Sense
2025-08-16T22:09:31Z,118.0,Sense
2025-08-16T22:09:36Z,115.0,Sense
2025-08-16T22:09:41Z,117.0,Sense
2025-08-16T22:09:46Z,118.0,Sense
2025-08-16T22:09:51Z,121.0,Sense
2025-08-16T22:09:56Z,119.0,Sense
2025-08-16T22:10:01Z,121.0,Sense
2025-08-16T22:10:06Z,118.0,Sense
2025-08-16T22:10:11Z,132.0,Sense
2025-08-16T22:10:16Z,146.0,Sense
2025-08-16T22:10:26Z,149.0,Sense
2025-08-16T22:10:31Z,148.0,Sense
2025-08-16T22:10:36Z,146.0,Sense
2025-08-16T22:10:41Z,145.0,Sense
2025-08-16T22:10:46Z,143.0,Sense
2025-08-16T22:10:51Z,141.0,Sense
2025-08-16T22:10:56Z,138.0,Sense
2025-08-16T22:11:01Z,136.0,Sense
2025-08-16T22:11:06Z,133.0,Sense
2025-08-16T22:11:16Z,132.0,Sense
2025-08-16T22:11:21Z,134.0,Sense
2025-08-16T22:11:26Z,144.0,Sense
2025-08-16T22:11:36Z,142.0,Sense
2025-08-16T22:11:41Z,140.0,Sense
2025-08-16T22:11:46Z,139.0,Sense
2025-08-16T22:11:51Z,138.0,Sense
2025-08-16T22:11:56Z,137.0,Sense
2025-08-16T22:12:01Z,136.0,Sense
2025-08-16T22:12:06Z,134.0,Sense
2025-08-16T22:12:11Z,128.0,Sense
2025-08-16T22:12:16Z,122.0,Sense
2025-08-16T22:12:21Z,117.0,Sense
2025-08-16T22:12:26Z,115.0,Sense
2025-08-16T22:12:31Z,111.0,Sense
2025-08-16T22:12:36Z,108.0,Sense
2025-08-16T22:12:46Z,107.0,Sense
2025-08-16T22:12:51Z,99.0,Sense
2025-08-16T22:12:56Z,95.0,Sense
2025-08-16T22:13:01Z,95.0,Sense
2025-08-16T22:13:11Z,97.0,Sense
2025-08-16T22:13:21Z,101.0,Sense
2025-08-16T22:13:26Z,106.0,Sense
2025-08-16T22:13:31Z,109.0,Sense
2025-08-16T22:13:41Z,147.0,Sense
2025-08-16T22:13:46Z,153.0,Sense
2025-08-16T22:14:01Z,152.0,Sense
2025-08-16T22:14:06Z,150.0,Sense
2025-08-16T22:14:11Z,149.0,Sense
2025-08-16T22:14:16Z,153.0,Sense
2025-08-16T22:14:21Z,152.0,Sense
2025-08-16T22:14:26Z,151.0,Sense
2025-08-16T22:14:31Z,144.0,Sense
2025-08-16T22:14:36Z,141.0,Sense
2025-08-16T22:14:46Z,140.0,Sense
2025-08-16T22:14:51Z,137.0,Sense
2025-08-16T22:14:56Z,131.0,Sense
2025-08-16T22:15:01Z,126.0,Sense
2025-08-16T22:15:06Z,127.0,Sense
2025-08-16T22:15:11Z,154.0,Sense
2025-08-16T22:15:16Z,153.0,Sense
2025-08-16T22:15:21Z,144.0,Sense
2025-08-16T22:15:26Z,139.0,Sense
2025-08-16T22:15:36Z,136.0,Sense
2025-08-16T22:15:41Z,127.0,Sense
2025-08-16T22:15:51Z,125.0,Sense
2025-08-16T22:16:01Z,126.0,Sense
2025-08-16T22:16:06Z,125.0,Sense
2025-08-16T22:16:11Z,123.0,Sense
2025-08-16T22:16:16Z,119.0,Sense
2025-08-16T22:16:21Z,113.0,Sense
2025-08-16T22:16:26Z,110.0,Sense
2025-08-16T22:16:41Z,110.0,Sense
2025-08-16T22:16:46Z,111.0,Sense
2025-08-16T22:16:51Z,109.0,Sense
2025-08-16T22:16:56Z,102.0,Sense
2025-08-16T22:17:01Z,99.0,Sense
2025-08-16T22:17:06Z,110.0,Sense
2025-08-16T22:17:11Z,119.0,Sense
2025-08-16T22:17:16Z,129.0,Sense
2025-08-16T22:17:21Z,128.0,Sense
2025-08-16T22:17:26Z,127.0,Sense
2025-08-16T22:17:31Z,122.0,Sense
2025-08-16T22:17:36Z,115.0,Sense
2025-08-16T22:17:41Z,113.0,Sense
2025-08-16T22:17:46Z,107.0,Sense
2025-08-16T22:17:51Z,105.0,Sense
2025-08-16T22:17:56Z,106.0,Sense
2025-08-16T22:18:06Z,100.0,Sense
2025-08-16T22:18:11Z,102.0,Sense
2025-08-16T22:18:16Z,111.0,Sense
2025-08-16T22:18:21Z,110.0,Sense
2025-08-16T22:18:31Z,111.0,Sense
2025-08-16T22:18:36Z,116.0,Sense
2025-08-16T22:18:41Z,120.0,Sense
2025-08-16T22:18:51Z,118.0,Sense
2025-08-16T22:18:56Z,110.0,Sense
2025-08-16T22:19:01Z,117.0,Sense
2025-08-16T22:19:06Z,118.0,Sense
2025-08-16T22:19:16Z,117.0,Sense
2025-08-16T22:19:21Z,115.0,Sense
2025-08-16T22:19:26Z,116.0,Sense
2025-08-16T22:19:31Z,156.0,Sense
2025-08-16T22:19:36Z,155.0,Sense
2025-08-16T22:19:41Z,152.0,Sense
2025-08-16T22:19:46Z,151.0,Sense
2025-08-16T22:19:51Z,151.0,Sense
2025-08-16T22:20:01Z,150.0,Sense
2025-08-16T22:20:06Z,147.0,Sense
2025-08-16T22:20:11Z,143.0,Sense
2025-08-16T22:20:16Z,146.0,Sense
2025-08-16T22:20:21Z,147.0,Sense
2025-08-16T22:20:26Z,146.0,Sense
2025-08-16T22:20:31Z,144.0,Sense
2025-08-16T22:20:36Z,147.0,Sense
2025-08-16T22:20:46Z,146.0,Sense
2025-08-16T22:20:51Z,144.0,Sense
2025-08-16T22:20:56Z,140.0,Sense
2025-08-16T22:21:06Z,144.0,Sense
2025-08-16T22:21:11Z,148.0,Sense
2025-08-16T22:21:16Z,149.0,Sense
2025-08-16T22:21:21Z,150.0,Sense
2025-08-16T22:21:26Z,147.0,Sense
2025-08-16T22:21:36Z,149.0,Sense
2025-08-16T22:21:41Z,152.0,Sense
2025-08-16T22:21:46Z,150.0,Sense
2025-08-16T22:21:51Z,148.0,Sense
2025-08-16T22:21:56Z,144.0,Sense
2025-08-16T22:22:01Z,141.0,Sense
2025-08-16T22:22:06Z,139.0,Sense
2025-08-16T22:22:11Z,136.0,Sense
2025-08-16T22:22:16Z,131.0,Sense
2025-08-16T22:22:21Z,130.0,Sense
2025-08-16T22:22:26Z,132.0,Sense
2025-08-16T22:22:31Z,130.0,Sense
2025-08-16T22:22:36Z,128.0,Sense
2025-08-16T22:22:41Z,124.0,Sense
2025-08-16T22:22:51Z,125.0,Sense
2025-08-16T22:22:56Z,126.0,Sense
2025-08-16T22:23:01Z,125.0,Sense
2025-08-16T22:23:06Z,121.0,Sense
2025-08-16T22:23:11Z,118.0,Sense
2025-08-16T22:23:16Z,126.0,Sense
2025-08-16T22:23:21Z,139.0,Sense
2025-08-16T22:23:26Z,137.0,Sense
2025-08-16T22:23:31Z,134.0,Sense
2025-08-16T22:23:36Z,131.0,Sense
2025-08-16T22:23:41Z,128.0,Sense
2025-08-16T22:23:46Z,125.0,Sense
2025-08-16T22:23:51Z,138.0,Sense
2025-08-16T22:23:56Z,147.0,Sense
2025-08-16T22:24:06Z,144.0,Sense
2025-08-16T22:24:11Z,135.0,Sense
2025-08-16T22:24:16Z,136.0,Sense
2025-08-16T22:24:21Z,135.0,Sense
2025-08-16T22:24:26Z,136.0,Sense
2025-08-16T22:24:31Z,134.0,Sense
2025-08-16T22:24:36Z,130.0,Sense
2025-08-16T22:24:46Z,125.0,Sense
2025-08-16T22:24:51Z,121.0,Sense
2025-08-16T22:24:56Z,122.0,Sense
2025-08-16T22:25:01Z,115.0,Sense
2025-08-16T22:25:06Z,109.0,Sense
2025-08-16T22:25:11Z,107.0,Sense
2025-08-16T22:25:16Z,100.0,Sense
2025-08-16T22:25:21Z,90.0,Sense
2025-08-16T22:25:26Z,82.0,Sense
2025-08-16T22:25:31Z,82.0,Sense
2025-08-16T22:25:46Z,82.0,Sense
2025-08-16T22:25:51Z,92.0,Sense
2025-08-16T22:25:56Z,103.0,Sense
2025-08-16T22:26:01Z,104.0,Sense
2025-08-16T22:26:06Z,105.0,Sense
2025-08-16T22:26:11Z,104.0,Sense
2025-08-16T22:26:16Z,102.0,Sense
2025-08-16T22:26:21Z,102.0,Sense
2025-08-16T22:26:26Z,105.0,Sense
2025-08-16T22:26:31Z,119.0,Sense
2025-08-16T22:26:36Z,122.0,Sense
2025-08-16T22:26:41Z,129.0,Sense
2025-08-16T22:26:51Z,128.0,Sense
2025-08-16T22:27:01Z,129.0,Sense
2025-08-16T22:27:06Z,122.0,Sense
2025-08-16T22:27:11Z,119.0,Sense
2025-08-16T22:27:16Z,117.0,Sense
2025-08-16T22:27:26Z,121.0,Sense
2025-08-16T22:27:31Z,118.0,Sense
2025-08-16T22:27:36Z,111.0,Sense
2025-08-16T22:27:41Z,106.0,Sense
2025-08-16T22:27:51Z,105.0,Sense
2025-08-16T22:27:56Z,103.0,Sense
2025-08-16T22:28:01Z,103.0,Sense
2025-08-16T22:28:06Z,107.0,Sense
2025-08-16T22:28:11Z,114.0,Sense
2025-08-16T22:28:16Z,116.0,Sense
2025-08-16T22:28:26Z,111.0,Sense
2025-08-16T22:28:31Z,105.0,Sense
2025-08-16T22:28:36Z,101.0,Sense
2025-08-16T22:28:41Z,100.0,Sense
2025-08-16T22:28:46Z,102.0,Sense
2025-08-16T22:28:56Z,100.0,Sense
2025-08-16T22:29:01Z,94.0,Sense
2025-08-16T22:29:06Z,92.0,Sense
2025-08-16T22:29:11Z,93.0,Sense
2025-08-16T22:29:16Z,105.0,Sense
2025-08-16T22:29:21Z,121.0,Sense
2025-08-16T22:29:26Z,132.0,Sense
2025-08-16T22:29:31Z,139.0,Sense
2025-08-16T22:29:36Z,138.0,Sense
2025-08-16T22:29:41Z,137.0,Sense
2025-08-16T22:29:46Z,137.0,Sense
2025-08-16T22:29:51Z,136.0,Sense
2025-08-16T22:29:56Z,134.0,Sense
2025-08-16T22:30:01Z,131.0,Sense
2025-08-16T22:30:06Z,130.0,Sense
2025-08-16T22:30:11Z,146.0,Sense
2025-08-16T22:30:16Z,148.0,Sense
2025-08-16T22:30:21Z,147.0,Sense
2025-08-16T22:30:26Z,146.0,Sense
2025-08-16T22:30:31Z,143.0,Sense
2025-08-16T22:30:36Z,139.0,Sense
2025-08-16T22:30:41Z,138.0,Sense
2025-08-16T22:30:46Z,137.0,Sense
2025-08-16T22:30:51Z,132.0,Sense
2025-08-16T22:31:01Z,129.0,Sense
2025-08-16T22:31:06Z,127.0,Sense
2025-08-16T22:31:11Z,122.0,Sense
2025-08-16T22:31:16Z,118.0,Sense
2025-08-16T22:31:21Z,115.0,Sense
2025-08-16T22:31:26Z,109.0,Sense
2025-08-16T22:31:36Z,103.0,Sense
2025-08-16T22:31:41Z,97.0,Sense
2025-08-16T22:31:46Z,91.0,Sense
2025-08-16T22:31:51Z,92.0,Sense
2025-08-16T22:31:56Z,93.0,Sense
2025-08-16T22:32:01Z,91.0,Sense
2025-08-16T22:32:11Z,81.0,Sense
2025-08-16T22:32:16Z,77.0,Sense
2025-08-16T22:32:21Z,81.0,Sense
2025-08-16T22:32:26Z,83.0,Sense
2025-08-16T22:32:41Z,83.0,Sense
2025-08-16T22:32:46Z,77.0,Sense
2025-08-16T22:32:51Z,78.0,Sense
2025-08-16T22:32:56Z,80.0,Sense
2025-08-16T22:33:01Z,85.0,Sense
2025-08-16T22:33:06Z,87.0,Sense
2025-08-16T22:33:11Z,92.0,Sense
2025-08-16T22:33:26Z,91.0,Sense
2025-08-16T22:33:31Z,90.0,Sense
2025-08-16T22:33:36Z,91.0,Sense
2025-08-16T22:33:41Z,89.0,Sense
2025-08-16T22:33:51Z,88.0,Sense
2025-08-16T22:33:56Z,88.0,Sense
2025-08-16T22:34:01Z,89.0,Sense
2025-08-16T22:34:11Z,96.0,Sense
2025-08-16T22:34:16Z,107.0,Sense
2025-08-16T22:34:21Z,104.0,Sense
2025-08-16T22:34:26Z,103.0,Sense
2025-08-16T22:34:33Z,107.0,Sense
2025-08-16T22:34:38Z,109.0,Sense
2025-08-16T22:34:43Z,110.0,Sense
2025-08-16T22:34:48Z,115.0,Sense
2025-08-16T22:34:53Z,121.0,Sense
2025-08-16T22:34:58Z,124.0,Sense
2025-08-16T22:35:03Z,120.0,Sense
2025-08-16T22:35:08Z,129.0,Sense
2025-08-16T22:35:13Z,128.0,Sense
2025-08-16T22:35:23Z,127.0,Sense
2025-08-16T22:35:28Z,123.0,Sense
2025-08-16T22:35:33Z,112.0,Sense
2025-08-16T22:35:38Z,98.0,Sense
2025-08-16T22:35:43Z,97.0,Sense
2025-08-16T22:35:48Z,96.0,Sense
2025-08-16T22:35:53Z,99.0,Sense
2025-08-16T22:35:58Z,101.0,Sense
2025-08-16T22:36:03Z,98.0,Sense
2025-08-16T22:36:08Z,93.0,Sense
2025-08-16T22:36:13Z,83.0,Sense
2025-08-16T22:36:18Z,79.0,Sense
2025-08-16T22:36:28Z,81.0,Sense
2025-08-16T22:36:33Z,82.0,Sense
2025-08-16T22:36:38Z,84.0,Sense
2025-08-16T22:36:43Z,86.0,Sense
2025-08-16T22:36:49Z,88.0,Sense
2025-08-16T22:36:54Z,90.0,Sense
2025-08-16T22:36:59Z,91.0,Sense
2025-08-16T22:37:09Z,92.0,Sense
2025-08-16T22:37:14Z,93.0,Sense
2025-08-16T22:37:19Z,94.0,Sense
2025-08-16T22:37:24Z,95.0,Sense
2025-08-16T22:37:34Z,97.0,Sense
2025-08-16T22:37:44Z,98.0,Sense
2025-08-16T22:37:49Z,107.0,Sense
2025-08-16T22:37:54Z,108.0,Sense
2025-08-16T22:38:04Z,107.0,Sense
2025-08-16T22:38:14Z,107.0,Sense
2025-08-16T22:38:29Z,107.0,Sense
2025-08-16T22:38:34Z,106.0,Sense
2025-08-16T22:38:39Z,105.0,Sense
2025-08-16T22:38:44Z,104.0,Sense
2025-08-16T22:38:49Z,105.0,Sense
2025-08-16T22:38:59Z,107.0,Sense
2025-08-16T22:39:04Z,106.0,Sense
2025-08-16T22:39:09Z,105.0,Sense
2025-08-16T22:39:19Z,107.0,Sense
2025-08-16T22:39:24Z,101.0,Sense
2025-08-16T22:39:29Z,96.0,Sense
2025-08-16T22:39:34Z,95.0,Sense
2025-08-16T22:39:39Z,96.0,Sense
2025-08-16T22:39:44Z,96.0,Sense
2025-08-16T22:39:54Z,95.0,Sense
2025-08-16T22:39:59Z,94.0,Sense
2025-08-16T22:40:04Z,93.0,Sense
2025-08-16T22:40:09Z,90.0,Sense
2025-08-16T22:40:19Z,91.0,Sense
2025-08-16T22:40:24Z,92.0,Sense
2025-08-16T22:40:34Z,93.0,Sense
2025-08-16T22:40:39Z,95.0,Sense
2025-08-16T22:40:44Z,96.0,Sense
2025-08-16T22:40:49Z,98.0,Sense
2025-08-16T22:41:04Z,98.0,Sense
2025-08-16T22:41:09Z,102.0,Sense
2025-08-16T22:41:14Z,119.0,Sense
2025-08-16T22:41:24Z,118.0,Sense
2025-08-16T22:41:34Z,116.0,Sense
2025-08-16T22:41:39Z,115.0,Sense
2025-08-16T22:41:44Z,113.0,Sense
2025-08-16T22:41:49Z,105.0,Sense
2025-08-16T22:41:54Z,120.0,Sense
2025-08-16T22:41:59Z,129.0,Sense
2025-08-16T22:42:04Z,127.0,Sense
2025-08-16T22:42:09Z,126.0,Sense
2025-08-16T22:42:14Z,125.0,Sense
2025-08-16T22:42:19Z,121.0,Sense
2025-08-16T22:42:24Z,119.0,Sense
2025-08-16T22:42:29Z,117.0,Sense
2025-08-16T22:42:34Z,115.0,Sense
2025-08-16T22:42:49Z,118.0,Sense
2025-08-16T22:42:54Z,116.0,Sense
2025-08-16T22:42:59Z,114.0,Sense
2025-08-16T22:43:09Z,111.0,Sense
2025-08-16T22:43:14Z,119.0,Sense
2025-08-16T22:43:19Z,133.0,Sense
2025-08-16T22:43:24Z,134.0,Sense
2025-08-16T22:43:34Z,132.0,Sense
2025-08-16T22:43:39Z,130.0,Sense
2025-08-16T22:43:44Z,132.0,Sense
2025-08-16T22:43:49Z,136.0,Sense
2025-08-16T22:43:54Z,135.0,Sense
2025-08-16T22:43:59Z,132.0,Sense
2025-08-16T22:44:09Z,131.0,Sense
2025-08-16T22:44:14Z,126.0,Sense
2025-08-16T22:44:19Z,120.0,Sense
2025-08-16T22:44:24Z,113.0,Sense
2025-08-16T22:44:29Z,106.0,Sense
2025-08-16T22:44:34Z,102.0,Sense
2025-08-16T22:44:39Z,104.0,Sense
2025-08-16T22:44:44Z,99.0,Sense
2025-08-16T22:44:49Z,94.0,Sense
2025-08-16T22:44:54Z,93.0,Sense
2025-08-16T22:44:59Z,106.0,Sense
2025-08-16T22:45:04Z,110.0,Sense
2025-08-16T22:45:19Z,110.0,Sense
2025-08-16T22:45:24Z,111.0,Sense
2025-08-16T22:45:29Z,108.0,Sense
2025-08-16T22:45:34Z,105.0,Sense
2025-08-16T22:45:39Z,115.0,Sense
2025-08-16T22:45:44Z,120.0,Sense
2025-08-16T22:45:54Z,118.0,Sense
2025-08-16T22:45:59Z,115.0,Sense
2025-08-16T22:46:04Z,110.0,Sense
2025-08-16T22:46:09Z,105.0,Sense
2025-08-16T22:46:14Z,106.0,Sense
2025-08-16T22:46:29Z,108.0,Sense
2025-08-16T22:46:34Z,107.0,Sense
2025-08-16T22:46:39Z,99.0,Sense
2025-08-16T22:46:44Z,85.0,Sense
2025-08-16T22:46:54Z,95.0,Sense
2025-08-16T22:46:59Z,98.0,Sense
2025-08-16T22:47:04Z,96.0,Sense
2025-08-16T22:47:09Z,95.0,Sense
2025-08-16T22:47:14Z,94.0,Sense
2025-08-16T22:47:19Z,94.0,Sense
2025-08-16T22:47:24Z,107.0,Sense
2025-08-16T22:47:29Z,114.0,Sense
2025-08-16T22:47:34Z,112.0,Sense
2025-08-16T22:47:39Z,113.0,Sense
2025-08-16T22:47:44Z,116.0,Sense
2025-08-16T22:47:49Z,117.0,Sense
2025-08-16T22:47:54Z,123.0,Sense
2025-08-16T22:47:59Z,126.0,Sense
2025-08-16T22:48:04Z,124.0,Sense
2025-08-16T22:48:09Z,122.0,Sense
2025-08-16T22:48:14Z,118.0,Sense
2025-08-16T22:48:19Z,112.0,Sense
2025-08-16T22:48:24Z,110.0,Sense
2025-08-16T22:48:29Z,111.0,Sense
2025-08-16T22:48:34Z,110.0,Sense
2025-08-16T22:48:39Z,109.0,Sense
2025-08-16T22:48:44Z,112.0,Sense
2025-08-16T22:48:49Z,111.0,Sense
2025-08-16T22:48:54Z,112.0,Sense
2025-08-16T22:49:04Z,116.0,Sense
2025-08-16T22:49:14Z,131.0,Sense
2025-08-16T22:49:19Z,132.0,Sense
2025-08-16T22:49:24Z,131.0,Sense
2025-08-16T22:49:29Z,127.0,Sense
2025-08-16T22:49:34Z,123.0,Sense
2025-08-16T22:49:39Z,122.0,Sense
2025-08-16T22:49:44Z,121.0,Sense
2025-08-16T22:49:49Z,117.0,Sense
2025-08-16T22:49:54Z,110.0,Sense
2025-08-16T22:49:59Z,123.0,Sense
2025-08-16T22:50:04Z,133.0,Sense
2025-08-16T22:50:09Z,132.0,Sense
2025-08-16T22:50:14Z,131.0,Sense
2025-08-16T22:50:19Z,130.0,Sense
2025-08-16T22:50:24Z,132.0,Sense
2025-08-16T22:50:29Z,148.0,Sense
2025-08-16T22:50:34Z,146.0,Sense
2025-08-16T22:50:39Z,145.0,Sense
2025-08-16T22:50:44Z,144.0,Sense
2025-08-16T22:50:49Z,138.0,Sense
2025-08-16T22:50:54Z,139.0,Sense
2025-08-16T22:50:59Z,138.0,Sense
2025-08-16T22:51:09Z,134.0,Sense
2025-08-16T22:51:14Z,130.0,Sense
2025-08-16T22:51:24Z,131.0,Sense
2025-08-16T22:51:29Z,124.0,Sense
2025-08-16T22:51:34Z,123.0,Sense
2025-08-16T22:51:49Z,117.0,Sense
2025-08-16T22:51:54Z,100.0,Sense
2025-08-16T22:51:59Z,98.0,Sense
2025-08-16T22:52:04Z,100.0,Sense
2025-08-16T22:52:09Z,101.0,Sense
2025-08-16T22:52:14Z,124.0,Sense
2025-08-16T22:52:19Z,128.0,Sense
2025-08-16T22:52:24Z,136.0,Sense
2025-08-16T22:52:29Z,151.0,Sense
2025-08-16T22:52:39Z,149.0,Sense
2025-08-16T22:52:44Z,142.0,Sense
2025-08-16T22:52:49Z,135.0,Sense
2025-08-16T22:52:54Z,130.0,Sense
2025-08-16T22:53:04Z,131.0,Sense
2025-08-16T22:53:09Z,130.0,Sense
2025-08-16T22:53:14Z,126.0,Sense
2025-08-16T22:53:19Z,128.0,Sense
2025-08-16T22:53:24Z,127.0,Sense
2025-08-16T22:53:29Z,123.0,Sense
2025-08-16T22:53:44Z,123.0,Sense
2025-08-16T22:53:49Z,122.0,Sense
2025-08-16T22:53:54Z,130.0,Sense
2025-08-16T22:53:59Z,131.0,Sense
2025-08-16T22:54:04Z,125.0,Sense
2025-08-16T22:54:09Z,122.0,Sense
2025-08-16T22:54:14Z,121.0,Sense
2025-08-16T22:54:19Z,120.0,Sense
2025-08-16T22:54:29Z,111.0,Sense
2025-08-16T22:54:34Z,105.0,Sense
2025-08-16T22:54:39Z,106.0,Sense
2025-08-16T22:54:49Z,99.0,Sense
2025-08-16T22:54:54Z,99.0,Sense
2025-08-16T22:54:59Z,104.0,Sense
2025-08-16T22:55:04Z,107.0,Sense
2025-08-16T22:55:09Z,110.0,Sense
2025-08-16T22:55:14Z,114.0,Sense
2025-08-16T22:55:19Z,112.0,Sense
2025-08-16T22:55:24Z,111.0,Sense
2025-08-16T22:55:29Z,110.0,Sense
2025-08-16T22:55:44Z,111.0,Sense
2025-08-16T22:55:49Z,112.0,Sense
2025-08-16T22:55:54Z,103.0,Sense
2025-08-16T22:55:59Z,94.0,Sense
2025-08-16T22:56:04Z,89.0,Sense
2025-08-16T22:56:09Z,91.0,Sense
2025-08-16T22:56:14Z,117.0,Sense
2025-08-16T22:56:19Z,132.0,Sense
2025-08-16T22:56:24Z,130.0,Sense
2025-08-16T22:56:29Z,129.0,Sense
2025-08-16T22:56:39Z,123.0,Sense
2025-08-16T22:56:44Z,122.0,Sense
2025-08-16T22:56:49Z,121.0,Sense
2025-08-16T22:56:54Z,122.0,Sense
2025-08-16T22:56:59Z,112.0,Sense
2025-08-16T22:57:04Z,110.0,Sense
2025-08-16T22:57:09Z,109.0,Sense
2025-08-16T22:57:14Z,107.0,Sense
2025-08-16T22:57:19Z,96.0,Sense
2025-08-16T22:57:24Z,93.0,Sense
2025-08-16T22:57:29Z,94.0,Sense
2025-08-16T22:57:34Z,96.0,Sense
2025-08-16T22:57:44Z,91.0,Sense
2025-08-16T22:57:49Z,90.0,Sense
2025-08-16T22:57:59Z,91.0,Sense
2025-08-16T22:58:04Z,103.0,Sense
2025-08-16T22:58:09Z,102.0,Sense
2025-08-16T22:58:14Z,100.0,Sense
2025-08-16T22:58:24Z,102.0,Sense
2025-08-16T22:58:29Z,106.0,Sense
2025-08-16T22:58:34Z,115.0,Sense
2025-08-16T22:58:39Z,128.0,Sense
2025-08-16T22:58:54Z,137.0,Sense
2025-08-16T22:58:59Z,145.0,Sense
2025-08-16T22:59:04Z,147.0,Sense
2025-08-16T22:59:09Z,146.0,Sense
2025-08-16T22:59:14Z,143.0,Sense
2025-08-16T22:59:19Z,140.0,Sense
2025-08-16T22:59:24Z,137.0,Sense
2025-08-16T22:59:29Z,132.0,Sense
2025-08-16T22:59:34Z,130.0,Sense
2025-08-16T22:59:39Z,127.0,Sense
2025-08-16T22:59:44Z,128.0,Sense
2025-08-16T22:59:49Z,129.0,Sense
2025-08-16T22:59:54Z,126.0,Sense
2025-08-16T23:00:04Z,113.0,Sense
2025-08-16T23:00:09Z,111.0,Sense
2025-08-16T23:00:14Z,112.0,Sense
2025-08-16T23:00:19Z,114.0,Sense
2025-08-16T23:00:24Z,112.0,Sense
2025-08-16T23:00:29Z,113.0,Sense
2025-08-16T23:00:34Z,111.0,Sense
2025-08-16T23:00:39Z,103.0,Sense
2025-08-16T23:00:49Z,102.0,Sense
2025-08-16T23:00:59Z,101.0,Sense
2025-08-16T23:01:09Z,97.0,Sense
2025-08-16T23:01:14Z,90.0,Sense
2025-08-16T23:01:19Z,95.0,Sense
2025-08-16T23:01:24Z,104.0,Sense
2025-08-16T23:01:29Z,103.0,Sense
2025-08-16T23:01:34Z,101.0,Sense
2025-08-16T23:01:39Z,100.0,Sense
2025-08-16T23:01:44Z,97.0,Sense
2025-08-16T23:01:49Z,96.0,Sense
2025-08-16T23:01:54Z,99.0,Sense
2025-08-16T23:01:59Z,109.0,Sense
2025-08-16T23:02:04Z,112.0,Sense
2025-08-16T23:02:09Z,111.0,Sense
2025-08-16T23:02:14Z,110.0,Sense
2025-08-16T23:02:19Z,112.0,Sense
2025-08-16T23:02:24Z,110.0,Sense
2025-08-16T23:02:29Z,103.0,Sense
2025-08-16T23:02:34Z,94.0,Sense
2025-08-16T23:02:39Z,89.0,Sense
2025-08-16T23:02:44Z,95.0,Sense
2025-08-16T23:02:49Z,96.0,Sense
2025-08-16T23:02:54Z,94.0,Sense
2025-08-16T23:02:59Z,89.0,Sense
2025-08-16T23:03:04Z,87.0,Sense
2025-08-16T23:03:09Z,86.0,Sense
2025-08-16T23:03:14Z,83.0,Sense
2025-08-16T23:03:19Z,88.0,Sense
2025-08-16T23:03:24Z,93.0,Sense
2025-08-16T23:03:29Z,94.0,Sense
2025-08-16T23:03:34Z,110.0,Sense
2025-08-16T23:03:44Z,105.0,Sense
2025-08-16T23:03:49Z,106.0,Sense
2025-08-16T23:04:04Z,108.0,Sense
2025-08-16T23:04:09Z,106.0,Sense
2025-08-16T23:04:14Z,109.0,Sense
2025-08-16T23:04:19Z,111.0,Sense
2025-08-16T23:04:24Z,148.0,Sense
2025-08-16T23:04:29Z,150.0,Sense
2025-08-16T23:04:34Z,149.0,Sense
2025-08-16T23:04:39Z,147.0,Sense
2025-08-16T23:04:49Z,143.0,Sense
2025-08-16T23:04:54Z,137.0,Sense
2025-08-16T23:04:59Z,129.0,Sense
2025-08-16T23:05:04Z,121.0,Sense
2025-08-16T23:05:09Z,113.0,Sense
2025-08-16T23:05:14Z,110.0,Sense
2025-08-16T23:05:24Z,114.0,Sense
2025-08-16T23:05:29Z,117.0,Sense
2025-08-16T23:05:34Z,115.0,Sense
2025-08-16T23:05:44Z,114.0,Sense
2025-08-16T23:05:49Z,107.0,Sense
2025-08-16T23:05:54Z,100.0,Sense
2025-08-16T23:05:59Z,98.0,Sense
2025-08-16T23:06:14Z,98.0,Sense
2025-08-16T23:06:19Z,100.0,Sense
2025-08-16T23:06:24Z,104.0,Sense
2025-08-16T23:06:29Z,100.0,Sense
2025-08-16T23:06:39Z,99.0,Sense
2025-08-16T23:06:44Z,93.0,Sense
2025-08-16T23:06:49Z,90.0,Sense
2025-08-16T23:06:54Z,83.0,Sense
2025-08-16T23:07:04Z,91.0,Sense
2025-08-16T23:07:09Z,92.0,Sense
2025-08-16T23:07:14Z,93.0,Sense
2025-08-16T23:07:19Z,95.0,Sense
2025-08-16T23:07:24Z,94.0,Sense
2025-08-16T23:07:29Z,94.0,Sense
2025-08-16T23:07:34Z,101.0,Sense
2025-08-16T23:07:39Z,112.0,Sense
2025-08-16T23:07:49Z,113.0,Sense
2025-08-16T23:07:54Z,112.0,Sense
2025-08-16T23:07:59Z,111.0,Sense
2025-08-16T23:08:04Z,111.0,Sense
2025-08-16T23:08:14Z,113.0,Sense
2025-08-16T23:08:19Z,115.0,Sense
2025-08-16T23:08:29Z,113.0,Sense
2025-08-16T23:08:34Z,107.0,Sense
2025-08-16T23:08:49Z,109.0,Sense
2025-08-16T23:08:54Z,113.0,Sense
2025-08-16T23:08:59Z,118.0,Sense
2025-08-16T23:09:14Z,120.0,Sense
2025-08-16T23:09:19Z,119.0,Sense
2025-08-16T23:09:24Z,118.0,Sense
2025-08-16T23:09:29Z,121.0,Sense
2025-08-16T23:09:34Z,121.0,Sense
2025-08-16T23:09:39Z,117.0,Sense
2025-08-16T23:09:44Z,113.0,Sense
2025-08-16T23:09:49Z,108.0,Sense
2025-08-16T23:09:54Z,106.0,Sense
2025-08-16T23:09:59Z,104.0,Sense
2025-08-16T23:10:04Z,99.0,Sense
2025-08-16T23:10:09Z,95.0,Sense
2025-08-16T23:10:14Z,89.0,Sense
2025-08-16T23:10:19Z,88.0,Sense
2025-08-16T23:10:24Z,91.0,Sense
2025-08-16T23:10:29Z,93.0,Sense
2025-08-16T23:10:34Z,95.0,Sense
2025-08-16T23:10:39Z,99.0,Sense
2025-08-16T23:10:44Z,100.0,Sense
2025-08-16T23:10:49Z,101.0,Sense
2025-08-16T23:10:59Z,102.0,Sense
2025-08-16T23:11:04Z,104.0,Sense
2025-08-16T23:11:09Z,120.0,Sense
2025-08-16T23:11:14Z,119.0,Sense
2025-08-16T23:11:19Z,116.0,Sense
2025-08-16T23:11:24Z,115.0,Sense
2025-08-16T23:11:29Z,111.0,Sense
2025-08-16T23:11:44Z,110.0,Sense
2025-08-16T23:11:49Z,114.0,Sense
2025-08-16T23:11:54Z,118.0,Sense
2025-08-16T23:11:59Z,121.0,Sense
2025-08-16T23:12:04Z,125.0,Sense
2025-08-16T23:12:09Z,124.0,Sense
2025-08-16T23:12:19Z,122.0,Sense
2025-08-16T23:12:29Z,118.0,Sense
2025-08-16T23:12:39Z,135.0,Sense
2025-08-16T23:12:44Z,139.0,Sense
2025-08-16T23:12:49Z,138.0,Sense
2025-08-16T23:12:54Z,137.0,Sense
2025-08-16T23:12:59Z,135.0,Sense
2025-08-16T23:13:04Z,133.0,Sense
2025-08-16T23:13:09Z,138.0,Sense
2025-08-16T23:13:14Z,144.0,Sense
2025-08-16T23:13:19Z,140.0,Sense
2025-08-16T23:13:24Z,132.0,Sense
2025-08-16T23:13:29Z,126.0,Sense
2025-08-16T23:13:34Z,120.0,Sense
2025-08-16T23:13:39Z,118.0,Sense
2025-08-16T23:13:44Z,117.0,Sense
2025-08-16T23:13:49Z,116.0,Sense
2025-08-16T23:13:59Z,115.0,Sense
2025-08-16T23:14:04Z,109.0,Sense
2025-08-16T23:14:09Z,101.0,Sense
2025-08-16T23:14:14Z,100.0,Sense
2025-08-16T23:14:19Z,105.0,Sense
2025-08-16T23:14:24Z,100.0,Sense
2025-08-16T23:14:29Z,94.0,Sense
2025-08-16T23:14:34Z,105.0,Sense
2025-08-16T23:14:39Z,111.0,Sense
2025-08-16T23:14:44Z,107.0,Sense
2025-08-16T23:14:49Z,105.0,Sense
2025-08-16T23:14:59Z,114.0,Sense
2025-08-16T23:15:04Z,115.0,Sense
2025-08-16T23:15:09Z,114.0,Sense
2025-08-16T23:15:19Z,116.0,Sense
2025-08-16T23:15:24Z,118.0,Sense
2025-08-16T23:15:29Z,122.0,Sense
2025-08-16T23:15:34Z,125.0,Sense
2025-08-16T23:15:39Z,122.0,Sense
2025-08-16T23:15:44Z,118.0,Sense
2025-08-16T23:15:49Z,116.0,Sense
2025-08-16T23:15:54Z,105.0,Sense
2025-08-16T23:15:59Z,103.0,Sense
2025-08-16T23:16:04Z,101.0,Sense
2025-08-16T23:16:19Z,101.0,Sense
2025-08-16T23:16:24Z,98.0,Sense
2025-08-16T23:16:29Z,97.0,Sense
2025-08-16T23:16:34Z,100.0,Sense
2025-08-16T23:16:39Z,99.0,Sense
2025-08-16T23:16:55Z,100.0,Sense
2025-08-16T23:17:00Z,101.0,Sense
2025-08-16T23:17:05Z,102.0,Sense
2025-08-16T23:17:10Z,100.0,Sense
2025-08-16T23:17:15Z,96.0,Sense
2025-08-16T23:17:20Z,100.0,Sense
2025-08-16T23:17:25Z,101.0,Sense
2025-08-16T23:17:30Z,96.0,Sense
2025-08-16T23:17:35Z,94.0,Sense
2025-08-16T23:17:50Z,94.0,Sense
2025-08-16T23:17:55Z,96.0,Sense
2025-08-16T23:18:00Z,95.0,Sense
2025-08-16T23:18:15Z,94.0,Sense
2025-08-16T23:18:20Z,93.0,Sense
2025-08-16T23:18:30Z,92.0,Sense
2025-08-16T23:18:35Z,105.0,Sense
2025-08-16T23:18:40Z,119.0,Sense
2025-08-16T23:18:45Z,117.0,Sense
2025-08-16T23:19:00Z,117.0,Sense
2025-08-16T23:19:05Z,114.0,Sense
2025-08-16T23:19:10Z,108.0,Sense
2025-08-16T23:19:15Z,104.0,Sense
2025-08-16T23:19:20Z,110.0,Sense
2025-08-16T23:19:30Z,108.0,Sense
2025-08-16T23:19:35Z,107.0,Sense
2025-08-16T23:19:40Z,107.0,Sense
2025-08-16T23:19:45Z,108.0,Sense
2025-08-16T23:19:55Z,107.0,Sense
2025-08-16T23:20:00Z,111.0,Sense
2025-08-16T23:20:05Z,112.0,Sense
2025-08-16T23:20:10Z,109.0,Sense
2025-08-16T23:20:15Z,113.0,Sense
2025-08-16T23:20:30Z,112.0,Sense
2025-08-16T23:20:35Z,114.0,Sense
2025-08-16T23:20:40Z,107.0,Sense
2025-08-16T23:20:45Z,99.0,Sense
2025-08-16T23:20:50Z,96.0,Sense
2025-08-16T23:20:55Z,94.0,Sense
2025-08-16T23:21:00Z,93.0,Sense
2025-08-16T23:21:05Z,87.0,Sense
2025-08-16T23:21:10Z,86.0,Sense
2025-08-16T23:21:15Z,88.0,Sense
2025-08-16T23:21:20Z,115.0,Sense
2025-08-16T23:21:25Z,125.0,Sense
2025-08-16T23:21:30Z,124.0,Sense
2025-08-16T23:21:40Z,121.0,Sense
2025-08-16T23:21:45Z,113.0,Sense
2025-08-16T23:21:50Z,102.0,Sense
2025-08-16T23:21:55Z,93.0,Sense
2025-08-16T23:22:00Z,90.0,Sense
2025-08-16T23:22:05Z,84.0,Sense
2025-08-16T23:22:10Z,85.0,Sense
2025-08-16T23:22:20Z,87.0,Sense
2025-08-16T23:22:25Z,88.0,Sense
2025-08-16T23:22:30Z,89.0,Sense
2025-08-16T23:22:40Z,91.0,Sense
2025-08-16T23:22:45Z,93.0,Sense
2025-08-16T23:22:50Z,95.0,Sense
2025-08-16T23:23:00Z,96.0,Sense
2025-08-16T23:23:05Z,97.0,Sense
2025-08-16T23:23:10Z,95.0,Sense
2025-08-16T23:23:15Z,96.0,Sense
2025-08-16T23:23:20Z,97.0,Sense
2025-08-16T23:23:30Z,103.0,Sense
2025-08-16T23:23:35Z,106.0,Sense
2025-08-16T23:23:40Z,107.0,Sense
2025-08-16T23:23:45Z,106.0,Sense
2025-08-16T23:23:50Z,107.0,Sense
2025-08-16T23:23:55Z,106.0,Sense
2025-08-16T23:24:05Z,105.0,Sense
2025-08-16T23:24:10Z,104.0,Sense
2025-08-16T23:24:15Z,101.0,Sense
2025-08-16T23:24:20Z,100.0,Sense
2025-08-16T23:24:25Z,100.0,Sense
2025-08-16T23:24:30Z,101.0,Sense
2025-08-16T23:24:35Z,99.0,Sense
2025-08-16T23:24:50Z,99.0,Sense
2025-08-16T23:24:55Z,98.0,Sense
2025-08-16T23:25:00Z,97.0,Sense
2025-08-16T23:25:05Z,98.0,Sense
2025-08-16T23:25:15Z,97.0,Sense
2025-08-16T23:25:20Z,95.0,Sense
2025-08-16T23:25:30Z,94.0,Sense
2025-08-16T23:25:35Z,95.0,Sense
2025-08-16T23:25:45Z,97.0,Sense
2025-08-16T23:25:50Z,98.0,Sense
2025-08-16T23:25:55Z,99.0,Sense
2025-08-16T23:26:00Z,100.0,Sense
2025-08-16T23:26:05Z,99.0,Sense
2025-08-16T23:26:10Z,98.0,Sense
2025-08-16T23:26:15Z,97.0,Sense
2025-08-16T23:26:20Z,96.0,Sense
2025-08-16T23:26:25Z,91.0,Sense
2025-08-16T23:26:30Z,92.0,Sense
2025-08-16T23:26:40Z,93.0,Sense
2025-08-16T23:26:50Z,93.0,Sense
2025-08-16T23:26:55Z,108.0,Sense
2025-08-16T23:27:00Z,114.0,Sense
2025-08-16T23:27:05Z,114.0,Sense
2025-08-16T23:27:15Z,111.0,Sense
2025-08-16T23:27:25Z,102.0,Sense
2025-08-16T23:27:30Z,89.0,Sense
2025-08-16T23:27:35Z,90.0,Sense
2025-08-16T23:27:40Z,91.0,Sense
2025-08-16T23:27:45Z,92.0,Sense
2025-08-16T23:27:50Z,92.0,Sense
2025-08-16T23:27:55Z,93.0,Sense
2025-08-16T23:28:00Z,95.0,Sense
2025-08-16T23:28:05Z,96.0,Sense
2025-08-16T23:28:20Z,97.0,Sense
2025-08-16T23:28:25Z,95.0,Sense
2025-08-16T23:28:30Z,93.0,Sense
2025-08-16T23:28:45Z,93.0,Sense
2025-08-16T23:28:50Z,92.0,Sense
2025-08-16T23:28:55Z,91.0,Sense
2025-08-16T23:29:00Z,88.0,Sense
2025-08-16T23:29:05Z,87.0,Sense
2025-08-16T23:29:15Z,88.0,Sense
2025-08-16T23:29:20Z,89.0,Sense
2025-08-16T23:29:35Z,90.0,Sense
2025-08-16T23:29:40Z,88.0,Sense
2025-08-16T23:29:55Z,105.0,Sense
2025-08-16T23:30:00Z,120.0,Sense
2025-08-16T23:30:05Z,118.0,Sense
2025-08-16T23:30:10Z,115.0,Sense
2025-08-16T23:30:20Z,114.0,Sense
2025-08-16T23:30:25Z,116.0,Sense
2025-08-16T23:30:30Z,112.0,Sense
2025-08-16T23:30:35Z,107.0,Sense
2025-08-16T23:30:40Z,101.0,Sense
2025-08-16T23:30:45Z,96.0,Sense
2025-08-16T23:30:50Z,94.0,Sense
2025-08-16T23:30:55Z,92.0,Sense
2025-08-16T23:31:00Z,92.0,Sense
2025-08-16T23:31:05Z,93.0,Sense
2025-08-16T23:31:10Z,94.0,Sense
2025-08-16T23:31:15Z,95.0,Sense
2025-08-16T23:31:20Z,95.0,Sense
2025-08-16T23:31:25Z,96.0,Sense
2025-08-16T23:31:30Z,97.0,Sense
2025-08-16T23:31:40Z,98.0,Sense
2025-08-16T23:31:50Z,91.0,Sense
2025-08-16T23:32:00Z,92.0,Sense
2025-08-16T23:32:05Z,93.0,Sense
2025-08-16T23:32:10Z,94.0,Sense
2025-08-16T23:32:15Z,94.0,Sense
2025-08-16T23:32:20Z,95.0,Sense
2025-08-16T23:32:35Z,94.0,Sense
2025-08-16T23:32:40Z,95.0,Sense
2025-08-16T23:32:45Z,97.0,Sense
2025-08-16T23:32:55Z,96.0,Sense
2025-08-16T23:33:10Z,96.0,Sense
2025-08-16T23:33:15Z,95.0,Sense
2025-08-16T23:33:20Z,96.0,Sense
2025-08-16T23:33:25Z,99.0,Sense
2025-08-16T23:33:30Z,98.0,Sense
2025-08-16T23:33:45Z,98.0,Sense
2025-08-16T23:33:50Z,99.0,Sense
2025-08-16T23:34:05Z,104.0,Sense
2025-08-16T23:34:10Z,117.0,Sense
2025-08-16T23:34:20Z,118.0,Sense
2025-08-16T23:34:25Z,112.0,Sense
2025-08-16T23:34:35Z,113.0,Sense
2025-08-16T23:34:45Z,114.0,Sense
2025-08-16T23:34:50Z,109.0,Sense
2025-08-16T23:34:55Z,103.0,Sense
2025-08-16T23:35:00Z,97.0,Sense
2025-08-16T23:35:15Z,94.0,Sense
2025-08-16T23:35:20Z,92.0,Sense
2025-08-16T23:35:35Z,91.0,Sense
2025-08-16T23:35:45Z,92.0,Sense
2025-08-16T23:35:50Z,86.0,Sense
2025-08-16T23:35:55Z,85.0,Sense
2025-08-16T23:36:00Z,90.0,Sense
2025-08-16T23:36:05Z,91.0,Sense
2025-08-16T23:36:20Z,92.0,Sense
2025-08-16T23:36:25Z,92.0,Sense
2025-08-16T23:36:30Z,93.0,Sense
2025-08-16T23:36:35Z,92.0,Sense
2025-08-16T23:36:40Z,91.0,Sense
2025-08-16T23:36:45Z,92.0,Sense
2025-08-16T23:36:50Z,93.0,Sense
2025-08-16T23:36:55Z,94.0,Sense
2025-08-16T23:37:05Z,95.0,Sense
2025-08-16T23:37:10Z,94.0,Sense
2025-08-16T23:37:25Z,94.0,Sense
2025-08-16T23:37:30Z,95.0,Sense
2025-08-16T23:37:40Z,93.0,Sense
2025-08-16T23:37:50Z,94.0,Sense
2025-08-16T23:37:55Z,95.0,Sense
2025-08-16T23:38:00Z,97.0,Sense
2025-08-16T23:38:05Z,98.0,Sense
2025-08-16T23:38:15Z,97.0,Sense
2025-08-16T23:38:20Z,96.0,Sense
2025-08-16T23:38:25Z,95.0,Sense
2025-08-16T23:38:40Z,96.0,Sense
2025-08-16T23:38:55Z,97.0,Sense
2025-08-16T23:39:05Z,95.0,Sense
2025-08-16T23:39:10Z,92.0,Sense
2025-08-16T23:39:15Z,93.0,Sense
2025-08-16T23:39:30Z,94.0,Sense
2025-08-16T23:39:35Z,95.0,Sense
2025-08-16T23:39:40Z,96.0,Sense
2025-08-16T23:39:50Z,95.0,Sense
2025-08-16T23:39:55Z,94.0,Sense
2025-08-16T23:40:10Z,94.0,Sense
2025-08-16T23:40:15Z,95.0,Sense
2025-08-16T23:40:20Z,96.0,Sense
2025-08-16T23:40:25Z,94.0,Sense
2025-08-16T23:40:30Z,91.0,Sense
2025-08-16T23:40:35Z,92.0,Sense
2025-08-16T23:40:40Z,96.0,Sense
2025-08-16T23:40:45Z,106.0,Sense
2025-08-16T23:40:50Z,107.0,Sense
2025-08-16T23:40:55Z,108.0,Sense
2025-08-16T23:41:00Z,110.0,Sense
2025-08-16T23:41:05Z,109.0,Sense
2025-08-16T23:41:15Z,112.0,Sense
2025-08-16T23:41:20Z,102.0,Sense
2025-08-16T23:41:35Z,100.0,Sense
2025-08-16T23:41:40Z,96.0,Sense
2025-08-16T23:41:45Z,95.0,Sense
2025-08-16T23:41:55Z,94.0,Sense
2025-08-16T23:42:00Z,93.0,Sense
2025-08-16T23:42:05Z,95.0,Sense
2025-08-16T23:42:10Z,97.0,Sense
2025-08-16T23:42:15Z,96.0,Sense
2025-08-16T23:42:25Z,97.0,Sense
2025-08-16T23:42:30Z,98.0,Sense
2025-08-16T23:42:40Z,99.0,Sense
2025-08-16T23:42:45Z,97.0,Sense
2025-08-16T23:43:00Z,97.0,Sense
2025-08-16T23:43:05Z,98.0,Sense
2025-08-16T23:43:10Z,99.0,Sense
2025-08-16T23:43:15Z,98.0,Sense
2025-08-16T23:43:20Z,97.0,Sense
2025-08-16T23:43:25Z,116.0,Sense
2025-08-16T23:43:30Z,121.0,Sense
2025-08-16T23:43:35Z,118.0,Sense
2025-08-16T23:43:40Z,117.0,Sense
2025-08-16T23:43:45Z,118.0,Sense
2025-08-16T23:43:55Z,122.0,Sense
2025-08-16T23:44:00Z,149.0,Sense
2025-08-16T23:44:05Z,150.0,Sense
2025-08-16T23:44:10Z,149.0,Sense
2025-08-16T23:44:20Z,147.0,Sense
2025-08-16T23:44:25Z,142.0,Sense
2025-08-16T23:44:30Z,138.0,Sense
2025-08-16T23:44:35Z,139.0,Sense
2025-08-16T23:44:45Z,137.0,Sense
2025-08-16T23:44:50Z,133.0,Sense
2025-08-16T23:45:00Z,144.0,Sense
2025-08-16T23:45:05Z,143.0,Sense
2025-08-16T23:45:20Z,142.0,Sense
2025-08-16T23:45:25Z,135.0,Sense
2025-08-16T23:45:30Z,136.0,Sense
2025-08-16T23:45:40Z,141.0,Sense
2025-08-16T23:45:45Z,144.0,Sense
2025-08-16T23:45:55Z,142.0,Sense
2025-08-16T23:46:00Z,131.0,Sense
2025-08-16T23:46:05Z,135.0,Sense
2025-08-16T23:46:10Z,144.0,Sense
2025-08-16T23:46:20Z,143.0,Sense
2025-08-16T23:46:25Z,140.0,Sense
2025-08-16T23:46:30Z,138.0,Sense
2025-08-16T23:46:35Z,133.0,Sense
2025-08-16T23:46:40Z,129.0,Sense
2025-08-16T23:46:45Z,124.0,Sense
2025-08-16T23:46:50Z,117.0,Sense
2025-08-16T23:46:55Z,110.0,Sense
2025-08-16T23:47:00Z,111.0,Sense
2025-08-16T23:47:05Z,119.0,Sense
2025-08-16T23:47:15Z,118.0,Sense
2025-08-16T23:47:25Z,119.0,Sense
2025-08-16T23:47:30Z,149.0,Sense
2025-08-16T23:47:35Z,158.0,Sense
2025-08-16T23:47:45Z,157.0,Sense
2025-08-16T23:47:55Z,155.0,Sense
2025-08-16T23:48:00Z,148.0,Sense
2025-08-16T23:48:05Z,141.0,Sense
2025-08-16T23:48:10Z,134.0,Sense
2025-08-16T23:48:15Z,132.0,Sense
2025-08-16T23:48:20Z,130.0,Sense
2025-08-16T23:48:25Z,126.0,Sense
2025-08-16T23:48:30Z,123.0,Sense
2025-08-16T23:48:35Z,122.0,Sense
2025-08-16T23:48:40Z,125.0,Sense
2025-08-16T23:48:50Z,124.0,Sense
2025-08-16T23:48:55Z,126.0,Sense
2025-08-16T23:49:00Z,115.0,Sense
2025-08-16T23:49:05Z,107.0,Sense
2025-08-16T23:49:15Z,108.0,Sense
2025-08-16T23:49:30Z,108.0,Sense
2025-08-16T23:49:40Z,108.0,Sense
2025-08-16T23:49:45Z,105.0,Sense
2025-08-16T23:49:50Z,121.0,Sense
2025-08-16T23:49:55Z,142.0,Sense
2025-08-16T23:50:10Z,139.0,Sense
2025-08-16T23:50:15Z,133.0,Sense
2025-08-16T23:50:20Z,127.0,Sense
2025-08-16T23:50:25Z,122.0,Sense
2025-08-16T23:50:30Z,119.0,Sense
2025-08-16T23:50:35Z,113.0,Sense
2025-08-16T23:50:50Z,109.0,Sense
2025-08-16T23:50:55Z,104.0,Sense
2025-08-16T23:51:10Z,104.0,Sense
2025-08-16T23:51:15Z,100.0,Sense
2025-08-16T23:51:20Z,94.0,Sense
2025-08-16T23:51:25Z,90.0,Sense
2025-08-16T23:51:40Z,90.0,Sense
2025-08-16T23:51:45Z,89.0,Sense
2025-08-16T23:51:50Z,90.0,Sense
2025-08-16T23:51:55Z,89.0,Sense
2025-08-16T23:52:00Z,88.0,Sense
2025-08-16T23:52:05Z,87.0,Sense
2025-08-16T23:52:10Z,90.0,Sense
2025-08-16T23:52:15Z,92.0,Sense
2025-08-16T23:52:20Z,93.0,Sense
2025-08-16T23:52:25Z,94.0,Sense
2025-08-16T23:52:30Z,96.0,Sense
2025-08-16T23:52:35Z,89.0,Sense
2025-08-16T23:52:40Z,87.0,Sense
2025-08-16T23:52:45Z,99.0,Sense
2025-08-16T23:52:50Z,100.0,Sense
2025-08-16T23:53:00Z,101.0,Sense
2025-08-16T23:53:10Z,100.0,Sense
2025-08-16T23:53:15Z,99.0,Sense
2025-08-16T23:53:20Z,95.0,Sense
2025-08-16T23:53:25Z,93.0,Sense
2025-08-16T23:53:40Z,92.0,Sense
2025-08-16T23:53:45Z,89.0,Sense
2025-08-16T23:53:50Z,86.0,Sense
2025-08-16T23:54:00Z,82.0,Sense
2025-08-16T23:54:15Z,81.0,Sense
2025-08-16T23:54:20Z,84.0,Sense
2025-08-16T23:54:25Z,88.0,Sense
2025-08-16T23:54:30Z,84.0,Sense
2025-08-16T23:54:35Z,83.0,Sense
2025-08-16T23:54:40Z,84.0,Sense
2025-08-16T23:54:45Z,84.0,Sense
2025-08-16T23:54:50Z,85.0,Sense
2025-08-16T23:54:55Z,86.0,Sense
2025-08-16T23:55:00Z,87.0,Sense
2025-08-16T23:55:05Z,87.0,Sense
2025-08-16T23:55:10Z,81.0,Sense
2025-08-16T23:55:15Z,78.0,Sense
2025-08-16T23:55:20Z,80.0,Sense
2025-08-16T23:55:25Z,82.0,Sense
2025-08-16T23:55:30Z,92.0,Sense
2025-08-16T23:55:35Z,111.0,Sense
2025-08-16T23:55:40Z,114.0,Sense
2025-08-16T23:55:45Z,115.0,Sense
2025-08-16T23:55:50Z,116.0,Sense
2025-08-16T23:55:55Z,117.0,Sense
2025-08-16T23:56:00Z,114.0,Sense
2025-08-16T23:56:05Z,111.0,Sense
2025-08-16T23:56:10Z,112.0,Sense
2025-08-16T23:56:15Z,111.0,Sense
2025-08-16T23:56:20Z,110.0,Sense
2025-08-16T23:56:25Z,108.0,Sense
2025-08-16T23:56:30Z,104.0,Sense
2025-08-16T23:56:35Z,101.0,Sense
2025-08-16T23:56:40Z,103.0,Sense
2025-08-16T23:56:45Z,101.0,Sense
2025-08-16T23:56:50Z,98.0,Sense
2025-08-16T23:56:55Z,99.0,Sense
2025-08-16T23:57:05Z,100.0,Sense
2025-08-16T23:57:10Z,102.0,Sense
2025-08-16T23:57:20Z,101.0,Sense
2025-08-16T23:57:25Z,103.0,Sense
2025-08-16T23:57:30Z,108.0,Sense
2025-08-16T23:57:35Z,110.0,Sense
2025-08-16T23:57:45Z,109.0,Sense
2025-08-16T23:57:55Z,106.0,Sense
2025-08-16T23:58:05Z,104.0,Sense
2025-08-16T23:58:10Z,103.0,Sense
2025-08-16T23:58:15Z,100.0,Sense
2025-08-16T23:58:20Z,110.0,Sense
2025-08-16T23:58:25Z,117.0,Sense
2025-08-16T23:58:30Z,116.0,Sense
2025-08-16T23:58:35Z,115.0,Sense
2025-08-16T23:58:40Z,118.0,Sense
2025-08-16T23:58:45Z,116.0,Sense
2025-08-16T23:58:50Z,115.0,Sense
2025-08-16T23:58:55Z,113.0,Sense
2025-08-16T23:59:05Z,111.0,Sense
2025-08-16T23:59:10Z,106.0,Sense
2025-08-16T23:59:15Z,97.0,Sense
2025-08-16T23:59:20Z,98.0,Sense
2025-08-16T23:59:25Z,93.0,Sense
2025-08-16T23:59:35Z,94.0,Sense
2025-08-16T23:59:40Z,100.0,Sense
2025-08-16T23:59:45Z,101.0,Sense
2025-08-16T23:59:55Z,100.0,Sense
