timestamp,beats per minute,data source
2025-07-27T00:28:54Z,66.0,Sense 2
2025-07-27T00:29:06Z,66.0,Sense 2
2025-07-27T00:30:07Z,66.0,Sense 2
2025-07-27T00:30:17Z,74.0,Sense 2
2025-07-27T00:30:22Z,70.0,Sense 2
2025-07-27T00:30:27Z,77.0,Sense 2
2025-07-27T00:30:32Z,75.0,Sense 2
2025-07-27T00:30:37Z,79.0,Sense 2
2025-07-27T00:30:52Z,77.0,Sense 2
2025-07-27T00:30:58Z,78.0,Sense 2
2025-07-27T00:31:08Z,72.0,Sense 2
2025-07-27T00:31:13Z,71.0,Sense 2
2025-07-27T00:31:18Z,70.0,Sense 2
2025-07-27T00:31:23Z,68.0,Sense 2
2025-07-27T00:31:33Z,68.0,Sense 2
2025-07-27T00:31:43Z,70.0,Sense 2
2025-07-27T00:31:48Z,71.0,Sense 2
2025-07-27T00:31:53Z,69.0,Sense 2
2025-07-27T00:31:58Z,69.0,Sense 2
2025-07-27T00:32:03Z,71.0,Sense 2
2025-07-27T00:32:18Z,70.0,Sense 2
2025-07-27T00:32:23Z,69.0,Sense 2
2025-07-27T00:32:28Z,70.0,Sense 2
2025-07-27T00:32:33Z,72.0,Sense 2
2025-07-27T00:32:43Z,70.0,Sense 2
2025-07-27T00:32:53Z,71.0,Sense 2
2025-07-27T00:32:58Z,73.0,Sense 2
2025-07-27T00:33:08Z,71.0,Sense 2
2025-07-27T00:33:13Z,68.0,Sense 2
2025-07-27T00:33:18Z,69.0,Sense 2
2025-07-27T00:33:23Z,70.0,Sense 2
2025-07-27T00:33:28Z,69.0,Sense 2
2025-07-27T00:33:33Z,67.0,Sense 2
2025-07-27T00:33:38Z,66.0,Sense 2
2025-07-27T00:33:43Z,67.0,Sense 2
2025-07-27T00:33:53Z,70.0,Sense 2
2025-07-27T00:33:58Z,73.0,Sense 2
2025-07-27T00:34:03Z,72.0,Sense 2
2025-07-27T00:34:08Z,68.0,Sense 2
2025-07-27T00:34:13Z,65.0,Sense 2
2025-07-27T00:34:28Z,65.0,Sense 2
2025-07-27T00:34:34Z,66.0,Sense 2
2025-07-27T00:34:49Z,66.0,Sense 2
2025-07-27T00:35:04Z,65.0,Sense 2
2025-07-27T00:35:14Z,69.0,Sense 2
2025-07-27T00:35:19Z,71.0,Sense 2
2025-07-27T00:35:29Z,70.0,Sense 2
2025-07-27T00:35:34Z,73.0,Sense 2
2025-07-27T00:35:39Z,74.0,Sense 2
2025-07-27T00:35:44Z,73.0,Sense 2
2025-07-27T00:35:49Z,73.0,Sense 2
2025-07-27T00:35:54Z,72.0,Sense 2
2025-07-27T00:35:59Z,70.0,Sense 2
2025-07-27T00:36:09Z,70.0,Sense 2
2025-07-27T00:36:19Z,72.0,Sense 2
2025-07-27T00:36:24Z,73.0,Sense 2
2025-07-27T00:36:29Z,71.0,Sense 2
2025-07-27T00:36:34Z,70.0,Sense 2
2025-07-27T00:36:39Z,71.0,Sense 2
2025-07-27T00:36:54Z,71.0,Sense 2
2025-07-27T00:36:59Z,71.0,Sense 2
2025-07-27T00:37:09Z,72.0,Sense 2
2025-07-27T00:37:14Z,73.0,Sense 2
2025-07-27T00:37:19Z,72.0,Sense 2
2025-07-27T00:37:24Z,71.0,Sense 2
2025-07-27T00:37:29Z,72.0,Sense 2
2025-07-27T00:37:34Z,77.0,Sense 2
2025-07-27T00:37:39Z,81.0,Sense 2
2025-07-27T00:37:44Z,77.0,Sense 2
2025-07-27T00:37:49Z,72.0,Sense 2
2025-07-27T00:37:54Z,69.0,Sense 2
2025-07-27T00:37:59Z,68.0,Sense 2
2025-07-27T00:38:04Z,66.0,Sense 2
2025-07-27T00:38:09Z,65.0,Sense 2
2025-07-27T00:38:14Z,64.0,Sense 2
2025-07-27T00:38:29Z,64.0,Sense 2
2025-07-27T00:38:34Z,66.0,Sense 2
2025-07-27T00:38:44Z,64.0,Sense 2
2025-07-27T00:38:54Z,63.0,Sense 2
2025-07-27T00:38:59Z,61.0,Sense 2
2025-07-27T00:39:09Z,62.0,Sense 2
2025-07-27T00:39:14Z,64.0,Sense 2
2025-07-27T00:39:19Z,67.0,Sense 2
2025-07-27T00:39:24Z,68.0,Sense 2
2025-07-27T00:39:29Z,66.0,Sense 2
2025-07-27T00:39:34Z,64.0,Sense 2
2025-07-27T00:39:39Z,63.0,Sense 2
2025-07-27T00:39:54Z,63.0,Sense 2
2025-07-27T00:40:09Z,64.0,Sense 2
2025-07-27T00:40:14Z,63.0,Sense 2
2025-07-27T00:40:19Z,63.0,Sense 2
2025-07-27T00:40:34Z,63.0,Sense 2
2025-07-27T00:40:44Z,64.0,Sense 2
2025-07-27T00:40:59Z,67.0,Sense 2
2025-07-27T00:41:04Z,79.0,Sense 2
2025-07-27T00:41:09Z,80.0,Sense 2
2025-07-27T00:41:19Z,78.0,Sense 2
2025-07-27T00:41:34Z,78.0,Sense 2
2025-07-27T00:41:39Z,71.0,Sense 2
2025-07-27T00:41:44Z,68.0,Sense 2
2025-07-27T00:41:49Z,65.0,Sense 2
2025-07-27T00:41:54Z,63.0,Sense 2
2025-07-27T00:42:04Z,64.0,Sense 2
2025-07-27T00:42:14Z,63.0,Sense 2
2025-07-27T00:42:29Z,63.0,Sense 2
2025-07-27T00:42:39Z,64.0,Sense 2
2025-07-27T00:42:44Z,65.0,Sense 2
2025-07-27T00:42:59Z,64.0,Sense 2
2025-07-27T00:43:04Z,63.0,Sense 2
2025-07-27T00:43:14Z,65.0,Sense 2
2025-07-27T00:43:19Z,66.0,Sense 2
2025-07-27T00:43:24Z,65.0,Sense 2
2025-07-27T00:43:39Z,65.0,Sense 2
2025-07-27T00:43:44Z,66.0,Sense 2
2025-07-27T00:43:49Z,67.0,Sense 2
2025-07-27T00:43:54Z,68.0,Sense 2
2025-07-27T00:43:59Z,67.0,Sense 2
2025-07-27T00:44:09Z,68.0,Sense 2
2025-07-27T00:44:14Z,65.0,Sense 2
2025-07-27T00:44:19Z,63.0,Sense 2
2025-07-27T00:44:24Z,63.0,Sense 2
2025-07-27T00:44:29Z,63.0,Sense 2
2025-07-27T00:44:39Z,63.0,Sense 2
2025-07-27T00:44:54Z,64.0,Sense 2
2025-07-27T00:44:59Z,65.0,Sense 2
2025-07-27T00:45:09Z,67.0,Sense 2
2025-07-27T00:45:14Z,72.0,Sense 2
2025-07-27T00:45:19Z,73.0,Sense 2
2025-07-27T00:45:24Z,71.0,Sense 2
2025-07-27T00:45:29Z,67.0,Sense 2
2025-07-27T00:45:34Z,65.0,Sense 2
2025-07-27T00:45:39Z,65.0,Sense 2
2025-07-27T00:45:44Z,64.0,Sense 2
2025-07-27T00:45:49Z,66.0,Sense 2
2025-07-27T00:45:54Z,67.0,Sense 2
2025-07-27T00:45:59Z,66.0,Sense 2
2025-07-27T00:46:04Z,65.0,Sense 2
2025-07-27T00:46:09Z,67.0,Sense 2
2025-07-27T00:46:14Z,69.0,Sense 2
2025-07-27T00:46:19Z,68.0,Sense 2
2025-07-27T00:46:24Z,66.0,Sense 2
2025-07-27T00:46:39Z,66.0,Sense 2
2025-07-27T00:46:44Z,65.0,Sense 2
2025-07-27T00:46:54Z,66.0,Sense 2
2025-07-27T00:46:59Z,67.0,Sense 2
2025-07-27T00:47:04Z,68.0,Sense 2
2025-07-27T00:47:14Z,67.0,Sense 2
2025-07-27T00:47:24Z,68.0,Sense 2
2025-07-27T00:47:29Z,70.0,Sense 2
2025-07-27T00:47:34Z,69.0,Sense 2
2025-07-27T00:47:39Z,67.0,Sense 2
2025-07-27T00:47:44Z,66.0,Sense 2
2025-07-27T00:47:59Z,66.0,Sense 2
2025-07-27T00:48:14Z,65.0,Sense 2
2025-07-27T00:48:19Z,64.0,Sense 2
2025-07-27T00:48:34Z,65.0,Sense 2
2025-07-27T00:48:39Z,64.0,Sense 2
2025-07-27T00:48:54Z,64.0,Sense 2
2025-07-27T00:48:59Z,65.0,Sense 2
2025-07-27T00:49:14Z,66.0,Sense 2
2025-07-27T00:49:29Z,67.0,Sense 2
2025-07-27T00:49:39Z,69.0,Sense 2
2025-07-27T00:49:44Z,76.0,Sense 2
2025-07-27T00:49:49Z,78.0,Sense 2
2025-07-27T00:49:54Z,77.0,Sense 2
2025-07-27T00:50:09Z,77.0,Sense 2
2025-07-27T00:50:24Z,77.0,Sense 2
2025-07-27T00:50:29Z,76.0,Sense 2
2025-07-27T00:50:44Z,76.0,Sense 2
2025-07-27T00:50:59Z,76.0,Sense 2
2025-07-27T00:51:04Z,77.0,Sense 2
2025-07-27T00:51:09Z,76.0,Sense 2
2025-07-27T00:51:24Z,78.0,Sense 2
2025-07-27T00:51:29Z,79.0,Sense 2
2025-07-27T00:51:34Z,79.0,Sense 2
2025-07-27T00:51:39Z,79.0,Sense 2
2025-07-27T00:51:44Z,80.0,Sense 2
2025-07-27T00:51:49Z,81.0,Sense 2
2025-07-27T00:52:04Z,81.0,Sense 2
2025-07-27T00:52:09Z,82.0,Sense 2
2025-07-27T00:52:24Z,81.0,Sense 2
2025-07-27T00:52:29Z,80.0,Sense 2
2025-07-27T00:52:34Z,81.0,Sense 2
2025-07-27T00:52:49Z,83.0,Sense 2
2025-07-27T00:52:54Z,84.0,Sense 2
2025-07-27T00:53:04Z,85.0,Sense 2
2025-07-27T00:53:19Z,85.0,Sense 2
2025-07-27T00:53:24Z,84.0,Sense 2
2025-07-27T00:53:29Z,75.0,Sense 2
2025-07-27T00:53:34Z,73.0,Sense 2
2025-07-27T00:53:39Z,72.0,Sense 2
2025-07-27T00:53:44Z,73.0,Sense 2
2025-07-27T00:53:54Z,73.0,Sense 2
2025-07-27T00:54:04Z,74.0,Sense 2
2025-07-27T00:54:09Z,79.0,Sense 2
2025-07-27T00:54:14Z,78.0,Sense 2
2025-07-27T00:54:19Z,75.0,Sense 2
2025-07-27T00:54:24Z,73.0,Sense 2
2025-07-27T00:54:29Z,75.0,Sense 2
2025-07-27T00:54:34Z,74.0,Sense 2
2025-07-27T00:54:39Z,71.0,Sense 2
2025-07-27T00:54:44Z,70.0,Sense 2
2025-07-27T00:54:54Z,68.0,Sense 2
2025-07-27T00:54:59Z,67.0,Sense 2
2025-07-27T00:55:04Z,66.0,Sense 2
2025-07-27T00:55:19Z,67.0,Sense 2
2025-07-27T00:55:24Z,68.0,Sense 2
2025-07-27T00:55:29Z,67.0,Sense 2
2025-07-27T00:55:39Z,69.0,Sense 2
2025-07-27T00:55:44Z,70.0,Sense 2
2025-07-27T00:55:49Z,68.0,Sense 2
2025-07-27T00:55:54Z,67.0,Sense 2
2025-07-27T00:55:57Z,67.0,Sense 2
2025-07-27T00:56:02Z,66.0,Sense 2
2025-07-27T00:56:07Z,65.0,Sense 2
2025-07-27T00:56:22Z,66.0,Sense 2
2025-07-27T00:56:27Z,66.0,Sense 2
2025-07-27T00:56:32Z,67.0,Sense 2
2025-07-27T00:56:37Z,75.0,Sense 2
2025-07-27T00:56:42Z,78.0,Sense 2
2025-07-27T00:56:47Z,76.0,Sense 2
2025-07-27T00:56:52Z,70.0,Sense 2
2025-07-27T00:56:57Z,68.0,Sense 2
2025-07-27T00:57:02Z,67.0,Sense 2
2025-07-27T00:57:17Z,68.0,Sense 2
2025-07-27T00:57:22Z,67.0,Sense 2
2025-07-27T00:57:27Z,65.0,Sense 2
2025-07-27T00:57:32Z,64.0,Sense 2
2025-07-27T00:57:42Z,63.0,Sense 2
2025-07-27T00:57:57Z,63.0,Sense 2
2025-07-27T00:58:02Z,62.0,Sense 2
2025-07-27T00:58:12Z,63.0,Sense 2
2025-07-27T00:58:17Z,64.0,Sense 2
2025-07-27T00:58:22Z,65.0,Sense 2
2025-07-27T00:58:27Z,66.0,Sense 2
2025-07-27T00:58:37Z,67.0,Sense 2
2025-07-27T00:58:42Z,69.0,Sense 2
2025-07-27T00:58:47Z,67.0,Sense 2
2025-07-27T00:58:52Z,66.0,Sense 2
2025-07-27T00:58:57Z,65.0,Sense 2
2025-07-27T00:59:02Z,64.0,Sense 2
2025-07-27T00:59:07Z,64.0,Sense 2
2025-07-27T00:59:12Z,64.0,Sense 2
2025-07-27T00:59:17Z,65.0,Sense 2
2025-07-27T00:59:22Z,64.0,Sense 2
2025-07-27T00:59:27Z,63.0,Sense 2
2025-07-27T00:59:32Z,64.0,Sense 2
2025-07-27T00:59:42Z,64.0,Sense 2
2025-07-27T00:59:47Z,65.0,Sense 2
2025-07-27T01:00:02Z,66.0,Sense 2
2025-07-27T01:00:07Z,67.0,Sense 2
2025-07-27T01:00:12Z,68.0,Sense 2
2025-07-27T01:00:27Z,70.0,Sense 2
2025-07-27T01:00:32Z,80.0,Sense 2
2025-07-27T01:00:37Z,79.0,Sense 2
2025-07-27T01:00:42Z,76.0,Sense 2
2025-07-27T01:00:47Z,72.0,Sense 2
2025-07-27T01:00:52Z,69.0,Sense 2
2025-07-27T01:00:57Z,68.0,Sense 2
2025-07-27T01:01:02Z,67.0,Sense 2
2025-07-27T01:01:07Z,68.0,Sense 2
2025-07-27T01:01:12Z,69.0,Sense 2
2025-07-27T01:01:17Z,68.0,Sense 2
2025-07-27T01:01:22Z,67.0,Sense 2
2025-07-27T01:01:27Z,66.0,Sense 2
2025-07-27T01:01:32Z,65.0,Sense 2
2025-07-27T01:01:37Z,66.0,Sense 2
2025-07-27T01:01:42Z,69.0,Sense 2
2025-07-27T01:01:47Z,71.0,Sense 2
2025-07-27T01:01:52Z,69.0,Sense 2
2025-07-27T01:01:57Z,67.0,Sense 2
2025-07-27T01:02:02Z,66.0,Sense 2
2025-07-27T01:02:17Z,67.0,Sense 2
2025-07-27T01:02:22Z,66.0,Sense 2
2025-07-27T01:02:27Z,67.0,Sense 2
2025-07-27T01:02:37Z,66.0,Sense 2
2025-07-27T01:02:42Z,65.0,Sense 2
2025-07-27T01:02:47Z,64.0,Sense 2
2025-07-27T01:02:52Z,63.0,Sense 2
2025-07-27T01:02:57Z,61.0,Sense 2
2025-07-27T01:03:07Z,62.0,Sense 2
2025-07-27T01:03:12Z,65.0,Sense 2
2025-07-27T01:03:17Z,64.0,Sense 2
2025-07-27T01:03:22Z,64.0,Sense 2
2025-07-27T01:03:37Z,66.0,Sense 2
2025-07-27T01:03:42Z,68.0,Sense 2
2025-07-27T01:03:47Z,67.0,Sense 2
2025-07-27T01:03:52Z,65.0,Sense 2
2025-07-27T01:04:02Z,66.0,Sense 2
2025-07-27T01:04:07Z,67.0,Sense 2
2025-07-27T01:04:17Z,68.0,Sense 2
2025-07-27T01:04:22Z,68.0,Sense 2
2025-07-27T01:04:37Z,68.0,Sense 2
2025-07-27T01:04:52Z,69.0,Sense 2
2025-07-27T01:04:57Z,70.0,Sense 2
2025-07-27T01:05:02Z,71.0,Sense 2
2025-07-27T01:05:07Z,70.0,Sense 2
2025-07-27T01:05:12Z,69.0,Sense 2
2025-07-27T01:05:22Z,68.0,Sense 2
2025-07-27T01:05:32Z,68.0,Sense 2
2025-07-27T01:05:37Z,69.0,Sense 2
2025-07-27T01:05:42Z,71.0,Sense 2
2025-07-27T01:05:47Z,81.0,Sense 2
2025-07-27T01:05:52Z,82.0,Sense 2
2025-07-27T01:05:57Z,79.0,Sense 2
2025-07-27T01:06:02Z,76.0,Sense 2
2025-07-27T01:06:07Z,73.0,Sense 2
2025-07-27T01:06:12Z,71.0,Sense 2
2025-07-27T01:06:17Z,70.0,Sense 2
2025-07-27T01:06:22Z,68.0,Sense 2
2025-07-27T01:06:27Z,66.0,Sense 2
2025-07-27T01:06:32Z,64.0,Sense 2
2025-07-27T01:06:42Z,63.0,Sense 2
2025-07-27T01:06:47Z,63.0,Sense 2
2025-07-27T01:06:57Z,66.0,Sense 2
2025-07-27T01:07:02Z,70.0,Sense 2
2025-07-27T01:07:17Z,70.0,Sense 2
2025-07-27T01:07:22Z,69.0,Sense 2
2025-07-27T01:07:27Z,67.0,Sense 2
2025-07-27T01:07:37Z,66.0,Sense 2
2025-07-27T01:07:47Z,65.0,Sense 2
2025-07-27T01:07:52Z,64.0,Sense 2
2025-07-27T01:08:07Z,63.0,Sense 2
2025-07-27T01:08:22Z,63.0,Sense 2
2025-07-27T01:08:27Z,64.0,Sense 2
2025-07-27T01:08:37Z,63.0,Sense 2
2025-07-27T01:08:42Z,62.0,Sense 2
2025-07-27T01:08:47Z,61.0,Sense 2
2025-07-27T01:08:52Z,60.0,Sense 2
2025-07-27T01:09:02Z,59.0,Sense 2
2025-07-27T01:09:07Z,60.0,Sense 2
2025-07-27T01:09:17Z,61.0,Sense 2
2025-07-27T01:09:32Z,60.0,Sense 2
2025-07-27T01:09:42Z,61.0,Sense 2
2025-07-27T01:09:52Z,62.0,Sense 2
2025-07-27T01:10:07Z,62.0,Sense 2
2025-07-27T01:10:22Z,63.0,Sense 2
2025-07-27T01:10:27Z,64.0,Sense 2
2025-07-27T01:10:42Z,66.0,Sense 2
2025-07-27T01:10:47Z,68.0,Sense 2
2025-07-27T01:10:52Z,66.0,Sense 2
2025-07-27T01:10:57Z,65.0,Sense 2
2025-07-27T01:11:02Z,64.0,Sense 2
2025-07-27T01:11:07Z,63.0,Sense 2
2025-07-27T01:11:12Z,64.0,Sense 2
2025-07-27T01:11:22Z,62.0,Sense 2
2025-07-27T01:11:32Z,62.0,Sense 2
2025-07-27T01:11:47Z,63.0,Sense 2
2025-07-27T01:12:02Z,63.0,Sense 2
2025-07-27T01:12:17Z,65.0,Sense 2
2025-07-27T01:12:22Z,65.0,Sense 2
2025-07-27T01:12:27Z,64.0,Sense 2
2025-07-27T01:12:37Z,63.0,Sense 2
2025-07-27T01:12:47Z,62.0,Sense 2
2025-07-27T01:12:52Z,61.0,Sense 2
2025-07-27T01:13:02Z,60.0,Sense 2
2025-07-27T01:13:17Z,60.0,Sense 2
2025-07-27T01:13:32Z,61.0,Sense 2
2025-07-27T01:13:42Z,60.0,Sense 2
2025-07-27T01:13:57Z,60.0,Sense 2
2025-07-27T01:14:07Z,59.0,Sense 2
2025-07-27T01:14:17Z,60.0,Sense 2
2025-07-27T01:14:32Z,59.0,Sense 2
2025-07-27T01:14:47Z,60.0,Sense 2
2025-07-27T01:14:52Z,60.0,Sense 2
2025-07-27T01:15:02Z,63.0,Sense 2
2025-07-27T01:15:12Z,59.0,Sense 2
2025-07-27T01:15:27Z,59.0,Sense 2
2025-07-27T01:15:37Z,60.0,Sense 2
2025-07-27T01:15:47Z,61.0,Sense 2
2025-07-27T01:15:57Z,60.0,Sense 2
2025-07-27T01:16:02Z,60.0,Sense 2
2025-07-27T01:16:07Z,61.0,Sense 2
2025-07-27T01:16:12Z,63.0,Sense 2
2025-07-27T01:16:17Z,64.0,Sense 2
2025-07-27T01:16:27Z,63.0,Sense 2
2025-07-27T01:16:37Z,62.0,Sense 2
2025-07-27T01:16:42Z,60.0,Sense 2
2025-07-27T01:16:47Z,59.0,Sense 2
2025-07-27T01:17:02Z,59.0,Sense 2
2025-07-27T01:17:12Z,60.0,Sense 2
2025-07-27T01:17:22Z,61.0,Sense 2
2025-07-27T01:17:27Z,59.0,Sense 2
2025-07-27T01:17:42Z,59.0,Sense 2
2025-07-27T01:17:57Z,59.0,Sense 2
2025-07-27T01:18:02Z,59.0,Sense 2
2025-07-27T01:18:12Z,58.0,Sense 2
2025-07-27T01:18:17Z,57.0,Sense 2
2025-07-27T01:18:27Z,59.0,Sense 2
2025-07-27T01:18:32Z,60.0,Sense 2
2025-07-27T01:18:47Z,60.0,Sense 2
2025-07-27T01:19:02Z,60.0,Sense 2
2025-07-27T01:19:07Z,59.0,Sense 2
2025-07-27T01:19:22Z,58.0,Sense 2
2025-07-27T01:19:27Z,58.0,Sense 2
2025-07-27T01:19:32Z,59.0,Sense 2
2025-07-27T01:19:37Z,58.0,Sense 2
2025-07-27T01:19:42Z,57.0,Sense 2
2025-07-27T01:19:47Z,57.0,Sense 2
2025-07-27T01:19:52Z,56.0,Sense 2
2025-07-27T01:20:02Z,57.0,Sense 2
2025-07-27T01:20:07Z,58.0,Sense 2
2025-07-27T01:20:12Z,59.0,Sense 2
2025-07-27T01:20:27Z,59.0,Sense 2
2025-07-27T01:20:32Z,58.0,Sense 2
2025-07-27T01:20:42Z,59.0,Sense 2
2025-07-27T01:20:47Z,60.0,Sense 2
2025-07-27T01:20:52Z,61.0,Sense 2
2025-07-27T01:21:02Z,60.0,Sense 2
2025-07-27T01:21:07Z,59.0,Sense 2
2025-07-27T01:21:22Z,59.0,Sense 2
2025-07-27T01:21:27Z,60.0,Sense 2
2025-07-27T01:21:32Z,61.0,Sense 2
2025-07-27T01:21:42Z,60.0,Sense 2
2025-07-27T01:21:47Z,59.0,Sense 2
2025-07-27T01:22:02Z,60.0,Sense 2
2025-07-27T01:22:12Z,61.0,Sense 2
2025-07-27T01:22:17Z,60.0,Sense 2
2025-07-27T01:22:27Z,59.0,Sense 2
2025-07-27T01:22:32Z,58.0,Sense 2
2025-07-27T01:22:47Z,58.0,Sense 2
2025-07-27T01:23:02Z,59.0,Sense 2
2025-07-27T01:23:12Z,58.0,Sense 2
2025-07-27T01:23:22Z,59.0,Sense 2
2025-07-27T01:23:27Z,60.0,Sense 2
2025-07-27T01:23:32Z,59.0,Sense 2
2025-07-27T01:23:42Z,60.0,Sense 2
2025-07-27T01:23:47Z,62.0,Sense 2
2025-07-27T01:23:52Z,63.0,Sense 2
2025-07-27T01:23:57Z,62.0,Sense 2
2025-07-27T01:24:02Z,60.0,Sense 2
2025-07-27T01:24:08Z,60.0,Sense 2
2025-07-27T01:24:13Z,61.0,Sense 2
2025-07-27T01:24:18Z,59.0,Sense 2
2025-07-27T01:24:28Z,58.0,Sense 2
2025-07-27T01:24:33Z,57.0,Sense 2
2025-07-27T01:24:43Z,58.0,Sense 2
2025-07-27T01:24:58Z,58.0,Sense 2
2025-07-27T01:25:08Z,60.0,Sense 2
2025-07-27T01:25:13Z,61.0,Sense 2
2025-07-27T01:25:18Z,61.0,Sense 2
2025-07-27T01:25:23Z,60.0,Sense 2
2025-07-27T01:25:33Z,59.0,Sense 2
2025-07-27T01:25:38Z,58.0,Sense 2
2025-07-27T01:25:53Z,58.0,Sense 2
2025-07-27T01:26:03Z,59.0,Sense 2
2025-07-27T01:26:08Z,58.0,Sense 2
2025-07-27T01:26:18Z,59.0,Sense 2
2025-07-27T01:26:23Z,58.0,Sense 2
2025-07-27T01:26:38Z,59.0,Sense 2
2025-07-27T01:26:43Z,58.0,Sense 2
2025-07-27T01:26:58Z,58.0,Sense 2
2025-07-27T01:27:03Z,59.0,Sense 2
2025-07-27T01:27:18Z,60.0,Sense 2
2025-07-27T01:27:28Z,61.0,Sense 2
2025-07-27T01:27:38Z,60.0,Sense 2
2025-07-27T01:27:43Z,62.0,Sense 2
2025-07-27T01:27:53Z,63.0,Sense 2
2025-07-27T01:27:58Z,60.0,Sense 2
2025-07-27T01:28:03Z,58.0,Sense 2
2025-07-27T01:28:18Z,57.0,Sense 2
2025-07-27T01:28:23Z,58.0,Sense 2
2025-07-27T01:28:33Z,59.0,Sense 2
2025-07-27T01:28:38Z,58.0,Sense 2
2025-07-27T01:28:43Z,57.0,Sense 2
2025-07-27T01:28:58Z,58.0,Sense 2
2025-07-27T01:29:03Z,59.0,Sense 2
2025-07-27T01:29:13Z,61.0,Sense 2
2025-07-27T01:29:18Z,62.0,Sense 2
2025-07-27T01:29:23Z,61.0,Sense 2
2025-07-27T01:29:28Z,60.0,Sense 2
2025-07-27T01:29:33Z,59.0,Sense 2
2025-07-27T01:29:38Z,60.0,Sense 2
2025-07-27T01:29:48Z,59.0,Sense 2
2025-07-27T01:30:03Z,59.0,Sense 2
2025-07-27T01:30:13Z,58.0,Sense 2
2025-07-27T01:30:28Z,57.0,Sense 2
2025-07-27T01:30:43Z,57.0,Sense 2
2025-07-27T01:30:53Z,56.0,Sense 2
2025-07-27T01:31:03Z,57.0,Sense 2
2025-07-27T01:31:08Z,58.0,Sense 2
2025-07-27T01:31:13Z,59.0,Sense 2
2025-07-27T01:31:23Z,60.0,Sense 2
2025-07-27T01:31:38Z,59.0,Sense 2
2025-07-27T01:31:43Z,58.0,Sense 2
2025-07-27T01:31:48Z,58.0,Sense 2
2025-07-27T01:31:58Z,57.0,Sense 2
2025-07-27T01:32:08Z,59.0,Sense 2
2025-07-27T01:32:13Z,60.0,Sense 2
2025-07-27T01:32:18Z,59.0,Sense 2
2025-07-27T01:32:28Z,58.0,Sense 2
2025-07-27T01:32:43Z,59.0,Sense 2
2025-07-27T01:32:48Z,60.0,Sense 2
2025-07-27T01:32:58Z,59.0,Sense 2
2025-07-27T01:33:08Z,58.0,Sense 2
2025-07-27T01:33:18Z,59.0,Sense 2
2025-07-27T01:33:23Z,57.0,Sense 2
2025-07-27T01:33:38Z,57.0,Sense 2
2025-07-27T01:33:43Z,58.0,Sense 2
2025-07-27T01:33:53Z,59.0,Sense 2
2025-07-27T01:33:58Z,60.0,Sense 2
2025-07-27T01:34:08Z,58.0,Sense 2
2025-07-27T01:34:13Z,57.0,Sense 2
2025-07-27T01:34:28Z,57.0,Sense 2
2025-07-27T01:34:38Z,58.0,Sense 2
2025-07-27T01:34:48Z,57.0,Sense 2
2025-07-27T01:35:03Z,57.0,Sense 2
2025-07-27T01:35:13Z,58.0,Sense 2
2025-07-27T01:35:18Z,59.0,Sense 2
2025-07-27T01:35:23Z,60.0,Sense 2
2025-07-27T01:35:28Z,59.0,Sense 2
2025-07-27T01:35:33Z,58.0,Sense 2
2025-07-27T01:35:38Z,58.0,Sense 2
2025-07-27T01:35:53Z,58.0,Sense 2
2025-07-27T01:35:58Z,59.0,Sense 2
2025-07-27T01:36:13Z,59.0,Sense 2
2025-07-27T01:36:28Z,59.0,Sense 2
2025-07-27T01:36:38Z,58.0,Sense 2
2025-07-27T01:36:53Z,58.0,Sense 2
2025-07-27T01:37:08Z,58.0,Sense 2
2025-07-27T01:37:18Z,57.0,Sense 2
2025-07-27T01:37:33Z,58.0,Sense 2
2025-07-27T01:37:43Z,59.0,Sense 2
2025-07-27T01:37:58Z,59.0,Sense 2
2025-07-27T01:38:08Z,60.0,Sense 2
2025-07-27T01:38:23Z,60.0,Sense 2
2025-07-27T01:38:38Z,60.0,Sense 2
2025-07-27T01:38:48Z,59.0,Sense 2
2025-07-27T01:39:03Z,58.0,Sense 2
2025-07-27T01:39:18Z,58.0,Sense 2
2025-07-27T01:39:28Z,59.0,Sense 2
2025-07-27T01:39:43Z,58.0,Sense 2
2025-07-27T01:39:58Z,58.0,Sense 2
2025-07-27T01:40:13Z,59.0,Sense 2
2025-07-27T01:40:28Z,59.0,Sense 2
2025-07-27T01:40:33Z,57.0,Sense 2
2025-07-27T01:40:48Z,57.0,Sense 2
2025-07-27T01:40:58Z,58.0,Sense 2
2025-07-27T01:41:13Z,59.0,Sense 2
2025-07-27T01:41:19Z,59.0,Sense 2
2025-07-27T01:41:34Z,59.0,Sense 2
2025-07-27T01:41:49Z,60.0,Sense 2
2025-07-27T01:41:54Z,59.0,Sense 2
2025-07-27T01:42:09Z,59.0,Sense 2
2025-07-27T01:42:19Z,58.0,Sense 2
2025-07-27T01:42:34Z,58.0,Sense 2
2025-07-27T01:42:44Z,59.0,Sense 2
2025-07-27T01:42:54Z,60.0,Sense 2
2025-07-27T01:43:09Z,60.0,Sense 2
2025-07-27T01:43:14Z,59.0,Sense 2
2025-07-27T01:43:29Z,59.0,Sense 2
2025-07-27T01:43:44Z,60.0,Sense 2
2025-07-27T01:43:54Z,59.0,Sense 2
2025-07-27T01:44:09Z,59.0,Sense 2
2025-07-27T01:44:14Z,60.0,Sense 2
2025-07-27T01:44:19Z,61.0,Sense 2
2025-07-27T01:44:29Z,60.0,Sense 2
2025-07-27T01:44:44Z,60.0,Sense 2
2025-07-27T01:44:59Z,61.0,Sense 2
2025-07-27T01:45:04Z,63.0,Sense 2
2025-07-27T01:45:09Z,61.0,Sense 2
2025-07-27T01:45:14Z,60.0,Sense 2
2025-07-27T01:45:19Z,59.0,Sense 2
2025-07-27T01:45:34Z,59.0,Sense 2
2025-07-27T01:45:39Z,60.0,Sense 2
2025-07-27T01:45:44Z,59.0,Sense 2
2025-07-27T01:45:49Z,59.0,Sense 2
2025-07-27T01:46:04Z,59.0,Sense 2
2025-07-27T01:46:19Z,59.0,Sense 2
2025-07-27T01:46:29Z,58.0,Sense 2
2025-07-27T01:46:44Z,59.0,Sense 2
2025-07-27T01:46:59Z,58.0,Sense 2
2025-07-27T01:47:14Z,58.0,Sense 2
2025-07-27T01:47:19Z,59.0,Sense 2
2025-07-27T01:47:24Z,60.0,Sense 2
2025-07-27T01:47:29Z,59.0,Sense 2
2025-07-27T01:47:39Z,58.0,Sense 2
2025-07-27T01:47:54Z,58.0,Sense 2
2025-07-27T01:47:59Z,59.0,Sense 2
2025-07-27T01:48:04Z,58.0,Sense 2
2025-07-27T01:48:09Z,59.0,Sense 2
2025-07-27T01:48:14Z,58.0,Sense 2
2025-07-27T01:48:29Z,58.0,Sense 2
2025-07-27T01:48:34Z,57.0,Sense 2
2025-07-27T01:48:49Z,59.0,Sense 2
2025-07-27T01:48:54Z,61.0,Sense 2
2025-07-27T01:49:09Z,62.0,Sense 2
2025-07-27T01:49:24Z,61.0,Sense 2
2025-07-27T01:49:34Z,60.0,Sense 2
2025-07-27T01:49:44Z,59.0,Sense 2
2025-07-27T01:49:54Z,58.0,Sense 2
2025-07-27T01:49:59Z,59.0,Sense 2
2025-07-27T01:50:04Z,60.0,Sense 2
2025-07-27T01:50:09Z,59.0,Sense 2
2025-07-27T01:50:19Z,60.0,Sense 2
2025-07-27T01:50:34Z,59.0,Sense 2
2025-07-27T01:50:39Z,60.0,Sense 2
2025-07-27T01:50:49Z,59.0,Sense 2
2025-07-27T01:50:59Z,60.0,Sense 2
2025-07-27T01:51:04Z,59.0,Sense 2
2025-07-27T01:51:14Z,60.0,Sense 2
2025-07-27T01:51:24Z,59.0,Sense 2
2025-07-27T01:51:34Z,61.0,Sense 2
2025-07-27T01:51:39Z,62.0,Sense 2
2025-07-27T01:51:44Z,62.0,Sense 2
2025-07-27T01:51:54Z,63.0,Sense 2
2025-07-27T01:52:04Z,62.0,Sense 2
2025-07-27T01:52:14Z,61.0,Sense 2
2025-07-27T01:52:19Z,60.0,Sense 2
2025-07-27T01:52:24Z,59.0,Sense 2
2025-07-27T01:52:39Z,59.0,Sense 2
2025-07-27T01:52:54Z,59.0,Sense 2
2025-07-27T01:53:09Z,59.0,Sense 2
2025-07-27T01:53:14Z,58.0,Sense 2
2025-07-27T01:53:24Z,59.0,Sense 2
2025-07-27T01:53:29Z,60.0,Sense 2
2025-07-27T01:53:44Z,60.0,Sense 2
2025-07-27T01:53:49Z,62.0,Sense 2
2025-07-27T01:53:59Z,63.0,Sense 2
2025-07-27T01:54:04Z,62.0,Sense 2
2025-07-27T01:54:09Z,61.0,Sense 2
2025-07-27T01:54:24Z,61.0,Sense 2
2025-07-27T01:54:29Z,60.0,Sense 2
2025-07-27T01:54:34Z,59.0,Sense 2
2025-07-27T01:54:49Z,61.0,Sense 2
2025-07-27T01:54:54Z,62.0,Sense 2
2025-07-27T01:55:04Z,61.0,Sense 2
2025-07-27T01:55:09Z,60.0,Sense 2
2025-07-27T01:55:24Z,60.0,Sense 2
2025-07-27T01:55:29Z,59.0,Sense 2
2025-07-27T01:55:34Z,57.0,Sense 2
2025-07-27T01:55:49Z,58.0,Sense 2
2025-07-27T01:55:54Z,59.0,Sense 2
2025-07-27T01:56:09Z,61.0,Sense 2
2025-07-27T01:56:14Z,63.0,Sense 2
2025-07-27T01:56:19Z,61.0,Sense 2
2025-07-27T01:56:24Z,60.0,Sense 2
2025-07-27T01:56:28Z,59.0,Sense 2
2025-07-27T01:56:43Z,60.0,Sense 2
2025-07-27T01:56:48Z,59.0,Sense 2
2025-07-27T01:57:03Z,59.0,Sense 2
2025-07-27T01:57:13Z,60.0,Sense 2
2025-07-27T01:57:28Z,60.0,Sense 2
2025-07-27T01:57:43Z,60.0,Sense 2
2025-07-27T01:57:48Z,75.0,Sense 2
2025-07-27T01:57:53Z,79.0,Sense 2
2025-07-27T01:57:58Z,77.0,Sense 2
2025-07-27T01:58:03Z,75.0,Sense 2
2025-07-27T01:58:08Z,77.0,Sense 2
2025-07-27T01:58:13Z,66.0,Sense 2
2025-07-27T01:58:18Z,61.0,Sense 2
2025-07-27T01:58:23Z,62.0,Sense 2
2025-07-27T01:58:33Z,59.0,Sense 2
2025-07-27T01:58:38Z,58.0,Sense 2
2025-07-27T01:58:43Z,57.0,Sense 2
2025-07-27T01:58:48Z,55.0,Sense 2
2025-07-27T01:58:53Z,54.0,Sense 2
2025-07-27T01:58:58Z,55.0,Sense 2
2025-07-27T01:59:03Z,57.0,Sense 2
2025-07-27T01:59:08Z,56.0,Sense 2
2025-07-27T01:59:18Z,55.0,Sense 2
2025-07-27T01:59:23Z,54.0,Sense 2
2025-07-27T01:59:28Z,55.0,Sense 2
2025-07-27T01:59:43Z,55.0,Sense 2
2025-07-27T01:59:48Z,56.0,Sense 2
2025-07-27T02:00:03Z,56.0,Sense 2
2025-07-27T02:00:18Z,54.0,Sense 2
2025-07-27T02:00:33Z,54.0,Sense 2
2025-07-27T02:00:38Z,55.0,Sense 2
2025-07-27T02:00:43Z,56.0,Sense 2
2025-07-27T02:00:53Z,55.0,Sense 2
2025-07-27T02:01:08Z,56.0,Sense 2
2025-07-27T02:01:13Z,54.0,Sense 2
2025-07-27T02:01:18Z,53.0,Sense 2
2025-07-27T02:01:33Z,54.0,Sense 2
2025-07-27T02:01:48Z,54.0,Sense 2
2025-07-27T02:02:03Z,55.0,Sense 2
2025-07-27T02:02:08Z,56.0,Sense 2
2025-07-27T02:02:23Z,56.0,Sense 2
2025-07-27T02:02:33Z,55.0,Sense 2
2025-07-27T02:02:48Z,56.0,Sense 2
2025-07-27T02:02:58Z,55.0,Sense 2
2025-07-27T02:03:03Z,54.0,Sense 2
2025-07-27T02:03:18Z,55.0,Sense 2
2025-07-27T02:03:33Z,54.0,Sense 2
2025-07-27T02:03:43Z,55.0,Sense 2
2025-07-27T02:03:58Z,56.0,Sense 2
2025-07-27T02:04:13Z,56.0,Sense 2
2025-07-27T02:04:18Z,55.0,Sense 2
2025-07-27T02:04:33Z,56.0,Sense 2
2025-07-27T02:04:48Z,56.0,Sense 2
2025-07-27T02:05:03Z,56.0,Sense 2
2025-07-27T02:05:08Z,55.0,Sense 2
2025-07-27T02:05:23Z,55.0,Sense 2
2025-07-27T02:05:38Z,56.0,Sense 2
2025-07-27T02:05:43Z,55.0,Sense 2
2025-07-27T02:05:58Z,56.0,Sense 2
2025-07-27T02:06:13Z,56.0,Sense 2
2025-07-27T02:06:23Z,57.0,Sense 2
2025-07-27T02:06:28Z,56.0,Sense 2
2025-07-27T02:06:33Z,54.0,Sense 2
2025-07-27T02:06:48Z,54.0,Sense 2
2025-07-27T02:06:58Z,55.0,Sense 2
2025-07-27T02:07:08Z,54.0,Sense 2
2025-07-27T02:07:13Z,55.0,Sense 2
2025-07-27T02:07:18Z,56.0,Sense 2
2025-07-27T02:07:33Z,55.0,Sense 2
2025-07-27T02:07:48Z,55.0,Sense 2
2025-07-27T02:08:03Z,55.0,Sense 2
2025-07-27T02:08:13Z,54.0,Sense 2
2025-07-27T02:08:18Z,53.0,Sense 2
2025-07-27T02:08:28Z,54.0,Sense 2
2025-07-27T02:08:38Z,55.0,Sense 2
2025-07-27T02:08:53Z,55.0,Sense 2
2025-07-27T02:09:08Z,55.0,Sense 2
2025-07-27T02:09:13Z,55.0,Sense 2
2025-07-27T02:09:18Z,54.0,Sense 2
2025-07-27T02:09:33Z,55.0,Sense 2
2025-07-27T02:09:48Z,55.0,Sense 2
2025-07-27T02:10:03Z,56.0,Sense 2
2025-07-27T02:10:18Z,55.0,Sense 2
2025-07-27T02:10:23Z,54.0,Sense 2
2025-07-27T02:10:38Z,53.0,Sense 2
2025-07-27T02:10:48Z,55.0,Sense 2
2025-07-27T02:10:53Z,57.0,Sense 2
2025-07-27T02:10:58Z,58.0,Sense 2
2025-07-27T02:11:08Z,57.0,Sense 2
2025-07-27T02:11:13Z,55.0,Sense 2
2025-07-27T02:11:18Z,53.0,Sense 2
2025-07-27T02:11:33Z,55.0,Sense 2
2025-07-27T02:11:38Z,56.0,Sense 2
2025-07-27T02:11:53Z,56.0,Sense 2
2025-07-27T02:11:58Z,57.0,Sense 2
2025-07-27T02:12:08Z,58.0,Sense 2
2025-07-27T02:12:23Z,58.0,Sense 2
2025-07-27T02:12:28Z,61.0,Sense 2
2025-07-27T02:12:33Z,65.0,Sense 2
2025-07-27T02:12:38Z,61.0,Sense 2
2025-07-27T02:12:43Z,58.0,Sense 2
2025-07-27T02:12:48Z,56.0,Sense 2
2025-07-27T02:12:58Z,55.0,Sense 2
2025-07-27T02:13:03Z,56.0,Sense 2
2025-07-27T02:13:08Z,56.0,Sense 2
2025-07-27T02:13:23Z,57.0,Sense 2
2025-07-27T02:13:28Z,58.0,Sense 2
2025-07-27T02:13:38Z,57.0,Sense 2
2025-07-27T02:13:43Z,56.0,Sense 2
2025-07-27T02:13:58Z,57.0,Sense 2
2025-07-27T02:14:13Z,57.0,Sense 2
2025-07-27T02:14:23Z,56.0,Sense 2
2025-07-27T02:14:28Z,54.0,Sense 2
2025-07-27T02:14:43Z,54.0,Sense 2
2025-07-27T02:14:48Z,55.0,Sense 2
2025-07-27T02:14:53Z,56.0,Sense 2
2025-07-27T02:14:58Z,57.0,Sense 2
2025-07-27T02:15:03Z,58.0,Sense 2
2025-07-27T02:15:13Z,59.0,Sense 2
2025-07-27T02:15:23Z,58.0,Sense 2
2025-07-27T02:15:33Z,59.0,Sense 2
2025-07-27T02:15:38Z,58.0,Sense 2
2025-07-27T02:15:48Z,59.0,Sense 2
2025-07-27T02:15:53Z,58.0,Sense 2
2025-07-27T02:16:03Z,57.0,Sense 2
2025-07-27T02:16:08Z,56.0,Sense 2
2025-07-27T02:16:13Z,55.0,Sense 2
2025-07-27T02:16:23Z,56.0,Sense 2
2025-07-27T02:16:28Z,57.0,Sense 2
2025-07-27T02:16:38Z,58.0,Sense 2
2025-07-27T02:16:43Z,59.0,Sense 2
2025-07-27T02:16:48Z,61.0,Sense 2
2025-07-27T02:16:58Z,62.0,Sense 2
2025-07-27T02:17:13Z,61.0,Sense 2
2025-07-27T02:17:28Z,61.0,Sense 2
2025-07-27T02:17:38Z,60.0,Sense 2
2025-07-27T02:17:43Z,59.0,Sense 2
2025-07-27T02:17:58Z,60.0,Sense 2
2025-07-27T02:18:03Z,61.0,Sense 2
2025-07-27T02:18:08Z,62.0,Sense 2
2025-07-27T02:18:13Z,63.0,Sense 2
2025-07-27T02:18:18Z,62.0,Sense 2
2025-07-27T02:18:33Z,61.0,Sense 2
2025-07-27T02:18:38Z,60.0,Sense 2
2025-07-27T02:18:48Z,59.0,Sense 2
2025-07-27T02:18:58Z,58.0,Sense 2
2025-07-27T02:19:08Z,59.0,Sense 2
2025-07-27T02:19:13Z,60.0,Sense 2
2025-07-27T02:19:28Z,60.0,Sense 2
2025-07-27T02:19:33Z,62.0,Sense 2
2025-07-27T02:19:43Z,61.0,Sense 2
2025-07-27T02:19:48Z,60.0,Sense 2
2025-07-27T02:19:53Z,59.0,Sense 2
2025-07-27T02:20:03Z,58.0,Sense 2
2025-07-27T02:20:13Z,59.0,Sense 2
2025-07-27T02:20:28Z,60.0,Sense 2
2025-07-27T02:20:33Z,61.0,Sense 2
2025-07-27T02:20:38Z,60.0,Sense 2
2025-07-27T02:20:43Z,59.0,Sense 2
2025-07-27T02:20:48Z,58.0,Sense 2
2025-07-27T02:21:03Z,58.0,Sense 2
2025-07-27T02:21:08Z,60.0,Sense 2
2025-07-27T02:21:13Z,61.0,Sense 2
2025-07-27T02:21:18Z,62.0,Sense 2
2025-07-27T02:21:23Z,61.0,Sense 2
2025-07-27T02:21:33Z,60.0,Sense 2
2025-07-27T02:21:38Z,59.0,Sense 2
2025-07-27T02:21:43Z,58.0,Sense 2
2025-07-27T02:21:53Z,59.0,Sense 2
2025-07-27T02:21:58Z,60.0,Sense 2
2025-07-27T02:22:13Z,61.0,Sense 2
2025-07-27T02:22:18Z,60.0,Sense 2
2025-07-27T02:22:23Z,59.0,Sense 2
2025-07-27T02:22:38Z,59.0,Sense 2
2025-07-27T02:22:48Z,59.0,Sense 2
2025-07-27T02:22:53Z,60.0,Sense 2
2025-07-27T02:22:58Z,61.0,Sense 2
2025-07-27T02:23:13Z,62.0,Sense 2
2025-07-27T02:23:18Z,67.0,Sense 2
2025-07-27T02:23:23Z,67.0,Sense 2
2025-07-27T02:23:28Z,65.0,Sense 2
2025-07-27T02:23:43Z,65.0,Sense 2
2025-07-27T02:23:53Z,64.0,Sense 2
2025-07-27T02:23:58Z,63.0,Sense 2
2025-07-27T02:24:13Z,63.0,Sense 2
2025-07-27T02:24:18Z,63.0,Sense 2
2025-07-27T02:24:23Z,63.0,Sense 2
2025-07-27T02:24:28Z,64.0,Sense 2
2025-07-27T02:24:43Z,63.0,Sense 2
2025-07-27T02:24:48Z,63.0,Sense 2
2025-07-27T02:24:58Z,64.0,Sense 2
2025-07-27T02:25:13Z,65.0,Sense 2
2025-07-27T02:25:18Z,66.0,Sense 2
2025-07-27T02:25:28Z,65.0,Sense 2
2025-07-27T02:25:33Z,63.0,Sense 2
2025-07-27T02:25:38Z,62.0,Sense 2
2025-07-27T02:25:53Z,63.0,Sense 2
2025-07-27T02:25:58Z,64.0,Sense 2
2025-07-27T02:26:03Z,65.0,Sense 2
2025-07-27T02:26:13Z,65.0,Sense 2
2025-07-27T02:26:28Z,65.0,Sense 2
2025-07-27T02:26:33Z,63.0,Sense 2
2025-07-27T02:26:38Z,61.0,Sense 2
2025-07-27T02:26:48Z,63.0,Sense 2
2025-07-27T02:27:03Z,63.0,Sense 2
2025-07-27T02:27:13Z,64.0,Sense 2
2025-07-27T02:27:23Z,65.0,Sense 2
2025-07-27T02:27:28Z,64.0,Sense 2
2025-07-27T02:27:33Z,63.0,Sense 2
2025-07-27T02:27:48Z,63.0,Sense 2
2025-07-27T02:27:58Z,64.0,Sense 2
2025-07-27T02:28:03Z,62.0,Sense 2
2025-07-27T02:28:08Z,62.0,Sense 2
2025-07-27T02:28:13Z,63.0,Sense 2
2025-07-27T02:28:18Z,64.0,Sense 2
2025-07-27T02:28:23Z,65.0,Sense 2
2025-07-27T02:28:33Z,64.0,Sense 2
2025-07-27T02:28:38Z,63.0,Sense 2
2025-07-27T02:28:43Z,63.0,Sense 2
2025-07-27T02:28:48Z,64.0,Sense 2
2025-07-27T02:28:58Z,63.0,Sense 2
2025-07-27T02:29:03Z,63.0,Sense 2
2025-07-27T02:29:08Z,62.0,Sense 2
2025-07-27T02:29:13Z,61.0,Sense 2
2025-07-27T02:29:28Z,61.0,Sense 2
2025-07-27T02:29:33Z,61.0,Sense 2
2025-07-27T02:29:43Z,62.0,Sense 2
2025-07-27T02:29:48Z,64.0,Sense 2
2025-07-27T02:29:53Z,64.0,Sense 2
2025-07-27T02:30:08Z,64.0,Sense 2
2025-07-27T02:30:13Z,63.0,Sense 2
2025-07-27T02:30:18Z,61.0,Sense 2
2025-07-27T02:30:28Z,60.0,Sense 2
2025-07-27T02:30:33Z,61.0,Sense 2
2025-07-27T02:30:38Z,63.0,Sense 2
2025-07-27T02:30:43Z,64.0,Sense 2
2025-07-27T02:30:48Z,63.0,Sense 2
2025-07-27T02:30:58Z,62.0,Sense 2
2025-07-27T02:31:03Z,62.0,Sense 2
2025-07-27T02:31:08Z,62.0,Sense 2
2025-07-27T02:31:13Z,63.0,Sense 2
2025-07-27T02:31:28Z,62.0,Sense 2
2025-07-27T02:31:33Z,63.0,Sense 2
2025-07-27T02:31:43Z,62.0,Sense 2
2025-07-27T02:31:48Z,61.0,Sense 2
2025-07-27T02:31:53Z,62.0,Sense 2
2025-07-27T02:32:08Z,62.0,Sense 2
2025-07-27T02:32:13Z,63.0,Sense 2
2025-07-27T02:32:28Z,63.0,Sense 2
2025-07-27T02:32:38Z,63.0,Sense 2
2025-07-27T02:32:48Z,63.0,Sense 2
2025-07-27T02:33:03Z,63.0,Sense 2
2025-07-27T02:33:08Z,64.0,Sense 2
2025-07-27T02:33:23Z,63.0,Sense 2
2025-07-27T02:33:33Z,62.0,Sense 2
2025-07-27T02:33:48Z,62.0,Sense 2
2025-07-27T02:33:53Z,63.0,Sense 2
2025-07-27T02:33:58Z,63.0,Sense 2
2025-07-27T02:34:03Z,66.0,Sense 2
2025-07-27T02:34:08Z,67.0,Sense 2
2025-07-27T02:34:13Z,64.0,Sense 2
2025-07-27T02:34:23Z,63.0,Sense 2
2025-07-27T02:34:28Z,63.0,Sense 2
2025-07-27T02:34:38Z,64.0,Sense 2
2025-07-27T02:34:43Z,63.0,Sense 2
2025-07-27T02:34:53Z,64.0,Sense 2
2025-07-27T02:34:58Z,64.0,Sense 2
2025-07-27T02:35:03Z,63.0,Sense 2
2025-07-27T02:35:08Z,62.0,Sense 2
2025-07-27T02:35:18Z,63.0,Sense 2
2025-07-27T02:35:28Z,64.0,Sense 2
2025-07-27T02:35:43Z,63.0,Sense 2
2025-07-27T02:35:48Z,62.0,Sense 2
2025-07-27T02:35:58Z,63.0,Sense 2
2025-07-27T02:36:08Z,64.0,Sense 2
2025-07-27T02:36:13Z,65.0,Sense 2
2025-07-27T02:36:18Z,64.0,Sense 2
2025-07-27T02:36:33Z,65.0,Sense 2
2025-07-27T02:36:43Z,64.0,Sense 2
2025-07-27T02:36:48Z,63.0,Sense 2
2025-07-27T02:37:03Z,63.0,Sense 2
2025-07-27T02:37:08Z,62.0,Sense 2
2025-07-27T02:37:18Z,61.0,Sense 2
2025-07-27T02:37:33Z,62.0,Sense 2
2025-07-27T02:37:43Z,63.0,Sense 2
2025-07-27T02:37:58Z,63.0,Sense 2
2025-07-27T02:38:13Z,62.0,Sense 2
2025-07-27T02:38:18Z,62.0,Sense 2
2025-07-27T02:38:28Z,61.0,Sense 2
2025-07-27T02:38:33Z,60.0,Sense 2
2025-07-27T02:38:43Z,61.0,Sense 2
2025-07-27T02:38:58Z,61.0,Sense 2
2025-07-27T02:39:13Z,61.0,Sense 2
2025-07-27T02:39:18Z,61.0,Sense 2
2025-07-27T02:39:23Z,62.0,Sense 2
2025-07-27T02:39:33Z,61.0,Sense 2
2025-07-27T02:39:48Z,60.0,Sense 2
2025-07-27T02:39:58Z,61.0,Sense 2
2025-07-27T02:40:13Z,61.0,Sense 2
2025-07-27T02:40:28Z,61.0,Sense 2
2025-07-27T02:40:43Z,61.0,Sense 2
2025-07-27T02:40:48Z,62.0,Sense 2
2025-07-27T02:41:03Z,63.0,Sense 2
2025-07-27T02:41:18Z,63.0,Sense 2
2025-07-27T02:41:28Z,62.0,Sense 2
2025-07-27T02:41:43Z,61.0,Sense 2
2025-07-27T02:41:58Z,62.0,Sense 2
2025-07-27T02:42:08Z,61.0,Sense 2
2025-07-27T02:42:18Z,62.0,Sense 2
2025-07-27T02:42:33Z,61.0,Sense 2
2025-07-27T02:42:48Z,62.0,Sense 2
2025-07-27T02:42:53Z,63.0,Sense 2
2025-07-27T02:43:08Z,63.0,Sense 2
2025-07-27T02:43:13Z,62.0,Sense 2
2025-07-27T02:43:28Z,62.0,Sense 2
2025-07-27T02:43:43Z,62.0,Sense 2
2025-07-27T02:43:53Z,63.0,Sense 2
2025-07-27T02:44:08Z,63.0,Sense 2
2025-07-27T02:44:18Z,62.0,Sense 2
2025-07-27T02:44:23Z,63.0,Sense 2
2025-07-27T02:44:28Z,62.0,Sense 2
2025-07-27T02:44:38Z,63.0,Sense 2
2025-07-27T02:44:48Z,62.0,Sense 2
2025-07-27T02:45:03Z,61.0,Sense 2
2025-07-27T02:45:18Z,61.0,Sense 2
2025-07-27T02:45:33Z,61.0,Sense 2
2025-07-27T02:45:38Z,60.0,Sense 2
2025-07-27T02:45:43Z,59.0,Sense 2
2025-07-27T02:45:48Z,59.0,Sense 2
2025-07-27T02:45:53Z,60.0,Sense 2
2025-07-27T02:46:08Z,60.0,Sense 2
2025-07-27T02:46:23Z,61.0,Sense 2
2025-07-27T02:46:28Z,62.0,Sense 2
2025-07-27T02:46:43Z,62.0,Sense 2
2025-07-27T02:46:58Z,61.0,Sense 2
2025-07-27T02:47:03Z,61.0,Sense 2
2025-07-27T02:47:18Z,62.0,Sense 2
2025-07-27T02:47:23Z,61.0,Sense 2
2025-07-27T02:47:38Z,61.0,Sense 2
2025-07-27T02:47:53Z,61.0,Sense 2
2025-07-27T02:48:03Z,62.0,Sense 2
2025-07-27T02:48:08Z,61.0,Sense 2
2025-07-27T02:48:18Z,62.0,Sense 2
2025-07-27T02:48:23Z,61.0,Sense 2
2025-07-27T02:48:38Z,61.0,Sense 2
2025-07-27T02:48:53Z,61.0,Sense 2
2025-07-27T02:48:58Z,62.0,Sense 2
2025-07-27T02:49:03Z,62.0,Sense 2
2025-07-27T02:49:18Z,62.0,Sense 2
2025-07-27T02:49:23Z,63.0,Sense 2
2025-07-27T02:49:28Z,64.0,Sense 2
2025-07-27T02:49:43Z,64.0,Sense 2
2025-07-27T02:49:53Z,63.0,Sense 2
2025-07-27T02:49:58Z,62.0,Sense 2
2025-07-27T02:50:08Z,61.0,Sense 2
2025-07-27T02:50:18Z,62.0,Sense 2
2025-07-27T02:50:33Z,62.0,Sense 2
2025-07-27T02:50:43Z,63.0,Sense 2
2025-07-27T02:50:53Z,64.0,Sense 2
2025-07-27T02:51:08Z,64.0,Sense 2
2025-07-27T02:51:23Z,65.0,Sense 2
2025-07-27T02:51:38Z,65.0,Sense 2
2025-07-27T02:51:48Z,66.0,Sense 2
2025-07-27T02:51:53Z,65.0,Sense 2
2025-07-27T02:52:03Z,66.0,Sense 2
2025-07-27T02:52:18Z,66.0,Sense 2
2025-07-27T02:52:23Z,65.0,Sense 2
2025-07-27T02:52:28Z,64.0,Sense 2
2025-07-27T02:52:33Z,65.0,Sense 2
2025-07-27T02:52:43Z,64.0,Sense 2
2025-07-27T02:52:48Z,63.0,Sense 2
2025-07-27T02:53:03Z,63.0,Sense 2
2025-07-27T02:53:08Z,64.0,Sense 2
2025-07-27T02:53:23Z,64.0,Sense 2
2025-07-27T02:53:28Z,64.0,Sense 2
2025-07-27T02:53:43Z,64.0,Sense 2
2025-07-27T02:53:48Z,65.0,Sense 2
2025-07-27T02:53:53Z,64.0,Sense 2
2025-07-27T02:53:58Z,62.0,Sense 2
2025-07-27T02:54:08Z,61.0,Sense 2
2025-07-27T02:54:18Z,62.0,Sense 2
2025-07-27T02:54:33Z,62.0,Sense 2
2025-07-27T02:54:48Z,62.0,Sense 2
2025-07-27T02:54:58Z,63.0,Sense 2
2025-07-27T02:55:13Z,63.0,Sense 2
2025-07-27T02:55:18Z,64.0,Sense 2
2025-07-27T02:55:28Z,63.0,Sense 2
2025-07-27T02:55:38Z,62.0,Sense 2
2025-07-27T02:55:53Z,62.0,Sense 2
2025-07-27T02:55:58Z,61.0,Sense 2
2025-07-27T02:56:03Z,62.0,Sense 2
2025-07-27T02:56:18Z,62.0,Sense 2
2025-07-27T02:56:28Z,63.0,Sense 2
2025-07-27T02:56:43Z,63.0,Sense 2
2025-07-27T02:57:02Z,63.0,Sense 2
2025-07-27T02:57:17Z,64.0,Sense 2
2025-07-27T02:57:27Z,65.0,Sense 2
2025-07-27T02:57:37Z,64.0,Sense 2
2025-07-27T02:57:42Z,63.0,Sense 2
2025-07-27T02:57:57Z,63.0,Sense 2
2025-07-27T02:58:02Z,64.0,Sense 2
2025-07-27T02:58:17Z,64.0,Sense 2
2025-07-27T02:58:27Z,65.0,Sense 2
2025-07-27T02:58:42Z,64.0,Sense 2
2025-07-27T02:58:47Z,62.0,Sense 2
2025-07-27T02:58:52Z,63.0,Sense 2
2025-07-27T02:59:02Z,62.0,Sense 2
2025-07-27T02:59:17Z,61.0,Sense 2
2025-07-27T02:59:32Z,61.0,Sense 2
2025-07-27T02:59:42Z,62.0,Sense 2
2025-07-27T02:59:57Z,62.0,Sense 2
2025-07-27T03:00:12Z,62.0,Sense 2
2025-07-27T03:00:17Z,63.0,Sense 2
2025-07-27T03:00:22Z,64.0,Sense 2
2025-07-27T03:00:37Z,82.0,Sense 2
2025-07-27T03:00:42Z,89.0,Sense 2
2025-07-27T03:00:47Z,80.0,Sense 2
2025-07-27T03:00:52Z,72.0,Sense 2
2025-07-27T03:00:57Z,70.0,Sense 2
2025-07-27T03:01:02Z,68.0,Sense 2
2025-07-27T03:01:07Z,64.0,Sense 2
2025-07-27T03:01:12Z,62.0,Sense 2
2025-07-27T03:01:17Z,61.0,Sense 2
2025-07-27T03:01:27Z,62.0,Sense 2
2025-07-27T03:01:32Z,61.0,Sense 2
2025-07-27T03:01:47Z,61.0,Sense 2
2025-07-27T03:02:02Z,62.0,Sense 2
2025-07-27T03:02:07Z,63.0,Sense 2
2025-07-27T03:02:17Z,62.0,Sense 2
2025-07-27T03:02:32Z,62.0,Sense 2
2025-07-27T03:02:42Z,64.0,Sense 2
2025-07-27T03:02:47Z,65.0,Sense 2
2025-07-27T03:02:52Z,64.0,Sense 2
2025-07-27T03:02:57Z,63.0,Sense 2
2025-07-27T03:03:02Z,62.0,Sense 2
2025-07-27T03:03:17Z,63.0,Sense 2
2025-07-27T03:03:22Z,61.0,Sense 2
2025-07-27T03:03:27Z,58.0,Sense 2
2025-07-27T03:03:42Z,59.0,Sense 2
2025-07-27T03:03:47Z,60.0,Sense 2
2025-07-27T03:03:52Z,61.0,Sense 2
2025-07-27T03:03:57Z,62.0,Sense 2
2025-07-27T03:04:07Z,61.0,Sense 2
2025-07-27T03:04:17Z,60.0,Sense 2
2025-07-27T03:04:32Z,61.0,Sense 2
2025-07-27T03:04:37Z,62.0,Sense 2
2025-07-27T03:04:52Z,60.0,Sense 2
2025-07-27T03:05:02Z,60.0,Sense 2
2025-07-27T03:05:17Z,61.0,Sense 2
2025-07-27T03:05:22Z,77.0,Sense 2
2025-07-27T03:05:27Z,86.0,Sense 2
2025-07-27T03:05:32Z,84.0,Sense 2
2025-07-27T03:05:37Z,77.0,Sense 2
2025-07-27T03:05:42Z,70.0,Sense 2
2025-07-27T03:05:47Z,67.0,Sense 2
2025-07-27T03:05:57Z,66.0,Sense 2
2025-07-27T03:06:02Z,65.0,Sense 2
2025-07-27T03:06:12Z,62.0,Sense 2
2025-07-27T03:06:22Z,61.0,Sense 2
2025-07-27T03:06:27Z,60.0,Sense 2
2025-07-27T03:06:32Z,61.0,Sense 2
2025-07-27T03:06:37Z,62.0,Sense 2
2025-07-27T03:06:47Z,63.0,Sense 2
2025-07-27T03:06:52Z,64.0,Sense 2
2025-07-27T03:07:07Z,63.0,Sense 2
2025-07-27T03:07:12Z,62.0,Sense 2
2025-07-27T03:07:17Z,63.0,Sense 2
2025-07-27T03:07:27Z,62.0,Sense 2
2025-07-27T03:07:42Z,62.0,Sense 2
2025-07-27T03:07:47Z,62.0,Sense 2
2025-07-27T03:07:52Z,61.0,Sense 2
2025-07-27T03:08:07Z,63.0,Sense 2
2025-07-27T03:08:22Z,62.0,Sense 2
2025-07-27T03:08:37Z,63.0,Sense 2
2025-07-27T03:08:42Z,62.0,Sense 2
2025-07-27T03:08:57Z,62.0,Sense 2
2025-07-27T03:09:12Z,61.0,Sense 2
2025-07-27T03:09:17Z,60.0,Sense 2
2025-07-27T03:09:27Z,59.0,Sense 2
2025-07-27T03:09:42Z,60.0,Sense 2
2025-07-27T03:09:52Z,62.0,Sense 2
2025-07-27T03:10:07Z,63.0,Sense 2
2025-07-27T03:10:17Z,62.0,Sense 2
2025-07-27T03:10:32Z,62.0,Sense 2
2025-07-27T03:10:47Z,63.0,Sense 2
2025-07-27T03:10:52Z,62.0,Sense 2
2025-07-27T03:11:07Z,63.0,Sense 2
2025-07-27T03:11:12Z,62.0,Sense 2
2025-07-27T03:11:17Z,61.0,Sense 2
2025-07-27T03:11:22Z,60.0,Sense 2
2025-07-27T03:11:32Z,61.0,Sense 2
2025-07-27T03:11:47Z,61.0,Sense 2
2025-07-27T03:11:52Z,62.0,Sense 2
2025-07-27T03:12:08Z,62.0,Sense 2
2025-07-27T03:12:23Z,62.0,Sense 2
2025-07-27T03:12:28Z,63.0,Sense 2
2025-07-27T03:12:38Z,61.0,Sense 2
2025-07-27T03:12:43Z,60.0,Sense 2
2025-07-27T03:12:58Z,60.0,Sense 2
2025-07-27T03:13:03Z,61.0,Sense 2
2025-07-27T03:13:13Z,62.0,Sense 2
2025-07-27T03:13:28Z,62.0,Sense 2
2025-07-27T03:13:33Z,61.0,Sense 2
2025-07-27T03:13:38Z,60.0,Sense 2
2025-07-27T03:13:48Z,61.0,Sense 2
2025-07-27T03:14:03Z,62.0,Sense 2
2025-07-27T03:14:08Z,61.0,Sense 2
2025-07-27T03:14:18Z,62.0,Sense 2
2025-07-27T03:14:23Z,60.0,Sense 2
2025-07-27T03:14:33Z,61.0,Sense 2
2025-07-27T03:14:48Z,61.0,Sense 2
2025-07-27T03:14:53Z,62.0,Sense 2
2025-07-27T03:14:58Z,63.0,Sense 2
2025-07-27T03:15:03Z,62.0,Sense 2
2025-07-27T03:15:08Z,61.0,Sense 2
2025-07-27T03:15:18Z,62.0,Sense 2
2025-07-27T03:15:23Z,61.0,Sense 2
2025-07-27T03:15:28Z,60.0,Sense 2
2025-07-27T03:15:43Z,61.0,Sense 2
2025-07-27T03:15:48Z,62.0,Sense 2
2025-07-27T03:15:53Z,62.0,Sense 2
2025-07-27T03:16:08Z,62.0,Sense 2
2025-07-27T03:16:18Z,61.0,Sense 2
2025-07-27T03:16:23Z,59.0,Sense 2
2025-07-27T03:16:33Z,60.0,Sense 2
2025-07-27T03:16:48Z,60.0,Sense 2
2025-07-27T03:16:53Z,59.0,Sense 2
2025-07-27T03:17:03Z,60.0,Sense 2
2025-07-27T03:17:08Z,59.0,Sense 2
2025-07-27T03:17:18Z,60.0,Sense 2
2025-07-27T03:17:33Z,60.0,Sense 2
2025-07-27T03:17:48Z,60.0,Sense 2
2025-07-27T03:17:53Z,61.0,Sense 2
2025-07-27T03:17:58Z,60.0,Sense 2
2025-07-27T03:18:13Z,59.0,Sense 2
2025-07-27T03:18:18Z,58.0,Sense 2
2025-07-27T03:18:33Z,59.0,Sense 2
2025-07-27T03:18:38Z,60.0,Sense 2
2025-07-27T03:18:43Z,62.0,Sense 2
2025-07-27T03:18:48Z,63.0,Sense 2
2025-07-27T03:18:53Z,62.0,Sense 2
2025-07-27T03:18:58Z,61.0,Sense 2
2025-07-27T03:19:03Z,60.0,Sense 2
2025-07-27T03:19:18Z,61.0,Sense 2
2025-07-27T03:19:33Z,61.0,Sense 2
2025-07-27T03:19:43Z,62.0,Sense 2
2025-07-27T03:19:53Z,59.0,Sense 2
2025-07-27T03:19:58Z,58.0,Sense 2
2025-07-27T03:20:13Z,58.0,Sense 2
2025-07-27T03:20:23Z,59.0,Sense 2
2025-07-27T03:20:28Z,60.0,Sense 2
2025-07-27T03:20:43Z,61.0,Sense 2
2025-07-27T03:20:53Z,60.0,Sense 2
2025-07-27T03:21:08Z,60.0,Sense 2
2025-07-27T03:21:18Z,61.0,Sense 2
2025-07-27T03:21:28Z,60.0,Sense 2
2025-07-27T03:21:33Z,60.0,Sense 2
2025-07-27T03:21:43Z,59.0,Sense 2
2025-07-27T03:21:48Z,58.0,Sense 2
2025-07-27T03:21:58Z,59.0,Sense 2
2025-07-27T03:22:03Z,58.0,Sense 2
2025-07-27T03:22:08Z,57.0,Sense 2
2025-07-27T03:22:13Z,58.0,Sense 2
2025-07-27T03:22:18Z,59.0,Sense 2
2025-07-27T03:22:28Z,60.0,Sense 2
2025-07-27T03:22:38Z,59.0,Sense 2
2025-07-27T03:22:53Z,60.0,Sense 2
2025-07-27T03:22:58Z,61.0,Sense 2
2025-07-27T03:23:13Z,61.0,Sense 2
2025-07-27T03:23:18Z,60.0,Sense 2
2025-07-27T03:23:33Z,60.0,Sense 2
2025-07-27T03:23:43Z,61.0,Sense 2
2025-07-27T03:23:48Z,62.0,Sense 2
2025-07-27T03:23:53Z,61.0,Sense 2
2025-07-27T03:23:58Z,61.0,Sense 2
2025-07-27T03:24:03Z,62.0,Sense 2
2025-07-27T03:24:08Z,63.0,Sense 2
2025-07-27T03:24:13Z,62.0,Sense 2
2025-07-27T03:24:23Z,60.0,Sense 2
2025-07-27T03:24:28Z,59.0,Sense 2
2025-07-27T03:24:38Z,62.0,Sense 2
2025-07-27T03:24:48Z,61.0,Sense 2
2025-07-27T03:25:03Z,61.0,Sense 2
2025-07-27T03:25:18Z,61.0,Sense 2
2025-07-27T03:25:23Z,62.0,Sense 2
2025-07-27T03:25:28Z,61.0,Sense 2
2025-07-27T03:25:43Z,62.0,Sense 2
2025-07-27T03:25:48Z,61.0,Sense 2
2025-07-27T03:25:53Z,62.0,Sense 2
2025-07-27T03:25:58Z,62.0,Sense 2
2025-07-27T03:26:03Z,60.0,Sense 2
2025-07-27T03:26:08Z,59.0,Sense 2
2025-07-27T03:26:18Z,60.0,Sense 2
2025-07-27T03:26:28Z,61.0,Sense 2
2025-07-27T03:26:38Z,62.0,Sense 2
2025-07-27T03:26:43Z,61.0,Sense 2
2025-07-27T03:26:53Z,62.0,Sense 2
2025-07-27T03:26:58Z,63.0,Sense 2
2025-07-27T03:27:08Z,61.0,Sense 2
2025-07-27T03:27:13Z,60.0,Sense 2
2025-07-27T03:27:23Z,62.0,Sense 2
2025-07-27T03:27:28Z,60.0,Sense 2
2025-07-27T03:27:43Z,60.0,Sense 2
2025-07-27T03:27:53Z,61.0,Sense 2
2025-07-27T03:27:58Z,62.0,Sense 2
2025-07-27T03:28:08Z,61.0,Sense 2
2025-07-27T03:28:13Z,62.0,Sense 2
2025-07-27T03:28:23Z,60.0,Sense 2
2025-07-27T03:28:38Z,60.0,Sense 2
2025-07-27T03:28:43Z,59.0,Sense 2
2025-07-27T03:28:53Z,60.0,Sense 2
2025-07-27T03:29:03Z,62.0,Sense 2
2025-07-27T03:29:08Z,63.0,Sense 2
2025-07-27T03:29:18Z,64.0,Sense 2
2025-07-27T03:29:28Z,66.0,Sense 2
2025-07-27T03:29:38Z,65.0,Sense 2
2025-07-27T03:29:43Z,66.0,Sense 2
2025-07-27T03:29:48Z,69.0,Sense 2
2025-07-27T03:29:53Z,72.0,Sense 2
2025-07-27T03:29:58Z,71.0,Sense 2
2025-07-27T03:30:03Z,70.0,Sense 2
2025-07-27T03:30:13Z,74.0,Sense 2
2025-07-27T03:30:18Z,86.0,Sense 2
2025-07-27T03:30:23Z,90.0,Sense 2
2025-07-27T03:30:28Z,81.0,Sense 2
2025-07-27T03:30:33Z,71.0,Sense 2
2025-07-27T03:30:38Z,66.0,Sense 2
2025-07-27T03:30:43Z,63.0,Sense 2
2025-07-27T03:30:48Z,61.0,Sense 2
2025-07-27T03:31:03Z,60.0,Sense 2
2025-07-27T03:31:08Z,59.0,Sense 2
2025-07-27T03:31:13Z,57.0,Sense 2
2025-07-27T03:31:23Z,58.0,Sense 2
2025-07-27T03:31:28Z,59.0,Sense 2
2025-07-27T03:31:33Z,60.0,Sense 2
2025-07-27T03:31:38Z,62.0,Sense 2
2025-07-27T03:31:48Z,63.0,Sense 2
2025-07-27T03:31:58Z,62.0,Sense 2
2025-07-27T03:32:03Z,61.0,Sense 2
2025-07-27T03:32:08Z,59.0,Sense 2
2025-07-27T03:32:13Z,58.0,Sense 2
2025-07-27T03:32:23Z,59.0,Sense 2
2025-07-27T03:32:33Z,58.0,Sense 2
2025-07-27T03:32:48Z,58.0,Sense 2
2025-07-27T03:32:53Z,57.0,Sense 2
2025-07-27T03:32:58Z,55.0,Sense 2
2025-07-27T03:33:08Z,56.0,Sense 2
2025-07-27T03:33:13Z,57.0,Sense 2
2025-07-27T03:33:18Z,59.0,Sense 2
2025-07-27T03:33:33Z,58.0,Sense 2
2025-07-27T03:33:38Z,57.0,Sense 2
2025-07-27T03:33:48Z,58.0,Sense 2
2025-07-27T03:33:53Z,59.0,Sense 2
2025-07-27T03:34:08Z,60.0,Sense 2
2025-07-27T03:34:23Z,60.0,Sense 2
2025-07-27T03:34:38Z,61.0,Sense 2
2025-07-27T03:34:48Z,62.0,Sense 2
2025-07-27T03:34:53Z,61.0,Sense 2
2025-07-27T03:35:08Z,59.0,Sense 2
2025-07-27T03:35:18Z,58.0,Sense 2
2025-07-27T03:35:28Z,59.0,Sense 2
2025-07-27T03:35:33Z,59.0,Sense 2
2025-07-27T03:35:43Z,58.0,Sense 2
2025-07-27T03:35:48Z,57.0,Sense 2
2025-07-27T03:35:58Z,56.0,Sense 2
2025-07-27T03:36:13Z,56.0,Sense 2
2025-07-27T03:36:18Z,57.0,Sense 2
2025-07-27T03:36:23Z,58.0,Sense 2
2025-07-27T03:36:28Z,59.0,Sense 2
2025-07-27T03:36:38Z,61.0,Sense 2
2025-07-27T03:36:43Z,63.0,Sense 2
2025-07-27T03:36:48Z,64.0,Sense 2
2025-07-27T03:36:53Z,63.0,Sense 2
2025-07-27T03:36:58Z,62.0,Sense 2
2025-07-27T03:37:08Z,61.0,Sense 2
2025-07-27T03:37:13Z,62.0,Sense 2
2025-07-27T03:37:18Z,63.0,Sense 2
2025-07-27T03:37:23Z,65.0,Sense 2
2025-07-27T03:37:33Z,65.0,Sense 2
2025-07-27T03:37:38Z,65.0,Sense 2
2025-07-27T03:37:53Z,63.0,Sense 2
2025-07-27T03:37:58Z,62.0,Sense 2
2025-07-27T03:38:03Z,61.0,Sense 2
2025-07-27T03:38:08Z,58.0,Sense 2
2025-07-27T03:38:18Z,61.0,Sense 2
2025-07-27T03:38:23Z,62.0,Sense 2
2025-07-27T03:38:28Z,63.0,Sense 2
2025-07-27T03:38:43Z,63.0,Sense 2
2025-07-27T03:38:48Z,64.0,Sense 2
2025-07-27T03:38:53Z,65.0,Sense 2
2025-07-27T03:38:58Z,63.0,Sense 2
2025-07-27T03:39:13Z,62.0,Sense 2
2025-07-27T03:39:18Z,61.0,Sense 2
2025-07-27T03:39:33Z,59.0,Sense 2
2025-07-27T03:39:38Z,58.0,Sense 2
2025-07-27T03:39:53Z,59.0,Sense 2
2025-07-27T03:39:58Z,62.0,Sense 2
2025-07-27T03:40:03Z,64.0,Sense 2
2025-07-27T03:40:13Z,66.0,Sense 2
2025-07-27T03:40:18Z,67.0,Sense 2
2025-07-27T03:40:23Z,68.0,Sense 2
2025-07-27T03:40:28Z,69.0,Sense 2
2025-07-27T03:40:38Z,70.0,Sense 2
2025-07-27T03:40:43Z,71.0,Sense 2
2025-07-27T03:40:58Z,73.0,Sense 2
2025-07-27T03:41:08Z,71.0,Sense 2
2025-07-27T03:41:13Z,70.0,Sense 2
2025-07-27T03:41:23Z,69.0,Sense 2
2025-07-27T03:41:28Z,68.0,Sense 2
2025-07-27T03:41:33Z,66.0,Sense 2
2025-07-27T03:41:38Z,65.0,Sense 2
2025-07-27T03:41:43Z,64.0,Sense 2
2025-07-27T03:41:58Z,64.0,Sense 2
2025-07-27T03:42:08Z,66.0,Sense 2
2025-07-27T03:42:13Z,65.0,Sense 2
2025-07-27T03:42:18Z,63.0,Sense 2
2025-07-27T03:42:23Z,63.0,Sense 2
2025-07-27T03:42:28Z,63.0,Sense 2
2025-07-27T03:42:33Z,61.0,Sense 2
2025-07-27T03:42:43Z,62.0,Sense 2
2025-07-27T03:42:48Z,63.0,Sense 2
2025-07-27T03:42:58Z,64.0,Sense 2
2025-07-27T03:43:03Z,63.0,Sense 2
2025-07-27T03:43:18Z,61.0,Sense 2
2025-07-27T03:43:23Z,60.0,Sense 2
2025-07-27T03:43:33Z,61.0,Sense 2
2025-07-27T03:43:38Z,63.0,Sense 2
2025-07-27T03:43:48Z,61.0,Sense 2
2025-07-27T03:43:53Z,60.0,Sense 2
2025-07-27T03:43:58Z,61.0,Sense 2
2025-07-27T03:44:03Z,60.0,Sense 2
2025-07-27T03:44:13Z,61.0,Sense 2
2025-07-27T03:44:18Z,62.0,Sense 2
2025-07-27T03:44:23Z,63.0,Sense 2
2025-07-27T03:44:28Z,65.0,Sense 2
2025-07-27T03:44:33Z,64.0,Sense 2
2025-07-27T03:44:38Z,65.0,Sense 2
2025-07-27T03:44:48Z,64.0,Sense 2
2025-07-27T03:44:53Z,62.0,Sense 2
2025-07-27T03:45:08Z,63.0,Sense 2
2025-07-27T03:45:18Z,62.0,Sense 2
2025-07-27T03:45:23Z,61.0,Sense 2
2025-07-27T03:45:33Z,62.0,Sense 2
2025-07-27T03:45:43Z,61.0,Sense 2
2025-07-27T03:45:53Z,62.0,Sense 2
2025-07-27T03:46:03Z,61.0,Sense 2
2025-07-27T03:46:18Z,62.0,Sense 2
2025-07-27T03:46:23Z,63.0,Sense 2
2025-07-27T03:46:28Z,62.0,Sense 2
2025-07-27T03:46:38Z,63.0,Sense 2
2025-07-27T03:46:48Z,64.0,Sense 2
2025-07-27T03:46:58Z,66.0,Sense 2
2025-07-27T03:47:03Z,68.0,Sense 2
2025-07-27T03:47:08Z,69.0,Sense 2
2025-07-27T03:47:13Z,68.0,Sense 2
2025-07-27T03:47:18Z,66.0,Sense 2
2025-07-27T03:47:23Z,65.0,Sense 2
2025-07-27T03:47:28Z,64.0,Sense 2
2025-07-27T03:47:38Z,65.0,Sense 2
2025-07-27T03:47:43Z,67.0,Sense 2
2025-07-27T03:47:48Z,69.0,Sense 2
2025-07-27T03:47:58Z,68.0,Sense 2
2025-07-27T03:48:03Z,66.0,Sense 2
2025-07-27T03:48:08Z,65.0,Sense 2
2025-07-27T03:48:23Z,65.0,Sense 2
2025-07-27T03:48:33Z,66.0,Sense 2
2025-07-27T03:48:38Z,68.0,Sense 2
2025-07-27T03:48:53Z,67.0,Sense 2
2025-07-27T03:49:03Z,68.0,Sense 2
2025-07-27T03:49:08Z,67.0,Sense 2
2025-07-27T03:49:13Z,66.0,Sense 2
2025-07-27T03:49:18Z,65.0,Sense 2
2025-07-27T03:49:23Z,62.0,Sense 2
2025-07-27T03:49:28Z,59.0,Sense 2
2025-07-27T03:49:33Z,55.0,Sense 2
2025-07-27T03:49:48Z,54.0,Sense 2
2025-07-27T03:50:03Z,55.0,Sense 2
2025-07-27T03:50:08Z,56.0,Sense 2
2025-07-27T03:50:13Z,57.0,Sense 2
2025-07-27T03:50:23Z,58.0,Sense 2
2025-07-27T03:50:28Z,60.0,Sense 2
2025-07-27T03:50:33Z,62.0,Sense 2
2025-07-27T03:50:38Z,64.0,Sense 2
2025-07-27T03:50:53Z,65.0,Sense 2
2025-07-27T03:50:58Z,64.0,Sense 2
2025-07-27T03:51:03Z,62.0,Sense 2
2025-07-27T03:51:08Z,61.0,Sense 2
2025-07-27T03:51:13Z,61.0,Sense 2
2025-07-27T03:51:18Z,60.0,Sense 2
2025-07-27T03:51:23Z,59.0,Sense 2
2025-07-27T03:51:28Z,60.0,Sense 2
2025-07-27T03:51:33Z,65.0,Sense 2
2025-07-27T03:51:43Z,66.0,Sense 2
2025-07-27T03:51:48Z,67.0,Sense 2
2025-07-27T03:52:03Z,69.0,Sense 2
2025-07-27T03:52:08Z,70.0,Sense 2
2025-07-27T03:52:23Z,70.0,Sense 2
2025-07-27T03:52:33Z,71.0,Sense 2
2025-07-27T03:52:38Z,69.0,Sense 2
2025-07-27T03:52:43Z,68.0,Sense 2
2025-07-27T03:52:53Z,67.0,Sense 2
2025-07-27T03:53:08Z,68.0,Sense 2
2025-07-27T03:53:18Z,66.0,Sense 2
2025-07-27T03:53:23Z,67.0,Sense 2
2025-07-27T03:53:28Z,67.0,Sense 2
2025-07-27T03:53:38Z,68.0,Sense 2
2025-07-27T03:53:43Z,71.0,Sense 2
2025-07-27T03:53:48Z,74.0,Sense 2
2025-07-27T03:53:53Z,75.0,Sense 2
2025-07-27T03:53:58Z,73.0,Sense 2
2025-07-27T03:54:03Z,71.0,Sense 2
2025-07-27T03:54:08Z,70.0,Sense 2
2025-07-27T03:54:13Z,69.0,Sense 2
2025-07-27T03:54:18Z,66.0,Sense 2
2025-07-27T03:54:23Z,65.0,Sense 2
2025-07-27T03:54:28Z,66.0,Sense 2
2025-07-27T03:54:33Z,68.0,Sense 2
2025-07-27T03:54:38Z,69.0,Sense 2
2025-07-27T03:54:43Z,70.0,Sense 2
2025-07-27T03:54:58Z,70.0,Sense 2
2025-07-27T03:55:03Z,71.0,Sense 2
2025-07-27T03:55:08Z,70.0,Sense 2
2025-07-27T03:55:13Z,69.0,Sense 2
2025-07-27T03:55:28Z,68.0,Sense 2
2025-07-27T03:55:33Z,67.0,Sense 2
2025-07-27T03:55:38Z,66.0,Sense 2
2025-07-27T03:55:43Z,65.0,Sense 2
2025-07-27T03:55:53Z,66.0,Sense 2
2025-07-27T03:55:58Z,68.0,Sense 2
2025-07-27T03:56:08Z,67.0,Sense 2
2025-07-27T03:56:23Z,69.0,Sense 2
2025-07-27T03:56:38Z,69.0,Sense 2
2025-07-27T03:56:43Z,69.0,Sense 2
2025-07-27T03:56:48Z,69.0,Sense 2
2025-07-27T03:56:53Z,68.0,Sense 2
2025-07-27T03:56:58Z,69.0,Sense 2
2025-07-27T03:57:03Z,68.0,Sense 2
2025-07-27T03:57:08Z,66.0,Sense 2
2025-07-27T03:57:13Z,65.0,Sense 2
2025-07-27T03:57:23Z,68.0,Sense 2
2025-07-27T03:57:28Z,67.0,Sense 2
2025-07-27T03:57:33Z,66.0,Sense 2
2025-07-27T03:57:43Z,65.0,Sense 2
2025-07-27T03:57:48Z,64.0,Sense 2
2025-07-27T03:57:53Z,63.0,Sense 2
2025-07-27T03:58:03Z,64.0,Sense 2
2025-07-27T03:58:08Z,65.0,Sense 2
2025-07-27T03:58:18Z,64.0,Sense 2
2025-07-27T03:58:23Z,63.0,Sense 2
2025-07-27T03:58:38Z,62.0,Sense 2
2025-07-27T03:58:43Z,61.0,Sense 2
2025-07-27T03:58:48Z,60.0,Sense 2
2025-07-27T03:58:58Z,62.0,Sense 2
2025-07-27T03:59:03Z,64.0,Sense 2
2025-07-27T03:59:08Z,65.0,Sense 2
2025-07-27T03:59:13Z,63.0,Sense 2
2025-07-27T03:59:23Z,64.0,Sense 2
2025-07-27T03:59:38Z,64.0,Sense 2
2025-07-27T03:59:43Z,65.0,Sense 2
2025-07-27T03:59:48Z,66.0,Sense 2
2025-07-27T03:59:53Z,67.0,Sense 2
2025-07-27T03:59:58Z,69.0,Sense 2
2025-07-27T04:00:03Z,70.0,Sense 2
2025-07-27T04:00:13Z,69.0,Sense 2
2025-07-27T04:00:28Z,69.0,Sense 2
2025-07-27T04:00:43Z,69.0,Sense 2
2025-07-27T04:00:48Z,67.0,Sense 2
2025-07-27T04:00:53Z,66.0,Sense 2
2025-07-27T04:00:58Z,66.0,Sense 2
2025-07-27T04:01:08Z,67.0,Sense 2
2025-07-27T04:01:23Z,67.0,Sense 2
2025-07-27T04:01:28Z,68.0,Sense 2
2025-07-27T04:01:33Z,69.0,Sense 2
2025-07-27T04:01:38Z,71.0,Sense 2
2025-07-27T04:01:43Z,70.0,Sense 2
2025-07-27T04:01:48Z,67.0,Sense 2
2025-07-27T04:02:03Z,68.0,Sense 2
2025-07-27T04:02:13Z,69.0,Sense 2
2025-07-27T04:02:18Z,70.0,Sense 2
2025-07-27T04:02:33Z,70.0,Sense 2
2025-07-27T04:02:38Z,71.0,Sense 2
2025-07-27T04:02:48Z,72.0,Sense 2
2025-07-27T04:02:53Z,76.0,Sense 2
2025-07-27T04:02:58Z,90.0,Sense 2
2025-07-27T04:03:03Z,88.0,Sense 2
2025-07-27T04:03:08Z,80.0,Sense 2
2025-07-27T04:03:13Z,74.0,Sense 2
2025-07-27T04:03:18Z,69.0,Sense 2
2025-07-27T04:03:23Z,70.0,Sense 2
2025-07-27T04:03:28Z,71.0,Sense 2
2025-07-27T04:03:33Z,65.0,Sense 2
2025-07-27T04:03:38Z,62.0,Sense 2
2025-07-27T04:03:43Z,61.0,Sense 2
2025-07-27T04:03:53Z,63.0,Sense 2
2025-07-27T04:03:58Z,65.0,Sense 2
2025-07-27T04:04:03Z,66.0,Sense 2
2025-07-27T04:04:08Z,67.0,Sense 2
2025-07-27T04:04:13Z,68.0,Sense 2
2025-07-27T04:04:28Z,68.0,Sense 2
2025-07-27T04:04:33Z,69.0,Sense 2
2025-07-27T04:04:38Z,68.0,Sense 2
2025-07-27T04:04:43Z,67.0,Sense 2
2025-07-27T04:04:48Z,66.0,Sense 2
2025-07-27T04:04:58Z,68.0,Sense 2
2025-07-27T04:05:13Z,69.0,Sense 2
2025-07-27T04:05:18Z,70.0,Sense 2
2025-07-27T04:05:23Z,71.0,Sense 2
2025-07-27T04:05:28Z,70.0,Sense 2
2025-07-27T04:05:33Z,67.0,Sense 2
2025-07-27T04:05:38Z,66.0,Sense 2
2025-07-27T04:05:43Z,65.0,Sense 2
2025-07-27T04:05:48Z,66.0,Sense 2
2025-07-27T04:05:53Z,69.0,Sense 2
2025-07-27T04:05:58Z,71.0,Sense 2
2025-07-27T04:06:03Z,72.0,Sense 2
2025-07-27T04:06:08Z,68.0,Sense 2
2025-07-27T04:06:13Z,65.0,Sense 2
2025-07-27T04:06:18Z,64.0,Sense 2
2025-07-27T04:06:33Z,64.0,Sense 2
2025-07-27T04:06:43Z,66.0,Sense 2
2025-07-27T04:06:48Z,68.0,Sense 2
2025-07-27T04:06:53Z,69.0,Sense 2
2025-07-27T04:07:08Z,70.0,Sense 2
2025-07-27T04:07:18Z,69.0,Sense 2
2025-07-27T04:07:23Z,70.0,Sense 2
2025-07-27T04:07:33Z,69.0,Sense 2
2025-07-27T04:07:38Z,67.0,Sense 2
2025-07-27T04:07:43Z,64.0,Sense 2
2025-07-27T04:07:53Z,66.0,Sense 2
2025-07-27T04:07:58Z,68.0,Sense 2
2025-07-27T04:08:03Z,66.0,Sense 2
2025-07-27T04:08:08Z,65.0,Sense 2
2025-07-27T04:08:18Z,66.0,Sense 2
2025-07-27T04:08:23Z,65.0,Sense 2
2025-07-27T04:08:33Z,64.0,Sense 2
2025-07-27T04:08:38Z,62.0,Sense 2
2025-07-27T04:08:53Z,63.0,Sense 2
2025-07-27T04:08:58Z,65.0,Sense 2
2025-07-27T04:09:13Z,66.0,Sense 2
2025-07-27T04:09:18Z,68.0,Sense 2
2025-07-27T04:09:23Z,66.0,Sense 2
2025-07-27T04:09:28Z,67.0,Sense 2
2025-07-27T04:09:33Z,68.0,Sense 2
2025-07-27T04:09:43Z,67.0,Sense 2
2025-07-27T04:09:48Z,66.0,Sense 2
2025-07-27T04:10:03Z,65.0,Sense 2
2025-07-27T04:10:08Z,64.0,Sense 2
2025-07-27T04:10:13Z,62.0,Sense 2
2025-07-27T04:10:18Z,61.0,Sense 2
2025-07-27T04:10:28Z,63.0,Sense 2
2025-07-27T04:10:33Z,65.0,Sense 2
2025-07-27T04:10:38Z,66.0,Sense 2
2025-07-27T04:10:43Z,67.0,Sense 2
2025-07-27T04:10:48Z,68.0,Sense 2
2025-07-27T04:10:58Z,66.0,Sense 2
2025-07-27T04:11:03Z,63.0,Sense 2
2025-07-27T04:11:08Z,62.0,Sense 2
2025-07-27T04:11:13Z,57.0,Sense 2
2025-07-27T04:11:18Z,56.0,Sense 2
2025-07-27T04:11:28Z,57.0,Sense 2
2025-07-27T04:11:33Z,58.0,Sense 2
2025-07-27T04:11:38Z,59.0,Sense 2
2025-07-27T04:11:43Z,60.0,Sense 2
2025-07-27T04:11:48Z,61.0,Sense 2
2025-07-27T04:11:53Z,63.0,Sense 2
2025-07-27T04:11:58Z,64.0,Sense 2
2025-07-27T04:12:08Z,66.0,Sense 2
2025-07-27T04:12:18Z,68.0,Sense 2
2025-07-27T04:12:28Z,66.0,Sense 2
2025-07-27T04:12:33Z,64.0,Sense 2
2025-07-27T04:12:38Z,63.0,Sense 2
2025-07-27T04:12:44Z,63.0,Sense 2
2025-07-27T04:12:49Z,64.0,Sense 2
2025-07-27T04:12:59Z,63.0,Sense 2
2025-07-27T04:13:14Z,63.0,Sense 2
2025-07-27T04:13:19Z,64.0,Sense 2
2025-07-27T04:13:24Z,63.0,Sense 2
2025-07-27T04:13:39Z,63.0,Sense 2
2025-07-27T04:13:44Z,64.0,Sense 2
2025-07-27T04:13:49Z,63.0,Sense 2
2025-07-27T04:13:59Z,64.0,Sense 2
2025-07-27T04:14:09Z,66.0,Sense 2
2025-07-27T04:14:24Z,66.0,Sense 2
2025-07-27T04:14:29Z,65.0,Sense 2
2025-07-27T04:14:34Z,66.0,Sense 2
2025-07-27T04:14:44Z,65.0,Sense 2
2025-07-27T04:14:49Z,67.0,Sense 2
2025-07-27T04:14:54Z,64.0,Sense 2
2025-07-27T04:14:59Z,63.0,Sense 2
2025-07-27T04:15:04Z,64.0,Sense 2
2025-07-27T04:15:09Z,65.0,Sense 2
2025-07-27T04:15:19Z,66.0,Sense 2
2025-07-27T04:15:24Z,67.0,Sense 2
2025-07-27T04:15:34Z,68.0,Sense 2
2025-07-27T04:15:49Z,68.0,Sense 2
2025-07-27T04:16:04Z,66.0,Sense 2
2025-07-27T04:16:09Z,65.0,Sense 2
2025-07-27T04:16:24Z,64.0,Sense 2
2025-07-27T04:16:29Z,61.0,Sense 2
2025-07-27T04:16:44Z,62.0,Sense 2
2025-07-27T04:16:49Z,63.0,Sense 2
2025-07-27T04:16:54Z,64.0,Sense 2
2025-07-27T04:16:59Z,66.0,Sense 2
2025-07-27T04:17:04Z,67.0,Sense 2
2025-07-27T04:17:09Z,68.0,Sense 2
2025-07-27T04:17:14Z,70.0,Sense 2
2025-07-27T04:17:19Z,71.0,Sense 2
2025-07-27T04:17:29Z,70.0,Sense 2
2025-07-27T04:17:34Z,65.0,Sense 2
2025-07-27T04:17:39Z,62.0,Sense 2
2025-07-27T04:17:44Z,61.0,Sense 2
2025-07-27T04:17:54Z,63.0,Sense 2
2025-07-27T04:17:59Z,65.0,Sense 2
2025-07-27T04:18:04Z,66.0,Sense 2
2025-07-27T04:18:19Z,66.0,Sense 2
2025-07-27T04:18:24Z,65.0,Sense 2
2025-07-27T04:18:29Z,64.0,Sense 2
2025-07-27T04:18:34Z,63.0,Sense 2
2025-07-27T04:18:39Z,62.0,Sense 2
2025-07-27T04:18:44Z,61.0,Sense 2
2025-07-27T04:18:59Z,63.0,Sense 2
2025-07-27T04:19:04Z,64.0,Sense 2
2025-07-27T04:19:09Z,65.0,Sense 2
2025-07-27T04:19:24Z,64.0,Sense 2
2025-07-27T04:19:39Z,65.0,Sense 2
2025-07-27T04:19:44Z,65.0,Sense 2
2025-07-27T04:19:54Z,68.0,Sense 2
2025-07-27T04:19:59Z,76.0,Sense 2
2025-07-27T04:20:04Z,73.0,Sense 2
2025-07-27T04:20:09Z,69.0,Sense 2
2025-07-27T04:20:14Z,66.0,Sense 2
2025-07-27T04:20:19Z,65.0,Sense 2
2025-07-27T04:20:34Z,66.0,Sense 2
2025-07-27T04:20:49Z,66.0,Sense 2
2025-07-27T04:20:54Z,65.0,Sense 2
2025-07-27T04:21:09Z,66.0,Sense 2
2025-07-27T04:21:24Z,66.0,Sense 2
2025-07-27T04:21:29Z,67.0,Sense 2
2025-07-27T04:21:34Z,66.0,Sense 2
2025-07-27T04:21:44Z,65.0,Sense 2
2025-07-27T04:21:49Z,64.0,Sense 2
2025-07-27T04:21:54Z,63.0,Sense 2
2025-07-27T04:22:09Z,63.0,Sense 2
2025-07-27T04:22:14Z,64.0,Sense 2
2025-07-27T04:22:19Z,65.0,Sense 2
2025-07-27T04:22:29Z,66.0,Sense 2
2025-07-27T04:22:34Z,65.0,Sense 2
2025-07-27T04:22:39Z,64.0,Sense 2
2025-07-27T04:22:44Z,62.0,Sense 2
2025-07-27T04:22:49Z,61.0,Sense 2
2025-07-27T04:23:04Z,62.0,Sense 2
2025-07-27T04:23:09Z,64.0,Sense 2
2025-07-27T04:23:24Z,65.0,Sense 2
2025-07-27T04:23:29Z,62.0,Sense 2
2025-07-27T04:23:34Z,60.0,Sense 2
2025-07-27T04:23:39Z,59.0,Sense 2
2025-07-27T04:23:49Z,60.0,Sense 2
2025-07-27T04:23:54Z,61.0,Sense 2
2025-07-27T04:23:59Z,62.0,Sense 2
2025-07-27T04:24:09Z,63.0,Sense 2
2025-07-27T04:24:14Z,64.0,Sense 2
2025-07-27T04:24:19Z,65.0,Sense 2
2025-07-27T04:24:24Z,63.0,Sense 2
2025-07-27T04:24:34Z,64.0,Sense 2
2025-07-27T04:24:44Z,62.0,Sense 2
2025-07-27T04:24:49Z,62.0,Sense 2
2025-07-27T04:25:04Z,62.0,Sense 2
2025-07-27T04:25:09Z,72.0,Sense 2
2025-07-27T04:25:14Z,82.0,Sense 2
2025-07-27T04:25:19Z,84.0,Sense 2
2025-07-27T04:25:24Z,76.0,Sense 2
2025-07-27T04:25:29Z,67.0,Sense 2
2025-07-27T04:25:34Z,63.0,Sense 2
2025-07-27T04:25:39Z,61.0,Sense 2
2025-07-27T04:25:44Z,59.0,Sense 2
2025-07-27T04:25:49Z,59.0,Sense 2
2025-07-27T04:25:54Z,60.0,Sense 2
2025-07-27T04:25:59Z,59.0,Sense 2
2025-07-27T04:26:04Z,58.0,Sense 2
2025-07-27T04:26:19Z,58.0,Sense 2
2025-07-27T04:26:24Z,57.0,Sense 2
2025-07-27T04:26:39Z,57.0,Sense 2
2025-07-27T04:26:44Z,58.0,Sense 2
2025-07-27T04:26:49Z,57.0,Sense 2
2025-07-27T04:26:59Z,58.0,Sense 2
2025-07-27T04:27:14Z,57.0,Sense 2
2025-07-27T04:27:19Z,56.0,Sense 2
2025-07-27T04:27:34Z,56.0,Sense 2
2025-07-27T04:27:39Z,57.0,Sense 2
2025-07-27T04:28:02Z,57.0,Sense 2
2025-07-27T04:28:07Z,58.0,Sense 2
2025-07-27T04:28:17Z,57.0,Sense 2
2025-07-27T04:28:27Z,58.0,Sense 2
2025-07-27T04:28:42Z,58.0,Sense 2
2025-07-27T04:28:47Z,57.0,Sense 2
2025-07-27T04:28:52Z,56.0,Sense 2
2025-07-27T04:29:02Z,57.0,Sense 2
2025-07-27T04:29:07Z,58.0,Sense 2
2025-07-27T04:29:22Z,58.0,Sense 2
2025-07-27T04:29:37Z,58.0,Sense 2
2025-07-27T04:29:42Z,59.0,Sense 2
2025-07-27T04:29:57Z,59.0,Sense 2
2025-07-27T04:30:12Z,58.0,Sense 2
2025-07-27T04:30:27Z,58.0,Sense 2
2025-07-27T04:30:37Z,57.0,Sense 2
2025-07-27T04:30:47Z,58.0,Sense 2
2025-07-27T04:30:57Z,59.0,Sense 2
2025-07-27T04:31:12Z,59.0,Sense 2
2025-07-27T04:31:22Z,58.0,Sense 2
2025-07-27T04:31:37Z,58.0,Sense 2
2025-07-27T04:31:47Z,59.0,Sense 2
2025-07-27T04:32:02Z,57.0,Sense 2
2025-07-27T04:32:07Z,56.0,Sense 2
2025-07-27T04:32:22Z,57.0,Sense 2
2025-07-27T04:32:37Z,58.0,Sense 2
2025-07-27T04:32:47Z,59.0,Sense 2
2025-07-27T04:32:52Z,59.0,Sense 2
2025-07-27T04:33:02Z,58.0,Sense 2
2025-07-27T04:33:12Z,57.0,Sense 2
2025-07-27T04:33:27Z,58.0,Sense 2
2025-07-27T04:33:42Z,58.0,Sense 2
2025-07-27T04:33:52Z,57.0,Sense 2
2025-07-27T04:34:07Z,57.0,Sense 2
2025-07-27T04:34:12Z,58.0,Sense 2
2025-07-27T04:34:17Z,57.0,Sense 2
2025-07-27T04:34:22Z,56.0,Sense 2
2025-07-27T04:34:27Z,57.0,Sense 2
2025-07-27T04:34:32Z,58.0,Sense 2
2025-07-27T04:34:37Z,59.0,Sense 2
2025-07-27T04:34:47Z,58.0,Sense 2
2025-07-27T04:34:52Z,57.0,Sense 2
2025-07-27T04:34:57Z,56.0,Sense 2
2025-07-27T04:35:12Z,57.0,Sense 2
2025-07-27T04:35:22Z,58.0,Sense 2
2025-07-27T04:35:37Z,58.0,Sense 2
2025-07-27T04:35:52Z,58.0,Sense 2
2025-07-27T04:36:02Z,57.0,Sense 2
2025-07-27T04:36:17Z,58.0,Sense 2
2025-07-27T04:36:22Z,59.0,Sense 2
2025-07-27T04:36:27Z,58.0,Sense 2
2025-07-27T04:36:32Z,59.0,Sense 2
2025-07-27T04:36:47Z,58.0,Sense 2
2025-07-27T04:36:52Z,57.0,Sense 2
2025-07-27T04:36:57Z,57.0,Sense 2
2025-07-27T04:37:02Z,58.0,Sense 2
2025-07-27T04:37:07Z,59.0,Sense 2
2025-07-27T04:37:12Z,58.0,Sense 2
2025-07-27T04:37:17Z,57.0,Sense 2
2025-07-27T04:37:27Z,58.0,Sense 2
2025-07-27T04:37:32Z,57.0,Sense 2
2025-07-27T04:37:47Z,57.0,Sense 2
2025-07-27T04:38:02Z,57.0,Sense 2
2025-07-27T04:38:17Z,57.0,Sense 2
2025-07-27T04:38:32Z,58.0,Sense 2
2025-07-27T04:38:37Z,59.0,Sense 2
2025-07-27T04:38:52Z,58.0,Sense 2
2025-07-27T04:38:57Z,57.0,Sense 2
2025-07-27T04:39:02Z,56.0,Sense 2
2025-07-27T04:39:07Z,57.0,Sense 2
2025-07-27T04:39:17Z,58.0,Sense 2
2025-07-27T04:39:22Z,59.0,Sense 2
2025-07-27T04:39:37Z,59.0,Sense 2
2025-07-27T04:39:42Z,58.0,Sense 2
2025-07-27T04:39:52Z,57.0,Sense 2
2025-07-27T04:40:07Z,57.0,Sense 2
2025-07-27T04:40:22Z,57.0,Sense 2
2025-07-27T04:40:27Z,58.0,Sense 2
2025-07-27T04:40:32Z,59.0,Sense 2
2025-07-27T04:40:47Z,59.0,Sense 2
2025-07-27T04:40:52Z,58.0,Sense 2
2025-07-27T04:40:57Z,58.0,Sense 2
2025-07-27T04:41:12Z,58.0,Sense 2
2025-07-27T04:41:22Z,59.0,Sense 2
2025-07-27T04:41:27Z,58.0,Sense 2
2025-07-27T04:41:32Z,57.0,Sense 2
2025-07-27T04:41:37Z,56.0,Sense 2
2025-07-27T04:41:47Z,57.0,Sense 2
2025-07-27T04:41:52Z,58.0,Sense 2
2025-07-27T04:41:57Z,59.0,Sense 2
2025-07-27T04:42:02Z,58.0,Sense 2
2025-07-27T04:42:17Z,57.0,Sense 2
2025-07-27T04:42:27Z,56.0,Sense 2
2025-07-27T04:42:32Z,57.0,Sense 2
2025-07-27T04:42:42Z,58.0,Sense 2
2025-07-27T04:42:47Z,57.0,Sense 2
2025-07-27T04:42:57Z,58.0,Sense 2
2025-07-27T04:43:02Z,59.0,Sense 2
2025-07-27T04:43:07Z,58.0,Sense 2
2025-07-27T04:43:12Z,59.0,Sense 2
2025-07-27T04:43:27Z,58.0,Sense 2
2025-07-27T04:43:42Z,58.0,Sense 2
2025-07-27T04:43:47Z,57.0,Sense 2
2025-07-27T04:43:52Z,58.0,Sense 2
2025-07-27T04:44:02Z,59.0,Sense 2
2025-07-27T04:44:07Z,58.0,Sense 2
2025-07-27T04:44:12Z,57.0,Sense 2
2025-07-27T04:44:17Z,56.0,Sense 2
2025-07-27T04:44:22Z,56.0,Sense 2
2025-07-27T04:44:32Z,55.0,Sense 2
2025-07-27T04:44:42Z,56.0,Sense 2
2025-07-27T04:44:52Z,57.0,Sense 2
2025-07-27T04:45:02Z,58.0,Sense 2
2025-07-27T04:45:07Z,59.0,Sense 2
2025-07-27T04:45:12Z,60.0,Sense 2
2025-07-27T04:45:22Z,58.0,Sense 2
2025-07-27T04:45:27Z,57.0,Sense 2
2025-07-27T04:45:37Z,56.0,Sense 2
2025-07-27T04:45:47Z,57.0,Sense 2
2025-07-27T04:45:57Z,58.0,Sense 2
2025-07-27T04:46:02Z,57.0,Sense 2
2025-07-27T04:46:07Z,56.0,Sense 2
2025-07-27T04:46:12Z,55.0,Sense 2
2025-07-27T04:46:17Z,56.0,Sense 2
2025-07-27T04:46:32Z,56.0,Sense 2
2025-07-27T04:46:37Z,57.0,Sense 2
2025-07-27T04:46:42Z,58.0,Sense 2
2025-07-27T04:46:57Z,58.0,Sense 2
2025-07-27T04:47:12Z,58.0,Sense 2
2025-07-27T04:47:17Z,57.0,Sense 2
2025-07-27T04:47:32Z,58.0,Sense 2
2025-07-27T04:47:37Z,57.0,Sense 2
2025-07-27T04:47:52Z,57.0,Sense 2
2025-07-27T04:47:57Z,58.0,Sense 2
2025-07-27T04:48:12Z,58.0,Sense 2
2025-07-27T04:48:17Z,58.0,Sense 2
2025-07-27T04:48:22Z,59.0,Sense 2
2025-07-27T04:48:27Z,58.0,Sense 2
2025-07-27T04:48:32Z,57.0,Sense 2
2025-07-27T04:48:37Z,56.0,Sense 2
2025-07-27T04:48:52Z,56.0,Sense 2
2025-07-27T04:48:57Z,57.0,Sense 2
2025-07-27T04:49:12Z,57.0,Sense 2
2025-07-27T04:49:27Z,57.0,Sense 2
2025-07-27T04:49:37Z,56.0,Sense 2
2025-07-27T04:49:42Z,57.0,Sense 2
2025-07-27T04:49:57Z,56.0,Sense 2
2025-07-27T04:50:07Z,57.0,Sense 2
2025-07-27T04:50:17Z,58.0,Sense 2
2025-07-27T04:50:22Z,57.0,Sense 2
2025-07-27T04:50:27Z,56.0,Sense 2
2025-07-27T04:50:42Z,57.0,Sense 2
2025-07-27T04:50:57Z,58.0,Sense 2
2025-07-27T04:51:12Z,58.0,Sense 2
2025-07-27T04:51:17Z,59.0,Sense 2
2025-07-27T04:51:27Z,58.0,Sense 2
2025-07-27T04:51:42Z,58.0,Sense 2
2025-07-27T04:51:47Z,59.0,Sense 2
2025-07-27T04:51:57Z,58.0,Sense 2
2025-07-27T04:52:02Z,58.0,Sense 2
2025-07-27T04:52:17Z,63.0,Sense 2
2025-07-27T04:52:22Z,78.0,Sense 2
2025-07-27T04:52:27Z,76.0,Sense 2
2025-07-27T04:52:32Z,72.0,Sense 2
2025-07-27T04:52:37Z,67.0,Sense 2
2025-07-27T04:52:42Z,63.0,Sense 2
2025-07-27T04:52:47Z,60.0,Sense 2
2025-07-27T04:52:52Z,61.0,Sense 2
2025-07-27T04:52:57Z,60.0,Sense 2
2025-07-27T04:53:02Z,58.0,Sense 2
2025-07-27T04:53:07Z,59.0,Sense 2
2025-07-27T04:53:12Z,60.0,Sense 2
2025-07-27T04:53:22Z,61.0,Sense 2
2025-07-27T04:53:27Z,70.0,Sense 2
2025-07-27T04:53:32Z,71.0,Sense 2
2025-07-27T04:53:37Z,69.0,Sense 2
2025-07-27T04:53:42Z,67.0,Sense 2
2025-07-27T04:53:47Z,63.0,Sense 2
2025-07-27T04:53:52Z,61.0,Sense 2
2025-07-27T04:53:57Z,60.0,Sense 2
2025-07-27T04:54:02Z,58.0,Sense 2
2025-07-27T04:54:17Z,58.0,Sense 2
2025-07-27T04:54:27Z,57.0,Sense 2
2025-07-27T04:54:32Z,56.0,Sense 2
2025-07-27T04:54:42Z,57.0,Sense 2
2025-07-27T04:54:52Z,56.0,Sense 2
2025-07-27T04:54:57Z,57.0,Sense 2
2025-07-27T04:55:02Z,57.0,Sense 2
2025-07-27T04:55:17Z,57.0,Sense 2
2025-07-27T04:55:32Z,57.0,Sense 2
2025-07-27T04:55:47Z,57.0,Sense 2
2025-07-27T04:56:02Z,57.0,Sense 2
2025-07-27T04:56:17Z,57.0,Sense 2
2025-07-27T04:56:27Z,58.0,Sense 2
2025-07-27T04:56:42Z,59.0,Sense 2
2025-07-27T04:56:47Z,60.0,Sense 2
2025-07-27T04:56:57Z,59.0,Sense 2
2025-07-27T04:57:02Z,57.0,Sense 2
2025-07-27T04:57:12Z,56.0,Sense 2
2025-07-27T04:57:27Z,56.0,Sense 2
2025-07-27T04:57:32Z,57.0,Sense 2
2025-07-27T04:57:37Z,58.0,Sense 2
2025-07-27T04:57:42Z,57.0,Sense 2
2025-07-27T04:57:57Z,58.0,Sense 2
2025-07-27T04:58:02Z,57.0,Sense 2
2025-07-27T04:58:06Z,57.0,Sense 2
2025-07-27T04:58:11Z,59.0,Sense 2
2025-07-27T04:58:26Z,59.0,Sense 2
2025-07-27T04:58:36Z,60.0,Sense 2
2025-07-27T04:58:46Z,59.0,Sense 2
2025-07-27T04:59:01Z,60.0,Sense 2
2025-07-27T04:59:11Z,59.0,Sense 2
2025-07-27T04:59:26Z,58.0,Sense 2
2025-07-27T04:59:31Z,57.0,Sense 2
2025-07-27T04:59:36Z,58.0,Sense 2
2025-07-27T04:59:46Z,57.0,Sense 2
2025-07-27T05:00:01Z,57.0,Sense 2
2025-07-27T05:00:06Z,58.0,Sense 2
2025-07-27T05:00:21Z,60.0,Sense 2
2025-07-27T05:00:36Z,60.0,Sense 2
2025-07-27T05:00:41Z,59.0,Sense 2
2025-07-27T05:00:46Z,58.0,Sense 2
2025-07-27T05:01:01Z,58.0,Sense 2
2025-07-27T05:01:11Z,59.0,Sense 2
2025-07-27T05:01:16Z,60.0,Sense 2
2025-07-27T05:01:26Z,59.0,Sense 2
2025-07-27T05:01:31Z,58.0,Sense 2
2025-07-27T05:01:41Z,57.0,Sense 2
2025-07-27T05:01:56Z,57.0,Sense 2
2025-07-27T05:02:01Z,58.0,Sense 2
2025-07-27T05:02:06Z,59.0,Sense 2
2025-07-27T05:02:21Z,58.0,Sense 2
2025-07-27T05:02:26Z,58.0,Sense 2
2025-07-27T05:02:31Z,57.0,Sense 2
2025-07-27T05:02:41Z,56.0,Sense 2
2025-07-27T05:02:46Z,56.0,Sense 2
2025-07-27T05:03:01Z,62.0,Sense 2
2025-07-27T05:03:06Z,80.0,Sense 2
2025-07-27T05:03:11Z,84.0,Sense 2
2025-07-27T05:03:16Z,80.0,Sense 2
2025-07-27T05:03:21Z,75.0,Sense 2
2025-07-27T05:03:31Z,73.0,Sense 2
2025-07-27T05:03:36Z,67.0,Sense 2
2025-07-27T05:03:41Z,63.0,Sense 2
2025-07-27T05:03:46Z,61.0,Sense 2
2025-07-27T05:03:51Z,58.0,Sense 2
2025-07-27T05:04:06Z,59.0,Sense 2
2025-07-27T05:04:11Z,60.0,Sense 2
2025-07-27T05:04:26Z,59.0,Sense 2
2025-07-27T05:04:31Z,57.0,Sense 2
2025-07-27T05:04:46Z,57.0,Sense 2
2025-07-27T05:04:51Z,58.0,Sense 2
2025-07-27T05:05:01Z,59.0,Sense 2
2025-07-27T05:05:06Z,60.0,Sense 2
2025-07-27T05:05:11Z,58.0,Sense 2
2025-07-27T05:05:16Z,56.0,Sense 2
2025-07-27T05:05:26Z,57.0,Sense 2
2025-07-27T05:05:31Z,57.0,Sense 2
2025-07-27T05:05:36Z,58.0,Sense 2
2025-07-27T05:05:41Z,57.0,Sense 2
2025-07-27T05:05:46Z,56.0,Sense 2
2025-07-27T05:06:01Z,57.0,Sense 2
2025-07-27T05:06:06Z,57.0,Sense 2
2025-07-27T05:06:11Z,55.0,Sense 2
2025-07-27T05:06:26Z,56.0,Sense 2
2025-07-27T05:06:41Z,57.0,Sense 2
2025-07-27T05:06:56Z,57.0,Sense 2
2025-07-27T05:07:01Z,58.0,Sense 2
2025-07-27T05:07:16Z,58.0,Sense 2
2025-07-27T05:07:31Z,57.0,Sense 2
2025-07-27T05:07:46Z,57.0,Sense 2
2025-07-27T05:08:01Z,57.0,Sense 2
2025-07-27T05:08:16Z,57.0,Sense 2
2025-07-27T05:08:26Z,58.0,Sense 2
2025-07-27T05:08:31Z,57.0,Sense 2
2025-07-27T05:08:46Z,57.0,Sense 2
2025-07-27T05:08:51Z,58.0,Sense 2
2025-07-27T05:08:56Z,59.0,Sense 2
2025-07-27T05:09:06Z,58.0,Sense 2
2025-07-27T05:09:11Z,57.0,Sense 2
2025-07-27T05:09:26Z,58.0,Sense 2
2025-07-27T05:09:31Z,59.0,Sense 2
2025-07-27T05:09:41Z,58.0,Sense 2
2025-07-27T05:09:46Z,57.0,Sense 2
2025-07-27T05:09:51Z,57.0,Sense 2
2025-07-27T05:09:56Z,56.0,Sense 2
2025-07-27T05:10:06Z,54.0,Sense 2
2025-07-27T05:10:21Z,54.0,Sense 2
2025-07-27T05:10:26Z,56.0,Sense 2
2025-07-27T05:10:31Z,57.0,Sense 2
2025-07-27T05:10:41Z,58.0,Sense 2
2025-07-27T05:10:56Z,59.0,Sense 2
2025-07-27T05:11:01Z,58.0,Sense 2
2025-07-27T05:11:06Z,57.0,Sense 2
2025-07-27T05:11:21Z,57.0,Sense 2
2025-07-27T05:11:26Z,58.0,Sense 2
2025-07-27T05:11:36Z,57.0,Sense 2
2025-07-27T05:11:51Z,58.0,Sense 2
2025-07-27T05:12:01Z,59.0,Sense 2
2025-07-27T05:12:06Z,58.0,Sense 2
2025-07-27T05:12:21Z,59.0,Sense 2
2025-07-27T05:12:26Z,58.0,Sense 2
2025-07-27T05:12:31Z,59.0,Sense 2
2025-07-27T05:12:46Z,59.0,Sense 2
2025-07-27T05:12:56Z,58.0,Sense 2
2025-07-27T05:13:15Z,58.0,Sense 2
2025-07-27T05:13:30Z,59.0,Sense 2
2025-07-27T05:13:40Z,61.0,Sense 2
2025-07-27T05:13:45Z,61.0,Sense 2
2025-07-27T05:14:00Z,61.0,Sense 2
2025-07-27T05:14:10Z,60.0,Sense 2
2025-07-27T05:14:15Z,59.0,Sense 2
2025-07-27T05:14:20Z,58.0,Sense 2
2025-07-27T05:14:35Z,58.0,Sense 2
2025-07-27T05:14:50Z,58.0,Sense 2
2025-07-27T05:15:05Z,59.0,Sense 2
2025-07-27T05:15:10Z,58.0,Sense 2
2025-07-27T05:15:15Z,57.0,Sense 2
2025-07-27T05:15:30Z,57.0,Sense 2
2025-07-27T05:15:40Z,58.0,Sense 2
2025-07-27T05:15:50Z,58.0,Sense 2
2025-07-27T05:16:05Z,58.0,Sense 2
2025-07-27T05:16:10Z,58.0,Sense 2
2025-07-27T05:16:20Z,58.0,Sense 2
2025-07-27T05:16:30Z,57.0,Sense 2
2025-07-27T05:16:35Z,56.0,Sense 2
2025-07-27T05:16:40Z,57.0,Sense 2
2025-07-27T05:16:50Z,58.0,Sense 2
2025-07-27T05:16:55Z,57.0,Sense 2
2025-07-27T05:17:00Z,56.0,Sense 2
2025-07-27T05:17:15Z,56.0,Sense 2
2025-07-27T05:17:20Z,57.0,Sense 2
2025-07-27T05:17:25Z,58.0,Sense 2
2025-07-27T05:17:30Z,58.0,Sense 2
2025-07-27T05:17:45Z,58.0,Sense 2
2025-07-27T05:17:55Z,57.0,Sense 2
2025-07-27T05:18:00Z,58.0,Sense 2
2025-07-27T05:18:05Z,59.0,Sense 2
2025-07-27T05:18:10Z,60.0,Sense 2
2025-07-27T05:18:25Z,61.0,Sense 2
2025-07-27T05:18:35Z,63.0,Sense 2
2025-07-27T05:18:45Z,62.0,Sense 2
2025-07-27T05:19:00Z,62.0,Sense 2
2025-07-27T05:19:05Z,63.0,Sense 2
2025-07-27T05:19:15Z,64.0,Sense 2
2025-07-27T05:19:25Z,65.0,Sense 2
2025-07-27T05:19:30Z,66.0,Sense 2
2025-07-27T05:19:35Z,67.0,Sense 2
2025-07-27T05:19:45Z,66.0,Sense 2
2025-07-27T05:19:50Z,64.0,Sense 2
2025-07-27T05:19:55Z,62.0,Sense 2
2025-07-27T05:20:00Z,61.0,Sense 2
2025-07-27T05:20:10Z,60.0,Sense 2
2025-07-27T05:20:20Z,59.0,Sense 2
2025-07-27T05:20:30Z,61.0,Sense 2
2025-07-27T05:20:35Z,62.0,Sense 2
2025-07-27T05:20:45Z,61.0,Sense 2
2025-07-27T05:20:55Z,62.0,Sense 2
2025-07-27T05:21:00Z,63.0,Sense 2
2025-07-27T05:21:05Z,62.0,Sense 2
2025-07-27T05:21:10Z,61.0,Sense 2
2025-07-27T05:21:15Z,59.0,Sense 2
2025-07-27T05:21:30Z,61.0,Sense 2
2025-07-27T05:21:35Z,64.0,Sense 2
2025-07-27T05:21:45Z,64.0,Sense 2
2025-07-27T05:21:50Z,64.0,Sense 2
2025-07-27T05:21:55Z,63.0,Sense 2
2025-07-27T05:22:00Z,63.0,Sense 2
2025-07-27T05:22:05Z,62.0,Sense 2
2025-07-27T05:22:10Z,62.0,Sense 2
2025-07-27T05:22:15Z,61.0,Sense 2
2025-07-27T05:22:20Z,62.0,Sense 2
2025-07-27T05:22:30Z,60.0,Sense 2
2025-07-27T05:22:35Z,60.0,Sense 2
2025-07-27T05:22:40Z,61.0,Sense 2
2025-07-27T05:22:45Z,60.0,Sense 2
2025-07-27T05:22:50Z,61.0,Sense 2
2025-07-27T05:22:55Z,58.0,Sense 2
2025-07-27T05:23:00Z,56.0,Sense 2
2025-07-27T05:23:15Z,56.0,Sense 2
2025-07-27T05:23:20Z,57.0,Sense 2
2025-07-27T05:23:30Z,58.0,Sense 2
2025-07-27T05:23:40Z,60.0,Sense 2
2025-07-27T05:23:45Z,62.0,Sense 2
2025-07-27T05:23:50Z,63.0,Sense 2
2025-07-27T05:24:05Z,62.0,Sense 2
2025-07-27T05:24:10Z,62.0,Sense 2
2025-07-27T05:24:25Z,63.0,Sense 2
2025-07-27T05:24:35Z,64.0,Sense 2
2025-07-27T05:24:45Z,65.0,Sense 2
2025-07-27T05:24:50Z,64.0,Sense 2
2025-07-27T05:25:00Z,63.0,Sense 2
2025-07-27T05:25:05Z,65.0,Sense 2
2025-07-27T05:25:10Z,68.0,Sense 2
2025-07-27T05:25:15Z,69.0,Sense 2
2025-07-27T05:25:20Z,70.0,Sense 2
2025-07-27T05:25:25Z,69.0,Sense 2
2025-07-27T05:25:30Z,68.0,Sense 2
2025-07-27T05:25:40Z,67.0,Sense 2
2025-07-27T05:25:45Z,66.0,Sense 2
2025-07-27T05:26:00Z,66.0,Sense 2
2025-07-27T05:26:05Z,67.0,Sense 2
2025-07-27T05:26:15Z,65.0,Sense 2
2025-07-27T05:26:20Z,63.0,Sense 2
2025-07-27T05:26:25Z,61.0,Sense 2
2025-07-27T05:26:35Z,60.0,Sense 2
2025-07-27T05:26:50Z,60.0,Sense 2
2025-07-27T05:26:55Z,62.0,Sense 2
2025-07-27T05:27:00Z,63.0,Sense 2
2025-07-27T05:27:05Z,62.0,Sense 2
2025-07-27T05:27:15Z,64.0,Sense 2
2025-07-27T05:27:25Z,63.0,Sense 2
2025-07-27T05:27:30Z,64.0,Sense 2
2025-07-27T05:27:35Z,64.0,Sense 2
2025-07-27T05:27:40Z,63.0,Sense 2
2025-07-27T05:27:45Z,61.0,Sense 2
2025-07-27T05:27:50Z,60.0,Sense 2
2025-07-27T05:27:55Z,59.0,Sense 2
2025-07-27T05:28:10Z,59.0,Sense 2
2025-07-27T05:28:15Z,60.0,Sense 2
2025-07-27T05:28:21Z,62.0,Sense 2
2025-07-27T05:28:36Z,63.0,Sense 2
2025-07-27T05:28:51Z,62.0,Sense 2
2025-07-27T05:28:56Z,60.0,Sense 2
2025-07-27T05:29:11Z,60.0,Sense 2
2025-07-27T05:29:16Z,61.0,Sense 2
2025-07-27T05:29:31Z,61.0,Sense 2
2025-07-27T05:29:41Z,62.0,Sense 2
2025-07-27T05:29:46Z,63.0,Sense 2
2025-07-27T05:29:51Z,65.0,Sense 2
2025-07-27T05:30:01Z,64.0,Sense 2
2025-07-27T05:30:06Z,63.0,Sense 2
2025-07-27T05:30:11Z,62.0,Sense 2
2025-07-27T05:30:26Z,62.0,Sense 2
2025-07-27T05:30:31Z,63.0,Sense 2
2025-07-27T05:30:41Z,64.0,Sense 2
2025-07-27T05:30:51Z,67.0,Sense 2
2025-07-27T05:30:56Z,81.0,Sense 2
2025-07-27T05:31:01Z,90.0,Sense 2
2025-07-27T05:31:06Z,91.0,Sense 2
2025-07-27T05:31:11Z,81.0,Sense 2
2025-07-27T05:31:16Z,71.0,Sense 2
2025-07-27T05:31:21Z,65.0,Sense 2
2025-07-27T05:31:26Z,63.0,Sense 2
2025-07-27T05:31:31Z,61.0,Sense 2
2025-07-27T05:31:36Z,60.0,Sense 2
2025-07-27T05:31:41Z,59.0,Sense 2
2025-07-27T05:31:46Z,57.0,Sense 2
2025-07-27T05:31:51Z,56.0,Sense 2
2025-07-27T05:31:56Z,55.0,Sense 2
2025-07-27T05:32:01Z,54.0,Sense 2
2025-07-27T05:32:11Z,55.0,Sense 2
2025-07-27T05:32:16Z,56.0,Sense 2
2025-07-27T05:32:31Z,57.0,Sense 2
2025-07-27T05:32:36Z,56.0,Sense 2
2025-07-27T05:32:41Z,55.0,Sense 2
2025-07-27T05:32:51Z,56.0,Sense 2
2025-07-27T05:33:01Z,55.0,Sense 2
2025-07-27T05:33:06Z,54.0,Sense 2
2025-07-27T05:33:21Z,54.0,Sense 2
2025-07-27T05:33:26Z,55.0,Sense 2
2025-07-27T05:33:31Z,57.0,Sense 2
2025-07-27T05:33:36Z,58.0,Sense 2
2025-07-27T05:33:46Z,57.0,Sense 2
2025-07-27T05:33:51Z,56.0,Sense 2
2025-07-27T05:33:56Z,55.0,Sense 2
2025-07-27T05:34:01Z,54.0,Sense 2
2025-07-27T05:34:16Z,55.0,Sense 2
2025-07-27T05:34:21Z,56.0,Sense 2
2025-07-27T05:34:36Z,56.0,Sense 2
2025-07-27T05:34:41Z,56.0,Sense 2
2025-07-27T05:34:56Z,56.0,Sense 2
2025-07-27T05:35:01Z,55.0,Sense 2
2025-07-27T05:35:06Z,56.0,Sense 2
2025-07-27T05:35:16Z,54.0,Sense 2
2025-07-27T05:35:26Z,55.0,Sense 2
2025-07-27T05:35:31Z,56.0,Sense 2
2025-07-27T05:35:41Z,57.0,Sense 2
2025-07-27T05:35:51Z,56.0,Sense 2
2025-07-27T05:35:56Z,55.0,Sense 2
2025-07-27T05:36:01Z,57.0,Sense 2
2025-07-27T05:36:06Z,59.0,Sense 2
2025-07-27T05:36:11Z,60.0,Sense 2
2025-07-27T05:36:16Z,61.0,Sense 2
2025-07-27T05:36:21Z,63.0,Sense 2
2025-07-27T05:36:31Z,62.0,Sense 2
2025-07-27T05:36:36Z,60.0,Sense 2
2025-07-27T05:36:41Z,59.0,Sense 2
2025-07-27T05:36:46Z,58.0,Sense 2
2025-07-27T05:36:51Z,59.0,Sense 2
2025-07-27T05:36:56Z,60.0,Sense 2
2025-07-27T05:37:01Z,61.0,Sense 2
2025-07-27T05:37:06Z,60.0,Sense 2
2025-07-27T05:37:16Z,61.0,Sense 2
2025-07-27T05:37:26Z,62.0,Sense 2
2025-07-27T05:37:41Z,62.0,Sense 2
2025-07-27T05:37:46Z,63.0,Sense 2
2025-07-27T05:37:51Z,64.0,Sense 2
2025-07-27T05:37:56Z,63.0,Sense 2
2025-07-27T05:38:01Z,62.0,Sense 2
2025-07-27T05:38:06Z,61.0,Sense 2
2025-07-27T05:38:11Z,62.0,Sense 2
2025-07-27T05:38:16Z,61.0,Sense 2
2025-07-27T05:38:21Z,59.0,Sense 2
2025-07-27T05:38:31Z,57.0,Sense 2
2025-07-27T05:38:46Z,58.0,Sense 2
2025-07-27T05:38:51Z,60.0,Sense 2
2025-07-27T05:38:56Z,61.0,Sense 2
2025-07-27T05:39:11Z,60.0,Sense 2
2025-07-27T05:39:21Z,61.0,Sense 2
2025-07-27T05:39:26Z,62.0,Sense 2
2025-07-27T05:39:36Z,62.0,Sense 2
2025-07-27T05:39:51Z,69.0,Sense 2
2025-07-27T05:39:56Z,73.0,Sense 2
2025-07-27T05:40:01Z,70.0,Sense 2
2025-07-27T05:40:06Z,67.0,Sense 2
2025-07-27T05:40:11Z,65.0,Sense 2
2025-07-27T05:40:16Z,64.0,Sense 2
2025-07-27T05:40:21Z,63.0,Sense 2
2025-07-27T05:40:26Z,61.0,Sense 2
2025-07-27T05:40:31Z,60.0,Sense 2
2025-07-27T05:40:36Z,59.0,Sense 2
2025-07-27T05:40:51Z,60.0,Sense 2
2025-07-27T05:41:01Z,59.0,Sense 2
2025-07-27T05:41:06Z,59.0,Sense 2
2025-07-27T05:41:11Z,61.0,Sense 2
2025-07-27T05:41:16Z,62.0,Sense 2
2025-07-27T05:41:21Z,63.0,Sense 2
2025-07-27T05:41:26Z,65.0,Sense 2
2025-07-27T05:41:31Z,66.0,Sense 2
2025-07-27T05:41:41Z,67.0,Sense 2
2025-07-27T05:41:46Z,65.0,Sense 2
2025-07-27T05:41:51Z,64.0,Sense 2
2025-07-27T05:41:56Z,62.0,Sense 2
2025-07-27T05:42:01Z,61.0,Sense 2
2025-07-27T05:42:06Z,62.0,Sense 2
2025-07-27T05:42:16Z,61.0,Sense 2
2025-07-27T05:42:26Z,59.0,Sense 2
2025-07-27T05:42:36Z,59.0,Sense 2
2025-07-27T05:42:41Z,60.0,Sense 2
2025-07-27T05:42:46Z,62.0,Sense 2
2025-07-27T05:42:51Z,59.0,Sense 2
2025-07-27T05:42:56Z,57.0,Sense 2
2025-07-27T05:43:01Z,55.0,Sense 2
2025-07-27T05:43:06Z,54.0,Sense 2
2025-07-27T05:43:11Z,55.0,Sense 2
2025-07-27T05:43:21Z,57.0,Sense 2
2025-07-27T05:43:36Z,57.0,Sense 2
2025-07-27T05:43:41Z,58.0,Sense 2
2025-07-27T05:43:46Z,59.0,Sense 2
2025-07-27T05:43:51Z,60.0,Sense 2
2025-07-27T05:43:56Z,60.0,Sense 2
2025-07-27T05:44:01Z,58.0,Sense 2
2025-07-27T05:44:06Z,57.0,Sense 2
2025-07-27T05:44:21Z,58.0,Sense 2
2025-07-27T05:44:31Z,59.0,Sense 2
2025-07-27T05:44:46Z,59.0,Sense 2
2025-07-27T05:44:56Z,61.0,Sense 2
2025-07-27T05:45:01Z,60.0,Sense 2
2025-07-27T05:45:06Z,55.0,Sense 2
2025-07-27T05:45:11Z,54.0,Sense 2
2025-07-27T05:45:16Z,55.0,Sense 2
2025-07-27T05:45:26Z,56.0,Sense 2
2025-07-27T05:45:31Z,58.0,Sense 2
2025-07-27T05:45:46Z,58.0,Sense 2
2025-07-27T05:45:56Z,59.0,Sense 2
2025-07-27T05:46:06Z,57.0,Sense 2
2025-07-27T05:46:16Z,59.0,Sense 2
2025-07-27T05:46:21Z,60.0,Sense 2
2025-07-27T05:46:26Z,61.0,Sense 2
2025-07-27T05:46:36Z,62.0,Sense 2
2025-07-27T05:46:41Z,63.0,Sense 2
2025-07-27T05:46:51Z,63.0,Sense 2
2025-07-27T05:47:01Z,69.0,Sense 2
2025-07-27T05:47:06Z,81.0,Sense 2
2025-07-27T05:47:11Z,85.0,Sense 2
2025-07-27T05:47:16Z,77.0,Sense 2
2025-07-27T05:47:21Z,71.0,Sense 2
2025-07-27T05:47:26Z,67.0,Sense 2
2025-07-27T05:47:31Z,65.0,Sense 2
2025-07-27T05:47:36Z,63.0,Sense 2
2025-07-27T05:47:41Z,61.0,Sense 2
2025-07-27T05:47:46Z,60.0,Sense 2
2025-07-27T05:47:51Z,57.0,Sense 2
2025-07-27T05:48:06Z,57.0,Sense 2
2025-07-27T05:48:11Z,58.0,Sense 2
2025-07-27T05:48:16Z,59.0,Sense 2
2025-07-27T05:48:31Z,59.0,Sense 2
2025-07-27T05:48:36Z,60.0,Sense 2
2025-07-27T05:48:51Z,59.0,Sense 2
2025-07-27T05:49:06Z,59.0,Sense 2
2025-07-27T05:49:16Z,60.0,Sense 2
2025-07-27T05:49:21Z,61.0,Sense 2
2025-07-27T05:49:26Z,63.0,Sense 2
2025-07-27T05:49:31Z,64.0,Sense 2
2025-07-27T05:49:41Z,63.0,Sense 2
2025-07-27T05:49:46Z,60.0,Sense 2
2025-07-27T05:49:51Z,58.0,Sense 2
2025-07-27T05:49:56Z,57.0,Sense 2
2025-07-27T05:50:11Z,58.0,Sense 2
2025-07-27T05:50:16Z,59.0,Sense 2
2025-07-27T05:50:21Z,60.0,Sense 2
2025-07-27T05:50:31Z,61.0,Sense 2
2025-07-27T05:50:41Z,62.0,Sense 2
2025-07-27T05:50:46Z,61.0,Sense 2
2025-07-27T05:50:51Z,58.0,Sense 2
2025-07-27T05:50:56Z,56.0,Sense 2
2025-07-27T05:51:11Z,57.0,Sense 2
2025-07-27T05:51:26Z,58.0,Sense 2
2025-07-27T05:51:31Z,58.0,Sense 2
2025-07-27T05:51:36Z,59.0,Sense 2
2025-07-27T05:51:46Z,66.0,Sense 2
2025-07-27T05:51:51Z,83.0,Sense 2
2025-07-27T05:51:56Z,88.0,Sense 2
2025-07-27T05:52:01Z,84.0,Sense 2
2025-07-27T05:52:06Z,75.0,Sense 2
2025-07-27T05:52:11Z,70.0,Sense 2
2025-07-27T05:52:16Z,68.0,Sense 2
2025-07-27T05:52:31Z,66.0,Sense 2
2025-07-27T05:52:36Z,65.0,Sense 2
2025-07-27T05:52:41Z,63.0,Sense 2
2025-07-27T05:52:56Z,65.0,Sense 2
2025-07-27T05:53:01Z,67.0,Sense 2
2025-07-27T05:53:06Z,68.0,Sense 2
2025-07-27T05:53:21Z,66.0,Sense 2
2025-07-27T05:53:26Z,63.0,Sense 2
2025-07-27T05:53:31Z,62.0,Sense 2
2025-07-27T05:53:36Z,61.0,Sense 2
2025-07-27T05:53:41Z,62.0,Sense 2
2025-07-27T05:53:46Z,63.0,Sense 2
2025-07-27T05:53:51Z,64.0,Sense 2
2025-07-27T05:54:01Z,66.0,Sense 2
2025-07-27T05:54:06Z,65.0,Sense 2
2025-07-27T05:54:11Z,64.0,Sense 2
2025-07-27T05:54:21Z,63.0,Sense 2
2025-07-27T05:54:31Z,64.0,Sense 2
2025-07-27T05:54:46Z,63.0,Sense 2
2025-07-27T05:54:51Z,62.0,Sense 2
2025-07-27T05:55:01Z,63.0,Sense 2
2025-07-27T05:55:11Z,64.0,Sense 2
2025-07-27T05:55:16Z,65.0,Sense 2
2025-07-27T05:55:21Z,63.0,Sense 2
2025-07-27T05:55:26Z,63.0,Sense 2
2025-07-27T05:55:31Z,64.0,Sense 2
2025-07-27T05:55:36Z,63.0,Sense 2
2025-07-27T05:55:41Z,62.0,Sense 2
2025-07-27T05:55:51Z,63.0,Sense 2
2025-07-27T05:55:56Z,64.0,Sense 2
2025-07-27T05:56:06Z,65.0,Sense 2
2025-07-27T05:56:11Z,66.0,Sense 2
2025-07-27T05:56:16Z,65.0,Sense 2
2025-07-27T05:56:21Z,64.0,Sense 2
2025-07-27T05:56:36Z,63.0,Sense 2
2025-07-27T05:56:51Z,65.0,Sense 2
2025-07-27T05:56:56Z,63.0,Sense 2
2025-07-27T05:57:01Z,63.0,Sense 2
2025-07-27T05:57:16Z,64.0,Sense 2
2025-07-27T05:57:26Z,63.0,Sense 2
2025-07-27T05:57:41Z,63.0,Sense 2
2025-07-27T05:57:46Z,64.0,Sense 2
2025-07-27T05:57:51Z,63.0,Sense 2
2025-07-27T05:58:01Z,64.0,Sense 2
2025-07-27T05:58:16Z,62.0,Sense 2
2025-07-27T05:58:21Z,61.0,Sense 2
2025-07-27T05:58:31Z,62.0,Sense 2
2025-07-27T05:58:41Z,63.0,Sense 2
2025-07-27T05:58:51Z,62.0,Sense 2
2025-07-27T05:59:06Z,62.0,Sense 2
2025-07-27T05:59:11Z,64.0,Sense 2
2025-07-27T05:59:21Z,65.0,Sense 2
2025-07-27T05:59:26Z,66.0,Sense 2
2025-07-27T05:59:36Z,65.0,Sense 2
2025-07-27T05:59:41Z,64.0,Sense 2
2025-07-27T05:59:46Z,64.0,Sense 2
2025-07-27T05:59:56Z,66.0,Sense 2
2025-07-27T06:00:01Z,79.0,Sense 2
2025-07-27T06:00:06Z,84.0,Sense 2
2025-07-27T06:00:11Z,79.0,Sense 2
2025-07-27T06:00:16Z,71.0,Sense 2
2025-07-27T06:00:21Z,67.0,Sense 2
2025-07-27T06:00:26Z,66.0,Sense 2
2025-07-27T06:00:31Z,69.0,Sense 2
2025-07-27T06:00:36Z,71.0,Sense 2
2025-07-27T06:00:41Z,68.0,Sense 2
2025-07-27T06:00:46Z,64.0,Sense 2
2025-07-27T06:00:51Z,60.0,Sense 2
2025-07-27T06:00:56Z,59.0,Sense 2
2025-07-27T06:01:11Z,59.0,Sense 2
2025-07-27T06:01:16Z,60.0,Sense 2
2025-07-27T06:01:21Z,61.0,Sense 2
2025-07-27T06:01:31Z,57.0,Sense 2
2025-07-27T06:01:36Z,56.0,Sense 2
2025-07-27T06:01:51Z,57.0,Sense 2
2025-07-27T06:01:56Z,58.0,Sense 2
2025-07-27T06:02:11Z,58.0,Sense 2
2025-07-27T06:02:21Z,59.0,Sense 2
2025-07-27T06:02:31Z,60.0,Sense 2
2025-07-27T06:02:46Z,61.0,Sense 2
2025-07-27T06:02:56Z,62.0,Sense 2
2025-07-27T06:03:11Z,66.0,Sense 2
2025-07-27T06:03:16Z,82.0,Sense 2
2025-07-27T06:03:21Z,85.0,Sense 2
2025-07-27T06:03:26Z,80.0,Sense 2
2025-07-27T06:03:31Z,74.0,Sense 2
2025-07-27T06:03:36Z,70.0,Sense 2
2025-07-27T06:03:41Z,65.0,Sense 2
2025-07-27T06:03:46Z,62.0,Sense 2
2025-07-27T06:03:51Z,61.0,Sense 2
2025-07-27T06:04:01Z,63.0,Sense 2
2025-07-27T06:04:11Z,62.0,Sense 2
2025-07-27T06:04:16Z,61.0,Sense 2
2025-07-27T06:04:31Z,61.0,Sense 2
2025-07-27T06:04:46Z,62.0,Sense 2
2025-07-27T06:04:56Z,64.0,Sense 2
2025-07-27T06:05:01Z,63.0,Sense 2
2025-07-27T06:05:06Z,60.0,Sense 2
2025-07-27T06:05:11Z,59.0,Sense 2
2025-07-27T06:05:16Z,60.0,Sense 2
2025-07-27T06:05:21Z,61.0,Sense 2
2025-07-27T06:05:26Z,60.0,Sense 2
2025-07-27T06:05:36Z,61.0,Sense 2
2025-07-27T06:05:41Z,62.0,Sense 2
2025-07-27T06:05:46Z,61.0,Sense 2
2025-07-27T06:06:01Z,63.0,Sense 2
2025-07-27T06:06:06Z,64.0,Sense 2
2025-07-27T06:06:11Z,65.0,Sense 2
2025-07-27T06:06:21Z,64.0,Sense 2
2025-07-27T06:06:31Z,63.0,Sense 2
2025-07-27T06:06:46Z,63.0,Sense 2
2025-07-27T06:06:51Z,64.0,Sense 2
2025-07-27T06:06:56Z,63.0,Sense 2
2025-07-27T06:07:06Z,64.0,Sense 2
2025-07-27T06:07:11Z,65.0,Sense 2
2025-07-27T06:07:16Z,64.0,Sense 2
2025-07-27T06:07:21Z,63.0,Sense 2
2025-07-27T06:07:36Z,63.0,Sense 2
2025-07-27T06:07:41Z,63.0,Sense 2
2025-07-27T06:07:56Z,63.0,Sense 2
2025-07-27T06:08:06Z,64.0,Sense 2
2025-07-27T06:08:11Z,65.0,Sense 2
2025-07-27T06:08:26Z,65.0,Sense 2
2025-07-27T06:08:36Z,66.0,Sense 2
2025-07-27T06:08:46Z,64.0,Sense 2
2025-07-27T06:08:51Z,63.0,Sense 2
2025-07-27T06:09:06Z,64.0,Sense 2
2025-07-27T06:09:11Z,65.0,Sense 2
2025-07-27T06:09:26Z,66.0,Sense 2
2025-07-27T06:09:31Z,67.0,Sense 2
2025-07-27T06:09:36Z,66.0,Sense 2
2025-07-27T06:09:41Z,65.0,Sense 2
2025-07-27T06:09:56Z,64.0,Sense 2
2025-07-27T06:10:11Z,64.0,Sense 2
2025-07-27T06:10:26Z,65.0,Sense 2
2025-07-27T06:10:31Z,64.0,Sense 2
2025-07-27T06:10:41Z,65.0,Sense 2
2025-07-27T06:10:46Z,66.0,Sense 2
2025-07-27T06:11:01Z,67.0,Sense 2
2025-07-27T06:11:16Z,67.0,Sense 2
2025-07-27T06:11:26Z,65.0,Sense 2
2025-07-27T06:11:41Z,64.0,Sense 2
2025-07-27T06:11:46Z,65.0,Sense 2
2025-07-27T06:12:01Z,65.0,Sense 2
2025-07-27T06:12:16Z,65.0,Sense 2
2025-07-27T06:12:21Z,66.0,Sense 2
2025-07-27T06:12:31Z,65.0,Sense 2
2025-07-27T06:12:36Z,64.0,Sense 2
2025-07-27T06:12:51Z,64.0,Sense 2
2025-07-27T06:13:06Z,64.0,Sense 2
2025-07-27T06:13:11Z,65.0,Sense 2
2025-07-27T06:13:26Z,66.0,Sense 2
2025-07-27T06:13:31Z,67.0,Sense 2
2025-07-27T06:13:36Z,66.0,Sense 2
2025-07-27T06:13:41Z,65.0,Sense 2
2025-07-27T06:13:46Z,64.0,Sense 2
2025-07-27T06:14:01Z,65.0,Sense 2
2025-07-27T06:14:06Z,66.0,Sense 2
2025-07-27T06:14:21Z,67.0,Sense 2
2025-07-27T06:14:26Z,66.0,Sense 2
2025-07-27T06:14:31Z,65.0,Sense 2
2025-07-27T06:14:41Z,64.0,Sense 2
2025-07-27T06:14:56Z,64.0,Sense 2
2025-07-27T06:15:11Z,64.0,Sense 2
2025-07-27T06:15:26Z,64.0,Sense 2
2025-07-27T06:15:41Z,65.0,Sense 2
2025-07-27T06:15:51Z,66.0,Sense 2
2025-07-27T06:15:56Z,67.0,Sense 2
2025-07-27T06:16:01Z,66.0,Sense 2
2025-07-27T06:16:06Z,65.0,Sense 2
2025-07-27T06:16:11Z,64.0,Sense 2
2025-07-27T06:16:16Z,63.0,Sense 2
2025-07-27T06:16:31Z,64.0,Sense 2
2025-07-27T06:16:36Z,65.0,Sense 2
2025-07-27T06:16:41Z,66.0,Sense 2
2025-07-27T06:16:46Z,67.0,Sense 2
2025-07-27T06:16:56Z,68.0,Sense 2
2025-07-27T06:17:01Z,66.0,Sense 2
2025-07-27T06:17:06Z,65.0,Sense 2
2025-07-27T06:17:11Z,64.0,Sense 2
2025-07-27T06:17:26Z,64.0,Sense 2
2025-07-27T06:17:41Z,64.0,Sense 2
2025-07-27T06:17:51Z,65.0,Sense 2
2025-07-27T06:18:01Z,66.0,Sense 2
2025-07-27T06:18:06Z,65.0,Sense 2
2025-07-27T06:18:21Z,65.0,Sense 2
2025-07-27T06:18:31Z,64.0,Sense 2
2025-07-27T06:18:41Z,64.0,Sense 2
2025-07-27T06:18:46Z,64.0,Sense 2
2025-07-27T06:18:51Z,65.0,Sense 2
2025-07-27T06:18:56Z,64.0,Sense 2
2025-07-27T06:19:01Z,63.0,Sense 2
2025-07-27T06:19:16Z,63.0,Sense 2
2025-07-27T06:19:21Z,63.0,Sense 2
2025-07-27T06:19:31Z,64.0,Sense 2
2025-07-27T06:19:46Z,64.0,Sense 2
2025-07-27T06:19:51Z,64.0,Sense 2
2025-07-27T06:20:01Z,63.0,Sense 2
2025-07-27T06:20:11Z,62.0,Sense 2
2025-07-27T06:20:26Z,63.0,Sense 2
2025-07-27T06:20:31Z,64.0,Sense 2
2025-07-27T06:20:36Z,62.0,Sense 2
2025-07-27T06:20:46Z,64.0,Sense 2
2025-07-27T06:20:56Z,62.0,Sense 2
2025-07-27T06:21:06Z,65.0,Sense 2
2025-07-27T06:21:16Z,63.0,Sense 2
2025-07-27T06:21:21Z,62.0,Sense 2
2025-07-27T06:21:26Z,63.0,Sense 2
2025-07-27T06:21:31Z,64.0,Sense 2
2025-07-27T06:21:46Z,65.0,Sense 2
2025-07-27T06:21:56Z,64.0,Sense 2
2025-07-27T06:22:01Z,62.0,Sense 2
2025-07-27T06:22:06Z,61.0,Sense 2
2025-07-27T06:22:11Z,62.0,Sense 2
2025-07-27T06:22:16Z,63.0,Sense 2
2025-07-27T06:22:31Z,67.0,Sense 2
2025-07-27T06:22:36Z,82.0,Sense 2
2025-07-27T06:22:46Z,78.0,Sense 2
2025-07-27T06:22:51Z,74.0,Sense 2
2025-07-27T06:22:56Z,67.0,Sense 2
2025-07-27T06:23:01Z,63.0,Sense 2
2025-07-27T06:23:06Z,61.0,Sense 2
2025-07-27T06:23:21Z,61.0,Sense 2
2025-07-27T06:23:26Z,60.0,Sense 2
2025-07-27T06:23:31Z,59.0,Sense 2
2025-07-27T06:23:46Z,59.0,Sense 2
2025-07-27T06:23:56Z,60.0,Sense 2
2025-07-27T06:24:01Z,59.0,Sense 2
2025-07-27T06:24:06Z,55.0,Sense 2
2025-07-27T06:24:11Z,54.0,Sense 2
2025-07-27T06:24:26Z,56.0,Sense 2
2025-07-27T06:24:31Z,59.0,Sense 2
2025-07-27T06:24:36Z,57.0,Sense 2
2025-07-27T06:24:41Z,54.0,Sense 2
2025-07-27T06:24:46Z,53.0,Sense 2
2025-07-27T06:24:56Z,54.0,Sense 2
2025-07-27T06:25:01Z,55.0,Sense 2
2025-07-27T06:25:06Z,57.0,Sense 2
2025-07-27T06:25:16Z,56.0,Sense 2
2025-07-27T06:25:21Z,55.0,Sense 2
2025-07-27T06:25:36Z,55.0,Sense 2
2025-07-27T06:25:41Z,54.0,Sense 2
2025-07-27T06:25:51Z,53.0,Sense 2
2025-07-27T06:26:01Z,55.0,Sense 2
2025-07-27T06:26:06Z,54.0,Sense 2
2025-07-27T06:26:21Z,55.0,Sense 2
2025-07-27T06:26:31Z,54.0,Sense 2
2025-07-27T06:26:46Z,54.0,Sense 2
2025-07-27T06:26:51Z,55.0,Sense 2
2025-07-27T06:27:01Z,54.0,Sense 2
2025-07-27T06:27:06Z,53.0,Sense 2
2025-07-27T06:27:21Z,54.0,Sense 2
2025-07-27T06:27:26Z,55.0,Sense 2
2025-07-27T06:27:31Z,57.0,Sense 2
2025-07-27T06:27:46Z,58.0,Sense 2
2025-07-27T06:27:56Z,61.0,Sense 2
2025-07-27T06:28:01Z,75.0,Sense 2
2025-07-27T06:28:11Z,70.0,Sense 2
2025-07-27T06:28:16Z,65.0,Sense 2
2025-07-27T06:28:21Z,64.0,Sense 2
2025-07-27T06:28:26Z,64.0,Sense 2
2025-07-27T06:28:31Z,63.0,Sense 2
2025-07-27T06:28:36Z,62.0,Sense 2
2025-07-27T06:28:41Z,60.0,Sense 2
2025-07-27T06:28:46Z,59.0,Sense 2
2025-07-27T06:28:52Z,58.0,Sense 2
2025-07-27T06:28:57Z,57.0,Sense 2
2025-07-27T06:29:12Z,57.0,Sense 2
2025-07-27T06:29:17Z,58.0,Sense 2
2025-07-27T06:29:27Z,58.0,Sense 2
2025-07-27T06:29:32Z,58.0,Sense 2
2025-07-27T06:29:37Z,57.0,Sense 2
2025-07-27T06:29:52Z,57.0,Sense 2
2025-07-27T06:29:57Z,57.0,Sense 2
2025-07-27T06:30:12Z,56.0,Sense 2
2025-07-27T06:30:27Z,57.0,Sense 2
2025-07-27T06:30:42Z,57.0,Sense 2
2025-07-27T06:30:57Z,56.0,Sense 2
2025-07-27T06:31:12Z,55.0,Sense 2
2025-07-27T06:31:22Z,56.0,Sense 2
2025-07-27T06:31:32Z,57.0,Sense 2
2025-07-27T06:31:42Z,59.0,Sense 2
2025-07-27T06:31:47Z,59.0,Sense 2
2025-07-27T06:31:52Z,60.0,Sense 2
2025-07-27T06:31:57Z,58.0,Sense 2
2025-07-27T06:32:02Z,58.0,Sense 2
2025-07-27T06:32:12Z,60.0,Sense 2
2025-07-27T06:32:17Z,62.0,Sense 2
2025-07-27T06:32:22Z,63.0,Sense 2
2025-07-27T06:32:27Z,64.0,Sense 2
2025-07-27T06:32:32Z,63.0,Sense 2
2025-07-27T06:32:47Z,62.0,Sense 2
2025-07-27T06:32:52Z,62.0,Sense 2
2025-07-27T06:33:07Z,62.0,Sense 2
2025-07-27T06:33:12Z,61.0,Sense 2
2025-07-27T06:33:27Z,64.0,Sense 2
2025-07-27T06:33:37Z,60.0,Sense 2
2025-07-27T06:33:52Z,59.0,Sense 2
2025-07-27T06:34:07Z,60.0,Sense 2
2025-07-27T06:34:12Z,61.0,Sense 2
2025-07-27T06:34:17Z,60.0,Sense 2
2025-07-27T06:34:32Z,60.0,Sense 2
2025-07-27T06:34:42Z,61.0,Sense 2
2025-07-27T06:34:47Z,61.0,Sense 2
2025-07-27T06:34:52Z,62.0,Sense 2
2025-07-27T06:35:02Z,63.0,Sense 2
2025-07-27T06:35:07Z,62.0,Sense 2
2025-07-27T06:35:12Z,60.0,Sense 2
2025-07-27T06:35:27Z,60.0,Sense 2
2025-07-27T06:35:32Z,61.0,Sense 2
2025-07-27T06:35:37Z,62.0,Sense 2
2025-07-27T06:35:42Z,63.0,Sense 2
2025-07-27T06:35:52Z,62.0,Sense 2
2025-07-27T06:35:57Z,61.0,Sense 2
2025-07-27T06:36:12Z,62.0,Sense 2
2025-07-27T06:36:17Z,61.0,Sense 2
2025-07-27T06:36:32Z,61.0,Sense 2
2025-07-27T06:36:37Z,63.0,Sense 2
2025-07-27T06:36:42Z,65.0,Sense 2
2025-07-27T06:36:47Z,65.0,Sense 2
2025-07-27T06:36:52Z,64.0,Sense 2
2025-07-27T06:36:57Z,63.0,Sense 2
2025-07-27T06:37:07Z,62.0,Sense 2
2025-07-27T06:37:17Z,61.0,Sense 2
2025-07-27T06:37:27Z,62.0,Sense 2
2025-07-27T06:37:42Z,62.0,Sense 2
2025-07-27T06:37:47Z,61.0,Sense 2
2025-07-27T06:37:52Z,61.0,Sense 2
2025-07-27T06:37:57Z,63.0,Sense 2
2025-07-27T06:38:02Z,64.0,Sense 2
2025-07-27T06:38:12Z,65.0,Sense 2
2025-07-27T06:38:27Z,65.0,Sense 2
2025-07-27T06:38:37Z,64.0,Sense 2
2025-07-27T06:38:52Z,63.0,Sense 2
2025-07-27T06:38:57Z,64.0,Sense 2
2025-07-27T06:39:02Z,66.0,Sense 2
2025-07-27T06:39:12Z,65.0,Sense 2
2025-07-27T06:39:17Z,64.0,Sense 2
2025-07-27T06:39:32Z,65.0,Sense 2
2025-07-27T06:39:37Z,64.0,Sense 2
2025-07-27T06:39:47Z,67.0,Sense 2
2025-07-27T06:39:52Z,71.0,Sense 2
2025-07-27T06:39:57Z,69.0,Sense 2
2025-07-27T06:40:02Z,68.0,Sense 2
2025-07-27T06:40:17Z,68.0,Sense 2
2025-07-27T06:40:22Z,66.0,Sense 2
2025-07-27T06:40:27Z,66.0,Sense 2
2025-07-27T06:40:32Z,64.0,Sense 2
2025-07-27T06:40:37Z,62.0,Sense 2
2025-07-27T06:40:47Z,61.0,Sense 2
2025-07-27T06:40:52Z,60.0,Sense 2
2025-07-27T06:41:07Z,60.0,Sense 2
2025-07-27T06:41:12Z,61.0,Sense 2
2025-07-27T06:41:17Z,62.0,Sense 2
2025-07-27T06:41:27Z,61.0,Sense 2
2025-07-27T06:41:37Z,61.0,Sense 2
2025-07-27T06:41:42Z,61.0,Sense 2
2025-07-27T06:41:52Z,61.0,Sense 2
2025-07-27T06:42:02Z,63.0,Sense 2
2025-07-27T06:42:07Z,65.0,Sense 2
2025-07-27T06:42:22Z,67.0,Sense 2
2025-07-27T06:42:27Z,70.0,Sense 2
2025-07-27T06:42:32Z,71.0,Sense 2
2025-07-27T06:42:42Z,70.0,Sense 2
2025-07-27T06:42:47Z,69.0,Sense 2
2025-07-27T06:42:52Z,67.0,Sense 2
2025-07-27T06:42:57Z,65.0,Sense 2
2025-07-27T06:43:07Z,66.0,Sense 2
2025-07-27T06:43:12Z,64.0,Sense 2
2025-07-27T06:43:17Z,63.0,Sense 2
2025-07-27T06:43:27Z,63.0,Sense 2
2025-07-27T06:43:32Z,62.0,Sense 2
2025-07-27T06:43:47Z,62.0,Sense 2
2025-07-27T06:43:52Z,62.0,Sense 2
2025-07-27T06:43:57Z,63.0,Sense 2
2025-07-27T06:44:02Z,62.0,Sense 2
2025-07-27T06:44:17Z,60.0,Sense 2
2025-07-27T06:44:22Z,59.0,Sense 2
2025-07-27T06:44:32Z,60.0,Sense 2
2025-07-27T06:44:37Z,60.0,Sense 2
2025-07-27T06:44:47Z,62.0,Sense 2
2025-07-27T06:44:57Z,61.0,Sense 2
2025-07-27T06:45:02Z,60.0,Sense 2
2025-07-27T06:45:07Z,61.0,Sense 2
2025-07-27T06:45:22Z,63.0,Sense 2
2025-07-27T06:45:27Z,64.0,Sense 2
2025-07-27T06:45:37Z,65.0,Sense 2
2025-07-27T06:45:42Z,67.0,Sense 2
2025-07-27T06:45:47Z,68.0,Sense 2
2025-07-27T06:45:52Z,69.0,Sense 2
2025-07-27T06:46:02Z,66.0,Sense 2
2025-07-27T06:46:07Z,64.0,Sense 2
2025-07-27T06:46:17Z,63.0,Sense 2
2025-07-27T06:46:22Z,64.0,Sense 2
2025-07-27T06:46:32Z,65.0,Sense 2
2025-07-27T06:46:37Z,68.0,Sense 2
2025-07-27T06:46:42Z,71.0,Sense 2
2025-07-27T06:46:47Z,70.0,Sense 2
2025-07-27T06:46:52Z,67.0,Sense 2
2025-07-27T06:46:57Z,63.0,Sense 2
2025-07-27T06:47:02Z,59.0,Sense 2
2025-07-27T06:47:17Z,59.0,Sense 2
2025-07-27T06:47:27Z,61.0,Sense 2
2025-07-27T06:47:32Z,62.0,Sense 2
2025-07-27T06:47:42Z,61.0,Sense 2
2025-07-27T06:47:57Z,62.0,Sense 2
2025-07-27T06:48:07Z,63.0,Sense 2
2025-07-27T06:48:22Z,63.0,Sense 2
2025-07-27T06:48:32Z,62.0,Sense 2
2025-07-27T06:48:37Z,63.0,Sense 2
2025-07-27T06:48:42Z,65.0,Sense 2
2025-07-27T06:48:47Z,64.0,Sense 2
2025-07-27T06:48:52Z,62.0,Sense 2
2025-07-27T06:48:57Z,61.0,Sense 2
2025-07-27T06:49:02Z,60.0,Sense 2
2025-07-27T06:49:12Z,61.0,Sense 2
2025-07-27T06:49:17Z,62.0,Sense 2
2025-07-27T06:49:22Z,62.0,Sense 2
2025-07-27T06:49:27Z,61.0,Sense 2
2025-07-27T06:49:32Z,62.0,Sense 2
2025-07-27T06:49:37Z,63.0,Sense 2
2025-07-27T06:49:47Z,64.0,Sense 2
2025-07-27T06:50:02Z,64.0,Sense 2
2025-07-27T06:50:07Z,64.0,Sense 2
2025-07-27T06:50:12Z,62.0,Sense 2
2025-07-27T06:50:27Z,63.0,Sense 2
2025-07-27T06:50:42Z,62.0,Sense 2
2025-07-27T06:50:47Z,62.0,Sense 2
2025-07-27T06:50:52Z,61.0,Sense 2
2025-07-27T06:50:57Z,60.0,Sense 2
2025-07-27T06:51:12Z,61.0,Sense 2
2025-07-27T06:51:17Z,63.0,Sense 2
2025-07-27T06:51:27Z,64.0,Sense 2
2025-07-27T06:51:32Z,66.0,Sense 2
2025-07-27T06:51:37Z,68.0,Sense 2
2025-07-27T06:51:42Z,67.0,Sense 2
2025-07-27T06:51:47Z,66.0,Sense 2
2025-07-27T06:51:52Z,64.0,Sense 2
2025-07-27T06:51:57Z,63.0,Sense 2
2025-07-27T06:52:12Z,63.0,Sense 2
2025-07-27T06:52:17Z,62.0,Sense 2
2025-07-27T06:52:27Z,61.0,Sense 2
2025-07-27T06:52:32Z,60.0,Sense 2
2025-07-27T06:52:47Z,60.0,Sense 2
2025-07-27T06:52:52Z,61.0,Sense 2
2025-07-27T06:53:07Z,61.0,Sense 2
2025-07-27T06:53:12Z,63.0,Sense 2
2025-07-27T06:53:22Z,62.0,Sense 2
2025-07-27T06:53:27Z,61.0,Sense 2
2025-07-27T06:53:32Z,60.0,Sense 2
2025-07-27T06:53:47Z,60.0,Sense 2
2025-07-27T06:54:02Z,60.0,Sense 2
2025-07-27T06:54:12Z,59.0,Sense 2
2025-07-27T06:54:27Z,60.0,Sense 2
2025-07-27T06:54:32Z,62.0,Sense 2
2025-07-27T06:54:47Z,63.0,Sense 2
2025-07-27T06:54:52Z,64.0,Sense 2
2025-07-27T06:54:57Z,65.0,Sense 2
2025-07-27T06:55:02Z,64.0,Sense 2
2025-07-27T06:55:12Z,65.0,Sense 2
2025-07-27T06:55:22Z,64.0,Sense 2
2025-07-27T06:55:37Z,64.0,Sense 2
2025-07-27T06:55:42Z,63.0,Sense 2
2025-07-27T06:55:52Z,64.0,Sense 2
2025-07-27T06:55:57Z,63.0,Sense 2
2025-07-27T06:56:07Z,64.0,Sense 2
2025-07-27T06:56:22Z,65.0,Sense 2
2025-07-27T06:56:27Z,66.0,Sense 2
2025-07-27T06:56:32Z,67.0,Sense 2
2025-07-27T06:56:37Z,66.0,Sense 2
2025-07-27T06:56:47Z,67.0,Sense 2
2025-07-27T06:56:52Z,70.0,Sense 2
2025-07-27T06:57:02Z,68.0,Sense 2
2025-07-27T06:57:07Z,66.0,Sense 2
2025-07-27T06:57:12Z,64.0,Sense 2
2025-07-27T06:57:17Z,63.0,Sense 2
2025-07-27T06:57:22Z,62.0,Sense 2
2025-07-27T06:57:27Z,64.0,Sense 2
2025-07-27T06:57:37Z,62.0,Sense 2
2025-07-27T06:57:42Z,61.0,Sense 2
2025-07-27T06:57:47Z,60.0,Sense 2
2025-07-27T06:57:52Z,60.0,Sense 2
2025-07-27T06:58:07Z,60.0,Sense 2
2025-07-27T06:58:17Z,65.0,Sense 2
2025-07-27T06:58:22Z,66.0,Sense 2
2025-07-27T06:58:27Z,65.0,Sense 2
2025-07-27T06:58:32Z,63.0,Sense 2
2025-07-27T06:58:37Z,61.0,Sense 2
2025-07-27T06:58:42Z,59.0,Sense 2
2025-07-27T06:58:57Z,59.0,Sense 2
2025-07-27T06:59:06Z,59.0,Sense 2
2025-07-27T06:59:11Z,60.0,Sense 2
2025-07-27T06:59:26Z,63.0,Sense 2
2025-07-27T06:59:36Z,62.0,Sense 2
2025-07-27T06:59:46Z,61.0,Sense 2
2025-07-27T06:59:51Z,61.0,Sense 2
2025-07-27T06:59:56Z,62.0,Sense 2
2025-07-27T07:00:01Z,61.0,Sense 2
2025-07-27T07:00:06Z,61.0,Sense 2
2025-07-27T07:00:11Z,60.0,Sense 2
2025-07-27T07:00:26Z,61.0,Sense 2
2025-07-27T07:00:31Z,62.0,Sense 2
2025-07-27T07:00:41Z,63.0,Sense 2
2025-07-27T07:00:46Z,75.0,Sense 2
2025-07-27T07:00:51Z,76.0,Sense 2
2025-07-27T07:00:56Z,77.0,Sense 2
2025-07-27T07:01:01Z,71.0,Sense 2
2025-07-27T07:01:06Z,68.0,Sense 2
2025-07-27T07:01:11Z,65.0,Sense 2
2025-07-27T07:01:16Z,62.0,Sense 2
2025-07-27T07:01:21Z,61.0,Sense 2
2025-07-27T07:01:26Z,60.0,Sense 2
2025-07-27T07:01:31Z,58.0,Sense 2
2025-07-27T07:01:46Z,59.0,Sense 2
2025-07-27T07:01:51Z,58.0,Sense 2
2025-07-27T07:01:56Z,58.0,Sense 2
2025-07-27T07:02:01Z,59.0,Sense 2
2025-07-27T07:02:06Z,58.0,Sense 2
2025-07-27T07:02:11Z,59.0,Sense 2
2025-07-27T07:02:26Z,59.0,Sense 2
2025-07-27T07:02:31Z,60.0,Sense 2
2025-07-27T07:02:36Z,61.0,Sense 2
2025-07-27T07:02:51Z,60.0,Sense 2
2025-07-27T07:03:01Z,63.0,Sense 2
2025-07-27T07:03:06Z,75.0,Sense 2
2025-07-27T07:03:11Z,78.0,Sense 2
2025-07-27T07:03:26Z,78.0,Sense 2
2025-07-27T07:03:36Z,80.0,Sense 2
2025-07-27T07:03:41Z,83.0,Sense 2
2025-07-27T07:03:46Z,94.0,Sense 2
2025-07-27T07:03:51Z,95.0,Sense 2
2025-07-27T07:03:56Z,94.0,Sense 2
2025-07-27T07:04:01Z,87.0,Sense 2
2025-07-27T07:04:06Z,85.0,Sense 2
2025-07-27T07:04:11Z,85.0,Sense 2
2025-07-27T07:04:16Z,84.0,Sense 2
2025-07-27T07:04:21Z,83.0,Sense 2
2025-07-27T07:04:26Z,80.0,Sense 2
2025-07-27T07:04:31Z,75.0,Sense 2
2025-07-27T07:04:36Z,76.0,Sense 2
2025-07-27T07:04:51Z,76.0,Sense 2
2025-07-27T07:04:56Z,76.0,Sense 2
2025-07-27T07:05:01Z,77.0,Sense 2
2025-07-27T07:05:06Z,76.0,Sense 2
2025-07-27T07:05:16Z,78.0,Sense 2
2025-07-27T07:05:21Z,84.0,Sense 2
2025-07-27T07:05:26Z,86.0,Sense 2
2025-07-27T07:05:31Z,89.0,Sense 2
2025-07-27T07:05:36Z,94.0,Sense 2
2025-07-27T07:05:41Z,90.0,Sense 2
2025-07-27T07:05:46Z,85.0,Sense 2
2025-07-27T07:05:51Z,81.0,Sense 2
2025-07-27T07:05:56Z,78.0,Sense 2
2025-07-27T07:06:11Z,78.0,Sense 2
2025-07-27T07:06:21Z,76.0,Sense 2
2025-07-27T07:06:26Z,75.0,Sense 2
2025-07-27T07:06:31Z,77.0,Sense 2
2025-07-27T07:06:36Z,75.0,Sense 2
2025-07-27T07:06:41Z,74.0,Sense 2
2025-07-27T07:06:56Z,74.0,Sense 2
2025-07-27T07:07:06Z,74.0,Sense 2
2025-07-27T07:07:16Z,75.0,Sense 2
2025-07-27T07:07:31Z,75.0,Sense 2
2025-07-27T07:07:36Z,74.0,Sense 2
2025-07-27T07:07:41Z,74.0,Sense 2
2025-07-27T07:07:46Z,74.0,Sense 2
2025-07-27T07:07:51Z,75.0,Sense 2
2025-07-27T07:07:56Z,76.0,Sense 2
2025-07-27T07:08:01Z,76.0,Sense 2
2025-07-27T07:08:06Z,75.0,Sense 2
2025-07-27T07:08:11Z,74.0,Sense 2
2025-07-27T07:08:21Z,75.0,Sense 2
2025-07-27T07:08:31Z,77.0,Sense 2
2025-07-27T07:08:36Z,79.0,Sense 2
2025-07-27T07:08:41Z,77.0,Sense 2
2025-07-27T07:08:46Z,75.0,Sense 2
2025-07-27T07:08:56Z,78.0,Sense 2
2025-07-27T07:09:01Z,84.0,Sense 2
2025-07-27T07:09:06Z,85.0,Sense 2
2025-07-27T07:09:11Z,82.0,Sense 2
2025-07-27T07:09:16Z,80.0,Sense 2
2025-07-27T07:09:21Z,83.0,Sense 2
2025-07-27T07:09:26Z,86.0,Sense 2
2025-07-27T07:09:31Z,84.0,Sense 2
2025-07-27T07:09:36Z,82.0,Sense 2
2025-07-27T07:09:41Z,80.0,Sense 2
2025-07-27T07:09:51Z,80.0,Sense 2
2025-07-27T07:10:01Z,78.0,Sense 2
2025-07-27T07:10:06Z,75.0,Sense 2
2025-07-27T07:10:11Z,75.0,Sense 2
2025-07-27T07:10:16Z,76.0,Sense 2
2025-07-27T07:10:21Z,78.0,Sense 2
2025-07-27T07:10:31Z,77.0,Sense 2
2025-07-27T07:10:36Z,74.0,Sense 2
2025-07-27T07:10:41Z,73.0,Sense 2
2025-07-27T07:10:46Z,72.0,Sense 2
2025-07-27T07:10:51Z,73.0,Sense 2
2025-07-27T07:10:56Z,75.0,Sense 2
2025-07-27T07:11:06Z,74.0,Sense 2
2025-07-27T07:11:11Z,75.0,Sense 2
2025-07-27T07:11:16Z,75.0,Sense 2
2025-07-27T07:11:21Z,76.0,Sense 2
2025-07-27T07:11:26Z,75.0,Sense 2
2025-07-27T07:11:36Z,76.0,Sense 2
2025-07-27T07:11:41Z,79.0,Sense 2
2025-07-27T07:11:46Z,79.0,Sense 2
2025-07-27T07:11:51Z,77.0,Sense 2
2025-07-27T07:11:56Z,75.0,Sense 2
2025-07-27T07:12:01Z,76.0,Sense 2
2025-07-27T07:12:06Z,77.0,Sense 2
2025-07-27T07:12:11Z,77.0,Sense 2
2025-07-27T07:12:16Z,74.0,Sense 2
2025-07-27T07:12:21Z,70.0,Sense 2
2025-07-27T07:12:26Z,71.0,Sense 2
2025-07-27T07:12:31Z,72.0,Sense 2
2025-07-27T07:12:36Z,72.0,Sense 2
2025-07-27T07:12:41Z,74.0,Sense 2
2025-07-27T07:12:46Z,75.0,Sense 2
2025-07-27T07:13:01Z,75.0,Sense 2
2025-07-27T07:13:06Z,75.0,Sense 2
2025-07-27T07:13:11Z,76.0,Sense 2
2025-07-27T07:13:16Z,78.0,Sense 2
2025-07-27T07:13:21Z,79.0,Sense 2
2025-07-27T07:13:26Z,77.0,Sense 2
2025-07-27T07:13:31Z,76.0,Sense 2
2025-07-27T07:13:37Z,76.0,Sense 2
2025-07-27T07:13:42Z,77.0,Sense 2
2025-07-27T07:13:47Z,77.0,Sense 2
2025-07-27T07:13:52Z,76.0,Sense 2
2025-07-27T07:14:02Z,78.0,Sense 2
2025-07-27T07:14:07Z,79.0,Sense 2
2025-07-27T07:14:12Z,76.0,Sense 2
2025-07-27T07:14:17Z,75.0,Sense 2
2025-07-27T07:14:22Z,77.0,Sense 2
2025-07-27T07:14:27Z,81.0,Sense 2
2025-07-27T07:14:32Z,81.0,Sense 2
2025-07-27T07:14:37Z,81.0,Sense 2
2025-07-27T07:14:52Z,81.0,Sense 2
2025-07-27T07:14:57Z,81.0,Sense 2
2025-07-27T07:15:02Z,80.0,Sense 2
2025-07-27T07:15:12Z,79.0,Sense 2
2025-07-27T07:15:17Z,78.0,Sense 2
2025-07-27T07:15:22Z,77.0,Sense 2
2025-07-27T07:15:27Z,79.0,Sense 2
2025-07-27T07:15:37Z,79.0,Sense 2
2025-07-27T07:15:47Z,80.0,Sense 2
2025-07-27T07:15:52Z,80.0,Sense 2
2025-07-27T07:15:57Z,79.0,Sense 2
2025-07-27T07:16:02Z,77.0,Sense 2
2025-07-27T07:16:07Z,78.0,Sense 2
2025-07-27T07:16:12Z,79.0,Sense 2
2025-07-27T07:16:22Z,78.0,Sense 2
2025-07-27T07:16:27Z,76.0,Sense 2
2025-07-27T07:16:32Z,76.0,Sense 2
2025-07-27T07:16:37Z,76.0,Sense 2
2025-07-27T07:16:42Z,78.0,Sense 2
2025-07-27T07:16:47Z,78.0,Sense 2
2025-07-27T07:16:52Z,78.0,Sense 2
2025-07-27T07:17:02Z,79.0,Sense 2
2025-07-27T07:17:07Z,79.0,Sense 2
2025-07-27T07:17:17Z,80.0,Sense 2
2025-07-27T07:17:22Z,85.0,Sense 2
2025-07-27T07:17:27Z,94.0,Sense 2
2025-07-27T07:17:37Z,93.0,Sense 2
2025-07-27T07:17:42Z,90.0,Sense 2
2025-07-27T07:17:47Z,88.0,Sense 2
2025-07-27T07:17:52Z,87.0,Sense 2
2025-07-27T07:17:57Z,85.0,Sense 2
2025-07-27T07:18:02Z,84.0,Sense 2
2025-07-27T07:18:12Z,83.0,Sense 2
2025-07-27T07:18:22Z,82.0,Sense 2
2025-07-27T07:18:27Z,80.0,Sense 2
2025-07-27T07:18:32Z,79.0,Sense 2
2025-07-27T07:18:37Z,80.0,Sense 2
2025-07-27T07:18:42Z,80.0,Sense 2
2025-07-27T07:18:47Z,76.0,Sense 2
2025-07-27T07:18:52Z,75.0,Sense 2
2025-07-27T07:18:57Z,74.0,Sense 2
2025-07-27T07:19:02Z,72.0,Sense 2
2025-07-27T07:19:07Z,70.0,Sense 2
2025-07-27T07:19:12Z,70.0,Sense 2
2025-07-27T07:19:22Z,70.0,Sense 2
2025-07-27T07:19:27Z,71.0,Sense 2
2025-07-27T07:19:32Z,72.0,Sense 2
2025-07-27T07:19:37Z,73.0,Sense 2
2025-07-27T07:19:42Z,74.0,Sense 2
2025-07-27T07:19:57Z,74.0,Sense 2
2025-07-27T07:20:02Z,74.0,Sense 2
2025-07-27T07:20:12Z,76.0,Sense 2
2025-07-27T07:20:17Z,76.0,Sense 2
2025-07-27T07:20:27Z,75.0,Sense 2
2025-07-27T07:20:32Z,73.0,Sense 2
2025-07-27T07:20:37Z,72.0,Sense 2
2025-07-27T07:20:47Z,74.0,Sense 2
2025-07-27T07:20:52Z,75.0,Sense 2
2025-07-27T07:20:57Z,74.0,Sense 2
2025-07-27T07:21:02Z,73.0,Sense 2
2025-07-27T07:21:07Z,71.0,Sense 2
2025-07-27T07:21:12Z,70.0,Sense 2
2025-07-27T07:21:27Z,70.0,Sense 2
2025-07-27T07:21:32Z,69.0,Sense 2
2025-07-27T07:21:37Z,68.0,Sense 2
2025-07-27T07:21:42Z,69.0,Sense 2
2025-07-27T07:21:52Z,70.0,Sense 2
2025-07-27T07:22:02Z,69.0,Sense 2
2025-07-27T07:22:07Z,69.0,Sense 2
2025-07-27T07:22:12Z,70.0,Sense 2
2025-07-27T07:22:17Z,71.0,Sense 2
2025-07-27T07:22:22Z,72.0,Sense 2
2025-07-27T07:22:27Z,72.0,Sense 2
2025-07-27T07:22:42Z,72.0,Sense 2
2025-07-27T07:22:57Z,71.0,Sense 2
2025-07-27T07:23:07Z,72.0,Sense 2
2025-07-27T07:23:22Z,75.0,Sense 2
2025-07-27T07:23:27Z,77.0,Sense 2
2025-07-27T07:23:32Z,77.0,Sense 2
2025-07-27T07:23:37Z,75.0,Sense 2
2025-07-27T07:23:47Z,77.0,Sense 2
2025-07-27T07:23:57Z,76.0,Sense 2
2025-07-27T07:24:02Z,77.0,Sense 2
2025-07-27T07:24:07Z,78.0,Sense 2
2025-07-27T07:24:12Z,77.0,Sense 2
2025-07-27T07:24:27Z,79.0,Sense 2
2025-07-27T07:24:32Z,77.0,Sense 2
2025-07-27T07:24:37Z,77.0,Sense 2
2025-07-27T07:24:42Z,78.0,Sense 2
2025-07-27T07:24:57Z,79.0,Sense 2
2025-07-27T07:25:07Z,79.0,Sense 2
2025-07-27T07:25:12Z,78.0,Sense 2
2025-07-27T07:25:17Z,76.0,Sense 2
2025-07-27T07:25:22Z,72.0,Sense 2
2025-07-27T07:25:27Z,74.0,Sense 2
2025-07-27T07:25:32Z,75.0,Sense 2
2025-07-27T07:25:37Z,80.0,Sense 2
2025-07-27T07:25:42Z,85.0,Sense 2
2025-07-27T07:25:47Z,84.0,Sense 2
2025-07-27T07:25:52Z,82.0,Sense 2
2025-07-27T07:25:57Z,80.0,Sense 2
2025-07-27T07:26:07Z,78.0,Sense 2
2025-07-27T07:26:12Z,73.0,Sense 2
2025-07-27T07:26:17Z,68.0,Sense 2
2025-07-27T07:26:22Z,70.0,Sense 2
2025-07-27T07:26:27Z,71.0,Sense 2
2025-07-27T07:26:32Z,70.0,Sense 2
2025-07-27T07:26:37Z,70.0,Sense 2
2025-07-27T07:26:42Z,71.0,Sense 2
2025-07-27T07:26:47Z,72.0,Sense 2
2025-07-27T07:26:52Z,73.0,Sense 2
2025-07-27T07:26:57Z,74.0,Sense 2
2025-07-27T07:27:07Z,72.0,Sense 2
2025-07-27T07:27:17Z,73.0,Sense 2
2025-07-27T07:27:27Z,74.0,Sense 2
2025-07-27T07:27:37Z,73.0,Sense 2
2025-07-27T07:27:42Z,72.0,Sense 2
2025-07-27T07:27:52Z,74.0,Sense 2
2025-07-27T07:28:07Z,71.0,Sense 2
2025-07-27T07:28:17Z,72.0,Sense 2
2025-07-27T07:28:22Z,72.0,Sense 2
2025-07-27T07:28:27Z,71.0,Sense 2
2025-07-27T07:28:32Z,70.0,Sense 2
2025-07-27T07:28:37Z,72.0,Sense 2
2025-07-27T07:28:42Z,74.0,Sense 2
2025-07-27T07:28:47Z,73.0,Sense 2
2025-07-27T07:28:57Z,76.0,Sense 2
2025-07-27T07:29:07Z,77.0,Sense 2
2025-07-27T07:29:12Z,79.0,Sense 2
2025-07-27T07:29:17Z,80.0,Sense 2
2025-07-27T07:29:27Z,81.0,Sense 2
2025-07-27T07:29:32Z,78.0,Sense 2
2025-07-27T07:29:37Z,76.0,Sense 2
2025-07-27T07:29:42Z,74.0,Sense 2
2025-07-27T07:29:47Z,73.0,Sense 2
2025-07-27T07:29:52Z,72.0,Sense 2
2025-07-27T07:29:57Z,71.0,Sense 2
2025-07-27T07:30:02Z,70.0,Sense 2
2025-07-27T07:30:07Z,71.0,Sense 2
2025-07-27T07:30:12Z,70.0,Sense 2
2025-07-27T07:30:17Z,69.0,Sense 2
2025-07-27T07:30:22Z,69.0,Sense 2
2025-07-27T07:30:32Z,70.0,Sense 2
2025-07-27T07:30:47Z,70.0,Sense 2
2025-07-27T07:31:02Z,69.0,Sense 2
2025-07-27T07:31:12Z,69.0,Sense 2
2025-07-27T07:31:22Z,70.0,Sense 2
2025-07-27T07:31:32Z,71.0,Sense 2
2025-07-27T07:31:42Z,73.0,Sense 2
2025-07-27T07:31:47Z,75.0,Sense 2
2025-07-27T07:31:52Z,76.0,Sense 2
2025-07-27T07:31:57Z,77.0,Sense 2
2025-07-27T07:32:02Z,75.0,Sense 2
2025-07-27T07:32:12Z,79.0,Sense 2
2025-07-27T07:32:17Z,82.0,Sense 2
2025-07-27T07:32:22Z,81.0,Sense 2
2025-07-27T07:32:27Z,77.0,Sense 2
2025-07-27T07:32:32Z,74.0,Sense 2
2025-07-27T07:32:37Z,73.0,Sense 2
2025-07-27T07:32:42Z,72.0,Sense 2
2025-07-27T07:32:47Z,70.0,Sense 2
2025-07-27T07:32:52Z,67.0,Sense 2
2025-07-27T07:33:02Z,67.0,Sense 2
2025-07-27T07:33:17Z,68.0,Sense 2
2025-07-27T07:33:22Z,71.0,Sense 2
2025-07-27T07:33:27Z,72.0,Sense 2
2025-07-27T07:33:32Z,73.0,Sense 2
2025-07-27T07:33:37Z,76.0,Sense 2
2025-07-27T07:33:52Z,73.0,Sense 2
2025-07-27T07:33:57Z,71.0,Sense 2
2025-07-27T07:34:02Z,73.0,Sense 2
2025-07-27T07:34:07Z,75.0,Sense 2
2025-07-27T07:34:12Z,73.0,Sense 2
2025-07-27T07:34:17Z,70.0,Sense 2
2025-07-27T07:34:22Z,71.0,Sense 2
2025-07-27T07:34:32Z,69.0,Sense 2
2025-07-27T07:34:37Z,66.0,Sense 2
2025-07-27T07:34:42Z,65.0,Sense 2
2025-07-27T07:34:47Z,67.0,Sense 2
2025-07-27T07:34:52Z,66.0,Sense 2
2025-07-27T07:35:07Z,68.0,Sense 2
2025-07-27T07:35:17Z,67.0,Sense 2
2025-07-27T07:35:22Z,66.0,Sense 2
2025-07-27T07:35:27Z,65.0,Sense 2
2025-07-27T07:35:37Z,66.0,Sense 2
2025-07-27T07:35:42Z,68.0,Sense 2
2025-07-27T07:35:47Z,69.0,Sense 2
2025-07-27T07:35:52Z,70.0,Sense 2
2025-07-27T07:35:57Z,69.0,Sense 2
2025-07-27T07:36:12Z,69.0,Sense 2
2025-07-27T07:36:22Z,69.0,Sense 2
2025-07-27T07:36:32Z,68.0,Sense 2
2025-07-27T07:36:47Z,67.0,Sense 2
2025-07-27T07:36:52Z,67.0,Sense 2
2025-07-27T07:36:57Z,68.0,Sense 2
2025-07-27T07:37:02Z,69.0,Sense 2
2025-07-27T07:37:12Z,68.0,Sense 2
2025-07-27T07:37:17Z,67.0,Sense 2
2025-07-27T07:37:22Z,67.0,Sense 2
2025-07-27T07:37:32Z,69.0,Sense 2
2025-07-27T07:37:37Z,72.0,Sense 2
2025-07-27T07:37:47Z,71.0,Sense 2
2025-07-27T07:38:02Z,70.0,Sense 2
2025-07-27T07:38:07Z,69.0,Sense 2
2025-07-27T07:38:22Z,69.0,Sense 2
2025-07-27T07:38:27Z,68.0,Sense 2
2025-07-27T07:38:37Z,70.0,Sense 2
2025-07-27T07:38:42Z,71.0,Sense 2
2025-07-27T07:38:57Z,72.0,Sense 2
2025-07-27T07:39:02Z,73.0,Sense 2
2025-07-27T07:39:07Z,74.0,Sense 2
2025-07-27T07:39:12Z,75.0,Sense 2
2025-07-27T07:39:17Z,73.0,Sense 2
2025-07-27T07:39:22Z,72.0,Sense 2
2025-07-27T07:39:27Z,71.0,Sense 2
2025-07-27T07:39:32Z,72.0,Sense 2
2025-07-27T07:39:37Z,71.0,Sense 2
2025-07-27T07:39:42Z,73.0,Sense 2
2025-07-27T07:39:52Z,71.0,Sense 2
2025-07-27T07:39:57Z,70.0,Sense 2
2025-07-27T07:40:12Z,71.0,Sense 2
2025-07-27T07:40:17Z,72.0,Sense 2
2025-07-27T07:40:22Z,80.0,Sense 2
2025-07-27T07:40:27Z,81.0,Sense 2
2025-07-27T07:40:32Z,86.0,Sense 2
2025-07-27T07:40:37Z,85.0,Sense 2
2025-07-27T07:40:42Z,86.0,Sense 2
2025-07-27T07:40:57Z,85.0,Sense 2
2025-07-27T07:41:12Z,84.0,Sense 2
2025-07-27T07:41:17Z,85.0,Sense 2
2025-07-27T07:41:22Z,88.0,Sense 2
2025-07-27T07:41:27Z,90.0,Sense 2
2025-07-27T07:41:32Z,91.0,Sense 2
2025-07-27T07:41:37Z,92.0,Sense 2
2025-07-27T07:41:52Z,89.0,Sense 2
2025-07-27T07:41:57Z,83.0,Sense 2
2025-07-27T07:42:02Z,81.0,Sense 2
2025-07-27T07:42:17Z,81.0,Sense 2
2025-07-27T07:42:22Z,85.0,Sense 2
2025-07-27T07:42:27Z,90.0,Sense 2
2025-07-27T07:42:32Z,93.0,Sense 2
2025-07-27T07:42:37Z,91.0,Sense 2
2025-07-27T07:42:42Z,90.0,Sense 2
2025-07-27T07:42:47Z,87.0,Sense 2
2025-07-27T07:42:52Z,89.0,Sense 2
2025-07-27T07:42:57Z,87.0,Sense 2
2025-07-27T07:43:02Z,88.0,Sense 2
2025-07-27T07:43:22Z,89.0,Sense 2
2025-07-27T07:43:32Z,86.0,Sense 2
2025-07-27T07:43:37Z,82.0,Sense 2
2025-07-27T07:43:42Z,83.0,Sense 2
2025-07-27T07:43:47Z,86.0,Sense 2
2025-07-27T07:43:52Z,85.0,Sense 2
2025-07-27T07:43:57Z,84.0,Sense 2
2025-07-27T07:44:02Z,82.0,Sense 2
2025-07-27T07:44:07Z,81.0,Sense 2
2025-07-27T07:44:12Z,82.0,Sense 2
2025-07-27T07:44:17Z,80.0,Sense 2
2025-07-27T07:44:22Z,79.0,Sense 2
2025-07-27T07:52:21Z,81.0,Sense 2
2025-07-27T07:52:26Z,80.0,Sense 2
2025-07-27T07:52:31Z,78.0,Sense 2
2025-07-27T07:52:36Z,75.0,Sense 2
2025-07-27T07:52:41Z,88.0,Sense 2
2025-07-27T07:52:46Z,90.0,Sense 2
2025-07-27T07:52:51Z,88.0,Sense 2
2025-07-27T07:53:01Z,89.0,Sense 2
2025-07-27T07:53:06Z,90.0,Sense 2
2025-07-27T07:53:21Z,91.0,Sense 2
2025-07-27T07:53:31Z,98.0,Sense 2
2025-07-27T07:53:36Z,96.0,Sense 2
2025-07-27T07:53:46Z,95.0,Sense 2
2025-07-27T07:53:51Z,91.0,Sense 2
2025-07-27T07:53:56Z,90.0,Sense 2
2025-07-27T07:54:01Z,93.0,Sense 2
2025-07-27T07:54:06Z,95.0,Sense 2
2025-07-27T07:54:11Z,93.0,Sense 2
2025-07-27T07:54:16Z,96.0,Sense 2
2025-07-27T07:54:21Z,95.0,Sense 2
2025-07-27T07:54:26Z,97.0,Sense 2
2025-07-27T07:54:31Z,98.0,Sense 2
2025-07-27T07:54:36Z,97.0,Sense 2
2025-07-27T07:54:41Z,101.0,Sense 2
2025-07-27T07:54:46Z,103.0,Sense 2
2025-07-27T07:54:51Z,105.0,Sense 2
2025-07-27T07:54:56Z,105.0,Sense 2
2025-07-27T07:55:01Z,106.0,Sense 2
2025-07-27T07:55:06Z,109.0,Sense 2
2025-07-27T07:55:11Z,105.0,Sense 2
2025-07-27T07:55:16Z,106.0,Sense 2
2025-07-27T07:55:26Z,105.0,Sense 2
2025-07-27T07:55:31Z,107.0,Sense 2
2025-07-27T07:55:36Z,106.0,Sense 2
2025-07-27T07:55:46Z,104.0,Sense 2
2025-07-27T07:55:56Z,102.0,Sense 2
2025-07-27T07:56:01Z,101.0,Sense 2
2025-07-27T07:56:06Z,102.0,Sense 2
2025-07-27T07:56:11Z,104.0,Sense 2
2025-07-27T07:56:16Z,105.0,Sense 2
2025-07-27T07:56:21Z,106.0,Sense 2
2025-07-27T07:56:26Z,107.0,Sense 2
2025-07-27T07:56:31Z,105.0,Sense 2
2025-07-27T07:56:36Z,104.0,Sense 2
2025-07-27T07:56:41Z,101.0,Sense 2
2025-07-27T07:56:46Z,100.0,Sense 2
2025-07-27T07:56:51Z,101.0,Sense 2
2025-07-27T07:56:56Z,100.0,Sense 2
2025-07-27T07:57:01Z,101.0,Sense 2
2025-07-27T07:57:06Z,103.0,Sense 2
2025-07-27T07:57:16Z,101.0,Sense 2
2025-07-27T07:57:21Z,102.0,Sense 2
2025-07-27T07:57:31Z,103.0,Sense 2
2025-07-27T07:57:36Z,103.0,Sense 2
2025-07-27T07:57:51Z,103.0,Sense 2
2025-07-27T07:57:56Z,104.0,Sense 2
2025-07-27T07:58:06Z,103.0,Sense 2
2025-07-27T07:58:11Z,101.0,Sense 2
2025-07-27T07:58:21Z,102.0,Sense 2
2025-07-27T07:58:26Z,103.0,Sense 2
2025-07-27T07:58:31Z,104.0,Sense 2
2025-07-27T07:58:36Z,104.0,Sense 2
2025-07-27T07:58:41Z,103.0,Sense 2
2025-07-27T07:58:46Z,101.0,Sense 2
2025-07-27T07:58:56Z,103.0,Sense 2
2025-07-27T07:59:01Z,102.0,Sense 2
2025-07-27T07:59:06Z,101.0,Sense 2
2025-07-27T07:59:11Z,102.0,Sense 2
2025-07-27T07:59:21Z,99.0,Sense 2
2025-07-27T07:59:26Z,97.0,Sense 2
2025-07-27T07:59:31Z,95.0,Sense 2
2025-07-27T07:59:36Z,97.0,Sense 2
2025-07-27T07:59:41Z,98.0,Sense 2
2025-07-27T07:59:46Z,98.0,Sense 2
2025-07-27T07:59:51Z,96.0,Sense 2
2025-07-27T07:59:56Z,95.0,Sense 2
2025-07-27T08:00:01Z,97.0,Sense 2
2025-07-27T08:00:06Z,98.0,Sense 2
2025-07-27T08:00:11Z,96.0,Sense 2
2025-07-27T08:00:16Z,94.0,Sense 2
2025-07-27T08:00:21Z,93.0,Sense 2
2025-07-27T08:00:26Z,92.0,Sense 2
2025-07-27T08:00:31Z,91.0,Sense 2
2025-07-27T08:00:36Z,90.0,Sense 2
2025-07-27T08:00:41Z,88.0,Sense 2
2025-07-27T08:00:46Z,89.0,Sense 2
2025-07-27T08:00:51Z,93.0,Sense 2
2025-07-27T08:00:56Z,94.0,Sense 2
2025-07-27T08:01:01Z,92.0,Sense 2
2025-07-27T08:01:11Z,96.0,Sense 2
2025-07-27T08:01:16Z,98.0,Sense 2
2025-07-27T08:01:21Z,94.0,Sense 2
2025-07-27T08:01:26Z,93.0,Sense 2
2025-07-27T08:01:36Z,96.0,Sense 2
2025-07-27T08:01:41Z,97.0,Sense 2
2025-07-27T08:01:56Z,97.0,Sense 2
2025-07-27T08:02:01Z,95.0,Sense 2
2025-07-27T08:02:06Z,94.0,Sense 2
2025-07-27T08:02:11Z,92.0,Sense 2
2025-07-27T08:02:16Z,91.0,Sense 2
2025-07-27T08:02:21Z,90.0,Sense 2
2025-07-27T08:02:26Z,94.0,Sense 2
2025-07-27T08:02:36Z,91.0,Sense 2
2025-07-27T08:02:41Z,92.0,Sense 2
2025-07-27T08:02:46Z,93.0,Sense 2
2025-07-27T08:02:51Z,93.0,Sense 2
2025-07-27T08:03:06Z,94.0,Sense 2
2025-07-27T08:03:11Z,93.0,Sense 2
2025-07-27T08:03:21Z,86.0,Sense 2
2025-07-27T08:03:26Z,90.0,Sense 2
2025-07-27T08:03:31Z,95.0,Sense 2
2025-07-27T08:03:36Z,96.0,Sense 2
2025-07-27T08:03:51Z,95.0,Sense 2
2025-07-27T08:03:56Z,93.0,Sense 2
2025-07-27T08:04:01Z,92.0,Sense 2
2025-07-27T08:04:06Z,93.0,Sense 2
2025-07-27T08:04:11Z,97.0,Sense 2
2025-07-27T08:04:16Z,96.0,Sense 2
2025-07-27T08:04:31Z,97.0,Sense 2
2025-07-27T08:04:36Z,95.0,Sense 2
2025-07-27T08:04:46Z,94.0,Sense 2
2025-07-27T08:04:51Z,95.0,Sense 2
2025-07-27T08:04:56Z,94.0,Sense 2
2025-07-27T08:05:01Z,94.0,Sense 2
2025-07-27T08:05:11Z,92.0,Sense 2
2025-07-27T08:05:16Z,92.0,Sense 2
2025-07-27T08:05:26Z,93.0,Sense 2
2025-07-27T08:05:31Z,92.0,Sense 2
2025-07-27T08:05:36Z,91.0,Sense 2
2025-07-27T08:05:41Z,90.0,Sense 2
2025-07-27T08:05:46Z,89.0,Sense 2
2025-07-27T08:05:51Z,91.0,Sense 2
2025-07-27T08:05:56Z,95.0,Sense 2
2025-07-27T08:06:01Z,96.0,Sense 2
2025-07-27T08:06:06Z,96.0,Sense 2
2025-07-27T08:06:16Z,94.0,Sense 2
2025-07-27T08:06:21Z,92.0,Sense 2
2025-07-27T08:06:26Z,95.0,Sense 2
2025-07-27T08:06:31Z,96.0,Sense 2
2025-07-27T08:06:41Z,96.0,Sense 2
2025-07-27T08:06:46Z,95.0,Sense 2
2025-07-27T08:06:51Z,96.0,Sense 2
2025-07-27T08:06:56Z,98.0,Sense 2
2025-07-27T08:07:01Z,98.0,Sense 2
2025-07-27T08:07:06Z,99.0,Sense 2
2025-07-27T08:07:11Z,98.0,Sense 2
2025-07-27T08:07:16Z,96.0,Sense 2
2025-07-27T08:07:18Z,95.0,Sense 2
2025-07-27T08:07:23Z,94.0,Sense 2
2025-07-27T08:07:28Z,96.0,Sense 2
2025-07-27T08:07:33Z,98.0,Sense 2
2025-07-27T08:07:43Z,97.0,Sense 2
2025-07-27T08:07:48Z,96.0,Sense 2
2025-07-27T08:08:03Z,96.0,Sense 2
2025-07-27T08:08:08Z,98.0,Sense 2
2025-07-27T08:08:13Z,98.0,Sense 2
2025-07-27T08:08:18Z,100.0,Sense 2
2025-07-27T08:08:23Z,95.0,Sense 2
2025-07-27T08:08:28Z,94.0,Sense 2
2025-07-27T08:08:33Z,95.0,Sense 2
2025-07-27T08:08:48Z,93.0,Sense 2
2025-07-27T08:08:53Z,89.0,Sense 2
2025-07-27T08:08:58Z,89.0,Sense 2
2025-07-27T08:09:03Z,88.0,Sense 2
2025-07-27T08:09:08Z,87.0,Sense 2
2025-07-27T08:09:13Z,88.0,Sense 2
2025-07-27T08:09:18Z,92.0,Sense 2
2025-07-27T08:09:23Z,95.0,Sense 2
2025-07-27T08:09:28Z,94.0,Sense 2
2025-07-27T08:09:33Z,96.0,Sense 2
2025-07-27T08:09:38Z,98.0,Sense 2
2025-07-27T08:09:43Z,95.0,Sense 2
2025-07-27T08:09:58Z,97.0,Sense 2
2025-07-27T08:10:03Z,95.0,Sense 2
2025-07-27T08:10:08Z,95.0,Sense 2
2025-07-27T08:10:18Z,94.0,Sense 2
2025-07-27T08:10:23Z,95.0,Sense 2
2025-07-27T08:10:28Z,96.0,Sense 2
2025-07-27T08:10:33Z,96.0,Sense 2
2025-07-27T08:10:38Z,97.0,Sense 2
2025-07-27T08:10:43Z,96.0,Sense 2
2025-07-27T08:10:48Z,95.0,Sense 2
2025-07-27T08:10:53Z,96.0,Sense 2
2025-07-27T08:10:58Z,96.0,Sense 2
2025-07-27T08:11:03Z,97.0,Sense 2
2025-07-27T08:11:08Z,96.0,Sense 2
2025-07-27T08:11:13Z,95.0,Sense 2
2025-07-27T08:11:28Z,95.0,Sense 2
2025-07-27T08:11:33Z,94.0,Sense 2
2025-07-27T08:11:43Z,96.0,Sense 2
2025-07-27T08:11:48Z,97.0,Sense 2
2025-07-27T08:12:03Z,95.0,Sense 2
2025-07-27T08:12:08Z,93.0,Sense 2
2025-07-27T08:12:18Z,94.0,Sense 2
2025-07-27T08:12:23Z,95.0,Sense 2
2025-07-27T08:12:38Z,95.0,Sense 2
2025-07-27T08:12:43Z,99.0,Sense 2
2025-07-27T08:12:48Z,100.0,Sense 2
2025-07-27T08:12:58Z,99.0,Sense 2
2025-07-27T08:13:08Z,98.0,Sense 2
2025-07-27T08:13:18Z,97.0,Sense 2
2025-07-27T08:13:23Z,97.0,Sense 2
2025-07-27T08:13:28Z,98.0,Sense 2
2025-07-27T08:13:38Z,99.0,Sense 2
2025-07-27T08:13:43Z,101.0,Sense 2
2025-07-27T08:13:53Z,102.0,Sense 2
2025-07-27T08:13:58Z,103.0,Sense 2
2025-07-27T08:14:13Z,102.0,Sense 2
2025-07-27T08:14:18Z,101.0,Sense 2
2025-07-27T08:14:28Z,103.0,Sense 2
2025-07-27T08:14:33Z,99.0,Sense 2
2025-07-27T08:14:38Z,101.0,Sense 2
2025-07-27T08:14:48Z,103.0,Sense 2
2025-07-27T08:14:58Z,105.0,Sense 2
2025-07-27T08:15:03Z,104.0,Sense 2
2025-07-27T08:15:08Z,102.0,Sense 2
2025-07-27T08:15:13Z,101.0,Sense 2
2025-07-27T08:15:18Z,103.0,Sense 2
2025-07-27T08:15:23Z,100.0,Sense 2
2025-07-27T08:15:28Z,103.0,Sense 2
2025-07-27T08:15:33Z,104.0,Sense 2
2025-07-27T08:15:38Z,106.0,Sense 2
2025-07-27T08:15:48Z,107.0,Sense 2
2025-07-27T08:15:53Z,106.0,Sense 2
2025-07-27T08:15:58Z,109.0,Sense 2
2025-07-27T08:16:03Z,110.0,Sense 2
2025-07-27T08:16:13Z,109.0,Sense 2
2025-07-27T08:16:18Z,110.0,Sense 2
2025-07-27T08:16:28Z,109.0,Sense 2
2025-07-27T08:16:38Z,105.0,Sense 2
2025-07-27T08:16:43Z,97.0,Sense 2
2025-07-27T08:16:48Z,96.0,Sense 2
2025-07-27T08:16:53Z,99.0,Sense 2
2025-07-27T08:17:03Z,97.0,Sense 2
2025-07-27T08:17:08Z,95.0,Sense 2
2025-07-27T08:17:13Z,94.0,Sense 2
2025-07-27T08:17:18Z,93.0,Sense 2
2025-07-27T08:59:17Z,92.0,Sense 2
2025-07-27T08:59:27Z,90.0,Sense 2
2025-07-27T08:59:32Z,86.0,Sense 2
2025-07-27T08:59:37Z,85.0,Sense 2
2025-07-27T08:59:47Z,84.0,Sense 2
2025-07-27T08:59:52Z,79.0,Sense 2
2025-07-27T08:59:57Z,80.0,Sense 2
2025-07-27T09:00:02Z,79.0,Sense 2
2025-07-27T09:00:12Z,75.0,Sense 2
2025-07-27T09:00:17Z,73.0,Sense 2
2025-07-27T09:00:27Z,79.0,Sense 2
2025-07-27T09:00:32Z,77.0,Sense 2
2025-07-27T09:00:37Z,72.0,Sense 2
2025-07-27T09:00:42Z,71.0,Sense 2
2025-07-27T09:00:52Z,70.0,Sense 2
2025-07-27T09:01:02Z,71.0,Sense 2
2025-07-27T09:01:07Z,70.0,Sense 2
2025-07-27T09:01:12Z,71.0,Sense 2
2025-07-27T09:01:22Z,70.0,Sense 2
2025-07-27T09:01:32Z,69.0,Sense 2
2025-07-27T10:58:25Z,71.0,Sense 2
2025-07-27T10:58:35Z,73.0,Sense 2
2025-07-27T10:58:40Z,72.0,Sense 2
2025-07-27T10:58:45Z,82.0,Sense 2
2025-07-27T10:58:50Z,75.0,Sense 2
2025-07-27T10:58:55Z,76.0,Sense 2
2025-07-27T10:59:00Z,74.0,Sense 2
2025-07-27T10:59:10Z,75.0,Sense 2
2025-07-27T10:59:15Z,77.0,Sense 2
2025-07-27T10:59:20Z,79.0,Sense 2
2025-07-27T10:59:30Z,80.0,Sense 2
2025-07-27T10:59:35Z,85.0,Sense 2
2025-07-27T10:59:40Z,86.0,Sense 2
2025-07-27T10:59:50Z,88.0,Sense 2
2025-07-27T10:59:55Z,87.0,Sense 2
2025-07-27T11:00:00Z,89.0,Sense 2
2025-07-27T11:00:05Z,89.0,Sense 2
2025-07-27T11:00:10Z,93.0,Sense 2
2025-07-27T11:00:15Z,97.0,Sense 2
2025-07-27T11:00:20Z,95.0,Sense 2
2025-07-27T11:00:25Z,94.0,Sense 2
2025-07-27T11:00:30Z,93.0,Sense 2
2025-07-27T11:00:35Z,91.0,Sense 2
2025-07-27T11:00:40Z,87.0,Sense 2
2025-07-27T11:00:45Z,88.0,Sense 2
2025-07-27T11:00:50Z,89.0,Sense 2
2025-07-27T11:00:55Z,89.0,Sense 2
2025-07-27T11:01:10Z,89.0,Sense 2
2025-07-27T11:01:15Z,87.0,Sense 2
2025-07-27T11:01:20Z,86.0,Sense 2
2025-07-27T11:01:30Z,85.0,Sense 2
2025-07-27T11:01:35Z,84.0,Sense 2
2025-07-27T11:01:40Z,83.0,Sense 2
2025-07-27T11:01:45Z,84.0,Sense 2
2025-07-27T11:01:50Z,88.0,Sense 2
2025-07-27T11:01:55Z,89.0,Sense 2
2025-07-27T11:02:00Z,93.0,Sense 2
2025-07-27T11:02:10Z,91.0,Sense 2
2025-07-27T11:02:15Z,90.0,Sense 2
2025-07-27T11:02:20Z,91.0,Sense 2
2025-07-27T11:02:30Z,90.0,Sense 2
2025-07-27T11:02:40Z,91.0,Sense 2
2025-07-27T11:02:45Z,90.0,Sense 2
2025-07-27T11:02:50Z,91.0,Sense 2
2025-07-27T11:02:55Z,93.0,Sense 2
2025-07-27T11:03:00Z,93.0,Sense 2
2025-07-27T11:03:05Z,90.0,Sense 2
2025-07-27T11:03:10Z,89.0,Sense 2
2025-07-27T11:03:20Z,88.0,Sense 2
2025-07-27T11:03:25Z,87.0,Sense 2
2025-07-27T11:03:36Z,87.0,Sense 2
2025-07-27T11:03:41Z,89.0,Sense 2
2025-07-27T11:03:46Z,94.0,Sense 2
2025-07-27T11:04:01Z,95.0,Sense 2
2025-07-27T11:04:16Z,95.0,Sense 2
2025-07-27T11:04:21Z,95.0,Sense 2
2025-07-27T11:04:26Z,96.0,Sense 2
2025-07-27T11:04:31Z,95.0,Sense 2
2025-07-27T11:04:36Z,90.0,Sense 2
2025-07-27T11:04:41Z,88.0,Sense 2
2025-07-27T11:04:46Z,86.0,Sense 2
2025-07-27T11:04:51Z,87.0,Sense 2
2025-07-27T11:04:56Z,88.0,Sense 2
2025-07-27T11:05:01Z,89.0,Sense 2
2025-07-27T11:05:06Z,91.0,Sense 2
2025-07-27T11:05:11Z,89.0,Sense 2
2025-07-27T11:05:16Z,87.0,Sense 2
2025-07-27T11:05:21Z,86.0,Sense 2
2025-07-27T11:05:26Z,87.0,Sense 2
2025-07-27T11:05:36Z,86.0,Sense 2
2025-07-27T11:05:51Z,86.0,Sense 2
2025-07-27T11:05:56Z,87.0,Sense 2
2025-07-27T11:06:06Z,88.0,Sense 2
2025-07-27T11:06:11Z,89.0,Sense 2
2025-07-27T11:06:26Z,89.0,Sense 2
2025-07-27T11:06:31Z,88.0,Sense 2
2025-07-27T11:06:46Z,88.0,Sense 2
2025-07-27T11:06:51Z,89.0,Sense 2
2025-07-27T11:07:01Z,88.0,Sense 2
2025-07-27T11:07:11Z,88.0,Sense 2
2025-07-27T11:07:16Z,88.0,Sense 2
2025-07-27T11:07:31Z,89.0,Sense 2
2025-07-27T11:07:36Z,90.0,Sense 2
2025-07-27T11:07:41Z,92.0,Sense 2
2025-07-27T11:07:51Z,92.0,Sense 2
2025-07-27T11:07:56Z,93.0,Sense 2
2025-07-27T11:08:01Z,92.0,Sense 2
2025-07-27T11:08:06Z,91.0,Sense 2
2025-07-27T11:08:16Z,88.0,Sense 2
2025-07-27T11:08:21Z,86.0,Sense 2
2025-07-27T11:08:26Z,88.0,Sense 2
2025-07-27T11:08:31Z,88.0,Sense 2
2025-07-27T11:08:36Z,86.0,Sense 2
2025-07-27T11:08:41Z,85.0,Sense 2
2025-07-27T11:08:46Z,86.0,Sense 2
2025-07-27T11:08:51Z,89.0,Sense 2
2025-07-27T11:08:56Z,90.0,Sense 2
2025-07-27T11:09:01Z,92.0,Sense 2
2025-07-27T11:09:06Z,93.0,Sense 2
2025-07-27T11:09:11Z,92.0,Sense 2
2025-07-27T11:09:16Z,91.0,Sense 2
2025-07-27T11:09:21Z,93.0,Sense 2
2025-07-27T11:09:26Z,93.0,Sense 2
2025-07-27T11:09:31Z,92.0,Sense 2
2025-07-27T11:09:36Z,91.0,Sense 2
2025-07-27T11:09:51Z,90.0,Sense 2
2025-07-27T11:09:56Z,89.0,Sense 2
2025-07-27T11:10:01Z,88.0,Sense 2
2025-07-27T11:10:11Z,89.0,Sense 2
2025-07-27T11:10:21Z,89.0,Sense 2
2025-07-27T11:10:26Z,91.0,Sense 2
2025-07-27T11:10:31Z,89.0,Sense 2
2025-07-27T11:10:36Z,92.0,Sense 2
2025-07-27T11:10:41Z,90.0,Sense 2
2025-07-27T11:10:46Z,91.0,Sense 2
2025-07-27T11:10:51Z,90.0,Sense 2
2025-07-27T11:11:01Z,88.0,Sense 2
2025-07-27T11:11:06Z,86.0,Sense 2
2025-07-27T11:11:11Z,85.0,Sense 2
2025-07-27T11:11:21Z,84.0,Sense 2
2025-07-27T11:11:36Z,84.0,Sense 2
2025-07-27T11:11:41Z,85.0,Sense 2
2025-07-27T11:11:56Z,85.0,Sense 2
2025-07-27T11:12:06Z,84.0,Sense 2
2025-07-27T11:12:16Z,85.0,Sense 2
2025-07-27T11:12:26Z,84.0,Sense 2
2025-07-27T11:12:31Z,83.0,Sense 2
2025-07-27T11:12:46Z,82.0,Sense 2
2025-07-27T11:12:51Z,83.0,Sense 2
2025-07-27T11:12:56Z,85.0,Sense 2
2025-07-27T11:13:01Z,86.0,Sense 2
2025-07-27T11:13:07Z,86.0,Sense 2
2025-07-27T11:13:12Z,87.0,Sense 2
2025-07-27T11:13:22Z,86.0,Sense 2
2025-07-27T11:13:37Z,86.0,Sense 2
2025-07-27T11:13:42Z,89.0,Sense 2
2025-07-27T11:13:47Z,88.0,Sense 2
2025-07-27T11:13:57Z,92.0,Sense 2
2025-07-27T11:14:02Z,96.0,Sense 2
2025-07-27T11:14:12Z,91.0,Sense 2
2025-07-27T11:14:17Z,93.0,Sense 2
2025-07-27T11:14:22Z,90.0,Sense 2
2025-07-27T11:14:27Z,88.0,Sense 2
2025-07-27T11:14:32Z,85.0,Sense 2
2025-07-27T11:14:37Z,83.0,Sense 2
2025-07-27T11:14:42Z,82.0,Sense 2
2025-07-27T11:14:52Z,83.0,Sense 2
2025-07-27T11:14:57Z,85.0,Sense 2
2025-07-27T11:15:02Z,86.0,Sense 2
2025-07-27T11:15:07Z,89.0,Sense 2
2025-07-27T11:15:17Z,91.0,Sense 2
2025-07-27T11:15:22Z,89.0,Sense 2
2025-07-27T11:15:27Z,91.0,Sense 2
2025-07-27T11:15:32Z,89.0,Sense 2
2025-07-27T11:15:37Z,86.0,Sense 2
2025-07-27T11:15:42Z,85.0,Sense 2
2025-07-27T11:15:52Z,85.0,Sense 2
2025-07-27T11:15:57Z,87.0,Sense 2
2025-07-27T11:16:02Z,87.0,Sense 2
2025-07-27T11:16:07Z,86.0,Sense 2
2025-07-27T11:16:12Z,84.0,Sense 2
2025-07-27T11:16:17Z,83.0,Sense 2
2025-07-27T11:16:22Z,82.0,Sense 2
2025-07-27T11:16:37Z,81.0,Sense 2
2025-07-27T11:16:47Z,81.0,Sense 2
2025-07-27T11:16:52Z,80.0,Sense 2
2025-07-27T11:16:57Z,82.0,Sense 2
2025-07-27T11:17:02Z,82.0,Sense 2
2025-07-27T11:17:12Z,82.0,Sense 2
2025-07-27T11:17:17Z,83.0,Sense 2
2025-07-27T11:17:22Z,85.0,Sense 2
2025-07-27T11:17:27Z,84.0,Sense 2
2025-07-27T11:17:32Z,83.0,Sense 2
2025-07-27T11:17:37Z,83.0,Sense 2
2025-07-27T11:17:42Z,83.0,Sense 2
2025-07-27T11:17:52Z,84.0,Sense 2
2025-07-27T11:18:02Z,80.0,Sense 2
2025-07-27T11:18:07Z,78.0,Sense 2
2025-07-27T11:18:17Z,80.0,Sense 2
2025-07-27T11:18:22Z,83.0,Sense 2
2025-07-27T11:18:27Z,84.0,Sense 2
2025-07-27T11:18:32Z,83.0,Sense 2
2025-07-27T11:18:37Z,84.0,Sense 2
2025-07-27T11:18:42Z,82.0,Sense 2
2025-07-27T11:18:57Z,82.0,Sense 2
2025-07-27T11:19:02Z,83.0,Sense 2
2025-07-27T11:19:07Z,80.0,Sense 2
2025-07-27T11:19:12Z,79.0,Sense 2
2025-07-27T11:19:17Z,80.0,Sense 2
2025-07-27T11:19:22Z,82.0,Sense 2
2025-07-27T11:19:32Z,80.0,Sense 2
2025-07-27T11:19:37Z,77.0,Sense 2
2025-07-27T11:19:42Z,77.0,Sense 2
2025-07-27T11:19:57Z,78.0,Sense 2
2025-07-27T11:20:02Z,79.0,Sense 2
2025-07-27T11:20:07Z,80.0,Sense 2
2025-07-27T11:20:12Z,81.0,Sense 2
2025-07-27T11:20:22Z,82.0,Sense 2
2025-07-27T11:20:27Z,82.0,Sense 2
2025-07-27T11:20:32Z,83.0,Sense 2
2025-07-27T11:20:37Z,84.0,Sense 2
2025-07-27T11:20:42Z,84.0,Sense 2
2025-07-27T11:20:57Z,84.0,Sense 2
2025-07-27T11:21:07Z,85.0,Sense 2
2025-07-27T11:21:17Z,87.0,Sense 2
2025-07-27T11:21:22Z,84.0,Sense 2
2025-07-27T11:21:27Z,83.0,Sense 2
2025-07-27T11:21:32Z,79.0,Sense 2
2025-07-27T11:21:37Z,79.0,Sense 2
2025-07-27T11:21:42Z,80.0,Sense 2
2025-07-27T11:21:52Z,82.0,Sense 2
2025-07-27T11:21:57Z,84.0,Sense 2
2025-07-27T11:22:02Z,83.0,Sense 2
2025-07-27T11:22:07Z,81.0,Sense 2
2025-07-27T11:22:12Z,80.0,Sense 2
2025-07-27T11:22:27Z,80.0,Sense 2
2025-07-27T11:22:37Z,81.0,Sense 2
2025-07-27T11:22:42Z,83.0,Sense 2
2025-07-27T11:22:52Z,82.0,Sense 2
2025-07-27T11:22:57Z,80.0,Sense 2
2025-07-27T11:23:02Z,80.0,Sense 2
2025-07-27T11:23:17Z,80.0,Sense 2
2025-07-27T11:23:22Z,81.0,Sense 2
2025-07-27T11:23:27Z,82.0,Sense 2
2025-07-27T11:23:32Z,79.0,Sense 2
2025-07-27T11:23:47Z,79.0,Sense 2
2025-07-27T11:23:52Z,79.0,Sense 2
2025-07-27T11:23:57Z,78.0,Sense 2
2025-07-27T11:24:02Z,77.0,Sense 2
2025-07-27T11:24:07Z,80.0,Sense 2
2025-07-27T11:24:12Z,82.0,Sense 2
2025-07-27T11:24:17Z,83.0,Sense 2
2025-07-27T11:24:22Z,84.0,Sense 2
2025-07-27T11:24:27Z,83.0,Sense 2
2025-07-27T11:24:32Z,82.0,Sense 2
2025-07-27T11:24:37Z,84.0,Sense 2
2025-07-27T11:24:42Z,83.0,Sense 2
2025-07-27T11:24:47Z,80.0,Sense 2
2025-07-27T11:24:57Z,82.0,Sense 2
2025-07-27T11:25:02Z,84.0,Sense 2
2025-07-27T11:25:07Z,85.0,Sense 2
2025-07-27T11:25:22Z,85.0,Sense 2
2025-07-27T11:25:27Z,85.0,Sense 2
2025-07-27T11:25:32Z,84.0,Sense 2
2025-07-27T11:25:37Z,83.0,Sense 2
2025-07-27T11:25:52Z,83.0,Sense 2
2025-07-27T11:25:57Z,84.0,Sense 2
2025-07-27T11:26:12Z,85.0,Sense 2
2025-07-27T11:26:17Z,85.0,Sense 2
2025-07-27T11:26:22Z,84.0,Sense 2
2025-07-27T11:26:37Z,84.0,Sense 2
2025-07-27T11:26:42Z,85.0,Sense 2
2025-07-27T11:26:52Z,88.0,Sense 2
2025-07-27T11:27:02Z,87.0,Sense 2
2025-07-27T11:27:08Z,86.0,Sense 2
2025-07-27T11:27:18Z,85.0,Sense 2
2025-07-27T11:27:33Z,85.0,Sense 2
2025-07-27T11:27:38Z,86.0,Sense 2
2025-07-27T11:27:48Z,88.0,Sense 2
2025-07-27T11:27:53Z,89.0,Sense 2
2025-07-27T11:27:58Z,88.0,Sense 2
2025-07-27T11:28:03Z,88.0,Sense 2
2025-07-27T11:28:07Z,88.0,Sense 2
2025-07-27T11:28:12Z,90.0,Sense 2
2025-07-27T11:28:17Z,92.0,Sense 2
2025-07-27T11:28:27Z,89.0,Sense 2
2025-07-27T11:28:32Z,89.0,Sense 2
2025-07-27T11:28:42Z,88.0,Sense 2
2025-07-27T11:28:52Z,87.0,Sense 2
2025-07-27T11:28:57Z,88.0,Sense 2
2025-07-27T11:29:02Z,89.0,Sense 2
2025-07-27T11:29:07Z,88.0,Sense 2
2025-07-27T11:29:12Z,86.0,Sense 2
2025-07-27T11:29:17Z,86.0,Sense 2
2025-07-27T11:29:32Z,89.0,Sense 2
2025-07-27T11:29:37Z,91.0,Sense 2
2025-07-27T11:29:42Z,90.0,Sense 2
2025-07-27T11:29:47Z,88.0,Sense 2
2025-07-27T11:29:52Z,85.0,Sense 2
2025-07-27T11:29:57Z,83.0,Sense 2
2025-07-27T11:30:02Z,82.0,Sense 2
2025-07-27T11:30:07Z,85.0,Sense 2
2025-07-27T11:30:17Z,87.0,Sense 2
2025-07-27T11:30:27Z,86.0,Sense 2
2025-07-27T11:30:32Z,86.0,Sense 2
2025-07-27T11:30:42Z,88.0,Sense 2
2025-07-27T11:30:47Z,89.0,Sense 2
2025-07-27T11:30:52Z,90.0,Sense 2
2025-07-27T11:30:57Z,91.0,Sense 2
2025-07-27T11:31:02Z,89.0,Sense 2
2025-07-27T11:31:07Z,88.0,Sense 2
2025-07-27T11:31:12Z,87.0,Sense 2
2025-07-27T11:31:17Z,88.0,Sense 2
2025-07-27T11:31:22Z,89.0,Sense 2
2025-07-27T11:31:27Z,90.0,Sense 2
2025-07-27T11:31:37Z,89.0,Sense 2
2025-07-27T11:31:42Z,89.0,Sense 2
2025-07-27T11:31:47Z,89.0,Sense 2
2025-07-27T11:32:02Z,89.0,Sense 2
2025-07-27T11:32:07Z,87.0,Sense 2
2025-07-27T11:32:12Z,85.0,Sense 2
2025-07-27T11:32:27Z,85.0,Sense 2
2025-07-27T11:32:32Z,85.0,Sense 2
2025-07-27T11:32:42Z,86.0,Sense 2
2025-07-27T11:32:57Z,86.0,Sense 2
2025-07-27T11:33:07Z,88.0,Sense 2
2025-07-27T11:33:12Z,89.0,Sense 2
2025-07-27T11:33:27Z,88.0,Sense 2
2025-07-27T11:33:32Z,88.0,Sense 2
2025-07-27T11:33:42Z,87.0,Sense 2
2025-07-27T11:33:47Z,88.0,Sense 2
2025-07-27T11:33:52Z,87.0,Sense 2
2025-07-27T11:33:57Z,88.0,Sense 2
2025-07-27T11:34:07Z,87.0,Sense 2
2025-07-27T11:34:22Z,88.0,Sense 2
2025-07-27T11:34:27Z,90.0,Sense 2
2025-07-27T11:34:32Z,90.0,Sense 2
2025-07-27T11:34:37Z,90.0,Sense 2
2025-07-27T11:34:42Z,90.0,Sense 2
2025-07-27T11:34:47Z,89.0,Sense 2
2025-07-27T11:35:02Z,89.0,Sense 2
2025-07-27T11:35:07Z,88.0,Sense 2
2025-07-27T11:35:12Z,87.0,Sense 2
2025-07-27T11:35:17Z,85.0,Sense 2
2025-07-27T11:35:27Z,86.0,Sense 2
2025-07-27T11:35:32Z,87.0,Sense 2
2025-07-27T11:35:37Z,88.0,Sense 2
2025-07-27T11:35:42Z,89.0,Sense 2
2025-07-27T11:35:52Z,88.0,Sense 2
2025-07-27T11:36:02Z,86.0,Sense 2
2025-07-27T11:36:07Z,85.0,Sense 2
2025-07-27T11:36:12Z,86.0,Sense 2
2025-07-27T11:36:17Z,87.0,Sense 2
2025-07-27T11:36:22Z,86.0,Sense 2
2025-07-27T11:36:27Z,85.0,Sense 2
2025-07-27T11:36:32Z,84.0,Sense 2
2025-07-27T11:36:47Z,84.0,Sense 2
2025-07-27T11:37:02Z,86.0,Sense 2
2025-07-27T11:37:07Z,89.0,Sense 2
2025-07-27T11:37:12Z,91.0,Sense 2
2025-07-27T11:37:17Z,90.0,Sense 2
2025-07-27T11:37:22Z,88.0,Sense 2
2025-07-27T11:37:37Z,90.0,Sense 2
2025-07-27T11:37:42Z,91.0,Sense 2
2025-07-27T11:37:47Z,89.0,Sense 2
2025-07-27T11:37:52Z,88.0,Sense 2
2025-07-27T11:38:02Z,87.0,Sense 2
2025-07-27T11:38:17Z,92.0,Sense 2
2025-07-27T11:38:32Z,91.0,Sense 2
2025-07-27T11:38:37Z,87.0,Sense 2
2025-07-27T11:38:42Z,86.0,Sense 2
2025-07-27T11:38:57Z,87.0,Sense 2
2025-07-27T11:39:07Z,85.0,Sense 2
2025-07-27T11:39:22Z,87.0,Sense 2
2025-07-27T11:39:27Z,88.0,Sense 2
2025-07-27T11:39:32Z,87.0,Sense 2
2025-07-27T11:39:37Z,86.0,Sense 2
2025-07-27T11:39:47Z,86.0,Sense 2
2025-07-27T11:39:52Z,87.0,Sense 2
2025-07-27T11:40:07Z,87.0,Sense 2
2025-07-27T11:40:17Z,86.0,Sense 2
2025-07-27T11:40:32Z,86.0,Sense 2
2025-07-27T11:40:42Z,88.0,Sense 2
2025-07-27T11:40:47Z,89.0,Sense 2
2025-07-27T11:40:57Z,90.0,Sense 2
2025-07-27T11:41:02Z,91.0,Sense 2
2025-07-27T11:41:07Z,90.0,Sense 2
2025-07-27T11:41:12Z,91.0,Sense 2
2025-07-27T11:41:17Z,90.0,Sense 2
2025-07-27T11:41:22Z,88.0,Sense 2
2025-07-27T11:41:27Z,88.0,Sense 2
2025-07-27T11:41:32Z,86.0,Sense 2
2025-07-27T11:41:37Z,88.0,Sense 2
2025-07-27T11:41:42Z,90.0,Sense 2
2025-07-27T11:41:52Z,92.0,Sense 2
2025-07-27T11:42:02Z,93.0,Sense 2
2025-07-27T11:42:17Z,96.0,Sense 2
2025-07-27T11:42:22Z,97.0,Sense 2
2025-07-27T11:42:27Z,102.0,Sense 2
2025-07-27T11:42:32Z,103.0,Sense 2
2025-07-27T11:42:37Z,101.0,Sense 2
2025-07-27T11:42:42Z,102.0,Sense 2
2025-07-27T11:42:47Z,97.0,Sense 2
2025-07-27T11:42:52Z,92.0,Sense 2
2025-07-27T11:42:57Z,93.0,Sense 2
2025-07-27T11:43:02Z,91.0,Sense 2
2025-07-27T11:43:07Z,90.0,Sense 2
2025-07-27T11:43:12Z,91.0,Sense 2
2025-07-27T11:43:17Z,93.0,Sense 2
2025-07-27T11:43:21Z,94.0,Sense 2
2025-07-27T11:43:36Z,93.0,Sense 2
2025-07-27T11:43:41Z,91.0,Sense 2
2025-07-27T11:43:46Z,90.0,Sense 2
2025-07-27T11:43:56Z,89.0,Sense 2
2025-07-27T11:44:01Z,93.0,Sense 2
2025-07-27T11:44:06Z,92.0,Sense 2
2025-07-27T11:44:11Z,93.0,Sense 2
2025-07-27T11:44:16Z,95.0,Sense 2
2025-07-27T11:44:21Z,96.0,Sense 2
2025-07-27T11:44:26Z,97.0,Sense 2
2025-07-27T11:44:36Z,96.0,Sense 2
2025-07-27T11:44:41Z,95.0,Sense 2
2025-07-27T11:44:51Z,94.0,Sense 2
2025-07-27T11:45:06Z,93.0,Sense 2
2025-07-27T11:45:11Z,92.0,Sense 2
2025-07-27T11:45:26Z,92.0,Sense 2
2025-07-27T11:45:31Z,93.0,Sense 2
2025-07-27T11:45:36Z,92.0,Sense 2
2025-07-27T11:45:41Z,93.0,Sense 2
2025-07-27T11:45:46Z,94.0,Sense 2
2025-07-27T11:45:51Z,95.0,Sense 2
2025-07-27T11:45:56Z,94.0,Sense 2
2025-07-27T11:46:01Z,93.0,Sense 2
2025-07-27T11:46:06Z,95.0,Sense 2
2025-07-27T11:46:16Z,97.0,Sense 2
2025-07-27T11:46:21Z,96.0,Sense 2
2025-07-27T11:46:26Z,95.0,Sense 2
2025-07-27T11:46:31Z,91.0,Sense 2
2025-07-27T11:46:41Z,92.0,Sense 2
2025-07-27T11:46:46Z,93.0,Sense 2
2025-07-27T11:46:56Z,91.0,Sense 2
2025-07-27T11:47:01Z,91.0,Sense 2
2025-07-27T11:47:06Z,92.0,Sense 2
2025-07-27T11:47:16Z,94.0,Sense 2
2025-07-27T11:47:26Z,93.0,Sense 2
2025-07-27T11:47:31Z,92.0,Sense 2
2025-07-27T11:47:36Z,90.0,Sense 2
2025-07-27T11:47:41Z,91.0,Sense 2
2025-07-27T11:47:46Z,89.0,Sense 2
2025-07-27T11:47:51Z,90.0,Sense 2
2025-07-27T11:47:56Z,93.0,Sense 2
2025-07-27T11:48:01Z,95.0,Sense 2
2025-07-27T11:48:06Z,97.0,Sense 2
2025-07-27T11:48:21Z,95.0,Sense 2
2025-07-27T11:48:26Z,94.0,Sense 2
2025-07-27T11:48:31Z,93.0,Sense 2
2025-07-27T11:48:46Z,91.0,Sense 2
2025-07-27T11:49:01Z,92.0,Sense 2
2025-07-27T11:49:06Z,96.0,Sense 2
2025-07-27T11:49:11Z,97.0,Sense 2
2025-07-27T11:49:16Z,96.0,Sense 2
2025-07-27T11:49:26Z,94.0,Sense 2
2025-07-27T11:49:31Z,95.0,Sense 2
2025-07-27T11:49:36Z,95.0,Sense 2
2025-07-27T11:49:41Z,96.0,Sense 2
2025-07-27T11:49:56Z,97.0,Sense 2
2025-07-27T11:50:01Z,98.0,Sense 2
2025-07-27T11:50:06Z,98.0,Sense 2
2025-07-27T11:50:11Z,96.0,Sense 2
2025-07-27T11:50:16Z,93.0,Sense 2
2025-07-27T11:50:21Z,92.0,Sense 2
2025-07-27T11:50:26Z,91.0,Sense 2
2025-07-27T11:50:31Z,91.0,Sense 2
2025-07-27T11:50:36Z,92.0,Sense 2
2025-07-27T11:50:41Z,93.0,Sense 2
2025-07-27T11:50:46Z,89.0,Sense 2
2025-07-27T11:50:51Z,84.0,Sense 2
2025-07-27T11:50:56Z,87.0,Sense 2
2025-07-27T11:51:01Z,91.0,Sense 2
2025-07-27T11:51:06Z,91.0,Sense 2
2025-07-27T11:51:21Z,91.0,Sense 2
2025-07-27T11:51:36Z,89.0,Sense 2
2025-07-27T11:51:46Z,93.0,Sense 2
2025-07-27T11:51:51Z,95.0,Sense 2
2025-07-27T11:51:56Z,93.0,Sense 2
2025-07-27T11:52:01Z,91.0,Sense 2
2025-07-27T11:52:11Z,90.0,Sense 2
2025-07-27T11:52:16Z,88.0,Sense 2
2025-07-27T11:52:21Z,87.0,Sense 2
2025-07-27T11:52:26Z,88.0,Sense 2
2025-07-27T11:52:31Z,89.0,Sense 2
2025-07-27T11:52:36Z,90.0,Sense 2
2025-07-27T11:52:41Z,92.0,Sense 2
2025-07-27T11:52:46Z,94.0,Sense 2
2025-07-27T11:52:51Z,94.0,Sense 2
2025-07-27T11:52:56Z,91.0,Sense 2
2025-07-27T11:53:01Z,91.0,Sense 2
2025-07-27T11:53:06Z,90.0,Sense 2
2025-07-27T11:53:21Z,92.0,Sense 2
2025-07-27T11:53:26Z,93.0,Sense 2
2025-07-27T11:53:36Z,91.0,Sense 2
2025-07-27T11:53:41Z,92.0,Sense 2
2025-07-27T11:53:46Z,94.0,Sense 2
2025-07-27T11:53:56Z,95.0,Sense 2
2025-07-27T11:54:01Z,92.0,Sense 2
2025-07-27T11:54:16Z,94.0,Sense 2
2025-07-27T11:54:21Z,92.0,Sense 2
2025-07-27T11:54:26Z,90.0,Sense 2
2025-07-27T11:54:41Z,92.0,Sense 2
2025-07-27T11:54:46Z,95.0,Sense 2
2025-07-27T11:54:56Z,94.0,Sense 2
2025-07-27T11:55:06Z,95.0,Sense 2
2025-07-27T11:55:11Z,96.0,Sense 2
2025-07-27T11:55:16Z,95.0,Sense 2
2025-07-27T11:55:21Z,94.0,Sense 2
2025-07-27T11:55:26Z,96.0,Sense 2
2025-07-27T11:55:41Z,95.0,Sense 2
2025-07-27T11:55:46Z,93.0,Sense 2
2025-07-27T11:55:51Z,95.0,Sense 2
2025-07-27T11:55:56Z,96.0,Sense 2
2025-07-27T11:56:11Z,96.0,Sense 2
2025-07-27T11:56:21Z,94.0,Sense 2
2025-07-27T11:56:36Z,95.0,Sense 2
2025-07-27T11:56:41Z,96.0,Sense 2
2025-07-27T11:56:56Z,96.0,Sense 2
2025-07-27T11:57:06Z,97.0,Sense 2
2025-07-27T11:57:11Z,98.0,Sense 2
2025-07-27T11:57:16Z,97.0,Sense 2
2025-07-27T11:57:21Z,96.0,Sense 2
2025-07-27T11:57:26Z,97.0,Sense 2
2025-07-27T11:57:31Z,98.0,Sense 2
2025-07-27T11:57:41Z,97.0,Sense 2
2025-07-27T11:57:46Z,96.0,Sense 2
2025-07-27T11:57:51Z,94.0,Sense 2
2025-07-27T11:57:56Z,97.0,Sense 2
2025-07-27T11:58:01Z,96.0,Sense 2
2025-07-27T11:58:06Z,98.0,Sense 2
2025-07-27T11:58:11Z,97.0,Sense 2
2025-07-27T11:58:16Z,98.0,Sense 2
2025-07-27T11:58:26Z,97.0,Sense 2
2025-07-27T11:58:33Z,97.0,Sense 2
2025-07-27T11:58:38Z,95.0,Sense 2
2025-07-27T11:58:48Z,92.0,Sense 2
2025-07-27T11:58:53Z,93.0,Sense 2
2025-07-27T11:59:08Z,92.0,Sense 2
2025-07-27T11:59:13Z,94.0,Sense 2
2025-07-27T11:59:23Z,93.0,Sense 2
2025-07-27T11:59:33Z,94.0,Sense 2
2025-07-27T11:59:38Z,95.0,Sense 2
2025-07-27T11:59:43Z,97.0,Sense 2
2025-07-27T11:59:48Z,95.0,Sense 2
2025-07-27T11:59:53Z,96.0,Sense 2
2025-07-27T11:59:58Z,95.0,Sense 2
2025-07-27T12:00:03Z,93.0,Sense 2
2025-07-27T12:00:08Z,94.0,Sense 2
2025-07-27T12:00:23Z,96.0,Sense 2
2025-07-27T12:00:28Z,94.0,Sense 2
2025-07-27T12:00:33Z,97.0,Sense 2
2025-07-27T12:00:38Z,96.0,Sense 2
2025-07-27T12:00:43Z,95.0,Sense 2
2025-07-27T12:00:48Z,93.0,Sense 2
2025-07-27T12:00:53Z,91.0,Sense 2
2025-07-27T12:00:58Z,92.0,Sense 2
2025-07-27T12:01:03Z,93.0,Sense 2
2025-07-27T12:01:08Z,94.0,Sense 2
2025-07-27T12:01:18Z,95.0,Sense 2
2025-07-27T12:01:23Z,94.0,Sense 2
2025-07-27T12:01:28Z,93.0,Sense 2
2025-07-27T12:01:33Z,92.0,Sense 2
2025-07-27T12:01:43Z,91.0,Sense 2
2025-07-27T12:01:48Z,90.0,Sense 2
2025-07-27T12:01:53Z,91.0,Sense 2
2025-07-27T12:01:58Z,93.0,Sense 2
2025-07-27T12:02:08Z,92.0,Sense 2
2025-07-27T12:02:13Z,93.0,Sense 2
2025-07-27T12:02:23Z,94.0,Sense 2
2025-07-27T12:02:28Z,93.0,Sense 2
2025-07-27T12:02:33Z,94.0,Sense 2
2025-07-27T12:02:38Z,95.0,Sense 2
2025-07-27T12:02:43Z,94.0,Sense 2
2025-07-27T12:02:58Z,95.0,Sense 2
2025-07-27T12:03:03Z,96.0,Sense 2
2025-07-27T12:03:13Z,97.0,Sense 2
2025-07-27T12:03:18Z,96.0,Sense 2
2025-07-27T12:03:33Z,97.0,Sense 2
2025-07-27T12:03:38Z,95.0,Sense 2
2025-07-27T12:03:48Z,96.0,Sense 2
2025-07-27T12:03:58Z,95.0,Sense 2
2025-07-27T12:04:08Z,92.0,Sense 2
2025-07-27T12:04:13Z,94.0,Sense 2
2025-07-27T12:04:23Z,95.0,Sense 2
2025-07-27T12:04:28Z,96.0,Sense 2
2025-07-27T12:04:33Z,97.0,Sense 2
2025-07-27T12:04:43Z,96.0,Sense 2
2025-07-27T12:04:48Z,96.0,Sense 2
2025-07-27T12:04:58Z,95.0,Sense 2
2025-07-27T12:05:03Z,96.0,Sense 2
2025-07-27T12:05:08Z,94.0,Sense 2
2025-07-27T12:05:13Z,97.0,Sense 2
2025-07-27T12:05:18Z,98.0,Sense 2
2025-07-27T12:05:23Z,96.0,Sense 2
2025-07-27T12:05:28Z,97.0,Sense 2
2025-07-27T12:05:38Z,98.0,Sense 2
2025-07-27T12:05:53Z,98.0,Sense 2
2025-07-27T12:05:58Z,97.0,Sense 2
2025-07-27T12:06:03Z,101.0,Sense 2
2025-07-27T12:06:13Z,100.0,Sense 2
2025-07-27T12:06:23Z,102.0,Sense 2
2025-07-27T12:06:33Z,103.0,Sense 2
2025-07-27T12:06:43Z,104.0,Sense 2
2025-07-27T12:06:53Z,105.0,Sense 2
2025-07-27T12:06:58Z,103.0,Sense 2
2025-07-27T12:07:03Z,104.0,Sense 2
2025-07-27T12:07:08Z,102.0,Sense 2
2025-07-27T12:07:13Z,101.0,Sense 2
2025-07-27T12:07:18Z,102.0,Sense 2
2025-07-27T12:07:28Z,101.0,Sense 2
2025-07-27T12:07:33Z,100.0,Sense 2
2025-07-27T12:07:38Z,98.0,Sense 2
2025-07-27T12:07:43Z,100.0,Sense 2
2025-07-27T12:07:48Z,102.0,Sense 2
2025-07-27T12:07:53Z,105.0,Sense 2
2025-07-27T12:07:58Z,108.0,Sense 2
2025-07-27T12:08:03Z,109.0,Sense 2
2025-07-27T12:08:08Z,112.0,Sense 2
2025-07-27T12:08:13Z,108.0,Sense 2
2025-07-27T12:08:23Z,107.0,Sense 2
2025-07-27T12:08:28Z,112.0,Sense 2
2025-07-27T12:08:33Z,107.0,Sense 2
2025-07-27T12:08:38Z,109.0,Sense 2
2025-07-27T12:08:43Z,107.0,Sense 2
2025-07-27T12:08:48Z,110.0,Sense 2
2025-07-27T12:08:53Z,108.0,Sense 2
2025-07-27T12:08:58Z,106.0,Sense 2
2025-07-27T12:09:03Z,105.0,Sense 2
2025-07-27T12:09:08Z,101.0,Sense 2
2025-07-27T12:09:13Z,100.0,Sense 2
2025-07-27T12:09:23Z,101.0,Sense 2
2025-07-27T12:09:38Z,99.0,Sense 2
2025-07-27T12:09:53Z,98.0,Sense 2
2025-07-27T12:10:03Z,99.0,Sense 2
2025-07-27T12:10:08Z,95.0,Sense 2
2025-07-27T12:10:13Z,98.0,Sense 2
2025-07-27T12:10:18Z,97.0,Sense 2
2025-07-27T12:10:28Z,95.0,Sense 2
2025-07-27T12:10:33Z,97.0,Sense 2
2025-07-27T12:10:38Z,96.0,Sense 2
2025-07-27T12:10:43Z,92.0,Sense 2
2025-07-27T12:10:48Z,92.0,Sense 2
2025-07-27T12:10:53Z,94.0,Sense 2
2025-07-27T12:10:58Z,93.0,Sense 2
2025-07-27T12:11:03Z,95.0,Sense 2
2025-07-27T12:11:08Z,94.0,Sense 2
2025-07-27T12:11:13Z,96.0,Sense 2
2025-07-27T12:11:18Z,95.0,Sense 2
2025-07-27T12:11:23Z,96.0,Sense 2
2025-07-27T12:11:28Z,94.0,Sense 2
2025-07-27T12:11:43Z,96.0,Sense 2
2025-07-27T12:11:48Z,99.0,Sense 2
2025-07-27T12:11:53Z,98.0,Sense 2
2025-07-27T12:12:08Z,97.0,Sense 2
2025-07-27T12:12:13Z,98.0,Sense 2
2025-07-27T12:12:18Z,97.0,Sense 2
2025-07-27T12:12:28Z,95.0,Sense 2
2025-07-27T12:12:33Z,94.0,Sense 2
2025-07-27T12:12:38Z,95.0,Sense 2
2025-07-27T12:12:43Z,96.0,Sense 2
2025-07-27T12:12:48Z,92.0,Sense 2
2025-07-27T12:12:53Z,94.0,Sense 2
2025-07-27T12:12:58Z,91.0,Sense 2
2025-07-27T12:13:03Z,94.0,Sense 2
2025-07-27T12:13:18Z,92.0,Sense 2
2025-07-27T12:13:23Z,95.0,Sense 2
2025-07-27T12:13:28Z,93.0,Sense 2
2025-07-27T12:13:33Z,94.0,Sense 2
2025-07-27T12:13:38Z,95.0,Sense 2
2025-07-27T12:13:43Z,97.0,Sense 2
2025-07-27T12:13:48Z,100.0,Sense 2
2025-07-27T12:13:53Z,99.0,Sense 2
2025-07-27T12:14:03Z,100.0,Sense 2
2025-07-27T12:14:08Z,99.0,Sense 2
2025-07-27T12:14:13Z,98.0,Sense 2
2025-07-27T12:14:23Z,97.0,Sense 2
2025-07-27T12:14:28Z,99.0,Sense 2
2025-07-27T12:14:33Z,98.0,Sense 2
2025-07-27T12:14:38Z,100.0,Sense 2
2025-07-27T12:14:43Z,97.0,Sense 2
2025-07-27T12:14:48Z,98.0,Sense 2
2025-07-27T12:15:03Z,97.0,Sense 2
2025-07-27T12:15:08Z,98.0,Sense 2
2025-07-27T12:15:13Z,99.0,Sense 2
2025-07-27T12:15:23Z,98.0,Sense 2
2025-07-27T12:15:28Z,95.0,Sense 2
2025-07-27T12:15:33Z,97.0,Sense 2
2025-07-27T12:15:38Z,99.0,Sense 2
2025-07-27T12:15:43Z,98.0,Sense 2
2025-07-27T12:15:48Z,99.0,Sense 2
2025-07-27T12:16:03Z,98.0,Sense 2
2025-07-27T12:16:08Z,100.0,Sense 2
2025-07-27T12:16:13Z,99.0,Sense 2
2025-07-27T12:16:18Z,98.0,Sense 2
2025-07-27T12:16:23Z,99.0,Sense 2
2025-07-27T12:16:28Z,99.0,Sense 2
2025-07-27T12:16:33Z,96.0,Sense 2
2025-07-27T12:16:38Z,99.0,Sense 2
2025-07-27T12:16:43Z,100.0,Sense 2
2025-07-27T12:16:48Z,101.0,Sense 2
2025-07-27T12:16:53Z,100.0,Sense 2
2025-07-27T12:16:58Z,99.0,Sense 2
2025-07-27T12:17:03Z,98.0,Sense 2
2025-07-27T12:17:08Z,97.0,Sense 2
2025-07-27T12:17:13Z,96.0,Sense 2
2025-07-27T12:17:28Z,97.0,Sense 2
2025-07-27T12:17:33Z,98.0,Sense 2
2025-07-27T12:17:48Z,96.0,Sense 2
2025-07-27T12:17:53Z,97.0,Sense 2
2025-07-27T12:18:03Z,95.0,Sense 2
2025-07-27T12:18:08Z,96.0,Sense 2
2025-07-27T12:18:13Z,94.0,Sense 2
2025-07-27T12:18:18Z,92.0,Sense 2
2025-07-27T12:18:23Z,94.0,Sense 2
2025-07-27T12:18:28Z,97.0,Sense 2
2025-07-27T12:18:33Z,99.0,Sense 2
2025-07-27T12:18:43Z,101.0,Sense 2
2025-07-27T12:18:53Z,99.0,Sense 2
2025-07-27T12:18:58Z,100.0,Sense 2
2025-07-27T12:19:08Z,101.0,Sense 2
2025-07-27T12:19:13Z,103.0,Sense 2
2025-07-27T12:19:18Z,105.0,Sense 2
2025-07-27T12:19:23Z,106.0,Sense 2
2025-07-27T12:19:33Z,105.0,Sense 2
2025-07-27T12:19:38Z,104.0,Sense 2
2025-07-27T12:19:53Z,103.0,Sense 2
2025-07-27T12:20:03Z,102.0,Sense 2
2025-07-27T12:20:08Z,101.0,Sense 2
2025-07-27T12:20:18Z,100.0,Sense 2
2025-07-27T12:20:23Z,101.0,Sense 2
2025-07-27T12:20:33Z,102.0,Sense 2
2025-07-27T12:20:43Z,103.0,Sense 2
2025-07-27T12:20:48Z,102.0,Sense 2
2025-07-27T12:20:53Z,103.0,Sense 2
2025-07-27T12:20:58Z,102.0,Sense 2
2025-07-27T12:21:13Z,102.0,Sense 2
2025-07-27T12:21:18Z,104.0,Sense 2
2025-07-27T12:21:33Z,103.0,Sense 2
2025-07-27T12:21:38Z,102.0,Sense 2
2025-07-27T12:21:53Z,102.0,Sense 2
2025-07-27T12:21:58Z,103.0,Sense 2
2025-07-27T12:22:08Z,104.0,Sense 2
2025-07-27T12:22:13Z,105.0,Sense 2
2025-07-27T12:22:18Z,108.0,Sense 2
2025-07-27T12:22:23Z,111.0,Sense 2
2025-07-27T12:22:28Z,109.0,Sense 2
2025-07-27T12:22:33Z,108.0,Sense 2
2025-07-27T12:22:38Z,112.0,Sense 2
2025-07-27T12:22:43Z,114.0,Sense 2
2025-07-27T12:22:48Z,114.0,Sense 2
2025-07-27T12:22:53Z,115.0,Sense 2
2025-07-27T12:22:58Z,116.0,Sense 2
2025-07-27T12:23:03Z,115.0,Sense 2
2025-07-27T12:23:08Z,116.0,Sense 2
2025-07-27T12:23:18Z,115.0,Sense 2
2025-07-27T12:23:23Z,116.0,Sense 2
2025-07-27T12:23:38Z,114.0,Sense 2
2025-07-27T12:23:43Z,116.0,Sense 2
2025-07-27T12:23:48Z,117.0,Sense 2
2025-07-27T12:23:53Z,116.0,Sense 2
2025-07-27T12:23:58Z,117.0,Sense 2
2025-07-27T12:24:13Z,117.0,Sense 2
2025-07-27T12:24:18Z,116.0,Sense 2
2025-07-27T12:24:23Z,117.0,Sense 2
2025-07-27T12:24:38Z,118.0,Sense 2
2025-07-27T12:24:53Z,119.0,Sense 2
2025-07-27T12:25:03Z,120.0,Sense 2
2025-07-27T12:25:13Z,119.0,Sense 2
2025-07-27T12:25:18Z,120.0,Sense 2
2025-07-27T12:25:28Z,118.0,Sense 2
2025-07-27T12:25:33Z,116.0,Sense 2
2025-07-27T12:25:38Z,117.0,Sense 2
2025-07-27T12:25:48Z,118.0,Sense 2
2025-07-27T12:25:53Z,120.0,Sense 2
2025-07-27T12:25:58Z,119.0,Sense 2
2025-07-27T12:26:13Z,117.0,Sense 2
2025-07-27T12:26:18Z,115.0,Sense 2
2025-07-27T12:26:23Z,114.0,Sense 2
2025-07-27T12:26:28Z,116.0,Sense 2
2025-07-27T12:26:33Z,118.0,Sense 2
2025-07-27T12:26:38Z,115.0,Sense 2
2025-07-27T12:26:43Z,117.0,Sense 2
2025-07-27T12:26:48Z,118.0,Sense 2
2025-07-27T12:27:03Z,118.0,Sense 2
2025-07-27T12:27:13Z,116.0,Sense 2
2025-07-27T12:27:18Z,117.0,Sense 2
2025-07-27T12:27:23Z,119.0,Sense 2
2025-07-27T12:27:33Z,117.0,Sense 2
2025-07-27T12:27:38Z,116.0,Sense 2
2025-07-27T12:27:48Z,117.0,Sense 2
2025-07-27T12:27:53Z,118.0,Sense 2
2025-07-27T12:27:58Z,117.0,Sense 2
2025-07-27T12:28:03Z,119.0,Sense 2
2025-07-27T12:28:08Z,117.0,Sense 2
2025-07-27T12:28:13Z,111.0,Sense 2
2025-07-27T12:28:23Z,107.0,Sense 2
2025-07-27T12:28:28Z,106.0,Sense 2
2025-07-27T12:28:43Z,112.0,Sense 2
2025-07-27T12:28:47Z,110.0,Sense 2
2025-07-27T12:28:52Z,112.0,Sense 2
2025-07-27T12:29:02Z,110.0,Sense 2
2025-07-27T12:29:07Z,108.0,Sense 2
2025-07-27T12:29:17Z,109.0,Sense 2
2025-07-27T12:29:22Z,112.0,Sense 2
2025-07-27T12:29:27Z,109.0,Sense 2
2025-07-27T12:29:37Z,105.0,Sense 2
2025-07-27T12:29:38Z,103.0,Sense 2
2025-07-27T12:29:39Z,102.0,Sense 2
2025-07-27T12:29:41Z,105.0,Sense 2
2025-07-27T12:29:42Z,107.0,Sense 2
2025-07-27T12:29:43Z,108.0,Sense 2
2025-07-27T12:29:44Z,107.0,Sense 2
2025-07-27T12:29:45Z,106.0,Sense 2
2025-07-27T12:29:47Z,107.0,Sense 2
2025-07-27T12:29:50Z,108.0,Sense 2
2025-07-27T12:29:51Z,109.0,Sense 2
2025-07-27T12:29:52Z,110.0,Sense 2
2025-07-27T12:29:53Z,111.0,Sense 2
2025-07-27T12:29:56Z,111.0,Sense 2
2025-07-27T12:29:59Z,109.0,Sense 2
2025-07-27T12:30:00Z,106.0,Sense 2
2025-07-27T12:30:01Z,104.0,Sense 2
2025-07-27T12:30:03Z,103.0,Sense 2
2025-07-27T12:30:05Z,104.0,Sense 2
2025-07-27T12:30:07Z,102.0,Sense 2
2025-07-27T12:30:08Z,101.0,Sense 2
2025-07-27T12:30:09Z,99.0,Sense 2
2025-07-27T12:30:10Z,98.0,Sense 2
2025-07-27T12:30:11Z,97.0,Sense 2
2025-07-27T12:30:12Z,96.0,Sense 2
2025-07-27T12:30:13Z,97.0,Sense 2
2025-07-27T12:30:14Z,98.0,Sense 2
2025-07-27T12:30:15Z,97.0,Sense 2
2025-07-27T12:30:16Z,98.0,Sense 2
2025-07-27T12:30:17Z,99.0,Sense 2
2025-07-27T12:30:18Z,98.0,Sense 2
2025-07-27T12:30:19Z,94.0,Sense 2
2025-07-27T12:30:20Z,92.0,Sense 2
2025-07-27T12:30:22Z,94.0,Sense 2
2025-07-27T12:30:23Z,95.0,Sense 2
2025-07-27T12:30:24Z,96.0,Sense 2
2025-07-27T12:30:25Z,95.0,Sense 2
2025-07-27T12:30:27Z,96.0,Sense 2
2025-07-27T12:30:28Z,98.0,Sense 2
2025-07-27T12:30:29Z,99.0,Sense 2
2025-07-27T12:30:30Z,98.0,Sense 2
2025-07-27T12:30:31Z,97.0,Sense 2
2025-07-27T12:30:34Z,95.0,Sense 2
2025-07-27T12:30:35Z,94.0,Sense 2
2025-07-27T12:30:37Z,95.0,Sense 2
2025-07-27T12:30:38Z,97.0,Sense 2
2025-07-27T12:30:39Z,99.0,Sense 2
2025-07-27T12:30:40Z,100.0,Sense 2
2025-07-27T12:30:41Z,99.0,Sense 2
2025-07-27T12:30:42Z,98.0,Sense 2
2025-07-27T12:30:45Z,98.0,Sense 2
2025-07-27T12:30:48Z,99.0,Sense 2
2025-07-27T12:30:51Z,98.0,Sense 2
2025-07-27T12:30:54Z,98.0,Sense 2
2025-07-27T12:30:55Z,97.0,Sense 2
2025-07-27T12:30:58Z,97.0,Sense 2
2025-07-27T12:30:59Z,98.0,Sense 2
2025-07-27T12:31:02Z,97.0,Sense 2
2025-07-27T12:31:05Z,97.0,Sense 2
2025-07-27T12:31:07Z,98.0,Sense 2
2025-07-27T12:31:08Z,99.0,Sense 2
2025-07-27T12:31:11Z,98.0,Sense 2
2025-07-27T12:31:14Z,98.0,Sense 2
2025-07-27T12:31:17Z,99.0,Sense 2
2025-07-27T12:31:20Z,99.0,Sense 2
2025-07-27T12:31:21Z,98.0,Sense 2
2025-07-27T12:31:24Z,98.0,Sense 2
2025-07-27T12:31:25Z,99.0,Sense 2
2025-07-27T12:31:28Z,99.0,Sense 2
2025-07-27T12:31:29Z,98.0,Sense 2
2025-07-27T12:31:30Z,97.0,Sense 2
2025-07-27T12:31:31Z,95.0,Sense 2
2025-07-27T12:31:32Z,94.0,Sense 2
2025-07-27T12:31:35Z,95.0,Sense 2
2025-07-27T12:31:36Z,97.0,Sense 2
2025-07-27T12:31:37Z,96.0,Sense 2
2025-07-27T12:31:38Z,95.0,Sense 2
2025-07-27T12:31:40Z,96.0,Sense 2
2025-07-27T12:31:41Z,98.0,Sense 2
2025-07-27T12:31:44Z,98.0,Sense 2
2025-07-27T12:31:45Z,99.0,Sense 2
2025-07-27T12:31:46Z,103.0,Sense 2
2025-07-27T12:31:47Z,107.0,Sense 2
2025-07-27T12:31:49Z,105.0,Sense 2
2025-07-27T12:31:50Z,104.0,Sense 2
2025-07-27T12:31:52Z,102.0,Sense 2
2025-07-27T12:31:53Z,100.0,Sense 2
2025-07-27T12:31:55Z,102.0,Sense 2
2025-07-27T12:31:56Z,105.0,Sense 2
2025-07-27T12:31:57Z,107.0,Sense 2
2025-07-27T12:31:59Z,106.0,Sense 2
2025-07-27T12:32:00Z,105.0,Sense 2
2025-07-27T12:32:01Z,104.0,Sense 2
2025-07-27T12:32:02Z,102.0,Sense 2
2025-07-27T12:32:03Z,100.0,Sense 2
2025-07-27T12:32:05Z,101.0,Sense 2
2025-07-27T12:32:06Z,103.0,Sense 2
2025-07-27T12:32:07Z,105.0,Sense 2
2025-07-27T12:32:09Z,104.0,Sense 2
2025-07-27T12:32:10Z,103.0,Sense 2
2025-07-27T12:32:11Z,102.0,Sense 2
2025-07-27T12:32:13Z,101.0,Sense 2
2025-07-27T12:32:15Z,101.0,Sense 2
2025-07-27T12:32:18Z,101.0,Sense 2
2025-07-27T12:32:21Z,101.0,Sense 2
2025-07-27T12:32:24Z,101.0,Sense 2
2025-07-27T12:32:27Z,101.0,Sense 2
2025-07-27T12:32:30Z,100.0,Sense 2
2025-07-27T12:32:31Z,99.0,Sense 2
2025-07-27T12:32:32Z,97.0,Sense 2
2025-07-27T12:32:34Z,98.0,Sense 2
2025-07-27T12:32:37Z,98.0,Sense 2
2025-07-27T12:32:40Z,98.0,Sense 2
2025-07-27T12:32:43Z,98.0,Sense 2
2025-07-27T12:32:44Z,96.0,Sense 2
2025-07-27T12:32:45Z,95.0,Sense 2
2025-07-27T12:32:48Z,94.0,Sense 2
2025-07-27T12:32:49Z,91.0,Sense 2
2025-07-27T12:32:50Z,89.0,Sense 2
2025-07-27T12:32:51Z,88.0,Sense 2
2025-07-27T12:32:54Z,87.0,Sense 2
2025-07-27T12:32:55Z,86.0,Sense 2
2025-07-27T12:32:57Z,85.0,Sense 2
2025-07-27T12:32:58Z,86.0,Sense 2
2025-07-27T12:33:00Z,88.0,Sense 2
2025-07-27T12:33:01Z,89.0,Sense 2
2025-07-27T12:33:02Z,91.0,Sense 2
2025-07-27T12:33:05Z,91.0,Sense 2
2025-07-27T12:33:08Z,90.0,Sense 2
2025-07-27T12:33:09Z,91.0,Sense 2
2025-07-27T12:33:12Z,91.0,Sense 2
2025-07-27T12:33:13Z,90.0,Sense 2
2025-07-27T12:33:15Z,91.0,Sense 2
2025-07-27T12:33:17Z,92.0,Sense 2
2025-07-27T12:33:20Z,93.0,Sense 2
2025-07-27T12:33:21Z,93.0,Sense 2
2025-07-27T12:33:23Z,93.0,Sense 2
2025-07-27T12:33:24Z,93.0,Sense 2
2025-07-27T12:33:27Z,92.0,Sense 2
2025-07-27T12:33:30Z,92.0,Sense 2
2025-07-27T12:33:33Z,92.0,Sense 2
2025-07-27T12:33:36Z,92.0,Sense 2
2025-07-27T12:33:39Z,91.0,Sense 2
2025-07-27T12:33:42Z,91.0,Sense 2
2025-07-27T12:33:45Z,91.0,Sense 2
2025-07-27T12:33:47Z,91.0,Sense 2
2025-07-27T12:33:49Z,92.0,Sense 2
2025-07-27T12:33:51Z,91.0,Sense 2
2025-07-27T12:33:53Z,91.0,Sense 2
2025-07-27T12:33:56Z,91.0,Sense 2
2025-07-27T12:33:57Z,92.0,Sense 2
2025-07-27T12:34:00Z,92.0,Sense 2
2025-07-27T12:34:02Z,94.0,Sense 2
2025-07-27T12:34:03Z,95.0,Sense 2
2025-07-27T12:34:04Z,96.0,Sense 2
2025-07-27T12:34:07Z,96.0,Sense 2
2025-07-27T12:34:09Z,97.0,Sense 2
2025-07-27T12:34:10Z,98.0,Sense 2
2025-07-27T12:34:11Z,97.0,Sense 2
2025-07-27T12:34:12Z,98.0,Sense 2
2025-07-27T12:34:13Z,97.0,Sense 2
2025-07-27T12:34:14Z,96.0,Sense 2
2025-07-27T12:34:15Z,95.0,Sense 2
2025-07-27T12:34:18Z,95.0,Sense 2
2025-07-27T12:34:20Z,96.0,Sense 2
2025-07-27T12:34:22Z,96.0,Sense 2
2025-07-27T12:34:25Z,95.0,Sense 2
2025-07-27T12:34:26Z,96.0,Sense 2
2025-07-27T12:34:27Z,95.0,Sense 2
2025-07-27T12:34:30Z,95.0,Sense 2
2025-07-27T12:34:33Z,96.0,Sense 2
2025-07-27T12:34:34Z,96.0,Sense 2
2025-07-27T12:34:35Z,96.0,Sense 2
2025-07-27T12:34:36Z,97.0,Sense 2
2025-07-27T12:34:38Z,98.0,Sense 2
2025-07-27T12:34:39Z,99.0,Sense 2
2025-07-27T12:34:42Z,99.0,Sense 2
2025-07-27T12:34:44Z,98.0,Sense 2
2025-07-27T12:34:45Z,97.0,Sense 2
2025-07-27T12:34:46Z,98.0,Sense 2
2025-07-27T12:34:49Z,97.0,Sense 2
2025-07-27T12:34:51Z,97.0,Sense 2
2025-07-27T12:34:53Z,96.0,Sense 2
2025-07-27T12:34:54Z,95.0,Sense 2
2025-07-27T12:34:55Z,94.0,Sense 2
2025-07-27T12:34:56Z,93.0,Sense 2
2025-07-27T12:34:59Z,92.0,Sense 2
2025-07-27T12:35:00Z,93.0,Sense 2
2025-07-27T12:35:01Z,92.0,Sense 2
2025-07-27T12:35:02Z,92.0,Sense 2
2025-07-27T12:35:05Z,92.0,Sense 2
2025-07-27T12:35:07Z,91.0,Sense 2
2025-07-27T12:35:08Z,90.0,Sense 2
2025-07-27T12:35:09Z,91.0,Sense 2
2025-07-27T12:35:11Z,93.0,Sense 2
2025-07-27T12:35:13Z,92.0,Sense 2
2025-07-27T12:35:14Z,92.0,Sense 2
2025-07-27T12:35:15Z,93.0,Sense 2
2025-07-27T12:35:16Z,93.0,Sense 2
2025-07-27T12:35:17Z,92.0,Sense 2
2025-07-27T12:35:20Z,93.0,Sense 2
2025-07-27T12:35:22Z,92.0,Sense 2
2025-07-27T12:35:25Z,92.0,Sense 2
2025-07-27T12:35:26Z,91.0,Sense 2
2025-07-27T12:35:29Z,90.0,Sense 2
2025-07-27T12:35:31Z,91.0,Sense 2
2025-07-27T12:35:34Z,91.0,Sense 2
2025-07-27T12:35:35Z,90.0,Sense 2
2025-07-27T12:35:38Z,91.0,Sense 2
2025-07-27T12:35:41Z,92.0,Sense 2
2025-07-27T12:35:43Z,92.0,Sense 2
2025-07-27T12:35:46Z,92.0,Sense 2
2025-07-27T12:35:47Z,92.0,Sense 2
2025-07-27T12:35:50Z,92.0,Sense 2
2025-07-27T12:35:53Z,92.0,Sense 2
2025-07-27T12:35:56Z,92.0,Sense 2
2025-07-27T12:35:57Z,92.0,Sense 2
2025-07-27T12:36:00Z,92.0,Sense 2
2025-07-27T12:36:03Z,92.0,Sense 2
2025-07-27T12:36:04Z,91.0,Sense 2
2025-07-27T12:36:07Z,91.0,Sense 2
2025-07-27T12:36:08Z,91.0,Sense 2
2025-07-27T12:36:11Z,91.0,Sense 2
2025-07-27T12:36:14Z,91.0,Sense 2
2025-07-27T12:36:17Z,91.0,Sense 2
2025-07-27T12:36:18Z,91.0,Sense 2
2025-07-27T12:36:19Z,91.0,Sense 2
2025-07-27T12:36:21Z,90.0,Sense 2
2025-07-27T12:36:24Z,90.0,Sense 2
2025-07-27T12:36:25Z,90.0,Sense 2
2025-07-27T12:36:26Z,90.0,Sense 2
2025-07-27T12:36:29Z,90.0,Sense 2
2025-07-27T12:36:32Z,90.0,Sense 2
2025-07-27T12:36:34Z,89.0,Sense 2
2025-07-27T12:36:35Z,90.0,Sense 2
2025-07-27T12:36:36Z,91.0,Sense 2
2025-07-27T12:36:37Z,92.0,Sense 2
2025-07-27T12:36:39Z,92.0,Sense 2
2025-07-27T12:36:40Z,93.0,Sense 2
2025-07-27T12:36:43Z,94.0,Sense 2
2025-07-27T12:36:46Z,93.0,Sense 2
2025-07-27T12:36:47Z,91.0,Sense 2
2025-07-27T12:36:50Z,91.0,Sense 2
2025-07-27T12:36:51Z,91.0,Sense 2
2025-07-27T12:36:52Z,90.0,Sense 2
2025-07-27T12:36:55Z,89.0,Sense 2
2025-07-27T12:36:57Z,90.0,Sense 2
2025-07-27T12:37:00Z,90.0,Sense 2
2025-07-27T12:37:03Z,90.0,Sense 2
2025-07-27T12:37:06Z,90.0,Sense 2
2025-07-27T12:37:08Z,91.0,Sense 2
2025-07-27T12:37:09Z,91.0,Sense 2
2025-07-27T12:37:11Z,91.0,Sense 2
2025-07-27T12:37:13Z,91.0,Sense 2
2025-07-27T12:37:14Z,91.0,Sense 2
2025-07-27T12:37:16Z,91.0,Sense 2
2025-07-27T12:37:17Z,91.0,Sense 2
2025-07-27T12:37:20Z,91.0,Sense 2
2025-07-27T12:37:22Z,92.0,Sense 2
2025-07-27T12:37:23Z,91.0,Sense 2
2025-07-27T12:37:26Z,91.0,Sense 2
2025-07-27T12:37:27Z,92.0,Sense 2
2025-07-27T12:37:30Z,92.0,Sense 2
2025-07-27T12:37:31Z,93.0,Sense 2
2025-07-27T12:37:34Z,93.0,Sense 2
2025-07-27T12:37:36Z,92.0,Sense 2
2025-07-27T12:37:39Z,92.0,Sense 2
2025-07-27T12:37:40Z,91.0,Sense 2
2025-07-27T12:37:43Z,91.0,Sense 2
2025-07-27T12:37:44Z,90.0,Sense 2
2025-07-27T12:37:45Z,90.0,Sense 2
2025-07-27T12:37:48Z,90.0,Sense 2
2025-07-27T12:37:50Z,90.0,Sense 2
2025-07-27T12:37:53Z,90.0,Sense 2
2025-07-27T12:37:56Z,91.0,Sense 2
2025-07-27T12:37:58Z,92.0,Sense 2
2025-07-27T12:38:00Z,93.0,Sense 2
2025-07-27T12:38:02Z,92.0,Sense 2
2025-07-27T12:38:03Z,93.0,Sense 2
2025-07-27T12:38:05Z,94.0,Sense 2
2025-07-27T12:38:06Z,93.0,Sense 2
2025-07-27T12:38:08Z,92.0,Sense 2
2025-07-27T12:38:10Z,92.0,Sense 2
2025-07-27T12:38:11Z,91.0,Sense 2
2025-07-27T12:38:12Z,86.0,Sense 2
2025-07-27T12:38:13Z,87.0,Sense 2
2025-07-27T12:38:14Z,88.0,Sense 2
2025-07-27T12:38:16Z,87.0,Sense 2
2025-07-27T12:38:19Z,88.0,Sense 2
2025-07-27T12:38:20Z,89.0,Sense 2
2025-07-27T12:38:21Z,90.0,Sense 2
2025-07-27T12:38:23Z,91.0,Sense 2
2025-07-27T12:38:24Z,92.0,Sense 2
2025-07-27T12:38:27Z,92.0,Sense 2
2025-07-27T12:38:28Z,92.0,Sense 2
2025-07-27T12:38:30Z,91.0,Sense 2
2025-07-27T12:38:31Z,90.0,Sense 2
2025-07-27T12:38:32Z,90.0,Sense 2
2025-07-27T12:38:35Z,90.0,Sense 2
2025-07-27T12:38:38Z,90.0,Sense 2
2025-07-27T12:38:39Z,90.0,Sense 2
2025-07-27T12:38:42Z,91.0,Sense 2
2025-07-27T12:38:43Z,91.0,Sense 2
2025-07-27T12:38:44Z,92.0,Sense 2
2025-07-27T12:38:46Z,93.0,Sense 2
2025-07-27T12:38:47Z,93.0,Sense 2
2025-07-27T12:38:48Z,95.0,Sense 2
2025-07-27T12:38:49Z,95.0,Sense 2
2025-07-27T12:38:50Z,94.0,Sense 2
2025-07-27T12:38:51Z,93.0,Sense 2
2025-07-27T12:38:56Z,90.0,Sense 2
2025-07-27T12:39:01Z,89.0,Sense 2
2025-07-27T12:39:06Z,88.0,Sense 2
2025-07-27T12:39:16Z,87.0,Sense 2
2025-07-27T12:39:26Z,86.0,Sense 2
2025-07-27T12:39:36Z,85.0,Sense 2
2025-07-27T12:39:41Z,86.0,Sense 2
2025-07-27T12:39:46Z,87.0,Sense 2
2025-07-27T12:39:51Z,89.0,Sense 2
2025-07-27T12:39:56Z,90.0,Sense 2
2025-07-27T12:40:01Z,91.0,Sense 2
2025-07-27T12:40:06Z,89.0,Sense 2
2025-07-27T12:40:11Z,90.0,Sense 2
2025-07-27T12:40:21Z,89.0,Sense 2
2025-07-27T12:40:31Z,87.0,Sense 2
2025-07-27T12:40:36Z,86.0,Sense 2
2025-07-27T12:40:41Z,88.0,Sense 2
2025-07-27T12:40:46Z,90.0,Sense 2
2025-07-27T12:40:51Z,91.0,Sense 2
2025-07-27T12:40:56Z,90.0,Sense 2
2025-07-27T12:41:01Z,89.0,Sense 2
2025-07-27T12:41:06Z,88.0,Sense 2
2025-07-27T12:41:11Z,86.0,Sense 2
2025-07-27T12:41:26Z,87.0,Sense 2
2025-07-27T12:41:36Z,86.0,Sense 2
2025-07-27T12:41:41Z,83.0,Sense 2
2025-07-27T12:41:46Z,82.0,Sense 2
2025-07-27T12:41:51Z,83.0,Sense 2
2025-07-27T12:41:56Z,82.0,Sense 2
2025-07-27T12:42:01Z,83.0,Sense 2
2025-07-27T12:42:06Z,86.0,Sense 2
2025-07-27T12:42:11Z,88.0,Sense 2
2025-07-27T12:42:16Z,89.0,Sense 2
2025-07-27T12:42:21Z,90.0,Sense 2
2025-07-27T12:42:26Z,90.0,Sense 2
2025-07-27T12:42:41Z,92.0,Sense 2
2025-07-27T12:42:46Z,91.0,Sense 2
2025-07-27T12:42:51Z,88.0,Sense 2
2025-07-27T12:42:56Z,84.0,Sense 2
2025-07-27T12:43:06Z,85.0,Sense 2
2025-07-27T12:43:11Z,87.0,Sense 2
2025-07-27T12:43:21Z,87.0,Sense 2
2025-07-27T12:43:31Z,88.0,Sense 2
2025-07-27T12:43:36Z,94.0,Sense 2
2025-07-27T12:43:41Z,95.0,Sense 2
2025-07-27T12:43:46Z,96.0,Sense 2
2025-07-27T12:43:56Z,95.0,Sense 2
2025-07-27T12:44:01Z,94.0,Sense 2
2025-07-27T12:44:06Z,89.0,Sense 2
2025-07-27T12:44:16Z,86.0,Sense 2
2025-07-27T12:44:21Z,87.0,Sense 2
2025-07-27T12:44:26Z,86.0,Sense 2
2025-07-27T12:44:31Z,86.0,Sense 2
2025-07-27T12:44:36Z,87.0,Sense 2
2025-07-27T12:44:41Z,88.0,Sense 2
2025-07-27T12:44:46Z,88.0,Sense 2
2025-07-27T12:44:51Z,88.0,Sense 2
2025-07-27T12:45:01Z,89.0,Sense 2
2025-07-27T12:45:06Z,88.0,Sense 2
2025-07-27T12:45:11Z,89.0,Sense 2
2025-07-27T12:45:16Z,90.0,Sense 2
2025-07-27T12:45:21Z,90.0,Sense 2
2025-07-27T12:45:26Z,90.0,Sense 2
2025-07-27T12:45:41Z,88.0,Sense 2
2025-07-27T12:45:46Z,86.0,Sense 2
2025-07-27T12:45:56Z,85.0,Sense 2
2025-07-27T12:46:06Z,84.0,Sense 2
2025-07-27T12:46:21Z,85.0,Sense 2
2025-07-27T12:46:36Z,83.0,Sense 2
2025-07-27T12:46:41Z,86.0,Sense 2
2025-07-27T12:46:46Z,87.0,Sense 2
2025-07-27T12:46:51Z,85.0,Sense 2
2025-07-27T12:46:56Z,87.0,Sense 2
2025-07-27T12:47:01Z,85.0,Sense 2
2025-07-27T12:47:06Z,80.0,Sense 2
2025-07-27T12:47:11Z,82.0,Sense 2
2025-07-27T12:47:16Z,78.0,Sense 2
2025-07-27T12:47:21Z,77.0,Sense 2
2025-07-27T12:47:26Z,77.0,Sense 2
2025-07-27T12:47:31Z,78.0,Sense 2
2025-07-27T12:47:36Z,79.0,Sense 2
2025-07-27T12:47:41Z,83.0,Sense 2
2025-07-27T12:47:46Z,84.0,Sense 2
2025-07-27T12:47:51Z,87.0,Sense 2
2025-07-27T12:48:01Z,89.0,Sense 2
2025-07-27T12:48:16Z,90.0,Sense 2
2025-07-27T12:48:26Z,93.0,Sense 2
2025-07-27T12:48:31Z,94.0,Sense 2
2025-07-27T12:48:46Z,91.0,Sense 2
2025-07-27T12:48:51Z,93.0,Sense 2
2025-07-27T12:48:56Z,90.0,Sense 2
2025-07-27T12:49:01Z,92.0,Sense 2
2025-07-27T12:49:06Z,88.0,Sense 2
2025-07-27T12:49:11Z,89.0,Sense 2
2025-07-27T12:49:16Z,87.0,Sense 2
2025-07-27T12:49:26Z,84.0,Sense 2
2025-07-27T12:49:31Z,90.0,Sense 2
2025-07-27T12:49:36Z,97.0,Sense 2
2025-07-27T12:49:41Z,98.0,Sense 2
2025-07-27T12:49:46Z,96.0,Sense 2
2025-07-27T12:49:51Z,101.0,Sense 2
2025-07-27T12:49:56Z,104.0,Sense 2
2025-07-27T12:50:01Z,97.0,Sense 2
2025-07-27T12:50:06Z,98.0,Sense 2
2025-07-27T12:50:11Z,96.0,Sense 2
2025-07-27T12:50:21Z,95.0,Sense 2
2025-07-27T12:50:26Z,101.0,Sense 2
2025-07-27T12:50:31Z,102.0,Sense 2
2025-07-27T12:50:36Z,100.0,Sense 2
2025-07-27T12:50:41Z,101.0,Sense 2
2025-07-27T12:50:56Z,100.0,Sense 2
2025-07-27T12:51:06Z,101.0,Sense 2
2025-07-27T12:51:11Z,104.0,Sense 2
2025-07-27T12:51:16Z,103.0,Sense 2
2025-07-27T12:51:21Z,106.0,Sense 2
2025-07-27T12:51:26Z,107.0,Sense 2
2025-07-27T12:51:31Z,107.0,Sense 2
2025-07-27T12:51:41Z,108.0,Sense 2
2025-07-27T12:51:51Z,107.0,Sense 2
2025-07-27T12:51:56Z,105.0,Sense 2
2025-07-27T12:52:06Z,104.0,Sense 2
2025-07-27T12:52:16Z,103.0,Sense 2
2025-07-27T12:52:21Z,102.0,Sense 2
2025-07-27T12:52:26Z,101.0,Sense 2
2025-07-27T12:52:31Z,102.0,Sense 2
2025-07-27T12:52:36Z,102.0,Sense 2
2025-07-27T12:52:41Z,103.0,Sense 2
2025-07-27T12:52:51Z,104.0,Sense 2
2025-07-27T12:53:01Z,102.0,Sense 2
2025-07-27T12:53:06Z,106.0,Sense 2
2025-07-27T12:53:11Z,106.0,Sense 2
2025-07-27T12:53:16Z,105.0,Sense 2
2025-07-27T12:53:21Z,103.0,Sense 2
2025-07-27T12:53:31Z,105.0,Sense 2
2025-07-27T12:53:46Z,105.0,Sense 2
2025-07-27T12:53:51Z,104.0,Sense 2
2025-07-27T12:53:56Z,105.0,Sense 2
2025-07-27T12:54:11Z,105.0,Sense 2
2025-07-27T12:54:16Z,105.0,Sense 2
2025-07-27T12:54:21Z,104.0,Sense 2
2025-07-27T12:54:26Z,103.0,Sense 2
2025-07-27T12:54:36Z,104.0,Sense 2
2025-07-27T12:54:46Z,104.0,Sense 2
2025-07-27T12:54:51Z,104.0,Sense 2
2025-07-27T12:54:56Z,103.0,Sense 2
2025-07-27T12:55:01Z,101.0,Sense 2
2025-07-27T12:55:11Z,102.0,Sense 2
2025-07-27T12:55:16Z,103.0,Sense 2
2025-07-27T12:55:21Z,105.0,Sense 2
2025-07-27T12:55:31Z,103.0,Sense 2
2025-07-27T12:55:36Z,102.0,Sense 2
2025-07-27T12:55:41Z,98.0,Sense 2
2025-07-27T12:55:46Z,97.0,Sense 2
2025-07-27T12:55:51Z,101.0,Sense 2
2025-07-27T12:55:56Z,106.0,Sense 2
2025-07-27T12:56:01Z,103.0,Sense 2
2025-07-27T12:56:06Z,104.0,Sense 2
2025-07-27T12:56:11Z,103.0,Sense 2
2025-07-27T12:56:16Z,106.0,Sense 2
2025-07-27T12:56:21Z,103.0,Sense 2
2025-07-27T12:56:31Z,101.0,Sense 2
2025-07-27T12:56:36Z,103.0,Sense 2
2025-07-27T12:56:41Z,107.0,Sense 2
2025-07-27T12:56:46Z,109.0,Sense 2
2025-07-27T12:56:51Z,107.0,Sense 2
2025-07-27T12:56:56Z,108.0,Sense 2
2025-07-27T12:57:01Z,107.0,Sense 2
2025-07-27T12:57:16Z,107.0,Sense 2
2025-07-27T12:57:31Z,106.0,Sense 2
2025-07-27T12:57:36Z,108.0,Sense 2
2025-07-27T12:57:51Z,108.0,Sense 2
2025-07-27T12:57:56Z,109.0,Sense 2
2025-07-27T12:58:01Z,107.0,Sense 2
2025-07-27T12:58:06Z,106.0,Sense 2
2025-07-27T12:58:11Z,105.0,Sense 2
2025-07-27T12:58:21Z,102.0,Sense 2
2025-07-27T12:58:31Z,99.0,Sense 2
2025-07-27T12:58:36Z,90.0,Sense 2
2025-07-27T12:58:41Z,89.0,Sense 2
2025-07-27T12:58:46Z,86.0,Sense 2
2025-07-27T12:58:51Z,87.0,Sense 2
2025-07-27T12:58:56Z,88.0,Sense 2
2025-07-27T12:59:01Z,89.0,Sense 2
2025-07-27T12:59:06Z,93.0,Sense 2
2025-07-27T12:59:11Z,96.0,Sense 2
2025-07-27T12:59:21Z,93.0,Sense 2
2025-07-27T12:59:26Z,89.0,Sense 2
2025-07-27T12:59:36Z,88.0,Sense 2
2025-07-27T12:59:41Z,89.0,Sense 2
2025-07-27T12:59:51Z,86.0,Sense 2
2025-07-27T13:00:01Z,84.0,Sense 2
2025-07-27T13:00:06Z,87.0,Sense 2
2025-07-27T13:00:11Z,88.0,Sense 2
2025-07-27T13:00:16Z,87.0,Sense 2
2025-07-27T13:00:21Z,86.0,Sense 2
2025-07-27T13:00:26Z,90.0,Sense 2
2025-07-27T13:00:31Z,92.0,Sense 2
2025-07-27T13:00:36Z,91.0,Sense 2
2025-07-27T13:00:46Z,89.0,Sense 2
2025-07-27T13:00:51Z,89.0,Sense 2
2025-07-27T13:00:56Z,88.0,Sense 2
2025-07-27T13:01:06Z,89.0,Sense 2
2025-07-27T13:01:11Z,88.0,Sense 2
2025-07-27T13:01:16Z,86.0,Sense 2
2025-07-27T13:01:26Z,89.0,Sense 2
2025-07-27T13:01:31Z,89.0,Sense 2
2025-07-27T13:01:36Z,91.0,Sense 2
2025-07-27T13:01:41Z,93.0,Sense 2
2025-07-27T13:01:46Z,95.0,Sense 2
2025-07-27T13:01:51Z,94.0,Sense 2
2025-07-27T13:02:01Z,93.0,Sense 2
2025-07-27T13:02:06Z,96.0,Sense 2
2025-07-27T13:02:11Z,94.0,Sense 2
2025-07-27T13:02:16Z,93.0,Sense 2
2025-07-27T13:02:21Z,95.0,Sense 2
2025-07-27T13:02:26Z,96.0,Sense 2
2025-07-27T13:02:31Z,97.0,Sense 2
2025-07-27T13:02:36Z,98.0,Sense 2
2025-07-27T13:02:41Z,96.0,Sense 2
2025-07-27T13:02:46Z,93.0,Sense 2
2025-07-27T13:02:51Z,95.0,Sense 2
2025-07-27T13:02:56Z,93.0,Sense 2
2025-07-27T13:03:01Z,94.0,Sense 2
2025-07-27T13:03:06Z,91.0,Sense 2
2025-07-27T13:03:16Z,90.0,Sense 2
2025-07-27T13:03:21Z,89.0,Sense 2
2025-07-27T13:03:31Z,90.0,Sense 2
2025-07-27T13:03:41Z,91.0,Sense 2
2025-07-27T13:03:46Z,93.0,Sense 2
2025-07-27T13:03:56Z,94.0,Sense 2
2025-07-27T13:04:06Z,93.0,Sense 2
2025-07-27T13:04:11Z,93.0,Sense 2
2025-07-27T13:04:16Z,91.0,Sense 2
2025-07-27T13:04:31Z,87.0,Sense 2
2025-07-27T13:04:36Z,84.0,Sense 2
2025-07-27T13:04:41Z,86.0,Sense 2
2025-07-27T13:04:46Z,83.0,Sense 2
2025-07-27T13:04:51Z,82.0,Sense 2
2025-07-27T13:04:56Z,81.0,Sense 2
2025-07-27T13:05:01Z,80.0,Sense 2
2025-07-27T13:05:06Z,79.0,Sense 2
2025-07-27T13:05:16Z,78.0,Sense 2
2025-07-27T13:05:21Z,79.0,Sense 2
2025-07-27T13:05:26Z,83.0,Sense 2
2025-07-27T13:05:31Z,82.0,Sense 2
2025-07-27T13:05:36Z,79.0,Sense 2
2025-07-27T13:05:41Z,78.0,Sense 2
2025-07-27T13:05:46Z,77.0,Sense 2
2025-07-27T13:06:01Z,79.0,Sense 2
2025-07-27T13:06:06Z,84.0,Sense 2
2025-07-27T13:06:11Z,88.0,Sense 2
2025-07-27T13:06:16Z,81.0,Sense 2
2025-07-27T13:06:26Z,80.0,Sense 2
2025-07-27T13:06:31Z,77.0,Sense 2
2025-07-27T13:06:41Z,78.0,Sense 2
2025-07-27T13:06:46Z,81.0,Sense 2
2025-07-27T13:06:51Z,81.0,Sense 2
2025-07-27T13:06:56Z,79.0,Sense 2
2025-07-27T13:07:01Z,78.0,Sense 2
2025-07-27T13:07:06Z,75.0,Sense 2
2025-07-27T13:07:21Z,78.0,Sense 2
2025-07-27T13:07:26Z,77.0,Sense 2
2025-07-27T13:07:31Z,78.0,Sense 2
2025-07-27T13:07:36Z,78.0,Sense 2
2025-07-27T13:07:46Z,83.0,Sense 2
2025-07-27T13:07:56Z,81.0,Sense 2
2025-07-27T13:08:01Z,81.0,Sense 2
2025-07-27T13:08:06Z,79.0,Sense 2
2025-07-27T13:08:11Z,78.0,Sense 2
2025-07-27T13:08:16Z,80.0,Sense 2
2025-07-27T13:08:26Z,79.0,Sense 2
2025-07-27T13:08:36Z,80.0,Sense 2
2025-07-27T13:08:41Z,79.0,Sense 2
2025-07-27T13:08:46Z,78.0,Sense 2
2025-07-27T13:08:51Z,79.0,Sense 2
2025-07-27T13:09:01Z,78.0,Sense 2
2025-07-27T13:09:11Z,79.0,Sense 2
2025-07-27T13:09:21Z,79.0,Sense 2
2025-07-27T13:09:31Z,83.0,Sense 2
2025-07-27T13:09:36Z,87.0,Sense 2
2025-07-27T13:09:41Z,90.0,Sense 2
2025-07-27T13:09:46Z,91.0,Sense 2
2025-07-27T13:09:56Z,89.0,Sense 2
2025-07-27T13:10:01Z,88.0,Sense 2
2025-07-27T13:10:06Z,87.0,Sense 2
2025-07-27T13:10:11Z,85.0,Sense 2
2025-07-27T13:10:16Z,83.0,Sense 2
2025-07-27T13:10:21Z,84.0,Sense 2
2025-07-27T13:10:26Z,83.0,Sense 2
2025-07-27T13:10:31Z,82.0,Sense 2
2025-07-27T13:10:36Z,84.0,Sense 2
2025-07-27T13:10:41Z,85.0,Sense 2
2025-07-27T13:10:46Z,86.0,Sense 2
2025-07-27T13:10:51Z,86.0,Sense 2
2025-07-27T13:10:56Z,87.0,Sense 2
2025-07-27T13:11:01Z,90.0,Sense 2
2025-07-27T13:11:06Z,90.0,Sense 2
2025-07-27T13:11:11Z,89.0,Sense 2
2025-07-27T13:11:16Z,88.0,Sense 2
2025-07-27T13:11:21Z,86.0,Sense 2
2025-07-27T13:11:26Z,88.0,Sense 2
2025-07-27T13:11:31Z,87.0,Sense 2
2025-07-27T13:11:36Z,88.0,Sense 2
2025-07-27T13:11:41Z,87.0,Sense 2
2025-07-27T13:11:46Z,85.0,Sense 2
2025-07-27T13:11:51Z,85.0,Sense 2
2025-07-27T13:11:56Z,87.0,Sense 2
2025-07-27T13:12:06Z,87.0,Sense 2
2025-07-27T13:12:11Z,86.0,Sense 2
2025-07-27T13:12:21Z,86.0,Sense 2
2025-07-27T13:12:31Z,88.0,Sense 2
2025-07-27T13:12:36Z,87.0,Sense 2
2025-07-27T13:12:41Z,88.0,Sense 2
2025-07-27T13:12:46Z,86.0,Sense 2
2025-07-27T13:12:51Z,87.0,Sense 2
2025-07-27T13:13:01Z,86.0,Sense 2
2025-07-27T13:13:11Z,85.0,Sense 2
2025-07-27T13:13:16Z,84.0,Sense 2
2025-07-27T13:13:21Z,86.0,Sense 2
2025-07-27T13:13:26Z,87.0,Sense 2
2025-07-27T13:13:31Z,88.0,Sense 2
2025-07-27T13:13:36Z,87.0,Sense 2
2025-07-27T13:13:46Z,89.0,Sense 2
2025-07-27T13:13:51Z,89.0,Sense 2
2025-07-27T13:13:56Z,89.0,Sense 2
2025-07-27T13:14:01Z,87.0,Sense 2
2025-07-27T13:14:11Z,84.0,Sense 2
2025-07-27T13:14:14Z,82.0,Sense 2
2025-07-27T13:14:24Z,83.0,Sense 2
2025-07-27T13:14:29Z,84.0,Sense 2
2025-07-27T13:14:34Z,85.0,Sense 2
2025-07-27T13:14:39Z,90.0,Sense 2
2025-07-27T13:14:49Z,89.0,Sense 2
2025-07-27T13:14:54Z,88.0,Sense 2
2025-07-27T13:15:04Z,85.0,Sense 2
2025-07-27T13:15:09Z,82.0,Sense 2
2025-07-27T13:15:24Z,83.0,Sense 2
2025-07-27T13:15:34Z,84.0,Sense 2
2025-07-27T13:15:44Z,85.0,Sense 2
2025-07-27T13:15:49Z,86.0,Sense 2
2025-07-27T13:15:59Z,88.0,Sense 2
2025-07-27T13:16:04Z,90.0,Sense 2
2025-07-27T13:16:09Z,95.0,Sense 2
2025-07-27T13:16:14Z,96.0,Sense 2
2025-07-27T13:16:19Z,97.0,Sense 2
2025-07-27T13:16:24Z,98.0,Sense 2
2025-07-27T13:16:29Z,100.0,Sense 2
2025-07-27T13:16:34Z,99.0,Sense 2
2025-07-27T13:16:39Z,100.0,Sense 2
2025-07-27T13:16:44Z,106.0,Sense 2
2025-07-27T13:16:49Z,105.0,Sense 2
2025-07-27T13:16:54Z,107.0,Sense 2
2025-07-27T13:16:59Z,101.0,Sense 2
2025-07-27T13:17:04Z,100.0,Sense 2
2025-07-27T13:17:09Z,98.0,Sense 2
2025-07-27T13:17:19Z,94.0,Sense 2
2025-07-27T13:17:24Z,93.0,Sense 2
2025-07-27T13:17:29Z,94.0,Sense 2
2025-07-27T13:17:34Z,97.0,Sense 2
2025-07-27T13:17:39Z,98.0,Sense 2
2025-07-27T13:17:44Z,100.0,Sense 2
2025-07-27T13:17:49Z,101.0,Sense 2
2025-07-27T13:17:54Z,103.0,Sense 2
2025-07-27T13:17:59Z,104.0,Sense 2
2025-07-27T13:18:04Z,102.0,Sense 2
2025-07-27T13:18:09Z,106.0,Sense 2
2025-07-27T13:18:24Z,106.0,Sense 2
2025-07-27T13:18:29Z,107.0,Sense 2
2025-07-27T13:18:44Z,108.0,Sense 2
2025-07-27T13:18:54Z,110.0,Sense 2
2025-07-27T13:18:59Z,111.0,Sense 2
2025-07-27T13:19:04Z,107.0,Sense 2
2025-07-27T13:19:09Z,96.0,Sense 2
2025-07-27T13:19:14Z,93.0,Sense 2
2025-07-27T13:19:19Z,95.0,Sense 2
2025-07-27T13:19:24Z,92.0,Sense 2
2025-07-27T13:19:34Z,91.0,Sense 2
2025-07-27T13:19:39Z,92.0,Sense 2
2025-07-27T13:19:44Z,93.0,Sense 2
2025-07-27T13:19:49Z,95.0,Sense 2
2025-07-27T13:19:54Z,95.0,Sense 2
2025-07-27T13:19:59Z,97.0,Sense 2
2025-07-27T13:20:04Z,98.0,Sense 2
2025-07-27T13:20:09Z,100.0,Sense 2
2025-07-27T13:20:19Z,102.0,Sense 2
2025-07-27T13:20:24Z,101.0,Sense 2
2025-07-27T13:20:29Z,100.0,Sense 2
2025-07-27T13:20:34Z,99.0,Sense 2
2025-07-27T13:20:39Z,100.0,Sense 2
2025-07-27T13:20:44Z,100.0,Sense 2
2025-07-27T13:20:49Z,99.0,Sense 2
2025-07-27T13:20:54Z,99.0,Sense 2
2025-07-27T13:20:59Z,101.0,Sense 2
2025-07-27T13:21:04Z,99.0,Sense 2
2025-07-27T13:21:09Z,98.0,Sense 2
2025-07-27T13:21:14Z,95.0,Sense 2
2025-07-27T13:21:19Z,97.0,Sense 2
2025-07-27T13:21:24Z,98.0,Sense 2
2025-07-27T13:21:29Z,100.0,Sense 2
2025-07-27T13:21:34Z,99.0,Sense 2
2025-07-27T13:21:44Z,101.0,Sense 2
2025-07-27T13:21:49Z,102.0,Sense 2
2025-07-27T13:21:54Z,101.0,Sense 2
2025-07-27T13:21:59Z,100.0,Sense 2
2025-07-27T13:22:04Z,101.0,Sense 2
2025-07-27T13:22:09Z,102.0,Sense 2
2025-07-27T13:22:14Z,103.0,Sense 2
2025-07-27T13:22:19Z,104.0,Sense 2
2025-07-27T13:22:34Z,105.0,Sense 2
2025-07-27T13:22:39Z,104.0,Sense 2
2025-07-27T13:22:44Z,103.0,Sense 2
2025-07-27T13:22:49Z,101.0,Sense 2
2025-07-27T13:22:54Z,102.0,Sense 2
2025-07-27T13:23:09Z,100.0,Sense 2
2025-07-27T13:23:14Z,101.0,Sense 2
2025-07-27T13:23:19Z,102.0,Sense 2
2025-07-27T13:23:34Z,103.0,Sense 2
2025-07-27T13:23:39Z,102.0,Sense 2
2025-07-27T13:23:44Z,106.0,Sense 2
2025-07-27T13:23:49Z,107.0,Sense 2
2025-07-27T13:23:59Z,108.0,Sense 2
2025-07-27T13:24:14Z,108.0,Sense 2
2025-07-27T13:24:19Z,104.0,Sense 2
2025-07-27T13:24:24Z,103.0,Sense 2
2025-07-27T13:24:29Z,105.0,Sense 2
2025-07-27T13:24:34Z,106.0,Sense 2
2025-07-27T13:24:39Z,107.0,Sense 2
2025-07-27T13:24:44Z,104.0,Sense 2
2025-07-27T13:24:54Z,103.0,Sense 2
2025-07-27T13:25:04Z,102.0,Sense 2
2025-07-27T13:25:09Z,103.0,Sense 2
2025-07-27T13:25:14Z,101.0,Sense 2
2025-07-27T13:25:19Z,103.0,Sense 2
2025-07-27T13:25:24Z,102.0,Sense 2
2025-07-27T13:25:29Z,101.0,Sense 2
2025-07-27T13:25:34Z,100.0,Sense 2
2025-07-27T13:25:39Z,102.0,Sense 2
2025-07-27T13:25:44Z,103.0,Sense 2
2025-07-27T13:25:49Z,104.0,Sense 2
2025-07-27T13:25:54Z,103.0,Sense 2
2025-07-27T13:25:59Z,104.0,Sense 2
2025-07-27T13:26:04Z,105.0,Sense 2
2025-07-27T13:26:09Z,101.0,Sense 2
2025-07-27T13:26:19Z,100.0,Sense 2
2025-07-27T13:26:24Z,99.0,Sense 2
2025-07-27T13:26:29Z,102.0,Sense 2
2025-07-27T13:26:34Z,99.0,Sense 2
2025-07-27T13:26:39Z,100.0,Sense 2
2025-07-27T13:26:44Z,99.0,Sense 2
2025-07-27T13:26:49Z,98.0,Sense 2
2025-07-27T13:26:54Z,97.0,Sense 2
2025-07-27T13:26:59Z,99.0,Sense 2
2025-07-27T13:27:04Z,98.0,Sense 2
2025-07-27T13:27:14Z,97.0,Sense 2
2025-07-27T13:27:24Z,98.0,Sense 2
2025-07-27T13:27:34Z,97.0,Sense 2
2025-07-27T13:27:49Z,97.0,Sense 2
2025-07-27T13:27:54Z,95.0,Sense 2
2025-07-27T13:27:59Z,96.0,Sense 2
2025-07-27T13:28:04Z,98.0,Sense 2
2025-07-27T13:28:09Z,97.0,Sense 2
2025-07-27T13:28:14Z,96.0,Sense 2
2025-07-27T13:28:19Z,95.0,Sense 2
2025-07-27T13:28:29Z,94.0,Sense 2
2025-07-27T13:28:39Z,96.0,Sense 2
2025-07-27T13:28:44Z,98.0,Sense 2
2025-07-27T13:28:49Z,99.0,Sense 2
2025-07-27T13:28:59Z,98.0,Sense 2
2025-07-27T13:29:04Z,99.0,Sense 2
2025-07-27T13:29:09Z,100.0,Sense 2
2025-07-27T13:29:14Z,99.0,Sense 2
2025-07-27T13:29:19Z,98.0,Sense 2
2025-07-27T13:29:24Z,97.0,Sense 2
2025-07-27T13:29:29Z,98.0,Sense 2
2025-07-27T13:29:39Z,99.0,Sense 2
2025-07-27T13:29:49Z,100.0,Sense 2
2025-07-27T13:29:54Z,101.0,Sense 2
2025-07-27T13:29:59Z,102.0,Sense 2
2025-07-27T13:30:14Z,99.0,Sense 2
2025-07-27T13:30:19Z,100.0,Sense 2
2025-07-27T13:30:29Z,99.0,Sense 2
2025-07-27T13:30:34Z,98.0,Sense 2
2025-07-27T13:30:44Z,99.0,Sense 2
2025-07-27T13:30:49Z,100.0,Sense 2
2025-07-27T13:30:54Z,101.0,Sense 2
2025-07-27T13:31:04Z,102.0,Sense 2
2025-07-27T13:31:09Z,104.0,Sense 2
2025-07-27T13:31:14Z,103.0,Sense 2
2025-07-27T13:31:19Z,103.0,Sense 2
2025-07-27T13:31:29Z,105.0,Sense 2
2025-07-27T13:31:34Z,106.0,Sense 2
2025-07-27T13:31:39Z,107.0,Sense 2
2025-07-27T13:31:44Z,105.0,Sense 2
2025-07-27T13:31:49Z,104.0,Sense 2
2025-07-27T13:31:59Z,105.0,Sense 2
2025-07-27T13:32:14Z,104.0,Sense 2
2025-07-27T13:32:19Z,106.0,Sense 2
2025-07-27T13:32:40Z,107.0,Sense 2
2025-07-27T13:32:55Z,107.0,Sense 2
2025-07-27T13:33:00Z,105.0,Sense 2
2025-07-27T13:33:10Z,106.0,Sense 2
2025-07-27T13:33:15Z,107.0,Sense 2
2025-07-27T13:33:25Z,108.0,Sense 2
2025-07-27T13:33:30Z,109.0,Sense 2
2025-07-27T13:33:40Z,107.0,Sense 2
2025-07-27T13:33:50Z,106.0,Sense 2
2025-07-27T13:33:55Z,107.0,Sense 2
2025-07-27T13:34:00Z,108.0,Sense 2
2025-07-27T13:34:15Z,108.0,Sense 2
2025-07-27T13:34:30Z,108.0,Sense 2
2025-07-27T13:34:45Z,108.0,Sense 2
2025-07-27T13:34:50Z,107.0,Sense 2
2025-07-27T13:34:55Z,106.0,Sense 2
2025-07-27T13:35:00Z,107.0,Sense 2
2025-07-27T13:35:05Z,109.0,Sense 2
2025-07-27T13:35:15Z,107.0,Sense 2
2025-07-27T13:35:20Z,109.0,Sense 2
2025-07-27T13:35:30Z,108.0,Sense 2
2025-07-27T13:35:35Z,106.0,Sense 2
2025-07-27T13:35:40Z,104.0,Sense 2
2025-07-27T13:35:45Z,103.0,Sense 2
2025-07-27T13:35:50Z,102.0,Sense 2
2025-07-27T13:35:55Z,100.0,Sense 2
2025-07-27T13:36:00Z,99.0,Sense 2
2025-07-27T13:36:05Z,100.0,Sense 2
2025-07-27T13:36:10Z,99.0,Sense 2
2025-07-27T13:36:20Z,103.0,Sense 2
2025-07-27T13:36:25Z,95.0,Sense 2
2025-07-27T13:36:30Z,95.0,Sense 2
2025-07-27T13:36:35Z,91.0,Sense 2
2025-07-27T13:36:45Z,89.0,Sense 2
2025-07-27T13:36:50Z,87.0,Sense 2
2025-07-27T13:36:55Z,85.0,Sense 2
2025-07-27T13:37:00Z,84.0,Sense 2
2025-07-27T13:37:05Z,84.0,Sense 2
2025-07-27T13:37:15Z,85.0,Sense 2
2025-07-27T13:37:20Z,87.0,Sense 2
2025-07-27T13:37:25Z,89.0,Sense 2
2025-07-27T13:37:30Z,89.0,Sense 2
2025-07-27T13:37:35Z,86.0,Sense 2
2025-07-27T13:37:40Z,85.0,Sense 2
2025-07-27T13:37:45Z,86.0,Sense 2
2025-07-27T13:37:50Z,85.0,Sense 2
2025-07-27T13:37:55Z,84.0,Sense 2
2025-07-27T13:38:00Z,83.0,Sense 2
2025-07-27T13:38:10Z,84.0,Sense 2
2025-07-27T13:38:15Z,83.0,Sense 2
2025-07-27T13:38:25Z,84.0,Sense 2
2025-07-27T13:38:30Z,85.0,Sense 2
2025-07-27T13:38:35Z,86.0,Sense 2
2025-07-27T13:38:40Z,88.0,Sense 2
2025-07-27T13:38:45Z,91.0,Sense 2
2025-07-27T13:38:50Z,92.0,Sense 2
2025-07-27T13:39:00Z,90.0,Sense 2
2025-07-27T13:39:05Z,86.0,Sense 2
2025-07-27T13:39:10Z,85.0,Sense 2
2025-07-27T13:39:15Z,87.0,Sense 2
2025-07-27T13:39:20Z,90.0,Sense 2
2025-07-27T13:39:25Z,92.0,Sense 2
2025-07-27T13:39:30Z,93.0,Sense 2
2025-07-27T13:39:35Z,90.0,Sense 2
2025-07-27T13:39:40Z,86.0,Sense 2
2025-07-27T13:39:45Z,84.0,Sense 2
2025-07-27T13:39:50Z,83.0,Sense 2
2025-07-27T13:40:05Z,83.0,Sense 2
2025-07-27T13:40:15Z,83.0,Sense 2
2025-07-27T13:40:20Z,84.0,Sense 2
2025-07-27T13:40:25Z,87.0,Sense 2
2025-07-27T13:40:35Z,88.0,Sense 2
2025-07-27T13:40:40Z,85.0,Sense 2
2025-07-27T13:40:45Z,86.0,Sense 2
2025-07-27T13:40:50Z,86.0,Sense 2
2025-07-27T13:40:55Z,88.0,Sense 2
2025-07-27T13:41:00Z,87.0,Sense 2
2025-07-27T13:41:05Z,88.0,Sense 2
2025-07-27T13:41:10Z,87.0,Sense 2
2025-07-27T13:41:15Z,91.0,Sense 2
2025-07-27T13:41:20Z,90.0,Sense 2
2025-07-27T13:41:25Z,90.0,Sense 2
2025-07-27T13:41:35Z,88.0,Sense 2
2025-07-27T13:41:45Z,89.0,Sense 2
2025-07-27T13:41:50Z,90.0,Sense 2
2025-07-27T13:42:00Z,85.0,Sense 2
2025-07-27T13:42:05Z,86.0,Sense 2
2025-07-27T13:42:10Z,88.0,Sense 2
2025-07-27T13:42:15Z,92.0,Sense 2
2025-07-27T13:42:20Z,95.0,Sense 2
2025-07-27T13:42:25Z,92.0,Sense 2
2025-07-27T13:42:30Z,90.0,Sense 2
2025-07-27T13:42:35Z,90.0,Sense 2
2025-07-27T13:42:40Z,87.0,Sense 2
2025-07-27T13:42:45Z,86.0,Sense 2
2025-07-27T13:42:50Z,84.0,Sense 2
2025-07-27T13:43:05Z,85.0,Sense 2
2025-07-27T13:43:10Z,87.0,Sense 2
2025-07-27T13:43:15Z,88.0,Sense 2
2025-07-27T13:43:20Z,87.0,Sense 2
2025-07-27T13:43:30Z,86.0,Sense 2
2025-07-27T13:43:35Z,84.0,Sense 2
2025-07-27T13:43:45Z,85.0,Sense 2
2025-07-27T13:43:50Z,87.0,Sense 2
2025-07-27T13:43:55Z,83.0,Sense 2
2025-07-27T13:44:05Z,84.0,Sense 2
2025-07-27T13:44:10Z,85.0,Sense 2
2025-07-27T13:44:15Z,85.0,Sense 2
2025-07-27T13:44:20Z,86.0,Sense 2
2025-07-27T13:44:25Z,88.0,Sense 2
2025-07-27T13:44:30Z,88.0,Sense 2
2025-07-27T13:44:35Z,85.0,Sense 2
2025-07-27T13:44:50Z,84.0,Sense 2
2025-07-27T13:45:05Z,85.0,Sense 2
2025-07-27T13:45:10Z,86.0,Sense 2
2025-07-27T13:45:15Z,87.0,Sense 2
2025-07-27T13:45:20Z,88.0,Sense 2
2025-07-27T13:45:30Z,85.0,Sense 2
2025-07-27T13:45:35Z,84.0,Sense 2
2025-07-27T13:45:40Z,85.0,Sense 2
2025-07-27T13:45:45Z,87.0,Sense 2
2025-07-27T13:45:50Z,87.0,Sense 2
2025-07-27T13:46:00Z,85.0,Sense 2
2025-07-27T13:46:05Z,84.0,Sense 2
2025-07-27T13:46:10Z,83.0,Sense 2
2025-07-27T13:46:20Z,82.0,Sense 2
2025-07-27T13:46:35Z,82.0,Sense 2
2025-07-27T13:46:50Z,82.0,Sense 2
2025-07-27T13:47:00Z,79.0,Sense 2
2025-07-27T13:47:10Z,86.0,Sense 2
2025-07-27T13:47:15Z,85.0,Sense 2
2025-07-27T13:47:20Z,86.0,Sense 2
2025-07-27T13:47:25Z,87.0,Sense 2
2025-07-27T13:47:30Z,85.0,Sense 2
2025-07-27T13:47:35Z,83.0,Sense 2
2025-07-27T13:47:40Z,82.0,Sense 2
2025-07-27T13:47:46Z,83.0,Sense 2
2025-07-27T13:47:51Z,83.0,Sense 2
2025-07-27T13:47:56Z,83.0,Sense 2
2025-07-27T13:48:06Z,84.0,Sense 2
2025-07-27T13:48:11Z,84.0,Sense 2
2025-07-27T13:48:21Z,85.0,Sense 2
2025-07-27T13:48:26Z,88.0,Sense 2
2025-07-27T13:48:31Z,92.0,Sense 2
2025-07-27T13:48:36Z,93.0,Sense 2
2025-07-27T13:48:41Z,92.0,Sense 2
2025-07-27T13:48:51Z,90.0,Sense 2
2025-07-27T13:49:06Z,89.0,Sense 2
2025-07-27T13:49:11Z,84.0,Sense 2
2025-07-27T13:49:16Z,83.0,Sense 2
2025-07-27T13:49:21Z,80.0,Sense 2
2025-07-27T13:49:26Z,78.0,Sense 2
2025-07-27T13:49:31Z,79.0,Sense 2
2025-07-27T13:49:36Z,79.0,Sense 2
2025-07-27T13:49:46Z,79.0,Sense 2
2025-07-27T13:49:51Z,80.0,Sense 2
2025-07-27T13:49:56Z,81.0,Sense 2
2025-07-27T13:50:01Z,79.0,Sense 2
2025-07-27T13:50:06Z,79.0,Sense 2
2025-07-27T13:50:21Z,80.0,Sense 2
2025-07-27T13:50:31Z,82.0,Sense 2
2025-07-27T13:50:36Z,86.0,Sense 2
2025-07-27T13:50:41Z,88.0,Sense 2
2025-07-27T13:50:46Z,87.0,Sense 2
2025-07-27T13:50:51Z,88.0,Sense 2
2025-07-27T13:50:56Z,85.0,Sense 2
2025-07-27T13:51:06Z,83.0,Sense 2
2025-07-27T13:51:11Z,81.0,Sense 2
2025-07-27T13:51:16Z,78.0,Sense 2
2025-07-27T13:51:21Z,77.0,Sense 2
2025-07-27T13:51:26Z,77.0,Sense 2
2025-07-27T13:51:31Z,78.0,Sense 2
2025-07-27T13:51:41Z,82.0,Sense 2
2025-07-27T13:51:46Z,83.0,Sense 2
2025-07-27T13:51:51Z,81.0,Sense 2
2025-07-27T13:51:56Z,80.0,Sense 2
2025-07-27T13:52:01Z,79.0,Sense 2
2025-07-27T13:52:06Z,78.0,Sense 2
2025-07-27T13:52:11Z,79.0,Sense 2
2025-07-27T13:52:16Z,80.0,Sense 2
2025-07-27T13:52:21Z,82.0,Sense 2
2025-07-27T13:52:26Z,80.0,Sense 2
2025-07-27T13:52:36Z,80.0,Sense 2
2025-07-27T13:52:46Z,80.0,Sense 2
2025-07-27T13:53:01Z,82.0,Sense 2
2025-07-27T13:53:06Z,85.0,Sense 2
2025-07-27T13:53:11Z,82.0,Sense 2
2025-07-27T13:53:16Z,83.0,Sense 2
2025-07-27T13:53:21Z,82.0,Sense 2
2025-07-27T13:53:26Z,84.0,Sense 2
2025-07-27T13:53:31Z,83.0,Sense 2
2025-07-27T13:53:36Z,84.0,Sense 2
2025-07-27T13:53:41Z,83.0,Sense 2
2025-07-27T13:53:46Z,83.0,Sense 2
2025-07-27T13:53:51Z,81.0,Sense 2
2025-07-27T13:53:56Z,78.0,Sense 2
2025-07-27T13:54:01Z,77.0,Sense 2
2025-07-27T13:54:06Z,78.0,Sense 2
2025-07-27T13:54:16Z,79.0,Sense 2
2025-07-27T13:54:21Z,81.0,Sense 2
2025-07-27T13:54:26Z,82.0,Sense 2
2025-07-27T13:54:31Z,81.0,Sense 2
2025-07-27T13:54:36Z,83.0,Sense 2
2025-07-27T13:54:41Z,84.0,Sense 2
2025-07-27T13:54:46Z,82.0,Sense 2
2025-07-27T13:54:51Z,83.0,Sense 2
2025-07-27T13:55:01Z,82.0,Sense 2
2025-07-27T13:55:11Z,81.0,Sense 2
2025-07-27T13:55:16Z,80.0,Sense 2
2025-07-27T13:55:21Z,81.0,Sense 2
2025-07-27T13:55:26Z,82.0,Sense 2
2025-07-27T13:55:31Z,83.0,Sense 2
2025-07-27T13:55:41Z,84.0,Sense 2
2025-07-27T13:55:46Z,86.0,Sense 2
2025-07-27T13:55:51Z,88.0,Sense 2
2025-07-27T13:55:56Z,91.0,Sense 2
2025-07-27T13:56:01Z,87.0,Sense 2
2025-07-27T13:56:06Z,88.0,Sense 2
2025-07-27T13:56:11Z,89.0,Sense 2
2025-07-27T13:56:16Z,86.0,Sense 2
2025-07-27T13:56:21Z,87.0,Sense 2
2025-07-27T13:56:26Z,85.0,Sense 2
2025-07-27T13:56:31Z,85.0,Sense 2
2025-07-27T13:56:36Z,85.0,Sense 2
2025-07-27T13:56:41Z,84.0,Sense 2
2025-07-27T13:56:46Z,80.0,Sense 2
2025-07-27T13:56:51Z,79.0,Sense 2
2025-07-27T13:56:56Z,78.0,Sense 2
2025-07-27T13:57:01Z,77.0,Sense 2
2025-07-27T13:57:16Z,78.0,Sense 2
2025-07-27T13:57:21Z,79.0,Sense 2
2025-07-27T13:57:26Z,80.0,Sense 2
2025-07-27T13:57:31Z,81.0,Sense 2
2025-07-27T13:57:36Z,80.0,Sense 2
2025-07-27T13:57:46Z,81.0,Sense 2
2025-07-27T13:57:56Z,81.0,Sense 2
2025-07-27T13:58:11Z,82.0,Sense 2
2025-07-27T13:58:16Z,83.0,Sense 2
2025-07-27T13:58:26Z,81.0,Sense 2
2025-07-27T13:58:31Z,78.0,Sense 2
2025-07-27T13:58:46Z,79.0,Sense 2
2025-07-27T13:58:51Z,79.0,Sense 2
2025-07-27T13:58:56Z,80.0,Sense 2
2025-07-27T13:59:01Z,82.0,Sense 2
2025-07-27T13:59:06Z,83.0,Sense 2
2025-07-27T13:59:16Z,83.0,Sense 2
2025-07-27T13:59:31Z,83.0,Sense 2
2025-07-27T13:59:36Z,82.0,Sense 2
2025-07-27T13:59:41Z,81.0,Sense 2
2025-07-27T13:59:46Z,80.0,Sense 2
2025-07-27T13:59:56Z,81.0,Sense 2
2025-07-27T14:00:01Z,81.0,Sense 2
2025-07-27T14:00:06Z,82.0,Sense 2
2025-07-27T14:00:16Z,83.0,Sense 2
2025-07-27T14:00:21Z,85.0,Sense 2
2025-07-27T14:00:26Z,87.0,Sense 2
2025-07-27T14:00:36Z,89.0,Sense 2
2025-07-27T14:00:41Z,87.0,Sense 2
2025-07-27T14:00:51Z,86.0,Sense 2
2025-07-27T14:01:01Z,85.0,Sense 2
2025-07-27T14:01:11Z,84.0,Sense 2
2025-07-27T14:01:16Z,83.0,Sense 2
2025-07-27T14:01:31Z,83.0,Sense 2
2025-07-27T14:01:41Z,81.0,Sense 2
2025-07-27T14:01:46Z,82.0,Sense 2
2025-07-27T14:01:56Z,80.0,Sense 2
2025-07-27T14:02:01Z,79.0,Sense 2
2025-07-27T14:02:11Z,80.0,Sense 2
2025-07-27T14:02:16Z,81.0,Sense 2
2025-07-27T14:02:26Z,82.0,Sense 2
2025-07-27T14:02:41Z,81.0,Sense 2
2025-07-27T14:02:46Z,82.0,Sense 2
2025-07-27T14:02:51Z,82.0,Sense 2
2025-07-27T14:03:01Z,83.0,Sense 2
2025-07-27T14:03:06Z,80.0,Sense 2
2025-07-27T14:03:11Z,79.0,Sense 2
2025-07-27T14:03:16Z,79.0,Sense 2
2025-07-27T14:03:21Z,80.0,Sense 2
2025-07-27T14:03:26Z,81.0,Sense 2
2025-07-27T14:03:31Z,82.0,Sense 2
2025-07-27T14:03:41Z,84.0,Sense 2
2025-07-27T14:03:46Z,85.0,Sense 2
2025-07-27T14:03:51Z,84.0,Sense 2
2025-07-27T14:03:56Z,82.0,Sense 2
2025-07-27T14:04:06Z,83.0,Sense 2
2025-07-27T14:04:11Z,85.0,Sense 2
2025-07-27T14:04:26Z,84.0,Sense 2
2025-07-27T14:04:31Z,85.0,Sense 2
2025-07-27T14:04:36Z,85.0,Sense 2
2025-07-27T14:04:41Z,84.0,Sense 2
2025-07-27T14:04:46Z,83.0,Sense 2
2025-07-27T14:04:51Z,81.0,Sense 2
2025-07-27T14:05:01Z,80.0,Sense 2
2025-07-27T14:05:16Z,81.0,Sense 2
2025-07-27T14:05:31Z,82.0,Sense 2
2025-07-27T14:05:36Z,83.0,Sense 2
2025-07-27T14:05:46Z,82.0,Sense 2
2025-07-27T14:05:56Z,81.0,Sense 2
2025-07-27T14:06:01Z,80.0,Sense 2
2025-07-27T14:06:06Z,78.0,Sense 2
2025-07-27T14:06:11Z,76.0,Sense 2
2025-07-27T14:06:16Z,76.0,Sense 2
2025-07-27T14:06:31Z,77.0,Sense 2
2025-07-27T14:06:46Z,77.0,Sense 2
2025-07-27T14:06:56Z,78.0,Sense 2
2025-07-27T14:07:01Z,78.0,Sense 2
2025-07-27T14:07:11Z,78.0,Sense 2
2025-07-27T14:07:16Z,78.0,Sense 2
2025-07-27T14:07:21Z,82.0,Sense 2
2025-07-27T14:07:26Z,83.0,Sense 2
2025-07-27T14:07:36Z,82.0,Sense 2
2025-07-27T14:07:41Z,83.0,Sense 2
2025-07-27T14:07:46Z,85.0,Sense 2
2025-07-27T14:07:56Z,83.0,Sense 2
2025-07-27T14:08:01Z,82.0,Sense 2
2025-07-27T14:08:06Z,80.0,Sense 2
2025-07-27T14:08:11Z,81.0,Sense 2
2025-07-27T14:08:26Z,81.0,Sense 2
2025-07-27T14:08:31Z,81.0,Sense 2
2025-07-27T14:08:46Z,81.0,Sense 2
2025-07-27T14:08:56Z,81.0,Sense 2
2025-07-27T14:09:11Z,81.0,Sense 2
2025-07-27T14:09:16Z,83.0,Sense 2
2025-07-27T14:09:21Z,83.0,Sense 2
2025-07-27T14:09:26Z,81.0,Sense 2
2025-07-27T14:09:31Z,81.0,Sense 2
2025-07-27T14:09:36Z,79.0,Sense 2
2025-07-27T14:09:41Z,79.0,Sense 2
2025-07-27T14:09:56Z,79.0,Sense 2
2025-07-27T14:10:01Z,80.0,Sense 2
2025-07-27T14:10:11Z,79.0,Sense 2
2025-07-27T14:10:16Z,82.0,Sense 2
2025-07-27T14:10:21Z,83.0,Sense 2
2025-07-27T14:10:31Z,82.0,Sense 2
2025-07-27T14:10:36Z,83.0,Sense 2
2025-07-27T14:10:41Z,79.0,Sense 2
2025-07-27T14:10:46Z,78.0,Sense 2
2025-07-27T14:10:51Z,79.0,Sense 2
2025-07-27T14:10:56Z,79.0,Sense 2
2025-07-27T14:11:11Z,79.0,Sense 2
2025-07-27T14:11:16Z,79.0,Sense 2
2025-07-27T14:11:21Z,79.0,Sense 2
2025-07-27T14:11:31Z,79.0,Sense 2
2025-07-27T14:11:36Z,78.0,Sense 2
2025-07-27T14:11:41Z,79.0,Sense 2
2025-07-27T14:11:46Z,77.0,Sense 2
2025-07-27T14:11:56Z,75.0,Sense 2
2025-07-27T14:12:01Z,74.0,Sense 2
2025-07-27T14:12:06Z,75.0,Sense 2
2025-07-27T14:12:11Z,76.0,Sense 2
2025-07-27T14:12:16Z,76.0,Sense 2
2025-07-27T14:12:31Z,78.0,Sense 2
2025-07-27T14:12:36Z,79.0,Sense 2
2025-07-27T14:12:41Z,81.0,Sense 2
2025-07-27T14:12:51Z,80.0,Sense 2
2025-07-27T14:12:56Z,79.0,Sense 2
2025-07-27T14:13:06Z,80.0,Sense 2
2025-07-27T14:13:16Z,78.0,Sense 2
2025-07-27T14:13:21Z,76.0,Sense 2
2025-07-27T14:13:36Z,77.0,Sense 2
2025-07-27T14:13:41Z,77.0,Sense 2
2025-07-27T14:13:46Z,78.0,Sense 2
2025-07-27T14:14:01Z,78.0,Sense 2
2025-07-27T14:14:06Z,80.0,Sense 2
2025-07-27T14:14:11Z,82.0,Sense 2
2025-07-27T14:14:16Z,80.0,Sense 2
2025-07-27T14:14:26Z,80.0,Sense 2
2025-07-27T14:14:31Z,80.0,Sense 2
2025-07-27T14:14:36Z,81.0,Sense 2
2025-07-27T14:14:41Z,80.0,Sense 2
2025-07-27T14:14:46Z,81.0,Sense 2
2025-07-27T14:14:51Z,83.0,Sense 2
2025-07-27T14:14:56Z,81.0,Sense 2
2025-07-27T14:15:01Z,78.0,Sense 2
2025-07-27T14:15:11Z,78.0,Sense 2
2025-07-27T14:15:16Z,79.0,Sense 2
2025-07-27T14:15:21Z,81.0,Sense 2
2025-07-27T14:15:31Z,80.0,Sense 2
2025-07-27T14:15:41Z,83.0,Sense 2
2025-07-27T14:15:46Z,82.0,Sense 2
2025-07-27T14:15:51Z,80.0,Sense 2
2025-07-27T14:15:56Z,80.0,Sense 2
2025-07-27T14:16:11Z,81.0,Sense 2
2025-07-27T14:16:21Z,80.0,Sense 2
2025-07-27T14:16:31Z,81.0,Sense 2
2025-07-27T14:16:36Z,81.0,Sense 2
2025-07-27T14:16:46Z,81.0,Sense 2
2025-07-27T14:16:51Z,80.0,Sense 2
2025-07-27T14:17:01Z,82.0,Sense 2
2025-07-27T14:17:06Z,83.0,Sense 2
2025-07-27T14:17:11Z,83.0,Sense 2
2025-07-27T14:17:26Z,85.0,Sense 2
2025-07-27T14:17:31Z,84.0,Sense 2
2025-07-27T14:17:36Z,83.0,Sense 2
2025-07-27T14:17:41Z,84.0,Sense 2
2025-07-27T14:17:46Z,85.0,Sense 2
2025-07-27T14:18:01Z,84.0,Sense 2
2025-07-27T14:18:05Z,83.0,Sense 2
2025-07-27T14:18:10Z,83.0,Sense 2
2025-07-27T14:18:15Z,82.0,Sense 2
2025-07-27T14:18:20Z,78.0,Sense 2
2025-07-27T14:18:25Z,77.0,Sense 2
2025-07-27T14:18:30Z,79.0,Sense 2
2025-07-27T14:18:35Z,83.0,Sense 2
2025-07-27T14:18:40Z,84.0,Sense 2
2025-07-27T14:18:45Z,85.0,Sense 2
2025-07-27T14:18:55Z,85.0,Sense 2
2025-07-27T14:19:00Z,85.0,Sense 2
2025-07-27T14:19:05Z,83.0,Sense 2
2025-07-27T14:19:10Z,82.0,Sense 2
2025-07-27T14:19:25Z,82.0,Sense 2
2025-07-27T14:19:30Z,83.0,Sense 2
2025-07-27T14:19:35Z,81.0,Sense 2
2025-07-27T14:19:40Z,80.0,Sense 2
2025-07-27T14:19:45Z,79.0,Sense 2
2025-07-27T14:19:50Z,77.0,Sense 2
2025-07-27T14:19:55Z,76.0,Sense 2
2025-07-27T14:20:00Z,75.0,Sense 2
2025-07-27T14:20:10Z,76.0,Sense 2
2025-07-27T14:20:15Z,75.0,Sense 2
2025-07-27T14:20:20Z,75.0,Sense 2
2025-07-27T14:20:30Z,77.0,Sense 2
2025-07-27T14:20:35Z,79.0,Sense 2
2025-07-27T14:20:40Z,81.0,Sense 2
2025-07-27T14:20:45Z,82.0,Sense 2
2025-07-27T14:21:00Z,80.0,Sense 2
2025-07-27T14:21:05Z,79.0,Sense 2
2025-07-27T14:21:20Z,79.0,Sense 2
2025-07-27T14:21:30Z,79.0,Sense 2
2025-07-27T14:21:35Z,78.0,Sense 2
2025-07-27T14:21:40Z,76.0,Sense 2
2025-07-27T14:21:50Z,78.0,Sense 2
2025-07-27T14:21:55Z,79.0,Sense 2
2025-07-27T14:22:05Z,80.0,Sense 2
2025-07-27T14:22:10Z,81.0,Sense 2
2025-07-27T14:22:15Z,82.0,Sense 2
2025-07-27T14:22:20Z,79.0,Sense 2
2025-07-27T14:22:25Z,77.0,Sense 2
2025-07-27T14:22:35Z,77.0,Sense 2
2025-07-27T14:22:40Z,79.0,Sense 2
2025-07-27T14:22:45Z,83.0,Sense 2
2025-07-27T14:22:50Z,84.0,Sense 2
2025-07-27T14:22:55Z,83.0,Sense 2
2025-07-27T14:23:05Z,84.0,Sense 2
2025-07-27T14:23:10Z,87.0,Sense 2
2025-07-27T14:23:15Z,84.0,Sense 2
2025-07-27T14:23:20Z,88.0,Sense 2
2025-07-27T14:23:25Z,87.0,Sense 2
2025-07-27T14:23:30Z,85.0,Sense 2
2025-07-27T14:23:35Z,84.0,Sense 2
2025-07-27T14:23:40Z,83.0,Sense 2
2025-07-27T14:23:45Z,83.0,Sense 2
2025-07-27T14:23:55Z,83.0,Sense 2
2025-07-27T14:24:00Z,82.0,Sense 2
2025-07-27T14:24:10Z,83.0,Sense 2
2025-07-27T14:24:25Z,83.0,Sense 2
2025-07-27T14:24:30Z,84.0,Sense 2
2025-07-27T14:24:40Z,83.0,Sense 2
2025-07-27T14:24:45Z,84.0,Sense 2
2025-07-27T14:24:50Z,83.0,Sense 2
2025-07-27T14:25:00Z,83.0,Sense 2
2025-07-27T14:25:05Z,84.0,Sense 2
2025-07-27T14:25:20Z,85.0,Sense 2
2025-07-27T14:25:25Z,86.0,Sense 2
2025-07-27T14:25:30Z,88.0,Sense 2
2025-07-27T14:25:35Z,87.0,Sense 2
2025-07-27T14:25:40Z,88.0,Sense 2
2025-07-27T14:25:45Z,89.0,Sense 2
2025-07-27T14:25:50Z,88.0,Sense 2
2025-07-27T14:26:00Z,86.0,Sense 2
2025-07-27T14:26:10Z,88.0,Sense 2
2025-07-27T14:26:15Z,87.0,Sense 2
2025-07-27T14:26:20Z,86.0,Sense 2
2025-07-27T14:26:30Z,87.0,Sense 2
2025-07-27T14:26:35Z,86.0,Sense 2
2025-07-27T14:26:45Z,85.0,Sense 2
2025-07-27T14:26:50Z,84.0,Sense 2
2025-07-27T14:26:55Z,81.0,Sense 2
2025-07-27T14:27:00Z,73.0,Sense 2
2025-07-27T14:27:05Z,71.0,Sense 2
2025-07-27T14:27:15Z,74.0,Sense 2
2025-07-27T14:27:20Z,76.0,Sense 2
2025-07-27T14:27:25Z,76.0,Sense 2
2025-07-27T14:27:35Z,77.0,Sense 2
2025-07-27T14:27:40Z,77.0,Sense 2
2025-07-27T14:27:45Z,78.0,Sense 2
2025-07-27T14:27:50Z,77.0,Sense 2
2025-07-27T14:27:55Z,76.0,Sense 2
2025-07-27T14:28:05Z,78.0,Sense 2
2025-07-27T14:28:10Z,79.0,Sense 2
2025-07-27T14:28:15Z,80.0,Sense 2
2025-07-27T14:28:20Z,78.0,Sense 2
2025-07-27T14:28:25Z,80.0,Sense 2
2025-07-27T14:28:30Z,79.0,Sense 2
2025-07-27T14:28:35Z,79.0,Sense 2
2025-07-27T14:28:45Z,77.0,Sense 2
2025-07-27T14:28:50Z,76.0,Sense 2
2025-07-27T14:28:55Z,77.0,Sense 2
2025-07-27T14:29:00Z,77.0,Sense 2
2025-07-27T14:29:10Z,76.0,Sense 2
2025-07-27T14:29:15Z,75.0,Sense 2
2025-07-27T14:29:20Z,76.0,Sense 2
2025-07-27T14:29:25Z,78.0,Sense 2
2025-07-27T14:29:30Z,78.0,Sense 2
2025-07-27T14:29:35Z,77.0,Sense 2
2025-07-27T14:29:40Z,77.0,Sense 2
2025-07-27T14:29:45Z,78.0,Sense 2
2025-07-27T14:29:50Z,78.0,Sense 2
2025-07-27T14:29:55Z,80.0,Sense 2
2025-07-27T14:30:00Z,82.0,Sense 2
2025-07-27T14:30:05Z,81.0,Sense 2
2025-07-27T14:30:10Z,77.0,Sense 2
2025-07-27T14:30:15Z,76.0,Sense 2
2025-07-27T14:30:20Z,75.0,Sense 2
2025-07-27T14:30:25Z,75.0,Sense 2
2025-07-27T14:30:30Z,75.0,Sense 2
2025-07-27T14:30:35Z,76.0,Sense 2
2025-07-27T14:30:40Z,78.0,Sense 2
2025-07-27T14:30:45Z,79.0,Sense 2
2025-07-27T14:30:55Z,77.0,Sense 2
2025-07-27T14:31:00Z,76.0,Sense 2
2025-07-27T14:31:05Z,75.0,Sense 2
2025-07-27T14:31:10Z,75.0,Sense 2
2025-07-27T14:31:25Z,75.0,Sense 2
2025-07-27T14:31:30Z,76.0,Sense 2
2025-07-27T14:31:35Z,77.0,Sense 2
2025-07-27T14:31:40Z,78.0,Sense 2
2025-07-27T14:31:45Z,79.0,Sense 2
2025-07-27T14:31:50Z,80.0,Sense 2
2025-07-27T14:31:55Z,79.0,Sense 2
2025-07-27T14:32:00Z,80.0,Sense 2
2025-07-27T14:32:05Z,80.0,Sense 2
2025-07-27T14:32:10Z,79.0,Sense 2
2025-07-27T14:32:15Z,79.0,Sense 2
2025-07-27T14:32:20Z,79.0,Sense 2
2025-07-27T14:32:25Z,78.0,Sense 2
2025-07-27T14:32:35Z,78.0,Sense 2
2025-07-27T14:32:40Z,79.0,Sense 2
2025-07-27T14:32:45Z,79.0,Sense 2
2025-07-27T14:33:00Z,79.0,Sense 2
2025-07-27T14:33:12Z,79.0,Sense 2
2025-07-27T14:33:17Z,79.0,Sense 2
2025-07-27T14:33:27Z,80.0,Sense 2
2025-07-27T14:33:32Z,79.0,Sense 2
2025-07-27T14:33:42Z,78.0,Sense 2
2025-07-27T14:33:47Z,79.0,Sense 2
2025-07-27T14:33:57Z,80.0,Sense 2
2025-07-27T14:34:02Z,81.0,Sense 2
2025-07-27T14:34:07Z,80.0,Sense 2
2025-07-27T14:34:12Z,77.0,Sense 2
2025-07-27T14:34:17Z,74.0,Sense 2
2025-07-27T14:34:22Z,72.0,Sense 2
2025-07-27T14:34:27Z,75.0,Sense 2
2025-07-27T14:34:32Z,77.0,Sense 2
2025-07-27T14:34:37Z,82.0,Sense 2
2025-07-27T14:34:47Z,83.0,Sense 2
2025-07-27T14:34:57Z,84.0,Sense 2
2025-07-27T14:35:02Z,82.0,Sense 2
2025-07-27T14:35:17Z,79.0,Sense 2
2025-07-27T14:35:32Z,79.0,Sense 2
2025-07-27T14:35:37Z,80.0,Sense 2
2025-07-27T14:35:47Z,80.0,Sense 2
2025-07-27T14:35:52Z,81.0,Sense 2
2025-07-27T14:35:57Z,81.0,Sense 2
2025-07-27T14:36:02Z,82.0,Sense 2
2025-07-27T14:36:07Z,83.0,Sense 2
2025-07-27T14:36:12Z,84.0,Sense 2
2025-07-27T14:36:17Z,84.0,Sense 2
2025-07-27T14:36:22Z,85.0,Sense 2
2025-07-27T14:36:32Z,84.0,Sense 2
2025-07-27T14:36:37Z,85.0,Sense 2
2025-07-27T14:36:47Z,86.0,Sense 2
2025-07-27T14:36:57Z,87.0,Sense 2
2025-07-27T14:37:02Z,86.0,Sense 2
2025-07-27T14:37:07Z,85.0,Sense 2
2025-07-27T14:37:12Z,85.0,Sense 2
2025-07-27T14:37:17Z,84.0,Sense 2
2025-07-27T14:37:22Z,82.0,Sense 2
2025-07-27T14:37:27Z,82.0,Sense 2
2025-07-27T14:37:37Z,81.0,Sense 2
2025-07-27T14:37:42Z,80.0,Sense 2
2025-07-27T14:37:47Z,80.0,Sense 2
2025-07-27T14:37:52Z,82.0,Sense 2
2025-07-27T14:37:57Z,82.0,Sense 2
2025-07-27T14:38:02Z,81.0,Sense 2
2025-07-27T14:38:07Z,81.0,Sense 2
2025-07-27T14:38:12Z,82.0,Sense 2
2025-07-27T14:38:17Z,81.0,Sense 2
2025-07-27T14:38:22Z,82.0,Sense 2
2025-07-27T14:38:32Z,83.0,Sense 2
2025-07-27T14:38:37Z,84.0,Sense 2
2025-07-27T14:38:47Z,83.0,Sense 2
2025-07-27T14:38:52Z,84.0,Sense 2
2025-07-27T14:38:57Z,85.0,Sense 2
2025-07-27T14:39:02Z,85.0,Sense 2
2025-07-27T14:39:07Z,84.0,Sense 2
2025-07-27T14:39:12Z,83.0,Sense 2
2025-07-27T14:39:17Z,82.0,Sense 2
2025-07-27T14:39:22Z,84.0,Sense 2
2025-07-27T14:39:27Z,83.0,Sense 2
2025-07-27T14:39:32Z,85.0,Sense 2
2025-07-27T14:39:42Z,88.0,Sense 2
2025-07-27T14:39:47Z,92.0,Sense 2
2025-07-27T14:39:52Z,96.0,Sense 2
2025-07-27T14:40:07Z,97.0,Sense 2
2025-07-27T14:40:22Z,96.0,Sense 2
2025-07-27T14:40:27Z,95.0,Sense 2
2025-07-27T14:40:42Z,96.0,Sense 2
2025-07-27T14:40:47Z,97.0,Sense 2
2025-07-27T14:40:57Z,95.0,Sense 2
2025-07-27T14:41:02Z,92.0,Sense 2
2025-07-27T14:41:07Z,91.0,Sense 2
2025-07-27T14:41:12Z,88.0,Sense 2
2025-07-27T14:41:17Z,85.0,Sense 2
2025-07-27T14:41:27Z,84.0,Sense 2
2025-07-27T14:41:32Z,83.0,Sense 2
2025-07-27T14:41:37Z,81.0,Sense 2
2025-07-27T14:41:42Z,78.0,Sense 2
2025-07-27T14:41:47Z,78.0,Sense 2
2025-07-27T14:41:52Z,77.0,Sense 2
2025-07-27T14:42:02Z,78.0,Sense 2
2025-07-27T14:42:07Z,78.0,Sense 2
2025-07-27T14:42:12Z,79.0,Sense 2
2025-07-27T14:42:17Z,78.0,Sense 2
2025-07-27T14:42:27Z,77.0,Sense 2
2025-07-27T14:42:32Z,74.0,Sense 2
2025-07-27T14:42:47Z,75.0,Sense 2
2025-07-27T14:42:52Z,78.0,Sense 2
2025-07-27T14:42:57Z,79.0,Sense 2
2025-07-27T14:43:02Z,78.0,Sense 2
2025-07-27T14:43:07Z,79.0,Sense 2
2025-07-27T14:43:12Z,80.0,Sense 2
2025-07-27T14:43:17Z,78.0,Sense 2
2025-07-27T14:43:22Z,76.0,Sense 2
2025-07-27T14:43:37Z,76.0,Sense 2
2025-07-27T14:43:42Z,77.0,Sense 2
2025-07-27T14:43:57Z,78.0,Sense 2
2025-07-27T14:44:02Z,77.0,Sense 2
2025-07-27T14:44:12Z,77.0,Sense 2
2025-07-27T14:44:22Z,78.0,Sense 2
2025-07-27T14:44:27Z,79.0,Sense 2
2025-07-27T14:44:32Z,80.0,Sense 2
2025-07-27T14:44:37Z,81.0,Sense 2
2025-07-27T14:44:47Z,78.0,Sense 2
2025-07-27T14:44:52Z,77.0,Sense 2
2025-07-27T14:44:57Z,76.0,Sense 2
2025-07-27T14:45:02Z,77.0,Sense 2
2025-07-27T14:45:12Z,78.0,Sense 2
2025-07-27T14:45:17Z,78.0,Sense 2
2025-07-27T14:45:27Z,79.0,Sense 2
2025-07-27T14:45:37Z,79.0,Sense 2
2025-07-27T14:45:42Z,80.0,Sense 2
2025-07-27T14:45:47Z,81.0,Sense 2
2025-07-27T14:45:57Z,80.0,Sense 2
2025-07-27T14:46:02Z,77.0,Sense 2
2025-07-27T14:46:12Z,78.0,Sense 2
2025-07-27T14:46:17Z,79.0,Sense 2
2025-07-27T14:46:27Z,81.0,Sense 2
2025-07-27T14:46:32Z,82.0,Sense 2
2025-07-27T14:46:42Z,82.0,Sense 2
2025-07-27T14:46:52Z,79.0,Sense 2
2025-07-27T14:46:57Z,79.0,Sense 2
2025-07-27T14:47:07Z,80.0,Sense 2
2025-07-27T14:47:12Z,82.0,Sense 2
2025-07-27T14:47:17Z,83.0,Sense 2
2025-07-27T14:47:22Z,82.0,Sense 2
2025-07-27T14:47:27Z,81.0,Sense 2
2025-07-27T14:47:32Z,82.0,Sense 2
2025-07-27T14:47:37Z,83.0,Sense 2
2025-07-27T14:47:42Z,84.0,Sense 2
2025-07-27T14:47:47Z,83.0,Sense 2
2025-07-27T14:47:52Z,82.0,Sense 2
2025-07-27T14:47:57Z,81.0,Sense 2
2025-07-27T14:48:07Z,79.0,Sense 2
2025-07-27T14:48:12Z,76.0,Sense 2
2025-07-27T14:48:17Z,76.0,Sense 2
2025-07-27T14:48:22Z,78.0,Sense 2
2025-07-27T14:48:27Z,79.0,Sense 2
2025-07-27T14:48:32Z,81.0,Sense 2
2025-07-27T14:48:37Z,80.0,Sense 2
2025-07-27T14:48:47Z,80.0,Sense 2
2025-07-27T14:48:52Z,81.0,Sense 2
2025-07-27T14:48:57Z,84.0,Sense 2
2025-07-27T14:49:02Z,84.0,Sense 2
2025-07-27T14:49:07Z,84.0,Sense 2
2025-07-27T14:49:12Z,83.0,Sense 2
2025-07-27T14:49:17Z,84.0,Sense 2
2025-07-27T14:49:22Z,83.0,Sense 2
2025-07-27T14:49:27Z,82.0,Sense 2
2025-07-27T14:49:32Z,81.0,Sense 2
2025-07-27T14:49:37Z,80.0,Sense 2
2025-07-27T14:49:42Z,80.0,Sense 2
2025-07-27T14:49:47Z,79.0,Sense 2
2025-07-27T14:49:52Z,78.0,Sense 2
2025-07-27T14:49:57Z,76.0,Sense 2
2025-07-27T14:50:02Z,78.0,Sense 2
2025-07-27T14:50:07Z,79.0,Sense 2
2025-07-27T14:50:22Z,78.0,Sense 2
2025-07-27T14:50:27Z,77.0,Sense 2
2025-07-27T14:50:32Z,76.0,Sense 2
2025-07-27T14:50:47Z,77.0,Sense 2
2025-07-27T14:50:52Z,79.0,Sense 2
2025-07-27T14:50:57Z,79.0,Sense 2
2025-07-27T14:51:02Z,77.0,Sense 2
2025-07-27T14:51:07Z,75.0,Sense 2
2025-07-27T14:51:12Z,76.0,Sense 2
2025-07-27T14:51:17Z,77.0,Sense 2
2025-07-27T14:51:22Z,78.0,Sense 2
2025-07-27T14:51:27Z,80.0,Sense 2
2025-07-27T14:51:37Z,78.0,Sense 2
2025-07-27T14:51:42Z,77.0,Sense 2
2025-07-27T14:51:47Z,78.0,Sense 2
2025-07-27T14:51:52Z,77.0,Sense 2
2025-07-27T14:51:57Z,76.0,Sense 2
2025-07-27T14:52:02Z,74.0,Sense 2
2025-07-27T14:52:07Z,75.0,Sense 2
2025-07-27T14:52:12Z,76.0,Sense 2
2025-07-27T14:52:17Z,79.0,Sense 2
2025-07-27T14:52:22Z,78.0,Sense 2
2025-07-27T14:52:27Z,77.0,Sense 2
2025-07-27T14:52:32Z,76.0,Sense 2
2025-07-27T14:52:37Z,77.0,Sense 2
2025-07-27T14:52:42Z,79.0,Sense 2
2025-07-27T14:52:52Z,80.0,Sense 2
2025-07-27T14:53:02Z,79.0,Sense 2
2025-07-27T14:53:07Z,79.0,Sense 2
2025-07-27T14:53:12Z,80.0,Sense 2
2025-07-27T14:53:27Z,80.0,Sense 2
2025-07-27T14:53:32Z,80.0,Sense 2
2025-07-27T14:53:37Z,80.0,Sense 2
2025-07-27T14:53:42Z,80.0,Sense 2
2025-07-27T14:53:47Z,80.0,Sense 2
2025-07-27T14:53:52Z,80.0,Sense 2
2025-07-27T14:54:02Z,81.0,Sense 2
2025-07-27T14:54:07Z,83.0,Sense 2
2025-07-27T14:54:17Z,80.0,Sense 2
2025-07-27T14:54:22Z,77.0,Sense 2
2025-07-27T14:54:32Z,78.0,Sense 2
2025-07-27T14:54:37Z,76.0,Sense 2
2025-07-27T14:54:47Z,76.0,Sense 2
2025-07-27T14:54:52Z,75.0,Sense 2
2025-07-27T14:54:57Z,76.0,Sense 2
2025-07-27T14:55:07Z,76.0,Sense 2
2025-07-27T14:55:17Z,77.0,Sense 2
2025-07-27T14:55:22Z,79.0,Sense 2
2025-07-27T14:55:32Z,81.0,Sense 2
2025-07-27T14:55:37Z,80.0,Sense 2
2025-07-27T14:55:42Z,78.0,Sense 2
2025-07-27T14:55:47Z,77.0,Sense 2
2025-07-27T14:56:02Z,77.0,Sense 2
2025-07-27T14:56:07Z,75.0,Sense 2
2025-07-27T14:56:12Z,73.0,Sense 2
2025-07-27T14:56:22Z,74.0,Sense 2
2025-07-27T14:56:27Z,74.0,Sense 2
2025-07-27T14:56:32Z,75.0,Sense 2
2025-07-27T14:56:37Z,75.0,Sense 2
2025-07-27T14:56:42Z,75.0,Sense 2
2025-07-27T14:56:47Z,75.0,Sense 2
2025-07-27T14:56:57Z,76.0,Sense 2
2025-07-27T14:57:12Z,76.0,Sense 2
2025-07-27T14:57:17Z,76.0,Sense 2
2025-07-27T14:57:22Z,76.0,Sense 2
2025-07-27T14:57:37Z,77.0,Sense 2
2025-07-27T14:57:47Z,78.0,Sense 2
2025-07-27T14:57:52Z,82.0,Sense 2
2025-07-27T14:58:02Z,83.0,Sense 2
2025-07-27T14:58:12Z,82.0,Sense 2
2025-07-27T14:58:17Z,81.0,Sense 2
2025-07-27T14:58:22Z,79.0,Sense 2
2025-07-27T14:58:27Z,76.0,Sense 2
2025-07-27T14:58:37Z,77.0,Sense 2
2025-07-27T14:58:47Z,78.0,Sense 2
2025-07-27T14:58:52Z,80.0,Sense 2
2025-07-27T14:58:57Z,81.0,Sense 2
2025-07-27T14:59:02Z,79.0,Sense 2
2025-07-27T14:59:07Z,77.0,Sense 2
2025-07-27T14:59:12Z,77.0,Sense 2
2025-07-27T14:59:22Z,78.0,Sense 2
2025-07-27T14:59:27Z,80.0,Sense 2
2025-07-27T14:59:32Z,81.0,Sense 2
2025-07-27T14:59:37Z,82.0,Sense 2
2025-07-27T14:59:42Z,82.0,Sense 2
2025-07-27T14:59:47Z,81.0,Sense 2
2025-07-27T14:59:52Z,81.0,Sense 2
2025-07-27T14:59:57Z,81.0,Sense 2
2025-07-27T15:00:02Z,79.0,Sense 2
2025-07-27T15:00:07Z,79.0,Sense 2
2025-07-27T15:00:17Z,81.0,Sense 2
2025-07-27T15:00:27Z,79.0,Sense 2
2025-07-27T15:00:32Z,79.0,Sense 2
2025-07-27T15:00:37Z,80.0,Sense 2
2025-07-27T15:00:42Z,81.0,Sense 2
2025-07-27T15:00:47Z,79.0,Sense 2
2025-07-27T15:01:02Z,78.0,Sense 2
2025-07-27T15:01:12Z,78.0,Sense 2
2025-07-27T15:01:22Z,79.0,Sense 2
2025-07-27T15:01:27Z,80.0,Sense 2
2025-07-27T15:01:32Z,79.0,Sense 2
2025-07-27T15:01:42Z,78.0,Sense 2
2025-07-27T15:01:47Z,78.0,Sense 2
2025-07-27T15:01:52Z,78.0,Sense 2
2025-07-27T15:01:57Z,79.0,Sense 2
2025-07-27T15:02:02Z,78.0,Sense 2
2025-07-27T15:02:12Z,82.0,Sense 2
2025-07-27T15:02:17Z,83.0,Sense 2
2025-07-27T15:02:27Z,82.0,Sense 2
2025-07-27T15:02:32Z,81.0,Sense 2
2025-07-27T15:02:37Z,80.0,Sense 2
2025-07-27T15:02:42Z,79.0,Sense 2
2025-07-27T15:02:47Z,79.0,Sense 2
2025-07-27T15:02:52Z,79.0,Sense 2
2025-07-27T15:03:02Z,80.0,Sense 2
2025-07-27T15:03:07Z,81.0,Sense 2
2025-07-27T15:03:12Z,82.0,Sense 2
2025-07-27T15:03:17Z,80.0,Sense 2
2025-07-27T15:03:22Z,76.0,Sense 2
2025-07-27T15:03:27Z,75.0,Sense 2
2025-07-27T15:03:37Z,75.0,Sense 2
2025-07-27T15:03:42Z,77.0,Sense 2
2025-07-27T15:03:47Z,79.0,Sense 2
2025-07-27T15:03:52Z,79.0,Sense 2
2025-07-27T15:03:57Z,80.0,Sense 2
2025-07-27T15:04:02Z,79.0,Sense 2
2025-07-27T15:04:07Z,78.0,Sense 2
2025-07-27T15:04:17Z,79.0,Sense 2
2025-07-27T15:04:22Z,80.0,Sense 2
2025-07-27T15:04:27Z,82.0,Sense 2
2025-07-27T15:04:32Z,81.0,Sense 2
2025-07-27T15:04:37Z,80.0,Sense 2
2025-07-27T15:04:47Z,79.0,Sense 2
2025-07-27T15:05:02Z,81.0,Sense 2
2025-07-27T15:05:07Z,83.0,Sense 2
2025-07-27T15:05:17Z,82.0,Sense 2
2025-07-27T15:05:22Z,82.0,Sense 2
2025-07-27T15:05:27Z,84.0,Sense 2
2025-07-27T15:05:32Z,85.0,Sense 2
2025-07-27T15:05:37Z,85.0,Sense 2
2025-07-27T15:05:42Z,84.0,Sense 2
2025-07-27T15:05:47Z,83.0,Sense 2
2025-07-27T15:05:52Z,81.0,Sense 2
2025-07-27T15:05:57Z,79.0,Sense 2
2025-07-27T15:06:07Z,78.0,Sense 2
2025-07-27T15:06:12Z,76.0,Sense 2
2025-07-27T15:06:22Z,76.0,Sense 2
2025-07-27T15:06:37Z,76.0,Sense 2
2025-07-27T15:06:52Z,76.0,Sense 2
2025-07-27T15:06:57Z,78.0,Sense 2
2025-07-27T15:07:02Z,78.0,Sense 2
2025-07-27T15:07:07Z,79.0,Sense 2
2025-07-27T15:07:12Z,80.0,Sense 2
2025-07-27T15:07:17Z,83.0,Sense 2
2025-07-27T15:07:22Z,83.0,Sense 2
2025-07-27T15:07:27Z,79.0,Sense 2
2025-07-27T15:07:32Z,78.0,Sense 2
2025-07-27T15:07:37Z,76.0,Sense 2
2025-07-27T15:07:42Z,75.0,Sense 2
2025-07-27T15:07:47Z,74.0,Sense 2
2025-07-27T15:07:52Z,73.0,Sense 2
2025-07-27T15:07:57Z,73.0,Sense 2
2025-07-27T15:08:07Z,79.0,Sense 2
2025-07-27T15:08:12Z,80.0,Sense 2
2025-07-27T15:08:17Z,83.0,Sense 2
2025-07-27T15:08:22Z,79.0,Sense 2
2025-07-27T15:08:27Z,80.0,Sense 2
2025-07-27T15:08:32Z,81.0,Sense 2
2025-07-27T15:08:37Z,81.0,Sense 2
2025-07-27T15:08:42Z,83.0,Sense 2
2025-07-27T15:08:52Z,82.0,Sense 2
2025-07-27T15:08:57Z,82.0,Sense 2
2025-07-27T15:09:02Z,81.0,Sense 2
2025-07-27T15:09:07Z,78.0,Sense 2
2025-07-27T15:09:12Z,76.0,Sense 2
2025-07-27T15:09:17Z,77.0,Sense 2
2025-07-27T15:09:27Z,78.0,Sense 2
2025-07-27T15:09:32Z,82.0,Sense 2
2025-07-27T15:09:37Z,83.0,Sense 2
2025-07-27T15:09:42Z,82.0,Sense 2
2025-07-27T15:09:47Z,82.0,Sense 2
2025-07-27T15:09:52Z,80.0,Sense 2
2025-07-27T15:09:57Z,79.0,Sense 2
2025-07-27T15:10:02Z,78.0,Sense 2
2025-07-27T15:10:07Z,77.0,Sense 2
2025-07-27T15:10:12Z,78.0,Sense 2
2025-07-27T15:10:22Z,79.0,Sense 2
2025-07-27T15:10:27Z,80.0,Sense 2
2025-07-27T15:10:37Z,77.0,Sense 2
2025-07-27T15:10:42Z,75.0,Sense 2
2025-07-27T15:10:47Z,74.0,Sense 2
2025-07-27T15:10:52Z,76.0,Sense 2
2025-07-27T15:10:57Z,75.0,Sense 2
2025-07-27T15:11:02Z,72.0,Sense 2
2025-07-27T15:11:07Z,71.0,Sense 2
2025-07-27T15:11:12Z,72.0,Sense 2
2025-07-27T15:11:27Z,71.0,Sense 2
2025-07-27T15:11:32Z,72.0,Sense 2
2025-07-27T15:11:37Z,74.0,Sense 2
2025-07-27T15:11:42Z,75.0,Sense 2
2025-07-27T15:11:47Z,76.0,Sense 2
2025-07-27T15:11:52Z,75.0,Sense 2
2025-07-27T15:11:57Z,73.0,Sense 2
2025-07-27T15:12:02Z,74.0,Sense 2
2025-07-27T15:12:07Z,76.0,Sense 2
2025-07-27T15:12:12Z,78.0,Sense 2
2025-07-27T15:12:17Z,77.0,Sense 2
2025-07-27T15:12:22Z,73.0,Sense 2
2025-07-27T15:12:32Z,74.0,Sense 2
2025-07-27T15:12:37Z,75.0,Sense 2
2025-07-27T15:12:42Z,76.0,Sense 2
2025-07-27T15:12:57Z,76.0,Sense 2
2025-07-27T15:13:07Z,75.0,Sense 2
2025-07-27T15:13:12Z,75.0,Sense 2
2025-07-27T15:13:17Z,74.0,Sense 2
2025-07-27T15:13:32Z,74.0,Sense 2
2025-07-27T15:13:37Z,73.0,Sense 2
2025-07-27T15:13:42Z,72.0,Sense 2
2025-07-27T15:13:52Z,71.0,Sense 2
2025-07-27T15:14:02Z,72.0,Sense 2
2025-07-27T15:14:07Z,73.0,Sense 2
2025-07-27T15:14:12Z,76.0,Sense 2
2025-07-27T15:14:17Z,78.0,Sense 2
2025-07-27T15:14:32Z,79.0,Sense 2
2025-07-27T15:14:42Z,80.0,Sense 2
2025-07-27T15:14:47Z,80.0,Sense 2
2025-07-27T15:14:52Z,79.0,Sense 2
2025-07-27T15:14:57Z,77.0,Sense 2
2025-07-27T15:15:07Z,78.0,Sense 2
2025-07-27T15:15:22Z,78.0,Sense 2
2025-07-27T15:15:27Z,76.0,Sense 2
2025-07-27T15:15:32Z,77.0,Sense 2
2025-07-27T15:15:42Z,77.0,Sense 2
2025-07-27T15:15:47Z,76.0,Sense 2
2025-07-27T15:15:52Z,74.0,Sense 2
2025-07-27T15:15:57Z,72.0,Sense 2
2025-07-27T15:16:02Z,72.0,Sense 2
2025-07-27T15:16:17Z,73.0,Sense 2
2025-07-27T15:16:22Z,74.0,Sense 2
2025-07-27T15:16:37Z,74.0,Sense 2
2025-07-27T15:16:47Z,75.0,Sense 2
2025-07-27T15:16:52Z,75.0,Sense 2
2025-07-27T15:16:57Z,76.0,Sense 2
2025-07-27T15:17:07Z,77.0,Sense 2
2025-07-27T15:17:12Z,78.0,Sense 2
2025-07-27T15:17:22Z,77.0,Sense 2
2025-07-27T15:17:27Z,75.0,Sense 2
2025-07-27T15:17:32Z,74.0,Sense 2
2025-07-27T15:17:37Z,77.0,Sense 2
2025-07-27T15:17:47Z,76.0,Sense 2
2025-07-27T15:17:52Z,75.0,Sense 2
2025-07-27T15:18:07Z,75.0,Sense 2
2025-07-27T15:18:12Z,74.0,Sense 2
2025-07-27T15:18:17Z,72.0,Sense 2
2025-07-27T15:18:27Z,73.0,Sense 2
2025-07-27T15:18:32Z,78.0,Sense 2
2025-07-27T15:18:37Z,77.0,Sense 2
2025-07-27T15:18:42Z,75.0,Sense 2
2025-07-27T15:18:47Z,74.0,Sense 2
2025-07-27T15:19:02Z,74.0,Sense 2
2025-07-27T15:19:12Z,74.0,Sense 2
2025-07-27T15:19:22Z,76.0,Sense 2
2025-07-27T15:19:27Z,78.0,Sense 2
2025-07-27T15:19:32Z,77.0,Sense 2
2025-07-27T15:19:42Z,79.0,Sense 2
2025-07-27T15:19:47Z,78.0,Sense 2
2025-07-27T15:19:57Z,78.0,Sense 2
2025-07-27T15:20:12Z,78.0,Sense 2
2025-07-27T15:20:17Z,76.0,Sense 2
2025-07-27T15:20:22Z,75.0,Sense 2
2025-07-27T15:20:27Z,74.0,Sense 2
2025-07-27T15:20:37Z,75.0,Sense 2
2025-07-27T15:20:42Z,77.0,Sense 2
2025-07-27T15:20:47Z,79.0,Sense 2
2025-07-27T15:20:57Z,81.0,Sense 2
2025-07-27T15:21:02Z,81.0,Sense 2
2025-07-27T15:21:07Z,80.0,Sense 2
2025-07-27T15:21:17Z,79.0,Sense 2
2025-07-27T15:21:22Z,78.0,Sense 2
2025-07-27T15:21:37Z,78.0,Sense 2
2025-07-27T15:21:42Z,78.0,Sense 2
2025-07-27T15:21:47Z,79.0,Sense 2
2025-07-27T15:21:52Z,79.0,Sense 2
2025-07-27T15:22:07Z,78.0,Sense 2
2025-07-27T15:22:12Z,76.0,Sense 2
2025-07-27T15:22:17Z,74.0,Sense 2
2025-07-27T15:22:22Z,75.0,Sense 2
2025-07-27T15:22:37Z,76.0,Sense 2
2025-07-27T15:22:42Z,77.0,Sense 2
2025-07-27T15:22:47Z,75.0,Sense 2
2025-07-27T15:22:52Z,74.0,Sense 2
2025-07-27T15:23:07Z,74.0,Sense 2
2025-07-27T15:23:12Z,76.0,Sense 2
2025-07-27T15:23:27Z,73.0,Sense 2
2025-07-27T15:23:32Z,74.0,Sense 2
2025-07-27T15:23:42Z,76.0,Sense 2
2025-07-27T15:23:47Z,76.0,Sense 2
2025-07-27T15:23:57Z,77.0,Sense 2
2025-07-27T15:24:02Z,79.0,Sense 2
2025-07-27T15:24:07Z,80.0,Sense 2
2025-07-27T15:24:12Z,85.0,Sense 2
2025-07-27T15:24:17Z,86.0,Sense 2
2025-07-27T15:24:22Z,87.0,Sense 2
2025-07-27T15:24:32Z,89.0,Sense 2
2025-07-27T15:24:42Z,87.0,Sense 2
2025-07-27T15:24:47Z,85.0,Sense 2
2025-07-27T15:24:52Z,87.0,Sense 2
2025-07-27T15:25:02Z,90.0,Sense 2
2025-07-27T15:25:07Z,91.0,Sense 2
2025-07-27T15:25:12Z,92.0,Sense 2
2025-07-27T15:25:17Z,93.0,Sense 2
2025-07-27T15:25:32Z,92.0,Sense 2
2025-07-27T15:25:37Z,93.0,Sense 2
2025-07-27T15:25:42Z,94.0,Sense 2
2025-07-27T15:25:47Z,98.0,Sense 2
2025-07-27T15:25:52Z,96.0,Sense 2
2025-07-27T15:25:57Z,98.0,Sense 2
2025-07-27T15:26:02Z,95.0,Sense 2
2025-07-27T15:26:07Z,97.0,Sense 2
2025-07-27T15:26:12Z,100.0,Sense 2
2025-07-27T15:26:22Z,102.0,Sense 2
2025-07-27T15:26:32Z,103.0,Sense 2
2025-07-27T15:26:42Z,104.0,Sense 2
2025-07-27T15:26:47Z,101.0,Sense 2
2025-07-27T15:26:52Z,98.0,Sense 2
2025-07-27T15:26:57Z,99.0,Sense 2
2025-07-27T15:27:02Z,98.0,Sense 2
2025-07-27T15:27:07Z,96.0,Sense 2
2025-07-27T15:27:17Z,97.0,Sense 2
2025-07-27T15:27:22Z,96.0,Sense 2
2025-07-27T15:27:27Z,97.0,Sense 2
2025-07-27T15:27:37Z,95.0,Sense 2
2025-07-27T15:27:42Z,99.0,Sense 2
2025-07-27T15:27:47Z,103.0,Sense 2
2025-07-27T15:27:52Z,101.0,Sense 2
2025-07-27T15:27:57Z,102.0,Sense 2
2025-07-27T15:28:02Z,99.0,Sense 2
2025-07-27T15:28:07Z,95.0,Sense 2
2025-07-27T15:28:12Z,96.0,Sense 2
2025-07-27T15:28:17Z,93.0,Sense 2
2025-07-27T15:28:22Z,90.0,Sense 2
2025-07-27T15:28:32Z,90.0,Sense 2
2025-07-27T15:28:37Z,91.0,Sense 2
2025-07-27T15:28:42Z,89.0,Sense 2
2025-07-27T15:28:52Z,90.0,Sense 2
2025-07-27T15:28:57Z,88.0,Sense 2
2025-07-27T15:29:02Z,89.0,Sense 2
2025-07-27T15:29:07Z,84.0,Sense 2
2025-07-27T15:29:12Z,87.0,Sense 2
2025-07-27T15:29:22Z,91.0,Sense 2
2025-07-27T15:29:27Z,90.0,Sense 2
2025-07-27T15:29:32Z,89.0,Sense 2
2025-07-27T15:29:37Z,88.0,Sense 2
2025-07-27T15:29:42Z,91.0,Sense 2
2025-07-27T15:29:47Z,92.0,Sense 2
2025-07-27T15:29:52Z,95.0,Sense 2
2025-07-27T15:29:57Z,97.0,Sense 2
2025-07-27T15:30:02Z,98.0,Sense 2
2025-07-27T15:30:07Z,100.0,Sense 2
2025-07-27T15:30:12Z,101.0,Sense 2
2025-07-27T15:30:17Z,100.0,Sense 2
2025-07-27T15:30:22Z,96.0,Sense 2
2025-07-27T15:30:27Z,91.0,Sense 2
2025-07-27T15:30:32Z,87.0,Sense 2
2025-07-27T15:30:37Z,85.0,Sense 2
2025-07-27T15:30:47Z,86.0,Sense 2
2025-07-27T15:30:52Z,83.0,Sense 2
2025-07-27T15:30:57Z,82.0,Sense 2
2025-07-27T15:31:02Z,82.0,Sense 2
2025-07-27T15:31:07Z,85.0,Sense 2
2025-07-27T15:31:12Z,86.0,Sense 2
2025-07-27T15:31:22Z,83.0,Sense 2
2025-07-27T15:31:27Z,86.0,Sense 2
2025-07-27T15:31:32Z,88.0,Sense 2
2025-07-27T15:31:37Z,87.0,Sense 2
2025-07-27T15:31:52Z,87.0,Sense 2
2025-07-27T15:32:02Z,88.0,Sense 2
2025-07-27T15:32:07Z,89.0,Sense 2
2025-07-27T15:32:12Z,90.0,Sense 2
2025-07-27T15:32:17Z,93.0,Sense 2
2025-07-27T15:32:22Z,91.0,Sense 2
2025-07-27T15:32:37Z,90.0,Sense 2
2025-07-27T15:32:42Z,88.0,Sense 2
2025-07-27T15:32:47Z,87.0,Sense 2
2025-07-27T15:32:57Z,89.0,Sense 2
2025-07-27T15:33:02Z,90.0,Sense 2
2025-07-27T15:33:07Z,88.0,Sense 2
2025-07-27T15:33:12Z,87.0,Sense 2
2025-07-27T15:33:22Z,89.0,Sense 2
2025-07-27T15:33:27Z,90.0,Sense 2
2025-07-27T15:33:37Z,91.0,Sense 2
2025-07-27T15:33:43Z,90.0,Sense 2
2025-07-27T15:33:48Z,86.0,Sense 2
2025-07-27T15:33:53Z,87.0,Sense 2
2025-07-27T15:33:58Z,88.0,Sense 2
2025-07-27T15:34:13Z,89.0,Sense 2
2025-07-27T15:34:18Z,89.0,Sense 2
2025-07-27T15:34:23Z,89.0,Sense 2
2025-07-27T15:34:33Z,90.0,Sense 2
2025-07-27T15:34:38Z,92.0,Sense 2
2025-07-27T15:34:43Z,93.0,Sense 2
2025-07-27T15:34:48Z,92.0,Sense 2
2025-07-27T15:34:53Z,92.0,Sense 2
2025-07-27T15:34:58Z,91.0,Sense 2
2025-07-27T15:35:03Z,89.0,Sense 2
2025-07-27T15:35:08Z,88.0,Sense 2
2025-07-27T15:35:13Z,90.0,Sense 2
2025-07-27T15:35:18Z,89.0,Sense 2
2025-07-27T15:35:23Z,87.0,Sense 2
2025-07-27T15:35:28Z,86.0,Sense 2
2025-07-27T15:35:33Z,87.0,Sense 2
2025-07-27T15:35:43Z,88.0,Sense 2
2025-07-27T15:35:53Z,88.0,Sense 2
2025-07-27T15:35:58Z,91.0,Sense 2
2025-07-27T15:36:03Z,90.0,Sense 2
2025-07-27T15:36:08Z,90.0,Sense 2
2025-07-27T15:36:13Z,91.0,Sense 2
2025-07-27T15:36:18Z,91.0,Sense 2
2025-07-27T15:36:23Z,92.0,Sense 2
2025-07-27T15:36:28Z,92.0,Sense 2
2025-07-27T15:36:33Z,91.0,Sense 2
2025-07-27T15:36:38Z,89.0,Sense 2
2025-07-27T15:36:48Z,90.0,Sense 2
2025-07-27T15:36:53Z,91.0,Sense 2
2025-07-27T15:37:03Z,92.0,Sense 2
2025-07-27T15:37:08Z,90.0,Sense 2
2025-07-27T15:37:23Z,90.0,Sense 2
2025-07-27T15:37:28Z,91.0,Sense 2
2025-07-27T15:37:43Z,91.0,Sense 2
2025-07-27T15:37:48Z,87.0,Sense 2
2025-07-27T15:37:53Z,86.0,Sense 2
2025-07-27T15:38:03Z,87.0,Sense 2
2025-07-27T15:38:08Z,89.0,Sense 2
2025-07-27T15:38:13Z,91.0,Sense 2
2025-07-27T15:38:23Z,91.0,Sense 2
2025-07-27T15:38:28Z,90.0,Sense 2
2025-07-27T15:38:33Z,89.0,Sense 2
2025-07-27T15:38:38Z,88.0,Sense 2
2025-07-27T15:38:43Z,89.0,Sense 2
2025-07-27T15:38:48Z,87.0,Sense 2
2025-07-27T15:38:53Z,87.0,Sense 2
2025-07-27T15:39:03Z,88.0,Sense 2
2025-07-27T15:39:08Z,91.0,Sense 2
2025-07-27T15:39:18Z,88.0,Sense 2
2025-07-27T15:39:23Z,86.0,Sense 2
2025-07-27T15:39:28Z,88.0,Sense 2
2025-07-27T15:39:33Z,90.0,Sense 2
2025-07-27T15:39:38Z,91.0,Sense 2
2025-07-27T15:39:48Z,91.0,Sense 2
2025-07-27T15:39:53Z,90.0,Sense 2
2025-07-27T15:39:58Z,93.0,Sense 2
2025-07-27T15:40:03Z,95.0,Sense 2
2025-07-27T15:40:08Z,97.0,Sense 2
2025-07-27T15:40:13Z,98.0,Sense 2
2025-07-27T15:40:18Z,99.0,Sense 2
2025-07-27T15:40:23Z,98.0,Sense 2
2025-07-27T15:40:38Z,99.0,Sense 2
2025-07-27T15:40:43Z,100.0,Sense 2
2025-07-27T15:40:58Z,99.0,Sense 2
2025-07-27T15:41:03Z,100.0,Sense 2
2025-07-27T15:41:08Z,99.0,Sense 2
2025-07-27T15:41:23Z,100.0,Sense 2
2025-07-27T15:41:38Z,101.0,Sense 2
2025-07-27T15:41:43Z,100.0,Sense 2
2025-07-27T15:41:58Z,101.0,Sense 2
2025-07-27T15:42:03Z,103.0,Sense 2
2025-07-27T15:42:08Z,104.0,Sense 2
2025-07-27T15:42:13Z,107.0,Sense 2
2025-07-27T15:42:18Z,108.0,Sense 2
2025-07-27T15:42:33Z,109.0,Sense 2
2025-07-27T15:42:38Z,108.0,Sense 2
2025-07-27T15:42:43Z,107.0,Sense 2
2025-07-27T15:42:48Z,108.0,Sense 2
2025-07-27T15:42:53Z,107.0,Sense 2
2025-07-27T15:42:58Z,109.0,Sense 2
2025-07-27T15:43:03Z,108.0,Sense 2
2025-07-27T15:43:08Z,106.0,Sense 2
2025-07-27T15:43:13Z,104.0,Sense 2
2025-07-27T15:43:23Z,102.0,Sense 2
2025-07-27T15:43:28Z,101.0,Sense 2
2025-07-27T15:43:38Z,100.0,Sense 2
2025-07-27T15:43:43Z,97.0,Sense 2
2025-07-27T15:43:48Z,98.0,Sense 2
2025-07-27T15:43:53Z,96.0,Sense 2
2025-07-27T15:43:58Z,98.0,Sense 2
2025-07-27T15:44:03Z,97.0,Sense 2
2025-07-27T15:44:13Z,98.0,Sense 2
2025-07-27T15:44:18Z,95.0,Sense 2
2025-07-27T15:44:23Z,93.0,Sense 2
2025-07-27T15:44:28Z,96.0,Sense 2
2025-07-27T15:44:33Z,99.0,Sense 2
2025-07-27T15:44:38Z,101.0,Sense 2
2025-07-27T15:44:48Z,99.0,Sense 2
2025-07-27T15:44:53Z,104.0,Sense 2
2025-07-27T15:44:58Z,106.0,Sense 2
2025-07-27T15:45:08Z,107.0,Sense 2
2025-07-27T15:45:13Z,104.0,Sense 2
2025-07-27T15:45:18Z,105.0,Sense 2
2025-07-27T15:45:23Z,102.0,Sense 2
2025-07-27T15:45:28Z,102.0,Sense 2
2025-07-27T15:45:33Z,100.0,Sense 2
2025-07-27T15:45:38Z,99.0,Sense 2
2025-07-27T15:45:43Z,100.0,Sense 2
2025-07-27T15:45:53Z,103.0,Sense 2
2025-07-27T15:45:58Z,104.0,Sense 2
2025-07-27T15:46:08Z,106.0,Sense 2
2025-07-27T15:46:23Z,105.0,Sense 2
2025-07-27T15:46:28Z,103.0,Sense 2
2025-07-27T15:46:33Z,105.0,Sense 2
2025-07-27T15:46:38Z,107.0,Sense 2
2025-07-27T15:46:43Z,108.0,Sense 2
2025-07-27T15:46:48Z,112.0,Sense 2
2025-07-27T15:47:03Z,111.0,Sense 2
2025-07-27T15:47:13Z,109.0,Sense 2
2025-07-27T15:47:17Z,111.0,Sense 2
2025-07-27T15:47:18Z,109.0,Sense 2
2025-07-27T15:47:21Z,110.0,Sense 2
2025-07-27T15:47:24Z,110.0,Sense 2
2025-07-27T15:47:27Z,110.0,Sense 2
2025-07-27T15:47:28Z,109.0,Sense 2
2025-07-27T15:47:29Z,108.0,Sense 2
2025-07-27T15:47:31Z,107.0,Sense 2
2025-07-27T15:47:33Z,108.0,Sense 2
2025-07-27T15:47:34Z,109.0,Sense 2
2025-07-27T15:47:36Z,108.0,Sense 2
2025-07-27T15:47:37Z,107.0,Sense 2
2025-07-27T15:47:38Z,108.0,Sense 2
2025-07-27T15:47:40Z,109.0,Sense 2
2025-07-27T15:47:43Z,109.0,Sense 2
2025-07-27T15:47:44Z,110.0,Sense 2
2025-07-27T15:47:45Z,109.0,Sense 2
2025-07-27T15:47:47Z,108.0,Sense 2
2025-07-27T15:47:49Z,109.0,Sense 2
2025-07-27T15:47:52Z,109.0,Sense 2
2025-07-27T15:47:55Z,109.0,Sense 2
2025-07-27T15:47:58Z,109.0,Sense 2
2025-07-27T15:47:59Z,110.0,Sense 2
2025-07-27T15:48:01Z,109.0,Sense 2
2025-07-27T15:48:02Z,108.0,Sense 2
2025-07-27T15:48:03Z,107.0,Sense 2
2025-07-27T15:48:06Z,107.0,Sense 2
2025-07-27T15:48:07Z,108.0,Sense 2
2025-07-27T15:48:08Z,110.0,Sense 2
2025-07-27T15:48:09Z,112.0,Sense 2
2025-07-27T15:48:12Z,111.0,Sense 2
2025-07-27T15:48:13Z,109.0,Sense 2
2025-07-27T15:48:14Z,108.0,Sense 2
2025-07-27T15:48:17Z,108.0,Sense 2
2025-07-27T15:48:19Z,110.0,Sense 2
2025-07-27T15:48:20Z,111.0,Sense 2
2025-07-27T15:48:21Z,112.0,Sense 2
2025-07-27T15:48:22Z,110.0,Sense 2
2025-07-27T15:48:23Z,109.0,Sense 2
2025-07-27T15:48:24Z,108.0,Sense 2
2025-07-27T15:48:26Z,107.0,Sense 2
2025-07-27T15:48:27Z,105.0,Sense 2
2025-07-27T15:48:28Z,104.0,Sense 2
2025-07-27T15:48:31Z,105.0,Sense 2
2025-07-27T15:48:33Z,106.0,Sense 2
2025-07-27T15:48:34Z,107.0,Sense 2
2025-07-27T15:48:37Z,107.0,Sense 2
2025-07-27T15:48:38Z,106.0,Sense 2
2025-07-27T15:48:41Z,107.0,Sense 2
2025-07-27T15:48:44Z,107.0,Sense 2
2025-07-27T15:48:47Z,107.0,Sense 2
2025-07-27T15:48:50Z,107.0,Sense 2
2025-07-27T15:48:53Z,107.0,Sense 2
2025-07-27T15:48:54Z,108.0,Sense 2
2025-07-27T15:48:55Z,108.0,Sense 2
2025-07-27T15:48:56Z,109.0,Sense 2
2025-07-27T15:48:59Z,108.0,Sense 2
2025-07-27T15:49:00Z,109.0,Sense 2
2025-07-27T15:49:03Z,110.0,Sense 2
2025-07-27T15:49:06Z,109.0,Sense 2
2025-07-27T15:49:07Z,108.0,Sense 2
2025-07-27T15:49:09Z,109.0,Sense 2
2025-07-27T15:49:10Z,108.0,Sense 2
2025-07-27T15:49:12Z,107.0,Sense 2
2025-07-27T15:49:13Z,105.0,Sense 2
2025-07-27T15:49:14Z,103.0,Sense 2
2025-07-27T15:49:17Z,102.0,Sense 2
2025-07-27T15:49:18Z,101.0,Sense 2
2025-07-27T15:49:19Z,100.0,Sense 2
2025-07-27T15:49:22Z,99.0,Sense 2
2025-07-27T15:49:23Z,100.0,Sense 2
2025-07-27T15:49:24Z,101.0,Sense 2
2025-07-27T15:49:25Z,100.0,Sense 2
2025-07-27T15:49:26Z,99.0,Sense 2
2025-07-27T15:49:27Z,96.0,Sense 2
2025-07-27T15:49:28Z,94.0,Sense 2
2025-07-27T15:49:29Z,92.0,Sense 2
2025-07-27T15:49:30Z,91.0,Sense 2
2025-07-27T15:49:31Z,89.0,Sense 2
2025-07-27T15:49:32Z,88.0,Sense 2
2025-07-27T15:49:34Z,88.0,Sense 2
2025-07-27T15:49:35Z,87.0,Sense 2
2025-07-27T15:49:38Z,87.0,Sense 2
2025-07-27T15:49:39Z,86.0,Sense 2
2025-07-27T15:49:40Z,87.0,Sense 2
2025-07-27T15:49:41Z,86.0,Sense 2
2025-07-27T15:49:42Z,87.0,Sense 2
2025-07-27T15:49:43Z,88.0,Sense 2
2025-07-27T15:49:46Z,89.0,Sense 2
2025-07-27T15:49:47Z,88.0,Sense 2
2025-07-27T15:49:50Z,88.0,Sense 2
2025-07-27T15:49:53Z,88.0,Sense 2
2025-07-27T15:49:54Z,87.0,Sense 2
2025-07-27T15:49:57Z,87.0,Sense 2
2025-07-27T15:49:58Z,88.0,Sense 2
2025-07-27T15:49:59Z,89.0,Sense 2
2025-07-27T15:50:00Z,90.0,Sense 2
2025-07-27T15:50:01Z,91.0,Sense 2
2025-07-27T15:50:02Z,90.0,Sense 2
2025-07-27T15:50:03Z,90.0,Sense 2
2025-07-27T15:50:06Z,89.0,Sense 2
2025-07-27T15:50:07Z,88.0,Sense 2
2025-07-27T15:50:10Z,88.0,Sense 2
2025-07-27T15:50:11Z,87.0,Sense 2
2025-07-27T15:50:14Z,86.0,Sense 2
2025-07-27T15:50:15Z,85.0,Sense 2
2025-07-27T15:50:17Z,84.0,Sense 2
2025-07-27T15:50:20Z,84.0,Sense 2
2025-07-27T15:50:21Z,85.0,Sense 2
2025-07-27T15:50:24Z,85.0,Sense 2
2025-07-27T15:50:25Z,85.0,Sense 2
2025-07-27T15:50:26Z,85.0,Sense 2
2025-07-27T15:50:29Z,85.0,Sense 2
2025-07-27T15:50:31Z,85.0,Sense 2
2025-07-27T15:50:32Z,85.0,Sense 2
2025-07-27T15:50:35Z,85.0,Sense 2
2025-07-27T15:50:38Z,85.0,Sense 2
2025-07-27T15:50:39Z,86.0,Sense 2
2025-07-27T15:50:41Z,87.0,Sense 2
2025-07-27T15:50:44Z,88.0,Sense 2
2025-07-27T15:50:45Z,91.0,Sense 2
2025-07-27T15:50:46Z,94.0,Sense 2
2025-07-27T15:50:47Z,96.0,Sense 2
2025-07-27T15:50:48Z,99.0,Sense 2
2025-07-27T15:50:49Z,101.0,Sense 2
2025-07-27T15:50:50Z,102.0,Sense 2
2025-07-27T15:50:53Z,102.0,Sense 2
2025-07-27T15:50:54Z,101.0,Sense 2
2025-07-27T15:50:57Z,102.0,Sense 2
2025-07-27T15:50:58Z,103.0,Sense 2
2025-07-27T15:50:59Z,104.0,Sense 2
2025-07-27T15:51:00Z,104.0,Sense 2
2025-07-27T15:51:01Z,103.0,Sense 2
2025-07-27T15:51:03Z,103.0,Sense 2
2025-07-27T15:51:04Z,104.0,Sense 2
2025-07-27T15:51:05Z,104.0,Sense 2
2025-07-27T15:51:06Z,103.0,Sense 2
2025-07-27T15:51:09Z,104.0,Sense 2
2025-07-27T15:51:10Z,103.0,Sense 2
2025-07-27T15:51:11Z,102.0,Sense 2
2025-07-27T15:51:12Z,97.0,Sense 2
2025-07-27T15:51:13Z,91.0,Sense 2
2025-07-27T15:51:14Z,88.0,Sense 2
2025-07-27T15:51:16Z,89.0,Sense 2
2025-07-27T15:51:19Z,88.0,Sense 2
2025-07-27T15:51:20Z,88.0,Sense 2
2025-07-27T15:51:21Z,87.0,Sense 2
2025-07-27T15:51:22Z,86.0,Sense 2
2025-07-27T15:51:23Z,85.0,Sense 2
2025-07-27T15:51:24Z,84.0,Sense 2
2025-07-27T15:51:25Z,83.0,Sense 2
2025-07-27T15:51:27Z,82.0,Sense 2
2025-07-27T15:51:30Z,82.0,Sense 2
2025-07-27T15:51:31Z,84.0,Sense 2
2025-07-27T15:51:32Z,85.0,Sense 2
2025-07-27T15:51:35Z,86.0,Sense 2
2025-07-27T15:51:37Z,85.0,Sense 2
2025-07-27T15:51:39Z,86.0,Sense 2
2025-07-27T15:51:41Z,87.0,Sense 2
2025-07-27T15:51:43Z,88.0,Sense 2
2025-07-27T15:51:46Z,87.0,Sense 2
2025-07-27T15:51:47Z,87.0,Sense 2
2025-07-27T15:51:48Z,88.0,Sense 2
2025-07-27T15:51:49Z,89.0,Sense 2
2025-07-27T15:51:50Z,88.0,Sense 2
2025-07-27T15:51:51Z,87.0,Sense 2
2025-07-27T15:51:53Z,87.0,Sense 2
2025-07-27T15:51:54Z,86.0,Sense 2
2025-07-27T15:51:55Z,85.0,Sense 2
2025-07-27T15:51:56Z,84.0,Sense 2
2025-07-27T15:51:59Z,84.0,Sense 2
2025-07-27T15:52:00Z,83.0,Sense 2
2025-07-27T15:52:01Z,82.0,Sense 2
2025-07-27T15:52:04Z,83.0,Sense 2
2025-07-27T15:52:05Z,82.0,Sense 2
2025-07-27T15:52:06Z,82.0,Sense 2
2025-07-27T15:52:07Z,82.0,Sense 2
2025-07-27T15:52:08Z,83.0,Sense 2
2025-07-27T15:52:09Z,84.0,Sense 2
2025-07-27T15:52:12Z,84.0,Sense 2
2025-07-27T15:52:15Z,84.0,Sense 2
2025-07-27T15:52:16Z,83.0,Sense 2
2025-07-27T15:52:18Z,83.0,Sense 2
2025-07-27T15:52:20Z,84.0,Sense 2
2025-07-27T15:52:21Z,83.0,Sense 2
2025-07-27T15:52:23Z,84.0,Sense 2
2025-07-27T15:52:26Z,85.0,Sense 2
2025-07-27T15:52:28Z,85.0,Sense 2
2025-07-27T15:52:31Z,85.0,Sense 2
2025-07-27T15:52:32Z,85.0,Sense 2
2025-07-27T15:52:35Z,85.0,Sense 2
2025-07-27T15:52:38Z,85.0,Sense 2
2025-07-27T15:52:41Z,85.0,Sense 2
2025-07-27T15:52:43Z,85.0,Sense 2
2025-07-27T15:52:44Z,86.0,Sense 2
2025-07-27T15:52:46Z,86.0,Sense 2
2025-07-27T15:52:49Z,86.0,Sense 2
2025-07-27T15:52:52Z,86.0,Sense 2
2025-07-27T15:52:54Z,87.0,Sense 2
2025-07-27T15:52:57Z,87.0,Sense 2
2025-07-27T15:52:58Z,87.0,Sense 2
2025-07-27T15:52:59Z,86.0,Sense 2
2025-07-27T15:53:01Z,86.0,Sense 2
2025-07-27T15:53:02Z,85.0,Sense 2
2025-07-27T15:53:05Z,85.0,Sense 2
2025-07-27T15:53:08Z,85.0,Sense 2
2025-07-27T15:53:11Z,85.0,Sense 2
2025-07-27T15:53:12Z,83.0,Sense 2
2025-07-27T15:53:13Z,82.0,Sense 2
2025-07-27T15:53:14Z,81.0,Sense 2
2025-07-27T15:53:15Z,82.0,Sense 2
2025-07-27T15:53:17Z,83.0,Sense 2
2025-07-27T15:53:19Z,83.0,Sense 2
2025-07-27T15:53:22Z,83.0,Sense 2
2025-07-27T15:53:23Z,84.0,Sense 2
2025-07-27T15:53:24Z,83.0,Sense 2
2025-07-27T15:53:25Z,83.0,Sense 2
2025-07-27T15:53:26Z,84.0,Sense 2
2025-07-27T15:53:29Z,83.0,Sense 2
2025-07-27T15:53:31Z,84.0,Sense 2
2025-07-27T15:53:33Z,85.0,Sense 2
2025-07-27T15:53:34Z,85.0,Sense 2
2025-07-27T15:53:37Z,85.0,Sense 2
2025-07-27T15:53:40Z,85.0,Sense 2
2025-07-27T15:53:41Z,84.0,Sense 2
2025-07-27T15:53:42Z,82.0,Sense 2
2025-07-27T15:53:44Z,81.0,Sense 2
2025-07-27T15:53:46Z,80.0,Sense 2
2025-07-27T15:53:48Z,80.0,Sense 2
2025-07-27T15:53:49Z,79.0,Sense 2
2025-07-27T15:53:52Z,79.0,Sense 2
2025-07-27T15:53:53Z,79.0,Sense 2
2025-07-27T15:53:56Z,79.0,Sense 2
2025-07-27T15:53:57Z,79.0,Sense 2
2025-07-27T15:54:00Z,79.0,Sense 2
2025-07-27T15:54:01Z,80.0,Sense 2
2025-07-27T15:54:02Z,80.0,Sense 2
2025-07-27T15:54:05Z,80.0,Sense 2
2025-07-27T15:54:08Z,80.0,Sense 2
2025-07-27T15:54:11Z,80.0,Sense 2
2025-07-27T15:54:13Z,81.0,Sense 2
2025-07-27T15:54:16Z,81.0,Sense 2
2025-07-27T15:54:19Z,81.0,Sense 2
2025-07-27T15:54:20Z,82.0,Sense 2
2025-07-27T15:54:22Z,83.0,Sense 2
2025-07-27T15:54:23Z,82.0,Sense 2
2025-07-27T15:54:26Z,82.0,Sense 2
2025-07-27T15:54:29Z,82.0,Sense 2
2025-07-27T15:54:30Z,82.0,Sense 2
2025-07-27T15:54:33Z,82.0,Sense 2
2025-07-27T15:54:34Z,82.0,Sense 2
2025-07-27T15:54:37Z,82.0,Sense 2
2025-07-27T15:54:38Z,83.0,Sense 2
2025-07-27T15:54:41Z,82.0,Sense 2
2025-07-27T15:54:44Z,82.0,Sense 2
2025-07-27T15:54:47Z,82.0,Sense 2
2025-07-27T15:54:49Z,83.0,Sense 2
2025-07-27T15:54:51Z,84.0,Sense 2
2025-07-27T15:54:54Z,84.0,Sense 2
2025-07-27T15:54:55Z,85.0,Sense 2
2025-07-27T15:54:58Z,85.0,Sense 2
2025-07-27T15:55:00Z,86.0,Sense 2
2025-07-27T15:55:02Z,86.0,Sense 2
2025-07-27T15:55:05Z,86.0,Sense 2
2025-07-27T15:55:07Z,86.0,Sense 2
2025-07-27T15:55:10Z,86.0,Sense 2
2025-07-27T15:55:13Z,85.0,Sense 2
2025-07-27T15:55:16Z,84.0,Sense 2
2025-07-27T15:55:18Z,83.0,Sense 2
2025-07-27T15:55:19Z,83.0,Sense 2
2025-07-27T15:55:20Z,83.0,Sense 2
2025-07-27T15:55:21Z,82.0,Sense 2
2025-07-27T15:55:24Z,82.0,Sense 2
2025-07-27T15:55:25Z,83.0,Sense 2
2025-07-27T15:55:26Z,83.0,Sense 2
2025-07-27T15:55:27Z,84.0,Sense 2
2025-07-27T15:55:30Z,83.0,Sense 2
2025-07-27T15:55:31Z,84.0,Sense 2
2025-07-27T15:55:33Z,83.0,Sense 2
2025-07-27T15:55:36Z,84.0,Sense 2
2025-07-27T15:55:39Z,84.0,Sense 2
2025-07-27T15:55:40Z,83.0,Sense 2
2025-07-27T15:55:41Z,84.0,Sense 2
2025-07-27T15:55:44Z,84.0,Sense 2
2025-07-27T15:55:45Z,83.0,Sense 2
2025-07-27T15:55:48Z,83.0,Sense 2
2025-07-27T15:55:51Z,83.0,Sense 2
2025-07-27T15:55:54Z,83.0,Sense 2
2025-07-27T15:55:55Z,84.0,Sense 2
2025-07-27T15:55:58Z,84.0,Sense 2
2025-07-27T15:56:04Z,84.0,Sense 2
2025-07-27T15:56:09Z,85.0,Sense 2
2025-07-27T15:56:14Z,86.0,Sense 2
2025-07-27T15:56:19Z,85.0,Sense 2
2025-07-27T15:56:34Z,86.0,Sense 2
2025-07-27T15:56:39Z,86.0,Sense 2
2025-07-27T15:56:49Z,85.0,Sense 2
2025-07-27T15:56:59Z,86.0,Sense 2
2025-07-27T15:57:04Z,84.0,Sense 2
2025-07-27T15:57:09Z,84.0,Sense 2
2025-07-27T15:57:19Z,86.0,Sense 2
2025-07-27T15:57:24Z,89.0,Sense 2
2025-07-27T15:57:39Z,89.0,Sense 2
2025-07-27T15:57:44Z,88.0,Sense 2
2025-07-27T15:57:49Z,83.0,Sense 2
2025-07-27T15:57:54Z,84.0,Sense 2
2025-07-27T15:58:04Z,83.0,Sense 2
2025-07-27T15:58:09Z,83.0,Sense 2
2025-07-27T15:58:14Z,82.0,Sense 2
2025-07-27T15:58:24Z,85.0,Sense 2
2025-07-27T15:58:29Z,88.0,Sense 2
2025-07-27T15:58:39Z,88.0,Sense 2
2025-07-27T15:58:44Z,89.0,Sense 2
2025-07-27T15:58:54Z,90.0,Sense 2
2025-07-27T15:58:59Z,90.0,Sense 2
2025-07-27T15:59:04Z,89.0,Sense 2
2025-07-27T15:59:09Z,89.0,Sense 2
2025-07-27T15:59:14Z,90.0,Sense 2
2025-07-27T15:59:19Z,89.0,Sense 2
2025-07-27T15:59:24Z,87.0,Sense 2
2025-07-27T15:59:29Z,86.0,Sense 2
2025-07-27T15:59:34Z,85.0,Sense 2
2025-07-27T15:59:49Z,84.0,Sense 2
2025-07-27T15:59:54Z,83.0,Sense 2
2025-07-27T15:59:59Z,82.0,Sense 2
2025-07-27T16:00:04Z,81.0,Sense 2
2025-07-27T16:00:09Z,81.0,Sense 2
2025-07-27T16:00:14Z,82.0,Sense 2
2025-07-27T16:00:19Z,82.0,Sense 2
2025-07-27T16:00:24Z,82.0,Sense 2
2025-07-27T16:00:29Z,83.0,Sense 2
2025-07-27T16:00:44Z,84.0,Sense 2
2025-07-27T16:00:49Z,86.0,Sense 2
2025-07-27T16:00:54Z,87.0,Sense 2
2025-07-27T16:01:04Z,86.0,Sense 2
2025-07-27T16:01:19Z,87.0,Sense 2
2025-07-27T16:01:24Z,86.0,Sense 2
2025-07-27T16:01:29Z,83.0,Sense 2
2025-07-27T16:01:34Z,82.0,Sense 2
2025-07-27T16:01:44Z,83.0,Sense 2
2025-07-27T16:01:49Z,84.0,Sense 2
2025-07-27T16:01:54Z,84.0,Sense 2
2025-07-27T16:01:59Z,86.0,Sense 2
2025-07-27T16:02:04Z,87.0,Sense 2
2025-07-27T16:02:09Z,87.0,Sense 2
2025-07-27T16:02:14Z,86.0,Sense 2
2025-07-27T16:02:19Z,84.0,Sense 2
2025-07-27T16:02:24Z,82.0,Sense 2
2025-07-27T16:02:29Z,83.0,Sense 2
2025-07-27T16:02:34Z,85.0,Sense 2
2025-07-27T16:02:39Z,85.0,Sense 2
2025-07-27T16:02:49Z,85.0,Sense 2
2025-07-27T16:02:54Z,85.0,Sense 2
2025-07-27T16:02:59Z,85.0,Sense 2
2025-07-27T16:03:14Z,85.0,Sense 2
2025-07-27T16:03:24Z,87.0,Sense 2
2025-07-27T16:03:29Z,90.0,Sense 2
2025-07-27T16:03:34Z,89.0,Sense 2
2025-07-27T16:03:39Z,84.0,Sense 2
2025-07-27T16:03:44Z,81.0,Sense 2
2025-07-27T16:03:49Z,82.0,Sense 2
2025-07-27T16:03:54Z,85.0,Sense 2
2025-07-27T16:03:59Z,88.0,Sense 2
2025-07-27T16:04:04Z,89.0,Sense 2
2025-07-27T16:04:09Z,85.0,Sense 2
2025-07-27T16:04:14Z,84.0,Sense 2
2025-07-27T16:04:19Z,85.0,Sense 2
2025-07-27T16:04:24Z,88.0,Sense 2
2025-07-27T16:04:29Z,86.0,Sense 2
2025-07-27T16:04:34Z,85.0,Sense 2
2025-07-27T16:04:39Z,87.0,Sense 2
2025-07-27T16:04:44Z,88.0,Sense 2
2025-07-27T16:04:54Z,89.0,Sense 2
2025-07-27T16:04:59Z,88.0,Sense 2
2025-07-27T16:05:04Z,87.0,Sense 2
2025-07-27T16:05:09Z,86.0,Sense 2
2025-07-27T16:05:14Z,88.0,Sense 2
2025-07-27T16:05:19Z,89.0,Sense 2
2025-07-27T16:05:34Z,88.0,Sense 2
2025-07-27T16:05:39Z,87.0,Sense 2
2025-07-27T16:05:44Z,86.0,Sense 2
2025-07-27T16:05:49Z,85.0,Sense 2
2025-07-27T16:06:04Z,85.0,Sense 2
2025-07-27T16:06:14Z,84.0,Sense 2
2025-07-27T16:06:19Z,83.0,Sense 2
2025-07-27T16:06:34Z,84.0,Sense 2
2025-07-27T16:06:39Z,85.0,Sense 2
2025-07-27T16:06:44Z,86.0,Sense 2
2025-07-27T16:06:49Z,87.0,Sense 2
2025-07-27T16:06:54Z,89.0,Sense 2
2025-07-27T16:07:04Z,89.0,Sense 2
2025-07-27T16:07:09Z,90.0,Sense 2
2025-07-27T16:07:24Z,89.0,Sense 2
2025-07-27T16:07:29Z,88.0,Sense 2
2025-07-27T16:07:44Z,89.0,Sense 2
2025-07-27T16:07:49Z,88.0,Sense 2
2025-07-27T16:07:54Z,86.0,Sense 2
2025-07-27T16:08:04Z,87.0,Sense 2
2025-07-27T16:08:09Z,88.0,Sense 2
2025-07-27T16:08:24Z,89.0,Sense 2
2025-07-27T16:08:39Z,89.0,Sense 2
2025-07-27T16:08:54Z,89.0,Sense 2
2025-07-27T16:08:59Z,88.0,Sense 2
2025-07-27T16:09:04Z,87.0,Sense 2
2025-07-27T16:09:14Z,86.0,Sense 2
2025-07-27T16:09:19Z,88.0,Sense 2
2025-07-27T16:09:29Z,89.0,Sense 2
2025-07-27T16:09:34Z,90.0,Sense 2
2025-07-27T16:09:49Z,87.0,Sense 2
2025-07-27T16:09:54Z,85.0,Sense 2
2025-07-27T16:10:09Z,87.0,Sense 2
2025-07-27T16:10:14Z,88.0,Sense 2
2025-07-27T16:10:24Z,89.0,Sense 2
2025-07-27T16:10:39Z,89.0,Sense 2
2025-07-27T16:10:44Z,88.0,Sense 2
2025-07-27T16:10:49Z,86.0,Sense 2
2025-07-27T16:10:54Z,87.0,Sense 2
2025-07-27T16:10:59Z,88.0,Sense 2
2025-07-27T16:11:14Z,87.0,Sense 2
2025-07-27T16:11:19Z,85.0,Sense 2
2025-07-27T16:11:24Z,84.0,Sense 2
2025-07-27T16:11:29Z,85.0,Sense 2
2025-07-27T16:11:34Z,84.0,Sense 2
2025-07-27T16:11:39Z,86.0,Sense 2
2025-07-27T16:11:44Z,87.0,Sense 2
2025-07-27T16:11:49Z,87.0,Sense 2
2025-07-27T16:11:54Z,88.0,Sense 2
2025-07-27T16:11:59Z,89.0,Sense 2
2025-07-27T16:12:04Z,90.0,Sense 2
2025-07-27T16:12:14Z,88.0,Sense 2
2025-07-27T16:12:19Z,85.0,Sense 2
2025-07-27T16:12:29Z,87.0,Sense 2
2025-07-27T16:12:34Z,89.0,Sense 2
2025-07-27T16:12:39Z,87.0,Sense 2
2025-07-27T16:12:44Z,86.0,Sense 2
2025-07-27T16:12:49Z,87.0,Sense 2
2025-07-27T16:12:59Z,88.0,Sense 2
2025-07-27T16:13:04Z,90.0,Sense 2
2025-07-27T16:13:09Z,91.0,Sense 2
2025-07-27T16:13:19Z,90.0,Sense 2
2025-07-27T16:13:34Z,90.0,Sense 2
2025-07-27T16:13:44Z,88.0,Sense 2
2025-07-27T16:13:54Z,90.0,Sense 2
2025-07-27T16:13:59Z,89.0,Sense 2
2025-07-27T16:14:04Z,88.0,Sense 2
2025-07-27T16:14:14Z,90.0,Sense 2
2025-07-27T16:14:19Z,91.0,Sense 2
2025-07-27T16:14:34Z,90.0,Sense 2
2025-07-27T16:14:44Z,89.0,Sense 2
2025-07-27T16:14:54Z,89.0,Sense 2
2025-07-27T16:14:59Z,90.0,Sense 2
2025-07-27T16:15:04Z,90.0,Sense 2
2025-07-27T16:15:09Z,89.0,Sense 2
2025-07-27T16:15:14Z,88.0,Sense 2
2025-07-27T16:15:19Z,87.0,Sense 2
2025-07-27T16:15:24Z,88.0,Sense 2
2025-07-27T16:15:29Z,88.0,Sense 2
2025-07-27T16:15:44Z,89.0,Sense 2
2025-07-27T16:15:54Z,90.0,Sense 2
2025-07-27T16:15:59Z,91.0,Sense 2
2025-07-27T16:16:04Z,92.0,Sense 2
2025-07-27T16:16:14Z,91.0,Sense 2
2025-07-27T16:16:29Z,91.0,Sense 2
2025-07-27T16:16:39Z,90.0,Sense 2
2025-07-27T16:16:44Z,88.0,Sense 2
2025-07-27T16:16:54Z,90.0,Sense 2
2025-07-27T16:17:09Z,91.0,Sense 2
2025-07-27T16:17:14Z,90.0,Sense 2
2025-07-27T16:17:19Z,89.0,Sense 2
2025-07-27T16:17:24Z,89.0,Sense 2
2025-07-27T16:17:34Z,91.0,Sense 2
2025-07-27T16:17:39Z,92.0,Sense 2
2025-07-27T16:17:44Z,95.0,Sense 2
2025-07-27T16:17:49Z,98.0,Sense 2
2025-07-27T16:17:54Z,101.0,Sense 2
2025-07-27T16:17:59Z,92.0,Sense 2
2025-07-27T16:18:04Z,85.0,Sense 2
2025-07-27T16:18:14Z,83.0,Sense 2
2025-07-27T16:18:19Z,82.0,Sense 2
2025-07-27T16:18:29Z,83.0,Sense 2
2025-07-27T16:18:34Z,84.0,Sense 2
2025-07-27T16:18:39Z,84.0,Sense 2
2025-07-27T16:18:44Z,85.0,Sense 2
2025-07-27T16:18:49Z,86.0,Sense 2
2025-07-27T16:18:54Z,85.0,Sense 2
2025-07-27T16:18:59Z,83.0,Sense 2
2025-07-27T16:19:04Z,82.0,Sense 2
2025-07-27T16:19:09Z,83.0,Sense 2
2025-07-27T16:19:14Z,84.0,Sense 2
2025-07-27T16:19:19Z,85.0,Sense 2
2025-07-27T16:19:24Z,86.0,Sense 2
2025-07-27T16:19:29Z,87.0,Sense 2
2025-07-27T16:19:44Z,88.0,Sense 2
2025-07-27T16:19:49Z,89.0,Sense 2
2025-07-27T16:19:59Z,91.0,Sense 2
2025-07-27T16:20:04Z,92.0,Sense 2
2025-07-27T16:20:14Z,87.0,Sense 2
2025-07-27T16:20:24Z,86.0,Sense 2
2025-07-27T16:20:29Z,87.0,Sense 2
2025-07-27T16:20:44Z,88.0,Sense 2
2025-07-27T16:20:49Z,86.0,Sense 2
2025-07-27T16:21:04Z,86.0,Sense 2
2025-07-27T16:21:19Z,87.0,Sense 2
2025-07-27T16:21:24Z,90.0,Sense 2
2025-07-27T16:21:29Z,91.0,Sense 2
2025-07-27T16:21:34Z,89.0,Sense 2
2025-07-27T16:21:39Z,89.0,Sense 2
2025-07-27T16:21:44Z,88.0,Sense 2
2025-07-27T16:21:54Z,87.0,Sense 2
2025-07-27T16:21:59Z,86.0,Sense 2
2025-07-27T16:22:14Z,86.0,Sense 2
2025-07-27T16:22:19Z,87.0,Sense 2
2025-07-27T16:22:24Z,89.0,Sense 2
2025-07-27T16:22:29Z,91.0,Sense 2
2025-07-27T16:22:34Z,89.0,Sense 2
2025-07-27T16:22:39Z,87.0,Sense 2
2025-07-27T16:22:44Z,85.0,Sense 2
2025-07-27T16:22:54Z,84.0,Sense 2
2025-07-27T16:22:59Z,83.0,Sense 2
2025-07-27T16:23:04Z,83.0,Sense 2
2025-07-27T16:23:09Z,81.0,Sense 2
2025-07-27T16:23:14Z,81.0,Sense 2
2025-07-27T16:23:19Z,83.0,Sense 2
2025-07-27T16:23:24Z,86.0,Sense 2
2025-07-27T16:23:29Z,89.0,Sense 2
2025-07-27T16:23:34Z,90.0,Sense 2
2025-07-27T16:23:39Z,93.0,Sense 2
2025-07-27T16:23:44Z,94.0,Sense 2
2025-07-27T16:23:49Z,94.0,Sense 2
2025-07-27T16:23:54Z,92.0,Sense 2
2025-07-27T16:23:59Z,91.0,Sense 2
2025-07-27T16:24:04Z,90.0,Sense 2
2025-07-27T16:24:09Z,88.0,Sense 2
2025-07-27T16:24:14Z,85.0,Sense 2
2025-07-27T16:24:19Z,84.0,Sense 2
2025-07-27T16:24:24Z,82.0,Sense 2
2025-07-27T16:24:29Z,81.0,Sense 2
2025-07-27T16:24:34Z,80.0,Sense 2
2025-07-27T16:24:44Z,80.0,Sense 2
2025-07-27T16:24:49Z,82.0,Sense 2
2025-07-27T16:24:54Z,86.0,Sense 2
2025-07-27T16:24:59Z,87.0,Sense 2
2025-07-27T16:25:14Z,87.0,Sense 2
2025-07-27T16:25:19Z,86.0,Sense 2
2025-07-27T16:25:24Z,85.0,Sense 2
2025-07-27T16:25:29Z,85.0,Sense 2
2025-07-27T16:25:34Z,86.0,Sense 2
2025-07-27T16:25:44Z,88.0,Sense 2
2025-07-27T16:25:49Z,89.0,Sense 2
2025-07-27T16:25:59Z,88.0,Sense 2
2025-07-27T16:26:09Z,89.0,Sense 2
2025-07-27T16:26:24Z,89.0,Sense 2
2025-07-27T16:26:29Z,88.0,Sense 2
2025-07-27T16:26:44Z,89.0,Sense 2
2025-07-27T16:26:54Z,90.0,Sense 2
2025-07-27T16:26:59Z,89.0,Sense 2
2025-07-27T16:27:14Z,89.0,Sense 2
2025-07-27T16:27:19Z,88.0,Sense 2
2025-07-27T16:27:34Z,89.0,Sense 2
2025-07-27T16:27:39Z,89.0,Sense 2
2025-07-27T16:27:44Z,88.0,Sense 2
2025-07-27T16:27:54Z,89.0,Sense 2
2025-07-27T16:27:59Z,92.0,Sense 2
2025-07-27T16:28:04Z,91.0,Sense 2
2025-07-27T16:28:09Z,90.0,Sense 2
2025-07-27T16:28:14Z,88.0,Sense 2
2025-07-27T16:28:19Z,87.0,Sense 2
2025-07-27T16:28:24Z,86.0,Sense 2
2025-07-27T16:28:39Z,86.0,Sense 2
2025-07-27T16:28:44Z,85.0,Sense 2
2025-07-27T16:28:59Z,87.0,Sense 2
2025-07-27T16:29:04Z,89.0,Sense 2
2025-07-27T16:29:09Z,90.0,Sense 2
2025-07-27T16:29:14Z,91.0,Sense 2
2025-07-27T16:29:19Z,92.0,Sense 2
2025-07-27T16:29:24Z,91.0,Sense 2
2025-07-27T16:29:39Z,91.0,Sense 2
2025-07-27T16:29:44Z,91.0,Sense 2
2025-07-27T16:29:49Z,90.0,Sense 2
2025-07-27T16:29:54Z,91.0,Sense 2
2025-07-27T16:30:09Z,92.0,Sense 2
2025-07-27T16:30:14Z,93.0,Sense 2
2025-07-27T16:30:19Z,92.0,Sense 2
2025-07-27T16:30:24Z,91.0,Sense 2
2025-07-27T16:30:39Z,91.0,Sense 2
2025-07-27T16:30:54Z,91.0,Sense 2
2025-07-27T16:30:59Z,92.0,Sense 2
2025-07-27T16:31:04Z,93.0,Sense 2
2025-07-27T16:31:09Z,95.0,Sense 2
2025-07-27T16:31:14Z,96.0,Sense 2
2025-07-27T16:31:29Z,96.0,Sense 2
2025-07-27T16:31:34Z,97.0,Sense 2
2025-07-27T16:31:39Z,96.0,Sense 2
2025-07-27T16:31:44Z,94.0,Sense 2
2025-07-27T16:31:49Z,92.0,Sense 2
2025-07-27T16:32:04Z,92.0,Sense 2
2025-07-27T16:32:09Z,91.0,Sense 2
2025-07-27T16:32:14Z,91.0,Sense 2
2025-07-27T16:32:19Z,91.0,Sense 2
2025-07-27T16:32:24Z,92.0,Sense 2
2025-07-27T16:32:29Z,93.0,Sense 2
2025-07-27T16:32:39Z,95.0,Sense 2
2025-07-27T16:32:44Z,96.0,Sense 2
2025-07-27T16:32:49Z,94.0,Sense 2
2025-07-27T16:32:54Z,90.0,Sense 2
2025-07-27T16:32:59Z,92.0,Sense 2
2025-07-27T16:33:04Z,94.0,Sense 2
2025-07-27T16:33:09Z,94.0,Sense 2
2025-07-27T16:33:14Z,94.0,Sense 2
2025-07-27T16:33:24Z,94.0,Sense 2
2025-07-27T16:33:29Z,93.0,Sense 2
2025-07-27T16:33:34Z,90.0,Sense 2
2025-07-27T16:33:49Z,90.0,Sense 2
2025-07-27T16:33:54Z,90.0,Sense 2
2025-07-27T16:33:59Z,91.0,Sense 2
2025-07-27T16:34:04Z,90.0,Sense 2
2025-07-27T16:34:14Z,90.0,Sense 2
2025-07-27T16:34:19Z,93.0,Sense 2
2025-07-27T16:34:24Z,95.0,Sense 2
2025-07-27T16:34:34Z,96.0,Sense 2
2025-07-27T16:34:39Z,95.0,Sense 2
2025-07-27T16:34:49Z,95.0,Sense 2
2025-07-27T16:34:54Z,96.0,Sense 2
2025-07-27T16:34:59Z,95.0,Sense 2
2025-07-27T16:35:04Z,94.0,Sense 2
2025-07-27T16:35:09Z,95.0,Sense 2
2025-07-27T16:35:14Z,96.0,Sense 2
2025-07-27T16:35:19Z,97.0,Sense 2
2025-07-27T16:35:24Z,100.0,Sense 2
2025-07-27T16:35:29Z,98.0,Sense 2
2025-07-27T16:35:34Z,92.0,Sense 2
2025-07-27T16:35:39Z,88.0,Sense 2
2025-07-27T16:35:44Z,85.0,Sense 2
2025-07-27T16:35:59Z,85.0,Sense 2
2025-07-27T16:36:04Z,85.0,Sense 2
2025-07-27T16:36:19Z,88.0,Sense 2
2025-07-27T16:36:24Z,91.0,Sense 2
2025-07-27T16:36:29Z,95.0,Sense 2
2025-07-27T16:36:34Z,97.0,Sense 2
2025-07-27T16:36:39Z,92.0,Sense 2
2025-07-27T16:36:44Z,91.0,Sense 2
2025-07-27T16:36:49Z,86.0,Sense 2
2025-07-27T16:36:54Z,88.0,Sense 2
2025-07-27T16:36:59Z,90.0,Sense 2
2025-07-27T16:37:04Z,92.0,Sense 2
2025-07-27T16:37:09Z,91.0,Sense 2
2025-07-27T16:37:14Z,89.0,Sense 2
2025-07-27T16:37:24Z,89.0,Sense 2
2025-07-27T16:37:29Z,90.0,Sense 2
2025-07-27T16:37:39Z,89.0,Sense 2
2025-07-27T16:37:44Z,90.0,Sense 2
2025-07-27T16:37:54Z,91.0,Sense 2
2025-07-27T16:37:59Z,90.0,Sense 2
2025-07-27T16:38:04Z,91.0,Sense 2
2025-07-27T16:38:14Z,92.0,Sense 2
2025-07-27T16:38:19Z,94.0,Sense 2
2025-07-27T16:38:24Z,96.0,Sense 2
2025-07-27T16:38:39Z,96.0,Sense 2
2025-07-27T16:38:44Z,95.0,Sense 2
2025-07-27T16:38:49Z,93.0,Sense 2
2025-07-27T16:38:54Z,91.0,Sense 2
2025-07-27T16:38:59Z,92.0,Sense 2
2025-07-27T16:39:09Z,91.0,Sense 2
2025-07-27T16:39:19Z,89.0,Sense 2
2025-07-27T16:39:24Z,90.0,Sense 2
2025-07-27T16:39:29Z,90.0,Sense 2
2025-07-27T16:39:34Z,89.0,Sense 2
2025-07-27T16:39:39Z,91.0,Sense 2
2025-07-27T16:39:49Z,90.0,Sense 2
2025-07-27T16:39:54Z,90.0,Sense 2
2025-07-27T16:39:59Z,90.0,Sense 2
2025-07-27T16:40:09Z,91.0,Sense 2
2025-07-27T16:40:14Z,92.0,Sense 2
2025-07-27T16:40:19Z,91.0,Sense 2
2025-07-27T16:40:24Z,90.0,Sense 2
2025-07-27T16:40:34Z,89.0,Sense 2
2025-07-27T16:40:49Z,84.0,Sense 2
2025-07-27T16:40:59Z,88.0,Sense 2
2025-07-27T16:41:04Z,90.0,Sense 2
2025-07-27T16:41:09Z,90.0,Sense 2
2025-07-27T16:41:14Z,91.0,Sense 2
2025-07-27T16:41:19Z,92.0,Sense 2
2025-07-27T16:41:24Z,90.0,Sense 2
2025-07-27T16:41:29Z,88.0,Sense 2
2025-07-27T16:41:34Z,85.0,Sense 2
2025-07-27T16:41:44Z,87.0,Sense 2
2025-07-27T16:41:49Z,88.0,Sense 2
2025-07-27T16:42:04Z,90.0,Sense 2
2025-07-27T16:42:09Z,92.0,Sense 2
2025-07-27T16:42:14Z,93.0,Sense 2
2025-07-27T16:42:19Z,92.0,Sense 2
2025-07-27T16:42:24Z,91.0,Sense 2
2025-07-27T16:42:34Z,91.0,Sense 2
2025-07-27T16:42:39Z,92.0,Sense 2
2025-07-27T16:42:44Z,93.0,Sense 2
2025-07-27T16:42:49Z,88.0,Sense 2
2025-07-27T16:42:54Z,81.0,Sense 2
2025-07-27T16:42:59Z,82.0,Sense 2
2025-07-27T16:43:04Z,86.0,Sense 2
2025-07-27T16:43:09Z,88.0,Sense 2
2025-07-27T16:43:14Z,86.0,Sense 2
2025-07-27T16:43:19Z,84.0,Sense 2
2025-07-27T16:43:24Z,87.0,Sense 2
2025-07-27T16:43:29Z,89.0,Sense 2
2025-07-27T16:43:34Z,91.0,Sense 2
2025-07-27T16:43:39Z,95.0,Sense 2
2025-07-27T16:43:44Z,97.0,Sense 2
2025-07-27T16:43:49Z,95.0,Sense 2
2025-07-27T16:43:54Z,92.0,Sense 2
2025-07-27T16:44:09Z,93.0,Sense 2
2025-07-27T16:44:14Z,94.0,Sense 2
2025-07-27T16:44:19Z,96.0,Sense 2
2025-07-27T16:44:24Z,92.0,Sense 2
2025-07-27T16:44:29Z,90.0,Sense 2
2025-07-27T16:44:39Z,89.0,Sense 2
2025-07-27T16:44:44Z,90.0,Sense 2
2025-07-27T16:44:54Z,89.0,Sense 2
2025-07-27T16:44:59Z,90.0,Sense 2
2025-07-27T16:45:04Z,93.0,Sense 2
2025-07-27T16:45:09Z,95.0,Sense 2
2025-07-27T16:45:24Z,92.0,Sense 2
2025-07-27T16:45:29Z,91.0,Sense 2
2025-07-27T16:45:34Z,90.0,Sense 2
2025-07-27T16:45:44Z,92.0,Sense 2
2025-07-27T16:45:54Z,91.0,Sense 2
2025-07-27T16:45:59Z,90.0,Sense 2
2025-07-27T16:46:04Z,91.0,Sense 2
2025-07-27T16:46:09Z,95.0,Sense 2
2025-07-27T16:46:14Z,94.0,Sense 2
2025-07-27T16:46:19Z,90.0,Sense 2
2025-07-27T16:46:34Z,90.0,Sense 2
2025-07-27T16:46:44Z,89.0,Sense 2
2025-07-27T16:46:59Z,90.0,Sense 2
2025-07-27T16:47:04Z,89.0,Sense 2
2025-07-27T16:47:14Z,90.0,Sense 2
2025-07-27T16:47:19Z,92.0,Sense 2
2025-07-27T16:47:24Z,93.0,Sense 2
2025-07-27T16:47:34Z,94.0,Sense 2
2025-07-27T16:47:39Z,94.0,Sense 2
2025-07-27T16:47:44Z,94.0,Sense 2
2025-07-27T16:47:54Z,95.0,Sense 2
2025-07-27T16:47:59Z,93.0,Sense 2
2025-07-27T16:48:04Z,91.0,Sense 2
2025-07-27T16:48:09Z,89.0,Sense 2
2025-07-27T16:48:14Z,90.0,Sense 2
2025-07-27T16:48:19Z,92.0,Sense 2
2025-07-27T16:48:24Z,96.0,Sense 2
2025-07-27T16:48:29Z,100.0,Sense 2
2025-07-27T16:48:34Z,103.0,Sense 2
2025-07-27T16:48:39Z,102.0,Sense 2
2025-07-27T16:48:44Z,100.0,Sense 2
2025-07-27T16:48:49Z,98.0,Sense 2
2025-07-27T16:48:54Z,96.0,Sense 2
2025-07-27T16:48:59Z,91.0,Sense 2
2025-07-27T16:49:04Z,89.0,Sense 2
2025-07-27T16:49:09Z,88.0,Sense 2
2025-07-27T16:49:14Z,87.0,Sense 2
2025-07-27T16:49:19Z,86.0,Sense 2
2025-07-27T16:49:24Z,85.0,Sense 2
2025-07-27T16:49:29Z,83.0,Sense 2
2025-07-27T16:49:34Z,85.0,Sense 2
2025-07-27T16:49:39Z,86.0,Sense 2
2025-07-27T16:49:44Z,87.0,Sense 2
2025-07-27T16:49:49Z,88.0,Sense 2
2025-07-27T16:49:54Z,90.0,Sense 2
2025-07-27T16:49:59Z,89.0,Sense 2
2025-07-27T16:50:04Z,88.0,Sense 2
2025-07-27T16:50:14Z,89.0,Sense 2
2025-07-27T16:50:19Z,90.0,Sense 2
2025-07-27T16:50:24Z,89.0,Sense 2
2025-07-27T16:50:29Z,88.0,Sense 2
2025-07-27T16:50:44Z,90.0,Sense 2
2025-07-27T16:50:54Z,91.0,Sense 2
2025-07-27T16:50:59Z,92.0,Sense 2
2025-07-27T16:51:04Z,91.0,Sense 2
2025-07-27T16:51:09Z,92.0,Sense 2
2025-07-27T16:51:14Z,95.0,Sense 2
2025-07-27T16:51:19Z,96.0,Sense 2
2025-07-27T16:51:29Z,95.0,Sense 2
2025-07-27T16:51:34Z,93.0,Sense 2
2025-07-27T16:51:39Z,91.0,Sense 2
2025-07-27T16:51:44Z,90.0,Sense 2
2025-07-27T16:51:54Z,89.0,Sense 2
2025-07-27T16:51:59Z,88.0,Sense 2
2025-07-27T16:52:14Z,87.0,Sense 2
2025-07-27T16:52:24Z,90.0,Sense 2
2025-07-27T16:52:29Z,91.0,Sense 2
2025-07-27T16:52:34Z,88.0,Sense 2
2025-07-27T16:52:39Z,87.0,Sense 2
2025-07-27T16:52:44Z,88.0,Sense 2
2025-07-27T16:52:49Z,87.0,Sense 2
2025-07-27T16:52:54Z,88.0,Sense 2
2025-07-27T16:53:04Z,90.0,Sense 2
2025-07-27T16:53:14Z,91.0,Sense 2
2025-07-27T16:53:24Z,90.0,Sense 2
2025-07-27T16:53:29Z,93.0,Sense 2
2025-07-27T16:53:39Z,91.0,Sense 2
2025-07-27T16:53:44Z,89.0,Sense 2
2025-07-27T16:53:49Z,88.0,Sense 2
2025-07-27T16:53:54Z,87.0,Sense 2
2025-07-27T16:53:59Z,85.0,Sense 2
2025-07-27T16:54:04Z,86.0,Sense 2
2025-07-27T16:54:09Z,86.0,Sense 2
2025-07-27T16:54:14Z,87.0,Sense 2
2025-07-27T16:54:19Z,88.0,Sense 2
2025-07-27T16:54:24Z,89.0,Sense 2
2025-07-27T16:54:29Z,88.0,Sense 2
2025-07-27T16:54:39Z,87.0,Sense 2
2025-07-27T16:54:49Z,89.0,Sense 2
2025-07-27T16:54:54Z,90.0,Sense 2
2025-07-27T16:54:59Z,93.0,Sense 2
2025-07-27T16:55:04Z,92.0,Sense 2
2025-07-27T16:55:09Z,92.0,Sense 2
2025-07-27T16:55:14Z,92.0,Sense 2
2025-07-27T16:55:19Z,92.0,Sense 2
2025-07-27T16:55:29Z,93.0,Sense 2
2025-07-27T16:55:34Z,92.0,Sense 2
2025-07-27T16:55:39Z,91.0,Sense 2
2025-07-27T16:55:44Z,90.0,Sense 2
2025-07-27T16:55:49Z,90.0,Sense 2
2025-07-27T16:55:54Z,91.0,Sense 2
2025-07-27T16:56:09Z,91.0,Sense 2
2025-07-27T16:56:14Z,92.0,Sense 2
2025-07-27T16:56:19Z,91.0,Sense 2
2025-07-27T16:56:24Z,92.0,Sense 2
2025-07-27T16:56:34Z,93.0,Sense 2
2025-07-27T16:56:39Z,96.0,Sense 2
2025-07-27T16:56:44Z,98.0,Sense 2
2025-07-27T16:56:49Z,100.0,Sense 2
2025-07-27T16:56:54Z,97.0,Sense 2
2025-07-27T16:56:59Z,95.0,Sense 2
2025-07-27T16:57:04Z,87.0,Sense 2
2025-07-27T16:57:09Z,86.0,Sense 2
2025-07-27T16:57:14Z,87.0,Sense 2
2025-07-27T16:57:29Z,87.0,Sense 2
2025-07-27T16:57:34Z,91.0,Sense 2
2025-07-27T16:57:39Z,92.0,Sense 2
2025-07-27T16:57:44Z,90.0,Sense 2
2025-07-27T16:57:49Z,89.0,Sense 2
2025-07-27T16:57:54Z,89.0,Sense 2
2025-07-27T16:57:59Z,88.0,Sense 2
2025-07-27T16:58:09Z,89.0,Sense 2
2025-07-27T16:58:14Z,91.0,Sense 2
2025-07-27T16:58:19Z,93.0,Sense 2
2025-07-27T16:58:24Z,93.0,Sense 2
2025-07-27T16:58:29Z,92.0,Sense 2
2025-07-27T16:58:34Z,90.0,Sense 2
2025-07-27T16:58:39Z,90.0,Sense 2
2025-07-27T16:58:44Z,89.0,Sense 2
2025-07-27T16:58:59Z,92.0,Sense 2
2025-07-27T16:59:04Z,93.0,Sense 2
2025-07-27T16:59:09Z,93.0,Sense 2
2025-07-27T16:59:19Z,93.0,Sense 2
2025-07-27T16:59:24Z,93.0,Sense 2
2025-07-27T16:59:29Z,92.0,Sense 2
2025-07-27T16:59:34Z,91.0,Sense 2
2025-07-27T16:59:39Z,91.0,Sense 2
2025-07-27T16:59:44Z,91.0,Sense 2
2025-07-27T17:00:05Z,91.0,Sense 2
2025-07-27T17:00:15Z,90.0,Sense 2
2025-07-27T17:00:20Z,90.0,Sense 2
2025-07-27T17:00:35Z,91.0,Sense 2
2025-07-27T17:00:50Z,92.0,Sense 2
2025-07-27T17:00:55Z,89.0,Sense 2
2025-07-27T17:01:00Z,90.0,Sense 2
2025-07-27T17:01:05Z,93.0,Sense 2
2025-07-27T17:01:10Z,96.0,Sense 2
2025-07-27T17:01:20Z,95.0,Sense 2
2025-07-27T17:01:35Z,96.0,Sense 2
2025-07-27T17:01:40Z,95.0,Sense 2
2025-07-27T17:01:45Z,94.0,Sense 2
2025-07-27T17:01:50Z,91.0,Sense 2
2025-07-27T17:01:55Z,89.0,Sense 2
2025-07-27T17:02:00Z,87.0,Sense 2
2025-07-27T17:02:05Z,88.0,Sense 2
2025-07-27T17:02:20Z,87.0,Sense 2
2025-07-27T17:02:25Z,89.0,Sense 2
2025-07-27T17:02:30Z,89.0,Sense 2
2025-07-27T17:02:35Z,89.0,Sense 2
2025-07-27T17:02:40Z,88.0,Sense 2
2025-07-27T17:02:45Z,86.0,Sense 2
2025-07-27T17:02:50Z,85.0,Sense 2
2025-07-27T17:02:55Z,84.0,Sense 2
2025-07-27T17:03:00Z,85.0,Sense 2
2025-07-27T17:03:15Z,86.0,Sense 2
2025-07-27T17:03:20Z,88.0,Sense 2
2025-07-27T17:03:25Z,86.0,Sense 2
2025-07-27T17:03:30Z,85.0,Sense 2
2025-07-27T17:03:45Z,85.0,Sense 2
2025-07-27T17:03:50Z,84.0,Sense 2
2025-07-27T17:03:55Z,83.0,Sense 2
2025-07-27T17:04:00Z,82.0,Sense 2
2025-07-27T17:04:10Z,83.0,Sense 2
2025-07-27T17:04:25Z,83.0,Sense 2
2025-07-27T17:04:30Z,84.0,Sense 2
2025-07-27T17:04:45Z,85.0,Sense 2
2025-07-27T17:05:00Z,85.0,Sense 2
2025-07-27T17:05:05Z,84.0,Sense 2
2025-07-27T17:05:10Z,85.0,Sense 2
2025-07-27T17:05:25Z,86.0,Sense 2
2025-07-27T17:05:40Z,87.0,Sense 2
2025-07-27T17:05:45Z,89.0,Sense 2
2025-07-27T17:05:50Z,91.0,Sense 2
2025-07-27T17:05:55Z,90.0,Sense 2
2025-07-27T17:06:00Z,89.0,Sense 2
2025-07-27T17:06:05Z,88.0,Sense 2
2025-07-27T17:06:10Z,87.0,Sense 2
2025-07-27T17:06:15Z,86.0,Sense 2
2025-07-27T17:06:25Z,85.0,Sense 2
2025-07-27T17:06:35Z,84.0,Sense 2
2025-07-27T17:06:40Z,81.0,Sense 2
2025-07-27T17:06:45Z,81.0,Sense 2
2025-07-27T17:06:50Z,81.0,Sense 2
2025-07-27T17:06:55Z,84.0,Sense 2
2025-07-27T17:07:00Z,87.0,Sense 2
2025-07-27T17:07:05Z,88.0,Sense 2
2025-07-27T17:07:20Z,88.0,Sense 2
2025-07-27T17:07:25Z,89.0,Sense 2
2025-07-27T17:07:35Z,90.0,Sense 2
2025-07-27T17:07:40Z,88.0,Sense 2
2025-07-27T17:07:45Z,85.0,Sense 2
2025-07-27T17:07:50Z,84.0,Sense 2
2025-07-27T17:08:00Z,86.0,Sense 2
2025-07-27T17:08:05Z,87.0,Sense 2
2025-07-27T17:08:20Z,86.0,Sense 2
2025-07-27T17:08:30Z,85.0,Sense 2
2025-07-27T17:08:45Z,85.0,Sense 2
2025-07-27T17:08:50Z,86.0,Sense 2
2025-07-27T17:08:55Z,87.0,Sense 2
2025-07-27T17:09:05Z,89.0,Sense 2
2025-07-27T17:09:10Z,88.0,Sense 2
2025-07-27T17:09:15Z,89.0,Sense 2
2025-07-27T17:09:30Z,89.0,Sense 2
2025-07-27T17:09:40Z,88.0,Sense 2
2025-07-27T17:09:50Z,88.0,Sense 2
2025-07-27T17:10:05Z,88.0,Sense 2
2025-07-27T17:10:10Z,87.0,Sense 2
2025-07-27T17:10:15Z,87.0,Sense 2
2025-07-27T17:10:30Z,87.0,Sense 2
2025-07-27T17:10:35Z,84.0,Sense 2
2025-07-27T17:10:50Z,85.0,Sense 2
2025-07-27T17:11:00Z,85.0,Sense 2
2025-07-27T17:11:05Z,86.0,Sense 2
2025-07-27T17:11:10Z,85.0,Sense 2
2025-07-27T17:11:15Z,85.0,Sense 2
2025-07-27T17:11:20Z,85.0,Sense 2
2025-07-27T17:11:30Z,86.0,Sense 2
2025-07-27T17:11:45Z,86.0,Sense 2
2025-07-27T17:11:50Z,86.0,Sense 2
2025-07-27T17:11:55Z,88.0,Sense 2
2025-07-27T17:12:00Z,91.0,Sense 2
2025-07-27T17:12:05Z,90.0,Sense 2
2025-07-27T17:12:10Z,91.0,Sense 2
2025-07-27T17:12:15Z,91.0,Sense 2
2025-07-27T17:12:20Z,90.0,Sense 2
2025-07-27T17:12:25Z,91.0,Sense 2
2025-07-27T17:12:30Z,92.0,Sense 2
2025-07-27T17:12:35Z,93.0,Sense 2
2025-07-27T17:12:40Z,92.0,Sense 2
2025-07-27T17:12:45Z,89.0,Sense 2
2025-07-27T17:12:50Z,89.0,Sense 2
2025-07-27T17:12:55Z,90.0,Sense 2
2025-07-27T17:13:00Z,91.0,Sense 2
2025-07-27T17:13:06Z,90.0,Sense 2
2025-07-27T17:13:11Z,88.0,Sense 2
2025-07-27T17:13:16Z,87.0,Sense 2
2025-07-27T17:13:21Z,85.0,Sense 2
2025-07-27T17:13:26Z,79.0,Sense 2
2025-07-27T17:13:31Z,81.0,Sense 2
2025-07-27T17:13:36Z,85.0,Sense 2
2025-07-27T17:13:41Z,82.0,Sense 2
2025-07-27T17:13:46Z,83.0,Sense 2
2025-07-27T17:13:51Z,82.0,Sense 2
2025-07-27T17:14:06Z,83.0,Sense 2
2025-07-27T17:14:11Z,85.0,Sense 2
2025-07-27T17:14:16Z,86.0,Sense 2
2025-07-27T17:14:21Z,87.0,Sense 2
2025-07-27T17:14:26Z,89.0,Sense 2
2025-07-27T17:14:41Z,87.0,Sense 2
2025-07-27T17:14:46Z,84.0,Sense 2
2025-07-27T17:14:51Z,85.0,Sense 2
2025-07-27T17:14:56Z,83.0,Sense 2
2025-07-27T17:15:01Z,85.0,Sense 2
2025-07-27T17:15:06Z,85.0,Sense 2
2025-07-27T17:15:11Z,83.0,Sense 2
2025-07-27T17:15:16Z,78.0,Sense 2
2025-07-27T17:15:21Z,77.0,Sense 2
2025-07-27T17:15:36Z,81.0,Sense 2
2025-07-27T17:15:41Z,80.0,Sense 2
2025-07-27T17:15:46Z,77.0,Sense 2
2025-07-27T17:15:51Z,75.0,Sense 2
2025-07-27T17:15:56Z,78.0,Sense 2
2025-07-27T17:16:01Z,83.0,Sense 2
2025-07-27T17:16:06Z,86.0,Sense 2
2025-07-27T17:16:21Z,86.0,Sense 2
2025-07-27T17:16:26Z,84.0,Sense 2
2025-07-27T17:16:31Z,81.0,Sense 2
2025-07-27T17:16:36Z,78.0,Sense 2
2025-07-27T17:16:46Z,77.0,Sense 2
2025-07-27T17:16:51Z,76.0,Sense 2
2025-07-27T17:17:06Z,76.0,Sense 2
2025-07-27T17:17:11Z,76.0,Sense 2
2025-07-27T17:17:16Z,77.0,Sense 2
2025-07-27T17:17:31Z,77.0,Sense 2
2025-07-27T17:17:41Z,78.0,Sense 2
2025-07-27T17:17:46Z,79.0,Sense 2
2025-07-27T17:17:56Z,78.0,Sense 2
2025-07-27T17:18:01Z,74.0,Sense 2
2025-07-27T17:18:06Z,75.0,Sense 2
2025-07-27T17:18:11Z,77.0,Sense 2
2025-07-27T17:18:16Z,78.0,Sense 2
2025-07-27T17:18:21Z,82.0,Sense 2
2025-07-27T17:18:26Z,79.0,Sense 2
2025-07-27T17:18:31Z,78.0,Sense 2
2025-07-27T17:18:46Z,78.0,Sense 2
2025-07-27T17:18:51Z,77.0,Sense 2
2025-07-27T17:19:01Z,77.0,Sense 2
2025-07-27T17:19:06Z,76.0,Sense 2
2025-07-27T17:19:11Z,77.0,Sense 2
2025-07-27T17:19:16Z,77.0,Sense 2
2025-07-27T17:19:21Z,78.0,Sense 2
2025-07-27T17:19:26Z,77.0,Sense 2
2025-07-27T17:19:36Z,78.0,Sense 2
2025-07-27T17:19:51Z,80.0,Sense 2
2025-07-27T17:19:56Z,84.0,Sense 2
2025-07-27T17:20:01Z,88.0,Sense 2
2025-07-27T17:20:06Z,89.0,Sense 2
2025-07-27T17:20:16Z,88.0,Sense 2
2025-07-27T17:20:21Z,90.0,Sense 2
2025-07-27T17:20:26Z,89.0,Sense 2
2025-07-27T17:20:31Z,90.0,Sense 2
2025-07-27T17:20:36Z,89.0,Sense 2
2025-07-27T17:20:41Z,90.0,Sense 2
2025-07-27T17:20:51Z,93.0,Sense 2
2025-07-27T17:20:56Z,92.0,Sense 2
2025-07-27T17:21:01Z,94.0,Sense 2
2025-07-27T17:21:06Z,91.0,Sense 2
2025-07-27T17:21:11Z,94.0,Sense 2
2025-07-27T17:21:16Z,91.0,Sense 2
2025-07-27T17:21:21Z,93.0,Sense 2
2025-07-27T17:21:36Z,94.0,Sense 2
2025-07-27T17:21:41Z,95.0,Sense 2
2025-07-27T17:21:46Z,93.0,Sense 2
2025-07-27T17:21:56Z,91.0,Sense 2
2025-07-27T17:22:01Z,90.0,Sense 2
2025-07-27T17:22:11Z,91.0,Sense 2
2025-07-27T17:22:16Z,90.0,Sense 2
2025-07-27T17:22:26Z,92.0,Sense 2
2025-07-27T17:22:31Z,93.0,Sense 2
2025-07-27T17:22:36Z,91.0,Sense 2
2025-07-27T17:22:42Z,91.0,Sense 2
2025-07-27T17:22:47Z,92.0,Sense 2
2025-07-27T17:22:57Z,90.0,Sense 2
2025-07-27T17:23:02Z,91.0,Sense 2
2025-07-27T17:23:07Z,90.0,Sense 2
2025-07-27T17:23:17Z,89.0,Sense 2
2025-07-27T17:23:22Z,90.0,Sense 2
2025-07-27T17:23:27Z,88.0,Sense 2
2025-07-27T17:23:42Z,89.0,Sense 2
2025-07-27T17:23:47Z,90.0,Sense 2
2025-07-27T17:23:52Z,88.0,Sense 2
2025-07-27T17:23:57Z,86.0,Sense 2
2025-07-27T17:24:02Z,87.0,Sense 2
2025-07-27T17:24:17Z,88.0,Sense 2
2025-07-27T17:24:22Z,90.0,Sense 2
2025-07-27T17:24:27Z,92.0,Sense 2
2025-07-27T17:24:37Z,93.0,Sense 2
2025-07-27T17:24:47Z,92.0,Sense 2
2025-07-27T17:24:52Z,93.0,Sense 2
2025-07-27T17:25:07Z,92.0,Sense 2
2025-07-27T17:25:12Z,91.0,Sense 2
2025-07-27T17:25:17Z,90.0,Sense 2
2025-07-27T17:25:22Z,89.0,Sense 2
2025-07-27T17:25:27Z,87.0,Sense 2
2025-07-27T17:25:37Z,88.0,Sense 2
2025-07-27T17:25:42Z,90.0,Sense 2
2025-07-27T17:25:47Z,92.0,Sense 2
2025-07-27T17:25:52Z,93.0,Sense 2
2025-07-27T17:25:57Z,91.0,Sense 2
2025-07-27T17:26:07Z,90.0,Sense 2
2025-07-27T17:26:17Z,88.0,Sense 2
2025-07-27T17:26:22Z,87.0,Sense 2
2025-07-27T17:26:27Z,84.0,Sense 2
2025-07-27T17:26:32Z,87.0,Sense 2
2025-07-27T17:26:42Z,84.0,Sense 2
2025-07-27T17:26:47Z,82.0,Sense 2
2025-07-27T17:26:52Z,85.0,Sense 2
2025-07-27T17:26:57Z,84.0,Sense 2
2025-07-27T17:27:07Z,80.0,Sense 2
2025-07-27T17:27:12Z,79.0,Sense 2
2025-07-27T17:27:27Z,78.0,Sense 2
2025-07-27T17:27:42Z,77.0,Sense 2
2025-07-27T17:27:47Z,76.0,Sense 2
2025-07-27T17:27:52Z,76.0,Sense 2
2025-07-27T17:27:57Z,77.0,Sense 2
2025-07-27T17:28:02Z,80.0,Sense 2
2025-07-27T17:28:07Z,85.0,Sense 2
2025-07-27T17:28:12Z,91.0,Sense 2
2025-07-27T17:28:17Z,91.0,Sense 2
2025-07-27T17:28:22Z,85.0,Sense 2
2025-07-27T17:28:27Z,85.0,Sense 2
2025-07-27T17:28:32Z,85.0,Sense 2
2025-07-27T17:28:37Z,86.0,Sense 2
2025-07-27T17:28:42Z,85.0,Sense 2
2025-07-27T17:28:47Z,86.0,Sense 2
2025-07-27T17:28:52Z,87.0,Sense 2
2025-07-27T17:28:57Z,86.0,Sense 2
2025-07-27T17:29:02Z,84.0,Sense 2
2025-07-27T17:29:07Z,81.0,Sense 2
2025-07-27T17:29:12Z,82.0,Sense 2
2025-07-27T17:29:17Z,81.0,Sense 2
2025-07-27T17:29:22Z,77.0,Sense 2
2025-07-27T17:29:27Z,75.0,Sense 2
2025-07-27T17:29:37Z,76.0,Sense 2
2025-07-27T17:29:42Z,77.0,Sense 2
2025-07-27T17:29:52Z,78.0,Sense 2
2025-07-27T17:29:57Z,79.0,Sense 2
2025-07-27T17:30:02Z,80.0,Sense 2
2025-07-27T17:30:07Z,83.0,Sense 2
2025-07-27T17:30:12Z,83.0,Sense 2
2025-07-27T17:30:17Z,79.0,Sense 2
2025-07-27T17:30:22Z,75.0,Sense 2
2025-07-27T17:30:27Z,73.0,Sense 2
2025-07-27T17:30:37Z,73.0,Sense 2
2025-07-27T17:30:42Z,74.0,Sense 2
2025-07-27T17:30:47Z,78.0,Sense 2
2025-07-27T17:30:52Z,89.0,Sense 2
2025-07-27T17:30:57Z,90.0,Sense 2
2025-07-27T17:31:02Z,92.0,Sense 2
2025-07-27T17:31:07Z,97.0,Sense 2
2025-07-27T17:31:12Z,94.0,Sense 2
2025-07-27T17:31:17Z,92.0,Sense 2
2025-07-27T17:31:22Z,87.0,Sense 2
2025-07-27T17:31:32Z,88.0,Sense 2
2025-07-27T17:31:37Z,86.0,Sense 2
2025-07-27T17:31:42Z,83.0,Sense 2
2025-07-27T17:31:47Z,84.0,Sense 2
2025-07-27T17:31:52Z,83.0,Sense 2
2025-07-27T17:31:57Z,84.0,Sense 2
2025-07-27T17:32:02Z,81.0,Sense 2
2025-07-27T17:32:07Z,80.0,Sense 2
2025-07-27T17:32:12Z,78.0,Sense 2
2025-07-27T17:32:17Z,79.0,Sense 2
2025-07-27T17:32:22Z,78.0,Sense 2
2025-07-27T17:32:27Z,79.0,Sense 2
2025-07-27T17:32:32Z,85.0,Sense 2
2025-07-27T17:32:37Z,87.0,Sense 2
2025-07-27T17:32:42Z,87.0,Sense 2
2025-07-27T17:32:52Z,89.0,Sense 2
2025-07-27T17:32:57Z,91.0,Sense 2
2025-07-27T17:33:02Z,90.0,Sense 2
2025-07-27T17:33:12Z,91.0,Sense 2
2025-07-27T17:33:17Z,93.0,Sense 2
2025-07-27T17:33:27Z,92.0,Sense 2
2025-07-27T17:33:32Z,91.0,Sense 2
2025-07-27T17:33:37Z,90.0,Sense 2
2025-07-27T17:33:42Z,89.0,Sense 2
2025-07-27T17:33:47Z,84.0,Sense 2
2025-07-27T17:33:52Z,82.0,Sense 2
2025-07-27T17:33:57Z,83.0,Sense 2
2025-07-27T17:34:02Z,81.0,Sense 2
2025-07-27T17:34:07Z,79.0,Sense 2
2025-07-27T17:34:12Z,79.0,Sense 2
2025-07-27T17:34:22Z,79.0,Sense 2
2025-07-27T17:34:27Z,81.0,Sense 2
2025-07-27T17:34:37Z,81.0,Sense 2
2025-07-27T17:34:47Z,82.0,Sense 2
2025-07-27T17:34:52Z,85.0,Sense 2
2025-07-27T17:34:57Z,86.0,Sense 2
2025-07-27T17:35:02Z,85.0,Sense 2
2025-07-27T17:35:07Z,83.0,Sense 2
2025-07-27T17:35:12Z,82.0,Sense 2
2025-07-27T17:35:17Z,81.0,Sense 2
2025-07-27T17:35:22Z,81.0,Sense 2
2025-07-27T17:35:27Z,81.0,Sense 2
2025-07-27T17:35:32Z,81.0,Sense 2
2025-07-27T17:35:37Z,81.0,Sense 2
2025-07-27T17:35:42Z,84.0,Sense 2
2025-07-27T17:35:52Z,83.0,Sense 2
2025-07-27T17:35:57Z,83.0,Sense 2
2025-07-27T17:36:02Z,81.0,Sense 2
2025-07-27T17:36:07Z,81.0,Sense 2
2025-07-27T17:36:12Z,81.0,Sense 2
2025-07-27T17:36:17Z,83.0,Sense 2
2025-07-27T17:36:22Z,84.0,Sense 2
2025-07-27T17:36:37Z,83.0,Sense 2
2025-07-27T17:36:42Z,82.0,Sense 2
2025-07-27T17:36:47Z,84.0,Sense 2
2025-07-27T17:36:52Z,85.0,Sense 2
2025-07-27T17:37:02Z,88.0,Sense 2
2025-07-27T17:37:12Z,87.0,Sense 2
2025-07-27T17:37:17Z,86.0,Sense 2
2025-07-27T17:37:22Z,85.0,Sense 2
2025-07-27T17:37:27Z,83.0,Sense 2
2025-07-27T17:37:42Z,83.0,Sense 2
2025-07-27T17:37:47Z,82.0,Sense 2
2025-07-27T17:37:57Z,84.0,Sense 2
2025-07-27T17:38:02Z,85.0,Sense 2
2025-07-27T17:38:07Z,86.0,Sense 2
2025-07-27T17:38:17Z,85.0,Sense 2
2025-07-27T17:38:22Z,86.0,Sense 2
2025-07-27T17:38:32Z,86.0,Sense 2
2025-07-27T17:38:37Z,87.0,Sense 2
2025-07-27T17:38:47Z,89.0,Sense 2
2025-07-27T17:38:52Z,92.0,Sense 2
2025-07-27T17:38:57Z,88.0,Sense 2
2025-07-27T17:39:02Z,85.0,Sense 2
2025-07-27T17:39:07Z,83.0,Sense 2
2025-07-27T17:39:12Z,82.0,Sense 2
2025-07-27T17:39:27Z,82.0,Sense 2
2025-07-27T17:39:32Z,83.0,Sense 2
2025-07-27T17:39:37Z,83.0,Sense 2
2025-07-27T17:39:42Z,84.0,Sense 2
2025-07-27T17:39:52Z,82.0,Sense 2
2025-07-27T17:39:57Z,81.0,Sense 2
2025-07-27T17:40:02Z,81.0,Sense 2
2025-07-27T17:40:17Z,82.0,Sense 2
2025-07-27T17:40:22Z,82.0,Sense 2
2025-07-27T17:40:27Z,81.0,Sense 2
2025-07-27T17:40:32Z,81.0,Sense 2
2025-07-27T17:40:37Z,83.0,Sense 2
2025-07-27T17:40:42Z,82.0,Sense 2
2025-07-27T17:40:47Z,80.0,Sense 2
2025-07-27T17:40:52Z,81.0,Sense 2
2025-07-27T17:40:57Z,80.0,Sense 2
2025-07-27T17:41:02Z,79.0,Sense 2
2025-07-27T17:41:07Z,78.0,Sense 2
2025-07-27T17:41:22Z,77.0,Sense 2
2025-07-27T17:41:32Z,78.0,Sense 2
2025-07-27T17:41:37Z,81.0,Sense 2
2025-07-27T17:41:42Z,82.0,Sense 2
2025-07-27T17:41:47Z,88.0,Sense 2
2025-07-27T17:41:52Z,90.0,Sense 2
2025-07-27T17:41:57Z,88.0,Sense 2
2025-07-27T17:42:02Z,85.0,Sense 2
2025-07-27T17:42:07Z,83.0,Sense 2
2025-07-27T17:42:12Z,84.0,Sense 2
2025-07-27T17:42:17Z,82.0,Sense 2
2025-07-27T17:42:22Z,80.0,Sense 2
2025-07-27T17:42:27Z,79.0,Sense 2
2025-07-27T17:42:32Z,78.0,Sense 2
2025-07-27T17:42:42Z,74.0,Sense 2
2025-07-27T17:42:47Z,74.0,Sense 2
2025-07-27T17:42:52Z,74.0,Sense 2
2025-07-27T17:42:57Z,74.0,Sense 2
2025-07-27T17:43:02Z,77.0,Sense 2
2025-07-27T17:43:07Z,77.0,Sense 2
2025-07-27T17:43:12Z,79.0,Sense 2
2025-07-27T17:43:17Z,79.0,Sense 2
2025-07-27T17:43:22Z,78.0,Sense 2
2025-07-27T17:43:27Z,77.0,Sense 2
2025-07-27T17:43:42Z,77.0,Sense 2
2025-07-27T17:43:47Z,75.0,Sense 2
2025-07-27T17:43:52Z,74.0,Sense 2
2025-07-27T17:44:02Z,74.0,Sense 2
2025-07-27T17:44:07Z,76.0,Sense 2
2025-07-27T17:44:12Z,75.0,Sense 2
2025-07-27T17:44:17Z,75.0,Sense 2
2025-07-27T17:44:32Z,77.0,Sense 2
2025-07-27T17:44:37Z,82.0,Sense 2
2025-07-27T17:44:42Z,81.0,Sense 2
2025-07-27T17:44:47Z,80.0,Sense 2
2025-07-27T17:44:52Z,78.0,Sense 2
2025-07-27T17:44:57Z,75.0,Sense 2
2025-07-27T17:45:12Z,75.0,Sense 2
2025-07-27T17:45:17Z,75.0,Sense 2
2025-07-27T17:45:22Z,75.0,Sense 2
2025-07-27T17:45:32Z,77.0,Sense 2
2025-07-27T17:45:37Z,78.0,Sense 2
2025-07-27T17:45:42Z,76.0,Sense 2
2025-07-27T17:45:47Z,73.0,Sense 2
2025-07-27T17:45:52Z,72.0,Sense 2
2025-07-27T17:45:57Z,74.0,Sense 2
2025-07-27T17:46:02Z,78.0,Sense 2
2025-07-27T17:46:07Z,86.0,Sense 2
2025-07-27T17:46:12Z,92.0,Sense 2
2025-07-27T17:46:17Z,93.0,Sense 2
2025-07-27T17:46:22Z,95.0,Sense 2
2025-07-27T17:46:27Z,94.0,Sense 2
2025-07-27T17:46:32Z,92.0,Sense 2
2025-07-27T17:46:37Z,87.0,Sense 2
2025-07-27T17:46:42Z,88.0,Sense 2
2025-07-27T17:46:47Z,84.0,Sense 2
2025-07-27T17:46:52Z,82.0,Sense 2
2025-07-27T17:46:57Z,84.0,Sense 2
2025-07-27T17:47:02Z,80.0,Sense 2
2025-07-27T17:47:07Z,82.0,Sense 2
2025-07-27T17:47:17Z,79.0,Sense 2
2025-07-27T17:47:22Z,78.0,Sense 2
2025-07-27T17:47:27Z,76.0,Sense 2
2025-07-27T17:47:42Z,76.0,Sense 2
2025-07-27T17:47:47Z,76.0,Sense 2
2025-07-27T17:47:52Z,78.0,Sense 2
2025-07-27T17:47:57Z,79.0,Sense 2
2025-07-27T17:48:02Z,80.0,Sense 2
2025-07-27T17:48:07Z,78.0,Sense 2
2025-07-27T17:48:22Z,79.0,Sense 2
2025-07-27T17:48:32Z,81.0,Sense 2
2025-07-27T17:48:37Z,80.0,Sense 2
2025-07-27T17:48:42Z,79.0,Sense 2
2025-07-27T17:48:57Z,79.0,Sense 2
2025-07-27T17:49:02Z,79.0,Sense 2
2025-07-27T17:49:17Z,78.0,Sense 2
2025-07-27T17:49:27Z,78.0,Sense 2
2025-07-27T17:49:37Z,79.0,Sense 2
2025-07-27T17:49:52Z,80.0,Sense 2
2025-07-27T17:49:57Z,82.0,Sense 2
2025-07-27T17:50:01Z,81.0,Sense 2
2025-07-27T17:50:16Z,82.0,Sense 2
2025-07-27T17:50:21Z,81.0,Sense 2
2025-07-27T17:50:31Z,83.0,Sense 2
2025-07-27T17:50:36Z,84.0,Sense 2
2025-07-27T17:50:41Z,84.0,Sense 2
2025-07-27T17:50:46Z,83.0,Sense 2
2025-07-27T17:50:51Z,82.0,Sense 2
2025-07-27T17:50:56Z,82.0,Sense 2
2025-07-27T17:51:01Z,83.0,Sense 2
2025-07-27T17:51:11Z,83.0,Sense 2
2025-07-27T17:51:26Z,83.0,Sense 2
2025-07-27T17:51:41Z,86.0,Sense 2
2025-07-27T17:51:46Z,85.0,Sense 2
2025-07-27T17:51:51Z,84.0,Sense 2
2025-07-27T17:51:56Z,83.0,Sense 2
2025-07-27T17:52:11Z,83.0,Sense 2
2025-07-27T17:52:21Z,85.0,Sense 2
2025-07-27T17:52:26Z,84.0,Sense 2
2025-07-27T17:52:31Z,83.0,Sense 2
2025-07-27T17:52:41Z,85.0,Sense 2
2025-07-27T17:52:46Z,84.0,Sense 2
2025-07-27T17:52:51Z,82.0,Sense 2
2025-07-27T17:52:56Z,81.0,Sense 2
2025-07-27T17:53:01Z,83.0,Sense 2
2025-07-27T17:53:06Z,87.0,Sense 2
2025-07-27T17:53:21Z,86.0,Sense 2
2025-07-27T17:53:26Z,86.0,Sense 2
2025-07-27T17:53:31Z,87.0,Sense 2
2025-07-27T17:53:36Z,89.0,Sense 2
2025-07-27T17:53:41Z,90.0,Sense 2
2025-07-27T17:53:46Z,89.0,Sense 2
2025-07-27T17:53:56Z,90.0,Sense 2
2025-07-27T17:54:01Z,92.0,Sense 2
2025-07-27T17:54:11Z,90.0,Sense 2
2025-07-27T17:54:21Z,89.0,Sense 2
2025-07-27T17:54:26Z,90.0,Sense 2
2025-07-27T17:54:31Z,91.0,Sense 2
2025-07-27T17:54:41Z,94.0,Sense 2
2025-07-27T17:54:46Z,95.0,Sense 2
2025-07-27T17:54:51Z,97.0,Sense 2
2025-07-27T17:55:01Z,91.0,Sense 2
2025-07-27T17:55:06Z,86.0,Sense 2
2025-07-27T17:55:11Z,84.0,Sense 2
2025-07-27T17:55:16Z,84.0,Sense 2
2025-07-27T17:55:21Z,82.0,Sense 2
2025-07-27T17:55:36Z,83.0,Sense 2
2025-07-27T17:55:46Z,85.0,Sense 2
2025-07-27T17:55:56Z,83.0,Sense 2
2025-07-27T17:56:01Z,82.0,Sense 2
2025-07-27T17:56:06Z,80.0,Sense 2
2025-07-27T17:56:11Z,79.0,Sense 2
2025-07-27T17:56:16Z,81.0,Sense 2
2025-07-27T17:56:26Z,83.0,Sense 2
2025-07-27T17:56:31Z,86.0,Sense 2
2025-07-27T17:56:36Z,88.0,Sense 2
2025-07-27T17:56:41Z,84.0,Sense 2
2025-07-27T17:56:46Z,82.0,Sense 2
2025-07-27T17:56:51Z,81.0,Sense 2
2025-07-27T17:56:56Z,83.0,Sense 2
2025-07-27T17:57:01Z,82.0,Sense 2
2025-07-27T17:57:06Z,84.0,Sense 2
2025-07-27T17:57:11Z,86.0,Sense 2
2025-07-27T17:57:21Z,84.0,Sense 2
2025-07-27T17:57:26Z,81.0,Sense 2
2025-07-27T17:57:31Z,80.0,Sense 2
2025-07-27T17:57:46Z,80.0,Sense 2
2025-07-27T17:57:56Z,81.0,Sense 2
2025-07-27T17:58:01Z,82.0,Sense 2
2025-07-27T17:58:11Z,81.0,Sense 2
2025-07-27T17:58:16Z,84.0,Sense 2
2025-07-27T17:58:21Z,85.0,Sense 2
2025-07-27T17:58:26Z,84.0,Sense 2
2025-07-27T17:58:31Z,83.0,Sense 2
2025-07-27T17:58:36Z,82.0,Sense 2
2025-07-27T17:58:46Z,84.0,Sense 2
2025-07-27T17:59:01Z,84.0,Sense 2
2025-07-27T17:59:11Z,84.0,Sense 2
2025-07-27T17:59:21Z,83.0,Sense 2
2025-07-27T17:59:26Z,84.0,Sense 2
2025-07-27T17:59:31Z,84.0,Sense 2
2025-07-27T17:59:36Z,79.0,Sense 2
2025-07-27T17:59:41Z,81.0,Sense 2
2025-07-27T17:59:46Z,82.0,Sense 2
2025-07-27T17:59:56Z,81.0,Sense 2
2025-07-27T18:00:01Z,80.0,Sense 2
2025-07-27T18:00:11Z,81.0,Sense 2
2025-07-27T18:00:16Z,81.0,Sense 2
2025-07-27T18:00:21Z,84.0,Sense 2
2025-07-27T18:00:26Z,85.0,Sense 2
2025-07-27T18:00:31Z,86.0,Sense 2
2025-07-27T18:00:36Z,91.0,Sense 2
2025-07-27T18:00:41Z,92.0,Sense 2
2025-07-27T18:00:46Z,95.0,Sense 2
2025-07-27T18:00:51Z,98.0,Sense 2
2025-07-27T18:01:06Z,98.0,Sense 2
2025-07-27T18:01:11Z,100.0,Sense 2
2025-07-27T18:01:16Z,97.0,Sense 2
2025-07-27T18:01:21Z,97.0,Sense 2
2025-07-27T18:01:31Z,96.0,Sense 2
2025-07-27T18:01:36Z,94.0,Sense 2
2025-07-27T18:01:41Z,92.0,Sense 2
2025-07-27T18:01:51Z,90.0,Sense 2
2025-07-27T18:01:56Z,86.0,Sense 2
2025-07-27T18:02:01Z,84.0,Sense 2
2025-07-27T18:02:06Z,87.0,Sense 2
2025-07-27T18:02:11Z,88.0,Sense 2
2025-07-27T18:02:16Z,89.0,Sense 2
2025-07-27T18:02:21Z,90.0,Sense 2
2025-07-27T18:02:26Z,89.0,Sense 2
2025-07-27T18:02:41Z,88.0,Sense 2
2025-07-27T18:02:46Z,87.0,Sense 2
2025-07-27T18:02:51Z,86.0,Sense 2
2025-07-27T18:02:56Z,85.0,Sense 2
2025-07-27T18:03:06Z,86.0,Sense 2
2025-07-27T18:03:11Z,87.0,Sense 2
2025-07-27T18:03:16Z,86.0,Sense 2
2025-07-27T18:03:21Z,90.0,Sense 2
2025-07-27T18:03:26Z,92.0,Sense 2
2025-07-27T18:03:31Z,93.0,Sense 2
2025-07-27T18:03:36Z,97.0,Sense 2
2025-07-27T18:03:41Z,90.0,Sense 2
2025-07-27T18:03:46Z,86.0,Sense 2
2025-07-27T18:03:51Z,88.0,Sense 2
2025-07-27T18:04:01Z,87.0,Sense 2
2025-07-27T18:04:11Z,86.0,Sense 2
2025-07-27T18:04:16Z,85.0,Sense 2
2025-07-27T18:04:26Z,87.0,Sense 2
2025-07-27T18:04:31Z,89.0,Sense 2
2025-07-27T18:04:36Z,86.0,Sense 2
2025-07-27T18:04:41Z,84.0,Sense 2
2025-07-27T18:04:46Z,82.0,Sense 2
2025-07-27T18:05:01Z,82.0,Sense 2
2025-07-27T18:05:06Z,83.0,Sense 2
2025-07-27T18:05:12Z,83.0,Sense 2
2025-07-27T18:05:27Z,83.0,Sense 2
2025-07-27T18:05:42Z,83.0,Sense 2
2025-07-27T18:05:57Z,83.0,Sense 2
2025-07-27T18:06:02Z,82.0,Sense 2
2025-07-27T18:06:07Z,81.0,Sense 2
2025-07-27T18:06:12Z,80.0,Sense 2
2025-07-27T18:06:22Z,79.0,Sense 2
2025-07-27T18:06:37Z,78.0,Sense 2
2025-07-27T18:06:42Z,79.0,Sense 2
2025-07-27T18:06:52Z,80.0,Sense 2
2025-07-27T18:06:57Z,79.0,Sense 2
2025-07-27T18:07:12Z,79.0,Sense 2
2025-07-27T18:07:17Z,82.0,Sense 2
2025-07-27T18:07:22Z,91.0,Sense 2
2025-07-27T18:07:27Z,94.0,Sense 2
2025-07-27T18:07:32Z,95.0,Sense 2
2025-07-27T18:07:37Z,96.0,Sense 2
2025-07-27T18:07:42Z,97.0,Sense 2
2025-07-27T18:07:47Z,96.0,Sense 2
2025-07-27T18:07:52Z,95.0,Sense 2
2025-07-27T18:07:57Z,94.0,Sense 2
2025-07-27T18:08:02Z,93.0,Sense 2
2025-07-27T18:08:07Z,96.0,Sense 2
2025-07-27T18:08:12Z,98.0,Sense 2
2025-07-27T18:08:17Z,100.0,Sense 2
2025-07-27T18:08:22Z,101.0,Sense 2
2025-07-27T18:08:27Z,102.0,Sense 2
2025-07-27T18:08:32Z,101.0,Sense 2
2025-07-27T18:08:37Z,94.0,Sense 2
2025-07-27T18:08:42Z,93.0,Sense 2
2025-07-27T18:08:47Z,94.0,Sense 2
2025-07-27T18:08:52Z,95.0,Sense 2
2025-07-27T18:08:57Z,99.0,Sense 2
2025-07-27T18:09:02Z,101.0,Sense 2
2025-07-27T18:09:07Z,99.0,Sense 2
2025-07-27T18:09:12Z,103.0,Sense 2
2025-07-27T18:09:17Z,105.0,Sense 2
2025-07-27T18:09:22Z,106.0,Sense 2
2025-07-27T18:09:32Z,107.0,Sense 2
2025-07-27T18:09:37Z,108.0,Sense 2
2025-07-27T18:09:47Z,106.0,Sense 2
2025-07-27T18:09:52Z,107.0,Sense 2
2025-07-27T18:09:57Z,108.0,Sense 2
2025-07-27T18:10:12Z,108.0,Sense 2
2025-07-27T18:10:22Z,107.0,Sense 2
2025-07-27T18:10:27Z,108.0,Sense 2
2025-07-27T18:10:42Z,106.0,Sense 2
2025-07-27T18:10:52Z,105.0,Sense 2
2025-07-27T18:10:57Z,102.0,Sense 2
2025-07-27T18:11:07Z,101.0,Sense 2
2025-07-27T18:11:17Z,102.0,Sense 2
2025-07-27T18:11:22Z,103.0,Sense 2
2025-07-27T18:11:27Z,104.0,Sense 2
2025-07-27T18:11:32Z,105.0,Sense 2
2025-07-27T18:11:37Z,104.0,Sense 2
2025-07-27T18:11:42Z,101.0,Sense 2
2025-07-27T18:11:52Z,102.0,Sense 2
2025-07-27T18:11:57Z,103.0,Sense 2
2025-07-27T18:12:02Z,102.0,Sense 2
2025-07-27T18:12:07Z,103.0,Sense 2
2025-07-27T18:12:17Z,102.0,Sense 2
2025-07-27T18:12:22Z,101.0,Sense 2
2025-07-27T18:12:32Z,100.0,Sense 2
2025-07-27T18:12:37Z,99.0,Sense 2
2025-07-27T18:12:42Z,97.0,Sense 2
2025-07-27T18:12:47Z,100.0,Sense 2
2025-07-27T18:12:52Z,101.0,Sense 2
2025-07-27T18:13:02Z,103.0,Sense 2
2025-07-27T18:13:07Z,104.0,Sense 2
2025-07-27T18:13:12Z,105.0,Sense 2
2025-07-27T18:13:17Z,104.0,Sense 2
2025-07-27T18:13:22Z,106.0,Sense 2
2025-07-27T18:13:32Z,107.0,Sense 2
2025-07-27T18:13:37Z,109.0,Sense 2
2025-07-27T18:13:42Z,104.0,Sense 2
2025-07-27T18:13:52Z,103.0,Sense 2
2025-07-27T18:13:57Z,105.0,Sense 2
2025-07-27T18:14:02Z,106.0,Sense 2
2025-07-27T18:14:07Z,105.0,Sense 2
2025-07-27T18:14:12Z,105.0,Sense 2
2025-07-27T18:14:22Z,107.0,Sense 2
2025-07-27T18:14:32Z,106.0,Sense 2
2025-07-27T18:14:37Z,107.0,Sense 2
2025-07-27T18:14:42Z,109.0,Sense 2
2025-07-27T18:14:47Z,110.0,Sense 2
2025-07-27T18:14:52Z,109.0,Sense 2
2025-07-27T18:14:57Z,106.0,Sense 2
2025-07-27T18:15:02Z,108.0,Sense 2
2025-07-27T18:15:07Z,109.0,Sense 2
2025-07-27T18:15:12Z,109.0,Sense 2
2025-07-27T18:15:22Z,110.0,Sense 2
2025-07-27T18:15:27Z,111.0,Sense 2
2025-07-27T18:15:37Z,114.0,Sense 2
2025-07-27T18:15:42Z,112.0,Sense 2
2025-07-27T18:15:47Z,111.0,Sense 2
2025-07-27T18:15:52Z,109.0,Sense 2
2025-07-27T18:15:57Z,112.0,Sense 2
2025-07-27T18:16:02Z,114.0,Sense 2
2025-07-27T18:16:12Z,115.0,Sense 2
2025-07-27T18:16:27Z,115.0,Sense 2
2025-07-27T18:16:42Z,116.0,Sense 2
2025-07-27T18:16:52Z,118.0,Sense 2
2025-07-27T18:17:02Z,119.0,Sense 2
2025-07-27T18:17:07Z,117.0,Sense 2
2025-07-27T18:17:12Z,115.0,Sense 2
2025-07-27T18:17:17Z,114.0,Sense 2
2025-07-27T18:17:22Z,110.0,Sense 2
2025-07-27T18:17:27Z,111.0,Sense 2
2025-07-27T18:17:32Z,110.0,Sense 2
2025-07-27T18:17:37Z,111.0,Sense 2
2025-07-27T18:17:42Z,112.0,Sense 2
2025-07-27T18:17:47Z,115.0,Sense 2
2025-07-27T18:17:52Z,121.0,Sense 2
2025-07-27T18:17:57Z,119.0,Sense 2
2025-07-27T18:18:02Z,118.0,Sense 2
2025-07-27T18:18:07Z,117.0,Sense 2
2025-07-27T18:18:22Z,117.0,Sense 2
2025-07-27T18:18:27Z,118.0,Sense 2
2025-07-27T18:18:32Z,116.0,Sense 2
2025-07-27T18:18:37Z,112.0,Sense 2
2025-07-27T18:18:47Z,114.0,Sense 2
2025-07-27T18:18:52Z,115.0,Sense 2
2025-07-27T18:19:02Z,116.0,Sense 2
2025-07-27T18:19:07Z,114.0,Sense 2
2025-07-27T18:19:12Z,116.0,Sense 2
2025-07-27T18:19:17Z,115.0,Sense 2
2025-07-27T18:19:27Z,114.0,Sense 2
2025-07-27T18:19:32Z,113.0,Sense 2
2025-07-27T18:19:42Z,112.0,Sense 2
2025-07-27T18:19:47Z,113.0,Sense 2
2025-07-27T18:19:52Z,111.0,Sense 2
2025-07-27T18:19:57Z,112.0,Sense 2
2025-07-27T18:20:02Z,111.0,Sense 2
2025-07-27T18:20:07Z,111.0,Sense 2
2025-07-27T18:20:22Z,111.0,Sense 2
2025-07-27T18:20:27Z,109.0,Sense 2
2025-07-27T18:20:32Z,107.0,Sense 2
2025-07-27T18:20:37Z,108.0,Sense 2
2025-07-27T18:20:52Z,106.0,Sense 2
2025-07-27T18:20:57Z,110.0,Sense 2
2025-07-27T18:21:07Z,108.0,Sense 2
2025-07-27T18:21:12Z,106.0,Sense 2
2025-07-27T18:21:17Z,108.0,Sense 2
2025-07-27T18:21:22Z,110.0,Sense 2
2025-07-27T18:21:27Z,109.0,Sense 2
2025-07-27T18:21:32Z,110.0,Sense 2
2025-07-27T18:21:47Z,109.0,Sense 2
2025-07-27T18:21:57Z,108.0,Sense 2
2025-07-27T18:22:02Z,106.0,Sense 2
2025-07-27T18:22:12Z,107.0,Sense 2
2025-07-27T18:22:17Z,106.0,Sense 2
2025-07-27T18:22:27Z,107.0,Sense 2
2025-07-27T18:22:32Z,106.0,Sense 2
2025-07-27T18:22:37Z,107.0,Sense 2
2025-07-27T18:22:42Z,108.0,Sense 2
2025-07-27T18:22:47Z,107.0,Sense 2
2025-07-27T18:22:52Z,106.0,Sense 2
2025-07-27T18:22:57Z,108.0,Sense 2
2025-07-27T18:23:02Z,107.0,Sense 2
2025-07-27T18:23:07Z,105.0,Sense 2
2025-07-27T18:23:12Z,105.0,Sense 2
2025-07-27T18:23:17Z,106.0,Sense 2
2025-07-27T18:23:22Z,107.0,Sense 2
2025-07-27T18:23:27Z,103.0,Sense 2
2025-07-27T18:23:32Z,101.0,Sense 2
2025-07-27T18:23:37Z,99.0,Sense 2
2025-07-27T18:23:42Z,99.0,Sense 2
2025-07-27T18:23:47Z,97.0,Sense 2
2025-07-27T18:23:52Z,96.0,Sense 2
2025-07-27T18:23:57Z,91.0,Sense 2
2025-07-27T18:24:02Z,89.0,Sense 2
2025-07-27T18:24:07Z,92.0,Sense 2
2025-07-27T18:24:12Z,96.0,Sense 2
2025-07-27T18:24:17Z,97.0,Sense 2
2025-07-27T18:24:22Z,94.0,Sense 2
2025-07-27T18:24:27Z,92.0,Sense 2
2025-07-27T18:24:32Z,90.0,Sense 2
2025-07-27T18:24:42Z,89.0,Sense 2
2025-07-27T18:24:47Z,90.0,Sense 2
2025-07-27T18:24:52Z,89.0,Sense 2
2025-07-27T18:24:57Z,90.0,Sense 2
2025-07-27T18:25:07Z,89.0,Sense 2
2025-07-27T18:25:12Z,88.0,Sense 2
2025-07-27T18:25:22Z,89.0,Sense 2
2025-07-27T18:25:27Z,88.0,Sense 2
2025-07-27T18:25:37Z,89.0,Sense 2
2025-07-27T18:25:52Z,88.0,Sense 2
2025-07-27T18:25:57Z,88.0,Sense 2
2025-07-27T18:26:02Z,88.0,Sense 2
2025-07-27T18:26:12Z,90.0,Sense 2
2025-07-27T18:26:17Z,90.0,Sense 2
2025-07-27T18:26:22Z,92.0,Sense 2
2025-07-27T18:26:27Z,93.0,Sense 2
2025-07-27T18:26:32Z,90.0,Sense 2
2025-07-27T18:26:37Z,93.0,Sense 2
2025-07-27T18:26:42Z,93.0,Sense 2
2025-07-27T18:26:47Z,92.0,Sense 2
2025-07-27T18:26:52Z,91.0,Sense 2
2025-07-27T18:27:02Z,92.0,Sense 2
2025-07-27T18:27:07Z,88.0,Sense 2
2025-07-27T18:27:12Z,87.0,Sense 2
2025-07-27T18:27:17Z,84.0,Sense 2
2025-07-27T18:27:32Z,84.0,Sense 2
2025-07-27T18:27:37Z,85.0,Sense 2
2025-07-27T18:27:47Z,84.0,Sense 2
2025-07-27T18:27:52Z,83.0,Sense 2
2025-07-27T18:28:07Z,83.0,Sense 2
2025-07-27T18:28:12Z,80.0,Sense 2
2025-07-27T18:28:17Z,78.0,Sense 2
2025-07-27T18:28:22Z,81.0,Sense 2
2025-07-27T18:28:27Z,84.0,Sense 2
2025-07-27T18:28:37Z,83.0,Sense 2
2025-07-27T18:28:42Z,81.0,Sense 2
2025-07-27T18:28:47Z,81.0,Sense 2
2025-07-27T18:28:52Z,81.0,Sense 2
2025-07-27T18:28:57Z,84.0,Sense 2
2025-07-27T18:29:02Z,86.0,Sense 2
2025-07-27T18:29:07Z,87.0,Sense 2
2025-07-27T18:29:22Z,87.0,Sense 2
2025-07-27T18:29:32Z,86.0,Sense 2
2025-07-27T18:29:37Z,84.0,Sense 2
2025-07-27T18:29:52Z,86.0,Sense 2
2025-07-27T18:29:57Z,88.0,Sense 2
2025-07-27T18:30:07Z,87.0,Sense 2
2025-07-27T18:30:12Z,86.0,Sense 2
2025-07-27T18:30:17Z,84.0,Sense 2
2025-07-27T18:30:27Z,85.0,Sense 2
2025-07-27T18:30:37Z,86.0,Sense 2
2025-07-27T18:30:47Z,86.0,Sense 2
2025-07-27T18:30:57Z,86.0,Sense 2
2025-07-27T18:31:02Z,85.0,Sense 2
2025-07-27T18:31:07Z,84.0,Sense 2
2025-07-27T18:31:17Z,86.0,Sense 2
2025-07-27T18:31:22Z,87.0,Sense 2
2025-07-27T18:31:27Z,87.0,Sense 2
2025-07-27T18:31:37Z,86.0,Sense 2
2025-07-27T18:31:47Z,86.0,Sense 2
2025-07-27T18:31:52Z,87.0,Sense 2
2025-07-27T18:31:57Z,85.0,Sense 2
2025-07-27T18:32:02Z,83.0,Sense 2
2025-07-27T18:32:12Z,85.0,Sense 2
2025-07-27T18:32:17Z,86.0,Sense 2
2025-07-27T18:32:22Z,87.0,Sense 2
2025-07-27T18:32:27Z,88.0,Sense 2
2025-07-27T18:32:32Z,90.0,Sense 2
2025-07-27T18:32:37Z,91.0,Sense 2
2025-07-27T18:32:42Z,87.0,Sense 2
2025-07-27T18:32:47Z,85.0,Sense 2
2025-07-27T18:32:52Z,84.0,Sense 2
2025-07-27T18:32:57Z,84.0,Sense 2
2025-07-27T18:33:02Z,84.0,Sense 2
2025-07-27T18:33:12Z,84.0,Sense 2
2025-07-27T18:33:27Z,84.0,Sense 2
2025-07-27T18:33:37Z,84.0,Sense 2
2025-07-27T18:33:42Z,84.0,Sense 2
2025-07-27T18:33:52Z,86.0,Sense 2
2025-07-27T18:33:57Z,88.0,Sense 2
2025-07-27T18:34:02Z,85.0,Sense 2
2025-07-27T18:34:07Z,82.0,Sense 2
2025-07-27T18:34:12Z,81.0,Sense 2
2025-07-27T18:34:22Z,82.0,Sense 2
2025-07-27T18:34:37Z,81.0,Sense 2
2025-07-27T18:34:52Z,81.0,Sense 2
2025-07-27T18:35:07Z,81.0,Sense 2
2025-07-27T18:35:12Z,80.0,Sense 2
2025-07-27T18:35:17Z,81.0,Sense 2
2025-07-27T18:35:22Z,80.0,Sense 2
2025-07-27T18:35:27Z,81.0,Sense 2
2025-07-27T18:35:32Z,81.0,Sense 2
2025-07-27T18:35:47Z,81.0,Sense 2
2025-07-27T18:35:57Z,80.0,Sense 2
2025-07-27T18:36:02Z,81.0,Sense 2
2025-07-27T18:36:17Z,81.0,Sense 2
2025-07-27T18:36:22Z,82.0,Sense 2
2025-07-27T18:36:27Z,81.0,Sense 2
2025-07-27T18:36:42Z,81.0,Sense 2
2025-07-27T18:36:52Z,80.0,Sense 2
2025-07-27T18:36:57Z,78.0,Sense 2
2025-07-27T18:37:12Z,79.0,Sense 2
2025-07-27T18:37:17Z,81.0,Sense 2
2025-07-27T18:37:22Z,83.0,Sense 2
2025-07-27T18:37:27Z,84.0,Sense 2
2025-07-27T18:37:42Z,83.0,Sense 2
2025-07-27T18:37:47Z,84.0,Sense 2
2025-07-27T18:37:52Z,83.0,Sense 2
2025-07-27T18:38:07Z,81.0,Sense 2
2025-07-27T18:38:12Z,80.0,Sense 2
2025-07-27T18:38:22Z,79.0,Sense 2
2025-07-27T18:38:32Z,77.0,Sense 2
2025-07-27T18:38:47Z,77.0,Sense 2
2025-07-27T18:38:52Z,79.0,Sense 2
2025-07-27T18:38:57Z,80.0,Sense 2
2025-07-27T18:39:02Z,81.0,Sense 2
2025-07-27T18:39:07Z,80.0,Sense 2
2025-07-27T18:39:17Z,81.0,Sense 2
2025-07-27T18:39:22Z,82.0,Sense 2
2025-07-27T18:39:27Z,81.0,Sense 2
2025-07-27T18:39:32Z,82.0,Sense 2
2025-07-27T18:39:37Z,83.0,Sense 2
2025-07-27T18:39:42Z,84.0,Sense 2
2025-07-27T18:39:47Z,84.0,Sense 2
2025-07-27T18:39:52Z,85.0,Sense 2
2025-07-27T18:39:57Z,83.0,Sense 2
2025-07-27T18:40:02Z,82.0,Sense 2
2025-07-27T18:40:07Z,83.0,Sense 2
2025-07-27T18:40:22Z,84.0,Sense 2
2025-07-27T18:40:27Z,83.0,Sense 2
2025-07-27T18:40:42Z,84.0,Sense 2
2025-07-27T18:40:57Z,85.0,Sense 2
2025-07-27T18:41:02Z,86.0,Sense 2
2025-07-27T18:41:07Z,85.0,Sense 2
2025-07-27T18:41:22Z,84.0,Sense 2
2025-07-27T18:41:37Z,84.0,Sense 2
2025-07-27T18:41:47Z,85.0,Sense 2
2025-07-27T18:41:57Z,84.0,Sense 2
2025-07-27T18:42:02Z,85.0,Sense 2
2025-07-27T18:42:07Z,85.0,Sense 2
2025-07-27T18:42:12Z,84.0,Sense 2
2025-07-27T18:42:22Z,83.0,Sense 2
2025-07-27T18:42:32Z,82.0,Sense 2
2025-07-27T18:42:37Z,80.0,Sense 2
2025-07-27T18:42:42Z,78.0,Sense 2
2025-07-27T18:42:47Z,78.0,Sense 2
2025-07-27T18:43:02Z,78.0,Sense 2
2025-07-27T18:43:07Z,79.0,Sense 2
2025-07-27T18:43:12Z,83.0,Sense 2
2025-07-27T18:43:17Z,84.0,Sense 2
2025-07-27T18:43:22Z,83.0,Sense 2
2025-07-27T18:43:27Z,82.0,Sense 2
2025-07-27T18:43:32Z,80.0,Sense 2
2025-07-27T18:43:42Z,79.0,Sense 2
2025-07-27T18:43:47Z,80.0,Sense 2
2025-07-27T18:43:52Z,82.0,Sense 2
2025-07-27T18:43:57Z,80.0,Sense 2
2025-07-27T18:44:02Z,81.0,Sense 2
2025-07-27T18:44:07Z,80.0,Sense 2
2025-07-27T18:44:22Z,80.0,Sense 2
2025-07-27T18:44:32Z,81.0,Sense 2
2025-07-27T18:44:37Z,82.0,Sense 2
2025-07-27T18:44:47Z,81.0,Sense 2
2025-07-27T18:45:02Z,80.0,Sense 2
2025-07-27T18:45:07Z,80.0,Sense 2
2025-07-27T18:45:12Z,80.0,Sense 2
2025-07-27T18:45:22Z,80.0,Sense 2
2025-07-27T18:45:32Z,81.0,Sense 2
2025-07-27T18:45:47Z,82.0,Sense 2
2025-07-27T18:45:52Z,82.0,Sense 2
2025-07-27T18:45:57Z,81.0,Sense 2
2025-07-27T18:46:07Z,81.0,Sense 2
2025-07-27T18:46:12Z,81.0,Sense 2
2025-07-27T18:46:22Z,82.0,Sense 2
2025-07-27T18:46:27Z,84.0,Sense 2
2025-07-27T18:46:32Z,86.0,Sense 2
2025-07-27T18:46:42Z,85.0,Sense 2
2025-07-27T18:46:47Z,84.0,Sense 2
2025-07-27T18:46:52Z,84.0,Sense 2
2025-07-27T18:47:02Z,84.0,Sense 2
2025-07-27T18:47:12Z,86.0,Sense 2
2025-07-27T18:47:17Z,89.0,Sense 2
2025-07-27T18:47:22Z,92.0,Sense 2
2025-07-27T18:47:27Z,91.0,Sense 2
2025-07-27T18:47:32Z,93.0,Sense 2
2025-07-27T18:47:37Z,90.0,Sense 2
2025-07-27T18:47:42Z,88.0,Sense 2
2025-07-27T18:47:52Z,87.0,Sense 2
2025-07-27T18:47:57Z,86.0,Sense 2
2025-07-27T18:48:12Z,87.0,Sense 2
2025-07-27T18:48:17Z,88.0,Sense 2
2025-07-27T18:48:27Z,86.0,Sense 2
2025-07-27T18:48:32Z,85.0,Sense 2
2025-07-27T18:48:37Z,88.0,Sense 2
2025-07-27T18:48:42Z,90.0,Sense 2
2025-07-27T18:48:47Z,89.0,Sense 2
2025-07-27T18:48:52Z,88.0,Sense 2
2025-07-27T18:48:57Z,87.0,Sense 2
2025-07-27T18:49:02Z,86.0,Sense 2
2025-07-27T18:49:07Z,84.0,Sense 2
2025-07-27T18:49:12Z,81.0,Sense 2
2025-07-27T18:49:17Z,80.0,Sense 2
2025-07-27T18:49:22Z,80.0,Sense 2
2025-07-27T18:49:27Z,80.0,Sense 2
2025-07-27T18:49:37Z,81.0,Sense 2
2025-07-27T18:49:42Z,85.0,Sense 2
2025-07-27T18:49:52Z,82.0,Sense 2
2025-07-27T18:49:57Z,80.0,Sense 2
2025-07-27T18:50:02Z,82.0,Sense 2
2025-07-27T18:50:07Z,82.0,Sense 2
2025-07-27T18:50:12Z,81.0,Sense 2
2025-07-27T18:50:17Z,80.0,Sense 2
2025-07-27T18:50:22Z,81.0,Sense 2
2025-07-27T18:50:27Z,83.0,Sense 2
2025-07-27T18:50:32Z,81.0,Sense 2
2025-07-27T18:50:38Z,80.0,Sense 2
2025-07-27T18:50:43Z,82.0,Sense 2
2025-07-27T18:50:48Z,83.0,Sense 2
2025-07-27T18:50:53Z,86.0,Sense 2
2025-07-27T18:50:58Z,85.0,Sense 2
2025-07-27T18:51:03Z,88.0,Sense 2
2025-07-27T18:51:13Z,94.0,Sense 2
2025-07-27T18:51:23Z,90.0,Sense 2
2025-07-27T18:51:28Z,87.0,Sense 2
2025-07-27T18:51:33Z,88.0,Sense 2
2025-07-27T18:51:48Z,89.0,Sense 2
2025-07-27T18:52:03Z,89.0,Sense 2
2025-07-27T18:52:08Z,91.0,Sense 2
2025-07-27T18:52:13Z,92.0,Sense 2
2025-07-27T18:52:18Z,96.0,Sense 2
2025-07-27T18:52:23Z,97.0,Sense 2
2025-07-27T18:52:33Z,98.0,Sense 2
2025-07-27T18:52:43Z,102.0,Sense 2
2025-07-27T18:52:48Z,103.0,Sense 2
2025-07-27T18:52:53Z,104.0,Sense 2
2025-07-27T18:52:58Z,98.0,Sense 2
2025-07-27T18:53:03Z,95.0,Sense 2
2025-07-27T18:53:08Z,93.0,Sense 2
2025-07-27T18:53:13Z,92.0,Sense 2
2025-07-27T18:53:18Z,88.0,Sense 2
2025-07-27T18:53:23Z,89.0,Sense 2
2025-07-27T18:53:28Z,90.0,Sense 2
2025-07-27T18:53:33Z,88.0,Sense 2
2025-07-27T18:53:38Z,88.0,Sense 2
2025-07-27T18:53:48Z,89.0,Sense 2
2025-07-27T18:53:53Z,92.0,Sense 2
2025-07-27T18:53:58Z,90.0,Sense 2
2025-07-27T18:54:03Z,89.0,Sense 2
2025-07-27T18:54:08Z,87.0,Sense 2
2025-07-27T18:54:13Z,86.0,Sense 2
2025-07-27T18:54:23Z,85.0,Sense 2
2025-07-27T18:54:28Z,84.0,Sense 2
2025-07-27T18:54:33Z,85.0,Sense 2
2025-07-27T18:54:38Z,87.0,Sense 2
2025-07-27T18:54:48Z,90.0,Sense 2
2025-07-27T18:54:53Z,94.0,Sense 2
2025-07-27T18:55:03Z,93.0,Sense 2
2025-07-27T18:55:08Z,95.0,Sense 2
2025-07-27T18:55:18Z,96.0,Sense 2
2025-07-27T18:55:23Z,94.0,Sense 2
2025-07-27T18:55:33Z,93.0,Sense 2
2025-07-27T18:55:38Z,91.0,Sense 2
2025-07-27T18:55:43Z,90.0,Sense 2
2025-07-27T18:55:53Z,89.0,Sense 2
2025-07-27T18:56:03Z,89.0,Sense 2
2025-07-27T18:56:08Z,88.0,Sense 2
2025-07-27T18:56:13Z,87.0,Sense 2
2025-07-27T18:56:18Z,88.0,Sense 2
2025-07-27T18:56:23Z,88.0,Sense 2
2025-07-27T18:56:28Z,89.0,Sense 2
2025-07-27T18:56:38Z,88.0,Sense 2
2025-07-27T18:56:43Z,87.0,Sense 2
2025-07-27T18:56:53Z,87.0,Sense 2
2025-07-27T18:57:03Z,88.0,Sense 2
2025-07-27T18:57:08Z,84.0,Sense 2
2025-07-27T18:57:13Z,85.0,Sense 2
2025-07-27T18:57:18Z,87.0,Sense 2
2025-07-27T18:57:23Z,86.0,Sense 2
2025-07-27T18:57:28Z,88.0,Sense 2
2025-07-27T18:57:33Z,87.0,Sense 2
2025-07-27T18:57:38Z,86.0,Sense 2
2025-07-27T18:57:43Z,88.0,Sense 2
2025-07-27T18:57:48Z,88.0,Sense 2
2025-07-27T18:57:53Z,86.0,Sense 2
2025-07-27T18:57:58Z,84.0,Sense 2
2025-07-27T18:58:03Z,85.0,Sense 2
2025-07-27T18:58:08Z,86.0,Sense 2
2025-07-27T18:58:13Z,87.0,Sense 2
2025-07-27T18:58:18Z,88.0,Sense 2
2025-07-27T18:58:28Z,89.0,Sense 2
2025-07-27T18:58:33Z,90.0,Sense 2
2025-07-27T18:58:38Z,92.0,Sense 2
2025-07-27T18:58:48Z,94.0,Sense 2
2025-07-27T18:58:53Z,95.0,Sense 2
2025-07-27T18:58:58Z,93.0,Sense 2
2025-07-27T18:59:03Z,92.0,Sense 2
2025-07-27T18:59:08Z,93.0,Sense 2
2025-07-27T18:59:13Z,91.0,Sense 2
2025-07-27T18:59:18Z,89.0,Sense 2
2025-07-27T18:59:23Z,88.0,Sense 2
2025-07-27T18:59:28Z,86.0,Sense 2
2025-07-27T18:59:33Z,86.0,Sense 2
2025-07-27T18:59:43Z,86.0,Sense 2
2025-07-27T18:59:48Z,88.0,Sense 2
2025-07-27T18:59:53Z,87.0,Sense 2
2025-07-27T19:00:08Z,87.0,Sense 2
2025-07-27T19:00:13Z,88.0,Sense 2
2025-07-27T19:00:28Z,88.0,Sense 2
2025-07-27T19:00:38Z,87.0,Sense 2
2025-07-27T19:00:53Z,88.0,Sense 2
2025-07-27T19:00:58Z,89.0,Sense 2
2025-07-27T19:01:08Z,91.0,Sense 2
2025-07-27T19:01:13Z,92.0,Sense 2
2025-07-27T19:01:18Z,93.0,Sense 2
2025-07-27T19:01:28Z,92.0,Sense 2
2025-07-27T19:01:38Z,91.0,Sense 2
2025-07-27T19:01:43Z,92.0,Sense 2
2025-07-27T19:01:48Z,91.0,Sense 2
2025-07-27T19:01:53Z,92.0,Sense 2
2025-07-27T19:01:58Z,91.0,Sense 2
2025-07-27T19:02:13Z,90.0,Sense 2
2025-07-27T19:02:23Z,89.0,Sense 2
2025-07-27T19:02:28Z,88.0,Sense 2
2025-07-27T19:02:33Z,88.0,Sense 2
2025-07-27T19:02:38Z,90.0,Sense 2
2025-07-27T19:02:48Z,89.0,Sense 2
2025-07-27T19:02:53Z,90.0,Sense 2
2025-07-27T19:03:08Z,92.0,Sense 2
2025-07-27T19:03:13Z,90.0,Sense 2
2025-07-27T19:03:18Z,88.0,Sense 2
2025-07-27T19:03:23Z,92.0,Sense 2
2025-07-27T19:03:28Z,90.0,Sense 2
2025-07-27T19:03:33Z,90.0,Sense 2
2025-07-27T19:03:38Z,89.0,Sense 2
2025-07-27T19:03:43Z,88.0,Sense 2
2025-07-27T19:03:48Z,89.0,Sense 2
2025-07-27T19:03:58Z,90.0,Sense 2
2025-07-27T19:04:13Z,91.0,Sense 2
2025-07-27T19:04:28Z,92.0,Sense 2
2025-07-27T19:04:33Z,93.0,Sense 2
2025-07-27T19:04:48Z,93.0,Sense 2
2025-07-27T19:04:53Z,92.0,Sense 2
2025-07-27T19:04:58Z,90.0,Sense 2
2025-07-27T19:05:03Z,91.0,Sense 2
2025-07-27T19:05:08Z,92.0,Sense 2
2025-07-27T19:05:13Z,88.0,Sense 2
2025-07-27T19:05:18Z,81.0,Sense 2
2025-07-27T19:05:23Z,82.0,Sense 2
2025-07-27T19:05:28Z,86.0,Sense 2
2025-07-27T19:05:33Z,88.0,Sense 2
2025-07-27T19:05:38Z,88.0,Sense 2
2025-07-27T19:05:42Z,88.0,Sense 2
2025-07-27T19:05:47Z,89.0,Sense 2
2025-07-27T19:05:57Z,90.0,Sense 2
2025-07-27T19:06:02Z,90.0,Sense 2
2025-07-27T19:06:07Z,91.0,Sense 2
2025-07-27T19:06:22Z,91.0,Sense 2
2025-07-27T19:06:27Z,93.0,Sense 2
2025-07-27T19:06:32Z,96.0,Sense 2
2025-07-27T19:06:42Z,97.0,Sense 2
2025-07-27T19:06:47Z,98.0,Sense 2
2025-07-27T19:07:02Z,97.0,Sense 2
2025-07-27T19:07:07Z,95.0,Sense 2
2025-07-27T19:07:12Z,92.0,Sense 2
2025-07-27T19:07:17Z,90.0,Sense 2
2025-07-27T19:07:22Z,87.0,Sense 2
2025-07-27T19:07:27Z,86.0,Sense 2
2025-07-27T19:07:32Z,85.0,Sense 2
2025-07-27T19:07:42Z,86.0,Sense 2
2025-07-27T19:07:52Z,87.0,Sense 2
2025-07-27T19:07:57Z,88.0,Sense 2
2025-07-27T19:08:02Z,88.0,Sense 2
2025-07-27T19:08:12Z,87.0,Sense 2
2025-07-27T19:08:17Z,86.0,Sense 2
2025-07-27T19:08:22Z,87.0,Sense 2
2025-07-27T19:08:27Z,88.0,Sense 2
2025-07-27T19:08:32Z,89.0,Sense 2
2025-07-27T19:08:37Z,90.0,Sense 2
2025-07-27T19:08:42Z,90.0,Sense 2
2025-07-27T19:08:47Z,90.0,Sense 2
2025-07-27T19:08:52Z,91.0,Sense 2
2025-07-27T19:09:02Z,90.0,Sense 2
2025-07-27T19:09:07Z,90.0,Sense 2
2025-07-27T19:09:12Z,86.0,Sense 2
2025-07-27T19:09:17Z,79.0,Sense 2
2025-07-27T19:09:22Z,78.0,Sense 2
2025-07-27T19:09:27Z,83.0,Sense 2
2025-07-27T19:09:32Z,87.0,Sense 2
2025-07-27T19:09:37Z,86.0,Sense 2
2025-07-27T19:09:42Z,87.0,Sense 2
2025-07-27T19:09:47Z,86.0,Sense 2
2025-07-27T19:09:52Z,87.0,Sense 2
2025-07-27T19:10:02Z,87.0,Sense 2
2025-07-27T19:10:07Z,88.0,Sense 2
2025-07-27T19:10:12Z,88.0,Sense 2
2025-07-27T19:10:17Z,89.0,Sense 2
2025-07-27T19:10:22Z,87.0,Sense 2
2025-07-27T19:10:32Z,86.0,Sense 2
2025-07-27T19:10:37Z,86.0,Sense 2
2025-07-27T19:10:47Z,88.0,Sense 2
2025-07-27T19:10:52Z,89.0,Sense 2
2025-07-27T19:10:57Z,90.0,Sense 2
2025-07-27T19:11:12Z,89.0,Sense 2
2025-07-27T19:11:17Z,89.0,Sense 2
2025-07-27T19:11:22Z,90.0,Sense 2
2025-07-27T19:11:27Z,91.0,Sense 2
2025-07-27T19:11:32Z,92.0,Sense 2
2025-07-27T19:11:37Z,94.0,Sense 2
2025-07-27T19:11:47Z,93.0,Sense 2
2025-07-27T19:11:52Z,91.0,Sense 2
2025-07-27T19:12:07Z,92.0,Sense 2
2025-07-27T19:12:17Z,91.0,Sense 2
2025-07-27T19:12:22Z,87.0,Sense 2
2025-07-27T19:12:27Z,88.0,Sense 2
2025-07-27T19:12:32Z,87.0,Sense 2
2025-07-27T19:12:37Z,85.0,Sense 2
2025-07-27T19:12:42Z,85.0,Sense 2
2025-07-27T19:12:47Z,84.0,Sense 2
2025-07-27T19:12:52Z,83.0,Sense 2
2025-07-27T19:12:57Z,83.0,Sense 2
2025-07-27T19:13:07Z,82.0,Sense 2
2025-07-27T19:13:12Z,83.0,Sense 2
2025-07-27T19:13:22Z,82.0,Sense 2
2025-07-27T19:13:27Z,82.0,Sense 2
2025-07-27T19:13:32Z,82.0,Sense 2
2025-07-27T19:13:37Z,83.0,Sense 2
2025-07-27T19:13:42Z,85.0,Sense 2
2025-07-27T19:13:47Z,86.0,Sense 2
2025-07-27T19:13:52Z,85.0,Sense 2
2025-07-27T19:14:07Z,86.0,Sense 2
2025-07-27T19:14:12Z,87.0,Sense 2
2025-07-27T19:14:17Z,88.0,Sense 2
2025-07-27T19:14:22Z,88.0,Sense 2
2025-07-27T19:14:27Z,85.0,Sense 2
2025-07-27T19:14:32Z,86.0,Sense 2
2025-07-27T19:14:37Z,87.0,Sense 2
2025-07-27T19:14:42Z,89.0,Sense 2
2025-07-27T19:14:47Z,88.0,Sense 2
2025-07-27T19:14:57Z,86.0,Sense 2
2025-07-27T19:15:02Z,85.0,Sense 2
2025-07-27T19:15:07Z,84.0,Sense 2
2025-07-27T19:15:12Z,86.0,Sense 2
2025-07-27T19:15:17Z,87.0,Sense 2
2025-07-27T19:15:22Z,85.0,Sense 2
2025-07-27T19:15:32Z,85.0,Sense 2
2025-07-27T19:15:37Z,85.0,Sense 2
2025-07-27T19:15:42Z,84.0,Sense 2
2025-07-27T19:15:47Z,85.0,Sense 2
2025-07-27T19:15:52Z,86.0,Sense 2
2025-07-27T19:16:02Z,86.0,Sense 2
2025-07-27T19:16:17Z,85.0,Sense 2
2025-07-27T19:16:22Z,86.0,Sense 2
2025-07-27T19:16:37Z,85.0,Sense 2
2025-07-27T19:16:42Z,86.0,Sense 2
2025-07-27T19:16:52Z,86.0,Sense 2
2025-07-27T19:16:57Z,85.0,Sense 2
2025-07-27T19:17:02Z,86.0,Sense 2
2025-07-27T19:17:07Z,88.0,Sense 2
2025-07-27T19:17:12Z,87.0,Sense 2
2025-07-27T19:17:17Z,86.0,Sense 2
2025-07-27T19:17:22Z,85.0,Sense 2
2025-07-27T19:17:32Z,86.0,Sense 2
2025-07-27T19:17:42Z,86.0,Sense 2
2025-07-27T19:17:52Z,86.0,Sense 2
2025-07-27T19:17:57Z,84.0,Sense 2
2025-07-27T19:18:02Z,83.0,Sense 2
2025-07-27T19:18:07Z,84.0,Sense 2
2025-07-27T19:18:12Z,85.0,Sense 2
2025-07-27T19:18:17Z,84.0,Sense 2
2025-07-27T19:18:27Z,85.0,Sense 2
2025-07-27T19:18:32Z,88.0,Sense 2
2025-07-27T19:18:37Z,90.0,Sense 2
2025-07-27T19:18:42Z,87.0,Sense 2
2025-07-27T19:18:47Z,86.0,Sense 2
2025-07-27T19:18:52Z,87.0,Sense 2
2025-07-27T19:18:57Z,87.0,Sense 2
2025-07-27T19:19:07Z,88.0,Sense 2
2025-07-27T19:19:12Z,90.0,Sense 2
2025-07-27T19:19:27Z,90.0,Sense 2
2025-07-27T19:19:42Z,90.0,Sense 2
2025-07-27T19:19:47Z,89.0,Sense 2
2025-07-27T19:20:02Z,89.0,Sense 2
2025-07-27T19:20:07Z,88.0,Sense 2
2025-07-27T19:20:17Z,90.0,Sense 2
2025-07-27T19:20:22Z,91.0,Sense 2
2025-07-27T19:20:27Z,90.0,Sense 2
2025-07-27T19:20:32Z,88.0,Sense 2
2025-07-27T19:20:42Z,90.0,Sense 2
2025-07-27T19:20:48Z,91.0,Sense 2
2025-07-27T19:20:53Z,86.0,Sense 2
2025-07-27T19:20:58Z,85.0,Sense 2
2025-07-27T19:21:03Z,87.0,Sense 2
2025-07-27T19:21:08Z,86.0,Sense 2
2025-07-27T19:21:13Z,84.0,Sense 2
2025-07-27T19:21:28Z,84.0,Sense 2
2025-07-27T19:21:43Z,87.0,Sense 2
2025-07-27T19:21:48Z,87.0,Sense 2
2025-07-27T19:21:53Z,88.0,Sense 2
2025-07-27T19:22:08Z,89.0,Sense 2
2025-07-27T19:22:23Z,91.0,Sense 2
2025-07-27T19:22:28Z,93.0,Sense 2
2025-07-27T19:22:33Z,92.0,Sense 2
2025-07-27T19:22:43Z,93.0,Sense 2
2025-07-27T19:22:48Z,92.0,Sense 2
2025-07-27T19:22:53Z,92.0,Sense 2
2025-07-27T19:22:58Z,92.0,Sense 2
2025-07-27T19:23:03Z,91.0,Sense 2
2025-07-27T19:23:08Z,92.0,Sense 2
2025-07-27T19:23:13Z,91.0,Sense 2
2025-07-27T19:23:18Z,90.0,Sense 2
2025-07-27T19:23:23Z,89.0,Sense 2
2025-07-27T19:23:28Z,89.0,Sense 2
2025-07-27T19:23:33Z,88.0,Sense 2
2025-07-27T19:23:38Z,89.0,Sense 2
2025-07-27T19:23:43Z,88.0,Sense 2
2025-07-27T19:23:48Z,89.0,Sense 2
2025-07-27T19:23:58Z,90.0,Sense 2
2025-07-27T19:24:03Z,84.0,Sense 2
2025-07-27T19:24:08Z,85.0,Sense 2
2025-07-27T19:24:13Z,86.0,Sense 2
2025-07-27T19:24:18Z,87.0,Sense 2
2025-07-27T19:24:33Z,87.0,Sense 2
2025-07-27T19:24:38Z,89.0,Sense 2
2025-07-27T19:24:43Z,90.0,Sense 2
2025-07-27T19:24:58Z,90.0,Sense 2
2025-07-27T19:25:03Z,91.0,Sense 2
2025-07-27T19:25:18Z,90.0,Sense 2
2025-07-27T19:25:23Z,90.0,Sense 2
2025-07-27T19:25:28Z,89.0,Sense 2
2025-07-27T19:25:33Z,88.0,Sense 2
2025-07-27T19:25:38Z,87.0,Sense 2
2025-07-27T19:25:48Z,88.0,Sense 2
2025-07-27T19:25:53Z,90.0,Sense 2
2025-07-27T19:25:58Z,89.0,Sense 2
2025-07-27T19:26:03Z,90.0,Sense 2
2025-07-27T19:26:08Z,89.0,Sense 2
2025-07-27T19:26:13Z,87.0,Sense 2
2025-07-27T19:26:18Z,88.0,Sense 2
2025-07-27T19:26:28Z,87.0,Sense 2
2025-07-27T19:26:33Z,87.0,Sense 2
2025-07-27T19:26:38Z,86.0,Sense 2
2025-07-27T19:26:53Z,86.0,Sense 2
2025-07-27T19:26:58Z,86.0,Sense 2
2025-07-27T19:27:08Z,87.0,Sense 2
2025-07-27T19:27:13Z,90.0,Sense 2
2025-07-27T19:27:18Z,94.0,Sense 2
2025-07-27T19:27:23Z,90.0,Sense 2
2025-07-27T19:27:28Z,87.0,Sense 2
2025-07-27T19:27:38Z,89.0,Sense 2
2025-07-27T19:27:48Z,87.0,Sense 2
2025-07-27T19:27:53Z,86.0,Sense 2
2025-07-27T19:27:58Z,83.0,Sense 2
2025-07-27T19:28:08Z,84.0,Sense 2
2025-07-27T19:28:18Z,86.0,Sense 2
2025-07-27T19:28:23Z,85.0,Sense 2
2025-07-27T19:28:28Z,86.0,Sense 2
2025-07-27T19:28:33Z,87.0,Sense 2
2025-07-27T19:28:38Z,88.0,Sense 2
2025-07-27T19:28:48Z,88.0,Sense 2
2025-07-27T19:28:53Z,88.0,Sense 2
2025-07-27T19:29:03Z,88.0,Sense 2
2025-07-27T19:29:08Z,89.0,Sense 2
2025-07-27T19:29:13Z,90.0,Sense 2
2025-07-27T19:29:18Z,91.0,Sense 2
2025-07-27T19:29:23Z,88.0,Sense 2
2025-07-27T19:29:28Z,86.0,Sense 2
2025-07-27T19:29:33Z,84.0,Sense 2
2025-07-27T19:29:43Z,87.0,Sense 2
2025-07-27T19:29:48Z,88.0,Sense 2
2025-07-27T19:29:53Z,85.0,Sense 2
2025-07-27T19:29:58Z,84.0,Sense 2
2025-07-27T19:30:08Z,84.0,Sense 2
2025-07-27T19:30:23Z,85.0,Sense 2
2025-07-27T19:30:28Z,86.0,Sense 2
2025-07-27T19:30:43Z,86.0,Sense 2
2025-07-27T19:30:58Z,87.0,Sense 2
2025-07-27T19:31:03Z,87.0,Sense 2
2025-07-27T19:31:13Z,87.0,Sense 2
2025-07-27T19:31:18Z,86.0,Sense 2
2025-07-27T19:31:23Z,86.0,Sense 2
2025-07-27T19:31:28Z,87.0,Sense 2
2025-07-27T19:31:33Z,88.0,Sense 2
2025-07-27T19:31:38Z,87.0,Sense 2
2025-07-27T19:31:43Z,84.0,Sense 2
2025-07-27T19:31:53Z,83.0,Sense 2
2025-07-27T19:31:58Z,84.0,Sense 2
2025-07-27T19:32:03Z,85.0,Sense 2
2025-07-27T19:32:13Z,88.0,Sense 2
2025-07-27T19:32:18Z,89.0,Sense 2
2025-07-27T19:32:23Z,91.0,Sense 2
2025-07-27T19:32:33Z,90.0,Sense 2
2025-07-27T19:32:38Z,88.0,Sense 2
2025-07-27T19:32:43Z,86.0,Sense 2
2025-07-27T19:32:58Z,88.0,Sense 2
2025-07-27T19:33:03Z,89.0,Sense 2
2025-07-27T19:33:13Z,89.0,Sense 2
2025-07-27T19:33:18Z,89.0,Sense 2
2025-07-27T19:33:33Z,89.0,Sense 2
2025-07-27T19:33:38Z,88.0,Sense 2
2025-07-27T19:33:43Z,87.0,Sense 2
2025-07-27T19:33:48Z,88.0,Sense 2
2025-07-27T19:33:53Z,89.0,Sense 2
2025-07-27T19:33:58Z,90.0,Sense 2
2025-07-27T19:34:08Z,89.0,Sense 2
2025-07-27T19:34:13Z,88.0,Sense 2
2025-07-27T19:34:18Z,89.0,Sense 2
2025-07-27T19:34:28Z,90.0,Sense 2
2025-07-27T19:34:38Z,89.0,Sense 2
2025-07-27T19:34:43Z,88.0,Sense 2
2025-07-27T19:34:48Z,86.0,Sense 2
2025-07-27T19:35:03Z,87.0,Sense 2
2025-07-27T19:35:13Z,89.0,Sense 2
2025-07-27T19:35:18Z,90.0,Sense 2
2025-07-27T19:35:23Z,89.0,Sense 2
2025-07-27T19:35:28Z,88.0,Sense 2
2025-07-27T19:35:38Z,89.0,Sense 2
2025-07-27T19:35:43Z,88.0,Sense 2
2025-07-27T19:35:48Z,87.0,Sense 2
2025-07-27T19:35:53Z,82.0,Sense 2
2025-07-27T19:35:57Z,79.0,Sense 2
2025-07-27T19:36:02Z,83.0,Sense 2
2025-07-27T19:36:07Z,86.0,Sense 2
2025-07-27T19:36:12Z,85.0,Sense 2
2025-07-27T19:36:17Z,83.0,Sense 2
2025-07-27T19:36:22Z,83.0,Sense 2
2025-07-27T19:36:27Z,84.0,Sense 2
2025-07-27T19:36:42Z,85.0,Sense 2
2025-07-27T19:36:47Z,87.0,Sense 2
2025-07-27T19:36:57Z,86.0,Sense 2
2025-07-27T19:37:02Z,84.0,Sense 2
2025-07-27T19:37:07Z,85.0,Sense 2
2025-07-27T19:37:12Z,87.0,Sense 2
2025-07-27T19:37:17Z,89.0,Sense 2
2025-07-27T19:37:22Z,88.0,Sense 2
2025-07-27T19:37:32Z,88.0,Sense 2
2025-07-27T19:37:37Z,89.0,Sense 2
2025-07-27T19:37:47Z,90.0,Sense 2
2025-07-27T19:37:52Z,95.0,Sense 2
2025-07-27T19:37:57Z,90.0,Sense 2
2025-07-27T19:38:02Z,85.0,Sense 2
2025-07-27T19:38:12Z,83.0,Sense 2
2025-07-27T19:38:22Z,84.0,Sense 2
2025-07-27T19:38:37Z,83.0,Sense 2
2025-07-27T19:38:52Z,83.0,Sense 2
2025-07-27T19:38:57Z,84.0,Sense 2
2025-07-27T19:39:02Z,86.0,Sense 2
2025-07-27T19:39:07Z,86.0,Sense 2
2025-07-27T19:39:22Z,86.0,Sense 2
2025-07-27T19:39:27Z,87.0,Sense 2
2025-07-27T19:39:37Z,86.0,Sense 2
2025-07-27T19:39:52Z,86.0,Sense 2
2025-07-27T19:39:57Z,88.0,Sense 2
2025-07-27T19:40:02Z,93.0,Sense 2
2025-07-27T19:40:07Z,95.0,Sense 2
2025-07-27T19:40:12Z,94.0,Sense 2
2025-07-27T19:40:17Z,93.0,Sense 2
2025-07-27T19:40:22Z,95.0,Sense 2
2025-07-27T19:40:27Z,97.0,Sense 2
2025-07-27T19:40:37Z,98.0,Sense 2
2025-07-27T19:40:42Z,96.0,Sense 2
2025-07-27T19:40:47Z,97.0,Sense 2
2025-07-27T19:40:52Z,96.0,Sense 2
2025-07-27T19:41:02Z,96.0,Sense 2
2025-07-27T19:41:12Z,94.0,Sense 2
2025-07-27T19:41:17Z,95.0,Sense 2
2025-07-27T19:41:22Z,90.0,Sense 2
2025-07-27T19:41:32Z,88.0,Sense 2
2025-07-27T19:41:37Z,91.0,Sense 2
2025-07-27T19:41:42Z,88.0,Sense 2
2025-07-27T19:41:47Z,87.0,Sense 2
2025-07-27T19:41:52Z,85.0,Sense 2
2025-07-27T19:41:57Z,87.0,Sense 2
2025-07-27T19:42:02Z,85.0,Sense 2
2025-07-27T19:48:47Z,86.0,Sense 2
2025-07-27T19:48:57Z,83.0,Sense 2
2025-07-27T19:49:07Z,86.0,Sense 2
2025-07-27T19:49:12Z,85.0,Sense 2
2025-07-27T19:49:17Z,84.0,Sense 2
2025-07-27T19:49:27Z,86.0,Sense 2
2025-07-27T19:49:32Z,81.0,Sense 2
2025-07-27T19:49:37Z,78.0,Sense 2
2025-07-27T19:49:47Z,82.0,Sense 2
2025-07-27T19:49:57Z,79.0,Sense 2
2025-07-27T19:50:02Z,80.0,Sense 2
