timestamp,beats per minute,data source
2025-08-11T00:00:04Z,133.0,Sense
2025-08-11T00:00:09Z,132.0,Sense
2025-08-11T00:00:14Z,131.0,Sense
2025-08-11T00:00:19Z,129.0,Sense
2025-08-11T00:00:34Z,129.0,Sense
2025-08-11T00:00:39Z,128.0,Sense
2025-08-11T00:00:44Z,129.0,Sense
2025-08-11T00:00:49Z,132.0,Sense
2025-08-11T00:00:54Z,134.0,Sense
2025-08-11T00:01:04Z,135.0,Sense
2025-08-11T00:01:09Z,134.0,Sense
2025-08-11T00:01:14Z,133.0,Sense
2025-08-11T00:01:24Z,128.0,Sense
2025-08-11T00:01:29Z,122.0,Sense
2025-08-11T00:01:34Z,120.0,Sense
2025-08-11T00:01:39Z,114.0,Sense
2025-08-11T00:01:44Z,122.0,Sense
2025-08-11T00:01:49Z,132.0,Sense
2025-08-11T00:01:54Z,134.0,Sense
2025-08-11T00:02:04Z,142.0,Sense
2025-08-11T00:02:09Z,138.0,Sense
2025-08-11T00:02:14Z,136.0,Sense
2025-08-11T00:02:19Z,134.0,Sense
2025-08-11T00:02:24Z,133.0,Sense
2025-08-11T00:02:29Z,135.0,Sense
2025-08-11T00:02:34Z,133.0,Sense
2025-08-11T00:02:39Z,136.0,Sense
2025-08-11T00:02:44Z,137.0,Sense
2025-08-11T00:02:49Z,136.0,Sense
2025-08-11T00:02:54Z,135.0,Sense
2025-08-11T00:02:59Z,133.0,Sense
2025-08-11T00:03:09Z,136.0,Sense
2025-08-11T00:03:14Z,135.0,Sense
2025-08-11T00:03:19Z,134.0,Sense
2025-08-11T00:03:29Z,135.0,Sense
2025-08-11T00:03:44Z,134.0,Sense
2025-08-11T00:03:49Z,131.0,Sense
2025-08-11T00:03:54Z,126.0,Sense
2025-08-11T00:03:59Z,125.0,Sense
2025-08-11T00:04:09Z,127.0,Sense
2025-08-11T00:04:14Z,129.0,Sense
2025-08-11T00:04:19Z,126.0,Sense
2025-08-11T00:04:24Z,130.0,Sense
2025-08-11T00:04:29Z,139.0,Sense
2025-08-11T00:04:34Z,137.0,Sense
2025-08-11T00:04:39Z,134.0,Sense
2025-08-11T00:04:54Z,134.0,Sense
2025-08-11T00:04:59Z,135.0,Sense
2025-08-11T00:05:04Z,135.0,Sense
2025-08-11T00:05:09Z,134.0,Sense
2025-08-11T00:05:14Z,134.0,Sense
2025-08-11T00:05:19Z,132.0,Sense
2025-08-11T00:05:34Z,132.0,Sense
2025-08-11T00:05:39Z,134.0,Sense
2025-08-11T00:05:44Z,130.0,Sense
2025-08-11T00:05:49Z,129.0,Sense
2025-08-11T00:05:54Z,132.0,Sense
2025-08-11T00:05:59Z,135.0,Sense
2025-08-11T00:06:09Z,134.0,Sense
2025-08-11T00:06:14Z,130.0,Sense
2025-08-11T00:06:29Z,130.0,Sense
2025-08-11T00:06:34Z,134.0,Sense
2025-08-11T00:06:39Z,135.0,Sense
2025-08-11T00:06:54Z,135.0,Sense
2025-08-11T00:06:59Z,134.0,Sense
2025-08-11T00:07:04Z,134.0,Sense
2025-08-11T00:07:09Z,134.0,Sense
2025-08-11T00:07:24Z,133.0,Sense
2025-08-11T00:07:34Z,130.0,Sense
2025-08-11T00:07:39Z,126.0,Sense
2025-08-11T00:07:49Z,123.0,Sense
2025-08-11T00:07:54Z,119.0,Sense
2025-08-11T00:07:59Z,120.0,Sense
2025-08-11T00:08:04Z,121.0,Sense
2025-08-11T00:08:09Z,124.0,Sense
2025-08-11T00:08:14Z,125.0,Sense
2025-08-11T00:08:19Z,132.0,Sense
2025-08-11T00:08:24Z,134.0,Sense
2025-08-11T00:08:29Z,133.0,Sense
2025-08-11T00:08:34Z,129.0,Sense
2025-08-11T00:08:44Z,132.0,Sense
2025-08-11T00:08:49Z,134.0,Sense
2025-08-11T00:08:54Z,133.0,Sense
2025-08-11T00:08:59Z,132.0,Sense
2025-08-11T00:09:14Z,132.0,Sense
2025-08-11T00:09:19Z,133.0,Sense
2025-08-11T00:09:29Z,132.0,Sense
2025-08-11T00:09:44Z,132.0,Sense
2025-08-11T00:09:49Z,134.0,Sense
2025-08-11T00:09:54Z,132.0,Sense
2025-08-11T00:09:59Z,131.0,Sense
2025-08-11T00:10:04Z,130.0,Sense
2025-08-11T00:10:14Z,133.0,Sense
2025-08-11T00:10:24Z,131.0,Sense
2025-08-11T00:10:29Z,130.0,Sense
2025-08-11T00:10:44Z,130.0,Sense
2025-08-11T00:10:49Z,124.0,Sense
2025-08-11T00:10:54Z,127.0,Sense
2025-08-11T00:10:59Z,132.0,Sense
2025-08-11T00:11:09Z,136.0,Sense
2025-08-11T00:11:14Z,135.0,Sense
2025-08-11T00:11:24Z,133.0,Sense
2025-08-11T00:11:39Z,131.0,Sense
2025-08-11T00:11:44Z,132.0,Sense
2025-08-11T00:11:49Z,136.0,Sense
2025-08-11T00:11:54Z,142.0,Sense
2025-08-11T00:11:59Z,140.0,Sense
2025-08-11T00:12:04Z,139.0,Sense
2025-08-11T00:12:09Z,136.0,Sense
2025-08-11T00:12:14Z,134.0,Sense
2025-08-11T00:12:19Z,132.0,Sense
2025-08-11T00:12:24Z,134.0,Sense
2025-08-11T00:12:39Z,134.0,Sense
2025-08-11T00:12:49Z,145.0,Sense
2025-08-11T00:12:59Z,142.0,Sense
2025-08-11T00:13:04Z,139.0,Sense
2025-08-11T00:13:09Z,140.0,Sense
2025-08-11T00:13:14Z,139.0,Sense
2025-08-11T00:13:19Z,138.0,Sense
2025-08-11T00:13:29Z,137.0,Sense
2025-08-11T00:13:34Z,136.0,Sense
2025-08-11T00:13:39Z,140.0,Sense
2025-08-11T00:13:44Z,135.0,Sense
2025-08-11T00:13:49Z,132.0,Sense
2025-08-11T00:13:54Z,126.0,Sense
2025-08-11T00:14:04Z,143.0,Sense
2025-08-11T00:14:09Z,138.0,Sense
2025-08-11T00:14:14Z,134.0,Sense
2025-08-11T00:14:19Z,133.0,Sense
2025-08-11T00:14:24Z,131.0,Sense
2025-08-11T00:14:29Z,133.0,Sense
2025-08-11T00:14:34Z,129.0,Sense
2025-08-11T00:14:39Z,125.0,Sense
2025-08-11T00:14:44Z,130.0,Sense
2025-08-11T00:14:49Z,136.0,Sense
2025-08-11T00:14:54Z,137.0,Sense
2025-08-11T00:14:59Z,135.0,Sense
2025-08-11T00:15:04Z,134.0,Sense
2025-08-11T00:15:19Z,132.0,Sense
2025-08-11T00:15:34Z,132.0,Sense
2025-08-11T00:15:39Z,133.0,Sense
2025-08-11T00:15:44Z,132.0,Sense
2025-08-11T00:15:49Z,128.0,Sense
2025-08-11T00:15:54Z,126.0,Sense
2025-08-11T00:16:04Z,128.0,Sense
2025-08-11T00:16:14Z,131.0,Sense
2025-08-11T00:16:19Z,133.0,Sense
2025-08-11T00:16:24Z,134.0,Sense
2025-08-11T00:16:29Z,135.0,Sense
2025-08-11T00:16:34Z,133.0,Sense
2025-08-11T00:16:44Z,132.0,Sense
2025-08-11T00:16:59Z,132.0,Sense
2025-08-11T00:17:09Z,131.0,Sense
2025-08-11T00:17:14Z,127.0,Sense
2025-08-11T00:17:19Z,124.0,Sense
2025-08-11T00:17:24Z,124.0,Sense
2025-08-11T00:17:29Z,126.0,Sense
2025-08-11T00:17:34Z,130.0,Sense
2025-08-11T00:17:39Z,134.0,Sense
2025-08-11T00:17:44Z,133.0,Sense
2025-08-11T00:17:59Z,134.0,Sense
2025-08-11T00:18:09Z,131.0,Sense
2025-08-11T00:18:14Z,131.0,Sense
2025-08-11T00:18:19Z,133.0,Sense
2025-08-11T00:18:29Z,132.0,Sense
2025-08-11T00:18:34Z,131.0,Sense
2025-08-11T00:18:44Z,129.0,Sense
2025-08-11T00:18:49Z,127.0,Sense
2025-08-11T00:18:54Z,126.0,Sense
2025-08-11T00:18:59Z,129.0,Sense
2025-08-11T00:19:04Z,134.0,Sense
2025-08-11T00:19:09Z,129.0,Sense
2025-08-11T00:19:14Z,128.0,Sense
2025-08-11T00:19:19Z,127.0,Sense
2025-08-11T00:19:24Z,130.0,Sense
2025-08-11T00:19:34Z,131.0,Sense
2025-08-11T00:19:39Z,133.0,Sense
2025-08-11T00:19:54Z,135.0,Sense
2025-08-11T00:19:59Z,133.0,Sense
2025-08-11T00:20:04Z,132.0,Sense
2025-08-11T00:20:09Z,131.0,Sense
2025-08-11T00:20:19Z,128.0,Sense
2025-08-11T00:20:24Z,129.0,Sense
2025-08-11T00:20:29Z,127.0,Sense
2025-08-11T00:20:39Z,129.0,Sense
2025-08-11T00:20:49Z,130.0,Sense
2025-08-11T00:20:54Z,131.0,Sense
2025-08-11T00:20:59Z,134.0,Sense
2025-08-11T00:21:04Z,135.0,Sense
2025-08-11T00:21:09Z,134.0,Sense
2025-08-11T00:21:14Z,133.0,Sense
2025-08-11T00:21:24Z,134.0,Sense
2025-08-11T00:21:29Z,136.0,Sense
2025-08-11T00:21:34Z,135.0,Sense
2025-08-11T00:21:49Z,133.0,Sense
2025-08-11T00:21:54Z,130.0,Sense
2025-08-11T00:21:59Z,134.0,Sense
2025-08-11T00:22:14Z,135.0,Sense
2025-08-11T00:22:19Z,134.0,Sense
2025-08-11T00:22:29Z,136.0,Sense
2025-08-11T00:22:39Z,133.0,Sense
2025-08-11T00:22:44Z,127.0,Sense
2025-08-11T00:22:49Z,130.0,Sense
2025-08-11T00:22:54Z,129.0,Sense
2025-08-11T00:22:59Z,128.0,Sense
2025-08-11T00:23:14Z,132.0,Sense
2025-08-11T00:23:24Z,130.0,Sense
2025-08-11T00:23:29Z,124.0,Sense
2025-08-11T00:23:34Z,121.0,Sense
2025-08-11T00:23:39Z,116.0,Sense
2025-08-11T00:23:44Z,108.0,Sense
2025-08-11T00:23:49Z,125.0,Sense
2025-08-11T00:23:54Z,132.0,Sense
2025-08-11T00:24:04Z,134.0,Sense
2025-08-11T00:24:09Z,133.0,Sense
2025-08-11T00:24:24Z,133.0,Sense
2025-08-11T00:24:34Z,131.0,Sense
2025-08-11T00:24:39Z,128.0,Sense
2025-08-11T00:24:44Z,129.0,Sense
2025-08-11T00:24:49Z,134.0,Sense
2025-08-11T00:24:54Z,133.0,Sense
2025-08-11T00:24:59Z,133.0,Sense
2025-08-11T00:25:14Z,132.0,Sense
2025-08-11T00:25:19Z,130.0,Sense
2025-08-11T00:25:24Z,132.0,Sense
2025-08-11T00:25:29Z,133.0,Sense
2025-08-11T00:25:34Z,131.0,Sense
2025-08-11T00:25:39Z,130.0,Sense
2025-08-11T00:25:44Z,128.0,Sense
2025-08-11T00:25:54Z,133.0,Sense
2025-08-11T00:25:59Z,136.0,Sense
2025-08-11T00:26:14Z,133.0,Sense
2025-08-11T00:26:19Z,132.0,Sense
2025-08-11T00:26:29Z,132.0,Sense
2025-08-11T00:26:34Z,131.0,Sense
2025-08-11T00:26:39Z,129.0,Sense
2025-08-11T00:26:44Z,128.0,Sense
2025-08-11T00:26:49Z,129.0,Sense
2025-08-11T00:26:54Z,130.0,Sense
2025-08-11T00:26:59Z,130.0,Sense
2025-08-11T00:27:04Z,129.0,Sense
2025-08-11T00:27:09Z,125.0,Sense
2025-08-11T00:27:14Z,124.0,Sense
2025-08-11T00:27:19Z,136.0,Sense
2025-08-11T00:27:34Z,136.0,Sense
2025-08-11T00:27:44Z,137.0,Sense
2025-08-11T00:27:49Z,136.0,Sense
2025-08-11T00:27:54Z,128.0,Sense
2025-08-11T00:27:59Z,126.0,Sense
2025-08-11T00:28:04Z,133.0,Sense
2025-08-11T00:28:09Z,137.0,Sense
2025-08-11T00:28:14Z,140.0,Sense
2025-08-11T00:28:19Z,138.0,Sense
2025-08-11T00:28:24Z,135.0,Sense
2025-08-11T00:28:29Z,134.0,Sense
2025-08-11T00:28:34Z,133.0,Sense
2025-08-11T00:28:49Z,141.0,Sense
2025-08-11T00:28:54Z,143.0,Sense
2025-08-11T00:28:59Z,135.0,Sense
2025-08-11T00:29:04Z,130.0,Sense
2025-08-11T00:29:14Z,134.0,Sense
2025-08-11T00:29:24Z,131.0,Sense
2025-08-11T00:29:34Z,130.0,Sense
2025-08-11T00:29:39Z,131.0,Sense
2025-08-11T00:29:49Z,130.0,Sense
2025-08-11T00:29:54Z,131.0,Sense
2025-08-11T00:30:09Z,130.0,Sense
2025-08-11T00:30:14Z,128.0,Sense
2025-08-11T00:30:19Z,131.0,Sense
2025-08-11T00:30:24Z,132.0,Sense
2025-08-11T00:30:29Z,133.0,Sense
2025-08-11T00:30:34Z,132.0,Sense
2025-08-11T00:30:44Z,140.0,Sense
2025-08-11T00:30:49Z,152.0,Sense
2025-08-11T00:30:54Z,151.0,Sense
2025-08-11T00:31:04Z,150.0,Sense
2025-08-11T00:31:09Z,138.0,Sense
2025-08-11T00:31:14Z,137.0,Sense
2025-08-11T00:31:19Z,136.0,Sense
2025-08-11T00:31:24Z,135.0,Sense
2025-08-11T00:31:34Z,134.0,Sense
2025-08-11T00:31:39Z,136.0,Sense
2025-08-11T00:31:44Z,138.0,Sense
2025-08-11T00:31:49Z,138.0,Sense
2025-08-11T00:31:54Z,134.0,Sense
2025-08-11T00:32:09Z,134.0,Sense
2025-08-11T00:32:19Z,133.0,Sense
2025-08-11T00:32:24Z,131.0,Sense
2025-08-11T00:32:29Z,132.0,Sense
2025-08-11T00:32:39Z,134.0,Sense
2025-08-11T00:32:54Z,134.0,Sense
2025-08-11T00:32:59Z,135.0,Sense
2025-08-11T00:33:04Z,134.0,Sense
2025-08-11T00:33:09Z,131.0,Sense
2025-08-11T00:33:14Z,132.0,Sense
2025-08-11T00:33:19Z,134.0,Sense
2025-08-11T00:33:24Z,136.0,Sense
2025-08-11T00:33:39Z,136.0,Sense
2025-08-11T00:33:49Z,138.0,Sense
2025-08-11T00:34:04Z,137.0,Sense
2025-08-11T00:34:09Z,135.0,Sense
2025-08-11T00:34:14Z,134.0,Sense
2025-08-11T00:34:19Z,133.0,Sense
2025-08-11T00:34:29Z,132.0,Sense
2025-08-11T00:34:34Z,129.0,Sense
2025-08-11T00:34:39Z,127.0,Sense
2025-08-11T00:34:44Z,126.0,Sense
2025-08-11T00:34:49Z,125.0,Sense
2025-08-11T00:34:59Z,126.0,Sense
2025-08-11T00:35:04Z,125.0,Sense
2025-08-11T00:35:09Z,133.0,Sense
2025-08-11T00:35:14Z,132.0,Sense
2025-08-11T00:35:24Z,134.0,Sense
2025-08-11T00:35:29Z,135.0,Sense
2025-08-11T00:35:34Z,136.0,Sense
2025-08-11T00:35:39Z,134.0,Sense
2025-08-11T00:35:44Z,132.0,Sense
2025-08-11T00:35:49Z,136.0,Sense
2025-08-11T00:35:54Z,141.0,Sense
2025-08-11T00:35:59Z,137.0,Sense
2025-08-11T00:36:04Z,136.0,Sense
2025-08-11T00:36:09Z,135.0,Sense
2025-08-11T00:36:14Z,134.0,Sense
2025-08-11T00:36:19Z,131.0,Sense
2025-08-11T00:36:24Z,129.0,Sense
2025-08-11T00:36:29Z,129.0,Sense
2025-08-11T00:36:34Z,158.0,Sense
2025-08-11T00:36:44Z,159.0,Sense
2025-08-11T00:36:49Z,157.0,Sense
2025-08-11T00:36:54Z,153.0,Sense
2025-08-11T00:36:59Z,142.0,Sense
2025-08-11T00:37:04Z,140.0,Sense
2025-08-11T00:37:09Z,139.0,Sense
2025-08-11T00:37:14Z,135.0,Sense
2025-08-11T00:37:19Z,137.0,Sense
2025-08-11T00:37:24Z,139.0,Sense
2025-08-11T00:37:34Z,140.0,Sense
2025-08-11T00:37:39Z,139.0,Sense
2025-08-11T00:37:44Z,140.0,Sense
2025-08-11T00:37:49Z,138.0,Sense
2025-08-11T00:37:54Z,137.0,Sense
2025-08-11T00:37:59Z,135.0,Sense
2025-08-11T00:38:04Z,134.0,Sense
2025-08-11T00:38:19Z,135.0,Sense
2025-08-11T00:38:24Z,136.0,Sense
2025-08-11T00:38:34Z,133.0,Sense
2025-08-11T00:38:39Z,131.0,Sense
2025-08-11T00:38:44Z,132.0,Sense
2025-08-11T00:38:49Z,133.0,Sense
2025-08-11T00:38:54Z,135.0,Sense
2025-08-11T00:38:59Z,136.0,Sense
2025-08-11T00:39:04Z,134.0,Sense
2025-08-11T00:39:09Z,133.0,Sense
2025-08-11T00:39:14Z,134.0,Sense
2025-08-11T00:39:19Z,135.0,Sense
2025-08-11T00:39:29Z,134.0,Sense
2025-08-11T00:39:44Z,134.0,Sense
2025-08-11T00:39:49Z,136.0,Sense
2025-08-11T00:39:59Z,141.0,Sense
2025-08-11T00:40:04Z,143.0,Sense
2025-08-11T00:40:09Z,140.0,Sense
2025-08-11T00:40:14Z,139.0,Sense
2025-08-11T00:40:19Z,126.0,Sense
2025-08-11T00:40:24Z,135.0,Sense
2025-08-11T00:40:29Z,136.0,Sense
2025-08-11T00:40:39Z,135.0,Sense
2025-08-11T00:40:44Z,134.0,Sense
2025-08-11T00:40:49Z,132.0,Sense
2025-08-11T00:40:54Z,126.0,Sense
2025-08-11T00:41:04Z,128.0,Sense
2025-08-11T00:41:09Z,138.0,Sense
2025-08-11T00:41:14Z,137.0,Sense
2025-08-11T00:41:19Z,136.0,Sense
2025-08-11T00:41:34Z,137.0,Sense
2025-08-11T00:41:44Z,135.0,Sense
2025-08-11T00:41:54Z,136.0,Sense
2025-08-11T00:41:59Z,135.0,Sense
2025-08-11T00:42:04Z,127.0,Sense
2025-08-11T00:42:09Z,114.0,Sense
2025-08-11T00:42:14Z,110.0,Sense
2025-08-11T00:42:19Z,106.0,Sense
2025-08-11T00:42:24Z,100.0,Sense
2025-08-11T00:42:29Z,111.0,Sense
2025-08-11T00:42:34Z,136.0,Sense
2025-08-11T00:42:39Z,137.0,Sense
2025-08-11T00:42:44Z,135.0,Sense
2025-08-11T00:42:49Z,134.0,Sense
2025-08-11T00:42:54Z,141.0,Sense
2025-08-11T00:42:59Z,139.0,Sense
2025-08-11T00:43:04Z,136.0,Sense
2025-08-11T00:43:19Z,137.0,Sense
2025-08-11T00:43:24Z,139.0,Sense
2025-08-11T00:43:29Z,140.0,Sense
2025-08-11T00:43:34Z,138.0,Sense
2025-08-11T00:43:39Z,135.0,Sense
2025-08-11T00:43:44Z,136.0,Sense
2025-08-11T00:43:49Z,135.0,Sense
2025-08-11T00:44:04Z,136.0,Sense
2025-08-11T00:44:14Z,134.0,Sense
2025-08-11T00:44:19Z,135.0,Sense
2025-08-11T00:44:24Z,138.0,Sense
2025-08-11T00:44:29Z,137.0,Sense
2025-08-11T00:44:34Z,136.0,Sense
2025-08-11T00:44:39Z,134.0,Sense
2025-08-11T00:44:49Z,137.0,Sense
2025-08-11T00:44:54Z,161.0,Sense
2025-08-11T00:44:59Z,159.0,Sense
2025-08-11T00:45:04Z,156.0,Sense
2025-08-11T00:45:09Z,141.0,Sense
2025-08-11T00:45:14Z,140.0,Sense
2025-08-11T00:45:19Z,139.0,Sense
2025-08-11T00:45:29Z,137.0,Sense
2025-08-11T00:45:34Z,135.0,Sense
2025-08-11T00:45:44Z,134.0,Sense
2025-08-11T00:45:49Z,132.0,Sense
2025-08-11T00:45:54Z,134.0,Sense
2025-08-11T00:46:04Z,135.0,Sense
2025-08-11T00:46:14Z,133.0,Sense
2025-08-11T00:46:19Z,134.0,Sense
2025-08-11T00:46:24Z,137.0,Sense
2025-08-11T00:46:39Z,134.0,Sense
2025-08-11T00:46:44Z,135.0,Sense
2025-08-11T00:46:54Z,131.0,Sense
2025-08-11T00:46:59Z,129.0,Sense
2025-08-11T00:47:04Z,132.0,Sense
2025-08-11T00:47:09Z,139.0,Sense
2025-08-11T00:47:14Z,136.0,Sense
2025-08-11T00:47:24Z,138.0,Sense
2025-08-11T00:47:29Z,140.0,Sense
2025-08-11T00:47:34Z,138.0,Sense
2025-08-11T00:47:39Z,137.0,Sense
2025-08-11T00:47:44Z,135.0,Sense
2025-08-11T00:47:49Z,137.0,Sense
2025-08-11T00:47:54Z,130.0,Sense
2025-08-11T00:47:59Z,126.0,Sense
2025-08-11T00:48:09Z,127.0,Sense
2025-08-11T00:48:14Z,130.0,Sense
2025-08-11T00:48:19Z,131.0,Sense
2025-08-11T00:48:24Z,128.0,Sense
2025-08-11T00:48:34Z,130.0,Sense
2025-08-11T00:48:49Z,128.0,Sense
2025-08-11T00:48:54Z,126.0,Sense
2025-08-11T00:48:59Z,139.0,Sense
2025-08-11T00:49:04Z,137.0,Sense
2025-08-11T00:49:14Z,135.0,Sense
2025-08-11T00:49:19Z,134.0,Sense
2025-08-11T00:49:24Z,132.0,Sense
2025-08-11T00:49:29Z,128.0,Sense
2025-08-11T00:49:39Z,129.0,Sense
2025-08-11T00:49:44Z,131.0,Sense
2025-08-11T00:49:49Z,139.0,Sense
2025-08-11T00:50:04Z,137.0,Sense
2025-08-11T00:50:09Z,136.0,Sense
2025-08-11T00:50:14Z,134.0,Sense
2025-08-11T00:50:19Z,133.0,Sense
2025-08-11T00:50:24Z,135.0,Sense
2025-08-11T00:50:29Z,138.0,Sense
2025-08-11T00:50:34Z,137.0,Sense
2025-08-11T00:50:39Z,127.0,Sense
2025-08-11T00:50:44Z,126.0,Sense
2025-08-11T00:50:49Z,130.0,Sense
2025-08-11T00:50:54Z,133.0,Sense
2025-08-11T00:51:09Z,144.0,Sense
2025-08-11T00:51:14Z,142.0,Sense
2025-08-11T00:51:19Z,140.0,Sense
2025-08-11T00:51:34Z,134.0,Sense
2025-08-11T00:51:39Z,134.0,Sense
2025-08-11T00:51:44Z,133.0,Sense
2025-08-11T00:51:59Z,133.0,Sense
2025-08-11T00:52:09Z,134.0,Sense
2025-08-11T00:52:14Z,135.0,Sense
2025-08-11T00:52:29Z,127.0,Sense
2025-08-11T00:52:34Z,126.0,Sense
2025-08-11T00:52:39Z,127.0,Sense
2025-08-11T00:52:44Z,137.0,Sense
2025-08-11T00:52:49Z,139.0,Sense
2025-08-11T00:52:54Z,140.0,Sense
2025-08-11T00:53:09Z,139.0,Sense
2025-08-11T00:53:14Z,138.0,Sense
2025-08-11T00:53:24Z,140.0,Sense
2025-08-11T00:53:29Z,140.0,Sense
2025-08-11T00:53:44Z,139.0,Sense
2025-08-11T00:53:49Z,134.0,Sense
2025-08-11T00:53:54Z,124.0,Sense
2025-08-11T00:53:59Z,122.0,Sense
2025-08-11T00:54:04Z,124.0,Sense
2025-08-11T00:54:14Z,128.0,Sense
2025-08-11T00:54:19Z,133.0,Sense
2025-08-11T00:54:24Z,158.0,Sense
2025-08-11T00:54:34Z,159.0,Sense
2025-08-11T00:54:49Z,159.0,Sense
2025-08-11T00:54:54Z,156.0,Sense
2025-08-11T00:54:59Z,153.0,Sense
2025-08-11T00:55:04Z,148.0,Sense
2025-08-11T00:55:09Z,134.0,Sense
2025-08-11T00:55:24Z,135.0,Sense
2025-08-11T00:55:39Z,134.0,Sense
2025-08-11T00:55:44Z,131.0,Sense
2025-08-11T00:55:49Z,129.0,Sense
2025-08-11T00:55:54Z,127.0,Sense
2025-08-11T00:55:59Z,133.0,Sense
2025-08-11T00:56:04Z,135.0,Sense
2025-08-11T00:56:09Z,137.0,Sense
2025-08-11T00:56:14Z,135.0,Sense
2025-08-11T00:56:19Z,132.0,Sense
2025-08-11T00:56:29Z,131.0,Sense
2025-08-11T00:56:34Z,130.0,Sense
2025-08-11T00:56:39Z,132.0,Sense
2025-08-11T00:56:44Z,135.0,Sense
2025-08-11T00:56:49Z,135.0,Sense
2025-08-11T00:57:04Z,135.0,Sense
2025-08-11T00:57:09Z,133.0,Sense
2025-08-11T00:57:14Z,128.0,Sense
2025-08-11T00:57:19Z,124.0,Sense
2025-08-11T00:57:24Z,123.0,Sense
2025-08-11T00:57:34Z,129.0,Sense
2025-08-11T00:57:39Z,133.0,Sense
2025-08-11T00:57:54Z,134.0,Sense
2025-08-11T00:58:09Z,134.0,Sense
2025-08-11T00:58:19Z,132.0,Sense
2025-08-11T00:58:24Z,127.0,Sense
2025-08-11T00:58:29Z,125.0,Sense
2025-08-11T00:58:34Z,119.0,Sense
2025-08-11T00:58:39Z,113.0,Sense
2025-08-11T00:58:44Z,111.0,Sense
2025-08-11T00:58:54Z,107.0,Sense
2025-08-11T00:58:59Z,101.0,Sense
2025-08-11T00:59:04Z,94.0,Sense
2025-08-11T00:59:09Z,95.0,Sense
2025-08-11T00:59:14Z,91.0,Sense
2025-08-11T00:59:19Z,85.0,Sense
2025-08-11T00:59:24Z,86.0,Sense
2025-08-11T00:59:29Z,87.0,Sense
2025-08-11T00:59:34Z,89.0,Sense
2025-08-11T00:59:39Z,95.0,Sense
2025-08-11T00:59:44Z,114.0,Sense
2025-08-11T00:59:49Z,120.0,Sense
2025-08-11T00:59:54Z,131.0,Sense
2025-08-11T00:59:59Z,132.0,Sense
2025-08-11T01:00:04Z,133.0,Sense
2025-08-11T01:00:09Z,134.0,Sense
2025-08-11T01:00:24Z,133.0,Sense
2025-08-11T01:00:29Z,128.0,Sense
2025-08-11T01:00:34Z,124.0,Sense
2025-08-11T01:00:39Z,122.0,Sense
2025-08-11T01:00:44Z,122.0,Sense
2025-08-11T01:00:49Z,124.0,Sense
2025-08-11T01:00:54Z,125.0,Sense
2025-08-11T01:00:59Z,127.0,Sense
2025-08-11T01:01:04Z,125.0,Sense
2025-08-11T01:01:09Z,127.0,Sense
2025-08-11T01:01:14Z,133.0,Sense
2025-08-11T01:01:29Z,135.0,Sense
2025-08-11T01:01:34Z,134.0,Sense
2025-08-11T01:01:44Z,133.0,Sense
2025-08-11T01:01:49Z,134.0,Sense
2025-08-11T01:01:54Z,136.0,Sense
2025-08-11T01:01:59Z,137.0,Sense
2025-08-11T01:02:04Z,136.0,Sense
2025-08-11T01:02:09Z,134.0,Sense
2025-08-11T01:02:14Z,133.0,Sense
2025-08-11T01:02:29Z,133.0,Sense
2025-08-11T01:02:34Z,134.0,Sense
2025-08-11T01:02:44Z,133.0,Sense
2025-08-11T01:02:49Z,134.0,Sense
2025-08-11T01:02:54Z,133.0,Sense
2025-08-11T01:02:59Z,127.0,Sense
2025-08-11T01:03:04Z,120.0,Sense
2025-08-11T01:03:09Z,113.0,Sense
2025-08-11T01:03:14Z,107.0,Sense
2025-08-11T01:03:19Z,115.0,Sense
2025-08-11T01:03:24Z,130.0,Sense
2025-08-11T01:03:29Z,128.0,Sense
2025-08-11T01:03:34Z,127.0,Sense
2025-08-11T01:03:39Z,124.0,Sense
2025-08-11T01:03:44Z,122.0,Sense
2025-08-11T01:03:49Z,123.0,Sense
2025-08-11T01:03:54Z,129.0,Sense
2025-08-11T01:03:59Z,133.0,Sense
2025-08-11T01:04:04Z,132.0,Sense
2025-08-11T01:04:09Z,130.0,Sense
2025-08-11T01:04:14Z,128.0,Sense
2025-08-11T01:04:19Z,125.0,Sense
2025-08-11T01:04:29Z,126.0,Sense
2025-08-11T01:04:34Z,130.0,Sense
2025-08-11T01:04:39Z,135.0,Sense
2025-08-11T01:04:54Z,134.0,Sense
2025-08-11T01:04:59Z,133.0,Sense
2025-08-11T01:05:05Z,133.0,Sense
2025-08-11T01:05:15Z,134.0,Sense
2025-08-11T01:05:20Z,134.0,Sense
2025-08-11T01:05:25Z,137.0,Sense
2025-08-11T01:05:30Z,136.0,Sense
2025-08-11T01:05:35Z,133.0,Sense
2025-08-11T01:05:40Z,127.0,Sense
2025-08-11T01:05:45Z,118.0,Sense
2025-08-11T01:05:50Z,120.0,Sense
2025-08-11T01:05:55Z,115.0,Sense
2025-08-11T01:06:00Z,116.0,Sense
2025-08-11T01:06:05Z,117.0,Sense
2025-08-11T01:06:10Z,116.0,Sense
2025-08-11T01:06:15Z,114.0,Sense
2025-08-11T01:06:20Z,116.0,Sense
2025-08-11T01:06:25Z,141.0,Sense
2025-08-11T01:06:30Z,139.0,Sense
2025-08-11T01:06:45Z,138.0,Sense
2025-08-11T01:06:55Z,139.0,Sense
2025-08-11T01:07:00Z,136.0,Sense
2025-08-11T01:07:05Z,133.0,Sense
2025-08-11T01:07:15Z,136.0,Sense
2025-08-11T01:07:20Z,135.0,Sense
2025-08-11T01:07:25Z,135.0,Sense
2025-08-11T01:07:30Z,134.0,Sense
2025-08-11T01:07:35Z,130.0,Sense
2025-08-11T01:07:40Z,128.0,Sense
2025-08-11T01:07:45Z,123.0,Sense
2025-08-11T01:07:50Z,121.0,Sense
2025-08-11T01:07:55Z,119.0,Sense
2025-08-11T01:08:00Z,114.0,Sense
2025-08-11T01:08:05Z,115.0,Sense
2025-08-11T01:08:10Z,116.0,Sense
2025-08-11T01:08:15Z,119.0,Sense
2025-08-11T01:08:20Z,124.0,Sense
2025-08-11T01:08:25Z,137.0,Sense
2025-08-11T01:08:30Z,138.0,Sense
2025-08-11T01:08:35Z,136.0,Sense
2025-08-11T01:08:40Z,135.0,Sense
2025-08-11T01:08:50Z,136.0,Sense
2025-08-11T01:08:55Z,137.0,Sense
2025-08-11T01:09:05Z,137.0,Sense
2025-08-11T01:09:10Z,139.0,Sense
2025-08-11T01:09:20Z,138.0,Sense
2025-08-11T01:09:25Z,136.0,Sense
2025-08-11T01:09:30Z,137.0,Sense
2025-08-11T01:09:35Z,140.0,Sense
2025-08-11T01:09:45Z,138.0,Sense
2025-08-11T01:09:55Z,137.0,Sense
2025-08-11T01:10:00Z,137.0,Sense
2025-08-11T01:10:05Z,138.0,Sense
2025-08-11T05:36:17Z,111.0,Sense
2025-08-11T05:36:22Z,93.0,Sense
2025-08-11T05:36:32Z,87.0,Sense
2025-08-11T05:36:37Z,90.0,Sense
2025-08-11T05:36:42Z,87.0,Sense
2025-08-11T05:36:47Z,81.0,Sense
2025-08-11T05:36:52Z,79.0,Sense
2025-08-11T05:36:57Z,84.0,Sense
2025-08-11T05:37:02Z,88.0,Sense
2025-08-11T05:37:07Z,87.0,Sense
2025-08-11T05:37:12Z,88.0,Sense
2025-08-11T05:37:17Z,89.0,Sense
2025-08-11T05:37:22Z,88.0,Sense
2025-08-11T08:33:38Z,93.0,Sense
2025-08-11T08:33:48Z,92.0,Sense
2025-08-11T08:33:53Z,90.0,Sense
2025-08-11T08:33:58Z,94.0,Sense
2025-08-11T08:34:03Z,95.0,Sense
2025-08-11T08:34:08Z,92.0,Sense
2025-08-11T08:34:13Z,89.0,Sense
2025-08-11T08:34:18Z,85.0,Sense
2025-08-11T08:34:23Z,84.0,Sense
2025-08-11T08:34:33Z,85.0,Sense
2025-08-11T09:32:04Z,87.0,Sense
2025-08-11T09:32:09Z,92.0,Sense
2025-08-11T09:32:19Z,91.0,Sense
2025-08-11T09:32:24Z,95.0,Sense
2025-08-11T09:32:29Z,96.0,Sense
2025-08-11T09:32:34Z,85.0,Sense
2025-08-11T09:32:39Z,79.0,Sense
2025-08-11T09:32:44Z,88.0,Sense
2025-08-11T09:32:49Z,97.0,Sense
2025-08-11T09:32:59Z,93.0,Sense
2025-08-11T09:33:04Z,91.0,Sense
2025-08-11T09:33:09Z,89.0,Sense
2025-08-11T09:33:14Z,91.0,Sense
2025-08-11T09:33:24Z,93.0,Sense
2025-08-11T09:33:29Z,94.0,Sense
2025-08-11T09:33:39Z,95.0,Sense
2025-08-11T09:33:44Z,94.0,Sense
2025-08-11T09:33:49Z,93.0,Sense
2025-08-11T09:33:54Z,92.0,Sense
2025-08-11T09:33:59Z,89.0,Sense
2025-08-11T09:34:04Z,91.0,Sense
2025-08-11T09:34:14Z,93.0,Sense
2025-08-11T09:34:19Z,94.0,Sense
2025-08-11T09:34:24Z,95.0,Sense
2025-08-11T09:34:29Z,94.0,Sense
2025-08-11T09:34:34Z,92.0,Sense
2025-08-11T09:34:39Z,91.0,Sense
2025-08-11T09:34:44Z,86.0,Sense
2025-08-11T09:34:49Z,85.0,Sense
2025-08-11T09:34:54Z,84.0,Sense
2025-08-11T09:34:59Z,85.0,Sense
2025-08-11T09:35:04Z,87.0,Sense
2025-08-11T09:35:09Z,88.0,Sense
2025-08-11T09:39:27Z,91.0,Sense
2025-08-11T09:39:32Z,95.0,Sense
2025-08-11T09:39:42Z,92.0,Sense
2025-08-11T09:39:47Z,100.0,Sense
2025-08-11T09:39:52Z,98.0,Sense
2025-08-11T09:39:57Z,97.0,Sense
2025-08-11T09:40:02Z,88.0,Sense
2025-08-11T09:40:07Z,89.0,Sense
2025-08-11T09:40:12Z,94.0,Sense
2025-08-11T09:40:17Z,96.0,Sense
2025-08-11T09:40:22Z,92.0,Sense
2025-08-11T09:40:27Z,91.0,Sense
2025-08-11T09:40:32Z,90.0,Sense
2025-08-11T09:40:42Z,89.0,Sense
2025-08-11T09:40:47Z,87.0,Sense
2025-08-11T09:40:52Z,84.0,Sense
2025-08-11T09:41:02Z,85.0,Sense
2025-08-11T10:03:47Z,104.0,Sense
2025-08-11T10:03:57Z,104.0,Sense
2025-08-11T10:04:02Z,103.0,Sense
2025-08-11T10:04:12Z,99.0,Sense
2025-08-11T10:04:22Z,97.0,Sense
2025-08-11T10:04:32Z,98.0,Sense
2025-08-11T10:04:37Z,95.0,Sense
2025-08-11T10:04:42Z,97.0,Sense
2025-08-11T10:04:47Z,94.0,Sense
2025-08-11T10:04:52Z,91.0,Sense
2025-08-11T10:04:57Z,90.0,Sense
2025-08-11T10:05:02Z,89.0,Sense
2025-08-11T10:05:07Z,90.0,Sense
2025-08-11T10:05:12Z,88.0,Sense
2025-08-11T10:05:22Z,89.0,Sense
2025-08-11T10:05:27Z,88.0,Sense
2025-08-11T10:05:32Z,89.0,Sense
2025-08-11T10:05:37Z,94.0,Sense
2025-08-11T10:05:52Z,95.0,Sense
2025-08-11T10:05:57Z,94.0,Sense
2025-08-11T10:06:02Z,92.0,Sense
2025-08-11T10:06:12Z,88.0,Sense
2025-08-11T10:06:17Z,90.0,Sense
2025-08-11T10:06:22Z,89.0,Sense
2025-08-11T10:06:32Z,88.0,Sense
2025-08-11T10:06:42Z,90.0,Sense
2025-08-11T10:06:47Z,89.0,Sense
2025-08-11T10:06:52Z,88.0,Sense
2025-08-11T10:07:02Z,89.0,Sense
2025-08-11T10:07:07Z,90.0,Sense
2025-08-11T10:07:22Z,92.0,Sense
2025-08-11T10:07:32Z,91.0,Sense
2025-08-11T10:07:37Z,93.0,Sense
2025-08-11T10:07:47Z,94.0,Sense
2025-08-11T10:07:52Z,95.0,Sense
2025-08-11T10:07:57Z,94.0,Sense
2025-08-11T10:08:12Z,92.0,Sense
2025-08-11T10:08:17Z,90.0,Sense
2025-08-11T10:08:22Z,93.0,Sense
2025-08-11T10:08:27Z,95.0,Sense
2025-08-11T10:08:32Z,94.0,Sense
2025-08-11T10:08:42Z,95.0,Sense
2025-08-11T10:08:52Z,91.0,Sense
2025-08-11T10:09:02Z,75.0,Sense
2025-08-11T10:09:07Z,73.0,Sense
2025-08-11T10:09:12Z,75.0,Sense
2025-08-11T10:09:17Z,77.0,Sense
2025-08-11T10:09:22Z,78.0,Sense
2025-08-11T10:09:27Z,79.0,Sense
2025-08-11T10:09:32Z,80.0,Sense
2025-08-11T10:09:47Z,80.0,Sense
2025-08-11T10:10:02Z,79.0,Sense
2025-08-11T10:10:07Z,78.0,Sense
2025-08-11T10:10:12Z,78.0,Sense
2025-08-11T10:10:22Z,77.0,Sense
2025-08-11T10:10:27Z,78.0,Sense
2025-08-11T10:10:37Z,79.0,Sense
2025-08-11T10:10:52Z,80.0,Sense
2025-08-11T10:10:57Z,83.0,Sense
2025-08-11T10:11:02Z,84.0,Sense
2025-08-11T10:11:12Z,83.0,Sense
2025-08-11T10:11:17Z,81.0,Sense
2025-08-11T10:11:22Z,79.0,Sense
2025-08-11T10:11:37Z,79.0,Sense
2025-08-11T10:11:42Z,81.0,Sense
2025-08-11T10:11:57Z,87.0,Sense
2025-08-11T10:12:02Z,88.0,Sense
2025-08-11T10:12:07Z,86.0,Sense
2025-08-11T10:12:12Z,76.0,Sense
2025-08-11T10:12:22Z,77.0,Sense
2025-08-11T10:12:27Z,83.0,Sense
2025-08-11T10:12:32Z,95.0,Sense
2025-08-11T10:12:42Z,94.0,Sense
2025-08-11T10:12:47Z,93.0,Sense
2025-08-11T10:12:52Z,91.0,Sense
2025-08-11T10:12:57Z,85.0,Sense
2025-08-11T10:13:02Z,79.0,Sense
2025-08-11T10:13:17Z,78.0,Sense
2025-08-11T10:13:22Z,78.0,Sense
2025-08-11T10:13:27Z,80.0,Sense
2025-08-11T10:13:32Z,83.0,Sense
2025-08-11T10:13:37Z,82.0,Sense
2025-08-11T10:13:42Z,81.0,Sense
2025-08-11T10:13:47Z,79.0,Sense
2025-08-11T10:13:52Z,79.0,Sense
2025-08-11T10:14:07Z,79.0,Sense
2025-08-11T10:14:22Z,79.0,Sense
2025-08-11T10:14:32Z,80.0,Sense
2025-08-11T10:14:47Z,81.0,Sense
2025-08-11T10:14:52Z,82.0,Sense
2025-08-11T10:14:57Z,78.0,Sense
2025-08-11T10:15:02Z,72.0,Sense
2025-08-11T10:15:12Z,71.0,Sense
2025-08-11T10:15:17Z,70.0,Sense
2025-08-11T10:15:22Z,71.0,Sense
2025-08-11T10:15:32Z,72.0,Sense
2025-08-11T10:15:47Z,72.0,Sense
2025-08-11T10:16:02Z,72.0,Sense
2025-08-11T10:16:12Z,71.0,Sense
2025-08-11T10:16:17Z,70.0,Sense
2025-08-11T10:16:27Z,72.0,Sense
2025-08-11T10:16:32Z,73.0,Sense
2025-08-11T10:16:47Z,74.0,Sense
2025-08-11T10:16:52Z,74.0,Sense
2025-08-11T10:17:02Z,75.0,Sense
2025-08-11T10:17:07Z,80.0,Sense
2025-08-11T10:17:17Z,79.0,Sense
2025-08-11T10:17:32Z,79.0,Sense
2025-08-11T10:17:37Z,79.0,Sense
2025-08-11T10:17:42Z,80.0,Sense
2025-08-11T10:17:47Z,81.0,Sense
2025-08-11T10:17:57Z,84.0,Sense
2025-08-11T10:18:02Z,86.0,Sense
2025-08-11T10:18:07Z,85.0,Sense
2025-08-11T10:18:17Z,84.0,Sense
2025-08-11T10:18:22Z,83.0,Sense
2025-08-11T10:18:27Z,83.0,Sense
2025-08-11T10:18:37Z,82.0,Sense
2025-08-11T10:18:42Z,81.0,Sense
2025-08-11T10:18:52Z,82.0,Sense
2025-08-11T10:18:57Z,83.0,Sense
2025-08-11T10:19:02Z,86.0,Sense
2025-08-11T10:19:17Z,86.0,Sense
2025-08-11T10:19:22Z,86.0,Sense
2025-08-11T10:19:32Z,85.0,Sense
2025-08-11T10:19:37Z,84.0,Sense
2025-08-11T10:19:52Z,86.0,Sense
2025-08-11T10:20:07Z,84.0,Sense
2025-08-11T10:20:17Z,83.0,Sense
2025-08-11T10:20:27Z,81.0,Sense
2025-08-11T10:20:37Z,79.0,Sense
2025-08-11T10:20:42Z,111.0,Sense
2025-08-11T10:20:47Z,114.0,Sense
2025-08-11T10:20:52Z,115.0,Sense
2025-08-11T10:21:02Z,113.0,Sense
2025-08-11T10:21:07Z,108.0,Sense
2025-08-11T10:21:12Z,104.0,Sense
2025-08-11T10:21:17Z,100.0,Sense
2025-08-11T10:21:22Z,97.0,Sense
2025-08-11T10:21:27Z,96.0,Sense
2025-08-11T10:21:32Z,95.0,Sense
2025-08-11T10:21:37Z,92.0,Sense
2025-08-11T10:21:42Z,90.0,Sense
2025-08-11T10:21:47Z,89.0,Sense
2025-08-11T10:21:57Z,84.0,Sense
2025-08-11T10:22:02Z,82.0,Sense
2025-08-11T10:22:12Z,78.0,Sense
2025-08-11T10:22:17Z,71.0,Sense
2025-08-11T10:22:22Z,72.0,Sense
2025-08-11T10:22:27Z,78.0,Sense
2025-08-11T10:22:32Z,77.0,Sense
2025-08-11T10:22:42Z,82.0,Sense
2025-08-11T10:22:47Z,87.0,Sense
2025-08-11T10:22:52Z,77.0,Sense
2025-08-11T10:22:57Z,75.0,Sense
2025-08-11T10:23:12Z,75.0,Sense
2025-08-11T10:23:22Z,75.0,Sense
2025-08-11T10:23:27Z,76.0,Sense
2025-08-11T10:23:32Z,75.0,Sense
2025-08-11T10:23:37Z,76.0,Sense
2025-08-11T10:23:47Z,77.0,Sense
2025-08-11T10:23:52Z,79.0,Sense
2025-08-11T10:23:57Z,78.0,Sense
2025-08-11T10:24:07Z,79.0,Sense
2025-08-11T10:24:17Z,78.0,Sense
2025-08-11T10:24:22Z,77.0,Sense
2025-08-11T10:24:32Z,75.0,Sense
2025-08-11T10:24:37Z,71.0,Sense
2025-08-11T10:24:52Z,72.0,Sense
2025-08-11T10:25:02Z,73.0,Sense
2025-08-11T10:25:12Z,73.0,Sense
2025-08-11T10:25:17Z,74.0,Sense
2025-08-11T10:25:22Z,75.0,Sense
2025-08-11T10:25:32Z,76.0,Sense
2025-08-11T10:25:42Z,77.0,Sense
2025-08-11T10:25:52Z,76.0,Sense
2025-08-11T10:25:57Z,75.0,Sense
2025-08-11T10:26:12Z,77.0,Sense
2025-08-11T10:26:22Z,78.0,Sense
2025-08-11T10:26:32Z,77.0,Sense
2025-08-11T10:26:47Z,81.0,Sense
2025-08-11T10:26:52Z,82.0,Sense
2025-08-11T10:26:57Z,81.0,Sense
2025-08-11T10:27:12Z,81.0,Sense
2025-08-11T10:27:17Z,81.0,Sense
2025-08-11T10:27:22Z,78.0,Sense
2025-08-11T10:27:27Z,75.0,Sense
2025-08-11T10:27:42Z,76.0,Sense
2025-08-11T10:27:47Z,83.0,Sense
2025-08-11T10:28:02Z,83.0,Sense
2025-08-11T10:28:12Z,82.0,Sense
2025-08-11T10:28:17Z,82.0,Sense
2025-08-11T10:28:32Z,81.0,Sense
2025-08-11T10:28:47Z,81.0,Sense
2025-08-11T10:28:57Z,79.0,Sense
2025-08-11T10:29:02Z,77.0,Sense
2025-08-11T10:29:12Z,81.0,Sense
2025-08-11T10:29:17Z,82.0,Sense
2025-08-11T10:29:32Z,83.0,Sense
2025-08-11T10:29:42Z,86.0,Sense
2025-08-11T10:29:47Z,85.0,Sense
2025-08-11T10:30:02Z,85.0,Sense
2025-08-11T10:30:07Z,85.0,Sense
2025-08-11T10:30:17Z,83.0,Sense
2025-08-11T10:30:32Z,83.0,Sense
2025-08-11T10:30:37Z,82.0,Sense
2025-08-11T10:30:42Z,81.0,Sense
2025-08-11T10:30:52Z,80.0,Sense
2025-08-11T10:30:57Z,78.0,Sense
2025-08-11T10:31:12Z,78.0,Sense
2025-08-11T10:31:27Z,78.0,Sense
2025-08-11T10:31:32Z,78.0,Sense
2025-08-11T10:31:37Z,77.0,Sense
2025-08-11T10:31:42Z,72.0,Sense
2025-08-11T10:31:52Z,73.0,Sense
2025-08-11T10:32:07Z,73.0,Sense
2025-08-11T10:32:12Z,73.0,Sense
2025-08-11T10:32:18Z,73.0,Sense
2025-08-11T10:32:23Z,75.0,Sense
2025-08-11T10:32:28Z,76.0,Sense
2025-08-11T10:32:38Z,75.0,Sense
2025-08-11T10:32:53Z,75.0,Sense
2025-08-11T10:33:03Z,76.0,Sense
2025-08-11T10:33:18Z,76.0,Sense
2025-08-11T10:33:33Z,78.0,Sense
2025-08-11T10:33:38Z,80.0,Sense
2025-08-11T10:33:43Z,79.0,Sense
2025-08-11T10:33:48Z,76.0,Sense
2025-08-11T10:34:03Z,76.0,Sense
2025-08-11T10:34:08Z,76.0,Sense
2025-08-11T10:34:13Z,77.0,Sense
2025-08-11T10:34:23Z,78.0,Sense
2025-08-11T10:34:33Z,79.0,Sense
2025-08-11T10:34:38Z,80.0,Sense
2025-08-11T10:34:43Z,81.0,Sense
2025-08-11T10:34:53Z,80.0,Sense
2025-08-11T10:35:03Z,79.0,Sense
2025-08-11T10:35:08Z,74.0,Sense
2025-08-11T10:35:13Z,72.0,Sense
2025-08-11T10:35:18Z,71.0,Sense
2025-08-11T10:35:28Z,72.0,Sense
2025-08-11T10:35:43Z,74.0,Sense
2025-08-11T10:35:48Z,73.0,Sense
2025-08-11T10:35:53Z,72.0,Sense
2025-08-11T10:35:58Z,72.0,Sense
2025-08-11T10:36:13Z,72.0,Sense
2025-08-11T10:36:23Z,73.0,Sense
2025-08-11T10:36:28Z,74.0,Sense
2025-08-11T10:36:33Z,75.0,Sense
2025-08-11T10:36:38Z,76.0,Sense
2025-08-11T10:36:53Z,76.0,Sense
2025-08-11T10:37:03Z,76.0,Sense
2025-08-11T10:37:18Z,77.0,Sense
2025-08-11T10:37:23Z,77.0,Sense
2025-08-11T10:37:28Z,74.0,Sense
2025-08-11T10:37:33Z,72.0,Sense
2025-08-11T10:37:48Z,72.0,Sense
2025-08-11T10:37:58Z,73.0,Sense
2025-08-11T10:38:03Z,75.0,Sense
2025-08-11T10:38:08Z,73.0,Sense
2025-08-11T10:38:13Z,72.0,Sense
2025-08-11T10:38:28Z,72.0,Sense
2025-08-11T10:38:43Z,73.0,Sense
2025-08-11T10:38:48Z,71.0,Sense
2025-08-11T10:38:53Z,72.0,Sense
2025-08-11T10:39:08Z,73.0,Sense
2025-08-11T10:39:18Z,73.0,Sense
2025-08-11T10:39:23Z,72.0,Sense
2025-08-11T10:39:28Z,72.0,Sense
2025-08-11T10:39:33Z,74.0,Sense
2025-08-11T10:39:38Z,74.0,Sense
2025-08-11T10:39:43Z,74.0,Sense
2025-08-11T10:39:48Z,75.0,Sense
2025-08-11T10:39:53Z,79.0,Sense
2025-08-11T10:39:58Z,82.0,Sense
2025-08-11T10:40:03Z,83.0,Sense
2025-08-11T10:40:13Z,84.0,Sense
2025-08-11T10:40:23Z,84.0,Sense
2025-08-11T10:40:33Z,83.0,Sense
2025-08-11T10:40:43Z,82.0,Sense
2025-08-11T10:40:53Z,83.0,Sense
2025-08-11T10:41:08Z,83.0,Sense
2025-08-11T10:41:13Z,82.0,Sense
2025-08-11T10:41:18Z,81.0,Sense
2025-08-11T10:41:28Z,80.0,Sense
2025-08-11T10:41:33Z,81.0,Sense
2025-08-11T10:41:43Z,82.0,Sense
2025-08-11T10:41:48Z,80.0,Sense
2025-08-11T10:41:53Z,79.0,Sense
2025-08-11T10:41:58Z,78.0,Sense
2025-08-11T10:42:03Z,77.0,Sense
2025-08-11T10:42:13Z,78.0,Sense
2025-08-11T10:42:28Z,78.0,Sense
2025-08-11T10:42:43Z,78.0,Sense
2025-08-11T10:42:58Z,79.0,Sense
2025-08-11T10:43:03Z,77.0,Sense
2025-08-11T10:43:08Z,72.0,Sense
2025-08-11T10:43:18Z,73.0,Sense
2025-08-11T10:43:23Z,76.0,Sense
2025-08-11T10:43:28Z,78.0,Sense
2025-08-11T10:43:38Z,77.0,Sense
2025-08-11T10:43:43Z,78.0,Sense
2025-08-11T10:43:48Z,79.0,Sense
2025-08-11T10:43:53Z,79.0,Sense
2025-08-11T10:44:03Z,80.0,Sense
2025-08-11T10:44:18Z,80.0,Sense
2025-08-11T10:44:23Z,81.0,Sense
2025-08-11T10:44:28Z,80.0,Sense
2025-08-11T10:44:38Z,79.0,Sense
2025-08-11T10:44:43Z,73.0,Sense
2025-08-11T10:44:53Z,74.0,Sense
2025-08-11T10:45:08Z,75.0,Sense
2025-08-11T10:45:13Z,76.0,Sense
2025-08-11T10:45:23Z,81.0,Sense
2025-08-11T10:45:28Z,85.0,Sense
2025-08-11T10:45:38Z,78.0,Sense
2025-08-11T10:45:43Z,77.0,Sense
2025-08-11T10:45:58Z,75.0,Sense
2025-08-11T10:46:08Z,74.0,Sense
2025-08-11T10:46:18Z,74.0,Sense
2025-08-11T10:46:23Z,77.0,Sense
2025-08-11T10:46:28Z,80.0,Sense
2025-08-11T10:46:38Z,81.0,Sense
2025-08-11T10:46:53Z,79.0,Sense
2025-08-11T10:47:08Z,75.0,Sense
2025-08-11T10:47:13Z,74.0,Sense
2025-08-11T10:47:28Z,74.0,Sense
2025-08-11T10:47:33Z,75.0,Sense
2025-08-11T10:47:38Z,76.0,Sense
2025-08-11T10:47:48Z,77.0,Sense
2025-08-11T10:47:58Z,78.0,Sense
2025-08-11T10:48:03Z,74.0,Sense
2025-08-11T10:48:08Z,72.0,Sense
2025-08-11T10:48:23Z,72.0,Sense
2025-08-11T10:48:38Z,72.0,Sense
2025-08-11T10:48:43Z,73.0,Sense
2025-08-11T10:48:48Z,73.0,Sense
2025-08-11T10:48:53Z,75.0,Sense
2025-08-11T10:49:03Z,76.0,Sense
2025-08-11T10:49:18Z,76.0,Sense
2025-08-11T10:49:23Z,75.0,Sense
2025-08-11T10:49:38Z,76.0,Sense
2025-08-11T10:49:43Z,75.0,Sense
2025-08-11T10:49:48Z,76.0,Sense
2025-08-11T10:50:03Z,75.0,Sense
2025-08-11T10:50:08Z,76.0,Sense
2025-08-11T10:50:23Z,77.0,Sense
2025-08-11T10:50:38Z,77.0,Sense
2025-08-11T10:50:43Z,78.0,Sense
2025-08-11T10:50:54Z,78.0,Sense
2025-08-11T10:51:09Z,78.0,Sense
2025-08-11T10:51:14Z,79.0,Sense
2025-08-11T10:51:19Z,80.0,Sense
2025-08-11T10:51:24Z,81.0,Sense
2025-08-11T10:51:39Z,81.0,Sense
2025-08-11T10:51:49Z,80.0,Sense
2025-08-11T10:52:04Z,81.0,Sense
2025-08-11T10:52:14Z,82.0,Sense
2025-08-11T10:52:19Z,83.0,Sense
2025-08-11T10:52:24Z,84.0,Sense
2025-08-11T10:52:29Z,83.0,Sense
2025-08-11T10:52:39Z,82.0,Sense
2025-08-11T10:52:49Z,83.0,Sense
2025-08-11T10:52:59Z,81.0,Sense
2025-08-11T10:53:14Z,81.0,Sense
2025-08-11T10:53:19Z,80.0,Sense
2025-08-11T10:53:34Z,79.0,Sense
2025-08-11T10:53:39Z,79.0,Sense
2025-08-11T10:53:49Z,80.0,Sense
2025-08-11T10:54:04Z,80.0,Sense
2025-08-11T10:54:14Z,79.0,Sense
2025-08-11T10:54:24Z,78.0,Sense
2025-08-11T10:54:34Z,77.0,Sense
2025-08-11T10:54:39Z,75.0,Sense
2025-08-11T10:54:44Z,74.0,Sense
2025-08-11T10:54:59Z,74.0,Sense
2025-08-11T10:55:04Z,74.0,Sense
2025-08-11T10:55:09Z,75.0,Sense
2025-08-11T10:55:14Z,74.0,Sense
2025-08-11T10:55:19Z,73.0,Sense
2025-08-11T10:55:34Z,74.0,Sense
2025-08-11T10:55:39Z,75.0,Sense
2025-08-11T10:55:44Z,75.0,Sense
2025-08-11T10:55:49Z,74.0,Sense
2025-08-11T10:55:54Z,76.0,Sense
2025-08-11T10:55:59Z,77.0,Sense
2025-08-11T10:56:09Z,78.0,Sense
2025-08-11T10:56:19Z,77.0,Sense
2025-08-11T10:56:24Z,76.0,Sense
2025-08-11T10:56:34Z,77.0,Sense
2025-08-11T10:56:39Z,78.0,Sense
2025-08-11T10:56:44Z,77.0,Sense
2025-08-11T10:56:49Z,74.0,Sense
2025-08-11T10:56:54Z,76.0,Sense
2025-08-11T10:56:59Z,77.0,Sense
2025-08-11T10:57:14Z,77.0,Sense
2025-08-11T10:57:29Z,78.0,Sense
2025-08-11T10:57:34Z,77.0,Sense
2025-08-11T10:57:49Z,77.0,Sense
2025-08-11T10:57:59Z,78.0,Sense
2025-08-11T10:58:04Z,79.0,Sense
2025-08-11T10:58:14Z,80.0,Sense
2025-08-11T10:58:24Z,79.0,Sense
2025-08-11T10:58:29Z,83.0,Sense
2025-08-11T10:58:34Z,85.0,Sense
2025-08-11T10:58:39Z,84.0,Sense
2025-08-11T10:58:54Z,84.0,Sense
2025-08-11T10:58:59Z,84.0,Sense
2025-08-11T10:59:04Z,83.0,Sense
2025-08-11T10:59:14Z,77.0,Sense
2025-08-11T10:59:19Z,76.0,Sense
2025-08-11T10:59:29Z,77.0,Sense
2025-08-11T10:59:34Z,74.0,Sense
2025-08-11T10:59:49Z,74.0,Sense
2025-08-11T10:59:59Z,74.0,Sense
2025-08-11T11:00:14Z,74.0,Sense
2025-08-11T11:00:29Z,74.0,Sense
2025-08-11T11:00:34Z,75.0,Sense
2025-08-11T11:00:44Z,75.0,Sense
2025-08-11T11:00:54Z,76.0,Sense
2025-08-11T11:01:04Z,77.0,Sense
2025-08-11T11:01:19Z,78.0,Sense
2025-08-11T11:01:24Z,79.0,Sense
2025-08-11T11:01:29Z,80.0,Sense
2025-08-11T11:01:39Z,78.0,Sense
2025-08-11T11:01:49Z,76.0,Sense
2025-08-11T11:01:54Z,74.0,Sense
2025-08-11T11:02:04Z,73.0,Sense
2025-08-11T11:02:09Z,71.0,Sense
2025-08-11T11:02:24Z,71.0,Sense
2025-08-11T11:02:29Z,72.0,Sense
2025-08-11T11:02:34Z,73.0,Sense
2025-08-11T11:02:39Z,74.0,Sense
2025-08-11T11:02:44Z,73.0,Sense
2025-08-11T11:02:54Z,74.0,Sense
2025-08-11T11:02:59Z,76.0,Sense
2025-08-11T11:03:09Z,74.0,Sense
2025-08-11T11:03:24Z,74.0,Sense
2025-08-11T11:03:29Z,75.0,Sense
2025-08-11T11:03:39Z,75.0,Sense
2025-08-11T11:03:54Z,74.0,Sense
2025-08-11T11:03:59Z,75.0,Sense
2025-08-11T11:04:04Z,77.0,Sense
2025-08-11T11:04:09Z,78.0,Sense
2025-08-11T11:04:24Z,77.0,Sense
2025-08-11T11:04:34Z,78.0,Sense
2025-08-11T11:04:39Z,79.0,Sense
2025-08-11T11:04:44Z,78.0,Sense
2025-08-11T11:04:54Z,77.0,Sense
2025-08-11T11:05:04Z,78.0,Sense
2025-08-11T11:05:14Z,80.0,Sense
2025-08-11T11:05:24Z,79.0,Sense
2025-08-11T11:05:39Z,80.0,Sense
2025-08-11T11:05:49Z,79.0,Sense
2025-08-11T11:06:04Z,79.0,Sense
2025-08-11T11:06:09Z,78.0,Sense
2025-08-11T11:06:14Z,76.0,Sense
2025-08-11T11:06:19Z,75.0,Sense
2025-08-11T11:06:29Z,74.0,Sense
2025-08-11T11:06:39Z,75.0,Sense
2025-08-11T11:06:54Z,76.0,Sense
2025-08-11T11:06:59Z,75.0,Sense
2025-08-11T11:07:14Z,76.0,Sense
2025-08-11T11:07:19Z,77.0,Sense
2025-08-11T11:07:29Z,76.0,Sense
2025-08-11T11:07:44Z,76.0,Sense
2025-08-11T11:07:49Z,78.0,Sense
2025-08-11T11:07:59Z,77.0,Sense
2025-08-11T11:08:04Z,78.0,Sense
2025-08-11T11:08:19Z,77.0,Sense
2025-08-11T11:08:29Z,76.0,Sense
2025-08-11T11:08:39Z,77.0,Sense
2025-08-11T11:08:44Z,78.0,Sense
2025-08-11T11:08:49Z,77.0,Sense
2025-08-11T11:09:04Z,76.0,Sense
2025-08-11T11:09:14Z,77.0,Sense
2025-08-11T11:09:29Z,76.0,Sense
2025-08-11T11:09:34Z,75.0,Sense
2025-08-11T11:09:39Z,74.0,Sense
2025-08-11T11:09:44Z,75.0,Sense
2025-08-11T11:09:49Z,74.0,Sense
2025-08-11T11:10:04Z,74.0,Sense
2025-08-11T11:10:14Z,76.0,Sense
2025-08-11T11:10:19Z,78.0,Sense
2025-08-11T11:10:24Z,78.0,Sense
2025-08-11T11:10:39Z,78.0,Sense
2025-08-11T11:10:54Z,78.0,Sense
2025-08-11T11:11:09Z,78.0,Sense
2025-08-11T11:11:19Z,77.0,Sense
2025-08-11T11:11:24Z,77.0,Sense
2025-08-11T11:11:34Z,76.0,Sense
2025-08-11T11:11:44Z,76.0,Sense
2025-08-11T11:11:49Z,77.0,Sense
2025-08-11T11:11:59Z,78.0,Sense
2025-08-11T11:12:14Z,77.0,Sense
2025-08-11T11:12:19Z,76.0,Sense
2025-08-11T11:12:24Z,71.0,Sense
2025-08-11T11:12:29Z,72.0,Sense
2025-08-11T11:12:44Z,81.0,Sense
2025-08-11T11:12:49Z,88.0,Sense
2025-08-11T11:13:04Z,88.0,Sense
2025-08-11T11:13:09Z,87.0,Sense
2025-08-11T11:13:14Z,83.0,Sense
2025-08-11T11:13:29Z,82.0,Sense
2025-08-11T11:13:39Z,83.0,Sense
2025-08-11T11:13:49Z,82.0,Sense
2025-08-11T11:13:54Z,82.0,Sense
2025-08-11T11:13:59Z,81.0,Sense
2025-08-11T11:14:09Z,80.0,Sense
2025-08-11T11:14:19Z,79.0,Sense
2025-08-11T11:14:24Z,77.0,Sense
2025-08-11T11:14:29Z,78.0,Sense
2025-08-11T11:14:39Z,77.0,Sense
2025-08-11T11:14:44Z,77.0,Sense
2025-08-11T11:14:59Z,77.0,Sense
2025-08-11T11:15:04Z,78.0,Sense
2025-08-11T11:15:19Z,78.0,Sense
2025-08-11T11:15:34Z,79.0,Sense
2025-08-11T11:15:39Z,86.0,Sense
2025-08-11T11:15:44Z,87.0,Sense
2025-08-11T11:15:49Z,86.0,Sense
2025-08-11T11:15:59Z,84.0,Sense
2025-08-11T11:16:04Z,82.0,Sense
2025-08-11T11:16:09Z,81.0,Sense
2025-08-11T11:16:24Z,80.0,Sense
2025-08-11T11:16:29Z,79.0,Sense
2025-08-11T11:16:44Z,79.0,Sense
2025-08-11T11:16:59Z,79.0,Sense
2025-08-11T11:17:14Z,78.0,Sense
2025-08-11T11:17:24Z,77.0,Sense
2025-08-11T11:17:34Z,76.0,Sense
2025-08-11T11:17:44Z,75.0,Sense
2025-08-11T11:17:49Z,73.0,Sense
2025-08-11T11:18:04Z,73.0,Sense
2025-08-11T11:18:19Z,73.0,Sense
2025-08-11T11:18:29Z,72.0,Sense
2025-08-11T11:18:34Z,72.0,Sense
2025-08-11T11:18:39Z,81.0,Sense
2025-08-11T11:18:54Z,81.0,Sense
2025-08-11T11:18:59Z,81.0,Sense
2025-08-11T11:19:14Z,82.0,Sense
2025-08-11T11:19:19Z,81.0,Sense
2025-08-11T11:19:24Z,80.0,Sense
2025-08-11T11:19:29Z,81.0,Sense
2025-08-11T11:19:34Z,80.0,Sense
2025-08-11T11:19:39Z,79.0,Sense
2025-08-11T11:19:44Z,80.0,Sense
2025-08-11T11:19:49Z,81.0,Sense
2025-08-11T11:19:59Z,80.0,Sense
2025-08-11T11:20:04Z,79.0,Sense
2025-08-11T11:20:14Z,81.0,Sense
2025-08-11T11:20:19Z,82.0,Sense
2025-08-11T11:20:24Z,83.0,Sense
2025-08-11T11:20:39Z,83.0,Sense
2025-08-11T11:20:44Z,83.0,Sense
2025-08-11T11:20:49Z,82.0,Sense
2025-08-11T11:20:59Z,83.0,Sense
2025-08-11T11:21:09Z,81.0,Sense
2025-08-11T11:21:14Z,82.0,Sense
2025-08-11T11:21:24Z,83.0,Sense
2025-08-11T11:21:29Z,82.0,Sense
2025-08-11T11:21:34Z,77.0,Sense
2025-08-11T11:21:39Z,72.0,Sense
2025-08-11T11:21:49Z,73.0,Sense
2025-08-11T11:21:54Z,73.0,Sense
2025-08-11T11:21:59Z,73.0,Sense
2025-08-11T11:22:14Z,73.0,Sense
2025-08-11T11:22:29Z,73.0,Sense
2025-08-11T11:22:44Z,73.0,Sense
2025-08-11T11:22:54Z,74.0,Sense
2025-08-11T11:23:04Z,75.0,Sense
2025-08-11T11:23:14Z,76.0,Sense
2025-08-11T11:23:24Z,77.0,Sense
2025-08-11T11:23:29Z,78.0,Sense
2025-08-11T11:23:44Z,79.0,Sense
2025-08-11T11:23:54Z,81.0,Sense
2025-08-11T11:24:09Z,81.0,Sense
2025-08-11T11:24:19Z,82.0,Sense
2025-08-11T11:24:24Z,81.0,Sense
2025-08-11T11:24:39Z,80.0,Sense
2025-08-11T11:24:44Z,79.0,Sense
2025-08-11T11:24:59Z,79.0,Sense
2025-08-11T11:25:04Z,80.0,Sense
2025-08-11T11:25:19Z,80.0,Sense
2025-08-11T11:25:29Z,83.0,Sense
2025-08-11T11:25:34Z,89.0,Sense
2025-08-11T11:25:44Z,88.0,Sense
2025-08-11T11:25:54Z,87.0,Sense
2025-08-11T11:25:59Z,86.0,Sense
2025-08-11T11:26:09Z,85.0,Sense
2025-08-11T11:26:24Z,85.0,Sense
2025-08-11T11:26:29Z,85.0,Sense
2025-08-11T11:26:34Z,89.0,Sense
2025-08-11T11:26:39Z,105.0,Sense
2025-08-11T11:26:54Z,103.0,Sense
2025-08-11T11:26:59Z,98.0,Sense
2025-08-11T11:27:04Z,90.0,Sense
2025-08-11T11:27:09Z,89.0,Sense
2025-08-11T11:27:14Z,88.0,Sense
2025-08-11T11:27:19Z,87.0,Sense
2025-08-11T11:27:24Z,86.0,Sense
2025-08-11T11:27:29Z,86.0,Sense
2025-08-11T11:27:34Z,85.0,Sense
2025-08-11T11:27:39Z,82.0,Sense
2025-08-11T11:27:49Z,80.0,Sense
2025-08-11T11:27:59Z,82.0,Sense
2025-08-11T11:28:09Z,83.0,Sense
2025-08-11T11:28:24Z,82.0,Sense
2025-08-11T11:28:29Z,81.0,Sense
2025-08-11T11:28:39Z,80.0,Sense
2025-08-11T11:28:44Z,81.0,Sense
2025-08-11T11:28:49Z,80.0,Sense
2025-08-11T11:28:54Z,78.0,Sense
2025-08-11T11:28:59Z,77.0,Sense
2025-08-11T11:29:14Z,77.0,Sense
2025-08-11T11:29:19Z,76.0,Sense
2025-08-11T11:29:24Z,76.0,Sense
2025-08-11T11:29:29Z,77.0,Sense
2025-08-11T11:29:34Z,78.0,Sense
2025-08-11T11:29:49Z,78.0,Sense
2025-08-11T11:29:54Z,79.0,Sense
2025-08-11T11:30:09Z,79.0,Sense
2025-08-11T11:30:14Z,80.0,Sense
2025-08-11T11:30:29Z,79.0,Sense
2025-08-11T11:30:34Z,78.0,Sense
2025-08-11T11:30:49Z,78.0,Sense
2025-08-11T11:31:04Z,77.0,Sense
2025-08-11T11:31:14Z,75.0,Sense
2025-08-11T11:31:19Z,81.0,Sense
2025-08-11T11:31:34Z,81.0,Sense
2025-08-11T11:31:44Z,82.0,Sense
2025-08-11T11:31:54Z,81.0,Sense
2025-08-11T11:32:04Z,80.0,Sense
2025-08-11T11:32:19Z,80.0,Sense
2025-08-11T11:32:29Z,82.0,Sense
2025-08-11T11:32:34Z,78.0,Sense
2025-08-11T11:32:39Z,77.0,Sense
2025-08-11T11:32:54Z,78.0,Sense
2025-08-11T11:33:09Z,77.0,Sense
2025-08-11T11:33:14Z,79.0,Sense
2025-08-11T11:33:19Z,87.0,Sense
2025-08-11T11:33:24Z,84.0,Sense
2025-08-11T11:33:29Z,84.0,Sense
2025-08-11T11:33:34Z,83.0,Sense
2025-08-11T11:33:49Z,83.0,Sense
2025-08-11T11:33:54Z,82.0,Sense
2025-08-11T11:33:59Z,81.0,Sense
2025-08-11T11:34:04Z,80.0,Sense
2025-08-11T11:34:19Z,76.0,Sense
2025-08-11T11:34:24Z,73.0,Sense
2025-08-11T11:34:29Z,74.0,Sense
2025-08-11T11:34:39Z,73.0,Sense
2025-08-11T11:34:49Z,74.0,Sense
2025-08-11T11:34:54Z,76.0,Sense
2025-08-11T11:35:09Z,76.0,Sense
2025-08-11T11:35:19Z,87.0,Sense
2025-08-11T11:35:24Z,90.0,Sense
2025-08-11T11:35:29Z,89.0,Sense
2025-08-11T11:35:34Z,90.0,Sense
2025-08-11T11:35:39Z,91.0,Sense
2025-08-11T11:35:44Z,90.0,Sense
2025-08-11T11:35:54Z,91.0,Sense
2025-08-11T11:35:59Z,90.0,Sense
2025-08-11T11:36:14Z,85.0,Sense
2025-08-11T11:36:19Z,84.0,Sense
2025-08-11T11:36:24Z,80.0,Sense
2025-08-11T11:36:29Z,79.0,Sense
2025-08-11T11:36:34Z,78.0,Sense
2025-08-11T11:36:39Z,79.0,Sense
2025-08-11T11:36:54Z,78.0,Sense
2025-08-11T11:37:04Z,79.0,Sense
2025-08-11T11:37:19Z,83.0,Sense
2025-08-11T11:37:24Z,84.0,Sense
2025-08-11T11:37:29Z,83.0,Sense
2025-08-11T11:37:39Z,82.0,Sense
2025-08-11T11:37:49Z,81.0,Sense
2025-08-11T11:38:04Z,81.0,Sense
2025-08-11T11:38:09Z,79.0,Sense
2025-08-11T11:38:24Z,78.0,Sense
2025-08-11T11:38:29Z,83.0,Sense
2025-08-11T11:38:34Z,84.0,Sense
2025-08-11T11:38:49Z,85.0,Sense
2025-08-11T11:38:59Z,85.0,Sense
2025-08-11T11:39:14Z,86.0,Sense
2025-08-11T11:39:19Z,86.0,Sense
2025-08-11T11:39:34Z,86.0,Sense
2025-08-11T11:39:44Z,86.0,Sense
2025-08-11T11:39:54Z,85.0,Sense
2025-08-11T11:40:04Z,84.0,Sense
2025-08-11T11:40:14Z,83.0,Sense
2025-08-11T11:40:19Z,82.0,Sense
2025-08-11T11:40:24Z,81.0,Sense
2025-08-11T11:40:29Z,74.0,Sense
2025-08-11T11:40:34Z,71.0,Sense
2025-08-11T11:40:39Z,79.0,Sense
2025-08-11T11:40:44Z,81.0,Sense
2025-08-11T11:40:49Z,76.0,Sense
2025-08-11T11:40:54Z,74.0,Sense
2025-08-11T11:41:04Z,73.0,Sense
2025-08-11T11:41:09Z,70.0,Sense
2025-08-11T11:41:19Z,71.0,Sense
2025-08-11T11:41:24Z,70.0,Sense
2025-08-11T11:41:29Z,70.0,Sense
2025-08-11T11:41:39Z,71.0,Sense
2025-08-11T11:41:44Z,72.0,Sense
2025-08-11T11:41:54Z,72.0,Sense
2025-08-11T11:42:04Z,73.0,Sense
2025-08-11T11:42:14Z,72.0,Sense
2025-08-11T11:42:29Z,73.0,Sense
2025-08-11T11:42:44Z,78.0,Sense
2025-08-11T11:42:49Z,94.0,Sense
2025-08-11T11:42:54Z,93.0,Sense
2025-08-11T11:42:59Z,92.0,Sense
2025-08-11T11:43:04Z,91.0,Sense
2025-08-11T11:43:14Z,91.0,Sense
2025-08-11T11:43:19Z,89.0,Sense
2025-08-11T11:43:24Z,87.0,Sense
2025-08-11T11:43:34Z,86.0,Sense
2025-08-11T11:43:39Z,85.0,Sense
2025-08-11T11:43:44Z,84.0,Sense
2025-08-11T11:43:54Z,83.0,Sense
2025-08-11T11:43:59Z,82.0,Sense
2025-08-11T11:44:04Z,80.0,Sense
2025-08-11T11:44:19Z,81.0,Sense
2025-08-11T11:44:34Z,80.0,Sense
2025-08-11T11:44:44Z,79.0,Sense
2025-08-11T11:44:49Z,80.0,Sense
2025-08-11T11:44:54Z,79.0,Sense
2025-08-11T11:45:04Z,80.0,Sense
2025-08-11T11:45:09Z,79.0,Sense
2025-08-11T11:45:14Z,78.0,Sense
2025-08-11T11:45:19Z,79.0,Sense
2025-08-11T11:45:29Z,78.0,Sense
2025-08-11T11:45:34Z,74.0,Sense
2025-08-11T11:45:39Z,75.0,Sense
2025-08-11T11:45:44Z,73.0,Sense
2025-08-11T11:45:49Z,72.0,Sense
2025-08-11T11:45:59Z,73.0,Sense
2025-08-11T11:46:14Z,74.0,Sense
2025-08-11T11:46:29Z,74.0,Sense
2025-08-11T11:46:34Z,73.0,Sense
2025-08-11T11:46:39Z,71.0,Sense
2025-08-11T11:46:49Z,72.0,Sense
2025-08-11T11:47:04Z,73.0,Sense
2025-08-11T11:47:09Z,72.0,Sense
2025-08-11T11:47:14Z,73.0,Sense
2025-08-11T11:47:19Z,73.0,Sense
2025-08-11T11:47:24Z,74.0,Sense
2025-08-11T11:47:34Z,75.0,Sense
2025-08-11T11:47:39Z,77.0,Sense
2025-08-11T11:47:49Z,97.0,Sense
2025-08-11T11:47:54Z,98.0,Sense
2025-08-11T11:48:04Z,97.0,Sense
2025-08-11T11:48:09Z,95.0,Sense
2025-08-11T11:48:14Z,93.0,Sense
2025-08-11T11:48:19Z,91.0,Sense
2025-08-11T11:48:34Z,90.0,Sense
2025-08-11T11:48:39Z,89.0,Sense
2025-08-11T11:48:44Z,88.0,Sense
2025-08-11T11:48:49Z,86.0,Sense
2025-08-11T11:48:54Z,85.0,Sense
2025-08-11T11:48:59Z,84.0,Sense
2025-08-11T11:49:04Z,76.0,Sense
2025-08-11T11:49:19Z,76.0,Sense
2025-08-11T11:49:24Z,77.0,Sense
2025-08-11T11:49:34Z,85.0,Sense
2025-08-11T11:49:39Z,84.0,Sense
2025-08-11T11:49:44Z,83.0,Sense
2025-08-11T11:49:59Z,83.0,Sense
2025-08-11T11:50:04Z,83.0,Sense
2025-08-11T11:50:09Z,83.0,Sense
2025-08-11T11:50:24Z,84.0,Sense
2025-08-11T11:50:34Z,82.0,Sense
2025-08-11T11:50:39Z,80.0,Sense
2025-08-11T11:50:54Z,81.0,Sense
2025-08-11T11:51:09Z,81.0,Sense
2025-08-11T11:51:19Z,82.0,Sense
2025-08-11T11:51:24Z,83.0,Sense
2025-08-11T11:51:29Z,84.0,Sense
2025-08-11T11:51:34Z,85.0,Sense
2025-08-11T11:51:39Z,86.0,Sense
2025-08-11T11:51:49Z,85.0,Sense
2025-08-11T11:51:54Z,84.0,Sense
2025-08-11T11:51:59Z,82.0,Sense
2025-08-11T11:52:09Z,83.0,Sense
2025-08-11T11:52:24Z,83.0,Sense
2025-08-11T11:52:29Z,84.0,Sense
2025-08-11T11:52:44Z,85.0,Sense
2025-08-11T11:52:59Z,85.0,Sense
2025-08-11T11:53:09Z,86.0,Sense
2025-08-11T11:53:14Z,85.0,Sense
2025-08-11T11:53:19Z,84.0,Sense
2025-08-11T11:53:34Z,85.0,Sense
2025-08-11T11:53:49Z,85.0,Sense
2025-08-11T11:54:04Z,84.0,Sense
2025-08-11T11:54:14Z,85.0,Sense
2025-08-11T11:54:24Z,86.0,Sense
2025-08-11T11:54:29Z,85.0,Sense
2025-08-11T11:54:39Z,83.0,Sense
2025-08-11T11:54:44Z,81.0,Sense
2025-08-11T11:54:49Z,79.0,Sense
2025-08-11T11:54:59Z,81.0,Sense
2025-08-11T11:55:04Z,82.0,Sense
2025-08-11T11:55:19Z,82.0,Sense
2025-08-11T11:55:34Z,82.0,Sense
2025-08-11T11:55:39Z,81.0,Sense
2025-08-11T11:55:49Z,82.0,Sense
2025-08-11T11:55:54Z,83.0,Sense
2025-08-11T11:55:59Z,81.0,Sense
2025-08-11T11:56:04Z,80.0,Sense
2025-08-11T11:56:19Z,79.0,Sense
2025-08-11T11:56:34Z,80.0,Sense
2025-08-11T11:56:39Z,82.0,Sense
2025-08-11T11:56:44Z,83.0,Sense
2025-08-11T11:56:49Z,82.0,Sense
2025-08-11T11:56:54Z,81.0,Sense
2025-08-11T11:56:59Z,80.0,Sense
2025-08-11T11:57:04Z,78.0,Sense
2025-08-11T11:57:19Z,78.0,Sense
2025-08-11T11:57:29Z,79.0,Sense
2025-08-11T11:57:34Z,81.0,Sense
2025-08-11T11:57:49Z,82.0,Sense
2025-08-11T11:58:04Z,84.0,Sense
2025-08-11T11:58:09Z,87.0,Sense
2025-08-11T11:58:14Z,87.0,Sense
2025-08-11T11:58:24Z,86.0,Sense
2025-08-11T11:58:29Z,85.0,Sense
2025-08-11T11:58:34Z,86.0,Sense
2025-08-11T11:58:44Z,85.0,Sense
2025-08-11T11:58:59Z,84.0,Sense
2025-08-11T11:59:04Z,85.0,Sense
2025-08-11T11:59:09Z,86.0,Sense
2025-08-11T11:59:14Z,85.0,Sense
2025-08-11T11:59:29Z,84.0,Sense
2025-08-11T11:59:34Z,80.0,Sense
2025-08-11T11:59:39Z,78.0,Sense
2025-08-11T11:59:44Z,77.0,Sense
2025-08-11T11:59:59Z,78.0,Sense
2025-08-11T12:00:09Z,78.0,Sense
2025-08-11T12:00:19Z,77.0,Sense
2025-08-11T12:00:29Z,78.0,Sense
2025-08-11T12:00:34Z,79.0,Sense
2025-08-11T12:00:39Z,78.0,Sense
2025-08-11T12:00:49Z,79.0,Sense
2025-08-11T12:01:04Z,78.0,Sense
2025-08-11T12:01:09Z,76.0,Sense
2025-08-11T12:01:14Z,76.0,Sense
2025-08-11T12:01:29Z,76.0,Sense
2025-08-11T12:01:34Z,77.0,Sense
2025-08-11T12:01:39Z,77.0,Sense
2025-08-11T12:01:44Z,78.0,Sense
2025-08-11T12:01:49Z,83.0,Sense
2025-08-11T12:01:54Z,84.0,Sense
2025-08-11T12:01:59Z,83.0,Sense
2025-08-11T12:02:04Z,84.0,Sense
2025-08-11T12:02:09Z,87.0,Sense
2025-08-11T12:02:14Z,86.0,Sense
2025-08-11T12:02:24Z,87.0,Sense
2025-08-11T12:02:29Z,86.0,Sense
2025-08-11T12:02:34Z,85.0,Sense
2025-08-11T12:02:39Z,85.0,Sense
2025-08-11T12:02:44Z,85.0,Sense
2025-08-11T12:02:49Z,86.0,Sense
2025-08-11T12:02:54Z,85.0,Sense
2025-08-11T12:02:59Z,83.0,Sense
2025-08-11T12:03:04Z,84.0,Sense
2025-08-11T12:03:19Z,83.0,Sense
2025-08-11T12:03:34Z,83.0,Sense
2025-08-11T12:03:44Z,82.0,Sense
2025-08-11T12:03:49Z,81.0,Sense
2025-08-11T12:04:04Z,81.0,Sense
2025-08-11T12:04:09Z,80.0,Sense
2025-08-11T12:04:14Z,90.0,Sense
2025-08-11T12:04:19Z,92.0,Sense
2025-08-11T12:04:29Z,91.0,Sense
2025-08-11T12:04:39Z,90.0,Sense
2025-08-11T12:04:49Z,89.0,Sense
2025-08-11T12:04:54Z,88.0,Sense
2025-08-11T12:04:59Z,86.0,Sense
2025-08-11T12:05:04Z,85.0,Sense
2025-08-11T12:05:09Z,84.0,Sense
2025-08-11T12:05:24Z,84.0,Sense
2025-08-11T12:05:29Z,83.0,Sense
2025-08-11T12:05:34Z,84.0,Sense
2025-08-11T12:05:39Z,83.0,Sense
2025-08-11T12:05:49Z,82.0,Sense
2025-08-11T12:05:59Z,82.0,Sense
2025-08-11T12:06:09Z,83.0,Sense
2025-08-11T12:06:14Z,84.0,Sense
2025-08-11T12:06:29Z,84.0,Sense
2025-08-11T12:06:39Z,83.0,Sense
2025-08-11T12:06:44Z,82.0,Sense
2025-08-11T12:06:49Z,81.0,Sense
2025-08-11T12:07:04Z,81.0,Sense
2025-08-11T12:07:14Z,80.0,Sense
2025-08-11T12:07:19Z,79.0,Sense
2025-08-11T12:07:24Z,80.0,Sense
2025-08-11T12:07:29Z,81.0,Sense
2025-08-11T12:07:39Z,80.0,Sense
2025-08-11T12:07:44Z,72.0,Sense
2025-08-11T12:07:59Z,72.0,Sense
2025-08-11T12:08:04Z,73.0,Sense
2025-08-11T12:08:19Z,73.0,Sense
2025-08-11T12:08:34Z,73.0,Sense
2025-08-11T12:08:39Z,74.0,Sense
2025-08-11T12:08:49Z,75.0,Sense
2025-08-11T12:08:59Z,76.0,Sense
2025-08-11T12:09:04Z,77.0,Sense
2025-08-11T12:09:09Z,78.0,Sense
2025-08-11T12:09:19Z,79.0,Sense
2025-08-11T12:09:29Z,78.0,Sense
2025-08-11T12:09:39Z,79.0,Sense
2025-08-11T12:09:44Z,78.0,Sense
2025-08-11T12:09:59Z,78.0,Sense
2025-08-11T12:10:09Z,78.0,Sense
2025-08-11T12:10:14Z,78.0,Sense
2025-08-11T12:10:29Z,78.0,Sense
2025-08-11T12:10:39Z,78.0,Sense
2025-08-11T12:10:44Z,79.0,Sense
2025-08-11T12:10:49Z,81.0,Sense
2025-08-11T12:11:04Z,80.0,Sense
2025-08-11T12:11:19Z,80.0,Sense
2025-08-11T12:11:24Z,81.0,Sense
2025-08-11T12:11:29Z,83.0,Sense
2025-08-11T12:11:34Z,82.0,Sense
2025-08-11T12:11:39Z,81.0,Sense
2025-08-11T12:11:44Z,80.0,Sense
2025-08-11T12:11:49Z,79.0,Sense
2025-08-11T12:11:54Z,78.0,Sense
2025-08-11T12:11:59Z,79.0,Sense
2025-08-11T12:12:09Z,78.0,Sense
2025-08-11T12:12:14Z,78.0,Sense
2025-08-11T12:12:19Z,79.0,Sense
2025-08-11T12:12:29Z,78.0,Sense
2025-08-11T12:12:39Z,77.0,Sense
2025-08-11T12:12:49Z,78.0,Sense
2025-08-11T12:12:54Z,79.0,Sense
2025-08-11T12:13:09Z,79.0,Sense
2025-08-11T12:13:24Z,79.0,Sense
2025-08-11T12:13:29Z,80.0,Sense
2025-08-11T12:13:39Z,79.0,Sense
2025-08-11T12:13:44Z,78.0,Sense
2025-08-11T12:13:54Z,79.0,Sense
2025-08-11T12:14:04Z,81.0,Sense
2025-08-11T12:14:09Z,75.0,Sense
2025-08-11T12:14:14Z,74.0,Sense
2025-08-11T12:14:19Z,75.0,Sense
2025-08-11T12:14:34Z,75.0,Sense
2025-08-11T12:14:49Z,75.0,Sense
2025-08-11T12:15:04Z,75.0,Sense
2025-08-11T12:15:14Z,76.0,Sense
2025-08-11T12:15:19Z,77.0,Sense
2025-08-11T12:15:29Z,77.0,Sense
2025-08-11T12:15:34Z,78.0,Sense
2025-08-11T12:15:49Z,79.0,Sense
2025-08-11T12:15:54Z,78.0,Sense
2025-08-11T12:15:59Z,77.0,Sense
2025-08-11T12:16:04Z,78.0,Sense
2025-08-11T12:16:09Z,78.0,Sense
2025-08-11T12:16:24Z,79.0,Sense
2025-08-11T12:16:29Z,80.0,Sense
2025-08-11T12:16:34Z,80.0,Sense
2025-08-11T12:16:49Z,79.0,Sense
2025-08-11T12:16:54Z,78.0,Sense
2025-08-11T12:16:59Z,78.0,Sense
2025-08-11T12:17:09Z,77.0,Sense
2025-08-11T12:17:24Z,76.0,Sense
2025-08-11T12:17:29Z,77.0,Sense
2025-08-11T12:17:34Z,78.0,Sense
2025-08-11T12:17:49Z,77.0,Sense
2025-08-11T12:17:54Z,76.0,Sense
2025-08-11T12:17:59Z,75.0,Sense
2025-08-11T12:18:14Z,75.0,Sense
2025-08-11T12:18:29Z,77.0,Sense
2025-08-11T12:18:34Z,78.0,Sense
2025-08-11T12:18:39Z,77.0,Sense
2025-08-11T12:18:44Z,78.0,Sense
2025-08-11T12:18:54Z,79.0,Sense
2025-08-11T12:18:59Z,80.0,Sense
2025-08-11T12:19:09Z,81.0,Sense
2025-08-11T12:19:19Z,73.0,Sense
2025-08-11T12:19:24Z,72.0,Sense
2025-08-11T12:19:39Z,72.0,Sense
2025-08-11T12:19:44Z,73.0,Sense
2025-08-11T12:19:49Z,74.0,Sense
2025-08-11T12:19:54Z,74.0,Sense
2025-08-11T12:20:09Z,74.0,Sense
2025-08-11T12:20:19Z,75.0,Sense
2025-08-11T12:20:24Z,76.0,Sense
2025-08-11T12:20:34Z,77.0,Sense
2025-08-11T12:20:39Z,76.0,Sense
2025-08-11T12:20:49Z,77.0,Sense
2025-08-11T12:21:04Z,77.0,Sense
2025-08-11T12:21:14Z,76.0,Sense
2025-08-11T12:21:19Z,77.0,Sense
2025-08-11T12:21:29Z,76.0,Sense
2025-08-11T12:21:44Z,76.0,Sense
2025-08-11T12:21:59Z,76.0,Sense
2025-08-11T12:22:04Z,78.0,Sense
2025-08-11T12:22:19Z,77.0,Sense
2025-08-11T12:22:29Z,77.0,Sense
2025-08-11T12:22:39Z,78.0,Sense
2025-08-11T12:22:44Z,77.0,Sense
2025-08-11T12:22:49Z,78.0,Sense
2025-08-11T12:23:04Z,79.0,Sense
2025-08-11T12:23:09Z,81.0,Sense
2025-08-11T12:23:14Z,86.0,Sense
2025-08-11T12:23:19Z,89.0,Sense
2025-08-11T12:23:24Z,88.0,Sense
2025-08-11T12:23:34Z,87.0,Sense
2025-08-11T12:23:39Z,86.0,Sense
2025-08-11T12:23:54Z,85.0,Sense
2025-08-11T12:23:59Z,85.0,Sense
2025-08-11T12:24:14Z,85.0,Sense
2025-08-11T12:24:24Z,84.0,Sense
2025-08-11T12:24:39Z,85.0,Sense
2025-08-11T12:24:44Z,84.0,Sense
2025-08-11T12:24:49Z,83.0,Sense
2025-08-11T12:24:54Z,84.0,Sense
2025-08-11T12:24:59Z,83.0,Sense
2025-08-11T12:25:14Z,82.0,Sense
2025-08-11T12:25:29Z,82.0,Sense
2025-08-11T12:25:39Z,83.0,Sense
2025-08-11T12:25:44Z,81.0,Sense
2025-08-11T12:25:59Z,82.0,Sense
2025-08-11T12:26:04Z,81.0,Sense
2025-08-11T12:26:19Z,80.0,Sense
2025-08-11T12:26:24Z,74.0,Sense
2025-08-11T12:26:29Z,71.0,Sense
2025-08-11T12:26:44Z,71.0,Sense
2025-08-11T12:26:54Z,72.0,Sense
2025-08-11T12:27:04Z,73.0,Sense
2025-08-11T12:27:19Z,73.0,Sense
2025-08-11T12:27:24Z,74.0,Sense
2025-08-11T12:27:39Z,75.0,Sense
2025-08-11T12:27:44Z,74.0,Sense
2025-08-11T12:27:49Z,73.0,Sense
2025-08-11T12:27:54Z,74.0,Sense
2025-08-11T12:27:59Z,75.0,Sense
2025-08-11T12:28:04Z,76.0,Sense
2025-08-11T12:28:09Z,75.0,Sense
2025-08-11T12:28:24Z,75.0,Sense
2025-08-11T12:28:34Z,77.0,Sense
2025-08-11T12:28:39Z,76.0,Sense
2025-08-11T12:28:44Z,72.0,Sense
2025-08-11T12:28:54Z,70.0,Sense
2025-08-11T12:29:09Z,70.0,Sense
2025-08-11T12:29:14Z,71.0,Sense
2025-08-11T12:29:19Z,71.0,Sense
2025-08-11T12:29:34Z,71.0,Sense
2025-08-11T12:29:39Z,72.0,Sense
2025-08-11T12:29:44Z,74.0,Sense
2025-08-11T12:29:49Z,75.0,Sense
2025-08-11T12:29:59Z,76.0,Sense
2025-08-11T12:30:04Z,76.0,Sense
2025-08-11T12:30:09Z,76.0,Sense
2025-08-11T12:30:14Z,72.0,Sense
2025-08-11T12:30:19Z,72.0,Sense
2025-08-11T12:30:34Z,70.0,Sense
2025-08-11T12:30:49Z,70.0,Sense
2025-08-11T12:30:54Z,71.0,Sense
2025-08-11T12:31:04Z,71.0,Sense
2025-08-11T12:31:09Z,72.0,Sense
2025-08-11T12:31:14Z,71.0,Sense
2025-08-11T12:31:19Z,72.0,Sense
2025-08-11T12:31:24Z,73.0,Sense
2025-08-11T12:31:29Z,73.0,Sense
2025-08-11T12:31:34Z,73.0,Sense
2025-08-11T12:31:39Z,73.0,Sense
2025-08-11T12:31:44Z,72.0,Sense
2025-08-11T12:31:49Z,72.0,Sense
2025-08-11T12:31:54Z,74.0,Sense
2025-08-11T12:31:59Z,72.0,Sense
2025-08-11T12:32:04Z,70.0,Sense
2025-08-11T12:32:19Z,71.0,Sense
2025-08-11T12:32:24Z,72.0,Sense
2025-08-11T12:32:29Z,77.0,Sense
2025-08-11T12:32:44Z,77.0,Sense
2025-08-11T12:32:54Z,76.0,Sense
2025-08-11T12:32:59Z,72.0,Sense
2025-08-11T12:33:09Z,73.0,Sense
2025-08-11T12:33:19Z,74.0,Sense
2025-08-11T12:33:34Z,74.0,Sense
2025-08-11T12:33:44Z,74.0,Sense
2025-08-11T12:33:54Z,75.0,Sense
2025-08-11T12:33:59Z,76.0,Sense
2025-08-11T12:34:04Z,77.0,Sense
2025-08-11T12:34:09Z,78.0,Sense
2025-08-11T12:34:24Z,79.0,Sense
2025-08-11T12:34:29Z,80.0,Sense
2025-08-11T12:34:34Z,81.0,Sense
2025-08-11T12:34:39Z,80.0,Sense
2025-08-11T12:34:44Z,79.0,Sense
2025-08-11T12:34:49Z,79.0,Sense
2025-08-11T12:35:04Z,76.0,Sense
2025-08-11T12:35:09Z,72.0,Sense
2025-08-11T12:35:24Z,72.0,Sense
2025-08-11T12:35:34Z,73.0,Sense
2025-08-11T12:35:39Z,74.0,Sense
2025-08-11T12:35:44Z,75.0,Sense
2025-08-11T12:35:49Z,75.0,Sense
2025-08-11T12:35:54Z,76.0,Sense
2025-08-11T12:35:59Z,75.0,Sense
2025-08-11T12:36:14Z,75.0,Sense
2025-08-11T12:36:24Z,76.0,Sense
2025-08-11T12:36:29Z,77.0,Sense
2025-08-11T12:36:34Z,78.0,Sense
2025-08-11T12:36:49Z,77.0,Sense
2025-08-11T12:37:04Z,77.0,Sense
2025-08-11T12:37:09Z,78.0,Sense
2025-08-11T12:37:14Z,79.0,Sense
2025-08-11T12:37:29Z,79.0,Sense
2025-08-11T12:37:34Z,78.0,Sense
2025-08-11T12:37:44Z,77.0,Sense
2025-08-11T12:37:49Z,76.0,Sense
2025-08-11T12:37:59Z,75.0,Sense
2025-08-11T12:38:14Z,77.0,Sense
2025-08-11T12:38:19Z,79.0,Sense
2025-08-11T12:38:24Z,78.0,Sense
2025-08-11T12:38:29Z,79.0,Sense
2025-08-11T12:38:34Z,80.0,Sense
2025-08-11T12:38:49Z,84.0,Sense
2025-08-11T12:38:54Z,84.0,Sense
2025-08-11T12:39:09Z,84.0,Sense
2025-08-11T12:39:24Z,84.0,Sense
2025-08-11T12:39:29Z,83.0,Sense
2025-08-11T12:39:34Z,82.0,Sense
2025-08-11T12:39:49Z,82.0,Sense
2025-08-11T12:39:54Z,81.0,Sense
2025-08-11T12:39:59Z,80.0,Sense
2025-08-11T12:40:09Z,81.0,Sense
2025-08-11T12:40:14Z,73.0,Sense
2025-08-11T12:40:29Z,73.0,Sense
2025-08-11T12:40:39Z,74.0,Sense
2025-08-11T12:40:54Z,75.0,Sense
2025-08-11T12:40:59Z,77.0,Sense
2025-08-11T12:41:09Z,76.0,Sense
2025-08-11T12:41:24Z,76.0,Sense
2025-08-11T12:41:29Z,77.0,Sense
2025-08-11T12:41:34Z,78.0,Sense
2025-08-11T12:41:44Z,77.0,Sense
2025-08-11T12:41:49Z,76.0,Sense
2025-08-11T12:41:54Z,71.0,Sense
2025-08-11T12:42:09Z,71.0,Sense
2025-08-11T12:42:14Z,74.0,Sense
2025-08-11T12:42:19Z,75.0,Sense
2025-08-11T12:42:34Z,75.0,Sense
2025-08-11T12:42:39Z,79.0,Sense
2025-08-11T12:42:44Z,79.0,Sense
2025-08-11T12:42:54Z,78.0,Sense
2025-08-11T12:43:09Z,78.0,Sense
2025-08-11T12:43:24Z,78.0,Sense
2025-08-11T12:43:39Z,80.0,Sense
2025-08-11T12:43:44Z,79.0,Sense
2025-08-11T12:43:54Z,78.0,Sense
2025-08-11T12:44:09Z,78.0,Sense
2025-08-11T12:44:14Z,79.0,Sense
2025-08-11T12:44:24Z,80.0,Sense
2025-08-11T12:44:29Z,81.0,Sense
2025-08-11T12:44:34Z,82.0,Sense
2025-08-11T12:44:49Z,82.0,Sense
2025-08-11T12:45:04Z,81.0,Sense
2025-08-11T12:45:09Z,82.0,Sense
2025-08-11T12:45:14Z,81.0,Sense
2025-08-11T12:45:19Z,80.0,Sense
2025-08-11T12:45:34Z,81.0,Sense
2025-08-11T12:45:44Z,80.0,Sense
2025-08-11T12:45:54Z,81.0,Sense
2025-08-11T12:46:09Z,82.0,Sense
2025-08-11T12:46:19Z,81.0,Sense
2025-08-11T12:46:29Z,80.0,Sense
2025-08-11T12:46:34Z,81.0,Sense
2025-08-11T12:46:44Z,76.0,Sense
2025-08-11T12:46:49Z,75.0,Sense
2025-08-11T12:46:54Z,76.0,Sense
2025-08-11T12:47:09Z,77.0,Sense
2025-08-11T12:47:14Z,73.0,Sense
2025-08-11T12:47:19Z,71.0,Sense
2025-08-11T12:47:29Z,72.0,Sense
2025-08-11T12:47:34Z,73.0,Sense
2025-08-11T12:47:39Z,74.0,Sense
2025-08-11T12:47:49Z,74.0,Sense
2025-08-11T12:47:54Z,75.0,Sense
2025-08-11T12:47:59Z,76.0,Sense
2025-08-11T12:48:04Z,77.0,Sense
2025-08-11T12:48:14Z,76.0,Sense
2025-08-11T12:48:29Z,76.0,Sense
2025-08-11T12:48:34Z,77.0,Sense
2025-08-11T12:48:49Z,78.0,Sense
2025-08-11T12:48:59Z,79.0,Sense
2025-08-11T12:49:14Z,79.0,Sense
2025-08-11T12:49:19Z,82.0,Sense
2025-08-11T12:49:24Z,83.0,Sense
2025-08-11T12:49:29Z,82.0,Sense
2025-08-11T12:49:44Z,83.0,Sense
2025-08-11T12:49:49Z,85.0,Sense
2025-08-11T12:49:54Z,84.0,Sense
2025-08-11T12:49:59Z,83.0,Sense
2025-08-11T12:50:14Z,83.0,Sense
2025-08-11T12:50:19Z,84.0,Sense
2025-08-11T12:50:24Z,85.0,Sense
2025-08-11T12:50:29Z,85.0,Sense
2025-08-11T12:50:34Z,84.0,Sense
2025-08-11T12:50:39Z,83.0,Sense
2025-08-11T12:50:49Z,82.0,Sense
2025-08-11T12:50:59Z,81.0,Sense
2025-08-11T12:51:04Z,80.0,Sense
2025-08-11T12:51:09Z,77.0,Sense
2025-08-11T12:51:14Z,74.0,Sense
2025-08-11T12:51:29Z,76.0,Sense
2025-08-11T12:51:44Z,76.0,Sense
2025-08-11T12:51:49Z,75.0,Sense
2025-08-11T12:51:54Z,75.0,Sense
2025-08-11T12:52:09Z,75.0,Sense
2025-08-11T12:52:24Z,76.0,Sense
2025-08-11T12:52:34Z,75.0,Sense
2025-08-11T12:52:44Z,76.0,Sense
2025-08-11T12:52:49Z,77.0,Sense
2025-08-11T12:52:54Z,78.0,Sense
2025-08-11T12:53:04Z,79.0,Sense
2025-08-11T12:53:14Z,80.0,Sense
2025-08-11T12:53:19Z,80.0,Sense
2025-08-11T12:53:24Z,81.0,Sense
2025-08-11T12:53:39Z,82.0,Sense
2025-08-11T12:53:44Z,81.0,Sense
2025-08-11T12:53:49Z,80.0,Sense
2025-08-11T12:53:59Z,79.0,Sense
2025-08-11T12:54:14Z,80.0,Sense
2025-08-11T12:54:19Z,81.0,Sense
2025-08-11T12:54:29Z,80.0,Sense
2025-08-11T12:54:34Z,74.0,Sense
2025-08-11T12:54:39Z,73.0,Sense
2025-08-11T12:54:44Z,74.0,Sense
2025-08-11T12:54:49Z,75.0,Sense
2025-08-11T12:54:54Z,75.0,Sense
2025-08-11T12:54:59Z,76.0,Sense
2025-08-11T12:55:04Z,77.0,Sense
2025-08-11T12:55:19Z,76.0,Sense
2025-08-11T12:55:24Z,77.0,Sense
2025-08-11T12:55:39Z,78.0,Sense
2025-08-11T12:55:49Z,77.0,Sense
2025-08-11T12:55:59Z,78.0,Sense
2025-08-11T12:56:09Z,74.0,Sense
2025-08-11T12:56:14Z,72.0,Sense
2025-08-11T12:56:29Z,72.0,Sense
2025-08-11T12:56:39Z,73.0,Sense
2025-08-11T12:56:44Z,74.0,Sense
2025-08-11T12:56:49Z,75.0,Sense
2025-08-11T12:56:54Z,76.0,Sense
2025-08-11T12:56:59Z,75.0,Sense
2025-08-11T12:57:04Z,76.0,Sense
2025-08-11T12:57:09Z,75.0,Sense
2025-08-11T12:57:24Z,76.0,Sense
2025-08-11T12:57:34Z,77.0,Sense
2025-08-11T12:57:39Z,75.0,Sense
2025-08-11T12:57:44Z,71.0,Sense
2025-08-11T12:57:59Z,71.0,Sense
2025-08-11T12:58:09Z,72.0,Sense
2025-08-11T12:58:19Z,71.0,Sense
2025-08-11T12:58:34Z,72.0,Sense
2025-08-11T12:58:39Z,72.0,Sense
2025-08-11T12:58:54Z,72.0,Sense
2025-08-11T12:59:04Z,73.0,Sense
2025-08-11T12:59:09Z,74.0,Sense
2025-08-11T12:59:14Z,75.0,Sense
2025-08-11T12:59:19Z,74.0,Sense
2025-08-11T12:59:24Z,75.0,Sense
2025-08-11T12:59:34Z,74.0,Sense
2025-08-11T12:59:39Z,75.0,Sense
2025-08-11T12:59:44Z,76.0,Sense
2025-08-11T12:59:49Z,77.0,Sense
2025-08-11T12:59:54Z,71.0,Sense
2025-08-11T13:00:09Z,72.0,Sense
2025-08-11T13:00:24Z,72.0,Sense
2025-08-11T13:00:39Z,73.0,Sense
2025-08-11T13:00:44Z,74.0,Sense
2025-08-11T13:00:49Z,75.0,Sense
2025-08-11T13:00:54Z,76.0,Sense
2025-08-11T13:00:59Z,77.0,Sense
2025-08-11T13:01:14Z,76.0,Sense
2025-08-11T13:01:19Z,75.0,Sense
2025-08-11T13:01:29Z,76.0,Sense
2025-08-11T13:01:34Z,76.0,Sense
2025-08-11T13:01:39Z,77.0,Sense
2025-08-11T13:01:54Z,79.0,Sense
2025-08-11T13:01:59Z,81.0,Sense
2025-08-11T13:02:09Z,83.0,Sense
2025-08-11T13:02:14Z,84.0,Sense
2025-08-11T13:02:19Z,83.0,Sense
2025-08-11T13:02:34Z,83.0,Sense
2025-08-11T13:02:39Z,82.0,Sense
2025-08-11T13:02:44Z,81.0,Sense
2025-08-11T13:02:49Z,80.0,Sense
2025-08-11T13:02:54Z,81.0,Sense
2025-08-11T13:03:09Z,80.0,Sense
2025-08-11T13:03:19Z,83.0,Sense
2025-08-11T13:03:24Z,82.0,Sense
2025-08-11T13:03:39Z,81.0,Sense
2025-08-11T13:03:44Z,81.0,Sense
2025-08-11T13:03:59Z,81.0,Sense
2025-08-11T13:04:09Z,82.0,Sense
2025-08-11T13:04:14Z,81.0,Sense
2025-08-11T13:04:19Z,80.0,Sense
2025-08-11T13:04:29Z,80.0,Sense
2025-08-11T13:04:34Z,81.0,Sense
2025-08-11T13:04:44Z,82.0,Sense
2025-08-11T13:04:54Z,81.0,Sense
2025-08-11T13:05:04Z,82.0,Sense
2025-08-11T13:05:09Z,81.0,Sense
2025-08-11T13:05:14Z,82.0,Sense
2025-08-11T13:05:29Z,81.0,Sense
2025-08-11T13:05:34Z,78.0,Sense
2025-08-11T13:05:39Z,75.0,Sense
2025-08-11T13:05:54Z,75.0,Sense
2025-08-11T13:06:09Z,75.0,Sense
2025-08-11T13:06:14Z,76.0,Sense
2025-08-11T13:06:29Z,75.0,Sense
2025-08-11T13:06:34Z,76.0,Sense
2025-08-11T13:06:44Z,75.0,Sense
2025-08-11T13:06:54Z,76.0,Sense
2025-08-11T13:06:59Z,77.0,Sense
2025-08-11T13:07:14Z,79.0,Sense
2025-08-11T13:07:29Z,79.0,Sense
2025-08-11T13:07:34Z,78.0,Sense
2025-08-11T13:07:39Z,77.0,Sense
2025-08-11T13:07:44Z,78.0,Sense
2025-08-11T13:07:49Z,75.0,Sense
2025-08-11T13:07:54Z,74.0,Sense
2025-08-11T13:08:09Z,74.0,Sense
2025-08-11T13:08:24Z,74.0,Sense
2025-08-11T13:08:29Z,74.0,Sense
2025-08-11T13:08:44Z,75.0,Sense
2025-08-11T13:08:54Z,76.0,Sense
2025-08-11T13:09:09Z,77.0,Sense
2025-08-11T13:09:14Z,78.0,Sense
2025-08-11T13:09:19Z,80.0,Sense
2025-08-11T13:09:24Z,81.0,Sense
2025-08-11T13:09:39Z,80.0,Sense
2025-08-11T13:09:44Z,79.0,Sense
2025-08-11T13:09:59Z,79.0,Sense
2025-08-11T13:10:04Z,79.0,Sense
2025-08-11T13:10:14Z,84.0,Sense
2025-08-11T13:10:19Z,79.0,Sense
2025-08-11T13:10:34Z,79.0,Sense
2025-08-11T13:10:49Z,79.0,Sense
2025-08-11T13:11:04Z,74.0,Sense
2025-08-11T13:11:19Z,74.0,Sense
2025-08-11T13:11:34Z,78.0,Sense
2025-08-11T13:11:39Z,84.0,Sense
2025-08-11T13:11:54Z,84.0,Sense
2025-08-11T13:12:09Z,85.0,Sense
2025-08-11T13:12:14Z,85.0,Sense
2025-08-11T13:12:19Z,84.0,Sense
2025-08-11T13:12:24Z,82.0,Sense
2025-08-11T13:12:29Z,77.0,Sense
2025-08-11T13:12:44Z,77.0,Sense
2025-08-11T13:12:54Z,78.0,Sense
2025-08-11T13:13:04Z,79.0,Sense
2025-08-11T13:13:19Z,79.0,Sense
2025-08-11T13:13:29Z,74.0,Sense
2025-08-11T13:13:34Z,72.0,Sense
2025-08-11T13:13:49Z,73.0,Sense
2025-08-11T13:13:54Z,74.0,Sense
2025-08-11T13:13:59Z,74.0,Sense
2025-08-11T13:14:09Z,75.0,Sense
2025-08-11T13:14:14Z,76.0,Sense
2025-08-11T13:14:24Z,77.0,Sense
2025-08-11T13:14:29Z,76.0,Sense
2025-08-11T13:14:39Z,77.0,Sense
2025-08-11T13:14:49Z,76.0,Sense
2025-08-11T13:15:04Z,77.0,Sense
2025-08-11T13:15:09Z,79.0,Sense
2025-08-11T13:15:14Z,80.0,Sense
2025-08-11T13:15:19Z,79.0,Sense
2025-08-11T13:15:24Z,78.0,Sense
2025-08-11T13:15:39Z,77.0,Sense
2025-08-11T13:15:49Z,78.0,Sense
2025-08-11T13:15:54Z,83.0,Sense
2025-08-11T13:15:59Z,84.0,Sense
2025-08-11T13:16:14Z,84.0,Sense
2025-08-11T13:16:24Z,84.0,Sense
2025-08-11T13:16:29Z,83.0,Sense
2025-08-11T13:16:34Z,82.0,Sense
2025-08-11T13:16:49Z,82.0,Sense
2025-08-11T13:16:54Z,81.0,Sense
2025-08-11T13:16:59Z,80.0,Sense
2025-08-11T13:17:04Z,81.0,Sense
2025-08-11T13:17:19Z,81.0,Sense
2025-08-11T13:17:34Z,82.0,Sense
2025-08-11T13:17:39Z,83.0,Sense
2025-08-11T13:17:44Z,84.0,Sense
2025-08-11T13:17:49Z,83.0,Sense
2025-08-11T13:17:54Z,82.0,Sense
2025-08-11T13:17:59Z,81.0,Sense
2025-08-11T13:18:04Z,81.0,Sense
2025-08-11T13:18:09Z,82.0,Sense
2025-08-11T13:18:14Z,82.0,Sense
2025-08-11T13:18:24Z,81.0,Sense
2025-08-11T13:18:29Z,80.0,Sense
2025-08-11T13:18:34Z,79.0,Sense
2025-08-11T13:18:49Z,79.0,Sense
2025-08-11T13:18:54Z,81.0,Sense
2025-08-11T13:18:59Z,82.0,Sense
2025-08-11T13:19:04Z,80.0,Sense
2025-08-11T13:19:19Z,78.0,Sense
2025-08-11T13:19:24Z,75.0,Sense
2025-08-11T13:19:39Z,75.0,Sense
2025-08-11T13:19:44Z,75.0,Sense
2025-08-11T13:19:49Z,76.0,Sense
2025-08-11T13:19:54Z,77.0,Sense
2025-08-11T13:20:09Z,77.0,Sense
2025-08-11T13:20:14Z,77.0,Sense
2025-08-11T13:20:29Z,77.0,Sense
2025-08-11T13:20:34Z,78.0,Sense
2025-08-11T13:20:49Z,78.0,Sense
2025-08-11T13:20:54Z,77.0,Sense
2025-08-11T13:21:04Z,78.0,Sense
2025-08-11T13:21:09Z,79.0,Sense
2025-08-11T13:21:14Z,78.0,Sense
2025-08-11T13:21:29Z,78.0,Sense
2025-08-11T13:21:34Z,80.0,Sense
2025-08-11T13:21:49Z,80.0,Sense
2025-08-11T13:21:59Z,81.0,Sense
2025-08-11T13:22:04Z,82.0,Sense
2025-08-11T13:22:14Z,83.0,Sense
2025-08-11T13:22:29Z,83.0,Sense
2025-08-11T13:22:39Z,84.0,Sense
2025-08-11T13:22:49Z,83.0,Sense
2025-08-11T13:22:54Z,82.0,Sense
2025-08-11T13:22:59Z,80.0,Sense
2025-08-11T13:23:04Z,78.0,Sense
2025-08-11T13:23:19Z,79.0,Sense
2025-08-11T13:23:29Z,87.0,Sense
2025-08-11T13:23:34Z,86.0,Sense
2025-08-11T13:23:49Z,85.0,Sense
2025-08-11T13:23:54Z,85.0,Sense
2025-08-11T13:24:09Z,85.0,Sense
2025-08-11T13:24:14Z,86.0,Sense
2025-08-11T13:24:19Z,85.0,Sense
2025-08-11T13:24:29Z,84.0,Sense
2025-08-11T13:24:39Z,83.0,Sense
2025-08-11T13:24:44Z,82.0,Sense
2025-08-11T13:24:49Z,81.0,Sense
2025-08-11T13:24:54Z,81.0,Sense
2025-08-11T13:25:09Z,80.0,Sense
2025-08-11T13:25:14Z,79.0,Sense
2025-08-11T13:25:19Z,78.0,Sense
2025-08-11T13:25:29Z,77.0,Sense
2025-08-11T13:25:44Z,83.0,Sense
2025-08-11T13:25:49Z,86.0,Sense
2025-08-11T13:25:54Z,85.0,Sense
2025-08-11T13:26:04Z,85.0,Sense
2025-08-11T13:26:09Z,84.0,Sense
2025-08-11T13:26:14Z,83.0,Sense
2025-08-11T13:26:29Z,82.0,Sense
2025-08-11T13:26:34Z,81.0,Sense
2025-08-11T13:26:39Z,82.0,Sense
2025-08-11T13:26:44Z,83.0,Sense
2025-08-11T13:26:49Z,84.0,Sense
2025-08-11T13:27:04Z,84.0,Sense
2025-08-11T13:27:09Z,83.0,Sense
2025-08-11T13:27:14Z,82.0,Sense
2025-08-11T13:27:24Z,81.0,Sense
2025-08-11T13:27:29Z,80.0,Sense
2025-08-11T13:27:34Z,81.0,Sense
2025-08-11T13:27:39Z,80.0,Sense
2025-08-11T13:27:49Z,78.0,Sense
2025-08-11T13:27:54Z,75.0,Sense
2025-08-11T13:28:04Z,76.0,Sense
2025-08-11T13:28:14Z,77.0,Sense
2025-08-11T13:28:19Z,78.0,Sense
2025-08-11T13:28:29Z,77.0,Sense
2025-08-11T13:28:39Z,76.0,Sense
2025-08-11T13:28:49Z,75.0,Sense
2025-08-11T13:28:59Z,75.0,Sense
2025-08-11T13:29:04Z,76.0,Sense
2025-08-11T13:29:09Z,75.0,Sense
2025-08-11T13:29:24Z,75.0,Sense
2025-08-11T13:29:29Z,76.0,Sense
2025-08-11T13:29:39Z,75.0,Sense
2025-08-11T13:29:49Z,76.0,Sense
2025-08-11T13:29:59Z,75.0,Sense
2025-08-11T13:30:14Z,76.0,Sense
2025-08-11T13:30:24Z,77.0,Sense
2025-08-11T13:30:29Z,78.0,Sense
2025-08-11T13:30:39Z,79.0,Sense
2025-08-11T13:30:44Z,82.0,Sense
2025-08-11T13:30:49Z,81.0,Sense
2025-08-11T13:30:59Z,79.0,Sense
2025-08-11T13:31:04Z,79.0,Sense
2025-08-11T13:31:19Z,81.0,Sense
2025-08-11T13:31:24Z,82.0,Sense
2025-08-11T13:31:29Z,81.0,Sense
2025-08-11T13:31:39Z,82.0,Sense
2025-08-11T13:31:49Z,80.0,Sense
2025-08-11T13:31:54Z,79.0,Sense
2025-08-11T13:32:09Z,79.0,Sense
2025-08-11T13:32:14Z,78.0,Sense
2025-08-11T13:32:19Z,77.0,Sense
2025-08-11T13:32:29Z,76.0,Sense
2025-08-11T13:32:34Z,78.0,Sense
2025-08-11T13:32:49Z,78.0,Sense
2025-08-11T13:33:04Z,78.0,Sense
2025-08-11T13:33:09Z,79.0,Sense
2025-08-11T13:33:14Z,78.0,Sense
2025-08-11T13:33:19Z,79.0,Sense
2025-08-11T13:33:24Z,82.0,Sense
2025-08-11T13:33:29Z,84.0,Sense
2025-08-11T13:33:34Z,83.0,Sense
2025-08-11T13:33:39Z,82.0,Sense
2025-08-11T13:33:49Z,81.0,Sense
2025-08-11T13:33:54Z,80.0,Sense
2025-08-11T13:34:09Z,79.0,Sense
2025-08-11T13:34:19Z,78.0,Sense
2025-08-11T13:34:24Z,77.0,Sense
2025-08-11T13:34:29Z,76.0,Sense
2025-08-11T13:34:34Z,75.0,Sense
2025-08-11T13:34:39Z,76.0,Sense
2025-08-11T13:34:49Z,75.0,Sense
2025-08-11T13:34:54Z,76.0,Sense
2025-08-11T13:34:59Z,76.0,Sense
2025-08-11T13:35:14Z,77.0,Sense
2025-08-11T13:35:19Z,77.0,Sense
2025-08-11T13:35:24Z,76.0,Sense
2025-08-11T13:35:29Z,77.0,Sense
2025-08-11T13:35:34Z,79.0,Sense
2025-08-11T13:35:49Z,79.0,Sense
2025-08-11T13:35:54Z,78.0,Sense
2025-08-11T13:35:59Z,77.0,Sense
2025-08-11T13:36:04Z,76.0,Sense
2025-08-11T13:36:14Z,77.0,Sense
2025-08-11T13:36:19Z,78.0,Sense
2025-08-11T13:36:34Z,79.0,Sense
2025-08-11T13:36:49Z,78.0,Sense
2025-08-11T13:36:54Z,79.0,Sense
2025-08-11T13:37:04Z,80.0,Sense
2025-08-11T13:37:09Z,81.0,Sense
2025-08-11T13:37:19Z,82.0,Sense
2025-08-11T13:37:34Z,82.0,Sense
2025-08-11T13:37:39Z,82.0,Sense
2025-08-11T13:37:49Z,81.0,Sense
2025-08-11T13:38:04Z,81.0,Sense
2025-08-11T13:38:19Z,81.0,Sense
2025-08-11T13:38:24Z,80.0,Sense
2025-08-11T13:38:29Z,79.0,Sense
2025-08-11T13:38:44Z,80.0,Sense
2025-08-11T13:38:54Z,79.0,Sense
2025-08-11T13:39:09Z,78.0,Sense
2025-08-11T13:39:14Z,77.0,Sense
2025-08-11T13:39:24Z,76.0,Sense
2025-08-11T13:39:39Z,77.0,Sense
2025-08-11T13:39:44Z,78.0,Sense
2025-08-11T13:39:54Z,77.0,Sense
2025-08-11T13:39:59Z,76.0,Sense
2025-08-11T13:40:14Z,78.0,Sense
2025-08-11T13:40:29Z,78.0,Sense
2025-08-11T13:40:44Z,77.0,Sense
2025-08-11T13:40:49Z,76.0,Sense
2025-08-11T13:40:59Z,77.0,Sense
2025-08-11T13:41:04Z,78.0,Sense
2025-08-11T13:41:19Z,78.0,Sense
2025-08-11T13:41:34Z,78.0,Sense
2025-08-11T13:41:44Z,77.0,Sense
2025-08-11T13:41:49Z,76.0,Sense
2025-08-11T13:42:04Z,76.0,Sense
2025-08-11T13:42:19Z,77.0,Sense
2025-08-11T13:42:24Z,78.0,Sense
2025-08-11T13:42:29Z,77.0,Sense
2025-08-11T13:42:39Z,78.0,Sense
2025-08-11T13:42:44Z,79.0,Sense
2025-08-11T13:42:49Z,78.0,Sense
2025-08-11T13:42:59Z,79.0,Sense
2025-08-11T13:43:04Z,80.0,Sense
2025-08-11T13:43:14Z,79.0,Sense
2025-08-11T13:43:29Z,80.0,Sense
2025-08-11T13:43:34Z,81.0,Sense
2025-08-11T13:43:39Z,80.0,Sense
2025-08-11T13:43:44Z,79.0,Sense
2025-08-11T13:43:49Z,79.0,Sense
2025-08-11T13:43:59Z,81.0,Sense
2025-08-11T13:44:04Z,80.0,Sense
2025-08-11T13:44:19Z,80.0,Sense
2025-08-11T13:44:24Z,81.0,Sense
2025-08-11T13:44:39Z,80.0,Sense
2025-08-11T13:44:44Z,81.0,Sense
2025-08-11T13:44:49Z,80.0,Sense
2025-08-11T13:44:59Z,82.0,Sense
2025-08-11T13:45:09Z,81.0,Sense
2025-08-11T13:45:19Z,80.0,Sense
2025-08-11T13:45:24Z,82.0,Sense
2025-08-11T13:45:29Z,80.0,Sense
2025-08-11T13:45:44Z,80.0,Sense
2025-08-11T13:45:49Z,79.0,Sense
2025-08-11T13:46:04Z,79.0,Sense
2025-08-11T13:46:19Z,79.0,Sense
2025-08-11T13:46:24Z,78.0,Sense
2025-08-11T13:46:29Z,77.0,Sense
2025-08-11T13:46:39Z,76.0,Sense
2025-08-11T13:46:54Z,76.0,Sense
2025-08-11T13:47:04Z,77.0,Sense
2025-08-11T13:47:09Z,78.0,Sense
2025-08-11T13:47:24Z,78.0,Sense
2025-08-11T13:47:29Z,79.0,Sense
2025-08-11T13:47:44Z,79.0,Sense
2025-08-11T13:47:49Z,78.0,Sense
2025-08-11T13:47:54Z,79.0,Sense
2025-08-11T13:47:59Z,80.0,Sense
2025-08-11T13:48:14Z,83.0,Sense
2025-08-11T13:48:19Z,91.0,Sense
2025-08-11T13:48:24Z,92.0,Sense
2025-08-11T13:48:29Z,91.0,Sense
2025-08-11T13:48:39Z,89.0,Sense
2025-08-11T13:48:44Z,88.0,Sense
2025-08-11T13:48:49Z,87.0,Sense
2025-08-11T13:48:54Z,88.0,Sense
2025-08-11T13:49:04Z,82.0,Sense
2025-08-11T13:49:09Z,72.0,Sense
2025-08-11T13:49:19Z,73.0,Sense
2025-08-11T13:49:29Z,74.0,Sense
2025-08-11T13:49:34Z,74.0,Sense
2025-08-11T13:49:44Z,75.0,Sense
2025-08-11T13:49:49Z,76.0,Sense
2025-08-11T13:49:54Z,75.0,Sense
2025-08-11T13:49:59Z,75.0,Sense
2025-08-11T13:50:09Z,76.0,Sense
2025-08-11T13:50:14Z,78.0,Sense
2025-08-11T13:50:29Z,77.0,Sense
2025-08-11T13:50:44Z,78.0,Sense
2025-08-11T13:50:49Z,79.0,Sense
2025-08-11T13:50:59Z,80.0,Sense
2025-08-11T13:51:04Z,80.0,Sense
2025-08-11T13:51:19Z,79.0,Sense
2025-08-11T13:51:24Z,78.0,Sense
2025-08-11T13:51:29Z,79.0,Sense
2025-08-11T13:51:39Z,80.0,Sense
2025-08-11T13:51:54Z,79.0,Sense
2025-08-11T13:52:09Z,80.0,Sense
2025-08-11T13:52:19Z,78.0,Sense
2025-08-11T13:52:24Z,77.0,Sense
2025-08-11T13:52:29Z,76.0,Sense
2025-08-11T13:52:39Z,77.0,Sense
2025-08-11T13:52:44Z,78.0,Sense
2025-08-11T13:52:54Z,77.0,Sense
2025-08-11T13:52:59Z,76.0,Sense
2025-08-11T13:53:04Z,78.0,Sense
2025-08-11T13:53:09Z,79.0,Sense
2025-08-11T13:53:24Z,78.0,Sense
2025-08-11T13:53:39Z,77.0,Sense
2025-08-11T13:53:49Z,78.0,Sense
2025-08-11T13:53:54Z,77.0,Sense
2025-08-11T13:53:59Z,78.0,Sense
2025-08-11T13:54:04Z,79.0,Sense
2025-08-11T13:54:09Z,78.0,Sense
2025-08-11T13:54:24Z,79.0,Sense
2025-08-11T13:54:29Z,78.0,Sense
2025-08-11T13:54:34Z,79.0,Sense
2025-08-11T13:54:39Z,81.0,Sense
2025-08-11T13:54:44Z,82.0,Sense
2025-08-11T13:54:49Z,84.0,Sense
2025-08-11T13:54:59Z,84.0,Sense
2025-08-11T13:55:14Z,82.0,Sense
2025-08-11T13:55:19Z,81.0,Sense
2025-08-11T13:55:24Z,82.0,Sense
2025-08-11T13:55:39Z,81.0,Sense
2025-08-11T13:55:54Z,81.0,Sense
2025-08-11T13:56:09Z,81.0,Sense
2025-08-11T13:56:14Z,80.0,Sense
2025-08-11T13:56:24Z,81.0,Sense
2025-08-11T13:56:34Z,83.0,Sense
2025-08-11T13:56:49Z,82.0,Sense
2025-08-11T13:56:54Z,82.0,Sense
2025-08-11T13:56:59Z,81.0,Sense
2025-08-11T13:57:09Z,82.0,Sense
2025-08-11T13:57:19Z,83.0,Sense
2025-08-11T13:57:24Z,82.0,Sense
2025-08-11T13:57:34Z,83.0,Sense
2025-08-11T13:57:39Z,83.0,Sense
2025-08-11T13:57:49Z,84.0,Sense
2025-08-11T13:57:54Z,82.0,Sense
2025-08-11T13:58:09Z,82.0,Sense
2025-08-11T13:58:14Z,81.0,Sense
2025-08-11T13:58:24Z,80.0,Sense
2025-08-11T13:58:34Z,79.0,Sense
2025-08-11T13:58:39Z,77.0,Sense
2025-08-11T13:58:44Z,77.0,Sense
2025-08-11T13:58:59Z,76.0,Sense
2025-08-11T13:59:09Z,75.0,Sense
2025-08-11T13:59:14Z,76.0,Sense
2025-08-11T13:59:29Z,76.0,Sense
2025-08-11T13:59:34Z,77.0,Sense
2025-08-11T13:59:39Z,78.0,Sense
2025-08-11T13:59:49Z,79.0,Sense
2025-08-11T14:00:04Z,78.0,Sense
2025-08-11T14:00:09Z,77.0,Sense
2025-08-11T14:00:19Z,78.0,Sense
2025-08-11T14:00:24Z,77.0,Sense
2025-08-11T14:00:34Z,78.0,Sense
2025-08-11T14:00:49Z,78.0,Sense
2025-08-11T14:00:59Z,79.0,Sense
2025-08-11T14:01:04Z,78.0,Sense
2025-08-11T14:01:09Z,79.0,Sense
2025-08-11T14:01:14Z,79.0,Sense
2025-08-11T14:01:24Z,80.0,Sense
2025-08-11T14:01:29Z,81.0,Sense
2025-08-11T14:01:34Z,82.0,Sense
2025-08-11T14:01:39Z,81.0,Sense
2025-08-11T14:01:54Z,83.0,Sense
2025-08-11T14:01:59Z,82.0,Sense
2025-08-11T14:02:04Z,81.0,Sense
2025-08-11T14:02:14Z,80.0,Sense
2025-08-11T14:02:19Z,76.0,Sense
2025-08-11T14:02:24Z,76.0,Sense
2025-08-11T14:02:39Z,77.0,Sense
2025-08-11T14:02:44Z,78.0,Sense
2025-08-11T14:02:49Z,78.0,Sense
2025-08-11T14:03:04Z,77.0,Sense
2025-08-11T14:03:09Z,76.0,Sense
2025-08-11T14:03:19Z,75.0,Sense
2025-08-11T14:03:24Z,73.0,Sense
2025-08-11T14:03:39Z,73.0,Sense
2025-08-11T14:03:44Z,74.0,Sense
2025-08-11T14:03:49Z,74.0,Sense
2025-08-11T14:03:54Z,75.0,Sense
2025-08-11T14:03:59Z,76.0,Sense
2025-08-11T14:04:04Z,77.0,Sense
2025-08-11T14:04:19Z,77.0,Sense
2025-08-11T14:04:24Z,76.0,Sense
2025-08-11T14:04:29Z,76.0,Sense
2025-08-11T14:04:39Z,77.0,Sense
2025-08-11T14:04:44Z,77.0,Sense
2025-08-11T14:04:49Z,76.0,Sense
2025-08-11T14:04:59Z,75.0,Sense
2025-08-11T14:05:09Z,76.0,Sense
2025-08-11T14:05:19Z,75.0,Sense
2025-08-11T14:05:34Z,74.0,Sense
2025-08-11T14:05:39Z,76.0,Sense
2025-08-11T14:05:44Z,81.0,Sense
2025-08-11T14:05:59Z,82.0,Sense
2025-08-11T14:06:04Z,81.0,Sense
2025-08-11T14:06:09Z,81.0,Sense
2025-08-11T14:06:19Z,80.0,Sense
2025-08-11T14:06:24Z,81.0,Sense
2025-08-11T14:06:29Z,80.0,Sense
2025-08-11T14:06:39Z,81.0,Sense
2025-08-11T14:06:49Z,80.0,Sense
2025-08-11T14:06:54Z,81.0,Sense
2025-08-11T14:07:04Z,82.0,Sense
2025-08-11T14:07:14Z,81.0,Sense
2025-08-11T14:07:29Z,82.0,Sense
2025-08-11T14:07:34Z,82.0,Sense
2025-08-11T14:07:49Z,82.0,Sense
2025-08-11T14:08:04Z,83.0,Sense
2025-08-11T14:08:19Z,83.0,Sense
2025-08-11T14:08:34Z,83.0,Sense
2025-08-11T14:08:49Z,82.0,Sense
2025-08-11T14:08:54Z,82.0,Sense
2025-08-11T14:09:09Z,80.0,Sense
2025-08-11T14:09:14Z,81.0,Sense
2025-08-11T14:09:19Z,80.0,Sense
2025-08-11T14:09:29Z,81.0,Sense
2025-08-11T14:09:34Z,82.0,Sense
2025-08-11T14:09:39Z,82.0,Sense
2025-08-11T14:09:44Z,80.0,Sense
2025-08-11T14:09:59Z,79.0,Sense
2025-08-11T14:10:04Z,78.0,Sense
2025-08-11T14:10:09Z,77.0,Sense
2025-08-11T14:10:19Z,78.0,Sense
2025-08-11T14:10:24Z,77.0,Sense
2025-08-11T14:10:29Z,78.0,Sense
2025-08-11T14:10:44Z,78.0,Sense
2025-08-11T14:10:59Z,78.0,Sense
2025-08-11T14:11:09Z,79.0,Sense
2025-08-11T14:11:14Z,78.0,Sense
2025-08-11T14:11:29Z,78.0,Sense
2025-08-11T14:11:34Z,79.0,Sense
2025-08-11T14:11:39Z,80.0,Sense
2025-08-11T14:11:54Z,79.0,Sense
2025-08-11T14:11:59Z,78.0,Sense
2025-08-11T14:12:09Z,79.0,Sense
2025-08-11T14:12:19Z,80.0,Sense
2025-08-11T14:12:29Z,81.0,Sense
2025-08-11T14:12:34Z,82.0,Sense
2025-08-11T14:12:39Z,81.0,Sense
2025-08-11T14:12:44Z,78.0,Sense
2025-08-11T14:12:54Z,77.0,Sense
2025-08-11T14:12:59Z,78.0,Sense
2025-08-11T14:13:09Z,79.0,Sense
2025-08-11T14:13:14Z,80.0,Sense
2025-08-11T14:13:24Z,79.0,Sense
2025-08-11T14:13:34Z,78.0,Sense
2025-08-11T14:13:49Z,78.0,Sense
2025-08-11T14:14:04Z,78.0,Sense
2025-08-11T14:14:09Z,77.0,Sense
2025-08-11T14:14:19Z,78.0,Sense
2025-08-11T14:14:34Z,78.0,Sense
2025-08-11T14:14:49Z,79.0,Sense
2025-08-11T14:14:54Z,80.0,Sense
2025-08-11T14:15:04Z,78.0,Sense
2025-08-11T14:15:19Z,78.0,Sense
2025-08-11T14:15:24Z,86.0,Sense
2025-08-11T14:15:29Z,87.0,Sense
2025-08-11T14:15:44Z,86.0,Sense
2025-08-11T14:15:49Z,86.0,Sense
2025-08-11T14:15:54Z,85.0,Sense
2025-08-11T14:16:04Z,84.0,Sense
2025-08-11T14:16:09Z,83.0,Sense
2025-08-11T14:16:14Z,82.0,Sense
2025-08-11T14:16:24Z,79.0,Sense
2025-08-11T14:16:29Z,78.0,Sense
2025-08-11T14:16:44Z,78.0,Sense
2025-08-11T14:16:54Z,77.0,Sense
2025-08-11T14:17:04Z,78.0,Sense
2025-08-11T14:17:09Z,79.0,Sense
2025-08-11T14:17:24Z,79.0,Sense
2025-08-11T14:17:34Z,83.0,Sense
2025-08-11T14:17:39Z,85.0,Sense
2025-08-11T14:17:49Z,84.0,Sense
2025-08-11T14:17:54Z,82.0,Sense
2025-08-11T14:17:59Z,82.0,Sense
2025-08-11T14:18:09Z,81.0,Sense
2025-08-11T14:18:14Z,80.0,Sense
2025-08-11T14:18:19Z,78.0,Sense
2025-08-11T14:18:24Z,77.0,Sense
2025-08-11T14:18:29Z,76.0,Sense
2025-08-11T14:18:34Z,75.0,Sense
2025-08-11T14:18:39Z,76.0,Sense
2025-08-11T14:18:54Z,76.0,Sense
2025-08-11T14:19:04Z,77.0,Sense
2025-08-11T14:19:14Z,78.0,Sense
2025-08-11T14:19:24Z,79.0,Sense
2025-08-11T14:19:39Z,79.0,Sense
2025-08-11T14:19:49Z,78.0,Sense
2025-08-11T14:19:54Z,77.0,Sense
2025-08-11T14:20:09Z,78.0,Sense
2025-08-11T14:20:19Z,77.0,Sense
2025-08-11T14:20:24Z,76.0,Sense
2025-08-11T14:20:34Z,77.0,Sense
2025-08-11T14:20:44Z,78.0,Sense
2025-08-11T14:20:49Z,79.0,Sense
2025-08-11T14:20:59Z,80.0,Sense
2025-08-11T14:21:04Z,79.0,Sense
2025-08-11T14:21:19Z,79.0,Sense
2025-08-11T14:21:34Z,76.0,Sense
2025-08-11T14:21:49Z,77.0,Sense
2025-08-11T14:22:04Z,76.0,Sense
2025-08-11T14:22:09Z,76.0,Sense
2025-08-11T14:22:14Z,75.0,Sense
2025-08-11T14:22:19Z,75.0,Sense
2025-08-11T14:22:24Z,74.0,Sense
2025-08-11T14:22:29Z,72.0,Sense
2025-08-11T14:22:44Z,73.0,Sense
2025-08-11T14:22:54Z,75.0,Sense
2025-08-11T14:23:09Z,75.0,Sense
2025-08-11T14:23:14Z,74.0,Sense
2025-08-11T14:23:29Z,75.0,Sense
2025-08-11T14:23:39Z,76.0,Sense
2025-08-11T14:23:54Z,77.0,Sense
2025-08-11T14:24:09Z,78.0,Sense
2025-08-11T14:24:14Z,79.0,Sense
2025-08-11T14:24:24Z,77.0,Sense
2025-08-11T14:24:34Z,76.0,Sense
2025-08-11T14:24:44Z,77.0,Sense
2025-08-11T14:24:49Z,78.0,Sense
2025-08-11T14:24:54Z,79.0,Sense
2025-08-11T14:24:59Z,80.0,Sense
2025-08-11T14:25:14Z,80.0,Sense
2025-08-11T14:25:19Z,81.0,Sense
2025-08-11T14:25:29Z,83.0,Sense
2025-08-11T14:25:44Z,83.0,Sense
2025-08-11T14:25:49Z,84.0,Sense
2025-08-11T14:25:59Z,83.0,Sense
2025-08-11T14:26:04Z,82.0,Sense
2025-08-11T14:26:09Z,82.0,Sense
2025-08-11T14:26:19Z,81.0,Sense
2025-08-11T14:26:29Z,80.0,Sense
2025-08-11T14:26:34Z,81.0,Sense
2025-08-11T14:26:39Z,80.0,Sense
2025-08-11T14:26:44Z,79.0,Sense
2025-08-11T14:26:49Z,78.0,Sense
2025-08-11T14:26:54Z,77.0,Sense
2025-08-11T14:27:04Z,78.0,Sense
2025-08-11T14:27:09Z,79.0,Sense
2025-08-11T14:27:14Z,80.0,Sense
2025-08-11T14:27:24Z,81.0,Sense
2025-08-11T14:27:29Z,82.0,Sense
2025-08-11T14:27:44Z,82.0,Sense
2025-08-11T14:27:49Z,81.0,Sense
2025-08-11T14:28:04Z,80.0,Sense
2025-08-11T14:28:14Z,79.0,Sense
2025-08-11T14:28:19Z,78.0,Sense
2025-08-11T14:28:34Z,80.0,Sense
2025-08-11T14:28:44Z,79.0,Sense
2025-08-11T14:28:49Z,78.0,Sense
2025-08-11T14:28:54Z,77.0,Sense
2025-08-11T14:29:04Z,77.0,Sense
2025-08-11T14:29:19Z,78.0,Sense
2025-08-11T14:29:29Z,76.0,Sense
2025-08-11T14:29:34Z,74.0,Sense
2025-08-11T14:29:49Z,75.0,Sense
2025-08-11T14:29:54Z,75.0,Sense
2025-08-11T14:30:04Z,74.0,Sense
2025-08-11T14:30:19Z,75.0,Sense
2025-08-11T14:30:24Z,76.0,Sense
2025-08-11T14:30:29Z,77.0,Sense
2025-08-11T14:30:34Z,78.0,Sense
2025-08-11T14:30:39Z,79.0,Sense
2025-08-11T14:30:49Z,80.0,Sense
2025-08-11T14:30:59Z,79.0,Sense
2025-08-11T14:31:04Z,80.0,Sense
2025-08-11T14:31:09Z,81.0,Sense
2025-08-11T14:31:14Z,80.0,Sense
2025-08-11T14:31:29Z,81.0,Sense
2025-08-11T14:31:44Z,81.0,Sense
2025-08-11T14:31:54Z,82.0,Sense
2025-08-11T14:32:04Z,81.0,Sense
2025-08-11T14:32:09Z,83.0,Sense
2025-08-11T14:32:24Z,84.0,Sense
2025-08-11T14:32:29Z,83.0,Sense
2025-08-11T14:32:44Z,82.0,Sense
2025-08-11T14:32:59Z,82.0,Sense
2025-08-11T14:33:04Z,81.0,Sense
2025-08-11T14:33:09Z,80.0,Sense
2025-08-11T14:33:14Z,79.0,Sense
2025-08-11T14:33:24Z,80.0,Sense
2025-08-11T14:33:29Z,81.0,Sense
2025-08-11T14:33:34Z,82.0,Sense
2025-08-11T14:33:39Z,82.0,Sense
2025-08-11T14:33:44Z,83.0,Sense
2025-08-11T14:33:49Z,82.0,Sense
2025-08-11T14:33:54Z,81.0,Sense
2025-08-11T14:33:59Z,80.0,Sense
2025-08-11T14:34:04Z,79.0,Sense
2025-08-11T14:34:09Z,78.0,Sense
2025-08-11T14:34:14Z,77.0,Sense
2025-08-11T14:34:19Z,76.0,Sense
2025-08-11T14:34:34Z,77.0,Sense
2025-08-11T14:34:39Z,75.0,Sense
2025-08-11T14:34:44Z,74.0,Sense
2025-08-11T14:34:49Z,75.0,Sense
2025-08-11T14:34:54Z,76.0,Sense
2025-08-11T14:35:09Z,77.0,Sense
2025-08-11T14:35:24Z,76.0,Sense
2025-08-11T14:35:34Z,77.0,Sense
2025-08-11T14:35:39Z,78.0,Sense
2025-08-11T14:35:44Z,77.0,Sense
2025-08-11T14:35:49Z,78.0,Sense
2025-08-11T14:35:54Z,78.0,Sense
2025-08-11T14:36:04Z,79.0,Sense
2025-08-11T14:36:09Z,78.0,Sense
2025-08-11T14:36:14Z,78.0,Sense
2025-08-11T14:36:29Z,78.0,Sense
2025-08-11T14:36:34Z,79.0,Sense
2025-08-11T14:36:44Z,80.0,Sense
2025-08-11T14:36:49Z,80.0,Sense
2025-08-11T14:36:54Z,75.0,Sense
2025-08-11T14:36:59Z,70.0,Sense
2025-08-11T14:37:09Z,71.0,Sense
2025-08-11T14:37:14Z,73.0,Sense
2025-08-11T14:37:19Z,74.0,Sense
2025-08-11T14:37:24Z,76.0,Sense
2025-08-11T14:37:29Z,78.0,Sense
2025-08-11T14:37:34Z,77.0,Sense
2025-08-11T14:37:39Z,75.0,Sense
2025-08-11T14:37:49Z,74.0,Sense
2025-08-11T14:37:54Z,74.0,Sense
2025-08-11T14:37:59Z,74.0,Sense
2025-08-11T14:38:14Z,74.0,Sense
2025-08-11T14:38:29Z,75.0,Sense
2025-08-11T14:38:39Z,76.0,Sense
2025-08-11T14:38:54Z,76.0,Sense
2025-08-11T14:39:09Z,77.0,Sense
2025-08-11T14:39:14Z,78.0,Sense
2025-08-11T14:39:24Z,79.0,Sense
2025-08-11T14:39:34Z,78.0,Sense
2025-08-11T14:39:44Z,79.0,Sense
2025-08-11T14:39:49Z,77.0,Sense
2025-08-11T14:40:04Z,78.0,Sense
2025-08-11T14:40:09Z,79.0,Sense
2025-08-11T14:40:14Z,78.0,Sense
2025-08-11T14:40:29Z,80.0,Sense
2025-08-11T14:40:34Z,80.0,Sense
2025-08-11T14:40:39Z,81.0,Sense
2025-08-11T14:40:44Z,82.0,Sense
2025-08-11T14:40:49Z,83.0,Sense
2025-08-11T14:40:54Z,82.0,Sense
2025-08-11T14:40:59Z,80.0,Sense
2025-08-11T14:41:09Z,79.0,Sense
2025-08-11T14:41:14Z,78.0,Sense
2025-08-11T14:41:29Z,78.0,Sense
2025-08-11T14:41:34Z,79.0,Sense
2025-08-11T14:41:49Z,80.0,Sense
2025-08-11T14:41:54Z,79.0,Sense
2025-08-11T14:42:04Z,80.0,Sense
2025-08-11T14:42:09Z,81.0,Sense
2025-08-11T14:42:14Z,80.0,Sense
2025-08-11T14:42:19Z,79.0,Sense
2025-08-11T14:42:24Z,81.0,Sense
2025-08-11T14:42:39Z,81.0,Sense
2025-08-11T14:42:54Z,80.0,Sense
2025-08-11T14:42:59Z,79.0,Sense
2025-08-11T14:43:04Z,80.0,Sense
2025-08-11T14:43:09Z,81.0,Sense
2025-08-11T14:43:14Z,80.0,Sense
2025-08-11T14:43:19Z,81.0,Sense
2025-08-11T14:43:24Z,77.0,Sense
2025-08-11T14:43:29Z,73.0,Sense
2025-08-11T14:43:39Z,74.0,Sense
2025-08-11T14:43:44Z,74.0,Sense
2025-08-11T14:43:49Z,74.0,Sense
2025-08-11T14:44:04Z,75.0,Sense
2025-08-11T14:44:19Z,74.0,Sense
2025-08-11T14:44:24Z,75.0,Sense
2025-08-11T14:44:29Z,78.0,Sense
2025-08-11T14:44:34Z,79.0,Sense
2025-08-11T14:44:44Z,80.0,Sense
2025-08-11T14:44:49Z,81.0,Sense
2025-08-11T14:44:54Z,82.0,Sense
2025-08-11T14:45:04Z,81.0,Sense
2025-08-11T14:45:09Z,79.0,Sense
2025-08-11T14:45:14Z,78.0,Sense
2025-08-11T14:45:19Z,79.0,Sense
2025-08-11T14:45:24Z,80.0,Sense
2025-08-11T14:45:39Z,80.0,Sense
2025-08-11T14:45:44Z,81.0,Sense
2025-08-11T14:45:49Z,82.0,Sense
2025-08-11T14:46:04Z,82.0,Sense
2025-08-11T14:46:09Z,81.0,Sense
2025-08-11T14:46:14Z,80.0,Sense
2025-08-11T14:46:24Z,81.0,Sense
2025-08-11T14:46:34Z,80.0,Sense
2025-08-11T14:46:49Z,79.0,Sense
2025-08-11T14:46:54Z,77.0,Sense
2025-08-11T14:46:59Z,78.0,Sense
2025-08-11T14:47:04Z,77.0,Sense
2025-08-11T14:47:09Z,77.0,Sense
2025-08-11T14:47:14Z,78.0,Sense
2025-08-11T14:47:19Z,79.0,Sense
2025-08-11T14:47:29Z,80.0,Sense
2025-08-11T14:47:44Z,81.0,Sense
2025-08-11T14:47:54Z,82.0,Sense
2025-08-11T14:47:59Z,81.0,Sense
2025-08-11T14:48:14Z,80.0,Sense
2025-08-11T14:48:19Z,79.0,Sense
2025-08-11T14:48:24Z,78.0,Sense
2025-08-11T14:48:39Z,78.0,Sense
2025-08-11T14:48:44Z,79.0,Sense
2025-08-11T14:48:49Z,80.0,Sense
2025-08-11T14:48:54Z,79.0,Sense
2025-08-11T14:49:09Z,80.0,Sense
2025-08-11T14:49:14Z,79.0,Sense
2025-08-11T14:49:19Z,78.0,Sense
2025-08-11T14:49:34Z,79.0,Sense
2025-08-11T14:49:49Z,78.0,Sense
2025-08-11T14:49:59Z,79.0,Sense
2025-08-11T14:50:04Z,78.0,Sense
2025-08-11T14:50:19Z,78.0,Sense
2025-08-11T14:50:34Z,77.0,Sense
2025-08-11T14:50:44Z,76.0,Sense
2025-08-11T14:50:59Z,76.0,Sense
2025-08-11T14:51:04Z,75.0,Sense
2025-08-11T14:51:14Z,79.0,Sense
2025-08-11T14:51:19Z,79.0,Sense
2025-08-11T14:51:24Z,78.0,Sense
2025-08-11T14:51:29Z,76.0,Sense
2025-08-11T14:51:39Z,77.0,Sense
2025-08-11T14:51:44Z,76.0,Sense
2025-08-11T14:51:54Z,77.0,Sense
2025-08-11T14:51:59Z,78.0,Sense
2025-08-11T14:52:14Z,79.0,Sense
2025-08-11T14:52:29Z,79.0,Sense
2025-08-11T14:52:34Z,78.0,Sense
2025-08-11T14:52:44Z,80.0,Sense
2025-08-11T14:52:54Z,79.0,Sense
2025-08-11T14:53:09Z,79.0,Sense
2025-08-11T14:53:14Z,80.0,Sense
2025-08-11T14:53:24Z,82.0,Sense
2025-08-11T14:53:29Z,86.0,Sense
2025-08-11T14:53:44Z,86.0,Sense
2025-08-11T14:53:59Z,86.0,Sense
2025-08-11T14:54:09Z,85.0,Sense
2025-08-11T14:54:14Z,84.0,Sense
2025-08-11T14:54:24Z,83.0,Sense
2025-08-11T14:54:29Z,82.0,Sense
2025-08-11T14:54:39Z,80.0,Sense
2025-08-11T14:54:44Z,79.0,Sense
2025-08-11T14:54:49Z,80.0,Sense
2025-08-11T14:55:04Z,81.0,Sense
2025-08-11T14:55:09Z,80.0,Sense
2025-08-11T14:55:14Z,80.0,Sense
2025-08-11T14:55:19Z,81.0,Sense
2025-08-11T14:55:29Z,82.0,Sense
2025-08-11T14:55:34Z,81.0,Sense
2025-08-11T14:55:39Z,80.0,Sense
2025-08-11T14:55:44Z,79.0,Sense
2025-08-11T14:55:49Z,78.0,Sense
2025-08-11T14:55:54Z,77.0,Sense
2025-08-11T14:56:09Z,76.0,Sense
2025-08-11T14:56:14Z,75.0,Sense
2025-08-11T14:56:24Z,79.0,Sense
2025-08-11T14:56:29Z,81.0,Sense
2025-08-11T14:56:44Z,81.0,Sense
2025-08-11T14:56:54Z,81.0,Sense
2025-08-11T14:56:59Z,80.0,Sense
2025-08-11T14:57:04Z,79.0,Sense
2025-08-11T14:57:14Z,80.0,Sense
2025-08-11T14:57:19Z,81.0,Sense
2025-08-11T14:57:24Z,80.0,Sense
2025-08-11T14:57:29Z,79.0,Sense
2025-08-11T14:57:34Z,78.0,Sense
2025-08-11T14:57:49Z,78.0,Sense
2025-08-11T14:57:54Z,79.0,Sense
2025-08-11T14:57:59Z,80.0,Sense
2025-08-11T14:58:14Z,79.0,Sense
2025-08-11T14:58:19Z,80.0,Sense
2025-08-11T14:58:24Z,81.0,Sense
2025-08-11T14:58:29Z,81.0,Sense
2025-08-11T14:58:39Z,80.0,Sense
2025-08-11T14:58:49Z,79.0,Sense
2025-08-11T14:58:59Z,78.0,Sense
2025-08-11T14:59:04Z,77.0,Sense
2025-08-11T14:59:19Z,77.0,Sense
2025-08-11T14:59:34Z,76.0,Sense
2025-08-11T14:59:44Z,76.0,Sense
2025-08-11T14:59:49Z,76.0,Sense
2025-08-11T15:00:04Z,77.0,Sense
2025-08-11T15:00:09Z,78.0,Sense
2025-08-11T15:00:14Z,79.0,Sense
2025-08-11T15:00:29Z,79.0,Sense
2025-08-11T15:00:44Z,88.0,Sense
2025-08-11T15:00:49Z,91.0,Sense
2025-08-11T15:00:54Z,89.0,Sense
2025-08-11T15:00:59Z,88.0,Sense
2025-08-11T15:01:04Z,88.0,Sense
2025-08-11T15:01:09Z,81.0,Sense
2025-08-11T15:01:24Z,81.0,Sense
2025-08-11T15:01:39Z,81.0,Sense
2025-08-11T15:01:44Z,80.0,Sense
2025-08-11T15:01:49Z,79.0,Sense
2025-08-11T15:01:54Z,78.0,Sense
2025-08-11T15:02:09Z,78.0,Sense
2025-08-11T15:02:14Z,77.0,Sense
2025-08-11T15:02:19Z,77.0,Sense
2025-08-11T15:02:29Z,78.0,Sense
2025-08-11T15:02:39Z,79.0,Sense
2025-08-11T15:02:44Z,78.0,Sense
2025-08-11T15:02:59Z,77.0,Sense
2025-08-11T15:03:04Z,78.0,Sense
2025-08-11T15:03:19Z,79.0,Sense
2025-08-11T15:03:24Z,81.0,Sense
2025-08-11T15:03:29Z,87.0,Sense
2025-08-11T15:03:39Z,86.0,Sense
2025-08-11T15:03:44Z,87.0,Sense
2025-08-11T15:03:49Z,86.0,Sense
2025-08-11T15:03:54Z,77.0,Sense
2025-08-11T15:03:59Z,75.0,Sense
2025-08-11T15:04:09Z,76.0,Sense
2025-08-11T15:04:14Z,77.0,Sense
2025-08-11T15:04:19Z,77.0,Sense
2025-08-11T15:04:34Z,75.0,Sense
2025-08-11T15:04:44Z,76.0,Sense
2025-08-11T15:04:49Z,77.0,Sense
2025-08-11T15:04:59Z,76.0,Sense
2025-08-11T15:05:14Z,87.0,Sense
2025-08-11T15:05:19Z,88.0,Sense
2025-08-11T15:05:24Z,87.0,Sense
2025-08-11T15:05:34Z,86.0,Sense
2025-08-11T15:05:39Z,86.0,Sense
2025-08-11T15:05:54Z,86.0,Sense
2025-08-11T15:06:04Z,84.0,Sense
2025-08-11T15:06:14Z,82.0,Sense
2025-08-11T15:06:19Z,81.0,Sense
2025-08-11T15:06:29Z,82.0,Sense
2025-08-11T15:06:34Z,80.0,Sense
2025-08-11T15:06:39Z,78.0,Sense
2025-08-11T15:06:44Z,77.0,Sense
2025-08-11T15:06:59Z,79.0,Sense
2025-08-11T15:07:04Z,80.0,Sense
2025-08-11T15:07:19Z,80.0,Sense
2025-08-11T15:07:34Z,79.0,Sense
2025-08-11T15:07:39Z,77.0,Sense
2025-08-11T15:07:49Z,76.0,Sense
2025-08-11T15:08:04Z,76.0,Sense
2025-08-11T15:08:19Z,76.0,Sense
2025-08-11T15:08:24Z,75.0,Sense
2025-08-11T15:08:34Z,74.0,Sense
2025-08-11T15:08:44Z,75.0,Sense
2025-08-11T15:08:49Z,76.0,Sense
2025-08-11T15:09:04Z,77.0,Sense
2025-08-11T15:09:09Z,76.0,Sense
2025-08-11T15:09:19Z,77.0,Sense
2025-08-11T15:09:24Z,77.0,Sense
2025-08-11T15:09:34Z,78.0,Sense
2025-08-11T15:09:44Z,77.0,Sense
2025-08-11T15:09:49Z,77.0,Sense
2025-08-11T15:09:54Z,78.0,Sense
2025-08-11T15:10:04Z,79.0,Sense
2025-08-11T15:10:09Z,82.0,Sense
2025-08-11T15:10:24Z,82.0,Sense
2025-08-11T15:10:34Z,81.0,Sense
2025-08-11T15:10:49Z,81.0,Sense
2025-08-11T15:10:54Z,82.0,Sense
2025-08-11T15:10:59Z,83.0,Sense
2025-08-11T15:11:09Z,84.0,Sense
2025-08-11T15:11:24Z,85.0,Sense
2025-08-11T15:11:39Z,85.0,Sense
2025-08-11T15:11:44Z,85.0,Sense
2025-08-11T15:11:49Z,84.0,Sense
2025-08-11T15:11:59Z,83.0,Sense
2025-08-11T15:12:14Z,83.0,Sense
2025-08-11T15:12:29Z,84.0,Sense
2025-08-11T15:12:44Z,84.0,Sense
2025-08-11T15:12:54Z,84.0,Sense
2025-08-11T15:13:09Z,84.0,Sense
2025-08-11T15:13:14Z,82.0,Sense
2025-08-11T15:13:19Z,81.0,Sense
2025-08-11T15:13:34Z,82.0,Sense
2025-08-11T15:13:39Z,82.0,Sense
2025-08-11T15:13:44Z,81.0,Sense
2025-08-11T15:13:49Z,79.0,Sense
2025-08-11T15:14:04Z,80.0,Sense
2025-08-11T15:14:09Z,79.0,Sense
2025-08-11T15:14:14Z,80.0,Sense
2025-08-11T15:14:24Z,79.0,Sense
2025-08-11T15:14:39Z,79.0,Sense
2025-08-11T15:14:44Z,80.0,Sense
2025-08-11T15:14:59Z,80.0,Sense
2025-08-11T15:15:04Z,79.0,Sense
2025-08-11T15:15:14Z,78.0,Sense
2025-08-11T15:15:19Z,79.0,Sense
2025-08-11T15:15:34Z,79.0,Sense
2025-08-11T15:15:39Z,78.0,Sense
2025-08-11T15:15:54Z,79.0,Sense
2025-08-11T15:16:04Z,80.0,Sense
2025-08-11T15:16:09Z,81.0,Sense
2025-08-11T15:16:19Z,81.0,Sense
2025-08-11T15:16:24Z,79.0,Sense
2025-08-11T15:16:34Z,78.0,Sense
2025-08-11T15:16:39Z,77.0,Sense
2025-08-11T15:16:44Z,76.0,Sense
2025-08-11T15:16:54Z,75.0,Sense
2025-08-11T15:16:59Z,75.0,Sense
2025-08-11T15:17:04Z,76.0,Sense
2025-08-11T15:17:09Z,75.0,Sense
2025-08-11T15:17:24Z,76.0,Sense
2025-08-11T15:17:29Z,78.0,Sense
2025-08-11T15:17:34Z,78.0,Sense
2025-08-11T15:17:44Z,71.0,Sense
2025-08-11T15:17:49Z,71.0,Sense
2025-08-11T15:17:54Z,72.0,Sense
2025-08-11T15:17:59Z,73.0,Sense
2025-08-11T15:18:04Z,74.0,Sense
2025-08-11T15:18:09Z,75.0,Sense
2025-08-11T15:18:19Z,76.0,Sense
2025-08-11T15:18:29Z,77.0,Sense
2025-08-11T15:18:34Z,76.0,Sense
2025-08-11T15:18:49Z,76.0,Sense
2025-08-11T15:18:54Z,77.0,Sense
2025-08-11T15:18:59Z,78.0,Sense
2025-08-11T15:19:09Z,79.0,Sense
2025-08-11T15:19:14Z,77.0,Sense
2025-08-11T15:19:19Z,78.0,Sense
2025-08-11T15:19:34Z,77.0,Sense
2025-08-11T15:19:39Z,76.0,Sense
2025-08-11T15:19:44Z,77.0,Sense
2025-08-11T15:19:54Z,79.0,Sense
2025-08-11T15:19:59Z,80.0,Sense
2025-08-11T15:20:04Z,81.0,Sense
2025-08-11T15:20:09Z,82.0,Sense
2025-08-11T15:20:14Z,83.0,Sense
2025-08-11T15:20:19Z,82.0,Sense
2025-08-11T15:20:34Z,82.0,Sense
2025-08-11T15:20:39Z,83.0,Sense
2025-08-11T15:20:44Z,82.0,Sense
2025-08-11T15:20:59Z,82.0,Sense
2025-08-11T15:21:04Z,81.0,Sense
2025-08-11T15:21:19Z,80.0,Sense
2025-08-11T15:21:34Z,79.0,Sense
2025-08-11T15:21:39Z,77.0,Sense
2025-08-11T15:21:54Z,78.0,Sense
2025-08-11T15:22:09Z,78.0,Sense
2025-08-11T15:22:24Z,78.0,Sense
2025-08-11T15:22:34Z,79.0,Sense
2025-08-11T15:22:39Z,80.0,Sense
2025-08-11T15:22:49Z,81.0,Sense
2025-08-11T15:22:54Z,82.0,Sense
2025-08-11T15:23:04Z,83.0,Sense
2025-08-11T15:23:14Z,84.0,Sense
2025-08-11T15:23:24Z,82.0,Sense
2025-08-11T15:23:29Z,81.0,Sense
2025-08-11T15:23:34Z,80.0,Sense
2025-08-11T15:23:44Z,79.0,Sense
2025-08-11T15:23:54Z,80.0,Sense
2025-08-11T15:23:59Z,75.0,Sense
2025-08-11T15:24:04Z,74.0,Sense
2025-08-11T15:24:09Z,75.0,Sense
2025-08-11T15:24:19Z,74.0,Sense
2025-08-11T15:24:24Z,73.0,Sense
2025-08-11T15:24:34Z,73.0,Sense
2025-08-11T15:24:44Z,74.0,Sense
2025-08-11T15:24:49Z,75.0,Sense
2025-08-11T15:24:54Z,74.0,Sense
2025-08-11T15:24:59Z,75.0,Sense
2025-08-11T15:25:14Z,76.0,Sense
2025-08-11T15:25:24Z,75.0,Sense
2025-08-11T15:25:39Z,75.0,Sense
2025-08-11T15:25:44Z,76.0,Sense
2025-08-11T15:25:54Z,78.0,Sense
2025-08-11T15:25:59Z,79.0,Sense
2025-08-11T15:26:14Z,80.0,Sense
2025-08-11T15:26:19Z,81.0,Sense
2025-08-11T15:26:24Z,80.0,Sense
2025-08-11T15:26:34Z,79.0,Sense
2025-08-11T15:26:39Z,80.0,Sense
2025-08-11T15:26:44Z,81.0,Sense
2025-08-11T15:26:49Z,80.0,Sense
2025-08-11T15:26:54Z,78.0,Sense
2025-08-11T15:26:59Z,79.0,Sense
2025-08-11T15:27:14Z,80.0,Sense
2025-08-11T15:27:24Z,81.0,Sense
2025-08-11T15:27:34Z,83.0,Sense
2025-08-11T15:27:49Z,82.0,Sense
2025-08-11T15:27:59Z,81.0,Sense
2025-08-11T15:28:09Z,80.0,Sense
2025-08-11T15:28:14Z,72.0,Sense
2025-08-11T15:28:19Z,70.0,Sense
2025-08-11T15:28:29Z,71.0,Sense
2025-08-11T15:28:39Z,72.0,Sense
2025-08-11T15:28:44Z,73.0,Sense
2025-08-11T15:28:49Z,74.0,Sense
2025-08-11T15:28:54Z,73.0,Sense
2025-08-11T15:29:04Z,74.0,Sense
2025-08-11T15:29:19Z,74.0,Sense
2025-08-11T15:29:24Z,77.0,Sense
2025-08-11T15:29:29Z,78.0,Sense
2025-08-11T15:29:44Z,78.0,Sense
2025-08-11T15:29:49Z,77.0,Sense
2025-08-11T15:29:59Z,78.0,Sense
2025-08-11T15:30:14Z,78.0,Sense
2025-08-11T15:30:29Z,78.0,Sense
2025-08-11T15:30:34Z,74.0,Sense
2025-08-11T15:30:39Z,74.0,Sense
2025-08-11T15:30:49Z,75.0,Sense
2025-08-11T15:30:54Z,73.0,Sense
2025-08-11T15:30:59Z,74.0,Sense
2025-08-11T15:31:04Z,73.0,Sense
2025-08-11T15:31:14Z,74.0,Sense
2025-08-11T15:31:19Z,73.0,Sense
2025-08-11T15:31:24Z,74.0,Sense
2025-08-11T15:31:29Z,74.0,Sense
2025-08-11T15:31:34Z,75.0,Sense
2025-08-11T15:31:39Z,74.0,Sense
2025-08-11T15:31:44Z,75.0,Sense
2025-08-11T15:31:54Z,74.0,Sense
2025-08-11T15:32:04Z,75.0,Sense
2025-08-11T15:32:09Z,76.0,Sense
2025-08-11T15:32:14Z,78.0,Sense
2025-08-11T15:32:29Z,78.0,Sense
2025-08-11T15:32:34Z,78.0,Sense
2025-08-11T15:32:39Z,77.0,Sense
2025-08-11T15:32:54Z,77.0,Sense
2025-08-11T15:32:59Z,76.0,Sense
2025-08-11T15:33:04Z,75.0,Sense
2025-08-11T15:33:14Z,76.0,Sense
2025-08-11T15:33:19Z,75.0,Sense
2025-08-11T15:33:29Z,76.0,Sense
2025-08-11T15:33:39Z,77.0,Sense
2025-08-11T15:33:49Z,78.0,Sense
2025-08-11T15:33:54Z,79.0,Sense
2025-08-11T15:33:59Z,78.0,Sense
2025-08-11T15:34:14Z,79.0,Sense
2025-08-11T15:34:19Z,80.0,Sense
2025-08-11T15:34:29Z,79.0,Sense
2025-08-11T15:34:39Z,80.0,Sense
2025-08-11T15:34:54Z,81.0,Sense
2025-08-11T15:34:59Z,82.0,Sense
2025-08-11T15:35:09Z,81.0,Sense
2025-08-11T15:35:19Z,82.0,Sense
2025-08-11T15:35:29Z,81.0,Sense
2025-08-11T15:35:44Z,81.0,Sense
2025-08-11T15:35:54Z,80.0,Sense
2025-08-11T15:35:59Z,79.0,Sense
2025-08-11T15:36:04Z,78.0,Sense
2025-08-11T15:36:09Z,79.0,Sense
2025-08-11T15:36:19Z,80.0,Sense
2025-08-11T15:36:34Z,80.0,Sense
2025-08-11T15:36:49Z,80.0,Sense
2025-08-11T15:37:04Z,80.0,Sense
2025-08-11T15:37:19Z,82.0,Sense
2025-08-11T15:37:29Z,83.0,Sense
2025-08-11T15:37:34Z,82.0,Sense
2025-08-11T15:37:39Z,84.0,Sense
2025-08-11T15:37:44Z,85.0,Sense
2025-08-11T15:37:49Z,87.0,Sense
2025-08-11T15:37:59Z,88.0,Sense
2025-08-11T15:38:09Z,87.0,Sense
2025-08-11T15:38:19Z,87.0,Sense
2025-08-11T15:38:29Z,86.0,Sense
2025-08-11T15:38:39Z,84.0,Sense
2025-08-11T15:38:44Z,83.0,Sense
2025-08-11T15:38:54Z,82.0,Sense
2025-08-11T15:39:04Z,81.0,Sense
2025-08-11T15:39:09Z,80.0,Sense
2025-08-11T15:39:24Z,80.0,Sense
2025-08-11T15:39:29Z,79.0,Sense
2025-08-11T15:39:44Z,78.0,Sense
2025-08-11T15:39:54Z,80.0,Sense
2025-08-11T15:40:04Z,81.0,Sense
2025-08-11T15:40:14Z,80.0,Sense
2025-08-11T15:40:24Z,79.0,Sense
2025-08-11T15:40:29Z,79.0,Sense
2025-08-11T15:40:44Z,80.0,Sense
2025-08-11T15:40:54Z,81.0,Sense
2025-08-11T15:41:09Z,82.0,Sense
2025-08-11T15:41:14Z,81.0,Sense
2025-08-11T15:41:24Z,80.0,Sense
2025-08-11T15:41:39Z,80.0,Sense
2025-08-11T15:41:54Z,81.0,Sense
2025-08-11T15:42:04Z,80.0,Sense
2025-08-11T15:42:19Z,81.0,Sense
2025-08-11T15:42:29Z,82.0,Sense
2025-08-11T15:42:34Z,83.0,Sense
2025-08-11T15:42:49Z,83.0,Sense
2025-08-11T15:42:54Z,82.0,Sense
2025-08-11T15:43:09Z,82.0,Sense
2025-08-11T15:43:14Z,83.0,Sense
2025-08-11T15:43:19Z,77.0,Sense
2025-08-11T15:43:24Z,73.0,Sense
2025-08-11T15:43:39Z,73.0,Sense
2025-08-11T15:43:54Z,73.0,Sense
2025-08-11T15:43:59Z,73.0,Sense
2025-08-11T15:44:04Z,75.0,Sense
2025-08-11T15:44:09Z,78.0,Sense
2025-08-11T15:44:19Z,77.0,Sense
2025-08-11T15:44:29Z,76.0,Sense
2025-08-11T15:44:39Z,75.0,Sense
2025-08-11T15:44:54Z,75.0,Sense
2025-08-11T15:44:59Z,76.0,Sense
2025-08-11T15:45:14Z,76.0,Sense
2025-08-11T15:45:24Z,77.0,Sense
2025-08-11T15:45:39Z,77.0,Sense
2025-08-11T15:45:49Z,78.0,Sense
2025-08-11T15:45:59Z,77.0,Sense
2025-08-11T15:46:09Z,79.0,Sense
2025-08-11T15:46:14Z,80.0,Sense
2025-08-11T15:46:19Z,79.0,Sense
2025-08-11T15:46:24Z,80.0,Sense
2025-08-11T15:46:29Z,81.0,Sense
2025-08-11T15:46:34Z,80.0,Sense
2025-08-11T15:46:39Z,79.0,Sense
2025-08-11T15:46:49Z,80.0,Sense
2025-08-11T15:47:04Z,79.0,Sense
2025-08-11T15:47:14Z,78.0,Sense
2025-08-11T15:47:19Z,79.0,Sense
2025-08-11T15:47:24Z,81.0,Sense
2025-08-11T15:47:39Z,81.0,Sense
2025-08-11T15:47:44Z,82.0,Sense
2025-08-11T15:47:49Z,81.0,Sense
2025-08-11T15:47:54Z,80.0,Sense
2025-08-11T15:48:09Z,80.0,Sense
2025-08-11T15:48:14Z,80.0,Sense
2025-08-11T15:48:19Z,81.0,Sense
2025-08-11T15:48:24Z,81.0,Sense
2025-08-11T15:48:34Z,80.0,Sense
2025-08-11T15:48:39Z,78.0,Sense
2025-08-11T15:48:49Z,80.0,Sense
2025-08-11T15:48:59Z,81.0,Sense
2025-08-11T15:49:09Z,80.0,Sense
2025-08-11T15:49:14Z,79.0,Sense
2025-08-11T15:49:19Z,78.0,Sense
2025-08-11T15:49:34Z,79.0,Sense
2025-08-11T15:49:49Z,78.0,Sense
2025-08-11T15:49:59Z,77.0,Sense
2025-08-11T15:50:14Z,77.0,Sense
2025-08-11T15:50:19Z,78.0,Sense
2025-08-11T15:50:24Z,80.0,Sense
2025-08-11T15:50:34Z,79.0,Sense
2025-08-11T15:50:39Z,77.0,Sense
2025-08-11T15:50:49Z,76.0,Sense
2025-08-11T15:50:54Z,76.0,Sense
2025-08-11T15:51:09Z,76.0,Sense
2025-08-11T15:51:14Z,76.0,Sense
2025-08-11T15:51:19Z,75.0,Sense
2025-08-11T15:51:24Z,74.0,Sense
2025-08-11T15:51:34Z,73.0,Sense
2025-08-11T15:51:39Z,70.0,Sense
2025-08-11T15:51:44Z,69.0,Sense
2025-08-11T15:51:59Z,69.0,Sense
2025-08-11T15:52:04Z,69.0,Sense
2025-08-11T15:52:14Z,67.0,Sense
2025-08-11T15:52:19Z,64.0,Sense
2025-08-11T15:52:24Z,64.0,Sense
2025-08-11T15:52:29Z,65.0,Sense
2025-08-11T15:52:34Z,64.0,Sense
2025-08-11T15:52:44Z,67.0,Sense
2025-08-11T15:52:54Z,68.0,Sense
2025-08-11T15:53:04Z,69.0,Sense
2025-08-11T15:53:09Z,70.0,Sense
2025-08-11T15:53:19Z,71.0,Sense
2025-08-11T15:53:29Z,71.0,Sense
2025-08-11T15:53:34Z,72.0,Sense
2025-08-11T15:53:39Z,70.0,Sense
2025-08-11T15:53:44Z,69.0,Sense
2025-08-11T15:53:54Z,68.0,Sense
2025-08-11T15:53:59Z,65.0,Sense
2025-08-11T15:54:04Z,62.0,Sense
2025-08-11T15:54:19Z,62.0,Sense
2025-08-11T15:54:24Z,63.0,Sense
2025-08-11T15:54:34Z,64.0,Sense
2025-08-11T15:54:39Z,63.0,Sense
2025-08-11T15:54:54Z,63.0,Sense
2025-08-11T15:55:09Z,63.0,Sense
2025-08-11T15:55:24Z,63.0,Sense
2025-08-11T15:55:34Z,63.0,Sense
2025-08-11T15:55:49Z,66.0,Sense
2025-08-11T15:55:54Z,67.0,Sense
2025-08-11T15:55:59Z,66.0,Sense
2025-08-11T15:56:04Z,67.0,Sense
2025-08-11T15:56:09Z,68.0,Sense
2025-08-11T15:56:14Z,69.0,Sense
2025-08-11T15:56:19Z,68.0,Sense
2025-08-11T15:56:24Z,65.0,Sense
2025-08-11T15:56:34Z,66.0,Sense
2025-08-11T15:56:39Z,67.0,Sense
2025-08-11T15:56:44Z,67.0,Sense
2025-08-11T15:56:49Z,68.0,Sense
2025-08-11T15:56:54Z,69.0,Sense
2025-08-11T15:57:09Z,70.0,Sense
2025-08-11T15:57:19Z,71.0,Sense
2025-08-11T15:57:24Z,72.0,Sense
2025-08-11T15:57:34Z,73.0,Sense
2025-08-11T15:57:39Z,74.0,Sense
2025-08-11T15:57:44Z,75.0,Sense
2025-08-11T15:57:49Z,76.0,Sense
2025-08-11T15:58:04Z,75.0,Sense
2025-08-11T15:58:14Z,76.0,Sense
2025-08-11T15:58:24Z,75.0,Sense
2025-08-11T15:58:34Z,74.0,Sense
2025-08-11T15:58:44Z,76.0,Sense
2025-08-11T15:58:59Z,75.0,Sense
2025-08-11T15:59:14Z,76.0,Sense
2025-08-11T15:59:24Z,77.0,Sense
2025-08-11T15:59:29Z,78.0,Sense
2025-08-11T15:59:34Z,79.0,Sense
2025-08-11T15:59:39Z,78.0,Sense
2025-08-11T15:59:44Z,77.0,Sense
2025-08-11T15:59:54Z,78.0,Sense
2025-08-11T16:00:09Z,77.0,Sense
2025-08-11T16:00:19Z,79.0,Sense
2025-08-11T16:00:24Z,77.0,Sense
2025-08-11T16:00:29Z,76.0,Sense
2025-08-11T16:00:44Z,76.0,Sense
2025-08-11T16:00:59Z,76.0,Sense
2025-08-11T16:01:09Z,77.0,Sense
2025-08-11T16:01:24Z,77.0,Sense
2025-08-11T16:01:29Z,78.0,Sense
2025-08-11T16:01:34Z,79.0,Sense
2025-08-11T16:01:44Z,75.0,Sense
2025-08-11T16:01:49Z,73.0,Sense
2025-08-11T16:01:54Z,74.0,Sense
2025-08-11T16:02:09Z,74.0,Sense
2025-08-11T16:02:14Z,75.0,Sense
2025-08-11T16:02:24Z,76.0,Sense
2025-08-11T16:02:34Z,77.0,Sense
2025-08-11T16:02:39Z,78.0,Sense
2025-08-11T16:02:54Z,78.0,Sense
2025-08-11T16:03:09Z,78.0,Sense
2025-08-11T16:03:14Z,79.0,Sense
2025-08-11T16:03:24Z,80.0,Sense
2025-08-11T16:03:29Z,82.0,Sense
2025-08-11T16:03:34Z,83.0,Sense
2025-08-11T16:03:39Z,84.0,Sense
2025-08-11T16:03:44Z,84.0,Sense
2025-08-11T16:03:49Z,83.0,Sense
2025-08-11T16:03:54Z,82.0,Sense
2025-08-11T16:04:04Z,83.0,Sense
2025-08-11T16:04:09Z,82.0,Sense
2025-08-11T16:04:14Z,83.0,Sense
2025-08-11T16:04:24Z,82.0,Sense
2025-08-11T16:04:39Z,82.0,Sense
2025-08-11T16:04:44Z,81.0,Sense
2025-08-11T16:04:49Z,79.0,Sense
2025-08-11T16:04:54Z,78.0,Sense
2025-08-11T16:05:04Z,77.0,Sense
2025-08-11T16:05:09Z,76.0,Sense
2025-08-11T16:05:19Z,77.0,Sense
2025-08-11T16:05:34Z,78.0,Sense
2025-08-11T16:05:44Z,79.0,Sense
2025-08-11T16:05:49Z,78.0,Sense
2025-08-11T16:05:59Z,79.0,Sense
2025-08-11T16:06:14Z,79.0,Sense
2025-08-11T16:06:19Z,78.0,Sense
2025-08-11T16:06:24Z,77.0,Sense
2025-08-11T16:06:34Z,78.0,Sense
2025-08-11T16:06:44Z,79.0,Sense
2025-08-11T16:06:49Z,80.0,Sense
2025-08-11T16:06:54Z,79.0,Sense
2025-08-11T16:06:59Z,80.0,Sense
2025-08-11T16:07:14Z,81.0,Sense
2025-08-11T16:07:19Z,81.0,Sense
2025-08-11T16:07:24Z,80.0,Sense
2025-08-11T16:07:39Z,79.0,Sense
2025-08-11T16:07:44Z,78.0,Sense
2025-08-11T16:07:49Z,77.0,Sense
2025-08-11T16:07:59Z,78.0,Sense
2025-08-11T16:08:09Z,77.0,Sense
2025-08-11T16:08:24Z,76.0,Sense
2025-08-11T16:08:29Z,77.0,Sense
2025-08-11T16:08:34Z,78.0,Sense
2025-08-11T16:08:39Z,77.0,Sense
2025-08-11T16:08:54Z,78.0,Sense
2025-08-11T16:09:09Z,77.0,Sense
2025-08-11T16:09:14Z,79.0,Sense
2025-08-11T16:09:19Z,80.0,Sense
2025-08-11T16:09:34Z,80.0,Sense
2025-08-11T16:09:49Z,79.0,Sense
2025-08-11T16:09:59Z,80.0,Sense
2025-08-11T16:10:04Z,79.0,Sense
2025-08-11T16:10:09Z,78.0,Sense
2025-08-11T16:10:24Z,78.0,Sense
2025-08-11T16:10:39Z,77.0,Sense
2025-08-11T16:10:54Z,77.0,Sense
2025-08-11T16:10:59Z,76.0,Sense
2025-08-11T16:11:04Z,75.0,Sense
2025-08-11T16:11:19Z,76.0,Sense
2025-08-11T16:11:34Z,76.0,Sense
2025-08-11T16:11:39Z,79.0,Sense
2025-08-11T16:11:44Z,80.0,Sense
2025-08-11T16:11:49Z,79.0,Sense
2025-08-11T16:11:54Z,71.0,Sense
2025-08-11T16:12:04Z,72.0,Sense
2025-08-11T16:12:14Z,73.0,Sense
2025-08-11T16:12:24Z,72.0,Sense
2025-08-11T16:12:39Z,72.0,Sense
2025-08-11T16:12:54Z,72.0,Sense
2025-08-11T16:13:04Z,73.0,Sense
2025-08-11T16:13:09Z,74.0,Sense
2025-08-11T16:13:19Z,76.0,Sense
2025-08-11T16:13:24Z,77.0,Sense
2025-08-11T16:13:34Z,76.0,Sense
2025-08-11T16:13:49Z,77.0,Sense
2025-08-11T16:13:54Z,78.0,Sense
2025-08-11T16:14:09Z,78.0,Sense
2025-08-11T16:14:24Z,78.0,Sense
2025-08-11T16:14:34Z,75.0,Sense
2025-08-11T16:14:39Z,73.0,Sense
2025-08-11T16:14:54Z,73.0,Sense
2025-08-11T16:15:04Z,73.0,Sense
2025-08-11T16:15:09Z,72.0,Sense
2025-08-11T16:15:14Z,73.0,Sense
2025-08-11T16:15:19Z,74.0,Sense
2025-08-11T16:15:29Z,73.0,Sense
2025-08-11T16:15:34Z,74.0,Sense
2025-08-11T16:15:39Z,75.0,Sense
2025-08-11T16:15:54Z,75.0,Sense
2025-08-11T16:15:59Z,81.0,Sense
2025-08-11T16:16:04Z,83.0,Sense
2025-08-11T16:16:14Z,82.0,Sense
2025-08-11T16:16:19Z,81.0,Sense
2025-08-11T16:16:24Z,80.0,Sense
2025-08-11T16:16:29Z,78.0,Sense
2025-08-11T16:16:34Z,77.0,Sense
2025-08-11T16:16:39Z,75.0,Sense
2025-08-11T16:16:49Z,74.0,Sense
2025-08-11T16:16:59Z,73.0,Sense
2025-08-11T16:17:04Z,72.0,Sense
2025-08-11T16:17:14Z,73.0,Sense
2025-08-11T16:17:19Z,75.0,Sense
2025-08-11T16:17:24Z,76.0,Sense
2025-08-11T16:17:39Z,77.0,Sense
2025-08-11T16:17:54Z,75.0,Sense
2025-08-11T16:18:09Z,75.0,Sense
2025-08-11T16:18:14Z,76.0,Sense
2025-08-11T16:18:29Z,76.0,Sense
2025-08-11T16:18:44Z,77.0,Sense
2025-08-11T16:18:49Z,78.0,Sense
2025-08-11T16:18:54Z,76.0,Sense
2025-08-11T16:18:59Z,74.0,Sense
2025-08-11T16:19:14Z,74.0,Sense
2025-08-11T16:19:19Z,73.0,Sense
2025-08-11T16:19:24Z,73.0,Sense
2025-08-11T16:19:34Z,72.0,Sense
2025-08-11T16:19:39Z,73.0,Sense
2025-08-11T16:19:54Z,73.0,Sense
2025-08-11T16:19:59Z,74.0,Sense
2025-08-11T16:20:14Z,74.0,Sense
2025-08-11T16:20:24Z,73.0,Sense
2025-08-11T16:20:29Z,70.0,Sense
2025-08-11T16:20:34Z,71.0,Sense
2025-08-11T16:20:39Z,71.0,Sense
2025-08-11T16:20:44Z,72.0,Sense
2025-08-11T16:20:54Z,73.0,Sense
2025-08-11T16:21:09Z,73.0,Sense
2025-08-11T16:21:14Z,72.0,Sense
2025-08-11T16:21:19Z,73.0,Sense
2025-08-11T16:21:29Z,72.0,Sense
2025-08-11T16:21:44Z,73.0,Sense
2025-08-11T16:21:49Z,74.0,Sense
2025-08-11T16:22:04Z,73.0,Sense
2025-08-11T16:22:09Z,70.0,Sense
2025-08-11T16:22:24Z,71.0,Sense
2025-08-11T16:22:34Z,73.0,Sense
2025-08-11T16:22:39Z,75.0,Sense
2025-08-11T16:22:44Z,74.0,Sense
2025-08-11T16:22:49Z,73.0,Sense
2025-08-11T16:23:04Z,73.0,Sense
2025-08-11T16:23:19Z,73.0,Sense
2025-08-11T16:23:24Z,73.0,Sense
2025-08-11T16:23:39Z,74.0,Sense
2025-08-11T16:23:44Z,75.0,Sense
2025-08-11T16:23:54Z,74.0,Sense
2025-08-11T16:24:04Z,75.0,Sense
2025-08-11T16:24:14Z,76.0,Sense
2025-08-11T16:24:19Z,77.0,Sense
2025-08-11T16:24:24Z,75.0,Sense
2025-08-11T16:24:29Z,74.0,Sense
2025-08-11T16:24:44Z,74.0,Sense
2025-08-11T16:24:59Z,74.0,Sense
2025-08-11T16:25:04Z,73.0,Sense
2025-08-11T16:25:14Z,74.0,Sense
2025-08-11T16:25:29Z,74.0,Sense
2025-08-11T16:25:34Z,75.0,Sense
2025-08-11T16:25:49Z,75.0,Sense
2025-08-11T16:25:59Z,75.0,Sense
2025-08-11T16:26:14Z,75.0,Sense
2025-08-11T16:26:19Z,73.0,Sense
2025-08-11T16:26:24Z,74.0,Sense
2025-08-11T16:26:29Z,75.0,Sense
2025-08-11T16:26:34Z,76.0,Sense
2025-08-11T16:26:44Z,76.0,Sense
2025-08-11T16:26:49Z,75.0,Sense
2025-08-11T16:26:54Z,76.0,Sense
2025-08-11T16:27:09Z,76.0,Sense
2025-08-11T16:27:19Z,77.0,Sense
2025-08-11T16:27:24Z,77.0,Sense
2025-08-11T16:27:39Z,78.0,Sense
2025-08-11T16:27:44Z,77.0,Sense
2025-08-11T16:27:59Z,77.0,Sense
2025-08-11T16:28:04Z,78.0,Sense
2025-08-11T16:28:14Z,79.0,Sense
2025-08-11T16:28:19Z,78.0,Sense
2025-08-11T16:28:24Z,77.0,Sense
2025-08-11T16:28:29Z,74.0,Sense
2025-08-11T16:28:34Z,73.0,Sense
2025-08-11T16:28:39Z,72.0,Sense
2025-08-11T16:28:49Z,73.0,Sense
2025-08-11T16:29:04Z,73.0,Sense
2025-08-11T16:29:19Z,73.0,Sense
2025-08-11T16:29:29Z,74.0,Sense
2025-08-11T16:29:44Z,74.0,Sense
2025-08-11T16:29:49Z,75.0,Sense
2025-08-11T16:29:54Z,77.0,Sense
2025-08-11T16:29:59Z,78.0,Sense
2025-08-11T16:30:04Z,79.0,Sense
2025-08-11T16:30:14Z,78.0,Sense
2025-08-11T16:30:19Z,77.0,Sense
2025-08-11T16:30:34Z,77.0,Sense
2025-08-11T16:30:49Z,78.0,Sense
2025-08-11T16:31:04Z,76.0,Sense
2025-08-11T16:31:09Z,75.0,Sense
2025-08-11T16:31:14Z,76.0,Sense
2025-08-11T16:31:19Z,76.0,Sense
2025-08-11T16:31:24Z,76.0,Sense
2025-08-11T16:31:29Z,77.0,Sense
2025-08-11T16:31:34Z,78.0,Sense
2025-08-11T16:31:39Z,77.0,Sense
2025-08-11T16:31:44Z,75.0,Sense
2025-08-11T16:31:49Z,75.0,Sense
2025-08-11T16:31:54Z,74.0,Sense
2025-08-11T16:32:04Z,74.0,Sense
2025-08-11T16:32:09Z,72.0,Sense
2025-08-11T16:32:14Z,69.0,Sense
2025-08-11T16:32:19Z,70.0,Sense
2025-08-11T16:32:24Z,71.0,Sense
2025-08-11T16:32:29Z,73.0,Sense
2025-08-11T16:32:44Z,74.0,Sense
2025-08-11T16:32:54Z,75.0,Sense
2025-08-11T16:32:59Z,76.0,Sense
2025-08-11T16:33:04Z,78.0,Sense
2025-08-11T16:33:09Z,77.0,Sense
2025-08-11T16:33:14Z,76.0,Sense
2025-08-11T16:33:29Z,73.0,Sense
2025-08-11T16:33:34Z,74.0,Sense
2025-08-11T16:33:39Z,75.0,Sense
2025-08-11T16:33:44Z,76.0,Sense
2025-08-11T16:33:49Z,78.0,Sense
2025-08-11T16:33:54Z,77.0,Sense
2025-08-11T16:33:59Z,71.0,Sense
2025-08-11T16:34:04Z,71.0,Sense
2025-08-11T16:34:19Z,72.0,Sense
2025-08-11T16:34:24Z,72.0,Sense
2025-08-11T16:34:29Z,73.0,Sense
2025-08-11T16:34:39Z,74.0,Sense
2025-08-11T16:34:44Z,76.0,Sense
2025-08-11T16:34:49Z,75.0,Sense
2025-08-11T16:34:54Z,74.0,Sense
2025-08-11T16:35:04Z,75.0,Sense
2025-08-11T16:35:09Z,74.0,Sense
2025-08-11T16:35:14Z,74.0,Sense
2025-08-11T16:35:19Z,75.0,Sense
2025-08-11T16:35:29Z,76.0,Sense
2025-08-11T16:35:44Z,76.0,Sense
2025-08-11T16:35:59Z,72.0,Sense
2025-08-11T16:36:04Z,70.0,Sense
2025-08-11T16:36:09Z,71.0,Sense
2025-08-11T16:36:14Z,73.0,Sense
2025-08-11T16:36:19Z,74.0,Sense
2025-08-11T16:36:24Z,75.0,Sense
2025-08-11T16:36:34Z,76.0,Sense
2025-08-11T16:36:39Z,77.0,Sense
2025-08-11T16:36:44Z,78.0,Sense
2025-08-11T16:36:49Z,79.0,Sense
2025-08-11T16:36:54Z,75.0,Sense
2025-08-11T16:36:59Z,74.0,Sense
2025-08-11T16:37:04Z,73.0,Sense
2025-08-11T16:37:09Z,73.0,Sense
2025-08-11T16:37:14Z,74.0,Sense
2025-08-11T16:37:19Z,74.0,Sense
2025-08-11T16:37:34Z,74.0,Sense
2025-08-11T16:37:39Z,75.0,Sense
2025-08-11T16:37:49Z,76.0,Sense
2025-08-11T16:37:54Z,77.0,Sense
2025-08-11T16:37:59Z,79.0,Sense
2025-08-11T16:38:04Z,78.0,Sense
2025-08-11T16:38:19Z,79.0,Sense
2025-08-11T16:38:24Z,80.0,Sense
2025-08-11T16:38:29Z,81.0,Sense
2025-08-11T16:38:34Z,81.0,Sense
2025-08-11T16:38:39Z,81.0,Sense
2025-08-11T16:38:49Z,82.0,Sense
2025-08-11T16:38:59Z,81.0,Sense
2025-08-11T16:39:04Z,79.0,Sense
2025-08-11T16:39:19Z,78.0,Sense
2025-08-11T16:39:24Z,76.0,Sense
2025-08-11T16:39:39Z,76.0,Sense
2025-08-11T16:39:54Z,77.0,Sense
2025-08-11T16:40:04Z,76.0,Sense
2025-08-11T16:40:09Z,75.0,Sense
2025-08-11T16:40:14Z,74.0,Sense
2025-08-11T16:40:29Z,75.0,Sense
2025-08-11T16:40:34Z,76.0,Sense
2025-08-11T16:40:44Z,77.0,Sense
2025-08-11T16:40:49Z,78.0,Sense
2025-08-11T16:40:59Z,79.0,Sense
2025-08-11T16:41:04Z,80.0,Sense
2025-08-11T16:41:14Z,79.0,Sense
2025-08-11T16:41:19Z,80.0,Sense
2025-08-11T16:41:24Z,82.0,Sense
2025-08-11T16:41:29Z,83.0,Sense
2025-08-11T16:41:44Z,82.0,Sense
2025-08-11T16:41:49Z,81.0,Sense
2025-08-11T16:41:54Z,80.0,Sense
2025-08-11T16:41:59Z,81.0,Sense
2025-08-11T16:42:04Z,83.0,Sense
2025-08-11T16:42:09Z,82.0,Sense
2025-08-11T16:42:19Z,81.0,Sense
2025-08-11T16:42:34Z,81.0,Sense
2025-08-11T16:42:49Z,82.0,Sense
2025-08-11T16:42:59Z,81.0,Sense
2025-08-11T16:43:14Z,80.0,Sense
2025-08-11T16:43:24Z,79.0,Sense
2025-08-11T16:43:29Z,80.0,Sense
2025-08-11T16:43:44Z,80.0,Sense
2025-08-11T16:43:49Z,79.0,Sense
2025-08-11T16:44:04Z,80.0,Sense
2025-08-11T16:44:19Z,81.0,Sense
2025-08-11T16:44:34Z,81.0,Sense
2025-08-11T16:44:39Z,81.0,Sense
2025-08-11T16:44:44Z,82.0,Sense
2025-08-11T16:44:49Z,84.0,Sense
2025-08-11T16:45:04Z,84.0,Sense
2025-08-11T16:45:14Z,83.0,Sense
2025-08-11T16:45:19Z,82.0,Sense
2025-08-11T16:45:24Z,81.0,Sense
2025-08-11T16:45:29Z,80.0,Sense
2025-08-11T16:45:34Z,83.0,Sense
2025-08-11T16:45:39Z,85.0,Sense
2025-08-11T16:45:49Z,83.0,Sense
2025-08-11T16:46:04Z,83.0,Sense
2025-08-11T16:46:09Z,82.0,Sense
2025-08-11T16:46:24Z,82.0,Sense
2025-08-11T16:46:39Z,81.0,Sense
2025-08-11T16:46:44Z,79.0,Sense
2025-08-11T16:46:59Z,80.0,Sense
2025-08-11T16:47:09Z,81.0,Sense
2025-08-11T16:47:14Z,74.0,Sense
2025-08-11T16:47:19Z,72.0,Sense
2025-08-11T16:47:24Z,71.0,Sense
2025-08-11T16:47:39Z,71.0,Sense
2025-08-11T16:47:49Z,72.0,Sense
2025-08-11T16:47:59Z,73.0,Sense
2025-08-11T16:48:04Z,74.0,Sense
2025-08-11T16:48:19Z,75.0,Sense
2025-08-11T16:48:24Z,76.0,Sense
2025-08-11T16:48:29Z,77.0,Sense
2025-08-11T16:48:34Z,78.0,Sense
2025-08-11T16:48:39Z,78.0,Sense
2025-08-11T16:48:54Z,78.0,Sense
2025-08-11T16:49:09Z,78.0,Sense
2025-08-11T16:49:19Z,79.0,Sense
2025-08-11T16:49:24Z,81.0,Sense
2025-08-11T16:49:34Z,80.0,Sense
2025-08-11T16:49:44Z,83.0,Sense
2025-08-11T16:49:49Z,82.0,Sense
2025-08-11T16:49:59Z,81.0,Sense
2025-08-11T16:50:04Z,80.0,Sense
2025-08-11T16:50:14Z,82.0,Sense
2025-08-11T16:50:19Z,83.0,Sense
2025-08-11T16:50:24Z,85.0,Sense
2025-08-11T16:50:29Z,87.0,Sense
2025-08-11T16:50:34Z,102.0,Sense
2025-08-11T16:50:39Z,135.0,Sense
2025-08-11T16:50:44Z,136.0,Sense
2025-08-11T16:50:59Z,137.0,Sense
2025-08-11T16:51:14Z,138.0,Sense
2025-08-11T16:51:19Z,137.0,Sense
2025-08-11T16:51:24Z,134.0,Sense
2025-08-11T16:51:29Z,134.0,Sense
2025-08-11T16:51:39Z,135.0,Sense
2025-08-11T16:51:49Z,136.0,Sense
2025-08-11T16:52:04Z,135.0,Sense
2025-08-11T16:52:19Z,135.0,Sense
2025-08-11T16:52:24Z,134.0,Sense
2025-08-11T16:52:39Z,135.0,Sense
2025-08-11T16:52:54Z,135.0,Sense
2025-08-11T16:53:09Z,135.0,Sense
2025-08-11T16:53:24Z,135.0,Sense
2025-08-11T16:53:39Z,135.0,Sense
2025-08-11T16:53:44Z,136.0,Sense
2025-08-11T16:53:49Z,138.0,Sense
2025-08-11T16:54:04Z,137.0,Sense
2025-08-11T16:54:14Z,138.0,Sense
2025-08-11T16:54:29Z,138.0,Sense
2025-08-11T16:54:44Z,139.0,Sense
2025-08-11T16:54:49Z,141.0,Sense
2025-08-11T16:54:54Z,140.0,Sense
2025-08-11T16:54:59Z,139.0,Sense
2025-08-11T16:55:04Z,137.0,Sense
2025-08-11T16:55:09Z,138.0,Sense
2025-08-11T16:55:19Z,137.0,Sense
2025-08-11T16:55:34Z,137.0,Sense
2025-08-11T16:55:49Z,137.0,Sense
2025-08-11T16:55:54Z,136.0,Sense
2025-08-11T16:56:09Z,137.0,Sense
2025-08-11T16:56:14Z,136.0,Sense
2025-08-11T16:56:24Z,135.0,Sense
2025-08-11T16:56:39Z,135.0,Sense
2025-08-11T16:56:44Z,134.0,Sense
2025-08-11T16:56:54Z,133.0,Sense
2025-08-11T16:57:04Z,134.0,Sense
2025-08-11T16:57:14Z,135.0,Sense
2025-08-11T16:57:24Z,136.0,Sense
2025-08-11T16:57:29Z,137.0,Sense
2025-08-11T16:57:39Z,138.0,Sense
2025-08-11T16:57:49Z,137.0,Sense
2025-08-11T16:57:54Z,138.0,Sense
2025-08-11T16:57:59Z,139.0,Sense
2025-08-11T16:58:09Z,138.0,Sense
2025-08-11T16:58:19Z,137.0,Sense
2025-08-11T16:58:29Z,136.0,Sense
2025-08-11T16:58:44Z,136.0,Sense
2025-08-11T16:58:54Z,134.0,Sense
2025-08-11T16:58:59Z,129.0,Sense
2025-08-11T16:59:04Z,122.0,Sense
2025-08-11T16:59:09Z,116.0,Sense
2025-08-11T16:59:14Z,110.0,Sense
2025-08-11T16:59:19Z,105.0,Sense
2025-08-11T16:59:24Z,101.0,Sense
2025-08-11T16:59:29Z,96.0,Sense
2025-08-11T16:59:34Z,94.0,Sense
2025-08-11T16:59:44Z,90.0,Sense
2025-08-11T16:59:49Z,87.0,Sense
2025-08-11T16:59:54Z,86.0,Sense
2025-08-11T16:59:59Z,85.0,Sense
2025-08-11T17:00:04Z,84.0,Sense
2025-08-11T17:00:09Z,85.0,Sense
2025-08-11T17:00:14Z,84.0,Sense
2025-08-11T17:00:19Z,83.0,Sense
2025-08-11T17:00:24Z,84.0,Sense
2025-08-11T17:00:34Z,82.0,Sense
2025-08-11T17:00:44Z,83.0,Sense
2025-08-11T17:00:49Z,84.0,Sense
2025-08-11T17:00:59Z,83.0,Sense
2025-08-11T17:01:04Z,82.0,Sense
2025-08-11T17:01:14Z,86.0,Sense
2025-08-11T17:01:19Z,88.0,Sense
2025-08-11T17:01:34Z,86.0,Sense
2025-08-11T17:01:39Z,85.0,Sense
2025-08-11T17:01:54Z,88.0,Sense
2025-08-11T17:02:04Z,89.0,Sense
2025-08-11T17:02:09Z,88.0,Sense
2025-08-11T17:02:14Z,86.0,Sense
2025-08-11T17:02:19Z,85.0,Sense
2025-08-11T17:02:29Z,84.0,Sense
2025-08-11T17:02:34Z,83.0,Sense
2025-08-11T17:02:39Z,81.0,Sense
2025-08-11T17:02:44Z,79.0,Sense
2025-08-11T17:02:59Z,79.0,Sense
2025-08-11T17:03:04Z,81.0,Sense
2025-08-11T17:03:09Z,96.0,Sense
2025-08-11T17:03:14Z,111.0,Sense
2025-08-11T17:03:19Z,124.0,Sense
2025-08-11T17:03:24Z,128.0,Sense
2025-08-11T17:03:34Z,130.0,Sense
2025-08-11T17:03:39Z,141.0,Sense
2025-08-11T17:03:44Z,142.0,Sense
2025-08-11T17:03:49Z,141.0,Sense
2025-08-11T17:03:59Z,139.0,Sense
2025-08-11T17:04:04Z,140.0,Sense
2025-08-11T17:04:09Z,138.0,Sense
2025-08-11T17:04:14Z,139.0,Sense
2025-08-11T17:04:19Z,140.0,Sense
2025-08-11T17:04:24Z,139.0,Sense
2025-08-11T17:04:29Z,138.0,Sense
2025-08-11T17:04:34Z,136.0,Sense
2025-08-11T17:04:49Z,136.0,Sense
2025-08-11T17:04:54Z,135.0,Sense
2025-08-11T17:05:09Z,136.0,Sense
2025-08-11T17:05:14Z,138.0,Sense
2025-08-11T17:05:19Z,135.0,Sense
2025-08-11T17:05:24Z,135.0,Sense
2025-08-11T17:05:29Z,136.0,Sense
2025-08-11T17:05:39Z,134.0,Sense
2025-08-11T17:05:44Z,135.0,Sense
2025-08-11T17:05:49Z,133.0,Sense
2025-08-11T17:05:59Z,133.0,Sense
2025-08-11T17:06:04Z,132.0,Sense
2025-08-11T17:06:09Z,133.0,Sense
2025-08-11T17:06:19Z,136.0,Sense
2025-08-11T17:06:34Z,135.0,Sense
2025-08-11T17:06:39Z,135.0,Sense
2025-08-11T17:06:44Z,133.0,Sense
2025-08-11T17:06:49Z,133.0,Sense
2025-08-11T17:06:54Z,134.0,Sense
2025-08-11T17:06:59Z,132.0,Sense
2025-08-11T17:07:04Z,135.0,Sense
2025-08-11T17:07:09Z,134.0,Sense
2025-08-11T17:07:14Z,136.0,Sense
2025-08-11T17:07:24Z,134.0,Sense
2025-08-11T17:07:29Z,132.0,Sense
2025-08-11T17:07:39Z,133.0,Sense
2025-08-11T17:07:54Z,134.0,Sense
2025-08-11T17:07:59Z,133.0,Sense
2025-08-11T17:08:04Z,131.0,Sense
2025-08-11T17:08:14Z,132.0,Sense
2025-08-11T17:08:19Z,133.0,Sense
2025-08-11T17:08:24Z,132.0,Sense
2025-08-11T17:08:29Z,134.0,Sense
2025-08-11T17:08:34Z,133.0,Sense
2025-08-11T17:08:39Z,133.0,Sense
2025-08-11T17:08:49Z,134.0,Sense
2025-08-11T17:08:54Z,132.0,Sense
2025-08-11T17:08:59Z,132.0,Sense
2025-08-11T17:09:04Z,133.0,Sense
2025-08-11T17:09:14Z,134.0,Sense
2025-08-11T17:09:19Z,135.0,Sense
2025-08-11T17:09:29Z,134.0,Sense
2025-08-11T17:09:34Z,133.0,Sense
2025-08-11T17:09:44Z,135.0,Sense
2025-08-11T17:09:49Z,136.0,Sense
2025-08-11T17:09:54Z,135.0,Sense
2025-08-11T17:09:59Z,134.0,Sense
2025-08-11T17:10:04Z,133.0,Sense
2025-08-11T17:10:09Z,134.0,Sense
2025-08-11T17:10:14Z,135.0,Sense
2025-08-11T17:10:19Z,133.0,Sense
2025-08-11T17:10:34Z,133.0,Sense
2025-08-11T17:10:39Z,134.0,Sense
2025-08-11T17:10:49Z,135.0,Sense
2025-08-11T17:10:54Z,134.0,Sense
2025-08-11T17:11:04Z,134.0,Sense
2025-08-11T17:11:09Z,135.0,Sense
2025-08-11T17:11:19Z,136.0,Sense
2025-08-11T17:11:24Z,136.0,Sense
2025-08-11T17:11:29Z,135.0,Sense
2025-08-11T17:11:34Z,133.0,Sense
2025-08-11T17:11:39Z,135.0,Sense
2025-08-11T17:11:44Z,137.0,Sense
2025-08-11T17:11:54Z,138.0,Sense
2025-08-11T17:11:59Z,137.0,Sense
2025-08-11T17:12:04Z,137.0,Sense
2025-08-11T17:12:09Z,140.0,Sense
2025-08-11T17:12:14Z,139.0,Sense
2025-08-11T17:12:19Z,138.0,Sense
2025-08-11T17:12:24Z,137.0,Sense
2025-08-11T17:12:29Z,137.0,Sense
2025-08-11T17:12:34Z,138.0,Sense
2025-08-11T17:12:39Z,139.0,Sense
2025-08-11T17:12:44Z,141.0,Sense
2025-08-11T17:12:49Z,142.0,Sense
2025-08-11T17:12:54Z,140.0,Sense
2025-08-11T17:12:59Z,139.0,Sense
2025-08-11T17:13:09Z,137.0,Sense
2025-08-11T17:13:14Z,136.0,Sense
2025-08-11T17:13:19Z,138.0,Sense
2025-08-11T17:13:24Z,141.0,Sense
2025-08-11T17:13:29Z,143.0,Sense
2025-08-11T17:13:39Z,144.0,Sense
2025-08-11T17:13:49Z,145.0,Sense
2025-08-11T17:13:54Z,144.0,Sense
2025-08-11T17:13:59Z,144.0,Sense
2025-08-11T17:14:14Z,144.0,Sense
2025-08-11T17:14:19Z,144.0,Sense
2025-08-11T17:14:24Z,143.0,Sense
2025-08-11T17:14:29Z,144.0,Sense
2025-08-11T17:14:39Z,146.0,Sense
2025-08-11T17:14:44Z,147.0,Sense
2025-08-11T17:14:49Z,144.0,Sense
2025-08-11T17:14:54Z,143.0,Sense
2025-08-11T17:14:59Z,144.0,Sense
2025-08-11T17:15:04Z,146.0,Sense
2025-08-11T17:15:09Z,146.0,Sense
2025-08-11T17:15:19Z,147.0,Sense
2025-08-11T17:15:29Z,146.0,Sense
2025-08-11T17:15:34Z,147.0,Sense
2025-08-11T17:15:39Z,147.0,Sense
2025-08-11T17:15:44Z,146.0,Sense
2025-08-11T17:15:49Z,149.0,Sense
2025-08-11T17:15:54Z,148.0,Sense
2025-08-11T17:15:59Z,147.0,Sense
2025-08-11T17:16:04Z,146.0,Sense
2025-08-11T17:16:19Z,146.0,Sense
2025-08-11T17:16:29Z,148.0,Sense
2025-08-11T17:16:34Z,146.0,Sense
2025-08-11T17:16:39Z,147.0,Sense
2025-08-11T17:16:44Z,146.0,Sense
2025-08-11T17:16:54Z,144.0,Sense
2025-08-11T17:16:59Z,145.0,Sense
2025-08-11T17:17:04Z,144.0,Sense
2025-08-11T17:17:09Z,144.0,Sense
2025-08-11T17:17:19Z,146.0,Sense
2025-08-11T17:17:24Z,147.0,Sense
2025-08-11T17:17:29Z,147.0,Sense
2025-08-11T17:17:34Z,144.0,Sense
2025-08-11T17:17:39Z,143.0,Sense
2025-08-11T17:17:49Z,142.0,Sense
2025-08-11T17:17:54Z,145.0,Sense
2025-08-11T17:17:59Z,147.0,Sense
2025-08-11T17:18:09Z,145.0,Sense
2025-08-11T17:18:14Z,146.0,Sense
2025-08-11T17:18:19Z,145.0,Sense
2025-08-11T17:18:24Z,144.0,Sense
2025-08-11T17:18:29Z,141.0,Sense
2025-08-11T17:18:34Z,139.0,Sense
2025-08-11T17:18:39Z,138.0,Sense
2025-08-11T17:18:44Z,139.0,Sense
2025-08-11T17:18:49Z,138.0,Sense
2025-08-11T17:18:54Z,139.0,Sense
2025-08-11T17:18:59Z,138.0,Sense
2025-08-11T17:19:04Z,139.0,Sense
2025-08-11T17:19:09Z,140.0,Sense
2025-08-11T17:19:24Z,139.0,Sense
2025-08-11T17:19:29Z,138.0,Sense
2025-08-11T17:19:34Z,140.0,Sense
2025-08-11T17:19:39Z,140.0,Sense
2025-08-11T17:19:44Z,139.0,Sense
2025-08-11T17:19:49Z,137.0,Sense
2025-08-11T17:19:54Z,138.0,Sense
2025-08-11T17:20:04Z,139.0,Sense
2025-08-11T17:20:09Z,140.0,Sense
2025-08-11T17:20:14Z,139.0,Sense
2025-08-11T17:20:19Z,138.0,Sense
2025-08-11T17:20:29Z,139.0,Sense
2025-08-11T17:20:34Z,140.0,Sense
2025-08-11T17:20:39Z,141.0,Sense
2025-08-11T17:20:44Z,141.0,Sense
2025-08-11T17:20:49Z,138.0,Sense
2025-08-11T17:20:54Z,137.0,Sense
2025-08-11T17:20:59Z,139.0,Sense
2025-08-11T17:21:04Z,139.0,Sense
2025-08-11T17:21:09Z,141.0,Sense
2025-08-11T17:21:19Z,138.0,Sense
2025-08-11T17:21:24Z,137.0,Sense
2025-08-11T17:21:29Z,136.0,Sense
2025-08-11T17:21:34Z,137.0,Sense
2025-08-11T17:21:39Z,138.0,Sense
2025-08-11T17:21:49Z,138.0,Sense
2025-08-11T17:21:54Z,139.0,Sense
2025-08-11T17:21:59Z,141.0,Sense
2025-08-11T17:22:04Z,139.0,Sense
2025-08-11T17:22:09Z,138.0,Sense
2025-08-11T17:22:14Z,139.0,Sense
2025-08-11T17:22:24Z,140.0,Sense
2025-08-11T17:22:34Z,139.0,Sense
2025-08-11T17:22:39Z,138.0,Sense
2025-08-11T17:22:44Z,136.0,Sense
2025-08-11T17:22:49Z,138.0,Sense
2025-08-11T17:22:54Z,136.0,Sense
2025-08-11T17:22:59Z,134.0,Sense
2025-08-11T17:23:04Z,136.0,Sense
2025-08-11T17:23:14Z,138.0,Sense
2025-08-11T17:23:19Z,139.0,Sense
2025-08-11T17:23:24Z,140.0,Sense
2025-08-11T17:23:29Z,137.0,Sense
2025-08-11T17:23:44Z,138.0,Sense
2025-08-11T17:23:49Z,137.0,Sense
2025-08-11T17:23:54Z,134.0,Sense
2025-08-11T17:23:59Z,133.0,Sense
2025-08-11T17:24:04Z,132.0,Sense
2025-08-11T17:24:09Z,131.0,Sense
2025-08-11T17:24:14Z,130.0,Sense
2025-08-11T17:24:19Z,125.0,Sense
2025-08-11T17:24:24Z,123.0,Sense
2025-08-11T17:24:34Z,124.0,Sense
2025-08-11T17:24:39Z,131.0,Sense
2025-08-11T17:24:44Z,141.0,Sense
2025-08-11T17:24:49Z,141.0,Sense
2025-08-11T17:24:54Z,138.0,Sense
2025-08-11T17:25:04Z,136.0,Sense
2025-08-11T17:25:09Z,135.0,Sense
2025-08-11T17:25:14Z,132.0,Sense
2025-08-11T17:25:19Z,129.0,Sense
2025-08-11T17:25:24Z,126.0,Sense
2025-08-11T17:25:39Z,124.0,Sense
2025-08-11T17:25:44Z,111.0,Sense
2025-08-11T17:25:54Z,112.0,Sense
2025-08-11T17:25:59Z,113.0,Sense
2025-08-11T17:26:04Z,111.0,Sense
2025-08-11T17:26:09Z,103.0,Sense
2025-08-11T17:26:14Z,100.0,Sense
2025-08-11T17:26:19Z,97.0,Sense
2025-08-11T17:26:29Z,94.0,Sense
2025-08-11T17:26:34Z,93.0,Sense
2025-08-11T17:26:39Z,94.0,Sense
2025-08-11T17:26:44Z,90.0,Sense
2025-08-11T17:26:49Z,86.0,Sense
2025-08-11T17:26:54Z,80.0,Sense
2025-08-11T17:26:59Z,90.0,Sense
2025-08-11T17:27:04Z,113.0,Sense
2025-08-11T17:27:09Z,113.0,Sense
2025-08-11T17:27:14Z,114.0,Sense
2025-08-11T17:27:24Z,111.0,Sense
2025-08-11T17:27:29Z,108.0,Sense
2025-08-11T17:27:34Z,101.0,Sense
2025-08-11T17:27:39Z,90.0,Sense
2025-08-11T17:27:44Z,88.0,Sense
2025-08-11T17:27:49Z,87.0,Sense
2025-08-11T17:27:54Z,83.0,Sense
2025-08-11T17:27:59Z,82.0,Sense
2025-08-11T17:28:04Z,79.0,Sense
2025-08-11T17:28:14Z,83.0,Sense
2025-08-11T17:28:19Z,88.0,Sense
2025-08-11T17:28:24Z,91.0,Sense
2025-08-11T17:28:29Z,92.0,Sense
2025-08-11T17:28:39Z,87.0,Sense
2025-08-11T17:28:44Z,81.0,Sense
2025-08-11T17:28:49Z,78.0,Sense
2025-08-11T17:28:54Z,79.0,Sense
2025-08-11T17:28:59Z,89.0,Sense
2025-08-11T17:29:04Z,90.0,Sense
2025-08-11T17:29:09Z,91.0,Sense
2025-08-11T17:29:14Z,90.0,Sense
2025-08-11T17:29:19Z,86.0,Sense
2025-08-11T17:29:24Z,85.0,Sense
2025-08-11T17:29:29Z,86.0,Sense
2025-08-11T17:29:34Z,88.0,Sense
2025-08-11T17:29:39Z,86.0,Sense
2025-08-11T17:29:44Z,83.0,Sense
2025-08-11T17:29:54Z,94.0,Sense
2025-08-11T17:30:04Z,91.0,Sense
2025-08-11T17:30:09Z,95.0,Sense
2025-08-11T17:30:14Z,103.0,Sense
2025-08-11T17:30:29Z,101.0,Sense
2025-08-11T17:30:34Z,97.0,Sense
2025-08-11T17:30:39Z,98.0,Sense
2025-08-11T17:30:54Z,98.0,Sense
2025-08-11T17:30:59Z,95.0,Sense
2025-08-11T17:31:04Z,94.0,Sense
2025-08-11T17:31:09Z,96.0,Sense
2025-08-11T17:31:14Z,97.0,Sense
2025-08-11T17:31:19Z,95.0,Sense
2025-08-11T17:31:24Z,94.0,Sense
2025-08-11T17:31:29Z,89.0,Sense
2025-08-11T17:31:34Z,74.0,Sense
2025-08-11T17:31:39Z,73.0,Sense
2025-08-11T17:31:44Z,75.0,Sense
2025-08-11T17:31:49Z,76.0,Sense
2025-08-11T17:31:54Z,72.0,Sense
2025-08-11T17:31:59Z,86.0,Sense
2025-08-11T17:32:04Z,112.0,Sense
2025-08-11T17:32:09Z,113.0,Sense
2025-08-11T17:32:14Z,100.0,Sense
2025-08-11T17:32:19Z,92.0,Sense
2025-08-11T17:32:24Z,101.0,Sense
2025-08-11T17:32:29Z,96.0,Sense
2025-08-11T17:32:34Z,90.0,Sense
2025-08-11T17:32:39Z,93.0,Sense
2025-08-11T17:32:44Z,90.0,Sense
2025-08-11T17:32:49Z,97.0,Sense
2025-08-11T17:32:54Z,92.0,Sense
2025-08-11T17:32:59Z,99.0,Sense
2025-08-11T17:33:04Z,92.0,Sense
2025-08-11T17:33:09Z,95.0,Sense
2025-08-11T17:33:14Z,101.0,Sense
2025-08-11T17:33:19Z,105.0,Sense
2025-08-11T17:33:34Z,109.0,Sense
2025-08-11T17:33:39Z,108.0,Sense
2025-08-11T17:33:44Z,96.0,Sense
2025-08-11T17:33:54Z,103.0,Sense
2025-08-11T17:33:59Z,106.0,Sense
2025-08-11T17:34:04Z,103.0,Sense
2025-08-11T17:34:14Z,105.0,Sense
2025-08-11T17:34:19Z,101.0,Sense
2025-08-11T17:34:24Z,100.0,Sense
2025-08-11T17:34:29Z,93.0,Sense
2025-08-11T17:34:34Z,88.0,Sense
2025-08-11T17:34:39Z,85.0,Sense
2025-08-11T17:34:44Z,86.0,Sense
2025-08-11T17:34:49Z,82.0,Sense
2025-08-11T17:34:54Z,79.0,Sense
2025-08-11T17:34:59Z,89.0,Sense
2025-08-11T17:35:04Z,92.0,Sense
2025-08-11T17:35:14Z,83.0,Sense
2025-08-11T17:35:19Z,84.0,Sense
2025-08-11T17:35:24Z,91.0,Sense
2025-08-11T17:35:29Z,92.0,Sense
2025-08-11T17:35:34Z,88.0,Sense
2025-08-11T17:35:44Z,89.0,Sense
2025-08-11T17:35:49Z,92.0,Sense
2025-08-11T17:35:54Z,93.0,Sense
2025-08-11T17:35:59Z,94.0,Sense
2025-08-11T17:36:09Z,95.0,Sense
2025-08-11T17:36:24Z,91.0,Sense
2025-08-11T17:36:29Z,90.0,Sense
2025-08-11T17:36:34Z,93.0,Sense
2025-08-11T17:36:39Z,96.0,Sense
2025-08-11T17:36:44Z,97.0,Sense
2025-08-11T17:36:49Z,100.0,Sense
2025-08-11T17:36:54Z,103.0,Sense
2025-08-11T17:36:59Z,98.0,Sense
2025-08-11T17:37:04Z,96.0,Sense
2025-08-11T17:37:09Z,97.0,Sense
2025-08-11T17:37:14Z,95.0,Sense
2025-08-11T17:37:24Z,94.0,Sense
2025-08-11T17:37:34Z,96.0,Sense
2025-08-11T17:37:49Z,97.0,Sense
2025-08-11T17:37:54Z,93.0,Sense
2025-08-11T17:37:59Z,91.0,Sense
2025-08-11T17:38:09Z,92.0,Sense
2025-08-11T17:38:14Z,93.0,Sense
2025-08-11T17:38:24Z,92.0,Sense
2025-08-11T17:38:29Z,93.0,Sense
2025-08-11T17:38:39Z,94.0,Sense
2025-08-11T17:38:44Z,95.0,Sense
2025-08-11T17:38:49Z,97.0,Sense
2025-08-11T17:38:59Z,98.0,Sense
2025-08-11T17:39:04Z,99.0,Sense
2025-08-11T17:39:09Z,100.0,Sense
2025-08-11T17:39:14Z,99.0,Sense
2025-08-11T17:39:29Z,99.0,Sense
2025-08-11T17:39:34Z,93.0,Sense
2025-08-11T17:39:39Z,89.0,Sense
2025-08-11T17:39:54Z,90.0,Sense
2025-08-11T17:40:04Z,91.0,Sense
2025-08-11T17:40:14Z,92.0,Sense
2025-08-11T17:40:24Z,93.0,Sense
2025-08-11T17:40:29Z,92.0,Sense
2025-08-11T17:40:44Z,93.0,Sense
2025-08-11T17:40:49Z,94.0,Sense
2025-08-11T17:40:54Z,95.0,Sense
2025-08-11T17:40:59Z,96.0,Sense
2025-08-11T17:41:14Z,95.0,Sense
2025-08-11T17:41:19Z,96.0,Sense
2025-08-11T17:41:24Z,97.0,Sense
2025-08-11T17:41:29Z,99.0,Sense
2025-08-11T17:41:39Z,100.0,Sense
2025-08-11T17:41:44Z,101.0,Sense
2025-08-11T17:41:49Z,100.0,Sense
2025-08-11T17:41:54Z,102.0,Sense
2025-08-11T17:41:59Z,107.0,Sense
2025-08-11T17:42:04Z,96.0,Sense
2025-08-11T17:42:09Z,94.0,Sense
2025-08-11T17:42:19Z,97.0,Sense
2025-08-11T17:42:24Z,98.0,Sense
2025-08-11T17:42:29Z,103.0,Sense
2025-08-11T17:42:34Z,102.0,Sense
2025-08-11T17:42:39Z,103.0,Sense
2025-08-11T17:42:44Z,102.0,Sense
2025-08-11T17:42:49Z,101.0,Sense
2025-08-11T17:42:54Z,102.0,Sense
2025-08-11T17:43:04Z,101.0,Sense
2025-08-11T17:43:14Z,99.0,Sense
2025-08-11T17:43:29Z,97.0,Sense
2025-08-11T17:43:34Z,98.0,Sense
2025-08-11T17:43:39Z,101.0,Sense
2025-08-11T17:43:44Z,100.0,Sense
2025-08-11T17:43:49Z,98.0,Sense
2025-08-11T17:43:54Z,96.0,Sense
2025-08-11T17:43:59Z,97.0,Sense
2025-08-11T17:44:04Z,98.0,Sense
2025-08-11T17:44:09Z,99.0,Sense
2025-08-11T17:44:14Z,102.0,Sense
2025-08-11T17:44:19Z,99.0,Sense
2025-08-11T17:44:24Z,96.0,Sense
2025-08-11T17:44:29Z,97.0,Sense
2025-08-11T17:44:39Z,93.0,Sense
2025-08-11T17:44:44Z,94.0,Sense
2025-08-11T17:44:49Z,95.0,Sense
2025-08-11T17:44:54Z,92.0,Sense
2025-08-11T17:44:59Z,90.0,Sense
2025-08-11T17:45:04Z,92.0,Sense
2025-08-11T17:45:14Z,90.0,Sense
2025-08-11T17:45:19Z,85.0,Sense
2025-08-11T17:45:24Z,81.0,Sense
2025-08-11T17:45:29Z,79.0,Sense
2025-08-11T17:45:34Z,76.0,Sense
2025-08-11T17:45:39Z,72.0,Sense
2025-08-11T17:45:49Z,70.0,Sense
2025-08-11T17:45:54Z,74.0,Sense
2025-08-11T17:45:59Z,69.0,Sense
2025-08-11T17:46:04Z,73.0,Sense
2025-08-11T17:46:09Z,74.0,Sense
2025-08-11T17:46:14Z,75.0,Sense
2025-08-11T17:46:19Z,87.0,Sense
2025-08-11T17:46:34Z,90.0,Sense
2025-08-11T17:46:44Z,97.0,Sense
2025-08-11T17:46:59Z,97.0,Sense
2025-08-11T17:47:04Z,98.0,Sense
2025-08-11T17:47:09Z,103.0,Sense
2025-08-11T17:47:14Z,100.0,Sense
2025-08-11T17:47:19Z,99.0,Sense
2025-08-11T17:47:24Z,96.0,Sense
2025-08-11T17:47:34Z,98.0,Sense
2025-08-11T17:47:39Z,102.0,Sense
2025-08-11T17:47:44Z,100.0,Sense
2025-08-11T17:47:49Z,96.0,Sense
2025-08-11T17:47:54Z,100.0,Sense
2025-08-11T17:47:59Z,99.0,Sense
2025-08-11T17:48:04Z,97.0,Sense
2025-08-11T17:48:09Z,88.0,Sense
2025-08-11T17:48:14Z,85.0,Sense
2025-08-11T17:48:19Z,90.0,Sense
2025-08-11T17:48:29Z,88.0,Sense
2025-08-11T17:48:34Z,94.0,Sense
2025-08-11T17:48:39Z,96.0,Sense
2025-08-11T17:48:44Z,93.0,Sense
2025-08-11T17:48:54Z,96.0,Sense
2025-08-11T17:48:59Z,100.0,Sense
2025-08-11T17:49:04Z,92.0,Sense
2025-08-11T17:49:14Z,91.0,Sense
2025-08-11T17:49:19Z,95.0,Sense
2025-08-11T17:49:24Z,93.0,Sense
2025-08-11T17:49:34Z,91.0,Sense
2025-08-11T17:49:39Z,95.0,Sense
2025-08-11T17:49:44Z,90.0,Sense
2025-08-11T17:49:49Z,88.0,Sense
2025-08-11T17:49:54Z,103.0,Sense
2025-08-11T17:49:59Z,97.0,Sense
2025-08-11T17:50:04Z,89.0,Sense
2025-08-11T17:50:09Z,87.0,Sense
2025-08-11T17:50:14Z,84.0,Sense
2025-08-11T17:50:19Z,83.0,Sense
2025-08-11T17:50:24Z,82.0,Sense
2025-08-11T17:50:29Z,86.0,Sense
2025-08-11T17:50:34Z,76.0,Sense
2025-08-11T17:50:39Z,77.0,Sense
2025-08-11T17:50:44Z,72.0,Sense
2025-08-11T17:50:49Z,87.0,Sense
2025-08-11T17:50:54Z,89.0,Sense
2025-08-11T17:50:59Z,90.0,Sense
2025-08-11T17:51:04Z,87.0,Sense
2025-08-11T17:51:09Z,82.0,Sense
2025-08-11T17:51:14Z,80.0,Sense
2025-08-11T17:51:19Z,79.0,Sense
2025-08-11T17:51:24Z,73.0,Sense
2025-08-11T17:51:29Z,77.0,Sense
2025-08-11T17:51:34Z,84.0,Sense
2025-08-11T17:51:39Z,75.0,Sense
2025-08-11T17:51:44Z,77.0,Sense
2025-08-11T17:51:49Z,74.0,Sense
2025-08-11T17:51:54Z,82.0,Sense
2025-08-11T17:51:59Z,80.0,Sense
2025-08-11T17:52:04Z,82.0,Sense
2025-08-11T17:52:09Z,90.0,Sense
2025-08-11T17:52:19Z,88.0,Sense
2025-08-11T17:52:24Z,85.0,Sense
2025-08-11T17:52:29Z,91.0,Sense
2025-08-11T17:52:34Z,95.0,Sense
2025-08-11T17:52:39Z,98.0,Sense
2025-08-11T17:52:44Z,97.0,Sense
2025-08-11T17:52:49Z,94.0,Sense
2025-08-11T17:52:54Z,82.0,Sense
2025-08-11T17:52:59Z,91.0,Sense
2025-08-11T17:53:04Z,86.0,Sense
2025-08-11T17:53:09Z,92.0,Sense
2025-08-11T17:53:14Z,86.0,Sense
2025-08-11T17:53:19Z,85.0,Sense
2025-08-11T17:53:24Z,77.0,Sense
2025-08-11T17:53:29Z,85.0,Sense
2025-08-11T17:53:34Z,74.0,Sense
2025-08-11T17:53:39Z,78.0,Sense
2025-08-11T17:53:49Z,76.0,Sense
2025-08-11T17:53:54Z,73.0,Sense
2025-08-11T17:53:59Z,77.0,Sense
2025-08-11T17:54:04Z,75.0,Sense
2025-08-11T17:54:09Z,82.0,Sense
2025-08-11T17:54:14Z,86.0,Sense
2025-08-11T17:54:19Z,101.0,Sense
2025-08-11T17:54:24Z,99.0,Sense
2025-08-11T17:54:29Z,98.0,Sense
2025-08-11T17:54:34Z,100.0,Sense
2025-08-11T17:54:39Z,96.0,Sense
2025-08-11T17:54:44Z,106.0,Sense
2025-08-11T17:54:49Z,102.0,Sense
2025-08-11T17:54:54Z,101.0,Sense
2025-08-11T17:54:59Z,100.0,Sense
2025-08-11T17:55:04Z,103.0,Sense
2025-08-11T17:55:09Z,99.0,Sense
2025-08-11T17:55:14Z,100.0,Sense
2025-08-11T17:55:19Z,102.0,Sense
2025-08-11T17:55:24Z,99.0,Sense
2025-08-11T17:55:29Z,104.0,Sense
2025-08-11T17:55:34Z,106.0,Sense
2025-08-11T17:55:39Z,101.0,Sense
2025-08-11T17:55:44Z,98.0,Sense
2025-08-11T17:55:49Z,93.0,Sense
2025-08-11T17:55:54Z,96.0,Sense
2025-08-11T17:55:59Z,99.0,Sense
2025-08-11T17:56:04Z,96.0,Sense
2025-08-11T17:56:09Z,101.0,Sense
2025-08-11T17:56:14Z,96.0,Sense
2025-08-11T17:56:19Z,99.0,Sense
2025-08-11T17:56:24Z,97.0,Sense
2025-08-11T17:56:29Z,96.0,Sense
2025-08-11T17:56:34Z,93.0,Sense
2025-08-11T17:56:39Z,99.0,Sense
2025-08-11T17:56:44Z,98.0,Sense
2025-08-11T17:56:49Z,100.0,Sense
2025-08-11T17:56:54Z,106.0,Sense
2025-08-11T17:56:59Z,109.0,Sense
2025-08-11T17:57:04Z,105.0,Sense
2025-08-11T17:57:09Z,109.0,Sense
2025-08-11T17:57:19Z,106.0,Sense
2025-08-11T17:57:24Z,103.0,Sense
2025-08-11T17:57:34Z,105.0,Sense
2025-08-11T17:57:49Z,105.0,Sense
2025-08-11T17:58:04Z,106.0,Sense
2025-08-11T17:58:19Z,108.0,Sense
2025-08-11T17:58:34Z,105.0,Sense
2025-08-11T17:58:39Z,107.0,Sense
2025-08-11T17:58:44Z,104.0,Sense
2025-08-11T17:58:49Z,106.0,Sense
2025-08-11T17:58:54Z,109.0,Sense
2025-08-11T17:58:59Z,108.0,Sense
2025-08-11T17:59:04Z,103.0,Sense
2025-08-11T17:59:09Z,102.0,Sense
2025-08-11T17:59:14Z,98.0,Sense
2025-08-11T17:59:19Z,96.0,Sense
2025-08-11T17:59:24Z,98.0,Sense
2025-08-11T17:59:29Z,102.0,Sense
2025-08-11T17:59:34Z,103.0,Sense
2025-08-11T17:59:44Z,101.0,Sense
2025-08-11T17:59:54Z,102.0,Sense
2025-08-11T17:59:59Z,98.0,Sense
2025-08-11T18:00:04Z,97.0,Sense
2025-08-11T18:00:09Z,96.0,Sense
2025-08-11T18:00:24Z,96.0,Sense
2025-08-11T18:00:29Z,97.0,Sense
2025-08-11T18:00:34Z,99.0,Sense
2025-08-11T18:00:39Z,97.0,Sense
2025-08-11T18:00:49Z,98.0,Sense
2025-08-11T18:00:54Z,99.0,Sense
2025-08-11T18:00:59Z,100.0,Sense
2025-08-11T18:01:09Z,99.0,Sense
2025-08-11T18:01:24Z,99.0,Sense
2025-08-11T18:01:39Z,98.0,Sense
2025-08-11T18:01:44Z,97.0,Sense
2025-08-11T18:01:54Z,96.0,Sense
2025-08-11T18:01:59Z,97.0,Sense
2025-08-11T18:02:04Z,96.0,Sense
2025-08-11T18:02:09Z,98.0,Sense
2025-08-11T18:02:14Z,99.0,Sense
2025-08-11T18:02:24Z,98.0,Sense
2025-08-11T18:02:29Z,97.0,Sense
2025-08-11T18:02:34Z,98.0,Sense
2025-08-11T18:02:39Z,97.0,Sense
2025-08-11T18:02:54Z,97.0,Sense
2025-08-11T18:02:59Z,97.0,Sense
2025-08-11T18:03:14Z,97.0,Sense
2025-08-11T18:03:29Z,97.0,Sense
2025-08-11T18:03:39Z,98.0,Sense
2025-08-11T18:03:44Z,98.0,Sense
2025-08-11T18:03:59Z,98.0,Sense
2025-08-11T18:04:04Z,94.0,Sense
2025-08-11T18:04:19Z,94.0,Sense
2025-08-11T18:04:24Z,94.0,Sense
2025-08-11T18:04:29Z,95.0,Sense
2025-08-11T18:04:34Z,94.0,Sense
2025-08-11T18:04:39Z,95.0,Sense
2025-08-11T18:04:44Z,97.0,Sense
2025-08-11T18:04:49Z,96.0,Sense
2025-08-11T18:05:04Z,95.0,Sense
2025-08-11T18:05:09Z,94.0,Sense
2025-08-11T18:05:14Z,95.0,Sense
2025-08-11T18:05:29Z,95.0,Sense
2025-08-11T18:05:39Z,97.0,Sense
2025-08-11T18:05:49Z,99.0,Sense
2025-08-11T18:05:54Z,98.0,Sense
2025-08-11T18:05:59Z,97.0,Sense
2025-08-11T18:06:09Z,98.0,Sense
2025-08-11T18:06:24Z,99.0,Sense
2025-08-11T18:06:29Z,98.0,Sense
2025-08-11T18:06:34Z,98.0,Sense
2025-08-11T18:06:39Z,97.0,Sense
2025-08-11T18:06:44Z,98.0,Sense
2025-08-11T18:06:49Z,97.0,Sense
2025-08-11T18:06:54Z,91.0,Sense
2025-08-11T18:06:59Z,92.0,Sense
2025-08-11T18:07:04Z,93.0,Sense
2025-08-11T18:07:09Z,94.0,Sense
2025-08-11T18:07:24Z,95.0,Sense
2025-08-11T18:07:29Z,95.0,Sense
2025-08-11T18:07:39Z,94.0,Sense
2025-08-11T18:07:54Z,95.0,Sense
2025-08-11T18:07:59Z,97.0,Sense
2025-08-11T18:08:04Z,98.0,Sense
2025-08-11T18:08:14Z,99.0,Sense
2025-08-11T18:08:19Z,100.0,Sense
2025-08-11T18:08:24Z,101.0,Sense
2025-08-11T18:08:34Z,100.0,Sense
2025-08-11T18:08:39Z,98.0,Sense
2025-08-11T18:08:54Z,98.0,Sense
2025-08-11T18:08:59Z,97.0,Sense
2025-08-11T18:09:04Z,98.0,Sense
2025-08-11T18:09:19Z,98.0,Sense
2025-08-11T18:09:24Z,96.0,Sense
2025-08-11T18:09:29Z,89.0,Sense
2025-08-11T18:09:39Z,90.0,Sense
2025-08-11T18:09:44Z,91.0,Sense
2025-08-11T18:09:49Z,92.0,Sense
2025-08-11T18:10:04Z,92.0,Sense
2025-08-11T18:10:09Z,92.0,Sense
2025-08-11T18:10:24Z,93.0,Sense
2025-08-11T18:10:39Z,99.0,Sense
2025-08-11T18:10:44Z,98.0,Sense
2025-08-11T18:10:49Z,97.0,Sense
2025-08-11T18:11:04Z,96.0,Sense
2025-08-11T18:11:09Z,97.0,Sense
2025-08-11T18:11:14Z,98.0,Sense
2025-08-11T18:11:24Z,97.0,Sense
2025-08-11T18:11:34Z,98.0,Sense
2025-08-11T18:11:44Z,97.0,Sense
2025-08-11T18:11:54Z,99.0,Sense
2025-08-11T18:12:04Z,94.0,Sense
2025-08-11T18:12:09Z,89.0,Sense
2025-08-11T18:12:24Z,89.0,Sense
2025-08-11T18:12:29Z,90.0,Sense
2025-08-11T18:12:34Z,91.0,Sense
2025-08-11T18:12:39Z,92.0,Sense
2025-08-11T18:12:54Z,92.0,Sense
2025-08-11T18:12:59Z,94.0,Sense
2025-08-11T18:13:09Z,96.0,Sense
2025-08-11T18:13:19Z,98.0,Sense
2025-08-11T18:13:24Z,98.0,Sense
2025-08-11T18:13:29Z,99.0,Sense
2025-08-11T18:13:34Z,98.0,Sense
2025-08-11T18:13:39Z,99.0,Sense
2025-08-11T18:13:44Z,100.0,Sense
2025-08-11T18:13:49Z,100.0,Sense
2025-08-11T18:14:04Z,101.0,Sense
2025-08-11T18:14:19Z,101.0,Sense
2025-08-11T18:14:24Z,102.0,Sense
2025-08-11T18:14:39Z,103.0,Sense
2025-08-11T18:14:54Z,102.0,Sense
2025-08-11T18:14:59Z,101.0,Sense
2025-08-11T18:15:04Z,100.0,Sense
2025-08-11T18:15:19Z,100.0,Sense
2025-08-11T18:15:29Z,99.0,Sense
2025-08-11T18:15:39Z,100.0,Sense
2025-08-11T18:15:44Z,99.0,Sense
2025-08-11T18:15:49Z,100.0,Sense
2025-08-11T18:15:54Z,99.0,Sense
2025-08-11T18:16:04Z,98.0,Sense
2025-08-11T18:16:19Z,98.0,Sense
2025-08-11T18:16:24Z,97.0,Sense
2025-08-11T18:16:29Z,96.0,Sense
2025-08-11T18:16:34Z,97.0,Sense
2025-08-11T18:16:39Z,94.0,Sense
2025-08-11T18:16:44Z,94.0,Sense
2025-08-11T18:16:49Z,95.0,Sense
2025-08-11T18:16:54Z,96.0,Sense
2025-08-11T18:16:59Z,96.0,Sense
2025-08-11T18:17:14Z,97.0,Sense
2025-08-11T18:17:24Z,98.0,Sense
2025-08-11T18:17:39Z,98.0,Sense
2025-08-11T18:17:44Z,100.0,Sense
2025-08-11T18:17:59Z,100.0,Sense
2025-08-11T18:18:09Z,101.0,Sense
2025-08-11T18:18:14Z,101.0,Sense
2025-08-11T18:18:19Z,102.0,Sense
2025-08-11T18:18:24Z,103.0,Sense
2025-08-11T18:18:29Z,102.0,Sense
2025-08-11T18:18:34Z,101.0,Sense
2025-08-11T18:18:39Z,100.0,Sense
2025-08-11T18:18:44Z,99.0,Sense
2025-08-11T18:18:59Z,99.0,Sense
2025-08-11T18:19:14Z,98.0,Sense
2025-08-11T18:19:19Z,96.0,Sense
2025-08-11T18:19:24Z,95.0,Sense
2025-08-11T18:19:34Z,94.0,Sense
2025-08-11T18:19:39Z,93.0,Sense
2025-08-11T18:19:49Z,95.0,Sense
2025-08-11T18:19:54Z,97.0,Sense
2025-08-11T18:19:59Z,96.0,Sense
2025-08-11T18:20:09Z,98.0,Sense
2025-08-11T18:20:14Z,110.0,Sense
2025-08-11T18:20:19Z,111.0,Sense
2025-08-11T18:20:24Z,110.0,Sense
2025-08-11T18:20:34Z,109.0,Sense
2025-08-11T18:20:39Z,107.0,Sense
2025-08-11T18:20:44Z,103.0,Sense
2025-08-11T18:20:49Z,99.0,Sense
2025-08-11T18:20:54Z,90.0,Sense
2025-08-11T18:20:59Z,88.0,Sense
2025-08-11T18:21:04Z,89.0,Sense
2025-08-11T18:21:14Z,90.0,Sense
2025-08-11T18:21:19Z,92.0,Sense
2025-08-11T18:21:24Z,93.0,Sense
2025-08-11T18:21:29Z,95.0,Sense
2025-08-11T18:21:39Z,93.0,Sense
2025-08-11T18:21:44Z,93.0,Sense
2025-08-11T18:21:54Z,94.0,Sense
2025-08-11T18:21:59Z,95.0,Sense
2025-08-11T18:22:04Z,95.0,Sense
2025-08-11T18:22:14Z,102.0,Sense
2025-08-11T18:22:19Z,100.0,Sense
2025-08-11T18:22:34Z,100.0,Sense
2025-08-11T18:22:39Z,100.0,Sense
2025-08-11T18:22:44Z,98.0,Sense
2025-08-11T18:22:49Z,97.0,Sense
2025-08-11T18:22:59Z,91.0,Sense
2025-08-11T18:23:04Z,90.0,Sense
2025-08-11T18:23:19Z,92.0,Sense
2025-08-11T18:23:24Z,101.0,Sense
2025-08-11T18:23:29Z,102.0,Sense
2025-08-11T18:23:34Z,104.0,Sense
2025-08-11T18:23:39Z,105.0,Sense
2025-08-11T18:23:44Z,104.0,Sense
2025-08-11T18:23:49Z,101.0,Sense
2025-08-11T18:23:54Z,100.0,Sense
2025-08-11T18:24:04Z,101.0,Sense
2025-08-11T18:24:09Z,102.0,Sense
2025-08-11T18:24:14Z,100.0,Sense
2025-08-11T18:24:29Z,101.0,Sense
2025-08-11T18:24:34Z,112.0,Sense
2025-08-11T18:24:39Z,116.0,Sense
2025-08-11T18:24:44Z,118.0,Sense
2025-08-11T18:24:54Z,117.0,Sense
2025-08-11T18:24:59Z,116.0,Sense
2025-08-11T18:25:04Z,112.0,Sense
2025-08-11T18:25:19Z,110.0,Sense
2025-08-11T18:25:24Z,109.0,Sense
2025-08-11T18:25:29Z,108.0,Sense
2025-08-11T18:25:34Z,106.0,Sense
2025-08-11T18:25:39Z,104.0,Sense
2025-08-11T18:25:44Z,103.0,Sense
2025-08-11T18:25:59Z,102.0,Sense
2025-08-11T18:26:04Z,101.0,Sense
2025-08-11T18:26:09Z,100.0,Sense
2025-08-11T18:26:24Z,100.0,Sense
2025-08-11T18:26:34Z,101.0,Sense
2025-08-11T18:26:44Z,99.0,Sense
2025-08-11T18:26:49Z,97.0,Sense
2025-08-11T18:26:59Z,94.0,Sense
2025-08-11T18:27:04Z,90.0,Sense
2025-08-11T18:27:09Z,92.0,Sense
2025-08-11T18:27:19Z,93.0,Sense
2025-08-11T18:27:24Z,90.0,Sense
2025-08-11T18:27:29Z,89.0,Sense
2025-08-11T18:27:34Z,91.0,Sense
2025-08-11T18:27:39Z,97.0,Sense
2025-08-11T18:27:44Z,98.0,Sense
2025-08-11T18:27:59Z,98.0,Sense
2025-08-11T18:28:09Z,98.0,Sense
2025-08-11T18:28:14Z,97.0,Sense
2025-08-11T18:28:29Z,96.0,Sense
2025-08-11T18:28:39Z,95.0,Sense
2025-08-11T18:28:49Z,94.0,Sense
2025-08-11T18:28:54Z,95.0,Sense
2025-08-11T18:29:04Z,96.0,Sense
2025-08-11T18:29:14Z,98.0,Sense
2025-08-11T18:29:24Z,99.0,Sense
2025-08-11T18:29:29Z,99.0,Sense
2025-08-11T18:29:39Z,100.0,Sense
2025-08-11T18:29:44Z,99.0,Sense
2025-08-11T18:29:54Z,100.0,Sense
2025-08-11T18:29:59Z,98.0,Sense
2025-08-11T18:30:09Z,97.0,Sense
2025-08-11T18:30:14Z,96.0,Sense
2025-08-11T18:30:19Z,96.0,Sense
2025-08-11T18:30:24Z,97.0,Sense
2025-08-11T18:30:34Z,96.0,Sense
2025-08-11T18:30:49Z,96.0,Sense
2025-08-11T18:30:54Z,95.0,Sense
2025-08-11T18:30:59Z,96.0,Sense
2025-08-11T18:31:14Z,99.0,Sense
2025-08-11T18:31:29Z,99.0,Sense
2025-08-11T18:31:39Z,104.0,Sense
2025-08-11T18:31:44Z,105.0,Sense
2025-08-11T18:31:54Z,104.0,Sense
2025-08-11T18:31:59Z,101.0,Sense
2025-08-11T18:32:04Z,100.0,Sense
2025-08-11T18:32:09Z,99.0,Sense
2025-08-11T18:32:19Z,98.0,Sense
2025-08-11T18:32:24Z,97.0,Sense
2025-08-11T18:32:29Z,95.0,Sense
2025-08-11T18:32:44Z,97.0,Sense
2025-08-11T18:32:59Z,97.0,Sense
2025-08-11T18:33:09Z,98.0,Sense
2025-08-11T18:33:14Z,97.0,Sense
2025-08-11T18:33:29Z,99.0,Sense
2025-08-11T18:33:39Z,98.0,Sense
2025-08-11T18:33:44Z,97.0,Sense
2025-08-11T18:33:54Z,96.0,Sense
2025-08-11T18:33:59Z,97.0,Sense
2025-08-11T18:34:04Z,98.0,Sense
2025-08-11T18:34:09Z,99.0,Sense
2025-08-11T18:34:14Z,100.0,Sense
2025-08-11T18:34:19Z,97.0,Sense
2025-08-11T18:34:24Z,96.0,Sense
2025-08-11T18:34:29Z,95.0,Sense
2025-08-11T18:34:39Z,96.0,Sense
2025-08-11T18:34:44Z,98.0,Sense
2025-08-11T18:34:54Z,97.0,Sense
2025-08-11T18:34:59Z,96.0,Sense
2025-08-11T18:35:09Z,94.0,Sense
2025-08-11T18:35:14Z,91.0,Sense
2025-08-11T18:35:19Z,93.0,Sense
2025-08-11T18:35:24Z,97.0,Sense
2025-08-11T18:35:39Z,97.0,Sense
2025-08-11T18:35:44Z,98.0,Sense
2025-08-11T18:35:49Z,97.0,Sense
2025-08-11T18:36:04Z,97.0,Sense
2025-08-11T18:36:09Z,96.0,Sense
2025-08-11T18:36:14Z,95.0,Sense
2025-08-11T18:36:24Z,94.0,Sense
2025-08-11T18:36:39Z,94.0,Sense
2025-08-11T18:36:44Z,96.0,Sense
2025-08-11T18:36:54Z,97.0,Sense
2025-08-11T18:36:59Z,98.0,Sense
2025-08-11T18:37:04Z,98.0,Sense
2025-08-11T18:37:14Z,96.0,Sense
2025-08-11T18:37:19Z,95.0,Sense
2025-08-11T18:37:24Z,95.0,Sense
2025-08-11T18:37:29Z,101.0,Sense
2025-08-11T18:37:34Z,118.0,Sense
2025-08-11T18:37:39Z,118.0,Sense
2025-08-11T18:37:49Z,117.0,Sense
2025-08-11T18:37:54Z,116.0,Sense
2025-08-11T18:38:04Z,114.0,Sense
2025-08-11T18:38:09Z,108.0,Sense
2025-08-11T18:38:14Z,99.0,Sense
2025-08-11T18:38:19Z,100.0,Sense
2025-08-11T18:38:24Z,99.0,Sense
2025-08-11T18:38:29Z,98.0,Sense
2025-08-11T18:38:34Z,97.0,Sense
2025-08-11T18:38:44Z,100.0,Sense
2025-08-11T18:38:59Z,100.0,Sense
2025-08-11T18:39:04Z,98.0,Sense
2025-08-11T18:39:09Z,99.0,Sense
2025-08-11T18:39:14Z,96.0,Sense
2025-08-11T18:39:19Z,90.0,Sense
2025-08-11T18:39:34Z,91.0,Sense
2025-08-11T18:39:39Z,91.0,Sense
2025-08-11T18:39:54Z,91.0,Sense
2025-08-11T18:39:59Z,90.0,Sense
2025-08-11T18:40:04Z,91.0,Sense
2025-08-11T18:40:09Z,91.0,Sense
2025-08-11T18:40:24Z,91.0,Sense
2025-08-11T18:40:29Z,92.0,Sense
2025-08-11T18:40:34Z,93.0,Sense
2025-08-11T18:40:39Z,94.0,Sense
2025-08-11T18:40:44Z,95.0,Sense
2025-08-11T18:40:54Z,96.0,Sense
2025-08-11T18:41:09Z,96.0,Sense
2025-08-11T18:41:19Z,94.0,Sense
2025-08-11T18:41:24Z,93.0,Sense
2025-08-11T18:41:29Z,92.0,Sense
2025-08-11T18:41:39Z,93.0,Sense
2025-08-11T18:41:49Z,94.0,Sense
2025-08-11T18:41:59Z,95.0,Sense
2025-08-11T18:42:04Z,96.0,Sense
2025-08-11T18:42:09Z,97.0,Sense
2025-08-11T18:42:14Z,95.0,Sense
2025-08-11T18:42:19Z,92.0,Sense
2025-08-11T18:42:34Z,93.0,Sense
2025-08-11T18:42:44Z,92.0,Sense
2025-08-11T18:42:54Z,92.0,Sense
2025-08-11T18:42:59Z,91.0,Sense
2025-08-11T18:43:04Z,92.0,Sense
2025-08-11T18:43:09Z,94.0,Sense
2025-08-11T18:43:14Z,95.0,Sense
2025-08-11T18:43:19Z,99.0,Sense
2025-08-11T18:43:24Z,92.0,Sense
2025-08-11T18:43:29Z,92.0,Sense
2025-08-11T18:43:34Z,91.0,Sense
2025-08-11T18:43:39Z,95.0,Sense
2025-08-11T18:43:44Z,97.0,Sense
2025-08-11T18:43:49Z,98.0,Sense
2025-08-11T18:43:54Z,99.0,Sense
2025-08-11T18:44:09Z,99.0,Sense
2025-08-11T18:44:14Z,101.0,Sense
2025-08-11T18:44:19Z,100.0,Sense
2025-08-11T18:44:24Z,99.0,Sense
2025-08-11T18:44:29Z,97.0,Sense
2025-08-11T18:44:34Z,95.0,Sense
2025-08-11T18:44:49Z,95.0,Sense
2025-08-11T18:44:54Z,96.0,Sense
2025-08-11T18:44:59Z,97.0,Sense
2025-08-11T18:45:04Z,96.0,Sense
2025-08-11T18:45:19Z,96.0,Sense
2025-08-11T18:45:24Z,104.0,Sense
2025-08-11T18:45:29Z,112.0,Sense
2025-08-11T18:45:39Z,110.0,Sense
2025-08-11T18:45:44Z,109.0,Sense
2025-08-11T18:45:49Z,97.0,Sense
2025-08-11T18:45:59Z,95.0,Sense
2025-08-11T18:46:14Z,94.0,Sense
2025-08-11T18:46:19Z,94.0,Sense
2025-08-11T18:46:24Z,95.0,Sense
2025-08-11T18:46:29Z,96.0,Sense
2025-08-11T18:46:44Z,96.0,Sense
2025-08-11T18:46:49Z,97.0,Sense
2025-08-11T18:46:54Z,98.0,Sense
2025-08-11T18:47:04Z,100.0,Sense
2025-08-11T18:47:09Z,101.0,Sense
2025-08-11T18:47:19Z,102.0,Sense
2025-08-11T18:47:24Z,101.0,Sense
2025-08-11T18:47:34Z,100.0,Sense
2025-08-11T18:47:39Z,99.0,Sense
2025-08-11T18:47:44Z,101.0,Sense
2025-08-11T18:47:49Z,100.0,Sense
2025-08-11T18:47:59Z,101.0,Sense
2025-08-11T18:48:04Z,102.0,Sense
2025-08-11T18:48:14Z,101.0,Sense
2025-08-11T18:48:19Z,102.0,Sense
2025-08-11T18:48:24Z,100.0,Sense
2025-08-11T18:48:29Z,93.0,Sense
2025-08-11T18:48:44Z,93.0,Sense
2025-08-11T18:48:54Z,94.0,Sense
2025-08-11T18:49:09Z,94.0,Sense
2025-08-11T18:49:14Z,96.0,Sense
2025-08-11T18:49:19Z,98.0,Sense
2025-08-11T18:49:34Z,98.0,Sense
2025-08-11T18:49:39Z,99.0,Sense
2025-08-11T18:49:44Z,98.0,Sense
2025-08-11T18:49:49Z,94.0,Sense
2025-08-11T18:49:54Z,91.0,Sense
2025-08-11T18:49:59Z,92.0,Sense
2025-08-11T18:50:09Z,93.0,Sense
2025-08-11T18:50:19Z,95.0,Sense
2025-08-11T18:50:24Z,96.0,Sense
2025-08-11T18:50:39Z,98.0,Sense
2025-08-11T18:50:54Z,98.0,Sense
2025-08-11T18:50:59Z,99.0,Sense
2025-08-11T18:51:09Z,98.0,Sense
2025-08-11T18:51:14Z,99.0,Sense
2025-08-11T18:51:19Z,103.0,Sense
2025-08-11T18:51:24Z,105.0,Sense
2025-08-11T18:51:29Z,104.0,Sense
2025-08-11T18:51:39Z,99.0,Sense
2025-08-11T18:51:44Z,91.0,Sense
2025-08-11T18:51:49Z,92.0,Sense
2025-08-11T18:51:54Z,94.0,Sense
2025-08-11T18:51:59Z,96.0,Sense
2025-08-11T18:52:04Z,97.0,Sense
2025-08-11T18:52:19Z,97.0,Sense
2025-08-11T18:52:24Z,96.0,Sense
2025-08-11T18:52:34Z,94.0,Sense
2025-08-11T18:52:39Z,88.0,Sense
2025-08-11T18:52:49Z,95.0,Sense
2025-08-11T18:52:54Z,96.0,Sense
2025-08-11T18:52:59Z,96.0,Sense
2025-08-11T18:53:09Z,97.0,Sense
2025-08-11T18:53:14Z,96.0,Sense
2025-08-11T18:53:19Z,92.0,Sense
2025-08-11T18:53:24Z,91.0,Sense
2025-08-11T18:53:29Z,92.0,Sense
2025-08-11T18:53:34Z,93.0,Sense
2025-08-11T18:53:44Z,93.0,Sense
2025-08-11T18:53:49Z,95.0,Sense
2025-08-11T18:54:04Z,95.0,Sense
2025-08-11T18:54:09Z,97.0,Sense
2025-08-11T18:54:24Z,94.0,Sense
2025-08-11T18:54:34Z,95.0,Sense
2025-08-11T18:54:39Z,96.0,Sense
2025-08-11T18:54:49Z,98.0,Sense
2025-08-11T18:54:54Z,102.0,Sense
2025-08-11T18:54:59Z,101.0,Sense
2025-08-11T18:55:04Z,104.0,Sense
2025-08-11T18:55:19Z,106.0,Sense
2025-08-11T18:55:24Z,104.0,Sense
2025-08-11T18:55:29Z,102.0,Sense
2025-08-11T18:55:39Z,103.0,Sense
2025-08-11T18:55:44Z,102.0,Sense
2025-08-11T18:55:49Z,101.0,Sense
2025-08-11T18:56:04Z,100.0,Sense
2025-08-11T18:56:19Z,100.0,Sense
2025-08-11T18:56:29Z,104.0,Sense
2025-08-11T18:56:34Z,104.0,Sense
2025-08-11T18:56:39Z,103.0,Sense
2025-08-11T18:56:49Z,105.0,Sense
2025-08-11T18:56:54Z,109.0,Sense
2025-08-11T18:57:09Z,105.0,Sense
2025-08-11T18:57:14Z,102.0,Sense
2025-08-11T18:57:19Z,103.0,Sense
2025-08-11T18:57:24Z,101.0,Sense
2025-08-11T18:57:34Z,100.0,Sense
2025-08-11T18:57:44Z,101.0,Sense
2025-08-11T18:57:49Z,99.0,Sense
2025-08-11T18:57:54Z,109.0,Sense
2025-08-11T18:58:09Z,107.0,Sense
2025-08-11T18:58:14Z,106.0,Sense
2025-08-11T18:58:19Z,105.0,Sense
2025-08-11T18:58:24Z,102.0,Sense
2025-08-11T18:58:34Z,101.0,Sense
2025-08-11T18:58:44Z,102.0,Sense
2025-08-11T18:58:49Z,101.0,Sense
2025-08-11T18:58:54Z,102.0,Sense
2025-08-11T18:58:59Z,103.0,Sense
2025-08-11T18:59:04Z,101.0,Sense
2025-08-11T18:59:09Z,99.0,Sense
2025-08-11T18:59:14Z,100.0,Sense
2025-08-11T18:59:24Z,99.0,Sense
2025-08-11T18:59:29Z,98.0,Sense
2025-08-11T18:59:34Z,98.0,Sense
2025-08-11T18:59:39Z,97.0,Sense
2025-08-11T18:59:44Z,95.0,Sense
2025-08-11T18:59:49Z,95.0,Sense
2025-08-11T19:00:04Z,95.0,Sense
2025-08-11T19:00:09Z,96.0,Sense
2025-08-11T19:00:14Z,97.0,Sense
2025-08-11T19:00:19Z,98.0,Sense
2025-08-11T19:00:29Z,97.0,Sense
2025-08-11T19:00:39Z,98.0,Sense
2025-08-11T19:00:44Z,96.0,Sense
2025-08-11T19:00:49Z,97.0,Sense
2025-08-11T19:01:04Z,97.0,Sense
2025-08-11T19:01:09Z,98.0,Sense
2025-08-11T19:01:19Z,97.0,Sense
2025-08-11T19:01:29Z,98.0,Sense
2025-08-11T19:01:34Z,99.0,Sense
2025-08-11T19:01:39Z,98.0,Sense
2025-08-11T19:01:44Z,97.0,Sense
2025-08-11T19:01:59Z,99.0,Sense
2025-08-11T19:02:04Z,98.0,Sense
2025-08-11T19:02:09Z,96.0,Sense
2025-08-11T19:02:14Z,93.0,Sense
2025-08-11T19:02:24Z,94.0,Sense
2025-08-11T19:02:34Z,95.0,Sense
2025-08-11T19:02:39Z,94.0,Sense
2025-08-11T19:02:49Z,96.0,Sense
2025-08-11T19:02:54Z,96.0,Sense
2025-08-11T19:02:59Z,97.0,Sense
2025-08-11T19:03:04Z,96.0,Sense
2025-08-11T19:03:09Z,95.0,Sense
2025-08-11T19:03:14Z,96.0,Sense
2025-08-11T19:03:24Z,99.0,Sense
2025-08-11T19:03:39Z,98.0,Sense
2025-08-11T19:03:44Z,99.0,Sense
2025-08-11T19:03:49Z,98.0,Sense
2025-08-11T19:03:54Z,96.0,Sense
2025-08-11T19:03:59Z,93.0,Sense
2025-08-11T19:04:09Z,92.0,Sense
2025-08-11T19:04:14Z,93.0,Sense
2025-08-11T19:04:19Z,94.0,Sense
2025-08-11T19:04:29Z,94.0,Sense
2025-08-11T19:04:34Z,93.0,Sense
2025-08-11T19:04:49Z,93.0,Sense
2025-08-11T19:04:59Z,94.0,Sense
2025-08-11T19:05:04Z,95.0,Sense
2025-08-11T19:05:09Z,96.0,Sense
2025-08-11T19:05:19Z,95.0,Sense
2025-08-11T19:05:24Z,95.0,Sense
2025-08-11T19:05:29Z,97.0,Sense
2025-08-11T19:05:44Z,96.0,Sense
2025-08-11T19:05:49Z,96.0,Sense
2025-08-11T19:05:54Z,97.0,Sense
2025-08-11T19:05:59Z,98.0,Sense
2025-08-11T19:06:04Z,98.0,Sense
2025-08-11T19:06:14Z,100.0,Sense
2025-08-11T19:06:19Z,104.0,Sense
2025-08-11T19:06:24Z,103.0,Sense
2025-08-11T19:06:34Z,102.0,Sense
2025-08-11T19:06:39Z,101.0,Sense
2025-08-11T19:06:54Z,102.0,Sense
2025-08-11T19:07:04Z,100.0,Sense
2025-08-11T19:07:14Z,99.0,Sense
2025-08-11T19:07:19Z,98.0,Sense
2025-08-11T19:07:29Z,99.0,Sense
2025-08-11T19:07:34Z,98.0,Sense
2025-08-11T19:07:39Z,99.0,Sense
2025-08-11T19:07:44Z,100.0,Sense
2025-08-11T19:07:59Z,99.0,Sense
2025-08-11T19:08:09Z,98.0,Sense
2025-08-11T19:08:14Z,97.0,Sense
2025-08-11T19:08:24Z,96.0,Sense
2025-08-11T19:08:29Z,98.0,Sense
2025-08-11T19:08:34Z,100.0,Sense
2025-08-11T19:08:39Z,96.0,Sense
2025-08-11T19:08:44Z,93.0,Sense
2025-08-11T19:08:49Z,94.0,Sense
2025-08-11T19:09:04Z,94.0,Sense
2025-08-11T19:09:09Z,94.0,Sense
2025-08-11T19:09:19Z,93.0,Sense
2025-08-11T19:09:29Z,94.0,Sense
2025-08-11T19:09:34Z,94.0,Sense
2025-08-11T19:09:39Z,92.0,Sense
2025-08-11T19:09:44Z,91.0,Sense
2025-08-11T19:09:59Z,92.0,Sense
2025-08-11T19:10:04Z,89.0,Sense
2025-08-11T19:10:09Z,87.0,Sense
2025-08-11T19:10:24Z,87.0,Sense
2025-08-11T19:10:29Z,88.0,Sense
2025-08-11T19:10:34Z,88.0,Sense
2025-08-11T19:10:39Z,90.0,Sense
2025-08-11T19:10:44Z,91.0,Sense
2025-08-11T19:10:59Z,91.0,Sense
2025-08-11T19:11:04Z,93.0,Sense
2025-08-11T19:11:09Z,94.0,Sense
2025-08-11T19:11:14Z,95.0,Sense
2025-08-11T19:11:19Z,96.0,Sense
2025-08-11T19:11:29Z,98.0,Sense
2025-08-11T19:11:44Z,99.0,Sense
2025-08-11T19:11:49Z,92.0,Sense
2025-08-11T19:12:04Z,92.0,Sense
2025-08-11T19:12:09Z,93.0,Sense
2025-08-11T19:12:14Z,93.0,Sense
2025-08-11T19:12:19Z,95.0,Sense
2025-08-11T19:12:24Z,90.0,Sense
2025-08-11T19:12:29Z,90.0,Sense
2025-08-11T19:12:39Z,89.0,Sense
2025-08-11T19:12:44Z,88.0,Sense
2025-08-11T19:12:49Z,89.0,Sense
2025-08-11T19:12:59Z,90.0,Sense
2025-08-11T19:13:09Z,91.0,Sense
2025-08-11T19:13:24Z,91.0,Sense
2025-08-11T19:13:29Z,92.0,Sense
2025-08-11T19:13:34Z,93.0,Sense
2025-08-11T19:13:39Z,94.0,Sense
2025-08-11T19:13:49Z,93.0,Sense
2025-08-11T19:13:54Z,94.0,Sense
2025-08-11T19:13:59Z,95.0,Sense
2025-08-11T19:14:04Z,96.0,Sense
2025-08-11T19:14:19Z,97.0,Sense
2025-08-11T19:14:24Z,98.0,Sense
2025-08-11T19:14:34Z,99.0,Sense
2025-08-11T19:14:44Z,99.0,Sense
2025-08-11T19:14:49Z,101.0,Sense
2025-08-11T19:14:59Z,100.0,Sense
2025-08-11T19:15:09Z,98.0,Sense
2025-08-11T19:15:14Z,96.0,Sense
2025-08-11T19:15:19Z,96.0,Sense
2025-08-11T19:15:24Z,99.0,Sense
2025-08-11T19:15:29Z,100.0,Sense
2025-08-11T19:15:44Z,100.0,Sense
2025-08-11T19:15:49Z,90.0,Sense
2025-08-11T19:15:59Z,98.0,Sense
2025-08-11T19:16:04Z,99.0,Sense
2025-08-11T19:16:19Z,98.0,Sense
2025-08-11T19:16:24Z,96.0,Sense
2025-08-11T19:16:29Z,90.0,Sense
2025-08-11T19:16:34Z,88.0,Sense
2025-08-11T19:16:49Z,88.0,Sense
2025-08-11T19:16:54Z,90.0,Sense
2025-08-11T19:16:59Z,91.0,Sense
2025-08-11T19:17:04Z,92.0,Sense
2025-08-11T19:17:09Z,93.0,Sense
2025-08-11T19:17:19Z,92.0,Sense
2025-08-11T19:17:29Z,93.0,Sense
2025-08-11T19:17:44Z,94.0,Sense
2025-08-11T19:17:59Z,94.0,Sense
2025-08-11T19:18:04Z,93.0,Sense
2025-08-11T19:18:09Z,94.0,Sense
2025-08-11T19:18:24Z,95.0,Sense
2025-08-11T19:18:34Z,96.0,Sense
2025-08-11T19:18:39Z,98.0,Sense
2025-08-11T19:18:54Z,98.0,Sense
2025-08-11T19:18:59Z,97.0,Sense
2025-08-11T19:19:04Z,98.0,Sense
2025-08-11T19:19:09Z,99.0,Sense
2025-08-11T19:19:24Z,99.0,Sense
2025-08-11T19:19:34Z,100.0,Sense
2025-08-11T19:19:44Z,99.0,Sense
2025-08-11T19:19:59Z,100.0,Sense
2025-08-11T19:20:04Z,100.0,Sense
2025-08-11T19:20:14Z,99.0,Sense
2025-08-11T19:20:29Z,99.0,Sense
2025-08-11T19:20:39Z,101.0,Sense
2025-08-11T19:20:44Z,105.0,Sense
2025-08-11T19:20:49Z,106.0,Sense
2025-08-11T19:20:54Z,95.0,Sense
2025-08-11T19:20:59Z,94.0,Sense
2025-08-11T19:21:04Z,95.0,Sense
2025-08-11T19:21:14Z,92.0,Sense
2025-08-11T19:21:19Z,91.0,Sense
2025-08-11T19:21:24Z,93.0,Sense
2025-08-11T19:21:29Z,94.0,Sense
2025-08-11T19:21:34Z,96.0,Sense
2025-08-11T19:21:39Z,96.0,Sense
2025-08-11T19:21:44Z,97.0,Sense
2025-08-11T19:21:54Z,106.0,Sense
2025-08-11T19:21:59Z,107.0,Sense
2025-08-11T19:22:09Z,106.0,Sense
2025-08-11T19:22:14Z,91.0,Sense
2025-08-11T19:22:24Z,92.0,Sense
2025-08-11T19:22:29Z,94.0,Sense
2025-08-11T19:22:39Z,99.0,Sense
2025-08-11T19:22:44Z,101.0,Sense
2025-08-11T19:22:49Z,102.0,Sense
2025-08-11T19:22:54Z,97.0,Sense
2025-08-11T19:22:59Z,91.0,Sense
2025-08-11T19:23:04Z,94.0,Sense
2025-08-11T19:23:14Z,91.0,Sense
2025-08-11T19:23:19Z,89.0,Sense
2025-08-11T19:23:24Z,91.0,Sense
2025-08-11T19:23:39Z,92.0,Sense
2025-08-11T19:23:54Z,92.0,Sense
2025-08-11T19:24:04Z,93.0,Sense
2025-08-11T19:24:09Z,95.0,Sense
2025-08-11T19:24:14Z,103.0,Sense
2025-08-11T19:24:19Z,106.0,Sense
2025-08-11T19:24:24Z,108.0,Sense
2025-08-11T19:24:29Z,106.0,Sense
2025-08-11T19:24:34Z,105.0,Sense
2025-08-11T19:24:39Z,113.0,Sense
2025-08-11T19:24:44Z,119.0,Sense
2025-08-11T19:24:49Z,118.0,Sense
2025-08-11T19:24:54Z,117.0,Sense
2025-08-11T19:24:59Z,115.0,Sense
2025-08-11T19:25:04Z,108.0,Sense
2025-08-11T19:25:09Z,104.0,Sense
2025-08-11T19:25:14Z,108.0,Sense
2025-08-11T19:25:19Z,137.0,Sense
2025-08-11T19:25:24Z,138.0,Sense
2025-08-11T19:25:34Z,137.0,Sense
2025-08-11T19:25:39Z,119.0,Sense
2025-08-11T19:25:44Z,117.0,Sense
2025-08-11T19:25:59Z,118.0,Sense
2025-08-11T19:26:04Z,115.0,Sense
2025-08-11T19:26:14Z,98.0,Sense
2025-08-11T19:26:19Z,93.0,Sense
2025-08-11T19:26:24Z,95.0,Sense
2025-08-11T19:26:29Z,96.0,Sense
2025-08-11T19:26:39Z,96.0,Sense
2025-08-11T19:26:44Z,98.0,Sense
2025-08-11T19:26:54Z,99.0,Sense
2025-08-11T19:26:59Z,98.0,Sense
2025-08-11T19:27:04Z,100.0,Sense
2025-08-11T19:27:09Z,99.0,Sense
2025-08-11T19:27:14Z,98.0,Sense
2025-08-11T19:27:19Z,100.0,Sense
2025-08-11T19:27:24Z,99.0,Sense
2025-08-11T19:27:29Z,100.0,Sense
2025-08-11T19:27:34Z,98.0,Sense
2025-08-11T19:27:39Z,97.0,Sense
2025-08-11T19:27:44Z,97.0,Sense
2025-08-11T19:27:54Z,95.0,Sense
2025-08-11T19:28:04Z,96.0,Sense
2025-08-11T19:28:09Z,97.0,Sense
2025-08-11T19:28:14Z,98.0,Sense
2025-08-11T19:28:19Z,97.0,Sense
2025-08-11T19:28:34Z,98.0,Sense
2025-08-11T19:28:49Z,98.0,Sense
2025-08-11T19:28:54Z,97.0,Sense
2025-08-11T19:28:59Z,96.0,Sense
2025-08-11T19:29:04Z,95.0,Sense
2025-08-11T19:29:09Z,96.0,Sense
2025-08-11T19:29:19Z,97.0,Sense
2025-08-11T19:29:24Z,98.0,Sense
2025-08-11T19:29:29Z,99.0,Sense
2025-08-11T19:29:34Z,101.0,Sense
2025-08-11T19:29:39Z,100.0,Sense
2025-08-11T19:29:49Z,99.0,Sense
2025-08-11T19:29:54Z,100.0,Sense
2025-08-11T19:29:59Z,102.0,Sense
2025-08-11T19:30:09Z,101.0,Sense
2025-08-11T19:30:14Z,99.0,Sense
2025-08-11T19:30:24Z,98.0,Sense
2025-08-11T19:30:29Z,97.0,Sense
2025-08-11T19:30:44Z,98.0,Sense
2025-08-11T19:30:49Z,97.0,Sense
2025-08-11T19:30:54Z,96.0,Sense
2025-08-11T19:30:59Z,95.0,Sense
2025-08-11T19:31:14Z,95.0,Sense
2025-08-11T19:31:24Z,94.0,Sense
2025-08-11T19:31:34Z,95.0,Sense
2025-08-11T19:31:39Z,97.0,Sense
2025-08-11T19:31:44Z,98.0,Sense
2025-08-11T19:31:54Z,100.0,Sense
2025-08-11T19:31:59Z,105.0,Sense
2025-08-11T19:32:09Z,104.0,Sense
2025-08-11T19:32:14Z,103.0,Sense
2025-08-11T19:32:19Z,102.0,Sense
2025-08-11T19:32:24Z,100.0,Sense
2025-08-11T19:32:29Z,105.0,Sense
2025-08-11T19:32:34Z,123.0,Sense
2025-08-11T19:32:39Z,124.0,Sense
2025-08-11T19:32:54Z,124.0,Sense
2025-08-11T19:32:59Z,125.0,Sense
2025-08-11T19:33:04Z,123.0,Sense
2025-08-11T19:33:09Z,116.0,Sense
2025-08-11T19:33:14Z,112.0,Sense
2025-08-11T19:33:19Z,103.0,Sense
2025-08-11T19:33:24Z,97.0,Sense
2025-08-11T19:33:29Z,88.0,Sense
2025-08-11T19:33:34Z,82.0,Sense
2025-08-11T19:33:39Z,83.0,Sense
2025-08-11T19:33:44Z,84.0,Sense
2025-08-11T19:33:49Z,85.0,Sense
2025-08-11T19:33:54Z,88.0,Sense
2025-08-11T19:33:59Z,89.0,Sense
2025-08-11T19:34:04Z,91.0,Sense
2025-08-11T19:34:14Z,92.0,Sense
2025-08-11T19:34:24Z,90.0,Sense
2025-08-11T19:34:29Z,89.0,Sense
2025-08-11T19:34:34Z,87.0,Sense
2025-08-11T19:34:39Z,91.0,Sense
2025-08-11T19:34:44Z,94.0,Sense
2025-08-11T19:34:49Z,90.0,Sense
2025-08-11T19:34:54Z,84.0,Sense
2025-08-11T19:35:04Z,81.0,Sense
2025-08-11T19:35:14Z,85.0,Sense
2025-08-11T19:35:19Z,86.0,Sense
2025-08-11T19:35:24Z,88.0,Sense
2025-08-11T19:35:29Z,87.0,Sense
2025-08-11T19:35:34Z,88.0,Sense
2025-08-11T19:35:39Z,85.0,Sense
2025-08-11T19:35:44Z,86.0,Sense
2025-08-11T19:35:49Z,82.0,Sense
2025-08-11T19:35:54Z,81.0,Sense
2025-08-11T19:35:59Z,83.0,Sense
2025-08-11T19:36:04Z,84.0,Sense
