timestamp,beats per minute,data source
2025-08-20T06:26:35Z,89.0,Sense
2025-08-20T06:26:40Z,88.0,Sense
2025-08-20T06:26:45Z,88.0,Sense
2025-08-20T06:26:50Z,84.0,Sense
2025-08-20T06:26:55Z,91.0,Sense
2025-08-20T06:27:00Z,90.0,Sense
2025-08-20T06:27:05Z,91.0,Sense
2025-08-20T06:27:10Z,87.0,Sense
2025-08-20T06:27:15Z,86.0,Sense
2025-08-20T06:27:20Z,88.0,Sense
2025-08-20T06:27:25Z,82.0,Sense
2025-08-20T06:27:30Z,79.0,Sense
2025-08-20T06:27:35Z,77.0,Sense
2025-08-20T06:27:40Z,78.0,Sense
2025-08-20T06:27:45Z,80.0,Sense
2025-08-20T06:27:55Z,79.0,Sense
2025-08-20T06:28:00Z,77.0,Sense
2025-08-20T06:28:05Z,79.0,Sense
2025-08-20T06:28:10Z,81.0,Sense
2025-08-20T06:28:20Z,78.0,Sense
2025-08-20T06:28:25Z,80.0,Sense
2025-08-20T06:28:30Z,84.0,Sense
2025-08-20T06:28:35Z,85.0,Sense
2025-08-20T06:28:40Z,87.0,Sense
2025-08-20T06:28:45Z,89.0,Sense
2025-08-20T06:28:50Z,86.0,Sense
2025-08-20T06:29:00Z,85.0,Sense
2025-08-20T06:29:05Z,83.0,Sense
2025-08-20T06:29:10Z,82.0,Sense
2025-08-20T06:29:15Z,80.0,Sense
2025-08-20T06:29:20Z,86.0,Sense
2025-08-20T06:29:25Z,91.0,Sense
2025-08-20T06:29:30Z,89.0,Sense
2025-08-20T06:29:35Z,90.0,Sense
2025-08-20T06:29:40Z,92.0,Sense
2025-08-20T06:29:50Z,90.0,Sense
2025-08-20T06:29:55Z,92.0,Sense
2025-08-20T06:30:10Z,93.0,Sense
2025-08-20T06:30:15Z,92.0,Sense
2025-08-20T06:30:30Z,93.0,Sense
2025-08-20T06:30:35Z,92.0,Sense
2025-08-20T06:30:45Z,91.0,Sense
2025-08-20T06:30:50Z,90.0,Sense
2025-08-20T06:31:05Z,91.0,Sense
2025-08-20T06:31:10Z,96.0,Sense
2025-08-20T06:31:15Z,98.0,Sense
2025-08-20T06:31:25Z,99.0,Sense
2025-08-20T06:31:30Z,98.0,Sense
2025-08-20T06:31:35Z,96.0,Sense
2025-08-20T06:31:40Z,97.0,Sense
2025-08-20T06:31:50Z,98.0,Sense
2025-08-20T06:31:55Z,99.0,Sense
2025-08-20T06:32:00Z,93.0,Sense
2025-08-20T06:32:05Z,84.0,Sense
2025-08-20T06:32:15Z,84.0,Sense
2025-08-20T06:32:20Z,83.0,Sense
2025-08-20T06:32:25Z,83.0,Sense
2025-08-20T06:32:40Z,83.0,Sense
2025-08-20T06:32:45Z,83.0,Sense
2025-08-20T06:32:50Z,106.0,Sense
2025-08-20T06:32:55Z,105.0,Sense
2025-08-20T06:33:00Z,103.0,Sense
2025-08-20T06:33:05Z,101.0,Sense
2025-08-20T06:33:10Z,98.0,Sense
2025-08-20T06:33:15Z,96.0,Sense
2025-08-20T06:33:20Z,93.0,Sense
2025-08-20T06:33:25Z,92.0,Sense
2025-08-20T06:33:30Z,84.0,Sense
2025-08-20T06:33:35Z,77.0,Sense
2025-08-20T06:33:40Z,78.0,Sense
2025-08-20T06:33:45Z,80.0,Sense
2025-08-20T06:33:50Z,81.0,Sense
2025-08-20T06:33:55Z,83.0,Sense
2025-08-20T06:34:00Z,85.0,Sense
2025-08-20T06:34:05Z,86.0,Sense
2025-08-20T06:34:15Z,87.0,Sense
2025-08-20T06:34:20Z,89.0,Sense
2025-08-20T06:34:25Z,90.0,Sense
2025-08-20T06:34:35Z,89.0,Sense
2025-08-20T06:34:40Z,90.0,Sense
2025-08-20T06:34:55Z,89.0,Sense
2025-08-20T06:35:00Z,88.0,Sense
2025-08-20T06:35:05Z,87.0,Sense
2025-08-20T06:35:10Z,85.0,Sense
2025-08-20T06:35:20Z,84.0,Sense
2025-08-20T06:35:25Z,83.0,Sense
2025-08-20T06:35:35Z,82.0,Sense
2025-08-20T06:35:40Z,81.0,Sense
2025-08-20T06:35:45Z,80.0,Sense
2025-08-20T06:35:50Z,81.0,Sense
2025-08-20T06:35:55Z,82.0,Sense
2025-08-20T06:36:00Z,81.0,Sense
2025-08-20T06:36:05Z,80.0,Sense
2025-08-20T06:36:20Z,79.0,Sense
2025-08-20T06:36:35Z,79.0,Sense
2025-08-20T06:36:45Z,81.0,Sense
2025-08-20T06:36:50Z,85.0,Sense
2025-08-20T06:37:05Z,86.0,Sense
2025-08-20T06:37:15Z,87.0,Sense
2025-08-20T06:37:20Z,89.0,Sense
2025-08-20T06:37:25Z,84.0,Sense
2025-08-20T06:37:30Z,82.0,Sense
2025-08-20T06:37:35Z,81.0,Sense
2025-08-20T06:37:50Z,81.0,Sense
2025-08-20T06:37:55Z,80.0,Sense
2025-08-20T06:38:00Z,80.0,Sense
2025-08-20T06:38:05Z,79.0,Sense
2025-08-20T06:38:10Z,80.0,Sense
2025-08-20T06:38:15Z,81.0,Sense
2025-08-20T06:38:30Z,76.0,Sense
2025-08-20T06:38:45Z,75.0,Sense
2025-08-20T06:38:50Z,73.0,Sense
2025-08-20T06:39:05Z,73.0,Sense
2025-08-20T06:39:10Z,74.0,Sense
2025-08-20T06:39:25Z,74.0,Sense
2025-08-20T06:39:40Z,75.0,Sense
2025-08-20T06:39:50Z,76.0,Sense
2025-08-20T10:09:11Z,100.0,Sense
2025-08-20T10:09:16Z,113.0,Sense
2025-08-20T10:09:26Z,113.0,Sense
2025-08-20T10:09:31Z,114.0,Sense
2025-08-20T10:09:36Z,113.0,Sense
2025-08-20T10:09:41Z,110.0,Sense
2025-08-20T10:09:46Z,104.0,Sense
2025-08-20T10:09:51Z,105.0,Sense
2025-08-20T10:09:56Z,108.0,Sense
2025-08-20T10:10:06Z,105.0,Sense
2025-08-20T10:10:16Z,109.0,Sense
2025-08-20T10:10:21Z,110.0,Sense
2025-08-20T10:10:26Z,109.0,Sense
2025-08-20T10:10:31Z,106.0,Sense
2025-08-20T10:10:36Z,99.0,Sense
2025-08-20T10:10:51Z,99.0,Sense
2025-08-20T10:10:56Z,101.0,Sense
2025-08-20T10:11:01Z,107.0,Sense
2025-08-20T10:11:11Z,102.0,Sense
2025-08-20T10:11:16Z,84.0,Sense
2025-08-20T10:11:21Z,82.0,Sense
2025-08-20T10:11:26Z,77.0,Sense
2025-08-20T10:11:31Z,76.0,Sense
2025-08-20T10:11:41Z,80.0,Sense
2025-08-20T10:11:46Z,92.0,Sense
2025-08-20T10:11:56Z,96.0,Sense
2025-08-20T10:12:01Z,97.0,Sense
2025-08-20T10:12:11Z,100.0,Sense
2025-08-20T10:12:16Z,101.0,Sense
2025-08-20T10:12:21Z,102.0,Sense
2025-08-20T10:12:26Z,101.0,Sense
2025-08-20T10:12:41Z,96.0,Sense
2025-08-20T10:12:46Z,98.0,Sense
2025-08-20T10:12:56Z,101.0,Sense
2025-08-20T10:13:01Z,98.0,Sense
2025-08-20T10:13:06Z,96.0,Sense
2025-08-20T10:13:11Z,93.0,Sense
2025-08-20T10:13:16Z,95.0,Sense
2025-08-20T10:13:21Z,94.0,Sense
2025-08-20T10:13:26Z,96.0,Sense
2025-08-20T10:13:31Z,93.0,Sense
2025-08-20T10:13:36Z,95.0,Sense
2025-08-20T10:13:41Z,93.0,Sense
2025-08-20T10:13:46Z,98.0,Sense
2025-08-20T10:13:51Z,99.0,Sense
2025-08-20T10:13:56Z,96.0,Sense
2025-08-20T10:14:11Z,95.0,Sense
2025-08-20T10:14:16Z,97.0,Sense
2025-08-20T10:14:21Z,96.0,Sense
2025-08-20T10:14:26Z,95.0,Sense
2025-08-20T10:14:31Z,94.0,Sense
2025-08-20T10:14:36Z,93.0,Sense
2025-08-20T10:14:41Z,91.0,Sense
2025-08-20T10:14:46Z,90.0,Sense
2025-08-20T10:15:01Z,90.0,Sense
2025-08-20T10:15:06Z,89.0,Sense
2025-08-20T10:15:16Z,88.0,Sense
2025-08-20T10:15:21Z,87.0,Sense
2025-08-20T10:15:26Z,86.0,Sense
2025-08-20T10:15:31Z,83.0,Sense
2025-08-20T10:15:36Z,80.0,Sense
2025-08-20T10:15:51Z,80.0,Sense
2025-08-20T10:15:56Z,79.0,Sense
2025-08-20T10:16:01Z,78.0,Sense
2025-08-20T10:16:16Z,78.0,Sense
2025-08-20T10:16:21Z,76.0,Sense
2025-08-20T10:16:36Z,76.0,Sense
2025-08-20T10:16:41Z,77.0,Sense
2025-08-20T10:16:46Z,78.0,Sense
2025-08-20T10:16:51Z,77.0,Sense
2025-08-20T10:17:06Z,77.0,Sense
2025-08-20T10:17:11Z,78.0,Sense
2025-08-20T10:17:26Z,79.0,Sense
2025-08-20T10:17:31Z,84.0,Sense
2025-08-20T10:17:36Z,83.0,Sense
2025-08-20T10:17:41Z,79.0,Sense
2025-08-20T10:17:56Z,78.0,Sense
2025-08-20T10:18:01Z,79.0,Sense
2025-08-20T10:18:06Z,85.0,Sense
2025-08-20T10:18:11Z,86.0,Sense
2025-08-20T10:18:26Z,84.0,Sense
2025-08-20T10:18:31Z,85.0,Sense
2025-08-20T10:18:41Z,83.0,Sense
2025-08-20T10:18:46Z,79.0,Sense
2025-08-20T10:18:51Z,80.0,Sense
2025-08-20T10:18:56Z,81.0,Sense
2025-08-20T10:19:11Z,80.0,Sense
2025-08-20T10:19:21Z,81.0,Sense
2025-08-20T10:19:26Z,81.0,Sense
2025-08-20T10:19:36Z,80.0,Sense
2025-08-20T10:19:41Z,79.0,Sense
2025-08-20T10:19:51Z,80.0,Sense
2025-08-20T10:20:06Z,80.0,Sense
2025-08-20T10:20:11Z,79.0,Sense
2025-08-20T10:20:16Z,78.0,Sense
2025-08-20T10:20:21Z,79.0,Sense
2025-08-20T10:20:26Z,78.0,Sense
2025-08-20T10:20:31Z,76.0,Sense
2025-08-20T10:20:46Z,76.0,Sense
2025-08-20T10:20:56Z,76.0,Sense
2025-08-20T10:21:06Z,74.0,Sense
2025-08-20T10:21:21Z,74.0,Sense
2025-08-20T10:21:26Z,74.0,Sense
2025-08-20T10:21:41Z,74.0,Sense
2025-08-20T10:21:51Z,75.0,Sense
2025-08-20T10:21:56Z,76.0,Sense
2025-08-20T10:22:06Z,75.0,Sense
2025-08-20T10:22:21Z,74.0,Sense
2025-08-20T10:22:31Z,73.0,Sense
2025-08-20T10:22:36Z,73.0,Sense
2025-08-20T10:22:51Z,74.0,Sense
2025-08-20T10:23:01Z,75.0,Sense
2025-08-20T10:23:16Z,76.0,Sense
2025-08-20T10:23:21Z,78.0,Sense
2025-08-20T10:23:31Z,78.0,Sense
2025-08-20T10:35:35Z,80.0,Sense
2025-08-20T10:35:40Z,83.0,Sense
2025-08-20T10:35:45Z,84.0,Sense
2025-08-20T10:35:50Z,87.0,Sense
2025-08-20T10:35:55Z,88.0,Sense
2025-08-20T10:36:05Z,86.0,Sense
2025-08-20T10:36:20Z,86.0,Sense
2025-08-20T10:36:30Z,85.0,Sense
2025-08-20T10:36:36Z,86.0,Sense
2025-08-20T10:36:46Z,88.0,Sense
2025-08-20T10:36:51Z,87.0,Sense
2025-08-20T10:36:56Z,88.0,Sense
2025-08-20T10:37:01Z,84.0,Sense
2025-08-20T10:37:06Z,87.0,Sense
2025-08-20T10:37:16Z,88.0,Sense
2025-08-20T10:37:21Z,86.0,Sense
2025-08-20T10:37:31Z,81.0,Sense
2025-08-20T10:37:36Z,79.0,Sense
2025-08-20T10:37:41Z,77.0,Sense
2025-08-20T10:37:51Z,82.0,Sense
2025-08-20T10:37:56Z,88.0,Sense
2025-08-20T10:38:06Z,89.0,Sense
2025-08-20T10:38:11Z,88.0,Sense
2025-08-20T10:38:16Z,90.0,Sense
2025-08-20T10:38:21Z,89.0,Sense
2025-08-20T10:38:31Z,86.0,Sense
2025-08-20T10:38:36Z,87.0,Sense
2025-08-20T10:38:41Z,85.0,Sense
2025-08-20T10:38:46Z,87.0,Sense
2025-08-20T10:38:51Z,86.0,Sense
2025-08-20T10:38:56Z,84.0,Sense
2025-08-20T10:39:01Z,82.0,Sense
2025-08-20T10:39:06Z,83.0,Sense
2025-08-20T10:39:11Z,84.0,Sense
2025-08-20T10:39:16Z,85.0,Sense
2025-08-20T10:39:21Z,84.0,Sense
2025-08-20T10:39:31Z,83.0,Sense
2025-08-20T10:39:36Z,86.0,Sense
2025-08-20T10:39:41Z,82.0,Sense
2025-08-20T10:39:56Z,86.0,Sense
2025-08-20T10:40:01Z,88.0,Sense
2025-08-20T10:40:06Z,90.0,Sense
2025-08-20T10:40:11Z,89.0,Sense
2025-08-20T10:40:21Z,90.0,Sense
2025-08-20T10:40:26Z,92.0,Sense
2025-08-20T10:40:31Z,83.0,Sense
2025-08-20T10:40:36Z,77.0,Sense
2025-08-20T10:40:46Z,78.0,Sense
2025-08-20T10:40:51Z,77.0,Sense
2025-08-20T10:40:56Z,77.0,Sense
2025-08-20T10:41:11Z,78.0,Sense
2025-08-20T10:41:16Z,80.0,Sense
2025-08-20T10:41:21Z,81.0,Sense
2025-08-20T10:41:36Z,81.0,Sense
2025-08-20T10:41:51Z,82.0,Sense
2025-08-20T10:42:06Z,81.0,Sense
2025-08-20T10:42:11Z,79.0,Sense
2025-08-20T10:42:26Z,78.0,Sense
2025-08-20T10:42:41Z,78.0,Sense
2025-08-20T10:42:56Z,78.0,Sense
2025-08-20T10:43:06Z,80.0,Sense
2025-08-20T10:43:11Z,81.0,Sense
2025-08-20T10:43:26Z,80.0,Sense
2025-08-20T10:43:31Z,79.0,Sense
2025-08-20T10:43:36Z,78.0,Sense
2025-08-20T10:43:46Z,77.0,Sense
2025-08-20T10:43:51Z,78.0,Sense
2025-08-20T10:43:56Z,80.0,Sense
2025-08-20T10:44:06Z,81.0,Sense
2025-08-20T10:44:11Z,80.0,Sense
2025-08-20T10:44:21Z,81.0,Sense
2025-08-20T10:44:36Z,79.0,Sense
2025-08-20T10:44:46Z,80.0,Sense
2025-08-20T10:44:51Z,81.0,Sense
2025-08-20T10:45:06Z,81.0,Sense
2025-08-20T10:45:16Z,80.0,Sense
2025-08-20T10:45:21Z,79.0,Sense
2025-08-20T10:45:26Z,77.0,Sense
2025-08-20T10:45:41Z,77.0,Sense
2025-08-20T10:45:46Z,78.0,Sense
2025-08-20T10:45:51Z,79.0,Sense
2025-08-20T10:45:56Z,80.0,Sense
2025-08-20T10:46:01Z,81.0,Sense
2025-08-20T10:46:16Z,81.0,Sense
2025-08-20T10:46:30Z,81.0,Sense
2025-08-20T10:46:40Z,80.0,Sense
2025-08-20T10:46:45Z,79.0,Sense
2025-08-20T10:47:00Z,79.0,Sense
2025-08-20T10:47:05Z,80.0,Sense
2025-08-20T10:47:15Z,83.0,Sense
2025-08-20T10:47:20Z,85.0,Sense
2025-08-20T10:47:30Z,84.0,Sense
2025-08-20T10:47:45Z,84.0,Sense
2025-08-20T10:47:55Z,83.0,Sense
2025-08-20T10:48:00Z,82.0,Sense
2025-08-20T10:48:05Z,78.0,Sense
2025-08-20T10:48:10Z,74.0,Sense
2025-08-20T10:48:25Z,74.0,Sense
2025-08-20T10:48:30Z,76.0,Sense
2025-08-20T10:48:35Z,77.0,Sense
2025-08-20T10:48:50Z,77.0,Sense
2025-08-20T10:49:00Z,77.0,Sense
2025-08-20T10:49:15Z,77.0,Sense
2025-08-20T10:49:20Z,76.0,Sense
2025-08-20T10:49:30Z,77.0,Sense
2025-08-20T10:49:35Z,78.0,Sense
2025-08-20T10:49:40Z,77.0,Sense
2025-08-20T10:49:55Z,77.0,Sense
2025-08-20T10:50:05Z,79.0,Sense
2025-08-20T10:50:10Z,82.0,Sense
2025-08-20T10:50:20Z,83.0,Sense
2025-08-20T10:50:25Z,83.0,Sense
2025-08-20T10:50:45Z,83.0,Sense
2025-08-20T10:50:50Z,84.0,Sense
2025-08-20T10:50:55Z,83.0,Sense
2025-08-20T10:51:00Z,86.0,Sense
2025-08-20T10:51:05Z,91.0,Sense
2025-08-20T10:51:15Z,90.0,Sense
2025-08-20T10:51:21Z,90.0,Sense
2025-08-20T10:51:31Z,89.0,Sense
2025-08-20T10:51:36Z,88.0,Sense
2025-08-20T10:51:41Z,87.0,Sense
2025-08-20T10:51:46Z,83.0,Sense
2025-08-20T10:51:51Z,82.0,Sense
2025-08-20T10:52:01Z,81.0,Sense
2025-08-20T10:52:11Z,81.0,Sense
2025-08-20T10:52:26Z,78.0,Sense
2025-08-20T10:52:31Z,76.0,Sense
2025-08-20T10:52:46Z,76.0,Sense
2025-08-20T10:53:01Z,77.0,Sense
2025-08-20T10:53:06Z,77.0,Sense
2025-08-20T10:53:16Z,78.0,Sense
2025-08-20T10:53:21Z,79.0,Sense
2025-08-20T10:53:31Z,78.0,Sense
2025-08-20T10:53:36Z,75.0,Sense
2025-08-20T10:58:30Z,74.0,Sense
2025-08-20T10:58:35Z,70.0,Sense
2025-08-20T10:58:50Z,70.0,Sense
2025-08-20T10:58:55Z,77.0,Sense
2025-08-20T10:59:00Z,78.0,Sense
2025-08-20T10:59:05Z,76.0,Sense
2025-08-20T10:59:15Z,78.0,Sense
2025-08-20T10:59:20Z,79.0,Sense
2025-08-20T10:59:25Z,78.0,Sense
2025-08-20T10:59:30Z,79.0,Sense
2025-08-20T10:59:40Z,78.0,Sense
2025-08-20T10:59:45Z,77.0,Sense
2025-08-20T10:59:55Z,78.0,Sense
2025-08-20T11:00:05Z,77.0,Sense
2025-08-20T11:00:20Z,76.0,Sense
2025-08-20T11:00:25Z,85.0,Sense
2025-08-20T11:00:30Z,97.0,Sense
2025-08-20T11:00:35Z,95.0,Sense
2025-08-20T11:00:40Z,94.0,Sense
2025-08-20T11:00:50Z,93.0,Sense
2025-08-20T11:01:05Z,93.0,Sense
2025-08-20T11:01:10Z,91.0,Sense
2025-08-20T11:01:15Z,89.0,Sense
2025-08-20T11:01:25Z,88.0,Sense
2025-08-20T11:01:40Z,87.0,Sense
2025-08-20T11:01:45Z,85.0,Sense
2025-08-20T11:01:50Z,84.0,Sense
2025-08-20T11:01:55Z,82.0,Sense
2025-08-20T11:02:00Z,81.0,Sense
2025-08-20T11:02:15Z,80.0,Sense
2025-08-20T11:02:25Z,76.0,Sense
2025-08-20T11:02:30Z,78.0,Sense
2025-08-20T11:02:35Z,79.0,Sense
2025-08-20T11:02:40Z,78.0,Sense
2025-08-20T11:02:55Z,78.0,Sense
2025-08-20T11:03:05Z,76.0,Sense
2025-08-20T11:03:20Z,76.0,Sense
2025-08-20T11:03:25Z,77.0,Sense
2025-08-20T11:03:30Z,78.0,Sense
2025-08-20T11:03:35Z,79.0,Sense
2025-08-20T11:03:40Z,78.0,Sense
2025-08-20T11:03:45Z,78.0,Sense
2025-08-20T11:03:55Z,77.0,Sense
2025-08-20T11:04:10Z,79.0,Sense
2025-08-20T11:04:15Z,86.0,Sense
2025-08-20T11:04:20Z,88.0,Sense
2025-08-20T11:04:25Z,87.0,Sense
2025-08-20T11:04:30Z,86.0,Sense
2025-08-20T11:04:35Z,85.0,Sense
2025-08-20T11:04:50Z,85.0,Sense
2025-08-20T11:04:55Z,86.0,Sense
2025-08-20T11:05:10Z,83.0,Sense
2025-08-20T11:05:15Z,73.0,Sense
2025-08-20T11:05:20Z,74.0,Sense
2025-08-20T11:05:35Z,75.0,Sense
2025-08-20T11:05:40Z,75.0,Sense
2025-08-20T11:05:50Z,76.0,Sense
2025-08-20T11:06:00Z,77.0,Sense
2025-08-20T11:06:15Z,78.0,Sense
2025-08-20T11:06:20Z,79.0,Sense
2025-08-20T11:06:25Z,78.0,Sense
2025-08-20T11:06:35Z,79.0,Sense
2025-08-20T11:06:50Z,79.0,Sense
2025-08-20T11:06:55Z,80.0,Sense
2025-08-20T11:07:05Z,80.0,Sense
2025-08-20T11:07:20Z,80.0,Sense
2025-08-20T11:07:25Z,79.0,Sense
2025-08-20T11:07:30Z,80.0,Sense
2025-08-20T11:07:45Z,81.0,Sense
2025-08-20T11:07:50Z,82.0,Sense
2025-08-20T11:08:00Z,81.0,Sense
2025-08-20T11:08:15Z,85.0,Sense
2025-08-20T11:08:20Z,87.0,Sense
2025-08-20T11:08:25Z,88.0,Sense
2025-08-20T11:08:35Z,89.0,Sense
2025-08-20T11:08:45Z,88.0,Sense
2025-08-20T11:08:50Z,86.0,Sense
2025-08-20T11:08:55Z,85.0,Sense
2025-08-20T11:09:10Z,93.0,Sense
2025-08-20T11:09:25Z,92.0,Sense
2025-08-20T11:09:30Z,91.0,Sense
2025-08-20T11:09:35Z,90.0,Sense
2025-08-20T11:09:40Z,89.0,Sense
2025-08-20T11:09:45Z,88.0,Sense
2025-08-20T11:09:50Z,87.0,Sense
2025-08-20T11:09:55Z,86.0,Sense
2025-08-20T11:10:00Z,85.0,Sense
2025-08-20T11:10:10Z,96.0,Sense
2025-08-20T11:10:15Z,97.0,Sense
2025-08-20T11:10:20Z,96.0,Sense
2025-08-20T11:10:25Z,94.0,Sense
2025-08-20T11:10:30Z,92.0,Sense
2025-08-20T11:10:35Z,90.0,Sense
2025-08-20T11:10:40Z,89.0,Sense
2025-08-20T11:10:45Z,86.0,Sense
2025-08-20T11:10:50Z,85.0,Sense
2025-08-20T11:11:00Z,86.0,Sense
2025-08-20T11:11:05Z,89.0,Sense
2025-08-20T11:11:10Z,88.0,Sense
2025-08-20T11:11:15Z,87.0,Sense
2025-08-20T11:11:20Z,86.0,Sense
2025-08-20T11:11:25Z,85.0,Sense
2025-08-20T11:11:30Z,84.0,Sense
2025-08-20T11:11:35Z,83.0,Sense
2025-08-20T11:11:40Z,107.0,Sense
2025-08-20T11:11:45Z,105.0,Sense
2025-08-20T11:11:50Z,104.0,Sense
2025-08-20T11:12:00Z,100.0,Sense
2025-08-20T11:12:05Z,126.0,Sense
2025-08-20T11:12:10Z,137.0,Sense
2025-08-20T11:12:15Z,135.0,Sense
2025-08-20T11:12:20Z,134.0,Sense
2025-08-20T11:12:25Z,132.0,Sense
2025-08-20T11:12:30Z,121.0,Sense
2025-08-20T11:12:40Z,121.0,Sense
2025-08-20T11:12:45Z,120.0,Sense
2025-08-20T11:12:50Z,121.0,Sense
2025-08-20T11:12:55Z,118.0,Sense
2025-08-20T11:13:00Z,113.0,Sense
2025-08-20T11:13:05Z,109.0,Sense
2025-08-20T11:13:10Z,108.0,Sense
2025-08-20T11:13:25Z,105.0,Sense
2025-08-20T11:13:30Z,99.0,Sense
2025-08-20T11:13:35Z,96.0,Sense
2025-08-20T11:13:40Z,94.0,Sense
2025-08-20T11:13:50Z,94.0,Sense
2025-08-20T11:13:55Z,93.0,Sense
2025-08-20T11:14:00Z,92.0,Sense
2025-08-20T11:14:05Z,91.0,Sense
2025-08-20T11:14:10Z,85.0,Sense
2025-08-20T11:14:15Z,83.0,Sense
2025-08-20T11:14:20Z,82.0,Sense
2025-08-20T11:14:35Z,82.0,Sense
2025-08-20T11:14:40Z,83.0,Sense
2025-08-20T11:14:55Z,83.0,Sense
2025-08-20T11:15:10Z,83.0,Sense
2025-08-20T11:15:20Z,74.0,Sense
2025-08-20T11:15:25Z,71.0,Sense
2025-08-20T11:15:30Z,72.0,Sense
2025-08-20T11:15:35Z,71.0,Sense
2025-08-20T11:15:40Z,71.0,Sense
2025-08-20T11:15:55Z,72.0,Sense
2025-08-20T11:16:00Z,71.0,Sense
2025-08-20T11:16:05Z,72.0,Sense
2025-08-20T11:16:15Z,73.0,Sense
2025-08-20T11:16:20Z,74.0,Sense
2025-08-20T11:16:35Z,74.0,Sense
2025-08-20T11:16:40Z,74.0,Sense
2025-08-20T11:16:50Z,75.0,Sense
2025-08-20T11:17:00Z,76.0,Sense
2025-08-20T11:17:10Z,77.0,Sense
2025-08-20T11:17:25Z,77.0,Sense
2025-08-20T11:17:30Z,77.0,Sense
2025-08-20T11:17:35Z,76.0,Sense
2025-08-20T11:17:40Z,77.0,Sense
2025-08-20T11:17:45Z,78.0,Sense
2025-08-20T11:17:50Z,77.0,Sense
2025-08-20T11:18:00Z,79.0,Sense
2025-08-20T11:18:05Z,80.0,Sense
2025-08-20T11:18:10Z,79.0,Sense
2025-08-20T11:18:20Z,80.0,Sense
2025-08-20T11:18:35Z,82.0,Sense
2025-08-20T11:18:45Z,81.0,Sense
2025-08-20T11:19:00Z,83.0,Sense
2025-08-20T11:19:15Z,84.0,Sense
2025-08-20T11:19:20Z,83.0,Sense
2025-08-20T11:19:25Z,81.0,Sense
2025-08-20T11:19:30Z,81.0,Sense
2025-08-20T11:19:35Z,80.0,Sense
2025-08-20T11:19:40Z,81.0,Sense
2025-08-20T11:19:45Z,82.0,Sense
2025-08-20T11:19:50Z,81.0,Sense
2025-08-20T11:19:55Z,82.0,Sense
2025-08-20T11:20:05Z,79.0,Sense
2025-08-20T11:20:10Z,80.0,Sense
2025-08-20T11:20:15Z,85.0,Sense
2025-08-20T11:20:20Z,86.0,Sense
2025-08-20T11:20:30Z,85.0,Sense
2025-08-20T11:20:40Z,84.0,Sense
2025-08-20T11:20:45Z,83.0,Sense
2025-08-20T11:20:50Z,82.0,Sense
2025-08-20T11:20:55Z,75.0,Sense
2025-08-20T11:21:05Z,76.0,Sense
2025-08-20T11:21:15Z,77.0,Sense
2025-08-20T11:21:20Z,78.0,Sense
2025-08-20T11:21:25Z,79.0,Sense
2025-08-20T11:21:40Z,80.0,Sense
2025-08-20T11:21:45Z,79.0,Sense
2025-08-20T11:21:50Z,80.0,Sense
2025-08-20T11:21:55Z,81.0,Sense
2025-08-20T11:22:00Z,80.0,Sense
2025-08-20T11:22:05Z,79.0,Sense
2025-08-20T11:22:15Z,81.0,Sense
2025-08-20T11:22:20Z,82.0,Sense
2025-08-20T11:22:25Z,81.0,Sense
2025-08-20T11:22:30Z,83.0,Sense
2025-08-20T11:22:35Z,84.0,Sense
2025-08-20T11:22:45Z,83.0,Sense
2025-08-20T11:23:00Z,83.0,Sense
2025-08-20T11:23:05Z,82.0,Sense
2025-08-20T11:23:10Z,83.0,Sense
2025-08-20T11:23:15Z,82.0,Sense
2025-08-20T11:23:20Z,81.0,Sense
2025-08-20T11:23:25Z,80.0,Sense
2025-08-20T11:23:40Z,80.0,Sense
2025-08-20T11:23:50Z,77.0,Sense
2025-08-20T11:24:00Z,78.0,Sense
2025-08-20T11:24:15Z,71.0,Sense
2025-08-20T11:24:20Z,71.0,Sense
2025-08-20T11:24:30Z,72.0,Sense
2025-08-20T11:24:40Z,73.0,Sense
2025-08-20T11:24:50Z,73.0,Sense
2025-08-20T11:24:55Z,84.0,Sense
2025-08-20T11:25:00Z,85.0,Sense
2025-08-20T11:25:15Z,85.0,Sense
2025-08-20T11:25:30Z,85.0,Sense
2025-08-20T11:25:35Z,86.0,Sense
2025-08-20T11:25:50Z,86.0,Sense
2025-08-20T11:26:00Z,82.0,Sense
2025-08-20T11:26:05Z,80.0,Sense
2025-08-20T11:26:10Z,79.0,Sense
2025-08-20T11:26:25Z,80.0,Sense
2025-08-20T11:26:30Z,79.0,Sense
2025-08-20T11:26:35Z,80.0,Sense
2025-08-20T11:26:45Z,79.0,Sense
2025-08-20T11:26:50Z,78.0,Sense
2025-08-20T11:26:55Z,79.0,Sense
2025-08-20T11:27:00Z,81.0,Sense
2025-08-20T11:27:15Z,81.0,Sense
2025-08-20T11:27:20Z,82.0,Sense
2025-08-20T11:27:25Z,81.0,Sense
2025-08-20T11:27:35Z,82.0,Sense
2025-08-20T11:27:45Z,81.0,Sense
2025-08-20T11:28:00Z,81.0,Sense
2025-08-20T11:28:05Z,80.0,Sense
2025-08-20T11:28:20Z,79.0,Sense
2025-08-20T11:28:30Z,78.0,Sense
2025-08-20T11:28:35Z,79.0,Sense
2025-08-20T11:28:40Z,81.0,Sense
2025-08-20T11:28:50Z,82.0,Sense
2025-08-20T11:28:55Z,83.0,Sense
2025-08-20T11:29:00Z,84.0,Sense
2025-08-20T11:29:05Z,85.0,Sense
2025-08-20T11:29:10Z,84.0,Sense
2025-08-20T11:29:15Z,77.0,Sense
2025-08-20T11:29:30Z,83.0,Sense
2025-08-20T11:29:45Z,82.0,Sense
2025-08-20T11:29:50Z,82.0,Sense
2025-08-20T11:29:55Z,82.0,Sense
2025-08-20T11:30:10Z,82.0,Sense
2025-08-20T11:30:15Z,74.0,Sense
2025-08-20T11:30:20Z,79.0,Sense
2025-08-20T11:30:25Z,85.0,Sense
2025-08-20T11:30:40Z,85.0,Sense
2025-08-20T11:30:45Z,84.0,Sense
2025-08-20T11:30:50Z,84.0,Sense
2025-08-20T11:30:55Z,83.0,Sense
2025-08-20T11:31:05Z,84.0,Sense
2025-08-20T11:31:10Z,102.0,Sense
2025-08-20T11:31:15Z,106.0,Sense
2025-08-20T11:31:20Z,105.0,Sense
2025-08-20T11:31:25Z,104.0,Sense
2025-08-20T11:31:30Z,100.0,Sense
2025-08-20T11:31:35Z,95.0,Sense
2025-08-20T11:31:40Z,94.0,Sense
2025-08-20T11:31:45Z,92.0,Sense
2025-08-20T11:31:50Z,90.0,Sense
2025-08-20T11:31:55Z,89.0,Sense
2025-08-20T11:32:00Z,88.0,Sense
2025-08-20T11:32:05Z,85.0,Sense
2025-08-20T11:32:10Z,84.0,Sense
2025-08-20T11:32:15Z,85.0,Sense
2025-08-20T11:32:20Z,86.0,Sense
2025-08-20T11:32:25Z,85.0,Sense
2025-08-20T11:32:30Z,84.0,Sense
2025-08-20T11:32:35Z,85.0,Sense
2025-08-20T11:32:40Z,84.0,Sense
2025-08-20T11:32:45Z,85.0,Sense
2025-08-20T11:32:50Z,86.0,Sense
2025-08-20T11:32:55Z,87.0,Sense
2025-08-20T11:33:05Z,80.0,Sense
2025-08-20T11:33:20Z,80.0,Sense
2025-08-20T11:33:25Z,81.0,Sense
2025-08-20T11:33:35Z,81.0,Sense
2025-08-20T11:33:45Z,82.0,Sense
2025-08-20T11:33:55Z,81.0,Sense
2025-08-20T11:34:00Z,87.0,Sense
2025-08-20T11:34:05Z,108.0,Sense
2025-08-20T11:34:10Z,107.0,Sense
2025-08-20T11:34:15Z,106.0,Sense
2025-08-20T11:34:20Z,102.0,Sense
2025-08-20T11:34:25Z,98.0,Sense
2025-08-20T11:34:30Z,95.0,Sense
2025-08-20T11:34:35Z,92.0,Sense
2025-08-20T11:34:40Z,91.0,Sense
2025-08-20T11:34:45Z,85.0,Sense
2025-08-20T11:34:50Z,81.0,Sense
2025-08-20T11:34:55Z,81.0,Sense
2025-08-20T11:35:10Z,82.0,Sense
2025-08-20T11:35:15Z,84.0,Sense
2025-08-20T11:35:20Z,83.0,Sense
2025-08-20T11:35:25Z,82.0,Sense
2025-08-20T11:35:35Z,83.0,Sense
2025-08-20T11:35:40Z,84.0,Sense
2025-08-20T11:35:45Z,85.0,Sense
2025-08-20T11:35:50Z,84.0,Sense
2025-08-20T11:35:55Z,86.0,Sense
2025-08-20T11:36:00Z,87.0,Sense
2025-08-20T11:36:05Z,88.0,Sense
2025-08-20T11:36:10Z,87.0,Sense
2025-08-20T11:36:15Z,88.0,Sense
2025-08-20T11:36:25Z,87.0,Sense
2025-08-20T11:36:30Z,86.0,Sense
2025-08-20T11:36:35Z,87.0,Sense
2025-08-20T11:36:50Z,88.0,Sense
2025-08-20T11:37:05Z,88.0,Sense
2025-08-20T11:37:20Z,87.0,Sense
2025-08-20T11:37:25Z,80.0,Sense
2025-08-20T11:37:30Z,79.0,Sense
2025-08-20T11:37:40Z,80.0,Sense
2025-08-20T11:37:45Z,83.0,Sense
2025-08-20T11:38:00Z,83.0,Sense
2025-08-20T11:38:05Z,84.0,Sense
2025-08-20T11:38:20Z,85.0,Sense
2025-08-20T11:38:25Z,84.0,Sense
2025-08-20T11:38:36Z,83.0,Sense
2025-08-20T11:38:46Z,84.0,Sense
2025-08-20T11:38:51Z,85.0,Sense
2025-08-20T11:39:06Z,86.0,Sense
2025-08-20T11:39:11Z,85.0,Sense
2025-08-20T11:39:21Z,86.0,Sense
2025-08-20T11:39:26Z,87.0,Sense
2025-08-20T11:39:41Z,87.0,Sense
2025-08-20T11:39:56Z,86.0,Sense
2025-08-20T11:40:06Z,85.0,Sense
2025-08-20T11:40:16Z,97.0,Sense
2025-08-20T11:40:21Z,116.0,Sense
2025-08-20T11:40:26Z,117.0,Sense
2025-08-20T11:40:31Z,116.0,Sense
2025-08-20T11:40:41Z,113.0,Sense
2025-08-20T11:40:46Z,111.0,Sense
2025-08-20T11:40:51Z,108.0,Sense
2025-08-20T11:40:56Z,105.0,Sense
2025-08-20T11:41:01Z,103.0,Sense
2025-08-20T11:41:06Z,101.0,Sense
2025-08-20T11:41:11Z,100.0,Sense
2025-08-20T11:41:16Z,99.0,Sense
2025-08-20T11:41:21Z,98.0,Sense
2025-08-20T11:41:36Z,111.0,Sense
2025-08-20T11:41:41Z,115.0,Sense
2025-08-20T11:41:46Z,114.0,Sense
2025-08-20T11:41:51Z,113.0,Sense
2025-08-20T11:41:56Z,111.0,Sense
2025-08-20T11:42:01Z,107.0,Sense
2025-08-20T11:42:06Z,101.0,Sense
2025-08-20T11:42:11Z,88.0,Sense
2025-08-20T11:42:16Z,92.0,Sense
2025-08-20T11:42:21Z,97.0,Sense
2025-08-20T11:42:26Z,96.0,Sense
2025-08-20T11:42:31Z,95.0,Sense
2025-08-20T11:42:41Z,94.0,Sense
2025-08-20T11:42:46Z,93.0,Sense
2025-08-20T11:42:51Z,92.0,Sense
2025-08-20T11:42:56Z,90.0,Sense
2025-08-20T11:43:01Z,89.0,Sense
2025-08-20T11:43:06Z,86.0,Sense
2025-08-20T11:43:16Z,87.0,Sense
2025-08-20T11:43:26Z,87.0,Sense
2025-08-20T11:43:41Z,86.0,Sense
2025-08-20T11:43:46Z,86.0,Sense
2025-08-20T11:43:51Z,85.0,Sense
2025-08-20T11:44:01Z,82.0,Sense
2025-08-20T11:44:06Z,82.0,Sense
2025-08-20T11:44:11Z,83.0,Sense
2025-08-20T11:44:16Z,83.0,Sense
2025-08-20T11:44:26Z,84.0,Sense
2025-08-20T11:44:31Z,83.0,Sense
2025-08-20T11:44:41Z,86.0,Sense
2025-08-20T11:44:46Z,87.0,Sense
2025-08-20T11:44:56Z,89.0,Sense
2025-08-20T11:45:01Z,98.0,Sense
2025-08-20T11:45:06Z,99.0,Sense
2025-08-20T11:45:11Z,95.0,Sense
2025-08-20T11:45:16Z,93.0,Sense
2025-08-20T11:45:21Z,92.0,Sense
2025-08-20T11:45:26Z,91.0,Sense
2025-08-20T11:45:31Z,91.0,Sense
2025-08-20T11:45:36Z,94.0,Sense
2025-08-20T11:45:41Z,96.0,Sense
2025-08-20T11:45:56Z,96.0,Sense
2025-08-20T11:46:01Z,95.0,Sense
2025-08-20T11:46:16Z,95.0,Sense
2025-08-20T11:46:21Z,93.0,Sense
2025-08-20T11:46:36Z,93.0,Sense
2025-08-20T11:46:46Z,92.0,Sense
2025-08-20T11:46:51Z,90.0,Sense
2025-08-20T11:47:06Z,90.0,Sense
2025-08-20T11:47:11Z,89.0,Sense
2025-08-20T11:47:16Z,88.0,Sense
2025-08-20T11:47:21Z,86.0,Sense
2025-08-20T11:47:26Z,86.0,Sense
2025-08-20T11:47:36Z,85.0,Sense
2025-08-20T11:47:46Z,86.0,Sense
2025-08-20T11:47:51Z,85.0,Sense
2025-08-20T11:47:56Z,86.0,Sense
2025-08-20T11:48:01Z,85.0,Sense
2025-08-20T11:48:06Z,84.0,Sense
2025-08-20T11:48:11Z,83.0,Sense
2025-08-20T11:48:16Z,83.0,Sense
2025-08-20T11:48:31Z,82.0,Sense
2025-08-20T11:48:36Z,90.0,Sense
2025-08-20T11:48:46Z,94.0,Sense
2025-08-20T11:49:01Z,94.0,Sense
2025-08-20T11:49:06Z,93.0,Sense
2025-08-20T11:49:11Z,94.0,Sense
2025-08-20T11:49:16Z,94.0,Sense
2025-08-20T11:49:21Z,93.0,Sense
2025-08-20T11:49:36Z,91.0,Sense
2025-08-20T11:49:51Z,92.0,Sense
2025-08-20T11:49:56Z,91.0,Sense
2025-08-20T11:50:01Z,90.0,Sense
2025-08-20T11:50:06Z,84.0,Sense
2025-08-20T11:50:11Z,79.0,Sense
2025-08-20T11:50:16Z,80.0,Sense
2025-08-20T11:50:26Z,81.0,Sense
2025-08-20T11:50:31Z,82.0,Sense
2025-08-20T11:50:36Z,83.0,Sense
2025-08-20T11:50:46Z,84.0,Sense
2025-08-20T11:50:56Z,85.0,Sense
2025-08-20T11:51:11Z,85.0,Sense
2025-08-20T11:51:16Z,82.0,Sense
2025-08-20T11:51:21Z,78.0,Sense
2025-08-20T11:51:31Z,79.0,Sense
2025-08-20T11:51:41Z,86.0,Sense
2025-08-20T11:51:46Z,88.0,Sense
2025-08-20T11:51:51Z,87.0,Sense
2025-08-20T11:51:56Z,81.0,Sense
2025-08-20T11:52:01Z,83.0,Sense
2025-08-20T11:52:06Z,84.0,Sense
2025-08-20T11:52:11Z,83.0,Sense
2025-08-20T11:52:26Z,82.0,Sense
2025-08-20T11:52:31Z,81.0,Sense
2025-08-20T11:52:41Z,82.0,Sense
2025-08-20T11:52:46Z,83.0,Sense
2025-08-20T11:52:51Z,84.0,Sense
2025-08-20T11:53:06Z,84.0,Sense
2025-08-20T11:53:11Z,86.0,Sense
2025-08-20T11:53:16Z,87.0,Sense
2025-08-20T11:53:21Z,88.0,Sense
2025-08-20T11:53:26Z,89.0,Sense
2025-08-20T11:53:31Z,86.0,Sense
2025-08-20T11:53:36Z,88.0,Sense
2025-08-20T11:53:41Z,92.0,Sense
2025-08-20T11:53:46Z,92.0,Sense
2025-08-20T11:53:51Z,91.0,Sense
2025-08-20T11:53:56Z,90.0,Sense
2025-08-20T11:54:06Z,88.0,Sense
2025-08-20T11:54:21Z,89.0,Sense
2025-08-20T11:54:31Z,88.0,Sense
2025-08-20T11:54:36Z,87.0,Sense
2025-08-20T11:54:51Z,88.0,Sense
2025-08-20T11:55:06Z,89.0,Sense
2025-08-20T11:55:11Z,90.0,Sense
2025-08-20T11:55:21Z,92.0,Sense
2025-08-20T11:55:26Z,92.0,Sense
2025-08-20T11:55:41Z,88.0,Sense
2025-08-20T11:55:46Z,92.0,Sense
2025-08-20T11:55:51Z,93.0,Sense
2025-08-20T11:55:56Z,92.0,Sense
2025-08-20T11:56:06Z,91.0,Sense
2025-08-20T11:56:11Z,91.0,Sense
2025-08-20T11:56:16Z,90.0,Sense
2025-08-20T11:56:26Z,91.0,Sense
2025-08-20T11:56:31Z,92.0,Sense
2025-08-20T11:56:36Z,100.0,Sense
2025-08-20T11:56:41Z,110.0,Sense
2025-08-20T11:56:46Z,111.0,Sense
2025-08-20T11:56:51Z,119.0,Sense
2025-08-20T11:56:56Z,122.0,Sense
2025-08-20T11:57:01Z,123.0,Sense
2025-08-20T11:57:06Z,122.0,Sense
2025-08-20T11:57:11Z,116.0,Sense
2025-08-20T11:57:16Z,111.0,Sense
2025-08-20T11:57:21Z,106.0,Sense
2025-08-20T11:57:26Z,93.0,Sense
2025-08-20T11:57:31Z,90.0,Sense
2025-08-20T11:57:36Z,91.0,Sense
2025-08-20T11:57:41Z,90.0,Sense
2025-08-20T11:57:46Z,89.0,Sense
2025-08-20T11:57:56Z,88.0,Sense
2025-08-20T11:58:01Z,87.0,Sense
2025-08-20T11:58:06Z,86.0,Sense
2025-08-20T11:58:11Z,83.0,Sense
2025-08-20T11:58:21Z,84.0,Sense
2025-08-20T11:58:31Z,83.0,Sense
2025-08-20T11:58:41Z,84.0,Sense
2025-08-20T11:58:51Z,83.0,Sense
2025-08-20T11:58:56Z,83.0,Sense
2025-08-20T11:59:06Z,84.0,Sense
2025-08-20T11:59:16Z,85.0,Sense
2025-08-20T11:59:21Z,84.0,Sense
2025-08-20T11:59:36Z,86.0,Sense
2025-08-20T11:59:41Z,89.0,Sense
2025-08-20T11:59:46Z,89.0,Sense
2025-08-20T11:59:51Z,82.0,Sense
2025-08-20T12:00:06Z,82.0,Sense
2025-08-20T12:00:21Z,83.0,Sense
2025-08-20T12:00:26Z,84.0,Sense
2025-08-20T12:00:31Z,85.0,Sense
2025-08-20T12:00:36Z,84.0,Sense
2025-08-20T12:00:46Z,85.0,Sense
2025-08-20T12:00:51Z,94.0,Sense
2025-08-20T12:00:56Z,100.0,Sense
2025-08-20T12:01:01Z,99.0,Sense
2025-08-20T12:01:11Z,98.0,Sense
2025-08-20T12:01:16Z,97.0,Sense
2025-08-20T12:01:21Z,96.0,Sense
2025-08-20T12:01:31Z,97.0,Sense
2025-08-20T12:01:36Z,95.0,Sense
2025-08-20T12:01:41Z,96.0,Sense
2025-08-20T12:01:46Z,95.0,Sense
2025-08-20T12:01:56Z,96.0,Sense
2025-08-20T12:02:01Z,95.0,Sense
2025-08-20T12:02:11Z,95.0,Sense
2025-08-20T12:02:16Z,93.0,Sense
2025-08-20T12:02:21Z,92.0,Sense
2025-08-20T12:02:36Z,92.0,Sense
2025-08-20T12:02:41Z,91.0,Sense
2025-08-20T12:02:56Z,92.0,Sense
2025-08-20T12:03:01Z,93.0,Sense
2025-08-20T12:03:11Z,94.0,Sense
2025-08-20T12:03:21Z,95.0,Sense
2025-08-20T12:03:31Z,94.0,Sense
2025-08-20T12:03:41Z,93.0,Sense
2025-08-20T12:03:46Z,93.0,Sense
2025-08-20T12:03:51Z,92.0,Sense
2025-08-20T12:03:56Z,91.0,Sense
2025-08-20T12:04:01Z,96.0,Sense
2025-08-20T12:04:06Z,98.0,Sense
2025-08-20T12:04:11Z,99.0,Sense
2025-08-20T12:04:16Z,98.0,Sense
2025-08-20T12:04:26Z,99.0,Sense
2025-08-20T12:04:31Z,98.0,Sense
2025-08-20T12:04:46Z,98.0,Sense
2025-08-20T12:04:51Z,96.0,Sense
2025-08-20T12:04:56Z,95.0,Sense
2025-08-20T12:05:01Z,94.0,Sense
2025-08-20T12:05:06Z,89.0,Sense
2025-08-20T12:05:11Z,82.0,Sense
2025-08-20T12:05:26Z,82.0,Sense
2025-08-20T12:05:31Z,83.0,Sense
2025-08-20T12:05:36Z,87.0,Sense
2025-08-20T12:05:46Z,91.0,Sense
2025-08-20T12:05:51Z,97.0,Sense
2025-08-20T12:06:01Z,96.0,Sense
2025-08-20T12:06:11Z,95.0,Sense
2025-08-20T12:06:16Z,95.0,Sense
2025-08-20T12:06:21Z,94.0,Sense
2025-08-20T12:06:36Z,93.0,Sense
2025-08-20T12:06:41Z,92.0,Sense
2025-08-20T12:06:51Z,93.0,Sense
2025-08-20T12:07:01Z,92.0,Sense
2025-08-20T12:07:06Z,88.0,Sense
2025-08-20T12:07:11Z,86.0,Sense
2025-08-20T12:07:21Z,87.0,Sense
2025-08-20T12:07:26Z,89.0,Sense
2025-08-20T12:07:41Z,87.0,Sense
2025-08-20T12:07:46Z,85.0,Sense
2025-08-20T12:08:01Z,86.0,Sense
2025-08-20T12:08:06Z,87.0,Sense
2025-08-20T12:08:11Z,87.0,Sense
2025-08-20T12:08:26Z,87.0,Sense
2025-08-20T12:08:36Z,88.0,Sense
2025-08-20T12:08:41Z,89.0,Sense
2025-08-20T12:08:46Z,90.0,Sense
2025-08-20T12:08:51Z,91.0,Sense
2025-08-20T12:08:56Z,92.0,Sense
2025-08-20T12:09:01Z,90.0,Sense
2025-08-20T12:09:06Z,87.0,Sense
2025-08-20T12:09:11Z,82.0,Sense
2025-08-20T12:09:26Z,82.0,Sense
2025-08-20T12:09:31Z,81.0,Sense
2025-08-20T12:09:36Z,82.0,Sense
2025-08-20T12:09:41Z,83.0,Sense
2025-08-20T12:09:46Z,82.0,Sense
2025-08-20T12:09:51Z,83.0,Sense
2025-08-20T12:09:56Z,84.0,Sense
2025-08-20T12:10:01Z,89.0,Sense
2025-08-20T12:10:06Z,98.0,Sense
2025-08-20T12:10:11Z,89.0,Sense
2025-08-20T12:10:16Z,88.0,Sense
2025-08-20T12:10:21Z,87.0,Sense
2025-08-20T12:10:36Z,87.0,Sense
2025-08-20T12:10:51Z,86.0,Sense
2025-08-20T12:11:06Z,86.0,Sense
2025-08-20T12:11:21Z,87.0,Sense
2025-08-20T12:11:26Z,86.0,Sense
2025-08-20T12:11:41Z,87.0,Sense
2025-08-20T12:11:46Z,88.0,Sense
2025-08-20T12:12:01Z,88.0,Sense
2025-08-20T12:12:06Z,87.0,Sense
2025-08-20T12:12:11Z,86.0,Sense
2025-08-20T12:12:26Z,85.0,Sense
2025-08-20T12:12:36Z,84.0,Sense
2025-08-20T12:12:51Z,84.0,Sense
2025-08-20T12:12:56Z,83.0,Sense
2025-08-20T12:13:06Z,84.0,Sense
2025-08-20T12:13:11Z,86.0,Sense
2025-08-20T12:13:16Z,87.0,Sense
2025-08-20T12:13:21Z,86.0,Sense
2025-08-20T12:13:36Z,85.0,Sense
2025-08-20T12:13:46Z,87.0,Sense
2025-08-20T12:13:51Z,86.0,Sense
2025-08-20T12:14:06Z,86.0,Sense
2025-08-20T12:14:11Z,87.0,Sense
2025-08-20T12:14:21Z,89.0,Sense
2025-08-20T12:14:26Z,88.0,Sense
2025-08-20T12:14:36Z,90.0,Sense
2025-08-20T12:14:41Z,91.0,Sense
2025-08-20T12:14:51Z,90.0,Sense
2025-08-20T12:15:01Z,89.0,Sense
2025-08-20T12:15:06Z,90.0,Sense
2025-08-20T12:15:11Z,89.0,Sense
2025-08-20T12:15:16Z,89.0,Sense
2025-08-20T12:15:21Z,87.0,Sense
2025-08-20T12:15:36Z,89.0,Sense
2025-08-20T12:15:41Z,93.0,Sense
2025-08-20T12:15:51Z,96.0,Sense
2025-08-20T12:15:56Z,107.0,Sense
2025-08-20T12:16:01Z,105.0,Sense
2025-08-20T12:16:06Z,104.0,Sense
2025-08-20T12:16:11Z,102.0,Sense
2025-08-20T12:16:26Z,104.0,Sense
2025-08-20T12:16:31Z,106.0,Sense
2025-08-20T12:16:36Z,104.0,Sense
2025-08-20T12:16:51Z,101.0,Sense
2025-08-20T12:16:56Z,97.0,Sense
2025-08-20T12:17:11Z,99.0,Sense
2025-08-20T12:17:16Z,98.0,Sense
2025-08-20T12:17:26Z,99.0,Sense
2025-08-20T12:17:31Z,98.0,Sense
2025-08-20T12:17:36Z,97.0,Sense
2025-08-20T12:17:41Z,95.0,Sense
2025-08-20T12:17:56Z,97.0,Sense
2025-08-20T12:18:01Z,96.0,Sense
2025-08-20T12:18:06Z,95.0,Sense
2025-08-20T12:18:11Z,94.0,Sense
2025-08-20T12:18:16Z,93.0,Sense
2025-08-20T12:18:26Z,92.0,Sense
2025-08-20T12:18:31Z,91.0,Sense
2025-08-20T12:18:36Z,92.0,Sense
2025-08-20T12:18:41Z,93.0,Sense
2025-08-20T12:18:46Z,92.0,Sense
2025-08-20T12:18:56Z,91.0,Sense
2025-08-20T12:19:11Z,91.0,Sense
2025-08-20T12:19:21Z,92.0,Sense
2025-08-20T12:19:31Z,93.0,Sense
2025-08-20T12:19:36Z,95.0,Sense
2025-08-20T12:19:41Z,96.0,Sense
2025-08-20T12:19:46Z,94.0,Sense
2025-08-20T12:20:01Z,94.0,Sense
2025-08-20T12:20:06Z,90.0,Sense
2025-08-20T12:20:11Z,90.0,Sense
2025-08-20T12:20:16Z,91.0,Sense
2025-08-20T12:20:21Z,92.0,Sense
2025-08-20T12:20:31Z,92.0,Sense
2025-08-20T12:20:36Z,91.0,Sense
2025-08-20T12:20:51Z,91.0,Sense
2025-08-20T12:21:06Z,92.0,Sense
2025-08-20T12:21:21Z,92.0,Sense
2025-08-20T12:21:26Z,91.0,Sense
2025-08-20T12:21:36Z,92.0,Sense
2025-08-20T12:21:41Z,89.0,Sense
2025-08-20T12:21:51Z,95.0,Sense
2025-08-20T12:21:56Z,99.0,Sense
2025-08-20T12:22:11Z,98.0,Sense
2025-08-20T12:22:26Z,98.0,Sense
2025-08-20T12:22:36Z,97.0,Sense
2025-08-20T12:22:41Z,96.0,Sense
2025-08-20T12:22:51Z,95.0,Sense
2025-08-20T12:23:01Z,96.0,Sense
2025-08-20T12:23:16Z,94.0,Sense
2025-08-20T12:23:21Z,95.0,Sense
2025-08-20T12:23:26Z,96.0,Sense
2025-08-20T12:23:36Z,97.0,Sense
2025-08-20T12:23:41Z,96.0,Sense
2025-08-20T12:23:46Z,94.0,Sense
2025-08-20T12:23:56Z,97.0,Sense
2025-08-20T12:24:01Z,96.0,Sense
2025-08-20T12:24:16Z,97.0,Sense
2025-08-20T12:24:26Z,98.0,Sense
2025-08-20T12:24:36Z,97.0,Sense
2025-08-20T12:24:41Z,96.0,Sense
2025-08-20T12:24:46Z,97.0,Sense
2025-08-20T12:24:56Z,104.0,Sense
2025-08-20T12:25:01Z,110.0,Sense
2025-08-20T12:25:06Z,126.0,Sense
2025-08-20T12:25:11Z,127.0,Sense
2025-08-20T12:25:16Z,126.0,Sense
2025-08-20T12:25:21Z,125.0,Sense
2025-08-20T12:25:26Z,123.0,Sense
2025-08-20T12:25:31Z,119.0,Sense
2025-08-20T12:25:36Z,108.0,Sense
2025-08-20T12:25:41Z,103.0,Sense
2025-08-20T12:25:51Z,101.0,Sense
2025-08-20T12:25:56Z,99.0,Sense
2025-08-20T12:26:01Z,98.0,Sense
2025-08-20T12:26:06Z,99.0,Sense
2025-08-20T12:26:16Z,100.0,Sense
2025-08-20T12:26:21Z,99.0,Sense
2025-08-20T12:26:26Z,96.0,Sense
2025-08-20T12:26:36Z,102.0,Sense
2025-08-20T12:26:41Z,102.0,Sense
2025-08-20T12:26:46Z,104.0,Sense
2025-08-20T12:26:56Z,105.0,Sense
2025-08-20T12:27:06Z,104.0,Sense
2025-08-20T12:27:11Z,103.0,Sense
2025-08-20T12:27:16Z,99.0,Sense
2025-08-20T12:27:21Z,97.0,Sense
2025-08-20T12:27:31Z,96.0,Sense
2025-08-20T12:27:41Z,97.0,Sense
2025-08-20T12:27:46Z,99.0,Sense
2025-08-20T12:27:51Z,98.0,Sense
2025-08-20T12:27:56Z,97.0,Sense
2025-08-20T12:28:01Z,96.0,Sense
2025-08-20T12:28:06Z,97.0,Sense
2025-08-20T12:28:11Z,98.0,Sense
2025-08-20T12:28:16Z,125.0,Sense
2025-08-20T12:28:21Z,124.0,Sense
2025-08-20T12:28:26Z,122.0,Sense
2025-08-20T12:28:31Z,120.0,Sense
2025-08-20T12:28:36Z,117.0,Sense
2025-08-20T12:28:41Z,108.0,Sense
2025-08-20T12:28:46Z,97.0,Sense
2025-08-20T12:28:51Z,96.0,Sense
2025-08-20T12:28:56Z,95.0,Sense
2025-08-20T12:29:11Z,91.0,Sense
2025-08-20T12:29:26Z,90.0,Sense
2025-08-20T12:29:41Z,96.0,Sense
2025-08-20T12:29:56Z,95.0,Sense
2025-08-20T12:30:01Z,94.0,Sense
2025-08-20T12:30:06Z,96.0,Sense
2025-08-20T12:30:16Z,98.0,Sense
2025-08-20T12:30:21Z,97.0,Sense
2025-08-20T12:30:26Z,95.0,Sense
2025-08-20T12:30:36Z,93.0,Sense
2025-08-20T12:30:51Z,93.0,Sense
2025-08-20T12:31:01Z,94.0,Sense
2025-08-20T12:31:06Z,95.0,Sense
2025-08-20T12:31:11Z,104.0,Sense
2025-08-20T12:31:16Z,103.0,Sense
2025-08-20T12:31:21Z,100.0,Sense
2025-08-20T12:31:26Z,99.0,Sense
2025-08-20T12:31:31Z,97.0,Sense
2025-08-20T12:31:36Z,95.0,Sense
2025-08-20T12:31:46Z,96.0,Sense
2025-08-20T12:31:51Z,95.0,Sense
2025-08-20T12:32:01Z,96.0,Sense
2025-08-20T12:32:06Z,95.0,Sense
2025-08-20T12:32:11Z,94.0,Sense
2025-08-20T12:32:16Z,96.0,Sense
2025-08-20T12:32:21Z,97.0,Sense
2025-08-20T12:32:31Z,96.0,Sense
2025-08-20T12:32:36Z,97.0,Sense
2025-08-20T12:32:41Z,98.0,Sense
2025-08-20T12:32:46Z,97.0,Sense
2025-08-20T12:32:51Z,95.0,Sense
2025-08-20T12:32:56Z,94.0,Sense
2025-08-20T12:33:11Z,94.0,Sense
2025-08-20T12:33:21Z,93.0,Sense
2025-08-20T12:33:26Z,90.0,Sense
2025-08-20T12:33:31Z,89.0,Sense
2025-08-20T12:33:36Z,88.0,Sense
2025-08-20T12:33:41Z,89.0,Sense
2025-08-20T12:33:46Z,88.0,Sense
2025-08-20T12:33:51Z,88.0,Sense
2025-08-20T12:33:56Z,89.0,Sense
2025-08-20T12:34:01Z,90.0,Sense
2025-08-20T12:34:11Z,91.0,Sense
2025-08-20T12:34:16Z,92.0,Sense
2025-08-20T12:34:21Z,91.0,Sense
2025-08-20T12:34:36Z,91.0,Sense
2025-08-20T12:34:41Z,92.0,Sense
2025-08-20T12:34:51Z,91.0,Sense
2025-08-20T12:35:06Z,90.0,Sense
2025-08-20T12:35:21Z,90.0,Sense
2025-08-20T12:35:26Z,89.0,Sense
2025-08-20T12:35:31Z,90.0,Sense
2025-08-20T12:35:36Z,90.0,Sense
2025-08-20T12:35:51Z,89.0,Sense
2025-08-20T12:36:06Z,89.0,Sense
2025-08-20T12:36:11Z,90.0,Sense
2025-08-20T12:36:16Z,87.0,Sense
2025-08-20T12:36:21Z,86.0,Sense
2025-08-20T12:36:36Z,87.0,Sense
2025-08-20T12:36:41Z,88.0,Sense
2025-08-20T12:36:51Z,89.0,Sense
2025-08-20T12:36:56Z,90.0,Sense
2025-08-20T12:37:01Z,90.0,Sense
2025-08-20T12:37:11Z,91.0,Sense
2025-08-20T12:37:26Z,91.0,Sense
2025-08-20T12:37:41Z,92.0,Sense
2025-08-20T12:37:46Z,91.0,Sense
2025-08-20T12:37:51Z,92.0,Sense
2025-08-20T12:37:56Z,93.0,Sense
2025-08-20T12:38:11Z,93.0,Sense
2025-08-20T12:38:26Z,93.0,Sense
2025-08-20T12:38:41Z,98.0,Sense
2025-08-20T12:38:46Z,99.0,Sense
2025-08-20T12:39:01Z,99.0,Sense
2025-08-20T12:39:06Z,100.0,Sense
2025-08-20T12:39:11Z,98.0,Sense
2025-08-20T12:39:21Z,97.0,Sense
2025-08-20T12:39:26Z,98.0,Sense
2025-08-20T12:39:31Z,97.0,Sense
2025-08-20T12:39:36Z,96.0,Sense
2025-08-20T12:39:41Z,95.0,Sense
2025-08-20T12:39:46Z,94.0,Sense
2025-08-20T12:39:56Z,93.0,Sense
2025-08-20T12:40:01Z,90.0,Sense
2025-08-20T12:40:06Z,91.0,Sense
2025-08-20T12:40:11Z,103.0,Sense
2025-08-20T12:40:16Z,102.0,Sense
2025-08-20T12:40:21Z,104.0,Sense
2025-08-20T12:40:26Z,107.0,Sense
2025-08-20T12:40:31Z,105.0,Sense
2025-08-20T12:40:36Z,104.0,Sense
2025-08-20T12:40:41Z,103.0,Sense
2025-08-20T12:40:46Z,99.0,Sense
2025-08-20T12:40:51Z,90.0,Sense
2025-08-20T12:40:57Z,85.0,Sense
2025-08-20T12:41:12Z,86.0,Sense
2025-08-20T12:41:22Z,93.0,Sense
2025-08-20T12:41:27Z,96.0,Sense
2025-08-20T12:41:37Z,102.0,Sense
2025-08-20T12:41:42Z,114.0,Sense
2025-08-20T12:41:47Z,110.0,Sense
2025-08-20T12:41:52Z,104.0,Sense
2025-08-20T12:42:02Z,105.0,Sense
2025-08-20T12:42:12Z,106.0,Sense
2025-08-20T12:42:17Z,109.0,Sense
2025-08-20T12:42:22Z,110.0,Sense
2025-08-20T12:42:32Z,112.0,Sense
2025-08-20T12:42:37Z,110.0,Sense
2025-08-20T12:42:42Z,109.0,Sense
2025-08-20T12:42:47Z,108.0,Sense
2025-08-20T12:42:52Z,106.0,Sense
2025-08-20T12:42:57Z,103.0,Sense
2025-08-20T12:43:02Z,101.0,Sense
2025-08-20T12:43:07Z,103.0,Sense
2025-08-20T12:43:12Z,105.0,Sense
2025-08-20T12:43:17Z,106.0,Sense
2025-08-20T12:43:22Z,105.0,Sense
2025-08-20T12:43:27Z,103.0,Sense
2025-08-20T12:43:32Z,100.0,Sense
2025-08-20T12:43:37Z,97.0,Sense
2025-08-20T12:43:42Z,97.0,Sense
2025-08-20T12:43:47Z,96.0,Sense
2025-08-20T12:43:52Z,99.0,Sense
2025-08-20T12:44:02Z,98.0,Sense
2025-08-20T12:44:17Z,97.0,Sense
2025-08-20T12:44:22Z,96.0,Sense
2025-08-20T12:44:27Z,93.0,Sense
2025-08-20T12:44:32Z,91.0,Sense
2025-08-20T12:44:47Z,92.0,Sense
2025-08-20T12:44:52Z,93.0,Sense
2025-08-20T12:44:57Z,94.0,Sense
2025-08-20T12:45:02Z,95.0,Sense
2025-08-20T12:45:12Z,96.0,Sense
2025-08-20T12:45:17Z,95.0,Sense
2025-08-20T12:45:22Z,94.0,Sense
2025-08-20T12:45:37Z,94.0,Sense
2025-08-20T12:45:42Z,95.0,Sense
2025-08-20T12:45:52Z,94.0,Sense
2025-08-20T12:46:07Z,95.0,Sense
2025-08-20T12:46:12Z,96.0,Sense
2025-08-20T12:46:17Z,95.0,Sense
2025-08-20T12:46:27Z,94.0,Sense
2025-08-20T12:46:37Z,93.0,Sense
2025-08-20T12:46:47Z,94.0,Sense
2025-08-20T12:46:52Z,92.0,Sense
2025-08-20T12:46:57Z,90.0,Sense
2025-08-20T12:47:02Z,84.0,Sense
2025-08-20T12:47:07Z,84.0,Sense
2025-08-20T12:47:17Z,85.0,Sense
2025-08-20T12:47:27Z,86.0,Sense
2025-08-20T12:47:37Z,87.0,Sense
2025-08-20T12:47:52Z,87.0,Sense
2025-08-20T12:47:57Z,88.0,Sense
2025-08-20T12:48:07Z,88.0,Sense
2025-08-20T12:48:12Z,89.0,Sense
2025-08-20T12:48:27Z,89.0,Sense
2025-08-20T12:48:32Z,90.0,Sense
2025-08-20T12:48:37Z,89.0,Sense
2025-08-20T12:48:42Z,91.0,Sense
2025-08-20T12:48:47Z,102.0,Sense
2025-08-20T12:48:52Z,101.0,Sense
2025-08-20T12:49:02Z,99.0,Sense
2025-08-20T12:49:12Z,99.0,Sense
2025-08-20T12:49:17Z,98.0,Sense
2025-08-20T12:49:22Z,99.0,Sense
2025-08-20T12:49:27Z,98.0,Sense
2025-08-20T12:49:32Z,99.0,Sense
2025-08-20T12:49:37Z,100.0,Sense
2025-08-20T12:49:42Z,99.0,Sense
2025-08-20T12:49:47Z,97.0,Sense
2025-08-20T12:50:02Z,97.0,Sense
2025-08-20T12:50:07Z,98.0,Sense
2025-08-20T12:50:12Z,92.0,Sense
2025-08-20T12:50:17Z,84.0,Sense
2025-08-20T12:50:22Z,85.0,Sense
2025-08-20T12:50:32Z,86.0,Sense
2025-08-20T12:50:37Z,87.0,Sense
2025-08-20T12:50:42Z,87.0,Sense
2025-08-20T12:50:47Z,88.0,Sense
2025-08-20T12:50:52Z,89.0,Sense
2025-08-20T12:50:57Z,109.0,Sense
2025-08-20T12:51:02Z,112.0,Sense
2025-08-20T12:51:07Z,111.0,Sense
2025-08-20T12:51:12Z,109.0,Sense
2025-08-20T12:51:22Z,101.0,Sense
2025-08-20T12:51:27Z,88.0,Sense
2025-08-20T12:51:32Z,85.0,Sense
2025-08-20T12:51:37Z,86.0,Sense
2025-08-20T12:51:47Z,87.0,Sense
2025-08-20T12:51:52Z,88.0,Sense
2025-08-20T12:51:57Z,89.0,Sense
2025-08-20T12:52:02Z,90.0,Sense
2025-08-20T12:52:12Z,91.0,Sense
2025-08-20T12:52:22Z,90.0,Sense
2025-08-20T12:52:27Z,89.0,Sense
2025-08-20T12:52:32Z,89.0,Sense
2025-08-20T12:52:47Z,90.0,Sense
2025-08-20T12:52:52Z,89.0,Sense
2025-08-20T12:53:02Z,90.0,Sense
2025-08-20T12:53:07Z,92.0,Sense
2025-08-20T12:53:17Z,97.0,Sense
2025-08-20T12:53:32Z,97.0,Sense
2025-08-20T12:53:42Z,97.0,Sense
2025-08-20T12:53:47Z,93.0,Sense
2025-08-20T12:53:52Z,86.0,Sense
2025-08-20T12:54:02Z,87.0,Sense
2025-08-20T12:54:12Z,85.0,Sense
2025-08-20T12:54:17Z,97.0,Sense
2025-08-20T12:54:22Z,98.0,Sense
2025-08-20T12:54:37Z,98.0,Sense
2025-08-20T12:54:42Z,97.0,Sense
2025-08-20T12:54:47Z,101.0,Sense
2025-08-20T12:54:52Z,100.0,Sense
2025-08-20T12:55:07Z,100.0,Sense
2025-08-20T12:55:12Z,100.0,Sense
2025-08-20T12:55:17Z,103.0,Sense
2025-08-20T12:55:22Z,129.0,Sense
2025-08-20T12:55:27Z,128.0,Sense
2025-08-20T12:55:32Z,126.0,Sense
2025-08-20T12:55:37Z,124.0,Sense
2025-08-20T12:55:42Z,122.0,Sense
2025-08-20T12:55:47Z,118.0,Sense
2025-08-20T12:55:52Z,113.0,Sense
2025-08-20T12:55:57Z,106.0,Sense
2025-08-20T12:56:02Z,102.0,Sense
2025-08-20T12:56:07Z,100.0,Sense
2025-08-20T12:56:12Z,97.0,Sense
2025-08-20T12:56:17Z,94.0,Sense
2025-08-20T12:56:22Z,95.0,Sense
2025-08-20T12:56:27Z,98.0,Sense
2025-08-20T12:56:32Z,103.0,Sense
2025-08-20T12:56:37Z,94.0,Sense
2025-08-20T12:56:42Z,95.0,Sense
2025-08-20T12:56:47Z,122.0,Sense
2025-08-20T12:56:52Z,135.0,Sense
2025-08-20T12:56:57Z,134.0,Sense
2025-08-20T12:57:02Z,128.0,Sense
2025-08-20T12:57:07Z,121.0,Sense
2025-08-20T12:57:12Z,119.0,Sense
2025-08-20T12:57:17Z,118.0,Sense
2025-08-20T12:57:22Z,115.0,Sense
2025-08-20T12:57:27Z,114.0,Sense
2025-08-20T12:57:32Z,114.0,Sense
2025-08-20T12:57:37Z,122.0,Sense
2025-08-20T12:57:47Z,119.0,Sense
2025-08-20T12:57:52Z,115.0,Sense
2025-08-20T12:57:57Z,113.0,Sense
2025-08-20T12:58:02Z,112.0,Sense
2025-08-20T12:58:12Z,109.0,Sense
2025-08-20T12:58:17Z,107.0,Sense
2025-08-20T12:58:22Z,106.0,Sense
2025-08-20T12:58:32Z,102.0,Sense
2025-08-20T12:58:37Z,92.0,Sense
2025-08-20T12:58:42Z,93.0,Sense
2025-08-20T12:58:47Z,94.0,Sense
2025-08-20T12:59:02Z,93.0,Sense
2025-08-20T12:59:07Z,88.0,Sense
2025-08-20T12:59:22Z,88.0,Sense
2025-08-20T12:59:27Z,90.0,Sense
2025-08-20T12:59:32Z,91.0,Sense
2025-08-20T12:59:37Z,92.0,Sense
2025-08-20T12:59:42Z,93.0,Sense
2025-08-20T12:59:52Z,94.0,Sense
2025-08-20T12:59:57Z,93.0,Sense
2025-08-20T13:00:02Z,94.0,Sense
2025-08-20T13:00:07Z,97.0,Sense
2025-08-20T13:00:12Z,98.0,Sense
2025-08-20T13:00:17Z,99.0,Sense
2025-08-20T13:00:22Z,100.0,Sense
2025-08-20T13:00:27Z,99.0,Sense
2025-08-20T13:00:32Z,98.0,Sense
2025-08-20T13:00:37Z,99.0,Sense
2025-08-20T13:00:42Z,116.0,Sense
2025-08-20T13:00:47Z,117.0,Sense
2025-08-20T13:00:52Z,118.0,Sense
2025-08-20T13:00:57Z,116.0,Sense
2025-08-20T13:01:02Z,112.0,Sense
2025-08-20T13:01:07Z,106.0,Sense
2025-08-20T13:01:12Z,90.0,Sense
2025-08-20T13:01:17Z,88.0,Sense
2025-08-20T13:01:32Z,88.0,Sense
2025-08-20T13:01:37Z,90.0,Sense
2025-08-20T13:01:42Z,95.0,Sense
2025-08-20T13:01:47Z,100.0,Sense
2025-08-20T13:01:52Z,99.0,Sense
2025-08-20T13:02:02Z,100.0,Sense
2025-08-20T13:02:07Z,101.0,Sense
2025-08-20T13:02:12Z,100.0,Sense
2025-08-20T13:02:22Z,99.0,Sense
2025-08-20T13:02:37Z,99.0,Sense
2025-08-20T13:02:42Z,103.0,Sense
2025-08-20T13:02:47Z,103.0,Sense
2025-08-20T13:02:52Z,100.0,Sense
2025-08-20T13:02:57Z,99.0,Sense
2025-08-20T13:03:07Z,98.0,Sense
2025-08-20T13:03:12Z,99.0,Sense
2025-08-20T13:03:17Z,100.0,Sense
2025-08-20T13:03:27Z,101.0,Sense
2025-08-20T13:03:42Z,100.0,Sense
2025-08-20T13:03:47Z,98.0,Sense
2025-08-20T13:03:52Z,99.0,Sense
2025-08-20T13:03:57Z,108.0,Sense
2025-08-20T13:04:02Z,107.0,Sense
2025-08-20T13:04:07Z,106.0,Sense
2025-08-20T13:04:12Z,104.0,Sense
2025-08-20T13:04:17Z,98.0,Sense
2025-08-20T13:04:32Z,98.0,Sense
2025-08-20T13:04:37Z,97.0,Sense
2025-08-20T13:04:42Z,98.0,Sense
2025-08-20T13:04:47Z,98.0,Sense
2025-08-20T13:04:57Z,99.0,Sense
2025-08-20T13:05:02Z,98.0,Sense
2025-08-20T13:05:12Z,99.0,Sense
2025-08-20T13:05:27Z,98.0,Sense
2025-08-20T13:05:37Z,97.0,Sense
2025-08-20T13:05:42Z,98.0,Sense
2025-08-20T13:05:47Z,100.0,Sense
2025-08-20T13:05:52Z,98.0,Sense
2025-08-20T13:06:02Z,96.0,Sense
2025-08-20T13:06:07Z,96.0,Sense
2025-08-20T13:06:12Z,114.0,Sense
2025-08-20T13:06:17Z,119.0,Sense
2025-08-20T13:06:22Z,118.0,Sense
2025-08-20T13:06:27Z,117.0,Sense
2025-08-20T13:06:37Z,116.0,Sense
2025-08-20T13:06:42Z,114.0,Sense
2025-08-20T13:06:47Z,112.0,Sense
2025-08-20T13:06:52Z,110.0,Sense
2025-08-20T13:06:57Z,101.0,Sense
2025-08-20T13:07:02Z,100.0,Sense
2025-08-20T13:07:07Z,99.0,Sense
2025-08-20T13:07:17Z,100.0,Sense
2025-08-20T13:07:22Z,101.0,Sense
2025-08-20T13:07:32Z,100.0,Sense
2025-08-20T13:07:37Z,98.0,Sense
2025-08-20T13:07:42Z,94.0,Sense
2025-08-20T13:07:47Z,97.0,Sense
2025-08-20T13:07:57Z,98.0,Sense
2025-08-20T13:08:02Z,97.0,Sense
2025-08-20T13:08:12Z,98.0,Sense
2025-08-20T13:08:17Z,101.0,Sense
2025-08-20T13:08:22Z,102.0,Sense
2025-08-20T13:08:27Z,101.0,Sense
2025-08-20T13:08:32Z,99.0,Sense
2025-08-20T13:08:42Z,100.0,Sense
2025-08-20T13:08:47Z,99.0,Sense
2025-08-20T13:08:57Z,98.0,Sense
2025-08-20T13:09:07Z,97.0,Sense
2025-08-20T13:09:12Z,96.0,Sense
2025-08-20T13:09:27Z,97.0,Sense
2025-08-20T13:09:32Z,98.0,Sense
2025-08-20T13:09:37Z,99.0,Sense
2025-08-20T13:09:42Z,99.0,Sense
2025-08-20T13:09:57Z,99.0,Sense
2025-08-20T13:10:07Z,99.0,Sense
2025-08-20T13:10:12Z,97.0,Sense
2025-08-20T13:10:22Z,96.0,Sense
2025-08-20T13:10:37Z,97.0,Sense
2025-08-20T13:10:42Z,98.0,Sense
2025-08-20T13:10:57Z,100.0,Sense
2025-08-20T13:11:02Z,101.0,Sense
2025-08-20T13:11:07Z,100.0,Sense
2025-08-20T13:11:12Z,99.0,Sense
2025-08-20T13:11:22Z,97.0,Sense
2025-08-20T13:11:27Z,96.0,Sense
2025-08-20T13:11:32Z,101.0,Sense
2025-08-20T13:11:37Z,104.0,Sense
2025-08-20T13:11:52Z,105.0,Sense
2025-08-20T13:11:57Z,94.0,Sense
2025-08-20T13:12:12Z,95.0,Sense
2025-08-20T13:12:17Z,94.0,Sense
2025-08-20T13:12:27Z,95.0,Sense
2025-08-20T13:12:42Z,97.0,Sense
2025-08-20T13:12:47Z,98.0,Sense
2025-08-20T13:12:57Z,97.0,Sense
2025-08-20T13:13:07Z,98.0,Sense
2025-08-20T13:13:12Z,97.0,Sense
2025-08-20T13:13:22Z,99.0,Sense
2025-08-20T13:13:27Z,104.0,Sense
2025-08-20T13:13:32Z,107.0,Sense
2025-08-20T13:13:37Z,106.0,Sense
2025-08-20T13:13:42Z,105.0,Sense
2025-08-20T13:13:52Z,101.0,Sense
2025-08-20T13:13:57Z,98.0,Sense
2025-08-20T13:14:02Z,97.0,Sense
2025-08-20T13:14:07Z,122.0,Sense
2025-08-20T13:14:12Z,143.0,Sense
2025-08-20T13:14:17Z,144.0,Sense
2025-08-20T13:14:22Z,146.0,Sense
2025-08-20T13:14:27Z,158.0,Sense
2025-08-20T13:14:32Z,159.0,Sense
2025-08-20T13:14:37Z,158.0,Sense
2025-08-20T13:14:42Z,157.0,Sense
2025-08-20T13:14:47Z,155.0,Sense
2025-08-20T13:14:57Z,153.0,Sense
2025-08-20T13:15:02Z,151.0,Sense
2025-08-20T13:15:07Z,150.0,Sense
2025-08-20T13:15:12Z,148.0,Sense
2025-08-20T13:15:17Z,145.0,Sense
2025-08-20T13:15:22Z,145.0,Sense
2025-08-20T13:15:27Z,146.0,Sense
2025-08-20T13:15:32Z,147.0,Sense
2025-08-20T13:15:37Z,145.0,Sense
2025-08-20T13:15:42Z,144.0,Sense
2025-08-20T13:15:47Z,141.0,Sense
2025-08-20T13:15:57Z,138.0,Sense
2025-08-20T13:16:07Z,152.0,Sense
2025-08-20T13:16:12Z,162.0,Sense
2025-08-20T13:16:22Z,163.0,Sense
2025-08-20T13:16:32Z,161.0,Sense
2025-08-20T13:16:37Z,157.0,Sense
2025-08-20T13:16:42Z,154.0,Sense
2025-08-20T13:16:47Z,155.0,Sense
2025-08-20T13:16:52Z,156.0,Sense
2025-08-20T13:16:57Z,151.0,Sense
2025-08-20T13:17:02Z,143.0,Sense
2025-08-20T13:17:07Z,137.0,Sense
2025-08-20T13:17:12Z,138.0,Sense
2025-08-20T13:17:17Z,141.0,Sense
2025-08-20T13:17:22Z,137.0,Sense
2025-08-20T13:17:32Z,133.0,Sense
2025-08-20T13:17:37Z,126.0,Sense
2025-08-20T13:17:42Z,121.0,Sense
2025-08-20T13:17:47Z,122.0,Sense
2025-08-20T13:17:52Z,121.0,Sense
2025-08-20T13:17:57Z,122.0,Sense
2025-08-20T13:18:02Z,125.0,Sense
2025-08-20T13:18:07Z,125.0,Sense
2025-08-20T13:18:12Z,123.0,Sense
2025-08-20T13:18:17Z,121.0,Sense
2025-08-20T13:18:22Z,123.0,Sense
2025-08-20T13:18:32Z,122.0,Sense
2025-08-20T13:18:37Z,119.0,Sense
2025-08-20T13:18:42Z,112.0,Sense
2025-08-20T13:18:47Z,106.0,Sense
2025-08-20T13:18:52Z,136.0,Sense
2025-08-20T13:18:57Z,144.0,Sense
2025-08-20T13:19:02Z,139.0,Sense
2025-08-20T13:19:07Z,131.0,Sense
2025-08-20T13:19:12Z,129.0,Sense
2025-08-20T13:19:27Z,130.0,Sense
2025-08-20T13:19:32Z,143.0,Sense
2025-08-20T13:19:37Z,147.0,Sense
2025-08-20T13:19:42Z,146.0,Sense
2025-08-20T13:19:47Z,144.0,Sense
2025-08-20T13:19:52Z,142.0,Sense
2025-08-20T13:19:57Z,143.0,Sense
2025-08-20T13:20:02Z,139.0,Sense
2025-08-20T13:20:12Z,136.0,Sense
2025-08-20T13:20:17Z,142.0,Sense
2025-08-20T13:20:27Z,135.0,Sense
2025-08-20T13:20:32Z,134.0,Sense
2025-08-20T13:20:37Z,133.0,Sense
2025-08-20T13:20:42Z,132.0,Sense
2025-08-20T13:20:47Z,131.0,Sense
2025-08-20T13:20:52Z,129.0,Sense
2025-08-20T13:20:57Z,123.0,Sense
2025-08-20T13:21:02Z,121.0,Sense
2025-08-20T13:21:12Z,142.0,Sense
2025-08-20T13:21:17Z,145.0,Sense
2025-08-20T13:21:22Z,146.0,Sense
2025-08-20T13:21:27Z,149.0,Sense
2025-08-20T13:21:32Z,149.0,Sense
2025-08-20T13:21:37Z,148.0,Sense
2025-08-20T13:21:47Z,151.0,Sense
2025-08-20T13:21:52Z,150.0,Sense
2025-08-20T13:21:57Z,149.0,Sense
2025-08-20T13:22:02Z,145.0,Sense
2025-08-20T13:22:12Z,142.0,Sense
2025-08-20T13:22:17Z,138.0,Sense
2025-08-20T13:22:22Z,134.0,Sense
2025-08-20T13:22:27Z,133.0,Sense
2025-08-20T13:22:32Z,128.0,Sense
2025-08-20T13:22:42Z,129.0,Sense
2025-08-20T13:22:47Z,128.0,Sense
2025-08-20T13:22:57Z,122.0,Sense
2025-08-20T13:23:02Z,121.0,Sense
2025-08-20T13:23:12Z,123.0,Sense
2025-08-20T13:23:22Z,122.0,Sense
2025-08-20T13:23:27Z,115.0,Sense
2025-08-20T13:23:32Z,108.0,Sense
2025-08-20T13:23:37Z,106.0,Sense
2025-08-20T13:23:42Z,110.0,Sense
2025-08-20T13:23:47Z,111.0,Sense
2025-08-20T13:23:52Z,109.0,Sense
2025-08-20T13:23:57Z,102.0,Sense
2025-08-20T13:24:02Z,98.0,Sense
2025-08-20T13:24:07Z,98.0,Sense
2025-08-20T13:24:17Z,100.0,Sense
2025-08-20T13:24:22Z,105.0,Sense
2025-08-20T13:24:27Z,116.0,Sense
2025-08-20T13:24:32Z,118.0,Sense
2025-08-20T13:24:42Z,119.0,Sense
2025-08-20T13:24:47Z,111.0,Sense
2025-08-20T13:24:52Z,109.0,Sense
2025-08-20T13:24:57Z,110.0,Sense
2025-08-20T13:25:02Z,111.0,Sense
2025-08-20T13:25:12Z,110.0,Sense
2025-08-20T13:25:17Z,113.0,Sense
2025-08-20T13:25:22Z,112.0,Sense
2025-08-20T13:25:27Z,109.0,Sense
2025-08-20T13:25:32Z,108.0,Sense
2025-08-20T13:25:37Z,106.0,Sense
2025-08-20T13:25:42Z,105.0,Sense
2025-08-20T13:25:47Z,103.0,Sense
2025-08-20T13:25:52Z,101.0,Sense
2025-08-20T13:25:57Z,103.0,Sense
2025-08-20T13:26:02Z,100.0,Sense
2025-08-20T13:26:07Z,94.0,Sense
2025-08-20T13:26:12Z,90.0,Sense
2025-08-20T13:26:22Z,87.0,Sense
2025-08-20T13:26:32Z,86.0,Sense
2025-08-20T13:26:37Z,85.0,Sense
2025-08-20T13:26:42Z,87.0,Sense
2025-08-20T13:26:47Z,88.0,Sense
2025-08-20T13:26:52Z,98.0,Sense
2025-08-20T13:26:57Z,99.0,Sense
2025-08-20T13:27:07Z,97.0,Sense
2025-08-20T13:27:22Z,96.0,Sense
2025-08-20T13:27:27Z,93.0,Sense
2025-08-20T13:27:32Z,90.0,Sense
2025-08-20T13:27:42Z,93.0,Sense
2025-08-20T13:27:47Z,102.0,Sense
2025-08-20T13:27:52Z,103.0,Sense
2025-08-20T13:27:57Z,102.0,Sense
2025-08-20T13:28:02Z,118.0,Sense
2025-08-20T13:28:07Z,127.0,Sense
2025-08-20T13:28:12Z,126.0,Sense
2025-08-20T13:28:17Z,127.0,Sense
2025-08-20T13:28:22Z,127.0,Sense
2025-08-20T13:28:27Z,126.0,Sense
2025-08-20T13:28:37Z,132.0,Sense
2025-08-20T13:28:42Z,139.0,Sense
2025-08-20T13:28:52Z,138.0,Sense
2025-08-20T13:28:57Z,130.0,Sense
2025-08-20T13:29:02Z,132.0,Sense
2025-08-20T13:29:07Z,127.0,Sense
2025-08-20T13:29:12Z,116.0,Sense
2025-08-20T13:29:17Z,117.0,Sense
2025-08-20T13:29:22Z,118.0,Sense
2025-08-20T13:29:32Z,119.0,Sense
2025-08-20T13:29:42Z,113.0,Sense
2025-08-20T13:29:47Z,112.0,Sense
2025-08-20T13:29:52Z,110.0,Sense
2025-08-20T13:30:02Z,111.0,Sense
2025-08-20T13:30:07Z,115.0,Sense
2025-08-20T13:30:12Z,113.0,Sense
2025-08-20T13:30:17Z,111.0,Sense
2025-08-20T13:30:22Z,110.0,Sense
2025-08-20T13:30:27Z,110.0,Sense
2025-08-20T13:30:32Z,116.0,Sense
2025-08-20T13:30:37Z,125.0,Sense
2025-08-20T13:30:42Z,124.0,Sense
2025-08-20T13:30:47Z,119.0,Sense
2025-08-20T13:30:52Z,113.0,Sense
2025-08-20T13:30:57Z,114.0,Sense
2025-08-20T13:31:02Z,113.0,Sense
2025-08-20T13:31:07Z,115.0,Sense
2025-08-20T13:31:17Z,111.0,Sense
2025-08-20T13:31:22Z,124.0,Sense
2025-08-20T13:31:27Z,136.0,Sense
2025-08-20T13:31:32Z,134.0,Sense
2025-08-20T13:31:42Z,132.0,Sense
2025-08-20T13:31:47Z,133.0,Sense
2025-08-20T13:31:52Z,137.0,Sense
2025-08-20T13:32:07Z,142.0,Sense
2025-08-20T13:32:12Z,147.0,Sense
2025-08-20T13:32:22Z,145.0,Sense
2025-08-20T13:32:27Z,141.0,Sense
2025-08-20T13:32:32Z,142.0,Sense
2025-08-20T13:32:42Z,143.0,Sense
2025-08-20T13:32:47Z,141.0,Sense
2025-08-20T13:32:52Z,140.0,Sense
2025-08-20T13:33:07Z,140.0,Sense
2025-08-20T13:33:12Z,141.0,Sense
2025-08-20T13:33:17Z,149.0,Sense
2025-08-20T13:33:22Z,152.0,Sense
2025-08-20T13:33:27Z,153.0,Sense
2025-08-20T13:33:32Z,146.0,Sense
2025-08-20T13:33:37Z,143.0,Sense
2025-08-20T13:33:42Z,139.0,Sense
2025-08-20T13:33:47Z,134.0,Sense
2025-08-20T13:33:52Z,129.0,Sense
2025-08-20T13:34:02Z,126.0,Sense
2025-08-20T13:34:07Z,121.0,Sense
2025-08-20T13:34:12Z,119.0,Sense
2025-08-20T13:34:17Z,118.0,Sense
2025-08-20T13:34:22Z,115.0,Sense
2025-08-20T13:34:27Z,110.0,Sense
2025-08-20T13:34:32Z,106.0,Sense
2025-08-20T13:34:37Z,106.0,Sense
2025-08-20T13:34:52Z,107.0,Sense
2025-08-20T13:34:57Z,106.0,Sense
2025-08-20T13:35:02Z,104.0,Sense
2025-08-20T13:35:12Z,104.0,Sense
2025-08-20T13:35:17Z,102.0,Sense
2025-08-20T13:35:22Z,100.0,Sense
2025-08-20T13:35:27Z,103.0,Sense
2025-08-20T13:35:32Z,106.0,Sense
2025-08-20T13:35:47Z,97.0,Sense
2025-08-20T13:35:52Z,91.0,Sense
2025-08-20T13:35:57Z,92.0,Sense
2025-08-20T13:36:02Z,94.0,Sense
2025-08-20T13:36:07Z,96.0,Sense
2025-08-20T13:36:12Z,98.0,Sense
2025-08-20T13:36:27Z,100.0,Sense
2025-08-20T13:36:32Z,102.0,Sense
2025-08-20T13:36:37Z,105.0,Sense
2025-08-20T13:36:42Z,106.0,Sense
2025-08-20T13:36:47Z,107.0,Sense
2025-08-20T13:36:52Z,108.0,Sense
2025-08-20T13:36:57Z,111.0,Sense
2025-08-20T13:37:12Z,122.0,Sense
2025-08-20T13:37:17Z,137.0,Sense
2025-08-20T13:37:27Z,129.0,Sense
2025-08-20T13:37:32Z,120.0,Sense
2025-08-20T13:37:37Z,121.0,Sense
2025-08-20T13:37:42Z,122.0,Sense
2025-08-20T13:37:52Z,123.0,Sense
2025-08-20T13:37:57Z,127.0,Sense
2025-08-20T13:38:02Z,125.0,Sense
2025-08-20T13:38:07Z,117.0,Sense
2025-08-20T13:38:17Z,101.0,Sense
2025-08-20T13:38:22Z,95.0,Sense
2025-08-20T13:38:27Z,92.0,Sense
2025-08-20T13:38:32Z,93.0,Sense
2025-08-20T13:38:37Z,94.0,Sense
2025-08-20T13:38:42Z,98.0,Sense
2025-08-20T13:38:47Z,100.0,Sense
2025-08-20T13:38:52Z,107.0,Sense
2025-08-20T13:38:57Z,122.0,Sense
2025-08-20T13:39:02Z,139.0,Sense
2025-08-20T13:39:12Z,138.0,Sense
2025-08-20T13:39:22Z,133.0,Sense
2025-08-20T13:39:27Z,125.0,Sense
2025-08-20T13:39:32Z,120.0,Sense
2025-08-20T13:39:37Z,125.0,Sense
2025-08-20T13:39:42Z,116.0,Sense
2025-08-20T13:39:47Z,115.0,Sense
2025-08-20T13:39:52Z,117.0,Sense
2025-08-20T13:39:57Z,116.0,Sense
2025-08-20T13:40:07Z,111.0,Sense
2025-08-20T13:40:12Z,108.0,Sense
2025-08-20T13:40:17Z,105.0,Sense
2025-08-20T13:40:27Z,112.0,Sense
2025-08-20T13:40:32Z,110.0,Sense
2025-08-20T13:40:37Z,123.0,Sense
2025-08-20T13:40:42Z,124.0,Sense
2025-08-20T13:40:57Z,123.0,Sense
2025-08-20T13:41:02Z,126.0,Sense
2025-08-20T13:41:07Z,139.0,Sense
2025-08-20T13:41:17Z,137.0,Sense
2025-08-20T13:41:22Z,134.0,Sense
2025-08-20T13:41:27Z,130.0,Sense
2025-08-20T13:41:32Z,128.0,Sense
2025-08-20T13:41:37Z,124.0,Sense
2025-08-20T13:41:42Z,118.0,Sense
2025-08-20T13:41:47Z,114.0,Sense
2025-08-20T13:41:52Z,115.0,Sense
2025-08-20T13:41:57Z,119.0,Sense
2025-08-20T13:42:02Z,146.0,Sense
2025-08-20T13:42:07Z,148.0,Sense
2025-08-20T13:42:12Z,146.0,Sense
2025-08-20T13:42:17Z,143.0,Sense
2025-08-20T13:42:22Z,142.0,Sense
2025-08-20T13:42:32Z,138.0,Sense
2025-08-20T13:42:37Z,151.0,Sense
2025-08-20T13:42:42Z,157.0,Sense
2025-08-20T13:42:52Z,155.0,Sense
2025-08-20T13:42:57Z,153.0,Sense
2025-08-20T13:43:02Z,144.0,Sense
2025-08-20T13:43:07Z,140.0,Sense
2025-08-20T13:43:12Z,136.0,Sense
2025-08-20T13:43:17Z,133.0,Sense
2025-08-20T13:43:22Z,134.0,Sense
2025-08-20T13:43:27Z,133.0,Sense
2025-08-20T13:43:32Z,132.0,Sense
2025-08-20T13:43:37Z,130.0,Sense
2025-08-20T13:43:42Z,145.0,Sense
2025-08-20T13:43:47Z,142.0,Sense
2025-08-20T13:43:52Z,141.0,Sense
2025-08-20T13:43:57Z,140.0,Sense
2025-08-20T13:44:07Z,138.0,Sense
2025-08-20T13:44:17Z,135.0,Sense
2025-08-20T13:44:22Z,130.0,Sense
2025-08-20T13:44:27Z,127.0,Sense
2025-08-20T13:44:32Z,125.0,Sense
2025-08-20T13:44:47Z,128.0,Sense
2025-08-20T13:44:52Z,131.0,Sense
2025-08-20T13:44:57Z,126.0,Sense
2025-08-20T13:45:02Z,121.0,Sense
2025-08-20T13:45:07Z,118.0,Sense
2025-08-20T13:45:12Z,132.0,Sense
2025-08-20T13:45:17Z,136.0,Sense
2025-08-20T13:45:22Z,135.0,Sense
2025-08-20T13:45:32Z,138.0,Sense
2025-08-20T13:45:37Z,135.0,Sense
2025-08-20T13:45:47Z,132.0,Sense
2025-08-20T13:45:52Z,143.0,Sense
2025-08-20T13:45:57Z,147.0,Sense
2025-08-20T13:46:02Z,145.0,Sense
2025-08-20T13:46:07Z,148.0,Sense
2025-08-20T13:46:12Z,154.0,Sense
2025-08-20T13:46:17Z,157.0,Sense
2025-08-20T13:46:22Z,156.0,Sense
2025-08-20T13:46:27Z,157.0,Sense
2025-08-20T13:46:32Z,160.0,Sense
2025-08-20T13:46:37Z,159.0,Sense
2025-08-20T13:46:42Z,156.0,Sense
2025-08-20T13:46:47Z,154.0,Sense
2025-08-20T13:46:52Z,152.0,Sense
2025-08-20T13:46:57Z,150.0,Sense
2025-08-20T13:47:07Z,145.0,Sense
2025-08-20T13:47:12Z,142.0,Sense
2025-08-20T13:47:17Z,141.0,Sense
2025-08-20T13:47:22Z,139.0,Sense
2025-08-20T13:47:27Z,136.0,Sense
2025-08-20T13:47:37Z,135.0,Sense
2025-08-20T13:47:42Z,135.0,Sense
2025-08-20T13:47:47Z,134.0,Sense
2025-08-20T13:47:52Z,133.0,Sense
2025-08-20T13:47:57Z,131.0,Sense
2025-08-20T13:48:12Z,131.0,Sense
2025-08-20T13:48:17Z,128.0,Sense
2025-08-20T13:48:22Z,125.0,Sense
2025-08-20T13:48:27Z,126.0,Sense
2025-08-20T13:48:32Z,132.0,Sense
2025-08-20T13:48:37Z,156.0,Sense
2025-08-20T13:48:47Z,155.0,Sense
2025-08-20T13:48:52Z,154.0,Sense
2025-08-20T13:48:57Z,153.0,Sense
2025-08-20T13:49:02Z,151.0,Sense
2025-08-20T13:49:07Z,150.0,Sense
2025-08-20T13:49:12Z,151.0,Sense
2025-08-20T13:49:17Z,148.0,Sense
2025-08-20T13:49:22Z,142.0,Sense
2025-08-20T13:49:27Z,137.0,Sense
2025-08-20T13:49:32Z,129.0,Sense
2025-08-20T13:49:37Z,130.0,Sense
2025-08-20T13:49:42Z,128.0,Sense
2025-08-20T13:49:47Z,125.0,Sense
2025-08-20T13:49:52Z,123.0,Sense
2025-08-20T13:49:57Z,125.0,Sense
2025-08-20T13:50:02Z,144.0,Sense
2025-08-20T13:50:12Z,143.0,Sense
2025-08-20T13:50:17Z,142.0,Sense
2025-08-20T13:50:22Z,138.0,Sense
2025-08-20T13:50:27Z,138.0,Sense
2025-08-20T13:50:32Z,135.0,Sense
2025-08-20T13:50:37Z,130.0,Sense
2025-08-20T13:50:42Z,127.0,Sense
2025-08-20T13:50:47Z,124.0,Sense
2025-08-20T13:50:52Z,121.0,Sense
2025-08-20T13:50:57Z,118.0,Sense
2025-08-20T13:51:02Z,114.0,Sense
2025-08-20T13:51:07Z,115.0,Sense
2025-08-20T13:51:12Z,119.0,Sense
2025-08-20T13:51:22Z,118.0,Sense
2025-08-20T13:51:27Z,121.0,Sense
2025-08-20T13:51:32Z,122.0,Sense
2025-08-20T13:51:37Z,122.0,Sense
2025-08-20T13:51:42Z,109.0,Sense
2025-08-20T13:51:47Z,107.0,Sense
2025-08-20T13:52:02Z,106.0,Sense
2025-08-20T13:52:07Z,108.0,Sense
2025-08-20T13:52:12Z,131.0,Sense
2025-08-20T13:52:17Z,135.0,Sense
2025-08-20T13:52:22Z,137.0,Sense
2025-08-20T13:52:27Z,138.0,Sense
2025-08-20T13:52:32Z,137.0,Sense
2025-08-20T13:52:37Z,126.0,Sense
2025-08-20T13:52:42Z,120.0,Sense
2025-08-20T13:52:47Z,121.0,Sense
2025-08-20T13:52:52Z,119.0,Sense
2025-08-20T13:52:57Z,116.0,Sense
2025-08-20T13:53:02Z,115.0,Sense
2025-08-20T13:53:07Z,117.0,Sense
2025-08-20T13:53:12Z,115.0,Sense
2025-08-20T13:53:17Z,121.0,Sense
2025-08-20T13:53:22Z,160.0,Sense
2025-08-20T13:53:27Z,162.0,Sense
2025-08-20T13:53:37Z,159.0,Sense
2025-08-20T13:53:42Z,160.0,Sense
2025-08-20T13:53:52Z,154.0,Sense
2025-08-20T13:53:57Z,152.0,Sense
2025-08-20T13:54:02Z,149.0,Sense
2025-08-20T13:54:07Z,146.0,Sense
2025-08-20T13:54:12Z,141.0,Sense
2025-08-20T13:54:17Z,139.0,Sense
2025-08-20T13:54:22Z,132.0,Sense
2025-08-20T13:54:27Z,130.0,Sense
2025-08-20T13:54:32Z,135.0,Sense
2025-08-20T13:54:37Z,149.0,Sense
2025-08-20T13:54:47Z,147.0,Sense
2025-08-20T13:54:57Z,145.0,Sense
2025-08-20T13:55:02Z,143.0,Sense
2025-08-20T13:55:07Z,142.0,Sense
2025-08-20T13:55:12Z,137.0,Sense
2025-08-20T13:55:27Z,135.0,Sense
2025-08-20T13:55:32Z,133.0,Sense
2025-08-20T13:55:37Z,138.0,Sense
2025-08-20T13:55:42Z,141.0,Sense
2025-08-20T13:55:47Z,140.0,Sense
2025-08-20T13:55:57Z,135.0,Sense
2025-08-20T13:56:02Z,134.0,Sense
2025-08-20T13:56:07Z,132.0,Sense
2025-08-20T13:56:12Z,132.0,Sense
2025-08-20T13:56:17Z,136.0,Sense
2025-08-20T13:56:22Z,139.0,Sense
2025-08-20T13:56:27Z,136.0,Sense
2025-08-20T13:56:32Z,135.0,Sense
2025-08-20T13:56:37Z,134.0,Sense
2025-08-20T13:56:47Z,130.0,Sense
2025-08-20T13:56:52Z,125.0,Sense
2025-08-20T13:57:07Z,124.0,Sense
2025-08-20T13:57:12Z,120.0,Sense
2025-08-20T13:57:17Z,119.0,Sense
2025-08-20T13:57:22Z,118.0,Sense
2025-08-20T13:57:27Z,119.0,Sense
2025-08-20T13:57:32Z,119.0,Sense
2025-08-20T13:57:37Z,116.0,Sense
2025-08-20T13:57:42Z,119.0,Sense
2025-08-20T13:57:47Z,118.0,Sense
2025-08-20T13:57:52Z,135.0,Sense
2025-08-20T13:57:57Z,141.0,Sense
2025-08-20T13:58:02Z,143.0,Sense
2025-08-20T13:58:07Z,141.0,Sense
2025-08-20T13:58:12Z,140.0,Sense
2025-08-20T13:58:22Z,139.0,Sense
2025-08-20T13:58:32Z,134.0,Sense
2025-08-20T13:58:37Z,133.0,Sense
2025-08-20T13:58:47Z,137.0,Sense
2025-08-20T13:58:52Z,139.0,Sense
2025-08-20T13:58:57Z,136.0,Sense
2025-08-20T13:59:02Z,137.0,Sense
2025-08-20T13:59:07Z,136.0,Sense
2025-08-20T13:59:12Z,138.0,Sense
2025-08-20T13:59:17Z,141.0,Sense
2025-08-20T13:59:22Z,140.0,Sense
2025-08-20T13:59:27Z,138.0,Sense
2025-08-20T13:59:32Z,140.0,Sense
2025-08-20T13:59:37Z,138.0,Sense
2025-08-20T13:59:42Z,135.0,Sense
2025-08-20T13:59:47Z,139.0,Sense
2025-08-20T13:59:52Z,137.0,Sense
2025-08-20T14:00:02Z,134.0,Sense
2025-08-20T14:00:07Z,132.0,Sense
2025-08-20T14:00:12Z,130.0,Sense
2025-08-20T14:00:17Z,132.0,Sense
2025-08-20T14:00:22Z,134.0,Sense
2025-08-20T14:00:27Z,137.0,Sense
2025-08-20T14:00:32Z,140.0,Sense
2025-08-20T14:00:37Z,137.0,Sense
2025-08-20T14:00:42Z,134.0,Sense
2025-08-20T14:00:47Z,144.0,Sense
2025-08-20T14:00:52Z,156.0,Sense
2025-08-20T14:00:57Z,158.0,Sense
2025-08-20T14:01:02Z,155.0,Sense
2025-08-20T14:01:07Z,153.0,Sense
2025-08-20T14:01:17Z,151.0,Sense
2025-08-20T14:01:22Z,156.0,Sense
2025-08-20T14:01:32Z,154.0,Sense
2025-08-20T14:01:37Z,149.0,Sense
2025-08-20T14:01:42Z,135.0,Sense
2025-08-20T14:01:52Z,136.0,Sense
2025-08-20T14:01:57Z,133.0,Sense
2025-08-20T14:02:07Z,132.0,Sense
2025-08-20T14:02:12Z,130.0,Sense
2025-08-20T14:02:17Z,129.0,Sense
2025-08-20T14:02:22Z,122.0,Sense
2025-08-20T14:02:27Z,117.0,Sense
2025-08-20T14:02:32Z,116.0,Sense
2025-08-20T14:02:37Z,119.0,Sense
2025-08-20T14:02:42Z,118.0,Sense
2025-08-20T14:02:47Z,124.0,Sense
2025-08-20T14:02:57Z,121.0,Sense
2025-08-20T14:03:02Z,118.0,Sense
2025-08-20T14:03:17Z,117.0,Sense
2025-08-20T14:03:22Z,118.0,Sense
2025-08-20T14:03:27Z,122.0,Sense
2025-08-20T14:03:37Z,123.0,Sense
2025-08-20T14:03:47Z,120.0,Sense
2025-08-20T14:03:52Z,119.0,Sense
2025-08-20T14:03:57Z,117.0,Sense
2025-08-20T14:04:02Z,115.0,Sense
2025-08-20T14:04:07Z,113.0,Sense
2025-08-20T14:04:12Z,108.0,Sense
2025-08-20T14:04:17Z,104.0,Sense
2025-08-20T14:04:22Z,113.0,Sense
2025-08-20T14:04:27Z,114.0,Sense
2025-08-20T14:04:32Z,125.0,Sense
2025-08-20T14:04:37Z,133.0,Sense
2025-08-20T14:04:42Z,130.0,Sense
2025-08-20T14:04:47Z,128.0,Sense
2025-08-20T14:04:52Z,125.0,Sense
2025-08-20T14:04:57Z,124.0,Sense
2025-08-20T14:05:02Z,130.0,Sense
2025-08-20T14:05:07Z,141.0,Sense
2025-08-20T14:05:12Z,142.0,Sense
2025-08-20T14:05:17Z,126.0,Sense
2025-08-20T14:05:22Z,124.0,Sense
2025-08-20T14:05:27Z,125.0,Sense
2025-08-20T14:05:37Z,127.0,Sense
2025-08-20T14:05:42Z,125.0,Sense
2025-08-20T14:05:47Z,119.0,Sense
2025-08-20T14:05:52Z,116.0,Sense
2025-08-20T14:05:57Z,108.0,Sense
2025-08-20T14:06:02Z,98.0,Sense
2025-08-20T14:06:07Z,91.0,Sense
2025-08-20T14:06:17Z,92.0,Sense
2025-08-20T14:06:22Z,91.0,Sense
2025-08-20T14:06:27Z,87.0,Sense
2025-08-20T14:06:32Z,88.0,Sense
2025-08-20T14:06:37Z,94.0,Sense
2025-08-20T14:06:42Z,99.0,Sense
2025-08-20T14:06:47Z,101.0,Sense
2025-08-20T14:06:52Z,93.0,Sense
2025-08-20T14:06:57Z,94.0,Sense
2025-08-20T14:07:02Z,95.0,Sense
2025-08-20T14:07:07Z,93.0,Sense
2025-08-20T14:07:12Z,91.0,Sense
2025-08-20T14:07:17Z,89.0,Sense
2025-08-20T14:07:22Z,76.0,Sense
2025-08-20T14:07:27Z,75.0,Sense
2025-08-20T14:07:32Z,85.0,Sense
2025-08-20T14:07:37Z,101.0,Sense
2025-08-20T14:07:47Z,87.0,Sense
2025-08-20T14:07:52Z,85.0,Sense
2025-08-20T14:07:57Z,95.0,Sense
2025-08-20T14:08:02Z,110.0,Sense
2025-08-20T14:08:12Z,108.0,Sense
2025-08-20T14:08:17Z,106.0,Sense
2025-08-20T14:08:22Z,104.0,Sense
2025-08-20T14:08:27Z,102.0,Sense
2025-08-20T14:08:32Z,96.0,Sense
2025-08-20T14:08:37Z,90.0,Sense
2025-08-20T14:08:42Z,91.0,Sense
2025-08-20T14:08:47Z,90.0,Sense
2025-08-20T14:08:57Z,92.0,Sense
2025-08-20T14:09:07Z,90.0,Sense
2025-08-20T14:09:17Z,92.0,Sense
2025-08-20T14:09:22Z,98.0,Sense
2025-08-20T14:09:32Z,99.0,Sense
2025-08-20T14:09:37Z,100.0,Sense
2025-08-20T14:09:42Z,99.0,Sense
2025-08-20T14:09:47Z,100.0,Sense
2025-08-20T14:09:52Z,99.0,Sense
2025-08-20T14:09:57Z,97.0,Sense
2025-08-20T14:10:02Z,96.0,Sense
2025-08-20T14:10:07Z,119.0,Sense
2025-08-20T14:10:12Z,126.0,Sense
2025-08-20T14:10:17Z,132.0,Sense
2025-08-20T14:10:22Z,142.0,Sense
2025-08-20T14:10:37Z,140.0,Sense
2025-08-20T14:10:42Z,133.0,Sense
2025-08-20T14:10:47Z,135.0,Sense
2025-08-20T14:10:52Z,133.0,Sense
2025-08-20T14:10:57Z,121.0,Sense
2025-08-20T14:11:02Z,118.0,Sense
2025-08-20T14:11:07Z,119.0,Sense
2025-08-20T14:11:17Z,121.0,Sense
2025-08-20T14:11:22Z,122.0,Sense
2025-08-20T14:11:27Z,122.0,Sense
2025-08-20T14:11:32Z,121.0,Sense
2025-08-20T14:11:37Z,124.0,Sense
2025-08-20T14:11:42Z,125.0,Sense
2025-08-20T14:11:47Z,122.0,Sense
2025-08-20T14:11:57Z,123.0,Sense
2025-08-20T14:12:02Z,120.0,Sense
2025-08-20T14:12:07Z,121.0,Sense
2025-08-20T14:12:12Z,122.0,Sense
2025-08-20T14:12:17Z,123.0,Sense
2025-08-20T14:12:27Z,124.0,Sense
2025-08-20T14:12:32Z,127.0,Sense
2025-08-20T14:12:37Z,121.0,Sense
2025-08-20T14:12:42Z,120.0,Sense
2025-08-20T14:12:52Z,119.0,Sense
2025-08-20T14:12:57Z,116.0,Sense
2025-08-20T14:13:02Z,114.0,Sense
2025-08-20T14:13:07Z,113.0,Sense
2025-08-20T14:13:12Z,126.0,Sense
2025-08-20T14:13:17Z,128.0,Sense
2025-08-20T14:13:27Z,127.0,Sense
2025-08-20T14:13:32Z,124.0,Sense
2025-08-20T14:13:37Z,120.0,Sense
2025-08-20T14:13:42Z,110.0,Sense
2025-08-20T14:13:47Z,103.0,Sense
2025-08-20T14:13:52Z,104.0,Sense
2025-08-20T14:13:57Z,102.0,Sense
2025-08-20T14:14:02Z,97.0,Sense
2025-08-20T14:14:07Z,112.0,Sense
2025-08-20T14:14:12Z,123.0,Sense
2025-08-20T14:14:17Z,122.0,Sense
2025-08-20T14:14:22Z,124.0,Sense
2025-08-20T14:14:27Z,130.0,Sense
2025-08-20T14:14:32Z,123.0,Sense
2025-08-20T14:14:37Z,116.0,Sense
2025-08-20T14:14:42Z,117.0,Sense
2025-08-20T14:14:47Z,122.0,Sense
2025-08-20T14:14:52Z,134.0,Sense
2025-08-20T14:14:57Z,133.0,Sense
2025-08-20T14:15:02Z,130.0,Sense
2025-08-20T14:15:07Z,129.0,Sense
2025-08-20T14:15:12Z,129.0,Sense
2025-08-20T14:15:17Z,128.0,Sense
2025-08-20T14:15:22Z,129.0,Sense
2025-08-20T14:15:27Z,117.0,Sense
2025-08-20T14:15:32Z,113.0,Sense
2025-08-20T14:15:37Z,111.0,Sense
2025-08-20T14:15:47Z,112.0,Sense
2025-08-20T14:15:52Z,118.0,Sense
2025-08-20T14:15:57Z,116.0,Sense
2025-08-20T14:16:02Z,115.0,Sense
2025-08-20T14:16:07Z,111.0,Sense
2025-08-20T14:16:12Z,108.0,Sense
2025-08-20T14:16:17Z,107.0,Sense
2025-08-20T14:16:32Z,106.0,Sense
2025-08-20T14:16:37Z,101.0,Sense
2025-08-20T14:16:42Z,98.0,Sense
2025-08-20T14:16:47Z,100.0,Sense
2025-08-20T14:16:52Z,99.0,Sense
2025-08-20T14:16:57Z,101.0,Sense
2025-08-20T14:17:02Z,100.0,Sense
2025-08-20T14:17:07Z,107.0,Sense
2025-08-20T14:17:12Z,110.0,Sense
2025-08-20T14:17:17Z,111.0,Sense
2025-08-20T14:17:22Z,110.0,Sense
2025-08-20T14:17:27Z,103.0,Sense
2025-08-20T14:17:32Z,96.0,Sense
2025-08-20T14:17:37Z,84.0,Sense
2025-08-20T14:17:42Z,110.0,Sense
2025-08-20T14:17:47Z,109.0,Sense
2025-08-20T14:17:52Z,108.0,Sense
2025-08-20T14:17:57Z,107.0,Sense
2025-08-20T14:18:02Z,106.0,Sense
2025-08-20T14:18:07Z,103.0,Sense
2025-08-20T14:18:12Z,104.0,Sense
2025-08-20T14:18:17Z,109.0,Sense
2025-08-20T14:18:22Z,107.0,Sense
2025-08-20T14:18:27Z,106.0,Sense
2025-08-20T14:18:32Z,104.0,Sense
2025-08-20T14:18:37Z,105.0,Sense
2025-08-20T14:18:42Z,99.0,Sense
2025-08-20T14:18:47Z,96.0,Sense
2025-08-20T14:18:52Z,102.0,Sense
2025-08-20T14:18:57Z,103.0,Sense
2025-08-20T14:19:02Z,105.0,Sense
2025-08-20T14:19:07Z,103.0,Sense
2025-08-20T14:19:12Z,98.0,Sense
2025-08-20T14:19:17Z,93.0,Sense
2025-08-20T14:19:22Z,78.0,Sense
2025-08-20T14:19:27Z,81.0,Sense
2025-08-20T14:19:32Z,82.0,Sense
2025-08-20T14:19:37Z,84.0,Sense
2025-08-20T14:19:42Z,89.0,Sense
2025-08-20T14:19:47Z,90.0,Sense
2025-08-20T14:19:52Z,89.0,Sense
2025-08-20T14:19:57Z,90.0,Sense
2025-08-20T14:20:02Z,91.0,Sense
2025-08-20T14:20:17Z,91.0,Sense
2025-08-20T14:20:27Z,92.0,Sense
2025-08-20T14:20:32Z,97.0,Sense
2025-08-20T14:20:37Z,99.0,Sense
2025-08-20T14:20:47Z,98.0,Sense
2025-08-20T14:20:57Z,99.0,Sense
2025-08-20T14:21:02Z,100.0,Sense
2025-08-20T14:21:07Z,105.0,Sense
2025-08-20T14:21:12Z,106.0,Sense
2025-08-20T14:21:22Z,105.0,Sense
2025-08-20T14:21:27Z,102.0,Sense
2025-08-20T14:21:42Z,101.0,Sense
2025-08-20T14:21:47Z,100.0,Sense
2025-08-20T14:21:52Z,99.0,Sense
2025-08-20T14:21:57Z,98.0,Sense
2025-08-20T14:22:02Z,99.0,Sense
2025-08-20T14:22:07Z,100.0,Sense
2025-08-20T14:22:12Z,99.0,Sense
2025-08-20T14:22:17Z,98.0,Sense
2025-08-20T14:22:22Z,96.0,Sense
2025-08-20T14:22:27Z,98.0,Sense
2025-08-20T14:22:32Z,99.0,Sense
2025-08-20T14:22:37Z,100.0,Sense
2025-08-20T14:22:42Z,99.0,Sense
2025-08-20T14:22:47Z,99.0,Sense
2025-08-20T14:22:52Z,102.0,Sense
2025-08-20T14:23:07Z,116.0,Sense
2025-08-20T14:23:12Z,122.0,Sense
2025-08-20T14:23:22Z,123.0,Sense
2025-08-20T14:23:27Z,124.0,Sense
2025-08-20T14:23:32Z,143.0,Sense
2025-08-20T14:23:37Z,158.0,Sense
2025-08-20T14:23:47Z,159.0,Sense
2025-08-20T14:23:52Z,158.0,Sense
2025-08-20T14:23:57Z,155.0,Sense
2025-08-20T14:24:02Z,153.0,Sense
2025-08-20T14:24:12Z,151.0,Sense
2025-08-20T14:24:17Z,145.0,Sense
2025-08-20T14:24:22Z,153.0,Sense
2025-08-20T14:24:32Z,152.0,Sense
2025-08-20T14:24:37Z,150.0,Sense
2025-08-20T14:24:42Z,148.0,Sense
2025-08-20T14:24:47Z,158.0,Sense
2025-08-20T14:24:52Z,157.0,Sense
2025-08-20T14:24:57Z,155.0,Sense
2025-08-20T14:25:02Z,152.0,Sense
2025-08-20T14:25:07Z,148.0,Sense
2025-08-20T14:25:12Z,146.0,Sense
2025-08-20T14:25:17Z,148.0,Sense
2025-08-20T14:25:22Z,151.0,Sense
2025-08-20T14:25:27Z,152.0,Sense
2025-08-20T14:25:32Z,151.0,Sense
2025-08-20T14:25:37Z,147.0,Sense
2025-08-20T14:25:42Z,144.0,Sense
2025-08-20T14:25:57Z,143.0,Sense
2025-08-20T14:26:02Z,142.0,Sense
2025-08-20T14:26:12Z,140.0,Sense
2025-08-20T14:26:17Z,134.0,Sense
2025-08-20T14:26:22Z,125.0,Sense
2025-08-20T14:26:27Z,123.0,Sense
2025-08-20T14:26:32Z,122.0,Sense
2025-08-20T14:26:37Z,119.0,Sense
2025-08-20T14:26:47Z,120.0,Sense
2025-08-20T14:26:57Z,119.0,Sense
2025-08-20T14:27:02Z,117.0,Sense
2025-08-20T14:27:07Z,121.0,Sense
2025-08-20T14:27:17Z,117.0,Sense
2025-08-20T14:27:22Z,120.0,Sense
2025-08-20T14:27:27Z,130.0,Sense
2025-08-20T14:27:32Z,130.0,Sense
2025-08-20T14:27:37Z,129.0,Sense
2025-08-20T14:27:42Z,130.0,Sense
2025-08-20T14:27:52Z,133.0,Sense
2025-08-20T14:27:57Z,131.0,Sense
2025-08-20T14:28:02Z,132.0,Sense
2025-08-20T14:28:07Z,133.0,Sense
2025-08-20T14:28:12Z,134.0,Sense
2025-08-20T14:28:17Z,136.0,Sense
2025-08-20T14:28:22Z,136.0,Sense
2025-08-20T14:28:27Z,133.0,Sense
2025-08-20T14:28:32Z,132.0,Sense
2025-08-20T14:28:37Z,131.0,Sense
2025-08-20T14:28:42Z,129.0,Sense
2025-08-20T14:28:47Z,130.0,Sense
2025-08-20T14:28:52Z,139.0,Sense
2025-08-20T14:28:57Z,156.0,Sense
2025-08-20T14:29:12Z,163.0,Sense
2025-08-20T14:29:22Z,161.0,Sense
2025-08-20T14:29:27Z,162.0,Sense
2025-08-20T14:29:32Z,164.0,Sense
2025-08-20T14:29:37Z,162.0,Sense
2025-08-20T14:29:42Z,159.0,Sense
2025-08-20T14:29:47Z,154.0,Sense
2025-08-20T14:29:52Z,150.0,Sense
2025-08-20T14:29:57Z,154.0,Sense
2025-08-20T14:30:02Z,158.0,Sense
2025-08-20T14:30:07Z,159.0,Sense
2025-08-20T14:30:17Z,156.0,Sense
2025-08-20T14:30:22Z,153.0,Sense
2025-08-20T14:30:27Z,152.0,Sense
2025-08-20T14:30:32Z,149.0,Sense
2025-08-20T14:30:37Z,145.0,Sense
2025-08-20T14:30:42Z,144.0,Sense
2025-08-20T14:30:47Z,140.0,Sense
2025-08-20T14:30:57Z,139.0,Sense
2025-08-20T14:31:02Z,131.0,Sense
2025-08-20T14:31:07Z,126.0,Sense
2025-08-20T14:31:12Z,121.0,Sense
2025-08-20T14:31:22Z,117.0,Sense
2025-08-20T14:31:27Z,116.0,Sense
2025-08-20T14:31:37Z,115.0,Sense
2025-08-20T14:31:42Z,117.0,Sense
2025-08-20T14:31:52Z,126.0,Sense
2025-08-20T14:31:57Z,137.0,Sense
2025-08-20T14:32:07Z,135.0,Sense
2025-08-20T14:32:12Z,136.0,Sense
2025-08-20T14:32:17Z,133.0,Sense
2025-08-20T14:32:22Z,134.0,Sense
2025-08-20T14:32:27Z,145.0,Sense
2025-08-20T14:32:37Z,144.0,Sense
2025-08-20T14:32:42Z,142.0,Sense
2025-08-20T14:32:47Z,141.0,Sense
2025-08-20T14:32:52Z,140.0,Sense
2025-08-20T14:33:07Z,142.0,Sense
2025-08-20T14:33:17Z,146.0,Sense
2025-08-20T14:33:22Z,145.0,Sense
2025-08-20T14:33:37Z,147.0,Sense
2025-08-20T14:33:42Z,145.0,Sense
2025-08-20T14:33:47Z,147.0,Sense
2025-08-20T14:33:52Z,146.0,Sense
2025-08-20T14:33:57Z,141.0,Sense
2025-08-20T14:34:02Z,139.0,Sense
2025-08-20T14:34:07Z,138.0,Sense
2025-08-20T14:34:12Z,142.0,Sense
2025-08-20T14:34:17Z,146.0,Sense
2025-08-20T14:34:22Z,142.0,Sense
2025-08-20T14:34:27Z,137.0,Sense
2025-08-20T14:34:32Z,132.0,Sense
2025-08-20T14:34:37Z,130.0,Sense
2025-08-20T14:34:42Z,135.0,Sense
2025-08-20T14:34:47Z,133.0,Sense
2025-08-20T14:34:52Z,130.0,Sense
2025-08-20T14:35:07Z,130.0,Sense
2025-08-20T14:35:17Z,129.0,Sense
2025-08-20T14:35:22Z,132.0,Sense
2025-08-20T14:35:27Z,132.0,Sense
2025-08-20T14:35:32Z,130.0,Sense
2025-08-20T14:35:37Z,127.0,Sense
2025-08-20T14:35:47Z,130.0,Sense
2025-08-20T14:35:52Z,137.0,Sense
2025-08-20T14:35:57Z,135.0,Sense
2025-08-20T14:36:02Z,131.0,Sense
2025-08-20T14:36:07Z,129.0,Sense
2025-08-20T14:36:12Z,128.0,Sense
2025-08-20T14:36:17Z,126.0,Sense
2025-08-20T14:36:22Z,120.0,Sense
2025-08-20T14:36:27Z,116.0,Sense
2025-08-20T14:36:32Z,116.0,Sense
2025-08-20T14:36:37Z,115.0,Sense
2025-08-20T14:36:42Z,114.0,Sense
2025-08-20T14:36:47Z,115.0,Sense
2025-08-20T14:36:52Z,117.0,Sense
2025-08-20T14:36:57Z,118.0,Sense
2025-08-20T14:37:02Z,116.0,Sense
2025-08-20T14:37:12Z,118.0,Sense
2025-08-20T14:37:17Z,122.0,Sense
2025-08-20T14:37:22Z,141.0,Sense
2025-08-20T14:37:27Z,146.0,Sense
2025-08-20T14:37:32Z,147.0,Sense
2025-08-20T14:37:42Z,145.0,Sense
2025-08-20T14:37:47Z,151.0,Sense
2025-08-20T14:37:52Z,161.0,Sense
2025-08-20T14:38:07Z,159.0,Sense
2025-08-20T14:38:12Z,158.0,Sense
2025-08-20T14:38:17Z,155.0,Sense
2025-08-20T14:38:22Z,150.0,Sense
2025-08-20T14:38:27Z,149.0,Sense
2025-08-20T14:38:32Z,146.0,Sense
2025-08-20T14:38:37Z,142.0,Sense
2025-08-20T14:38:42Z,143.0,Sense
2025-08-20T14:38:47Z,141.0,Sense
2025-08-20T14:38:52Z,140.0,Sense
2025-08-20T14:38:57Z,138.0,Sense
2025-08-20T14:39:02Z,144.0,Sense
2025-08-20T14:39:07Z,150.0,Sense
2025-08-20T14:39:12Z,148.0,Sense
2025-08-20T14:39:17Z,146.0,Sense
2025-08-20T14:39:22Z,143.0,Sense
2025-08-20T14:39:27Z,143.0,Sense
2025-08-20T14:39:32Z,144.0,Sense
2025-08-20T14:39:42Z,145.0,Sense
2025-08-20T14:39:52Z,147.0,Sense
2025-08-20T14:39:57Z,142.0,Sense
2025-08-20T14:40:02Z,140.0,Sense
2025-08-20T14:40:07Z,143.0,Sense
2025-08-20T14:40:17Z,141.0,Sense
2025-08-20T14:40:22Z,140.0,Sense
2025-08-20T14:40:32Z,138.0,Sense
2025-08-20T14:40:37Z,136.0,Sense
2025-08-20T14:40:42Z,131.0,Sense
2025-08-20T14:40:47Z,128.0,Sense
2025-08-20T14:40:52Z,127.0,Sense
2025-08-20T14:41:02Z,126.0,Sense
2025-08-20T14:41:07Z,125.0,Sense
2025-08-20T14:41:12Z,127.0,Sense
2025-08-20T14:41:17Z,123.0,Sense
2025-08-20T14:41:22Z,122.0,Sense
2025-08-20T14:41:37Z,124.0,Sense
2025-08-20T14:41:42Z,123.0,Sense
2025-08-20T14:41:47Z,122.0,Sense
2025-08-20T14:41:52Z,120.0,Sense
2025-08-20T14:41:57Z,113.0,Sense
2025-08-20T14:42:02Z,107.0,Sense
2025-08-20T14:42:07Z,92.0,Sense
2025-08-20T14:42:12Z,85.0,Sense
2025-08-20T14:42:17Z,82.0,Sense
2025-08-20T14:42:22Z,81.0,Sense
2025-08-20T14:42:27Z,80.0,Sense
2025-08-20T14:42:32Z,78.0,Sense
2025-08-20T14:42:37Z,87.0,Sense
2025-08-20T14:42:42Z,95.0,Sense
2025-08-20T14:42:47Z,96.0,Sense
2025-08-20T14:42:52Z,95.0,Sense
2025-08-20T14:42:57Z,94.0,Sense
2025-08-20T14:43:02Z,93.0,Sense
2025-08-20T14:43:07Z,90.0,Sense
2025-08-20T14:43:12Z,88.0,Sense
2025-08-20T14:43:17Z,93.0,Sense
2025-08-20T14:43:22Z,108.0,Sense
2025-08-20T14:43:32Z,106.0,Sense
2025-08-20T14:43:37Z,105.0,Sense
2025-08-20T14:43:42Z,105.0,Sense
2025-08-20T14:43:47Z,104.0,Sense
2025-08-20T14:43:57Z,101.0,Sense
2025-08-20T14:44:02Z,100.0,Sense
2025-08-20T14:44:07Z,106.0,Sense
2025-08-20T14:44:17Z,104.0,Sense
2025-08-20T14:44:22Z,101.0,Sense
2025-08-20T14:44:27Z,92.0,Sense
2025-08-20T14:44:32Z,96.0,Sense
2025-08-20T14:44:37Z,98.0,Sense
2025-08-20T14:44:42Z,115.0,Sense
2025-08-20T14:44:47Z,127.0,Sense
2025-08-20T14:44:57Z,126.0,Sense
2025-08-20T14:45:02Z,129.0,Sense
2025-08-20T14:45:07Z,130.0,Sense
2025-08-20T14:45:12Z,121.0,Sense
2025-08-20T14:45:17Z,116.0,Sense
2025-08-20T14:45:27Z,113.0,Sense
2025-08-20T14:45:32Z,105.0,Sense
2025-08-20T14:45:42Z,106.0,Sense
2025-08-20T14:45:52Z,108.0,Sense
2025-08-20T14:45:57Z,103.0,Sense
2025-08-20T14:46:02Z,91.0,Sense
2025-08-20T14:46:07Z,82.0,Sense
2025-08-20T14:46:17Z,83.0,Sense
2025-08-20T14:46:22Z,90.0,Sense
2025-08-20T14:46:27Z,96.0,Sense
2025-08-20T14:46:32Z,108.0,Sense
2025-08-20T14:46:42Z,107.0,Sense
2025-08-20T14:46:47Z,105.0,Sense
2025-08-20T14:46:52Z,93.0,Sense
2025-08-20T14:46:57Z,95.0,Sense
2025-08-20T14:47:02Z,114.0,Sense
2025-08-20T14:47:07Z,112.0,Sense
2025-08-20T14:47:12Z,109.0,Sense
2025-08-20T14:47:22Z,107.0,Sense
2025-08-20T14:47:27Z,104.0,Sense
2025-08-20T14:47:37Z,101.0,Sense
2025-08-20T14:47:42Z,99.0,Sense
2025-08-20T14:47:47Z,96.0,Sense
2025-08-20T14:47:52Z,91.0,Sense
2025-08-20T14:47:57Z,88.0,Sense
2025-08-20T14:48:07Z,85.0,Sense
2025-08-20T14:48:17Z,88.0,Sense
2025-08-20T14:48:22Z,91.0,Sense
2025-08-20T14:48:27Z,86.0,Sense
2025-08-20T14:48:32Z,83.0,Sense
2025-08-20T14:48:42Z,86.0,Sense
2025-08-20T14:48:47Z,87.0,Sense
2025-08-20T14:48:52Z,91.0,Sense
2025-08-20T14:49:07Z,91.0,Sense
2025-08-20T14:49:22Z,92.0,Sense
2025-08-20T14:49:27Z,93.0,Sense
2025-08-20T14:49:42Z,94.0,Sense
2025-08-20T14:49:47Z,95.0,Sense
2025-08-20T14:49:52Z,94.0,Sense
2025-08-20T14:49:57Z,94.0,Sense
2025-08-20T14:50:02Z,95.0,Sense
2025-08-20T14:50:07Z,96.0,Sense
2025-08-20T14:50:12Z,97.0,Sense
2025-08-20T14:50:17Z,98.0,Sense
2025-08-20T14:50:27Z,97.0,Sense
2025-08-20T14:50:32Z,108.0,Sense
2025-08-20T14:50:37Z,111.0,Sense
2025-08-20T14:50:52Z,106.0,Sense
2025-08-20T14:50:57Z,105.0,Sense
2025-08-20T14:51:02Z,100.0,Sense
2025-08-20T14:51:07Z,117.0,Sense
2025-08-20T14:51:12Z,133.0,Sense
2025-08-20T14:51:17Z,132.0,Sense
2025-08-20T14:51:22Z,130.0,Sense
2025-08-20T14:51:27Z,127.0,Sense
2025-08-20T14:51:32Z,122.0,Sense
2025-08-20T14:51:37Z,119.0,Sense
2025-08-20T14:51:42Z,117.0,Sense
2025-08-20T14:51:47Z,114.0,Sense
2025-08-20T14:51:52Z,115.0,Sense
2025-08-20T14:51:57Z,113.0,Sense
2025-08-20T14:52:02Z,112.0,Sense
2025-08-20T14:52:07Z,109.0,Sense
2025-08-20T14:52:12Z,106.0,Sense
2025-08-20T14:52:17Z,100.0,Sense
2025-08-20T14:52:22Z,103.0,Sense
2025-08-20T14:52:27Z,113.0,Sense
2025-08-20T14:52:32Z,124.0,Sense
2025-08-20T14:52:37Z,125.0,Sense
2025-08-20T14:52:42Z,127.0,Sense
2025-08-20T14:52:47Z,138.0,Sense
2025-08-20T14:53:02Z,137.0,Sense
2025-08-20T14:53:07Z,135.0,Sense
2025-08-20T14:53:12Z,133.0,Sense
2025-08-20T14:53:17Z,133.0,Sense
2025-08-20T14:53:22Z,132.0,Sense
2025-08-20T14:53:27Z,134.0,Sense
2025-08-20T14:53:37Z,129.0,Sense
2025-08-20T14:53:42Z,126.0,Sense
2025-08-20T14:53:47Z,124.0,Sense
2025-08-20T14:53:52Z,120.0,Sense
2025-08-20T14:53:57Z,116.0,Sense
2025-08-20T14:54:02Z,115.0,Sense
2025-08-20T14:54:12Z,114.0,Sense
2025-08-20T14:54:17Z,111.0,Sense
2025-08-20T14:54:22Z,112.0,Sense
2025-08-20T14:54:27Z,111.0,Sense
2025-08-20T14:54:32Z,109.0,Sense
2025-08-20T14:54:37Z,109.0,Sense
2025-08-20T14:54:42Z,111.0,Sense
2025-08-20T14:54:52Z,112.0,Sense
2025-08-20T14:54:57Z,113.0,Sense
2025-08-20T14:55:02Z,106.0,Sense
2025-08-20T14:55:07Z,105.0,Sense
2025-08-20T14:55:12Z,104.0,Sense
2025-08-20T14:55:17Z,103.0,Sense
2025-08-20T14:55:22Z,101.0,Sense
2025-08-20T14:55:27Z,102.0,Sense
2025-08-20T14:55:32Z,97.0,Sense
2025-08-20T14:55:37Z,94.0,Sense
2025-08-20T14:55:42Z,90.0,Sense
2025-08-20T14:55:47Z,87.0,Sense
2025-08-20T14:55:52Z,77.0,Sense
2025-08-20T14:55:57Z,71.0,Sense
2025-08-20T14:56:12Z,73.0,Sense
2025-08-20T14:56:17Z,74.0,Sense
2025-08-20T14:56:22Z,75.0,Sense
2025-08-20T14:56:27Z,76.0,Sense
2025-08-20T14:56:32Z,80.0,Sense
2025-08-20T14:56:37Z,85.0,Sense
2025-08-20T14:56:42Z,86.0,Sense
2025-08-20T14:56:47Z,87.0,Sense
2025-08-20T14:57:02Z,88.0,Sense
2025-08-20T14:57:07Z,89.0,Sense
2025-08-20T14:57:12Z,91.0,Sense
2025-08-20T14:57:17Z,92.0,Sense
2025-08-20T14:57:22Z,93.0,Sense
2025-08-20T14:57:37Z,93.0,Sense
2025-08-20T14:57:42Z,94.0,Sense
2025-08-20T14:57:57Z,95.0,Sense
2025-08-20T14:58:02Z,96.0,Sense
2025-08-20T14:58:17Z,97.0,Sense
2025-08-20T14:58:22Z,98.0,Sense
2025-08-20T14:58:37Z,98.0,Sense
2025-08-20T14:58:42Z,96.0,Sense
2025-08-20T14:58:47Z,97.0,Sense
2025-08-20T14:59:02Z,97.0,Sense
2025-08-20T14:59:07Z,97.0,Sense
2025-08-20T14:59:17Z,98.0,Sense
2025-08-20T14:59:22Z,97.0,Sense
2025-08-20T14:59:27Z,96.0,Sense
2025-08-20T14:59:32Z,96.0,Sense
2025-08-20T14:59:42Z,97.0,Sense
2025-08-20T14:59:47Z,100.0,Sense
2025-08-20T14:59:57Z,99.0,Sense
2025-08-20T15:00:12Z,99.0,Sense
2025-08-20T15:00:17Z,99.0,Sense
2025-08-20T15:00:22Z,98.0,Sense
2025-08-20T15:00:37Z,95.0,Sense
2025-08-20T15:00:42Z,93.0,Sense
2025-08-20T15:00:52Z,90.0,Sense
2025-08-20T15:00:57Z,91.0,Sense
2025-08-20T15:01:02Z,88.0,Sense
2025-08-20T15:01:12Z,89.0,Sense
2025-08-20T15:01:22Z,90.0,Sense
2025-08-20T15:01:32Z,90.0,Sense
2025-08-20T15:01:37Z,97.0,Sense
2025-08-20T15:01:42Z,99.0,Sense
2025-08-20T15:01:57Z,98.0,Sense
2025-08-20T15:02:02Z,98.0,Sense
2025-08-20T15:02:07Z,98.0,Sense
2025-08-20T15:02:12Z,99.0,Sense
2025-08-20T15:02:17Z,99.0,Sense
2025-08-20T15:02:27Z,98.0,Sense
2025-08-20T15:02:32Z,99.0,Sense
2025-08-20T15:02:37Z,100.0,Sense
2025-08-20T15:02:42Z,101.0,Sense
2025-08-20T15:02:47Z,100.0,Sense
2025-08-20T15:02:52Z,99.0,Sense
2025-08-20T15:02:57Z,98.0,Sense
2025-08-20T15:03:12Z,97.0,Sense
2025-08-20T15:03:22Z,95.0,Sense
2025-08-20T15:03:27Z,92.0,Sense
2025-08-20T15:03:42Z,93.0,Sense
2025-08-20T15:03:52Z,94.0,Sense
2025-08-20T15:03:57Z,95.0,Sense
2025-08-20T15:04:12Z,95.0,Sense
2025-08-20T15:04:27Z,103.0,Sense
2025-08-20T15:04:32Z,118.0,Sense
2025-08-20T15:04:37Z,122.0,Sense
2025-08-20T15:04:42Z,121.0,Sense
2025-08-20T15:04:47Z,122.0,Sense
2025-08-20T15:04:57Z,121.0,Sense
2025-08-20T15:05:02Z,122.0,Sense
2025-08-20T15:05:07Z,123.0,Sense
2025-08-20T15:05:17Z,114.0,Sense
2025-08-20T15:05:22Z,108.0,Sense
2025-08-20T15:05:27Z,110.0,Sense
2025-08-20T15:05:32Z,112.0,Sense
2025-08-20T15:05:42Z,113.0,Sense
2025-08-20T15:05:47Z,110.0,Sense
2025-08-20T15:05:52Z,104.0,Sense
2025-08-20T15:05:57Z,114.0,Sense
2025-08-20T15:06:02Z,145.0,Sense
2025-08-20T15:06:17Z,146.0,Sense
2025-08-20T15:06:22Z,145.0,Sense
2025-08-20T15:06:27Z,140.0,Sense
2025-08-20T15:06:32Z,139.0,Sense
2025-08-20T15:06:42Z,150.0,Sense
2025-08-20T15:06:47Z,150.0,Sense
2025-08-20T15:07:02Z,147.0,Sense
2025-08-20T15:07:07Z,146.0,Sense
2025-08-20T15:07:12Z,145.0,Sense
2025-08-20T15:07:17Z,139.0,Sense
2025-08-20T15:07:22Z,138.0,Sense
2025-08-20T15:07:27Z,139.0,Sense
2025-08-20T15:07:32Z,136.0,Sense
2025-08-20T15:07:37Z,135.0,Sense
2025-08-20T15:07:42Z,133.0,Sense
2025-08-20T15:07:47Z,128.0,Sense
2025-08-20T15:07:52Z,124.0,Sense
2025-08-20T15:07:57Z,122.0,Sense
2025-08-20T15:08:02Z,116.0,Sense
2025-08-20T15:08:07Z,105.0,Sense
2025-08-20T15:08:12Z,104.0,Sense
2025-08-20T15:08:17Z,103.0,Sense
2025-08-20T15:08:22Z,102.0,Sense
2025-08-20T15:08:27Z,101.0,Sense
2025-08-20T15:08:32Z,97.0,Sense
2025-08-20T15:08:37Z,98.0,Sense
2025-08-20T15:08:42Z,97.0,Sense
2025-08-20T15:08:47Z,93.0,Sense
2025-08-20T15:08:57Z,94.0,Sense
2025-08-20T15:09:07Z,91.0,Sense
2025-08-20T15:09:12Z,92.0,Sense
2025-08-20T15:09:17Z,96.0,Sense
2025-08-20T15:09:22Z,104.0,Sense
2025-08-20T15:09:27Z,112.0,Sense
2025-08-20T15:09:32Z,111.0,Sense
2025-08-20T15:09:37Z,103.0,Sense
2025-08-20T15:09:42Z,101.0,Sense
2025-08-20T15:09:47Z,90.0,Sense
2025-08-20T15:09:52Z,77.0,Sense
2025-08-20T15:09:57Z,78.0,Sense
2025-08-20T15:10:02Z,92.0,Sense
2025-08-20T15:10:07Z,108.0,Sense
2025-08-20T15:10:12Z,113.0,Sense
2025-08-20T15:10:17Z,112.0,Sense
2025-08-20T15:10:22Z,110.0,Sense
2025-08-20T15:10:27Z,106.0,Sense
2025-08-20T15:10:32Z,110.0,Sense
2025-08-20T15:10:37Z,130.0,Sense
2025-08-20T15:10:42Z,128.0,Sense
2025-08-20T15:10:47Z,124.0,Sense
2025-08-20T15:10:52Z,118.0,Sense
2025-08-20T15:10:57Z,110.0,Sense
2025-08-20T15:11:02Z,107.0,Sense
2025-08-20T15:11:07Z,110.0,Sense
2025-08-20T15:11:12Z,110.0,Sense
2025-08-20T15:11:17Z,112.0,Sense
2025-08-20T15:11:27Z,110.0,Sense
2025-08-20T15:11:32Z,107.0,Sense
2025-08-20T15:11:37Z,108.0,Sense
2025-08-20T15:11:42Z,130.0,Sense
2025-08-20T15:11:47Z,139.0,Sense
2025-08-20T15:11:52Z,140.0,Sense
2025-08-20T15:11:57Z,138.0,Sense
2025-08-20T15:12:07Z,135.0,Sense
2025-08-20T15:12:12Z,133.0,Sense
2025-08-20T15:12:17Z,134.0,Sense
2025-08-20T15:12:32Z,134.0,Sense
2025-08-20T15:12:37Z,135.0,Sense
2025-08-20T15:12:42Z,133.0,Sense
2025-08-20T15:12:47Z,137.0,Sense
2025-08-20T15:12:52Z,147.0,Sense
2025-08-20T15:12:57Z,145.0,Sense
2025-08-20T15:13:02Z,144.0,Sense
2025-08-20T15:13:07Z,143.0,Sense
2025-08-20T15:13:12Z,142.0,Sense
2025-08-20T15:13:17Z,139.0,Sense
2025-08-20T15:13:22Z,138.0,Sense
2025-08-20T15:13:27Z,136.0,Sense
2025-08-20T15:13:32Z,137.0,Sense
2025-08-20T15:13:37Z,138.0,Sense
2025-08-20T15:13:42Z,137.0,Sense
2025-08-20T15:13:47Z,134.0,Sense
2025-08-20T15:13:52Z,132.0,Sense
2025-08-20T15:13:57Z,129.0,Sense
2025-08-20T15:14:02Z,119.0,Sense
2025-08-20T15:14:07Z,117.0,Sense
2025-08-20T15:14:12Z,115.0,Sense
2025-08-20T15:14:17Z,112.0,Sense
2025-08-20T15:14:22Z,109.0,Sense
2025-08-20T15:14:27Z,107.0,Sense
2025-08-20T15:14:32Z,113.0,Sense
2025-08-20T15:14:37Z,116.0,Sense
2025-08-20T15:14:42Z,107.0,Sense
2025-08-20T15:14:47Z,106.0,Sense
2025-08-20T15:14:52Z,107.0,Sense
2025-08-20T15:14:57Z,108.0,Sense
2025-08-20T15:15:02Z,109.0,Sense
2025-08-20T15:15:07Z,107.0,Sense
2025-08-20T15:15:12Z,100.0,Sense
2025-08-20T15:15:17Z,98.0,Sense
2025-08-20T15:15:27Z,101.0,Sense
2025-08-20T15:15:32Z,104.0,Sense
2025-08-20T15:15:37Z,105.0,Sense
2025-08-20T15:15:42Z,104.0,Sense
2025-08-20T15:15:47Z,105.0,Sense
2025-08-20T15:15:52Z,97.0,Sense
2025-08-20T15:15:57Z,110.0,Sense
2025-08-20T15:16:02Z,115.0,Sense
2025-08-20T15:16:07Z,119.0,Sense
2025-08-20T15:16:12Z,122.0,Sense
2025-08-20T15:16:17Z,124.0,Sense
2025-08-20T15:16:22Z,126.0,Sense
2025-08-20T15:16:27Z,128.0,Sense
2025-08-20T15:16:32Z,133.0,Sense
2025-08-20T15:16:37Z,150.0,Sense
2025-08-20T15:16:42Z,155.0,Sense
2025-08-20T15:16:47Z,153.0,Sense
2025-08-20T15:16:52Z,152.0,Sense
2025-08-20T15:16:57Z,150.0,Sense
2025-08-20T15:17:02Z,148.0,Sense
2025-08-20T15:17:07Z,143.0,Sense
2025-08-20T15:17:12Z,131.0,Sense
2025-08-20T15:17:17Z,124.0,Sense
2025-08-20T15:17:22Z,123.0,Sense
2025-08-20T15:17:27Z,127.0,Sense
2025-08-20T15:17:32Z,133.0,Sense
2025-08-20T15:17:37Z,134.0,Sense
2025-08-20T15:17:42Z,133.0,Sense
2025-08-20T15:17:47Z,132.0,Sense
2025-08-20T15:17:52Z,132.0,Sense
2025-08-20T15:17:57Z,134.0,Sense
2025-08-20T15:18:02Z,138.0,Sense
2025-08-20T15:18:12Z,130.0,Sense
2025-08-20T15:18:17Z,127.0,Sense
2025-08-20T15:18:22Z,135.0,Sense
2025-08-20T15:18:37Z,134.0,Sense
2025-08-20T15:18:42Z,135.0,Sense
2025-08-20T15:18:47Z,130.0,Sense
2025-08-20T15:18:52Z,123.0,Sense
2025-08-20T15:19:07Z,123.0,Sense
2025-08-20T15:19:12Z,125.0,Sense
2025-08-20T15:19:17Z,125.0,Sense
2025-08-20T15:19:22Z,123.0,Sense
2025-08-20T15:19:27Z,119.0,Sense
2025-08-20T15:19:32Z,108.0,Sense
2025-08-20T15:19:37Z,103.0,Sense
2025-08-20T15:19:42Z,94.0,Sense
2025-08-20T15:19:47Z,89.0,Sense
2025-08-20T15:19:52Z,93.0,Sense
2025-08-20T15:19:57Z,90.0,Sense
2025-08-20T15:20:02Z,83.0,Sense
2025-08-20T15:20:07Z,85.0,Sense
2025-08-20T15:20:12Z,87.0,Sense
2025-08-20T15:20:17Z,88.0,Sense
2025-08-20T15:20:22Z,88.0,Sense
2025-08-20T15:20:32Z,91.0,Sense
2025-08-20T15:20:37Z,102.0,Sense
2025-08-20T15:20:42Z,109.0,Sense
2025-08-20T15:20:52Z,111.0,Sense
2025-08-20T15:20:57Z,108.0,Sense
2025-08-20T15:21:02Z,102.0,Sense
2025-08-20T15:21:07Z,96.0,Sense
2025-08-20T15:21:12Z,94.0,Sense
2025-08-20T15:21:17Z,92.0,Sense
2025-08-20T15:21:22Z,94.0,Sense
2025-08-20T15:21:27Z,110.0,Sense
2025-08-20T15:21:32Z,128.0,Sense
2025-08-20T15:21:37Z,127.0,Sense
2025-08-20T15:21:42Z,124.0,Sense
2025-08-20T15:21:52Z,142.0,Sense
2025-08-20T15:22:02Z,139.0,Sense
2025-08-20T15:22:12Z,138.0,Sense
2025-08-20T15:22:17Z,132.0,Sense
2025-08-20T15:22:22Z,130.0,Sense
2025-08-20T15:22:27Z,128.0,Sense
2025-08-20T15:22:32Z,148.0,Sense
2025-08-20T15:22:37Z,151.0,Sense
2025-08-20T15:22:42Z,149.0,Sense
2025-08-20T15:22:47Z,150.0,Sense
2025-08-20T15:22:52Z,146.0,Sense
2025-08-20T15:22:57Z,142.0,Sense
2025-08-20T15:23:02Z,140.0,Sense
2025-08-20T15:23:07Z,137.0,Sense
2025-08-20T15:23:12Z,134.0,Sense
2025-08-20T15:23:17Z,127.0,Sense
2025-08-20T15:23:22Z,123.0,Sense
2025-08-20T15:23:27Z,119.0,Sense
2025-08-20T15:23:32Z,120.0,Sense
2025-08-20T15:23:37Z,121.0,Sense
2025-08-20T15:23:42Z,134.0,Sense
2025-08-20T15:23:47Z,163.0,Sense
2025-08-20T15:23:52Z,163.0,Sense
2025-08-20T15:23:57Z,162.0,Sense
2025-08-20T15:24:02Z,161.0,Sense
2025-08-20T15:24:07Z,160.0,Sense
2025-08-20T15:24:12Z,161.0,Sense
2025-08-20T15:24:17Z,158.0,Sense
2025-08-20T15:24:22Z,152.0,Sense
2025-08-20T15:24:27Z,150.0,Sense
2025-08-20T15:24:37Z,155.0,Sense
2025-08-20T15:24:42Z,153.0,Sense
2025-08-20T15:24:52Z,152.0,Sense
2025-08-20T15:24:57Z,151.0,Sense
2025-08-20T15:25:02Z,150.0,Sense
2025-08-20T15:25:07Z,148.0,Sense
2025-08-20T15:25:12Z,147.0,Sense
2025-08-20T15:25:17Z,146.0,Sense
2025-08-20T15:25:27Z,144.0,Sense
2025-08-20T15:25:32Z,143.0,Sense
2025-08-20T15:25:37Z,140.0,Sense
2025-08-20T15:25:42Z,135.0,Sense
2025-08-20T15:25:47Z,131.0,Sense
2025-08-20T15:25:52Z,130.0,Sense
2025-08-20T15:25:57Z,124.0,Sense
2025-08-20T15:26:02Z,123.0,Sense
2025-08-20T15:26:12Z,120.0,Sense
2025-08-20T15:26:17Z,122.0,Sense
2025-08-20T15:26:22Z,123.0,Sense
2025-08-20T15:26:27Z,124.0,Sense
2025-08-20T15:26:32Z,123.0,Sense
2025-08-20T15:26:37Z,122.0,Sense
2025-08-20T15:26:47Z,124.0,Sense
2025-08-20T15:26:52Z,126.0,Sense
2025-08-20T15:26:57Z,124.0,Sense
2025-08-20T15:27:07Z,129.0,Sense
2025-08-20T15:27:12Z,128.0,Sense
2025-08-20T15:27:17Z,129.0,Sense
2025-08-20T15:27:27Z,127.0,Sense
2025-08-20T15:27:32Z,125.0,Sense
2025-08-20T15:27:37Z,122.0,Sense
2025-08-20T15:27:42Z,117.0,Sense
2025-08-20T15:27:47Z,116.0,Sense
2025-08-20T15:27:57Z,117.0,Sense
2025-08-20T15:28:02Z,114.0,Sense
2025-08-20T15:28:07Z,116.0,Sense
2025-08-20T15:28:12Z,113.0,Sense
2025-08-20T15:28:17Z,108.0,Sense
2025-08-20T15:28:22Z,111.0,Sense
2025-08-20T15:28:27Z,112.0,Sense
2025-08-20T15:28:32Z,112.0,Sense
2025-08-20T15:28:37Z,108.0,Sense
2025-08-20T15:28:42Z,107.0,Sense
2025-08-20T15:28:47Z,108.0,Sense
2025-08-20T15:28:52Z,107.0,Sense
2025-08-20T15:28:57Z,109.0,Sense
2025-08-20T15:29:02Z,97.0,Sense
2025-08-20T15:29:07Z,95.0,Sense
2025-08-20T15:29:17Z,106.0,Sense
2025-08-20T15:29:22Z,118.0,Sense
2025-08-20T15:29:27Z,114.0,Sense
2025-08-20T15:29:37Z,113.0,Sense
2025-08-20T15:29:42Z,111.0,Sense
2025-08-20T15:29:47Z,107.0,Sense
2025-08-20T15:29:52Z,103.0,Sense
2025-08-20T15:29:57Z,106.0,Sense
2025-08-20T15:30:02Z,110.0,Sense
2025-08-20T15:30:17Z,110.0,Sense
2025-08-20T15:30:22Z,112.0,Sense
2025-08-20T15:30:27Z,109.0,Sense
2025-08-20T15:30:32Z,107.0,Sense
2025-08-20T15:30:37Z,106.0,Sense
2025-08-20T15:30:42Z,105.0,Sense
2025-08-20T15:30:47Z,104.0,Sense
2025-08-20T15:30:52Z,106.0,Sense
2025-08-20T15:30:57Z,107.0,Sense
2025-08-20T15:31:02Z,109.0,Sense
2025-08-20T15:31:17Z,105.0,Sense
2025-08-20T15:31:27Z,104.0,Sense
2025-08-20T15:31:37Z,105.0,Sense
2025-08-20T15:31:42Z,104.0,Sense
2025-08-20T15:31:47Z,101.0,Sense
2025-08-20T15:31:52Z,100.0,Sense
2025-08-20T15:32:02Z,95.0,Sense
2025-08-20T15:32:07Z,94.0,Sense
2025-08-20T15:32:12Z,90.0,Sense
2025-08-20T15:32:17Z,93.0,Sense
2025-08-20T15:32:22Z,88.0,Sense
2025-08-20T15:32:27Z,89.0,Sense
2025-08-20T15:32:32Z,93.0,Sense
2025-08-20T15:32:37Z,94.0,Sense
2025-08-20T15:32:42Z,92.0,Sense
2025-08-20T15:32:47Z,93.0,Sense
2025-08-20T15:32:52Z,98.0,Sense
2025-08-20T15:32:57Z,103.0,Sense
2025-08-20T15:33:02Z,100.0,Sense
2025-08-20T15:33:07Z,106.0,Sense
2025-08-20T15:33:12Z,109.0,Sense
2025-08-20T15:33:17Z,104.0,Sense
2025-08-20T15:33:22Z,99.0,Sense
2025-08-20T15:33:27Z,97.0,Sense
2025-08-20T15:33:32Z,93.0,Sense
2025-08-20T15:33:42Z,124.0,Sense
2025-08-20T15:33:47Z,126.0,Sense
2025-08-20T15:33:52Z,127.0,Sense
2025-08-20T15:34:07Z,123.0,Sense
2025-08-20T15:34:12Z,143.0,Sense
2025-08-20T15:34:17Z,157.0,Sense
2025-08-20T15:34:22Z,155.0,Sense
2025-08-20T15:34:27Z,152.0,Sense
2025-08-20T15:34:32Z,149.0,Sense
2025-08-20T15:34:37Z,143.0,Sense
2025-08-20T15:34:42Z,140.0,Sense
2025-08-20T15:34:47Z,139.0,Sense
2025-08-20T15:34:52Z,140.0,Sense
2025-08-20T15:34:57Z,141.0,Sense
2025-08-20T15:35:02Z,142.0,Sense
2025-08-20T15:35:07Z,143.0,Sense
2025-08-20T15:35:12Z,144.0,Sense
2025-08-20T15:35:17Z,145.0,Sense
2025-08-20T15:35:22Z,147.0,Sense
2025-08-20T15:35:27Z,148.0,Sense
2025-08-20T15:35:32Z,145.0,Sense
2025-08-20T15:35:37Z,140.0,Sense
2025-08-20T15:35:42Z,136.0,Sense
2025-08-20T15:35:47Z,129.0,Sense
2025-08-20T15:35:57Z,126.0,Sense
2025-08-20T15:36:02Z,116.0,Sense
2025-08-20T15:36:07Z,109.0,Sense
2025-08-20T15:36:12Z,110.0,Sense
2025-08-20T15:36:17Z,111.0,Sense
2025-08-20T15:36:22Z,112.0,Sense
2025-08-20T15:36:27Z,111.0,Sense
2025-08-20T15:36:32Z,110.0,Sense
2025-08-20T15:36:37Z,101.0,Sense
2025-08-20T15:36:52Z,100.0,Sense
2025-08-20T15:36:57Z,98.0,Sense
2025-08-20T15:37:02Z,101.0,Sense
2025-08-20T15:37:07Z,124.0,Sense
2025-08-20T15:37:12Z,114.0,Sense
2025-08-20T15:37:17Z,115.0,Sense
2025-08-20T15:37:22Z,114.0,Sense
2025-08-20T15:37:27Z,111.0,Sense
2025-08-20T15:37:32Z,111.0,Sense
2025-08-20T15:37:37Z,120.0,Sense
2025-08-20T15:37:42Z,149.0,Sense
2025-08-20T15:37:52Z,146.0,Sense
2025-08-20T15:37:57Z,143.0,Sense
2025-08-20T15:38:02Z,140.0,Sense
2025-08-20T15:38:07Z,152.0,Sense
2025-08-20T15:38:12Z,145.0,Sense
2025-08-20T15:38:17Z,135.0,Sense
2025-08-20T15:38:22Z,134.0,Sense
2025-08-20T15:38:27Z,132.0,Sense
2025-08-20T15:38:37Z,134.0,Sense
2025-08-20T15:38:42Z,139.0,Sense
2025-08-20T15:38:47Z,136.0,Sense
2025-08-20T15:38:52Z,143.0,Sense
2025-08-20T15:38:57Z,161.0,Sense
2025-08-20T15:39:02Z,160.0,Sense
2025-08-20T15:39:07Z,162.0,Sense
2025-08-20T15:39:12Z,163.0,Sense
2025-08-20T15:39:17Z,162.0,Sense
2025-08-20T15:39:22Z,161.0,Sense
2025-08-20T15:39:27Z,160.0,Sense
2025-08-20T15:39:32Z,161.0,Sense
2025-08-20T15:39:37Z,158.0,Sense
2025-08-20T15:39:42Z,156.0,Sense
2025-08-20T15:39:47Z,155.0,Sense
2025-08-20T15:39:52Z,153.0,Sense
2025-08-20T15:39:57Z,151.0,Sense
2025-08-20T15:40:02Z,146.0,Sense
2025-08-20T15:40:07Z,141.0,Sense
2025-08-20T15:40:12Z,137.0,Sense
2025-08-20T15:40:17Z,135.0,Sense
2025-08-20T15:40:22Z,132.0,Sense
2025-08-20T15:40:32Z,129.0,Sense
2025-08-20T15:40:37Z,130.0,Sense
2025-08-20T15:40:42Z,131.0,Sense
2025-08-20T15:40:47Z,134.0,Sense
2025-08-20T15:40:52Z,133.0,Sense
2025-08-20T15:40:57Z,127.0,Sense
2025-08-20T15:41:12Z,126.0,Sense
2025-08-20T15:41:17Z,121.0,Sense
2025-08-20T15:41:22Z,120.0,Sense
2025-08-20T15:41:27Z,122.0,Sense
2025-08-20T15:41:32Z,123.0,Sense
2025-08-20T15:41:37Z,115.0,Sense
2025-08-20T15:41:42Z,107.0,Sense
2025-08-20T15:41:47Z,99.0,Sense
2025-08-20T15:41:52Z,98.0,Sense
2025-08-20T15:41:57Z,102.0,Sense
2025-08-20T15:42:02Z,107.0,Sense
2025-08-20T15:42:07Z,126.0,Sense
2025-08-20T15:42:12Z,147.0,Sense
2025-08-20T15:42:17Z,143.0,Sense
2025-08-20T15:42:22Z,141.0,Sense
2025-08-20T15:42:27Z,140.0,Sense
2025-08-20T15:42:32Z,139.0,Sense
2025-08-20T15:42:42Z,138.0,Sense
2025-08-20T15:42:47Z,137.0,Sense
2025-08-20T15:42:52Z,136.0,Sense
2025-08-20T15:42:57Z,123.0,Sense
2025-08-20T15:43:02Z,116.0,Sense
2025-08-20T15:43:07Z,117.0,Sense
2025-08-20T15:43:12Z,118.0,Sense
2025-08-20T15:43:22Z,124.0,Sense
2025-08-20T15:43:27Z,158.0,Sense
2025-08-20T15:43:32Z,161.0,Sense
2025-08-20T15:43:37Z,163.0,Sense
2025-08-20T15:43:42Z,164.0,Sense
2025-08-20T15:43:47Z,162.0,Sense
2025-08-20T15:43:57Z,155.0,Sense
2025-08-20T15:44:07Z,153.0,Sense
2025-08-20T15:44:22Z,153.0,Sense
2025-08-20T15:44:27Z,147.0,Sense
2025-08-20T15:44:32Z,146.0,Sense
2025-08-20T15:44:37Z,151.0,Sense
2025-08-20T15:44:52Z,150.0,Sense
2025-08-20T15:44:57Z,149.0,Sense
2025-08-20T15:45:02Z,150.0,Sense
2025-08-20T15:45:12Z,149.0,Sense
2025-08-20T15:45:17Z,148.0,Sense
2025-08-20T15:45:22Z,144.0,Sense
2025-08-20T15:45:27Z,142.0,Sense
2025-08-20T15:45:32Z,140.0,Sense
2025-08-20T15:45:37Z,139.0,Sense
2025-08-20T15:45:42Z,137.0,Sense
2025-08-20T15:45:47Z,139.0,Sense
2025-08-20T15:45:52Z,144.0,Sense
2025-08-20T15:45:57Z,142.0,Sense
2025-08-20T15:46:02Z,141.0,Sense
2025-08-20T15:46:17Z,137.0,Sense
2025-08-20T15:46:22Z,138.0,Sense
2025-08-20T15:46:27Z,139.0,Sense
2025-08-20T15:46:32Z,141.0,Sense
2025-08-20T15:46:37Z,139.0,Sense
2025-08-20T15:46:42Z,138.0,Sense
2025-08-20T15:46:47Z,147.0,Sense
2025-08-20T15:46:52Z,151.0,Sense
2025-08-20T15:47:02Z,152.0,Sense
2025-08-20T15:47:07Z,151.0,Sense
2025-08-20T15:47:12Z,153.0,Sense
2025-08-20T15:47:17Z,153.0,Sense
2025-08-20T15:47:22Z,147.0,Sense
2025-08-20T15:47:27Z,144.0,Sense
2025-08-20T15:47:32Z,143.0,Sense
2025-08-20T15:47:37Z,142.0,Sense
2025-08-20T15:47:47Z,146.0,Sense
2025-08-20T15:47:52Z,140.0,Sense
2025-08-20T15:47:57Z,134.0,Sense
2025-08-20T15:48:02Z,120.0,Sense
2025-08-20T15:48:07Z,116.0,Sense
2025-08-20T15:48:22Z,115.0,Sense
2025-08-20T15:48:27Z,119.0,Sense
2025-08-20T15:48:32Z,123.0,Sense
2025-08-20T15:48:37Z,121.0,Sense
2025-08-20T15:48:42Z,116.0,Sense
2025-08-20T15:48:47Z,113.0,Sense
2025-08-20T15:48:52Z,115.0,Sense
2025-08-20T15:48:57Z,116.0,Sense
2025-08-20T15:49:02Z,118.0,Sense
2025-08-20T15:49:07Z,115.0,Sense
2025-08-20T15:49:12Z,120.0,Sense
2025-08-20T15:49:17Z,124.0,Sense
2025-08-20T15:49:22Z,121.0,Sense
2025-08-20T15:49:27Z,127.0,Sense
2025-08-20T15:49:32Z,128.0,Sense
2025-08-20T15:49:37Z,130.0,Sense
2025-08-20T15:49:42Z,132.0,Sense
2025-08-20T15:49:47Z,133.0,Sense
2025-08-20T15:49:52Z,135.0,Sense
2025-08-20T15:49:57Z,136.0,Sense
2025-08-20T15:50:02Z,134.0,Sense
2025-08-20T15:50:12Z,133.0,Sense
2025-08-20T15:50:17Z,132.0,Sense
2025-08-20T15:50:22Z,130.0,Sense
2025-08-20T15:50:27Z,125.0,Sense
2025-08-20T15:50:32Z,121.0,Sense
2025-08-20T15:50:37Z,115.0,Sense
2025-08-20T15:50:42Z,110.0,Sense
2025-08-20T15:50:47Z,104.0,Sense
2025-08-20T15:50:52Z,101.0,Sense
2025-08-20T15:50:57Z,104.0,Sense
2025-08-20T15:51:02Z,108.0,Sense
2025-08-20T15:51:07Z,108.0,Sense
2025-08-20T15:51:12Z,107.0,Sense
2025-08-20T15:51:22Z,109.0,Sense
2025-08-20T15:51:27Z,110.0,Sense
2025-08-20T15:51:32Z,110.0,Sense
2025-08-20T15:51:42Z,109.0,Sense
2025-08-20T15:51:52Z,107.0,Sense
2025-08-20T15:52:02Z,109.0,Sense
2025-08-20T15:52:07Z,106.0,Sense
2025-08-20T15:52:12Z,104.0,Sense
2025-08-20T15:52:17Z,103.0,Sense
2025-08-20T15:52:22Z,101.0,Sense
2025-08-20T15:52:32Z,102.0,Sense
2025-08-20T15:52:37Z,103.0,Sense
2025-08-20T15:52:47Z,107.0,Sense
2025-08-20T15:52:52Z,104.0,Sense
2025-08-20T15:52:57Z,106.0,Sense
2025-08-20T15:53:02Z,110.0,Sense
2025-08-20T15:53:07Z,111.0,Sense
2025-08-20T15:53:12Z,126.0,Sense
2025-08-20T15:53:17Z,149.0,Sense
2025-08-20T15:53:22Z,148.0,Sense
2025-08-20T15:53:27Z,143.0,Sense
2025-08-20T15:53:32Z,138.0,Sense
2025-08-20T15:53:37Z,136.0,Sense
2025-08-20T15:53:42Z,134.0,Sense
2025-08-20T15:53:47Z,123.0,Sense
2025-08-20T15:53:52Z,139.0,Sense
2025-08-20T15:54:02Z,137.0,Sense
2025-08-20T15:54:07Z,136.0,Sense
2025-08-20T15:54:12Z,133.0,Sense
2025-08-20T15:54:17Z,132.0,Sense
2025-08-20T15:54:27Z,134.0,Sense
2025-08-20T15:54:32Z,135.0,Sense
2025-08-20T15:54:42Z,136.0,Sense
2025-08-20T15:54:47Z,141.0,Sense
2025-08-20T15:54:52Z,144.0,Sense
2025-08-20T15:54:57Z,150.0,Sense
2025-08-20T15:55:02Z,151.0,Sense
2025-08-20T15:55:07Z,150.0,Sense
2025-08-20T15:55:12Z,155.0,Sense
2025-08-20T15:55:17Z,154.0,Sense
2025-08-20T15:55:22Z,152.0,Sense
2025-08-20T15:55:27Z,150.0,Sense
2025-08-20T15:55:32Z,148.0,Sense
2025-08-20T15:55:37Z,147.0,Sense
2025-08-20T15:55:42Z,146.0,Sense
2025-08-20T15:55:47Z,145.0,Sense
2025-08-20T15:55:52Z,142.0,Sense
2025-08-20T15:55:57Z,138.0,Sense
2025-08-20T15:56:02Z,134.0,Sense
2025-08-20T15:56:07Z,132.0,Sense
2025-08-20T15:56:12Z,130.0,Sense
2025-08-20T15:56:17Z,133.0,Sense
2025-08-20T15:56:22Z,136.0,Sense
2025-08-20T15:56:27Z,135.0,Sense
2025-08-20T15:56:32Z,133.0,Sense
2025-08-20T15:56:42Z,132.0,Sense
2025-08-20T15:56:47Z,128.0,Sense
2025-08-20T15:56:52Z,122.0,Sense
2025-08-20T15:56:57Z,125.0,Sense
2025-08-20T15:57:02Z,124.0,Sense
2025-08-20T15:57:07Z,160.0,Sense
2025-08-20T15:57:12Z,162.0,Sense
2025-08-20T15:57:17Z,161.0,Sense
2025-08-20T15:57:22Z,160.0,Sense
2025-08-20T15:57:27Z,158.0,Sense
2025-08-20T15:57:32Z,155.0,Sense
2025-08-20T15:57:42Z,156.0,Sense
2025-08-20T15:57:47Z,155.0,Sense
2025-08-20T15:57:52Z,154.0,Sense
2025-08-20T15:57:57Z,153.0,Sense
2025-08-20T15:58:02Z,150.0,Sense
2025-08-20T15:58:07Z,148.0,Sense
2025-08-20T15:58:12Z,143.0,Sense
2025-08-20T15:58:17Z,140.0,Sense
2025-08-20T15:58:22Z,139.0,Sense
2025-08-20T15:58:27Z,140.0,Sense
2025-08-20T15:58:32Z,138.0,Sense
2025-08-20T15:58:37Z,136.0,Sense
2025-08-20T15:58:42Z,145.0,Sense
2025-08-20T15:58:47Z,150.0,Sense
2025-08-20T15:58:52Z,152.0,Sense
2025-08-20T15:58:57Z,157.0,Sense
2025-08-20T15:59:02Z,160.0,Sense
2025-08-20T15:59:07Z,159.0,Sense
2025-08-20T15:59:12Z,158.0,Sense
2025-08-20T15:59:22Z,153.0,Sense
2025-08-20T15:59:27Z,152.0,Sense
2025-08-20T15:59:32Z,148.0,Sense
2025-08-20T15:59:42Z,140.0,Sense
2025-08-20T15:59:47Z,137.0,Sense
2025-08-20T15:59:52Z,135.0,Sense
2025-08-20T15:59:57Z,133.0,Sense
2025-08-20T16:00:07Z,137.0,Sense
2025-08-20T16:00:12Z,137.0,Sense
2025-08-20T16:00:22Z,142.0,Sense
2025-08-20T16:00:27Z,143.0,Sense
2025-08-20T16:00:32Z,140.0,Sense
2025-08-20T16:00:37Z,138.0,Sense
2025-08-20T16:00:47Z,135.0,Sense
2025-08-20T16:00:52Z,134.0,Sense
2025-08-20T16:00:57Z,138.0,Sense
2025-08-20T16:01:02Z,144.0,Sense
2025-08-20T16:01:07Z,142.0,Sense
2025-08-20T16:01:12Z,141.0,Sense
2025-08-20T16:01:17Z,137.0,Sense
2025-08-20T16:01:22Z,134.0,Sense
2025-08-20T16:01:32Z,138.0,Sense
2025-08-20T16:01:37Z,139.0,Sense
2025-08-20T16:01:42Z,153.0,Sense
2025-08-20T16:01:47Z,162.0,Sense
2025-08-20T16:01:52Z,159.0,Sense
2025-08-20T16:01:57Z,157.0,Sense
2025-08-20T16:02:02Z,156.0,Sense
2025-08-20T16:02:07Z,155.0,Sense
2025-08-20T16:02:12Z,156.0,Sense
2025-08-20T16:02:17Z,160.0,Sense
2025-08-20T16:02:27Z,156.0,Sense
2025-08-20T16:02:32Z,154.0,Sense
2025-08-20T16:02:37Z,147.0,Sense
2025-08-20T16:02:42Z,137.0,Sense
2025-08-20T16:02:47Z,133.0,Sense
2025-08-20T16:02:52Z,129.0,Sense
2025-08-20T16:02:57Z,126.0,Sense
2025-08-20T16:03:07Z,125.0,Sense
2025-08-20T16:03:12Z,121.0,Sense
2025-08-20T16:03:17Z,122.0,Sense
2025-08-20T16:03:27Z,124.0,Sense
2025-08-20T16:03:32Z,131.0,Sense
2025-08-20T16:03:37Z,132.0,Sense
2025-08-20T16:03:42Z,133.0,Sense
2025-08-20T16:03:52Z,144.0,Sense
2025-08-20T16:03:57Z,146.0,Sense
2025-08-20T16:04:02Z,145.0,Sense
2025-08-20T16:04:12Z,147.0,Sense
2025-08-20T16:04:22Z,149.0,Sense
2025-08-20T16:04:32Z,146.0,Sense
2025-08-20T16:04:37Z,143.0,Sense
2025-08-20T16:04:42Z,141.0,Sense
2025-08-20T16:04:47Z,133.0,Sense
2025-08-20T16:04:52Z,131.0,Sense
2025-08-20T16:04:57Z,130.0,Sense
2025-08-20T16:05:02Z,133.0,Sense
2025-08-20T16:05:07Z,138.0,Sense
2025-08-20T16:05:12Z,137.0,Sense
2025-08-20T16:05:17Z,134.0,Sense
2025-08-20T16:05:22Z,133.0,Sense
2025-08-20T16:05:27Z,132.0,Sense
2025-08-20T16:05:32Z,134.0,Sense
2025-08-20T16:05:37Z,133.0,Sense
2025-08-20T16:05:42Z,132.0,Sense
2025-08-20T16:05:52Z,124.0,Sense
2025-08-20T16:05:57Z,116.0,Sense
2025-08-20T16:06:02Z,119.0,Sense
2025-08-20T16:06:07Z,118.0,Sense
2025-08-20T16:06:22Z,121.0,Sense
2025-08-20T16:06:27Z,122.0,Sense
2025-08-20T16:06:32Z,125.0,Sense
2025-08-20T16:06:37Z,131.0,Sense
2025-08-20T16:06:42Z,151.0,Sense
2025-08-20T16:06:47Z,150.0,Sense
2025-08-20T16:06:57Z,149.0,Sense
2025-08-20T16:07:02Z,149.0,Sense
2025-08-20T16:07:07Z,158.0,Sense
2025-08-20T16:07:12Z,163.0,Sense
2025-08-20T16:07:17Z,164.0,Sense
2025-08-20T16:07:22Z,166.0,Sense
2025-08-20T16:07:32Z,165.0,Sense
2025-08-20T16:07:37Z,165.0,Sense
2025-08-20T16:07:42Z,164.0,Sense
2025-08-20T16:07:47Z,162.0,Sense
2025-08-20T16:07:52Z,158.0,Sense
2025-08-20T16:07:57Z,160.0,Sense
2025-08-20T16:08:02Z,166.0,Sense
2025-08-20T16:08:07Z,167.0,Sense
2025-08-20T16:08:12Z,166.0,Sense
2025-08-20T16:08:17Z,163.0,Sense
2025-08-20T16:08:22Z,158.0,Sense
2025-08-20T16:08:27Z,153.0,Sense
2025-08-20T16:08:37Z,157.0,Sense
2025-08-20T16:08:42Z,155.0,Sense
2025-08-20T16:08:47Z,156.0,Sense
2025-08-20T16:08:52Z,157.0,Sense
2025-08-20T16:08:57Z,156.0,Sense
2025-08-20T16:09:02Z,155.0,Sense
2025-08-20T16:09:07Z,156.0,Sense
2025-08-20T16:09:22Z,156.0,Sense
2025-08-20T16:09:27Z,155.0,Sense
2025-08-20T16:09:32Z,153.0,Sense
2025-08-20T16:09:37Z,152.0,Sense
2025-08-20T16:09:42Z,150.0,Sense
2025-08-20T16:09:47Z,149.0,Sense
2025-08-20T16:09:52Z,147.0,Sense
2025-08-20T16:09:57Z,145.0,Sense
2025-08-20T16:10:02Z,143.0,Sense
2025-08-20T16:10:07Z,138.0,Sense
2025-08-20T16:10:12Z,128.0,Sense
2025-08-20T16:10:17Z,124.0,Sense
2025-08-20T16:10:22Z,121.0,Sense
2025-08-20T16:10:27Z,117.0,Sense
2025-08-20T16:10:32Z,113.0,Sense
2025-08-20T16:10:37Z,115.0,Sense
2025-08-20T16:10:42Z,117.0,Sense
2025-08-20T16:10:52Z,118.0,Sense
2025-08-20T16:10:57Z,123.0,Sense
2025-08-20T16:11:02Z,126.0,Sense
2025-08-20T16:11:12Z,125.0,Sense
2025-08-20T16:11:17Z,124.0,Sense
2025-08-20T16:11:22Z,125.0,Sense
2025-08-20T16:11:27Z,133.0,Sense
2025-08-20T16:11:32Z,140.0,Sense
2025-08-20T16:11:37Z,138.0,Sense
2025-08-20T16:11:42Z,136.0,Sense
2025-08-20T16:11:47Z,133.0,Sense
2025-08-20T16:11:52Z,134.0,Sense
2025-08-20T16:11:57Z,133.0,Sense
2025-08-20T16:12:02Z,131.0,Sense
2025-08-20T16:12:07Z,130.0,Sense
2025-08-20T16:12:12Z,131.0,Sense
2025-08-20T16:12:17Z,134.0,Sense
2025-08-20T16:12:22Z,136.0,Sense
2025-08-20T16:12:27Z,144.0,Sense
2025-08-20T16:12:32Z,145.0,Sense
2025-08-20T16:12:47Z,145.0,Sense
2025-08-20T16:12:52Z,147.0,Sense
2025-08-20T16:12:57Z,150.0,Sense
2025-08-20T16:13:02Z,145.0,Sense
2025-08-20T16:13:07Z,142.0,Sense
2025-08-20T16:13:12Z,141.0,Sense
2025-08-20T16:13:17Z,140.0,Sense
2025-08-20T16:13:22Z,143.0,Sense
2025-08-20T16:13:27Z,140.0,Sense
2025-08-20T16:13:37Z,141.0,Sense
2025-08-20T16:13:52Z,140.0,Sense
2025-08-20T16:14:02Z,135.0,Sense
2025-08-20T16:14:07Z,130.0,Sense
2025-08-20T16:14:12Z,127.0,Sense
2025-08-20T16:14:17Z,134.0,Sense
2025-08-20T16:14:27Z,133.0,Sense
2025-08-20T16:14:32Z,134.0,Sense
2025-08-20T16:14:37Z,133.0,Sense
2025-08-20T16:14:42Z,135.0,Sense
2025-08-20T16:14:47Z,139.0,Sense
2025-08-20T16:14:57Z,144.0,Sense
2025-08-20T16:15:02Z,146.0,Sense
2025-08-20T16:15:07Z,151.0,Sense
2025-08-20T16:15:12Z,152.0,Sense
2025-08-20T16:15:22Z,150.0,Sense
2025-08-20T16:15:27Z,147.0,Sense
2025-08-20T16:15:32Z,144.0,Sense
2025-08-20T16:15:37Z,138.0,Sense
2025-08-20T16:15:42Z,137.0,Sense
2025-08-20T16:15:47Z,133.0,Sense
2025-08-20T16:15:52Z,140.0,Sense
2025-08-20T16:15:57Z,147.0,Sense
2025-08-20T16:16:02Z,145.0,Sense
2025-08-20T16:16:07Z,142.0,Sense
2025-08-20T16:16:12Z,139.0,Sense
2025-08-20T16:16:17Z,134.0,Sense
2025-08-20T16:16:22Z,132.0,Sense
2025-08-20T16:16:27Z,135.0,Sense
2025-08-20T16:16:32Z,133.0,Sense
2025-08-20T16:16:37Z,129.0,Sense
2025-08-20T16:16:42Z,123.0,Sense
2025-08-20T16:16:52Z,152.0,Sense
2025-08-20T16:16:57Z,153.0,Sense
2025-08-20T16:17:02Z,152.0,Sense
2025-08-20T16:17:07Z,150.0,Sense
2025-08-20T16:17:12Z,149.0,Sense
2025-08-20T16:17:17Z,148.0,Sense
2025-08-20T16:17:22Z,146.0,Sense
2025-08-20T16:17:27Z,145.0,Sense
2025-08-20T16:17:32Z,139.0,Sense
2025-08-20T16:17:37Z,137.0,Sense
2025-08-20T16:17:42Z,134.0,Sense
2025-08-20T16:17:47Z,135.0,Sense
2025-08-20T16:17:52Z,133.0,Sense
2025-08-20T16:17:57Z,130.0,Sense
2025-08-20T16:18:02Z,128.0,Sense
2025-08-20T16:18:07Z,115.0,Sense
2025-08-20T16:18:12Z,109.0,Sense
2025-08-20T16:18:17Z,108.0,Sense
2025-08-20T16:18:22Z,107.0,Sense
2025-08-20T16:18:27Z,105.0,Sense
2025-08-20T16:18:32Z,104.0,Sense
2025-08-20T16:18:37Z,94.0,Sense
2025-08-20T16:18:52Z,93.0,Sense
2025-08-20T16:19:02Z,111.0,Sense
2025-08-20T16:19:07Z,115.0,Sense
2025-08-20T16:19:12Z,116.0,Sense
2025-08-20T16:19:17Z,119.0,Sense
2025-08-20T16:19:22Z,113.0,Sense
2025-08-20T16:19:27Z,103.0,Sense
2025-08-20T16:19:32Z,111.0,Sense
2025-08-20T16:19:37Z,115.0,Sense
2025-08-20T16:19:52Z,134.0,Sense
2025-08-20T16:19:57Z,136.0,Sense
2025-08-20T16:20:02Z,137.0,Sense
2025-08-20T16:20:07Z,138.0,Sense
2025-08-20T16:20:17Z,132.0,Sense
2025-08-20T16:20:22Z,127.0,Sense
2025-08-20T16:20:27Z,125.0,Sense
2025-08-20T16:20:32Z,123.0,Sense
2025-08-20T16:20:37Z,122.0,Sense
2025-08-20T16:20:42Z,121.0,Sense
2025-08-20T16:20:47Z,117.0,Sense
2025-08-20T16:20:52Z,116.0,Sense
2025-08-20T16:20:57Z,120.0,Sense
2025-08-20T16:21:02Z,122.0,Sense
2025-08-20T16:21:07Z,116.0,Sense
2025-08-20T16:21:12Z,105.0,Sense
2025-08-20T16:21:17Z,110.0,Sense
2025-08-20T16:21:22Z,118.0,Sense
2025-08-20T16:21:27Z,119.0,Sense
2025-08-20T16:21:32Z,120.0,Sense
2025-08-20T16:21:37Z,122.0,Sense
2025-08-20T16:21:42Z,122.0,Sense
2025-08-20T16:21:47Z,121.0,Sense
2025-08-20T16:21:52Z,126.0,Sense
2025-08-20T16:21:57Z,127.0,Sense
2025-08-20T16:22:12Z,128.0,Sense
2025-08-20T16:22:17Z,123.0,Sense
2025-08-20T16:22:22Z,118.0,Sense
2025-08-20T16:22:27Z,121.0,Sense
2025-08-20T16:22:32Z,123.0,Sense
2025-08-20T16:22:37Z,150.0,Sense
2025-08-20T16:22:42Z,149.0,Sense
2025-08-20T16:22:47Z,147.0,Sense
2025-08-20T16:22:52Z,138.0,Sense
2025-08-20T16:22:57Z,136.0,Sense
2025-08-20T16:23:02Z,134.0,Sense
2025-08-20T16:23:07Z,133.0,Sense
2025-08-20T16:23:17Z,130.0,Sense
2025-08-20T16:23:22Z,130.0,Sense
2025-08-20T16:23:27Z,137.0,Sense
2025-08-20T16:23:32Z,139.0,Sense
2025-08-20T16:23:37Z,138.0,Sense
2025-08-20T16:23:42Z,136.0,Sense
2025-08-20T16:23:47Z,139.0,Sense
2025-08-20T16:23:52Z,140.0,Sense
2025-08-20T16:23:57Z,137.0,Sense
2025-08-20T16:24:02Z,134.0,Sense
2025-08-20T16:24:07Z,126.0,Sense
2025-08-20T16:24:12Z,122.0,Sense
2025-08-20T16:24:17Z,124.0,Sense
2025-08-20T16:24:22Z,121.0,Sense
2025-08-20T16:24:27Z,143.0,Sense
2025-08-20T16:24:32Z,142.0,Sense
2025-08-20T16:24:37Z,141.0,Sense
2025-08-20T16:24:47Z,141.0,Sense
2025-08-20T16:24:52Z,149.0,Sense
2025-08-20T16:24:57Z,152.0,Sense
2025-08-20T16:25:07Z,153.0,Sense
2025-08-20T16:25:12Z,151.0,Sense
2025-08-20T16:25:17Z,146.0,Sense
2025-08-20T16:25:22Z,140.0,Sense
2025-08-20T16:25:27Z,138.0,Sense
2025-08-20T16:25:37Z,133.0,Sense
2025-08-20T16:25:42Z,130.0,Sense
2025-08-20T16:25:57Z,129.0,Sense
2025-08-20T16:26:02Z,135.0,Sense
2025-08-20T16:26:07Z,136.0,Sense
2025-08-20T16:26:12Z,134.0,Sense
2025-08-20T16:26:17Z,131.0,Sense
2025-08-20T16:26:22Z,129.0,Sense
2025-08-20T16:26:27Z,125.0,Sense
2025-08-20T16:26:32Z,107.0,Sense
2025-08-20T16:26:37Z,106.0,Sense
2025-08-20T16:26:42Z,107.0,Sense
2025-08-20T16:26:47Z,105.0,Sense
2025-08-20T16:26:57Z,106.0,Sense
2025-08-20T16:27:02Z,108.0,Sense
2025-08-20T16:27:07Z,108.0,Sense
2025-08-20T16:27:22Z,106.0,Sense
2025-08-20T16:27:27Z,105.0,Sense
2025-08-20T16:27:32Z,104.0,Sense
2025-08-20T16:27:37Z,105.0,Sense
2025-08-20T16:27:47Z,102.0,Sense
2025-08-20T16:27:52Z,99.0,Sense
2025-08-20T16:27:57Z,98.0,Sense
2025-08-20T16:28:07Z,100.0,Sense
2025-08-20T16:28:12Z,101.0,Sense
2025-08-20T16:28:17Z,106.0,Sense
2025-08-20T16:28:22Z,112.0,Sense
2025-08-20T16:28:27Z,114.0,Sense
2025-08-20T16:28:32Z,115.0,Sense
2025-08-20T16:28:37Z,114.0,Sense
2025-08-20T16:28:42Z,113.0,Sense
2025-08-20T16:28:47Z,112.0,Sense
2025-08-20T16:28:52Z,111.0,Sense
2025-08-20T16:28:57Z,110.0,Sense
2025-08-20T16:29:02Z,106.0,Sense
2025-08-20T16:29:07Z,100.0,Sense
2025-08-20T16:29:12Z,93.0,Sense
2025-08-20T16:29:17Z,91.0,Sense
2025-08-20T16:29:22Z,96.0,Sense
2025-08-20T16:29:27Z,97.0,Sense
2025-08-20T16:29:32Z,96.0,Sense
2025-08-20T16:29:47Z,97.0,Sense
2025-08-20T16:29:52Z,96.0,Sense
2025-08-20T16:29:57Z,97.0,Sense
2025-08-20T16:30:02Z,99.0,Sense
2025-08-20T16:30:07Z,100.0,Sense
2025-08-20T16:30:12Z,102.0,Sense
2025-08-20T16:30:17Z,101.0,Sense
2025-08-20T16:30:22Z,100.0,Sense
2025-08-20T16:30:27Z,97.0,Sense
2025-08-20T16:30:32Z,103.0,Sense
2025-08-20T16:30:37Z,122.0,Sense
2025-08-20T16:30:42Z,123.0,Sense
2025-08-20T16:30:47Z,124.0,Sense
2025-08-20T16:30:52Z,122.0,Sense
2025-08-20T16:30:57Z,114.0,Sense
2025-08-20T16:31:02Z,112.0,Sense
2025-08-20T16:31:07Z,101.0,Sense
2025-08-20T16:31:22Z,100.0,Sense
2025-08-20T16:31:37Z,100.0,Sense
2025-08-20T16:31:47Z,101.0,Sense
2025-08-20T16:31:52Z,106.0,Sense
2025-08-20T16:32:07Z,105.0,Sense
2025-08-20T16:32:12Z,104.0,Sense
2025-08-20T16:32:17Z,112.0,Sense
2025-08-20T16:32:22Z,119.0,Sense
2025-08-20T16:32:27Z,118.0,Sense
2025-08-20T16:32:32Z,117.0,Sense
2025-08-20T16:32:37Z,116.0,Sense
2025-08-20T16:32:42Z,117.0,Sense
2025-08-20T16:32:47Z,118.0,Sense
2025-08-20T16:32:52Z,113.0,Sense
2025-08-20T16:32:57Z,115.0,Sense
2025-08-20T16:33:02Z,116.0,Sense
2025-08-20T16:33:12Z,115.0,Sense
2025-08-20T16:33:22Z,116.0,Sense
2025-08-20T16:33:27Z,114.0,Sense
2025-08-20T16:33:32Z,111.0,Sense
2025-08-20T16:33:37Z,106.0,Sense
2025-08-20T16:33:42Z,105.0,Sense
2025-08-20T16:33:57Z,113.0,Sense
2025-08-20T16:34:02Z,118.0,Sense
2025-08-20T16:34:07Z,122.0,Sense
2025-08-20T16:34:12Z,123.0,Sense
2025-08-20T16:34:22Z,121.0,Sense
2025-08-20T16:34:27Z,119.0,Sense
2025-08-20T16:34:32Z,128.0,Sense
2025-08-20T16:34:37Z,129.0,Sense
2025-08-20T16:34:42Z,141.0,Sense
2025-08-20T16:34:47Z,145.0,Sense
2025-08-20T16:34:52Z,150.0,Sense
2025-08-20T16:34:57Z,162.0,Sense
2025-08-20T16:35:07Z,160.0,Sense
2025-08-20T16:35:12Z,158.0,Sense
2025-08-20T16:35:17Z,157.0,Sense
2025-08-20T16:35:22Z,157.0,Sense
2025-08-20T16:35:27Z,147.0,Sense
2025-08-20T16:35:37Z,143.0,Sense
2025-08-20T16:35:42Z,138.0,Sense
2025-08-20T16:35:47Z,139.0,Sense
2025-08-20T16:35:52Z,141.0,Sense
2025-08-20T16:35:57Z,139.0,Sense
2025-08-20T16:36:02Z,137.0,Sense
2025-08-20T16:36:07Z,138.0,Sense
2025-08-20T16:36:12Z,139.0,Sense
2025-08-20T16:36:17Z,138.0,Sense
2025-08-20T16:36:22Z,134.0,Sense
2025-08-20T16:36:27Z,130.0,Sense
2025-08-20T16:36:32Z,124.0,Sense
2025-08-20T16:36:37Z,120.0,Sense
2025-08-20T16:36:47Z,115.0,Sense
2025-08-20T16:36:52Z,114.0,Sense
2025-08-20T16:36:57Z,108.0,Sense
2025-08-20T16:37:02Z,104.0,Sense
2025-08-20T16:37:07Z,103.0,Sense
2025-08-20T16:37:12Z,101.0,Sense
2025-08-20T16:37:17Z,98.0,Sense
2025-08-20T16:37:22Z,97.0,Sense
2025-08-20T16:37:27Z,101.0,Sense
2025-08-20T16:37:32Z,100.0,Sense
2025-08-20T16:37:37Z,99.0,Sense
2025-08-20T16:37:42Z,99.0,Sense
2025-08-20T16:37:47Z,98.0,Sense
2025-08-20T16:37:52Z,99.0,Sense
2025-08-20T16:38:02Z,99.0,Sense
2025-08-20T16:38:17Z,100.0,Sense
2025-08-20T16:38:27Z,97.0,Sense
2025-08-20T16:38:32Z,98.0,Sense
2025-08-20T16:38:37Z,111.0,Sense
2025-08-20T16:38:47Z,112.0,Sense
2025-08-20T16:39:02Z,115.0,Sense
2025-08-20T16:39:07Z,116.0,Sense
2025-08-20T16:39:22Z,124.0,Sense
2025-08-20T16:39:27Z,135.0,Sense
2025-08-20T16:39:32Z,138.0,Sense
2025-08-20T16:39:37Z,141.0,Sense
2025-08-20T16:39:42Z,140.0,Sense
2025-08-20T16:39:47Z,139.0,Sense
2025-08-20T16:39:52Z,140.0,Sense
2025-08-20T16:40:02Z,141.0,Sense
2025-08-20T16:40:12Z,143.0,Sense
2025-08-20T16:40:17Z,145.0,Sense
2025-08-20T16:40:22Z,143.0,Sense
2025-08-20T16:40:27Z,140.0,Sense
2025-08-20T16:40:42Z,141.0,Sense
2025-08-20T16:40:57Z,138.0,Sense
2025-08-20T16:41:02Z,134.0,Sense
2025-08-20T16:41:07Z,130.0,Sense
2025-08-20T16:41:12Z,135.0,Sense
2025-08-20T16:41:17Z,133.0,Sense
2025-08-20T16:41:22Z,130.0,Sense
2025-08-20T16:41:27Z,129.0,Sense
2025-08-20T16:41:32Z,127.0,Sense
2025-08-20T16:41:37Z,121.0,Sense
2025-08-20T16:41:42Z,116.0,Sense
2025-08-20T16:41:47Z,112.0,Sense
2025-08-20T16:41:52Z,120.0,Sense
2025-08-20T16:41:57Z,139.0,Sense
2025-08-20T16:42:02Z,133.0,Sense
2025-08-20T16:42:12Z,135.0,Sense
2025-08-20T16:42:22Z,132.0,Sense
2025-08-20T16:42:27Z,124.0,Sense
2025-08-20T16:42:32Z,118.0,Sense
2025-08-20T16:42:37Z,112.0,Sense
2025-08-20T16:42:42Z,111.0,Sense
2025-08-20T16:42:47Z,116.0,Sense
2025-08-20T16:42:52Z,118.0,Sense
2025-08-20T16:42:57Z,121.0,Sense
2025-08-20T16:43:02Z,135.0,Sense
2025-08-20T16:43:07Z,137.0,Sense
2025-08-20T16:43:17Z,139.0,Sense
2025-08-20T16:43:22Z,138.0,Sense
2025-08-20T16:43:27Z,135.0,Sense
2025-08-20T16:43:32Z,135.0,Sense
2025-08-20T16:43:37Z,136.0,Sense
2025-08-20T16:43:42Z,130.0,Sense
2025-08-20T16:43:47Z,122.0,Sense
2025-08-20T16:43:52Z,123.0,Sense
2025-08-20T16:43:57Z,125.0,Sense
2025-08-20T16:44:02Z,127.0,Sense
2025-08-20T16:44:07Z,125.0,Sense
2025-08-20T16:44:12Z,124.0,Sense
2025-08-20T16:44:17Z,132.0,Sense
2025-08-20T16:44:22Z,131.0,Sense
2025-08-20T16:44:27Z,130.0,Sense
2025-08-20T16:44:32Z,128.0,Sense
2025-08-20T16:44:42Z,129.0,Sense
2025-08-20T16:44:47Z,128.0,Sense
2025-08-20T16:44:52Z,116.0,Sense
2025-08-20T16:44:57Z,106.0,Sense
2025-08-20T16:45:02Z,105.0,Sense
2025-08-20T16:45:07Z,104.0,Sense
2025-08-20T16:45:12Z,103.0,Sense
2025-08-20T16:45:22Z,112.0,Sense
2025-08-20T16:45:27Z,116.0,Sense
2025-08-20T16:45:37Z,114.0,Sense
2025-08-20T16:45:42Z,112.0,Sense
2025-08-20T16:45:47Z,112.0,Sense
2025-08-20T16:45:52Z,110.0,Sense
2025-08-20T16:45:57Z,100.0,Sense
2025-08-20T16:46:02Z,115.0,Sense
2025-08-20T16:46:07Z,121.0,Sense
2025-08-20T16:46:12Z,122.0,Sense
2025-08-20T16:46:22Z,119.0,Sense
2025-08-20T16:46:27Z,127.0,Sense
2025-08-20T16:46:32Z,144.0,Sense
2025-08-20T16:46:47Z,145.0,Sense
2025-08-20T16:46:52Z,142.0,Sense
2025-08-20T16:46:57Z,136.0,Sense
2025-08-20T16:47:02Z,133.0,Sense
2025-08-20T16:47:12Z,126.0,Sense
2025-08-20T16:47:17Z,124.0,Sense
2025-08-20T16:47:22Z,123.0,Sense
2025-08-20T16:47:37Z,122.0,Sense
2025-08-20T16:47:42Z,120.0,Sense
2025-08-20T16:47:47Z,122.0,Sense
2025-08-20T16:47:52Z,124.0,Sense
2025-08-20T16:47:57Z,121.0,Sense
2025-08-20T16:48:02Z,132.0,Sense
2025-08-20T16:48:07Z,159.0,Sense
2025-08-20T16:48:12Z,157.0,Sense
2025-08-20T16:48:17Z,155.0,Sense
2025-08-20T16:48:22Z,154.0,Sense
2025-08-20T16:48:27Z,153.0,Sense
2025-08-20T16:48:32Z,152.0,Sense
2025-08-20T16:48:37Z,151.0,Sense
2025-08-20T16:48:42Z,148.0,Sense
2025-08-20T16:48:47Z,145.0,Sense
2025-08-20T16:48:52Z,143.0,Sense
2025-08-20T16:48:57Z,142.0,Sense
2025-08-20T16:49:02Z,141.0,Sense
2025-08-20T16:49:07Z,141.0,Sense
2025-08-20T16:49:12Z,140.0,Sense
2025-08-20T16:49:17Z,138.0,Sense
2025-08-20T16:49:27Z,139.0,Sense
2025-08-20T16:49:32Z,133.0,Sense
2025-08-20T16:49:37Z,125.0,Sense
2025-08-20T16:49:42Z,119.0,Sense
2025-08-20T16:49:47Z,117.0,Sense
2025-08-20T16:49:57Z,113.0,Sense
2025-08-20T16:50:02Z,112.0,Sense
2025-08-20T16:50:07Z,108.0,Sense
2025-08-20T16:50:12Z,107.0,Sense
2025-08-20T16:50:17Z,102.0,Sense
2025-08-20T16:50:22Z,96.0,Sense
2025-08-20T16:50:27Z,99.0,Sense
2025-08-20T16:50:37Z,104.0,Sense
2025-08-20T16:50:42Z,107.0,Sense
2025-08-20T16:50:47Z,104.0,Sense
2025-08-20T16:51:02Z,102.0,Sense
2025-08-20T16:51:07Z,98.0,Sense
2025-08-20T16:51:12Z,135.0,Sense
2025-08-20T16:51:17Z,137.0,Sense
2025-08-20T16:51:27Z,136.0,Sense
2025-08-20T16:51:32Z,137.0,Sense
2025-08-20T16:51:37Z,141.0,Sense
2025-08-20T16:51:42Z,140.0,Sense
2025-08-20T16:51:47Z,139.0,Sense
2025-08-20T16:51:52Z,140.0,Sense
2025-08-20T16:52:02Z,140.0,Sense
2025-08-20T16:52:07Z,139.0,Sense
2025-08-20T16:52:12Z,136.0,Sense
2025-08-20T16:52:17Z,129.0,Sense
2025-08-20T16:52:22Z,128.0,Sense
2025-08-20T16:52:27Z,128.0,Sense
2025-08-20T16:52:32Z,129.0,Sense
2025-08-20T16:52:42Z,127.0,Sense
2025-08-20T16:52:47Z,138.0,Sense
2025-08-20T16:52:52Z,139.0,Sense
2025-08-20T16:52:57Z,140.0,Sense
2025-08-20T16:53:07Z,139.0,Sense
2025-08-20T16:53:12Z,140.0,Sense
2025-08-20T16:53:22Z,134.0,Sense
2025-08-20T16:53:27Z,124.0,Sense
2025-08-20T16:53:37Z,123.0,Sense
2025-08-20T16:53:42Z,122.0,Sense
2025-08-20T16:53:52Z,124.0,Sense
2025-08-20T16:53:57Z,121.0,Sense
2025-08-20T16:54:02Z,118.0,Sense
2025-08-20T16:54:07Z,113.0,Sense
2025-08-20T16:54:12Z,127.0,Sense
2025-08-20T16:54:17Z,129.0,Sense
2025-08-20T16:54:22Z,128.0,Sense
2025-08-20T16:54:27Z,124.0,Sense
2025-08-20T16:54:32Z,111.0,Sense
2025-08-20T16:54:37Z,110.0,Sense
2025-08-20T16:54:42Z,111.0,Sense
2025-08-20T16:54:47Z,108.0,Sense
2025-08-20T16:54:52Z,101.0,Sense
2025-08-20T16:55:07Z,116.0,Sense
2025-08-20T16:55:12Z,138.0,Sense
2025-08-20T16:55:17Z,136.0,Sense
2025-08-20T16:55:22Z,134.0,Sense
2025-08-20T16:55:27Z,134.0,Sense
2025-08-20T16:55:32Z,131.0,Sense
2025-08-20T16:55:37Z,125.0,Sense
2025-08-20T16:55:44Z,126.0,Sense
2025-08-20T16:55:49Z,135.0,Sense
2025-08-20T16:55:54Z,158.0,Sense
2025-08-20T16:56:09Z,159.0,Sense
2025-08-20T16:56:19Z,157.0,Sense
2025-08-20T16:56:24Z,151.0,Sense
2025-08-20T16:56:29Z,147.0,Sense
2025-08-20T16:56:34Z,149.0,Sense
2025-08-20T16:56:39Z,150.0,Sense
2025-08-20T16:56:49Z,149.0,Sense
2025-08-20T16:56:54Z,146.0,Sense
2025-08-20T16:56:59Z,145.0,Sense
2025-08-20T16:57:04Z,143.0,Sense
2025-08-20T16:57:09Z,141.0,Sense
2025-08-20T16:57:14Z,139.0,Sense
2025-08-20T16:57:24Z,137.0,Sense
2025-08-20T16:57:29Z,143.0,Sense
2025-08-20T16:57:34Z,153.0,Sense
2025-08-20T16:57:39Z,154.0,Sense
2025-08-20T16:57:44Z,151.0,Sense
2025-08-20T16:57:49Z,150.0,Sense
2025-08-20T16:57:54Z,154.0,Sense
2025-08-20T16:57:59Z,156.0,Sense
2025-08-20T16:58:04Z,154.0,Sense
2025-08-20T16:58:09Z,152.0,Sense
2025-08-20T16:58:14Z,157.0,Sense
2025-08-20T16:58:19Z,155.0,Sense
2025-08-20T16:58:24Z,152.0,Sense
2025-08-20T16:58:29Z,154.0,Sense
2025-08-20T16:58:34Z,157.0,Sense
2025-08-20T16:58:39Z,156.0,Sense
2025-08-20T16:58:44Z,157.0,Sense
2025-08-20T16:58:49Z,154.0,Sense
2025-08-20T16:58:54Z,153.0,Sense
2025-08-20T16:59:04Z,152.0,Sense
2025-08-20T16:59:09Z,148.0,Sense
2025-08-20T16:59:14Z,143.0,Sense
2025-08-20T16:59:19Z,140.0,Sense
2025-08-20T16:59:24Z,135.0,Sense
2025-08-20T16:59:34Z,138.0,Sense
2025-08-20T16:59:39Z,136.0,Sense
2025-08-20T16:59:44Z,135.0,Sense
2025-08-20T16:59:49Z,134.0,Sense
2025-08-20T16:59:54Z,132.0,Sense
2025-08-20T16:59:59Z,122.0,Sense
2025-08-20T17:00:14Z,122.0,Sense
2025-08-20T17:00:19Z,118.0,Sense
2025-08-20T17:00:24Z,111.0,Sense
2025-08-20T17:00:29Z,109.0,Sense
2025-08-20T17:00:34Z,108.0,Sense
2025-08-20T17:00:39Z,110.0,Sense
2025-08-20T17:00:44Z,119.0,Sense
2025-08-20T17:00:49Z,129.0,Sense
2025-08-20T17:00:54Z,127.0,Sense
2025-08-20T17:00:59Z,147.0,Sense
2025-08-20T17:01:04Z,146.0,Sense
2025-08-20T17:01:14Z,145.0,Sense
2025-08-20T17:01:24Z,146.0,Sense
2025-08-20T17:01:29Z,144.0,Sense
2025-08-20T17:01:39Z,143.0,Sense
2025-08-20T17:01:44Z,138.0,Sense
2025-08-20T17:01:49Z,132.0,Sense
2025-08-20T17:01:54Z,127.0,Sense
2025-08-20T17:01:59Z,161.0,Sense
2025-08-20T17:02:04Z,162.0,Sense
2025-08-20T17:02:09Z,161.0,Sense
2025-08-20T17:02:14Z,160.0,Sense
2025-08-20T17:02:19Z,156.0,Sense
2025-08-20T17:02:24Z,154.0,Sense
2025-08-20T17:02:29Z,156.0,Sense
2025-08-20T17:02:34Z,154.0,Sense
2025-08-20T17:02:39Z,155.0,Sense
2025-08-20T17:02:44Z,152.0,Sense
2025-08-20T17:02:49Z,148.0,Sense
2025-08-20T17:02:54Z,146.0,Sense
2025-08-20T17:02:59Z,143.0,Sense
2025-08-20T17:03:04Z,145.0,Sense
2025-08-20T17:03:09Z,140.0,Sense
2025-08-20T17:03:14Z,134.0,Sense
2025-08-20T17:03:19Z,131.0,Sense
2025-08-20T17:03:34Z,131.0,Sense
2025-08-20T17:03:39Z,130.0,Sense
2025-08-20T17:03:44Z,129.0,Sense
2025-08-20T17:03:49Z,126.0,Sense
2025-08-20T17:03:54Z,123.0,Sense
2025-08-20T17:03:59Z,121.0,Sense
2025-08-20T17:04:04Z,119.0,Sense
2025-08-20T17:04:09Z,118.0,Sense
2025-08-20T17:04:14Z,116.0,Sense
2025-08-20T17:04:19Z,118.0,Sense
2025-08-20T17:04:24Z,111.0,Sense
2025-08-20T17:04:29Z,109.0,Sense
2025-08-20T17:04:34Z,110.0,Sense
2025-08-20T17:04:39Z,111.0,Sense
2025-08-20T17:04:44Z,109.0,Sense
2025-08-20T17:04:49Z,107.0,Sense
2025-08-20T17:04:59Z,107.0,Sense
2025-08-20T17:05:04Z,109.0,Sense
2025-08-20T17:05:09Z,122.0,Sense
2025-08-20T17:05:14Z,121.0,Sense
2025-08-20T17:05:19Z,122.0,Sense
2025-08-20T17:05:29Z,121.0,Sense
2025-08-20T17:05:34Z,119.0,Sense
2025-08-20T17:05:39Z,118.0,Sense
2025-08-20T17:05:44Z,117.0,Sense
2025-08-20T17:05:49Z,118.0,Sense
2025-08-20T17:05:54Z,119.0,Sense
2025-08-20T17:06:04Z,133.0,Sense
2025-08-20T17:06:14Z,131.0,Sense
2025-08-20T17:06:19Z,143.0,Sense
2025-08-20T17:06:24Z,144.0,Sense
2025-08-20T17:06:29Z,142.0,Sense
2025-08-20T17:06:34Z,141.0,Sense
2025-08-20T17:06:39Z,139.0,Sense
2025-08-20T17:06:44Z,133.0,Sense
2025-08-20T17:06:49Z,130.0,Sense
2025-08-20T17:06:54Z,134.0,Sense
2025-08-20T17:06:59Z,138.0,Sense
2025-08-20T17:07:04Z,134.0,Sense
2025-08-20T17:07:09Z,136.0,Sense
2025-08-20T17:07:14Z,131.0,Sense
2025-08-20T17:07:19Z,154.0,Sense
2025-08-20T17:07:24Z,163.0,Sense
2025-08-20T17:07:39Z,158.0,Sense
2025-08-20T17:07:44Z,153.0,Sense
2025-08-20T17:07:49Z,151.0,Sense
2025-08-20T17:07:54Z,147.0,Sense
2025-08-20T17:07:59Z,142.0,Sense
2025-08-20T17:08:04Z,140.0,Sense
2025-08-20T17:08:09Z,137.0,Sense
2025-08-20T17:08:14Z,134.0,Sense
2025-08-20T17:08:19Z,132.0,Sense
2025-08-20T17:08:24Z,143.0,Sense
2025-08-20T17:08:29Z,148.0,Sense
2025-08-20T17:08:34Z,146.0,Sense
2025-08-20T17:08:39Z,140.0,Sense
2025-08-20T17:08:54Z,137.0,Sense
2025-08-20T17:08:59Z,129.0,Sense
2025-08-20T17:09:04Z,126.0,Sense
2025-08-20T17:09:09Z,127.0,Sense
2025-08-20T17:09:14Z,129.0,Sense
2025-08-20T17:09:19Z,128.0,Sense
2025-08-20T17:09:24Z,119.0,Sense
2025-08-20T17:09:29Z,122.0,Sense
2025-08-20T17:09:34Z,121.0,Sense
2025-08-20T17:09:39Z,120.0,Sense
2025-08-20T17:09:44Z,116.0,Sense
2025-08-20T17:09:49Z,111.0,Sense
2025-08-20T17:09:59Z,114.0,Sense
2025-08-20T17:10:09Z,102.0,Sense
2025-08-20T17:10:14Z,101.0,Sense
2025-08-20T17:10:19Z,99.0,Sense
2025-08-20T17:10:24Z,96.0,Sense
2025-08-20T17:10:29Z,96.0,Sense
2025-08-20T17:10:34Z,95.0,Sense
2025-08-20T17:10:44Z,92.0,Sense
2025-08-20T17:10:49Z,87.0,Sense
2025-08-20T17:10:59Z,90.0,Sense
2025-08-20T17:11:09Z,87.0,Sense
2025-08-20T17:11:14Z,86.0,Sense
2025-08-20T17:11:19Z,102.0,Sense
2025-08-20T17:11:24Z,111.0,Sense
2025-08-20T17:11:29Z,111.0,Sense
2025-08-20T17:11:34Z,112.0,Sense
2025-08-20T17:11:39Z,111.0,Sense
2025-08-20T17:11:44Z,109.0,Sense
2025-08-20T17:11:49Z,104.0,Sense
2025-08-20T17:11:54Z,99.0,Sense
2025-08-20T17:11:59Z,101.0,Sense
2025-08-20T17:12:04Z,103.0,Sense
2025-08-20T17:12:09Z,110.0,Sense
2025-08-20T17:12:14Z,109.0,Sense
2025-08-20T17:12:19Z,114.0,Sense
2025-08-20T17:12:24Z,121.0,Sense
2025-08-20T17:12:29Z,129.0,Sense
2025-08-20T17:12:34Z,128.0,Sense
2025-08-20T17:12:39Z,125.0,Sense
2025-08-20T17:12:44Z,126.0,Sense
2025-08-20T17:12:49Z,124.0,Sense
2025-08-20T17:12:54Z,126.0,Sense
2025-08-20T17:12:59Z,133.0,Sense
2025-08-20T17:13:04Z,132.0,Sense
2025-08-20T17:13:09Z,129.0,Sense
2025-08-20T17:13:14Z,128.0,Sense
2025-08-20T17:13:19Z,128.0,Sense
2025-08-20T17:13:24Z,131.0,Sense
2025-08-20T17:13:29Z,133.0,Sense
2025-08-20T17:13:34Z,131.0,Sense
2025-08-20T17:13:39Z,131.0,Sense
2025-08-20T17:13:44Z,133.0,Sense
2025-08-20T17:13:49Z,131.0,Sense
2025-08-20T17:13:54Z,129.0,Sense
2025-08-20T17:13:59Z,125.0,Sense
2025-08-20T17:14:09Z,128.0,Sense
2025-08-20T17:14:14Z,127.0,Sense
2025-08-20T17:14:24Z,128.0,Sense
2025-08-20T17:14:29Z,129.0,Sense
2025-08-20T17:14:34Z,128.0,Sense
2025-08-20T17:14:39Z,130.0,Sense
2025-08-20T17:14:44Z,133.0,Sense
2025-08-20T17:14:49Z,131.0,Sense
2025-08-20T17:14:54Z,136.0,Sense
2025-08-20T17:14:59Z,142.0,Sense
2025-08-20T17:15:04Z,143.0,Sense
2025-08-20T17:15:09Z,140.0,Sense
2025-08-20T17:15:14Z,137.0,Sense
2025-08-20T17:15:19Z,135.0,Sense
2025-08-20T17:15:24Z,144.0,Sense
2025-08-20T17:15:29Z,150.0,Sense
2025-08-20T17:15:39Z,153.0,Sense
2025-08-20T17:15:44Z,144.0,Sense
2025-08-20T17:15:49Z,137.0,Sense
2025-08-20T17:15:59Z,135.0,Sense
2025-08-20T17:16:04Z,132.0,Sense
2025-08-20T17:16:14Z,131.0,Sense
2025-08-20T17:16:19Z,123.0,Sense
2025-08-20T17:16:24Z,141.0,Sense
2025-08-20T17:16:29Z,142.0,Sense
2025-08-20T17:16:34Z,141.0,Sense
2025-08-20T17:16:44Z,140.0,Sense
2025-08-20T17:16:49Z,142.0,Sense
2025-08-20T17:16:59Z,140.0,Sense
2025-08-20T17:17:09Z,139.0,Sense
2025-08-20T17:17:15Z,133.0,Sense
2025-08-20T17:17:20Z,131.0,Sense
2025-08-20T17:17:25Z,130.0,Sense
2025-08-20T17:17:30Z,128.0,Sense
2025-08-20T17:17:35Z,130.0,Sense
2025-08-20T17:17:40Z,129.0,Sense
2025-08-20T17:17:45Z,126.0,Sense
2025-08-20T17:17:50Z,125.0,Sense
2025-08-20T17:17:55Z,123.0,Sense
2025-08-20T17:18:00Z,119.0,Sense
2025-08-20T17:18:05Z,120.0,Sense
2025-08-20T17:18:15Z,117.0,Sense
2025-08-20T17:18:20Z,113.0,Sense
2025-08-20T17:18:25Z,120.0,Sense
2025-08-20T17:18:30Z,122.0,Sense
2025-08-20T17:18:35Z,123.0,Sense
2025-08-20T17:18:40Z,124.0,Sense
2025-08-20T17:18:50Z,113.0,Sense
2025-08-20T17:19:00Z,111.0,Sense
2025-08-20T17:19:05Z,100.0,Sense
2025-08-20T17:19:10Z,95.0,Sense
2025-08-20T17:19:15Z,92.0,Sense
2025-08-20T17:19:20Z,93.0,Sense
2025-08-20T17:19:25Z,94.0,Sense
2025-08-20T17:19:35Z,92.0,Sense
2025-08-20T17:19:40Z,88.0,Sense
2025-08-20T17:19:45Z,77.0,Sense
2025-08-20T17:19:50Z,76.0,Sense
2025-08-20T17:19:55Z,75.0,Sense
2025-08-20T17:20:10Z,75.0,Sense
2025-08-20T17:20:15Z,74.0,Sense
2025-08-20T17:20:20Z,74.0,Sense
2025-08-20T17:20:30Z,75.0,Sense
2025-08-20T17:20:36Z,75.0,Sense
2025-08-20T17:20:41Z,93.0,Sense
2025-08-20T17:20:46Z,103.0,Sense
2025-08-20T17:20:51Z,102.0,Sense
2025-08-20T17:21:01Z,119.0,Sense
2025-08-20T17:21:06Z,131.0,Sense
2025-08-20T17:21:11Z,130.0,Sense
2025-08-20T17:21:16Z,126.0,Sense
2025-08-20T17:21:21Z,125.0,Sense
2025-08-20T17:21:26Z,124.0,Sense
2025-08-20T17:21:31Z,121.0,Sense
2025-08-20T17:21:36Z,117.0,Sense
2025-08-20T17:21:41Z,147.0,Sense
2025-08-20T17:21:46Z,150.0,Sense
2025-08-20T17:21:51Z,149.0,Sense
2025-08-20T17:21:56Z,146.0,Sense
2025-08-20T17:22:01Z,144.0,Sense
2025-08-20T17:22:06Z,143.0,Sense
2025-08-20T17:22:11Z,144.0,Sense
2025-08-20T17:22:16Z,149.0,Sense
2025-08-20T17:22:21Z,143.0,Sense
2025-08-20T17:22:26Z,139.0,Sense
2025-08-20T17:22:32Z,136.0,Sense
2025-08-20T17:22:37Z,137.0,Sense
2025-08-20T17:22:42Z,144.0,Sense
2025-08-20T17:22:47Z,143.0,Sense
2025-08-20T17:22:52Z,142.0,Sense
2025-08-20T17:22:57Z,136.0,Sense
2025-08-20T17:23:02Z,132.0,Sense
2025-08-20T17:23:07Z,131.0,Sense
2025-08-20T17:23:12Z,128.0,Sense
2025-08-20T17:23:17Z,124.0,Sense
2025-08-20T17:23:22Z,120.0,Sense
2025-08-20T17:23:27Z,119.0,Sense
2025-08-20T17:23:32Z,120.0,Sense
2025-08-20T17:23:42Z,118.0,Sense
2025-08-20T17:23:47Z,121.0,Sense
2025-08-20T17:23:52Z,124.0,Sense
2025-08-20T17:24:02Z,121.0,Sense
2025-08-20T17:24:07Z,119.0,Sense
2025-08-20T17:24:12Z,114.0,Sense
2025-08-20T17:24:17Z,108.0,Sense
2025-08-20T17:24:27Z,110.0,Sense
2025-08-20T17:24:37Z,108.0,Sense
2025-08-20T17:24:42Z,105.0,Sense
2025-08-20T17:24:47Z,101.0,Sense
2025-08-20T17:24:53Z,97.0,Sense
2025-08-20T17:24:58Z,91.0,Sense
2025-08-20T17:25:03Z,86.0,Sense
2025-08-20T17:25:13Z,87.0,Sense
2025-08-20T17:25:23Z,91.0,Sense
2025-08-20T17:25:28Z,92.0,Sense
2025-08-20T17:25:33Z,94.0,Sense
2025-08-20T17:25:43Z,91.0,Sense
2025-08-20T17:25:48Z,94.0,Sense
2025-08-20T17:25:53Z,97.0,Sense
2025-08-20T17:25:58Z,93.0,Sense
2025-08-20T17:26:03Z,90.0,Sense
2025-08-20T17:26:18Z,91.0,Sense
2025-08-20T17:26:23Z,92.0,Sense
2025-08-20T17:26:28Z,93.0,Sense
2025-08-20T17:26:33Z,119.0,Sense
2025-08-20T17:26:38Z,132.0,Sense
2025-08-20T17:26:43Z,131.0,Sense
2025-08-20T17:26:48Z,132.0,Sense
2025-08-20T17:26:53Z,129.0,Sense
2025-08-20T17:26:58Z,128.0,Sense
2025-08-20T17:27:08Z,130.0,Sense
2025-08-20T17:27:18Z,140.0,Sense
2025-08-20T17:27:23Z,151.0,Sense
2025-08-20T17:27:38Z,150.0,Sense
2025-08-20T17:27:48Z,151.0,Sense
2025-08-20T17:27:53Z,150.0,Sense
2025-08-20T17:27:58Z,148.0,Sense
2025-08-20T17:28:03Z,143.0,Sense
2025-08-20T17:28:08Z,135.0,Sense
2025-08-20T17:28:13Z,130.0,Sense
2025-08-20T17:28:18Z,133.0,Sense
2025-08-20T17:28:23Z,126.0,Sense
2025-08-20T17:28:28Z,119.0,Sense
2025-08-20T17:28:33Z,109.0,Sense
2025-08-20T17:28:38Z,107.0,Sense
2025-08-20T17:28:43Z,103.0,Sense
2025-08-20T17:28:53Z,104.0,Sense
2025-08-20T17:28:58Z,106.0,Sense
2025-08-20T17:29:03Z,109.0,Sense
2025-08-20T17:29:18Z,109.0,Sense
2025-08-20T17:29:23Z,106.0,Sense
2025-08-20T17:29:28Z,103.0,Sense
2025-08-20T17:29:33Z,105.0,Sense
2025-08-20T17:29:38Z,109.0,Sense
2025-08-20T17:29:43Z,108.0,Sense
2025-08-20T17:29:48Z,102.0,Sense
2025-08-20T17:29:53Z,98.0,Sense
2025-08-20T17:29:58Z,101.0,Sense
2025-08-20T17:30:03Z,126.0,Sense
2025-08-20T17:30:08Z,147.0,Sense
2025-08-20T17:30:13Z,150.0,Sense
2025-08-20T17:30:18Z,151.0,Sense
2025-08-20T17:30:23Z,152.0,Sense
2025-08-20T17:30:28Z,151.0,Sense
2025-08-20T17:30:33Z,149.0,Sense
2025-08-20T17:30:38Z,147.0,Sense
2025-08-20T17:30:43Z,146.0,Sense
2025-08-20T17:30:53Z,148.0,Sense
2025-08-20T17:30:58Z,151.0,Sense
2025-08-20T17:31:03Z,149.0,Sense
2025-08-20T17:31:13Z,146.0,Sense
2025-08-20T17:31:18Z,143.0,Sense
2025-08-20T17:31:23Z,138.0,Sense
2025-08-20T17:31:33Z,139.0,Sense
2025-08-20T17:31:38Z,140.0,Sense
2025-08-20T17:31:43Z,139.0,Sense
2025-08-20T17:31:48Z,138.0,Sense
2025-08-20T17:31:53Z,139.0,Sense
2025-08-20T17:31:58Z,134.0,Sense
2025-08-20T17:32:03Z,135.0,Sense
2025-08-20T17:32:08Z,131.0,Sense
2025-08-20T17:32:13Z,127.0,Sense
2025-08-20T17:32:18Z,124.0,Sense
2025-08-20T17:32:23Z,123.0,Sense
2025-08-20T17:32:28Z,119.0,Sense
2025-08-20T17:32:33Z,117.0,Sense
2025-08-20T17:32:38Z,112.0,Sense
2025-08-20T17:32:43Z,113.0,Sense
2025-08-20T17:32:48Z,112.0,Sense
2025-08-20T17:32:58Z,114.0,Sense
2025-08-20T17:33:03Z,132.0,Sense
2025-08-20T17:33:08Z,157.0,Sense
2025-08-20T17:33:13Z,154.0,Sense
2025-08-20T17:33:18Z,146.0,Sense
2025-08-20T17:33:23Z,145.0,Sense
2025-08-20T17:33:28Z,144.0,Sense
2025-08-20T17:33:33Z,139.0,Sense
2025-08-20T17:33:38Z,137.0,Sense
2025-08-20T17:33:43Z,135.0,Sense
2025-08-20T17:33:48Z,132.0,Sense
2025-08-20T17:33:53Z,131.0,Sense
2025-08-20T17:34:03Z,130.0,Sense
2025-08-20T17:34:08Z,128.0,Sense
2025-08-20T17:34:13Z,125.0,Sense
2025-08-20T17:34:18Z,120.0,Sense
2025-08-20T17:34:23Z,130.0,Sense
2025-08-20T17:34:28Z,146.0,Sense
2025-08-20T17:34:33Z,145.0,Sense
2025-08-20T17:34:38Z,144.0,Sense
2025-08-20T17:34:48Z,148.0,Sense
2025-08-20T17:34:53Z,165.0,Sense
2025-08-20T17:34:58Z,164.0,Sense
2025-08-20T17:35:13Z,161.0,Sense
2025-08-20T17:35:18Z,154.0,Sense
2025-08-20T17:35:23Z,151.0,Sense
2025-08-20T17:35:38Z,149.0,Sense
2025-08-20T17:35:43Z,146.0,Sense
2025-08-20T17:35:53Z,144.0,Sense
2025-08-20T17:35:58Z,149.0,Sense
2025-08-20T17:36:03Z,146.0,Sense
2025-08-20T17:36:08Z,141.0,Sense
2025-08-20T17:36:13Z,139.0,Sense
2025-08-20T17:36:18Z,134.0,Sense
2025-08-20T17:36:23Z,126.0,Sense
2025-08-20T17:36:28Z,125.0,Sense
2025-08-20T17:36:33Z,124.0,Sense
2025-08-20T17:36:38Z,120.0,Sense
2025-08-20T17:36:43Z,110.0,Sense
2025-08-20T17:36:53Z,111.0,Sense
2025-08-20T17:37:08Z,109.0,Sense
2025-08-20T17:37:18Z,106.0,Sense
2025-08-20T17:37:23Z,99.0,Sense
2025-08-20T17:37:28Z,97.0,Sense
2025-08-20T17:37:33Z,115.0,Sense
2025-08-20T17:37:38Z,116.0,Sense
2025-08-20T17:37:43Z,115.0,Sense
2025-08-20T17:37:53Z,119.0,Sense
2025-08-20T17:37:58Z,122.0,Sense
2025-08-20T17:38:13Z,121.0,Sense
2025-08-20T17:38:28Z,122.0,Sense
2025-08-20T17:38:38Z,117.0,Sense
2025-08-20T17:38:43Z,109.0,Sense
2025-08-20T17:38:53Z,110.0,Sense
2025-08-20T17:38:58Z,146.0,Sense
2025-08-20T17:39:03Z,159.0,Sense
2025-08-20T17:39:08Z,161.0,Sense
2025-08-20T17:39:13Z,160.0,Sense
2025-08-20T17:39:18Z,158.0,Sense
2025-08-20T17:39:23Z,159.0,Sense
2025-08-20T17:39:33Z,158.0,Sense
2025-08-20T17:39:38Z,153.0,Sense
2025-08-20T17:39:43Z,149.0,Sense
2025-08-20T17:39:48Z,144.0,Sense
2025-08-20T17:39:53Z,140.0,Sense
2025-08-20T17:40:03Z,141.0,Sense
2025-08-20T17:40:18Z,140.0,Sense
2025-08-20T17:40:23Z,138.0,Sense
2025-08-20T17:40:28Z,132.0,Sense
2025-08-20T17:40:33Z,128.0,Sense
2025-08-20T17:40:38Z,112.0,Sense
2025-08-20T17:40:43Z,111.0,Sense
2025-08-20T17:40:53Z,109.0,Sense
2025-08-20T17:40:58Z,107.0,Sense
2025-08-20T17:41:03Z,106.0,Sense
2025-08-20T17:41:08Z,102.0,Sense
2025-08-20T17:41:13Z,100.0,Sense
2025-08-20T17:41:18Z,101.0,Sense
2025-08-20T17:41:23Z,102.0,Sense
2025-08-20T17:41:28Z,103.0,Sense
2025-08-20T17:41:33Z,111.0,Sense
2025-08-20T17:41:38Z,113.0,Sense
2025-08-20T17:41:53Z,113.0,Sense
2025-08-20T17:41:58Z,112.0,Sense
2025-08-20T17:42:03Z,113.0,Sense
2025-08-20T17:42:13Z,117.0,Sense
2025-08-20T17:42:18Z,119.0,Sense
2025-08-20T17:42:23Z,118.0,Sense
2025-08-20T17:42:28Z,116.0,Sense
2025-08-20T17:42:33Z,125.0,Sense
2025-08-20T17:42:38Z,126.0,Sense
2025-08-20T17:42:43Z,122.0,Sense
2025-08-20T17:42:48Z,120.0,Sense
2025-08-20T17:42:53Z,121.0,Sense
2025-08-20T17:43:03Z,122.0,Sense
2025-08-20T17:43:08Z,125.0,Sense
2025-08-20T17:43:13Z,128.0,Sense
2025-08-20T17:43:18Z,124.0,Sense
2025-08-20T17:43:23Z,120.0,Sense
2025-08-20T17:43:28Z,119.0,Sense
2025-08-20T17:43:33Z,118.0,Sense
2025-08-20T17:43:43Z,119.0,Sense
2025-08-20T17:43:48Z,125.0,Sense
2025-08-20T17:43:58Z,121.0,Sense
2025-08-20T17:44:03Z,115.0,Sense
2025-08-20T17:44:08Z,114.0,Sense
2025-08-20T17:44:23Z,116.0,Sense
2025-08-20T17:44:28Z,117.0,Sense
2025-08-20T17:44:33Z,116.0,Sense
2025-08-20T17:44:43Z,121.0,Sense
2025-08-20T17:44:48Z,120.0,Sense
2025-08-20T17:44:53Z,121.0,Sense
2025-08-20T17:44:58Z,120.0,Sense
2025-08-20T17:45:03Z,117.0,Sense
2025-08-20T17:45:08Z,113.0,Sense
2025-08-20T17:45:13Z,108.0,Sense
2025-08-20T17:45:18Z,105.0,Sense
2025-08-20T17:45:23Z,104.0,Sense
2025-08-20T17:45:28Z,103.0,Sense
2025-08-20T17:45:33Z,102.0,Sense
2025-08-20T17:45:38Z,102.0,Sense
2025-08-20T17:45:43Z,101.0,Sense
2025-08-20T17:45:48Z,100.0,Sense
2025-08-20T17:45:53Z,96.0,Sense
2025-08-20T17:45:58Z,98.0,Sense
2025-08-20T17:46:03Z,97.0,Sense
2025-08-20T17:46:08Z,94.0,Sense
2025-08-20T17:46:23Z,94.0,Sense
2025-08-20T17:46:38Z,93.0,Sense
2025-08-20T17:46:43Z,92.0,Sense
2025-08-20T17:46:48Z,92.0,Sense
2025-08-20T17:46:53Z,93.0,Sense
2025-08-20T17:46:58Z,90.0,Sense
2025-08-20T17:47:08Z,88.0,Sense
2025-08-20T17:47:18Z,91.0,Sense
2025-08-20T17:47:23Z,92.0,Sense
2025-08-20T17:47:28Z,105.0,Sense
2025-08-20T17:47:33Z,100.0,Sense
2025-08-20T17:47:38Z,97.0,Sense
2025-08-20T17:47:48Z,98.0,Sense
2025-08-20T17:47:53Z,100.0,Sense
2025-08-20T17:47:58Z,107.0,Sense
2025-08-20T17:48:03Z,120.0,Sense
2025-08-20T17:48:08Z,118.0,Sense
2025-08-20T17:48:18Z,115.0,Sense
2025-08-20T17:48:23Z,114.0,Sense
2025-08-20T17:48:28Z,113.0,Sense
2025-08-20T17:48:33Z,110.0,Sense
2025-08-20T17:48:38Z,105.0,Sense
2025-08-20T17:48:43Z,104.0,Sense
2025-08-20T17:48:58Z,105.0,Sense
2025-08-20T17:49:03Z,103.0,Sense
2025-08-20T17:49:08Z,126.0,Sense
2025-08-20T17:49:13Z,126.0,Sense
2025-08-20T17:49:18Z,132.0,Sense
2025-08-20T17:49:28Z,130.0,Sense
2025-08-20T17:49:33Z,128.0,Sense
2025-08-20T17:49:38Z,127.0,Sense
2025-08-20T17:49:43Z,124.0,Sense
2025-08-20T17:49:48Z,123.0,Sense
2025-08-20T17:49:53Z,123.0,Sense
2025-08-20T17:49:58Z,121.0,Sense
2025-08-20T17:50:08Z,122.0,Sense
2025-08-20T17:50:18Z,119.0,Sense
2025-08-20T17:50:23Z,144.0,Sense
2025-08-20T17:50:28Z,155.0,Sense
2025-08-20T17:50:33Z,154.0,Sense
2025-08-20T17:50:38Z,152.0,Sense
2025-08-20T17:50:48Z,150.0,Sense
2025-08-20T17:50:53Z,148.0,Sense
2025-08-20T17:50:58Z,146.0,Sense
2025-08-20T17:51:08Z,144.0,Sense
2025-08-20T17:51:13Z,144.0,Sense
2025-08-20T17:51:18Z,143.0,Sense
2025-08-20T17:51:23Z,137.0,Sense
2025-08-20T17:51:28Z,136.0,Sense
2025-08-20T17:51:33Z,135.0,Sense
2025-08-20T17:51:43Z,137.0,Sense
2025-08-20T17:51:48Z,143.0,Sense
2025-08-20T17:51:58Z,140.0,Sense
2025-08-20T17:52:03Z,139.0,Sense
2025-08-20T17:52:08Z,137.0,Sense
2025-08-20T17:52:18Z,133.0,Sense
2025-08-20T17:52:23Z,129.0,Sense
2025-08-20T17:52:38Z,128.0,Sense
2025-08-20T17:52:43Z,130.0,Sense
2025-08-20T17:52:48Z,128.0,Sense
2025-08-20T17:52:53Z,125.0,Sense
2025-08-20T17:52:58Z,124.0,Sense
2025-08-20T17:53:03Z,118.0,Sense
2025-08-20T17:53:08Z,117.0,Sense
2025-08-20T17:53:18Z,116.0,Sense
2025-08-20T17:53:28Z,116.0,Sense
2025-08-20T17:53:33Z,113.0,Sense
2025-08-20T17:53:38Z,107.0,Sense
2025-08-20T17:53:43Z,106.0,Sense
2025-08-20T17:53:48Z,101.0,Sense
2025-08-20T17:53:53Z,107.0,Sense
2025-08-20T17:53:58Z,104.0,Sense
2025-08-20T17:54:03Z,101.0,Sense
2025-08-20T17:54:08Z,99.0,Sense
2025-08-20T17:54:13Z,95.0,Sense
2025-08-20T17:54:18Z,93.0,Sense
2025-08-20T17:54:23Z,93.0,Sense
2025-08-20T17:54:38Z,88.0,Sense
2025-08-20T17:54:43Z,78.0,Sense
2025-08-20T17:54:48Z,79.0,Sense
2025-08-20T17:54:53Z,85.0,Sense
2025-08-20T17:54:58Z,93.0,Sense
2025-08-20T17:55:03Z,96.0,Sense
2025-08-20T17:55:08Z,104.0,Sense
2025-08-20T17:55:13Z,105.0,Sense
2025-08-20T17:55:18Z,104.0,Sense
2025-08-20T17:55:23Z,103.0,Sense
2025-08-20T17:55:33Z,98.0,Sense
2025-08-20T17:55:38Z,95.0,Sense
2025-08-20T17:55:43Z,92.0,Sense
2025-08-20T17:55:48Z,91.0,Sense
2025-08-20T17:55:53Z,92.0,Sense
2025-08-20T17:55:58Z,91.0,Sense
2025-08-20T17:56:03Z,91.0,Sense
2025-08-20T17:56:18Z,90.0,Sense
2025-08-20T17:56:23Z,89.0,Sense
2025-08-20T17:56:38Z,89.0,Sense
2025-08-20T17:56:43Z,117.0,Sense
2025-08-20T17:56:58Z,116.0,Sense
2025-08-20T17:57:03Z,116.0,Sense
2025-08-20T17:57:08Z,108.0,Sense
2025-08-20T17:57:13Z,100.0,Sense
2025-08-20T17:57:18Z,101.0,Sense
2025-08-20T17:57:23Z,103.0,Sense
2025-08-20T17:57:28Z,105.0,Sense
2025-08-20T17:57:33Z,103.0,Sense
2025-08-20T17:57:38Z,106.0,Sense
2025-08-20T17:57:43Z,107.0,Sense
2025-08-20T17:57:48Z,106.0,Sense
2025-08-20T17:57:53Z,111.0,Sense
2025-08-20T17:57:58Z,112.0,Sense
2025-08-20T17:58:03Z,107.0,Sense
2025-08-20T17:58:08Z,101.0,Sense
2025-08-20T17:58:13Z,100.0,Sense
2025-08-20T17:58:28Z,104.0,Sense
2025-08-20T17:58:33Z,117.0,Sense
2025-08-20T17:58:48Z,114.0,Sense
2025-08-20T17:59:03Z,114.0,Sense
2025-08-20T17:59:08Z,113.0,Sense
2025-08-20T17:59:23Z,109.0,Sense
2025-08-20T17:59:28Z,98.0,Sense
2025-08-20T17:59:33Z,96.0,Sense
2025-08-20T17:59:38Z,96.0,Sense
2025-08-20T17:59:43Z,109.0,Sense
2025-08-20T17:59:48Z,112.0,Sense
2025-08-20T18:00:03Z,114.0,Sense
2025-08-20T18:00:08Z,115.0,Sense
2025-08-20T18:00:13Z,112.0,Sense
2025-08-20T18:00:18Z,114.0,Sense
2025-08-20T18:00:23Z,115.0,Sense
2025-08-20T18:00:28Z,112.0,Sense
2025-08-20T18:00:33Z,111.0,Sense
2025-08-20T18:00:38Z,111.0,Sense
2025-08-20T18:00:43Z,110.0,Sense
2025-08-20T18:00:48Z,109.0,Sense
2025-08-20T18:00:58Z,108.0,Sense
2025-08-20T18:01:03Z,109.0,Sense
2025-08-20T18:01:13Z,102.0,Sense
2025-08-20T18:01:18Z,116.0,Sense
2025-08-20T18:01:23Z,125.0,Sense
2025-08-20T18:01:28Z,121.0,Sense
2025-08-20T18:01:38Z,123.0,Sense
2025-08-20T18:01:43Z,131.0,Sense
2025-08-20T18:01:48Z,143.0,Sense
2025-08-20T18:01:53Z,144.0,Sense
2025-08-20T18:01:58Z,143.0,Sense
2025-08-20T18:02:03Z,142.0,Sense
2025-08-20T18:02:08Z,138.0,Sense
2025-08-20T18:02:13Z,135.0,Sense
2025-08-20T18:02:18Z,134.0,Sense
2025-08-20T18:02:23Z,131.0,Sense
2025-08-20T18:02:28Z,132.0,Sense
2025-08-20T18:02:33Z,126.0,Sense
2025-08-20T18:02:38Z,121.0,Sense
2025-08-20T18:02:43Z,113.0,Sense
2025-08-20T18:02:48Z,107.0,Sense
2025-08-20T18:02:53Z,100.0,Sense
2025-08-20T18:02:58Z,93.0,Sense
2025-08-20T18:03:03Z,103.0,Sense
2025-08-20T18:03:08Z,113.0,Sense
2025-08-20T18:03:13Z,112.0,Sense
2025-08-20T18:03:18Z,114.0,Sense
2025-08-20T18:03:28Z,112.0,Sense
2025-08-20T18:03:33Z,111.0,Sense
2025-08-20T18:03:38Z,107.0,Sense
2025-08-20T18:03:48Z,112.0,Sense
2025-08-20T18:03:53Z,131.0,Sense
2025-08-20T18:03:58Z,132.0,Sense
2025-08-20T18:04:03Z,126.0,Sense
2025-08-20T18:04:08Z,123.0,Sense
2025-08-20T18:04:13Z,121.0,Sense
2025-08-20T18:04:18Z,119.0,Sense
2025-08-20T18:04:23Z,116.0,Sense
2025-08-20T18:04:28Z,118.0,Sense
2025-08-20T18:04:33Z,119.0,Sense
2025-08-20T18:04:48Z,117.0,Sense
2025-08-20T18:04:53Z,129.0,Sense
2025-08-20T18:04:58Z,131.0,Sense
2025-08-20T18:05:03Z,130.0,Sense
2025-08-20T18:05:08Z,129.0,Sense
2025-08-20T18:05:18Z,128.0,Sense
2025-08-20T18:05:23Z,127.0,Sense
2025-08-20T18:05:28Z,129.0,Sense
2025-08-20T18:05:33Z,130.0,Sense
2025-08-20T18:05:38Z,145.0,Sense
2025-08-20T18:05:43Z,143.0,Sense
2025-08-20T18:05:48Z,140.0,Sense
2025-08-20T18:05:58Z,140.0,Sense
2025-08-20T18:06:03Z,137.0,Sense
2025-08-20T18:06:08Z,138.0,Sense
2025-08-20T18:06:18Z,137.0,Sense
2025-08-20T18:06:23Z,138.0,Sense
2025-08-20T18:06:28Z,141.0,Sense
2025-08-20T18:06:33Z,140.0,Sense
2025-08-20T18:06:43Z,136.0,Sense
2025-08-20T18:06:48Z,135.0,Sense
2025-08-20T18:06:53Z,137.0,Sense
2025-08-20T18:06:58Z,135.0,Sense
2025-08-20T18:07:08Z,139.0,Sense
2025-08-20T18:07:13Z,138.0,Sense
2025-08-20T18:07:18Z,139.0,Sense
2025-08-20T18:07:23Z,138.0,Sense
2025-08-20T18:07:28Z,137.0,Sense
2025-08-20T18:07:33Z,134.0,Sense
2025-08-20T18:07:38Z,132.0,Sense
2025-08-20T18:07:43Z,127.0,Sense
2025-08-20T18:07:53Z,135.0,Sense
2025-08-20T18:07:58Z,152.0,Sense
2025-08-20T18:08:03Z,147.0,Sense
2025-08-20T18:08:08Z,141.0,Sense
2025-08-20T18:08:13Z,138.0,Sense
2025-08-20T18:08:18Z,137.0,Sense
2025-08-20T18:08:23Z,138.0,Sense
2025-08-20T18:08:28Z,138.0,Sense
2025-08-20T18:08:38Z,136.0,Sense
2025-08-20T18:08:43Z,133.0,Sense
2025-08-20T18:08:48Z,134.0,Sense
2025-08-20T18:08:53Z,136.0,Sense
2025-08-20T18:08:58Z,142.0,Sense
2025-08-20T18:09:03Z,139.0,Sense
2025-08-20T18:09:08Z,132.0,Sense
2025-08-20T18:09:13Z,129.0,Sense
2025-08-20T18:09:18Z,130.0,Sense
2025-08-20T18:09:23Z,125.0,Sense
2025-08-20T18:09:28Z,116.0,Sense
2025-08-20T18:09:33Z,113.0,Sense
2025-08-20T18:09:38Z,111.0,Sense
2025-08-20T18:09:43Z,110.0,Sense
2025-08-20T18:09:58Z,110.0,Sense
2025-08-20T18:10:08Z,109.0,Sense
2025-08-20T18:10:18Z,110.0,Sense
2025-08-20T18:10:23Z,111.0,Sense
2025-08-20T18:10:28Z,110.0,Sense
2025-08-20T18:10:33Z,111.0,Sense
2025-08-20T18:10:38Z,112.0,Sense
2025-08-20T18:10:53Z,110.0,Sense
2025-08-20T18:10:58Z,108.0,Sense
2025-08-20T18:11:03Z,110.0,Sense
2025-08-20T18:11:08Z,114.0,Sense
2025-08-20T18:11:13Z,115.0,Sense
2025-08-20T18:11:18Z,117.0,Sense
2025-08-20T18:11:23Z,115.0,Sense
2025-08-20T18:11:28Z,111.0,Sense
2025-08-20T18:11:43Z,112.0,Sense
2025-08-20T18:11:48Z,113.0,Sense
2025-08-20T18:11:58Z,112.0,Sense
2025-08-20T18:12:03Z,109.0,Sense
2025-08-20T18:12:08Z,112.0,Sense
2025-08-20T18:12:13Z,110.0,Sense
2025-08-20T18:12:18Z,110.0,Sense
2025-08-20T18:12:23Z,106.0,Sense
2025-08-20T18:12:28Z,107.0,Sense
2025-08-20T18:12:33Z,108.0,Sense
2025-08-20T18:12:38Z,102.0,Sense
2025-08-20T18:12:43Z,103.0,Sense
2025-08-20T18:12:48Z,102.0,Sense
2025-08-20T18:12:53Z,120.0,Sense
2025-08-20T18:12:58Z,146.0,Sense
2025-08-20T18:13:08Z,145.0,Sense
2025-08-20T18:13:18Z,147.0,Sense
2025-08-20T18:13:23Z,146.0,Sense
2025-08-20T18:13:28Z,142.0,Sense
2025-08-20T18:13:33Z,140.0,Sense
2025-08-20T18:13:38Z,136.0,Sense
2025-08-20T18:13:43Z,136.0,Sense
2025-08-20T18:13:58Z,135.0,Sense
2025-08-20T18:14:03Z,138.0,Sense
2025-08-20T18:14:08Z,135.0,Sense
2025-08-20T18:14:13Z,133.0,Sense
2025-08-20T18:14:18Z,132.0,Sense
2025-08-20T18:14:23Z,128.0,Sense
2025-08-20T18:14:33Z,125.0,Sense
2025-08-20T18:14:38Z,119.0,Sense
2025-08-20T18:14:43Z,118.0,Sense
2025-08-20T18:14:48Z,117.0,Sense
2025-08-20T18:14:53Z,118.0,Sense
2025-08-20T18:15:03Z,119.0,Sense
2025-08-20T18:15:08Z,115.0,Sense
2025-08-20T18:15:23Z,113.0,Sense
2025-08-20T18:15:28Z,129.0,Sense
2025-08-20T18:15:33Z,140.0,Sense
2025-08-20T18:15:38Z,139.0,Sense
2025-08-20T18:15:43Z,125.0,Sense
2025-08-20T18:15:58Z,126.0,Sense
2025-08-20T18:16:03Z,128.0,Sense
2025-08-20T18:16:08Z,133.0,Sense
2025-08-20T18:16:13Z,135.0,Sense
2025-08-20T18:16:23Z,132.0,Sense
2025-08-20T18:16:28Z,129.0,Sense
2025-08-20T18:16:38Z,128.0,Sense
2025-08-20T18:16:43Z,134.0,Sense
2025-08-20T18:16:48Z,147.0,Sense
2025-08-20T18:16:58Z,149.0,Sense
2025-08-20T18:17:03Z,150.0,Sense
2025-08-20T18:17:13Z,145.0,Sense
2025-08-20T18:17:18Z,141.0,Sense
2025-08-20T18:17:23Z,139.0,Sense
2025-08-20T18:17:28Z,137.0,Sense
2025-08-20T18:17:33Z,136.0,Sense
2025-08-20T18:17:38Z,135.0,Sense
2025-08-20T18:17:48Z,139.0,Sense
2025-08-20T18:17:58Z,135.0,Sense
2025-08-20T18:18:03Z,134.0,Sense
2025-08-20T18:18:08Z,134.0,Sense
2025-08-20T18:18:13Z,135.0,Sense
2025-08-20T18:18:23Z,138.0,Sense
2025-08-20T18:18:33Z,143.0,Sense
2025-08-20T18:18:38Z,141.0,Sense
2025-08-20T18:18:43Z,138.0,Sense
2025-08-20T18:18:53Z,141.0,Sense
2025-08-20T18:18:58Z,145.0,Sense
2025-08-20T18:19:03Z,143.0,Sense
2025-08-20T18:19:08Z,149.0,Sense
2025-08-20T18:19:13Z,146.0,Sense
2025-08-20T18:19:18Z,142.0,Sense
2025-08-20T18:19:23Z,146.0,Sense
2025-08-20T18:19:28Z,145.0,Sense
2025-08-20T18:19:33Z,144.0,Sense
2025-08-20T18:19:38Z,141.0,Sense
2025-08-20T18:19:43Z,146.0,Sense
2025-08-20T18:19:48Z,145.0,Sense
2025-08-20T18:19:53Z,142.0,Sense
2025-08-20T18:19:58Z,141.0,Sense
2025-08-20T18:20:03Z,138.0,Sense
2025-08-20T18:20:08Z,139.0,Sense
2025-08-20T18:20:13Z,143.0,Sense
2025-08-20T18:20:18Z,138.0,Sense
2025-08-20T18:20:23Z,137.0,Sense
2025-08-20T18:20:28Z,134.0,Sense
2025-08-20T18:20:33Z,127.0,Sense
2025-08-20T18:20:43Z,129.0,Sense
2025-08-20T18:20:48Z,130.0,Sense
2025-08-20T18:20:53Z,129.0,Sense
2025-08-20T18:21:03Z,128.0,Sense
2025-08-20T18:21:08Z,137.0,Sense
2025-08-20T18:21:13Z,152.0,Sense
2025-08-20T18:21:18Z,152.0,Sense
2025-08-20T18:21:23Z,151.0,Sense
2025-08-20T18:21:28Z,149.0,Sense
2025-08-20T18:21:33Z,145.0,Sense
2025-08-20T18:21:38Z,150.0,Sense
2025-08-20T18:21:43Z,147.0,Sense
2025-08-20T18:21:48Z,143.0,Sense
2025-08-20T18:21:53Z,142.0,Sense
2025-08-20T18:21:58Z,136.0,Sense
2025-08-20T18:22:08Z,138.0,Sense
2025-08-20T18:22:13Z,153.0,Sense
2025-08-20T18:22:18Z,149.0,Sense
2025-08-20T18:22:23Z,146.0,Sense
2025-08-20T18:22:28Z,145.0,Sense
2025-08-20T18:22:33Z,143.0,Sense
2025-08-20T18:22:38Z,141.0,Sense
2025-08-20T18:22:48Z,135.0,Sense
2025-08-20T18:22:58Z,137.0,Sense
2025-08-20T18:23:03Z,136.0,Sense
2025-08-20T18:23:08Z,135.0,Sense
2025-08-20T18:23:13Z,131.0,Sense
2025-08-20T18:23:18Z,128.0,Sense
2025-08-20T18:23:23Z,123.0,Sense
2025-08-20T18:23:33Z,126.0,Sense
2025-08-20T18:23:38Z,128.0,Sense
2025-08-20T18:23:43Z,127.0,Sense
2025-08-20T18:23:48Z,135.0,Sense
2025-08-20T18:23:53Z,137.0,Sense
2025-08-20T18:23:58Z,136.0,Sense
2025-08-20T18:24:03Z,132.0,Sense
2025-08-20T18:24:08Z,126.0,Sense
2025-08-20T18:24:13Z,127.0,Sense
2025-08-20T18:24:18Z,128.0,Sense
2025-08-20T18:24:23Z,127.0,Sense
2025-08-20T18:24:28Z,126.0,Sense
2025-08-20T18:24:38Z,125.0,Sense
2025-08-20T18:24:43Z,123.0,Sense
2025-08-20T18:24:48Z,127.0,Sense
2025-08-20T18:24:53Z,129.0,Sense
2025-08-20T18:24:58Z,128.0,Sense
2025-08-20T18:25:03Z,124.0,Sense
2025-08-20T18:25:08Z,123.0,Sense
2025-08-20T18:25:13Z,125.0,Sense
2025-08-20T18:25:18Z,120.0,Sense
2025-08-20T18:25:23Z,114.0,Sense
2025-08-20T18:25:28Z,118.0,Sense
2025-08-20T18:25:33Z,143.0,Sense
2025-08-20T18:25:38Z,150.0,Sense
2025-08-20T18:25:43Z,149.0,Sense
2025-08-20T18:25:53Z,145.0,Sense
2025-08-20T18:25:58Z,144.0,Sense
2025-08-20T18:26:03Z,143.0,Sense
2025-08-20T18:26:08Z,139.0,Sense
2025-08-20T18:26:13Z,138.0,Sense
2025-08-20T18:26:23Z,134.0,Sense
2025-08-20T18:26:28Z,133.0,Sense
2025-08-20T18:26:33Z,128.0,Sense
2025-08-20T18:26:38Z,122.0,Sense
2025-08-20T18:26:43Z,116.0,Sense
2025-08-20T18:26:48Z,105.0,Sense
2025-08-20T18:26:53Z,101.0,Sense
2025-08-20T18:26:58Z,103.0,Sense
2025-08-20T18:27:03Z,100.0,Sense
2025-08-20T18:27:08Z,88.0,Sense
2025-08-20T18:27:13Z,87.0,Sense
2025-08-20T18:27:18Z,86.0,Sense
2025-08-20T18:27:33Z,86.0,Sense
2025-08-20T18:27:43Z,87.0,Sense
2025-08-20T18:27:48Z,89.0,Sense
2025-08-20T18:27:53Z,90.0,Sense
2025-08-20T18:28:03Z,91.0,Sense
2025-08-20T18:28:08Z,92.0,Sense
2025-08-20T18:28:23Z,92.0,Sense
2025-08-20T18:28:28Z,91.0,Sense
2025-08-20T18:28:33Z,90.0,Sense
2025-08-20T18:28:43Z,92.0,Sense
2025-08-20T18:28:48Z,103.0,Sense
2025-08-20T18:28:53Z,108.0,Sense
2025-08-20T18:28:58Z,106.0,Sense
2025-08-20T18:29:08Z,132.0,Sense
2025-08-20T18:29:18Z,130.0,Sense
2025-08-20T18:29:23Z,129.0,Sense
2025-08-20T18:29:33Z,129.0,Sense
2025-08-20T18:29:38Z,126.0,Sense
2025-08-20T18:29:43Z,133.0,Sense
2025-08-20T18:29:48Z,134.0,Sense
2025-08-20T18:29:53Z,133.0,Sense
2025-08-20T18:30:08Z,140.0,Sense
2025-08-20T18:30:13Z,139.0,Sense
2025-08-20T18:30:18Z,137.0,Sense
2025-08-20T18:30:23Z,137.0,Sense
2025-08-20T18:30:28Z,135.0,Sense
2025-08-20T18:30:33Z,133.0,Sense
2025-08-20T18:30:38Z,130.0,Sense
2025-08-20T18:30:48Z,128.0,Sense
2025-08-20T18:30:53Z,124.0,Sense
2025-08-20T18:30:58Z,121.0,Sense
2025-08-20T18:31:08Z,122.0,Sense
2025-08-20T18:31:13Z,119.0,Sense
2025-08-20T18:31:18Z,114.0,Sense
2025-08-20T18:31:23Z,112.0,Sense
2025-08-20T18:31:28Z,110.0,Sense
2025-08-20T18:31:38Z,133.0,Sense
2025-08-20T18:31:43Z,131.0,Sense
2025-08-20T18:31:48Z,129.0,Sense
2025-08-20T18:31:53Z,127.0,Sense
2025-08-20T18:31:58Z,126.0,Sense
2025-08-20T18:32:03Z,125.0,Sense
2025-08-20T18:32:08Z,126.0,Sense
2025-08-20T18:32:13Z,141.0,Sense
2025-08-20T18:32:18Z,143.0,Sense
2025-08-20T18:32:28Z,144.0,Sense
2025-08-20T18:32:33Z,147.0,Sense
2025-08-20T18:32:38Z,147.0,Sense
2025-08-20T18:32:48Z,146.0,Sense
2025-08-20T18:32:53Z,145.0,Sense
2025-08-20T18:32:58Z,144.0,Sense
2025-08-20T18:33:08Z,145.0,Sense
2025-08-20T18:33:13Z,156.0,Sense
2025-08-20T18:33:28Z,156.0,Sense
2025-08-20T18:33:33Z,153.0,Sense
2025-08-20T18:33:38Z,151.0,Sense
2025-08-20T18:33:48Z,154.0,Sense
2025-08-20T18:33:58Z,153.0,Sense
2025-08-20T18:34:03Z,151.0,Sense
2025-08-20T18:34:08Z,149.0,Sense
2025-08-20T18:34:13Z,147.0,Sense
2025-08-20T18:34:18Z,143.0,Sense
2025-08-20T18:34:28Z,145.0,Sense
2025-08-20T18:34:33Z,148.0,Sense
2025-08-20T18:34:38Z,143.0,Sense
2025-08-20T18:34:43Z,137.0,Sense
2025-08-20T18:34:48Z,133.0,Sense
2025-08-20T18:34:53Z,132.0,Sense
2025-08-20T18:34:58Z,130.0,Sense
2025-08-20T18:35:03Z,131.0,Sense
2025-08-20T18:35:08Z,129.0,Sense
2025-08-20T18:35:13Z,126.0,Sense
2025-08-20T18:35:18Z,125.0,Sense
2025-08-20T18:35:23Z,123.0,Sense
2025-08-20T18:35:28Z,118.0,Sense
2025-08-20T18:35:33Z,115.0,Sense
2025-08-20T18:35:38Z,112.0,Sense
2025-08-20T18:35:48Z,111.0,Sense
2025-08-20T18:35:53Z,110.0,Sense
2025-08-20T18:35:58Z,110.0,Sense
2025-08-20T18:36:03Z,109.0,Sense
2025-08-20T18:36:08Z,106.0,Sense
2025-08-20T18:36:13Z,120.0,Sense
2025-08-20T18:36:18Z,125.0,Sense
2025-08-20T18:36:28Z,124.0,Sense
2025-08-20T18:36:38Z,120.0,Sense
2025-08-20T18:36:43Z,115.0,Sense
2025-08-20T18:36:53Z,116.0,Sense
2025-08-20T18:36:58Z,115.0,Sense
2025-08-20T18:37:03Z,117.0,Sense
2025-08-20T18:37:08Z,114.0,Sense
2025-08-20T18:37:13Z,109.0,Sense
2025-08-20T18:37:18Z,104.0,Sense
2025-08-20T18:37:28Z,103.0,Sense
2025-08-20T18:37:33Z,94.0,Sense
2025-08-20T18:37:38Z,83.0,Sense
2025-08-20T18:37:43Z,82.0,Sense
2025-08-20T18:37:48Z,72.0,Sense
2025-08-20T18:37:53Z,71.0,Sense
2025-08-20T18:37:58Z,76.0,Sense
2025-08-20T18:38:03Z,77.0,Sense
2025-08-20T18:38:08Z,78.0,Sense
2025-08-20T18:38:13Z,79.0,Sense
2025-08-20T18:38:18Z,80.0,Sense
2025-08-20T18:38:23Z,81.0,Sense
2025-08-20T18:38:28Z,83.0,Sense
2025-08-20T18:38:33Z,85.0,Sense
2025-08-20T18:38:38Z,86.0,Sense
2025-08-20T18:38:43Z,87.0,Sense
2025-08-20T18:38:53Z,88.0,Sense
2025-08-20T18:38:58Z,89.0,Sense
2025-08-20T18:39:13Z,90.0,Sense
2025-08-20T18:39:18Z,91.0,Sense
2025-08-20T18:39:28Z,92.0,Sense
2025-08-20T18:39:33Z,94.0,Sense
2025-08-20T18:39:38Z,100.0,Sense
2025-08-20T18:39:44Z,99.0,Sense
2025-08-20T18:39:49Z,100.0,Sense
2025-08-20T18:39:54Z,99.0,Sense
2025-08-20T18:39:59Z,100.0,Sense
2025-08-20T18:40:04Z,101.0,Sense
2025-08-20T18:40:14Z,103.0,Sense
2025-08-20T18:40:19Z,102.0,Sense
2025-08-20T18:40:24Z,102.0,Sense
2025-08-20T18:40:29Z,103.0,Sense
2025-08-20T18:40:34Z,104.0,Sense
2025-08-20T18:40:39Z,103.0,Sense
2025-08-20T18:40:44Z,102.0,Sense
2025-08-20T18:40:49Z,104.0,Sense
2025-08-20T18:40:59Z,130.0,Sense
2025-08-20T18:41:04Z,133.0,Sense
2025-08-20T18:41:09Z,132.0,Sense
2025-08-20T18:41:14Z,133.0,Sense
2025-08-20T18:41:19Z,130.0,Sense
2025-08-20T18:41:29Z,131.0,Sense
2025-08-20T18:41:34Z,130.0,Sense
2025-08-20T18:41:39Z,129.0,Sense
2025-08-20T18:41:44Z,131.0,Sense
2025-08-20T18:41:49Z,132.0,Sense
2025-08-20T18:41:54Z,130.0,Sense
2025-08-20T18:41:59Z,127.0,Sense
2025-08-20T18:42:09Z,126.0,Sense
2025-08-20T18:42:14Z,121.0,Sense
2025-08-20T18:42:19Z,119.0,Sense
2025-08-20T18:42:24Z,121.0,Sense
2025-08-20T18:42:29Z,122.0,Sense
2025-08-20T18:42:34Z,118.0,Sense
2025-08-20T18:42:39Z,117.0,Sense
2025-08-20T18:42:44Z,139.0,Sense
2025-08-20T18:42:49Z,140.0,Sense
2025-08-20T18:42:54Z,139.0,Sense
2025-08-20T18:42:59Z,136.0,Sense
2025-08-20T18:43:04Z,134.0,Sense
2025-08-20T18:43:09Z,130.0,Sense
2025-08-20T18:43:14Z,129.0,Sense
2025-08-20T18:43:19Z,131.0,Sense
2025-08-20T18:43:24Z,129.0,Sense
2025-08-20T18:43:29Z,126.0,Sense
2025-08-20T18:43:34Z,122.0,Sense
2025-08-20T18:43:44Z,117.0,Sense
2025-08-20T18:43:49Z,117.0,Sense
2025-08-20T18:43:54Z,125.0,Sense
2025-08-20T18:44:04Z,124.0,Sense
2025-08-20T18:44:09Z,121.0,Sense
2025-08-20T18:44:14Z,119.0,Sense
2025-08-20T18:44:19Z,124.0,Sense
2025-08-20T18:44:24Z,125.0,Sense
2025-08-20T18:44:34Z,128.0,Sense
2025-08-20T18:44:39Z,127.0,Sense
2025-08-20T18:44:44Z,148.0,Sense
2025-08-20T18:44:49Z,159.0,Sense
2025-08-20T18:44:54Z,161.0,Sense
2025-08-20T18:44:59Z,160.0,Sense
2025-08-20T18:45:04Z,159.0,Sense
2025-08-20T18:45:19Z,159.0,Sense
2025-08-20T18:45:34Z,158.0,Sense
2025-08-20T18:45:39Z,156.0,Sense
2025-08-20T18:45:49Z,154.0,Sense
2025-08-20T18:45:54Z,152.0,Sense
2025-08-20T18:45:59Z,149.0,Sense
2025-08-20T18:46:04Z,145.0,Sense
2025-08-20T18:46:09Z,143.0,Sense
2025-08-20T18:46:14Z,142.0,Sense
2025-08-20T18:46:19Z,140.0,Sense
2025-08-20T18:46:25Z,140.0,Sense
2025-08-20T18:46:30Z,138.0,Sense
2025-08-20T18:46:35Z,138.0,Sense
2025-08-20T18:46:40Z,143.0,Sense
2025-08-20T18:46:45Z,140.0,Sense
2025-08-20T18:46:50Z,138.0,Sense
2025-08-20T18:46:55Z,137.0,Sense
2025-08-20T18:47:00Z,135.0,Sense
2025-08-20T18:47:05Z,131.0,Sense
2025-08-20T18:47:10Z,134.0,Sense
2025-08-20T18:47:15Z,138.0,Sense
2025-08-20T18:47:25Z,137.0,Sense
2025-08-20T18:47:30Z,132.0,Sense
2025-08-20T18:47:35Z,127.0,Sense
2025-08-20T18:47:40Z,128.0,Sense
2025-08-20T18:47:45Z,128.0,Sense
2025-08-20T18:47:55Z,127.0,Sense
2025-08-20T18:48:05Z,124.0,Sense
2025-08-20T18:48:15Z,123.0,Sense
2025-08-20T18:48:20Z,137.0,Sense
2025-08-20T18:48:25Z,141.0,Sense
2025-08-20T18:48:30Z,147.0,Sense
2025-08-20T18:48:35Z,156.0,Sense
2025-08-20T18:48:40Z,155.0,Sense
2025-08-20T18:48:45Z,153.0,Sense
2025-08-20T18:48:50Z,151.0,Sense
2025-08-20T18:49:00Z,150.0,Sense
2025-08-20T18:49:05Z,149.0,Sense
2025-08-20T18:49:10Z,152.0,Sense
2025-08-20T18:49:15Z,157.0,Sense
2025-08-20T18:49:25Z,151.0,Sense
2025-08-20T18:49:30Z,146.0,Sense
2025-08-20T18:49:40Z,144.0,Sense
2025-08-20T18:49:45Z,146.0,Sense
2025-08-20T18:49:55Z,143.0,Sense
2025-08-20T18:50:00Z,139.0,Sense
2025-08-20T18:50:10Z,136.0,Sense
2025-08-20T18:50:15Z,133.0,Sense
2025-08-20T18:50:20Z,123.0,Sense
2025-08-20T18:50:25Z,122.0,Sense
2025-08-20T18:50:30Z,120.0,Sense
2025-08-20T18:50:35Z,119.0,Sense
2025-08-20T18:50:40Z,122.0,Sense
2025-08-20T18:50:45Z,140.0,Sense
2025-08-20T18:50:50Z,141.0,Sense
2025-08-20T18:50:55Z,140.0,Sense
2025-08-20T18:51:05Z,139.0,Sense
2025-08-20T18:51:10Z,137.0,Sense
2025-08-20T18:51:15Z,135.0,Sense
2025-08-20T18:51:20Z,132.0,Sense
2025-08-20T18:51:25Z,125.0,Sense
2025-08-20T18:51:30Z,120.0,Sense
2025-08-20T18:51:35Z,119.0,Sense
2025-08-20T18:51:45Z,129.0,Sense
2025-08-20T18:51:55Z,128.0,Sense
2025-08-20T18:52:05Z,128.0,Sense
2025-08-20T18:52:15Z,126.0,Sense
2025-08-20T18:52:20Z,120.0,Sense
2025-08-20T18:52:25Z,116.0,Sense
2025-08-20T18:52:30Z,115.0,Sense
2025-08-20T18:52:35Z,108.0,Sense
2025-08-20T18:52:40Z,104.0,Sense
2025-08-20T18:52:45Z,105.0,Sense
2025-08-20T18:52:50Z,104.0,Sense
2025-08-20T18:52:55Z,105.0,Sense
2025-08-20T18:53:00Z,106.0,Sense
2025-08-20T18:53:05Z,98.0,Sense
2025-08-20T18:53:10Z,94.0,Sense
2025-08-20T18:53:15Z,92.0,Sense
2025-08-20T18:53:20Z,90.0,Sense
2025-08-20T18:53:25Z,88.0,Sense
2025-08-20T18:53:30Z,87.0,Sense
2025-08-20T18:53:35Z,87.0,Sense
2025-08-20T18:53:40Z,88.0,Sense
2025-08-20T18:53:45Z,86.0,Sense
2025-08-20T18:53:50Z,85.0,Sense
2025-08-20T18:53:55Z,108.0,Sense
2025-08-20T18:54:00Z,107.0,Sense
2025-08-20T18:54:05Z,108.0,Sense
2025-08-20T18:54:20Z,105.0,Sense
2025-08-20T18:54:25Z,100.0,Sense
2025-08-20T18:54:35Z,94.0,Sense
2025-08-20T18:54:40Z,91.0,Sense
2025-08-20T18:54:50Z,83.0,Sense
2025-08-20T18:54:55Z,86.0,Sense
2025-08-20T18:55:10Z,86.0,Sense
2025-08-20T18:55:15Z,85.0,Sense
2025-08-20T18:55:20Z,86.0,Sense
2025-08-20T18:55:30Z,85.0,Sense
2025-08-20T18:55:35Z,86.0,Sense
2025-08-20T18:55:40Z,87.0,Sense
2025-08-20T18:55:50Z,111.0,Sense
2025-08-20T18:55:55Z,126.0,Sense
2025-08-20T18:56:00Z,127.0,Sense
2025-08-20T18:56:05Z,127.0,Sense
2025-08-20T18:56:10Z,125.0,Sense
2025-08-20T18:56:15Z,125.0,Sense
2025-08-20T18:56:20Z,120.0,Sense
2025-08-20T18:56:25Z,115.0,Sense
2025-08-20T18:56:30Z,116.0,Sense
2025-08-20T18:56:35Z,119.0,Sense
2025-08-20T18:56:40Z,121.0,Sense
2025-08-20T18:56:45Z,136.0,Sense
2025-08-20T18:56:50Z,137.0,Sense
2025-08-20T18:56:55Z,145.0,Sense
2025-08-20T18:57:00Z,144.0,Sense
2025-08-20T18:57:05Z,143.0,Sense
2025-08-20T18:57:10Z,139.0,Sense
2025-08-20T18:57:15Z,137.0,Sense
2025-08-20T18:57:25Z,136.0,Sense
2025-08-20T18:57:30Z,149.0,Sense
2025-08-20T18:57:35Z,151.0,Sense
2025-08-20T18:57:45Z,152.0,Sense
2025-08-20T18:57:50Z,150.0,Sense
2025-08-20T18:57:55Z,146.0,Sense
2025-08-20T18:58:00Z,149.0,Sense
2025-08-20T18:58:12Z,150.0,Sense
2025-08-20T18:58:17Z,151.0,Sense
2025-08-20T18:58:22Z,147.0,Sense
2025-08-20T18:58:27Z,145.0,Sense
2025-08-20T18:58:32Z,140.0,Sense
2025-08-20T18:58:37Z,138.0,Sense
2025-08-20T18:58:42Z,149.0,Sense
2025-08-20T18:58:47Z,161.0,Sense
2025-08-20T18:58:52Z,160.0,Sense
2025-08-20T18:59:02Z,159.0,Sense
2025-08-20T18:59:07Z,157.0,Sense
2025-08-20T18:59:17Z,156.0,Sense
2025-08-20T18:59:22Z,153.0,Sense
2025-08-20T18:59:27Z,154.0,Sense
2025-08-20T18:59:32Z,157.0,Sense
2025-08-20T18:59:37Z,158.0,Sense
2025-08-20T18:59:42Z,160.0,Sense
2025-08-20T18:59:47Z,160.0,Sense
2025-08-20T18:59:57Z,161.0,Sense
2025-08-20T19:00:02Z,161.0,Sense
2025-08-20T19:00:07Z,160.0,Sense
2025-08-20T19:00:12Z,159.0,Sense
2025-08-20T19:00:17Z,158.0,Sense
2025-08-20T19:00:22Z,155.0,Sense
2025-08-20T19:00:27Z,146.0,Sense
2025-08-20T19:00:32Z,145.0,Sense
2025-08-20T19:00:42Z,144.0,Sense
2025-08-20T19:00:47Z,143.0,Sense
2025-08-20T19:00:52Z,137.0,Sense
2025-08-20T19:00:57Z,130.0,Sense
2025-08-20T19:01:02Z,128.0,Sense
2025-08-20T19:01:07Z,129.0,Sense
2025-08-20T19:01:12Z,127.0,Sense
2025-08-20T19:01:17Z,123.0,Sense
2025-08-20T19:01:22Z,122.0,Sense
2025-08-20T19:01:32Z,119.0,Sense
2025-08-20T19:01:37Z,115.0,Sense
2025-08-20T19:01:42Z,111.0,Sense
2025-08-20T19:01:52Z,110.0,Sense
2025-08-20T19:01:57Z,109.0,Sense
2025-08-20T19:02:07Z,110.0,Sense
2025-08-20T19:02:22Z,111.0,Sense
2025-08-20T19:02:27Z,108.0,Sense
2025-08-20T19:02:32Z,103.0,Sense
2025-08-20T19:02:37Z,101.0,Sense
2025-08-20T19:02:42Z,107.0,Sense
2025-08-20T19:02:47Z,111.0,Sense
