timestamp,beats per minute,data source
2025-07-17T08:44:40Z,87.0,Sense
2025-07-17T08:44:50Z,86.0,Sense
2025-07-17T08:44:55Z,86.0,Sense
2025-07-17T08:45:00Z,91.0,Sense
2025-07-17T08:45:10Z,93.0,Sense
2025-07-17T08:45:28Z,94.0,Sense
2025-07-17T08:45:43Z,96.0,Sense
2025-07-17T08:45:48Z,97.0,Sense
2025-07-17T08:45:53Z,95.0,Sense
2025-07-17T08:45:58Z,94.0,Sense
2025-07-17T08:46:03Z,93.0,Sense
2025-07-17T08:46:08Z,96.0,Sense
2025-07-17T08:46:13Z,97.0,Sense
2025-07-17T08:46:18Z,98.0,Sense
2025-07-17T08:46:28Z,97.0,Sense
2025-07-17T08:46:33Z,99.0,Sense
2025-07-17T08:46:38Z,100.0,Sense
2025-07-17T08:46:48Z,103.0,Sense
2025-07-17T08:46:53Z,98.0,Sense
2025-07-17T08:47:03Z,97.0,Sense
2025-07-17T08:47:08Z,98.0,Sense
2025-07-17T08:47:13Z,100.0,Sense
2025-07-17T08:47:28Z,99.0,Sense
2025-07-17T08:47:33Z,98.0,Sense
2025-07-17T08:47:38Z,96.0,Sense
2025-07-17T08:47:43Z,92.0,Sense
2025-07-17T08:47:48Z,90.0,Sense
2025-07-17T08:47:53Z,89.0,Sense
2025-07-17T08:47:58Z,90.0,Sense
2025-07-17T08:48:03Z,91.0,Sense
2025-07-17T08:48:08Z,92.0,Sense
2025-07-17T08:48:13Z,92.0,Sense
2025-07-17T08:48:18Z,92.0,Sense
2025-07-17T08:48:28Z,93.0,Sense
2025-07-17T08:48:33Z,92.0,Sense
2025-07-17T08:48:38Z,94.0,Sense
2025-07-17T08:48:43Z,94.0,Sense
2025-07-17T08:48:48Z,95.0,Sense
2025-07-17T08:49:03Z,95.0,Sense
2025-07-17T08:49:08Z,93.0,Sense
2025-07-17T08:49:13Z,94.0,Sense
2025-07-17T08:49:18Z,95.0,Sense
2025-07-17T08:49:28Z,95.0,Sense
2025-07-17T08:49:33Z,94.0,Sense
2025-07-17T08:49:43Z,93.0,Sense
2025-07-17T08:49:48Z,92.0,Sense
2025-07-17T08:49:53Z,93.0,Sense
2025-07-17T08:50:03Z,93.0,Sense
2025-07-17T08:50:08Z,95.0,Sense
2025-07-17T08:50:13Z,96.0,Sense
2025-07-17T08:50:18Z,95.0,Sense
2025-07-17T08:50:23Z,93.0,Sense
2025-07-17T08:50:28Z,92.0,Sense
2025-07-17T08:50:33Z,93.0,Sense
2025-07-17T08:50:38Z,93.0,Sense
2025-07-17T08:50:48Z,94.0,Sense
2025-07-17T08:50:53Z,95.0,Sense
2025-07-17T08:51:03Z,96.0,Sense
2025-07-17T08:51:18Z,95.0,Sense
2025-07-17T08:51:23Z,95.0,Sense
2025-07-17T08:51:33Z,96.0,Sense
2025-07-17T08:51:43Z,94.0,Sense
2025-07-17T08:51:48Z,92.0,Sense
2025-07-17T08:51:53Z,93.0,Sense
2025-07-17T08:51:58Z,92.0,Sense
2025-07-17T08:52:08Z,91.0,Sense
2025-07-17T08:52:18Z,92.0,Sense
2025-07-17T08:52:23Z,90.0,Sense
2025-07-17T08:52:28Z,90.0,Sense
2025-07-17T08:52:33Z,90.0,Sense
2025-07-17T08:52:43Z,90.0,Sense
2025-07-17T08:52:53Z,93.0,Sense
2025-07-17T08:52:58Z,94.0,Sense
2025-07-17T08:53:08Z,93.0,Sense
2025-07-17T08:53:18Z,93.0,Sense
2025-07-17T08:53:23Z,94.0,Sense
2025-07-17T08:53:38Z,94.0,Sense
2025-07-17T08:53:43Z,93.0,Sense
2025-07-17T08:56:51Z,93.0,Sense
2025-07-17T08:57:01Z,95.0,Sense
2025-07-17T08:57:06Z,94.0,Sense
2025-07-17T08:57:11Z,95.0,Sense
2025-07-17T08:57:16Z,94.0,Sense
2025-07-17T08:57:21Z,94.0,Sense
2025-07-17T08:57:26Z,96.0,Sense
2025-07-17T08:57:31Z,94.0,Sense
2025-07-17T08:57:36Z,91.0,Sense
2025-07-17T08:57:41Z,89.0,Sense
2025-07-17T08:57:46Z,89.0,Sense
2025-07-17T08:57:51Z,92.0,Sense
2025-07-17T08:57:56Z,93.0,Sense
2025-07-17T08:58:01Z,96.0,Sense
2025-07-17T08:58:06Z,95.0,Sense
2025-07-17T08:58:11Z,95.0,Sense
2025-07-17T08:58:26Z,96.0,Sense
2025-07-17T08:58:31Z,94.0,Sense
2025-07-17T08:58:36Z,93.0,Sense
2025-07-17T08:58:46Z,94.0,Sense
2025-07-17T08:59:01Z,95.0,Sense
2025-07-17T08:59:11Z,93.0,Sense
2025-07-17T08:59:16Z,91.0,Sense
2025-07-17T08:59:21Z,90.0,Sense
2025-07-17T08:59:31Z,92.0,Sense
2025-07-17T08:59:36Z,93.0,Sense
2025-07-17T08:59:41Z,94.0,Sense
2025-07-17T08:59:46Z,95.0,Sense
2025-07-17T09:00:01Z,96.0,Sense
2025-07-17T09:00:06Z,93.0,Sense
2025-07-17T09:00:11Z,91.0,Sense
2025-07-17T09:00:16Z,93.0,Sense
2025-07-17T09:00:21Z,96.0,Sense
2025-07-17T09:00:26Z,97.0,Sense
2025-07-17T09:00:31Z,98.0,Sense
2025-07-17T09:00:41Z,98.0,Sense
2025-07-17T09:00:51Z,100.0,Sense
2025-07-17T09:01:01Z,97.0,Sense
2025-07-17T09:01:06Z,95.0,Sense
2025-07-17T09:01:11Z,95.0,Sense
2025-07-17T09:01:16Z,94.0,Sense
2025-07-17T09:01:21Z,93.0,Sense
2025-07-17T09:01:31Z,92.0,Sense
2025-07-17T09:01:36Z,93.0,Sense
2025-07-17T09:01:41Z,94.0,Sense
2025-07-17T09:01:46Z,94.0,Sense
2025-07-17T09:02:01Z,96.0,Sense
2025-07-17T09:02:06Z,97.0,Sense
2025-07-17T09:02:11Z,95.0,Sense
2025-07-17T09:02:16Z,94.0,Sense
2025-07-17T09:02:21Z,93.0,Sense
2025-07-17T09:02:26Z,92.0,Sense
2025-07-17T09:02:31Z,93.0,Sense
2025-07-17T09:02:36Z,96.0,Sense
2025-07-17T09:02:41Z,98.0,Sense
2025-07-17T09:02:46Z,97.0,Sense
2025-07-17T09:02:51Z,95.0,Sense
2025-07-17T09:02:56Z,92.0,Sense
2025-07-17T09:03:01Z,93.0,Sense
2025-07-17T09:03:11Z,90.0,Sense
2025-07-17T09:03:16Z,87.0,Sense
2025-07-17T09:03:21Z,89.0,Sense
2025-07-17T09:03:26Z,90.0,Sense
2025-07-17T09:03:31Z,92.0,Sense
2025-07-17T09:03:36Z,94.0,Sense
2025-07-17T09:03:41Z,95.0,Sense
2025-07-17T09:03:46Z,94.0,Sense
2025-07-17T09:03:51Z,94.0,Sense
2025-07-17T09:04:06Z,94.0,Sense
2025-07-17T09:04:21Z,94.0,Sense
2025-07-17T09:04:31Z,96.0,Sense
2025-07-17T09:04:36Z,96.0,Sense
2025-07-17T09:04:46Z,98.0,Sense
2025-07-17T09:04:56Z,99.0,Sense
2025-07-17T09:05:11Z,99.0,Sense
2025-07-17T09:05:26Z,99.0,Sense
2025-07-17T09:05:31Z,98.0,Sense
2025-07-17T09:05:36Z,97.0,Sense
2025-07-17T09:05:41Z,92.0,Sense
2025-07-17T09:05:46Z,90.0,Sense
2025-07-17T09:06:01Z,91.0,Sense
2025-07-17T09:06:06Z,95.0,Sense
2025-07-17T09:06:11Z,96.0,Sense
2025-07-17T09:06:16Z,94.0,Sense
2025-07-17T09:06:21Z,92.0,Sense
2025-07-17T09:06:31Z,91.0,Sense
2025-07-17T09:06:46Z,91.0,Sense
2025-07-17T09:06:51Z,89.0,Sense
2025-07-17T09:07:01Z,88.0,Sense
2025-07-17T09:07:06Z,88.0,Sense
2025-07-17T09:07:11Z,87.0,Sense
2025-07-17T09:07:16Z,85.0,Sense
2025-07-17T09:07:21Z,89.0,Sense
2025-07-17T09:07:26Z,90.0,Sense
2025-07-17T09:07:31Z,89.0,Sense
2025-07-17T09:07:46Z,87.0,Sense
2025-07-17T09:07:51Z,86.0,Sense
2025-07-17T09:07:56Z,87.0,Sense
2025-07-17T09:08:06Z,88.0,Sense
2025-07-17T09:08:11Z,89.0,Sense
2025-07-17T09:08:16Z,90.0,Sense
2025-07-17T09:08:21Z,91.0,Sense
2025-07-17T09:08:26Z,92.0,Sense
2025-07-17T09:08:31Z,90.0,Sense
2025-07-17T09:08:36Z,89.0,Sense
2025-07-17T09:08:41Z,88.0,Sense
2025-07-17T09:08:46Z,87.0,Sense
2025-07-17T09:08:56Z,86.0,Sense
2025-07-17T09:09:01Z,85.0,Sense
2025-07-17T09:09:06Z,83.0,Sense
2025-07-17T09:09:11Z,85.0,Sense
2025-07-17T09:09:26Z,85.0,Sense
2025-07-17T09:09:31Z,84.0,Sense
2025-07-17T09:09:36Z,85.0,Sense
2025-07-17T09:09:41Z,83.0,Sense
2025-07-17T09:09:46Z,84.0,Sense
2025-07-17T09:09:51Z,85.0,Sense
2025-07-17T09:09:56Z,84.0,Sense
2025-07-17T09:10:06Z,82.0,Sense
2025-07-17T09:10:16Z,83.0,Sense
2025-07-17T09:10:21Z,85.0,Sense
2025-07-17T09:10:31Z,85.0,Sense
2025-07-17T09:10:36Z,84.0,Sense
2025-07-17T09:10:51Z,84.0,Sense
2025-07-17T09:11:06Z,86.0,Sense
2025-07-17T09:11:16Z,85.0,Sense
2025-07-17T09:11:21Z,87.0,Sense
2025-07-17T09:11:26Z,88.0,Sense
2025-07-17T09:11:41Z,89.0,Sense
2025-07-17T09:11:56Z,89.0,Sense
2025-07-17T09:12:01Z,86.0,Sense
2025-07-17T09:12:11Z,88.0,Sense
2025-07-17T09:12:16Z,91.0,Sense
2025-07-17T09:12:21Z,90.0,Sense
2025-07-17T09:12:26Z,87.0,Sense
2025-07-17T09:12:31Z,86.0,Sense
2025-07-17T09:12:36Z,85.0,Sense
2025-07-17T09:12:46Z,87.0,Sense
2025-07-17T09:12:56Z,88.0,Sense
2025-07-17T09:13:01Z,87.0,Sense
2025-07-17T09:13:11Z,86.0,Sense
2025-07-17T09:13:16Z,88.0,Sense
2025-07-17T09:13:21Z,87.0,Sense
2025-07-17T09:13:26Z,83.0,Sense
2025-07-17T09:13:36Z,84.0,Sense
2025-07-17T09:13:41Z,87.0,Sense
2025-07-17T09:13:46Z,94.0,Sense
2025-07-17T09:13:51Z,95.0,Sense
2025-07-17T09:13:56Z,97.0,Sense
2025-07-17T09:14:01Z,98.0,Sense
2025-07-17T09:14:11Z,99.0,Sense
2025-07-17T09:14:26Z,98.0,Sense
2025-07-17T09:14:31Z,95.0,Sense
2025-07-17T09:14:36Z,94.0,Sense
2025-07-17T09:14:41Z,92.0,Sense
2025-07-17T09:14:46Z,88.0,Sense
2025-07-17T09:14:51Z,85.0,Sense
2025-07-17T09:15:01Z,87.0,Sense
2025-07-17T09:15:11Z,87.0,Sense
2025-07-17T09:15:21Z,88.0,Sense
2025-07-17T09:15:26Z,88.0,Sense
2025-07-17T09:15:31Z,87.0,Sense
2025-07-17T09:15:36Z,84.0,Sense
2025-07-17T09:15:41Z,79.0,Sense
2025-07-17T09:15:46Z,80.0,Sense
2025-07-17T09:15:51Z,81.0,Sense
2025-07-17T09:16:01Z,82.0,Sense
2025-07-17T09:16:06Z,84.0,Sense
2025-07-17T09:16:16Z,87.0,Sense
2025-07-17T09:16:21Z,90.0,Sense
2025-07-17T09:16:26Z,91.0,Sense
2025-07-17T09:16:31Z,89.0,Sense
2025-07-17T09:16:36Z,87.0,Sense
2025-07-17T09:16:41Z,86.0,Sense
2025-07-17T09:16:46Z,85.0,Sense
2025-07-17T09:16:51Z,84.0,Sense
2025-07-17T09:16:56Z,83.0,Sense
2025-07-17T09:17:06Z,84.0,Sense
2025-07-17T09:17:16Z,85.0,Sense
2025-07-17T09:17:21Z,87.0,Sense
2025-07-17T09:17:26Z,89.0,Sense
2025-07-17T09:17:41Z,88.0,Sense
2025-07-17T09:17:46Z,89.0,Sense
2025-07-17T09:17:51Z,88.0,Sense
2025-07-17T09:17:56Z,86.0,Sense
2025-07-17T09:18:01Z,84.0,Sense
2025-07-17T09:18:13Z,84.0,Sense
2025-07-17T09:18:18Z,85.0,Sense
2025-07-17T09:18:23Z,86.0,Sense
2025-07-17T09:18:28Z,85.0,Sense
2025-07-17T09:18:33Z,84.0,Sense
2025-07-17T09:18:38Z,85.0,Sense
2025-07-17T09:18:43Z,85.0,Sense
2025-07-17T09:18:48Z,87.0,Sense
2025-07-17T09:18:53Z,91.0,Sense
2025-07-17T09:18:58Z,92.0,Sense
2025-07-17T09:19:03Z,92.0,Sense
2025-07-17T09:19:18Z,91.0,Sense
2025-07-17T09:19:28Z,89.0,Sense
2025-07-17T09:19:33Z,90.0,Sense
2025-07-17T09:19:38Z,93.0,Sense
2025-07-17T09:19:43Z,92.0,Sense
2025-07-17T09:19:48Z,94.0,Sense
2025-07-17T09:19:53Z,97.0,Sense
2025-07-17T09:19:58Z,104.0,Sense
2025-07-17T09:20:03Z,103.0,Sense
2025-07-17T09:20:18Z,102.0,Sense
2025-07-17T09:20:23Z,103.0,Sense
2025-07-17T09:20:28Z,102.0,Sense
2025-07-17T09:20:33Z,104.0,Sense
2025-07-17T09:20:43Z,104.0,Sense
2025-07-17T09:20:48Z,105.0,Sense
2025-07-17T09:20:53Z,106.0,Sense
2025-07-17T09:20:58Z,107.0,Sense
2025-07-17T09:21:03Z,106.0,Sense
2025-07-17T09:21:13Z,107.0,Sense
2025-07-17T09:21:18Z,109.0,Sense
2025-07-17T09:21:23Z,107.0,Sense
2025-07-17T09:21:33Z,107.0,Sense
2025-07-17T09:21:43Z,105.0,Sense
2025-07-17T09:21:48Z,106.0,Sense
2025-07-17T09:21:53Z,106.0,Sense
2025-07-17T09:21:58Z,109.0,Sense
2025-07-17T09:22:03Z,109.0,Sense
2025-07-17T09:22:08Z,108.0,Sense
2025-07-17T09:22:23Z,107.0,Sense
2025-07-17T09:22:28Z,103.0,Sense
2025-07-17T09:22:33Z,102.0,Sense
2025-07-17T09:22:43Z,102.0,Sense
2025-07-17T09:22:48Z,104.0,Sense
2025-07-17T09:22:53Z,105.0,Sense
2025-07-17T09:22:58Z,106.0,Sense
2025-07-17T09:23:03Z,104.0,Sense
2025-07-17T09:23:08Z,103.0,Sense
2025-07-17T09:23:18Z,104.0,Sense
2025-07-17T09:23:23Z,106.0,Sense
2025-07-17T09:23:28Z,105.0,Sense
2025-07-17T09:23:38Z,104.0,Sense
2025-07-17T09:23:43Z,103.0,Sense
2025-07-17T09:23:48Z,106.0,Sense
2025-07-17T09:23:53Z,105.0,Sense
2025-07-17T09:23:58Z,107.0,Sense
2025-07-17T09:24:08Z,108.0,Sense
2025-07-17T09:24:18Z,107.0,Sense
2025-07-17T09:24:23Z,104.0,Sense
2025-07-17T09:24:28Z,103.0,Sense
2025-07-17T09:24:33Z,102.0,Sense
2025-07-17T09:24:38Z,103.0,Sense
2025-07-17T09:24:43Z,102.0,Sense
2025-07-17T09:24:48Z,105.0,Sense
2025-07-17T09:24:53Z,106.0,Sense
2025-07-17T09:25:03Z,105.0,Sense
2025-07-17T09:25:08Z,104.0,Sense
2025-07-17T09:25:13Z,103.0,Sense
2025-07-17T09:25:23Z,100.0,Sense
2025-07-17T09:25:28Z,101.0,Sense
2025-07-17T09:25:33Z,100.0,Sense
2025-07-17T09:25:38Z,101.0,Sense
2025-07-17T09:25:43Z,101.0,Sense
2025-07-17T09:25:48Z,103.0,Sense
2025-07-17T09:26:03Z,105.0,Sense
2025-07-17T09:26:08Z,107.0,Sense
2025-07-17T09:26:13Z,105.0,Sense
2025-07-17T09:26:18Z,106.0,Sense
2025-07-17T09:26:23Z,105.0,Sense
2025-07-17T09:26:28Z,103.0,Sense
2025-07-17T09:26:33Z,104.0,Sense
2025-07-17T09:26:38Z,104.0,Sense
2025-07-17T09:26:43Z,103.0,Sense
2025-07-17T09:26:53Z,106.0,Sense
2025-07-17T09:26:58Z,107.0,Sense
2025-07-17T09:27:08Z,106.0,Sense
2025-07-17T09:27:13Z,108.0,Sense
2025-07-17T09:27:18Z,111.0,Sense
2025-07-17T09:27:23Z,112.0,Sense
2025-07-17T09:27:28Z,111.0,Sense
2025-07-17T09:27:33Z,112.0,Sense
2025-07-17T09:27:43Z,109.0,Sense
2025-07-17T09:27:48Z,107.0,Sense
2025-07-17T09:27:53Z,106.0,Sense
2025-07-17T09:27:58Z,101.0,Sense
2025-07-17T09:28:03Z,97.0,Sense
2025-07-17T09:28:13Z,96.0,Sense
2025-07-17T09:28:18Z,100.0,Sense
2025-07-17T09:28:23Z,101.0,Sense
2025-07-17T09:28:28Z,99.0,Sense
2025-07-17T09:28:33Z,96.0,Sense
2025-07-17T09:28:38Z,95.0,Sense
2025-07-17T09:28:43Z,97.0,Sense
2025-07-17T09:28:48Z,98.0,Sense
2025-07-17T09:28:53Z,100.0,Sense
2025-07-17T09:28:58Z,101.0,Sense
2025-07-17T09:29:13Z,101.0,Sense
2025-07-17T09:29:18Z,103.0,Sense
2025-07-17T09:29:23Z,105.0,Sense
2025-07-17T09:29:28Z,106.0,Sense
2025-07-17T09:29:33Z,105.0,Sense
2025-07-17T09:29:38Z,100.0,Sense
2025-07-17T09:29:43Z,99.0,Sense
2025-07-17T09:29:53Z,99.0,Sense
2025-07-17T09:29:58Z,100.0,Sense
2025-07-17T09:30:03Z,99.0,Sense
2025-07-17T09:30:08Z,100.0,Sense
2025-07-17T09:30:13Z,101.0,Sense
2025-07-17T09:30:18Z,102.0,Sense
2025-07-17T09:30:23Z,100.0,Sense
2025-07-17T09:30:28Z,102.0,Sense
2025-07-17T13:16:09Z,102.0,Sense
2025-07-17T13:16:14Z,101.0,Sense
2025-07-17T13:16:19Z,99.0,Sense
2025-07-17T13:16:24Z,96.0,Sense
2025-07-17T13:16:29Z,95.0,Sense
2025-07-17T13:16:34Z,100.0,Sense
2025-07-17T13:16:39Z,99.0,Sense
2025-07-17T13:16:44Z,101.0,Sense
2025-07-17T13:16:49Z,102.0,Sense
2025-07-17T13:16:54Z,104.0,Sense
2025-07-17T13:17:04Z,103.0,Sense
2025-07-17T13:17:19Z,103.0,Sense
2025-07-17T13:17:24Z,102.0,Sense
2025-07-17T13:17:29Z,95.0,Sense
2025-07-17T13:17:34Z,93.0,Sense
2025-07-17T13:17:39Z,94.0,Sense
2025-07-17T13:17:54Z,96.0,Sense
2025-07-17T13:17:59Z,97.0,Sense
2025-07-17T13:18:09Z,98.0,Sense
2025-07-17T13:18:14Z,97.0,Sense
2025-07-17T13:18:19Z,98.0,Sense
2025-07-17T13:18:34Z,99.0,Sense
2025-07-17T13:18:39Z,102.0,Sense
2025-07-17T13:18:49Z,101.0,Sense
2025-07-17T13:18:54Z,102.0,Sense
2025-07-17T13:18:59Z,100.0,Sense
2025-07-17T13:19:09Z,99.0,Sense
2025-07-17T13:19:14Z,100.0,Sense
2025-07-17T13:19:29Z,96.0,Sense
2025-07-17T13:19:34Z,97.0,Sense
2025-07-17T13:19:39Z,96.0,Sense
2025-07-17T13:19:44Z,97.0,Sense
2025-07-17T13:19:49Z,98.0,Sense
2025-07-17T13:19:59Z,97.0,Sense
2025-07-17T13:20:09Z,97.0,Sense
2025-07-17T13:20:24Z,97.0,Sense
2025-07-17T13:20:34Z,98.0,Sense
2025-07-17T13:20:39Z,97.0,Sense
2025-07-17T13:20:44Z,98.0,Sense
2025-07-17T13:20:54Z,99.0,Sense
2025-07-17T13:21:04Z,100.0,Sense
2025-07-17T13:21:09Z,101.0,Sense
2025-07-17T13:21:14Z,100.0,Sense
2025-07-17T13:21:29Z,101.0,Sense
2025-07-17T13:21:34Z,102.0,Sense
2025-07-17T13:21:39Z,100.0,Sense
2025-07-17T13:21:44Z,101.0,Sense
2025-07-17T13:21:49Z,102.0,Sense
2025-07-17T13:21:54Z,104.0,Sense
2025-07-17T13:21:59Z,103.0,Sense
2025-07-17T13:22:04Z,104.0,Sense
2025-07-17T13:22:14Z,105.0,Sense
2025-07-17T13:22:19Z,106.0,Sense
2025-07-17T13:22:34Z,106.0,Sense
2025-07-17T13:22:39Z,108.0,Sense
2025-07-17T13:22:54Z,108.0,Sense
2025-07-17T13:23:04Z,107.0,Sense
2025-07-17T13:23:09Z,108.0,Sense
2025-07-17T13:23:14Z,110.0,Sense
2025-07-17T13:23:19Z,111.0,Sense
2025-07-17T13:23:24Z,110.0,Sense
2025-07-17T13:23:29Z,108.0,Sense
2025-07-17T13:23:34Z,106.0,Sense
2025-07-17T13:23:39Z,107.0,Sense
2025-07-17T13:23:49Z,109.0,Sense
2025-07-17T13:23:54Z,111.0,Sense
2025-07-17T13:23:59Z,110.0,Sense
2025-07-17T13:24:04Z,111.0,Sense
2025-07-17T13:24:14Z,112.0,Sense
2025-07-17T13:24:24Z,113.0,Sense
2025-07-17T13:24:34Z,114.0,Sense
2025-07-17T13:24:39Z,116.0,Sense
2025-07-17T13:24:44Z,115.0,Sense
2025-07-17T13:24:49Z,114.0,Sense
2025-07-17T13:24:59Z,113.0,Sense
2025-07-17T13:25:09Z,115.0,Sense
2025-07-17T13:25:14Z,117.0,Sense
2025-07-17T13:25:19Z,116.0,Sense
2025-07-17T13:25:24Z,115.0,Sense
2025-07-17T13:25:29Z,112.0,Sense
2025-07-17T13:25:39Z,110.0,Sense
2025-07-17T13:25:44Z,111.0,Sense
2025-07-17T13:25:49Z,114.0,Sense
2025-07-17T13:25:59Z,113.0,Sense
2025-07-17T13:26:04Z,113.0,Sense
2025-07-17T13:26:09Z,112.0,Sense
2025-07-17T13:26:14Z,111.0,Sense
2025-07-17T13:26:19Z,109.0,Sense
2025-07-17T13:26:24Z,106.0,Sense
2025-07-17T13:26:29Z,105.0,Sense
2025-07-17T13:26:34Z,103.0,Sense
2025-07-17T13:26:39Z,99.0,Sense
2025-07-17T13:26:44Z,98.0,Sense
2025-07-17T13:26:54Z,96.0,Sense
2025-07-17T13:26:59Z,94.0,Sense
2025-07-17T13:27:04Z,93.0,Sense
2025-07-17T13:27:09Z,90.0,Sense
2025-07-17T13:27:19Z,88.0,Sense
2025-07-17T13:27:34Z,89.0,Sense
2025-07-17T13:27:44Z,89.0,Sense
2025-07-17T13:27:49Z,90.0,Sense
2025-07-17T13:27:54Z,91.0,Sense
2025-07-17T13:27:59Z,93.0,Sense
2025-07-17T13:28:04Z,94.0,Sense
2025-07-17T13:28:09Z,95.0,Sense
2025-07-17T13:28:14Z,97.0,Sense
2025-07-17T13:28:19Z,98.0,Sense
2025-07-17T13:28:24Z,99.0,Sense
2025-07-17T13:28:29Z,103.0,Sense
2025-07-17T13:28:34Z,104.0,Sense
2025-07-17T13:28:39Z,103.0,Sense
2025-07-17T13:28:44Z,102.0,Sense
2025-07-17T13:28:49Z,102.0,Sense
2025-07-17T13:28:54Z,102.0,Sense
2025-07-17T13:29:04Z,100.0,Sense
2025-07-17T13:29:09Z,98.0,Sense
2025-07-17T13:29:14Z,101.0,Sense
2025-07-17T13:29:19Z,99.0,Sense
2025-07-17T13:29:29Z,100.0,Sense
2025-07-17T13:29:44Z,98.0,Sense
2025-07-17T13:29:49Z,100.0,Sense
2025-07-17T13:29:59Z,101.0,Sense
2025-07-17T13:30:04Z,100.0,Sense
2025-07-17T13:30:14Z,99.0,Sense
2025-07-17T13:30:29Z,100.0,Sense
2025-07-17T13:30:34Z,102.0,Sense
2025-07-17T13:30:39Z,103.0,Sense
2025-07-17T13:30:44Z,104.0,Sense
2025-07-17T13:30:59Z,104.0,Sense
2025-07-17T13:31:04Z,103.0,Sense
2025-07-17T13:31:19Z,104.0,Sense
2025-07-17T13:31:34Z,109.0,Sense
2025-07-17T13:31:39Z,108.0,Sense
2025-07-17T13:31:44Z,107.0,Sense
2025-07-17T13:31:54Z,109.0,Sense
2025-07-17T13:31:59Z,109.0,Sense
2025-07-17T13:32:04Z,110.0,Sense
2025-07-17T13:32:09Z,113.0,Sense
2025-07-17T13:32:14Z,109.0,Sense
2025-07-17T13:32:19Z,105.0,Sense
2025-07-17T13:32:24Z,104.0,Sense
2025-07-17T13:32:29Z,103.0,Sense
2025-07-17T13:32:44Z,104.0,Sense
2025-07-17T13:32:49Z,103.0,Sense
2025-07-17T13:32:54Z,104.0,Sense
2025-07-17T13:32:59Z,103.0,Sense
2025-07-17T13:33:14Z,104.0,Sense
2025-07-17T13:33:19Z,100.0,Sense
2025-07-17T13:33:24Z,102.0,Sense
2025-07-17T13:33:29Z,104.0,Sense
2025-07-17T13:33:34Z,107.0,Sense
2025-07-17T13:33:39Z,105.0,Sense
2025-07-17T13:33:49Z,103.0,Sense
2025-07-17T13:33:54Z,101.0,Sense
2025-07-17T13:33:59Z,104.0,Sense
2025-07-17T13:34:04Z,105.0,Sense
2025-07-17T13:34:09Z,107.0,Sense
2025-07-17T13:34:19Z,106.0,Sense
2025-07-17T13:34:24Z,103.0,Sense
2025-07-17T13:34:29Z,102.0,Sense
2025-07-17T13:34:34Z,105.0,Sense
2025-07-17T13:34:44Z,106.0,Sense
2025-07-17T13:34:49Z,108.0,Sense
2025-07-17T13:34:54Z,109.0,Sense
2025-07-17T13:35:09Z,108.0,Sense
2025-07-17T13:35:14Z,107.0,Sense
2025-07-17T13:35:19Z,104.0,Sense
2025-07-17T13:35:24Z,102.0,Sense
2025-07-17T13:35:29Z,100.0,Sense
2025-07-17T13:35:34Z,102.0,Sense
2025-07-17T13:35:39Z,103.0,Sense
2025-07-17T13:35:44Z,105.0,Sense
2025-07-17T13:35:49Z,104.0,Sense
2025-07-17T13:35:59Z,103.0,Sense
2025-07-17T13:36:09Z,106.0,Sense
2025-07-17T13:36:14Z,108.0,Sense
2025-07-17T13:36:19Z,106.0,Sense
2025-07-17T13:36:24Z,101.0,Sense
2025-07-17T13:36:34Z,98.0,Sense
2025-07-17T13:36:39Z,99.0,Sense
2025-07-17T13:36:44Z,100.0,Sense
2025-07-17T13:36:49Z,99.0,Sense
2025-07-17T13:36:54Z,100.0,Sense
2025-07-17T13:37:04Z,96.0,Sense
2025-07-17T13:37:09Z,94.0,Sense
2025-07-17T13:37:14Z,92.0,Sense
2025-07-17T13:37:19Z,90.0,Sense
2025-07-17T13:37:29Z,94.0,Sense
2025-07-17T13:37:34Z,94.0,Sense
2025-07-17T13:37:39Z,94.0,Sense
2025-07-17T13:37:54Z,95.0,Sense
2025-07-17T13:38:04Z,96.0,Sense
2025-07-17T13:38:09Z,98.0,Sense
2025-07-17T13:38:19Z,97.0,Sense
2025-07-17T13:38:24Z,95.0,Sense
2025-07-17T13:38:29Z,93.0,Sense
2025-07-17T13:38:34Z,91.0,Sense
2025-07-17T13:38:39Z,96.0,Sense
2025-07-17T13:38:44Z,97.0,Sense
2025-07-17T13:38:49Z,98.0,Sense
2025-07-17T13:38:54Z,97.0,Sense
2025-07-17T13:38:59Z,96.0,Sense
2025-07-17T13:39:04Z,95.0,Sense
2025-07-17T13:39:09Z,96.0,Sense
2025-07-17T13:39:14Z,97.0,Sense
2025-07-17T13:39:29Z,97.0,Sense
2025-07-17T13:39:39Z,98.0,Sense
2025-07-17T13:39:44Z,94.0,Sense
2025-07-17T13:39:49Z,91.0,Sense
2025-07-17T13:39:54Z,96.0,Sense
2025-07-17T13:40:04Z,94.0,Sense
2025-07-17T13:40:09Z,93.0,Sense
2025-07-17T13:40:14Z,94.0,Sense
2025-07-17T13:40:19Z,96.0,Sense
2025-07-17T13:40:24Z,97.0,Sense
2025-07-17T13:40:29Z,99.0,Sense
2025-07-17T13:40:34Z,98.0,Sense
2025-07-17T13:40:39Z,99.0,Sense
2025-07-17T13:40:44Z,96.0,Sense
2025-07-17T13:40:49Z,98.0,Sense
2025-07-17T13:40:54Z,99.0,Sense
2025-07-17T13:40:59Z,97.0,Sense
2025-07-17T13:41:14Z,97.0,Sense
2025-07-17T13:41:24Z,98.0,Sense
2025-07-17T13:41:39Z,98.0,Sense
2025-07-17T13:41:44Z,97.0,Sense
2025-07-17T13:41:49Z,96.0,Sense
2025-07-17T13:41:54Z,98.0,Sense
2025-07-17T13:41:59Z,100.0,Sense
2025-07-17T13:42:14Z,99.0,Sense
2025-07-17T13:42:19Z,101.0,Sense
2025-07-17T13:42:24Z,104.0,Sense
2025-07-17T13:42:29Z,107.0,Sense
2025-07-17T13:42:34Z,109.0,Sense
2025-07-17T13:42:39Z,110.0,Sense
2025-07-17T13:42:44Z,109.0,Sense
2025-07-17T13:42:49Z,106.0,Sense
2025-07-17T13:42:54Z,102.0,Sense
2025-07-17T13:42:59Z,103.0,Sense
2025-07-17T13:43:04Z,104.0,Sense
2025-07-17T13:43:09Z,102.0,Sense
2025-07-17T13:43:19Z,103.0,Sense
2025-07-17T13:43:24Z,102.0,Sense
2025-07-17T13:43:29Z,104.0,Sense
2025-07-17T13:43:44Z,103.0,Sense
2025-07-17T13:43:49Z,104.0,Sense
2025-07-17T13:43:54Z,103.0,Sense
2025-07-17T13:44:04Z,102.0,Sense
2025-07-17T13:44:14Z,101.0,Sense
2025-07-17T13:44:19Z,102.0,Sense
2025-07-17T13:44:29Z,104.0,Sense
2025-07-17T13:44:34Z,102.0,Sense
2025-07-17T13:44:39Z,103.0,Sense
2025-07-17T13:44:44Z,101.0,Sense
2025-07-17T13:44:49Z,103.0,Sense
2025-07-17T13:44:54Z,98.0,Sense
2025-07-17T13:45:04Z,99.0,Sense
2025-07-17T13:45:09Z,100.0,Sense
2025-07-17T13:45:14Z,101.0,Sense
2025-07-17T13:45:24Z,100.0,Sense
2025-07-17T13:45:29Z,101.0,Sense
2025-07-17T13:45:39Z,100.0,Sense
2025-07-17T13:45:44Z,99.0,Sense
2025-07-17T13:45:49Z,100.0,Sense
2025-07-17T13:45:54Z,101.0,Sense
2025-07-17T13:45:59Z,99.0,Sense
2025-07-17T13:46:09Z,98.0,Sense
2025-07-17T13:46:14Z,99.0,Sense
2025-07-17T13:46:19Z,96.0,Sense
2025-07-17T13:46:24Z,97.0,Sense
2025-07-17T13:46:29Z,95.0,Sense
2025-07-17T13:46:44Z,96.0,Sense
2025-07-17T13:46:49Z,94.0,Sense
2025-07-17T13:46:54Z,95.0,Sense
2025-07-17T13:46:59Z,93.0,Sense
2025-07-17T13:47:09Z,91.0,Sense
2025-07-17T13:47:14Z,92.0,Sense
2025-07-17T13:47:19Z,93.0,Sense
2025-07-17T13:47:24Z,92.0,Sense
2025-07-17T13:47:29Z,94.0,Sense
2025-07-17T13:47:39Z,93.0,Sense
2025-07-17T13:47:49Z,92.0,Sense
2025-07-17T13:47:59Z,93.0,Sense
2025-07-17T13:48:09Z,95.0,Sense
2025-07-17T13:48:14Z,95.0,Sense
2025-07-17T13:48:19Z,97.0,Sense
2025-07-17T13:48:24Z,96.0,Sense
2025-07-17T13:48:29Z,93.0,Sense
2025-07-17T13:48:34Z,91.0,Sense
2025-07-17T13:48:49Z,90.0,Sense
2025-07-17T13:48:54Z,90.0,Sense
2025-07-17T13:48:59Z,89.0,Sense
2025-07-17T13:49:09Z,88.0,Sense
2025-07-17T13:49:14Z,86.0,Sense
2025-07-17T13:49:19Z,84.0,Sense
2025-07-17T13:49:24Z,85.0,Sense
2025-07-17T13:49:34Z,84.0,Sense
2025-07-17T13:49:39Z,84.0,Sense
2025-07-17T13:49:44Z,87.0,Sense
2025-07-17T13:49:49Z,88.0,Sense
2025-07-17T13:49:54Z,86.0,Sense
2025-07-17T13:49:59Z,84.0,Sense
2025-07-17T13:50:04Z,87.0,Sense
2025-07-17T13:50:09Z,90.0,Sense
2025-07-17T13:50:14Z,88.0,Sense
2025-07-17T13:50:19Z,88.0,Sense
2025-07-17T13:50:24Z,86.0,Sense
2025-07-17T13:50:29Z,85.0,Sense
2025-07-17T13:50:34Z,86.0,Sense
2025-07-17T13:50:49Z,86.0,Sense
2025-07-17T13:50:59Z,85.0,Sense
2025-07-17T13:51:14Z,85.0,Sense
2025-07-17T13:51:24Z,87.0,Sense
2025-07-17T13:51:29Z,90.0,Sense
2025-07-17T13:51:34Z,88.0,Sense
2025-07-17T13:51:39Z,88.0,Sense
2025-07-17T13:51:44Z,82.0,Sense
2025-07-17T13:51:49Z,79.0,Sense
2025-07-17T13:51:59Z,81.0,Sense
2025-07-17T13:52:04Z,84.0,Sense
2025-07-17T13:52:09Z,83.0,Sense
2025-07-17T13:52:14Z,83.0,Sense
2025-07-17T13:52:19Z,84.0,Sense
2025-07-17T13:52:29Z,85.0,Sense
2025-07-17T13:52:34Z,86.0,Sense
2025-07-17T13:52:39Z,85.0,Sense
2025-07-17T13:52:44Z,84.0,Sense
2025-07-17T13:52:54Z,83.0,Sense
2025-07-17T13:52:59Z,82.0,Sense
2025-07-17T13:53:09Z,82.0,Sense
2025-07-17T13:53:24Z,81.0,Sense
2025-07-17T13:53:29Z,79.0,Sense
2025-07-17T13:53:44Z,82.0,Sense
2025-07-17T13:53:54Z,83.0,Sense
2025-07-17T13:53:59Z,82.0,Sense
2025-07-17T13:54:04Z,81.0,Sense
2025-07-17T13:54:09Z,80.0,Sense
2025-07-17T13:54:14Z,81.0,Sense
2025-07-17T13:54:19Z,82.0,Sense
2025-07-17T13:54:29Z,81.0,Sense
2025-07-17T13:54:39Z,82.0,Sense
2025-07-17T13:54:44Z,85.0,Sense
2025-07-17T13:54:49Z,87.0,Sense
2025-07-17T13:54:54Z,89.0,Sense
2025-07-17T13:54:59Z,91.0,Sense
2025-07-17T13:55:04Z,91.0,Sense
2025-07-17T13:55:09Z,86.0,Sense
2025-07-17T13:55:14Z,83.0,Sense
2025-07-17T13:55:19Z,84.0,Sense
2025-07-17T13:55:24Z,83.0,Sense
2025-07-17T13:55:29Z,80.0,Sense
2025-07-17T13:55:34Z,77.0,Sense
2025-07-17T13:55:39Z,76.0,Sense
2025-07-17T13:55:54Z,76.0,Sense
2025-07-17T13:56:04Z,79.0,Sense
2025-07-17T13:56:09Z,80.0,Sense
2025-07-17T13:56:14Z,81.0,Sense
2025-07-17T13:56:19Z,80.0,Sense
2025-07-17T13:56:24Z,82.0,Sense
2025-07-17T13:56:29Z,83.0,Sense
2025-07-17T13:56:34Z,84.0,Sense
2025-07-17T13:56:39Z,86.0,Sense
2025-07-17T13:56:44Z,85.0,Sense
2025-07-17T13:56:49Z,81.0,Sense
2025-07-17T13:56:54Z,80.0,Sense
2025-07-17T13:57:04Z,78.0,Sense
2025-07-17T13:57:09Z,79.0,Sense
2025-07-17T13:57:24Z,80.0,Sense
2025-07-17T13:57:29Z,83.0,Sense
2025-07-17T13:57:34Z,85.0,Sense
2025-07-17T13:57:39Z,83.0,Sense
2025-07-17T13:57:44Z,83.0,Sense
2025-07-17T13:57:49Z,82.0,Sense
2025-07-17T13:57:54Z,85.0,Sense
2025-07-17T13:57:59Z,86.0,Sense
2025-07-17T13:58:04Z,83.0,Sense
2025-07-17T13:58:11Z,86.0,Sense
2025-07-17T13:58:16Z,85.0,Sense
2025-07-17T13:58:26Z,86.0,Sense
2025-07-17T13:58:31Z,85.0,Sense
2025-07-17T13:58:36Z,84.0,Sense
2025-07-17T13:58:51Z,84.0,Sense
2025-07-17T13:59:01Z,83.0,Sense
2025-07-17T13:59:06Z,83.0,Sense
2025-07-17T13:59:11Z,83.0,Sense
2025-07-17T13:59:21Z,83.0,Sense
2025-07-17T13:59:26Z,85.0,Sense
2025-07-17T13:59:31Z,86.0,Sense
2025-07-17T13:59:36Z,83.0,Sense
2025-07-17T13:59:41Z,80.0,Sense
2025-07-17T13:59:46Z,84.0,Sense
2025-07-17T13:59:51Z,86.0,Sense
2025-07-17T13:59:56Z,87.0,Sense
2025-07-17T14:00:01Z,86.0,Sense
2025-07-17T14:00:06Z,87.0,Sense
2025-07-17T14:00:11Z,89.0,Sense
2025-07-17T14:00:16Z,88.0,Sense
2025-07-17T14:00:31Z,88.0,Sense
2025-07-17T14:00:36Z,86.0,Sense
2025-07-17T14:00:41Z,85.0,Sense
2025-07-17T14:00:51Z,86.0,Sense
2025-07-17T14:00:56Z,85.0,Sense
2025-07-17T14:01:01Z,83.0,Sense
2025-07-17T14:01:06Z,85.0,Sense
2025-07-17T14:01:16Z,85.0,Sense
2025-07-17T14:01:26Z,88.0,Sense
2025-07-17T14:01:31Z,88.0,Sense
2025-07-17T14:01:41Z,89.0,Sense
2025-07-17T14:01:46Z,91.0,Sense
2025-07-17T14:01:56Z,92.0,Sense
2025-07-17T14:02:11Z,92.0,Sense
2025-07-17T14:02:16Z,93.0,Sense
2025-07-17T14:02:21Z,95.0,Sense
2025-07-17T14:02:26Z,95.0,Sense
2025-07-17T14:02:31Z,96.0,Sense
2025-07-17T14:02:41Z,97.0,Sense
2025-07-17T14:02:56Z,99.0,Sense
2025-07-17T14:03:06Z,100.0,Sense
2025-07-17T14:03:11Z,99.0,Sense
2025-07-17T14:03:16Z,98.0,Sense
2025-07-17T14:03:26Z,99.0,Sense
2025-07-17T14:03:36Z,97.0,Sense
2025-07-17T14:03:41Z,98.0,Sense
2025-07-17T14:03:46Z,98.0,Sense
2025-07-17T14:03:56Z,97.0,Sense
2025-07-17T14:04:01Z,96.0,Sense
2025-07-17T14:04:06Z,93.0,Sense
2025-07-17T14:04:11Z,87.0,Sense
2025-07-17T14:04:16Z,83.0,Sense
2025-07-17T14:04:21Z,82.0,Sense
2025-07-17T14:04:26Z,83.0,Sense
2025-07-17T14:04:36Z,82.0,Sense
2025-07-17T14:04:41Z,81.0,Sense
2025-07-17T14:04:46Z,79.0,Sense
2025-07-17T14:05:01Z,79.0,Sense
2025-07-17T14:05:16Z,80.0,Sense
2025-07-17T14:05:26Z,82.0,Sense
2025-07-17T14:05:31Z,84.0,Sense
2025-07-17T14:05:41Z,85.0,Sense
2025-07-17T14:05:56Z,85.0,Sense
2025-07-17T14:06:06Z,84.0,Sense
2025-07-17T14:06:21Z,84.0,Sense
2025-07-17T14:06:26Z,84.0,Sense
2025-07-17T14:06:31Z,85.0,Sense
2025-07-17T14:06:36Z,86.0,Sense
2025-07-17T14:06:51Z,86.0,Sense
2025-07-17T14:06:56Z,87.0,Sense
2025-07-17T14:07:06Z,88.0,Sense
2025-07-17T14:07:11Z,89.0,Sense
2025-07-17T14:07:16Z,88.0,Sense
2025-07-17T14:07:21Z,84.0,Sense
2025-07-17T14:07:36Z,85.0,Sense
2025-07-17T14:07:41Z,86.0,Sense
2025-07-17T14:07:46Z,89.0,Sense
2025-07-17T14:07:51Z,91.0,Sense
2025-07-17T14:07:56Z,90.0,Sense
2025-07-17T14:08:06Z,89.0,Sense
2025-07-17T14:08:11Z,86.0,Sense
2025-07-17T14:08:21Z,86.0,Sense
2025-07-17T14:08:31Z,87.0,Sense
2025-07-17T14:08:36Z,88.0,Sense
2025-07-17T14:08:46Z,89.0,Sense
2025-07-17T14:08:51Z,88.0,Sense
2025-07-17T14:08:56Z,86.0,Sense
2025-07-17T14:09:11Z,87.0,Sense
2025-07-17T14:09:26Z,88.0,Sense
2025-07-17T14:09:36Z,89.0,Sense
2025-07-17T14:09:46Z,88.0,Sense
2025-07-17T14:09:51Z,87.0,Sense
2025-07-17T14:09:56Z,85.0,Sense
2025-07-17T14:10:11Z,86.0,Sense
2025-07-17T14:10:16Z,88.0,Sense
2025-07-17T14:10:21Z,89.0,Sense
2025-07-17T14:10:31Z,88.0,Sense
2025-07-17T14:10:41Z,89.0,Sense
2025-07-17T14:10:46Z,90.0,Sense
2025-07-17T14:10:51Z,89.0,Sense
2025-07-17T14:10:56Z,88.0,Sense
2025-07-17T14:11:01Z,87.0,Sense
2025-07-17T14:11:11Z,86.0,Sense
2025-07-17T14:11:16Z,84.0,Sense
2025-07-17T14:11:21Z,82.0,Sense
2025-07-17T14:11:31Z,81.0,Sense
2025-07-17T14:11:41Z,82.0,Sense
2025-07-17T14:11:46Z,84.0,Sense
2025-07-17T14:11:51Z,85.0,Sense
2025-07-17T14:11:56Z,84.0,Sense
2025-07-17T14:12:01Z,83.0,Sense
2025-07-17T14:12:06Z,84.0,Sense
2025-07-17T14:12:11Z,84.0,Sense
2025-07-17T14:12:16Z,85.0,Sense
2025-07-17T14:12:26Z,84.0,Sense
2025-07-17T14:12:31Z,85.0,Sense
2025-07-17T14:12:36Z,84.0,Sense
2025-07-17T14:12:46Z,85.0,Sense
2025-07-17T14:12:56Z,87.0,Sense
2025-07-17T14:13:01Z,88.0,Sense
2025-07-17T14:13:06Z,87.0,Sense
2025-07-17T14:13:16Z,86.0,Sense
2025-07-17T14:13:26Z,84.0,Sense
2025-07-17T14:13:31Z,83.0,Sense
2025-07-17T14:13:36Z,82.0,Sense
2025-07-17T14:13:41Z,81.0,Sense
2025-07-17T14:13:46Z,80.0,Sense
2025-07-17T14:13:51Z,83.0,Sense
2025-07-17T14:14:01Z,84.0,Sense
2025-07-17T14:14:06Z,84.0,Sense
2025-07-17T14:14:11Z,86.0,Sense
2025-07-17T14:14:21Z,84.0,Sense
2025-07-17T14:14:26Z,83.0,Sense
2025-07-17T14:14:31Z,82.0,Sense
2025-07-17T14:14:36Z,80.0,Sense
2025-07-17T14:14:46Z,80.0,Sense
2025-07-17T14:14:51Z,83.0,Sense
2025-07-17T14:14:56Z,85.0,Sense
2025-07-17T14:15:01Z,88.0,Sense
2025-07-17T14:15:06Z,89.0,Sense
2025-07-17T14:15:11Z,89.0,Sense
2025-07-17T14:15:16Z,91.0,Sense
2025-07-17T14:15:26Z,90.0,Sense
2025-07-17T14:15:31Z,88.0,Sense
2025-07-17T14:15:36Z,86.0,Sense
2025-07-17T14:15:46Z,85.0,Sense
2025-07-17T14:15:56Z,86.0,Sense
2025-07-17T14:16:01Z,85.0,Sense
2025-07-17T14:16:11Z,87.0,Sense
2025-07-17T14:16:16Z,89.0,Sense
2025-07-17T14:16:26Z,87.0,Sense
2025-07-17T14:16:31Z,88.0,Sense
2025-07-17T14:16:41Z,89.0,Sense
2025-07-17T14:16:46Z,91.0,Sense
2025-07-17T14:16:51Z,90.0,Sense
2025-07-17T14:16:56Z,87.0,Sense
2025-07-17T14:17:11Z,88.0,Sense
2025-07-17T14:17:21Z,87.0,Sense
2025-07-17T14:17:26Z,85.0,Sense
2025-07-17T14:17:31Z,86.0,Sense
2025-07-17T14:17:36Z,88.0,Sense
2025-07-17T14:17:41Z,87.0,Sense
2025-07-17T14:17:46Z,88.0,Sense
2025-07-17T14:17:51Z,87.0,Sense
2025-07-17T14:18:01Z,88.0,Sense
2025-07-17T14:18:11Z,86.0,Sense
2025-07-17T14:18:16Z,82.0,Sense
2025-07-17T14:18:21Z,83.0,Sense
2025-07-17T14:18:26Z,84.0,Sense
2025-07-17T14:18:36Z,85.0,Sense
2025-07-17T14:18:46Z,85.0,Sense
2025-07-17T14:18:51Z,85.0,Sense
2025-07-17T14:18:56Z,86.0,Sense
2025-07-17T14:19:01Z,89.0,Sense
2025-07-17T14:19:11Z,89.0,Sense
2025-07-17T14:19:21Z,90.0,Sense
2025-07-17T14:19:31Z,91.0,Sense
2025-07-17T14:19:36Z,90.0,Sense
2025-07-17T14:19:41Z,86.0,Sense
2025-07-17T14:19:46Z,83.0,Sense
2025-07-17T14:19:51Z,86.0,Sense
2025-07-17T14:19:56Z,90.0,Sense
2025-07-17T14:20:01Z,90.0,Sense
2025-07-17T14:20:06Z,89.0,Sense
2025-07-17T14:20:11Z,86.0,Sense
2025-07-17T14:20:16Z,82.0,Sense
2025-07-17T14:20:21Z,81.0,Sense
2025-07-17T14:20:26Z,82.0,Sense
2025-07-17T14:20:31Z,83.0,Sense
2025-07-17T14:20:36Z,84.0,Sense
2025-07-17T14:20:42Z,85.0,Sense
2025-07-17T14:20:47Z,87.0,Sense
2025-07-17T14:20:52Z,88.0,Sense
2025-07-17T14:20:57Z,87.0,Sense
2025-07-17T14:21:02Z,88.0,Sense
2025-07-17T14:21:07Z,92.0,Sense
2025-07-17T14:21:17Z,89.0,Sense
2025-07-17T14:21:22Z,87.0,Sense
2025-07-17T14:21:27Z,89.0,Sense
2025-07-17T14:21:32Z,90.0,Sense
2025-07-17T14:21:42Z,92.0,Sense
2025-07-17T14:21:57Z,92.0,Sense
2025-07-17T14:22:02Z,93.0,Sense
2025-07-17T14:22:07Z,91.0,Sense
2025-07-17T14:22:12Z,90.0,Sense
2025-07-17T14:22:22Z,89.0,Sense
2025-07-17T14:22:27Z,87.0,Sense
2025-07-17T14:22:37Z,87.0,Sense
2025-07-17T14:22:47Z,86.0,Sense
2025-07-17T14:22:52Z,87.0,Sense
2025-07-17T14:22:57Z,87.0,Sense
2025-07-17T14:23:02Z,86.0,Sense
2025-07-17T14:23:07Z,86.0,Sense
2025-07-17T14:23:12Z,85.0,Sense
2025-07-17T14:23:22Z,87.0,Sense
2025-07-17T14:23:32Z,88.0,Sense
2025-07-17T14:23:47Z,88.0,Sense
2025-07-17T14:23:52Z,87.0,Sense
2025-07-17T14:24:02Z,86.0,Sense
2025-07-17T14:24:07Z,85.0,Sense
2025-07-17T14:24:17Z,86.0,Sense
2025-07-17T14:24:32Z,84.0,Sense
2025-07-17T14:24:37Z,84.0,Sense
2025-07-17T14:24:42Z,83.0,Sense
2025-07-17T14:24:47Z,82.0,Sense
2025-07-17T14:24:57Z,81.0,Sense
2025-07-17T14:25:02Z,83.0,Sense
2025-07-17T14:25:07Z,84.0,Sense
2025-07-17T14:25:17Z,86.0,Sense
2025-07-17T14:25:22Z,88.0,Sense
2025-07-17T14:25:32Z,87.0,Sense
2025-07-17T14:25:37Z,88.0,Sense
2025-07-17T14:25:42Z,89.0,Sense
2025-07-17T14:25:47Z,91.0,Sense
2025-07-17T14:25:52Z,90.0,Sense
2025-07-17T14:25:57Z,89.0,Sense
2025-07-17T14:26:02Z,88.0,Sense
2025-07-17T14:26:12Z,89.0,Sense
2025-07-17T14:26:17Z,88.0,Sense
2025-07-17T14:26:32Z,88.0,Sense
2025-07-17T14:26:37Z,89.0,Sense
2025-07-17T14:26:42Z,87.0,Sense
2025-07-17T14:26:47Z,88.0,Sense
2025-07-17T14:26:52Z,86.0,Sense
2025-07-17T14:26:57Z,87.0,Sense
2025-07-17T14:27:02Z,85.0,Sense
2025-07-17T14:27:07Z,88.0,Sense
2025-07-17T14:27:12Z,89.0,Sense
2025-07-17T14:27:27Z,89.0,Sense
2025-07-17T14:27:42Z,89.0,Sense
2025-07-17T14:27:47Z,90.0,Sense
2025-07-17T14:27:52Z,92.0,Sense
2025-07-17T14:28:07Z,95.0,Sense
2025-07-17T14:28:12Z,98.0,Sense
2025-07-17T14:28:27Z,98.0,Sense
2025-07-17T14:28:32Z,99.0,Sense
2025-07-17T14:28:37Z,98.0,Sense
2025-07-17T14:28:42Z,94.0,Sense
2025-07-17T14:28:47Z,90.0,Sense
2025-07-17T14:28:52Z,88.0,Sense
2025-07-17T14:28:57Z,93.0,Sense
2025-07-17T14:29:02Z,99.0,Sense
2025-07-17T14:29:07Z,100.0,Sense
2025-07-17T14:29:12Z,99.0,Sense
2025-07-17T14:29:17Z,96.0,Sense
2025-07-17T14:29:27Z,97.0,Sense
2025-07-17T14:29:32Z,96.0,Sense
2025-07-17T14:29:37Z,95.0,Sense
2025-07-17T14:29:47Z,97.0,Sense
2025-07-17T14:29:52Z,100.0,Sense
2025-07-17T14:29:57Z,99.0,Sense
2025-07-17T14:30:02Z,98.0,Sense
2025-07-17T14:30:07Z,99.0,Sense
2025-07-17T14:30:12Z,100.0,Sense
2025-07-17T14:30:17Z,101.0,Sense
2025-07-17T14:30:22Z,102.0,Sense
2025-07-17T14:30:27Z,101.0,Sense
2025-07-17T14:30:32Z,102.0,Sense
2025-07-17T14:30:37Z,98.0,Sense
2025-07-17T14:30:42Z,94.0,Sense
2025-07-17T14:30:47Z,89.0,Sense
2025-07-17T14:30:52Z,86.0,Sense
2025-07-17T14:30:57Z,85.0,Sense
2025-07-17T14:31:02Z,86.0,Sense
2025-07-17T14:31:12Z,84.0,Sense
2025-07-17T14:31:17Z,81.0,Sense
2025-07-17T14:31:22Z,80.0,Sense
2025-07-17T14:31:27Z,82.0,Sense
2025-07-17T14:31:32Z,84.0,Sense
2025-07-17T14:31:37Z,85.0,Sense
2025-07-17T14:31:42Z,84.0,Sense
2025-07-17T14:31:47Z,85.0,Sense
2025-07-17T14:31:52Z,86.0,Sense
2025-07-17T14:31:57Z,87.0,Sense
2025-07-17T14:32:02Z,86.0,Sense
2025-07-17T14:32:07Z,87.0,Sense
2025-07-17T14:32:22Z,87.0,Sense
2025-07-17T14:32:37Z,87.0,Sense
2025-07-17T14:32:42Z,88.0,Sense
2025-07-17T14:32:57Z,88.0,Sense
2025-07-17T14:33:12Z,88.0,Sense
2025-07-17T14:33:22Z,87.0,Sense
2025-07-17T14:33:27Z,88.0,Sense
2025-07-17T14:33:42Z,88.0,Sense
2025-07-17T14:33:57Z,87.0,Sense
2025-07-17T14:34:02Z,88.0,Sense
2025-07-17T14:34:17Z,88.0,Sense
2025-07-17T14:34:22Z,87.0,Sense
2025-07-17T14:34:32Z,86.0,Sense
2025-07-17T14:34:47Z,86.0,Sense
2025-07-17T14:34:57Z,85.0,Sense
2025-07-17T14:35:02Z,87.0,Sense
2025-07-17T14:35:07Z,89.0,Sense
2025-07-17T14:35:12Z,87.0,Sense
2025-07-17T14:35:27Z,89.0,Sense
2025-07-17T14:35:42Z,90.0,Sense
2025-07-17T14:35:52Z,91.0,Sense
2025-07-17T14:35:57Z,96.0,Sense
2025-07-17T14:36:02Z,96.0,Sense
2025-07-17T14:36:07Z,95.0,Sense
2025-07-17T14:36:17Z,96.0,Sense
2025-07-17T14:36:22Z,95.0,Sense
2025-07-17T14:36:27Z,93.0,Sense
2025-07-17T14:36:32Z,92.0,Sense
2025-07-17T14:36:37Z,91.0,Sense
2025-07-17T14:36:42Z,94.0,Sense
2025-07-17T14:36:47Z,89.0,Sense
2025-07-17T14:36:52Z,91.0,Sense
2025-07-17T14:36:57Z,92.0,Sense
2025-07-17T14:37:02Z,89.0,Sense
2025-07-17T14:37:07Z,87.0,Sense
2025-07-17T14:37:12Z,84.0,Sense
2025-07-17T14:37:17Z,84.0,Sense
2025-07-17T14:37:22Z,83.0,Sense
2025-07-17T14:37:27Z,84.0,Sense
2025-07-17T14:37:32Z,84.0,Sense
2025-07-17T14:37:37Z,85.0,Sense
2025-07-17T14:37:42Z,82.0,Sense
2025-07-17T14:37:47Z,82.0,Sense
2025-07-17T14:37:57Z,83.0,Sense
2025-07-17T14:38:12Z,84.0,Sense
2025-07-17T14:38:17Z,85.0,Sense
2025-07-17T14:38:22Z,88.0,Sense
2025-07-17T14:38:37Z,88.0,Sense
2025-07-17T14:38:42Z,84.0,Sense
2025-07-17T14:38:47Z,82.0,Sense
2025-07-17T14:38:57Z,82.0,Sense
2025-07-17T14:39:02Z,83.0,Sense
2025-07-17T14:39:07Z,84.0,Sense
2025-07-17T14:39:12Z,86.0,Sense
2025-07-17T14:39:17Z,87.0,Sense
2025-07-17T14:39:22Z,86.0,Sense
2025-07-17T14:39:27Z,84.0,Sense
2025-07-17T14:39:32Z,85.0,Sense
2025-07-17T14:39:37Z,86.0,Sense
2025-07-17T14:39:47Z,86.0,Sense
2025-07-17T14:39:52Z,87.0,Sense
2025-07-17T14:39:57Z,88.0,Sense
2025-07-17T14:40:12Z,88.0,Sense
2025-07-17T14:40:17Z,91.0,Sense
2025-07-17T14:40:22Z,90.0,Sense
2025-07-17T14:40:27Z,86.0,Sense
2025-07-17T14:40:32Z,83.0,Sense
2025-07-17T14:40:47Z,82.0,Sense
2025-07-17T14:41:02Z,83.0,Sense
2025-07-17T14:41:12Z,84.0,Sense
2025-07-17T14:41:17Z,90.0,Sense
2025-07-17T14:41:27Z,88.0,Sense
2025-07-17T14:41:32Z,87.0,Sense
2025-07-17T14:41:37Z,84.0,Sense
2025-07-17T14:41:47Z,85.0,Sense
2025-07-17T14:41:52Z,86.0,Sense
2025-07-17T14:41:57Z,87.0,Sense
2025-07-17T14:42:02Z,86.0,Sense
2025-07-17T14:42:07Z,84.0,Sense
2025-07-17T14:42:22Z,82.0,Sense
2025-07-17T14:42:32Z,83.0,Sense
2025-07-17T14:42:37Z,85.0,Sense
2025-07-17T14:42:42Z,88.0,Sense
2025-07-17T14:42:47Z,86.0,Sense
2025-07-17T14:42:52Z,85.0,Sense
2025-07-17T14:42:57Z,83.0,Sense
2025-07-17T14:43:02Z,83.0,Sense
2025-07-17T14:43:07Z,83.0,Sense
2025-07-17T14:43:12Z,84.0,Sense
2025-07-17T14:43:17Z,88.0,Sense
2025-07-17T14:43:22Z,91.0,Sense
2025-07-17T14:43:27Z,88.0,Sense
2025-07-17T14:43:42Z,90.0,Sense
2025-07-17T14:43:47Z,89.0,Sense
2025-07-17T14:43:52Z,87.0,Sense
2025-07-17T14:43:57Z,84.0,Sense
2025-07-17T14:44:07Z,86.0,Sense
2025-07-17T14:44:12Z,89.0,Sense
2025-07-17T14:44:17Z,90.0,Sense
2025-07-17T14:44:22Z,86.0,Sense
2025-07-17T14:44:27Z,85.0,Sense
2025-07-17T14:44:37Z,84.0,Sense
2025-07-17T14:44:42Z,82.0,Sense
2025-07-17T14:44:52Z,84.0,Sense
2025-07-17T14:44:57Z,83.0,Sense
2025-07-17T14:45:07Z,87.0,Sense
2025-07-17T14:45:12Z,88.0,Sense
2025-07-17T14:45:17Z,87.0,Sense
2025-07-17T14:45:22Z,86.0,Sense
2025-07-17T14:45:27Z,87.0,Sense
2025-07-17T14:45:32Z,86.0,Sense
2025-07-17T14:45:37Z,85.0,Sense
2025-07-17T14:45:42Z,86.0,Sense
2025-07-17T14:45:47Z,84.0,Sense
2025-07-17T14:45:52Z,83.0,Sense
2025-07-17T14:46:02Z,84.0,Sense
2025-07-17T14:46:07Z,86.0,Sense
2025-07-17T14:46:12Z,87.0,Sense
2025-07-17T14:46:17Z,89.0,Sense
2025-07-17T14:46:22Z,86.0,Sense
2025-07-17T14:46:27Z,88.0,Sense
2025-07-17T14:46:37Z,91.0,Sense
2025-07-17T14:46:42Z,92.0,Sense
2025-07-17T14:46:47Z,93.0,Sense
2025-07-17T14:47:02Z,89.0,Sense
2025-07-17T14:47:07Z,87.0,Sense
2025-07-17T14:47:12Z,85.0,Sense
2025-07-17T14:47:17Z,86.0,Sense
2025-07-17T14:47:22Z,85.0,Sense
2025-07-17T14:47:27Z,86.0,Sense
2025-07-17T14:47:32Z,85.0,Sense
2025-07-17T14:47:42Z,84.0,Sense
2025-07-17T14:47:47Z,82.0,Sense
2025-07-17T14:47:52Z,84.0,Sense
2025-07-17T14:47:57Z,86.0,Sense
2025-07-17T14:48:07Z,87.0,Sense
2025-07-17T14:48:17Z,89.0,Sense
2025-07-17T14:48:22Z,89.0,Sense
2025-07-17T14:48:32Z,90.0,Sense
2025-07-17T14:48:37Z,89.0,Sense
2025-07-17T14:48:47Z,92.0,Sense
2025-07-17T14:48:52Z,89.0,Sense
2025-07-17T14:48:57Z,85.0,Sense
2025-07-17T14:49:02Z,84.0,Sense
2025-07-17T14:49:07Z,83.0,Sense
2025-07-17T14:49:22Z,84.0,Sense
2025-07-17T14:49:27Z,85.0,Sense
2025-07-17T14:49:32Z,84.0,Sense
2025-07-17T14:49:49Z,84.0,Sense
2025-07-17T14:49:59Z,82.0,Sense
2025-07-17T14:50:14Z,82.0,Sense
2025-07-17T14:50:19Z,83.0,Sense
2025-07-17T14:50:24Z,84.0,Sense
2025-07-17T14:50:34Z,83.0,Sense
2025-07-17T14:50:39Z,80.0,Sense
2025-07-17T14:50:44Z,81.0,Sense
2025-07-17T14:50:49Z,84.0,Sense
2025-07-17T14:50:54Z,83.0,Sense
2025-07-17T14:50:59Z,84.0,Sense
2025-07-17T14:51:04Z,81.0,Sense
2025-07-17T14:51:14Z,82.0,Sense
2025-07-17T14:51:24Z,82.0,Sense
2025-07-17T14:51:29Z,85.0,Sense
2025-07-17T14:51:34Z,88.0,Sense
2025-07-17T14:51:44Z,86.0,Sense
2025-07-17T14:51:49Z,85.0,Sense
2025-07-17T14:51:59Z,85.0,Sense
2025-07-17T14:52:04Z,84.0,Sense
2025-07-17T14:52:09Z,83.0,Sense
2025-07-17T14:52:24Z,83.0,Sense
2025-07-17T14:52:39Z,83.0,Sense
2025-07-17T14:52:54Z,83.0,Sense
2025-07-17T14:52:59Z,85.0,Sense
2025-07-17T14:53:09Z,85.0,Sense
2025-07-17T14:53:14Z,86.0,Sense
2025-07-17T14:53:19Z,87.0,Sense
2025-07-17T14:53:29Z,86.0,Sense
2025-07-17T14:53:44Z,85.0,Sense
2025-07-17T14:53:49Z,84.0,Sense
2025-07-17T14:53:54Z,84.0,Sense
2025-07-17T14:53:59Z,86.0,Sense
2025-07-17T14:54:04Z,86.0,Sense
2025-07-17T14:54:09Z,87.0,Sense
2025-07-17T14:54:24Z,86.0,Sense
2025-07-17T14:54:39Z,86.0,Sense
2025-07-17T14:54:44Z,86.0,Sense
2025-07-17T14:54:59Z,86.0,Sense
2025-07-17T14:55:04Z,85.0,Sense
2025-07-17T14:55:14Z,88.0,Sense
2025-07-17T14:55:19Z,89.0,Sense
2025-07-17T14:55:24Z,87.0,Sense
2025-07-17T14:55:29Z,83.0,Sense
2025-07-17T14:55:34Z,85.0,Sense
2025-07-17T14:55:39Z,86.0,Sense
2025-07-17T14:55:44Z,88.0,Sense
2025-07-17T14:55:49Z,85.0,Sense
2025-07-17T14:55:54Z,86.0,Sense
2025-07-17T14:55:59Z,88.0,Sense
2025-07-17T14:56:04Z,87.0,Sense
2025-07-17T14:56:09Z,84.0,Sense
2025-07-17T14:56:14Z,83.0,Sense
2025-07-17T14:56:19Z,82.0,Sense
2025-07-17T14:56:24Z,82.0,Sense
2025-07-17T14:56:34Z,80.0,Sense
2025-07-17T14:56:39Z,79.0,Sense
2025-07-17T14:56:44Z,79.0,Sense
2025-07-17T14:56:49Z,80.0,Sense
2025-07-17T14:57:04Z,81.0,Sense
2025-07-17T14:57:09Z,82.0,Sense
2025-07-17T14:57:14Z,84.0,Sense
2025-07-17T14:57:19Z,86.0,Sense
2025-07-17T14:57:24Z,86.0,Sense
2025-07-17T14:57:29Z,89.0,Sense
2025-07-17T14:57:34Z,90.0,Sense
2025-07-17T14:57:39Z,91.0,Sense
2025-07-17T14:57:44Z,88.0,Sense
2025-07-17T14:57:59Z,88.0,Sense
2025-07-17T14:58:04Z,86.0,Sense
2025-07-17T14:58:09Z,85.0,Sense
2025-07-17T14:58:14Z,84.0,Sense
2025-07-17T14:58:29Z,83.0,Sense
2025-07-17T14:58:44Z,82.0,Sense
2025-07-17T14:58:49Z,81.0,Sense
2025-07-17T14:58:59Z,80.0,Sense
2025-07-17T14:59:04Z,78.0,Sense
2025-07-17T14:59:09Z,78.0,Sense
2025-07-17T14:59:14Z,77.0,Sense
2025-07-17T14:59:19Z,78.0,Sense
2025-07-17T14:59:24Z,80.0,Sense
2025-07-17T14:59:29Z,80.0,Sense
2025-07-17T14:59:39Z,81.0,Sense
2025-07-17T14:59:44Z,82.0,Sense
2025-07-17T14:59:49Z,82.0,Sense
2025-07-17T14:59:59Z,85.0,Sense
2025-07-17T15:00:09Z,85.0,Sense
2025-07-17T15:00:14Z,84.0,Sense
2025-07-17T15:00:29Z,84.0,Sense
2025-07-17T15:00:39Z,83.0,Sense
2025-07-17T15:00:44Z,83.0,Sense
2025-07-17T15:00:59Z,83.0,Sense
2025-07-17T15:01:09Z,84.0,Sense
2025-07-17T15:01:14Z,85.0,Sense
2025-07-17T15:01:19Z,87.0,Sense
2025-07-17T15:01:24Z,88.0,Sense
2025-07-17T15:01:34Z,85.0,Sense
2025-07-17T15:01:44Z,86.0,Sense
2025-07-17T15:01:49Z,84.0,Sense
2025-07-17T15:01:54Z,83.0,Sense
2025-07-17T15:01:59Z,83.0,Sense
2025-07-17T15:02:04Z,83.0,Sense
2025-07-17T15:02:09Z,84.0,Sense
2025-07-17T15:02:14Z,85.0,Sense
2025-07-17T15:02:24Z,87.0,Sense
2025-07-17T15:02:34Z,86.0,Sense
2025-07-17T15:02:39Z,85.0,Sense
2025-07-17T15:02:49Z,83.0,Sense
2025-07-17T15:02:54Z,83.0,Sense
2025-07-17T15:03:09Z,83.0,Sense
2025-07-17T15:03:14Z,82.0,Sense
2025-07-17T15:03:29Z,81.0,Sense
2025-07-17T15:03:34Z,83.0,Sense
2025-07-17T15:03:39Z,86.0,Sense
2025-07-17T15:03:44Z,84.0,Sense
2025-07-17T15:03:59Z,84.0,Sense
2025-07-17T15:04:09Z,88.0,Sense
2025-07-17T15:04:14Z,91.0,Sense
2025-07-17T15:04:19Z,89.0,Sense
2025-07-17T15:04:34Z,89.0,Sense
2025-07-17T15:04:39Z,90.0,Sense
2025-07-17T15:04:44Z,89.0,Sense
2025-07-17T15:04:49Z,88.0,Sense
2025-07-17T15:04:54Z,87.0,Sense
2025-07-17T15:04:59Z,86.0,Sense
2025-07-17T15:05:04Z,86.0,Sense
2025-07-17T15:05:09Z,85.0,Sense
2025-07-17T15:05:19Z,84.0,Sense
2025-07-17T15:05:24Z,82.0,Sense
2025-07-17T15:05:39Z,82.0,Sense
2025-07-17T15:05:49Z,82.0,Sense
2025-07-17T15:05:54Z,82.0,Sense
2025-07-17T15:06:04Z,81.0,Sense
2025-07-17T15:06:09Z,81.0,Sense
2025-07-17T15:06:14Z,83.0,Sense
2025-07-17T15:06:19Z,81.0,Sense
2025-07-17T15:06:24Z,82.0,Sense
2025-07-17T15:06:29Z,81.0,Sense
2025-07-17T15:06:34Z,82.0,Sense
2025-07-17T15:06:39Z,85.0,Sense
2025-07-17T15:06:44Z,84.0,Sense
2025-07-17T15:06:49Z,83.0,Sense
2025-07-17T15:06:54Z,84.0,Sense
2025-07-17T15:06:59Z,83.0,Sense
2025-07-17T15:07:04Z,82.0,Sense
2025-07-17T15:07:09Z,81.0,Sense
2025-07-17T15:07:14Z,80.0,Sense
2025-07-17T15:07:19Z,81.0,Sense
2025-07-17T15:07:29Z,81.0,Sense
2025-07-17T15:07:34Z,81.0,Sense
2025-07-17T15:07:39Z,81.0,Sense
2025-07-17T15:07:44Z,82.0,Sense
2025-07-17T15:07:49Z,86.0,Sense
2025-07-17T15:07:54Z,89.0,Sense
2025-07-17T15:07:59Z,91.0,Sense
2025-07-17T15:08:04Z,95.0,Sense
2025-07-17T15:08:09Z,96.0,Sense
2025-07-17T15:08:14Z,94.0,Sense
2025-07-17T15:08:24Z,93.0,Sense
2025-07-17T15:08:29Z,86.0,Sense
2025-07-17T15:08:34Z,86.0,Sense
2025-07-17T15:08:39Z,84.0,Sense
2025-07-17T15:08:44Z,83.0,Sense
2025-07-17T15:08:49Z,82.0,Sense
2025-07-17T15:08:54Z,81.0,Sense
2025-07-17T15:08:59Z,77.0,Sense
2025-07-17T15:09:14Z,77.0,Sense
2025-07-17T15:09:19Z,77.0,Sense
2025-07-17T15:09:24Z,77.0,Sense
2025-07-17T15:09:29Z,77.0,Sense
2025-07-17T15:09:34Z,79.0,Sense
2025-07-17T15:09:39Z,82.0,Sense
2025-07-17T15:09:54Z,83.0,Sense
2025-07-17T15:09:59Z,83.0,Sense
2025-07-17T15:10:04Z,83.0,Sense
2025-07-17T15:10:09Z,85.0,Sense
2025-07-17T15:10:14Z,87.0,Sense
2025-07-17T15:10:29Z,86.0,Sense
2025-07-17T15:10:34Z,86.0,Sense
2025-07-17T15:10:44Z,86.0,Sense
2025-07-17T15:10:59Z,86.0,Sense
2025-07-17T15:11:09Z,87.0,Sense
2025-07-17T15:11:14Z,85.0,Sense
2025-07-17T15:11:24Z,83.0,Sense
2025-07-17T15:11:29Z,82.0,Sense
2025-07-17T15:11:34Z,82.0,Sense
2025-07-17T15:11:39Z,82.0,Sense
2025-07-17T15:11:54Z,82.0,Sense
2025-07-17T15:11:59Z,82.0,Sense
2025-07-17T15:12:04Z,82.0,Sense
2025-07-17T15:12:09Z,82.0,Sense
2025-07-17T15:12:14Z,80.0,Sense
2025-07-17T15:12:19Z,79.0,Sense
2025-07-17T15:12:24Z,78.0,Sense
2025-07-17T15:12:34Z,82.0,Sense
2025-07-17T15:12:39Z,89.0,Sense
2025-07-17T15:12:49Z,85.0,Sense
2025-07-17T15:12:54Z,83.0,Sense
2025-07-17T15:12:59Z,78.0,Sense
2025-07-17T15:13:04Z,77.0,Sense
2025-07-17T15:13:09Z,76.0,Sense
2025-07-17T15:13:14Z,75.0,Sense
2025-07-17T15:13:19Z,79.0,Sense
2025-07-17T15:13:24Z,82.0,Sense
2025-07-17T15:13:29Z,79.0,Sense
2025-07-17T15:13:34Z,77.0,Sense
2025-07-17T15:13:39Z,77.0,Sense
2025-07-17T15:13:44Z,79.0,Sense
2025-07-17T15:13:49Z,81.0,Sense
2025-07-17T15:13:54Z,82.0,Sense
2025-07-17T15:14:04Z,82.0,Sense
2025-07-17T15:14:09Z,84.0,Sense
2025-07-17T15:14:14Z,85.0,Sense
2025-07-17T15:14:19Z,84.0,Sense
2025-07-17T15:14:29Z,86.0,Sense
2025-07-17T15:14:39Z,85.0,Sense
2025-07-17T15:14:44Z,84.0,Sense
2025-07-17T15:14:59Z,84.0,Sense
2025-07-17T15:15:09Z,85.0,Sense
2025-07-17T15:15:19Z,85.0,Sense
2025-07-17T15:15:24Z,86.0,Sense
2025-07-17T15:15:29Z,87.0,Sense
2025-07-17T15:15:34Z,88.0,Sense
2025-07-17T15:15:49Z,87.0,Sense
2025-07-17T15:16:04Z,86.0,Sense
2025-07-17T15:16:09Z,88.0,Sense
2025-07-17T15:16:14Z,87.0,Sense
2025-07-17T15:16:19Z,86.0,Sense
2025-07-17T15:16:29Z,85.0,Sense
2025-07-17T15:16:34Z,84.0,Sense
2025-07-17T15:16:49Z,84.0,Sense
2025-07-17T15:16:54Z,83.0,Sense
2025-07-17T15:16:59Z,83.0,Sense
2025-07-17T15:17:04Z,82.0,Sense
2025-07-17T15:17:14Z,83.0,Sense
2025-07-17T15:17:24Z,84.0,Sense
2025-07-17T15:17:29Z,86.0,Sense
2025-07-17T15:17:34Z,85.0,Sense
2025-07-17T15:17:39Z,84.0,Sense
2025-07-17T15:17:44Z,83.0,Sense
2025-07-17T15:17:49Z,81.0,Sense
2025-07-17T15:17:54Z,80.0,Sense
2025-07-17T15:18:04Z,80.0,Sense
2025-07-17T15:18:09Z,80.0,Sense
2025-07-17T15:18:14Z,79.0,Sense
2025-07-17T15:18:24Z,79.0,Sense
2025-07-17T15:18:29Z,82.0,Sense
2025-07-17T15:18:34Z,83.0,Sense
2025-07-17T15:18:39Z,82.0,Sense
2025-07-17T15:18:44Z,81.0,Sense
2025-07-17T15:18:49Z,84.0,Sense
2025-07-17T15:18:54Z,87.0,Sense
2025-07-17T15:19:04Z,85.0,Sense
2025-07-17T15:19:19Z,85.0,Sense
2025-07-17T15:19:34Z,85.0,Sense
2025-07-17T15:19:49Z,85.0,Sense
2025-07-17T15:19:59Z,84.0,Sense
2025-07-17T15:20:04Z,85.0,Sense
2025-07-17T15:20:14Z,86.0,Sense
2025-07-17T15:20:19Z,87.0,Sense
2025-07-17T15:20:24Z,87.0,Sense
2025-07-17T15:20:29Z,85.0,Sense
2025-07-17T15:20:34Z,84.0,Sense
2025-07-17T15:20:39Z,86.0,Sense
2025-07-17T15:20:49Z,87.0,Sense
2025-07-17T15:20:59Z,87.0,Sense
2025-07-17T15:21:09Z,88.0,Sense
2025-07-17T15:21:14Z,89.0,Sense
2025-07-17T15:21:29Z,88.0,Sense
2025-07-17T15:21:34Z,86.0,Sense
2025-07-17T15:21:39Z,84.0,Sense
2025-07-17T15:21:54Z,83.0,Sense
2025-07-17T15:21:59Z,83.0,Sense
2025-07-17T15:22:09Z,83.0,Sense
2025-07-17T15:22:14Z,84.0,Sense
2025-07-17T15:22:19Z,85.0,Sense
2025-07-17T15:22:34Z,85.0,Sense
2025-07-17T15:22:39Z,85.0,Sense
2025-07-17T15:22:44Z,83.0,Sense
2025-07-17T15:22:49Z,80.0,Sense
2025-07-17T15:22:54Z,79.0,Sense
2025-07-17T15:23:04Z,80.0,Sense
2025-07-17T15:23:14Z,81.0,Sense
2025-07-17T15:23:19Z,82.0,Sense
2025-07-17T15:23:34Z,82.0,Sense
2025-07-17T15:23:44Z,81.0,Sense
2025-07-17T15:23:49Z,82.0,Sense
2025-07-17T15:23:54Z,81.0,Sense
2025-07-17T15:24:09Z,81.0,Sense
2025-07-17T15:24:19Z,81.0,Sense
2025-07-17T15:24:24Z,80.0,Sense
2025-07-17T15:24:34Z,79.0,Sense
2025-07-17T15:24:44Z,80.0,Sense
2025-07-17T15:24:49Z,79.0,Sense
2025-07-17T15:24:59Z,78.0,Sense
2025-07-17T15:25:04Z,79.0,Sense
2025-07-17T15:25:09Z,78.0,Sense
2025-07-17T15:25:14Z,77.0,Sense
2025-07-17T15:25:19Z,77.0,Sense
2025-07-17T15:25:24Z,77.0,Sense
2025-07-17T15:25:29Z,78.0,Sense
2025-07-17T15:25:39Z,79.0,Sense
2025-07-17T15:25:44Z,80.0,Sense
2025-07-17T15:25:49Z,83.0,Sense
2025-07-17T15:25:54Z,81.0,Sense
2025-07-17T15:25:59Z,80.0,Sense
2025-07-17T15:26:09Z,81.0,Sense
2025-07-17T15:26:14Z,82.0,Sense
2025-07-17T15:26:19Z,83.0,Sense
2025-07-17T15:26:24Z,86.0,Sense
2025-07-17T15:26:29Z,90.0,Sense
2025-07-17T15:26:34Z,91.0,Sense
2025-07-17T15:26:44Z,89.0,Sense
2025-07-17T15:26:49Z,86.0,Sense
2025-07-17T15:26:54Z,84.0,Sense
2025-07-17T15:27:04Z,83.0,Sense
2025-07-17T15:27:15Z,83.0,Sense
2025-07-17T15:27:20Z,83.0,Sense
2025-07-17T15:27:30Z,84.0,Sense
2025-07-17T15:27:35Z,85.0,Sense
2025-07-17T15:27:50Z,86.0,Sense
2025-07-17T15:28:05Z,85.0,Sense
2025-07-17T15:28:15Z,84.0,Sense
2025-07-17T15:28:25Z,83.0,Sense
2025-07-17T15:28:35Z,82.0,Sense
2025-07-17T15:28:40Z,82.0,Sense
2025-07-17T15:28:45Z,82.0,Sense
2025-07-17T15:29:00Z,82.0,Sense
2025-07-17T15:29:10Z,81.0,Sense
2025-07-17T15:29:15Z,78.0,Sense
2025-07-17T15:29:20Z,80.0,Sense
2025-07-17T15:29:25Z,80.0,Sense
2025-07-17T15:29:30Z,79.0,Sense
2025-07-17T15:29:35Z,78.0,Sense
2025-07-17T15:29:40Z,81.0,Sense
2025-07-17T15:29:45Z,83.0,Sense
2025-07-17T15:29:50Z,90.0,Sense
2025-07-17T15:30:00Z,86.0,Sense
2025-07-17T15:30:05Z,85.0,Sense
2025-07-17T15:30:10Z,81.0,Sense
2025-07-17T15:30:15Z,79.0,Sense
2025-07-17T15:30:20Z,80.0,Sense
2025-07-17T15:30:25Z,81.0,Sense
2025-07-17T15:30:30Z,81.0,Sense
2025-07-17T15:30:35Z,83.0,Sense
2025-07-17T15:30:40Z,89.0,Sense
2025-07-17T15:30:50Z,87.0,Sense
2025-07-17T15:30:55Z,88.0,Sense
2025-07-17T15:31:00Z,83.0,Sense
2025-07-17T15:31:05Z,80.0,Sense
2025-07-17T15:31:10Z,78.0,Sense
2025-07-17T15:31:15Z,79.0,Sense
2025-07-17T15:31:20Z,78.0,Sense
2025-07-17T15:31:25Z,77.0,Sense
2025-07-17T15:31:35Z,79.0,Sense
2025-07-17T15:31:40Z,80.0,Sense
2025-07-17T15:31:50Z,81.0,Sense
2025-07-17T15:31:55Z,80.0,Sense
2025-07-17T15:32:05Z,81.0,Sense
2025-07-17T15:32:15Z,80.0,Sense
2025-07-17T15:32:25Z,81.0,Sense
2025-07-17T15:32:30Z,83.0,Sense
2025-07-17T15:32:35Z,82.0,Sense
2025-07-17T15:32:40Z,81.0,Sense
2025-07-17T15:32:45Z,82.0,Sense
2025-07-17T15:32:50Z,82.0,Sense
2025-07-17T15:33:05Z,82.0,Sense
2025-07-17T15:33:10Z,80.0,Sense
2025-07-17T15:33:15Z,77.0,Sense
2025-07-17T15:33:20Z,77.0,Sense
2025-07-17T15:33:25Z,76.0,Sense
2025-07-17T15:33:40Z,77.0,Sense
2025-07-17T15:33:45Z,76.0,Sense
2025-07-17T15:33:50Z,76.0,Sense
2025-07-17T15:33:55Z,76.0,Sense
2025-07-17T15:34:05Z,77.0,Sense
2025-07-17T15:34:10Z,78.0,Sense
2025-07-17T15:34:15Z,79.0,Sense
2025-07-17T15:34:20Z,80.0,Sense
2025-07-17T15:34:30Z,82.0,Sense
2025-07-17T15:34:40Z,81.0,Sense
2025-07-17T15:34:45Z,82.0,Sense
2025-07-17T15:34:55Z,82.0,Sense
2025-07-17T15:35:05Z,83.0,Sense
2025-07-17T15:35:15Z,83.0,Sense
2025-07-17T15:35:20Z,85.0,Sense
2025-07-17T15:35:25Z,91.0,Sense
2025-07-17T15:35:30Z,90.0,Sense
2025-07-17T15:35:35Z,86.0,Sense
2025-07-17T15:35:40Z,84.0,Sense
2025-07-17T15:35:50Z,84.0,Sense
2025-07-17T15:35:57Z,85.0,Sense
2025-07-17T15:36:02Z,84.0,Sense
2025-07-17T15:36:07Z,83.0,Sense
2025-07-17T15:36:12Z,82.0,Sense
2025-07-17T15:36:17Z,81.0,Sense
2025-07-17T15:36:22Z,81.0,Sense
2025-07-17T15:36:37Z,81.0,Sense
2025-07-17T15:36:42Z,82.0,Sense
2025-07-17T15:36:47Z,84.0,Sense
2025-07-17T15:36:52Z,85.0,Sense
2025-07-17T15:36:57Z,86.0,Sense
2025-07-17T15:37:02Z,89.0,Sense
2025-07-17T15:37:07Z,87.0,Sense
2025-07-17T15:37:12Z,84.0,Sense
2025-07-17T15:37:17Z,85.0,Sense
2025-07-17T15:37:22Z,86.0,Sense
2025-07-17T15:37:27Z,87.0,Sense
2025-07-17T15:37:32Z,89.0,Sense
2025-07-17T15:37:37Z,91.0,Sense
2025-07-17T15:37:42Z,94.0,Sense
2025-07-17T15:37:52Z,95.0,Sense
2025-07-17T15:37:57Z,97.0,Sense
2025-07-17T15:38:02Z,102.0,Sense
2025-07-17T15:38:07Z,99.0,Sense
2025-07-17T15:38:12Z,95.0,Sense
2025-07-17T15:38:17Z,91.0,Sense
2025-07-17T15:38:22Z,90.0,Sense
2025-07-17T15:38:27Z,90.0,Sense
2025-07-17T15:38:32Z,89.0,Sense
2025-07-17T15:38:37Z,88.0,Sense
2025-07-17T15:38:47Z,90.0,Sense
2025-07-17T15:38:52Z,94.0,Sense
2025-07-17T15:38:57Z,91.0,Sense
2025-07-17T15:39:02Z,93.0,Sense
2025-07-17T15:39:07Z,92.0,Sense
2025-07-17T15:39:12Z,91.0,Sense
2025-07-17T15:39:17Z,92.0,Sense
2025-07-17T15:39:32Z,93.0,Sense
2025-07-17T15:39:37Z,98.0,Sense
2025-07-17T15:39:42Z,99.0,Sense
2025-07-17T15:39:47Z,101.0,Sense
2025-07-17T15:39:52Z,98.0,Sense
2025-07-17T15:39:57Z,96.0,Sense
2025-07-17T15:40:02Z,95.0,Sense
2025-07-17T15:40:07Z,99.0,Sense
2025-07-17T15:40:17Z,100.0,Sense
2025-07-17T15:40:22Z,96.0,Sense
2025-07-17T15:40:27Z,94.0,Sense
2025-07-17T15:40:32Z,88.0,Sense
2025-07-17T15:40:37Z,86.0,Sense
2025-07-17T15:40:42Z,83.0,Sense
2025-07-17T15:40:52Z,84.0,Sense
2025-07-17T15:40:57Z,86.0,Sense
2025-07-17T15:41:02Z,87.0,Sense
2025-07-17T15:41:07Z,89.0,Sense
2025-07-17T15:41:12Z,91.0,Sense
2025-07-17T15:41:17Z,96.0,Sense
2025-07-17T15:41:22Z,94.0,Sense
2025-07-17T15:41:27Z,95.0,Sense
2025-07-17T15:41:32Z,94.0,Sense
2025-07-17T15:41:37Z,96.0,Sense
2025-07-17T15:41:42Z,98.0,Sense
2025-07-17T15:41:47Z,97.0,Sense
2025-07-17T15:41:57Z,95.0,Sense
2025-07-17T15:42:02Z,94.0,Sense
2025-07-17T15:42:12Z,93.0,Sense
2025-07-17T15:42:22Z,92.0,Sense
2025-07-17T15:42:27Z,93.0,Sense
2025-07-17T15:42:32Z,91.0,Sense
2025-07-17T15:42:47Z,91.0,Sense
2025-07-17T15:43:02Z,91.0,Sense
2025-07-17T15:43:17Z,91.0,Sense
2025-07-17T15:43:22Z,90.0,Sense
2025-07-17T15:43:27Z,89.0,Sense
2025-07-17T15:43:42Z,90.0,Sense
2025-07-17T15:43:52Z,88.0,Sense
2025-07-17T15:44:02Z,87.0,Sense
2025-07-17T15:44:12Z,89.0,Sense
2025-07-17T15:44:17Z,90.0,Sense
2025-07-17T15:44:32Z,89.0,Sense
2025-07-17T15:44:47Z,88.0,Sense
2025-07-17T15:44:52Z,88.0,Sense
2025-07-17T15:45:02Z,90.0,Sense
2025-07-17T15:45:07Z,92.0,Sense
2025-07-17T15:45:12Z,93.0,Sense
2025-07-17T15:45:17Z,91.0,Sense
2025-07-17T15:45:27Z,90.0,Sense
2025-07-17T15:45:32Z,91.0,Sense
2025-07-17T15:45:37Z,92.0,Sense
2025-07-17T15:45:42Z,93.0,Sense
2025-07-17T15:45:47Z,94.0,Sense
2025-07-17T15:46:02Z,96.0,Sense
2025-07-17T15:46:12Z,94.0,Sense
2025-07-17T15:46:17Z,93.0,Sense
2025-07-17T15:46:22Z,92.0,Sense
2025-07-17T15:46:37Z,92.0,Sense
2025-07-17T15:46:47Z,94.0,Sense
2025-07-17T15:46:52Z,95.0,Sense
2025-07-17T15:46:57Z,94.0,Sense
2025-07-17T15:47:07Z,94.0,Sense
2025-07-17T15:47:12Z,94.0,Sense
2025-07-17T15:47:22Z,95.0,Sense
2025-07-17T15:47:32Z,93.0,Sense
2025-07-17T15:47:47Z,90.0,Sense
2025-07-17T15:47:52Z,88.0,Sense
2025-07-17T15:47:57Z,87.0,Sense
2025-07-17T15:48:02Z,86.0,Sense
2025-07-17T15:48:12Z,87.0,Sense
2025-07-17T15:48:17Z,88.0,Sense
2025-07-17T15:48:22Z,91.0,Sense
2025-07-17T15:48:27Z,88.0,Sense
2025-07-17T15:48:42Z,88.0,Sense
2025-07-17T15:48:57Z,88.0,Sense
2025-07-17T15:49:07Z,86.0,Sense
2025-07-17T15:49:12Z,88.0,Sense
2025-07-17T15:49:17Z,89.0,Sense
2025-07-17T15:49:27Z,91.0,Sense
2025-07-17T15:49:37Z,93.0,Sense
2025-07-17T15:49:47Z,92.0,Sense
2025-07-17T15:49:52Z,91.0,Sense
2025-07-17T15:49:57Z,90.0,Sense
2025-07-17T15:50:07Z,91.0,Sense
2025-07-17T15:50:12Z,92.0,Sense
2025-07-17T15:50:27Z,92.0,Sense
2025-07-17T15:50:32Z,93.0,Sense
2025-07-17T15:50:37Z,91.0,Sense
2025-07-17T15:50:47Z,90.0,Sense
2025-07-17T15:51:02Z,90.0,Sense
2025-07-17T15:51:07Z,89.0,Sense
2025-07-17T15:51:12Z,90.0,Sense
2025-07-17T15:51:22Z,91.0,Sense
2025-07-17T15:51:37Z,92.0,Sense
2025-07-17T15:51:52Z,92.0,Sense
2025-07-17T15:51:57Z,91.0,Sense
2025-07-17T15:52:02Z,91.0,Sense
2025-07-17T15:52:07Z,91.0,Sense
2025-07-17T15:52:12Z,92.0,Sense
2025-07-17T15:52:17Z,91.0,Sense
2025-07-17T15:52:22Z,93.0,Sense
2025-07-17T15:52:37Z,94.0,Sense
2025-07-17T15:52:42Z,93.0,Sense
2025-07-17T15:52:47Z,92.0,Sense
2025-07-17T15:52:52Z,91.0,Sense
2025-07-17T15:52:57Z,94.0,Sense
2025-07-17T15:53:02Z,91.0,Sense
2025-07-17T15:53:12Z,92.0,Sense
2025-07-17T15:53:17Z,93.0,Sense
2025-07-17T15:53:22Z,94.0,Sense
2025-07-17T15:53:32Z,92.0,Sense
2025-07-17T15:53:37Z,91.0,Sense
2025-07-17T15:53:47Z,90.0,Sense
2025-07-17T15:53:57Z,91.0,Sense
2025-07-17T15:54:02Z,92.0,Sense
2025-07-17T15:54:12Z,93.0,Sense
2025-07-17T15:54:17Z,94.0,Sense
2025-07-17T15:54:22Z,93.0,Sense
2025-07-17T15:54:37Z,94.0,Sense
2025-07-17T15:54:42Z,92.0,Sense
2025-07-17T15:54:47Z,93.0,Sense
2025-07-17T15:54:52Z,92.0,Sense
2025-07-17T15:54:57Z,93.0,Sense
2025-07-17T15:55:02Z,92.0,Sense
2025-07-17T15:55:07Z,91.0,Sense
2025-07-17T15:55:12Z,92.0,Sense
2025-07-17T15:55:27Z,92.0,Sense
2025-07-17T15:55:32Z,90.0,Sense
2025-07-17T15:55:37Z,93.0,Sense
2025-07-17T15:55:42Z,90.0,Sense
2025-07-17T15:55:47Z,92.0,Sense
2025-07-17T15:55:52Z,91.0,Sense
2025-07-17T15:55:57Z,93.0,Sense
2025-07-17T15:56:02Z,95.0,Sense
2025-07-17T15:56:17Z,95.0,Sense
2025-07-17T15:56:27Z,96.0,Sense
2025-07-17T15:56:32Z,95.0,Sense
2025-07-17T15:56:37Z,94.0,Sense
2025-07-17T15:56:42Z,92.0,Sense
2025-07-17T15:56:52Z,93.0,Sense
2025-07-17T15:56:57Z,94.0,Sense
2025-07-17T15:57:12Z,95.0,Sense
2025-07-17T15:57:17Z,96.0,Sense
2025-07-17T15:57:27Z,98.0,Sense
2025-07-17T15:57:37Z,99.0,Sense
2025-07-17T15:57:42Z,98.0,Sense
2025-07-17T15:57:47Z,99.0,Sense
2025-07-17T15:58:02Z,99.0,Sense
2025-07-17T15:58:12Z,100.0,Sense
2025-07-17T15:58:17Z,102.0,Sense
2025-07-17T15:58:32Z,103.0,Sense
2025-07-17T15:58:37Z,104.0,Sense
2025-07-17T15:58:42Z,103.0,Sense
2025-07-17T15:58:47Z,100.0,Sense
2025-07-17T15:58:57Z,101.0,Sense
2025-07-17T15:59:07Z,99.0,Sense
2025-07-17T15:59:17Z,98.0,Sense
2025-07-17T15:59:22Z,97.0,Sense
2025-07-17T15:59:27Z,98.0,Sense
2025-07-17T15:59:32Z,95.0,Sense
2025-07-17T15:59:37Z,94.0,Sense
2025-07-17T15:59:42Z,93.0,Sense
2025-07-17T15:59:52Z,94.0,Sense
2025-07-17T15:59:57Z,96.0,Sense
2025-07-17T16:00:07Z,98.0,Sense
2025-07-17T16:00:12Z,99.0,Sense
2025-07-17T16:00:22Z,100.0,Sense
2025-07-17T16:00:32Z,101.0,Sense
2025-07-17T16:00:42Z,100.0,Sense
2025-07-17T16:00:47Z,99.0,Sense
2025-07-17T16:00:52Z,102.0,Sense
2025-07-17T16:00:57Z,103.0,Sense
2025-07-17T16:01:02Z,105.0,Sense
2025-07-17T16:01:07Z,104.0,Sense
2025-07-17T16:01:17Z,102.0,Sense
2025-07-17T16:01:32Z,102.0,Sense
2025-07-17T16:01:42Z,103.0,Sense
2025-07-17T16:01:52Z,105.0,Sense
2025-07-17T16:01:57Z,105.0,Sense
2025-07-17T16:02:02Z,103.0,Sense
2025-07-17T16:02:07Z,105.0,Sense
2025-07-17T16:02:22Z,107.0,Sense
2025-07-17T16:02:32Z,106.0,Sense
2025-07-17T16:02:47Z,107.0,Sense
2025-07-17T16:02:52Z,108.0,Sense
2025-07-17T16:02:57Z,111.0,Sense
2025-07-17T16:03:02Z,112.0,Sense
2025-07-17T16:03:07Z,111.0,Sense
2025-07-17T16:03:12Z,109.0,Sense
2025-07-17T16:03:17Z,107.0,Sense
2025-07-17T16:03:22Z,106.0,Sense
2025-07-17T16:03:32Z,103.0,Sense
2025-07-17T16:03:37Z,99.0,Sense
2025-07-17T16:03:42Z,101.0,Sense
2025-07-17T16:03:47Z,103.0,Sense
2025-07-17T16:03:52Z,102.0,Sense
2025-07-17T16:03:57Z,103.0,Sense
2025-07-17T16:04:02Z,104.0,Sense
2025-07-17T16:04:07Z,107.0,Sense
2025-07-17T16:04:17Z,108.0,Sense
2025-07-17T16:04:22Z,107.0,Sense
2025-07-17T16:04:27Z,109.0,Sense
2025-07-17T16:04:32Z,110.0,Sense
2025-07-17T16:04:42Z,112.0,Sense
2025-07-17T16:04:47Z,114.0,Sense
2025-07-17T16:04:52Z,115.0,Sense
2025-07-17T16:05:02Z,114.0,Sense
2025-07-17T16:05:07Z,113.0,Sense
2025-07-17T16:05:17Z,112.0,Sense
2025-07-17T16:05:22Z,111.0,Sense
2025-07-17T16:05:27Z,112.0,Sense
2025-07-17T16:05:32Z,114.0,Sense
2025-07-17T16:05:37Z,117.0,Sense
2025-07-17T16:05:42Z,121.0,Sense
2025-07-17T16:05:47Z,125.0,Sense
2025-07-17T16:05:52Z,126.0,Sense
2025-07-17T16:05:57Z,127.0,Sense
2025-07-17T16:06:02Z,126.0,Sense
2025-07-17T16:06:07Z,127.0,Sense
2025-07-17T16:06:22Z,128.0,Sense
2025-07-17T16:06:32Z,129.0,Sense
2025-07-17T16:06:42Z,130.0,Sense
2025-07-17T16:06:47Z,131.0,Sense
2025-07-17T16:06:52Z,129.0,Sense
2025-07-17T16:06:57Z,127.0,Sense
2025-07-17T16:07:07Z,122.0,Sense
2025-07-17T16:07:12Z,119.0,Sense
2025-07-17T16:07:17Z,118.0,Sense
2025-07-17T16:07:22Z,116.0,Sense
2025-07-17T16:07:27Z,118.0,Sense
2025-07-17T16:07:32Z,119.0,Sense
2025-07-17T16:07:37Z,117.0,Sense
2025-07-17T16:07:42Z,117.0,Sense
2025-07-17T16:07:47Z,119.0,Sense
2025-07-17T16:07:52Z,120.0,Sense
2025-07-17T16:07:57Z,119.0,Sense
2025-07-17T16:08:02Z,120.0,Sense
2025-07-17T16:08:07Z,119.0,Sense
2025-07-17T16:08:17Z,119.0,Sense
2025-07-17T16:08:27Z,118.0,Sense
2025-07-17T16:08:32Z,120.0,Sense
2025-07-17T16:08:37Z,123.0,Sense
2025-07-17T16:08:52Z,122.0,Sense
2025-07-17T16:08:57Z,123.0,Sense
2025-07-17T16:09:02Z,123.0,Sense
2025-07-17T16:09:07Z,124.0,Sense
2025-07-17T16:09:17Z,124.0,Sense
2025-07-17T16:09:32Z,124.0,Sense
2025-07-17T16:09:47Z,124.0,Sense
2025-07-17T16:09:52Z,125.0,Sense
2025-07-17T16:10:04Z,124.0,Sense
2025-07-17T16:10:14Z,125.0,Sense
2025-07-17T16:10:19Z,124.0,Sense
2025-07-17T16:10:24Z,123.0,Sense
2025-07-17T16:10:29Z,121.0,Sense
2025-07-17T16:10:34Z,119.0,Sense
2025-07-17T16:10:39Z,121.0,Sense
2025-07-17T16:10:44Z,118.0,Sense
2025-07-17T16:10:54Z,119.0,Sense
2025-07-17T16:11:04Z,117.0,Sense
2025-07-17T16:11:09Z,116.0,Sense
2025-07-17T16:11:14Z,114.0,Sense
2025-07-17T16:11:19Z,116.0,Sense
2025-07-17T16:11:24Z,113.0,Sense
2025-07-17T16:11:29Z,115.0,Sense
2025-07-17T16:11:34Z,114.0,Sense
2025-07-17T16:11:39Z,115.0,Sense
2025-07-17T16:11:44Z,113.0,Sense
2025-07-17T16:11:49Z,109.0,Sense
2025-07-17T16:11:54Z,111.0,Sense
2025-07-17T16:11:59Z,106.0,Sense
2025-07-17T16:12:04Z,108.0,Sense
2025-07-17T16:12:09Z,113.0,Sense
2025-07-17T16:12:14Z,112.0,Sense
2025-07-17T16:12:24Z,114.0,Sense
2025-07-17T16:12:29Z,115.0,Sense
2025-07-17T16:12:34Z,116.0,Sense
2025-07-17T16:12:39Z,116.0,Sense
2025-07-17T16:12:44Z,115.0,Sense
2025-07-17T16:12:49Z,113.0,Sense
2025-07-17T16:12:54Z,112.0,Sense
2025-07-17T16:13:09Z,111.0,Sense
2025-07-17T16:13:14Z,114.0,Sense
2025-07-17T16:13:19Z,116.0,Sense
2025-07-17T16:13:24Z,115.0,Sense
2025-07-17T16:13:34Z,114.0,Sense
2025-07-17T16:13:39Z,113.0,Sense
2025-07-17T16:13:44Z,112.0,Sense
2025-07-17T16:13:49Z,111.0,Sense
2025-07-17T16:13:54Z,113.0,Sense
2025-07-17T16:13:59Z,112.0,Sense
2025-07-17T16:14:04Z,111.0,Sense
2025-07-17T16:14:14Z,109.0,Sense
2025-07-17T16:14:19Z,108.0,Sense
2025-07-17T16:14:24Z,107.0,Sense
2025-07-17T16:14:29Z,109.0,Sense
2025-07-17T16:14:34Z,110.0,Sense
2025-07-17T16:14:39Z,109.0,Sense
2025-07-17T16:14:49Z,111.0,Sense
2025-07-17T16:14:54Z,113.0,Sense
2025-07-17T16:14:59Z,112.0,Sense
2025-07-17T16:15:04Z,111.0,Sense
2025-07-17T16:15:09Z,112.0,Sense
2025-07-17T16:15:14Z,113.0,Sense
2025-07-17T16:15:19Z,113.0,Sense
2025-07-17T16:15:24Z,112.0,Sense
2025-07-17T16:15:29Z,113.0,Sense
2025-07-17T16:15:39Z,114.0,Sense
2025-07-17T16:15:54Z,114.0,Sense
2025-07-17T16:15:59Z,115.0,Sense
2025-07-17T16:16:04Z,113.0,Sense
2025-07-17T16:16:14Z,110.0,Sense
2025-07-17T16:16:29Z,111.0,Sense
2025-07-17T16:16:44Z,111.0,Sense
2025-07-17T16:16:49Z,112.0,Sense
2025-07-17T16:16:54Z,113.0,Sense
2025-07-17T16:16:59Z,113.0,Sense
2025-07-17T16:17:09Z,111.0,Sense
2025-07-17T16:17:14Z,113.0,Sense
2025-07-17T16:17:19Z,112.0,Sense
2025-07-17T16:17:24Z,114.0,Sense
2025-07-17T16:17:34Z,112.0,Sense
2025-07-17T16:17:44Z,111.0,Sense
2025-07-17T16:17:49Z,112.0,Sense
2025-07-17T16:17:54Z,111.0,Sense
2025-07-17T16:17:59Z,112.0,Sense
2025-07-17T16:18:09Z,113.0,Sense
2025-07-17T16:18:14Z,114.0,Sense
2025-07-17T16:18:29Z,113.0,Sense
2025-07-17T16:18:39Z,112.0,Sense
2025-07-17T16:18:49Z,113.0,Sense
2025-07-17T16:18:54Z,113.0,Sense
2025-07-17T16:19:09Z,113.0,Sense
2025-07-17T16:19:19Z,112.0,Sense
2025-07-17T16:19:24Z,111.0,Sense
2025-07-17T16:19:29Z,114.0,Sense
2025-07-17T16:19:34Z,115.0,Sense
2025-07-17T16:19:39Z,113.0,Sense
2025-07-17T16:19:44Z,112.0,Sense
2025-07-17T16:19:49Z,115.0,Sense
2025-07-17T16:20:04Z,115.0,Sense
2025-07-17T16:20:09Z,116.0,Sense
2025-07-17T16:20:14Z,117.0,Sense
2025-07-17T16:20:19Z,114.0,Sense
2025-07-17T16:20:24Z,116.0,Sense
2025-07-17T16:20:29Z,115.0,Sense
2025-07-17T16:20:34Z,116.0,Sense
2025-07-17T16:20:39Z,115.0,Sense
2025-07-17T16:20:54Z,117.0,Sense
2025-07-17T16:20:59Z,116.0,Sense
2025-07-17T16:21:04Z,118.0,Sense
2025-07-17T16:21:09Z,116.0,Sense
2025-07-17T16:21:14Z,117.0,Sense
2025-07-17T16:21:19Z,115.0,Sense
2025-07-17T16:21:24Z,116.0,Sense
2025-07-17T16:21:29Z,118.0,Sense
2025-07-17T16:21:34Z,117.0,Sense
2025-07-17T16:21:39Z,119.0,Sense
2025-07-17T16:21:44Z,118.0,Sense
2025-07-17T16:21:49Z,117.0,Sense
2025-07-17T16:21:54Z,118.0,Sense
2025-07-17T16:22:04Z,117.0,Sense
2025-07-17T16:22:09Z,118.0,Sense
2025-07-17T16:22:19Z,117.0,Sense
2025-07-17T16:22:34Z,118.0,Sense
2025-07-17T16:22:44Z,117.0,Sense
2025-07-17T16:22:49Z,115.0,Sense
2025-07-17T16:22:54Z,113.0,Sense
2025-07-17T16:22:59Z,110.0,Sense
2025-07-17T16:23:14Z,110.0,Sense
2025-07-17T16:23:19Z,111.0,Sense
2025-07-17T16:23:29Z,112.0,Sense
2025-07-17T16:23:39Z,113.0,Sense
2025-07-17T16:23:44Z,116.0,Sense
2025-07-17T16:23:49Z,114.0,Sense
2025-07-17T16:23:54Z,115.0,Sense
2025-07-17T16:23:59Z,114.0,Sense
2025-07-17T16:24:04Z,116.0,Sense
2025-07-17T16:24:09Z,112.0,Sense
2025-07-17T16:24:14Z,111.0,Sense
2025-07-17T16:24:19Z,109.0,Sense
2025-07-17T16:24:29Z,110.0,Sense
2025-07-17T16:24:34Z,109.0,Sense
2025-07-17T16:24:39Z,108.0,Sense
2025-07-17T16:24:44Z,109.0,Sense
2025-07-17T16:24:49Z,106.0,Sense
2025-07-17T16:24:54Z,105.0,Sense
2025-07-17T16:24:59Z,103.0,Sense
2025-07-17T16:25:04Z,104.0,Sense
2025-07-17T16:25:09Z,103.0,Sense
2025-07-17T16:25:19Z,104.0,Sense
2025-07-17T16:25:29Z,101.0,Sense
2025-07-17T16:25:34Z,102.0,Sense
2025-07-17T16:25:39Z,108.0,Sense
2025-07-17T16:25:44Z,108.0,Sense
2025-07-17T16:25:54Z,106.0,Sense
2025-07-17T16:25:59Z,105.0,Sense
2025-07-17T16:26:04Z,102.0,Sense
2025-07-17T16:26:19Z,105.0,Sense
2025-07-17T16:26:29Z,106.0,Sense
2025-07-17T16:26:34Z,105.0,Sense
2025-07-17T16:26:39Z,102.0,Sense
2025-07-17T16:26:44Z,104.0,Sense
2025-07-17T16:26:49Z,103.0,Sense
2025-07-17T16:27:04Z,102.0,Sense
2025-07-17T16:27:09Z,97.0,Sense
2025-07-17T16:27:14Z,95.0,Sense
2025-07-17T16:27:24Z,94.0,Sense
2025-07-17T16:27:34Z,93.0,Sense
2025-07-17T16:27:39Z,92.0,Sense
2025-07-17T16:27:44Z,90.0,Sense
2025-07-17T16:27:49Z,88.0,Sense
2025-07-17T16:27:56Z,86.0,Sense
2025-07-17T16:28:06Z,88.0,Sense
2025-07-17T16:28:16Z,87.0,Sense
2025-07-17T16:28:21Z,88.0,Sense
2025-07-17T16:28:26Z,86.0,Sense
2025-07-17T16:28:31Z,88.0,Sense
2025-07-17T16:28:36Z,89.0,Sense
2025-07-17T16:28:41Z,91.0,Sense
2025-07-17T16:28:46Z,90.0,Sense
2025-07-17T16:28:56Z,89.0,Sense
2025-07-17T16:29:06Z,90.0,Sense
2025-07-17T16:29:11Z,89.0,Sense
2025-07-17T16:29:16Z,87.0,Sense
2025-07-17T16:29:21Z,88.0,Sense
2025-07-17T16:29:26Z,86.0,Sense
2025-07-17T16:29:31Z,85.0,Sense
2025-07-17T16:29:36Z,79.0,Sense
2025-07-17T16:29:41Z,72.0,Sense
2025-07-17T16:29:46Z,76.0,Sense
2025-07-17T16:29:51Z,84.0,Sense
2025-07-17T16:29:56Z,88.0,Sense
2025-07-17T16:30:01Z,89.0,Sense
2025-07-17T16:30:06Z,92.0,Sense
2025-07-17T16:30:11Z,93.0,Sense
2025-07-17T16:30:16Z,97.0,Sense
2025-07-17T16:30:21Z,100.0,Sense
2025-07-17T16:30:26Z,99.0,Sense
2025-07-17T16:30:31Z,97.0,Sense
2025-07-17T16:30:46Z,99.0,Sense
2025-07-17T16:30:51Z,101.0,Sense
2025-07-17T16:30:56Z,98.0,Sense
2025-07-17T16:31:01Z,99.0,Sense
2025-07-17T16:31:16Z,97.0,Sense
2025-07-17T16:31:21Z,98.0,Sense
2025-07-17T16:31:26Z,96.0,Sense
2025-07-17T16:31:31Z,97.0,Sense
2025-07-17T16:31:36Z,96.0,Sense
2025-07-17T16:31:41Z,93.0,Sense
2025-07-17T16:31:46Z,92.0,Sense
2025-07-17T16:31:51Z,93.0,Sense
2025-07-17T16:31:56Z,94.0,Sense
2025-07-17T16:32:01Z,95.0,Sense
2025-07-17T16:32:11Z,98.0,Sense
2025-07-17T16:32:16Z,99.0,Sense
2025-07-17T16:32:21Z,97.0,Sense
2025-07-17T16:32:36Z,97.0,Sense
2025-07-17T16:32:46Z,98.0,Sense
2025-07-17T16:32:56Z,99.0,Sense
2025-07-17T16:33:01Z,98.0,Sense
2025-07-17T16:33:16Z,98.0,Sense
2025-07-17T16:33:26Z,97.0,Sense
2025-07-17T16:33:31Z,96.0,Sense
2025-07-17T16:33:41Z,97.0,Sense
2025-07-17T16:33:46Z,97.0,Sense
2025-07-17T16:33:51Z,97.0,Sense
2025-07-17T16:33:56Z,99.0,Sense
2025-07-17T16:34:11Z,102.0,Sense
2025-07-17T16:34:16Z,103.0,Sense
2025-07-17T16:34:26Z,98.0,Sense
2025-07-17T16:34:36Z,100.0,Sense
2025-07-17T16:34:41Z,99.0,Sense
2025-07-17T16:34:46Z,100.0,Sense
2025-07-17T16:35:01Z,99.0,Sense
2025-07-17T16:35:06Z,100.0,Sense
2025-07-17T16:35:11Z,99.0,Sense
2025-07-17T16:35:16Z,98.0,Sense
2025-07-17T16:35:21Z,100.0,Sense
2025-07-17T16:35:26Z,99.0,Sense
2025-07-17T16:35:31Z,100.0,Sense
2025-07-17T16:35:41Z,99.0,Sense
2025-07-17T16:35:51Z,100.0,Sense
2025-07-17T16:35:56Z,97.0,Sense
2025-07-17T16:36:01Z,96.0,Sense
2025-07-17T16:36:06Z,98.0,Sense
2025-07-17T16:36:16Z,99.0,Sense
2025-07-17T16:36:21Z,96.0,Sense
2025-07-17T16:36:36Z,97.0,Sense
2025-07-17T16:36:41Z,98.0,Sense
2025-07-17T16:36:51Z,100.0,Sense
2025-07-17T16:36:56Z,102.0,Sense
2025-07-17T16:37:01Z,104.0,Sense
2025-07-17T16:37:06Z,101.0,Sense
2025-07-17T16:37:11Z,99.0,Sense
2025-07-17T16:37:16Z,97.0,Sense
2025-07-17T16:37:21Z,96.0,Sense
2025-07-17T16:37:26Z,98.0,Sense
2025-07-17T16:37:31Z,100.0,Sense
2025-07-17T16:37:36Z,101.0,Sense
2025-07-17T16:37:41Z,100.0,Sense
2025-07-17T16:37:46Z,101.0,Sense
2025-07-17T16:37:56Z,100.0,Sense
2025-07-17T16:38:01Z,98.0,Sense
2025-07-17T16:38:06Z,101.0,Sense
2025-07-17T16:38:11Z,97.0,Sense
2025-07-17T16:38:16Z,95.0,Sense
2025-07-17T16:38:21Z,96.0,Sense
2025-07-17T16:38:26Z,99.0,Sense
2025-07-17T16:38:31Z,102.0,Sense
2025-07-17T16:38:36Z,101.0,Sense
2025-07-17T16:38:41Z,100.0,Sense
2025-07-17T16:38:46Z,101.0,Sense
2025-07-17T16:38:51Z,100.0,Sense
2025-07-17T16:38:56Z,99.0,Sense
2025-07-17T16:39:01Z,100.0,Sense
2025-07-17T16:39:06Z,101.0,Sense
2025-07-17T16:39:11Z,100.0,Sense
2025-07-17T16:39:16Z,99.0,Sense
2025-07-17T16:39:21Z,98.0,Sense
2025-07-17T16:39:26Z,99.0,Sense
2025-07-17T16:39:31Z,101.0,Sense
2025-07-17T16:39:36Z,102.0,Sense
2025-07-17T16:39:41Z,102.0,Sense
2025-07-17T16:39:46Z,102.0,Sense
2025-07-17T16:39:51Z,103.0,Sense
2025-07-17T16:39:56Z,103.0,Sense
2025-07-17T16:40:01Z,101.0,Sense
2025-07-17T16:40:06Z,103.0,Sense
2025-07-17T16:40:11Z,102.0,Sense
2025-07-17T16:40:26Z,102.0,Sense
2025-07-17T16:40:31Z,100.0,Sense
2025-07-17T16:40:36Z,98.0,Sense
2025-07-17T16:40:46Z,101.0,Sense
2025-07-17T16:40:51Z,102.0,Sense
2025-07-17T16:40:56Z,100.0,Sense
2025-07-17T16:41:01Z,99.0,Sense
2025-07-17T16:41:06Z,99.0,Sense
2025-07-17T16:41:11Z,98.0,Sense
2025-07-17T16:41:16Z,97.0,Sense
2025-07-17T16:41:21Z,98.0,Sense
2025-07-17T16:41:26Z,99.0,Sense
2025-07-17T16:41:36Z,102.0,Sense
2025-07-17T16:41:41Z,103.0,Sense
2025-07-17T16:41:46Z,105.0,Sense
2025-07-17T16:41:56Z,101.0,Sense
2025-07-17T16:42:01Z,103.0,Sense
2025-07-17T16:42:06Z,102.0,Sense
2025-07-17T16:42:11Z,101.0,Sense
2025-07-17T16:42:21Z,102.0,Sense
2025-07-17T16:42:26Z,101.0,Sense
2025-07-17T16:42:31Z,102.0,Sense
2025-07-17T16:42:36Z,100.0,Sense
2025-07-17T16:42:51Z,101.0,Sense
2025-07-17T16:42:56Z,103.0,Sense
2025-07-17T16:43:01Z,102.0,Sense
2025-07-17T16:43:06Z,100.0,Sense
2025-07-17T16:43:11Z,97.0,Sense
2025-07-17T16:43:16Z,92.0,Sense
2025-07-17T16:43:26Z,95.0,Sense
2025-07-17T16:43:31Z,97.0,Sense
2025-07-17T16:43:36Z,98.0,Sense
2025-07-17T16:43:41Z,95.0,Sense
2025-07-17T16:43:51Z,98.0,Sense
2025-07-17T16:43:56Z,100.0,Sense
2025-07-17T16:44:01Z,99.0,Sense
2025-07-17T16:44:06Z,98.0,Sense
2025-07-17T16:44:11Z,96.0,Sense
2025-07-17T16:44:16Z,93.0,Sense
2025-07-17T16:44:21Z,95.0,Sense
2025-07-17T16:44:26Z,97.0,Sense
2025-07-17T16:44:31Z,98.0,Sense
2025-07-17T16:44:36Z,97.0,Sense
2025-07-17T16:44:41Z,96.0,Sense
2025-07-17T16:44:46Z,100.0,Sense
2025-07-17T16:44:51Z,102.0,Sense
2025-07-17T16:45:06Z,105.0,Sense
2025-07-17T16:45:16Z,106.0,Sense
2025-07-17T16:45:21Z,104.0,Sense
2025-07-17T16:45:26Z,103.0,Sense
2025-07-17T16:45:31Z,101.0,Sense
2025-07-17T16:45:41Z,100.0,Sense
2025-07-17T16:45:46Z,100.0,Sense
2025-07-17T16:45:56Z,101.0,Sense
2025-07-17T16:46:01Z,103.0,Sense
2025-07-17T16:46:16Z,103.0,Sense
2025-07-17T16:46:21Z,102.0,Sense
2025-07-17T16:46:26Z,101.0,Sense
2025-07-17T16:46:36Z,102.0,Sense
2025-07-17T16:46:41Z,104.0,Sense
2025-07-17T16:46:46Z,102.0,Sense
2025-07-17T16:46:51Z,100.0,Sense
2025-07-17T16:46:56Z,101.0,Sense
2025-07-17T16:47:01Z,102.0,Sense
2025-07-17T16:47:11Z,101.0,Sense
2025-07-17T16:47:16Z,100.0,Sense
2025-07-17T16:47:21Z,99.0,Sense
2025-07-17T16:47:26Z,98.0,Sense
2025-07-17T16:47:31Z,97.0,Sense
2025-07-17T16:47:36Z,94.0,Sense
2025-07-17T16:47:41Z,92.0,Sense
2025-07-17T16:47:46Z,93.0,Sense
2025-07-17T16:47:51Z,96.0,Sense
2025-07-17T16:47:56Z,97.0,Sense
2025-07-17T16:48:06Z,96.0,Sense
2025-07-17T16:48:16Z,95.0,Sense
2025-07-17T16:48:21Z,94.0,Sense
2025-07-17T16:48:26Z,95.0,Sense
2025-07-17T16:48:36Z,94.0,Sense
2025-07-17T16:48:46Z,95.0,Sense
2025-07-17T16:48:51Z,97.0,Sense
2025-07-17T16:48:56Z,99.0,Sense
2025-07-17T16:49:06Z,100.0,Sense
2025-07-17T16:49:21Z,99.0,Sense
2025-07-17T16:49:26Z,97.0,Sense
2025-07-17T16:49:31Z,97.0,Sense
2025-07-17T16:49:41Z,98.0,Sense
2025-07-17T16:49:46Z,97.0,Sense
2025-07-17T16:49:51Z,92.0,Sense
2025-07-17T16:50:01Z,95.0,Sense
2025-07-17T16:50:06Z,93.0,Sense
2025-07-17T16:50:11Z,90.0,Sense
2025-07-17T16:50:16Z,91.0,Sense
2025-07-17T16:50:21Z,92.0,Sense
2025-07-17T16:50:26Z,93.0,Sense
2025-07-17T16:50:31Z,94.0,Sense
2025-07-17T16:50:36Z,95.0,Sense
2025-07-17T16:50:41Z,95.0,Sense
2025-07-17T16:50:56Z,95.0,Sense
2025-07-17T16:51:06Z,96.0,Sense
2025-07-17T16:51:11Z,98.0,Sense
2025-07-17T16:51:16Z,98.0,Sense
2025-07-17T16:51:31Z,99.0,Sense
2025-07-17T16:51:41Z,100.0,Sense
2025-07-17T16:51:46Z,101.0,Sense
2025-07-17T16:51:51Z,102.0,Sense
2025-07-17T16:52:01Z,104.0,Sense
2025-07-17T16:52:11Z,105.0,Sense
2025-07-17T16:52:16Z,104.0,Sense
2025-07-17T16:52:21Z,103.0,Sense
2025-07-17T16:52:36Z,103.0,Sense
2025-07-17T16:52:51Z,103.0,Sense
2025-07-17T16:53:01Z,103.0,Sense
2025-07-17T16:53:06Z,102.0,Sense
2025-07-17T16:53:11Z,100.0,Sense
2025-07-17T16:53:16Z,102.0,Sense
2025-07-17T16:53:21Z,101.0,Sense
2025-07-17T16:53:31Z,100.0,Sense
2025-07-17T16:53:36Z,99.0,Sense
2025-07-17T16:53:41Z,100.0,Sense
2025-07-17T16:53:46Z,100.0,Sense
2025-07-17T16:53:51Z,99.0,Sense
2025-07-17T16:53:56Z,100.0,Sense
2025-07-17T16:54:11Z,100.0,Sense
2025-07-17T16:54:16Z,99.0,Sense
2025-07-17T16:54:26Z,100.0,Sense
2025-07-17T16:54:31Z,99.0,Sense
2025-07-17T16:54:36Z,100.0,Sense
2025-07-17T16:54:41Z,101.0,Sense
2025-07-17T16:54:46Z,100.0,Sense
2025-07-17T16:54:51Z,101.0,Sense
2025-07-17T16:55:01Z,99.0,Sense
2025-07-17T16:55:06Z,98.0,Sense
2025-07-17T16:55:11Z,96.0,Sense
2025-07-17T16:55:16Z,100.0,Sense
2025-07-17T16:55:21Z,102.0,Sense
2025-07-17T16:55:26Z,104.0,Sense
2025-07-17T16:55:41Z,100.0,Sense
2025-07-17T16:55:46Z,96.0,Sense
2025-07-17T16:55:51Z,102.0,Sense
2025-07-17T16:55:56Z,106.0,Sense
2025-07-17T16:56:01Z,107.0,Sense
2025-07-17T16:56:06Z,106.0,Sense
2025-07-17T16:56:11Z,103.0,Sense
2025-07-17T16:56:16Z,104.0,Sense
2025-07-17T16:56:21Z,103.0,Sense
2025-07-17T16:56:26Z,104.0,Sense
2025-07-17T16:56:31Z,103.0,Sense
2025-07-17T16:56:36Z,102.0,Sense
2025-07-17T16:56:41Z,105.0,Sense
2025-07-17T16:56:46Z,103.0,Sense
2025-07-17T16:56:51Z,102.0,Sense
2025-07-17T16:56:56Z,101.0,Sense
2025-07-17T16:57:01Z,103.0,Sense
2025-07-17T16:57:06Z,106.0,Sense
2025-07-17T16:57:11Z,103.0,Sense
2025-07-17T16:57:16Z,100.0,Sense
2025-07-17T16:57:21Z,102.0,Sense
2025-07-17T16:57:26Z,109.0,Sense
2025-07-17T16:57:31Z,110.0,Sense
2025-07-17T16:57:36Z,109.0,Sense
2025-07-17T16:57:41Z,108.0,Sense
2025-07-17T16:57:46Z,104.0,Sense
2025-07-17T16:57:56Z,103.0,Sense
2025-07-17T16:58:06Z,102.0,Sense
2025-07-17T16:58:11Z,99.0,Sense
2025-07-17T16:58:21Z,98.0,Sense
2025-07-17T16:58:31Z,99.0,Sense
2025-07-17T16:58:36Z,100.0,Sense
2025-07-17T16:58:41Z,100.0,Sense
2025-07-17T16:58:51Z,100.0,Sense
2025-07-17T16:59:01Z,101.0,Sense
2025-07-17T16:59:06Z,100.0,Sense
2025-07-17T16:59:16Z,101.0,Sense
2025-07-17T16:59:21Z,102.0,Sense
2025-07-17T16:59:26Z,105.0,Sense
2025-07-17T16:59:31Z,106.0,Sense
2025-07-17T16:59:36Z,108.0,Sense
2025-07-17T16:59:41Z,109.0,Sense
2025-07-17T16:59:46Z,106.0,Sense
2025-07-17T16:59:51Z,102.0,Sense
2025-07-17T16:59:56Z,101.0,Sense
2025-07-17T17:00:06Z,103.0,Sense
2025-07-17T17:00:11Z,101.0,Sense
2025-07-17T17:00:16Z,100.0,Sense
2025-07-17T17:00:21Z,99.0,Sense
2025-07-17T17:00:26Z,97.0,Sense
2025-07-17T17:00:31Z,95.0,Sense
2025-07-17T17:00:36Z,93.0,Sense
2025-07-17T17:00:41Z,95.0,Sense
2025-07-17T17:00:46Z,96.0,Sense
2025-07-17T17:00:51Z,94.0,Sense
2025-07-17T17:00:56Z,92.0,Sense
2025-07-17T17:01:01Z,93.0,Sense
2025-07-17T17:01:06Z,96.0,Sense
2025-07-17T17:01:11Z,99.0,Sense
2025-07-17T17:01:16Z,101.0,Sense
2025-07-17T17:01:21Z,102.0,Sense
2025-07-17T17:01:26Z,104.0,Sense
2025-07-17T17:01:41Z,105.0,Sense
2025-07-17T17:01:46Z,103.0,Sense
2025-07-17T17:01:51Z,102.0,Sense
2025-07-17T17:01:56Z,101.0,Sense
2025-07-17T17:02:01Z,100.0,Sense
2025-07-17T17:02:06Z,99.0,Sense
2025-07-17T17:02:11Z,99.0,Sense
2025-07-17T17:02:16Z,98.0,Sense
2025-07-17T17:02:21Z,97.0,Sense
2025-07-17T17:02:26Z,98.0,Sense
2025-07-17T17:02:41Z,98.0,Sense
2025-07-17T17:02:46Z,98.0,Sense
2025-07-17T17:02:51Z,98.0,Sense
2025-07-17T17:03:06Z,95.0,Sense
2025-07-17T17:03:16Z,96.0,Sense
2025-07-17T17:03:21Z,99.0,Sense
2025-07-17T17:03:26Z,102.0,Sense
2025-07-17T17:03:31Z,103.0,Sense
2025-07-17T17:03:36Z,102.0,Sense
2025-07-17T17:03:41Z,103.0,Sense
2025-07-17T17:03:46Z,102.0,Sense
2025-07-17T17:03:51Z,101.0,Sense
2025-07-17T17:03:56Z,98.0,Sense
2025-07-17T17:04:06Z,99.0,Sense
2025-07-17T17:04:11Z,100.0,Sense
2025-07-17T17:04:26Z,100.0,Sense
2025-07-17T17:04:31Z,99.0,Sense
2025-07-17T17:04:41Z,100.0,Sense
2025-07-17T17:04:51Z,99.0,Sense
2025-07-17T17:05:01Z,97.0,Sense
2025-07-17T17:05:06Z,96.0,Sense
2025-07-17T17:05:11Z,95.0,Sense
2025-07-17T17:05:16Z,94.0,Sense
2025-07-17T17:05:21Z,95.0,Sense
2025-07-17T17:05:26Z,94.0,Sense
2025-07-17T17:05:31Z,92.0,Sense
2025-07-17T17:05:36Z,94.0,Sense
2025-07-17T17:05:41Z,95.0,Sense
2025-07-17T17:05:51Z,97.0,Sense
2025-07-17T17:05:56Z,96.0,Sense
2025-07-17T17:06:01Z,95.0,Sense
2025-07-17T17:06:06Z,95.0,Sense
2025-07-17T17:06:16Z,94.0,Sense
2025-07-17T17:06:31Z,94.0,Sense
2025-07-17T17:06:42Z,96.0,Sense
2025-07-17T17:06:52Z,98.0,Sense
2025-07-17T17:06:57Z,99.0,Sense
2025-07-17T17:07:02Z,98.0,Sense
2025-07-17T17:07:07Z,95.0,Sense
2025-07-17T17:07:12Z,92.0,Sense
2025-07-17T17:07:17Z,93.0,Sense
2025-07-17T17:07:22Z,94.0,Sense
2025-07-17T17:07:27Z,96.0,Sense
2025-07-17T17:07:32Z,95.0,Sense
2025-07-17T17:07:42Z,96.0,Sense
2025-07-17T17:07:47Z,98.0,Sense
2025-07-17T17:07:52Z,96.0,Sense
2025-07-17T17:07:57Z,97.0,Sense
2025-07-17T17:08:02Z,99.0,Sense
2025-07-17T17:08:07Z,98.0,Sense
2025-07-17T17:08:17Z,100.0,Sense
2025-07-17T17:08:22Z,99.0,Sense
2025-07-17T17:08:27Z,98.0,Sense
2025-07-17T17:08:32Z,95.0,Sense
2025-07-17T17:08:37Z,88.0,Sense
2025-07-17T17:08:42Z,84.0,Sense
2025-07-17T17:08:57Z,85.0,Sense
2025-07-17T17:09:02Z,86.0,Sense
2025-07-17T17:09:07Z,87.0,Sense
2025-07-17T17:09:12Z,86.0,Sense
2025-07-17T17:09:17Z,88.0,Sense
2025-07-17T17:09:22Z,89.0,Sense
2025-07-17T17:09:27Z,91.0,Sense
2025-07-17T17:09:37Z,94.0,Sense
2025-07-17T17:09:42Z,93.0,Sense
2025-07-17T17:09:47Z,89.0,Sense
2025-07-17T17:09:52Z,84.0,Sense
2025-07-17T17:10:07Z,84.0,Sense
2025-07-17T17:10:12Z,85.0,Sense
2025-07-17T17:10:22Z,84.0,Sense
2025-07-17T17:10:27Z,83.0,Sense
2025-07-17T17:10:32Z,84.0,Sense
2025-07-17T17:10:37Z,83.0,Sense
2025-07-17T17:10:42Z,81.0,Sense
2025-07-17T17:10:52Z,80.0,Sense
2025-07-17T17:11:02Z,79.0,Sense
2025-07-17T17:11:17Z,79.0,Sense
2025-07-17T17:11:27Z,80.0,Sense
2025-07-17T17:11:32Z,83.0,Sense
2025-07-17T17:11:37Z,88.0,Sense
2025-07-17T17:11:42Z,85.0,Sense
2025-07-17T17:11:47Z,83.0,Sense
2025-07-17T17:11:52Z,80.0,Sense
2025-07-17T17:11:57Z,78.0,Sense
2025-07-17T17:12:02Z,80.0,Sense
2025-07-17T17:12:07Z,83.0,Sense
2025-07-17T17:12:12Z,86.0,Sense
2025-07-17T17:12:17Z,88.0,Sense
2025-07-17T17:12:22Z,90.0,Sense
2025-07-17T17:12:32Z,89.0,Sense
2025-07-17T17:12:37Z,95.0,Sense
2025-07-17T17:12:42Z,94.0,Sense
2025-07-17T17:12:47Z,93.0,Sense
2025-07-17T17:12:52Z,95.0,Sense
2025-07-17T17:13:02Z,96.0,Sense
2025-07-17T17:13:07Z,94.0,Sense
2025-07-17T17:13:12Z,96.0,Sense
2025-07-17T17:13:27Z,97.0,Sense
2025-07-17T17:13:32Z,95.0,Sense
2025-07-17T17:13:37Z,94.0,Sense
2025-07-17T17:13:42Z,93.0,Sense
2025-07-17T17:13:57Z,91.0,Sense
2025-07-17T17:14:02Z,92.0,Sense
2025-07-17T17:14:12Z,91.0,Sense
2025-07-17T17:14:17Z,90.0,Sense
2025-07-17T17:14:22Z,91.0,Sense
2025-07-17T17:14:27Z,90.0,Sense
2025-07-17T17:14:32Z,87.0,Sense
2025-07-17T17:14:37Z,89.0,Sense
2025-07-17T17:14:42Z,90.0,Sense
2025-07-17T17:14:52Z,88.0,Sense
2025-07-17T17:15:07Z,89.0,Sense
2025-07-17T17:15:22Z,88.0,Sense
2025-07-17T17:15:27Z,87.0,Sense
2025-07-17T17:15:37Z,90.0,Sense
2025-07-17T17:15:42Z,92.0,Sense
2025-07-17T17:15:47Z,93.0,Sense
2025-07-17T17:15:57Z,95.0,Sense
2025-07-17T17:16:02Z,101.0,Sense
2025-07-17T17:16:07Z,98.0,Sense
2025-07-17T17:16:12Z,93.0,Sense
2025-07-17T17:16:17Z,97.0,Sense
2025-07-17T17:16:22Z,95.0,Sense
2025-07-17T17:16:27Z,96.0,Sense
2025-07-17T17:16:32Z,94.0,Sense
2025-07-17T17:16:47Z,94.0,Sense
2025-07-17T17:16:52Z,93.0,Sense
2025-07-17T17:17:02Z,90.0,Sense
2025-07-17T17:17:06Z,87.0,Sense
2025-07-17T17:17:12Z,90.0,Sense
2025-07-17T17:17:17Z,94.0,Sense
2025-07-17T17:17:22Z,96.0,Sense
2025-07-17T17:17:37Z,97.0,Sense
2025-07-17T17:17:42Z,98.0,Sense
2025-07-17T17:17:47Z,97.0,Sense
2025-07-17T17:17:52Z,95.0,Sense
2025-07-17T17:17:57Z,97.0,Sense
2025-07-17T17:18:02Z,100.0,Sense
2025-07-17T17:18:07Z,99.0,Sense
2025-07-17T17:18:12Z,97.0,Sense
2025-07-17T17:18:17Z,98.0,Sense
2025-07-17T17:18:22Z,95.0,Sense
2025-07-17T17:18:27Z,91.0,Sense
2025-07-17T17:18:32Z,89.0,Sense
2025-07-17T17:18:37Z,88.0,Sense
2025-07-17T17:18:42Z,89.0,Sense
2025-07-17T17:18:52Z,87.0,Sense
2025-07-17T17:19:07Z,89.0,Sense
2025-07-17T17:19:12Z,91.0,Sense
2025-07-17T17:19:17Z,94.0,Sense
2025-07-17T17:19:22Z,96.0,Sense
2025-07-17T17:19:32Z,98.0,Sense
2025-07-17T17:19:37Z,99.0,Sense
2025-07-17T17:19:47Z,100.0,Sense
2025-07-17T17:19:52Z,102.0,Sense
2025-07-17T17:19:57Z,101.0,Sense
2025-07-17T17:20:02Z,103.0,Sense
2025-07-17T17:20:07Z,105.0,Sense
2025-07-17T17:20:12Z,102.0,Sense
2025-07-17T17:20:17Z,101.0,Sense
2025-07-17T17:20:22Z,103.0,Sense
2025-07-17T17:20:32Z,101.0,Sense
2025-07-17T17:20:37Z,99.0,Sense
2025-07-17T17:20:42Z,97.0,Sense
2025-07-17T17:20:57Z,97.0,Sense
2025-07-17T17:21:02Z,98.0,Sense
2025-07-17T17:21:07Z,99.0,Sense
2025-07-17T17:21:12Z,98.0,Sense
2025-07-17T17:21:17Z,99.0,Sense
2025-07-17T17:21:22Z,98.0,Sense
2025-07-17T17:21:27Z,99.0,Sense
2025-07-17T17:21:32Z,98.0,Sense
2025-07-17T17:21:42Z,99.0,Sense
2025-07-17T17:21:47Z,103.0,Sense
2025-07-17T17:21:52Z,104.0,Sense
2025-07-17T17:21:57Z,103.0,Sense
2025-07-17T17:22:07Z,102.0,Sense
2025-07-17T17:22:12Z,101.0,Sense
2025-07-17T17:22:17Z,100.0,Sense
2025-07-17T17:22:22Z,104.0,Sense
2025-07-17T17:22:32Z,101.0,Sense
2025-07-17T17:22:37Z,102.0,Sense
2025-07-17T17:22:42Z,103.0,Sense
2025-07-17T17:22:47Z,103.0,Sense
2025-07-17T17:22:52Z,102.0,Sense
2025-07-17T17:22:57Z,103.0,Sense
2025-07-17T17:23:07Z,102.0,Sense
2025-07-17T17:23:12Z,103.0,Sense
2025-07-17T17:23:17Z,104.0,Sense
2025-07-17T17:23:22Z,106.0,Sense
2025-07-17T17:23:27Z,105.0,Sense
2025-07-17T17:23:42Z,104.0,Sense
2025-07-17T17:23:47Z,103.0,Sense
2025-07-17T17:23:52Z,102.0,Sense
2025-07-17T17:23:57Z,101.0,Sense
2025-07-17T17:24:12Z,102.0,Sense
2025-07-17T17:24:17Z,99.0,Sense
2025-07-17T17:24:22Z,100.0,Sense
2025-07-17T17:24:32Z,99.0,Sense
2025-07-17T17:24:37Z,100.0,Sense
2025-07-17T17:24:47Z,99.0,Sense
2025-07-17T17:24:52Z,100.0,Sense
2025-07-17T17:24:57Z,101.0,Sense
2025-07-17T17:25:02Z,102.0,Sense
2025-07-17T17:25:12Z,108.0,Sense
2025-07-17T17:25:17Z,109.0,Sense
2025-07-17T17:25:22Z,110.0,Sense
2025-07-17T17:25:27Z,112.0,Sense
2025-07-17T17:25:32Z,110.0,Sense
2025-07-17T17:25:37Z,109.0,Sense
2025-07-17T17:25:42Z,111.0,Sense
2025-07-17T17:25:47Z,112.0,Sense
2025-07-17T17:25:52Z,113.0,Sense
2025-07-17T17:26:02Z,115.0,Sense
2025-07-17T17:26:07Z,114.0,Sense
2025-07-17T17:26:12Z,111.0,Sense
2025-07-17T17:26:22Z,108.0,Sense
2025-07-17T17:26:27Z,107.0,Sense
2025-07-17T17:26:32Z,111.0,Sense
2025-07-17T17:26:37Z,113.0,Sense
2025-07-17T17:26:42Z,109.0,Sense
2025-07-17T17:26:47Z,108.0,Sense
2025-07-17T17:26:52Z,106.0,Sense
2025-07-17T17:26:57Z,103.0,Sense
2025-07-17T17:27:02Z,102.0,Sense
2025-07-17T17:27:12Z,97.0,Sense
2025-07-17T17:27:17Z,93.0,Sense
2025-07-17T17:27:22Z,91.0,Sense
2025-07-17T17:27:27Z,93.0,Sense
2025-07-17T17:27:42Z,90.0,Sense
2025-07-17T17:27:47Z,89.0,Sense
2025-07-17T17:27:57Z,91.0,Sense
2025-07-17T17:28:02Z,96.0,Sense
2025-07-17T17:28:07Z,100.0,Sense
2025-07-17T17:28:22Z,102.0,Sense
2025-07-17T17:28:27Z,105.0,Sense
2025-07-17T17:28:32Z,108.0,Sense
2025-07-17T17:28:37Z,105.0,Sense
2025-07-17T17:28:42Z,101.0,Sense
2025-07-17T17:28:47Z,93.0,Sense
2025-07-17T17:28:52Z,88.0,Sense
2025-07-17T17:28:57Z,86.0,Sense
2025-07-17T17:29:02Z,90.0,Sense
2025-07-17T17:29:07Z,100.0,Sense
2025-07-17T17:29:12Z,91.0,Sense
2025-07-17T17:29:17Z,88.0,Sense
2025-07-17T17:29:22Z,81.0,Sense
2025-07-17T17:29:32Z,85.0,Sense
2025-07-17T17:29:37Z,86.0,Sense
2025-07-17T17:29:42Z,89.0,Sense
2025-07-17T17:29:47Z,91.0,Sense
2025-07-17T17:29:52Z,92.0,Sense
2025-07-17T17:30:02Z,95.0,Sense
2025-07-17T17:30:07Z,96.0,Sense
2025-07-17T17:30:12Z,95.0,Sense
2025-07-17T17:30:17Z,96.0,Sense
2025-07-17T17:30:27Z,95.0,Sense
2025-07-17T17:30:32Z,94.0,Sense
2025-07-17T17:30:47Z,93.0,Sense
2025-07-17T17:30:52Z,92.0,Sense
2025-07-17T17:31:07Z,95.0,Sense
2025-07-17T17:31:12Z,94.0,Sense
2025-07-17T17:31:17Z,92.0,Sense
2025-07-17T17:31:22Z,91.0,Sense
2025-07-17T17:31:32Z,89.0,Sense
2025-07-17T17:31:37Z,89.0,Sense
2025-07-17T17:31:42Z,88.0,Sense
2025-07-17T17:31:47Z,88.0,Sense
2025-07-17T17:32:02Z,89.0,Sense
2025-07-17T17:32:12Z,90.0,Sense
2025-07-17T17:32:27Z,91.0,Sense
2025-07-17T17:32:42Z,92.0,Sense
2025-07-17T17:32:47Z,93.0,Sense
2025-07-17T17:32:52Z,92.0,Sense
2025-07-17T17:32:57Z,91.0,Sense
2025-07-17T17:33:02Z,90.0,Sense
2025-07-17T17:33:07Z,93.0,Sense
2025-07-17T17:33:12Z,95.0,Sense
2025-07-17T17:33:17Z,96.0,Sense
2025-07-17T17:33:22Z,98.0,Sense
2025-07-17T17:33:32Z,92.0,Sense
2025-07-17T17:33:37Z,83.0,Sense
2025-07-17T17:33:42Z,78.0,Sense
2025-07-17T17:33:52Z,78.0,Sense
2025-07-17T17:33:57Z,77.0,Sense
2025-07-17T17:34:02Z,75.0,Sense
2025-07-17T17:34:07Z,74.0,Sense
2025-07-17T17:34:17Z,75.0,Sense
2025-07-17T17:34:22Z,75.0,Sense
2025-07-17T17:34:27Z,76.0,Sense
2025-07-17T17:34:32Z,78.0,Sense
2025-07-17T17:34:37Z,83.0,Sense
2025-07-17T17:34:42Z,80.0,Sense
2025-07-17T17:34:47Z,81.0,Sense
2025-07-17T17:34:52Z,84.0,Sense
2025-07-17T17:34:57Z,86.0,Sense
2025-07-17T17:35:02Z,89.0,Sense
2025-07-17T17:35:07Z,92.0,Sense
2025-07-17T17:35:12Z,95.0,Sense
2025-07-17T17:35:17Z,96.0,Sense
2025-07-17T17:35:27Z,98.0,Sense
2025-07-17T17:35:32Z,97.0,Sense
2025-07-17T17:35:37Z,95.0,Sense
2025-07-17T17:35:42Z,94.0,Sense
2025-07-17T17:35:47Z,93.0,Sense
2025-07-17T17:35:52Z,92.0,Sense
2025-07-17T17:35:57Z,93.0,Sense
2025-07-17T17:36:12Z,93.0,Sense
2025-07-17T17:36:17Z,94.0,Sense
2025-07-17T17:36:32Z,96.0,Sense
2025-07-17T17:36:37Z,97.0,Sense
2025-07-17T17:36:47Z,99.0,Sense
2025-07-17T17:36:52Z,98.0,Sense
2025-07-17T17:36:57Z,99.0,Sense
2025-07-17T17:37:02Z,100.0,Sense
2025-07-17T17:37:07Z,102.0,Sense
2025-07-17T17:37:12Z,101.0,Sense
2025-07-17T17:37:17Z,103.0,Sense
2025-07-17T17:37:22Z,101.0,Sense
2025-07-17T17:37:27Z,102.0,Sense
2025-07-17T17:37:37Z,103.0,Sense
2025-07-17T17:37:42Z,107.0,Sense
2025-07-17T17:37:47Z,109.0,Sense
2025-07-17T17:37:57Z,107.0,Sense
2025-07-17T17:38:02Z,105.0,Sense
2025-07-17T17:38:12Z,107.0,Sense
2025-07-17T17:38:17Z,106.0,Sense
2025-07-17T17:38:27Z,105.0,Sense
2025-07-17T17:38:42Z,105.0,Sense
2025-07-17T17:38:52Z,106.0,Sense
2025-07-17T17:38:57Z,107.0,Sense
2025-07-17T17:39:02Z,106.0,Sense
2025-07-17T17:39:12Z,103.0,Sense
2025-07-17T17:39:17Z,104.0,Sense
2025-07-17T17:39:27Z,106.0,Sense
2025-07-17T17:39:32Z,105.0,Sense
2025-07-17T17:39:37Z,109.0,Sense
2025-07-17T17:39:42Z,114.0,Sense
2025-07-17T17:39:47Z,115.0,Sense
2025-07-17T17:39:52Z,116.0,Sense
2025-07-17T17:39:57Z,114.0,Sense
2025-07-17T17:40:07Z,112.0,Sense
2025-07-17T17:40:12Z,114.0,Sense
2025-07-17T17:40:17Z,113.0,Sense
2025-07-17T17:40:27Z,112.0,Sense
2025-07-17T17:40:42Z,112.0,Sense
2025-07-17T17:40:52Z,113.0,Sense
2025-07-17T17:41:02Z,112.0,Sense
2025-07-17T17:41:07Z,114.0,Sense
2025-07-17T17:41:12Z,113.0,Sense
2025-07-17T17:41:17Z,114.0,Sense
2025-07-17T17:41:22Z,113.0,Sense
2025-07-17T17:41:27Z,111.0,Sense
2025-07-17T17:41:32Z,110.0,Sense
2025-07-17T17:41:37Z,112.0,Sense
2025-07-17T17:41:42Z,111.0,Sense
2025-07-17T17:41:47Z,115.0,Sense
2025-07-17T17:41:52Z,117.0,Sense
2025-07-17T17:41:57Z,112.0,Sense
2025-07-17T17:42:02Z,114.0,Sense
2025-07-17T17:42:07Z,111.0,Sense
2025-07-17T17:42:12Z,112.0,Sense
2025-07-17T17:42:17Z,114.0,Sense
2025-07-17T17:42:22Z,113.0,Sense
2025-07-17T17:42:27Z,114.0,Sense
2025-07-17T17:42:32Z,111.0,Sense
2025-07-17T17:42:37Z,112.0,Sense
2025-07-17T17:42:47Z,111.0,Sense
2025-07-17T17:42:52Z,109.0,Sense
2025-07-17T17:42:57Z,109.0,Sense
2025-07-17T17:43:02Z,110.0,Sense
2025-07-17T17:43:07Z,111.0,Sense
2025-07-17T17:43:17Z,110.0,Sense
2025-07-17T17:43:22Z,109.0,Sense
2025-07-17T17:43:27Z,110.0,Sense
2025-07-17T17:43:32Z,109.0,Sense
2025-07-17T17:43:37Z,110.0,Sense
2025-07-17T17:43:47Z,111.0,Sense
2025-07-17T17:43:52Z,112.0,Sense
2025-07-17T17:43:57Z,111.0,Sense
2025-07-17T17:44:02Z,112.0,Sense
2025-07-17T17:44:12Z,113.0,Sense
2025-07-17T17:44:17Z,109.0,Sense
2025-07-17T17:44:22Z,110.0,Sense
2025-07-17T17:44:27Z,108.0,Sense
2025-07-17T17:44:42Z,109.0,Sense
2025-07-17T17:44:47Z,110.0,Sense
2025-07-17T17:44:57Z,108.0,Sense
2025-07-17T17:45:02Z,106.0,Sense
2025-07-17T17:45:07Z,104.0,Sense
2025-07-17T17:45:12Z,105.0,Sense
2025-07-17T17:45:17Z,102.0,Sense
2025-07-17T17:45:22Z,100.0,Sense
2025-07-17T17:45:32Z,102.0,Sense
2025-07-17T17:45:42Z,104.0,Sense
2025-07-17T17:45:47Z,107.0,Sense
2025-07-17T17:45:52Z,107.0,Sense
2025-07-17T17:45:57Z,106.0,Sense
2025-07-17T17:46:07Z,104.0,Sense
2025-07-17T17:46:12Z,102.0,Sense
2025-07-17T17:46:22Z,101.0,Sense
2025-07-17T17:46:27Z,100.0,Sense
2025-07-17T17:46:32Z,100.0,Sense
2025-07-17T17:46:37Z,99.0,Sense
2025-07-17T17:46:47Z,100.0,Sense
2025-07-17T17:46:52Z,98.0,Sense
2025-07-17T17:46:57Z,96.0,Sense
2025-07-17T17:47:02Z,94.0,Sense
2025-07-17T17:47:07Z,91.0,Sense
2025-07-17T17:47:22Z,92.0,Sense
2025-07-17T17:47:32Z,91.0,Sense
2025-07-17T17:47:37Z,93.0,Sense
2025-07-17T17:47:52Z,95.0,Sense
2025-07-17T17:47:57Z,96.0,Sense
2025-07-17T17:48:07Z,97.0,Sense
2025-07-17T17:48:12Z,95.0,Sense
2025-07-17T17:48:22Z,95.0,Sense
2025-07-17T17:48:27Z,96.0,Sense
2025-07-17T17:48:37Z,98.0,Sense
2025-07-17T17:48:42Z,100.0,Sense
2025-07-17T17:48:47Z,99.0,Sense
2025-07-17T17:48:52Z,97.0,Sense
2025-07-17T17:49:02Z,95.0,Sense
2025-07-17T17:49:07Z,95.0,Sense
2025-07-17T17:49:12Z,94.0,Sense
2025-07-17T17:49:17Z,96.0,Sense
2025-07-17T17:49:22Z,94.0,Sense
2025-07-17T17:49:32Z,93.0,Sense
2025-07-17T17:49:37Z,94.0,Sense
2025-07-17T17:49:47Z,92.0,Sense
2025-07-17T17:49:57Z,95.0,Sense
2025-07-17T17:50:02Z,94.0,Sense
2025-07-17T17:50:07Z,95.0,Sense
2025-07-17T17:50:12Z,93.0,Sense
2025-07-17T17:50:17Z,91.0,Sense
2025-07-17T17:50:22Z,89.0,Sense
2025-07-17T17:50:27Z,88.0,Sense
2025-07-17T17:50:32Z,90.0,Sense
2025-07-17T17:50:42Z,89.0,Sense
2025-07-17T17:50:47Z,88.0,Sense
2025-07-17T17:50:52Z,87.0,Sense
2025-07-17T17:50:57Z,86.0,Sense
2025-07-17T17:51:02Z,85.0,Sense
2025-07-17T17:51:17Z,86.0,Sense
2025-07-17T17:51:27Z,85.0,Sense
2025-07-17T17:51:32Z,84.0,Sense
2025-07-17T17:51:47Z,84.0,Sense
2025-07-17T17:51:52Z,85.0,Sense
2025-07-17T17:51:57Z,86.0,Sense
2025-07-17T17:52:02Z,85.0,Sense
2025-07-17T17:52:07Z,84.0,Sense
2025-07-17T17:52:12Z,85.0,Sense
2025-07-17T17:52:22Z,86.0,Sense
2025-07-17T17:52:27Z,87.0,Sense
2025-07-17T17:52:37Z,84.0,Sense
2025-07-17T17:52:42Z,85.0,Sense
2025-07-17T17:52:47Z,88.0,Sense
2025-07-17T17:52:52Z,87.0,Sense
2025-07-17T17:52:57Z,89.0,Sense
2025-07-17T17:53:02Z,90.0,Sense
2025-07-17T17:53:12Z,91.0,Sense
2025-07-17T17:53:17Z,88.0,Sense
2025-07-17T17:53:22Z,86.0,Sense
2025-07-17T17:53:27Z,83.0,Sense
2025-07-17T17:53:42Z,83.0,Sense
2025-07-17T17:53:47Z,82.0,Sense
2025-07-17T17:53:57Z,81.0,Sense
2025-07-17T17:54:12Z,81.0,Sense
2025-07-17T17:54:22Z,81.0,Sense
2025-07-17T17:54:27Z,80.0,Sense
2025-07-17T17:54:37Z,80.0,Sense
2025-07-17T17:54:42Z,80.0,Sense
2025-07-17T17:54:52Z,81.0,Sense
2025-07-17T17:55:07Z,82.0,Sense
2025-07-17T17:55:17Z,83.0,Sense
2025-07-17T17:55:27Z,84.0,Sense
2025-07-17T17:55:37Z,83.0,Sense
2025-07-17T17:55:42Z,83.0,Sense
2025-07-17T17:55:52Z,81.0,Sense
2025-07-17T17:55:57Z,80.0,Sense
2025-07-17T17:56:02Z,81.0,Sense
2025-07-17T17:56:07Z,82.0,Sense
2025-07-17T17:56:12Z,83.0,Sense
2025-07-17T17:56:22Z,82.0,Sense
2025-07-17T17:56:27Z,82.0,Sense
2025-07-17T17:56:37Z,83.0,Sense
2025-07-17T17:56:47Z,82.0,Sense
2025-07-17T17:56:52Z,81.0,Sense
2025-07-17T17:57:07Z,82.0,Sense
2025-07-17T17:57:17Z,83.0,Sense
2025-07-17T17:57:32Z,84.0,Sense
2025-07-17T17:57:42Z,85.0,Sense
2025-07-17T17:57:57Z,85.0,Sense
2025-07-17T17:58:02Z,84.0,Sense
2025-07-17T17:58:12Z,84.0,Sense
2025-07-17T17:58:17Z,85.0,Sense
2025-07-17T17:58:32Z,85.0,Sense
2025-07-17T17:58:37Z,86.0,Sense
2025-07-17T17:58:47Z,87.0,Sense
2025-07-17T17:59:02Z,87.0,Sense
2025-07-17T17:59:17Z,86.0,Sense
2025-07-17T17:59:22Z,84.0,Sense
2025-07-17T17:59:27Z,83.0,Sense
2025-07-17T17:59:42Z,83.0,Sense
2025-07-17T17:59:47Z,83.0,Sense
2025-07-17T17:59:52Z,84.0,Sense
2025-07-17T18:00:02Z,83.0,Sense
2025-07-17T18:00:07Z,84.0,Sense
2025-07-17T18:00:22Z,85.0,Sense
2025-07-17T18:00:32Z,84.0,Sense
2025-07-17T18:00:37Z,83.0,Sense
2025-07-17T18:00:42Z,83.0,Sense
2025-07-17T18:00:47Z,83.0,Sense
2025-07-17T18:01:02Z,84.0,Sense
2025-07-17T18:01:07Z,85.0,Sense
2025-07-17T18:01:12Z,84.0,Sense
2025-07-17T18:01:22Z,86.0,Sense
2025-07-17T18:01:32Z,85.0,Sense
2025-07-17T18:01:42Z,84.0,Sense
2025-07-17T18:01:47Z,82.0,Sense
2025-07-17T18:01:52Z,81.0,Sense
2025-07-17T18:02:07Z,81.0,Sense
2025-07-17T18:02:12Z,82.0,Sense
2025-07-17T18:02:27Z,80.0,Sense
2025-07-17T18:02:42Z,80.0,Sense
2025-07-17T18:02:47Z,80.0,Sense
2025-07-17T18:02:57Z,80.0,Sense
2025-07-17T18:03:07Z,81.0,Sense
2025-07-17T18:03:12Z,82.0,Sense
2025-07-17T18:03:17Z,80.0,Sense
2025-07-17T18:03:22Z,77.0,Sense
2025-07-17T18:03:27Z,77.0,Sense
2025-07-17T18:03:32Z,78.0,Sense
2025-07-17T18:03:47Z,78.0,Sense
2025-07-17T18:03:57Z,79.0,Sense
2025-07-17T18:04:02Z,80.0,Sense
2025-07-17T18:04:07Z,80.0,Sense
2025-07-17T18:04:17Z,79.0,Sense
2025-07-17T18:04:22Z,81.0,Sense
2025-07-17T18:04:27Z,80.0,Sense
2025-07-17T18:04:32Z,80.0,Sense
2025-07-17T18:04:37Z,80.0,Sense
2025-07-17T18:04:52Z,79.0,Sense
2025-07-17T18:04:57Z,78.0,Sense
2025-07-17T18:05:02Z,78.0,Sense
2025-07-17T18:05:12Z,79.0,Sense
2025-07-17T18:05:17Z,78.0,Sense
2025-07-17T18:05:22Z,79.0,Sense
2025-07-17T18:05:27Z,78.0,Sense
2025-07-17T18:05:32Z,79.0,Sense
2025-07-17T18:05:47Z,79.0,Sense
2025-07-17T18:05:52Z,78.0,Sense
2025-07-17T18:06:02Z,79.0,Sense
2025-07-17T18:06:17Z,80.0,Sense
2025-07-17T18:06:27Z,81.0,Sense
2025-07-17T18:06:32Z,82.0,Sense
2025-07-17T18:06:37Z,81.0,Sense
2025-07-17T18:06:52Z,79.0,Sense
2025-07-17T18:06:57Z,79.0,Sense
2025-07-17T18:07:02Z,80.0,Sense
2025-07-17T18:07:07Z,82.0,Sense
2025-07-17T18:07:12Z,84.0,Sense
2025-07-17T18:07:27Z,81.0,Sense
2025-07-17T18:07:32Z,80.0,Sense
2025-07-17T18:07:42Z,79.0,Sense
2025-07-17T18:07:52Z,80.0,Sense
2025-07-17T18:07:57Z,79.0,Sense
2025-07-17T18:08:12Z,80.0,Sense
2025-07-17T18:08:27Z,80.0,Sense
2025-07-17T18:08:32Z,81.0,Sense
2025-07-17T18:08:37Z,80.0,Sense
2025-07-17T18:08:42Z,81.0,Sense
2025-07-17T18:08:47Z,83.0,Sense
2025-07-17T18:08:57Z,84.0,Sense
2025-07-17T18:09:02Z,83.0,Sense
2025-07-17T18:09:17Z,82.0,Sense
2025-07-17T18:09:22Z,83.0,Sense
2025-07-17T18:09:27Z,84.0,Sense
2025-07-17T18:09:32Z,85.0,Sense
2025-07-17T18:09:47Z,85.0,Sense
2025-07-17T18:09:57Z,87.0,Sense
2025-07-17T18:10:02Z,92.0,Sense
2025-07-17T18:10:07Z,94.0,Sense
2025-07-17T18:10:12Z,89.0,Sense
2025-07-17T18:10:17Z,87.0,Sense
2025-07-17T18:10:22Z,85.0,Sense
2025-07-17T18:10:27Z,84.0,Sense
2025-07-17T18:10:32Z,83.0,Sense
2025-07-17T18:10:47Z,83.0,Sense
2025-07-17T18:11:02Z,83.0,Sense
2025-07-17T18:11:17Z,82.0,Sense
2025-07-17T18:11:22Z,81.0,Sense
2025-07-17T18:11:27Z,80.0,Sense
2025-07-17T18:11:37Z,79.0,Sense
2025-07-17T18:11:42Z,80.0,Sense
2025-07-17T18:11:52Z,81.0,Sense
2025-07-17T18:11:57Z,81.0,Sense
2025-07-17T18:12:02Z,82.0,Sense
2025-07-17T18:12:07Z,80.0,Sense
2025-07-17T18:12:12Z,80.0,Sense
2025-07-17T18:12:17Z,81.0,Sense
2025-07-17T18:12:22Z,83.0,Sense
2025-07-17T18:12:27Z,84.0,Sense
2025-07-17T18:12:42Z,85.0,Sense
2025-07-17T18:12:47Z,84.0,Sense
2025-07-17T18:12:52Z,83.0,Sense
2025-07-17T18:12:57Z,81.0,Sense
2025-07-17T18:13:02Z,79.0,Sense
2025-07-17T18:13:07Z,77.0,Sense
2025-07-17T18:13:22Z,77.0,Sense
2025-07-17T18:13:27Z,78.0,Sense
2025-07-17T18:13:32Z,79.0,Sense
2025-07-17T18:13:37Z,79.0,Sense
2025-07-17T18:13:42Z,77.0,Sense
2025-07-17T18:13:47Z,75.0,Sense
2025-07-17T18:13:52Z,74.0,Sense
2025-07-17T18:13:57Z,75.0,Sense
2025-07-17T18:14:02Z,76.0,Sense
2025-07-17T18:14:07Z,76.0,Sense
2025-07-17T18:14:22Z,75.0,Sense
2025-07-17T18:14:32Z,74.0,Sense
2025-07-17T18:14:37Z,74.0,Sense
2025-07-17T18:14:42Z,75.0,Sense
2025-07-17T18:14:47Z,76.0,Sense
2025-07-17T18:14:52Z,77.0,Sense
2025-07-17T18:14:57Z,78.0,Sense
2025-07-17T18:15:12Z,79.0,Sense
2025-07-17T18:15:17Z,80.0,Sense
2025-07-17T18:15:22Z,79.0,Sense
2025-07-17T18:15:27Z,82.0,Sense
2025-07-17T18:15:37Z,81.0,Sense
2025-07-17T18:15:42Z,79.0,Sense
2025-07-17T18:15:47Z,78.0,Sense
2025-07-17T18:15:57Z,77.0,Sense
2025-07-17T18:16:02Z,76.0,Sense
2025-07-17T18:16:17Z,76.0,Sense
2025-07-17T18:16:32Z,76.0,Sense
2025-07-17T18:16:37Z,77.0,Sense
2025-07-17T18:16:42Z,78.0,Sense
2025-07-17T18:16:47Z,79.0,Sense
2025-07-17T18:16:52Z,80.0,Sense
2025-07-17T18:16:57Z,79.0,Sense
2025-07-17T18:17:02Z,78.0,Sense
2025-07-17T18:17:07Z,76.0,Sense
2025-07-17T18:17:12Z,75.0,Sense
2025-07-17T18:17:27Z,75.0,Sense
2025-07-17T18:17:42Z,75.0,Sense
2025-07-17T18:17:52Z,77.0,Sense
2025-07-17T18:17:57Z,79.0,Sense
2025-07-17T18:18:02Z,81.0,Sense
2025-07-17T18:18:07Z,85.0,Sense
2025-07-17T18:18:12Z,85.0,Sense
2025-07-17T18:18:17Z,85.0,Sense
2025-07-17T18:18:22Z,83.0,Sense
2025-07-17T18:18:32Z,79.0,Sense
2025-07-17T18:18:37Z,76.0,Sense
2025-07-17T18:18:42Z,75.0,Sense
2025-07-17T18:18:47Z,74.0,Sense
2025-07-17T18:19:02Z,75.0,Sense
2025-07-17T18:19:07Z,73.0,Sense
2025-07-17T18:19:17Z,73.0,Sense
2025-07-17T18:19:22Z,74.0,Sense
2025-07-17T18:19:27Z,74.0,Sense
2025-07-17T18:19:32Z,76.0,Sense
2025-07-17T18:19:37Z,77.0,Sense
2025-07-17T18:19:42Z,75.0,Sense
2025-07-17T18:19:47Z,74.0,Sense
2025-07-17T18:19:52Z,76.0,Sense
2025-07-17T18:19:57Z,76.0,Sense
2025-07-17T18:20:12Z,76.0,Sense
2025-07-17T18:20:17Z,81.0,Sense
2025-07-17T18:20:22Z,82.0,Sense
2025-07-17T18:20:27Z,81.0,Sense
2025-07-17T18:20:32Z,80.0,Sense
2025-07-17T18:20:37Z,79.0,Sense
2025-07-17T18:20:42Z,78.0,Sense
2025-07-17T18:20:47Z,78.0,Sense
2025-07-17T18:20:52Z,77.0,Sense
2025-07-17T18:21:07Z,77.0,Sense
2025-07-17T18:21:12Z,76.0,Sense
2025-07-17T18:21:17Z,76.0,Sense
2025-07-17T18:21:22Z,77.0,Sense
2025-07-17T18:21:32Z,78.0,Sense
2025-07-17T18:21:37Z,81.0,Sense
2025-07-17T18:21:42Z,80.0,Sense
2025-07-17T18:21:47Z,78.0,Sense
2025-07-17T18:21:52Z,77.0,Sense
2025-07-17T18:21:57Z,76.0,Sense
2025-07-17T18:22:02Z,75.0,Sense
2025-07-17T18:22:12Z,75.0,Sense
2025-07-17T18:22:17Z,74.0,Sense
2025-07-17T18:22:22Z,75.0,Sense
2025-07-17T18:22:32Z,77.0,Sense
2025-07-17T18:22:37Z,76.0,Sense
2025-07-17T18:22:47Z,77.0,Sense
2025-07-17T18:22:52Z,78.0,Sense
2025-07-17T18:22:57Z,79.0,Sense
2025-07-17T18:23:02Z,77.0,Sense
2025-07-17T18:23:07Z,75.0,Sense
2025-07-17T18:23:12Z,74.0,Sense
2025-07-17T18:23:17Z,73.0,Sense
2025-07-17T18:23:22Z,72.0,Sense
2025-07-17T18:23:27Z,73.0,Sense
2025-07-17T18:23:32Z,75.0,Sense
2025-07-17T18:23:42Z,74.0,Sense
2025-07-17T18:23:47Z,72.0,Sense
2025-07-17T18:23:57Z,74.0,Sense
2025-07-17T18:24:07Z,75.0,Sense
2025-07-17T18:24:17Z,75.0,Sense
2025-07-17T18:24:22Z,77.0,Sense
2025-07-17T18:24:27Z,80.0,Sense
2025-07-17T18:24:32Z,82.0,Sense
2025-07-17T18:24:37Z,83.0,Sense
2025-07-17T18:24:42Z,84.0,Sense
2025-07-17T18:24:47Z,87.0,Sense
2025-07-17T18:24:57Z,89.0,Sense
2025-07-17T18:25:02Z,87.0,Sense
2025-07-17T18:25:07Z,89.0,Sense
2025-07-17T18:25:12Z,86.0,Sense
2025-07-17T18:25:17Z,83.0,Sense
2025-07-17T18:25:22Z,80.0,Sense
2025-07-17T18:25:27Z,78.0,Sense
2025-07-17T18:25:32Z,77.0,Sense
2025-07-17T18:25:37Z,73.0,Sense
2025-07-17T18:25:47Z,72.0,Sense
2025-07-17T18:25:52Z,73.0,Sense
2025-07-17T18:25:57Z,74.0,Sense
2025-07-17T18:26:02Z,75.0,Sense
2025-07-17T18:26:07Z,77.0,Sense
2025-07-17T18:26:12Z,78.0,Sense
2025-07-17T18:26:17Z,77.0,Sense
2025-07-17T18:26:22Z,76.0,Sense
2025-07-17T18:26:27Z,75.0,Sense
2025-07-17T18:26:32Z,75.0,Sense
2025-07-17T18:26:37Z,76.0,Sense
2025-07-17T18:26:42Z,78.0,Sense
2025-07-17T18:26:47Z,79.0,Sense
2025-07-17T18:26:52Z,78.0,Sense
2025-07-17T18:26:57Z,76.0,Sense
2025-07-17T18:27:02Z,76.0,Sense
2025-07-17T18:27:07Z,76.0,Sense
2025-07-17T18:27:12Z,79.0,Sense
2025-07-17T18:27:17Z,79.0,Sense
2025-07-17T18:27:22Z,78.0,Sense
2025-07-17T18:27:27Z,77.0,Sense
2025-07-17T18:27:37Z,76.0,Sense
2025-07-17T18:27:52Z,76.0,Sense
2025-07-17T18:27:57Z,74.0,Sense
2025-07-17T18:28:07Z,74.0,Sense
2025-07-17T18:28:12Z,75.0,Sense
2025-07-17T18:28:17Z,75.0,Sense
2025-07-17T18:28:22Z,74.0,Sense
2025-07-17T18:28:32Z,75.0,Sense
2025-07-17T18:28:42Z,75.0,Sense
2025-07-17T18:28:47Z,75.0,Sense
2025-07-17T18:28:52Z,75.0,Sense
2025-07-17T18:29:07Z,76.0,Sense
2025-07-17T18:29:22Z,76.0,Sense
2025-07-17T18:29:32Z,76.0,Sense
2025-07-17T18:29:37Z,77.0,Sense
2025-07-17T18:29:42Z,78.0,Sense
2025-07-17T18:29:47Z,77.0,Sense
2025-07-17T18:29:52Z,76.0,Sense
2025-07-17T18:30:02Z,75.0,Sense
2025-07-17T18:30:12Z,76.0,Sense
2025-07-17T18:30:17Z,77.0,Sense
2025-07-17T18:30:22Z,78.0,Sense
2025-07-17T18:30:27Z,80.0,Sense
2025-07-17T18:30:32Z,79.0,Sense
2025-07-17T18:30:42Z,81.0,Sense
2025-07-17T18:30:47Z,80.0,Sense
2025-07-17T18:31:02Z,81.0,Sense
2025-07-17T18:31:07Z,82.0,Sense
2025-07-17T18:31:17Z,82.0,Sense
2025-07-17T18:31:22Z,82.0,Sense
2025-07-17T18:31:27Z,81.0,Sense
2025-07-17T18:31:32Z,79.0,Sense
2025-07-17T18:31:37Z,78.0,Sense
2025-07-17T18:31:42Z,80.0,Sense
2025-07-17T18:31:47Z,80.0,Sense
2025-07-17T18:31:52Z,80.0,Sense
2025-07-17T18:32:07Z,80.0,Sense
2025-07-17T18:32:17Z,81.0,Sense
2025-07-17T18:32:22Z,81.0,Sense
2025-07-17T18:32:32Z,79.0,Sense
2025-07-17T18:32:37Z,78.0,Sense
2025-07-17T18:32:52Z,79.0,Sense
2025-07-17T18:32:57Z,77.0,Sense
2025-07-17T18:33:02Z,76.0,Sense
2025-07-17T18:33:07Z,77.0,Sense
2025-07-17T18:33:12Z,78.0,Sense
2025-07-17T18:33:27Z,80.0,Sense
2025-07-17T18:33:32Z,81.0,Sense
2025-07-17T18:33:37Z,80.0,Sense
2025-07-17T18:33:42Z,79.0,Sense
2025-07-17T18:33:47Z,78.0,Sense
2025-07-17T18:33:57Z,77.0,Sense
2025-07-17T18:34:02Z,77.0,Sense
2025-07-17T18:34:17Z,77.0,Sense
2025-07-17T18:34:22Z,78.0,Sense
2025-07-17T18:34:27Z,78.0,Sense
2025-07-17T18:34:32Z,79.0,Sense
2025-07-17T18:34:47Z,81.0,Sense
2025-07-17T18:34:57Z,80.0,Sense
2025-07-17T18:35:12Z,79.0,Sense
2025-07-17T18:35:17Z,80.0,Sense
2025-07-17T18:35:22Z,83.0,Sense
2025-07-17T18:35:32Z,82.0,Sense
2025-07-17T18:35:42Z,80.0,Sense
2025-07-17T18:35:48Z,80.0,Sense
2025-07-17T18:35:53Z,79.0,Sense
2025-07-17T18:35:58Z,78.0,Sense
2025-07-17T18:36:13Z,78.0,Sense
2025-07-17T18:36:18Z,79.0,Sense
2025-07-17T18:36:33Z,79.0,Sense
2025-07-17T18:36:38Z,78.0,Sense
2025-07-17T18:36:48Z,80.0,Sense
2025-07-17T18:36:53Z,80.0,Sense
2025-07-17T18:37:03Z,79.0,Sense
2025-07-17T18:37:08Z,80.0,Sense
2025-07-17T18:37:13Z,81.0,Sense
2025-07-17T18:37:18Z,81.0,Sense
2025-07-17T18:37:23Z,80.0,Sense
2025-07-17T18:37:28Z,79.0,Sense
2025-07-17T18:37:33Z,79.0,Sense
2025-07-17T18:37:38Z,78.0,Sense
2025-07-17T18:37:53Z,79.0,Sense
2025-07-17T18:37:58Z,80.0,Sense
2025-07-17T18:38:03Z,81.0,Sense
2025-07-17T18:38:08Z,78.0,Sense
2025-07-17T18:38:18Z,77.0,Sense
2025-07-17T18:38:23Z,77.0,Sense
2025-07-17T18:38:33Z,77.0,Sense
2025-07-17T18:38:38Z,77.0,Sense
2025-07-17T18:38:43Z,78.0,Sense
2025-07-17T18:38:48Z,78.0,Sense
2025-07-17T18:38:53Z,78.0,Sense
2025-07-17T18:38:58Z,79.0,Sense
2025-07-17T18:39:13Z,78.0,Sense
2025-07-17T18:39:23Z,79.0,Sense
2025-07-17T18:39:38Z,79.0,Sense
2025-07-17T18:39:43Z,79.0,Sense
2025-07-17T18:39:53Z,78.0,Sense
2025-07-17T18:40:03Z,77.0,Sense
2025-07-17T18:40:13Z,79.0,Sense
2025-07-17T18:40:18Z,81.0,Sense
2025-07-17T18:40:33Z,81.0,Sense
2025-07-17T18:40:38Z,83.0,Sense
2025-07-17T18:40:43Z,82.0,Sense
2025-07-17T18:40:48Z,81.0,Sense
2025-07-17T18:40:53Z,80.0,Sense
2025-07-17T18:41:08Z,79.0,Sense
2025-07-17T18:41:13Z,79.0,Sense
2025-07-17T18:41:18Z,80.0,Sense
2025-07-17T18:41:28Z,79.0,Sense
2025-07-17T18:41:43Z,80.0,Sense
2025-07-17T18:41:48Z,83.0,Sense
2025-07-17T18:41:53Z,84.0,Sense
2025-07-17T18:42:03Z,83.0,Sense
2025-07-17T18:42:08Z,82.0,Sense
2025-07-17T18:42:13Z,81.0,Sense
2025-07-17T18:42:18Z,80.0,Sense
2025-07-17T18:42:23Z,79.0,Sense
2025-07-17T18:42:28Z,79.0,Sense
2025-07-17T18:42:38Z,80.0,Sense
2025-07-17T18:42:48Z,79.0,Sense
2025-07-17T18:42:58Z,80.0,Sense
2025-07-17T18:43:08Z,79.0,Sense
2025-07-17T18:43:18Z,78.0,Sense
2025-07-17T18:43:33Z,79.0,Sense
2025-07-17T18:43:38Z,80.0,Sense
2025-07-17T18:43:53Z,80.0,Sense
2025-07-17T18:43:58Z,79.0,Sense
2025-07-17T18:44:08Z,78.0,Sense
2025-07-17T18:44:13Z,77.0,Sense
2025-07-17T18:44:23Z,77.0,Sense
2025-07-17T18:44:28Z,76.0,Sense
2025-07-17T18:44:43Z,77.0,Sense
2025-07-17T18:44:58Z,78.0,Sense
2025-07-17T18:45:08Z,79.0,Sense
2025-07-17T18:45:13Z,80.0,Sense
2025-07-17T18:45:18Z,80.0,Sense
2025-07-17T18:45:28Z,77.0,Sense
2025-07-17T18:45:33Z,76.0,Sense
2025-07-17T18:45:48Z,76.0,Sense
2025-07-17T18:45:53Z,77.0,Sense
2025-07-17T18:45:58Z,78.0,Sense
2025-07-17T18:46:13Z,79.0,Sense
2025-07-17T18:46:18Z,81.0,Sense
2025-07-17T18:46:23Z,81.0,Sense
2025-07-17T18:46:28Z,81.0,Sense
2025-07-17T18:46:33Z,78.0,Sense
2025-07-17T18:46:38Z,77.0,Sense
2025-07-17T18:46:43Z,75.0,Sense
2025-07-17T18:46:53Z,74.0,Sense
2025-07-17T18:46:58Z,73.0,Sense
2025-07-17T18:47:03Z,74.0,Sense
2025-07-17T18:47:08Z,75.0,Sense
2025-07-17T18:47:23Z,75.0,Sense
2025-07-17T18:47:28Z,76.0,Sense
2025-07-17T18:47:43Z,76.0,Sense
2025-07-17T18:47:53Z,77.0,Sense
2025-07-17T18:47:58Z,78.0,Sense
2025-07-17T18:48:03Z,79.0,Sense
2025-07-17T18:48:13Z,79.0,Sense
2025-07-17T18:48:23Z,78.0,Sense
2025-07-17T18:48:28Z,77.0,Sense
2025-07-17T18:48:38Z,78.0,Sense
2025-07-17T18:48:43Z,80.0,Sense
2025-07-17T18:48:48Z,79.0,Sense
2025-07-17T18:48:53Z,82.0,Sense
2025-07-17T18:48:58Z,81.0,Sense
2025-07-17T18:49:03Z,80.0,Sense
2025-07-17T18:49:13Z,78.0,Sense
2025-07-17T18:49:18Z,77.0,Sense
2025-07-17T18:49:23Z,75.0,Sense
2025-07-17T18:49:28Z,74.0,Sense
2025-07-17T18:49:33Z,74.0,Sense
2025-07-17T18:49:38Z,75.0,Sense
2025-07-17T18:49:53Z,77.0,Sense
2025-07-17T18:49:58Z,78.0,Sense
2025-07-17T18:50:08Z,77.0,Sense
2025-07-17T18:50:18Z,78.0,Sense
2025-07-17T18:50:28Z,77.0,Sense
2025-07-17T18:50:38Z,80.0,Sense
2025-07-17T18:50:43Z,81.0,Sense
2025-07-17T18:50:58Z,83.0,Sense
2025-07-17T18:51:03Z,83.0,Sense
2025-07-17T18:51:08Z,80.0,Sense
2025-07-17T18:51:13Z,80.0,Sense
2025-07-17T18:51:28Z,79.0,Sense
2025-07-17T18:51:33Z,79.0,Sense
2025-07-17T18:51:38Z,82.0,Sense
2025-07-17T18:51:43Z,81.0,Sense
2025-07-17T18:51:48Z,80.0,Sense
2025-07-17T18:51:53Z,79.0,Sense
2025-07-17T18:51:58Z,78.0,Sense
2025-07-17T18:52:08Z,77.0,Sense
2025-07-17T18:52:13Z,78.0,Sense
2025-07-17T18:52:23Z,78.0,Sense
2025-07-17T18:52:28Z,80.0,Sense
2025-07-17T18:52:33Z,82.0,Sense
2025-07-17T18:52:43Z,83.0,Sense
2025-07-17T18:52:48Z,81.0,Sense
2025-07-17T18:52:53Z,81.0,Sense
2025-07-17T18:52:58Z,79.0,Sense
2025-07-17T18:53:03Z,78.0,Sense
2025-07-17T18:53:08Z,77.0,Sense
2025-07-17T18:53:18Z,78.0,Sense
2025-07-17T18:53:23Z,79.0,Sense
2025-07-17T18:53:28Z,82.0,Sense
2025-07-17T18:53:33Z,83.0,Sense
2025-07-17T18:53:38Z,82.0,Sense
2025-07-17T18:53:43Z,81.0,Sense
2025-07-17T18:53:53Z,81.0,Sense
2025-07-17T18:53:58Z,83.0,Sense
2025-07-17T18:54:03Z,83.0,Sense
2025-07-17T18:54:08Z,84.0,Sense
2025-07-17T18:54:18Z,83.0,Sense
2025-07-17T18:54:28Z,82.0,Sense
2025-07-17T18:54:33Z,81.0,Sense
2025-07-17T18:54:38Z,80.0,Sense
2025-07-17T18:54:43Z,79.0,Sense
2025-07-17T18:54:48Z,78.0,Sense
2025-07-17T18:54:53Z,79.0,Sense
2025-07-17T18:55:08Z,78.0,Sense
2025-07-17T18:55:13Z,76.0,Sense
2025-07-17T18:55:23Z,76.0,Sense
2025-07-17T18:55:28Z,76.0,Sense
2025-07-17T18:55:33Z,77.0,Sense
2025-07-17T18:55:38Z,79.0,Sense
2025-07-17T18:55:43Z,81.0,Sense
2025-07-17T18:55:53Z,82.0,Sense
2025-07-17T18:55:58Z,81.0,Sense
2025-07-17T18:56:03Z,80.0,Sense
2025-07-17T18:56:08Z,79.0,Sense
2025-07-17T18:56:13Z,79.0,Sense
2025-07-17T18:56:28Z,79.0,Sense
2025-07-17T18:56:43Z,80.0,Sense
2025-07-17T18:56:53Z,81.0,Sense
2025-07-17T18:56:58Z,82.0,Sense
2025-07-17T18:57:03Z,81.0,Sense
2025-07-17T18:57:08Z,83.0,Sense
2025-07-17T18:57:13Z,84.0,Sense
2025-07-17T18:57:23Z,83.0,Sense
2025-07-17T18:57:28Z,82.0,Sense
2025-07-17T18:57:43Z,83.0,Sense
2025-07-17T18:57:58Z,83.0,Sense
2025-07-17T18:58:08Z,82.0,Sense
2025-07-17T18:58:23Z,83.0,Sense
2025-07-17T18:58:28Z,84.0,Sense
2025-07-17T18:58:43Z,84.0,Sense
2025-07-17T18:58:48Z,87.0,Sense
2025-07-17T18:58:53Z,88.0,Sense
2025-07-17T18:59:03Z,87.0,Sense
2025-07-17T18:59:08Z,86.0,Sense
2025-07-17T18:59:13Z,85.0,Sense
2025-07-17T18:59:18Z,83.0,Sense
2025-07-17T18:59:23Z,83.0,Sense
2025-07-17T18:59:28Z,82.0,Sense
2025-07-17T18:59:33Z,81.0,Sense
2025-07-17T18:59:38Z,82.0,Sense
2025-07-17T18:59:43Z,85.0,Sense
2025-07-17T18:59:53Z,82.0,Sense
2025-07-17T18:59:58Z,81.0,Sense
2025-07-17T19:00:08Z,80.0,Sense
2025-07-17T19:00:13Z,78.0,Sense
2025-07-17T19:00:28Z,78.0,Sense
2025-07-17T19:00:33Z,79.0,Sense
2025-07-17T19:00:38Z,80.0,Sense
2025-07-17T19:00:43Z,82.0,Sense
2025-07-17T19:00:48Z,84.0,Sense
2025-07-17T19:00:53Z,79.0,Sense
2025-07-17T19:00:58Z,77.0,Sense
2025-07-17T19:01:03Z,77.0,Sense
2025-07-17T19:01:08Z,78.0,Sense
2025-07-17T19:01:13Z,79.0,Sense
2025-07-17T19:01:18Z,80.0,Sense
2025-07-17T19:01:33Z,80.0,Sense
2025-07-17T19:01:48Z,81.0,Sense
2025-07-17T19:01:53Z,80.0,Sense
2025-07-17T19:01:58Z,78.0,Sense
2025-07-17T19:02:03Z,79.0,Sense
2025-07-17T19:02:08Z,81.0,Sense
2025-07-17T19:02:18Z,81.0,Sense
2025-07-17T19:02:23Z,81.0,Sense
2025-07-17T19:02:28Z,82.0,Sense
2025-07-17T19:02:43Z,79.0,Sense
2025-07-17T19:02:48Z,78.0,Sense
2025-07-17T19:02:53Z,79.0,Sense
2025-07-17T19:03:08Z,79.0,Sense
2025-07-17T19:03:23Z,79.0,Sense
2025-07-17T19:03:38Z,79.0,Sense
2025-07-17T19:03:43Z,80.0,Sense
2025-07-17T19:03:58Z,79.0,Sense
2025-07-17T19:04:08Z,80.0,Sense
2025-07-17T19:04:13Z,81.0,Sense
2025-07-17T19:04:18Z,80.0,Sense
2025-07-17T19:04:23Z,81.0,Sense
2025-07-17T19:04:28Z,78.0,Sense
2025-07-17T19:04:33Z,78.0,Sense
2025-07-17T19:04:43Z,79.0,Sense
2025-07-17T19:04:48Z,80.0,Sense
2025-07-17T19:05:03Z,80.0,Sense
2025-07-17T19:05:13Z,82.0,Sense
2025-07-17T19:05:28Z,83.0,Sense
2025-07-17T19:05:38Z,86.0,Sense
2025-07-17T19:05:43Z,92.0,Sense
2025-07-17T19:05:48Z,92.0,Sense
2025-07-17T19:05:53Z,89.0,Sense
2025-07-17T19:05:58Z,84.0,Sense
2025-07-17T19:06:03Z,80.0,Sense
2025-07-17T19:06:08Z,80.0,Sense
2025-07-17T19:06:13Z,78.0,Sense
2025-07-17T19:06:18Z,78.0,Sense
2025-07-17T19:06:23Z,78.0,Sense
2025-07-17T19:06:28Z,77.0,Sense
2025-07-17T19:06:33Z,76.0,Sense
2025-07-17T19:06:48Z,78.0,Sense
2025-07-17T19:07:03Z,79.0,Sense
2025-07-17T19:07:08Z,81.0,Sense
2025-07-17T19:07:13Z,82.0,Sense
2025-07-17T19:07:18Z,83.0,Sense
2025-07-17T19:07:28Z,82.0,Sense
2025-07-17T19:07:33Z,81.0,Sense
2025-07-17T19:07:38Z,81.0,Sense
2025-07-17T19:07:43Z,84.0,Sense
2025-07-17T19:07:48Z,85.0,Sense
2025-07-17T19:07:53Z,84.0,Sense
2025-07-17T19:07:58Z,83.0,Sense
2025-07-17T19:08:03Z,83.0,Sense
2025-07-17T19:08:08Z,83.0,Sense
2025-07-17T19:08:13Z,82.0,Sense
2025-07-17T19:08:18Z,81.0,Sense
2025-07-17T19:08:23Z,80.0,Sense
2025-07-17T19:08:33Z,78.0,Sense
2025-07-17T19:08:43Z,77.0,Sense
2025-07-17T19:08:48Z,76.0,Sense
2025-07-17T19:08:53Z,75.0,Sense
2025-07-17T19:08:58Z,74.0,Sense
2025-07-17T19:09:08Z,74.0,Sense
2025-07-17T19:09:13Z,75.0,Sense
2025-07-17T19:09:18Z,76.0,Sense
2025-07-17T19:09:23Z,77.0,Sense
2025-07-17T19:09:28Z,79.0,Sense
2025-07-17T19:09:33Z,80.0,Sense
2025-07-17T19:09:38Z,80.0,Sense
2025-07-17T19:09:43Z,80.0,Sense
2025-07-17T19:09:53Z,80.0,Sense
2025-07-17T19:09:58Z,81.0,Sense
2025-07-17T19:10:03Z,80.0,Sense
2025-07-17T19:10:08Z,79.0,Sense
2025-07-17T19:10:18Z,80.0,Sense
2025-07-17T19:10:33Z,81.0,Sense
2025-07-17T19:10:38Z,82.0,Sense
2025-07-17T19:10:43Z,83.0,Sense
2025-07-17T19:10:48Z,82.0,Sense
2025-07-17T19:11:03Z,82.0,Sense
2025-07-17T19:11:13Z,80.0,Sense
2025-07-17T19:11:18Z,79.0,Sense
2025-07-17T19:11:23Z,80.0,Sense
2025-07-17T19:11:28Z,81.0,Sense
2025-07-17T19:11:33Z,81.0,Sense
2025-07-17T19:11:38Z,84.0,Sense
2025-07-17T19:11:43Z,84.0,Sense
2025-07-17T19:11:48Z,82.0,Sense
2025-07-17T19:11:53Z,81.0,Sense
2025-07-17T19:12:03Z,80.0,Sense
2025-07-17T19:12:08Z,78.0,Sense
2025-07-17T19:12:13Z,78.0,Sense
2025-07-17T19:12:23Z,80.0,Sense
2025-07-17T19:12:33Z,79.0,Sense
2025-07-17T19:12:38Z,78.0,Sense
2025-07-17T19:12:53Z,76.0,Sense
2025-07-17T19:12:58Z,77.0,Sense
2025-07-17T19:13:03Z,80.0,Sense
2025-07-17T19:13:08Z,82.0,Sense
2025-07-17T19:13:18Z,83.0,Sense
2025-07-17T19:13:23Z,81.0,Sense
2025-07-17T19:13:28Z,79.0,Sense
2025-07-17T19:13:38Z,78.0,Sense
2025-07-17T19:13:43Z,77.0,Sense
2025-07-17T19:13:48Z,76.0,Sense
2025-07-17T19:13:53Z,76.0,Sense
2025-07-17T19:13:58Z,78.0,Sense
2025-07-17T19:14:03Z,79.0,Sense
2025-07-17T19:14:08Z,80.0,Sense
2025-07-17T19:14:13Z,81.0,Sense
2025-07-17T19:14:23Z,81.0,Sense
2025-07-17T19:14:33Z,82.0,Sense
2025-07-17T19:14:48Z,82.0,Sense
2025-07-17T19:14:53Z,80.0,Sense
2025-07-17T19:14:58Z,79.0,Sense
2025-07-17T19:15:03Z,78.0,Sense
2025-07-17T19:15:08Z,77.0,Sense
2025-07-17T19:15:18Z,77.0,Sense
2025-07-17T19:15:23Z,79.0,Sense
2025-07-17T19:15:28Z,81.0,Sense
2025-07-17T19:15:33Z,83.0,Sense
2025-07-17T19:15:38Z,82.0,Sense
2025-07-17T19:15:43Z,81.0,Sense
2025-07-17T19:15:48Z,80.0,Sense
2025-07-17T19:15:53Z,80.0,Sense
2025-07-17T19:15:58Z,80.0,Sense
2025-07-17T19:16:13Z,80.0,Sense
2025-07-17T19:16:18Z,79.0,Sense
2025-07-17T19:16:23Z,78.0,Sense
2025-07-17T19:16:38Z,78.0,Sense
2025-07-17T19:16:43Z,77.0,Sense
2025-07-17T19:16:48Z,78.0,Sense
2025-07-17T19:16:58Z,77.0,Sense
2025-07-17T19:17:03Z,76.0,Sense
2025-07-17T19:17:08Z,76.0,Sense
2025-07-17T19:17:13Z,77.0,Sense
2025-07-17T19:17:18Z,76.0,Sense
2025-07-17T19:17:23Z,76.0,Sense
2025-07-17T19:17:33Z,77.0,Sense
2025-07-17T19:17:38Z,78.0,Sense
2025-07-17T19:17:53Z,78.0,Sense
2025-07-17T19:17:58Z,79.0,Sense
2025-07-17T19:18:03Z,80.0,Sense
2025-07-17T19:18:08Z,81.0,Sense
2025-07-17T19:18:23Z,82.0,Sense
2025-07-17T19:18:28Z,83.0,Sense
2025-07-17T19:18:33Z,82.0,Sense
2025-07-17T19:18:38Z,80.0,Sense
2025-07-17T19:18:43Z,79.0,Sense
2025-07-17T19:18:48Z,78.0,Sense
2025-07-17T19:18:53Z,77.0,Sense
2025-07-17T19:18:58Z,75.0,Sense
2025-07-17T19:19:13Z,75.0,Sense
2025-07-17T19:19:18Z,76.0,Sense
2025-07-17T19:19:23Z,77.0,Sense
2025-07-17T19:19:28Z,80.0,Sense
2025-07-17T19:19:33Z,84.0,Sense
2025-07-17T19:19:38Z,81.0,Sense
2025-07-17T19:19:43Z,79.0,Sense
2025-07-17T19:19:48Z,79.0,Sense
2025-07-17T19:19:58Z,79.0,Sense
2025-07-17T19:20:08Z,76.0,Sense
2025-07-17T19:20:23Z,78.0,Sense
2025-07-17T19:20:28Z,79.0,Sense
2025-07-17T19:20:33Z,80.0,Sense
2025-07-17T19:20:38Z,79.0,Sense
2025-07-17T19:20:43Z,77.0,Sense
2025-07-17T19:20:48Z,75.0,Sense
2025-07-17T19:20:53Z,76.0,Sense
2025-07-17T19:20:58Z,76.0,Sense
2025-07-17T19:21:03Z,77.0,Sense
2025-07-17T19:21:08Z,76.0,Sense
2025-07-17T19:21:13Z,75.0,Sense
2025-07-17T19:21:23Z,74.0,Sense
2025-07-17T19:21:28Z,73.0,Sense
2025-07-17T19:21:33Z,72.0,Sense
2025-07-17T19:21:38Z,72.0,Sense
2025-07-17T19:21:48Z,74.0,Sense
2025-07-17T19:22:03Z,74.0,Sense
2025-07-17T19:22:18Z,73.0,Sense
2025-07-17T19:22:23Z,73.0,Sense
2025-07-17T19:22:28Z,75.0,Sense
2025-07-17T19:22:33Z,75.0,Sense
2025-07-17T19:22:38Z,74.0,Sense
2025-07-17T19:22:53Z,73.0,Sense
2025-07-17T19:22:58Z,72.0,Sense
2025-07-17T19:23:03Z,72.0,Sense
2025-07-17T19:23:08Z,73.0,Sense
2025-07-17T19:23:13Z,75.0,Sense
2025-07-17T19:23:18Z,73.0,Sense
2025-07-17T19:23:23Z,72.0,Sense
2025-07-17T19:23:28Z,72.0,Sense
2025-07-17T19:23:33Z,74.0,Sense
2025-07-17T19:23:38Z,76.0,Sense
2025-07-17T19:23:43Z,75.0,Sense
2025-07-17T19:23:48Z,74.0,Sense
2025-07-17T19:23:53Z,74.0,Sense
2025-07-17T19:24:03Z,74.0,Sense
2025-07-17T19:24:08Z,75.0,Sense
2025-07-17T19:24:13Z,77.0,Sense
2025-07-17T19:24:18Z,78.0,Sense
2025-07-17T19:24:23Z,77.0,Sense
2025-07-17T19:24:28Z,77.0,Sense
2025-07-17T19:24:38Z,76.0,Sense
2025-07-17T19:24:43Z,77.0,Sense
2025-07-17T19:24:58Z,77.0,Sense
2025-07-17T19:25:08Z,77.0,Sense
2025-07-17T19:25:13Z,76.0,Sense
2025-07-17T19:25:18Z,77.0,Sense
2025-07-17T19:25:33Z,76.0,Sense
2025-07-17T19:25:38Z,77.0,Sense
2025-07-17T19:25:43Z,77.0,Sense
2025-07-17T19:25:58Z,76.0,Sense
2025-07-17T19:26:08Z,73.0,Sense
2025-07-17T19:26:18Z,74.0,Sense
2025-07-17T19:26:28Z,75.0,Sense
2025-07-17T19:26:33Z,76.0,Sense
2025-07-17T19:26:38Z,77.0,Sense
2025-07-17T19:26:43Z,78.0,Sense
2025-07-17T19:26:53Z,77.0,Sense
2025-07-17T19:27:08Z,77.0,Sense
2025-07-17T19:27:23Z,78.0,Sense
2025-07-17T19:27:28Z,79.0,Sense
2025-07-17T19:27:33Z,78.0,Sense
2025-07-17T19:27:38Z,76.0,Sense
2025-07-17T19:27:53Z,76.0,Sense
2025-07-17T19:28:03Z,75.0,Sense
2025-07-17T19:28:13Z,76.0,Sense
2025-07-17T19:28:23Z,77.0,Sense
2025-07-17T19:28:28Z,78.0,Sense
2025-07-17T19:28:33Z,76.0,Sense
2025-07-17T19:28:38Z,75.0,Sense
2025-07-17T19:28:53Z,75.0,Sense
2025-07-17T19:28:58Z,76.0,Sense
2025-07-17T19:29:13Z,76.0,Sense
2025-07-17T19:29:28Z,76.0,Sense
2025-07-17T19:29:33Z,75.0,Sense
2025-07-17T19:29:38Z,76.0,Sense
2025-07-17T19:29:53Z,77.0,Sense
2025-07-17T19:30:03Z,76.0,Sense
2025-07-17T19:30:08Z,75.0,Sense
2025-07-17T19:30:18Z,74.0,Sense
2025-07-17T19:30:33Z,74.0,Sense
2025-07-17T19:30:43Z,75.0,Sense
2025-07-17T19:30:53Z,74.0,Sense
2025-07-17T19:30:58Z,75.0,Sense
2025-07-17T19:31:03Z,76.0,Sense
2025-07-17T19:31:08Z,77.0,Sense
2025-07-17T19:31:23Z,77.0,Sense
2025-07-17T19:31:28Z,76.0,Sense
2025-07-17T19:31:33Z,75.0,Sense
2025-07-17T19:31:38Z,76.0,Sense
2025-07-17T19:31:43Z,82.0,Sense
2025-07-17T19:31:48Z,81.0,Sense
2025-07-17T19:31:58Z,82.0,Sense
2025-07-17T19:32:08Z,81.0,Sense
2025-07-17T19:32:13Z,79.0,Sense
2025-07-17T19:32:18Z,77.0,Sense
2025-07-17T19:32:28Z,78.0,Sense
2025-07-17T19:32:33Z,77.0,Sense
2025-07-17T19:32:38Z,75.0,Sense
2025-07-17T19:32:43Z,74.0,Sense
2025-07-17T19:32:53Z,75.0,Sense
2025-07-17T19:33:08Z,74.0,Sense
2025-07-17T19:33:13Z,73.0,Sense
2025-07-17T19:33:18Z,74.0,Sense
2025-07-17T19:33:28Z,75.0,Sense
2025-07-17T19:33:33Z,74.0,Sense
2025-07-17T19:33:38Z,74.0,Sense
2025-07-17T19:33:48Z,71.0,Sense
2025-07-17T19:33:53Z,70.0,Sense
2025-07-17T19:33:58Z,73.0,Sense
2025-07-17T19:34:03Z,74.0,Sense
2025-07-17T19:34:08Z,74.0,Sense
2025-07-17T19:34:23Z,75.0,Sense
2025-07-17T19:34:33Z,73.0,Sense
2025-07-17T19:34:48Z,75.0,Sense
2025-07-17T19:34:53Z,76.0,Sense
2025-07-17T19:35:08Z,76.0,Sense
2025-07-17T19:35:13Z,77.0,Sense
2025-07-17T19:35:18Z,78.0,Sense
2025-07-17T19:35:23Z,75.0,Sense
2025-07-17T19:35:38Z,76.0,Sense
2025-07-17T19:35:53Z,76.0,Sense
2025-07-17T19:35:58Z,76.0,Sense
2025-07-17T19:36:03Z,76.0,Sense
2025-07-17T19:36:13Z,76.0,Sense
2025-07-17T19:36:23Z,75.0,Sense
2025-07-17T19:36:30Z,74.0,Sense
2025-07-17T19:36:35Z,77.0,Sense
2025-07-17T19:36:40Z,76.0,Sense
2025-07-17T19:36:45Z,75.0,Sense
2025-07-17T19:36:50Z,72.0,Sense
2025-07-17T19:36:55Z,73.0,Sense
2025-07-17T19:37:00Z,74.0,Sense
2025-07-17T19:37:10Z,73.0,Sense
2025-07-17T19:37:20Z,74.0,Sense
2025-07-17T19:37:25Z,75.0,Sense
2025-07-17T19:37:35Z,74.0,Sense
2025-07-17T19:37:40Z,74.0,Sense
2025-07-17T19:37:45Z,74.0,Sense
2025-07-17T19:37:50Z,74.0,Sense
2025-07-17T19:37:55Z,75.0,Sense
2025-07-17T19:38:00Z,76.0,Sense
2025-07-17T19:38:05Z,77.0,Sense
2025-07-17T19:38:10Z,75.0,Sense
2025-07-17T19:38:15Z,73.0,Sense
2025-07-17T19:38:20Z,71.0,Sense
2025-07-17T19:38:25Z,70.0,Sense
2025-07-17T19:38:30Z,69.0,Sense
2025-07-17T19:38:35Z,70.0,Sense
2025-07-17T19:38:40Z,70.0,Sense
2025-07-17T19:38:45Z,69.0,Sense
2025-07-17T19:38:50Z,69.0,Sense
2025-07-17T19:38:55Z,70.0,Sense
2025-07-17T19:39:00Z,70.0,Sense
2025-07-17T19:39:15Z,71.0,Sense
2025-07-17T19:39:20Z,71.0,Sense
2025-07-17T19:39:25Z,73.0,Sense
2025-07-17T19:39:30Z,72.0,Sense
2025-07-17T19:39:35Z,71.0,Sense
2025-07-17T19:39:45Z,72.0,Sense
2025-07-17T19:39:55Z,72.0,Sense
2025-07-17T19:40:00Z,72.0,Sense
2025-07-17T19:40:05Z,73.0,Sense
2025-07-17T19:40:10Z,74.0,Sense
2025-07-17T19:40:25Z,74.0,Sense
2025-07-17T19:40:30Z,72.0,Sense
2025-07-17T19:40:35Z,72.0,Sense
2025-07-17T19:40:40Z,73.0,Sense
2025-07-17T19:40:55Z,73.0,Sense
2025-07-17T19:41:00Z,77.0,Sense
2025-07-17T19:41:05Z,79.0,Sense
2025-07-17T19:41:10Z,77.0,Sense
2025-07-17T19:41:15Z,76.0,Sense
2025-07-17T19:41:20Z,75.0,Sense
2025-07-17T19:41:25Z,73.0,Sense
2025-07-17T19:41:30Z,71.0,Sense
2025-07-17T19:41:35Z,71.0,Sense
2025-07-17T19:41:40Z,72.0,Sense
2025-07-17T19:41:45Z,71.0,Sense
2025-07-17T19:41:50Z,69.0,Sense
2025-07-17T19:41:55Z,67.0,Sense
2025-07-17T19:42:00Z,66.0,Sense
2025-07-17T19:42:05Z,67.0,Sense
2025-07-17T19:42:10Z,67.0,Sense
2025-07-17T19:42:15Z,66.0,Sense
2025-07-17T19:42:20Z,66.0,Sense
2025-07-17T19:42:25Z,67.0,Sense
2025-07-17T19:42:30Z,68.0,Sense
2025-07-17T19:42:40Z,68.0,Sense
2025-07-17T19:42:50Z,71.0,Sense
2025-07-17T19:42:55Z,73.0,Sense
2025-07-17T19:43:00Z,75.0,Sense
2025-07-17T19:43:05Z,76.0,Sense
2025-07-17T19:43:15Z,75.0,Sense
2025-07-17T19:43:20Z,74.0,Sense
2025-07-17T19:43:25Z,73.0,Sense
2025-07-17T19:43:30Z,72.0,Sense
2025-07-17T19:43:40Z,72.0,Sense
2025-07-17T19:43:55Z,72.0,Sense
2025-07-17T19:44:00Z,71.0,Sense
2025-07-17T19:44:05Z,71.0,Sense
2025-07-17T19:44:15Z,72.0,Sense
2025-07-17T19:44:25Z,73.0,Sense
2025-07-17T19:44:30Z,74.0,Sense
2025-07-17T19:44:40Z,73.0,Sense
2025-07-17T19:44:50Z,72.0,Sense
2025-07-17T19:44:55Z,72.0,Sense
2025-07-17T19:45:00Z,72.0,Sense
2025-07-17T19:45:10Z,71.0,Sense
2025-07-17T19:45:20Z,72.0,Sense
2025-07-17T19:45:30Z,73.0,Sense
2025-07-17T19:45:35Z,74.0,Sense
2025-07-17T19:45:50Z,75.0,Sense
2025-07-17T19:45:55Z,74.0,Sense
2025-07-17T19:46:00Z,73.0,Sense
2025-07-17T19:46:10Z,76.0,Sense
2025-07-17T19:46:20Z,75.0,Sense
2025-07-17T19:46:30Z,72.0,Sense
2025-07-17T19:46:40Z,74.0,Sense
2025-07-17T19:46:45Z,76.0,Sense
2025-07-17T19:46:50Z,73.0,Sense
2025-07-17T19:46:55Z,74.0,Sense
2025-07-17T19:47:00Z,72.0,Sense
2025-07-17T19:47:05Z,70.0,Sense
2025-07-17T19:47:10Z,71.0,Sense
2025-07-17T19:47:15Z,73.0,Sense
2025-07-17T19:47:20Z,76.0,Sense
2025-07-17T19:47:25Z,81.0,Sense
2025-07-17T19:47:30Z,84.0,Sense
2025-07-17T19:47:35Z,87.0,Sense
2025-07-17T19:47:40Z,89.0,Sense
2025-07-17T19:47:45Z,88.0,Sense
2025-07-17T19:47:50Z,86.0,Sense
2025-07-17T19:47:55Z,88.0,Sense
2025-07-17T19:48:00Z,87.0,Sense
2025-07-17T19:48:05Z,88.0,Sense
2025-07-17T19:48:10Z,96.0,Sense
2025-07-17T19:48:15Z,101.0,Sense
2025-07-17T19:48:20Z,100.0,Sense
2025-07-17T19:48:25Z,101.0,Sense
2025-07-17T19:48:30Z,98.0,Sense
2025-07-17T19:48:35Z,95.0,Sense
2025-07-17T19:48:40Z,88.0,Sense
2025-07-17T19:48:55Z,88.0,Sense
2025-07-17T19:57:10Z,88.0,Sense
2025-07-17T19:57:15Z,84.0,Sense
2025-07-17T19:57:20Z,85.0,Sense
2025-07-17T19:57:25Z,88.0,Sense
2025-07-17T19:57:30Z,90.0,Sense
2025-07-17T19:57:35Z,92.0,Sense
2025-07-17T19:58:22Z,91.0,Sense
2025-07-17T19:58:32Z,93.0,Sense
2025-07-17T19:58:42Z,89.0,Sense
2025-07-17T19:58:47Z,90.0,Sense
2025-07-17T19:58:57Z,86.0,Sense
2025-07-17T19:59:02Z,84.0,Sense
2025-07-17T19:59:07Z,81.0,Sense
2025-07-17T19:59:12Z,88.0,Sense
2025-07-17T19:59:17Z,82.0,Sense
2025-07-17T19:59:22Z,80.0,Sense
2025-07-17T19:59:27Z,78.0,Sense
2025-07-17T19:59:32Z,79.0,Sense
2025-07-17T19:59:37Z,86.0,Sense
2025-07-17T19:59:42Z,91.0,Sense
2025-07-17T19:59:47Z,94.0,Sense
2025-07-17T19:59:52Z,95.0,Sense
2025-07-17T19:59:57Z,97.0,Sense
2025-07-17T20:00:02Z,91.0,Sense
2025-07-17T20:00:07Z,92.0,Sense
2025-07-17T20:00:12Z,90.0,Sense
2025-07-17T20:00:17Z,91.0,Sense
2025-07-17T20:00:22Z,86.0,Sense
2025-07-17T20:00:27Z,90.0,Sense
2025-07-17T20:00:32Z,97.0,Sense
2025-07-17T20:00:37Z,106.0,Sense
2025-07-17T20:00:42Z,107.0,Sense
2025-07-17T20:00:47Z,107.0,Sense
2025-07-17T20:00:52Z,105.0,Sense
2025-07-17T20:00:57Z,103.0,Sense
2025-07-17T20:01:02Z,101.0,Sense
2025-07-17T20:01:07Z,107.0,Sense
2025-07-17T20:01:12Z,110.0,Sense
2025-07-17T20:01:17Z,112.0,Sense
2025-07-17T20:01:22Z,113.0,Sense
2025-07-17T20:01:27Z,102.0,Sense
2025-07-17T20:01:32Z,105.0,Sense
2025-07-17T20:01:37Z,97.0,Sense
2025-07-17T20:01:42Z,102.0,Sense
2025-07-17T20:01:47Z,98.0,Sense
2025-07-17T20:01:52Z,102.0,Sense
2025-07-17T20:01:57Z,110.0,Sense
2025-07-17T20:02:02Z,97.0,Sense
2025-07-17T20:02:07Z,107.0,Sense
2025-07-17T20:02:12Z,99.0,Sense
2025-07-17T20:02:17Z,105.0,Sense
2025-07-17T20:02:27Z,102.0,Sense
2025-07-17T20:02:32Z,105.0,Sense
2025-07-17T20:02:37Z,102.0,Sense
2025-07-17T20:02:42Z,106.0,Sense
2025-07-17T20:02:47Z,106.0,Sense
2025-07-17T20:02:52Z,118.0,Sense
2025-07-17T20:02:57Z,113.0,Sense
2025-07-17T20:03:02Z,116.0,Sense
2025-07-17T20:03:07Z,118.0,Sense
2025-07-17T20:03:12Z,111.0,Sense
2025-07-17T20:03:17Z,119.0,Sense
2025-07-17T20:03:22Z,116.0,Sense
2025-07-17T20:03:27Z,119.0,Sense
2025-07-17T20:03:32Z,110.0,Sense
2025-07-17T20:03:37Z,117.0,Sense
2025-07-17T20:03:42Z,115.0,Sense
2025-07-17T20:03:47Z,105.0,Sense
2025-07-17T20:03:52Z,113.0,Sense
2025-07-17T20:03:57Z,109.0,Sense
2025-07-17T20:04:02Z,107.0,Sense
2025-07-17T20:04:12Z,110.0,Sense
2025-07-17T20:04:17Z,117.0,Sense
2025-07-17T20:04:22Z,120.0,Sense
2025-07-17T20:04:32Z,118.0,Sense
2025-07-17T20:04:37Z,121.0,Sense
2025-07-17T20:04:42Z,118.0,Sense
2025-07-17T20:04:47Z,105.0,Sense
2025-07-17T20:04:52Z,115.0,Sense
2025-07-17T20:04:57Z,107.0,Sense
2025-07-17T20:05:02Z,117.0,Sense
2025-07-17T20:05:07Z,119.0,Sense
2025-07-17T20:05:17Z,116.0,Sense
2025-07-17T20:05:32Z,116.0,Sense
2025-07-17T20:05:37Z,117.0,Sense
2025-07-17T20:05:42Z,118.0,Sense
2025-07-17T20:05:47Z,121.0,Sense
2025-07-17T20:05:52Z,123.0,Sense
2025-07-17T20:06:02Z,121.0,Sense
2025-07-17T20:06:07Z,116.0,Sense
2025-07-17T20:06:12Z,111.0,Sense
2025-07-17T20:06:17Z,106.0,Sense
2025-07-17T20:06:22Z,102.0,Sense
2025-07-17T20:06:27Z,95.0,Sense
2025-07-17T20:06:32Z,88.0,Sense
2025-07-17T20:06:37Z,85.0,Sense
2025-07-17T20:06:42Z,86.0,Sense
2025-07-17T20:06:47Z,82.0,Sense
2025-07-17T20:06:52Z,90.0,Sense
2025-07-17T20:06:57Z,100.0,Sense
2025-07-17T20:07:02Z,99.0,Sense
2025-07-17T20:07:07Z,102.0,Sense
2025-07-17T20:07:12Z,105.0,Sense
2025-07-17T20:07:17Z,107.0,Sense
2025-07-17T20:07:27Z,103.0,Sense
2025-07-17T20:07:32Z,94.0,Sense
2025-07-17T20:07:37Z,97.0,Sense
2025-07-17T20:07:42Z,86.0,Sense
2025-07-17T20:07:47Z,85.0,Sense
2025-07-17T20:07:52Z,81.0,Sense
2025-07-17T20:07:57Z,83.0,Sense
2025-07-17T20:08:02Z,90.0,Sense
2025-07-17T20:08:07Z,100.0,Sense
2025-07-17T20:08:12Z,107.0,Sense
2025-07-17T20:08:17Z,115.0,Sense
2025-07-17T20:08:22Z,107.0,Sense
2025-07-17T20:08:27Z,112.0,Sense
2025-07-17T20:08:32Z,111.0,Sense
2025-07-17T20:08:37Z,113.0,Sense
2025-07-17T20:08:42Z,116.0,Sense
2025-07-17T20:08:47Z,115.0,Sense
2025-07-17T20:09:02Z,113.0,Sense
2025-07-17T20:09:07Z,103.0,Sense
2025-07-17T20:09:12Z,116.0,Sense
2025-07-17T20:09:17Z,104.0,Sense
2025-07-17T20:09:22Z,109.0,Sense
2025-07-17T20:09:27Z,108.0,Sense
2025-07-17T20:09:32Z,102.0,Sense
2025-07-17T20:09:42Z,112.0,Sense
2025-07-17T20:09:47Z,106.0,Sense
2025-07-17T20:09:52Z,104.0,Sense
2025-07-17T20:09:57Z,108.0,Sense
2025-07-17T20:10:02Z,99.0,Sense
2025-07-17T20:10:07Z,107.0,Sense
2025-07-17T20:10:12Z,100.0,Sense
2025-07-17T20:10:17Z,97.0,Sense
2025-07-17T20:10:27Z,100.0,Sense
2025-07-17T20:10:32Z,96.0,Sense
2025-07-17T20:10:37Z,94.0,Sense
2025-07-17T20:10:42Z,91.0,Sense
2025-07-17T20:10:47Z,92.0,Sense
2025-07-17T20:10:52Z,101.0,Sense
2025-07-17T20:10:57Z,97.0,Sense
2025-07-17T20:11:02Z,84.0,Sense
2025-07-17T20:11:07Z,79.0,Sense
2025-07-17T20:11:22Z,78.0,Sense
2025-07-17T20:11:37Z,78.0,Sense
2025-07-17T20:11:42Z,77.0,Sense
2025-07-17T20:11:52Z,78.0,Sense
2025-07-17T20:12:07Z,79.0,Sense
2025-07-17T20:12:17Z,78.0,Sense
2025-07-17T20:12:32Z,78.0,Sense
2025-07-17T20:12:37Z,77.0,Sense
2025-07-17T20:12:42Z,78.0,Sense
2025-07-17T20:12:52Z,80.0,Sense
2025-07-17T20:12:57Z,95.0,Sense
2025-07-17T20:13:02Z,94.0,Sense
2025-07-17T20:13:12Z,93.0,Sense
2025-07-17T20:13:17Z,92.0,Sense
2025-07-17T20:13:27Z,90.0,Sense
2025-07-17T20:13:32Z,88.0,Sense
2025-07-17T20:13:37Z,86.0,Sense
2025-07-17T20:13:42Z,85.0,Sense
2025-07-17T20:13:57Z,85.0,Sense
2025-07-17T20:14:02Z,86.0,Sense
2025-07-17T20:14:07Z,85.0,Sense
2025-07-17T20:14:12Z,84.0,Sense
2025-07-17T20:14:17Z,85.0,Sense
2025-07-17T20:14:22Z,84.0,Sense
2025-07-17T20:14:27Z,82.0,Sense
2025-07-17T20:14:37Z,80.0,Sense
2025-07-17T20:14:47Z,79.0,Sense
2025-07-17T20:14:52Z,77.0,Sense
2025-07-17T20:15:07Z,78.0,Sense
2025-07-17T20:15:12Z,79.0,Sense
2025-07-17T20:15:27Z,80.0,Sense
2025-07-17T20:15:32Z,81.0,Sense
2025-07-17T20:15:37Z,82.0,Sense
2025-07-17T20:15:42Z,87.0,Sense
2025-07-17T20:15:57Z,87.0,Sense
2025-07-17T20:16:02Z,87.0,Sense
2025-07-17T20:16:12Z,87.0,Sense
2025-07-17T20:16:17Z,86.0,Sense
2025-07-17T20:16:22Z,85.0,Sense
2025-07-17T20:16:27Z,85.0,Sense
2025-07-17T20:16:37Z,84.0,Sense
2025-07-17T20:16:52Z,84.0,Sense
2025-07-17T20:16:57Z,83.0,Sense
2025-07-17T20:17:07Z,84.0,Sense
2025-07-17T20:17:22Z,85.0,Sense
2025-07-17T20:17:32Z,84.0,Sense
2025-07-17T20:17:37Z,82.0,Sense
2025-07-17T20:17:42Z,81.0,Sense
2025-07-17T20:17:57Z,80.0,Sense
2025-07-17T20:18:07Z,81.0,Sense
2025-07-17T20:18:12Z,81.0,Sense
2025-07-17T20:18:17Z,79.0,Sense
2025-07-17T20:18:22Z,73.0,Sense
2025-07-17T20:18:32Z,74.0,Sense
2025-07-17T20:18:47Z,74.0,Sense
2025-07-17T20:18:52Z,74.0,Sense
2025-07-17T20:18:57Z,75.0,Sense
2025-07-17T20:19:12Z,75.0,Sense
2025-07-17T20:19:17Z,76.0,Sense
2025-07-17T20:19:22Z,77.0,Sense
2025-07-17T20:19:27Z,78.0,Sense
2025-07-17T20:19:42Z,78.0,Sense
2025-07-17T20:19:47Z,79.0,Sense
2025-07-17T20:19:52Z,80.0,Sense
2025-07-17T20:19:57Z,79.0,Sense
2025-07-17T20:20:02Z,80.0,Sense
2025-07-17T20:20:07Z,81.0,Sense
2025-07-17T20:20:22Z,81.0,Sense
2025-07-17T20:20:27Z,82.0,Sense
2025-07-17T20:20:42Z,81.0,Sense
2025-07-17T20:20:52Z,80.0,Sense
2025-07-17T20:21:07Z,80.0,Sense
2025-07-17T20:21:12Z,81.0,Sense
2025-07-17T20:21:22Z,82.0,Sense
2025-07-17T20:21:32Z,80.0,Sense
2025-07-17T20:21:42Z,82.0,Sense
2025-07-17T20:21:47Z,81.0,Sense
2025-07-17T20:21:52Z,81.0,Sense
2025-07-17T20:21:57Z,80.0,Sense
2025-07-17T20:22:02Z,81.0,Sense
2025-07-17T20:22:07Z,80.0,Sense
2025-07-17T20:22:22Z,79.0,Sense
2025-07-17T20:22:37Z,80.0,Sense
2025-07-17T20:22:42Z,79.0,Sense
2025-07-17T20:22:57Z,80.0,Sense
2025-07-17T20:23:07Z,81.0,Sense
2025-07-17T20:23:12Z,77.0,Sense
2025-07-17T20:23:17Z,76.0,Sense
2025-07-17T20:23:32Z,75.0,Sense
2025-07-17T20:23:42Z,76.0,Sense
2025-07-17T20:23:52Z,77.0,Sense
2025-07-17T20:24:07Z,77.0,Sense
2025-07-17T20:24:17Z,79.0,Sense
2025-07-17T20:24:27Z,78.0,Sense
2025-07-17T20:24:32Z,75.0,Sense
2025-07-17T20:24:37Z,74.0,Sense
2025-07-17T20:24:42Z,75.0,Sense
2025-07-17T20:24:52Z,76.0,Sense
2025-07-17T20:24:57Z,77.0,Sense
2025-07-17T20:25:07Z,78.0,Sense
2025-07-17T20:25:12Z,79.0,Sense
2025-07-17T20:25:22Z,78.0,Sense
2025-07-17T20:25:32Z,79.0,Sense
2025-07-17T20:25:37Z,82.0,Sense
2025-07-17T20:25:42Z,83.0,Sense
2025-07-17T20:25:57Z,84.0,Sense
2025-07-17T20:26:02Z,82.0,Sense
2025-07-17T20:26:17Z,83.0,Sense
2025-07-17T20:26:22Z,84.0,Sense
2025-07-17T20:26:37Z,84.0,Sense
2025-07-17T20:26:47Z,84.0,Sense
2025-07-17T20:26:52Z,85.0,Sense
2025-07-17T20:26:57Z,84.0,Sense
2025-07-17T20:27:02Z,83.0,Sense
2025-07-17T20:27:12Z,82.0,Sense
2025-07-17T20:27:27Z,82.0,Sense
2025-07-17T20:27:42Z,81.0,Sense
2025-07-17T20:27:47Z,81.0,Sense
2025-07-17T20:28:02Z,81.0,Sense
2025-07-17T20:28:07Z,80.0,Sense
2025-07-17T20:28:17Z,79.0,Sense
2025-07-17T20:28:22Z,78.0,Sense
2025-07-17T20:28:27Z,79.0,Sense
2025-07-17T20:28:42Z,78.0,Sense
2025-07-17T20:28:52Z,77.0,Sense
2025-07-17T20:28:57Z,78.0,Sense
2025-07-17T20:29:12Z,78.0,Sense
2025-07-17T20:29:17Z,79.0,Sense
2025-07-17T20:29:22Z,80.0,Sense
2025-07-17T20:29:27Z,80.0,Sense
2025-07-17T20:29:32Z,79.0,Sense
2025-07-17T20:29:37Z,78.0,Sense
2025-07-17T20:29:42Z,79.0,Sense
2025-07-17T20:29:47Z,80.0,Sense
2025-07-17T20:29:52Z,77.0,Sense
2025-07-17T20:30:07Z,77.0,Sense
2025-07-17T20:30:12Z,76.0,Sense
2025-07-17T20:30:27Z,76.0,Sense
2025-07-17T20:30:32Z,76.0,Sense
2025-07-17T20:30:47Z,78.0,Sense
2025-07-17T20:30:57Z,77.0,Sense
2025-07-17T20:31:02Z,71.0,Sense
2025-07-17T20:31:12Z,72.0,Sense
2025-07-17T20:31:17Z,75.0,Sense
2025-07-17T20:31:27Z,76.0,Sense
2025-07-17T20:31:42Z,76.0,Sense
2025-07-17T20:31:47Z,75.0,Sense
2025-07-17T20:31:52Z,71.0,Sense
2025-07-17T20:31:57Z,71.0,Sense
2025-07-17T20:32:07Z,72.0,Sense
2025-07-17T20:32:12Z,78.0,Sense
2025-07-17T20:32:17Z,82.0,Sense
2025-07-17T20:32:22Z,81.0,Sense
2025-07-17T20:32:27Z,78.0,Sense
2025-07-17T20:32:42Z,78.0,Sense
2025-07-17T20:32:57Z,78.0,Sense
2025-07-17T20:33:02Z,79.0,Sense
2025-07-17T20:33:17Z,78.0,Sense
2025-07-17T20:33:22Z,78.0,Sense
2025-07-17T20:33:37Z,79.0,Sense
2025-07-17T20:33:42Z,73.0,Sense
2025-07-17T20:33:57Z,76.0,Sense
2025-07-17T20:34:02Z,78.0,Sense
2025-07-17T20:34:17Z,79.0,Sense
2025-07-17T20:34:27Z,79.0,Sense
2025-07-17T20:34:37Z,78.0,Sense
2025-07-17T20:34:52Z,79.0,Sense
2025-07-17T20:34:57Z,80.0,Sense
2025-07-17T20:35:02Z,79.0,Sense
2025-07-17T20:35:17Z,79.0,Sense
2025-07-17T20:35:32Z,78.0,Sense
2025-07-17T20:35:37Z,77.0,Sense
2025-07-17T20:35:42Z,76.0,Sense
2025-07-17T20:35:57Z,76.0,Sense
2025-07-17T20:36:02Z,77.0,Sense
2025-07-17T20:36:07Z,78.0,Sense
2025-07-17T20:36:12Z,79.0,Sense
2025-07-17T20:36:17Z,80.0,Sense
2025-07-17T20:36:22Z,81.0,Sense
2025-07-17T20:36:27Z,82.0,Sense
2025-07-17T20:36:37Z,83.0,Sense
2025-07-17T20:36:42Z,84.0,Sense
2025-07-17T20:36:47Z,91.0,Sense
2025-07-17T20:36:52Z,92.0,Sense
2025-07-17T20:36:57Z,90.0,Sense
2025-07-17T20:37:04Z,89.0,Sense
2025-07-17T20:37:09Z,88.0,Sense
2025-07-17T20:37:14Z,87.0,Sense
2025-07-17T20:37:19Z,81.0,Sense
2025-07-17T20:37:24Z,76.0,Sense
2025-07-17T20:37:34Z,77.0,Sense
2025-07-17T20:37:44Z,78.0,Sense
2025-07-17T20:37:49Z,79.0,Sense
2025-07-17T20:37:54Z,78.0,Sense
2025-07-17T20:37:59Z,78.0,Sense
2025-07-17T20:38:09Z,77.0,Sense
2025-07-17T20:38:14Z,76.0,Sense
2025-07-17T20:38:19Z,78.0,Sense
2025-07-17T20:38:24Z,79.0,Sense
2025-07-17T20:38:34Z,80.0,Sense
2025-07-17T20:38:44Z,81.0,Sense
2025-07-17T20:38:49Z,81.0,Sense
2025-07-17T20:38:54Z,82.0,Sense
2025-07-17T20:39:04Z,81.0,Sense
2025-07-17T20:39:14Z,82.0,Sense
2025-07-17T20:39:19Z,81.0,Sense
2025-07-17T20:39:24Z,82.0,Sense
2025-07-17T20:39:29Z,82.0,Sense
2025-07-17T20:39:34Z,82.0,Sense
2025-07-17T20:39:39Z,81.0,Sense
2025-07-17T20:39:44Z,80.0,Sense
2025-07-17T20:39:59Z,80.0,Sense
2025-07-17T20:40:04Z,80.0,Sense
2025-07-17T20:40:14Z,77.0,Sense
2025-07-17T20:40:19Z,76.0,Sense
2025-07-17T20:40:24Z,76.0,Sense
2025-07-17T20:40:29Z,76.0,Sense
2025-07-17T20:40:44Z,76.0,Sense
2025-07-17T20:40:59Z,80.0,Sense
2025-07-17T20:41:04Z,81.0,Sense
2025-07-17T20:41:09Z,80.0,Sense
2025-07-17T20:41:24Z,81.0,Sense
2025-07-17T20:41:29Z,80.0,Sense
2025-07-17T20:41:34Z,81.0,Sense
2025-07-17T20:41:44Z,82.0,Sense
2025-07-17T20:41:49Z,90.0,Sense
2025-07-17T20:42:04Z,89.0,Sense
2025-07-17T20:42:09Z,87.0,Sense
2025-07-17T20:42:14Z,75.0,Sense
2025-07-17T20:42:19Z,76.0,Sense
2025-07-17T20:42:34Z,76.0,Sense
2025-07-17T20:42:39Z,74.0,Sense
2025-07-17T20:42:49Z,75.0,Sense
2025-07-17T20:42:59Z,76.0,Sense
2025-07-17T20:43:04Z,78.0,Sense
2025-07-17T20:43:19Z,77.0,Sense
2025-07-17T20:43:34Z,76.0,Sense
2025-07-17T20:43:39Z,76.0,Sense
2025-07-17T20:43:54Z,76.0,Sense
2025-07-17T20:43:59Z,75.0,Sense
2025-07-17T20:44:04Z,76.0,Sense
2025-07-17T20:44:09Z,77.0,Sense
2025-07-17T20:44:14Z,79.0,Sense
2025-07-17T20:44:19Z,80.0,Sense
2025-07-17T20:44:29Z,74.0,Sense
2025-07-17T20:44:34Z,73.0,Sense
2025-07-17T20:44:39Z,75.0,Sense
2025-07-17T20:44:54Z,75.0,Sense
2025-07-17T20:45:04Z,75.0,Sense
2025-07-17T20:45:14Z,79.0,Sense
2025-07-17T20:45:19Z,75.0,Sense
2025-07-17T20:45:24Z,74.0,Sense
2025-07-17T20:45:39Z,74.0,Sense
2025-07-17T20:45:44Z,74.0,Sense
2025-07-17T20:45:49Z,75.0,Sense
2025-07-17T20:46:04Z,75.0,Sense
2025-07-17T20:46:09Z,76.0,Sense
2025-07-17T20:46:19Z,77.0,Sense
2025-07-17T20:46:24Z,79.0,Sense
2025-07-17T20:46:29Z,80.0,Sense
2025-07-17T20:46:44Z,80.0,Sense
2025-07-17T20:46:49Z,79.0,Sense
2025-07-17T20:46:54Z,77.0,Sense
2025-07-17T20:47:09Z,77.0,Sense
2025-07-17T20:47:14Z,77.0,Sense
2025-07-17T20:47:19Z,77.0,Sense
2025-07-17T20:47:29Z,74.0,Sense
2025-07-17T20:47:34Z,72.0,Sense
2025-07-17T20:47:39Z,73.0,Sense
2025-07-17T20:47:49Z,72.0,Sense
2025-07-17T20:47:54Z,73.0,Sense
2025-07-17T20:47:59Z,74.0,Sense
2025-07-17T20:48:09Z,74.0,Sense
2025-07-17T20:48:19Z,75.0,Sense
2025-07-17T20:48:29Z,76.0,Sense
2025-07-17T20:48:34Z,77.0,Sense
2025-07-17T20:48:39Z,79.0,Sense
2025-07-17T20:48:44Z,78.0,Sense
2025-07-17T20:48:49Z,79.0,Sense
2025-07-17T20:48:54Z,81.0,Sense
2025-07-17T20:48:59Z,82.0,Sense
2025-07-17T20:49:14Z,79.0,Sense
2025-07-17T20:49:19Z,71.0,Sense
2025-07-17T20:49:34Z,71.0,Sense
2025-07-17T20:49:44Z,72.0,Sense
2025-07-17T20:49:49Z,73.0,Sense
2025-07-17T20:49:59Z,74.0,Sense
2025-07-17T20:50:14Z,74.0,Sense
2025-07-17T20:50:24Z,75.0,Sense
2025-07-17T20:50:29Z,74.0,Sense
2025-07-17T20:50:39Z,75.0,Sense
2025-07-17T20:50:44Z,75.0,Sense
2025-07-17T20:50:59Z,76.0,Sense
2025-07-17T20:51:09Z,77.0,Sense
2025-07-17T20:51:19Z,78.0,Sense
2025-07-17T20:51:24Z,72.0,Sense
2025-07-17T20:51:39Z,74.0,Sense
2025-07-17T20:51:44Z,75.0,Sense
2025-07-17T20:51:59Z,75.0,Sense
2025-07-17T20:52:14Z,77.0,Sense
2025-07-17T20:52:19Z,79.0,Sense
2025-07-17T20:52:24Z,80.0,Sense
2025-07-17T20:52:34Z,81.0,Sense
2025-07-17T20:52:39Z,82.0,Sense
2025-07-17T20:52:54Z,82.0,Sense
2025-07-17T20:52:59Z,73.0,Sense
2025-07-17T20:53:10Z,73.0,Sense
2025-07-17T20:53:15Z,72.0,Sense
2025-07-17T20:53:25Z,73.0,Sense
2025-07-17T20:53:30Z,73.0,Sense
2025-07-17T20:53:35Z,74.0,Sense
2025-07-17T20:53:50Z,75.0,Sense
2025-07-17T20:54:00Z,83.0,Sense
2025-07-17T20:54:05Z,89.0,Sense
2025-07-17T20:54:15Z,88.0,Sense
2025-07-17T20:54:25Z,84.0,Sense
2025-07-17T20:54:30Z,77.0,Sense
2025-07-17T20:54:35Z,78.0,Sense
2025-07-17T20:54:50Z,78.0,Sense
2025-07-17T20:55:05Z,78.0,Sense
2025-07-17T20:55:15Z,76.0,Sense
2025-07-17T20:55:20Z,77.0,Sense
2025-07-17T20:55:35Z,77.0,Sense
2025-07-17T20:55:40Z,78.0,Sense
2025-07-17T20:55:50Z,77.0,Sense
2025-07-17T20:56:05Z,78.0,Sense
2025-07-17T20:56:10Z,76.0,Sense
2025-07-17T20:56:15Z,76.0,Sense
2025-07-17T20:56:30Z,76.0,Sense
2025-07-17T20:56:40Z,77.0,Sense
2025-07-17T20:56:45Z,77.0,Sense
2025-07-17T20:57:00Z,77.0,Sense
2025-07-17T20:57:05Z,79.0,Sense
2025-07-17T20:57:10Z,87.0,Sense
2025-07-17T20:57:25Z,87.0,Sense
2025-07-17T20:57:30Z,86.0,Sense
2025-07-17T20:57:35Z,85.0,Sense
2025-07-17T20:57:40Z,78.0,Sense
2025-07-17T20:57:45Z,76.0,Sense
2025-07-17T20:58:00Z,77.0,Sense
2025-07-17T20:58:05Z,76.0,Sense
2025-07-17T20:58:10Z,73.0,Sense
2025-07-17T20:58:25Z,74.0,Sense
2025-07-17T20:58:30Z,79.0,Sense
2025-07-17T20:58:35Z,83.0,Sense
2025-07-17T20:58:40Z,82.0,Sense
2025-07-17T20:58:50Z,81.0,Sense
2025-07-17T20:58:55Z,79.0,Sense
2025-07-17T20:59:00Z,83.0,Sense
2025-07-17T20:59:05Z,88.0,Sense
2025-07-17T20:59:20Z,88.0,Sense
2025-07-17T20:59:30Z,87.0,Sense
2025-07-17T20:59:40Z,86.0,Sense
2025-07-17T20:59:55Z,85.0,Sense
2025-07-17T21:00:10Z,86.0,Sense
2025-07-17T21:00:15Z,85.0,Sense
2025-07-17T21:00:20Z,86.0,Sense
2025-07-17T21:00:25Z,83.0,Sense
2025-07-17T21:00:30Z,83.0,Sense
2025-07-17T21:00:35Z,82.0,Sense
2025-07-17T21:00:40Z,83.0,Sense
2025-07-17T21:00:50Z,83.0,Sense
2025-07-17T21:01:05Z,84.0,Sense
2025-07-17T21:01:10Z,75.0,Sense
2025-07-17T21:01:15Z,73.0,Sense
2025-07-17T21:01:20Z,74.0,Sense
2025-07-17T21:01:25Z,79.0,Sense
2025-07-17T21:01:37Z,79.0,Sense
2025-07-17T21:01:47Z,80.0,Sense
2025-07-17T21:01:52Z,79.0,Sense
2025-07-17T21:01:57Z,83.0,Sense
2025-07-17T21:02:02Z,87.0,Sense
2025-07-17T21:02:12Z,85.0,Sense
2025-07-17T21:02:27Z,84.0,Sense
2025-07-17T21:02:37Z,83.0,Sense
2025-07-17T21:02:42Z,83.0,Sense
2025-07-17T21:02:57Z,86.0,Sense
2025-07-17T21:03:02Z,91.0,Sense
2025-07-17T21:03:07Z,90.0,Sense
2025-07-17T21:03:12Z,89.0,Sense
2025-07-17T21:03:17Z,88.0,Sense
2025-07-17T21:03:27Z,87.0,Sense
2025-07-17T21:03:32Z,86.0,Sense
2025-07-17T21:03:37Z,85.0,Sense
2025-07-17T21:03:42Z,84.0,Sense
2025-07-17T21:03:57Z,86.0,Sense
2025-07-17T21:04:02Z,87.0,Sense
2025-07-17T21:04:12Z,85.0,Sense
2025-07-17T21:04:17Z,91.0,Sense
2025-07-17T21:04:27Z,90.0,Sense
2025-07-17T21:04:32Z,89.0,Sense
2025-07-17T21:04:37Z,88.0,Sense
2025-07-17T21:04:42Z,94.0,Sense
2025-07-17T21:04:47Z,98.0,Sense
2025-07-17T21:04:52Z,97.0,Sense
2025-07-17T21:04:57Z,96.0,Sense
2025-07-17T21:05:07Z,93.0,Sense
2025-07-17T21:05:12Z,91.0,Sense
2025-07-17T21:05:17Z,89.0,Sense
2025-07-17T21:05:22Z,87.0,Sense
2025-07-17T21:05:37Z,87.0,Sense
2025-07-17T21:05:42Z,86.0,Sense
2025-07-17T21:05:47Z,84.0,Sense
2025-07-17T21:05:52Z,77.0,Sense
2025-07-17T21:05:57Z,78.0,Sense
2025-07-17T21:06:12Z,78.0,Sense
2025-07-17T21:06:17Z,80.0,Sense
2025-07-17T21:06:22Z,81.0,Sense
2025-07-17T21:06:37Z,85.0,Sense
2025-07-17T21:06:42Z,86.0,Sense
2025-07-17T21:06:52Z,85.0,Sense
2025-07-17T21:07:07Z,85.0,Sense
2025-07-17T21:07:12Z,84.0,Sense
2025-07-17T21:07:27Z,85.0,Sense
2025-07-17T21:07:42Z,84.0,Sense
2025-07-17T21:07:57Z,84.0,Sense
2025-07-17T21:08:07Z,83.0,Sense
2025-07-17T21:08:17Z,83.0,Sense
2025-07-17T21:08:32Z,82.0,Sense
2025-07-17T21:08:47Z,82.0,Sense
2025-07-17T21:08:57Z,82.0,Sense
2025-07-17T21:09:02Z,81.0,Sense
2025-07-17T21:09:07Z,81.0,Sense
2025-07-17T21:09:12Z,79.0,Sense
2025-07-17T21:09:17Z,78.0,Sense
2025-07-17T21:09:27Z,79.0,Sense
2025-07-17T21:09:37Z,78.0,Sense
2025-07-17T21:09:42Z,74.0,Sense
2025-07-17T21:09:47Z,75.0,Sense
2025-07-17T21:10:02Z,75.0,Sense
2025-07-17T21:10:07Z,76.0,Sense
2025-07-17T21:10:12Z,77.0,Sense
2025-07-17T21:10:17Z,78.0,Sense
2025-07-17T21:10:32Z,78.0,Sense
2025-07-17T21:10:37Z,77.0,Sense
2025-07-17T21:10:47Z,88.0,Sense
2025-07-17T21:10:57Z,87.0,Sense
2025-07-17T21:11:07Z,87.0,Sense
2025-07-17T21:11:12Z,86.0,Sense
2025-07-17T21:11:17Z,85.0,Sense
2025-07-17T21:11:22Z,84.0,Sense
2025-07-17T21:11:27Z,82.0,Sense
2025-07-17T21:11:42Z,83.0,Sense
2025-07-17T21:11:57Z,82.0,Sense
2025-07-17T21:12:02Z,81.0,Sense
2025-07-17T21:12:07Z,82.0,Sense
2025-07-17T21:12:12Z,81.0,Sense
2025-07-17T21:12:17Z,81.0,Sense
2025-07-17T21:12:32Z,80.0,Sense
2025-07-17T21:12:42Z,81.0,Sense
2025-07-17T21:12:47Z,89.0,Sense
2025-07-17T21:12:52Z,90.0,Sense
2025-07-17T21:12:57Z,89.0,Sense
2025-07-17T21:13:12Z,90.0,Sense
2025-07-17T21:13:17Z,89.0,Sense
2025-07-17T21:13:32Z,87.0,Sense
2025-07-17T21:13:37Z,86.0,Sense
2025-07-17T21:13:47Z,85.0,Sense
2025-07-17T21:13:52Z,84.0,Sense
2025-07-17T21:13:57Z,81.0,Sense
2025-07-17T21:14:02Z,79.0,Sense
2025-07-17T21:14:12Z,78.0,Sense
2025-07-17T21:14:22Z,79.0,Sense
2025-07-17T21:14:27Z,78.0,Sense
2025-07-17T21:14:32Z,78.0,Sense
2025-07-17T21:14:37Z,79.0,Sense
2025-07-17T21:14:47Z,78.0,Sense
2025-07-17T21:14:52Z,78.0,Sense
2025-07-17T21:15:07Z,78.0,Sense
2025-07-17T21:15:12Z,77.0,Sense
2025-07-17T21:15:17Z,72.0,Sense
2025-07-17T21:15:32Z,72.0,Sense
2025-07-17T21:15:47Z,72.0,Sense
2025-07-17T21:15:52Z,73.0,Sense
2025-07-17T21:15:57Z,72.0,Sense
2025-07-17T21:16:02Z,69.0,Sense
2025-07-17T21:16:07Z,70.0,Sense
2025-07-17T21:16:12Z,71.0,Sense
2025-07-17T21:16:22Z,72.0,Sense
2025-07-17T21:16:32Z,73.0,Sense
2025-07-17T21:16:37Z,72.0,Sense
2025-07-17T21:16:42Z,73.0,Sense
2025-07-17T21:16:47Z,74.0,Sense
2025-07-17T21:16:57Z,75.0,Sense
2025-07-17T21:17:02Z,76.0,Sense
2025-07-17T21:17:12Z,77.0,Sense
2025-07-17T21:17:22Z,77.0,Sense
2025-07-17T21:17:32Z,78.0,Sense
2025-07-17T21:17:42Z,77.0,Sense
2025-07-17T21:17:47Z,77.0,Sense
2025-07-17T21:17:52Z,76.0,Sense
2025-07-17T21:18:07Z,76.0,Sense
2025-07-17T21:18:12Z,75.0,Sense
2025-07-17T21:18:17Z,74.0,Sense
2025-07-17T21:18:27Z,76.0,Sense
2025-07-17T21:18:42Z,76.0,Sense
2025-07-17T21:18:52Z,75.0,Sense
2025-07-17T21:19:02Z,76.0,Sense
2025-07-17T21:19:17Z,76.0,Sense
2025-07-17T21:19:27Z,77.0,Sense
2025-07-17T21:19:32Z,77.0,Sense
2025-07-17T21:19:42Z,78.0,Sense
2025-07-17T21:19:47Z,79.0,Sense
2025-07-17T21:19:52Z,78.0,Sense
2025-07-17T21:20:02Z,79.0,Sense
2025-07-17T21:20:07Z,78.0,Sense
2025-07-17T21:20:17Z,77.0,Sense
2025-07-17T21:20:22Z,78.0,Sense
2025-07-17T21:20:27Z,79.0,Sense
2025-07-17T21:20:42Z,79.0,Sense
2025-07-17T21:20:47Z,79.0,Sense
2025-07-17T21:21:02Z,79.0,Sense
2025-07-17T21:21:17Z,79.0,Sense
2025-07-17T21:21:27Z,78.0,Sense
2025-07-17T21:21:37Z,77.0,Sense
2025-07-17T21:21:47Z,78.0,Sense
2025-07-17T21:22:02Z,80.0,Sense
2025-07-17T21:22:07Z,76.0,Sense
2025-07-17T21:22:12Z,72.0,Sense
2025-07-17T21:22:27Z,71.0,Sense
2025-07-17T21:22:42Z,72.0,Sense
2025-07-17T21:22:47Z,73.0,Sense
2025-07-17T21:22:52Z,74.0,Sense
2025-07-17T21:22:57Z,75.0,Sense
2025-07-17T21:23:02Z,73.0,Sense
2025-07-17T21:23:17Z,73.0,Sense
2025-07-17T21:23:27Z,74.0,Sense
2025-07-17T21:23:32Z,74.0,Sense
2025-07-17T21:23:37Z,74.0,Sense
2025-07-17T21:23:42Z,75.0,Sense
2025-07-17T21:23:47Z,76.0,Sense
2025-07-17T21:23:52Z,78.0,Sense
2025-07-17T21:24:07Z,82.0,Sense
2025-07-17T21:24:12Z,87.0,Sense
2025-07-17T21:24:17Z,86.0,Sense
2025-07-17T21:24:22Z,84.0,Sense
2025-07-17T21:24:37Z,84.0,Sense
2025-07-17T21:24:42Z,85.0,Sense
2025-07-17T21:24:52Z,85.0,Sense
2025-07-17T21:24:57Z,83.0,Sense
2025-07-17T21:25:02Z,82.0,Sense
2025-07-17T21:25:07Z,81.0,Sense
2025-07-17T21:25:22Z,81.0,Sense
2025-07-17T21:25:37Z,78.0,Sense
2025-07-17T21:25:42Z,74.0,Sense
2025-07-17T21:25:57Z,74.0,Sense
2025-07-17T21:26:02Z,80.0,Sense
2025-07-17T21:26:07Z,81.0,Sense
2025-07-17T21:26:17Z,80.0,Sense
2025-07-17T21:26:22Z,77.0,Sense
2025-07-17T21:26:27Z,79.0,Sense
2025-07-17T21:26:32Z,84.0,Sense
2025-07-17T21:26:47Z,83.0,Sense
2025-07-17T21:26:57Z,82.0,Sense
2025-07-17T21:27:02Z,82.0,Sense
2025-07-17T21:27:17Z,81.0,Sense
2025-07-17T21:27:27Z,80.0,Sense
2025-07-17T21:27:37Z,79.0,Sense
2025-07-17T21:27:42Z,80.0,Sense
2025-07-17T21:27:52Z,81.0,Sense
2025-07-17T21:28:07Z,81.0,Sense
2025-07-17T21:28:12Z,78.0,Sense
2025-07-17T21:28:22Z,77.0,Sense
2025-07-17T21:28:27Z,78.0,Sense
2025-07-17T21:28:42Z,77.0,Sense
2025-07-17T21:28:47Z,71.0,Sense
2025-07-17T21:29:02Z,72.0,Sense
2025-07-17T21:29:07Z,73.0,Sense
2025-07-17T21:29:17Z,73.0,Sense
2025-07-17T21:29:32Z,73.0,Sense
2025-07-17T21:29:37Z,77.0,Sense
2025-07-17T21:29:42Z,78.0,Sense
2025-07-17T21:29:47Z,79.0,Sense
2025-07-17T21:29:52Z,78.0,Sense
2025-07-17T21:30:07Z,86.0,Sense
2025-07-17T21:30:12Z,89.0,Sense
2025-07-17T21:30:17Z,87.0,Sense
2025-07-17T21:30:32Z,86.0,Sense
2025-07-17T21:30:42Z,85.0,Sense
2025-07-17T21:30:47Z,84.0,Sense
2025-07-17T21:30:52Z,84.0,Sense
2025-07-17T21:31:02Z,85.0,Sense
2025-07-17T21:31:07Z,84.0,Sense
2025-07-17T21:31:12Z,83.0,Sense
2025-07-17T21:31:27Z,82.0,Sense
2025-07-17T21:31:32Z,81.0,Sense
2025-07-17T21:31:42Z,85.0,Sense
2025-07-17T21:31:47Z,88.0,Sense
2025-07-17T21:31:52Z,87.0,Sense
2025-07-17T21:31:57Z,84.0,Sense
2025-07-17T21:32:02Z,75.0,Sense
2025-07-17T21:32:17Z,76.0,Sense
2025-07-17T21:32:22Z,76.0,Sense
2025-07-17T21:32:27Z,77.0,Sense
2025-07-17T21:32:32Z,76.0,Sense
2025-07-17T21:32:37Z,75.0,Sense
2025-07-17T21:32:52Z,75.0,Sense
2025-07-17T21:32:57Z,76.0,Sense
2025-07-17T21:33:07Z,76.0,Sense
2025-07-17T21:33:12Z,75.0,Sense
2025-07-17T21:33:27Z,75.0,Sense
2025-07-17T21:33:42Z,75.0,Sense
2025-07-17T21:33:57Z,75.0,Sense
2025-07-17T21:34:02Z,76.0,Sense
2025-07-17T21:34:07Z,78.0,Sense
2025-07-17T21:34:12Z,79.0,Sense
2025-07-17T21:34:17Z,79.0,Sense
2025-07-17T21:34:32Z,79.0,Sense
2025-07-17T21:34:47Z,79.0,Sense
2025-07-17T21:34:57Z,80.0,Sense
2025-07-17T21:35:12Z,80.0,Sense
2025-07-17T21:35:17Z,79.0,Sense
2025-07-17T21:35:27Z,80.0,Sense
2025-07-17T21:35:32Z,79.0,Sense
2025-07-17T21:35:37Z,78.0,Sense
2025-07-17T21:35:42Z,77.0,Sense
2025-07-17T21:35:52Z,76.0,Sense
2025-07-17T21:36:02Z,75.0,Sense
2025-07-17T21:36:12Z,74.0,Sense
2025-07-17T21:36:17Z,73.0,Sense
2025-07-17T21:36:27Z,74.0,Sense
2025-07-17T21:36:32Z,75.0,Sense
2025-07-17T21:36:37Z,76.0,Sense
2025-07-17T21:36:42Z,77.0,Sense
2025-07-17T21:36:47Z,79.0,Sense
2025-07-17T21:36:52Z,85.0,Sense
2025-07-17T21:36:57Z,86.0,Sense
2025-07-17T21:37:02Z,85.0,Sense
2025-07-17T21:37:12Z,86.0,Sense
2025-07-17T21:37:22Z,85.0,Sense
2025-07-17T21:37:27Z,84.0,Sense
2025-07-17T21:37:42Z,84.0,Sense
2025-07-17T21:37:57Z,83.0,Sense
2025-07-17T21:38:02Z,88.0,Sense
2025-07-17T21:38:07Z,89.0,Sense
2025-07-17T21:38:22Z,88.0,Sense
2025-07-17T21:38:32Z,90.0,Sense
2025-07-17T21:38:47Z,89.0,Sense
2025-07-17T21:38:57Z,88.0,Sense
2025-07-17T21:39:02Z,88.0,Sense
2025-07-17T21:39:07Z,87.0,Sense
2025-07-17T21:39:22Z,86.0,Sense
2025-07-17T21:39:37Z,85.0,Sense
2025-07-17T21:39:52Z,84.0,Sense
2025-07-17T21:40:07Z,83.0,Sense
2025-07-17T21:40:12Z,82.0,Sense
2025-07-17T21:40:27Z,82.0,Sense
2025-07-17T21:40:37Z,83.0,Sense
2025-07-17T21:40:42Z,81.0,Sense
2025-07-17T21:40:47Z,72.0,Sense
2025-07-17T21:40:52Z,73.0,Sense
2025-07-17T21:41:02Z,74.0,Sense
2025-07-17T21:41:12Z,75.0,Sense
2025-07-17T21:41:17Z,75.0,Sense
2025-07-17T21:41:27Z,76.0,Sense
2025-07-17T21:41:32Z,77.0,Sense
2025-07-17T21:41:37Z,78.0,Sense
2025-07-17T21:41:42Z,79.0,Sense
2025-07-17T21:41:47Z,80.0,Sense
2025-07-17T21:41:52Z,80.0,Sense
2025-07-17T21:42:02Z,81.0,Sense
2025-07-17T21:42:07Z,82.0,Sense
2025-07-17T21:42:22Z,81.0,Sense
2025-07-17T21:42:32Z,80.0,Sense
2025-07-17T21:42:37Z,79.0,Sense
2025-07-17T21:42:47Z,80.0,Sense
2025-07-17T21:42:57Z,81.0,Sense
2025-07-17T21:43:12Z,80.0,Sense
2025-07-17T21:43:27Z,81.0,Sense
2025-07-17T21:43:42Z,81.0,Sense
2025-07-17T21:43:52Z,80.0,Sense
2025-07-17T21:43:57Z,81.0,Sense
2025-07-17T21:44:02Z,80.0,Sense
2025-07-17T21:44:07Z,79.0,Sense
2025-07-17T21:44:12Z,78.0,Sense
2025-07-17T21:44:17Z,79.0,Sense
2025-07-17T21:44:27Z,80.0,Sense
2025-07-17T21:44:32Z,81.0,Sense
2025-07-17T21:44:42Z,80.0,Sense
2025-07-17T21:44:57Z,80.0,Sense
2025-07-17T21:45:07Z,81.0,Sense
2025-07-17T21:45:22Z,81.0,Sense
2025-07-17T21:45:27Z,82.0,Sense
2025-07-17T21:45:32Z,76.0,Sense
2025-07-17T21:45:47Z,76.0,Sense
2025-07-17T21:45:57Z,77.0,Sense
2025-07-17T21:46:02Z,77.0,Sense
2025-07-17T21:46:07Z,78.0,Sense
2025-07-17T21:46:22Z,78.0,Sense
2025-07-17T21:46:27Z,77.0,Sense
2025-07-17T21:46:42Z,77.0,Sense
2025-07-17T21:46:47Z,76.0,Sense
2025-07-17T21:46:52Z,75.0,Sense
2025-07-17T21:47:02Z,76.0,Sense
2025-07-17T21:47:07Z,78.0,Sense
2025-07-17T21:47:12Z,77.0,Sense
2025-07-17T21:47:17Z,76.0,Sense
2025-07-17T21:47:22Z,77.0,Sense
2025-07-17T21:47:37Z,78.0,Sense
2025-07-17T21:47:42Z,79.0,Sense
2025-07-17T21:47:47Z,78.0,Sense
2025-07-17T21:47:52Z,77.0,Sense
2025-07-17T21:48:02Z,78.0,Sense
2025-07-17T21:48:12Z,77.0,Sense
2025-07-17T21:48:22Z,78.0,Sense
2025-07-17T21:48:27Z,80.0,Sense
2025-07-17T21:48:32Z,79.0,Sense
2025-07-17T21:48:47Z,81.0,Sense
2025-07-17T21:48:57Z,80.0,Sense
2025-07-17T21:49:02Z,78.0,Sense
2025-07-17T21:49:12Z,80.0,Sense
2025-07-17T21:49:27Z,79.0,Sense
2025-07-17T21:49:32Z,80.0,Sense
2025-07-17T21:49:37Z,80.0,Sense
2025-07-17T21:49:42Z,80.0,Sense
2025-07-17T21:49:57Z,78.0,Sense
2025-07-17T21:50:07Z,79.0,Sense
2025-07-17T21:50:12Z,75.0,Sense
2025-07-17T21:50:17Z,73.0,Sense
2025-07-17T21:50:27Z,74.0,Sense
2025-07-17T21:50:37Z,75.0,Sense
2025-07-17T21:50:42Z,75.0,Sense
2025-07-17T21:50:47Z,74.0,Sense
2025-07-17T21:50:52Z,74.0,Sense
2025-07-17T21:50:57Z,75.0,Sense
2025-07-17T21:51:02Z,76.0,Sense
2025-07-17T21:51:17Z,77.0,Sense
2025-07-17T21:51:22Z,79.0,Sense
2025-07-17T21:51:27Z,83.0,Sense
2025-07-17T21:51:32Z,84.0,Sense
2025-07-17T21:51:47Z,84.0,Sense
2025-07-17T21:51:57Z,83.0,Sense
2025-07-17T21:52:02Z,82.0,Sense
2025-07-17T21:52:12Z,80.0,Sense
2025-07-17T21:52:27Z,79.0,Sense
2025-07-17T21:52:32Z,78.0,Sense
2025-07-17T21:52:37Z,77.0,Sense
2025-07-17T21:52:42Z,78.0,Sense
2025-07-17T21:52:47Z,79.0,Sense
2025-07-17T21:52:52Z,80.0,Sense
2025-07-17T21:52:57Z,79.0,Sense
2025-07-17T21:53:12Z,79.0,Sense
2025-07-17T21:53:17Z,80.0,Sense
2025-07-17T21:53:22Z,81.0,Sense
2025-07-17T21:53:27Z,83.0,Sense
2025-07-17T21:53:32Z,85.0,Sense
2025-07-17T21:53:37Z,86.0,Sense
2025-07-17T21:53:47Z,85.0,Sense
2025-07-17T21:53:52Z,84.0,Sense
2025-07-17T21:53:57Z,83.0,Sense
2025-07-17T21:54:07Z,84.0,Sense
2025-07-17T21:54:12Z,85.0,Sense
2025-07-17T21:54:17Z,84.0,Sense
2025-07-17T21:54:22Z,83.0,Sense
2025-07-17T21:54:32Z,84.0,Sense
2025-07-17T21:54:42Z,83.0,Sense
2025-07-17T21:54:47Z,76.0,Sense
2025-07-17T21:54:52Z,75.0,Sense
2025-07-17T21:55:07Z,75.0,Sense
2025-07-17T21:55:12Z,73.0,Sense
2025-07-17T21:55:22Z,77.0,Sense
2025-07-17T21:55:37Z,77.0,Sense
2025-07-17T21:55:42Z,77.0,Sense
2025-07-17T21:55:52Z,76.0,Sense
2025-07-17T21:56:07Z,78.0,Sense
2025-07-17T21:56:22Z,80.0,Sense
2025-07-17T21:56:27Z,79.0,Sense
2025-07-17T21:56:32Z,83.0,Sense
2025-07-17T21:56:37Z,89.0,Sense
2025-07-17T21:56:42Z,88.0,Sense
2025-07-17T21:56:47Z,87.0,Sense
2025-07-17T21:56:52Z,86.0,Sense
2025-07-17T21:56:57Z,85.0,Sense
2025-07-17T21:57:12Z,83.0,Sense
2025-07-17T21:57:17Z,76.0,Sense
2025-07-17T21:57:27Z,77.0,Sense
2025-07-17T21:57:42Z,80.0,Sense
2025-07-17T21:57:47Z,81.0,Sense
2025-07-17T21:57:57Z,82.0,Sense
2025-07-17T21:58:02Z,83.0,Sense
2025-07-17T21:58:17Z,83.0,Sense
2025-07-17T21:58:22Z,84.0,Sense
2025-07-17T21:58:27Z,83.0,Sense
2025-07-17T21:58:42Z,82.0,Sense
2025-07-17T21:58:47Z,81.0,Sense
2025-07-17T21:58:52Z,80.0,Sense
2025-07-17T21:58:57Z,79.0,Sense
2025-07-17T21:59:12Z,79.0,Sense
2025-07-17T21:59:17Z,80.0,Sense
2025-07-17T21:59:27Z,79.0,Sense
2025-07-17T21:59:32Z,80.0,Sense
2025-07-17T21:59:37Z,84.0,Sense
2025-07-17T21:59:42Z,87.0,Sense
2025-07-17T21:59:47Z,86.0,Sense
2025-07-17T21:59:52Z,84.0,Sense
2025-07-17T22:00:02Z,84.0,Sense
2025-07-17T22:00:12Z,78.0,Sense
2025-07-17T22:00:17Z,75.0,Sense
2025-07-17T22:00:22Z,74.0,Sense
2025-07-17T22:00:27Z,73.0,Sense
2025-07-17T22:00:42Z,73.0,Sense
2025-07-17T22:00:57Z,74.0,Sense
2025-07-17T22:01:02Z,76.0,Sense
2025-07-17T22:01:07Z,78.0,Sense
2025-07-17T22:01:22Z,78.0,Sense
2025-07-17T22:01:27Z,79.0,Sense
2025-07-17T22:01:37Z,81.0,Sense
2025-07-17T22:01:42Z,82.0,Sense
2025-07-17T22:01:47Z,81.0,Sense
2025-07-17T22:01:52Z,82.0,Sense
2025-07-17T22:01:57Z,81.0,Sense
2025-07-17T22:02:12Z,81.0,Sense
2025-07-17T22:02:17Z,80.0,Sense
2025-07-17T22:02:27Z,81.0,Sense
2025-07-17T22:02:32Z,80.0,Sense
2025-07-17T22:02:37Z,79.0,Sense
2025-07-17T22:02:42Z,75.0,Sense
2025-07-17T22:02:47Z,74.0,Sense
2025-07-17T22:03:02Z,75.0,Sense
2025-07-17T22:03:12Z,78.0,Sense
2025-07-17T22:03:17Z,82.0,Sense
2025-07-17T22:03:22Z,82.0,Sense
2025-07-17T22:03:27Z,81.0,Sense
2025-07-17T22:03:32Z,82.0,Sense
2025-07-17T22:03:42Z,79.0,Sense
2025-07-17T22:03:47Z,76.0,Sense
2025-07-17T22:04:02Z,77.0,Sense
2025-07-17T22:04:07Z,78.0,Sense
2025-07-17T22:04:12Z,78.0,Sense
2025-07-17T22:04:17Z,82.0,Sense
2025-07-17T22:04:22Z,83.0,Sense
2025-07-17T22:04:32Z,84.0,Sense
2025-07-17T22:04:37Z,83.0,Sense
2025-07-17T22:04:42Z,82.0,Sense
2025-07-17T22:04:57Z,82.0,Sense
2025-07-17T22:05:02Z,81.0,Sense
2025-07-17T22:05:07Z,75.0,Sense
2025-07-17T22:05:22Z,76.0,Sense
2025-07-17T22:05:27Z,77.0,Sense
2025-07-17T22:05:32Z,78.0,Sense
2025-07-17T22:05:42Z,77.0,Sense
2025-07-17T22:05:57Z,77.0,Sense
2025-07-17T22:06:02Z,76.0,Sense
2025-07-17T22:06:07Z,77.0,Sense
2025-07-17T22:06:17Z,76.0,Sense
2025-07-17T22:06:27Z,77.0,Sense
2025-07-17T22:06:32Z,76.0,Sense
2025-07-17T22:06:42Z,77.0,Sense
2025-07-17T22:06:47Z,77.0,Sense
2025-07-17T22:06:57Z,77.0,Sense
2025-07-17T22:07:02Z,77.0,Sense
2025-07-17T22:07:12Z,76.0,Sense
2025-07-17T22:07:22Z,75.0,Sense
2025-07-17T22:07:27Z,76.0,Sense
2025-07-17T22:07:32Z,78.0,Sense
2025-07-17T22:07:37Z,77.0,Sense
2025-07-17T22:07:42Z,76.0,Sense
2025-07-17T22:07:47Z,77.0,Sense
2025-07-17T22:07:52Z,78.0,Sense
2025-07-17T22:07:57Z,79.0,Sense
2025-07-17T22:08:07Z,78.0,Sense
2025-07-17T22:08:17Z,79.0,Sense
2025-07-17T22:08:27Z,78.0,Sense
2025-07-17T22:08:32Z,79.0,Sense
2025-07-17T22:08:42Z,78.0,Sense
2025-07-17T22:08:47Z,79.0,Sense
2025-07-17T22:08:57Z,80.0,Sense
2025-07-17T22:09:12Z,79.0,Sense
2025-07-17T22:09:17Z,80.0,Sense
2025-07-17T22:09:22Z,79.0,Sense
2025-07-17T22:09:37Z,79.0,Sense
2025-07-17T22:09:52Z,79.0,Sense
2025-07-17T22:09:57Z,80.0,Sense
2025-07-17T22:10:02Z,81.0,Sense
2025-07-17T22:10:07Z,82.0,Sense
2025-07-17T22:10:12Z,89.0,Sense
2025-07-17T22:10:17Z,88.0,Sense
2025-07-17T22:10:22Z,87.0,Sense
2025-07-17T22:10:37Z,85.0,Sense
2025-07-17T22:10:42Z,77.0,Sense
2025-07-17T22:10:52Z,78.0,Sense
2025-07-17T22:10:57Z,84.0,Sense
2025-07-17T22:11:02Z,85.0,Sense
2025-07-17T22:11:07Z,84.0,Sense
2025-07-17T22:11:12Z,83.0,Sense
2025-07-17T22:11:22Z,87.0,Sense
2025-07-17T22:11:37Z,85.0,Sense
2025-07-17T22:11:42Z,80.0,Sense
2025-07-17T22:11:57Z,79.0,Sense
2025-07-17T22:12:07Z,80.0,Sense
2025-07-17T22:12:12Z,85.0,Sense
2025-07-17T22:12:17Z,88.0,Sense
2025-07-17T22:12:22Z,84.0,Sense
2025-07-17T22:12:27Z,86.0,Sense
2025-07-17T22:12:37Z,85.0,Sense
2025-07-17T22:12:47Z,86.0,Sense
2025-07-17T22:12:57Z,86.0,Sense
2025-07-17T22:13:12Z,85.0,Sense
2025-07-17T22:13:22Z,84.0,Sense
2025-07-17T22:13:32Z,83.0,Sense
2025-07-17T22:13:37Z,83.0,Sense
2025-07-17T22:13:47Z,82.0,Sense
2025-07-17T22:13:52Z,81.0,Sense
2025-07-17T22:14:07Z,82.0,Sense
2025-07-17T22:14:22Z,83.0,Sense
2025-07-17T22:14:27Z,84.0,Sense
2025-07-17T22:14:32Z,86.0,Sense
2025-07-17T22:14:47Z,86.0,Sense
2025-07-17T22:15:02Z,80.0,Sense
2025-07-17T22:15:07Z,79.0,Sense
2025-07-17T22:15:12Z,78.0,Sense
2025-07-17T22:15:27Z,83.0,Sense
2025-07-17T22:15:32Z,86.0,Sense
2025-07-17T22:15:37Z,87.0,Sense
2025-07-17T22:15:47Z,73.0,Sense
2025-07-17T22:15:52Z,75.0,Sense
2025-07-17T22:15:57Z,79.0,Sense
2025-07-17T22:16:07Z,80.0,Sense
2025-07-17T22:16:12Z,80.0,Sense
2025-07-17T22:16:22Z,79.0,Sense
2025-07-17T22:16:37Z,79.0,Sense
2025-07-17T22:16:42Z,80.0,Sense
2025-07-17T22:16:47Z,82.0,Sense
2025-07-17T22:16:57Z,81.0,Sense
2025-07-17T22:17:02Z,80.0,Sense
2025-07-17T22:17:17Z,86.0,Sense
2025-07-17T22:17:22Z,90.0,Sense
2025-07-17T22:17:27Z,89.0,Sense
2025-07-17T22:17:32Z,88.0,Sense
2025-07-17T22:17:42Z,87.0,Sense
2025-07-17T22:17:47Z,86.0,Sense
2025-07-17T22:17:57Z,85.0,Sense
2025-07-17T22:18:07Z,86.0,Sense
2025-07-17T22:18:12Z,87.0,Sense
2025-07-17T22:18:17Z,86.0,Sense
2025-07-17T22:18:22Z,85.0,Sense
2025-07-17T22:18:32Z,86.0,Sense
2025-07-17T22:18:42Z,84.0,Sense
2025-07-17T22:18:47Z,74.0,Sense
2025-07-17T22:19:02Z,74.0,Sense
2025-07-17T22:19:17Z,74.0,Sense
2025-07-17T22:19:22Z,73.0,Sense
2025-07-17T22:19:32Z,74.0,Sense
2025-07-17T22:19:37Z,75.0,Sense
2025-07-17T22:19:52Z,76.0,Sense
2025-07-17T22:19:57Z,77.0,Sense
2025-07-17T22:20:02Z,76.0,Sense
2025-07-17T22:20:12Z,77.0,Sense
2025-07-17T22:20:22Z,78.0,Sense
2025-07-17T22:20:37Z,79.0,Sense
2025-07-17T22:20:47Z,80.0,Sense
2025-07-17T22:20:57Z,81.0,Sense
2025-07-17T22:21:07Z,82.0,Sense
2025-07-17T22:21:12Z,83.0,Sense
2025-07-17T22:21:17Z,83.0,Sense
2025-07-17T22:21:22Z,82.0,Sense
2025-07-17T22:21:27Z,83.0,Sense
2025-07-17T22:21:42Z,83.0,Sense
2025-07-17T22:21:47Z,84.0,Sense
2025-07-17T22:21:52Z,83.0,Sense
2025-07-17T22:21:57Z,82.0,Sense
2025-07-17T22:22:07Z,81.0,Sense
2025-07-17T22:22:12Z,82.0,Sense
2025-07-17T22:22:17Z,85.0,Sense
2025-07-17T22:22:32Z,85.0,Sense
2025-07-17T22:22:42Z,84.0,Sense
2025-07-17T22:22:52Z,84.0,Sense
2025-07-17T22:22:57Z,83.0,Sense
2025-07-17T22:23:07Z,84.0,Sense
2025-07-17T22:23:22Z,83.0,Sense
2025-07-17T22:23:27Z,84.0,Sense
2025-07-17T22:23:32Z,83.0,Sense
2025-07-17T22:23:37Z,82.0,Sense
2025-07-17T22:23:42Z,84.0,Sense
2025-07-17T22:23:47Z,88.0,Sense
2025-07-17T22:23:57Z,87.0,Sense
2025-07-17T22:24:02Z,88.0,Sense
2025-07-17T22:24:17Z,88.0,Sense
2025-07-17T22:24:27Z,87.0,Sense
2025-07-17T22:24:32Z,86.0,Sense
2025-07-17T22:24:37Z,85.0,Sense
2025-07-17T22:24:42Z,84.0,Sense
2025-07-17T22:24:52Z,85.0,Sense
2025-07-17T22:24:57Z,90.0,Sense
2025-07-17T22:25:02Z,91.0,Sense
2025-07-17T22:25:07Z,90.0,Sense
2025-07-17T22:25:12Z,89.0,Sense
2025-07-17T22:25:22Z,88.0,Sense
2025-07-17T22:25:27Z,91.0,Sense
2025-07-17T22:25:32Z,95.0,Sense
2025-07-17T22:25:47Z,95.0,Sense
2025-07-17T22:25:52Z,93.0,Sense
2025-07-17T22:25:57Z,90.0,Sense
2025-07-17T22:26:12Z,90.0,Sense
2025-07-17T22:26:17Z,90.0,Sense
2025-07-17T22:26:22Z,89.0,Sense
2025-07-17T22:26:27Z,88.0,Sense
2025-07-17T22:26:42Z,87.0,Sense
2025-07-17T22:26:57Z,87.0,Sense
2025-07-17T22:27:07Z,86.0,Sense
2025-07-17T22:27:12Z,85.0,Sense
2025-07-17T22:27:17Z,84.0,Sense
2025-07-17T22:27:22Z,85.0,Sense
2025-07-17T22:27:27Z,86.0,Sense
2025-07-17T22:27:37Z,85.0,Sense
2025-07-17T22:27:42Z,84.0,Sense
2025-07-17T22:27:47Z,83.0,Sense
2025-07-17T22:27:52Z,83.0,Sense
2025-07-17T22:27:57Z,83.0,Sense
2025-07-17T22:28:02Z,82.0,Sense
2025-07-17T22:28:12Z,81.0,Sense
2025-07-17T22:28:22Z,82.0,Sense
2025-07-17T22:28:32Z,81.0,Sense
2025-07-17T22:28:37Z,80.0,Sense
2025-07-17T22:28:42Z,74.0,Sense
2025-07-17T22:28:47Z,72.0,Sense
2025-07-17T22:29:02Z,74.0,Sense
2025-07-17T22:29:07Z,87.0,Sense
2025-07-17T22:29:12Z,88.0,Sense
2025-07-17T22:29:17Z,87.0,Sense
2025-07-17T22:29:27Z,88.0,Sense
2025-07-17T22:29:32Z,90.0,Sense
2025-07-17T22:29:42Z,89.0,Sense
2025-07-17T22:29:52Z,85.0,Sense
2025-07-17T22:29:57Z,81.0,Sense
2025-07-17T22:30:12Z,81.0,Sense
2025-07-17T22:30:17Z,80.0,Sense
2025-07-17T22:30:22Z,80.0,Sense
2025-07-17T22:30:37Z,80.0,Sense
2025-07-17T22:30:52Z,88.0,Sense
2025-07-17T22:30:57Z,92.0,Sense
2025-07-17T22:31:07Z,91.0,Sense
2025-07-17T22:31:12Z,90.0,Sense
2025-07-17T22:31:17Z,88.0,Sense
2025-07-17T22:31:22Z,88.0,Sense
2025-07-17T22:31:27Z,87.0,Sense
2025-07-17T22:31:32Z,85.0,Sense
2025-07-17T22:31:37Z,84.0,Sense
2025-07-17T22:31:42Z,83.0,Sense
2025-07-17T22:31:47Z,82.0,Sense
2025-07-17T22:31:57Z,81.0,Sense
2025-07-17T22:32:12Z,80.0,Sense
2025-07-17T22:32:27Z,82.0,Sense
2025-07-17T22:32:37Z,81.0,Sense
2025-07-17T22:32:47Z,80.0,Sense
2025-07-17T22:32:52Z,81.0,Sense
2025-07-17T22:33:02Z,80.0,Sense
2025-07-17T22:33:17Z,79.0,Sense
2025-07-17T22:33:32Z,77.0,Sense
2025-07-17T22:33:37Z,77.0,Sense
2025-07-17T22:33:42Z,77.0,Sense
2025-07-17T22:33:57Z,81.0,Sense
2025-07-17T22:34:02Z,84.0,Sense
2025-07-17T22:34:17Z,83.0,Sense
2025-07-17T22:34:22Z,83.0,Sense
2025-07-17T22:34:32Z,81.0,Sense
2025-07-17T22:34:37Z,73.0,Sense
2025-07-17T22:34:47Z,74.0,Sense
2025-07-17T22:35:02Z,74.0,Sense
2025-07-17T22:35:07Z,74.0,Sense
2025-07-17T22:35:12Z,75.0,Sense
2025-07-17T22:35:27Z,75.0,Sense
2025-07-17T22:35:42Z,74.0,Sense
2025-07-17T22:35:47Z,75.0,Sense
2025-07-17T22:35:52Z,75.0,Sense
2025-07-17T22:35:57Z,76.0,Sense
2025-07-17T22:36:07Z,77.0,Sense
2025-07-17T22:36:12Z,78.0,Sense
2025-07-17T22:36:17Z,79.0,Sense
2025-07-17T22:36:22Z,80.0,Sense
2025-07-17T22:36:32Z,80.0,Sense
2025-07-17T22:36:37Z,81.0,Sense
2025-07-17T22:36:42Z,80.0,Sense
2025-07-17T22:36:52Z,79.0,Sense
2025-07-17T22:36:57Z,76.0,Sense
2025-07-17T22:37:02Z,73.0,Sense
2025-07-17T22:37:07Z,75.0,Sense
2025-07-17T22:37:12Z,77.0,Sense
2025-07-17T22:37:27Z,77.0,Sense
2025-07-17T22:37:37Z,75.0,Sense
2025-07-17T22:37:42Z,72.0,Sense
2025-07-17T22:37:57Z,73.0,Sense
2025-07-17T22:38:02Z,74.0,Sense
2025-07-17T22:38:07Z,75.0,Sense
2025-07-17T22:38:12Z,75.0,Sense
2025-07-17T22:38:27Z,76.0,Sense
2025-07-17T22:38:37Z,77.0,Sense
2025-07-17T22:38:42Z,77.0,Sense
2025-07-17T22:38:47Z,78.0,Sense
2025-07-17T22:38:57Z,79.0,Sense
2025-07-17T22:39:12Z,78.0,Sense
2025-07-17T22:39:17Z,79.0,Sense
2025-07-17T22:39:22Z,80.0,Sense
2025-07-17T22:39:37Z,80.0,Sense
2025-07-17T22:39:47Z,81.0,Sense
2025-07-17T22:39:52Z,81.0,Sense
2025-07-17T22:39:57Z,82.0,Sense
2025-07-17T22:40:07Z,85.0,Sense
2025-07-17T22:40:12Z,99.0,Sense
2025-07-17T22:40:27Z,99.0,Sense
2025-07-17T22:40:32Z,98.0,Sense
2025-07-17T22:40:37Z,95.0,Sense
2025-07-17T22:40:42Z,93.0,Sense
2025-07-17T22:40:57Z,92.0,Sense
2025-07-17T22:41:02Z,91.0,Sense
2025-07-17T22:41:07Z,90.0,Sense
2025-07-17T22:41:17Z,89.0,Sense
2025-07-17T22:41:22Z,88.0,Sense
2025-07-17T22:41:37Z,88.0,Sense
2025-07-17T22:41:47Z,87.0,Sense
2025-07-17T22:41:57Z,86.0,Sense
2025-07-17T22:42:02Z,85.0,Sense
2025-07-17T22:42:17Z,85.0,Sense
2025-07-17T22:42:22Z,84.0,Sense
2025-07-17T22:42:27Z,79.0,Sense
2025-07-17T22:42:42Z,79.0,Sense
2025-07-17T22:42:47Z,78.0,Sense
2025-07-17T22:42:57Z,79.0,Sense
2025-07-17T22:43:07Z,79.0,Sense
2025-07-17T22:43:12Z,80.0,Sense
2025-07-17T22:43:22Z,79.0,Sense
2025-07-17T22:43:32Z,78.0,Sense
2025-07-17T22:43:47Z,78.0,Sense
2025-07-17T22:43:52Z,79.0,Sense
2025-07-17T22:43:57Z,80.0,Sense
2025-07-17T22:44:02Z,81.0,Sense
2025-07-17T22:44:12Z,85.0,Sense
2025-07-17T22:44:17Z,86.0,Sense
2025-07-17T22:44:32Z,87.0,Sense
2025-07-17T22:44:37Z,86.0,Sense
2025-07-17T22:44:42Z,85.0,Sense
2025-07-17T22:44:47Z,83.0,Sense
2025-07-17T22:44:57Z,82.0,Sense
2025-07-17T22:45:02Z,81.0,Sense
2025-07-17T22:45:07Z,80.0,Sense
2025-07-17T22:45:17Z,79.0,Sense
2025-07-17T22:45:22Z,78.0,Sense
2025-07-17T22:45:27Z,73.0,Sense
2025-07-17T22:45:32Z,74.0,Sense
2025-07-17T22:45:47Z,74.0,Sense
2025-07-17T22:45:52Z,74.0,Sense
2025-07-17T22:45:57Z,75.0,Sense
2025-07-17T22:46:02Z,74.0,Sense
2025-07-17T22:46:12Z,75.0,Sense
2025-07-17T22:46:27Z,79.0,Sense
2025-07-17T22:46:32Z,86.0,Sense
2025-07-17T22:46:37Z,85.0,Sense
2025-07-17T22:46:42Z,86.0,Sense
2025-07-17T22:46:57Z,86.0,Sense
2025-07-17T22:47:02Z,81.0,Sense
2025-07-17T22:47:07Z,76.0,Sense
2025-07-17T22:47:12Z,75.0,Sense
2025-07-17T22:47:22Z,76.0,Sense
2025-07-17T22:47:27Z,75.0,Sense
2025-07-17T22:47:32Z,76.0,Sense
2025-07-17T22:47:37Z,83.0,Sense
2025-07-17T22:47:47Z,84.0,Sense
2025-07-17T22:47:52Z,83.0,Sense
2025-07-17T22:48:07Z,83.0,Sense
2025-07-17T22:48:12Z,82.0,Sense
2025-07-17T22:48:17Z,81.0,Sense
2025-07-17T22:48:22Z,79.0,Sense
2025-07-17T22:48:37Z,78.0,Sense
2025-07-17T22:48:52Z,78.0,Sense
2025-07-17T22:49:07Z,78.0,Sense
2025-07-17T22:49:12Z,79.0,Sense
2025-07-17T22:49:17Z,78.0,Sense
2025-07-17T22:49:22Z,78.0,Sense
2025-07-17T22:49:27Z,80.0,Sense
2025-07-17T22:49:42Z,80.0,Sense
2025-07-17T22:49:52Z,79.0,Sense
2025-07-17T22:50:02Z,77.0,Sense
2025-07-17T22:50:07Z,72.0,Sense
2025-07-17T22:50:22Z,72.0,Sense
2025-07-17T22:50:27Z,79.0,Sense
2025-07-17T22:50:32Z,83.0,Sense
2025-07-17T22:50:42Z,85.0,Sense
2025-07-17T22:50:47Z,89.0,Sense
2025-07-17T22:50:57Z,88.0,Sense
2025-07-17T22:51:02Z,82.0,Sense
2025-07-17T22:51:07Z,77.0,Sense
2025-07-17T22:51:22Z,80.0,Sense
2025-07-17T22:51:27Z,84.0,Sense
2025-07-17T22:51:32Z,86.0,Sense
2025-07-17T22:51:37Z,85.0,Sense
2025-07-17T22:51:42Z,84.0,Sense
2025-07-17T22:51:47Z,83.0,Sense
2025-07-17T22:51:52Z,82.0,Sense
2025-07-17T22:51:57Z,79.0,Sense
2025-07-17T22:52:12Z,78.0,Sense
2025-07-17T22:52:22Z,79.0,Sense
2025-07-17T22:52:27Z,80.0,Sense
2025-07-17T22:52:37Z,81.0,Sense
2025-07-17T22:52:52Z,83.0,Sense
2025-07-17T22:52:57Z,83.0,Sense
2025-07-17T22:53:02Z,75.0,Sense
2025-07-17T22:53:07Z,72.0,Sense
2025-07-17T22:53:22Z,72.0,Sense
2025-07-17T22:53:27Z,73.0,Sense
2025-07-17T22:53:32Z,74.0,Sense
2025-07-17T22:53:37Z,78.0,Sense
2025-07-17T22:53:42Z,80.0,Sense
2025-07-17T22:53:52Z,82.0,Sense
2025-07-17T22:53:57Z,85.0,Sense
2025-07-17T22:54:12Z,84.0,Sense
2025-07-17T22:54:22Z,84.0,Sense
2025-07-17T22:54:27Z,83.0,Sense
2025-07-17T22:54:37Z,81.0,Sense
2025-07-17T22:54:47Z,82.0,Sense
2025-07-17T22:54:52Z,81.0,Sense
2025-07-17T22:55:07Z,82.0,Sense
2025-07-17T22:55:12Z,81.0,Sense
2025-07-17T22:55:17Z,82.0,Sense
2025-07-17T22:55:22Z,83.0,Sense
2025-07-17T22:55:32Z,82.0,Sense
2025-07-17T22:55:37Z,83.0,Sense
2025-07-17T22:55:52Z,84.0,Sense
2025-07-17T22:56:07Z,84.0,Sense
2025-07-17T22:56:17Z,85.0,Sense
2025-07-17T22:56:27Z,86.0,Sense
2025-07-17T22:56:32Z,87.0,Sense
2025-07-17T22:56:37Z,87.0,Sense
2025-07-17T22:56:42Z,86.0,Sense
2025-07-17T22:56:52Z,85.0,Sense
2025-07-17T22:56:57Z,84.0,Sense
2025-07-17T22:57:02Z,83.0,Sense
2025-07-17T22:57:07Z,82.0,Sense
2025-07-17T22:57:12Z,83.0,Sense
2025-07-17T22:57:22Z,84.0,Sense
2025-07-17T22:57:37Z,73.0,Sense
2025-07-17T22:57:42Z,74.0,Sense
2025-07-17T22:57:47Z,78.0,Sense
2025-07-17T22:57:57Z,79.0,Sense
2025-07-17T22:58:02Z,80.0,Sense
2025-07-17T22:58:07Z,81.0,Sense
2025-07-17T22:58:22Z,81.0,Sense
2025-07-17T22:58:27Z,80.0,Sense
2025-07-17T22:58:32Z,80.0,Sense
2025-07-17T22:58:37Z,81.0,Sense
2025-07-17T22:58:52Z,80.0,Sense
2025-07-17T22:58:57Z,80.0,Sense
2025-07-17T23:00:17Z,70.0,Sense
2025-07-17T23:00:27Z,94.0,Sense
2025-07-17T23:00:32Z,99.0,Sense
2025-07-17T23:00:37Z,104.0,Sense
2025-07-17T23:00:42Z,101.0,Sense
2025-07-17T23:00:47Z,99.0,Sense
2025-07-17T23:00:52Z,96.0,Sense
2025-07-17T23:01:07Z,93.0,Sense
2025-07-17T23:01:12Z,92.0,Sense
2025-07-17T23:01:17Z,93.0,Sense
2025-07-17T23:01:32Z,91.0,Sense
2025-07-17T23:01:37Z,89.0,Sense
2025-07-17T23:01:42Z,90.0,Sense
2025-07-17T23:01:47Z,91.0,Sense
2025-07-17T23:01:57Z,92.0,Sense
2025-07-17T23:02:02Z,93.0,Sense
2025-07-17T23:02:07Z,91.0,Sense
2025-07-17T23:02:12Z,90.0,Sense
2025-07-17T23:02:27Z,89.0,Sense
2025-07-17T23:02:32Z,90.0,Sense
2025-07-17T23:02:37Z,88.0,Sense
2025-07-17T23:02:42Z,85.0,Sense
2025-07-17T23:02:52Z,84.0,Sense
2025-07-17T23:02:57Z,85.0,Sense
2025-07-17T23:03:02Z,86.0,Sense
2025-07-17T23:03:12Z,86.0,Sense
2025-07-17T23:03:27Z,86.0,Sense
2025-07-17T23:03:42Z,86.0,Sense
2025-07-17T23:03:47Z,87.0,Sense
2025-07-17T23:03:52Z,88.0,Sense
2025-07-17T23:03:57Z,87.0,Sense
2025-07-17T23:04:02Z,85.0,Sense
2025-07-17T23:04:17Z,83.0,Sense
2025-07-17T23:04:22Z,84.0,Sense
2025-07-17T23:04:27Z,82.0,Sense
2025-07-17T23:04:32Z,78.0,Sense
2025-07-17T23:04:42Z,79.0,Sense
2025-07-17T23:04:57Z,80.0,Sense
2025-07-17T23:05:02Z,81.0,Sense
2025-07-17T23:05:17Z,82.0,Sense
2025-07-17T23:05:27Z,83.0,Sense
2025-07-17T23:05:32Z,82.0,Sense
2025-07-17T23:05:47Z,82.0,Sense
2025-07-17T23:05:52Z,83.0,Sense
2025-07-17T23:05:57Z,84.0,Sense
2025-07-17T23:06:07Z,83.0,Sense
2025-07-17T23:06:12Z,110.0,Sense
2025-07-17T23:06:27Z,110.0,Sense
2025-07-17T23:06:32Z,108.0,Sense
2025-07-17T23:06:37Z,111.0,Sense
2025-07-17T23:06:42Z,109.0,Sense
2025-07-17T23:06:47Z,106.0,Sense
2025-07-17T23:06:52Z,104.0,Sense
2025-07-17T23:06:57Z,102.0,Sense
2025-07-17T23:07:02Z,99.0,Sense
2025-07-17T23:07:07Z,97.0,Sense
2025-07-17T23:07:12Z,85.0,Sense
2025-07-17T23:07:17Z,83.0,Sense
2025-07-17T23:07:22Z,84.0,Sense
2025-07-17T23:07:37Z,85.0,Sense
2025-07-17T23:07:47Z,89.0,Sense
2025-07-17T23:07:52Z,92.0,Sense
2025-07-17T23:07:57Z,91.0,Sense
2025-07-17T23:08:02Z,90.0,Sense
2025-07-17T23:08:07Z,89.0,Sense
2025-07-17T23:08:12Z,88.0,Sense
2025-07-17T23:08:27Z,89.0,Sense
2025-07-17T23:08:32Z,88.0,Sense
2025-07-17T23:08:37Z,87.0,Sense
2025-07-17T23:08:42Z,88.0,Sense
2025-07-17T23:08:47Z,89.0,Sense
2025-07-17T23:08:57Z,88.0,Sense
2025-07-17T23:09:12Z,88.0,Sense
2025-07-17T23:09:17Z,89.0,Sense
2025-07-17T23:09:22Z,89.0,Sense
2025-07-17T23:09:27Z,88.0,Sense
2025-07-17T23:09:42Z,89.0,Sense
2025-07-17T23:09:47Z,88.0,Sense
2025-07-17T23:09:52Z,90.0,Sense
2025-07-17T23:10:02Z,89.0,Sense
2025-07-17T23:10:12Z,88.0,Sense
2025-07-17T23:10:17Z,87.0,Sense
2025-07-17T23:10:27Z,86.0,Sense
2025-07-17T23:10:37Z,84.0,Sense
2025-07-17T23:10:42Z,85.0,Sense
2025-07-17T23:10:52Z,87.0,Sense
2025-07-17T23:10:57Z,89.0,Sense
2025-07-17T23:11:02Z,88.0,Sense
2025-07-17T23:11:07Z,89.0,Sense
2025-07-17T23:11:17Z,89.0,Sense
2025-07-17T23:11:22Z,88.0,Sense
2025-07-17T23:11:27Z,88.0,Sense
2025-07-17T23:11:32Z,87.0,Sense
2025-07-17T23:11:47Z,86.0,Sense
2025-07-17T23:11:52Z,85.0,Sense
2025-07-17T23:11:57Z,86.0,Sense
2025-07-17T23:12:02Z,85.0,Sense
2025-07-17T23:12:17Z,85.0,Sense
2025-07-17T23:12:22Z,86.0,Sense
2025-07-17T23:12:27Z,87.0,Sense
2025-07-17T23:12:42Z,87.0,Sense
2025-07-17T23:12:47Z,88.0,Sense
2025-07-17T23:12:57Z,88.0,Sense
2025-07-17T23:13:07Z,87.0,Sense
2025-07-17T23:13:12Z,86.0,Sense
2025-07-17T23:13:22Z,85.0,Sense
2025-07-17T23:13:27Z,84.0,Sense
2025-07-17T23:13:32Z,83.0,Sense
2025-07-17T23:13:47Z,82.0,Sense
2025-07-17T23:13:57Z,81.0,Sense
2025-07-17T23:14:02Z,81.0,Sense
2025-07-17T23:14:17Z,81.0,Sense
2025-07-17T23:14:22Z,82.0,Sense
2025-07-17T23:14:37Z,82.0,Sense
2025-07-17T23:14:42Z,81.0,Sense
2025-07-17T23:14:52Z,80.0,Sense
2025-07-17T23:14:57Z,78.0,Sense
2025-07-17T23:15:02Z,79.0,Sense
2025-07-17T23:15:07Z,80.0,Sense
2025-07-17T23:15:17Z,82.0,Sense
2025-07-17T23:15:22Z,83.0,Sense
2025-07-17T23:15:27Z,84.0,Sense
2025-07-17T23:15:32Z,83.0,Sense
2025-07-17T23:15:37Z,84.0,Sense
2025-07-17T23:15:42Z,87.0,Sense
2025-07-17T23:15:47Z,88.0,Sense
2025-07-17T23:16:02Z,88.0,Sense
2025-07-17T23:16:12Z,87.0,Sense
2025-07-17T23:16:17Z,87.0,Sense
2025-07-17T23:16:27Z,87.0,Sense
2025-07-17T23:16:32Z,86.0,Sense
2025-07-17T23:16:37Z,87.0,Sense
2025-07-17T23:16:47Z,86.0,Sense
2025-07-17T23:17:02Z,86.0,Sense
2025-07-17T23:17:17Z,87.0,Sense
2025-07-17T23:17:22Z,86.0,Sense
2025-07-17T23:17:27Z,85.0,Sense
2025-07-17T23:17:32Z,86.0,Sense
2025-07-17T23:17:47Z,87.0,Sense
2025-07-17T23:18:02Z,87.0,Sense
2025-07-17T23:18:07Z,85.0,Sense
2025-07-17T23:18:17Z,86.0,Sense
2025-07-17T23:18:27Z,99.0,Sense
2025-07-17T23:18:32Z,103.0,Sense
2025-07-17T23:18:47Z,101.0,Sense
2025-07-17T23:18:52Z,99.0,Sense
2025-07-17T23:18:57Z,98.0,Sense
2025-07-17T23:19:02Z,96.0,Sense
2025-07-17T23:19:07Z,94.0,Sense
2025-07-17T23:19:12Z,91.0,Sense
2025-07-17T23:19:22Z,90.0,Sense
2025-07-17T23:19:27Z,89.0,Sense
2025-07-17T23:19:32Z,88.0,Sense
2025-07-17T23:19:37Z,86.0,Sense
2025-07-17T23:19:42Z,86.0,Sense
2025-07-17T23:19:47Z,87.0,Sense
2025-07-17T23:20:02Z,85.0,Sense
2025-07-17T23:20:12Z,84.0,Sense
2025-07-17T23:20:17Z,83.0,Sense
2025-07-17T23:20:27Z,84.0,Sense
2025-07-17T23:20:37Z,83.0,Sense
2025-07-17T23:20:42Z,84.0,Sense
2025-07-17T23:20:52Z,83.0,Sense
2025-07-17T23:20:57Z,85.0,Sense
2025-07-17T23:21:02Z,87.0,Sense
2025-07-17T23:21:17Z,87.0,Sense
2025-07-17T23:21:27Z,86.0,Sense
2025-07-17T23:21:37Z,82.0,Sense
2025-07-17T23:21:42Z,79.0,Sense
2025-07-17T23:21:57Z,79.0,Sense
2025-07-17T23:22:07Z,80.0,Sense
2025-07-17T23:22:12Z,79.0,Sense
2025-07-17T23:22:17Z,80.0,Sense
2025-07-17T23:22:22Z,81.0,Sense
2025-07-17T23:22:27Z,82.0,Sense
2025-07-17T23:22:37Z,83.0,Sense
2025-07-17T23:22:47Z,83.0,Sense
2025-07-17T23:22:57Z,84.0,Sense
2025-07-17T23:23:07Z,85.0,Sense
2025-07-17T23:23:12Z,87.0,Sense
2025-07-17T23:23:27Z,86.0,Sense
2025-07-17T23:23:32Z,86.0,Sense
2025-07-17T23:23:42Z,85.0,Sense
2025-07-17T23:23:47Z,86.0,Sense
2025-07-17T23:23:52Z,87.0,Sense
2025-07-17T23:24:07Z,87.0,Sense
2025-07-17T23:24:17Z,85.0,Sense
2025-07-17T23:24:32Z,85.0,Sense
2025-07-17T23:24:42Z,86.0,Sense
2025-07-17T23:24:47Z,87.0,Sense
2025-07-17T23:25:02Z,87.0,Sense
2025-07-17T23:25:12Z,88.0,Sense
2025-07-17T23:25:22Z,89.0,Sense
2025-07-17T23:25:27Z,88.0,Sense
2025-07-17T23:25:32Z,87.0,Sense
2025-07-17T23:25:42Z,83.0,Sense
2025-07-17T23:25:47Z,81.0,Sense
2025-07-17T23:26:02Z,81.0,Sense
2025-07-17T23:26:07Z,78.0,Sense
2025-07-17T23:26:17Z,81.0,Sense
2025-07-17T23:26:27Z,82.0,Sense
2025-07-17T23:26:32Z,83.0,Sense
2025-07-17T23:26:42Z,82.0,Sense
2025-07-17T23:26:57Z,82.0,Sense
2025-07-17T23:27:12Z,82.0,Sense
2025-07-17T23:27:17Z,83.0,Sense
2025-07-17T23:27:22Z,84.0,Sense
2025-07-17T23:27:27Z,85.0,Sense
2025-07-17T23:27:32Z,86.0,Sense
2025-07-17T23:27:37Z,88.0,Sense
2025-07-17T23:27:42Z,89.0,Sense
2025-07-17T23:27:57Z,89.0,Sense
2025-07-17T23:28:02Z,90.0,Sense
2025-07-17T23:28:07Z,91.0,Sense
2025-07-17T23:28:12Z,90.0,Sense
2025-07-17T23:28:17Z,89.0,Sense
2025-07-17T23:28:27Z,88.0,Sense
2025-07-17T23:28:37Z,87.0,Sense
2025-07-17T23:28:47Z,86.0,Sense
2025-07-17T23:29:02Z,86.0,Sense
2025-07-17T23:29:07Z,88.0,Sense
2025-07-17T23:29:12Z,89.0,Sense
2025-07-17T23:29:22Z,106.0,Sense
2025-07-17T23:29:27Z,111.0,Sense
2025-07-17T23:29:32Z,110.0,Sense
2025-07-17T23:29:42Z,111.0,Sense
2025-07-17T23:29:47Z,110.0,Sense
2025-07-17T23:29:52Z,104.0,Sense
2025-07-17T23:29:57Z,98.0,Sense
2025-07-17T23:30:07Z,96.0,Sense
2025-07-17T23:30:12Z,94.0,Sense
2025-07-17T23:30:17Z,93.0,Sense
2025-07-17T23:30:27Z,91.0,Sense
2025-07-17T23:30:32Z,91.0,Sense
2025-07-17T23:30:37Z,90.0,Sense
2025-07-17T23:30:42Z,88.0,Sense
2025-07-17T23:30:47Z,87.0,Sense
2025-07-17T23:30:52Z,86.0,Sense
2025-07-17T23:31:02Z,87.0,Sense
2025-07-17T23:31:17Z,87.0,Sense
2025-07-17T23:31:22Z,89.0,Sense
2025-07-17T23:31:27Z,88.0,Sense
2025-07-17T23:31:32Z,87.0,Sense
2025-07-17T23:31:37Z,86.0,Sense
2025-07-17T23:31:42Z,87.0,Sense
2025-07-17T23:31:52Z,87.0,Sense
2025-07-17T23:32:07Z,87.0,Sense
2025-07-17T23:32:12Z,86.0,Sense
2025-07-17T23:32:17Z,86.0,Sense
2025-07-17T23:32:22Z,87.0,Sense
2025-07-17T23:32:37Z,87.0,Sense
2025-07-17T23:32:47Z,86.0,Sense
2025-07-17T23:32:57Z,85.0,Sense
2025-07-17T23:33:12Z,87.0,Sense
2025-07-17T23:33:17Z,85.0,Sense
2025-07-17T23:33:32Z,87.0,Sense
2025-07-17T23:33:47Z,87.0,Sense
2025-07-17T23:33:52Z,86.0,Sense
2025-07-17T23:33:57Z,85.0,Sense
2025-07-17T23:34:02Z,83.0,Sense
2025-07-17T23:34:07Z,83.0,Sense
2025-07-17T23:34:22Z,82.0,Sense
2025-07-17T23:34:27Z,81.0,Sense
2025-07-17T23:34:32Z,80.0,Sense
2025-07-17T23:34:37Z,85.0,Sense
2025-07-17T23:34:42Z,86.0,Sense
2025-07-17T23:34:57Z,85.0,Sense
2025-07-17T23:35:12Z,84.0,Sense
2025-07-17T23:35:17Z,89.0,Sense
2025-07-17T23:35:22Z,92.0,Sense
2025-07-17T23:35:27Z,91.0,Sense
2025-07-17T23:35:37Z,90.0,Sense
2025-07-17T23:35:42Z,89.0,Sense
2025-07-17T23:35:47Z,88.0,Sense
2025-07-17T23:35:52Z,86.0,Sense
2025-07-17T23:35:57Z,86.0,Sense
2025-07-17T23:36:12Z,87.0,Sense
2025-07-17T23:36:17Z,87.0,Sense
2025-07-17T23:36:22Z,85.0,Sense
2025-07-17T23:36:27Z,84.0,Sense
2025-07-17T23:36:42Z,84.0,Sense
2025-07-17T23:36:47Z,85.0,Sense
2025-07-17T23:36:52Z,86.0,Sense
2025-07-17T23:37:07Z,84.0,Sense
2025-07-17T23:37:12Z,78.0,Sense
2025-07-17T23:37:27Z,82.0,Sense
2025-07-17T23:37:32Z,88.0,Sense
2025-07-17T23:37:37Z,88.0,Sense
2025-07-17T23:37:42Z,87.0,Sense
2025-07-17T23:37:52Z,87.0,Sense
2025-07-17T23:38:02Z,85.0,Sense
2025-07-17T23:38:07Z,85.0,Sense
2025-07-17T23:38:22Z,85.0,Sense
2025-07-17T23:38:27Z,85.0,Sense
2025-07-17T23:38:32Z,86.0,Sense
2025-07-17T23:38:37Z,84.0,Sense
2025-07-17T23:38:42Z,83.0,Sense
2025-07-17T23:38:52Z,82.0,Sense
2025-07-17T23:38:57Z,83.0,Sense
2025-07-17T23:39:07Z,84.0,Sense
2025-07-17T23:39:22Z,84.0,Sense
2025-07-17T23:39:27Z,85.0,Sense
2025-07-17T23:39:32Z,84.0,Sense
2025-07-17T23:39:42Z,85.0,Sense
2025-07-17T23:39:57Z,85.0,Sense
2025-07-17T23:40:02Z,86.0,Sense
2025-07-17T23:40:07Z,80.0,Sense
2025-07-17T23:40:12Z,79.0,Sense
2025-07-17T23:40:17Z,80.0,Sense
2025-07-17T23:40:32Z,81.0,Sense
2025-07-17T23:40:42Z,81.0,Sense
2025-07-17T23:40:47Z,82.0,Sense
2025-07-17T23:41:02Z,83.0,Sense
2025-07-17T23:41:17Z,84.0,Sense
2025-07-17T23:41:22Z,85.0,Sense
2025-07-17T23:41:37Z,86.0,Sense
2025-07-17T23:41:52Z,86.0,Sense
2025-07-17T23:41:57Z,85.0,Sense
2025-07-17T23:42:12Z,85.0,Sense
2025-07-17T23:42:22Z,84.0,Sense
2025-07-17T23:42:32Z,85.0,Sense
2025-07-17T23:42:37Z,84.0,Sense
2025-07-17T23:42:52Z,84.0,Sense
2025-07-17T23:43:02Z,83.0,Sense
2025-07-17T23:43:07Z,83.0,Sense
2025-07-17T23:43:17Z,84.0,Sense
2025-07-17T23:43:22Z,84.0,Sense
2025-07-17T23:43:27Z,85.0,Sense
2025-07-17T23:43:32Z,85.0,Sense
2025-07-17T23:43:37Z,86.0,Sense
2025-07-17T23:43:52Z,83.0,Sense
2025-07-17T23:44:07Z,83.0,Sense
2025-07-17T23:44:22Z,84.0,Sense
2025-07-17T23:44:27Z,83.0,Sense
2025-07-17T23:44:37Z,84.0,Sense
2025-07-17T23:44:42Z,83.0,Sense
2025-07-17T23:44:47Z,84.0,Sense
2025-07-17T23:45:02Z,85.0,Sense
2025-07-17T23:45:07Z,84.0,Sense
2025-07-17T23:45:12Z,80.0,Sense
2025-07-17T23:45:27Z,80.0,Sense
2025-07-17T23:45:32Z,82.0,Sense
2025-07-17T23:45:37Z,83.0,Sense
2025-07-17T23:45:52Z,84.0,Sense
2025-07-17T23:46:02Z,85.0,Sense
2025-07-17T23:46:07Z,86.0,Sense
2025-07-17T23:46:12Z,87.0,Sense
2025-07-17T23:46:22Z,86.0,Sense
2025-07-17T23:46:32Z,87.0,Sense
2025-07-17T23:46:37Z,86.0,Sense
2025-07-17T23:46:47Z,85.0,Sense
2025-07-17T23:46:52Z,81.0,Sense
2025-07-17T23:46:57Z,77.0,Sense
2025-07-17T23:47:12Z,79.0,Sense
2025-07-17T23:47:17Z,79.0,Sense
2025-07-17T23:47:32Z,79.0,Sense
2025-07-17T23:47:47Z,79.0,Sense
2025-07-17T23:47:57Z,80.0,Sense
2025-07-17T23:48:12Z,80.0,Sense
2025-07-17T23:48:17Z,81.0,Sense
2025-07-17T23:48:27Z,82.0,Sense
2025-07-17T23:48:32Z,83.0,Sense
2025-07-17T23:48:42Z,80.0,Sense
2025-07-17T23:48:47Z,79.0,Sense
2025-07-17T23:48:52Z,78.0,Sense
2025-07-17T23:49:07Z,81.0,Sense
2025-07-17T23:49:12Z,82.0,Sense
2025-07-17T23:49:22Z,81.0,Sense
2025-07-17T23:49:27Z,82.0,Sense
2025-07-17T23:49:32Z,83.0,Sense
2025-07-17T23:49:37Z,84.0,Sense
2025-07-17T23:49:52Z,95.0,Sense
2025-07-17T23:49:57Z,96.0,Sense
2025-07-17T23:50:02Z,95.0,Sense
2025-07-17T23:50:12Z,93.0,Sense
2025-07-17T23:50:17Z,92.0,Sense
2025-07-17T23:50:32Z,91.0,Sense
2025-07-17T23:50:37Z,89.0,Sense
2025-07-17T23:50:47Z,88.0,Sense
2025-07-17T23:50:57Z,87.0,Sense
2025-07-17T23:51:12Z,85.0,Sense
2025-07-17T23:51:17Z,84.0,Sense
2025-07-17T23:51:32Z,84.0,Sense
2025-07-17T23:51:37Z,85.0,Sense
2025-07-17T23:51:42Z,84.0,Sense
2025-07-17T23:51:57Z,85.0,Sense
2025-07-17T23:52:12Z,86.0,Sense
2025-07-17T23:52:17Z,87.0,Sense
2025-07-17T23:52:22Z,86.0,Sense
2025-07-17T23:52:37Z,86.0,Sense
2025-07-17T23:52:47Z,87.0,Sense
2025-07-17T23:52:52Z,86.0,Sense
2025-07-17T23:53:07Z,85.0,Sense
2025-07-17T23:53:12Z,86.0,Sense
2025-07-17T23:53:17Z,86.0,Sense
2025-07-17T23:53:27Z,85.0,Sense
2025-07-17T23:53:42Z,91.0,Sense
2025-07-17T23:53:47Z,93.0,Sense
2025-07-17T23:53:57Z,92.0,Sense
2025-07-17T23:54:07Z,90.0,Sense
2025-07-17T23:54:12Z,89.0,Sense
2025-07-17T23:54:17Z,88.0,Sense
2025-07-17T23:54:32Z,88.0,Sense
2025-07-17T23:54:42Z,87.0,Sense
2025-07-17T23:54:52Z,78.0,Sense
2025-07-17T23:54:57Z,76.0,Sense
2025-07-17T23:55:02Z,77.0,Sense
2025-07-17T23:55:12Z,79.0,Sense
2025-07-17T23:55:22Z,78.0,Sense
2025-07-17T23:55:27Z,79.0,Sense
2025-07-17T23:55:37Z,80.0,Sense
2025-07-17T23:55:42Z,80.0,Sense
2025-07-17T23:55:52Z,81.0,Sense
2025-07-17T23:55:57Z,82.0,Sense
2025-07-17T23:56:12Z,82.0,Sense
2025-07-17T23:56:17Z,81.0,Sense
2025-07-17T23:56:27Z,80.0,Sense
2025-07-17T23:56:37Z,81.0,Sense
2025-07-17T23:56:42Z,80.0,Sense
2025-07-17T23:56:52Z,81.0,Sense
2025-07-17T23:56:57Z,81.0,Sense
2025-07-17T23:57:02Z,80.0,Sense
2025-07-17T23:57:12Z,81.0,Sense
2025-07-17T23:57:17Z,82.0,Sense
2025-07-17T23:57:22Z,81.0,Sense
2025-07-17T23:57:27Z,86.0,Sense
2025-07-17T23:57:32Z,93.0,Sense
2025-07-17T23:57:37Z,91.0,Sense
2025-07-17T23:57:52Z,91.0,Sense
2025-07-17T23:58:02Z,90.0,Sense
2025-07-17T23:58:07Z,89.0,Sense
2025-07-17T23:58:12Z,90.0,Sense
2025-07-17T23:58:17Z,82.0,Sense
2025-07-17T23:58:32Z,82.0,Sense
2025-07-17T23:58:37Z,79.0,Sense
2025-07-17T23:58:47Z,80.0,Sense
2025-07-17T23:58:52Z,81.0,Sense
2025-07-17T23:58:57Z,79.0,Sense
2025-07-17T23:59:02Z,80.0,Sense
2025-07-17T23:59:12Z,81.0,Sense
2025-07-17T23:59:17Z,82.0,Sense
2025-07-17T23:59:32Z,83.0,Sense
2025-07-17T23:59:37Z,82.0,Sense
2025-07-17T23:59:47Z,84.0,Sense
2025-07-17T23:59:52Z,85.0,Sense
2025-07-17T23:59:57Z,84.0,Sense
