timestamp,beats per minute,data source
2025-03-25T07:52:05Z,96.0,Sense
2025-03-25T07:52:10Z,95.0,Sense
2025-03-25T07:52:15Z,99.0,Sense
2025-03-25T07:52:20Z,98.0,Sense
2025-03-25T07:52:25Z,100.0,Sense
2025-03-25T07:52:30Z,101.0,Sense
2025-03-25T07:52:35Z,91.0,Sense
2025-03-25T07:52:40Z,90.0,Sense
2025-03-25T07:52:45Z,88.0,Sense
2025-03-25T07:52:50Z,85.0,Sense
2025-03-25T07:52:55Z,84.0,Sense
2025-03-25T07:53:00Z,85.0,Sense
2025-03-25T07:53:05Z,87.0,Sense
2025-03-25T07:53:15Z,86.0,Sense
2025-03-25T07:53:20Z,86.0,Sense
2025-03-25T07:53:25Z,87.0,Sense
2025-03-25T07:53:30Z,87.0,Sense
2025-03-25T07:53:40Z,87.0,Sense
2025-03-25T07:53:45Z,89.0,Sense
2025-03-25T07:54:00Z,89.0,Sense
2025-03-25T07:54:05Z,87.0,Sense
2025-03-25T07:54:10Z,85.0,Sense
2025-03-25T07:54:25Z,87.0,Sense
2025-03-25T07:54:30Z,89.0,Sense
2025-03-25T07:54:35Z,91.0,Sense
2025-03-25T07:54:40Z,92.0,Sense
2025-03-25T07:54:45Z,95.0,Sense
2025-03-25T07:54:50Z,96.0,Sense
2025-03-25T07:55:00Z,93.0,Sense
2025-03-25T07:55:05Z,89.0,Sense
2025-03-25T07:55:10Z,88.0,Sense
2025-03-25T07:56:41Z,89.0,Sense
2025-03-25T07:56:56Z,89.0,Sense
2025-03-25T07:57:01Z,90.0,Sense
2025-03-25T07:57:06Z,90.0,Sense
2025-03-25T07:57:11Z,90.0,Sense
2025-03-25T07:57:16Z,91.0,Sense
2025-03-25T07:57:31Z,91.0,Sense
2025-03-25T07:57:36Z,90.0,Sense
2025-03-25T07:57:41Z,90.0,Sense
2025-03-25T07:57:46Z,89.0,Sense
2025-03-25T07:57:51Z,88.0,Sense
2025-03-25T07:57:56Z,89.0,Sense
2025-03-25T07:58:01Z,86.0,Sense
2025-03-25T07:58:16Z,87.0,Sense
2025-03-25T07:58:21Z,88.0,Sense
2025-03-25T07:58:31Z,89.0,Sense
2025-03-25T07:58:41Z,88.0,Sense
2025-03-25T07:58:46Z,89.0,Sense
2025-03-25T07:58:51Z,89.0,Sense
2025-03-25T07:59:06Z,90.0,Sense
2025-03-25T07:59:16Z,92.0,Sense
2025-03-25T07:59:21Z,94.0,Sense
2025-03-25T07:59:26Z,93.0,Sense
2025-03-25T07:59:31Z,93.0,Sense
2025-03-25T07:59:36Z,92.0,Sense
2025-03-25T07:59:46Z,91.0,Sense
2025-03-25T08:00:01Z,91.0,Sense
2025-03-25T08:00:06Z,89.0,Sense
2025-03-25T08:00:11Z,88.0,Sense
2025-03-25T08:00:16Z,87.0,Sense
2025-03-25T08:00:31Z,88.0,Sense
2025-03-25T08:00:36Z,89.0,Sense
2025-03-25T08:00:41Z,88.0,Sense
2025-03-25T08:00:46Z,89.0,Sense
2025-03-25T08:00:51Z,88.0,Sense
2025-03-25T08:01:01Z,90.0,Sense
2025-03-25T08:01:06Z,91.0,Sense
2025-03-25T08:01:11Z,92.0,Sense
2025-03-25T08:01:16Z,91.0,Sense
2025-03-25T08:01:21Z,90.0,Sense
2025-03-25T08:01:26Z,91.0,Sense
2025-03-25T08:01:31Z,93.0,Sense
2025-03-25T08:01:36Z,95.0,Sense
2025-03-25T08:01:46Z,96.0,Sense
2025-03-25T08:01:51Z,95.0,Sense
2025-03-25T08:01:56Z,91.0,Sense
2025-03-25T08:02:01Z,87.0,Sense
2025-03-25T08:02:11Z,86.0,Sense
2025-03-25T08:02:16Z,84.0,Sense
2025-03-25T08:02:21Z,83.0,Sense
2025-03-25T08:02:31Z,85.0,Sense
2025-03-25T08:02:36Z,87.0,Sense
2025-03-25T08:02:41Z,88.0,Sense
2025-03-25T08:02:46Z,89.0,Sense
2025-03-25T08:02:51Z,89.0,Sense
2025-03-25T08:02:56Z,88.0,Sense
2025-03-25T08:03:06Z,87.0,Sense
2025-03-25T08:03:11Z,88.0,Sense
2025-03-25T08:03:21Z,88.0,Sense
2025-03-25T08:03:31Z,90.0,Sense
2025-03-25T08:03:36Z,90.0,Sense
2025-03-25T08:03:46Z,88.0,Sense
2025-03-25T08:03:51Z,89.0,Sense
2025-03-25T08:03:56Z,91.0,Sense
2025-03-25T08:04:01Z,95.0,Sense
2025-03-25T08:04:11Z,96.0,Sense
2025-03-25T08:04:21Z,97.0,Sense
2025-03-25T08:04:26Z,96.0,Sense
2025-03-25T08:04:31Z,93.0,Sense
2025-03-25T08:04:36Z,91.0,Sense
2025-03-25T08:04:41Z,90.0,Sense
2025-03-25T08:04:46Z,89.0,Sense
2025-03-25T08:04:51Z,89.0,Sense
2025-03-25T08:04:56Z,87.0,Sense
2025-03-25T08:05:01Z,86.0,Sense
2025-03-25T08:05:06Z,87.0,Sense
2025-03-25T08:05:11Z,85.0,Sense
2025-03-25T08:05:16Z,83.0,Sense
2025-03-25T08:05:26Z,82.0,Sense
2025-03-25T08:05:41Z,82.0,Sense
2025-03-25T08:05:46Z,81.0,Sense
2025-03-25T08:05:51Z,81.0,Sense
2025-03-25T08:06:06Z,82.0,Sense
2025-03-25T08:06:11Z,83.0,Sense
2025-03-25T08:06:16Z,85.0,Sense
2025-03-25T08:06:21Z,84.0,Sense
2025-03-25T08:06:36Z,85.0,Sense
2025-03-25T08:06:41Z,83.0,Sense
2025-03-25T08:06:46Z,82.0,Sense
2025-03-25T08:06:51Z,81.0,Sense
2025-03-25T08:07:01Z,82.0,Sense
2025-03-25T08:07:16Z,80.0,Sense
2025-03-25T08:07:21Z,79.0,Sense
2025-03-25T08:07:26Z,82.0,Sense
2025-03-25T08:07:31Z,87.0,Sense
2025-03-25T08:07:36Z,89.0,Sense
2025-03-25T08:07:41Z,88.0,Sense
2025-03-25T08:07:46Z,89.0,Sense
2025-03-25T08:07:51Z,88.0,Sense
2025-03-25T08:07:56Z,86.0,Sense
2025-03-25T08:08:01Z,84.0,Sense
2025-03-25T08:08:06Z,82.0,Sense
2025-03-25T08:08:11Z,79.0,Sense
2025-03-25T08:08:16Z,77.0,Sense
2025-03-25T08:08:21Z,79.0,Sense
2025-03-25T08:08:26Z,81.0,Sense
2025-03-25T08:08:41Z,82.0,Sense
2025-03-25T08:08:46Z,81.0,Sense
2025-03-25T08:08:51Z,83.0,Sense
2025-03-25T08:08:56Z,82.0,Sense
2025-03-25T08:09:01Z,80.0,Sense
2025-03-25T08:09:06Z,79.0,Sense
2025-03-25T08:09:11Z,81.0,Sense
2025-03-25T08:09:16Z,83.0,Sense
2025-03-25T08:09:21Z,82.0,Sense
2025-03-25T08:09:26Z,79.0,Sense
2025-03-25T08:09:31Z,81.0,Sense
2025-03-25T08:09:36Z,85.0,Sense
2025-03-25T08:09:41Z,86.0,Sense
2025-03-25T08:09:51Z,83.0,Sense
2025-03-25T08:09:56Z,82.0,Sense
2025-03-25T08:10:01Z,83.0,Sense
2025-03-25T08:10:06Z,85.0,Sense
2025-03-25T08:10:11Z,84.0,Sense
2025-03-25T08:10:16Z,83.0,Sense
2025-03-25T08:10:27Z,83.0,Sense
2025-03-25T08:10:32Z,84.0,Sense
2025-03-25T08:10:37Z,86.0,Sense
2025-03-25T08:10:42Z,88.0,Sense
2025-03-25T08:10:47Z,89.0,Sense
2025-03-25T08:10:57Z,90.0,Sense
2025-03-25T08:11:02Z,89.0,Sense
2025-03-25T08:11:07Z,88.0,Sense
2025-03-25T08:11:12Z,87.0,Sense
2025-03-25T08:11:17Z,83.0,Sense
2025-03-25T08:11:22Z,83.0,Sense
2025-03-25T08:11:37Z,83.0,Sense
2025-03-25T08:11:52Z,83.0,Sense
2025-03-25T08:11:57Z,82.0,Sense
2025-03-25T08:12:07Z,83.0,Sense
2025-03-25T08:12:12Z,84.0,Sense
2025-03-25T08:12:17Z,87.0,Sense
2025-03-25T08:12:22Z,83.0,Sense
2025-03-25T08:12:27Z,75.0,Sense
2025-03-25T08:12:42Z,77.0,Sense
2025-03-25T08:12:47Z,78.0,Sense
2025-03-25T08:12:52Z,80.0,Sense
2025-03-25T08:12:57Z,81.0,Sense
2025-03-25T08:13:02Z,82.0,Sense
2025-03-25T08:13:12Z,85.0,Sense
2025-03-25T08:13:22Z,83.0,Sense
2025-03-25T08:13:32Z,81.0,Sense
2025-03-25T08:13:37Z,81.0,Sense
2025-03-25T08:13:42Z,79.0,Sense
2025-03-25T08:13:47Z,80.0,Sense
2025-03-25T08:13:52Z,79.0,Sense
2025-03-25T08:14:02Z,81.0,Sense
2025-03-25T08:14:07Z,82.0,Sense
2025-03-25T08:14:12Z,82.0,Sense
2025-03-25T08:14:17Z,85.0,Sense
2025-03-25T08:14:22Z,86.0,Sense
2025-03-25T08:14:32Z,87.0,Sense
2025-03-25T08:14:47Z,88.0,Sense
2025-03-25T08:14:52Z,90.0,Sense
2025-03-25T08:15:02Z,92.0,Sense
2025-03-25T08:15:07Z,93.0,Sense
2025-03-25T08:15:12Z,94.0,Sense
2025-03-25T08:15:17Z,95.0,Sense
2025-03-25T08:15:27Z,96.0,Sense
2025-03-25T08:15:32Z,95.0,Sense
2025-03-25T08:15:42Z,96.0,Sense
2025-03-25T08:15:47Z,94.0,Sense
2025-03-25T08:15:51Z,95.0,Sense
2025-03-25T08:16:06Z,95.0,Sense
2025-03-25T08:16:11Z,97.0,Sense
2025-03-25T08:16:16Z,98.0,Sense
2025-03-25T08:16:21Z,99.0,Sense
2025-03-25T08:16:26Z,102.0,Sense
2025-03-25T08:16:31Z,105.0,Sense
2025-03-25T08:16:36Z,102.0,Sense
2025-03-25T08:16:41Z,102.0,Sense
2025-03-25T08:16:46Z,104.0,Sense
2025-03-25T08:16:56Z,101.0,Sense
2025-03-25T08:17:01Z,96.0,Sense
2025-03-25T08:17:06Z,93.0,Sense
2025-03-25T08:17:16Z,92.0,Sense
2025-03-25T08:17:21Z,93.0,Sense
2025-03-25T08:17:31Z,95.0,Sense
2025-03-25T08:17:41Z,97.0,Sense
2025-03-25T08:17:46Z,100.0,Sense
2025-03-25T08:17:51Z,99.0,Sense
2025-03-25T08:17:56Z,97.0,Sense
2025-03-25T08:18:01Z,93.0,Sense
2025-03-25T08:18:06Z,91.0,Sense
2025-03-25T08:18:21Z,92.0,Sense
2025-03-25T08:18:26Z,91.0,Sense
2025-03-25T08:18:31Z,89.0,Sense
2025-03-25T08:18:36Z,93.0,Sense
2025-03-25T08:18:41Z,97.0,Sense
2025-03-25T08:18:46Z,95.0,Sense
2025-03-25T08:18:51Z,94.0,Sense
2025-03-25T08:18:56Z,91.0,Sense
2025-03-25T08:19:01Z,90.0,Sense
2025-03-25T08:19:06Z,89.0,Sense
2025-03-25T08:19:11Z,91.0,Sense
2025-03-25T08:19:16Z,92.0,Sense
2025-03-25T08:19:21Z,90.0,Sense
2025-03-25T08:19:26Z,87.0,Sense
2025-03-25T08:19:31Z,85.0,Sense
2025-03-25T08:19:36Z,87.0,Sense
2025-03-25T08:19:41Z,90.0,Sense
2025-03-25T08:19:46Z,91.0,Sense
2025-03-25T08:19:51Z,91.0,Sense
2025-03-25T08:19:56Z,92.0,Sense
2025-03-25T08:20:06Z,92.0,Sense
2025-03-25T08:20:11Z,92.0,Sense
2025-03-25T08:20:16Z,90.0,Sense
2025-03-25T08:20:21Z,87.0,Sense
2025-03-25T08:20:26Z,86.0,Sense
2025-03-25T08:20:31Z,87.0,Sense
2025-03-25T08:20:41Z,88.0,Sense
2025-03-25T08:20:46Z,90.0,Sense
2025-03-25T08:20:51Z,91.0,Sense
2025-03-25T08:20:56Z,90.0,Sense
2025-03-25T08:21:01Z,92.0,Sense
2025-03-25T08:21:06Z,94.0,Sense
2025-03-25T08:21:11Z,94.0,Sense
2025-03-25T08:21:26Z,92.0,Sense
2025-03-25T08:21:31Z,90.0,Sense
2025-03-25T08:21:41Z,88.0,Sense
2025-03-25T08:21:46Z,88.0,Sense
2025-03-25T08:21:56Z,91.0,Sense
2025-03-25T08:22:01Z,92.0,Sense
2025-03-25T08:22:11Z,93.0,Sense
2025-03-25T08:22:16Z,92.0,Sense
2025-03-25T08:22:21Z,91.0,Sense
2025-03-25T08:22:26Z,90.0,Sense
2025-03-25T08:22:36Z,91.0,Sense
2025-03-25T08:22:41Z,92.0,Sense
2025-03-25T08:22:46Z,94.0,Sense
2025-03-25T08:22:51Z,95.0,Sense
2025-03-25T08:22:56Z,92.0,Sense
2025-03-25T08:23:11Z,93.0,Sense
2025-03-25T08:23:16Z,95.0,Sense
2025-03-25T08:23:21Z,96.0,Sense
2025-03-25T08:23:26Z,95.0,Sense
2025-03-25T08:23:31Z,92.0,Sense
2025-03-25T08:23:36Z,95.0,Sense
2025-03-25T08:23:41Z,93.0,Sense
2025-03-25T08:23:46Z,94.0,Sense
2025-03-25T08:23:51Z,95.0,Sense
2025-03-25T08:23:56Z,94.0,Sense
2025-03-25T08:24:01Z,94.0,Sense
2025-03-25T08:24:06Z,94.0,Sense
2025-03-25T08:24:11Z,93.0,Sense
2025-03-25T08:24:26Z,93.0,Sense
2025-03-25T08:24:31Z,93.0,Sense
2025-03-25T08:24:46Z,92.0,Sense
2025-03-25T08:24:51Z,91.0,Sense
2025-03-25T08:24:56Z,89.0,Sense
2025-03-25T08:25:01Z,90.0,Sense
2025-03-25T08:25:06Z,93.0,Sense
2025-03-25T08:25:11Z,92.0,Sense
2025-03-25T08:25:16Z,89.0,Sense
2025-03-25T08:25:26Z,91.0,Sense
2025-03-25T08:25:31Z,92.0,Sense
2025-03-25T08:25:36Z,91.0,Sense
2025-03-25T08:25:46Z,90.0,Sense
2025-03-25T08:25:56Z,93.0,Sense
2025-03-25T08:26:01Z,95.0,Sense
2025-03-25T08:26:06Z,97.0,Sense
2025-03-25T08:26:16Z,96.0,Sense
2025-03-25T08:26:21Z,95.0,Sense
2025-03-25T08:26:26Z,93.0,Sense
2025-03-25T08:26:31Z,92.0,Sense
2025-03-25T08:26:46Z,93.0,Sense
2025-03-25T08:26:51Z,95.0,Sense
2025-03-25T08:26:56Z,94.0,Sense
2025-03-25T08:27:06Z,92.0,Sense
2025-03-25T08:27:16Z,93.0,Sense
2025-03-25T08:27:21Z,91.0,Sense
2025-03-25T08:27:26Z,90.0,Sense
2025-03-25T08:27:36Z,91.0,Sense
2025-03-25T08:27:41Z,93.0,Sense
2025-03-25T08:27:46Z,97.0,Sense
2025-03-25T08:27:51Z,99.0,Sense
2025-03-25T08:27:56Z,100.0,Sense
2025-03-25T08:28:01Z,98.0,Sense
2025-03-25T08:28:06Z,95.0,Sense
2025-03-25T08:28:11Z,93.0,Sense
2025-03-25T08:28:16Z,91.0,Sense
2025-03-25T08:28:26Z,90.0,Sense
2025-03-25T08:28:41Z,90.0,Sense
2025-03-25T08:28:46Z,92.0,Sense
2025-03-25T08:28:51Z,94.0,Sense
2025-03-25T08:28:56Z,96.0,Sense
2025-03-25T08:29:06Z,97.0,Sense
2025-03-25T08:29:11Z,98.0,Sense
2025-03-25T08:29:16Z,100.0,Sense
2025-03-25T08:29:21Z,98.0,Sense
2025-03-25T08:29:26Z,99.0,Sense
2025-03-25T08:29:31Z,98.0,Sense
2025-03-25T08:29:46Z,98.0,Sense
2025-03-25T08:29:51Z,99.0,Sense
2025-03-25T08:29:56Z,98.0,Sense
2025-03-25T08:30:01Z,94.0,Sense
2025-03-25T08:30:06Z,92.0,Sense
2025-03-25T08:30:11Z,94.0,Sense
2025-03-25T08:30:16Z,89.0,Sense
2025-03-25T08:30:21Z,83.0,Sense
2025-03-25T08:30:26Z,84.0,Sense
2025-03-25T08:30:31Z,87.0,Sense
2025-03-25T08:30:36Z,85.0,Sense
2025-03-25T08:30:41Z,86.0,Sense
2025-03-25T08:30:46Z,87.0,Sense
2025-03-25T08:30:51Z,88.0,Sense
2025-03-25T08:30:56Z,90.0,Sense
2025-03-25T08:31:01Z,88.0,Sense
2025-03-25T08:31:06Z,87.0,Sense
2025-03-25T08:31:11Z,86.0,Sense
2025-03-25T08:31:16Z,85.0,Sense
2025-03-25T08:31:21Z,86.0,Sense
2025-03-25T08:31:26Z,87.0,Sense
2025-03-25T08:31:36Z,88.0,Sense
2025-03-25T08:31:41Z,90.0,Sense
2025-03-25T08:31:46Z,91.0,Sense
2025-03-25T08:31:51Z,89.0,Sense
2025-03-25T08:31:56Z,87.0,Sense
2025-03-25T08:32:01Z,84.0,Sense
2025-03-25T08:32:06Z,83.0,Sense
2025-03-25T08:32:11Z,83.0,Sense
2025-03-25T08:32:16Z,83.0,Sense
2025-03-25T08:32:21Z,84.0,Sense
2025-03-25T08:32:26Z,85.0,Sense
2025-03-25T08:32:31Z,86.0,Sense
2025-03-25T08:32:36Z,83.0,Sense
2025-03-25T08:32:41Z,82.0,Sense
2025-03-25T08:32:46Z,83.0,Sense
2025-03-25T08:32:56Z,83.0,Sense
2025-03-25T08:33:01Z,80.0,Sense
2025-03-25T08:33:06Z,78.0,Sense
2025-03-25T08:33:11Z,77.0,Sense
2025-03-25T08:33:16Z,76.0,Sense
2025-03-25T08:33:21Z,76.0,Sense
2025-03-25T08:33:26Z,76.0,Sense
2025-03-25T08:33:31Z,77.0,Sense
2025-03-25T08:33:36Z,79.0,Sense
2025-03-25T08:33:41Z,80.0,Sense
2025-03-25T08:33:46Z,80.0,Sense
2025-03-25T08:33:51Z,79.0,Sense
2025-03-25T08:33:56Z,78.0,Sense
2025-03-25T08:34:01Z,78.0,Sense
2025-03-25T08:34:06Z,79.0,Sense
2025-03-25T08:34:16Z,84.0,Sense
2025-03-25T08:34:21Z,84.0,Sense
2025-03-25T08:34:26Z,83.0,Sense
2025-03-25T08:34:31Z,84.0,Sense
2025-03-25T08:34:36Z,84.0,Sense
2025-03-25T08:34:51Z,84.0,Sense
2025-03-25T08:35:06Z,84.0,Sense
2025-03-25T08:35:16Z,85.0,Sense
2025-03-25T08:35:21Z,84.0,Sense
2025-03-25T08:35:26Z,83.0,Sense
2025-03-25T08:35:31Z,84.0,Sense
2025-03-25T08:35:36Z,84.0,Sense
2025-03-25T08:35:46Z,83.0,Sense
2025-03-25T08:36:01Z,83.0,Sense
2025-03-25T08:36:06Z,82.0,Sense
2025-03-25T08:36:11Z,81.0,Sense
2025-03-25T08:36:26Z,80.0,Sense
2025-03-25T08:36:31Z,81.0,Sense
2025-03-25T08:36:36Z,82.0,Sense
2025-03-25T08:36:51Z,82.0,Sense
2025-03-25T08:36:56Z,80.0,Sense
2025-03-25T08:37:06Z,81.0,Sense
2025-03-25T08:37:11Z,82.0,Sense
2025-03-25T08:37:16Z,83.0,Sense
2025-03-25T08:37:26Z,85.0,Sense
2025-03-25T08:37:31Z,84.0,Sense
2025-03-25T08:37:46Z,82.0,Sense
2025-03-25T08:38:01Z,82.0,Sense
2025-03-25T08:38:11Z,82.0,Sense
2025-03-25T08:38:16Z,82.0,Sense
2025-03-25T08:38:21Z,83.0,Sense
2025-03-25T08:38:26Z,85.0,Sense
2025-03-25T08:38:31Z,86.0,Sense
2025-03-25T08:38:41Z,81.0,Sense
2025-03-25T08:38:46Z,81.0,Sense
2025-03-25T08:38:51Z,81.0,Sense
2025-03-25T08:39:06Z,81.0,Sense
2025-03-25T08:39:11Z,82.0,Sense
2025-03-25T08:39:16Z,82.0,Sense
2025-03-25T08:39:21Z,81.0,Sense
2025-03-25T08:39:26Z,81.0,Sense
2025-03-25T08:39:36Z,81.0,Sense
2025-03-25T08:39:41Z,82.0,Sense
2025-03-25T08:39:51Z,83.0,Sense
2025-03-25T08:39:56Z,84.0,Sense
2025-03-25T08:40:01Z,84.0,Sense
2025-03-25T08:40:06Z,83.0,Sense
2025-03-25T08:40:16Z,85.0,Sense
2025-03-25T08:40:21Z,88.0,Sense
2025-03-25T08:40:26Z,86.0,Sense
2025-03-25T08:40:41Z,86.0,Sense
2025-03-25T08:40:46Z,87.0,Sense
2025-03-25T08:41:01Z,86.0,Sense
2025-03-25T08:41:06Z,85.0,Sense
2025-03-25T08:41:11Z,85.0,Sense
2025-03-25T08:41:21Z,86.0,Sense
2025-03-25T08:41:26Z,86.0,Sense
2025-03-25T08:41:31Z,87.0,Sense
2025-03-25T08:41:41Z,88.0,Sense
2025-03-25T08:41:51Z,87.0,Sense
2025-03-25T08:42:01Z,85.0,Sense
2025-03-25T08:42:06Z,86.0,Sense
2025-03-25T08:42:11Z,87.0,Sense
2025-03-25T08:42:26Z,87.0,Sense
2025-03-25T08:42:41Z,87.0,Sense
2025-03-25T08:42:46Z,87.0,Sense
2025-03-25T08:42:51Z,88.0,Sense
2025-03-25T08:42:56Z,88.0,Sense
2025-03-25T08:43:01Z,89.0,Sense
2025-03-25T08:43:06Z,89.0,Sense
2025-03-25T08:43:11Z,87.0,Sense
2025-03-25T08:43:26Z,86.0,Sense
2025-03-25T08:43:31Z,85.0,Sense
2025-03-25T08:43:36Z,84.0,Sense
2025-03-25T08:43:41Z,85.0,Sense
2025-03-25T08:43:46Z,87.0,Sense
2025-03-25T08:43:51Z,90.0,Sense
2025-03-25T08:43:56Z,91.0,Sense
2025-03-25T08:44:06Z,90.0,Sense
2025-03-25T08:44:16Z,91.0,Sense
2025-03-25T08:44:21Z,92.0,Sense
2025-03-25T08:44:26Z,93.0,Sense
2025-03-25T08:44:31Z,94.0,Sense
2025-03-25T08:44:50Z,93.0,Sense
2025-03-25T08:45:05Z,93.0,Sense
2025-03-25T08:45:10Z,92.0,Sense
2025-03-25T08:45:15Z,91.0,Sense
2025-03-25T08:45:20Z,90.0,Sense
2025-03-25T08:45:30Z,89.0,Sense
2025-03-25T08:45:35Z,90.0,Sense
2025-03-25T08:45:45Z,91.0,Sense
2025-03-25T08:45:50Z,91.0,Sense
2025-03-25T08:45:55Z,92.0,Sense
2025-03-25T08:46:10Z,91.0,Sense
2025-03-25T08:46:15Z,93.0,Sense
2025-03-25T08:46:30Z,93.0,Sense
2025-03-25T08:46:40Z,92.0,Sense
2025-03-25T08:46:50Z,92.0,Sense
2025-03-25T08:46:55Z,93.0,Sense
2025-03-25T08:47:00Z,91.0,Sense
2025-03-25T08:47:05Z,91.0,Sense
2025-03-25T08:47:10Z,89.0,Sense
2025-03-25T08:47:15Z,88.0,Sense
2025-03-25T08:47:20Z,87.0,Sense
2025-03-25T08:47:30Z,85.0,Sense
2025-03-25T08:47:35Z,83.0,Sense
2025-03-25T08:47:40Z,83.0,Sense
2025-03-25T08:47:45Z,83.0,Sense
2025-03-25T08:47:55Z,84.0,Sense
2025-03-25T08:48:00Z,86.0,Sense
2025-03-25T08:48:05Z,87.0,Sense
2025-03-25T08:48:15Z,88.0,Sense
2025-03-25T08:48:20Z,86.0,Sense
2025-03-25T08:48:25Z,87.0,Sense
2025-03-25T08:48:30Z,89.0,Sense
2025-03-25T08:48:35Z,90.0,Sense
2025-03-25T08:48:50Z,92.0,Sense
2025-03-25T08:48:55Z,96.0,Sense
2025-03-25T08:49:00Z,99.0,Sense
2025-03-25T08:49:10Z,98.0,Sense
2025-03-25T08:49:15Z,97.0,Sense
2025-03-25T08:49:20Z,94.0,Sense
2025-03-25T08:49:25Z,89.0,Sense
2025-03-25T08:49:35Z,88.0,Sense
2025-03-25T08:49:40Z,87.0,Sense
2025-03-25T08:49:45Z,88.0,Sense
2025-03-25T08:49:50Z,89.0,Sense
2025-03-25T08:49:55Z,97.0,Sense
2025-03-25T08:50:00Z,99.0,Sense
2025-03-25T08:50:05Z,97.0,Sense
2025-03-25T08:50:10Z,92.0,Sense
2025-03-25T08:50:15Z,81.0,Sense
2025-03-25T08:50:20Z,78.0,Sense
2025-03-25T08:50:30Z,79.0,Sense
2025-03-25T08:50:35Z,80.0,Sense
2025-03-25T08:50:40Z,80.0,Sense
2025-03-25T08:50:55Z,80.0,Sense
2025-03-25T08:51:00Z,79.0,Sense
2025-03-25T08:51:05Z,77.0,Sense
2025-03-25T08:51:10Z,82.0,Sense
2025-03-25T08:51:15Z,83.0,Sense
2025-03-25T08:51:30Z,84.0,Sense
2025-03-25T08:51:35Z,87.0,Sense
2025-03-25T08:51:40Z,88.0,Sense
2025-03-25T08:51:45Z,90.0,Sense
2025-03-25T08:51:50Z,89.0,Sense
2025-03-25T08:51:55Z,89.0,Sense
2025-03-25T08:52:00Z,92.0,Sense
2025-03-25T08:52:05Z,93.0,Sense
2025-03-25T08:52:10Z,92.0,Sense
2025-03-25T08:52:25Z,91.0,Sense
2025-03-25T08:52:35Z,89.0,Sense
2025-03-25T08:52:50Z,91.0,Sense
2025-03-25T08:52:55Z,93.0,Sense
2025-03-25T08:53:05Z,92.0,Sense
2025-03-25T08:53:15Z,93.0,Sense
2025-03-25T08:53:20Z,94.0,Sense
2025-03-25T08:53:25Z,95.0,Sense
2025-03-25T08:53:30Z,91.0,Sense
2025-03-25T08:53:35Z,90.0,Sense
2025-03-25T08:53:40Z,91.0,Sense
2025-03-25T08:53:55Z,91.0,Sense
2025-03-25T08:54:00Z,91.0,Sense
2025-03-25T08:54:10Z,94.0,Sense
2025-03-25T08:54:15Z,95.0,Sense
2025-03-25T08:54:30Z,95.0,Sense
2025-03-25T08:54:40Z,96.0,Sense
2025-03-25T08:54:45Z,98.0,Sense
2025-03-25T08:54:55Z,96.0,Sense
2025-03-25T08:55:00Z,95.0,Sense
2025-03-25T08:55:10Z,96.0,Sense
2025-03-25T08:55:15Z,97.0,Sense
2025-03-25T08:55:20Z,96.0,Sense
2025-03-25T08:55:30Z,90.0,Sense
2025-03-25T08:55:35Z,88.0,Sense
2025-03-25T08:55:40Z,90.0,Sense
2025-03-25T08:55:50Z,93.0,Sense
2025-03-25T08:56:00Z,94.0,Sense
2025-03-25T08:56:05Z,93.0,Sense
2025-03-25T08:56:15Z,94.0,Sense
2025-03-25T08:56:20Z,96.0,Sense
2025-03-25T08:56:25Z,97.0,Sense
2025-03-25T08:56:30Z,98.0,Sense
2025-03-25T08:56:35Z,99.0,Sense
2025-03-25T08:56:45Z,99.0,Sense
2025-03-25T08:57:00Z,99.0,Sense
2025-03-25T08:57:05Z,100.0,Sense
2025-03-25T08:57:15Z,99.0,Sense
2025-03-25T08:57:20Z,96.0,Sense
2025-03-25T08:57:25Z,93.0,Sense
2025-03-25T08:57:30Z,88.0,Sense
2025-03-25T08:57:35Z,90.0,Sense
2025-03-25T08:57:40Z,91.0,Sense
2025-03-25T08:57:45Z,94.0,Sense
2025-03-25T08:57:50Z,97.0,Sense
2025-03-25T08:57:55Z,100.0,Sense
2025-03-25T08:58:00Z,101.0,Sense
2025-03-25T08:58:05Z,100.0,Sense
2025-03-25T08:58:20Z,98.0,Sense
2025-03-25T08:58:25Z,92.0,Sense
2025-03-25T08:58:30Z,89.0,Sense
2025-03-25T08:58:35Z,93.0,Sense
2025-03-25T08:58:40Z,96.0,Sense
2025-03-25T08:58:45Z,95.0,Sense
2025-03-25T08:58:50Z,96.0,Sense
2025-03-25T08:58:55Z,95.0,Sense
2025-03-25T08:59:00Z,96.0,Sense
2025-03-25T08:59:15Z,96.0,Sense
2025-03-25T08:59:20Z,95.0,Sense
2025-03-25T08:59:25Z,93.0,Sense
2025-03-25T08:59:30Z,92.0,Sense
2025-03-25T08:59:35Z,92.0,Sense
2025-03-25T08:59:40Z,91.0,Sense
2025-03-25T08:59:45Z,92.0,Sense
2025-03-25T08:59:50Z,90.0,Sense
2025-03-25T08:59:55Z,93.0,Sense
2025-03-25T09:00:00Z,96.0,Sense
2025-03-25T09:00:10Z,95.0,Sense
2025-03-25T09:00:15Z,94.0,Sense
2025-03-25T09:00:20Z,96.0,Sense
2025-03-25T09:00:25Z,97.0,Sense
2025-03-25T09:00:35Z,96.0,Sense
2025-03-25T09:00:40Z,96.0,Sense
2025-03-25T09:00:45Z,97.0,Sense
2025-03-25T09:00:50Z,98.0,Sense
2025-03-25T09:00:55Z,99.0,Sense
2025-03-25T09:01:00Z,98.0,Sense
2025-03-25T09:01:05Z,94.0,Sense
2025-03-25T09:01:10Z,93.0,Sense
2025-03-25T09:01:25Z,94.0,Sense
2025-03-25T09:01:30Z,92.0,Sense
2025-03-25T09:01:40Z,90.0,Sense
2025-03-25T09:01:45Z,89.0,Sense
2025-03-25T09:02:00Z,88.0,Sense
2025-03-25T09:02:05Z,89.0,Sense
2025-03-25T09:02:10Z,92.0,Sense
2025-03-25T09:02:15Z,92.0,Sense
2025-03-25T09:02:20Z,90.0,Sense
2025-03-25T09:02:25Z,88.0,Sense
2025-03-25T09:02:30Z,87.0,Sense
2025-03-25T09:02:40Z,88.0,Sense
2025-03-25T09:02:45Z,87.0,Sense
2025-03-25T09:02:50Z,89.0,Sense
2025-03-25T09:02:55Z,89.0,Sense
2025-03-25T09:03:05Z,89.0,Sense
2025-03-25T09:03:20Z,90.0,Sense
2025-03-25T09:03:25Z,89.0,Sense
2025-03-25T09:03:30Z,88.0,Sense
2025-03-25T09:03:35Z,90.0,Sense
2025-03-25T09:03:40Z,91.0,Sense
2025-03-25T09:03:50Z,91.0,Sense
2025-03-25T09:04:00Z,92.0,Sense
2025-03-25T09:04:05Z,91.0,Sense
2025-03-25T09:04:15Z,90.0,Sense
2025-03-25T09:04:30Z,91.0,Sense
2025-03-25T09:04:35Z,92.0,Sense
2025-03-25T09:04:40Z,93.0,Sense
2025-03-25T09:04:45Z,92.0,Sense
2025-03-25T09:04:50Z,96.0,Sense
2025-03-25T09:04:55Z,94.0,Sense
2025-03-25T09:05:00Z,90.0,Sense
2025-03-25T09:05:15Z,91.0,Sense
2025-03-25T09:05:30Z,93.0,Sense
2025-03-25T09:05:45Z,94.0,Sense
2025-03-25T09:06:00Z,94.0,Sense
2025-03-25T09:06:05Z,93.0,Sense
2025-03-25T09:06:20Z,94.0,Sense
2025-03-25T09:06:30Z,93.0,Sense
2025-03-25T09:06:45Z,93.0,Sense
2025-03-25T09:06:55Z,92.0,Sense
2025-03-25T09:07:00Z,94.0,Sense
2025-03-25T09:07:05Z,95.0,Sense
2025-03-25T09:07:10Z,96.0,Sense
2025-03-25T09:07:25Z,96.0,Sense
2025-03-25T09:07:30Z,97.0,Sense
2025-03-25T09:07:35Z,97.0,Sense
2025-03-25T09:07:50Z,96.0,Sense
2025-03-25T09:07:55Z,97.0,Sense
2025-03-25T09:08:00Z,98.0,Sense
2025-03-25T09:08:15Z,99.0,Sense
2025-03-25T09:08:30Z,99.0,Sense
2025-03-25T09:08:45Z,100.0,Sense
2025-03-25T09:08:50Z,99.0,Sense
2025-03-25T09:08:55Z,97.0,Sense
2025-03-25T09:09:00Z,98.0,Sense
2025-03-25T09:09:05Z,97.0,Sense
2025-03-25T09:09:10Z,95.0,Sense
2025-03-25T09:09:20Z,93.0,Sense
2025-03-25T09:09:35Z,93.0,Sense
2025-03-25T09:09:40Z,94.0,Sense
2025-03-25T09:09:45Z,95.0,Sense
2025-03-25T09:09:50Z,97.0,Sense
2025-03-25T09:09:55Z,98.0,Sense
2025-03-25T09:10:00Z,99.0,Sense
2025-03-25T09:10:05Z,98.0,Sense
2025-03-25T09:10:10Z,97.0,Sense
2025-03-25T09:10:15Z,95.0,Sense
2025-03-25T09:10:20Z,95.0,Sense
2025-03-25T09:10:25Z,94.0,Sense
2025-03-25T09:10:30Z,93.0,Sense
2025-03-25T09:10:45Z,93.0,Sense
2025-03-25T09:11:00Z,96.0,Sense
2025-03-25T09:11:05Z,97.0,Sense
2025-03-25T09:11:10Z,97.0,Sense
2025-03-25T09:11:25Z,97.0,Sense
2025-03-25T09:11:40Z,97.0,Sense
2025-03-25T09:11:45Z,98.0,Sense
2025-03-25T09:11:50Z,99.0,Sense
2025-03-25T09:12:05Z,99.0,Sense
2025-03-25T09:12:10Z,100.0,Sense
2025-03-25T09:12:25Z,99.0,Sense
2025-03-25T09:12:40Z,97.0,Sense
2025-03-25T09:12:45Z,90.0,Sense
2025-03-25T09:12:50Z,91.0,Sense
2025-03-25T09:12:55Z,93.0,Sense
2025-03-25T09:13:00Z,94.0,Sense
2025-03-25T09:13:05Z,95.0,Sense
2025-03-25T09:13:10Z,97.0,Sense
2025-03-25T09:13:15Z,97.0,Sense
2025-03-25T09:13:25Z,96.0,Sense
2025-03-25T09:13:30Z,94.0,Sense
2025-03-25T09:13:40Z,94.0,Sense
2025-03-25T09:13:55Z,94.0,Sense
2025-03-25T09:14:00Z,95.0,Sense
2025-03-25T09:14:05Z,95.0,Sense
2025-03-25T09:14:10Z,97.0,Sense
2025-03-25T09:14:15Z,101.0,Sense
2025-03-25T09:14:20Z,99.0,Sense
2025-03-25T09:14:25Z,101.0,Sense
2025-03-25T09:14:30Z,98.0,Sense
2025-03-25T09:14:35Z,94.0,Sense
2025-03-25T09:14:40Z,92.0,Sense
2025-03-25T09:14:45Z,95.0,Sense
2025-03-25T09:14:50Z,96.0,Sense
2025-03-25T09:14:55Z,95.0,Sense
2025-03-25T09:15:00Z,94.0,Sense
2025-03-25T09:15:10Z,95.0,Sense
2025-03-25T09:15:15Z,96.0,Sense
2025-03-25T09:15:25Z,97.0,Sense
2025-03-25T09:15:35Z,98.0,Sense
2025-03-25T09:15:50Z,98.0,Sense
2025-03-25T09:15:55Z,94.0,Sense
2025-03-25T09:16:00Z,91.0,Sense
2025-03-25T09:16:05Z,92.0,Sense
2025-03-25T09:16:10Z,93.0,Sense
2025-03-25T09:16:15Z,93.0,Sense
2025-03-25T09:16:30Z,92.0,Sense
2025-03-25T09:16:35Z,91.0,Sense
2025-03-25T09:16:40Z,93.0,Sense
2025-03-25T09:16:45Z,93.0,Sense
2025-03-25T09:16:50Z,94.0,Sense
2025-03-25T09:16:55Z,94.0,Sense
2025-03-25T09:17:10Z,93.0,Sense
2025-03-25T09:17:20Z,93.0,Sense
2025-03-25T09:17:25Z,93.0,Sense
2025-03-25T09:17:30Z,94.0,Sense
2025-03-25T09:17:45Z,95.0,Sense
2025-03-25T09:17:50Z,94.0,Sense
2025-03-25T09:17:55Z,94.0,Sense
2025-03-25T09:18:00Z,95.0,Sense
2025-03-25T09:18:05Z,95.0,Sense
2025-03-25T09:18:20Z,95.0,Sense
2025-03-25T09:18:35Z,95.0,Sense
2025-03-25T09:18:50Z,95.0,Sense
2025-03-25T09:19:05Z,97.0,Sense
2025-03-25T09:19:20Z,97.0,Sense
2025-03-25T09:19:25Z,96.0,Sense
2025-03-25T09:19:40Z,96.0,Sense
2025-03-25T09:19:45Z,95.0,Sense
2025-03-25T09:19:55Z,94.0,Sense
2025-03-25T09:20:05Z,95.0,Sense
2025-03-25T09:20:10Z,96.0,Sense
2025-03-25T09:20:15Z,95.0,Sense
2025-03-25T09:20:25Z,96.0,Sense
2025-03-25T09:20:30Z,95.0,Sense
2025-03-25T09:20:35Z,93.0,Sense
2025-03-25T09:20:40Z,92.0,Sense
2025-03-25T09:20:50Z,91.0,Sense
2025-03-25T09:20:55Z,91.0,Sense
2025-03-25T09:21:00Z,90.0,Sense
2025-03-25T09:21:05Z,88.0,Sense
2025-03-25T09:21:10Z,87.0,Sense
2025-03-25T09:21:15Z,86.0,Sense
2025-03-25T09:21:20Z,85.0,Sense
2025-03-25T09:21:25Z,87.0,Sense
2025-03-25T09:21:30Z,89.0,Sense
2025-03-25T09:21:40Z,90.0,Sense
2025-03-25T09:21:50Z,92.0,Sense
2025-03-25T09:21:55Z,93.0,Sense
2025-03-25T09:22:00Z,92.0,Sense
2025-03-25T09:22:05Z,88.0,Sense
2025-03-25T09:22:10Z,88.0,Sense
2025-03-25T09:22:15Z,88.0,Sense
2025-03-25T09:22:20Z,87.0,Sense
2025-03-25T09:22:25Z,86.0,Sense
2025-03-25T09:22:30Z,86.0,Sense
2025-03-25T09:22:40Z,88.0,Sense
2025-03-25T09:22:55Z,92.0,Sense
2025-03-25T09:23:00Z,93.0,Sense
2025-03-25T09:23:05Z,95.0,Sense
2025-03-25T09:23:10Z,92.0,Sense
2025-03-25T09:23:15Z,91.0,Sense
2025-03-25T09:23:25Z,89.0,Sense
2025-03-25T09:23:30Z,85.0,Sense
2025-03-25T09:23:35Z,84.0,Sense
2025-03-25T09:23:40Z,84.0,Sense
2025-03-25T09:23:45Z,87.0,Sense
2025-03-25T09:23:55Z,88.0,Sense
2025-03-25T09:24:00Z,84.0,Sense
2025-03-25T09:24:05Z,85.0,Sense
2025-03-25T09:24:10Z,85.0,Sense
2025-03-25T09:24:15Z,86.0,Sense
2025-03-25T09:24:20Z,88.0,Sense
2025-03-25T09:24:25Z,89.0,Sense
2025-03-25T09:24:30Z,90.0,Sense
2025-03-25T09:24:35Z,93.0,Sense
2025-03-25T09:24:40Z,94.0,Sense
2025-03-25T09:24:45Z,93.0,Sense
2025-03-25T09:24:50Z,88.0,Sense
2025-03-25T09:24:55Z,86.0,Sense
2025-03-25T09:25:00Z,84.0,Sense
2025-03-25T09:25:05Z,82.0,Sense
2025-03-25T09:25:10Z,81.0,Sense
2025-03-25T09:25:15Z,82.0,Sense
2025-03-25T09:25:20Z,86.0,Sense
2025-03-25T09:25:25Z,88.0,Sense
2025-03-25T09:25:30Z,85.0,Sense
2025-03-25T09:25:35Z,84.0,Sense
2025-03-25T09:25:45Z,86.0,Sense
2025-03-25T09:25:55Z,85.0,Sense
2025-03-25T09:26:05Z,88.0,Sense
2025-03-25T09:26:10Z,88.0,Sense
2025-03-25T09:26:15Z,87.0,Sense
2025-03-25T09:26:25Z,87.0,Sense
2025-03-25T09:26:30Z,86.0,Sense
2025-03-25T09:26:35Z,86.0,Sense
2025-03-25T09:26:40Z,87.0,Sense
2025-03-25T09:26:45Z,87.0,Sense
2025-03-25T09:26:55Z,87.0,Sense
2025-03-25T09:27:00Z,88.0,Sense
2025-03-25T09:27:05Z,87.0,Sense
2025-03-25T09:27:10Z,88.0,Sense
2025-03-25T09:27:15Z,89.0,Sense
2025-03-25T09:27:20Z,87.0,Sense
2025-03-25T09:27:25Z,87.0,Sense
2025-03-25T09:27:30Z,87.0,Sense
2025-03-25T09:27:40Z,86.0,Sense
2025-03-25T09:27:45Z,84.0,Sense
2025-03-25T09:27:55Z,83.0,Sense
2025-03-25T09:28:00Z,84.0,Sense
2025-03-25T09:28:10Z,83.0,Sense
2025-03-25T09:28:15Z,82.0,Sense
2025-03-25T09:28:25Z,87.0,Sense
2025-03-25T09:28:30Z,93.0,Sense
2025-03-25T09:28:35Z,91.0,Sense
2025-03-25T09:28:40Z,93.0,Sense
2025-03-25T09:28:45Z,92.0,Sense
2025-03-25T09:28:50Z,93.0,Sense
2025-03-25T09:28:55Z,92.0,Sense
2025-03-25T09:29:00Z,92.0,Sense
2025-03-25T09:29:10Z,90.0,Sense
2025-03-25T09:29:15Z,90.0,Sense
2025-03-25T09:29:20Z,90.0,Sense
2025-03-25T09:29:35Z,90.0,Sense
2025-03-25T09:29:40Z,90.0,Sense
2025-03-25T09:29:45Z,89.0,Sense
2025-03-25T09:29:50Z,90.0,Sense
2025-03-25T09:30:00Z,90.0,Sense
2025-03-25T09:30:15Z,89.0,Sense
2025-03-25T09:30:20Z,90.0,Sense
2025-03-25T09:30:25Z,89.0,Sense
2025-03-25T09:30:40Z,90.0,Sense
2025-03-25T09:30:50Z,89.0,Sense
2025-03-25T09:31:05Z,88.0,Sense
2025-03-25T09:31:10Z,88.0,Sense
2025-03-25T09:31:25Z,86.0,Sense
2025-03-25T09:31:30Z,91.0,Sense
2025-03-25T09:31:35Z,95.0,Sense
2025-03-25T09:31:45Z,92.0,Sense
2025-03-25T09:31:50Z,91.0,Sense
2025-03-25T09:31:55Z,90.0,Sense
2025-03-25T09:32:05Z,90.0,Sense
2025-03-25T09:32:20Z,90.0,Sense
2025-03-25T09:32:35Z,90.0,Sense
2025-03-25T09:32:45Z,88.0,Sense
2025-03-25T09:32:55Z,87.0,Sense
2025-03-25T09:33:00Z,88.0,Sense
2025-03-25T09:33:05Z,92.0,Sense
2025-03-25T09:33:15Z,89.0,Sense
2025-03-25T09:33:20Z,87.0,Sense
2025-03-25T09:33:35Z,88.0,Sense
2025-03-25T09:33:40Z,86.0,Sense
2025-03-25T09:33:45Z,87.0,Sense
2025-03-25T09:33:55Z,89.0,Sense
2025-03-25T09:34:00Z,88.0,Sense
2025-03-25T09:34:05Z,87.0,Sense
2025-03-25T09:34:20Z,88.0,Sense
2025-03-25T09:34:25Z,90.0,Sense
2025-03-25T09:34:30Z,91.0,Sense
2025-03-25T09:34:35Z,93.0,Sense
2025-03-25T09:34:46Z,93.0,Sense
2025-03-25T09:34:51Z,94.0,Sense
2025-03-25T09:35:01Z,95.0,Sense
2025-03-25T09:35:11Z,97.0,Sense
2025-03-25T09:35:16Z,96.0,Sense
2025-03-25T09:35:21Z,96.0,Sense
2025-03-25T09:35:31Z,99.0,Sense
2025-03-25T09:35:36Z,97.0,Sense
2025-03-25T09:35:41Z,90.0,Sense
2025-03-25T09:35:46Z,84.0,Sense
2025-03-25T09:35:51Z,83.0,Sense
2025-03-25T09:35:56Z,82.0,Sense
2025-03-25T09:36:01Z,79.0,Sense
2025-03-25T09:36:16Z,79.0,Sense
2025-03-25T09:36:21Z,77.0,Sense
2025-03-25T09:36:26Z,76.0,Sense
2025-03-25T09:36:31Z,76.0,Sense
2025-03-25T09:36:41Z,78.0,Sense
2025-03-25T09:36:46Z,79.0,Sense
2025-03-25T09:36:56Z,80.0,Sense
2025-03-25T09:37:01Z,84.0,Sense
2025-03-25T09:37:06Z,85.0,Sense
2025-03-25T09:37:11Z,83.0,Sense
2025-03-25T09:37:16Z,80.0,Sense
2025-03-25T09:37:21Z,80.0,Sense
2025-03-25T09:37:31Z,80.0,Sense
2025-03-25T09:37:36Z,79.0,Sense
2025-03-25T09:37:41Z,78.0,Sense
2025-03-25T09:37:51Z,79.0,Sense
2025-03-25T09:37:56Z,78.0,Sense
2025-03-25T09:38:01Z,77.0,Sense
2025-03-25T09:38:06Z,78.0,Sense
2025-03-25T09:38:11Z,80.0,Sense
2025-03-25T09:38:16Z,83.0,Sense
2025-03-25T09:38:21Z,86.0,Sense
2025-03-25T09:38:26Z,84.0,Sense
2025-03-25T09:38:31Z,83.0,Sense
2025-03-25T09:38:46Z,83.0,Sense
2025-03-25T09:38:51Z,84.0,Sense
2025-03-25T09:38:56Z,87.0,Sense
2025-03-25T09:39:01Z,88.0,Sense
2025-03-25T09:39:06Z,91.0,Sense
2025-03-25T09:39:11Z,89.0,Sense
2025-03-25T09:39:16Z,86.0,Sense
2025-03-25T09:39:21Z,85.0,Sense
2025-03-25T09:39:31Z,80.0,Sense
2025-03-25T09:39:36Z,77.0,Sense
2025-03-25T09:39:41Z,76.0,Sense
2025-03-25T09:39:46Z,77.0,Sense
2025-03-25T09:39:51Z,78.0,Sense
2025-03-25T09:39:56Z,77.0,Sense
2025-03-25T09:40:01Z,77.0,Sense
2025-03-25T09:40:11Z,79.0,Sense
2025-03-25T09:40:16Z,79.0,Sense
2025-03-25T09:40:21Z,80.0,Sense
2025-03-25T09:40:26Z,79.0,Sense
2025-03-25T09:40:31Z,77.0,Sense
2025-03-25T09:40:41Z,77.0,Sense
2025-03-25T09:40:46Z,78.0,Sense
2025-03-25T09:41:01Z,79.0,Sense
2025-03-25T09:41:06Z,81.0,Sense
2025-03-25T09:41:11Z,83.0,Sense
2025-03-25T09:41:16Z,80.0,Sense
2025-03-25T09:41:21Z,76.0,Sense
2025-03-25T09:41:36Z,76.0,Sense
2025-03-25T09:41:41Z,75.0,Sense
2025-03-25T09:41:51Z,76.0,Sense
2025-03-25T09:41:56Z,77.0,Sense
2025-03-25T09:42:01Z,78.0,Sense
2025-03-25T09:42:06Z,81.0,Sense
2025-03-25T09:42:11Z,83.0,Sense
2025-03-25T09:42:16Z,85.0,Sense
2025-03-25T09:42:21Z,87.0,Sense
2025-03-25T09:42:26Z,90.0,Sense
2025-03-25T09:42:31Z,91.0,Sense
2025-03-25T09:42:36Z,90.0,Sense
2025-03-25T09:42:41Z,88.0,Sense
2025-03-25T09:42:46Z,86.0,Sense
2025-03-25T09:42:51Z,85.0,Sense
2025-03-25T09:42:56Z,86.0,Sense
2025-03-25T09:43:06Z,87.0,Sense
2025-03-25T09:43:11Z,89.0,Sense
2025-03-25T09:43:16Z,91.0,Sense
2025-03-25T09:43:26Z,93.0,Sense
2025-03-25T09:43:31Z,92.0,Sense
2025-03-25T09:43:36Z,91.0,Sense
2025-03-25T09:43:41Z,88.0,Sense
2025-03-25T09:43:46Z,87.0,Sense
2025-03-25T09:43:51Z,87.0,Sense
2025-03-25T09:43:56Z,89.0,Sense
2025-03-25T09:44:01Z,93.0,Sense
2025-03-25T09:44:06Z,92.0,Sense
2025-03-25T09:44:11Z,100.0,Sense
2025-03-25T09:44:16Z,99.0,Sense
2025-03-25T09:44:21Z,100.0,Sense
2025-03-25T09:44:26Z,96.0,Sense
2025-03-25T09:44:31Z,95.0,Sense
2025-03-25T09:44:36Z,92.0,Sense
2025-03-25T09:44:41Z,91.0,Sense
2025-03-25T09:44:46Z,92.0,Sense
2025-03-25T09:44:51Z,93.0,Sense
2025-03-25T09:44:56Z,90.0,Sense
2025-03-25T09:45:01Z,89.0,Sense
2025-03-25T09:45:06Z,91.0,Sense
2025-03-25T09:45:11Z,95.0,Sense
2025-03-25T09:45:16Z,96.0,Sense
2025-03-25T09:45:21Z,94.0,Sense
2025-03-25T09:45:26Z,93.0,Sense
2025-03-25T09:45:41Z,92.0,Sense
2025-03-25T09:45:56Z,92.0,Sense
2025-03-25T09:46:11Z,92.0,Sense
2025-03-25T09:46:26Z,92.0,Sense
2025-03-25T09:46:41Z,92.0,Sense
2025-03-25T09:46:56Z,92.0,Sense
2025-03-25T09:47:11Z,92.0,Sense
2025-03-25T09:47:26Z,92.0,Sense
2025-03-25T09:47:36Z,91.0,Sense
2025-03-25T09:47:51Z,91.0,Sense
2025-03-25T09:48:06Z,89.0,Sense
2025-03-25T09:48:16Z,94.0,Sense
2025-03-25T09:48:21Z,96.0,Sense
2025-03-25T09:48:26Z,94.0,Sense
2025-03-25T09:48:32Z,94.0,Sense
2025-03-25T09:48:42Z,93.0,Sense
2025-03-25T09:48:47Z,93.0,Sense
2025-03-25T09:48:52Z,92.0,Sense
2025-03-25T09:49:02Z,92.0,Sense
2025-03-25T09:49:07Z,94.0,Sense
2025-03-25T09:49:12Z,96.0,Sense
2025-03-25T09:49:17Z,94.0,Sense
2025-03-25T09:49:27Z,92.0,Sense
2025-03-25T09:49:32Z,93.0,Sense
2025-03-25T09:49:37Z,92.0,Sense
2025-03-25T09:49:42Z,95.0,Sense
2025-03-25T09:49:47Z,96.0,Sense
2025-03-25T09:49:52Z,95.0,Sense
2025-03-25T09:50:02Z,97.0,Sense
2025-03-25T09:50:07Z,96.0,Sense
2025-03-25T09:50:12Z,95.0,Sense
2025-03-25T09:50:17Z,93.0,Sense
2025-03-25T09:50:22Z,90.0,Sense
2025-03-25T09:50:32Z,88.0,Sense
2025-03-25T09:50:37Z,91.0,Sense
2025-03-25T09:50:42Z,92.0,Sense
2025-03-25T09:50:57Z,93.0,Sense
2025-03-25T09:51:12Z,93.0,Sense
2025-03-25T09:51:27Z,93.0,Sense
2025-03-25T09:51:42Z,93.0,Sense
2025-03-25T09:51:47Z,97.0,Sense
2025-03-25T09:51:52Z,98.0,Sense
2025-03-25T09:51:57Z,99.0,Sense
2025-03-25T09:52:02Z,100.0,Sense
2025-03-25T09:52:07Z,98.0,Sense
2025-03-25T09:52:12Z,99.0,Sense
2025-03-25T09:52:17Z,98.0,Sense
2025-03-25T09:52:22Z,95.0,Sense
2025-03-25T09:52:27Z,94.0,Sense
2025-03-25T09:52:42Z,96.0,Sense
2025-03-25T09:52:52Z,95.0,Sense
2025-03-25T09:52:57Z,96.0,Sense
2025-03-25T09:53:02Z,95.0,Sense
2025-03-25T09:53:07Z,93.0,Sense
2025-03-25T09:53:12Z,94.0,Sense
2025-03-25T09:53:17Z,95.0,Sense
2025-03-25T09:53:27Z,94.0,Sense
2025-03-25T09:53:32Z,93.0,Sense
2025-03-25T09:53:37Z,92.0,Sense
2025-03-25T09:53:42Z,90.0,Sense
2025-03-25T09:53:47Z,88.0,Sense
2025-03-25T09:53:52Z,89.0,Sense
2025-03-25T09:54:02Z,92.0,Sense
2025-03-25T09:54:07Z,92.0,Sense
2025-03-25T09:54:17Z,92.0,Sense
2025-03-25T09:54:32Z,93.0,Sense
2025-03-25T09:54:37Z,94.0,Sense
2025-03-25T09:54:42Z,94.0,Sense
2025-03-25T09:54:47Z,92.0,Sense
2025-03-25T09:54:52Z,89.0,Sense
2025-03-25T09:55:07Z,89.0,Sense
2025-03-25T09:55:12Z,89.0,Sense
2025-03-25T09:55:17Z,90.0,Sense
2025-03-25T09:55:22Z,93.0,Sense
2025-03-25T09:55:27Z,96.0,Sense
2025-03-25T09:55:32Z,94.0,Sense
2025-03-25T09:55:37Z,90.0,Sense
2025-03-25T09:55:42Z,89.0,Sense
2025-03-25T09:55:57Z,89.0,Sense
2025-03-25T09:56:07Z,87.0,Sense
2025-03-25T09:56:12Z,88.0,Sense
2025-03-25T09:56:17Z,89.0,Sense
2025-03-25T09:56:22Z,90.0,Sense
2025-03-25T09:56:27Z,91.0,Sense
2025-03-25T09:56:37Z,91.0,Sense
2025-03-25T09:56:42Z,91.0,Sense
2025-03-25T09:56:47Z,91.0,Sense
2025-03-25T09:56:52Z,92.0,Sense
2025-03-25T09:56:57Z,91.0,Sense
2025-03-25T09:57:02Z,86.0,Sense
2025-03-25T09:57:07Z,82.0,Sense
2025-03-25T09:57:12Z,81.0,Sense
2025-03-25T09:57:17Z,81.0,Sense
2025-03-25T09:57:22Z,82.0,Sense
2025-03-25T09:57:27Z,83.0,Sense
2025-03-25T09:57:32Z,85.0,Sense
2025-03-25T09:57:37Z,87.0,Sense
2025-03-25T09:57:42Z,88.0,Sense
2025-03-25T09:57:52Z,89.0,Sense
2025-03-25T09:57:57Z,90.0,Sense
2025-03-25T09:58:02Z,89.0,Sense
2025-03-25T09:58:12Z,90.0,Sense
2025-03-25T09:58:22Z,91.0,Sense
2025-03-25T09:58:27Z,91.0,Sense
2025-03-25T09:58:42Z,90.0,Sense
2025-03-25T09:58:57Z,90.0,Sense
2025-03-25T09:59:02Z,89.0,Sense
2025-03-25T09:59:07Z,92.0,Sense
2025-03-25T09:59:12Z,91.0,Sense
2025-03-25T09:59:17Z,91.0,Sense
2025-03-25T09:59:27Z,90.0,Sense
2025-03-25T09:59:32Z,89.0,Sense
2025-03-25T09:59:42Z,89.0,Sense
2025-03-25T09:59:57Z,89.0,Sense
2025-03-25T10:00:02Z,88.0,Sense
2025-03-25T10:00:12Z,87.0,Sense
2025-03-25T10:00:27Z,88.0,Sense
2025-03-25T10:00:32Z,89.0,Sense
2025-03-25T10:00:37Z,91.0,Sense
2025-03-25T10:00:42Z,90.0,Sense
2025-03-25T10:00:52Z,93.0,Sense
2025-03-25T10:00:57Z,96.0,Sense
2025-03-25T10:01:02Z,93.0,Sense
2025-03-25T10:01:07Z,89.0,Sense
2025-03-25T10:01:12Z,88.0,Sense
2025-03-25T10:01:17Z,88.0,Sense
2025-03-25T10:01:27Z,89.0,Sense
2025-03-25T10:01:42Z,88.0,Sense
2025-03-25T10:01:47Z,90.0,Sense
2025-03-25T10:01:52Z,90.0,Sense
2025-03-25T10:02:07Z,92.0,Sense
2025-03-25T10:02:12Z,93.0,Sense
2025-03-25T10:02:17Z,92.0,Sense
2025-03-25T10:02:22Z,92.0,Sense
2025-03-25T10:02:27Z,91.0,Sense
2025-03-25T10:02:32Z,93.0,Sense
2025-03-25T10:02:37Z,92.0,Sense
2025-03-25T10:02:42Z,91.0,Sense
2025-03-25T10:02:47Z,90.0,Sense
2025-03-25T10:02:52Z,90.0,Sense
2025-03-25T10:02:57Z,89.0,Sense
2025-03-25T10:03:02Z,88.0,Sense
2025-03-25T10:03:07Z,87.0,Sense
2025-03-25T10:03:12Z,88.0,Sense
2025-03-25T10:03:22Z,88.0,Sense
2025-03-25T10:03:27Z,90.0,Sense
2025-03-25T10:03:32Z,95.0,Sense
2025-03-25T10:03:37Z,96.0,Sense
2025-03-25T10:03:47Z,92.0,Sense
2025-03-25T10:03:52Z,89.0,Sense
2025-03-25T10:03:57Z,88.0,Sense
2025-03-25T10:04:02Z,90.0,Sense
2025-03-25T10:04:07Z,93.0,Sense
2025-03-25T10:04:12Z,97.0,Sense
2025-03-25T10:04:22Z,99.0,Sense
2025-03-25T10:04:27Z,100.0,Sense
2025-03-25T10:04:32Z,101.0,Sense
2025-03-25T10:04:37Z,95.0,Sense
2025-03-25T10:04:42Z,92.0,Sense
2025-03-25T10:04:47Z,93.0,Sense
2025-03-25T10:04:52Z,92.0,Sense
2025-03-25T10:04:57Z,93.0,Sense
2025-03-25T10:05:02Z,88.0,Sense
2025-03-25T10:05:07Z,84.0,Sense
2025-03-25T10:05:17Z,86.0,Sense
2025-03-25T10:05:22Z,89.0,Sense
2025-03-25T10:05:27Z,88.0,Sense
2025-03-25T10:05:32Z,85.0,Sense
2025-03-25T10:05:37Z,89.0,Sense
2025-03-25T10:05:47Z,87.0,Sense
2025-03-25T10:05:52Z,86.0,Sense
2025-03-25T10:05:57Z,85.0,Sense
2025-03-25T10:06:02Z,84.0,Sense
2025-03-25T10:06:17Z,85.0,Sense
2025-03-25T10:06:22Z,83.0,Sense
2025-03-25T10:06:27Z,85.0,Sense
2025-03-25T10:06:32Z,84.0,Sense
2025-03-25T10:06:37Z,81.0,Sense
2025-03-25T10:06:42Z,80.0,Sense
2025-03-25T10:06:47Z,81.0,Sense
2025-03-25T10:06:52Z,84.0,Sense
2025-03-25T10:06:57Z,85.0,Sense
2025-03-25T10:07:07Z,86.0,Sense
2025-03-25T10:07:12Z,88.0,Sense
2025-03-25T10:07:22Z,84.0,Sense
2025-03-25T10:07:32Z,84.0,Sense
2025-03-25T10:07:47Z,84.0,Sense
2025-03-25T10:07:52Z,83.0,Sense
2025-03-25T10:08:02Z,84.0,Sense
2025-03-25T10:08:07Z,85.0,Sense
2025-03-25T10:08:12Z,84.0,Sense
2025-03-25T10:08:22Z,85.0,Sense
2025-03-25T10:08:27Z,84.0,Sense
2025-03-25T10:08:42Z,84.0,Sense
2025-03-25T10:08:57Z,84.0,Sense
2025-03-25T10:09:07Z,85.0,Sense
2025-03-25T10:09:12Z,90.0,Sense
2025-03-25T10:09:17Z,93.0,Sense
2025-03-25T10:09:22Z,93.0,Sense
2025-03-25T10:09:37Z,92.0,Sense
2025-03-25T10:09:47Z,91.0,Sense
2025-03-25T10:09:57Z,91.0,Sense
2025-03-25T10:10:12Z,92.0,Sense
2025-03-25T10:10:17Z,94.0,Sense
2025-03-25T10:10:22Z,95.0,Sense
2025-03-25T10:10:27Z,95.0,Sense
2025-03-25T10:10:42Z,94.0,Sense
2025-03-25T10:10:47Z,93.0,Sense
2025-03-25T10:10:52Z,91.0,Sense
2025-03-25T10:11:02Z,89.0,Sense
2025-03-25T10:11:07Z,88.0,Sense
2025-03-25T10:11:12Z,84.0,Sense
2025-03-25T10:11:17Z,81.0,Sense
2025-03-25T10:11:22Z,82.0,Sense
2025-03-25T10:11:27Z,83.0,Sense
2025-03-25T10:11:37Z,81.0,Sense
2025-03-25T10:11:42Z,80.0,Sense
2025-03-25T10:11:47Z,79.0,Sense
2025-03-25T10:11:57Z,81.0,Sense
2025-03-25T10:12:02Z,83.0,Sense
2025-03-25T10:12:12Z,86.0,Sense
2025-03-25T10:12:17Z,87.0,Sense
2025-03-25T10:12:27Z,85.0,Sense
2025-03-25T10:12:32Z,86.0,Sense
2025-03-25T10:12:42Z,88.0,Sense
2025-03-25T10:12:47Z,89.0,Sense
2025-03-25T10:12:52Z,91.0,Sense
2025-03-25T10:12:57Z,92.0,Sense
2025-03-25T10:13:02Z,90.0,Sense
2025-03-25T10:13:07Z,83.0,Sense
2025-03-25T10:13:12Z,78.0,Sense
2025-03-25T10:13:22Z,80.0,Sense
2025-03-25T10:13:27Z,83.0,Sense
2025-03-25T10:13:32Z,84.0,Sense
2025-03-25T10:13:37Z,85.0,Sense
2025-03-25T10:13:42Z,85.0,Sense
2025-03-25T10:13:52Z,85.0,Sense
2025-03-25T10:13:57Z,89.0,Sense
2025-03-25T10:14:02Z,86.0,Sense
2025-03-25T10:14:07Z,87.0,Sense
2025-03-25T10:14:12Z,88.0,Sense
2025-03-25T10:14:22Z,90.0,Sense
2025-03-25T10:14:32Z,89.0,Sense
2025-03-25T10:14:42Z,90.0,Sense
2025-03-25T10:14:47Z,89.0,Sense
2025-03-25T10:14:52Z,90.0,Sense
2025-03-25T10:14:57Z,90.0,Sense
2025-03-25T10:15:02Z,89.0,Sense
2025-03-25T10:15:07Z,90.0,Sense
2025-03-25T10:15:17Z,89.0,Sense
2025-03-25T10:15:22Z,90.0,Sense
2025-03-25T10:15:32Z,90.0,Sense
2025-03-25T10:15:47Z,91.0,Sense
2025-03-25T10:15:57Z,92.0,Sense
2025-03-25T10:16:12Z,92.0,Sense
2025-03-25T10:16:17Z,91.0,Sense
2025-03-25T10:16:22Z,89.0,Sense
2025-03-25T10:16:27Z,89.0,Sense
2025-03-25T10:16:37Z,89.0,Sense
2025-03-25T10:16:42Z,90.0,Sense
2025-03-25T10:16:47Z,91.0,Sense
2025-03-25T10:17:02Z,91.0,Sense
2025-03-25T10:17:17Z,90.0,Sense
2025-03-25T10:17:22Z,89.0,Sense
2025-03-25T10:17:27Z,88.0,Sense
2025-03-25T10:17:37Z,87.0,Sense
2025-03-25T10:17:47Z,88.0,Sense
2025-03-25T10:17:52Z,90.0,Sense
2025-03-25T10:17:57Z,92.0,Sense
2025-03-25T10:18:02Z,93.0,Sense
2025-03-25T10:18:07Z,94.0,Sense
2025-03-25T10:18:12Z,91.0,Sense
2025-03-25T10:18:17Z,89.0,Sense
2025-03-25T10:18:22Z,86.0,Sense
2025-03-25T10:18:37Z,90.0,Sense
2025-03-25T10:18:42Z,92.0,Sense
2025-03-25T10:18:52Z,93.0,Sense
2025-03-25T10:18:57Z,94.0,Sense
2025-03-25T10:19:02Z,93.0,Sense
2025-03-25T10:19:07Z,90.0,Sense
2025-03-25T10:19:22Z,92.0,Sense
2025-03-25T10:19:27Z,88.0,Sense
2025-03-25T10:19:32Z,87.0,Sense
2025-03-25T10:19:37Z,85.0,Sense
2025-03-25T10:19:42Z,86.0,Sense
2025-03-25T10:19:47Z,86.0,Sense
2025-03-25T10:19:52Z,85.0,Sense
2025-03-25T10:20:02Z,85.0,Sense
2025-03-25T10:20:07Z,84.0,Sense
2025-03-25T10:20:12Z,83.0,Sense
2025-03-25T10:20:17Z,84.0,Sense
2025-03-25T10:20:27Z,83.0,Sense
2025-03-25T10:20:42Z,87.0,Sense
2025-03-25T10:20:47Z,91.0,Sense
2025-03-25T10:20:52Z,92.0,Sense
2025-03-25T10:20:57Z,87.0,Sense
2025-03-25T10:21:02Z,86.0,Sense
2025-03-25T10:21:07Z,84.0,Sense
2025-03-25T10:21:12Z,83.0,Sense
2025-03-25T10:21:17Z,82.0,Sense
2025-03-25T10:21:22Z,77.0,Sense
2025-03-25T10:21:27Z,75.0,Sense
2025-03-25T10:21:32Z,75.0,Sense
2025-03-25T10:21:37Z,76.0,Sense
2025-03-25T10:21:42Z,78.0,Sense
2025-03-25T10:21:57Z,79.0,Sense
2025-03-25T10:22:02Z,78.0,Sense
2025-03-25T10:22:07Z,76.0,Sense
2025-03-25T10:22:12Z,79.0,Sense
2025-03-25T10:22:17Z,77.0,Sense
2025-03-25T10:22:32Z,75.0,Sense
2025-03-25T10:22:37Z,71.0,Sense
2025-03-25T10:22:47Z,72.0,Sense
2025-03-25T10:22:57Z,72.0,Sense
2025-03-25T10:23:12Z,73.0,Sense
2025-03-25T10:23:17Z,73.0,Sense
2025-03-25T10:23:27Z,72.0,Sense
2025-03-25T10:23:32Z,71.0,Sense
2025-03-25T10:23:42Z,72.0,Sense
2025-03-25T10:23:57Z,73.0,Sense
2025-03-25T10:24:02Z,74.0,Sense
2025-03-25T10:24:07Z,75.0,Sense
2025-03-25T10:24:22Z,75.0,Sense
2025-03-25T10:24:27Z,74.0,Sense
2025-03-25T10:24:32Z,75.0,Sense
2025-03-25T10:24:37Z,76.0,Sense
2025-03-25T10:24:42Z,77.0,Sense
2025-03-25T10:24:47Z,78.0,Sense
2025-03-25T10:24:57Z,76.0,Sense
2025-03-25T10:25:02Z,75.0,Sense
2025-03-25T10:25:07Z,76.0,Sense
2025-03-25T10:25:12Z,78.0,Sense
2025-03-25T10:25:22Z,79.0,Sense
2025-03-25T10:25:37Z,76.0,Sense
2025-03-25T10:25:42Z,74.0,Sense
2025-03-25T10:25:57Z,72.0,Sense
2025-03-25T10:26:02Z,71.0,Sense
2025-03-25T10:26:07Z,71.0,Sense
2025-03-25T10:26:12Z,71.0,Sense
2025-03-25T10:26:17Z,71.0,Sense
2025-03-25T10:26:22Z,70.0,Sense
2025-03-25T10:26:32Z,71.0,Sense
2025-03-25T10:26:47Z,72.0,Sense
2025-03-25T10:26:52Z,72.0,Sense
2025-03-25T10:27:02Z,72.0,Sense
2025-03-25T10:27:17Z,76.0,Sense
2025-03-25T10:27:22Z,77.0,Sense
2025-03-25T10:27:32Z,76.0,Sense
2025-03-25T10:27:37Z,76.0,Sense
2025-03-25T10:27:47Z,76.0,Sense
2025-03-25T10:27:57Z,76.0,Sense
2025-03-25T10:28:07Z,76.0,Sense
2025-03-25T10:28:12Z,76.0,Sense
2025-03-25T10:28:17Z,76.0,Sense
2025-03-25T10:28:22Z,74.0,Sense
2025-03-25T10:28:32Z,74.0,Sense
2025-03-25T10:28:37Z,75.0,Sense
2025-03-25T10:28:42Z,75.0,Sense
2025-03-25T10:28:47Z,74.0,Sense
2025-03-25T10:28:52Z,72.0,Sense
2025-03-25T10:29:02Z,71.0,Sense
2025-03-25T10:29:07Z,71.0,Sense
2025-03-25T10:29:22Z,71.0,Sense
2025-03-25T10:29:32Z,72.0,Sense
2025-03-25T10:29:42Z,76.0,Sense
2025-03-25T10:29:47Z,74.0,Sense
2025-03-25T10:29:52Z,72.0,Sense
2025-03-25T10:29:57Z,75.0,Sense
2025-03-25T10:30:02Z,76.0,Sense
2025-03-25T10:30:07Z,75.0,Sense
2025-03-25T10:30:12Z,74.0,Sense
2025-03-25T10:30:27Z,74.0,Sense
2025-03-25T10:30:37Z,74.0,Sense
2025-03-25T10:30:42Z,75.0,Sense
2025-03-25T10:30:47Z,76.0,Sense
2025-03-25T10:30:57Z,77.0,Sense
2025-03-25T10:31:12Z,78.0,Sense
2025-03-25T10:31:22Z,79.0,Sense
2025-03-25T10:31:32Z,80.0,Sense
2025-03-25T10:31:37Z,76.0,Sense
2025-03-25T10:31:42Z,74.0,Sense
2025-03-25T10:31:57Z,76.0,Sense
2025-03-25T10:32:02Z,78.0,Sense
2025-03-25T10:32:07Z,79.0,Sense
2025-03-25T10:32:17Z,80.0,Sense
2025-03-25T10:32:27Z,76.0,Sense
2025-03-25T10:32:32Z,73.0,Sense
2025-03-25T10:32:47Z,72.0,Sense
2025-03-25T10:32:57Z,73.0,Sense
2025-03-25T10:33:07Z,72.0,Sense
2025-03-25T10:33:12Z,73.0,Sense
2025-03-25T10:33:22Z,74.0,Sense
2025-03-25T10:33:27Z,73.0,Sense
2025-03-25T10:33:37Z,74.0,Sense
2025-03-25T10:33:52Z,73.0,Sense
2025-03-25T10:34:02Z,74.0,Sense
2025-03-25T10:34:07Z,73.0,Sense
2025-03-25T10:34:12Z,74.0,Sense
2025-03-25T10:34:17Z,74.0,Sense
2025-03-25T10:34:22Z,75.0,Sense
2025-03-25T10:34:27Z,74.0,Sense
2025-03-25T10:34:32Z,75.0,Sense
2025-03-25T10:34:37Z,74.0,Sense
2025-03-25T10:34:42Z,73.0,Sense
2025-03-25T10:34:47Z,74.0,Sense
2025-03-25T10:34:57Z,75.0,Sense
2025-03-25T10:35:07Z,74.0,Sense
2025-03-25T10:35:17Z,73.0,Sense
2025-03-25T10:35:22Z,72.0,Sense
2025-03-25T10:35:27Z,72.0,Sense
2025-03-25T10:35:42Z,72.0,Sense
2025-03-25T10:35:52Z,71.0,Sense
2025-03-25T10:36:07Z,71.0,Sense
2025-03-25T10:36:12Z,72.0,Sense
2025-03-25T10:36:22Z,72.0,Sense
2025-03-25T10:36:27Z,71.0,Sense
2025-03-25T10:36:32Z,72.0,Sense
2025-03-25T10:36:37Z,71.0,Sense
2025-03-25T10:36:42Z,70.0,Sense
2025-03-25T10:36:47Z,69.0,Sense
2025-03-25T10:37:02Z,68.0,Sense
2025-03-25T10:37:07Z,67.0,Sense
2025-03-25T10:37:22Z,67.0,Sense
2025-03-25T10:37:27Z,69.0,Sense
2025-03-25T10:37:32Z,66.0,Sense
2025-03-25T10:37:37Z,69.0,Sense
2025-03-25T10:37:47Z,70.0,Sense
2025-03-25T10:37:52Z,72.0,Sense
2025-03-25T10:38:02Z,73.0,Sense
2025-03-25T10:38:07Z,73.0,Sense
2025-03-25T10:38:17Z,74.0,Sense
2025-03-25T10:38:22Z,77.0,Sense
2025-03-25T10:38:27Z,78.0,Sense
2025-03-25T10:38:32Z,72.0,Sense
2025-03-25T10:38:47Z,73.0,Sense
2025-03-25T10:39:02Z,74.0,Sense
2025-03-25T10:39:07Z,75.0,Sense
2025-03-25T10:39:12Z,74.0,Sense
2025-03-25T10:39:27Z,74.0,Sense
2025-03-25T10:39:37Z,75.0,Sense
2025-03-25T10:39:42Z,76.0,Sense
2025-03-25T10:39:47Z,74.0,Sense
2025-03-25T10:40:02Z,75.0,Sense
2025-03-25T10:40:07Z,76.0,Sense
2025-03-25T10:40:12Z,80.0,Sense
2025-03-25T10:40:17Z,79.0,Sense
2025-03-25T10:40:22Z,77.0,Sense
2025-03-25T10:40:27Z,80.0,Sense
2025-03-25T10:40:32Z,78.0,Sense
2025-03-25T10:40:37Z,80.0,Sense
2025-03-25T10:40:42Z,78.0,Sense
2025-03-25T10:40:47Z,79.0,Sense
2025-03-25T10:40:52Z,81.0,Sense
2025-03-25T10:40:57Z,72.0,Sense
2025-03-25T10:41:02Z,71.0,Sense
2025-03-25T10:41:07Z,69.0,Sense
2025-03-25T10:41:22Z,69.0,Sense
2025-03-25T10:41:27Z,70.0,Sense
2025-03-25T10:41:37Z,70.0,Sense
2025-03-25T10:41:47Z,70.0,Sense
2025-03-25T10:41:52Z,69.0,Sense
2025-03-25T10:42:02Z,69.0,Sense
2025-03-25T10:42:07Z,68.0,Sense
2025-03-25T10:42:12Z,67.0,Sense
2025-03-25T10:42:17Z,68.0,Sense
2025-03-25T10:42:27Z,69.0,Sense
2025-03-25T10:42:32Z,69.0,Sense
2025-03-25T10:42:42Z,70.0,Sense
2025-03-25T10:42:47Z,72.0,Sense
2025-03-25T10:42:52Z,71.0,Sense
2025-03-25T10:42:57Z,70.0,Sense
2025-03-25T10:43:02Z,70.0,Sense
2025-03-25T10:43:07Z,69.0,Sense
2025-03-25T10:43:12Z,70.0,Sense
2025-03-25T10:43:17Z,70.0,Sense
2025-03-25T10:43:22Z,69.0,Sense
2025-03-25T10:43:27Z,70.0,Sense
2025-03-25T10:43:37Z,70.0,Sense
2025-03-25T10:43:42Z,71.0,Sense
2025-03-25T10:43:47Z,71.0,Sense
2025-03-25T10:43:57Z,70.0,Sense
2025-03-25T10:44:02Z,69.0,Sense
2025-03-25T10:44:12Z,68.0,Sense
2025-03-25T10:44:17Z,68.0,Sense
2025-03-25T10:44:22Z,68.0,Sense
2025-03-25T10:44:37Z,68.0,Sense
2025-03-25T10:44:52Z,68.0,Sense
2025-03-25T10:44:57Z,68.0,Sense
2025-03-25T10:45:02Z,69.0,Sense
2025-03-25T10:45:07Z,72.0,Sense
2025-03-25T10:45:12Z,73.0,Sense
2025-03-25T10:45:17Z,75.0,Sense
2025-03-25T10:45:22Z,73.0,Sense
2025-03-25T10:45:27Z,70.0,Sense
2025-03-25T10:45:32Z,70.0,Sense
2025-03-25T10:45:37Z,70.0,Sense
2025-03-25T10:45:47Z,71.0,Sense
2025-03-25T10:45:52Z,72.0,Sense
2025-03-25T10:45:57Z,73.0,Sense
2025-03-25T10:46:02Z,74.0,Sense
2025-03-25T10:46:07Z,72.0,Sense
2025-03-25T10:46:12Z,69.0,Sense
2025-03-25T10:46:17Z,68.0,Sense
2025-03-25T10:46:22Z,67.0,Sense
2025-03-25T10:46:32Z,69.0,Sense
2025-03-25T10:46:37Z,70.0,Sense
2025-03-25T10:46:47Z,70.0,Sense
2025-03-25T10:46:57Z,70.0,Sense
2025-03-25T10:47:12Z,70.0,Sense
2025-03-25T10:47:22Z,72.0,Sense
2025-03-25T10:47:27Z,74.0,Sense
2025-03-25T10:47:32Z,73.0,Sense
2025-03-25T10:47:37Z,72.0,Sense
2025-03-25T10:47:42Z,72.0,Sense
2025-03-25T10:47:57Z,73.0,Sense
2025-03-25T10:48:02Z,72.0,Sense
2025-03-25T10:48:07Z,71.0,Sense
2025-03-25T10:48:12Z,69.0,Sense
2025-03-25T10:48:27Z,69.0,Sense
2025-03-25T10:48:32Z,71.0,Sense
2025-03-25T10:48:37Z,73.0,Sense
2025-03-25T10:48:47Z,69.0,Sense
2025-03-25T10:48:52Z,70.0,Sense
2025-03-25T10:48:57Z,74.0,Sense
2025-03-25T10:49:02Z,76.0,Sense
2025-03-25T10:49:07Z,74.0,Sense
2025-03-25T10:49:12Z,71.0,Sense
2025-03-25T10:49:17Z,73.0,Sense
2025-03-25T10:49:22Z,77.0,Sense
2025-03-25T10:49:27Z,78.0,Sense
2025-03-25T10:49:37Z,78.0,Sense
2025-03-25T10:49:42Z,77.0,Sense
2025-03-25T10:49:47Z,74.0,Sense
2025-03-25T10:49:52Z,71.0,Sense
2025-03-25T10:49:57Z,70.0,Sense
2025-03-25T10:50:02Z,69.0,Sense
2025-03-25T10:50:12Z,70.0,Sense
2025-03-25T10:50:17Z,69.0,Sense
2025-03-25T10:50:32Z,69.0,Sense
2025-03-25T10:50:37Z,70.0,Sense
2025-03-25T10:50:47Z,71.0,Sense
2025-03-25T10:50:52Z,72.0,Sense
2025-03-25T10:50:57Z,73.0,Sense
2025-03-25T10:51:02Z,73.0,Sense
2025-03-25T10:51:07Z,72.0,Sense
2025-03-25T10:51:12Z,71.0,Sense
2025-03-25T10:51:17Z,70.0,Sense
2025-03-25T10:51:22Z,71.0,Sense
2025-03-25T10:51:27Z,70.0,Sense
2025-03-25T10:51:32Z,70.0,Sense
2025-03-25T10:51:37Z,69.0,Sense
2025-03-25T10:51:42Z,69.0,Sense
2025-03-25T10:51:47Z,68.0,Sense
2025-03-25T10:51:52Z,68.0,Sense
2025-03-25T10:51:57Z,68.0,Sense
2025-03-25T10:52:02Z,69.0,Sense
2025-03-25T10:52:12Z,70.0,Sense
2025-03-25T10:52:17Z,71.0,Sense
2025-03-25T10:52:22Z,72.0,Sense
2025-03-25T10:52:37Z,72.0,Sense
2025-03-25T10:52:47Z,72.0,Sense
2025-03-25T10:52:52Z,71.0,Sense
2025-03-25T10:52:57Z,70.0,Sense
2025-03-25T10:53:07Z,71.0,Sense
2025-03-25T10:53:22Z,72.0,Sense
2025-03-25T10:53:32Z,72.0,Sense
2025-03-25T10:53:37Z,71.0,Sense
2025-03-25T10:53:47Z,70.0,Sense
2025-03-25T10:53:57Z,75.0,Sense
2025-03-25T10:54:02Z,73.0,Sense
2025-03-25T10:54:17Z,75.0,Sense
2025-03-25T10:54:27Z,76.0,Sense
2025-03-25T10:54:32Z,72.0,Sense
2025-03-25T10:54:37Z,74.0,Sense
2025-03-25T10:54:47Z,80.0,Sense
2025-03-25T10:54:52Z,84.0,Sense
2025-03-25T10:54:57Z,82.0,Sense
2025-03-25T10:55:02Z,83.0,Sense
2025-03-25T10:55:07Z,81.0,Sense
2025-03-25T10:55:12Z,79.0,Sense
2025-03-25T10:55:17Z,73.0,Sense
2025-03-25T10:55:22Z,76.0,Sense
2025-03-25T10:55:27Z,74.0,Sense
2025-03-25T10:55:32Z,70.0,Sense
2025-03-25T10:55:42Z,72.0,Sense
2025-03-25T10:55:47Z,75.0,Sense
2025-03-25T10:55:52Z,76.0,Sense
2025-03-25T10:55:57Z,74.0,Sense
2025-03-25T10:56:02Z,72.0,Sense
2025-03-25T10:56:07Z,74.0,Sense
2025-03-25T10:56:12Z,71.0,Sense
2025-03-25T10:56:17Z,69.0,Sense
2025-03-25T10:56:22Z,71.0,Sense
2025-03-25T10:56:27Z,71.0,Sense
2025-03-25T10:56:32Z,69.0,Sense
2025-03-25T10:56:42Z,70.0,Sense
2025-03-25T10:56:57Z,70.0,Sense
2025-03-25T10:57:02Z,72.0,Sense
2025-03-25T10:57:07Z,71.0,Sense
2025-03-25T10:57:12Z,72.0,Sense
2025-03-25T10:57:22Z,73.0,Sense
2025-03-25T10:57:32Z,72.0,Sense
2025-03-25T10:57:37Z,74.0,Sense
2025-03-25T10:57:42Z,75.0,Sense
2025-03-25T10:57:47Z,75.0,Sense
2025-03-25T10:57:57Z,76.0,Sense
2025-03-25T10:58:12Z,81.0,Sense
2025-03-25T10:58:17Z,76.0,Sense
2025-03-25T10:58:22Z,81.0,Sense
2025-03-25T10:58:27Z,80.0,Sense
2025-03-25T10:58:32Z,79.0,Sense
2025-03-25T10:58:37Z,80.0,Sense
2025-03-25T10:58:42Z,82.0,Sense
2025-03-25T10:58:47Z,81.0,Sense
2025-03-25T10:58:52Z,84.0,Sense
2025-03-25T10:58:57Z,83.0,Sense
2025-03-25T10:59:02Z,77.0,Sense
2025-03-25T10:59:07Z,70.0,Sense
2025-03-25T10:59:12Z,69.0,Sense
2025-03-25T10:59:22Z,70.0,Sense
2025-03-25T10:59:32Z,70.0,Sense
2025-03-25T10:59:37Z,71.0,Sense
2025-03-25T10:59:47Z,70.0,Sense
2025-03-25T10:59:57Z,71.0,Sense
2025-03-25T11:00:02Z,77.0,Sense
2025-03-25T11:00:07Z,78.0,Sense
2025-03-25T11:00:12Z,75.0,Sense
2025-03-25T11:00:17Z,78.0,Sense
2025-03-25T11:00:22Z,80.0,Sense
2025-03-25T11:00:27Z,80.0,Sense
2025-03-25T11:00:32Z,77.0,Sense
2025-03-25T11:00:37Z,76.0,Sense
2025-03-25T11:00:42Z,76.0,Sense
2025-03-25T11:00:47Z,75.0,Sense
2025-03-25T11:00:52Z,75.0,Sense
2025-03-25T11:01:07Z,76.0,Sense
2025-03-25T11:01:17Z,78.0,Sense
2025-03-25T11:01:22Z,78.0,Sense
2025-03-25T11:01:27Z,77.0,Sense
2025-03-25T11:01:32Z,75.0,Sense
2025-03-25T11:01:47Z,75.0,Sense
2025-03-25T11:01:52Z,75.0,Sense
2025-03-25T11:01:57Z,75.0,Sense
2025-03-25T11:02:02Z,76.0,Sense
2025-03-25T11:02:07Z,81.0,Sense
2025-03-25T11:02:12Z,82.0,Sense
2025-03-25T11:02:17Z,81.0,Sense
2025-03-25T11:02:22Z,79.0,Sense
2025-03-25T11:02:27Z,77.0,Sense
2025-03-25T11:02:32Z,76.0,Sense
2025-03-25T11:02:42Z,77.0,Sense
2025-03-25T11:02:47Z,78.0,Sense
2025-03-25T11:02:57Z,76.0,Sense
2025-03-25T11:03:02Z,77.0,Sense
2025-03-25T11:03:07Z,76.0,Sense
2025-03-25T11:03:12Z,73.0,Sense
2025-03-25T11:03:17Z,71.0,Sense
2025-03-25T11:03:22Z,77.0,Sense
2025-03-25T11:03:28Z,81.0,Sense
2025-03-25T11:03:33Z,83.0,Sense
2025-03-25T11:03:38Z,79.0,Sense
2025-03-25T11:03:43Z,76.0,Sense
2025-03-25T11:03:48Z,78.0,Sense
2025-03-25T11:03:53Z,75.0,Sense
2025-03-25T11:03:58Z,73.0,Sense
2025-03-25T11:04:03Z,72.0,Sense
2025-03-25T11:04:13Z,73.0,Sense
2025-03-25T11:04:28Z,72.0,Sense
2025-03-25T11:04:38Z,70.0,Sense
2025-03-25T11:04:43Z,72.0,Sense
2025-03-25T11:04:48Z,73.0,Sense
2025-03-25T11:04:53Z,71.0,Sense
2025-03-25T11:04:58Z,72.0,Sense
2025-03-25T11:05:03Z,71.0,Sense
2025-03-25T11:05:08Z,68.0,Sense
2025-03-25T11:05:23Z,68.0,Sense
2025-03-25T11:05:28Z,69.0,Sense
2025-03-25T11:05:33Z,71.0,Sense
2025-03-25T11:05:38Z,72.0,Sense
2025-03-25T11:05:43Z,71.0,Sense
2025-03-25T11:05:48Z,68.0,Sense
2025-03-25T11:05:53Z,68.0,Sense
2025-03-25T11:05:58Z,67.0,Sense
2025-03-25T11:06:13Z,67.0,Sense
2025-03-25T11:06:23Z,68.0,Sense
2025-03-25T11:06:28Z,68.0,Sense
2025-03-25T11:06:43Z,68.0,Sense
2025-03-25T11:06:58Z,67.0,Sense
2025-03-25T11:07:08Z,67.0,Sense
2025-03-25T11:07:18Z,72.0,Sense
2025-03-25T11:07:28Z,74.0,Sense
2025-03-25T11:07:33Z,70.0,Sense
2025-03-25T11:07:38Z,71.0,Sense
2025-03-25T11:07:53Z,72.0,Sense
2025-03-25T11:07:58Z,73.0,Sense
2025-03-25T11:08:03Z,72.0,Sense
2025-03-25T11:08:08Z,71.0,Sense
2025-03-25T11:08:23Z,71.0,Sense
2025-03-25T11:08:28Z,72.0,Sense
2025-03-25T11:08:33Z,73.0,Sense
2025-03-25T11:08:43Z,76.0,Sense
2025-03-25T11:08:48Z,85.0,Sense
2025-03-25T11:08:53Z,84.0,Sense
2025-03-25T11:08:58Z,86.0,Sense
2025-03-25T11:09:08Z,79.0,Sense
2025-03-25T11:09:13Z,75.0,Sense
2025-03-25T11:09:23Z,75.0,Sense
2025-03-25T11:09:28Z,74.0,Sense
2025-03-25T11:09:33Z,72.0,Sense
2025-03-25T11:09:48Z,78.0,Sense
2025-03-25T11:09:53Z,81.0,Sense
2025-03-25T11:09:58Z,79.0,Sense
2025-03-25T11:10:03Z,80.0,Sense
2025-03-25T11:10:08Z,82.0,Sense
2025-03-25T11:10:13Z,87.0,Sense
2025-03-25T11:10:18Z,81.0,Sense
2025-03-25T11:10:23Z,80.0,Sense
2025-03-25T11:10:28Z,75.0,Sense
2025-03-25T11:10:33Z,74.0,Sense
2025-03-25T11:10:38Z,73.0,Sense
2025-03-25T11:10:43Z,72.0,Sense
2025-03-25T11:10:48Z,72.0,Sense
2025-03-25T11:10:58Z,72.0,Sense
2025-03-25T11:11:08Z,74.0,Sense
2025-03-25T11:11:13Z,75.0,Sense
2025-03-25T11:11:18Z,73.0,Sense
2025-03-25T11:11:23Z,72.0,Sense
2025-03-25T11:11:38Z,71.0,Sense
2025-03-25T11:11:53Z,74.0,Sense
2025-03-25T11:11:58Z,77.0,Sense
2025-03-25T11:12:03Z,74.0,Sense
2025-03-25T11:12:08Z,73.0,Sense
2025-03-25T11:12:13Z,72.0,Sense
2025-03-25T11:12:18Z,71.0,Sense
2025-03-25T11:12:23Z,70.0,Sense
2025-03-25T11:12:38Z,69.0,Sense
2025-03-25T11:12:43Z,70.0,Sense
2025-03-25T11:12:48Z,72.0,Sense
2025-03-25T11:12:53Z,83.0,Sense
2025-03-25T11:12:58Z,87.0,Sense
2025-03-25T11:13:03Z,85.0,Sense
2025-03-25T11:13:08Z,80.0,Sense
2025-03-25T11:13:13Z,77.0,Sense
2025-03-25T11:13:18Z,74.0,Sense
2025-03-25T11:13:28Z,73.0,Sense
2025-03-25T11:13:38Z,72.0,Sense
2025-03-25T11:13:43Z,71.0,Sense
2025-03-25T11:13:53Z,73.0,Sense
2025-03-25T11:13:58Z,76.0,Sense
2025-03-25T11:14:03Z,79.0,Sense
2025-03-25T11:14:08Z,77.0,Sense
2025-03-25T11:14:13Z,73.0,Sense
2025-03-25T11:14:18Z,72.0,Sense
2025-03-25T11:14:23Z,71.0,Sense
2025-03-25T11:14:28Z,73.0,Sense
2025-03-25T11:14:38Z,72.0,Sense
2025-03-25T11:14:43Z,71.0,Sense
2025-03-25T11:14:58Z,71.0,Sense
2025-03-25T11:15:03Z,71.0,Sense
2025-03-25T11:15:13Z,72.0,Sense
2025-03-25T11:15:18Z,71.0,Sense
2025-03-25T11:15:23Z,70.0,Sense
2025-03-25T11:15:28Z,72.0,Sense
2025-03-25T11:15:33Z,71.0,Sense
2025-03-25T11:15:38Z,72.0,Sense
2025-03-25T11:15:43Z,72.0,Sense
2025-03-25T11:15:48Z,72.0,Sense
2025-03-25T11:15:53Z,73.0,Sense
2025-03-25T11:16:03Z,74.0,Sense
2025-03-25T11:16:08Z,74.0,Sense
2025-03-25T11:16:18Z,73.0,Sense
2025-03-25T11:16:33Z,72.0,Sense
2025-03-25T11:16:43Z,73.0,Sense
2025-03-25T11:16:48Z,74.0,Sense
2025-03-25T11:16:53Z,76.0,Sense
2025-03-25T11:16:58Z,75.0,Sense
2025-03-25T11:17:03Z,76.0,Sense
2025-03-25T11:17:08Z,79.0,Sense
2025-03-25T11:17:13Z,79.0,Sense
2025-03-25T11:17:18Z,77.0,Sense
2025-03-25T11:17:23Z,75.0,Sense
2025-03-25T11:17:33Z,76.0,Sense
2025-03-25T11:17:38Z,78.0,Sense
2025-03-25T11:17:43Z,78.0,Sense
2025-03-25T11:17:48Z,76.0,Sense
2025-03-25T11:17:53Z,75.0,Sense
2025-03-25T11:17:58Z,75.0,Sense
2025-03-25T11:18:03Z,76.0,Sense
2025-03-25T11:18:08Z,76.0,Sense
2025-03-25T11:18:13Z,75.0,Sense
2025-03-25T11:18:18Z,74.0,Sense
2025-03-25T11:18:23Z,73.0,Sense
2025-03-25T11:18:28Z,73.0,Sense
2025-03-25T11:18:33Z,74.0,Sense
2025-03-25T11:18:38Z,73.0,Sense
2025-03-25T11:18:43Z,72.0,Sense
2025-03-25T11:18:48Z,71.0,Sense
2025-03-25T11:18:58Z,76.0,Sense
2025-03-25T11:19:03Z,82.0,Sense
2025-03-25T11:19:08Z,86.0,Sense
2025-03-25T11:19:13Z,83.0,Sense
2025-03-25T11:19:18Z,84.0,Sense
2025-03-25T11:19:23Z,85.0,Sense
2025-03-25T11:19:38Z,88.0,Sense
2025-03-25T11:19:43Z,88.0,Sense
2025-03-25T11:19:48Z,85.0,Sense
2025-03-25T11:19:58Z,82.0,Sense
2025-03-25T11:20:03Z,82.0,Sense
2025-03-25T11:20:08Z,83.0,Sense
2025-03-25T11:20:13Z,86.0,Sense
2025-03-25T11:20:18Z,88.0,Sense
2025-03-25T11:20:23Z,89.0,Sense
2025-03-25T11:20:28Z,90.0,Sense
2025-03-25T11:20:33Z,89.0,Sense
2025-03-25T11:20:38Z,85.0,Sense
2025-03-25T11:20:43Z,82.0,Sense
2025-03-25T11:20:48Z,75.0,Sense
2025-03-25T11:20:53Z,77.0,Sense
2025-03-25T11:20:58Z,79.0,Sense
2025-03-25T11:21:03Z,84.0,Sense
2025-03-25T11:21:08Z,85.0,Sense
2025-03-25T11:21:13Z,86.0,Sense
2025-03-25T11:21:28Z,85.0,Sense
2025-03-25T11:21:33Z,83.0,Sense
2025-03-25T11:21:38Z,76.0,Sense
2025-03-25T11:21:43Z,72.0,Sense
2025-03-25T11:21:48Z,71.0,Sense
2025-03-25T11:21:58Z,73.0,Sense
2025-03-25T11:22:03Z,77.0,Sense
2025-03-25T11:22:08Z,74.0,Sense
2025-03-25T11:22:13Z,71.0,Sense
2025-03-25T11:22:28Z,72.0,Sense
2025-03-25T11:22:43Z,71.0,Sense
2025-03-25T11:22:53Z,69.0,Sense
2025-03-25T11:22:58Z,71.0,Sense
2025-03-25T11:23:03Z,72.0,Sense
2025-03-25T11:23:08Z,73.0,Sense
2025-03-25T11:23:13Z,72.0,Sense
2025-03-25T11:23:18Z,70.0,Sense
2025-03-25T11:23:33Z,70.0,Sense
2025-03-25T11:23:43Z,72.0,Sense
2025-03-25T11:23:48Z,82.0,Sense
2025-03-25T11:23:58Z,79.0,Sense
2025-03-25T11:24:03Z,76.0,Sense
2025-03-25T11:24:08Z,72.0,Sense
2025-03-25T11:24:13Z,67.0,Sense
2025-03-25T11:24:18Z,66.0,Sense
2025-03-25T11:24:23Z,67.0,Sense
2025-03-25T11:24:28Z,68.0,Sense
2025-03-25T11:24:38Z,73.0,Sense
2025-03-25T11:24:43Z,70.0,Sense
2025-03-25T11:24:48Z,69.0,Sense
2025-03-25T11:24:53Z,71.0,Sense
2025-03-25T11:24:58Z,73.0,Sense
2025-03-25T11:25:03Z,72.0,Sense
2025-03-25T11:25:08Z,71.0,Sense
2025-03-25T11:25:13Z,70.0,Sense
2025-03-25T11:25:18Z,70.0,Sense
2025-03-25T11:25:33Z,69.0,Sense
2025-03-25T11:25:48Z,70.0,Sense
2025-03-25T11:25:53Z,72.0,Sense
2025-03-25T11:25:58Z,72.0,Sense
2025-03-25T11:26:03Z,71.0,Sense
2025-03-25T11:26:08Z,70.0,Sense
2025-03-25T11:26:18Z,69.0,Sense
2025-03-25T11:26:28Z,68.0,Sense
2025-03-25T11:26:33Z,69.0,Sense
2025-03-25T11:26:48Z,69.0,Sense
2025-03-25T11:26:58Z,70.0,Sense
2025-03-25T11:27:03Z,75.0,Sense
2025-03-25T11:27:08Z,76.0,Sense
2025-03-25T11:27:13Z,76.0,Sense
2025-03-25T11:27:18Z,73.0,Sense
2025-03-25T11:27:23Z,74.0,Sense
2025-03-25T11:27:28Z,77.0,Sense
2025-03-25T11:27:33Z,76.0,Sense
2025-03-25T11:27:38Z,74.0,Sense
2025-03-25T11:27:43Z,72.0,Sense
2025-03-25T11:27:48Z,71.0,Sense
2025-03-25T11:28:03Z,71.0,Sense
2025-03-25T11:28:08Z,70.0,Sense
2025-03-25T11:28:18Z,71.0,Sense
2025-03-25T11:28:23Z,71.0,Sense
2025-03-25T11:28:33Z,71.0,Sense
2025-03-25T11:28:43Z,72.0,Sense
2025-03-25T11:28:48Z,73.0,Sense
2025-03-25T11:28:58Z,74.0,Sense
2025-03-25T11:29:03Z,75.0,Sense
2025-03-25T11:29:13Z,77.0,Sense
2025-03-25T11:29:18Z,76.0,Sense
2025-03-25T11:29:23Z,78.0,Sense
2025-03-25T11:29:28Z,78.0,Sense
2025-03-25T11:29:33Z,76.0,Sense
2025-03-25T11:29:38Z,73.0,Sense
2025-03-25T11:29:43Z,72.0,Sense
2025-03-25T11:29:53Z,71.0,Sense
2025-03-25T11:30:08Z,72.0,Sense
2025-03-25T11:30:13Z,73.0,Sense
2025-03-25T11:30:18Z,73.0,Sense
2025-03-25T11:30:23Z,72.0,Sense
2025-03-25T11:30:28Z,71.0,Sense
2025-03-25T11:30:38Z,70.0,Sense
2025-03-25T11:30:48Z,70.0,Sense
2025-03-25T11:30:53Z,71.0,Sense
2025-03-25T11:30:58Z,76.0,Sense
2025-03-25T11:31:03Z,81.0,Sense
2025-03-25T11:31:13Z,75.0,Sense
2025-03-25T11:31:18Z,74.0,Sense
2025-03-25T11:31:23Z,71.0,Sense
2025-03-25T11:31:28Z,72.0,Sense
2025-03-25T11:31:43Z,72.0,Sense
2025-03-25T11:31:53Z,73.0,Sense
2025-03-25T11:31:58Z,76.0,Sense
2025-03-25T11:32:03Z,78.0,Sense
2025-03-25T11:32:08Z,77.0,Sense
2025-03-25T11:32:13Z,75.0,Sense
2025-03-25T11:32:23Z,76.0,Sense
2025-03-25T11:32:28Z,75.0,Sense
2025-03-25T11:32:33Z,74.0,Sense
2025-03-25T11:32:38Z,72.0,Sense
2025-03-25T11:32:43Z,70.0,Sense
2025-03-25T11:32:48Z,69.0,Sense
2025-03-25T11:32:58Z,72.0,Sense
2025-03-25T11:33:08Z,75.0,Sense
2025-03-25T11:33:13Z,76.0,Sense
2025-03-25T11:33:18Z,74.0,Sense
2025-03-25T11:33:23Z,69.0,Sense
2025-03-25T11:33:28Z,67.0,Sense
2025-03-25T11:33:38Z,64.0,Sense
2025-03-25T11:33:43Z,65.0,Sense
2025-03-25T11:33:58Z,66.0,Sense
2025-03-25T11:34:03Z,68.0,Sense
2025-03-25T11:34:08Z,69.0,Sense
2025-03-25T11:34:13Z,70.0,Sense
2025-03-25T11:34:23Z,69.0,Sense
2025-03-25T11:34:28Z,67.0,Sense
2025-03-25T11:34:38Z,66.0,Sense
2025-03-25T11:34:43Z,68.0,Sense
2025-03-25T11:34:48Z,69.0,Sense
2025-03-25T11:34:53Z,68.0,Sense
2025-03-25T11:35:08Z,68.0,Sense
2025-03-25T11:35:13Z,67.0,Sense
2025-03-25T11:35:28Z,68.0,Sense
2025-03-25T11:35:43Z,68.0,Sense
2025-03-25T11:35:48Z,67.0,Sense
2025-03-25T11:36:03Z,67.0,Sense
2025-03-25T11:36:08Z,68.0,Sense
2025-03-25T11:36:13Z,69.0,Sense
2025-03-25T11:36:18Z,68.0,Sense
2025-03-25T11:36:28Z,67.0,Sense
2025-03-25T11:36:38Z,68.0,Sense
2025-03-25T11:36:48Z,67.0,Sense
2025-03-25T11:36:53Z,66.0,Sense
2025-03-25T11:36:58Z,64.0,Sense
2025-03-25T11:37:08Z,63.0,Sense
2025-03-25T11:37:18Z,63.0,Sense
2025-03-25T11:37:23Z,63.0,Sense
2025-03-25T11:37:28Z,62.0,Sense
2025-03-25T11:37:33Z,63.0,Sense
2025-03-25T11:37:38Z,63.0,Sense
2025-03-25T11:37:43Z,62.0,Sense
2025-03-25T11:37:48Z,61.0,Sense
2025-03-25T11:37:58Z,63.0,Sense
2025-03-25T11:38:03Z,72.0,Sense
2025-03-25T11:38:08Z,74.0,Sense
2025-03-25T11:38:13Z,79.0,Sense
2025-03-25T11:38:23Z,78.0,Sense
2025-03-25T11:38:28Z,79.0,Sense
2025-03-25T11:38:33Z,78.0,Sense
2025-03-25T11:38:38Z,77.0,Sense
2025-03-25T11:38:43Z,78.0,Sense
2025-03-25T11:38:48Z,80.0,Sense
2025-03-25T11:38:53Z,81.0,Sense
2025-03-25T11:38:58Z,83.0,Sense
2025-03-25T11:39:08Z,85.0,Sense
2025-03-25T11:39:23Z,82.0,Sense
2025-03-25T11:39:33Z,80.0,Sense
2025-03-25T11:39:38Z,82.0,Sense
2025-03-25T11:39:43Z,80.0,Sense
2025-03-25T11:39:48Z,83.0,Sense
2025-03-25T11:39:58Z,84.0,Sense
2025-03-25T11:40:03Z,91.0,Sense
2025-03-25T11:40:13Z,92.0,Sense
2025-03-25T11:40:18Z,91.0,Sense
2025-03-25T11:40:33Z,91.0,Sense
2025-03-25T11:40:43Z,90.0,Sense
2025-03-25T11:40:48Z,91.0,Sense
2025-03-25T11:40:58Z,92.0,Sense
2025-03-25T11:41:03Z,93.0,Sense
2025-03-25T11:41:08Z,95.0,Sense
2025-03-25T11:41:18Z,93.0,Sense
2025-03-25T11:41:23Z,94.0,Sense
2025-03-25T11:41:28Z,97.0,Sense
2025-03-25T11:41:43Z,96.0,Sense
2025-03-25T11:41:48Z,95.0,Sense
2025-03-25T11:41:53Z,93.0,Sense
2025-03-25T11:41:58Z,94.0,Sense
2025-03-25T11:42:03Z,95.0,Sense
2025-03-25T11:42:08Z,94.0,Sense
2025-03-25T11:42:13Z,98.0,Sense
2025-03-25T11:42:18Z,97.0,Sense
2025-03-25T11:42:23Z,99.0,Sense
2025-03-25T11:42:28Z,98.0,Sense
2025-03-25T11:42:38Z,94.0,Sense
2025-03-25T11:42:43Z,96.0,Sense
2025-03-25T11:42:48Z,95.0,Sense
2025-03-25T11:42:53Z,93.0,Sense
2025-03-25T11:42:58Z,94.0,Sense
2025-03-25T11:43:03Z,92.0,Sense
2025-03-25T11:43:08Z,87.0,Sense
2025-03-25T11:43:13Z,89.0,Sense
2025-03-25T11:43:18Z,88.0,Sense
2025-03-25T11:43:23Z,86.0,Sense
2025-03-25T11:43:33Z,85.0,Sense
2025-03-25T11:43:48Z,85.0,Sense
2025-03-25T11:43:53Z,86.0,Sense
2025-03-25T11:43:58Z,85.0,Sense
2025-03-25T11:44:13Z,86.0,Sense
2025-03-25T11:44:18Z,87.0,Sense
2025-03-25T11:44:23Z,86.0,Sense
2025-03-25T11:44:28Z,85.0,Sense
2025-03-25T11:44:33Z,84.0,Sense
2025-03-25T11:44:38Z,86.0,Sense
2025-03-25T11:44:43Z,87.0,Sense
2025-03-25T11:44:48Z,86.0,Sense
2025-03-25T11:44:53Z,92.0,Sense
2025-03-25T11:44:58Z,88.0,Sense
2025-03-25T11:45:03Z,87.0,Sense
2025-03-25T11:45:08Z,91.0,Sense
2025-03-25T11:45:18Z,89.0,Sense
2025-03-25T11:45:23Z,89.0,Sense
2025-03-25T11:45:33Z,88.0,Sense
2025-03-25T11:45:43Z,88.0,Sense
2025-03-25T11:45:48Z,89.0,Sense
2025-03-25T11:45:53Z,90.0,Sense
2025-03-25T11:45:58Z,91.0,Sense
2025-03-25T11:46:03Z,90.0,Sense
2025-03-25T11:46:18Z,91.0,Sense
2025-03-25T11:46:23Z,92.0,Sense
2025-03-25T11:46:33Z,93.0,Sense
2025-03-25T11:46:38Z,95.0,Sense
2025-03-25T11:46:48Z,93.0,Sense
2025-03-25T11:46:53Z,92.0,Sense
2025-03-25T11:46:58Z,94.0,Sense
2025-03-25T11:47:03Z,94.0,Sense
2025-03-25T11:47:08Z,92.0,Sense
2025-03-25T11:47:13Z,91.0,Sense
2025-03-25T11:47:23Z,90.0,Sense
2025-03-25T11:47:28Z,88.0,Sense
2025-03-25T11:47:33Z,87.0,Sense
2025-03-25T11:47:38Z,91.0,Sense
2025-03-25T11:47:43Z,88.0,Sense
2025-03-25T11:47:48Z,90.0,Sense
2025-03-25T11:47:53Z,92.0,Sense
2025-03-25T11:47:58Z,90.0,Sense
2025-03-25T11:48:03Z,87.0,Sense
2025-03-25T11:48:08Z,86.0,Sense
2025-03-25T11:48:13Z,89.0,Sense
2025-03-25T11:48:18Z,90.0,Sense
2025-03-25T11:48:23Z,91.0,Sense
2025-03-25T11:48:28Z,93.0,Sense
2025-03-25T11:48:33Z,96.0,Sense
2025-03-25T11:48:38Z,98.0,Sense
2025-03-25T11:48:43Z,97.0,Sense
2025-03-25T11:48:48Z,98.0,Sense
2025-03-25T11:49:03Z,98.0,Sense
2025-03-25T11:49:18Z,97.0,Sense
2025-03-25T11:49:23Z,101.0,Sense
2025-03-25T11:49:28Z,98.0,Sense
2025-03-25T11:49:38Z,97.0,Sense
2025-03-25T11:49:43Z,99.0,Sense
2025-03-25T11:49:48Z,97.0,Sense
2025-03-25T11:49:53Z,98.0,Sense
2025-03-25T11:49:58Z,97.0,Sense
2025-03-25T11:50:03Z,96.0,Sense
2025-03-25T11:50:08Z,97.0,Sense
2025-03-25T11:50:13Z,96.0,Sense
2025-03-25T11:50:18Z,94.0,Sense
2025-03-25T11:50:23Z,93.0,Sense
2025-03-25T11:50:28Z,94.0,Sense
2025-03-25T11:50:33Z,95.0,Sense
2025-03-25T11:50:38Z,92.0,Sense
2025-03-25T11:50:43Z,93.0,Sense
2025-03-25T11:50:48Z,92.0,Sense
2025-03-25T11:50:58Z,91.0,Sense
2025-03-25T11:51:03Z,90.0,Sense
2025-03-25T11:51:13Z,91.0,Sense
2025-03-25T11:51:18Z,89.0,Sense
2025-03-25T11:51:23Z,91.0,Sense
2025-03-25T11:51:38Z,90.0,Sense
2025-03-25T11:51:53Z,90.0,Sense
2025-03-25T11:52:08Z,90.0,Sense
2025-03-25T11:52:23Z,89.0,Sense
2025-03-25T11:52:33Z,88.0,Sense
2025-03-25T11:52:38Z,86.0,Sense
2025-03-25T11:52:43Z,84.0,Sense
2025-03-25T11:52:59Z,82.0,Sense
2025-03-25T11:53:04Z,84.0,Sense
2025-03-25T11:53:19Z,87.0,Sense
2025-03-25T11:53:29Z,86.0,Sense
2025-03-25T11:53:34Z,87.0,Sense
2025-03-25T11:53:44Z,89.0,Sense
2025-03-25T11:53:49Z,87.0,Sense
2025-03-25T11:53:54Z,84.0,Sense
2025-03-25T11:53:59Z,82.0,Sense
2025-03-25T11:54:09Z,83.0,Sense
2025-03-25T11:54:19Z,85.0,Sense
2025-03-25T11:54:29Z,88.0,Sense
2025-03-25T11:54:39Z,90.0,Sense
2025-03-25T11:54:44Z,89.0,Sense
2025-03-25T11:54:49Z,90.0,Sense
2025-03-25T11:54:54Z,89.0,Sense
2025-03-25T11:54:59Z,87.0,Sense
2025-03-25T11:55:04Z,84.0,Sense
2025-03-25T11:55:09Z,82.0,Sense
2025-03-25T11:55:15Z,84.0,Sense
2025-03-25T11:55:25Z,85.0,Sense
2025-03-25T11:55:30Z,84.0,Sense
2025-03-25T11:55:40Z,83.0,Sense
2025-03-25T11:55:45Z,82.0,Sense
2025-03-25T11:55:50Z,80.0,Sense
2025-03-25T11:55:55Z,79.0,Sense
2025-03-25T11:55:59Z,81.0,Sense
2025-03-25T11:56:05Z,84.0,Sense
2025-03-25T11:56:10Z,81.0,Sense
2025-03-25T11:56:15Z,83.0,Sense
2025-03-25T11:56:20Z,80.0,Sense
2025-03-25T11:56:25Z,83.0,Sense
2025-03-25T11:56:30Z,84.0,Sense
2025-03-25T11:56:40Z,86.0,Sense
2025-03-25T11:56:45Z,84.0,Sense
2025-03-25T11:56:50Z,85.0,Sense
2025-03-25T11:56:55Z,86.0,Sense
2025-03-25T11:57:00Z,87.0,Sense
2025-03-25T11:57:05Z,85.0,Sense
2025-03-25T11:57:10Z,80.0,Sense
2025-03-25T11:57:15Z,81.0,Sense
2025-03-25T11:57:20Z,83.0,Sense
2025-03-25T11:57:30Z,85.0,Sense
2025-03-25T11:57:35Z,86.0,Sense
2025-03-25T11:57:40Z,83.0,Sense
2025-03-25T11:57:45Z,86.0,Sense
2025-03-25T11:57:50Z,82.0,Sense
2025-03-25T11:57:55Z,86.0,Sense
2025-03-25T11:58:00Z,87.0,Sense
2025-03-25T11:58:05Z,78.0,Sense
2025-03-25T11:58:10Z,75.0,Sense
2025-03-25T11:58:15Z,76.0,Sense
2025-03-25T11:58:20Z,77.0,Sense
2025-03-25T11:58:25Z,77.0,Sense
2025-03-25T11:58:35Z,76.0,Sense
2025-03-25T11:58:40Z,74.0,Sense
2025-03-25T11:58:45Z,73.0,Sense
2025-03-25T11:58:50Z,74.0,Sense
2025-03-25T11:58:55Z,72.0,Sense
2025-03-25T11:59:00Z,70.0,Sense
2025-03-25T11:59:05Z,69.0,Sense
2025-03-25T11:59:10Z,72.0,Sense
2025-03-25T11:59:15Z,78.0,Sense
2025-03-25T11:59:20Z,77.0,Sense
2025-03-25T11:59:25Z,76.0,Sense
2025-03-25T11:59:30Z,77.0,Sense
2025-03-25T11:59:40Z,78.0,Sense
2025-03-25T11:59:45Z,77.0,Sense
2025-03-25T11:59:55Z,76.0,Sense
2025-03-25T12:00:00Z,78.0,Sense
2025-03-25T12:00:05Z,80.0,Sense
2025-03-25T12:00:10Z,84.0,Sense
2025-03-25T12:00:15Z,83.0,Sense
2025-03-25T12:00:20Z,82.0,Sense
2025-03-25T12:00:25Z,81.0,Sense
2025-03-25T12:00:30Z,79.0,Sense
2025-03-25T12:00:35Z,80.0,Sense
2025-03-25T12:00:40Z,83.0,Sense
2025-03-25T12:00:45Z,80.0,Sense
2025-03-25T12:00:50Z,81.0,Sense
2025-03-25T12:00:55Z,79.0,Sense
2025-03-25T12:01:00Z,81.0,Sense
2025-03-25T12:01:10Z,80.0,Sense
2025-03-25T12:01:15Z,78.0,Sense
2025-03-25T12:01:20Z,76.0,Sense
2025-03-25T12:01:30Z,75.0,Sense
2025-03-25T12:01:40Z,76.0,Sense
2025-03-25T12:01:45Z,79.0,Sense
2025-03-25T12:01:50Z,81.0,Sense
2025-03-25T12:01:55Z,80.0,Sense
2025-03-25T12:02:00Z,82.0,Sense
2025-03-25T12:02:10Z,81.0,Sense
2025-03-25T12:02:15Z,79.0,Sense
2025-03-25T12:02:20Z,77.0,Sense
2025-03-25T12:02:25Z,76.0,Sense
2025-03-25T12:02:30Z,77.0,Sense
2025-03-25T12:02:35Z,76.0,Sense
2025-03-25T12:02:40Z,79.0,Sense
2025-03-25T12:02:50Z,77.0,Sense
2025-03-25T12:02:55Z,76.0,Sense
2025-03-25T12:03:00Z,75.0,Sense
2025-03-25T12:03:05Z,74.0,Sense
2025-03-25T12:03:10Z,75.0,Sense
2025-03-25T12:03:25Z,77.0,Sense
2025-03-25T12:03:30Z,79.0,Sense
2025-03-25T12:03:35Z,82.0,Sense
2025-03-25T12:03:40Z,84.0,Sense
2025-03-25T12:03:45Z,81.0,Sense
2025-03-25T12:03:50Z,80.0,Sense
2025-03-25T12:03:55Z,75.0,Sense
2025-03-25T12:04:00Z,76.0,Sense
2025-03-25T12:04:05Z,78.0,Sense
2025-03-25T12:04:10Z,77.0,Sense
2025-03-25T12:04:15Z,73.0,Sense
2025-03-25T12:04:20Z,71.0,Sense
2025-03-25T12:04:25Z,71.0,Sense
2025-03-25T12:04:30Z,69.0,Sense
2025-03-25T12:04:40Z,69.0,Sense
2025-03-25T12:04:55Z,69.0,Sense
2025-03-25T12:05:00Z,68.0,Sense
2025-03-25T12:05:10Z,69.0,Sense
2025-03-25T12:05:15Z,68.0,Sense
2025-03-25T12:05:20Z,70.0,Sense
2025-03-25T12:05:30Z,70.0,Sense
2025-03-25T12:05:35Z,72.0,Sense
2025-03-25T12:05:40Z,70.0,Sense
2025-03-25T12:05:45Z,69.0,Sense
2025-03-25T12:05:50Z,69.0,Sense
2025-03-25T12:05:55Z,68.0,Sense
2025-03-25T12:06:00Z,67.0,Sense
2025-03-25T12:06:10Z,66.0,Sense
2025-03-25T12:06:15Z,67.0,Sense
2025-03-25T12:06:20Z,68.0,Sense
2025-03-25T12:06:25Z,69.0,Sense
2025-03-25T12:06:30Z,69.0,Sense
2025-03-25T12:06:40Z,70.0,Sense
2025-03-25T12:06:45Z,71.0,Sense
2025-03-25T12:06:50Z,69.0,Sense
2025-03-25T12:06:55Z,68.0,Sense
2025-03-25T12:07:00Z,68.0,Sense
2025-03-25T12:07:15Z,68.0,Sense
2025-03-25T12:07:25Z,69.0,Sense
2025-03-25T12:07:30Z,70.0,Sense
2025-03-25T12:07:35Z,73.0,Sense
2025-03-25T12:07:40Z,75.0,Sense
2025-03-25T12:07:45Z,80.0,Sense
2025-03-25T12:07:50Z,77.0,Sense
2025-03-25T12:07:55Z,73.0,Sense
2025-03-25T12:08:00Z,71.0,Sense
2025-03-25T12:08:05Z,70.0,Sense
2025-03-25T12:08:10Z,69.0,Sense
2025-03-25T12:08:15Z,68.0,Sense
2025-03-25T12:08:25Z,73.0,Sense
2025-03-25T12:08:30Z,77.0,Sense
2025-03-25T12:08:45Z,76.0,Sense
2025-03-25T12:08:50Z,74.0,Sense
2025-03-25T12:08:55Z,70.0,Sense
2025-03-25T12:09:00Z,68.0,Sense
2025-03-25T12:09:05Z,66.0,Sense
2025-03-25T12:09:20Z,67.0,Sense
2025-03-25T12:09:25Z,67.0,Sense
2025-03-25T12:09:30Z,67.0,Sense
2025-03-25T12:09:40Z,68.0,Sense
2025-03-25T12:09:45Z,71.0,Sense
2025-03-25T12:09:50Z,73.0,Sense
2025-03-25T12:09:55Z,75.0,Sense
2025-03-25T12:10:00Z,75.0,Sense
2025-03-25T12:10:05Z,76.0,Sense
2025-03-25T12:10:15Z,75.0,Sense
2025-03-25T12:10:20Z,73.0,Sense
2025-03-25T12:10:25Z,75.0,Sense
2025-03-25T12:10:30Z,77.0,Sense
2025-03-25T12:10:35Z,78.0,Sense
2025-03-25T12:10:40Z,79.0,Sense
2025-03-25T12:10:45Z,79.0,Sense
2025-03-25T12:10:50Z,77.0,Sense
2025-03-25T12:10:55Z,75.0,Sense
2025-03-25T12:11:00Z,72.0,Sense
2025-03-25T12:11:05Z,71.0,Sense
2025-03-25T12:11:15Z,71.0,Sense
2025-03-25T12:11:30Z,72.0,Sense
2025-03-25T12:11:35Z,73.0,Sense
2025-03-25T12:11:45Z,76.0,Sense
2025-03-25T12:11:50Z,74.0,Sense
2025-03-25T12:11:55Z,72.0,Sense
2025-03-25T12:12:00Z,68.0,Sense
2025-03-25T12:12:05Z,69.0,Sense
2025-03-25T12:12:10Z,72.0,Sense
2025-03-25T12:12:15Z,72.0,Sense
2025-03-25T12:12:20Z,71.0,Sense
2025-03-25T12:12:25Z,72.0,Sense
2025-03-25T12:12:30Z,75.0,Sense
2025-03-25T12:12:35Z,75.0,Sense
2025-03-25T12:12:40Z,72.0,Sense
2025-03-25T12:12:45Z,71.0,Sense
2025-03-25T12:12:50Z,72.0,Sense
2025-03-25T12:12:55Z,73.0,Sense
2025-03-25T12:13:00Z,72.0,Sense
2025-03-25T12:13:05Z,71.0,Sense
2025-03-25T12:13:10Z,73.0,Sense
2025-03-25T12:13:15Z,74.0,Sense
2025-03-25T12:13:25Z,73.0,Sense
2025-03-25T12:13:35Z,75.0,Sense
2025-03-25T12:13:40Z,78.0,Sense
2025-03-25T12:13:45Z,76.0,Sense
2025-03-25T12:13:50Z,74.0,Sense
2025-03-25T12:13:55Z,71.0,Sense
2025-03-25T12:14:00Z,71.0,Sense
2025-03-25T12:14:10Z,70.0,Sense
2025-03-25T12:14:15Z,69.0,Sense
2025-03-25T12:14:20Z,70.0,Sense
2025-03-25T12:14:25Z,71.0,Sense
2025-03-25T12:14:35Z,71.0,Sense
2025-03-25T12:14:40Z,72.0,Sense
2025-03-25T12:14:45Z,71.0,Sense
2025-03-25T12:14:50Z,71.0,Sense
2025-03-25T12:15:05Z,72.0,Sense
2025-03-25T12:15:10Z,71.0,Sense
2025-03-25T12:15:25Z,70.0,Sense
2025-03-25T12:15:30Z,69.0,Sense
2025-03-25T12:15:35Z,68.0,Sense
2025-03-25T12:15:40Z,70.0,Sense
2025-03-25T12:15:45Z,71.0,Sense
2025-03-25T12:15:50Z,70.0,Sense
2025-03-25T12:15:55Z,69.0,Sense
2025-03-25T12:16:00Z,71.0,Sense
2025-03-25T12:16:05Z,74.0,Sense
2025-03-25T12:16:10Z,72.0,Sense
2025-03-25T12:16:15Z,70.0,Sense
2025-03-25T12:16:30Z,70.0,Sense
2025-03-25T12:16:35Z,72.0,Sense
2025-03-25T12:16:40Z,75.0,Sense
2025-03-25T12:16:45Z,76.0,Sense
2025-03-25T12:16:50Z,79.0,Sense
2025-03-25T12:17:00Z,78.0,Sense
2025-03-25T12:17:10Z,77.0,Sense
2025-03-25T12:17:15Z,78.0,Sense
2025-03-25T12:17:20Z,76.0,Sense
2025-03-25T12:17:25Z,77.0,Sense
2025-03-25T12:17:30Z,75.0,Sense
2025-03-25T12:17:35Z,75.0,Sense
2025-03-25T12:17:40Z,73.0,Sense
2025-03-25T12:17:45Z,74.0,Sense
2025-03-25T12:17:50Z,75.0,Sense
2025-03-25T12:17:55Z,74.0,Sense
2025-03-25T12:18:00Z,71.0,Sense
2025-03-25T12:18:05Z,70.0,Sense
2025-03-25T12:18:15Z,69.0,Sense
2025-03-25T12:18:30Z,69.0,Sense
2025-03-25T12:18:45Z,69.0,Sense
2025-03-25T12:18:50Z,70.0,Sense
2025-03-25T12:19:05Z,71.0,Sense
2025-03-25T12:19:15Z,70.0,Sense
2025-03-25T12:19:20Z,69.0,Sense
2025-03-25T12:19:25Z,69.0,Sense
2025-03-25T12:19:40Z,70.0,Sense
2025-03-25T12:19:45Z,69.0,Sense
2025-03-25T12:19:55Z,71.0,Sense
2025-03-25T12:20:00Z,74.0,Sense
2025-03-25T12:20:05Z,78.0,Sense
2025-03-25T12:20:10Z,80.0,Sense
2025-03-25T12:20:20Z,77.0,Sense
2025-03-25T12:20:25Z,72.0,Sense
2025-03-25T12:20:35Z,73.0,Sense
2025-03-25T12:20:40Z,71.0,Sense
2025-03-25T12:20:50Z,70.0,Sense
2025-03-25T12:20:55Z,71.0,Sense
2025-03-25T12:21:00Z,73.0,Sense
2025-03-25T12:21:10Z,71.0,Sense
2025-03-25T12:21:15Z,70.0,Sense
2025-03-25T12:21:20Z,69.0,Sense
2025-03-25T12:21:25Z,69.0,Sense
2025-03-25T12:21:30Z,68.0,Sense
2025-03-25T12:21:35Z,69.0,Sense
2025-03-25T12:21:50Z,69.0,Sense
2025-03-25T12:21:55Z,71.0,Sense
2025-03-25T12:22:00Z,73.0,Sense
2025-03-25T12:22:05Z,75.0,Sense
2025-03-25T12:22:10Z,74.0,Sense
2025-03-25T12:22:15Z,72.0,Sense
2025-03-25T12:22:20Z,71.0,Sense
2025-03-25T12:22:25Z,72.0,Sense
2025-03-25T12:22:30Z,76.0,Sense
2025-03-25T12:22:35Z,80.0,Sense
2025-03-25T12:22:40Z,81.0,Sense
2025-03-25T12:22:45Z,79.0,Sense
2025-03-25T12:22:50Z,78.0,Sense
2025-03-25T12:22:55Z,78.0,Sense
2025-03-25T12:23:00Z,77.0,Sense
2025-03-25T12:23:05Z,76.0,Sense
2025-03-25T12:23:10Z,72.0,Sense
2025-03-25T12:23:15Z,71.0,Sense
2025-03-25T12:23:25Z,71.0,Sense
2025-03-25T12:23:30Z,71.0,Sense
2025-03-25T12:23:45Z,72.0,Sense
2025-03-25T12:23:50Z,73.0,Sense
2025-03-25T12:23:55Z,76.0,Sense
2025-03-25T12:24:00Z,77.0,Sense
2025-03-25T12:24:05Z,76.0,Sense
2025-03-25T12:24:10Z,75.0,Sense
2025-03-25T12:24:15Z,72.0,Sense
2025-03-25T12:24:20Z,71.0,Sense
2025-03-25T12:24:25Z,70.0,Sense
2025-03-25T12:24:30Z,69.0,Sense
2025-03-25T12:24:35Z,68.0,Sense
2025-03-25T12:24:45Z,71.0,Sense
2025-03-25T12:24:50Z,75.0,Sense
2025-03-25T12:24:55Z,80.0,Sense
2025-03-25T12:25:05Z,79.0,Sense
2025-03-25T12:25:10Z,73.0,Sense
2025-03-25T12:25:15Z,71.0,Sense
2025-03-25T12:25:25Z,72.0,Sense
2025-03-25T12:25:40Z,73.0,Sense
2025-03-25T12:25:55Z,73.0,Sense
2025-03-25T12:26:10Z,73.0,Sense
2025-03-25T12:26:15Z,74.0,Sense
2025-03-25T12:26:20Z,72.0,Sense
2025-03-25T12:26:25Z,72.0,Sense
2025-03-25T12:26:30Z,73.0,Sense
2025-03-25T12:26:40Z,72.0,Sense
2025-03-25T12:26:50Z,71.0,Sense
2025-03-25T12:27:00Z,70.0,Sense
2025-03-25T12:27:10Z,71.0,Sense
2025-03-25T12:27:15Z,71.0,Sense
2025-03-25T12:27:20Z,70.0,Sense
2025-03-25T12:27:25Z,74.0,Sense
2025-03-25T12:27:30Z,81.0,Sense
2025-03-25T12:27:35Z,86.0,Sense
2025-03-25T12:27:40Z,82.0,Sense
2025-03-25T12:27:45Z,85.0,Sense
2025-03-25T12:27:50Z,82.0,Sense
2025-03-25T12:27:55Z,81.0,Sense
2025-03-25T12:28:00Z,80.0,Sense
2025-03-25T12:28:05Z,78.0,Sense
2025-03-25T12:28:10Z,75.0,Sense
2025-03-25T12:28:15Z,74.0,Sense
2025-03-25T12:28:20Z,78.0,Sense
2025-03-25T12:28:25Z,79.0,Sense
2025-03-25T12:28:30Z,74.0,Sense
2025-03-25T12:28:35Z,75.0,Sense
2025-03-25T12:28:45Z,69.0,Sense
2025-03-25T12:28:50Z,67.0,Sense
2025-03-25T12:29:00Z,68.0,Sense
2025-03-25T12:29:05Z,66.0,Sense
2025-03-25T12:29:10Z,65.0,Sense
2025-03-25T12:29:20Z,65.0,Sense
2025-03-25T12:29:30Z,64.0,Sense
2025-03-25T12:29:35Z,65.0,Sense
2025-03-25T12:29:40Z,65.0,Sense
2025-03-25T12:29:45Z,67.0,Sense
2025-03-25T12:29:50Z,73.0,Sense
2025-03-25T12:29:55Z,76.0,Sense
2025-03-25T12:30:00Z,78.0,Sense
2025-03-25T12:30:05Z,76.0,Sense
2025-03-25T12:30:10Z,72.0,Sense
2025-03-25T12:30:15Z,74.0,Sense
2025-03-25T12:30:20Z,72.0,Sense
2025-03-25T12:30:25Z,73.0,Sense
2025-03-25T12:30:30Z,69.0,Sense
2025-03-25T12:30:35Z,67.0,Sense
2025-03-25T12:30:40Z,66.0,Sense
2025-03-25T12:30:55Z,66.0,Sense
2025-03-25T12:31:05Z,67.0,Sense
2025-03-25T12:31:10Z,68.0,Sense
2025-03-25T12:31:15Z,71.0,Sense
2025-03-25T12:31:20Z,73.0,Sense
2025-03-25T12:31:25Z,74.0,Sense
2025-03-25T12:31:30Z,71.0,Sense
2025-03-25T12:31:35Z,69.0,Sense
2025-03-25T12:31:40Z,68.0,Sense
2025-03-25T12:31:45Z,67.0,Sense
2025-03-25T12:31:50Z,68.0,Sense
2025-03-25T12:31:55Z,69.0,Sense
2025-03-25T12:32:05Z,69.0,Sense
2025-03-25T12:32:10Z,68.0,Sense
2025-03-25T12:32:15Z,69.0,Sense
2025-03-25T12:32:20Z,71.0,Sense
2025-03-25T12:32:25Z,72.0,Sense
2025-03-25T12:32:30Z,69.0,Sense
2025-03-25T12:32:35Z,67.0,Sense
2025-03-25T12:32:40Z,67.0,Sense
2025-03-25T12:32:45Z,69.0,Sense
2025-03-25T12:32:50Z,70.0,Sense
2025-03-25T12:32:55Z,69.0,Sense
2025-03-25T12:33:00Z,70.0,Sense
2025-03-25T12:33:15Z,70.0,Sense
2025-03-25T12:33:30Z,71.0,Sense
2025-03-25T12:33:35Z,73.0,Sense
2025-03-25T12:33:40Z,74.0,Sense
2025-03-25T12:33:45Z,76.0,Sense
2025-03-25T12:34:00Z,74.0,Sense
2025-03-25T12:34:10Z,73.0,Sense
2025-03-25T12:34:15Z,72.0,Sense
2025-03-25T12:34:25Z,70.0,Sense
2025-03-25T12:34:40Z,70.0,Sense
2025-03-25T12:34:45Z,70.0,Sense
2025-03-25T12:34:50Z,71.0,Sense
2025-03-25T12:34:55Z,72.0,Sense
2025-03-25T12:35:00Z,75.0,Sense
2025-03-25T12:35:05Z,82.0,Sense
2025-03-25T12:35:10Z,80.0,Sense
2025-03-25T12:35:15Z,75.0,Sense
2025-03-25T12:35:20Z,74.0,Sense
2025-03-25T12:35:25Z,75.0,Sense
2025-03-25T12:35:30Z,75.0,Sense
2025-03-25T12:35:35Z,73.0,Sense
2025-03-25T12:35:40Z,72.0,Sense
2025-03-25T12:35:45Z,73.0,Sense
2025-03-25T12:35:50Z,77.0,Sense
2025-03-25T12:35:55Z,78.0,Sense
2025-03-25T12:36:00Z,76.0,Sense
2025-03-25T12:36:05Z,75.0,Sense
2025-03-25T12:36:10Z,74.0,Sense
2025-03-25T12:36:15Z,73.0,Sense
2025-03-25T12:36:20Z,73.0,Sense
2025-03-25T12:36:30Z,73.0,Sense
2025-03-25T12:36:35Z,73.0,Sense
2025-03-25T12:36:40Z,75.0,Sense
2025-03-25T12:36:45Z,76.0,Sense
2025-03-25T12:36:50Z,74.0,Sense
2025-03-25T12:36:55Z,72.0,Sense
2025-03-25T12:37:00Z,72.0,Sense
2025-03-25T12:37:05Z,71.0,Sense
2025-03-25T12:37:10Z,70.0,Sense
2025-03-25T12:37:15Z,72.0,Sense
2025-03-25T12:37:25Z,72.0,Sense
2025-03-25T12:37:35Z,73.0,Sense
2025-03-25T12:37:45Z,76.0,Sense
2025-03-25T12:37:50Z,77.0,Sense
2025-03-25T12:37:55Z,75.0,Sense
2025-03-25T12:38:00Z,72.0,Sense
2025-03-25T12:38:05Z,69.0,Sense
2025-03-25T12:38:15Z,71.0,Sense
2025-03-25T12:38:20Z,72.0,Sense
2025-03-25T12:38:25Z,71.0,Sense
2025-03-25T12:38:30Z,70.0,Sense
2025-03-25T12:38:35Z,72.0,Sense
2025-03-25T12:38:40Z,75.0,Sense
2025-03-25T12:38:45Z,74.0,Sense
2025-03-25T12:38:50Z,70.0,Sense
2025-03-25T12:39:00Z,72.0,Sense
2025-03-25T12:39:05Z,73.0,Sense
2025-03-25T12:39:15Z,74.0,Sense
2025-03-25T12:39:20Z,76.0,Sense
2025-03-25T12:39:25Z,75.0,Sense
2025-03-25T12:39:30Z,72.0,Sense
2025-03-25T12:39:35Z,71.0,Sense
2025-03-25T12:39:50Z,71.0,Sense
2025-03-25T12:40:05Z,71.0,Sense
2025-03-25T12:40:20Z,71.0,Sense
2025-03-25T12:40:35Z,71.0,Sense
2025-03-25T12:40:45Z,74.0,Sense
2025-03-25T12:40:50Z,75.0,Sense
2025-03-25T12:41:05Z,76.0,Sense
2025-03-25T12:41:10Z,77.0,Sense
2025-03-25T12:41:15Z,78.0,Sense
2025-03-25T12:41:30Z,77.0,Sense
2025-03-25T12:41:35Z,76.0,Sense
2025-03-25T12:41:40Z,78.0,Sense
2025-03-25T12:41:45Z,82.0,Sense
2025-03-25T12:41:50Z,81.0,Sense
2025-03-25T12:41:55Z,83.0,Sense
2025-03-25T12:42:00Z,80.0,Sense
2025-03-25T12:42:05Z,77.0,Sense
2025-03-25T12:42:10Z,77.0,Sense
2025-03-25T12:42:15Z,78.0,Sense
2025-03-25T12:42:20Z,80.0,Sense
2025-03-25T12:42:30Z,75.0,Sense
2025-03-25T12:42:35Z,72.0,Sense
2025-03-25T12:42:40Z,73.0,Sense
2025-03-25T12:42:50Z,74.0,Sense
2025-03-25T12:42:55Z,78.0,Sense
2025-03-25T12:43:00Z,81.0,Sense
2025-03-25T12:43:05Z,82.0,Sense
2025-03-25T12:43:10Z,83.0,Sense
2025-03-25T12:43:15Z,88.0,Sense
2025-03-25T12:43:20Z,89.0,Sense
2025-03-25T12:43:25Z,88.0,Sense
2025-03-25T12:43:30Z,86.0,Sense
2025-03-25T12:43:35Z,88.0,Sense
2025-03-25T12:43:45Z,84.0,Sense
2025-03-25T12:43:50Z,83.0,Sense
2025-03-25T12:43:55Z,74.0,Sense
2025-03-25T12:44:00Z,75.0,Sense
2025-03-25T12:44:05Z,82.0,Sense
2025-03-25T12:44:10Z,81.0,Sense
2025-03-25T12:44:20Z,78.0,Sense
2025-03-25T12:44:25Z,74.0,Sense
2025-03-25T12:44:30Z,70.0,Sense
2025-03-25T12:44:35Z,67.0,Sense
2025-03-25T12:44:40Z,67.0,Sense
2025-03-25T12:44:45Z,68.0,Sense
2025-03-25T12:44:50Z,67.0,Sense
2025-03-25T12:45:00Z,68.0,Sense
2025-03-25T12:45:05Z,71.0,Sense
2025-03-25T12:45:10Z,70.0,Sense
2025-03-25T12:45:15Z,69.0,Sense
2025-03-25T12:45:25Z,72.0,Sense
2025-03-25T12:45:30Z,74.0,Sense
2025-03-25T12:45:35Z,70.0,Sense
2025-03-25T12:45:40Z,67.0,Sense
2025-03-25T12:45:45Z,69.0,Sense
2025-03-25T12:45:50Z,71.0,Sense
2025-03-25T12:46:00Z,69.0,Sense
2025-03-25T12:46:10Z,68.0,Sense
2025-03-25T12:46:25Z,67.0,Sense
2025-03-25T12:46:30Z,67.0,Sense
2025-03-25T12:46:35Z,66.0,Sense
2025-03-25T12:46:50Z,65.0,Sense
2025-03-25T12:46:55Z,66.0,Sense
2025-03-25T12:47:10Z,66.0,Sense
2025-03-25T12:47:15Z,67.0,Sense
2025-03-25T12:47:20Z,70.0,Sense
2025-03-25T12:47:35Z,70.0,Sense
2025-03-25T12:47:50Z,70.0,Sense
2025-03-25T12:47:55Z,71.0,Sense
2025-03-25T12:48:00Z,69.0,Sense
2025-03-25T12:48:05Z,67.0,Sense
2025-03-25T12:48:10Z,65.0,Sense
2025-03-25T12:48:15Z,66.0,Sense
2025-03-25T12:48:20Z,69.0,Sense
2025-03-25T12:48:35Z,66.0,Sense
2025-03-25T12:48:40Z,67.0,Sense
2025-03-25T12:48:45Z,68.0,Sense
2025-03-25T12:48:55Z,71.0,Sense
2025-03-25T12:49:05Z,70.0,Sense
2025-03-25T12:49:10Z,69.0,Sense
2025-03-25T12:49:25Z,70.0,Sense
2025-03-25T12:49:35Z,71.0,Sense
2025-03-25T12:49:50Z,73.0,Sense
2025-03-25T12:49:55Z,74.0,Sense
2025-03-25T12:50:00Z,72.0,Sense
2025-03-25T12:50:05Z,69.0,Sense
2025-03-25T12:50:10Z,70.0,Sense
2025-03-25T12:50:15Z,73.0,Sense
2025-03-25T12:50:20Z,72.0,Sense
2025-03-25T12:50:30Z,71.0,Sense
2025-03-25T12:50:35Z,70.0,Sense
2025-03-25T12:50:40Z,72.0,Sense
2025-03-25T12:50:45Z,66.0,Sense
2025-03-25T12:50:50Z,64.0,Sense
2025-03-25T12:50:55Z,64.0,Sense
2025-03-25T12:51:10Z,64.0,Sense
2025-03-25T12:51:15Z,67.0,Sense
2025-03-25T12:51:20Z,65.0,Sense
2025-03-25T12:51:25Z,63.0,Sense
2025-03-25T12:51:30Z,62.0,Sense
2025-03-25T12:51:35Z,63.0,Sense
2025-03-25T12:51:50Z,64.0,Sense
2025-03-25T12:51:55Z,63.0,Sense
2025-03-25T12:52:05Z,65.0,Sense
2025-03-25T12:52:10Z,66.0,Sense
2025-03-25T12:52:20Z,63.0,Sense
2025-03-25T12:52:35Z,63.0,Sense
2025-03-25T12:52:45Z,64.0,Sense
2025-03-25T12:52:50Z,63.0,Sense
2025-03-25T12:52:55Z,62.0,Sense
2025-03-25T12:53:10Z,62.0,Sense
2025-03-25T12:53:25Z,63.0,Sense
2025-03-25T12:53:30Z,65.0,Sense
2025-03-25T12:53:35Z,66.0,Sense
2025-03-25T12:53:40Z,62.0,Sense
2025-03-25T12:53:50Z,65.0,Sense
2025-03-25T12:54:00Z,63.0,Sense
2025-03-25T12:54:10Z,64.0,Sense
2025-03-25T12:54:15Z,66.0,Sense
2025-03-25T12:54:20Z,69.0,Sense
2025-03-25T12:54:25Z,72.0,Sense
2025-03-25T12:54:30Z,73.0,Sense
2025-03-25T12:54:35Z,74.0,Sense
2025-03-25T12:54:40Z,72.0,Sense
2025-03-25T12:54:45Z,73.0,Sense
2025-03-25T12:54:50Z,71.0,Sense
2025-03-25T12:54:55Z,66.0,Sense
2025-03-25T12:55:00Z,64.0,Sense
2025-03-25T12:55:05Z,62.0,Sense
2025-03-25T12:55:10Z,63.0,Sense
2025-03-25T12:55:25Z,62.0,Sense
2025-03-25T12:55:30Z,63.0,Sense
2025-03-25T12:55:35Z,64.0,Sense
2025-03-25T12:55:40Z,63.0,Sense
2025-03-25T12:55:45Z,62.0,Sense
2025-03-25T12:55:50Z,61.0,Sense
2025-03-25T12:56:00Z,62.0,Sense
2025-03-25T12:56:05Z,63.0,Sense
2025-03-25T12:56:10Z,64.0,Sense
2025-03-25T12:56:15Z,63.0,Sense
2025-03-25T12:56:20Z,62.0,Sense
2025-03-25T12:56:30Z,65.0,Sense
2025-03-25T12:56:35Z,66.0,Sense
2025-03-25T12:56:45Z,64.0,Sense
2025-03-25T12:56:50Z,63.0,Sense
2025-03-25T12:56:55Z,63.0,Sense
2025-03-25T12:57:00Z,65.0,Sense
2025-03-25T12:57:10Z,64.0,Sense
2025-03-25T12:57:15Z,62.0,Sense
2025-03-25T12:57:30Z,62.0,Sense
2025-03-25T12:57:40Z,62.0,Sense
2025-03-25T12:57:45Z,62.0,Sense
2025-03-25T12:57:50Z,61.0,Sense
2025-03-25T12:58:05Z,62.0,Sense
2025-03-25T12:58:10Z,63.0,Sense
2025-03-25T12:58:15Z,66.0,Sense
2025-03-25T12:58:20Z,65.0,Sense
2025-03-25T12:58:30Z,64.0,Sense
2025-03-25T12:58:35Z,63.0,Sense
2025-03-25T12:58:40Z,61.0,Sense
2025-03-25T12:58:50Z,62.0,Sense
2025-03-25T12:58:55Z,62.0,Sense
2025-03-25T12:59:05Z,64.0,Sense
2025-03-25T12:59:10Z,68.0,Sense
2025-03-25T12:59:15Z,64.0,Sense
2025-03-25T12:59:20Z,67.0,Sense
2025-03-25T12:59:35Z,67.0,Sense
2025-03-25T12:59:50Z,71.0,Sense
2025-03-25T12:59:55Z,72.0,Sense
2025-03-25T13:00:00Z,71.0,Sense
2025-03-25T13:00:05Z,70.0,Sense
2025-03-25T13:00:10Z,69.0,Sense
2025-03-25T13:00:15Z,69.0,Sense
2025-03-25T13:00:20Z,68.0,Sense
2025-03-25T13:00:25Z,66.0,Sense
2025-03-25T13:00:30Z,65.0,Sense
2025-03-25T13:00:35Z,66.0,Sense
2025-03-25T13:00:50Z,65.0,Sense
2025-03-25T13:00:55Z,65.0,Sense
2025-03-25T13:01:00Z,64.0,Sense
2025-03-25T13:01:05Z,63.0,Sense
2025-03-25T13:01:10Z,63.0,Sense
2025-03-25T13:01:15Z,65.0,Sense
2025-03-25T13:01:20Z,65.0,Sense
2025-03-25T13:01:25Z,65.0,Sense
2025-03-25T13:01:35Z,64.0,Sense
2025-03-25T13:01:40Z,64.0,Sense
2025-03-25T13:01:50Z,63.0,Sense
2025-03-25T13:01:55Z,62.0,Sense
2025-03-25T13:02:05Z,63.0,Sense
2025-03-25T13:02:10Z,64.0,Sense
2025-03-25T13:02:15Z,64.0,Sense
2025-03-25T13:02:25Z,67.0,Sense
2025-03-25T13:02:30Z,66.0,Sense
2025-03-25T13:02:35Z,68.0,Sense
2025-03-25T13:02:40Z,69.0,Sense
2025-03-25T13:02:45Z,68.0,Sense
2025-03-25T13:02:55Z,66.0,Sense
2025-03-25T13:03:00Z,66.0,Sense
2025-03-25T13:03:05Z,65.0,Sense
2025-03-25T13:03:10Z,64.0,Sense
2025-03-25T13:03:25Z,64.0,Sense
2025-03-25T13:03:35Z,64.0,Sense
2025-03-25T13:03:45Z,66.0,Sense
2025-03-25T13:03:50Z,74.0,Sense
2025-03-25T13:03:55Z,75.0,Sense
2025-03-25T13:04:00Z,70.0,Sense
2025-03-25T13:04:05Z,66.0,Sense
2025-03-25T13:04:10Z,67.0,Sense
2025-03-25T13:04:15Z,67.0,Sense
2025-03-25T13:04:20Z,67.0,Sense
2025-03-25T13:04:25Z,65.0,Sense
2025-03-25T13:04:30Z,64.0,Sense
2025-03-25T13:04:45Z,65.0,Sense
2025-03-25T13:04:55Z,64.0,Sense
2025-03-25T13:05:00Z,64.0,Sense
2025-03-25T13:05:10Z,63.0,Sense
2025-03-25T13:05:15Z,64.0,Sense
2025-03-25T13:05:30Z,64.0,Sense
2025-03-25T13:05:40Z,65.0,Sense
2025-03-25T13:05:45Z,66.0,Sense
2025-03-25T13:05:50Z,67.0,Sense
2025-03-25T13:05:55Z,68.0,Sense
2025-03-25T13:06:05Z,69.0,Sense
2025-03-25T13:06:15Z,69.0,Sense
2025-03-25T13:06:20Z,68.0,Sense
2025-03-25T13:06:25Z,67.0,Sense
2025-03-25T13:06:35Z,66.0,Sense
2025-03-25T13:06:45Z,65.0,Sense
2025-03-25T13:06:50Z,66.0,Sense
2025-03-25T13:06:55Z,65.0,Sense
2025-03-25T13:07:00Z,65.0,Sense
2025-03-25T13:07:10Z,67.0,Sense
2025-03-25T13:07:20Z,66.0,Sense
2025-03-25T13:07:25Z,66.0,Sense
2025-03-25T13:07:30Z,66.0,Sense
2025-03-25T13:07:35Z,65.0,Sense
2025-03-25T13:07:45Z,63.0,Sense
2025-03-25T13:07:50Z,62.0,Sense
2025-03-25T13:08:00Z,61.0,Sense
2025-03-25T13:08:10Z,61.0,Sense
2025-03-25T13:08:20Z,68.0,Sense
2025-03-25T13:08:25Z,76.0,Sense
2025-03-25T13:08:30Z,81.0,Sense
2025-03-25T13:08:35Z,82.0,Sense
2025-03-25T13:08:40Z,83.0,Sense
2025-03-25T13:08:45Z,82.0,Sense
2025-03-25T13:08:55Z,81.0,Sense
2025-03-25T13:09:00Z,82.0,Sense
2025-03-25T13:09:09Z,81.0,Sense
2025-03-25T13:09:19Z,80.0,Sense
2025-03-25T13:09:24Z,80.0,Sense
2025-03-25T13:09:29Z,83.0,Sense
2025-03-25T13:09:34Z,85.0,Sense
2025-03-25T13:09:39Z,86.0,Sense
2025-03-25T13:09:44Z,81.0,Sense
2025-03-25T13:09:49Z,78.0,Sense
2025-03-25T13:09:54Z,76.0,Sense
2025-03-25T13:09:59Z,74.0,Sense
2025-03-25T13:10:09Z,73.0,Sense
2025-03-25T13:10:19Z,75.0,Sense
2025-03-25T13:10:24Z,78.0,Sense
2025-03-25T13:10:29Z,80.0,Sense
2025-03-25T13:10:39Z,79.0,Sense
2025-03-25T13:10:44Z,77.0,Sense
2025-03-25T13:10:54Z,78.0,Sense
2025-03-25T13:10:59Z,76.0,Sense
2025-03-25T13:11:04Z,77.0,Sense
2025-03-25T13:11:09Z,78.0,Sense
2025-03-25T13:11:24Z,78.0,Sense
2025-03-25T13:11:34Z,80.0,Sense
2025-03-25T13:11:39Z,79.0,Sense
2025-03-25T13:11:44Z,77.0,Sense
2025-03-25T13:11:49Z,74.0,Sense
2025-03-25T13:11:59Z,73.0,Sense
2025-03-25T13:12:04Z,78.0,Sense
2025-03-25T13:12:09Z,78.0,Sense
2025-03-25T13:12:14Z,79.0,Sense
2025-03-25T13:12:24Z,78.0,Sense
2025-03-25T13:12:39Z,78.0,Sense
2025-03-25T13:12:49Z,76.0,Sense
2025-03-25T13:12:54Z,73.0,Sense
2025-03-25T13:12:59Z,75.0,Sense
2025-03-25T13:13:09Z,74.0,Sense
2025-03-25T13:13:19Z,73.0,Sense
2025-03-25T13:13:24Z,74.0,Sense
2025-03-25T13:13:29Z,75.0,Sense
2025-03-25T13:13:34Z,76.0,Sense
2025-03-25T13:13:39Z,77.0,Sense
2025-03-25T13:13:44Z,80.0,Sense
2025-03-25T13:13:49Z,81.0,Sense
2025-03-25T13:13:54Z,79.0,Sense
2025-03-25T13:13:59Z,77.0,Sense
2025-03-25T13:14:04Z,79.0,Sense
2025-03-25T13:14:19Z,78.0,Sense
2025-03-25T13:14:24Z,77.0,Sense
2025-03-25T13:14:34Z,80.0,Sense
2025-03-25T13:14:39Z,81.0,Sense
2025-03-25T13:40:24Z,78.0,Sense
2025-03-25T13:40:29Z,77.0,Sense
2025-03-25T13:40:34Z,76.0,Sense
2025-03-25T13:40:39Z,78.0,Sense
2025-03-25T13:40:44Z,84.0,Sense
2025-03-25T13:40:49Z,77.0,Sense
2025-03-25T13:40:54Z,79.0,Sense
2025-03-25T13:40:59Z,82.0,Sense
2025-03-25T13:41:04Z,85.0,Sense
2025-03-25T13:41:09Z,84.0,Sense
2025-03-25T13:41:14Z,82.0,Sense
2025-03-25T13:41:19Z,81.0,Sense
2025-03-25T13:41:24Z,77.0,Sense
2025-03-25T13:41:29Z,75.0,Sense
2025-03-25T13:41:34Z,76.0,Sense
2025-03-25T13:41:44Z,75.0,Sense
2025-03-25T13:41:49Z,73.0,Sense
2025-03-25T13:41:59Z,75.0,Sense
2025-03-25T13:42:09Z,78.0,Sense
2025-03-25T13:42:14Z,79.0,Sense
2025-03-25T13:42:19Z,80.0,Sense
2025-03-25T13:42:24Z,79.0,Sense
2025-03-25T13:42:29Z,75.0,Sense
2025-03-25T13:42:34Z,73.0,Sense
2025-03-25T13:42:39Z,78.0,Sense
2025-03-25T13:42:44Z,79.0,Sense
2025-03-25T13:42:49Z,80.0,Sense
2025-03-25T13:42:54Z,81.0,Sense
2025-03-25T13:42:59Z,83.0,Sense
2025-03-25T13:43:09Z,85.0,Sense
2025-03-25T13:43:14Z,83.0,Sense
2025-03-25T13:43:19Z,81.0,Sense
2025-03-25T13:43:24Z,79.0,Sense
2025-03-25T13:43:34Z,78.0,Sense
2025-03-25T13:43:49Z,77.0,Sense
2025-03-25T13:43:54Z,78.0,Sense
2025-03-25T13:43:59Z,79.0,Sense
2025-03-25T13:44:04Z,83.0,Sense
2025-03-25T13:44:09Z,83.0,Sense
2025-03-25T13:44:19Z,85.0,Sense
2025-03-25T13:44:24Z,86.0,Sense
2025-03-25T13:44:29Z,86.0,Sense
2025-03-25T13:44:34Z,85.0,Sense
2025-03-25T13:44:49Z,86.0,Sense
2025-03-25T13:44:54Z,85.0,Sense
2025-03-25T13:45:04Z,86.0,Sense
2025-03-25T13:45:09Z,85.0,Sense
2025-03-25T13:45:14Z,84.0,Sense
2025-03-25T13:45:29Z,83.0,Sense
2025-03-25T13:45:34Z,81.0,Sense
2025-03-25T13:45:39Z,80.0,Sense
2025-03-25T13:45:54Z,79.0,Sense
2025-03-25T13:45:59Z,80.0,Sense
2025-03-25T13:46:04Z,85.0,Sense
2025-03-25T13:46:09Z,82.0,Sense
2025-03-25T13:46:14Z,87.0,Sense
2025-03-25T13:46:19Z,84.0,Sense
2025-03-25T13:46:24Z,85.0,Sense
2025-03-25T13:46:29Z,83.0,Sense
2025-03-25T13:46:34Z,85.0,Sense
2025-03-25T13:46:39Z,86.0,Sense
2025-03-25T13:46:44Z,87.0,Sense
2025-03-25T13:46:49Z,84.0,Sense
2025-03-25T13:46:54Z,85.0,Sense
2025-03-25T13:46:59Z,82.0,Sense
2025-03-25T13:47:04Z,81.0,Sense
2025-03-25T13:47:09Z,80.0,Sense
2025-03-25T13:47:14Z,80.0,Sense
2025-03-25T13:47:19Z,80.0,Sense
2025-03-25T13:47:29Z,81.0,Sense
2025-03-25T13:47:34Z,83.0,Sense
2025-03-25T13:47:39Z,84.0,Sense
2025-03-25T13:47:44Z,81.0,Sense
2025-03-25T13:47:49Z,78.0,Sense
2025-03-25T13:47:54Z,79.0,Sense
2025-03-25T13:47:59Z,80.0,Sense
2025-03-25T13:48:14Z,79.0,Sense
2025-03-25T13:48:19Z,77.0,Sense
2025-03-25T13:48:29Z,76.0,Sense
2025-03-25T13:48:34Z,78.0,Sense
2025-03-25T13:48:39Z,78.0,Sense
2025-03-25T13:48:44Z,79.0,Sense
2025-03-25T13:48:54Z,78.0,Sense
2025-03-25T13:48:59Z,77.0,Sense
2025-03-25T13:49:04Z,77.0,Sense
2025-03-25T13:49:09Z,76.0,Sense
2025-03-25T13:49:14Z,78.0,Sense
2025-03-25T13:49:19Z,82.0,Sense
2025-03-25T13:49:29Z,83.0,Sense
2025-03-25T13:49:34Z,82.0,Sense
2025-03-25T13:49:39Z,83.0,Sense
2025-03-25T13:49:44Z,82.0,Sense
2025-03-25T13:49:54Z,83.0,Sense
2025-03-25T13:49:59Z,84.0,Sense
2025-03-25T13:50:09Z,83.0,Sense
2025-03-25T13:50:14Z,83.0,Sense
2025-03-25T13:50:19Z,82.0,Sense
2025-03-25T13:50:29Z,81.0,Sense
2025-03-25T13:50:34Z,81.0,Sense
2025-03-25T13:50:49Z,81.0,Sense
2025-03-25T13:50:54Z,82.0,Sense
2025-03-25T13:50:59Z,82.0,Sense
2025-03-25T13:51:09Z,80.0,Sense
2025-03-25T13:51:14Z,77.0,Sense
2025-03-25T13:51:19Z,78.0,Sense
2025-03-25T13:51:29Z,78.0,Sense
2025-03-25T13:51:34Z,80.0,Sense
2025-03-25T13:51:39Z,82.0,Sense
2025-03-25T13:51:44Z,83.0,Sense
2025-03-25T13:51:49Z,82.0,Sense
2025-03-25T13:51:54Z,81.0,Sense
2025-03-25T13:52:09Z,80.0,Sense
2025-03-25T13:52:14Z,79.0,Sense
2025-03-25T13:52:19Z,79.0,Sense
2025-03-25T13:52:24Z,80.0,Sense
2025-03-25T13:52:34Z,81.0,Sense
2025-03-25T13:52:39Z,80.0,Sense
2025-03-25T13:52:44Z,79.0,Sense
2025-03-25T13:52:49Z,76.0,Sense
2025-03-25T13:52:54Z,75.0,Sense
2025-03-25T13:52:59Z,74.0,Sense
2025-03-25T13:53:04Z,74.0,Sense
2025-03-25T13:53:09Z,75.0,Sense
2025-03-25T13:53:14Z,76.0,Sense
2025-03-25T13:53:19Z,77.0,Sense
2025-03-25T13:53:24Z,78.0,Sense
2025-03-25T13:53:39Z,78.0,Sense
2025-03-25T13:53:54Z,78.0,Sense
2025-03-25T13:53:59Z,77.0,Sense
2025-03-25T13:54:14Z,78.0,Sense
2025-03-25T13:54:19Z,79.0,Sense
2025-03-25T13:54:24Z,81.0,Sense
2025-03-25T13:54:29Z,84.0,Sense
2025-03-25T13:54:34Z,85.0,Sense
2025-03-25T13:54:39Z,84.0,Sense
2025-03-25T13:54:44Z,82.0,Sense
2025-03-25T13:54:49Z,80.0,Sense
2025-03-25T13:54:54Z,79.0,Sense
2025-03-25T13:55:04Z,79.0,Sense
2025-03-25T13:55:09Z,79.0,Sense
2025-03-25T13:55:14Z,80.0,Sense
2025-03-25T13:55:19Z,79.0,Sense
2025-03-25T13:55:24Z,80.0,Sense
2025-03-25T13:55:29Z,83.0,Sense
2025-03-25T13:55:34Z,85.0,Sense
2025-03-25T13:55:44Z,87.0,Sense
2025-03-25T13:55:49Z,86.0,Sense
2025-03-25T13:55:54Z,84.0,Sense
2025-03-25T13:55:59Z,83.0,Sense
2025-03-25T13:56:04Z,83.0,Sense
2025-03-25T13:56:09Z,84.0,Sense
2025-03-25T13:56:14Z,85.0,Sense
2025-03-25T13:56:19Z,86.0,Sense
2025-03-25T13:56:24Z,87.0,Sense
2025-03-25T13:56:29Z,87.0,Sense
2025-03-25T13:56:34Z,87.0,Sense
2025-03-25T13:56:39Z,85.0,Sense
2025-03-25T13:56:44Z,86.0,Sense
2025-03-25T13:56:49Z,88.0,Sense
2025-03-25T13:56:54Z,87.0,Sense
2025-03-25T13:57:04Z,86.0,Sense
2025-03-25T13:57:19Z,86.0,Sense
2025-03-25T13:57:24Z,85.0,Sense
2025-03-25T13:57:29Z,84.0,Sense
2025-03-25T13:57:34Z,82.0,Sense
2025-03-25T13:57:39Z,81.0,Sense
2025-03-25T13:57:44Z,80.0,Sense
2025-03-25T13:57:49Z,79.0,Sense
2025-03-25T13:57:54Z,79.0,Sense
2025-03-25T13:57:59Z,81.0,Sense
2025-03-25T13:58:04Z,82.0,Sense
2025-03-25T13:58:09Z,83.0,Sense
2025-03-25T13:58:19Z,81.0,Sense
2025-03-25T13:58:34Z,82.0,Sense
2025-03-25T13:58:39Z,81.0,Sense
2025-03-25T13:58:44Z,82.0,Sense
2025-03-25T13:58:49Z,81.0,Sense
2025-03-25T13:58:54Z,82.0,Sense
2025-03-25T13:59:09Z,83.0,Sense
2025-03-25T13:59:14Z,85.0,Sense
2025-03-25T13:59:24Z,86.0,Sense
2025-03-25T13:59:34Z,88.0,Sense
2025-03-25T13:59:39Z,87.0,Sense
2025-03-25T13:59:44Z,86.0,Sense
2025-03-25T13:59:54Z,83.0,Sense
2025-03-25T13:59:59Z,83.0,Sense
2025-03-25T14:00:04Z,80.0,Sense
2025-03-25T14:00:09Z,78.0,Sense
2025-03-25T14:00:14Z,77.0,Sense
2025-03-25T14:00:19Z,77.0,Sense
2025-03-25T14:00:24Z,77.0,Sense
2025-03-25T14:00:29Z,76.0,Sense
2025-03-25T14:00:39Z,75.0,Sense
2025-03-25T14:00:44Z,77.0,Sense
2025-03-25T14:00:51Z,77.0,Sense
2025-03-25T14:00:56Z,76.0,Sense
2025-03-25T14:01:01Z,75.0,Sense
2025-03-25T14:01:06Z,71.0,Sense
2025-03-25T14:01:11Z,69.0,Sense
2025-03-25T14:01:16Z,70.0,Sense
2025-03-25T14:01:21Z,71.0,Sense
2025-03-25T14:01:26Z,73.0,Sense
2025-03-25T14:01:31Z,74.0,Sense
2025-03-25T14:01:41Z,76.0,Sense
2025-03-25T14:01:46Z,78.0,Sense
2025-03-25T14:01:56Z,82.0,Sense
2025-03-25T14:02:01Z,83.0,Sense
2025-03-25T14:02:06Z,84.0,Sense
2025-03-25T14:02:11Z,82.0,Sense
2025-03-25T14:02:16Z,79.0,Sense
2025-03-25T14:02:21Z,74.0,Sense
2025-03-25T14:02:26Z,70.0,Sense
2025-03-25T14:02:36Z,73.0,Sense
2025-03-25T14:02:41Z,73.0,Sense
2025-03-25T14:02:46Z,70.0,Sense
2025-03-25T14:03:01Z,71.0,Sense
2025-03-25T14:03:06Z,72.0,Sense
2025-03-25T14:03:11Z,73.0,Sense
2025-03-25T14:03:16Z,78.0,Sense
2025-03-25T14:03:21Z,76.0,Sense
2025-03-25T14:03:26Z,73.0,Sense
2025-03-25T14:03:31Z,73.0,Sense
2025-03-25T14:03:36Z,72.0,Sense
2025-03-25T14:03:41Z,71.0,Sense
2025-03-25T14:03:56Z,72.0,Sense
2025-03-25T14:04:11Z,72.0,Sense
2025-03-25T14:04:21Z,71.0,Sense
2025-03-25T14:04:26Z,68.0,Sense
2025-03-25T14:04:31Z,69.0,Sense
2025-03-25T14:04:36Z,70.0,Sense
2025-03-25T14:04:41Z,71.0,Sense
2025-03-25T14:04:51Z,72.0,Sense
2025-03-25T14:05:06Z,71.0,Sense
2025-03-25T14:05:16Z,71.0,Sense
2025-03-25T14:05:21Z,72.0,Sense
2025-03-25T14:05:26Z,74.0,Sense
2025-03-25T14:05:31Z,77.0,Sense
2025-03-25T14:05:41Z,73.0,Sense
2025-03-25T14:05:46Z,72.0,Sense
2025-03-25T14:05:51Z,73.0,Sense
2025-03-25T14:05:56Z,75.0,Sense
2025-03-25T14:06:01Z,75.0,Sense
2025-03-25T14:06:16Z,75.0,Sense
2025-03-25T14:06:26Z,74.0,Sense
2025-03-25T14:06:31Z,73.0,Sense
2025-03-25T14:06:36Z,73.0,Sense
2025-03-25T14:06:41Z,73.0,Sense
2025-03-25T14:06:51Z,73.0,Sense
2025-03-25T14:06:56Z,71.0,Sense
2025-03-25T14:07:06Z,70.0,Sense
2025-03-25T14:07:11Z,70.0,Sense
2025-03-25T14:07:21Z,72.0,Sense
2025-03-25T14:07:26Z,73.0,Sense
2025-03-25T14:07:31Z,72.0,Sense
2025-03-25T14:07:36Z,70.0,Sense
2025-03-25T14:07:41Z,71.0,Sense
2025-03-25T14:07:46Z,74.0,Sense
2025-03-25T14:07:51Z,74.0,Sense
2025-03-25T14:07:56Z,71.0,Sense
2025-03-25T14:08:06Z,73.0,Sense
2025-03-25T14:08:11Z,76.0,Sense
2025-03-25T14:08:16Z,74.0,Sense
2025-03-25T14:08:21Z,72.0,Sense
2025-03-25T14:08:26Z,70.0,Sense
2025-03-25T14:08:31Z,71.0,Sense
2025-03-25T14:08:36Z,73.0,Sense
2025-03-25T14:08:41Z,72.0,Sense
2025-03-25T14:08:51Z,73.0,Sense
2025-03-25T14:08:56Z,72.0,Sense
2025-03-25T14:09:11Z,72.0,Sense
2025-03-25T14:09:16Z,71.0,Sense
2025-03-25T14:09:31Z,70.0,Sense
2025-03-25T14:09:41Z,70.0,Sense
2025-03-25T14:09:51Z,73.0,Sense
2025-03-25T14:09:56Z,74.0,Sense
2025-03-25T14:10:01Z,72.0,Sense
2025-03-25T14:10:16Z,72.0,Sense
2025-03-25T14:10:21Z,73.0,Sense
2025-03-25T14:10:26Z,74.0,Sense
2025-03-25T14:10:31Z,76.0,Sense
2025-03-25T14:10:36Z,77.0,Sense
2025-03-25T14:10:41Z,78.0,Sense
2025-03-25T14:10:46Z,78.0,Sense
2025-03-25T14:10:51Z,77.0,Sense
2025-03-25T14:10:56Z,75.0,Sense
2025-03-25T14:11:01Z,72.0,Sense
2025-03-25T14:11:06Z,70.0,Sense
2025-03-25T14:11:11Z,72.0,Sense
2025-03-25T14:11:16Z,73.0,Sense
2025-03-25T14:11:21Z,74.0,Sense
2025-03-25T14:11:31Z,75.0,Sense
2025-03-25T14:11:41Z,77.0,Sense
2025-03-25T14:11:46Z,78.0,Sense
2025-03-25T14:11:51Z,80.0,Sense
2025-03-25T14:11:56Z,83.0,Sense
2025-03-25T14:12:06Z,84.0,Sense
2025-03-25T14:12:21Z,84.0,Sense
2025-03-25T14:12:26Z,86.0,Sense
2025-03-25T14:12:31Z,84.0,Sense
2025-03-25T14:12:36Z,81.0,Sense
2025-03-25T14:12:41Z,78.0,Sense
2025-03-25T14:12:46Z,76.0,Sense
2025-03-25T14:12:51Z,78.0,Sense
2025-03-25T14:13:01Z,80.0,Sense
2025-03-25T14:13:11Z,78.0,Sense
2025-03-25T14:13:16Z,77.0,Sense
2025-03-25T14:13:21Z,76.0,Sense
2025-03-25T14:13:26Z,78.0,Sense
2025-03-25T14:13:36Z,78.0,Sense
2025-03-25T14:13:46Z,78.0,Sense
2025-03-25T14:13:51Z,77.0,Sense
2025-03-25T14:13:56Z,76.0,Sense
2025-03-25T14:14:11Z,76.0,Sense
2025-03-25T14:14:21Z,75.0,Sense
2025-03-25T14:14:26Z,76.0,Sense
2025-03-25T14:14:36Z,75.0,Sense
2025-03-25T14:14:41Z,78.0,Sense
2025-03-25T14:14:46Z,79.0,Sense
2025-03-25T14:14:51Z,77.0,Sense
2025-03-25T14:14:56Z,75.0,Sense
2025-03-25T14:15:01Z,74.0,Sense
2025-03-25T14:15:16Z,75.0,Sense
2025-03-25T14:15:21Z,78.0,Sense
2025-03-25T14:15:26Z,81.0,Sense
2025-03-25T14:15:31Z,79.0,Sense
2025-03-25T14:15:36Z,77.0,Sense
2025-03-25T14:15:41Z,77.0,Sense
2025-03-25T14:15:46Z,76.0,Sense
2025-03-25T14:16:01Z,76.0,Sense
2025-03-25T14:16:06Z,78.0,Sense
2025-03-25T14:16:11Z,83.0,Sense
2025-03-25T14:16:16Z,78.0,Sense
2025-03-25T14:16:21Z,76.0,Sense
2025-03-25T14:16:26Z,76.0,Sense
2025-03-25T14:16:31Z,74.0,Sense
2025-03-25T14:16:41Z,75.0,Sense
2025-03-25T14:16:56Z,75.0,Sense
2025-03-25T14:17:11Z,75.0,Sense
2025-03-25T14:17:16Z,76.0,Sense
2025-03-25T14:17:21Z,77.0,Sense
2025-03-25T14:17:36Z,77.0,Sense
2025-03-25T14:17:41Z,78.0,Sense
2025-03-25T14:17:46Z,80.0,Sense
2025-03-25T14:17:56Z,80.0,Sense
2025-03-25T14:18:11Z,80.0,Sense
2025-03-25T14:18:21Z,80.0,Sense
2025-03-25T14:18:26Z,79.0,Sense
2025-03-25T14:18:31Z,79.0,Sense
2025-03-25T14:18:36Z,79.0,Sense
2025-03-25T14:18:41Z,78.0,Sense
2025-03-25T14:18:46Z,77.0,Sense
2025-03-25T14:18:51Z,76.0,Sense
2025-03-25T14:19:06Z,76.0,Sense
2025-03-25T14:19:16Z,75.0,Sense
2025-03-25T14:19:31Z,71.0,Sense
2025-03-25T14:19:36Z,67.0,Sense
2025-03-25T14:19:41Z,73.0,Sense
2025-03-25T14:19:46Z,76.0,Sense
2025-03-25T14:19:51Z,77.0,Sense
2025-03-25T14:19:56Z,76.0,Sense
2025-03-25T14:20:01Z,78.0,Sense
2025-03-25T14:20:06Z,77.0,Sense
2025-03-25T14:20:11Z,76.0,Sense
2025-03-25T14:20:16Z,75.0,Sense
2025-03-25T14:20:21Z,74.0,Sense
2025-03-25T14:20:26Z,72.0,Sense
2025-03-25T14:20:31Z,73.0,Sense
2025-03-25T14:20:41Z,76.0,Sense
2025-03-25T14:20:46Z,80.0,Sense
2025-03-25T14:20:51Z,78.0,Sense
2025-03-25T14:20:56Z,74.0,Sense
2025-03-25T14:21:01Z,75.0,Sense
2025-03-25T14:21:06Z,77.0,Sense
2025-03-25T14:21:11Z,77.0,Sense
2025-03-25T14:21:16Z,74.0,Sense
2025-03-25T14:21:21Z,75.0,Sense
2025-03-25T14:21:26Z,82.0,Sense
2025-03-25T14:21:31Z,84.0,Sense
2025-03-25T14:21:36Z,81.0,Sense
2025-03-25T14:21:41Z,76.0,Sense
2025-03-25T14:21:46Z,78.0,Sense
2025-03-25T14:21:51Z,77.0,Sense
2025-03-25T14:21:56Z,77.0,Sense
2025-03-25T14:22:01Z,76.0,Sense
2025-03-25T14:22:06Z,75.0,Sense
2025-03-25T14:22:21Z,75.0,Sense
2025-03-25T14:22:26Z,76.0,Sense
2025-03-25T14:22:31Z,77.0,Sense
2025-03-25T14:22:36Z,79.0,Sense
2025-03-25T14:22:41Z,81.0,Sense
2025-03-25T14:22:46Z,80.0,Sense
2025-03-25T14:22:51Z,79.0,Sense
2025-03-25T14:22:56Z,79.0,Sense
2025-03-25T14:23:01Z,78.0,Sense
2025-03-25T14:23:11Z,80.0,Sense
2025-03-25T14:23:16Z,80.0,Sense
2025-03-25T14:23:21Z,80.0,Sense
2025-03-25T14:23:36Z,79.0,Sense
2025-03-25T14:23:41Z,77.0,Sense
2025-03-25T14:23:46Z,78.0,Sense
2025-03-25T14:23:51Z,78.0,Sense
2025-03-25T14:23:56Z,78.0,Sense
2025-03-25T14:24:01Z,79.0,Sense
2025-03-25T14:24:06Z,77.0,Sense
2025-03-25T14:24:11Z,76.0,Sense
2025-03-25T14:24:16Z,76.0,Sense
2025-03-25T14:24:21Z,77.0,Sense
2025-03-25T14:24:26Z,77.0,Sense
2025-03-25T14:24:41Z,75.0,Sense
2025-03-25T14:24:46Z,73.0,Sense
2025-03-25T14:24:51Z,73.0,Sense
2025-03-25T14:25:06Z,74.0,Sense
2025-03-25T14:25:16Z,77.0,Sense
2025-03-25T14:25:21Z,86.0,Sense
2025-03-25T14:25:26Z,90.0,Sense
2025-03-25T14:25:31Z,91.0,Sense
2025-03-25T14:25:36Z,92.0,Sense
2025-03-25T14:25:41Z,91.0,Sense
2025-03-25T14:25:46Z,93.0,Sense
2025-03-25T14:25:56Z,92.0,Sense
2025-03-25T14:26:06Z,91.0,Sense
2025-03-25T14:26:11Z,90.0,Sense
2025-03-25T14:26:16Z,87.0,Sense
2025-03-25T14:26:21Z,82.0,Sense
2025-03-25T14:26:26Z,81.0,Sense
2025-03-25T14:26:31Z,78.0,Sense
2025-03-25T14:26:36Z,77.0,Sense
2025-03-25T14:26:51Z,77.0,Sense
2025-03-25T14:26:56Z,76.0,Sense
2025-03-25T14:27:11Z,77.0,Sense
2025-03-25T14:27:16Z,76.0,Sense
2025-03-25T14:27:21Z,75.0,Sense
2025-03-25T14:27:26Z,74.0,Sense
2025-03-25T14:27:31Z,75.0,Sense
2025-03-25T14:27:41Z,75.0,Sense
2025-03-25T14:27:46Z,76.0,Sense
2025-03-25T14:27:51Z,80.0,Sense
2025-03-25T14:27:56Z,82.0,Sense
2025-03-25T14:28:01Z,84.0,Sense
2025-03-25T14:28:11Z,81.0,Sense
2025-03-25T14:28:16Z,79.0,Sense
2025-03-25T14:28:21Z,77.0,Sense
2025-03-25T14:28:26Z,75.0,Sense
2025-03-25T14:28:36Z,76.0,Sense
2025-03-25T14:28:41Z,78.0,Sense
2025-03-25T14:28:46Z,76.0,Sense
2025-03-25T14:28:51Z,75.0,Sense
2025-03-25T14:28:56Z,76.0,Sense
2025-03-25T14:29:06Z,74.0,Sense
2025-03-25T14:29:11Z,73.0,Sense
2025-03-25T14:29:16Z,74.0,Sense
2025-03-25T14:29:26Z,75.0,Sense
2025-03-25T14:29:31Z,74.0,Sense
2025-03-25T14:29:36Z,75.0,Sense
2025-03-25T14:29:41Z,74.0,Sense
2025-03-25T14:29:46Z,71.0,Sense
2025-03-25T14:29:51Z,72.0,Sense
2025-03-25T14:30:06Z,76.0,Sense
2025-03-25T14:30:11Z,78.0,Sense
2025-03-25T14:30:16Z,79.0,Sense
2025-03-25T14:30:21Z,78.0,Sense
2025-03-25T14:30:26Z,79.0,Sense
2025-03-25T14:30:41Z,77.0,Sense
2025-03-25T14:30:46Z,76.0,Sense
2025-03-25T14:30:51Z,75.0,Sense
2025-03-25T14:31:01Z,75.0,Sense
2025-03-25T14:31:11Z,76.0,Sense
2025-03-25T14:31:16Z,79.0,Sense
2025-03-25T14:31:21Z,79.0,Sense
2025-03-25T14:31:26Z,76.0,Sense
2025-03-25T14:31:31Z,74.0,Sense
2025-03-25T14:31:41Z,73.0,Sense
2025-03-25T14:31:46Z,74.0,Sense
2025-03-25T14:31:56Z,74.0,Sense
2025-03-25T14:32:01Z,77.0,Sense
2025-03-25T14:32:11Z,75.0,Sense
2025-03-25T14:32:16Z,73.0,Sense
2025-03-25T14:32:21Z,72.0,Sense
2025-03-25T14:32:31Z,73.0,Sense
2025-03-25T14:32:36Z,76.0,Sense
2025-03-25T14:32:41Z,77.0,Sense
2025-03-25T14:32:51Z,80.0,Sense
2025-03-25T14:33:01Z,79.0,Sense
2025-03-25T14:33:06Z,77.0,Sense
2025-03-25T14:33:11Z,74.0,Sense
2025-03-25T14:33:16Z,73.0,Sense
2025-03-25T14:33:21Z,74.0,Sense
2025-03-25T14:33:26Z,75.0,Sense
2025-03-25T14:33:31Z,74.0,Sense
2025-03-25T14:33:36Z,75.0,Sense
2025-03-25T14:33:41Z,75.0,Sense
2025-03-25T14:33:46Z,76.0,Sense
2025-03-25T14:33:51Z,76.0,Sense
2025-03-25T14:33:56Z,76.0,Sense
2025-03-25T14:34:06Z,76.0,Sense
2025-03-25T14:34:16Z,76.0,Sense
2025-03-25T14:34:31Z,76.0,Sense
2025-03-25T14:34:46Z,76.0,Sense
2025-03-25T14:34:51Z,76.0,Sense
2025-03-25T14:35:01Z,78.0,Sense
2025-03-25T14:35:06Z,79.0,Sense
2025-03-25T14:35:16Z,77.0,Sense
2025-03-25T14:35:21Z,72.0,Sense
2025-03-25T14:35:36Z,75.0,Sense
2025-03-25T14:35:41Z,73.0,Sense
2025-03-25T14:35:46Z,72.0,Sense
2025-03-25T14:35:51Z,73.0,Sense
2025-03-25T14:35:56Z,72.0,Sense
2025-03-25T14:36:01Z,71.0,Sense
2025-03-25T14:36:06Z,73.0,Sense
2025-03-25T14:36:11Z,72.0,Sense
2025-03-25T14:36:16Z,72.0,Sense
2025-03-25T14:36:26Z,71.0,Sense
2025-03-25T14:36:31Z,69.0,Sense
2025-03-25T14:36:36Z,73.0,Sense
2025-03-25T14:36:41Z,75.0,Sense
2025-03-25T14:36:51Z,74.0,Sense
2025-03-25T14:36:56Z,74.0,Sense
2025-03-25T14:37:01Z,75.0,Sense
2025-03-25T14:37:11Z,74.0,Sense
2025-03-25T14:37:16Z,75.0,Sense
2025-03-25T14:37:21Z,76.0,Sense
2025-03-25T14:37:31Z,71.0,Sense
2025-03-25T14:37:41Z,76.0,Sense
2025-03-25T14:37:46Z,73.0,Sense
2025-03-25T14:37:51Z,71.0,Sense
2025-03-25T14:37:56Z,72.0,Sense
2025-03-25T14:38:06Z,72.0,Sense
2025-03-25T14:38:11Z,73.0,Sense
2025-03-25T14:38:16Z,71.0,Sense
2025-03-25T14:38:21Z,70.0,Sense
2025-03-25T14:38:26Z,72.0,Sense
2025-03-25T14:38:31Z,73.0,Sense
2025-03-25T14:38:36Z,77.0,Sense
2025-03-25T14:38:41Z,78.0,Sense
2025-03-25T14:38:46Z,79.0,Sense
2025-03-25T14:38:51Z,80.0,Sense
2025-03-25T14:38:56Z,81.0,Sense
2025-03-25T14:39:06Z,80.0,Sense
2025-03-25T14:39:16Z,83.0,Sense
2025-03-25T14:39:21Z,82.0,Sense
2025-03-25T14:39:26Z,85.0,Sense
2025-03-25T14:39:36Z,82.0,Sense
2025-03-25T14:39:41Z,82.0,Sense
2025-03-25T14:39:46Z,77.0,Sense
2025-03-25T14:39:51Z,74.0,Sense
2025-03-25T14:39:56Z,73.0,Sense
2025-03-25T14:40:01Z,70.0,Sense
2025-03-25T14:40:06Z,69.0,Sense
2025-03-25T14:40:11Z,71.0,Sense
2025-03-25T14:40:16Z,73.0,Sense
2025-03-25T14:40:21Z,74.0,Sense
2025-03-25T14:40:31Z,75.0,Sense
2025-03-25T14:40:36Z,75.0,Sense
2025-03-25T14:40:41Z,73.0,Sense
2025-03-25T14:40:46Z,74.0,Sense
2025-03-25T14:40:51Z,75.0,Sense
2025-03-25T14:40:56Z,74.0,Sense
2025-03-25T14:41:01Z,75.0,Sense
2025-03-25T14:41:11Z,75.0,Sense
2025-03-25T14:41:16Z,76.0,Sense
2025-03-25T14:41:26Z,78.0,Sense
2025-03-25T14:41:31Z,78.0,Sense
2025-03-25T14:41:36Z,74.0,Sense
2025-03-25T14:41:41Z,70.0,Sense
2025-03-25T14:41:46Z,69.0,Sense
2025-03-25T14:41:51Z,72.0,Sense
2025-03-25T14:41:56Z,70.0,Sense
2025-03-25T14:42:01Z,69.0,Sense
2025-03-25T14:42:11Z,73.0,Sense
2025-03-25T14:42:21Z,73.0,Sense
2025-03-25T14:42:26Z,74.0,Sense
2025-03-25T14:42:31Z,71.0,Sense
2025-03-25T14:42:36Z,72.0,Sense
2025-03-25T14:42:41Z,72.0,Sense
2025-03-25T14:42:46Z,70.0,Sense
2025-03-25T14:42:56Z,73.0,Sense
2025-03-25T14:43:01Z,74.0,Sense
2025-03-25T14:43:06Z,76.0,Sense
2025-03-25T14:43:11Z,77.0,Sense
2025-03-25T14:43:16Z,78.0,Sense
2025-03-25T14:43:31Z,80.0,Sense
2025-03-25T14:43:36Z,77.0,Sense
2025-03-25T14:43:41Z,78.0,Sense
2025-03-25T14:43:46Z,74.0,Sense
2025-03-25T14:43:51Z,75.0,Sense
2025-03-25T14:43:56Z,74.0,Sense
2025-03-25T14:44:01Z,73.0,Sense
2025-03-25T14:44:06Z,70.0,Sense
2025-03-25T14:44:16Z,70.0,Sense
2025-03-25T14:44:21Z,72.0,Sense
2025-03-25T14:44:26Z,75.0,Sense
2025-03-25T14:44:31Z,80.0,Sense
2025-03-25T14:44:36Z,79.0,Sense
2025-03-25T14:44:41Z,77.0,Sense
2025-03-25T14:44:46Z,75.0,Sense
2025-03-25T14:44:51Z,72.0,Sense
2025-03-25T14:44:56Z,69.0,Sense
2025-03-25T14:45:01Z,70.0,Sense
2025-03-25T14:45:06Z,70.0,Sense
2025-03-25T14:45:11Z,71.0,Sense
2025-03-25T14:45:26Z,71.0,Sense
2025-03-25T14:45:31Z,74.0,Sense
2025-03-25T14:45:36Z,73.0,Sense
2025-03-25T14:45:41Z,73.0,Sense
2025-03-25T14:45:46Z,72.0,Sense
2025-03-25T14:45:51Z,71.0,Sense
2025-03-25T14:45:56Z,71.0,Sense
2025-03-25T14:46:01Z,71.0,Sense
2025-03-25T14:46:06Z,72.0,Sense
2025-03-25T14:46:11Z,73.0,Sense
2025-03-25T14:46:16Z,74.0,Sense
2025-03-25T14:46:21Z,75.0,Sense
2025-03-25T14:46:26Z,79.0,Sense
2025-03-25T14:46:31Z,82.0,Sense
2025-03-25T14:46:36Z,85.0,Sense
2025-03-25T14:46:41Z,86.0,Sense
2025-03-25T14:46:46Z,80.0,Sense
2025-03-25T14:46:51Z,76.0,Sense
2025-03-25T14:46:56Z,73.0,Sense
2025-03-25T14:47:01Z,73.0,Sense
2025-03-25T14:47:06Z,72.0,Sense
2025-03-25T14:47:11Z,73.0,Sense
2025-03-25T14:47:16Z,76.0,Sense
2025-03-25T14:47:21Z,77.0,Sense
2025-03-25T14:47:26Z,80.0,Sense
2025-03-25T14:47:31Z,81.0,Sense
2025-03-25T14:47:46Z,79.0,Sense
2025-03-25T14:47:51Z,78.0,Sense
2025-03-25T14:47:56Z,76.0,Sense
2025-03-25T14:48:01Z,78.0,Sense
2025-03-25T14:48:06Z,79.0,Sense
2025-03-25T14:48:11Z,80.0,Sense
2025-03-25T14:48:16Z,79.0,Sense
2025-03-25T14:48:26Z,77.0,Sense
2025-03-25T14:48:31Z,75.0,Sense
2025-03-25T14:48:41Z,77.0,Sense
2025-03-25T14:48:46Z,79.0,Sense
2025-03-25T14:48:51Z,80.0,Sense
2025-03-25T14:48:56Z,81.0,Sense
2025-03-25T14:49:01Z,80.0,Sense
2025-03-25T14:49:06Z,81.0,Sense
2025-03-25T14:49:11Z,80.0,Sense
2025-03-25T14:49:21Z,79.0,Sense
2025-03-25T14:49:26Z,78.0,Sense
2025-03-25T14:49:31Z,77.0,Sense
2025-03-25T14:49:36Z,75.0,Sense
2025-03-25T14:49:41Z,73.0,Sense
2025-03-25T14:49:46Z,73.0,Sense
2025-03-25T14:49:51Z,74.0,Sense
2025-03-25T14:49:56Z,75.0,Sense
2025-03-25T14:50:01Z,76.0,Sense
2025-03-25T14:50:06Z,74.0,Sense
2025-03-25T14:50:11Z,71.0,Sense
2025-03-25T14:50:16Z,71.0,Sense
2025-03-25T14:50:26Z,70.0,Sense
2025-03-25T14:50:36Z,69.0,Sense
2025-03-25T14:50:46Z,70.0,Sense
2025-03-25T14:50:51Z,73.0,Sense
2025-03-25T14:51:01Z,74.0,Sense
2025-03-25T14:51:06Z,73.0,Sense
2025-03-25T14:51:11Z,69.0,Sense
2025-03-25T14:51:16Z,68.0,Sense
2025-03-25T14:51:26Z,69.0,Sense
2025-03-25T14:51:31Z,69.0,Sense
2025-03-25T14:51:46Z,70.0,Sense
2025-03-25T14:51:51Z,70.0,Sense
2025-03-25T14:51:56Z,72.0,Sense
2025-03-25T14:52:01Z,74.0,Sense
2025-03-25T14:52:06Z,76.0,Sense
2025-03-25T14:52:16Z,73.0,Sense
2025-03-25T14:52:21Z,72.0,Sense
2025-03-25T14:52:26Z,72.0,Sense
2025-03-25T14:52:31Z,73.0,Sense
2025-03-25T14:52:41Z,74.0,Sense
2025-03-25T14:52:46Z,75.0,Sense
2025-03-25T14:52:51Z,73.0,Sense
2025-03-25T14:52:56Z,72.0,Sense
2025-03-25T14:53:06Z,74.0,Sense
2025-03-25T14:53:11Z,77.0,Sense
2025-03-25T14:53:26Z,79.0,Sense
2025-03-25T14:53:31Z,78.0,Sense
2025-03-25T14:53:36Z,76.0,Sense
2025-03-25T14:53:41Z,75.0,Sense
2025-03-25T14:53:46Z,77.0,Sense
2025-03-25T14:53:51Z,78.0,Sense
2025-03-25T14:53:56Z,77.0,Sense
2025-03-25T14:54:01Z,76.0,Sense
2025-03-25T14:54:11Z,77.0,Sense
2025-03-25T14:54:16Z,79.0,Sense
2025-03-25T14:54:21Z,78.0,Sense
2025-03-25T14:54:26Z,76.0,Sense
2025-03-25T14:54:41Z,77.0,Sense
2025-03-25T14:54:46Z,78.0,Sense
2025-03-25T14:54:51Z,79.0,Sense
2025-03-25T14:54:56Z,79.0,Sense
2025-03-25T14:55:01Z,80.0,Sense
2025-03-25T14:55:06Z,81.0,Sense
2025-03-25T14:55:11Z,79.0,Sense
2025-03-25T14:55:16Z,80.0,Sense
2025-03-25T14:55:21Z,80.0,Sense
2025-03-25T14:55:31Z,81.0,Sense
2025-03-25T14:55:41Z,80.0,Sense
2025-03-25T14:55:46Z,80.0,Sense
2025-03-25T14:55:51Z,79.0,Sense
2025-03-25T14:55:56Z,78.0,Sense
2025-03-25T14:56:01Z,78.0,Sense
2025-03-25T14:56:06Z,80.0,Sense
2025-03-25T14:56:11Z,81.0,Sense
2025-03-25T14:56:16Z,82.0,Sense
2025-03-25T14:56:26Z,80.0,Sense
2025-03-25T14:56:31Z,78.0,Sense
2025-03-25T14:56:36Z,79.0,Sense
2025-03-25T14:56:46Z,78.0,Sense
2025-03-25T14:56:51Z,77.0,Sense
2025-03-25T14:56:56Z,76.0,Sense
2025-03-25T14:57:01Z,75.0,Sense
2025-03-25T14:57:11Z,77.0,Sense
2025-03-25T14:57:16Z,80.0,Sense
2025-03-25T14:57:21Z,79.0,Sense
2025-03-25T14:57:26Z,77.0,Sense
2025-03-25T14:57:31Z,76.0,Sense
2025-03-25T14:57:36Z,76.0,Sense
2025-03-25T14:57:41Z,75.0,Sense
2025-03-25T14:57:46Z,74.0,Sense
2025-03-25T14:57:51Z,73.0,Sense
2025-03-25T14:57:56Z,73.0,Sense
2025-03-25T14:58:01Z,74.0,Sense
2025-03-25T14:58:06Z,76.0,Sense
2025-03-25T14:58:11Z,77.0,Sense
2025-03-25T14:58:16Z,76.0,Sense
2025-03-25T14:58:21Z,77.0,Sense
2025-03-25T14:58:26Z,76.0,Sense
2025-03-25T14:58:31Z,76.0,Sense
2025-03-25T14:58:36Z,73.0,Sense
2025-03-25T14:58:41Z,73.0,Sense
2025-03-25T14:58:46Z,74.0,Sense
2025-03-25T14:58:51Z,73.0,Sense
2025-03-25T14:59:01Z,72.0,Sense
2025-03-25T14:59:06Z,72.0,Sense
2025-03-25T14:59:11Z,73.0,Sense
2025-03-25T14:59:16Z,74.0,Sense
2025-03-25T14:59:21Z,76.0,Sense
2025-03-25T14:59:26Z,74.0,Sense
2025-03-25T14:59:36Z,73.0,Sense
2025-03-25T14:59:46Z,76.0,Sense
2025-03-25T14:59:56Z,80.0,Sense
2025-03-25T15:00:01Z,80.0,Sense
2025-03-25T15:00:06Z,79.0,Sense
2025-03-25T15:00:11Z,78.0,Sense
2025-03-25T15:00:16Z,77.0,Sense
2025-03-25T15:00:21Z,76.0,Sense
2025-03-25T15:00:26Z,76.0,Sense
2025-03-25T15:00:31Z,75.0,Sense
2025-03-25T15:00:36Z,75.0,Sense
2025-03-25T15:00:41Z,74.0,Sense
2025-03-25T15:00:46Z,73.0,Sense
2025-03-25T15:00:51Z,75.0,Sense
2025-03-25T15:00:56Z,76.0,Sense
2025-03-25T15:01:01Z,76.0,Sense
2025-03-25T15:01:06Z,76.0,Sense
2025-03-25T15:01:11Z,77.0,Sense
2025-03-25T15:01:16Z,80.0,Sense
2025-03-25T15:01:21Z,81.0,Sense
2025-03-25T15:01:26Z,80.0,Sense
2025-03-25T15:01:31Z,80.0,Sense
2025-03-25T15:01:36Z,83.0,Sense
2025-03-25T15:01:41Z,82.0,Sense
2025-03-25T15:01:46Z,81.0,Sense
2025-03-25T15:01:51Z,81.0,Sense
2025-03-25T15:02:01Z,80.0,Sense
2025-03-25T15:02:06Z,80.0,Sense
2025-03-25T15:02:21Z,78.0,Sense
2025-03-25T15:02:26Z,76.0,Sense
2025-03-25T15:02:31Z,75.0,Sense
2025-03-25T15:02:36Z,75.0,Sense
2025-03-25T15:02:41Z,75.0,Sense
2025-03-25T15:02:46Z,79.0,Sense
2025-03-25T15:02:51Z,78.0,Sense
2025-03-25T15:02:56Z,75.0,Sense
2025-03-25T15:03:06Z,76.0,Sense
2025-03-25T15:03:11Z,77.0,Sense
2025-03-25T15:03:16Z,80.0,Sense
2025-03-25T15:03:26Z,79.0,Sense
2025-03-25T15:03:31Z,77.0,Sense
2025-03-25T15:03:36Z,77.0,Sense
2025-03-25T15:03:41Z,77.0,Sense
2025-03-25T15:03:46Z,77.0,Sense
2025-03-25T15:03:56Z,79.0,Sense
2025-03-25T15:04:01Z,80.0,Sense
2025-03-25T15:04:06Z,79.0,Sense
2025-03-25T15:04:11Z,78.0,Sense
2025-03-25T15:04:21Z,79.0,Sense
2025-03-25T15:04:26Z,80.0,Sense
2025-03-25T15:04:36Z,81.0,Sense
2025-03-25T15:04:41Z,82.0,Sense
2025-03-25T15:04:51Z,83.0,Sense
2025-03-25T15:04:56Z,84.0,Sense
2025-03-25T15:05:11Z,84.0,Sense
2025-03-25T15:05:16Z,83.0,Sense
2025-03-25T15:05:21Z,84.0,Sense
2025-03-25T15:05:26Z,82.0,Sense
2025-03-25T15:05:31Z,83.0,Sense
2025-03-25T15:05:36Z,82.0,Sense
2025-03-25T15:05:41Z,84.0,Sense
2025-03-25T15:05:51Z,85.0,Sense
2025-03-25T15:06:01Z,83.0,Sense
2025-03-25T15:06:11Z,81.0,Sense
2025-03-25T15:06:16Z,79.0,Sense
2025-03-25T15:06:21Z,78.0,Sense
2025-03-25T15:06:26Z,76.0,Sense
2025-03-25T15:06:36Z,76.0,Sense
2025-03-25T15:06:41Z,78.0,Sense
2025-03-25T15:06:46Z,77.0,Sense
2025-03-25T15:06:51Z,76.0,Sense
2025-03-25T15:06:56Z,75.0,Sense
2025-03-25T15:07:01Z,74.0,Sense
2025-03-25T15:07:11Z,76.0,Sense
2025-03-25T15:07:16Z,75.0,Sense
2025-03-25T15:07:21Z,77.0,Sense
2025-03-25T15:07:31Z,78.0,Sense
2025-03-25T15:07:36Z,82.0,Sense
2025-03-25T15:07:41Z,81.0,Sense
2025-03-25T15:07:46Z,79.0,Sense
2025-03-25T15:07:51Z,78.0,Sense
2025-03-25T15:08:01Z,78.0,Sense
2025-03-25T15:08:06Z,77.0,Sense
2025-03-25T15:08:11Z,77.0,Sense
2025-03-25T15:08:16Z,79.0,Sense
2025-03-25T15:08:21Z,81.0,Sense
2025-03-25T15:08:26Z,80.0,Sense
2025-03-25T15:08:31Z,80.0,Sense
2025-03-25T15:08:36Z,82.0,Sense
2025-03-25T15:08:41Z,77.0,Sense
2025-03-25T15:08:46Z,75.0,Sense
2025-03-25T15:08:51Z,75.0,Sense
2025-03-25T15:08:56Z,76.0,Sense
2025-03-25T15:09:01Z,76.0,Sense
2025-03-25T15:09:11Z,75.0,Sense
2025-03-25T15:09:16Z,73.0,Sense
2025-03-25T15:09:21Z,72.0,Sense
2025-03-25T15:09:26Z,72.0,Sense
2025-03-25T15:09:31Z,73.0,Sense
2025-03-25T15:09:36Z,74.0,Sense
2025-03-25T15:09:41Z,74.0,Sense
2025-03-25T15:09:51Z,77.0,Sense
2025-03-25T15:09:56Z,80.0,Sense
2025-03-25T15:10:11Z,81.0,Sense
2025-03-25T15:10:16Z,80.0,Sense
2025-03-25T15:10:21Z,79.0,Sense
2025-03-25T15:10:31Z,80.0,Sense
2025-03-25T15:10:36Z,82.0,Sense
2025-03-25T15:10:46Z,83.0,Sense
2025-03-25T15:10:51Z,84.0,Sense
2025-03-25T15:10:56Z,85.0,Sense
2025-03-25T15:11:06Z,84.0,Sense
2025-03-25T15:11:11Z,84.0,Sense
2025-03-25T15:11:16Z,83.0,Sense
2025-03-25T15:11:21Z,81.0,Sense
2025-03-25T15:11:26Z,80.0,Sense
2025-03-25T15:11:31Z,79.0,Sense
2025-03-25T15:11:46Z,79.0,Sense
2025-03-25T15:11:51Z,79.0,Sense
2025-03-25T15:12:01Z,80.0,Sense
2025-03-25T15:12:11Z,81.0,Sense
2025-03-25T15:12:16Z,79.0,Sense
2025-03-25T15:12:31Z,78.0,Sense
2025-03-25T15:12:46Z,78.0,Sense
2025-03-25T15:12:51Z,83.0,Sense
2025-03-25T15:12:56Z,89.0,Sense
2025-03-25T15:13:01Z,91.0,Sense
2025-03-25T15:13:06Z,90.0,Sense
2025-03-25T15:13:16Z,91.0,Sense
2025-03-25T15:13:21Z,85.0,Sense
2025-03-25T15:13:31Z,84.0,Sense
2025-03-25T15:13:36Z,85.0,Sense
2025-03-25T15:13:46Z,87.0,Sense
2025-03-25T15:13:51Z,85.0,Sense
2025-03-25T15:14:01Z,86.0,Sense
2025-03-25T15:14:06Z,85.0,Sense
2025-03-25T15:14:11Z,87.0,Sense
2025-03-25T15:14:16Z,86.0,Sense
2025-03-25T15:14:21Z,88.0,Sense
2025-03-25T15:14:26Z,89.0,Sense
2025-03-25T15:14:31Z,88.0,Sense
2025-03-25T15:14:41Z,90.0,Sense
2025-03-25T15:14:51Z,92.0,Sense
2025-03-25T15:15:01Z,94.0,Sense
2025-03-25T15:15:11Z,95.0,Sense
2025-03-25T15:15:21Z,92.0,Sense
2025-03-25T15:15:36Z,90.0,Sense
2025-03-25T15:15:46Z,91.0,Sense
2025-03-25T15:15:51Z,86.0,Sense
2025-03-25T15:16:01Z,83.0,Sense
2025-03-25T15:16:06Z,82.0,Sense
2025-03-25T15:16:11Z,80.0,Sense
2025-03-25T15:16:16Z,79.0,Sense
2025-03-25T15:16:31Z,80.0,Sense
2025-03-25T15:16:41Z,79.0,Sense
2025-03-25T15:16:46Z,78.0,Sense
2025-03-25T15:16:56Z,82.0,Sense
2025-03-25T15:17:01Z,81.0,Sense
2025-03-25T15:17:06Z,80.0,Sense
2025-03-25T15:17:11Z,81.0,Sense
2025-03-25T15:17:16Z,79.0,Sense
2025-03-25T15:17:21Z,83.0,Sense
2025-03-25T15:17:26Z,84.0,Sense
2025-03-25T15:17:31Z,82.0,Sense
2025-03-25T15:17:36Z,83.0,Sense
2025-03-25T15:17:41Z,79.0,Sense
2025-03-25T15:17:51Z,77.0,Sense
2025-03-25T15:17:56Z,81.0,Sense
2025-03-25T15:18:01Z,79.0,Sense
2025-03-25T15:18:06Z,83.0,Sense
2025-03-25T15:18:16Z,84.0,Sense
2025-03-25T15:18:21Z,85.0,Sense
2025-03-25T15:18:26Z,85.0,Sense
2025-03-25T15:18:31Z,86.0,Sense
2025-03-25T15:18:41Z,87.0,Sense
2025-03-25T15:18:46Z,88.0,Sense
2025-03-25T15:18:51Z,89.0,Sense
2025-03-25T15:18:56Z,87.0,Sense
2025-03-25T15:19:01Z,88.0,Sense
2025-03-25T15:19:06Z,86.0,Sense
2025-03-25T15:19:11Z,84.0,Sense
2025-03-25T15:19:16Z,87.0,Sense
2025-03-25T15:19:31Z,87.0,Sense
2025-03-25T15:19:36Z,88.0,Sense
2025-03-25T15:19:41Z,87.0,Sense
2025-03-25T15:19:51Z,86.0,Sense
2025-03-25T15:19:56Z,87.0,Sense
2025-03-25T15:20:01Z,88.0,Sense
2025-03-25T15:20:11Z,88.0,Sense
2025-03-25T15:20:16Z,88.0,Sense
2025-03-25T15:20:31Z,88.0,Sense
2025-03-25T15:20:46Z,88.0,Sense
2025-03-25T15:20:51Z,89.0,Sense
2025-03-25T15:21:06Z,89.0,Sense
2025-03-25T15:21:11Z,88.0,Sense
2025-03-25T15:21:21Z,87.0,Sense
2025-03-25T15:21:36Z,88.0,Sense
2025-03-25T15:21:41Z,88.0,Sense
2025-03-25T15:21:46Z,88.0,Sense
2025-03-25T15:21:51Z,89.0,Sense
2025-03-25T15:21:56Z,86.0,Sense
2025-03-25T15:22:01Z,89.0,Sense
2025-03-25T15:22:06Z,93.0,Sense
2025-03-25T15:22:16Z,92.0,Sense
2025-03-25T15:22:21Z,91.0,Sense
2025-03-25T15:22:26Z,90.0,Sense
2025-03-25T15:22:31Z,90.0,Sense
2025-03-25T15:22:36Z,90.0,Sense
2025-03-25T15:22:41Z,89.0,Sense
2025-03-25T15:22:51Z,88.0,Sense
2025-03-25T15:22:56Z,87.0,Sense
2025-03-25T15:23:01Z,86.0,Sense
2025-03-25T15:23:06Z,85.0,Sense
2025-03-25T15:23:11Z,88.0,Sense
2025-03-25T15:23:16Z,89.0,Sense
2025-03-25T15:23:21Z,90.0,Sense
2025-03-25T15:23:26Z,88.0,Sense
2025-03-25T15:23:31Z,87.0,Sense
2025-03-25T15:23:36Z,87.0,Sense
2025-03-25T15:23:46Z,86.0,Sense
2025-03-25T15:23:51Z,84.0,Sense
2025-03-25T15:23:56Z,85.0,Sense
2025-03-25T15:24:01Z,88.0,Sense
2025-03-25T15:24:06Z,89.0,Sense
2025-03-25T15:24:11Z,88.0,Sense
2025-03-25T15:24:16Z,85.0,Sense
2025-03-25T15:24:21Z,85.0,Sense
2025-03-25T15:24:26Z,87.0,Sense
2025-03-25T15:24:31Z,86.0,Sense
2025-03-25T15:24:36Z,85.0,Sense
2025-03-25T15:24:41Z,83.0,Sense
2025-03-25T15:24:46Z,84.0,Sense
2025-03-25T15:24:51Z,85.0,Sense
2025-03-25T15:24:56Z,84.0,Sense
2025-03-25T15:25:01Z,83.0,Sense
2025-03-25T15:25:06Z,85.0,Sense
2025-03-25T15:25:11Z,87.0,Sense
2025-03-25T15:25:21Z,92.0,Sense
2025-03-25T15:25:31Z,98.0,Sense
2025-03-25T15:25:36Z,97.0,Sense
2025-03-25T15:25:41Z,99.0,Sense
2025-03-25T15:25:46Z,100.0,Sense
2025-03-25T15:25:51Z,98.0,Sense
2025-03-25T15:26:01Z,95.0,Sense
2025-03-25T15:26:16Z,95.0,Sense
2025-03-25T15:26:21Z,96.0,Sense
2025-03-25T15:26:36Z,96.0,Sense
2025-03-25T15:26:46Z,97.0,Sense
2025-03-25T15:26:51Z,98.0,Sense
2025-03-25T15:26:56Z,97.0,Sense
2025-03-25T15:27:01Z,95.0,Sense
2025-03-25T15:27:06Z,96.0,Sense
2025-03-25T15:27:11Z,94.0,Sense
2025-03-25T15:27:16Z,96.0,Sense
2025-03-25T15:27:21Z,92.0,Sense
2025-03-25T15:27:26Z,91.0,Sense
2025-03-25T15:27:31Z,87.0,Sense
2025-03-25T15:27:36Z,85.0,Sense
2025-03-25T15:27:41Z,82.0,Sense
2025-03-25T15:27:46Z,83.0,Sense
2025-03-25T15:27:51Z,87.0,Sense
2025-03-25T15:27:56Z,85.0,Sense
2025-03-25T15:28:01Z,84.0,Sense
2025-03-25T15:28:06Z,77.0,Sense
2025-03-25T15:28:11Z,76.0,Sense
2025-03-25T15:28:16Z,77.0,Sense
2025-03-25T15:28:21Z,78.0,Sense
2025-03-25T15:28:31Z,76.0,Sense
2025-03-25T15:28:36Z,75.0,Sense
2025-03-25T15:28:51Z,75.0,Sense
2025-03-25T15:28:56Z,76.0,Sense
2025-03-25T15:29:01Z,76.0,Sense
2025-03-25T15:29:06Z,76.0,Sense
2025-03-25T15:29:21Z,76.0,Sense
2025-03-25T15:29:26Z,78.0,Sense
2025-03-25T15:29:31Z,82.0,Sense
2025-03-25T15:29:36Z,83.0,Sense
2025-03-25T15:29:41Z,85.0,Sense
2025-03-25T15:29:46Z,82.0,Sense
2025-03-25T15:29:51Z,78.0,Sense
2025-03-25T15:29:56Z,77.0,Sense
2025-03-25T15:30:01Z,76.0,Sense
2025-03-25T15:30:11Z,78.0,Sense
2025-03-25T15:30:16Z,79.0,Sense
2025-03-25T15:30:21Z,78.0,Sense
2025-03-25T15:30:26Z,76.0,Sense
2025-03-25T15:30:31Z,76.0,Sense
2025-03-25T15:30:36Z,75.0,Sense
2025-03-25T15:30:51Z,75.0,Sense
2025-03-25T15:30:56Z,74.0,Sense
2025-03-25T15:31:11Z,74.0,Sense
2025-03-25T15:31:26Z,74.0,Sense
2025-03-25T15:31:36Z,73.0,Sense
2025-03-25T15:31:46Z,72.0,Sense
2025-03-25T15:32:01Z,73.0,Sense
2025-03-25T15:32:11Z,72.0,Sense
2025-03-25T15:32:26Z,71.0,Sense
2025-03-25T15:32:41Z,71.0,Sense
2025-03-25T15:32:46Z,72.0,Sense
2025-03-25T15:32:51Z,73.0,Sense
2025-03-25T15:33:01Z,74.0,Sense
2025-03-25T15:33:16Z,75.0,Sense
2025-03-25T15:33:21Z,79.0,Sense
2025-03-25T15:33:31Z,76.0,Sense
2025-03-25T15:33:41Z,79.0,Sense
2025-03-25T15:33:46Z,81.0,Sense
2025-03-25T15:33:56Z,84.0,Sense
2025-03-25T15:34:01Z,83.0,Sense
2025-03-25T15:34:06Z,85.0,Sense
2025-03-25T15:34:16Z,87.0,Sense
2025-03-25T15:34:21Z,83.0,Sense
2025-03-25T15:34:26Z,86.0,Sense
2025-03-25T15:34:41Z,87.0,Sense
2025-03-25T15:34:46Z,87.0,Sense
2025-03-25T15:34:51Z,80.0,Sense
2025-03-25T15:34:56Z,74.0,Sense
2025-03-25T15:35:01Z,73.0,Sense
2025-03-25T15:35:11Z,74.0,Sense
2025-03-25T15:35:26Z,73.0,Sense
2025-03-25T15:35:31Z,74.0,Sense
2025-03-25T15:35:41Z,72.0,Sense
2025-03-25T15:35:46Z,71.0,Sense
2025-03-25T15:35:51Z,70.0,Sense
2025-03-25T15:35:56Z,69.0,Sense
2025-03-25T15:36:11Z,69.0,Sense
2025-03-25T15:36:16Z,70.0,Sense
2025-03-25T15:36:26Z,71.0,Sense
2025-03-25T15:36:36Z,70.0,Sense
2025-03-25T15:36:41Z,67.0,Sense
2025-03-25T15:36:46Z,71.0,Sense
2025-03-25T15:36:51Z,72.0,Sense
2025-03-25T15:37:01Z,71.0,Sense
2025-03-25T15:37:06Z,70.0,Sense
2025-03-25T15:37:11Z,69.0,Sense
2025-03-25T15:37:16Z,71.0,Sense
2025-03-25T15:37:21Z,72.0,Sense
2025-03-25T15:37:31Z,73.0,Sense
2025-03-25T15:37:46Z,73.0,Sense
2025-03-25T15:38:01Z,70.0,Sense
2025-03-25T15:38:06Z,72.0,Sense
2025-03-25T15:38:11Z,72.0,Sense
2025-03-25T15:38:26Z,72.0,Sense
2025-03-25T15:38:31Z,73.0,Sense
2025-03-25T15:38:36Z,74.0,Sense
2025-03-25T15:38:46Z,73.0,Sense
2025-03-25T15:38:51Z,72.0,Sense
2025-03-25T15:38:56Z,72.0,Sense
2025-03-25T15:39:01Z,73.0,Sense
2025-03-25T15:39:11Z,73.0,Sense
2025-03-25T15:39:21Z,73.0,Sense
2025-03-25T15:39:26Z,74.0,Sense
2025-03-25T15:39:31Z,75.0,Sense
2025-03-25T15:39:36Z,75.0,Sense
2025-03-25T15:39:41Z,74.0,Sense
2025-03-25T15:39:46Z,72.0,Sense
2025-03-25T15:39:51Z,71.0,Sense
2025-03-25T15:39:56Z,72.0,Sense
2025-03-25T15:40:01Z,73.0,Sense
2025-03-25T15:40:16Z,73.0,Sense
2025-03-25T15:40:21Z,72.0,Sense
2025-03-25T15:40:26Z,70.0,Sense
2025-03-25T15:40:31Z,74.0,Sense
2025-03-25T15:40:36Z,76.0,Sense
2025-03-25T15:40:41Z,77.0,Sense
2025-03-25T15:40:46Z,75.0,Sense
2025-03-25T15:40:51Z,73.0,Sense
2025-03-25T15:40:56Z,74.0,Sense
2025-03-25T15:41:01Z,73.0,Sense
2025-03-25T15:41:16Z,73.0,Sense
2025-03-25T15:41:21Z,74.0,Sense
2025-03-25T15:41:26Z,75.0,Sense
2025-03-25T15:41:36Z,74.0,Sense
2025-03-25T15:41:41Z,72.0,Sense
2025-03-25T15:41:46Z,71.0,Sense
2025-03-25T15:41:51Z,74.0,Sense
2025-03-25T15:41:56Z,76.0,Sense
2025-03-25T15:42:01Z,74.0,Sense
2025-03-25T15:42:06Z,71.0,Sense
2025-03-25T15:42:11Z,72.0,Sense
2025-03-25T15:42:16Z,77.0,Sense
2025-03-25T15:42:21Z,80.0,Sense
2025-03-25T15:42:26Z,72.0,Sense
2025-03-25T15:42:36Z,74.0,Sense
2025-03-25T15:42:41Z,75.0,Sense
2025-03-25T15:42:46Z,72.0,Sense
2025-03-25T15:42:51Z,71.0,Sense
2025-03-25T15:43:06Z,71.0,Sense
2025-03-25T15:43:21Z,71.0,Sense
2025-03-25T15:43:36Z,71.0,Sense
2025-03-25T15:43:51Z,71.0,Sense
2025-03-25T15:43:56Z,70.0,Sense
2025-03-25T15:44:06Z,71.0,Sense
2025-03-25T15:44:11Z,72.0,Sense
2025-03-25T15:44:16Z,76.0,Sense
2025-03-25T15:44:21Z,81.0,Sense
2025-03-25T15:44:26Z,79.0,Sense
2025-03-25T15:44:31Z,75.0,Sense
2025-03-25T15:44:36Z,73.0,Sense
2025-03-25T15:44:41Z,71.0,Sense
2025-03-25T15:44:46Z,74.0,Sense
2025-03-25T15:44:56Z,71.0,Sense
2025-03-25T15:45:01Z,69.0,Sense
2025-03-25T15:45:06Z,70.0,Sense
2025-03-25T15:45:16Z,74.0,Sense
2025-03-25T15:45:21Z,76.0,Sense
2025-03-25T15:45:26Z,78.0,Sense
2025-03-25T15:45:31Z,81.0,Sense
2025-03-25T15:45:36Z,78.0,Sense
2025-03-25T15:45:41Z,79.0,Sense
2025-03-25T15:45:46Z,78.0,Sense
2025-03-25T15:46:01Z,76.0,Sense
2025-03-25T15:46:06Z,73.0,Sense
2025-03-25T15:46:11Z,75.0,Sense
2025-03-25T15:46:16Z,80.0,Sense
2025-03-25T15:46:21Z,83.0,Sense
2025-03-25T15:46:26Z,82.0,Sense
2025-03-25T15:46:31Z,81.0,Sense
2025-03-25T15:46:36Z,79.0,Sense
2025-03-25T15:46:41Z,78.0,Sense
2025-03-25T15:46:46Z,79.0,Sense
2025-03-25T15:46:51Z,81.0,Sense
2025-03-25T15:46:56Z,87.0,Sense
2025-03-25T15:47:01Z,84.0,Sense
2025-03-25T15:47:06Z,82.0,Sense
2025-03-25T15:47:11Z,80.0,Sense
2025-03-25T15:47:16Z,83.0,Sense
2025-03-25T15:47:21Z,85.0,Sense
2025-03-25T15:47:26Z,83.0,Sense
2025-03-25T15:47:31Z,81.0,Sense
2025-03-25T15:47:41Z,82.0,Sense
2025-03-25T15:47:46Z,84.0,Sense
2025-03-25T15:47:51Z,81.0,Sense
2025-03-25T15:47:56Z,83.0,Sense
2025-03-25T15:48:01Z,80.0,Sense
2025-03-25T15:48:06Z,78.0,Sense
2025-03-25T15:48:16Z,80.0,Sense
2025-03-25T15:48:21Z,82.0,Sense
2025-03-25T15:48:31Z,79.0,Sense
2025-03-25T15:48:36Z,78.0,Sense
2025-03-25T15:48:41Z,80.0,Sense
2025-03-25T15:48:46Z,83.0,Sense
2025-03-25T15:48:51Z,83.0,Sense
2025-03-25T15:48:56Z,82.0,Sense
2025-03-25T15:49:01Z,81.0,Sense
2025-03-25T15:49:16Z,81.0,Sense
2025-03-25T15:49:31Z,84.0,Sense
2025-03-25T15:49:41Z,85.0,Sense
2025-03-25T15:49:46Z,85.0,Sense
2025-03-25T15:49:51Z,86.0,Sense
2025-03-25T15:50:01Z,85.0,Sense
2025-03-25T15:50:06Z,84.0,Sense
2025-03-25T15:50:11Z,85.0,Sense
2025-03-25T15:50:16Z,84.0,Sense
2025-03-25T15:50:21Z,80.0,Sense
2025-03-25T15:50:26Z,78.0,Sense
2025-03-25T15:50:36Z,79.0,Sense
2025-03-25T15:50:41Z,81.0,Sense
2025-03-25T15:50:46Z,82.0,Sense
2025-03-25T15:50:56Z,80.0,Sense
2025-03-25T15:51:01Z,78.0,Sense
2025-03-25T15:51:06Z,79.0,Sense
2025-03-25T15:51:11Z,81.0,Sense
2025-03-25T15:51:21Z,80.0,Sense
2025-03-25T15:51:31Z,81.0,Sense
2025-03-25T15:51:36Z,82.0,Sense
2025-03-25T15:51:46Z,84.0,Sense
2025-03-25T15:51:51Z,82.0,Sense
2025-03-25T15:51:56Z,83.0,Sense
2025-03-25T15:52:01Z,82.0,Sense
2025-03-25T15:52:06Z,80.0,Sense
2025-03-25T15:52:11Z,77.0,Sense
2025-03-25T15:52:16Z,79.0,Sense
2025-03-25T15:52:21Z,80.0,Sense
2025-03-25T15:52:26Z,81.0,Sense
2025-03-25T15:52:31Z,79.0,Sense
2025-03-25T15:52:36Z,77.0,Sense
2025-03-25T15:52:41Z,74.0,Sense
2025-03-25T15:52:46Z,75.0,Sense
2025-03-25T15:52:51Z,79.0,Sense
2025-03-25T15:52:56Z,83.0,Sense
2025-03-25T15:53:01Z,82.0,Sense
2025-03-25T15:53:06Z,84.0,Sense
2025-03-25T15:53:11Z,83.0,Sense
2025-03-25T15:53:16Z,84.0,Sense
2025-03-25T15:53:31Z,81.0,Sense
2025-03-25T15:53:36Z,84.0,Sense
2025-03-25T15:53:41Z,83.0,Sense
2025-03-25T15:53:46Z,82.0,Sense
2025-03-25T15:53:56Z,81.0,Sense
2025-03-25T15:54:01Z,80.0,Sense
2025-03-25T15:54:06Z,82.0,Sense
2025-03-25T15:54:11Z,81.0,Sense
2025-03-25T15:54:26Z,81.0,Sense
2025-03-25T15:54:31Z,82.0,Sense
2025-03-25T15:54:36Z,83.0,Sense
2025-03-25T15:54:41Z,82.0,Sense
2025-03-25T15:54:46Z,80.0,Sense
2025-03-25T15:54:51Z,79.0,Sense
2025-03-25T15:54:56Z,78.0,Sense
2025-03-25T15:55:01Z,79.0,Sense
2025-03-25T15:55:06Z,80.0,Sense
2025-03-25T15:55:11Z,81.0,Sense
2025-03-25T15:55:16Z,81.0,Sense
2025-03-25T15:55:21Z,79.0,Sense
2025-03-25T15:55:26Z,79.0,Sense
2025-03-25T15:55:31Z,78.0,Sense
2025-03-25T15:55:36Z,76.0,Sense
2025-03-25T15:55:51Z,77.0,Sense
2025-03-25T15:55:56Z,79.0,Sense
2025-03-25T15:56:01Z,80.0,Sense
2025-03-25T15:56:06Z,78.0,Sense
2025-03-25T15:56:11Z,82.0,Sense
2025-03-25T15:56:16Z,83.0,Sense
2025-03-25T15:56:31Z,84.0,Sense
2025-03-25T15:56:36Z,81.0,Sense
2025-03-25T15:56:41Z,84.0,Sense
2025-03-25T15:56:46Z,82.0,Sense
2025-03-25T15:56:51Z,81.0,Sense
2025-03-25T15:56:56Z,79.0,Sense
2025-03-25T15:57:01Z,77.0,Sense
2025-03-25T15:57:06Z,75.0,Sense
2025-03-25T15:57:11Z,74.0,Sense
2025-03-25T15:57:21Z,75.0,Sense
2025-03-25T15:57:26Z,76.0,Sense
2025-03-25T15:57:31Z,79.0,Sense
2025-03-25T15:57:41Z,76.0,Sense
2025-03-25T15:57:46Z,75.0,Sense
2025-03-25T15:57:51Z,74.0,Sense
2025-03-25T15:58:01Z,75.0,Sense
2025-03-25T15:58:06Z,76.0,Sense
2025-03-25T15:58:11Z,75.0,Sense
2025-03-25T15:58:21Z,75.0,Sense
2025-03-25T15:58:26Z,76.0,Sense
2025-03-25T15:58:31Z,79.0,Sense
2025-03-25T15:58:36Z,81.0,Sense
2025-03-25T15:58:41Z,79.0,Sense
2025-03-25T15:58:46Z,76.0,Sense
2025-03-25T15:58:51Z,75.0,Sense
2025-03-25T15:58:56Z,76.0,Sense
2025-03-25T15:59:01Z,75.0,Sense
2025-03-25T15:59:06Z,74.0,Sense
2025-03-25T15:59:11Z,73.0,Sense
2025-03-25T15:59:16Z,75.0,Sense
2025-03-25T15:59:21Z,77.0,Sense
2025-03-25T15:59:26Z,78.0,Sense
2025-03-25T15:59:31Z,78.0,Sense
2025-03-25T15:59:41Z,77.0,Sense
2025-03-25T15:59:46Z,80.0,Sense
2025-03-25T15:59:51Z,78.0,Sense
2025-03-25T16:00:01Z,77.0,Sense
2025-03-25T16:00:06Z,79.0,Sense
2025-03-25T16:00:11Z,81.0,Sense
2025-03-25T16:00:16Z,83.0,Sense
2025-03-25T16:00:31Z,81.0,Sense
2025-03-25T16:00:36Z,84.0,Sense
2025-03-25T16:00:41Z,83.0,Sense
2025-03-25T16:00:46Z,80.0,Sense
2025-03-25T16:00:51Z,77.0,Sense
2025-03-25T16:00:56Z,76.0,Sense
2025-03-25T16:01:11Z,76.0,Sense
2025-03-25T16:01:26Z,76.0,Sense
2025-03-25T16:01:41Z,76.0,Sense
2025-03-25T16:01:56Z,75.0,Sense
2025-03-25T16:02:06Z,76.0,Sense
2025-03-25T16:02:11Z,77.0,Sense
2025-03-25T16:02:16Z,80.0,Sense
2025-03-25T16:02:31Z,83.0,Sense
2025-03-25T16:02:36Z,81.0,Sense
2025-03-25T16:02:41Z,80.0,Sense
2025-03-25T16:02:51Z,79.0,Sense
2025-03-25T16:02:56Z,78.0,Sense
2025-03-25T16:03:06Z,81.0,Sense
2025-03-25T16:03:11Z,82.0,Sense
2025-03-25T16:03:21Z,81.0,Sense
2025-03-25T16:03:26Z,80.0,Sense
2025-03-25T16:03:31Z,79.0,Sense
2025-03-25T16:03:36Z,78.0,Sense
2025-03-25T16:03:41Z,77.0,Sense
2025-03-25T16:03:56Z,76.0,Sense
2025-03-25T16:04:11Z,76.0,Sense
2025-03-25T16:04:21Z,76.0,Sense
2025-03-25T16:04:36Z,78.0,Sense
2025-03-25T16:04:41Z,78.0,Sense
2025-03-25T16:04:46Z,78.0,Sense
2025-03-25T16:04:56Z,80.0,Sense
2025-03-25T16:05:01Z,79.0,Sense
2025-03-25T16:05:06Z,80.0,Sense
2025-03-25T16:05:11Z,79.0,Sense
2025-03-25T16:05:16Z,80.0,Sense
2025-03-25T16:05:21Z,80.0,Sense
2025-03-25T16:05:26Z,82.0,Sense
2025-03-25T16:05:31Z,80.0,Sense
2025-03-25T16:05:46Z,80.0,Sense
2025-03-25T16:06:01Z,79.0,Sense
2025-03-25T16:06:16Z,78.0,Sense
2025-03-25T16:06:26Z,78.0,Sense
2025-03-25T16:06:36Z,77.0,Sense
2025-03-25T16:06:41Z,76.0,Sense
2025-03-25T16:06:46Z,76.0,Sense
2025-03-25T16:06:51Z,75.0,Sense
2025-03-25T16:06:56Z,75.0,Sense
2025-03-25T16:07:06Z,76.0,Sense
2025-03-25T16:07:11Z,77.0,Sense
2025-03-25T16:07:16Z,79.0,Sense
2025-03-25T16:07:26Z,78.0,Sense
2025-03-25T16:07:36Z,80.0,Sense
2025-03-25T16:07:41Z,81.0,Sense
2025-03-25T16:07:46Z,78.0,Sense
2025-03-25T16:07:51Z,77.0,Sense
2025-03-25T16:07:56Z,76.0,Sense
2025-03-25T16:08:01Z,76.0,Sense
2025-03-25T16:08:06Z,75.0,Sense
2025-03-25T16:08:11Z,74.0,Sense
2025-03-25T16:08:16Z,76.0,Sense
2025-03-25T16:08:21Z,78.0,Sense
2025-03-25T16:08:26Z,79.0,Sense
2025-03-25T16:08:31Z,80.0,Sense
2025-03-25T16:08:36Z,79.0,Sense
2025-03-25T16:08:41Z,78.0,Sense
2025-03-25T16:08:56Z,77.0,Sense
2025-03-25T16:09:06Z,77.0,Sense
2025-03-25T16:09:16Z,78.0,Sense
2025-03-25T16:09:21Z,79.0,Sense
2025-03-25T16:09:26Z,79.0,Sense
2025-03-25T16:09:31Z,79.0,Sense
2025-03-25T16:09:36Z,78.0,Sense
2025-03-25T16:09:51Z,78.0,Sense
2025-03-25T16:09:56Z,78.0,Sense
2025-03-25T16:10:01Z,79.0,Sense
2025-03-25T16:10:06Z,79.0,Sense
2025-03-25T16:10:16Z,79.0,Sense
2025-03-25T16:10:21Z,79.0,Sense
2025-03-25T16:10:36Z,80.0,Sense
2025-03-25T16:10:41Z,81.0,Sense
2025-03-25T16:10:51Z,82.0,Sense
2025-03-25T16:11:01Z,83.0,Sense
2025-03-25T16:11:06Z,80.0,Sense
2025-03-25T16:11:11Z,78.0,Sense
2025-03-25T16:11:16Z,76.0,Sense
2025-03-25T16:11:26Z,80.0,Sense
2025-03-25T16:11:31Z,85.0,Sense
2025-03-25T16:11:36Z,85.0,Sense
2025-03-25T16:11:41Z,84.0,Sense
2025-03-25T16:11:46Z,81.0,Sense
2025-03-25T16:11:51Z,80.0,Sense
2025-03-25T16:11:56Z,79.0,Sense
2025-03-25T16:12:11Z,80.0,Sense
2025-03-25T16:12:16Z,79.0,Sense
2025-03-25T16:12:26Z,78.0,Sense
2025-03-25T16:12:31Z,76.0,Sense
2025-03-25T16:12:36Z,76.0,Sense
2025-03-25T16:12:41Z,77.0,Sense
2025-03-25T16:12:46Z,79.0,Sense
2025-03-25T16:12:51Z,81.0,Sense
2025-03-25T16:12:56Z,80.0,Sense
2025-03-25T16:13:01Z,81.0,Sense
2025-03-25T16:13:06Z,79.0,Sense
2025-03-25T16:13:11Z,78.0,Sense
2025-03-25T16:13:16Z,79.0,Sense
2025-03-25T16:13:26Z,79.0,Sense
2025-03-25T16:13:36Z,79.0,Sense
2025-03-25T16:13:41Z,80.0,Sense
2025-03-25T16:13:46Z,79.0,Sense
2025-03-25T16:13:51Z,80.0,Sense
2025-03-25T16:13:56Z,79.0,Sense
2025-03-25T16:14:01Z,79.0,Sense
2025-03-25T16:14:06Z,78.0,Sense
2025-03-25T16:14:11Z,79.0,Sense
2025-03-25T16:14:16Z,80.0,Sense
2025-03-25T16:14:26Z,79.0,Sense
2025-03-25T16:14:31Z,79.0,Sense
2025-03-25T16:14:36Z,80.0,Sense
2025-03-25T16:14:41Z,79.0,Sense
2025-03-25T16:14:51Z,78.0,Sense
2025-03-25T16:14:56Z,76.0,Sense
2025-03-25T16:15:17Z,76.0,Sense
2025-03-25T16:15:22Z,75.0,Sense
2025-03-25T16:15:32Z,74.0,Sense
2025-03-25T16:15:37Z,73.0,Sense
2025-03-25T16:15:42Z,75.0,Sense
2025-03-25T16:15:57Z,77.0,Sense
2025-03-25T16:16:02Z,80.0,Sense
2025-03-25T16:16:07Z,83.0,Sense
2025-03-25T16:16:12Z,84.0,Sense
2025-03-25T16:16:17Z,86.0,Sense
2025-03-25T16:16:22Z,84.0,Sense
2025-03-25T16:16:27Z,83.0,Sense
2025-03-25T16:16:32Z,82.0,Sense
2025-03-25T16:16:37Z,84.0,Sense
2025-03-25T16:16:42Z,82.0,Sense
2025-03-25T16:16:47Z,85.0,Sense
2025-03-25T16:16:52Z,83.0,Sense
2025-03-25T16:16:57Z,86.0,Sense
2025-03-25T16:17:02Z,84.0,Sense
2025-03-25T16:17:07Z,82.0,Sense
2025-03-25T16:17:12Z,79.0,Sense
2025-03-25T16:17:17Z,80.0,Sense
2025-03-25T16:17:22Z,79.0,Sense
2025-03-25T16:17:32Z,76.0,Sense
2025-03-25T16:17:42Z,70.0,Sense
2025-03-25T16:17:47Z,75.0,Sense
2025-03-25T16:17:52Z,80.0,Sense
2025-03-25T16:17:57Z,78.0,Sense
2025-03-25T16:18:02Z,79.0,Sense
2025-03-25T16:18:17Z,80.0,Sense
2025-03-25T16:18:32Z,79.0,Sense
2025-03-25T16:18:37Z,80.0,Sense
2025-03-25T16:18:47Z,79.0,Sense
2025-03-25T16:18:52Z,77.0,Sense
2025-03-25T16:19:02Z,76.0,Sense
2025-03-25T16:19:12Z,75.0,Sense
2025-03-25T16:19:17Z,76.0,Sense
2025-03-25T16:19:22Z,74.0,Sense
2025-03-25T16:19:27Z,75.0,Sense
2025-03-25T16:19:32Z,76.0,Sense
2025-03-25T16:19:37Z,77.0,Sense
2025-03-25T16:19:42Z,75.0,Sense
2025-03-25T16:19:47Z,73.0,Sense
2025-03-25T16:19:52Z,72.0,Sense
2025-03-25T16:19:57Z,73.0,Sense
2025-03-25T16:20:07Z,71.0,Sense
2025-03-25T16:20:12Z,70.0,Sense
2025-03-25T16:20:27Z,70.0,Sense
2025-03-25T16:20:32Z,72.0,Sense
2025-03-25T16:20:37Z,75.0,Sense
2025-03-25T16:20:42Z,78.0,Sense
2025-03-25T16:20:47Z,79.0,Sense
2025-03-25T16:20:52Z,81.0,Sense
2025-03-25T16:21:02Z,80.0,Sense
2025-03-25T16:21:07Z,80.0,Sense
2025-03-25T16:21:12Z,81.0,Sense
2025-03-25T16:21:17Z,82.0,Sense
2025-03-25T16:21:22Z,80.0,Sense
2025-03-25T16:21:27Z,81.0,Sense
2025-03-25T16:21:32Z,83.0,Sense
2025-03-25T16:21:37Z,82.0,Sense
2025-03-25T16:21:42Z,84.0,Sense
2025-03-25T16:21:47Z,86.0,Sense
2025-03-25T16:21:52Z,85.0,Sense
2025-03-25T16:21:57Z,79.0,Sense
2025-03-25T16:22:02Z,77.0,Sense
2025-03-25T16:22:07Z,76.0,Sense
2025-03-25T16:22:12Z,75.0,Sense
2025-03-25T16:22:17Z,76.0,Sense
2025-03-25T16:22:22Z,78.0,Sense
2025-03-25T16:22:32Z,76.0,Sense
2025-03-25T16:22:37Z,75.0,Sense
2025-03-25T16:22:42Z,74.0,Sense
2025-03-25T16:22:47Z,77.0,Sense
2025-03-25T16:22:52Z,78.0,Sense
2025-03-25T16:22:57Z,74.0,Sense
2025-03-25T16:23:02Z,70.0,Sense
2025-03-25T16:23:07Z,69.0,Sense
2025-03-25T16:23:17Z,67.0,Sense
2025-03-25T16:23:32Z,69.0,Sense
2025-03-25T16:23:37Z,68.0,Sense
2025-03-25T16:23:42Z,67.0,Sense
2025-03-25T16:23:47Z,68.0,Sense
2025-03-25T16:24:02Z,67.0,Sense
2025-03-25T16:24:07Z,65.0,Sense
2025-03-25T16:24:22Z,63.0,Sense
2025-03-25T16:24:27Z,65.0,Sense
2025-03-25T16:24:32Z,64.0,Sense
2025-03-25T16:24:37Z,66.0,Sense
2025-03-25T16:24:47Z,64.0,Sense
2025-03-25T16:24:52Z,65.0,Sense
2025-03-25T16:25:02Z,64.0,Sense
2025-03-25T16:25:07Z,66.0,Sense
2025-03-25T16:25:12Z,67.0,Sense
2025-03-25T16:25:22Z,65.0,Sense
2025-03-25T16:25:27Z,64.0,Sense
2025-03-25T16:25:37Z,63.0,Sense
2025-03-25T16:25:47Z,64.0,Sense
2025-03-25T16:25:52Z,70.0,Sense
2025-03-25T16:25:57Z,75.0,Sense
2025-03-25T16:26:02Z,79.0,Sense
2025-03-25T16:26:07Z,82.0,Sense
2025-03-25T16:26:17Z,85.0,Sense
2025-03-25T16:26:32Z,86.0,Sense
2025-03-25T16:26:37Z,85.0,Sense
2025-03-25T16:26:42Z,81.0,Sense
2025-03-25T16:26:47Z,79.0,Sense
2025-03-25T16:26:52Z,81.0,Sense
2025-03-25T16:26:57Z,77.0,Sense
2025-03-25T16:27:02Z,78.0,Sense
2025-03-25T16:27:07Z,73.0,Sense
2025-03-25T16:27:12Z,74.0,Sense
2025-03-25T16:27:17Z,76.0,Sense
2025-03-25T16:27:22Z,79.0,Sense
2025-03-25T16:27:27Z,77.0,Sense
2025-03-25T16:27:32Z,73.0,Sense
2025-03-25T16:27:37Z,71.0,Sense
2025-03-25T16:27:42Z,69.0,Sense
2025-03-25T16:27:47Z,68.0,Sense
2025-03-25T16:27:52Z,68.0,Sense
2025-03-25T16:28:02Z,67.0,Sense
2025-03-25T16:28:07Z,66.0,Sense
2025-03-25T16:28:12Z,67.0,Sense
2025-03-25T16:28:17Z,69.0,Sense
2025-03-25T16:28:22Z,68.0,Sense
2025-03-25T16:28:27Z,66.0,Sense
2025-03-25T16:28:32Z,68.0,Sense
2025-03-25T16:28:37Z,70.0,Sense
2025-03-25T16:28:47Z,72.0,Sense
2025-03-25T16:28:52Z,73.0,Sense
2025-03-25T16:28:57Z,70.0,Sense
2025-03-25T16:29:02Z,68.0,Sense
2025-03-25T16:29:17Z,69.0,Sense
2025-03-25T16:29:22Z,68.0,Sense
2025-03-25T16:29:27Z,67.0,Sense
2025-03-25T16:29:32Z,67.0,Sense
2025-03-25T16:29:37Z,67.0,Sense
2025-03-25T16:29:47Z,68.0,Sense
2025-03-25T16:29:52Z,71.0,Sense
2025-03-25T16:29:57Z,72.0,Sense
2025-03-25T16:30:02Z,69.0,Sense
2025-03-25T16:30:07Z,68.0,Sense
2025-03-25T16:30:12Z,67.0,Sense
2025-03-25T16:30:22Z,68.0,Sense
2025-03-25T16:30:28Z,67.0,Sense
2025-03-25T16:30:43Z,67.0,Sense
2025-03-25T16:30:53Z,66.0,Sense
2025-03-25T16:31:03Z,67.0,Sense
2025-03-25T16:31:08Z,68.0,Sense
2025-03-25T16:31:13Z,67.0,Sense
2025-03-25T16:31:18Z,66.0,Sense
2025-03-25T16:31:23Z,65.0,Sense
2025-03-25T16:31:28Z,64.0,Sense
2025-03-25T16:31:43Z,65.0,Sense
2025-03-25T16:31:48Z,65.0,Sense
2025-03-25T16:31:53Z,67.0,Sense
2025-03-25T16:31:58Z,70.0,Sense
2025-03-25T16:32:03Z,72.0,Sense
2025-03-25T16:32:08Z,73.0,Sense
2025-03-25T16:32:13Z,75.0,Sense
2025-03-25T16:32:18Z,72.0,Sense
2025-03-25T16:32:23Z,68.0,Sense
2025-03-25T16:32:33Z,67.0,Sense
2025-03-25T16:32:38Z,65.0,Sense
2025-03-25T16:32:53Z,65.0,Sense
2025-03-25T16:33:08Z,66.0,Sense
2025-03-25T16:33:23Z,66.0,Sense
2025-03-25T16:33:38Z,66.0,Sense
2025-03-25T16:33:43Z,66.0,Sense
2025-03-25T16:33:58Z,66.0,Sense
2025-03-25T16:34:03Z,68.0,Sense
2025-03-25T16:34:08Z,67.0,Sense
2025-03-25T16:34:18Z,65.0,Sense
2025-03-25T16:34:23Z,67.0,Sense
2025-03-25T16:34:28Z,67.0,Sense
2025-03-25T16:34:33Z,65.0,Sense
2025-03-25T16:34:38Z,65.0,Sense
2025-03-25T16:34:48Z,66.0,Sense
2025-03-25T16:34:58Z,67.0,Sense
2025-03-25T16:35:03Z,68.0,Sense
2025-03-25T16:35:08Z,67.0,Sense
2025-03-25T16:35:23Z,67.0,Sense
2025-03-25T16:35:28Z,69.0,Sense
2025-03-25T16:35:33Z,71.0,Sense
2025-03-25T16:35:38Z,71.0,Sense
2025-03-25T16:35:43Z,71.0,Sense
2025-03-25T16:35:48Z,69.0,Sense
2025-03-25T16:35:58Z,71.0,Sense
2025-03-25T16:36:03Z,73.0,Sense
2025-03-25T16:36:13Z,72.0,Sense
2025-03-25T16:36:18Z,69.0,Sense
2025-03-25T16:36:23Z,68.0,Sense
2025-03-25T16:36:28Z,67.0,Sense
2025-03-25T16:36:43Z,67.0,Sense
2025-03-25T16:36:48Z,66.0,Sense
2025-03-25T16:36:53Z,66.0,Sense
2025-03-25T16:37:03Z,67.0,Sense
2025-03-25T16:37:08Z,68.0,Sense
2025-03-25T16:37:13Z,66.0,Sense
2025-03-25T16:37:18Z,64.0,Sense
2025-03-25T16:37:33Z,64.0,Sense
2025-03-25T16:37:48Z,64.0,Sense
2025-03-25T16:37:58Z,65.0,Sense
2025-03-25T16:38:08Z,64.0,Sense
2025-03-25T16:38:18Z,63.0,Sense
2025-03-25T16:38:28Z,64.0,Sense
2025-03-25T16:38:33Z,66.0,Sense
2025-03-25T16:38:38Z,67.0,Sense
2025-03-25T16:38:43Z,66.0,Sense
2025-03-25T16:38:48Z,65.0,Sense
2025-03-25T16:38:53Z,64.0,Sense
2025-03-25T16:39:03Z,63.0,Sense
2025-03-25T16:39:13Z,64.0,Sense
2025-03-25T16:39:28Z,64.0,Sense
2025-03-25T16:39:43Z,64.0,Sense
2025-03-25T16:39:48Z,63.0,Sense
2025-03-25T16:39:53Z,64.0,Sense
2025-03-25T16:40:03Z,65.0,Sense
2025-03-25T16:40:13Z,64.0,Sense
2025-03-25T16:40:28Z,64.0,Sense
2025-03-25T16:40:33Z,65.0,Sense
2025-03-25T16:40:48Z,65.0,Sense
2025-03-25T16:40:53Z,64.0,Sense
2025-03-25T16:40:58Z,63.0,Sense
2025-03-25T16:41:13Z,63.0,Sense
2025-03-25T16:41:18Z,63.0,Sense
2025-03-25T16:41:33Z,63.0,Sense
2025-03-25T16:41:43Z,64.0,Sense
2025-03-25T16:41:53Z,63.0,Sense
2025-03-25T16:41:58Z,64.0,Sense
2025-03-25T16:42:03Z,66.0,Sense
2025-03-25T16:42:13Z,65.0,Sense
2025-03-25T16:42:28Z,64.0,Sense
2025-03-25T16:42:33Z,65.0,Sense
2025-03-25T16:42:38Z,64.0,Sense
2025-03-25T16:42:53Z,64.0,Sense
2025-03-25T16:43:03Z,65.0,Sense
2025-03-25T16:43:13Z,66.0,Sense
2025-03-25T16:43:23Z,65.0,Sense
2025-03-25T16:43:38Z,66.0,Sense
2025-03-25T16:43:43Z,67.0,Sense
2025-03-25T16:43:48Z,66.0,Sense
2025-03-25T16:44:03Z,67.0,Sense
2025-03-25T16:44:08Z,66.0,Sense
2025-03-25T16:44:18Z,67.0,Sense
2025-03-25T16:44:23Z,68.0,Sense
2025-03-25T16:44:28Z,69.0,Sense
2025-03-25T16:44:38Z,68.0,Sense
2025-03-25T16:44:43Z,66.0,Sense
2025-03-25T16:44:58Z,66.0,Sense
2025-03-25T16:45:03Z,65.0,Sense
2025-03-25T16:45:18Z,65.0,Sense
2025-03-25T16:45:23Z,66.0,Sense
2025-03-25T16:45:28Z,67.0,Sense
2025-03-25T16:45:33Z,68.0,Sense
2025-03-25T16:45:48Z,68.0,Sense
2025-03-25T16:45:58Z,67.0,Sense
2025-03-25T16:46:13Z,68.0,Sense
2025-03-25T16:46:18Z,67.0,Sense
2025-03-25T16:46:23Z,66.0,Sense
2025-03-25T16:46:38Z,67.0,Sense
2025-03-25T16:46:43Z,69.0,Sense
2025-03-25T16:46:48Z,67.0,Sense
2025-03-25T16:46:53Z,67.0,Sense
2025-03-25T16:46:58Z,66.0,Sense
2025-03-25T16:47:03Z,69.0,Sense
2025-03-25T16:47:08Z,69.0,Sense
2025-03-25T16:47:18Z,68.0,Sense
2025-03-25T16:47:33Z,68.0,Sense
2025-03-25T16:47:38Z,67.0,Sense
2025-03-25T16:47:43Z,66.0,Sense
2025-03-25T16:47:58Z,65.0,Sense
2025-03-25T16:48:03Z,66.0,Sense
2025-03-25T16:48:13Z,66.0,Sense
2025-03-25T16:48:23Z,65.0,Sense
2025-03-25T16:48:28Z,68.0,Sense
2025-03-25T16:48:38Z,67.0,Sense
2025-03-25T16:48:43Z,66.0,Sense
2025-03-25T16:48:48Z,68.0,Sense
2025-03-25T16:48:53Z,68.0,Sense
2025-03-25T16:49:03Z,67.0,Sense
2025-03-25T16:49:08Z,68.0,Sense
2025-03-25T16:49:13Z,69.0,Sense
2025-03-25T16:49:18Z,70.0,Sense
2025-03-25T16:49:23Z,72.0,Sense
2025-03-25T16:49:28Z,71.0,Sense
2025-03-25T16:49:33Z,71.0,Sense
2025-03-25T16:49:38Z,70.0,Sense
2025-03-25T16:49:43Z,67.0,Sense
2025-03-25T16:49:48Z,65.0,Sense
2025-03-25T16:49:53Z,66.0,Sense
2025-03-25T16:50:08Z,66.0,Sense
2025-03-25T16:50:23Z,66.0,Sense
2025-03-25T16:50:38Z,67.0,Sense
2025-03-25T16:50:43Z,66.0,Sense
2025-03-25T16:50:48Z,67.0,Sense
2025-03-25T16:50:53Z,66.0,Sense
2025-03-25T16:50:58Z,65.0,Sense
2025-03-25T16:51:13Z,64.0,Sense
2025-03-25T16:51:18Z,65.0,Sense
2025-03-25T16:51:23Z,64.0,Sense
2025-03-25T16:51:38Z,64.0,Sense
2025-03-25T16:51:53Z,64.0,Sense
2025-03-25T16:51:58Z,65.0,Sense
2025-03-25T16:52:03Z,66.0,Sense
2025-03-25T16:52:08Z,67.0,Sense
2025-03-25T16:52:13Z,67.0,Sense
2025-03-25T16:52:23Z,66.0,Sense
2025-03-25T16:52:38Z,66.0,Sense
2025-03-25T16:52:48Z,65.0,Sense
2025-03-25T16:52:53Z,66.0,Sense
2025-03-25T16:52:58Z,67.0,Sense
2025-03-25T16:53:08Z,65.0,Sense
2025-03-25T16:53:23Z,65.0,Sense
2025-03-25T16:53:38Z,64.0,Sense
2025-03-25T16:53:43Z,65.0,Sense
2025-03-25T16:53:48Z,64.0,Sense
2025-03-25T16:53:53Z,63.0,Sense
2025-03-25T16:53:58Z,63.0,Sense
2025-03-25T16:54:03Z,64.0,Sense
2025-03-25T16:54:08Z,66.0,Sense
2025-03-25T16:54:13Z,67.0,Sense
2025-03-25T16:54:23Z,65.0,Sense
2025-03-25T16:54:33Z,66.0,Sense
2025-03-25T16:54:38Z,67.0,Sense
2025-03-25T16:54:43Z,68.0,Sense
2025-03-25T16:54:48Z,69.0,Sense
2025-03-25T16:54:53Z,70.0,Sense
2025-03-25T16:54:58Z,71.0,Sense
2025-03-25T16:55:03Z,70.0,Sense
2025-03-25T16:55:13Z,72.0,Sense
2025-03-25T16:55:18Z,71.0,Sense
2025-03-25T16:55:23Z,72.0,Sense
2025-03-25T16:55:28Z,72.0,Sense
2025-03-25T16:55:33Z,71.0,Sense
2025-03-25T16:55:38Z,70.0,Sense
2025-03-25T16:55:48Z,69.0,Sense
2025-03-25T16:55:53Z,68.0,Sense
2025-03-25T16:55:58Z,69.0,Sense
2025-03-25T16:56:08Z,68.0,Sense
2025-03-25T16:56:13Z,69.0,Sense
2025-03-25T16:56:28Z,68.0,Sense
2025-03-25T16:56:43Z,68.0,Sense
2025-03-25T16:56:48Z,67.0,Sense
2025-03-25T16:56:53Z,66.0,Sense
2025-03-25T16:57:03Z,65.0,Sense
2025-03-25T16:57:08Z,64.0,Sense
2025-03-25T16:57:23Z,64.0,Sense
2025-03-25T16:57:33Z,63.0,Sense
2025-03-25T16:57:43Z,64.0,Sense
2025-03-25T16:57:48Z,65.0,Sense
2025-03-25T16:57:58Z,64.0,Sense
2025-03-25T16:58:08Z,65.0,Sense
2025-03-25T16:58:13Z,67.0,Sense
2025-03-25T16:58:18Z,66.0,Sense
2025-03-25T16:58:33Z,66.0,Sense
2025-03-25T16:58:43Z,67.0,Sense
2025-03-25T16:58:48Z,68.0,Sense
2025-03-25T16:58:53Z,68.0,Sense
2025-03-25T16:59:08Z,69.0,Sense
2025-03-25T16:59:13Z,68.0,Sense
2025-03-25T16:59:18Z,69.0,Sense
2025-03-25T16:59:28Z,68.0,Sense
2025-03-25T16:59:33Z,67.0,Sense
2025-03-25T16:59:43Z,65.0,Sense
2025-03-25T16:59:58Z,66.0,Sense
2025-03-25T17:00:13Z,66.0,Sense
2025-03-25T17:00:23Z,65.0,Sense
2025-03-25T17:00:28Z,64.0,Sense
2025-03-25T17:00:33Z,63.0,Sense
2025-03-25T17:00:48Z,64.0,Sense
2025-03-25T17:01:03Z,64.0,Sense
2025-03-25T17:01:08Z,65.0,Sense
2025-03-25T17:01:18Z,66.0,Sense
2025-03-25T17:01:25Z,65.0,Sense
2025-03-25T17:01:30Z,66.0,Sense
2025-03-25T17:01:35Z,65.0,Sense
2025-03-25T17:01:40Z,64.0,Sense
2025-03-25T17:01:45Z,65.0,Sense
2025-03-25T17:01:50Z,67.0,Sense
2025-03-25T17:01:55Z,69.0,Sense
2025-03-25T17:02:00Z,70.0,Sense
2025-03-25T17:02:15Z,69.0,Sense
2025-03-25T17:02:20Z,70.0,Sense
2025-03-25T17:02:25Z,69.0,Sense
2025-03-25T17:02:30Z,68.0,Sense
2025-03-25T17:02:35Z,66.0,Sense
2025-03-25T17:02:50Z,65.0,Sense
2025-03-25T17:03:05Z,65.0,Sense
2025-03-25T17:03:10Z,67.0,Sense
2025-03-25T17:03:15Z,66.0,Sense
2025-03-25T17:03:25Z,65.0,Sense
2025-03-25T17:03:30Z,64.0,Sense
2025-03-25T17:03:35Z,64.0,Sense
2025-03-25T17:03:40Z,64.0,Sense
2025-03-25T17:03:45Z,65.0,Sense
2025-03-25T17:03:50Z,67.0,Sense
2025-03-25T17:04:00Z,66.0,Sense
2025-03-25T17:04:15Z,65.0,Sense
2025-03-25T17:04:25Z,64.0,Sense
2025-03-25T17:04:40Z,65.0,Sense
2025-03-25T17:04:45Z,68.0,Sense
2025-03-25T17:05:00Z,69.0,Sense
2025-03-25T17:05:05Z,68.0,Sense
2025-03-25T17:05:10Z,67.0,Sense
2025-03-25T17:05:15Z,68.0,Sense
2025-03-25T17:05:20Z,69.0,Sense
2025-03-25T17:05:30Z,68.0,Sense
2025-03-25T17:05:35Z,67.0,Sense
2025-03-25T17:05:40Z,68.0,Sense
2025-03-25T17:05:45Z,70.0,Sense
2025-03-25T17:05:50Z,69.0,Sense
2025-03-25T17:05:55Z,68.0,Sense
2025-03-25T17:06:10Z,68.0,Sense
2025-03-25T17:06:15Z,67.0,Sense
2025-03-25T17:06:30Z,67.0,Sense
2025-03-25T17:06:45Z,67.0,Sense
2025-03-25T17:07:00Z,67.0,Sense
2025-03-25T17:07:15Z,68.0,Sense
2025-03-25T17:07:20Z,66.0,Sense
2025-03-25T17:07:25Z,65.0,Sense
2025-03-25T17:07:40Z,66.0,Sense
2025-03-25T17:07:50Z,65.0,Sense
2025-03-25T17:07:55Z,66.0,Sense
2025-03-25T17:08:00Z,65.0,Sense
2025-03-25T17:08:10Z,65.0,Sense
2025-03-25T17:08:15Z,65.0,Sense
2025-03-25T17:08:20Z,65.0,Sense
2025-03-25T17:08:25Z,68.0,Sense
2025-03-25T17:08:30Z,70.0,Sense
2025-03-25T17:08:35Z,69.0,Sense
2025-03-25T17:08:45Z,68.0,Sense
2025-03-25T17:08:55Z,67.0,Sense
2025-03-25T17:09:05Z,66.0,Sense
2025-03-25T17:09:15Z,66.0,Sense
2025-03-25T17:09:20Z,67.0,Sense
2025-03-25T17:09:25Z,66.0,Sense
2025-03-25T17:09:30Z,64.0,Sense
2025-03-25T17:09:40Z,65.0,Sense
2025-03-25T17:09:50Z,66.0,Sense
2025-03-25T17:09:55Z,67.0,Sense
2025-03-25T17:10:10Z,67.0,Sense
2025-03-25T17:10:25Z,67.0,Sense
2025-03-25T17:10:30Z,66.0,Sense
2025-03-25T17:10:40Z,64.0,Sense
2025-03-25T17:10:50Z,65.0,Sense
2025-03-25T17:10:55Z,70.0,Sense
2025-03-25T17:11:00Z,77.0,Sense
2025-03-25T17:11:05Z,79.0,Sense
2025-03-25T17:11:10Z,80.0,Sense
2025-03-25T17:11:15Z,82.0,Sense
2025-03-25T17:11:20Z,85.0,Sense
2025-03-25T17:11:25Z,84.0,Sense
2025-03-25T17:11:35Z,82.0,Sense
2025-03-25T17:11:40Z,74.0,Sense
2025-03-25T17:11:45Z,69.0,Sense
2025-03-25T17:11:50Z,68.0,Sense
2025-03-25T17:11:55Z,65.0,Sense
2025-03-25T17:12:00Z,71.0,Sense
2025-03-25T17:12:05Z,72.0,Sense
2025-03-25T17:12:10Z,71.0,Sense
2025-03-25T17:12:20Z,70.0,Sense
2025-03-25T17:12:25Z,67.0,Sense
2025-03-25T17:12:30Z,65.0,Sense
2025-03-25T17:12:40Z,66.0,Sense
2025-03-25T17:12:45Z,65.0,Sense
2025-03-25T17:12:50Z,64.0,Sense
2025-03-25T17:13:00Z,63.0,Sense
2025-03-25T17:13:15Z,65.0,Sense
2025-03-25T17:13:25Z,67.0,Sense
2025-03-25T17:13:30Z,65.0,Sense
2025-03-25T17:13:35Z,64.0,Sense
2025-03-25T17:13:50Z,64.0,Sense
2025-03-25T17:13:55Z,65.0,Sense
2025-03-25T17:14:00Z,66.0,Sense
2025-03-25T17:14:05Z,70.0,Sense
2025-03-25T17:14:10Z,75.0,Sense
2025-03-25T17:14:15Z,74.0,Sense
2025-03-25T17:14:20Z,73.0,Sense
2025-03-25T17:14:25Z,68.0,Sense
2025-03-25T17:14:30Z,69.0,Sense
2025-03-25T17:14:40Z,66.0,Sense
2025-03-25T17:14:45Z,67.0,Sense
2025-03-25T17:15:00Z,67.0,Sense
2025-03-25T17:15:05Z,68.0,Sense
2025-03-25T17:15:15Z,65.0,Sense
2025-03-25T17:15:20Z,64.0,Sense
2025-03-25T17:15:30Z,64.0,Sense
2025-03-25T17:15:40Z,66.0,Sense
2025-03-25T17:15:45Z,70.0,Sense
2025-03-25T17:15:55Z,67.0,Sense
2025-03-25T17:16:00Z,66.0,Sense
2025-03-25T17:16:05Z,74.0,Sense
2025-03-25T17:16:10Z,75.0,Sense
2025-03-25T17:16:15Z,76.0,Sense
2025-03-25T17:16:20Z,76.0,Sense
2025-03-25T17:16:25Z,72.0,Sense
2025-03-25T17:16:30Z,68.0,Sense
2025-03-25T17:17:33Z,64.0,Sense
2025-03-25T17:17:43Z,65.0,Sense
2025-03-25T17:17:53Z,69.0,Sense
2025-03-25T17:17:58Z,69.0,Sense
2025-03-25T17:18:03Z,67.0,Sense
2025-03-25T17:18:08Z,65.0,Sense
2025-03-25T17:18:13Z,64.0,Sense
2025-03-25T17:18:18Z,63.0,Sense
2025-03-25T17:18:23Z,62.0,Sense
2025-03-25T17:18:28Z,63.0,Sense
2025-03-25T17:18:38Z,62.0,Sense
2025-03-25T17:18:53Z,62.0,Sense
2025-03-25T17:18:58Z,63.0,Sense
2025-03-25T17:19:08Z,64.0,Sense
2025-03-25T17:19:13Z,64.0,Sense
2025-03-25T17:19:23Z,65.0,Sense
2025-03-25T17:19:28Z,68.0,Sense
2025-03-25T17:19:33Z,66.0,Sense
2025-03-25T17:19:38Z,65.0,Sense
2025-03-25T17:19:43Z,65.0,Sense
2025-03-25T17:19:58Z,65.0,Sense
2025-03-25T17:20:03Z,65.0,Sense
2025-03-25T17:20:08Z,64.0,Sense
2025-03-25T17:20:23Z,64.0,Sense
2025-03-25T17:20:28Z,63.0,Sense
2025-03-25T17:20:33Z,64.0,Sense
2025-03-25T17:20:48Z,64.0,Sense
2025-03-25T17:20:53Z,65.0,Sense
2025-03-25T17:20:58Z,66.0,Sense
2025-03-25T17:21:13Z,66.0,Sense
2025-03-25T17:21:23Z,67.0,Sense
2025-03-25T17:21:28Z,68.0,Sense
2025-03-25T17:21:33Z,67.0,Sense
2025-03-25T17:21:48Z,67.0,Sense
2025-03-25T17:21:53Z,67.0,Sense
2025-03-25T17:21:58Z,65.0,Sense
2025-03-25T17:22:13Z,65.0,Sense
2025-03-25T17:22:28Z,65.0,Sense
2025-03-25T17:22:38Z,65.0,Sense
2025-03-25T17:22:43Z,64.0,Sense
2025-03-25T17:22:48Z,65.0,Sense
2025-03-25T17:22:53Z,64.0,Sense
2025-03-25T17:22:58Z,65.0,Sense
2025-03-25T17:23:03Z,64.0,Sense
2025-03-25T17:23:08Z,65.0,Sense
2025-03-25T17:23:13Z,64.0,Sense
2025-03-25T17:23:18Z,63.0,Sense
2025-03-25T17:23:33Z,63.0,Sense
2025-03-25T17:23:48Z,64.0,Sense
2025-03-25T17:23:58Z,63.0,Sense
2025-03-25T17:24:03Z,64.0,Sense
2025-03-25T17:24:08Z,63.0,Sense
2025-03-25T17:24:13Z,64.0,Sense
2025-03-25T17:24:23Z,66.0,Sense
2025-03-25T17:24:28Z,68.0,Sense
2025-03-25T17:24:33Z,67.0,Sense
2025-03-25T17:24:38Z,65.0,Sense
2025-03-25T17:24:43Z,64.0,Sense
2025-03-25T17:24:58Z,64.0,Sense
2025-03-25T17:25:03Z,67.0,Sense
2025-03-25T17:25:08Z,68.0,Sense
2025-03-25T17:25:13Z,69.0,Sense
2025-03-25T17:25:23Z,66.0,Sense
2025-03-25T17:25:28Z,64.0,Sense
2025-03-25T17:25:43Z,64.0,Sense
2025-03-25T17:25:48Z,63.0,Sense
2025-03-25T17:25:53Z,62.0,Sense
2025-03-25T17:26:03Z,63.0,Sense
2025-03-25T17:26:18Z,63.0,Sense
2025-03-25T17:26:23Z,62.0,Sense
2025-03-25T17:26:28Z,61.0,Sense
2025-03-25T17:26:33Z,60.0,Sense
2025-03-25T17:26:38Z,62.0,Sense
2025-03-25T17:26:43Z,65.0,Sense
2025-03-25T17:26:48Z,65.0,Sense
2025-03-25T17:26:53Z,63.0,Sense
2025-03-25T17:26:58Z,62.0,Sense
2025-03-25T17:27:03Z,61.0,Sense
2025-03-25T17:27:13Z,62.0,Sense
2025-03-25T17:27:18Z,63.0,Sense
2025-03-25T17:27:33Z,64.0,Sense
2025-03-25T17:27:38Z,63.0,Sense
2025-03-25T17:27:43Z,64.0,Sense
2025-03-25T17:27:53Z,63.0,Sense
2025-03-25T17:28:03Z,63.0,Sense
2025-03-25T17:28:18Z,63.0,Sense
2025-03-25T17:28:23Z,65.0,Sense
2025-03-25T17:28:38Z,65.0,Sense
2025-03-25T17:28:48Z,64.0,Sense
2025-03-25T17:29:03Z,64.0,Sense
2025-03-25T17:29:18Z,66.0,Sense
2025-03-25T17:29:33Z,66.0,Sense
2025-03-25T17:29:43Z,66.0,Sense
2025-03-25T17:29:48Z,70.0,Sense
2025-03-25T17:29:53Z,72.0,Sense
2025-03-25T17:30:08Z,72.0,Sense
2025-03-25T17:30:13Z,66.0,Sense
2025-03-25T17:30:18Z,64.0,Sense
2025-03-25T17:30:33Z,64.0,Sense
2025-03-25T17:30:38Z,65.0,Sense
2025-03-25T17:30:43Z,63.0,Sense
2025-03-25T17:30:48Z,62.0,Sense
2025-03-25T17:30:53Z,61.0,Sense
2025-03-25T17:30:58Z,60.0,Sense
2025-03-25T17:31:03Z,59.0,Sense
2025-03-25T17:31:13Z,58.0,Sense
2025-03-25T17:31:18Z,59.0,Sense
2025-03-25T17:31:33Z,58.0,Sense
2025-03-25T17:31:38Z,58.0,Sense
2025-03-25T17:31:53Z,58.0,Sense
2025-03-25T17:32:03Z,57.0,Sense
2025-03-25T17:32:18Z,57.0,Sense
2025-03-25T17:32:23Z,58.0,Sense
2025-03-25T17:32:38Z,58.0,Sense
2025-03-25T17:32:48Z,59.0,Sense
2025-03-25T17:33:03Z,59.0,Sense
2025-03-25T17:33:13Z,58.0,Sense
2025-03-25T17:33:18Z,57.0,Sense
2025-03-25T17:33:23Z,58.0,Sense
2025-03-25T17:33:38Z,58.0,Sense
2025-03-25T17:33:53Z,59.0,Sense
2025-03-25T17:33:58Z,60.0,Sense
2025-03-25T17:34:03Z,73.0,Sense
2025-03-25T17:34:18Z,73.0,Sense
2025-03-25T17:34:23Z,72.0,Sense
2025-03-25T17:34:28Z,71.0,Sense
2025-03-25T17:34:33Z,70.0,Sense
2025-03-25T17:34:48Z,71.0,Sense
2025-03-25T17:34:53Z,69.0,Sense
2025-03-25T17:35:08Z,69.0,Sense
2025-03-25T17:35:18Z,70.0,Sense
2025-03-25T17:35:23Z,72.0,Sense
2025-03-25T17:35:33Z,73.0,Sense
2025-03-25T17:35:43Z,72.0,Sense
2025-03-25T17:35:48Z,73.0,Sense
2025-03-25T17:36:03Z,73.0,Sense
2025-03-25T17:36:08Z,72.0,Sense
2025-03-25T17:36:13Z,73.0,Sense
2025-03-25T17:36:23Z,74.0,Sense
2025-03-25T17:36:28Z,73.0,Sense
2025-03-25T17:36:33Z,74.0,Sense
2025-03-25T17:36:38Z,74.0,Sense
2025-03-25T17:36:43Z,75.0,Sense
2025-03-25T17:36:48Z,75.0,Sense
2025-03-25T17:37:03Z,74.0,Sense
2025-03-25T17:37:18Z,73.0,Sense
2025-03-25T17:37:23Z,71.0,Sense
2025-03-25T17:37:28Z,69.0,Sense
2025-03-25T17:37:33Z,70.0,Sense
2025-03-25T17:37:38Z,72.0,Sense
2025-03-25T17:37:43Z,74.0,Sense
2025-03-25T17:37:48Z,74.0,Sense
2025-03-25T17:38:03Z,74.0,Sense
2025-03-25T17:38:13Z,74.0,Sense
2025-03-25T17:38:28Z,74.0,Sense
2025-03-25T17:38:38Z,74.0,Sense
2025-03-25T17:38:43Z,72.0,Sense
2025-03-25T17:38:48Z,75.0,Sense
2025-03-25T17:38:53Z,78.0,Sense
2025-03-25T17:39:08Z,78.0,Sense
2025-03-25T17:39:23Z,77.0,Sense
2025-03-25T17:39:28Z,76.0,Sense
2025-03-25T17:39:33Z,75.0,Sense
2025-03-25T17:39:38Z,74.0,Sense
2025-03-25T17:39:48Z,76.0,Sense
2025-03-25T17:39:53Z,75.0,Sense
2025-03-25T17:40:03Z,72.0,Sense
2025-03-25T17:40:08Z,74.0,Sense
2025-03-25T17:40:18Z,75.0,Sense
2025-03-25T17:40:23Z,73.0,Sense
2025-03-25T17:40:28Z,76.0,Sense
2025-03-25T17:40:33Z,74.0,Sense
2025-03-25T17:40:38Z,76.0,Sense
2025-03-25T17:40:43Z,75.0,Sense
2025-03-25T17:40:48Z,74.0,Sense
2025-03-25T17:40:53Z,75.0,Sense
2025-03-25T17:40:58Z,74.0,Sense
2025-03-25T17:41:03Z,75.0,Sense
2025-03-25T17:41:18Z,75.0,Sense
2025-03-25T17:41:33Z,75.0,Sense
2025-03-25T17:41:38Z,74.0,Sense
2025-03-25T17:41:43Z,72.0,Sense
2025-03-25T17:41:48Z,74.0,Sense
2025-03-25T17:41:53Z,75.0,Sense
2025-03-25T17:42:08Z,76.0,Sense
2025-03-25T17:42:18Z,75.0,Sense
2025-03-25T17:42:28Z,74.0,Sense
2025-03-25T17:42:33Z,73.0,Sense
2025-03-25T17:42:38Z,73.0,Sense
2025-03-25T17:42:48Z,75.0,Sense
2025-03-25T17:42:53Z,73.0,Sense
2025-03-25T17:42:58Z,76.0,Sense
2025-03-25T17:43:03Z,75.0,Sense
2025-03-25T17:43:08Z,77.0,Sense
2025-03-25T17:43:13Z,78.0,Sense
2025-03-25T17:43:18Z,77.0,Sense
2025-03-25T17:43:28Z,78.0,Sense
2025-03-25T17:43:33Z,77.0,Sense
2025-03-25T17:43:48Z,79.0,Sense
2025-03-25T17:43:53Z,78.0,Sense
2025-03-25T17:43:58Z,80.0,Sense
2025-03-25T17:44:13Z,78.0,Sense
2025-03-25T17:44:18Z,79.0,Sense
2025-03-25T17:44:23Z,77.0,Sense
2025-03-25T17:44:28Z,76.0,Sense
2025-03-25T17:44:43Z,79.0,Sense
2025-03-25T17:44:48Z,81.0,Sense
2025-03-25T17:44:53Z,80.0,Sense
2025-03-25T17:45:03Z,77.0,Sense
2025-03-25T17:45:08Z,76.0,Sense
2025-03-25T17:45:13Z,77.0,Sense
2025-03-25T17:45:18Z,74.0,Sense
2025-03-25T17:45:28Z,70.0,Sense
2025-03-25T17:45:38Z,75.0,Sense
2025-03-25T17:45:43Z,77.0,Sense
2025-03-25T17:45:48Z,76.0,Sense
2025-03-25T17:45:58Z,75.0,Sense
2025-03-25T17:46:03Z,76.0,Sense
2025-03-25T17:46:13Z,78.0,Sense
2025-03-25T17:46:18Z,77.0,Sense
2025-03-25T17:46:23Z,78.0,Sense
2025-03-25T17:46:28Z,77.0,Sense
2025-03-25T17:46:33Z,78.0,Sense
2025-03-25T17:46:38Z,80.0,Sense
2025-03-25T17:46:43Z,81.0,Sense
2025-03-25T17:46:48Z,79.0,Sense
2025-03-25T17:46:53Z,80.0,Sense
2025-03-25T17:46:58Z,78.0,Sense
2025-03-25T17:47:08Z,77.0,Sense
2025-03-25T17:47:13Z,79.0,Sense
2025-03-25T17:47:28Z,80.0,Sense
2025-03-25T17:47:33Z,79.0,Sense
2025-03-25T17:47:38Z,80.0,Sense
2025-03-25T17:47:43Z,81.0,Sense
2025-03-25T17:47:53Z,80.0,Sense
2025-03-25T17:47:58Z,79.0,Sense
2025-03-25T17:48:03Z,80.0,Sense
2025-03-25T17:48:13Z,82.0,Sense
2025-03-25T17:48:18Z,84.0,Sense
2025-03-25T17:48:28Z,83.0,Sense
2025-03-25T17:48:33Z,81.0,Sense
2025-03-25T17:48:38Z,79.0,Sense
2025-03-25T17:48:43Z,78.0,Sense
2025-03-25T17:48:48Z,81.0,Sense
2025-03-25T17:48:53Z,79.0,Sense
2025-03-25T17:48:58Z,83.0,Sense
2025-03-25T17:49:03Z,79.0,Sense
2025-03-25T17:49:08Z,81.0,Sense
2025-03-25T17:49:13Z,80.0,Sense
2025-03-25T17:49:18Z,79.0,Sense
2025-03-25T17:49:23Z,77.0,Sense
2025-03-25T17:49:28Z,75.0,Sense
2025-03-25T17:49:43Z,75.0,Sense
2025-03-25T17:49:53Z,78.0,Sense
2025-03-25T17:49:58Z,77.0,Sense
2025-03-25T17:50:03Z,78.0,Sense
2025-03-25T17:50:08Z,76.0,Sense
2025-03-25T17:50:13Z,77.0,Sense
2025-03-25T17:50:18Z,76.0,Sense
2025-03-25T17:50:23Z,77.0,Sense
2025-03-25T17:50:28Z,78.0,Sense
2025-03-25T17:50:33Z,75.0,Sense
2025-03-25T17:50:43Z,76.0,Sense
2025-03-25T17:50:58Z,76.0,Sense
2025-03-25T17:51:08Z,77.0,Sense
2025-03-25T17:51:13Z,78.0,Sense
2025-03-25T17:51:18Z,79.0,Sense
2025-03-25T17:51:23Z,83.0,Sense
2025-03-25T17:51:28Z,81.0,Sense
2025-03-25T17:51:33Z,81.0,Sense
2025-03-25T17:51:38Z,79.0,Sense
2025-03-25T17:51:43Z,77.0,Sense
2025-03-25T17:51:58Z,78.0,Sense
2025-03-25T17:52:08Z,77.0,Sense
2025-03-25T17:52:23Z,76.0,Sense
2025-03-25T17:52:28Z,75.0,Sense
2025-03-25T17:52:33Z,76.0,Sense
2025-03-25T17:52:43Z,74.0,Sense
2025-03-25T17:52:53Z,76.0,Sense
2025-03-25T17:52:58Z,77.0,Sense
2025-03-25T17:53:03Z,76.0,Sense
2025-03-25T17:53:08Z,75.0,Sense
2025-03-25T17:53:13Z,74.0,Sense
2025-03-25T17:53:18Z,76.0,Sense
2025-03-25T17:53:28Z,77.0,Sense
2025-03-25T17:53:43Z,77.0,Sense
2025-03-25T17:53:53Z,76.0,Sense
2025-03-25T17:53:58Z,79.0,Sense
2025-03-25T17:54:08Z,80.0,Sense
2025-03-25T17:54:18Z,82.0,Sense
2025-03-25T17:54:23Z,80.0,Sense
2025-03-25T17:54:28Z,82.0,Sense
2025-03-25T17:54:33Z,79.0,Sense
2025-03-25T17:54:38Z,78.0,Sense
2025-03-25T17:54:43Z,79.0,Sense
2025-03-25T17:54:48Z,77.0,Sense
2025-03-25T17:54:53Z,80.0,Sense
2025-03-25T17:54:58Z,81.0,Sense
2025-03-25T17:55:03Z,80.0,Sense
2025-03-25T17:55:08Z,78.0,Sense
2025-03-25T17:55:18Z,79.0,Sense
2025-03-25T17:55:23Z,78.0,Sense
2025-03-25T17:55:28Z,77.0,Sense
2025-03-25T17:55:43Z,77.0,Sense
2025-03-25T17:55:58Z,79.0,Sense
2025-03-25T17:56:03Z,77.0,Sense
2025-03-25T17:56:08Z,78.0,Sense
2025-03-25T17:56:13Z,76.0,Sense
2025-03-25T17:56:18Z,78.0,Sense
2025-03-25T17:56:23Z,77.0,Sense
2025-03-25T17:56:28Z,76.0,Sense
2025-03-25T17:56:33Z,75.0,Sense
2025-03-25T17:56:38Z,76.0,Sense
2025-03-25T17:56:43Z,77.0,Sense
2025-03-25T17:56:48Z,78.0,Sense
2025-03-25T17:56:53Z,77.0,Sense
2025-03-25T17:56:58Z,76.0,Sense
2025-03-25T17:57:03Z,77.0,Sense
2025-03-25T17:57:08Z,76.0,Sense
2025-03-25T17:57:18Z,75.0,Sense
2025-03-25T17:57:33Z,75.0,Sense
2025-03-25T17:57:38Z,76.0,Sense
2025-03-25T17:57:43Z,75.0,Sense
2025-03-25T17:57:48Z,75.0,Sense
2025-03-25T17:58:03Z,77.0,Sense
2025-03-25T17:58:09Z,78.0,Sense
2025-03-25T17:58:14Z,77.0,Sense
2025-03-25T17:58:19Z,76.0,Sense
2025-03-25T17:58:29Z,75.0,Sense
2025-03-25T17:58:44Z,75.0,Sense
2025-03-25T17:58:59Z,75.0,Sense
2025-03-25T17:59:04Z,73.0,Sense
2025-03-25T17:59:09Z,76.0,Sense
2025-03-25T17:59:14Z,77.0,Sense
2025-03-25T17:59:24Z,78.0,Sense
2025-03-25T17:59:34Z,77.0,Sense
2025-03-25T17:59:39Z,76.0,Sense
2025-03-25T17:59:54Z,77.0,Sense
2025-03-25T17:59:59Z,76.0,Sense
2025-03-25T18:00:04Z,78.0,Sense
2025-03-25T18:00:09Z,76.0,Sense
2025-03-25T18:00:14Z,77.0,Sense
2025-03-25T18:00:29Z,76.0,Sense
2025-03-25T18:00:39Z,77.0,Sense
2025-03-25T18:00:49Z,76.0,Sense
2025-03-25T18:00:54Z,73.0,Sense
2025-03-25T18:00:59Z,74.0,Sense
2025-03-25T18:01:04Z,76.0,Sense
2025-03-25T18:01:09Z,74.0,Sense
2025-03-25T18:01:14Z,77.0,Sense
2025-03-25T18:01:19Z,76.0,Sense
2025-03-25T18:01:24Z,75.0,Sense
2025-03-25T18:01:29Z,74.0,Sense
2025-03-25T18:01:34Z,73.0,Sense
2025-03-25T18:01:39Z,72.0,Sense
2025-03-25T18:01:44Z,75.0,Sense
2025-03-25T18:01:49Z,78.0,Sense
2025-03-25T18:01:54Z,75.0,Sense
2025-03-25T18:01:59Z,78.0,Sense
2025-03-25T18:02:04Z,77.0,Sense
2025-03-25T18:02:14Z,76.0,Sense
2025-03-25T18:02:24Z,75.0,Sense
2025-03-25T18:02:29Z,76.0,Sense
2025-03-25T18:02:34Z,75.0,Sense
2025-03-25T18:02:39Z,73.0,Sense
2025-03-25T18:02:44Z,72.0,Sense
2025-03-25T18:02:49Z,69.0,Sense
2025-03-25T18:02:54Z,67.0,Sense
2025-03-25T18:03:04Z,71.0,Sense
2025-03-25T18:03:09Z,73.0,Sense
2025-03-25T18:03:19Z,74.0,Sense
2025-03-25T18:03:34Z,75.0,Sense
2025-03-25T18:03:39Z,74.0,Sense
2025-03-25T18:03:49Z,75.0,Sense
2025-03-25T18:03:59Z,76.0,Sense
2025-03-25T18:04:04Z,77.0,Sense
2025-03-25T18:04:09Z,76.0,Sense
2025-03-25T18:04:14Z,75.0,Sense
2025-03-25T18:04:24Z,74.0,Sense
2025-03-25T18:04:29Z,72.0,Sense
2025-03-25T18:04:34Z,70.0,Sense
2025-03-25T18:04:44Z,69.0,Sense
2025-03-25T18:04:54Z,71.0,Sense
2025-03-25T18:04:59Z,74.0,Sense
2025-03-25T18:05:09Z,73.0,Sense
2025-03-25T18:05:24Z,73.0,Sense
2025-03-25T18:05:29Z,74.0,Sense
2025-03-25T18:05:39Z,76.0,Sense
2025-03-25T18:05:44Z,79.0,Sense
2025-03-25T18:05:49Z,78.0,Sense
2025-03-25T18:05:54Z,80.0,Sense
2025-03-25T18:05:59Z,79.0,Sense
2025-03-25T18:06:04Z,81.0,Sense
2025-03-25T18:06:14Z,82.0,Sense
2025-03-25T18:06:19Z,81.0,Sense
2025-03-25T18:06:24Z,80.0,Sense
2025-03-25T18:06:39Z,78.0,Sense
2025-03-25T18:06:49Z,77.0,Sense
2025-03-25T18:06:59Z,76.0,Sense
2025-03-25T18:07:09Z,78.0,Sense
2025-03-25T18:07:14Z,77.0,Sense
2025-03-25T18:07:19Z,78.0,Sense
2025-03-25T18:07:24Z,77.0,Sense
2025-03-25T18:07:29Z,76.0,Sense
2025-03-25T18:07:34Z,74.0,Sense
2025-03-25T18:07:44Z,73.0,Sense
2025-03-25T18:07:49Z,70.0,Sense
2025-03-25T18:07:54Z,69.0,Sense
2025-03-25T18:07:59Z,72.0,Sense
2025-03-25T18:08:04Z,77.0,Sense
2025-03-25T18:08:09Z,78.0,Sense
2025-03-25T18:08:14Z,78.0,Sense
2025-03-25T18:08:19Z,77.0,Sense
2025-03-25T18:08:29Z,76.0,Sense
2025-03-25T18:08:39Z,76.0,Sense
2025-03-25T18:08:49Z,77.0,Sense
2025-03-25T18:08:54Z,79.0,Sense
2025-03-25T18:08:59Z,79.0,Sense
2025-03-25T18:09:04Z,78.0,Sense
2025-03-25T18:09:14Z,80.0,Sense
2025-03-25T18:09:19Z,81.0,Sense
2025-03-25T18:09:24Z,83.0,Sense
2025-03-25T18:09:29Z,82.0,Sense
2025-03-25T18:09:34Z,81.0,Sense
2025-03-25T18:09:39Z,79.0,Sense
2025-03-25T18:09:44Z,78.0,Sense
2025-03-25T18:09:59Z,81.0,Sense
2025-03-25T18:10:14Z,82.0,Sense
2025-03-25T18:10:19Z,79.0,Sense
2025-03-25T18:10:24Z,77.0,Sense
2025-03-25T18:10:29Z,76.0,Sense
2025-03-25T18:10:34Z,77.0,Sense
2025-03-25T18:10:49Z,78.0,Sense
2025-03-25T18:10:54Z,78.0,Sense
2025-03-25T18:10:59Z,77.0,Sense
2025-03-25T18:11:04Z,75.0,Sense
2025-03-25T18:11:09Z,73.0,Sense
2025-03-25T18:11:24Z,73.0,Sense
2025-03-25T18:11:29Z,72.0,Sense
2025-03-25T18:11:34Z,71.0,Sense
2025-03-25T18:11:39Z,70.0,Sense
2025-03-25T18:11:44Z,69.0,Sense
2025-03-25T18:11:49Z,67.0,Sense
2025-03-25T18:11:54Z,66.0,Sense
2025-03-25T18:11:59Z,67.0,Sense
2025-03-25T18:12:04Z,68.0,Sense
2025-03-25T18:12:09Z,68.0,Sense
2025-03-25T18:12:24Z,68.0,Sense
2025-03-25T18:12:29Z,69.0,Sense
2025-03-25T18:12:39Z,70.0,Sense
2025-03-25T18:12:44Z,72.0,Sense
2025-03-25T18:12:49Z,72.0,Sense
2025-03-25T18:12:54Z,70.0,Sense
2025-03-25T18:12:59Z,68.0,Sense
2025-03-25T18:13:04Z,66.0,Sense
2025-03-25T18:13:19Z,67.0,Sense
2025-03-25T18:13:29Z,65.0,Sense
2025-03-25T18:13:39Z,65.0,Sense
2025-03-25T18:13:44Z,65.0,Sense
2025-03-25T18:13:59Z,65.0,Sense
2025-03-25T18:14:04Z,67.0,Sense
2025-03-25T18:14:09Z,70.0,Sense
2025-03-25T18:14:14Z,68.0,Sense
2025-03-25T18:14:19Z,68.0,Sense
2025-03-25T18:14:24Z,69.0,Sense
2025-03-25T18:14:39Z,69.0,Sense
2025-03-25T18:14:54Z,69.0,Sense
2025-03-25T18:15:09Z,69.0,Sense
2025-03-25T18:15:24Z,68.0,Sense
2025-03-25T18:15:29Z,67.0,Sense
2025-03-25T18:15:39Z,66.0,Sense
2025-03-25T18:15:44Z,66.0,Sense
2025-03-25T18:15:49Z,67.0,Sense
2025-03-25T18:15:54Z,67.0,Sense
2025-03-25T18:16:04Z,67.0,Sense
2025-03-25T18:16:09Z,68.0,Sense
2025-03-25T18:16:14Z,70.0,Sense
2025-03-25T18:16:19Z,72.0,Sense
2025-03-25T18:16:24Z,73.0,Sense
2025-03-25T18:16:29Z,75.0,Sense
2025-03-25T18:16:34Z,72.0,Sense
2025-03-25T18:16:39Z,70.0,Sense
2025-03-25T18:16:54Z,68.0,Sense
2025-03-25T18:17:09Z,66.0,Sense
2025-03-25T18:17:19Z,66.0,Sense
2025-03-25T18:17:34Z,67.0,Sense
2025-03-25T18:17:39Z,67.0,Sense
2025-03-25T18:17:44Z,67.0,Sense
2025-03-25T18:17:49Z,68.0,Sense
2025-03-25T18:17:54Z,69.0,Sense
2025-03-25T18:17:59Z,71.0,Sense
2025-03-25T18:18:04Z,73.0,Sense
2025-03-25T18:18:09Z,72.0,Sense
2025-03-25T18:18:14Z,71.0,Sense
2025-03-25T18:18:29Z,72.0,Sense
2025-03-25T18:18:39Z,71.0,Sense
2025-03-25T18:18:54Z,71.0,Sense
2025-03-25T18:18:59Z,71.0,Sense
2025-03-25T18:19:04Z,71.0,Sense
2025-03-25T18:19:19Z,72.0,Sense
2025-03-25T18:19:24Z,72.0,Sense
2025-03-25T18:19:39Z,72.0,Sense
2025-03-25T18:19:49Z,72.0,Sense
2025-03-25T18:19:54Z,73.0,Sense
2025-03-25T18:19:59Z,70.0,Sense
2025-03-25T18:20:04Z,72.0,Sense
2025-03-25T18:20:09Z,73.0,Sense
2025-03-25T18:20:14Z,72.0,Sense
2025-03-25T18:20:29Z,74.0,Sense
2025-03-25T18:20:34Z,75.0,Sense
2025-03-25T18:20:39Z,74.0,Sense
2025-03-25T18:20:44Z,73.0,Sense
2025-03-25T18:20:49Z,72.0,Sense
2025-03-25T18:20:59Z,72.0,Sense
2025-03-25T18:21:04Z,72.0,Sense
2025-03-25T18:21:09Z,71.0,Sense
2025-03-25T18:21:19Z,70.0,Sense
2025-03-25T18:21:24Z,71.0,Sense
2025-03-25T18:21:29Z,72.0,Sense
2025-03-25T18:21:34Z,74.0,Sense
2025-03-25T18:21:39Z,77.0,Sense
2025-03-25T18:21:44Z,75.0,Sense
2025-03-25T18:21:49Z,70.0,Sense
2025-03-25T18:21:54Z,68.0,Sense
2025-03-25T18:22:09Z,68.0,Sense
2025-03-25T18:22:14Z,67.0,Sense
2025-03-25T18:22:29Z,69.0,Sense
2025-03-25T18:22:44Z,68.0,Sense
2025-03-25T18:22:54Z,69.0,Sense
2025-03-25T18:23:09Z,68.0,Sense
2025-03-25T18:23:14Z,67.0,Sense
2025-03-25T18:23:19Z,64.0,Sense
2025-03-25T18:23:29Z,65.0,Sense
2025-03-25T18:23:44Z,65.0,Sense
2025-03-25T18:23:49Z,66.0,Sense
2025-03-25T18:23:54Z,65.0,Sense
2025-03-25T18:23:59Z,64.0,Sense
2025-03-25T18:24:04Z,64.0,Sense
2025-03-25T18:24:09Z,65.0,Sense
2025-03-25T18:24:14Z,65.0,Sense
2025-03-25T18:24:19Z,65.0,Sense
2025-03-25T18:24:24Z,65.0,Sense
2025-03-25T18:24:29Z,66.0,Sense
2025-03-25T18:24:34Z,64.0,Sense
2025-03-25T18:24:39Z,63.0,Sense
2025-03-25T18:24:44Z,64.0,Sense
2025-03-25T18:24:49Z,64.0,Sense
2025-03-25T18:24:54Z,65.0,Sense
2025-03-25T18:24:59Z,65.0,Sense
2025-03-25T18:25:04Z,64.0,Sense
2025-03-25T18:25:09Z,65.0,Sense
2025-03-25T18:25:19Z,66.0,Sense
2025-03-25T18:25:24Z,65.0,Sense
2025-03-25T18:25:34Z,66.0,Sense
2025-03-25T18:25:44Z,63.0,Sense
2025-03-25T18:25:49Z,61.0,Sense
2025-03-25T18:25:54Z,62.0,Sense
2025-03-25T18:25:59Z,63.0,Sense
2025-03-25T18:26:09Z,64.0,Sense
2025-03-25T18:26:14Z,65.0,Sense
2025-03-25T18:26:29Z,67.0,Sense
2025-03-25T18:26:34Z,68.0,Sense
2025-03-25T18:26:39Z,65.0,Sense
2025-03-25T18:26:49Z,65.0,Sense
2025-03-25T18:27:04Z,65.0,Sense
2025-03-25T18:27:19Z,65.0,Sense
2025-03-25T18:27:24Z,66.0,Sense
2025-03-25T18:27:39Z,66.0,Sense
2025-03-25T18:27:44Z,66.0,Sense
2025-03-25T18:27:54Z,67.0,Sense
2025-03-25T18:28:09Z,67.0,Sense
2025-03-25T18:28:24Z,67.0,Sense
2025-03-25T18:28:29Z,69.0,Sense
2025-03-25T18:28:39Z,68.0,Sense
2025-03-25T18:28:44Z,66.0,Sense
2025-03-25T18:28:54Z,67.0,Sense
2025-03-25T18:28:59Z,68.0,Sense
2025-03-25T18:29:04Z,68.0,Sense
2025-03-25T18:29:19Z,67.0,Sense
2025-03-25T18:29:24Z,68.0,Sense
2025-03-25T18:29:29Z,68.0,Sense
2025-03-25T18:29:34Z,69.0,Sense
2025-03-25T18:29:39Z,68.0,Sense
2025-03-25T18:29:44Z,68.0,Sense
2025-03-25T18:29:54Z,69.0,Sense
2025-03-25T18:30:09Z,68.0,Sense
2025-03-25T18:30:14Z,68.0,Sense
2025-03-25T18:30:24Z,68.0,Sense
2025-03-25T18:30:39Z,67.0,Sense
2025-03-25T18:30:49Z,66.0,Sense
2025-03-25T18:30:54Z,66.0,Sense
2025-03-25T18:31:09Z,67.0,Sense
2025-03-25T18:31:14Z,67.0,Sense
2025-03-25T18:31:29Z,68.0,Sense
2025-03-25T18:31:39Z,67.0,Sense
2025-03-25T18:31:44Z,67.0,Sense
2025-03-25T18:31:59Z,67.0,Sense
2025-03-25T18:32:04Z,67.0,Sense
2025-03-25T18:32:09Z,67.0,Sense
2025-03-25T18:32:24Z,67.0,Sense
2025-03-25T18:32:29Z,66.0,Sense
2025-03-25T18:32:39Z,66.0,Sense
2025-03-25T18:32:54Z,67.0,Sense
2025-03-25T18:32:59Z,69.0,Sense
2025-03-25T18:33:04Z,74.0,Sense
2025-03-25T18:33:09Z,79.0,Sense
2025-03-25T18:33:14Z,80.0,Sense
2025-03-25T18:33:19Z,79.0,Sense
2025-03-25T18:33:24Z,77.0,Sense
2025-03-25T18:33:29Z,81.0,Sense
2025-03-25T18:33:34Z,82.0,Sense
2025-03-25T18:33:39Z,81.0,Sense
2025-03-25T18:33:44Z,80.0,Sense
2025-03-25T18:33:54Z,76.0,Sense
2025-03-25T18:34:09Z,79.0,Sense
2025-03-25T18:34:14Z,76.0,Sense
2025-03-25T18:34:19Z,75.0,Sense
2025-03-25T18:34:29Z,77.0,Sense
2025-03-25T18:34:34Z,78.0,Sense
2025-03-25T18:34:39Z,76.0,Sense
2025-03-25T18:34:44Z,71.0,Sense
2025-03-25T18:34:54Z,72.0,Sense
2025-03-25T18:34:59Z,71.0,Sense
2025-03-25T18:35:14Z,74.0,Sense
2025-03-25T18:35:19Z,78.0,Sense
2025-03-25T18:35:24Z,80.0,Sense
2025-03-25T18:35:29Z,84.0,Sense
2025-03-25T18:35:34Z,85.0,Sense
2025-03-25T18:35:44Z,88.0,Sense
2025-03-25T18:35:49Z,85.0,Sense
2025-03-25T18:35:54Z,82.0,Sense
2025-03-25T18:35:59Z,79.0,Sense
2025-03-25T18:36:04Z,80.0,Sense
2025-03-25T18:36:09Z,82.0,Sense
2025-03-25T18:36:14Z,85.0,Sense
2025-03-25T18:36:24Z,84.0,Sense
2025-03-25T18:36:29Z,85.0,Sense
2025-03-25T18:36:39Z,87.0,Sense
2025-03-25T18:36:44Z,85.0,Sense
2025-03-25T18:36:59Z,82.0,Sense
2025-03-25T18:37:04Z,83.0,Sense
2025-03-25T18:37:09Z,84.0,Sense
2025-03-25T18:37:19Z,86.0,Sense
2025-03-25T18:37:24Z,84.0,Sense
2025-03-25T18:37:29Z,85.0,Sense
2025-03-25T18:37:34Z,84.0,Sense
2025-03-25T18:37:39Z,83.0,Sense
2025-03-25T18:37:44Z,85.0,Sense
2025-03-25T18:37:49Z,82.0,Sense
2025-03-25T18:37:54Z,84.0,Sense
2025-03-25T18:38:04Z,83.0,Sense
2025-03-25T18:38:09Z,84.0,Sense
2025-03-25T18:38:14Z,87.0,Sense
2025-03-25T18:38:19Z,84.0,Sense
2025-03-25T18:38:34Z,85.0,Sense
2025-03-25T18:38:39Z,86.0,Sense
2025-03-25T18:38:44Z,89.0,Sense
2025-03-25T18:38:49Z,88.0,Sense
2025-03-25T18:38:54Z,89.0,Sense
2025-03-25T18:39:04Z,88.0,Sense
2025-03-25T18:39:09Z,85.0,Sense
2025-03-25T18:39:14Z,84.0,Sense
2025-03-25T18:39:24Z,85.0,Sense
2025-03-25T18:39:29Z,86.0,Sense
2025-03-25T18:39:34Z,87.0,Sense
2025-03-25T18:39:39Z,83.0,Sense
2025-03-25T18:39:44Z,78.0,Sense
2025-03-25T18:39:49Z,75.0,Sense
2025-03-25T18:39:54Z,77.0,Sense
2025-03-25T18:39:59Z,76.0,Sense
2025-03-25T18:40:04Z,78.0,Sense
2025-03-25T18:40:09Z,75.0,Sense
2025-03-25T18:40:19Z,79.0,Sense
2025-03-25T18:40:24Z,84.0,Sense
2025-03-25T18:40:29Z,82.0,Sense
2025-03-25T18:40:34Z,77.0,Sense
2025-03-25T18:40:39Z,78.0,Sense
2025-03-25T18:40:44Z,76.0,Sense
2025-03-25T18:40:49Z,77.0,Sense
2025-03-25T18:40:54Z,74.0,Sense
2025-03-25T18:41:04Z,73.0,Sense
2025-03-25T18:41:09Z,74.0,Sense
2025-03-25T18:41:14Z,75.0,Sense
2025-03-25T18:41:19Z,77.0,Sense
2025-03-25T18:41:24Z,75.0,Sense
2025-03-25T18:41:29Z,73.0,Sense
2025-03-25T18:41:39Z,70.0,Sense
2025-03-25T18:41:54Z,70.0,Sense
2025-03-25T18:42:09Z,70.0,Sense
2025-03-25T18:42:14Z,69.0,Sense
2025-03-25T18:42:29Z,70.0,Sense
2025-03-25T18:42:34Z,69.0,Sense
2025-03-25T18:42:44Z,71.0,Sense
2025-03-25T18:42:49Z,75.0,Sense
2025-03-25T18:42:54Z,74.0,Sense
2025-03-25T18:42:59Z,72.0,Sense
2025-03-25T18:43:04Z,74.0,Sense
2025-03-25T18:43:09Z,73.0,Sense
2025-03-25T18:43:14Z,75.0,Sense
2025-03-25T18:43:19Z,73.0,Sense
2025-03-25T18:43:29Z,74.0,Sense
2025-03-25T18:43:34Z,75.0,Sense
2025-03-25T18:43:39Z,81.0,Sense
2025-03-25T18:43:44Z,80.0,Sense
2025-03-25T18:43:49Z,79.0,Sense
2025-03-25T18:43:54Z,81.0,Sense
2025-03-25T18:43:59Z,82.0,Sense
2025-03-25T18:44:04Z,84.0,Sense
2025-03-25T18:44:09Z,79.0,Sense
2025-03-25T18:44:19Z,76.0,Sense
2025-03-25T18:44:24Z,74.0,Sense
2025-03-25T18:44:39Z,74.0,Sense
2025-03-25T18:44:44Z,75.0,Sense
2025-03-25T18:44:49Z,76.0,Sense
2025-03-25T18:44:54Z,75.0,Sense
2025-03-25T18:44:59Z,73.0,Sense
2025-03-25T18:45:04Z,72.0,Sense
2025-03-25T18:45:09Z,76.0,Sense
2025-03-25T18:45:14Z,74.0,Sense
2025-03-25T18:45:19Z,73.0,Sense
2025-03-25T18:45:29Z,74.0,Sense
2025-03-25T18:45:34Z,73.0,Sense
2025-03-25T18:45:49Z,75.0,Sense
2025-03-25T18:45:54Z,73.0,Sense
2025-03-25T18:46:09Z,74.0,Sense
2025-03-25T18:46:14Z,76.0,Sense
2025-03-25T18:46:19Z,77.0,Sense
2025-03-25T18:46:24Z,75.0,Sense
2025-03-25T18:46:29Z,77.0,Sense
2025-03-25T18:46:39Z,75.0,Sense
2025-03-25T18:46:44Z,74.0,Sense
2025-03-25T18:46:49Z,79.0,Sense
2025-03-25T18:46:54Z,86.0,Sense
2025-03-25T18:46:59Z,84.0,Sense
2025-03-25T18:47:04Z,79.0,Sense
2025-03-25T18:47:14Z,80.0,Sense
2025-03-25T18:47:19Z,81.0,Sense
2025-03-25T18:47:24Z,79.0,Sense
2025-03-25T18:47:29Z,77.0,Sense
2025-03-25T18:47:34Z,76.0,Sense
2025-03-25T18:47:44Z,79.0,Sense
2025-03-25T18:47:54Z,78.0,Sense
2025-03-25T18:47:59Z,74.0,Sense
2025-03-25T18:48:04Z,78.0,Sense
2025-03-25T18:48:09Z,83.0,Sense
2025-03-25T18:48:14Z,85.0,Sense
2025-03-25T18:48:19Z,84.0,Sense
2025-03-25T18:48:24Z,85.0,Sense
2025-03-25T18:48:34Z,84.0,Sense
2025-03-25T18:48:39Z,82.0,Sense
2025-03-25T18:48:44Z,81.0,Sense
2025-03-25T18:48:49Z,85.0,Sense
2025-03-25T18:48:54Z,84.0,Sense
2025-03-25T18:49:04Z,81.0,Sense
2025-03-25T18:49:14Z,80.0,Sense
2025-03-25T18:49:19Z,77.0,Sense
2025-03-25T18:49:24Z,79.0,Sense
2025-03-25T18:49:29Z,84.0,Sense
2025-03-25T18:49:34Z,85.0,Sense
2025-03-25T18:49:49Z,89.0,Sense
2025-03-25T18:49:54Z,88.0,Sense
2025-03-25T18:49:59Z,89.0,Sense
2025-03-25T18:50:09Z,90.0,Sense
2025-03-25T18:50:24Z,90.0,Sense
2025-03-25T18:50:34Z,89.0,Sense
2025-03-25T18:50:39Z,90.0,Sense
2025-03-25T18:50:49Z,86.0,Sense
2025-03-25T18:50:54Z,82.0,Sense
2025-03-25T18:50:59Z,81.0,Sense
2025-03-25T18:51:04Z,78.0,Sense
2025-03-25T18:51:09Z,76.0,Sense
2025-03-25T18:51:14Z,75.0,Sense
2025-03-25T18:51:24Z,73.0,Sense
2025-03-25T18:51:29Z,74.0,Sense
2025-03-25T18:51:34Z,72.0,Sense
2025-03-25T18:51:39Z,68.0,Sense
2025-03-25T18:51:44Z,69.0,Sense
2025-03-25T18:51:49Z,73.0,Sense
2025-03-25T18:51:54Z,74.0,Sense
2025-03-25T18:51:59Z,73.0,Sense
2025-03-25T18:52:04Z,72.0,Sense
2025-03-25T18:52:14Z,74.0,Sense
2025-03-25T18:52:19Z,73.0,Sense
2025-03-25T18:52:29Z,71.0,Sense
2025-03-25T18:52:34Z,71.0,Sense
2025-03-25T18:52:39Z,70.0,Sense
2025-03-25T18:52:44Z,73.0,Sense
2025-03-25T18:52:49Z,76.0,Sense
2025-03-25T18:53:04Z,75.0,Sense
2025-03-25T18:53:09Z,74.0,Sense
2025-03-25T18:53:14Z,72.0,Sense
2025-03-25T18:53:19Z,71.0,Sense
2025-03-25T18:53:29Z,73.0,Sense
2025-03-25T18:53:39Z,71.0,Sense
2025-03-25T18:53:49Z,72.0,Sense
2025-03-25T18:53:54Z,75.0,Sense
2025-03-25T18:53:59Z,77.0,Sense
2025-03-25T18:54:04Z,74.0,Sense
2025-03-25T18:54:09Z,72.0,Sense
2025-03-25T18:54:14Z,73.0,Sense
2025-03-25T18:54:19Z,75.0,Sense
2025-03-25T18:54:34Z,76.0,Sense
2025-03-25T18:54:39Z,77.0,Sense
2025-03-25T18:54:44Z,78.0,Sense
2025-03-25T18:54:54Z,79.0,Sense
2025-03-25T18:54:59Z,81.0,Sense
2025-03-25T18:55:09Z,82.0,Sense
2025-03-25T18:55:24Z,82.0,Sense
2025-03-25T18:55:29Z,84.0,Sense
2025-03-25T18:55:39Z,85.0,Sense
2025-03-25T18:55:44Z,84.0,Sense
2025-03-25T18:55:49Z,84.0,Sense
2025-03-25T18:55:54Z,85.0,Sense
2025-03-25T18:55:59Z,84.0,Sense
2025-03-25T18:56:04Z,82.0,Sense
2025-03-25T18:56:14Z,80.0,Sense
2025-03-25T18:56:19Z,83.0,Sense
2025-03-25T18:56:24Z,82.0,Sense
2025-03-25T18:56:29Z,81.0,Sense
2025-03-25T18:56:34Z,80.0,Sense
2025-03-25T18:56:39Z,77.0,Sense
2025-03-25T18:56:44Z,76.0,Sense
2025-03-25T18:56:49Z,78.0,Sense
2025-03-25T18:56:54Z,79.0,Sense
2025-03-25T18:57:04Z,80.0,Sense
2025-03-25T18:57:09Z,81.0,Sense
2025-03-25T18:57:14Z,83.0,Sense
2025-03-25T18:57:19Z,82.0,Sense
2025-03-25T18:57:29Z,79.0,Sense
2025-03-25T18:57:34Z,76.0,Sense
2025-03-25T18:57:39Z,75.0,Sense
2025-03-25T18:57:49Z,76.0,Sense
2025-03-25T18:57:59Z,76.0,Sense
2025-03-25T18:58:04Z,78.0,Sense
2025-03-25T18:58:09Z,79.0,Sense
2025-03-25T18:58:14Z,80.0,Sense
2025-03-25T18:58:19Z,79.0,Sense
2025-03-25T18:58:29Z,78.0,Sense
2025-03-25T18:58:34Z,77.0,Sense
2025-03-25T18:58:44Z,76.0,Sense
2025-03-25T18:58:49Z,77.0,Sense
2025-03-25T18:58:54Z,79.0,Sense
2025-03-25T18:58:59Z,80.0,Sense
2025-03-25T18:59:09Z,75.0,Sense
2025-03-25T18:59:14Z,71.0,Sense
2025-03-25T18:59:19Z,70.0,Sense
2025-03-25T18:59:24Z,71.0,Sense
2025-03-25T18:59:29Z,69.0,Sense
2025-03-25T18:59:34Z,68.0,Sense
2025-03-25T18:59:39Z,67.0,Sense
2025-03-25T18:59:44Z,66.0,Sense
2025-03-25T18:59:49Z,65.0,Sense
2025-03-25T18:59:59Z,65.0,Sense
2025-03-25T19:00:04Z,66.0,Sense
2025-03-25T19:00:09Z,70.0,Sense
2025-03-25T19:00:14Z,74.0,Sense
2025-03-25T19:00:19Z,77.0,Sense
2025-03-25T19:00:24Z,80.0,Sense
2025-03-25T19:00:29Z,86.0,Sense
2025-03-25T19:00:34Z,84.0,Sense
2025-03-25T19:00:39Z,81.0,Sense
2025-03-25T19:00:45Z,77.0,Sense
2025-03-25T19:00:50Z,73.0,Sense
2025-03-25T19:00:55Z,69.0,Sense
2025-03-25T19:01:00Z,68.0,Sense
2025-03-25T19:01:05Z,67.0,Sense
2025-03-25T19:01:10Z,67.0,Sense
2025-03-25T19:01:15Z,66.0,Sense
2025-03-25T19:01:20Z,67.0,Sense
2025-03-25T19:01:25Z,71.0,Sense
2025-03-25T19:01:30Z,72.0,Sense
2025-03-25T19:01:45Z,72.0,Sense
2025-03-25T19:01:50Z,76.0,Sense
2025-03-25T19:01:55Z,74.0,Sense
2025-03-25T19:02:10Z,74.0,Sense
2025-03-25T19:02:15Z,73.0,Sense
2025-03-25T19:02:20Z,72.0,Sense
2025-03-25T19:02:35Z,72.0,Sense
2025-03-25T19:02:50Z,73.0,Sense
2025-03-25T19:02:55Z,75.0,Sense
2025-03-25T19:03:00Z,76.0,Sense
2025-03-25T19:03:05Z,74.0,Sense
2025-03-25T19:03:10Z,75.0,Sense
2025-03-25T19:03:15Z,74.0,Sense
2025-03-25T19:03:20Z,72.0,Sense
2025-03-25T19:03:30Z,71.0,Sense
2025-03-25T19:03:35Z,70.0,Sense
2025-03-25T19:03:45Z,70.0,Sense
2025-03-25T19:03:50Z,69.0,Sense
2025-03-25T19:04:00Z,68.0,Sense
2025-03-25T19:04:05Z,65.0,Sense
2025-03-25T19:04:10Z,64.0,Sense
2025-03-25T19:04:20Z,64.0,Sense
2025-03-25T19:04:35Z,64.0,Sense
2025-03-25T19:04:40Z,65.0,Sense
2025-03-25T19:04:55Z,64.0,Sense
2025-03-25T19:05:05Z,65.0,Sense
2025-03-25T19:05:10Z,66.0,Sense
2025-03-25T19:05:15Z,73.0,Sense
2025-03-25T19:05:20Z,74.0,Sense
2025-03-25T19:05:25Z,68.0,Sense
2025-03-25T19:05:30Z,67.0,Sense
2025-03-25T19:05:35Z,67.0,Sense
2025-03-25T19:05:40Z,65.0,Sense
2025-03-25T19:05:55Z,65.0,Sense
2025-03-25T19:06:10Z,67.0,Sense
2025-03-25T19:06:15Z,66.0,Sense
2025-03-25T19:06:20Z,65.0,Sense
2025-03-25T19:06:25Z,64.0,Sense
2025-03-25T19:06:30Z,63.0,Sense
2025-03-25T19:06:40Z,64.0,Sense
2025-03-25T19:06:50Z,66.0,Sense
2025-03-25T19:06:55Z,65.0,Sense
2025-03-25T19:07:00Z,64.0,Sense
2025-03-25T19:07:10Z,63.0,Sense
2025-03-25T19:07:15Z,63.0,Sense
2025-03-25T19:07:20Z,64.0,Sense
2025-03-25T19:07:25Z,63.0,Sense
2025-03-25T19:07:35Z,62.0,Sense
2025-03-25T19:07:40Z,63.0,Sense
2025-03-25T19:07:45Z,64.0,Sense
2025-03-25T19:07:50Z,66.0,Sense
2025-03-25T19:07:55Z,65.0,Sense
2025-03-25T19:08:05Z,67.0,Sense
2025-03-25T19:08:10Z,71.0,Sense
2025-03-25T19:08:15Z,69.0,Sense
2025-03-25T19:08:20Z,66.0,Sense
2025-03-25T19:08:25Z,67.0,Sense
2025-03-25T19:08:30Z,71.0,Sense
2025-03-25T19:08:35Z,72.0,Sense
2025-03-25T19:08:40Z,71.0,Sense
2025-03-25T19:08:45Z,70.0,Sense
2025-03-25T19:08:50Z,69.0,Sense
2025-03-25T19:08:55Z,67.0,Sense
2025-03-25T19:09:05Z,68.0,Sense
2025-03-25T19:09:10Z,70.0,Sense
2025-03-25T19:09:20Z,69.0,Sense
2025-03-25T19:09:25Z,68.0,Sense
2025-03-25T19:09:35Z,69.0,Sense
2025-03-25T19:09:40Z,70.0,Sense
2025-03-25T19:09:50Z,68.0,Sense
2025-03-25T19:10:00Z,67.0,Sense
2025-03-25T19:10:05Z,66.0,Sense
2025-03-25T19:10:10Z,66.0,Sense
2025-03-25T19:10:15Z,65.0,Sense
2025-03-25T19:10:20Z,65.0,Sense
2025-03-25T19:10:30Z,66.0,Sense
2025-03-25T19:10:35Z,64.0,Sense
2025-03-25T19:10:40Z,64.0,Sense
2025-03-25T19:10:50Z,65.0,Sense
2025-03-25T19:10:55Z,66.0,Sense
2025-03-25T19:11:00Z,66.0,Sense
2025-03-25T19:11:05Z,67.0,Sense
2025-03-25T19:11:10Z,69.0,Sense
2025-03-25T19:11:15Z,70.0,Sense
2025-03-25T19:11:30Z,71.0,Sense
2025-03-25T19:11:40Z,70.0,Sense
2025-03-25T19:11:45Z,69.0,Sense
2025-03-25T19:12:00Z,70.0,Sense
2025-03-25T19:12:10Z,70.0,Sense
2025-03-25T19:12:15Z,70.0,Sense
2025-03-25T19:12:20Z,69.0,Sense
2025-03-25T19:12:25Z,67.0,Sense
2025-03-25T19:12:30Z,66.0,Sense
2025-03-25T19:12:35Z,66.0,Sense
2025-03-25T19:12:45Z,66.0,Sense
2025-03-25T19:12:50Z,67.0,Sense
2025-03-25T19:12:55Z,67.0,Sense
2025-03-25T19:13:00Z,69.0,Sense
2025-03-25T19:13:05Z,73.0,Sense
2025-03-25T19:13:10Z,75.0,Sense
2025-03-25T19:13:15Z,74.0,Sense
2025-03-25T19:13:20Z,73.0,Sense
2025-03-25T19:13:25Z,71.0,Sense
2025-03-25T19:13:30Z,69.0,Sense
2025-03-25T19:13:35Z,67.0,Sense
2025-03-25T19:13:40Z,69.0,Sense
2025-03-25T19:13:45Z,72.0,Sense
2025-03-25T19:13:50Z,73.0,Sense
2025-03-25T19:13:55Z,71.0,Sense
2025-03-25T19:14:00Z,69.0,Sense
2025-03-25T19:14:05Z,69.0,Sense
2025-03-25T19:14:10Z,69.0,Sense
2025-03-25T19:14:20Z,70.0,Sense
2025-03-25T19:14:25Z,72.0,Sense
2025-03-25T19:14:30Z,75.0,Sense
2025-03-25T19:14:35Z,76.0,Sense
2025-03-25T19:14:40Z,72.0,Sense
2025-03-25T19:14:45Z,70.0,Sense
2025-03-25T19:14:50Z,67.0,Sense
2025-03-25T19:14:55Z,63.0,Sense
2025-03-25T19:15:00Z,64.0,Sense
2025-03-25T19:15:05Z,67.0,Sense
2025-03-25T19:15:10Z,68.0,Sense
2025-03-25T19:15:15Z,66.0,Sense
2025-03-25T19:15:20Z,65.0,Sense
2025-03-25T19:15:25Z,66.0,Sense
2025-03-25T19:15:30Z,68.0,Sense
2025-03-25T19:15:35Z,70.0,Sense
2025-03-25T19:15:40Z,71.0,Sense
2025-03-25T19:15:55Z,69.0,Sense
2025-03-25T19:16:10Z,71.0,Sense
2025-03-25T19:16:15Z,74.0,Sense
2025-03-25T19:16:20Z,73.0,Sense
2025-03-25T19:16:25Z,72.0,Sense
2025-03-25T19:16:30Z,70.0,Sense
2025-03-25T19:16:35Z,67.0,Sense
2025-03-25T19:16:40Z,66.0,Sense
2025-03-25T19:16:45Z,69.0,Sense
2025-03-25T19:16:50Z,72.0,Sense
2025-03-25T19:16:55Z,73.0,Sense
2025-03-25T19:17:00Z,71.0,Sense
2025-03-25T19:17:05Z,72.0,Sense
2025-03-25T19:17:10Z,71.0,Sense
2025-03-25T19:17:15Z,70.0,Sense
2025-03-25T19:17:20Z,69.0,Sense
2025-03-25T19:17:25Z,66.0,Sense
2025-03-25T19:17:30Z,64.0,Sense
2025-03-25T19:17:40Z,65.0,Sense
2025-03-25T19:17:55Z,66.0,Sense
2025-03-25T19:18:00Z,68.0,Sense
2025-03-25T19:18:05Z,71.0,Sense
2025-03-25T19:18:10Z,72.0,Sense
2025-03-25T19:18:15Z,71.0,Sense
2025-03-25T19:18:20Z,70.0,Sense
2025-03-25T19:18:25Z,68.0,Sense
2025-03-25T19:18:30Z,71.0,Sense
2025-03-25T19:18:35Z,72.0,Sense
2025-03-25T19:18:40Z,70.0,Sense
2025-03-25T19:18:45Z,67.0,Sense
2025-03-25T19:18:50Z,65.0,Sense
2025-03-25T19:18:55Z,68.0,Sense
2025-03-25T19:19:05Z,67.0,Sense
2025-03-25T19:19:15Z,67.0,Sense
2025-03-25T19:19:20Z,68.0,Sense
2025-03-25T19:19:25Z,67.0,Sense
2025-03-25T19:19:30Z,66.0,Sense
2025-03-25T19:19:40Z,68.0,Sense
2025-03-25T19:19:45Z,73.0,Sense
2025-03-25T19:19:50Z,72.0,Sense
2025-03-25T19:19:55Z,71.0,Sense
2025-03-25T19:20:05Z,73.0,Sense
2025-03-25T19:20:10Z,70.0,Sense
2025-03-25T19:20:15Z,67.0,Sense
2025-03-25T19:20:20Z,66.0,Sense
2025-03-25T19:20:25Z,69.0,Sense
2025-03-25T19:20:40Z,69.0,Sense
2025-03-25T19:20:45Z,70.0,Sense
2025-03-25T19:20:50Z,71.0,Sense
2025-03-25T19:20:55Z,67.0,Sense
2025-03-25T19:21:00Z,64.0,Sense
2025-03-25T19:21:05Z,66.0,Sense
2025-03-25T19:21:10Z,68.0,Sense
2025-03-25T19:21:20Z,67.0,Sense
2025-03-25T19:21:25Z,69.0,Sense
2025-03-25T19:21:30Z,67.0,Sense
2025-03-25T19:21:35Z,67.0,Sense
2025-03-25T19:21:40Z,66.0,Sense
2025-03-25T19:21:45Z,68.0,Sense
2025-03-25T19:21:50Z,70.0,Sense
2025-03-25T19:21:55Z,69.0,Sense
2025-03-25T19:22:05Z,70.0,Sense
2025-03-25T19:22:10Z,69.0,Sense
2025-03-25T19:22:15Z,67.0,Sense
2025-03-25T19:22:20Z,68.0,Sense
2025-03-25T19:22:35Z,68.0,Sense
2025-03-25T19:22:40Z,70.0,Sense
2025-03-25T19:22:45Z,72.0,Sense
2025-03-25T19:22:50Z,69.0,Sense
2025-03-25T19:22:55Z,68.0,Sense
2025-03-25T19:23:10Z,69.0,Sense
2025-03-25T19:23:15Z,70.0,Sense
2025-03-25T19:23:20Z,71.0,Sense
2025-03-25T19:23:25Z,70.0,Sense
2025-03-25T19:23:30Z,69.0,Sense
2025-03-25T19:23:35Z,66.0,Sense
2025-03-25T19:23:40Z,67.0,Sense
2025-03-25T19:23:45Z,66.0,Sense
2025-03-25T19:23:50Z,67.0,Sense
2025-03-25T19:23:55Z,70.0,Sense
2025-03-25T19:24:00Z,72.0,Sense
2025-03-25T19:24:05Z,81.0,Sense
2025-03-25T19:24:10Z,79.0,Sense
2025-03-25T19:24:15Z,81.0,Sense
2025-03-25T19:24:25Z,79.0,Sense
2025-03-25T19:24:30Z,80.0,Sense
2025-03-25T19:24:35Z,79.0,Sense
2025-03-25T19:24:40Z,77.0,Sense
2025-03-25T19:24:50Z,76.0,Sense
2025-03-25T19:24:55Z,75.0,Sense
2025-03-25T19:25:00Z,73.0,Sense
2025-03-25T19:25:10Z,73.0,Sense
2025-03-25T19:25:15Z,71.0,Sense
2025-03-25T19:25:25Z,72.0,Sense
2025-03-25T19:25:30Z,71.0,Sense
2025-03-25T19:25:35Z,70.0,Sense
2025-03-25T19:25:40Z,72.0,Sense
2025-03-25T19:25:45Z,73.0,Sense
2025-03-25T19:25:50Z,77.0,Sense
2025-03-25T19:25:55Z,73.0,Sense
2025-03-25T19:26:00Z,71.0,Sense
2025-03-25T19:26:05Z,69.0,Sense
2025-03-25T19:26:10Z,66.0,Sense
2025-03-25T19:26:15Z,66.0,Sense
2025-03-25T19:26:20Z,68.0,Sense
2025-03-25T19:26:25Z,73.0,Sense
2025-03-25T19:26:30Z,74.0,Sense
2025-03-25T19:26:35Z,73.0,Sense
2025-03-25T19:26:45Z,69.0,Sense
2025-03-25T19:26:50Z,71.0,Sense
2025-03-25T19:26:55Z,72.0,Sense
2025-03-25T19:27:00Z,70.0,Sense
2025-03-25T19:27:05Z,68.0,Sense
2025-03-25T19:27:10Z,66.0,Sense
2025-03-25T19:27:20Z,65.0,Sense
2025-03-25T19:27:30Z,66.0,Sense
2025-03-25T19:27:35Z,72.0,Sense
2025-03-25T19:27:45Z,71.0,Sense
2025-03-25T19:27:50Z,72.0,Sense
2025-03-25T19:27:55Z,73.0,Sense
2025-03-25T19:28:00Z,71.0,Sense
2025-03-25T19:28:10Z,70.0,Sense
2025-03-25T19:28:15Z,72.0,Sense
2025-03-25T19:28:30Z,72.0,Sense
2025-03-25T19:28:35Z,74.0,Sense
2025-03-25T19:28:40Z,77.0,Sense
2025-03-25T19:28:45Z,79.0,Sense
2025-03-25T19:28:50Z,80.0,Sense
2025-03-25T19:28:59Z,82.0,Sense
2025-03-25T19:29:09Z,81.0,Sense
2025-03-25T19:29:14Z,80.0,Sense
2025-03-25T19:29:29Z,79.0,Sense
2025-03-25T19:29:34Z,75.0,Sense
2025-03-25T19:29:39Z,68.0,Sense
2025-03-25T19:29:44Z,67.0,Sense
2025-03-25T19:29:49Z,66.0,Sense
2025-03-25T19:29:59Z,67.0,Sense
2025-03-25T19:30:14Z,64.0,Sense
2025-03-25T19:30:24Z,62.0,Sense
