timestamp,beats per minute,data source
2025-08-03T08:51:38Z,78.0,Sense
2025-08-03T08:51:43Z,82.0,Sense
2025-08-03T08:51:48Z,90.0,Sense
2025-08-03T08:51:53Z,91.0,Sense
2025-08-03T08:51:58Z,95.0,Sense
2025-08-03T08:52:08Z,97.0,Sense
2025-08-03T08:52:18Z,95.0,Sense
2025-08-03T08:52:23Z,93.0,Sense
2025-08-03T08:52:33Z,94.0,Sense
2025-08-03T08:52:38Z,93.0,Sense
2025-08-03T08:52:43Z,94.0,Sense
2025-08-03T08:52:48Z,95.0,Sense
2025-08-03T08:52:53Z,93.0,Sense
2025-08-03T08:52:58Z,96.0,Sense
2025-08-03T08:53:03Z,98.0,Sense
2025-08-03T08:53:08Z,97.0,Sense
2025-08-03T08:53:13Z,94.0,Sense
2025-08-03T08:53:18Z,92.0,Sense
2025-08-03T08:53:23Z,96.0,Sense
2025-08-03T08:53:28Z,98.0,Sense
2025-08-03T08:53:33Z,99.0,Sense
2025-08-03T08:53:38Z,101.0,Sense
2025-08-03T08:53:43Z,101.0,Sense
2025-08-03T08:53:48Z,102.0,Sense
2025-08-03T08:53:53Z,105.0,Sense
2025-08-03T08:53:58Z,106.0,Sense
2025-08-03T08:54:03Z,107.0,Sense
2025-08-03T08:54:08Z,106.0,Sense
2025-08-03T08:54:18Z,107.0,Sense
2025-08-03T08:54:23Z,105.0,Sense
2025-08-03T08:54:28Z,105.0,Sense
2025-08-03T08:54:38Z,106.0,Sense
2025-08-03T08:54:43Z,106.0,Sense
2025-08-03T08:54:48Z,107.0,Sense
2025-08-03T08:54:53Z,107.0,Sense
2025-08-03T08:54:58Z,104.0,Sense
2025-08-03T08:55:03Z,102.0,Sense
2025-08-03T08:55:18Z,104.0,Sense
2025-08-03T08:55:23Z,106.0,Sense
2025-08-03T08:55:28Z,105.0,Sense
2025-08-03T08:55:38Z,103.0,Sense
2025-08-03T08:55:43Z,103.0,Sense
2025-08-03T08:55:49Z,101.0,Sense
2025-08-03T08:56:04Z,101.0,Sense
2025-08-03T08:56:09Z,102.0,Sense
2025-08-03T08:56:14Z,102.0,Sense
2025-08-03T08:56:19Z,102.0,Sense
2025-08-03T08:56:24Z,101.0,Sense
2025-08-03T08:57:08Z,101.0,Sense
2025-08-03T08:57:13Z,103.0,Sense
2025-08-03T08:57:18Z,102.0,Sense
2025-08-03T08:57:57Z,101.0,Sense
2025-08-03T08:58:12Z,102.0,Sense
2025-08-03T08:58:17Z,102.0,Sense
2025-08-03T08:58:22Z,101.0,Sense
2025-08-03T08:58:27Z,100.0,Sense
2025-08-03T08:58:32Z,100.0,Sense
2025-08-03T08:58:42Z,101.0,Sense
2025-08-03T08:58:57Z,103.0,Sense
2025-08-03T08:59:07Z,103.0,Sense
2025-08-03T08:59:12Z,105.0,Sense
2025-08-03T08:59:17Z,102.0,Sense
2025-08-03T08:59:22Z,98.0,Sense
2025-08-03T08:59:27Z,97.0,Sense
2025-08-03T08:59:32Z,99.0,Sense
2025-08-03T08:59:37Z,100.0,Sense
2025-08-03T08:59:42Z,102.0,Sense
2025-08-03T08:59:47Z,102.0,Sense
2025-08-03T08:59:52Z,103.0,Sense
2025-08-03T08:59:57Z,105.0,Sense
2025-08-03T09:00:07Z,104.0,Sense
2025-08-03T09:00:17Z,103.0,Sense
2025-08-03T09:00:32Z,102.0,Sense
2025-08-03T09:00:47Z,101.0,Sense
2025-08-03T09:00:52Z,99.0,Sense
2025-08-03T09:00:57Z,99.0,Sense
2025-08-03T09:01:02Z,104.0,Sense
2025-08-03T09:01:12Z,103.0,Sense
2025-08-03T09:01:17Z,102.0,Sense
2025-08-03T09:01:22Z,100.0,Sense
2025-08-03T09:01:32Z,99.0,Sense
2025-08-03T09:01:37Z,100.0,Sense
2025-08-03T09:01:42Z,101.0,Sense
2025-08-03T09:01:47Z,100.0,Sense
2025-08-03T09:01:52Z,98.0,Sense
2025-08-03T09:01:57Z,96.0,Sense
2025-08-03T09:02:02Z,95.0,Sense
2025-08-03T09:02:07Z,98.0,Sense
2025-08-03T09:02:12Z,100.0,Sense
2025-08-03T09:02:17Z,99.0,Sense
2025-08-03T09:02:22Z,98.0,Sense
2025-08-03T09:02:37Z,97.0,Sense
2025-08-03T09:02:52Z,98.0,Sense
2025-08-03T09:02:57Z,99.0,Sense
2025-08-03T09:03:02Z,100.0,Sense
2025-08-03T09:03:12Z,101.0,Sense
2025-08-03T09:03:17Z,103.0,Sense
2025-08-03T09:03:22Z,102.0,Sense
2025-08-03T09:03:27Z,102.0,Sense
2025-08-03T09:03:42Z,101.0,Sense
2025-08-03T09:03:47Z,100.0,Sense
2025-08-03T09:03:57Z,101.0,Sense
2025-08-03T09:04:12Z,102.0,Sense
2025-08-03T09:04:22Z,104.0,Sense
2025-08-03T09:04:27Z,106.0,Sense
2025-08-03T09:04:32Z,106.0,Sense
2025-08-03T09:04:37Z,105.0,Sense
2025-08-03T09:04:47Z,108.0,Sense
2025-08-03T09:04:52Z,108.0,Sense
2025-08-03T09:04:57Z,108.0,Sense
2025-08-03T09:05:02Z,111.0,Sense
2025-08-03T09:05:07Z,106.0,Sense
2025-08-03T09:05:12Z,102.0,Sense
2025-08-03T09:05:17Z,104.0,Sense
2025-08-03T09:05:22Z,102.0,Sense
2025-08-03T09:05:27Z,100.0,Sense
2025-08-03T09:05:42Z,102.0,Sense
2025-08-03T09:05:47Z,103.0,Sense
2025-08-03T09:05:52Z,104.0,Sense
2025-08-03T09:05:57Z,104.0,Sense
2025-08-03T09:06:07Z,102.0,Sense
2025-08-03T09:06:12Z,104.0,Sense
2025-08-03T09:06:17Z,107.0,Sense
2025-08-03T09:06:22Z,106.0,Sense
2025-08-03T09:06:37Z,106.0,Sense
2025-08-03T09:06:47Z,106.0,Sense
2025-08-03T09:06:52Z,104.0,Sense
2025-08-03T09:06:57Z,99.0,Sense
2025-08-03T09:07:02Z,98.0,Sense
2025-08-03T09:07:07Z,99.0,Sense
2025-08-03T09:07:22Z,100.0,Sense
2025-08-03T09:07:37Z,100.0,Sense
2025-08-03T09:07:42Z,101.0,Sense
2025-08-03T09:07:47Z,102.0,Sense
2025-08-03T09:08:02Z,101.0,Sense
2025-08-03T09:08:17Z,101.0,Sense
2025-08-03T09:08:22Z,102.0,Sense
2025-08-03T09:08:32Z,104.0,Sense
2025-08-03T09:08:37Z,105.0,Sense
2025-08-03T09:08:42Z,104.0,Sense
2025-08-03T09:08:57Z,105.0,Sense
2025-08-03T09:09:02Z,104.0,Sense
2025-08-03T09:09:07Z,103.0,Sense
2025-08-03T09:09:17Z,102.0,Sense
2025-08-03T09:09:22Z,103.0,Sense
2025-08-03T09:09:27Z,103.0,Sense
2025-08-03T09:09:32Z,104.0,Sense
2025-08-03T09:09:37Z,102.0,Sense
2025-08-03T09:09:42Z,100.0,Sense
2025-08-03T09:09:52Z,101.0,Sense
2025-08-03T09:09:57Z,102.0,Sense
2025-08-03T09:10:12Z,103.0,Sense
2025-08-03T09:10:27Z,102.0,Sense
2025-08-03T09:10:42Z,103.0,Sense
2025-08-03T09:10:47Z,101.0,Sense
2025-08-03T09:11:02Z,102.0,Sense
2025-08-03T09:11:07Z,104.0,Sense
2025-08-03T09:11:12Z,103.0,Sense
2025-08-03T09:11:17Z,102.0,Sense
2025-08-03T09:11:22Z,101.0,Sense
2025-08-03T09:11:27Z,100.0,Sense
2025-08-03T09:11:32Z,99.0,Sense
2025-08-03T09:11:37Z,100.0,Sense
2025-08-03T09:11:52Z,101.0,Sense
2025-08-03T09:11:57Z,102.0,Sense
2025-08-03T09:12:02Z,102.0,Sense
2025-08-03T09:12:17Z,102.0,Sense
2025-08-03T09:12:32Z,102.0,Sense
2025-08-03T09:12:47Z,103.0,Sense
2025-08-03T09:12:57Z,104.0,Sense
2025-08-03T09:13:02Z,105.0,Sense
2025-08-03T09:13:07Z,104.0,Sense
2025-08-03T09:13:12Z,103.0,Sense
2025-08-03T09:13:27Z,101.0,Sense
2025-08-03T09:13:32Z,100.0,Sense
2025-08-03T09:13:42Z,101.0,Sense
2025-08-03T09:13:47Z,102.0,Sense
2025-08-03T09:13:52Z,102.0,Sense
2025-08-03T09:13:57Z,98.0,Sense
2025-08-03T09:14:02Z,100.0,Sense
2025-08-03T09:14:07Z,103.0,Sense
2025-08-03T09:14:17Z,102.0,Sense
2025-08-03T09:14:32Z,102.0,Sense
2025-08-03T09:14:37Z,101.0,Sense
2025-08-03T09:14:47Z,103.0,Sense
2025-08-03T09:14:57Z,102.0,Sense
2025-08-03T09:15:02Z,101.0,Sense
2025-08-03T09:15:07Z,101.0,Sense
2025-08-03T09:15:12Z,100.0,Sense
2025-08-03T09:15:17Z,102.0,Sense
2025-08-03T09:15:22Z,103.0,Sense
2025-08-03T09:15:27Z,102.0,Sense
2025-08-03T09:15:32Z,103.0,Sense
2025-08-03T09:15:37Z,101.0,Sense
2025-08-03T09:15:42Z,101.0,Sense
2025-08-03T09:15:47Z,102.0,Sense
2025-08-03T09:15:52Z,103.0,Sense
2025-08-03T09:15:57Z,102.0,Sense
2025-08-03T09:16:12Z,102.0,Sense
2025-08-03T09:16:22Z,105.0,Sense
2025-08-03T09:16:27Z,106.0,Sense
2025-08-03T09:16:32Z,105.0,Sense
2025-08-03T09:16:37Z,102.0,Sense
2025-08-03T09:16:42Z,99.0,Sense
2025-08-03T09:16:47Z,100.0,Sense
2025-08-03T09:16:52Z,102.0,Sense
2025-08-03T09:17:02Z,102.0,Sense
2025-08-03T09:17:07Z,103.0,Sense
2025-08-03T09:17:12Z,103.0,Sense
2025-08-03T09:17:17Z,101.0,Sense
2025-08-03T09:17:22Z,102.0,Sense
2025-08-03T09:17:27Z,103.0,Sense
2025-08-03T09:17:32Z,104.0,Sense
2025-08-03T09:17:37Z,105.0,Sense
2025-08-03T09:17:42Z,107.0,Sense
2025-08-03T09:17:47Z,106.0,Sense
2025-08-03T09:17:57Z,105.0,Sense
2025-08-03T09:18:02Z,103.0,Sense
2025-08-03T09:18:07Z,101.0,Sense
2025-08-03T09:18:17Z,102.0,Sense
2025-08-03T09:18:22Z,103.0,Sense
2025-08-03T09:18:32Z,102.0,Sense
2025-08-03T09:18:37Z,104.0,Sense
2025-08-03T09:18:42Z,103.0,Sense
2025-08-03T09:18:52Z,104.0,Sense
2025-08-03T09:18:57Z,105.0,Sense
2025-08-03T09:19:07Z,104.0,Sense
2025-08-03T09:19:17Z,105.0,Sense
2025-08-03T09:19:22Z,105.0,Sense
2025-08-03T09:19:37Z,106.0,Sense
2025-08-03T09:19:47Z,106.0,Sense
2025-08-03T09:19:52Z,107.0,Sense
2025-08-03T09:19:57Z,106.0,Sense
2025-08-03T09:20:02Z,102.0,Sense
2025-08-03T09:20:07Z,101.0,Sense
2025-08-03T09:20:12Z,103.0,Sense
2025-08-03T09:20:17Z,105.0,Sense
2025-08-03T09:20:32Z,105.0,Sense
2025-08-03T09:20:37Z,106.0,Sense
2025-08-03T09:20:42Z,105.0,Sense
2025-08-03T09:20:47Z,104.0,Sense
2025-08-03T09:20:52Z,103.0,Sense
2025-08-03T09:20:57Z,103.0,Sense
2025-08-03T09:21:07Z,104.0,Sense
2025-08-03T09:21:12Z,105.0,Sense
2025-08-03T09:21:22Z,102.0,Sense
2025-08-03T09:21:27Z,98.0,Sense
2025-08-03T09:21:32Z,100.0,Sense
2025-08-03T09:21:37Z,102.0,Sense
2025-08-03T09:21:42Z,102.0,Sense
2025-08-03T09:21:47Z,102.0,Sense
2025-08-03T09:21:52Z,103.0,Sense
2025-08-03T09:21:57Z,104.0,Sense
2025-08-03T09:22:02Z,106.0,Sense
2025-08-03T09:22:07Z,105.0,Sense
2025-08-03T09:22:12Z,104.0,Sense
2025-08-03T09:22:17Z,106.0,Sense
2025-08-03T09:22:22Z,105.0,Sense
2025-08-03T09:22:27Z,104.0,Sense
2025-08-03T09:22:32Z,105.0,Sense
2025-08-03T09:22:42Z,108.0,Sense
2025-08-03T09:22:52Z,106.0,Sense
2025-08-03T09:22:57Z,105.0,Sense
2025-08-03T09:23:02Z,106.0,Sense
2025-08-03T09:23:07Z,105.0,Sense
2025-08-03T09:23:12Z,104.0,Sense
2025-08-03T09:23:17Z,104.0,Sense
2025-08-03T09:23:22Z,105.0,Sense
2025-08-03T09:23:27Z,105.0,Sense
2025-08-03T09:23:32Z,106.0,Sense
2025-08-03T09:23:37Z,108.0,Sense
2025-08-03T09:23:42Z,107.0,Sense
2025-08-03T09:23:47Z,104.0,Sense
2025-08-03T09:23:52Z,103.0,Sense
2025-08-03T09:24:02Z,105.0,Sense
2025-08-03T09:24:07Z,106.0,Sense
2025-08-03T09:24:12Z,107.0,Sense
2025-08-03T09:24:17Z,108.0,Sense
2025-08-03T09:24:27Z,109.0,Sense
2025-08-03T09:24:32Z,108.0,Sense
2025-08-03T09:24:37Z,105.0,Sense
2025-08-03T09:24:42Z,102.0,Sense
2025-08-03T09:24:52Z,103.0,Sense
2025-08-03T09:24:57Z,104.0,Sense
2025-08-03T09:25:02Z,103.0,Sense
2025-08-03T09:25:07Z,106.0,Sense
2025-08-03T09:25:12Z,105.0,Sense
2025-08-03T09:25:17Z,104.0,Sense
2025-08-03T09:25:22Z,103.0,Sense
2025-08-03T09:25:27Z,102.0,Sense
2025-08-03T09:25:37Z,103.0,Sense
2025-08-03T09:25:47Z,104.0,Sense
2025-08-03T09:25:52Z,105.0,Sense
2025-08-03T09:26:02Z,106.0,Sense
2025-08-03T09:26:07Z,105.0,Sense
2025-08-03T09:26:12Z,104.0,Sense
2025-08-03T09:26:17Z,103.0,Sense
2025-08-03T09:26:27Z,102.0,Sense
2025-08-03T09:26:42Z,101.0,Sense
2025-08-03T09:26:47Z,100.0,Sense
2025-08-03T09:26:52Z,101.0,Sense
2025-08-03T09:26:57Z,102.0,Sense
2025-08-03T09:27:02Z,101.0,Sense
2025-08-03T09:27:07Z,102.0,Sense
2025-08-03T09:27:12Z,104.0,Sense
2025-08-03T09:27:17Z,106.0,Sense
2025-08-03T09:27:27Z,105.0,Sense
2025-08-03T09:27:32Z,104.0,Sense
2025-08-03T09:27:42Z,103.0,Sense
2025-08-03T09:27:52Z,104.0,Sense
2025-08-03T09:27:57Z,102.0,Sense
2025-08-03T09:28:02Z,99.0,Sense
2025-08-03T09:28:07Z,96.0,Sense
2025-08-03T09:28:12Z,103.0,Sense
2025-08-03T09:28:17Z,105.0,Sense
2025-08-03T09:28:32Z,105.0,Sense
2025-08-03T09:28:42Z,106.0,Sense
2025-08-03T09:28:52Z,104.0,Sense
2025-08-03T09:28:57Z,103.0,Sense
2025-08-03T09:29:02Z,104.0,Sense
2025-08-03T09:29:17Z,104.0,Sense
2025-08-03T09:29:22Z,104.0,Sense
2025-08-03T09:29:37Z,104.0,Sense
2025-08-03T09:29:47Z,106.0,Sense
2025-08-03T09:30:02Z,106.0,Sense
2025-08-03T09:30:07Z,105.0,Sense
2025-08-03T09:30:12Z,104.0,Sense
2025-08-03T09:30:27Z,104.0,Sense
2025-08-03T09:30:32Z,105.0,Sense
2025-08-03T09:30:47Z,99.0,Sense
2025-08-03T09:30:52Z,98.0,Sense
2025-08-03T09:30:57Z,95.0,Sense
2025-08-03T09:31:07Z,101.0,Sense
2025-08-03T09:31:12Z,104.0,Sense
2025-08-03T09:31:22Z,105.0,Sense
2025-08-03T09:31:32Z,104.0,Sense
2025-08-03T09:31:37Z,103.0,Sense
2025-08-03T09:31:47Z,104.0,Sense
2025-08-03T09:32:02Z,104.0,Sense
2025-08-03T09:32:07Z,103.0,Sense
2025-08-03T09:32:17Z,101.0,Sense
2025-08-03T09:32:22Z,99.0,Sense
2025-08-03T09:32:27Z,101.0,Sense
2025-08-03T09:32:32Z,105.0,Sense
2025-08-03T09:32:37Z,106.0,Sense
2025-08-03T09:32:42Z,104.0,Sense
2025-08-03T09:32:47Z,101.0,Sense
2025-08-03T09:32:52Z,101.0,Sense
2025-08-03T09:32:57Z,102.0,Sense
2025-08-03T09:33:02Z,103.0,Sense
2025-08-03T09:33:17Z,105.0,Sense
2025-08-03T09:33:22Z,106.0,Sense
2025-08-03T09:33:32Z,105.0,Sense
2025-08-03T09:33:37Z,103.0,Sense
2025-08-03T09:33:52Z,105.0,Sense
2025-08-03T09:33:57Z,106.0,Sense
2025-08-03T09:34:07Z,106.0,Sense
2025-08-03T09:34:17Z,104.0,Sense
2025-08-03T09:34:32Z,106.0,Sense
2025-08-03T09:34:37Z,105.0,Sense
2025-08-03T09:34:42Z,104.0,Sense
2025-08-03T09:34:47Z,102.0,Sense
2025-08-03T09:34:52Z,103.0,Sense
2025-08-03T09:34:57Z,106.0,Sense
2025-08-03T09:35:02Z,108.0,Sense
2025-08-03T09:35:17Z,108.0,Sense
2025-08-03T09:35:22Z,107.0,Sense
2025-08-03T09:35:27Z,105.0,Sense
2025-08-03T09:35:37Z,105.0,Sense
2025-08-03T09:35:42Z,104.0,Sense
2025-08-03T09:35:47Z,105.0,Sense
2025-08-03T09:35:52Z,106.0,Sense
2025-08-03T09:35:57Z,103.0,Sense
2025-08-03T09:36:02Z,103.0,Sense
2025-08-03T09:36:07Z,104.0,Sense
2025-08-03T09:36:12Z,104.0,Sense
2025-08-03T09:36:17Z,103.0,Sense
2025-08-03T09:36:22Z,101.0,Sense
2025-08-03T09:36:27Z,100.0,Sense
2025-08-03T09:36:37Z,102.0,Sense
2025-08-03T09:36:42Z,101.0,Sense
2025-08-03T09:36:47Z,101.0,Sense
2025-08-03T09:36:57Z,101.0,Sense
2025-08-03T09:37:07Z,103.0,Sense
2025-08-03T09:37:12Z,102.0,Sense
2025-08-03T09:37:17Z,102.0,Sense
2025-08-03T09:37:22Z,97.0,Sense
2025-08-03T09:37:27Z,97.0,Sense
2025-08-03T09:37:32Z,102.0,Sense
2025-08-03T09:37:37Z,103.0,Sense
2025-08-03T09:37:42Z,104.0,Sense
2025-08-03T09:37:47Z,101.0,Sense
2025-08-03T09:37:52Z,99.0,Sense
2025-08-03T09:38:07Z,99.0,Sense
2025-08-03T09:38:17Z,100.0,Sense
2025-08-03T09:38:22Z,101.0,Sense
2025-08-03T09:38:27Z,102.0,Sense
2025-08-03T09:38:42Z,102.0,Sense
2025-08-03T09:38:47Z,102.0,Sense
2025-08-03T09:38:57Z,102.0,Sense
2025-08-03T09:39:12Z,103.0,Sense
2025-08-03T09:39:17Z,102.0,Sense
2025-08-03T09:39:22Z,102.0,Sense
2025-08-03T09:39:27Z,101.0,Sense
2025-08-03T09:39:37Z,101.0,Sense
2025-08-03T09:39:42Z,102.0,Sense
2025-08-03T09:39:47Z,103.0,Sense
2025-08-03T09:39:52Z,101.0,Sense
2025-08-03T09:39:57Z,100.0,Sense
2025-08-03T09:40:12Z,101.0,Sense
2025-08-03T09:40:17Z,104.0,Sense
2025-08-03T09:40:22Z,105.0,Sense
2025-08-03T09:40:27Z,105.0,Sense
2025-08-03T09:40:32Z,103.0,Sense
2025-08-03T09:40:42Z,104.0,Sense
2025-08-03T09:40:57Z,103.0,Sense
2025-08-03T09:41:02Z,103.0,Sense
2025-08-03T09:41:07Z,102.0,Sense
2025-08-03T09:41:12Z,103.0,Sense
2025-08-03T09:41:22Z,104.0,Sense
2025-08-03T09:41:27Z,104.0,Sense
2025-08-03T09:41:32Z,105.0,Sense
2025-08-03T09:41:42Z,104.0,Sense
2025-08-03T09:41:47Z,103.0,Sense
2025-08-03T09:42:02Z,104.0,Sense
2025-08-03T09:42:07Z,105.0,Sense
2025-08-03T09:42:12Z,106.0,Sense
2025-08-03T09:42:22Z,108.0,Sense
2025-08-03T09:42:27Z,111.0,Sense
2025-08-03T09:42:32Z,111.0,Sense
2025-08-03T09:42:37Z,109.0,Sense
2025-08-03T09:42:42Z,109.0,Sense
2025-08-03T09:42:47Z,110.0,Sense
2025-08-03T09:42:52Z,108.0,Sense
2025-08-03T09:43:02Z,107.0,Sense
2025-08-03T09:43:07Z,105.0,Sense
2025-08-03T09:43:22Z,106.0,Sense
2025-08-03T09:43:32Z,107.0,Sense
2025-08-03T09:43:37Z,108.0,Sense
2025-08-03T09:43:42Z,109.0,Sense
2025-08-03T09:43:47Z,107.0,Sense
2025-08-03T09:43:52Z,106.0,Sense
2025-08-03T09:44:02Z,107.0,Sense
2025-08-03T09:44:17Z,108.0,Sense
2025-08-03T09:44:22Z,109.0,Sense
2025-08-03T09:44:27Z,108.0,Sense
2025-08-03T09:44:32Z,108.0,Sense
2025-08-03T09:44:47Z,109.0,Sense
2025-08-03T09:44:52Z,108.0,Sense
2025-08-03T09:45:02Z,109.0,Sense
2025-08-03T09:45:07Z,110.0,Sense
2025-08-03T09:45:12Z,109.0,Sense
2025-08-03T09:45:22Z,112.0,Sense
2025-08-03T09:45:32Z,111.0,Sense
2025-08-03T09:45:42Z,110.0,Sense
2025-08-03T09:45:47Z,108.0,Sense
2025-08-03T09:45:52Z,108.0,Sense
2025-08-03T09:45:57Z,107.0,Sense
2025-08-03T09:46:07Z,108.0,Sense
2025-08-03T09:46:17Z,109.0,Sense
2025-08-03T09:46:22Z,107.0,Sense
2025-08-03T09:46:27Z,108.0,Sense
2025-08-03T09:46:42Z,107.0,Sense
2025-08-03T09:46:47Z,106.0,Sense
2025-08-03T09:46:57Z,107.0,Sense
2025-08-03T09:47:02Z,106.0,Sense
2025-08-03T09:47:07Z,105.0,Sense
2025-08-03T09:47:12Z,104.0,Sense
2025-08-03T09:47:17Z,105.0,Sense
2025-08-03T09:47:22Z,108.0,Sense
2025-08-03T09:47:27Z,109.0,Sense
2025-08-03T09:47:32Z,110.0,Sense
2025-08-03T09:47:37Z,114.0,Sense
2025-08-03T09:47:42Z,113.0,Sense
2025-08-03T09:47:47Z,112.0,Sense
2025-08-03T09:47:52Z,110.0,Sense
2025-08-03T09:47:57Z,108.0,Sense
2025-08-03T09:48:02Z,106.0,Sense
2025-08-03T09:48:12Z,108.0,Sense
2025-08-03T09:48:17Z,109.0,Sense
2025-08-03T09:48:27Z,110.0,Sense
2025-08-03T09:48:32Z,111.0,Sense
2025-08-03T09:48:37Z,109.0,Sense
2025-08-03T09:48:42Z,108.0,Sense
2025-08-03T09:48:47Z,108.0,Sense
2025-08-03T09:48:57Z,107.0,Sense
2025-08-03T09:49:02Z,108.0,Sense
2025-08-03T09:49:12Z,107.0,Sense
2025-08-03T09:49:22Z,108.0,Sense
2025-08-03T09:49:27Z,109.0,Sense
2025-08-03T09:49:32Z,108.0,Sense
2025-08-03T09:49:42Z,110.0,Sense
2025-08-03T09:49:52Z,109.0,Sense
2025-08-03T09:49:57Z,108.0,Sense
2025-08-03T09:50:02Z,107.0,Sense
2025-08-03T09:50:07Z,106.0,Sense
2025-08-03T09:50:12Z,108.0,Sense
2025-08-03T09:50:17Z,110.0,Sense
2025-08-03T09:50:27Z,111.0,Sense
2025-08-03T09:50:32Z,110.0,Sense
2025-08-03T09:50:47Z,110.0,Sense
2025-08-03T09:50:52Z,109.0,Sense
2025-08-03T09:50:57Z,109.0,Sense
2025-08-03T09:51:02Z,108.0,Sense
2025-08-03T09:51:07Z,106.0,Sense
2025-08-03T09:51:12Z,107.0,Sense
2025-08-03T09:51:22Z,107.0,Sense
2025-08-03T09:51:32Z,108.0,Sense
2025-08-03T09:51:37Z,114.0,Sense
2025-08-03T09:51:42Z,115.0,Sense
2025-08-03T09:51:47Z,114.0,Sense
2025-08-03T09:51:52Z,110.0,Sense
2025-08-03T09:52:02Z,109.0,Sense
2025-08-03T09:52:12Z,110.0,Sense
2025-08-03T09:52:17Z,109.0,Sense
2025-08-03T09:52:22Z,108.0,Sense
2025-08-03T09:52:27Z,111.0,Sense
2025-08-03T09:52:37Z,113.0,Sense
2025-08-03T09:52:42Z,109.0,Sense
2025-08-03T09:52:47Z,106.0,Sense
2025-08-03T09:52:52Z,103.0,Sense
2025-08-03T09:52:57Z,101.0,Sense
2025-08-03T09:53:02Z,103.0,Sense
2025-08-03T09:53:07Z,104.0,Sense
2025-08-03T09:53:12Z,105.0,Sense
2025-08-03T09:53:27Z,106.0,Sense
2025-08-03T09:53:32Z,107.0,Sense
2025-08-03T09:53:37Z,109.0,Sense
2025-08-03T09:53:47Z,106.0,Sense
2025-08-03T09:53:52Z,104.0,Sense
2025-08-03T09:53:57Z,102.0,Sense
2025-08-03T09:54:02Z,105.0,Sense
2025-08-03T09:54:07Z,106.0,Sense
2025-08-03T09:54:12Z,107.0,Sense
2025-08-03T09:54:17Z,108.0,Sense
2025-08-03T09:54:27Z,106.0,Sense
2025-08-03T09:54:37Z,105.0,Sense
2025-08-03T09:54:42Z,105.0,Sense
2025-08-03T09:54:47Z,107.0,Sense
2025-08-03T09:54:57Z,106.0,Sense
2025-08-03T09:55:07Z,107.0,Sense
2025-08-03T09:55:12Z,106.0,Sense
2025-08-03T09:55:17Z,108.0,Sense
2025-08-03T09:55:22Z,108.0,Sense
2025-08-03T09:55:27Z,107.0,Sense
2025-08-03T09:55:32Z,106.0,Sense
2025-08-03T09:55:37Z,106.0,Sense
2025-08-03T09:55:42Z,107.0,Sense
2025-08-03T09:55:52Z,106.0,Sense
2025-08-03T09:55:57Z,105.0,Sense
2025-08-03T09:56:02Z,105.0,Sense
2025-08-03T09:56:07Z,104.0,Sense
2025-08-03T09:56:12Z,103.0,Sense
2025-08-03T09:56:17Z,105.0,Sense
2025-08-03T09:56:32Z,105.0,Sense
2025-08-03T09:56:37Z,104.0,Sense
2025-08-03T09:56:52Z,104.0,Sense
2025-08-03T09:56:57Z,105.0,Sense
2025-08-03T09:57:07Z,106.0,Sense
2025-08-03T09:57:12Z,107.0,Sense
2025-08-03T09:57:17Z,108.0,Sense
2025-08-03T09:57:22Z,110.0,Sense
2025-08-03T09:57:27Z,111.0,Sense
2025-08-03T09:57:32Z,109.0,Sense
2025-08-03T09:57:37Z,107.0,Sense
2025-08-03T09:57:42Z,104.0,Sense
2025-08-03T09:57:52Z,105.0,Sense
2025-08-03T09:58:07Z,104.0,Sense
2025-08-03T09:58:12Z,102.0,Sense
2025-08-03T09:58:17Z,101.0,Sense
2025-08-03T09:58:32Z,103.0,Sense
2025-08-03T09:58:42Z,102.0,Sense
2025-08-03T09:58:47Z,101.0,Sense
2025-08-03T09:58:52Z,102.0,Sense
2025-08-03T09:58:57Z,102.0,Sense
2025-08-03T09:59:07Z,103.0,Sense
2025-08-03T09:59:12Z,105.0,Sense
2025-08-03T09:59:17Z,107.0,Sense
2025-08-03T09:59:22Z,108.0,Sense
2025-08-03T09:59:27Z,106.0,Sense
2025-08-03T09:59:32Z,103.0,Sense
2025-08-03T09:59:37Z,102.0,Sense
2025-08-03T09:59:42Z,103.0,Sense
2025-08-03T09:59:57Z,103.0,Sense
2025-08-03T10:00:02Z,102.0,Sense
2025-08-03T10:00:07Z,103.0,Sense
2025-08-03T10:00:17Z,102.0,Sense
2025-08-03T10:00:32Z,102.0,Sense
2025-08-03T10:00:37Z,101.0,Sense
2025-08-03T10:00:42Z,102.0,Sense
2025-08-03T10:00:47Z,103.0,Sense
2025-08-03T10:00:52Z,102.0,Sense
2025-08-03T10:01:07Z,102.0,Sense
2025-08-03T10:01:12Z,103.0,Sense
2025-08-03T10:01:22Z,104.0,Sense
2025-08-03T10:01:27Z,104.0,Sense
2025-08-03T10:01:37Z,102.0,Sense
2025-08-03T10:01:42Z,99.0,Sense
2025-08-03T10:01:47Z,101.0,Sense
2025-08-03T10:01:52Z,100.0,Sense
2025-08-03T10:01:57Z,101.0,Sense
2025-08-03T10:02:02Z,102.0,Sense
2025-08-03T10:02:07Z,103.0,Sense
2025-08-03T10:02:17Z,102.0,Sense
2025-08-03T10:02:22Z,101.0,Sense
2025-08-03T10:02:32Z,102.0,Sense
2025-08-03T10:02:47Z,102.0,Sense
2025-08-03T10:02:57Z,101.0,Sense
2025-08-03T10:03:02Z,99.0,Sense
2025-08-03T10:03:12Z,101.0,Sense
2025-08-03T10:03:27Z,100.0,Sense
2025-08-03T10:03:32Z,98.0,Sense
2025-08-03T10:03:42Z,100.0,Sense
2025-08-03T10:03:47Z,101.0,Sense
2025-08-03T10:04:02Z,100.0,Sense
2025-08-03T10:04:07Z,99.0,Sense
2025-08-03T10:04:12Z,100.0,Sense
2025-08-03T10:04:22Z,101.0,Sense
2025-08-03T10:04:27Z,102.0,Sense
2025-08-03T10:04:37Z,101.0,Sense
2025-08-03T10:04:42Z,101.0,Sense
2025-08-03T10:04:47Z,101.0,Sense
2025-08-03T10:05:02Z,101.0,Sense
2025-08-03T10:05:07Z,102.0,Sense
2025-08-03T10:05:12Z,102.0,Sense
2025-08-03T10:05:17Z,103.0,Sense
2025-08-03T10:05:27Z,102.0,Sense
2025-08-03T10:05:32Z,103.0,Sense
2025-08-03T10:05:42Z,104.0,Sense
2025-08-03T10:05:47Z,103.0,Sense
2025-08-03T10:05:57Z,104.0,Sense
2025-08-03T10:06:02Z,105.0,Sense
2025-08-03T10:06:12Z,104.0,Sense
2025-08-03T10:06:17Z,102.0,Sense
2025-08-03T10:06:22Z,101.0,Sense
2025-08-03T10:06:27Z,104.0,Sense
2025-08-03T10:06:32Z,106.0,Sense
2025-08-03T10:06:42Z,104.0,Sense
2025-08-03T10:06:47Z,102.0,Sense
2025-08-03T10:06:52Z,102.0,Sense
2025-08-03T10:06:57Z,101.0,Sense
2025-08-03T10:07:12Z,102.0,Sense
2025-08-03T10:07:27Z,101.0,Sense
2025-08-03T10:07:37Z,102.0,Sense
2025-08-03T10:07:52Z,103.0,Sense
2025-08-03T10:07:57Z,104.0,Sense
2025-08-03T10:08:02Z,102.0,Sense
2025-08-03T10:08:07Z,103.0,Sense
2025-08-03T10:08:17Z,102.0,Sense
2025-08-03T10:08:22Z,103.0,Sense
2025-08-03T10:08:37Z,103.0,Sense
2025-08-03T10:08:52Z,101.0,Sense
2025-08-03T10:08:57Z,98.0,Sense
2025-08-03T10:09:02Z,96.0,Sense
2025-08-03T10:09:12Z,97.0,Sense
2025-08-03T10:09:17Z,98.0,Sense
2025-08-03T10:09:27Z,99.0,Sense
2025-08-03T10:09:32Z,101.0,Sense
2025-08-03T10:09:42Z,99.0,Sense
2025-08-03T10:09:47Z,98.0,Sense
2025-08-03T10:09:57Z,98.0,Sense
2025-08-03T10:10:02Z,98.0,Sense
2025-08-03T10:10:12Z,99.0,Sense
2025-08-03T10:10:17Z,100.0,Sense
2025-08-03T10:10:22Z,101.0,Sense
2025-08-03T10:10:27Z,102.0,Sense
2025-08-03T10:10:32Z,103.0,Sense
2025-08-03T10:10:47Z,103.0,Sense
2025-08-03T10:10:52Z,104.0,Sense
2025-08-03T10:11:07Z,103.0,Sense
2025-08-03T10:11:12Z,101.0,Sense
2025-08-03T10:11:17Z,100.0,Sense
2025-08-03T10:11:22Z,99.0,Sense
2025-08-03T10:11:27Z,98.0,Sense
2025-08-03T10:11:32Z,96.0,Sense
2025-08-03T10:11:42Z,98.0,Sense
2025-08-03T10:11:47Z,99.0,Sense
2025-08-03T10:11:52Z,101.0,Sense
2025-08-03T10:11:57Z,101.0,Sense
2025-08-03T10:12:07Z,102.0,Sense
2025-08-03T10:12:12Z,101.0,Sense
2025-08-03T10:12:17Z,100.0,Sense
2025-08-03T10:12:22Z,96.0,Sense
2025-08-03T10:12:27Z,94.0,Sense
2025-08-03T10:12:32Z,96.0,Sense
2025-08-03T10:12:37Z,97.0,Sense
2025-08-03T10:12:42Z,98.0,Sense
2025-08-03T10:12:47Z,98.0,Sense
2025-08-03T10:12:52Z,97.0,Sense
2025-08-03T10:12:57Z,99.0,Sense
2025-08-03T10:13:02Z,101.0,Sense
2025-08-03T10:13:12Z,100.0,Sense
2025-08-03T10:13:17Z,101.0,Sense
2025-08-03T10:13:22Z,102.0,Sense
2025-08-03T10:13:27Z,102.0,Sense
2025-08-03T10:13:32Z,103.0,Sense
2025-08-03T10:13:37Z,104.0,Sense
2025-08-03T10:13:47Z,105.0,Sense
2025-08-03T10:13:52Z,106.0,Sense
2025-08-03T10:13:57Z,105.0,Sense
2025-08-03T10:14:02Z,104.0,Sense
2025-08-03T10:14:07Z,102.0,Sense
2025-08-03T10:14:12Z,100.0,Sense
2025-08-03T10:14:17Z,96.0,Sense
2025-08-03T10:14:22Z,98.0,Sense
2025-08-03T10:14:32Z,97.0,Sense
2025-08-03T10:14:47Z,98.0,Sense
2025-08-03T10:14:52Z,100.0,Sense
2025-08-03T10:15:07Z,101.0,Sense
2025-08-03T10:15:22Z,101.0,Sense
2025-08-03T10:15:37Z,101.0,Sense
2025-08-03T10:15:52Z,102.0,Sense
2025-08-03T10:15:57Z,101.0,Sense
2025-08-03T10:16:02Z,99.0,Sense
2025-08-03T10:16:12Z,98.0,Sense
2025-08-03T10:16:17Z,99.0,Sense
2025-08-03T10:16:22Z,101.0,Sense
2025-08-03T10:16:27Z,100.0,Sense
2025-08-03T10:16:42Z,99.0,Sense
2025-08-03T10:16:47Z,98.0,Sense
2025-08-03T10:16:52Z,99.0,Sense
2025-08-03T10:17:07Z,98.0,Sense
2025-08-03T10:17:12Z,97.0,Sense
2025-08-03T10:17:17Z,98.0,Sense
2025-08-03T10:17:27Z,99.0,Sense
2025-08-03T10:17:32Z,100.0,Sense
2025-08-03T10:17:37Z,100.0,Sense
2025-08-03T10:17:42Z,100.0,Sense
2025-08-03T10:17:47Z,99.0,Sense
2025-08-03T10:18:02Z,99.0,Sense
2025-08-03T10:18:07Z,96.0,Sense
2025-08-03T10:18:12Z,95.0,Sense
2025-08-03T10:18:27Z,95.0,Sense
2025-08-03T10:18:32Z,96.0,Sense
2025-08-03T10:18:37Z,98.0,Sense
2025-08-03T10:18:47Z,95.0,Sense
2025-08-03T10:18:52Z,94.0,Sense
2025-08-03T10:18:57Z,95.0,Sense
2025-08-03T10:19:02Z,96.0,Sense
2025-08-03T10:19:17Z,97.0,Sense
2025-08-03T10:19:27Z,98.0,Sense
2025-08-03T10:19:32Z,97.0,Sense
2025-08-03T10:19:47Z,98.0,Sense
2025-08-03T10:19:52Z,97.0,Sense
2025-08-03T10:19:57Z,95.0,Sense
2025-08-03T10:20:02Z,93.0,Sense
2025-08-03T10:20:07Z,94.0,Sense
2025-08-03T10:20:12Z,95.0,Sense
2025-08-03T10:20:17Z,96.0,Sense
2025-08-03T10:20:27Z,95.0,Sense
2025-08-03T10:20:42Z,95.0,Sense
2025-08-03T10:20:52Z,94.0,Sense
2025-08-03T10:21:07Z,95.0,Sense
2025-08-03T10:21:12Z,96.0,Sense
2025-08-03T10:21:27Z,96.0,Sense
2025-08-03T10:21:32Z,97.0,Sense
2025-08-03T10:21:37Z,98.0,Sense
2025-08-03T10:21:52Z,97.0,Sense
2025-08-03T10:21:57Z,97.0,Sense
2025-08-03T10:22:12Z,96.0,Sense
2025-08-03T10:22:27Z,97.0,Sense
2025-08-03T10:22:32Z,99.0,Sense
2025-08-03T10:22:42Z,99.0,Sense
2025-08-03T10:22:47Z,99.0,Sense
2025-08-03T10:22:52Z,100.0,Sense
2025-08-03T10:22:57Z,102.0,Sense
2025-08-03T10:23:02Z,103.0,Sense
2025-08-03T10:23:07Z,104.0,Sense
2025-08-03T10:23:12Z,105.0,Sense
2025-08-03T10:23:17Z,105.0,Sense
2025-08-03T10:23:22Z,105.0,Sense
2025-08-03T10:23:27Z,101.0,Sense
2025-08-03T10:23:32Z,98.0,Sense
2025-08-03T10:23:37Z,95.0,Sense
2025-08-03T10:23:42Z,93.0,Sense
2025-08-03T10:23:47Z,93.0,Sense
2025-08-03T10:23:57Z,94.0,Sense
2025-08-03T10:24:02Z,95.0,Sense
2025-08-03T10:24:07Z,96.0,Sense
2025-08-03T10:24:22Z,97.0,Sense
2025-08-03T10:24:27Z,100.0,Sense
2025-08-03T10:24:32Z,103.0,Sense
2025-08-03T10:24:37Z,102.0,Sense
2025-08-03T10:24:42Z,100.0,Sense
2025-08-03T10:24:47Z,98.0,Sense
2025-08-03T10:24:52Z,99.0,Sense
2025-08-03T10:24:57Z,102.0,Sense
2025-08-03T10:25:07Z,98.0,Sense
2025-08-03T10:25:12Z,97.0,Sense
2025-08-03T10:25:17Z,98.0,Sense
2025-08-03T10:25:22Z,97.0,Sense
2025-08-03T10:25:27Z,95.0,Sense
2025-08-03T10:25:32Z,93.0,Sense
2025-08-03T10:25:37Z,92.0,Sense
2025-08-03T10:25:52Z,91.0,Sense
2025-08-03T10:25:57Z,90.0,Sense
2025-08-03T10:26:02Z,94.0,Sense
2025-08-03T10:26:07Z,97.0,Sense
2025-08-03T10:26:22Z,98.0,Sense
2025-08-03T10:26:32Z,97.0,Sense
2025-08-03T10:26:42Z,96.0,Sense
2025-08-03T10:26:57Z,97.0,Sense
2025-08-03T10:27:02Z,96.0,Sense
2025-08-03T10:27:07Z,95.0,Sense
2025-08-03T10:27:22Z,96.0,Sense
2025-08-03T10:27:32Z,97.0,Sense
2025-08-03T10:27:37Z,98.0,Sense
2025-08-03T10:27:42Z,98.0,Sense
2025-08-03T10:27:57Z,95.0,Sense
2025-08-03T10:28:02Z,90.0,Sense
2025-08-03T10:28:07Z,91.0,Sense
2025-08-03T10:28:12Z,95.0,Sense
2025-08-03T10:28:17Z,96.0,Sense
2025-08-03T10:28:27Z,95.0,Sense
2025-08-03T10:28:42Z,95.0,Sense
2025-08-03T10:28:57Z,94.0,Sense
2025-08-03T10:29:02Z,94.0,Sense
2025-08-03T10:29:17Z,94.0,Sense
2025-08-03T10:29:32Z,94.0,Sense
2025-08-03T10:29:42Z,93.0,Sense
2025-08-03T10:29:47Z,94.0,Sense
2025-08-03T10:29:52Z,100.0,Sense
2025-08-03T10:29:57Z,100.0,Sense
2025-08-03T10:30:02Z,101.0,Sense
2025-08-03T10:30:12Z,99.0,Sense
2025-08-03T10:30:17Z,94.0,Sense
2025-08-03T10:30:22Z,80.0,Sense
2025-08-03T10:30:27Z,87.0,Sense
2025-08-03T10:30:32Z,93.0,Sense
2025-08-03T10:30:37Z,95.0,Sense
2025-08-03T10:30:47Z,97.0,Sense
2025-08-03T10:30:52Z,99.0,Sense
2025-08-03T10:30:57Z,101.0,Sense
2025-08-03T10:31:02Z,102.0,Sense
2025-08-03T10:31:07Z,100.0,Sense
2025-08-03T10:31:12Z,98.0,Sense
2025-08-03T10:31:22Z,100.0,Sense
2025-08-03T10:31:32Z,98.0,Sense
2025-08-03T10:31:37Z,97.0,Sense
2025-08-03T10:31:52Z,96.0,Sense
2025-08-03T10:31:57Z,93.0,Sense
2025-08-03T10:32:02Z,90.0,Sense
2025-08-03T10:32:07Z,91.0,Sense
2025-08-03T10:32:12Z,91.0,Sense
2025-08-03T10:32:17Z,90.0,Sense
2025-08-03T10:32:27Z,92.0,Sense
2025-08-03T10:32:42Z,93.0,Sense
2025-08-03T10:32:47Z,93.0,Sense
2025-08-03T10:32:52Z,94.0,Sense
2025-08-03T10:32:57Z,95.0,Sense
2025-08-03T10:33:07Z,95.0,Sense
2025-08-03T10:33:12Z,97.0,Sense
2025-08-03T10:33:17Z,97.0,Sense
2025-08-03T10:33:22Z,96.0,Sense
2025-08-03T10:33:27Z,94.0,Sense
2025-08-03T10:33:37Z,94.0,Sense
2025-08-03T10:33:47Z,94.0,Sense
2025-08-03T10:33:52Z,94.0,Sense
2025-08-03T10:33:57Z,95.0,Sense
2025-08-03T10:34:02Z,95.0,Sense
2025-08-03T10:34:07Z,96.0,Sense
2025-08-03T10:34:22Z,97.0,Sense
2025-08-03T10:34:27Z,98.0,Sense
2025-08-03T10:34:37Z,96.0,Sense
2025-08-03T10:34:42Z,93.0,Sense
2025-08-03T10:34:47Z,95.0,Sense
2025-08-03T10:34:52Z,98.0,Sense
2025-08-03T10:34:57Z,99.0,Sense
2025-08-03T10:35:07Z,98.0,Sense
2025-08-03T10:35:12Z,97.0,Sense
2025-08-03T10:35:17Z,96.0,Sense
2025-08-03T10:35:27Z,96.0,Sense
2025-08-03T10:35:42Z,97.0,Sense
2025-08-03T10:35:57Z,97.0,Sense
2025-08-03T10:36:02Z,98.0,Sense
2025-08-03T10:36:07Z,99.0,Sense
2025-08-03T10:36:12Z,98.0,Sense
2025-08-03T10:36:17Z,99.0,Sense
2025-08-03T10:36:22Z,100.0,Sense
2025-08-03T10:36:27Z,99.0,Sense
2025-08-03T10:36:32Z,100.0,Sense
2025-08-03T10:36:37Z,101.0,Sense
2025-08-03T10:36:42Z,100.0,Sense
2025-08-03T10:36:47Z,99.0,Sense
2025-08-03T10:36:57Z,97.0,Sense
2025-08-03T10:37:02Z,98.0,Sense
2025-08-03T10:37:17Z,99.0,Sense
2025-08-03T10:37:22Z,98.0,Sense
2025-08-03T10:37:27Z,97.0,Sense
2025-08-03T10:37:32Z,93.0,Sense
2025-08-03T10:37:42Z,95.0,Sense
2025-08-03T10:37:52Z,96.0,Sense
2025-08-03T10:38:02Z,97.0,Sense
2025-08-03T10:38:12Z,96.0,Sense
2025-08-03T10:38:17Z,95.0,Sense
2025-08-03T10:38:27Z,94.0,Sense
2025-08-03T10:38:37Z,95.0,Sense
2025-08-03T10:38:42Z,94.0,Sense
2025-08-03T10:38:47Z,94.0,Sense
2025-08-03T10:38:52Z,93.0,Sense
2025-08-03T10:38:57Z,94.0,Sense
2025-08-03T10:39:02Z,95.0,Sense
2025-08-03T10:39:07Z,96.0,Sense
2025-08-03T10:39:12Z,96.0,Sense
2025-08-03T10:39:17Z,97.0,Sense
2025-08-03T10:39:22Z,98.0,Sense
2025-08-03T10:39:32Z,99.0,Sense
2025-08-03T10:39:37Z,99.0,Sense
2025-08-03T10:39:42Z,97.0,Sense
2025-08-03T10:39:47Z,94.0,Sense
2025-08-03T10:39:52Z,93.0,Sense
2025-08-03T10:39:57Z,93.0,Sense
2025-08-03T10:40:07Z,94.0,Sense
2025-08-03T10:40:12Z,93.0,Sense
2025-08-03T10:40:17Z,92.0,Sense
2025-08-03T10:40:27Z,93.0,Sense
2025-08-03T10:40:32Z,95.0,Sense
2025-08-03T10:40:47Z,94.0,Sense
2025-08-03T10:41:02Z,96.0,Sense
2025-08-03T10:41:07Z,97.0,Sense
2025-08-03T10:41:12Z,98.0,Sense
2025-08-03T10:41:17Z,99.0,Sense
2025-08-03T10:41:22Z,98.0,Sense
2025-08-03T10:41:27Z,97.0,Sense
2025-08-03T10:41:32Z,96.0,Sense
2025-08-03T10:41:37Z,95.0,Sense
2025-08-03T10:41:42Z,94.0,Sense
2025-08-03T10:41:57Z,94.0,Sense
2025-08-03T10:42:07Z,95.0,Sense
2025-08-03T10:42:12Z,96.0,Sense
2025-08-03T10:42:17Z,97.0,Sense
2025-08-03T10:42:22Z,96.0,Sense
2025-08-03T10:42:27Z,97.0,Sense
2025-08-03T10:42:42Z,96.0,Sense
2025-08-03T10:42:57Z,96.0,Sense
2025-08-03T10:43:07Z,95.0,Sense
2025-08-03T10:43:12Z,96.0,Sense
2025-08-03T10:43:17Z,95.0,Sense
2025-08-03T10:43:22Z,94.0,Sense
2025-08-03T10:43:37Z,94.0,Sense
2025-08-03T10:43:42Z,95.0,Sense
2025-08-03T10:43:47Z,96.0,Sense
2025-08-03T10:43:52Z,97.0,Sense
2025-08-03T10:44:02Z,96.0,Sense
2025-08-03T10:44:07Z,94.0,Sense
2025-08-03T10:44:17Z,95.0,Sense
2025-08-03T10:44:22Z,96.0,Sense
2025-08-03T10:44:27Z,97.0,Sense
2025-08-03T10:44:32Z,96.0,Sense
2025-08-03T10:44:42Z,99.0,Sense
2025-08-03T10:44:47Z,105.0,Sense
2025-08-03T10:44:54Z,103.0,Sense
2025-08-03T10:45:04Z,103.0,Sense
2025-08-03T10:45:09Z,105.0,Sense
2025-08-03T10:45:14Z,104.0,Sense
2025-08-03T10:45:19Z,103.0,Sense
2025-08-03T10:45:24Z,99.0,Sense
2025-08-03T10:45:29Z,96.0,Sense
2025-08-03T10:45:34Z,97.0,Sense
2025-08-03T10:45:39Z,99.0,Sense
2025-08-03T10:45:44Z,98.0,Sense
2025-08-03T10:45:49Z,99.0,Sense
2025-08-03T10:45:54Z,97.0,Sense
2025-08-03T10:45:59Z,96.0,Sense
2025-08-03T10:46:04Z,95.0,Sense
2025-08-03T10:46:09Z,96.0,Sense
2025-08-03T10:46:14Z,96.0,Sense
2025-08-03T10:46:19Z,95.0,Sense
2025-08-03T10:46:24Z,92.0,Sense
2025-08-03T10:46:29Z,95.0,Sense
2025-08-03T10:46:34Z,99.0,Sense
2025-08-03T10:46:39Z,100.0,Sense
2025-08-03T10:46:49Z,98.0,Sense
2025-08-03T10:47:04Z,99.0,Sense
2025-08-03T10:47:09Z,100.0,Sense
2025-08-03T10:47:19Z,99.0,Sense
2025-08-03T10:47:24Z,99.0,Sense
2025-08-03T10:47:39Z,99.0,Sense
2025-08-03T10:47:44Z,99.0,Sense
2025-08-03T10:47:49Z,100.0,Sense
2025-08-03T10:47:54Z,102.0,Sense
2025-08-03T10:47:59Z,103.0,Sense
2025-08-03T10:48:04Z,105.0,Sense
2025-08-03T10:48:09Z,106.0,Sense
2025-08-03T10:48:24Z,108.0,Sense
2025-08-03T10:48:29Z,105.0,Sense
2025-08-03T10:48:34Z,97.0,Sense
2025-08-03T10:48:39Z,95.0,Sense
2025-08-03T10:48:44Z,97.0,Sense
2025-08-03T10:48:54Z,97.0,Sense
2025-08-03T10:48:59Z,97.0,Sense
2025-08-03T10:49:09Z,96.0,Sense
2025-08-03T10:49:14Z,95.0,Sense
2025-08-03T10:49:19Z,96.0,Sense
2025-08-03T10:49:24Z,97.0,Sense
2025-08-03T10:49:39Z,96.0,Sense
2025-08-03T10:49:44Z,97.0,Sense
2025-08-03T10:49:49Z,96.0,Sense
2025-08-03T10:49:54Z,97.0,Sense
2025-08-03T10:50:09Z,98.0,Sense
2025-08-03T10:50:24Z,98.0,Sense
2025-08-03T10:50:39Z,94.0,Sense
2025-08-03T10:50:49Z,93.0,Sense
2025-08-03T10:50:54Z,94.0,Sense
2025-08-03T10:50:59Z,95.0,Sense
2025-08-03T10:51:04Z,96.0,Sense
2025-08-03T10:51:09Z,97.0,Sense
2025-08-03T10:51:19Z,98.0,Sense
2025-08-03T10:51:24Z,97.0,Sense
2025-08-03T10:51:39Z,97.0,Sense
2025-08-03T10:51:54Z,97.0,Sense
2025-08-03T10:51:59Z,95.0,Sense
2025-08-03T10:52:14Z,95.0,Sense
2025-08-03T10:52:26Z,96.0,Sense
2025-08-03T10:52:31Z,97.0,Sense
2025-08-03T10:52:41Z,97.0,Sense
2025-08-03T10:52:46Z,96.0,Sense
2025-08-03T10:52:56Z,97.0,Sense
2025-08-03T10:53:01Z,101.0,Sense
2025-08-03T10:53:11Z,99.0,Sense
2025-08-03T10:53:16Z,99.0,Sense
2025-08-03T10:53:21Z,98.0,Sense
2025-08-03T10:53:26Z,99.0,Sense
2025-08-03T10:53:31Z,100.0,Sense
2025-08-03T10:53:36Z,98.0,Sense
2025-08-03T10:53:41Z,98.0,Sense
2025-08-03T10:53:56Z,99.0,Sense
2025-08-03T10:54:01Z,100.0,Sense
2025-08-03T10:54:06Z,99.0,Sense
2025-08-03T10:54:11Z,98.0,Sense
2025-08-03T10:54:16Z,99.0,Sense
2025-08-03T10:54:31Z,99.0,Sense
2025-08-03T10:54:46Z,98.0,Sense
2025-08-03T10:54:51Z,99.0,Sense
2025-08-03T10:54:56Z,99.0,Sense
2025-08-03T10:55:01Z,98.0,Sense
2025-08-03T10:55:06Z,99.0,Sense
2025-08-03T10:55:11Z,98.0,Sense
2025-08-03T10:55:26Z,98.0,Sense
2025-08-03T10:55:31Z,95.0,Sense
2025-08-03T10:55:36Z,95.0,Sense
2025-08-03T10:55:41Z,96.0,Sense
2025-08-03T10:55:46Z,97.0,Sense
2025-08-03T10:55:51Z,98.0,Sense
2025-08-03T10:55:56Z,97.0,Sense
2025-08-03T10:56:01Z,98.0,Sense
2025-08-03T10:56:06Z,99.0,Sense
2025-08-03T10:56:11Z,100.0,Sense
2025-08-03T10:56:21Z,101.0,Sense
2025-08-03T10:56:31Z,102.0,Sense
2025-08-03T10:56:36Z,99.0,Sense
2025-08-03T10:56:41Z,98.0,Sense
2025-08-03T10:56:46Z,96.0,Sense
2025-08-03T10:56:51Z,95.0,Sense
2025-08-03T10:56:56Z,94.0,Sense
2025-08-03T10:57:06Z,92.0,Sense
2025-08-03T10:57:11Z,91.0,Sense
2025-08-03T10:57:16Z,95.0,Sense
2025-08-03T10:57:21Z,97.0,Sense
2025-08-03T10:57:26Z,96.0,Sense
2025-08-03T10:57:31Z,95.0,Sense
2025-08-03T10:57:36Z,92.0,Sense
2025-08-03T10:57:41Z,91.0,Sense
2025-08-03T10:57:46Z,90.0,Sense
2025-08-03T10:57:56Z,92.0,Sense
2025-08-03T10:58:01Z,93.0,Sense
2025-08-03T10:58:06Z,95.0,Sense
2025-08-03T10:58:11Z,95.0,Sense
2025-08-03T10:58:21Z,96.0,Sense
2025-08-03T10:58:26Z,95.0,Sense
2025-08-03T10:58:31Z,96.0,Sense
2025-08-03T10:58:36Z,94.0,Sense
2025-08-03T10:58:41Z,95.0,Sense
2025-08-03T10:58:46Z,93.0,Sense
2025-08-03T10:58:56Z,88.0,Sense
2025-08-03T10:59:01Z,84.0,Sense
2025-08-03T10:59:06Z,85.0,Sense
2025-08-03T10:59:11Z,85.0,Sense
2025-08-03T10:59:16Z,88.0,Sense
2025-08-03T10:59:21Z,91.0,Sense
2025-08-03T10:59:26Z,92.0,Sense
2025-08-03T10:59:31Z,91.0,Sense
2025-08-03T10:59:36Z,90.0,Sense
2025-08-03T10:59:41Z,89.0,Sense
2025-08-03T10:59:46Z,88.0,Sense
2025-08-03T10:59:51Z,89.0,Sense
2025-08-03T10:59:56Z,92.0,Sense
2025-08-03T11:00:01Z,94.0,Sense
2025-08-03T11:00:06Z,95.0,Sense
2025-08-03T11:00:11Z,99.0,Sense
2025-08-03T11:00:16Z,101.0,Sense
2025-08-03T11:00:21Z,99.0,Sense
2025-08-03T11:00:26Z,97.0,Sense
2025-08-03T11:00:31Z,98.0,Sense
2025-08-03T11:00:36Z,97.0,Sense
2025-08-03T11:00:41Z,98.0,Sense
2025-08-03T11:00:46Z,97.0,Sense
2025-08-03T11:00:56Z,96.0,Sense
2025-08-03T11:01:01Z,94.0,Sense
2025-08-03T11:01:06Z,95.0,Sense
2025-08-03T11:01:11Z,95.0,Sense
2025-08-03T11:01:16Z,96.0,Sense
2025-08-03T11:01:21Z,97.0,Sense
2025-08-03T11:01:26Z,96.0,Sense
2025-08-03T11:01:31Z,92.0,Sense
2025-08-03T11:01:36Z,90.0,Sense
2025-08-03T11:01:51Z,90.0,Sense
2025-08-03T11:01:56Z,89.0,Sense
2025-08-03T11:02:01Z,88.0,Sense
2025-08-03T11:02:06Z,88.0,Sense
2025-08-03T11:02:11Z,88.0,Sense
2025-08-03T11:02:21Z,89.0,Sense
2025-08-03T11:02:31Z,88.0,Sense
2025-08-03T11:02:36Z,88.0,Sense
2025-08-03T11:02:41Z,91.0,Sense
2025-08-03T11:02:46Z,90.0,Sense
2025-08-03T11:02:51Z,89.0,Sense
2025-08-03T11:03:01Z,89.0,Sense
2025-08-03T11:03:11Z,88.0,Sense
2025-08-03T11:03:21Z,87.0,Sense
2025-08-03T11:03:26Z,87.0,Sense
2025-08-03T11:03:31Z,88.0,Sense
2025-08-03T11:03:36Z,88.0,Sense
2025-08-03T11:03:41Z,90.0,Sense
2025-08-03T11:03:46Z,93.0,Sense
2025-08-03T11:03:51Z,91.0,Sense
2025-08-03T11:03:56Z,90.0,Sense
2025-08-03T11:04:01Z,89.0,Sense
2025-08-03T11:04:06Z,90.0,Sense
2025-08-03T11:04:11Z,91.0,Sense
2025-08-03T11:04:16Z,90.0,Sense
2025-08-03T11:04:21Z,89.0,Sense
2025-08-03T11:04:31Z,88.0,Sense
2025-08-03T11:04:46Z,87.0,Sense
2025-08-03T11:04:51Z,87.0,Sense
2025-08-03T11:04:56Z,89.0,Sense
2025-08-03T11:05:01Z,90.0,Sense
2025-08-03T11:05:06Z,89.0,Sense
2025-08-03T11:05:21Z,90.0,Sense
2025-08-03T11:05:26Z,90.0,Sense
2025-08-03T11:05:36Z,89.0,Sense
2025-08-03T11:05:41Z,88.0,Sense
2025-08-03T11:05:46Z,86.0,Sense
2025-08-03T11:05:56Z,87.0,Sense
2025-08-03T11:06:01Z,88.0,Sense
2025-08-03T11:06:06Z,87.0,Sense
2025-08-03T11:06:11Z,86.0,Sense
2025-08-03T11:06:21Z,86.0,Sense
2025-08-03T11:06:26Z,86.0,Sense
2025-08-03T11:06:31Z,87.0,Sense
2025-08-03T11:06:36Z,90.0,Sense
2025-08-03T11:06:41Z,92.0,Sense
2025-08-03T11:06:51Z,91.0,Sense
2025-08-03T11:06:56Z,92.0,Sense
2025-08-03T11:07:06Z,90.0,Sense
2025-08-03T11:07:11Z,90.0,Sense
2025-08-03T11:07:16Z,88.0,Sense
2025-08-03T11:07:26Z,88.0,Sense
2025-08-03T11:07:41Z,89.0,Sense
2025-08-03T11:07:56Z,91.0,Sense
2025-08-03T11:08:01Z,90.0,Sense
2025-08-03T11:08:11Z,90.0,Sense
2025-08-03T11:08:16Z,91.0,Sense
2025-08-03T11:08:21Z,91.0,Sense
2025-08-03T11:08:31Z,95.0,Sense
2025-08-03T11:08:36Z,96.0,Sense
2025-08-03T11:08:41Z,95.0,Sense
2025-08-03T11:08:46Z,93.0,Sense
2025-08-03T11:08:51Z,92.0,Sense
2025-08-03T11:08:56Z,89.0,Sense
2025-08-03T11:09:06Z,89.0,Sense
2025-08-03T11:09:16Z,93.0,Sense
2025-08-03T11:09:21Z,94.0,Sense
2025-08-03T11:09:26Z,93.0,Sense
2025-08-03T11:09:31Z,92.0,Sense
2025-08-03T11:09:36Z,90.0,Sense
2025-08-03T11:09:41Z,88.0,Sense
2025-08-03T11:09:56Z,87.0,Sense
2025-08-03T11:10:01Z,87.0,Sense
2025-08-03T11:10:06Z,90.0,Sense
2025-08-03T11:10:11Z,92.0,Sense
2025-08-03T11:10:16Z,89.0,Sense
2025-08-03T11:10:21Z,86.0,Sense
2025-08-03T11:10:31Z,87.0,Sense
2025-08-03T11:10:36Z,84.0,Sense
2025-08-03T11:10:41Z,82.0,Sense
2025-08-03T11:10:51Z,83.0,Sense
2025-08-03T11:11:01Z,85.0,Sense
2025-08-03T11:11:06Z,87.0,Sense
2025-08-03T11:11:11Z,88.0,Sense
2025-08-03T11:11:21Z,87.0,Sense
2025-08-03T11:11:26Z,86.0,Sense
2025-08-03T11:11:41Z,87.0,Sense
2025-08-03T11:11:46Z,86.0,Sense
2025-08-03T11:11:51Z,87.0,Sense
2025-08-03T11:12:01Z,89.0,Sense
2025-08-03T11:12:06Z,90.0,Sense
2025-08-03T11:12:11Z,89.0,Sense
2025-08-03T11:12:16Z,90.0,Sense
2025-08-03T11:12:26Z,87.0,Sense
2025-08-03T11:12:31Z,87.0,Sense
2025-08-03T11:12:41Z,88.0,Sense
2025-08-03T11:12:46Z,88.0,Sense
2025-08-03T11:12:56Z,88.0,Sense
2025-08-03T11:13:01Z,87.0,Sense
2025-08-03T11:13:16Z,87.0,Sense
2025-08-03T11:13:21Z,89.0,Sense
2025-08-03T11:13:26Z,93.0,Sense
2025-08-03T11:13:31Z,94.0,Sense
2025-08-03T11:13:36Z,95.0,Sense
2025-08-03T11:13:41Z,96.0,Sense
2025-08-03T11:13:46Z,95.0,Sense
2025-08-03T11:13:51Z,93.0,Sense
2025-08-03T11:13:56Z,91.0,Sense
2025-08-03T11:14:01Z,90.0,Sense
2025-08-03T11:14:06Z,91.0,Sense
2025-08-03T11:14:11Z,94.0,Sense
2025-08-03T11:14:21Z,95.0,Sense
2025-08-03T11:14:31Z,96.0,Sense
2025-08-03T11:14:36Z,96.0,Sense
2025-08-03T11:14:51Z,95.0,Sense
2025-08-03T11:14:56Z,93.0,Sense
2025-08-03T11:15:01Z,92.0,Sense
2025-08-03T11:15:06Z,89.0,Sense
2025-08-03T11:15:11Z,84.0,Sense
2025-08-03T11:15:16Z,82.0,Sense
2025-08-03T11:15:21Z,80.0,Sense
2025-08-03T11:15:31Z,81.0,Sense
2025-08-03T11:15:36Z,81.0,Sense
2025-08-03T11:15:41Z,83.0,Sense
2025-08-03T11:15:46Z,81.0,Sense
2025-08-03T11:15:51Z,79.0,Sense
2025-08-03T11:16:01Z,80.0,Sense
2025-08-03T11:16:06Z,83.0,Sense
2025-08-03T11:16:11Z,85.0,Sense
2025-08-03T11:16:16Z,86.0,Sense
2025-08-03T11:16:21Z,87.0,Sense
2025-08-03T11:16:26Z,88.0,Sense
2025-08-03T11:16:36Z,88.0,Sense
2025-08-03T11:16:46Z,89.0,Sense
2025-08-03T11:16:56Z,90.0,Sense
2025-08-03T11:17:01Z,91.0,Sense
2025-08-03T11:17:06Z,90.0,Sense
2025-08-03T11:17:21Z,89.0,Sense
2025-08-03T11:17:36Z,89.0,Sense
2025-08-03T11:17:51Z,89.0,Sense
2025-08-03T11:18:01Z,90.0,Sense
2025-08-03T11:18:06Z,91.0,Sense
2025-08-03T11:18:11Z,94.0,Sense
2025-08-03T11:18:16Z,94.0,Sense
2025-08-03T11:18:26Z,95.0,Sense
2025-08-03T11:18:31Z,92.0,Sense
2025-08-03T11:18:41Z,88.0,Sense
2025-08-03T11:18:46Z,84.0,Sense
2025-08-03T11:18:56Z,83.0,Sense
2025-08-03T11:19:01Z,84.0,Sense
2025-08-03T11:19:06Z,84.0,Sense
2025-08-03T11:19:11Z,83.0,Sense
2025-08-03T11:19:16Z,83.0,Sense
2025-08-03T11:19:21Z,82.0,Sense
2025-08-03T11:19:31Z,82.0,Sense
2025-08-03T11:19:46Z,82.0,Sense
2025-08-03T11:19:56Z,84.0,Sense
2025-08-03T11:20:01Z,86.0,Sense
2025-08-03T11:20:06Z,86.0,Sense
2025-08-03T11:20:11Z,87.0,Sense
2025-08-03T11:20:16Z,88.0,Sense
2025-08-03T11:20:21Z,91.0,Sense
2025-08-03T11:20:26Z,95.0,Sense
2025-08-03T11:20:31Z,94.0,Sense
2025-08-03T11:20:41Z,92.0,Sense
2025-08-03T11:20:46Z,91.0,Sense
2025-08-03T11:20:51Z,89.0,Sense
2025-08-03T11:20:56Z,87.0,Sense
2025-08-03T11:21:11Z,86.0,Sense
2025-08-03T11:21:16Z,87.0,Sense
2025-08-03T11:21:21Z,86.0,Sense
2025-08-03T11:21:26Z,85.0,Sense
2025-08-03T11:21:31Z,84.0,Sense
2025-08-03T11:21:36Z,84.0,Sense
2025-08-03T11:21:46Z,83.0,Sense
2025-08-03T11:21:51Z,84.0,Sense
2025-08-03T11:21:56Z,85.0,Sense
2025-08-03T11:22:01Z,85.0,Sense
2025-08-03T11:22:16Z,86.0,Sense
2025-08-03T11:22:21Z,87.0,Sense
2025-08-03T11:22:26Z,86.0,Sense
2025-08-03T11:22:31Z,85.0,Sense
2025-08-03T11:22:36Z,86.0,Sense
2025-08-03T11:22:41Z,85.0,Sense
2025-08-03T11:22:51Z,85.0,Sense
2025-08-03T11:23:01Z,86.0,Sense
2025-08-03T11:23:06Z,86.0,Sense
2025-08-03T11:23:11Z,87.0,Sense
2025-08-03T11:23:16Z,88.0,Sense
2025-08-03T11:23:21Z,90.0,Sense
2025-08-03T11:23:31Z,89.0,Sense
2025-08-03T11:23:36Z,92.0,Sense
2025-08-03T11:23:41Z,94.0,Sense
2025-08-03T11:23:46Z,93.0,Sense
2025-08-03T11:23:51Z,96.0,Sense
2025-08-03T11:23:56Z,95.0,Sense
2025-08-03T11:24:01Z,98.0,Sense
2025-08-03T11:24:06Z,99.0,Sense
2025-08-03T11:24:11Z,101.0,Sense
2025-08-03T11:24:16Z,100.0,Sense
2025-08-03T11:24:21Z,98.0,Sense
2025-08-03T11:24:26Z,96.0,Sense
2025-08-03T11:24:36Z,97.0,Sense
2025-08-03T11:24:41Z,99.0,Sense
2025-08-03T11:24:46Z,99.0,Sense
2025-08-03T11:24:56Z,98.0,Sense
2025-08-03T11:25:01Z,99.0,Sense
2025-08-03T11:25:16Z,97.0,Sense
2025-08-03T11:25:21Z,96.0,Sense
2025-08-03T11:25:26Z,94.0,Sense
2025-08-03T11:25:31Z,96.0,Sense
2025-08-03T11:25:36Z,100.0,Sense
2025-08-03T11:25:46Z,102.0,Sense
2025-08-03T11:25:51Z,103.0,Sense
2025-08-03T11:25:56Z,102.0,Sense
2025-08-03T11:26:06Z,103.0,Sense
2025-08-03T11:26:11Z,106.0,Sense
2025-08-03T11:26:16Z,105.0,Sense
2025-08-03T11:26:21Z,106.0,Sense
2025-08-03T11:26:26Z,107.0,Sense
2025-08-03T11:26:31Z,110.0,Sense
2025-08-03T11:26:41Z,111.0,Sense
2025-08-03T11:26:46Z,108.0,Sense
2025-08-03T11:26:51Z,106.0,Sense
2025-08-03T11:26:56Z,104.0,Sense
2025-08-03T11:27:01Z,102.0,Sense
2025-08-03T11:27:06Z,101.0,Sense
2025-08-03T11:27:11Z,100.0,Sense
2025-08-03T11:27:16Z,101.0,Sense
2025-08-03T11:27:21Z,102.0,Sense
2025-08-03T11:27:31Z,103.0,Sense
2025-08-03T11:27:36Z,104.0,Sense
2025-08-03T11:27:46Z,102.0,Sense
2025-08-03T11:27:51Z,103.0,Sense
2025-08-03T11:27:56Z,101.0,Sense
2025-08-03T11:28:01Z,99.0,Sense
2025-08-03T11:28:16Z,103.0,Sense
2025-08-03T11:28:21Z,102.0,Sense
2025-08-03T11:28:26Z,103.0,Sense
2025-08-03T11:28:36Z,99.0,Sense
2025-08-03T11:28:41Z,97.0,Sense
2025-08-03T11:28:46Z,94.0,Sense
2025-08-03T11:28:51Z,93.0,Sense
2025-08-03T11:28:56Z,91.0,Sense
2025-08-03T11:29:06Z,89.0,Sense
2025-08-03T11:29:11Z,91.0,Sense
2025-08-03T11:29:21Z,92.0,Sense
2025-08-03T11:29:26Z,90.0,Sense
2025-08-03T11:29:41Z,90.0,Sense
2025-08-03T11:29:46Z,89.0,Sense
2025-08-03T11:29:51Z,88.0,Sense
2025-08-03T11:29:56Z,87.0,Sense
2025-08-03T11:30:01Z,85.0,Sense
2025-08-03T11:30:06Z,85.0,Sense
2025-08-03T11:30:11Z,86.0,Sense
2025-08-03T11:30:16Z,84.0,Sense
2025-08-03T11:30:21Z,83.0,Sense
2025-08-03T11:30:26Z,82.0,Sense
2025-08-03T11:30:31Z,82.0,Sense
2025-08-03T11:30:36Z,82.0,Sense
2025-08-03T11:30:51Z,83.0,Sense
2025-08-03T11:30:56Z,83.0,Sense
2025-08-03T11:31:01Z,82.0,Sense
2025-08-03T11:31:11Z,81.0,Sense
2025-08-03T11:31:26Z,81.0,Sense
2025-08-03T11:31:31Z,80.0,Sense
2025-08-03T11:31:36Z,81.0,Sense
2025-08-03T11:31:51Z,81.0,Sense
2025-08-03T11:31:56Z,83.0,Sense
2025-08-03T11:32:01Z,84.0,Sense
2025-08-03T11:32:16Z,84.0,Sense
2025-08-03T11:32:21Z,85.0,Sense
2025-08-03T11:32:36Z,84.0,Sense
2025-08-03T11:32:41Z,82.0,Sense
2025-08-03T11:32:46Z,79.0,Sense
2025-08-03T11:32:51Z,77.0,Sense
2025-08-03T11:32:56Z,77.0,Sense
2025-08-03T11:33:01Z,76.0,Sense
2025-08-03T11:33:16Z,76.0,Sense
2025-08-03T11:33:31Z,76.0,Sense
2025-08-03T11:33:41Z,76.0,Sense
2025-08-03T11:33:46Z,78.0,Sense
2025-08-03T11:33:51Z,82.0,Sense
2025-08-03T11:34:01Z,80.0,Sense
2025-08-03T11:34:06Z,80.0,Sense
2025-08-03T11:34:11Z,81.0,Sense
2025-08-03T11:34:16Z,82.0,Sense
2025-08-03T11:34:31Z,80.0,Sense
2025-08-03T11:34:36Z,79.0,Sense
2025-08-03T11:34:41Z,78.0,Sense
2025-08-03T11:34:56Z,78.0,Sense
2025-08-03T11:35:01Z,78.0,Sense
2025-08-03T11:35:11Z,81.0,Sense
2025-08-03T11:35:16Z,82.0,Sense
2025-08-03T11:35:26Z,81.0,Sense
2025-08-03T11:35:36Z,82.0,Sense
2025-08-03T11:35:51Z,81.0,Sense
2025-08-03T11:36:01Z,81.0,Sense
2025-08-03T11:36:16Z,80.0,Sense
2025-08-03T11:36:21Z,81.0,Sense
2025-08-03T11:36:26Z,82.0,Sense
2025-08-03T11:36:31Z,82.0,Sense
2025-08-03T11:36:41Z,79.0,Sense
2025-08-03T11:36:46Z,78.0,Sense
2025-08-03T11:36:51Z,79.0,Sense
2025-08-03T11:37:01Z,79.0,Sense
2025-08-03T11:37:06Z,78.0,Sense
2025-08-03T11:37:16Z,79.0,Sense
2025-08-03T11:37:21Z,81.0,Sense
2025-08-03T11:37:26Z,85.0,Sense
2025-08-03T11:37:31Z,92.0,Sense
2025-08-03T11:37:36Z,91.0,Sense
2025-08-03T11:37:41Z,92.0,Sense
2025-08-03T11:37:51Z,93.0,Sense
2025-08-03T11:37:56Z,84.0,Sense
2025-08-03T11:38:01Z,81.0,Sense
2025-08-03T11:38:06Z,79.0,Sense
2025-08-03T11:38:11Z,78.0,Sense
2025-08-03T11:38:16Z,81.0,Sense
2025-08-03T11:38:21Z,84.0,Sense
2025-08-03T11:38:26Z,85.0,Sense
2025-08-03T11:38:36Z,85.0,Sense
2025-08-03T11:38:46Z,85.0,Sense
2025-08-03T11:38:56Z,86.0,Sense
2025-08-03T11:39:06Z,88.0,Sense
2025-08-03T11:39:11Z,90.0,Sense
2025-08-03T11:39:16Z,87.0,Sense
2025-08-03T11:39:21Z,86.0,Sense
2025-08-03T11:39:26Z,83.0,Sense
2025-08-03T11:39:31Z,82.0,Sense
2025-08-03T11:39:46Z,82.0,Sense
2025-08-03T11:39:51Z,83.0,Sense
2025-08-03T11:39:56Z,81.0,Sense
2025-08-03T11:40:06Z,81.0,Sense
2025-08-03T11:40:21Z,82.0,Sense
2025-08-03T11:40:31Z,81.0,Sense
2025-08-03T11:40:36Z,80.0,Sense
2025-08-03T11:40:41Z,80.0,Sense
2025-08-03T11:40:46Z,80.0,Sense
2025-08-03T11:40:56Z,84.0,Sense
2025-08-03T11:41:01Z,86.0,Sense
2025-08-03T11:41:16Z,86.0,Sense
2025-08-03T11:41:21Z,87.0,Sense
2025-08-03T11:41:26Z,86.0,Sense
2025-08-03T11:41:31Z,85.0,Sense
2025-08-03T11:41:41Z,82.0,Sense
2025-08-03T11:41:51Z,82.0,Sense
2025-08-03T11:41:56Z,82.0,Sense
2025-08-03T11:42:11Z,84.0,Sense
2025-08-03T11:42:16Z,85.0,Sense
2025-08-03T11:42:31Z,83.0,Sense
2025-08-03T11:42:36Z,85.0,Sense
2025-08-03T11:42:46Z,86.0,Sense
2025-08-03T11:42:51Z,86.0,Sense
2025-08-03T11:42:56Z,85.0,Sense
2025-08-03T11:43:01Z,85.0,Sense
2025-08-03T11:43:06Z,86.0,Sense
2025-08-03T11:43:11Z,87.0,Sense
2025-08-03T11:43:16Z,86.0,Sense
2025-08-03T11:43:21Z,87.0,Sense
2025-08-03T11:43:26Z,86.0,Sense
2025-08-03T11:43:31Z,84.0,Sense
2025-08-03T11:43:36Z,83.0,Sense
2025-08-03T11:43:41Z,83.0,Sense
2025-08-03T11:43:46Z,83.0,Sense
2025-08-03T11:43:51Z,83.0,Sense
2025-08-03T11:44:06Z,82.0,Sense
2025-08-03T11:44:16Z,83.0,Sense
2025-08-03T11:44:21Z,84.0,Sense
2025-08-03T11:44:26Z,85.0,Sense
2025-08-03T11:44:31Z,85.0,Sense
2025-08-03T11:44:36Z,86.0,Sense
2025-08-03T11:44:46Z,85.0,Sense
2025-08-03T11:44:56Z,87.0,Sense
2025-08-03T11:45:01Z,86.0,Sense
2025-08-03T11:45:06Z,85.0,Sense
2025-08-03T11:45:11Z,85.0,Sense
2025-08-03T11:45:16Z,84.0,Sense
2025-08-03T11:45:21Z,81.0,Sense
2025-08-03T11:45:26Z,77.0,Sense
2025-08-03T11:45:31Z,73.0,Sense
2025-08-03T11:45:36Z,74.0,Sense
2025-08-03T11:45:41Z,73.0,Sense
2025-08-03T11:45:46Z,73.0,Sense
2025-08-03T11:45:51Z,75.0,Sense
2025-08-03T11:45:56Z,78.0,Sense
2025-08-03T11:46:01Z,81.0,Sense
2025-08-03T11:46:06Z,84.0,Sense
2025-08-03T11:46:11Z,82.0,Sense
2025-08-03T11:46:16Z,81.0,Sense
2025-08-03T11:46:21Z,80.0,Sense
2025-08-03T11:46:36Z,80.0,Sense
2025-08-03T11:46:41Z,81.0,Sense
2025-08-03T11:46:46Z,82.0,Sense
2025-08-03T11:46:56Z,84.0,Sense
2025-08-03T11:47:06Z,85.0,Sense
2025-08-03T11:47:11Z,86.0,Sense
2025-08-03T11:47:16Z,85.0,Sense
2025-08-03T11:47:21Z,87.0,Sense
2025-08-03T11:47:26Z,88.0,Sense
2025-08-03T11:47:31Z,85.0,Sense
2025-08-03T11:47:36Z,82.0,Sense
2025-08-03T11:47:41Z,80.0,Sense
2025-08-03T11:47:46Z,77.0,Sense
2025-08-03T11:47:56Z,78.0,Sense
2025-08-03T11:48:01Z,78.0,Sense
2025-08-03T11:48:06Z,79.0,Sense
2025-08-03T11:48:11Z,84.0,Sense
2025-08-03T11:48:16Z,89.0,Sense
2025-08-03T11:48:21Z,91.0,Sense
2025-08-03T11:48:26Z,94.0,Sense
2025-08-03T11:48:36Z,93.0,Sense
2025-08-03T11:48:41Z,90.0,Sense
2025-08-03T11:48:46Z,88.0,Sense
2025-08-03T11:48:51Z,86.0,Sense
2025-08-03T11:48:56Z,85.0,Sense
2025-08-03T11:49:06Z,87.0,Sense
2025-08-03T11:49:11Z,88.0,Sense
2025-08-03T11:49:16Z,89.0,Sense
2025-08-03T11:49:21Z,89.0,Sense
2025-08-03T11:49:26Z,88.0,Sense
2025-08-03T11:49:36Z,86.0,Sense
2025-08-03T11:49:41Z,85.0,Sense
2025-08-03T11:49:46Z,84.0,Sense
2025-08-03T11:49:51Z,84.0,Sense
2025-08-03T11:50:06Z,84.0,Sense
2025-08-03T11:50:11Z,87.0,Sense
2025-08-03T11:50:16Z,86.0,Sense
2025-08-03T11:50:26Z,84.0,Sense
2025-08-03T11:50:31Z,83.0,Sense
2025-08-03T11:50:36Z,79.0,Sense
2025-08-03T11:50:51Z,79.0,Sense
2025-08-03T11:50:56Z,78.0,Sense
2025-08-03T11:51:11Z,78.0,Sense
2025-08-03T11:51:16Z,77.0,Sense
2025-08-03T11:51:21Z,77.0,Sense
2025-08-03T11:51:31Z,77.0,Sense
2025-08-03T11:51:46Z,77.0,Sense
2025-08-03T11:51:51Z,78.0,Sense
2025-08-03T11:51:56Z,81.0,Sense
2025-08-03T11:52:01Z,82.0,Sense
2025-08-03T11:52:06Z,79.0,Sense
2025-08-03T11:52:11Z,77.0,Sense
2025-08-03T11:52:16Z,79.0,Sense
2025-08-03T11:52:21Z,81.0,Sense
2025-08-03T11:52:26Z,78.0,Sense
2025-08-03T11:52:31Z,78.0,Sense
2025-08-03T11:52:36Z,77.0,Sense
2025-08-03T11:52:41Z,83.0,Sense
2025-08-03T11:52:46Z,87.0,Sense
2025-08-03T11:52:51Z,88.0,Sense
2025-08-03T11:53:01Z,85.0,Sense
2025-08-03T11:53:11Z,82.0,Sense
2025-08-03T11:53:16Z,80.0,Sense
2025-08-03T11:53:21Z,83.0,Sense
2025-08-03T11:53:26Z,88.0,Sense
2025-08-03T11:53:36Z,87.0,Sense
2025-08-03T11:53:41Z,88.0,Sense
2025-08-03T11:53:46Z,87.0,Sense
2025-08-03T11:53:51Z,86.0,Sense
2025-08-03T11:53:56Z,86.0,Sense
2025-08-03T11:54:01Z,86.0,Sense
2025-08-03T11:54:06Z,84.0,Sense
2025-08-03T11:54:11Z,82.0,Sense
2025-08-03T11:54:16Z,80.0,Sense
2025-08-03T11:54:21Z,79.0,Sense
2025-08-03T11:54:26Z,80.0,Sense
2025-08-03T11:54:31Z,81.0,Sense
2025-08-03T11:54:36Z,81.0,Sense
2025-08-03T11:54:41Z,81.0,Sense
2025-08-03T11:54:46Z,82.0,Sense
2025-08-03T11:54:51Z,83.0,Sense
2025-08-03T11:54:56Z,84.0,Sense
2025-08-03T11:55:01Z,82.0,Sense
2025-08-03T11:55:06Z,83.0,Sense
2025-08-03T11:55:11Z,82.0,Sense
2025-08-03T11:55:16Z,81.0,Sense
2025-08-03T11:55:26Z,82.0,Sense
2025-08-03T11:55:31Z,84.0,Sense
2025-08-03T11:55:41Z,83.0,Sense
2025-08-03T11:55:56Z,83.0,Sense
2025-08-03T11:56:01Z,84.0,Sense
2025-08-03T11:56:06Z,84.0,Sense
2025-08-03T11:56:11Z,83.0,Sense
2025-08-03T11:56:16Z,82.0,Sense
2025-08-03T11:56:21Z,80.0,Sense
2025-08-03T11:56:26Z,79.0,Sense
2025-08-03T11:56:31Z,78.0,Sense
2025-08-03T11:56:36Z,79.0,Sense
2025-08-03T11:56:41Z,79.0,Sense
2025-08-03T11:56:51Z,80.0,Sense
2025-08-03T11:57:01Z,81.0,Sense
2025-08-03T11:57:06Z,81.0,Sense
2025-08-03T11:57:11Z,84.0,Sense
2025-08-03T11:57:16Z,85.0,Sense
2025-08-03T11:57:21Z,86.0,Sense
2025-08-03T11:57:26Z,85.0,Sense
2025-08-03T11:57:31Z,82.0,Sense
2025-08-03T11:57:36Z,81.0,Sense
2025-08-03T11:57:51Z,81.0,Sense
2025-08-03T11:57:56Z,81.0,Sense
2025-08-03T11:58:01Z,78.0,Sense
2025-08-03T11:58:06Z,79.0,Sense
2025-08-03T11:58:21Z,80.0,Sense
2025-08-03T11:58:26Z,81.0,Sense
2025-08-03T11:58:31Z,82.0,Sense
2025-08-03T11:58:36Z,82.0,Sense
2025-08-03T11:58:41Z,81.0,Sense
2025-08-03T11:58:46Z,80.0,Sense
2025-08-03T11:58:56Z,81.0,Sense
2025-08-03T11:59:01Z,83.0,Sense
2025-08-03T11:59:06Z,85.0,Sense
2025-08-03T11:59:11Z,83.0,Sense
2025-08-03T11:59:16Z,81.0,Sense
2025-08-03T11:59:21Z,80.0,Sense
2025-08-03T11:59:26Z,81.0,Sense
2025-08-03T11:59:36Z,82.0,Sense
2025-08-03T11:59:41Z,84.0,Sense
2025-08-03T11:59:46Z,85.0,Sense
2025-08-03T11:59:51Z,86.0,Sense
2025-08-03T11:59:56Z,86.0,Sense
2025-08-03T12:00:01Z,84.0,Sense
2025-08-03T12:00:06Z,81.0,Sense
2025-08-03T12:00:21Z,81.0,Sense
2025-08-03T12:00:36Z,84.0,Sense
2025-08-03T12:00:41Z,85.0,Sense
2025-08-03T12:00:51Z,85.0,Sense
2025-08-03T12:00:56Z,86.0,Sense
2025-08-03T12:01:01Z,88.0,Sense
2025-08-03T12:01:06Z,89.0,Sense
2025-08-03T12:01:11Z,88.0,Sense
2025-08-03T12:01:16Z,87.0,Sense
2025-08-03T12:01:21Z,88.0,Sense
2025-08-03T12:01:26Z,87.0,Sense
2025-08-03T12:01:41Z,86.0,Sense
2025-08-03T12:01:46Z,85.0,Sense
2025-08-03T12:01:51Z,84.0,Sense
2025-08-03T12:02:01Z,83.0,Sense
2025-08-03T12:02:06Z,82.0,Sense
2025-08-03T12:02:16Z,82.0,Sense
2025-08-03T12:02:21Z,82.0,Sense
2025-08-03T12:02:36Z,82.0,Sense
2025-08-03T12:02:41Z,84.0,Sense
2025-08-03T12:02:51Z,85.0,Sense
2025-08-03T12:02:56Z,87.0,Sense
2025-08-03T12:03:11Z,87.0,Sense
2025-08-03T12:03:16Z,86.0,Sense
2025-08-03T12:03:21Z,85.0,Sense
2025-08-03T12:03:26Z,84.0,Sense
2025-08-03T12:03:31Z,83.0,Sense
2025-08-03T12:03:36Z,82.0,Sense
2025-08-03T12:03:41Z,83.0,Sense
2025-08-03T12:03:46Z,81.0,Sense
2025-08-03T12:03:51Z,82.0,Sense
2025-08-03T12:03:56Z,81.0,Sense
2025-08-03T12:04:01Z,80.0,Sense
2025-08-03T12:04:11Z,81.0,Sense
2025-08-03T12:04:16Z,83.0,Sense
2025-08-03T12:04:21Z,84.0,Sense
2025-08-03T12:04:26Z,82.0,Sense
2025-08-03T12:04:31Z,81.0,Sense
2025-08-03T12:04:36Z,83.0,Sense
2025-08-03T12:04:41Z,82.0,Sense
2025-08-03T12:04:56Z,83.0,Sense
2025-08-03T12:05:01Z,86.0,Sense
2025-08-03T12:05:11Z,84.0,Sense
2025-08-03T12:05:16Z,83.0,Sense
2025-08-03T12:05:21Z,85.0,Sense
2025-08-03T12:05:26Z,89.0,Sense
2025-08-03T12:05:31Z,87.0,Sense
2025-08-03T12:05:36Z,86.0,Sense
2025-08-03T12:05:46Z,88.0,Sense
2025-08-03T12:05:51Z,86.0,Sense
2025-08-03T12:05:56Z,85.0,Sense
2025-08-03T12:06:06Z,89.0,Sense
2025-08-03T12:06:11Z,90.0,Sense
2025-08-03T12:06:16Z,92.0,Sense
2025-08-03T12:06:21Z,94.0,Sense
2025-08-03T12:06:26Z,96.0,Sense
2025-08-03T12:06:31Z,98.0,Sense
2025-08-03T12:06:36Z,92.0,Sense
2025-08-03T12:06:41Z,93.0,Sense
2025-08-03T12:06:46Z,94.0,Sense
2025-08-03T12:06:51Z,95.0,Sense
2025-08-03T12:06:56Z,96.0,Sense
2025-08-03T12:07:11Z,95.0,Sense
2025-08-03T12:07:16Z,94.0,Sense
2025-08-03T12:07:21Z,95.0,Sense
2025-08-03T12:07:26Z,97.0,Sense
2025-08-03T12:07:31Z,96.0,Sense
2025-08-03T12:07:41Z,97.0,Sense
2025-08-03T12:07:46Z,105.0,Sense
2025-08-03T12:07:51Z,104.0,Sense
2025-08-03T12:08:01Z,103.0,Sense
2025-08-03T12:08:11Z,105.0,Sense
2025-08-03T12:08:16Z,102.0,Sense
2025-08-03T12:08:21Z,98.0,Sense
2025-08-03T12:08:26Z,96.0,Sense
2025-08-03T12:08:31Z,95.0,Sense
2025-08-03T12:08:41Z,97.0,Sense
2025-08-03T12:08:46Z,99.0,Sense
2025-08-03T12:08:51Z,104.0,Sense
2025-08-03T12:08:56Z,107.0,Sense
2025-08-03T12:09:01Z,105.0,Sense
2025-08-03T12:09:06Z,102.0,Sense
2025-08-03T12:09:11Z,100.0,Sense
2025-08-03T12:09:16Z,99.0,Sense
2025-08-03T12:09:21Z,98.0,Sense
2025-08-03T12:09:26Z,97.0,Sense
2025-08-03T12:09:31Z,98.0,Sense
2025-08-03T12:09:36Z,103.0,Sense
2025-08-03T12:09:41Z,102.0,Sense
2025-08-03T12:09:46Z,97.0,Sense
2025-08-03T12:09:51Z,94.0,Sense
2025-08-03T12:09:56Z,97.0,Sense
2025-08-03T12:10:01Z,100.0,Sense
2025-08-03T12:10:06Z,102.0,Sense
2025-08-03T12:10:11Z,100.0,Sense
2025-08-03T12:10:16Z,99.0,Sense
2025-08-03T12:10:21Z,94.0,Sense
2025-08-03T12:10:26Z,100.0,Sense
2025-08-03T12:10:31Z,98.0,Sense
2025-08-03T12:10:36Z,96.0,Sense
2025-08-03T12:10:46Z,95.0,Sense
2025-08-03T12:10:51Z,89.0,Sense
2025-08-03T12:10:56Z,96.0,Sense
2025-08-03T12:11:01Z,99.0,Sense
2025-08-03T12:11:06Z,100.0,Sense
2025-08-03T12:11:11Z,96.0,Sense
2025-08-03T12:11:16Z,97.0,Sense
2025-08-03T12:11:26Z,94.0,Sense
2025-08-03T12:11:31Z,93.0,Sense
2025-08-03T12:11:36Z,100.0,Sense
2025-08-03T12:11:41Z,101.0,Sense
2025-08-03T12:11:46Z,102.0,Sense
2025-08-03T12:12:01Z,102.0,Sense
2025-08-03T12:12:06Z,101.0,Sense
2025-08-03T12:12:11Z,102.0,Sense
2025-08-03T12:12:16Z,101.0,Sense
2025-08-03T12:12:21Z,103.0,Sense
2025-08-03T12:12:26Z,105.0,Sense
2025-08-03T12:12:31Z,104.0,Sense
2025-08-03T12:12:36Z,103.0,Sense
2025-08-03T12:12:41Z,105.0,Sense
2025-08-03T12:12:46Z,103.0,Sense
2025-08-03T12:12:56Z,104.0,Sense
2025-08-03T12:13:01Z,105.0,Sense
2025-08-03T12:13:06Z,103.0,Sense
2025-08-03T12:13:21Z,103.0,Sense
2025-08-03T12:13:26Z,105.0,Sense
2025-08-03T12:13:31Z,102.0,Sense
2025-08-03T12:13:36Z,100.0,Sense
2025-08-03T12:13:41Z,100.0,Sense
2025-08-03T12:13:46Z,96.0,Sense
2025-08-03T12:13:51Z,93.0,Sense
2025-08-03T12:13:56Z,92.0,Sense
2025-08-03T12:14:01Z,95.0,Sense
2025-08-03T12:14:06Z,90.0,Sense
2025-08-03T12:14:11Z,87.0,Sense
2025-08-03T12:14:16Z,88.0,Sense
2025-08-03T12:14:21Z,89.0,Sense
2025-08-03T12:14:26Z,89.0,Sense
2025-08-03T12:14:31Z,91.0,Sense
2025-08-03T12:14:36Z,87.0,Sense
2025-08-03T12:14:46Z,86.0,Sense
2025-08-03T12:14:51Z,84.0,Sense
2025-08-03T12:15:01Z,84.0,Sense
2025-08-03T12:15:06Z,84.0,Sense
2025-08-03T12:15:11Z,86.0,Sense
2025-08-03T12:15:16Z,88.0,Sense
2025-08-03T12:15:21Z,87.0,Sense
2025-08-03T12:15:31Z,86.0,Sense
2025-08-03T12:15:46Z,87.0,Sense
2025-08-03T12:15:56Z,87.0,Sense
2025-08-03T12:16:01Z,86.0,Sense
2025-08-03T12:16:06Z,85.0,Sense
2025-08-03T12:16:16Z,87.0,Sense
2025-08-03T12:16:21Z,89.0,Sense
2025-08-03T12:16:26Z,90.0,Sense
2025-08-03T12:16:41Z,90.0,Sense
2025-08-03T12:16:56Z,90.0,Sense
2025-08-03T12:17:01Z,89.0,Sense
2025-08-03T12:17:06Z,88.0,Sense
2025-08-03T12:17:11Z,88.0,Sense
2025-08-03T12:17:16Z,89.0,Sense
2025-08-03T12:17:21Z,90.0,Sense
2025-08-03T12:17:31Z,89.0,Sense
2025-08-03T12:17:36Z,89.0,Sense
2025-08-03T12:17:41Z,90.0,Sense
2025-08-03T12:17:51Z,89.0,Sense
2025-08-03T12:17:56Z,86.0,Sense
2025-08-03T12:18:01Z,85.0,Sense
2025-08-03T12:18:11Z,86.0,Sense
2025-08-03T12:18:16Z,88.0,Sense
2025-08-03T12:18:21Z,90.0,Sense
2025-08-03T12:18:26Z,94.0,Sense
2025-08-03T12:18:31Z,95.0,Sense
2025-08-03T12:18:36Z,93.0,Sense
2025-08-03T12:18:41Z,91.0,Sense
2025-08-03T12:18:46Z,87.0,Sense
2025-08-03T12:18:51Z,85.0,Sense
2025-08-03T12:18:56Z,84.0,Sense
2025-08-03T12:19:01Z,82.0,Sense
2025-08-03T12:19:06Z,80.0,Sense
2025-08-03T12:19:11Z,79.0,Sense
2025-08-03T12:19:16Z,80.0,Sense
2025-08-03T12:19:21Z,78.0,Sense
2025-08-03T12:19:26Z,78.0,Sense
2025-08-03T12:19:36Z,82.0,Sense
2025-08-03T12:19:41Z,85.0,Sense
2025-08-03T12:19:46Z,87.0,Sense
2025-08-03T12:19:51Z,88.0,Sense
2025-08-03T12:19:56Z,89.0,Sense
2025-08-03T12:20:01Z,95.0,Sense
2025-08-03T12:20:06Z,93.0,Sense
2025-08-03T12:20:11Z,92.0,Sense
2025-08-03T12:20:16Z,89.0,Sense
2025-08-03T12:20:21Z,89.0,Sense
2025-08-03T12:20:26Z,89.0,Sense
2025-08-03T12:20:31Z,90.0,Sense
2025-08-03T12:20:41Z,89.0,Sense
2025-08-03T12:20:56Z,89.0,Sense
2025-08-03T12:21:06Z,88.0,Sense
2025-08-03T12:21:11Z,87.0,Sense
2025-08-03T12:21:16Z,88.0,Sense
2025-08-03T12:21:26Z,89.0,Sense
2025-08-03T12:21:36Z,88.0,Sense
2025-08-03T12:21:41Z,89.0,Sense
2025-08-03T12:21:51Z,90.0,Sense
2025-08-03T12:21:56Z,92.0,Sense
2025-08-03T12:22:01Z,92.0,Sense
2025-08-03T12:22:06Z,89.0,Sense
2025-08-03T12:22:11Z,88.0,Sense
2025-08-03T12:22:16Z,87.0,Sense
2025-08-03T12:22:26Z,86.0,Sense
2025-08-03T12:22:31Z,83.0,Sense
2025-08-03T12:22:36Z,82.0,Sense
2025-08-03T12:22:41Z,83.0,Sense
2025-08-03T12:22:46Z,86.0,Sense
2025-08-03T12:22:51Z,85.0,Sense
2025-08-03T12:22:56Z,82.0,Sense
2025-08-03T12:23:06Z,83.0,Sense
2025-08-03T12:23:11Z,84.0,Sense
2025-08-03T12:23:16Z,83.0,Sense
2025-08-03T12:23:21Z,83.0,Sense
2025-08-03T12:23:26Z,86.0,Sense
2025-08-03T12:23:36Z,88.0,Sense
2025-08-03T12:23:46Z,87.0,Sense
2025-08-03T12:23:51Z,88.0,Sense
2025-08-03T12:23:56Z,86.0,Sense
2025-08-03T12:24:01Z,83.0,Sense
2025-08-03T12:24:06Z,82.0,Sense
2025-08-03T12:24:16Z,81.0,Sense
2025-08-03T12:24:26Z,80.0,Sense
2025-08-03T12:24:31Z,79.0,Sense
2025-08-03T12:24:36Z,78.0,Sense
2025-08-03T12:24:41Z,81.0,Sense
2025-08-03T12:24:46Z,84.0,Sense
2025-08-03T12:24:56Z,85.0,Sense
2025-08-03T12:25:06Z,84.0,Sense
2025-08-03T12:25:16Z,83.0,Sense
2025-08-03T12:25:21Z,84.0,Sense
2025-08-03T12:25:26Z,86.0,Sense
2025-08-03T12:25:31Z,86.0,Sense
2025-08-03T12:25:36Z,83.0,Sense
2025-08-03T12:25:41Z,83.0,Sense
2025-08-03T12:25:46Z,83.0,Sense
2025-08-03T12:25:51Z,84.0,Sense
2025-08-03T12:25:56Z,85.0,Sense
2025-08-03T12:26:01Z,88.0,Sense
2025-08-03T12:26:06Z,91.0,Sense
2025-08-03T12:26:11Z,89.0,Sense
2025-08-03T12:26:16Z,83.0,Sense
2025-08-03T12:26:21Z,81.0,Sense
2025-08-03T12:26:26Z,85.0,Sense
2025-08-03T12:26:31Z,88.0,Sense
2025-08-03T12:26:36Z,90.0,Sense
2025-08-03T12:26:51Z,90.0,Sense
2025-08-03T12:26:56Z,91.0,Sense
2025-08-03T12:27:01Z,92.0,Sense
2025-08-03T12:27:06Z,88.0,Sense
2025-08-03T12:27:11Z,87.0,Sense
2025-08-03T12:27:16Z,85.0,Sense
2025-08-03T12:27:21Z,82.0,Sense
2025-08-03T12:27:26Z,80.0,Sense
2025-08-03T12:27:31Z,79.0,Sense
2025-08-03T12:27:36Z,78.0,Sense
2025-08-03T12:27:46Z,79.0,Sense
2025-08-03T12:27:56Z,80.0,Sense
2025-08-03T12:28:01Z,83.0,Sense
2025-08-03T12:28:06Z,85.0,Sense
2025-08-03T12:28:11Z,86.0,Sense
2025-08-03T12:28:16Z,88.0,Sense
2025-08-03T12:28:21Z,90.0,Sense
2025-08-03T12:28:31Z,91.0,Sense
2025-08-03T12:28:36Z,93.0,Sense
2025-08-03T12:28:41Z,91.0,Sense
2025-08-03T12:28:46Z,89.0,Sense
2025-08-03T12:28:51Z,90.0,Sense
2025-08-03T12:28:56Z,92.0,Sense
2025-08-03T12:29:01Z,92.0,Sense
2025-08-03T12:29:06Z,89.0,Sense
2025-08-03T12:29:11Z,87.0,Sense
2025-08-03T12:29:21Z,87.0,Sense
2025-08-03T12:29:26Z,86.0,Sense
2025-08-03T12:29:36Z,86.0,Sense
2025-08-03T12:29:41Z,87.0,Sense
2025-08-03T12:29:46Z,88.0,Sense
2025-08-03T12:29:51Z,89.0,Sense
2025-08-03T12:29:56Z,89.0,Sense
2025-08-03T12:30:01Z,89.0,Sense
2025-08-03T12:30:11Z,86.0,Sense
2025-08-03T12:30:16Z,85.0,Sense
2025-08-03T12:30:21Z,87.0,Sense
2025-08-03T12:30:31Z,84.0,Sense
2025-08-03T12:30:36Z,81.0,Sense
2025-08-03T12:30:41Z,83.0,Sense
2025-08-03T12:30:46Z,85.0,Sense
2025-08-03T12:30:51Z,84.0,Sense
2025-08-03T12:30:56Z,82.0,Sense
2025-08-03T12:31:06Z,81.0,Sense
2025-08-03T12:31:16Z,81.0,Sense
2025-08-03T12:31:21Z,81.0,Sense
2025-08-03T12:31:26Z,82.0,Sense
2025-08-03T12:31:31Z,82.0,Sense
2025-08-03T12:31:41Z,82.0,Sense
2025-08-03T12:31:51Z,83.0,Sense
2025-08-03T12:32:01Z,83.0,Sense
2025-08-03T12:32:06Z,84.0,Sense
2025-08-03T12:32:11Z,85.0,Sense
2025-08-03T12:32:16Z,85.0,Sense
2025-08-03T12:32:21Z,86.0,Sense
2025-08-03T12:32:26Z,91.0,Sense
2025-08-03T12:32:31Z,89.0,Sense
2025-08-03T12:32:36Z,87.0,Sense
2025-08-03T12:32:41Z,86.0,Sense
2025-08-03T12:32:51Z,87.0,Sense
2025-08-03T12:32:56Z,86.0,Sense
2025-08-03T12:33:01Z,84.0,Sense
2025-08-03T12:33:06Z,85.0,Sense
2025-08-03T12:33:11Z,85.0,Sense
2025-08-03T12:33:16Z,85.0,Sense
2025-08-03T12:33:21Z,84.0,Sense
2025-08-03T12:33:26Z,83.0,Sense
2025-08-03T12:33:41Z,82.0,Sense
2025-08-03T12:33:56Z,86.0,Sense
2025-08-03T12:34:01Z,90.0,Sense
2025-08-03T12:34:11Z,88.0,Sense
2025-08-03T12:34:16Z,86.0,Sense
2025-08-03T12:34:21Z,84.0,Sense
2025-08-03T12:34:26Z,83.0,Sense
2025-08-03T12:34:31Z,81.0,Sense
2025-08-03T12:34:36Z,80.0,Sense
2025-08-03T12:34:41Z,79.0,Sense
2025-08-03T12:34:46Z,82.0,Sense
2025-08-03T12:34:51Z,86.0,Sense
2025-08-03T12:34:56Z,87.0,Sense
2025-08-03T12:35:01Z,84.0,Sense
2025-08-03T12:35:11Z,88.0,Sense
2025-08-03T12:35:16Z,90.0,Sense
2025-08-03T12:35:21Z,89.0,Sense
2025-08-03T12:35:31Z,91.0,Sense
2025-08-03T12:35:36Z,95.0,Sense
2025-08-03T12:35:41Z,91.0,Sense
2025-08-03T12:35:51Z,89.0,Sense
2025-08-03T12:35:56Z,87.0,Sense
2025-08-03T12:36:01Z,90.0,Sense
2025-08-03T12:36:06Z,92.0,Sense
2025-08-03T12:36:11Z,93.0,Sense
2025-08-03T12:36:16Z,94.0,Sense
2025-08-03T12:36:21Z,91.0,Sense
2025-08-03T12:36:26Z,86.0,Sense
2025-08-03T12:36:31Z,83.0,Sense
2025-08-03T12:36:36Z,85.0,Sense
2025-08-03T12:36:41Z,84.0,Sense
2025-08-03T12:36:46Z,81.0,Sense
2025-08-03T12:36:51Z,82.0,Sense
2025-08-03T12:36:56Z,84.0,Sense
2025-08-03T12:37:01Z,86.0,Sense
2025-08-03T12:37:06Z,91.0,Sense
2025-08-03T12:37:11Z,93.0,Sense
2025-08-03T12:37:26Z,94.0,Sense
2025-08-03T12:37:31Z,95.0,Sense
2025-08-03T12:37:36Z,93.0,Sense
2025-08-03T12:37:41Z,92.0,Sense
2025-08-03T12:37:46Z,91.0,Sense
2025-08-03T12:37:51Z,89.0,Sense
2025-08-03T12:37:56Z,89.0,Sense
2025-08-03T12:38:01Z,89.0,Sense
2025-08-03T12:38:06Z,88.0,Sense
2025-08-03T12:38:16Z,89.0,Sense
2025-08-03T12:38:21Z,89.0,Sense
2025-08-03T12:38:31Z,90.0,Sense
2025-08-03T12:38:36Z,89.0,Sense
2025-08-03T12:38:41Z,87.0,Sense
2025-08-03T12:38:51Z,86.0,Sense
2025-08-03T12:39:01Z,85.0,Sense
2025-08-03T12:39:06Z,86.0,Sense
2025-08-03T12:39:21Z,88.0,Sense
2025-08-03T12:39:31Z,87.0,Sense
2025-08-03T12:39:36Z,87.0,Sense
2025-08-03T12:39:41Z,87.0,Sense
2025-08-03T12:39:46Z,88.0,Sense
2025-08-03T12:39:51Z,87.0,Sense
2025-08-03T12:39:56Z,87.0,Sense
2025-08-03T12:40:06Z,87.0,Sense
2025-08-03T12:40:11Z,88.0,Sense
2025-08-03T12:40:16Z,88.0,Sense
2025-08-03T12:40:21Z,91.0,Sense
2025-08-03T12:40:26Z,90.0,Sense
2025-08-03T12:40:36Z,88.0,Sense
2025-08-03T12:40:41Z,88.0,Sense
2025-08-03T12:40:51Z,88.0,Sense
2025-08-03T12:40:56Z,86.0,Sense
2025-08-03T12:41:06Z,86.0,Sense
2025-08-03T12:41:21Z,86.0,Sense
2025-08-03T12:41:31Z,87.0,Sense
2025-08-03T12:41:41Z,88.0,Sense
2025-08-03T12:41:51Z,89.0,Sense
2025-08-03T12:42:06Z,88.0,Sense
2025-08-03T12:42:21Z,88.0,Sense
2025-08-03T12:42:31Z,87.0,Sense
2025-08-03T12:42:36Z,86.0,Sense
2025-08-03T12:42:41Z,87.0,Sense
2025-08-03T12:42:51Z,88.0,Sense
2025-08-03T12:42:56Z,89.0,Sense
2025-08-03T12:43:01Z,88.0,Sense
2025-08-03T12:43:06Z,87.0,Sense
2025-08-03T12:43:11Z,88.0,Sense
2025-08-03T12:43:16Z,87.0,Sense
2025-08-03T12:43:26Z,86.0,Sense
2025-08-03T12:43:31Z,84.0,Sense
2025-08-03T12:43:41Z,83.0,Sense
2025-08-03T12:43:51Z,84.0,Sense
2025-08-03T12:43:56Z,83.0,Sense
2025-08-03T12:44:06Z,83.0,Sense
2025-08-03T12:44:21Z,83.0,Sense
2025-08-03T12:44:26Z,83.0,Sense
2025-08-03T12:44:31Z,83.0,Sense
2025-08-03T12:44:36Z,81.0,Sense
2025-08-03T12:44:41Z,79.0,Sense
2025-08-03T12:44:46Z,80.0,Sense
2025-08-03T12:44:51Z,80.0,Sense
2025-08-03T12:45:06Z,82.0,Sense
2025-08-03T12:45:11Z,85.0,Sense
2025-08-03T12:45:26Z,88.0,Sense
2025-08-03T12:45:31Z,90.0,Sense
2025-08-03T12:45:36Z,91.0,Sense
2025-08-03T12:45:41Z,92.0,Sense
2025-08-03T12:45:46Z,91.0,Sense
2025-08-03T12:45:51Z,93.0,Sense
2025-08-03T12:45:56Z,91.0,Sense
2025-08-03T12:46:01Z,95.0,Sense
2025-08-03T12:46:06Z,94.0,Sense
2025-08-03T12:46:16Z,91.0,Sense
2025-08-03T12:46:21Z,90.0,Sense
2025-08-03T12:46:26Z,87.0,Sense
2025-08-03T12:46:31Z,92.0,Sense
2025-08-03T12:46:36Z,90.0,Sense
2025-08-03T12:46:41Z,93.0,Sense
2025-08-03T12:46:46Z,96.0,Sense
2025-08-03T12:46:51Z,97.0,Sense
2025-08-03T12:46:56Z,98.0,Sense
2025-08-03T12:47:01Z,97.0,Sense
2025-08-03T12:47:06Z,103.0,Sense
2025-08-03T12:47:11Z,101.0,Sense
2025-08-03T12:47:16Z,96.0,Sense
2025-08-03T12:47:21Z,93.0,Sense
2025-08-03T12:47:26Z,91.0,Sense
2025-08-03T12:47:31Z,90.0,Sense
2025-08-03T12:47:36Z,89.0,Sense
2025-08-03T12:47:41Z,87.0,Sense
2025-08-03T12:47:46Z,88.0,Sense
2025-08-03T12:47:51Z,90.0,Sense
2025-08-03T12:47:56Z,92.0,Sense
2025-08-03T12:48:01Z,87.0,Sense
2025-08-03T12:48:06Z,84.0,Sense
2025-08-03T12:48:11Z,85.0,Sense
2025-08-03T12:48:16Z,84.0,Sense
2025-08-03T12:48:21Z,85.0,Sense
2025-08-03T12:48:26Z,86.0,Sense
2025-08-03T12:48:36Z,87.0,Sense
2025-08-03T12:48:46Z,86.0,Sense
2025-08-03T12:48:51Z,85.0,Sense
2025-08-03T12:49:01Z,84.0,Sense
2025-08-03T12:49:06Z,83.0,Sense
2025-08-03T12:49:11Z,83.0,Sense
2025-08-03T12:49:16Z,85.0,Sense
2025-08-03T12:49:26Z,86.0,Sense
2025-08-03T12:49:41Z,86.0,Sense
2025-08-03T12:49:51Z,87.0,Sense
2025-08-03T12:49:56Z,88.0,Sense
2025-08-03T12:50:01Z,89.0,Sense
2025-08-03T12:50:06Z,92.0,Sense
2025-08-03T12:50:11Z,95.0,Sense
2025-08-03T12:50:21Z,97.0,Sense
2025-08-03T12:50:31Z,95.0,Sense
2025-08-03T12:50:36Z,94.0,Sense
2025-08-03T12:50:41Z,89.0,Sense
2025-08-03T12:50:46Z,89.0,Sense
2025-08-03T12:50:56Z,91.0,Sense
2025-08-03T12:51:01Z,90.0,Sense
2025-08-03T12:51:06Z,95.0,Sense
2025-08-03T12:51:11Z,93.0,Sense
2025-08-03T12:51:16Z,88.0,Sense
2025-08-03T12:51:21Z,85.0,Sense
2025-08-03T12:51:26Z,84.0,Sense
2025-08-03T12:51:41Z,85.0,Sense
2025-08-03T12:51:46Z,86.0,Sense
2025-08-03T12:51:56Z,85.0,Sense
2025-08-03T12:52:01Z,85.0,Sense
2025-08-03T12:52:06Z,87.0,Sense
2025-08-03T12:52:11Z,86.0,Sense
2025-08-03T12:52:16Z,84.0,Sense
2025-08-03T12:52:26Z,83.0,Sense
2025-08-03T12:52:31Z,82.0,Sense
2025-08-03T12:52:36Z,83.0,Sense
2025-08-03T12:52:41Z,84.0,Sense
2025-08-03T12:52:46Z,84.0,Sense
2025-08-03T12:52:51Z,82.0,Sense
2025-08-03T12:52:56Z,81.0,Sense
2025-08-03T12:53:01Z,84.0,Sense
2025-08-03T12:53:06Z,86.0,Sense
2025-08-03T12:53:11Z,83.0,Sense
2025-08-03T12:53:16Z,80.0,Sense
2025-08-03T12:53:21Z,84.0,Sense
2025-08-03T12:53:26Z,89.0,Sense
2025-08-03T12:53:31Z,90.0,Sense
2025-08-03T12:53:41Z,90.0,Sense
2025-08-03T12:53:46Z,89.0,Sense
2025-08-03T12:53:51Z,89.0,Sense
2025-08-03T12:53:56Z,88.0,Sense
2025-08-03T12:54:06Z,87.0,Sense
2025-08-03T12:54:11Z,88.0,Sense
2025-08-03T12:54:16Z,90.0,Sense
2025-08-03T12:54:31Z,90.0,Sense
2025-08-03T12:54:36Z,90.0,Sense
2025-08-03T12:54:51Z,89.0,Sense
2025-08-03T12:55:06Z,89.0,Sense
2025-08-03T12:55:11Z,91.0,Sense
2025-08-03T12:55:21Z,93.0,Sense
2025-08-03T12:55:26Z,93.0,Sense
2025-08-03T12:55:31Z,91.0,Sense
2025-08-03T12:55:36Z,90.0,Sense
2025-08-03T12:55:46Z,89.0,Sense
2025-08-03T12:55:51Z,89.0,Sense
2025-08-03T12:56:06Z,88.0,Sense
2025-08-03T12:56:11Z,86.0,Sense
2025-08-03T12:56:21Z,87.0,Sense
2025-08-03T12:56:36Z,87.0,Sense
2025-08-03T12:56:41Z,88.0,Sense
2025-08-03T12:56:46Z,87.0,Sense
2025-08-03T12:56:51Z,88.0,Sense
2025-08-03T12:56:56Z,89.0,Sense
2025-08-03T12:57:01Z,90.0,Sense
2025-08-03T12:57:06Z,91.0,Sense
2025-08-03T12:57:11Z,92.0,Sense
2025-08-03T12:57:16Z,90.0,Sense
2025-08-03T12:57:21Z,88.0,Sense
2025-08-03T12:57:26Z,90.0,Sense
2025-08-03T12:57:31Z,93.0,Sense
2025-08-03T12:57:41Z,91.0,Sense
2025-08-03T12:57:46Z,89.0,Sense
2025-08-03T12:57:51Z,90.0,Sense
2025-08-03T12:57:56Z,92.0,Sense
2025-08-03T12:58:01Z,95.0,Sense
2025-08-03T12:58:06Z,96.0,Sense
2025-08-03T12:58:16Z,94.0,Sense
2025-08-03T12:58:21Z,95.0,Sense
2025-08-03T12:58:36Z,95.0,Sense
2025-08-03T12:58:41Z,94.0,Sense
2025-08-03T12:58:46Z,92.0,Sense
2025-08-03T12:58:56Z,93.0,Sense
2025-08-03T12:59:01Z,95.0,Sense
2025-08-03T12:59:06Z,95.0,Sense
2025-08-03T12:59:11Z,96.0,Sense
2025-08-03T12:59:26Z,97.0,Sense
2025-08-03T12:59:36Z,96.0,Sense
2025-08-03T12:59:41Z,99.0,Sense
2025-08-03T12:59:46Z,99.0,Sense
2025-08-03T12:59:51Z,102.0,Sense
2025-08-03T12:59:56Z,99.0,Sense
2025-08-03T13:00:01Z,95.0,Sense
2025-08-03T13:00:06Z,92.0,Sense
2025-08-03T13:00:11Z,88.0,Sense
2025-08-03T13:00:21Z,89.0,Sense
2025-08-03T13:00:26Z,90.0,Sense
2025-08-03T13:00:31Z,91.0,Sense
2025-08-03T13:00:36Z,90.0,Sense
2025-08-03T13:00:41Z,88.0,Sense
2025-08-03T13:00:46Z,87.0,Sense
2025-08-03T13:00:51Z,88.0,Sense
2025-08-03T13:01:01Z,87.0,Sense
2025-08-03T13:01:06Z,87.0,Sense
2025-08-03T13:01:11Z,88.0,Sense
2025-08-03T13:01:21Z,87.0,Sense
2025-08-03T13:01:36Z,87.0,Sense
2025-08-03T13:01:41Z,88.0,Sense
2025-08-03T13:01:51Z,89.0,Sense
2025-08-03T13:01:56Z,92.0,Sense
2025-08-03T13:02:01Z,93.0,Sense
2025-08-03T13:02:06Z,91.0,Sense
2025-08-03T13:02:11Z,89.0,Sense
2025-08-03T13:02:16Z,88.0,Sense
2025-08-03T13:02:21Z,89.0,Sense
2025-08-03T13:02:26Z,90.0,Sense
2025-08-03T13:02:41Z,90.0,Sense
2025-08-03T13:02:46Z,89.0,Sense
2025-08-03T13:02:56Z,88.0,Sense
2025-08-03T13:03:01Z,87.0,Sense
2025-08-03T13:03:11Z,86.0,Sense
2025-08-03T13:03:21Z,87.0,Sense
2025-08-03T13:03:36Z,87.0,Sense
2025-08-03T13:03:46Z,86.0,Sense
2025-08-03T13:03:56Z,85.0,Sense
2025-08-03T13:04:11Z,86.0,Sense
2025-08-03T13:04:21Z,84.0,Sense
2025-08-03T13:04:26Z,83.0,Sense
2025-08-03T13:04:41Z,83.0,Sense
2025-08-03T13:04:46Z,84.0,Sense
2025-08-03T13:04:51Z,86.0,Sense
2025-08-03T13:04:56Z,88.0,Sense
2025-08-03T13:05:06Z,86.0,Sense
2025-08-03T13:05:11Z,85.0,Sense
2025-08-03T13:05:16Z,86.0,Sense
2025-08-03T13:05:26Z,87.0,Sense
2025-08-03T13:05:41Z,87.0,Sense
2025-08-03T13:05:46Z,88.0,Sense
2025-08-03T13:05:51Z,90.0,Sense
2025-08-03T13:06:01Z,89.0,Sense
2025-08-03T13:06:06Z,88.0,Sense
2025-08-03T13:06:11Z,87.0,Sense
2025-08-03T13:06:16Z,88.0,Sense
2025-08-03T13:06:21Z,89.0,Sense
2025-08-03T13:06:26Z,88.0,Sense
2025-08-03T13:06:31Z,87.0,Sense
2025-08-03T13:06:46Z,90.0,Sense
2025-08-03T13:06:51Z,91.0,Sense
2025-08-03T13:06:56Z,92.0,Sense
2025-08-03T13:07:06Z,90.0,Sense
2025-08-03T13:07:11Z,95.0,Sense
2025-08-03T13:07:16Z,96.0,Sense
2025-08-03T13:07:21Z,98.0,Sense
2025-08-03T13:07:26Z,97.0,Sense
2025-08-03T13:07:36Z,96.0,Sense
2025-08-03T13:07:41Z,97.0,Sense
2025-08-03T13:07:46Z,97.0,Sense
2025-08-03T13:07:51Z,97.0,Sense
2025-08-03T13:07:56Z,95.0,Sense
2025-08-03T13:08:01Z,90.0,Sense
2025-08-03T13:08:06Z,84.0,Sense
2025-08-03T13:08:11Z,82.0,Sense
2025-08-03T13:08:16Z,87.0,Sense
2025-08-03T13:08:21Z,91.0,Sense
2025-08-03T13:08:26Z,92.0,Sense
2025-08-03T13:08:41Z,91.0,Sense
2025-08-03T13:08:46Z,92.0,Sense
2025-08-03T13:08:51Z,95.0,Sense
2025-08-03T13:08:56Z,96.0,Sense
2025-08-03T13:09:01Z,100.0,Sense
2025-08-03T13:09:06Z,102.0,Sense
2025-08-03T13:09:16Z,100.0,Sense
2025-08-03T13:09:21Z,99.0,Sense
2025-08-03T13:09:26Z,97.0,Sense
2025-08-03T13:09:31Z,95.0,Sense
2025-08-03T13:09:41Z,94.0,Sense
2025-08-03T13:09:46Z,90.0,Sense
2025-08-03T13:09:51Z,92.0,Sense
2025-08-03T13:09:56Z,93.0,Sense
2025-08-03T13:10:01Z,94.0,Sense
2025-08-03T13:10:06Z,91.0,Sense
2025-08-03T13:10:21Z,90.0,Sense
2025-08-03T13:10:36Z,90.0,Sense
2025-08-03T13:10:41Z,89.0,Sense
2025-08-03T13:10:46Z,86.0,Sense
2025-08-03T13:11:01Z,86.0,Sense
2025-08-03T13:11:06Z,87.0,Sense
2025-08-03T13:11:11Z,90.0,Sense
2025-08-03T13:11:16Z,91.0,Sense
2025-08-03T13:11:21Z,90.0,Sense
2025-08-03T13:11:26Z,89.0,Sense
2025-08-03T13:11:36Z,89.0,Sense
2025-08-03T13:11:41Z,90.0,Sense
2025-08-03T13:11:46Z,91.0,Sense
2025-08-03T13:11:51Z,93.0,Sense
2025-08-03T13:11:56Z,92.0,Sense
2025-08-03T13:12:01Z,94.0,Sense
2025-08-03T13:12:06Z,92.0,Sense
2025-08-03T13:12:11Z,93.0,Sense
2025-08-03T13:12:16Z,98.0,Sense
2025-08-03T13:12:21Z,95.0,Sense
2025-08-03T13:12:26Z,92.0,Sense
2025-08-03T13:12:31Z,89.0,Sense
2025-08-03T13:12:36Z,87.0,Sense
2025-08-03T13:12:41Z,85.0,Sense
2025-08-03T13:12:46Z,85.0,Sense
2025-08-03T13:12:56Z,85.0,Sense
2025-08-03T13:13:01Z,85.0,Sense
2025-08-03T13:13:16Z,85.0,Sense
2025-08-03T13:13:26Z,84.0,Sense
2025-08-03T13:13:36Z,83.0,Sense
2025-08-03T13:13:41Z,83.0,Sense
2025-08-03T13:13:46Z,84.0,Sense
2025-08-03T13:13:56Z,85.0,Sense
2025-08-03T13:14:11Z,89.0,Sense
2025-08-03T13:14:16Z,94.0,Sense
2025-08-03T13:14:21Z,92.0,Sense
2025-08-03T13:14:26Z,88.0,Sense
2025-08-03T13:14:31Z,89.0,Sense
2025-08-03T13:14:36Z,91.0,Sense
2025-08-03T13:14:41Z,89.0,Sense
2025-08-03T13:14:46Z,88.0,Sense
2025-08-03T13:15:01Z,92.0,Sense
2025-08-03T13:15:06Z,91.0,Sense
2025-08-03T13:15:11Z,92.0,Sense
2025-08-03T13:15:16Z,91.0,Sense
2025-08-03T13:15:21Z,90.0,Sense
2025-08-03T13:15:26Z,91.0,Sense
2025-08-03T13:15:41Z,90.0,Sense
2025-08-03T13:15:46Z,89.0,Sense
2025-08-03T13:15:51Z,88.0,Sense
2025-08-03T13:16:06Z,88.0,Sense
2025-08-03T13:16:16Z,87.0,Sense
2025-08-03T13:16:26Z,84.0,Sense
2025-08-03T13:16:31Z,83.0,Sense
2025-08-03T13:16:46Z,83.0,Sense
2025-08-03T13:16:51Z,84.0,Sense
2025-08-03T13:17:06Z,85.0,Sense
2025-08-03T13:17:11Z,84.0,Sense
2025-08-03T13:17:16Z,83.0,Sense
2025-08-03T13:17:21Z,82.0,Sense
2025-08-03T13:17:26Z,81.0,Sense
2025-08-03T13:17:31Z,85.0,Sense
2025-08-03T13:17:36Z,87.0,Sense
2025-08-03T13:17:41Z,86.0,Sense
2025-08-03T13:17:46Z,82.0,Sense
2025-08-03T13:17:51Z,81.0,Sense
2025-08-03T13:18:01Z,80.0,Sense
2025-08-03T13:18:06Z,79.0,Sense
2025-08-03T13:18:11Z,79.0,Sense
2025-08-03T13:18:26Z,79.0,Sense
2025-08-03T13:18:31Z,79.0,Sense
2025-08-03T13:18:36Z,78.0,Sense
2025-08-03T13:18:41Z,80.0,Sense
2025-08-03T13:18:51Z,82.0,Sense
2025-08-03T13:19:06Z,81.0,Sense
2025-08-03T13:19:21Z,80.0,Sense
2025-08-03T13:19:26Z,75.0,Sense
2025-08-03T13:19:31Z,77.0,Sense
2025-08-03T13:19:36Z,79.0,Sense
2025-08-03T13:19:41Z,77.0,Sense
2025-08-03T13:19:56Z,77.0,Sense
2025-08-03T13:20:01Z,78.0,Sense
2025-08-03T13:20:06Z,79.0,Sense
2025-08-03T13:20:11Z,80.0,Sense
2025-08-03T13:20:16Z,81.0,Sense
2025-08-03T13:20:26Z,82.0,Sense
2025-08-03T13:20:36Z,80.0,Sense
2025-08-03T13:20:41Z,77.0,Sense
2025-08-03T13:20:51Z,75.0,Sense
2025-08-03T13:20:56Z,74.0,Sense
2025-08-03T13:21:06Z,75.0,Sense
2025-08-03T13:21:16Z,76.0,Sense
2025-08-03T13:21:27Z,76.0,Sense
2025-08-03T13:21:32Z,76.0,Sense
2025-08-03T13:21:37Z,75.0,Sense
2025-08-03T13:21:42Z,75.0,Sense
2025-08-03T13:21:47Z,74.0,Sense
2025-08-03T13:21:52Z,74.0,Sense
2025-08-03T13:22:02Z,76.0,Sense
2025-08-03T13:22:07Z,77.0,Sense
2025-08-03T13:22:12Z,80.0,Sense
2025-08-03T13:22:17Z,81.0,Sense
2025-08-03T13:22:22Z,80.0,Sense
2025-08-03T13:22:37Z,81.0,Sense
2025-08-03T13:22:42Z,82.0,Sense
2025-08-03T13:22:47Z,81.0,Sense
2025-08-03T13:22:52Z,80.0,Sense
2025-08-03T13:23:07Z,81.0,Sense
2025-08-03T13:23:17Z,78.0,Sense
2025-08-03T13:23:22Z,76.0,Sense
2025-08-03T13:23:27Z,74.0,Sense
2025-08-03T13:23:37Z,75.0,Sense
2025-08-03T13:23:42Z,76.0,Sense
2025-08-03T13:23:47Z,78.0,Sense
2025-08-03T13:23:52Z,81.0,Sense
2025-08-03T13:23:57Z,82.0,Sense
2025-08-03T13:24:02Z,82.0,Sense
2025-08-03T13:24:07Z,78.0,Sense
2025-08-03T13:24:12Z,78.0,Sense
2025-08-03T13:24:17Z,78.0,Sense
2025-08-03T13:24:22Z,76.0,Sense
2025-08-03T13:24:27Z,73.0,Sense
2025-08-03T13:24:37Z,74.0,Sense
2025-08-03T13:24:47Z,74.0,Sense
2025-08-03T13:24:52Z,74.0,Sense
2025-08-03T13:24:57Z,76.0,Sense
2025-08-03T13:25:02Z,79.0,Sense
2025-08-03T13:25:17Z,79.0,Sense
2025-08-03T13:25:22Z,79.0,Sense
2025-08-03T13:25:27Z,77.0,Sense
2025-08-03T13:25:32Z,77.0,Sense
2025-08-03T13:25:37Z,77.0,Sense
2025-08-03T13:25:52Z,78.0,Sense
2025-08-03T13:25:57Z,77.0,Sense
2025-08-03T13:26:02Z,75.0,Sense
2025-08-03T13:26:07Z,76.0,Sense
2025-08-03T13:26:12Z,78.0,Sense
2025-08-03T13:26:17Z,80.0,Sense
2025-08-03T13:26:22Z,79.0,Sense
2025-08-03T13:26:27Z,76.0,Sense
2025-08-03T13:26:32Z,75.0,Sense
2025-08-03T13:26:37Z,73.0,Sense
2025-08-03T13:26:42Z,72.0,Sense
2025-08-03T13:26:47Z,73.0,Sense
2025-08-03T13:26:52Z,72.0,Sense
2025-08-03T13:26:57Z,71.0,Sense
2025-08-03T13:27:02Z,75.0,Sense
2025-08-03T13:27:07Z,80.0,Sense
2025-08-03T13:27:12Z,81.0,Sense
2025-08-03T13:27:17Z,80.0,Sense
2025-08-03T13:27:22Z,81.0,Sense
2025-08-03T13:27:27Z,83.0,Sense
2025-08-03T13:27:37Z,82.0,Sense
2025-08-03T13:27:52Z,80.0,Sense
2025-08-03T13:27:57Z,76.0,Sense
2025-08-03T13:28:02Z,75.0,Sense
2025-08-03T13:28:07Z,77.0,Sense
2025-08-03T13:28:12Z,76.0,Sense
2025-08-03T13:28:22Z,75.0,Sense
2025-08-03T13:28:27Z,74.0,Sense
2025-08-03T13:28:37Z,73.0,Sense
2025-08-03T13:28:42Z,72.0,Sense
2025-08-03T13:28:47Z,72.0,Sense
2025-08-03T13:29:02Z,72.0,Sense
2025-08-03T13:29:07Z,73.0,Sense
2025-08-03T13:29:12Z,78.0,Sense
2025-08-03T13:29:17Z,80.0,Sense
2025-08-03T13:29:22Z,83.0,Sense
2025-08-03T13:29:27Z,79.0,Sense
2025-08-03T13:29:42Z,82.0,Sense
2025-08-03T13:29:47Z,79.0,Sense
2025-08-03T13:29:52Z,76.0,Sense
2025-08-03T13:29:57Z,77.0,Sense
2025-08-03T13:30:02Z,77.0,Sense
2025-08-03T13:30:07Z,75.0,Sense
2025-08-03T13:30:12Z,74.0,Sense
2025-08-03T13:30:22Z,74.0,Sense
2025-08-03T13:30:32Z,75.0,Sense
2025-08-03T13:30:42Z,76.0,Sense
2025-08-03T13:30:57Z,75.0,Sense
2025-08-03T13:31:02Z,76.0,Sense
2025-08-03T13:31:12Z,77.0,Sense
2025-08-03T13:31:17Z,77.0,Sense
2025-08-03T13:31:32Z,74.0,Sense
2025-08-03T13:31:37Z,75.0,Sense
2025-08-03T13:31:42Z,76.0,Sense
2025-08-03T13:31:47Z,77.0,Sense
2025-08-03T13:31:52Z,78.0,Sense
2025-08-03T13:32:02Z,77.0,Sense
2025-08-03T13:32:07Z,74.0,Sense
2025-08-03T13:32:12Z,73.0,Sense
2025-08-03T13:32:27Z,73.0,Sense
2025-08-03T13:32:42Z,74.0,Sense
2025-08-03T13:32:47Z,73.0,Sense
2025-08-03T13:32:57Z,74.0,Sense
2025-08-03T13:33:02Z,76.0,Sense
2025-08-03T13:33:07Z,77.0,Sense
2025-08-03T13:33:17Z,77.0,Sense
2025-08-03T13:33:22Z,76.0,Sense
2025-08-03T13:33:27Z,75.0,Sense
2025-08-03T13:33:32Z,74.0,Sense
2025-08-03T13:33:37Z,75.0,Sense
2025-08-03T13:33:47Z,74.0,Sense
2025-08-03T13:33:57Z,73.0,Sense
2025-08-03T13:34:02Z,74.0,Sense
2025-08-03T13:34:07Z,73.0,Sense
2025-08-03T13:34:12Z,72.0,Sense
2025-08-03T13:34:17Z,70.0,Sense
2025-08-03T13:34:22Z,71.0,Sense
2025-08-03T13:34:27Z,73.0,Sense
2025-08-03T13:34:32Z,76.0,Sense
2025-08-03T13:34:37Z,82.0,Sense
2025-08-03T13:34:47Z,84.0,Sense
2025-08-03T13:34:57Z,82.0,Sense
2025-08-03T13:35:02Z,80.0,Sense
2025-08-03T13:35:07Z,76.0,Sense
2025-08-03T13:35:12Z,73.0,Sense
2025-08-03T13:35:17Z,71.0,Sense
2025-08-03T13:35:22Z,72.0,Sense
2025-08-03T13:35:27Z,74.0,Sense
2025-08-03T13:35:32Z,75.0,Sense
2025-08-03T13:35:37Z,76.0,Sense
2025-08-03T13:35:42Z,76.0,Sense
2025-08-03T13:35:57Z,76.0,Sense
2025-08-03T13:36:02Z,77.0,Sense
2025-08-03T13:36:07Z,75.0,Sense
2025-08-03T13:36:22Z,77.0,Sense
2025-08-03T13:36:27Z,77.0,Sense
2025-08-03T13:36:32Z,75.0,Sense
2025-08-03T13:36:37Z,72.0,Sense
2025-08-03T13:36:42Z,73.0,Sense
2025-08-03T13:36:47Z,75.0,Sense
2025-08-03T13:36:52Z,73.0,Sense
2025-08-03T13:36:57Z,72.0,Sense
2025-08-03T13:37:02Z,71.0,Sense
2025-08-03T13:37:07Z,73.0,Sense
2025-08-03T13:37:22Z,73.0,Sense
2025-08-03T13:37:27Z,73.0,Sense
2025-08-03T13:37:32Z,73.0,Sense
2025-08-03T13:37:42Z,74.0,Sense
2025-08-03T13:37:52Z,75.0,Sense
2025-08-03T13:37:57Z,76.0,Sense
2025-08-03T13:38:02Z,76.0,Sense
2025-08-03T13:38:07Z,74.0,Sense
2025-08-03T13:38:12Z,73.0,Sense
2025-08-03T13:38:17Z,74.0,Sense
2025-08-03T13:38:27Z,76.0,Sense
2025-08-03T13:38:32Z,76.0,Sense
2025-08-03T13:38:37Z,73.0,Sense
2025-08-03T13:38:47Z,76.0,Sense
2025-08-03T13:38:52Z,76.0,Sense
2025-08-03T13:39:07Z,76.0,Sense
2025-08-03T13:39:22Z,76.0,Sense
2025-08-03T13:39:27Z,76.0,Sense
2025-08-03T13:39:32Z,75.0,Sense
2025-08-03T13:39:37Z,73.0,Sense
2025-08-03T13:39:42Z,70.0,Sense
2025-08-03T13:39:47Z,69.0,Sense
2025-08-03T13:39:57Z,70.0,Sense
2025-08-03T13:40:02Z,69.0,Sense
2025-08-03T13:40:12Z,70.0,Sense
2025-08-03T13:40:27Z,70.0,Sense
2025-08-03T13:40:32Z,72.0,Sense
2025-08-03T13:40:37Z,73.0,Sense
2025-08-03T13:40:42Z,72.0,Sense
2025-08-03T13:40:52Z,71.0,Sense
2025-08-03T13:41:02Z,70.0,Sense
2025-08-03T13:41:07Z,69.0,Sense
2025-08-03T13:41:12Z,69.0,Sense
2025-08-03T13:41:27Z,70.0,Sense
2025-08-03T13:41:42Z,70.0,Sense
2025-08-03T13:41:47Z,71.0,Sense
2025-08-03T13:41:52Z,70.0,Sense
2025-08-03T13:41:57Z,70.0,Sense
2025-08-03T13:42:02Z,70.0,Sense
2025-08-03T13:42:07Z,71.0,Sense
2025-08-03T13:42:12Z,72.0,Sense
2025-08-03T13:42:17Z,75.0,Sense
2025-08-03T13:42:27Z,76.0,Sense
2025-08-03T13:42:32Z,77.0,Sense
2025-08-03T13:42:37Z,75.0,Sense
2025-08-03T13:42:42Z,75.0,Sense
2025-08-03T13:42:47Z,76.0,Sense
2025-08-03T13:42:52Z,76.0,Sense
2025-08-03T13:42:57Z,72.0,Sense
2025-08-03T13:43:02Z,73.0,Sense
2025-08-03T13:43:07Z,74.0,Sense
2025-08-03T13:43:12Z,73.0,Sense
2025-08-03T13:43:17Z,73.0,Sense
2025-08-03T13:43:32Z,73.0,Sense
2025-08-03T13:43:42Z,74.0,Sense
2025-08-03T13:43:47Z,73.0,Sense
2025-08-03T13:43:52Z,72.0,Sense
2025-08-03T13:43:57Z,73.0,Sense
2025-08-03T13:44:02Z,73.0,Sense
2025-08-03T13:44:07Z,73.0,Sense
2025-08-03T13:44:12Z,72.0,Sense
2025-08-03T13:44:17Z,73.0,Sense
2025-08-03T13:44:22Z,74.0,Sense
2025-08-03T13:44:27Z,71.0,Sense
2025-08-03T13:44:32Z,70.0,Sense
2025-08-03T13:44:37Z,71.0,Sense
2025-08-03T13:44:42Z,73.0,Sense
2025-08-03T13:44:52Z,72.0,Sense
2025-08-03T13:44:57Z,71.0,Sense
2025-08-03T13:45:12Z,71.0,Sense
2025-08-03T13:45:17Z,71.0,Sense
2025-08-03T13:45:22Z,70.0,Sense
2025-08-03T13:45:27Z,71.0,Sense
2025-08-03T13:45:32Z,70.0,Sense
2025-08-03T13:45:37Z,70.0,Sense
2025-08-03T13:45:42Z,70.0,Sense
2025-08-03T13:45:57Z,69.0,Sense
2025-08-03T13:46:07Z,70.0,Sense
2025-08-03T13:46:12Z,69.0,Sense
2025-08-03T13:46:22Z,70.0,Sense
2025-08-03T13:46:27Z,70.0,Sense
2025-08-03T13:46:32Z,69.0,Sense
2025-08-03T13:46:42Z,69.0,Sense
2025-08-03T13:46:47Z,70.0,Sense
2025-08-03T13:46:52Z,72.0,Sense
2025-08-03T13:46:57Z,73.0,Sense
2025-08-03T13:47:02Z,71.0,Sense
2025-08-03T13:47:07Z,70.0,Sense
2025-08-03T13:47:22Z,70.0,Sense
2025-08-03T13:47:32Z,70.0,Sense
2025-08-03T13:47:37Z,72.0,Sense
2025-08-03T13:47:42Z,73.0,Sense
2025-08-03T13:47:47Z,71.0,Sense
2025-08-03T13:47:52Z,69.0,Sense
2025-08-03T13:47:57Z,72.0,Sense
2025-08-03T13:48:02Z,76.0,Sense
2025-08-03T13:48:07Z,78.0,Sense
2025-08-03T13:48:12Z,77.0,Sense
2025-08-03T13:48:22Z,79.0,Sense
2025-08-03T13:48:27Z,80.0,Sense
2025-08-03T13:48:37Z,78.0,Sense
2025-08-03T13:48:42Z,79.0,Sense
2025-08-03T13:48:47Z,79.0,Sense
2025-08-03T13:48:52Z,78.0,Sense
2025-08-03T13:48:57Z,77.0,Sense
2025-08-03T13:49:02Z,78.0,Sense
2025-08-03T13:49:17Z,78.0,Sense
2025-08-03T13:49:22Z,81.0,Sense
2025-08-03T13:49:27Z,85.0,Sense
2025-08-03T13:49:32Z,86.0,Sense
2025-08-03T13:49:37Z,85.0,Sense
2025-08-03T13:49:42Z,83.0,Sense
2025-08-03T13:49:47Z,86.0,Sense
2025-08-03T13:49:52Z,86.0,Sense
2025-08-03T13:49:57Z,83.0,Sense
2025-08-03T13:50:02Z,81.0,Sense
2025-08-03T13:50:07Z,77.0,Sense
2025-08-03T13:50:12Z,78.0,Sense
2025-08-03T13:50:17Z,75.0,Sense
2025-08-03T13:50:22Z,73.0,Sense
2025-08-03T13:50:37Z,76.0,Sense
2025-08-03T13:50:42Z,79.0,Sense
2025-08-03T13:50:47Z,80.0,Sense
2025-08-03T13:50:52Z,83.0,Sense
2025-08-03T13:50:57Z,87.0,Sense
2025-08-03T13:51:07Z,89.0,Sense
2025-08-03T13:51:12Z,91.0,Sense
2025-08-03T13:51:17Z,94.0,Sense
2025-08-03T13:51:32Z,91.0,Sense
2025-08-03T13:51:37Z,92.0,Sense
2025-08-03T13:51:42Z,93.0,Sense
2025-08-03T13:51:47Z,94.0,Sense
2025-08-03T13:51:52Z,92.0,Sense
2025-08-03T13:51:57Z,89.0,Sense
2025-08-03T13:52:02Z,93.0,Sense
2025-08-03T13:52:07Z,94.0,Sense
2025-08-03T13:52:17Z,92.0,Sense
2025-08-03T13:52:22Z,89.0,Sense
2025-08-03T13:52:27Z,90.0,Sense
2025-08-03T13:52:37Z,91.0,Sense
2025-08-03T13:52:42Z,93.0,Sense
2025-08-03T13:52:57Z,91.0,Sense
2025-08-03T13:53:02Z,89.0,Sense
2025-08-03T13:53:07Z,91.0,Sense
2025-08-03T13:53:17Z,90.0,Sense
2025-08-03T13:53:22Z,88.0,Sense
2025-08-03T13:53:27Z,86.0,Sense
2025-08-03T13:53:37Z,88.0,Sense
2025-08-03T13:53:42Z,87.0,Sense
2025-08-03T13:53:47Z,88.0,Sense
2025-08-03T13:53:52Z,88.0,Sense
2025-08-03T13:53:57Z,87.0,Sense
2025-08-03T13:54:02Z,92.0,Sense
2025-08-03T13:54:07Z,92.0,Sense
2025-08-03T13:54:12Z,88.0,Sense
2025-08-03T13:54:22Z,92.0,Sense
2025-08-03T13:54:27Z,94.0,Sense
2025-08-03T13:54:32Z,93.0,Sense
2025-08-03T13:54:47Z,94.0,Sense
2025-08-03T13:54:52Z,93.0,Sense
2025-08-03T13:54:57Z,95.0,Sense
2025-08-03T13:55:02Z,94.0,Sense
2025-08-03T13:55:07Z,91.0,Sense
2025-08-03T13:55:12Z,85.0,Sense
2025-08-03T13:55:17Z,84.0,Sense
2025-08-03T13:55:22Z,83.0,Sense
2025-08-03T13:55:27Z,85.0,Sense
2025-08-03T13:55:32Z,88.0,Sense
2025-08-03T13:55:42Z,89.0,Sense
2025-08-03T13:55:57Z,87.0,Sense
2025-08-03T13:56:02Z,88.0,Sense
2025-08-03T13:56:07Z,93.0,Sense
2025-08-03T13:56:12Z,96.0,Sense
2025-08-03T13:56:17Z,97.0,Sense
2025-08-03T13:56:27Z,96.0,Sense
2025-08-03T13:56:32Z,94.0,Sense
2025-08-03T13:56:37Z,92.0,Sense
2025-08-03T13:56:47Z,92.0,Sense
2025-08-03T13:57:02Z,93.0,Sense
2025-08-03T13:57:07Z,94.0,Sense
2025-08-03T13:57:12Z,95.0,Sense
2025-08-03T13:57:17Z,96.0,Sense
2025-08-03T13:57:22Z,98.0,Sense
2025-08-03T13:57:27Z,96.0,Sense
2025-08-03T13:57:32Z,94.0,Sense
2025-08-03T13:57:42Z,92.0,Sense
2025-08-03T13:57:47Z,88.0,Sense
2025-08-03T13:57:52Z,86.0,Sense
2025-08-03T13:57:57Z,88.0,Sense
2025-08-03T13:58:02Z,92.0,Sense
2025-08-03T13:58:07Z,90.0,Sense
2025-08-03T13:58:12Z,92.0,Sense
2025-08-03T13:58:17Z,93.0,Sense
2025-08-03T13:58:22Z,95.0,Sense
2025-08-03T13:58:27Z,97.0,Sense
2025-08-03T13:58:32Z,98.0,Sense
2025-08-03T13:58:37Z,96.0,Sense
2025-08-03T13:58:42Z,92.0,Sense
2025-08-03T13:58:47Z,89.0,Sense
2025-08-03T13:58:52Z,91.0,Sense
2025-08-03T13:58:57Z,94.0,Sense
2025-08-03T13:59:02Z,92.0,Sense
2025-08-03T13:59:07Z,90.0,Sense
2025-08-03T13:59:12Z,89.0,Sense
2025-08-03T13:59:17Z,90.0,Sense
2025-08-03T13:59:22Z,91.0,Sense
2025-08-03T13:59:32Z,92.0,Sense
2025-08-03T13:59:37Z,94.0,Sense
2025-08-03T13:59:42Z,92.0,Sense
2025-08-03T13:59:47Z,87.0,Sense
2025-08-03T13:59:52Z,84.0,Sense
2025-08-03T13:59:57Z,83.0,Sense
2025-08-03T14:00:02Z,81.0,Sense
2025-08-03T14:00:07Z,80.0,Sense
2025-08-03T14:00:22Z,82.0,Sense
2025-08-03T14:00:27Z,85.0,Sense
2025-08-03T14:00:32Z,86.0,Sense
2025-08-03T14:00:37Z,87.0,Sense
2025-08-03T14:00:42Z,86.0,Sense
2025-08-03T14:00:47Z,85.0,Sense
2025-08-03T14:00:52Z,83.0,Sense
2025-08-03T14:01:07Z,84.0,Sense
2025-08-03T14:01:12Z,84.0,Sense
2025-08-03T14:01:17Z,85.0,Sense
2025-08-03T14:01:22Z,87.0,Sense
2025-08-03T14:01:27Z,88.0,Sense
2025-08-03T14:01:32Z,87.0,Sense
2025-08-03T14:01:37Z,88.0,Sense
2025-08-03T14:01:42Z,87.0,Sense
2025-08-03T14:01:47Z,88.0,Sense
2025-08-03T14:01:52Z,87.0,Sense
2025-08-03T14:01:57Z,90.0,Sense
2025-08-03T14:02:02Z,89.0,Sense
2025-08-03T14:02:07Z,88.0,Sense
2025-08-03T14:02:12Z,85.0,Sense
2025-08-03T14:02:17Z,84.0,Sense
2025-08-03T14:02:27Z,85.0,Sense
2025-08-03T14:02:37Z,85.0,Sense
2025-08-03T14:02:42Z,85.0,Sense
2025-08-03T14:02:47Z,86.0,Sense
2025-08-03T14:02:52Z,85.0,Sense
2025-08-03T14:03:02Z,84.0,Sense
2025-08-03T14:03:12Z,89.0,Sense
2025-08-03T14:03:22Z,87.0,Sense
2025-08-03T14:03:27Z,84.0,Sense
2025-08-03T14:03:42Z,86.0,Sense
2025-08-03T14:03:47Z,89.0,Sense
2025-08-03T14:03:57Z,90.0,Sense
2025-08-03T14:04:02Z,87.0,Sense
2025-08-03T14:04:12Z,86.0,Sense
2025-08-03T14:04:17Z,85.0,Sense
2025-08-03T14:04:22Z,84.0,Sense
2025-08-03T14:04:32Z,86.0,Sense
2025-08-03T14:04:42Z,84.0,Sense
2025-08-03T14:04:47Z,82.0,Sense
2025-08-03T14:04:52Z,85.0,Sense
2025-08-03T14:04:57Z,88.0,Sense
2025-08-03T14:05:02Z,87.0,Sense
2025-08-03T14:05:07Z,86.0,Sense
2025-08-03T14:05:12Z,87.0,Sense
2025-08-03T14:05:27Z,87.0,Sense
2025-08-03T14:05:32Z,87.0,Sense
2025-08-03T14:05:37Z,87.0,Sense
2025-08-03T14:05:47Z,87.0,Sense
2025-08-03T14:06:02Z,87.0,Sense
2025-08-03T14:06:07Z,87.0,Sense
2025-08-03T14:06:12Z,88.0,Sense
2025-08-03T14:06:17Z,87.0,Sense
2025-08-03T14:06:22Z,86.0,Sense
2025-08-03T14:06:27Z,86.0,Sense
2025-08-03T14:06:32Z,85.0,Sense
2025-08-03T14:06:42Z,82.0,Sense
2025-08-03T14:06:52Z,83.0,Sense
2025-08-03T14:06:57Z,83.0,Sense
2025-08-03T14:07:02Z,82.0,Sense
2025-08-03T14:07:07Z,83.0,Sense
2025-08-03T14:07:12Z,84.0,Sense
2025-08-03T14:07:22Z,83.0,Sense
2025-08-03T14:07:32Z,84.0,Sense
2025-08-03T14:07:37Z,83.0,Sense
2025-08-03T14:07:42Z,81.0,Sense
2025-08-03T14:07:47Z,82.0,Sense
2025-08-03T14:07:52Z,83.0,Sense
2025-08-03T14:07:57Z,82.0,Sense
2025-08-03T14:08:02Z,85.0,Sense
2025-08-03T14:08:12Z,90.0,Sense
2025-08-03T14:08:17Z,92.0,Sense
2025-08-03T14:08:22Z,91.0,Sense
2025-08-03T14:08:27Z,89.0,Sense
2025-08-03T14:08:37Z,87.0,Sense
2025-08-03T14:08:42Z,86.0,Sense
2025-08-03T14:08:47Z,85.0,Sense
2025-08-03T14:08:52Z,84.0,Sense
2025-08-03T14:08:57Z,85.0,Sense
2025-08-03T14:09:02Z,83.0,Sense
2025-08-03T14:09:17Z,83.0,Sense
2025-08-03T14:09:22Z,82.0,Sense
2025-08-03T14:09:27Z,83.0,Sense
2025-08-03T14:09:32Z,84.0,Sense
2025-08-03T14:09:37Z,82.0,Sense
2025-08-03T14:09:42Z,83.0,Sense
2025-08-03T14:09:47Z,82.0,Sense
2025-08-03T14:10:02Z,82.0,Sense
2025-08-03T14:10:07Z,81.0,Sense
2025-08-03T14:10:12Z,80.0,Sense
2025-08-03T14:10:22Z,84.0,Sense
2025-08-03T14:10:27Z,85.0,Sense
2025-08-03T14:10:32Z,84.0,Sense
2025-08-03T14:10:42Z,84.0,Sense
2025-08-03T14:10:47Z,85.0,Sense
2025-08-03T14:10:52Z,88.0,Sense
2025-08-03T14:10:57Z,89.0,Sense
2025-08-03T14:11:02Z,90.0,Sense
2025-08-03T14:11:07Z,87.0,Sense
2025-08-03T14:11:12Z,85.0,Sense
2025-08-03T14:11:17Z,82.0,Sense
2025-08-03T14:11:22Z,79.0,Sense
2025-08-03T14:11:27Z,77.0,Sense
2025-08-03T14:11:37Z,78.0,Sense
2025-08-03T14:11:47Z,79.0,Sense
2025-08-03T14:11:52Z,78.0,Sense
2025-08-03T14:12:02Z,79.0,Sense
2025-08-03T14:12:07Z,81.0,Sense
2025-08-03T14:12:17Z,80.0,Sense
2025-08-03T14:12:22Z,79.0,Sense
2025-08-03T14:12:27Z,80.0,Sense
2025-08-03T14:12:37Z,79.0,Sense
2025-08-03T14:12:42Z,78.0,Sense
2025-08-03T14:12:47Z,80.0,Sense
2025-08-03T14:12:52Z,82.0,Sense
2025-08-03T14:12:57Z,82.0,Sense
2025-08-03T14:13:02Z,81.0,Sense
2025-08-03T14:13:07Z,79.0,Sense
2025-08-03T14:13:12Z,78.0,Sense
2025-08-03T14:13:17Z,80.0,Sense
2025-08-03T14:13:22Z,83.0,Sense
2025-08-03T14:13:27Z,85.0,Sense
2025-08-03T14:13:32Z,86.0,Sense
2025-08-03T14:13:37Z,84.0,Sense
2025-08-03T14:13:42Z,82.0,Sense
2025-08-03T14:13:53Z,84.0,Sense
2025-08-03T14:14:08Z,84.0,Sense
2025-08-03T14:14:13Z,83.0,Sense
2025-08-03T14:14:18Z,84.0,Sense
2025-08-03T14:14:28Z,83.0,Sense
2025-08-03T14:14:38Z,84.0,Sense
2025-08-03T14:14:43Z,84.0,Sense
2025-08-03T14:14:48Z,84.0,Sense
2025-08-03T14:14:53Z,83.0,Sense
2025-08-03T14:14:58Z,84.0,Sense
2025-08-03T14:15:03Z,83.0,Sense
2025-08-03T14:15:08Z,86.0,Sense
2025-08-03T14:15:13Z,85.0,Sense
2025-08-03T14:15:18Z,77.0,Sense
2025-08-03T14:15:23Z,70.0,Sense
2025-08-03T14:15:28Z,71.0,Sense
2025-08-03T14:15:33Z,74.0,Sense
2025-08-03T14:15:43Z,78.0,Sense
2025-08-03T14:15:53Z,76.0,Sense
2025-08-03T14:15:58Z,75.0,Sense
2025-08-03T14:16:03Z,77.0,Sense
2025-08-03T14:16:08Z,80.0,Sense
2025-08-03T14:16:13Z,80.0,Sense
2025-08-03T14:16:18Z,77.0,Sense
2025-08-03T14:16:23Z,76.0,Sense
2025-08-03T14:16:28Z,79.0,Sense
2025-08-03T14:16:33Z,81.0,Sense
2025-08-03T14:16:38Z,82.0,Sense
2025-08-03T14:16:43Z,83.0,Sense
2025-08-03T14:16:58Z,83.0,Sense
2025-08-03T14:17:03Z,83.0,Sense
2025-08-03T14:17:08Z,82.0,Sense
2025-08-03T14:17:13Z,81.0,Sense
2025-08-03T14:17:18Z,79.0,Sense
2025-08-03T14:17:28Z,77.0,Sense
2025-08-03T14:17:38Z,78.0,Sense
2025-08-03T14:17:43Z,79.0,Sense
2025-08-03T14:17:48Z,81.0,Sense
2025-08-03T14:18:03Z,84.0,Sense
2025-08-03T14:18:13Z,84.0,Sense
2025-08-03T14:18:18Z,83.0,Sense
2025-08-03T14:18:23Z,82.0,Sense
2025-08-03T14:18:33Z,80.0,Sense
2025-08-03T14:18:38Z,79.0,Sense
2025-08-03T14:18:43Z,81.0,Sense
2025-08-03T14:18:48Z,83.0,Sense
2025-08-03T14:18:53Z,84.0,Sense
2025-08-03T14:18:58Z,82.0,Sense
2025-08-03T14:19:03Z,80.0,Sense
2025-08-03T14:19:08Z,77.0,Sense
2025-08-03T14:19:18Z,78.0,Sense
2025-08-03T14:19:33Z,79.0,Sense
2025-08-03T14:19:38Z,79.0,Sense
2025-08-03T14:19:43Z,79.0,Sense
2025-08-03T14:19:48Z,82.0,Sense
2025-08-03T14:19:53Z,84.0,Sense
2025-08-03T14:20:03Z,84.0,Sense
2025-08-03T14:20:18Z,82.0,Sense
2025-08-03T14:20:23Z,81.0,Sense
2025-08-03T14:20:28Z,79.0,Sense
2025-08-03T14:20:33Z,78.0,Sense
2025-08-03T14:20:38Z,78.0,Sense
2025-08-03T14:20:43Z,79.0,Sense
2025-08-03T14:20:48Z,82.0,Sense
2025-08-03T14:20:53Z,83.0,Sense
2025-08-03T14:21:03Z,83.0,Sense
2025-08-03T14:21:13Z,82.0,Sense
2025-08-03T14:21:18Z,79.0,Sense
2025-08-03T14:21:23Z,79.0,Sense
2025-08-03T14:21:28Z,78.0,Sense
2025-08-03T14:21:43Z,79.0,Sense
2025-08-03T14:21:48Z,80.0,Sense
2025-08-03T14:21:53Z,83.0,Sense
2025-08-03T14:21:58Z,83.0,Sense
2025-08-03T14:22:03Z,84.0,Sense
2025-08-03T14:22:08Z,85.0,Sense
2025-08-03T14:22:18Z,85.0,Sense
2025-08-03T14:22:23Z,83.0,Sense
2025-08-03T14:22:28Z,82.0,Sense
2025-08-03T14:22:43Z,81.0,Sense
2025-08-03T14:22:48Z,79.0,Sense
2025-08-03T14:22:53Z,78.0,Sense
2025-08-03T14:23:03Z,79.0,Sense
2025-08-03T14:23:08Z,79.0,Sense
2025-08-03T14:23:18Z,81.0,Sense
2025-08-03T14:23:23Z,82.0,Sense
2025-08-03T14:23:28Z,81.0,Sense
2025-08-03T14:23:33Z,79.0,Sense
2025-08-03T14:23:38Z,78.0,Sense
2025-08-03T14:23:43Z,80.0,Sense
2025-08-03T14:23:53Z,82.0,Sense
2025-08-03T14:23:58Z,85.0,Sense
2025-08-03T14:24:03Z,85.0,Sense
2025-08-03T14:24:08Z,84.0,Sense
2025-08-03T14:24:13Z,82.0,Sense
2025-08-03T14:24:28Z,82.0,Sense
2025-08-03T14:24:38Z,81.0,Sense
2025-08-03T14:24:53Z,81.0,Sense
2025-08-03T14:24:58Z,82.0,Sense
2025-08-03T14:25:08Z,81.0,Sense
2025-08-03T14:25:13Z,80.0,Sense
2025-08-03T14:25:18Z,79.0,Sense
2025-08-03T14:25:23Z,80.0,Sense
2025-08-03T14:25:33Z,79.0,Sense
2025-08-03T14:25:38Z,79.0,Sense
2025-08-03T14:25:43Z,78.0,Sense
2025-08-03T14:25:53Z,79.0,Sense
2025-08-03T14:25:58Z,80.0,Sense
2025-08-03T14:26:03Z,80.0,Sense
2025-08-03T14:26:08Z,81.0,Sense
2025-08-03T14:26:13Z,80.0,Sense
2025-08-03T14:26:18Z,78.0,Sense
2025-08-03T14:26:23Z,78.0,Sense
2025-08-03T14:26:28Z,76.0,Sense
2025-08-03T14:26:33Z,79.0,Sense
2025-08-03T14:26:38Z,80.0,Sense
2025-08-03T14:26:43Z,81.0,Sense
2025-08-03T14:26:48Z,85.0,Sense
2025-08-03T14:26:53Z,84.0,Sense
2025-08-03T14:26:58Z,87.0,Sense
2025-08-03T14:27:03Z,85.0,Sense
2025-08-03T14:27:13Z,84.0,Sense
2025-08-03T14:27:18Z,83.0,Sense
2025-08-03T14:27:23Z,82.0,Sense
2025-08-03T14:27:28Z,83.0,Sense
2025-08-03T14:27:43Z,84.0,Sense
2025-08-03T14:27:53Z,84.0,Sense
2025-08-03T14:27:58Z,83.0,Sense
2025-08-03T14:28:03Z,83.0,Sense
2025-08-03T14:28:08Z,85.0,Sense
2025-08-03T14:28:13Z,86.0,Sense
2025-08-03T14:28:23Z,84.0,Sense
2025-08-03T14:28:38Z,84.0,Sense
2025-08-03T14:28:48Z,83.0,Sense
2025-08-03T14:28:53Z,80.0,Sense
2025-08-03T14:28:58Z,79.0,Sense
2025-08-03T14:29:03Z,78.0,Sense
2025-08-03T14:29:13Z,78.0,Sense
2025-08-03T14:29:18Z,76.0,Sense
2025-08-03T14:29:23Z,73.0,Sense
2025-08-03T14:29:28Z,75.0,Sense
2025-08-03T14:29:33Z,78.0,Sense
2025-08-03T14:29:38Z,77.0,Sense
2025-08-03T14:29:43Z,75.0,Sense
2025-08-03T14:29:48Z,74.0,Sense
2025-08-03T14:29:53Z,76.0,Sense
2025-08-03T14:29:58Z,80.0,Sense
2025-08-03T14:30:03Z,84.0,Sense
2025-08-03T14:30:08Z,86.0,Sense
2025-08-03T14:30:23Z,86.0,Sense
2025-08-03T14:30:28Z,85.0,Sense
2025-08-03T14:30:33Z,86.0,Sense
2025-08-03T14:30:38Z,87.0,Sense
2025-08-03T14:30:43Z,84.0,Sense
2025-08-03T14:30:48Z,79.0,Sense
2025-08-03T14:30:53Z,80.0,Sense
2025-08-03T14:30:58Z,81.0,Sense
2025-08-03T14:31:08Z,80.0,Sense
2025-08-03T14:31:13Z,81.0,Sense
2025-08-03T14:31:18Z,84.0,Sense
2025-08-03T14:31:23Z,86.0,Sense
2025-08-03T14:31:28Z,89.0,Sense
2025-08-03T14:31:33Z,92.0,Sense
2025-08-03T14:31:38Z,91.0,Sense
2025-08-03T14:31:43Z,92.0,Sense
2025-08-03T14:31:48Z,90.0,Sense
2025-08-03T14:31:53Z,89.0,Sense
2025-08-03T14:31:58Z,90.0,Sense
2025-08-03T14:32:03Z,92.0,Sense
2025-08-03T14:32:08Z,91.0,Sense
2025-08-03T14:32:13Z,89.0,Sense
2025-08-03T14:32:18Z,88.0,Sense
2025-08-03T14:32:23Z,86.0,Sense
2025-08-03T14:32:28Z,84.0,Sense
2025-08-03T14:32:33Z,82.0,Sense
2025-08-03T14:32:38Z,82.0,Sense
2025-08-03T14:32:53Z,83.0,Sense
2025-08-03T14:32:58Z,81.0,Sense
2025-08-03T14:33:03Z,79.0,Sense
2025-08-03T14:33:08Z,77.0,Sense
2025-08-03T14:33:13Z,76.0,Sense
2025-08-03T14:33:23Z,78.0,Sense
2025-08-03T14:33:28Z,79.0,Sense
2025-08-03T14:33:43Z,79.0,Sense
2025-08-03T14:33:48Z,79.0,Sense
2025-08-03T14:33:53Z,80.0,Sense
2025-08-03T14:33:58Z,84.0,Sense
2025-08-03T14:34:03Z,85.0,Sense
2025-08-03T14:34:08Z,86.0,Sense
2025-08-03T14:34:13Z,84.0,Sense
2025-08-03T14:34:23Z,80.0,Sense
2025-08-03T14:34:33Z,81.0,Sense
2025-08-03T14:34:38Z,85.0,Sense
2025-08-03T14:34:43Z,83.0,Sense
2025-08-03T14:34:48Z,80.0,Sense
2025-08-03T14:34:53Z,77.0,Sense
2025-08-03T14:34:58Z,79.0,Sense
2025-08-03T14:35:03Z,80.0,Sense
2025-08-03T14:35:08Z,81.0,Sense
2025-08-03T14:35:18Z,84.0,Sense
2025-08-03T14:35:23Z,83.0,Sense
2025-08-03T14:35:28Z,82.0,Sense
2025-08-03T14:35:33Z,80.0,Sense
2025-08-03T14:35:38Z,79.0,Sense
2025-08-03T14:35:43Z,78.0,Sense
2025-08-03T14:35:58Z,77.0,Sense
2025-08-03T14:36:03Z,76.0,Sense
2025-08-03T14:36:08Z,77.0,Sense
2025-08-03T14:36:13Z,77.0,Sense
2025-08-03T14:36:18Z,76.0,Sense
2025-08-03T14:36:23Z,76.0,Sense
2025-08-03T14:36:38Z,78.0,Sense
2025-08-03T14:36:43Z,82.0,Sense
2025-08-03T14:36:48Z,84.0,Sense
2025-08-03T14:36:53Z,83.0,Sense
2025-08-03T14:36:58Z,84.0,Sense
2025-08-03T14:37:03Z,85.0,Sense
2025-08-03T14:37:08Z,84.0,Sense
2025-08-03T14:37:13Z,85.0,Sense
2025-08-03T14:37:18Z,81.0,Sense
2025-08-03T14:37:23Z,84.0,Sense
2025-08-03T14:37:28Z,81.0,Sense
2025-08-03T14:37:33Z,80.0,Sense
2025-08-03T14:37:38Z,81.0,Sense
2025-08-03T14:37:43Z,82.0,Sense
2025-08-03T14:37:53Z,81.0,Sense
2025-08-03T14:38:03Z,82.0,Sense
2025-08-03T14:38:18Z,82.0,Sense
2025-08-03T14:38:23Z,83.0,Sense
2025-08-03T14:38:28Z,85.0,Sense
2025-08-03T14:38:43Z,86.0,Sense
2025-08-03T14:38:48Z,85.0,Sense
2025-08-03T14:38:53Z,84.0,Sense
2025-08-03T14:39:03Z,82.0,Sense
2025-08-03T14:39:13Z,82.0,Sense
2025-08-03T14:39:18Z,80.0,Sense
2025-08-03T14:39:28Z,78.0,Sense
2025-08-03T14:39:43Z,78.0,Sense
2025-08-03T14:39:48Z,77.0,Sense
2025-08-03T14:39:53Z,74.0,Sense
2025-08-03T14:40:03Z,74.0,Sense
2025-08-03T14:40:08Z,75.0,Sense
2025-08-03T14:40:13Z,77.0,Sense
2025-08-03T14:40:18Z,80.0,Sense
2025-08-03T14:40:23Z,82.0,Sense
2025-08-03T14:40:38Z,82.0,Sense
2025-08-03T14:40:43Z,83.0,Sense
2025-08-03T14:40:53Z,84.0,Sense
2025-08-03T14:40:58Z,83.0,Sense
2025-08-03T14:41:03Z,81.0,Sense
2025-08-03T14:41:18Z,81.0,Sense
2025-08-03T14:41:33Z,81.0,Sense
2025-08-03T14:41:38Z,79.0,Sense
2025-08-03T14:41:43Z,78.0,Sense
2025-08-03T14:41:53Z,80.0,Sense
2025-08-03T14:41:58Z,80.0,Sense
2025-08-03T14:42:03Z,82.0,Sense
2025-08-03T14:42:08Z,86.0,Sense
2025-08-03T14:42:13Z,81.0,Sense
2025-08-03T14:42:18Z,80.0,Sense
2025-08-03T14:42:23Z,79.0,Sense
2025-08-03T14:42:28Z,77.0,Sense
2025-08-03T14:42:33Z,80.0,Sense
2025-08-03T14:42:38Z,81.0,Sense
2025-08-03T14:42:48Z,83.0,Sense
2025-08-03T14:42:53Z,84.0,Sense
2025-08-03T14:43:03Z,81.0,Sense
2025-08-03T14:43:08Z,80.0,Sense
2025-08-03T14:43:13Z,79.0,Sense
2025-08-03T14:43:28Z,79.0,Sense
2025-08-03T14:43:33Z,77.0,Sense
2025-08-03T14:43:38Z,75.0,Sense
2025-08-03T14:43:43Z,76.0,Sense
2025-08-03T14:43:48Z,75.0,Sense
2025-08-03T14:43:53Z,75.0,Sense
2025-08-03T14:43:58Z,77.0,Sense
2025-08-03T14:44:03Z,78.0,Sense
2025-08-03T14:44:08Z,80.0,Sense
2025-08-03T14:44:13Z,84.0,Sense
2025-08-03T14:44:18Z,85.0,Sense
2025-08-03T14:44:23Z,88.0,Sense
2025-08-03T14:44:28Z,84.0,Sense
2025-08-03T14:44:33Z,85.0,Sense
2025-08-03T14:44:38Z,86.0,Sense
2025-08-03T14:44:48Z,85.0,Sense
2025-08-03T14:44:53Z,87.0,Sense
2025-08-03T14:44:58Z,85.0,Sense
2025-08-03T14:45:03Z,87.0,Sense
2025-08-03T14:45:08Z,86.0,Sense
2025-08-03T14:45:13Z,87.0,Sense
2025-08-03T14:45:18Z,84.0,Sense
2025-08-03T14:45:23Z,86.0,Sense
2025-08-03T14:45:28Z,84.0,Sense
2025-08-03T14:45:33Z,85.0,Sense
2025-08-03T14:45:38Z,85.0,Sense
2025-08-03T14:45:43Z,84.0,Sense
2025-08-03T14:45:48Z,82.0,Sense
2025-08-03T14:45:53Z,82.0,Sense
2025-08-03T14:46:08Z,82.0,Sense
2025-08-03T14:46:13Z,81.0,Sense
2025-08-03T14:46:28Z,81.0,Sense
2025-08-03T14:46:33Z,81.0,Sense
2025-08-03T14:46:43Z,83.0,Sense
2025-08-03T14:46:53Z,85.0,Sense
2025-08-03T14:46:58Z,81.0,Sense
2025-08-03T14:47:03Z,82.0,Sense
2025-08-03T14:47:08Z,79.0,Sense
2025-08-03T14:47:13Z,78.0,Sense
2025-08-03T14:47:18Z,79.0,Sense
2025-08-03T14:47:23Z,83.0,Sense
2025-08-03T14:47:28Z,81.0,Sense
2025-08-03T14:47:33Z,79.0,Sense
2025-08-03T14:47:43Z,82.0,Sense
2025-08-03T14:47:48Z,83.0,Sense
2025-08-03T14:47:53Z,81.0,Sense
2025-08-03T14:47:58Z,80.0,Sense
2025-08-03T14:48:03Z,82.0,Sense
2025-08-03T14:48:08Z,86.0,Sense
2025-08-03T14:48:18Z,87.0,Sense
2025-08-03T14:48:23Z,86.0,Sense
2025-08-03T14:48:28Z,88.0,Sense
2025-08-03T14:48:33Z,89.0,Sense
2025-08-03T14:48:38Z,88.0,Sense
2025-08-03T14:48:53Z,86.0,Sense
2025-08-03T14:48:58Z,83.0,Sense
2025-08-03T14:49:03Z,82.0,Sense
2025-08-03T14:49:18Z,83.0,Sense
2025-08-03T14:49:23Z,81.0,Sense
2025-08-03T14:49:28Z,83.0,Sense
2025-08-03T14:49:38Z,82.0,Sense
2025-08-03T14:49:43Z,84.0,Sense
2025-08-03T14:49:48Z,80.0,Sense
2025-08-03T14:49:53Z,82.0,Sense
2025-08-03T14:49:58Z,80.0,Sense
2025-08-03T14:50:08Z,82.0,Sense
2025-08-03T14:50:13Z,84.0,Sense
2025-08-03T14:50:18Z,86.0,Sense
2025-08-03T14:50:23Z,87.0,Sense
2025-08-03T14:50:28Z,86.0,Sense
2025-08-03T14:50:33Z,85.0,Sense
2025-08-03T14:50:38Z,84.0,Sense
2025-08-03T14:50:48Z,84.0,Sense
2025-08-03T14:50:53Z,84.0,Sense
2025-08-03T14:50:58Z,85.0,Sense
2025-08-03T14:51:13Z,84.0,Sense
2025-08-03T14:51:18Z,80.0,Sense
2025-08-03T14:51:23Z,76.0,Sense
2025-08-03T14:51:33Z,78.0,Sense
2025-08-03T14:51:43Z,77.0,Sense
2025-08-03T14:51:48Z,76.0,Sense
2025-08-03T14:51:53Z,77.0,Sense
2025-08-03T14:51:58Z,77.0,Sense
2025-08-03T14:52:03Z,78.0,Sense
2025-08-03T14:52:08Z,81.0,Sense
2025-08-03T14:52:13Z,85.0,Sense
2025-08-03T14:52:18Z,84.0,Sense
2025-08-03T14:52:28Z,79.0,Sense
2025-08-03T14:52:33Z,80.0,Sense
2025-08-03T14:52:43Z,79.0,Sense
2025-08-03T14:52:48Z,80.0,Sense
2025-08-03T14:52:58Z,79.0,Sense
2025-08-03T14:53:03Z,80.0,Sense
2025-08-03T14:53:08Z,79.0,Sense
2025-08-03T14:53:18Z,81.0,Sense
2025-08-03T14:53:23Z,85.0,Sense
2025-08-03T14:53:38Z,86.0,Sense
2025-08-03T14:53:43Z,85.0,Sense
2025-08-03T14:53:48Z,86.0,Sense
2025-08-03T14:53:53Z,84.0,Sense
2025-08-03T14:53:58Z,84.0,Sense
2025-08-03T14:54:03Z,81.0,Sense
2025-08-03T14:54:08Z,79.0,Sense
2025-08-03T14:54:13Z,78.0,Sense
2025-08-03T14:54:18Z,81.0,Sense
2025-08-03T14:54:23Z,84.0,Sense
2025-08-03T14:54:28Z,85.0,Sense
2025-08-03T14:54:38Z,84.0,Sense
2025-08-03T14:54:48Z,83.0,Sense
2025-08-03T14:54:53Z,82.0,Sense
2025-08-03T14:54:58Z,83.0,Sense
2025-08-03T14:55:03Z,86.0,Sense
2025-08-03T14:55:08Z,87.0,Sense
2025-08-03T14:55:13Z,84.0,Sense
2025-08-03T14:55:23Z,86.0,Sense
2025-08-03T14:55:28Z,88.0,Sense
2025-08-03T14:55:33Z,91.0,Sense
2025-08-03T14:55:38Z,87.0,Sense
2025-08-03T14:55:43Z,80.0,Sense
2025-08-03T14:55:48Z,78.0,Sense
2025-08-03T14:55:53Z,78.0,Sense
2025-08-03T14:55:58Z,81.0,Sense
2025-08-03T14:56:03Z,84.0,Sense
2025-08-03T14:56:18Z,83.0,Sense
2025-08-03T14:56:23Z,83.0,Sense
2025-08-03T14:56:28Z,82.0,Sense
2025-08-03T14:56:33Z,80.0,Sense
2025-08-03T14:56:38Z,79.0,Sense
2025-08-03T14:56:43Z,81.0,Sense
2025-08-03T14:56:48Z,83.0,Sense
2025-08-03T14:56:53Z,81.0,Sense
2025-08-03T14:56:58Z,79.0,Sense
2025-08-03T14:57:08Z,82.0,Sense
2025-08-03T14:57:13Z,85.0,Sense
2025-08-03T14:57:18Z,84.0,Sense
2025-08-03T14:57:23Z,82.0,Sense
2025-08-03T14:57:28Z,80.0,Sense
2025-08-03T14:57:33Z,83.0,Sense
2025-08-03T14:57:38Z,85.0,Sense
2025-08-03T14:57:43Z,87.0,Sense
2025-08-03T14:57:48Z,84.0,Sense
2025-08-03T14:57:53Z,82.0,Sense
2025-08-03T14:57:58Z,80.0,Sense
2025-08-03T14:58:03Z,82.0,Sense
2025-08-03T14:58:08Z,84.0,Sense
2025-08-03T14:58:13Z,82.0,Sense
2025-08-03T14:58:28Z,82.0,Sense
2025-08-03T14:58:33Z,83.0,Sense
2025-08-03T14:58:38Z,82.0,Sense
2025-08-03T14:58:48Z,83.0,Sense
2025-08-03T14:58:53Z,84.0,Sense
2025-08-03T14:58:58Z,86.0,Sense
2025-08-03T14:59:03Z,86.0,Sense
2025-08-03T14:59:08Z,85.0,Sense
2025-08-03T14:59:18Z,87.0,Sense
2025-08-03T14:59:23Z,88.0,Sense
2025-08-03T14:59:33Z,87.0,Sense
2025-08-03T14:59:43Z,87.0,Sense
2025-08-03T14:59:53Z,89.0,Sense
2025-08-03T14:59:58Z,90.0,Sense
2025-08-03T15:00:03Z,91.0,Sense
2025-08-03T15:00:13Z,87.0,Sense
2025-08-03T15:00:18Z,83.0,Sense
2025-08-03T15:00:23Z,82.0,Sense
2025-08-03T15:00:28Z,83.0,Sense
2025-08-03T15:00:33Z,85.0,Sense
2025-08-03T15:00:38Z,86.0,Sense
2025-08-03T15:00:43Z,85.0,Sense
2025-08-03T15:00:48Z,84.0,Sense
2025-08-03T15:00:53Z,81.0,Sense
2025-08-03T15:00:58Z,78.0,Sense
2025-08-03T15:01:03Z,79.0,Sense
2025-08-03T15:01:08Z,80.0,Sense
2025-08-03T15:01:13Z,79.0,Sense
2025-08-03T15:01:18Z,78.0,Sense
2025-08-03T15:01:23Z,77.0,Sense
2025-08-03T15:01:28Z,73.0,Sense
2025-08-03T15:01:33Z,70.0,Sense
2025-08-03T15:01:38Z,71.0,Sense
2025-08-03T15:01:43Z,72.0,Sense
2025-08-03T15:01:48Z,71.0,Sense
2025-08-03T15:01:53Z,71.0,Sense
2025-08-03T15:01:58Z,70.0,Sense
2025-08-03T15:02:08Z,72.0,Sense
2025-08-03T15:02:13Z,73.0,Sense
2025-08-03T15:02:28Z,74.0,Sense
2025-08-03T15:02:33Z,74.0,Sense
2025-08-03T15:02:43Z,75.0,Sense
2025-08-03T15:02:48Z,75.0,Sense
2025-08-03T15:02:53Z,73.0,Sense
2025-08-03T15:02:58Z,68.0,Sense
2025-08-03T15:03:08Z,71.0,Sense
2025-08-03T15:03:13Z,74.0,Sense
2025-08-03T15:03:28Z,74.0,Sense
2025-08-03T15:03:38Z,74.0,Sense
2025-08-03T15:03:43Z,74.0,Sense
2025-08-03T15:03:48Z,73.0,Sense
2025-08-03T15:03:53Z,70.0,Sense
2025-08-03T15:03:58Z,71.0,Sense
2025-08-03T15:04:03Z,73.0,Sense
2025-08-03T15:04:13Z,72.0,Sense
2025-08-03T15:04:18Z,71.0,Sense
2025-08-03T15:04:23Z,74.0,Sense
2025-08-03T15:04:28Z,77.0,Sense
2025-08-03T15:04:33Z,78.0,Sense
2025-08-03T15:04:38Z,80.0,Sense
2025-08-03T15:04:43Z,79.0,Sense
2025-08-03T15:04:48Z,80.0,Sense
2025-08-03T15:04:53Z,77.0,Sense
2025-08-03T15:04:58Z,76.0,Sense
2025-08-03T15:05:03Z,72.0,Sense
2025-08-03T15:05:08Z,71.0,Sense
2025-08-03T15:05:13Z,71.0,Sense
2025-08-03T15:05:18Z,71.0,Sense
2025-08-03T15:05:28Z,71.0,Sense
2025-08-03T15:05:33Z,72.0,Sense
2025-08-03T15:05:38Z,74.0,Sense
2025-08-03T15:05:43Z,75.0,Sense
2025-08-03T15:05:53Z,76.0,Sense
2025-08-03T15:06:08Z,76.0,Sense
2025-08-03T15:06:13Z,74.0,Sense
2025-08-03T15:06:18Z,73.0,Sense
2025-08-03T15:06:23Z,71.0,Sense
2025-08-03T15:06:28Z,69.0,Sense
2025-08-03T15:06:33Z,72.0,Sense
2025-08-03T15:06:38Z,74.0,Sense
2025-08-03T15:06:53Z,75.0,Sense
2025-08-03T15:06:58Z,76.0,Sense
2025-08-03T15:07:03Z,78.0,Sense
2025-08-03T15:07:08Z,80.0,Sense
2025-08-03T15:07:18Z,78.0,Sense
2025-08-03T15:07:23Z,76.0,Sense
2025-08-03T15:07:33Z,78.0,Sense
2025-08-03T15:07:38Z,80.0,Sense
2025-08-03T15:07:53Z,81.0,Sense
2025-08-03T15:07:58Z,78.0,Sense
2025-08-03T15:08:13Z,78.0,Sense
2025-08-03T15:08:23Z,74.0,Sense
2025-08-03T15:08:28Z,73.0,Sense
2025-08-03T15:08:38Z,74.0,Sense
2025-08-03T15:08:53Z,76.0,Sense
2025-08-03T15:08:58Z,78.0,Sense
2025-08-03T15:09:03Z,80.0,Sense
2025-08-03T15:09:08Z,82.0,Sense
2025-08-03T15:09:13Z,80.0,Sense
2025-08-03T15:09:18Z,79.0,Sense
2025-08-03T15:09:28Z,79.0,Sense
2025-08-03T15:09:38Z,78.0,Sense
2025-08-03T15:09:43Z,78.0,Sense
2025-08-03T15:09:48Z,80.0,Sense
2025-08-03T15:09:53Z,82.0,Sense
2025-08-03T15:09:58Z,83.0,Sense
2025-08-03T15:10:03Z,84.0,Sense
2025-08-03T15:10:08Z,82.0,Sense
2025-08-03T15:10:13Z,82.0,Sense
2025-08-03T15:10:23Z,81.0,Sense
2025-08-03T15:10:28Z,79.0,Sense
2025-08-03T15:10:33Z,78.0,Sense
2025-08-03T15:10:38Z,77.0,Sense
2025-08-03T15:10:53Z,77.0,Sense
2025-08-03T15:11:08Z,76.0,Sense
2025-08-03T15:11:13Z,76.0,Sense
2025-08-03T15:11:18Z,78.0,Sense
2025-08-03T15:11:23Z,79.0,Sense
2025-08-03T15:11:28Z,80.0,Sense
2025-08-03T15:11:33Z,79.0,Sense
2025-08-03T15:11:43Z,78.0,Sense
2025-08-03T15:11:53Z,79.0,Sense
2025-08-03T15:11:58Z,80.0,Sense
2025-08-03T15:12:13Z,80.0,Sense
2025-08-03T15:12:18Z,81.0,Sense
2025-08-03T15:12:23Z,80.0,Sense
2025-08-03T15:12:28Z,78.0,Sense
2025-08-03T15:12:33Z,79.0,Sense
2025-08-03T15:12:38Z,79.0,Sense
2025-08-03T15:12:43Z,79.0,Sense
2025-08-03T15:12:48Z,78.0,Sense
2025-08-03T15:12:58Z,79.0,Sense
2025-08-03T15:13:03Z,80.0,Sense
2025-08-03T15:13:08Z,81.0,Sense
2025-08-03T15:13:13Z,80.0,Sense
2025-08-03T15:13:18Z,79.0,Sense
2025-08-03T15:13:23Z,77.0,Sense
2025-08-03T15:13:33Z,77.0,Sense
2025-08-03T15:13:43Z,78.0,Sense
2025-08-03T15:13:48Z,79.0,Sense
2025-08-03T15:13:53Z,78.0,Sense
2025-08-03T15:13:58Z,77.0,Sense
2025-08-03T15:14:03Z,79.0,Sense
2025-08-03T15:14:08Z,78.0,Sense
2025-08-03T15:14:13Z,80.0,Sense
2025-08-03T15:14:18Z,79.0,Sense
2025-08-03T15:14:23Z,79.0,Sense
2025-08-03T15:14:33Z,80.0,Sense
2025-08-03T15:14:43Z,81.0,Sense
2025-08-03T15:14:58Z,81.0,Sense
2025-08-03T15:15:13Z,81.0,Sense
2025-08-03T15:15:18Z,82.0,Sense
2025-08-03T15:15:23Z,82.0,Sense
2025-08-03T15:15:28Z,83.0,Sense
2025-08-03T15:15:43Z,83.0,Sense
2025-08-03T15:15:48Z,84.0,Sense
2025-08-03T15:15:53Z,85.0,Sense
2025-08-03T15:16:08Z,86.0,Sense
2025-08-03T15:16:13Z,84.0,Sense
2025-08-03T15:16:18Z,84.0,Sense
2025-08-03T15:16:23Z,85.0,Sense
2025-08-03T15:16:33Z,84.0,Sense
2025-08-03T15:16:48Z,84.0,Sense
2025-08-03T15:16:58Z,84.0,Sense
2025-08-03T15:17:03Z,84.0,Sense
2025-08-03T15:17:08Z,84.0,Sense
2025-08-03T15:17:13Z,85.0,Sense
2025-08-03T15:17:23Z,84.0,Sense
2025-08-03T15:17:38Z,84.0,Sense
2025-08-03T15:17:53Z,81.0,Sense
2025-08-03T15:17:58Z,80.0,Sense
2025-08-03T15:18:13Z,80.0,Sense
2025-08-03T15:18:18Z,83.0,Sense
2025-08-03T15:18:23Z,84.0,Sense
2025-08-03T15:18:28Z,83.0,Sense
2025-08-03T15:18:33Z,79.0,Sense
2025-08-03T15:18:38Z,80.0,Sense
2025-08-03T15:18:48Z,77.0,Sense
2025-08-03T15:18:53Z,81.0,Sense
2025-08-03T15:18:58Z,82.0,Sense
2025-08-03T15:19:03Z,81.0,Sense
2025-08-03T15:19:08Z,80.0,Sense
2025-08-03T15:19:13Z,81.0,Sense
2025-08-03T15:19:23Z,80.0,Sense
2025-08-03T15:19:28Z,74.0,Sense
2025-08-03T15:19:33Z,77.0,Sense
2025-08-03T15:19:38Z,80.0,Sense
2025-08-03T15:19:48Z,79.0,Sense
2025-08-03T15:19:53Z,78.0,Sense
2025-08-03T15:19:58Z,79.0,Sense
2025-08-03T15:20:03Z,80.0,Sense
2025-08-03T15:20:08Z,81.0,Sense
2025-08-03T15:20:13Z,82.0,Sense
2025-08-03T15:20:18Z,81.0,Sense
2025-08-03T15:20:23Z,80.0,Sense
2025-08-03T15:20:28Z,79.0,Sense
2025-08-03T15:20:38Z,81.0,Sense
2025-08-03T15:20:43Z,82.0,Sense
2025-08-03T15:20:58Z,80.0,Sense
2025-08-03T15:21:03Z,82.0,Sense
2025-08-03T15:21:18Z,82.0,Sense
2025-08-03T15:21:23Z,81.0,Sense
2025-08-03T15:21:28Z,82.0,Sense
2025-08-03T15:21:33Z,83.0,Sense
2025-08-03T15:21:38Z,83.0,Sense
2025-08-03T15:21:43Z,83.0,Sense
2025-08-03T15:21:48Z,81.0,Sense
2025-08-03T15:21:53Z,81.0,Sense
2025-08-03T15:22:08Z,81.0,Sense
2025-08-03T15:22:23Z,80.0,Sense
2025-08-03T15:22:33Z,81.0,Sense
2025-08-03T15:22:43Z,81.0,Sense
2025-08-03T15:22:48Z,82.0,Sense
2025-08-03T15:22:53Z,84.0,Sense
2025-08-03T15:22:58Z,85.0,Sense
2025-08-03T15:23:03Z,84.0,Sense
2025-08-03T15:23:08Z,79.0,Sense
2025-08-03T15:23:13Z,78.0,Sense
2025-08-03T15:23:18Z,78.0,Sense
2025-08-03T15:23:23Z,78.0,Sense
2025-08-03T15:23:28Z,77.0,Sense
2025-08-03T15:23:33Z,78.0,Sense
2025-08-03T15:23:38Z,79.0,Sense
2025-08-03T15:23:43Z,79.0,Sense
2025-08-03T15:23:53Z,80.0,Sense
2025-08-03T15:23:58Z,81.0,Sense
2025-08-03T15:24:03Z,82.0,Sense
2025-08-03T15:24:08Z,81.0,Sense
2025-08-03T15:24:13Z,79.0,Sense
2025-08-03T15:24:23Z,78.0,Sense
2025-08-03T15:24:28Z,77.0,Sense
2025-08-03T15:24:33Z,75.0,Sense
2025-08-03T15:24:38Z,73.0,Sense
2025-08-03T15:24:43Z,74.0,Sense
2025-08-03T15:24:48Z,75.0,Sense
2025-08-03T15:24:53Z,74.0,Sense
2025-08-03T15:24:58Z,74.0,Sense
2025-08-03T15:25:08Z,74.0,Sense
2025-08-03T15:25:18Z,75.0,Sense
2025-08-03T15:25:23Z,78.0,Sense
2025-08-03T15:25:28Z,78.0,Sense
2025-08-03T15:25:33Z,78.0,Sense
2025-08-03T15:25:38Z,76.0,Sense
2025-08-03T15:25:43Z,76.0,Sense
2025-08-03T15:25:48Z,78.0,Sense
2025-08-03T15:25:53Z,81.0,Sense
2025-08-03T15:25:58Z,82.0,Sense
2025-08-03T15:26:03Z,83.0,Sense
2025-08-03T15:26:13Z,82.0,Sense
2025-08-03T15:26:18Z,85.0,Sense
2025-08-03T15:26:23Z,87.0,Sense
2025-08-03T15:26:28Z,88.0,Sense
2025-08-03T15:26:38Z,87.0,Sense
2025-08-03T15:26:48Z,86.0,Sense
2025-08-03T15:26:53Z,87.0,Sense
2025-08-03T15:27:03Z,83.0,Sense
2025-08-03T15:27:08Z,80.0,Sense
2025-08-03T15:27:13Z,78.0,Sense
2025-08-03T15:27:18Z,80.0,Sense
2025-08-03T15:27:28Z,79.0,Sense
2025-08-03T15:27:33Z,76.0,Sense
2025-08-03T15:27:38Z,76.0,Sense
2025-08-03T15:27:43Z,76.0,Sense
2025-08-03T15:27:48Z,77.0,Sense
2025-08-03T15:27:53Z,79.0,Sense
2025-08-03T15:27:58Z,81.0,Sense
2025-08-03T15:28:03Z,80.0,Sense
2025-08-03T15:28:08Z,78.0,Sense
2025-08-03T15:28:13Z,77.0,Sense
2025-08-03T15:28:18Z,75.0,Sense
2025-08-03T15:28:23Z,74.0,Sense
2025-08-03T15:28:28Z,73.0,Sense
2025-08-03T15:28:43Z,74.0,Sense
2025-08-03T15:28:58Z,75.0,Sense
2025-08-03T15:29:08Z,76.0,Sense
2025-08-03T15:29:13Z,78.0,Sense
2025-08-03T15:29:23Z,77.0,Sense
2025-08-03T15:29:28Z,76.0,Sense
2025-08-03T15:29:33Z,75.0,Sense
2025-08-03T15:29:38Z,76.0,Sense
2025-08-03T15:29:43Z,76.0,Sense
2025-08-03T15:29:48Z,80.0,Sense
2025-08-03T15:29:53Z,81.0,Sense
2025-08-03T15:29:58Z,80.0,Sense
2025-08-03T15:30:03Z,78.0,Sense
2025-08-03T15:30:08Z,77.0,Sense
2025-08-03T15:30:18Z,76.0,Sense
2025-08-03T15:30:23Z,75.0,Sense
2025-08-03T15:30:28Z,74.0,Sense
2025-08-03T15:30:33Z,75.0,Sense
2025-08-03T15:30:38Z,75.0,Sense
2025-08-03T15:30:48Z,77.0,Sense
2025-08-03T15:30:53Z,79.0,Sense
2025-08-03T15:30:58Z,82.0,Sense
2025-08-03T15:31:13Z,82.0,Sense
2025-08-03T15:31:18Z,83.0,Sense
2025-08-03T15:31:23Z,85.0,Sense
2025-08-03T15:31:28Z,84.0,Sense
2025-08-03T15:31:33Z,83.0,Sense
2025-08-03T15:31:43Z,82.0,Sense
2025-08-03T15:31:58Z,80.0,Sense
2025-08-03T15:32:03Z,78.0,Sense
2025-08-03T15:32:18Z,79.0,Sense
2025-08-03T15:32:23Z,78.0,Sense
2025-08-03T15:32:28Z,78.0,Sense
2025-08-03T15:32:33Z,79.0,Sense
2025-08-03T15:32:38Z,79.0,Sense
2025-08-03T15:32:48Z,77.0,Sense
2025-08-03T15:32:53Z,78.0,Sense
2025-08-03T15:32:58Z,79.0,Sense
2025-08-03T15:33:03Z,77.0,Sense
2025-08-03T15:33:08Z,76.0,Sense
2025-08-03T15:33:13Z,78.0,Sense
2025-08-03T15:33:18Z,79.0,Sense
2025-08-03T15:33:23Z,75.0,Sense
2025-08-03T15:33:28Z,76.0,Sense
2025-08-03T15:33:33Z,77.0,Sense
2025-08-03T15:33:38Z,78.0,Sense
2025-08-03T15:33:43Z,79.0,Sense
2025-08-03T15:33:48Z,81.0,Sense
2025-08-03T15:33:53Z,84.0,Sense
2025-08-03T15:34:03Z,83.0,Sense
2025-08-03T15:34:13Z,80.0,Sense
2025-08-03T15:34:18Z,80.0,Sense
2025-08-03T15:34:23Z,76.0,Sense
2025-08-03T15:34:28Z,73.0,Sense
2025-08-03T15:34:33Z,74.0,Sense
2025-08-03T15:34:48Z,76.0,Sense
2025-08-03T15:34:53Z,78.0,Sense
2025-08-03T15:34:58Z,79.0,Sense
2025-08-03T15:35:03Z,77.0,Sense
2025-08-03T15:35:08Z,77.0,Sense
2025-08-03T15:35:13Z,78.0,Sense
2025-08-03T15:35:28Z,79.0,Sense
2025-08-03T15:35:33Z,78.0,Sense
2025-08-03T15:35:43Z,80.0,Sense
2025-08-03T15:35:48Z,79.0,Sense
2025-08-03T15:35:53Z,77.0,Sense
2025-08-03T15:36:08Z,75.0,Sense
2025-08-03T15:36:13Z,75.0,Sense
2025-08-03T15:36:18Z,77.0,Sense
2025-08-03T15:36:23Z,76.0,Sense
2025-08-03T15:36:28Z,79.0,Sense
2025-08-03T15:36:33Z,80.0,Sense
2025-08-03T15:36:38Z,79.0,Sense
2025-08-03T15:36:43Z,79.0,Sense
2025-08-03T15:36:53Z,79.0,Sense
2025-08-03T15:37:08Z,78.0,Sense
2025-08-03T15:37:13Z,79.0,Sense
2025-08-03T15:37:18Z,81.0,Sense
2025-08-03T15:37:23Z,83.0,Sense
2025-08-03T15:37:28Z,84.0,Sense
2025-08-03T15:37:43Z,83.0,Sense
2025-08-03T15:37:48Z,84.0,Sense
2025-08-03T15:37:58Z,85.0,Sense
2025-08-03T15:38:03Z,84.0,Sense
2025-08-03T15:38:08Z,83.0,Sense
2025-08-03T15:38:13Z,81.0,Sense
2025-08-03T15:38:18Z,82.0,Sense
2025-08-03T15:38:23Z,84.0,Sense
2025-08-03T15:38:28Z,85.0,Sense
2025-08-03T15:38:38Z,87.0,Sense
2025-08-03T15:38:43Z,88.0,Sense
2025-08-03T15:38:48Z,89.0,Sense
2025-08-03T15:38:53Z,90.0,Sense
2025-08-03T15:38:58Z,90.0,Sense
2025-08-03T15:39:08Z,91.0,Sense
2025-08-03T15:39:13Z,89.0,Sense
2025-08-03T15:39:18Z,86.0,Sense
2025-08-03T15:39:23Z,85.0,Sense
2025-08-03T15:39:28Z,82.0,Sense
2025-08-03T15:39:43Z,82.0,Sense
2025-08-03T15:39:53Z,80.0,Sense
2025-08-03T15:40:03Z,81.0,Sense
2025-08-03T15:40:08Z,83.0,Sense
2025-08-03T15:40:13Z,87.0,Sense
2025-08-03T15:40:18Z,90.0,Sense
2025-08-03T15:40:28Z,89.0,Sense
2025-08-03T15:40:33Z,88.0,Sense
2025-08-03T15:40:38Z,87.0,Sense
2025-08-03T15:40:43Z,88.0,Sense
2025-08-03T15:40:48Z,86.0,Sense
2025-08-03T15:40:53Z,84.0,Sense
2025-08-03T15:41:03Z,87.0,Sense
2025-08-03T15:41:08Z,88.0,Sense
2025-08-03T15:41:13Z,89.0,Sense
2025-08-03T15:41:23Z,88.0,Sense
2025-08-03T15:41:28Z,87.0,Sense
2025-08-03T15:41:38Z,88.0,Sense
2025-08-03T15:41:48Z,86.0,Sense
2025-08-03T15:41:53Z,85.0,Sense
2025-08-03T15:41:58Z,86.0,Sense
2025-08-03T15:42:03Z,87.0,Sense
2025-08-03T15:42:08Z,89.0,Sense
2025-08-03T15:42:13Z,90.0,Sense
2025-08-03T15:42:18Z,88.0,Sense
2025-08-03T15:42:23Z,90.0,Sense
2025-08-03T15:42:28Z,89.0,Sense
2025-08-03T15:42:33Z,90.0,Sense
2025-08-03T15:42:48Z,84.0,Sense
2025-08-03T15:42:53Z,82.0,Sense
2025-08-03T15:42:58Z,81.0,Sense
2025-08-03T15:43:08Z,82.0,Sense
2025-08-03T15:43:13Z,80.0,Sense
2025-08-03T15:43:18Z,78.0,Sense
2025-08-03T15:43:23Z,80.0,Sense
2025-08-03T15:43:28Z,78.0,Sense
2025-08-03T15:43:33Z,77.0,Sense
2025-08-03T15:43:38Z,75.0,Sense
2025-08-03T15:43:43Z,76.0,Sense
2025-08-03T15:43:48Z,75.0,Sense
2025-08-03T15:43:53Z,74.0,Sense
2025-08-03T15:44:08Z,74.0,Sense
2025-08-03T15:44:18Z,75.0,Sense
2025-08-03T15:44:23Z,78.0,Sense
2025-08-03T15:44:28Z,79.0,Sense
2025-08-03T15:44:33Z,78.0,Sense
2025-08-03T15:44:38Z,77.0,Sense
2025-08-03T15:44:43Z,79.0,Sense
2025-08-03T15:44:48Z,79.0,Sense
2025-08-03T15:44:53Z,78.0,Sense
2025-08-03T15:45:03Z,78.0,Sense
2025-08-03T15:45:08Z,78.0,Sense
2025-08-03T15:45:13Z,79.0,Sense
2025-08-03T15:45:23Z,78.0,Sense
2025-08-03T15:45:28Z,76.0,Sense
2025-08-03T15:45:43Z,77.0,Sense
2025-08-03T15:45:48Z,77.0,Sense
2025-08-03T15:45:58Z,76.0,Sense
2025-08-03T15:46:03Z,74.0,Sense
2025-08-03T15:46:13Z,77.0,Sense
2025-08-03T15:46:18Z,79.0,Sense
2025-08-03T15:46:23Z,76.0,Sense
2025-08-03T15:46:38Z,75.0,Sense
2025-08-03T15:46:53Z,75.0,Sense
2025-08-03T15:46:58Z,74.0,Sense
2025-08-03T15:47:08Z,76.0,Sense
2025-08-03T15:47:13Z,78.0,Sense
2025-08-03T15:47:18Z,81.0,Sense
2025-08-03T15:47:33Z,80.0,Sense
2025-08-03T15:47:43Z,81.0,Sense
2025-08-03T15:47:53Z,79.0,Sense
2025-08-03T15:48:03Z,78.0,Sense
2025-08-03T15:48:08Z,77.0,Sense
2025-08-03T15:48:13Z,76.0,Sense
2025-08-03T15:48:18Z,75.0,Sense
2025-08-03T15:48:23Z,75.0,Sense
2025-08-03T15:48:33Z,76.0,Sense
2025-08-03T15:48:38Z,75.0,Sense
2025-08-03T15:48:43Z,74.0,Sense
2025-08-03T15:48:48Z,75.0,Sense
2025-08-03T15:48:53Z,74.0,Sense
2025-08-03T15:48:58Z,72.0,Sense
2025-08-03T15:49:03Z,70.0,Sense
2025-08-03T15:49:08Z,70.0,Sense
2025-08-03T15:49:18Z,72.0,Sense
2025-08-03T15:49:23Z,76.0,Sense
2025-08-03T15:49:28Z,75.0,Sense
2025-08-03T15:49:33Z,72.0,Sense
2025-08-03T15:49:38Z,74.0,Sense
2025-08-03T15:49:43Z,77.0,Sense
2025-08-03T15:49:48Z,78.0,Sense
2025-08-03T15:49:53Z,79.0,Sense
2025-08-03T15:49:58Z,78.0,Sense
2025-08-03T15:50:03Z,78.0,Sense
2025-08-03T15:50:08Z,76.0,Sense
2025-08-03T15:50:23Z,77.0,Sense
2025-08-03T15:50:33Z,76.0,Sense
2025-08-03T15:50:38Z,74.0,Sense
2025-08-03T15:50:43Z,75.0,Sense
2025-08-03T15:50:48Z,76.0,Sense
2025-08-03T15:50:53Z,75.0,Sense
2025-08-03T15:50:58Z,75.0,Sense
2025-08-03T15:51:03Z,77.0,Sense
2025-08-03T15:51:08Z,78.0,Sense
2025-08-03T15:51:13Z,77.0,Sense
2025-08-03T15:51:18Z,77.0,Sense
2025-08-03T15:51:23Z,76.0,Sense
2025-08-03T15:51:28Z,75.0,Sense
2025-08-03T15:51:33Z,76.0,Sense
2025-08-03T15:51:38Z,77.0,Sense
2025-08-03T15:51:43Z,80.0,Sense
2025-08-03T15:51:48Z,81.0,Sense
2025-08-03T15:51:53Z,82.0,Sense
2025-08-03T15:51:58Z,78.0,Sense
2025-08-03T15:52:03Z,75.0,Sense
2025-08-03T15:52:08Z,74.0,Sense
2025-08-03T15:52:13Z,74.0,Sense
2025-08-03T15:52:18Z,77.0,Sense
2025-08-03T15:52:23Z,77.0,Sense
2025-08-03T15:52:28Z,76.0,Sense
2025-08-03T15:52:33Z,76.0,Sense
2025-08-03T15:52:38Z,77.0,Sense
2025-08-03T15:52:48Z,76.0,Sense
2025-08-03T15:52:53Z,75.0,Sense
2025-08-03T15:52:58Z,76.0,Sense
2025-08-03T15:53:03Z,78.0,Sense
2025-08-03T15:53:08Z,77.0,Sense
2025-08-03T15:53:18Z,78.0,Sense
2025-08-03T15:53:23Z,79.0,Sense
2025-08-03T15:53:38Z,79.0,Sense
2025-08-03T15:53:53Z,81.0,Sense
2025-08-03T15:53:58Z,76.0,Sense
2025-08-03T15:54:03Z,74.0,Sense
2025-08-03T15:54:08Z,73.0,Sense
2025-08-03T15:54:13Z,74.0,Sense
2025-08-03T15:54:18Z,74.0,Sense
2025-08-03T15:54:23Z,75.0,Sense
2025-08-03T15:54:33Z,77.0,Sense
2025-08-03T15:54:43Z,76.0,Sense
2025-08-03T15:54:58Z,76.0,Sense
2025-08-03T15:55:03Z,78.0,Sense
2025-08-03T15:55:08Z,79.0,Sense
2025-08-03T15:55:13Z,82.0,Sense
2025-08-03T15:55:18Z,80.0,Sense
2025-08-03T15:55:23Z,83.0,Sense
2025-08-03T15:55:28Z,82.0,Sense
2025-08-03T15:55:33Z,80.0,Sense
2025-08-03T15:55:38Z,82.0,Sense
2025-08-03T15:55:43Z,84.0,Sense
2025-08-03T15:55:48Z,87.0,Sense
2025-08-03T15:55:53Z,84.0,Sense
2025-08-03T15:55:58Z,86.0,Sense
2025-08-03T15:56:03Z,85.0,Sense
2025-08-03T15:56:13Z,84.0,Sense
2025-08-03T15:56:18Z,83.0,Sense
2025-08-03T15:56:23Z,80.0,Sense
2025-08-03T15:56:28Z,84.0,Sense
2025-08-03T15:56:33Z,82.0,Sense
2025-08-03T15:56:38Z,85.0,Sense
2025-08-03T15:56:43Z,86.0,Sense
2025-08-03T15:56:53Z,85.0,Sense
2025-08-03T15:57:03Z,82.0,Sense
2025-08-03T15:57:13Z,80.0,Sense
2025-08-03T15:57:23Z,81.0,Sense
2025-08-03T15:57:28Z,83.0,Sense
2025-08-03T15:57:33Z,86.0,Sense
2025-08-03T15:57:38Z,88.0,Sense
2025-08-03T15:57:43Z,90.0,Sense
2025-08-03T15:57:48Z,91.0,Sense
2025-08-03T15:57:53Z,90.0,Sense
2025-08-03T15:57:58Z,89.0,Sense
2025-08-03T15:58:03Z,87.0,Sense
2025-08-03T15:58:08Z,88.0,Sense
2025-08-03T15:58:13Z,87.0,Sense
2025-08-03T15:58:28Z,85.0,Sense
2025-08-03T15:58:33Z,89.0,Sense
2025-08-03T15:58:38Z,88.0,Sense
2025-08-03T15:58:43Z,89.0,Sense
2025-08-03T15:58:53Z,90.0,Sense
2025-08-03T15:59:03Z,89.0,Sense
2025-08-03T15:59:13Z,93.0,Sense
2025-08-03T15:59:18Z,94.0,Sense
2025-08-03T15:59:23Z,92.0,Sense
2025-08-03T15:59:28Z,93.0,Sense
2025-08-03T15:59:33Z,92.0,Sense
2025-08-03T15:59:38Z,93.0,Sense
2025-08-03T15:59:43Z,92.0,Sense
2025-08-03T15:59:48Z,95.0,Sense
2025-08-03T15:59:58Z,94.0,Sense
2025-08-03T16:00:03Z,98.0,Sense
2025-08-03T16:00:08Z,96.0,Sense
2025-08-03T16:00:23Z,97.0,Sense
2025-08-03T16:00:28Z,98.0,Sense
2025-08-03T16:00:38Z,96.0,Sense
2025-08-03T16:00:43Z,98.0,Sense
2025-08-03T16:00:48Z,99.0,Sense
2025-08-03T16:00:53Z,98.0,Sense
2025-08-03T16:00:58Z,100.0,Sense
2025-08-03T16:01:03Z,99.0,Sense
2025-08-03T16:01:08Z,98.0,Sense
2025-08-03T16:01:13Z,101.0,Sense
2025-08-03T16:01:18Z,100.0,Sense
2025-08-03T16:01:23Z,102.0,Sense
2025-08-03T16:01:33Z,103.0,Sense
2025-08-03T16:01:43Z,99.0,Sense
2025-08-03T16:01:48Z,100.0,Sense
2025-08-03T16:01:53Z,99.0,Sense
2025-08-03T16:01:58Z,97.0,Sense
2025-08-03T16:02:03Z,95.0,Sense
2025-08-03T16:02:08Z,93.0,Sense
2025-08-03T16:02:13Z,90.0,Sense
2025-08-03T16:02:18Z,87.0,Sense
2025-08-03T16:02:23Z,88.0,Sense
2025-08-03T16:02:28Z,87.0,Sense
2025-08-03T16:02:33Z,89.0,Sense
2025-08-03T16:02:38Z,85.0,Sense
2025-08-03T16:02:43Z,83.0,Sense
2025-08-03T16:02:53Z,84.0,Sense
2025-08-03T16:02:58Z,83.0,Sense
2025-08-03T16:03:03Z,82.0,Sense
2025-08-03T16:03:08Z,82.0,Sense
2025-08-03T16:03:13Z,81.0,Sense
2025-08-03T16:03:23Z,83.0,Sense
2025-08-03T16:03:28Z,85.0,Sense
2025-08-03T16:03:38Z,83.0,Sense
2025-08-03T16:03:43Z,82.0,Sense
2025-08-03T16:03:48Z,82.0,Sense
2025-08-03T16:03:53Z,84.0,Sense
2025-08-03T16:03:58Z,85.0,Sense
2025-08-03T16:04:03Z,84.0,Sense
2025-08-03T16:04:08Z,84.0,Sense
2025-08-03T16:04:18Z,83.0,Sense
2025-08-03T16:04:23Z,85.0,Sense
2025-08-03T16:04:28Z,84.0,Sense
2025-08-03T16:04:33Z,83.0,Sense
2025-08-03T16:04:38Z,83.0,Sense
2025-08-03T16:04:43Z,84.0,Sense
2025-08-03T16:04:48Z,85.0,Sense
2025-08-03T16:04:53Z,86.0,Sense
2025-08-03T16:05:03Z,88.0,Sense
2025-08-03T16:05:08Z,87.0,Sense
2025-08-03T16:05:13Z,86.0,Sense
2025-08-03T16:05:28Z,87.0,Sense
2025-08-03T16:05:33Z,88.0,Sense
2025-08-03T16:05:38Z,89.0,Sense
2025-08-03T16:05:43Z,87.0,Sense
2025-08-03T16:05:48Z,86.0,Sense
2025-08-03T16:05:53Z,84.0,Sense
2025-08-03T16:05:58Z,82.0,Sense
2025-08-03T16:06:08Z,86.0,Sense
2025-08-03T16:06:23Z,86.0,Sense
2025-08-03T16:06:28Z,85.0,Sense
2025-08-03T16:06:33Z,84.0,Sense
2025-08-03T16:06:38Z,83.0,Sense
2025-08-03T16:06:43Z,85.0,Sense
2025-08-03T16:06:48Z,87.0,Sense
2025-08-03T16:06:53Z,88.0,Sense
2025-08-03T16:06:58Z,86.0,Sense
2025-08-03T16:07:03Z,87.0,Sense
2025-08-03T16:07:08Z,83.0,Sense
2025-08-03T16:07:13Z,84.0,Sense
2025-08-03T16:07:18Z,83.0,Sense
2025-08-03T16:07:24Z,84.0,Sense
2025-08-03T16:07:29Z,86.0,Sense
2025-08-03T16:07:34Z,87.0,Sense
2025-08-03T16:07:44Z,92.0,Sense
2025-08-03T16:07:49Z,93.0,Sense
2025-08-03T16:07:54Z,95.0,Sense
2025-08-03T16:08:04Z,94.0,Sense
2025-08-03T16:08:14Z,94.0,Sense
2025-08-03T16:08:19Z,94.0,Sense
2025-08-03T16:08:29Z,92.0,Sense
2025-08-03T16:08:34Z,91.0,Sense
2025-08-03T16:08:39Z,92.0,Sense
2025-08-03T16:08:49Z,93.0,Sense
2025-08-03T16:09:04Z,93.0,Sense
2025-08-03T16:09:14Z,92.0,Sense
2025-08-03T16:09:19Z,91.0,Sense
2025-08-03T16:09:24Z,90.0,Sense
2025-08-03T16:09:29Z,91.0,Sense
2025-08-03T16:09:34Z,94.0,Sense
2025-08-03T16:09:39Z,92.0,Sense
2025-08-03T16:09:44Z,91.0,Sense
2025-08-03T16:09:49Z,90.0,Sense
2025-08-03T16:09:54Z,93.0,Sense
2025-08-03T16:09:59Z,95.0,Sense
2025-08-03T16:10:04Z,93.0,Sense
2025-08-03T16:10:14Z,94.0,Sense
2025-08-03T16:10:19Z,95.0,Sense
2025-08-03T16:10:24Z,95.0,Sense
2025-08-03T16:10:29Z,94.0,Sense
2025-08-03T16:10:34Z,95.0,Sense
2025-08-03T16:10:39Z,96.0,Sense
2025-08-03T16:10:49Z,95.0,Sense
2025-08-03T16:11:04Z,95.0,Sense
2025-08-03T16:11:09Z,94.0,Sense
2025-08-03T16:11:19Z,92.0,Sense
2025-08-03T16:11:34Z,93.0,Sense
2025-08-03T16:11:44Z,92.0,Sense
2025-08-03T16:11:49Z,93.0,Sense
2025-08-03T16:11:54Z,92.0,Sense
2025-08-03T16:12:04Z,93.0,Sense
2025-08-03T16:12:14Z,94.0,Sense
2025-08-03T16:12:24Z,92.0,Sense
2025-08-03T16:12:39Z,92.0,Sense
2025-08-03T16:12:44Z,94.0,Sense
2025-08-03T16:12:49Z,97.0,Sense
2025-08-03T16:12:54Z,98.0,Sense
2025-08-03T16:12:59Z,101.0,Sense
2025-08-03T16:13:04Z,99.0,Sense
2025-08-03T16:13:09Z,100.0,Sense
2025-08-03T16:13:14Z,101.0,Sense
2025-08-03T16:13:19Z,99.0,Sense
2025-08-03T16:13:24Z,96.0,Sense
2025-08-03T16:13:29Z,92.0,Sense
2025-08-03T16:13:44Z,90.0,Sense
2025-08-03T16:13:49Z,90.0,Sense
2025-08-03T16:13:54Z,89.0,Sense
2025-08-03T16:14:09Z,88.0,Sense
2025-08-03T16:14:19Z,90.0,Sense
2025-08-03T16:14:24Z,89.0,Sense
2025-08-03T16:14:29Z,88.0,Sense
2025-08-03T16:14:34Z,87.0,Sense
2025-08-03T16:14:49Z,88.0,Sense
2025-08-03T16:14:54Z,87.0,Sense
2025-08-03T16:14:59Z,88.0,Sense
2025-08-03T16:15:04Z,87.0,Sense
2025-08-03T16:15:14Z,88.0,Sense
2025-08-03T16:15:29Z,88.0,Sense
2025-08-03T16:15:34Z,87.0,Sense
2025-08-03T16:15:39Z,87.0,Sense
2025-08-03T16:15:44Z,87.0,Sense
2025-08-03T16:15:49Z,88.0,Sense
2025-08-03T16:15:54Z,89.0,Sense
2025-08-03T16:15:59Z,91.0,Sense
2025-08-03T16:16:04Z,92.0,Sense
2025-08-03T16:16:09Z,90.0,Sense
2025-08-03T16:16:19Z,91.0,Sense
2025-08-03T16:16:24Z,92.0,Sense
2025-08-03T16:16:39Z,96.0,Sense
2025-08-03T16:16:49Z,95.0,Sense
2025-08-03T16:16:54Z,97.0,Sense
2025-08-03T16:17:04Z,99.0,Sense
2025-08-03T16:17:09Z,97.0,Sense
2025-08-03T16:17:14Z,96.0,Sense
2025-08-03T16:17:19Z,95.0,Sense
2025-08-03T16:17:24Z,93.0,Sense
2025-08-03T16:17:29Z,92.0,Sense
2025-08-03T16:17:34Z,93.0,Sense
2025-08-03T16:17:39Z,91.0,Sense
2025-08-03T16:17:49Z,89.0,Sense
2025-08-03T16:17:54Z,88.0,Sense
2025-08-03T16:18:04Z,89.0,Sense
2025-08-03T16:18:09Z,88.0,Sense
2025-08-03T16:18:14Z,87.0,Sense
2025-08-03T16:18:19Z,87.0,Sense
2025-08-03T16:18:24Z,86.0,Sense
2025-08-03T16:18:29Z,87.0,Sense
2025-08-03T16:18:34Z,88.0,Sense
2025-08-03T16:18:44Z,88.0,Sense
2025-08-03T16:18:49Z,87.0,Sense
2025-08-03T16:18:54Z,85.0,Sense
2025-08-03T16:19:01Z,84.0,Sense
2025-08-03T16:19:11Z,85.0,Sense
2025-08-03T16:19:16Z,84.0,Sense
2025-08-03T16:19:21Z,83.0,Sense
2025-08-03T16:19:26Z,82.0,Sense
2025-08-03T16:19:31Z,84.0,Sense
2025-08-03T16:19:36Z,89.0,Sense
2025-08-03T16:19:41Z,92.0,Sense
2025-08-03T16:19:46Z,92.0,Sense
2025-08-03T16:19:51Z,91.0,Sense
2025-08-03T16:19:56Z,93.0,Sense
2025-08-03T16:20:01Z,90.0,Sense
2025-08-03T16:20:06Z,89.0,Sense
2025-08-03T16:20:21Z,89.0,Sense
2025-08-03T16:20:26Z,88.0,Sense
2025-08-03T16:20:31Z,87.0,Sense
2025-08-03T16:20:36Z,89.0,Sense
2025-08-03T16:20:41Z,88.0,Sense
2025-08-03T16:20:46Z,83.0,Sense
2025-08-03T16:20:51Z,85.0,Sense
2025-08-03T16:20:56Z,86.0,Sense
2025-08-03T16:21:11Z,86.0,Sense
2025-08-03T16:21:16Z,87.0,Sense
2025-08-03T16:21:26Z,85.0,Sense
2025-08-03T16:21:31Z,86.0,Sense
2025-08-03T16:21:36Z,87.0,Sense
2025-08-03T16:21:41Z,89.0,Sense
2025-08-03T16:21:46Z,92.0,Sense
2025-08-03T16:21:51Z,92.0,Sense
2025-08-03T16:22:01Z,88.0,Sense
2025-08-03T16:22:06Z,84.0,Sense
2025-08-03T16:22:16Z,82.0,Sense
2025-08-03T16:22:26Z,83.0,Sense
2025-08-03T16:22:31Z,84.0,Sense
2025-08-03T16:22:36Z,87.0,Sense
2025-08-03T16:22:51Z,88.0,Sense
2025-08-03T16:22:56Z,90.0,Sense
2025-08-03T16:23:06Z,88.0,Sense
2025-08-03T16:23:21Z,86.0,Sense
2025-08-03T16:23:26Z,84.0,Sense
2025-08-03T16:23:31Z,82.0,Sense
2025-08-03T16:23:36Z,80.0,Sense
2025-08-03T16:23:41Z,79.0,Sense
2025-08-03T16:23:46Z,78.0,Sense
2025-08-03T16:23:51Z,80.0,Sense
2025-08-03T16:23:56Z,81.0,Sense
2025-08-03T16:24:01Z,80.0,Sense
2025-08-03T16:24:06Z,78.0,Sense
2025-08-03T16:24:16Z,81.0,Sense
2025-08-03T16:24:21Z,82.0,Sense
2025-08-03T16:24:26Z,81.0,Sense
2025-08-03T16:24:31Z,78.0,Sense
2025-08-03T16:24:46Z,78.0,Sense
2025-08-03T16:24:51Z,77.0,Sense
2025-08-03T16:24:56Z,78.0,Sense
2025-08-03T16:25:06Z,79.0,Sense
2025-08-03T16:25:11Z,83.0,Sense
2025-08-03T16:25:16Z,84.0,Sense
2025-08-03T16:25:31Z,84.0,Sense
2025-08-03T16:25:36Z,83.0,Sense
2025-08-03T16:25:41Z,82.0,Sense
2025-08-03T16:25:46Z,85.0,Sense
2025-08-03T16:25:51Z,83.0,Sense
2025-08-03T16:25:56Z,84.0,Sense
2025-08-03T16:26:01Z,81.0,Sense
2025-08-03T16:26:06Z,78.0,Sense
2025-08-03T16:26:11Z,77.0,Sense
2025-08-03T16:26:16Z,78.0,Sense
2025-08-03T16:26:21Z,79.0,Sense
2025-08-03T16:26:31Z,81.0,Sense
2025-08-03T16:26:36Z,82.0,Sense
2025-08-03T16:26:46Z,81.0,Sense
2025-08-03T16:26:51Z,79.0,Sense
2025-08-03T16:26:56Z,77.0,Sense
2025-08-03T16:27:01Z,78.0,Sense
2025-08-03T16:27:06Z,80.0,Sense
2025-08-03T16:27:11Z,81.0,Sense
2025-08-03T16:27:16Z,82.0,Sense
2025-08-03T16:27:26Z,81.0,Sense
2025-08-03T16:27:31Z,82.0,Sense
2025-08-03T16:27:36Z,84.0,Sense
2025-08-03T16:27:41Z,82.0,Sense
2025-08-03T16:27:46Z,81.0,Sense
2025-08-03T16:27:51Z,84.0,Sense
2025-08-03T16:28:01Z,85.0,Sense
2025-08-03T16:28:06Z,87.0,Sense
2025-08-03T16:28:11Z,85.0,Sense
2025-08-03T16:28:16Z,83.0,Sense
2025-08-03T16:28:21Z,83.0,Sense
2025-08-03T16:28:36Z,87.0,Sense
2025-08-03T16:28:41Z,89.0,Sense
2025-08-03T16:28:51Z,88.0,Sense
2025-08-03T16:29:01Z,89.0,Sense
2025-08-03T16:29:06Z,89.0,Sense
2025-08-03T16:29:11Z,89.0,Sense
2025-08-03T16:29:16Z,89.0,Sense
2025-08-03T16:29:26Z,92.0,Sense
2025-08-03T16:29:31Z,93.0,Sense
2025-08-03T16:29:36Z,91.0,Sense
2025-08-03T16:29:46Z,90.0,Sense
2025-08-03T16:29:51Z,89.0,Sense
2025-08-03T16:29:56Z,88.0,Sense
2025-08-03T16:30:01Z,85.0,Sense
2025-08-03T16:30:06Z,86.0,Sense
2025-08-03T16:30:11Z,87.0,Sense
2025-08-03T16:30:16Z,84.0,Sense
2025-08-03T16:30:21Z,85.0,Sense
2025-08-03T16:30:36Z,86.0,Sense
2025-08-03T16:30:41Z,85.0,Sense
2025-08-03T16:30:46Z,86.0,Sense
2025-08-03T16:30:51Z,84.0,Sense
2025-08-03T16:31:01Z,83.0,Sense
2025-08-03T16:31:06Z,82.0,Sense
2025-08-03T16:31:21Z,82.0,Sense
2025-08-03T16:31:26Z,82.0,Sense
2025-08-03T16:31:31Z,81.0,Sense
2025-08-03T16:31:36Z,81.0,Sense
2025-08-03T16:31:46Z,81.0,Sense
2025-08-03T16:31:51Z,82.0,Sense
2025-08-03T16:31:56Z,84.0,Sense
2025-08-03T16:32:01Z,92.0,Sense
2025-08-03T16:32:06Z,95.0,Sense
2025-08-03T16:32:11Z,89.0,Sense
2025-08-03T16:32:16Z,90.0,Sense
2025-08-03T16:32:21Z,86.0,Sense
2025-08-03T16:32:26Z,88.0,Sense
2025-08-03T16:32:31Z,86.0,Sense
2025-08-03T16:32:36Z,89.0,Sense
2025-08-03T16:32:51Z,89.0,Sense
2025-08-03T16:32:56Z,88.0,Sense
2025-08-03T16:33:01Z,86.0,Sense
2025-08-03T16:33:06Z,86.0,Sense
2025-08-03T16:33:11Z,89.0,Sense
2025-08-03T16:33:16Z,90.0,Sense
2025-08-03T16:33:21Z,89.0,Sense
2025-08-03T16:33:26Z,90.0,Sense
2025-08-03T16:33:36Z,90.0,Sense
2025-08-03T16:33:41Z,91.0,Sense
2025-08-03T16:33:46Z,92.0,Sense
2025-08-03T16:33:51Z,93.0,Sense
2025-08-03T16:33:56Z,95.0,Sense
2025-08-03T16:34:01Z,96.0,Sense
2025-08-03T16:34:11Z,92.0,Sense
2025-08-03T16:34:16Z,89.0,Sense
2025-08-03T16:34:21Z,82.0,Sense
2025-08-03T16:34:36Z,84.0,Sense
2025-08-03T16:34:41Z,86.0,Sense
2025-08-03T16:34:56Z,85.0,Sense
2025-08-03T16:35:11Z,85.0,Sense
2025-08-03T16:35:16Z,86.0,Sense
2025-08-03T16:35:21Z,87.0,Sense
2025-08-03T16:35:26Z,89.0,Sense
2025-08-03T16:35:41Z,89.0,Sense
2025-08-03T16:35:56Z,89.0,Sense
2025-08-03T16:36:01Z,89.0,Sense
2025-08-03T16:36:06Z,91.0,Sense
2025-08-03T16:36:11Z,93.0,Sense
2025-08-03T16:36:16Z,92.0,Sense
2025-08-03T16:36:21Z,93.0,Sense
2025-08-03T16:36:26Z,94.0,Sense
2025-08-03T16:36:36Z,96.0,Sense
2025-08-03T16:36:41Z,97.0,Sense
2025-08-03T16:36:46Z,95.0,Sense
2025-08-03T16:36:51Z,97.0,Sense
2025-08-03T16:36:56Z,94.0,Sense
2025-08-03T16:37:01Z,91.0,Sense
2025-08-03T16:37:06Z,86.0,Sense
2025-08-03T16:37:11Z,85.0,Sense
2025-08-03T16:37:21Z,85.0,Sense
2025-08-03T16:37:31Z,87.0,Sense
2025-08-03T16:37:36Z,88.0,Sense
2025-08-03T16:37:51Z,87.0,Sense
2025-08-03T16:38:06Z,87.0,Sense
2025-08-03T16:38:16Z,88.0,Sense
2025-08-03T16:38:31Z,88.0,Sense
2025-08-03T16:38:46Z,88.0,Sense
2025-08-03T16:38:51Z,88.0,Sense
2025-08-03T16:38:56Z,89.0,Sense
2025-08-03T16:39:06Z,88.0,Sense
2025-08-03T16:39:21Z,87.0,Sense
2025-08-03T16:39:31Z,90.0,Sense
2025-08-03T16:39:36Z,88.0,Sense
2025-08-03T16:39:41Z,87.0,Sense
2025-08-03T16:39:46Z,87.0,Sense
2025-08-03T16:39:51Z,89.0,Sense
2025-08-03T16:39:56Z,92.0,Sense
2025-08-03T16:40:01Z,93.0,Sense
2025-08-03T16:40:11Z,94.0,Sense
2025-08-03T16:40:16Z,96.0,Sense
2025-08-03T16:40:21Z,95.0,Sense
2025-08-03T16:40:36Z,95.0,Sense
2025-08-03T16:40:41Z,95.0,Sense
2025-08-03T16:40:51Z,93.0,Sense
2025-08-03T16:41:01Z,96.0,Sense
2025-08-03T16:41:06Z,97.0,Sense
2025-08-03T16:41:11Z,95.0,Sense
2025-08-03T16:41:16Z,94.0,Sense
2025-08-03T16:41:21Z,92.0,Sense
2025-08-03T16:41:26Z,93.0,Sense
2025-08-03T16:41:31Z,92.0,Sense
2025-08-03T16:41:46Z,92.0,Sense
2025-08-03T16:41:56Z,91.0,Sense
2025-08-03T16:42:06Z,93.0,Sense
2025-08-03T16:42:11Z,95.0,Sense
2025-08-03T16:42:16Z,95.0,Sense
2025-08-03T16:42:21Z,93.0,Sense
2025-08-03T16:42:26Z,92.0,Sense
2025-08-03T16:42:31Z,93.0,Sense
2025-08-03T16:42:36Z,95.0,Sense
2025-08-03T16:42:41Z,94.0,Sense
2025-08-03T16:42:51Z,95.0,Sense
2025-08-03T16:43:01Z,94.0,Sense
2025-08-03T16:43:16Z,93.0,Sense
2025-08-03T16:43:21Z,94.0,Sense
2025-08-03T16:43:31Z,92.0,Sense
2025-08-03T16:43:36Z,92.0,Sense
2025-08-03T16:43:46Z,91.0,Sense
2025-08-03T16:43:51Z,90.0,Sense
2025-08-03T16:43:56Z,89.0,Sense
2025-08-03T16:44:01Z,90.0,Sense
2025-08-03T16:44:06Z,87.0,Sense
2025-08-03T16:44:11Z,88.0,Sense
2025-08-03T16:44:16Z,87.0,Sense
2025-08-03T16:44:21Z,85.0,Sense
2025-08-03T16:44:31Z,83.0,Sense
2025-08-03T16:44:36Z,84.0,Sense
2025-08-03T16:44:41Z,83.0,Sense
2025-08-03T16:44:46Z,83.0,Sense
2025-08-03T16:44:51Z,83.0,Sense
2025-08-03T16:44:56Z,82.0,Sense
2025-08-03T16:45:01Z,82.0,Sense
2025-08-03T16:45:06Z,81.0,Sense
2025-08-03T16:45:11Z,83.0,Sense
2025-08-03T16:45:16Z,84.0,Sense
2025-08-03T16:45:31Z,84.0,Sense
2025-08-03T16:45:36Z,83.0,Sense
2025-08-03T16:45:41Z,82.0,Sense
2025-08-03T16:45:46Z,80.0,Sense
2025-08-03T16:45:51Z,81.0,Sense
2025-08-03T16:45:56Z,82.0,Sense
2025-08-03T16:46:06Z,83.0,Sense
2025-08-03T16:46:11Z,88.0,Sense
2025-08-03T16:46:16Z,90.0,Sense
2025-08-03T16:46:21Z,89.0,Sense
2025-08-03T16:46:26Z,89.0,Sense
2025-08-03T16:46:36Z,90.0,Sense
2025-08-03T16:46:41Z,90.0,Sense
2025-08-03T16:46:46Z,90.0,Sense
2025-08-03T16:46:51Z,89.0,Sense
2025-08-03T16:47:01Z,88.0,Sense
2025-08-03T16:47:06Z,86.0,Sense
2025-08-03T16:47:11Z,84.0,Sense
2025-08-03T16:47:16Z,82.0,Sense
2025-08-03T16:47:21Z,81.0,Sense
2025-08-03T16:47:26Z,81.0,Sense
2025-08-03T16:47:31Z,81.0,Sense
2025-08-03T16:47:36Z,82.0,Sense
2025-08-03T16:47:41Z,84.0,Sense
2025-08-03T16:47:46Z,85.0,Sense
2025-08-03T16:47:51Z,84.0,Sense
2025-08-03T16:47:56Z,85.0,Sense
2025-08-03T16:48:01Z,86.0,Sense
2025-08-03T16:48:16Z,85.0,Sense
2025-08-03T16:48:21Z,84.0,Sense
2025-08-03T16:48:26Z,82.0,Sense
2025-08-03T16:48:31Z,81.0,Sense
2025-08-03T16:48:36Z,82.0,Sense
2025-08-03T16:48:41Z,84.0,Sense
2025-08-03T16:48:46Z,83.0,Sense
2025-08-03T16:48:51Z,83.0,Sense
2025-08-03T16:48:56Z,82.0,Sense
2025-08-03T16:49:01Z,80.0,Sense
2025-08-03T16:49:11Z,81.0,Sense
2025-08-03T16:49:16Z,83.0,Sense
2025-08-03T16:49:21Z,84.0,Sense
2025-08-03T16:49:31Z,82.0,Sense
2025-08-03T16:49:41Z,81.0,Sense
2025-08-03T16:49:46Z,78.0,Sense
2025-08-03T16:49:51Z,80.0,Sense
2025-08-03T16:49:56Z,84.0,Sense
2025-08-03T16:50:01Z,84.0,Sense
2025-08-03T16:50:11Z,85.0,Sense
2025-08-03T16:50:21Z,84.0,Sense
2025-08-03T16:50:26Z,84.0,Sense
2025-08-03T16:50:36Z,82.0,Sense
2025-08-03T16:50:41Z,81.0,Sense
2025-08-03T16:50:46Z,78.0,Sense
2025-08-03T16:50:56Z,79.0,Sense
2025-08-03T16:51:01Z,82.0,Sense
2025-08-03T16:51:06Z,84.0,Sense
2025-08-03T16:51:11Z,86.0,Sense
2025-08-03T16:51:16Z,89.0,Sense
2025-08-03T16:51:21Z,87.0,Sense
2025-08-03T16:51:26Z,84.0,Sense
2025-08-03T16:51:36Z,89.0,Sense
2025-08-03T16:51:41Z,89.0,Sense
2025-08-03T16:51:46Z,89.0,Sense
2025-08-03T16:51:51Z,87.0,Sense
2025-08-03T16:51:56Z,87.0,Sense
2025-08-03T16:52:06Z,86.0,Sense
2025-08-03T16:52:11Z,87.0,Sense
2025-08-03T16:52:16Z,86.0,Sense
2025-08-03T16:52:26Z,87.0,Sense
2025-08-03T16:52:31Z,88.0,Sense
2025-08-03T16:52:36Z,87.0,Sense
2025-08-03T16:52:41Z,88.0,Sense
2025-08-03T16:52:56Z,89.0,Sense
2025-08-03T16:53:06Z,90.0,Sense
2025-08-03T16:53:21Z,87.0,Sense
2025-08-03T16:53:26Z,85.0,Sense
2025-08-03T16:53:41Z,87.0,Sense
2025-08-03T16:53:46Z,87.0,Sense
2025-08-03T16:53:51Z,86.0,Sense
2025-08-03T16:54:01Z,92.0,Sense
2025-08-03T16:54:06Z,97.0,Sense
2025-08-03T16:54:11Z,96.0,Sense
2025-08-03T16:54:16Z,85.0,Sense
2025-08-03T16:54:21Z,83.0,Sense
2025-08-03T16:54:26Z,81.0,Sense
2025-08-03T16:54:31Z,80.0,Sense
2025-08-03T16:54:36Z,80.0,Sense
2025-08-03T16:54:41Z,82.0,Sense
2025-08-03T16:54:46Z,83.0,Sense
2025-08-03T16:54:51Z,84.0,Sense
2025-08-03T16:54:56Z,85.0,Sense
2025-08-03T16:55:01Z,86.0,Sense
2025-08-03T16:55:16Z,86.0,Sense
2025-08-03T16:55:26Z,87.0,Sense
2025-08-03T16:55:36Z,86.0,Sense
2025-08-03T16:55:41Z,86.0,Sense
2025-08-03T16:55:51Z,86.0,Sense
2025-08-03T16:55:56Z,86.0,Sense
2025-08-03T16:56:06Z,85.0,Sense
2025-08-03T16:56:16Z,85.0,Sense
2025-08-03T16:56:21Z,86.0,Sense
2025-08-03T16:56:26Z,86.0,Sense
2025-08-03T16:56:31Z,84.0,Sense
2025-08-03T16:56:36Z,85.0,Sense
2025-08-03T16:56:46Z,85.0,Sense
2025-08-03T16:56:56Z,86.0,Sense
2025-08-03T16:57:01Z,86.0,Sense
2025-08-03T16:57:11Z,86.0,Sense
2025-08-03T16:57:21Z,87.0,Sense
2025-08-03T16:57:26Z,89.0,Sense
2025-08-03T16:57:36Z,90.0,Sense
2025-08-03T16:57:51Z,89.0,Sense
2025-08-03T16:57:56Z,86.0,Sense
2025-08-03T16:58:01Z,89.0,Sense
2025-08-03T16:58:06Z,86.0,Sense
2025-08-03T16:58:11Z,89.0,Sense
2025-08-03T16:58:16Z,87.0,Sense
2025-08-03T16:58:21Z,87.0,Sense
2025-08-03T16:58:26Z,84.0,Sense
2025-08-03T16:58:31Z,84.0,Sense
2025-08-03T16:58:41Z,85.0,Sense
2025-08-03T16:58:51Z,86.0,Sense
2025-08-03T16:59:01Z,88.0,Sense
2025-08-03T16:59:06Z,87.0,Sense
2025-08-03T16:59:16Z,90.0,Sense
2025-08-03T16:59:21Z,89.0,Sense
2025-08-03T16:59:26Z,88.0,Sense
2025-08-03T16:59:31Z,87.0,Sense
2025-08-03T16:59:46Z,86.0,Sense
2025-08-03T16:59:51Z,87.0,Sense
2025-08-03T17:00:01Z,88.0,Sense
2025-08-03T17:00:06Z,89.0,Sense
2025-08-03T17:00:11Z,91.0,Sense
2025-08-03T17:00:16Z,94.0,Sense
2025-08-03T17:00:21Z,92.0,Sense
2025-08-03T17:00:26Z,89.0,Sense
2025-08-03T17:00:31Z,89.0,Sense
2025-08-03T17:00:41Z,88.0,Sense
2025-08-03T17:00:56Z,89.0,Sense
2025-08-03T17:01:06Z,88.0,Sense
2025-08-03T17:01:11Z,89.0,Sense
2025-08-03T17:01:16Z,90.0,Sense
2025-08-03T17:01:21Z,92.0,Sense
2025-08-03T17:01:26Z,93.0,Sense
2025-08-03T17:01:31Z,91.0,Sense
2025-08-03T17:01:36Z,92.0,Sense
2025-08-03T17:01:41Z,92.0,Sense
2025-08-03T17:01:46Z,94.0,Sense
2025-08-03T17:01:56Z,95.0,Sense
2025-08-03T17:02:01Z,96.0,Sense
2025-08-03T17:02:11Z,96.0,Sense
2025-08-03T17:02:21Z,92.0,Sense
2025-08-03T17:02:26Z,87.0,Sense
2025-08-03T17:02:41Z,88.0,Sense
2025-08-03T17:02:51Z,93.0,Sense
2025-08-03T17:03:01Z,93.0,Sense
2025-08-03T17:03:06Z,92.0,Sense
2025-08-03T17:03:16Z,88.0,Sense
2025-08-03T17:03:21Z,90.0,Sense
2025-08-03T17:03:26Z,90.0,Sense
2025-08-03T17:03:31Z,91.0,Sense
2025-08-03T17:03:36Z,92.0,Sense
2025-08-03T17:03:41Z,93.0,Sense
2025-08-03T17:03:56Z,93.0,Sense
2025-08-03T17:04:01Z,93.0,Sense
2025-08-03T17:04:06Z,92.0,Sense
2025-08-03T17:04:11Z,90.0,Sense
2025-08-03T17:04:16Z,89.0,Sense
2025-08-03T17:04:21Z,87.0,Sense
2025-08-03T17:04:26Z,87.0,Sense
2025-08-03T17:04:31Z,86.0,Sense
2025-08-03T17:04:36Z,87.0,Sense
2025-08-03T17:04:41Z,86.0,Sense
2025-08-03T17:04:46Z,85.0,Sense
2025-08-03T17:04:56Z,83.0,Sense
2025-08-03T17:05:01Z,80.0,Sense
2025-08-03T17:05:06Z,82.0,Sense
2025-08-03T17:05:11Z,83.0,Sense
2025-08-03T17:05:16Z,81.0,Sense
2025-08-03T17:05:31Z,81.0,Sense
2025-08-03T17:05:36Z,81.0,Sense
2025-08-03T17:05:41Z,83.0,Sense
2025-08-03T17:05:46Z,85.0,Sense
2025-08-03T17:05:51Z,90.0,Sense
2025-08-03T17:06:01Z,87.0,Sense
2025-08-03T17:06:06Z,88.0,Sense
2025-08-03T17:06:11Z,87.0,Sense
2025-08-03T17:06:16Z,86.0,Sense
2025-08-03T17:06:21Z,88.0,Sense
2025-08-03T17:06:31Z,87.0,Sense
2025-08-03T17:06:36Z,85.0,Sense
2025-08-03T17:06:41Z,85.0,Sense
2025-08-03T17:06:46Z,86.0,Sense
2025-08-03T17:06:51Z,86.0,Sense
2025-08-03T17:06:56Z,89.0,Sense
2025-08-03T17:07:01Z,88.0,Sense
2025-08-03T17:07:06Z,88.0,Sense
2025-08-03T17:07:11Z,91.0,Sense
2025-08-03T17:07:16Z,92.0,Sense
2025-08-03T17:07:26Z,90.0,Sense
2025-08-03T17:07:31Z,88.0,Sense
2025-08-03T17:07:36Z,86.0,Sense
2025-08-03T17:07:41Z,86.0,Sense
2025-08-03T17:07:46Z,87.0,Sense
2025-08-03T17:07:51Z,90.0,Sense
2025-08-03T17:07:56Z,91.0,Sense
2025-08-03T17:08:01Z,88.0,Sense
2025-08-03T17:08:06Z,86.0,Sense
2025-08-03T17:08:11Z,87.0,Sense
2025-08-03T17:08:21Z,88.0,Sense
2025-08-03T17:08:36Z,88.0,Sense
2025-08-03T17:08:41Z,89.0,Sense
2025-08-03T17:08:51Z,90.0,Sense
2025-08-03T17:09:06Z,91.0,Sense
2025-08-03T17:09:11Z,94.0,Sense
2025-08-03T17:09:16Z,91.0,Sense
2025-08-03T17:09:21Z,87.0,Sense
2025-08-03T17:09:26Z,85.0,Sense
2025-08-03T17:09:31Z,85.0,Sense
2025-08-03T17:09:41Z,86.0,Sense
2025-08-03T17:09:46Z,86.0,Sense
2025-08-03T17:09:51Z,87.0,Sense
2025-08-03T17:09:56Z,86.0,Sense
2025-08-03T17:10:01Z,83.0,Sense
2025-08-03T17:10:06Z,79.0,Sense
2025-08-03T17:10:16Z,81.0,Sense
2025-08-03T17:10:21Z,81.0,Sense
2025-08-03T17:10:26Z,80.0,Sense
2025-08-03T17:10:31Z,80.0,Sense
2025-08-03T17:10:36Z,80.0,Sense
2025-08-03T17:10:46Z,81.0,Sense
2025-08-03T17:10:51Z,82.0,Sense
2025-08-03T17:10:56Z,82.0,Sense
2025-08-03T17:11:01Z,81.0,Sense
2025-08-03T17:11:11Z,82.0,Sense
2025-08-03T17:11:21Z,81.0,Sense
2025-08-03T17:11:26Z,80.0,Sense
2025-08-03T17:11:36Z,78.0,Sense
2025-08-03T17:11:46Z,78.0,Sense
2025-08-03T17:11:56Z,80.0,Sense
2025-08-03T17:12:01Z,85.0,Sense
2025-08-03T17:12:11Z,84.0,Sense
2025-08-03T17:12:16Z,83.0,Sense
2025-08-03T17:12:21Z,81.0,Sense
2025-08-03T17:12:26Z,83.0,Sense
2025-08-03T17:12:31Z,82.0,Sense
2025-08-03T17:12:46Z,80.0,Sense
2025-08-03T17:12:51Z,79.0,Sense
2025-08-03T17:13:06Z,79.0,Sense
2025-08-03T17:13:16Z,80.0,Sense
2025-08-03T17:13:21Z,82.0,Sense
2025-08-03T17:13:26Z,84.0,Sense
2025-08-03T17:13:31Z,84.0,Sense
2025-08-03T17:13:36Z,83.0,Sense
2025-08-03T17:13:41Z,81.0,Sense
2025-08-03T17:13:51Z,82.0,Sense
2025-08-03T17:14:06Z,83.0,Sense
2025-08-03T17:14:11Z,84.0,Sense
2025-08-03T17:14:16Z,85.0,Sense
2025-08-03T17:14:21Z,86.0,Sense
2025-08-03T17:14:26Z,85.0,Sense
2025-08-03T17:14:31Z,86.0,Sense
2025-08-03T17:14:36Z,84.0,Sense
2025-08-03T17:14:41Z,85.0,Sense
2025-08-03T17:14:46Z,82.0,Sense
2025-08-03T17:14:51Z,82.0,Sense
2025-08-03T17:14:56Z,81.0,Sense
2025-08-03T17:15:06Z,82.0,Sense
2025-08-03T17:15:11Z,83.0,Sense
2025-08-03T17:15:26Z,84.0,Sense
2025-08-03T17:15:41Z,86.0,Sense
2025-08-03T17:15:46Z,88.0,Sense
2025-08-03T17:15:51Z,89.0,Sense
2025-08-03T17:15:56Z,90.0,Sense
2025-08-03T17:16:01Z,90.0,Sense
2025-08-03T17:16:11Z,90.0,Sense
2025-08-03T17:16:16Z,89.0,Sense
2025-08-03T17:16:21Z,90.0,Sense
2025-08-03T17:16:26Z,90.0,Sense
2025-08-03T17:16:31Z,90.0,Sense
2025-08-03T17:16:46Z,90.0,Sense
2025-08-03T17:16:51Z,90.0,Sense
2025-08-03T17:16:56Z,89.0,Sense
2025-08-03T17:17:01Z,90.0,Sense
2025-08-03T17:17:06Z,89.0,Sense
2025-08-03T17:17:11Z,90.0,Sense
2025-08-03T17:17:16Z,91.0,Sense
2025-08-03T17:17:31Z,91.0,Sense
2025-08-03T17:17:36Z,91.0,Sense
2025-08-03T17:17:41Z,93.0,Sense
2025-08-03T17:17:46Z,95.0,Sense
2025-08-03T17:17:51Z,96.0,Sense
2025-08-03T17:17:56Z,95.0,Sense
2025-08-03T17:18:01Z,92.0,Sense
2025-08-03T17:18:06Z,90.0,Sense
2025-08-03T17:18:11Z,87.0,Sense
2025-08-03T17:18:16Z,88.0,Sense
2025-08-03T17:18:21Z,91.0,Sense
2025-08-03T17:18:26Z,90.0,Sense
2025-08-03T17:18:31Z,87.0,Sense
2025-08-03T17:18:36Z,85.0,Sense
2025-08-03T17:18:41Z,91.0,Sense
2025-08-03T17:18:46Z,94.0,Sense
2025-08-03T17:18:51Z,95.0,Sense
2025-08-03T17:18:56Z,95.0,Sense
2025-08-03T17:19:11Z,95.0,Sense
2025-08-03T17:19:21Z,95.0,Sense
2025-08-03T17:19:30Z,93.0,Sense
2025-08-03T17:19:40Z,91.0,Sense
2025-08-03T17:19:45Z,89.0,Sense
2025-08-03T17:19:50Z,87.0,Sense
2025-08-03T17:19:55Z,89.0,Sense
2025-08-03T17:20:00Z,91.0,Sense
2025-08-03T17:20:05Z,90.0,Sense
2025-08-03T17:20:10Z,91.0,Sense
2025-08-03T17:20:15Z,89.0,Sense
2025-08-03T17:20:20Z,87.0,Sense
2025-08-03T17:20:25Z,86.0,Sense
2025-08-03T17:20:30Z,90.0,Sense
2025-08-03T17:20:35Z,94.0,Sense
2025-08-03T17:20:40Z,97.0,Sense
2025-08-03T17:20:45Z,96.0,Sense
2025-08-03T17:20:50Z,97.0,Sense
2025-08-03T17:21:00Z,95.0,Sense
2025-08-03T17:21:05Z,93.0,Sense
2025-08-03T17:21:15Z,96.0,Sense
2025-08-03T17:21:20Z,94.0,Sense
2025-08-03T17:21:25Z,92.0,Sense
2025-08-03T17:21:30Z,90.0,Sense
2025-08-03T17:21:45Z,90.0,Sense
2025-08-03T17:21:50Z,91.0,Sense
2025-08-03T17:21:55Z,93.0,Sense
2025-08-03T17:22:00Z,94.0,Sense
2025-08-03T17:22:05Z,92.0,Sense
2025-08-03T17:22:10Z,92.0,Sense
2025-08-03T17:22:20Z,89.0,Sense
2025-08-03T17:22:25Z,87.0,Sense
2025-08-03T17:22:40Z,88.0,Sense
2025-08-03T17:22:55Z,88.0,Sense
2025-08-03T17:23:10Z,88.0,Sense
2025-08-03T17:23:15Z,87.0,Sense
2025-08-03T17:23:20Z,87.0,Sense
2025-08-03T17:23:25Z,87.0,Sense
2025-08-03T17:23:30Z,87.0,Sense
2025-08-03T17:23:40Z,85.0,Sense
2025-08-03T17:23:45Z,86.0,Sense
2025-08-03T17:23:50Z,87.0,Sense
2025-08-03T17:23:55Z,86.0,Sense
2025-08-03T17:24:00Z,85.0,Sense
2025-08-03T17:24:05Z,85.0,Sense
2025-08-03T17:24:20Z,85.0,Sense
2025-08-03T17:24:25Z,86.0,Sense
2025-08-03T17:24:30Z,86.0,Sense
2025-08-03T17:24:35Z,85.0,Sense
2025-08-03T17:24:40Z,86.0,Sense
2025-08-03T17:24:55Z,86.0,Sense
2025-08-03T17:25:05Z,87.0,Sense
2025-08-03T17:25:10Z,87.0,Sense
2025-08-03T17:25:15Z,89.0,Sense
2025-08-03T17:25:20Z,93.0,Sense
2025-08-03T17:25:25Z,94.0,Sense
2025-08-03T17:25:30Z,91.0,Sense
2025-08-03T17:25:35Z,87.0,Sense
2025-08-03T17:25:40Z,86.0,Sense
2025-08-03T17:25:45Z,85.0,Sense
2025-08-03T17:25:50Z,86.0,Sense
2025-08-03T17:25:55Z,87.0,Sense
2025-08-03T17:26:00Z,88.0,Sense
2025-08-03T17:26:05Z,86.0,Sense
2025-08-03T17:26:10Z,87.0,Sense
2025-08-03T17:26:15Z,88.0,Sense
2025-08-03T17:26:25Z,87.0,Sense
2025-08-03T17:26:30Z,84.0,Sense
2025-08-03T17:26:35Z,83.0,Sense
2025-08-03T17:26:40Z,83.0,Sense
2025-08-03T17:26:50Z,85.0,Sense
2025-08-03T17:26:55Z,89.0,Sense
2025-08-03T17:27:00Z,90.0,Sense
2025-08-03T17:27:10Z,89.0,Sense
2025-08-03T17:27:15Z,91.0,Sense
2025-08-03T17:27:20Z,91.0,Sense
2025-08-03T17:27:25Z,89.0,Sense
2025-08-03T17:27:30Z,86.0,Sense
2025-08-03T17:27:35Z,89.0,Sense
2025-08-03T17:27:40Z,93.0,Sense
2025-08-03T17:27:45Z,96.0,Sense
2025-08-03T17:27:50Z,95.0,Sense
2025-08-03T17:27:55Z,92.0,Sense
2025-08-03T17:28:00Z,95.0,Sense
2025-08-03T17:28:05Z,93.0,Sense
2025-08-03T17:28:15Z,91.0,Sense
2025-08-03T17:28:20Z,94.0,Sense
2025-08-03T17:28:30Z,96.0,Sense
2025-08-03T17:28:35Z,95.0,Sense
2025-08-03T17:28:40Z,92.0,Sense
2025-08-03T17:28:45Z,90.0,Sense
2025-08-03T17:28:50Z,88.0,Sense
2025-08-03T17:28:55Z,86.0,Sense
2025-08-03T17:29:00Z,85.0,Sense
2025-08-03T17:29:05Z,87.0,Sense
2025-08-03T17:29:10Z,85.0,Sense
2025-08-03T17:29:15Z,83.0,Sense
2025-08-03T17:29:20Z,82.0,Sense
2025-08-03T17:29:25Z,82.0,Sense
2025-08-03T17:29:40Z,82.0,Sense
2025-08-03T17:29:45Z,85.0,Sense
2025-08-03T17:30:00Z,85.0,Sense
2025-08-03T17:30:10Z,87.0,Sense
2025-08-03T17:30:15Z,90.0,Sense
2025-08-03T17:30:20Z,94.0,Sense
2025-08-03T17:30:30Z,93.0,Sense
2025-08-03T17:30:35Z,92.0,Sense
2025-08-03T17:30:40Z,88.0,Sense
2025-08-03T17:30:45Z,86.0,Sense
2025-08-03T17:30:50Z,83.0,Sense
2025-08-03T17:30:55Z,83.0,Sense
2025-08-03T17:31:00Z,84.0,Sense
2025-08-03T17:31:05Z,83.0,Sense
2025-08-03T17:31:10Z,81.0,Sense
2025-08-03T17:31:15Z,82.0,Sense
2025-08-03T17:31:25Z,81.0,Sense
2025-08-03T17:31:40Z,82.0,Sense
2025-08-03T17:31:45Z,83.0,Sense
2025-08-03T17:32:00Z,83.0,Sense
2025-08-03T17:32:05Z,84.0,Sense
2025-08-03T17:32:10Z,85.0,Sense
2025-08-03T17:32:15Z,86.0,Sense
2025-08-03T17:32:25Z,84.0,Sense
2025-08-03T17:32:30Z,85.0,Sense
2025-08-03T17:32:35Z,86.0,Sense
2025-08-03T17:32:40Z,87.0,Sense
2025-08-03T17:32:45Z,87.0,Sense
2025-08-03T17:33:00Z,87.0,Sense
2025-08-03T17:33:15Z,86.0,Sense
2025-08-03T17:33:20Z,85.0,Sense
2025-08-03T17:33:25Z,87.0,Sense
2025-08-03T17:33:35Z,85.0,Sense
2025-08-03T17:33:40Z,83.0,Sense
2025-08-03T17:33:50Z,87.0,Sense
2025-08-03T17:33:55Z,90.0,Sense
2025-08-03T17:34:00Z,91.0,Sense
2025-08-03T17:34:15Z,91.0,Sense
2025-08-03T17:34:20Z,89.0,Sense
2025-08-03T17:34:25Z,88.0,Sense
2025-08-03T17:34:30Z,89.0,Sense
2025-08-03T17:34:35Z,91.0,Sense
2025-08-03T17:34:40Z,90.0,Sense
2025-08-03T17:34:45Z,88.0,Sense
2025-08-03T17:34:50Z,84.0,Sense
2025-08-03T17:34:55Z,84.0,Sense
2025-08-03T17:35:10Z,82.0,Sense
2025-08-03T17:35:15Z,83.0,Sense
2025-08-03T17:35:20Z,84.0,Sense
2025-08-03T17:35:25Z,86.0,Sense
2025-08-03T17:35:35Z,87.0,Sense
2025-08-03T17:35:40Z,87.0,Sense
2025-08-03T17:35:45Z,88.0,Sense
2025-08-03T17:35:50Z,89.0,Sense
2025-08-03T17:35:55Z,95.0,Sense
2025-08-03T17:36:00Z,94.0,Sense
2025-08-03T17:36:10Z,93.0,Sense
2025-08-03T17:36:15Z,95.0,Sense
2025-08-03T17:36:20Z,94.0,Sense
2025-08-03T17:36:25Z,96.0,Sense
2025-08-03T17:36:30Z,95.0,Sense
2025-08-03T17:36:35Z,91.0,Sense
2025-08-03T17:36:40Z,92.0,Sense
2025-08-03T17:36:45Z,91.0,Sense
2025-08-03T17:37:00Z,91.0,Sense
2025-08-03T17:37:05Z,91.0,Sense
2025-08-03T17:37:15Z,92.0,Sense
2025-08-03T17:37:25Z,94.0,Sense
2025-08-03T17:37:40Z,94.0,Sense
2025-08-03T17:37:50Z,91.0,Sense
2025-08-03T17:37:56Z,92.0,Sense
2025-08-03T17:38:01Z,95.0,Sense
2025-08-03T17:38:06Z,94.0,Sense
2025-08-03T17:38:11Z,93.0,Sense
2025-08-03T17:38:21Z,94.0,Sense
2025-08-03T17:38:26Z,97.0,Sense
2025-08-03T17:38:31Z,98.0,Sense
2025-08-03T17:38:36Z,96.0,Sense
2025-08-03T17:38:41Z,95.0,Sense
2025-08-03T17:38:51Z,96.0,Sense
2025-08-03T17:38:56Z,94.0,Sense
2025-08-03T17:39:01Z,91.0,Sense
2025-08-03T17:39:06Z,91.0,Sense
2025-08-03T17:39:16Z,90.0,Sense
2025-08-03T17:39:26Z,89.0,Sense
2025-08-03T17:39:36Z,89.0,Sense
2025-08-03T17:39:51Z,89.0,Sense
2025-08-03T17:39:56Z,90.0,Sense
2025-08-03T17:40:01Z,92.0,Sense
2025-08-03T17:40:06Z,90.0,Sense
2025-08-03T17:40:11Z,88.0,Sense
2025-08-03T17:40:16Z,86.0,Sense
2025-08-03T17:40:21Z,83.0,Sense
2025-08-03T17:40:36Z,82.0,Sense
2025-08-03T17:40:51Z,82.0,Sense
2025-08-03T17:40:56Z,83.0,Sense
2025-08-03T17:41:01Z,86.0,Sense
2025-08-03T17:41:06Z,89.0,Sense
2025-08-03T17:41:16Z,87.0,Sense
2025-08-03T17:41:21Z,85.0,Sense
2025-08-03T17:41:26Z,86.0,Sense
2025-08-03T17:41:31Z,88.0,Sense
2025-08-03T17:41:36Z,88.0,Sense
2025-08-03T17:41:41Z,87.0,Sense
2025-08-03T17:41:56Z,87.0,Sense
2025-08-03T17:42:06Z,88.0,Sense
2025-08-03T17:42:11Z,92.0,Sense
2025-08-03T17:42:16Z,94.0,Sense
2025-08-03T17:42:31Z,95.0,Sense
2025-08-03T17:42:36Z,94.0,Sense
2025-08-03T17:42:46Z,92.0,Sense
2025-08-03T17:43:01Z,91.0,Sense
2025-08-03T17:43:06Z,90.0,Sense
2025-08-03T17:43:21Z,89.0,Sense
2025-08-03T17:43:31Z,89.0,Sense
2025-08-03T17:43:41Z,90.0,Sense
2025-08-03T17:43:46Z,91.0,Sense
2025-08-03T17:43:51Z,92.0,Sense
2025-08-03T17:43:56Z,91.0,Sense
2025-08-03T17:44:01Z,89.0,Sense
2025-08-03T17:44:06Z,92.0,Sense
2025-08-03T17:44:11Z,93.0,Sense
2025-08-03T17:44:21Z,95.0,Sense
2025-08-03T17:44:36Z,95.0,Sense
2025-08-03T17:44:41Z,95.0,Sense
2025-08-03T17:44:46Z,94.0,Sense
2025-08-03T17:44:51Z,95.0,Sense
2025-08-03T17:44:56Z,96.0,Sense
2025-08-03T17:45:01Z,94.0,Sense
2025-08-03T17:45:06Z,91.0,Sense
2025-08-03T17:45:11Z,86.0,Sense
2025-08-03T17:45:16Z,86.0,Sense
2025-08-03T17:45:31Z,88.0,Sense
2025-08-03T17:45:36Z,90.0,Sense
2025-08-03T17:45:46Z,89.0,Sense
2025-08-03T17:45:51Z,91.0,Sense
2025-08-03T17:45:56Z,92.0,Sense
2025-08-03T17:46:01Z,94.0,Sense
2025-08-03T17:46:06Z,93.0,Sense
2025-08-03T17:46:11Z,94.0,Sense
2025-08-03T17:46:16Z,92.0,Sense
2025-08-03T17:46:21Z,92.0,Sense
2025-08-03T17:46:26Z,88.0,Sense
2025-08-03T17:46:36Z,85.0,Sense
2025-08-03T17:46:51Z,86.0,Sense
2025-08-03T17:46:56Z,88.0,Sense
2025-08-03T17:47:01Z,90.0,Sense
2025-08-03T17:47:16Z,89.0,Sense
2025-08-03T17:47:21Z,91.0,Sense
2025-08-03T17:47:26Z,92.0,Sense
2025-08-03T17:47:31Z,92.0,Sense
2025-08-03T17:47:36Z,94.0,Sense
2025-08-03T17:47:41Z,95.0,Sense
2025-08-03T17:47:56Z,93.0,Sense
2025-08-03T17:48:01Z,90.0,Sense
2025-08-03T17:48:11Z,91.0,Sense
2025-08-03T17:48:16Z,94.0,Sense
2025-08-03T17:48:21Z,93.0,Sense
2025-08-03T17:48:26Z,92.0,Sense
2025-08-03T17:48:31Z,95.0,Sense
2025-08-03T17:48:36Z,93.0,Sense
2025-08-03T17:48:41Z,95.0,Sense
2025-08-03T17:48:46Z,92.0,Sense
2025-08-03T17:48:51Z,89.0,Sense
2025-08-03T17:48:56Z,87.0,Sense
2025-08-03T17:49:01Z,87.0,Sense
2025-08-03T17:49:11Z,88.0,Sense
2025-08-03T17:49:16Z,88.0,Sense
2025-08-03T17:49:31Z,90.0,Sense
2025-08-03T17:49:36Z,91.0,Sense
2025-08-03T17:49:41Z,90.0,Sense
2025-08-03T17:49:46Z,88.0,Sense
2025-08-03T17:49:56Z,87.0,Sense
2025-08-03T17:50:01Z,88.0,Sense
2025-08-03T17:50:06Z,87.0,Sense
2025-08-03T17:50:21Z,87.0,Sense
2025-08-03T17:50:36Z,87.0,Sense
2025-08-03T17:50:41Z,88.0,Sense
2025-08-03T17:50:46Z,88.0,Sense
2025-08-03T17:50:51Z,89.0,Sense
2025-08-03T17:51:01Z,88.0,Sense
2025-08-03T17:51:16Z,88.0,Sense
2025-08-03T17:51:21Z,89.0,Sense
2025-08-03T17:51:26Z,91.0,Sense
2025-08-03T17:51:31Z,90.0,Sense
2025-08-03T17:51:46Z,90.0,Sense
2025-08-03T17:51:51Z,89.0,Sense
2025-08-03T17:51:56Z,88.0,Sense
2025-08-03T17:52:06Z,87.0,Sense
2025-08-03T17:52:11Z,85.0,Sense
2025-08-03T17:52:21Z,86.0,Sense
2025-08-03T17:52:26Z,86.0,Sense
2025-08-03T17:52:31Z,88.0,Sense
2025-08-03T17:52:36Z,89.0,Sense
2025-08-03T17:52:41Z,89.0,Sense
2025-08-03T17:52:46Z,88.0,Sense
2025-08-03T17:53:01Z,89.0,Sense
2025-08-03T17:53:06Z,90.0,Sense
2025-08-03T17:53:11Z,89.0,Sense
2025-08-03T17:53:16Z,87.0,Sense
2025-08-03T17:53:21Z,88.0,Sense
2025-08-03T17:53:26Z,92.0,Sense
2025-08-03T17:53:31Z,95.0,Sense
2025-08-03T17:53:36Z,92.0,Sense
2025-08-03T17:53:41Z,91.0,Sense
2025-08-03T17:53:46Z,90.0,Sense
2025-08-03T17:53:51Z,93.0,Sense
2025-08-03T17:54:01Z,92.0,Sense
2025-08-03T17:54:06Z,91.0,Sense
2025-08-03T17:54:21Z,91.0,Sense
2025-08-03T17:54:31Z,90.0,Sense
2025-08-03T17:54:41Z,89.0,Sense
2025-08-03T17:54:51Z,90.0,Sense
2025-08-03T17:54:56Z,89.0,Sense
2025-08-03T17:55:01Z,90.0,Sense
2025-08-03T17:55:06Z,90.0,Sense
2025-08-03T17:55:11Z,92.0,Sense
2025-08-03T17:55:16Z,91.0,Sense
2025-08-03T17:55:21Z,91.0,Sense
2025-08-03T17:55:26Z,90.0,Sense
2025-08-03T17:55:41Z,90.0,Sense
2025-08-03T17:55:46Z,92.0,Sense
2025-08-03T17:55:51Z,94.0,Sense
2025-08-03T17:55:56Z,94.0,Sense
2025-08-03T17:56:06Z,95.0,Sense
2025-08-03T17:56:11Z,96.0,Sense
2025-08-03T17:56:16Z,97.0,Sense
2025-08-03T17:56:21Z,94.0,Sense
2025-08-03T17:56:26Z,91.0,Sense
2025-08-03T17:56:31Z,90.0,Sense
2025-08-03T17:56:41Z,91.0,Sense
2025-08-03T17:56:46Z,94.0,Sense
2025-08-03T17:56:51Z,96.0,Sense
2025-08-03T17:57:01Z,93.0,Sense
2025-08-03T17:57:06Z,87.0,Sense
2025-08-03T17:57:11Z,88.0,Sense
2025-08-03T17:57:16Z,91.0,Sense
2025-08-03T17:57:21Z,92.0,Sense
2025-08-03T17:57:26Z,93.0,Sense
2025-08-03T17:57:31Z,95.0,Sense
2025-08-03T17:57:36Z,99.0,Sense
2025-08-03T17:57:41Z,96.0,Sense
2025-08-03T17:57:46Z,95.0,Sense
2025-08-03T17:57:51Z,97.0,Sense
2025-08-03T17:58:06Z,97.0,Sense
2025-08-03T17:58:11Z,99.0,Sense
2025-08-03T17:58:16Z,100.0,Sense
2025-08-03T17:58:21Z,98.0,Sense
2025-08-03T17:58:26Z,97.0,Sense
2025-08-03T17:58:41Z,97.0,Sense
2025-08-03T17:58:51Z,96.0,Sense
2025-08-03T17:59:01Z,96.0,Sense
2025-08-03T17:59:16Z,98.0,Sense
2025-08-03T17:59:21Z,94.0,Sense
2025-08-03T17:59:26Z,94.0,Sense
2025-08-03T17:59:41Z,94.0,Sense
2025-08-03T17:59:56Z,94.0,Sense
2025-08-03T18:00:06Z,96.0,Sense
2025-08-03T18:00:11Z,99.0,Sense
2025-08-03T18:00:16Z,102.0,Sense
2025-08-03T18:00:21Z,100.0,Sense
2025-08-03T18:00:26Z,95.0,Sense
2025-08-03T18:00:36Z,94.0,Sense
2025-08-03T18:00:41Z,95.0,Sense
2025-08-03T18:00:46Z,94.0,Sense
2025-08-03T18:00:51Z,94.0,Sense
2025-08-03T18:01:01Z,96.0,Sense
2025-08-03T18:01:06Z,97.0,Sense
2025-08-03T18:01:16Z,98.0,Sense
2025-08-03T18:01:21Z,98.0,Sense
2025-08-03T18:01:26Z,97.0,Sense
2025-08-03T18:01:31Z,97.0,Sense
2025-08-03T18:01:36Z,95.0,Sense
2025-08-03T18:01:41Z,93.0,Sense
2025-08-03T18:01:46Z,92.0,Sense
2025-08-03T18:01:51Z,90.0,Sense
2025-08-03T18:02:06Z,89.0,Sense
2025-08-03T18:02:11Z,87.0,Sense
2025-08-03T18:02:16Z,89.0,Sense
2025-08-03T18:02:21Z,92.0,Sense
2025-08-03T18:02:26Z,90.0,Sense
2025-08-03T18:02:31Z,88.0,Sense
2025-08-03T18:02:36Z,87.0,Sense
2025-08-03T18:02:41Z,88.0,Sense
2025-08-03T18:02:46Z,90.0,Sense
2025-08-03T18:02:51Z,89.0,Sense
2025-08-03T18:02:56Z,89.0,Sense
2025-08-03T18:03:01Z,89.0,Sense
2025-08-03T18:03:06Z,90.0,Sense
2025-08-03T18:03:11Z,91.0,Sense
2025-08-03T18:03:21Z,90.0,Sense
2025-08-03T18:03:36Z,90.0,Sense
2025-08-03T18:03:41Z,90.0,Sense
2025-08-03T18:03:46Z,91.0,Sense
2025-08-03T18:03:51Z,90.0,Sense
2025-08-03T18:03:56Z,90.0,Sense
2025-08-03T18:04:01Z,90.0,Sense
2025-08-03T18:04:11Z,91.0,Sense
2025-08-03T18:04:16Z,89.0,Sense
2025-08-03T18:04:21Z,88.0,Sense
2025-08-03T18:04:26Z,86.0,Sense
2025-08-03T18:04:31Z,86.0,Sense
2025-08-03T18:04:36Z,88.0,Sense
2025-08-03T18:04:41Z,90.0,Sense
2025-08-03T18:04:46Z,90.0,Sense
2025-08-03T18:04:51Z,91.0,Sense
2025-08-03T18:05:06Z,92.0,Sense
2025-08-03T18:05:11Z,94.0,Sense
2025-08-03T18:05:16Z,96.0,Sense
2025-08-03T18:05:21Z,97.0,Sense
2025-08-03T18:05:26Z,96.0,Sense
2025-08-03T18:05:31Z,96.0,Sense
2025-08-03T18:05:36Z,95.0,Sense
2025-08-03T18:05:41Z,94.0,Sense
2025-08-03T18:05:51Z,93.0,Sense
2025-08-03T18:06:01Z,92.0,Sense
2025-08-03T18:06:06Z,91.0,Sense
2025-08-03T18:06:11Z,94.0,Sense
2025-08-03T18:06:16Z,95.0,Sense
2025-08-03T18:06:21Z,94.0,Sense
2025-08-03T18:06:26Z,93.0,Sense
2025-08-03T18:06:31Z,94.0,Sense
2025-08-03T18:06:46Z,95.0,Sense
2025-08-03T18:06:51Z,96.0,Sense
2025-08-03T18:06:56Z,95.0,Sense
2025-08-03T18:07:01Z,93.0,Sense
2025-08-03T18:07:11Z,94.0,Sense
2025-08-03T18:07:16Z,93.0,Sense
2025-08-03T18:07:21Z,92.0,Sense
2025-08-03T18:07:26Z,91.0,Sense
2025-08-03T18:07:31Z,90.0,Sense
2025-08-03T18:07:41Z,89.0,Sense
2025-08-03T18:07:46Z,88.0,Sense
2025-08-03T18:07:51Z,90.0,Sense
2025-08-03T18:07:56Z,91.0,Sense
2025-08-03T18:08:01Z,90.0,Sense
2025-08-03T18:08:16Z,90.0,Sense
2025-08-03T18:08:21Z,91.0,Sense
2025-08-03T18:08:26Z,90.0,Sense
2025-08-03T18:08:31Z,91.0,Sense
2025-08-03T18:08:36Z,91.0,Sense
2025-08-03T18:08:41Z,93.0,Sense
2025-08-03T18:08:46Z,95.0,Sense
2025-08-03T18:08:51Z,96.0,Sense
2025-08-03T18:09:01Z,93.0,Sense
2025-08-03T18:09:06Z,91.0,Sense
2025-08-03T18:09:11Z,90.0,Sense
2025-08-03T18:09:16Z,90.0,Sense
2025-08-03T18:09:21Z,89.0,Sense
2025-08-03T18:09:26Z,89.0,Sense
2025-08-03T18:09:41Z,88.0,Sense
2025-08-03T18:09:46Z,89.0,Sense
2025-08-03T18:09:51Z,90.0,Sense
2025-08-03T18:09:56Z,91.0,Sense
2025-08-03T18:10:01Z,94.0,Sense
2025-08-03T18:10:06Z,93.0,Sense
2025-08-03T18:10:11Z,89.0,Sense
2025-08-03T18:10:16Z,91.0,Sense
2025-08-03T18:10:21Z,94.0,Sense
2025-08-03T18:10:26Z,96.0,Sense
2025-08-03T18:10:36Z,97.0,Sense
2025-08-03T18:10:46Z,95.0,Sense
2025-08-03T18:10:51Z,96.0,Sense
2025-08-03T18:11:01Z,96.0,Sense
2025-08-03T18:11:11Z,97.0,Sense
2025-08-03T18:11:16Z,95.0,Sense
2025-08-03T18:11:21Z,96.0,Sense
2025-08-03T18:11:26Z,94.0,Sense
2025-08-03T18:11:31Z,90.0,Sense
2025-08-03T18:11:36Z,89.0,Sense
2025-08-03T18:11:41Z,89.0,Sense
2025-08-03T18:11:46Z,90.0,Sense
2025-08-03T18:11:56Z,90.0,Sense
2025-08-03T18:12:01Z,91.0,Sense
2025-08-03T18:12:06Z,93.0,Sense
2025-08-03T18:12:11Z,96.0,Sense
2025-08-03T18:12:16Z,93.0,Sense
2025-08-03T18:12:21Z,92.0,Sense
2025-08-03T18:12:26Z,93.0,Sense
2025-08-03T18:12:41Z,91.0,Sense
2025-08-03T18:12:56Z,91.0,Sense
2025-08-03T18:13:06Z,94.0,Sense
2025-08-03T18:13:11Z,95.0,Sense
2025-08-03T18:13:16Z,96.0,Sense
2025-08-03T18:13:21Z,98.0,Sense
2025-08-03T18:13:31Z,95.0,Sense
2025-08-03T18:13:36Z,93.0,Sense
2025-08-03T18:13:41Z,93.0,Sense
2025-08-03T18:13:46Z,95.0,Sense
2025-08-03T18:13:56Z,94.0,Sense
2025-08-03T18:14:06Z,95.0,Sense
2025-08-03T18:14:11Z,96.0,Sense
2025-08-03T18:14:16Z,96.0,Sense
2025-08-03T18:14:26Z,94.0,Sense
2025-08-03T18:14:31Z,93.0,Sense
2025-08-03T18:14:36Z,94.0,Sense
2025-08-03T18:14:41Z,93.0,Sense
2025-08-03T18:14:46Z,94.0,Sense
2025-08-03T18:14:51Z,95.0,Sense
2025-08-03T18:14:56Z,96.0,Sense
2025-08-03T18:15:01Z,97.0,Sense
2025-08-03T18:15:11Z,96.0,Sense
2025-08-03T18:15:16Z,92.0,Sense
2025-08-03T18:15:21Z,90.0,Sense
2025-08-03T18:15:26Z,88.0,Sense
2025-08-03T18:15:36Z,88.0,Sense
2025-08-03T18:15:41Z,89.0,Sense
2025-08-03T18:15:46Z,91.0,Sense
2025-08-03T18:15:51Z,93.0,Sense
2025-08-03T18:15:56Z,91.0,Sense
2025-08-03T18:16:01Z,90.0,Sense
2025-08-03T18:16:11Z,93.0,Sense
2025-08-03T18:16:21Z,94.0,Sense
2025-08-03T18:16:26Z,94.0,Sense
2025-08-03T18:16:31Z,95.0,Sense
2025-08-03T18:16:36Z,95.0,Sense
2025-08-03T18:16:46Z,96.0,Sense
2025-08-03T18:16:56Z,97.0,Sense
2025-08-03T18:17:01Z,97.0,Sense
2025-08-03T18:17:06Z,97.0,Sense
2025-08-03T18:17:11Z,96.0,Sense
2025-08-03T18:17:16Z,95.0,Sense
2025-08-03T18:17:26Z,93.0,Sense
2025-08-03T18:17:41Z,95.0,Sense
2025-08-03T18:17:46Z,97.0,Sense
2025-08-03T18:17:51Z,99.0,Sense
2025-08-03T18:17:56Z,99.0,Sense
2025-08-03T18:18:01Z,102.0,Sense
2025-08-03T18:18:06Z,103.0,Sense
2025-08-03T18:18:11Z,100.0,Sense
2025-08-03T18:18:16Z,103.0,Sense
2025-08-03T18:18:21Z,99.0,Sense
2025-08-03T18:18:26Z,96.0,Sense
2025-08-03T18:18:31Z,95.0,Sense
2025-08-03T18:18:36Z,95.0,Sense
2025-08-03T18:18:46Z,94.0,Sense
2025-08-03T18:19:01Z,94.0,Sense
2025-08-03T18:19:16Z,93.0,Sense
2025-08-03T18:19:21Z,95.0,Sense
2025-08-03T18:19:26Z,99.0,Sense
2025-08-03T18:19:31Z,98.0,Sense
2025-08-03T18:19:36Z,97.0,Sense
2025-08-03T18:19:41Z,95.0,Sense
2025-08-03T18:19:46Z,98.0,Sense
2025-08-03T18:19:56Z,95.0,Sense
2025-08-03T18:20:01Z,90.0,Sense
2025-08-03T18:20:06Z,91.0,Sense
2025-08-03T18:20:11Z,92.0,Sense
2025-08-03T18:20:16Z,94.0,Sense
2025-08-03T18:20:26Z,93.0,Sense
2025-08-03T18:20:31Z,93.0,Sense
2025-08-03T18:20:36Z,93.0,Sense
2025-08-03T18:20:41Z,95.0,Sense
2025-08-03T18:20:46Z,97.0,Sense
2025-08-03T18:20:51Z,95.0,Sense
2025-08-03T18:20:56Z,91.0,Sense
2025-08-03T18:21:01Z,91.0,Sense
2025-08-03T18:21:06Z,94.0,Sense
2025-08-03T18:21:11Z,97.0,Sense
2025-08-03T18:21:16Z,96.0,Sense
2025-08-03T18:21:26Z,97.0,Sense
2025-08-03T18:21:31Z,97.0,Sense
2025-08-03T18:21:36Z,98.0,Sense
2025-08-03T18:21:46Z,99.0,Sense
2025-08-03T18:21:51Z,100.0,Sense
2025-08-03T18:21:56Z,101.0,Sense
2025-08-03T18:22:01Z,99.0,Sense
2025-08-03T18:22:06Z,98.0,Sense
2025-08-03T18:22:16Z,97.0,Sense
2025-08-03T18:22:26Z,96.0,Sense
2025-08-03T18:22:31Z,92.0,Sense
2025-08-03T18:22:36Z,94.0,Sense
2025-08-03T18:22:41Z,97.0,Sense
2025-08-03T18:22:46Z,98.0,Sense
2025-08-03T18:22:51Z,97.0,Sense
2025-08-03T18:22:56Z,97.0,Sense
2025-08-03T18:23:06Z,95.0,Sense
2025-08-03T18:23:16Z,96.0,Sense
2025-08-03T18:23:21Z,95.0,Sense
2025-08-03T18:23:36Z,96.0,Sense
2025-08-03T18:23:41Z,96.0,Sense
2025-08-03T18:23:46Z,96.0,Sense
2025-08-03T18:24:01Z,97.0,Sense
2025-08-03T18:24:16Z,97.0,Sense
2025-08-03T18:24:21Z,98.0,Sense
2025-08-03T18:24:26Z,99.0,Sense
2025-08-03T18:24:36Z,98.0,Sense
2025-08-03T18:24:41Z,99.0,Sense
2025-08-03T18:24:46Z,98.0,Sense
2025-08-03T18:24:51Z,97.0,Sense
2025-08-03T18:24:56Z,96.0,Sense
2025-08-03T18:25:01Z,94.0,Sense
2025-08-03T18:25:06Z,92.0,Sense
2025-08-03T18:25:16Z,93.0,Sense
2025-08-03T18:25:21Z,95.0,Sense
2025-08-03T18:25:26Z,97.0,Sense
2025-08-03T18:25:36Z,96.0,Sense
2025-08-03T18:25:41Z,95.0,Sense
2025-08-03T18:25:56Z,95.0,Sense
2025-08-03T18:26:11Z,95.0,Sense
2025-08-03T18:26:16Z,96.0,Sense
2025-08-03T18:26:21Z,96.0,Sense
2025-08-03T18:26:26Z,97.0,Sense
2025-08-03T18:26:31Z,97.0,Sense
2025-08-03T18:26:36Z,95.0,Sense
2025-08-03T18:26:41Z,94.0,Sense
2025-08-03T18:26:46Z,93.0,Sense
2025-08-03T18:26:56Z,92.0,Sense
2025-08-03T18:27:01Z,91.0,Sense
2025-08-03T18:27:11Z,92.0,Sense
2025-08-03T18:27:16Z,94.0,Sense
2025-08-03T18:27:21Z,95.0,Sense
2025-08-03T18:27:26Z,92.0,Sense
2025-08-03T18:27:31Z,90.0,Sense
2025-08-03T18:27:46Z,91.0,Sense
2025-08-03T18:27:56Z,92.0,Sense
2025-08-03T18:28:06Z,93.0,Sense
2025-08-03T18:28:11Z,94.0,Sense
2025-08-03T18:28:21Z,93.0,Sense
2025-08-03T18:28:26Z,96.0,Sense
2025-08-03T18:28:41Z,93.0,Sense
2025-08-03T18:28:46Z,92.0,Sense
2025-08-03T18:28:51Z,93.0,Sense
2025-08-03T18:29:01Z,91.0,Sense
2025-08-03T18:29:16Z,93.0,Sense
2025-08-03T18:29:21Z,95.0,Sense
2025-08-03T18:29:26Z,96.0,Sense
2025-08-03T18:29:31Z,95.0,Sense
2025-08-03T18:29:36Z,93.0,Sense
2025-08-03T18:29:41Z,91.0,Sense
2025-08-03T18:29:46Z,93.0,Sense
2025-08-03T18:29:51Z,94.0,Sense
2025-08-03T18:29:56Z,93.0,Sense
2025-08-03T18:30:06Z,95.0,Sense
2025-08-03T18:30:16Z,96.0,Sense
2025-08-03T18:30:21Z,96.0,Sense
2025-08-03T18:30:26Z,95.0,Sense
2025-08-03T18:30:31Z,93.0,Sense
2025-08-03T18:30:46Z,93.0,Sense
2025-08-03T18:31:01Z,93.0,Sense
2025-08-03T18:31:11Z,92.0,Sense
2025-08-03T18:31:16Z,95.0,Sense
2025-08-03T18:31:21Z,94.0,Sense
2025-08-03T18:31:31Z,95.0,Sense
2025-08-03T18:31:36Z,94.0,Sense
2025-08-03T18:31:51Z,92.0,Sense
2025-08-03T18:31:56Z,92.0,Sense
2025-08-03T18:32:01Z,90.0,Sense
2025-08-03T18:32:06Z,89.0,Sense
2025-08-03T18:32:11Z,86.0,Sense
2025-08-03T18:32:16Z,91.0,Sense
2025-08-03T18:32:21Z,94.0,Sense
2025-08-03T18:32:31Z,93.0,Sense
2025-08-03T18:32:36Z,92.0,Sense
2025-08-03T18:32:46Z,93.0,Sense
2025-08-03T18:32:51Z,95.0,Sense
2025-08-03T18:32:56Z,95.0,Sense
2025-08-03T18:33:01Z,94.0,Sense
2025-08-03T18:33:11Z,95.0,Sense
2025-08-03T18:33:21Z,94.0,Sense
2025-08-03T18:33:26Z,94.0,Sense
2025-08-03T18:33:31Z,95.0,Sense
2025-08-03T18:33:46Z,97.0,Sense
2025-08-03T18:33:51Z,98.0,Sense
2025-08-03T18:33:56Z,96.0,Sense
2025-08-03T18:34:01Z,93.0,Sense
2025-08-03T18:34:11Z,92.0,Sense
2025-08-03T18:34:26Z,93.0,Sense
2025-08-03T18:34:31Z,96.0,Sense
2025-08-03T18:34:36Z,97.0,Sense
2025-08-03T18:34:46Z,97.0,Sense
2025-08-03T18:34:51Z,98.0,Sense
2025-08-03T18:34:56Z,97.0,Sense
2025-08-03T18:35:01Z,96.0,Sense
2025-08-03T18:35:11Z,95.0,Sense
2025-08-03T18:35:16Z,95.0,Sense
2025-08-03T18:35:21Z,95.0,Sense
2025-08-03T18:35:26Z,97.0,Sense
2025-08-03T18:35:36Z,96.0,Sense
2025-08-03T18:35:46Z,97.0,Sense
2025-08-03T18:35:51Z,98.0,Sense
2025-08-03T18:35:56Z,97.0,Sense
2025-08-03T18:36:06Z,97.0,Sense
2025-08-03T18:36:11Z,96.0,Sense
2025-08-03T18:36:16Z,97.0,Sense
2025-08-03T18:36:21Z,98.0,Sense
2025-08-03T18:36:31Z,99.0,Sense
2025-08-03T18:36:36Z,102.0,Sense
2025-08-03T18:36:41Z,101.0,Sense
2025-08-03T18:36:46Z,97.0,Sense
2025-08-03T18:36:51Z,96.0,Sense
2025-08-03T18:36:56Z,98.0,Sense
2025-08-03T18:37:01Z,100.0,Sense
2025-08-03T18:37:11Z,101.0,Sense
2025-08-03T18:37:16Z,96.0,Sense
2025-08-03T18:37:21Z,93.0,Sense
2025-08-03T18:37:31Z,95.0,Sense
2025-08-03T18:37:36Z,98.0,Sense
2025-08-03T18:37:41Z,96.0,Sense
2025-08-03T18:37:46Z,95.0,Sense
2025-08-03T18:37:51Z,96.0,Sense
2025-08-03T18:37:56Z,100.0,Sense
2025-08-03T18:38:01Z,101.0,Sense
2025-08-03T18:38:06Z,100.0,Sense
2025-08-03T18:38:11Z,98.0,Sense
2025-08-03T18:38:16Z,99.0,Sense
2025-08-03T18:38:21Z,98.0,Sense
2025-08-03T18:38:26Z,97.0,Sense
2025-08-03T18:38:31Z,98.0,Sense
2025-08-03T18:38:36Z,97.0,Sense
2025-08-03T18:38:41Z,97.0,Sense
2025-08-03T18:38:46Z,98.0,Sense
2025-08-03T18:38:51Z,100.0,Sense
2025-08-03T18:38:56Z,100.0,Sense
2025-08-03T18:39:01Z,97.0,Sense
2025-08-03T18:39:06Z,96.0,Sense
2025-08-03T18:39:11Z,97.0,Sense
2025-08-03T18:39:16Z,98.0,Sense
2025-08-03T18:39:21Z,99.0,Sense
2025-08-03T18:39:26Z,98.0,Sense
2025-08-03T18:39:41Z,98.0,Sense
2025-08-03T18:39:46Z,99.0,Sense
2025-08-03T18:39:56Z,98.0,Sense
2025-08-03T18:40:01Z,97.0,Sense
2025-08-03T18:40:06Z,96.0,Sense
2025-08-03T18:40:16Z,97.0,Sense
2025-08-03T18:40:26Z,97.0,Sense
2025-08-03T18:40:31Z,99.0,Sense
2025-08-03T18:40:36Z,103.0,Sense
2025-08-03T18:40:41Z,102.0,Sense
2025-08-03T18:40:46Z,100.0,Sense
2025-08-03T18:40:51Z,102.0,Sense
2025-08-03T18:40:56Z,101.0,Sense
2025-08-03T18:41:01Z,100.0,Sense
2025-08-03T18:41:06Z,96.0,Sense
2025-08-03T18:41:11Z,94.0,Sense
2025-08-03T18:41:16Z,95.0,Sense
2025-08-03T18:41:21Z,95.0,Sense
2025-08-03T18:41:26Z,96.0,Sense
2025-08-03T18:41:31Z,97.0,Sense
2025-08-03T18:41:46Z,97.0,Sense
2025-08-03T18:41:51Z,95.0,Sense
2025-08-03T18:41:56Z,94.0,Sense
2025-08-03T18:42:01Z,93.0,Sense
2025-08-03T18:42:06Z,91.0,Sense
2025-08-03T18:42:11Z,94.0,Sense
2025-08-03T18:42:16Z,95.0,Sense
2025-08-03T18:42:21Z,93.0,Sense
2025-08-03T18:42:26Z,92.0,Sense
2025-08-03T18:42:31Z,94.0,Sense
2025-08-03T18:42:36Z,97.0,Sense
2025-08-03T18:42:41Z,98.0,Sense
2025-08-03T18:42:46Z,97.0,Sense
2025-08-03T18:42:51Z,96.0,Sense
2025-08-03T18:42:56Z,97.0,Sense
2025-08-03T18:43:01Z,98.0,Sense
2025-08-03T18:43:11Z,97.0,Sense
2025-08-03T18:43:26Z,97.0,Sense
2025-08-03T18:43:31Z,96.0,Sense
2025-08-03T18:43:41Z,95.0,Sense
2025-08-03T18:43:46Z,94.0,Sense
2025-08-03T18:44:01Z,94.0,Sense
2025-08-03T18:44:06Z,93.0,Sense
2025-08-03T18:44:21Z,94.0,Sense
2025-08-03T18:44:26Z,94.0,Sense
2025-08-03T18:44:31Z,95.0,Sense
2025-08-03T18:44:36Z,96.0,Sense
2025-08-03T18:44:51Z,97.0,Sense
2025-08-03T18:44:56Z,98.0,Sense
2025-08-03T18:45:01Z,97.0,Sense
2025-08-03T18:45:06Z,96.0,Sense
2025-08-03T18:45:11Z,97.0,Sense
2025-08-03T18:45:16Z,95.0,Sense
2025-08-03T18:45:21Z,96.0,Sense
2025-08-03T18:45:26Z,97.0,Sense
2025-08-03T18:45:36Z,96.0,Sense
2025-08-03T18:45:46Z,97.0,Sense
2025-08-03T18:45:51Z,98.0,Sense
2025-08-03T18:45:56Z,99.0,Sense
2025-08-03T18:46:01Z,100.0,Sense
2025-08-03T18:46:06Z,98.0,Sense
2025-08-03T18:46:11Z,97.0,Sense
2025-08-03T18:46:21Z,98.0,Sense
2025-08-03T18:46:26Z,98.0,Sense
2025-08-03T18:46:31Z,97.0,Sense
2025-08-03T18:46:36Z,98.0,Sense
2025-08-03T18:46:41Z,99.0,Sense
2025-08-03T18:46:51Z,98.0,Sense
2025-08-03T18:46:56Z,97.0,Sense
2025-08-03T18:47:01Z,97.0,Sense
2025-08-03T18:47:16Z,99.0,Sense
2025-08-03T18:47:21Z,99.0,Sense
2025-08-03T18:47:31Z,98.0,Sense
2025-08-03T18:47:46Z,98.0,Sense
2025-08-03T18:47:51Z,97.0,Sense
2025-08-03T18:47:56Z,96.0,Sense
2025-08-03T18:48:06Z,95.0,Sense
2025-08-03T18:48:21Z,95.0,Sense
2025-08-03T18:48:26Z,96.0,Sense
2025-08-03T18:48:31Z,96.0,Sense
2025-08-03T18:48:36Z,95.0,Sense
2025-08-03T18:48:51Z,95.0,Sense
2025-08-03T18:48:56Z,96.0,Sense
2025-08-03T18:49:01Z,95.0,Sense
2025-08-03T18:49:06Z,95.0,Sense
2025-08-03T18:49:11Z,96.0,Sense
2025-08-03T18:49:21Z,96.0,Sense
2025-08-03T18:49:31Z,95.0,Sense
2025-08-03T18:49:36Z,96.0,Sense
2025-08-03T18:49:51Z,96.0,Sense
2025-08-03T18:50:01Z,95.0,Sense
2025-08-03T18:50:06Z,94.0,Sense
2025-08-03T18:50:11Z,96.0,Sense
2025-08-03T18:50:16Z,97.0,Sense
2025-08-03T18:50:26Z,95.0,Sense
2025-08-03T18:50:31Z,93.0,Sense
2025-08-03T18:50:36Z,92.0,Sense
2025-08-03T18:50:51Z,92.0,Sense
2025-08-03T18:50:56Z,93.0,Sense
2025-08-03T18:51:06Z,93.0,Sense
2025-08-03T18:51:11Z,93.0,Sense
2025-08-03T18:51:16Z,94.0,Sense
2025-08-03T18:51:31Z,94.0,Sense
2025-08-03T18:51:46Z,95.0,Sense
2025-08-03T18:52:01Z,96.0,Sense
2025-08-03T18:52:06Z,95.0,Sense
2025-08-03T18:52:21Z,95.0,Sense
2025-08-03T18:52:26Z,94.0,Sense
2025-08-03T18:52:41Z,94.0,Sense
2025-08-03T18:52:51Z,95.0,Sense
2025-08-03T18:53:01Z,96.0,Sense
2025-08-03T18:53:06Z,94.0,Sense
2025-08-03T18:53:11Z,93.0,Sense
2025-08-03T18:53:16Z,92.0,Sense
2025-08-03T18:53:21Z,93.0,Sense
2025-08-03T18:53:26Z,92.0,Sense
2025-08-03T18:53:31Z,96.0,Sense
2025-08-03T18:53:36Z,97.0,Sense
2025-08-03T18:53:41Z,95.0,Sense
2025-08-03T18:53:46Z,94.0,Sense
2025-08-03T18:53:56Z,95.0,Sense
2025-08-03T18:54:11Z,95.0,Sense
2025-08-03T18:54:21Z,95.0,Sense
2025-08-03T18:54:26Z,96.0,Sense
2025-08-03T18:54:31Z,98.0,Sense
2025-08-03T18:54:36Z,98.0,Sense
2025-08-03T18:54:46Z,98.0,Sense
2025-08-03T18:54:51Z,97.0,Sense
2025-08-03T18:54:56Z,95.0,Sense
2025-08-03T18:55:01Z,94.0,Sense
2025-08-03T18:55:06Z,95.0,Sense
2025-08-03T18:55:11Z,97.0,Sense
2025-08-03T18:55:21Z,96.0,Sense
2025-08-03T18:55:26Z,94.0,Sense
2025-08-03T18:55:31Z,93.0,Sense
2025-08-03T18:55:41Z,97.0,Sense
2025-08-03T18:55:46Z,100.0,Sense
2025-08-03T18:55:51Z,99.0,Sense
2025-08-03T18:56:01Z,97.0,Sense
2025-08-03T18:56:06Z,95.0,Sense
2025-08-03T18:56:11Z,93.0,Sense
2025-08-03T18:56:16Z,93.0,Sense
2025-08-03T18:56:31Z,93.0,Sense
2025-08-03T18:56:46Z,93.0,Sense
2025-08-03T18:56:51Z,95.0,Sense
2025-08-03T18:56:56Z,97.0,Sense
2025-08-03T18:57:01Z,94.0,Sense
2025-08-03T18:57:06Z,95.0,Sense
2025-08-03T18:57:11Z,94.0,Sense
2025-08-03T18:57:21Z,95.0,Sense
2025-08-03T18:57:26Z,96.0,Sense
2025-08-03T18:57:31Z,97.0,Sense
2025-08-03T18:57:36Z,96.0,Sense
2025-08-03T18:57:41Z,96.0,Sense
2025-08-03T18:57:46Z,95.0,Sense
2025-08-03T18:57:56Z,97.0,Sense
2025-08-03T18:58:01Z,98.0,Sense
2025-08-03T18:58:06Z,97.0,Sense
2025-08-03T18:58:11Z,94.0,Sense
2025-08-03T18:58:16Z,92.0,Sense
2025-08-03T18:58:21Z,95.0,Sense
2025-08-03T18:58:26Z,98.0,Sense
2025-08-03T18:58:31Z,100.0,Sense
2025-08-03T18:58:36Z,103.0,Sense
2025-08-03T18:58:41Z,99.0,Sense
2025-08-03T18:58:46Z,98.0,Sense
2025-08-03T18:58:51Z,94.0,Sense
2025-08-03T18:58:56Z,87.0,Sense
2025-08-03T18:59:01Z,83.0,Sense
2025-08-03T18:59:06Z,86.0,Sense
2025-08-03T18:59:11Z,89.0,Sense
2025-08-03T18:59:16Z,90.0,Sense
2025-08-03T18:59:21Z,88.0,Sense
2025-08-03T18:59:26Z,86.0,Sense
2025-08-03T18:59:31Z,86.0,Sense
2025-08-03T18:59:36Z,87.0,Sense
2025-08-03T18:59:41Z,88.0,Sense
2025-08-03T18:59:46Z,89.0,Sense
2025-08-03T18:59:51Z,90.0,Sense
2025-08-03T18:59:56Z,90.0,Sense
2025-08-03T19:00:01Z,90.0,Sense
2025-08-03T19:00:06Z,92.0,Sense
2025-08-03T19:00:11Z,94.0,Sense
2025-08-03T19:00:16Z,96.0,Sense
2025-08-03T19:00:21Z,96.0,Sense
2025-08-03T19:00:26Z,96.0,Sense
2025-08-03T19:00:31Z,96.0,Sense
2025-08-03T19:00:36Z,95.0,Sense
2025-08-03T19:00:41Z,93.0,Sense
2025-08-03T19:00:46Z,93.0,Sense
2025-08-03T19:00:56Z,93.0,Sense
2025-08-03T19:01:01Z,94.0,Sense
2025-08-03T19:01:06Z,95.0,Sense
2025-08-03T19:01:11Z,97.0,Sense
2025-08-03T19:01:16Z,95.0,Sense
2025-08-03T19:01:21Z,94.0,Sense
2025-08-03T19:01:26Z,92.0,Sense
2025-08-03T19:01:36Z,93.0,Sense
2025-08-03T19:01:41Z,95.0,Sense
2025-08-03T19:01:46Z,97.0,Sense
2025-08-03T19:01:51Z,96.0,Sense
2025-08-03T19:01:56Z,93.0,Sense
2025-08-03T19:02:01Z,92.0,Sense
2025-08-03T19:02:16Z,91.0,Sense
2025-08-03T19:02:31Z,90.0,Sense
2025-08-03T19:02:36Z,90.0,Sense
2025-08-03T19:02:41Z,90.0,Sense
2025-08-03T19:02:46Z,88.0,Sense
2025-08-03T19:02:56Z,90.0,Sense
2025-08-03T19:03:01Z,92.0,Sense
2025-08-03T19:03:06Z,93.0,Sense
2025-08-03T19:03:11Z,92.0,Sense
2025-08-03T19:03:16Z,93.0,Sense
2025-08-03T19:03:26Z,93.0,Sense
2025-08-03T19:03:36Z,95.0,Sense
2025-08-03T19:03:41Z,96.0,Sense
2025-08-03T19:03:51Z,95.0,Sense
2025-08-03T19:03:56Z,94.0,Sense
2025-08-03T19:04:01Z,93.0,Sense
2025-08-03T19:04:06Z,95.0,Sense
2025-08-03T19:04:11Z,97.0,Sense
2025-08-03T19:04:21Z,99.0,Sense
2025-08-03T19:04:31Z,96.0,Sense
2025-08-03T19:04:41Z,96.0,Sense
2025-08-03T19:04:51Z,95.0,Sense
2025-08-03T19:04:56Z,93.0,Sense
2025-08-03T19:05:01Z,91.0,Sense
2025-08-03T19:05:16Z,92.0,Sense
2025-08-03T19:05:21Z,93.0,Sense
2025-08-03T19:05:36Z,93.0,Sense
2025-08-03T19:05:41Z,93.0,Sense
2025-08-03T19:05:46Z,91.0,Sense
2025-08-03T19:05:51Z,89.0,Sense
2025-08-03T19:05:56Z,89.0,Sense
2025-08-03T19:06:11Z,89.0,Sense
2025-08-03T19:06:16Z,87.0,Sense
2025-08-03T19:06:26Z,87.0,Sense
2025-08-03T19:06:31Z,88.0,Sense
2025-08-03T19:06:36Z,91.0,Sense
2025-08-03T19:06:41Z,92.0,Sense
2025-08-03T19:06:51Z,93.0,Sense
2025-08-03T19:06:56Z,94.0,Sense
2025-08-03T19:07:01Z,93.0,Sense
2025-08-03T19:07:06Z,92.0,Sense
2025-08-03T19:07:21Z,92.0,Sense
2025-08-03T19:07:26Z,92.0,Sense
2025-08-03T19:07:41Z,94.0,Sense
2025-08-03T19:07:46Z,96.0,Sense
2025-08-03T19:07:51Z,97.0,Sense
2025-08-03T19:07:56Z,98.0,Sense
2025-08-03T19:08:01Z,96.0,Sense
2025-08-03T19:08:06Z,92.0,Sense
2025-08-03T19:08:11Z,92.0,Sense
2025-08-03T19:08:16Z,93.0,Sense
2025-08-03T19:08:21Z,91.0,Sense
2025-08-03T19:08:26Z,90.0,Sense
2025-08-03T19:08:31Z,88.0,Sense
2025-08-03T19:08:36Z,88.0,Sense
2025-08-03T19:08:41Z,89.0,Sense
2025-08-03T19:08:46Z,89.0,Sense
2025-08-03T19:08:51Z,90.0,Sense
2025-08-03T19:08:56Z,89.0,Sense
2025-08-03T19:09:11Z,91.0,Sense
2025-08-03T19:09:16Z,93.0,Sense
2025-08-03T19:09:26Z,92.0,Sense
2025-08-03T19:09:36Z,93.0,Sense
2025-08-03T19:09:41Z,94.0,Sense
2025-08-03T19:09:46Z,96.0,Sense
2025-08-03T19:09:51Z,97.0,Sense
2025-08-03T19:09:57Z,97.0,Sense
2025-08-03T19:10:02Z,97.0,Sense
2025-08-03T19:10:17Z,97.0,Sense
2025-08-03T19:10:27Z,96.0,Sense
2025-08-03T19:10:37Z,97.0,Sense
2025-08-03T19:10:42Z,100.0,Sense
2025-08-03T19:10:47Z,104.0,Sense
2025-08-03T19:10:52Z,110.0,Sense
2025-08-03T19:10:57Z,104.0,Sense
2025-08-03T19:11:02Z,102.0,Sense
2025-08-03T19:11:07Z,105.0,Sense
2025-08-03T19:11:12Z,102.0,Sense
2025-08-03T19:11:17Z,98.0,Sense
2025-08-03T19:11:22Z,97.0,Sense
2025-08-03T19:11:27Z,95.0,Sense
2025-08-03T19:11:32Z,96.0,Sense
2025-08-03T19:11:42Z,95.0,Sense
2025-08-03T19:11:52Z,93.0,Sense
2025-08-03T19:11:57Z,94.0,Sense
2025-08-03T19:12:12Z,96.0,Sense
2025-08-03T19:12:17Z,96.0,Sense
2025-08-03T19:12:22Z,98.0,Sense
2025-08-03T19:12:32Z,99.0,Sense
2025-08-03T19:12:37Z,98.0,Sense
2025-08-03T19:12:42Z,99.0,Sense
2025-08-03T19:12:47Z,98.0,Sense
2025-08-03T19:12:52Z,97.0,Sense
2025-08-03T19:12:57Z,96.0,Sense
2025-08-03T19:13:07Z,97.0,Sense
2025-08-03T19:13:12Z,98.0,Sense
2025-08-03T19:13:17Z,99.0,Sense
2025-08-03T19:13:22Z,98.0,Sense
2025-08-03T19:13:27Z,98.0,Sense
2025-08-03T19:13:32Z,96.0,Sense
2025-08-03T19:13:37Z,97.0,Sense
2025-08-03T19:13:42Z,98.0,Sense
2025-08-03T19:13:47Z,97.0,Sense
2025-08-03T19:14:02Z,98.0,Sense
2025-08-03T19:14:17Z,98.0,Sense
2025-08-03T19:14:22Z,99.0,Sense
2025-08-03T19:14:27Z,101.0,Sense
2025-08-03T19:14:32Z,99.0,Sense
2025-08-03T19:14:37Z,96.0,Sense
2025-08-03T19:14:47Z,97.0,Sense
2025-08-03T19:14:57Z,96.0,Sense
2025-08-03T19:15:12Z,93.0,Sense
2025-08-03T19:15:17Z,92.0,Sense
2025-08-03T19:15:22Z,92.0,Sense
2025-08-03T19:15:32Z,93.0,Sense
2025-08-03T19:15:42Z,92.0,Sense
2025-08-03T19:15:47Z,93.0,Sense
2025-08-03T19:15:52Z,95.0,Sense
2025-08-03T19:15:57Z,97.0,Sense
2025-08-03T19:16:12Z,98.0,Sense
2025-08-03T19:16:17Z,99.0,Sense
2025-08-03T19:16:22Z,98.0,Sense
2025-08-03T19:16:32Z,95.0,Sense
2025-08-03T19:16:37Z,92.0,Sense
2025-08-03T19:16:42Z,94.0,Sense
2025-08-03T19:16:57Z,92.0,Sense
2025-08-03T19:17:02Z,93.0,Sense
2025-08-03T19:17:07Z,97.0,Sense
2025-08-03T19:17:12Z,100.0,Sense
2025-08-03T19:17:17Z,101.0,Sense
2025-08-03T19:17:27Z,100.0,Sense
2025-08-03T19:17:32Z,98.0,Sense
2025-08-03T19:17:37Z,97.0,Sense
2025-08-03T19:17:42Z,96.0,Sense
2025-08-03T19:17:47Z,97.0,Sense
2025-08-03T19:17:52Z,101.0,Sense
2025-08-03T19:17:57Z,104.0,Sense
2025-08-03T19:18:02Z,99.0,Sense
2025-08-03T19:18:07Z,97.0,Sense
2025-08-03T19:18:17Z,100.0,Sense
2025-08-03T19:18:27Z,103.0,Sense
2025-08-03T19:18:37Z,102.0,Sense
2025-08-03T19:18:42Z,103.0,Sense
2025-08-03T19:18:47Z,105.0,Sense
2025-08-03T19:18:52Z,106.0,Sense
2025-08-03T19:19:02Z,105.0,Sense
2025-08-03T19:19:07Z,106.0,Sense
2025-08-03T19:19:12Z,108.0,Sense
2025-08-03T19:19:17Z,107.0,Sense
2025-08-03T19:19:22Z,105.0,Sense
2025-08-03T19:19:27Z,106.0,Sense
2025-08-03T19:19:32Z,105.0,Sense
2025-08-03T19:19:37Z,104.0,Sense
2025-08-03T19:19:42Z,105.0,Sense
2025-08-03T19:19:47Z,106.0,Sense
2025-08-03T19:19:52Z,108.0,Sense
2025-08-03T19:20:02Z,109.0,Sense
2025-08-03T19:20:07Z,110.0,Sense
2025-08-03T19:20:12Z,108.0,Sense
2025-08-03T19:20:17Z,107.0,Sense
2025-08-03T19:20:22Z,106.0,Sense
2025-08-03T19:20:27Z,107.0,Sense
2025-08-03T19:20:32Z,104.0,Sense
2025-08-03T19:20:37Z,98.0,Sense
2025-08-03T19:20:42Z,100.0,Sense
2025-08-03T19:20:52Z,98.0,Sense
2025-08-03T19:20:57Z,95.0,Sense
2025-08-03T19:21:02Z,97.0,Sense
2025-08-03T19:21:07Z,100.0,Sense
2025-08-03T19:21:12Z,104.0,Sense
2025-08-03T19:21:20Z,104.0,Sense
2025-08-03T19:21:30Z,103.0,Sense
2025-08-03T19:21:35Z,104.0,Sense
2025-08-03T19:21:40Z,102.0,Sense
2025-08-03T19:21:45Z,103.0,Sense
2025-08-03T19:21:50Z,101.0,Sense
2025-08-03T19:21:55Z,97.0,Sense
2025-08-03T19:22:00Z,93.0,Sense
2025-08-03T19:22:05Z,91.0,Sense
2025-08-03T19:22:15Z,92.0,Sense
2025-08-03T19:22:25Z,93.0,Sense
2025-08-03T19:22:30Z,92.0,Sense
2025-08-03T19:22:35Z,91.0,Sense
2025-08-03T19:22:40Z,89.0,Sense
2025-08-03T19:22:45Z,86.0,Sense
2025-08-03T19:22:55Z,88.0,Sense
2025-08-03T19:23:00Z,85.0,Sense
2025-08-03T19:23:10Z,86.0,Sense
2025-08-03T19:23:15Z,84.0,Sense
2025-08-03T19:23:20Z,83.0,Sense
2025-08-03T19:23:25Z,81.0,Sense
2025-08-03T19:23:30Z,79.0,Sense
2025-08-03T19:23:35Z,80.0,Sense
2025-08-03T19:23:40Z,81.0,Sense
2025-08-03T19:23:45Z,83.0,Sense
2025-08-03T19:23:50Z,82.0,Sense
2025-08-03T19:23:55Z,85.0,Sense
2025-08-03T19:24:00Z,71.0,Sense
2025-08-03T19:24:10Z,68.0,Sense
2025-08-03T19:24:20Z,79.0,Sense
2025-08-03T19:24:25Z,81.0,Sense
2025-08-03T21:04:54Z,83.0,Sense
2025-08-03T21:05:04Z,82.0,Sense
2025-08-03T21:05:09Z,84.0,Sense
2025-08-03T21:05:14Z,86.0,Sense
2025-08-03T21:05:24Z,87.0,Sense
2025-08-03T21:05:29Z,86.0,Sense
2025-08-03T21:05:34Z,82.0,Sense
2025-08-03T21:05:39Z,81.0,Sense
2025-08-03T21:05:44Z,83.0,Sense
2025-08-03T21:05:49Z,80.0,Sense
2025-08-03T21:05:54Z,79.0,Sense
2025-08-03T21:06:09Z,79.0,Sense
2025-08-03T21:06:14Z,80.0,Sense
2025-08-03T21:06:19Z,81.0,Sense
2025-08-03T21:06:24Z,82.0,Sense
2025-08-03T21:06:29Z,79.0,Sense
2025-08-03T21:06:34Z,82.0,Sense
2025-08-03T21:06:39Z,83.0,Sense
2025-08-03T21:06:44Z,84.0,Sense
2025-08-03T21:06:49Z,83.0,Sense
2025-08-03T21:06:54Z,80.0,Sense
2025-08-03T21:06:59Z,82.0,Sense
2025-08-03T21:07:04Z,83.0,Sense
2025-08-03T21:07:09Z,84.0,Sense
2025-08-03T21:07:14Z,83.0,Sense
2025-08-03T21:07:29Z,84.0,Sense
2025-08-03T21:07:34Z,88.0,Sense
2025-08-03T21:07:39Z,90.0,Sense
2025-08-03T21:07:44Z,88.0,Sense
2025-08-03T21:07:49Z,87.0,Sense
2025-08-03T21:07:54Z,84.0,Sense
2025-08-03T21:07:59Z,85.0,Sense
2025-08-03T21:08:04Z,90.0,Sense
2025-08-03T21:08:09Z,91.0,Sense
2025-08-03T21:08:14Z,90.0,Sense
2025-08-03T21:08:19Z,91.0,Sense
2025-08-03T21:08:24Z,90.0,Sense
2025-08-03T21:08:29Z,89.0,Sense
2025-08-03T21:08:34Z,87.0,Sense
2025-08-03T21:08:39Z,85.0,Sense
2025-08-03T21:08:44Z,84.0,Sense
2025-08-03T21:08:49Z,85.0,Sense
2025-08-03T21:08:54Z,84.0,Sense
2025-08-03T21:08:59Z,85.0,Sense
