timestamp,beats per minute,data source
2025-07-18T00:00:07Z,85.0,Sense
2025-07-18T00:00:12Z,84.0,Sense
2025-07-18T00:00:22Z,86.0,Sense
2025-07-18T00:00:37Z,86.0,Sense
2025-07-18T00:00:47Z,87.0,Sense
2025-07-18T00:00:52Z,86.0,Sense
2025-07-18T00:00:57Z,88.0,Sense
2025-07-18T00:01:02Z,93.0,Sense
2025-07-18T00:01:07Z,94.0,Sense
2025-07-18T00:01:12Z,93.0,Sense
2025-07-18T00:01:17Z,92.0,Sense
2025-07-18T00:01:22Z,92.0,Sense
2025-07-18T00:01:27Z,91.0,Sense
2025-07-18T00:01:37Z,90.0,Sense
2025-07-18T00:01:52Z,96.0,Sense
2025-07-18T00:01:57Z,95.0,Sense
2025-07-18T00:02:02Z,94.0,Sense
2025-07-18T00:02:07Z,88.0,Sense
2025-07-18T00:02:12Z,85.0,Sense
2025-07-18T00:02:27Z,85.0,Sense
2025-07-18T00:02:42Z,85.0,Sense
2025-07-18T00:02:52Z,86.0,Sense
2025-07-18T00:03:02Z,87.0,Sense
2025-07-18T00:03:07Z,88.0,Sense
2025-07-18T00:03:22Z,87.0,Sense
2025-07-18T00:03:27Z,88.0,Sense
2025-07-18T00:03:32Z,90.0,Sense
2025-07-18T00:03:37Z,91.0,Sense
2025-07-18T00:03:42Z,91.0,Sense
2025-07-18T00:03:47Z,89.0,Sense
2025-07-18T00:04:02Z,87.0,Sense
2025-07-18T00:04:17Z,86.0,Sense
2025-07-18T00:04:22Z,85.0,Sense
2025-07-18T00:04:32Z,86.0,Sense
2025-07-18T00:04:42Z,87.0,Sense
2025-07-18T00:04:57Z,87.0,Sense
2025-07-18T00:05:07Z,87.0,Sense
2025-07-18T00:05:17Z,86.0,Sense
2025-07-18T00:05:27Z,85.0,Sense
2025-07-18T00:05:32Z,84.0,Sense
2025-07-18T00:05:47Z,83.0,Sense
2025-07-18T00:05:57Z,84.0,Sense
2025-07-18T00:06:12Z,85.0,Sense
2025-07-18T00:06:27Z,86.0,Sense
2025-07-18T00:06:32Z,84.0,Sense
2025-07-18T00:06:37Z,85.0,Sense
2025-07-18T00:06:47Z,83.0,Sense
2025-07-18T00:07:02Z,83.0,Sense
2025-07-18T00:07:07Z,84.0,Sense
2025-07-18T00:07:12Z,84.0,Sense
2025-07-18T00:07:17Z,83.0,Sense
2025-07-18T00:07:27Z,82.0,Sense
2025-07-18T00:07:32Z,83.0,Sense
2025-07-18T00:07:37Z,84.0,Sense
2025-07-18T00:07:42Z,85.0,Sense
2025-07-18T00:07:47Z,84.0,Sense
2025-07-18T00:07:52Z,85.0,Sense
2025-07-18T00:07:57Z,84.0,Sense
2025-07-18T00:08:12Z,83.0,Sense
2025-07-18T00:08:17Z,84.0,Sense
2025-07-18T00:08:22Z,85.0,Sense
2025-07-18T00:08:27Z,86.0,Sense
2025-07-18T00:08:37Z,85.0,Sense
2025-07-18T00:08:42Z,81.0,Sense
2025-07-18T00:08:52Z,82.0,Sense
2025-07-18T00:09:07Z,82.0,Sense
2025-07-18T00:09:17Z,83.0,Sense
2025-07-18T00:09:27Z,84.0,Sense
2025-07-18T00:09:32Z,83.0,Sense
2025-07-18T00:09:47Z,83.0,Sense
2025-07-18T00:10:02Z,82.0,Sense
2025-07-18T00:10:17Z,82.0,Sense
2025-07-18T00:10:22Z,84.0,Sense
2025-07-18T00:10:32Z,86.0,Sense
2025-07-18T00:10:37Z,84.0,Sense
2025-07-18T00:10:42Z,83.0,Sense
2025-07-18T00:10:47Z,80.0,Sense
2025-07-18T00:11:02Z,81.0,Sense
2025-07-18T00:11:12Z,80.0,Sense
2025-07-18T00:11:17Z,78.0,Sense
2025-07-18T00:11:22Z,79.0,Sense
2025-07-18T00:11:37Z,80.0,Sense
2025-07-18T00:11:42Z,81.0,Sense
2025-07-18T00:11:52Z,80.0,Sense
2025-07-18T00:11:57Z,80.0,Sense
2025-07-18T00:12:12Z,80.0,Sense
2025-07-18T00:12:22Z,80.0,Sense
2025-07-18T00:12:37Z,80.0,Sense
2025-07-18T00:12:47Z,81.0,Sense
2025-07-18T00:12:52Z,82.0,Sense
2025-07-18T00:12:57Z,83.0,Sense
2025-07-18T00:13:02Z,84.0,Sense
2025-07-18T00:13:12Z,83.0,Sense
2025-07-18T00:13:27Z,83.0,Sense
2025-07-18T00:13:42Z,84.0,Sense
2025-07-18T00:13:57Z,85.0,Sense
2025-07-18T00:14:12Z,86.0,Sense
2025-07-18T00:14:27Z,84.0,Sense
2025-07-18T00:14:32Z,84.0,Sense
2025-07-18T00:14:47Z,84.0,Sense
2025-07-18T00:14:52Z,84.0,Sense
2025-07-18T00:15:02Z,85.0,Sense
2025-07-18T00:15:12Z,84.0,Sense
2025-07-18T00:15:17Z,82.0,Sense
2025-07-18T00:15:22Z,83.0,Sense
2025-07-18T00:15:27Z,88.0,Sense
2025-07-18T00:15:32Z,93.0,Sense
2025-07-18T00:15:47Z,93.0,Sense
2025-07-18T00:16:02Z,92.0,Sense
2025-07-18T00:16:07Z,92.0,Sense
2025-07-18T00:16:12Z,91.0,Sense
2025-07-18T00:16:22Z,90.0,Sense
2025-07-18T00:16:27Z,89.0,Sense
2025-07-18T00:16:32Z,88.0,Sense
2025-07-18T00:16:37Z,87.0,Sense
2025-07-18T00:16:47Z,88.0,Sense
2025-07-18T00:16:52Z,87.0,Sense
2025-07-18T00:16:57Z,86.0,Sense
2025-07-18T00:17:02Z,85.0,Sense
2025-07-18T00:17:17Z,85.0,Sense
2025-07-18T00:17:22Z,86.0,Sense
2025-07-18T00:17:27Z,82.0,Sense
2025-07-18T00:17:32Z,81.0,Sense
2025-07-18T00:17:37Z,82.0,Sense
2025-07-18T00:17:52Z,82.0,Sense
2025-07-18T00:17:57Z,81.0,Sense
2025-07-18T00:18:07Z,82.0,Sense
2025-07-18T00:18:22Z,83.0,Sense
2025-07-18T00:18:32Z,84.0,Sense
2025-07-18T00:18:37Z,85.0,Sense
2025-07-18T00:18:42Z,86.0,Sense
2025-07-18T00:18:57Z,87.0,Sense
2025-07-18T00:19:02Z,88.0,Sense
2025-07-18T00:19:12Z,87.0,Sense
2025-07-18T00:19:17Z,88.0,Sense
2025-07-18T00:19:27Z,90.0,Sense
2025-07-18T00:19:32Z,91.0,Sense
2025-07-18T00:19:37Z,90.0,Sense
2025-07-18T00:19:42Z,89.0,Sense
2025-07-18T00:19:57Z,88.0,Sense
2025-07-18T00:20:07Z,85.0,Sense
2025-07-18T00:20:12Z,84.0,Sense
2025-07-18T00:20:27Z,83.0,Sense
2025-07-18T00:20:32Z,84.0,Sense
2025-07-18T00:20:47Z,83.0,Sense
2025-07-18T00:20:57Z,84.0,Sense
2025-07-18T00:21:02Z,83.0,Sense
2025-07-18T00:21:07Z,82.0,Sense
2025-07-18T00:21:12Z,80.0,Sense
2025-07-18T00:21:17Z,81.0,Sense
2025-07-18T00:21:32Z,82.0,Sense
2025-07-18T00:21:42Z,78.0,Sense
2025-07-18T00:21:57Z,78.0,Sense
2025-07-18T00:22:02Z,77.0,Sense
2025-07-18T00:22:17Z,77.0,Sense
2025-07-18T00:22:22Z,78.0,Sense
2025-07-18T00:22:27Z,79.0,Sense
2025-07-18T00:22:32Z,80.0,Sense
2025-07-18T00:22:37Z,81.0,Sense
2025-07-18T00:22:42Z,80.0,Sense
2025-07-18T00:22:57Z,80.0,Sense
2025-07-18T00:23:12Z,80.0,Sense
2025-07-18T00:23:22Z,81.0,Sense
2025-07-18T00:23:27Z,82.0,Sense
2025-07-18T00:23:32Z,81.0,Sense
2025-07-18T00:23:47Z,81.0,Sense
2025-07-18T00:23:57Z,81.0,Sense
2025-07-18T00:24:02Z,82.0,Sense
2025-07-18T00:24:12Z,83.0,Sense
2025-07-18T00:24:17Z,84.0,Sense
2025-07-18T00:24:27Z,85.0,Sense
2025-07-18T00:24:32Z,84.0,Sense
2025-07-18T00:24:37Z,85.0,Sense
2025-07-18T00:24:47Z,86.0,Sense
2025-07-18T00:24:52Z,87.0,Sense
2025-07-18T00:25:07Z,87.0,Sense
2025-07-18T00:25:12Z,88.0,Sense
2025-07-18T00:25:27Z,88.0,Sense
2025-07-18T00:25:37Z,89.0,Sense
2025-07-18T00:25:52Z,89.0,Sense
2025-07-18T00:25:57Z,90.0,Sense
2025-07-18T00:26:02Z,89.0,Sense
2025-07-18T00:26:07Z,88.0,Sense
2025-07-18T00:26:17Z,87.0,Sense
2025-07-18T00:26:22Z,88.0,Sense
2025-07-18T00:26:27Z,89.0,Sense
2025-07-18T00:26:42Z,89.0,Sense
2025-07-18T00:26:57Z,88.0,Sense
2025-07-18T00:27:02Z,87.0,Sense
2025-07-18T00:27:07Z,86.0,Sense
2025-07-18T00:27:12Z,86.0,Sense
2025-07-18T00:27:22Z,87.0,Sense
2025-07-18T00:27:27Z,88.0,Sense
2025-07-18T00:27:42Z,87.0,Sense
2025-07-18T00:27:47Z,86.0,Sense
2025-07-18T00:27:57Z,85.0,Sense
2025-07-18T00:28:02Z,86.0,Sense
2025-07-18T00:28:17Z,86.0,Sense
2025-07-18T00:28:27Z,85.0,Sense
2025-07-18T00:28:37Z,86.0,Sense
2025-07-18T00:28:47Z,87.0,Sense
2025-07-18T00:28:52Z,86.0,Sense
2025-07-18T00:28:57Z,85.0,Sense
2025-07-18T00:29:02Z,86.0,Sense
2025-07-18T00:29:12Z,86.0,Sense
2025-07-18T00:29:27Z,86.0,Sense
2025-07-18T00:29:37Z,85.0,Sense
2025-07-18T00:29:42Z,84.0,Sense
2025-07-18T00:29:52Z,87.0,Sense
2025-07-18T00:29:57Z,88.0,Sense
2025-07-18T00:30:02Z,85.0,Sense
2025-07-18T00:30:07Z,81.0,Sense
2025-07-18T00:30:22Z,81.0,Sense
2025-07-18T00:30:32Z,82.0,Sense
2025-07-18T00:30:42Z,91.0,Sense
2025-07-18T00:30:47Z,102.0,Sense
2025-07-18T00:30:52Z,101.0,Sense
2025-07-18T00:30:57Z,100.0,Sense
2025-07-18T00:31:02Z,96.0,Sense
2025-07-18T00:31:07Z,92.0,Sense
2025-07-18T00:31:12Z,94.0,Sense
2025-07-18T00:31:17Z,93.0,Sense
2025-07-18T00:31:22Z,92.0,Sense
2025-07-18T00:31:32Z,93.0,Sense
2025-07-18T00:31:37Z,94.0,Sense
2025-07-18T00:31:47Z,95.0,Sense
2025-07-18T00:31:57Z,96.0,Sense
2025-07-18T00:32:02Z,98.0,Sense
2025-07-18T00:32:17Z,97.0,Sense
2025-07-18T00:32:22Z,95.0,Sense
2025-07-18T00:32:32Z,94.0,Sense
2025-07-18T00:32:47Z,94.0,Sense
2025-07-18T00:32:52Z,95.0,Sense
2025-07-18T00:33:02Z,93.0,Sense
2025-07-18T00:33:17Z,86.0,Sense
2025-07-18T00:33:32Z,88.0,Sense
2025-07-18T00:33:47Z,87.0,Sense
2025-07-18T00:33:52Z,88.0,Sense
2025-07-18T00:34:02Z,89.0,Sense
2025-07-18T00:34:07Z,90.0,Sense
2025-07-18T00:34:22Z,91.0,Sense
2025-07-18T00:34:27Z,92.0,Sense
2025-07-18T00:34:32Z,92.0,Sense
2025-07-18T00:34:47Z,92.0,Sense
2025-07-18T00:34:52Z,91.0,Sense
2025-07-18T00:35:07Z,91.0,Sense
2025-07-18T00:35:12Z,92.0,Sense
2025-07-18T00:35:22Z,91.0,Sense
2025-07-18T00:35:37Z,91.0,Sense
2025-07-18T00:35:42Z,89.0,Sense
2025-07-18T00:35:47Z,86.0,Sense
2025-07-18T00:36:02Z,86.0,Sense
2025-07-18T00:36:17Z,87.0,Sense
2025-07-18T00:36:22Z,86.0,Sense
2025-07-18T00:36:27Z,87.0,Sense
2025-07-18T00:36:32Z,88.0,Sense
2025-07-18T00:36:37Z,87.0,Sense
2025-07-18T00:36:42Z,88.0,Sense
2025-07-18T00:36:47Z,87.0,Sense
2025-07-18T00:36:57Z,89.0,Sense
2025-07-18T00:37:02Z,90.0,Sense
2025-07-18T00:37:12Z,91.0,Sense
2025-07-18T00:37:17Z,90.0,Sense
2025-07-18T00:37:27Z,91.0,Sense
2025-07-18T00:37:32Z,90.0,Sense
2025-07-18T00:37:37Z,88.0,Sense
2025-07-18T00:37:52Z,88.0,Sense
2025-07-18T00:37:57Z,89.0,Sense
2025-07-18T00:38:07Z,90.0,Sense
2025-07-18T00:38:12Z,90.0,Sense
2025-07-18T00:38:17Z,89.0,Sense
2025-07-18T00:38:32Z,89.0,Sense
2025-07-18T00:38:47Z,89.0,Sense
2025-07-18T00:38:52Z,90.0,Sense
2025-07-18T00:39:02Z,91.0,Sense
2025-07-18T00:39:12Z,92.0,Sense
2025-07-18T00:39:17Z,90.0,Sense
2025-07-18T00:39:27Z,89.0,Sense
2025-07-18T00:39:42Z,90.0,Sense
2025-07-18T00:39:47Z,89.0,Sense
2025-07-18T00:40:02Z,89.0,Sense
2025-07-18T00:40:17Z,89.0,Sense
2025-07-18T00:40:22Z,90.0,Sense
2025-07-18T00:40:27Z,91.0,Sense
2025-07-18T00:40:32Z,92.0,Sense
2025-07-18T00:40:37Z,93.0,Sense
2025-07-18T00:40:42Z,94.0,Sense
2025-07-18T00:40:57Z,94.0,Sense
2025-07-18T00:41:07Z,93.0,Sense
2025-07-18T00:41:12Z,92.0,Sense
2025-07-18T00:41:17Z,93.0,Sense
2025-07-18T00:41:22Z,94.0,Sense
2025-07-18T00:41:27Z,95.0,Sense
2025-07-18T00:41:32Z,94.0,Sense
2025-07-18T00:41:42Z,93.0,Sense
2025-07-18T00:41:52Z,92.0,Sense
2025-07-18T00:41:57Z,92.0,Sense
2025-07-18T00:42:12Z,91.0,Sense
2025-07-18T00:42:22Z,90.0,Sense
2025-07-18T00:42:37Z,89.0,Sense
2025-07-18T00:42:47Z,90.0,Sense
2025-07-18T00:43:02Z,91.0,Sense
2025-07-18T00:43:07Z,92.0,Sense
2025-07-18T00:43:17Z,93.0,Sense
2025-07-18T00:43:22Z,92.0,Sense
2025-07-18T00:43:37Z,92.0,Sense
2025-07-18T00:43:42Z,93.0,Sense
2025-07-18T00:43:47Z,92.0,Sense
2025-07-18T00:43:52Z,90.0,Sense
2025-07-18T00:44:02Z,88.0,Sense
2025-07-18T00:44:12Z,87.0,Sense
2025-07-18T00:44:27Z,87.0,Sense
2025-07-18T00:44:32Z,88.0,Sense
2025-07-18T00:44:37Z,89.0,Sense
2025-07-18T00:44:42Z,90.0,Sense
2025-07-18T00:44:47Z,92.0,Sense
2025-07-18T00:44:52Z,93.0,Sense
2025-07-18T00:45:07Z,92.0,Sense
2025-07-18T00:45:12Z,91.0,Sense
2025-07-18T00:45:17Z,90.0,Sense
2025-07-18T00:45:22Z,89.0,Sense
2025-07-18T00:45:37Z,90.0,Sense
2025-07-18T00:45:52Z,90.0,Sense
2025-07-18T00:45:57Z,89.0,Sense
2025-07-18T00:46:02Z,90.0,Sense
2025-07-18T00:46:07Z,89.0,Sense
2025-07-18T00:46:22Z,89.0,Sense
2025-07-18T00:46:32Z,88.0,Sense
2025-07-18T00:46:42Z,87.0,Sense
2025-07-18T00:46:52Z,88.0,Sense
2025-07-18T00:47:07Z,88.0,Sense
2025-07-18T00:47:17Z,89.0,Sense
2025-07-18T00:47:27Z,90.0,Sense
2025-07-18T00:47:37Z,91.0,Sense
2025-07-18T00:47:52Z,91.0,Sense
2025-07-18T00:48:07Z,92.0,Sense
2025-07-18T00:48:12Z,93.0,Sense
2025-07-18T00:48:22Z,92.0,Sense
2025-07-18T00:48:27Z,93.0,Sense
2025-07-18T00:48:37Z,85.0,Sense
2025-07-18T00:48:42Z,83.0,Sense
2025-07-18T00:48:57Z,83.0,Sense
2025-07-18T00:49:02Z,84.0,Sense
2025-07-18T00:49:07Z,85.0,Sense
2025-07-18T00:49:12Z,86.0,Sense
2025-07-18T00:49:17Z,87.0,Sense
2025-07-18T00:49:32Z,87.0,Sense
2025-07-18T00:49:37Z,88.0,Sense
2025-07-18T00:49:47Z,87.0,Sense
2025-07-18T00:50:02Z,88.0,Sense
2025-07-18T00:50:07Z,87.0,Sense
2025-07-18T00:50:22Z,95.0,Sense
2025-07-18T00:50:27Z,97.0,Sense
2025-07-18T00:50:32Z,96.0,Sense
2025-07-18T00:50:37Z,94.0,Sense
2025-07-18T00:50:42Z,89.0,Sense
2025-07-18T00:50:47Z,90.0,Sense
2025-07-18T00:51:02Z,91.0,Sense
2025-07-18T00:51:07Z,91.0,Sense
2025-07-18T00:51:22Z,90.0,Sense
2025-07-18T00:51:37Z,90.0,Sense
2025-07-18T00:51:42Z,89.0,Sense
2025-07-18T00:51:47Z,90.0,Sense
2025-07-18T00:52:02Z,90.0,Sense
2025-07-18T00:52:17Z,90.0,Sense
2025-07-18T00:52:22Z,91.0,Sense
2025-07-18T00:52:32Z,92.0,Sense
2025-07-18T00:52:37Z,93.0,Sense
2025-07-18T00:52:52Z,93.0,Sense
2025-07-18T00:52:57Z,93.0,Sense
2025-07-18T00:53:12Z,93.0,Sense
2025-07-18T00:53:17Z,92.0,Sense
2025-07-18T00:53:22Z,87.0,Sense
2025-07-18T00:53:37Z,87.0,Sense
2025-07-18T00:53:47Z,87.0,Sense
2025-07-18T00:53:57Z,88.0,Sense
2025-07-18T00:54:02Z,88.0,Sense
2025-07-18T00:54:17Z,87.0,Sense
2025-07-18T00:54:27Z,86.0,Sense
2025-07-18T00:54:37Z,87.0,Sense
2025-07-18T00:54:42Z,88.0,Sense
2025-07-18T00:54:47Z,89.0,Sense
2025-07-18T00:54:52Z,118.0,Sense
2025-07-18T00:54:57Z,120.0,Sense
2025-07-18T00:55:02Z,115.0,Sense
2025-07-18T00:55:07Z,112.0,Sense
2025-07-18T00:55:12Z,111.0,Sense
2025-07-18T00:55:17Z,112.0,Sense
2025-07-18T00:55:22Z,110.0,Sense
2025-07-18T00:55:27Z,105.0,Sense
2025-07-18T00:55:32Z,103.0,Sense
2025-07-18T00:55:37Z,100.0,Sense
2025-07-18T00:55:42Z,99.0,Sense
2025-07-18T00:55:47Z,98.0,Sense
2025-07-18T00:56:02Z,96.0,Sense
2025-07-18T00:56:07Z,94.0,Sense
2025-07-18T00:56:12Z,93.0,Sense
2025-07-18T00:56:17Z,92.0,Sense
2025-07-18T00:56:22Z,93.0,Sense
2025-07-18T00:56:27Z,90.0,Sense
2025-07-18T00:56:32Z,89.0,Sense
2025-07-18T00:56:47Z,90.0,Sense
2025-07-18T00:56:57Z,90.0,Sense
2025-07-18T00:57:12Z,91.0,Sense
2025-07-18T00:57:17Z,92.0,Sense
2025-07-18T00:57:22Z,90.0,Sense
2025-07-18T00:57:27Z,89.0,Sense
2025-07-18T00:57:42Z,90.0,Sense
2025-07-18T00:57:52Z,91.0,Sense
2025-07-18T00:57:57Z,87.0,Sense
2025-07-18T00:58:02Z,85.0,Sense
2025-07-18T00:58:07Z,86.0,Sense
2025-07-18T00:58:12Z,87.0,Sense
2025-07-18T00:58:17Z,90.0,Sense
2025-07-18T00:58:27Z,91.0,Sense
2025-07-18T00:58:42Z,92.0,Sense
2025-07-18T00:58:52Z,92.0,Sense
2025-07-18T00:59:07Z,92.0,Sense
2025-07-18T00:59:12Z,93.0,Sense
2025-07-18T00:59:17Z,92.0,Sense
2025-07-18T00:59:32Z,98.0,Sense
2025-07-18T00:59:37Z,100.0,Sense
2025-07-18T00:59:42Z,99.0,Sense
2025-07-18T00:59:47Z,98.0,Sense
2025-07-18T00:59:52Z,95.0,Sense
2025-07-18T00:59:57Z,95.0,Sense
2025-07-18T01:00:02Z,95.0,Sense
2025-07-18T01:00:12Z,94.0,Sense
2025-07-18T01:00:17Z,93.0,Sense
2025-07-18T01:00:22Z,92.0,Sense
2025-07-18T01:00:32Z,90.0,Sense
2025-07-18T01:00:47Z,89.0,Sense
2025-07-18T01:00:52Z,85.0,Sense
2025-07-18T01:01:07Z,86.0,Sense
2025-07-18T01:01:12Z,86.0,Sense
2025-07-18T01:01:22Z,87.0,Sense
2025-07-18T01:01:27Z,86.0,Sense
2025-07-18T01:01:42Z,89.0,Sense
2025-07-18T01:01:47Z,90.0,Sense
2025-07-18T01:01:52Z,91.0,Sense
2025-07-18T01:01:57Z,92.0,Sense
2025-07-18T01:02:12Z,91.0,Sense
2025-07-18T01:02:17Z,88.0,Sense
2025-07-18T01:02:32Z,88.0,Sense
2025-07-18T01:02:47Z,99.0,Sense
2025-07-18T01:02:57Z,98.0,Sense
2025-07-18T01:03:02Z,95.0,Sense
2025-07-18T01:03:07Z,94.0,Sense
2025-07-18T01:03:12Z,93.0,Sense
2025-07-18T01:03:17Z,92.0,Sense
2025-07-18T01:03:22Z,93.0,Sense
2025-07-18T01:03:27Z,94.0,Sense
2025-07-18T01:03:32Z,93.0,Sense
2025-07-18T01:03:37Z,91.0,Sense
2025-07-18T01:03:42Z,90.0,Sense
2025-07-18T01:03:47Z,89.0,Sense
2025-07-18T01:03:57Z,90.0,Sense
2025-07-18T01:04:07Z,92.0,Sense
2025-07-18T01:04:12Z,94.0,Sense
2025-07-18T01:04:17Z,95.0,Sense
2025-07-18T01:04:22Z,94.0,Sense
2025-07-18T01:04:27Z,93.0,Sense
2025-07-18T01:04:32Z,94.0,Sense
2025-07-18T01:04:47Z,93.0,Sense
2025-07-18T01:04:52Z,92.0,Sense
2025-07-18T01:04:57Z,91.0,Sense
2025-07-18T01:05:07Z,92.0,Sense
2025-07-18T01:05:12Z,93.0,Sense
2025-07-18T01:05:22Z,92.0,Sense
2025-07-18T01:05:27Z,93.0,Sense
2025-07-18T01:05:32Z,94.0,Sense
2025-07-18T01:05:37Z,92.0,Sense
2025-07-18T01:05:42Z,91.0,Sense
2025-07-18T01:05:47Z,90.0,Sense
2025-07-18T01:05:57Z,89.0,Sense
2025-07-18T01:06:07Z,90.0,Sense
2025-07-18T01:06:22Z,90.0,Sense
2025-07-18T01:06:32Z,91.0,Sense
2025-07-18T01:06:37Z,92.0,Sense
2025-07-18T01:06:42Z,92.0,Sense
2025-07-18T01:06:57Z,92.0,Sense
2025-07-18T01:07:02Z,101.0,Sense
2025-07-18T01:07:07Z,116.0,Sense
2025-07-18T01:07:17Z,115.0,Sense
2025-07-18T01:07:22Z,113.0,Sense
2025-07-18T01:07:27Z,109.0,Sense
2025-07-18T01:07:32Z,103.0,Sense
2025-07-18T01:07:37Z,100.0,Sense
2025-07-18T01:07:42Z,98.0,Sense
2025-07-18T01:07:47Z,92.0,Sense
2025-07-18T01:07:52Z,90.0,Sense
2025-07-18T01:08:02Z,91.0,Sense
2025-07-18T01:08:07Z,92.0,Sense
2025-07-18T01:08:12Z,92.0,Sense
2025-07-18T01:08:17Z,93.0,Sense
2025-07-18T01:08:27Z,92.0,Sense
2025-07-18T01:08:32Z,91.0,Sense
2025-07-18T01:08:37Z,93.0,Sense
2025-07-18T01:08:42Z,95.0,Sense
2025-07-18T01:08:47Z,105.0,Sense
2025-07-18T01:08:52Z,106.0,Sense
2025-07-18T01:08:57Z,105.0,Sense
2025-07-18T01:09:02Z,103.0,Sense
2025-07-18T01:09:07Z,100.0,Sense
2025-07-18T01:09:12Z,98.0,Sense
2025-07-18T01:09:17Z,97.0,Sense
2025-07-18T01:09:27Z,96.0,Sense
2025-07-18T01:09:32Z,94.0,Sense
2025-07-18T01:09:37Z,93.0,Sense
2025-07-18T01:09:42Z,92.0,Sense
2025-07-18T01:09:47Z,93.0,Sense
2025-07-18T01:09:52Z,92.0,Sense
2025-07-18T01:09:57Z,91.0,Sense
2025-07-18T01:10:02Z,92.0,Sense
2025-07-18T01:10:12Z,93.0,Sense
2025-07-18T01:10:22Z,92.0,Sense
2025-07-18T01:10:37Z,93.0,Sense
2025-07-18T01:10:52Z,93.0,Sense
2025-07-18T01:10:57Z,92.0,Sense
2025-07-18T01:11:12Z,91.0,Sense
2025-07-18T01:11:22Z,90.0,Sense
2025-07-18T01:11:32Z,89.0,Sense
2025-07-18T01:11:37Z,95.0,Sense
2025-07-18T01:11:42Z,117.0,Sense
2025-07-18T01:11:47Z,118.0,Sense
2025-07-18T01:11:52Z,119.0,Sense
2025-07-18T01:11:57Z,117.0,Sense
2025-07-18T01:12:02Z,114.0,Sense
2025-07-18T01:12:07Z,109.0,Sense
2025-07-18T01:12:17Z,108.0,Sense
2025-07-18T01:12:22Z,107.0,Sense
2025-07-18T01:12:27Z,103.0,Sense
2025-07-18T01:12:32Z,101.0,Sense
2025-07-18T01:12:37Z,99.0,Sense
2025-07-18T01:12:42Z,97.0,Sense
2025-07-18T01:12:47Z,96.0,Sense
2025-07-18T01:12:52Z,94.0,Sense
2025-07-18T01:12:57Z,86.0,Sense
2025-07-18T01:13:07Z,88.0,Sense
2025-07-18T01:13:17Z,88.0,Sense
2025-07-18T01:13:32Z,90.0,Sense
2025-07-18T01:13:47Z,89.0,Sense
2025-07-18T01:13:52Z,88.0,Sense
2025-07-18T01:14:07Z,88.0,Sense
2025-07-18T01:14:12Z,89.0,Sense
2025-07-18T01:14:22Z,90.0,Sense
2025-07-18T01:14:27Z,92.0,Sense
2025-07-18T01:14:37Z,93.0,Sense
2025-07-18T01:14:42Z,94.0,Sense
2025-07-18T01:14:47Z,93.0,Sense
2025-07-18T01:14:52Z,92.0,Sense
2025-07-18T01:14:57Z,88.0,Sense
2025-07-18T01:15:07Z,94.0,Sense
2025-07-18T01:15:12Z,94.0,Sense
2025-07-18T01:15:17Z,93.0,Sense
2025-07-18T01:15:22Z,94.0,Sense
2025-07-18T01:15:27Z,94.0,Sense
2025-07-18T01:15:42Z,95.0,Sense
2025-07-18T01:15:57Z,93.0,Sense
2025-07-18T01:16:02Z,92.0,Sense
2025-07-18T01:16:07Z,93.0,Sense
2025-07-18T01:16:12Z,92.0,Sense
2025-07-18T01:16:17Z,82.0,Sense
2025-07-18T01:16:22Z,83.0,Sense
2025-07-18T01:16:37Z,83.0,Sense
2025-07-18T01:16:42Z,84.0,Sense
2025-07-18T01:16:47Z,84.0,Sense
2025-07-18T01:16:52Z,85.0,Sense
2025-07-18T01:16:57Z,84.0,Sense
2025-07-18T01:17:02Z,84.0,Sense
2025-07-18T01:17:07Z,85.0,Sense
2025-07-18T01:17:12Z,87.0,Sense
2025-07-18T01:17:22Z,88.0,Sense
2025-07-18T01:17:37Z,88.0,Sense
2025-07-18T01:17:52Z,88.0,Sense
2025-07-18T01:18:07Z,89.0,Sense
2025-07-18T01:18:12Z,88.0,Sense
2025-07-18T01:18:22Z,87.0,Sense
2025-07-18T01:18:37Z,88.0,Sense
2025-07-18T01:18:42Z,88.0,Sense
2025-07-18T01:18:47Z,89.0,Sense
2025-07-18T01:18:52Z,88.0,Sense
2025-07-18T01:19:02Z,89.0,Sense
2025-07-18T01:19:07Z,88.0,Sense
2025-07-18T01:19:17Z,89.0,Sense
2025-07-18T01:19:22Z,90.0,Sense
2025-07-18T01:19:37Z,89.0,Sense
2025-07-18T01:19:42Z,90.0,Sense
2025-07-18T01:19:47Z,89.0,Sense
2025-07-18T01:20:02Z,89.0,Sense
2025-07-18T01:20:07Z,87.0,Sense
2025-07-18T01:20:22Z,87.0,Sense
2025-07-18T01:20:32Z,88.0,Sense
2025-07-18T01:20:37Z,89.0,Sense
2025-07-18T01:20:52Z,89.0,Sense
2025-07-18T01:20:57Z,90.0,Sense
2025-07-18T01:21:07Z,89.0,Sense
2025-07-18T01:21:22Z,107.0,Sense
2025-07-18T01:21:27Z,109.0,Sense
2025-07-18T01:21:32Z,108.0,Sense
2025-07-18T01:21:42Z,107.0,Sense
2025-07-18T01:21:47Z,105.0,Sense
2025-07-18T01:21:52Z,104.0,Sense
2025-07-18T01:21:57Z,100.0,Sense
2025-07-18T01:22:02Z,98.0,Sense
2025-07-18T01:22:07Z,96.0,Sense
2025-07-18T01:22:12Z,94.0,Sense
2025-07-18T01:22:17Z,87.0,Sense
2025-07-18T01:22:22Z,91.0,Sense
2025-07-18T01:22:27Z,93.0,Sense
2025-07-18T01:22:42Z,93.0,Sense
2025-07-18T01:22:57Z,92.0,Sense
2025-07-18T01:23:12Z,91.0,Sense
2025-07-18T01:23:17Z,97.0,Sense
2025-07-18T01:23:22Z,99.0,Sense
2025-07-18T01:23:27Z,98.0,Sense
2025-07-18T01:23:37Z,99.0,Sense
2025-07-18T01:23:47Z,98.0,Sense
2025-07-18T01:23:52Z,97.0,Sense
2025-07-18T01:24:02Z,96.0,Sense
2025-07-18T01:24:07Z,95.0,Sense
2025-07-18T01:24:12Z,94.0,Sense
2025-07-18T01:24:17Z,93.0,Sense
2025-07-18T01:24:22Z,92.0,Sense
2025-07-18T01:24:32Z,93.0,Sense
2025-07-18T01:24:37Z,93.0,Sense
2025-07-18T01:24:42Z,92.0,Sense
2025-07-18T01:24:57Z,91.0,Sense
2025-07-18T01:25:12Z,91.0,Sense
2025-07-18T01:25:22Z,92.0,Sense
2025-07-18T01:25:27Z,91.0,Sense
2025-07-18T01:25:32Z,90.0,Sense
2025-07-18T01:25:37Z,89.0,Sense
2025-07-18T01:25:47Z,91.0,Sense
2025-07-18T01:25:52Z,92.0,Sense
2025-07-18T01:26:02Z,93.0,Sense
2025-07-18T01:26:17Z,92.0,Sense
2025-07-18T01:26:22Z,91.0,Sense
2025-07-18T01:26:27Z,92.0,Sense
2025-07-18T01:26:42Z,92.0,Sense
2025-07-18T01:26:47Z,93.0,Sense
2025-07-18T01:26:52Z,94.0,Sense
2025-07-18T01:27:07Z,94.0,Sense
2025-07-18T01:27:12Z,95.0,Sense
2025-07-18T01:27:22Z,94.0,Sense
2025-07-18T01:27:32Z,93.0,Sense
2025-07-18T01:27:37Z,92.0,Sense
2025-07-18T01:27:42Z,93.0,Sense
2025-07-18T01:27:47Z,92.0,Sense
2025-07-18T01:27:52Z,93.0,Sense
2025-07-18T01:27:57Z,100.0,Sense
2025-07-18T01:28:02Z,99.0,Sense
2025-07-18T01:28:07Z,98.0,Sense
2025-07-18T01:28:12Z,94.0,Sense
2025-07-18T01:28:17Z,93.0,Sense
2025-07-18T01:28:22Z,94.0,Sense
2025-07-18T01:28:27Z,95.0,Sense
2025-07-18T01:28:32Z,96.0,Sense
2025-07-18T01:28:37Z,96.0,Sense
2025-07-18T01:28:52Z,97.0,Sense
2025-07-18T01:28:57Z,95.0,Sense
2025-07-18T01:29:02Z,94.0,Sense
2025-07-18T01:29:17Z,95.0,Sense
2025-07-18T01:29:32Z,94.0,Sense
2025-07-18T01:29:37Z,93.0,Sense
2025-07-18T01:29:52Z,94.0,Sense
2025-07-18T01:29:57Z,95.0,Sense
2025-07-18T01:30:12Z,95.0,Sense
2025-07-18T01:30:22Z,94.0,Sense
2025-07-18T01:30:27Z,94.0,Sense
2025-07-18T01:30:32Z,95.0,Sense
2025-07-18T01:30:37Z,94.0,Sense
2025-07-18T01:30:42Z,90.0,Sense
2025-07-18T01:30:57Z,90.0,Sense
2025-07-18T01:31:07Z,96.0,Sense
2025-07-18T01:31:12Z,97.0,Sense
2025-07-18T01:31:22Z,96.0,Sense
2025-07-18T01:31:32Z,95.0,Sense
2025-07-18T01:31:47Z,94.0,Sense
2025-07-18T01:31:57Z,93.0,Sense
2025-07-18T01:32:02Z,94.0,Sense
2025-07-18T01:32:17Z,93.0,Sense
2025-07-18T01:32:22Z,94.0,Sense
2025-07-18T01:32:37Z,93.0,Sense
2025-07-18T01:32:47Z,92.0,Sense
2025-07-18T01:32:52Z,92.0,Sense
2025-07-18T01:33:02Z,93.0,Sense
2025-07-18T01:33:07Z,94.0,Sense
2025-07-18T01:33:17Z,94.0,Sense
2025-07-18T01:33:32Z,94.0,Sense
2025-07-18T01:33:37Z,93.0,Sense
2025-07-18T01:33:42Z,92.0,Sense
2025-07-18T01:33:47Z,94.0,Sense
2025-07-18T01:33:52Z,95.0,Sense
2025-07-18T01:33:57Z,93.0,Sense
2025-07-18T01:34:12Z,93.0,Sense
2025-07-18T01:34:17Z,92.0,Sense
2025-07-18T01:34:32Z,99.0,Sense
2025-07-18T01:34:47Z,87.0,Sense
2025-07-18T01:34:52Z,85.0,Sense
2025-07-18T01:35:02Z,84.0,Sense
2025-07-18T01:35:07Z,87.0,Sense
2025-07-18T01:35:12Z,88.0,Sense
2025-07-18T01:35:27Z,89.0,Sense
2025-07-18T01:35:32Z,91.0,Sense
2025-07-18T01:35:42Z,90.0,Sense
2025-07-18T01:35:52Z,90.0,Sense
2025-07-18T01:35:57Z,91.0,Sense
2025-07-18T01:36:02Z,90.0,Sense
2025-07-18T01:36:12Z,91.0,Sense
2025-07-18T01:36:27Z,90.0,Sense
2025-07-18T01:36:32Z,87.0,Sense
2025-07-18T01:36:37Z,82.0,Sense
2025-07-18T01:36:47Z,93.0,Sense
2025-07-18T01:36:52Z,95.0,Sense
2025-07-18T03:15:52Z,83.0,Sense
2025-07-18T03:16:02Z,85.0,Sense
2025-07-18T03:16:07Z,84.0,Sense
2025-07-18T03:16:17Z,83.0,Sense
2025-07-18T03:16:22Z,86.0,Sense
2025-07-18T03:16:32Z,83.0,Sense
2025-07-18T03:16:37Z,79.0,Sense
2025-07-18T03:16:42Z,77.0,Sense
2025-07-18T03:16:47Z,79.0,Sense
2025-07-18T03:16:52Z,81.0,Sense
2025-07-18T03:16:57Z,80.0,Sense
2025-07-18T03:17:02Z,79.0,Sense
2025-07-18T03:17:12Z,81.0,Sense
2025-07-18T03:17:22Z,79.0,Sense
2025-07-18T03:17:27Z,78.0,Sense
2025-07-18T03:17:42Z,77.0,Sense
2025-07-18T03:17:52Z,79.0,Sense
2025-07-18T03:18:07Z,77.0,Sense
2025-07-18T03:18:22Z,79.0,Sense
2025-07-18T03:18:27Z,78.0,Sense
2025-07-18T03:18:32Z,74.0,Sense
2025-07-18T03:18:37Z,73.0,Sense
2025-07-18T03:18:42Z,72.0,Sense
2025-07-18T03:18:47Z,74.0,Sense
2025-07-18T03:18:52Z,75.0,Sense
2025-07-18T03:18:57Z,80.0,Sense
2025-07-18T03:19:02Z,95.0,Sense
2025-07-18T03:19:07Z,84.0,Sense
2025-07-18T03:19:12Z,76.0,Sense
2025-07-18T03:19:22Z,75.0,Sense
2025-07-18T03:19:37Z,75.0,Sense
2025-07-18T03:19:42Z,76.0,Sense
2025-07-18T03:19:52Z,75.0,Sense
2025-07-18T03:19:57Z,72.0,Sense
2025-07-18T03:20:07Z,73.0,Sense
2025-07-18T03:20:12Z,71.0,Sense
2025-07-18T03:20:17Z,78.0,Sense
2025-07-18T03:20:22Z,81.0,Sense
2025-07-18T03:20:32Z,80.0,Sense
2025-07-18T03:20:37Z,77.0,Sense
2025-07-18T03:20:47Z,79.0,Sense
2025-07-18T03:20:52Z,83.0,Sense
2025-07-18T03:20:57Z,80.0,Sense
2025-07-18T03:21:02Z,78.0,Sense
2025-07-18T03:21:07Z,78.0,Sense
2025-07-18T03:21:12Z,77.0,Sense
2025-07-18T03:21:27Z,78.0,Sense
2025-07-18T03:21:32Z,79.0,Sense
2025-07-18T03:21:37Z,80.0,Sense
2025-07-18T03:21:42Z,81.0,Sense
2025-07-18T03:21:52Z,80.0,Sense
2025-07-18T03:21:57Z,79.0,Sense
2025-07-18T03:22:02Z,80.0,Sense
2025-07-18T03:22:17Z,80.0,Sense
2025-07-18T03:22:32Z,80.0,Sense
2025-07-18T03:22:37Z,79.0,Sense
2025-07-18T03:22:52Z,79.0,Sense
2025-07-18T03:23:07Z,79.0,Sense
2025-07-18T03:23:17Z,78.0,Sense
2025-07-18T03:23:22Z,77.0,Sense
2025-07-18T03:23:27Z,78.0,Sense
2025-07-18T03:23:32Z,79.0,Sense
2025-07-18T03:23:42Z,80.0,Sense
2025-07-18T03:23:52Z,79.0,Sense
2025-07-18T03:23:57Z,78.0,Sense
2025-07-18T03:24:02Z,77.0,Sense
2025-07-18T03:24:17Z,76.0,Sense
2025-07-18T03:24:32Z,74.0,Sense
2025-07-18T03:24:37Z,70.0,Sense
2025-07-18T03:24:52Z,70.0,Sense
2025-07-18T03:25:07Z,71.0,Sense
2025-07-18T03:25:12Z,72.0,Sense
2025-07-18T03:25:17Z,71.0,Sense
2025-07-18T03:25:22Z,72.0,Sense
2025-07-18T03:25:32Z,73.0,Sense
2025-07-18T03:25:42Z,72.0,Sense
2025-07-18T03:25:47Z,82.0,Sense
2025-07-18T03:25:52Z,89.0,Sense
2025-07-18T03:25:57Z,90.0,Sense
2025-07-18T03:26:02Z,89.0,Sense
2025-07-18T03:26:12Z,89.0,Sense
2025-07-18T03:26:22Z,88.0,Sense
2025-07-18T03:26:32Z,87.0,Sense
2025-07-18T03:26:37Z,86.0,Sense
2025-07-18T03:26:42Z,85.0,Sense
2025-07-18T03:26:47Z,84.0,Sense
2025-07-18T03:26:52Z,83.0,Sense
2025-07-18T03:26:57Z,77.0,Sense
2025-07-18T03:27:02Z,76.0,Sense
2025-07-18T03:27:17Z,76.0,Sense
2025-07-18T03:27:22Z,76.0,Sense
2025-07-18T03:27:37Z,77.0,Sense
2025-07-18T03:27:52Z,76.0,Sense
2025-07-18T03:28:02Z,78.0,Sense
2025-07-18T03:28:12Z,77.0,Sense
2025-07-18T03:28:22Z,79.0,Sense
2025-07-18T03:28:32Z,78.0,Sense
2025-07-18T03:28:42Z,79.0,Sense
2025-07-18T03:28:47Z,80.0,Sense
2025-07-18T03:29:02Z,80.0,Sense
2025-07-18T03:29:07Z,79.0,Sense
2025-07-18T03:29:12Z,78.0,Sense
2025-07-18T03:29:17Z,79.0,Sense
2025-07-18T03:29:27Z,78.0,Sense
2025-07-18T03:29:42Z,78.0,Sense
2025-07-18T03:29:47Z,77.0,Sense
2025-07-18T03:29:57Z,78.0,Sense
2025-07-18T03:30:12Z,79.0,Sense
2025-07-18T03:30:27Z,80.0,Sense
2025-07-18T03:30:32Z,78.0,Sense
2025-07-18T03:30:47Z,79.0,Sense
2025-07-18T03:30:52Z,78.0,Sense
2025-07-18T03:30:57Z,77.0,Sense
2025-07-18T03:31:02Z,76.0,Sense
2025-07-18T03:31:07Z,75.0,Sense
2025-07-18T03:31:12Z,74.0,Sense
2025-07-18T03:31:17Z,74.0,Sense
2025-07-18T03:31:22Z,75.0,Sense
2025-07-18T03:31:37Z,76.0,Sense
2025-07-18T03:31:42Z,77.0,Sense
2025-07-18T03:31:57Z,77.0,Sense
2025-07-18T03:32:12Z,78.0,Sense
2025-07-18T03:32:27Z,78.0,Sense
2025-07-18T03:32:32Z,73.0,Sense
2025-07-18T03:32:37Z,72.0,Sense
2025-07-18T03:32:42Z,73.0,Sense
2025-07-18T03:32:57Z,74.0,Sense
2025-07-18T03:33:02Z,75.0,Sense
2025-07-18T03:33:07Z,76.0,Sense
2025-07-18T03:33:12Z,77.0,Sense
2025-07-18T03:33:17Z,78.0,Sense
2025-07-18T03:33:27Z,77.0,Sense
2025-07-18T03:33:32Z,82.0,Sense
2025-07-18T03:33:47Z,82.0,Sense
2025-07-18T03:33:57Z,82.0,Sense
2025-07-18T03:34:02Z,81.0,Sense
2025-07-18T03:34:07Z,80.0,Sense
2025-07-18T03:34:22Z,80.0,Sense
2025-07-18T03:34:32Z,82.0,Sense
2025-07-18T03:34:47Z,81.0,Sense
2025-07-18T03:34:57Z,80.0,Sense
2025-07-18T03:35:12Z,80.0,Sense
2025-07-18T03:35:27Z,79.0,Sense
2025-07-18T03:35:32Z,78.0,Sense
2025-07-18T03:35:47Z,79.0,Sense
2025-07-18T03:35:52Z,80.0,Sense
2025-07-18T03:35:57Z,79.0,Sense
2025-07-18T03:36:07Z,78.0,Sense
2025-07-18T03:36:12Z,79.0,Sense
2025-07-18T03:36:17Z,80.0,Sense
2025-07-18T03:36:22Z,78.0,Sense
2025-07-18T03:36:27Z,76.0,Sense
2025-07-18T03:36:37Z,77.0,Sense
2025-07-18T03:36:47Z,78.0,Sense
2025-07-18T03:36:52Z,79.0,Sense
2025-07-18T03:36:57Z,80.0,Sense
2025-07-18T03:37:12Z,81.0,Sense
2025-07-18T03:37:27Z,81.0,Sense
2025-07-18T03:37:42Z,81.0,Sense
2025-07-18T03:37:47Z,82.0,Sense
2025-07-18T03:37:52Z,85.0,Sense
2025-07-18T03:37:57Z,86.0,Sense
2025-07-18T03:38:02Z,85.0,Sense
2025-07-18T03:38:17Z,84.0,Sense
2025-07-18T03:38:22Z,83.0,Sense
2025-07-18T03:38:32Z,82.0,Sense
2025-07-18T03:38:47Z,82.0,Sense
2025-07-18T03:38:57Z,81.0,Sense
2025-07-18T03:39:02Z,79.0,Sense
2025-07-18T03:39:17Z,79.0,Sense
2025-07-18T03:39:27Z,80.0,Sense
2025-07-18T03:39:37Z,79.0,Sense
2025-07-18T03:39:42Z,83.0,Sense
2025-07-18T03:39:47Z,82.0,Sense
2025-07-18T03:40:02Z,79.0,Sense
2025-07-18T03:40:17Z,75.0,Sense
2025-07-18T03:40:27Z,76.0,Sense
2025-07-18T03:40:37Z,77.0,Sense
2025-07-18T03:40:42Z,77.0,Sense
2025-07-18T03:40:47Z,78.0,Sense
2025-07-18T03:40:52Z,75.0,Sense
2025-07-18T03:40:57Z,73.0,Sense
2025-07-18T03:41:02Z,74.0,Sense
2025-07-18T03:41:17Z,75.0,Sense
2025-07-18T03:41:27Z,76.0,Sense
2025-07-18T03:41:42Z,76.0,Sense
2025-07-18T03:41:47Z,78.0,Sense
2025-07-18T03:41:52Z,79.0,Sense
2025-07-18T03:42:07Z,81.0,Sense
2025-07-18T03:42:12Z,83.0,Sense
2025-07-18T03:42:27Z,82.0,Sense
2025-07-18T03:42:32Z,82.0,Sense
2025-07-18T03:42:37Z,81.0,Sense
2025-07-18T03:42:42Z,80.0,Sense
2025-07-18T03:42:47Z,76.0,Sense
2025-07-18T03:42:52Z,75.0,Sense
2025-07-18T03:42:57Z,76.0,Sense
2025-07-18T03:43:12Z,75.0,Sense
2025-07-18T03:43:17Z,76.0,Sense
2025-07-18T03:43:22Z,75.0,Sense
2025-07-18T03:43:32Z,76.0,Sense
2025-07-18T03:43:37Z,75.0,Sense
2025-07-18T03:43:47Z,76.0,Sense
2025-07-18T03:43:52Z,77.0,Sense
2025-07-18T03:44:02Z,76.0,Sense
2025-07-18T03:44:12Z,77.0,Sense
2025-07-18T03:44:17Z,78.0,Sense
2025-07-18T03:44:22Z,86.0,Sense
2025-07-18T03:44:37Z,86.0,Sense
2025-07-18T03:44:42Z,85.0,Sense
2025-07-18T03:44:47Z,84.0,Sense
2025-07-18T03:44:52Z,83.0,Sense
2025-07-18T03:44:57Z,83.0,Sense
2025-07-18T03:45:07Z,82.0,Sense
2025-07-18T03:45:17Z,83.0,Sense
2025-07-18T03:45:22Z,82.0,Sense
2025-07-18T03:45:37Z,82.0,Sense
2025-07-18T03:45:52Z,85.0,Sense
2025-07-18T03:45:57Z,86.0,Sense
2025-07-18T03:46:02Z,85.0,Sense
2025-07-18T03:46:07Z,84.0,Sense
2025-07-18T03:46:12Z,83.0,Sense
2025-07-18T03:46:17Z,82.0,Sense
2025-07-18T03:46:22Z,83.0,Sense
2025-07-18T03:46:27Z,82.0,Sense
2025-07-18T03:46:37Z,83.0,Sense
2025-07-18T03:46:47Z,82.0,Sense
2025-07-18T03:46:52Z,81.0,Sense
2025-07-18T03:47:02Z,82.0,Sense
2025-07-18T03:47:07Z,83.0,Sense
2025-07-18T03:47:22Z,82.0,Sense
2025-07-18T03:47:27Z,80.0,Sense
2025-07-18T03:47:42Z,81.0,Sense
2025-07-18T03:47:57Z,81.0,Sense
2025-07-18T03:48:02Z,80.0,Sense
2025-07-18T03:48:17Z,81.0,Sense
2025-07-18T03:48:22Z,80.0,Sense
2025-07-18T03:48:32Z,79.0,Sense
2025-07-18T03:48:42Z,80.0,Sense
2025-07-18T03:48:47Z,80.0,Sense
2025-07-18T03:48:52Z,79.0,Sense
2025-07-18T03:48:57Z,78.0,Sense
2025-07-18T03:49:02Z,77.0,Sense
2025-07-18T03:49:17Z,77.0,Sense
2025-07-18T03:49:27Z,79.0,Sense
2025-07-18T03:49:37Z,80.0,Sense
2025-07-18T03:49:42Z,77.0,Sense
2025-07-18T03:49:47Z,74.0,Sense
2025-07-18T03:49:52Z,75.0,Sense
2025-07-18T03:50:07Z,75.0,Sense
2025-07-18T03:50:12Z,76.0,Sense
2025-07-18T03:50:27Z,75.0,Sense
2025-07-18T03:50:32Z,76.0,Sense
2025-07-18T03:50:37Z,77.0,Sense
2025-07-18T03:50:42Z,78.0,Sense
2025-07-18T03:50:47Z,79.0,Sense
2025-07-18T03:51:02Z,79.0,Sense
2025-07-18T03:51:12Z,80.0,Sense
2025-07-18T03:51:17Z,79.0,Sense
2025-07-18T03:51:22Z,78.0,Sense
2025-07-18T03:51:32Z,79.0,Sense
2025-07-18T03:51:47Z,79.0,Sense
2025-07-18T03:51:52Z,78.0,Sense
2025-07-18T03:51:57Z,79.0,Sense
2025-07-18T03:52:02Z,78.0,Sense
2025-07-18T03:52:17Z,78.0,Sense
2025-07-18T03:52:22Z,79.0,Sense
2025-07-18T03:52:27Z,80.0,Sense
2025-07-18T03:52:37Z,81.0,Sense
2025-07-18T03:52:42Z,80.0,Sense
2025-07-18T03:52:57Z,80.0,Sense
2025-07-18T03:53:12Z,81.0,Sense
2025-07-18T03:53:22Z,80.0,Sense
2025-07-18T03:53:32Z,81.0,Sense
2025-07-18T03:53:37Z,80.0,Sense
2025-07-18T03:53:42Z,79.0,Sense
2025-07-18T03:53:52Z,80.0,Sense
2025-07-18T03:54:07Z,80.0,Sense
2025-07-18T03:54:12Z,79.0,Sense
2025-07-18T03:54:27Z,79.0,Sense
2025-07-18T03:54:32Z,85.0,Sense
2025-07-18T03:54:47Z,85.0,Sense
2025-07-18T03:54:57Z,85.0,Sense
2025-07-18T03:55:02Z,84.0,Sense
2025-07-18T03:55:12Z,85.0,Sense
2025-07-18T03:55:17Z,84.0,Sense
2025-07-18T03:55:22Z,85.0,Sense
2025-07-18T03:55:27Z,84.0,Sense
2025-07-18T03:55:42Z,85.0,Sense
2025-07-18T03:55:47Z,84.0,Sense
2025-07-18T03:55:52Z,83.0,Sense
2025-07-18T03:55:57Z,82.0,Sense
2025-07-18T03:56:07Z,83.0,Sense
2025-07-18T03:56:12Z,83.0,Sense
2025-07-18T03:56:22Z,82.0,Sense
2025-07-18T03:56:37Z,82.0,Sense
2025-07-18T03:56:42Z,81.0,Sense
2025-07-18T03:56:47Z,80.0,Sense
2025-07-18T03:56:52Z,81.0,Sense
2025-07-18T03:56:57Z,80.0,Sense
2025-07-18T03:57:12Z,79.0,Sense
2025-07-18T03:57:17Z,78.0,Sense
2025-07-18T03:57:32Z,80.0,Sense
2025-07-18T03:57:47Z,80.0,Sense
2025-07-18T03:57:57Z,81.0,Sense
2025-07-18T03:58:02Z,83.0,Sense
2025-07-18T03:58:07Z,93.0,Sense
2025-07-18T03:58:12Z,91.0,Sense
2025-07-18T03:58:17Z,90.0,Sense
2025-07-18T03:58:27Z,89.0,Sense
2025-07-18T03:58:32Z,88.0,Sense
2025-07-18T03:58:37Z,86.0,Sense
2025-07-18T03:58:52Z,85.0,Sense
2025-07-18T03:58:57Z,86.0,Sense
2025-07-18T03:59:02Z,85.0,Sense
2025-07-18T03:59:07Z,83.0,Sense
2025-07-18T03:59:12Z,81.0,Sense
2025-07-18T03:59:17Z,80.0,Sense
2025-07-18T03:59:32Z,80.0,Sense
2025-07-18T03:59:37Z,80.0,Sense
2025-07-18T03:59:42Z,81.0,Sense
2025-07-18T03:59:47Z,80.0,Sense
2025-07-18T04:00:02Z,79.0,Sense
2025-07-18T04:00:12Z,81.0,Sense
2025-07-18T04:00:17Z,82.0,Sense
2025-07-18T04:00:22Z,83.0,Sense
2025-07-18T04:00:32Z,82.0,Sense
2025-07-18T04:00:42Z,86.0,Sense
2025-07-18T04:00:52Z,85.0,Sense
2025-07-18T04:01:07Z,85.0,Sense
2025-07-18T04:01:17Z,84.0,Sense
2025-07-18T04:01:22Z,83.0,Sense
2025-07-18T04:01:27Z,82.0,Sense
2025-07-18T04:01:42Z,89.0,Sense
2025-07-18T04:01:47Z,91.0,Sense
2025-07-18T04:01:52Z,90.0,Sense
2025-07-18T04:02:07Z,89.0,Sense
2025-07-18T04:02:12Z,88.0,Sense
2025-07-18T04:02:17Z,87.0,Sense
2025-07-18T04:02:22Z,80.0,Sense
2025-07-18T04:02:27Z,81.0,Sense
2025-07-18T04:02:42Z,81.0,Sense
2025-07-18T04:02:47Z,82.0,Sense
2025-07-18T04:02:57Z,83.0,Sense
2025-07-18T04:03:02Z,82.0,Sense
2025-07-18T04:03:07Z,80.0,Sense
2025-07-18T04:03:12Z,79.0,Sense
2025-07-18T04:03:27Z,78.0,Sense
2025-07-18T04:03:32Z,79.0,Sense
2025-07-18T04:03:37Z,80.0,Sense
2025-07-18T04:03:52Z,79.0,Sense
2025-07-18T04:03:57Z,78.0,Sense
2025-07-18T04:04:07Z,80.0,Sense
2025-07-18T04:04:17Z,79.0,Sense
2025-07-18T04:04:22Z,85.0,Sense
2025-07-18T04:04:27Z,86.0,Sense
2025-07-18T04:04:37Z,85.0,Sense
2025-07-18T04:04:42Z,84.0,Sense
2025-07-18T04:04:52Z,83.0,Sense
2025-07-18T04:05:07Z,83.0,Sense
2025-07-18T04:05:12Z,80.0,Sense
2025-07-18T04:05:17Z,79.0,Sense
2025-07-18T04:05:22Z,80.0,Sense
2025-07-18T04:05:27Z,79.0,Sense
2025-07-18T04:05:42Z,79.0,Sense
2025-07-18T04:05:47Z,79.0,Sense
2025-07-18T04:05:52Z,80.0,Sense
2025-07-18T04:05:57Z,81.0,Sense
2025-07-18T04:06:12Z,81.0,Sense
2025-07-18T04:06:27Z,81.0,Sense
2025-07-18T04:06:37Z,82.0,Sense
2025-07-18T04:06:47Z,82.0,Sense
2025-07-18T04:07:02Z,82.0,Sense
2025-07-18T04:07:07Z,82.0,Sense
2025-07-18T04:07:12Z,81.0,Sense
2025-07-18T04:07:22Z,80.0,Sense
2025-07-18T04:07:27Z,79.0,Sense
2025-07-18T04:07:37Z,78.0,Sense
2025-07-18T04:07:42Z,77.0,Sense
2025-07-18T04:07:52Z,78.0,Sense
2025-07-18T04:08:07Z,78.0,Sense
2025-07-18T04:08:12Z,79.0,Sense
2025-07-18T04:08:27Z,79.0,Sense
2025-07-18T04:08:32Z,78.0,Sense
2025-07-18T04:08:42Z,79.0,Sense
2025-07-18T04:08:57Z,79.0,Sense
2025-07-18T04:09:07Z,78.0,Sense
2025-07-18T04:09:12Z,77.0,Sense
2025-07-18T04:09:17Z,76.0,Sense
2025-07-18T04:09:22Z,77.0,Sense
2025-07-18T04:09:37Z,76.0,Sense
2025-07-18T04:09:42Z,74.0,Sense
2025-07-18T04:09:57Z,75.0,Sense
2025-07-18T04:10:12Z,76.0,Sense
2025-07-18T04:10:17Z,75.0,Sense
2025-07-18T04:10:22Z,73.0,Sense
2025-07-18T04:10:32Z,72.0,Sense
2025-07-18T04:10:42Z,73.0,Sense
2025-07-18T04:10:57Z,74.0,Sense
2025-07-18T04:11:02Z,76.0,Sense
2025-07-18T04:11:07Z,77.0,Sense
2025-07-18T04:11:12Z,78.0,Sense
2025-07-18T04:11:17Z,79.0,Sense
2025-07-18T04:11:22Z,81.0,Sense
2025-07-18T04:11:37Z,81.0,Sense
2025-07-18T04:11:42Z,81.0,Sense
2025-07-18T04:11:47Z,80.0,Sense
2025-07-18T04:11:52Z,79.0,Sense
2025-07-18T04:11:57Z,78.0,Sense
2025-07-18T04:12:12Z,78.0,Sense
2025-07-18T04:12:17Z,79.0,Sense
2025-07-18T04:12:32Z,79.0,Sense
2025-07-18T04:12:47Z,80.0,Sense
2025-07-18T04:12:57Z,79.0,Sense
2025-07-18T04:13:02Z,73.0,Sense
2025-07-18T04:13:07Z,74.0,Sense
2025-07-18T04:13:12Z,75.0,Sense
2025-07-18T04:13:22Z,76.0,Sense
2025-07-18T04:13:32Z,75.0,Sense
2025-07-18T04:13:42Z,77.0,Sense
2025-07-18T04:13:47Z,78.0,Sense
2025-07-18T04:14:02Z,78.0,Sense
2025-07-18T04:14:17Z,78.0,Sense
2025-07-18T04:14:22Z,79.0,Sense
2025-07-18T04:14:27Z,78.0,Sense
2025-07-18T04:14:32Z,82.0,Sense
2025-07-18T04:14:37Z,86.0,Sense
2025-07-18T04:14:42Z,85.0,Sense
2025-07-18T04:14:57Z,85.0,Sense
2025-07-18T04:15:02Z,84.0,Sense
2025-07-18T04:15:12Z,83.0,Sense
2025-07-18T04:15:22Z,84.0,Sense
2025-07-18T04:15:37Z,86.0,Sense
2025-07-18T04:15:42Z,85.0,Sense
2025-07-18T04:15:47Z,81.0,Sense
2025-07-18T04:15:52Z,77.0,Sense
2025-07-18T04:16:07Z,77.0,Sense
2025-07-18T04:16:12Z,78.0,Sense
2025-07-18T04:16:22Z,78.0,Sense
2025-07-18T04:16:37Z,79.0,Sense
2025-07-18T04:16:47Z,87.0,Sense
2025-07-18T04:16:52Z,94.0,Sense
2025-07-18T04:16:57Z,93.0,Sense
2025-07-18T04:17:02Z,92.0,Sense
2025-07-18T04:17:07Z,91.0,Sense
2025-07-18T04:17:12Z,89.0,Sense
2025-07-18T04:17:17Z,81.0,Sense
2025-07-18T04:17:32Z,81.0,Sense
2025-07-18T04:17:47Z,82.0,Sense
2025-07-18T04:17:52Z,87.0,Sense
2025-07-18T04:17:57Z,91.0,Sense
2025-07-18T04:18:12Z,90.0,Sense
2025-07-18T04:18:17Z,89.0,Sense
2025-07-18T04:18:22Z,88.0,Sense
2025-07-18T04:18:27Z,84.0,Sense
2025-07-18T04:18:42Z,84.0,Sense
2025-07-18T04:18:47Z,84.0,Sense
2025-07-18T04:18:52Z,85.0,Sense
2025-07-18T04:18:57Z,87.0,Sense
2025-07-18T04:19:02Z,92.0,Sense
2025-07-18T04:19:07Z,93.0,Sense
2025-07-18T04:19:22Z,92.0,Sense
2025-07-18T04:19:27Z,91.0,Sense
2025-07-18T04:19:37Z,91.0,Sense
2025-07-18T04:19:47Z,90.0,Sense
2025-07-18T04:19:52Z,87.0,Sense
2025-07-18T04:19:57Z,80.0,Sense
2025-07-18T04:20:02Z,80.0,Sense
2025-07-18T04:20:12Z,79.0,Sense
2025-07-18T04:20:22Z,80.0,Sense
2025-07-18T04:20:32Z,82.0,Sense
2025-07-18T04:20:37Z,83.0,Sense
2025-07-18T04:20:47Z,89.0,Sense
2025-07-18T04:20:52Z,90.0,Sense
2025-07-18T04:21:02Z,87.0,Sense
2025-07-18T04:21:07Z,85.0,Sense
2025-07-18T04:21:12Z,86.0,Sense
2025-07-18T04:21:27Z,86.0,Sense
2025-07-18T04:21:32Z,82.0,Sense
2025-07-18T04:21:37Z,75.0,Sense
2025-07-18T04:21:42Z,75.0,Sense
2025-07-18T04:21:57Z,77.0,Sense
2025-07-18T04:22:02Z,76.0,Sense
2025-07-18T04:22:17Z,76.0,Sense
2025-07-18T04:22:22Z,76.0,Sense
2025-07-18T04:22:27Z,78.0,Sense
2025-07-18T04:22:32Z,79.0,Sense
2025-07-18T04:22:42Z,82.0,Sense
2025-07-18T04:22:47Z,87.0,Sense
2025-07-18T04:22:52Z,86.0,Sense
2025-07-18T04:22:57Z,78.0,Sense
2025-07-18T04:23:12Z,77.0,Sense
2025-07-18T04:23:17Z,78.0,Sense
2025-07-18T04:23:32Z,78.0,Sense
2025-07-18T04:23:47Z,79.0,Sense
2025-07-18T04:23:57Z,78.0,Sense
2025-07-18T04:24:02Z,75.0,Sense
2025-07-18T04:24:17Z,76.0,Sense
2025-07-18T04:24:32Z,76.0,Sense
2025-07-18T04:24:37Z,76.0,Sense
2025-07-18T04:24:52Z,77.0,Sense
2025-07-18T04:25:02Z,78.0,Sense
2025-07-18T04:25:07Z,74.0,Sense
2025-07-18T04:25:12Z,71.0,Sense
2025-07-18T04:25:27Z,72.0,Sense
2025-07-18T04:25:32Z,73.0,Sense
2025-07-18T04:25:47Z,74.0,Sense
2025-07-18T04:25:52Z,75.0,Sense
2025-07-18T04:25:57Z,76.0,Sense
2025-07-18T04:26:12Z,78.0,Sense
2025-07-18T04:26:17Z,79.0,Sense
2025-07-18T04:26:32Z,81.0,Sense
2025-07-18T04:26:47Z,80.0,Sense
2025-07-18T04:26:52Z,79.0,Sense
2025-07-18T04:27:07Z,78.0,Sense
2025-07-18T04:27:12Z,73.0,Sense
2025-07-18T04:27:27Z,73.0,Sense
2025-07-18T04:27:37Z,75.0,Sense
2025-07-18T04:27:42Z,75.0,Sense
2025-07-18T04:27:57Z,75.0,Sense
2025-07-18T04:28:02Z,76.0,Sense
2025-07-18T04:28:07Z,77.0,Sense
2025-07-18T04:28:22Z,77.0,Sense
2025-07-18T04:28:32Z,78.0,Sense
2025-07-18T04:28:37Z,79.0,Sense
2025-07-18T04:28:52Z,79.0,Sense
2025-07-18T04:28:57Z,78.0,Sense
2025-07-18T04:29:02Z,77.0,Sense
2025-07-18T04:29:07Z,77.0,Sense
2025-07-18T04:29:17Z,78.0,Sense
2025-07-18T04:29:32Z,78.0,Sense
2025-07-18T04:29:37Z,79.0,Sense
2025-07-18T04:29:47Z,78.0,Sense
2025-07-18T04:29:52Z,73.0,Sense
2025-07-18T04:29:57Z,73.0,Sense
2025-07-18T04:30:07Z,72.0,Sense
2025-07-18T04:30:22Z,72.0,Sense
2025-07-18T04:30:37Z,72.0,Sense
2025-07-18T04:30:42Z,73.0,Sense
2025-07-18T04:30:47Z,75.0,Sense
2025-07-18T04:30:52Z,79.0,Sense
2025-07-18T04:30:57Z,77.0,Sense
2025-07-18T04:31:02Z,72.0,Sense
2025-07-18T04:31:17Z,72.0,Sense
2025-07-18T04:31:22Z,73.0,Sense
2025-07-18T04:31:37Z,74.0,Sense
2025-07-18T04:31:42Z,75.0,Sense
2025-07-18T04:31:47Z,74.0,Sense
2025-07-18T04:31:57Z,75.0,Sense
2025-07-18T04:32:02Z,76.0,Sense
2025-07-18T04:32:07Z,77.0,Sense
2025-07-18T04:32:12Z,78.0,Sense
2025-07-18T04:32:17Z,79.0,Sense
2025-07-18T04:32:22Z,78.0,Sense
2025-07-18T04:32:32Z,76.0,Sense
2025-07-18T04:32:37Z,75.0,Sense
2025-07-18T04:32:52Z,75.0,Sense
2025-07-18T04:33:07Z,76.0,Sense
2025-07-18T04:33:17Z,77.0,Sense
2025-07-18T04:33:22Z,78.0,Sense
2025-07-18T04:33:27Z,79.0,Sense
2025-07-18T04:33:32Z,79.0,Sense
2025-07-18T04:33:37Z,78.0,Sense
2025-07-18T04:33:42Z,74.0,Sense
2025-07-18T04:33:47Z,72.0,Sense
2025-07-18T04:34:02Z,73.0,Sense
2025-07-18T04:34:12Z,75.0,Sense
2025-07-18T04:34:17Z,76.0,Sense
2025-07-18T04:34:27Z,73.0,Sense
2025-07-18T04:34:32Z,71.0,Sense
2025-07-18T04:34:37Z,72.0,Sense
2025-07-18T04:34:42Z,76.0,Sense
2025-07-18T04:34:47Z,83.0,Sense
2025-07-18T04:35:02Z,83.0,Sense
2025-07-18T04:35:07Z,84.0,Sense
2025-07-18T04:35:12Z,86.0,Sense
2025-07-18T04:35:27Z,85.0,Sense
2025-07-18T04:35:32Z,81.0,Sense
2025-07-18T04:35:37Z,77.0,Sense
2025-07-18T04:35:52Z,77.0,Sense
2025-07-18T04:35:57Z,77.0,Sense
2025-07-18T04:36:07Z,78.0,Sense
2025-07-18T04:36:12Z,77.0,Sense
2025-07-18T04:36:17Z,78.0,Sense
2025-07-18T04:36:27Z,79.0,Sense
2025-07-18T04:36:32Z,80.0,Sense
2025-07-18T04:36:42Z,79.0,Sense
2025-07-18T04:36:47Z,80.0,Sense
2025-07-18T04:36:52Z,79.0,Sense
2025-07-18T04:36:57Z,80.0,Sense
2025-07-18T04:37:02Z,81.0,Sense
2025-07-18T04:37:07Z,83.0,Sense
2025-07-18T04:37:12Z,83.0,Sense
2025-07-18T04:37:27Z,82.0,Sense
2025-07-18T04:37:32Z,85.0,Sense
2025-07-18T04:37:37Z,86.0,Sense
2025-07-18T04:37:47Z,85.0,Sense
2025-07-18T04:37:52Z,87.0,Sense
2025-07-18T04:37:57Z,88.0,Sense
2025-07-18T04:38:12Z,87.0,Sense
2025-07-18T04:38:27Z,86.0,Sense
2025-07-18T04:38:32Z,85.0,Sense
2025-07-18T04:38:47Z,84.0,Sense
2025-07-18T04:38:52Z,83.0,Sense
2025-07-18T04:39:02Z,82.0,Sense
2025-07-18T04:39:17Z,83.0,Sense
2025-07-18T04:39:22Z,79.0,Sense
2025-07-18T04:39:27Z,74.0,Sense
2025-07-18T04:39:32Z,90.0,Sense
2025-07-18T04:39:37Z,89.0,Sense
2025-07-18T04:39:42Z,88.0,Sense
2025-07-18T04:39:52Z,87.0,Sense
2025-07-18T04:39:57Z,86.0,Sense
2025-07-18T04:40:02Z,86.0,Sense
2025-07-18T04:40:12Z,87.0,Sense
2025-07-18T04:40:27Z,87.0,Sense
2025-07-18T04:40:42Z,86.0,Sense
2025-07-18T04:40:52Z,85.0,Sense
2025-07-18T04:40:57Z,86.0,Sense
2025-07-18T04:41:07Z,87.0,Sense
2025-07-18T04:41:22Z,87.0,Sense
2025-07-18T04:41:37Z,87.0,Sense
2025-07-18T04:41:47Z,86.0,Sense
2025-07-18T04:41:52Z,85.0,Sense
2025-07-18T04:41:57Z,84.0,Sense
2025-07-18T04:42:02Z,85.0,Sense
2025-07-18T04:42:12Z,84.0,Sense
2025-07-18T04:42:22Z,83.0,Sense
2025-07-18T04:42:27Z,82.0,Sense
2025-07-18T04:42:32Z,81.0,Sense
2025-07-18T04:42:37Z,81.0,Sense
2025-07-18T04:42:42Z,82.0,Sense
2025-07-18T04:42:47Z,83.0,Sense
2025-07-18T04:42:57Z,84.0,Sense
2025-07-18T04:43:02Z,86.0,Sense
2025-07-18T04:43:17Z,85.0,Sense
2025-07-18T04:43:32Z,85.0,Sense
2025-07-18T04:43:47Z,86.0,Sense
2025-07-18T04:43:52Z,85.0,Sense
2025-07-18T04:44:02Z,86.0,Sense
2025-07-18T04:44:07Z,85.0,Sense
2025-07-18T04:44:22Z,85.0,Sense
2025-07-18T04:44:37Z,84.0,Sense
2025-07-18T04:44:42Z,83.0,Sense
2025-07-18T04:44:57Z,84.0,Sense
2025-07-18T04:45:02Z,85.0,Sense
2025-07-18T04:45:07Z,84.0,Sense
2025-07-18T04:45:12Z,82.0,Sense
2025-07-18T04:45:17Z,82.0,Sense
2025-07-18T04:45:32Z,82.0,Sense
2025-07-18T04:45:42Z,82.0,Sense
2025-07-18T04:45:47Z,83.0,Sense
2025-07-18T04:46:02Z,82.0,Sense
2025-07-18T04:46:12Z,81.0,Sense
2025-07-18T04:46:17Z,80.0,Sense
2025-07-18T04:46:27Z,84.0,Sense
2025-07-18T04:46:32Z,84.0,Sense
2025-07-18T04:46:47Z,84.0,Sense
2025-07-18T04:46:52Z,84.0,Sense
2025-07-18T04:46:57Z,83.0,Sense
2025-07-18T04:47:07Z,84.0,Sense
2025-07-18T04:47:12Z,85.0,Sense
2025-07-18T04:47:17Z,84.0,Sense
2025-07-18T04:47:22Z,85.0,Sense
2025-07-18T04:47:32Z,84.0,Sense
2025-07-18T04:47:37Z,82.0,Sense
2025-07-18T04:47:42Z,81.0,Sense
2025-07-18T04:47:47Z,81.0,Sense
2025-07-18T04:47:52Z,82.0,Sense
2025-07-18T04:47:57Z,81.0,Sense
2025-07-18T04:48:07Z,82.0,Sense
2025-07-18T04:48:22Z,82.0,Sense
2025-07-18T04:48:32Z,83.0,Sense
2025-07-18T04:48:47Z,85.0,Sense
2025-07-18T04:48:52Z,83.0,Sense
2025-07-18T04:49:07Z,83.0,Sense
2025-07-18T04:49:12Z,84.0,Sense
2025-07-18T04:49:22Z,83.0,Sense
2025-07-18T04:49:32Z,82.0,Sense
2025-07-18T04:49:42Z,80.0,Sense
2025-07-18T04:49:47Z,73.0,Sense
2025-07-18T04:50:02Z,73.0,Sense
2025-07-18T04:50:07Z,74.0,Sense
2025-07-18T04:50:22Z,74.0,Sense
2025-07-18T04:50:27Z,75.0,Sense
2025-07-18T04:50:37Z,74.0,Sense
2025-07-18T04:50:42Z,75.0,Sense
2025-07-18T04:50:47Z,73.0,Sense
2025-07-18T04:51:02Z,73.0,Sense
2025-07-18T04:51:12Z,74.0,Sense
2025-07-18T04:51:22Z,75.0,Sense
2025-07-18T04:51:27Z,74.0,Sense
2025-07-18T04:51:32Z,75.0,Sense
2025-07-18T04:51:42Z,76.0,Sense
2025-07-18T04:51:47Z,75.0,Sense
2025-07-18T04:51:52Z,73.0,Sense
2025-07-18T04:51:57Z,74.0,Sense
2025-07-18T04:52:12Z,75.0,Sense
2025-07-18T04:52:17Z,76.0,Sense
2025-07-18T04:52:27Z,75.0,Sense
2025-07-18T04:52:32Z,76.0,Sense
2025-07-18T04:52:42Z,84.0,Sense
2025-07-18T04:52:47Z,88.0,Sense
2025-07-18T04:52:52Z,87.0,Sense
2025-07-18T04:53:07Z,87.0,Sense
2025-07-18T04:53:12Z,86.0,Sense
2025-07-18T04:53:22Z,86.0,Sense
2025-07-18T04:53:32Z,85.0,Sense
2025-07-18T04:53:47Z,84.0,Sense
2025-07-18T04:54:02Z,83.0,Sense
2025-07-18T04:54:07Z,82.0,Sense
2025-07-18T04:54:12Z,81.0,Sense
2025-07-18T04:54:17Z,80.0,Sense
2025-07-18T04:54:22Z,81.0,Sense
2025-07-18T04:54:32Z,80.0,Sense
2025-07-18T04:54:37Z,81.0,Sense
2025-07-18T04:54:42Z,80.0,Sense
2025-07-18T04:54:52Z,81.0,Sense
2025-07-18T04:54:57Z,80.0,Sense
2025-07-18T04:55:02Z,84.0,Sense
2025-07-18T04:55:07Z,86.0,Sense
2025-07-18T04:55:12Z,82.0,Sense
2025-07-18T04:55:17Z,86.0,Sense
2025-07-18T04:55:22Z,90.0,Sense
2025-07-18T04:55:32Z,88.0,Sense
2025-07-18T04:55:37Z,84.0,Sense
2025-07-18T04:55:42Z,82.0,Sense
2025-07-18T04:55:57Z,82.0,Sense
2025-07-18T04:56:02Z,81.0,Sense
2025-07-18T04:56:07Z,80.0,Sense
2025-07-18T04:56:12Z,79.0,Sense
2025-07-18T04:56:17Z,77.0,Sense
2025-07-18T04:56:32Z,77.0,Sense
2025-07-18T04:56:37Z,78.0,Sense
2025-07-18T04:56:42Z,78.0,Sense
2025-07-18T04:56:47Z,79.0,Sense
2025-07-18T04:56:52Z,83.0,Sense
2025-07-18T04:56:57Z,84.0,Sense
2025-07-18T04:57:12Z,83.0,Sense
2025-07-18T04:57:17Z,80.0,Sense
2025-07-18T04:57:22Z,77.0,Sense
2025-07-18T04:57:32Z,78.0,Sense
2025-07-18T04:57:42Z,77.0,Sense
2025-07-18T04:57:47Z,76.0,Sense
2025-07-18T04:57:52Z,77.0,Sense
2025-07-18T04:58:07Z,77.0,Sense
2025-07-18T04:58:12Z,79.0,Sense
2025-07-18T04:58:17Z,80.0,Sense
2025-07-18T04:58:32Z,80.0,Sense
2025-07-18T04:58:37Z,81.0,Sense
2025-07-18T04:58:42Z,80.0,Sense
2025-07-18T04:58:47Z,79.0,Sense
2025-07-18T04:59:02Z,77.0,Sense
2025-07-18T04:59:17Z,77.0,Sense
2025-07-18T04:59:27Z,76.0,Sense
2025-07-18T04:59:32Z,77.0,Sense
2025-07-18T04:59:42Z,78.0,Sense
2025-07-18T04:59:48Z,78.0,Sense
2025-07-18T04:59:58Z,77.0,Sense
2025-07-18T05:00:03Z,78.0,Sense
2025-07-18T05:00:18Z,78.0,Sense
2025-07-18T05:00:23Z,79.0,Sense
2025-07-18T05:00:33Z,82.0,Sense
2025-07-18T05:00:38Z,83.0,Sense
2025-07-18T05:00:53Z,82.0,Sense
2025-07-18T05:00:58Z,82.0,Sense
2025-07-18T05:01:08Z,81.0,Sense
2025-07-18T05:01:13Z,80.0,Sense
2025-07-18T05:01:18Z,81.0,Sense
2025-07-18T05:01:28Z,82.0,Sense
2025-07-18T05:01:33Z,76.0,Sense
2025-07-18T05:01:38Z,74.0,Sense
2025-07-18T05:01:48Z,75.0,Sense
2025-07-18T05:01:53Z,76.0,Sense
2025-07-18T05:01:58Z,77.0,Sense
2025-07-18T05:02:08Z,76.0,Sense
2025-07-18T05:02:23Z,75.0,Sense
2025-07-18T05:02:28Z,76.0,Sense
2025-07-18T05:02:38Z,77.0,Sense
2025-07-18T05:02:43Z,75.0,Sense
2025-07-18T05:02:58Z,74.0,Sense
2025-07-18T05:03:08Z,75.0,Sense
2025-07-18T05:03:23Z,75.0,Sense
2025-07-18T05:03:38Z,76.0,Sense
2025-07-18T05:03:43Z,76.0,Sense
2025-07-18T05:03:48Z,77.0,Sense
2025-07-18T05:03:53Z,76.0,Sense
2025-07-18T05:03:58Z,75.0,Sense
2025-07-18T05:04:13Z,77.0,Sense
2025-07-18T05:04:28Z,78.0,Sense
2025-07-18T05:04:33Z,77.0,Sense
2025-07-18T05:04:48Z,78.0,Sense
2025-07-18T05:05:03Z,78.0,Sense
2025-07-18T05:05:08Z,77.0,Sense
2025-07-18T05:05:13Z,72.0,Sense
2025-07-18T05:05:18Z,71.0,Sense
2025-07-18T05:05:28Z,72.0,Sense
2025-07-18T05:05:33Z,79.0,Sense
2025-07-18T05:05:38Z,92.0,Sense
2025-07-18T05:05:43Z,90.0,Sense
2025-07-18T05:05:48Z,82.0,Sense
2025-07-18T05:05:53Z,81.0,Sense
2025-07-18T05:06:08Z,82.0,Sense
2025-07-18T05:06:18Z,81.0,Sense
2025-07-18T05:06:23Z,81.0,Sense
2025-07-18T05:06:38Z,82.0,Sense
2025-07-18T05:06:50Z,82.0,Sense
2025-07-18T05:07:00Z,81.0,Sense
2025-07-18T05:07:15Z,80.0,Sense
2025-07-18T05:07:25Z,80.0,Sense
2025-07-18T05:07:40Z,80.0,Sense
2025-07-18T05:07:45Z,79.0,Sense
2025-07-18T05:07:55Z,80.0,Sense
2025-07-18T05:08:10Z,78.0,Sense
2025-07-18T05:08:25Z,78.0,Sense
2025-07-18T05:08:30Z,79.0,Sense
2025-07-18T05:08:35Z,78.0,Sense
2025-07-18T05:08:40Z,79.0,Sense
2025-07-18T05:08:45Z,81.0,Sense
2025-07-18T05:09:00Z,81.0,Sense
2025-07-18T05:09:10Z,80.0,Sense
2025-07-18T05:09:25Z,80.0,Sense
2025-07-18T05:09:30Z,82.0,Sense
2025-07-18T05:09:40Z,81.0,Sense
2025-07-18T05:09:50Z,80.0,Sense
2025-07-18T05:10:05Z,80.0,Sense
2025-07-18T05:10:10Z,79.0,Sense
2025-07-18T05:10:25Z,76.0,Sense
2025-07-18T05:10:30Z,76.0,Sense
2025-07-18T05:10:35Z,78.0,Sense
2025-07-18T05:10:50Z,79.0,Sense
2025-07-18T05:11:00Z,78.0,Sense
2025-07-18T05:11:10Z,80.0,Sense
2025-07-18T05:11:15Z,79.0,Sense
2025-07-18T05:11:20Z,78.0,Sense
2025-07-18T05:11:25Z,75.0,Sense
2025-07-18T05:11:30Z,73.0,Sense
2025-07-18T05:11:35Z,74.0,Sense
2025-07-18T05:11:50Z,74.0,Sense
2025-07-18T05:12:00Z,75.0,Sense
2025-07-18T05:12:10Z,76.0,Sense
2025-07-18T05:12:15Z,79.0,Sense
2025-07-18T05:12:20Z,82.0,Sense
2025-07-18T05:12:35Z,82.0,Sense
2025-07-18T05:12:50Z,83.0,Sense
2025-07-18T05:12:55Z,82.0,Sense
2025-07-18T05:13:05Z,81.0,Sense
2025-07-18T05:13:10Z,80.0,Sense
2025-07-18T05:13:15Z,81.0,Sense
2025-07-18T05:13:20Z,82.0,Sense
2025-07-18T05:13:35Z,82.0,Sense
2025-07-18T05:13:40Z,83.0,Sense
2025-07-18T05:13:50Z,82.0,Sense
2025-07-18T05:13:55Z,81.0,Sense
2025-07-18T05:14:10Z,81.0,Sense
2025-07-18T05:14:25Z,82.0,Sense
2025-07-18T05:14:35Z,80.0,Sense
2025-07-18T05:14:40Z,74.0,Sense
2025-07-18T05:14:55Z,75.0,Sense
2025-07-18T05:15:00Z,76.0,Sense
2025-07-18T05:15:05Z,76.0,Sense
2025-07-18T05:15:10Z,77.0,Sense
2025-07-18T05:15:15Z,76.0,Sense
2025-07-18T05:15:25Z,77.0,Sense
2025-07-18T05:15:30Z,78.0,Sense
2025-07-18T05:15:35Z,79.0,Sense
2025-07-18T05:15:45Z,80.0,Sense
2025-07-18T05:15:50Z,79.0,Sense
2025-07-18T05:15:55Z,73.0,Sense
2025-07-18T05:16:10Z,73.0,Sense
2025-07-18T05:16:15Z,74.0,Sense
2025-07-18T05:16:20Z,75.0,Sense
2025-07-18T05:16:25Z,74.0,Sense
2025-07-18T05:16:30Z,74.0,Sense
2025-07-18T05:16:40Z,72.0,Sense
2025-07-18T05:16:45Z,70.0,Sense
2025-07-18T05:17:00Z,71.0,Sense
2025-07-18T05:17:10Z,73.0,Sense
2025-07-18T05:17:15Z,76.0,Sense
2025-07-18T05:17:20Z,78.0,Sense
2025-07-18T05:17:35Z,78.0,Sense
2025-07-18T05:17:40Z,78.0,Sense
2025-07-18T05:17:45Z,79.0,Sense
2025-07-18T05:18:00Z,80.0,Sense
2025-07-18T05:18:10Z,81.0,Sense
2025-07-18T05:18:15Z,77.0,Sense
2025-07-18T05:18:20Z,74.0,Sense
2025-07-18T05:18:25Z,74.0,Sense
2025-07-18T05:18:30Z,75.0,Sense
2025-07-18T05:18:45Z,76.0,Sense
2025-07-18T05:18:50Z,77.0,Sense
2025-07-18T05:19:05Z,77.0,Sense
2025-07-18T05:19:15Z,75.0,Sense
2025-07-18T05:19:20Z,74.0,Sense
2025-07-18T05:19:35Z,71.0,Sense
2025-07-18T05:19:50Z,71.0,Sense
2025-07-18T05:20:00Z,72.0,Sense
2025-07-18T05:20:10Z,72.0,Sense
2025-07-18T05:20:20Z,73.0,Sense
2025-07-18T05:20:25Z,75.0,Sense
2025-07-18T05:20:30Z,76.0,Sense
2025-07-18T05:20:35Z,77.0,Sense
2025-07-18T05:20:45Z,78.0,Sense
2025-07-18T05:20:50Z,77.0,Sense
2025-07-18T05:21:05Z,78.0,Sense
2025-07-18T05:21:15Z,79.0,Sense
2025-07-18T05:21:25Z,78.0,Sense
2025-07-18T05:21:40Z,78.0,Sense
2025-07-18T05:21:50Z,77.0,Sense
2025-07-18T05:21:55Z,74.0,Sense
2025-07-18T05:22:00Z,72.0,Sense
2025-07-18T05:22:05Z,73.0,Sense
2025-07-18T05:22:15Z,72.0,Sense
2025-07-18T05:22:20Z,71.0,Sense
2025-07-18T05:22:25Z,71.0,Sense
2025-07-18T05:22:30Z,72.0,Sense
2025-07-18T05:22:35Z,71.0,Sense
2025-07-18T05:22:45Z,72.0,Sense
2025-07-18T05:22:50Z,73.0,Sense
2025-07-18T05:23:05Z,74.0,Sense
2025-07-18T05:23:10Z,76.0,Sense
2025-07-18T05:23:15Z,77.0,Sense
2025-07-18T05:23:25Z,76.0,Sense
2025-07-18T05:23:30Z,74.0,Sense
2025-07-18T05:23:35Z,72.0,Sense
2025-07-18T05:23:50Z,72.0,Sense
2025-07-18T05:24:05Z,72.0,Sense
2025-07-18T05:24:10Z,73.0,Sense
2025-07-18T05:24:15Z,72.0,Sense
2025-07-18T05:24:20Z,71.0,Sense
2025-07-18T05:24:35Z,72.0,Sense
2025-07-18T05:24:40Z,73.0,Sense
2025-07-18T05:24:50Z,77.0,Sense
2025-07-18T05:24:55Z,79.0,Sense
2025-07-18T05:25:05Z,78.0,Sense
2025-07-18T05:25:10Z,77.0,Sense
2025-07-18T05:25:15Z,78.0,Sense
2025-07-18T05:25:30Z,77.0,Sense
2025-07-18T05:25:35Z,77.0,Sense
2025-07-18T05:25:45Z,78.0,Sense
2025-07-18T05:25:55Z,77.0,Sense
2025-07-18T05:26:00Z,77.0,Sense
2025-07-18T05:26:05Z,78.0,Sense
2025-07-18T05:26:10Z,79.0,Sense
2025-07-18T05:26:25Z,79.0,Sense
2025-07-18T05:26:35Z,80.0,Sense
2025-07-18T05:26:40Z,83.0,Sense
2025-07-18T05:26:45Z,81.0,Sense
2025-07-18T05:26:55Z,80.0,Sense
2025-07-18T05:27:10Z,81.0,Sense
2025-07-18T05:27:15Z,82.0,Sense
2025-07-18T05:27:25Z,81.0,Sense
2025-07-18T05:27:40Z,80.0,Sense
2025-07-18T05:27:45Z,79.0,Sense
2025-07-18T05:28:00Z,78.0,Sense
2025-07-18T05:28:10Z,77.0,Sense
2025-07-18T05:28:15Z,76.0,Sense
2025-07-18T05:28:20Z,75.0,Sense
2025-07-18T05:28:35Z,75.0,Sense
2025-07-18T05:28:40Z,76.0,Sense
2025-07-18T05:28:45Z,77.0,Sense
2025-07-18T05:28:50Z,78.0,Sense
2025-07-18T05:29:05Z,80.0,Sense
2025-07-18T05:29:20Z,79.0,Sense
2025-07-18T05:29:25Z,80.0,Sense
2025-07-18T05:29:40Z,80.0,Sense
2025-07-18T05:29:45Z,79.0,Sense
2025-07-18T05:29:50Z,79.0,Sense
2025-07-18T05:29:55Z,78.0,Sense
2025-07-18T05:30:05Z,77.0,Sense
2025-07-18T05:30:15Z,76.0,Sense
2025-07-18T05:30:20Z,76.0,Sense
2025-07-18T05:30:25Z,77.0,Sense
2025-07-18T05:30:40Z,77.0,Sense
2025-07-18T05:30:55Z,77.0,Sense
2025-07-18T05:31:05Z,78.0,Sense
2025-07-18T05:31:10Z,79.0,Sense
2025-07-18T05:31:15Z,78.0,Sense
2025-07-18T05:31:20Z,78.0,Sense
2025-07-18T05:31:25Z,76.0,Sense
2025-07-18T05:31:35Z,77.0,Sense
2025-07-18T05:31:45Z,78.0,Sense
2025-07-18T05:31:50Z,78.0,Sense
2025-07-18T05:32:05Z,78.0,Sense
2025-07-18T05:32:20Z,77.0,Sense
2025-07-18T05:32:25Z,77.0,Sense
2025-07-18T05:32:40Z,77.0,Sense
2025-07-18T05:32:45Z,78.0,Sense
2025-07-18T05:33:00Z,79.0,Sense
2025-07-18T05:33:05Z,80.0,Sense
2025-07-18T05:33:15Z,79.0,Sense
2025-07-18T05:33:20Z,80.0,Sense
2025-07-18T05:33:25Z,79.0,Sense
2025-07-18T05:33:30Z,80.0,Sense
2025-07-18T05:33:45Z,79.0,Sense
2025-07-18T05:33:50Z,78.0,Sense
2025-07-18T05:33:55Z,77.0,Sense
2025-07-18T05:34:05Z,78.0,Sense
2025-07-18T05:34:10Z,77.0,Sense
2025-07-18T05:34:15Z,72.0,Sense
2025-07-18T05:34:30Z,72.0,Sense
2025-07-18T05:34:35Z,73.0,Sense
2025-07-18T05:34:40Z,75.0,Sense
2025-07-18T05:34:50Z,77.0,Sense
2025-07-18T05:34:55Z,78.0,Sense
2025-07-18T05:35:10Z,78.0,Sense
2025-07-18T05:35:20Z,77.0,Sense
2025-07-18T05:35:30Z,78.0,Sense
2025-07-18T05:35:40Z,77.0,Sense
2025-07-18T05:35:45Z,78.0,Sense
2025-07-18T05:36:00Z,78.0,Sense
2025-07-18T05:36:05Z,77.0,Sense
2025-07-18T05:36:10Z,76.0,Sense
2025-07-18T05:36:15Z,72.0,Sense
2025-07-18T05:36:20Z,70.0,Sense
2025-07-18T05:36:25Z,71.0,Sense
2025-07-18T05:36:30Z,72.0,Sense
2025-07-18T05:36:35Z,73.0,Sense
2025-07-18T05:36:40Z,74.0,Sense
2025-07-18T05:36:45Z,74.0,Sense
2025-07-18T05:36:55Z,75.0,Sense
2025-07-18T05:37:00Z,76.0,Sense
2025-07-18T05:37:05Z,75.0,Sense
2025-07-18T05:37:15Z,80.0,Sense
2025-07-18T05:37:30Z,80.0,Sense
2025-07-18T05:37:45Z,80.0,Sense
2025-07-18T05:38:00Z,80.0,Sense
2025-07-18T05:38:05Z,81.0,Sense
2025-07-18T05:38:10Z,82.0,Sense
2025-07-18T05:38:15Z,81.0,Sense
2025-07-18T05:38:20Z,97.0,Sense
2025-07-18T05:38:25Z,101.0,Sense
2025-07-18T05:38:30Z,98.0,Sense
2025-07-18T05:38:35Z,95.0,Sense
2025-07-18T05:38:40Z,93.0,Sense
2025-07-18T05:38:45Z,92.0,Sense
2025-07-18T05:38:50Z,91.0,Sense
2025-07-18T05:38:55Z,90.0,Sense
2025-07-18T05:39:05Z,91.0,Sense
2025-07-18T05:39:10Z,89.0,Sense
2025-07-18T05:39:20Z,88.0,Sense
2025-07-18T05:39:25Z,85.0,Sense
2025-07-18T05:39:35Z,83.0,Sense
2025-07-18T05:39:40Z,82.0,Sense
2025-07-18T05:39:50Z,80.0,Sense
2025-07-18T05:39:55Z,77.0,Sense
2025-07-18T05:40:05Z,78.0,Sense
2025-07-18T05:40:10Z,78.0,Sense
2025-07-18T05:40:25Z,78.0,Sense
2025-07-18T05:40:30Z,78.0,Sense
2025-07-18T05:40:35Z,79.0,Sense
2025-07-18T05:40:50Z,79.0,Sense
2025-07-18T05:40:55Z,82.0,Sense
2025-07-18T05:41:00Z,88.0,Sense
2025-07-18T05:41:10Z,87.0,Sense
2025-07-18T05:41:15Z,87.0,Sense
2025-07-18T05:41:20Z,86.0,Sense
2025-07-18T05:41:25Z,87.0,Sense
2025-07-18T05:41:30Z,85.0,Sense
2025-07-18T05:41:35Z,84.0,Sense
2025-07-18T05:41:40Z,85.0,Sense
2025-07-18T05:41:55Z,85.0,Sense
2025-07-18T05:42:10Z,85.0,Sense
2025-07-18T05:42:20Z,86.0,Sense
2025-07-18T05:42:25Z,91.0,Sense
2025-07-18T05:42:30Z,90.0,Sense
2025-07-18T05:42:35Z,89.0,Sense
2025-07-18T05:42:40Z,82.0,Sense
2025-07-18T05:42:45Z,81.0,Sense
2025-07-18T05:42:50Z,80.0,Sense
2025-07-18T05:42:55Z,79.0,Sense
2025-07-18T05:43:00Z,79.0,Sense
2025-07-18T05:43:05Z,78.0,Sense
2025-07-18T05:43:10Z,79.0,Sense
2025-07-18T05:43:15Z,80.0,Sense
2025-07-18T05:43:20Z,81.0,Sense
2025-07-18T05:43:25Z,80.0,Sense
2025-07-18T05:43:30Z,81.0,Sense
2025-07-18T05:43:40Z,80.0,Sense
2025-07-18T05:43:55Z,83.0,Sense
2025-07-18T05:44:00Z,84.0,Sense
2025-07-18T05:44:05Z,83.0,Sense
2025-07-18T05:44:10Z,82.0,Sense
2025-07-18T05:44:15Z,83.0,Sense
2025-07-18T05:44:20Z,81.0,Sense
2025-07-18T05:44:35Z,80.0,Sense
2025-07-18T05:44:45Z,78.0,Sense
2025-07-18T05:44:55Z,80.0,Sense
2025-07-18T05:45:00Z,79.0,Sense
2025-07-18T05:45:05Z,78.0,Sense
2025-07-18T05:45:10Z,77.0,Sense
2025-07-18T05:45:20Z,78.0,Sense
2025-07-18T05:45:25Z,80.0,Sense
2025-07-18T05:45:35Z,81.0,Sense
2025-07-18T05:45:45Z,82.0,Sense
2025-07-18T05:45:55Z,81.0,Sense
2025-07-18T05:46:00Z,82.0,Sense
2025-07-18T05:46:05Z,83.0,Sense
2025-07-18T05:46:10Z,81.0,Sense
2025-07-18T05:46:15Z,79.0,Sense
2025-07-18T05:46:20Z,80.0,Sense
2025-07-18T05:46:25Z,80.0,Sense
2025-07-18T05:46:40Z,81.0,Sense
2025-07-18T05:46:55Z,81.0,Sense
2025-07-18T05:47:10Z,81.0,Sense
2025-07-18T05:47:15Z,82.0,Sense
2025-07-18T05:47:30Z,81.0,Sense
2025-07-18T05:47:40Z,74.0,Sense
2025-07-18T05:47:45Z,73.0,Sense
2025-07-18T05:47:55Z,74.0,Sense
2025-07-18T05:48:05Z,75.0,Sense
2025-07-18T05:48:10Z,75.0,Sense
2025-07-18T05:48:20Z,77.0,Sense
2025-07-18T05:48:25Z,77.0,Sense
2025-07-18T05:48:40Z,77.0,Sense
2025-07-18T05:48:45Z,78.0,Sense
2025-07-18T05:48:50Z,77.0,Sense
2025-07-18T05:48:55Z,79.0,Sense
2025-07-18T05:49:00Z,85.0,Sense
2025-07-18T05:49:05Z,84.0,Sense
2025-07-18T05:49:10Z,83.0,Sense
2025-07-18T05:49:25Z,83.0,Sense
2025-07-18T05:49:30Z,81.0,Sense
2025-07-18T05:49:35Z,73.0,Sense
2025-07-18T05:49:50Z,73.0,Sense
2025-07-18T05:49:55Z,74.0,Sense
2025-07-18T05:50:00Z,74.0,Sense
2025-07-18T05:50:05Z,75.0,Sense
2025-07-18T05:50:10Z,75.0,Sense
2025-07-18T05:50:25Z,76.0,Sense
2025-07-18T05:50:30Z,77.0,Sense
2025-07-18T05:50:35Z,78.0,Sense
2025-07-18T05:50:40Z,79.0,Sense
2025-07-18T05:50:55Z,79.0,Sense
2025-07-18T05:51:05Z,78.0,Sense
2025-07-18T05:51:15Z,79.0,Sense
2025-07-18T05:51:25Z,80.0,Sense
2025-07-18T05:51:30Z,82.0,Sense
2025-07-18T05:51:35Z,83.0,Sense
2025-07-18T05:51:40Z,81.0,Sense
2025-07-18T05:51:45Z,81.0,Sense
2025-07-18T05:52:00Z,80.0,Sense
2025-07-18T05:52:05Z,80.0,Sense
2025-07-18T05:52:10Z,81.0,Sense
2025-07-18T05:52:20Z,79.0,Sense
2025-07-18T05:52:25Z,78.0,Sense
2025-07-18T05:52:40Z,78.0,Sense
2025-07-18T05:52:45Z,77.0,Sense
2025-07-18T05:52:50Z,78.0,Sense
2025-07-18T05:53:05Z,77.0,Sense
2025-07-18T05:53:20Z,77.0,Sense
2025-07-18T05:53:30Z,78.0,Sense
2025-07-18T05:53:45Z,80.0,Sense
2025-07-18T05:53:55Z,79.0,Sense
2025-07-18T05:54:00Z,77.0,Sense
2025-07-18T05:54:05Z,76.0,Sense
2025-07-18T05:54:10Z,77.0,Sense
2025-07-18T05:54:25Z,78.0,Sense
2025-07-18T05:54:30Z,77.0,Sense
2025-07-18T05:54:35Z,78.0,Sense
2025-07-18T05:54:45Z,79.0,Sense
2025-07-18T05:54:50Z,79.0,Sense
2025-07-18T05:54:55Z,80.0,Sense
2025-07-18T05:55:05Z,80.0,Sense
2025-07-18T05:55:10Z,79.0,Sense
2025-07-18T05:55:15Z,77.0,Sense
2025-07-18T05:55:30Z,77.0,Sense
2025-07-18T05:55:45Z,76.0,Sense
2025-07-18T05:56:00Z,77.0,Sense
2025-07-18T05:56:10Z,78.0,Sense
2025-07-18T05:56:15Z,79.0,Sense
2025-07-18T05:56:30Z,79.0,Sense
2025-07-18T05:56:45Z,81.0,Sense
2025-07-18T05:56:50Z,82.0,Sense
2025-07-18T05:56:55Z,83.0,Sense
2025-07-18T05:57:00Z,81.0,Sense
2025-07-18T05:57:15Z,81.0,Sense
2025-07-18T05:57:20Z,80.0,Sense
2025-07-18T05:57:30Z,81.0,Sense
2025-07-18T05:57:35Z,82.0,Sense
2025-07-18T05:57:40Z,84.0,Sense
2025-07-18T05:57:55Z,85.0,Sense
2025-07-18T05:58:00Z,83.0,Sense
2025-07-18T05:58:05Z,82.0,Sense
2025-07-18T05:58:15Z,83.0,Sense
2025-07-18T05:58:25Z,84.0,Sense
2025-07-18T05:58:30Z,84.0,Sense
2025-07-18T05:58:40Z,82.0,Sense
2025-07-18T05:58:50Z,83.0,Sense
2025-07-18T05:58:55Z,82.0,Sense
2025-07-18T05:59:05Z,81.0,Sense
2025-07-18T05:59:10Z,80.0,Sense
2025-07-18T05:59:20Z,79.0,Sense
2025-07-18T05:59:25Z,73.0,Sense
2025-07-18T05:59:40Z,73.0,Sense
2025-07-18T05:59:45Z,71.0,Sense
2025-07-18T05:59:50Z,70.0,Sense
2025-07-18T06:00:00Z,71.0,Sense
2025-07-18T06:00:15Z,72.0,Sense
2025-07-18T06:00:20Z,73.0,Sense
2025-07-18T06:00:35Z,74.0,Sense
2025-07-18T06:00:40Z,73.0,Sense
2025-07-18T06:00:45Z,74.0,Sense
2025-07-18T06:01:00Z,74.0,Sense
2025-07-18T06:01:05Z,75.0,Sense
2025-07-18T06:01:20Z,76.0,Sense
2025-07-18T06:01:30Z,75.0,Sense
2025-07-18T06:01:45Z,75.0,Sense
2025-07-18T06:01:50Z,86.0,Sense
2025-07-18T06:01:55Z,90.0,Sense
2025-07-18T06:02:10Z,89.0,Sense
2025-07-18T06:02:15Z,88.0,Sense
2025-07-18T06:02:25Z,87.0,Sense
2025-07-18T06:02:30Z,86.0,Sense
2025-07-18T06:02:40Z,85.0,Sense
2025-07-18T06:02:55Z,85.0,Sense
2025-07-18T06:03:00Z,86.0,Sense
2025-07-18T06:03:10Z,94.0,Sense
2025-07-18T06:03:15Z,97.0,Sense
2025-07-18T06:03:20Z,96.0,Sense
2025-07-18T06:03:30Z,95.0,Sense
2025-07-18T06:03:35Z,94.0,Sense
2025-07-18T06:03:40Z,92.0,Sense
2025-07-18T06:03:50Z,91.0,Sense
2025-07-18T06:03:55Z,90.0,Sense
2025-07-18T06:04:00Z,88.0,Sense
2025-07-18T06:04:05Z,87.0,Sense
2025-07-18T06:04:20Z,87.0,Sense
2025-07-18T06:04:25Z,88.0,Sense
2025-07-18T06:04:30Z,87.0,Sense
2025-07-18T06:04:35Z,86.0,Sense
2025-07-18T06:04:40Z,80.0,Sense
2025-07-18T06:04:45Z,79.0,Sense
2025-07-18T06:05:00Z,79.0,Sense
2025-07-18T06:05:05Z,79.0,Sense
2025-07-18T06:05:10Z,80.0,Sense
2025-07-18T06:05:15Z,81.0,Sense
2025-07-18T06:05:20Z,80.0,Sense
2025-07-18T06:05:25Z,79.0,Sense
2025-07-18T06:05:30Z,80.0,Sense
2025-07-18T06:05:35Z,79.0,Sense
2025-07-18T06:05:50Z,79.0,Sense
2025-07-18T06:05:55Z,81.0,Sense
2025-07-18T06:06:00Z,82.0,Sense
2025-07-18T06:06:15Z,82.0,Sense
2025-07-18T06:06:20Z,81.0,Sense
2025-07-18T06:06:35Z,85.0,Sense
2025-07-18T06:06:40Z,86.0,Sense
2025-07-18T06:06:45Z,85.0,Sense
2025-07-18T06:07:00Z,84.0,Sense
2025-07-18T06:07:05Z,83.0,Sense
2025-07-18T06:07:20Z,82.0,Sense
2025-07-18T06:07:35Z,81.0,Sense
2025-07-18T06:07:45Z,80.0,Sense
2025-07-18T06:08:00Z,82.0,Sense
2025-07-18T06:08:15Z,83.0,Sense
2025-07-18T06:08:30Z,83.0,Sense
2025-07-18T06:08:35Z,85.0,Sense
2025-07-18T06:08:40Z,79.0,Sense
2025-07-18T06:08:45Z,76.0,Sense
2025-07-18T06:09:00Z,76.0,Sense
2025-07-18T06:09:05Z,77.0,Sense
2025-07-18T06:09:10Z,78.0,Sense
2025-07-18T06:09:15Z,79.0,Sense
2025-07-18T06:09:25Z,81.0,Sense
2025-07-18T06:09:30Z,87.0,Sense
2025-07-18T06:09:40Z,86.0,Sense
2025-07-18T06:09:50Z,85.0,Sense
2025-07-18T06:09:55Z,86.0,Sense
2025-07-18T06:10:00Z,85.0,Sense
2025-07-18T06:10:05Z,84.0,Sense
2025-07-18T06:10:15Z,82.0,Sense
2025-07-18T06:10:20Z,81.0,Sense
2025-07-18T06:10:35Z,81.0,Sense
2025-07-18T06:10:45Z,82.0,Sense
2025-07-18T06:11:00Z,82.0,Sense
2025-07-18T06:11:05Z,81.0,Sense
2025-07-18T06:11:10Z,80.0,Sense
2025-07-18T06:11:15Z,81.0,Sense
2025-07-18T06:11:30Z,86.0,Sense
2025-07-18T06:11:35Z,90.0,Sense
2025-07-18T06:11:40Z,89.0,Sense
2025-07-18T06:11:45Z,88.0,Sense
2025-07-18T06:11:55Z,88.0,Sense
2025-07-18T06:12:00Z,89.0,Sense
2025-07-18T06:12:05Z,88.0,Sense
2025-07-18T06:12:10Z,86.0,Sense
2025-07-18T06:12:15Z,85.0,Sense
2025-07-18T06:12:20Z,83.0,Sense
2025-07-18T06:12:25Z,77.0,Sense
2025-07-18T06:12:30Z,76.0,Sense
2025-07-18T06:12:40Z,77.0,Sense
2025-07-18T06:12:45Z,82.0,Sense
2025-07-18T06:12:50Z,84.0,Sense
2025-07-18T06:12:55Z,83.0,Sense
2025-07-18T06:13:10Z,83.0,Sense
2025-07-18T06:13:15Z,84.0,Sense
2025-07-18T06:13:20Z,83.0,Sense
2025-07-18T06:13:35Z,82.0,Sense
2025-07-18T06:13:40Z,80.0,Sense
2025-07-18T06:13:45Z,79.0,Sense
2025-07-18T06:13:50Z,78.0,Sense
2025-07-18T06:14:05Z,78.0,Sense
2025-07-18T06:14:10Z,78.0,Sense
2025-07-18T06:14:15Z,80.0,Sense
2025-07-18T06:14:25Z,81.0,Sense
2025-07-18T06:14:35Z,83.0,Sense
2025-07-18T06:14:40Z,87.0,Sense
2025-07-18T06:14:45Z,86.0,Sense
2025-07-18T06:14:55Z,84.0,Sense
2025-07-18T06:15:05Z,83.0,Sense
2025-07-18T06:15:15Z,82.0,Sense
2025-07-18T06:15:20Z,79.0,Sense
2025-07-18T06:15:25Z,75.0,Sense
2025-07-18T06:15:40Z,75.0,Sense
2025-07-18T06:15:45Z,75.0,Sense
2025-07-18T06:15:50Z,76.0,Sense
2025-07-18T06:16:05Z,77.0,Sense
2025-07-18T06:16:10Z,76.0,Sense
2025-07-18T06:16:15Z,76.0,Sense
2025-07-18T06:16:30Z,76.0,Sense
2025-07-18T06:16:35Z,77.0,Sense
2025-07-18T06:16:40Z,79.0,Sense
2025-07-18T06:16:45Z,81.0,Sense
2025-07-18T06:16:50Z,80.0,Sense
2025-07-18T06:17:00Z,82.0,Sense
2025-07-18T06:17:05Z,85.0,Sense
2025-07-18T06:17:10Z,84.0,Sense
2025-07-18T06:17:20Z,83.0,Sense
2025-07-18T06:17:25Z,82.0,Sense
2025-07-18T06:17:40Z,82.0,Sense
2025-07-18T06:17:45Z,81.0,Sense
2025-07-18T06:17:50Z,80.0,Sense
2025-07-18T06:17:55Z,81.0,Sense
2025-07-18T06:18:00Z,80.0,Sense
2025-07-18T06:18:05Z,79.0,Sense
2025-07-18T06:18:20Z,80.0,Sense
2025-07-18T06:18:35Z,79.0,Sense
2025-07-18T06:18:40Z,78.0,Sense
2025-07-18T06:18:50Z,79.0,Sense
2025-07-18T06:18:55Z,74.0,Sense
2025-07-18T06:19:00Z,76.0,Sense
2025-07-18T06:19:05Z,77.0,Sense
2025-07-18T06:19:20Z,77.0,Sense
2025-07-18T06:19:30Z,78.0,Sense
2025-07-18T06:19:35Z,77.0,Sense
2025-07-18T06:19:40Z,79.0,Sense
2025-07-18T06:19:45Z,80.0,Sense
2025-07-18T06:20:00Z,80.0,Sense
2025-07-18T06:20:15Z,80.0,Sense
2025-07-18T06:20:20Z,79.0,Sense
2025-07-18T06:20:30Z,78.0,Sense
2025-07-18T06:20:45Z,85.0,Sense
2025-07-18T06:20:55Z,78.0,Sense
2025-07-18T06:21:00Z,74.0,Sense
2025-07-18T06:21:10Z,78.0,Sense
2025-07-18T06:21:15Z,78.0,Sense
2025-07-18T06:21:20Z,76.0,Sense
2025-07-18T06:21:25Z,75.0,Sense
2025-07-18T06:21:40Z,76.0,Sense
2025-07-18T06:21:50Z,77.0,Sense
2025-07-18T06:22:00Z,79.0,Sense
2025-07-18T06:22:05Z,80.0,Sense
2025-07-18T06:22:20Z,80.0,Sense
2025-07-18T06:22:35Z,80.0,Sense
2025-07-18T06:22:40Z,81.0,Sense
2025-07-18T06:22:50Z,80.0,Sense
2025-07-18T06:22:55Z,73.0,Sense
2025-07-18T06:23:00Z,72.0,Sense
2025-07-18T06:23:05Z,71.0,Sense
2025-07-18T06:23:20Z,71.0,Sense
2025-07-18T06:23:30Z,72.0,Sense
2025-07-18T06:23:35Z,73.0,Sense
2025-07-18T06:23:40Z,74.0,Sense
2025-07-18T06:23:55Z,75.0,Sense
2025-07-18T06:24:00Z,76.0,Sense
2025-07-18T06:24:10Z,77.0,Sense
2025-07-18T06:24:15Z,78.0,Sense
2025-07-18T06:24:30Z,78.0,Sense
2025-07-18T06:24:35Z,79.0,Sense
2025-07-18T06:24:50Z,81.0,Sense
2025-07-18T06:25:00Z,77.0,Sense
2025-07-18T06:25:05Z,75.0,Sense
2025-07-18T06:25:20Z,76.0,Sense
2025-07-18T06:25:30Z,76.0,Sense
2025-07-18T06:25:45Z,76.0,Sense
2025-07-18T06:25:50Z,77.0,Sense
2025-07-18T06:25:55Z,78.0,Sense
2025-07-18T06:26:05Z,73.0,Sense
2025-07-18T06:26:10Z,72.0,Sense
2025-07-18T06:26:20Z,73.0,Sense
2025-07-18T06:26:25Z,73.0,Sense
2025-07-18T06:26:35Z,74.0,Sense
2025-07-18T06:26:50Z,75.0,Sense
2025-07-18T06:27:00Z,77.0,Sense
2025-07-18T06:27:05Z,80.0,Sense
2025-07-18T06:27:10Z,81.0,Sense
2025-07-18T06:27:25Z,81.0,Sense
2025-07-18T06:27:30Z,80.0,Sense
2025-07-18T06:27:35Z,79.0,Sense
2025-07-18T06:27:40Z,80.0,Sense
2025-07-18T06:27:45Z,81.0,Sense
2025-07-18T06:28:00Z,81.0,Sense
2025-07-18T06:28:10Z,82.0,Sense
2025-07-18T06:28:15Z,83.0,Sense
2025-07-18T06:28:20Z,82.0,Sense
2025-07-18T06:28:25Z,83.0,Sense
2025-07-18T06:28:40Z,83.0,Sense
2025-07-18T06:28:50Z,84.0,Sense
2025-07-18T06:28:55Z,85.0,Sense
2025-07-18T06:29:00Z,84.0,Sense
2025-07-18T06:29:05Z,83.0,Sense
2025-07-18T06:29:15Z,81.0,Sense
2025-07-18T06:29:30Z,85.0,Sense
2025-07-18T06:29:35Z,87.0,Sense
2025-07-18T06:29:40Z,86.0,Sense
2025-07-18T06:29:45Z,84.0,Sense
2025-07-18T06:29:50Z,85.0,Sense
2025-07-18T06:30:00Z,84.0,Sense
2025-07-18T06:30:15Z,83.0,Sense
2025-07-18T06:30:20Z,78.0,Sense
2025-07-18T06:30:25Z,73.0,Sense
2025-07-18T06:30:35Z,76.0,Sense
2025-07-18T06:30:40Z,77.0,Sense
2025-07-18T06:30:55Z,77.0,Sense
2025-07-18T06:31:05Z,78.0,Sense
2025-07-18T06:31:15Z,77.0,Sense
2025-07-18T06:31:20Z,78.0,Sense
2025-07-18T06:31:25Z,77.0,Sense
2025-07-18T06:31:30Z,79.0,Sense
2025-07-18T06:31:35Z,80.0,Sense
2025-07-18T06:31:40Z,81.0,Sense
2025-07-18T06:31:45Z,80.0,Sense
2025-07-18T06:32:00Z,79.0,Sense
2025-07-18T06:32:05Z,80.0,Sense
2025-07-18T06:32:10Z,71.0,Sense
2025-07-18T06:32:25Z,71.0,Sense
2025-07-18T06:32:30Z,78.0,Sense
2025-07-18T06:32:35Z,84.0,Sense
2025-07-18T06:32:45Z,83.0,Sense
2025-07-18T06:33:00Z,83.0,Sense
2025-07-18T06:33:05Z,82.0,Sense
2025-07-18T06:33:20Z,82.0,Sense
2025-07-18T06:33:25Z,83.0,Sense
2025-07-18T06:33:30Z,81.0,Sense
2025-07-18T06:33:40Z,80.0,Sense
2025-07-18T06:33:50Z,79.0,Sense
2025-07-18T06:34:00Z,80.0,Sense
2025-07-18T06:34:10Z,79.0,Sense
2025-07-18T06:34:15Z,79.0,Sense
2025-07-18T06:34:20Z,78.0,Sense
2025-07-18T06:34:30Z,79.0,Sense
2025-07-18T06:34:45Z,79.0,Sense
2025-07-18T06:34:50Z,78.0,Sense
2025-07-18T06:34:55Z,79.0,Sense
2025-07-18T06:35:10Z,78.0,Sense
2025-07-18T06:35:15Z,77.0,Sense
2025-07-18T06:35:25Z,72.0,Sense
2025-07-18T06:35:30Z,71.0,Sense
2025-07-18T06:35:40Z,72.0,Sense
2025-07-18T06:35:50Z,79.0,Sense
2025-07-18T06:35:55Z,87.0,Sense
2025-07-18T06:36:05Z,86.0,Sense
2025-07-18T06:36:15Z,87.0,Sense
2025-07-18T06:36:20Z,86.0,Sense
2025-07-18T06:36:35Z,87.0,Sense
2025-07-18T06:36:50Z,87.0,Sense
2025-07-18T06:37:05Z,86.0,Sense
2025-07-18T06:37:10Z,80.0,Sense
2025-07-18T06:37:15Z,78.0,Sense
2025-07-18T06:37:30Z,78.0,Sense
2025-07-18T06:37:40Z,77.0,Sense
2025-07-18T06:37:50Z,78.0,Sense
2025-07-18T06:38:00Z,80.0,Sense
2025-07-18T06:38:10Z,78.0,Sense
2025-07-18T06:38:15Z,79.0,Sense
2025-07-18T06:38:20Z,78.0,Sense
2025-07-18T06:38:25Z,75.0,Sense
2025-07-18T06:38:30Z,74.0,Sense
2025-07-18T06:38:45Z,74.0,Sense
2025-07-18T06:38:50Z,75.0,Sense
2025-07-18T06:38:55Z,74.0,Sense
2025-07-18T06:39:00Z,74.0,Sense
2025-07-18T06:39:15Z,74.0,Sense
2025-07-18T06:39:20Z,75.0,Sense
2025-07-18T06:39:25Z,76.0,Sense
2025-07-18T06:39:30Z,75.0,Sense
2025-07-18T06:39:35Z,76.0,Sense
2025-07-18T06:39:45Z,77.0,Sense
2025-07-18T06:40:00Z,78.0,Sense
2025-07-18T06:40:10Z,79.0,Sense
2025-07-18T06:40:15Z,78.0,Sense
2025-07-18T06:40:25Z,77.0,Sense
2025-07-18T06:40:40Z,78.0,Sense
2025-07-18T06:40:45Z,77.0,Sense
2025-07-18T06:40:50Z,78.0,Sense
2025-07-18T06:41:00Z,77.0,Sense
2025-07-18T06:41:15Z,79.0,Sense
2025-07-18T06:41:20Z,80.0,Sense
2025-07-18T06:41:25Z,79.0,Sense
2025-07-18T06:41:40Z,79.0,Sense
2025-07-18T06:41:45Z,75.0,Sense
2025-07-18T06:41:50Z,69.0,Sense
2025-07-18T06:42:05Z,70.0,Sense
2025-07-18T06:42:15Z,71.0,Sense
2025-07-18T06:42:20Z,74.0,Sense
2025-07-18T06:42:30Z,73.0,Sense
2025-07-18T06:42:40Z,74.0,Sense
2025-07-18T06:42:45Z,74.0,Sense
2025-07-18T06:43:00Z,74.0,Sense
2025-07-18T06:43:05Z,80.0,Sense
2025-07-18T06:43:10Z,90.0,Sense
2025-07-18T06:43:20Z,89.0,Sense
2025-07-18T06:43:35Z,89.0,Sense
2025-07-18T06:43:40Z,88.0,Sense
2025-07-18T06:43:50Z,87.0,Sense
2025-07-18T06:44:00Z,86.0,Sense
2025-07-18T06:44:10Z,87.0,Sense
2025-07-18T06:44:15Z,86.0,Sense
2025-07-18T06:44:30Z,86.0,Sense
2025-07-18T06:44:40Z,85.0,Sense
2025-07-18T06:44:45Z,76.0,Sense
2025-07-18T06:44:55Z,77.0,Sense
2025-07-18T06:45:10Z,76.0,Sense
2025-07-18T06:45:15Z,77.0,Sense
2025-07-18T06:45:20Z,76.0,Sense
2025-07-18T06:45:25Z,75.0,Sense
2025-07-18T06:45:30Z,75.0,Sense
2025-07-18T06:45:40Z,76.0,Sense
2025-07-18T06:45:45Z,79.0,Sense
2025-07-18T06:45:50Z,80.0,Sense
2025-07-18T06:45:55Z,78.0,Sense
2025-07-18T06:46:00Z,77.0,Sense
2025-07-18T06:46:10Z,78.0,Sense
2025-07-18T06:46:25Z,79.0,Sense
2025-07-18T06:46:30Z,80.0,Sense
2025-07-18T06:46:45Z,80.0,Sense
2025-07-18T06:46:50Z,81.0,Sense
2025-07-18T06:46:55Z,80.0,Sense
2025-07-18T06:47:00Z,81.0,Sense
2025-07-18T06:47:10Z,82.0,Sense
2025-07-18T06:47:15Z,84.0,Sense
2025-07-18T06:47:30Z,83.0,Sense
2025-07-18T06:47:45Z,84.0,Sense
2025-07-18T06:47:50Z,85.0,Sense
2025-07-18T06:47:55Z,84.0,Sense
2025-07-18T06:48:00Z,85.0,Sense
2025-07-18T06:48:05Z,84.0,Sense
2025-07-18T06:48:10Z,83.0,Sense
2025-07-18T06:48:15Z,81.0,Sense
2025-07-18T06:48:20Z,80.0,Sense
2025-07-18T06:48:25Z,79.0,Sense
2025-07-18T07:35:54Z,86.0,Sense
2025-07-18T07:36:04Z,86.0,Sense
2025-07-18T07:36:14Z,90.0,Sense
2025-07-18T07:36:19Z,87.0,Sense
2025-07-18T07:36:24Z,89.0,Sense
2025-07-18T07:36:29Z,86.0,Sense
2025-07-18T07:36:34Z,87.0,Sense
2025-07-18T07:36:39Z,88.0,Sense
2025-07-18T07:36:44Z,86.0,Sense
2025-07-18T07:36:49Z,80.0,Sense
2025-07-18T07:36:54Z,79.0,Sense
2025-07-18T07:37:04Z,80.0,Sense
2025-07-18T07:37:14Z,81.0,Sense
2025-07-18T07:37:19Z,82.0,Sense
2025-07-18T07:37:24Z,83.0,Sense
2025-07-18T07:37:29Z,82.0,Sense
2025-07-18T07:37:39Z,81.0,Sense
2025-07-18T07:37:44Z,80.0,Sense
2025-07-18T07:37:59Z,81.0,Sense
2025-07-18T07:38:09Z,82.0,Sense
2025-07-18T07:38:19Z,83.0,Sense
2025-07-18T07:38:24Z,85.0,Sense
2025-07-18T07:38:29Z,82.0,Sense
2025-07-18T07:38:34Z,75.0,Sense
2025-07-18T07:38:39Z,76.0,Sense
2025-07-18T07:38:44Z,78.0,Sense
2025-07-18T07:38:49Z,82.0,Sense
2025-07-18T07:38:54Z,78.0,Sense
2025-07-18T07:38:59Z,76.0,Sense
2025-07-18T07:39:04Z,78.0,Sense
2025-07-18T07:39:09Z,75.0,Sense
2025-07-18T07:39:14Z,79.0,Sense
2025-07-18T07:39:24Z,78.0,Sense
2025-07-18T07:39:34Z,77.0,Sense
2025-07-18T07:39:39Z,74.0,Sense
2025-07-18T07:39:44Z,76.0,Sense
2025-07-18T07:39:49Z,77.0,Sense
2025-07-18T07:39:54Z,78.0,Sense
2025-07-18T07:39:59Z,76.0,Sense
2025-07-18T07:40:04Z,77.0,Sense
2025-07-18T07:40:09Z,78.0,Sense
2025-07-18T07:40:14Z,79.0,Sense
2025-07-18T07:40:19Z,80.0,Sense
2025-07-18T07:40:24Z,78.0,Sense
2025-07-18T07:40:34Z,79.0,Sense
2025-07-18T07:40:39Z,78.0,Sense
2025-07-18T07:40:44Z,76.0,Sense
2025-07-18T07:40:49Z,78.0,Sense
2025-07-18T07:40:54Z,80.0,Sense
2025-07-18T07:41:09Z,81.0,Sense
2025-07-18T07:41:19Z,80.0,Sense
2025-07-18T07:41:29Z,81.0,Sense
2025-07-18T07:41:34Z,82.0,Sense
2025-07-18T07:41:39Z,83.0,Sense
2025-07-18T07:41:44Z,83.0,Sense
2025-07-18T07:41:54Z,82.0,Sense
2025-07-18T07:41:59Z,81.0,Sense
2025-07-18T07:42:04Z,82.0,Sense
2025-07-18T07:42:14Z,81.0,Sense
2025-07-18T07:42:19Z,82.0,Sense
2025-07-18T07:42:24Z,83.0,Sense
2025-07-18T07:42:29Z,82.0,Sense
2025-07-18T07:42:34Z,81.0,Sense
2025-07-18T07:42:39Z,83.0,Sense
2025-07-18T07:42:44Z,84.0,Sense
2025-07-18T07:42:49Z,83.0,Sense
2025-07-18T07:42:54Z,84.0,Sense
2025-07-18T07:42:59Z,83.0,Sense
2025-07-18T07:43:04Z,82.0,Sense
2025-07-18T07:43:09Z,81.0,Sense
2025-07-18T07:43:24Z,75.0,Sense
2025-07-18T07:43:29Z,74.0,Sense
2025-07-18T07:43:44Z,74.0,Sense
2025-07-18T07:43:49Z,75.0,Sense
2025-07-18T07:43:54Z,76.0,Sense
2025-07-18T07:43:59Z,82.0,Sense
2025-07-18T07:44:04Z,84.0,Sense
2025-07-18T07:44:14Z,83.0,Sense
2025-07-18T07:44:29Z,83.0,Sense
2025-07-18T07:44:34Z,83.0,Sense
2025-07-18T07:44:44Z,82.0,Sense
2025-07-18T07:44:49Z,83.0,Sense
2025-07-18T07:44:54Z,82.0,Sense
2025-07-18T07:44:59Z,73.0,Sense
2025-07-18T07:45:04Z,74.0,Sense
2025-07-18T07:45:09Z,78.0,Sense
2025-07-18T07:45:14Z,79.0,Sense
2025-07-18T07:45:19Z,78.0,Sense
2025-07-18T07:45:29Z,79.0,Sense
2025-07-18T07:45:34Z,80.0,Sense
2025-07-18T07:45:39Z,82.0,Sense
2025-07-18T07:45:49Z,81.0,Sense
2025-07-18T07:46:04Z,73.0,Sense
2025-07-18T07:46:14Z,74.0,Sense
2025-07-18T07:46:29Z,75.0,Sense
2025-07-18T07:46:39Z,75.0,Sense
2025-07-18T07:46:49Z,76.0,Sense
2025-07-18T07:46:54Z,75.0,Sense
2025-07-18T07:47:09Z,75.0,Sense
2025-07-18T07:47:19Z,76.0,Sense
2025-07-18T07:47:29Z,74.0,Sense
2025-07-18T07:47:34Z,72.0,Sense
2025-07-18T07:47:39Z,73.0,Sense
2025-07-18T07:47:49Z,74.0,Sense
2025-07-18T07:47:54Z,74.0,Sense
2025-07-18T07:47:59Z,75.0,Sense
2025-07-18T07:48:09Z,76.0,Sense
2025-07-18T07:48:14Z,85.0,Sense
2025-07-18T07:48:19Z,97.0,Sense
2025-07-18T07:48:24Z,96.0,Sense
2025-07-18T07:48:29Z,95.0,Sense
2025-07-18T07:48:34Z,93.0,Sense
2025-07-18T07:48:44Z,91.0,Sense
2025-07-18T07:48:49Z,90.0,Sense
2025-07-18T07:48:54Z,88.0,Sense
2025-07-18T07:49:09Z,88.0,Sense
2025-07-18T07:49:19Z,87.0,Sense
2025-07-18T07:49:34Z,87.0,Sense
2025-07-18T07:49:39Z,88.0,Sense
2025-07-18T07:49:54Z,87.0,Sense
2025-07-18T07:49:59Z,86.0,Sense
2025-07-18T07:50:14Z,85.0,Sense
2025-07-18T07:50:29Z,84.0,Sense
2025-07-18T07:50:34Z,83.0,Sense
2025-07-18T07:50:39Z,82.0,Sense
2025-07-18T07:50:44Z,81.0,Sense
2025-07-18T07:50:54Z,80.0,Sense
2025-07-18T07:51:04Z,81.0,Sense
2025-07-18T07:51:19Z,80.0,Sense
2025-07-18T07:51:24Z,79.0,Sense
2025-07-18T07:51:29Z,78.0,Sense
2025-07-18T07:51:44Z,78.0,Sense
2025-07-18T07:51:49Z,80.0,Sense
2025-07-18T07:51:54Z,86.0,Sense
2025-07-18T07:52:04Z,85.0,Sense
2025-07-18T07:52:09Z,86.0,Sense
2025-07-18T07:52:14Z,85.0,Sense
2025-07-18T07:52:29Z,84.0,Sense
2025-07-18T07:52:34Z,83.0,Sense
2025-07-18T07:52:39Z,75.0,Sense
2025-07-18T07:52:54Z,75.0,Sense
2025-07-18T07:53:04Z,75.0,Sense
2025-07-18T07:53:19Z,76.0,Sense
2025-07-18T07:53:29Z,77.0,Sense
2025-07-18T07:53:44Z,80.0,Sense
2025-07-18T07:53:49Z,83.0,Sense
2025-07-18T07:53:59Z,82.0,Sense
2025-07-18T07:54:04Z,81.0,Sense
2025-07-18T07:54:09Z,81.0,Sense
2025-07-18T07:54:14Z,82.0,Sense
2025-07-18T07:54:19Z,83.0,Sense
2025-07-18T07:54:24Z,84.0,Sense
2025-07-18T07:54:29Z,83.0,Sense
2025-07-18T07:54:44Z,83.0,Sense
2025-07-18T07:54:59Z,82.0,Sense
2025-07-18T07:55:14Z,82.0,Sense
2025-07-18T07:55:19Z,79.0,Sense
2025-07-18T07:55:24Z,76.0,Sense
2025-07-18T07:55:39Z,76.0,Sense
2025-07-18T07:55:44Z,77.0,Sense
2025-07-18T07:55:49Z,77.0,Sense
2025-07-18T07:56:04Z,77.0,Sense
2025-07-18T07:56:14Z,78.0,Sense
2025-07-18T07:56:24Z,77.0,Sense
2025-07-18T07:56:29Z,78.0,Sense
2025-07-18T07:56:34Z,77.0,Sense
2025-07-18T07:56:39Z,78.0,Sense
2025-07-18T07:56:49Z,77.0,Sense
2025-07-18T07:56:54Z,78.0,Sense
2025-07-18T07:56:59Z,79.0,Sense
2025-07-18T07:57:09Z,81.0,Sense
2025-07-18T07:57:14Z,80.0,Sense
2025-07-18T07:57:19Z,77.0,Sense
2025-07-18T07:57:29Z,84.0,Sense
2025-07-18T07:57:34Z,88.0,Sense
2025-07-18T07:57:49Z,88.0,Sense
2025-07-18T07:58:04Z,87.0,Sense
2025-07-18T07:58:09Z,86.0,Sense
2025-07-18T07:58:14Z,85.0,Sense
2025-07-18T07:58:24Z,84.0,Sense
2025-07-18T07:58:34Z,85.0,Sense
2025-07-18T07:58:44Z,86.0,Sense
2025-07-18T07:58:49Z,87.0,Sense
2025-07-18T07:59:04Z,87.0,Sense
2025-07-18T07:59:09Z,86.0,Sense
2025-07-18T07:59:14Z,85.0,Sense
2025-07-18T07:59:29Z,85.0,Sense
2025-07-18T07:59:34Z,85.0,Sense
2025-07-18T07:59:44Z,86.0,Sense
2025-07-18T07:59:49Z,88.0,Sense
2025-07-18T07:59:59Z,87.0,Sense
2025-07-18T08:00:04Z,86.0,Sense
2025-07-18T08:00:09Z,86.0,Sense
2025-07-18T08:00:24Z,87.0,Sense
2025-07-18T08:00:39Z,86.0,Sense
2025-07-18T08:00:54Z,85.0,Sense
2025-07-18T08:00:59Z,84.0,Sense
2025-07-18T08:01:09Z,85.0,Sense
2025-07-18T08:01:14Z,111.0,Sense
2025-07-18T08:01:29Z,109.0,Sense
2025-07-18T08:01:34Z,104.0,Sense
2025-07-18T08:01:39Z,100.0,Sense
2025-07-18T08:01:44Z,96.0,Sense
2025-07-18T08:01:49Z,95.0,Sense
2025-07-18T08:01:54Z,93.0,Sense
2025-07-18T08:01:59Z,91.0,Sense
2025-07-18T08:02:04Z,87.0,Sense
2025-07-18T08:02:09Z,83.0,Sense
2025-07-18T08:02:19Z,82.0,Sense
2025-07-18T08:02:29Z,81.0,Sense
2025-07-18T08:02:39Z,80.0,Sense
2025-07-18T08:02:44Z,79.0,Sense
2025-07-18T08:02:49Z,78.0,Sense
2025-07-18T08:02:54Z,77.0,Sense
2025-07-18T08:03:04Z,78.0,Sense
2025-07-18T08:03:09Z,79.0,Sense
2025-07-18T08:03:14Z,81.0,Sense
2025-07-18T08:03:19Z,82.0,Sense
2025-07-18T08:03:24Z,83.0,Sense
2025-07-18T08:03:29Z,82.0,Sense
2025-07-18T08:03:34Z,83.0,Sense
2025-07-18T08:03:39Z,84.0,Sense
2025-07-18T08:03:54Z,85.0,Sense
2025-07-18T08:04:09Z,86.0,Sense
2025-07-18T08:04:14Z,85.0,Sense
2025-07-18T08:04:19Z,84.0,Sense
2025-07-18T08:04:29Z,81.0,Sense
2025-07-18T08:04:34Z,81.0,Sense
2025-07-18T08:04:49Z,81.0,Sense
2025-07-18T08:04:54Z,80.0,Sense
2025-07-18T08:05:09Z,80.0,Sense
2025-07-18T08:05:24Z,79.0,Sense
2025-07-18T08:05:29Z,78.0,Sense
2025-07-18T08:05:44Z,78.0,Sense
2025-07-18T08:05:59Z,77.0,Sense
2025-07-18T08:06:04Z,76.0,Sense
2025-07-18T08:06:09Z,78.0,Sense
2025-07-18T08:06:14Z,83.0,Sense
2025-07-18T08:06:19Z,83.0,Sense
2025-07-18T08:06:29Z,82.0,Sense
2025-07-18T08:06:44Z,82.0,Sense
2025-07-18T08:06:59Z,81.0,Sense
2025-07-18T08:07:14Z,81.0,Sense
2025-07-18T08:07:29Z,80.0,Sense
2025-07-18T08:07:44Z,79.0,Sense
2025-07-18T08:07:54Z,80.0,Sense
2025-07-18T08:07:59Z,81.0,Sense
2025-07-18T08:08:09Z,82.0,Sense
2025-07-18T08:08:24Z,82.0,Sense
2025-07-18T08:08:39Z,81.0,Sense
2025-07-18T08:08:44Z,82.0,Sense
2025-07-18T08:08:49Z,84.0,Sense
2025-07-18T08:08:59Z,82.0,Sense
2025-07-18T08:09:04Z,81.0,Sense
2025-07-18T08:09:09Z,80.0,Sense
2025-07-18T08:09:24Z,79.0,Sense
2025-07-18T08:09:29Z,78.0,Sense
2025-07-18T08:09:34Z,75.0,Sense
2025-07-18T08:09:44Z,76.0,Sense
2025-07-18T08:09:49Z,77.0,Sense
2025-07-18T08:09:59Z,76.0,Sense
2025-07-18T08:10:04Z,75.0,Sense
2025-07-18T08:10:09Z,76.0,Sense
2025-07-18T08:10:14Z,75.0,Sense
2025-07-18T08:10:24Z,76.0,Sense
2025-07-18T08:10:29Z,76.0,Sense
2025-07-18T08:10:34Z,75.0,Sense
2025-07-18T08:10:44Z,76.0,Sense
2025-07-18T08:10:54Z,73.0,Sense
2025-07-18T08:10:59Z,83.0,Sense
2025-07-18T08:11:04Z,85.0,Sense
2025-07-18T08:11:09Z,84.0,Sense
2025-07-18T08:11:24Z,84.0,Sense
2025-07-18T08:11:29Z,83.0,Sense
2025-07-18T08:11:39Z,81.0,Sense
2025-07-18T08:11:44Z,79.0,Sense
2025-07-18T08:11:49Z,78.0,Sense
2025-07-18T08:11:59Z,77.0,Sense
2025-07-18T08:12:04Z,76.0,Sense
2025-07-18T08:12:19Z,77.0,Sense
2025-07-18T08:12:29Z,78.0,Sense
2025-07-18T08:12:34Z,79.0,Sense
2025-07-18T08:12:39Z,80.0,Sense
2025-07-18T08:12:44Z,79.0,Sense
2025-07-18T08:12:49Z,80.0,Sense
2025-07-18T08:12:54Z,81.0,Sense
2025-07-18T08:13:09Z,82.0,Sense
2025-07-18T08:13:14Z,85.0,Sense
2025-07-18T08:13:19Z,84.0,Sense
2025-07-18T08:13:29Z,81.0,Sense
2025-07-18T08:13:44Z,78.0,Sense
2025-07-18T08:13:49Z,72.0,Sense
2025-07-18T08:13:54Z,73.0,Sense
2025-07-18T08:14:04Z,74.0,Sense
2025-07-18T08:14:09Z,76.0,Sense
2025-07-18T08:14:14Z,77.0,Sense
2025-07-18T08:14:29Z,76.0,Sense
2025-07-18T08:14:34Z,75.0,Sense
2025-07-18T08:14:39Z,75.0,Sense
2025-07-18T08:14:49Z,76.0,Sense
2025-07-18T08:14:54Z,77.0,Sense
2025-07-18T08:15:04Z,78.0,Sense
2025-07-18T08:15:09Z,79.0,Sense
2025-07-18T08:15:14Z,78.0,Sense
2025-07-18T08:15:24Z,77.0,Sense
2025-07-18T08:15:39Z,76.0,Sense
2025-07-18T08:15:49Z,77.0,Sense
2025-07-18T08:15:59Z,78.0,Sense
2025-07-18T08:16:04Z,80.0,Sense
2025-07-18T08:16:19Z,80.0,Sense
2025-07-18T08:16:29Z,81.0,Sense
2025-07-18T08:16:34Z,82.0,Sense
2025-07-18T08:16:39Z,81.0,Sense
2025-07-18T08:16:44Z,80.0,Sense
2025-07-18T08:16:49Z,81.0,Sense
2025-07-18T08:16:54Z,79.0,Sense
2025-07-18T08:17:04Z,80.0,Sense
2025-07-18T08:17:19Z,80.0,Sense
2025-07-18T08:17:24Z,80.0,Sense
2025-07-18T08:17:34Z,76.0,Sense
2025-07-18T08:17:39Z,75.0,Sense
2025-07-18T08:17:54Z,75.0,Sense
2025-07-18T08:17:59Z,71.0,Sense
2025-07-18T08:18:04Z,70.0,Sense
2025-07-18T08:18:09Z,71.0,Sense
2025-07-18T08:18:24Z,72.0,Sense
2025-07-18T08:18:29Z,73.0,Sense
2025-07-18T08:18:44Z,76.0,Sense
2025-07-18T08:18:49Z,77.0,Sense
2025-07-18T08:18:54Z,78.0,Sense
2025-07-18T08:18:59Z,79.0,Sense
2025-07-18T08:19:14Z,80.0,Sense
2025-07-18T08:19:19Z,79.0,Sense
2025-07-18T08:19:29Z,80.0,Sense
2025-07-18T08:19:39Z,81.0,Sense
2025-07-18T08:19:54Z,82.0,Sense
2025-07-18T08:19:59Z,83.0,Sense
2025-07-18T08:20:04Z,84.0,Sense
2025-07-18T08:20:19Z,84.0,Sense
2025-07-18T08:20:29Z,83.0,Sense
2025-07-18T08:20:34Z,81.0,Sense
2025-07-18T08:20:49Z,81.0,Sense
2025-07-18T08:21:04Z,74.0,Sense
2025-07-18T08:21:19Z,75.0,Sense
2025-07-18T08:21:24Z,76.0,Sense
2025-07-18T08:21:29Z,77.0,Sense
2025-07-18T08:21:34Z,78.0,Sense
2025-07-18T08:21:39Z,79.0,Sense
2025-07-18T08:21:44Z,80.0,Sense
2025-07-18T08:21:49Z,81.0,Sense
2025-07-18T08:21:54Z,83.0,Sense
2025-07-18T08:21:59Z,82.0,Sense
2025-07-18T08:22:04Z,81.0,Sense
2025-07-18T08:22:19Z,81.0,Sense
2025-07-18T08:22:24Z,79.0,Sense
2025-07-18T08:22:29Z,71.0,Sense
2025-07-18T08:22:44Z,72.0,Sense
2025-07-18T08:22:54Z,73.0,Sense
2025-07-18T08:23:09Z,73.0,Sense
2025-07-18T08:23:14Z,74.0,Sense
2025-07-18T08:23:19Z,75.0,Sense
2025-07-18T08:23:24Z,71.0,Sense
2025-07-18T08:23:29Z,69.0,Sense
2025-07-18T08:23:39Z,79.0,Sense
2025-07-18T08:23:44Z,85.0,Sense
2025-07-18T08:23:49Z,86.0,Sense
2025-07-18T08:24:04Z,85.0,Sense
2025-07-18T08:24:09Z,84.0,Sense
2025-07-18T08:24:19Z,83.0,Sense
2025-07-18T08:24:24Z,84.0,Sense
2025-07-18T08:24:34Z,85.0,Sense
2025-07-18T08:24:39Z,86.0,Sense
2025-07-18T08:24:49Z,85.0,Sense
2025-07-18T08:25:04Z,85.0,Sense
2025-07-18T08:25:09Z,86.0,Sense
2025-07-18T08:25:19Z,87.0,Sense
2025-07-18T08:25:24Z,77.0,Sense
2025-07-18T08:25:29Z,72.0,Sense
2025-07-18T08:25:39Z,75.0,Sense
2025-07-18T08:25:44Z,83.0,Sense
2025-07-18T08:25:49Z,84.0,Sense
2025-07-18T08:26:04Z,83.0,Sense
2025-07-18T08:26:09Z,83.0,Sense
2025-07-18T08:26:24Z,82.0,Sense
2025-07-18T08:26:39Z,82.0,Sense
2025-07-18T08:26:44Z,90.0,Sense
2025-07-18T08:26:49Z,97.0,Sense
2025-07-18T08:26:54Z,95.0,Sense
2025-07-18T08:26:59Z,94.0,Sense
2025-07-18T08:27:04Z,93.0,Sense
2025-07-18T08:27:09Z,92.0,Sense
2025-07-18T08:27:14Z,92.0,Sense
2025-07-18T08:27:19Z,91.0,Sense
2025-07-18T08:27:24Z,89.0,Sense
2025-07-18T08:27:29Z,88.0,Sense
2025-07-18T08:27:34Z,88.0,Sense
2025-07-18T08:27:39Z,86.0,Sense
2025-07-18T08:27:54Z,85.0,Sense
2025-07-18T08:27:59Z,86.0,Sense
2025-07-18T08:28:09Z,84.0,Sense
2025-07-18T08:28:19Z,85.0,Sense
2025-07-18T08:28:34Z,85.0,Sense
2025-07-18T08:28:39Z,83.0,Sense
2025-07-18T08:28:44Z,77.0,Sense
2025-07-18T08:28:49Z,76.0,Sense
2025-07-18T08:29:04Z,76.0,Sense
2025-07-18T08:29:09Z,76.0,Sense
2025-07-18T08:29:14Z,77.0,Sense
2025-07-18T08:29:24Z,78.0,Sense
2025-07-18T08:29:34Z,79.0,Sense
2025-07-18T08:29:39Z,80.0,Sense
2025-07-18T08:29:49Z,76.0,Sense
2025-07-18T08:30:04Z,77.0,Sense
2025-07-18T08:30:14Z,78.0,Sense
2025-07-18T08:30:19Z,78.0,Sense
2025-07-18T08:30:29Z,74.0,Sense
2025-07-18T08:30:34Z,74.0,Sense
2025-07-18T08:30:49Z,74.0,Sense
2025-07-18T08:30:59Z,75.0,Sense
2025-07-18T08:31:04Z,74.0,Sense
2025-07-18T08:31:09Z,75.0,Sense
2025-07-18T08:31:14Z,82.0,Sense
2025-07-18T08:31:19Z,82.0,Sense
2025-07-18T08:31:34Z,81.0,Sense
2025-07-18T08:31:44Z,81.0,Sense
2025-07-18T08:31:54Z,80.0,Sense
2025-07-18T08:32:09Z,79.0,Sense
2025-07-18T08:32:19Z,74.0,Sense
2025-07-18T08:32:24Z,70.0,Sense
2025-07-18T08:32:29Z,71.0,Sense
2025-07-18T08:32:44Z,71.0,Sense
2025-07-18T08:32:49Z,73.0,Sense
2025-07-18T08:32:59Z,72.0,Sense
2025-07-18T08:33:04Z,72.0,Sense
2025-07-18T08:33:19Z,72.0,Sense
2025-07-18T08:33:24Z,73.0,Sense
2025-07-18T08:33:29Z,74.0,Sense
2025-07-18T08:33:34Z,74.0,Sense
2025-07-18T08:33:39Z,72.0,Sense
2025-07-18T08:33:44Z,70.0,Sense
2025-07-18T08:33:59Z,71.0,Sense
2025-07-18T08:34:09Z,73.0,Sense
2025-07-18T08:34:14Z,74.0,Sense
2025-07-18T08:34:29Z,74.0,Sense
2025-07-18T08:34:34Z,75.0,Sense
2025-07-18T08:34:49Z,76.0,Sense
2025-07-18T08:34:54Z,77.0,Sense
2025-07-18T08:35:09Z,78.0,Sense
2025-07-18T08:35:14Z,81.0,Sense
2025-07-18T08:35:19Z,83.0,Sense
2025-07-18T08:35:29Z,82.0,Sense
2025-07-18T08:35:39Z,83.0,Sense
2025-07-18T08:35:49Z,83.0,Sense
2025-07-18T08:35:54Z,82.0,Sense
2025-07-18T08:36:04Z,83.0,Sense
2025-07-18T08:36:14Z,84.0,Sense
2025-07-18T08:36:19Z,83.0,Sense
2025-07-18T08:36:29Z,83.0,Sense
2025-07-18T08:36:34Z,82.0,Sense
2025-07-18T08:36:49Z,81.0,Sense
2025-07-18T08:36:59Z,80.0,Sense
2025-07-18T08:37:04Z,79.0,Sense
2025-07-18T08:37:14Z,78.0,Sense
2025-07-18T08:37:19Z,79.0,Sense
2025-07-18T08:37:29Z,82.0,Sense
2025-07-18T08:37:44Z,81.0,Sense
2025-07-18T08:37:49Z,78.0,Sense
2025-07-18T08:37:54Z,77.0,Sense
2025-07-18T08:38:09Z,77.0,Sense
2025-07-18T08:38:24Z,77.0,Sense
2025-07-18T08:38:29Z,80.0,Sense
2025-07-18T08:38:44Z,81.0,Sense
2025-07-18T08:38:54Z,81.0,Sense
2025-07-18T08:39:04Z,80.0,Sense
2025-07-18T08:39:09Z,76.0,Sense
2025-07-18T08:39:14Z,74.0,Sense
2025-07-18T08:39:19Z,76.0,Sense
2025-07-18T08:39:34Z,76.0,Sense
2025-07-18T08:39:39Z,76.0,Sense
2025-07-18T08:39:44Z,75.0,Sense
2025-07-18T08:39:59Z,75.0,Sense
2025-07-18T08:40:04Z,76.0,Sense
2025-07-18T08:40:19Z,76.0,Sense
2025-07-18T08:40:29Z,77.0,Sense
2025-07-18T08:40:44Z,78.0,Sense
2025-07-18T08:40:49Z,79.0,Sense
2025-07-18T08:41:04Z,78.0,Sense
2025-07-18T08:41:19Z,78.0,Sense
2025-07-18T08:41:29Z,77.0,Sense
2025-07-18T08:41:34Z,73.0,Sense
2025-07-18T08:41:49Z,74.0,Sense
2025-07-18T08:41:54Z,75.0,Sense
2025-07-18T08:41:59Z,75.0,Sense
2025-07-18T08:42:04Z,76.0,Sense
2025-07-18T08:42:09Z,76.0,Sense
2025-07-18T08:42:24Z,77.0,Sense
2025-07-18T08:42:39Z,80.0,Sense
2025-07-18T08:42:44Z,83.0,Sense
2025-07-18T08:42:54Z,82.0,Sense
2025-07-18T08:43:04Z,83.0,Sense
2025-07-18T08:43:09Z,90.0,Sense
2025-07-18T08:43:14Z,91.0,Sense
2025-07-18T08:43:19Z,90.0,Sense
2025-07-18T08:43:24Z,90.0,Sense
2025-07-18T08:43:29Z,89.0,Sense
2025-07-18T08:43:39Z,88.0,Sense
2025-07-18T08:43:54Z,88.0,Sense
2025-07-18T08:43:59Z,87.0,Sense
2025-07-18T08:44:04Z,85.0,Sense
2025-07-18T08:44:19Z,85.0,Sense
2025-07-18T08:44:24Z,84.0,Sense
2025-07-18T08:44:29Z,83.0,Sense
2025-07-18T08:44:34Z,82.0,Sense
2025-07-18T08:44:44Z,83.0,Sense
2025-07-18T08:44:54Z,84.0,Sense
2025-07-18T08:44:59Z,83.0,Sense
2025-07-18T08:45:09Z,82.0,Sense
2025-07-18T08:45:14Z,81.0,Sense
2025-07-18T08:45:24Z,80.0,Sense
2025-07-18T08:45:34Z,79.0,Sense
2025-07-18T08:45:39Z,80.0,Sense
2025-07-18T08:45:54Z,82.0,Sense
2025-07-18T08:46:09Z,83.0,Sense
2025-07-18T08:46:19Z,82.0,Sense
2025-07-18T08:46:24Z,82.0,Sense
2025-07-18T08:46:34Z,81.0,Sense
2025-07-18T08:46:39Z,80.0,Sense
2025-07-18T08:46:49Z,79.0,Sense
2025-07-18T08:46:54Z,78.0,Sense
2025-07-18T08:46:59Z,79.0,Sense
2025-07-18T08:47:04Z,78.0,Sense
2025-07-18T08:47:09Z,73.0,Sense
2025-07-18T08:47:24Z,73.0,Sense
2025-07-18T08:47:29Z,74.0,Sense
2025-07-18T08:47:44Z,79.0,Sense
2025-07-18T08:47:49Z,80.0,Sense
2025-07-18T08:47:54Z,81.0,Sense
2025-07-18T08:48:09Z,81.0,Sense
2025-07-18T08:48:24Z,82.0,Sense
2025-07-18T08:48:29Z,83.0,Sense
2025-07-18T08:48:39Z,82.0,Sense
2025-07-18T08:48:44Z,81.0,Sense
2025-07-18T08:48:49Z,82.0,Sense
2025-07-18T08:48:54Z,83.0,Sense
2025-07-18T08:48:59Z,82.0,Sense
2025-07-18T08:49:04Z,83.0,Sense
2025-07-18T08:49:09Z,81.0,Sense
2025-07-18T08:49:14Z,80.0,Sense
2025-07-18T08:49:29Z,81.0,Sense
2025-07-18T08:49:39Z,83.0,Sense
2025-07-18T08:49:49Z,81.0,Sense
2025-07-18T08:49:54Z,80.0,Sense
2025-07-18T08:49:59Z,81.0,Sense
2025-07-18T08:50:14Z,80.0,Sense
2025-07-18T08:50:24Z,75.0,Sense
2025-07-18T08:50:29Z,74.0,Sense
2025-07-18T08:50:44Z,74.0,Sense
2025-07-18T08:50:49Z,74.0,Sense
2025-07-18T08:50:54Z,74.0,Sense
2025-07-18T08:50:59Z,73.0,Sense
2025-07-18T08:51:04Z,73.0,Sense
2025-07-18T08:51:14Z,74.0,Sense
2025-07-18T08:51:24Z,76.0,Sense
2025-07-18T08:51:29Z,77.0,Sense
2025-07-18T08:51:34Z,78.0,Sense
2025-07-18T08:51:44Z,77.0,Sense
2025-07-18T08:51:54Z,78.0,Sense
2025-07-18T08:51:59Z,79.0,Sense
2025-07-18T08:52:09Z,81.0,Sense
2025-07-18T08:52:14Z,82.0,Sense
2025-07-18T08:52:19Z,80.0,Sense
2025-07-18T08:52:24Z,80.0,Sense
2025-07-18T08:52:39Z,80.0,Sense
2025-07-18T08:52:49Z,80.0,Sense
2025-07-18T08:52:54Z,81.0,Sense
2025-07-18T08:53:09Z,81.0,Sense
2025-07-18T08:53:14Z,80.0,Sense
2025-07-18T08:53:29Z,80.0,Sense
2025-07-18T08:53:34Z,81.0,Sense
2025-07-18T08:53:39Z,82.0,Sense
2025-07-18T08:53:49Z,81.0,Sense
2025-07-18T08:53:54Z,80.0,Sense
2025-07-18T08:53:59Z,79.0,Sense
2025-07-18T08:54:04Z,80.0,Sense
2025-07-18T08:54:09Z,85.0,Sense
2025-07-18T08:54:14Z,80.0,Sense
2025-07-18T08:54:19Z,76.0,Sense
2025-07-18T08:54:29Z,75.0,Sense
2025-07-18T08:54:44Z,76.0,Sense
2025-07-18T08:54:49Z,75.0,Sense
2025-07-18T08:55:04Z,76.0,Sense
2025-07-18T08:55:09Z,75.0,Sense
2025-07-18T08:55:14Z,76.0,Sense
2025-07-18T08:55:19Z,77.0,Sense
2025-07-18T08:55:34Z,78.0,Sense
2025-07-18T08:55:44Z,79.0,Sense
2025-07-18T08:55:49Z,80.0,Sense
2025-07-18T08:56:04Z,81.0,Sense
2025-07-18T08:56:09Z,82.0,Sense
2025-07-18T08:56:19Z,74.0,Sense
2025-07-18T08:56:29Z,75.0,Sense
2025-07-18T08:56:39Z,79.0,Sense
2025-07-18T08:56:44Z,78.0,Sense
2025-07-18T08:56:59Z,78.0,Sense
2025-07-18T08:57:04Z,79.0,Sense
2025-07-18T08:57:09Z,79.0,Sense
2025-07-18T08:57:14Z,81.0,Sense
2025-07-18T08:57:29Z,81.0,Sense
2025-07-18T08:57:44Z,80.0,Sense
2025-07-18T08:57:49Z,77.0,Sense
2025-07-18T08:58:04Z,78.0,Sense
2025-07-18T08:58:09Z,77.0,Sense
2025-07-18T08:58:14Z,77.0,Sense
2025-07-18T08:58:24Z,76.0,Sense
2025-07-18T08:58:39Z,76.0,Sense
2025-07-18T08:58:44Z,78.0,Sense
2025-07-18T08:58:49Z,77.0,Sense
2025-07-18T08:59:04Z,78.0,Sense
2025-07-18T08:59:14Z,79.0,Sense
2025-07-18T08:59:24Z,73.0,Sense
2025-07-18T08:59:29Z,72.0,Sense
2025-07-18T08:59:44Z,73.0,Sense
2025-07-18T08:59:59Z,74.0,Sense
2025-07-18T09:00:04Z,75.0,Sense
2025-07-18T09:00:14Z,73.0,Sense
2025-07-18T09:00:29Z,73.0,Sense
2025-07-18T09:00:44Z,73.0,Sense
2025-07-18T09:00:49Z,74.0,Sense
2025-07-18T09:00:59Z,75.0,Sense
2025-07-18T09:01:04Z,76.0,Sense
2025-07-18T09:01:19Z,76.0,Sense
2025-07-18T09:01:29Z,75.0,Sense
2025-07-18T09:01:34Z,75.0,Sense
2025-07-18T09:01:49Z,75.0,Sense
2025-07-18T09:01:59Z,76.0,Sense
2025-07-18T09:02:04Z,77.0,Sense
2025-07-18T09:02:14Z,76.0,Sense
2025-07-18T09:02:29Z,77.0,Sense
2025-07-18T09:02:34Z,78.0,Sense
2025-07-18T09:02:39Z,77.0,Sense
2025-07-18T09:02:44Z,76.0,Sense
2025-07-18T09:02:54Z,77.0,Sense
2025-07-18T09:02:59Z,76.0,Sense
2025-07-18T09:03:14Z,76.0,Sense
2025-07-18T09:03:19Z,75.0,Sense
2025-07-18T09:03:24Z,77.0,Sense
2025-07-18T09:03:34Z,76.0,Sense
2025-07-18T09:03:39Z,73.0,Sense
2025-07-18T09:03:49Z,74.0,Sense
2025-07-18T09:03:54Z,77.0,Sense
2025-07-18T09:03:59Z,79.0,Sense
2025-07-18T09:04:04Z,84.0,Sense
2025-07-18T09:04:09Z,79.0,Sense
2025-07-18T09:04:24Z,79.0,Sense
2025-07-18T09:04:29Z,79.0,Sense
2025-07-18T09:04:34Z,80.0,Sense
2025-07-18T09:04:39Z,83.0,Sense
2025-07-18T09:04:49Z,82.0,Sense
2025-07-18T09:04:59Z,82.0,Sense
2025-07-18T09:05:04Z,81.0,Sense
2025-07-18T09:05:14Z,82.0,Sense
2025-07-18T09:05:19Z,78.0,Sense
2025-07-18T09:05:24Z,76.0,Sense
2025-07-18T09:05:39Z,76.0,Sense
2025-07-18T09:05:44Z,75.0,Sense
2025-07-18T09:05:49Z,76.0,Sense
2025-07-18T09:05:54Z,75.0,Sense
2025-07-18T09:05:59Z,76.0,Sense
2025-07-18T09:06:04Z,78.0,Sense
2025-07-18T09:06:19Z,78.0,Sense
2025-07-18T09:06:29Z,79.0,Sense
2025-07-18T09:06:39Z,78.0,Sense
2025-07-18T09:06:44Z,78.0,Sense
2025-07-18T09:06:49Z,77.0,Sense
2025-07-18T09:06:59Z,78.0,Sense
2025-07-18T09:07:04Z,79.0,Sense
2025-07-18T09:07:09Z,78.0,Sense
2025-07-18T09:07:24Z,79.0,Sense
2025-07-18T09:07:29Z,80.0,Sense
2025-07-18T09:07:34Z,79.0,Sense
2025-07-18T09:07:39Z,78.0,Sense
2025-07-18T09:07:49Z,79.0,Sense
2025-07-18T09:07:54Z,80.0,Sense
2025-07-18T09:07:59Z,79.0,Sense
2025-07-18T09:08:04Z,80.0,Sense
2025-07-18T09:08:09Z,81.0,Sense
2025-07-18T09:08:14Z,82.0,Sense
2025-07-18T09:08:19Z,83.0,Sense
2025-07-18T09:08:24Z,84.0,Sense
2025-07-18T09:08:39Z,85.0,Sense
2025-07-18T09:08:49Z,83.0,Sense
2025-07-18T09:08:54Z,82.0,Sense
2025-07-18T09:08:59Z,82.0,Sense
2025-07-18T09:09:04Z,79.0,Sense
2025-07-18T09:09:09Z,78.0,Sense
2025-07-18T09:09:19Z,77.0,Sense
2025-07-18T09:09:34Z,77.0,Sense
2025-07-18T09:09:44Z,78.0,Sense
2025-07-18T09:09:59Z,79.0,Sense
2025-07-18T09:10:09Z,78.0,Sense
2025-07-18T09:10:14Z,79.0,Sense
2025-07-18T09:10:29Z,80.0,Sense
2025-07-18T09:10:39Z,79.0,Sense
2025-07-18T09:10:49Z,78.0,Sense
2025-07-18T09:10:54Z,79.0,Sense
2025-07-18T09:10:59Z,80.0,Sense
2025-07-18T09:11:04Z,79.0,Sense
2025-07-18T09:11:09Z,78.0,Sense
2025-07-18T09:11:24Z,79.0,Sense
2025-07-18T09:11:29Z,81.0,Sense
2025-07-18T09:11:34Z,80.0,Sense
2025-07-18T09:11:49Z,81.0,Sense
2025-07-18T09:11:54Z,80.0,Sense
2025-07-18T09:12:04Z,79.0,Sense
2025-07-18T09:12:14Z,78.0,Sense
2025-07-18T09:12:19Z,76.0,Sense
2025-07-18T09:12:24Z,76.0,Sense
2025-07-18T09:12:39Z,76.0,Sense
2025-07-18T09:12:44Z,76.0,Sense
2025-07-18T09:12:49Z,76.0,Sense
2025-07-18T09:12:54Z,77.0,Sense
2025-07-18T09:13:04Z,76.0,Sense
2025-07-18T09:13:14Z,77.0,Sense
2025-07-18T09:13:19Z,76.0,Sense
2025-07-18T09:13:24Z,77.0,Sense
2025-07-18T09:13:39Z,77.0,Sense
2025-07-18T09:13:49Z,78.0,Sense
2025-07-18T09:13:54Z,79.0,Sense
2025-07-18T09:14:09Z,78.0,Sense
2025-07-18T09:14:19Z,79.0,Sense
2025-07-18T09:14:24Z,80.0,Sense
2025-07-18T09:14:34Z,79.0,Sense
2025-07-18T09:14:39Z,78.0,Sense
2025-07-18T09:14:44Z,79.0,Sense
2025-07-18T09:14:49Z,78.0,Sense
2025-07-18T09:15:04Z,78.0,Sense
2025-07-18T09:15:09Z,79.0,Sense
2025-07-18T09:15:19Z,79.0,Sense
2025-07-18T09:15:24Z,81.0,Sense
2025-07-18T09:15:29Z,77.0,Sense
2025-07-18T09:15:34Z,71.0,Sense
2025-07-18T09:15:49Z,72.0,Sense
2025-07-18T09:16:04Z,71.0,Sense
2025-07-18T09:16:14Z,72.0,Sense
2025-07-18T09:16:19Z,73.0,Sense
2025-07-18T09:16:24Z,74.0,Sense
2025-07-18T09:16:29Z,74.0,Sense
2025-07-18T09:16:44Z,73.0,Sense
2025-07-18T09:16:59Z,74.0,Sense
2025-07-18T09:17:04Z,75.0,Sense
2025-07-18T09:17:14Z,76.0,Sense
2025-07-18T09:17:19Z,77.0,Sense
2025-07-18T09:17:24Z,75.0,Sense
2025-07-18T09:17:29Z,72.0,Sense
2025-07-18T09:17:44Z,73.0,Sense
2025-07-18T09:17:54Z,72.0,Sense
2025-07-18T09:18:04Z,73.0,Sense
2025-07-18T09:18:09Z,78.0,Sense
2025-07-18T09:18:14Z,85.0,Sense
2025-07-18T09:18:19Z,79.0,Sense
2025-07-18T09:18:24Z,78.0,Sense
2025-07-18T09:18:39Z,78.0,Sense
2025-07-18T09:18:44Z,77.0,Sense
2025-07-18T09:18:49Z,76.0,Sense
2025-07-18T09:18:54Z,74.0,Sense
2025-07-18T09:18:59Z,73.0,Sense
2025-07-18T09:19:14Z,73.0,Sense
2025-07-18T09:19:19Z,74.0,Sense
2025-07-18T09:19:24Z,75.0,Sense
2025-07-18T09:19:29Z,74.0,Sense
2025-07-18T09:19:34Z,75.0,Sense
2025-07-18T09:19:44Z,76.0,Sense
2025-07-18T09:19:49Z,75.0,Sense
2025-07-18T09:19:54Z,75.0,Sense
2025-07-18T09:19:59Z,74.0,Sense
2025-07-18T09:20:04Z,74.0,Sense
2025-07-18T09:20:09Z,75.0,Sense
2025-07-18T09:20:19Z,74.0,Sense
2025-07-18T09:20:29Z,75.0,Sense
2025-07-18T09:20:34Z,76.0,Sense
2025-07-18T09:20:49Z,78.0,Sense
2025-07-18T09:20:54Z,80.0,Sense
2025-07-18T09:20:59Z,78.0,Sense
2025-07-18T09:21:04Z,76.0,Sense
2025-07-18T09:21:09Z,79.0,Sense
2025-07-18T09:21:14Z,86.0,Sense
2025-07-18T09:21:29Z,85.0,Sense
2025-07-18T09:21:34Z,84.0,Sense
2025-07-18T09:21:49Z,84.0,Sense
2025-07-18T09:21:54Z,83.0,Sense
2025-07-18T09:21:59Z,82.0,Sense
2025-07-18T09:22:14Z,82.0,Sense
2025-07-18T09:22:19Z,75.0,Sense
2025-07-18T09:22:24Z,71.0,Sense
2025-07-18T09:22:34Z,72.0,Sense
2025-07-18T09:22:44Z,74.0,Sense
2025-07-18T09:22:49Z,74.0,Sense
2025-07-18T09:22:54Z,75.0,Sense
2025-07-18T09:23:09Z,75.0,Sense
2025-07-18T09:23:14Z,76.0,Sense
2025-07-18T09:23:19Z,80.0,Sense
2025-07-18T09:23:24Z,84.0,Sense
2025-07-18T09:23:29Z,87.0,Sense
2025-07-18T09:23:34Z,88.0,Sense
2025-07-18T09:23:49Z,88.0,Sense
2025-07-18T09:23:54Z,87.0,Sense
2025-07-18T09:24:04Z,88.0,Sense
2025-07-18T09:24:09Z,87.0,Sense
2025-07-18T09:24:14Z,86.0,Sense
2025-07-18T09:24:19Z,87.0,Sense
2025-07-18T09:24:29Z,106.0,Sense
2025-07-18T09:24:34Z,115.0,Sense
2025-07-18T09:24:39Z,111.0,Sense
2025-07-18T09:24:44Z,106.0,Sense
2025-07-18T09:24:59Z,105.0,Sense
2025-07-18T09:25:09Z,100.0,Sense
2025-07-18T09:25:14Z,96.0,Sense
2025-07-18T09:25:19Z,92.0,Sense
2025-07-18T09:25:24Z,73.0,Sense
2025-07-18T09:25:29Z,72.0,Sense
2025-07-18T09:25:34Z,71.0,Sense
2025-07-18T09:25:49Z,72.0,Sense
2025-07-18T09:25:54Z,72.0,Sense
2025-07-18T09:26:09Z,74.0,Sense
2025-07-18T09:26:14Z,75.0,Sense
2025-07-18T09:26:29Z,75.0,Sense
2025-07-18T09:26:34Z,74.0,Sense
2025-07-18T09:26:49Z,75.0,Sense
2025-07-18T09:26:59Z,74.0,Sense
2025-07-18T09:27:04Z,75.0,Sense
2025-07-18T09:27:09Z,76.0,Sense
2025-07-18T09:27:14Z,75.0,Sense
2025-07-18T09:27:29Z,78.0,Sense
2025-07-18T09:27:44Z,77.0,Sense
2025-07-18T09:27:59Z,77.0,Sense
2025-07-18T09:28:04Z,76.0,Sense
2025-07-18T09:28:19Z,77.0,Sense
2025-07-18T09:28:24Z,78.0,Sense
2025-07-18T09:28:29Z,79.0,Sense
2025-07-18T09:28:34Z,80.0,Sense
2025-07-18T09:28:39Z,79.0,Sense
2025-07-18T09:28:49Z,80.0,Sense
2025-07-18T09:28:54Z,79.0,Sense
2025-07-18T09:29:04Z,78.0,Sense
2025-07-18T09:29:19Z,78.0,Sense
2025-07-18T09:29:34Z,78.0,Sense
2025-07-18T09:29:39Z,78.0,Sense
2025-07-18T09:29:44Z,80.0,Sense
2025-07-18T09:29:49Z,82.0,Sense
2025-07-18T09:29:54Z,81.0,Sense
2025-07-18T09:30:04Z,82.0,Sense
2025-07-18T09:30:14Z,81.0,Sense
2025-07-18T09:30:19Z,80.0,Sense
2025-07-18T09:30:34Z,80.0,Sense
2025-07-18T09:30:39Z,82.0,Sense
2025-07-18T09:30:49Z,81.0,Sense
2025-07-18T09:30:54Z,80.0,Sense
2025-07-18T09:30:59Z,77.0,Sense
2025-07-18T09:31:14Z,77.0,Sense
2025-07-18T09:31:29Z,78.0,Sense
2025-07-18T09:31:34Z,78.0,Sense
2025-07-18T09:31:49Z,77.0,Sense
2025-07-18T09:31:59Z,78.0,Sense
2025-07-18T09:32:14Z,77.0,Sense
2025-07-18T09:32:19Z,76.0,Sense
2025-07-18T09:32:29Z,77.0,Sense
2025-07-18T09:32:44Z,77.0,Sense
2025-07-18T09:32:49Z,76.0,Sense
2025-07-18T09:33:04Z,77.0,Sense
2025-07-18T09:33:09Z,77.0,Sense
2025-07-18T09:33:14Z,76.0,Sense
2025-07-18T09:33:19Z,77.0,Sense
2025-07-18T09:33:24Z,79.0,Sense
2025-07-18T09:33:34Z,78.0,Sense
2025-07-18T09:33:44Z,79.0,Sense
2025-07-18T09:33:49Z,80.0,Sense
2025-07-18T09:33:54Z,80.0,Sense
2025-07-18T09:34:04Z,79.0,Sense
2025-07-18T09:34:09Z,80.0,Sense
2025-07-18T09:34:14Z,84.0,Sense
2025-07-18T09:34:19Z,83.0,Sense
2025-07-18T09:34:24Z,78.0,Sense
2025-07-18T09:34:34Z,79.0,Sense
2025-07-18T09:34:49Z,79.0,Sense
2025-07-18T09:34:54Z,80.0,Sense
2025-07-18T09:34:59Z,81.0,Sense
2025-07-18T09:35:14Z,80.0,Sense
2025-07-18T09:35:19Z,81.0,Sense
2025-07-18T09:35:24Z,82.0,Sense
2025-07-18T09:35:29Z,81.0,Sense
2025-07-18T09:35:34Z,80.0,Sense
2025-07-18T09:35:49Z,79.0,Sense
2025-07-18T09:35:54Z,80.0,Sense
2025-07-18T09:35:59Z,82.0,Sense
2025-07-18T09:36:04Z,84.0,Sense
2025-07-18T09:36:19Z,84.0,Sense
2025-07-18T09:36:24Z,83.0,Sense
2025-07-18T09:36:29Z,82.0,Sense
2025-07-18T09:36:34Z,81.0,Sense
2025-07-18T09:36:39Z,79.0,Sense
2025-07-18T09:36:44Z,80.0,Sense
2025-07-18T09:36:59Z,80.0,Sense
2025-07-18T09:37:04Z,80.0,Sense
2025-07-18T09:37:09Z,80.0,Sense
2025-07-18T09:37:14Z,81.0,Sense
2025-07-18T09:37:19Z,80.0,Sense
2025-07-18T09:37:24Z,79.0,Sense
2025-07-18T09:37:29Z,80.0,Sense
2025-07-18T09:37:34Z,79.0,Sense
2025-07-18T09:37:39Z,81.0,Sense
2025-07-18T09:37:44Z,85.0,Sense
2025-07-18T09:37:59Z,81.0,Sense
2025-07-18T09:38:04Z,78.0,Sense
2025-07-18T09:38:14Z,77.0,Sense
2025-07-18T09:38:24Z,78.0,Sense
2025-07-18T09:38:34Z,77.0,Sense
2025-07-18T09:38:39Z,78.0,Sense
2025-07-18T09:38:44Z,78.0,Sense
2025-07-18T09:38:59Z,78.0,Sense
2025-07-18T09:39:04Z,87.0,Sense
2025-07-18T09:39:09Z,89.0,Sense
2025-07-18T09:39:14Z,88.0,Sense
2025-07-18T09:39:19Z,85.0,Sense
2025-07-18T09:39:24Z,84.0,Sense
2025-07-18T09:39:34Z,83.0,Sense
2025-07-18T09:39:44Z,82.0,Sense
2025-07-18T09:39:49Z,81.0,Sense
2025-07-18T09:39:54Z,80.0,Sense
2025-07-18T09:40:09Z,80.0,Sense
2025-07-18T09:40:14Z,79.0,Sense
2025-07-18T09:40:19Z,79.0,Sense
2025-07-18T09:40:24Z,80.0,Sense
2025-07-18T09:40:34Z,81.0,Sense
2025-07-18T09:40:49Z,81.0,Sense
2025-07-18T09:40:59Z,82.0,Sense
2025-07-18T09:41:09Z,81.0,Sense
2025-07-18T09:41:19Z,83.0,Sense
2025-07-18T09:41:24Z,82.0,Sense
2025-07-18T09:41:29Z,83.0,Sense
2025-07-18T09:41:39Z,84.0,Sense
2025-07-18T09:41:49Z,86.0,Sense
2025-07-18T09:41:54Z,90.0,Sense
2025-07-18T09:42:09Z,90.0,Sense
2025-07-18T09:42:19Z,88.0,Sense
2025-07-18T09:42:24Z,87.0,Sense
2025-07-18T09:42:34Z,86.0,Sense
2025-07-18T09:42:49Z,85.0,Sense
2025-07-18T09:42:54Z,80.0,Sense
2025-07-18T09:43:09Z,80.0,Sense
2025-07-18T09:43:14Z,79.0,Sense
2025-07-18T09:43:19Z,79.0,Sense
2025-07-18T09:43:24Z,82.0,Sense
2025-07-18T09:43:29Z,82.0,Sense
2025-07-18T09:43:34Z,83.0,Sense
2025-07-18T09:43:39Z,82.0,Sense
2025-07-18T09:43:44Z,83.0,Sense
2025-07-18T09:43:49Z,83.0,Sense
2025-07-18T09:43:54Z,83.0,Sense
2025-07-18T09:43:59Z,84.0,Sense
2025-07-18T09:44:04Z,82.0,Sense
2025-07-18T09:44:19Z,81.0,Sense
2025-07-18T09:44:24Z,80.0,Sense
2025-07-18T09:44:29Z,79.0,Sense
2025-07-18T09:44:44Z,79.0,Sense
2025-07-18T09:44:49Z,80.0,Sense
2025-07-18T09:45:04Z,81.0,Sense
2025-07-18T09:45:14Z,80.0,Sense
2025-07-18T09:45:19Z,79.0,Sense
2025-07-18T09:45:24Z,78.0,Sense
2025-07-18T09:45:29Z,76.0,Sense
2025-07-18T09:45:34Z,77.0,Sense
2025-07-18T09:45:39Z,79.0,Sense
2025-07-18T09:45:44Z,83.0,Sense
2025-07-18T09:45:49Z,87.0,Sense
2025-07-18T09:45:54Z,81.0,Sense
2025-07-18T09:45:59Z,80.0,Sense
2025-07-18T09:46:14Z,80.0,Sense
2025-07-18T09:46:19Z,79.0,Sense
2025-07-18T09:46:24Z,80.0,Sense
2025-07-18T09:46:34Z,79.0,Sense
2025-07-18T09:46:49Z,79.0,Sense
2025-07-18T09:46:54Z,80.0,Sense
2025-07-18T09:47:04Z,79.0,Sense
2025-07-18T09:47:09Z,79.0,Sense
2025-07-18T09:47:14Z,78.0,Sense
2025-07-18T09:47:19Z,77.0,Sense
2025-07-18T09:47:34Z,78.0,Sense
2025-07-18T09:47:44Z,77.0,Sense
2025-07-18T09:47:49Z,78.0,Sense
2025-07-18T09:47:54Z,79.0,Sense
2025-07-18T09:48:04Z,80.0,Sense
2025-07-18T09:48:09Z,81.0,Sense
2025-07-18T09:48:14Z,80.0,Sense
2025-07-18T09:48:19Z,81.0,Sense
2025-07-18T09:48:24Z,80.0,Sense
2025-07-18T09:48:29Z,79.0,Sense
2025-07-18T09:48:34Z,75.0,Sense
2025-07-18T09:48:39Z,73.0,Sense
2025-07-18T09:48:54Z,73.0,Sense
2025-07-18T09:48:59Z,74.0,Sense
2025-07-18T09:49:04Z,74.0,Sense
2025-07-18T09:49:19Z,74.0,Sense
2025-07-18T09:49:24Z,75.0,Sense
2025-07-18T09:49:29Z,76.0,Sense
2025-07-18T09:49:44Z,76.0,Sense
2025-07-18T09:49:54Z,77.0,Sense
2025-07-18T09:49:59Z,78.0,Sense
2025-07-18T09:50:04Z,84.0,Sense
2025-07-18T09:50:09Z,86.0,Sense
2025-07-18T09:50:14Z,87.0,Sense
2025-07-18T09:50:19Z,86.0,Sense
2025-07-18T09:50:34Z,85.0,Sense
2025-07-18T09:50:39Z,84.0,Sense
2025-07-18T09:50:44Z,83.0,Sense
2025-07-18T09:50:49Z,82.0,Sense
2025-07-18T09:50:59Z,87.0,Sense
2025-07-18T09:51:04Z,92.0,Sense
2025-07-18T09:51:09Z,91.0,Sense
2025-07-18T09:51:19Z,90.0,Sense
2025-07-18T09:51:24Z,90.0,Sense
2025-07-18T09:51:29Z,89.0,Sense
2025-07-18T09:51:34Z,87.0,Sense
2025-07-18T09:51:44Z,86.0,Sense
2025-07-18T09:51:49Z,84.0,Sense
2025-07-18T09:51:54Z,83.0,Sense
2025-07-18T09:51:59Z,82.0,Sense
2025-07-18T09:52:09Z,84.0,Sense
2025-07-18T09:52:14Z,82.0,Sense
2025-07-18T09:52:29Z,81.0,Sense
2025-07-18T09:52:34Z,80.0,Sense
2025-07-18T09:52:39Z,81.0,Sense
2025-07-18T09:52:44Z,79.0,Sense
2025-07-18T09:52:59Z,79.0,Sense
2025-07-18T09:53:09Z,86.0,Sense
2025-07-18T09:53:14Z,87.0,Sense
2025-07-18T09:53:24Z,85.0,Sense
2025-07-18T09:53:29Z,80.0,Sense
2025-07-18T09:53:34Z,80.0,Sense
2025-07-18T09:53:49Z,80.0,Sense
2025-07-18T09:53:54Z,81.0,Sense
2025-07-18T09:54:09Z,81.0,Sense
2025-07-18T09:54:14Z,80.0,Sense
2025-07-18T09:54:29Z,81.0,Sense
2025-07-18T09:54:34Z,80.0,Sense
2025-07-18T09:54:49Z,80.0,Sense
2025-07-18T09:54:59Z,82.0,Sense
2025-07-18T09:55:04Z,81.0,Sense
2025-07-18T09:55:09Z,80.0,Sense
2025-07-18T09:55:14Z,79.0,Sense
2025-07-18T09:55:29Z,79.0,Sense
2025-07-18T09:55:39Z,80.0,Sense
2025-07-18T09:55:49Z,79.0,Sense
2025-07-18T09:55:59Z,80.0,Sense
2025-07-18T09:56:04Z,81.0,Sense
2025-07-18T09:56:19Z,82.0,Sense
2025-07-18T09:56:24Z,81.0,Sense
2025-07-18T09:56:34Z,82.0,Sense
2025-07-18T09:56:49Z,81.0,Sense
2025-07-18T09:56:59Z,82.0,Sense
2025-07-18T09:57:04Z,83.0,Sense
2025-07-18T09:57:09Z,82.0,Sense
2025-07-18T09:57:19Z,81.0,Sense
2025-07-18T09:57:34Z,82.0,Sense
2025-07-18T09:57:39Z,83.0,Sense
2025-07-18T09:57:44Z,83.0,Sense
2025-07-18T09:57:49Z,82.0,Sense
2025-07-18T09:57:54Z,81.0,Sense
2025-07-18T09:57:59Z,75.0,Sense
2025-07-18T09:58:04Z,73.0,Sense
2025-07-18T09:58:09Z,72.0,Sense
2025-07-18T09:58:19Z,73.0,Sense
2025-07-18T09:58:24Z,74.0,Sense
2025-07-18T09:58:29Z,74.0,Sense
2025-07-18T09:58:34Z,75.0,Sense
2025-07-18T09:58:44Z,76.0,Sense
2025-07-18T09:58:54Z,77.0,Sense
2025-07-18T09:59:01Z,77.0,Sense
2025-07-18T09:59:16Z,77.0,Sense
2025-07-18T09:59:26Z,78.0,Sense
2025-07-18T09:59:36Z,79.0,Sense
2025-07-18T09:59:41Z,80.0,Sense
2025-07-18T09:59:46Z,81.0,Sense
2025-07-18T09:59:56Z,80.0,Sense
2025-07-18T10:00:06Z,79.0,Sense
2025-07-18T10:00:11Z,80.0,Sense
2025-07-18T10:00:16Z,79.0,Sense
2025-07-18T10:00:31Z,78.0,Sense
2025-07-18T10:00:46Z,78.0,Sense
2025-07-18T10:00:56Z,77.0,Sense
2025-07-18T10:01:01Z,75.0,Sense
2025-07-18T10:01:06Z,71.0,Sense
2025-07-18T10:01:11Z,72.0,Sense
2025-07-18T10:01:21Z,73.0,Sense
2025-07-18T10:01:26Z,79.0,Sense
2025-07-18T10:01:31Z,78.0,Sense
2025-07-18T10:01:46Z,78.0,Sense
2025-07-18T10:01:56Z,78.0,Sense
2025-07-18T10:02:01Z,77.0,Sense
2025-07-18T10:02:06Z,77.0,Sense
2025-07-18T10:02:16Z,76.0,Sense
2025-07-18T10:02:21Z,77.0,Sense
2025-07-18T10:02:36Z,76.0,Sense
2025-07-18T10:02:41Z,75.0,Sense
2025-07-18T10:02:46Z,75.0,Sense
2025-07-18T10:02:56Z,75.0,Sense
2025-07-18T10:03:11Z,75.0,Sense
2025-07-18T10:03:26Z,74.0,Sense
2025-07-18T10:03:31Z,76.0,Sense
2025-07-18T10:03:36Z,77.0,Sense
2025-07-18T10:03:41Z,78.0,Sense
2025-07-18T10:03:51Z,76.0,Sense
2025-07-18T10:03:56Z,74.0,Sense
2025-07-18T10:04:01Z,75.0,Sense
2025-07-18T10:04:11Z,74.0,Sense
2025-07-18T10:04:16Z,73.0,Sense
2025-07-18T10:04:21Z,72.0,Sense
2025-07-18T10:04:36Z,73.0,Sense
2025-07-18T10:04:46Z,75.0,Sense
2025-07-18T10:04:51Z,76.0,Sense
2025-07-18T10:04:56Z,75.0,Sense
2025-07-18T10:05:06Z,76.0,Sense
2025-07-18T10:05:11Z,75.0,Sense
2025-07-18T10:05:21Z,77.0,Sense
2025-07-18T10:05:26Z,77.0,Sense
2025-07-18T10:05:31Z,78.0,Sense
2025-07-18T10:05:36Z,76.0,Sense
2025-07-18T10:05:41Z,74.0,Sense
2025-07-18T10:05:51Z,79.0,Sense
2025-07-18T10:06:01Z,80.0,Sense
2025-07-18T10:06:06Z,81.0,Sense
2025-07-18T10:06:11Z,81.0,Sense
2025-07-18T10:06:26Z,81.0,Sense
2025-07-18T10:06:31Z,80.0,Sense
2025-07-18T10:06:41Z,81.0,Sense
2025-07-18T10:06:51Z,82.0,Sense
2025-07-18T10:06:56Z,84.0,Sense
2025-07-18T10:07:01Z,83.0,Sense
2025-07-18T10:07:06Z,82.0,Sense
2025-07-18T10:07:11Z,79.0,Sense
2025-07-18T10:07:16Z,73.0,Sense
2025-07-18T10:07:21Z,74.0,Sense
2025-07-18T10:07:36Z,74.0,Sense
2025-07-18T10:07:41Z,75.0,Sense
2025-07-18T10:07:56Z,76.0,Sense
2025-07-18T10:08:11Z,77.0,Sense
2025-07-18T10:08:26Z,76.0,Sense
2025-07-18T10:08:31Z,77.0,Sense
2025-07-18T10:08:36Z,78.0,Sense
2025-07-18T10:08:41Z,79.0,Sense
2025-07-18T10:08:51Z,80.0,Sense
2025-07-18T10:08:56Z,81.0,Sense
2025-07-18T10:09:01Z,82.0,Sense
2025-07-18T10:09:16Z,82.0,Sense
2025-07-18T10:09:21Z,83.0,Sense
2025-07-18T10:09:36Z,82.0,Sense
2025-07-18T10:09:46Z,83.0,Sense
2025-07-18T10:10:01Z,83.0,Sense
2025-07-18T10:10:06Z,84.0,Sense
2025-07-18T10:10:11Z,83.0,Sense
2025-07-18T10:10:16Z,82.0,Sense
2025-07-18T10:10:21Z,83.0,Sense
2025-07-18T10:10:26Z,84.0,Sense
2025-07-18T10:10:36Z,83.0,Sense
2025-07-18T10:10:41Z,82.0,Sense
2025-07-18T10:10:56Z,87.0,Sense
2025-07-18T10:11:01Z,89.0,Sense
2025-07-18T10:11:16Z,89.0,Sense
2025-07-18T10:11:21Z,89.0,Sense
2025-07-18T10:11:26Z,88.0,Sense
2025-07-18T10:11:36Z,87.0,Sense
2025-07-18T10:11:41Z,85.0,Sense
2025-07-18T10:11:46Z,86.0,Sense
2025-07-18T10:12:01Z,85.0,Sense
2025-07-18T10:12:06Z,83.0,Sense
2025-07-18T10:12:21Z,84.0,Sense
2025-07-18T10:12:26Z,84.0,Sense
2025-07-18T10:12:36Z,82.0,Sense
2025-07-18T10:12:41Z,80.0,Sense
2025-07-18T10:12:51Z,81.0,Sense
2025-07-18T10:13:06Z,81.0,Sense
2025-07-18T10:13:21Z,81.0,Sense
2025-07-18T10:13:31Z,82.0,Sense
2025-07-18T10:13:41Z,80.0,Sense
2025-07-18T10:13:46Z,78.0,Sense
2025-07-18T10:13:51Z,77.0,Sense
2025-07-18T10:13:56Z,78.0,Sense
2025-07-18T10:14:11Z,78.0,Sense
2025-07-18T10:14:16Z,79.0,Sense
2025-07-18T10:14:21Z,79.0,Sense
2025-07-18T10:14:36Z,82.0,Sense
2025-07-18T10:14:41Z,84.0,Sense
2025-07-18T10:14:46Z,85.0,Sense
2025-07-18T10:14:56Z,84.0,Sense
2025-07-18T10:15:11Z,82.0,Sense
2025-07-18T10:15:16Z,73.0,Sense
2025-07-18T10:15:21Z,72.0,Sense
2025-07-18T10:15:26Z,75.0,Sense
2025-07-18T10:15:31Z,77.0,Sense
2025-07-18T10:15:46Z,77.0,Sense
2025-07-18T10:15:51Z,78.0,Sense
2025-07-18T10:15:56Z,77.0,Sense
2025-07-18T10:16:06Z,78.0,Sense
2025-07-18T10:16:21Z,79.0,Sense
2025-07-18T10:16:31Z,81.0,Sense
2025-07-18T10:16:36Z,84.0,Sense
2025-07-18T10:16:46Z,83.0,Sense
2025-07-18T10:16:56Z,82.0,Sense
2025-07-18T10:17:01Z,82.0,Sense
2025-07-18T10:17:16Z,83.0,Sense
2025-07-18T10:17:21Z,82.0,Sense
2025-07-18T10:17:26Z,83.0,Sense
2025-07-18T10:17:31Z,82.0,Sense
2025-07-18T10:17:36Z,80.0,Sense
2025-07-18T10:17:41Z,75.0,Sense
2025-07-18T10:17:46Z,74.0,Sense
2025-07-18T10:18:01Z,74.0,Sense
2025-07-18T10:18:11Z,74.0,Sense
2025-07-18T10:18:26Z,75.0,Sense
2025-07-18T10:18:36Z,76.0,Sense
2025-07-18T10:18:41Z,78.0,Sense
2025-07-18T10:18:51Z,78.0,Sense
2025-07-18T10:18:56Z,79.0,Sense
2025-07-18T10:19:01Z,80.0,Sense
2025-07-18T10:19:06Z,81.0,Sense
2025-07-18T10:19:21Z,82.0,Sense
2025-07-18T10:19:36Z,81.0,Sense
2025-07-18T10:19:46Z,82.0,Sense
2025-07-18T10:20:01Z,81.0,Sense
2025-07-18T10:20:06Z,79.0,Sense
2025-07-18T10:20:16Z,78.0,Sense
2025-07-18T10:20:21Z,77.0,Sense
2025-07-18T10:20:26Z,76.0,Sense
2025-07-18T10:20:31Z,76.0,Sense
2025-07-18T10:20:36Z,73.0,Sense
2025-07-18T10:20:51Z,74.0,Sense
2025-07-18T10:21:01Z,78.0,Sense
2025-07-18T10:21:06Z,79.0,Sense
2025-07-18T10:21:11Z,79.0,Sense
2025-07-18T10:21:16Z,78.0,Sense
2025-07-18T10:21:21Z,79.0,Sense
2025-07-18T10:21:31Z,81.0,Sense
2025-07-18T10:21:36Z,84.0,Sense
2025-07-18T10:21:41Z,83.0,Sense
2025-07-18T10:21:46Z,82.0,Sense
2025-07-18T10:22:01Z,82.0,Sense
2025-07-18T10:22:06Z,84.0,Sense
2025-07-18T10:22:11Z,88.0,Sense
2025-07-18T10:22:16Z,87.0,Sense
2025-07-18T10:22:31Z,87.0,Sense
2025-07-18T10:22:36Z,87.0,Sense
2025-07-18T10:22:41Z,86.0,Sense
2025-07-18T10:22:46Z,85.0,Sense
2025-07-18T10:22:51Z,83.0,Sense
2025-07-18T10:22:56Z,82.0,Sense
2025-07-18T10:23:06Z,83.0,Sense
2025-07-18T10:23:11Z,82.0,Sense
2025-07-18T10:23:26Z,82.0,Sense
2025-07-18T10:23:36Z,79.0,Sense
2025-07-18T10:23:46Z,83.0,Sense
2025-07-18T10:23:51Z,84.0,Sense
2025-07-18T10:24:06Z,84.0,Sense
2025-07-18T10:24:21Z,83.0,Sense
2025-07-18T10:24:31Z,84.0,Sense
2025-07-18T10:24:46Z,85.0,Sense
2025-07-18T10:24:51Z,84.0,Sense
2025-07-18T10:24:56Z,83.0,Sense
2025-07-18T10:25:01Z,82.0,Sense
2025-07-18T10:25:06Z,83.0,Sense
2025-07-18T10:25:21Z,82.0,Sense
2025-07-18T10:25:31Z,81.0,Sense
2025-07-18T10:25:46Z,80.0,Sense
2025-07-18T10:25:51Z,78.0,Sense
2025-07-18T10:25:56Z,77.0,Sense
2025-07-18T10:26:01Z,76.0,Sense
2025-07-18T10:26:16Z,78.0,Sense
2025-07-18T10:26:21Z,82.0,Sense
2025-07-18T10:26:26Z,83.0,Sense
2025-07-18T10:26:31Z,84.0,Sense
2025-07-18T10:26:36Z,83.0,Sense
2025-07-18T10:26:46Z,84.0,Sense
2025-07-18T10:26:51Z,84.0,Sense
2025-07-18T10:26:56Z,83.0,Sense
2025-07-18T10:27:11Z,81.0,Sense
2025-07-18T10:27:21Z,80.0,Sense
2025-07-18T10:27:26Z,79.0,Sense
2025-07-18T10:27:36Z,78.0,Sense
2025-07-18T10:27:51Z,77.0,Sense
2025-07-18T10:27:56Z,78.0,Sense
2025-07-18T10:28:11Z,79.0,Sense
2025-07-18T10:28:16Z,80.0,Sense
2025-07-18T10:28:31Z,79.0,Sense
2025-07-18T10:28:36Z,79.0,Sense
2025-07-18T10:28:41Z,78.0,Sense
2025-07-18T10:28:46Z,80.0,Sense
2025-07-18T10:28:51Z,79.0,Sense
2025-07-18T10:28:56Z,80.0,Sense
2025-07-18T10:29:01Z,81.0,Sense
2025-07-18T10:29:06Z,79.0,Sense
2025-07-18T10:29:11Z,78.0,Sense
2025-07-18T10:29:21Z,79.0,Sense
2025-07-18T10:29:26Z,78.0,Sense
2025-07-18T10:29:31Z,77.0,Sense
2025-07-18T10:29:46Z,76.0,Sense
2025-07-18T10:29:56Z,77.0,Sense
2025-07-18T10:30:01Z,76.0,Sense
2025-07-18T10:30:06Z,80.0,Sense
2025-07-18T10:30:11Z,84.0,Sense
2025-07-18T10:30:26Z,85.0,Sense
2025-07-18T10:30:31Z,84.0,Sense
2025-07-18T10:30:36Z,84.0,Sense
2025-07-18T10:30:41Z,83.0,Sense
2025-07-18T10:30:46Z,78.0,Sense
2025-07-18T10:30:51Z,77.0,Sense
2025-07-18T10:31:06Z,77.0,Sense
2025-07-18T10:31:11Z,78.0,Sense
2025-07-18T10:31:18Z,78.0,Sense
2025-07-18T10:31:28Z,75.0,Sense
2025-07-18T10:31:43Z,76.0,Sense
2025-07-18T10:31:53Z,77.0,Sense
2025-07-18T10:31:58Z,77.0,Sense
2025-07-18T10:32:08Z,78.0,Sense
2025-07-18T10:32:23Z,78.0,Sense
2025-07-18T10:32:28Z,79.0,Sense
2025-07-18T10:32:43Z,73.0,Sense
2025-07-18T10:32:58Z,72.0,Sense
2025-07-18T10:33:08Z,73.0,Sense
2025-07-18T10:33:18Z,74.0,Sense
2025-07-18T10:33:23Z,76.0,Sense
2025-07-18T10:33:33Z,77.0,Sense
2025-07-18T10:33:38Z,78.0,Sense
2025-07-18T10:33:43Z,77.0,Sense
2025-07-18T10:33:48Z,78.0,Sense
2025-07-18T10:34:03Z,78.0,Sense
2025-07-18T10:34:08Z,77.0,Sense
2025-07-18T10:34:13Z,73.0,Sense
2025-07-18T10:34:18Z,72.0,Sense
2025-07-18T10:34:33Z,80.0,Sense
2025-07-18T10:34:38Z,81.0,Sense
2025-07-18T10:34:48Z,80.0,Sense
2025-07-18T10:34:58Z,80.0,Sense
2025-07-18T10:35:13Z,81.0,Sense
2025-07-18T10:35:18Z,81.0,Sense
2025-07-18T10:35:23Z,82.0,Sense
2025-07-18T10:35:33Z,80.0,Sense
2025-07-18T10:35:48Z,80.0,Sense
2025-07-18T10:35:53Z,81.0,Sense
2025-07-18T10:36:03Z,79.0,Sense
2025-07-18T10:36:08Z,78.0,Sense
2025-07-18T10:36:18Z,79.0,Sense
2025-07-18T10:36:23Z,80.0,Sense
2025-07-18T10:36:28Z,77.0,Sense
2025-07-18T10:36:43Z,77.0,Sense
2025-07-18T10:36:58Z,77.0,Sense
2025-07-18T10:37:13Z,77.0,Sense
2025-07-18T10:37:18Z,78.0,Sense
2025-07-18T10:37:23Z,79.0,Sense
2025-07-18T10:37:28Z,78.0,Sense
2025-07-18T10:37:43Z,78.0,Sense
2025-07-18T10:37:48Z,81.0,Sense
2025-07-18T10:38:03Z,80.0,Sense
2025-07-18T10:38:08Z,80.0,Sense
2025-07-18T10:38:13Z,81.0,Sense
2025-07-18T10:38:18Z,82.0,Sense
2025-07-18T10:38:23Z,83.0,Sense
2025-07-18T10:38:28Z,84.0,Sense
2025-07-18T10:38:33Z,83.0,Sense
2025-07-18T10:38:38Z,85.0,Sense
2025-07-18T10:38:53Z,85.0,Sense
2025-07-18T10:38:58Z,79.0,Sense
2025-07-18T10:39:03Z,77.0,Sense
2025-07-18T10:39:08Z,75.0,Sense
2025-07-18T10:39:18Z,85.0,Sense
2025-07-18T10:39:28Z,84.0,Sense
2025-07-18T10:39:33Z,85.0,Sense
2025-07-18T10:39:38Z,87.0,Sense
2025-07-18T10:39:48Z,90.0,Sense
2025-07-18T10:39:58Z,87.0,Sense
2025-07-18T10:40:03Z,84.0,Sense
2025-07-18T10:40:18Z,83.0,Sense
2025-07-18T10:40:28Z,84.0,Sense
2025-07-18T10:40:33Z,84.0,Sense
2025-07-18T10:40:43Z,83.0,Sense
2025-07-18T10:40:48Z,82.0,Sense
2025-07-18T10:40:53Z,80.0,Sense
2025-07-18T10:41:08Z,80.0,Sense
2025-07-18T10:41:13Z,81.0,Sense
2025-07-18T10:41:28Z,83.0,Sense
2025-07-18T10:41:33Z,80.0,Sense
2025-07-18T10:41:48Z,80.0,Sense
2025-07-18T10:41:53Z,81.0,Sense
2025-07-18T10:41:58Z,80.0,Sense
2025-07-18T10:42:08Z,87.0,Sense
2025-07-18T10:42:23Z,87.0,Sense
2025-07-18T10:42:28Z,86.0,Sense
2025-07-18T10:42:33Z,86.0,Sense
2025-07-18T10:42:38Z,87.0,Sense
2025-07-18T10:42:43Z,85.0,Sense
2025-07-18T10:42:48Z,83.0,Sense
2025-07-18T10:42:53Z,84.0,Sense
2025-07-18T10:43:08Z,83.0,Sense
2025-07-18T10:43:13Z,82.0,Sense
2025-07-18T10:43:18Z,83.0,Sense
2025-07-18T10:43:23Z,84.0,Sense
2025-07-18T10:43:28Z,83.0,Sense
2025-07-18T10:43:33Z,81.0,Sense
2025-07-18T10:43:48Z,81.0,Sense
2025-07-18T10:43:58Z,81.0,Sense
2025-07-18T10:44:08Z,80.0,Sense
2025-07-18T10:44:23Z,80.0,Sense
2025-07-18T10:44:28Z,80.0,Sense
2025-07-18T10:44:33Z,81.0,Sense
2025-07-18T10:44:38Z,82.0,Sense
2025-07-18T10:44:53Z,82.0,Sense
2025-07-18T10:45:03Z,89.0,Sense
2025-07-18T10:45:08Z,91.0,Sense
2025-07-18T10:45:13Z,90.0,Sense
2025-07-18T10:45:23Z,89.0,Sense
2025-07-18T10:45:33Z,88.0,Sense
2025-07-18T10:45:38Z,87.0,Sense
2025-07-18T10:45:48Z,85.0,Sense
2025-07-18T10:45:53Z,86.0,Sense
2025-07-18T10:45:58Z,85.0,Sense
2025-07-18T10:46:03Z,84.0,Sense
2025-07-18T10:46:08Z,83.0,Sense
2025-07-18T10:46:13Z,88.0,Sense
2025-07-18T10:46:18Z,89.0,Sense
2025-07-18T10:46:23Z,87.0,Sense
2025-07-18T10:46:28Z,81.0,Sense
2025-07-18T10:46:43Z,81.0,Sense
2025-07-18T10:46:58Z,83.0,Sense
2025-07-18T10:47:03Z,89.0,Sense
2025-07-18T10:47:13Z,85.0,Sense
2025-07-18T10:47:18Z,78.0,Sense
2025-07-18T10:47:28Z,79.0,Sense
2025-07-18T10:47:38Z,80.0,Sense
2025-07-18T10:47:48Z,81.0,Sense
2025-07-18T10:47:53Z,81.0,Sense
2025-07-18T10:47:58Z,80.0,Sense
2025-07-18T10:48:03Z,75.0,Sense
2025-07-18T10:48:13Z,76.0,Sense
2025-07-18T10:48:28Z,77.0,Sense
2025-07-18T10:48:33Z,79.0,Sense
2025-07-18T10:48:43Z,76.0,Sense
2025-07-18T10:48:58Z,76.0,Sense
2025-07-18T10:49:08Z,77.0,Sense
2025-07-18T10:49:13Z,76.0,Sense
2025-07-18T10:49:23Z,75.0,Sense
2025-07-18T10:49:28Z,70.0,Sense
2025-07-18T10:49:33Z,70.0,Sense
2025-07-18T10:49:48Z,70.0,Sense
2025-07-18T10:49:53Z,71.0,Sense
2025-07-18T10:50:08Z,71.0,Sense
2025-07-18T10:50:18Z,72.0,Sense
2025-07-18T10:50:23Z,73.0,Sense
2025-07-18T10:50:33Z,74.0,Sense
2025-07-18T10:50:43Z,75.0,Sense
2025-07-18T10:50:48Z,76.0,Sense
2025-07-18T10:50:58Z,77.0,Sense
2025-07-18T10:51:03Z,78.0,Sense
2025-07-18T10:51:08Z,80.0,Sense
2025-07-18T10:51:13Z,81.0,Sense
2025-07-18T10:51:28Z,81.0,Sense
2025-07-18T10:51:43Z,81.0,Sense
2025-07-18T10:51:58Z,80.0,Sense
2025-07-18T10:52:13Z,81.0,Sense
2025-07-18T10:52:18Z,86.0,Sense
2025-07-18T10:52:23Z,87.0,Sense
2025-07-18T10:52:28Z,86.0,Sense
2025-07-18T10:52:38Z,87.0,Sense
2025-07-18T10:52:43Z,86.0,Sense
2025-07-18T10:52:53Z,85.0,Sense
2025-07-18T10:53:08Z,85.0,Sense
2025-07-18T10:53:13Z,84.0,Sense
2025-07-18T10:53:18Z,82.0,Sense
2025-07-18T10:53:23Z,81.0,Sense
2025-07-18T10:53:28Z,81.0,Sense
2025-07-18T10:53:38Z,78.0,Sense
2025-07-18T10:53:43Z,73.0,Sense
2025-07-18T10:53:48Z,74.0,Sense
2025-07-18T10:53:53Z,73.0,Sense
2025-07-18T10:54:08Z,73.0,Sense
2025-07-18T10:54:23Z,73.0,Sense
2025-07-18T10:54:28Z,74.0,Sense
2025-07-18T10:54:33Z,81.0,Sense
2025-07-18T10:54:48Z,82.0,Sense
2025-07-18T10:54:58Z,82.0,Sense
2025-07-18T10:55:13Z,82.0,Sense
2025-07-18T10:55:18Z,81.0,Sense
2025-07-18T10:55:33Z,81.0,Sense
2025-07-18T10:55:48Z,81.0,Sense
2025-07-18T10:55:53Z,82.0,Sense
2025-07-18T10:55:58Z,81.0,Sense
2025-07-18T10:56:03Z,80.0,Sense
2025-07-18T10:56:08Z,79.0,Sense
2025-07-18T10:56:18Z,77.0,Sense
2025-07-18T10:56:33Z,77.0,Sense
2025-07-18T10:56:38Z,78.0,Sense
2025-07-18T10:56:43Z,79.0,Sense
2025-07-18T10:56:58Z,79.0,Sense
2025-07-18T10:57:03Z,75.0,Sense
2025-07-18T10:57:08Z,72.0,Sense
2025-07-18T10:57:18Z,73.0,Sense
2025-07-18T10:57:23Z,73.0,Sense
2025-07-18T10:57:28Z,74.0,Sense
2025-07-18T10:57:38Z,75.0,Sense
2025-07-18T10:57:48Z,76.0,Sense
2025-07-18T10:58:03Z,76.0,Sense
2025-07-18T10:58:08Z,77.0,Sense
2025-07-18T10:58:13Z,78.0,Sense
2025-07-18T10:58:18Z,77.0,Sense
2025-07-18T10:58:23Z,76.0,Sense
2025-07-18T10:58:28Z,77.0,Sense
2025-07-18T10:58:33Z,76.0,Sense
2025-07-18T10:58:48Z,76.0,Sense
2025-07-18T10:58:53Z,78.0,Sense
2025-07-18T10:59:03Z,77.0,Sense
2025-07-18T10:59:18Z,76.0,Sense
2025-07-18T10:59:23Z,77.0,Sense
2025-07-18T10:59:38Z,78.0,Sense
2025-07-18T10:59:43Z,79.0,Sense
2025-07-18T10:59:48Z,82.0,Sense
2025-07-18T10:59:53Z,84.0,Sense
2025-07-18T10:59:58Z,83.0,Sense
2025-07-18T11:00:08Z,82.0,Sense
2025-07-18T11:00:13Z,82.0,Sense
2025-07-18T11:00:18Z,81.0,Sense
2025-07-18T11:00:33Z,81.0,Sense
2025-07-18T11:00:38Z,80.0,Sense
2025-07-18T11:00:43Z,79.0,Sense
2025-07-18T11:00:48Z,79.0,Sense
2025-07-18T11:00:53Z,80.0,Sense
2025-07-18T11:01:08Z,81.0,Sense
2025-07-18T11:01:18Z,79.0,Sense
2025-07-18T11:01:23Z,78.0,Sense
2025-07-18T11:01:38Z,83.0,Sense
2025-07-18T11:01:43Z,88.0,Sense
2025-07-18T11:01:53Z,89.0,Sense
2025-07-18T11:01:58Z,88.0,Sense
2025-07-18T11:02:03Z,87.0,Sense
2025-07-18T11:02:08Z,87.0,Sense
2025-07-18T11:02:13Z,86.0,Sense
2025-07-18T11:02:18Z,85.0,Sense
2025-07-18T11:02:23Z,76.0,Sense
2025-07-18T11:02:28Z,72.0,Sense
2025-07-18T11:02:43Z,73.0,Sense
2025-07-18T11:02:48Z,74.0,Sense
2025-07-18T11:03:03Z,75.0,Sense
2025-07-18T11:03:08Z,75.0,Sense
2025-07-18T11:03:13Z,74.0,Sense
2025-07-18T11:03:23Z,76.0,Sense
2025-07-18T11:03:28Z,78.0,Sense
2025-07-18T11:03:33Z,77.0,Sense
2025-07-18T11:03:38Z,76.0,Sense
2025-07-18T11:03:48Z,77.0,Sense
2025-07-18T11:03:58Z,78.0,Sense
2025-07-18T11:04:03Z,79.0,Sense
2025-07-18T11:04:08Z,76.0,Sense
2025-07-18T11:04:18Z,77.0,Sense
2025-07-18T11:04:28Z,79.0,Sense
2025-07-18T11:04:33Z,78.0,Sense
2025-07-18T11:04:38Z,79.0,Sense
2025-07-18T11:04:48Z,77.0,Sense
2025-07-18T11:04:53Z,75.0,Sense
2025-07-18T11:05:08Z,76.0,Sense
2025-07-18T11:05:13Z,79.0,Sense
2025-07-18T11:05:28Z,79.0,Sense
2025-07-18T11:05:33Z,79.0,Sense
2025-07-18T11:05:38Z,80.0,Sense
2025-07-18T11:05:43Z,81.0,Sense
2025-07-18T11:05:48Z,80.0,Sense
2025-07-18T11:05:53Z,79.0,Sense
2025-07-18T11:05:58Z,78.0,Sense
2025-07-18T11:06:03Z,80.0,Sense
2025-07-18T11:06:08Z,75.0,Sense
2025-07-18T11:06:13Z,73.0,Sense
2025-07-18T11:06:28Z,74.0,Sense
2025-07-18T11:06:38Z,75.0,Sense
2025-07-18T11:06:48Z,75.0,Sense
2025-07-18T11:06:58Z,76.0,Sense
2025-07-18T11:07:08Z,76.0,Sense
2025-07-18T11:07:23Z,76.0,Sense
2025-07-18T11:07:28Z,78.0,Sense
2025-07-18T11:07:33Z,79.0,Sense
2025-07-18T11:07:43Z,80.0,Sense
2025-07-18T11:07:53Z,81.0,Sense
2025-07-18T11:07:58Z,80.0,Sense
2025-07-18T11:08:03Z,84.0,Sense
2025-07-18T11:08:08Z,88.0,Sense
2025-07-18T11:08:18Z,87.0,Sense
2025-07-18T11:08:33Z,86.0,Sense
2025-07-18T11:08:43Z,85.0,Sense
2025-07-18T11:08:48Z,84.0,Sense
2025-07-18T11:08:53Z,83.0,Sense
2025-07-18T11:08:58Z,82.0,Sense
2025-07-18T11:09:03Z,81.0,Sense
2025-07-18T11:09:08Z,80.0,Sense
2025-07-18T11:09:13Z,80.0,Sense
2025-07-18T11:09:18Z,78.0,Sense
2025-07-18T11:09:33Z,78.0,Sense
2025-07-18T11:09:43Z,79.0,Sense
2025-07-18T11:09:58Z,79.0,Sense
2025-07-18T11:10:13Z,82.0,Sense
2025-07-18T11:10:18Z,90.0,Sense
2025-07-18T11:10:23Z,89.0,Sense
2025-07-18T11:10:33Z,88.0,Sense
2025-07-18T11:10:38Z,87.0,Sense
2025-07-18T11:10:48Z,86.0,Sense
2025-07-18T11:10:58Z,85.0,Sense
2025-07-18T11:11:03Z,79.0,Sense
2025-07-18T11:11:08Z,75.0,Sense
2025-07-18T11:11:13Z,76.0,Sense
2025-07-18T11:11:23Z,77.0,Sense
2025-07-18T11:11:33Z,78.0,Sense
2025-07-18T11:11:38Z,79.0,Sense
2025-07-18T11:11:43Z,83.0,Sense
2025-07-18T11:11:58Z,82.0,Sense
2025-07-18T11:12:08Z,81.0,Sense
2025-07-18T11:12:13Z,82.0,Sense
2025-07-18T11:12:18Z,84.0,Sense
2025-07-18T11:12:33Z,83.0,Sense
2025-07-18T11:12:43Z,83.0,Sense
2025-07-18T11:12:48Z,82.0,Sense
2025-07-18T11:12:53Z,72.0,Sense
2025-07-18T11:13:08Z,72.0,Sense
2025-07-18T11:13:18Z,73.0,Sense
2025-07-18T11:13:23Z,74.0,Sense
2025-07-18T11:13:28Z,75.0,Sense
2025-07-18T11:13:43Z,75.0,Sense
2025-07-18T11:13:48Z,76.0,Sense
2025-07-18T11:13:58Z,75.0,Sense
2025-07-18T11:14:08Z,75.0,Sense
2025-07-18T11:14:18Z,76.0,Sense
2025-07-18T11:14:33Z,77.0,Sense
2025-07-18T11:14:38Z,80.0,Sense
2025-07-18T11:14:43Z,79.0,Sense
2025-07-18T11:14:58Z,78.0,Sense
2025-07-18T11:15:08Z,79.0,Sense
2025-07-18T11:15:13Z,81.0,Sense
2025-07-18T11:15:18Z,82.0,Sense
2025-07-18T11:15:28Z,81.0,Sense
2025-07-18T11:15:43Z,81.0,Sense
2025-07-18T11:15:53Z,83.0,Sense
2025-07-18T11:15:58Z,85.0,Sense
2025-07-18T11:16:03Z,84.0,Sense
2025-07-18T11:16:13Z,83.0,Sense
2025-07-18T11:16:18Z,84.0,Sense
2025-07-18T11:16:28Z,83.0,Sense
2025-07-18T11:16:33Z,82.0,Sense
2025-07-18T11:16:48Z,83.0,Sense
2025-07-18T11:17:07Z,83.0,Sense
2025-07-18T11:17:17Z,82.0,Sense
2025-07-18T11:17:22Z,82.0,Sense
2025-07-18T11:17:27Z,82.0,Sense
2025-07-18T11:17:32Z,80.0,Sense
2025-07-18T11:17:37Z,79.0,Sense
2025-07-18T11:17:52Z,79.0,Sense
2025-07-18T11:18:07Z,78.0,Sense
2025-07-18T11:18:22Z,78.0,Sense
2025-07-18T11:18:27Z,77.0,Sense
2025-07-18T11:18:42Z,77.0,Sense
2025-07-18T11:18:47Z,76.0,Sense
2025-07-18T11:18:57Z,77.0,Sense
2025-07-18T11:19:12Z,77.0,Sense
2025-07-18T11:19:17Z,78.0,Sense
2025-07-18T11:19:27Z,79.0,Sense
2025-07-18T11:19:37Z,81.0,Sense
2025-07-18T11:19:42Z,89.0,Sense
2025-07-18T11:19:47Z,90.0,Sense
2025-07-18T11:20:02Z,90.0,Sense
2025-07-18T11:20:12Z,90.0,Sense
2025-07-18T11:20:27Z,89.0,Sense
2025-07-18T11:20:32Z,88.0,Sense
2025-07-18T11:20:37Z,86.0,Sense
2025-07-18T11:20:42Z,85.0,Sense
2025-07-18T11:20:47Z,84.0,Sense
2025-07-18T11:20:52Z,84.0,Sense
2025-07-18T11:20:57Z,83.0,Sense
2025-07-18T11:21:02Z,82.0,Sense
2025-07-18T11:21:17Z,82.0,Sense
2025-07-18T11:21:32Z,82.0,Sense
2025-07-18T11:21:47Z,82.0,Sense
2025-07-18T11:22:02Z,82.0,Sense
2025-07-18T11:22:17Z,82.0,Sense
2025-07-18T11:22:22Z,82.0,Sense
2025-07-18T11:22:32Z,81.0,Sense
2025-07-18T11:22:47Z,81.0,Sense
2025-07-18T11:23:02Z,82.0,Sense
2025-07-18T11:23:07Z,85.0,Sense
2025-07-18T11:23:12Z,87.0,Sense
2025-07-18T11:23:22Z,85.0,Sense
2025-07-18T11:23:32Z,87.0,Sense
2025-07-18T11:23:37Z,88.0,Sense
2025-07-18T11:23:42Z,89.0,Sense
2025-07-18T11:23:47Z,90.0,Sense
2025-07-18T11:23:52Z,91.0,Sense
2025-07-18T11:23:57Z,92.0,Sense
2025-07-18T11:24:02Z,93.0,Sense
2025-07-18T11:24:12Z,95.0,Sense
2025-07-18T11:24:17Z,96.0,Sense
2025-07-18T11:24:22Z,94.0,Sense
2025-07-18T11:24:27Z,93.0,Sense
2025-07-18T11:24:37Z,94.0,Sense
2025-07-18T11:24:42Z,96.0,Sense
2025-07-18T11:24:47Z,97.0,Sense
2025-07-18T11:24:52Z,98.0,Sense
2025-07-18T11:24:57Z,97.0,Sense
2025-07-18T11:25:02Z,96.0,Sense
2025-07-18T11:25:07Z,97.0,Sense
2025-07-18T11:25:12Z,98.0,Sense
2025-07-18T11:25:22Z,102.0,Sense
2025-07-18T11:25:37Z,102.0,Sense
2025-07-18T11:25:42Z,103.0,Sense
2025-07-18T11:25:47Z,104.0,Sense
2025-07-18T11:26:02Z,107.0,Sense
2025-07-18T11:26:07Z,110.0,Sense
2025-07-18T11:26:12Z,112.0,Sense
2025-07-18T11:26:22Z,108.0,Sense
2025-07-18T11:26:27Z,103.0,Sense
2025-07-18T11:26:32Z,87.0,Sense
2025-07-18T11:26:37Z,86.0,Sense
2025-07-18T11:26:42Z,87.0,Sense
2025-07-18T11:26:57Z,91.0,Sense
2025-07-18T11:27:02Z,90.0,Sense
2025-07-18T11:27:07Z,86.0,Sense
2025-07-18T11:27:12Z,85.0,Sense
2025-07-18T11:27:17Z,79.0,Sense
2025-07-18T11:27:22Z,82.0,Sense
2025-07-18T11:27:27Z,86.0,Sense
2025-07-18T11:27:32Z,87.0,Sense
2025-07-18T11:27:37Z,88.0,Sense
2025-07-18T11:27:47Z,84.0,Sense
2025-07-18T11:27:52Z,82.0,Sense
2025-07-18T11:27:57Z,86.0,Sense
2025-07-18T11:28:02Z,93.0,Sense
2025-07-18T11:28:07Z,91.0,Sense
2025-07-18T11:28:12Z,84.0,Sense
2025-07-18T11:28:17Z,82.0,Sense
2025-07-18T11:28:22Z,80.0,Sense
2025-07-18T11:28:27Z,82.0,Sense
2025-07-18T11:28:32Z,94.0,Sense
2025-07-18T11:28:37Z,95.0,Sense
2025-07-18T11:28:42Z,96.0,Sense
2025-07-18T11:28:47Z,100.0,Sense
2025-07-18T11:28:52Z,101.0,Sense
2025-07-18T11:28:57Z,102.0,Sense
2025-07-18T11:29:02Z,103.0,Sense
2025-07-18T11:29:07Z,106.0,Sense
2025-07-18T11:29:12Z,110.0,Sense
2025-07-18T11:29:17Z,111.0,Sense
2025-07-18T11:29:32Z,111.0,Sense
2025-07-18T11:29:42Z,113.0,Sense
2025-07-18T11:29:47Z,112.0,Sense
2025-07-18T11:29:52Z,111.0,Sense
2025-07-18T11:30:02Z,112.0,Sense
2025-07-18T11:30:07Z,112.0,Sense
2025-07-18T11:30:12Z,111.0,Sense
2025-07-18T11:30:22Z,110.0,Sense
2025-07-18T11:30:32Z,112.0,Sense
2025-07-18T11:30:37Z,111.0,Sense
2025-07-18T11:30:42Z,113.0,Sense
2025-07-18T11:30:47Z,117.0,Sense
2025-07-18T11:30:52Z,120.0,Sense
2025-07-18T11:30:57Z,119.0,Sense
2025-07-18T11:31:02Z,117.0,Sense
2025-07-18T11:31:07Z,114.0,Sense
2025-07-18T11:31:12Z,117.0,Sense
2025-07-18T11:31:17Z,115.0,Sense
2025-07-18T11:31:22Z,116.0,Sense
2025-07-18T11:31:32Z,122.0,Sense
2025-07-18T11:31:37Z,127.0,Sense
2025-07-18T11:31:47Z,129.0,Sense
2025-07-18T11:31:52Z,131.0,Sense
2025-07-18T11:31:57Z,127.0,Sense
2025-07-18T11:32:02Z,124.0,Sense
2025-07-18T11:32:07Z,123.0,Sense
2025-07-18T11:32:12Z,120.0,Sense
2025-07-18T11:32:17Z,118.0,Sense
2025-07-18T11:32:22Z,115.0,Sense
2025-07-18T11:32:33Z,112.0,Sense
2025-07-18T11:32:43Z,114.0,Sense
2025-07-18T11:32:48Z,114.0,Sense
2025-07-18T11:32:53Z,113.0,Sense
2025-07-18T11:33:03Z,116.0,Sense
2025-07-18T11:33:08Z,113.0,Sense
2025-07-18T11:33:13Z,114.0,Sense
2025-07-18T11:33:18Z,116.0,Sense
2025-07-18T11:33:23Z,118.0,Sense
2025-07-18T11:33:28Z,119.0,Sense
2025-07-18T11:33:33Z,121.0,Sense
2025-07-18T11:33:38Z,122.0,Sense
2025-07-18T11:33:43Z,127.0,Sense
2025-07-18T11:33:48Z,132.0,Sense
2025-07-18T11:33:58Z,129.0,Sense
2025-07-18T11:34:03Z,125.0,Sense
2025-07-18T11:34:08Z,123.0,Sense
2025-07-18T11:34:13Z,124.0,Sense
2025-07-18T11:34:18Z,129.0,Sense
2025-07-18T11:34:23Z,130.0,Sense
2025-07-18T11:34:28Z,131.0,Sense
2025-07-18T11:34:33Z,134.0,Sense
2025-07-18T11:34:38Z,138.0,Sense
2025-07-18T11:34:43Z,136.0,Sense
2025-07-18T11:34:48Z,135.0,Sense
2025-07-18T11:34:53Z,134.0,Sense
2025-07-18T11:34:58Z,135.0,Sense
2025-07-18T11:35:03Z,133.0,Sense
2025-07-18T11:35:08Z,131.0,Sense
2025-07-18T11:35:13Z,133.0,Sense
2025-07-18T11:35:18Z,129.0,Sense
2025-07-18T11:35:23Z,128.0,Sense
2025-07-18T11:35:28Z,122.0,Sense
2025-07-18T11:35:33Z,100.0,Sense
2025-07-18T11:35:38Z,99.0,Sense
2025-07-18T11:35:43Z,97.0,Sense
2025-07-18T11:35:48Z,98.0,Sense
2025-07-18T11:35:58Z,96.0,Sense
2025-07-18T11:36:03Z,97.0,Sense
2025-07-18T11:36:08Z,99.0,Sense
2025-07-18T11:36:13Z,97.0,Sense
2025-07-18T11:36:23Z,96.0,Sense
2025-07-18T11:36:33Z,95.0,Sense
2025-07-18T11:36:38Z,96.0,Sense
2025-07-18T11:36:53Z,98.0,Sense
2025-07-18T11:37:08Z,99.0,Sense
2025-07-18T11:37:23Z,100.0,Sense
2025-07-18T11:37:28Z,101.0,Sense
2025-07-18T11:37:33Z,99.0,Sense
2025-07-18T11:37:38Z,98.0,Sense
2025-07-18T11:37:43Z,97.0,Sense
2025-07-18T11:37:48Z,94.0,Sense
2025-07-18T11:37:53Z,93.0,Sense
2025-07-18T11:37:58Z,91.0,Sense
2025-07-18T11:38:03Z,95.0,Sense
2025-07-18T11:38:08Z,93.0,Sense
2025-07-18T11:38:13Z,98.0,Sense
2025-07-18T11:38:18Z,96.0,Sense
2025-07-18T11:38:23Z,94.0,Sense
2025-07-18T11:38:28Z,93.0,Sense
2025-07-18T11:38:33Z,92.0,Sense
2025-07-18T11:38:43Z,91.0,Sense
2025-07-18T11:38:48Z,88.0,Sense
2025-07-18T11:38:53Z,91.0,Sense
2025-07-18T11:39:03Z,93.0,Sense
2025-07-18T11:39:08Z,94.0,Sense
2025-07-18T11:39:13Z,92.0,Sense
2025-07-18T11:39:18Z,90.0,Sense
2025-07-18T11:39:23Z,88.0,Sense
2025-07-18T11:39:28Z,87.0,Sense
2025-07-18T11:39:33Z,89.0,Sense
2025-07-18T11:39:38Z,90.0,Sense
2025-07-18T11:39:43Z,91.0,Sense
2025-07-18T11:39:48Z,95.0,Sense
2025-07-18T11:40:03Z,95.0,Sense
2025-07-18T11:40:08Z,94.0,Sense
2025-07-18T11:40:13Z,93.0,Sense
2025-07-18T11:40:18Z,92.0,Sense
2025-07-18T11:40:23Z,91.0,Sense
2025-07-18T11:40:28Z,92.0,Sense
2025-07-18T11:40:33Z,93.0,Sense
2025-07-18T11:40:38Z,90.0,Sense
2025-07-18T11:40:48Z,91.0,Sense
2025-07-18T11:40:53Z,90.0,Sense
2025-07-18T11:40:58Z,91.0,Sense
2025-07-18T11:41:08Z,92.0,Sense
2025-07-18T11:41:13Z,93.0,Sense
2025-07-18T11:41:18Z,92.0,Sense
2025-07-18T11:41:23Z,93.0,Sense
2025-07-18T11:41:28Z,92.0,Sense
2025-07-18T11:41:38Z,91.0,Sense
2025-07-18T11:41:48Z,93.0,Sense
2025-07-18T11:41:53Z,90.0,Sense
2025-07-18T11:41:58Z,92.0,Sense
2025-07-18T11:42:03Z,94.0,Sense
2025-07-18T11:42:08Z,98.0,Sense
2025-07-18T11:42:23Z,96.0,Sense
2025-07-18T11:42:28Z,97.0,Sense
2025-07-18T11:42:33Z,94.0,Sense
2025-07-18T11:42:38Z,96.0,Sense
2025-07-18T11:42:43Z,94.0,Sense
2025-07-18T11:42:48Z,97.0,Sense
2025-07-18T11:42:58Z,98.0,Sense
2025-07-18T11:43:03Z,96.0,Sense
2025-07-18T11:43:08Z,94.0,Sense
2025-07-18T11:43:18Z,98.0,Sense
2025-07-18T11:43:23Z,102.0,Sense
2025-07-18T11:43:28Z,93.0,Sense
2025-07-18T11:43:33Z,81.0,Sense
2025-07-18T11:43:38Z,79.0,Sense
2025-07-18T11:43:43Z,78.0,Sense
2025-07-18T11:43:48Z,81.0,Sense
2025-07-18T11:43:53Z,84.0,Sense
2025-07-18T11:44:03Z,80.0,Sense
2025-07-18T11:44:08Z,75.0,Sense
2025-07-18T11:44:18Z,72.0,Sense
2025-07-18T11:44:23Z,73.0,Sense
2025-07-18T11:44:28Z,74.0,Sense
2025-07-18T11:44:33Z,73.0,Sense
2025-07-18T11:44:38Z,75.0,Sense
2025-07-18T11:44:43Z,76.0,Sense
2025-07-18T11:44:53Z,74.0,Sense
2025-07-18T11:45:03Z,72.0,Sense
2025-07-18T11:45:08Z,69.0,Sense
2025-07-18T11:45:18Z,66.0,Sense
2025-07-18T11:45:23Z,65.0,Sense
2025-07-18T11:45:28Z,66.0,Sense
2025-07-18T11:45:43Z,67.0,Sense
2025-07-18T11:45:48Z,66.0,Sense
2025-07-18T11:45:58Z,65.0,Sense
2025-07-18T11:46:08Z,67.0,Sense
2025-07-18T11:46:13Z,67.0,Sense
2025-07-18T11:46:28Z,65.0,Sense
2025-07-18T11:46:33Z,67.0,Sense
2025-07-18T11:46:38Z,68.0,Sense
2025-07-18T11:46:43Z,69.0,Sense
2025-07-18T11:46:53Z,68.0,Sense
2025-07-18T11:47:08Z,67.0,Sense
2025-07-18T11:47:13Z,70.0,Sense
2025-07-18T11:47:18Z,73.0,Sense
2025-07-18T11:47:23Z,71.0,Sense
2025-07-18T11:47:28Z,73.0,Sense
2025-07-18T11:47:33Z,75.0,Sense
2025-07-18T11:47:38Z,72.0,Sense
2025-07-18T11:47:43Z,74.0,Sense
2025-07-18T11:47:48Z,73.0,Sense
2025-07-18T11:47:58Z,74.0,Sense
2025-07-18T11:48:03Z,73.0,Sense
2025-07-18T11:48:08Z,69.0,Sense
2025-07-18T11:48:13Z,67.0,Sense
2025-07-18T11:48:18Z,68.0,Sense
2025-07-18T11:48:23Z,70.0,Sense
2025-07-18T11:48:28Z,77.0,Sense
2025-07-18T11:48:33Z,92.0,Sense
2025-07-18T11:48:38Z,93.0,Sense
2025-07-18T11:48:43Z,94.0,Sense
2025-07-18T11:48:48Z,95.0,Sense
2025-07-18T11:49:03Z,96.0,Sense
2025-07-18T11:49:08Z,100.0,Sense
2025-07-18T11:49:18Z,99.0,Sense
2025-07-18T11:49:23Z,96.0,Sense
2025-07-18T11:49:28Z,97.0,Sense
2025-07-18T11:49:33Z,96.0,Sense
2025-07-18T11:49:43Z,95.0,Sense
2025-07-18T11:49:58Z,98.0,Sense
2025-07-18T11:50:03Z,99.0,Sense
2025-07-18T11:50:18Z,99.0,Sense
2025-07-18T11:50:23Z,99.0,Sense
2025-07-18T11:50:28Z,97.0,Sense
2025-07-18T11:50:33Z,95.0,Sense
2025-07-18T11:50:43Z,94.0,Sense
2025-07-18T11:50:58Z,94.0,Sense
2025-07-18T11:51:03Z,100.0,Sense
2025-07-18T11:51:08Z,102.0,Sense
2025-07-18T11:51:13Z,98.0,Sense
2025-07-18T11:51:18Z,97.0,Sense
2025-07-18T11:51:28Z,98.0,Sense
2025-07-18T11:51:33Z,95.0,Sense
2025-07-18T11:51:38Z,90.0,Sense
2025-07-18T11:51:43Z,91.0,Sense
2025-07-18T11:51:48Z,92.0,Sense
2025-07-18T11:51:53Z,93.0,Sense
2025-07-18T11:51:58Z,94.0,Sense
2025-07-18T11:52:03Z,95.0,Sense
2025-07-18T11:52:18Z,93.0,Sense
2025-07-18T11:52:23Z,92.0,Sense
2025-07-18T11:52:28Z,93.0,Sense
2025-07-18T11:52:38Z,94.0,Sense
2025-07-18T11:52:43Z,95.0,Sense
2025-07-18T11:52:48Z,95.0,Sense
2025-07-18T11:52:53Z,97.0,Sense
2025-07-18T11:52:58Z,98.0,Sense
2025-07-18T11:53:03Z,100.0,Sense
2025-07-18T11:53:08Z,106.0,Sense
2025-07-18T11:53:13Z,105.0,Sense
2025-07-18T11:53:18Z,104.0,Sense
2025-07-18T11:53:23Z,103.0,Sense
2025-07-18T11:53:28Z,102.0,Sense
2025-07-18T11:53:33Z,101.0,Sense
2025-07-18T11:53:43Z,99.0,Sense
2025-07-18T11:53:48Z,118.0,Sense
2025-07-18T11:53:53Z,129.0,Sense
2025-07-18T11:53:58Z,128.0,Sense
2025-07-18T11:54:08Z,130.0,Sense
2025-07-18T11:54:13Z,117.0,Sense
2025-07-18T11:54:18Z,112.0,Sense
2025-07-18T11:54:23Z,113.0,Sense
2025-07-18T11:54:38Z,111.0,Sense
2025-07-18T11:54:43Z,104.0,Sense
2025-07-18T11:54:48Z,102.0,Sense
2025-07-18T11:54:53Z,108.0,Sense
2025-07-18T11:54:58Z,110.0,Sense
2025-07-18T11:55:03Z,103.0,Sense
2025-07-18T11:55:13Z,104.0,Sense
2025-07-18T11:55:18Z,103.0,Sense
2025-07-18T11:55:23Z,104.0,Sense
2025-07-18T11:55:33Z,111.0,Sense
2025-07-18T11:55:38Z,110.0,Sense
2025-07-18T11:55:43Z,116.0,Sense
2025-07-18T11:55:48Z,119.0,Sense
2025-07-18T11:55:53Z,108.0,Sense
2025-07-18T11:55:58Z,107.0,Sense
2025-07-18T11:56:03Z,104.0,Sense
2025-07-18T11:56:08Z,102.0,Sense
2025-07-18T11:56:18Z,104.0,Sense
2025-07-18T11:56:23Z,105.0,Sense
2025-07-18T11:56:28Z,106.0,Sense
2025-07-18T11:56:38Z,108.0,Sense
2025-07-18T11:56:43Z,112.0,Sense
2025-07-18T11:56:48Z,114.0,Sense
2025-07-18T11:56:53Z,116.0,Sense
2025-07-18T11:56:58Z,116.0,Sense
2025-07-18T11:57:03Z,113.0,Sense
2025-07-18T11:57:08Z,109.0,Sense
2025-07-18T11:57:13Z,104.0,Sense
2025-07-18T11:57:18Z,103.0,Sense
2025-07-18T11:57:23Z,101.0,Sense
2025-07-18T11:57:28Z,100.0,Sense
2025-07-18T11:57:33Z,97.0,Sense
2025-07-18T11:57:38Z,92.0,Sense
2025-07-18T11:57:43Z,97.0,Sense
2025-07-18T11:57:48Z,99.0,Sense
2025-07-18T11:57:53Z,100.0,Sense
2025-07-18T11:57:58Z,101.0,Sense
2025-07-18T11:58:03Z,108.0,Sense
2025-07-18T11:58:08Z,104.0,Sense
2025-07-18T11:58:13Z,103.0,Sense
2025-07-18T11:58:18Z,107.0,Sense
2025-07-18T11:58:23Z,109.0,Sense
2025-07-18T11:58:33Z,110.0,Sense
2025-07-18T11:58:38Z,113.0,Sense
2025-07-18T11:58:43Z,114.0,Sense
2025-07-18T11:58:53Z,151.0,Sense
2025-07-18T11:58:58Z,157.0,Sense
2025-07-18T11:59:03Z,156.0,Sense
2025-07-18T11:59:13Z,154.0,Sense
2025-07-18T11:59:18Z,153.0,Sense
2025-07-18T11:59:23Z,143.0,Sense
2025-07-18T11:59:28Z,127.0,Sense
2025-07-18T11:59:33Z,125.0,Sense
2025-07-18T11:59:38Z,124.0,Sense
2025-07-18T11:59:48Z,120.0,Sense
2025-07-18T11:59:53Z,114.0,Sense
2025-07-18T12:00:00Z,109.0,Sense
2025-07-18T12:00:05Z,104.0,Sense
2025-07-18T12:00:10Z,99.0,Sense
2025-07-18T12:00:15Z,98.0,Sense
2025-07-18T12:00:20Z,93.0,Sense
2025-07-18T12:00:30Z,97.0,Sense
2025-07-18T12:00:35Z,100.0,Sense
2025-07-18T12:00:40Z,101.0,Sense
2025-07-18T12:00:50Z,102.0,Sense
2025-07-18T12:00:55Z,104.0,Sense
2025-07-18T12:01:00Z,107.0,Sense
2025-07-18T12:01:05Z,106.0,Sense
2025-07-18T12:01:10Z,103.0,Sense
2025-07-18T12:01:25Z,126.0,Sense
2025-07-18T12:01:35Z,124.0,Sense
2025-07-18T12:01:45Z,124.0,Sense
2025-07-18T12:01:50Z,122.0,Sense
2025-07-18T12:01:55Z,119.0,Sense
2025-07-18T12:02:00Z,127.0,Sense
2025-07-18T12:02:05Z,131.0,Sense
2025-07-18T12:02:10Z,130.0,Sense
2025-07-18T12:02:15Z,127.0,Sense
2025-07-18T12:02:20Z,130.0,Sense
2025-07-18T12:02:25Z,130.0,Sense
2025-07-18T12:02:30Z,128.0,Sense
2025-07-18T12:02:35Z,125.0,Sense
2025-07-18T12:02:40Z,121.0,Sense
2025-07-18T12:02:45Z,117.0,Sense
2025-07-18T12:02:50Z,107.0,Sense
2025-07-18T12:02:55Z,101.0,Sense
2025-07-18T12:03:05Z,105.0,Sense
2025-07-18T12:03:10Z,106.0,Sense
2025-07-18T12:03:15Z,104.0,Sense
2025-07-18T12:03:20Z,102.0,Sense
2025-07-18T12:03:25Z,103.0,Sense
2025-07-18T12:03:30Z,102.0,Sense
2025-07-18T12:03:40Z,103.0,Sense
2025-07-18T12:03:45Z,103.0,Sense
2025-07-18T12:03:50Z,105.0,Sense
2025-07-18T12:03:55Z,136.0,Sense
2025-07-18T12:04:00Z,135.0,Sense
2025-07-18T12:04:05Z,136.0,Sense
2025-07-18T12:04:10Z,134.0,Sense
2025-07-18T12:04:15Z,133.0,Sense
2025-07-18T12:04:25Z,131.0,Sense
2025-07-18T12:04:30Z,130.0,Sense
2025-07-18T12:04:35Z,129.0,Sense
2025-07-18T12:04:40Z,147.0,Sense
2025-07-18T12:04:45Z,152.0,Sense
2025-07-18T12:04:50Z,151.0,Sense
2025-07-18T12:04:55Z,150.0,Sense
2025-07-18T12:05:00Z,149.0,Sense
2025-07-18T12:05:05Z,146.0,Sense
2025-07-18T12:05:10Z,144.0,Sense
2025-07-18T12:05:15Z,142.0,Sense
2025-07-18T12:05:20Z,138.0,Sense
2025-07-18T12:05:25Z,139.0,Sense
2025-07-18T12:05:30Z,140.0,Sense
2025-07-18T12:05:40Z,138.0,Sense
2025-07-18T12:05:45Z,136.0,Sense
2025-07-18T12:05:50Z,138.0,Sense
2025-07-18T12:06:00Z,137.0,Sense
2025-07-18T12:06:05Z,132.0,Sense
2025-07-18T12:06:10Z,131.0,Sense
2025-07-18T12:06:15Z,133.0,Sense
2025-07-18T12:06:20Z,135.0,Sense
2025-07-18T12:06:25Z,134.0,Sense
2025-07-18T12:06:30Z,132.0,Sense
2025-07-18T12:06:35Z,127.0,Sense
2025-07-18T12:06:40Z,126.0,Sense
2025-07-18T12:06:45Z,126.0,Sense
2025-07-18T12:06:50Z,128.0,Sense
2025-07-18T12:06:55Z,133.0,Sense
2025-07-18T12:07:00Z,140.0,Sense
2025-07-18T12:07:05Z,137.0,Sense
2025-07-18T12:07:10Z,131.0,Sense
2025-07-18T12:07:15Z,129.0,Sense
2025-07-18T12:07:20Z,127.0,Sense
2025-07-18T12:07:30Z,143.0,Sense
2025-07-18T12:07:35Z,154.0,Sense
2025-07-18T12:07:40Z,155.0,Sense
2025-07-18T12:07:45Z,156.0,Sense
2025-07-18T12:07:50Z,153.0,Sense
2025-07-18T12:07:55Z,149.0,Sense
2025-07-18T12:08:10Z,147.0,Sense
2025-07-18T12:08:15Z,142.0,Sense
2025-07-18T12:08:20Z,141.0,Sense
2025-07-18T12:08:25Z,138.0,Sense
2025-07-18T12:08:30Z,132.0,Sense
2025-07-18T12:08:35Z,131.0,Sense
2025-07-18T12:08:40Z,129.0,Sense
2025-07-18T12:08:45Z,122.0,Sense
2025-07-18T12:08:50Z,118.0,Sense
2025-07-18T12:08:55Z,119.0,Sense
2025-07-18T12:09:00Z,116.0,Sense
2025-07-18T12:09:05Z,113.0,Sense
2025-07-18T12:09:10Z,108.0,Sense
2025-07-18T12:09:15Z,129.0,Sense
2025-07-18T12:09:20Z,128.0,Sense
2025-07-18T12:09:25Z,131.0,Sense
2025-07-18T12:09:30Z,147.0,Sense
2025-07-18T12:09:45Z,145.0,Sense
2025-07-18T12:09:50Z,144.0,Sense
2025-07-18T12:10:00Z,143.0,Sense
2025-07-18T12:10:05Z,141.0,Sense
2025-07-18T12:10:10Z,140.0,Sense
2025-07-18T12:10:15Z,138.0,Sense
2025-07-18T12:10:20Z,134.0,Sense
2025-07-18T12:10:25Z,132.0,Sense
2025-07-18T12:10:30Z,131.0,Sense
2025-07-18T12:10:40Z,132.0,Sense
2025-07-18T12:10:45Z,129.0,Sense
2025-07-18T12:10:55Z,130.0,Sense
2025-07-18T12:11:00Z,136.0,Sense
2025-07-18T12:11:05Z,143.0,Sense
2025-07-18T12:11:10Z,144.0,Sense
2025-07-18T12:11:15Z,142.0,Sense
2025-07-18T12:11:20Z,142.0,Sense
2025-07-18T12:11:25Z,141.0,Sense
2025-07-18T12:11:30Z,140.0,Sense
2025-07-18T12:11:35Z,140.0,Sense
2025-07-18T12:11:40Z,142.0,Sense
2025-07-18T12:11:45Z,140.0,Sense
2025-07-18T12:11:55Z,141.0,Sense
2025-07-18T12:12:00Z,138.0,Sense
2025-07-18T12:12:05Z,132.0,Sense
2025-07-18T12:12:10Z,131.0,Sense
2025-07-18T12:12:15Z,126.0,Sense
2025-07-18T12:12:20Z,125.0,Sense
2025-07-18T12:12:25Z,122.0,Sense
2025-07-18T12:12:30Z,124.0,Sense
2025-07-18T12:12:35Z,133.0,Sense
2025-07-18T12:12:45Z,134.0,Sense
2025-07-18T12:12:55Z,142.0,Sense
2025-07-18T12:13:00Z,141.0,Sense
2025-07-18T12:13:05Z,140.0,Sense
2025-07-18T12:13:10Z,139.0,Sense
2025-07-18T12:13:15Z,139.0,Sense
2025-07-18T12:13:20Z,138.0,Sense
2025-07-18T12:13:25Z,140.0,Sense
2025-07-18T12:13:30Z,138.0,Sense
2025-07-18T12:13:35Z,133.0,Sense
2025-07-18T12:13:40Z,128.0,Sense
2025-07-18T12:13:50Z,128.0,Sense
2025-07-18T12:13:55Z,124.0,Sense
2025-07-18T12:14:00Z,118.0,Sense
2025-07-18T12:14:05Z,112.0,Sense
2025-07-18T12:14:15Z,109.0,Sense
2025-07-18T12:14:20Z,102.0,Sense
2025-07-18T12:14:25Z,101.0,Sense
2025-07-18T12:14:30Z,103.0,Sense
2025-07-18T12:14:40Z,101.0,Sense
2025-07-18T12:14:45Z,100.0,Sense
2025-07-18T12:14:50Z,97.0,Sense
2025-07-18T12:14:55Z,86.0,Sense
2025-07-18T12:15:05Z,87.0,Sense
2025-07-18T12:15:10Z,88.0,Sense
2025-07-18T12:15:15Z,91.0,Sense
2025-07-18T12:15:20Z,88.0,Sense
2025-07-18T12:15:25Z,78.0,Sense
2025-07-18T12:15:30Z,92.0,Sense
2025-07-18T12:15:35Z,98.0,Sense
2025-07-18T12:15:40Z,97.0,Sense
2025-07-18T12:15:45Z,94.0,Sense
2025-07-18T12:15:50Z,92.0,Sense
2025-07-18T12:15:55Z,92.0,Sense
2025-07-18T12:16:00Z,92.0,Sense
2025-07-18T12:16:05Z,93.0,Sense
2025-07-18T12:16:10Z,94.0,Sense
2025-07-18T12:16:15Z,91.0,Sense
2025-07-18T12:16:20Z,88.0,Sense
2025-07-18T12:16:25Z,91.0,Sense
2025-07-18T12:16:30Z,94.0,Sense
2025-07-18T12:16:40Z,95.0,Sense
2025-07-18T12:16:45Z,81.0,Sense
2025-07-18T12:16:50Z,80.0,Sense
2025-07-18T12:16:55Z,81.0,Sense
2025-07-18T12:17:10Z,91.0,Sense
2025-07-18T12:17:15Z,118.0,Sense
2025-07-18T12:17:20Z,119.0,Sense
2025-07-18T12:17:25Z,120.0,Sense
2025-07-18T12:17:30Z,118.0,Sense
2025-07-18T12:17:35Z,117.0,Sense
2025-07-18T12:17:40Z,116.0,Sense
2025-07-18T12:17:45Z,114.0,Sense
2025-07-18T12:17:50Z,112.0,Sense
2025-07-18T12:17:55Z,118.0,Sense
2025-07-18T12:18:00Z,119.0,Sense
2025-07-18T12:18:05Z,123.0,Sense
2025-07-18T12:18:10Z,135.0,Sense
2025-07-18T12:18:15Z,141.0,Sense
2025-07-18T12:18:20Z,142.0,Sense
2025-07-18T12:18:25Z,148.0,Sense
2025-07-18T12:18:30Z,147.0,Sense
2025-07-18T12:18:35Z,148.0,Sense
2025-07-18T12:18:45Z,147.0,Sense
2025-07-18T12:18:50Z,144.0,Sense
2025-07-18T12:18:55Z,137.0,Sense
2025-07-18T12:19:00Z,132.0,Sense
2025-07-18T12:19:05Z,125.0,Sense
2025-07-18T12:19:10Z,126.0,Sense
2025-07-18T12:19:15Z,122.0,Sense
2025-07-18T12:19:20Z,112.0,Sense
2025-07-18T12:19:25Z,109.0,Sense
2025-07-18T12:19:35Z,107.0,Sense
2025-07-18T12:19:40Z,106.0,Sense
2025-07-18T12:19:45Z,106.0,Sense
2025-07-18T12:19:55Z,104.0,Sense
2025-07-18T12:20:00Z,105.0,Sense
2025-07-18T12:20:05Z,107.0,Sense
2025-07-18T12:20:10Z,112.0,Sense
2025-07-18T12:20:15Z,114.0,Sense
2025-07-18T12:20:20Z,116.0,Sense
2025-07-18T12:20:25Z,117.0,Sense
2025-07-18T12:20:30Z,111.0,Sense
2025-07-18T12:20:35Z,106.0,Sense
2025-07-18T12:20:40Z,103.0,Sense
2025-07-18T12:20:50Z,99.0,Sense
2025-07-18T12:21:00Z,102.0,Sense
2025-07-18T12:21:05Z,100.0,Sense
2025-07-18T12:21:10Z,108.0,Sense
2025-07-18T12:21:20Z,109.0,Sense
2025-07-18T12:21:30Z,110.0,Sense
2025-07-18T12:21:35Z,109.0,Sense
2025-07-18T12:21:40Z,110.0,Sense
2025-07-18T12:21:45Z,110.0,Sense
2025-07-18T12:21:50Z,113.0,Sense
2025-07-18T12:21:55Z,110.0,Sense
2025-07-18T12:22:00Z,101.0,Sense
2025-07-18T12:22:05Z,97.0,Sense
2025-07-18T12:22:10Z,98.0,Sense
2025-07-18T12:22:15Z,97.0,Sense
2025-07-18T12:22:20Z,95.0,Sense
2025-07-18T12:22:25Z,101.0,Sense
2025-07-18T12:22:30Z,114.0,Sense
2025-07-18T12:22:46Z,114.0,Sense
2025-07-18T12:22:51Z,116.0,Sense
2025-07-18T12:22:56Z,113.0,Sense
2025-07-18T12:23:01Z,115.0,Sense
2025-07-18T12:23:16Z,116.0,Sense
2025-07-18T12:23:21Z,127.0,Sense
2025-07-18T12:23:26Z,130.0,Sense
2025-07-18T12:23:31Z,127.0,Sense
2025-07-18T12:23:36Z,125.0,Sense
2025-07-18T12:23:41Z,128.0,Sense
2025-07-18T12:23:46Z,129.0,Sense
2025-07-18T12:23:51Z,128.0,Sense
2025-07-18T12:23:56Z,127.0,Sense
2025-07-18T12:24:01Z,128.0,Sense
2025-07-18T12:24:06Z,126.0,Sense
2025-07-18T12:24:11Z,121.0,Sense
2025-07-18T12:24:16Z,120.0,Sense
2025-07-18T12:24:21Z,125.0,Sense
2025-07-18T12:24:26Z,127.0,Sense
2025-07-18T12:24:31Z,134.0,Sense
2025-07-18T12:24:36Z,138.0,Sense
2025-07-18T12:24:41Z,139.0,Sense
2025-07-18T12:24:46Z,140.0,Sense
2025-07-18T12:24:51Z,142.0,Sense
2025-07-18T12:24:56Z,156.0,Sense
2025-07-18T12:25:01Z,156.0,Sense
2025-07-18T12:25:06Z,157.0,Sense
2025-07-18T12:25:11Z,156.0,Sense
2025-07-18T12:25:16Z,155.0,Sense
2025-07-18T12:25:21Z,153.0,Sense
2025-07-18T12:25:26Z,151.0,Sense
2025-07-18T12:25:41Z,150.0,Sense
2025-07-18T12:25:46Z,149.0,Sense
2025-07-18T12:25:51Z,145.0,Sense
2025-07-18T12:25:56Z,140.0,Sense
2025-07-18T12:26:01Z,133.0,Sense
2025-07-18T12:26:06Z,127.0,Sense
2025-07-18T12:26:11Z,120.0,Sense
2025-07-18T12:26:16Z,107.0,Sense
2025-07-18T12:26:21Z,95.0,Sense
2025-07-18T12:26:26Z,96.0,Sense
2025-07-18T12:26:36Z,94.0,Sense
2025-07-18T12:26:41Z,96.0,Sense
2025-07-18T12:26:46Z,99.0,Sense
2025-07-18T12:26:51Z,101.0,Sense
2025-07-18T12:26:56Z,104.0,Sense
2025-07-18T12:27:01Z,102.0,Sense
2025-07-18T12:27:06Z,103.0,Sense
2025-07-18T12:27:11Z,111.0,Sense
2025-07-18T12:27:16Z,124.0,Sense
2025-07-18T12:27:21Z,123.0,Sense
2025-07-18T12:27:36Z,123.0,Sense
2025-07-18T12:27:41Z,121.0,Sense
2025-07-18T12:27:46Z,116.0,Sense
2025-07-18T12:27:51Z,122.0,Sense
2025-07-18T12:27:56Z,123.0,Sense
2025-07-18T12:28:01Z,124.0,Sense
2025-07-18T12:28:06Z,118.0,Sense
2025-07-18T12:28:11Z,117.0,Sense
2025-07-18T12:28:16Z,118.0,Sense
2025-07-18T12:28:26Z,114.0,Sense
2025-07-18T12:28:36Z,117.0,Sense
2025-07-18T12:28:41Z,115.0,Sense
2025-07-18T12:28:46Z,123.0,Sense
2025-07-18T12:28:51Z,131.0,Sense
2025-07-18T12:29:01Z,130.0,Sense
2025-07-18T12:29:06Z,128.0,Sense
2025-07-18T12:29:11Z,125.0,Sense
2025-07-18T12:29:16Z,121.0,Sense
2025-07-18T12:29:21Z,122.0,Sense
2025-07-18T12:29:26Z,128.0,Sense
2025-07-18T12:29:36Z,147.0,Sense
2025-07-18T12:29:41Z,155.0,Sense
2025-07-18T12:29:46Z,154.0,Sense
2025-07-18T12:29:51Z,152.0,Sense
2025-07-18T12:29:56Z,151.0,Sense
2025-07-18T12:30:01Z,153.0,Sense
2025-07-18T12:30:06Z,156.0,Sense
2025-07-18T12:30:11Z,155.0,Sense
2025-07-18T12:30:16Z,153.0,Sense
2025-07-18T12:30:21Z,152.0,Sense
2025-07-18T12:30:31Z,150.0,Sense
2025-07-18T12:30:36Z,148.0,Sense
2025-07-18T12:30:41Z,145.0,Sense
2025-07-18T12:30:46Z,141.0,Sense
2025-07-18T12:30:51Z,139.0,Sense
2025-07-18T12:30:56Z,138.0,Sense
2025-07-18T12:31:01Z,140.0,Sense
2025-07-18T12:31:06Z,136.0,Sense
2025-07-18T12:31:11Z,142.0,Sense
2025-07-18T12:31:16Z,147.0,Sense
2025-07-18T12:31:21Z,145.0,Sense
2025-07-18T12:31:26Z,152.0,Sense
2025-07-18T12:31:31Z,151.0,Sense
2025-07-18T12:31:36Z,149.0,Sense
2025-07-18T12:31:41Z,147.0,Sense
2025-07-18T12:31:46Z,145.0,Sense
2025-07-18T12:31:51Z,142.0,Sense
2025-07-18T12:31:56Z,140.0,Sense
2025-07-18T12:32:01Z,142.0,Sense
2025-07-18T12:32:06Z,145.0,Sense
2025-07-18T12:32:16Z,144.0,Sense
2025-07-18T12:32:26Z,143.0,Sense
2025-07-18T12:32:31Z,139.0,Sense
2025-07-18T12:32:36Z,135.0,Sense
2025-07-18T12:32:41Z,132.0,Sense
2025-07-18T12:32:46Z,136.0,Sense
2025-07-18T12:32:51Z,139.0,Sense
2025-07-18T12:32:56Z,138.0,Sense
2025-07-18T12:33:01Z,134.0,Sense
2025-07-18T12:33:06Z,129.0,Sense
2025-07-18T12:33:11Z,127.0,Sense
2025-07-18T12:33:16Z,124.0,Sense
2025-07-18T12:33:21Z,125.0,Sense
2025-07-18T12:33:26Z,126.0,Sense
2025-07-18T12:33:31Z,124.0,Sense
2025-07-18T12:33:36Z,126.0,Sense
2025-07-18T12:33:46Z,125.0,Sense
2025-07-18T12:33:51Z,124.0,Sense
2025-07-18T12:34:06Z,123.0,Sense
2025-07-18T12:34:11Z,122.0,Sense
2025-07-18T12:34:16Z,124.0,Sense
2025-07-18T12:34:21Z,123.0,Sense
2025-07-18T12:34:26Z,126.0,Sense
2025-07-18T12:34:41Z,125.0,Sense
2025-07-18T12:34:51Z,127.0,Sense
2025-07-18T12:34:56Z,128.0,Sense
2025-07-18T12:35:01Z,128.0,Sense
2025-07-18T12:35:06Z,146.0,Sense
2025-07-18T12:35:11Z,152.0,Sense
2025-07-18T12:35:16Z,150.0,Sense
2025-07-18T12:35:26Z,151.0,Sense
2025-07-18T12:35:41Z,148.0,Sense
2025-07-18T12:35:46Z,146.0,Sense
2025-07-18T12:35:56Z,143.0,Sense
2025-07-18T12:36:01Z,142.0,Sense
2025-07-18T12:36:06Z,139.0,Sense
2025-07-18T12:36:11Z,131.0,Sense
2025-07-18T12:36:16Z,128.0,Sense
2025-07-18T12:36:21Z,128.0,Sense
2025-07-18T12:36:36Z,145.0,Sense
2025-07-18T12:36:41Z,162.0,Sense
2025-07-18T12:36:46Z,160.0,Sense
2025-07-18T12:37:01Z,162.0,Sense
2025-07-18T12:37:06Z,159.0,Sense
2025-07-18T12:37:11Z,166.0,Sense
2025-07-18T12:37:21Z,164.0,Sense
2025-07-18T12:37:26Z,165.0,Sense
2025-07-18T12:37:31Z,161.0,Sense
2025-07-18T12:37:36Z,160.0,Sense
2025-07-18T12:37:41Z,157.0,Sense
2025-07-18T12:37:46Z,156.0,Sense
2025-07-18T12:37:51Z,155.0,Sense
2025-07-18T12:37:56Z,159.0,Sense
2025-07-18T12:38:11Z,160.0,Sense
2025-07-18T12:38:16Z,159.0,Sense
2025-07-18T12:38:21Z,156.0,Sense
2025-07-18T12:38:26Z,155.0,Sense
2025-07-18T12:38:31Z,154.0,Sense
2025-07-18T12:38:36Z,155.0,Sense
2025-07-18T12:38:41Z,156.0,Sense
2025-07-18T12:38:46Z,150.0,Sense
2025-07-18T12:38:51Z,143.0,Sense
2025-07-18T12:39:01Z,139.0,Sense
2025-07-18T12:39:06Z,137.0,Sense
2025-07-18T12:39:11Z,138.0,Sense
2025-07-18T12:39:21Z,135.0,Sense
2025-07-18T12:39:31Z,134.0,Sense
2025-07-18T12:39:36Z,131.0,Sense
2025-07-18T12:39:41Z,122.0,Sense
2025-07-18T12:39:46Z,123.0,Sense
2025-07-18T12:39:56Z,122.0,Sense
2025-07-18T12:40:01Z,120.0,Sense
2025-07-18T12:40:06Z,120.0,Sense
2025-07-18T12:40:11Z,119.0,Sense
2025-07-18T12:40:16Z,125.0,Sense
2025-07-18T12:40:21Z,122.0,Sense
2025-07-18T12:40:26Z,118.0,Sense
2025-07-18T12:40:31Z,113.0,Sense
2025-07-18T12:40:36Z,110.0,Sense
2025-07-18T12:40:41Z,108.0,Sense
2025-07-18T12:40:46Z,98.0,Sense
2025-07-18T12:40:56Z,99.0,Sense
2025-07-18T12:41:02Z,100.0,Sense
2025-07-18T12:41:12Z,99.0,Sense
2025-07-18T12:41:22Z,101.0,Sense
2025-07-18T12:41:27Z,101.0,Sense
2025-07-18T12:41:32Z,100.0,Sense
2025-07-18T12:41:37Z,96.0,Sense
2025-07-18T12:41:42Z,123.0,Sense
2025-07-18T12:41:47Z,124.0,Sense
2025-07-18T12:41:52Z,121.0,Sense
2025-07-18T12:41:57Z,118.0,Sense
2025-07-18T12:42:02Z,116.0,Sense
2025-07-18T12:42:07Z,117.0,Sense
2025-07-18T12:42:12Z,116.0,Sense
2025-07-18T12:42:17Z,119.0,Sense
2025-07-18T12:42:22Z,118.0,Sense
2025-07-18T12:42:27Z,114.0,Sense
2025-07-18T12:42:32Z,118.0,Sense
2025-07-18T12:42:37Z,127.0,Sense
2025-07-18T12:42:42Z,128.0,Sense
2025-07-18T12:42:47Z,124.0,Sense
2025-07-18T12:42:52Z,120.0,Sense
2025-07-18T12:42:57Z,119.0,Sense
2025-07-18T12:43:02Z,118.0,Sense
2025-07-18T12:43:07Z,118.0,Sense
2025-07-18T12:43:12Z,119.0,Sense
2025-07-18T12:43:17Z,121.0,Sense
2025-07-18T12:43:32Z,120.0,Sense
2025-07-18T12:43:37Z,118.0,Sense
2025-07-18T12:43:42Z,120.0,Sense
2025-07-18T12:43:47Z,121.0,Sense
2025-07-18T12:43:57Z,122.0,Sense
2025-07-18T12:44:07Z,119.0,Sense
2025-07-18T12:44:12Z,118.0,Sense
2025-07-18T12:44:23Z,120.0,Sense
2025-07-18T12:44:28Z,120.0,Sense
2025-07-18T12:44:33Z,117.0,Sense
2025-07-18T12:44:38Z,119.0,Sense
2025-07-18T12:44:43Z,114.0,Sense
2025-07-18T12:44:48Z,113.0,Sense
2025-07-18T12:44:53Z,109.0,Sense
2025-07-18T12:44:58Z,103.0,Sense
2025-07-18T12:45:03Z,101.0,Sense
2025-07-18T12:45:08Z,102.0,Sense
2025-07-18T12:45:13Z,104.0,Sense
2025-07-18T12:45:18Z,106.0,Sense
2025-07-18T12:45:23Z,114.0,Sense
2025-07-18T12:45:28Z,125.0,Sense
2025-07-18T12:45:33Z,126.0,Sense
2025-07-18T12:45:38Z,127.0,Sense
2025-07-18T12:45:48Z,129.0,Sense
2025-07-18T12:45:53Z,126.0,Sense
2025-07-18T12:45:58Z,125.0,Sense
2025-07-18T12:46:03Z,127.0,Sense
2025-07-18T12:46:08Z,129.0,Sense
2025-07-18T12:46:13Z,130.0,Sense
2025-07-18T12:46:23Z,132.0,Sense
2025-07-18T12:46:28Z,131.0,Sense
2025-07-18T12:46:33Z,129.0,Sense
2025-07-18T12:46:38Z,124.0,Sense
2025-07-18T12:46:43Z,131.0,Sense
2025-07-18T12:46:48Z,149.0,Sense
2025-07-18T12:46:53Z,147.0,Sense
2025-07-18T12:46:58Z,145.0,Sense
2025-07-18T12:47:03Z,143.0,Sense
2025-07-18T12:47:13Z,141.0,Sense
2025-07-18T12:47:23Z,139.0,Sense
2025-07-18T12:47:28Z,136.0,Sense
2025-07-18T12:47:33Z,134.0,Sense
2025-07-18T12:47:38Z,132.0,Sense
2025-07-18T12:47:43Z,129.0,Sense
2025-07-18T12:47:48Z,128.0,Sense
2025-07-18T12:47:58Z,131.0,Sense
2025-07-18T12:48:03Z,134.0,Sense
2025-07-18T12:48:13Z,131.0,Sense
2025-07-18T12:48:18Z,131.0,Sense
2025-07-18T12:48:33Z,131.0,Sense
2025-07-18T12:48:38Z,132.0,Sense
2025-07-18T12:48:48Z,130.0,Sense
2025-07-18T12:48:58Z,124.0,Sense
2025-07-18T12:49:03Z,120.0,Sense
2025-07-18T12:49:08Z,122.0,Sense
2025-07-18T12:49:18Z,123.0,Sense
2025-07-18T12:49:23Z,122.0,Sense
2025-07-18T12:49:28Z,118.0,Sense
2025-07-18T12:49:33Z,114.0,Sense
2025-07-18T12:49:38Z,108.0,Sense
2025-07-18T12:49:43Z,112.0,Sense
2025-07-18T12:49:48Z,134.0,Sense
2025-07-18T12:50:03Z,133.0,Sense
2025-07-18T12:50:08Z,142.0,Sense
2025-07-18T12:50:14Z,158.0,Sense
2025-07-18T12:50:19Z,156.0,Sense
2025-07-18T12:50:24Z,153.0,Sense
2025-07-18T12:50:29Z,147.0,Sense
2025-07-18T12:50:34Z,143.0,Sense
2025-07-18T12:50:39Z,139.0,Sense
2025-07-18T12:50:44Z,134.0,Sense
2025-07-18T12:50:49Z,133.0,Sense
2025-07-18T12:50:54Z,134.0,Sense
2025-07-18T12:51:04Z,135.0,Sense
2025-07-18T12:51:09Z,136.0,Sense
2025-07-18T12:51:14Z,135.0,Sense
2025-07-18T12:51:19Z,134.0,Sense
2025-07-18T12:51:34Z,130.0,Sense
2025-07-18T12:51:39Z,129.0,Sense
2025-07-18T12:51:44Z,137.0,Sense
2025-07-18T12:51:49Z,141.0,Sense
2025-07-18T12:51:54Z,137.0,Sense
2025-07-18T12:51:59Z,136.0,Sense
2025-07-18T12:52:14Z,134.0,Sense
2025-07-18T12:52:19Z,129.0,Sense
2025-07-18T12:52:24Z,108.0,Sense
2025-07-18T12:52:39Z,108.0,Sense
2025-07-18T12:52:44Z,106.0,Sense
2025-07-18T12:52:49Z,114.0,Sense
2025-07-18T12:52:54Z,125.0,Sense
2025-07-18T12:52:59Z,139.0,Sense
2025-07-18T12:53:04Z,142.0,Sense
2025-07-18T12:53:19Z,143.0,Sense
2025-07-18T12:53:34Z,142.0,Sense
2025-07-18T12:53:39Z,145.0,Sense
2025-07-18T12:53:44Z,150.0,Sense
2025-07-18T12:53:49Z,149.0,Sense
2025-07-18T12:53:54Z,152.0,Sense
2025-07-18T12:53:59Z,149.0,Sense
2025-07-18T12:54:09Z,146.0,Sense
2025-07-18T12:54:19Z,142.0,Sense
2025-07-18T12:54:24Z,137.0,Sense
2025-07-18T12:54:29Z,132.0,Sense
2025-07-18T12:54:34Z,133.0,Sense
2025-07-18T12:54:39Z,137.0,Sense
2025-07-18T12:54:49Z,138.0,Sense
2025-07-18T12:54:54Z,137.0,Sense
2025-07-18T12:54:59Z,133.0,Sense
2025-07-18T12:55:09Z,134.0,Sense
2025-07-18T12:55:14Z,137.0,Sense
2025-07-18T12:55:19Z,136.0,Sense
2025-07-18T12:55:24Z,134.0,Sense
2025-07-18T12:55:29Z,128.0,Sense
2025-07-18T12:55:34Z,123.0,Sense
2025-07-18T12:55:39Z,112.0,Sense
2025-07-18T12:55:44Z,108.0,Sense
2025-07-18T12:55:49Z,107.0,Sense
2025-07-18T12:55:54Z,105.0,Sense
2025-07-18T12:55:59Z,104.0,Sense
2025-07-18T12:56:04Z,97.0,Sense
2025-07-18T12:56:09Z,89.0,Sense
2025-07-18T12:56:24Z,89.0,Sense
2025-07-18T12:56:34Z,89.0,Sense
2025-07-18T12:56:39Z,90.0,Sense
2025-07-18T12:56:49Z,103.0,Sense
2025-07-18T12:56:54Z,127.0,Sense
2025-07-18T12:56:59Z,129.0,Sense
2025-07-18T12:57:14Z,129.0,Sense
2025-07-18T12:57:24Z,129.0,Sense
2025-07-18T12:57:39Z,130.0,Sense
2025-07-18T12:57:54Z,130.0,Sense
2025-07-18T12:57:59Z,131.0,Sense
2025-07-18T12:58:14Z,131.0,Sense
2025-07-18T12:58:19Z,122.0,Sense
2025-07-18T12:58:24Z,116.0,Sense
2025-07-18T12:58:29Z,115.0,Sense
2025-07-18T12:58:34Z,113.0,Sense
2025-07-18T12:58:39Z,112.0,Sense
2025-07-18T12:58:49Z,111.0,Sense
2025-07-18T12:58:54Z,112.0,Sense
2025-07-18T12:58:59Z,111.0,Sense
2025-07-18T12:59:04Z,113.0,Sense
2025-07-18T12:59:09Z,112.0,Sense
2025-07-18T12:59:24Z,113.0,Sense
2025-07-18T12:59:29Z,110.0,Sense
2025-07-18T12:59:44Z,109.0,Sense
2025-07-18T12:59:54Z,110.0,Sense
2025-07-18T12:59:59Z,111.0,Sense
2025-07-18T13:00:09Z,110.0,Sense
2025-07-18T13:00:19Z,110.0,Sense
2025-07-18T13:00:29Z,111.0,Sense
2025-07-18T13:00:39Z,112.0,Sense
2025-07-18T13:00:49Z,111.0,Sense
2025-07-18T13:00:54Z,110.0,Sense
2025-07-18T13:00:59Z,111.0,Sense
2025-07-18T13:01:04Z,110.0,Sense
2025-07-18T13:01:09Z,110.0,Sense
2025-07-18T13:01:24Z,110.0,Sense
2025-07-18T13:01:29Z,109.0,Sense
2025-07-18T13:01:34Z,108.0,Sense
2025-07-18T13:01:44Z,109.0,Sense
2025-07-18T13:01:49Z,110.0,Sense
2025-07-18T13:01:54Z,109.0,Sense
2025-07-18T13:01:59Z,109.0,Sense
2025-07-18T13:02:04Z,110.0,Sense
2025-07-18T13:02:09Z,109.0,Sense
2025-07-18T13:02:14Z,101.0,Sense
2025-07-18T13:02:24Z,102.0,Sense
2025-07-18T13:02:29Z,104.0,Sense
2025-07-18T13:02:39Z,105.0,Sense
2025-07-18T13:02:44Z,106.0,Sense
2025-07-18T13:02:54Z,105.0,Sense
2025-07-18T13:02:59Z,104.0,Sense
2025-07-18T13:03:09Z,106.0,Sense
2025-07-18T13:03:14Z,107.0,Sense
2025-07-18T13:03:24Z,109.0,Sense
2025-07-18T13:03:34Z,108.0,Sense
2025-07-18T13:03:39Z,104.0,Sense
2025-07-18T13:03:44Z,99.0,Sense
2025-07-18T13:03:49Z,96.0,Sense
2025-07-18T13:03:54Z,97.0,Sense
2025-07-18T13:03:59Z,100.0,Sense
2025-07-18T13:04:04Z,109.0,Sense
2025-07-18T13:04:09Z,110.0,Sense
2025-07-18T13:04:14Z,115.0,Sense
2025-07-18T13:04:19Z,114.0,Sense
2025-07-18T13:04:24Z,112.0,Sense
2025-07-18T13:04:29Z,111.0,Sense
2025-07-18T13:04:34Z,112.0,Sense
2025-07-18T13:04:39Z,103.0,Sense
2025-07-18T13:04:44Z,100.0,Sense
2025-07-18T13:04:49Z,98.0,Sense
2025-07-18T13:04:54Z,97.0,Sense
2025-07-18T13:04:59Z,98.0,Sense
2025-07-18T13:05:04Z,99.0,Sense
2025-07-18T13:05:09Z,96.0,Sense
2025-07-18T13:05:14Z,95.0,Sense
2025-07-18T13:05:19Z,100.0,Sense
2025-07-18T13:05:24Z,102.0,Sense
2025-07-18T13:05:29Z,101.0,Sense
2025-07-18T13:05:34Z,102.0,Sense
2025-07-18T13:05:39Z,104.0,Sense
2025-07-18T13:05:54Z,101.0,Sense
2025-07-18T13:05:59Z,99.0,Sense
2025-07-18T13:06:04Z,97.0,Sense
2025-07-18T13:06:09Z,99.0,Sense
2025-07-18T13:06:19Z,100.0,Sense
2025-07-18T13:06:24Z,98.0,Sense
2025-07-18T13:06:29Z,100.0,Sense
2025-07-18T13:06:39Z,101.0,Sense
2025-07-18T13:06:54Z,101.0,Sense
2025-07-18T13:06:59Z,102.0,Sense
2025-07-18T13:07:04Z,106.0,Sense
2025-07-18T13:07:09Z,102.0,Sense
2025-07-18T13:07:14Z,103.0,Sense
2025-07-18T13:07:19Z,102.0,Sense
2025-07-18T13:07:24Z,99.0,Sense
2025-07-18T13:07:29Z,98.0,Sense
2025-07-18T13:07:39Z,97.0,Sense
2025-07-18T13:07:49Z,96.0,Sense
2025-07-18T13:07:54Z,97.0,Sense
2025-07-18T13:07:59Z,98.0,Sense
2025-07-18T13:08:14Z,98.0,Sense
2025-07-18T13:08:19Z,97.0,Sense
2025-07-18T13:08:24Z,95.0,Sense
2025-07-18T13:08:29Z,97.0,Sense
2025-07-18T13:08:34Z,96.0,Sense
2025-07-18T13:08:49Z,96.0,Sense
2025-07-18T13:08:59Z,95.0,Sense
2025-07-18T13:09:04Z,96.0,Sense
2025-07-18T13:09:09Z,98.0,Sense
2025-07-18T13:09:14Z,99.0,Sense
2025-07-18T13:09:19Z,93.0,Sense
2025-07-18T13:09:24Z,89.0,Sense
2025-07-18T13:09:29Z,91.0,Sense
2025-07-18T13:09:39Z,90.0,Sense
2025-07-18T13:09:44Z,89.0,Sense
2025-07-18T13:09:49Z,90.0,Sense
2025-07-18T13:09:54Z,89.0,Sense
2025-07-18T13:09:59Z,91.0,Sense
2025-07-18T13:10:04Z,93.0,Sense
2025-07-18T13:10:09Z,95.0,Sense
2025-07-18T13:10:19Z,96.0,Sense
2025-07-18T13:10:24Z,99.0,Sense
2025-07-18T13:10:34Z,98.0,Sense
2025-07-18T13:10:39Z,100.0,Sense
2025-07-18T13:10:44Z,99.0,Sense
2025-07-18T13:10:49Z,101.0,Sense
2025-07-18T13:10:54Z,100.0,Sense
2025-07-18T13:10:59Z,98.0,Sense
2025-07-18T13:11:04Z,96.0,Sense
2025-07-18T13:11:09Z,97.0,Sense
2025-07-18T13:11:14Z,98.0,Sense
2025-07-18T13:11:24Z,96.0,Sense
2025-07-18T13:11:29Z,95.0,Sense
2025-07-18T13:11:39Z,96.0,Sense
2025-07-18T13:11:44Z,97.0,Sense
2025-07-18T13:11:49Z,96.0,Sense
2025-07-18T13:11:54Z,97.0,Sense
2025-07-18T13:11:59Z,96.0,Sense
2025-07-18T13:12:09Z,94.0,Sense
2025-07-18T13:12:14Z,93.0,Sense
2025-07-18T13:12:24Z,92.0,Sense
2025-07-18T13:12:35Z,93.0,Sense
2025-07-18T13:12:45Z,96.0,Sense
2025-07-18T13:12:50Z,95.0,Sense
2025-07-18T13:12:55Z,94.0,Sense
2025-07-18T13:13:00Z,93.0,Sense
2025-07-18T13:13:16Z,88.0,Sense
2025-07-18T13:13:21Z,86.0,Sense
2025-07-18T13:13:26Z,91.0,Sense
2025-07-18T13:13:31Z,89.0,Sense
2025-07-18T13:13:36Z,90.0,Sense
2025-07-18T13:13:41Z,91.0,Sense
2025-07-18T13:13:46Z,88.0,Sense
2025-07-18T13:13:51Z,91.0,Sense
2025-07-18T13:13:56Z,93.0,Sense
2025-07-18T13:14:01Z,94.0,Sense
2025-07-18T13:14:06Z,95.0,Sense
2025-07-18T13:14:11Z,91.0,Sense
2025-07-18T13:14:16Z,85.0,Sense
2025-07-18T13:52:08Z,84.0,Sense
2025-07-18T13:52:13Z,80.0,Sense
2025-07-18T13:52:23Z,78.0,Sense
2025-07-18T13:52:28Z,86.0,Sense
2025-07-18T13:52:33Z,84.0,Sense
2025-07-18T13:52:38Z,86.0,Sense
2025-07-18T13:52:43Z,87.0,Sense
2025-07-18T13:52:48Z,91.0,Sense
2025-07-18T13:52:53Z,93.0,Sense
2025-07-18T13:52:58Z,96.0,Sense
2025-07-18T13:53:03Z,94.0,Sense
2025-07-18T13:53:08Z,91.0,Sense
2025-07-18T13:53:13Z,88.0,Sense
2025-07-18T13:53:18Z,90.0,Sense
2025-07-18T13:53:23Z,88.0,Sense
2025-07-18T13:53:28Z,93.0,Sense
2025-07-18T13:53:33Z,101.0,Sense
2025-07-18T13:53:38Z,95.0,Sense
2025-07-18T13:53:43Z,92.0,Sense
2025-07-18T13:53:58Z,94.0,Sense
2025-07-18T13:54:08Z,91.0,Sense
2025-07-18T13:54:18Z,94.0,Sense
2025-07-18T13:54:23Z,92.0,Sense
2025-07-18T13:54:33Z,91.0,Sense
2025-07-18T13:54:38Z,95.0,Sense
2025-07-18T13:54:43Z,97.0,Sense
2025-07-18T13:54:53Z,95.0,Sense
2025-07-18T13:55:08Z,96.0,Sense
2025-07-18T13:55:13Z,97.0,Sense
2025-07-18T13:55:23Z,99.0,Sense
2025-07-18T13:55:28Z,96.0,Sense
2025-07-18T13:55:33Z,94.0,Sense
2025-07-18T13:55:38Z,90.0,Sense
2025-07-18T13:55:43Z,89.0,Sense
2025-07-18T13:55:48Z,93.0,Sense
2025-07-18T13:55:53Z,96.0,Sense
2025-07-18T13:55:58Z,94.0,Sense
2025-07-18T13:56:08Z,95.0,Sense
2025-07-18T13:56:13Z,94.0,Sense
2025-07-18T13:56:18Z,95.0,Sense
2025-07-18T13:56:23Z,93.0,Sense
2025-07-18T13:56:28Z,92.0,Sense
2025-07-18T13:56:43Z,93.0,Sense
2025-07-18T13:56:53Z,94.0,Sense
2025-07-18T13:56:58Z,93.0,Sense
2025-07-18T13:57:08Z,91.0,Sense
2025-07-18T13:57:13Z,90.0,Sense
2025-07-18T13:57:23Z,88.0,Sense
2025-07-18T13:57:28Z,89.0,Sense
2025-07-18T13:57:33Z,82.0,Sense
2025-07-18T13:57:38Z,83.0,Sense
2025-07-18T13:57:43Z,82.0,Sense
2025-07-18T13:57:48Z,83.0,Sense
2025-07-18T13:57:53Z,84.0,Sense
2025-07-18T13:57:58Z,83.0,Sense
2025-07-18T13:58:08Z,83.0,Sense
2025-07-18T13:58:13Z,85.0,Sense
2025-07-18T13:58:23Z,87.0,Sense
2025-07-18T13:58:28Z,90.0,Sense
2025-07-18T13:58:33Z,91.0,Sense
2025-07-18T13:58:38Z,96.0,Sense
2025-07-18T13:58:43Z,98.0,Sense
2025-07-18T13:58:48Z,101.0,Sense
2025-07-18T13:58:53Z,104.0,Sense
2025-07-18T13:59:03Z,93.0,Sense
2025-07-18T13:59:18Z,94.0,Sense
2025-07-18T13:59:23Z,95.0,Sense
2025-07-18T13:59:28Z,93.0,Sense
2025-07-18T13:59:38Z,92.0,Sense
2025-07-18T13:59:43Z,88.0,Sense
2025-07-18T13:59:53Z,86.0,Sense
2025-07-18T14:00:03Z,87.0,Sense
2025-07-18T14:00:08Z,88.0,Sense
2025-07-18T14:00:23Z,88.0,Sense
2025-07-18T14:00:28Z,89.0,Sense
2025-07-18T14:00:33Z,90.0,Sense
2025-07-18T14:00:38Z,92.0,Sense
2025-07-18T14:00:43Z,90.0,Sense
2025-07-18T14:00:48Z,91.0,Sense
2025-07-18T14:00:58Z,89.0,Sense
2025-07-18T14:01:03Z,87.0,Sense
2025-07-18T14:01:08Z,88.0,Sense
2025-07-18T14:01:13Z,86.0,Sense
2025-07-18T14:01:18Z,87.0,Sense
2025-07-18T14:01:23Z,86.0,Sense
2025-07-18T14:01:33Z,83.0,Sense
2025-07-18T14:01:48Z,84.0,Sense
2025-07-18T14:01:53Z,86.0,Sense
2025-07-18T14:01:58Z,87.0,Sense
2025-07-18T14:02:03Z,85.0,Sense
2025-07-18T14:02:08Z,86.0,Sense
2025-07-18T14:02:13Z,85.0,Sense
2025-07-18T14:02:18Z,84.0,Sense
2025-07-18T14:02:23Z,83.0,Sense
2025-07-18T14:02:28Z,86.0,Sense
2025-07-18T14:02:33Z,85.0,Sense
2025-07-18T14:02:38Z,88.0,Sense
2025-07-18T14:02:43Z,85.0,Sense
2025-07-18T14:02:48Z,84.0,Sense
2025-07-18T14:02:53Z,79.0,Sense
2025-07-18T14:02:58Z,82.0,Sense
2025-07-18T14:03:03Z,83.0,Sense
2025-07-18T14:03:08Z,81.0,Sense
2025-07-18T14:03:13Z,83.0,Sense
2025-07-18T14:03:18Z,84.0,Sense
2025-07-18T14:03:23Z,80.0,Sense
2025-07-18T14:03:28Z,82.0,Sense
2025-07-18T14:03:33Z,80.0,Sense
2025-07-18T14:03:38Z,75.0,Sense
2025-07-18T14:03:48Z,73.0,Sense
2025-07-18T14:03:53Z,72.0,Sense
2025-07-18T14:03:58Z,73.0,Sense
2025-07-18T14:04:03Z,71.0,Sense
2025-07-18T14:04:08Z,72.0,Sense
2025-07-18T14:04:13Z,74.0,Sense
2025-07-18T14:04:23Z,72.0,Sense
2025-07-18T14:04:28Z,74.0,Sense
2025-07-18T14:04:33Z,75.0,Sense
2025-07-18T14:04:43Z,73.0,Sense
2025-07-18T14:04:48Z,72.0,Sense
2025-07-18T14:04:58Z,73.0,Sense
2025-07-18T14:05:03Z,74.0,Sense
2025-07-18T14:05:08Z,77.0,Sense
2025-07-18T14:05:13Z,78.0,Sense
2025-07-18T14:05:18Z,75.0,Sense
2025-07-18T14:05:23Z,74.0,Sense
2025-07-18T14:05:33Z,73.0,Sense
2025-07-18T14:05:43Z,71.0,Sense
2025-07-18T14:05:58Z,71.0,Sense
2025-07-18T14:06:03Z,72.0,Sense
2025-07-18T14:06:08Z,73.0,Sense
2025-07-18T14:06:18Z,75.0,Sense
2025-07-18T14:06:23Z,76.0,Sense
2025-07-18T14:06:28Z,77.0,Sense
2025-07-18T14:06:33Z,76.0,Sense
2025-07-18T14:06:38Z,68.0,Sense
2025-07-18T14:06:43Z,70.0,Sense
2025-07-18T14:06:48Z,74.0,Sense
2025-07-18T14:06:53Z,75.0,Sense
2025-07-18T14:06:58Z,76.0,Sense
2025-07-18T14:07:03Z,74.0,Sense
2025-07-18T14:07:08Z,75.0,Sense
2025-07-18T14:07:13Z,76.0,Sense
2025-07-18T14:07:23Z,75.0,Sense
2025-07-18T14:07:33Z,72.0,Sense
2025-07-18T14:07:43Z,73.0,Sense
2025-07-18T14:07:53Z,72.0,Sense
2025-07-18T14:07:58Z,73.0,Sense
2025-07-18T14:08:13Z,72.0,Sense
2025-07-18T14:08:18Z,73.0,Sense
2025-07-18T14:08:23Z,72.0,Sense
2025-07-18T14:08:33Z,71.0,Sense
2025-07-18T14:08:38Z,75.0,Sense
2025-07-18T14:08:43Z,76.0,Sense
2025-07-18T14:08:48Z,77.0,Sense
2025-07-18T14:08:58Z,78.0,Sense
2025-07-18T14:09:03Z,77.0,Sense
2025-07-18T14:09:13Z,76.0,Sense
2025-07-18T14:09:28Z,76.0,Sense
2025-07-18T14:09:33Z,73.0,Sense
2025-07-18T14:09:48Z,74.0,Sense
2025-07-18T14:09:53Z,75.0,Sense
2025-07-18T14:09:58Z,74.0,Sense
2025-07-18T14:10:03Z,72.0,Sense
2025-07-18T14:10:18Z,72.0,Sense
2025-07-18T14:10:33Z,71.0,Sense
2025-07-18T14:10:38Z,72.0,Sense
2025-07-18T14:10:43Z,71.0,Sense
2025-07-18T14:10:48Z,72.0,Sense
2025-07-18T14:10:58Z,73.0,Sense
2025-07-18T14:11:13Z,72.0,Sense
2025-07-18T14:11:28Z,72.0,Sense
2025-07-18T14:11:33Z,74.0,Sense
2025-07-18T14:11:38Z,75.0,Sense
2025-07-18T14:11:48Z,76.0,Sense
2025-07-18T14:11:53Z,79.0,Sense
2025-07-18T14:12:08Z,76.0,Sense
2025-07-18T14:12:18Z,77.0,Sense
2025-07-18T14:12:28Z,78.0,Sense
2025-07-18T14:12:38Z,79.0,Sense
2025-07-18T14:12:43Z,80.0,Sense
2025-07-18T14:12:48Z,79.0,Sense
2025-07-18T14:12:53Z,77.0,Sense
2025-07-18T14:13:03Z,76.0,Sense
2025-07-18T14:13:08Z,75.0,Sense
2025-07-18T14:13:13Z,76.0,Sense
2025-07-18T14:13:18Z,75.0,Sense
2025-07-18T14:13:33Z,76.0,Sense
2025-07-18T14:13:38Z,74.0,Sense
2025-07-18T14:13:48Z,73.0,Sense
2025-07-18T14:13:53Z,70.0,Sense
2025-07-18T14:14:03Z,71.0,Sense
2025-07-18T14:14:08Z,70.0,Sense
2025-07-18T14:14:13Z,71.0,Sense
2025-07-18T14:14:28Z,71.0,Sense
2025-07-18T14:14:33Z,69.0,Sense
2025-07-18T14:14:43Z,70.0,Sense
2025-07-18T14:14:48Z,69.0,Sense
2025-07-18T14:15:03Z,77.0,Sense
2025-07-18T14:15:13Z,79.0,Sense
2025-07-18T14:15:18Z,74.0,Sense
2025-07-18T14:15:23Z,76.0,Sense
2025-07-18T14:15:33Z,75.0,Sense
2025-07-18T14:15:38Z,78.0,Sense
2025-07-18T14:15:43Z,83.0,Sense
2025-07-18T14:15:48Z,85.0,Sense
2025-07-18T14:15:53Z,84.0,Sense
2025-07-18T14:15:58Z,83.0,Sense
2025-07-18T14:16:03Z,82.0,Sense
2025-07-18T14:16:08Z,83.0,Sense
2025-07-18T14:16:13Z,86.0,Sense
2025-07-18T14:16:23Z,80.0,Sense
2025-07-18T14:16:28Z,82.0,Sense
2025-07-18T14:16:33Z,89.0,Sense
2025-07-18T14:16:38Z,87.0,Sense
2025-07-18T14:16:43Z,86.0,Sense
2025-07-18T14:16:48Z,87.0,Sense
2025-07-18T14:16:53Z,89.0,Sense
2025-07-18T14:16:58Z,91.0,Sense
2025-07-18T14:17:03Z,95.0,Sense
2025-07-18T14:17:08Z,98.0,Sense
2025-07-18T14:17:13Z,97.0,Sense
2025-07-18T14:17:18Z,96.0,Sense
2025-07-18T14:17:28Z,97.0,Sense
2025-07-18T14:17:33Z,96.0,Sense
2025-07-18T14:17:38Z,98.0,Sense
2025-07-18T14:17:43Z,99.0,Sense
2025-07-18T14:17:48Z,100.0,Sense
2025-07-18T14:17:58Z,98.0,Sense
2025-07-18T14:18:03Z,99.0,Sense
2025-07-18T14:18:08Z,97.0,Sense
2025-07-18T14:18:13Z,98.0,Sense
2025-07-18T14:18:18Z,96.0,Sense
2025-07-18T14:18:23Z,95.0,Sense
2025-07-18T14:18:28Z,92.0,Sense
2025-07-18T14:18:33Z,94.0,Sense
2025-07-18T14:18:38Z,93.0,Sense
2025-07-18T14:18:48Z,91.0,Sense
2025-07-18T14:18:53Z,89.0,Sense
2025-07-18T14:18:58Z,85.0,Sense
2025-07-18T14:19:03Z,86.0,Sense
2025-07-18T14:19:18Z,87.0,Sense
2025-07-18T14:19:23Z,92.0,Sense
2025-07-18T14:19:28Z,95.0,Sense
2025-07-18T14:19:33Z,96.0,Sense
2025-07-18T14:19:38Z,97.0,Sense
2025-07-18T14:19:43Z,97.0,Sense
2025-07-18T14:19:48Z,95.0,Sense
2025-07-18T14:19:53Z,96.0,Sense
2025-07-18T14:19:58Z,95.0,Sense
2025-07-18T14:20:03Z,94.0,Sense
2025-07-18T14:20:18Z,95.0,Sense
2025-07-18T14:20:23Z,96.0,Sense
2025-07-18T14:20:28Z,98.0,Sense
2025-07-18T14:20:33Z,97.0,Sense
2025-07-18T14:20:38Z,95.0,Sense
2025-07-18T14:20:43Z,96.0,Sense
2025-07-18T14:20:48Z,98.0,Sense
2025-07-18T14:20:53Z,99.0,Sense
2025-07-18T14:21:03Z,97.0,Sense
2025-07-18T14:21:13Z,98.0,Sense
2025-07-18T14:21:18Z,97.0,Sense
2025-07-18T14:21:23Z,100.0,Sense
2025-07-18T14:21:28Z,101.0,Sense
2025-07-18T14:21:33Z,100.0,Sense
2025-07-18T14:21:38Z,106.0,Sense
2025-07-18T14:21:43Z,107.0,Sense
2025-07-18T14:21:48Z,106.0,Sense
2025-07-18T14:21:53Z,103.0,Sense
2025-07-18T14:21:58Z,102.0,Sense
2025-07-18T14:22:03Z,101.0,Sense
2025-07-18T14:22:08Z,99.0,Sense
2025-07-18T14:22:13Z,101.0,Sense
2025-07-18T14:22:23Z,102.0,Sense
2025-07-18T14:22:38Z,102.0,Sense
2025-07-18T14:22:53Z,104.0,Sense
2025-07-18T14:22:58Z,103.0,Sense
2025-07-18T14:23:03Z,105.0,Sense
2025-07-18T14:23:08Z,103.0,Sense
2025-07-18T14:23:13Z,105.0,Sense
2025-07-18T14:23:18Z,103.0,Sense
2025-07-18T14:23:28Z,102.0,Sense
2025-07-18T14:23:38Z,103.0,Sense
2025-07-18T14:23:43Z,104.0,Sense
2025-07-18T14:23:58Z,108.0,Sense
2025-07-18T14:24:13Z,108.0,Sense
2025-07-18T14:24:18Z,105.0,Sense
2025-07-18T14:24:28Z,94.0,Sense
2025-07-18T14:24:33Z,92.0,Sense
2025-07-18T14:24:38Z,86.0,Sense
2025-07-18T14:24:48Z,83.0,Sense
2025-07-18T14:24:58Z,84.0,Sense
2025-07-18T14:25:03Z,85.0,Sense
2025-07-18T14:25:08Z,83.0,Sense
2025-07-18T14:25:13Z,84.0,Sense
2025-07-18T14:25:18Z,79.0,Sense
2025-07-18T14:25:23Z,76.0,Sense
2025-07-18T14:25:33Z,74.0,Sense
2025-07-18T14:25:38Z,72.0,Sense
2025-07-18T14:25:43Z,71.0,Sense
2025-07-18T14:25:58Z,70.0,Sense
2025-07-18T14:26:03Z,73.0,Sense
2025-07-18T14:26:08Z,70.0,Sense
2025-07-18T14:26:18Z,74.0,Sense
2025-07-18T14:26:23Z,75.0,Sense
2025-07-18T14:26:28Z,68.0,Sense
2025-07-18T14:26:33Z,69.0,Sense
2025-07-18T14:26:38Z,68.0,Sense
2025-07-18T14:26:43Z,67.0,Sense
2025-07-18T14:26:53Z,66.0,Sense
2025-07-18T14:26:58Z,65.0,Sense
2025-07-18T14:27:03Z,63.0,Sense
2025-07-18T14:27:08Z,62.0,Sense
2025-07-18T14:27:13Z,64.0,Sense
2025-07-18T14:27:18Z,65.0,Sense
2025-07-18T14:27:23Z,68.0,Sense
2025-07-18T14:27:28Z,69.0,Sense
2025-07-18T14:27:33Z,67.0,Sense
2025-07-18T14:27:38Z,65.0,Sense
2025-07-18T14:27:43Z,65.0,Sense
2025-07-18T14:27:48Z,66.0,Sense
2025-07-18T14:27:53Z,65.0,Sense
2025-07-18T14:27:58Z,64.0,Sense
2025-07-18T14:28:13Z,63.0,Sense
2025-07-18T14:28:18Z,62.0,Sense
2025-07-18T14:28:23Z,65.0,Sense
2025-07-18T14:28:33Z,63.0,Sense
2025-07-18T14:28:38Z,67.0,Sense
2025-07-18T14:28:43Z,66.0,Sense
2025-07-18T14:28:53Z,68.0,Sense
2025-07-18T14:29:08Z,69.0,Sense
2025-07-18T14:29:18Z,70.0,Sense
2025-07-18T14:29:23Z,71.0,Sense
2025-07-18T14:29:28Z,75.0,Sense
2025-07-18T14:29:33Z,79.0,Sense
2025-07-18T14:29:38Z,72.0,Sense
2025-07-18T14:29:43Z,74.0,Sense
2025-07-18T14:29:48Z,71.0,Sense
2025-07-18T14:29:53Z,70.0,Sense
2025-07-18T14:30:03Z,71.0,Sense
2025-07-18T14:30:08Z,70.0,Sense
2025-07-18T14:30:18Z,73.0,Sense
2025-07-18T14:30:23Z,74.0,Sense
2025-07-18T14:30:33Z,76.0,Sense
2025-07-18T14:30:38Z,75.0,Sense
2025-07-18T14:30:43Z,76.0,Sense
2025-07-18T14:30:48Z,88.0,Sense
2025-07-18T14:30:53Z,91.0,Sense
2025-07-18T14:30:58Z,89.0,Sense
2025-07-18T14:31:03Z,87.0,Sense
2025-07-18T14:31:08Z,89.0,Sense
2025-07-18T14:31:13Z,88.0,Sense
2025-07-18T14:31:18Z,89.0,Sense
2025-07-18T14:31:23Z,87.0,Sense
2025-07-18T14:31:28Z,85.0,Sense
2025-07-18T14:31:33Z,89.0,Sense
2025-07-18T14:31:43Z,87.0,Sense
2025-07-18T14:31:48Z,90.0,Sense
2025-07-18T14:31:58Z,81.0,Sense
2025-07-18T14:32:08Z,83.0,Sense
2025-07-18T14:32:18Z,86.0,Sense
2025-07-18T14:32:28Z,92.0,Sense
2025-07-18T14:32:33Z,93.0,Sense
2025-07-18T14:32:38Z,91.0,Sense
2025-07-18T14:32:43Z,86.0,Sense
2025-07-18T14:32:48Z,100.0,Sense
2025-07-18T14:32:53Z,101.0,Sense
2025-07-18T14:32:58Z,102.0,Sense
2025-07-18T14:33:03Z,99.0,Sense
2025-07-18T14:33:08Z,98.0,Sense
2025-07-18T14:33:13Z,97.0,Sense
2025-07-18T14:33:18Z,98.0,Sense
2025-07-18T14:33:23Z,99.0,Sense
2025-07-18T14:33:28Z,94.0,Sense
2025-07-18T14:33:33Z,90.0,Sense
2025-07-18T14:33:38Z,95.0,Sense
2025-07-18T14:33:43Z,102.0,Sense
2025-07-18T14:33:48Z,101.0,Sense
2025-07-18T14:33:58Z,99.0,Sense
2025-07-18T14:34:03Z,100.0,Sense
2025-07-18T14:34:08Z,98.0,Sense
2025-07-18T14:34:13Z,99.0,Sense
2025-07-18T14:34:18Z,100.0,Sense
2025-07-18T14:34:28Z,101.0,Sense
2025-07-18T14:34:38Z,105.0,Sense
2025-07-18T14:34:43Z,110.0,Sense
2025-07-18T14:34:48Z,122.0,Sense
2025-07-18T14:34:53Z,126.0,Sense
2025-07-18T14:34:58Z,125.0,Sense
2025-07-18T14:35:03Z,116.0,Sense
2025-07-18T14:35:08Z,102.0,Sense
2025-07-18T14:35:13Z,99.0,Sense
2025-07-18T14:35:18Z,110.0,Sense
2025-07-18T14:35:23Z,114.0,Sense
2025-07-18T14:35:28Z,119.0,Sense
2025-07-18T14:35:33Z,114.0,Sense
2025-07-18T14:35:38Z,116.0,Sense
2025-07-18T14:35:43Z,113.0,Sense
2025-07-18T14:35:48Z,111.0,Sense
2025-07-18T14:35:53Z,106.0,Sense
2025-07-18T14:35:58Z,108.0,Sense
2025-07-18T14:36:03Z,111.0,Sense
2025-07-18T14:36:08Z,109.0,Sense
2025-07-18T14:36:13Z,108.0,Sense
2025-07-18T14:36:18Z,109.0,Sense
2025-07-18T14:36:23Z,112.0,Sense
2025-07-18T14:36:28Z,116.0,Sense
2025-07-18T14:36:33Z,114.0,Sense
2025-07-18T14:36:48Z,112.0,Sense
2025-07-18T14:36:58Z,111.0,Sense
2025-07-18T14:37:03Z,108.0,Sense
2025-07-18T14:37:08Z,109.0,Sense
2025-07-18T14:37:13Z,111.0,Sense
2025-07-18T14:37:18Z,113.0,Sense
2025-07-18T14:37:23Z,112.0,Sense
2025-07-18T14:37:28Z,111.0,Sense
2025-07-18T14:37:33Z,110.0,Sense
2025-07-18T14:37:48Z,111.0,Sense
2025-07-18T14:37:53Z,110.0,Sense
2025-07-18T14:37:58Z,112.0,Sense
2025-07-18T14:38:03Z,111.0,Sense
2025-07-18T14:38:08Z,110.0,Sense
2025-07-18T14:38:13Z,111.0,Sense
2025-07-18T14:38:18Z,110.0,Sense
2025-07-18T14:38:28Z,112.0,Sense
2025-07-18T14:38:33Z,108.0,Sense
2025-07-18T14:38:38Z,99.0,Sense
2025-07-18T14:38:43Z,97.0,Sense
2025-07-18T14:38:48Z,108.0,Sense
2025-07-18T14:38:53Z,92.0,Sense
2025-07-18T14:38:58Z,108.0,Sense
2025-07-18T14:39:03Z,110.0,Sense
2025-07-18T14:39:08Z,114.0,Sense
2025-07-18T14:39:13Z,102.0,Sense
2025-07-18T14:39:18Z,108.0,Sense
2025-07-18T14:39:23Z,116.0,Sense
2025-07-18T14:39:28Z,118.0,Sense
2025-07-18T14:39:33Z,121.0,Sense
2025-07-18T14:39:43Z,111.0,Sense
2025-07-18T14:39:48Z,112.0,Sense
2025-07-18T14:39:53Z,111.0,Sense
2025-07-18T14:39:58Z,109.0,Sense
2025-07-18T14:40:03Z,110.0,Sense
2025-07-18T14:40:08Z,115.0,Sense
2025-07-18T14:40:18Z,112.0,Sense
2025-07-18T14:40:28Z,111.0,Sense
2025-07-18T14:40:33Z,109.0,Sense
2025-07-18T14:40:38Z,108.0,Sense
2025-07-18T14:40:43Z,109.0,Sense
2025-07-18T14:40:53Z,110.0,Sense
2025-07-18T14:41:08Z,108.0,Sense
2025-07-18T14:41:13Z,111.0,Sense
2025-07-18T14:41:23Z,112.0,Sense
2025-07-18T14:41:28Z,113.0,Sense
2025-07-18T14:41:33Z,115.0,Sense
2025-07-18T14:41:43Z,111.0,Sense
2025-07-18T14:41:48Z,110.0,Sense
2025-07-18T14:41:53Z,108.0,Sense
2025-07-18T14:41:58Z,105.0,Sense
2025-07-18T14:42:08Z,102.0,Sense
2025-07-18T14:42:13Z,104.0,Sense
2025-07-18T14:42:18Z,102.0,Sense
2025-07-18T14:42:23Z,103.0,Sense
2025-07-18T14:42:33Z,104.0,Sense
2025-07-18T14:42:43Z,107.0,Sense
2025-07-18T14:42:53Z,108.0,Sense
2025-07-18T14:42:58Z,107.0,Sense
2025-07-18T14:43:03Z,107.0,Sense
2025-07-18T14:43:08Z,106.0,Sense
2025-07-18T14:43:13Z,105.0,Sense
2025-07-18T14:43:23Z,103.0,Sense
2025-07-18T14:43:28Z,105.0,Sense
2025-07-18T14:43:43Z,107.0,Sense
2025-07-18T14:43:53Z,108.0,Sense
2025-07-18T14:44:03Z,107.0,Sense
2025-07-18T14:44:08Z,105.0,Sense
2025-07-18T14:44:13Z,107.0,Sense
2025-07-18T14:44:28Z,107.0,Sense
2025-07-18T14:44:33Z,106.0,Sense
2025-07-18T14:44:38Z,101.0,Sense
2025-07-18T14:44:43Z,103.0,Sense
2025-07-18T14:44:48Z,104.0,Sense
2025-07-18T14:44:53Z,105.0,Sense
2025-07-18T14:44:58Z,107.0,Sense
2025-07-18T14:45:08Z,110.0,Sense
2025-07-18T14:45:13Z,108.0,Sense
2025-07-18T14:45:18Z,110.0,Sense
2025-07-18T14:45:23Z,106.0,Sense
2025-07-18T14:45:28Z,105.0,Sense
2025-07-18T14:45:33Z,103.0,Sense
2025-07-18T14:45:38Z,105.0,Sense
2025-07-18T14:45:43Z,104.0,Sense
2025-07-18T14:45:48Z,102.0,Sense
2025-07-18T14:45:53Z,104.0,Sense
2025-07-18T14:45:58Z,103.0,Sense
2025-07-18T14:46:03Z,105.0,Sense
2025-07-18T14:46:08Z,107.0,Sense
2025-07-18T14:46:13Z,104.0,Sense
2025-07-18T14:46:18Z,97.0,Sense
2025-07-18T14:46:23Z,95.0,Sense
2025-07-18T14:46:28Z,99.0,Sense
2025-07-18T14:46:33Z,100.0,Sense
2025-07-18T14:46:43Z,101.0,Sense
2025-07-18T14:46:48Z,97.0,Sense
2025-07-18T14:46:53Z,102.0,Sense
2025-07-18T14:46:58Z,100.0,Sense
2025-07-18T14:47:03Z,99.0,Sense
2025-07-18T14:47:13Z,100.0,Sense
2025-07-18T14:47:18Z,103.0,Sense
2025-07-18T14:47:23Z,101.0,Sense
2025-07-18T14:47:33Z,99.0,Sense
2025-07-18T14:47:38Z,100.0,Sense
2025-07-18T14:47:53Z,102.0,Sense
2025-07-18T14:47:58Z,101.0,Sense
2025-07-18T14:48:08Z,100.0,Sense
2025-07-18T14:48:13Z,102.0,Sense
2025-07-18T14:48:18Z,96.0,Sense
2025-07-18T14:48:23Z,94.0,Sense
2025-07-18T14:48:33Z,91.0,Sense
2025-07-18T14:48:38Z,94.0,Sense
2025-07-18T14:48:43Z,95.0,Sense
2025-07-18T14:48:48Z,95.0,Sense
2025-07-18T14:48:53Z,96.0,Sense
2025-07-18T14:48:58Z,94.0,Sense
2025-07-18T14:49:03Z,92.0,Sense
2025-07-18T14:49:08Z,95.0,Sense
2025-07-18T14:49:13Z,93.0,Sense
2025-07-18T14:49:18Z,95.0,Sense
2025-07-18T14:49:23Z,94.0,Sense
2025-07-18T14:49:28Z,96.0,Sense
2025-07-18T14:49:43Z,96.0,Sense
2025-07-18T14:49:48Z,95.0,Sense
2025-07-18T14:49:53Z,97.0,Sense
2025-07-18T14:49:58Z,96.0,Sense
2025-07-18T14:50:03Z,97.0,Sense
2025-07-18T14:50:13Z,98.0,Sense
2025-07-18T14:50:28Z,99.0,Sense
2025-07-18T14:50:33Z,98.0,Sense
2025-07-18T14:50:38Z,96.0,Sense
2025-07-18T14:50:43Z,100.0,Sense
2025-07-18T14:50:48Z,96.0,Sense
2025-07-18T14:50:58Z,97.0,Sense
2025-07-18T14:51:08Z,96.0,Sense
2025-07-18T14:51:13Z,99.0,Sense
2025-07-18T14:51:18Z,103.0,Sense
2025-07-18T14:51:23Z,104.0,Sense
2025-07-18T14:51:28Z,102.0,Sense
2025-07-18T14:51:33Z,101.0,Sense
2025-07-18T14:51:38Z,100.0,Sense
2025-07-18T14:51:53Z,101.0,Sense
2025-07-18T14:52:03Z,102.0,Sense
2025-07-18T14:52:08Z,101.0,Sense
2025-07-18T14:52:13Z,99.0,Sense
2025-07-18T14:52:23Z,101.0,Sense
2025-07-18T14:52:28Z,99.0,Sense
2025-07-18T14:52:33Z,104.0,Sense
2025-07-18T14:52:38Z,102.0,Sense
2025-07-18T14:52:43Z,103.0,Sense
2025-07-18T14:52:48Z,101.0,Sense
2025-07-18T14:52:53Z,100.0,Sense
2025-07-18T14:53:03Z,96.0,Sense
2025-07-18T14:53:08Z,92.0,Sense
2025-07-18T14:53:13Z,91.0,Sense
2025-07-18T14:53:18Z,90.0,Sense
2025-07-18T14:53:23Z,89.0,Sense
2025-07-18T14:53:28Z,90.0,Sense
2025-07-18T14:53:33Z,92.0,Sense
2025-07-18T14:53:38Z,93.0,Sense
2025-07-18T14:53:48Z,95.0,Sense
2025-07-18T14:53:53Z,93.0,Sense
2025-07-18T14:53:58Z,97.0,Sense
2025-07-18T14:54:03Z,100.0,Sense
2025-07-18T14:54:08Z,101.0,Sense
2025-07-18T14:54:13Z,104.0,Sense
2025-07-18T14:54:18Z,106.0,Sense
2025-07-18T14:54:23Z,107.0,Sense
2025-07-18T14:54:28Z,110.0,Sense
2025-07-18T14:54:33Z,109.0,Sense
2025-07-18T14:54:43Z,112.0,Sense
2025-07-18T14:54:53Z,115.0,Sense
2025-07-18T14:54:58Z,111.0,Sense
2025-07-18T14:55:03Z,107.0,Sense
2025-07-18T14:55:08Z,101.0,Sense
2025-07-18T14:55:13Z,99.0,Sense
2025-07-18T14:55:18Z,100.0,Sense
2025-07-18T14:55:23Z,106.0,Sense
2025-07-18T14:55:33Z,108.0,Sense
2025-07-18T14:55:43Z,117.0,Sense
2025-07-18T14:55:48Z,115.0,Sense
2025-07-18T14:55:58Z,112.0,Sense
2025-07-18T14:56:03Z,111.0,Sense
2025-07-18T14:56:08Z,113.0,Sense
2025-07-18T14:56:13Z,111.0,Sense
2025-07-18T14:56:18Z,112.0,Sense
2025-07-18T14:56:28Z,113.0,Sense
2025-07-18T14:56:38Z,114.0,Sense
2025-07-18T14:56:43Z,113.0,Sense
2025-07-18T14:56:53Z,112.0,Sense
2025-07-18T14:57:03Z,113.0,Sense
2025-07-18T14:57:08Z,112.0,Sense
2025-07-18T14:57:13Z,99.0,Sense
2025-07-18T14:57:18Z,106.0,Sense
2025-07-18T14:57:23Z,112.0,Sense
2025-07-18T14:57:28Z,109.0,Sense
2025-07-18T14:57:33Z,110.0,Sense
2025-07-18T14:57:38Z,99.0,Sense
2025-07-18T14:57:43Z,88.0,Sense
2025-07-18T14:57:48Z,78.0,Sense
2025-07-18T14:57:53Z,77.0,Sense
2025-07-18T14:58:03Z,82.0,Sense
2025-07-18T14:58:08Z,83.0,Sense
2025-07-18T14:58:13Z,79.0,Sense
2025-07-18T14:58:18Z,80.0,Sense
2025-07-18T14:58:33Z,82.0,Sense
2025-07-18T14:58:38Z,81.0,Sense
2025-07-18T14:58:43Z,78.0,Sense
2025-07-18T14:58:48Z,79.0,Sense
2025-07-18T14:58:53Z,77.0,Sense
2025-07-18T14:58:58Z,75.0,Sense
2025-07-18T14:59:03Z,74.0,Sense
2025-07-18T14:59:13Z,77.0,Sense
2025-07-18T14:59:18Z,83.0,Sense
2025-07-18T14:59:23Z,77.0,Sense
2025-07-18T14:59:33Z,79.0,Sense
2025-07-18T14:59:38Z,76.0,Sense
2025-07-18T14:59:43Z,70.0,Sense
2025-07-18T14:59:48Z,69.0,Sense
2025-07-18T14:59:53Z,68.0,Sense
2025-07-18T14:59:58Z,67.0,Sense
2025-07-18T15:00:03Z,70.0,Sense
2025-07-18T15:00:13Z,72.0,Sense
2025-07-18T15:00:18Z,80.0,Sense
2025-07-18T15:00:23Z,79.0,Sense
2025-07-18T15:00:28Z,83.0,Sense
2025-07-18T15:00:33Z,93.0,Sense
2025-07-18T15:00:38Z,82.0,Sense
2025-07-18T15:00:48Z,80.0,Sense
2025-07-18T15:00:53Z,82.0,Sense
2025-07-18T15:00:58Z,79.0,Sense
2025-07-18T15:01:03Z,80.0,Sense
2025-07-18T15:01:08Z,79.0,Sense
2025-07-18T15:01:13Z,84.0,Sense
2025-07-18T15:01:18Z,80.0,Sense
2025-07-18T15:01:23Z,79.0,Sense
2025-07-18T15:01:28Z,85.0,Sense
2025-07-18T15:01:33Z,81.0,Sense
2025-07-18T15:01:43Z,79.0,Sense
2025-07-18T15:01:48Z,80.0,Sense
2025-07-18T15:01:53Z,86.0,Sense
2025-07-18T15:01:58Z,98.0,Sense
2025-07-18T15:02:08Z,113.0,Sense
2025-07-18T15:02:13Z,115.0,Sense
2025-07-18T15:02:18Z,118.0,Sense
2025-07-18T15:02:28Z,119.0,Sense
2025-07-18T15:02:33Z,122.0,Sense
2025-07-18T15:02:38Z,118.0,Sense
2025-07-18T15:02:43Z,114.0,Sense
2025-07-18T15:02:48Z,101.0,Sense
2025-07-18T15:02:53Z,102.0,Sense
2025-07-18T15:02:58Z,99.0,Sense
2025-07-18T15:03:03Z,101.0,Sense
2025-07-18T15:03:08Z,106.0,Sense
2025-07-18T15:03:18Z,104.0,Sense
2025-07-18T15:03:23Z,106.0,Sense
2025-07-18T15:03:28Z,108.0,Sense
2025-07-18T15:03:33Z,99.0,Sense
2025-07-18T15:03:38Z,95.0,Sense
2025-07-18T15:03:43Z,97.0,Sense
2025-07-18T15:03:48Z,103.0,Sense
2025-07-18T15:03:53Z,129.0,Sense
2025-07-18T15:03:58Z,131.0,Sense
2025-07-18T15:04:03Z,127.0,Sense
2025-07-18T15:04:08Z,129.0,Sense
2025-07-18T15:04:13Z,128.0,Sense
2025-07-18T15:04:18Z,127.0,Sense
2025-07-18T15:04:23Z,124.0,Sense
2025-07-18T15:04:28Z,122.0,Sense
2025-07-18T15:04:33Z,121.0,Sense
2025-07-18T15:04:38Z,119.0,Sense
2025-07-18T15:04:53Z,116.0,Sense
2025-07-18T15:04:58Z,117.0,Sense
2025-07-18T15:05:03Z,116.0,Sense
2025-07-18T15:05:08Z,119.0,Sense
2025-07-18T15:05:13Z,122.0,Sense
2025-07-18T15:05:23Z,120.0,Sense
2025-07-18T15:05:28Z,116.0,Sense
2025-07-18T15:05:33Z,117.0,Sense
2025-07-18T15:05:38Z,116.0,Sense
2025-07-18T15:05:43Z,115.0,Sense
2025-07-18T15:05:48Z,116.0,Sense
2025-07-18T15:05:58Z,110.0,Sense
2025-07-18T15:06:03Z,109.0,Sense
2025-07-18T15:06:08Z,112.0,Sense
2025-07-18T15:06:13Z,116.0,Sense
2025-07-18T15:06:18Z,114.0,Sense
2025-07-18T15:06:23Z,108.0,Sense
2025-07-18T15:06:28Z,109.0,Sense
2025-07-18T15:06:33Z,113.0,Sense
2025-07-18T15:06:38Z,110.0,Sense
2025-07-18T15:06:43Z,111.0,Sense
2025-07-18T15:06:53Z,112.0,Sense
2025-07-18T15:06:58Z,107.0,Sense
2025-07-18T15:07:03Z,108.0,Sense
2025-07-18T15:07:13Z,109.0,Sense
2025-07-18T15:07:18Z,110.0,Sense
2025-07-18T15:07:23Z,106.0,Sense
2025-07-18T15:07:38Z,110.0,Sense
2025-07-18T15:07:43Z,111.0,Sense
2025-07-18T15:07:48Z,108.0,Sense
2025-07-18T15:07:53Z,105.0,Sense
2025-07-18T15:08:03Z,108.0,Sense
2025-07-18T15:08:18Z,107.0,Sense
2025-07-18T15:08:23Z,104.0,Sense
2025-07-18T15:08:28Z,100.0,Sense
2025-07-18T15:08:33Z,101.0,Sense
2025-07-18T15:08:38Z,103.0,Sense
2025-07-18T15:08:43Z,107.0,Sense
2025-07-18T15:08:48Z,103.0,Sense
2025-07-18T15:08:53Z,104.0,Sense
2025-07-18T15:08:58Z,105.0,Sense
2025-07-18T15:09:03Z,103.0,Sense
2025-07-18T15:09:08Z,104.0,Sense
2025-07-18T15:09:13Z,100.0,Sense
2025-07-18T15:09:18Z,92.0,Sense
2025-07-18T15:09:23Z,93.0,Sense
2025-07-18T15:09:33Z,90.0,Sense
2025-07-18T15:09:38Z,85.0,Sense
2025-07-18T15:09:43Z,83.0,Sense
2025-07-18T15:09:48Z,84.0,Sense
2025-07-18T15:09:53Z,86.0,Sense
2025-07-18T15:09:58Z,84.0,Sense
2025-07-18T15:10:03Z,85.0,Sense
2025-07-18T15:10:08Z,86.0,Sense
2025-07-18T15:10:13Z,87.0,Sense
2025-07-18T15:10:18Z,86.0,Sense
2025-07-18T15:10:23Z,88.0,Sense
2025-07-18T15:10:28Z,87.0,Sense
2025-07-18T15:10:38Z,86.0,Sense
2025-07-18T15:10:43Z,83.0,Sense
2025-07-18T15:10:48Z,81.0,Sense
2025-07-18T15:10:53Z,82.0,Sense
2025-07-18T15:10:58Z,85.0,Sense
2025-07-18T15:11:03Z,86.0,Sense
2025-07-18T15:11:08Z,87.0,Sense
2025-07-18T15:11:13Z,88.0,Sense
2025-07-18T15:11:18Z,90.0,Sense
2025-07-18T15:11:23Z,87.0,Sense
2025-07-18T15:11:28Z,86.0,Sense
2025-07-18T15:11:33Z,83.0,Sense
2025-07-18T15:11:38Z,82.0,Sense
2025-07-18T15:11:43Z,83.0,Sense
2025-07-18T15:11:48Z,79.0,Sense
2025-07-18T15:11:53Z,85.0,Sense
2025-07-18T15:11:58Z,83.0,Sense
2025-07-18T15:12:03Z,85.0,Sense
2025-07-18T15:12:08Z,84.0,Sense
2025-07-18T15:12:13Z,86.0,Sense
2025-07-18T15:12:18Z,84.0,Sense
2025-07-18T15:12:23Z,83.0,Sense
2025-07-18T15:12:28Z,82.0,Sense
2025-07-18T15:12:33Z,81.0,Sense
2025-07-18T15:12:38Z,83.0,Sense
2025-07-18T15:12:43Z,86.0,Sense
2025-07-18T15:12:48Z,88.0,Sense
2025-07-18T15:12:53Z,91.0,Sense
2025-07-18T15:12:58Z,92.0,Sense
2025-07-18T15:13:03Z,93.0,Sense
2025-07-18T15:13:08Z,90.0,Sense
2025-07-18T15:13:13Z,91.0,Sense
2025-07-18T15:13:18Z,86.0,Sense
2025-07-18T15:13:28Z,84.0,Sense
2025-07-18T15:13:33Z,83.0,Sense
2025-07-18T15:13:38Z,89.0,Sense
2025-07-18T15:13:43Z,91.0,Sense
2025-07-18T15:13:48Z,94.0,Sense
2025-07-18T15:13:53Z,92.0,Sense
2025-07-18T15:14:03Z,93.0,Sense
2025-07-18T15:14:08Z,92.0,Sense
2025-07-18T15:14:13Z,90.0,Sense
2025-07-18T15:14:18Z,92.0,Sense
2025-07-18T15:14:23Z,94.0,Sense
2025-07-18T15:14:28Z,95.0,Sense
2025-07-18T15:14:33Z,93.0,Sense
2025-07-18T15:14:38Z,88.0,Sense
2025-07-18T15:14:43Z,89.0,Sense
2025-07-18T15:14:48Z,91.0,Sense
2025-07-18T15:14:53Z,90.0,Sense
2025-07-18T15:14:58Z,88.0,Sense
2025-07-18T15:15:13Z,87.0,Sense
2025-07-18T15:15:18Z,88.0,Sense
2025-07-18T15:15:28Z,87.0,Sense
2025-07-18T15:15:33Z,89.0,Sense
2025-07-18T15:15:38Z,90.0,Sense
2025-07-18T15:15:43Z,92.0,Sense
2025-07-18T15:15:48Z,90.0,Sense
2025-07-18T15:15:53Z,89.0,Sense
2025-07-18T15:15:58Z,86.0,Sense
2025-07-18T15:16:03Z,87.0,Sense
2025-07-18T15:16:08Z,88.0,Sense
2025-07-18T15:16:13Z,87.0,Sense
2025-07-18T15:16:18Z,85.0,Sense
2025-07-18T15:16:28Z,86.0,Sense
2025-07-18T15:16:38Z,88.0,Sense
2025-07-18T15:16:43Z,87.0,Sense
2025-07-18T15:16:48Z,87.0,Sense
2025-07-18T15:16:58Z,86.0,Sense
2025-07-18T15:17:03Z,87.0,Sense
2025-07-18T15:17:08Z,85.0,Sense
2025-07-18T15:17:13Z,88.0,Sense
2025-07-18T15:17:18Z,87.0,Sense
2025-07-18T15:17:33Z,85.0,Sense
2025-07-18T15:17:48Z,82.0,Sense
2025-07-18T15:17:53Z,87.0,Sense
2025-07-18T15:17:58Z,85.0,Sense
2025-07-18T15:18:13Z,83.0,Sense
2025-07-18T15:18:18Z,76.0,Sense
2025-07-18T15:18:23Z,79.0,Sense
2025-07-18T15:18:28Z,80.0,Sense
2025-07-18T15:18:33Z,85.0,Sense
2025-07-18T15:18:38Z,84.0,Sense
2025-07-18T15:18:43Z,81.0,Sense
2025-07-18T15:18:48Z,83.0,Sense
2025-07-18T15:18:53Z,84.0,Sense
2025-07-18T15:18:58Z,86.0,Sense
2025-07-18T15:19:03Z,83.0,Sense
2025-07-18T15:19:08Z,82.0,Sense
2025-07-18T15:19:13Z,84.0,Sense
2025-07-18T15:19:18Z,89.0,Sense
2025-07-18T15:19:23Z,90.0,Sense
2025-07-18T15:19:28Z,91.0,Sense
2025-07-18T15:19:38Z,92.0,Sense
2025-07-18T15:19:43Z,90.0,Sense
2025-07-18T15:19:48Z,87.0,Sense
2025-07-18T15:19:58Z,83.0,Sense
2025-07-18T15:20:08Z,81.0,Sense
2025-07-18T15:20:13Z,85.0,Sense
2025-07-18T15:20:23Z,86.0,Sense
2025-07-18T15:20:28Z,89.0,Sense
2025-07-18T15:20:33Z,88.0,Sense
2025-07-18T15:20:38Z,93.0,Sense
2025-07-18T15:20:43Z,94.0,Sense
2025-07-18T15:20:48Z,96.0,Sense
2025-07-18T15:21:03Z,98.0,Sense
2025-07-18T15:21:08Z,100.0,Sense
2025-07-18T15:21:23Z,100.0,Sense
2025-07-18T15:21:28Z,99.0,Sense
2025-07-18T15:21:33Z,98.0,Sense
2025-07-18T15:21:38Z,97.0,Sense
2025-07-18T15:21:43Z,94.0,Sense
2025-07-18T15:21:48Z,93.0,Sense
2025-07-18T15:21:53Z,89.0,Sense
2025-07-18T15:21:58Z,92.0,Sense
2025-07-18T15:22:08Z,93.0,Sense
2025-07-18T15:22:13Z,94.0,Sense
2025-07-18T15:22:18Z,96.0,Sense
2025-07-18T15:22:23Z,102.0,Sense
2025-07-18T15:22:28Z,101.0,Sense
2025-07-18T15:22:33Z,96.0,Sense
2025-07-18T15:22:38Z,93.0,Sense
2025-07-18T15:22:43Z,87.0,Sense
2025-07-18T15:22:48Z,90.0,Sense
2025-07-18T15:22:53Z,92.0,Sense
2025-07-18T15:22:58Z,90.0,Sense
2025-07-18T15:23:03Z,86.0,Sense
2025-07-18T15:23:13Z,84.0,Sense
2025-07-18T15:23:18Z,85.0,Sense
2025-07-18T15:23:23Z,82.0,Sense
2025-07-18T15:23:28Z,84.0,Sense
2025-07-18T15:23:33Z,81.0,Sense
2025-07-18T15:23:48Z,79.0,Sense
2025-07-18T15:23:53Z,84.0,Sense
2025-07-18T15:24:03Z,85.0,Sense
2025-07-18T15:24:08Z,86.0,Sense
2025-07-18T15:24:13Z,89.0,Sense
2025-07-18T15:24:18Z,92.0,Sense
2025-07-18T15:24:23Z,93.0,Sense
2025-07-18T15:24:38Z,91.0,Sense
2025-07-18T15:24:43Z,95.0,Sense
2025-07-18T15:24:48Z,90.0,Sense
2025-07-18T15:24:53Z,91.0,Sense
2025-07-18T15:24:58Z,97.0,Sense
2025-07-18T15:25:03Z,96.0,Sense
2025-07-18T15:25:08Z,92.0,Sense
2025-07-18T15:25:13Z,90.0,Sense
2025-07-18T15:25:28Z,89.0,Sense
2025-07-18T15:25:33Z,89.0,Sense
2025-07-18T15:25:38Z,87.0,Sense
2025-07-18T15:25:43Z,91.0,Sense
2025-07-18T15:25:48Z,90.0,Sense
2025-07-18T15:25:53Z,93.0,Sense
2025-07-18T15:26:09Z,90.0,Sense
2025-07-18T15:26:24Z,88.0,Sense
2025-07-18T15:26:34Z,86.0,Sense
2025-07-18T15:26:39Z,85.0,Sense
2025-07-18T15:26:49Z,84.0,Sense
2025-07-18T15:26:54Z,85.0,Sense
2025-07-18T15:26:59Z,84.0,Sense
2025-07-18T15:27:04Z,82.0,Sense
2025-07-18T15:27:09Z,84.0,Sense
2025-07-18T15:27:14Z,83.0,Sense
2025-07-18T15:27:19Z,87.0,Sense
2025-07-18T15:27:29Z,88.0,Sense
2025-07-18T15:27:39Z,87.0,Sense
2025-07-18T15:27:44Z,86.0,Sense
2025-07-18T15:27:54Z,85.0,Sense
2025-07-18T15:27:59Z,83.0,Sense
2025-07-18T15:28:04Z,85.0,Sense
2025-07-18T15:28:09Z,81.0,Sense
2025-07-18T15:28:14Z,82.0,Sense
2025-07-18T15:28:19Z,84.0,Sense
2025-07-18T15:28:29Z,83.0,Sense
2025-07-18T15:28:39Z,82.0,Sense
2025-07-18T15:28:49Z,83.0,Sense
2025-07-18T15:28:54Z,80.0,Sense
2025-07-18T15:28:59Z,83.0,Sense
2025-07-18T15:29:04Z,82.0,Sense
2025-07-18T15:29:09Z,83.0,Sense
2025-07-18T15:29:14Z,79.0,Sense
2025-07-18T15:29:19Z,73.0,Sense
2025-07-18T15:29:24Z,77.0,Sense
2025-07-18T15:29:29Z,78.0,Sense
2025-07-18T15:29:44Z,76.0,Sense
2025-07-18T15:29:49Z,78.0,Sense
2025-07-18T15:29:54Z,75.0,Sense
2025-07-18T15:29:59Z,77.0,Sense
2025-07-18T15:30:04Z,78.0,Sense
2025-07-18T15:30:14Z,77.0,Sense
2025-07-18T15:30:29Z,88.0,Sense
2025-07-18T15:30:34Z,105.0,Sense
2025-07-18T15:30:39Z,104.0,Sense
2025-07-18T15:30:49Z,107.0,Sense
2025-07-18T15:30:54Z,112.0,Sense
2025-07-18T15:30:59Z,114.0,Sense
2025-07-18T15:31:09Z,117.0,Sense
2025-07-18T15:31:24Z,117.0,Sense
2025-07-18T15:31:29Z,110.0,Sense
2025-07-18T15:31:34Z,127.0,Sense
2025-07-18T15:31:39Z,147.0,Sense
2025-07-18T15:31:44Z,149.0,Sense
2025-07-18T15:31:59Z,144.0,Sense
2025-07-18T15:32:04Z,131.0,Sense
2025-07-18T15:32:09Z,128.0,Sense
2025-07-18T15:32:19Z,129.0,Sense
2025-07-18T15:32:34Z,126.0,Sense
2025-07-18T15:32:39Z,123.0,Sense
2025-07-18T15:32:44Z,122.0,Sense
2025-07-18T15:32:49Z,121.0,Sense
2025-07-18T15:32:54Z,122.0,Sense
2025-07-18T15:32:59Z,141.0,Sense
2025-07-18T15:33:04Z,145.0,Sense
2025-07-18T15:33:09Z,149.0,Sense
2025-07-18T15:33:14Z,154.0,Sense
2025-07-18T15:33:29Z,153.0,Sense
2025-07-18T15:33:34Z,152.0,Sense
2025-07-18T15:33:39Z,153.0,Sense
2025-07-18T15:33:44Z,158.0,Sense
2025-07-18T15:33:59Z,156.0,Sense
2025-07-18T15:34:04Z,155.0,Sense
2025-07-18T15:34:09Z,160.0,Sense
2025-07-18T15:34:14Z,159.0,Sense
2025-07-18T15:34:19Z,155.0,Sense
2025-07-18T15:34:24Z,152.0,Sense
2025-07-18T15:34:29Z,153.0,Sense
2025-07-18T15:34:34Z,159.0,Sense
2025-07-18T15:34:44Z,156.0,Sense
2025-07-18T15:34:59Z,158.0,Sense
2025-07-18T15:35:04Z,155.0,Sense
2025-07-18T15:35:09Z,157.0,Sense
2025-07-18T15:35:14Z,158.0,Sense
2025-07-18T15:35:19Z,160.0,Sense
2025-07-18T15:35:24Z,155.0,Sense
2025-07-18T15:35:29Z,150.0,Sense
2025-07-18T15:35:34Z,156.0,Sense
2025-07-18T15:35:39Z,160.0,Sense
2025-07-18T15:35:44Z,161.0,Sense
2025-07-18T15:35:49Z,163.0,Sense
2025-07-18T15:35:59Z,161.0,Sense
2025-07-18T15:36:04Z,154.0,Sense
2025-07-18T15:36:09Z,146.0,Sense
2025-07-18T15:36:14Z,143.0,Sense
2025-07-18T15:36:19Z,142.0,Sense
2025-07-18T15:36:29Z,139.0,Sense
2025-07-18T15:36:36Z,133.0,Sense
2025-07-18T15:36:41Z,127.0,Sense
2025-07-18T15:36:56Z,123.0,Sense
2025-07-18T15:37:11Z,120.0,Sense
2025-07-18T15:37:16Z,122.0,Sense
2025-07-18T15:37:21Z,139.0,Sense
2025-07-18T15:37:26Z,151.0,Sense
2025-07-18T15:37:31Z,145.0,Sense
2025-07-18T15:37:36Z,136.0,Sense
2025-07-18T15:37:41Z,133.0,Sense
2025-07-18T15:37:56Z,133.0,Sense
2025-07-18T15:38:01Z,131.0,Sense
2025-07-18T15:38:06Z,126.0,Sense
2025-07-18T15:38:11Z,122.0,Sense
2025-07-18T15:38:16Z,130.0,Sense
2025-07-18T15:38:26Z,138.0,Sense
2025-07-18T15:38:31Z,139.0,Sense
2025-07-18T15:38:46Z,139.0,Sense
2025-07-18T15:38:51Z,137.0,Sense
2025-07-18T15:38:56Z,136.0,Sense
2025-07-18T15:39:01Z,132.0,Sense
2025-07-18T15:39:06Z,133.0,Sense
2025-07-18T15:39:16Z,134.0,Sense
2025-07-18T15:39:21Z,132.0,Sense
2025-07-18T15:39:26Z,137.0,Sense
2025-07-18T15:39:36Z,143.0,Sense
2025-07-18T15:39:41Z,147.0,Sense
2025-07-18T15:39:46Z,145.0,Sense
2025-07-18T15:39:51Z,144.0,Sense
2025-07-18T15:39:56Z,143.0,Sense
2025-07-18T15:40:01Z,142.0,Sense
2025-07-18T15:40:06Z,144.0,Sense
2025-07-18T15:40:11Z,146.0,Sense
2025-07-18T15:40:16Z,145.0,Sense
2025-07-18T15:40:26Z,145.0,Sense
2025-07-18T15:40:31Z,141.0,Sense
2025-07-18T15:40:36Z,140.0,Sense
2025-07-18T15:40:46Z,139.0,Sense
2025-07-18T15:40:51Z,138.0,Sense
2025-07-18T15:41:01Z,133.0,Sense
2025-07-18T15:41:06Z,127.0,Sense
2025-07-18T15:41:11Z,123.0,Sense
2025-07-18T15:41:16Z,126.0,Sense
2025-07-18T15:41:21Z,129.0,Sense
2025-07-18T15:41:26Z,130.0,Sense
2025-07-18T15:41:31Z,129.0,Sense
2025-07-18T15:41:36Z,127.0,Sense
2025-07-18T15:41:41Z,131.0,Sense
2025-07-18T15:41:46Z,128.0,Sense
2025-07-18T15:41:56Z,129.0,Sense
2025-07-18T15:42:01Z,133.0,Sense
2025-07-18T15:42:06Z,141.0,Sense
2025-07-18T15:42:21Z,140.0,Sense
2025-07-18T15:42:26Z,138.0,Sense
2025-07-18T15:42:31Z,135.0,Sense
2025-07-18T15:42:41Z,139.0,Sense
2025-07-18T15:42:51Z,141.0,Sense
2025-07-18T15:42:56Z,143.0,Sense
2025-07-18T15:43:06Z,142.0,Sense
2025-07-18T15:43:16Z,146.0,Sense
2025-07-18T15:43:26Z,144.0,Sense
2025-07-18T15:43:31Z,140.0,Sense
2025-07-18T15:43:36Z,139.0,Sense
2025-07-18T15:43:41Z,141.0,Sense
2025-07-18T15:43:46Z,140.0,Sense
2025-07-18T15:43:51Z,138.0,Sense
2025-07-18T15:43:56Z,147.0,Sense
2025-07-18T15:44:11Z,148.0,Sense
2025-07-18T15:44:16Z,150.0,Sense
2025-07-18T15:44:21Z,148.0,Sense
2025-07-18T15:44:26Z,144.0,Sense
2025-07-18T15:44:31Z,141.0,Sense
2025-07-18T15:44:36Z,135.0,Sense
2025-07-18T15:44:41Z,129.0,Sense
2025-07-18T15:44:46Z,123.0,Sense
2025-07-18T15:44:51Z,119.0,Sense
2025-07-18T15:44:56Z,116.0,Sense
2025-07-18T15:45:01Z,119.0,Sense
2025-07-18T15:45:06Z,129.0,Sense
2025-07-18T15:45:11Z,128.0,Sense
2025-07-18T15:45:16Z,126.0,Sense
2025-07-18T15:45:21Z,125.0,Sense
2025-07-18T15:45:26Z,124.0,Sense
2025-07-18T15:45:31Z,125.0,Sense
2025-07-18T15:45:36Z,138.0,Sense
2025-07-18T15:45:41Z,139.0,Sense
2025-07-18T15:45:46Z,138.0,Sense
2025-07-18T15:45:51Z,136.0,Sense
2025-07-18T15:45:56Z,135.0,Sense
2025-07-18T15:46:01Z,147.0,Sense
2025-07-18T15:46:11Z,145.0,Sense
2025-07-18T15:46:16Z,143.0,Sense
2025-07-18T15:46:21Z,137.0,Sense
2025-07-18T15:46:26Z,132.0,Sense
2025-07-18T15:46:31Z,129.0,Sense
2025-07-18T15:46:36Z,128.0,Sense
2025-07-18T15:46:51Z,127.0,Sense
2025-07-18T15:46:56Z,123.0,Sense
2025-07-18T15:47:01Z,117.0,Sense
2025-07-18T15:47:06Z,116.0,Sense
2025-07-18T15:47:11Z,115.0,Sense
2025-07-18T15:47:16Z,119.0,Sense
2025-07-18T15:47:21Z,120.0,Sense
2025-07-18T15:47:26Z,141.0,Sense
2025-07-18T15:47:31Z,154.0,Sense
2025-07-18T15:47:36Z,146.0,Sense
2025-07-18T15:47:41Z,145.0,Sense
2025-07-18T15:47:46Z,146.0,Sense
2025-07-18T15:47:51Z,144.0,Sense
2025-07-18T15:47:56Z,139.0,Sense
2025-07-18T15:48:01Z,140.0,Sense
2025-07-18T15:48:06Z,134.0,Sense
2025-07-18T15:48:11Z,129.0,Sense
2025-07-18T15:48:16Z,127.0,Sense
2025-07-18T15:48:31Z,130.0,Sense
2025-07-18T15:48:36Z,131.0,Sense
2025-07-18T15:48:41Z,129.0,Sense
2025-07-18T15:48:46Z,125.0,Sense
2025-07-18T15:48:51Z,129.0,Sense
2025-07-18T15:48:56Z,140.0,Sense
2025-07-18T15:49:01Z,144.0,Sense
2025-07-18T15:49:06Z,143.0,Sense
2025-07-18T15:49:11Z,144.0,Sense
2025-07-18T15:49:16Z,140.0,Sense
2025-07-18T15:49:21Z,138.0,Sense
2025-07-18T15:49:26Z,150.0,Sense
2025-07-18T15:49:36Z,148.0,Sense
2025-07-18T15:49:41Z,146.0,Sense
2025-07-18T15:49:51Z,142.0,Sense
2025-07-18T15:49:56Z,143.0,Sense
2025-07-18T15:50:01Z,142.0,Sense
2025-07-18T15:50:06Z,138.0,Sense
2025-07-18T15:50:11Z,134.0,Sense
2025-07-18T15:50:26Z,132.0,Sense
2025-07-18T15:50:31Z,129.0,Sense
2025-07-18T15:50:36Z,128.0,Sense
2025-07-18T15:50:41Z,125.0,Sense
2025-07-18T15:50:46Z,127.0,Sense
2025-07-18T15:50:56Z,125.0,Sense
2025-07-18T15:51:01Z,126.0,Sense
2025-07-18T15:51:06Z,125.0,Sense
2025-07-18T15:51:11Z,126.0,Sense
2025-07-18T15:51:21Z,130.0,Sense
2025-07-18T15:51:26Z,134.0,Sense
2025-07-18T15:51:31Z,136.0,Sense
2025-07-18T15:51:41Z,135.0,Sense
2025-07-18T15:51:46Z,135.0,Sense
2025-07-18T15:51:51Z,137.0,Sense
2025-07-18T15:52:01Z,134.0,Sense
2025-07-18T15:52:06Z,132.0,Sense
2025-07-18T15:52:16Z,131.0,Sense
2025-07-18T15:52:21Z,133.0,Sense
2025-07-18T15:52:26Z,137.0,Sense
2025-07-18T15:52:41Z,139.0,Sense
2025-07-18T15:52:46Z,140.0,Sense
2025-07-18T15:52:51Z,142.0,Sense
2025-07-18T15:52:56Z,140.0,Sense
2025-07-18T15:53:01Z,146.0,Sense
2025-07-18T15:53:06Z,147.0,Sense
2025-07-18T15:53:11Z,148.0,Sense
2025-07-18T15:53:16Z,161.0,Sense
2025-07-18T15:53:21Z,160.0,Sense
2025-07-18T15:53:26Z,159.0,Sense
2025-07-18T15:53:31Z,153.0,Sense
2025-07-18T15:53:36Z,146.0,Sense
2025-07-18T15:53:41Z,144.0,Sense
2025-07-18T15:53:46Z,147.0,Sense
2025-07-18T15:53:51Z,149.0,Sense
2025-07-18T15:54:01Z,150.0,Sense
2025-07-18T15:54:06Z,152.0,Sense
2025-07-18T15:54:11Z,157.0,Sense
2025-07-18T15:54:16Z,162.0,Sense
2025-07-18T15:54:21Z,165.0,Sense
2025-07-18T15:54:26Z,163.0,Sense
2025-07-18T15:54:31Z,161.0,Sense
2025-07-18T15:54:36Z,159.0,Sense
2025-07-18T15:54:41Z,156.0,Sense
2025-07-18T15:54:46Z,153.0,Sense
2025-07-18T15:54:51Z,149.0,Sense
2025-07-18T15:54:56Z,144.0,Sense
2025-07-18T15:55:01Z,132.0,Sense
2025-07-18T15:55:06Z,130.0,Sense
2025-07-18T15:55:11Z,127.0,Sense
2025-07-18T15:55:16Z,124.0,Sense
2025-07-18T15:55:21Z,120.0,Sense
2025-07-18T15:55:26Z,118.0,Sense
2025-07-18T15:55:31Z,120.0,Sense
2025-07-18T15:55:36Z,129.0,Sense
2025-07-18T15:55:41Z,160.0,Sense
2025-07-18T15:55:46Z,162.0,Sense
2025-07-18T15:55:51Z,161.0,Sense
2025-07-18T15:55:56Z,158.0,Sense
2025-07-18T15:56:01Z,148.0,Sense
2025-07-18T15:56:06Z,150.0,Sense
2025-07-18T15:56:11Z,151.0,Sense
2025-07-18T15:56:16Z,145.0,Sense
2025-07-18T15:56:21Z,138.0,Sense
2025-07-18T15:56:26Z,135.0,Sense
2025-07-18T15:56:31Z,133.0,Sense
2025-07-18T15:56:41Z,134.0,Sense
2025-07-18T15:56:46Z,137.0,Sense
2025-07-18T15:56:51Z,141.0,Sense
2025-07-18T15:56:56Z,140.0,Sense
2025-07-18T15:57:01Z,143.0,Sense
2025-07-18T15:57:06Z,153.0,Sense
2025-07-18T15:57:11Z,151.0,Sense
2025-07-18T15:57:16Z,148.0,Sense
2025-07-18T15:57:21Z,145.0,Sense
2025-07-18T15:57:26Z,143.0,Sense
2025-07-18T15:57:32Z,141.0,Sense
2025-07-18T15:57:37Z,140.0,Sense
2025-07-18T15:57:42Z,141.0,Sense
2025-07-18T15:57:47Z,149.0,Sense
2025-07-18T15:57:57Z,147.0,Sense
2025-07-18T15:58:02Z,143.0,Sense
2025-07-18T15:58:07Z,138.0,Sense
2025-07-18T15:58:12Z,135.0,Sense
2025-07-18T15:58:17Z,136.0,Sense
2025-07-18T15:58:27Z,138.0,Sense
2025-07-18T15:58:32Z,139.0,Sense
2025-07-18T15:58:37Z,136.0,Sense
2025-07-18T15:58:42Z,134.0,Sense
2025-07-18T15:58:47Z,135.0,Sense
2025-07-18T15:58:52Z,134.0,Sense
2025-07-18T15:58:57Z,135.0,Sense
2025-07-18T15:59:07Z,134.0,Sense
2025-07-18T15:59:12Z,131.0,Sense
2025-07-18T15:59:17Z,129.0,Sense
2025-07-18T15:59:22Z,146.0,Sense
2025-07-18T15:59:27Z,148.0,Sense
2025-07-18T15:59:32Z,149.0,Sense
2025-07-18T15:59:37Z,148.0,Sense
2025-07-18T15:59:42Z,146.0,Sense
2025-07-18T15:59:47Z,145.0,Sense
2025-07-18T15:59:52Z,144.0,Sense
2025-07-18T15:59:57Z,141.0,Sense
2025-07-18T16:00:02Z,146.0,Sense
2025-07-18T16:00:07Z,149.0,Sense
2025-07-18T16:00:12Z,148.0,Sense
2025-07-18T16:00:17Z,147.0,Sense
2025-07-18T16:00:22Z,148.0,Sense
2025-07-18T16:00:27Z,151.0,Sense
2025-07-18T16:00:32Z,144.0,Sense
2025-07-18T16:00:37Z,143.0,Sense
2025-07-18T16:00:42Z,142.0,Sense
2025-07-18T16:00:47Z,140.0,Sense
2025-07-18T16:00:52Z,139.0,Sense
2025-07-18T16:00:57Z,141.0,Sense
2025-07-18T16:01:02Z,142.0,Sense
2025-07-18T16:01:07Z,134.0,Sense
2025-07-18T16:01:12Z,133.0,Sense
2025-07-18T16:01:17Z,134.0,Sense
2025-07-18T16:01:22Z,133.0,Sense
2025-07-18T16:01:27Z,131.0,Sense
2025-07-18T16:01:32Z,131.0,Sense
2025-07-18T16:01:42Z,132.0,Sense
2025-07-18T16:01:47Z,131.0,Sense
2025-07-18T16:01:52Z,126.0,Sense
2025-07-18T16:01:57Z,118.0,Sense
2025-07-18T16:02:02Z,115.0,Sense
2025-07-18T16:02:07Z,113.0,Sense
2025-07-18T16:02:12Z,120.0,Sense
2025-07-18T16:02:17Z,124.0,Sense
2025-07-18T16:02:27Z,126.0,Sense
2025-07-18T16:02:32Z,124.0,Sense
2025-07-18T16:02:37Z,129.0,Sense
2025-07-18T16:02:42Z,154.0,Sense
2025-07-18T16:02:47Z,156.0,Sense
2025-07-18T16:02:52Z,155.0,Sense
2025-07-18T16:02:57Z,145.0,Sense
2025-07-18T16:03:02Z,137.0,Sense
2025-07-18T16:03:07Z,142.0,Sense
2025-07-18T16:03:12Z,144.0,Sense
2025-07-18T16:03:17Z,142.0,Sense
2025-07-18T16:03:22Z,132.0,Sense
2025-07-18T16:03:27Z,126.0,Sense
2025-07-18T16:03:32Z,125.0,Sense
2025-07-18T16:03:37Z,127.0,Sense
2025-07-18T16:03:42Z,128.0,Sense
2025-07-18T16:03:47Z,127.0,Sense
2025-07-18T16:04:02Z,129.0,Sense
2025-07-18T16:04:07Z,130.0,Sense
2025-07-18T16:04:12Z,121.0,Sense
2025-07-18T16:04:17Z,122.0,Sense
2025-07-18T16:04:22Z,121.0,Sense
2025-07-18T16:04:37Z,120.0,Sense
2025-07-18T16:04:47Z,125.0,Sense
2025-07-18T16:04:52Z,126.0,Sense
2025-07-18T16:04:57Z,119.0,Sense
2025-07-18T16:05:02Z,114.0,Sense
2025-07-18T16:05:07Z,107.0,Sense
2025-07-18T16:05:18Z,108.0,Sense
2025-07-18T16:05:23Z,113.0,Sense
2025-07-18T16:05:28Z,127.0,Sense
2025-07-18T16:05:33Z,127.0,Sense
2025-07-18T16:05:38Z,125.0,Sense
2025-07-18T16:05:43Z,123.0,Sense
2025-07-18T16:05:53Z,125.0,Sense
2025-07-18T16:05:58Z,126.0,Sense
2025-07-18T16:06:03Z,125.0,Sense
2025-07-18T16:06:08Z,146.0,Sense
2025-07-18T16:06:13Z,150.0,Sense
2025-07-18T16:06:23Z,151.0,Sense
2025-07-18T16:06:28Z,150.0,Sense
2025-07-18T16:06:33Z,148.0,Sense
2025-07-18T16:06:38Z,143.0,Sense
2025-07-18T16:06:43Z,141.0,Sense
2025-07-18T16:06:48Z,137.0,Sense
2025-07-18T16:06:53Z,135.0,Sense
2025-07-18T16:06:58Z,133.0,Sense
2025-07-18T16:07:03Z,130.0,Sense
2025-07-18T16:07:08Z,127.0,Sense
2025-07-18T16:07:13Z,124.0,Sense
2025-07-18T16:07:18Z,122.0,Sense
2025-07-18T16:07:23Z,119.0,Sense
2025-07-18T16:07:28Z,117.0,Sense
2025-07-18T16:07:33Z,118.0,Sense
2025-07-18T16:07:38Z,119.0,Sense
2025-07-18T16:07:43Z,121.0,Sense
2025-07-18T16:07:48Z,122.0,Sense
2025-07-18T16:07:53Z,121.0,Sense
2025-07-18T16:07:58Z,109.0,Sense
2025-07-18T16:08:03Z,107.0,Sense
2025-07-18T16:08:13Z,110.0,Sense
2025-07-18T16:08:18Z,118.0,Sense
2025-07-18T16:08:33Z,116.0,Sense
2025-07-18T16:08:38Z,114.0,Sense
2025-07-18T16:08:43Z,99.0,Sense
2025-07-18T16:08:48Z,94.0,Sense
2025-07-18T16:08:53Z,100.0,Sense
2025-07-18T16:08:58Z,126.0,Sense
2025-07-18T16:09:03Z,133.0,Sense
2025-07-18T16:09:08Z,134.0,Sense
2025-07-18T16:09:13Z,132.0,Sense
2025-07-18T16:09:18Z,135.0,Sense
2025-07-18T16:09:23Z,145.0,Sense
2025-07-18T16:09:28Z,146.0,Sense
2025-07-18T16:09:33Z,147.0,Sense
2025-07-18T16:09:38Z,146.0,Sense
2025-07-18T16:09:43Z,148.0,Sense
2025-07-18T16:09:48Z,145.0,Sense
2025-07-18T16:09:58Z,144.0,Sense
2025-07-18T16:10:03Z,140.0,Sense
2025-07-18T16:10:08Z,132.0,Sense
2025-07-18T16:10:13Z,131.0,Sense
2025-07-18T16:10:18Z,130.0,Sense
2025-07-18T16:10:23Z,127.0,Sense
2025-07-18T16:10:28Z,125.0,Sense
2025-07-18T16:10:33Z,124.0,Sense
2025-07-18T16:10:38Z,123.0,Sense
2025-07-18T16:10:48Z,118.0,Sense
2025-07-18T16:10:53Z,115.0,Sense
2025-07-18T16:10:58Z,104.0,Sense
2025-07-18T16:11:03Z,95.0,Sense
2025-07-18T16:11:08Z,94.0,Sense
2025-07-18T16:11:13Z,108.0,Sense
2025-07-18T16:11:18Z,130.0,Sense
2025-07-18T16:11:28Z,136.0,Sense
2025-07-18T16:11:33Z,137.0,Sense
2025-07-18T16:11:43Z,136.0,Sense
2025-07-18T16:11:48Z,134.0,Sense
2025-07-18T16:11:58Z,132.0,Sense
2025-07-18T16:12:03Z,127.0,Sense
2025-07-18T16:12:08Z,125.0,Sense
2025-07-18T16:12:13Z,127.0,Sense
2025-07-18T16:12:18Z,135.0,Sense
2025-07-18T16:12:23Z,138.0,Sense
2025-07-18T16:12:28Z,136.0,Sense
2025-07-18T16:12:43Z,134.0,Sense
2025-07-18T16:12:48Z,125.0,Sense
2025-07-18T16:12:53Z,118.0,Sense
2025-07-18T16:12:58Z,117.0,Sense
2025-07-18T16:13:03Z,115.0,Sense
2025-07-18T16:13:08Z,116.0,Sense
2025-07-18T16:13:18Z,111.0,Sense
2025-07-18T16:13:23Z,101.0,Sense
2025-07-18T16:13:38Z,100.0,Sense
2025-07-18T16:13:43Z,101.0,Sense
2025-07-18T16:13:48Z,100.0,Sense
2025-07-18T16:13:53Z,110.0,Sense
2025-07-18T16:14:03Z,109.0,Sense
2025-07-18T16:14:08Z,110.0,Sense
2025-07-18T16:14:13Z,108.0,Sense
2025-07-18T16:14:28Z,108.0,Sense
2025-07-18T16:14:33Z,121.0,Sense
2025-07-18T16:14:38Z,131.0,Sense
2025-07-18T16:14:43Z,129.0,Sense
2025-07-18T16:14:48Z,130.0,Sense
2025-07-18T16:14:53Z,131.0,Sense
2025-07-18T16:14:58Z,132.0,Sense
2025-07-18T16:15:03Z,131.0,Sense
2025-07-18T16:15:08Z,128.0,Sense
2025-07-18T16:15:13Z,146.0,Sense
2025-07-18T16:15:18Z,145.0,Sense
2025-07-18T16:15:23Z,146.0,Sense
2025-07-18T16:15:33Z,145.0,Sense
2025-07-18T16:15:38Z,148.0,Sense
2025-07-18T16:15:48Z,145.0,Sense
2025-07-18T16:15:53Z,144.0,Sense
2025-07-18T16:15:58Z,143.0,Sense
2025-07-18T16:16:03Z,145.0,Sense
2025-07-18T16:16:13Z,149.0,Sense
2025-07-18T16:16:18Z,150.0,Sense
2025-07-18T16:16:23Z,148.0,Sense
2025-07-18T16:16:28Z,146.0,Sense
2025-07-18T16:16:33Z,144.0,Sense
2025-07-18T16:16:48Z,143.0,Sense
2025-07-18T16:17:03Z,144.0,Sense
2025-07-18T16:17:08Z,147.0,Sense
2025-07-18T16:17:13Z,144.0,Sense
2025-07-18T16:17:18Z,140.0,Sense
2025-07-18T16:17:23Z,135.0,Sense
2025-07-18T16:17:28Z,134.0,Sense
2025-07-18T16:17:33Z,131.0,Sense
2025-07-18T16:17:38Z,133.0,Sense
2025-07-18T16:17:48Z,134.0,Sense
2025-07-18T16:17:58Z,125.0,Sense
2025-07-18T16:18:03Z,122.0,Sense
2025-07-18T16:18:18Z,121.0,Sense
2025-07-18T16:18:28Z,122.0,Sense
2025-07-18T16:18:33Z,126.0,Sense
2025-07-18T16:18:38Z,132.0,Sense
2025-07-18T16:18:43Z,133.0,Sense
2025-07-18T16:18:48Z,136.0,Sense
2025-07-18T16:18:53Z,142.0,Sense
2025-07-18T16:18:58Z,146.0,Sense
2025-07-18T16:19:03Z,148.0,Sense
2025-07-18T16:19:08Z,155.0,Sense
2025-07-18T16:19:13Z,156.0,Sense
2025-07-18T16:19:18Z,155.0,Sense
2025-07-18T16:19:33Z,153.0,Sense
2025-07-18T16:19:38Z,154.0,Sense
2025-07-18T16:19:43Z,147.0,Sense
2025-07-18T16:19:48Z,144.0,Sense
2025-07-18T16:19:58Z,145.0,Sense
2025-07-18T16:20:03Z,144.0,Sense
2025-07-18T16:20:08Z,142.0,Sense
2025-07-18T16:20:13Z,139.0,Sense
2025-07-18T16:20:18Z,137.0,Sense
2025-07-18T16:20:23Z,134.0,Sense
2025-07-18T16:20:28Z,135.0,Sense
2025-07-18T16:20:33Z,134.0,Sense
2025-07-18T16:20:38Z,131.0,Sense
2025-07-18T16:20:53Z,130.0,Sense
2025-07-18T16:20:58Z,131.0,Sense
2025-07-18T16:21:03Z,143.0,Sense
2025-07-18T16:21:08Z,150.0,Sense
2025-07-18T16:21:23Z,142.0,Sense
2025-07-18T16:21:28Z,135.0,Sense
2025-07-18T16:21:33Z,132.0,Sense
2025-07-18T16:21:38Z,130.0,Sense
2025-07-18T16:21:43Z,128.0,Sense
2025-07-18T16:21:48Z,127.0,Sense
2025-07-18T16:21:53Z,129.0,Sense
2025-07-18T16:21:58Z,132.0,Sense
2025-07-18T16:22:03Z,135.0,Sense
2025-07-18T16:22:08Z,136.0,Sense
2025-07-18T16:22:13Z,134.0,Sense
2025-07-18T16:22:18Z,136.0,Sense
2025-07-18T16:22:23Z,139.0,Sense
2025-07-18T16:22:28Z,142.0,Sense
2025-07-18T16:22:33Z,140.0,Sense
2025-07-18T16:22:43Z,139.0,Sense
2025-07-18T16:22:53Z,136.0,Sense
2025-07-18T16:22:58Z,135.0,Sense
2025-07-18T16:23:03Z,131.0,Sense
2025-07-18T16:23:08Z,127.0,Sense
2025-07-18T16:23:13Z,123.0,Sense
2025-07-18T16:23:18Z,122.0,Sense
2025-07-18T16:23:28Z,118.0,Sense
2025-07-18T16:23:43Z,118.0,Sense
2025-07-18T16:23:48Z,117.0,Sense
2025-07-18T16:23:53Z,120.0,Sense
2025-07-18T16:23:58Z,125.0,Sense
2025-07-18T16:24:03Z,121.0,Sense
2025-07-18T16:24:08Z,116.0,Sense
2025-07-18T16:24:23Z,111.0,Sense
2025-07-18T16:24:28Z,105.0,Sense
2025-07-18T16:24:33Z,101.0,Sense
2025-07-18T16:24:38Z,100.0,Sense
2025-07-18T16:24:48Z,102.0,Sense
2025-07-18T16:24:53Z,100.0,Sense
2025-07-18T16:24:58Z,99.0,Sense
2025-07-18T16:25:03Z,101.0,Sense
2025-07-18T16:25:08Z,101.0,Sense
2025-07-18T16:25:13Z,98.0,Sense
2025-07-18T16:25:18Z,92.0,Sense
2025-07-18T16:25:23Z,98.0,Sense
2025-07-18T16:25:28Z,97.0,Sense
2025-07-18T16:25:33Z,95.0,Sense
2025-07-18T16:25:43Z,96.0,Sense
2025-07-18T16:25:48Z,92.0,Sense
2025-07-18T16:25:53Z,91.0,Sense
2025-07-18T16:25:58Z,90.0,Sense
2025-07-18T16:26:08Z,100.0,Sense
2025-07-18T16:26:13Z,103.0,Sense
2025-07-18T16:26:28Z,125.0,Sense
2025-07-18T16:26:33Z,127.0,Sense
2025-07-18T16:26:38Z,125.0,Sense
2025-07-18T16:26:43Z,123.0,Sense
2025-07-18T16:26:48Z,121.0,Sense
2025-07-18T16:26:53Z,120.0,Sense
2025-07-18T16:26:58Z,114.0,Sense
2025-07-18T16:27:03Z,110.0,Sense
2025-07-18T16:27:08Z,103.0,Sense
2025-07-18T16:27:13Z,100.0,Sense
2025-07-18T16:27:18Z,99.0,Sense
2025-07-18T16:27:23Z,101.0,Sense
2025-07-18T16:27:28Z,105.0,Sense
2025-07-18T16:27:33Z,109.0,Sense
2025-07-18T16:27:38Z,105.0,Sense
2025-07-18T16:27:43Z,104.0,Sense
2025-07-18T16:27:53Z,127.0,Sense
2025-07-18T16:27:58Z,132.0,Sense
2025-07-18T16:28:03Z,129.0,Sense
2025-07-18T16:28:08Z,127.0,Sense
2025-07-18T16:28:13Z,121.0,Sense
2025-07-18T16:28:18Z,104.0,Sense
2025-07-18T16:28:23Z,91.0,Sense
2025-07-18T16:28:28Z,90.0,Sense
2025-07-18T16:28:33Z,84.0,Sense
2025-07-18T16:28:38Z,85.0,Sense
2025-07-18T16:28:48Z,99.0,Sense
2025-07-18T16:28:53Z,98.0,Sense
2025-07-18T16:28:58Z,97.0,Sense
2025-07-18T16:29:13Z,98.0,Sense
2025-07-18T16:29:18Z,96.0,Sense
2025-07-18T16:29:28Z,111.0,Sense
2025-07-18T16:29:33Z,119.0,Sense
2025-07-18T16:29:48Z,119.0,Sense
2025-07-18T16:29:58Z,118.0,Sense
2025-07-18T16:30:03Z,114.0,Sense
2025-07-18T16:30:08Z,111.0,Sense
2025-07-18T16:30:13Z,103.0,Sense
2025-07-18T16:30:18Z,109.0,Sense
2025-07-18T16:30:23Z,121.0,Sense
2025-07-18T16:30:28Z,122.0,Sense
2025-07-18T16:30:38Z,120.0,Sense
2025-07-18T16:30:43Z,111.0,Sense
2025-07-18T16:30:48Z,107.0,Sense
2025-07-18T16:30:53Z,106.0,Sense
2025-07-18T16:30:58Z,108.0,Sense
2025-07-18T16:31:03Z,110.0,Sense
2025-07-18T16:31:08Z,105.0,Sense
2025-07-18T16:31:13Z,101.0,Sense
2025-07-18T16:31:18Z,99.0,Sense
2025-07-18T16:31:23Z,95.0,Sense
2025-07-18T16:31:33Z,101.0,Sense
2025-07-18T16:31:38Z,106.0,Sense
2025-07-18T16:31:43Z,109.0,Sense
2025-07-18T16:31:48Z,110.0,Sense
2025-07-18T16:31:53Z,112.0,Sense
2025-07-18T16:31:58Z,123.0,Sense
2025-07-18T16:32:03Z,125.0,Sense
2025-07-18T16:32:08Z,123.0,Sense
2025-07-18T16:32:13Z,124.0,Sense
2025-07-18T16:32:18Z,125.0,Sense
2025-07-18T16:32:23Z,124.0,Sense
2025-07-18T16:32:28Z,119.0,Sense
2025-07-18T16:32:33Z,114.0,Sense
2025-07-18T16:32:38Z,118.0,Sense
2025-07-18T16:32:43Z,140.0,Sense
2025-07-18T16:32:48Z,159.0,Sense
2025-07-18T16:32:53Z,157.0,Sense
2025-07-18T16:32:58Z,156.0,Sense
2025-07-18T16:33:03Z,154.0,Sense
2025-07-18T16:33:13Z,154.0,Sense
2025-07-18T16:33:18Z,154.0,Sense
2025-07-18T16:33:23Z,152.0,Sense
2025-07-18T16:33:28Z,147.0,Sense
2025-07-18T16:33:33Z,149.0,Sense
2025-07-18T16:33:38Z,151.0,Sense
2025-07-18T16:33:43Z,143.0,Sense
2025-07-18T16:33:48Z,156.0,Sense
2025-07-18T16:33:53Z,159.0,Sense
2025-07-18T16:33:58Z,161.0,Sense
2025-07-18T16:34:03Z,158.0,Sense
2025-07-18T16:34:08Z,155.0,Sense
2025-07-18T16:34:13Z,156.0,Sense
2025-07-18T16:34:18Z,155.0,Sense
2025-07-18T16:34:23Z,154.0,Sense
2025-07-18T16:34:33Z,145.0,Sense
2025-07-18T16:34:38Z,138.0,Sense
2025-07-18T16:34:43Z,137.0,Sense
2025-07-18T16:34:48Z,133.0,Sense
2025-07-18T16:34:53Z,127.0,Sense
2025-07-18T16:34:58Z,126.0,Sense
2025-07-18T16:35:08Z,122.0,Sense
2025-07-18T16:35:18Z,123.0,Sense
2025-07-18T16:35:23Z,121.0,Sense
2025-07-18T16:35:28Z,118.0,Sense
2025-07-18T16:35:33Z,112.0,Sense
2025-07-18T16:35:38Z,108.0,Sense
2025-07-18T16:35:43Z,107.0,Sense
2025-07-18T16:35:48Z,106.0,Sense
2025-07-18T16:35:53Z,105.0,Sense
2025-07-18T16:35:58Z,103.0,Sense
2025-07-18T16:36:03Z,101.0,Sense
2025-07-18T16:36:08Z,100.0,Sense
2025-07-18T16:36:13Z,96.0,Sense
2025-07-18T16:36:18Z,99.0,Sense
2025-07-18T16:36:23Z,88.0,Sense
2025-07-18T16:36:28Z,79.0,Sense
2025-07-18T16:36:33Z,76.0,Sense
2025-07-18T16:36:38Z,75.0,Sense
2025-07-18T16:36:43Z,76.0,Sense
2025-07-18T16:36:48Z,77.0,Sense
2025-07-18T16:36:58Z,76.0,Sense
2025-07-18T16:37:08Z,72.0,Sense
2025-07-18T16:37:13Z,73.0,Sense
2025-07-18T16:37:18Z,74.0,Sense
2025-07-18T16:37:23Z,75.0,Sense
2025-07-18T16:37:28Z,77.0,Sense
2025-07-18T16:37:33Z,79.0,Sense
2025-07-18T16:37:38Z,81.0,Sense
2025-07-18T16:37:43Z,82.0,Sense
2025-07-18T16:37:48Z,85.0,Sense
2025-07-18T16:37:53Z,86.0,Sense
2025-07-18T16:37:58Z,88.0,Sense
2025-07-18T16:38:03Z,89.0,Sense
2025-07-18T16:38:13Z,90.0,Sense
2025-07-18T16:38:18Z,104.0,Sense
2025-07-18T16:38:28Z,103.0,Sense
2025-07-18T16:38:33Z,110.0,Sense
2025-07-18T16:38:38Z,114.0,Sense
2025-07-18T16:38:43Z,112.0,Sense
2025-07-18T16:38:48Z,111.0,Sense
2025-07-18T16:38:53Z,110.0,Sense
2025-07-18T16:38:58Z,107.0,Sense
2025-07-18T16:39:03Z,105.0,Sense
2025-07-18T16:39:08Z,106.0,Sense
2025-07-18T16:39:13Z,126.0,Sense
2025-07-18T16:39:18Z,132.0,Sense
2025-07-18T16:39:23Z,131.0,Sense
2025-07-18T16:39:33Z,129.0,Sense
2025-07-18T16:39:38Z,130.0,Sense
2025-07-18T16:39:43Z,133.0,Sense
2025-07-18T16:39:48Z,134.0,Sense
2025-07-18T16:39:53Z,130.0,Sense
2025-07-18T16:39:58Z,147.0,Sense
2025-07-18T16:40:03Z,156.0,Sense
2025-07-18T16:40:08Z,157.0,Sense
2025-07-18T16:40:13Z,156.0,Sense
2025-07-18T16:40:18Z,153.0,Sense
2025-07-18T16:40:23Z,151.0,Sense
2025-07-18T16:40:28Z,150.0,Sense
2025-07-18T16:40:33Z,159.0,Sense
2025-07-18T16:40:38Z,161.0,Sense
2025-07-18T16:40:43Z,162.0,Sense
2025-07-18T16:40:48Z,164.0,Sense
2025-07-18T16:40:58Z,162.0,Sense
2025-07-18T16:41:03Z,157.0,Sense
2025-07-18T16:41:08Z,155.0,Sense
2025-07-18T16:41:13Z,156.0,Sense
2025-07-18T16:41:18Z,152.0,Sense
2025-07-18T16:41:23Z,149.0,Sense
2025-07-18T16:41:28Z,147.0,Sense
2025-07-18T16:41:33Z,145.0,Sense
2025-07-18T16:41:38Z,144.0,Sense
2025-07-18T16:41:43Z,140.0,Sense
2025-07-18T16:41:48Z,143.0,Sense
2025-07-18T16:41:53Z,129.0,Sense
2025-07-18T16:41:58Z,125.0,Sense
2025-07-18T16:42:03Z,124.0,Sense
2025-07-18T16:42:08Z,123.0,Sense
2025-07-18T16:42:18Z,122.0,Sense
2025-07-18T16:42:28Z,123.0,Sense
2025-07-18T16:42:33Z,125.0,Sense
2025-07-18T16:42:38Z,153.0,Sense
2025-07-18T16:42:43Z,161.0,Sense
2025-07-18T16:42:48Z,160.0,Sense
2025-07-18T16:42:53Z,159.0,Sense
2025-07-18T16:42:58Z,158.0,Sense
2025-07-18T16:43:03Z,155.0,Sense
2025-07-18T16:43:08Z,156.0,Sense
2025-07-18T16:43:13Z,158.0,Sense
2025-07-18T16:43:18Z,160.0,Sense
2025-07-18T16:43:23Z,159.0,Sense
2025-07-18T16:43:28Z,155.0,Sense
2025-07-18T16:43:33Z,153.0,Sense
2025-07-18T16:43:38Z,148.0,Sense
2025-07-18T16:43:43Z,142.0,Sense
2025-07-18T16:43:58Z,142.0,Sense
2025-07-18T16:44:03Z,138.0,Sense
2025-07-18T16:44:08Z,136.0,Sense
2025-07-18T16:44:13Z,134.0,Sense
2025-07-18T16:44:18Z,131.0,Sense
2025-07-18T16:44:23Z,130.0,Sense
2025-07-18T16:44:28Z,128.0,Sense
2025-07-18T16:44:38Z,129.0,Sense
2025-07-18T16:44:43Z,127.0,Sense
2025-07-18T16:44:48Z,113.0,Sense
2025-07-18T16:44:53Z,110.0,Sense
2025-07-18T16:45:03Z,111.0,Sense
2025-07-18T16:45:08Z,118.0,Sense
2025-07-18T16:45:13Z,128.0,Sense
2025-07-18T16:45:23Z,119.0,Sense
2025-07-18T16:45:28Z,110.0,Sense
2025-07-18T16:45:33Z,104.0,Sense
2025-07-18T16:45:48Z,104.0,Sense
2025-07-18T16:45:53Z,100.0,Sense
2025-07-18T16:45:58Z,94.0,Sense
2025-07-18T16:46:03Z,95.0,Sense
2025-07-18T16:46:08Z,98.0,Sense
2025-07-18T16:46:13Z,101.0,Sense
2025-07-18T16:46:18Z,100.0,Sense
2025-07-18T16:46:23Z,94.0,Sense
2025-07-18T16:46:33Z,89.0,Sense
2025-07-18T16:46:38Z,105.0,Sense
2025-07-18T16:46:43Z,109.0,Sense
2025-07-18T16:46:48Z,110.0,Sense
2025-07-18T16:46:53Z,108.0,Sense
2025-07-18T16:47:03Z,104.0,Sense
2025-07-18T16:47:08Z,98.0,Sense
2025-07-18T16:47:13Z,97.0,Sense
2025-07-18T16:47:18Z,94.0,Sense
2025-07-18T16:47:23Z,91.0,Sense
2025-07-18T16:47:33Z,89.0,Sense
2025-07-18T16:47:38Z,90.0,Sense
2025-07-18T16:47:53Z,92.0,Sense
2025-07-18T16:47:58Z,94.0,Sense
2025-07-18T16:48:03Z,95.0,Sense
2025-07-18T16:48:08Z,91.0,Sense
2025-07-18T16:48:18Z,92.0,Sense
2025-07-18T16:48:23Z,93.0,Sense
2025-07-18T16:48:33Z,97.0,Sense
2025-07-18T16:48:48Z,96.0,Sense
2025-07-18T16:48:53Z,94.0,Sense
2025-07-18T16:48:58Z,90.0,Sense
2025-07-18T16:49:08Z,91.0,Sense
2025-07-18T16:49:13Z,82.0,Sense
2025-07-18T16:49:18Z,83.0,Sense
2025-07-18T16:49:23Z,84.0,Sense
2025-07-18T16:49:38Z,85.0,Sense
2025-07-18T16:49:43Z,84.0,Sense
2025-07-18T16:49:48Z,83.0,Sense
2025-07-18T16:49:58Z,83.0,Sense
2025-07-18T16:50:03Z,98.0,Sense
2025-07-18T16:50:08Z,104.0,Sense
2025-07-18T16:50:13Z,103.0,Sense
2025-07-18T16:50:23Z,101.0,Sense
2025-07-18T16:50:28Z,106.0,Sense
2025-07-18T16:50:33Z,109.0,Sense
2025-07-18T16:50:38Z,108.0,Sense
2025-07-18T16:50:43Z,105.0,Sense
2025-07-18T16:50:48Z,102.0,Sense
2025-07-18T16:50:58Z,102.0,Sense
2025-07-18T16:51:03Z,97.0,Sense
2025-07-18T16:51:08Z,84.0,Sense
2025-07-18T16:51:13Z,87.0,Sense
2025-07-18T16:51:18Z,89.0,Sense
2025-07-18T16:51:23Z,91.0,Sense
2025-07-18T16:51:28Z,88.0,Sense
2025-07-18T16:51:33Z,88.0,Sense
2025-07-18T16:51:38Z,94.0,Sense
2025-07-18T16:51:43Z,110.0,Sense
2025-07-18T16:51:48Z,112.0,Sense
2025-07-18T16:51:53Z,113.0,Sense
2025-07-18T16:51:58Z,114.0,Sense
2025-07-18T16:52:08Z,113.0,Sense
2025-07-18T16:52:13Z,112.0,Sense
2025-07-18T16:52:23Z,108.0,Sense
2025-07-18T16:52:28Z,106.0,Sense
2025-07-18T16:52:33Z,105.0,Sense
2025-07-18T16:52:38Z,107.0,Sense
2025-07-18T16:52:43Z,114.0,Sense
2025-07-18T16:52:48Z,115.0,Sense
2025-07-18T16:52:53Z,109.0,Sense
2025-07-18T16:52:58Z,105.0,Sense
2025-07-18T16:53:03Z,103.0,Sense
2025-07-18T16:53:08Z,102.0,Sense
2025-07-18T16:53:13Z,100.0,Sense
2025-07-18T16:53:23Z,101.0,Sense
2025-07-18T16:53:28Z,97.0,Sense
2025-07-18T16:53:33Z,94.0,Sense
2025-07-18T16:53:38Z,95.0,Sense
2025-07-18T16:53:48Z,96.0,Sense
2025-07-18T16:53:53Z,99.0,Sense
2025-07-18T16:53:58Z,102.0,Sense
2025-07-18T16:54:03Z,101.0,Sense
2025-07-18T16:54:13Z,102.0,Sense
2025-07-18T16:54:18Z,94.0,Sense
2025-07-18T16:54:23Z,87.0,Sense
2025-07-18T16:54:28Z,87.0,Sense
2025-07-18T16:54:38Z,88.0,Sense
2025-07-18T16:54:43Z,89.0,Sense
2025-07-18T16:54:48Z,90.0,Sense
2025-07-18T16:54:53Z,91.0,Sense
2025-07-18T16:54:58Z,92.0,Sense
2025-07-18T16:55:03Z,93.0,Sense
2025-07-18T16:55:08Z,94.0,Sense
2025-07-18T16:55:13Z,96.0,Sense
2025-07-18T16:55:18Z,98.0,Sense
2025-07-18T16:55:23Z,97.0,Sense
2025-07-18T16:55:28Z,97.0,Sense
2025-07-18T16:55:33Z,96.0,Sense
2025-07-18T16:55:48Z,98.0,Sense
2025-07-18T16:55:53Z,99.0,Sense
2025-07-18T16:55:58Z,102.0,Sense
2025-07-18T16:56:03Z,115.0,Sense
2025-07-18T16:56:08Z,112.0,Sense
2025-07-18T16:56:13Z,107.0,Sense
2025-07-18T16:56:18Z,104.0,Sense
2025-07-18T16:56:23Z,103.0,Sense
2025-07-18T16:56:28Z,127.0,Sense
2025-07-18T16:56:33Z,144.0,Sense
2025-07-18T16:56:38Z,154.0,Sense
2025-07-18T16:56:43Z,153.0,Sense
2025-07-18T16:56:48Z,151.0,Sense
2025-07-18T16:56:58Z,147.0,Sense
2025-07-18T16:57:03Z,144.0,Sense
2025-07-18T16:57:08Z,143.0,Sense
2025-07-18T16:57:13Z,139.0,Sense
2025-07-18T16:57:18Z,132.0,Sense
2025-07-18T16:57:23Z,129.0,Sense
2025-07-18T16:57:28Z,128.0,Sense
2025-07-18T16:57:33Z,119.0,Sense
2025-07-18T16:57:38Z,115.0,Sense
2025-07-18T16:57:43Z,113.0,Sense
2025-07-18T16:57:48Z,111.0,Sense
2025-07-18T16:57:53Z,109.0,Sense
2025-07-18T16:57:58Z,111.0,Sense
2025-07-18T16:58:03Z,112.0,Sense
2025-07-18T16:58:18Z,128.0,Sense
2025-07-18T16:58:23Z,127.0,Sense
2025-07-18T16:58:28Z,125.0,Sense
2025-07-18T16:58:33Z,124.0,Sense
2025-07-18T16:58:48Z,128.0,Sense
2025-07-18T16:58:53Z,127.0,Sense
2025-07-18T16:58:58Z,124.0,Sense
2025-07-18T16:59:03Z,119.0,Sense
2025-07-18T16:59:08Z,147.0,Sense
2025-07-18T16:59:13Z,145.0,Sense
2025-07-18T16:59:18Z,146.0,Sense
2025-07-18T16:59:23Z,148.0,Sense
2025-07-18T16:59:28Z,147.0,Sense
2025-07-18T16:59:33Z,145.0,Sense
2025-07-18T16:59:38Z,146.0,Sense
2025-07-18T16:59:43Z,145.0,Sense
2025-07-18T16:59:48Z,144.0,Sense
2025-07-18T16:59:53Z,143.0,Sense
2025-07-18T17:00:03Z,141.0,Sense
2025-07-18T17:00:18Z,142.0,Sense
2025-07-18T17:00:23Z,144.0,Sense
2025-07-18T17:00:28Z,149.0,Sense
2025-07-18T17:00:33Z,151.0,Sense
2025-07-18T17:00:43Z,148.0,Sense
2025-07-18T17:00:48Z,147.0,Sense
2025-07-18T17:00:53Z,145.0,Sense
2025-07-18T17:01:03Z,141.0,Sense
2025-07-18T17:01:08Z,138.0,Sense
2025-07-18T17:01:13Z,139.0,Sense
2025-07-18T17:01:18Z,146.0,Sense
2025-07-18T17:01:23Z,149.0,Sense
2025-07-18T17:01:28Z,151.0,Sense
2025-07-18T17:01:33Z,152.0,Sense
2025-07-18T17:01:38Z,150.0,Sense
2025-07-18T17:01:43Z,149.0,Sense
2025-07-18T17:01:53Z,147.0,Sense
2025-07-18T17:02:03Z,144.0,Sense
2025-07-18T17:02:08Z,139.0,Sense
2025-07-18T17:02:13Z,141.0,Sense
2025-07-18T17:02:28Z,141.0,Sense
2025-07-18T17:02:33Z,138.0,Sense
2025-07-18T17:02:38Z,136.0,Sense
2025-07-18T17:02:43Z,135.0,Sense
2025-07-18T17:02:53Z,134.0,Sense
2025-07-18T17:02:58Z,132.0,Sense
2025-07-18T17:03:03Z,130.0,Sense
2025-07-18T17:03:08Z,126.0,Sense
2025-07-18T17:03:13Z,118.0,Sense
2025-07-18T17:03:23Z,135.0,Sense
2025-07-18T17:03:28Z,144.0,Sense
2025-07-18T17:03:33Z,141.0,Sense
2025-07-18T17:03:38Z,142.0,Sense
2025-07-18T17:03:43Z,132.0,Sense
2025-07-18T17:03:48Z,133.0,Sense
2025-07-18T17:03:53Z,134.0,Sense
2025-07-18T17:03:58Z,136.0,Sense
2025-07-18T17:04:03Z,143.0,Sense
2025-07-18T17:04:08Z,141.0,Sense
2025-07-18T17:04:13Z,135.0,Sense
2025-07-18T17:04:18Z,133.0,Sense
2025-07-18T17:04:23Z,131.0,Sense
2025-07-18T17:04:28Z,128.0,Sense
2025-07-18T17:04:33Z,126.0,Sense
2025-07-18T17:04:38Z,125.0,Sense
2025-07-18T17:04:43Z,122.0,Sense
2025-07-18T17:04:48Z,118.0,Sense
2025-07-18T17:04:53Z,124.0,Sense
2025-07-18T17:04:58Z,123.0,Sense
2025-07-18T17:05:03Z,121.0,Sense
2025-07-18T17:05:08Z,120.0,Sense
2025-07-18T17:05:13Z,118.0,Sense
2025-07-18T17:05:18Z,115.0,Sense
2025-07-18T17:05:23Z,116.0,Sense
2025-07-18T17:05:28Z,113.0,Sense
2025-07-18T17:05:38Z,118.0,Sense
2025-07-18T17:05:48Z,117.0,Sense
2025-07-18T17:06:03Z,115.0,Sense
2025-07-18T17:06:08Z,114.0,Sense
2025-07-18T17:06:13Z,112.0,Sense
2025-07-18T17:06:18Z,112.0,Sense
2025-07-18T17:06:23Z,111.0,Sense
2025-07-18T17:06:28Z,107.0,Sense
2025-07-18T17:06:33Z,109.0,Sense
2025-07-18T17:06:38Z,104.0,Sense
2025-07-18T17:06:43Z,119.0,Sense
2025-07-18T17:06:48Z,130.0,Sense
2025-07-18T17:06:53Z,136.0,Sense
2025-07-18T17:06:58Z,150.0,Sense
2025-07-18T17:07:03Z,141.0,Sense
2025-07-18T17:07:08Z,139.0,Sense
2025-07-18T17:07:13Z,136.0,Sense
2025-07-18T17:07:18Z,141.0,Sense
2025-07-18T17:07:23Z,154.0,Sense
2025-07-18T17:07:28Z,153.0,Sense
2025-07-18T17:07:33Z,150.0,Sense
2025-07-18T17:07:38Z,146.0,Sense
2025-07-18T17:07:43Z,145.0,Sense
2025-07-18T17:07:53Z,145.0,Sense
2025-07-18T17:07:58Z,145.0,Sense
2025-07-18T17:08:03Z,146.0,Sense
2025-07-18T17:08:08Z,144.0,Sense
2025-07-18T17:08:13Z,142.0,Sense
2025-07-18T17:08:18Z,139.0,Sense
2025-07-18T17:08:23Z,145.0,Sense
2025-07-18T17:08:28Z,160.0,Sense
2025-07-18T17:08:33Z,164.0,Sense
2025-07-18T17:08:43Z,161.0,Sense
2025-07-18T17:08:48Z,159.0,Sense
2025-07-18T17:08:58Z,164.0,Sense
2025-07-18T17:09:03Z,166.0,Sense
2025-07-18T17:09:08Z,169.0,Sense
2025-07-18T17:09:13Z,168.0,Sense
2025-07-18T17:09:18Z,166.0,Sense
2025-07-18T17:09:23Z,165.0,Sense
2025-07-18T17:09:28Z,168.0,Sense
2025-07-18T17:09:38Z,165.0,Sense
2025-07-18T17:09:43Z,163.0,Sense
2025-07-18T17:09:53Z,165.0,Sense
2025-07-18T17:09:58Z,167.0,Sense
2025-07-18T17:10:03Z,170.0,Sense
2025-07-18T17:10:08Z,168.0,Sense
2025-07-18T17:10:13Z,165.0,Sense
2025-07-18T17:10:18Z,161.0,Sense
2025-07-18T17:10:23Z,158.0,Sense
2025-07-18T17:10:28Z,156.0,Sense
2025-07-18T17:10:33Z,157.0,Sense
2025-07-18T17:10:38Z,158.0,Sense
2025-07-18T17:10:43Z,156.0,Sense
2025-07-18T17:10:48Z,154.0,Sense
2025-07-18T17:10:53Z,150.0,Sense
2025-07-18T17:10:58Z,145.0,Sense
2025-07-18T17:11:03Z,144.0,Sense
2025-07-18T17:11:08Z,147.0,Sense
2025-07-18T17:11:13Z,149.0,Sense
2025-07-18T17:11:18Z,150.0,Sense
2025-07-18T17:11:23Z,152.0,Sense
2025-07-18T17:11:28Z,150.0,Sense
2025-07-18T17:11:38Z,148.0,Sense
2025-07-18T17:11:43Z,145.0,Sense
2025-07-18T17:11:48Z,146.0,Sense
2025-07-18T17:11:58Z,145.0,Sense
2025-07-18T17:12:03Z,157.0,Sense
2025-07-18T17:12:08Z,156.0,Sense
2025-07-18T17:12:23Z,156.0,Sense
2025-07-18T17:12:28Z,152.0,Sense
2025-07-18T17:12:33Z,140.0,Sense
2025-07-18T17:12:38Z,136.0,Sense
2025-07-18T17:12:43Z,137.0,Sense
2025-07-18T17:12:48Z,138.0,Sense
2025-07-18T17:13:03Z,130.0,Sense
2025-07-18T17:13:08Z,121.0,Sense
2025-07-18T17:13:13Z,120.0,Sense
2025-07-18T17:13:18Z,123.0,Sense
2025-07-18T17:13:23Z,132.0,Sense
2025-07-18T17:13:28Z,133.0,Sense
2025-07-18T17:13:33Z,137.0,Sense
2025-07-18T17:13:38Z,141.0,Sense
2025-07-18T17:13:43Z,139.0,Sense
2025-07-18T17:13:48Z,138.0,Sense
2025-07-18T17:13:58Z,139.0,Sense
2025-07-18T17:14:03Z,138.0,Sense
2025-07-18T17:14:08Z,137.0,Sense
2025-07-18T17:14:13Z,137.0,Sense
2025-07-18T17:14:18Z,131.0,Sense
2025-07-18T17:14:23Z,127.0,Sense
2025-07-18T17:14:28Z,132.0,Sense
2025-07-18T17:14:43Z,129.0,Sense
2025-07-18T17:14:48Z,126.0,Sense
2025-07-18T17:14:53Z,124.0,Sense
2025-07-18T17:14:58Z,125.0,Sense
2025-07-18T17:15:03Z,129.0,Sense
2025-07-18T17:15:08Z,125.0,Sense
2025-07-18T17:15:13Z,118.0,Sense
2025-07-18T17:15:28Z,115.0,Sense
2025-07-18T17:15:33Z,113.0,Sense
2025-07-18T17:15:38Z,109.0,Sense
2025-07-18T17:15:43Z,103.0,Sense
2025-07-18T17:15:48Z,99.0,Sense
2025-07-18T17:15:53Z,100.0,Sense
2025-07-18T17:16:03Z,98.0,Sense
2025-07-18T17:16:08Z,99.0,Sense
2025-07-18T17:16:13Z,97.0,Sense
2025-07-18T17:16:18Z,112.0,Sense
2025-07-18T17:16:23Z,118.0,Sense
2025-07-18T17:16:28Z,117.0,Sense
2025-07-18T17:16:33Z,114.0,Sense
2025-07-18T17:16:38Z,113.0,Sense
2025-07-18T17:16:43Z,116.0,Sense
2025-07-18T17:16:48Z,114.0,Sense
2025-07-18T17:16:53Z,115.0,Sense
2025-07-18T17:16:58Z,111.0,Sense
2025-07-18T17:17:03Z,107.0,Sense
2025-07-18T17:17:08Z,95.0,Sense
2025-07-18T17:17:23Z,95.0,Sense
2025-07-18T17:17:28Z,97.0,Sense
2025-07-18T17:17:33Z,98.0,Sense
2025-07-18T17:17:38Z,97.0,Sense
2025-07-18T17:17:43Z,99.0,Sense
2025-07-18T17:17:48Z,100.0,Sense
2025-07-18T17:18:03Z,103.0,Sense
2025-07-18T17:18:08Z,104.0,Sense
2025-07-18T17:18:13Z,105.0,Sense
2025-07-18T17:18:18Z,104.0,Sense
2025-07-18T17:18:23Z,102.0,Sense
2025-07-18T17:18:28Z,103.0,Sense
2025-07-18T17:18:38Z,101.0,Sense
2025-07-18T17:18:43Z,102.0,Sense
2025-07-18T17:18:48Z,104.0,Sense
2025-07-18T17:18:53Z,85.0,Sense
2025-07-18T17:19:03Z,86.0,Sense
2025-07-18T17:19:08Z,88.0,Sense
2025-07-18T17:19:13Z,90.0,Sense
2025-07-18T17:19:18Z,92.0,Sense
2025-07-18T17:19:23Z,81.0,Sense
2025-07-18T17:19:28Z,78.0,Sense
2025-07-18T17:19:33Z,74.0,Sense
2025-07-18T17:19:38Z,75.0,Sense
2025-07-18T17:19:43Z,72.0,Sense
2025-07-18T17:19:48Z,71.0,Sense
2025-07-18T17:19:53Z,72.0,Sense
2025-07-18T17:19:58Z,73.0,Sense
2025-07-18T17:20:08Z,75.0,Sense
2025-07-18T17:20:13Z,76.0,Sense
2025-07-18T17:20:18Z,81.0,Sense
2025-07-18T17:20:23Z,90.0,Sense
2025-07-18T17:20:28Z,93.0,Sense
2025-07-18T17:20:33Z,94.0,Sense
2025-07-18T17:20:38Z,95.0,Sense
2025-07-18T17:20:43Z,96.0,Sense
2025-07-18T17:20:48Z,97.0,Sense
2025-07-18T17:20:53Z,99.0,Sense
2025-07-18T17:20:58Z,100.0,Sense
2025-07-18T17:21:13Z,100.0,Sense
2025-07-18T17:21:18Z,101.0,Sense
2025-07-18T17:21:33Z,101.0,Sense
2025-07-18T17:21:38Z,96.0,Sense
2025-07-18T17:21:43Z,94.0,Sense
2025-07-18T17:21:53Z,96.0,Sense
2025-07-18T17:21:58Z,97.0,Sense
2025-07-18T17:22:03Z,98.0,Sense
2025-07-18T17:22:13Z,95.0,Sense
2025-07-18T17:22:18Z,106.0,Sense
2025-07-18T17:22:23Z,109.0,Sense
2025-07-18T17:22:28Z,108.0,Sense
2025-07-18T17:22:33Z,106.0,Sense
2025-07-18T17:22:38Z,104.0,Sense
2025-07-18T17:22:43Z,103.0,Sense
2025-07-18T17:22:48Z,129.0,Sense
2025-07-18T17:23:03Z,128.0,Sense
2025-07-18T17:23:08Z,129.0,Sense
2025-07-18T17:23:13Z,127.0,Sense
2025-07-18T17:23:18Z,124.0,Sense
2025-07-18T17:23:23Z,122.0,Sense
2025-07-18T17:23:28Z,119.0,Sense
2025-07-18T17:23:33Z,117.0,Sense
2025-07-18T17:23:38Z,119.0,Sense
2025-07-18T17:23:43Z,116.0,Sense
2025-07-18T17:23:48Z,119.0,Sense
2025-07-18T17:23:53Z,121.0,Sense
2025-07-18T17:23:58Z,123.0,Sense
2025-07-18T17:24:03Z,119.0,Sense
2025-07-18T17:24:08Z,117.0,Sense
2025-07-18T17:24:13Z,121.0,Sense
2025-07-18T17:24:18Z,122.0,Sense
2025-07-18T17:24:23Z,117.0,Sense
2025-07-18T17:24:28Z,114.0,Sense
2025-07-18T20:57:29Z,135.0,Sense
2025-07-18T20:57:34Z,89.0,Sense
2025-07-18T20:57:44Z,89.0,Sense
2025-07-18T20:57:49Z,87.0,Sense
2025-07-18T20:57:54Z,85.0,Sense
2025-07-18T20:58:04Z,84.0,Sense
2025-07-18T20:58:09Z,83.0,Sense
2025-07-18T20:58:14Z,84.0,Sense
2025-07-18T20:58:24Z,85.0,Sense
2025-07-18T20:58:29Z,83.0,Sense
