timestamp,beats per minute,data source
2025-08-04T03:27:57Z,82.0,Sense
2025-08-04T03:28:02Z,80.0,Sense
2025-08-04T03:28:12Z,79.0,Sense
2025-08-04T03:28:17Z,82.0,Sense
2025-08-04T03:28:22Z,83.0,Sense
2025-08-04T03:28:27Z,82.0,Sense
2025-08-04T03:28:37Z,81.0,Sense
2025-08-04T03:28:42Z,79.0,Sense
2025-08-04T03:28:47Z,76.0,Sense
2025-08-04T03:28:52Z,75.0,Sense
2025-08-04T03:28:57Z,74.0,Sense
2025-08-04T08:04:09Z,87.0,Sense
2025-08-04T08:04:14Z,90.0,Sense
2025-08-04T08:04:19Z,90.0,Sense
2025-08-04T08:04:24Z,91.0,Sense
2025-08-04T08:04:29Z,94.0,Sense
2025-08-04T08:04:39Z,95.0,Sense
2025-08-04T08:04:44Z,96.0,Sense
2025-08-04T08:04:49Z,97.0,Sense
2025-08-04T08:05:04Z,97.0,Sense
2025-08-04T08:05:09Z,98.0,Sense
2025-08-04T08:05:14Z,99.0,Sense
2025-08-04T08:05:19Z,100.0,Sense
2025-08-04T08:05:24Z,103.0,Sense
2025-08-04T08:05:34Z,100.0,Sense
2025-08-04T08:05:39Z,103.0,Sense
2025-08-04T08:05:44Z,101.0,Sense
2025-08-04T08:05:49Z,100.0,Sense
2025-08-04T08:05:54Z,99.0,Sense
2025-08-04T08:05:59Z,98.0,Sense
2025-08-04T08:06:04Z,101.0,Sense
2025-08-04T08:06:09Z,103.0,Sense
2025-08-04T08:06:14Z,101.0,Sense
2025-08-04T08:06:19Z,105.0,Sense
2025-08-04T08:06:25Z,106.0,Sense
2025-08-04T08:06:30Z,109.0,Sense
2025-08-04T08:06:35Z,106.0,Sense
2025-08-04T08:06:40Z,104.0,Sense
2025-08-04T08:06:45Z,105.0,Sense
2025-08-04T08:06:50Z,104.0,Sense
2025-08-04T08:06:55Z,105.0,Sense
2025-08-04T08:07:10Z,103.0,Sense
2025-08-04T08:07:15Z,105.0,Sense
2025-08-04T08:07:20Z,106.0,Sense
2025-08-04T08:07:35Z,106.0,Sense
2025-08-04T08:07:40Z,105.0,Sense
2025-08-04T08:07:45Z,100.0,Sense
2025-08-04T08:07:50Z,102.0,Sense
2025-08-04T08:07:55Z,99.0,Sense
2025-08-04T08:08:10Z,99.0,Sense
2025-08-04T08:08:20Z,98.0,Sense
2025-08-04T08:08:35Z,97.0,Sense
2025-08-04T08:08:45Z,94.0,Sense
2025-08-04T08:08:55Z,89.0,Sense
2025-08-04T08:09:00Z,87.0,Sense
2025-08-04T08:09:05Z,88.0,Sense
2025-08-04T08:09:10Z,87.0,Sense
2025-08-04T08:09:15Z,88.0,Sense
2025-08-04T08:09:20Z,89.0,Sense
2025-08-04T08:09:25Z,85.0,Sense
2025-08-04T08:09:30Z,84.0,Sense
2025-08-04T08:09:35Z,84.0,Sense
2025-08-04T08:09:40Z,87.0,Sense
2025-08-04T08:09:45Z,86.0,Sense
2025-08-04T08:09:50Z,85.0,Sense
2025-08-04T08:09:55Z,83.0,Sense
2025-08-04T08:10:05Z,81.0,Sense
2025-08-04T08:10:15Z,82.0,Sense
2025-08-04T08:10:20Z,81.0,Sense
2025-08-04T08:10:25Z,84.0,Sense
2025-08-04T08:10:30Z,83.0,Sense
2025-08-04T08:10:40Z,78.0,Sense
2025-08-04T08:10:45Z,80.0,Sense
2025-08-04T08:10:50Z,81.0,Sense
2025-08-04T08:11:00Z,80.0,Sense
2025-08-04T08:11:05Z,82.0,Sense
2025-08-04T08:11:10Z,79.0,Sense
2025-08-04T08:11:15Z,78.0,Sense
2025-08-04T08:11:20Z,76.0,Sense
2025-08-04T08:11:25Z,78.0,Sense
2025-08-04T08:11:30Z,79.0,Sense
2025-08-04T08:11:35Z,82.0,Sense
2025-08-04T08:11:40Z,84.0,Sense
2025-08-04T08:11:50Z,83.0,Sense
2025-08-04T08:11:55Z,80.0,Sense
2025-08-04T08:12:00Z,77.0,Sense
2025-08-04T08:12:05Z,75.0,Sense
2025-08-04T08:12:10Z,76.0,Sense
2025-08-04T08:12:15Z,73.0,Sense
2025-08-04T08:12:20Z,77.0,Sense
2025-08-04T08:12:25Z,76.0,Sense
2025-08-04T08:12:30Z,75.0,Sense
2025-08-04T08:12:35Z,76.0,Sense
2025-08-04T08:12:45Z,75.0,Sense
2025-08-04T08:12:50Z,73.0,Sense
2025-08-04T08:12:55Z,74.0,Sense
2025-08-04T08:13:00Z,75.0,Sense
2025-08-04T08:13:05Z,77.0,Sense
2025-08-04T08:13:15Z,78.0,Sense
2025-08-04T08:13:30Z,78.0,Sense
2025-08-04T08:13:35Z,80.0,Sense
2025-08-04T08:13:40Z,81.0,Sense
2025-08-04T08:13:45Z,80.0,Sense
2025-08-04T08:14:00Z,81.0,Sense
2025-08-04T08:14:05Z,82.0,Sense
2025-08-04T08:14:10Z,83.0,Sense
2025-08-04T08:14:20Z,84.0,Sense
2025-08-04T08:14:25Z,90.0,Sense
2025-08-04T08:14:30Z,95.0,Sense
2025-08-04T08:14:35Z,96.0,Sense
2025-08-04T08:14:40Z,97.0,Sense
2025-08-04T08:14:45Z,91.0,Sense
2025-08-04T08:14:50Z,86.0,Sense
2025-08-04T08:14:55Z,93.0,Sense
2025-08-04T08:15:05Z,96.0,Sense
2025-08-04T08:15:10Z,94.0,Sense
2025-08-04T08:15:15Z,96.0,Sense
2025-08-04T08:15:20Z,97.0,Sense
2025-08-04T08:15:25Z,99.0,Sense
2025-08-04T08:15:30Z,98.0,Sense
2025-08-04T08:15:40Z,88.0,Sense
2025-08-04T08:15:45Z,95.0,Sense
2025-08-04T08:15:50Z,97.0,Sense
2025-08-04T08:15:55Z,98.0,Sense
2025-08-04T08:16:00Z,95.0,Sense
2025-08-04T08:16:05Z,94.0,Sense
2025-08-04T08:16:10Z,97.0,Sense
2025-08-04T08:16:15Z,99.0,Sense
2025-08-04T08:16:20Z,95.0,Sense
2025-08-04T08:16:25Z,88.0,Sense
2025-08-04T08:16:30Z,85.0,Sense
2025-08-04T08:16:35Z,87.0,Sense
2025-08-04T08:16:40Z,88.0,Sense
2025-08-04T08:16:45Z,89.0,Sense
2025-08-04T08:16:50Z,93.0,Sense
2025-08-04T08:16:55Z,95.0,Sense
2025-08-04T08:17:00Z,102.0,Sense
2025-08-04T08:17:05Z,98.0,Sense
2025-08-04T08:17:10Z,107.0,Sense
2025-08-04T08:17:15Z,99.0,Sense
2025-08-04T08:17:20Z,100.0,Sense
2025-08-04T08:17:30Z,105.0,Sense
2025-08-04T08:17:40Z,109.0,Sense
2025-08-04T08:17:55Z,109.0,Sense
2025-08-04T08:18:00Z,110.0,Sense
2025-08-04T08:18:05Z,109.0,Sense
2025-08-04T08:18:10Z,108.0,Sense
2025-08-04T08:18:20Z,107.0,Sense
2025-08-04T08:18:25Z,103.0,Sense
2025-08-04T08:18:30Z,101.0,Sense
2025-08-04T08:18:35Z,106.0,Sense
2025-08-04T08:18:40Z,110.0,Sense
2025-08-04T08:18:45Z,112.0,Sense
2025-08-04T08:18:50Z,113.0,Sense
2025-08-04T08:18:55Z,109.0,Sense
2025-08-04T08:19:00Z,110.0,Sense
2025-08-04T08:19:05Z,113.0,Sense
2025-08-04T08:19:15Z,114.0,Sense
2025-08-04T08:19:20Z,110.0,Sense
2025-08-04T08:19:25Z,109.0,Sense
2025-08-04T08:19:30Z,112.0,Sense
2025-08-04T08:19:35Z,114.0,Sense
2025-08-04T08:19:40Z,113.0,Sense
2025-08-04T08:19:50Z,111.0,Sense
2025-08-04T08:19:55Z,113.0,Sense
2025-08-04T08:20:00Z,111.0,Sense
2025-08-04T08:20:05Z,112.0,Sense
2025-08-04T08:20:10Z,116.0,Sense
2025-08-04T08:20:15Z,115.0,Sense
2025-08-04T08:20:20Z,113.0,Sense
2025-08-04T08:20:25Z,111.0,Sense
2025-08-04T08:20:30Z,112.0,Sense
2025-08-04T08:20:45Z,113.0,Sense
2025-08-04T08:20:50Z,115.0,Sense
2025-08-04T08:20:55Z,112.0,Sense
2025-08-04T08:21:00Z,111.0,Sense
2025-08-04T08:21:05Z,110.0,Sense
2025-08-04T08:21:10Z,108.0,Sense
2025-08-04T08:21:25Z,108.0,Sense
2025-08-04T08:21:35Z,107.0,Sense
2025-08-04T08:21:50Z,107.0,Sense
2025-08-04T08:21:55Z,108.0,Sense
2025-08-04T08:22:00Z,111.0,Sense
2025-08-04T08:22:05Z,109.0,Sense
2025-08-04T08:22:10Z,108.0,Sense
2025-08-04T08:22:15Z,109.0,Sense
2025-08-04T08:22:20Z,108.0,Sense
2025-08-04T08:22:30Z,110.0,Sense
2025-08-04T08:22:35Z,109.0,Sense
2025-08-04T08:22:40Z,105.0,Sense
2025-08-04T08:22:50Z,101.0,Sense
2025-08-04T08:22:55Z,104.0,Sense
2025-08-04T08:23:00Z,103.0,Sense
2025-08-04T08:23:05Z,101.0,Sense
2025-08-04T08:23:10Z,103.0,Sense
2025-08-04T08:23:15Z,104.0,Sense
2025-08-04T08:23:20Z,100.0,Sense
2025-08-04T08:23:25Z,101.0,Sense
2025-08-04T08:23:30Z,100.0,Sense
2025-08-04T08:23:35Z,99.0,Sense
2025-08-04T08:23:45Z,98.0,Sense
2025-08-04T08:23:55Z,100.0,Sense
2025-08-04T08:24:05Z,99.0,Sense
2025-08-04T08:24:10Z,101.0,Sense
2025-08-04T08:24:15Z,102.0,Sense
2025-08-04T08:24:20Z,103.0,Sense
2025-08-04T08:24:25Z,102.0,Sense
2025-08-04T08:24:30Z,103.0,Sense
2025-08-04T08:24:35Z,100.0,Sense
2025-08-04T08:24:40Z,98.0,Sense
2025-08-04T08:24:45Z,101.0,Sense
2025-08-04T08:24:50Z,106.0,Sense
2025-08-04T08:24:55Z,122.0,Sense
2025-08-04T08:25:00Z,131.0,Sense
2025-08-04T08:25:05Z,134.0,Sense
2025-08-04T08:25:10Z,131.0,Sense
2025-08-04T08:25:15Z,133.0,Sense
2025-08-04T08:25:20Z,137.0,Sense
2025-08-04T08:25:25Z,143.0,Sense
2025-08-04T08:25:35Z,143.0,Sense
2025-08-04T08:25:40Z,140.0,Sense
2025-08-04T08:25:45Z,137.0,Sense
2025-08-04T08:25:50Z,140.0,Sense
2025-08-04T08:25:55Z,141.0,Sense
2025-08-04T08:26:00Z,143.0,Sense
2025-08-04T08:26:05Z,144.0,Sense
2025-08-04T08:26:15Z,138.0,Sense
2025-08-04T08:26:20Z,137.0,Sense
2025-08-04T08:26:25Z,146.0,Sense
2025-08-04T08:26:30Z,148.0,Sense
2025-08-04T08:26:40Z,146.0,Sense
2025-08-04T08:26:45Z,145.0,Sense
2025-08-04T08:26:55Z,144.0,Sense
2025-08-04T08:27:00Z,144.0,Sense
2025-08-04T08:27:05Z,141.0,Sense
2025-08-04T08:27:10Z,139.0,Sense
2025-08-04T08:27:15Z,141.0,Sense
2025-08-04T08:27:20Z,143.0,Sense
2025-08-04T08:27:25Z,141.0,Sense
2025-08-04T08:27:30Z,140.0,Sense
2025-08-04T08:27:35Z,132.0,Sense
2025-08-04T08:27:40Z,131.0,Sense
2025-08-04T08:27:45Z,128.0,Sense
2025-08-04T08:27:50Z,126.0,Sense
2025-08-04T08:27:55Z,126.0,Sense
2025-08-04T08:28:00Z,134.0,Sense
2025-08-04T08:28:10Z,135.0,Sense
2025-08-04T08:28:15Z,137.0,Sense
2025-08-04T08:28:20Z,138.0,Sense
2025-08-04T08:28:25Z,139.0,Sense
2025-08-04T08:28:30Z,142.0,Sense
2025-08-04T08:28:35Z,144.0,Sense
2025-08-04T08:28:40Z,138.0,Sense
2025-08-04T08:28:45Z,136.0,Sense
2025-08-04T08:28:50Z,135.0,Sense
2025-08-04T08:28:55Z,133.0,Sense
2025-08-04T08:29:00Z,134.0,Sense
2025-08-04T08:29:05Z,135.0,Sense
2025-08-04T08:29:10Z,141.0,Sense
2025-08-04T08:29:15Z,146.0,Sense
2025-08-04T08:29:20Z,147.0,Sense
2025-08-04T08:29:25Z,149.0,Sense
2025-08-04T08:29:30Z,148.0,Sense
2025-08-04T08:29:35Z,146.0,Sense
2025-08-04T08:29:40Z,152.0,Sense
2025-08-04T08:29:50Z,150.0,Sense
2025-08-04T08:29:55Z,145.0,Sense
2025-08-04T08:30:00Z,142.0,Sense
2025-08-04T08:30:05Z,147.0,Sense
2025-08-04T08:30:10Z,145.0,Sense
2025-08-04T08:30:15Z,152.0,Sense
2025-08-04T08:30:30Z,148.0,Sense
2025-08-04T08:30:35Z,121.0,Sense
2025-08-04T08:30:40Z,117.0,Sense
2025-08-04T08:30:45Z,114.0,Sense
2025-08-04T08:30:50Z,109.0,Sense
2025-08-04T08:30:55Z,107.0,Sense
2025-08-04T08:31:00Z,109.0,Sense
2025-08-04T08:31:05Z,111.0,Sense
2025-08-04T08:31:10Z,118.0,Sense
2025-08-04T08:31:15Z,120.0,Sense
2025-08-04T08:31:20Z,117.0,Sense
2025-08-04T08:31:25Z,118.0,Sense
2025-08-04T08:31:30Z,121.0,Sense
2025-08-04T08:31:45Z,119.0,Sense
2025-08-04T08:31:50Z,115.0,Sense
2025-08-04T08:31:55Z,112.0,Sense
2025-08-04T08:32:00Z,116.0,Sense
2025-08-04T08:32:05Z,112.0,Sense
2025-08-04T08:32:10Z,115.0,Sense
2025-08-04T08:32:15Z,114.0,Sense
2025-08-04T08:32:20Z,115.0,Sense
2025-08-04T08:32:25Z,114.0,Sense
2025-08-04T08:32:30Z,117.0,Sense
2025-08-04T08:32:35Z,117.0,Sense
2025-08-04T08:32:40Z,116.0,Sense
2025-08-04T08:32:45Z,114.0,Sense
2025-08-04T08:32:55Z,115.0,Sense
2025-08-04T08:33:00Z,113.0,Sense
2025-08-04T08:33:05Z,115.0,Sense
2025-08-04T08:33:10Z,117.0,Sense
2025-08-04T08:33:20Z,121.0,Sense
2025-08-04T08:33:25Z,115.0,Sense
2025-08-04T08:33:30Z,112.0,Sense
2025-08-04T08:33:35Z,118.0,Sense
2025-08-04T08:33:50Z,117.0,Sense
2025-08-04T08:33:55Z,116.0,Sense
2025-08-04T08:34:00Z,117.0,Sense
2025-08-04T08:34:05Z,116.0,Sense
2025-08-04T08:34:10Z,119.0,Sense
2025-08-04T08:34:15Z,116.0,Sense
2025-08-04T08:34:20Z,119.0,Sense
2025-08-04T08:34:25Z,118.0,Sense
2025-08-04T08:34:30Z,122.0,Sense
2025-08-04T08:34:45Z,123.0,Sense
2025-08-04T08:34:50Z,119.0,Sense
2025-08-04T08:34:55Z,120.0,Sense
2025-08-04T08:35:00Z,118.0,Sense
2025-08-04T08:35:05Z,115.0,Sense
2025-08-04T08:35:10Z,113.0,Sense
2025-08-04T08:35:20Z,119.0,Sense
2025-08-04T08:35:25Z,120.0,Sense
2025-08-04T08:35:30Z,118.0,Sense
2025-08-04T08:35:35Z,120.0,Sense
2025-08-04T08:35:40Z,119.0,Sense
2025-08-04T08:35:45Z,121.0,Sense
2025-08-04T08:35:50Z,119.0,Sense
2025-08-04T08:36:00Z,118.0,Sense
2025-08-04T08:36:05Z,119.0,Sense
2025-08-04T08:36:10Z,118.0,Sense
2025-08-04T08:36:15Z,119.0,Sense
2025-08-04T08:36:20Z,120.0,Sense
2025-08-04T08:36:25Z,121.0,Sense
2025-08-04T08:36:30Z,116.0,Sense
2025-08-04T08:36:35Z,110.0,Sense
2025-08-04T08:36:40Z,114.0,Sense
2025-08-04T08:36:45Z,110.0,Sense
2025-08-04T08:36:55Z,108.0,Sense
2025-08-04T08:37:00Z,106.0,Sense
2025-08-04T08:37:05Z,107.0,Sense
2025-08-04T08:37:10Z,108.0,Sense
2025-08-04T08:37:20Z,109.0,Sense
2025-08-04T08:37:25Z,110.0,Sense
2025-08-04T08:37:35Z,109.0,Sense
2025-08-04T08:37:40Z,106.0,Sense
2025-08-04T08:37:45Z,101.0,Sense
2025-08-04T08:38:00Z,98.0,Sense
2025-08-04T08:38:05Z,106.0,Sense
2025-08-04T08:38:10Z,104.0,Sense
2025-08-04T08:38:15Z,107.0,Sense
2025-08-04T08:38:20Z,103.0,Sense
2025-08-04T08:38:25Z,98.0,Sense
2025-08-04T08:38:30Z,99.0,Sense
2025-08-04T08:38:35Z,93.0,Sense
2025-08-04T08:38:40Z,95.0,Sense
2025-08-04T08:38:45Z,93.0,Sense
2025-08-04T08:38:50Z,89.0,Sense
2025-08-04T08:38:55Z,90.0,Sense
2025-08-04T08:39:00Z,91.0,Sense
2025-08-04T08:39:05Z,92.0,Sense
2025-08-04T08:39:15Z,89.0,Sense
2025-08-04T08:39:20Z,84.0,Sense
2025-08-04T08:39:25Z,86.0,Sense
2025-08-04T08:39:30Z,88.0,Sense
2025-08-04T08:39:35Z,86.0,Sense
2025-08-04T08:39:40Z,81.0,Sense
2025-08-04T08:39:45Z,80.0,Sense
2025-08-04T08:39:50Z,78.0,Sense
2025-08-04T08:40:00Z,77.0,Sense
2025-08-04T08:40:05Z,79.0,Sense
2025-08-04T08:40:10Z,78.0,Sense
2025-08-04T08:40:15Z,76.0,Sense
2025-08-04T08:40:27Z,75.0,Sense
2025-08-04T08:40:32Z,74.0,Sense
2025-08-04T08:40:42Z,73.0,Sense
2025-08-04T08:40:52Z,74.0,Sense
2025-08-04T08:40:57Z,73.0,Sense
2025-08-04T08:41:02Z,72.0,Sense
2025-08-04T08:41:07Z,78.0,Sense
2025-08-04T08:41:12Z,79.0,Sense
2025-08-04T08:41:17Z,80.0,Sense
2025-08-04T08:41:22Z,79.0,Sense
2025-08-04T08:41:32Z,76.0,Sense
2025-08-04T08:41:37Z,73.0,Sense
2025-08-04T08:41:47Z,71.0,Sense
2025-08-04T08:41:52Z,70.0,Sense
2025-08-04T08:41:57Z,71.0,Sense
2025-08-04T08:42:02Z,72.0,Sense
2025-08-04T08:42:07Z,77.0,Sense
2025-08-04T08:42:17Z,78.0,Sense
2025-08-04T08:42:22Z,77.0,Sense
2025-08-04T08:42:27Z,73.0,Sense
2025-08-04T08:42:32Z,72.0,Sense
2025-08-04T08:42:37Z,73.0,Sense
2025-08-04T08:42:42Z,72.0,Sense
2025-08-04T08:42:52Z,70.0,Sense
2025-08-04T08:42:57Z,71.0,Sense
2025-08-04T08:43:07Z,73.0,Sense
2025-08-04T08:43:12Z,76.0,Sense
2025-08-04T08:43:17Z,75.0,Sense
2025-08-04T08:43:27Z,73.0,Sense
2025-08-04T08:43:42Z,72.0,Sense
2025-08-04T08:43:47Z,73.0,Sense
2025-08-04T08:43:52Z,81.0,Sense
2025-08-04T08:43:57Z,82.0,Sense
2025-08-04T08:44:07Z,81.0,Sense
2025-08-04T08:44:12Z,80.0,Sense
2025-08-04T08:44:17Z,78.0,Sense
2025-08-04T08:44:22Z,75.0,Sense
2025-08-04T08:44:27Z,73.0,Sense
2025-08-04T08:44:32Z,70.0,Sense
2025-08-04T08:44:37Z,76.0,Sense
2025-08-04T08:44:42Z,79.0,Sense
2025-08-04T08:44:47Z,78.0,Sense
2025-08-04T08:44:57Z,77.0,Sense
2025-08-04T08:45:02Z,76.0,Sense
2025-08-04T08:45:12Z,75.0,Sense
2025-08-04T08:45:17Z,78.0,Sense
2025-08-04T08:45:22Z,80.0,Sense
2025-08-04T08:45:27Z,79.0,Sense
2025-08-04T08:45:32Z,81.0,Sense
2025-08-04T08:45:37Z,82.0,Sense
2025-08-04T08:45:42Z,83.0,Sense
2025-08-04T08:45:47Z,85.0,Sense
2025-08-04T08:45:52Z,96.0,Sense
2025-08-04T08:45:57Z,95.0,Sense
2025-08-04T08:46:02Z,93.0,Sense
2025-08-04T08:46:07Z,92.0,Sense
2025-08-04T08:46:17Z,97.0,Sense
2025-08-04T08:46:22Z,98.0,Sense
2025-08-04T08:46:27Z,99.0,Sense
2025-08-04T08:46:37Z,102.0,Sense
2025-08-04T08:46:47Z,103.0,Sense
2025-08-04T08:46:52Z,102.0,Sense
2025-08-04T08:47:02Z,121.0,Sense
2025-08-04T08:47:07Z,127.0,Sense
2025-08-04T08:47:12Z,128.0,Sense
2025-08-04T08:47:17Z,127.0,Sense
2025-08-04T08:47:22Z,126.0,Sense
2025-08-04T08:47:27Z,130.0,Sense
2025-08-04T08:47:32Z,138.0,Sense
2025-08-04T08:47:42Z,140.0,Sense
2025-08-04T08:47:47Z,141.0,Sense
2025-08-04T08:47:52Z,140.0,Sense
2025-08-04T08:47:57Z,140.0,Sense
2025-08-04T08:48:02Z,136.0,Sense
2025-08-04T08:48:07Z,131.0,Sense
2025-08-04T08:48:17Z,115.0,Sense
2025-08-04T08:48:22Z,113.0,Sense
2025-08-04T08:48:27Z,107.0,Sense
2025-08-04T08:48:32Z,96.0,Sense
2025-08-04T08:48:42Z,97.0,Sense
2025-08-04T08:48:52Z,99.0,Sense
2025-08-04T08:49:02Z,97.0,Sense
2025-08-04T08:49:07Z,98.0,Sense
2025-08-04T08:49:12Z,99.0,Sense
2025-08-04T08:49:27Z,100.0,Sense
2025-08-04T08:49:32Z,98.0,Sense
2025-08-04T08:49:37Z,107.0,Sense
2025-08-04T08:49:42Z,111.0,Sense
2025-08-04T08:49:47Z,107.0,Sense
2025-08-04T08:49:52Z,102.0,Sense
2025-08-04T08:49:57Z,93.0,Sense
2025-08-04T08:50:02Z,91.0,Sense
2025-08-04T08:50:07Z,95.0,Sense
2025-08-04T08:50:12Z,98.0,Sense
2025-08-04T08:50:17Z,96.0,Sense
2025-08-04T08:50:22Z,93.0,Sense
2025-08-04T08:50:32Z,92.0,Sense
2025-08-04T08:50:37Z,93.0,Sense
2025-08-04T08:50:42Z,89.0,Sense
2025-08-04T08:50:47Z,86.0,Sense
2025-08-04T08:50:52Z,87.0,Sense
2025-08-04T08:50:57Z,88.0,Sense
2025-08-04T08:51:02Z,92.0,Sense
2025-08-04T08:51:07Z,93.0,Sense
2025-08-04T08:51:12Z,96.0,Sense
2025-08-04T08:51:17Z,97.0,Sense
2025-08-04T08:51:22Z,98.0,Sense
2025-08-04T08:51:27Z,100.0,Sense
2025-08-04T08:51:32Z,97.0,Sense
2025-08-04T08:51:37Z,88.0,Sense
2025-08-04T08:51:42Z,75.0,Sense
2025-08-04T08:51:47Z,73.0,Sense
2025-08-04T08:51:52Z,74.0,Sense
2025-08-04T08:51:57Z,76.0,Sense
2025-08-04T08:52:07Z,77.0,Sense
2025-08-04T08:52:12Z,79.0,Sense
2025-08-04T08:52:17Z,80.0,Sense
2025-08-04T08:52:22Z,82.0,Sense
2025-08-04T08:52:27Z,83.0,Sense
2025-08-04T08:52:37Z,84.0,Sense
2025-08-04T08:52:42Z,86.0,Sense
2025-08-04T08:52:52Z,87.0,Sense
2025-08-04T08:52:57Z,117.0,Sense
2025-08-04T08:53:02Z,122.0,Sense
2025-08-04T08:53:12Z,120.0,Sense
2025-08-04T08:53:17Z,118.0,Sense
2025-08-04T08:53:22Z,117.0,Sense
2025-08-04T08:53:27Z,114.0,Sense
2025-08-04T08:53:32Z,110.0,Sense
2025-08-04T08:53:37Z,105.0,Sense
2025-08-04T08:53:42Z,104.0,Sense
2025-08-04T08:53:47Z,100.0,Sense
2025-08-04T08:53:57Z,99.0,Sense
2025-08-04T08:54:02Z,110.0,Sense
2025-08-04T08:54:07Z,112.0,Sense
2025-08-04T08:54:12Z,110.0,Sense
2025-08-04T08:54:17Z,108.0,Sense
2025-08-04T08:54:22Z,105.0,Sense
2025-08-04T08:54:27Z,97.0,Sense
2025-08-04T08:54:32Z,96.0,Sense
2025-08-04T08:54:42Z,97.0,Sense
2025-08-04T08:54:47Z,96.0,Sense
2025-08-04T08:54:57Z,97.0,Sense
2025-08-04T08:55:02Z,97.0,Sense
2025-08-04T08:55:07Z,98.0,Sense
2025-08-04T08:55:12Z,99.0,Sense
2025-08-04T08:55:22Z,100.0,Sense
2025-08-04T08:55:32Z,102.0,Sense
2025-08-04T08:55:37Z,102.0,Sense
2025-08-04T08:55:42Z,101.0,Sense
2025-08-04T08:55:47Z,99.0,Sense
2025-08-04T08:56:02Z,99.0,Sense
2025-08-04T08:56:07Z,100.0,Sense
2025-08-04T08:56:12Z,98.0,Sense
2025-08-04T08:56:17Z,100.0,Sense
2025-08-04T08:56:22Z,101.0,Sense
2025-08-04T08:56:27Z,105.0,Sense
2025-08-04T08:56:37Z,106.0,Sense
2025-08-04T08:56:42Z,105.0,Sense
2025-08-04T08:56:47Z,104.0,Sense
2025-08-04T08:56:52Z,104.0,Sense
2025-08-04T08:56:57Z,103.0,Sense
2025-08-04T08:57:02Z,102.0,Sense
2025-08-04T08:57:07Z,100.0,Sense
2025-08-04T08:57:22Z,99.0,Sense
2025-08-04T08:57:32Z,102.0,Sense
2025-08-04T08:57:37Z,104.0,Sense
2025-08-04T08:57:42Z,105.0,Sense
2025-08-04T08:57:47Z,104.0,Sense
2025-08-04T08:57:52Z,102.0,Sense
2025-08-04T08:58:07Z,103.0,Sense
2025-08-04T08:58:17Z,105.0,Sense
2025-08-04T08:58:22Z,104.0,Sense
2025-08-04T08:58:27Z,102.0,Sense
2025-08-04T08:58:42Z,102.0,Sense
2025-08-04T08:58:47Z,102.0,Sense
2025-08-04T08:59:02Z,101.0,Sense
2025-08-04T08:59:12Z,100.0,Sense
2025-08-04T08:59:27Z,99.0,Sense
2025-08-04T08:59:32Z,101.0,Sense
2025-08-04T08:59:42Z,102.0,Sense
2025-08-04T08:59:47Z,103.0,Sense
2025-08-04T09:00:02Z,103.0,Sense
2025-08-04T09:00:07Z,102.0,Sense
2025-08-04T09:00:12Z,100.0,Sense
2025-08-04T09:00:27Z,99.0,Sense
2025-08-04T09:00:42Z,98.0,Sense
2025-08-04T09:00:57Z,98.0,Sense
2025-08-04T09:01:02Z,99.0,Sense
2025-08-04T09:01:07Z,98.0,Sense
2025-08-04T09:01:17Z,97.0,Sense
2025-08-04T09:01:22Z,96.0,Sense
2025-08-04T09:01:32Z,93.0,Sense
2025-08-04T09:01:37Z,91.0,Sense
2025-08-04T09:01:42Z,90.0,Sense
2025-08-04T09:01:57Z,91.0,Sense
2025-08-04T09:02:02Z,92.0,Sense
2025-08-04T09:02:07Z,93.0,Sense
2025-08-04T09:02:17Z,94.0,Sense
2025-08-04T09:02:22Z,96.0,Sense
2025-08-04T09:02:27Z,98.0,Sense
2025-08-04T09:02:32Z,99.0,Sense
2025-08-04T09:02:37Z,98.0,Sense
2025-08-04T09:02:42Z,97.0,Sense
2025-08-04T09:02:47Z,98.0,Sense
2025-08-04T09:02:52Z,97.0,Sense
2025-08-04T09:02:57Z,96.0,Sense
2025-08-04T09:03:02Z,97.0,Sense
2025-08-04T09:03:17Z,97.0,Sense
2025-08-04T09:03:22Z,98.0,Sense
2025-08-04T09:03:32Z,97.0,Sense
2025-08-04T09:03:42Z,98.0,Sense
2025-08-04T09:03:47Z,99.0,Sense
2025-08-04T09:03:52Z,98.0,Sense
2025-08-04T09:04:02Z,100.0,Sense
2025-08-04T09:04:07Z,102.0,Sense
2025-08-04T09:04:17Z,101.0,Sense
2025-08-04T09:04:22Z,100.0,Sense
2025-08-04T09:04:27Z,99.0,Sense
2025-08-04T09:04:32Z,98.0,Sense
2025-08-04T09:04:37Z,108.0,Sense
2025-08-04T09:04:42Z,115.0,Sense
2025-08-04T09:04:47Z,121.0,Sense
2025-08-04T09:04:52Z,119.0,Sense
2025-08-04T09:04:57Z,117.0,Sense
2025-08-04T09:05:02Z,114.0,Sense
2025-08-04T09:05:07Z,113.0,Sense
2025-08-04T09:05:12Z,112.0,Sense
2025-08-04T09:05:17Z,110.0,Sense
2025-08-04T09:05:22Z,108.0,Sense
2025-08-04T09:05:27Z,129.0,Sense
2025-08-04T09:05:32Z,128.0,Sense
2025-08-04T09:05:37Z,127.0,Sense
2025-08-04T09:05:42Z,125.0,Sense
2025-08-04T09:05:47Z,124.0,Sense
2025-08-04T09:05:57Z,122.0,Sense
2025-08-04T09:06:02Z,121.0,Sense
2025-08-04T09:06:07Z,120.0,Sense
2025-08-04T09:06:12Z,117.0,Sense
2025-08-04T09:06:17Z,114.0,Sense
2025-08-04T09:06:22Z,113.0,Sense
2025-08-04T09:06:27Z,112.0,Sense
2025-08-04T09:06:32Z,109.0,Sense
2025-08-04T09:06:37Z,108.0,Sense
2025-08-04T09:06:42Z,103.0,Sense
2025-08-04T09:06:47Z,95.0,Sense
2025-08-04T09:06:52Z,87.0,Sense
2025-08-04T09:07:02Z,88.0,Sense
2025-08-04T09:07:12Z,89.0,Sense
2025-08-04T09:07:17Z,91.0,Sense
2025-08-04T09:07:22Z,92.0,Sense
2025-08-04T09:07:27Z,93.0,Sense
2025-08-04T09:07:32Z,128.0,Sense
2025-08-04T09:07:37Z,130.0,Sense
2025-08-04T09:07:42Z,128.0,Sense
2025-08-04T09:07:47Z,126.0,Sense
2025-08-04T09:07:52Z,121.0,Sense
2025-08-04T09:07:57Z,119.0,Sense
2025-08-04T09:08:07Z,122.0,Sense
2025-08-04T09:08:17Z,124.0,Sense
2025-08-04T09:08:22Z,122.0,Sense
2025-08-04T09:08:27Z,117.0,Sense
2025-08-04T09:08:32Z,114.0,Sense
2025-08-04T09:08:37Z,112.0,Sense
2025-08-04T09:08:47Z,105.0,Sense
2025-08-04T09:08:52Z,104.0,Sense
2025-08-04T09:08:57Z,103.0,Sense
2025-08-04T09:09:02Z,101.0,Sense
2025-08-04T09:09:07Z,100.0,Sense
2025-08-04T09:09:12Z,103.0,Sense
2025-08-04T09:09:17Z,98.0,Sense
2025-08-04T09:09:22Z,100.0,Sense
2025-08-04T09:09:27Z,112.0,Sense
2025-08-04T09:09:37Z,110.0,Sense
2025-08-04T09:09:42Z,97.0,Sense
2025-08-04T09:09:47Z,94.0,Sense
2025-08-04T09:09:52Z,99.0,Sense
2025-08-04T09:09:57Z,107.0,Sense
2025-08-04T09:10:07Z,106.0,Sense
2025-08-04T09:10:12Z,104.0,Sense
2025-08-04T09:10:22Z,106.0,Sense
2025-08-04T09:10:32Z,108.0,Sense
2025-08-04T09:10:37Z,107.0,Sense
2025-08-04T09:10:42Z,106.0,Sense
2025-08-04T09:10:52Z,112.0,Sense
2025-08-04T09:10:57Z,113.0,Sense
2025-08-04T09:11:02Z,121.0,Sense
2025-08-04T09:11:07Z,126.0,Sense
2025-08-04T09:11:17Z,125.0,Sense
2025-08-04T09:11:22Z,124.0,Sense
2025-08-04T09:11:27Z,122.0,Sense
2025-08-04T09:11:32Z,121.0,Sense
2025-08-04T09:11:42Z,112.0,Sense
2025-08-04T09:11:47Z,106.0,Sense
2025-08-04T09:11:52Z,110.0,Sense
2025-08-04T09:11:57Z,101.0,Sense
2025-08-04T09:12:02Z,96.0,Sense
2025-08-04T09:12:07Z,115.0,Sense
2025-08-04T09:12:12Z,125.0,Sense
2025-08-04T09:12:17Z,115.0,Sense
2025-08-04T09:12:27Z,113.0,Sense
2025-08-04T09:12:32Z,112.0,Sense
2025-08-04T09:12:37Z,117.0,Sense
2025-08-04T09:12:42Z,119.0,Sense
2025-08-04T09:12:47Z,118.0,Sense
2025-08-04T09:12:52Z,121.0,Sense
2025-08-04T09:12:57Z,122.0,Sense
2025-08-04T09:13:07Z,112.0,Sense
2025-08-04T09:13:12Z,101.0,Sense
2025-08-04T09:13:17Z,103.0,Sense
2025-08-04T09:13:22Z,110.0,Sense
2025-08-04T09:13:27Z,111.0,Sense
2025-08-04T09:13:32Z,113.0,Sense
2025-08-04T09:13:47Z,115.0,Sense
2025-08-04T09:13:52Z,110.0,Sense
2025-08-04T09:14:02Z,112.0,Sense
2025-08-04T09:14:07Z,118.0,Sense
2025-08-04T09:14:12Z,122.0,Sense
2025-08-04T09:14:17Z,123.0,Sense
2025-08-04T09:14:22Z,126.0,Sense
2025-08-04T09:14:27Z,121.0,Sense
2025-08-04T09:14:32Z,123.0,Sense
2025-08-04T09:14:37Z,123.0,Sense
2025-08-04T09:14:42Z,122.0,Sense
2025-08-04T09:14:52Z,124.0,Sense
2025-08-04T09:14:57Z,125.0,Sense
2025-08-04T09:15:02Z,125.0,Sense
2025-08-04T09:15:12Z,128.0,Sense
2025-08-04T09:15:17Z,127.0,Sense
2025-08-04T09:15:22Z,126.0,Sense
2025-08-04T09:15:27Z,133.0,Sense
2025-08-04T09:15:32Z,132.0,Sense
2025-08-04T09:15:37Z,131.0,Sense
2025-08-04T09:15:42Z,125.0,Sense
2025-08-04T09:15:47Z,123.0,Sense
2025-08-04T09:15:52Z,122.0,Sense
2025-08-04T09:15:57Z,120.0,Sense
2025-08-04T09:16:02Z,116.0,Sense
2025-08-04T09:16:07Z,113.0,Sense
2025-08-04T09:16:12Z,116.0,Sense
2025-08-04T09:16:17Z,120.0,Sense
2025-08-04T09:16:22Z,119.0,Sense
2025-08-04T09:16:27Z,115.0,Sense
2025-08-04T09:16:32Z,134.0,Sense
2025-08-04T09:16:37Z,139.0,Sense
2025-08-04T09:16:42Z,141.0,Sense
2025-08-04T09:16:47Z,143.0,Sense
2025-08-04T09:16:52Z,142.0,Sense
2025-08-04T09:16:57Z,140.0,Sense
2025-08-04T09:17:02Z,138.0,Sense
2025-08-04T09:17:07Z,142.0,Sense
2025-08-04T09:17:12Z,141.0,Sense
2025-08-04T09:17:17Z,140.0,Sense
2025-08-04T09:17:22Z,146.0,Sense
2025-08-04T09:17:27Z,145.0,Sense
2025-08-04T09:17:32Z,144.0,Sense
2025-08-04T09:17:37Z,146.0,Sense
2025-08-04T09:17:52Z,145.0,Sense
2025-08-04T09:17:57Z,144.0,Sense
2025-08-04T09:18:02Z,140.0,Sense
2025-08-04T09:18:07Z,134.0,Sense
2025-08-04T09:18:12Z,132.0,Sense
2025-08-04T09:18:22Z,131.0,Sense
2025-08-04T09:18:27Z,122.0,Sense
2025-08-04T09:18:32Z,120.0,Sense
2025-08-04T09:18:37Z,121.0,Sense
2025-08-04T09:18:47Z,120.0,Sense
2025-08-04T09:18:52Z,120.0,Sense
2025-08-04T09:18:57Z,122.0,Sense
2025-08-04T09:19:02Z,116.0,Sense
2025-08-04T09:19:07Z,109.0,Sense
2025-08-04T09:19:12Z,108.0,Sense
2025-08-04T09:19:17Z,103.0,Sense
2025-08-04T09:19:22Z,100.0,Sense
2025-08-04T09:19:27Z,99.0,Sense
2025-08-04T09:19:32Z,98.0,Sense
2025-08-04T09:19:37Z,95.0,Sense
2025-08-04T09:19:42Z,94.0,Sense
2025-08-04T09:19:52Z,93.0,Sense
2025-08-04T09:19:57Z,89.0,Sense
2025-08-04T09:20:12Z,90.0,Sense
2025-08-04T09:20:17Z,91.0,Sense
2025-08-04T09:20:22Z,90.0,Sense
2025-08-04T09:20:32Z,91.0,Sense
2025-08-04T09:20:37Z,102.0,Sense
2025-08-04T09:20:42Z,104.0,Sense
2025-08-04T09:20:52Z,103.0,Sense
2025-08-04T09:20:57Z,102.0,Sense
2025-08-04T09:21:02Z,103.0,Sense
2025-08-04T09:21:07Z,98.0,Sense
2025-08-04T09:21:12Z,96.0,Sense
2025-08-04T09:21:27Z,89.0,Sense
2025-08-04T09:21:32Z,88.0,Sense
2025-08-04T09:21:37Z,89.0,Sense
2025-08-04T09:21:47Z,88.0,Sense
2025-08-04T09:21:57Z,87.0,Sense
2025-08-04T09:22:02Z,82.0,Sense
2025-08-04T09:22:07Z,81.0,Sense
2025-08-04T09:22:12Z,82.0,Sense
2025-08-04T09:22:17Z,82.0,Sense
2025-08-04T09:22:22Z,83.0,Sense
2025-08-04T09:22:27Z,86.0,Sense
2025-08-04T09:22:32Z,87.0,Sense
2025-08-04T09:22:37Z,108.0,Sense
2025-08-04T09:22:42Z,122.0,Sense
2025-08-04T09:22:47Z,121.0,Sense
2025-08-04T09:22:52Z,113.0,Sense
2025-08-04T09:23:07Z,111.0,Sense
2025-08-04T09:23:12Z,108.0,Sense
2025-08-04T09:23:17Z,105.0,Sense
2025-08-04T09:23:22Z,101.0,Sense
2025-08-04T09:23:27Z,112.0,Sense
2025-08-04T09:23:32Z,130.0,Sense
2025-08-04T09:23:37Z,129.0,Sense
2025-08-04T09:23:42Z,127.0,Sense
2025-08-04T09:23:47Z,128.0,Sense
2025-08-04T09:23:52Z,128.0,Sense
2025-08-04T09:23:57Z,123.0,Sense
2025-08-04T09:24:02Z,118.0,Sense
2025-08-04T09:24:07Z,112.0,Sense
2025-08-04T09:24:12Z,104.0,Sense
2025-08-04T09:24:17Z,99.0,Sense
2025-08-04T09:24:22Z,100.0,Sense
2025-08-04T09:24:27Z,96.0,Sense
2025-08-04T09:24:32Z,99.0,Sense
2025-08-04T09:24:37Z,104.0,Sense
2025-08-04T09:24:42Z,107.0,Sense
2025-08-04T09:24:47Z,108.0,Sense
2025-08-04T09:24:57Z,106.0,Sense
2025-08-04T09:25:02Z,102.0,Sense
2025-08-04T09:25:07Z,101.0,Sense
2025-08-04T09:25:12Z,98.0,Sense
2025-08-04T09:25:22Z,96.0,Sense
2025-08-04T09:25:27Z,92.0,Sense
2025-08-04T09:25:32Z,91.0,Sense
2025-08-04T09:25:37Z,87.0,Sense
2025-08-04T09:25:47Z,89.0,Sense
2025-08-04T09:25:52Z,93.0,Sense
2025-08-04T09:25:57Z,89.0,Sense
2025-08-04T09:26:02Z,90.0,Sense
2025-08-04T09:26:07Z,96.0,Sense
2025-08-04T09:26:12Z,97.0,Sense
2025-08-04T09:26:17Z,98.0,Sense
2025-08-04T09:26:22Z,97.0,Sense
2025-08-04T09:26:27Z,90.0,Sense
2025-08-04T09:26:32Z,87.0,Sense
2025-08-04T09:26:42Z,88.0,Sense
2025-08-04T09:26:47Z,91.0,Sense
2025-08-04T09:26:52Z,92.0,Sense
2025-08-04T09:26:57Z,94.0,Sense
2025-08-04T09:27:02Z,90.0,Sense
2025-08-04T09:27:07Z,83.0,Sense
2025-08-04T09:27:12Z,92.0,Sense
2025-08-04T09:27:17Z,93.0,Sense
2025-08-04T09:27:32Z,93.0,Sense
2025-08-04T09:27:37Z,94.0,Sense
2025-08-04T09:27:47Z,95.0,Sense
2025-08-04T09:27:57Z,96.0,Sense
2025-08-04T09:28:02Z,97.0,Sense
2025-08-04T09:28:12Z,98.0,Sense
2025-08-04T09:28:22Z,97.0,Sense
2025-08-04T09:28:37Z,97.0,Sense
2025-08-04T09:28:42Z,96.0,Sense
2025-08-04T09:28:47Z,96.0,Sense
2025-08-04T09:28:52Z,100.0,Sense
2025-08-04T09:28:57Z,108.0,Sense
2025-08-04T09:29:02Z,106.0,Sense
2025-08-04T09:29:12Z,105.0,Sense
2025-08-04T09:29:17Z,104.0,Sense
2025-08-04T09:29:22Z,103.0,Sense
2025-08-04T09:29:27Z,102.0,Sense
2025-08-04T09:29:32Z,101.0,Sense
2025-08-04T09:29:37Z,101.0,Sense
2025-08-04T09:29:42Z,102.0,Sense
2025-08-04T09:29:47Z,105.0,Sense
2025-08-04T09:29:52Z,106.0,Sense
2025-08-04T09:29:57Z,105.0,Sense
2025-08-04T09:30:02Z,102.0,Sense
2025-08-04T09:30:07Z,99.0,Sense
2025-08-04T09:30:22Z,99.0,Sense
2025-08-04T09:30:27Z,99.0,Sense
2025-08-04T09:30:32Z,97.0,Sense
2025-08-04T09:30:37Z,98.0,Sense
2025-08-04T09:30:47Z,100.0,Sense
2025-08-04T09:30:57Z,94.0,Sense
2025-08-04T09:31:02Z,93.0,Sense
2025-08-04T09:31:17Z,93.0,Sense
2025-08-04T09:31:22Z,94.0,Sense
2025-08-04T09:31:37Z,94.0,Sense
2025-08-04T09:31:42Z,96.0,Sense
2025-08-04T09:31:47Z,97.0,Sense
2025-08-04T09:31:52Z,98.0,Sense
2025-08-04T09:31:57Z,104.0,Sense
2025-08-04T09:32:02Z,106.0,Sense
2025-08-04T09:32:12Z,104.0,Sense
2025-08-04T09:32:17Z,102.0,Sense
2025-08-04T09:32:22Z,101.0,Sense
2025-08-04T09:32:27Z,102.0,Sense
2025-08-04T09:32:32Z,111.0,Sense
2025-08-04T09:32:37Z,118.0,Sense
2025-08-04T09:32:42Z,117.0,Sense
2025-08-04T09:32:47Z,116.0,Sense
2025-08-04T09:32:52Z,117.0,Sense
2025-08-04T09:32:57Z,116.0,Sense
2025-08-04T09:33:02Z,114.0,Sense
2025-08-04T09:33:07Z,112.0,Sense
2025-08-04T09:33:12Z,110.0,Sense
2025-08-04T09:33:17Z,109.0,Sense
2025-08-04T09:33:27Z,108.0,Sense
2025-08-04T09:33:32Z,107.0,Sense
2025-08-04T09:33:37Z,107.0,Sense
2025-08-04T09:33:42Z,109.0,Sense
2025-08-04T09:33:47Z,108.0,Sense
2025-08-04T09:33:52Z,101.0,Sense
2025-08-04T09:33:57Z,95.0,Sense
2025-08-04T09:34:02Z,96.0,Sense
2025-08-04T09:34:07Z,97.0,Sense
2025-08-04T09:34:17Z,96.0,Sense
2025-08-04T09:34:22Z,116.0,Sense
2025-08-04T09:34:27Z,117.0,Sense
2025-08-04T09:34:32Z,116.0,Sense
2025-08-04T09:34:42Z,115.0,Sense
2025-08-04T09:34:52Z,106.0,Sense
2025-08-04T09:35:02Z,107.0,Sense
2025-08-04T09:35:07Z,104.0,Sense
2025-08-04T09:35:12Z,97.0,Sense
2025-08-04T09:35:17Z,98.0,Sense
2025-08-04T09:35:22Z,100.0,Sense
2025-08-04T09:35:27Z,101.0,Sense
2025-08-04T09:35:32Z,102.0,Sense
2025-08-04T09:35:37Z,105.0,Sense
2025-08-04T09:35:42Z,104.0,Sense
2025-08-04T09:35:47Z,117.0,Sense
2025-08-04T09:35:52Z,123.0,Sense
2025-08-04T09:35:57Z,132.0,Sense
2025-08-04T09:36:07Z,130.0,Sense
2025-08-04T09:36:12Z,131.0,Sense
2025-08-04T09:36:17Z,134.0,Sense
2025-08-04T09:36:22Z,133.0,Sense
2025-08-04T09:36:27Z,132.0,Sense
2025-08-04T09:36:32Z,133.0,Sense
2025-08-04T09:36:37Z,132.0,Sense
2025-08-04T09:36:42Z,135.0,Sense
2025-08-04T09:36:47Z,161.0,Sense
2025-08-04T09:36:52Z,161.0,Sense
2025-08-04T09:37:02Z,160.0,Sense
2025-08-04T09:37:07Z,157.0,Sense
2025-08-04T09:37:12Z,154.0,Sense
2025-08-04T09:37:17Z,153.0,Sense
2025-08-04T09:37:22Z,151.0,Sense
2025-08-04T09:37:32Z,152.0,Sense
2025-08-04T09:37:37Z,153.0,Sense
2025-08-04T09:37:42Z,155.0,Sense
2025-08-04T09:37:47Z,161.0,Sense
2025-08-04T09:37:52Z,164.0,Sense
2025-08-04T09:37:57Z,158.0,Sense
2025-08-04T09:38:02Z,153.0,Sense
2025-08-04T09:38:07Z,151.0,Sense
2025-08-04T09:38:12Z,149.0,Sense
2025-08-04T09:38:17Z,147.0,Sense
2025-08-04T09:38:22Z,146.0,Sense
2025-08-04T09:38:27Z,145.0,Sense
2025-08-04T09:38:32Z,148.0,Sense
2025-08-04T09:38:37Z,153.0,Sense
2025-08-04T09:38:42Z,152.0,Sense
2025-08-04T09:38:47Z,152.0,Sense
2025-08-04T09:38:52Z,155.0,Sense
2025-08-04T09:38:57Z,159.0,Sense
2025-08-04T09:39:02Z,160.0,Sense
2025-08-04T09:39:07Z,155.0,Sense
2025-08-04T09:39:12Z,150.0,Sense
2025-08-04T09:39:17Z,141.0,Sense
2025-08-04T09:39:22Z,149.0,Sense
2025-08-04T09:39:27Z,163.0,Sense
2025-08-04T09:39:32Z,161.0,Sense
2025-08-04T09:39:42Z,164.0,Sense
2025-08-04T09:39:47Z,164.0,Sense
2025-08-04T09:39:52Z,160.0,Sense
2025-08-04T09:39:57Z,156.0,Sense
2025-08-04T09:40:02Z,154.0,Sense
2025-08-04T09:40:07Z,148.0,Sense
2025-08-04T09:40:12Z,147.0,Sense
2025-08-04T09:40:17Z,145.0,Sense
2025-08-04T09:40:22Z,144.0,Sense
2025-08-04T09:40:32Z,141.0,Sense
2025-08-04T09:40:37Z,137.0,Sense
2025-08-04T09:40:42Z,134.0,Sense
2025-08-04T09:40:47Z,131.0,Sense
2025-08-04T09:40:52Z,130.0,Sense
2025-08-04T09:40:57Z,126.0,Sense
2025-08-04T09:41:07Z,122.0,Sense
2025-08-04T09:41:12Z,117.0,Sense
2025-08-04T09:41:17Z,119.0,Sense
2025-08-04T09:41:22Z,134.0,Sense
2025-08-04T09:41:27Z,134.0,Sense
2025-08-04T09:41:32Z,133.0,Sense
2025-08-04T09:41:37Z,132.0,Sense
2025-08-04T09:41:42Z,139.0,Sense
2025-08-04T09:41:47Z,132.0,Sense
2025-08-04T09:41:57Z,131.0,Sense
2025-08-04T09:42:02Z,129.0,Sense
2025-08-04T09:42:07Z,123.0,Sense
2025-08-04T09:42:12Z,121.0,Sense
2025-08-04T09:42:17Z,122.0,Sense
2025-08-04T09:42:22Z,123.0,Sense
2025-08-04T09:42:27Z,125.0,Sense
2025-08-04T09:42:32Z,131.0,Sense
2025-08-04T09:42:37Z,134.0,Sense
2025-08-04T09:42:47Z,132.0,Sense
2025-08-04T09:42:52Z,127.0,Sense
2025-08-04T09:42:57Z,125.0,Sense
2025-08-04T09:43:07Z,117.0,Sense
2025-08-04T09:43:12Z,110.0,Sense
2025-08-04T09:43:17Z,119.0,Sense
2025-08-04T09:43:27Z,118.0,Sense
2025-08-04T09:43:32Z,119.0,Sense
2025-08-04T09:43:37Z,115.0,Sense
2025-08-04T09:43:42Z,113.0,Sense
2025-08-04T09:43:47Z,112.0,Sense
2025-08-04T09:43:52Z,109.0,Sense
2025-08-04T09:43:57Z,107.0,Sense
2025-08-04T09:44:02Z,103.0,Sense
2025-08-04T09:44:07Z,102.0,Sense
2025-08-04T09:44:12Z,109.0,Sense
2025-08-04T09:44:17Z,138.0,Sense
2025-08-04T09:44:22Z,140.0,Sense
2025-08-04T09:44:32Z,139.0,Sense
2025-08-04T09:44:37Z,139.0,Sense
2025-08-04T09:44:42Z,137.0,Sense
2025-08-04T09:44:47Z,138.0,Sense
2025-08-04T09:44:52Z,133.0,Sense
2025-08-04T09:44:57Z,128.0,Sense
2025-08-04T09:45:02Z,126.0,Sense
2025-08-04T09:45:07Z,124.0,Sense
2025-08-04T09:45:12Z,123.0,Sense
2025-08-04T09:45:17Z,122.0,Sense
2025-08-04T09:45:32Z,117.0,Sense
2025-08-04T09:45:37Z,114.0,Sense
2025-08-04T09:45:42Z,132.0,Sense
2025-08-04T09:45:47Z,136.0,Sense
2025-08-04T09:46:02Z,138.0,Sense
2025-08-04T09:46:07Z,139.0,Sense
2025-08-04T09:46:12Z,135.0,Sense
2025-08-04T09:46:17Z,137.0,Sense
2025-08-04T09:46:22Z,148.0,Sense
2025-08-04T09:46:27Z,151.0,Sense
2025-08-04T09:46:32Z,150.0,Sense
2025-08-04T09:46:37Z,151.0,Sense
2025-08-04T09:46:42Z,152.0,Sense
2025-08-04T09:46:52Z,152.0,Sense
2025-08-04T09:46:57Z,156.0,Sense
2025-08-04T09:47:02Z,161.0,Sense
2025-08-04T09:47:07Z,156.0,Sense
2025-08-04T09:47:12Z,153.0,Sense
2025-08-04T09:47:17Z,148.0,Sense
2025-08-04T09:47:22Z,144.0,Sense
2025-08-04T09:47:27Z,142.0,Sense
2025-08-04T09:47:32Z,140.0,Sense
2025-08-04T09:47:37Z,138.0,Sense
2025-08-04T09:47:42Z,136.0,Sense
2025-08-04T09:47:47Z,131.0,Sense
2025-08-04T09:47:52Z,123.0,Sense
2025-08-04T09:47:57Z,116.0,Sense
2025-08-04T09:48:02Z,113.0,Sense
2025-08-04T09:48:12Z,114.0,Sense
2025-08-04T09:48:17Z,113.0,Sense
2025-08-04T09:48:22Z,107.0,Sense
2025-08-04T09:48:27Z,104.0,Sense
2025-08-04T09:48:32Z,108.0,Sense
2025-08-04T09:48:37Z,113.0,Sense
2025-08-04T09:48:42Z,112.0,Sense
2025-08-04T09:48:47Z,113.0,Sense
2025-08-04T09:48:52Z,109.0,Sense
2025-08-04T09:48:57Z,110.0,Sense
2025-08-04T09:49:02Z,109.0,Sense
2025-08-04T09:49:07Z,110.0,Sense
2025-08-04T09:49:22Z,136.0,Sense
2025-08-04T09:49:27Z,140.0,Sense
2025-08-04T09:49:32Z,147.0,Sense
2025-08-04T09:49:37Z,146.0,Sense
2025-08-04T09:49:42Z,145.0,Sense
2025-08-04T09:49:57Z,141.0,Sense
2025-08-04T09:50:02Z,138.0,Sense
2025-08-04T09:50:07Z,136.0,Sense
2025-08-04T09:50:12Z,132.0,Sense
2025-08-04T09:50:17Z,133.0,Sense
2025-08-04T09:50:27Z,130.0,Sense
2025-08-04T09:50:37Z,126.0,Sense
2025-08-04T09:50:42Z,123.0,Sense
2025-08-04T09:50:47Z,155.0,Sense
2025-08-04T09:50:52Z,167.0,Sense
2025-08-04T09:50:57Z,165.0,Sense
2025-08-04T09:51:02Z,164.0,Sense
2025-08-04T09:51:07Z,160.0,Sense
2025-08-04T09:51:12Z,157.0,Sense
2025-08-04T09:51:22Z,162.0,Sense
2025-08-04T09:51:27Z,166.0,Sense
2025-08-04T09:51:32Z,167.0,Sense
2025-08-04T09:51:37Z,165.0,Sense
2025-08-04T09:51:42Z,162.0,Sense
2025-08-04T09:51:47Z,155.0,Sense
2025-08-04T09:51:52Z,153.0,Sense
2025-08-04T09:51:57Z,160.0,Sense
2025-08-04T09:52:02Z,161.0,Sense
2025-08-04T09:52:17Z,158.0,Sense
2025-08-04T09:52:22Z,154.0,Sense
2025-08-04T09:52:27Z,153.0,Sense
2025-08-04T09:52:32Z,155.0,Sense
2025-08-04T09:52:37Z,159.0,Sense
2025-08-04T09:52:42Z,155.0,Sense
2025-08-04T09:52:47Z,150.0,Sense
2025-08-04T09:52:52Z,153.0,Sense
2025-08-04T09:52:57Z,159.0,Sense
2025-08-04T09:53:02Z,156.0,Sense
2025-08-04T09:53:07Z,150.0,Sense
2025-08-04T09:53:12Z,146.0,Sense
2025-08-04T09:53:17Z,148.0,Sense
2025-08-04T09:53:22Z,152.0,Sense
2025-08-04T09:53:27Z,155.0,Sense
2025-08-04T09:53:32Z,157.0,Sense
2025-08-04T09:53:37Z,156.0,Sense
2025-08-04T09:53:42Z,152.0,Sense
2025-08-04T09:53:47Z,146.0,Sense
2025-08-04T09:53:52Z,144.0,Sense
2025-08-04T09:53:57Z,142.0,Sense
2025-08-04T09:54:02Z,141.0,Sense
2025-08-04T09:54:07Z,138.0,Sense
2025-08-04T09:54:12Z,132.0,Sense
2025-08-04T09:54:17Z,120.0,Sense
2025-08-04T09:54:22Z,116.0,Sense
2025-08-04T09:54:27Z,117.0,Sense
2025-08-04T09:54:37Z,114.0,Sense
2025-08-04T09:54:42Z,120.0,Sense
2025-08-04T09:54:47Z,137.0,Sense
2025-08-04T09:54:52Z,157.0,Sense
2025-08-04T09:54:57Z,155.0,Sense
2025-08-04T09:55:02Z,153.0,Sense
2025-08-04T09:55:07Z,150.0,Sense
2025-08-04T09:55:12Z,150.0,Sense
2025-08-04T09:55:17Z,148.0,Sense
2025-08-04T09:55:22Z,138.0,Sense
2025-08-04T09:55:27Z,134.0,Sense
2025-08-04T09:55:37Z,127.0,Sense
2025-08-04T09:55:42Z,125.0,Sense
2025-08-04T09:55:47Z,126.0,Sense
2025-08-04T09:55:52Z,127.0,Sense
2025-08-04T09:55:57Z,130.0,Sense
2025-08-04T09:56:02Z,133.0,Sense
2025-08-04T09:56:07Z,135.0,Sense
2025-08-04T09:56:12Z,134.0,Sense
2025-08-04T09:56:17Z,138.0,Sense
2025-08-04T09:56:22Z,145.0,Sense
2025-08-04T09:56:27Z,146.0,Sense
2025-08-04T09:56:32Z,140.0,Sense
2025-08-04T09:56:37Z,131.0,Sense
2025-08-04T09:56:42Z,130.0,Sense
2025-08-04T09:56:47Z,129.0,Sense
2025-08-04T09:56:52Z,128.0,Sense
2025-08-04T09:56:57Z,129.0,Sense
2025-08-04T09:57:02Z,131.0,Sense
2025-08-04T09:57:07Z,129.0,Sense
2025-08-04T09:57:12Z,130.0,Sense
2025-08-04T09:57:17Z,131.0,Sense
2025-08-04T09:57:22Z,127.0,Sense
2025-08-04T09:57:27Z,126.0,Sense
2025-08-04T09:57:32Z,112.0,Sense
2025-08-04T09:57:37Z,111.0,Sense
2025-08-04T09:57:47Z,112.0,Sense
2025-08-04T09:57:52Z,115.0,Sense
2025-08-04T09:57:57Z,116.0,Sense
2025-08-04T09:58:02Z,113.0,Sense
2025-08-04T09:58:07Z,111.0,Sense
2025-08-04T09:58:12Z,113.0,Sense
2025-08-04T09:58:17Z,118.0,Sense
2025-08-04T09:58:22Z,121.0,Sense
2025-08-04T09:58:27Z,116.0,Sense
2025-08-04T09:58:32Z,115.0,Sense
2025-08-04T09:58:37Z,112.0,Sense
2025-08-04T09:58:42Z,114.0,Sense
2025-08-04T09:58:47Z,141.0,Sense
2025-08-04T09:58:52Z,142.0,Sense
2025-08-04T09:58:57Z,141.0,Sense
2025-08-04T09:59:02Z,140.0,Sense
2025-08-04T09:59:07Z,138.0,Sense
2025-08-04T09:59:12Z,138.0,Sense
2025-08-04T09:59:17Z,139.0,Sense
2025-08-04T09:59:32Z,146.0,Sense
2025-08-04T09:59:37Z,158.0,Sense
2025-08-04T09:59:42Z,159.0,Sense
2025-08-04T09:59:47Z,158.0,Sense
2025-08-04T09:59:52Z,159.0,Sense
2025-08-04T09:59:57Z,160.0,Sense
2025-08-04T10:00:07Z,166.0,Sense
2025-08-04T10:00:22Z,167.0,Sense
2025-08-04T10:00:27Z,162.0,Sense
2025-08-04T10:00:32Z,160.0,Sense
2025-08-04T10:00:37Z,159.0,Sense
2025-08-04T10:00:42Z,157.0,Sense
2025-08-04T10:00:47Z,161.0,Sense
2025-08-04T10:00:52Z,159.0,Sense
2025-08-04T10:00:57Z,153.0,Sense
2025-08-04T10:01:02Z,148.0,Sense
2025-08-04T10:01:07Z,136.0,Sense
2025-08-04T10:01:12Z,135.0,Sense
2025-08-04T10:01:17Z,134.0,Sense
2025-08-04T10:01:22Z,133.0,Sense
2025-08-04T10:01:27Z,132.0,Sense
2025-08-04T10:01:32Z,134.0,Sense
2025-08-04T10:01:37Z,158.0,Sense
2025-08-04T10:01:47Z,155.0,Sense
2025-08-04T10:01:52Z,154.0,Sense
2025-08-04T10:01:57Z,152.0,Sense
2025-08-04T10:02:02Z,151.0,Sense
2025-08-04T10:02:12Z,152.0,Sense
2025-08-04T10:02:17Z,154.0,Sense
2025-08-04T10:02:22Z,156.0,Sense
2025-08-04T10:02:37Z,158.0,Sense
2025-08-04T10:02:42Z,158.0,Sense
2025-08-04T10:02:47Z,157.0,Sense
2025-08-04T10:03:02Z,156.0,Sense
2025-08-04T10:03:07Z,155.0,Sense
2025-08-04T10:03:12Z,153.0,Sense
2025-08-04T10:03:17Z,155.0,Sense
2025-08-04T10:03:22Z,158.0,Sense
2025-08-04T10:03:27Z,157.0,Sense
2025-08-04T10:03:32Z,154.0,Sense
2025-08-04T10:03:37Z,153.0,Sense
2025-08-04T10:03:42Z,151.0,Sense
2025-08-04T10:03:57Z,153.0,Sense
2025-08-04T10:04:02Z,151.0,Sense
2025-08-04T10:04:07Z,147.0,Sense
2025-08-04T10:04:12Z,145.0,Sense
2025-08-04T10:04:17Z,142.0,Sense
2025-08-04T10:04:22Z,139.0,Sense
2025-08-04T10:04:27Z,138.0,Sense
2025-08-04T10:04:32Z,136.0,Sense
2025-08-04T10:04:37Z,134.0,Sense
2025-08-04T10:04:47Z,131.0,Sense
2025-08-04T10:04:52Z,130.0,Sense
2025-08-04T10:05:07Z,130.0,Sense
2025-08-04T10:05:12Z,129.0,Sense
2025-08-04T10:05:27Z,131.0,Sense
2025-08-04T10:05:37Z,134.0,Sense
2025-08-04T10:05:42Z,139.0,Sense
2025-08-04T10:05:47Z,149.0,Sense
2025-08-04T10:06:02Z,147.0,Sense
2025-08-04T10:06:07Z,148.0,Sense
2025-08-04T10:06:12Z,145.0,Sense
2025-08-04T10:06:22Z,146.0,Sense
2025-08-04T10:06:27Z,144.0,Sense
2025-08-04T10:06:32Z,143.0,Sense
2025-08-04T10:06:37Z,144.0,Sense
2025-08-04T10:06:42Z,152.0,Sense
2025-08-04T10:06:57Z,147.0,Sense
2025-08-04T10:07:02Z,141.0,Sense
2025-08-04T10:07:07Z,143.0,Sense
2025-08-04T10:07:12Z,145.0,Sense
2025-08-04T10:07:27Z,144.0,Sense
2025-08-04T10:07:32Z,143.0,Sense
2025-08-04T10:07:37Z,144.0,Sense
2025-08-04T10:07:42Z,149.0,Sense
2025-08-04T10:07:47Z,153.0,Sense
2025-08-04T10:07:52Z,151.0,Sense
2025-08-04T10:07:57Z,148.0,Sense
2025-08-04T10:08:02Z,149.0,Sense
2025-08-04T10:08:07Z,147.0,Sense
2025-08-04T10:08:17Z,150.0,Sense
2025-08-04T10:08:22Z,147.0,Sense
2025-08-04T10:08:37Z,147.0,Sense
2025-08-04T10:08:42Z,151.0,Sense
2025-08-04T10:08:47Z,155.0,Sense
2025-08-04T10:08:52Z,150.0,Sense
2025-08-04T10:08:57Z,142.0,Sense
2025-08-04T10:09:07Z,139.0,Sense
2025-08-04T10:09:12Z,136.0,Sense
2025-08-04T10:09:17Z,135.0,Sense
2025-08-04T10:09:22Z,141.0,Sense
2025-08-04T10:09:27Z,145.0,Sense
2025-08-04T10:09:32Z,142.0,Sense
2025-08-04T10:09:37Z,139.0,Sense
2025-08-04T10:09:42Z,140.0,Sense
2025-08-04T10:09:47Z,139.0,Sense
2025-08-04T10:09:52Z,138.0,Sense
2025-08-04T10:10:02Z,136.0,Sense
2025-08-04T10:10:07Z,134.0,Sense
2025-08-04T10:10:12Z,131.0,Sense
2025-08-04T10:10:17Z,130.0,Sense
2025-08-04T10:10:22Z,124.0,Sense
2025-08-04T10:10:27Z,116.0,Sense
2025-08-04T10:10:32Z,110.0,Sense
2025-08-04T10:10:37Z,107.0,Sense
2025-08-04T10:10:42Z,108.0,Sense
2025-08-04T10:10:47Z,109.0,Sense
2025-08-04T10:10:52Z,107.0,Sense
2025-08-04T10:10:57Z,103.0,Sense
2025-08-04T10:11:02Z,125.0,Sense
2025-08-04T10:11:07Z,145.0,Sense
2025-08-04T10:11:17Z,147.0,Sense
2025-08-04T10:11:22Z,152.0,Sense
2025-08-04T10:11:27Z,154.0,Sense
2025-08-04T10:11:32Z,153.0,Sense
2025-08-04T10:11:37Z,150.0,Sense
2025-08-04T10:11:42Z,140.0,Sense
2025-08-04T10:11:47Z,139.0,Sense
2025-08-04T10:11:52Z,138.0,Sense
2025-08-04T10:11:57Z,137.0,Sense
2025-08-04T10:12:02Z,138.0,Sense
2025-08-04T10:12:07Z,135.0,Sense
2025-08-04T10:12:12Z,133.0,Sense
2025-08-04T10:12:27Z,164.0,Sense
2025-08-04T10:12:32Z,165.0,Sense
2025-08-04T10:12:37Z,164.0,Sense
2025-08-04T10:12:42Z,162.0,Sense
2025-08-04T10:12:47Z,161.0,Sense
2025-08-04T10:12:52Z,159.0,Sense
2025-08-04T10:12:57Z,151.0,Sense
2025-08-04T10:13:02Z,152.0,Sense
2025-08-04T10:13:07Z,165.0,Sense
2025-08-04T10:13:22Z,164.0,Sense
2025-08-04T10:13:27Z,161.0,Sense
2025-08-04T10:13:32Z,157.0,Sense
2025-08-04T10:13:37Z,155.0,Sense
2025-08-04T10:13:42Z,153.0,Sense
2025-08-04T10:13:47Z,150.0,Sense
2025-08-04T10:13:52Z,145.0,Sense
2025-08-04T10:13:57Z,143.0,Sense
2025-08-04T10:14:02Z,142.0,Sense
2025-08-04T10:14:07Z,140.0,Sense
2025-08-04T10:14:12Z,142.0,Sense
2025-08-04T10:14:17Z,143.0,Sense
2025-08-04T10:14:22Z,141.0,Sense
2025-08-04T10:14:27Z,146.0,Sense
2025-08-04T10:14:32Z,151.0,Sense
2025-08-04T10:14:37Z,152.0,Sense
2025-08-04T10:14:47Z,156.0,Sense
2025-08-04T10:14:52Z,155.0,Sense
2025-08-04T10:14:57Z,159.0,Sense
2025-08-04T10:15:02Z,146.0,Sense
2025-08-04T10:15:07Z,139.0,Sense
2025-08-04T10:15:12Z,138.0,Sense
2025-08-04T10:15:17Z,136.0,Sense
2025-08-04T10:15:22Z,135.0,Sense
2025-08-04T10:15:27Z,134.0,Sense
2025-08-04T10:15:32Z,133.0,Sense
2025-08-04T10:15:37Z,134.0,Sense
2025-08-04T10:15:47Z,128.0,Sense
2025-08-04T10:15:52Z,121.0,Sense
2025-08-04T10:16:02Z,123.0,Sense
2025-08-04T10:16:07Z,127.0,Sense
2025-08-04T10:16:12Z,128.0,Sense
2025-08-04T10:16:17Z,127.0,Sense
2025-08-04T10:16:32Z,129.0,Sense
2025-08-04T10:16:42Z,125.0,Sense
2025-08-04T10:16:47Z,124.0,Sense
2025-08-04T10:16:52Z,123.0,Sense
2025-08-04T10:16:57Z,120.0,Sense
2025-08-04T10:17:02Z,120.0,Sense
2025-08-04T10:17:17Z,121.0,Sense
2025-08-04T10:17:22Z,119.0,Sense
2025-08-04T10:17:27Z,114.0,Sense
2025-08-04T10:17:32Z,118.0,Sense
2025-08-04T10:17:37Z,123.0,Sense
2025-08-04T10:17:42Z,122.0,Sense
2025-08-04T10:17:47Z,121.0,Sense
2025-08-04T10:17:52Z,119.0,Sense
2025-08-04T10:17:57Z,124.0,Sense
2025-08-04T10:18:02Z,118.0,Sense
2025-08-04T10:18:07Z,114.0,Sense
2025-08-04T10:18:17Z,115.0,Sense
2025-08-04T10:18:22Z,117.0,Sense
2025-08-04T10:18:27Z,119.0,Sense
2025-08-04T10:18:32Z,148.0,Sense
2025-08-04T10:18:37Z,159.0,Sense
2025-08-04T10:18:47Z,158.0,Sense
2025-08-04T10:18:52Z,159.0,Sense
2025-08-04T10:18:57Z,158.0,Sense
2025-08-04T10:19:02Z,153.0,Sense
2025-08-04T10:19:07Z,147.0,Sense
2025-08-04T10:19:12Z,150.0,Sense
2025-08-04T10:19:17Z,156.0,Sense
2025-08-04T10:19:22Z,158.0,Sense
2025-08-04T10:19:32Z,156.0,Sense
2025-08-04T10:19:37Z,151.0,Sense
2025-08-04T10:19:42Z,150.0,Sense
2025-08-04T10:19:47Z,153.0,Sense
2025-08-04T10:19:52Z,156.0,Sense
2025-08-04T10:19:57Z,152.0,Sense
2025-08-04T10:20:02Z,149.0,Sense
2025-08-04T10:20:07Z,152.0,Sense
2025-08-04T10:20:12Z,147.0,Sense
2025-08-04T10:20:17Z,145.0,Sense
2025-08-04T10:20:22Z,143.0,Sense
2025-08-04T10:20:27Z,146.0,Sense
2025-08-04T10:20:32Z,148.0,Sense
2025-08-04T10:20:37Z,146.0,Sense
2025-08-04T10:20:42Z,142.0,Sense
2025-08-04T10:20:47Z,140.0,Sense
2025-08-04T10:20:57Z,125.0,Sense
2025-08-04T10:21:02Z,121.0,Sense
2025-08-04T10:21:07Z,122.0,Sense
2025-08-04T10:21:17Z,118.0,Sense
2025-08-04T10:21:22Z,115.0,Sense
2025-08-04T10:21:27Z,112.0,Sense
2025-08-04T10:21:32Z,108.0,Sense
2025-08-04T10:21:37Z,104.0,Sense
2025-08-04T10:21:42Z,103.0,Sense
2025-08-04T10:21:52Z,102.0,Sense
2025-08-04T10:21:57Z,101.0,Sense
2025-08-04T10:22:02Z,96.0,Sense
2025-08-04T10:22:07Z,93.0,Sense
2025-08-04T10:22:12Z,92.0,Sense
2025-08-04T10:22:22Z,96.0,Sense
2025-08-04T10:22:27Z,118.0,Sense
2025-08-04T10:22:32Z,117.0,Sense
2025-08-04T10:22:42Z,125.0,Sense
2025-08-04T10:22:47Z,137.0,Sense
2025-08-04T10:22:57Z,139.0,Sense
2025-08-04T10:23:02Z,140.0,Sense
2025-08-04T10:23:07Z,140.0,Sense
2025-08-04T10:23:12Z,139.0,Sense
2025-08-04T10:23:17Z,135.0,Sense
2025-08-04T10:23:22Z,132.0,Sense
2025-08-04T10:23:27Z,130.0,Sense
2025-08-04T10:23:32Z,129.0,Sense
2025-08-04T10:23:47Z,130.0,Sense
2025-08-04T10:23:52Z,131.0,Sense
2025-08-04T10:23:57Z,138.0,Sense
2025-08-04T10:24:02Z,153.0,Sense
2025-08-04T10:24:07Z,152.0,Sense
2025-08-04T10:24:17Z,148.0,Sense
2025-08-04T10:24:22Z,136.0,Sense
2025-08-04T10:24:27Z,131.0,Sense
2025-08-04T10:24:37Z,125.0,Sense
2025-08-04T10:24:47Z,123.0,Sense
2025-08-04T10:24:52Z,122.0,Sense
2025-08-04T10:24:57Z,119.0,Sense
2025-08-04T10:25:02Z,117.0,Sense
2025-08-04T10:25:12Z,118.0,Sense
2025-08-04T10:25:17Z,119.0,Sense
2025-08-04T10:25:27Z,135.0,Sense
2025-08-04T10:25:32Z,132.0,Sense
2025-08-04T10:25:37Z,129.0,Sense
2025-08-04T10:25:42Z,128.0,Sense
2025-08-04T10:25:52Z,126.0,Sense
2025-08-04T10:25:57Z,123.0,Sense
2025-08-04T10:26:02Z,121.0,Sense
2025-08-04T10:26:07Z,117.0,Sense
2025-08-04T10:26:12Z,111.0,Sense
2025-08-04T10:26:17Z,109.0,Sense
2025-08-04T10:26:22Z,112.0,Sense
2025-08-04T10:26:27Z,110.0,Sense
2025-08-04T10:26:32Z,105.0,Sense
2025-08-04T10:26:37Z,108.0,Sense
2025-08-04T10:26:42Z,110.0,Sense
2025-08-04T10:26:52Z,109.0,Sense
2025-08-04T10:26:57Z,112.0,Sense
2025-08-04T10:27:02Z,110.0,Sense
2025-08-04T10:27:07Z,106.0,Sense
2025-08-04T10:27:17Z,117.0,Sense
2025-08-04T10:27:22Z,136.0,Sense
2025-08-04T10:27:27Z,148.0,Sense
2025-08-04T10:27:32Z,146.0,Sense
2025-08-04T10:27:37Z,145.0,Sense
2025-08-04T10:27:47Z,144.0,Sense
2025-08-04T10:27:52Z,141.0,Sense
2025-08-04T10:27:57Z,139.0,Sense
2025-08-04T10:28:02Z,135.0,Sense
2025-08-04T10:28:07Z,142.0,Sense
2025-08-04T10:28:12Z,139.0,Sense
2025-08-04T10:28:27Z,139.0,Sense
2025-08-04T10:28:37Z,143.0,Sense
2025-08-04T10:28:42Z,144.0,Sense
2025-08-04T10:28:47Z,149.0,Sense
2025-08-04T10:28:52Z,151.0,Sense
2025-08-04T10:29:02Z,146.0,Sense
2025-08-04T10:29:07Z,145.0,Sense
2025-08-04T10:29:12Z,151.0,Sense
2025-08-04T10:29:22Z,156.0,Sense
2025-08-04T10:29:27Z,153.0,Sense
2025-08-04T10:29:32Z,149.0,Sense
2025-08-04T10:29:37Z,152.0,Sense
2025-08-04T10:29:42Z,151.0,Sense
2025-08-04T10:29:52Z,150.0,Sense
2025-08-04T10:29:57Z,149.0,Sense
2025-08-04T10:30:02Z,151.0,Sense
2025-08-04T10:30:12Z,149.0,Sense
2025-08-04T10:30:17Z,145.0,Sense
2025-08-04T10:30:22Z,142.0,Sense
2025-08-04T10:30:27Z,140.0,Sense
2025-08-04T10:30:32Z,135.0,Sense
2025-08-04T10:30:37Z,130.0,Sense
2025-08-04T10:30:42Z,131.0,Sense
2025-08-04T10:30:47Z,127.0,Sense
2025-08-04T10:30:52Z,128.0,Sense
2025-08-04T10:30:57Z,126.0,Sense
2025-08-04T10:31:02Z,122.0,Sense
2025-08-04T10:31:07Z,116.0,Sense
2025-08-04T10:31:12Z,123.0,Sense
2025-08-04T10:31:17Z,123.0,Sense
2025-08-04T10:31:22Z,124.0,Sense
2025-08-04T10:31:32Z,122.0,Sense
2025-08-04T10:31:37Z,121.0,Sense
2025-08-04T10:31:42Z,119.0,Sense
2025-08-04T10:31:47Z,121.0,Sense
2025-08-04T10:31:52Z,128.0,Sense
2025-08-04T10:31:57Z,127.0,Sense
2025-08-04T10:32:02Z,125.0,Sense
2025-08-04T10:32:07Z,137.0,Sense
2025-08-04T10:32:12Z,136.0,Sense
2025-08-04T10:32:17Z,135.0,Sense
2025-08-04T10:32:22Z,133.0,Sense
2025-08-04T10:32:27Z,132.0,Sense
2025-08-04T10:32:32Z,140.0,Sense
2025-08-04T10:32:37Z,142.0,Sense
2025-08-04T10:32:42Z,143.0,Sense
2025-08-04T10:32:47Z,144.0,Sense
2025-08-04T10:32:52Z,142.0,Sense
2025-08-04T10:32:57Z,140.0,Sense
2025-08-04T10:33:02Z,151.0,Sense
2025-08-04T10:33:07Z,152.0,Sense
2025-08-04T10:33:12Z,151.0,Sense
2025-08-04T10:33:17Z,154.0,Sense
2025-08-04T10:33:22Z,154.0,Sense
2025-08-04T10:33:32Z,157.0,Sense
2025-08-04T10:33:37Z,158.0,Sense
2025-08-04T10:33:42Z,148.0,Sense
2025-08-04T10:33:47Z,145.0,Sense
2025-08-04T10:33:52Z,144.0,Sense
2025-08-04T10:33:57Z,143.0,Sense
2025-08-04T10:34:02Z,140.0,Sense
2025-08-04T10:34:07Z,138.0,Sense
2025-08-04T10:34:12Z,130.0,Sense
2025-08-04T10:34:17Z,124.0,Sense
2025-08-04T10:34:22Z,119.0,Sense
2025-08-04T10:34:27Z,117.0,Sense
2025-08-04T10:34:32Z,118.0,Sense
2025-08-04T10:34:37Z,121.0,Sense
2025-08-04T10:34:42Z,125.0,Sense
2025-08-04T10:34:47Z,122.0,Sense
2025-08-04T10:34:52Z,123.0,Sense
2025-08-04T10:34:57Z,125.0,Sense
2025-08-04T10:35:02Z,127.0,Sense
2025-08-04T10:35:07Z,128.0,Sense
2025-08-04T10:35:12Z,127.0,Sense
2025-08-04T10:35:17Z,128.0,Sense
2025-08-04T10:35:22Z,126.0,Sense
2025-08-04T10:35:27Z,138.0,Sense
2025-08-04T10:35:32Z,139.0,Sense
2025-08-04T10:35:37Z,137.0,Sense
2025-08-04T10:35:42Z,135.0,Sense
2025-08-04T10:35:47Z,133.0,Sense
2025-08-04T10:35:52Z,132.0,Sense
2025-08-04T10:35:57Z,134.0,Sense
2025-08-04T10:36:02Z,136.0,Sense
2025-08-04T10:36:07Z,135.0,Sense
2025-08-04T10:36:12Z,133.0,Sense
2025-08-04T10:36:17Z,127.0,Sense
2025-08-04T10:36:22Z,126.0,Sense
2025-08-04T10:36:32Z,128.0,Sense
2025-08-04T10:36:37Z,127.0,Sense
2025-08-04T10:36:42Z,123.0,Sense
2025-08-04T10:36:47Z,120.0,Sense
2025-08-04T10:36:52Z,115.0,Sense
2025-08-04T10:36:57Z,116.0,Sense
2025-08-04T10:37:02Z,109.0,Sense
2025-08-04T10:37:07Z,104.0,Sense
2025-08-04T10:37:12Z,112.0,Sense
2025-08-04T10:37:17Z,114.0,Sense
2025-08-04T10:37:22Z,115.0,Sense
2025-08-04T10:37:27Z,116.0,Sense
2025-08-04T10:37:32Z,119.0,Sense
2025-08-04T10:37:37Z,123.0,Sense
2025-08-04T10:37:52Z,123.0,Sense
2025-08-04T10:37:57Z,125.0,Sense
2025-08-04T10:38:07Z,122.0,Sense
2025-08-04T10:38:12Z,115.0,Sense
2025-08-04T10:38:17Z,118.0,Sense
2025-08-04T10:38:22Z,112.0,Sense
2025-08-04T10:38:27Z,107.0,Sense
2025-08-04T10:38:37Z,109.0,Sense
2025-08-04T10:38:42Z,110.0,Sense
2025-08-04T10:38:52Z,111.0,Sense
2025-08-04T10:38:57Z,114.0,Sense
2025-08-04T10:39:02Z,116.0,Sense
2025-08-04T10:39:07Z,112.0,Sense
2025-08-04T10:39:17Z,132.0,Sense
2025-08-04T10:39:22Z,158.0,Sense
2025-08-04T10:39:27Z,157.0,Sense
2025-08-04T10:39:37Z,156.0,Sense
2025-08-04T10:39:42Z,154.0,Sense
2025-08-04T10:39:52Z,153.0,Sense
2025-08-04T10:39:57Z,150.0,Sense
2025-08-04T10:40:02Z,148.0,Sense
2025-08-04T10:40:07Z,158.0,Sense
2025-08-04T10:40:12Z,160.0,Sense
2025-08-04T10:40:17Z,158.0,Sense
2025-08-04T10:40:22Z,154.0,Sense
2025-08-04T10:40:27Z,151.0,Sense
2025-08-04T10:40:32Z,150.0,Sense
2025-08-04T10:40:37Z,148.0,Sense
2025-08-04T10:40:42Z,149.0,Sense
2025-08-04T10:40:47Z,145.0,Sense
2025-08-04T10:40:57Z,144.0,Sense
2025-08-04T14:31:39Z,99.0,Sense
2025-08-04T14:31:44Z,92.0,Sense
2025-08-04T14:31:49Z,93.0,Sense
2025-08-04T14:31:59Z,101.0,Sense
2025-08-04T14:32:04Z,106.0,Sense
2025-08-04T14:32:09Z,108.0,Sense
2025-08-04T14:32:14Z,111.0,Sense
2025-08-04T14:32:19Z,113.0,Sense
2025-08-04T14:32:24Z,111.0,Sense
2025-08-04T14:32:29Z,109.0,Sense
2025-08-04T14:32:34Z,107.0,Sense
2025-08-04T14:32:39Z,105.0,Sense
2025-08-04T14:32:49Z,107.0,Sense
2025-08-04T14:32:54Z,106.0,Sense
2025-08-04T14:32:59Z,107.0,Sense
2025-08-04T14:33:04Z,106.0,Sense
2025-08-04T14:33:09Z,112.0,Sense
2025-08-04T14:33:14Z,105.0,Sense
2025-08-04T14:33:19Z,108.0,Sense
2025-08-04T14:33:24Z,105.0,Sense
2025-08-04T14:33:34Z,103.0,Sense
2025-08-04T14:33:39Z,104.0,Sense
2025-08-04T14:33:44Z,112.0,Sense
2025-08-04T14:33:49Z,111.0,Sense
2025-08-04T14:33:54Z,107.0,Sense
2025-08-04T14:33:59Z,99.0,Sense
2025-08-04T14:34:04Z,101.0,Sense
2025-08-04T14:34:09Z,103.0,Sense
2025-08-04T14:34:14Z,105.0,Sense
2025-08-04T14:34:19Z,111.0,Sense
2025-08-04T14:34:24Z,125.0,Sense
2025-08-04T14:34:29Z,121.0,Sense
2025-08-04T14:34:34Z,120.0,Sense
2025-08-04T14:34:39Z,106.0,Sense
2025-08-04T14:34:44Z,112.0,Sense
2025-08-04T14:34:49Z,115.0,Sense
2025-08-04T14:34:54Z,110.0,Sense
2025-08-04T14:34:59Z,108.0,Sense
2025-08-04T14:35:04Z,104.0,Sense
2025-08-04T14:35:09Z,101.0,Sense
2025-08-04T14:35:14Z,99.0,Sense
2025-08-04T14:35:19Z,101.0,Sense
2025-08-04T14:35:24Z,96.0,Sense
2025-08-04T14:35:29Z,97.0,Sense
2025-08-04T14:35:34Z,100.0,Sense
2025-08-04T14:35:39Z,103.0,Sense
2025-08-04T14:35:44Z,104.0,Sense
2025-08-04T14:35:49Z,106.0,Sense
2025-08-04T14:35:54Z,103.0,Sense
2025-08-04T14:35:59Z,107.0,Sense
2025-08-04T14:36:04Z,103.0,Sense
2025-08-04T14:36:09Z,100.0,Sense
2025-08-04T14:36:14Z,99.0,Sense
2025-08-04T14:36:19Z,96.0,Sense
2025-08-04T14:36:24Z,97.0,Sense
2025-08-04T14:36:29Z,101.0,Sense
2025-08-04T14:36:34Z,100.0,Sense
2025-08-04T14:36:39Z,93.0,Sense
2025-08-04T14:36:44Z,92.0,Sense
2025-08-04T14:36:49Z,90.0,Sense
2025-08-04T14:36:54Z,93.0,Sense
2025-08-04T14:36:59Z,92.0,Sense
2025-08-04T14:37:04Z,88.0,Sense
2025-08-04T14:37:19Z,89.0,Sense
2025-08-04T14:37:24Z,91.0,Sense
2025-08-04T14:37:29Z,94.0,Sense
2025-08-04T14:37:39Z,96.0,Sense
2025-08-04T14:37:44Z,99.0,Sense
2025-08-04T14:37:49Z,101.0,Sense
2025-08-04T14:37:54Z,104.0,Sense
2025-08-04T14:37:59Z,102.0,Sense
2025-08-04T14:38:14Z,98.0,Sense
2025-08-04T14:38:19Z,99.0,Sense
2025-08-04T14:38:24Z,100.0,Sense
2025-08-04T14:38:29Z,96.0,Sense
2025-08-04T14:38:34Z,88.0,Sense
2025-08-04T14:38:44Z,86.0,Sense
2025-08-04T14:38:49Z,85.0,Sense
2025-08-04T14:38:54Z,84.0,Sense
2025-08-04T14:38:59Z,85.0,Sense
2025-08-04T14:39:09Z,86.0,Sense
2025-08-04T14:39:19Z,88.0,Sense
2025-08-04T14:39:24Z,86.0,Sense
2025-08-04T14:39:29Z,85.0,Sense
2025-08-04T14:39:39Z,86.0,Sense
2025-08-04T14:39:49Z,87.0,Sense
2025-08-04T14:39:59Z,86.0,Sense
2025-08-04T14:40:09Z,89.0,Sense
2025-08-04T14:40:19Z,90.0,Sense
2025-08-04T14:40:24Z,91.0,Sense
2025-08-04T14:40:29Z,89.0,Sense
2025-08-04T14:40:34Z,87.0,Sense
2025-08-04T14:40:49Z,91.0,Sense
2025-08-04T14:40:54Z,88.0,Sense
2025-08-04T14:40:59Z,89.0,Sense
2025-08-04T14:41:04Z,85.0,Sense
2025-08-04T14:41:09Z,87.0,Sense
2025-08-04T14:41:14Z,89.0,Sense
2025-08-04T14:41:19Z,91.0,Sense
2025-08-04T14:41:24Z,89.0,Sense
2025-08-04T14:41:29Z,88.0,Sense
2025-08-04T14:41:34Z,89.0,Sense
2025-08-04T14:41:39Z,96.0,Sense
2025-08-04T14:41:44Z,100.0,Sense
2025-08-04T14:41:49Z,97.0,Sense
2025-08-04T14:41:54Z,96.0,Sense
2025-08-04T14:42:04Z,94.0,Sense
2025-08-04T14:42:09Z,98.0,Sense
2025-08-04T14:42:14Z,92.0,Sense
2025-08-04T14:42:19Z,94.0,Sense
2025-08-04T14:42:24Z,93.0,Sense
2025-08-04T14:42:29Z,91.0,Sense
2025-08-04T14:42:39Z,96.0,Sense
2025-08-04T14:42:44Z,94.0,Sense
2025-08-04T14:42:49Z,96.0,Sense
2025-08-04T14:42:54Z,97.0,Sense
2025-08-04T14:42:59Z,110.0,Sense
2025-08-04T14:43:04Z,117.0,Sense
2025-08-04T14:43:09Z,121.0,Sense
2025-08-04T14:43:14Z,116.0,Sense
2025-08-04T14:43:19Z,112.0,Sense
2025-08-04T14:43:24Z,119.0,Sense
2025-08-04T14:43:29Z,109.0,Sense
2025-08-04T14:43:34Z,115.0,Sense
2025-08-04T14:43:39Z,106.0,Sense
2025-08-04T14:43:44Z,112.0,Sense
2025-08-04T14:43:49Z,109.0,Sense
2025-08-04T14:43:54Z,115.0,Sense
2025-08-04T14:43:59Z,112.0,Sense
2025-08-04T14:44:09Z,107.0,Sense
2025-08-04T14:44:14Z,113.0,Sense
2025-08-04T14:44:19Z,108.0,Sense
2025-08-04T14:44:29Z,105.0,Sense
2025-08-04T14:44:34Z,106.0,Sense
2025-08-04T14:44:39Z,104.0,Sense
2025-08-04T14:44:54Z,104.0,Sense
2025-08-04T14:44:59Z,103.0,Sense
2025-08-04T14:45:04Z,105.0,Sense
2025-08-04T14:45:09Z,107.0,Sense
2025-08-04T14:45:14Z,104.0,Sense
2025-08-04T14:45:19Z,98.0,Sense
2025-08-04T14:45:24Z,103.0,Sense
2025-08-04T14:45:29Z,97.0,Sense
2025-08-04T14:45:34Z,102.0,Sense
2025-08-04T14:45:39Z,99.0,Sense
2025-08-04T14:45:44Z,100.0,Sense
2025-08-04T14:45:49Z,95.0,Sense
2025-08-04T14:45:54Z,103.0,Sense
2025-08-04T14:46:09Z,99.0,Sense
2025-08-04T14:46:14Z,98.0,Sense
2025-08-04T14:46:19Z,95.0,Sense
2025-08-04T14:46:24Z,94.0,Sense
2025-08-04T14:46:29Z,93.0,Sense
2025-08-04T14:46:39Z,92.0,Sense
2025-08-04T14:46:44Z,92.0,Sense
2025-08-04T14:46:49Z,94.0,Sense
2025-08-04T14:46:54Z,91.0,Sense
2025-08-04T14:46:59Z,90.0,Sense
2025-08-04T14:47:04Z,89.0,Sense
2025-08-04T14:47:14Z,85.0,Sense
2025-08-04T14:47:24Z,89.0,Sense
2025-08-04T14:47:29Z,91.0,Sense
2025-08-04T14:47:34Z,88.0,Sense
2025-08-04T14:47:39Z,87.0,Sense
2025-08-04T14:47:49Z,89.0,Sense
2025-08-04T14:47:54Z,86.0,Sense
2025-08-04T14:48:04Z,85.0,Sense
2025-08-04T14:48:09Z,81.0,Sense
2025-08-04T14:48:19Z,84.0,Sense
2025-08-04T14:48:24Z,82.0,Sense
2025-08-04T14:48:29Z,79.0,Sense
2025-08-04T14:48:34Z,78.0,Sense
2025-08-04T14:48:39Z,77.0,Sense
2025-08-04T14:48:44Z,78.0,Sense
2025-08-04T14:48:49Z,80.0,Sense
2025-08-04T14:48:54Z,79.0,Sense
2025-08-04T14:48:59Z,80.0,Sense
2025-08-04T14:49:04Z,79.0,Sense
2025-08-04T14:49:14Z,78.0,Sense
2025-08-04T14:49:19Z,79.0,Sense
2025-08-04T14:49:24Z,75.0,Sense
2025-08-04T14:49:29Z,75.0,Sense
2025-08-04T14:49:39Z,76.0,Sense
2025-08-04T14:49:54Z,76.0,Sense
2025-08-04T14:50:04Z,74.0,Sense
2025-08-04T14:50:09Z,75.0,Sense
2025-08-04T14:50:14Z,76.0,Sense
2025-08-04T14:50:24Z,75.0,Sense
2025-08-04T14:50:34Z,76.0,Sense
2025-08-04T14:50:39Z,78.0,Sense
2025-08-04T14:50:44Z,80.0,Sense
2025-08-04T14:50:49Z,81.0,Sense
2025-08-04T14:50:54Z,82.0,Sense
2025-08-04T14:50:59Z,81.0,Sense
2025-08-04T14:51:04Z,83.0,Sense
2025-08-04T14:51:14Z,81.0,Sense
2025-08-04T14:51:19Z,79.0,Sense
2025-08-04T14:51:24Z,78.0,Sense
2025-08-04T14:51:29Z,79.0,Sense
2025-08-04T14:51:34Z,81.0,Sense
2025-08-04T14:51:39Z,82.0,Sense
2025-08-04T14:51:49Z,83.0,Sense
2025-08-04T14:51:54Z,82.0,Sense
2025-08-04T14:51:59Z,79.0,Sense
2025-08-04T14:52:04Z,80.0,Sense
2025-08-04T14:52:09Z,82.0,Sense
2025-08-04T14:52:24Z,82.0,Sense
2025-08-04T14:52:34Z,81.0,Sense
2025-08-04T14:52:39Z,78.0,Sense
2025-08-04T14:52:44Z,77.0,Sense
2025-08-04T14:52:54Z,79.0,Sense
2025-08-04T14:53:04Z,81.0,Sense
2025-08-04T14:53:09Z,82.0,Sense
2025-08-04T14:53:14Z,84.0,Sense
2025-08-04T14:53:19Z,85.0,Sense
2025-08-04T14:53:24Z,86.0,Sense
2025-08-04T14:53:39Z,85.0,Sense
2025-08-04T14:53:44Z,78.0,Sense
2025-08-04T14:53:49Z,76.0,Sense
2025-08-04T14:53:54Z,79.0,Sense
2025-08-04T14:53:59Z,78.0,Sense
2025-08-04T14:54:04Z,77.0,Sense
2025-08-04T14:54:09Z,79.0,Sense
2025-08-04T14:54:14Z,83.0,Sense
2025-08-04T14:54:24Z,86.0,Sense
2025-08-04T14:54:34Z,85.0,Sense
2025-08-04T14:54:44Z,86.0,Sense
2025-08-04T14:54:49Z,83.0,Sense
2025-08-04T14:54:54Z,84.0,Sense
2025-08-04T14:55:04Z,88.0,Sense
2025-08-04T14:55:09Z,89.0,Sense
2025-08-04T14:55:14Z,91.0,Sense
2025-08-04T14:55:19Z,99.0,Sense
2025-08-04T14:55:24Z,88.0,Sense
2025-08-04T14:55:29Z,90.0,Sense
2025-08-04T14:55:44Z,92.0,Sense
2025-08-04T14:55:49Z,94.0,Sense
2025-08-04T14:55:59Z,93.0,Sense
2025-08-04T14:56:04Z,92.0,Sense
2025-08-04T14:56:09Z,96.0,Sense
2025-08-04T14:56:14Z,95.0,Sense
2025-08-04T14:56:19Z,92.0,Sense
2025-08-04T14:56:24Z,99.0,Sense
2025-08-04T14:56:29Z,102.0,Sense
2025-08-04T14:56:34Z,93.0,Sense
2025-08-04T14:56:39Z,87.0,Sense
2025-08-04T14:56:44Z,84.0,Sense
2025-08-04T14:56:49Z,83.0,Sense
2025-08-04T14:56:54Z,82.0,Sense
2025-08-04T14:56:59Z,79.0,Sense
2025-08-04T14:57:04Z,73.0,Sense
2025-08-04T14:57:09Z,75.0,Sense
2025-08-04T14:57:14Z,78.0,Sense
2025-08-04T14:57:19Z,76.0,Sense
2025-08-04T14:57:34Z,76.0,Sense
2025-08-04T14:57:39Z,77.0,Sense
2025-08-04T14:57:44Z,73.0,Sense
2025-08-04T14:57:49Z,71.0,Sense
2025-08-04T14:57:54Z,75.0,Sense
2025-08-04T14:57:59Z,78.0,Sense
2025-08-04T14:58:04Z,82.0,Sense
2025-08-04T14:58:09Z,83.0,Sense
2025-08-04T14:58:14Z,82.0,Sense
2025-08-04T14:58:19Z,80.0,Sense
2025-08-04T14:58:24Z,76.0,Sense
2025-08-04T14:58:29Z,74.0,Sense
2025-08-04T14:58:34Z,73.0,Sense
2025-08-04T14:58:49Z,72.0,Sense
2025-08-04T14:59:04Z,72.0,Sense
2025-08-04T14:59:14Z,71.0,Sense
2025-08-04T14:59:19Z,70.0,Sense
2025-08-04T14:59:24Z,74.0,Sense
2025-08-04T14:59:34Z,77.0,Sense
2025-08-04T14:59:39Z,82.0,Sense
2025-08-04T14:59:44Z,84.0,Sense
2025-08-04T14:59:54Z,86.0,Sense
2025-08-04T14:59:59Z,89.0,Sense
2025-08-04T15:00:04Z,87.0,Sense
2025-08-04T15:00:09Z,82.0,Sense
2025-08-04T15:00:14Z,80.0,Sense
2025-08-04T15:00:24Z,82.0,Sense
2025-08-04T15:00:29Z,80.0,Sense
2025-08-04T15:00:39Z,79.0,Sense
2025-08-04T15:00:44Z,78.0,Sense
2025-08-04T15:00:49Z,79.0,Sense
2025-08-04T15:00:54Z,81.0,Sense
2025-08-04T15:00:59Z,84.0,Sense
2025-08-04T15:01:14Z,83.0,Sense
2025-08-04T15:01:24Z,84.0,Sense
2025-08-04T15:01:29Z,83.0,Sense
2025-08-04T15:01:34Z,87.0,Sense
2025-08-04T15:01:39Z,85.0,Sense
2025-08-04T15:01:49Z,84.0,Sense
2025-08-04T15:01:59Z,83.0,Sense
2025-08-04T15:02:04Z,85.0,Sense
2025-08-04T15:02:09Z,82.0,Sense
2025-08-04T15:02:19Z,77.0,Sense
2025-08-04T15:02:24Z,75.0,Sense
2025-08-04T15:02:29Z,70.0,Sense
2025-08-04T15:02:39Z,74.0,Sense
2025-08-04T15:02:44Z,75.0,Sense
2025-08-04T15:02:49Z,76.0,Sense
2025-08-04T15:03:04Z,76.0,Sense
2025-08-04T15:03:14Z,77.0,Sense
2025-08-04T15:03:24Z,74.0,Sense
2025-08-04T15:03:29Z,69.0,Sense
2025-08-04T15:03:34Z,70.0,Sense
2025-08-04T15:03:44Z,71.0,Sense
2025-08-04T15:03:49Z,69.0,Sense
2025-08-04T15:03:54Z,70.0,Sense
2025-08-04T15:03:59Z,69.0,Sense
2025-08-04T15:04:09Z,68.0,Sense
2025-08-04T15:04:19Z,69.0,Sense
2025-08-04T15:04:24Z,69.0,Sense
2025-08-04T15:04:29Z,66.0,Sense
2025-08-04T15:04:34Z,65.0,Sense
2025-08-04T15:04:39Z,63.0,Sense
2025-08-04T15:04:44Z,62.0,Sense
2025-08-04T15:04:49Z,60.0,Sense
2025-08-04T15:04:54Z,63.0,Sense
2025-08-04T15:04:59Z,62.0,Sense
2025-08-04T15:05:09Z,63.0,Sense
2025-08-04T15:05:14Z,62.0,Sense
2025-08-04T15:05:19Z,63.0,Sense
2025-08-04T15:05:29Z,62.0,Sense
2025-08-04T15:05:34Z,63.0,Sense
2025-08-04T15:05:44Z,64.0,Sense
2025-08-04T15:05:59Z,81.0,Sense
2025-08-04T15:06:04Z,151.0,Sense
2025-08-04T15:06:09Z,152.0,Sense
2025-08-04T15:06:14Z,151.0,Sense
2025-08-04T15:06:19Z,149.0,Sense
2025-08-04T15:06:24Z,147.0,Sense
2025-08-04T15:06:29Z,150.0,Sense
2025-08-04T15:06:34Z,147.0,Sense
2025-08-04T15:06:39Z,145.0,Sense
2025-08-04T15:06:44Z,147.0,Sense
2025-08-04T15:06:49Z,144.0,Sense
2025-08-04T15:06:54Z,140.0,Sense
2025-08-04T15:06:59Z,145.0,Sense
2025-08-04T15:07:04Z,146.0,Sense
2025-08-04T15:07:09Z,148.0,Sense
2025-08-04T15:07:14Z,162.0,Sense
2025-08-04T15:07:19Z,164.0,Sense
2025-08-04T15:07:29Z,162.0,Sense
2025-08-04T15:07:39Z,162.0,Sense
2025-08-04T15:07:44Z,156.0,Sense
2025-08-04T15:07:49Z,150.0,Sense
2025-08-04T15:07:54Z,142.0,Sense
2025-08-04T15:07:59Z,145.0,Sense
2025-08-04T15:08:04Z,140.0,Sense
2025-08-04T15:08:09Z,137.0,Sense
2025-08-04T15:08:14Z,135.0,Sense
2025-08-04T15:08:19Z,137.0,Sense
2025-08-04T15:08:24Z,135.0,Sense
2025-08-04T15:08:29Z,120.0,Sense
2025-08-04T15:08:34Z,116.0,Sense
2025-08-04T15:08:39Z,114.0,Sense
2025-08-04T15:08:49Z,113.0,Sense
2025-08-04T15:08:54Z,109.0,Sense
2025-08-04T15:08:59Z,107.0,Sense
2025-08-04T15:09:04Z,127.0,Sense
2025-08-04T15:09:09Z,128.0,Sense
2025-08-04T15:09:14Z,126.0,Sense
2025-08-04T15:09:19Z,124.0,Sense
2025-08-04T15:09:24Z,122.0,Sense
2025-08-04T15:09:29Z,118.0,Sense
2025-08-04T15:09:34Z,111.0,Sense
2025-08-04T15:09:39Z,112.0,Sense
2025-08-04T15:09:44Z,113.0,Sense
2025-08-04T15:09:49Z,108.0,Sense
2025-08-04T15:09:54Z,137.0,Sense
2025-08-04T15:09:59Z,142.0,Sense
2025-08-04T15:10:04Z,138.0,Sense
2025-08-04T15:10:09Z,137.0,Sense
2025-08-04T15:10:14Z,139.0,Sense
2025-08-04T15:10:19Z,135.0,Sense
2025-08-04T15:10:24Z,125.0,Sense
2025-08-04T15:10:29Z,124.0,Sense
2025-08-04T15:10:34Z,121.0,Sense
2025-08-04T15:10:44Z,141.0,Sense
2025-08-04T15:10:49Z,152.0,Sense
2025-08-04T15:10:54Z,140.0,Sense
2025-08-04T15:10:59Z,137.0,Sense
2025-08-04T15:11:09Z,140.0,Sense
2025-08-04T15:11:14Z,142.0,Sense
2025-08-04T15:11:19Z,139.0,Sense
2025-08-04T15:11:24Z,138.0,Sense
2025-08-04T15:11:29Z,139.0,Sense
2025-08-04T15:11:34Z,136.0,Sense
2025-08-04T15:11:39Z,131.0,Sense
2025-08-04T15:11:44Z,124.0,Sense
2025-08-04T15:11:49Z,118.0,Sense
2025-08-04T15:11:54Z,130.0,Sense
2025-08-04T15:11:59Z,151.0,Sense
2025-08-04T15:12:04Z,152.0,Sense
2025-08-04T15:12:09Z,149.0,Sense
2025-08-04T15:12:19Z,147.0,Sense
2025-08-04T15:12:24Z,147.0,Sense
2025-08-04T15:12:34Z,144.0,Sense
2025-08-04T15:12:39Z,142.0,Sense
2025-08-04T15:12:49Z,138.0,Sense
2025-08-04T15:12:54Z,130.0,Sense
2025-08-04T15:12:59Z,128.0,Sense
2025-08-04T15:13:04Z,138.0,Sense
2025-08-04T15:13:14Z,137.0,Sense
2025-08-04T15:13:19Z,131.0,Sense
2025-08-04T15:13:24Z,128.0,Sense
2025-08-04T15:13:29Z,127.0,Sense
2025-08-04T15:13:34Z,125.0,Sense
2025-08-04T15:13:39Z,119.0,Sense
2025-08-04T15:13:44Z,117.0,Sense
2025-08-04T15:13:49Z,112.0,Sense
2025-08-04T15:13:54Z,113.0,Sense
2025-08-04T15:13:59Z,111.0,Sense
2025-08-04T15:14:04Z,111.0,Sense
2025-08-04T15:14:09Z,107.0,Sense
2025-08-04T15:14:14Z,101.0,Sense
2025-08-04T15:14:19Z,99.0,Sense
2025-08-04T15:14:24Z,97.0,Sense
2025-08-04T15:14:29Z,99.0,Sense
2025-08-04T15:14:34Z,101.0,Sense
2025-08-04T15:14:39Z,98.0,Sense
2025-08-04T15:14:49Z,95.0,Sense
2025-08-04T15:14:54Z,95.0,Sense
2025-08-04T15:14:59Z,93.0,Sense
2025-08-04T15:15:04Z,99.0,Sense
2025-08-04T15:15:09Z,136.0,Sense
2025-08-04T15:15:14Z,134.0,Sense
2025-08-04T15:15:24Z,131.0,Sense
2025-08-04T15:15:29Z,131.0,Sense
2025-08-04T15:15:34Z,135.0,Sense
2025-08-04T15:15:39Z,134.0,Sense
2025-08-04T15:15:44Z,133.0,Sense
2025-08-04T15:15:49Z,151.0,Sense
2025-08-04T15:15:54Z,153.0,Sense
2025-08-04T15:15:59Z,152.0,Sense
2025-08-04T15:16:04Z,149.0,Sense
2025-08-04T15:16:09Z,147.0,Sense
2025-08-04T15:16:14Z,145.0,Sense
2025-08-04T15:16:19Z,148.0,Sense
2025-08-04T15:16:24Z,142.0,Sense
2025-08-04T15:16:29Z,135.0,Sense
2025-08-04T15:16:34Z,129.0,Sense
2025-08-04T15:16:39Z,127.0,Sense
2025-08-04T15:16:44Z,120.0,Sense
2025-08-04T15:16:49Z,113.0,Sense
2025-08-04T15:16:54Z,110.0,Sense
2025-08-04T15:16:59Z,108.0,Sense
2025-08-04T15:17:04Z,113.0,Sense
2025-08-04T15:17:09Z,112.0,Sense
2025-08-04T15:17:14Z,110.0,Sense
2025-08-04T15:17:19Z,114.0,Sense
2025-08-04T15:17:24Z,110.0,Sense
2025-08-04T15:17:29Z,104.0,Sense
2025-08-04T15:17:34Z,103.0,Sense
2025-08-04T15:17:39Z,94.0,Sense
2025-08-04T15:17:44Z,92.0,Sense
2025-08-04T15:17:49Z,91.0,Sense
2025-08-04T15:17:54Z,92.0,Sense
2025-08-04T15:18:04Z,92.0,Sense
2025-08-04T15:18:09Z,98.0,Sense
2025-08-04T15:18:14Z,108.0,Sense
2025-08-04T15:18:19Z,107.0,Sense
2025-08-04T15:18:24Z,106.0,Sense
2025-08-04T15:18:29Z,105.0,Sense
2025-08-04T15:18:34Z,105.0,Sense
2025-08-04T15:18:39Z,121.0,Sense
2025-08-04T15:18:44Z,129.0,Sense
2025-08-04T15:18:49Z,130.0,Sense
2025-08-04T15:18:54Z,131.0,Sense
2025-08-04T15:18:59Z,129.0,Sense
2025-08-04T15:19:04Z,130.0,Sense
2025-08-04T15:19:09Z,129.0,Sense
2025-08-04T15:19:14Z,126.0,Sense
2025-08-04T15:19:19Z,124.0,Sense
2025-08-04T15:19:24Z,123.0,Sense
2025-08-04T15:19:29Z,124.0,Sense
2025-08-04T15:19:34Z,127.0,Sense
2025-08-04T15:19:49Z,131.0,Sense
2025-08-04T15:19:54Z,132.0,Sense
2025-08-04T15:19:59Z,131.0,Sense
2025-08-04T15:20:04Z,134.0,Sense
2025-08-04T15:20:09Z,133.0,Sense
2025-08-04T15:20:14Z,127.0,Sense
2025-08-04T15:20:19Z,122.0,Sense
2025-08-04T15:20:24Z,121.0,Sense
2025-08-04T15:20:34Z,122.0,Sense
2025-08-04T15:20:39Z,125.0,Sense
2025-08-04T15:20:44Z,138.0,Sense
2025-08-04T15:20:49Z,147.0,Sense
2025-08-04T15:20:54Z,145.0,Sense
2025-08-04T15:20:59Z,143.0,Sense
2025-08-04T15:21:09Z,140.0,Sense
2025-08-04T15:21:19Z,142.0,Sense
2025-08-04T15:21:24Z,137.0,Sense
2025-08-04T15:21:29Z,133.0,Sense
2025-08-04T15:21:34Z,132.0,Sense
2025-08-04T15:21:39Z,133.0,Sense
2025-08-04T15:21:44Z,132.0,Sense
2025-08-04T15:21:49Z,131.0,Sense
2025-08-04T15:21:54Z,127.0,Sense
2025-08-04T15:21:59Z,126.0,Sense
2025-08-04T15:22:04Z,125.0,Sense
2025-08-04T15:22:09Z,123.0,Sense
2025-08-04T15:22:14Z,120.0,Sense
2025-08-04T15:22:24Z,119.0,Sense
2025-08-04T15:22:29Z,129.0,Sense
2025-08-04T15:22:34Z,128.0,Sense
2025-08-04T15:22:39Z,145.0,Sense
2025-08-04T15:22:44Z,139.0,Sense
2025-08-04T15:22:49Z,137.0,Sense
2025-08-04T15:22:54Z,135.0,Sense
2025-08-04T15:22:59Z,131.0,Sense
2025-08-04T15:23:04Z,123.0,Sense
2025-08-04T15:23:14Z,121.0,Sense
2025-08-04T15:23:19Z,116.0,Sense
2025-08-04T15:23:24Z,100.0,Sense
2025-08-04T15:23:29Z,95.0,Sense
2025-08-04T15:23:34Z,94.0,Sense
2025-08-04T15:23:44Z,93.0,Sense
2025-08-04T15:23:49Z,87.0,Sense
2025-08-04T15:23:54Z,88.0,Sense
2025-08-04T15:23:59Z,89.0,Sense
2025-08-04T15:24:04Z,88.0,Sense
2025-08-04T15:24:14Z,89.0,Sense
2025-08-04T15:24:19Z,90.0,Sense
2025-08-04T15:24:29Z,91.0,Sense
2025-08-04T15:24:34Z,94.0,Sense
2025-08-04T15:24:39Z,96.0,Sense
2025-08-04T15:24:44Z,97.0,Sense
2025-08-04T15:24:49Z,118.0,Sense
2025-08-04T15:24:54Z,115.0,Sense
2025-08-04T15:24:59Z,101.0,Sense
2025-08-04T15:25:04Z,100.0,Sense
2025-08-04T15:25:09Z,112.0,Sense
2025-08-04T15:25:14Z,108.0,Sense
2025-08-04T15:25:19Z,101.0,Sense
2025-08-04T15:25:24Z,95.0,Sense
2025-08-04T15:25:29Z,90.0,Sense
2025-08-04T15:25:34Z,92.0,Sense
2025-08-04T15:25:39Z,95.0,Sense
2025-08-04T15:25:44Z,93.0,Sense
2025-08-04T15:25:54Z,109.0,Sense
2025-08-04T15:25:59Z,110.0,Sense
2025-08-04T15:26:14Z,108.0,Sense
2025-08-04T15:26:19Z,106.0,Sense
2025-08-04T15:26:24Z,101.0,Sense
2025-08-04T15:26:29Z,97.0,Sense
2025-08-04T15:26:34Z,95.0,Sense
2025-08-04T15:26:39Z,96.0,Sense
2025-08-04T15:26:44Z,95.0,Sense
2025-08-04T15:26:49Z,94.0,Sense
2025-08-04T15:27:04Z,93.0,Sense
2025-08-04T15:27:09Z,88.0,Sense
2025-08-04T15:27:14Z,85.0,Sense
2025-08-04T15:27:24Z,89.0,Sense
2025-08-04T15:27:29Z,90.0,Sense
2025-08-04T15:27:34Z,91.0,Sense
2025-08-04T15:27:39Z,117.0,Sense
2025-08-04T15:27:44Z,125.0,Sense
2025-08-04T15:27:59Z,126.0,Sense
2025-08-04T15:28:09Z,126.0,Sense
2025-08-04T15:28:14Z,121.0,Sense
2025-08-04T15:28:19Z,115.0,Sense
2025-08-04T15:28:24Z,105.0,Sense
2025-08-04T15:28:29Z,98.0,Sense
2025-08-04T15:28:34Z,95.0,Sense
2025-08-04T15:28:44Z,94.0,Sense
2025-08-04T15:28:49Z,88.0,Sense
2025-08-04T15:28:54Z,87.0,Sense
2025-08-04T15:28:59Z,88.0,Sense
2025-08-04T15:29:04Z,97.0,Sense
2025-08-04T15:29:09Z,100.0,Sense
2025-08-04T15:29:19Z,101.0,Sense
2025-08-04T15:29:24Z,106.0,Sense
2025-08-04T15:29:29Z,111.0,Sense
2025-08-04T15:29:44Z,112.0,Sense
2025-08-04T15:29:49Z,122.0,Sense
2025-08-04T15:29:54Z,154.0,Sense
2025-08-04T15:29:59Z,156.0,Sense
2025-08-04T15:30:04Z,155.0,Sense
2025-08-04T15:30:09Z,156.0,Sense
2025-08-04T15:30:19Z,157.0,Sense
2025-08-04T15:30:24Z,153.0,Sense
2025-08-04T15:30:29Z,150.0,Sense
2025-08-04T15:30:34Z,146.0,Sense
2025-08-04T15:30:39Z,144.0,Sense
2025-08-04T15:30:44Z,146.0,Sense
2025-08-04T15:30:49Z,145.0,Sense
2025-08-04T15:30:54Z,149.0,Sense
2025-08-04T15:31:09Z,148.0,Sense
2025-08-04T15:31:14Z,146.0,Sense
2025-08-04T15:31:19Z,144.0,Sense
2025-08-04T15:31:24Z,138.0,Sense
2025-08-04T15:31:29Z,136.0,Sense
2025-08-04T15:31:34Z,134.0,Sense
2025-08-04T15:31:39Z,130.0,Sense
2025-08-04T15:31:44Z,128.0,Sense
2025-08-04T15:31:49Z,127.0,Sense
2025-08-04T15:31:54Z,124.0,Sense
2025-08-04T15:31:59Z,124.0,Sense
2025-08-04T15:32:04Z,127.0,Sense
2025-08-04T15:32:14Z,131.0,Sense
2025-08-04T15:32:19Z,132.0,Sense
2025-08-04T15:32:24Z,133.0,Sense
2025-08-04T15:32:29Z,128.0,Sense
2025-08-04T15:32:34Z,127.0,Sense
2025-08-04T15:32:49Z,128.0,Sense
2025-08-04T15:32:54Z,134.0,Sense
2025-08-04T15:32:59Z,136.0,Sense
2025-08-04T15:33:04Z,139.0,Sense
2025-08-04T15:33:09Z,142.0,Sense
2025-08-04T15:33:14Z,144.0,Sense
2025-08-04T15:33:19Z,148.0,Sense
2025-08-04T15:33:24Z,139.0,Sense
2025-08-04T15:33:29Z,137.0,Sense
2025-08-04T15:33:39Z,134.0,Sense
2025-08-04T15:33:44Z,131.0,Sense
2025-08-04T15:33:54Z,132.0,Sense
2025-08-04T15:33:59Z,133.0,Sense
2025-08-04T15:34:04Z,132.0,Sense
2025-08-04T15:34:14Z,135.0,Sense
2025-08-04T15:34:24Z,132.0,Sense
2025-08-04T15:34:29Z,126.0,Sense
2025-08-04T15:34:34Z,125.0,Sense
2025-08-04T15:34:44Z,123.0,Sense
2025-08-04T15:34:49Z,119.0,Sense
2025-08-04T15:34:54Z,117.0,Sense
2025-08-04T15:34:59Z,115.0,Sense
2025-08-04T15:35:04Z,114.0,Sense
2025-08-04T15:35:09Z,131.0,Sense
2025-08-04T15:35:19Z,130.0,Sense
2025-08-04T15:35:29Z,127.0,Sense
2025-08-04T15:35:34Z,123.0,Sense
2025-08-04T15:35:39Z,119.0,Sense
2025-08-04T15:35:44Z,116.0,Sense
2025-08-04T15:35:49Z,135.0,Sense
2025-08-04T15:35:54Z,139.0,Sense
2025-08-04T15:36:04Z,160.0,Sense
2025-08-04T15:36:09Z,159.0,Sense
2025-08-04T15:36:14Z,158.0,Sense
2025-08-04T15:36:29Z,158.0,Sense
2025-08-04T15:36:34Z,153.0,Sense
2025-08-04T15:36:39Z,147.0,Sense
2025-08-04T15:36:44Z,141.0,Sense
2025-08-04T15:36:49Z,135.0,Sense
2025-08-04T15:36:54Z,133.0,Sense
2025-08-04T15:36:59Z,121.0,Sense
2025-08-04T15:37:04Z,114.0,Sense
2025-08-04T15:37:09Z,137.0,Sense
2025-08-04T15:37:14Z,139.0,Sense
2025-08-04T15:37:19Z,140.0,Sense
2025-08-04T15:37:29Z,141.0,Sense
2025-08-04T15:37:34Z,139.0,Sense
2025-08-04T15:37:39Z,138.0,Sense
2025-08-04T15:37:44Z,137.0,Sense
2025-08-04T15:37:54Z,134.0,Sense
2025-08-04T15:37:59Z,152.0,Sense
2025-08-04T15:38:04Z,151.0,Sense
2025-08-04T15:38:09Z,149.0,Sense
2025-08-04T15:38:14Z,147.0,Sense
2025-08-04T15:38:19Z,144.0,Sense
2025-08-04T15:38:24Z,141.0,Sense
2025-08-04T15:38:29Z,138.0,Sense
2025-08-04T15:38:34Z,137.0,Sense
2025-08-04T15:38:39Z,131.0,Sense
2025-08-04T15:38:44Z,129.0,Sense
2025-08-04T15:38:49Z,128.0,Sense
2025-08-04T15:38:54Z,127.0,Sense
2025-08-04T15:38:59Z,118.0,Sense
2025-08-04T15:39:04Z,112.0,Sense
2025-08-04T15:39:09Z,113.0,Sense
2025-08-04T15:39:14Z,117.0,Sense
2025-08-04T15:39:19Z,120.0,Sense
2025-08-04T15:39:24Z,121.0,Sense
2025-08-04T15:39:39Z,132.0,Sense
2025-08-04T15:39:44Z,131.0,Sense
2025-08-04T15:39:49Z,130.0,Sense
2025-08-04T15:39:54Z,127.0,Sense
2025-08-04T15:40:04Z,127.0,Sense
2025-08-04T15:40:14Z,132.0,Sense
2025-08-04T15:40:19Z,137.0,Sense
2025-08-04T15:40:24Z,139.0,Sense
2025-08-04T15:40:34Z,142.0,Sense
2025-08-04T15:40:39Z,137.0,Sense
2025-08-04T15:40:49Z,151.0,Sense
2025-08-04T15:40:54Z,153.0,Sense
2025-08-04T15:41:09Z,154.0,Sense
2025-08-04T15:41:14Z,153.0,Sense
2025-08-04T15:41:19Z,153.0,Sense
2025-08-04T15:41:24Z,152.0,Sense
2025-08-04T15:41:29Z,160.0,Sense
2025-08-04T15:41:34Z,161.0,Sense
2025-08-04T15:41:44Z,162.0,Sense
2025-08-04T15:41:49Z,158.0,Sense
2025-08-04T15:41:54Z,162.0,Sense
2025-08-04T15:41:59Z,161.0,Sense
2025-08-04T15:42:04Z,161.0,Sense
2025-08-04T15:42:09Z,159.0,Sense
2025-08-04T15:42:14Z,150.0,Sense
2025-08-04T15:42:19Z,147.0,Sense
2025-08-04T15:42:24Z,142.0,Sense
2025-08-04T15:42:29Z,135.0,Sense
2025-08-04T15:42:34Z,134.0,Sense
2025-08-04T15:42:39Z,135.0,Sense
2025-08-04T15:42:44Z,130.0,Sense
2025-08-04T15:42:49Z,131.0,Sense
2025-08-04T15:42:54Z,134.0,Sense
2025-08-04T15:42:59Z,135.0,Sense
2025-08-04T15:43:04Z,130.0,Sense
2025-08-04T15:43:09Z,128.0,Sense
2025-08-04T15:43:14Z,136.0,Sense
2025-08-04T15:43:19Z,135.0,Sense
2025-08-04T15:43:24Z,124.0,Sense
2025-08-04T15:43:29Z,122.0,Sense
2025-08-04T15:43:34Z,118.0,Sense
2025-08-04T15:43:39Z,114.0,Sense
2025-08-04T15:43:44Z,113.0,Sense
2025-08-04T15:43:49Z,112.0,Sense
2025-08-04T15:43:54Z,116.0,Sense
2025-08-04T15:43:59Z,126.0,Sense
2025-08-04T15:44:04Z,125.0,Sense
2025-08-04T15:44:09Z,124.0,Sense
2025-08-04T15:44:19Z,119.0,Sense
2025-08-04T15:44:24Z,128.0,Sense
2025-08-04T15:44:29Z,131.0,Sense
2025-08-04T15:44:39Z,127.0,Sense
2025-08-04T15:44:44Z,123.0,Sense
2025-08-04T15:44:54Z,122.0,Sense
2025-08-04T15:44:59Z,124.0,Sense
2025-08-04T15:45:04Z,125.0,Sense
2025-08-04T15:45:09Z,123.0,Sense
2025-08-04T15:45:14Z,118.0,Sense
2025-08-04T15:45:19Z,109.0,Sense
2025-08-04T15:45:24Z,101.0,Sense
2025-08-04T15:45:34Z,105.0,Sense
2025-08-04T15:45:39Z,128.0,Sense
2025-08-04T15:45:44Z,139.0,Sense
2025-08-04T15:45:49Z,141.0,Sense
2025-08-04T15:45:54Z,142.0,Sense
2025-08-04T15:45:59Z,140.0,Sense
2025-08-04T15:46:04Z,138.0,Sense
2025-08-04T15:46:09Z,136.0,Sense
2025-08-04T15:46:14Z,133.0,Sense
2025-08-04T15:46:29Z,132.0,Sense
2025-08-04T15:46:34Z,131.0,Sense
2025-08-04T15:46:39Z,132.0,Sense
2025-08-04T15:46:44Z,134.0,Sense
2025-08-04T15:46:49Z,133.0,Sense
2025-08-04T15:46:59Z,140.0,Sense
2025-08-04T15:47:04Z,136.0,Sense
2025-08-04T15:47:09Z,130.0,Sense
2025-08-04T15:47:14Z,124.0,Sense
2025-08-04T15:47:19Z,116.0,Sense
2025-08-04T15:47:24Z,117.0,Sense
2025-08-04T15:47:29Z,116.0,Sense
2025-08-04T15:47:34Z,118.0,Sense
2025-08-04T15:47:39Z,126.0,Sense
2025-08-04T15:47:44Z,145.0,Sense
2025-08-04T15:47:49Z,144.0,Sense
2025-08-04T15:47:59Z,142.0,Sense
2025-08-04T15:48:04Z,138.0,Sense
2025-08-04T15:48:09Z,135.0,Sense
2025-08-04T15:48:14Z,130.0,Sense
2025-08-04T15:48:19Z,131.0,Sense
2025-08-04T15:48:24Z,133.0,Sense
2025-08-04T15:48:29Z,130.0,Sense
2025-08-04T15:48:34Z,125.0,Sense
2025-08-04T15:48:39Z,124.0,Sense
2025-08-04T15:48:44Z,121.0,Sense
2025-08-04T15:48:49Z,116.0,Sense
2025-08-04T15:48:54Z,117.0,Sense
2025-08-04T15:49:04Z,116.0,Sense
2025-08-04T15:49:09Z,115.0,Sense
2025-08-04T15:49:14Z,114.0,Sense
2025-08-04T15:49:19Z,105.0,Sense
2025-08-04T15:49:24Z,104.0,Sense
2025-08-04T15:49:29Z,103.0,Sense
2025-08-04T15:49:39Z,100.0,Sense
2025-08-04T15:49:44Z,114.0,Sense
2025-08-04T15:49:49Z,140.0,Sense
2025-08-04T15:49:54Z,138.0,Sense
2025-08-04T15:49:59Z,136.0,Sense
2025-08-04T15:50:04Z,133.0,Sense
2025-08-04T15:50:09Z,126.0,Sense
2025-08-04T15:50:14Z,120.0,Sense
2025-08-04T15:50:19Z,124.0,Sense
2025-08-04T15:50:24Z,128.0,Sense
2025-08-04T15:50:34Z,132.0,Sense
2025-08-04T15:50:44Z,128.0,Sense
2025-08-04T15:50:49Z,125.0,Sense
2025-08-04T15:50:54Z,127.0,Sense
2025-08-04T15:50:59Z,124.0,Sense
2025-08-04T15:51:04Z,125.0,Sense
2025-08-04T15:51:09Z,129.0,Sense
2025-08-04T15:51:14Z,128.0,Sense
2025-08-04T15:51:19Z,125.0,Sense
2025-08-04T15:51:24Z,120.0,Sense
2025-08-04T15:51:29Z,115.0,Sense
2025-08-04T15:51:39Z,114.0,Sense
2025-08-04T15:51:44Z,115.0,Sense
2025-08-04T15:51:49Z,110.0,Sense
2025-08-04T15:51:54Z,107.0,Sense
2025-08-04T15:52:04Z,106.0,Sense
2025-08-04T15:52:09Z,110.0,Sense
2025-08-04T15:52:19Z,112.0,Sense
2025-08-04T15:52:24Z,116.0,Sense
2025-08-04T15:52:34Z,114.0,Sense
2025-08-04T15:52:44Z,118.0,Sense
2025-08-04T15:52:49Z,119.0,Sense
2025-08-04T15:52:54Z,120.0,Sense
2025-08-04T15:53:04Z,119.0,Sense
2025-08-04T15:53:09Z,117.0,Sense
2025-08-04T15:53:14Z,119.0,Sense
2025-08-04T15:53:19Z,121.0,Sense
2025-08-04T15:53:24Z,120.0,Sense
2025-08-04T15:53:29Z,156.0,Sense
2025-08-04T15:53:34Z,154.0,Sense
2025-08-04T15:53:39Z,150.0,Sense
2025-08-04T15:53:44Z,148.0,Sense
2025-08-04T15:53:49Z,147.0,Sense
2025-08-04T15:53:54Z,142.0,Sense
2025-08-04T15:54:04Z,140.0,Sense
2025-08-04T15:54:09Z,130.0,Sense
2025-08-04T15:54:14Z,128.0,Sense
2025-08-04T15:54:19Z,125.0,Sense
2025-08-04T15:54:24Z,126.0,Sense
2025-08-04T15:54:29Z,128.0,Sense
2025-08-04T15:54:34Z,126.0,Sense
2025-08-04T15:54:39Z,120.0,Sense
2025-08-04T15:54:44Z,114.0,Sense
2025-08-04T15:54:49Z,111.0,Sense
2025-08-04T15:54:54Z,107.0,Sense
2025-08-04T15:54:59Z,108.0,Sense
2025-08-04T15:55:04Z,107.0,Sense
2025-08-04T15:55:09Z,124.0,Sense
2025-08-04T15:55:14Z,125.0,Sense
2025-08-04T15:55:19Z,126.0,Sense
2025-08-04T15:55:24Z,129.0,Sense
2025-08-04T15:55:29Z,128.0,Sense
2025-08-04T15:55:34Z,127.0,Sense
2025-08-04T15:55:39Z,128.0,Sense
2025-08-04T15:55:44Z,155.0,Sense
2025-08-04T15:55:49Z,163.0,Sense
2025-08-04T15:55:54Z,162.0,Sense
2025-08-04T15:55:59Z,163.0,Sense
2025-08-04T15:56:09Z,151.0,Sense
2025-08-04T15:56:14Z,150.0,Sense
2025-08-04T15:56:19Z,149.0,Sense
2025-08-04T15:56:24Z,147.0,Sense
2025-08-04T15:56:29Z,144.0,Sense
2025-08-04T15:56:34Z,141.0,Sense
2025-08-04T15:56:39Z,138.0,Sense
2025-08-04T15:56:44Z,140.0,Sense
2025-08-04T15:56:49Z,141.0,Sense
2025-08-04T15:56:59Z,140.0,Sense
2025-08-04T15:57:04Z,145.0,Sense
2025-08-04T15:57:09Z,146.0,Sense
2025-08-04T15:57:14Z,144.0,Sense
2025-08-04T15:57:19Z,141.0,Sense
2025-08-04T15:57:24Z,137.0,Sense
2025-08-04T15:57:29Z,131.0,Sense
2025-08-04T15:57:34Z,130.0,Sense
2025-08-04T15:57:39Z,139.0,Sense
2025-08-04T15:57:44Z,140.0,Sense
2025-08-04T15:57:49Z,139.0,Sense
2025-08-04T15:57:54Z,140.0,Sense
2025-08-04T15:57:59Z,139.0,Sense
2025-08-04T15:58:04Z,140.0,Sense
2025-08-04T15:58:14Z,139.0,Sense
2025-08-04T15:58:24Z,140.0,Sense
2025-08-04T15:58:29Z,141.0,Sense
2025-08-04T15:58:34Z,136.0,Sense
2025-08-04T15:58:49Z,133.0,Sense
2025-08-04T15:58:54Z,132.0,Sense
2025-08-04T15:58:59Z,127.0,Sense
2025-08-04T15:59:04Z,119.0,Sense
2025-08-04T15:59:19Z,121.0,Sense
2025-08-04T15:59:24Z,128.0,Sense
2025-08-04T15:59:29Z,129.0,Sense
2025-08-04T15:59:34Z,128.0,Sense
2025-08-04T15:59:39Z,126.0,Sense
2025-08-04T15:59:44Z,126.0,Sense
2025-08-04T15:59:49Z,136.0,Sense
2025-08-04T15:59:54Z,144.0,Sense
2025-08-04T15:59:59Z,147.0,Sense
2025-08-04T16:00:04Z,151.0,Sense
2025-08-04T16:00:09Z,148.0,Sense
2025-08-04T16:00:14Z,147.0,Sense
2025-08-04T16:00:19Z,147.0,Sense
2025-08-04T16:00:24Z,143.0,Sense
2025-08-04T16:00:29Z,135.0,Sense
2025-08-04T16:00:34Z,132.0,Sense
2025-08-04T16:00:39Z,131.0,Sense
2025-08-04T16:00:44Z,129.0,Sense
2025-08-04T16:00:49Z,126.0,Sense
2025-08-04T16:00:59Z,124.0,Sense
2025-08-04T16:01:14Z,130.0,Sense
2025-08-04T16:01:19Z,151.0,Sense
2025-08-04T16:01:24Z,144.0,Sense
2025-08-04T16:01:34Z,146.0,Sense
2025-08-04T16:01:39Z,144.0,Sense
2025-08-04T16:01:44Z,143.0,Sense
2025-08-04T16:01:49Z,145.0,Sense
2025-08-04T16:01:54Z,147.0,Sense
2025-08-04T16:01:59Z,138.0,Sense
2025-08-04T16:02:04Z,138.0,Sense
2025-08-04T16:02:09Z,140.0,Sense
2025-08-04T16:02:14Z,138.0,Sense
2025-08-04T16:02:19Z,136.0,Sense
2025-08-04T16:02:24Z,135.0,Sense
2025-08-04T16:02:29Z,133.0,Sense
2025-08-04T16:02:34Z,129.0,Sense
2025-08-04T16:02:39Z,125.0,Sense
2025-08-04T16:02:44Z,121.0,Sense
2025-08-04T16:02:49Z,118.0,Sense
2025-08-04T16:02:54Z,114.0,Sense
2025-08-04T16:02:59Z,112.0,Sense
2025-08-04T16:03:04Z,110.0,Sense
2025-08-04T16:03:09Z,109.0,Sense
2025-08-04T16:03:14Z,108.0,Sense
2025-08-04T16:03:24Z,107.0,Sense
2025-08-04T16:03:29Z,106.0,Sense
2025-08-04T16:03:34Z,105.0,Sense
2025-08-04T16:03:39Z,102.0,Sense
2025-08-04T16:03:44Z,101.0,Sense
2025-08-04T16:03:49Z,102.0,Sense
2025-08-04T16:03:54Z,104.0,Sense
2025-08-04T16:04:09Z,101.0,Sense
2025-08-04T16:04:14Z,97.0,Sense
2025-08-04T16:04:20Z,95.0,Sense
2025-08-04T16:04:25Z,96.0,Sense
2025-08-04T16:04:30Z,97.0,Sense
2025-08-04T16:04:35Z,96.0,Sense
2025-08-04T16:04:40Z,82.0,Sense
2025-08-04T16:04:45Z,80.0,Sense
2025-08-04T16:04:50Z,75.0,Sense
2025-08-04T16:05:00Z,76.0,Sense
2025-08-04T16:05:05Z,77.0,Sense
2025-08-04T16:05:10Z,78.0,Sense
2025-08-04T16:05:15Z,92.0,Sense
2025-08-04T16:05:20Z,93.0,Sense
2025-08-04T16:05:25Z,90.0,Sense
2025-08-04T16:05:30Z,93.0,Sense
2025-08-04T16:05:35Z,103.0,Sense
2025-08-04T16:05:45Z,102.0,Sense
2025-08-04T16:05:50Z,100.0,Sense
2025-08-04T16:05:55Z,99.0,Sense
2025-08-04T16:06:10Z,121.0,Sense
2025-08-04T16:06:15Z,123.0,Sense
2025-08-04T16:06:25Z,124.0,Sense
2025-08-04T16:06:30Z,123.0,Sense
2025-08-04T16:06:35Z,127.0,Sense
2025-08-04T16:06:45Z,126.0,Sense
2025-08-04T16:07:00Z,125.0,Sense
2025-08-04T16:07:05Z,120.0,Sense
2025-08-04T16:07:10Z,118.0,Sense
2025-08-04T16:07:15Z,120.0,Sense
2025-08-04T16:07:20Z,114.0,Sense
2025-08-04T16:07:25Z,107.0,Sense
2025-08-04T16:07:35Z,107.0,Sense
2025-08-04T16:07:45Z,112.0,Sense
2025-08-04T16:07:50Z,120.0,Sense
2025-08-04T16:08:00Z,119.0,Sense
2025-08-04T16:08:05Z,118.0,Sense
2025-08-04T16:08:10Z,120.0,Sense
2025-08-04T16:08:20Z,117.0,Sense
2025-08-04T16:08:25Z,119.0,Sense
2025-08-04T16:08:30Z,118.0,Sense
2025-08-04T16:08:35Z,110.0,Sense
2025-08-04T16:08:40Z,106.0,Sense
2025-08-04T16:08:45Z,106.0,Sense
2025-08-04T16:08:50Z,107.0,Sense
2025-08-04T16:08:55Z,105.0,Sense
2025-08-04T16:09:00Z,98.0,Sense
2025-08-04T16:09:10Z,99.0,Sense
2025-08-04T16:09:20Z,99.0,Sense
2025-08-04T16:09:25Z,100.0,Sense
2025-08-04T16:09:35Z,99.0,Sense
2025-08-04T16:09:40Z,98.0,Sense
2025-08-04T16:09:45Z,115.0,Sense
2025-08-04T16:09:50Z,129.0,Sense
2025-08-04T16:09:55Z,141.0,Sense
2025-08-04T16:10:00Z,157.0,Sense
2025-08-04T16:10:05Z,156.0,Sense
2025-08-04T16:10:10Z,154.0,Sense
2025-08-04T16:10:15Z,152.0,Sense
2025-08-04T16:10:20Z,150.0,Sense
2025-08-04T16:10:25Z,151.0,Sense
2025-08-04T16:10:30Z,155.0,Sense
2025-08-04T16:10:35Z,153.0,Sense
2025-08-04T16:10:40Z,150.0,Sense
2025-08-04T16:10:45Z,141.0,Sense
2025-08-04T16:10:50Z,138.0,Sense
2025-08-04T16:10:55Z,144.0,Sense
2025-08-04T16:11:00Z,148.0,Sense
2025-08-04T16:11:05Z,145.0,Sense
2025-08-04T16:11:10Z,141.0,Sense
2025-08-04T16:11:15Z,137.0,Sense
2025-08-04T16:11:20Z,135.0,Sense
2025-08-04T16:11:25Z,133.0,Sense
2025-08-04T16:11:30Z,131.0,Sense
2025-08-04T16:11:35Z,134.0,Sense
2025-08-04T16:11:40Z,141.0,Sense
2025-08-04T16:11:45Z,142.0,Sense
2025-08-04T16:11:50Z,141.0,Sense
2025-08-04T16:11:55Z,139.0,Sense
2025-08-04T16:12:00Z,138.0,Sense
2025-08-04T16:12:05Z,153.0,Sense
2025-08-04T16:12:10Z,156.0,Sense
2025-08-04T16:12:15Z,155.0,Sense
2025-08-04T16:12:25Z,152.0,Sense
2025-08-04T16:12:30Z,151.0,Sense
2025-08-04T16:12:35Z,153.0,Sense
2025-08-04T16:12:40Z,152.0,Sense
2025-08-04T16:12:55Z,151.0,Sense
2025-08-04T16:13:00Z,149.0,Sense
2025-08-04T16:13:05Z,153.0,Sense
2025-08-04T16:13:10Z,152.0,Sense
2025-08-04T16:13:15Z,151.0,Sense
2025-08-04T16:13:20Z,148.0,Sense
2025-08-04T16:13:25Z,146.0,Sense
2025-08-04T16:13:30Z,148.0,Sense
2025-08-04T16:13:35Z,163.0,Sense
2025-08-04T16:13:40Z,165.0,Sense
2025-08-04T16:13:45Z,163.0,Sense
2025-08-04T16:14:00Z,160.0,Sense
2025-08-04T16:14:05Z,156.0,Sense
2025-08-04T16:14:10Z,156.0,Sense
2025-08-04T16:14:15Z,148.0,Sense
2025-08-04T16:14:20Z,141.0,Sense
2025-08-04T16:14:25Z,142.0,Sense
2025-08-04T16:14:35Z,141.0,Sense
2025-08-04T16:14:40Z,140.0,Sense
2025-08-04T16:14:45Z,141.0,Sense
2025-08-04T16:14:50Z,161.0,Sense
2025-08-04T16:14:55Z,159.0,Sense
2025-08-04T16:15:00Z,157.0,Sense
2025-08-04T16:15:05Z,155.0,Sense
2025-08-04T16:15:10Z,152.0,Sense
2025-08-04T16:15:15Z,150.0,Sense
2025-08-04T16:15:30Z,153.0,Sense
2025-08-04T16:15:35Z,149.0,Sense
2025-08-04T16:15:40Z,146.0,Sense
2025-08-04T16:15:45Z,148.0,Sense
2025-08-04T16:15:50Z,149.0,Sense
2025-08-04T16:15:55Z,150.0,Sense
2025-08-04T16:16:00Z,147.0,Sense
2025-08-04T16:16:05Z,145.0,Sense
2025-08-04T16:16:10Z,155.0,Sense
2025-08-04T16:16:15Z,154.0,Sense
2025-08-04T16:16:20Z,153.0,Sense
2025-08-04T16:16:25Z,152.0,Sense
2025-08-04T16:16:40Z,150.0,Sense
2025-08-04T16:16:50Z,149.0,Sense
2025-08-04T16:16:55Z,145.0,Sense
2025-08-04T16:17:00Z,140.0,Sense
2025-08-04T16:17:05Z,133.0,Sense
2025-08-04T16:17:10Z,138.0,Sense
2025-08-04T16:17:15Z,144.0,Sense
2025-08-04T16:17:26Z,143.0,Sense
2025-08-04T16:17:41Z,144.0,Sense
2025-08-04T16:17:51Z,145.0,Sense
2025-08-04T16:17:56Z,142.0,Sense
2025-08-04T16:18:01Z,140.0,Sense
2025-08-04T16:18:06Z,139.0,Sense
2025-08-04T16:18:11Z,138.0,Sense
2025-08-04T16:18:16Z,130.0,Sense
2025-08-04T16:18:21Z,149.0,Sense
2025-08-04T16:18:26Z,150.0,Sense
2025-08-04T16:18:31Z,149.0,Sense
2025-08-04T16:18:36Z,147.0,Sense
2025-08-04T16:18:46Z,149.0,Sense
2025-08-04T16:18:51Z,149.0,Sense
2025-08-04T16:18:56Z,147.0,Sense
2025-08-04T16:19:01Z,146.0,Sense
2025-08-04T16:19:06Z,144.0,Sense
2025-08-04T16:19:11Z,139.0,Sense
2025-08-04T16:19:16Z,138.0,Sense
2025-08-04T16:19:21Z,134.0,Sense
2025-08-04T16:19:26Z,128.0,Sense
2025-08-04T16:19:36Z,129.0,Sense
2025-08-04T16:19:41Z,135.0,Sense
2025-08-04T16:19:46Z,142.0,Sense
2025-08-04T16:19:51Z,145.0,Sense
2025-08-04T16:19:56Z,145.0,Sense
2025-08-04T16:20:01Z,140.0,Sense
2025-08-04T16:20:06Z,136.0,Sense
2025-08-04T16:20:11Z,135.0,Sense
2025-08-04T16:20:16Z,134.0,Sense
2025-08-04T16:20:26Z,135.0,Sense
2025-08-04T16:20:31Z,136.0,Sense
2025-08-04T16:20:41Z,130.0,Sense
2025-08-04T16:20:46Z,127.0,Sense
2025-08-04T16:20:51Z,128.0,Sense
2025-08-04T16:20:56Z,129.0,Sense
2025-08-04T16:21:01Z,126.0,Sense
2025-08-04T16:21:06Z,127.0,Sense
2025-08-04T16:21:11Z,115.0,Sense
2025-08-04T16:21:16Z,116.0,Sense
2025-08-04T16:21:21Z,118.0,Sense
2025-08-04T16:21:31Z,117.0,Sense
2025-08-04T16:21:36Z,116.0,Sense
2025-08-04T16:21:41Z,117.0,Sense
2025-08-04T16:21:46Z,113.0,Sense
2025-08-04T16:21:51Z,116.0,Sense
2025-08-04T16:21:56Z,125.0,Sense
2025-08-04T16:22:01Z,122.0,Sense
2025-08-04T16:22:06Z,119.0,Sense
2025-08-04T16:22:11Z,117.0,Sense
2025-08-04T16:22:16Z,120.0,Sense
2025-08-04T16:22:21Z,126.0,Sense
2025-08-04T16:22:26Z,125.0,Sense
2025-08-04T16:22:31Z,133.0,Sense
2025-08-04T16:22:36Z,135.0,Sense
2025-08-04T16:22:41Z,134.0,Sense
2025-08-04T16:22:46Z,131.0,Sense
2025-08-04T16:22:51Z,116.0,Sense
2025-08-04T16:22:56Z,114.0,Sense
2025-08-04T16:23:01Z,111.0,Sense
2025-08-04T16:23:06Z,110.0,Sense
2025-08-04T16:23:11Z,108.0,Sense
2025-08-04T16:23:16Z,112.0,Sense
2025-08-04T16:23:21Z,141.0,Sense
2025-08-04T16:23:26Z,142.0,Sense
2025-08-04T16:23:31Z,138.0,Sense
2025-08-04T16:23:36Z,135.0,Sense
2025-08-04T16:23:41Z,136.0,Sense
2025-08-04T16:23:46Z,135.0,Sense
2025-08-04T16:23:51Z,133.0,Sense
2025-08-04T16:23:56Z,132.0,Sense
2025-08-04T16:24:01Z,136.0,Sense
2025-08-04T16:24:11Z,135.0,Sense
2025-08-04T16:24:16Z,136.0,Sense
2025-08-04T16:24:21Z,143.0,Sense
2025-08-04T16:24:26Z,146.0,Sense
2025-08-04T16:24:31Z,145.0,Sense
2025-08-04T16:24:41Z,148.0,Sense
2025-08-04T16:24:46Z,154.0,Sense
2025-08-04T16:24:51Z,153.0,Sense
2025-08-04T16:24:56Z,149.0,Sense
2025-08-04T16:25:01Z,147.0,Sense
2025-08-04T16:25:06Z,157.0,Sense
2025-08-04T16:25:11Z,164.0,Sense
2025-08-04T16:25:16Z,158.0,Sense
2025-08-04T16:25:21Z,148.0,Sense
2025-08-04T16:25:26Z,149.0,Sense
2025-08-04T16:25:32Z,150.0,Sense
2025-08-04T16:25:37Z,154.0,Sense
2025-08-04T16:25:42Z,152.0,Sense
2025-08-04T16:25:47Z,150.0,Sense
2025-08-04T16:25:52Z,148.0,Sense
2025-08-04T16:25:57Z,141.0,Sense
2025-08-04T16:26:02Z,136.0,Sense
2025-08-04T16:26:07Z,133.0,Sense
2025-08-04T16:26:12Z,128.0,Sense
2025-08-04T16:26:17Z,122.0,Sense
2025-08-04T16:26:22Z,117.0,Sense
2025-08-04T16:26:27Z,115.0,Sense
2025-08-04T16:26:37Z,111.0,Sense
2025-08-04T16:26:42Z,103.0,Sense
2025-08-04T16:26:47Z,102.0,Sense
2025-08-04T16:26:52Z,101.0,Sense
2025-08-04T16:26:57Z,92.0,Sense
2025-08-04T16:27:07Z,89.0,Sense
2025-08-04T16:27:22Z,90.0,Sense
2025-08-04T16:27:37Z,92.0,Sense
2025-08-04T16:27:42Z,94.0,Sense
2025-08-04T16:27:47Z,112.0,Sense
2025-08-04T16:27:52Z,111.0,Sense
2025-08-04T16:27:57Z,112.0,Sense
2025-08-04T16:28:02Z,114.0,Sense
2025-08-04T16:28:12Z,110.0,Sense
2025-08-04T16:28:17Z,107.0,Sense
2025-08-04T16:28:27Z,105.0,Sense
2025-08-04T16:28:32Z,104.0,Sense
2025-08-04T16:28:37Z,103.0,Sense
2025-08-04T16:28:47Z,104.0,Sense
2025-08-04T16:28:52Z,106.0,Sense
2025-08-04T16:29:02Z,105.0,Sense
2025-08-04T16:29:07Z,102.0,Sense
2025-08-04T16:29:12Z,115.0,Sense
2025-08-04T16:29:17Z,129.0,Sense
2025-08-04T16:29:32Z,127.0,Sense
2025-08-04T16:29:37Z,126.0,Sense
2025-08-04T16:29:42Z,134.0,Sense
2025-08-04T16:29:47Z,144.0,Sense
2025-08-04T16:29:52Z,149.0,Sense
2025-08-04T16:29:57Z,153.0,Sense
2025-08-04T16:30:02Z,150.0,Sense
2025-08-04T16:30:07Z,149.0,Sense
2025-08-04T16:30:17Z,150.0,Sense
2025-08-04T16:30:22Z,157.0,Sense
2025-08-04T16:30:27Z,160.0,Sense
2025-08-04T16:30:32Z,158.0,Sense
2025-08-04T16:30:37Z,157.0,Sense
2025-08-04T16:30:42Z,160.0,Sense
2025-08-04T16:30:47Z,156.0,Sense
2025-08-04T16:30:52Z,158.0,Sense
2025-08-04T16:30:57Z,161.0,Sense
2025-08-04T16:31:02Z,160.0,Sense
2025-08-04T16:31:07Z,159.0,Sense
2025-08-04T16:31:12Z,158.0,Sense
2025-08-04T16:31:22Z,155.0,Sense
2025-08-04T16:31:27Z,149.0,Sense
2025-08-04T16:31:32Z,144.0,Sense
2025-08-04T16:31:37Z,141.0,Sense
2025-08-04T16:31:42Z,138.0,Sense
2025-08-04T16:31:52Z,123.0,Sense
2025-08-04T16:31:57Z,112.0,Sense
2025-08-04T16:32:02Z,111.0,Sense
2025-08-04T16:32:17Z,110.0,Sense
2025-08-04T16:32:22Z,116.0,Sense
2025-08-04T16:32:27Z,122.0,Sense
2025-08-04T16:32:32Z,120.0,Sense
2025-08-04T16:32:37Z,118.0,Sense
2025-08-04T16:32:42Z,117.0,Sense
2025-08-04T16:32:47Z,116.0,Sense
2025-08-04T16:32:52Z,115.0,Sense
2025-08-04T16:32:57Z,109.0,Sense
2025-08-04T16:33:02Z,104.0,Sense
2025-08-04T16:33:07Z,100.0,Sense
2025-08-04T16:33:12Z,99.0,Sense
2025-08-04T16:33:17Z,98.0,Sense
2025-08-04T16:33:22Z,100.0,Sense
2025-08-04T16:33:27Z,101.0,Sense
2025-08-04T16:33:32Z,100.0,Sense
2025-08-04T16:33:37Z,97.0,Sense
2025-08-04T16:33:42Z,99.0,Sense
2025-08-04T16:33:47Z,102.0,Sense
2025-08-04T16:33:52Z,106.0,Sense
2025-08-04T16:33:57Z,104.0,Sense
2025-08-04T16:34:02Z,101.0,Sense
2025-08-04T16:34:07Z,100.0,Sense
2025-08-04T16:34:12Z,102.0,Sense
2025-08-04T16:34:17Z,99.0,Sense
2025-08-04T16:34:22Z,100.0,Sense
2025-08-04T16:34:27Z,99.0,Sense
2025-08-04T16:34:37Z,100.0,Sense
2025-08-04T16:34:52Z,102.0,Sense
2025-08-04T16:34:57Z,113.0,Sense
2025-08-04T16:35:02Z,125.0,Sense
2025-08-04T16:35:07Z,130.0,Sense
2025-08-04T16:35:12Z,141.0,Sense
2025-08-04T16:35:17Z,139.0,Sense
2025-08-04T16:35:22Z,137.0,Sense
2025-08-04T16:35:27Z,135.0,Sense
2025-08-04T16:35:32Z,131.0,Sense
2025-08-04T16:35:37Z,126.0,Sense
2025-08-04T16:35:42Z,119.0,Sense
2025-08-04T16:35:47Z,114.0,Sense
2025-08-04T16:35:52Z,139.0,Sense
2025-08-04T16:36:02Z,138.0,Sense
2025-08-04T16:36:07Z,136.0,Sense
2025-08-04T16:36:12Z,143.0,Sense
2025-08-04T16:36:22Z,141.0,Sense
2025-08-04T16:36:27Z,136.0,Sense
2025-08-04T16:36:32Z,133.0,Sense
2025-08-04T16:36:37Z,131.0,Sense
2025-08-04T16:36:42Z,129.0,Sense
2025-08-04T16:36:47Z,132.0,Sense
2025-08-04T16:36:52Z,133.0,Sense
2025-08-04T16:36:57Z,134.0,Sense
2025-08-04T16:37:02Z,131.0,Sense
2025-08-04T16:37:07Z,124.0,Sense
2025-08-04T16:37:12Z,125.0,Sense
2025-08-04T16:37:17Z,145.0,Sense
2025-08-04T16:37:22Z,146.0,Sense
2025-08-04T16:37:27Z,147.0,Sense
2025-08-04T16:37:32Z,148.0,Sense
2025-08-04T16:37:37Z,149.0,Sense
2025-08-04T16:37:47Z,148.0,Sense
2025-08-04T16:37:52Z,146.0,Sense
2025-08-04T16:37:57Z,148.0,Sense
2025-08-04T16:38:02Z,149.0,Sense
2025-08-04T16:38:07Z,146.0,Sense
2025-08-04T16:38:12Z,144.0,Sense
2025-08-04T16:38:17Z,132.0,Sense
2025-08-04T16:38:27Z,133.0,Sense
2025-08-04T16:38:32Z,132.0,Sense
2025-08-04T16:38:37Z,133.0,Sense
2025-08-04T16:38:42Z,135.0,Sense
2025-08-04T16:38:47Z,132.0,Sense
2025-08-04T16:38:52Z,125.0,Sense
2025-08-04T16:38:57Z,126.0,Sense
2025-08-04T16:39:02Z,119.0,Sense
2025-08-04T16:39:07Z,118.0,Sense
2025-08-04T16:39:12Z,131.0,Sense
2025-08-04T16:39:17Z,138.0,Sense
2025-08-04T16:39:22Z,139.0,Sense
2025-08-04T16:39:27Z,137.0,Sense
2025-08-04T16:39:32Z,136.0,Sense
2025-08-04T16:39:37Z,157.0,Sense
2025-08-04T16:39:42Z,155.0,Sense
2025-08-04T16:39:47Z,153.0,Sense
2025-08-04T16:39:57Z,145.0,Sense
2025-08-04T16:40:02Z,129.0,Sense
2025-08-04T16:40:07Z,128.0,Sense
2025-08-04T16:40:12Z,127.0,Sense
2025-08-04T16:40:22Z,124.0,Sense
2025-08-04T16:40:27Z,117.0,Sense
2025-08-04T16:40:32Z,128.0,Sense
2025-08-04T16:40:37Z,140.0,Sense
2025-08-04T16:40:42Z,153.0,Sense
2025-08-04T16:40:47Z,151.0,Sense
2025-08-04T16:40:57Z,152.0,Sense
2025-08-04T16:41:02Z,151.0,Sense
2025-08-04T16:41:07Z,149.0,Sense
2025-08-04T16:41:12Z,145.0,Sense
2025-08-04T16:41:17Z,141.0,Sense
2025-08-04T16:41:22Z,138.0,Sense
2025-08-04T16:41:32Z,136.0,Sense
2025-08-04T16:41:37Z,137.0,Sense
2025-08-04T16:41:42Z,134.0,Sense
2025-08-04T16:41:47Z,133.0,Sense
2025-08-04T16:41:52Z,140.0,Sense
2025-08-04T16:41:57Z,142.0,Sense
2025-08-04T16:42:07Z,144.0,Sense
2025-08-04T16:42:17Z,142.0,Sense
2025-08-04T16:42:22Z,140.0,Sense
2025-08-04T16:42:27Z,141.0,Sense
2025-08-04T16:42:32Z,140.0,Sense
2025-08-04T16:42:37Z,133.0,Sense
2025-08-04T16:42:42Z,117.0,Sense
2025-08-04T16:42:47Z,113.0,Sense
2025-08-04T16:42:52Z,111.0,Sense
2025-08-04T16:42:57Z,106.0,Sense
2025-08-04T16:43:07Z,105.0,Sense
2025-08-04T16:43:12Z,103.0,Sense
2025-08-04T16:43:17Z,107.0,Sense
2025-08-04T16:43:22Z,113.0,Sense
2025-08-04T16:43:32Z,112.0,Sense
2025-08-04T16:43:37Z,107.0,Sense
2025-08-04T16:43:42Z,108.0,Sense
2025-08-04T16:43:52Z,109.0,Sense
2025-08-04T16:43:57Z,97.0,Sense
2025-08-04T16:44:02Z,95.0,Sense
2025-08-04T16:44:07Z,95.0,Sense
2025-08-04T16:44:12Z,112.0,Sense
2025-08-04T16:44:17Z,123.0,Sense
2025-08-04T16:44:27Z,122.0,Sense
2025-08-04T16:44:32Z,116.0,Sense
2025-08-04T16:44:37Z,113.0,Sense
2025-08-04T16:44:42Z,111.0,Sense
2025-08-04T16:44:47Z,110.0,Sense
2025-08-04T16:44:52Z,107.0,Sense
2025-08-04T16:44:57Z,108.0,Sense
2025-08-04T16:45:02Z,144.0,Sense
2025-08-04T16:45:07Z,156.0,Sense
2025-08-04T16:45:17Z,155.0,Sense
2025-08-04T16:45:27Z,151.0,Sense
2025-08-04T16:45:32Z,148.0,Sense
2025-08-04T16:45:37Z,147.0,Sense
2025-08-04T16:45:42Z,141.0,Sense
2025-08-04T16:45:47Z,133.0,Sense
2025-08-04T16:45:52Z,133.0,Sense
2025-08-04T16:45:57Z,136.0,Sense
2025-08-04T16:46:02Z,134.0,Sense
2025-08-04T16:46:07Z,133.0,Sense
2025-08-04T16:46:17Z,127.0,Sense
2025-08-04T16:46:22Z,120.0,Sense
2025-08-04T16:46:27Z,118.0,Sense
2025-08-04T16:46:32Z,123.0,Sense
2025-08-04T16:46:37Z,141.0,Sense
2025-08-04T16:46:42Z,149.0,Sense
2025-08-04T16:46:57Z,149.0,Sense
2025-08-04T16:47:02Z,146.0,Sense
2025-08-04T16:47:07Z,142.0,Sense
2025-08-04T16:47:12Z,141.0,Sense
2025-08-04T16:47:17Z,138.0,Sense
2025-08-04T16:47:22Z,141.0,Sense
2025-08-04T16:47:37Z,140.0,Sense
2025-08-04T16:47:42Z,131.0,Sense
2025-08-04T16:47:47Z,122.0,Sense
2025-08-04T16:47:52Z,120.0,Sense
2025-08-04T16:47:57Z,119.0,Sense
2025-08-04T16:48:02Z,117.0,Sense
2025-08-04T16:48:07Z,118.0,Sense
2025-08-04T16:48:12Z,131.0,Sense
2025-08-04T16:48:22Z,127.0,Sense
2025-08-04T16:48:27Z,123.0,Sense
2025-08-04T16:48:32Z,125.0,Sense
2025-08-04T16:48:37Z,122.0,Sense
2025-08-04T16:48:42Z,122.0,Sense
2025-08-04T16:48:47Z,122.0,Sense
2025-08-04T16:48:52Z,121.0,Sense
2025-08-04T16:48:57Z,120.0,Sense
2025-08-04T16:49:02Z,112.0,Sense
2025-08-04T16:49:07Z,105.0,Sense
2025-08-04T16:49:12Z,106.0,Sense
2025-08-04T16:49:17Z,96.0,Sense
2025-08-04T16:49:27Z,97.0,Sense
2025-08-04T16:49:32Z,96.0,Sense
2025-08-04T16:49:37Z,103.0,Sense
2025-08-04T16:49:42Z,117.0,Sense
2025-08-04T16:49:47Z,118.0,Sense
2025-08-04T16:49:57Z,116.0,Sense
2025-08-04T16:50:02Z,117.0,Sense
2025-08-04T16:50:07Z,116.0,Sense
2025-08-04T16:50:12Z,113.0,Sense
2025-08-04T16:50:22Z,116.0,Sense
2025-08-04T16:50:27Z,116.0,Sense
2025-08-04T16:50:32Z,115.0,Sense
2025-08-04T16:50:37Z,109.0,Sense
2025-08-04T16:50:42Z,106.0,Sense
2025-08-04T16:50:47Z,103.0,Sense
2025-08-04T16:50:52Z,103.0,Sense
2025-08-04T16:50:57Z,102.0,Sense
2025-08-04T16:51:02Z,100.0,Sense
2025-08-04T16:51:12Z,101.0,Sense
2025-08-04T16:51:17Z,100.0,Sense
2025-08-04T16:51:22Z,116.0,Sense
2025-08-04T16:51:27Z,133.0,Sense
2025-08-04T16:51:37Z,134.0,Sense
2025-08-04T16:51:42Z,133.0,Sense
2025-08-04T16:51:47Z,124.0,Sense
2025-08-04T16:51:52Z,123.0,Sense
2025-08-04T16:52:02Z,121.0,Sense
2025-08-04T16:52:07Z,122.0,Sense
2025-08-04T16:52:12Z,121.0,Sense
2025-08-04T16:52:17Z,122.0,Sense
2025-08-04T16:52:22Z,137.0,Sense
2025-08-04T16:52:27Z,141.0,Sense
2025-08-04T16:52:32Z,139.0,Sense
2025-08-04T16:52:37Z,138.0,Sense
2025-08-04T16:52:42Z,136.0,Sense
2025-08-04T16:52:47Z,135.0,Sense
2025-08-04T16:52:52Z,142.0,Sense
2025-08-04T16:52:57Z,140.0,Sense
2025-08-04T16:53:02Z,135.0,Sense
2025-08-04T16:53:07Z,133.0,Sense
2025-08-04T16:53:12Z,134.0,Sense
2025-08-04T16:53:17Z,133.0,Sense
2025-08-04T16:53:22Z,132.0,Sense
2025-08-04T16:53:27Z,126.0,Sense
2025-08-04T16:53:32Z,122.0,Sense
2025-08-04T16:53:42Z,121.0,Sense
2025-08-04T16:53:47Z,123.0,Sense
2025-08-04T16:53:52Z,124.0,Sense
2025-08-04T16:53:57Z,118.0,Sense
2025-08-04T16:54:02Z,118.0,Sense
2025-08-04T16:54:07Z,120.0,Sense
2025-08-04T16:54:12Z,128.0,Sense
2025-08-04T16:54:17Z,135.0,Sense
2025-08-04T16:54:22Z,136.0,Sense
2025-08-04T16:54:27Z,134.0,Sense
2025-08-04T16:54:32Z,133.0,Sense
2025-08-04T16:54:37Z,134.0,Sense
2025-08-04T16:54:42Z,128.0,Sense
2025-08-04T16:54:47Z,139.0,Sense
2025-08-04T16:54:52Z,151.0,Sense
2025-08-04T16:55:02Z,145.0,Sense
2025-08-04T16:55:07Z,144.0,Sense
2025-08-04T16:55:17Z,143.0,Sense
2025-08-04T16:55:22Z,140.0,Sense
2025-08-04T16:55:27Z,139.0,Sense
2025-08-04T16:55:32Z,135.0,Sense
2025-08-04T16:55:37Z,133.0,Sense
2025-08-04T16:55:42Z,127.0,Sense
2025-08-04T16:55:47Z,124.0,Sense
2025-08-04T16:55:52Z,125.0,Sense
2025-08-04T16:55:57Z,124.0,Sense
2025-08-04T16:56:02Z,123.0,Sense
2025-08-04T16:56:07Z,134.0,Sense
2025-08-04T16:56:12Z,142.0,Sense
2025-08-04T16:56:17Z,141.0,Sense
2025-08-04T16:56:22Z,142.0,Sense
2025-08-04T16:56:27Z,140.0,Sense
2025-08-04T16:56:32Z,139.0,Sense
2025-08-04T16:56:37Z,143.0,Sense
2025-08-04T16:56:42Z,144.0,Sense
2025-08-04T16:56:52Z,142.0,Sense
2025-08-04T16:56:57Z,141.0,Sense
2025-08-04T16:57:02Z,142.0,Sense
2025-08-04T16:57:07Z,136.0,Sense
2025-08-04T16:57:12Z,135.0,Sense
2025-08-04T16:57:17Z,133.0,Sense
2025-08-04T16:57:22Z,131.0,Sense
2025-08-04T16:57:32Z,124.0,Sense
2025-08-04T16:57:37Z,125.0,Sense
2025-08-04T16:57:42Z,124.0,Sense
2025-08-04T16:57:57Z,126.0,Sense
2025-08-04T16:58:02Z,129.0,Sense
2025-08-04T16:58:07Z,128.0,Sense
2025-08-04T16:58:12Z,131.0,Sense
2025-08-04T16:58:17Z,132.0,Sense
2025-08-04T16:58:22Z,130.0,Sense
2025-08-04T16:58:32Z,132.0,Sense
2025-08-04T16:58:42Z,133.0,Sense
2025-08-04T16:58:47Z,134.0,Sense
2025-08-04T16:58:52Z,136.0,Sense
2025-08-04T16:58:57Z,137.0,Sense
2025-08-04T16:59:02Z,141.0,Sense
2025-08-04T16:59:12Z,139.0,Sense
2025-08-04T16:59:17Z,140.0,Sense
2025-08-04T16:59:22Z,138.0,Sense
2025-08-04T16:59:27Z,136.0,Sense
2025-08-04T16:59:32Z,130.0,Sense
2025-08-04T16:59:37Z,129.0,Sense
2025-08-04T16:59:42Z,132.0,Sense
2025-08-04T16:59:47Z,130.0,Sense
2025-08-04T16:59:52Z,128.0,Sense
2025-08-04T16:59:57Z,130.0,Sense
2025-08-04T17:00:02Z,132.0,Sense
2025-08-04T17:00:07Z,131.0,Sense
2025-08-04T17:00:12Z,129.0,Sense
2025-08-04T17:00:17Z,128.0,Sense
2025-08-04T17:00:22Z,130.0,Sense
2025-08-04T17:00:27Z,140.0,Sense
2025-08-04T17:00:32Z,137.0,Sense
2025-08-04T17:00:47Z,138.0,Sense
2025-08-04T17:00:52Z,136.0,Sense
2025-08-04T17:00:57Z,135.0,Sense
2025-08-04T17:01:02Z,131.0,Sense
2025-08-04T17:01:07Z,127.0,Sense
2025-08-04T17:01:12Z,126.0,Sense
2025-08-04T17:01:22Z,125.0,Sense
2025-08-04T17:01:27Z,124.0,Sense
2025-08-04T17:01:37Z,126.0,Sense
2025-08-04T17:01:42Z,125.0,Sense
2025-08-04T17:01:47Z,122.0,Sense
2025-08-04T17:01:52Z,117.0,Sense
2025-08-04T17:01:57Z,121.0,Sense
2025-08-04T17:02:02Z,122.0,Sense
2025-08-04T17:02:07Z,119.0,Sense
2025-08-04T17:02:17Z,130.0,Sense
2025-08-04T17:02:22Z,140.0,Sense
2025-08-04T17:02:27Z,139.0,Sense
2025-08-04T17:02:32Z,137.0,Sense
2025-08-04T17:02:37Z,135.0,Sense
2025-08-04T17:02:42Z,133.0,Sense
2025-08-04T17:02:47Z,130.0,Sense
2025-08-04T17:03:02Z,134.0,Sense
2025-08-04T17:03:07Z,135.0,Sense
2025-08-04T17:03:12Z,136.0,Sense
2025-08-04T17:03:17Z,139.0,Sense
2025-08-04T17:03:22Z,141.0,Sense
2025-08-04T17:03:27Z,140.0,Sense
2025-08-04T17:03:32Z,137.0,Sense
2025-08-04T17:03:37Z,135.0,Sense
2025-08-04T17:03:42Z,136.0,Sense
2025-08-04T17:03:47Z,133.0,Sense
2025-08-04T17:03:52Z,133.0,Sense
2025-08-04T17:04:02Z,134.0,Sense
2025-08-04T17:04:07Z,123.0,Sense
2025-08-04T17:04:12Z,120.0,Sense
2025-08-04T17:04:22Z,122.0,Sense
2025-08-04T17:04:27Z,136.0,Sense
2025-08-04T17:04:32Z,155.0,Sense
2025-08-04T17:04:37Z,157.0,Sense
2025-08-04T17:04:42Z,158.0,Sense
2025-08-04T17:04:47Z,157.0,Sense
2025-08-04T17:04:52Z,157.0,Sense
2025-08-04T17:04:57Z,153.0,Sense
2025-08-04T17:05:02Z,151.0,Sense
2025-08-04T17:05:07Z,148.0,Sense
2025-08-04T17:05:12Z,144.0,Sense
2025-08-04T17:05:17Z,142.0,Sense
2025-08-04T17:05:22Z,138.0,Sense
2025-08-04T17:05:27Z,137.0,Sense
2025-08-04T17:05:32Z,135.0,Sense
2025-08-04T17:05:42Z,133.0,Sense
2025-08-04T17:05:47Z,126.0,Sense
2025-08-04T17:05:52Z,121.0,Sense
2025-08-04T17:05:57Z,122.0,Sense
2025-08-04T17:06:02Z,123.0,Sense
2025-08-04T17:06:07Z,128.0,Sense
2025-08-04T17:06:12Z,144.0,Sense
2025-08-04T17:06:17Z,143.0,Sense
2025-08-04T17:06:22Z,139.0,Sense
2025-08-04T17:06:27Z,145.0,Sense
2025-08-04T17:06:32Z,151.0,Sense
2025-08-04T17:06:37Z,149.0,Sense
2025-08-04T17:06:42Z,148.0,Sense
2025-08-04T17:06:47Z,150.0,Sense
2025-08-04T17:06:52Z,153.0,Sense
2025-08-04T17:06:57Z,149.0,Sense
2025-08-04T17:07:02Z,144.0,Sense
2025-08-04T17:07:07Z,143.0,Sense
2025-08-04T17:07:12Z,145.0,Sense
2025-08-04T17:07:17Z,156.0,Sense
2025-08-04T17:07:22Z,157.0,Sense
2025-08-04T17:07:27Z,156.0,Sense
2025-08-04T17:07:32Z,155.0,Sense
2025-08-04T17:07:37Z,156.0,Sense
2025-08-04T17:07:42Z,155.0,Sense
2025-08-04T17:07:47Z,154.0,Sense
2025-08-04T17:07:52Z,155.0,Sense
2025-08-04T17:07:57Z,160.0,Sense
2025-08-04T17:08:02Z,157.0,Sense
2025-08-04T17:08:07Z,153.0,Sense
2025-08-04T17:08:12Z,156.0,Sense
2025-08-04T17:08:17Z,160.0,Sense
2025-08-04T17:08:22Z,156.0,Sense
2025-08-04T17:08:27Z,153.0,Sense
2025-08-04T17:08:32Z,152.0,Sense
2025-08-04T17:08:37Z,147.0,Sense
2025-08-04T17:08:42Z,149.0,Sense
2025-08-04T17:08:47Z,153.0,Sense
2025-08-04T17:08:52Z,149.0,Sense
2025-08-04T17:08:57Z,151.0,Sense
2025-08-04T17:09:02Z,147.0,Sense
2025-08-04T17:09:07Z,143.0,Sense
2025-08-04T17:09:22Z,149.0,Sense
2025-08-04T17:09:27Z,162.0,Sense
2025-08-04T17:09:42Z,160.0,Sense
2025-08-04T17:09:47Z,159.0,Sense
2025-08-04T17:09:52Z,153.0,Sense
2025-08-04T17:09:57Z,151.0,Sense
2025-08-04T17:10:02Z,154.0,Sense
2025-08-04T17:10:07Z,156.0,Sense
2025-08-04T17:10:12Z,153.0,Sense
2025-08-04T17:10:27Z,151.0,Sense
2025-08-04T17:10:32Z,148.0,Sense
2025-08-04T17:10:37Z,152.0,Sense
2025-08-04T17:10:42Z,153.0,Sense
2025-08-04T17:10:47Z,151.0,Sense
2025-08-04T17:10:52Z,143.0,Sense
2025-08-04T17:10:57Z,135.0,Sense
2025-08-04T17:11:02Z,136.0,Sense
2025-08-04T17:11:17Z,135.0,Sense
2025-08-04T17:11:22Z,132.0,Sense
2025-08-04T17:11:27Z,132.0,Sense
2025-08-04T17:11:32Z,128.0,Sense
2025-08-04T17:11:37Z,131.0,Sense
2025-08-04T17:11:42Z,136.0,Sense
2025-08-04T17:11:47Z,134.0,Sense
2025-08-04T17:11:52Z,133.0,Sense
2025-08-04T21:09:20Z,121.0,Sense
2025-08-04T21:09:25Z,86.0,Sense
2025-08-04T21:09:35Z,84.0,Sense
2025-08-04T21:09:40Z,85.0,Sense
2025-08-04T21:09:45Z,83.0,Sense
2025-08-04T21:09:50Z,82.0,Sense
2025-08-04T21:09:55Z,83.0,Sense
2025-08-04T21:10:00Z,87.0,Sense
2025-08-04T21:10:05Z,85.0,Sense
2025-08-04T21:10:10Z,82.0,Sense
2025-08-04T21:10:15Z,80.0,Sense
2025-08-04T21:10:20Z,79.0,Sense
2025-08-04T21:10:25Z,81.0,Sense
