timestamp,beats per minute,data source
2025-08-10T03:30:57Z,80.0,Sense
2025-08-10T03:31:07Z,82.0,Sense
2025-08-10T03:31:12Z,79.0,Sense
2025-08-10T03:31:17Z,82.0,Sense
2025-08-10T03:31:22Z,83.0,Sense
2025-08-10T03:31:27Z,87.0,Sense
2025-08-10T03:31:32Z,86.0,Sense
2025-08-10T03:31:37Z,80.0,Sense
2025-08-10T03:31:42Z,76.0,Sense
2025-08-10T03:31:47Z,80.0,Sense
2025-08-10T03:31:52Z,83.0,Sense
2025-08-10T03:31:57Z,79.0,Sense
2025-08-10T03:32:02Z,73.0,Sense
2025-08-10T03:32:07Z,74.0,Sense
2025-08-10T03:32:12Z,70.0,Sense
2025-08-10T03:32:17Z,73.0,Sense
2025-08-10T03:32:22Z,72.0,Sense
2025-08-10T03:32:27Z,73.0,Sense
2025-08-10T03:32:32Z,74.0,Sense
2025-08-10T03:32:42Z,72.0,Sense
2025-08-10T03:32:47Z,74.0,Sense
2025-08-10T03:32:52Z,75.0,Sense
2025-08-10T03:33:02Z,76.0,Sense
2025-08-10T03:33:12Z,78.0,Sense
2025-08-10T03:33:17Z,82.0,Sense
2025-08-10T03:33:22Z,78.0,Sense
2025-08-10T10:55:36Z,86.0,Sense
2025-08-10T10:55:41Z,91.0,Sense
2025-08-10T10:55:51Z,90.0,Sense
2025-08-10T10:55:56Z,93.0,Sense
2025-08-10T10:56:01Z,90.0,Sense
2025-08-10T10:56:06Z,91.0,Sense
2025-08-10T10:56:11Z,87.0,Sense
2025-08-10T10:56:16Z,84.0,Sense
2025-08-10T10:56:21Z,81.0,Sense
2025-08-10T10:56:26Z,82.0,Sense
2025-08-10T10:56:36Z,83.0,Sense
2025-08-10T10:56:41Z,85.0,Sense
2025-08-10T10:56:46Z,84.0,Sense
2025-08-10T14:12:18Z,87.0,Sense
2025-08-10T14:12:23Z,88.0,Sense
2025-08-10T14:12:28Z,89.0,Sense
2025-08-10T14:12:33Z,88.0,Sense
2025-08-10T14:12:38Z,85.0,Sense
2025-08-10T14:12:43Z,83.0,Sense
2025-08-10T14:12:48Z,79.0,Sense
2025-08-10T14:12:53Z,83.0,Sense
2025-08-10T14:12:58Z,87.0,Sense
2025-08-10T14:13:03Z,83.0,Sense
2025-08-10T14:13:08Z,82.0,Sense
2025-08-10T14:13:18Z,81.0,Sense
2025-08-10T14:13:23Z,83.0,Sense
2025-08-10T14:13:28Z,86.0,Sense
2025-08-10T14:13:33Z,84.0,Sense
2025-08-10T14:13:38Z,86.0,Sense
2025-08-10T14:13:43Z,79.0,Sense
2025-08-10T14:13:48Z,95.0,Sense
2025-08-10T14:13:53Z,102.0,Sense
2025-08-10T14:13:58Z,105.0,Sense
2025-08-10T14:14:03Z,104.0,Sense
2025-08-10T14:14:08Z,103.0,Sense
2025-08-10T14:14:13Z,100.0,Sense
2025-08-10T14:14:18Z,98.0,Sense
2025-08-10T14:14:23Z,99.0,Sense
2025-08-10T14:14:28Z,100.0,Sense
2025-08-10T14:14:33Z,101.0,Sense
2025-08-10T14:14:38Z,104.0,Sense
2025-08-10T14:14:43Z,101.0,Sense
2025-08-10T14:14:48Z,105.0,Sense
2025-08-10T14:14:53Z,107.0,Sense
2025-08-10T14:14:58Z,108.0,Sense
2025-08-10T14:15:03Z,104.0,Sense
2025-08-10T14:15:08Z,105.0,Sense
2025-08-10T14:15:13Z,107.0,Sense
2025-08-10T14:15:18Z,101.0,Sense
2025-08-10T14:15:28Z,97.0,Sense
2025-08-10T14:15:33Z,105.0,Sense
2025-08-10T14:15:38Z,107.0,Sense
2025-08-10T14:15:43Z,109.0,Sense
2025-08-10T14:15:53Z,107.0,Sense
2025-08-10T14:15:58Z,108.0,Sense
2025-08-10T14:16:03Z,106.0,Sense
2025-08-10T14:16:08Z,104.0,Sense
2025-08-10T14:16:13Z,101.0,Sense
2025-08-10T14:16:18Z,97.0,Sense
2025-08-10T14:16:23Z,95.0,Sense
2025-08-10T14:16:28Z,100.0,Sense
2025-08-10T14:16:33Z,102.0,Sense
2025-08-10T14:16:38Z,104.0,Sense
2025-08-10T14:16:43Z,100.0,Sense
2025-08-10T14:16:48Z,100.0,Sense
2025-08-10T14:16:58Z,98.0,Sense
2025-08-10T14:17:08Z,100.0,Sense
2025-08-10T14:17:13Z,97.0,Sense
2025-08-10T14:17:18Z,94.0,Sense
2025-08-10T14:17:23Z,92.0,Sense
2025-08-10T14:17:28Z,90.0,Sense
2025-08-10T14:17:38Z,85.0,Sense
2025-08-10T14:17:43Z,87.0,Sense
2025-08-10T14:17:48Z,94.0,Sense
2025-08-10T14:17:53Z,90.0,Sense
2025-08-10T14:17:58Z,92.0,Sense
2025-08-10T14:18:03Z,90.0,Sense
2025-08-10T14:18:08Z,91.0,Sense
2025-08-10T14:18:13Z,93.0,Sense
2025-08-10T14:18:18Z,92.0,Sense
2025-08-10T14:18:23Z,90.0,Sense
2025-08-10T14:18:28Z,85.0,Sense
2025-08-10T14:18:38Z,86.0,Sense
2025-08-10T14:18:43Z,91.0,Sense
2025-08-10T14:18:48Z,90.0,Sense
2025-08-10T14:18:53Z,94.0,Sense
2025-08-10T14:18:58Z,98.0,Sense
2025-08-10T14:19:03Z,96.0,Sense
2025-08-10T14:19:08Z,95.0,Sense
2025-08-10T14:19:13Z,94.0,Sense
2025-08-10T14:29:50Z,92.0,Sense
2025-08-10T14:29:55Z,99.0,Sense
2025-08-10T14:30:00Z,100.0,Sense
2025-08-10T14:30:05Z,104.0,Sense
2025-08-10T14:30:15Z,108.0,Sense
2025-08-10T14:30:20Z,105.0,Sense
2025-08-10T14:30:25Z,102.0,Sense
2025-08-10T14:30:30Z,103.0,Sense
2025-08-10T14:30:35Z,101.0,Sense
2025-08-10T14:30:40Z,100.0,Sense
2025-08-10T14:30:45Z,99.0,Sense
2025-08-10T14:30:50Z,98.0,Sense
2025-08-10T14:30:55Z,94.0,Sense
2025-08-10T14:31:00Z,96.0,Sense
2025-08-10T14:31:05Z,93.0,Sense
2025-08-10T14:31:10Z,97.0,Sense
2025-08-10T14:31:15Z,100.0,Sense
2025-08-10T14:31:25Z,97.0,Sense
2025-08-10T14:31:35Z,94.0,Sense
2025-08-10T14:31:40Z,93.0,Sense
2025-08-10T14:31:45Z,90.0,Sense
2025-08-10T14:31:50Z,92.0,Sense
2025-08-10T14:31:55Z,100.0,Sense
2025-08-10T14:32:00Z,106.0,Sense
2025-08-10T14:32:05Z,99.0,Sense
2025-08-10T14:32:10Z,97.0,Sense
2025-08-10T14:32:15Z,103.0,Sense
2025-08-10T14:32:25Z,96.0,Sense
2025-08-10T14:32:30Z,101.0,Sense
2025-08-10T14:32:35Z,104.0,Sense
2025-08-10T14:32:40Z,107.0,Sense
2025-08-10T14:32:45Z,105.0,Sense
2025-08-10T14:32:50Z,112.0,Sense
2025-08-10T14:32:55Z,104.0,Sense
2025-08-10T14:33:00Z,103.0,Sense
2025-08-10T14:33:05Z,107.0,Sense
2025-08-10T14:33:10Z,97.0,Sense
2025-08-10T14:33:20Z,94.0,Sense
2025-08-10T14:33:25Z,99.0,Sense
2025-08-10T14:33:30Z,86.0,Sense
2025-08-10T14:33:35Z,87.0,Sense
2025-08-10T14:33:40Z,83.0,Sense
2025-08-10T14:33:50Z,87.0,Sense
2025-08-10T14:33:55Z,90.0,Sense
2025-08-10T14:34:00Z,101.0,Sense
2025-08-10T14:34:05Z,92.0,Sense
2025-08-10T14:34:10Z,104.0,Sense
2025-08-10T14:34:15Z,103.0,Sense
2025-08-10T14:34:20Z,95.0,Sense
2025-08-10T14:34:25Z,102.0,Sense
2025-08-10T14:34:30Z,105.0,Sense
2025-08-10T14:34:35Z,109.0,Sense
2025-08-10T14:34:45Z,113.0,Sense
2025-08-10T14:34:55Z,102.0,Sense
2025-08-10T14:35:00Z,99.0,Sense
2025-08-10T14:35:10Z,85.0,Sense
2025-08-10T14:35:15Z,97.0,Sense
2025-08-10T14:35:20Z,101.0,Sense
2025-08-10T14:35:25Z,103.0,Sense
2025-08-10T14:35:35Z,104.0,Sense
2025-08-10T14:35:40Z,101.0,Sense
2025-08-10T14:35:45Z,94.0,Sense
2025-08-10T14:35:50Z,98.0,Sense
2025-08-10T14:35:55Z,100.0,Sense
2025-08-10T14:36:00Z,103.0,Sense
2025-08-10T14:36:05Z,104.0,Sense
2025-08-10T14:36:10Z,105.0,Sense
2025-08-10T14:36:15Z,104.0,Sense
2025-08-10T14:36:25Z,103.0,Sense
2025-08-10T14:36:30Z,104.0,Sense
2025-08-10T14:36:35Z,103.0,Sense
2025-08-10T14:36:45Z,100.0,Sense
2025-08-10T14:36:50Z,102.0,Sense
2025-08-10T14:36:55Z,103.0,Sense
2025-08-10T14:37:01Z,106.0,Sense
2025-08-10T14:37:06Z,104.0,Sense
2025-08-10T14:37:11Z,105.0,Sense
2025-08-10T14:37:16Z,104.0,Sense
2025-08-10T14:37:31Z,106.0,Sense
2025-08-10T14:37:46Z,107.0,Sense
2025-08-10T14:37:51Z,106.0,Sense
2025-08-10T14:37:56Z,105.0,Sense
2025-08-10T14:38:01Z,106.0,Sense
2025-08-10T14:38:06Z,103.0,Sense
2025-08-10T14:38:11Z,101.0,Sense
2025-08-10T14:38:16Z,99.0,Sense
2025-08-10T14:38:21Z,96.0,Sense
2025-08-10T14:38:26Z,98.0,Sense
2025-08-10T14:38:31Z,99.0,Sense
2025-08-10T14:38:41Z,98.0,Sense
2025-08-10T14:38:51Z,102.0,Sense
2025-08-10T14:38:56Z,91.0,Sense
2025-08-10T14:39:01Z,90.0,Sense
2025-08-10T14:39:06Z,89.0,Sense
2025-08-10T14:39:11Z,88.0,Sense
2025-08-10T14:39:16Z,87.0,Sense
2025-08-10T14:39:21Z,86.0,Sense
2025-08-10T14:39:36Z,86.0,Sense
2025-08-10T14:39:46Z,90.0,Sense
2025-08-10T14:39:51Z,92.0,Sense
2025-08-10T14:39:56Z,97.0,Sense
2025-08-10T14:40:06Z,96.0,Sense
2025-08-10T14:40:11Z,95.0,Sense
2025-08-10T14:40:16Z,97.0,Sense
2025-08-10T14:40:21Z,103.0,Sense
2025-08-10T14:40:26Z,110.0,Sense
2025-08-10T14:40:31Z,101.0,Sense
2025-08-10T14:40:36Z,98.0,Sense
2025-08-10T14:40:41Z,96.0,Sense
2025-08-10T14:40:46Z,95.0,Sense
2025-08-10T14:40:56Z,87.0,Sense
2025-08-10T14:41:01Z,86.0,Sense
2025-08-10T14:41:06Z,88.0,Sense
2025-08-10T14:41:11Z,86.0,Sense
2025-08-10T14:41:16Z,84.0,Sense
2025-08-10T14:41:21Z,85.0,Sense
2025-08-10T14:41:26Z,87.0,Sense
2025-08-10T14:41:31Z,84.0,Sense
2025-08-10T14:41:36Z,88.0,Sense
2025-08-10T14:41:41Z,90.0,Sense
2025-08-10T14:41:46Z,95.0,Sense
2025-08-10T14:41:51Z,98.0,Sense
2025-08-10T14:41:56Z,102.0,Sense
2025-08-10T14:42:01Z,103.0,Sense
2025-08-10T14:42:06Z,102.0,Sense
2025-08-10T14:42:11Z,104.0,Sense
2025-08-10T14:42:16Z,101.0,Sense
2025-08-10T14:42:21Z,98.0,Sense
2025-08-10T14:42:26Z,97.0,Sense
2025-08-10T14:42:31Z,91.0,Sense
2025-08-10T14:42:41Z,86.0,Sense
2025-08-10T14:42:46Z,85.0,Sense
2025-08-10T14:42:51Z,88.0,Sense
2025-08-10T14:42:56Z,92.0,Sense
2025-08-10T14:43:01Z,90.0,Sense
2025-08-10T14:43:06Z,91.0,Sense
2025-08-10T14:43:11Z,93.0,Sense
2025-08-10T14:43:21Z,96.0,Sense
2025-08-10T14:43:26Z,99.0,Sense
2025-08-10T14:43:31Z,96.0,Sense
2025-08-10T14:43:36Z,94.0,Sense
2025-08-10T14:43:41Z,88.0,Sense
2025-08-10T14:43:46Z,86.0,Sense
2025-08-10T14:43:51Z,87.0,Sense
2025-08-10T14:44:01Z,91.0,Sense
2025-08-10T14:44:16Z,91.0,Sense
2025-08-10T14:44:21Z,90.0,Sense
2025-08-10T14:44:26Z,91.0,Sense
2025-08-10T14:44:31Z,89.0,Sense
2025-08-10T14:44:36Z,93.0,Sense
2025-08-10T14:44:41Z,92.0,Sense
2025-08-10T14:44:46Z,91.0,Sense
2025-08-10T14:44:51Z,90.0,Sense
2025-08-10T14:44:56Z,91.0,Sense
2025-08-10T14:45:06Z,89.0,Sense
2025-08-10T14:45:11Z,87.0,Sense
2025-08-10T14:45:16Z,85.0,Sense
2025-08-10T14:45:21Z,83.0,Sense
2025-08-10T14:45:26Z,82.0,Sense
2025-08-10T14:45:31Z,83.0,Sense
2025-08-10T14:45:36Z,85.0,Sense
2025-08-10T14:45:41Z,83.0,Sense
2025-08-10T14:45:46Z,82.0,Sense
2025-08-10T14:45:51Z,86.0,Sense
2025-08-10T14:45:56Z,85.0,Sense
2025-08-10T14:46:11Z,85.0,Sense
2025-08-10T14:46:16Z,84.0,Sense
2025-08-10T14:46:21Z,83.0,Sense
2025-08-10T14:46:26Z,84.0,Sense
2025-08-10T14:46:31Z,87.0,Sense
2025-08-10T14:46:36Z,83.0,Sense
2025-08-10T14:46:41Z,77.0,Sense
2025-08-10T14:46:46Z,74.0,Sense
2025-08-10T14:46:51Z,76.0,Sense
2025-08-10T14:46:56Z,78.0,Sense
2025-08-10T14:47:01Z,76.0,Sense
2025-08-10T14:47:06Z,77.0,Sense
2025-08-10T14:47:16Z,78.0,Sense
2025-08-10T14:47:21Z,79.0,Sense
2025-08-10T14:47:26Z,77.0,Sense
2025-08-10T14:47:31Z,77.0,Sense
2025-08-10T14:47:36Z,78.0,Sense
2025-08-10T14:47:46Z,74.0,Sense
2025-08-10T14:47:51Z,73.0,Sense
2025-08-10T14:47:56Z,77.0,Sense
2025-08-10T14:48:01Z,79.0,Sense
2025-08-10T14:48:06Z,79.0,Sense
2025-08-10T14:48:11Z,79.0,Sense
2025-08-10T14:48:16Z,80.0,Sense
2025-08-10T14:48:21Z,81.0,Sense
2025-08-10T14:48:26Z,81.0,Sense
2025-08-10T14:48:41Z,73.0,Sense
2025-08-10T14:48:46Z,71.0,Sense
2025-08-10T14:48:51Z,72.0,Sense
2025-08-10T14:49:01Z,80.0,Sense
2025-08-10T14:49:06Z,92.0,Sense
2025-08-10T14:49:11Z,91.0,Sense
2025-08-10T14:49:21Z,90.0,Sense
2025-08-10T14:49:26Z,88.0,Sense
2025-08-10T14:49:31Z,86.0,Sense
2025-08-10T14:49:36Z,85.0,Sense
2025-08-10T14:49:41Z,86.0,Sense
2025-08-10T14:49:46Z,85.0,Sense
2025-08-10T14:49:51Z,80.0,Sense
2025-08-10T14:49:56Z,78.0,Sense
2025-08-10T14:50:01Z,78.0,Sense
2025-08-10T14:50:11Z,79.0,Sense
2025-08-10T14:50:16Z,78.0,Sense
2025-08-10T14:50:31Z,77.0,Sense
2025-08-10T14:50:46Z,77.0,Sense
2025-08-10T14:50:56Z,78.0,Sense
2025-08-10T14:51:01Z,75.0,Sense
2025-08-10T14:51:06Z,72.0,Sense
2025-08-10T14:51:11Z,73.0,Sense
2025-08-10T14:51:26Z,74.0,Sense
2025-08-10T14:51:36Z,75.0,Sense
2025-08-10T14:51:41Z,77.0,Sense
2025-08-10T14:51:46Z,78.0,Sense
2025-08-10T14:51:51Z,85.0,Sense
2025-08-10T14:51:56Z,84.0,Sense
2025-08-10T14:52:01Z,83.0,Sense
2025-08-10T14:52:16Z,83.0,Sense
2025-08-10T14:52:31Z,80.0,Sense
2025-08-10T14:52:46Z,80.0,Sense
2025-08-10T14:52:51Z,81.0,Sense
2025-08-10T14:53:06Z,81.0,Sense
2025-08-10T14:53:11Z,82.0,Sense
2025-08-10T14:53:16Z,83.0,Sense
2025-08-10T14:53:31Z,75.0,Sense
2025-08-10T14:53:36Z,73.0,Sense
2025-08-10T14:53:41Z,79.0,Sense
2025-08-10T14:53:46Z,86.0,Sense
2025-08-10T14:53:51Z,86.0,Sense
2025-08-10T14:53:56Z,85.0,Sense
2025-08-10T14:54:11Z,85.0,Sense
2025-08-10T14:54:16Z,83.0,Sense
2025-08-10T14:54:21Z,80.0,Sense
2025-08-10T14:54:31Z,79.0,Sense
2025-08-10T14:54:36Z,80.0,Sense
2025-08-10T14:54:41Z,81.0,Sense
2025-08-10T14:54:46Z,75.0,Sense
2025-08-10T14:55:01Z,78.0,Sense
2025-08-10T14:55:06Z,83.0,Sense
2025-08-10T14:55:16Z,82.0,Sense
2025-08-10T14:55:26Z,81.0,Sense
2025-08-10T14:55:41Z,82.0,Sense
2025-08-10T14:55:46Z,83.0,Sense
2025-08-10T14:55:51Z,82.0,Sense
2025-08-10T14:55:56Z,83.0,Sense
2025-08-10T14:56:01Z,81.0,Sense
2025-08-10T14:56:11Z,83.0,Sense
2025-08-10T14:56:16Z,87.0,Sense
2025-08-10T14:56:21Z,88.0,Sense
2025-08-10T14:56:31Z,87.0,Sense
2025-08-10T14:56:36Z,88.0,Sense
2025-08-10T14:56:41Z,87.0,Sense
2025-08-10T14:56:46Z,86.0,Sense
2025-08-10T14:57:01Z,86.0,Sense
2025-08-10T14:57:06Z,87.0,Sense
2025-08-10T14:57:11Z,88.0,Sense
2025-08-10T14:57:26Z,89.0,Sense
2025-08-10T14:57:31Z,88.0,Sense
2025-08-10T14:57:46Z,88.0,Sense
2025-08-10T14:57:51Z,89.0,Sense
2025-08-10T14:57:56Z,90.0,Sense
2025-08-10T14:58:01Z,91.0,Sense
2025-08-10T14:58:06Z,90.0,Sense
2025-08-10T14:58:11Z,91.0,Sense
2025-08-10T14:58:21Z,90.0,Sense
2025-08-10T14:58:31Z,90.0,Sense
2025-08-10T14:58:41Z,88.0,Sense
2025-08-10T14:58:56Z,87.0,Sense
2025-08-10T14:59:06Z,86.0,Sense
2025-08-10T14:59:11Z,85.0,Sense
2025-08-10T14:59:16Z,84.0,Sense
2025-08-10T14:59:26Z,85.0,Sense
2025-08-10T14:59:41Z,86.0,Sense
2025-08-10T14:59:51Z,85.0,Sense
2025-08-10T14:59:56Z,84.0,Sense
2025-08-10T15:00:01Z,83.0,Sense
2025-08-10T15:00:11Z,81.0,Sense
2025-08-10T15:00:16Z,79.0,Sense
2025-08-10T15:00:21Z,78.0,Sense
2025-08-10T15:00:31Z,79.0,Sense
2025-08-10T15:00:36Z,80.0,Sense
2025-08-10T15:00:46Z,79.0,Sense
2025-08-10T15:00:51Z,78.0,Sense
2025-08-10T15:01:01Z,80.0,Sense
2025-08-10T15:01:16Z,80.0,Sense
2025-08-10T15:01:21Z,81.0,Sense
2025-08-10T15:01:26Z,81.0,Sense
2025-08-10T15:01:31Z,82.0,Sense
2025-08-10T15:01:36Z,83.0,Sense
2025-08-10T15:01:51Z,83.0,Sense
2025-08-10T15:01:56Z,85.0,Sense
2025-08-10T15:02:01Z,84.0,Sense
2025-08-10T15:02:16Z,85.0,Sense
2025-08-10T15:02:21Z,86.0,Sense
2025-08-10T15:02:26Z,85.0,Sense
2025-08-10T15:02:41Z,85.0,Sense
2025-08-10T15:02:46Z,85.0,Sense
2025-08-10T15:02:51Z,84.0,Sense
2025-08-10T15:02:56Z,83.0,Sense
2025-08-10T15:03:01Z,82.0,Sense
2025-08-10T15:03:16Z,82.0,Sense
2025-08-10T15:03:21Z,80.0,Sense
2025-08-10T15:03:26Z,77.0,Sense
2025-08-10T15:03:41Z,76.0,Sense
2025-08-10T15:03:46Z,77.0,Sense
2025-08-10T15:03:51Z,78.0,Sense
2025-08-10T15:03:56Z,79.0,Sense
2025-08-10T15:04:01Z,80.0,Sense
2025-08-10T15:04:16Z,83.0,Sense
2025-08-10T15:04:21Z,87.0,Sense
2025-08-10T15:04:26Z,86.0,Sense
2025-08-10T15:04:41Z,85.0,Sense
2025-08-10T15:04:46Z,84.0,Sense
2025-08-10T15:04:51Z,79.0,Sense
2025-08-10T15:05:06Z,78.0,Sense
2025-08-10T15:05:16Z,79.0,Sense
2025-08-10T15:05:21Z,79.0,Sense
2025-08-10T15:05:36Z,79.0,Sense
2025-08-10T15:05:46Z,81.0,Sense
2025-08-10T15:05:51Z,80.0,Sense
2025-08-10T15:06:01Z,79.0,Sense
2025-08-10T15:06:16Z,79.0,Sense
2025-08-10T15:06:21Z,78.0,Sense
2025-08-10T15:06:31Z,79.0,Sense
2025-08-10T15:06:36Z,87.0,Sense
2025-08-10T15:06:41Z,90.0,Sense
2025-08-10T15:06:51Z,89.0,Sense
2025-08-10T15:06:56Z,80.0,Sense
2025-08-10T15:07:01Z,75.0,Sense
2025-08-10T15:07:16Z,75.0,Sense
2025-08-10T15:07:26Z,76.0,Sense
2025-08-10T15:07:41Z,76.0,Sense
2025-08-10T15:07:46Z,77.0,Sense
2025-08-10T15:07:51Z,76.0,Sense
2025-08-10T15:07:56Z,76.0,Sense
2025-08-10T15:08:01Z,77.0,Sense
2025-08-10T15:08:11Z,78.0,Sense
2025-08-10T15:08:16Z,77.0,Sense
2025-08-10T15:08:21Z,77.0,Sense
2025-08-10T15:08:31Z,78.0,Sense
2025-08-10T15:08:41Z,79.0,Sense
2025-08-10T15:08:56Z,80.0,Sense
2025-08-10T15:09:06Z,85.0,Sense
2025-08-10T15:09:11Z,84.0,Sense
2025-08-10T15:09:21Z,83.0,Sense
2025-08-10T15:09:36Z,91.0,Sense
2025-08-10T15:09:41Z,92.0,Sense
2025-08-10T15:09:51Z,91.0,Sense
2025-08-10T15:09:56Z,87.0,Sense
2025-08-10T15:10:01Z,86.0,Sense
2025-08-10T15:10:16Z,83.0,Sense
2025-08-10T15:10:21Z,82.0,Sense
2025-08-10T15:10:36Z,82.0,Sense
2025-08-10T15:10:46Z,81.0,Sense
2025-08-10T15:11:01Z,81.0,Sense
2025-08-10T15:11:06Z,82.0,Sense
2025-08-10T15:11:16Z,81.0,Sense
2025-08-10T15:11:26Z,82.0,Sense
2025-08-10T15:11:31Z,83.0,Sense
2025-08-10T15:11:36Z,85.0,Sense
2025-08-10T15:11:41Z,90.0,Sense
2025-08-10T15:11:46Z,91.0,Sense
2025-08-10T15:11:51Z,90.0,Sense
2025-08-10T15:12:01Z,89.0,Sense
2025-08-10T15:12:11Z,89.0,Sense
2025-08-10T15:12:16Z,88.0,Sense
2025-08-10T15:12:21Z,89.0,Sense
2025-08-10T15:12:31Z,88.0,Sense
2025-08-10T15:12:41Z,87.0,Sense
2025-08-10T15:12:46Z,86.0,Sense
2025-08-10T15:12:56Z,85.0,Sense
2025-08-10T15:13:01Z,84.0,Sense
2025-08-10T15:13:11Z,83.0,Sense
2025-08-10T15:13:21Z,82.0,Sense
2025-08-10T15:13:26Z,83.0,Sense
2025-08-10T15:13:31Z,86.0,Sense
2025-08-10T15:13:36Z,85.0,Sense
2025-08-10T15:13:41Z,86.0,Sense
2025-08-10T15:13:46Z,85.0,Sense
2025-08-10T15:13:51Z,84.0,Sense
2025-08-10T15:13:56Z,85.0,Sense
2025-08-10T15:14:01Z,87.0,Sense
2025-08-10T15:14:06Z,90.0,Sense
2025-08-10T15:14:11Z,89.0,Sense
2025-08-10T15:14:16Z,88.0,Sense
2025-08-10T15:14:21Z,87.0,Sense
2025-08-10T15:14:36Z,87.0,Sense
2025-08-10T15:14:41Z,87.0,Sense
2025-08-10T15:14:46Z,86.0,Sense
2025-08-10T15:14:51Z,87.0,Sense
2025-08-10T15:14:56Z,89.0,Sense
2025-08-10T15:15:06Z,90.0,Sense
2025-08-10T15:15:11Z,91.0,Sense
2025-08-10T15:15:16Z,90.0,Sense
2025-08-10T15:15:31Z,91.0,Sense
2025-08-10T15:15:46Z,89.0,Sense
2025-08-10T15:15:56Z,88.0,Sense
2025-08-10T15:16:01Z,87.0,Sense
2025-08-10T15:16:06Z,86.0,Sense
2025-08-10T15:16:11Z,85.0,Sense
2025-08-10T15:16:26Z,86.0,Sense
2025-08-10T15:16:36Z,85.0,Sense
2025-08-10T15:16:41Z,84.0,Sense
2025-08-10T15:16:46Z,83.0,Sense
2025-08-10T15:16:51Z,80.0,Sense
2025-08-10T15:17:01Z,79.0,Sense
2025-08-10T15:17:06Z,80.0,Sense
2025-08-10T15:17:16Z,77.0,Sense
2025-08-10T15:17:26Z,79.0,Sense
2025-08-10T15:17:31Z,85.0,Sense
2025-08-10T15:17:46Z,85.0,Sense
2025-08-10T15:18:01Z,79.0,Sense
2025-08-10T15:18:06Z,77.0,Sense
2025-08-10T15:18:16Z,79.0,Sense
2025-08-10T15:18:21Z,79.0,Sense
2025-08-10T15:18:26Z,81.0,Sense
2025-08-10T15:18:31Z,82.0,Sense
2025-08-10T15:18:36Z,84.0,Sense
2025-08-10T15:18:41Z,83.0,Sense
2025-08-10T15:18:56Z,84.0,Sense
2025-08-10T15:19:01Z,83.0,Sense
2025-08-10T15:19:06Z,77.0,Sense
2025-08-10T15:19:11Z,78.0,Sense
2025-08-10T15:19:21Z,77.0,Sense
2025-08-10T15:19:26Z,76.0,Sense
2025-08-10T15:19:31Z,75.0,Sense
2025-08-10T15:19:36Z,73.0,Sense
2025-08-10T15:19:46Z,72.0,Sense
2025-08-10T15:19:51Z,73.0,Sense
2025-08-10T15:19:56Z,72.0,Sense
2025-08-10T15:20:01Z,73.0,Sense
2025-08-10T15:20:06Z,75.0,Sense
2025-08-10T15:20:11Z,74.0,Sense
2025-08-10T15:20:16Z,75.0,Sense
2025-08-10T15:20:21Z,80.0,Sense
2025-08-10T15:20:26Z,84.0,Sense
2025-08-10T15:20:31Z,83.0,Sense
2025-08-10T15:20:41Z,82.0,Sense
2025-08-10T15:20:46Z,81.0,Sense
2025-08-10T15:21:01Z,82.0,Sense
2025-08-10T15:21:11Z,83.0,Sense
2025-08-10T15:21:16Z,83.0,Sense
2025-08-10T15:21:26Z,82.0,Sense
2025-08-10T15:21:31Z,83.0,Sense
2025-08-10T15:21:36Z,84.0,Sense
2025-08-10T15:21:46Z,83.0,Sense
2025-08-10T15:21:56Z,81.0,Sense
2025-08-10T15:22:01Z,77.0,Sense
2025-08-10T15:22:06Z,85.0,Sense
2025-08-10T15:22:16Z,88.0,Sense
2025-08-10T15:22:21Z,92.0,Sense
2025-08-10T15:22:26Z,85.0,Sense
2025-08-10T15:22:31Z,86.0,Sense
2025-08-10T15:22:41Z,87.0,Sense
2025-08-10T15:22:46Z,88.0,Sense
2025-08-10T15:22:51Z,87.0,Sense
2025-08-10T15:23:01Z,86.0,Sense
2025-08-10T15:23:06Z,88.0,Sense
2025-08-10T15:23:11Z,82.0,Sense
2025-08-10T15:23:16Z,81.0,Sense
2025-08-10T15:23:21Z,78.0,Sense
2025-08-10T15:23:26Z,80.0,Sense
2025-08-10T15:23:31Z,86.0,Sense
2025-08-10T15:23:36Z,84.0,Sense
2025-08-10T15:23:41Z,86.0,Sense
2025-08-10T15:23:56Z,85.0,Sense
2025-08-10T15:24:01Z,82.0,Sense
2025-08-10T15:24:06Z,84.0,Sense
2025-08-10T15:24:11Z,86.0,Sense
2025-08-10T15:24:16Z,79.0,Sense
2025-08-10T15:24:21Z,78.0,Sense
2025-08-10T15:24:26Z,83.0,Sense
2025-08-10T15:24:31Z,85.0,Sense
2025-08-10T15:24:36Z,84.0,Sense
2025-08-10T15:24:46Z,82.0,Sense
2025-08-10T15:24:51Z,79.0,Sense
2025-08-10T15:24:56Z,78.0,Sense
2025-08-10T15:25:11Z,78.0,Sense
2025-08-10T15:25:26Z,79.0,Sense
2025-08-10T15:25:41Z,79.0,Sense
2025-08-10T15:25:51Z,80.0,Sense
2025-08-10T15:25:56Z,81.0,Sense
2025-08-10T15:26:01Z,78.0,Sense
2025-08-10T15:26:11Z,81.0,Sense
2025-08-10T15:26:16Z,83.0,Sense
2025-08-10T15:26:21Z,85.0,Sense
2025-08-10T15:26:26Z,87.0,Sense
2025-08-10T15:26:31Z,85.0,Sense
2025-08-10T15:26:36Z,83.0,Sense
2025-08-10T15:26:41Z,81.0,Sense
2025-08-10T15:26:46Z,84.0,Sense
2025-08-10T15:26:51Z,85.0,Sense
2025-08-10T15:26:56Z,84.0,Sense
2025-08-10T15:27:11Z,85.0,Sense
2025-08-10T15:27:16Z,85.0,Sense
2025-08-10T15:27:21Z,84.0,Sense
2025-08-10T15:27:36Z,80.0,Sense
2025-08-10T15:27:41Z,91.0,Sense
2025-08-10T15:27:51Z,84.0,Sense
2025-08-10T15:27:56Z,83.0,Sense
2025-08-10T15:28:01Z,84.0,Sense
2025-08-10T15:28:16Z,84.0,Sense
2025-08-10T15:28:21Z,83.0,Sense
2025-08-10T15:28:36Z,82.0,Sense
2025-08-10T15:28:51Z,76.0,Sense
2025-08-10T15:28:56Z,80.0,Sense
2025-08-10T15:29:01Z,83.0,Sense
2025-08-10T15:29:06Z,80.0,Sense
2025-08-10T15:29:11Z,78.0,Sense
2025-08-10T15:29:16Z,80.0,Sense
2025-08-10T15:29:21Z,82.0,Sense
2025-08-10T15:29:26Z,80.0,Sense
2025-08-10T15:29:31Z,81.0,Sense
2025-08-10T15:29:41Z,85.0,Sense
2025-08-10T15:29:46Z,82.0,Sense
2025-08-10T15:29:51Z,77.0,Sense
2025-08-10T15:29:56Z,76.0,Sense
2025-08-10T15:30:06Z,77.0,Sense
2025-08-10T15:30:11Z,76.0,Sense
2025-08-10T15:30:26Z,75.0,Sense
2025-08-10T15:30:31Z,75.0,Sense
2025-08-10T15:30:46Z,75.0,Sense
2025-08-10T15:31:01Z,76.0,Sense
2025-08-10T15:31:06Z,77.0,Sense
2025-08-10T15:31:11Z,84.0,Sense
2025-08-10T15:31:16Z,82.0,Sense
2025-08-10T15:31:21Z,83.0,Sense
2025-08-10T15:31:26Z,85.0,Sense
2025-08-10T15:31:41Z,84.0,Sense
2025-08-10T15:31:51Z,82.0,Sense
2025-08-10T15:32:06Z,78.0,Sense
2025-08-10T15:32:11Z,75.0,Sense
2025-08-10T15:32:16Z,77.0,Sense
2025-08-10T15:32:21Z,78.0,Sense
2025-08-10T15:32:26Z,76.0,Sense
2025-08-10T15:32:31Z,75.0,Sense
2025-08-10T15:32:36Z,81.0,Sense
2025-08-10T15:32:41Z,83.0,Sense
2025-08-10T15:32:51Z,82.0,Sense
2025-08-10T15:32:56Z,80.0,Sense
2025-08-10T15:33:01Z,83.0,Sense
2025-08-10T15:33:06Z,97.0,Sense
2025-08-10T15:33:16Z,84.0,Sense
2025-08-10T15:33:21Z,75.0,Sense
2025-08-10T15:33:26Z,76.0,Sense
2025-08-10T15:33:36Z,74.0,Sense
2025-08-10T15:33:46Z,73.0,Sense
2025-08-10T15:33:51Z,72.0,Sense
2025-08-10T15:33:56Z,74.0,Sense
2025-08-10T15:34:11Z,74.0,Sense
2025-08-10T15:34:16Z,73.0,Sense
2025-08-10T15:34:21Z,71.0,Sense
2025-08-10T15:34:31Z,70.0,Sense
2025-08-10T15:34:41Z,72.0,Sense
2025-08-10T15:34:46Z,69.0,Sense
2025-08-10T15:34:51Z,71.0,Sense
2025-08-10T15:35:01Z,72.0,Sense
2025-08-10T15:35:16Z,71.0,Sense
2025-08-10T15:35:21Z,70.0,Sense
2025-08-10T15:35:31Z,72.0,Sense
2025-08-10T15:35:36Z,73.0,Sense
2025-08-10T15:35:46Z,74.0,Sense
2025-08-10T15:35:51Z,73.0,Sense
2025-08-10T15:36:06Z,74.0,Sense
2025-08-10T15:36:16Z,73.0,Sense
2025-08-10T15:36:26Z,72.0,Sense
2025-08-10T15:36:31Z,75.0,Sense
2025-08-10T15:36:36Z,77.0,Sense
2025-08-10T15:36:41Z,74.0,Sense
2025-08-10T15:36:56Z,75.0,Sense
2025-08-10T15:37:06Z,76.0,Sense
2025-08-10T15:37:11Z,76.0,Sense
2025-08-10T15:37:16Z,77.0,Sense
2025-08-10T15:37:21Z,76.0,Sense
2025-08-10T15:37:31Z,77.0,Sense
2025-08-10T15:37:36Z,78.0,Sense
2025-08-10T15:37:46Z,77.0,Sense
2025-08-10T15:37:56Z,78.0,Sense
2025-08-10T15:38:06Z,79.0,Sense
2025-08-10T15:38:11Z,77.0,Sense
2025-08-10T15:38:16Z,72.0,Sense
2025-08-10T15:38:31Z,73.0,Sense
2025-08-10T15:38:36Z,74.0,Sense
2025-08-10T15:38:41Z,73.0,Sense
2025-08-10T15:38:46Z,74.0,Sense
2025-08-10T15:38:51Z,76.0,Sense
2025-08-10T15:38:56Z,77.0,Sense
2025-08-10T15:39:11Z,74.0,Sense
2025-08-10T15:39:16Z,72.0,Sense
2025-08-10T15:39:21Z,78.0,Sense
2025-08-10T15:39:26Z,87.0,Sense
2025-08-10T15:39:31Z,89.0,Sense
2025-08-10T15:39:46Z,89.0,Sense
2025-08-10T15:39:56Z,91.0,Sense
2025-08-10T15:40:17Z,90.0,Sense
2025-08-10T15:40:22Z,89.0,Sense
2025-08-10T15:40:27Z,89.0,Sense
2025-08-10T15:40:32Z,88.0,Sense
2025-08-10T15:40:42Z,87.0,Sense
2025-08-10T15:40:52Z,86.0,Sense
2025-08-10T15:40:57Z,85.0,Sense
2025-08-10T15:41:02Z,86.0,Sense
2025-08-10T15:41:07Z,110.0,Sense
2025-08-10T15:41:12Z,114.0,Sense
2025-08-10T15:41:17Z,113.0,Sense
2025-08-10T15:41:22Z,100.0,Sense
2025-08-10T15:41:27Z,96.0,Sense
2025-08-10T15:41:32Z,95.0,Sense
2025-08-10T15:41:37Z,94.0,Sense
2025-08-10T15:41:42Z,93.0,Sense
2025-08-10T15:41:47Z,92.0,Sense
2025-08-10T15:42:02Z,92.0,Sense
2025-08-10T15:42:07Z,96.0,Sense
2025-08-10T15:42:12Z,97.0,Sense
2025-08-10T15:42:27Z,96.0,Sense
2025-08-10T15:42:37Z,95.0,Sense
2025-08-10T15:42:42Z,94.0,Sense
2025-08-10T15:42:47Z,94.0,Sense
2025-08-10T15:43:02Z,94.0,Sense
2025-08-10T15:43:12Z,93.0,Sense
2025-08-10T15:43:17Z,91.0,Sense
2025-08-10T15:43:22Z,86.0,Sense
2025-08-10T15:43:37Z,86.0,Sense
2025-08-10T15:43:47Z,92.0,Sense
2025-08-10T15:43:52Z,97.0,Sense
2025-08-10T15:44:02Z,96.0,Sense
2025-08-10T15:44:07Z,95.0,Sense
2025-08-10T15:44:12Z,91.0,Sense
2025-08-10T15:44:17Z,86.0,Sense
2025-08-10T15:44:32Z,86.0,Sense
2025-08-10T15:44:37Z,87.0,Sense
2025-08-10T15:44:47Z,87.0,Sense
2025-08-10T15:44:57Z,86.0,Sense
2025-08-10T15:45:02Z,87.0,Sense
2025-08-10T15:45:07Z,88.0,Sense
2025-08-10T15:45:12Z,89.0,Sense
2025-08-10T15:45:22Z,88.0,Sense
2025-08-10T15:45:37Z,88.0,Sense
2025-08-10T15:45:42Z,89.0,Sense
2025-08-10T15:45:47Z,90.0,Sense
2025-08-10T15:45:52Z,96.0,Sense
2025-08-10T15:45:57Z,105.0,Sense
2025-08-10T15:46:02Z,104.0,Sense
2025-08-10T15:46:07Z,101.0,Sense
2025-08-10T15:46:12Z,98.0,Sense
2025-08-10T15:46:17Z,95.0,Sense
2025-08-10T15:46:22Z,94.0,Sense
2025-08-10T15:46:27Z,95.0,Sense
2025-08-10T15:46:32Z,96.0,Sense
2025-08-10T15:46:37Z,93.0,Sense
2025-08-10T15:46:42Z,91.0,Sense
2025-08-10T15:46:47Z,90.0,Sense
2025-08-10T15:46:57Z,91.0,Sense
2025-08-10T15:47:02Z,116.0,Sense
2025-08-10T15:47:07Z,121.0,Sense
2025-08-10T15:47:12Z,122.0,Sense
2025-08-10T15:47:22Z,119.0,Sense
2025-08-10T15:47:27Z,116.0,Sense
2025-08-10T15:47:32Z,114.0,Sense
2025-08-10T15:47:37Z,112.0,Sense
2025-08-10T15:47:42Z,106.0,Sense
2025-08-10T15:47:47Z,96.0,Sense
2025-08-10T15:47:52Z,92.0,Sense
2025-08-10T15:47:57Z,93.0,Sense
2025-08-10T15:48:07Z,98.0,Sense
2025-08-10T15:48:12Z,100.0,Sense
2025-08-10T15:48:17Z,99.0,Sense
2025-08-10T15:48:22Z,98.0,Sense
2025-08-10T15:48:27Z,97.0,Sense
2025-08-10T15:48:32Z,98.0,Sense
2025-08-10T15:48:37Z,98.0,Sense
2025-08-10T15:48:47Z,100.0,Sense
2025-08-10T15:48:52Z,99.0,Sense
2025-08-10T15:48:57Z,98.0,Sense
2025-08-10T15:49:02Z,99.0,Sense
2025-08-10T15:49:12Z,96.0,Sense
2025-08-10T15:49:17Z,95.0,Sense
2025-08-10T15:49:32Z,95.0,Sense
2025-08-10T15:49:37Z,93.0,Sense
2025-08-10T15:49:47Z,92.0,Sense
2025-08-10T15:49:57Z,91.0,Sense
2025-08-10T15:50:02Z,90.0,Sense
2025-08-10T15:50:12Z,86.0,Sense
2025-08-10T15:50:22Z,94.0,Sense
2025-08-10T15:50:27Z,105.0,Sense
2025-08-10T15:50:37Z,106.0,Sense
2025-08-10T15:50:47Z,107.0,Sense
2025-08-10T15:50:52Z,100.0,Sense
2025-08-10T15:50:57Z,92.0,Sense
2025-08-10T15:51:07Z,91.0,Sense
2025-08-10T15:51:12Z,92.0,Sense
2025-08-10T15:51:17Z,93.0,Sense
2025-08-10T15:51:22Z,93.0,Sense
2025-08-10T15:51:27Z,94.0,Sense
2025-08-10T15:51:32Z,93.0,Sense
2025-08-10T15:51:37Z,89.0,Sense
2025-08-10T15:51:42Z,93.0,Sense
2025-08-10T15:51:47Z,94.0,Sense
2025-08-10T15:51:52Z,95.0,Sense
2025-08-10T15:51:57Z,94.0,Sense
2025-08-10T15:52:02Z,95.0,Sense
2025-08-10T15:52:07Z,109.0,Sense
2025-08-10T15:52:17Z,108.0,Sense
2025-08-10T15:52:22Z,107.0,Sense
2025-08-10T15:52:27Z,105.0,Sense
2025-08-10T15:52:32Z,104.0,Sense
2025-08-10T15:52:37Z,105.0,Sense
2025-08-10T15:52:42Z,103.0,Sense
2025-08-10T15:52:57Z,102.0,Sense
2025-08-10T15:53:07Z,101.0,Sense
2025-08-10T15:53:12Z,99.0,Sense
2025-08-10T15:53:17Z,98.0,Sense
2025-08-10T15:53:22Z,97.0,Sense
2025-08-10T15:53:32Z,102.0,Sense
2025-08-10T15:53:37Z,114.0,Sense
2025-08-10T15:53:42Z,115.0,Sense
2025-08-10T15:53:47Z,113.0,Sense
2025-08-10T15:53:52Z,111.0,Sense
2025-08-10T15:53:57Z,107.0,Sense
2025-08-10T15:54:02Z,101.0,Sense
2025-08-10T15:54:07Z,100.0,Sense
2025-08-10T15:54:12Z,99.0,Sense
2025-08-10T15:54:17Z,104.0,Sense
2025-08-10T15:54:22Z,132.0,Sense
2025-08-10T15:54:27Z,131.0,Sense
2025-08-10T15:54:32Z,129.0,Sense
2025-08-10T15:54:37Z,127.0,Sense
2025-08-10T15:54:47Z,123.0,Sense
2025-08-10T15:54:52Z,118.0,Sense
2025-08-10T15:54:57Z,114.0,Sense
2025-08-10T15:55:02Z,104.0,Sense
2025-08-10T15:55:07Z,98.0,Sense
2025-08-10T15:55:12Z,92.0,Sense
2025-08-10T15:55:17Z,89.0,Sense
2025-08-10T15:55:27Z,91.0,Sense
2025-08-10T15:55:32Z,90.0,Sense
2025-08-10T15:55:37Z,93.0,Sense
2025-08-10T15:55:42Z,96.0,Sense
2025-08-10T15:55:52Z,95.0,Sense
2025-08-10T15:55:57Z,94.0,Sense
2025-08-10T15:56:07Z,93.0,Sense
2025-08-10T15:56:12Z,95.0,Sense
2025-08-10T15:56:17Z,96.0,Sense
2025-08-10T15:56:22Z,97.0,Sense
2025-08-10T15:56:37Z,90.0,Sense
2025-08-10T15:56:42Z,86.0,Sense
2025-08-10T15:56:47Z,88.0,Sense
2025-08-10T15:56:52Z,92.0,Sense
2025-08-10T15:57:02Z,91.0,Sense
2025-08-10T15:57:07Z,93.0,Sense
2025-08-10T15:57:12Z,94.0,Sense
2025-08-10T15:57:17Z,95.0,Sense
2025-08-10T15:57:32Z,95.0,Sense
2025-08-10T15:57:37Z,96.0,Sense
2025-08-10T15:57:42Z,96.0,Sense
2025-08-10T15:57:47Z,95.0,Sense
2025-08-10T15:57:52Z,91.0,Sense
2025-08-10T15:57:57Z,89.0,Sense
2025-08-10T15:58:07Z,90.0,Sense
2025-08-10T15:58:17Z,90.0,Sense
2025-08-10T15:58:32Z,90.0,Sense
2025-08-10T15:58:47Z,91.0,Sense
2025-08-10T15:59:02Z,92.0,Sense
2025-08-10T15:59:17Z,91.0,Sense
2025-08-10T15:59:22Z,90.0,Sense
2025-08-10T15:59:37Z,90.0,Sense
2025-08-10T15:59:42Z,89.0,Sense
2025-08-10T15:59:47Z,88.0,Sense
2025-08-10T15:59:52Z,91.0,Sense
2025-08-10T15:59:57Z,92.0,Sense
2025-08-10T16:00:02Z,100.0,Sense
2025-08-10T16:00:12Z,99.0,Sense
2025-08-10T16:00:17Z,97.0,Sense
2025-08-10T16:00:22Z,96.0,Sense
2025-08-10T16:00:27Z,95.0,Sense
2025-08-10T16:00:32Z,94.0,Sense
2025-08-10T16:00:37Z,100.0,Sense
2025-08-10T16:00:42Z,101.0,Sense
2025-08-10T16:00:47Z,102.0,Sense
2025-08-10T16:00:57Z,100.0,Sense
2025-08-10T16:01:02Z,93.0,Sense
2025-08-10T16:01:07Z,87.0,Sense
2025-08-10T16:01:22Z,87.0,Sense
2025-08-10T16:01:27Z,88.0,Sense
2025-08-10T16:01:32Z,90.0,Sense
2025-08-10T16:01:37Z,90.0,Sense
2025-08-10T16:01:42Z,89.0,Sense
2025-08-10T16:01:52Z,85.0,Sense
2025-08-10T16:02:02Z,86.0,Sense
2025-08-10T16:02:07Z,88.0,Sense
2025-08-10T16:02:12Z,98.0,Sense
2025-08-10T16:02:17Z,98.0,Sense
2025-08-10T16:02:22Z,101.0,Sense
2025-08-10T16:02:27Z,100.0,Sense
2025-08-10T16:02:32Z,99.0,Sense
2025-08-10T16:02:37Z,96.0,Sense
2025-08-10T16:02:42Z,98.0,Sense
2025-08-10T16:02:47Z,119.0,Sense
2025-08-10T16:02:52Z,118.0,Sense
2025-08-10T16:02:57Z,116.0,Sense
2025-08-10T16:03:02Z,113.0,Sense
2025-08-10T16:03:07Z,108.0,Sense
2025-08-10T16:03:12Z,106.0,Sense
2025-08-10T16:03:17Z,105.0,Sense
2025-08-10T16:03:27Z,103.0,Sense
2025-08-10T16:03:32Z,102.0,Sense
2025-08-10T16:03:37Z,101.0,Sense
2025-08-10T16:03:47Z,103.0,Sense
2025-08-10T16:03:52Z,104.0,Sense
2025-08-10T16:04:02Z,103.0,Sense
2025-08-10T16:04:07Z,102.0,Sense
2025-08-10T16:04:12Z,100.0,Sense
2025-08-10T16:04:27Z,99.0,Sense
2025-08-10T16:04:37Z,102.0,Sense
2025-08-10T16:04:42Z,101.0,Sense
2025-08-10T16:04:47Z,99.0,Sense
2025-08-10T16:04:52Z,98.0,Sense
2025-08-10T16:04:57Z,97.0,Sense
2025-08-10T16:05:02Z,98.0,Sense
2025-08-10T16:05:07Z,99.0,Sense
2025-08-10T16:05:12Z,100.0,Sense
2025-08-10T16:05:22Z,101.0,Sense
2025-08-10T16:05:32Z,100.0,Sense
2025-08-10T16:05:42Z,101.0,Sense
2025-08-10T16:05:47Z,102.0,Sense
2025-08-10T16:05:52Z,101.0,Sense
2025-08-10T16:06:07Z,100.0,Sense
2025-08-10T16:06:12Z,101.0,Sense
2025-08-10T16:06:27Z,100.0,Sense
2025-08-10T16:06:37Z,95.0,Sense
2025-08-10T16:06:42Z,93.0,Sense
2025-08-10T16:06:57Z,94.0,Sense
2025-08-10T16:07:02Z,94.0,Sense
2025-08-10T16:07:12Z,95.0,Sense
2025-08-10T16:07:27Z,96.0,Sense
2025-08-10T16:07:32Z,97.0,Sense
2025-08-10T16:07:42Z,98.0,Sense
2025-08-10T16:07:47Z,94.0,Sense
2025-08-10T16:07:52Z,93.0,Sense
2025-08-10T16:07:57Z,94.0,Sense
2025-08-10T16:08:07Z,95.0,Sense
2025-08-10T16:08:17Z,96.0,Sense
2025-08-10T16:08:22Z,97.0,Sense
2025-08-10T16:08:27Z,96.0,Sense
2025-08-10T16:08:37Z,98.0,Sense
2025-08-10T16:08:42Z,99.0,Sense
2025-08-10T16:08:57Z,99.0,Sense
2025-08-10T16:09:02Z,100.0,Sense
2025-08-10T16:09:07Z,107.0,Sense
2025-08-10T16:09:12Z,106.0,Sense
2025-08-10T16:09:17Z,105.0,Sense
2025-08-10T16:09:32Z,105.0,Sense
2025-08-10T16:09:37Z,103.0,Sense
2025-08-10T16:09:42Z,102.0,Sense
2025-08-10T16:09:47Z,98.0,Sense
2025-08-10T16:09:52Z,96.0,Sense
2025-08-10T16:09:57Z,101.0,Sense
2025-08-10T16:10:02Z,109.0,Sense
2025-08-10T16:10:12Z,108.0,Sense
2025-08-10T16:10:17Z,107.0,Sense
2025-08-10T16:10:22Z,106.0,Sense
2025-08-10T16:10:27Z,103.0,Sense
2025-08-10T16:10:32Z,100.0,Sense
2025-08-10T16:10:37Z,99.0,Sense
2025-08-10T16:10:52Z,98.0,Sense
2025-08-10T16:10:57Z,97.0,Sense
2025-08-10T16:11:07Z,96.0,Sense
2025-08-10T16:11:22Z,97.0,Sense
2025-08-10T16:11:27Z,96.0,Sense
2025-08-10T16:11:32Z,97.0,Sense
2025-08-10T16:11:37Z,98.0,Sense
2025-08-10T16:11:47Z,97.0,Sense
2025-08-10T16:12:02Z,97.0,Sense
2025-08-10T16:12:07Z,97.0,Sense
2025-08-10T16:12:22Z,97.0,Sense
2025-08-10T16:12:37Z,97.0,Sense
2025-08-10T16:12:42Z,98.0,Sense
2025-08-10T16:12:47Z,100.0,Sense
2025-08-10T16:12:57Z,101.0,Sense
2025-08-10T16:13:02Z,99.0,Sense
2025-08-10T16:13:17Z,99.0,Sense
2025-08-10T16:13:22Z,100.0,Sense
2025-08-10T16:13:37Z,101.0,Sense
2025-08-10T16:13:52Z,101.0,Sense
2025-08-10T16:13:57Z,102.0,Sense
2025-08-10T16:14:02Z,101.0,Sense
2025-08-10T16:14:07Z,100.0,Sense
2025-08-10T16:14:12Z,101.0,Sense
2025-08-10T16:14:17Z,102.0,Sense
2025-08-10T16:14:22Z,100.0,Sense
2025-08-10T16:14:27Z,97.0,Sense
2025-08-10T16:14:37Z,98.0,Sense
2025-08-10T16:14:42Z,97.0,Sense
2025-08-10T16:14:57Z,98.0,Sense
2025-08-10T16:15:02Z,100.0,Sense
2025-08-10T16:15:07Z,100.0,Sense
2025-08-10T16:15:12Z,110.0,Sense
2025-08-10T16:15:17Z,132.0,Sense
2025-08-10T16:15:22Z,130.0,Sense
2025-08-10T16:15:27Z,129.0,Sense
2025-08-10T16:15:32Z,127.0,Sense
2025-08-10T16:15:37Z,123.0,Sense
2025-08-10T16:15:42Z,120.0,Sense
2025-08-10T16:15:47Z,117.0,Sense
2025-08-10T16:15:52Z,113.0,Sense
2025-08-10T16:15:57Z,110.0,Sense
2025-08-10T16:16:07Z,108.0,Sense
2025-08-10T16:16:12Z,106.0,Sense
2025-08-10T16:16:17Z,104.0,Sense
2025-08-10T16:16:22Z,103.0,Sense
2025-08-10T16:16:27Z,100.0,Sense
2025-08-10T16:16:37Z,95.0,Sense
2025-08-10T16:16:42Z,87.0,Sense
2025-08-10T16:16:47Z,90.0,Sense
2025-08-10T16:16:52Z,104.0,Sense
2025-08-10T16:17:07Z,104.0,Sense
2025-08-10T16:17:17Z,100.0,Sense
2025-08-10T16:17:27Z,99.0,Sense
2025-08-10T16:17:32Z,97.0,Sense
2025-08-10T16:17:37Z,97.0,Sense
2025-08-10T16:17:42Z,95.0,Sense
2025-08-10T16:17:57Z,96.0,Sense
2025-08-10T16:18:02Z,98.0,Sense
2025-08-10T16:18:12Z,97.0,Sense
2025-08-10T16:18:17Z,95.0,Sense
2025-08-10T16:18:22Z,95.0,Sense
2025-08-10T16:18:37Z,95.0,Sense
2025-08-10T16:18:42Z,95.0,Sense
2025-08-10T16:18:47Z,96.0,Sense
2025-08-10T16:18:52Z,97.0,Sense
2025-08-10T16:19:02Z,98.0,Sense
2025-08-10T16:19:07Z,100.0,Sense
2025-08-10T16:19:22Z,100.0,Sense
2025-08-10T16:19:27Z,101.0,Sense
2025-08-10T16:19:32Z,102.0,Sense
2025-08-10T16:19:42Z,101.0,Sense
2025-08-10T16:19:47Z,100.0,Sense
2025-08-10T16:19:52Z,99.0,Sense
2025-08-10T16:20:02Z,98.0,Sense
2025-08-10T16:20:07Z,99.0,Sense
2025-08-10T16:20:12Z,103.0,Sense
2025-08-10T16:20:17Z,103.0,Sense
2025-08-10T16:20:22Z,101.0,Sense
2025-08-10T16:20:27Z,100.0,Sense
2025-08-10T16:20:32Z,99.0,Sense
2025-08-10T16:20:37Z,97.0,Sense
2025-08-10T16:20:42Z,99.0,Sense
2025-08-10T16:20:57Z,98.0,Sense
2025-08-10T16:21:07Z,99.0,Sense
2025-08-10T16:21:17Z,97.0,Sense
2025-08-10T16:21:27Z,99.0,Sense
2025-08-10T16:21:32Z,100.0,Sense
2025-08-10T16:21:42Z,98.0,Sense
2025-08-10T16:21:52Z,99.0,Sense
2025-08-10T16:21:57Z,100.0,Sense
2025-08-10T16:22:02Z,96.0,Sense
2025-08-10T16:22:07Z,96.0,Sense
2025-08-10T16:22:17Z,97.0,Sense
2025-08-10T16:22:27Z,95.0,Sense
2025-08-10T16:22:37Z,102.0,Sense
2025-08-10T16:22:42Z,101.0,Sense
2025-08-10T16:22:52Z,102.0,Sense
2025-08-10T16:22:57Z,108.0,Sense
2025-08-10T16:23:02Z,133.0,Sense
2025-08-10T16:23:07Z,132.0,Sense
2025-08-10T16:23:12Z,131.0,Sense
2025-08-10T16:23:17Z,132.0,Sense
2025-08-10T16:23:22Z,136.0,Sense
2025-08-10T16:23:27Z,134.0,Sense
2025-08-10T16:23:32Z,138.0,Sense
2025-08-10T16:23:37Z,143.0,Sense
2025-08-10T16:23:52Z,141.0,Sense
2025-08-10T16:23:57Z,136.0,Sense
2025-08-10T16:24:02Z,131.0,Sense
2025-08-10T16:24:07Z,127.0,Sense
2025-08-10T16:24:12Z,125.0,Sense
2025-08-10T16:24:17Z,119.0,Sense
2025-08-10T16:24:22Z,118.0,Sense
2025-08-10T16:24:27Z,117.0,Sense
2025-08-10T16:24:32Z,121.0,Sense
2025-08-10T16:24:37Z,122.0,Sense
2025-08-10T16:24:42Z,121.0,Sense
2025-08-10T16:24:47Z,113.0,Sense
2025-08-10T16:24:52Z,111.0,Sense
2025-08-10T16:24:57Z,107.0,Sense
2025-08-10T16:25:02Z,104.0,Sense
2025-08-10T16:25:07Z,105.0,Sense
2025-08-10T16:25:12Z,105.0,Sense
2025-08-10T16:25:17Z,106.0,Sense
2025-08-10T16:25:22Z,103.0,Sense
2025-08-10T16:25:27Z,109.0,Sense
2025-08-10T16:25:32Z,112.0,Sense
2025-08-10T16:25:37Z,116.0,Sense
2025-08-10T16:25:42Z,117.0,Sense
2025-08-10T16:25:47Z,115.0,Sense
2025-08-10T16:25:52Z,113.0,Sense
2025-08-10T16:25:57Z,121.0,Sense
2025-08-10T16:26:02Z,146.0,Sense
2025-08-10T16:26:12Z,144.0,Sense
2025-08-10T16:26:17Z,142.0,Sense
2025-08-10T16:26:22Z,141.0,Sense
2025-08-10T16:26:32Z,142.0,Sense
2025-08-10T16:26:37Z,141.0,Sense
2025-08-10T16:26:42Z,149.0,Sense
2025-08-10T16:26:47Z,151.0,Sense
2025-08-10T16:26:52Z,148.0,Sense
2025-08-10T16:26:57Z,161.0,Sense
2025-08-10T16:27:02Z,160.0,Sense
2025-08-10T16:27:07Z,159.0,Sense
2025-08-10T16:27:12Z,158.0,Sense
2025-08-10T16:27:17Z,156.0,Sense
2025-08-10T16:27:22Z,156.0,Sense
2025-08-10T16:27:32Z,154.0,Sense
2025-08-10T16:27:37Z,148.0,Sense
2025-08-10T16:27:42Z,145.0,Sense
2025-08-10T16:27:47Z,140.0,Sense
2025-08-10T16:27:52Z,139.0,Sense
2025-08-10T16:27:57Z,148.0,Sense
2025-08-10T16:28:02Z,146.0,Sense
2025-08-10T16:28:07Z,143.0,Sense
2025-08-10T16:28:12Z,141.0,Sense
2025-08-10T16:28:17Z,140.0,Sense
2025-08-10T16:28:22Z,138.0,Sense
2025-08-10T16:28:27Z,134.0,Sense
2025-08-10T16:28:37Z,133.0,Sense
2025-08-10T16:28:42Z,138.0,Sense
2025-08-10T16:28:47Z,137.0,Sense
2025-08-10T16:50:14Z,84.0,Sense
2025-08-10T16:50:24Z,83.0,Sense
2025-08-10T16:50:29Z,84.0,Sense
2025-08-10T16:50:34Z,85.0,Sense
2025-08-10T16:50:39Z,84.0,Sense
2025-08-10T16:50:44Z,86.0,Sense
2025-08-10T16:50:49Z,83.0,Sense
2025-08-10T16:50:54Z,80.0,Sense
2025-08-10T16:50:59Z,78.0,Sense
2025-08-10T16:51:04Z,76.0,Sense
2025-08-10T16:51:14Z,83.0,Sense
2025-08-10T16:51:19Z,87.0,Sense
2025-08-10T16:51:24Z,88.0,Sense
2025-08-10T16:51:29Z,85.0,Sense
2025-08-10T16:51:34Z,84.0,Sense
2025-08-10T16:51:44Z,83.0,Sense
2025-08-10T16:51:49Z,84.0,Sense
2025-08-10T16:51:54Z,87.0,Sense
2025-08-10T16:51:59Z,88.0,Sense
2025-08-10T16:52:04Z,89.0,Sense
2025-08-10T16:52:09Z,91.0,Sense
2025-08-10T16:52:14Z,89.0,Sense
2025-08-10T16:52:19Z,84.0,Sense
2025-08-10T16:52:24Z,80.0,Sense
2025-08-10T16:52:29Z,77.0,Sense
2025-08-10T16:52:34Z,74.0,Sense
2025-08-10T16:52:39Z,69.0,Sense
2025-08-10T16:52:44Z,72.0,Sense
2025-08-10T16:52:49Z,71.0,Sense
2025-08-10T16:52:54Z,73.0,Sense
2025-08-10T16:52:59Z,68.0,Sense
2025-08-10T16:53:09Z,69.0,Sense
2025-08-10T16:53:14Z,68.0,Sense
2025-08-10T16:53:19Z,64.0,Sense
2025-08-10T16:53:24Z,68.0,Sense
2025-08-10T16:53:29Z,63.0,Sense
2025-08-10T16:53:34Z,65.0,Sense
2025-08-10T16:53:39Z,64.0,Sense
2025-08-10T16:53:44Z,63.0,Sense
2025-08-10T16:53:54Z,64.0,Sense
2025-08-10T16:54:09Z,65.0,Sense
2025-08-10T16:54:14Z,64.0,Sense
2025-08-10T16:54:19Z,63.0,Sense
2025-08-10T16:54:24Z,61.0,Sense
2025-08-10T16:54:29Z,59.0,Sense
2025-08-10T16:54:34Z,61.0,Sense
2025-08-10T16:54:39Z,60.0,Sense
2025-08-10T16:54:44Z,58.0,Sense
2025-08-10T16:54:49Z,62.0,Sense
2025-08-10T16:54:54Z,61.0,Sense
2025-08-10T16:55:04Z,62.0,Sense
2025-08-10T16:55:14Z,63.0,Sense
2025-08-10T16:55:19Z,65.0,Sense
2025-08-10T16:55:24Z,64.0,Sense
2025-08-10T16:55:29Z,66.0,Sense
2025-08-10T16:55:34Z,77.0,Sense
2025-08-10T16:55:39Z,76.0,Sense
2025-08-10T16:55:49Z,77.0,Sense
2025-08-10T16:55:54Z,82.0,Sense
2025-08-10T16:55:59Z,83.0,Sense
2025-08-10T16:56:14Z,79.0,Sense
2025-08-10T16:56:19Z,77.0,Sense
2025-08-10T16:56:29Z,76.0,Sense
2025-08-10T16:56:34Z,75.0,Sense
2025-08-10T16:56:49Z,75.0,Sense
2025-08-10T16:56:54Z,75.0,Sense
2025-08-10T16:57:09Z,75.0,Sense
2025-08-10T16:57:24Z,75.0,Sense
2025-08-10T16:57:29Z,76.0,Sense
2025-08-10T16:57:34Z,75.0,Sense
2025-08-10T16:57:44Z,76.0,Sense
2025-08-10T16:57:59Z,75.0,Sense
2025-08-10T16:58:14Z,74.0,Sense
2025-08-10T16:58:24Z,75.0,Sense
2025-08-10T16:58:29Z,74.0,Sense
2025-08-10T16:58:39Z,77.0,Sense
2025-08-10T16:58:44Z,78.0,Sense
2025-08-10T16:58:49Z,79.0,Sense
2025-08-10T16:59:04Z,78.0,Sense
2025-08-10T16:59:09Z,79.0,Sense
2025-08-10T16:59:14Z,79.0,Sense
2025-08-10T16:59:19Z,78.0,Sense
2025-08-10T16:59:34Z,78.0,Sense
2025-08-10T16:59:44Z,79.0,Sense
2025-08-10T16:59:49Z,80.0,Sense
2025-08-10T17:00:04Z,80.0,Sense
2025-08-10T17:00:09Z,80.0,Sense
2025-08-10T17:00:19Z,79.0,Sense
2025-08-10T17:00:24Z,80.0,Sense
2025-08-10T17:00:39Z,79.0,Sense
2025-08-10T17:00:44Z,82.0,Sense
2025-08-10T17:00:49Z,83.0,Sense
2025-08-10T17:01:04Z,83.0,Sense
2025-08-10T17:01:09Z,82.0,Sense
2025-08-10T17:01:24Z,82.0,Sense
2025-08-10T17:01:34Z,81.0,Sense
2025-08-10T17:01:39Z,80.0,Sense
2025-08-10T17:01:49Z,80.0,Sense
2025-08-10T17:01:54Z,79.0,Sense
2025-08-10T17:01:59Z,79.0,Sense
2025-08-10T17:02:09Z,78.0,Sense
2025-08-10T17:02:24Z,78.0,Sense
2025-08-10T17:02:39Z,77.0,Sense
2025-08-10T17:02:44Z,78.0,Sense
2025-08-10T17:02:49Z,79.0,Sense
2025-08-10T17:02:54Z,78.0,Sense
2025-08-10T17:03:04Z,77.0,Sense
2025-08-10T17:03:09Z,77.0,Sense
2025-08-10T17:03:24Z,78.0,Sense
2025-08-10T17:03:34Z,75.0,Sense
2025-08-10T17:03:49Z,77.0,Sense
2025-08-10T17:03:54Z,78.0,Sense
2025-08-10T17:03:59Z,79.0,Sense
2025-08-10T17:04:04Z,78.0,Sense
2025-08-10T17:04:14Z,79.0,Sense
2025-08-10T17:04:29Z,79.0,Sense
2025-08-10T17:04:44Z,78.0,Sense
2025-08-10T17:04:59Z,78.0,Sense
2025-08-10T17:05:14Z,77.0,Sense
2025-08-10T17:05:20Z,76.0,Sense
2025-08-10T17:05:35Z,79.0,Sense
2025-08-10T17:05:45Z,75.0,Sense
2025-08-10T17:05:50Z,74.0,Sense
2025-08-10T17:06:05Z,74.0,Sense
2025-08-10T17:06:15Z,75.0,Sense
2025-08-10T17:06:20Z,76.0,Sense
2025-08-10T17:06:25Z,77.0,Sense
2025-08-10T17:06:30Z,76.0,Sense
2025-08-10T17:06:45Z,77.0,Sense
2025-08-10T17:07:00Z,78.0,Sense
2025-08-10T17:07:15Z,78.0,Sense
2025-08-10T17:07:20Z,77.0,Sense
2025-08-10T17:07:35Z,77.0,Sense
2025-08-10T17:07:50Z,77.0,Sense
2025-08-10T17:07:55Z,78.0,Sense
2025-08-10T17:08:00Z,79.0,Sense
2025-08-10T17:08:10Z,78.0,Sense
2025-08-10T17:08:15Z,77.0,Sense
2025-08-10T17:08:25Z,78.0,Sense
2025-08-10T17:08:30Z,79.0,Sense
2025-08-10T17:08:35Z,80.0,Sense
2025-08-10T17:08:50Z,79.0,Sense
2025-08-10T17:09:05Z,78.0,Sense
2025-08-10T17:09:10Z,77.0,Sense
2025-08-10T17:09:25Z,77.0,Sense
2025-08-10T17:09:40Z,77.0,Sense
2025-08-10T17:09:45Z,76.0,Sense
2025-08-10T17:09:50Z,77.0,Sense
2025-08-10T17:09:55Z,76.0,Sense
2025-08-10T17:10:10Z,75.0,Sense
2025-08-10T17:10:25Z,76.0,Sense
2025-08-10T17:10:40Z,77.0,Sense
2025-08-10T17:10:50Z,79.0,Sense
2025-08-10T17:10:55Z,82.0,Sense
2025-08-10T17:11:10Z,82.0,Sense
2025-08-10T17:11:15Z,81.0,Sense
2025-08-10T17:11:20Z,81.0,Sense
2025-08-10T17:11:30Z,82.0,Sense
2025-08-10T17:11:35Z,83.0,Sense
2025-08-10T17:11:40Z,82.0,Sense
2025-08-10T17:11:45Z,81.0,Sense
2025-08-10T17:12:00Z,81.0,Sense
2025-08-10T17:12:15Z,81.0,Sense
2025-08-10T17:12:20Z,80.0,Sense
2025-08-10T17:12:25Z,81.0,Sense
2025-08-10T17:12:30Z,82.0,Sense
2025-08-10T17:12:40Z,83.0,Sense
2025-08-10T17:12:55Z,82.0,Sense
2025-08-10T17:13:00Z,81.0,Sense
2025-08-10T17:13:05Z,80.0,Sense
2025-08-10T17:13:15Z,79.0,Sense
2025-08-10T17:13:30Z,79.0,Sense
2025-08-10T17:13:35Z,80.0,Sense
2025-08-10T17:13:40Z,80.0,Sense
2025-08-10T17:13:50Z,80.0,Sense
2025-08-10T17:13:55Z,81.0,Sense
2025-08-10T17:14:00Z,81.0,Sense
2025-08-10T17:14:05Z,80.0,Sense
2025-08-10T17:14:10Z,79.0,Sense
2025-08-10T17:14:15Z,78.0,Sense
2025-08-10T17:14:20Z,77.0,Sense
2025-08-10T17:14:35Z,78.0,Sense
2025-08-10T17:14:40Z,77.0,Sense
2025-08-10T17:14:50Z,78.0,Sense
2025-08-10T17:15:05Z,80.0,Sense
2025-08-10T17:15:20Z,81.0,Sense
2025-08-10T17:15:35Z,86.0,Sense
2025-08-10T17:15:40Z,91.0,Sense
2025-08-10T17:15:45Z,90.0,Sense
2025-08-10T17:15:55Z,89.0,Sense
2025-08-10T17:16:00Z,89.0,Sense
2025-08-10T17:16:05Z,88.0,Sense
2025-08-10T17:16:15Z,87.0,Sense
2025-08-10T17:16:20Z,86.0,Sense
2025-08-10T17:16:25Z,85.0,Sense
2025-08-10T17:16:30Z,83.0,Sense
2025-08-10T17:16:45Z,83.0,Sense
2025-08-10T17:16:50Z,81.0,Sense
2025-08-10T17:16:55Z,81.0,Sense
2025-08-10T17:17:10Z,81.0,Sense
2025-08-10T17:17:15Z,80.0,Sense
2025-08-10T17:17:25Z,79.0,Sense
2025-08-10T17:17:40Z,78.0,Sense
2025-08-10T17:17:45Z,76.0,Sense
2025-08-10T17:17:55Z,77.0,Sense
2025-08-10T17:18:00Z,76.0,Sense
2025-08-10T17:18:05Z,77.0,Sense
2025-08-10T17:18:10Z,78.0,Sense
2025-08-10T17:18:25Z,78.0,Sense
2025-08-10T17:18:35Z,77.0,Sense
2025-08-10T17:18:45Z,78.0,Sense
2025-08-10T17:18:50Z,79.0,Sense
2025-08-10T17:19:05Z,80.0,Sense
2025-08-10T17:19:10Z,79.0,Sense
2025-08-10T17:19:25Z,78.0,Sense
2025-08-10T17:19:30Z,77.0,Sense
2025-08-10T17:19:45Z,79.0,Sense
2025-08-10T17:20:00Z,79.0,Sense
2025-08-10T17:20:05Z,78.0,Sense
2025-08-10T17:20:15Z,77.0,Sense
2025-08-10T17:20:20Z,75.0,Sense
2025-08-10T17:20:25Z,75.0,Sense
2025-08-10T17:20:40Z,75.0,Sense
2025-08-10T17:20:50Z,76.0,Sense
2025-08-10T17:21:00Z,77.0,Sense
2025-08-10T17:21:15Z,77.0,Sense
2025-08-10T17:21:30Z,77.0,Sense
2025-08-10T17:21:35Z,77.0,Sense
2025-08-10T17:21:40Z,78.0,Sense
2025-08-10T17:21:55Z,77.0,Sense
2025-08-10T17:22:05Z,75.0,Sense
2025-08-10T17:22:10Z,74.0,Sense
2025-08-10T17:22:25Z,74.0,Sense
2025-08-10T17:22:30Z,73.0,Sense
2025-08-10T17:22:40Z,74.0,Sense
2025-08-10T17:22:45Z,74.0,Sense
2025-08-10T17:22:55Z,76.0,Sense
2025-08-10T17:23:10Z,76.0,Sense
2025-08-10T17:23:20Z,74.0,Sense
2025-08-10T17:23:25Z,70.0,Sense
2025-08-10T17:23:30Z,69.0,Sense
2025-08-10T17:23:35Z,68.0,Sense
2025-08-10T17:23:50Z,69.0,Sense
2025-08-10T17:23:55Z,70.0,Sense
2025-08-10T17:24:00Z,70.0,Sense
2025-08-10T17:24:15Z,82.0,Sense
2025-08-10T17:24:20Z,86.0,Sense
2025-08-10T17:24:30Z,85.0,Sense
2025-08-10T17:24:40Z,84.0,Sense
2025-08-10T17:24:55Z,84.0,Sense
2025-08-10T17:25:00Z,83.0,Sense
2025-08-10T17:25:05Z,82.0,Sense
2025-08-10T17:25:20Z,82.0,Sense
2025-08-10T17:25:25Z,80.0,Sense
2025-08-10T17:25:35Z,79.0,Sense
2025-08-10T17:25:50Z,80.0,Sense
2025-08-10T17:25:55Z,78.0,Sense
2025-08-10T17:26:00Z,77.0,Sense
2025-08-10T17:26:15Z,78.0,Sense
2025-08-10T17:26:30Z,78.0,Sense
2025-08-10T17:26:45Z,78.0,Sense
2025-08-10T17:26:55Z,77.0,Sense
2025-08-10T17:27:05Z,78.0,Sense
2025-08-10T17:27:10Z,76.0,Sense
2025-08-10T17:27:25Z,76.0,Sense
2025-08-10T17:27:30Z,75.0,Sense
2025-08-10T17:27:35Z,73.0,Sense
2025-08-10T17:27:40Z,75.0,Sense
2025-08-10T17:27:50Z,76.0,Sense
2025-08-10T17:28:00Z,75.0,Sense
2025-08-10T17:28:15Z,76.0,Sense
2025-08-10T17:28:25Z,77.0,Sense
2025-08-10T17:28:30Z,78.0,Sense
2025-08-10T17:28:35Z,79.0,Sense
2025-08-10T17:28:40Z,80.0,Sense
2025-08-10T17:28:50Z,81.0,Sense
2025-08-10T17:29:05Z,80.0,Sense
2025-08-10T17:29:20Z,80.0,Sense
2025-08-10T17:29:25Z,77.0,Sense
2025-08-10T17:29:30Z,73.0,Sense
2025-08-10T17:29:35Z,74.0,Sense
2025-08-10T17:29:50Z,74.0,Sense
2025-08-10T17:30:00Z,74.0,Sense
2025-08-10T17:30:05Z,75.0,Sense
2025-08-10T17:30:20Z,75.0,Sense
2025-08-10T17:30:30Z,76.0,Sense
2025-08-10T17:30:35Z,75.0,Sense
2025-08-10T17:30:40Z,72.0,Sense
2025-08-10T17:30:50Z,74.0,Sense
2025-08-10T17:30:55Z,73.0,Sense
2025-08-10T17:31:10Z,72.0,Sense
2025-08-10T17:31:25Z,72.0,Sense
2025-08-10T17:31:35Z,72.0,Sense
2025-08-10T17:31:50Z,72.0,Sense
2025-08-10T17:32:00Z,70.0,Sense
2025-08-10T17:32:05Z,70.0,Sense
2025-08-10T17:32:20Z,71.0,Sense
2025-08-10T17:32:30Z,72.0,Sense
2025-08-10T17:32:35Z,73.0,Sense
2025-08-10T17:32:50Z,74.0,Sense
2025-08-10T17:33:05Z,74.0,Sense
2025-08-10T17:33:10Z,76.0,Sense
2025-08-10T17:33:15Z,77.0,Sense
2025-08-10T17:33:30Z,77.0,Sense
2025-08-10T17:33:40Z,78.0,Sense
2025-08-10T17:33:55Z,78.0,Sense
2025-08-10T17:34:10Z,77.0,Sense
2025-08-10T17:34:15Z,77.0,Sense
2025-08-10T17:34:30Z,78.0,Sense
2025-08-10T17:34:35Z,79.0,Sense
2025-08-10T17:34:40Z,80.0,Sense
2025-08-10T17:34:50Z,81.0,Sense
2025-08-10T17:34:55Z,81.0,Sense
2025-08-10T17:35:05Z,82.0,Sense
2025-08-10T17:35:15Z,81.0,Sense
2025-08-10T17:35:30Z,79.0,Sense
2025-08-10T17:35:45Z,78.0,Sense
2025-08-10T17:35:50Z,77.0,Sense
2025-08-10T17:35:55Z,76.0,Sense
2025-08-10T17:36:00Z,77.0,Sense
2025-08-10T17:36:15Z,77.0,Sense
2025-08-10T17:36:20Z,78.0,Sense
2025-08-10T17:36:25Z,78.0,Sense
2025-08-10T17:36:30Z,77.0,Sense
2025-08-10T17:36:35Z,77.0,Sense
2025-08-10T17:36:50Z,76.0,Sense
2025-08-10T17:36:55Z,75.0,Sense
2025-08-10T17:37:00Z,74.0,Sense
2025-08-10T17:37:05Z,73.0,Sense
2025-08-10T17:37:15Z,74.0,Sense
2025-08-10T17:37:25Z,74.0,Sense
2025-08-10T17:37:35Z,75.0,Sense
2025-08-10T17:37:40Z,76.0,Sense
2025-08-10T17:37:50Z,77.0,Sense
2025-08-10T17:37:55Z,77.0,Sense
2025-08-10T17:38:00Z,76.0,Sense
2025-08-10T17:38:15Z,76.0,Sense
2025-08-10T17:38:30Z,76.0,Sense
2025-08-10T17:38:35Z,75.0,Sense
2025-08-10T17:38:40Z,76.0,Sense
2025-08-10T17:38:50Z,77.0,Sense
2025-08-10T17:38:55Z,78.0,Sense
2025-08-10T17:39:05Z,77.0,Sense
2025-08-10T17:39:10Z,78.0,Sense
2025-08-10T17:39:20Z,79.0,Sense
2025-08-10T17:39:35Z,81.0,Sense
2025-08-10T17:39:40Z,82.0,Sense
2025-08-10T17:39:45Z,83.0,Sense
2025-08-10T17:39:55Z,84.0,Sense
2025-08-10T17:40:05Z,83.0,Sense
2025-08-10T17:40:20Z,83.0,Sense
2025-08-10T17:40:35Z,83.0,Sense
2025-08-10T17:40:40Z,80.0,Sense
2025-08-10T17:40:45Z,79.0,Sense
2025-08-10T17:41:00Z,79.0,Sense
2025-08-10T17:41:05Z,79.0,Sense
2025-08-10T17:41:10Z,82.0,Sense
2025-08-10T17:41:15Z,84.0,Sense
2025-08-10T17:41:25Z,83.0,Sense
2025-08-10T17:41:35Z,84.0,Sense
2025-08-10T17:41:40Z,83.0,Sense
2025-08-10T17:41:45Z,81.0,Sense
2025-08-10T17:41:50Z,81.0,Sense
2025-08-10T17:41:55Z,82.0,Sense
2025-08-10T17:42:00Z,81.0,Sense
2025-08-10T17:42:05Z,80.0,Sense
2025-08-10T17:42:10Z,79.0,Sense
2025-08-10T17:42:25Z,75.0,Sense
2025-08-10T17:42:30Z,71.0,Sense
2025-08-10T17:42:35Z,76.0,Sense
2025-08-10T17:42:40Z,77.0,Sense
2025-08-10T17:42:50Z,76.0,Sense
2025-08-10T17:42:55Z,77.0,Sense
2025-08-10T17:43:00Z,73.0,Sense
2025-08-10T17:43:15Z,74.0,Sense
2025-08-10T17:43:20Z,75.0,Sense
2025-08-10T17:43:30Z,76.0,Sense
2025-08-10T17:43:35Z,76.0,Sense
2025-08-10T17:43:40Z,77.0,Sense
2025-08-10T17:43:45Z,78.0,Sense
2025-08-10T17:43:50Z,80.0,Sense
2025-08-10T17:43:55Z,82.0,Sense
2025-08-10T17:44:10Z,82.0,Sense
2025-08-10T17:44:20Z,83.0,Sense
2025-08-10T17:44:35Z,83.0,Sense
2025-08-10T17:44:50Z,83.0,Sense
2025-08-10T17:44:55Z,81.0,Sense
2025-08-10T17:45:00Z,72.0,Sense
2025-08-10T17:45:15Z,73.0,Sense
2025-08-10T17:45:25Z,74.0,Sense
2025-08-10T17:45:30Z,77.0,Sense
2025-08-10T17:45:35Z,77.0,Sense
2025-08-10T17:45:40Z,77.0,Sense
2025-08-10T17:45:55Z,77.0,Sense
2025-08-10T17:46:10Z,81.0,Sense
2025-08-10T17:46:15Z,82.0,Sense
2025-08-10T17:46:25Z,81.0,Sense
2025-08-10T17:46:35Z,82.0,Sense
2025-08-10T17:46:40Z,81.0,Sense
2025-08-10T17:46:45Z,80.0,Sense
2025-08-10T17:46:55Z,78.0,Sense
2025-08-10T17:47:00Z,78.0,Sense
2025-08-10T17:47:05Z,82.0,Sense
2025-08-10T17:47:10Z,87.0,Sense
2025-08-10T17:47:15Z,88.0,Sense
2025-08-10T17:47:20Z,89.0,Sense
2025-08-10T17:47:30Z,88.0,Sense
2025-08-10T17:47:35Z,87.0,Sense
2025-08-10T17:47:45Z,87.0,Sense
2025-08-10T17:48:00Z,87.0,Sense
2025-08-10T17:48:05Z,88.0,Sense
2025-08-10T17:48:10Z,87.0,Sense
2025-08-10T17:48:15Z,86.0,Sense
2025-08-10T17:48:30Z,86.0,Sense
2025-08-10T17:48:35Z,87.0,Sense
2025-08-10T17:48:40Z,88.0,Sense
2025-08-10T17:48:50Z,87.0,Sense
2025-08-10T17:48:55Z,86.0,Sense
2025-08-10T17:49:00Z,85.0,Sense
2025-08-10T17:49:15Z,85.0,Sense
2025-08-10T17:49:20Z,86.0,Sense
2025-08-10T17:49:30Z,85.0,Sense
2025-08-10T17:49:35Z,84.0,Sense
2025-08-10T17:49:40Z,81.0,Sense
2025-08-10T17:49:45Z,77.0,Sense
2025-08-10T17:49:50Z,76.0,Sense
2025-08-10T17:49:55Z,77.0,Sense
2025-08-10T17:50:10Z,77.0,Sense
2025-08-10T17:50:15Z,76.0,Sense
2025-08-10T17:50:20Z,76.0,Sense
2025-08-10T17:50:25Z,78.0,Sense
2025-08-10T17:50:30Z,77.0,Sense
2025-08-10T17:50:35Z,77.0,Sense
2025-08-10T17:50:40Z,74.0,Sense
2025-08-10T17:50:50Z,75.0,Sense
2025-08-10T17:51:00Z,74.0,Sense
2025-08-10T17:51:15Z,74.0,Sense
2025-08-10T17:51:20Z,75.0,Sense
2025-08-10T17:51:30Z,76.0,Sense
2025-08-10T17:51:35Z,77.0,Sense
2025-08-10T17:51:40Z,78.0,Sense
2025-08-10T17:51:45Z,78.0,Sense
2025-08-10T17:51:55Z,80.0,Sense
2025-08-10T17:52:00Z,81.0,Sense
2025-08-10T17:52:05Z,85.0,Sense
2025-08-10T17:52:10Z,90.0,Sense
2025-08-10T17:52:15Z,91.0,Sense
2025-08-10T17:52:30Z,91.0,Sense
2025-08-10T17:52:35Z,90.0,Sense
2025-08-10T17:52:40Z,89.0,Sense
2025-08-10T17:52:45Z,88.0,Sense
2025-08-10T17:52:50Z,87.0,Sense
2025-08-10T17:52:55Z,87.0,Sense
2025-08-10T17:53:00Z,86.0,Sense
2025-08-10T17:53:05Z,85.0,Sense
2025-08-10T17:53:10Z,84.0,Sense
2025-08-10T17:53:25Z,83.0,Sense
2025-08-10T17:53:30Z,84.0,Sense
2025-08-10T17:53:40Z,83.0,Sense
2025-08-10T17:53:45Z,82.0,Sense
2025-08-10T17:53:55Z,83.0,Sense
2025-08-10T17:54:00Z,84.0,Sense
2025-08-10T17:54:10Z,83.0,Sense
2025-08-10T17:54:20Z,82.0,Sense
2025-08-10T17:54:25Z,81.0,Sense
2025-08-10T17:54:30Z,80.0,Sense
2025-08-10T17:54:35Z,84.0,Sense
2025-08-10T17:54:40Z,87.0,Sense
2025-08-10T17:54:45Z,87.0,Sense
2025-08-10T17:54:50Z,85.0,Sense
2025-08-10T17:54:55Z,81.0,Sense
2025-08-10T17:55:10Z,81.0,Sense
2025-08-10T17:55:20Z,82.0,Sense
2025-08-10T17:55:30Z,81.0,Sense
2025-08-10T17:55:40Z,80.0,Sense
2025-08-10T17:55:50Z,82.0,Sense
2025-08-10T17:56:00Z,81.0,Sense
2025-08-10T17:56:15Z,82.0,Sense
2025-08-10T17:56:20Z,83.0,Sense
2025-08-10T17:56:25Z,82.0,Sense
2025-08-10T17:56:30Z,81.0,Sense
2025-08-10T17:56:45Z,81.0,Sense
2025-08-10T17:56:50Z,75.0,Sense
2025-08-10T17:57:05Z,79.0,Sense
2025-08-10T17:57:10Z,81.0,Sense
2025-08-10T17:57:25Z,80.0,Sense
2025-08-10T17:57:30Z,79.0,Sense
2025-08-10T17:57:35Z,78.0,Sense
2025-08-10T17:57:50Z,82.0,Sense
2025-08-10T17:57:55Z,84.0,Sense
2025-08-10T17:58:05Z,76.0,Sense
2025-08-10T17:58:10Z,75.0,Sense
2025-08-10T17:58:25Z,75.0,Sense
2025-08-10T17:58:30Z,74.0,Sense
2025-08-10T17:58:40Z,74.0,Sense
2025-08-10T17:58:45Z,74.0,Sense
2025-08-10T17:58:50Z,75.0,Sense
2025-08-10T17:59:05Z,82.0,Sense
2025-08-10T17:59:10Z,86.0,Sense
2025-08-10T17:59:20Z,88.0,Sense
2025-08-10T17:59:25Z,89.0,Sense
2025-08-10T17:59:30Z,92.0,Sense
2025-08-10T17:59:35Z,93.0,Sense
2025-08-10T17:59:40Z,92.0,Sense
2025-08-10T17:59:50Z,91.0,Sense
2025-08-10T17:59:55Z,91.0,Sense
2025-08-10T18:00:10Z,90.0,Sense
2025-08-10T18:00:25Z,90.0,Sense
2025-08-10T18:00:35Z,79.0,Sense
2025-08-10T18:00:45Z,75.0,Sense
2025-08-10T18:00:50Z,74.0,Sense
2025-08-10T18:01:00Z,75.0,Sense
2025-08-10T18:01:05Z,76.0,Sense
2025-08-10T18:01:10Z,76.0,Sense
2025-08-10T18:01:25Z,77.0,Sense
2025-08-10T18:01:30Z,79.0,Sense
2025-08-10T18:01:35Z,86.0,Sense
2025-08-10T18:01:40Z,87.0,Sense
2025-08-10T18:01:55Z,87.0,Sense
2025-08-10T18:02:05Z,87.0,Sense
2025-08-10T18:02:10Z,88.0,Sense
2025-08-10T18:02:15Z,84.0,Sense
2025-08-10T18:02:20Z,81.0,Sense
2025-08-10T18:02:30Z,82.0,Sense
2025-08-10T18:02:35Z,83.0,Sense
2025-08-10T18:02:40Z,85.0,Sense
2025-08-10T18:02:50Z,84.0,Sense
2025-08-10T18:03:05Z,84.0,Sense
2025-08-10T18:03:10Z,85.0,Sense
2025-08-10T18:03:15Z,86.0,Sense
2025-08-10T18:03:20Z,85.0,Sense
2025-08-10T18:03:25Z,84.0,Sense
2025-08-10T18:03:30Z,85.0,Sense
2025-08-10T18:03:35Z,84.0,Sense
2025-08-10T18:03:45Z,83.0,Sense
2025-08-10T18:03:50Z,84.0,Sense
2025-08-10T18:04:05Z,85.0,Sense
2025-08-10T18:04:20Z,84.0,Sense
2025-08-10T18:04:35Z,83.0,Sense
2025-08-10T18:04:50Z,83.0,Sense
2025-08-10T18:04:55Z,84.0,Sense
2025-08-10T18:05:05Z,83.0,Sense
2025-08-10T18:05:15Z,82.0,Sense
2025-08-10T18:05:20Z,79.0,Sense
2025-08-10T18:05:25Z,77.0,Sense
2025-08-10T18:05:30Z,78.0,Sense
2025-08-10T18:05:35Z,77.0,Sense
2025-08-10T18:05:45Z,78.0,Sense
2025-08-10T18:05:50Z,78.0,Sense
2025-08-10T18:06:00Z,78.0,Sense
2025-08-10T18:06:10Z,80.0,Sense
2025-08-10T18:06:15Z,81.0,Sense
2025-08-10T18:06:20Z,82.0,Sense
2025-08-10T18:06:25Z,83.0,Sense
2025-08-10T18:06:35Z,85.0,Sense
2025-08-10T18:06:40Z,84.0,Sense
2025-08-10T18:06:45Z,83.0,Sense
2025-08-10T18:06:50Z,86.0,Sense
2025-08-10T18:07:05Z,85.0,Sense
2025-08-10T18:07:15Z,84.0,Sense
2025-08-10T18:07:20Z,85.0,Sense
2025-08-10T18:07:30Z,86.0,Sense
2025-08-10T18:07:35Z,85.0,Sense
2025-08-10T18:07:40Z,84.0,Sense
2025-08-10T18:07:45Z,85.0,Sense
2025-08-10T18:07:55Z,83.0,Sense
2025-08-10T18:08:00Z,81.0,Sense
2025-08-10T18:08:05Z,82.0,Sense
2025-08-10T18:08:10Z,86.0,Sense
2025-08-10T18:08:15Z,91.0,Sense
2025-08-10T18:08:20Z,90.0,Sense
2025-08-10T18:08:25Z,92.0,Sense
2025-08-10T18:08:35Z,91.0,Sense
2025-08-10T18:08:40Z,90.0,Sense
2025-08-10T18:08:55Z,88.0,Sense
2025-08-10T18:09:00Z,88.0,Sense
2025-08-10T18:09:05Z,89.0,Sense
2025-08-10T18:09:10Z,88.0,Sense
2025-08-10T18:09:15Z,86.0,Sense
2025-08-10T18:09:20Z,85.0,Sense
2025-08-10T18:09:25Z,84.0,Sense
2025-08-10T18:09:35Z,85.0,Sense
2025-08-10T18:09:45Z,84.0,Sense
2025-08-10T18:09:50Z,83.0,Sense
2025-08-10T18:09:55Z,82.0,Sense
2025-08-10T18:10:00Z,81.0,Sense
2025-08-10T18:10:05Z,82.0,Sense
2025-08-10T18:10:10Z,81.0,Sense
2025-08-10T18:10:15Z,80.0,Sense
2025-08-10T18:10:20Z,81.0,Sense
2025-08-10T18:10:25Z,82.0,Sense
2025-08-10T18:10:35Z,83.0,Sense
2025-08-10T18:10:45Z,85.0,Sense
2025-08-10T18:10:50Z,86.0,Sense
2025-08-10T18:10:55Z,87.0,Sense
2025-08-10T18:11:10Z,86.0,Sense
2025-08-10T18:11:15Z,85.0,Sense
2025-08-10T18:11:20Z,85.0,Sense
2025-08-10T18:11:25Z,86.0,Sense
2025-08-10T18:11:30Z,85.0,Sense
2025-08-10T18:11:35Z,90.0,Sense
2025-08-10T18:11:40Z,94.0,Sense
2025-08-10T18:11:45Z,93.0,Sense
2025-08-10T18:11:55Z,92.0,Sense
2025-08-10T18:12:00Z,91.0,Sense
2025-08-10T18:12:05Z,90.0,Sense
2025-08-10T18:12:10Z,98.0,Sense
2025-08-10T18:12:15Z,111.0,Sense
2025-08-10T18:12:20Z,113.0,Sense
2025-08-10T18:12:25Z,127.0,Sense
2025-08-10T18:12:30Z,128.0,Sense
2025-08-10T18:12:35Z,129.0,Sense
2025-08-10T18:12:40Z,128.0,Sense
2025-08-10T18:12:45Z,116.0,Sense
2025-08-10T18:12:50Z,111.0,Sense
2025-08-10T18:12:55Z,102.0,Sense
2025-08-10T18:13:00Z,94.0,Sense
2025-08-10T18:13:05Z,93.0,Sense
2025-08-10T18:13:10Z,92.0,Sense
2025-08-10T18:13:15Z,91.0,Sense
2025-08-10T18:13:20Z,90.0,Sense
2025-08-10T18:13:25Z,89.0,Sense
2025-08-10T18:13:30Z,93.0,Sense
2025-08-10T18:13:40Z,92.0,Sense
2025-08-10T18:13:45Z,92.0,Sense
2025-08-10T18:13:50Z,91.0,Sense
2025-08-10T18:13:55Z,90.0,Sense
2025-08-10T18:14:00Z,89.0,Sense
2025-08-10T18:14:05Z,87.0,Sense
2025-08-10T18:14:10Z,86.0,Sense
2025-08-10T18:14:20Z,84.0,Sense
2025-08-10T18:14:30Z,86.0,Sense
2025-08-10T18:14:45Z,85.0,Sense
2025-08-10T18:14:50Z,84.0,Sense
2025-08-10T18:14:55Z,83.0,Sense
2025-08-10T18:15:00Z,82.0,Sense
2025-08-10T18:15:05Z,73.0,Sense
2025-08-10T18:15:10Z,71.0,Sense
2025-08-10T18:15:25Z,72.0,Sense
2025-08-10T18:15:35Z,73.0,Sense
2025-08-10T18:15:40Z,74.0,Sense
2025-08-10T18:15:45Z,75.0,Sense
2025-08-10T18:15:50Z,76.0,Sense
2025-08-10T18:15:55Z,77.0,Sense
2025-08-10T18:16:00Z,79.0,Sense
2025-08-10T18:16:05Z,80.0,Sense
2025-08-10T18:16:10Z,81.0,Sense
2025-08-10T18:16:15Z,80.0,Sense
2025-08-10T18:16:20Z,80.0,Sense
2025-08-10T18:16:25Z,79.0,Sense
2025-08-10T18:16:30Z,78.0,Sense
2025-08-10T18:16:45Z,78.0,Sense
2025-08-10T18:16:55Z,97.0,Sense
2025-08-10T18:17:00Z,117.0,Sense
2025-08-10T18:17:10Z,125.0,Sense
2025-08-10T18:17:15Z,133.0,Sense
2025-08-10T18:17:20Z,132.0,Sense
2025-08-10T18:17:25Z,134.0,Sense
2025-08-10T18:17:30Z,133.0,Sense
2025-08-10T18:17:35Z,128.0,Sense
2025-08-10T18:17:40Z,123.0,Sense
2025-08-10T18:17:45Z,118.0,Sense
2025-08-10T18:17:50Z,112.0,Sense
2025-08-10T18:17:55Z,107.0,Sense
2025-08-10T18:18:00Z,105.0,Sense
2025-08-10T18:18:05Z,101.0,Sense
2025-08-10T18:18:10Z,97.0,Sense
2025-08-10T18:18:15Z,94.0,Sense
2025-08-10T18:18:20Z,91.0,Sense
2025-08-10T18:18:25Z,89.0,Sense
2025-08-10T18:18:30Z,87.0,Sense
2025-08-10T18:18:35Z,85.0,Sense
2025-08-10T18:18:40Z,83.0,Sense
2025-08-10T18:18:45Z,82.0,Sense
2025-08-10T18:18:55Z,76.0,Sense
2025-08-10T18:19:00Z,75.0,Sense
2025-08-10T18:19:10Z,76.0,Sense
2025-08-10T18:19:15Z,78.0,Sense
2025-08-10T18:19:20Z,79.0,Sense
2025-08-10T18:19:25Z,80.0,Sense
2025-08-10T18:19:30Z,81.0,Sense
2025-08-10T18:19:35Z,82.0,Sense
2025-08-10T18:19:45Z,83.0,Sense
2025-08-10T18:19:50Z,82.0,Sense
2025-08-10T18:20:05Z,81.0,Sense
2025-08-10T18:20:10Z,80.0,Sense
2025-08-10T18:20:25Z,81.0,Sense
2025-08-10T18:20:30Z,80.0,Sense
2025-08-10T18:20:35Z,79.0,Sense
2025-08-10T18:20:40Z,80.0,Sense
2025-08-10T18:20:55Z,81.0,Sense
2025-08-10T18:21:00Z,87.0,Sense
2025-08-10T18:21:05Z,88.0,Sense
2025-08-10T18:21:20Z,88.0,Sense
2025-08-10T18:21:25Z,89.0,Sense
2025-08-10T18:21:30Z,88.0,Sense
2025-08-10T18:21:40Z,86.0,Sense
2025-08-10T18:21:45Z,81.0,Sense
2025-08-10T18:21:50Z,78.0,Sense
2025-08-10T18:22:05Z,81.0,Sense
2025-08-10T18:22:10Z,85.0,Sense
2025-08-10T18:22:25Z,85.0,Sense
2025-08-10T18:22:30Z,84.0,Sense
2025-08-10T18:22:40Z,83.0,Sense
2025-08-10T18:22:45Z,82.0,Sense
2025-08-10T18:22:50Z,78.0,Sense
2025-08-10T18:23:00Z,81.0,Sense
2025-08-10T18:23:05Z,83.0,Sense
2025-08-10T18:23:20Z,83.0,Sense
2025-08-10T18:23:25Z,84.0,Sense
2025-08-10T18:23:40Z,84.0,Sense
2025-08-10T18:23:45Z,85.0,Sense
2025-08-10T18:23:55Z,84.0,Sense
2025-08-10T18:24:10Z,84.0,Sense
2025-08-10T18:24:15Z,85.0,Sense
2025-08-10T18:24:30Z,84.0,Sense
2025-08-10T18:24:45Z,85.0,Sense
2025-08-10T18:24:55Z,89.0,Sense
2025-08-10T18:25:00Z,89.0,Sense
2025-08-10T18:25:05Z,92.0,Sense
2025-08-10T18:25:10Z,94.0,Sense
2025-08-10T18:25:15Z,93.0,Sense
2025-08-10T18:25:20Z,87.0,Sense
2025-08-10T18:25:35Z,86.0,Sense
2025-08-10T18:25:40Z,85.0,Sense
2025-08-10T18:25:45Z,84.0,Sense
2025-08-10T18:26:00Z,85.0,Sense
2025-08-10T18:26:15Z,85.0,Sense
2025-08-10T18:26:25Z,84.0,Sense
2025-08-10T18:26:30Z,83.0,Sense
2025-08-10T18:26:40Z,89.0,Sense
2025-08-10T18:26:45Z,90.0,Sense
2025-08-10T18:26:55Z,89.0,Sense
2025-08-10T18:27:00Z,100.0,Sense
2025-08-10T18:27:05Z,99.0,Sense
2025-08-10T18:27:10Z,98.0,Sense
2025-08-10T18:27:20Z,96.0,Sense
2025-08-10T18:27:25Z,92.0,Sense
2025-08-10T18:27:30Z,96.0,Sense
2025-08-10T18:27:35Z,95.0,Sense
2025-08-10T18:27:45Z,94.0,Sense
2025-08-10T18:27:50Z,93.0,Sense
2025-08-10T18:27:55Z,92.0,Sense
2025-08-10T18:28:00Z,91.0,Sense
2025-08-10T18:28:15Z,89.0,Sense
2025-08-10T18:28:30Z,89.0,Sense
2025-08-10T18:28:40Z,90.0,Sense
2025-08-10T18:28:55Z,90.0,Sense
2025-08-10T18:29:00Z,88.0,Sense
2025-08-10T18:29:05Z,87.0,Sense
2025-08-10T18:29:10Z,86.0,Sense
2025-08-10T18:29:15Z,87.0,Sense
2025-08-10T18:29:30Z,86.0,Sense
2025-08-10T18:29:45Z,81.0,Sense
2025-08-10T18:30:00Z,81.0,Sense
2025-08-10T18:30:10Z,82.0,Sense
2025-08-10T18:30:15Z,81.0,Sense
2025-08-10T18:30:20Z,81.0,Sense
2025-08-10T18:30:25Z,82.0,Sense
2025-08-10T18:30:35Z,82.0,Sense
2025-08-10T18:30:50Z,82.0,Sense
2025-08-10T18:30:55Z,83.0,Sense
2025-08-10T18:31:00Z,85.0,Sense
2025-08-10T18:31:05Z,99.0,Sense
2025-08-10T18:31:10Z,112.0,Sense
2025-08-10T18:31:15Z,111.0,Sense
2025-08-10T18:31:20Z,102.0,Sense
2025-08-10T18:31:25Z,97.0,Sense
2025-08-10T18:31:30Z,96.0,Sense
2025-08-10T18:31:35Z,83.0,Sense
2025-08-10T18:31:40Z,78.0,Sense
2025-08-10T18:31:45Z,81.0,Sense
2025-08-10T18:31:50Z,83.0,Sense
2025-08-10T18:32:05Z,83.0,Sense
2025-08-10T18:32:10Z,84.0,Sense
2025-08-10T18:32:15Z,85.0,Sense
2025-08-10T18:32:30Z,86.0,Sense
2025-08-10T18:32:40Z,85.0,Sense
2025-08-10T18:32:45Z,84.0,Sense
2025-08-10T18:32:50Z,86.0,Sense
2025-08-10T18:33:00Z,85.0,Sense
2025-08-10T18:33:05Z,84.0,Sense
2025-08-10T18:33:15Z,85.0,Sense
2025-08-10T18:33:25Z,86.0,Sense
2025-08-10T18:33:35Z,87.0,Sense
2025-08-10T18:33:40Z,86.0,Sense
2025-08-10T18:33:55Z,87.0,Sense
2025-08-10T18:34:05Z,86.0,Sense
2025-08-10T18:34:10Z,87.0,Sense
2025-08-10T18:34:15Z,89.0,Sense
2025-08-10T18:34:20Z,90.0,Sense
2025-08-10T18:34:25Z,91.0,Sense
2025-08-10T18:34:30Z,103.0,Sense
2025-08-10T18:34:35Z,107.0,Sense
2025-08-10T18:34:40Z,106.0,Sense
2025-08-10T18:34:50Z,98.0,Sense
2025-08-10T18:34:55Z,87.0,Sense
2025-08-10T18:35:05Z,92.0,Sense
2025-08-10T18:35:20Z,89.0,Sense
2025-08-10T18:35:25Z,89.0,Sense
2025-08-10T18:35:35Z,88.0,Sense
2025-08-10T18:35:45Z,90.0,Sense
2025-08-10T18:35:55Z,90.0,Sense
2025-08-10T18:36:10Z,91.0,Sense
2025-08-10T18:36:15Z,92.0,Sense
2025-08-10T18:36:25Z,90.0,Sense
2025-08-10T18:36:30Z,89.0,Sense
2025-08-10T18:36:45Z,90.0,Sense
2025-08-10T18:36:55Z,97.0,Sense
2025-08-10T18:37:00Z,110.0,Sense
2025-08-10T18:37:10Z,108.0,Sense
2025-08-10T18:37:15Z,106.0,Sense
2025-08-10T18:37:20Z,102.0,Sense
2025-08-10T18:37:25Z,101.0,Sense
2025-08-10T18:37:30Z,100.0,Sense
2025-08-10T18:37:35Z,92.0,Sense
2025-08-10T18:37:40Z,95.0,Sense
2025-08-10T18:37:45Z,96.0,Sense
2025-08-10T18:37:50Z,95.0,Sense
2025-08-10T18:38:05Z,90.0,Sense
2025-08-10T18:38:10Z,88.0,Sense
2025-08-10T18:38:15Z,96.0,Sense
2025-08-10T18:38:20Z,103.0,Sense
2025-08-10T18:38:25Z,101.0,Sense
2025-08-10T18:38:30Z,99.0,Sense
2025-08-10T18:38:35Z,101.0,Sense
2025-08-10T18:38:40Z,99.0,Sense
2025-08-10T18:38:45Z,92.0,Sense
2025-08-10T18:38:50Z,86.0,Sense
2025-08-10T18:38:55Z,87.0,Sense
2025-08-10T18:39:05Z,85.0,Sense
2025-08-10T18:39:20Z,85.0,Sense
2025-08-10T18:39:25Z,86.0,Sense
2025-08-10T18:39:30Z,87.0,Sense
2025-08-10T18:39:35Z,86.0,Sense
2025-08-10T18:39:45Z,90.0,Sense
2025-08-10T18:39:50Z,95.0,Sense
2025-08-10T18:39:55Z,94.0,Sense
2025-08-10T18:40:05Z,96.0,Sense
2025-08-10T18:40:10Z,105.0,Sense
2025-08-10T18:40:15Z,107.0,Sense
2025-08-10T18:40:20Z,106.0,Sense
2025-08-10T18:40:25Z,103.0,Sense
2025-08-10T18:40:30Z,102.0,Sense
2025-08-10T18:40:40Z,100.0,Sense
2025-08-10T18:40:45Z,97.0,Sense
2025-08-10T18:40:50Z,95.0,Sense
2025-08-10T18:40:55Z,91.0,Sense
2025-08-10T18:41:00Z,90.0,Sense
2025-08-10T18:41:05Z,89.0,Sense
2025-08-10T18:41:10Z,89.0,Sense
2025-08-10T18:41:15Z,88.0,Sense
2025-08-10T18:41:25Z,89.0,Sense
2025-08-10T18:41:40Z,96.0,Sense
2025-08-10T18:41:45Z,113.0,Sense
2025-08-10T18:41:50Z,111.0,Sense
2025-08-10T18:41:55Z,110.0,Sense
2025-08-10T18:42:00Z,108.0,Sense
2025-08-10T18:42:05Z,104.0,Sense
2025-08-10T18:42:10Z,101.0,Sense
2025-08-10T18:42:15Z,98.0,Sense
2025-08-10T18:42:20Z,99.0,Sense
2025-08-10T18:42:30Z,98.0,Sense
2025-08-10T18:42:35Z,97.0,Sense
2025-08-10T18:42:40Z,98.0,Sense
2025-08-10T18:42:50Z,99.0,Sense
2025-08-10T18:42:55Z,100.0,Sense
2025-08-10T18:43:00Z,96.0,Sense
2025-08-10T18:43:05Z,95.0,Sense
2025-08-10T18:43:10Z,105.0,Sense
2025-08-10T18:43:15Z,114.0,Sense
2025-08-10T18:43:20Z,104.0,Sense
2025-08-10T18:43:25Z,97.0,Sense
2025-08-10T18:43:30Z,92.0,Sense
2025-08-10T18:43:35Z,91.0,Sense
2025-08-10T18:43:40Z,92.0,Sense
2025-08-10T18:43:45Z,93.0,Sense
2025-08-10T18:43:50Z,94.0,Sense
2025-08-10T18:44:00Z,94.0,Sense
2025-08-10T18:44:05Z,102.0,Sense
2025-08-10T18:44:10Z,90.0,Sense
2025-08-10T18:44:15Z,87.0,Sense
2025-08-10T18:44:30Z,87.0,Sense
2025-08-10T18:44:35Z,96.0,Sense
2025-08-10T18:44:40Z,108.0,Sense
2025-08-10T18:44:45Z,107.0,Sense
2025-08-10T18:44:55Z,105.0,Sense
2025-08-10T18:45:00Z,103.0,Sense
2025-08-10T18:45:10Z,103.0,Sense
2025-08-10T18:45:25Z,103.0,Sense
2025-08-10T18:45:35Z,102.0,Sense
2025-08-10T18:45:40Z,101.0,Sense
2025-08-10T18:45:50Z,102.0,Sense
2025-08-10T18:46:00Z,101.0,Sense
2025-08-10T18:46:05Z,100.0,Sense
2025-08-10T18:46:10Z,98.0,Sense
2025-08-10T18:46:20Z,97.0,Sense
2025-08-10T18:46:25Z,95.0,Sense
2025-08-10T18:46:30Z,94.0,Sense
2025-08-10T18:46:35Z,99.0,Sense
2025-08-10T18:46:40Z,100.0,Sense
2025-08-10T18:46:45Z,99.0,Sense
2025-08-10T18:46:50Z,98.0,Sense
2025-08-10T18:46:55Z,99.0,Sense
2025-08-10T18:47:00Z,98.0,Sense
2025-08-10T18:47:05Z,97.0,Sense
2025-08-10T18:47:10Z,99.0,Sense
2025-08-10T18:47:15Z,100.0,Sense
2025-08-10T18:47:30Z,100.0,Sense
2025-08-10T18:47:45Z,97.0,Sense
2025-08-10T18:47:55Z,88.0,Sense
2025-08-10T18:48:00Z,85.0,Sense
2025-08-10T18:48:10Z,84.0,Sense
2025-08-10T18:48:25Z,85.0,Sense
2025-08-10T18:48:30Z,86.0,Sense
2025-08-10T18:48:40Z,86.0,Sense
2025-08-10T18:48:45Z,87.0,Sense
2025-08-10T18:49:00Z,87.0,Sense
2025-08-10T18:49:05Z,88.0,Sense
2025-08-10T18:49:20Z,88.0,Sense
2025-08-10T18:49:30Z,89.0,Sense
2025-08-10T18:49:35Z,89.0,Sense
2025-08-10T18:49:40Z,88.0,Sense
2025-08-10T18:49:50Z,89.0,Sense
2025-08-10T18:50:00Z,90.0,Sense
2025-08-10T18:50:15Z,90.0,Sense
2025-08-10T18:50:30Z,92.0,Sense
2025-08-10T18:50:35Z,99.0,Sense
2025-08-10T18:50:45Z,98.0,Sense
2025-08-10T18:50:50Z,95.0,Sense
2025-08-10T18:51:05Z,95.0,Sense
2025-08-10T18:51:10Z,95.0,Sense
2025-08-10T18:51:15Z,94.0,Sense
2025-08-10T18:51:20Z,98.0,Sense
2025-08-10T18:51:25Z,106.0,Sense
2025-08-10T18:51:30Z,105.0,Sense
2025-08-10T18:51:35Z,102.0,Sense
2025-08-10T18:51:40Z,101.0,Sense
2025-08-10T18:51:45Z,100.0,Sense
2025-08-10T18:51:50Z,99.0,Sense
2025-08-10T18:52:00Z,89.0,Sense
2025-08-10T18:52:05Z,87.0,Sense
2025-08-10T18:52:20Z,88.0,Sense
2025-08-10T18:52:25Z,92.0,Sense
2025-08-10T18:52:30Z,91.0,Sense
2025-08-10T18:52:45Z,92.0,Sense
2025-08-10T18:52:50Z,92.0,Sense
2025-08-10T18:53:05Z,92.0,Sense
2025-08-10T18:53:15Z,93.0,Sense
2025-08-10T18:53:20Z,94.0,Sense
2025-08-10T18:53:25Z,93.0,Sense
2025-08-10T18:53:35Z,94.0,Sense
2025-08-10T18:53:40Z,95.0,Sense
2025-08-10T18:53:50Z,96.0,Sense
2025-08-10T18:53:55Z,95.0,Sense
2025-08-10T18:54:10Z,95.0,Sense
2025-08-10T18:54:25Z,96.0,Sense
2025-08-10T18:54:30Z,97.0,Sense
2025-08-10T18:54:40Z,96.0,Sense
2025-08-10T18:54:45Z,95.0,Sense
2025-08-10T18:54:50Z,94.0,Sense
2025-08-10T18:54:55Z,93.0,Sense
2025-08-10T18:55:00Z,91.0,Sense
2025-08-10T18:55:10Z,90.0,Sense
2025-08-10T18:55:25Z,91.0,Sense
2025-08-10T18:55:40Z,93.0,Sense
2025-08-10T18:55:45Z,95.0,Sense
2025-08-10T18:55:50Z,94.0,Sense
2025-08-10T18:55:55Z,93.0,Sense
2025-08-10T18:56:10Z,94.0,Sense
2025-08-10T18:56:15Z,96.0,Sense
2025-08-10T18:56:20Z,95.0,Sense
2025-08-10T18:56:25Z,94.0,Sense
2025-08-10T18:56:30Z,95.0,Sense
2025-08-10T18:56:35Z,97.0,Sense
2025-08-10T18:56:40Z,98.0,Sense
2025-08-10T18:56:50Z,97.0,Sense
2025-08-10T18:57:00Z,98.0,Sense
2025-08-10T18:57:05Z,99.0,Sense
2025-08-10T18:57:10Z,96.0,Sense
2025-08-10T18:57:25Z,95.0,Sense
2025-08-10T18:57:30Z,91.0,Sense
2025-08-10T18:57:35Z,88.0,Sense
2025-08-10T18:57:50Z,88.0,Sense
2025-08-10T18:57:55Z,89.0,Sense
2025-08-10T18:58:05Z,90.0,Sense
2025-08-10T18:58:15Z,90.0,Sense
2025-08-10T18:58:30Z,90.0,Sense
2025-08-10T18:58:35Z,89.0,Sense
2025-08-10T18:58:45Z,90.0,Sense
2025-08-10T18:58:50Z,91.0,Sense
2025-08-10T18:59:00Z,90.0,Sense
2025-08-10T18:59:05Z,91.0,Sense
2025-08-10T18:59:10Z,90.0,Sense
2025-08-10T18:59:15Z,89.0,Sense
2025-08-10T18:59:20Z,90.0,Sense
2025-08-10T18:59:25Z,91.0,Sense
2025-08-10T18:59:30Z,92.0,Sense
2025-08-10T18:59:35Z,91.0,Sense
2025-08-10T18:59:40Z,87.0,Sense
2025-08-10T18:59:45Z,87.0,Sense
2025-08-10T18:59:55Z,84.0,Sense
2025-08-10T19:00:00Z,85.0,Sense
2025-08-10T19:00:15Z,85.0,Sense
2025-08-10T19:00:20Z,86.0,Sense
2025-08-10T19:00:25Z,87.0,Sense
2025-08-10T19:00:30Z,89.0,Sense
2025-08-10T19:00:40Z,90.0,Sense
2025-08-10T19:00:45Z,91.0,Sense
2025-08-10T19:00:55Z,92.0,Sense
2025-08-10T19:01:00Z,93.0,Sense
2025-08-10T19:01:15Z,92.0,Sense
2025-08-10T19:01:30Z,91.0,Sense
2025-08-10T19:01:45Z,92.0,Sense
2025-08-10T19:01:50Z,91.0,Sense
2025-08-10T19:02:00Z,89.0,Sense
2025-08-10T19:02:05Z,89.0,Sense
2025-08-10T19:02:15Z,90.0,Sense
2025-08-10T19:02:30Z,90.0,Sense
2025-08-10T19:02:35Z,89.0,Sense
2025-08-10T19:02:40Z,90.0,Sense
2025-08-10T19:02:45Z,90.0,Sense
2025-08-10T19:02:50Z,91.0,Sense
2025-08-10T19:02:55Z,92.0,Sense
2025-08-10T19:03:00Z,90.0,Sense
2025-08-10T19:03:05Z,88.0,Sense
2025-08-10T19:03:10Z,85.0,Sense
2025-08-10T19:03:15Z,85.0,Sense
2025-08-10T19:03:30Z,85.0,Sense
2025-08-10T19:03:35Z,84.0,Sense
2025-08-10T19:03:40Z,82.0,Sense
2025-08-10T19:03:55Z,82.0,Sense
2025-08-10T19:04:00Z,83.0,Sense
2025-08-10T19:04:05Z,84.0,Sense
2025-08-10T19:04:20Z,85.0,Sense
2025-08-10T19:04:35Z,85.0,Sense
2025-08-10T19:04:45Z,86.0,Sense
2025-08-10T19:05:00Z,87.0,Sense
2025-08-10T19:05:05Z,88.0,Sense
2025-08-10T19:05:10Z,89.0,Sense
2025-08-10T19:05:15Z,85.0,Sense
2025-08-10T19:05:20Z,83.0,Sense
2025-08-10T19:05:25Z,84.0,Sense
2025-08-10T19:05:30Z,85.0,Sense
2025-08-10T19:05:45Z,92.0,Sense
2025-08-10T19:05:50Z,95.0,Sense
2025-08-10T19:05:55Z,91.0,Sense
2025-08-10T19:06:05Z,90.0,Sense
2025-08-10T19:06:15Z,102.0,Sense
2025-08-10T19:06:20Z,109.0,Sense
2025-08-10T19:06:30Z,108.0,Sense
2025-08-10T19:06:35Z,107.0,Sense
2025-08-10T19:06:45Z,105.0,Sense
2025-08-10T19:06:50Z,103.0,Sense
2025-08-10T19:06:55Z,101.0,Sense
2025-08-10T19:07:00Z,99.0,Sense
2025-08-10T19:07:05Z,96.0,Sense
2025-08-10T19:07:20Z,95.0,Sense
2025-08-10T19:07:35Z,94.0,Sense
2025-08-10T19:07:40Z,93.0,Sense
2025-08-10T19:07:50Z,92.0,Sense
2025-08-10T19:08:00Z,93.0,Sense
2025-08-10T19:08:05Z,101.0,Sense
2025-08-10T19:08:10Z,99.0,Sense
2025-08-10T19:08:15Z,98.0,Sense
2025-08-10T19:08:20Z,93.0,Sense
2025-08-10T19:08:25Z,92.0,Sense
2025-08-10T19:08:40Z,91.0,Sense
2025-08-10T19:08:45Z,84.0,Sense
2025-08-10T19:08:50Z,85.0,Sense
2025-08-10T19:08:55Z,86.0,Sense
2025-08-10T19:09:00Z,85.0,Sense
2025-08-10T19:09:05Z,86.0,Sense
2025-08-10T19:09:10Z,85.0,Sense
2025-08-10T19:09:20Z,91.0,Sense
2025-08-10T19:09:35Z,91.0,Sense
2025-08-10T19:09:40Z,94.0,Sense
2025-08-10T19:09:45Z,95.0,Sense
2025-08-10T19:09:50Z,105.0,Sense
2025-08-10T19:09:55Z,111.0,Sense
2025-08-10T19:10:00Z,109.0,Sense
2025-08-10T19:10:05Z,108.0,Sense
2025-08-10T19:10:10Z,94.0,Sense
2025-08-10T19:10:15Z,91.0,Sense
2025-08-10T19:10:25Z,90.0,Sense
2025-08-10T19:10:40Z,90.0,Sense
2025-08-10T19:10:45Z,88.0,Sense
2025-08-10T19:10:50Z,84.0,Sense
2025-08-10T19:10:55Z,85.0,Sense
2025-08-10T19:11:10Z,85.0,Sense
2025-08-10T19:11:15Z,85.0,Sense
2025-08-10T19:11:30Z,87.0,Sense
2025-08-10T19:11:35Z,88.0,Sense
2025-08-10T19:11:40Z,90.0,Sense
2025-08-10T19:11:45Z,92.0,Sense
2025-08-10T19:11:50Z,94.0,Sense
2025-08-10T19:12:00Z,97.0,Sense
2025-08-10T19:12:05Z,101.0,Sense
2025-08-10T19:12:20Z,100.0,Sense
2025-08-10T19:12:25Z,98.0,Sense
2025-08-10T19:12:30Z,96.0,Sense
2025-08-10T19:12:35Z,93.0,Sense
2025-08-10T19:12:40Z,90.0,Sense
2025-08-10T19:12:45Z,89.0,Sense
2025-08-10T19:12:50Z,90.0,Sense
2025-08-10T19:12:55Z,91.0,Sense
2025-08-10T19:13:00Z,92.0,Sense
2025-08-10T19:13:05Z,91.0,Sense
2025-08-10T19:13:10Z,89.0,Sense
2025-08-10T19:13:20Z,91.0,Sense
2025-08-10T19:13:25Z,92.0,Sense
2025-08-10T19:13:35Z,88.0,Sense
2025-08-10T19:13:40Z,84.0,Sense
2025-08-10T19:13:50Z,85.0,Sense
2025-08-10T19:14:00Z,84.0,Sense
2025-08-10T19:14:05Z,89.0,Sense
2025-08-10T19:14:10Z,96.0,Sense
2025-08-10T19:14:15Z,92.0,Sense
2025-08-10T19:14:20Z,95.0,Sense
2025-08-10T19:14:25Z,100.0,Sense
2025-08-10T19:14:35Z,99.0,Sense
2025-08-10T19:14:45Z,98.0,Sense
2025-08-10T19:14:55Z,97.0,Sense
2025-08-10T19:15:00Z,98.0,Sense
2025-08-10T19:15:05Z,97.0,Sense
2025-08-10T19:15:20Z,96.0,Sense
2025-08-10T19:15:25Z,94.0,Sense
2025-08-10T19:15:30Z,88.0,Sense
2025-08-10T19:15:35Z,85.0,Sense
2025-08-10T19:15:40Z,87.0,Sense
2025-08-10T19:15:45Z,84.0,Sense
2025-08-10T19:15:50Z,83.0,Sense
2025-08-10T19:15:55Z,85.0,Sense
2025-08-10T19:16:00Z,86.0,Sense
2025-08-10T19:16:05Z,87.0,Sense
2025-08-10T19:16:10Z,84.0,Sense
2025-08-10T19:16:20Z,85.0,Sense
2025-08-10T19:16:25Z,86.0,Sense
2025-08-10T19:16:30Z,87.0,Sense
2025-08-10T19:16:35Z,89.0,Sense
2025-08-10T19:16:50Z,89.0,Sense
2025-08-10T19:17:05Z,89.0,Sense
2025-08-10T19:17:20Z,89.0,Sense
2025-08-10T19:17:25Z,98.0,Sense
2025-08-10T19:17:30Z,101.0,Sense
2025-08-10T19:17:35Z,98.0,Sense
2025-08-10T19:17:40Z,108.0,Sense
2025-08-10T19:17:45Z,110.0,Sense
2025-08-10T19:18:00Z,110.0,Sense
2025-08-10T19:18:05Z,108.0,Sense
2025-08-10T19:18:20Z,108.0,Sense
2025-08-10T19:18:25Z,105.0,Sense
2025-08-10T19:18:30Z,101.0,Sense
2025-08-10T19:18:35Z,99.0,Sense
2025-08-10T19:18:45Z,97.0,Sense
2025-08-10T19:18:55Z,96.0,Sense
2025-08-10T19:19:00Z,95.0,Sense
2025-08-10T19:19:10Z,95.0,Sense
2025-08-10T19:19:15Z,98.0,Sense
2025-08-10T19:19:20Z,100.0,Sense
2025-08-10T19:19:30Z,99.0,Sense
2025-08-10T19:19:45Z,99.0,Sense
2025-08-10T19:19:50Z,98.0,Sense
2025-08-10T19:19:55Z,99.0,Sense
2025-08-10T19:20:00Z,100.0,Sense
2025-08-10T19:20:05Z,100.0,Sense
2025-08-10T19:20:10Z,99.0,Sense
2025-08-10T19:20:20Z,100.0,Sense
2025-08-10T19:20:25Z,101.0,Sense
2025-08-10T19:20:30Z,101.0,Sense
2025-08-10T19:20:35Z,102.0,Sense
2025-08-10T19:20:40Z,101.0,Sense
2025-08-10T19:20:45Z,102.0,Sense
2025-08-10T19:20:55Z,101.0,Sense
2025-08-10T19:21:00Z,102.0,Sense
2025-08-10T19:21:05Z,100.0,Sense
2025-08-10T19:21:10Z,97.0,Sense
2025-08-10T19:21:15Z,96.0,Sense
2025-08-10T19:21:25Z,97.0,Sense
2025-08-10T19:21:40Z,96.0,Sense
2025-08-10T19:21:45Z,96.0,Sense
2025-08-10T19:21:50Z,97.0,Sense
2025-08-10T19:21:55Z,98.0,Sense
2025-08-10T19:22:01Z,98.0,Sense
2025-08-10T19:22:06Z,99.0,Sense
2025-08-10T19:22:11Z,98.0,Sense
2025-08-10T19:22:16Z,95.0,Sense
2025-08-10T19:22:21Z,96.0,Sense
2025-08-10T19:22:26Z,98.0,Sense
2025-08-10T19:22:31Z,99.0,Sense
2025-08-10T19:22:36Z,100.0,Sense
2025-08-10T19:22:41Z,101.0,Sense
2025-08-10T19:22:46Z,99.0,Sense
2025-08-10T19:22:51Z,98.0,Sense
2025-08-10T19:22:56Z,97.0,Sense
2025-08-10T19:23:11Z,97.0,Sense
2025-08-10T19:23:21Z,93.0,Sense
2025-08-10T19:23:26Z,90.0,Sense
2025-08-10T19:23:36Z,91.0,Sense
2025-08-10T19:23:41Z,90.0,Sense
2025-08-10T19:23:51Z,90.0,Sense
2025-08-10T19:23:56Z,91.0,Sense
2025-08-10T19:24:01Z,93.0,Sense
2025-08-10T19:24:11Z,94.0,Sense
2025-08-10T19:24:26Z,94.0,Sense
2025-08-10T19:24:31Z,95.0,Sense
2025-08-10T19:24:36Z,100.0,Sense
2025-08-10T19:24:41Z,100.0,Sense
2025-08-10T19:24:56Z,99.0,Sense
2025-08-10T19:25:01Z,98.0,Sense
2025-08-10T19:25:06Z,99.0,Sense
2025-08-10T19:25:11Z,100.0,Sense
2025-08-10T19:25:16Z,102.0,Sense
2025-08-10T19:25:31Z,101.0,Sense
2025-08-10T19:25:36Z,99.0,Sense
2025-08-10T19:25:41Z,98.0,Sense
2025-08-10T19:25:46Z,99.0,Sense
2025-08-10T19:25:51Z,101.0,Sense
2025-08-10T19:26:06Z,100.0,Sense
2025-08-10T19:26:11Z,98.0,Sense
2025-08-10T19:26:16Z,97.0,Sense
2025-08-10T19:26:31Z,97.0,Sense
2025-08-10T19:26:36Z,96.0,Sense
2025-08-10T19:26:51Z,96.0,Sense
2025-08-10T19:27:01Z,95.0,Sense
2025-08-10T19:27:16Z,95.0,Sense
2025-08-10T19:27:21Z,96.0,Sense
2025-08-10T19:27:26Z,97.0,Sense
2025-08-10T19:27:31Z,99.0,Sense
2025-08-10T19:27:36Z,101.0,Sense
2025-08-10T19:27:41Z,102.0,Sense
2025-08-10T19:27:46Z,104.0,Sense
2025-08-10T19:27:51Z,102.0,Sense
2025-08-10T19:27:56Z,90.0,Sense
2025-08-10T19:28:06Z,91.0,Sense
2025-08-10T19:28:16Z,92.0,Sense
2025-08-10T19:28:21Z,94.0,Sense
2025-08-10T19:28:31Z,93.0,Sense
2025-08-10T19:28:36Z,94.0,Sense
2025-08-10T19:28:41Z,95.0,Sense
2025-08-10T19:28:46Z,94.0,Sense
2025-08-10T19:28:51Z,95.0,Sense
2025-08-10T19:29:06Z,96.0,Sense
2025-08-10T19:29:11Z,97.0,Sense
2025-08-10T19:29:26Z,97.0,Sense
2025-08-10T19:29:36Z,96.0,Sense
2025-08-10T19:29:51Z,97.0,Sense
2025-08-10T19:29:56Z,98.0,Sense
2025-08-10T19:30:01Z,99.0,Sense
2025-08-10T19:30:06Z,94.0,Sense
2025-08-10T19:30:11Z,93.0,Sense
2025-08-10T19:30:21Z,94.0,Sense
2025-08-10T19:30:31Z,95.0,Sense
2025-08-10T19:30:36Z,96.0,Sense
2025-08-10T19:30:41Z,95.0,Sense
2025-08-10T19:30:56Z,95.0,Sense
2025-08-10T19:31:06Z,96.0,Sense
2025-08-10T19:31:11Z,97.0,Sense
2025-08-10T19:31:16Z,98.0,Sense
2025-08-10T19:31:21Z,92.0,Sense
2025-08-10T19:31:31Z,93.0,Sense
2025-08-10T19:31:36Z,94.0,Sense
2025-08-10T19:31:41Z,93.0,Sense
2025-08-10T19:31:46Z,93.0,Sense
2025-08-10T19:31:56Z,94.0,Sense
2025-08-10T19:32:01Z,93.0,Sense
2025-08-10T19:32:16Z,94.0,Sense
2025-08-10T19:32:21Z,96.0,Sense
2025-08-10T19:32:31Z,97.0,Sense
2025-08-10T19:32:41Z,94.0,Sense
2025-08-10T19:32:56Z,95.0,Sense
2025-08-10T19:33:06Z,89.0,Sense
2025-08-10T19:33:21Z,89.0,Sense
2025-08-10T19:33:26Z,90.0,Sense
2025-08-10T19:33:31Z,79.0,Sense
2025-08-10T19:33:36Z,72.0,Sense
2025-08-10T19:33:46Z,74.0,Sense
2025-08-10T19:33:51Z,73.0,Sense
2025-08-10T19:34:01Z,72.0,Sense
2025-08-10T19:34:06Z,73.0,Sense
2025-08-10T19:34:16Z,75.0,Sense
2025-08-10T19:34:21Z,74.0,Sense
2025-08-10T19:34:26Z,76.0,Sense
2025-08-10T19:34:36Z,74.0,Sense
2025-08-10T19:34:41Z,73.0,Sense
2025-08-10T19:34:46Z,69.0,Sense
2025-08-10T19:34:56Z,70.0,Sense
2025-08-10T19:35:01Z,71.0,Sense
2025-08-10T19:35:06Z,75.0,Sense
2025-08-10T19:35:11Z,78.0,Sense
2025-08-10T19:35:21Z,79.0,Sense
2025-08-10T19:35:26Z,80.0,Sense
2025-08-10T19:35:31Z,81.0,Sense
2025-08-10T19:35:36Z,80.0,Sense
2025-08-10T19:35:46Z,78.0,Sense
2025-08-10T19:36:01Z,79.0,Sense
2025-08-10T19:36:16Z,81.0,Sense
2025-08-10T19:36:21Z,79.0,Sense
2025-08-10T19:36:36Z,78.0,Sense
2025-08-10T19:36:41Z,79.0,Sense
2025-08-10T19:36:46Z,78.0,Sense
2025-08-10T19:36:51Z,76.0,Sense
2025-08-10T19:36:56Z,74.0,Sense
2025-08-10T19:37:01Z,76.0,Sense
2025-08-10T19:37:06Z,75.0,Sense
2025-08-10T19:37:11Z,73.0,Sense
2025-08-10T19:37:16Z,71.0,Sense
2025-08-10T19:37:21Z,76.0,Sense
2025-08-10T19:37:26Z,81.0,Sense
2025-08-10T19:37:36Z,80.0,Sense
2025-08-10T19:37:41Z,82.0,Sense
2025-08-10T19:37:46Z,79.0,Sense
2025-08-10T19:37:51Z,80.0,Sense
2025-08-10T19:38:01Z,82.0,Sense
2025-08-10T19:38:06Z,84.0,Sense
2025-08-10T19:38:11Z,85.0,Sense
2025-08-10T19:38:16Z,87.0,Sense
2025-08-10T19:38:21Z,89.0,Sense
2025-08-10T19:38:26Z,90.0,Sense
2025-08-10T19:38:31Z,91.0,Sense
2025-08-10T19:38:36Z,89.0,Sense
2025-08-10T19:38:41Z,87.0,Sense
2025-08-10T19:38:46Z,84.0,Sense
2025-08-10T19:38:56Z,83.0,Sense
2025-08-10T19:39:01Z,85.0,Sense
2025-08-10T19:39:06Z,86.0,Sense
2025-08-10T19:39:11Z,87.0,Sense
2025-08-10T19:39:21Z,89.0,Sense
2025-08-10T19:39:26Z,92.0,Sense
2025-08-10T19:39:31Z,94.0,Sense
2025-08-10T19:39:36Z,96.0,Sense
2025-08-10T19:39:41Z,98.0,Sense
2025-08-10T19:39:46Z,95.0,Sense
2025-08-10T19:39:51Z,93.0,Sense
2025-08-10T19:40:01Z,94.0,Sense
2025-08-10T19:40:16Z,95.0,Sense
2025-08-10T19:40:31Z,94.0,Sense
2025-08-10T19:40:36Z,93.0,Sense
2025-08-10T19:40:46Z,95.0,Sense
2025-08-10T19:40:51Z,94.0,Sense
2025-08-10T19:41:06Z,93.0,Sense
2025-08-10T19:41:21Z,95.0,Sense
2025-08-10T19:41:31Z,93.0,Sense
2025-08-10T19:41:36Z,92.0,Sense
2025-08-10T19:41:41Z,95.0,Sense
2025-08-10T19:41:46Z,97.0,Sense
2025-08-10T19:41:51Z,94.0,Sense
2025-08-10T19:41:56Z,90.0,Sense
2025-08-10T19:42:11Z,90.0,Sense
2025-08-10T19:42:16Z,92.0,Sense
2025-08-10T19:42:21Z,94.0,Sense
2025-08-10T19:42:26Z,91.0,Sense
2025-08-10T19:42:31Z,84.0,Sense
2025-08-10T19:42:36Z,87.0,Sense
2025-08-10T19:42:46Z,89.0,Sense
2025-08-10T19:42:51Z,88.0,Sense
2025-08-10T19:42:56Z,89.0,Sense
2025-08-10T19:43:01Z,87.0,Sense
2025-08-10T19:43:06Z,86.0,Sense
2025-08-10T19:43:11Z,84.0,Sense
2025-08-10T19:43:21Z,88.0,Sense
2025-08-10T19:43:26Z,89.0,Sense
2025-08-10T19:43:36Z,91.0,Sense
2025-08-10T19:43:41Z,87.0,Sense
2025-08-10T19:43:46Z,86.0,Sense
2025-08-10T19:44:01Z,86.0,Sense
2025-08-10T19:44:06Z,83.0,Sense
2025-08-10T19:44:11Z,86.0,Sense
2025-08-10T19:44:21Z,88.0,Sense
2025-08-10T19:44:26Z,92.0,Sense
2025-08-10T19:44:31Z,89.0,Sense
2025-08-10T19:44:36Z,81.0,Sense
2025-08-10T19:44:41Z,76.0,Sense
2025-08-10T19:44:46Z,79.0,Sense
2025-08-10T19:44:51Z,77.0,Sense
2025-08-10T19:44:56Z,76.0,Sense
2025-08-10T19:45:01Z,78.0,Sense
2025-08-10T19:45:16Z,78.0,Sense
2025-08-10T19:45:26Z,79.0,Sense
2025-08-10T19:45:31Z,80.0,Sense
2025-08-10T19:45:46Z,82.0,Sense
2025-08-10T19:45:51Z,79.0,Sense
2025-08-10T19:45:56Z,77.0,Sense
2025-08-10T19:46:01Z,78.0,Sense
2025-08-10T19:46:06Z,81.0,Sense
2025-08-10T19:46:11Z,78.0,Sense
2025-08-10T19:46:16Z,81.0,Sense
2025-08-10T19:46:31Z,84.0,Sense
2025-08-10T19:46:36Z,86.0,Sense
2025-08-10T19:46:41Z,88.0,Sense
2025-08-10T19:46:46Z,89.0,Sense
2025-08-10T19:46:51Z,87.0,Sense
2025-08-10T19:47:06Z,90.0,Sense
2025-08-10T19:47:16Z,86.0,Sense
2025-08-10T19:47:21Z,84.0,Sense
2025-08-10T19:47:31Z,85.0,Sense
2025-08-10T19:47:46Z,84.0,Sense
2025-08-10T19:47:51Z,84.0,Sense
2025-08-10T19:47:56Z,82.0,Sense
2025-08-10T19:48:01Z,97.0,Sense
2025-08-10T19:48:06Z,107.0,Sense
2025-08-10T19:48:16Z,109.0,Sense
2025-08-10T19:48:21Z,112.0,Sense
2025-08-10T19:48:26Z,111.0,Sense
2025-08-10T19:48:31Z,109.0,Sense
2025-08-10T19:48:36Z,107.0,Sense
2025-08-10T19:48:41Z,103.0,Sense
2025-08-10T19:48:46Z,101.0,Sense
2025-08-10T19:48:51Z,99.0,Sense
2025-08-10T19:48:56Z,102.0,Sense
2025-08-10T19:49:01Z,104.0,Sense
2025-08-10T19:49:06Z,106.0,Sense
2025-08-10T19:49:11Z,104.0,Sense
2025-08-10T19:49:16Z,105.0,Sense
2025-08-10T19:49:21Z,105.0,Sense
2025-08-10T19:49:26Z,106.0,Sense
2025-08-10T19:49:31Z,105.0,Sense
2025-08-10T19:49:36Z,106.0,Sense
2025-08-10T19:49:46Z,104.0,Sense
2025-08-10T19:49:51Z,103.0,Sense
2025-08-10T19:50:06Z,101.0,Sense
2025-08-10T19:50:11Z,100.0,Sense
2025-08-10T19:50:16Z,101.0,Sense
2025-08-10T19:50:21Z,100.0,Sense
2025-08-10T19:50:26Z,98.0,Sense
2025-08-10T19:50:31Z,87.0,Sense
2025-08-10T19:50:36Z,79.0,Sense
2025-08-10T19:50:41Z,84.0,Sense
2025-08-10T19:50:46Z,85.0,Sense
2025-08-10T19:50:51Z,84.0,Sense
2025-08-10T19:50:56Z,81.0,Sense
2025-08-10T19:51:01Z,80.0,Sense
2025-08-10T19:51:06Z,78.0,Sense
2025-08-10T19:51:16Z,80.0,Sense
2025-08-10T19:51:31Z,82.0,Sense
2025-08-10T19:51:36Z,81.0,Sense
2025-08-10T19:51:41Z,87.0,Sense
2025-08-10T19:51:46Z,88.0,Sense
2025-08-10T19:52:01Z,87.0,Sense
2025-08-10T19:52:06Z,85.0,Sense
2025-08-10T19:52:11Z,84.0,Sense
2025-08-10T19:52:21Z,85.0,Sense
2025-08-10T19:52:31Z,86.0,Sense
2025-08-10T19:52:36Z,89.0,Sense
2025-08-10T19:52:41Z,90.0,Sense
2025-08-10T19:52:46Z,91.0,Sense
2025-08-10T19:52:51Z,88.0,Sense
2025-08-10T19:52:56Z,85.0,Sense
2025-08-10T19:53:01Z,83.0,Sense
2025-08-10T19:53:06Z,84.0,Sense
2025-08-10T19:53:16Z,83.0,Sense
2025-08-10T19:53:21Z,84.0,Sense
2025-08-10T19:53:36Z,82.0,Sense
2025-08-10T19:53:46Z,80.0,Sense
2025-08-10T19:53:51Z,82.0,Sense
2025-08-10T19:53:56Z,81.0,Sense
2025-08-10T19:54:01Z,82.0,Sense
2025-08-10T19:54:06Z,81.0,Sense
2025-08-10T19:54:11Z,78.0,Sense
2025-08-10T19:54:16Z,79.0,Sense
2025-08-10T19:54:21Z,78.0,Sense
2025-08-10T19:54:36Z,78.0,Sense
2025-08-10T19:54:41Z,77.0,Sense
2025-08-10T19:54:51Z,78.0,Sense
2025-08-10T19:55:01Z,79.0,Sense
2025-08-10T19:55:06Z,82.0,Sense
2025-08-10T19:55:11Z,85.0,Sense
2025-08-10T19:55:16Z,86.0,Sense
2025-08-10T19:55:21Z,90.0,Sense
2025-08-10T19:55:26Z,88.0,Sense
2025-08-10T19:55:31Z,89.0,Sense
2025-08-10T19:55:36Z,87.0,Sense
2025-08-10T19:55:41Z,88.0,Sense
2025-08-10T19:55:46Z,89.0,Sense
2025-08-10T19:55:51Z,87.0,Sense
2025-08-10T19:55:56Z,88.0,Sense
2025-08-10T19:56:06Z,90.0,Sense
2025-08-10T19:56:11Z,91.0,Sense
2025-08-10T19:56:21Z,88.0,Sense
2025-08-10T19:56:26Z,86.0,Sense
2025-08-10T19:56:31Z,83.0,Sense
2025-08-10T19:56:36Z,97.0,Sense
2025-08-10T19:56:46Z,96.0,Sense
2025-08-10T19:56:51Z,95.0,Sense
2025-08-10T19:57:06Z,97.0,Sense
2025-08-10T19:57:16Z,98.0,Sense
2025-08-10T19:57:21Z,99.0,Sense
2025-08-10T19:57:26Z,100.0,Sense
2025-08-10T19:57:31Z,92.0,Sense
2025-08-10T19:57:36Z,88.0,Sense
2025-08-10T19:57:41Z,84.0,Sense
2025-08-10T19:57:46Z,82.0,Sense
2025-08-10T19:57:51Z,80.0,Sense
2025-08-10T19:58:01Z,81.0,Sense
2025-08-10T19:58:06Z,84.0,Sense
2025-08-10T19:58:11Z,86.0,Sense
2025-08-10T19:58:16Z,88.0,Sense
2025-08-10T19:58:31Z,91.0,Sense
2025-08-10T19:58:36Z,90.0,Sense
2025-08-10T19:58:41Z,91.0,Sense
2025-08-10T19:58:46Z,93.0,Sense
2025-08-10T19:58:51Z,95.0,Sense
2025-08-10T19:58:56Z,96.0,Sense
2025-08-10T19:59:01Z,95.0,Sense
2025-08-10T19:59:11Z,94.0,Sense
2025-08-10T19:59:16Z,93.0,Sense
2025-08-10T19:59:31Z,100.0,Sense
2025-08-10T19:59:36Z,95.0,Sense
2025-08-10T19:59:41Z,88.0,Sense
2025-08-10T19:59:46Z,89.0,Sense
2025-08-10T19:59:51Z,87.0,Sense
2025-08-10T19:59:56Z,88.0,Sense
2025-08-10T20:00:01Z,85.0,Sense
2025-08-10T20:00:06Z,84.0,Sense
2025-08-10T20:00:11Z,82.0,Sense
2025-08-10T20:00:16Z,83.0,Sense
2025-08-10T20:00:21Z,82.0,Sense
2025-08-10T20:00:26Z,81.0,Sense
2025-08-10T20:00:31Z,80.0,Sense
2025-08-10T20:00:36Z,83.0,Sense
2025-08-10T20:00:46Z,86.0,Sense
2025-08-10T20:00:51Z,80.0,Sense
2025-08-10T20:00:56Z,81.0,Sense
2025-08-10T20:01:01Z,80.0,Sense
2025-08-10T20:01:11Z,79.0,Sense
2025-08-10T20:01:21Z,83.0,Sense
2025-08-10T20:01:36Z,83.0,Sense
2025-08-10T20:01:41Z,81.0,Sense
2025-08-10T20:01:46Z,80.0,Sense
2025-08-10T20:01:51Z,79.0,Sense
2025-08-10T20:01:56Z,78.0,Sense
2025-08-10T20:02:01Z,79.0,Sense
2025-08-10T20:02:11Z,80.0,Sense
2025-08-10T20:02:16Z,81.0,Sense
2025-08-10T20:02:21Z,85.0,Sense
2025-08-10T20:02:26Z,87.0,Sense
2025-08-10T20:02:36Z,86.0,Sense
2025-08-10T20:02:46Z,85.0,Sense
2025-08-10T20:02:51Z,86.0,Sense
2025-08-10T20:02:56Z,88.0,Sense
2025-08-10T20:03:01Z,86.0,Sense
2025-08-10T20:03:16Z,86.0,Sense
2025-08-10T20:03:26Z,87.0,Sense
2025-08-10T20:03:36Z,89.0,Sense
2025-08-10T20:03:41Z,90.0,Sense
2025-08-10T20:03:46Z,89.0,Sense
2025-08-10T20:03:56Z,87.0,Sense
2025-08-10T20:04:06Z,86.0,Sense
2025-08-10T20:04:11Z,85.0,Sense
2025-08-10T20:04:16Z,83.0,Sense
2025-08-10T20:04:26Z,85.0,Sense
2025-08-10T20:04:36Z,84.0,Sense
2025-08-10T20:04:41Z,83.0,Sense
2025-08-10T20:04:46Z,82.0,Sense
2025-08-10T20:04:51Z,81.0,Sense
2025-08-10T20:04:56Z,83.0,Sense
2025-08-10T20:05:01Z,82.0,Sense
2025-08-10T20:05:06Z,84.0,Sense
2025-08-10T20:05:16Z,85.0,Sense
2025-08-10T20:05:26Z,87.0,Sense
2025-08-10T20:05:31Z,88.0,Sense
2025-08-10T20:05:36Z,94.0,Sense
2025-08-10T20:05:41Z,99.0,Sense
2025-08-10T20:05:46Z,94.0,Sense
2025-08-10T20:05:51Z,88.0,Sense
2025-08-10T20:05:56Z,89.0,Sense
2025-08-10T20:06:01Z,90.0,Sense
2025-08-10T20:06:06Z,91.0,Sense
2025-08-10T20:06:21Z,91.0,Sense
2025-08-10T20:06:26Z,89.0,Sense
2025-08-10T20:06:31Z,87.0,Sense
2025-08-10T20:06:41Z,86.0,Sense
2025-08-10T20:06:46Z,84.0,Sense
2025-08-10T20:06:51Z,85.0,Sense
2025-08-10T20:06:56Z,84.0,Sense
2025-08-10T20:07:01Z,85.0,Sense
2025-08-10T20:07:16Z,84.0,Sense
2025-08-10T20:07:21Z,83.0,Sense
2025-08-10T20:07:26Z,84.0,Sense
2025-08-10T20:07:36Z,86.0,Sense
2025-08-10T20:07:41Z,88.0,Sense
2025-08-10T20:07:46Z,86.0,Sense
2025-08-10T20:07:51Z,85.0,Sense
2025-08-10T20:07:56Z,84.0,Sense
2025-08-10T20:08:01Z,85.0,Sense
2025-08-10T20:08:06Z,86.0,Sense
2025-08-10T20:08:11Z,87.0,Sense
2025-08-10T20:08:16Z,89.0,Sense
2025-08-10T20:08:21Z,88.0,Sense
2025-08-10T20:08:26Z,84.0,Sense
2025-08-10T20:08:31Z,84.0,Sense
2025-08-10T20:08:36Z,87.0,Sense
2025-08-10T20:08:41Z,88.0,Sense
2025-08-10T20:08:46Z,87.0,Sense
2025-08-10T20:08:51Z,86.0,Sense
2025-08-10T20:08:56Z,84.0,Sense
2025-08-10T20:09:01Z,82.0,Sense
2025-08-10T20:09:16Z,83.0,Sense
2025-08-10T20:09:21Z,85.0,Sense
2025-08-10T20:09:26Z,84.0,Sense
2025-08-10T20:09:31Z,83.0,Sense
2025-08-10T20:09:36Z,82.0,Sense
2025-08-10T20:09:51Z,82.0,Sense
2025-08-10T20:10:01Z,84.0,Sense
2025-08-10T20:10:06Z,85.0,Sense
2025-08-10T20:10:11Z,84.0,Sense
2025-08-10T20:10:26Z,85.0,Sense
2025-08-10T20:10:31Z,82.0,Sense
2025-08-10T20:10:36Z,82.0,Sense
2025-08-10T20:10:41Z,83.0,Sense
2025-08-10T20:10:51Z,85.0,Sense
2025-08-10T20:10:56Z,84.0,Sense
2025-08-10T20:11:01Z,81.0,Sense
2025-08-10T20:11:06Z,84.0,Sense
2025-08-10T20:11:11Z,83.0,Sense
2025-08-10T20:11:21Z,86.0,Sense
2025-08-10T20:11:26Z,85.0,Sense
2025-08-10T20:11:31Z,86.0,Sense
2025-08-10T20:11:36Z,87.0,Sense
2025-08-10T20:11:41Z,85.0,Sense
2025-08-10T20:11:46Z,82.0,Sense
2025-08-10T20:11:51Z,83.0,Sense
2025-08-10T20:11:56Z,82.0,Sense
2025-08-10T20:12:06Z,84.0,Sense
2025-08-10T20:12:11Z,86.0,Sense
2025-08-10T20:12:26Z,84.0,Sense
2025-08-10T20:12:31Z,86.0,Sense
2025-08-10T20:12:36Z,85.0,Sense
2025-08-10T20:12:41Z,84.0,Sense
2025-08-10T20:12:46Z,86.0,Sense
2025-08-10T20:12:51Z,89.0,Sense
2025-08-10T20:12:56Z,90.0,Sense
2025-08-10T20:13:01Z,91.0,Sense
2025-08-10T20:13:06Z,89.0,Sense
2025-08-10T20:13:11Z,90.0,Sense
2025-08-10T20:13:16Z,87.0,Sense
2025-08-10T20:13:21Z,89.0,Sense
2025-08-10T20:13:26Z,87.0,Sense
2025-08-10T20:13:31Z,85.0,Sense
2025-08-10T20:13:36Z,84.0,Sense
2025-08-10T20:13:41Z,86.0,Sense
2025-08-10T20:13:46Z,85.0,Sense
2025-08-10T20:13:52Z,83.0,Sense
2025-08-10T20:14:02Z,125.0,Sense
2025-08-10T20:14:07Z,135.0,Sense
2025-08-10T20:14:12Z,131.0,Sense
2025-08-10T20:14:17Z,130.0,Sense
2025-08-10T20:14:27Z,121.0,Sense
2025-08-10T20:14:32Z,117.0,Sense
2025-08-10T20:14:42Z,115.0,Sense
2025-08-10T20:14:47Z,112.0,Sense
2025-08-10T20:14:52Z,111.0,Sense
2025-08-10T20:14:57Z,111.0,Sense
2025-08-10T20:15:02Z,89.0,Sense
2025-08-10T20:15:07Z,84.0,Sense
2025-08-10T20:15:17Z,83.0,Sense
2025-08-10T20:15:22Z,82.0,Sense
2025-08-10T20:15:27Z,81.0,Sense
2025-08-10T20:15:32Z,82.0,Sense
2025-08-10T20:15:47Z,81.0,Sense
2025-08-10T20:15:52Z,83.0,Sense
2025-08-10T20:15:57Z,84.0,Sense
2025-08-10T20:16:02Z,83.0,Sense
2025-08-10T20:16:07Z,84.0,Sense
2025-08-10T20:16:12Z,85.0,Sense
2025-08-10T20:16:17Z,86.0,Sense
2025-08-10T20:16:22Z,85.0,Sense
2025-08-10T20:16:32Z,78.0,Sense
2025-08-10T20:16:37Z,72.0,Sense
2025-08-10T20:16:42Z,80.0,Sense
2025-08-10T20:16:47Z,87.0,Sense
2025-08-10T20:16:57Z,88.0,Sense
2025-08-10T20:17:02Z,84.0,Sense
2025-08-10T20:17:07Z,80.0,Sense
2025-08-10T20:17:12Z,90.0,Sense
2025-08-10T20:17:17Z,87.0,Sense
2025-08-10T20:17:22Z,86.0,Sense
2025-08-10T20:17:32Z,87.0,Sense
2025-08-10T20:17:37Z,88.0,Sense
2025-08-10T20:17:42Z,89.0,Sense
2025-08-10T20:17:52Z,86.0,Sense
2025-08-10T20:17:57Z,84.0,Sense
2025-08-10T20:18:02Z,82.0,Sense
2025-08-10T20:18:07Z,77.0,Sense
2025-08-10T20:18:12Z,76.0,Sense
2025-08-10T20:18:17Z,80.0,Sense
2025-08-10T20:18:27Z,81.0,Sense
2025-08-10T20:18:37Z,82.0,Sense
2025-08-10T20:18:42Z,84.0,Sense
2025-08-10T20:18:47Z,87.0,Sense
2025-08-10T20:18:52Z,82.0,Sense
2025-08-10T20:18:57Z,83.0,Sense
2025-08-10T20:19:02Z,82.0,Sense
2025-08-10T20:19:07Z,81.0,Sense
2025-08-10T20:19:17Z,80.0,Sense
2025-08-10T20:19:22Z,79.0,Sense
2025-08-10T20:19:27Z,81.0,Sense
2025-08-10T20:19:32Z,80.0,Sense
2025-08-10T20:19:37Z,81.0,Sense
2025-08-10T20:19:52Z,80.0,Sense
2025-08-10T20:19:57Z,82.0,Sense
2025-08-10T20:20:07Z,83.0,Sense
2025-08-10T20:20:12Z,84.0,Sense
2025-08-10T20:20:17Z,83.0,Sense
2025-08-10T20:20:22Z,81.0,Sense
2025-08-10T20:20:37Z,80.0,Sense
2025-08-10T20:20:47Z,84.0,Sense
2025-08-10T20:20:57Z,82.0,Sense
2025-08-10T20:21:12Z,84.0,Sense
2025-08-10T20:21:17Z,81.0,Sense
2025-08-10T20:21:22Z,80.0,Sense
2025-08-10T20:21:37Z,80.0,Sense
2025-08-10T20:21:42Z,80.0,Sense
2025-08-10T20:21:47Z,79.0,Sense
2025-08-10T20:21:52Z,78.0,Sense
2025-08-10T20:21:57Z,77.0,Sense
2025-08-10T20:22:07Z,76.0,Sense
2025-08-10T20:22:12Z,74.0,Sense
2025-08-10T20:22:17Z,72.0,Sense
2025-08-10T20:22:27Z,73.0,Sense
2025-08-10T20:22:42Z,72.0,Sense
2025-08-10T20:22:52Z,71.0,Sense
2025-08-10T20:23:07Z,71.0,Sense
2025-08-10T20:23:12Z,70.0,Sense
2025-08-10T20:23:17Z,71.0,Sense
2025-08-10T20:23:32Z,71.0,Sense
2025-08-10T20:23:37Z,73.0,Sense
2025-08-10T20:23:42Z,76.0,Sense
2025-08-10T20:23:52Z,78.0,Sense
2025-08-10T20:24:02Z,81.0,Sense
2025-08-10T20:24:07Z,82.0,Sense
2025-08-10T20:24:17Z,79.0,Sense
2025-08-10T20:24:22Z,80.0,Sense
2025-08-10T20:24:27Z,81.0,Sense
2025-08-10T20:24:37Z,80.0,Sense
2025-08-10T20:24:42Z,81.0,Sense
2025-08-10T20:24:52Z,83.0,Sense
2025-08-10T20:24:57Z,84.0,Sense
2025-08-10T20:25:02Z,83.0,Sense
2025-08-10T20:25:07Z,84.0,Sense
2025-08-10T20:25:12Z,83.0,Sense
2025-08-10T20:25:17Z,82.0,Sense
2025-08-10T20:25:22Z,86.0,Sense
2025-08-10T20:25:32Z,85.0,Sense
2025-08-10T20:25:37Z,86.0,Sense
2025-08-10T20:25:42Z,87.0,Sense
2025-08-10T20:25:47Z,88.0,Sense
2025-08-10T20:25:52Z,90.0,Sense
2025-08-10T20:25:57Z,89.0,Sense
2025-08-10T20:26:02Z,91.0,Sense
2025-08-10T20:26:07Z,93.0,Sense
2025-08-10T20:26:17Z,90.0,Sense
2025-08-10T20:26:22Z,86.0,Sense
2025-08-10T20:26:27Z,91.0,Sense
2025-08-10T20:26:32Z,94.0,Sense
2025-08-10T20:26:37Z,92.0,Sense
2025-08-10T20:26:42Z,86.0,Sense
2025-08-10T20:26:47Z,82.0,Sense
2025-08-10T20:26:52Z,83.0,Sense
2025-08-10T20:26:57Z,84.0,Sense
2025-08-10T20:27:02Z,83.0,Sense
2025-08-10T20:27:07Z,87.0,Sense
2025-08-10T20:27:18Z,87.0,Sense
2025-08-10T20:27:23Z,86.0,Sense
2025-08-10T20:27:28Z,84.0,Sense
2025-08-10T20:27:33Z,82.0,Sense
2025-08-10T20:27:38Z,84.0,Sense
2025-08-10T20:27:43Z,85.0,Sense
2025-08-10T20:27:48Z,82.0,Sense
2025-08-10T20:27:53Z,84.0,Sense
2025-08-10T20:27:58Z,85.0,Sense
2025-08-10T20:28:08Z,88.0,Sense
2025-08-10T20:28:13Z,87.0,Sense
2025-08-10T20:28:18Z,86.0,Sense
2025-08-10T20:28:23Z,85.0,Sense
2025-08-10T20:28:28Z,87.0,Sense
2025-08-10T20:28:38Z,86.0,Sense
2025-08-10T20:28:48Z,85.0,Sense
2025-08-10T20:28:53Z,84.0,Sense
2025-08-10T20:28:58Z,85.0,Sense
2025-08-10T20:29:03Z,83.0,Sense
2025-08-10T20:29:08Z,84.0,Sense
2025-08-10T20:29:13Z,85.0,Sense
2025-08-10T20:29:23Z,86.0,Sense
2025-08-10T20:29:38Z,87.0,Sense
2025-08-10T20:29:43Z,85.0,Sense
2025-08-10T20:29:48Z,84.0,Sense
2025-08-10T20:29:53Z,83.0,Sense
2025-08-10T20:29:58Z,82.0,Sense
2025-08-10T20:30:03Z,83.0,Sense
2025-08-10T20:30:18Z,83.0,Sense
2025-08-10T20:30:28Z,81.0,Sense
2025-08-10T20:30:38Z,83.0,Sense
2025-08-10T20:30:48Z,81.0,Sense
2025-08-10T20:30:53Z,79.0,Sense
2025-08-10T20:30:58Z,78.0,Sense
2025-08-10T20:31:03Z,77.0,Sense
2025-08-10T20:31:08Z,80.0,Sense
2025-08-10T20:31:13Z,79.0,Sense
2025-08-10T20:31:18Z,77.0,Sense
2025-08-10T20:31:23Z,76.0,Sense
2025-08-10T20:31:28Z,78.0,Sense
2025-08-10T20:31:33Z,80.0,Sense
2025-08-10T20:31:38Z,83.0,Sense
2025-08-10T20:31:48Z,76.0,Sense
2025-08-10T20:31:53Z,73.0,Sense
2025-08-10T20:31:58Z,76.0,Sense
2025-08-10T20:32:03Z,77.0,Sense
2025-08-10T20:32:08Z,80.0,Sense
2025-08-10T20:32:18Z,81.0,Sense
2025-08-10T20:32:28Z,80.0,Sense
2025-08-10T20:32:33Z,105.0,Sense
2025-08-10T20:32:38Z,106.0,Sense
2025-08-10T20:32:43Z,108.0,Sense
2025-08-10T20:32:48Z,109.0,Sense
2025-08-10T20:32:53Z,110.0,Sense
2025-08-10T20:33:03Z,109.0,Sense
2025-08-10T20:33:08Z,106.0,Sense
2025-08-10T20:33:18Z,105.0,Sense
2025-08-10T20:33:23Z,106.0,Sense
2025-08-10T20:33:28Z,105.0,Sense
2025-08-10T20:33:33Z,104.0,Sense
2025-08-10T20:33:38Z,103.0,Sense
2025-08-10T20:33:43Z,101.0,Sense
2025-08-10T20:33:53Z,99.0,Sense
2025-08-10T20:33:58Z,97.0,Sense
2025-08-10T20:34:08Z,98.0,Sense
2025-08-10T20:34:23Z,97.0,Sense
2025-08-10T20:34:33Z,98.0,Sense
2025-08-10T20:34:48Z,98.0,Sense
2025-08-10T20:34:53Z,97.0,Sense
2025-08-10T20:35:03Z,91.0,Sense
2025-08-10T20:35:08Z,92.0,Sense
2025-08-10T20:35:13Z,94.0,Sense
2025-08-10T20:35:28Z,94.0,Sense
2025-08-10T20:35:33Z,95.0,Sense
2025-08-10T20:35:38Z,96.0,Sense
2025-08-10T20:35:53Z,96.0,Sense
2025-08-10T20:35:58Z,97.0,Sense
2025-08-10T20:36:13Z,96.0,Sense
2025-08-10T20:36:18Z,95.0,Sense
2025-08-10T20:36:33Z,95.0,Sense
2025-08-10T20:36:38Z,103.0,Sense
2025-08-10T20:36:43Z,106.0,Sense
2025-08-10T20:36:48Z,105.0,Sense
2025-08-10T20:36:58Z,108.0,Sense
2025-08-10T20:37:03Z,110.0,Sense
2025-08-10T20:37:08Z,109.0,Sense
2025-08-10T20:37:13Z,107.0,Sense
2025-08-10T20:37:18Z,105.0,Sense
2025-08-10T20:37:23Z,104.0,Sense
2025-08-10T20:37:33Z,105.0,Sense
2025-08-10T20:37:38Z,107.0,Sense
2025-08-10T20:37:43Z,106.0,Sense
2025-08-10T20:37:48Z,105.0,Sense
2025-08-10T20:37:58Z,104.0,Sense
2025-08-10T20:38:03Z,103.0,Sense
2025-08-10T20:38:08Z,102.0,Sense
2025-08-10T20:38:13Z,103.0,Sense
2025-08-10T20:38:18Z,102.0,Sense
2025-08-10T20:38:23Z,98.0,Sense
2025-08-10T20:38:28Z,94.0,Sense
2025-08-10T20:38:38Z,95.0,Sense
2025-08-10T20:38:48Z,96.0,Sense
2025-08-10T20:38:58Z,97.0,Sense
2025-08-10T20:39:03Z,96.0,Sense
2025-08-10T20:39:08Z,96.0,Sense
2025-08-10T20:39:13Z,95.0,Sense
2025-08-10T20:39:28Z,95.0,Sense
2025-08-10T20:39:38Z,96.0,Sense
2025-08-10T20:39:48Z,96.0,Sense
2025-08-10T20:39:53Z,97.0,Sense
2025-08-10T20:39:58Z,103.0,Sense
2025-08-10T20:40:03Z,109.0,Sense
2025-08-10T20:40:13Z,110.0,Sense
2025-08-10T20:40:28Z,106.0,Sense
2025-08-10T20:40:33Z,103.0,Sense
2025-08-10T20:40:38Z,102.0,Sense
2025-08-10T20:40:43Z,107.0,Sense
2025-08-10T20:40:48Z,110.0,Sense
2025-08-10T20:40:53Z,111.0,Sense
2025-08-10T20:41:08Z,109.0,Sense
2025-08-10T20:41:13Z,108.0,Sense
2025-08-10T20:41:18Z,136.0,Sense
2025-08-10T20:41:23Z,135.0,Sense
2025-08-10T20:41:28Z,133.0,Sense
2025-08-10T20:41:33Z,132.0,Sense
2025-08-10T20:41:38Z,127.0,Sense
2025-08-10T20:41:43Z,121.0,Sense
2025-08-10T20:41:53Z,118.0,Sense
2025-08-10T20:41:58Z,118.0,Sense
2025-08-10T20:42:03Z,117.0,Sense
2025-08-10T20:42:13Z,116.0,Sense
2025-08-10T20:42:18Z,118.0,Sense
2025-08-10T20:42:28Z,121.0,Sense
2025-08-10T20:42:33Z,126.0,Sense
2025-08-10T20:42:38Z,130.0,Sense
2025-08-10T20:42:43Z,131.0,Sense
2025-08-10T20:42:48Z,127.0,Sense
2025-08-10T20:42:53Z,122.0,Sense
2025-08-10T20:42:58Z,117.0,Sense
2025-08-10T20:43:03Z,117.0,Sense
2025-08-10T20:43:08Z,112.0,Sense
2025-08-10T20:43:13Z,109.0,Sense
2025-08-10T20:43:18Z,94.0,Sense
2025-08-10T20:43:23Z,93.0,Sense
2025-08-10T20:43:33Z,92.0,Sense
2025-08-10T20:43:38Z,105.0,Sense
2025-08-10T20:43:43Z,114.0,Sense
2025-08-10T20:43:48Z,113.0,Sense
2025-08-10T20:43:58Z,115.0,Sense
2025-08-10T20:44:03Z,114.0,Sense
2025-08-10T20:44:08Z,113.0,Sense
2025-08-10T20:44:13Z,110.0,Sense
2025-08-10T20:44:18Z,110.0,Sense
2025-08-10T20:44:23Z,96.0,Sense
2025-08-10T20:44:28Z,88.0,Sense
2025-08-10T20:44:33Z,89.0,Sense
2025-08-10T20:44:38Z,103.0,Sense
2025-08-10T20:44:43Z,106.0,Sense
2025-08-10T20:44:48Z,103.0,Sense
2025-08-10T20:44:53Z,101.0,Sense
2025-08-10T20:44:58Z,103.0,Sense
2025-08-10T20:45:08Z,100.0,Sense
2025-08-10T20:45:13Z,92.0,Sense
2025-08-10T20:45:23Z,93.0,Sense
2025-08-10T20:45:28Z,94.0,Sense
2025-08-10T20:45:33Z,95.0,Sense
2025-08-10T20:45:38Z,94.0,Sense
2025-08-10T20:45:43Z,95.0,Sense
2025-08-10T20:45:58Z,95.0,Sense
2025-08-10T20:46:03Z,106.0,Sense
2025-08-10T20:46:08Z,114.0,Sense
2025-08-10T20:46:13Z,112.0,Sense
2025-08-10T20:46:18Z,111.0,Sense
2025-08-10T20:46:23Z,110.0,Sense
2025-08-10T20:46:28Z,115.0,Sense
2025-08-10T20:46:33Z,122.0,Sense
2025-08-10T20:46:43Z,116.0,Sense
2025-08-10T20:46:48Z,111.0,Sense
2025-08-10T20:46:53Z,117.0,Sense
2025-08-10T20:46:58Z,116.0,Sense
2025-08-10T20:47:03Z,110.0,Sense
2025-08-10T20:47:08Z,106.0,Sense
2025-08-10T20:47:18Z,105.0,Sense
2025-08-10T20:47:23Z,101.0,Sense
2025-08-10T20:47:28Z,99.0,Sense
2025-08-10T20:47:33Z,101.0,Sense
2025-08-10T20:47:38Z,102.0,Sense
2025-08-10T20:47:43Z,99.0,Sense
2025-08-10T20:47:48Z,97.0,Sense
2025-08-10T20:47:53Z,101.0,Sense
2025-08-10T20:47:58Z,106.0,Sense
2025-08-10T20:48:13Z,105.0,Sense
2025-08-10T20:48:18Z,104.0,Sense
2025-08-10T20:48:23Z,97.0,Sense
2025-08-10T20:48:28Z,114.0,Sense
2025-08-10T20:48:33Z,132.0,Sense
2025-08-10T20:48:38Z,133.0,Sense
2025-08-10T20:48:43Z,131.0,Sense
2025-08-10T20:48:48Z,128.0,Sense
2025-08-10T20:48:53Z,126.0,Sense
2025-08-10T20:48:58Z,125.0,Sense
2025-08-10T20:49:03Z,127.0,Sense
2025-08-10T20:49:08Z,126.0,Sense
2025-08-10T20:49:13Z,123.0,Sense
2025-08-10T20:49:23Z,123.0,Sense
2025-08-10T20:49:28Z,120.0,Sense
2025-08-10T20:49:38Z,115.0,Sense
2025-08-10T20:49:43Z,112.0,Sense
2025-08-10T20:49:53Z,109.0,Sense
2025-08-10T20:49:58Z,105.0,Sense
2025-08-10T20:50:03Z,109.0,Sense
2025-08-10T20:50:08Z,112.0,Sense
2025-08-10T20:50:13Z,111.0,Sense
2025-08-10T20:50:18Z,108.0,Sense
2025-08-10T20:50:23Z,109.0,Sense
2025-08-10T20:50:28Z,106.0,Sense
2025-08-10T20:50:33Z,105.0,Sense
2025-08-10T20:50:38Z,101.0,Sense
2025-08-10T20:50:43Z,92.0,Sense
2025-08-10T20:50:53Z,93.0,Sense
2025-08-10T20:50:58Z,90.0,Sense
2025-08-10T20:51:03Z,89.0,Sense
2025-08-10T20:51:13Z,90.0,Sense
2025-08-10T20:51:18Z,88.0,Sense
2025-08-10T20:51:23Z,84.0,Sense
2025-08-10T20:51:28Z,81.0,Sense
2025-08-10T20:51:33Z,75.0,Sense
2025-08-10T20:51:38Z,84.0,Sense
2025-08-10T20:51:43Z,85.0,Sense
2025-08-10T20:51:48Z,86.0,Sense
2025-08-10T20:51:58Z,88.0,Sense
2025-08-10T20:52:03Z,88.0,Sense
2025-08-10T20:52:08Z,89.0,Sense
2025-08-10T20:52:13Z,90.0,Sense
2025-08-10T20:52:18Z,91.0,Sense
2025-08-10T20:52:23Z,92.0,Sense
2025-08-10T20:52:28Z,93.0,Sense
2025-08-10T20:52:33Z,94.0,Sense
2025-08-10T20:52:38Z,95.0,Sense
2025-08-10T20:52:48Z,96.0,Sense
2025-08-10T20:52:53Z,97.0,Sense
2025-08-10T20:52:58Z,98.0,Sense
2025-08-10T20:53:03Z,99.0,Sense
2025-08-10T20:53:13Z,98.0,Sense
2025-08-10T20:53:23Z,99.0,Sense
2025-08-10T20:53:28Z,100.0,Sense
2025-08-10T20:53:38Z,99.0,Sense
2025-08-10T20:53:43Z,108.0,Sense
2025-08-10T20:53:48Z,133.0,Sense
2025-08-10T20:53:53Z,134.0,Sense
2025-08-10T20:54:08Z,131.0,Sense
2025-08-10T20:54:13Z,130.0,Sense
2025-08-10T20:54:18Z,129.0,Sense
2025-08-10T20:54:23Z,127.0,Sense
2025-08-10T20:54:28Z,126.0,Sense
2025-08-10T20:54:33Z,133.0,Sense
2025-08-10T20:54:38Z,134.0,Sense
2025-08-10T20:54:43Z,132.0,Sense
2025-08-10T20:54:53Z,129.0,Sense
2025-08-10T20:54:58Z,126.0,Sense
2025-08-10T20:55:03Z,128.0,Sense
2025-08-10T20:55:08Z,131.0,Sense
2025-08-10T20:55:13Z,132.0,Sense
2025-08-10T20:55:23Z,136.0,Sense
2025-08-10T20:55:28Z,140.0,Sense
2025-08-10T20:55:33Z,139.0,Sense
2025-08-10T20:55:43Z,133.0,Sense
2025-08-10T20:55:48Z,129.0,Sense
2025-08-10T20:55:53Z,142.0,Sense
2025-08-10T20:55:58Z,144.0,Sense
2025-08-10T20:56:08Z,143.0,Sense
2025-08-10T20:56:13Z,142.0,Sense
2025-08-10T20:56:18Z,137.0,Sense
2025-08-10T20:56:23Z,142.0,Sense
2025-08-10T20:56:28Z,144.0,Sense
2025-08-10T20:56:38Z,140.0,Sense
2025-08-10T20:56:43Z,143.0,Sense
2025-08-10T20:56:48Z,142.0,Sense
2025-08-10T20:56:53Z,139.0,Sense
2025-08-10T20:56:58Z,134.0,Sense
2025-08-10T20:57:13Z,134.0,Sense
2025-08-10T20:57:18Z,125.0,Sense
2025-08-10T20:57:23Z,122.0,Sense
2025-08-10T20:57:28Z,121.0,Sense
2025-08-10T20:57:38Z,120.0,Sense
2025-08-10T20:57:43Z,131.0,Sense
2025-08-10T20:57:48Z,141.0,Sense
2025-08-10T20:57:53Z,140.0,Sense
2025-08-10T20:57:58Z,141.0,Sense
2025-08-10T20:58:03Z,138.0,Sense
2025-08-10T20:58:08Z,135.0,Sense
2025-08-10T20:58:13Z,135.0,Sense
2025-08-10T20:58:23Z,134.0,Sense
2025-08-10T20:58:28Z,131.0,Sense
2025-08-10T20:58:33Z,120.0,Sense
2025-08-10T20:58:38Z,113.0,Sense
2025-08-10T20:58:43Z,104.0,Sense
2025-08-10T20:58:48Z,97.0,Sense
2025-08-10T20:58:53Z,99.0,Sense
2025-08-10T20:58:58Z,106.0,Sense
2025-08-10T20:59:03Z,107.0,Sense
2025-08-10T20:59:08Z,105.0,Sense
2025-08-10T20:59:13Z,104.0,Sense
2025-08-10T20:59:18Z,99.0,Sense
2025-08-10T20:59:23Z,92.0,Sense
2025-08-10T20:59:33Z,95.0,Sense
2025-08-10T20:59:38Z,100.0,Sense
2025-08-10T20:59:43Z,102.0,Sense
2025-08-10T20:59:48Z,95.0,Sense
2025-08-10T20:59:53Z,93.0,Sense
2025-08-10T20:59:58Z,97.0,Sense
2025-08-10T21:00:03Z,108.0,Sense
2025-08-10T21:00:08Z,109.0,Sense
2025-08-10T21:00:13Z,108.0,Sense
2025-08-10T21:00:18Z,107.0,Sense
2025-08-10T21:00:33Z,106.0,Sense
2025-08-10T21:00:38Z,103.0,Sense
2025-08-10T21:00:43Z,99.0,Sense
2025-08-10T21:00:53Z,94.0,Sense
2025-08-10T21:01:03Z,85.0,Sense
2025-08-10T21:01:08Z,80.0,Sense
2025-08-10T21:01:13Z,80.0,Sense
2025-08-10T21:01:23Z,69.0,Sense
2025-08-10T21:01:28Z,67.0,Sense
2025-08-10T21:01:33Z,68.0,Sense
2025-08-10T21:01:43Z,71.0,Sense
2025-08-10T21:01:48Z,73.0,Sense
2025-08-10T21:01:53Z,76.0,Sense
2025-08-10T21:01:58Z,80.0,Sense
2025-08-10T21:02:03Z,82.0,Sense
2025-08-10T21:02:08Z,84.0,Sense
2025-08-10T21:02:13Z,86.0,Sense
2025-08-10T21:02:18Z,89.0,Sense
2025-08-10T21:02:23Z,92.0,Sense
2025-08-10T21:02:28Z,93.0,Sense
2025-08-10T21:02:33Z,94.0,Sense
2025-08-10T21:02:38Z,95.0,Sense
2025-08-10T21:02:53Z,95.0,Sense
2025-08-10T21:02:58Z,94.0,Sense
2025-08-10T21:03:03Z,95.0,Sense
2025-08-10T21:03:08Z,96.0,Sense
2025-08-10T21:03:13Z,95.0,Sense
2025-08-10T21:03:18Z,101.0,Sense
2025-08-10T21:03:23Z,101.0,Sense
2025-08-10T21:03:28Z,100.0,Sense
2025-08-10T21:03:33Z,99.0,Sense
2025-08-10T21:03:43Z,100.0,Sense
2025-08-10T21:03:48Z,100.0,Sense
2025-08-10T21:04:03Z,101.0,Sense
2025-08-10T21:04:08Z,102.0,Sense
2025-08-10T21:04:13Z,101.0,Sense
2025-08-10T21:04:23Z,102.0,Sense
2025-08-10T21:04:28Z,103.0,Sense
2025-08-10T21:04:38Z,102.0,Sense
2025-08-10T21:04:48Z,103.0,Sense
2025-08-10T21:04:53Z,104.0,Sense
2025-08-10T21:05:03Z,103.0,Sense
2025-08-10T21:05:08Z,101.0,Sense
2025-08-10T21:05:13Z,99.0,Sense
2025-08-10T21:05:18Z,100.0,Sense
2025-08-10T21:05:33Z,99.0,Sense
2025-08-10T21:05:43Z,100.0,Sense
2025-08-10T21:05:48Z,101.0,Sense
2025-08-10T21:05:53Z,100.0,Sense
2025-08-10T21:05:58Z,98.0,Sense
2025-08-10T21:06:03Z,99.0,Sense
2025-08-10T21:06:08Z,98.0,Sense
2025-08-10T21:06:13Z,99.0,Sense
2025-08-10T21:06:18Z,105.0,Sense
2025-08-10T21:06:23Z,109.0,Sense
2025-08-10T21:06:28Z,111.0,Sense
2025-08-10T21:06:33Z,114.0,Sense
2025-08-10T21:06:38Z,115.0,Sense
2025-08-10T21:06:43Z,114.0,Sense
2025-08-10T21:06:48Z,111.0,Sense
2025-08-10T21:06:53Z,107.0,Sense
2025-08-10T21:06:58Z,106.0,Sense
2025-08-10T21:07:03Z,103.0,Sense
2025-08-10T21:07:08Z,100.0,Sense
2025-08-10T21:07:18Z,101.0,Sense
2025-08-10T21:07:23Z,100.0,Sense
2025-08-10T21:07:28Z,98.0,Sense
2025-08-10T21:07:33Z,97.0,Sense
2025-08-10T21:07:38Z,98.0,Sense
2025-08-10T21:07:48Z,96.0,Sense
2025-08-10T21:07:53Z,89.0,Sense
2025-08-10T21:08:03Z,90.0,Sense
2025-08-10T21:08:08Z,104.0,Sense
2025-08-10T21:08:13Z,108.0,Sense
2025-08-10T21:08:18Z,107.0,Sense
2025-08-10T21:08:28Z,105.0,Sense
2025-08-10T21:08:33Z,103.0,Sense
2025-08-10T21:08:38Z,87.0,Sense
2025-08-10T21:08:53Z,87.0,Sense
2025-08-10T21:08:58Z,88.0,Sense
2025-08-10T21:09:03Z,89.0,Sense
2025-08-10T21:09:08Z,90.0,Sense
2025-08-10T21:09:13Z,90.0,Sense
2025-08-10T21:09:18Z,111.0,Sense
2025-08-10T21:09:23Z,128.0,Sense
2025-08-10T21:09:28Z,126.0,Sense
2025-08-10T21:09:33Z,124.0,Sense
2025-08-10T21:09:38Z,112.0,Sense
2025-08-10T21:09:43Z,106.0,Sense
2025-08-10T21:09:53Z,107.0,Sense
2025-08-10T21:10:03Z,108.0,Sense
2025-08-10T21:10:08Z,107.0,Sense
2025-08-10T21:10:18Z,105.0,Sense
2025-08-10T21:10:28Z,107.0,Sense
2025-08-10T21:10:33Z,102.0,Sense
2025-08-10T21:10:38Z,98.0,Sense
2025-08-10T21:10:43Z,99.0,Sense
2025-08-10T21:10:48Z,100.0,Sense
2025-08-10T21:10:53Z,102.0,Sense
2025-08-10T21:10:58Z,105.0,Sense
2025-08-10T21:11:13Z,104.0,Sense
2025-08-10T21:11:18Z,120.0,Sense
2025-08-10T21:11:23Z,128.0,Sense
2025-08-10T21:11:28Z,117.0,Sense
2025-08-10T21:11:38Z,118.0,Sense
2025-08-10T21:11:48Z,116.0,Sense
2025-08-10T21:11:53Z,107.0,Sense
2025-08-10T21:11:58Z,102.0,Sense
2025-08-10T21:12:03Z,97.0,Sense
2025-08-10T21:12:08Z,97.0,Sense
2025-08-10T21:12:13Z,89.0,Sense
2025-08-10T21:12:18Z,88.0,Sense
2025-08-10T21:12:23Z,87.0,Sense
2025-08-10T21:12:28Z,103.0,Sense
2025-08-10T21:12:33Z,105.0,Sense
2025-08-10T21:12:38Z,104.0,Sense
2025-08-10T21:12:43Z,103.0,Sense
2025-08-10T21:12:53Z,98.0,Sense
2025-08-10T21:13:08Z,96.0,Sense
2025-08-10T21:13:18Z,94.0,Sense
2025-08-10T21:13:28Z,107.0,Sense
2025-08-10T21:13:38Z,106.0,Sense
2025-08-10T21:13:43Z,112.0,Sense
2025-08-10T21:13:48Z,122.0,Sense
2025-08-10T21:13:53Z,123.0,Sense
2025-08-10T21:13:58Z,123.0,Sense
2025-08-10T21:14:03Z,122.0,Sense
2025-08-10T21:14:13Z,120.0,Sense
2025-08-10T21:14:18Z,116.0,Sense
2025-08-10T21:14:28Z,113.0,Sense
2025-08-10T21:14:33Z,109.0,Sense
2025-08-10T21:14:38Z,102.0,Sense
2025-08-10T21:14:43Z,106.0,Sense
2025-08-10T21:14:48Z,110.0,Sense
2025-08-10T21:14:53Z,109.0,Sense
2025-08-10T21:14:58Z,108.0,Sense
2025-08-10T21:15:03Z,109.0,Sense
2025-08-10T21:15:08Z,112.0,Sense
2025-08-10T21:15:13Z,111.0,Sense
2025-08-10T21:15:18Z,107.0,Sense
2025-08-10T21:15:23Z,105.0,Sense
2025-08-10T21:15:28Z,102.0,Sense
2025-08-10T21:15:33Z,103.0,Sense
2025-08-10T21:15:38Z,106.0,Sense
2025-08-10T21:15:43Z,108.0,Sense
2025-08-10T21:15:48Z,109.0,Sense
2025-08-10T21:15:53Z,105.0,Sense
2025-08-10T21:15:58Z,98.0,Sense
2025-08-10T21:16:03Z,107.0,Sense
2025-08-10T21:16:08Z,127.0,Sense
2025-08-10T21:16:18Z,126.0,Sense
2025-08-10T21:16:23Z,124.0,Sense
2025-08-10T21:16:28Z,120.0,Sense
2025-08-10T21:16:33Z,119.0,Sense
2025-08-10T21:16:38Z,117.0,Sense
2025-08-10T21:16:48Z,122.0,Sense
2025-08-10T21:16:53Z,117.0,Sense
2025-08-10T21:16:58Z,110.0,Sense
2025-08-10T21:17:03Z,111.0,Sense
2025-08-10T21:17:08Z,115.0,Sense
2025-08-10T21:17:13Z,116.0,Sense
2025-08-10T21:17:23Z,117.0,Sense
2025-08-10T21:17:28Z,117.0,Sense
2025-08-10T21:17:33Z,109.0,Sense
2025-08-10T21:17:38Z,101.0,Sense
2025-08-10T21:17:43Z,102.0,Sense
2025-08-10T21:17:48Z,90.0,Sense
2025-08-10T21:17:53Z,118.0,Sense
2025-08-10T21:17:58Z,139.0,Sense
2025-08-10T21:18:03Z,140.0,Sense
2025-08-10T21:18:08Z,139.0,Sense
2025-08-10T21:18:13Z,140.0,Sense
2025-08-10T21:18:18Z,142.0,Sense
2025-08-10T21:18:23Z,141.0,Sense
2025-08-10T21:18:28Z,142.0,Sense
2025-08-10T21:18:33Z,141.0,Sense
2025-08-10T21:18:38Z,139.0,Sense
2025-08-10T21:18:43Z,133.0,Sense
2025-08-10T21:18:48Z,130.0,Sense
2025-08-10T21:18:53Z,144.0,Sense
2025-08-10T21:18:58Z,140.0,Sense
2025-08-10T21:19:03Z,135.0,Sense
2025-08-10T21:19:08Z,131.0,Sense
2025-08-10T21:19:13Z,127.0,Sense
2025-08-10T21:19:18Z,121.0,Sense
2025-08-10T21:19:23Z,117.0,Sense
2025-08-10T21:19:28Z,120.0,Sense
2025-08-10T21:19:33Z,118.0,Sense
2025-08-10T21:19:38Z,116.0,Sense
2025-08-10T21:19:43Z,114.0,Sense
2025-08-10T21:19:48Z,111.0,Sense
2025-08-10T21:19:53Z,103.0,Sense
2025-08-10T21:19:58Z,105.0,Sense
2025-08-10T21:20:08Z,103.0,Sense
2025-08-10T21:20:18Z,102.0,Sense
2025-08-10T21:20:23Z,102.0,Sense
2025-08-10T21:20:28Z,98.0,Sense
2025-08-10T21:20:33Z,91.0,Sense
2025-08-10T21:20:38Z,89.0,Sense
2025-08-10T21:20:43Z,79.0,Sense
2025-08-10T21:20:48Z,69.0,Sense
2025-08-10T21:20:58Z,68.0,Sense
2025-08-10T21:21:13Z,77.0,Sense
2025-08-10T21:21:18Z,81.0,Sense
2025-08-10T21:21:28Z,82.0,Sense
2025-08-10T21:21:33Z,79.0,Sense
2025-08-10T21:21:38Z,80.0,Sense
2025-08-10T21:21:43Z,81.0,Sense
2025-08-10T21:21:48Z,83.0,Sense
2025-08-10T21:21:58Z,85.0,Sense
2025-08-10T21:22:03Z,85.0,Sense
2025-08-10T21:22:08Z,86.0,Sense
2025-08-10T21:22:13Z,87.0,Sense
2025-08-10T21:22:23Z,96.0,Sense
2025-08-10T21:22:28Z,99.0,Sense
2025-08-10T21:22:33Z,107.0,Sense
2025-08-10T21:22:38Z,110.0,Sense
2025-08-10T21:22:48Z,109.0,Sense
2025-08-10T21:22:53Z,109.0,Sense
2025-08-10T21:23:03Z,108.0,Sense
2025-08-10T21:23:18Z,108.0,Sense
2025-08-10T21:23:28Z,113.0,Sense
2025-08-10T21:23:33Z,116.0,Sense
2025-08-10T21:23:38Z,114.0,Sense
2025-08-10T21:23:43Z,108.0,Sense
2025-08-10T21:23:48Z,96.0,Sense
2025-08-10T21:23:53Z,95.0,Sense
2025-08-10T21:24:03Z,97.0,Sense
2025-08-10T21:24:08Z,101.0,Sense
2025-08-10T21:24:13Z,102.0,Sense
2025-08-10T21:24:18Z,108.0,Sense
2025-08-10T21:24:23Z,106.0,Sense
2025-08-10T21:24:28Z,105.0,Sense
2025-08-10T21:24:33Z,104.0,Sense
2025-08-10T21:24:38Z,101.0,Sense
2025-08-10T21:24:43Z,101.0,Sense
2025-08-10T21:24:48Z,107.0,Sense
2025-08-10T21:24:53Z,113.0,Sense
2025-08-10T21:24:58Z,111.0,Sense
2025-08-10T21:25:03Z,110.0,Sense
2025-08-10T21:25:13Z,109.0,Sense
2025-08-10T21:25:23Z,102.0,Sense
2025-08-10T21:25:28Z,92.0,Sense
2025-08-10T21:25:33Z,83.0,Sense
2025-08-10T21:25:38Z,83.0,Sense
2025-08-10T21:25:43Z,84.0,Sense
2025-08-10T21:25:48Z,85.0,Sense
2025-08-10T21:25:58Z,87.0,Sense
2025-08-10T21:26:03Z,88.0,Sense
2025-08-10T21:26:08Z,89.0,Sense
2025-08-10T21:26:13Z,92.0,Sense
2025-08-10T21:26:18Z,93.0,Sense
2025-08-10T21:26:23Z,94.0,Sense
2025-08-10T21:26:28Z,93.0,Sense
2025-08-10T21:26:43Z,92.0,Sense
2025-08-10T21:26:53Z,94.0,Sense
2025-08-10T21:26:58Z,95.0,Sense
2025-08-10T21:27:08Z,96.0,Sense
2025-08-10T21:27:13Z,98.0,Sense
2025-08-10T21:27:18Z,97.0,Sense
2025-08-10T21:27:28Z,98.0,Sense
2025-08-10T21:27:33Z,99.0,Sense
2025-08-10T21:27:38Z,105.0,Sense
2025-08-10T21:27:43Z,106.0,Sense
2025-08-10T21:27:53Z,105.0,Sense
2025-08-10T21:27:58Z,102.0,Sense
2025-08-10T21:28:03Z,103.0,Sense
2025-08-10T21:28:08Z,110.0,Sense
2025-08-10T21:28:13Z,125.0,Sense
2025-08-10T21:28:18Z,123.0,Sense
2025-08-10T21:28:23Z,121.0,Sense
2025-08-10T21:28:28Z,118.0,Sense
2025-08-10T21:28:33Z,114.0,Sense
2025-08-10T21:28:38Z,107.0,Sense
2025-08-10T21:28:43Z,103.0,Sense
2025-08-10T21:28:48Z,100.0,Sense
2025-08-10T21:28:58Z,98.0,Sense
2025-08-10T21:29:13Z,95.0,Sense
2025-08-10T21:29:18Z,93.0,Sense
2025-08-10T21:29:23Z,93.0,Sense
2025-08-10T21:29:33Z,92.0,Sense
2025-08-10T21:29:48Z,92.0,Sense
2025-08-10T21:29:58Z,92.0,Sense
2025-08-10T21:30:03Z,94.0,Sense
2025-08-10T21:30:08Z,90.0,Sense
2025-08-10T21:30:13Z,111.0,Sense
2025-08-10T21:30:23Z,110.0,Sense
2025-08-10T21:30:28Z,108.0,Sense
2025-08-10T21:30:33Z,105.0,Sense
2025-08-10T21:30:38Z,105.0,Sense
2025-08-10T21:30:43Z,104.0,Sense
2025-08-10T21:30:48Z,101.0,Sense
2025-08-10T21:30:53Z,102.0,Sense
2025-08-10T21:30:58Z,102.0,Sense
2025-08-10T21:31:08Z,100.0,Sense
2025-08-10T21:31:13Z,98.0,Sense
2025-08-10T21:31:23Z,96.0,Sense
2025-08-10T21:31:33Z,93.0,Sense
2025-08-10T21:31:38Z,89.0,Sense
2025-08-10T21:31:43Z,83.0,Sense
2025-08-10T21:31:48Z,85.0,Sense
2025-08-10T21:31:53Z,82.0,Sense
2025-08-10T21:32:08Z,128.0,Sense
2025-08-10T21:32:13Z,137.0,Sense
2025-08-10T21:32:18Z,136.0,Sense
2025-08-10T21:32:23Z,135.0,Sense
2025-08-10T21:32:33Z,133.0,Sense
2025-08-10T21:32:38Z,136.0,Sense
2025-08-10T21:32:43Z,135.0,Sense
2025-08-10T21:32:48Z,134.0,Sense
2025-08-10T21:32:53Z,133.0,Sense
2025-08-10T21:32:58Z,135.0,Sense
2025-08-10T21:33:13Z,135.0,Sense
2025-08-10T21:33:18Z,136.0,Sense
2025-08-10T21:33:28Z,138.0,Sense
2025-08-10T21:33:33Z,137.0,Sense
2025-08-10T21:33:38Z,136.0,Sense
2025-08-10T21:33:53Z,135.0,Sense
2025-08-10T21:34:03Z,133.0,Sense
2025-08-10T21:34:08Z,131.0,Sense
2025-08-10T21:34:18Z,131.0,Sense
2025-08-10T21:34:23Z,130.0,Sense
2025-08-10T21:34:28Z,129.0,Sense
2025-08-10T21:34:33Z,129.0,Sense
2025-08-10T21:34:38Z,126.0,Sense
2025-08-10T21:34:43Z,123.0,Sense
2025-08-10T21:34:48Z,126.0,Sense
2025-08-10T21:34:53Z,124.0,Sense
2025-08-10T21:34:58Z,119.0,Sense
2025-08-10T21:35:03Z,117.0,Sense
2025-08-10T21:35:08Z,116.0,Sense
2025-08-10T21:35:13Z,114.0,Sense
2025-08-10T21:35:18Z,111.0,Sense
2025-08-10T21:35:23Z,105.0,Sense
2025-08-10T21:35:28Z,111.0,Sense
2025-08-10T21:35:33Z,131.0,Sense
2025-08-10T21:35:38Z,130.0,Sense
2025-08-10T21:35:43Z,129.0,Sense
2025-08-10T21:35:48Z,126.0,Sense
2025-08-10T21:35:53Z,120.0,Sense
2025-08-10T21:35:58Z,115.0,Sense
2025-08-10T21:36:03Z,108.0,Sense
2025-08-10T21:36:08Z,103.0,Sense
2025-08-10T21:36:13Z,100.0,Sense
2025-08-10T21:36:18Z,95.0,Sense
2025-08-10T21:36:23Z,94.0,Sense
2025-08-10T21:36:28Z,90.0,Sense
2025-08-10T21:36:33Z,97.0,Sense
2025-08-10T21:36:38Z,113.0,Sense
2025-08-10T21:36:43Z,111.0,Sense
2025-08-10T21:36:48Z,109.0,Sense
2025-08-10T21:36:53Z,107.0,Sense
2025-08-10T21:36:58Z,104.0,Sense
2025-08-10T21:37:03Z,102.0,Sense
2025-08-10T21:37:18Z,100.0,Sense
2025-08-10T21:37:33Z,100.0,Sense
2025-08-10T21:37:48Z,100.0,Sense
2025-08-10T21:37:53Z,100.0,Sense
2025-08-10T21:38:08Z,96.0,Sense
2025-08-10T21:38:13Z,87.0,Sense
2025-08-10T21:38:18Z,77.0,Sense
2025-08-10T21:38:23Z,76.0,Sense
2025-08-10T21:38:33Z,77.0,Sense
2025-08-10T21:38:38Z,79.0,Sense
2025-08-10T21:38:43Z,80.0,Sense
2025-08-10T21:38:58Z,80.0,Sense
2025-08-10T21:39:03Z,81.0,Sense
2025-08-10T21:39:13Z,79.0,Sense
2025-08-10T21:39:18Z,76.0,Sense
2025-08-10T21:39:23Z,72.0,Sense
2025-08-10T21:39:28Z,69.0,Sense
2025-08-10T21:39:38Z,76.0,Sense
2025-08-10T21:39:43Z,81.0,Sense
2025-08-10T21:39:48Z,82.0,Sense
2025-08-10T21:39:58Z,83.0,Sense
2025-08-10T21:40:03Z,85.0,Sense
2025-08-10T21:40:08Z,97.0,Sense
2025-08-10T21:40:13Z,99.0,Sense
2025-08-10T21:40:18Z,98.0,Sense
2025-08-10T21:40:23Z,97.0,Sense
2025-08-10T21:40:33Z,97.0,Sense
2025-08-10T21:40:48Z,97.0,Sense
2025-08-10T21:40:53Z,98.0,Sense
2025-08-10T21:41:03Z,99.0,Sense
2025-08-10T21:41:08Z,98.0,Sense
2025-08-10T21:41:13Z,100.0,Sense
2025-08-10T21:41:18Z,101.0,Sense
2025-08-10T21:41:23Z,100.0,Sense
2025-08-10T21:41:38Z,98.0,Sense
2025-08-10T21:41:48Z,99.0,Sense
2025-08-10T21:41:53Z,98.0,Sense
2025-08-10T21:41:58Z,97.0,Sense
2025-08-10T21:42:08Z,98.0,Sense
2025-08-10T21:42:13Z,99.0,Sense
2025-08-10T21:42:18Z,98.0,Sense
2025-08-10T21:42:23Z,97.0,Sense
2025-08-10T21:42:28Z,96.0,Sense
2025-08-10T21:42:33Z,95.0,Sense
2025-08-10T21:42:48Z,94.0,Sense
2025-08-10T21:43:03Z,94.0,Sense
2025-08-10T21:43:08Z,95.0,Sense
2025-08-10T21:43:18Z,98.0,Sense
2025-08-10T21:43:23Z,104.0,Sense
2025-08-10T21:43:33Z,105.0,Sense
2025-08-10T21:43:38Z,106.0,Sense
2025-08-10T21:43:43Z,104.0,Sense
2025-08-10T21:43:48Z,102.0,Sense
2025-08-10T21:43:53Z,99.0,Sense
2025-08-10T21:44:08Z,99.0,Sense
2025-08-10T21:44:13Z,100.0,Sense
2025-08-10T21:44:28Z,99.0,Sense
2025-08-10T21:44:33Z,131.0,Sense
2025-08-10T21:44:38Z,137.0,Sense
2025-08-10T21:44:48Z,140.0,Sense
2025-08-10T21:44:53Z,138.0,Sense
2025-08-10T21:44:58Z,136.0,Sense
2025-08-10T21:45:03Z,135.0,Sense
2025-08-10T21:45:08Z,134.0,Sense
2025-08-10T21:45:13Z,136.0,Sense
2025-08-10T21:45:18Z,138.0,Sense
2025-08-10T21:45:23Z,137.0,Sense
2025-08-10T21:45:33Z,138.0,Sense
2025-08-10T21:45:38Z,138.0,Sense
2025-08-10T21:45:43Z,139.0,Sense
2025-08-10T21:45:53Z,137.0,Sense
2025-08-10T21:45:58Z,135.0,Sense
2025-08-10T21:46:03Z,136.0,Sense
2025-08-10T21:46:13Z,135.0,Sense
2025-08-10T21:46:18Z,136.0,Sense
2025-08-10T21:46:23Z,138.0,Sense
2025-08-10T21:46:28Z,140.0,Sense
2025-08-10T21:46:38Z,139.0,Sense
2025-08-10T21:46:43Z,138.0,Sense
2025-08-10T21:46:48Z,139.0,Sense
2025-08-10T21:46:53Z,139.0,Sense
2025-08-10T21:46:58Z,141.0,Sense
2025-08-10T21:47:03Z,140.0,Sense
2025-08-10T21:47:08Z,138.0,Sense
2025-08-10T21:47:13Z,140.0,Sense
2025-08-10T21:47:23Z,138.0,Sense
2025-08-10T21:47:28Z,139.0,Sense
2025-08-10T21:47:33Z,140.0,Sense
2025-08-10T21:47:38Z,139.0,Sense
2025-08-10T21:47:43Z,138.0,Sense
2025-08-10T21:47:48Z,138.0,Sense
2025-08-10T21:47:53Z,139.0,Sense
2025-08-10T21:47:58Z,138.0,Sense
2025-08-10T21:48:03Z,136.0,Sense
2025-08-10T21:48:08Z,138.0,Sense
2025-08-10T21:48:13Z,137.0,Sense
2025-08-10T21:48:18Z,136.0,Sense
2025-08-10T21:48:23Z,137.0,Sense
2025-08-10T21:48:28Z,139.0,Sense
2025-08-10T21:48:33Z,138.0,Sense
2025-08-10T21:48:48Z,137.0,Sense
2025-08-10T21:48:53Z,136.0,Sense
2025-08-10T21:48:58Z,137.0,Sense
2025-08-10T21:49:03Z,140.0,Sense
2025-08-10T21:49:08Z,137.0,Sense
2025-08-10T21:49:13Z,134.0,Sense
2025-08-10T21:49:28Z,133.0,Sense
2025-08-10T21:49:33Z,126.0,Sense
2025-08-10T21:49:38Z,118.0,Sense
2025-08-10T21:49:43Z,109.0,Sense
2025-08-10T21:49:48Z,100.0,Sense
2025-08-10T21:49:53Z,92.0,Sense
2025-08-10T21:49:58Z,87.0,Sense
2025-08-10T21:50:03Z,83.0,Sense
2025-08-10T21:50:08Z,83.0,Sense
2025-08-10T21:50:18Z,84.0,Sense
2025-08-10T21:50:23Z,85.0,Sense
2025-08-10T21:50:28Z,86.0,Sense
2025-08-10T21:50:33Z,87.0,Sense
2025-08-10T21:50:38Z,88.0,Sense
2025-08-10T21:50:43Z,90.0,Sense
2025-08-10T21:50:53Z,91.0,Sense
2025-08-10T21:50:58Z,94.0,Sense
2025-08-10T21:51:03Z,95.0,Sense
2025-08-10T21:51:18Z,95.0,Sense
2025-08-10T21:51:33Z,94.0,Sense
2025-08-10T21:51:38Z,99.0,Sense
2025-08-10T21:51:43Z,102.0,Sense
2025-08-10T21:51:48Z,100.0,Sense
2025-08-10T21:51:53Z,120.0,Sense
2025-08-10T21:51:58Z,137.0,Sense
2025-08-10T21:52:03Z,139.0,Sense
2025-08-10T21:52:18Z,137.0,Sense
2025-08-10T21:52:23Z,140.0,Sense
2025-08-10T21:52:28Z,139.0,Sense
2025-08-10T21:52:33Z,138.0,Sense
2025-08-10T21:52:38Z,137.0,Sense
2025-08-10T21:52:48Z,137.0,Sense
2025-08-10T21:52:58Z,138.0,Sense
2025-08-10T21:53:03Z,137.0,Sense
2025-08-10T21:53:13Z,138.0,Sense
2025-08-10T21:53:18Z,140.0,Sense
2025-08-10T21:53:33Z,138.0,Sense
2025-08-10T21:53:38Z,137.0,Sense
2025-08-10T21:53:43Z,137.0,Sense
2025-08-10T21:53:48Z,136.0,Sense
2025-08-10T21:53:53Z,138.0,Sense
2025-08-10T21:53:58Z,136.0,Sense
2025-08-10T21:54:03Z,135.0,Sense
2025-08-10T21:54:08Z,134.0,Sense
2025-08-10T21:54:18Z,132.0,Sense
2025-08-10T21:54:23Z,135.0,Sense
2025-08-10T21:54:28Z,136.0,Sense
2025-08-10T21:54:33Z,135.0,Sense
2025-08-10T21:54:38Z,134.0,Sense
2025-08-10T21:54:43Z,136.0,Sense
2025-08-10T21:54:48Z,139.0,Sense
2025-08-10T21:54:58Z,138.0,Sense
2025-08-10T21:55:03Z,138.0,Sense
2025-08-10T21:55:08Z,139.0,Sense
2025-08-10T21:55:13Z,139.0,Sense
2025-08-10T21:55:23Z,138.0,Sense
2025-08-10T21:55:28Z,131.0,Sense
2025-08-10T21:55:33Z,126.0,Sense
2025-08-10T21:55:38Z,122.0,Sense
2025-08-10T21:55:43Z,114.0,Sense
2025-08-10T21:55:48Z,107.0,Sense
2025-08-10T21:55:53Z,94.0,Sense
2025-08-10T21:55:58Z,88.0,Sense
2025-08-10T21:56:03Z,87.0,Sense
2025-08-10T21:56:08Z,85.0,Sense
2025-08-10T21:56:13Z,82.0,Sense
2025-08-10T21:56:18Z,79.0,Sense
2025-08-10T21:56:23Z,76.0,Sense
2025-08-10T21:56:28Z,75.0,Sense
2025-08-10T21:56:33Z,79.0,Sense
2025-08-10T21:56:38Z,80.0,Sense
2025-08-10T21:56:43Z,82.0,Sense
2025-08-10T21:56:48Z,85.0,Sense
2025-08-10T21:56:53Z,92.0,Sense
2025-08-10T21:56:58Z,116.0,Sense
2025-08-10T21:57:03Z,115.0,Sense
2025-08-10T21:57:08Z,125.0,Sense
2025-08-10T21:57:18Z,126.0,Sense
2025-08-10T21:57:23Z,139.0,Sense
2025-08-10T21:57:33Z,136.0,Sense
2025-08-10T21:57:38Z,138.0,Sense
2025-08-10T21:57:43Z,140.0,Sense
2025-08-10T21:57:48Z,139.0,Sense
2025-08-10T21:57:58Z,138.0,Sense
2025-08-10T21:58:08Z,137.0,Sense
2025-08-10T21:58:13Z,135.0,Sense
2025-08-10T21:58:18Z,139.0,Sense
2025-08-10T21:58:23Z,137.0,Sense
2025-08-10T21:58:28Z,136.0,Sense
2025-08-10T21:58:33Z,137.0,Sense
2025-08-10T21:58:38Z,138.0,Sense
2025-08-10T21:58:53Z,137.0,Sense
2025-08-10T21:58:58Z,135.0,Sense
2025-08-10T21:59:03Z,136.0,Sense
2025-08-10T21:59:13Z,135.0,Sense
2025-08-10T21:59:18Z,134.0,Sense
2025-08-10T21:59:23Z,137.0,Sense
2025-08-10T21:59:28Z,138.0,Sense
2025-08-10T21:59:33Z,139.0,Sense
2025-08-10T21:59:38Z,138.0,Sense
2025-08-10T21:59:43Z,136.0,Sense
2025-08-10T21:59:48Z,135.0,Sense
2025-08-10T21:59:53Z,135.0,Sense
2025-08-10T22:00:03Z,132.0,Sense
2025-08-10T22:00:08Z,130.0,Sense
2025-08-10T22:00:13Z,137.0,Sense
2025-08-10T22:00:18Z,135.0,Sense
2025-08-10T22:00:23Z,135.0,Sense
2025-08-10T22:00:33Z,134.0,Sense
2025-08-10T22:00:38Z,132.0,Sense
2025-08-10T22:00:43Z,133.0,Sense
2025-08-10T22:00:48Z,135.0,Sense
2025-08-10T22:00:53Z,134.0,Sense
2025-08-10T22:01:03Z,134.0,Sense
2025-08-10T22:01:08Z,135.0,Sense
2025-08-10T22:01:23Z,137.0,Sense
2025-08-10T22:01:38Z,135.0,Sense
2025-08-10T22:01:43Z,128.0,Sense
2025-08-10T22:01:48Z,125.0,Sense
2025-08-10T22:01:53Z,125.0,Sense
2025-08-10T22:01:58Z,122.0,Sense
2025-08-10T22:02:03Z,119.0,Sense
2025-08-10T22:02:08Z,117.0,Sense
2025-08-10T22:02:13Z,111.0,Sense
2025-08-10T22:02:18Z,106.0,Sense
2025-08-10T22:02:23Z,105.0,Sense
2025-08-10T22:02:28Z,103.0,Sense
2025-08-10T22:02:33Z,100.0,Sense
2025-08-10T22:02:38Z,111.0,Sense
2025-08-10T22:02:43Z,132.0,Sense
2025-08-10T22:02:58Z,131.0,Sense
2025-08-10T22:03:03Z,130.0,Sense
2025-08-10T22:03:08Z,134.0,Sense
2025-08-10T22:03:13Z,133.0,Sense
2025-08-10T22:03:18Z,137.0,Sense
2025-08-10T22:03:33Z,138.0,Sense
2025-08-10T22:03:38Z,136.0,Sense
2025-08-10T22:03:53Z,137.0,Sense
2025-08-10T22:03:58Z,135.0,Sense
2025-08-10T22:04:08Z,139.0,Sense
2025-08-10T22:04:13Z,137.0,Sense
2025-08-10T22:04:18Z,135.0,Sense
2025-08-10T22:04:33Z,135.0,Sense
2025-08-10T22:04:38Z,136.0,Sense
2025-08-10T22:04:43Z,134.0,Sense
2025-08-10T22:04:48Z,133.0,Sense
2025-08-10T22:04:53Z,128.0,Sense
2025-08-10T22:04:58Z,136.0,Sense
2025-08-10T22:05:03Z,137.0,Sense
2025-08-10T22:05:08Z,138.0,Sense
2025-08-10T22:05:13Z,135.0,Sense
2025-08-10T22:05:18Z,134.0,Sense
2025-08-10T22:05:23Z,135.0,Sense
2025-08-10T22:05:33Z,133.0,Sense
2025-08-10T22:05:38Z,131.0,Sense
2025-08-10T22:05:43Z,136.0,Sense
2025-08-10T22:05:48Z,140.0,Sense
2025-08-10T22:05:53Z,139.0,Sense
2025-08-10T22:06:03Z,138.0,Sense
2025-08-10T22:06:08Z,139.0,Sense
2025-08-10T22:06:13Z,138.0,Sense
2025-08-10T22:06:23Z,139.0,Sense
2025-08-10T22:06:28Z,140.0,Sense
2025-08-10T22:06:43Z,138.0,Sense
2025-08-10T22:06:48Z,136.0,Sense
2025-08-10T22:06:53Z,134.0,Sense
2025-08-10T22:06:58Z,137.0,Sense
2025-08-10T22:07:03Z,141.0,Sense
2025-08-10T22:07:08Z,138.0,Sense
2025-08-10T22:07:13Z,137.0,Sense
2025-08-10T22:07:28Z,138.0,Sense
2025-08-10T22:07:38Z,137.0,Sense
2025-08-10T22:07:43Z,135.0,Sense
2025-08-10T22:07:48Z,137.0,Sense
2025-08-10T22:07:58Z,135.0,Sense
2025-08-10T22:08:08Z,137.0,Sense
2025-08-10T22:08:13Z,137.0,Sense
2025-08-10T22:08:28Z,137.0,Sense
2025-08-10T22:08:33Z,136.0,Sense
2025-08-10T22:08:38Z,136.0,Sense
2025-08-10T22:08:43Z,137.0,Sense
2025-08-10T22:08:58Z,139.0,Sense
2025-08-10T22:09:13Z,137.0,Sense
2025-08-10T22:09:28Z,138.0,Sense
2025-08-10T22:09:33Z,139.0,Sense
2025-08-10T22:09:38Z,138.0,Sense
2025-08-10T22:09:43Z,137.0,Sense
2025-08-10T22:09:53Z,138.0,Sense
2025-08-10T22:10:08Z,138.0,Sense
2025-08-10T22:10:18Z,137.0,Sense
2025-08-10T22:10:28Z,138.0,Sense
2025-08-10T22:10:33Z,139.0,Sense
2025-08-10T22:10:38Z,138.0,Sense
2025-08-10T22:10:43Z,136.0,Sense
2025-08-10T22:10:48Z,139.0,Sense
2025-08-10T22:10:53Z,137.0,Sense
2025-08-10T22:11:03Z,136.0,Sense
2025-08-10T22:11:18Z,136.0,Sense
2025-08-10T22:11:23Z,140.0,Sense
2025-08-10T22:11:33Z,139.0,Sense
2025-08-10T22:11:38Z,140.0,Sense
2025-08-10T22:11:43Z,138.0,Sense
2025-08-10T22:11:48Z,135.0,Sense
2025-08-10T22:11:53Z,137.0,Sense
2025-08-10T22:11:58Z,139.0,Sense
2025-08-10T22:12:03Z,142.0,Sense
2025-08-10T22:12:08Z,141.0,Sense
2025-08-10T22:12:13Z,140.0,Sense
2025-08-10T22:12:18Z,137.0,Sense
2025-08-10T22:12:23Z,125.0,Sense
2025-08-10T22:12:28Z,126.0,Sense
2025-08-10T22:12:33Z,129.0,Sense
2025-08-10T22:12:38Z,130.0,Sense
2025-08-10T22:12:43Z,132.0,Sense
2025-08-10T22:12:48Z,135.0,Sense
2025-08-10T22:12:53Z,137.0,Sense
2025-08-10T22:12:58Z,140.0,Sense
2025-08-10T22:13:08Z,139.0,Sense
2025-08-10T22:13:13Z,138.0,Sense
2025-08-10T22:13:28Z,135.0,Sense
2025-08-10T22:13:43Z,136.0,Sense
2025-08-10T22:13:53Z,139.0,Sense
2025-08-10T22:13:58Z,143.0,Sense
2025-08-10T22:14:03Z,137.0,Sense
2025-08-10T22:14:08Z,136.0,Sense
2025-08-10T22:14:13Z,133.0,Sense
2025-08-10T22:14:18Z,128.0,Sense
2025-08-10T22:14:23Z,145.0,Sense
2025-08-10T22:14:28Z,151.0,Sense
2025-08-10T22:14:33Z,138.0,Sense
2025-08-10T22:14:43Z,137.0,Sense
2025-08-10T22:14:48Z,136.0,Sense
2025-08-10T22:14:53Z,137.0,Sense
2025-08-10T22:14:58Z,139.0,Sense
2025-08-10T22:15:03Z,136.0,Sense
2025-08-10T22:15:08Z,138.0,Sense
2025-08-10T22:15:13Z,143.0,Sense
2025-08-10T22:15:18Z,144.0,Sense
2025-08-10T22:15:23Z,139.0,Sense
2025-08-10T22:15:28Z,139.0,Sense
2025-08-10T22:15:33Z,138.0,Sense
2025-08-10T22:15:48Z,137.0,Sense
2025-08-10T22:15:58Z,140.0,Sense
2025-08-10T22:16:03Z,138.0,Sense
2025-08-10T22:16:08Z,137.0,Sense
2025-08-10T22:16:13Z,136.0,Sense
2025-08-10T22:16:18Z,134.0,Sense
2025-08-10T22:16:28Z,133.0,Sense
2025-08-10T22:16:33Z,134.0,Sense
2025-08-10T22:16:38Z,136.0,Sense
2025-08-10T22:16:48Z,135.0,Sense
2025-08-10T22:16:53Z,134.0,Sense
2025-08-10T22:16:58Z,137.0,Sense
2025-08-10T22:17:03Z,138.0,Sense
2025-08-10T22:17:08Z,137.0,Sense
2025-08-10T22:17:13Z,136.0,Sense
2025-08-10T22:17:18Z,133.0,Sense
2025-08-10T22:17:28Z,135.0,Sense
2025-08-10T22:17:43Z,134.0,Sense
2025-08-10T22:17:48Z,136.0,Sense
2025-08-10T22:17:53Z,138.0,Sense
2025-08-10T22:17:58Z,137.0,Sense
2025-08-10T22:18:03Z,136.0,Sense
2025-08-10T22:18:08Z,135.0,Sense
2025-08-10T22:18:13Z,133.0,Sense
2025-08-10T22:18:18Z,128.0,Sense
2025-08-10T22:18:28Z,138.0,Sense
2025-08-10T22:18:33Z,143.0,Sense
2025-08-10T22:18:38Z,150.0,Sense
2025-08-10T22:18:43Z,149.0,Sense
2025-08-10T22:18:48Z,146.0,Sense
2025-08-10T22:18:53Z,144.0,Sense
2025-08-10T22:18:58Z,143.0,Sense
2025-08-10T22:19:08Z,142.0,Sense
2025-08-10T22:19:13Z,140.0,Sense
2025-08-10T22:19:18Z,138.0,Sense
2025-08-10T22:19:28Z,137.0,Sense
2025-08-10T22:19:33Z,136.0,Sense
2025-08-10T22:19:38Z,132.0,Sense
2025-08-10T22:19:43Z,136.0,Sense
2025-08-10T22:19:58Z,138.0,Sense
2025-08-10T22:20:03Z,139.0,Sense
2025-08-10T22:20:08Z,140.0,Sense
2025-08-10T22:20:18Z,141.0,Sense
2025-08-10T22:20:33Z,138.0,Sense
2025-08-10T22:20:38Z,147.0,Sense
2025-08-10T22:20:43Z,146.0,Sense
2025-08-10T22:20:48Z,140.0,Sense
2025-08-10T22:20:53Z,136.0,Sense
2025-08-10T22:21:03Z,137.0,Sense
2025-08-10T22:21:08Z,138.0,Sense
2025-08-10T22:21:13Z,134.0,Sense
2025-08-10T22:21:18Z,136.0,Sense
2025-08-10T22:21:23Z,137.0,Sense
2025-08-10T22:21:33Z,136.0,Sense
2025-08-10T22:21:38Z,135.0,Sense
2025-08-10T22:21:48Z,136.0,Sense
2025-08-10T22:21:53Z,138.0,Sense
2025-08-10T22:21:58Z,140.0,Sense
2025-08-10T22:22:03Z,139.0,Sense
2025-08-10T22:22:08Z,138.0,Sense
2025-08-10T22:22:13Z,137.0,Sense
2025-08-10T22:22:18Z,138.0,Sense
2025-08-10T22:22:33Z,138.0,Sense
2025-08-10T22:22:38Z,139.0,Sense
2025-08-10T22:22:43Z,137.0,Sense
2025-08-10T22:22:48Z,135.0,Sense
2025-08-10T22:22:58Z,134.0,Sense
2025-08-10T22:23:03Z,132.0,Sense
2025-08-10T22:23:08Z,130.0,Sense
2025-08-10T22:23:13Z,132.0,Sense
2025-08-10T22:23:18Z,134.0,Sense
2025-08-10T22:23:23Z,138.0,Sense
2025-08-10T22:23:38Z,139.0,Sense
2025-08-10T22:23:43Z,136.0,Sense
2025-08-10T22:23:48Z,122.0,Sense
2025-08-10T22:24:03Z,125.0,Sense
2025-08-10T22:24:08Z,126.0,Sense
2025-08-10T22:24:13Z,123.0,Sense
2025-08-10T22:24:18Z,116.0,Sense
2025-08-10T22:24:23Z,113.0,Sense
2025-08-10T22:24:28Z,122.0,Sense
2025-08-10T22:24:33Z,130.0,Sense
2025-08-10T22:24:38Z,133.0,Sense
2025-08-10T22:24:43Z,135.0,Sense
2025-08-10T22:24:48Z,134.0,Sense
2025-08-10T22:24:53Z,136.0,Sense
2025-08-10T22:25:08Z,139.0,Sense
2025-08-10T22:25:13Z,141.0,Sense
2025-08-10T22:25:23Z,140.0,Sense
2025-08-10T22:25:28Z,135.0,Sense
2025-08-10T22:25:33Z,137.0,Sense
2025-08-10T22:25:38Z,137.0,Sense
2025-08-10T22:25:43Z,134.0,Sense
2025-08-10T22:25:53Z,133.0,Sense
2025-08-10T22:25:58Z,128.0,Sense
2025-08-10T22:26:03Z,125.0,Sense
2025-08-10T22:26:13Z,128.0,Sense
2025-08-10T22:26:18Z,129.0,Sense
2025-08-10T22:26:23Z,130.0,Sense
2025-08-10T22:26:33Z,140.0,Sense
2025-08-10T22:26:38Z,156.0,Sense
2025-08-10T22:26:43Z,157.0,Sense
2025-08-10T22:26:48Z,155.0,Sense
2025-08-10T22:26:53Z,154.0,Sense
2025-08-10T22:26:58Z,150.0,Sense
2025-08-10T22:27:03Z,138.0,Sense
2025-08-10T22:27:13Z,136.0,Sense
2025-08-10T22:27:18Z,133.0,Sense
2025-08-10T22:27:33Z,134.0,Sense
2025-08-10T22:27:38Z,136.0,Sense
2025-08-10T22:27:43Z,130.0,Sense
2025-08-10T22:27:53Z,132.0,Sense
2025-08-10T22:28:03Z,131.0,Sense
2025-08-10T22:28:08Z,132.0,Sense
2025-08-10T22:28:13Z,134.0,Sense
2025-08-10T22:28:18Z,138.0,Sense
2025-08-10T22:28:28Z,137.0,Sense
2025-08-10T22:28:33Z,139.0,Sense
2025-08-10T22:28:38Z,138.0,Sense
2025-08-10T22:28:43Z,143.0,Sense
2025-08-10T22:28:53Z,142.0,Sense
2025-08-10T22:28:58Z,140.0,Sense
2025-08-10T22:29:13Z,137.0,Sense
2025-08-10T22:29:18Z,136.0,Sense
2025-08-10T22:29:23Z,138.0,Sense
2025-08-10T22:29:33Z,137.0,Sense
2025-08-10T22:29:43Z,135.0,Sense
2025-08-10T22:29:48Z,131.0,Sense
2025-08-10T22:29:53Z,126.0,Sense
2025-08-10T22:29:58Z,124.0,Sense
2025-08-10T22:30:03Z,127.0,Sense
2025-08-10T22:30:08Z,135.0,Sense
2025-08-10T22:30:13Z,138.0,Sense
2025-08-10T22:30:23Z,136.0,Sense
2025-08-10T22:30:28Z,135.0,Sense
2025-08-10T22:30:33Z,134.0,Sense
2025-08-10T22:30:43Z,135.0,Sense
2025-08-10T22:30:48Z,136.0,Sense
2025-08-10T22:30:53Z,138.0,Sense
2025-08-10T22:30:58Z,136.0,Sense
2025-08-10T22:31:03Z,138.0,Sense
2025-08-10T22:31:13Z,139.0,Sense
2025-08-10T22:31:18Z,134.0,Sense
2025-08-10T22:31:28Z,139.0,Sense
2025-08-10T22:31:33Z,140.0,Sense
2025-08-10T22:31:43Z,138.0,Sense
2025-08-10T22:31:48Z,140.0,Sense
2025-08-10T22:31:53Z,136.0,Sense
2025-08-10T22:31:58Z,136.0,Sense
2025-08-10T22:32:03Z,135.0,Sense
2025-08-10T22:32:08Z,133.0,Sense
2025-08-10T22:32:13Z,134.0,Sense
2025-08-10T22:32:18Z,135.0,Sense
2025-08-10T22:32:23Z,139.0,Sense
2025-08-10T22:32:28Z,140.0,Sense
2025-08-10T22:32:43Z,139.0,Sense
2025-08-10T22:32:48Z,138.0,Sense
2025-08-10T22:32:53Z,136.0,Sense
2025-08-10T22:32:58Z,137.0,Sense
2025-08-10T22:33:03Z,136.0,Sense
2025-08-10T22:33:08Z,136.0,Sense
2025-08-10T22:33:18Z,140.0,Sense
2025-08-10T22:33:23Z,139.0,Sense
2025-08-10T22:33:28Z,137.0,Sense
2025-08-10T22:33:33Z,138.0,Sense
2025-08-10T22:33:38Z,139.0,Sense
2025-08-10T22:33:43Z,140.0,Sense
2025-08-10T22:33:48Z,140.0,Sense
2025-08-10T22:33:53Z,135.0,Sense
2025-08-10T22:33:58Z,133.0,Sense
2025-08-10T22:34:03Z,131.0,Sense
2025-08-10T22:34:13Z,129.0,Sense
2025-08-10T22:34:18Z,130.0,Sense
2025-08-10T22:34:23Z,139.0,Sense
2025-08-10T22:34:38Z,140.0,Sense
2025-08-10T22:34:43Z,141.0,Sense
2025-08-10T22:34:48Z,141.0,Sense
2025-08-10T22:34:58Z,140.0,Sense
2025-08-10T22:35:03Z,135.0,Sense
2025-08-10T22:35:08Z,129.0,Sense
2025-08-10T22:35:13Z,133.0,Sense
2025-08-10T22:35:18Z,139.0,Sense
2025-08-10T22:35:23Z,137.0,Sense
2025-08-10T22:35:33Z,140.0,Sense
2025-08-10T22:35:38Z,141.0,Sense
2025-08-10T22:35:43Z,139.0,Sense
2025-08-10T22:35:48Z,138.0,Sense
2025-08-10T22:35:58Z,137.0,Sense
2025-08-10T22:36:03Z,136.0,Sense
2025-08-10T22:36:08Z,137.0,Sense
2025-08-10T22:36:13Z,138.0,Sense
2025-08-10T22:36:18Z,137.0,Sense
2025-08-10T22:36:23Z,138.0,Sense
2025-08-10T22:36:28Z,139.0,Sense
2025-08-10T22:36:33Z,141.0,Sense
2025-08-10T22:36:38Z,140.0,Sense
2025-08-10T22:36:43Z,139.0,Sense
2025-08-10T22:36:53Z,140.0,Sense
2025-08-10T22:36:58Z,141.0,Sense
2025-08-10T22:37:03Z,140.0,Sense
2025-08-10T22:37:08Z,139.0,Sense
2025-08-10T22:37:13Z,138.0,Sense
2025-08-10T22:37:18Z,136.0,Sense
2025-08-10T22:37:23Z,138.0,Sense
2025-08-10T22:37:28Z,139.0,Sense
2025-08-10T22:37:43Z,139.0,Sense
2025-08-10T22:37:48Z,142.0,Sense
2025-08-10T22:37:58Z,141.0,Sense
2025-08-10T22:38:03Z,138.0,Sense
2025-08-10T22:38:08Z,137.0,Sense
2025-08-10T22:38:23Z,138.0,Sense
2025-08-10T22:38:33Z,137.0,Sense
2025-08-10T22:38:38Z,131.0,Sense
2025-08-10T22:38:43Z,125.0,Sense
2025-08-10T22:38:48Z,110.0,Sense
2025-08-10T22:38:53Z,109.0,Sense
2025-08-10T22:38:58Z,107.0,Sense
2025-08-10T22:39:03Z,106.0,Sense
2025-08-10T22:39:08Z,105.0,Sense
2025-08-10T22:39:13Z,108.0,Sense
2025-08-10T22:39:18Z,138.0,Sense
2025-08-10T22:39:23Z,141.0,Sense
2025-08-10T22:39:33Z,139.0,Sense
2025-08-10T22:39:43Z,136.0,Sense
2025-08-10T22:39:48Z,135.0,Sense
2025-08-10T22:39:53Z,138.0,Sense
2025-08-10T22:39:58Z,139.0,Sense
2025-08-10T22:40:03Z,138.0,Sense
2025-08-10T22:40:08Z,139.0,Sense
2025-08-10T22:40:13Z,136.0,Sense
2025-08-10T22:40:23Z,137.0,Sense
2025-08-10T22:40:28Z,138.0,Sense
2025-08-10T22:40:43Z,137.0,Sense
2025-08-10T22:40:53Z,135.0,Sense
2025-08-10T22:40:58Z,139.0,Sense
2025-08-10T22:41:03Z,140.0,Sense
2025-08-10T22:41:08Z,143.0,Sense
2025-08-10T22:41:13Z,142.0,Sense
2025-08-10T22:41:18Z,139.0,Sense
2025-08-10T22:41:23Z,137.0,Sense
2025-08-10T22:41:28Z,135.0,Sense
2025-08-10T22:41:33Z,133.0,Sense
2025-08-10T22:41:38Z,134.0,Sense
2025-08-10T22:41:43Z,137.0,Sense
2025-08-10T22:41:48Z,143.0,Sense
2025-08-10T22:41:53Z,138.0,Sense
2025-08-10T22:42:08Z,151.0,Sense
2025-08-10T22:42:13Z,149.0,Sense
2025-08-10T22:42:18Z,143.0,Sense
2025-08-10T22:42:23Z,140.0,Sense
2025-08-10T22:42:28Z,148.0,Sense
2025-08-10T22:42:33Z,150.0,Sense
2025-08-10T22:42:38Z,149.0,Sense
2025-08-10T22:42:43Z,150.0,Sense
2025-08-10T22:42:48Z,148.0,Sense
2025-08-10T22:42:53Z,144.0,Sense
2025-08-10T22:42:58Z,141.0,Sense
2025-08-10T22:43:03Z,138.0,Sense
2025-08-10T22:43:08Z,137.0,Sense
2025-08-10T22:43:13Z,134.0,Sense
2025-08-10T22:43:23Z,135.0,Sense
2025-08-10T22:43:33Z,142.0,Sense
2025-08-10T22:43:38Z,143.0,Sense
2025-08-10T22:43:43Z,139.0,Sense
2025-08-10T22:43:58Z,139.0,Sense
2025-08-10T22:44:03Z,138.0,Sense
2025-08-10T22:44:08Z,136.0,Sense
2025-08-10T22:44:13Z,131.0,Sense
2025-08-10T22:44:18Z,132.0,Sense
2025-08-10T22:44:23Z,138.0,Sense
2025-08-10T22:44:28Z,137.0,Sense
2025-08-10T22:44:33Z,140.0,Sense
2025-08-10T22:44:38Z,139.0,Sense
2025-08-10T22:44:43Z,137.0,Sense
2025-08-10T22:44:48Z,135.0,Sense
2025-08-10T22:44:53Z,136.0,Sense
2025-08-10T22:44:58Z,135.0,Sense
2025-08-10T22:45:03Z,137.0,Sense
2025-08-10T22:45:08Z,134.0,Sense
2025-08-10T22:45:13Z,137.0,Sense
2025-08-10T22:45:18Z,138.0,Sense
2025-08-10T22:45:23Z,137.0,Sense
2025-08-10T22:45:33Z,136.0,Sense
2025-08-10T22:45:38Z,135.0,Sense
2025-08-10T22:45:43Z,138.0,Sense
2025-08-10T22:45:48Z,152.0,Sense
2025-08-10T22:45:53Z,154.0,Sense
2025-08-10T22:45:58Z,157.0,Sense
2025-08-10T22:46:03Z,154.0,Sense
2025-08-10T22:46:08Z,151.0,Sense
2025-08-10T22:46:13Z,154.0,Sense
2025-08-10T22:46:23Z,153.0,Sense
2025-08-10T22:46:28Z,150.0,Sense
2025-08-10T22:46:33Z,147.0,Sense
2025-08-10T22:46:38Z,153.0,Sense
2025-08-10T22:46:48Z,146.0,Sense
2025-08-10T22:46:53Z,142.0,Sense
2025-08-10T22:46:58Z,140.0,Sense
2025-08-10T22:47:03Z,141.0,Sense
2025-08-10T22:47:08Z,140.0,Sense
2025-08-10T22:47:23Z,138.0,Sense
2025-08-10T22:47:28Z,135.0,Sense
2025-08-10T22:47:33Z,133.0,Sense
2025-08-10T22:47:38Z,138.0,Sense
2025-08-10T22:47:53Z,138.0,Sense
2025-08-10T22:47:58Z,140.0,Sense
2025-08-10T22:48:03Z,141.0,Sense
2025-08-10T22:48:08Z,140.0,Sense
2025-08-10T22:48:13Z,130.0,Sense
2025-08-10T22:48:18Z,133.0,Sense
2025-08-10T22:48:23Z,135.0,Sense
2025-08-10T22:48:28Z,137.0,Sense
2025-08-10T22:48:33Z,139.0,Sense
2025-08-10T22:48:48Z,139.0,Sense
2025-08-10T22:48:53Z,138.0,Sense
2025-08-10T22:48:58Z,137.0,Sense
2025-08-10T22:49:03Z,139.0,Sense
2025-08-10T22:49:08Z,140.0,Sense
2025-08-10T22:49:18Z,139.0,Sense
2025-08-10T22:49:23Z,139.0,Sense
2025-08-10T22:49:33Z,138.0,Sense
2025-08-10T22:49:38Z,137.0,Sense
2025-08-10T22:49:43Z,136.0,Sense
2025-08-10T22:49:48Z,134.0,Sense
2025-08-10T22:49:53Z,136.0,Sense
2025-08-10T22:49:58Z,135.0,Sense
2025-08-10T22:50:03Z,132.0,Sense
2025-08-10T22:50:08Z,129.0,Sense
2025-08-10T22:50:18Z,127.0,Sense
2025-08-10T22:50:23Z,121.0,Sense
2025-08-10T22:50:28Z,123.0,Sense
2025-08-10T22:50:33Z,119.0,Sense
2025-08-10T22:50:38Z,117.0,Sense
2025-08-10T22:50:43Z,115.0,Sense
2025-08-10T22:50:48Z,120.0,Sense
2025-08-10T22:50:53Z,135.0,Sense
2025-08-10T22:50:58Z,136.0,Sense
2025-08-10T22:51:03Z,137.0,Sense
2025-08-10T22:51:08Z,136.0,Sense
2025-08-10T22:51:13Z,135.0,Sense
2025-08-10T22:51:18Z,134.0,Sense
2025-08-10T22:51:23Z,135.0,Sense
2025-08-10T22:51:28Z,136.0,Sense
2025-08-10T22:51:38Z,137.0,Sense
2025-08-10T22:51:43Z,138.0,Sense
2025-08-10T22:51:53Z,139.0,Sense
2025-08-10T22:51:58Z,138.0,Sense
2025-08-10T22:52:03Z,137.0,Sense
2025-08-10T22:52:18Z,134.0,Sense
2025-08-10T22:52:23Z,135.0,Sense
2025-08-10T22:52:28Z,141.0,Sense
2025-08-10T22:52:33Z,136.0,Sense
2025-08-10T22:52:38Z,139.0,Sense
2025-08-10T22:52:48Z,138.0,Sense
2025-08-10T22:52:53Z,135.0,Sense
2025-08-10T22:52:58Z,135.0,Sense
2025-08-10T22:53:03Z,139.0,Sense
2025-08-10T22:53:08Z,140.0,Sense
2025-08-10T22:53:18Z,139.0,Sense
2025-08-10T22:53:28Z,138.0,Sense
2025-08-10T22:53:33Z,136.0,Sense
2025-08-10T22:53:38Z,135.0,Sense
2025-08-10T22:53:48Z,138.0,Sense
2025-08-10T22:53:58Z,136.0,Sense
2025-08-10T22:54:03Z,135.0,Sense
2025-08-10T22:54:08Z,128.0,Sense
2025-08-10T22:54:13Z,118.0,Sense
2025-08-10T22:54:28Z,127.0,Sense
2025-08-10T22:54:33Z,134.0,Sense
2025-08-10T22:54:38Z,137.0,Sense
2025-08-10T22:54:43Z,136.0,Sense
2025-08-10T22:54:53Z,137.0,Sense
2025-08-10T22:55:03Z,135.0,Sense
2025-08-10T22:55:08Z,135.0,Sense
2025-08-10T22:55:13Z,135.0,Sense
2025-08-10T22:55:18Z,135.0,Sense
2025-08-10T22:55:23Z,136.0,Sense
2025-08-10T22:55:28Z,139.0,Sense
2025-08-10T22:55:38Z,140.0,Sense
2025-08-10T22:55:43Z,139.0,Sense
2025-08-10T22:55:48Z,137.0,Sense
2025-08-10T22:55:58Z,138.0,Sense
2025-08-10T22:56:08Z,136.0,Sense
2025-08-10T22:56:13Z,136.0,Sense
2025-08-10T22:56:18Z,135.0,Sense
2025-08-10T22:56:28Z,138.0,Sense
2025-08-10T22:56:38Z,139.0,Sense
2025-08-10T22:56:43Z,141.0,Sense
2025-08-10T22:56:48Z,136.0,Sense
2025-08-10T22:56:53Z,136.0,Sense
2025-08-10T22:56:58Z,130.0,Sense
2025-08-10T22:57:13Z,130.0,Sense
2025-08-10T22:57:18Z,132.0,Sense
2025-08-10T22:57:23Z,139.0,Sense
2025-08-10T22:57:28Z,141.0,Sense
2025-08-10T22:57:33Z,139.0,Sense
2025-08-10T22:57:38Z,137.0,Sense
2025-08-10T22:57:53Z,138.0,Sense
2025-08-10T22:57:58Z,139.0,Sense
2025-08-10T22:58:03Z,138.0,Sense
2025-08-10T22:58:08Z,136.0,Sense
2025-08-10T22:58:18Z,134.0,Sense
2025-08-10T22:58:23Z,131.0,Sense
2025-08-10T22:58:28Z,129.0,Sense
2025-08-10T22:58:33Z,127.0,Sense
2025-08-10T22:58:38Z,125.0,Sense
2025-08-10T22:58:43Z,124.0,Sense
2025-08-10T22:58:48Z,125.0,Sense
2025-08-10T22:58:53Z,138.0,Sense
2025-08-10T22:58:58Z,154.0,Sense
2025-08-10T22:59:08Z,153.0,Sense
2025-08-10T22:59:13Z,152.0,Sense
2025-08-10T22:59:18Z,150.0,Sense
2025-08-10T22:59:23Z,147.0,Sense
2025-08-10T22:59:28Z,137.0,Sense
2025-08-10T22:59:38Z,138.0,Sense
2025-08-10T22:59:43Z,137.0,Sense
2025-08-10T22:59:53Z,136.0,Sense
2025-08-10T22:59:58Z,135.0,Sense
2025-08-10T23:00:03Z,136.0,Sense
2025-08-10T23:00:13Z,135.0,Sense
2025-08-10T23:00:18Z,133.0,Sense
2025-08-10T23:00:23Z,127.0,Sense
2025-08-10T23:00:28Z,129.0,Sense
2025-08-10T23:00:33Z,131.0,Sense
2025-08-10T23:00:38Z,127.0,Sense
2025-08-10T23:00:43Z,120.0,Sense
2025-08-10T23:00:48Z,119.0,Sense
2025-08-10T23:00:53Z,121.0,Sense
2025-08-10T23:00:58Z,118.0,Sense
2025-08-10T23:01:03Z,114.0,Sense
2025-08-10T23:01:08Z,111.0,Sense
2025-08-10T23:01:13Z,109.0,Sense
2025-08-10T23:01:18Z,132.0,Sense
2025-08-10T23:01:23Z,133.0,Sense
2025-08-10T23:01:28Z,132.0,Sense
2025-08-10T23:01:33Z,133.0,Sense
2025-08-10T23:01:38Z,135.0,Sense
2025-08-10T23:01:43Z,138.0,Sense
2025-08-10T23:01:48Z,136.0,Sense
2025-08-10T23:01:53Z,135.0,Sense
2025-08-10T23:01:58Z,135.0,Sense
2025-08-10T23:02:08Z,136.0,Sense
2025-08-10T23:02:13Z,136.0,Sense
2025-08-10T23:02:18Z,136.0,Sense
2025-08-10T23:02:28Z,135.0,Sense
2025-08-10T23:02:33Z,132.0,Sense
2025-08-10T23:02:38Z,129.0,Sense
2025-08-10T23:02:43Z,122.0,Sense
2025-08-10T23:02:48Z,117.0,Sense
2025-08-10T23:02:53Z,132.0,Sense
2025-08-10T23:02:58Z,135.0,Sense
2025-08-10T23:03:03Z,136.0,Sense
2025-08-10T23:03:18Z,135.0,Sense
2025-08-10T23:03:33Z,135.0,Sense
2025-08-10T23:03:43Z,136.0,Sense
2025-08-10T23:03:53Z,134.0,Sense
2025-08-10T23:03:58Z,133.0,Sense
2025-08-10T23:04:03Z,137.0,Sense
2025-08-10T23:04:08Z,136.0,Sense
2025-08-10T23:04:13Z,135.0,Sense
2025-08-10T23:04:18Z,129.0,Sense
2025-08-10T23:04:23Z,127.0,Sense
2025-08-10T23:04:28Z,128.0,Sense
2025-08-10T23:04:33Z,133.0,Sense
2025-08-10T23:04:38Z,132.0,Sense
2025-08-10T23:04:43Z,131.0,Sense
2025-08-10T23:04:53Z,134.0,Sense
2025-08-10T23:04:58Z,135.0,Sense
2025-08-10T23:05:03Z,129.0,Sense
2025-08-10T23:05:08Z,126.0,Sense
2025-08-10T23:05:13Z,130.0,Sense
2025-08-10T23:05:18Z,131.0,Sense
2025-08-10T23:05:23Z,130.0,Sense
2025-08-10T23:05:28Z,133.0,Sense
2025-08-10T23:05:33Z,134.0,Sense
2025-08-10T23:05:43Z,134.0,Sense
2025-08-10T23:05:48Z,135.0,Sense
2025-08-10T23:05:53Z,134.0,Sense
2025-08-10T23:06:08Z,141.0,Sense
2025-08-10T23:06:13Z,139.0,Sense
2025-08-10T23:06:18Z,135.0,Sense
2025-08-10T23:06:23Z,132.0,Sense
2025-08-10T23:06:28Z,139.0,Sense
2025-08-10T23:06:38Z,138.0,Sense
2025-08-10T23:06:43Z,136.0,Sense
2025-08-10T23:06:58Z,136.0,Sense
2025-08-10T23:07:08Z,135.0,Sense
2025-08-10T23:07:13Z,135.0,Sense
2025-08-10T23:07:18Z,137.0,Sense
2025-08-10T23:07:23Z,136.0,Sense
2025-08-10T23:07:28Z,133.0,Sense
2025-08-10T23:07:38Z,132.0,Sense
2025-08-10T23:07:43Z,131.0,Sense
2025-08-10T23:07:48Z,132.0,Sense
2025-08-10T23:07:53Z,132.0,Sense
2025-08-10T23:08:03Z,133.0,Sense
2025-08-10T23:08:08Z,129.0,Sense
2025-08-10T23:08:18Z,131.0,Sense
2025-08-10T23:08:23Z,133.0,Sense
2025-08-10T23:08:28Z,135.0,Sense
2025-08-10T23:08:38Z,134.0,Sense
2025-08-10T23:08:43Z,135.0,Sense
2025-08-10T23:08:48Z,134.0,Sense
2025-08-10T23:08:58Z,135.0,Sense
2025-08-10T23:09:03Z,137.0,Sense
2025-08-10T23:09:08Z,135.0,Sense
2025-08-10T23:09:13Z,132.0,Sense
2025-08-10T23:09:18Z,134.0,Sense
2025-08-10T23:09:23Z,130.0,Sense
2025-08-10T23:09:33Z,131.0,Sense
2025-08-10T23:09:38Z,130.0,Sense
2025-08-10T23:09:43Z,132.0,Sense
2025-08-10T23:09:48Z,136.0,Sense
2025-08-10T23:09:58Z,133.0,Sense
2025-08-10T23:10:03Z,130.0,Sense
2025-08-10T23:10:08Z,126.0,Sense
2025-08-10T23:10:18Z,131.0,Sense
2025-08-10T23:10:23Z,135.0,Sense
2025-08-10T23:10:28Z,134.0,Sense
2025-08-10T23:10:38Z,133.0,Sense
2025-08-10T23:10:43Z,132.0,Sense
2025-08-10T23:10:48Z,132.0,Sense
2025-08-10T23:10:53Z,136.0,Sense
2025-08-10T23:10:58Z,134.0,Sense
2025-08-10T23:11:08Z,133.0,Sense
2025-08-10T23:11:13Z,134.0,Sense
2025-08-10T23:11:28Z,133.0,Sense
2025-08-10T23:11:39Z,134.0,Sense
2025-08-10T23:11:44Z,132.0,Sense
2025-08-10T23:11:49Z,135.0,Sense
2025-08-10T23:11:54Z,134.0,Sense
2025-08-10T23:11:59Z,132.0,Sense
2025-08-10T23:12:04Z,134.0,Sense
2025-08-10T23:12:14Z,133.0,Sense
2025-08-10T23:12:19Z,134.0,Sense
2025-08-10T23:12:29Z,132.0,Sense
2025-08-10T23:12:39Z,134.0,Sense
2025-08-10T23:12:44Z,137.0,Sense
2025-08-10T23:12:49Z,139.0,Sense
2025-08-10T23:12:54Z,136.0,Sense
2025-08-10T23:12:59Z,135.0,Sense
2025-08-10T23:13:09Z,137.0,Sense
2025-08-10T23:13:14Z,139.0,Sense
2025-08-10T23:13:19Z,130.0,Sense
2025-08-10T23:13:34Z,129.0,Sense
2025-08-10T23:13:39Z,126.0,Sense
2025-08-10T23:13:44Z,131.0,Sense
2025-08-10T23:13:49Z,131.0,Sense
2025-08-10T23:13:54Z,133.0,Sense
2025-08-10T23:14:04Z,134.0,Sense
2025-08-10T23:14:09Z,137.0,Sense
2025-08-10T23:14:14Z,135.0,Sense
2025-08-10T23:14:24Z,134.0,Sense
2025-08-10T23:14:29Z,132.0,Sense
2025-08-10T23:14:39Z,131.0,Sense
2025-08-10T23:14:44Z,128.0,Sense
2025-08-10T23:14:49Z,129.0,Sense
2025-08-10T23:14:54Z,132.0,Sense
2025-08-10T23:14:59Z,128.0,Sense
2025-08-10T23:15:04Z,124.0,Sense
2025-08-10T23:15:09Z,133.0,Sense
2025-08-10T23:15:14Z,133.0,Sense
2025-08-10T23:15:29Z,133.0,Sense
2025-08-10T23:15:44Z,130.0,Sense
2025-08-10T23:15:49Z,129.0,Sense
2025-08-10T23:15:54Z,137.0,Sense
2025-08-10T23:15:59Z,136.0,Sense
2025-08-10T23:16:09Z,135.0,Sense
2025-08-10T23:16:14Z,139.0,Sense
2025-08-10T23:16:19Z,142.0,Sense
2025-08-10T23:16:24Z,141.0,Sense
2025-08-10T23:16:29Z,138.0,Sense
2025-08-10T23:16:34Z,130.0,Sense
2025-08-10T23:16:49Z,132.0,Sense
2025-08-10T23:16:59Z,125.0,Sense
2025-08-10T23:17:04Z,134.0,Sense
2025-08-10T23:17:09Z,134.0,Sense
2025-08-10T23:17:14Z,134.0,Sense
2025-08-10T23:17:19Z,133.0,Sense
2025-08-10T23:17:24Z,131.0,Sense
2025-08-10T23:17:29Z,133.0,Sense
2025-08-10T23:17:34Z,134.0,Sense
2025-08-10T23:17:39Z,135.0,Sense
2025-08-10T23:17:49Z,136.0,Sense
2025-08-10T23:17:54Z,135.0,Sense
2025-08-10T23:18:04Z,136.0,Sense
2025-08-10T23:18:09Z,136.0,Sense
2025-08-10T23:18:14Z,139.0,Sense
2025-08-10T23:18:24Z,138.0,Sense
2025-08-10T23:18:29Z,137.0,Sense
2025-08-10T23:18:44Z,137.0,Sense
2025-08-10T23:18:49Z,135.0,Sense
2025-08-10T23:18:54Z,136.0,Sense
2025-08-10T23:18:59Z,135.0,Sense
2025-08-10T23:19:04Z,136.0,Sense
2025-08-10T23:19:09Z,132.0,Sense
2025-08-10T23:19:14Z,133.0,Sense
2025-08-10T23:19:19Z,134.0,Sense
2025-08-10T23:19:24Z,133.0,Sense
2025-08-10T23:19:34Z,135.0,Sense
2025-08-10T23:19:44Z,128.0,Sense
2025-08-10T23:19:49Z,127.0,Sense
2025-08-10T23:19:54Z,136.0,Sense
2025-08-10T23:19:59Z,137.0,Sense
2025-08-10T23:20:04Z,136.0,Sense
2025-08-10T23:20:09Z,134.0,Sense
2025-08-10T23:20:14Z,132.0,Sense
2025-08-10T23:20:24Z,131.0,Sense
2025-08-10T23:20:29Z,130.0,Sense
2025-08-10T23:20:39Z,127.0,Sense
2025-08-10T23:20:44Z,126.0,Sense
2025-08-10T23:20:49Z,133.0,Sense
2025-08-10T23:20:54Z,139.0,Sense
2025-08-10T23:20:59Z,138.0,Sense
2025-08-10T23:21:09Z,134.0,Sense
2025-08-10T23:21:14Z,124.0,Sense
2025-08-10T23:21:19Z,125.0,Sense
2025-08-10T23:21:24Z,130.0,Sense
2025-08-10T23:21:29Z,138.0,Sense
2025-08-10T23:21:34Z,137.0,Sense
2025-08-10T23:21:39Z,135.0,Sense
2025-08-10T23:21:44Z,135.0,Sense
2025-08-10T23:21:49Z,134.0,Sense
2025-08-10T23:21:59Z,136.0,Sense
2025-08-10T23:22:09Z,135.0,Sense
2025-08-10T23:22:14Z,134.0,Sense
2025-08-10T23:22:24Z,124.0,Sense
2025-08-10T23:22:29Z,123.0,Sense
2025-08-10T23:22:34Z,122.0,Sense
2025-08-10T23:22:39Z,121.0,Sense
2025-08-10T23:22:44Z,122.0,Sense
2025-08-10T23:22:49Z,122.0,Sense
2025-08-10T23:22:54Z,132.0,Sense
2025-08-10T23:22:59Z,151.0,Sense
2025-08-10T23:23:04Z,150.0,Sense
2025-08-10T23:23:09Z,146.0,Sense
2025-08-10T23:23:14Z,143.0,Sense
2025-08-10T23:23:19Z,139.0,Sense
2025-08-10T23:23:24Z,134.0,Sense
2025-08-10T23:23:29Z,133.0,Sense
2025-08-10T23:23:34Z,134.0,Sense
2025-08-10T23:23:39Z,146.0,Sense
2025-08-10T23:23:44Z,136.0,Sense
2025-08-10T23:23:49Z,135.0,Sense
2025-08-10T23:23:54Z,136.0,Sense
2025-08-10T23:23:59Z,139.0,Sense
2025-08-10T23:24:04Z,138.0,Sense
2025-08-10T23:24:09Z,137.0,Sense
2025-08-10T23:24:14Z,135.0,Sense
2025-08-10T23:24:19Z,135.0,Sense
2025-08-10T23:24:24Z,145.0,Sense
2025-08-10T23:24:29Z,151.0,Sense
2025-08-10T23:24:34Z,140.0,Sense
2025-08-10T23:24:39Z,136.0,Sense
2025-08-10T23:24:54Z,136.0,Sense
2025-08-10T23:24:59Z,135.0,Sense
2025-08-10T23:25:04Z,134.0,Sense
2025-08-10T23:25:14Z,133.0,Sense
2025-08-10T23:25:19Z,146.0,Sense
2025-08-10T23:25:24Z,153.0,Sense
2025-08-10T23:25:29Z,152.0,Sense
2025-08-10T23:25:34Z,149.0,Sense
2025-08-10T23:25:39Z,148.0,Sense
2025-08-10T23:25:44Z,147.0,Sense
2025-08-10T23:25:49Z,142.0,Sense
2025-08-10T23:25:54Z,135.0,Sense
2025-08-10T23:25:59Z,133.0,Sense
2025-08-10T23:26:04Z,133.0,Sense
2025-08-10T23:26:14Z,131.0,Sense
2025-08-10T23:26:19Z,133.0,Sense
2025-08-10T23:26:24Z,134.0,Sense
2025-08-10T23:26:29Z,135.0,Sense
2025-08-10T23:26:34Z,126.0,Sense
2025-08-10T23:26:39Z,130.0,Sense
2025-08-10T23:26:49Z,131.0,Sense
2025-08-10T23:26:54Z,133.0,Sense
2025-08-10T23:26:59Z,135.0,Sense
2025-08-10T23:27:04Z,133.0,Sense
2025-08-10T23:27:19Z,128.0,Sense
2025-08-10T23:27:24Z,131.0,Sense
2025-08-10T23:27:29Z,133.0,Sense
2025-08-10T23:27:34Z,131.0,Sense
2025-08-10T23:27:44Z,133.0,Sense
2025-08-10T23:27:49Z,136.0,Sense
2025-08-10T23:27:54Z,135.0,Sense
2025-08-10T23:27:59Z,133.0,Sense
2025-08-10T23:28:09Z,131.0,Sense
2025-08-10T23:28:14Z,124.0,Sense
2025-08-10T23:28:19Z,123.0,Sense
2025-08-10T23:28:24Z,127.0,Sense
2025-08-10T23:28:29Z,128.0,Sense
2025-08-10T23:28:34Z,127.0,Sense
2025-08-10T23:28:39Z,131.0,Sense
2025-08-10T23:28:44Z,134.0,Sense
2025-08-10T23:28:59Z,134.0,Sense
2025-08-10T23:29:04Z,133.0,Sense
2025-08-10T23:29:09Z,134.0,Sense
2025-08-10T23:29:14Z,135.0,Sense
2025-08-10T23:29:19Z,136.0,Sense
2025-08-10T23:29:24Z,135.0,Sense
2025-08-10T23:29:29Z,133.0,Sense
2025-08-10T23:29:34Z,132.0,Sense
2025-08-10T23:29:39Z,131.0,Sense
2025-08-10T23:29:44Z,130.0,Sense
2025-08-10T23:29:49Z,133.0,Sense
2025-08-10T23:29:54Z,143.0,Sense
2025-08-10T23:29:59Z,141.0,Sense
2025-08-10T23:30:04Z,139.0,Sense
2025-08-10T23:30:09Z,138.0,Sense
2025-08-10T23:30:14Z,136.0,Sense
2025-08-10T23:30:19Z,137.0,Sense
2025-08-10T23:30:24Z,136.0,Sense
2025-08-10T23:30:29Z,134.0,Sense
2025-08-10T23:30:34Z,133.0,Sense
2025-08-10T23:30:39Z,132.0,Sense
2025-08-10T23:30:44Z,133.0,Sense
2025-08-10T23:30:49Z,135.0,Sense
2025-08-10T23:30:59Z,134.0,Sense
2025-08-10T23:31:14Z,134.0,Sense
2025-08-10T23:31:19Z,133.0,Sense
2025-08-10T23:31:24Z,128.0,Sense
2025-08-10T23:31:29Z,121.0,Sense
2025-08-10T23:31:34Z,127.0,Sense
2025-08-10T23:31:39Z,129.0,Sense
2025-08-10T23:31:49Z,130.0,Sense
2025-08-10T23:31:54Z,129.0,Sense
2025-08-10T23:31:59Z,130.0,Sense
2025-08-10T23:32:04Z,133.0,Sense
2025-08-10T23:32:19Z,134.0,Sense
2025-08-10T23:32:24Z,132.0,Sense
2025-08-10T23:32:29Z,130.0,Sense
2025-08-10T23:32:34Z,133.0,Sense
2025-08-10T23:32:39Z,133.0,Sense
2025-08-10T23:32:54Z,131.0,Sense
2025-08-10T23:33:09Z,133.0,Sense
2025-08-10T23:33:19Z,134.0,Sense
2025-08-10T23:33:24Z,133.0,Sense
2025-08-10T23:33:29Z,132.0,Sense
2025-08-10T23:33:34Z,130.0,Sense
2025-08-10T23:33:39Z,129.0,Sense
2025-08-10T23:33:44Z,128.0,Sense
2025-08-10T23:33:49Z,130.0,Sense
2025-08-10T23:33:54Z,132.0,Sense
2025-08-10T23:33:59Z,133.0,Sense
2025-08-10T23:34:09Z,132.0,Sense
2025-08-10T23:34:14Z,131.0,Sense
2025-08-10T23:34:19Z,128.0,Sense
2025-08-10T23:34:24Z,129.0,Sense
2025-08-10T23:34:29Z,132.0,Sense
2025-08-10T23:34:34Z,134.0,Sense
2025-08-10T23:34:39Z,133.0,Sense
2025-08-10T23:34:44Z,137.0,Sense
2025-08-10T23:34:49Z,137.0,Sense
2025-08-10T23:34:54Z,136.0,Sense
2025-08-10T23:34:59Z,134.0,Sense
2025-08-10T23:35:04Z,133.0,Sense
2025-08-10T23:35:09Z,134.0,Sense
2025-08-10T23:35:14Z,135.0,Sense
2025-08-10T23:35:19Z,136.0,Sense
2025-08-10T23:35:34Z,135.0,Sense
2025-08-10T23:35:39Z,133.0,Sense
2025-08-10T23:35:44Z,133.0,Sense
2025-08-10T23:35:49Z,132.0,Sense
2025-08-10T23:36:04Z,133.0,Sense
2025-08-10T23:36:09Z,130.0,Sense
2025-08-10T23:36:14Z,132.0,Sense
2025-08-10T23:36:19Z,133.0,Sense
2025-08-10T23:36:29Z,134.0,Sense
2025-08-10T23:36:34Z,133.0,Sense
2025-08-10T23:36:39Z,132.0,Sense
2025-08-10T23:36:44Z,131.0,Sense
2025-08-10T23:36:49Z,134.0,Sense
2025-08-10T23:37:04Z,130.0,Sense
2025-08-10T23:37:09Z,129.0,Sense
2025-08-10T23:37:14Z,130.0,Sense
2025-08-10T23:37:19Z,134.0,Sense
2025-08-10T23:37:24Z,132.0,Sense
2025-08-10T23:37:29Z,136.0,Sense
2025-08-10T23:37:34Z,135.0,Sense
2025-08-10T23:37:39Z,135.0,Sense
2025-08-10T23:37:49Z,138.0,Sense
2025-08-10T23:37:54Z,146.0,Sense
2025-08-10T23:37:59Z,145.0,Sense
2025-08-10T23:38:04Z,143.0,Sense
2025-08-10T23:38:09Z,142.0,Sense
2025-08-10T23:38:14Z,141.0,Sense
2025-08-10T23:38:19Z,138.0,Sense
2025-08-10T23:38:24Z,135.0,Sense
2025-08-10T23:38:29Z,137.0,Sense
2025-08-10T23:38:34Z,133.0,Sense
2025-08-10T23:38:39Z,132.0,Sense
2025-08-10T23:38:44Z,139.0,Sense
2025-08-10T23:38:49Z,139.0,Sense
2025-08-10T23:38:54Z,138.0,Sense
2025-08-10T23:38:59Z,137.0,Sense
2025-08-10T23:39:14Z,135.0,Sense
2025-08-10T23:39:19Z,136.0,Sense
2025-08-10T23:39:24Z,140.0,Sense
2025-08-10T23:39:29Z,141.0,Sense
2025-08-10T23:39:34Z,139.0,Sense
2025-08-10T23:39:44Z,139.0,Sense
2025-08-10T23:39:49Z,140.0,Sense
2025-08-10T23:39:54Z,146.0,Sense
2025-08-10T23:39:59Z,144.0,Sense
2025-08-10T23:40:04Z,142.0,Sense
2025-08-10T23:40:09Z,141.0,Sense
2025-08-10T23:40:14Z,140.0,Sense
2025-08-10T23:40:19Z,135.0,Sense
2025-08-10T23:40:24Z,127.0,Sense
2025-08-10T23:40:29Z,125.0,Sense
2025-08-10T23:40:34Z,124.0,Sense
2025-08-10T23:40:39Z,123.0,Sense
2025-08-10T23:40:44Z,116.0,Sense
2025-08-10T23:40:49Z,112.0,Sense
2025-08-10T23:41:04Z,111.0,Sense
2025-08-10T23:41:09Z,102.0,Sense
2025-08-10T23:41:14Z,108.0,Sense
2025-08-10T23:41:19Z,111.0,Sense
2025-08-10T23:41:24Z,131.0,Sense
2025-08-10T23:41:29Z,136.0,Sense
2025-08-10T23:41:34Z,135.0,Sense
2025-08-10T23:41:39Z,133.0,Sense
2025-08-10T23:41:44Z,129.0,Sense
2025-08-10T23:41:49Z,123.0,Sense
2025-08-10T23:41:54Z,125.0,Sense
2025-08-10T23:41:59Z,130.0,Sense
2025-08-10T23:42:09Z,132.0,Sense
2025-08-10T23:42:14Z,138.0,Sense
2025-08-10T23:42:29Z,137.0,Sense
2025-08-10T23:42:34Z,135.0,Sense
2025-08-10T23:42:44Z,135.0,Sense
2025-08-10T23:42:49Z,134.0,Sense
2025-08-10T23:42:54Z,133.0,Sense
2025-08-10T23:42:59Z,134.0,Sense
2025-08-10T23:43:04Z,135.0,Sense
2025-08-10T23:43:09Z,127.0,Sense
2025-08-10T23:43:14Z,121.0,Sense
2025-08-10T23:43:19Z,130.0,Sense
2025-08-10T23:43:24Z,145.0,Sense
2025-08-10T23:43:29Z,150.0,Sense
2025-08-10T23:43:34Z,149.0,Sense
2025-08-10T23:43:39Z,147.0,Sense
2025-08-10T23:43:44Z,145.0,Sense
2025-08-10T23:43:49Z,146.0,Sense
2025-08-10T23:43:54Z,144.0,Sense
2025-08-10T23:43:59Z,137.0,Sense
2025-08-10T23:44:04Z,130.0,Sense
2025-08-10T23:44:14Z,132.0,Sense
2025-08-10T23:44:19Z,133.0,Sense
2025-08-10T23:44:29Z,132.0,Sense
2025-08-10T23:44:34Z,127.0,Sense
2025-08-10T23:44:39Z,125.0,Sense
2025-08-10T23:44:44Z,130.0,Sense
2025-08-10T23:44:49Z,128.0,Sense
2025-08-10T23:44:54Z,127.0,Sense
2025-08-10T23:44:59Z,125.0,Sense
2025-08-10T23:45:04Z,128.0,Sense
2025-08-10T23:45:09Z,129.0,Sense
2025-08-10T23:45:14Z,130.0,Sense
2025-08-10T23:45:19Z,133.0,Sense
2025-08-10T23:45:24Z,134.0,Sense
2025-08-10T23:45:29Z,132.0,Sense
2025-08-10T23:45:34Z,133.0,Sense
2025-08-10T23:45:39Z,132.0,Sense
2025-08-10T23:45:44Z,131.0,Sense
2025-08-10T23:45:49Z,134.0,Sense
2025-08-10T23:45:54Z,132.0,Sense
2025-08-10T23:45:59Z,127.0,Sense
2025-08-10T23:46:04Z,125.0,Sense
2025-08-10T23:46:09Z,123.0,Sense
2025-08-10T23:46:14Z,122.0,Sense
2025-08-10T23:46:24Z,121.0,Sense
2025-08-10T23:46:29Z,123.0,Sense
2025-08-10T23:46:34Z,126.0,Sense
2025-08-10T23:46:39Z,131.0,Sense
2025-08-10T23:46:49Z,130.0,Sense
2025-08-10T23:46:54Z,128.0,Sense
2025-08-10T23:46:59Z,133.0,Sense
2025-08-10T23:47:04Z,136.0,Sense
2025-08-10T23:47:19Z,136.0,Sense
2025-08-10T23:47:24Z,136.0,Sense
2025-08-10T23:47:29Z,135.0,Sense
2025-08-10T23:47:34Z,136.0,Sense
2025-08-10T23:47:39Z,137.0,Sense
2025-08-10T23:47:44Z,134.0,Sense
2025-08-10T23:47:49Z,133.0,Sense
2025-08-10T23:47:59Z,134.0,Sense
2025-08-10T23:48:14Z,134.0,Sense
2025-08-10T23:48:19Z,133.0,Sense
2025-08-10T23:48:29Z,126.0,Sense
2025-08-10T23:48:34Z,149.0,Sense
2025-08-10T23:48:39Z,148.0,Sense
2025-08-10T23:48:44Z,145.0,Sense
2025-08-10T23:48:49Z,133.0,Sense
2025-08-10T23:49:04Z,131.0,Sense
2025-08-10T23:49:09Z,129.0,Sense
2025-08-10T23:49:14Z,132.0,Sense
2025-08-10T23:49:19Z,133.0,Sense
2025-08-10T23:49:24Z,134.0,Sense
2025-08-10T23:49:29Z,133.0,Sense
2025-08-10T23:49:44Z,133.0,Sense
2025-08-10T23:49:49Z,134.0,Sense
2025-08-10T23:49:54Z,133.0,Sense
2025-08-10T23:49:59Z,126.0,Sense
2025-08-10T23:50:04Z,123.0,Sense
2025-08-10T23:50:09Z,115.0,Sense
2025-08-10T23:50:14Z,113.0,Sense
2025-08-10T23:50:24Z,112.0,Sense
2025-08-10T23:50:29Z,130.0,Sense
2025-08-10T23:50:34Z,131.0,Sense
2025-08-10T23:50:39Z,133.0,Sense
2025-08-10T23:50:44Z,134.0,Sense
2025-08-10T23:50:49Z,133.0,Sense
2025-08-10T23:50:54Z,127.0,Sense
2025-08-10T23:50:59Z,135.0,Sense
2025-08-10T23:51:09Z,134.0,Sense
2025-08-10T23:51:24Z,134.0,Sense
2025-08-10T23:51:34Z,135.0,Sense
2025-08-10T23:51:39Z,136.0,Sense
2025-08-10T23:51:44Z,135.0,Sense
2025-08-10T23:51:49Z,140.0,Sense
2025-08-10T23:51:59Z,139.0,Sense
2025-08-10T23:52:04Z,138.0,Sense
2025-08-10T23:52:14Z,143.0,Sense
2025-08-10T23:52:19Z,145.0,Sense
2025-08-10T23:52:24Z,144.0,Sense
2025-08-10T23:52:29Z,142.0,Sense
2025-08-10T23:52:34Z,138.0,Sense
2025-08-10T23:52:39Z,132.0,Sense
2025-08-10T23:52:44Z,124.0,Sense
2025-08-10T23:52:49Z,119.0,Sense
2025-08-10T23:52:54Z,131.0,Sense
2025-08-10T23:53:04Z,129.0,Sense
2025-08-10T23:53:09Z,130.0,Sense
2025-08-10T23:53:19Z,125.0,Sense
2025-08-10T23:53:24Z,125.0,Sense
2025-08-10T23:53:29Z,156.0,Sense
2025-08-10T23:53:34Z,142.0,Sense
2025-08-10T23:53:39Z,141.0,Sense
2025-08-10T23:53:44Z,137.0,Sense
2025-08-10T23:53:49Z,135.0,Sense
2025-08-10T23:53:54Z,132.0,Sense
2025-08-10T23:53:59Z,133.0,Sense
2025-08-10T23:54:14Z,131.0,Sense
2025-08-10T23:54:24Z,132.0,Sense
2025-08-10T23:54:29Z,130.0,Sense
2025-08-10T23:54:39Z,133.0,Sense
2025-08-10T23:54:44Z,133.0,Sense
2025-08-10T23:54:49Z,134.0,Sense
2025-08-10T23:54:54Z,133.0,Sense
2025-08-10T23:54:59Z,131.0,Sense
2025-08-10T23:55:04Z,123.0,Sense
2025-08-10T23:55:09Z,119.0,Sense
2025-08-10T23:55:14Z,120.0,Sense
2025-08-10T23:55:19Z,115.0,Sense
2025-08-10T23:55:24Z,119.0,Sense
2025-08-10T23:55:29Z,147.0,Sense
2025-08-10T23:55:39Z,145.0,Sense
2025-08-10T23:55:44Z,142.0,Sense
2025-08-10T23:55:49Z,137.0,Sense
2025-08-10T23:55:54Z,135.0,Sense
2025-08-10T23:56:09Z,132.0,Sense
2025-08-10T23:56:14Z,117.0,Sense
2025-08-10T23:56:19Z,116.0,Sense
2025-08-10T23:56:24Z,129.0,Sense
2025-08-10T23:56:29Z,132.0,Sense
2025-08-10T23:56:39Z,133.0,Sense
2025-08-10T23:56:44Z,134.0,Sense
2025-08-10T23:56:49Z,133.0,Sense
2025-08-10T23:56:54Z,136.0,Sense
2025-08-10T23:56:59Z,136.0,Sense
2025-08-10T23:57:04Z,135.0,Sense
2025-08-10T23:57:14Z,133.0,Sense
2025-08-10T23:57:19Z,131.0,Sense
2025-08-10T23:57:24Z,126.0,Sense
2025-08-10T23:57:29Z,136.0,Sense
2025-08-10T23:57:44Z,136.0,Sense
2025-08-10T23:57:49Z,135.0,Sense
2025-08-10T23:58:04Z,132.0,Sense
2025-08-10T23:58:14Z,135.0,Sense
2025-08-10T23:58:19Z,136.0,Sense
2025-08-10T23:58:24Z,135.0,Sense
2025-08-10T23:58:29Z,134.0,Sense
2025-08-10T23:58:39Z,133.0,Sense
2025-08-10T23:58:44Z,131.0,Sense
2025-08-10T23:58:49Z,123.0,Sense
2025-08-10T23:58:54Z,120.0,Sense
2025-08-10T23:59:09Z,120.0,Sense
2025-08-10T23:59:14Z,130.0,Sense
2025-08-10T23:59:24Z,131.0,Sense
2025-08-10T23:59:29Z,132.0,Sense
2025-08-10T23:59:39Z,132.0,Sense
2025-08-10T23:59:49Z,131.0,Sense
2025-08-10T23:59:54Z,133.0,Sense
2025-08-10T23:59:59Z,135.0,Sense
