timestamp,beats per minute,data source
2025-07-21T00:10:13Z,81.0,Sense
2025-07-21T00:10:18Z,82.0,Sense
2025-07-21T00:10:23Z,84.0,Sense
2025-07-21T00:10:28Z,80.0,Sense
2025-07-21T00:10:33Z,86.0,Sense
2025-07-21T00:10:38Z,83.0,Sense
2025-07-21T00:10:43Z,85.0,Sense
2025-07-21T00:10:48Z,83.0,Sense
2025-07-21T00:10:53Z,84.0,Sense
2025-07-21T00:10:58Z,80.0,Sense
2025-07-21T00:11:08Z,78.0,Sense
2025-07-21T00:11:13Z,79.0,Sense
2025-07-21T08:41:01Z,81.0,Sense
2025-07-21T08:41:11Z,86.0,Sense
2025-07-21T08:41:21Z,94.0,Sense
2025-07-21T08:41:26Z,92.0,Sense
2025-07-21T08:41:31Z,94.0,Sense
2025-07-21T08:41:36Z,91.0,Sense
2025-07-21T08:41:41Z,84.0,Sense
2025-07-21T08:41:46Z,81.0,Sense
2025-07-21T08:41:51Z,87.0,Sense
2025-07-21T08:41:56Z,91.0,Sense
2025-07-21T08:42:01Z,88.0,Sense
2025-07-21T08:42:06Z,89.0,Sense
2025-07-21T08:42:16Z,91.0,Sense
2025-07-21T08:42:31Z,91.0,Sense
2025-07-21T08:42:36Z,88.0,Sense
2025-07-21T08:42:41Z,87.0,Sense
2025-07-21T08:42:46Z,85.0,Sense
2025-07-21T08:42:51Z,88.0,Sense
2025-07-21T08:42:56Z,86.0,Sense
2025-07-21T08:43:01Z,80.0,Sense
2025-07-21T08:43:06Z,82.0,Sense
2025-07-21T08:43:11Z,77.0,Sense
2025-07-21T08:43:16Z,80.0,Sense
2025-07-21T08:43:21Z,87.0,Sense
2025-07-21T08:43:26Z,88.0,Sense
2025-07-21T08:46:43Z,84.0,Sense
2025-07-21T08:46:53Z,88.0,Sense
2025-07-21T08:46:58Z,91.0,Sense
2025-07-21T08:47:03Z,97.0,Sense
2025-07-21T08:47:08Z,96.0,Sense
2025-07-21T08:47:18Z,98.0,Sense
2025-07-21T08:47:23Z,97.0,Sense
2025-07-21T08:47:28Z,95.0,Sense
2025-07-21T08:47:33Z,93.0,Sense
2025-07-21T08:47:38Z,94.0,Sense
2025-07-21T08:47:43Z,100.0,Sense
2025-07-21T08:47:53Z,101.0,Sense
2025-07-21T08:47:58Z,98.0,Sense
2025-07-21T08:48:03Z,101.0,Sense
2025-07-21T08:48:13Z,100.0,Sense
2025-07-21T08:48:23Z,102.0,Sense
2025-07-21T08:48:28Z,106.0,Sense
2025-07-21T08:48:33Z,102.0,Sense
2025-07-21T08:48:38Z,103.0,Sense
2025-07-21T08:48:43Z,102.0,Sense
2025-07-21T08:48:48Z,100.0,Sense
2025-07-21T08:48:53Z,101.0,Sense
2025-07-21T08:48:58Z,102.0,Sense
2025-07-21T08:49:03Z,96.0,Sense
2025-07-21T08:49:08Z,95.0,Sense
2025-07-21T08:49:13Z,92.0,Sense
2025-07-21T08:49:18Z,88.0,Sense
2025-07-21T08:49:23Z,89.0,Sense
2025-07-21T08:49:38Z,90.0,Sense
2025-07-21T08:49:43Z,93.0,Sense
2025-07-21T08:49:48Z,94.0,Sense
2025-07-21T08:49:53Z,94.0,Sense
2025-07-21T08:49:58Z,94.0,Sense
2025-07-21T08:50:13Z,94.0,Sense
2025-07-21T08:50:18Z,98.0,Sense
2025-07-21T08:50:23Z,99.0,Sense
2025-07-21T08:50:28Z,101.0,Sense
2025-07-21T08:50:33Z,103.0,Sense
2025-07-21T08:50:38Z,104.0,Sense
2025-07-21T08:50:48Z,105.0,Sense
2025-07-21T08:50:58Z,107.0,Sense
2025-07-21T08:51:03Z,106.0,Sense
2025-07-21T08:51:08Z,105.0,Sense
2025-07-21T08:51:23Z,105.0,Sense
2025-07-21T08:51:38Z,106.0,Sense
2025-07-21T08:51:43Z,104.0,Sense
2025-07-21T08:51:48Z,99.0,Sense
2025-07-21T08:51:58Z,101.0,Sense
2025-07-21T08:52:03Z,102.0,Sense
2025-07-21T08:52:08Z,105.0,Sense
2025-07-21T08:52:13Z,108.0,Sense
2025-07-21T08:52:18Z,112.0,Sense
2025-07-21T08:52:23Z,114.0,Sense
2025-07-21T08:52:28Z,112.0,Sense
2025-07-21T08:52:33Z,112.0,Sense
2025-07-21T08:52:43Z,111.0,Sense
2025-07-21T08:52:48Z,109.0,Sense
2025-07-21T08:53:03Z,108.0,Sense
2025-07-21T08:53:08Z,102.0,Sense
2025-07-21T08:53:13Z,99.0,Sense
2025-07-21T08:53:23Z,101.0,Sense
2025-07-21T08:53:28Z,102.0,Sense
2025-07-21T08:53:33Z,97.0,Sense
2025-07-21T08:53:38Z,96.0,Sense
2025-07-21T08:53:43Z,97.0,Sense
2025-07-21T08:53:48Z,96.0,Sense
2025-07-21T08:53:53Z,95.0,Sense
2025-07-21T08:53:58Z,94.0,Sense
2025-07-21T08:54:03Z,95.0,Sense
2025-07-21T08:54:08Z,96.0,Sense
2025-07-21T08:54:13Z,95.0,Sense
2025-07-21T08:54:18Z,96.0,Sense
2025-07-21T08:54:23Z,97.0,Sense
2025-07-21T08:54:28Z,94.0,Sense
2025-07-21T08:54:38Z,92.0,Sense
2025-07-21T08:54:43Z,90.0,Sense
2025-07-21T08:54:48Z,91.0,Sense
2025-07-21T08:54:53Z,88.0,Sense
2025-07-21T08:54:58Z,90.0,Sense
2025-07-21T08:55:03Z,89.0,Sense
2025-07-21T08:55:08Z,90.0,Sense
2025-07-21T08:55:13Z,87.0,Sense
2025-07-21T08:55:18Z,88.0,Sense
2025-07-21T08:55:23Z,89.0,Sense
2025-07-21T08:55:33Z,91.0,Sense
2025-07-21T08:55:38Z,90.0,Sense
2025-07-21T08:55:43Z,91.0,Sense
2025-07-21T08:55:53Z,93.0,Sense
2025-07-21T08:55:58Z,91.0,Sense
2025-07-21T08:56:03Z,93.0,Sense
2025-07-21T08:56:08Z,94.0,Sense
2025-07-21T08:56:13Z,93.0,Sense
2025-07-21T08:56:18Z,94.0,Sense
2025-07-21T08:56:23Z,95.0,Sense
2025-07-21T08:56:28Z,96.0,Sense
2025-07-21T08:56:33Z,94.0,Sense
2025-07-21T08:56:38Z,95.0,Sense
2025-07-21T08:56:43Z,92.0,Sense
2025-07-21T08:56:48Z,96.0,Sense
2025-07-21T08:56:53Z,97.0,Sense
2025-07-21T08:56:58Z,98.0,Sense
2025-07-21T08:57:08Z,101.0,Sense
2025-07-21T08:57:13Z,100.0,Sense
2025-07-21T08:57:18Z,97.0,Sense
2025-07-21T08:57:23Z,96.0,Sense
2025-07-21T08:57:28Z,93.0,Sense
2025-07-21T08:57:33Z,89.0,Sense
2025-07-21T08:57:38Z,93.0,Sense
2025-07-21T08:57:43Z,92.0,Sense
2025-07-21T08:57:48Z,93.0,Sense
2025-07-21T08:57:53Z,95.0,Sense
2025-07-21T08:57:58Z,97.0,Sense
2025-07-21T08:58:03Z,94.0,Sense
2025-07-21T08:58:08Z,93.0,Sense
2025-07-21T08:58:13Z,94.0,Sense
2025-07-21T08:58:23Z,92.0,Sense
2025-07-21T08:58:33Z,90.0,Sense
2025-07-21T08:58:38Z,91.0,Sense
2025-07-21T08:58:43Z,87.0,Sense
2025-07-21T08:58:53Z,88.0,Sense
2025-07-21T08:58:58Z,89.0,Sense
2025-07-21T08:59:03Z,91.0,Sense
2025-07-21T08:59:08Z,94.0,Sense
2025-07-21T08:59:13Z,95.0,Sense
2025-07-21T08:59:18Z,99.0,Sense
2025-07-21T08:59:23Z,100.0,Sense
2025-07-21T08:59:33Z,95.0,Sense
2025-07-21T08:59:38Z,92.0,Sense
2025-07-21T08:59:43Z,93.0,Sense
2025-07-21T08:59:48Z,91.0,Sense
2025-07-21T08:59:53Z,93.0,Sense
2025-07-21T08:59:58Z,91.0,Sense
2025-07-21T09:00:03Z,93.0,Sense
2025-07-21T09:00:08Z,91.0,Sense
2025-07-21T09:00:13Z,93.0,Sense
2025-07-21T09:00:18Z,93.0,Sense
2025-07-21T09:00:23Z,92.0,Sense
2025-07-21T09:00:28Z,93.0,Sense
2025-07-21T09:00:33Z,94.0,Sense
2025-07-21T09:00:38Z,93.0,Sense
2025-07-21T09:00:43Z,94.0,Sense
2025-07-21T09:00:58Z,94.0,Sense
2025-07-21T09:01:03Z,92.0,Sense
2025-07-21T09:01:08Z,94.0,Sense
2025-07-21T09:01:13Z,98.0,Sense
2025-07-21T09:01:18Z,92.0,Sense
2025-07-21T09:01:28Z,90.0,Sense
2025-07-21T09:01:33Z,91.0,Sense
2025-07-21T09:01:38Z,90.0,Sense
2025-07-21T09:01:48Z,88.0,Sense
2025-07-21T09:01:58Z,86.0,Sense
2025-07-21T09:02:08Z,89.0,Sense
2025-07-21T09:02:13Z,93.0,Sense
2025-07-21T09:02:23Z,94.0,Sense
2025-07-21T09:02:28Z,91.0,Sense
2025-07-21T09:02:33Z,94.0,Sense
2025-07-21T09:02:48Z,94.0,Sense
2025-07-21T09:02:53Z,91.0,Sense
2025-07-21T09:02:58Z,90.0,Sense
2025-07-21T09:03:03Z,91.0,Sense
2025-07-21T09:03:08Z,92.0,Sense
2025-07-21T09:03:13Z,94.0,Sense
2025-07-21T09:03:18Z,90.0,Sense
2025-07-21T09:03:23Z,91.0,Sense
2025-07-21T09:03:28Z,92.0,Sense
2025-07-21T09:03:33Z,95.0,Sense
2025-07-21T09:03:38Z,98.0,Sense
2025-07-21T09:03:43Z,101.0,Sense
2025-07-21T09:03:48Z,104.0,Sense
2025-07-21T09:03:53Z,112.0,Sense
2025-07-21T09:03:58Z,108.0,Sense
2025-07-21T09:04:03Z,104.0,Sense
2025-07-21T09:04:08Z,107.0,Sense
2025-07-21T09:04:13Z,104.0,Sense
2025-07-21T09:04:18Z,110.0,Sense
2025-07-21T09:04:23Z,111.0,Sense
2025-07-21T09:04:28Z,114.0,Sense
2025-07-21T09:04:38Z,116.0,Sense
2025-07-21T09:04:43Z,121.0,Sense
2025-07-21T09:04:53Z,120.0,Sense
2025-07-21T09:04:58Z,113.0,Sense
2025-07-21T09:05:03Z,108.0,Sense
2025-07-21T09:05:08Z,103.0,Sense
2025-07-21T09:05:13Z,106.0,Sense
2025-07-21T09:05:24Z,102.0,Sense
2025-07-21T09:05:29Z,97.0,Sense
2025-07-21T09:05:34Z,95.0,Sense
2025-07-21T09:05:39Z,94.0,Sense
2025-07-21T09:05:44Z,96.0,Sense
2025-07-21T09:05:49Z,102.0,Sense
2025-07-21T09:05:54Z,96.0,Sense
2025-07-21T09:05:59Z,82.0,Sense
2025-07-21T09:06:04Z,78.0,Sense
2025-07-21T09:06:09Z,73.0,Sense
2025-07-21T09:06:24Z,74.0,Sense
2025-07-21T09:06:29Z,72.0,Sense
2025-07-21T09:06:39Z,70.0,Sense
2025-07-21T09:06:44Z,72.0,Sense
2025-07-21T09:06:49Z,73.0,Sense
2025-07-21T09:06:54Z,71.0,Sense
2025-07-21T09:06:59Z,69.0,Sense
2025-07-21T09:07:04Z,66.0,Sense
2025-07-21T09:07:09Z,65.0,Sense
2025-07-21T09:07:14Z,63.0,Sense
2025-07-21T09:07:19Z,64.0,Sense
2025-07-21T09:07:29Z,63.0,Sense
2025-07-21T09:07:34Z,62.0,Sense
2025-07-21T09:07:39Z,61.0,Sense
2025-07-21T09:07:44Z,62.0,Sense
2025-07-21T09:07:49Z,64.0,Sense
2025-07-21T09:07:54Z,62.0,Sense
2025-07-21T09:08:04Z,60.0,Sense
2025-07-21T09:08:19Z,60.0,Sense
2025-07-21T09:08:29Z,59.0,Sense
2025-07-21T09:08:34Z,58.0,Sense
2025-07-21T09:08:44Z,59.0,Sense
2025-07-21T09:08:49Z,58.0,Sense
2025-07-21T09:08:59Z,59.0,Sense
2025-07-21T09:09:09Z,58.0,Sense
2025-07-21T09:09:19Z,57.0,Sense
2025-07-21T09:09:24Z,58.0,Sense
2025-07-21T09:09:39Z,59.0,Sense
2025-07-21T09:09:44Z,58.0,Sense
2025-07-21T09:09:49Z,59.0,Sense
2025-07-21T09:09:54Z,58.0,Sense
2025-07-21T09:09:59Z,59.0,Sense
2025-07-21T09:10:14Z,59.0,Sense
2025-07-21T09:10:29Z,59.0,Sense
2025-07-21T09:10:34Z,60.0,Sense
2025-07-21T09:10:39Z,59.0,Sense
2025-07-21T09:10:54Z,58.0,Sense
2025-07-21T09:10:59Z,85.0,Sense
2025-07-21T09:11:04Z,123.0,Sense
2025-07-21T09:11:09Z,125.0,Sense
2025-07-21T09:11:14Z,124.0,Sense
2025-07-21T09:11:19Z,122.0,Sense
2025-07-21T09:11:29Z,119.0,Sense
2025-07-21T09:11:34Z,116.0,Sense
2025-07-21T09:11:39Z,113.0,Sense
2025-07-21T09:11:44Z,112.0,Sense
2025-07-21T09:11:49Z,101.0,Sense
2025-07-21T09:11:54Z,103.0,Sense
2025-07-21T09:11:59Z,117.0,Sense
2025-07-21T09:12:04Z,118.0,Sense
2025-07-21T09:12:09Z,119.0,Sense
2025-07-21T09:12:19Z,117.0,Sense
2025-07-21T09:12:24Z,116.0,Sense
2025-07-21T09:12:29Z,119.0,Sense
2025-07-21T09:12:34Z,117.0,Sense
2025-07-21T09:12:49Z,115.0,Sense
2025-07-21T09:12:54Z,112.0,Sense
2025-07-21T09:13:04Z,118.0,Sense
2025-07-21T09:13:14Z,115.0,Sense
2025-07-21T09:13:19Z,114.0,Sense
2025-07-21T09:13:29Z,134.0,Sense
2025-07-21T09:13:34Z,134.0,Sense
2025-07-21T09:13:39Z,136.0,Sense
2025-07-21T09:13:44Z,137.0,Sense
2025-07-21T09:13:54Z,134.0,Sense
2025-07-21T09:13:59Z,131.0,Sense
2025-07-21T09:14:04Z,130.0,Sense
2025-07-21T09:14:09Z,128.0,Sense
2025-07-21T09:14:14Z,126.0,Sense
2025-07-21T09:14:19Z,124.0,Sense
2025-07-21T09:14:24Z,121.0,Sense
2025-07-21T09:14:29Z,116.0,Sense
2025-07-21T09:14:34Z,115.0,Sense
2025-07-21T09:14:39Z,130.0,Sense
2025-07-21T09:14:44Z,137.0,Sense
2025-07-21T09:14:49Z,138.0,Sense
2025-07-21T09:14:59Z,137.0,Sense
2025-07-21T09:15:04Z,133.0,Sense
2025-07-21T09:15:09Z,130.0,Sense
2025-07-21T09:15:14Z,127.0,Sense
2025-07-21T09:15:24Z,150.0,Sense
2025-07-21T09:15:29Z,152.0,Sense
2025-07-21T09:15:34Z,154.0,Sense
2025-07-21T09:15:39Z,153.0,Sense
2025-07-21T09:15:44Z,154.0,Sense
2025-07-21T09:15:49Z,155.0,Sense
2025-07-21T09:15:54Z,152.0,Sense
2025-07-21T09:16:04Z,150.0,Sense
2025-07-21T09:16:09Z,148.0,Sense
2025-07-21T09:16:14Z,144.0,Sense
2025-07-21T09:16:19Z,143.0,Sense
2025-07-21T09:16:24Z,141.0,Sense
2025-07-21T09:16:29Z,138.0,Sense
2025-07-21T09:16:34Z,123.0,Sense
2025-07-21T09:16:39Z,127.0,Sense
2025-07-21T09:16:49Z,124.0,Sense
2025-07-21T09:16:54Z,122.0,Sense
2025-07-21T09:16:59Z,117.0,Sense
2025-07-21T09:17:04Z,115.0,Sense
2025-07-21T09:17:09Z,112.0,Sense
2025-07-21T09:17:14Z,111.0,Sense
2025-07-21T09:17:19Z,128.0,Sense
2025-07-21T09:17:24Z,143.0,Sense
2025-07-21T09:17:39Z,143.0,Sense
2025-07-21T09:17:54Z,143.0,Sense
2025-07-21T09:17:59Z,143.0,Sense
2025-07-21T09:18:04Z,144.0,Sense
2025-07-21T09:18:09Z,157.0,Sense
2025-07-21T09:18:24Z,158.0,Sense
2025-07-21T09:18:29Z,160.0,Sense
2025-07-21T09:18:34Z,156.0,Sense
2025-07-21T09:18:39Z,152.0,Sense
2025-07-21T09:18:44Z,150.0,Sense
2025-07-21T09:18:49Z,153.0,Sense
2025-07-21T09:18:54Z,152.0,Sense
2025-07-21T09:18:59Z,144.0,Sense
2025-07-21T09:19:04Z,143.0,Sense
2025-07-21T09:19:09Z,140.0,Sense
2025-07-21T09:19:14Z,148.0,Sense
2025-07-21T09:19:19Z,151.0,Sense
2025-07-21T09:19:24Z,150.0,Sense
2025-07-21T09:19:29Z,151.0,Sense
2025-07-21T09:19:34Z,149.0,Sense
2025-07-21T09:19:39Z,146.0,Sense
2025-07-21T09:19:44Z,140.0,Sense
2025-07-21T09:19:49Z,138.0,Sense
2025-07-21T09:19:54Z,133.0,Sense
2025-07-21T09:19:59Z,129.0,Sense
2025-07-21T09:20:04Z,121.0,Sense
2025-07-21T09:20:09Z,111.0,Sense
2025-07-21T09:20:14Z,106.0,Sense
2025-07-21T09:20:19Z,103.0,Sense
2025-07-21T09:20:24Z,104.0,Sense
2025-07-21T09:20:29Z,107.0,Sense
2025-07-21T09:20:34Z,95.0,Sense
2025-07-21T09:20:39Z,91.0,Sense
2025-07-21T09:20:44Z,92.0,Sense
2025-07-21T09:20:49Z,91.0,Sense
2025-07-21T09:20:54Z,90.0,Sense
2025-07-21T09:20:59Z,90.0,Sense
2025-07-21T09:21:09Z,108.0,Sense
2025-07-21T09:21:14Z,127.0,Sense
2025-07-21T09:21:19Z,128.0,Sense
2025-07-21T09:21:24Z,131.0,Sense
2025-07-21T09:21:34Z,127.0,Sense
2025-07-21T09:21:44Z,126.0,Sense
2025-07-21T09:21:49Z,121.0,Sense
2025-07-21T09:21:54Z,116.0,Sense
2025-07-21T09:21:59Z,114.0,Sense
2025-07-21T09:22:04Z,112.0,Sense
2025-07-21T09:22:09Z,116.0,Sense
2025-07-21T09:22:14Z,122.0,Sense
2025-07-21T09:22:19Z,121.0,Sense
2025-07-21T09:22:24Z,120.0,Sense
2025-07-21T09:22:29Z,119.0,Sense
2025-07-21T09:22:34Z,119.0,Sense
2025-07-21T09:22:39Z,135.0,Sense
2025-07-21T09:22:44Z,136.0,Sense
2025-07-21T09:22:49Z,135.0,Sense
2025-07-21T09:22:54Z,133.0,Sense
2025-07-21T09:22:59Z,127.0,Sense
2025-07-21T09:23:04Z,122.0,Sense
2025-07-21T09:23:09Z,120.0,Sense
2025-07-21T09:23:14Z,116.0,Sense
2025-07-21T09:23:24Z,113.0,Sense
2025-07-21T09:23:29Z,114.0,Sense
2025-07-21T09:23:34Z,112.0,Sense
2025-07-21T09:23:44Z,111.0,Sense
2025-07-21T09:23:49Z,123.0,Sense
2025-07-21T09:23:54Z,139.0,Sense
2025-07-21T09:23:59Z,138.0,Sense
2025-07-21T09:24:04Z,135.0,Sense
2025-07-21T09:24:09Z,133.0,Sense
2025-07-21T09:24:14Z,132.0,Sense
2025-07-21T09:24:19Z,128.0,Sense
2025-07-21T09:24:24Z,126.0,Sense
2025-07-21T09:24:29Z,124.0,Sense
2025-07-21T09:24:34Z,122.0,Sense
2025-07-21T09:24:39Z,142.0,Sense
2025-07-21T09:24:44Z,148.0,Sense
2025-07-21T09:24:49Z,146.0,Sense
2025-07-21T09:24:59Z,145.0,Sense
2025-07-21T09:25:04Z,148.0,Sense
2025-07-21T09:25:09Z,144.0,Sense
2025-07-21T09:25:19Z,152.0,Sense
2025-07-21T09:25:24Z,155.0,Sense
2025-07-21T09:25:34Z,153.0,Sense
2025-07-21T09:25:39Z,151.0,Sense
2025-07-21T09:25:44Z,150.0,Sense
2025-07-21T09:25:49Z,147.0,Sense
2025-07-21T09:25:54Z,142.0,Sense
2025-07-21T09:25:59Z,141.0,Sense
2025-07-21T09:26:04Z,140.0,Sense
2025-07-21T09:26:09Z,137.0,Sense
2025-07-21T09:26:14Z,134.0,Sense
2025-07-21T09:26:19Z,131.0,Sense
2025-07-21T09:26:24Z,125.0,Sense
2025-07-21T09:26:29Z,125.0,Sense
2025-07-21T09:26:34Z,123.0,Sense
2025-07-21T09:26:39Z,122.0,Sense
2025-07-21T09:26:44Z,119.0,Sense
2025-07-21T09:26:49Z,118.0,Sense
2025-07-21T09:26:54Z,119.0,Sense
2025-07-21T09:27:04Z,118.0,Sense
2025-07-21T09:27:14Z,115.0,Sense
2025-07-21T09:27:19Z,110.0,Sense
2025-07-21T09:27:24Z,122.0,Sense
2025-07-21T09:27:29Z,113.0,Sense
2025-07-21T09:27:34Z,112.0,Sense
2025-07-21T09:27:44Z,111.0,Sense
2025-07-21T09:27:49Z,115.0,Sense
2025-07-21T09:27:54Z,116.0,Sense
2025-07-21T09:27:59Z,115.0,Sense
2025-07-21T09:28:04Z,113.0,Sense
2025-07-21T09:28:14Z,113.0,Sense
2025-07-21T09:28:29Z,113.0,Sense
2025-07-21T09:28:44Z,113.0,Sense
2025-07-21T09:28:49Z,112.0,Sense
2025-07-21T09:28:54Z,108.0,Sense
2025-07-21T09:29:04Z,106.0,Sense
2025-07-21T09:29:09Z,97.0,Sense
2025-07-21T09:29:14Z,93.0,Sense
2025-07-21T09:29:19Z,92.0,Sense
2025-07-21T09:29:24Z,93.0,Sense
2025-07-21T09:29:29Z,91.0,Sense
2025-07-21T09:29:34Z,86.0,Sense
2025-07-21T09:29:39Z,85.0,Sense
2025-07-21T09:29:44Z,87.0,Sense
2025-07-21T09:29:49Z,95.0,Sense
2025-07-21T09:29:54Z,94.0,Sense
2025-07-21T09:29:59Z,92.0,Sense
2025-07-21T09:30:04Z,93.0,Sense
2025-07-21T09:30:14Z,93.0,Sense
2025-07-21T09:30:19Z,91.0,Sense
2025-07-21T09:30:24Z,90.0,Sense
2025-07-21T09:30:29Z,86.0,Sense
2025-07-21T09:30:34Z,83.0,Sense
2025-07-21T09:30:39Z,81.0,Sense
2025-07-21T09:30:54Z,80.0,Sense
2025-07-21T09:30:59Z,79.0,Sense
2025-07-21T09:31:04Z,98.0,Sense
2025-07-21T09:31:09Z,103.0,Sense
2025-07-21T09:31:24Z,103.0,Sense
2025-07-21T09:31:29Z,101.0,Sense
2025-07-21T09:31:34Z,101.0,Sense
2025-07-21T09:31:39Z,101.0,Sense
2025-07-21T09:31:44Z,102.0,Sense
2025-07-21T09:31:54Z,103.0,Sense
2025-07-21T09:31:59Z,104.0,Sense
2025-07-21T09:32:04Z,103.0,Sense
2025-07-21T09:32:09Z,104.0,Sense
2025-07-21T09:32:19Z,103.0,Sense
2025-07-21T09:32:24Z,104.0,Sense
2025-07-21T09:32:29Z,106.0,Sense
2025-07-21T09:32:44Z,104.0,Sense
2025-07-21T09:32:49Z,105.0,Sense
2025-07-21T09:32:54Z,107.0,Sense
2025-07-21T09:32:59Z,111.0,Sense
2025-07-21T09:33:04Z,130.0,Sense
2025-07-21T09:33:09Z,128.0,Sense
2025-07-21T09:33:14Z,137.0,Sense
2025-07-21T09:33:19Z,146.0,Sense
2025-07-21T09:33:24Z,144.0,Sense
2025-07-21T09:33:29Z,134.0,Sense
2025-07-21T09:33:39Z,133.0,Sense
2025-07-21T09:33:44Z,135.0,Sense
2025-07-21T09:33:54Z,129.0,Sense
2025-07-21T09:33:59Z,127.0,Sense
2025-07-21T09:34:04Z,128.0,Sense
2025-07-21T09:34:09Z,127.0,Sense
2025-07-21T09:34:19Z,126.0,Sense
2025-07-21T09:34:24Z,121.0,Sense
2025-07-21T09:34:29Z,115.0,Sense
2025-07-21T09:34:34Z,112.0,Sense
2025-07-21T09:34:39Z,97.0,Sense
2025-07-21T09:34:44Z,95.0,Sense
2025-07-21T09:34:49Z,96.0,Sense
2025-07-21T09:34:54Z,95.0,Sense
2025-07-21T09:34:59Z,94.0,Sense
2025-07-21T09:35:09Z,93.0,Sense
2025-07-21T09:35:14Z,91.0,Sense
2025-07-21T09:35:19Z,89.0,Sense
2025-07-21T09:35:34Z,86.0,Sense
2025-07-21T09:35:39Z,83.0,Sense
2025-07-21T09:35:44Z,78.0,Sense
2025-07-21T09:35:49Z,77.0,Sense
2025-07-21T09:35:59Z,78.0,Sense
2025-07-21T09:36:04Z,88.0,Sense
2025-07-21T09:36:09Z,109.0,Sense
2025-07-21T09:36:14Z,108.0,Sense
2025-07-21T09:36:19Z,101.0,Sense
2025-07-21T09:36:24Z,97.0,Sense
2025-07-21T09:36:29Z,98.0,Sense
2025-07-21T09:36:34Z,96.0,Sense
2025-07-21T09:36:39Z,93.0,Sense
2025-07-21T09:36:44Z,95.0,Sense
2025-07-21T09:36:59Z,95.0,Sense
2025-07-21T09:37:04Z,96.0,Sense
2025-07-21T09:37:09Z,97.0,Sense
2025-07-21T09:37:14Z,99.0,Sense
2025-07-21T09:37:19Z,96.0,Sense
2025-07-21T09:37:24Z,93.0,Sense
2025-07-21T09:37:29Z,95.0,Sense
2025-07-21T09:37:34Z,96.0,Sense
2025-07-21T09:37:44Z,98.0,Sense
2025-07-21T09:37:49Z,102.0,Sense
2025-07-21T09:37:54Z,103.0,Sense
2025-07-21T09:37:59Z,90.0,Sense
2025-07-21T09:38:09Z,91.0,Sense
2025-07-21T09:38:14Z,94.0,Sense
2025-07-21T09:38:19Z,96.0,Sense
2025-07-21T09:38:24Z,100.0,Sense
2025-07-21T09:38:29Z,101.0,Sense
2025-07-21T09:38:34Z,100.0,Sense
2025-07-21T09:38:44Z,99.0,Sense
2025-07-21T09:38:49Z,101.0,Sense
2025-07-21T09:38:54Z,121.0,Sense
2025-07-21T09:38:59Z,122.0,Sense
2025-07-21T09:39:04Z,121.0,Sense
2025-07-21T09:39:09Z,119.0,Sense
2025-07-21T09:39:14Z,116.0,Sense
2025-07-21T09:39:19Z,138.0,Sense
2025-07-21T09:39:24Z,158.0,Sense
2025-07-21T09:39:29Z,157.0,Sense
2025-07-21T09:39:34Z,148.0,Sense
2025-07-21T09:39:44Z,146.0,Sense
2025-07-21T09:39:49Z,144.0,Sense
2025-07-21T09:39:59Z,145.0,Sense
2025-07-21T09:40:04Z,143.0,Sense
2025-07-21T09:40:09Z,142.0,Sense
2025-07-21T09:40:14Z,141.0,Sense
2025-07-21T09:40:19Z,139.0,Sense
2025-07-21T09:40:24Z,138.0,Sense
2025-07-21T09:40:29Z,135.0,Sense
2025-07-21T09:40:34Z,133.0,Sense
2025-07-21T09:40:39Z,127.0,Sense
2025-07-21T09:40:49Z,135.0,Sense
2025-07-21T09:40:54Z,133.0,Sense
2025-07-21T09:40:59Z,130.0,Sense
2025-07-21T09:41:04Z,129.0,Sense
2025-07-21T09:41:09Z,127.0,Sense
2025-07-21T09:41:19Z,128.0,Sense
2025-07-21T09:41:24Z,126.0,Sense
2025-07-21T09:41:29Z,121.0,Sense
2025-07-21T09:41:34Z,117.0,Sense
2025-07-21T09:41:39Z,136.0,Sense
2025-07-21T09:41:44Z,147.0,Sense
2025-07-21T09:41:49Z,148.0,Sense
2025-07-21T09:41:59Z,148.0,Sense
2025-07-21T09:42:04Z,147.0,Sense
2025-07-21T09:42:09Z,146.0,Sense
2025-07-21T09:42:14Z,140.0,Sense
2025-07-21T09:42:19Z,138.0,Sense
2025-07-21T09:42:24Z,136.0,Sense
2025-07-21T09:42:29Z,134.0,Sense
2025-07-21T09:42:34Z,131.0,Sense
2025-07-21T09:42:39Z,128.0,Sense
2025-07-21T09:42:44Z,133.0,Sense
2025-07-21T09:42:49Z,134.0,Sense
2025-07-21T09:42:54Z,132.0,Sense
2025-07-21T09:42:59Z,132.0,Sense
2025-07-21T09:43:04Z,133.0,Sense
2025-07-21T09:43:09Z,127.0,Sense
2025-07-21T09:43:14Z,120.0,Sense
2025-07-21T09:43:19Z,118.0,Sense
2025-07-21T09:43:24Z,123.0,Sense
2025-07-21T09:43:29Z,126.0,Sense
2025-07-21T09:43:34Z,130.0,Sense
2025-07-21T09:43:39Z,125.0,Sense
2025-07-21T09:43:44Z,124.0,Sense
2025-07-21T09:43:49Z,128.0,Sense
2025-07-21T09:43:54Z,127.0,Sense
2025-07-21T09:43:59Z,123.0,Sense
2025-07-21T09:44:04Z,117.0,Sense
2025-07-21T09:44:09Z,114.0,Sense
2025-07-21T09:44:14Z,113.0,Sense
2025-07-21T09:44:24Z,111.0,Sense
2025-07-21T09:44:39Z,109.0,Sense
2025-07-21T09:44:44Z,105.0,Sense
2025-07-21T09:44:54Z,102.0,Sense
2025-07-21T09:44:59Z,94.0,Sense
2025-07-21T09:45:04Z,109.0,Sense
2025-07-21T09:45:19Z,108.0,Sense
2025-07-21T09:45:24Z,107.0,Sense
2025-07-21T09:45:34Z,130.0,Sense
2025-07-21T09:45:39Z,140.0,Sense
2025-07-21T09:45:44Z,137.0,Sense
2025-07-21T09:45:54Z,134.0,Sense
2025-07-21T09:45:59Z,141.0,Sense
2025-07-21T09:46:04Z,157.0,Sense
2025-07-21T09:46:14Z,155.0,Sense
2025-07-21T09:46:19Z,154.0,Sense
2025-07-21T09:46:29Z,152.0,Sense
2025-07-21T09:46:34Z,151.0,Sense
2025-07-21T09:46:39Z,151.0,Sense
2025-07-21T09:46:44Z,154.0,Sense
2025-07-21T09:46:49Z,151.0,Sense
2025-07-21T09:46:54Z,154.0,Sense
2025-07-21T09:46:59Z,156.0,Sense
2025-07-21T09:47:04Z,151.0,Sense
2025-07-21T09:47:09Z,148.0,Sense
2025-07-21T09:47:14Z,143.0,Sense
2025-07-21T09:47:24Z,137.0,Sense
2025-07-21T09:47:29Z,134.0,Sense
2025-07-21T09:47:34Z,132.0,Sense
2025-07-21T09:47:39Z,131.0,Sense
2025-07-21T09:47:49Z,130.0,Sense
2025-07-21T09:47:54Z,130.0,Sense
2025-07-21T09:47:59Z,128.0,Sense
2025-07-21T09:48:06Z,117.0,Sense
2025-07-21T09:48:11Z,112.0,Sense
2025-07-21T09:48:16Z,113.0,Sense
2025-07-21T09:48:21Z,119.0,Sense
2025-07-21T09:48:26Z,121.0,Sense
2025-07-21T09:48:31Z,120.0,Sense
2025-07-21T09:48:36Z,114.0,Sense
2025-07-21T09:48:41Z,109.0,Sense
2025-07-21T09:48:46Z,108.0,Sense
2025-07-21T09:48:51Z,106.0,Sense
2025-07-21T09:48:56Z,105.0,Sense
2025-07-21T09:49:01Z,103.0,Sense
2025-07-21T09:49:06Z,103.0,Sense
2025-07-21T09:49:11Z,109.0,Sense
2025-07-21T09:49:16Z,119.0,Sense
2025-07-21T09:49:21Z,125.0,Sense
2025-07-21T09:49:26Z,124.0,Sense
2025-07-21T09:49:31Z,126.0,Sense
2025-07-21T09:49:36Z,128.0,Sense
2025-07-21T09:49:41Z,129.0,Sense
2025-07-21T09:49:46Z,130.0,Sense
2025-07-21T09:49:51Z,126.0,Sense
2025-07-21T09:49:56Z,123.0,Sense
2025-07-21T09:50:01Z,122.0,Sense
2025-07-21T09:50:06Z,121.0,Sense
2025-07-21T09:50:11Z,115.0,Sense
2025-07-21T09:50:16Z,113.0,Sense
2025-07-21T09:50:21Z,114.0,Sense
2025-07-21T09:50:26Z,117.0,Sense
2025-07-21T09:50:31Z,119.0,Sense
2025-07-21T09:50:46Z,118.0,Sense
2025-07-21T09:50:51Z,115.0,Sense
2025-07-21T09:50:56Z,114.0,Sense
2025-07-21T09:51:01Z,115.0,Sense
2025-07-21T09:51:11Z,117.0,Sense
2025-07-21T09:51:16Z,119.0,Sense
2025-07-21T09:51:21Z,110.0,Sense
2025-07-21T09:51:26Z,124.0,Sense
2025-07-21T09:51:31Z,127.0,Sense
2025-07-21T09:51:36Z,128.0,Sense
2025-07-21T09:51:41Z,129.0,Sense
2025-07-21T09:51:51Z,130.0,Sense
2025-07-21T09:51:56Z,128.0,Sense
2025-07-21T09:52:11Z,119.0,Sense
2025-07-21T09:52:16Z,114.0,Sense
2025-07-21T09:52:26Z,118.0,Sense
2025-07-21T09:52:31Z,117.0,Sense
2025-07-21T09:52:36Z,115.0,Sense
2025-07-21T09:52:41Z,113.0,Sense
2025-07-21T09:52:46Z,112.0,Sense
2025-07-21T09:52:51Z,115.0,Sense
2025-07-21T09:52:56Z,118.0,Sense
2025-07-21T09:53:06Z,128.0,Sense
2025-07-21T09:53:11Z,149.0,Sense
2025-07-21T09:53:16Z,148.0,Sense
2025-07-21T09:53:21Z,151.0,Sense
2025-07-21T09:53:26Z,147.0,Sense
2025-07-21T09:53:31Z,144.0,Sense
2025-07-21T09:53:36Z,150.0,Sense
2025-07-21T09:53:41Z,153.0,Sense
2025-07-21T09:53:46Z,155.0,Sense
2025-07-21T09:53:51Z,157.0,Sense
2025-07-21T09:53:56Z,156.0,Sense
2025-07-21T09:54:01Z,152.0,Sense
2025-07-21T09:54:06Z,150.0,Sense
2025-07-21T09:54:21Z,158.0,Sense
2025-07-21T09:54:31Z,157.0,Sense
2025-07-21T09:54:41Z,154.0,Sense
2025-07-21T09:54:46Z,151.0,Sense
2025-07-21T09:54:51Z,153.0,Sense
2025-07-21T09:54:56Z,148.0,Sense
2025-07-21T09:55:01Z,147.0,Sense
2025-07-21T09:55:11Z,145.0,Sense
2025-07-21T09:55:16Z,143.0,Sense
2025-07-21T09:55:21Z,157.0,Sense
2025-07-21T09:55:26Z,159.0,Sense
2025-07-21T09:55:31Z,158.0,Sense
2025-07-21T09:55:36Z,162.0,Sense
2025-07-21T09:55:41Z,161.0,Sense
2025-07-21T09:55:46Z,158.0,Sense
2025-07-21T09:55:51Z,156.0,Sense
2025-07-21T09:56:01Z,154.0,Sense
2025-07-21T09:56:06Z,148.0,Sense
2025-07-21T09:56:11Z,144.0,Sense
2025-07-21T09:56:16Z,145.0,Sense
2025-07-21T09:56:21Z,149.0,Sense
2025-07-21T09:56:26Z,135.0,Sense
2025-07-21T09:56:31Z,136.0,Sense
2025-07-21T09:56:36Z,134.0,Sense
2025-07-21T09:56:41Z,133.0,Sense
2025-07-21T09:56:46Z,136.0,Sense
2025-07-21T09:56:51Z,152.0,Sense
2025-07-21T09:56:56Z,158.0,Sense
2025-07-21T09:57:01Z,157.0,Sense
2025-07-21T09:57:11Z,158.0,Sense
2025-07-21T09:57:16Z,160.0,Sense
2025-07-21T09:57:21Z,162.0,Sense
2025-07-21T09:57:26Z,161.0,Sense
2025-07-21T09:57:31Z,156.0,Sense
2025-07-21T09:57:36Z,150.0,Sense
2025-07-21T09:57:41Z,144.0,Sense
2025-07-21T09:57:46Z,138.0,Sense
2025-07-21T09:57:51Z,142.0,Sense
2025-07-21T09:57:56Z,140.0,Sense
2025-07-21T09:58:01Z,139.0,Sense
2025-07-21T09:58:06Z,142.0,Sense
2025-07-21T09:58:11Z,139.0,Sense
2025-07-21T09:58:16Z,141.0,Sense
2025-07-21T09:58:21Z,143.0,Sense
2025-07-21T09:58:26Z,146.0,Sense
2025-07-21T09:58:31Z,143.0,Sense
2025-07-21T09:58:36Z,140.0,Sense
2025-07-21T09:58:46Z,135.0,Sense
2025-07-21T09:58:51Z,134.0,Sense
2025-07-21T09:58:56Z,132.0,Sense
2025-07-21T09:59:01Z,131.0,Sense
2025-07-21T09:59:06Z,129.0,Sense
2025-07-21T09:59:11Z,125.0,Sense
2025-07-21T09:59:16Z,118.0,Sense
2025-07-21T09:59:21Z,112.0,Sense
2025-07-21T09:59:26Z,109.0,Sense
2025-07-21T09:59:31Z,132.0,Sense
2025-07-21T09:59:36Z,137.0,Sense
2025-07-21T09:59:41Z,136.0,Sense
2025-07-21T09:59:46Z,135.0,Sense
2025-07-21T09:59:51Z,132.0,Sense
2025-07-21T09:59:56Z,130.0,Sense
2025-07-21T10:00:01Z,129.0,Sense
2025-07-21T10:00:06Z,126.0,Sense
2025-07-21T10:00:11Z,131.0,Sense
2025-07-21T10:00:16Z,134.0,Sense
2025-07-21T10:00:26Z,133.0,Sense
2025-07-21T10:00:31Z,135.0,Sense
2025-07-21T10:00:36Z,138.0,Sense
2025-07-21T10:00:41Z,144.0,Sense
2025-07-21T10:00:46Z,141.0,Sense
2025-07-21T10:00:51Z,144.0,Sense
2025-07-21T10:00:56Z,142.0,Sense
2025-07-21T10:01:01Z,139.0,Sense
2025-07-21T10:01:11Z,136.0,Sense
2025-07-21T10:01:16Z,132.0,Sense
2025-07-21T10:01:21Z,141.0,Sense
2025-07-21T10:01:26Z,144.0,Sense
2025-07-21T10:01:31Z,131.0,Sense
2025-07-21T10:01:41Z,130.0,Sense
2025-07-21T10:01:46Z,128.0,Sense
2025-07-21T10:01:51Z,128.0,Sense
2025-07-21T10:01:56Z,125.0,Sense
2025-07-21T10:02:01Z,132.0,Sense
2025-07-21T10:02:06Z,137.0,Sense
2025-07-21T10:02:11Z,136.0,Sense
2025-07-21T10:02:16Z,132.0,Sense
2025-07-21T10:02:21Z,131.0,Sense
2025-07-21T10:02:26Z,137.0,Sense
2025-07-21T10:02:31Z,141.0,Sense
2025-07-21T10:02:36Z,140.0,Sense
2025-07-21T10:02:41Z,139.0,Sense
2025-07-21T10:02:46Z,135.0,Sense
2025-07-21T10:02:51Z,128.0,Sense
2025-07-21T10:02:56Z,125.0,Sense
2025-07-21T10:03:06Z,132.0,Sense
2025-07-21T10:03:11Z,138.0,Sense
2025-07-21T10:03:16Z,139.0,Sense
2025-07-21T10:03:21Z,144.0,Sense
2025-07-21T10:03:26Z,142.0,Sense
2025-07-21T10:03:31Z,140.0,Sense
2025-07-21T10:03:36Z,138.0,Sense
2025-07-21T10:03:41Z,133.0,Sense
2025-07-21T10:03:46Z,132.0,Sense
2025-07-21T10:03:51Z,128.0,Sense
2025-07-21T10:03:56Z,125.0,Sense
2025-07-21T10:04:01Z,123.0,Sense
2025-07-21T10:04:06Z,126.0,Sense
2025-07-21T10:04:11Z,121.0,Sense
2025-07-21T10:04:16Z,132.0,Sense
2025-07-21T10:04:21Z,135.0,Sense
2025-07-21T10:04:26Z,136.0,Sense
2025-07-21T10:04:41Z,138.0,Sense
2025-07-21T10:04:46Z,145.0,Sense
2025-07-21T10:04:51Z,146.0,Sense
2025-07-21T10:04:56Z,145.0,Sense
2025-07-21T10:05:06Z,138.0,Sense
2025-07-21T10:05:11Z,139.0,Sense
2025-07-21T10:05:16Z,149.0,Sense
2025-07-21T10:05:21Z,153.0,Sense
2025-07-21T10:05:26Z,151.0,Sense
2025-07-21T10:05:31Z,152.0,Sense
2025-07-21T10:05:36Z,146.0,Sense
2025-07-21T10:05:41Z,136.0,Sense
2025-07-21T10:05:46Z,140.0,Sense
2025-07-21T10:05:51Z,144.0,Sense
2025-07-21T10:05:56Z,147.0,Sense
2025-07-21T10:06:01Z,146.0,Sense
2025-07-21T10:06:06Z,144.0,Sense
2025-07-21T10:06:11Z,143.0,Sense
2025-07-21T10:06:16Z,142.0,Sense
2025-07-21T10:06:26Z,140.0,Sense
2025-07-21T10:06:31Z,141.0,Sense
2025-07-21T10:06:36Z,140.0,Sense
2025-07-21T10:06:41Z,139.0,Sense
2025-07-21T10:06:46Z,135.0,Sense
2025-07-21T10:06:51Z,132.0,Sense
2025-07-21T10:06:56Z,120.0,Sense
2025-07-21T10:07:11Z,121.0,Sense
2025-07-21T10:07:21Z,123.0,Sense
2025-07-21T10:07:26Z,126.0,Sense
2025-07-21T10:07:31Z,137.0,Sense
2025-07-21T10:07:41Z,138.0,Sense
2025-07-21T10:07:46Z,140.0,Sense
2025-07-21T10:07:51Z,142.0,Sense
2025-07-21T10:07:56Z,144.0,Sense
2025-07-21T10:08:01Z,138.0,Sense
2025-07-21T10:08:06Z,131.0,Sense
2025-07-21T10:08:11Z,132.0,Sense
2025-07-21T10:08:16Z,131.0,Sense
2025-07-21T10:08:21Z,120.0,Sense
2025-07-21T10:08:26Z,115.0,Sense
2025-07-21T10:08:31Z,116.0,Sense
2025-07-21T10:08:36Z,115.0,Sense
2025-07-21T10:08:41Z,114.0,Sense
2025-07-21T10:08:46Z,114.0,Sense
2025-07-21T10:08:51Z,110.0,Sense
2025-07-21T10:08:56Z,103.0,Sense
2025-07-21T10:09:01Z,102.0,Sense
2025-07-21T10:09:16Z,105.0,Sense
2025-07-21T10:09:21Z,109.0,Sense
2025-07-21T10:09:26Z,118.0,Sense
2025-07-21T10:09:31Z,120.0,Sense
2025-07-21T10:09:36Z,121.0,Sense
2025-07-21T10:09:41Z,124.0,Sense
2025-07-21T10:09:46Z,121.0,Sense
2025-07-21T10:09:51Z,117.0,Sense
2025-07-21T10:10:01Z,116.0,Sense
2025-07-21T10:10:06Z,110.0,Sense
2025-07-21T10:10:11Z,107.0,Sense
2025-07-21T10:10:21Z,106.0,Sense
2025-07-21T10:10:26Z,105.0,Sense
2025-07-21T10:10:31Z,104.0,Sense
2025-07-21T10:10:36Z,103.0,Sense
2025-07-21T10:10:41Z,112.0,Sense
2025-07-21T10:10:46Z,115.0,Sense
2025-07-21T10:10:51Z,114.0,Sense
2025-07-21T10:10:56Z,119.0,Sense
2025-07-21T10:11:02Z,121.0,Sense
2025-07-21T10:11:07Z,122.0,Sense
2025-07-21T10:11:12Z,121.0,Sense
2025-07-21T10:11:17Z,118.0,Sense
2025-07-21T10:11:27Z,113.0,Sense
2025-07-21T10:11:32Z,98.0,Sense
2025-07-21T10:11:37Z,99.0,Sense
2025-07-21T10:11:42Z,100.0,Sense
2025-07-21T10:11:52Z,97.0,Sense
2025-07-21T10:11:57Z,95.0,Sense
2025-07-21T10:12:02Z,83.0,Sense
2025-07-21T10:12:07Z,74.0,Sense
2025-07-21T10:12:22Z,75.0,Sense
2025-07-21T10:12:27Z,76.0,Sense
2025-07-21T10:12:32Z,77.0,Sense
2025-07-21T10:12:37Z,79.0,Sense
2025-07-21T10:12:42Z,88.0,Sense
2025-07-21T10:12:47Z,89.0,Sense
2025-07-21T10:12:52Z,88.0,Sense
2025-07-21T10:13:07Z,89.0,Sense
2025-07-21T10:13:12Z,87.0,Sense
2025-07-21T10:13:17Z,86.0,Sense
2025-07-21T10:13:22Z,87.0,Sense
2025-07-21T10:13:27Z,85.0,Sense
2025-07-21T10:13:37Z,88.0,Sense
2025-07-21T10:13:52Z,88.0,Sense
2025-07-21T10:13:57Z,89.0,Sense
2025-07-21T10:14:07Z,87.0,Sense
2025-07-21T10:14:12Z,81.0,Sense
2025-07-21T10:14:17Z,80.0,Sense
2025-07-21T10:14:22Z,74.0,Sense
2025-07-21T10:14:32Z,75.0,Sense
2025-07-21T10:14:37Z,76.0,Sense
2025-07-21T10:14:42Z,92.0,Sense
2025-07-21T10:14:47Z,101.0,Sense
2025-07-21T10:14:57Z,99.0,Sense
2025-07-21T10:15:12Z,99.0,Sense
2025-07-21T10:15:17Z,98.0,Sense
2025-07-21T10:15:22Z,99.0,Sense
2025-07-21T10:15:37Z,99.0,Sense
2025-07-21T10:15:52Z,98.0,Sense
2025-07-21T10:15:57Z,97.0,Sense
2025-07-21T10:16:02Z,96.0,Sense
2025-07-21T10:16:07Z,95.0,Sense
2025-07-21T10:16:12Z,94.0,Sense
2025-07-21T10:16:17Z,95.0,Sense
2025-07-21T10:16:22Z,96.0,Sense
2025-07-21T10:16:27Z,97.0,Sense
2025-07-21T10:16:42Z,95.0,Sense
2025-07-21T10:16:57Z,96.0,Sense
2025-07-21T10:17:02Z,95.0,Sense
2025-07-21T10:17:07Z,96.0,Sense
2025-07-21T10:17:12Z,97.0,Sense
2025-07-21T10:17:22Z,96.0,Sense
2025-07-21T10:17:37Z,96.0,Sense
2025-07-21T10:17:52Z,96.0,Sense
2025-07-21T10:17:57Z,96.0,Sense
2025-07-21T10:18:07Z,95.0,Sense
2025-07-21T10:18:12Z,94.0,Sense
2025-07-21T10:18:27Z,94.0,Sense
2025-07-21T10:18:32Z,93.0,Sense
2025-07-21T10:18:47Z,93.0,Sense
2025-07-21T10:18:57Z,94.0,Sense
2025-07-21T10:19:02Z,95.0,Sense
2025-07-21T10:19:07Z,90.0,Sense
2025-07-21T10:19:12Z,87.0,Sense
2025-07-21T10:19:22Z,88.0,Sense
2025-07-21T10:19:27Z,90.0,Sense
2025-07-21T10:19:42Z,90.0,Sense
2025-07-21T10:19:47Z,89.0,Sense
2025-07-21T10:20:02Z,88.0,Sense
2025-07-21T10:20:07Z,89.0,Sense
2025-07-21T10:20:22Z,86.0,Sense
2025-07-21T10:20:27Z,86.0,Sense
2025-07-21T10:20:32Z,86.0,Sense
2025-07-21T10:20:47Z,86.0,Sense
2025-07-21T10:20:57Z,87.0,Sense
2025-07-21T10:21:12Z,89.0,Sense
2025-07-21T10:21:27Z,89.0,Sense
2025-07-21T10:21:32Z,90.0,Sense
2025-07-21T10:21:37Z,92.0,Sense
2025-07-21T10:21:52Z,91.0,Sense
2025-07-21T10:21:57Z,92.0,Sense
2025-07-21T10:22:07Z,93.0,Sense
2025-07-21T10:22:17Z,94.0,Sense
2025-07-21T10:22:32Z,94.0,Sense
2025-07-21T10:22:37Z,93.0,Sense
2025-07-21T10:22:42Z,92.0,Sense
2025-07-21T10:22:52Z,91.0,Sense
2025-07-21T10:22:57Z,90.0,Sense
2025-07-21T10:23:12Z,89.0,Sense
2025-07-21T10:23:17Z,88.0,Sense
2025-07-21T10:23:32Z,88.0,Sense
2025-07-21T10:23:47Z,89.0,Sense
2025-07-21T10:23:52Z,90.0,Sense
2025-07-21T10:23:57Z,89.0,Sense
2025-07-21T10:24:07Z,90.0,Sense
2025-07-21T10:24:12Z,93.0,Sense
2025-07-21T10:24:22Z,92.0,Sense
2025-07-21T10:24:32Z,92.0,Sense
2025-07-21T10:24:42Z,91.0,Sense
2025-07-21T10:24:47Z,91.0,Sense
2025-07-21T10:24:52Z,92.0,Sense
2025-07-21T10:24:57Z,91.0,Sense
2025-07-21T10:25:07Z,90.0,Sense
2025-07-21T10:25:12Z,91.0,Sense
2025-07-21T10:25:17Z,92.0,Sense
2025-07-21T10:25:22Z,95.0,Sense
2025-07-21T10:25:27Z,116.0,Sense
2025-07-21T10:25:37Z,125.0,Sense
2025-07-21T10:25:42Z,132.0,Sense
2025-07-21T10:25:47Z,130.0,Sense
2025-07-21T10:25:52Z,127.0,Sense
2025-07-21T10:25:57Z,124.0,Sense
2025-07-21T10:26:02Z,149.0,Sense
2025-07-21T10:26:07Z,158.0,Sense
2025-07-21T10:26:12Z,157.0,Sense
2025-07-21T10:26:17Z,154.0,Sense
2025-07-21T10:26:22Z,152.0,Sense
2025-07-21T10:26:27Z,147.0,Sense
2025-07-21T10:26:32Z,141.0,Sense
2025-07-21T10:26:37Z,136.0,Sense
2025-07-21T10:26:42Z,130.0,Sense
2025-07-21T10:26:47Z,127.0,Sense
2025-07-21T10:26:52Z,128.0,Sense
2025-07-21T10:26:57Z,137.0,Sense
2025-07-21T10:27:02Z,145.0,Sense
2025-07-21T10:27:12Z,143.0,Sense
2025-07-21T10:27:17Z,142.0,Sense
2025-07-21T10:27:22Z,138.0,Sense
2025-07-21T10:27:27Z,139.0,Sense
2025-07-21T10:27:32Z,140.0,Sense
2025-07-21T10:27:37Z,138.0,Sense
2025-07-21T10:27:42Z,132.0,Sense
2025-07-21T10:27:47Z,129.0,Sense
2025-07-21T10:27:52Z,134.0,Sense
2025-07-21T10:28:02Z,130.0,Sense
2025-07-21T10:28:07Z,125.0,Sense
2025-07-21T10:28:12Z,124.0,Sense
2025-07-21T10:28:17Z,122.0,Sense
2025-07-21T10:28:22Z,115.0,Sense
2025-07-21T10:28:27Z,113.0,Sense
2025-07-21T10:28:32Z,104.0,Sense
2025-07-21T10:28:37Z,94.0,Sense
2025-07-21T10:28:42Z,92.0,Sense
2025-07-21T10:28:57Z,91.0,Sense
2025-07-21T10:29:02Z,89.0,Sense
2025-07-21T10:29:07Z,91.0,Sense
2025-07-21T10:29:17Z,92.0,Sense
2025-07-21T10:29:27Z,94.0,Sense
2025-07-21T10:29:32Z,97.0,Sense
2025-07-21T10:29:37Z,128.0,Sense
2025-07-21T10:29:42Z,138.0,Sense
2025-07-21T10:29:57Z,137.0,Sense
2025-07-21T10:30:02Z,129.0,Sense
2025-07-21T10:30:07Z,127.0,Sense
2025-07-21T10:30:12Z,123.0,Sense
2025-07-21T10:30:17Z,122.0,Sense
2025-07-21T10:30:22Z,121.0,Sense
2025-07-21T10:30:27Z,120.0,Sense
2025-07-21T10:30:37Z,122.0,Sense
2025-07-21T10:30:42Z,143.0,Sense
2025-07-21T10:30:47Z,146.0,Sense
2025-07-21T10:30:57Z,145.0,Sense
2025-07-21T10:31:02Z,145.0,Sense
2025-07-21T10:31:07Z,146.0,Sense
2025-07-21T10:31:12Z,147.0,Sense
2025-07-21T10:31:27Z,145.0,Sense
2025-07-21T10:31:32Z,140.0,Sense
2025-07-21T10:31:37Z,134.0,Sense
2025-07-21T10:31:42Z,133.0,Sense
2025-07-21T10:31:47Z,134.0,Sense
2025-07-21T10:31:57Z,132.0,Sense
2025-07-21T10:32:02Z,129.0,Sense
2025-07-21T10:32:07Z,122.0,Sense
2025-07-21T10:32:12Z,120.0,Sense
2025-07-21T10:32:22Z,119.0,Sense
2025-07-21T10:32:27Z,122.0,Sense
2025-07-21T10:32:32Z,121.0,Sense
2025-07-21T10:32:37Z,120.0,Sense
2025-07-21T10:32:42Z,128.0,Sense
2025-07-21T10:32:47Z,144.0,Sense
2025-07-21T10:32:52Z,147.0,Sense
2025-07-21T10:32:57Z,149.0,Sense
2025-07-21T10:33:02Z,148.0,Sense
2025-07-21T10:33:07Z,145.0,Sense
2025-07-21T10:33:17Z,144.0,Sense
2025-07-21T10:33:22Z,142.0,Sense
2025-07-21T10:33:27Z,144.0,Sense
2025-07-21T10:33:37Z,143.0,Sense
2025-07-21T10:33:47Z,139.0,Sense
2025-07-21T10:33:52Z,141.0,Sense
2025-07-21T10:34:02Z,138.0,Sense
2025-07-21T10:34:07Z,139.0,Sense
2025-07-21T10:34:17Z,137.0,Sense
2025-07-21T10:34:22Z,121.0,Sense
2025-07-21T10:34:27Z,120.0,Sense
2025-07-21T10:34:32Z,121.0,Sense
2025-07-21T10:34:42Z,120.0,Sense
2025-07-21T10:34:47Z,119.0,Sense
2025-07-21T10:34:52Z,122.0,Sense
2025-07-21T10:34:57Z,122.0,Sense
2025-07-21T10:35:02Z,124.0,Sense
2025-07-21T10:35:07Z,126.0,Sense
2025-07-21T10:35:12Z,125.0,Sense
2025-07-21T10:35:22Z,140.0,Sense
2025-07-21T10:35:27Z,144.0,Sense
2025-07-21T10:35:32Z,143.0,Sense
2025-07-21T10:35:37Z,141.0,Sense
2025-07-21T10:35:42Z,140.0,Sense
2025-07-21T10:35:47Z,141.0,Sense
2025-07-21T10:35:52Z,144.0,Sense
2025-07-21T10:35:57Z,144.0,Sense
2025-07-21T10:36:07Z,142.0,Sense
2025-07-21T10:36:12Z,141.0,Sense
2025-07-21T10:36:22Z,138.0,Sense
2025-07-21T10:36:27Z,134.0,Sense
2025-07-21T10:36:32Z,126.0,Sense
2025-07-21T10:36:37Z,119.0,Sense
2025-07-21T10:36:42Z,117.0,Sense
2025-07-21T10:36:47Z,118.0,Sense
2025-07-21T10:36:57Z,112.0,Sense
2025-07-21T10:37:02Z,109.0,Sense
2025-07-21T10:37:12Z,108.0,Sense
2025-07-21T10:37:17Z,109.0,Sense
2025-07-21T10:37:22Z,111.0,Sense
2025-07-21T10:37:27Z,116.0,Sense
2025-07-21T10:37:32Z,119.0,Sense
2025-07-21T10:37:37Z,149.0,Sense
2025-07-21T10:37:52Z,145.0,Sense
2025-07-21T10:37:57Z,140.0,Sense
2025-07-21T10:38:02Z,139.0,Sense
2025-07-21T10:38:07Z,133.0,Sense
2025-07-21T10:38:12Z,129.0,Sense
2025-07-21T10:38:17Z,128.0,Sense
2025-07-21T10:38:22Z,128.0,Sense
2025-07-21T10:38:32Z,127.0,Sense
2025-07-21T10:38:37Z,130.0,Sense
2025-07-21T10:38:42Z,128.0,Sense
2025-07-21T10:38:47Z,124.0,Sense
2025-07-21T10:38:52Z,120.0,Sense
2025-07-21T10:38:57Z,119.0,Sense
2025-07-21T10:39:02Z,116.0,Sense
2025-07-21T10:39:07Z,117.0,Sense
2025-07-21T10:39:12Z,109.0,Sense
2025-07-21T10:39:17Z,103.0,Sense
2025-07-21T10:39:22Z,100.0,Sense
2025-07-21T10:39:27Z,113.0,Sense
2025-07-21T10:39:32Z,143.0,Sense
2025-07-21T10:39:37Z,155.0,Sense
2025-07-21T10:39:42Z,154.0,Sense
2025-07-21T10:39:47Z,152.0,Sense
2025-07-21T10:39:52Z,151.0,Sense
2025-07-21T10:40:02Z,150.0,Sense
2025-07-21T10:40:07Z,146.0,Sense
2025-07-21T10:40:12Z,142.0,Sense
2025-07-21T10:40:17Z,142.0,Sense
2025-07-21T10:40:22Z,141.0,Sense
2025-07-21T10:40:27Z,136.0,Sense
2025-07-21T10:40:32Z,143.0,Sense
2025-07-21T10:40:37Z,146.0,Sense
2025-07-21T10:40:47Z,147.0,Sense
2025-07-21T10:40:52Z,146.0,Sense
2025-07-21T10:41:02Z,145.0,Sense
2025-07-21T10:41:07Z,144.0,Sense
2025-07-21T10:41:12Z,142.0,Sense
2025-07-21T10:41:17Z,141.0,Sense
2025-07-21T10:41:22Z,142.0,Sense
2025-07-21T10:41:27Z,137.0,Sense
2025-07-21T10:41:32Z,130.0,Sense
2025-07-21T10:41:37Z,124.0,Sense
2025-07-21T10:41:42Z,118.0,Sense
2025-07-21T10:41:47Z,117.0,Sense
2025-07-21T10:41:52Z,118.0,Sense
2025-07-21T10:41:57Z,117.0,Sense
2025-07-21T10:42:02Z,111.0,Sense
2025-07-21T10:42:07Z,105.0,Sense
2025-07-21T10:42:12Z,117.0,Sense
2025-07-21T10:42:17Z,141.0,Sense
2025-07-21T10:42:22Z,139.0,Sense
2025-07-21T10:42:27Z,138.0,Sense
2025-07-21T10:42:32Z,136.0,Sense
2025-07-21T10:42:37Z,133.0,Sense
2025-07-21T10:42:42Z,136.0,Sense
2025-07-21T10:42:47Z,149.0,Sense
2025-07-21T10:42:52Z,150.0,Sense
2025-07-21T10:43:02Z,148.0,Sense
2025-07-21T10:43:07Z,159.0,Sense
2025-07-21T10:43:12Z,162.0,Sense
2025-07-21T10:43:22Z,160.0,Sense
2025-07-21T10:43:27Z,156.0,Sense
2025-07-21T10:43:32Z,154.0,Sense
2025-07-21T10:43:37Z,157.0,Sense
2025-07-21T10:43:42Z,160.0,Sense
2025-07-21T10:43:47Z,157.0,Sense
2025-07-21T10:43:52Z,156.0,Sense
2025-07-21T10:43:57Z,153.0,Sense
2025-07-21T10:44:02Z,149.0,Sense
2025-07-21T10:44:07Z,147.0,Sense
2025-07-21T10:44:12Z,145.0,Sense
2025-07-21T10:44:17Z,146.0,Sense
2025-07-21T10:44:22Z,142.0,Sense
2025-07-21T10:44:27Z,135.0,Sense
2025-07-21T10:44:32Z,134.0,Sense
2025-07-21T10:44:37Z,130.0,Sense
2025-07-21T10:44:42Z,127.0,Sense
2025-07-21T10:44:52Z,126.0,Sense
2025-07-21T10:44:57Z,125.0,Sense
2025-07-21T10:45:02Z,122.0,Sense
2025-07-21T10:45:07Z,124.0,Sense
2025-07-21T10:45:12Z,125.0,Sense
2025-07-21T10:45:17Z,119.0,Sense
2025-07-21T10:45:22Z,114.0,Sense
2025-07-21T10:45:27Z,108.0,Sense
2025-07-21T10:45:32Z,101.0,Sense
2025-07-21T10:45:42Z,99.0,Sense
2025-07-21T10:45:47Z,93.0,Sense
2025-07-21T10:45:52Z,90.0,Sense
2025-07-21T10:45:57Z,91.0,Sense
2025-07-21T10:46:02Z,93.0,Sense
2025-07-21T10:46:12Z,94.0,Sense
2025-07-21T10:46:17Z,87.0,Sense
2025-07-21T10:46:22Z,82.0,Sense
2025-07-21T10:46:27Z,84.0,Sense
2025-07-21T10:46:32Z,85.0,Sense
2025-07-21T10:46:37Z,99.0,Sense
2025-07-21T10:46:42Z,105.0,Sense
2025-07-21T10:46:47Z,104.0,Sense
2025-07-21T10:47:02Z,103.0,Sense
2025-07-21T10:47:17Z,103.0,Sense
2025-07-21T10:47:22Z,120.0,Sense
2025-07-21T10:47:27Z,124.0,Sense
2025-07-21T10:47:32Z,120.0,Sense
2025-07-21T10:47:42Z,123.0,Sense
2025-07-21T10:47:47Z,124.0,Sense
2025-07-21T10:47:52Z,123.0,Sense
2025-07-21T10:47:57Z,122.0,Sense
2025-07-21T10:48:02Z,124.0,Sense
2025-07-21T10:48:07Z,128.0,Sense
2025-07-21T10:48:12Z,148.0,Sense
2025-07-21T10:48:22Z,146.0,Sense
2025-07-21T10:48:27Z,143.0,Sense
2025-07-21T10:48:37Z,144.0,Sense
2025-07-21T10:48:42Z,145.0,Sense
2025-07-21T10:48:47Z,143.0,Sense
2025-07-21T10:48:52Z,140.0,Sense
2025-07-21T10:48:57Z,136.0,Sense
2025-07-21T10:49:02Z,133.0,Sense
2025-07-21T10:49:07Z,136.0,Sense
2025-07-21T10:49:17Z,135.0,Sense
2025-07-21T10:49:22Z,138.0,Sense
2025-07-21T10:49:32Z,149.0,Sense
2025-07-21T10:49:47Z,147.0,Sense
2025-07-21T10:49:52Z,148.0,Sense
2025-07-21T10:49:57Z,149.0,Sense
2025-07-21T10:50:07Z,147.0,Sense
2025-07-21T10:50:12Z,144.0,Sense
2025-07-21T10:50:17Z,142.0,Sense
2025-07-21T10:50:27Z,141.0,Sense
2025-07-21T10:50:37Z,137.0,Sense
2025-07-21T10:50:42Z,136.0,Sense
2025-07-21T10:50:47Z,135.0,Sense
2025-07-21T10:50:52Z,131.0,Sense
2025-07-21T10:50:57Z,129.0,Sense
2025-07-21T10:51:02Z,149.0,Sense
2025-07-21T10:51:07Z,150.0,Sense
2025-07-21T10:51:12Z,148.0,Sense
2025-07-21T10:51:17Z,146.0,Sense
2025-07-21T10:51:22Z,145.0,Sense
2025-07-21T10:51:27Z,145.0,Sense
2025-07-21T10:51:32Z,144.0,Sense
2025-07-21T10:51:37Z,142.0,Sense
2025-07-21T10:51:42Z,143.0,Sense
2025-07-21T10:51:47Z,147.0,Sense
2025-07-21T10:51:52Z,149.0,Sense
2025-07-21T10:51:57Z,148.0,Sense
2025-07-21T10:52:02Z,151.0,Sense
2025-07-21T10:52:07Z,156.0,Sense
2025-07-21T10:52:12Z,155.0,Sense
2025-07-21T10:52:17Z,155.0,Sense
2025-07-21T10:52:22Z,148.0,Sense
2025-07-21T10:52:27Z,144.0,Sense
2025-07-21T10:52:32Z,146.0,Sense
2025-07-21T10:52:37Z,147.0,Sense
2025-07-21T10:52:47Z,146.0,Sense
2025-07-21T10:52:52Z,145.0,Sense
2025-07-21T10:52:57Z,139.0,Sense
2025-07-21T10:53:02Z,131.0,Sense
2025-07-21T10:53:07Z,121.0,Sense
2025-07-21T10:53:12Z,113.0,Sense
2025-07-21T10:53:17Z,107.0,Sense
2025-07-21T10:53:22Z,104.0,Sense
2025-07-21T10:53:27Z,105.0,Sense
2025-07-21T10:53:42Z,104.0,Sense
2025-07-21T10:53:47Z,102.0,Sense
2025-07-21T10:53:52Z,101.0,Sense
2025-07-21T10:54:07Z,103.0,Sense
2025-07-21T10:54:12Z,127.0,Sense
2025-07-21T10:54:17Z,133.0,Sense
2025-07-21T10:54:22Z,132.0,Sense
2025-07-21T10:54:27Z,133.0,Sense
2025-07-21T10:54:32Z,131.0,Sense
2025-07-21T10:54:37Z,130.0,Sense
2025-07-21T10:54:42Z,131.0,Sense
2025-07-21T10:54:47Z,139.0,Sense
2025-07-21T10:54:52Z,138.0,Sense
2025-07-21T10:54:57Z,137.0,Sense
2025-07-21T10:55:02Z,139.0,Sense
2025-07-21T10:55:07Z,143.0,Sense
2025-07-21T10:55:12Z,140.0,Sense
2025-07-21T10:55:17Z,134.0,Sense
2025-07-21T10:55:22Z,130.0,Sense
2025-07-21T10:55:27Z,124.0,Sense
2025-07-21T10:55:32Z,116.0,Sense
2025-07-21T10:55:37Z,115.0,Sense
2025-07-21T10:55:42Z,141.0,Sense
2025-07-21T10:55:47Z,135.0,Sense
2025-07-21T10:55:57Z,134.0,Sense
2025-07-21T10:56:07Z,134.0,Sense
2025-07-21T10:56:22Z,134.0,Sense
2025-07-21T10:56:32Z,133.0,Sense
2025-07-21T10:56:47Z,131.0,Sense
2025-07-21T10:56:52Z,126.0,Sense
2025-07-21T10:56:57Z,128.0,Sense
2025-07-21T10:57:02Z,129.0,Sense
2025-07-21T10:57:07Z,130.0,Sense
2025-07-21T10:57:12Z,130.0,Sense
2025-07-21T10:57:17Z,127.0,Sense
2025-07-21T10:57:22Z,126.0,Sense
2025-07-21T10:57:27Z,124.0,Sense
2025-07-21T10:57:32Z,123.0,Sense
2025-07-21T10:57:42Z,130.0,Sense
2025-07-21T10:57:47Z,140.0,Sense
2025-07-21T10:57:52Z,145.0,Sense
2025-07-21T10:57:57Z,146.0,Sense
2025-07-21T10:58:02Z,144.0,Sense
2025-07-21T10:58:07Z,143.0,Sense
2025-07-21T10:58:12Z,142.0,Sense
2025-07-21T10:58:17Z,138.0,Sense
2025-07-21T10:58:22Z,137.0,Sense
2025-07-21T10:58:27Z,132.0,Sense
2025-07-21T10:58:32Z,126.0,Sense
2025-07-21T10:58:37Z,120.0,Sense
2025-07-21T10:58:52Z,122.0,Sense
2025-07-21T10:59:02Z,117.0,Sense
2025-07-21T10:59:07Z,119.0,Sense
2025-07-21T10:59:12Z,130.0,Sense
2025-07-21T10:59:17Z,146.0,Sense
2025-07-21T10:59:22Z,144.0,Sense
2025-07-21T10:59:27Z,142.0,Sense
2025-07-21T10:59:32Z,148.0,Sense
2025-07-21T10:59:37Z,152.0,Sense
2025-07-21T10:59:42Z,151.0,Sense
2025-07-21T10:59:52Z,152.0,Sense
2025-07-21T10:59:57Z,151.0,Sense
2025-07-21T11:00:07Z,147.0,Sense
2025-07-21T11:00:12Z,140.0,Sense
2025-07-21T11:00:17Z,137.0,Sense
2025-07-21T11:00:22Z,134.0,Sense
2025-07-21T11:00:27Z,130.0,Sense
2025-07-21T11:00:32Z,139.0,Sense
2025-07-21T11:00:37Z,140.0,Sense
2025-07-21T11:00:42Z,141.0,Sense
2025-07-21T11:00:52Z,138.0,Sense
2025-07-21T11:00:57Z,134.0,Sense
2025-07-21T11:01:02Z,135.0,Sense
2025-07-21T11:01:07Z,138.0,Sense
2025-07-21T11:01:12Z,147.0,Sense
2025-07-21T11:01:27Z,142.0,Sense
2025-07-21T11:01:32Z,135.0,Sense
2025-07-21T11:01:37Z,139.0,Sense
2025-07-21T11:01:42Z,141.0,Sense
2025-07-21T11:01:57Z,141.0,Sense
2025-07-21T11:02:02Z,140.0,Sense
2025-07-21T11:02:07Z,139.0,Sense
2025-07-21T11:02:17Z,145.0,Sense
2025-07-21T11:02:27Z,143.0,Sense
2025-07-21T11:02:32Z,140.0,Sense
2025-07-21T11:02:37Z,136.0,Sense
2025-07-21T11:02:42Z,140.0,Sense
2025-07-21T11:02:47Z,155.0,Sense
2025-07-21T11:02:52Z,159.0,Sense
2025-07-21T11:02:57Z,160.0,Sense
2025-07-21T11:03:02Z,159.0,Sense
2025-07-21T11:03:07Z,156.0,Sense
2025-07-21T11:03:12Z,153.0,Sense
2025-07-21T11:03:17Z,152.0,Sense
2025-07-21T11:03:32Z,145.0,Sense
2025-07-21T11:03:37Z,142.0,Sense
2025-07-21T11:03:47Z,139.0,Sense
2025-07-21T11:03:52Z,127.0,Sense
2025-07-21T11:03:57Z,128.0,Sense
2025-07-21T11:04:07Z,125.0,Sense
2025-07-21T11:04:12Z,123.0,Sense
2025-07-21T11:04:17Z,121.0,Sense
2025-07-21T11:04:22Z,119.0,Sense
2025-07-21T11:04:27Z,116.0,Sense
2025-07-21T11:04:32Z,114.0,Sense
2025-07-21T11:04:42Z,108.0,Sense
2025-07-21T11:04:47Z,102.0,Sense
2025-07-21T11:04:52Z,103.0,Sense
2025-07-21T11:05:07Z,103.0,Sense
2025-07-21T11:05:12Z,102.0,Sense
2025-07-21T11:05:22Z,113.0,Sense
2025-07-21T11:05:27Z,129.0,Sense
2025-07-21T11:05:32Z,128.0,Sense
2025-07-21T11:05:42Z,127.0,Sense
2025-07-21T11:05:47Z,127.0,Sense
2025-07-21T11:05:52Z,148.0,Sense
2025-07-21T11:05:57Z,153.0,Sense
2025-07-21T11:06:02Z,150.0,Sense
2025-07-21T11:06:07Z,149.0,Sense
2025-07-21T11:06:12Z,147.0,Sense
2025-07-21T11:06:17Z,144.0,Sense
2025-07-21T11:06:22Z,143.0,Sense
2025-07-21T11:06:27Z,139.0,Sense
2025-07-21T11:06:32Z,136.0,Sense
2025-07-21T11:06:37Z,131.0,Sense
2025-07-21T11:06:42Z,129.0,Sense
2025-07-21T11:06:47Z,121.0,Sense
2025-07-21T11:06:52Z,115.0,Sense
2025-07-21T11:06:57Z,112.0,Sense
2025-07-21T11:07:02Z,116.0,Sense
2025-07-21T11:07:07Z,117.0,Sense
2025-07-21T11:07:12Z,118.0,Sense
2025-07-21T11:07:17Z,117.0,Sense
2025-07-21T11:07:27Z,118.0,Sense
2025-07-21T11:07:32Z,115.0,Sense
2025-07-21T11:07:47Z,115.0,Sense
2025-07-21T11:07:52Z,111.0,Sense
2025-07-21T11:08:07Z,112.0,Sense
2025-07-21T11:08:12Z,111.0,Sense
2025-07-21T11:08:17Z,110.0,Sense
2025-07-21T11:08:27Z,107.0,Sense
2025-07-21T11:08:32Z,104.0,Sense
2025-07-21T11:08:42Z,124.0,Sense
2025-07-21T11:08:47Z,129.0,Sense
2025-07-21T11:08:57Z,127.0,Sense
2025-07-21T11:09:02Z,123.0,Sense
2025-07-21T11:09:07Z,118.0,Sense
2025-07-21T11:09:12Z,110.0,Sense
2025-07-21T11:09:27Z,133.0,Sense
2025-07-21T11:09:32Z,153.0,Sense
2025-07-21T11:09:37Z,152.0,Sense
2025-07-21T11:09:42Z,151.0,Sense
2025-07-21T11:09:47Z,150.0,Sense
2025-07-21T11:09:52Z,146.0,Sense
2025-07-21T11:09:57Z,144.0,Sense
2025-07-21T11:10:02Z,137.0,Sense
2025-07-21T11:10:07Z,136.0,Sense
2025-07-21T11:10:12Z,138.0,Sense
2025-07-21T11:10:22Z,136.0,Sense
2025-07-21T11:10:27Z,133.0,Sense
2025-07-21T11:10:32Z,131.0,Sense
2025-07-21T11:10:37Z,125.0,Sense
2025-07-21T11:10:42Z,114.0,Sense
2025-07-21T11:10:52Z,128.0,Sense
2025-07-21T11:10:57Z,137.0,Sense
2025-07-21T11:11:02Z,133.0,Sense
2025-07-21T11:11:12Z,130.0,Sense
2025-07-21T11:11:17Z,161.0,Sense
2025-07-21T11:11:22Z,162.0,Sense
2025-07-21T11:11:37Z,162.0,Sense
2025-07-21T11:11:42Z,161.0,Sense
2025-07-21T11:11:47Z,160.0,Sense
2025-07-21T11:11:52Z,158.0,Sense
2025-07-21T11:11:57Z,155.0,Sense
2025-07-21T11:12:02Z,157.0,Sense
2025-07-21T11:12:07Z,151.0,Sense
2025-07-21T11:12:12Z,144.0,Sense
2025-07-21T11:12:17Z,138.0,Sense
2025-07-21T11:12:22Z,135.0,Sense
2025-07-21T11:12:27Z,137.0,Sense
2025-07-21T11:12:32Z,138.0,Sense
2025-07-21T11:12:42Z,141.0,Sense
2025-07-21T11:12:47Z,136.0,Sense
2025-07-21T11:12:52Z,134.0,Sense
2025-07-21T11:13:07Z,130.0,Sense
2025-07-21T11:13:12Z,131.0,Sense
2025-07-21T11:13:27Z,131.0,Sense
2025-07-21T11:13:32Z,135.0,Sense
2025-07-21T11:13:37Z,140.0,Sense
2025-07-21T11:13:42Z,157.0,Sense
2025-07-21T11:13:52Z,156.0,Sense
2025-07-21T11:13:57Z,153.0,Sense
2025-07-21T11:14:02Z,152.0,Sense
2025-07-21T11:14:07Z,148.0,Sense
2025-07-21T11:14:12Z,150.0,Sense
2025-07-21T11:14:17Z,147.0,Sense
2025-07-21T11:14:22Z,146.0,Sense
2025-07-21T11:14:32Z,145.0,Sense
2025-07-21T11:14:37Z,143.0,Sense
2025-07-21T11:14:42Z,140.0,Sense
2025-07-21T11:14:52Z,148.0,Sense
2025-07-21T11:14:57Z,149.0,Sense
2025-07-21T11:15:02Z,150.0,Sense
2025-07-21T11:15:17Z,148.0,Sense
2025-07-21T11:15:22Z,147.0,Sense
2025-07-21T11:15:27Z,161.0,Sense
2025-07-21T11:15:32Z,165.0,Sense
2025-07-21T11:15:37Z,163.0,Sense
2025-07-21T11:15:42Z,162.0,Sense
2025-07-21T11:15:47Z,161.0,Sense
2025-07-21T11:15:52Z,159.0,Sense
2025-07-21T11:15:57Z,156.0,Sense
2025-07-21T11:16:02Z,155.0,Sense
2025-07-21T11:16:07Z,154.0,Sense
2025-07-21T11:16:12Z,149.0,Sense
2025-07-21T11:16:17Z,145.0,Sense
2025-07-21T11:16:22Z,142.0,Sense
2025-07-21T11:16:27Z,134.0,Sense
2025-07-21T11:16:32Z,131.0,Sense
2025-07-21T11:16:37Z,124.0,Sense
2025-07-21T11:16:47Z,126.0,Sense
2025-07-21T11:16:52Z,138.0,Sense
2025-07-21T11:16:57Z,141.0,Sense
2025-07-21T11:17:07Z,143.0,Sense
2025-07-21T11:17:12Z,154.0,Sense
2025-07-21T11:17:17Z,155.0,Sense
2025-07-21T11:17:22Z,153.0,Sense
2025-07-21T11:17:27Z,152.0,Sense
2025-07-21T11:17:32Z,153.0,Sense
2025-07-21T11:17:37Z,151.0,Sense
2025-07-21T11:17:42Z,146.0,Sense
2025-07-21T11:17:47Z,141.0,Sense
2025-07-21T11:17:52Z,138.0,Sense
2025-07-21T11:17:57Z,141.0,Sense
2025-07-21T11:18:02Z,140.0,Sense
2025-07-21T11:18:07Z,142.0,Sense
2025-07-21T11:18:12Z,141.0,Sense
2025-07-21T11:18:17Z,137.0,Sense
2025-07-21T11:18:22Z,134.0,Sense
2025-07-21T11:18:27Z,156.0,Sense
2025-07-21T11:18:32Z,164.0,Sense
2025-07-21T11:18:37Z,162.0,Sense
2025-07-21T11:18:42Z,158.0,Sense
2025-07-21T11:18:47Z,157.0,Sense
2025-07-21T11:18:52Z,155.0,Sense
2025-07-21T11:18:57Z,154.0,Sense
2025-07-21T11:19:02Z,149.0,Sense
2025-07-21T11:19:07Z,142.0,Sense
2025-07-21T11:19:12Z,145.0,Sense
2025-07-21T11:19:17Z,150.0,Sense
2025-07-21T11:19:22Z,146.0,Sense
2025-07-21T11:19:27Z,135.0,Sense
2025-07-21T11:19:32Z,134.0,Sense
2025-07-21T11:19:37Z,132.0,Sense
2025-07-21T11:19:42Z,130.0,Sense
2025-07-21T11:19:52Z,130.0,Sense
2025-07-21T11:20:02Z,131.0,Sense
2025-07-21T11:20:07Z,130.0,Sense
2025-07-21T11:20:12Z,128.0,Sense
2025-07-21T11:20:17Z,130.0,Sense
2025-07-21T11:20:22Z,128.0,Sense
2025-07-21T11:20:27Z,131.0,Sense
2025-07-21T11:20:32Z,130.0,Sense
2025-07-21T11:20:37Z,128.0,Sense
2025-07-21T11:20:42Z,124.0,Sense
2025-07-21T11:20:47Z,122.0,Sense
2025-07-21T11:20:57Z,147.0,Sense
2025-07-21T11:21:02Z,144.0,Sense
2025-07-21T11:21:07Z,141.0,Sense
2025-07-21T11:21:12Z,147.0,Sense
2025-07-21T11:21:17Z,145.0,Sense
2025-07-21T11:21:22Z,143.0,Sense
2025-07-21T11:21:27Z,142.0,Sense
2025-07-21T11:21:32Z,141.0,Sense
2025-07-21T11:21:37Z,138.0,Sense
2025-07-21T11:21:42Z,137.0,Sense
2025-07-21T11:21:47Z,135.0,Sense
2025-07-21T11:21:52Z,129.0,Sense
2025-07-21T11:21:57Z,124.0,Sense
2025-07-21T11:22:02Z,125.0,Sense
2025-07-21T11:22:07Z,124.0,Sense
2025-07-21T11:22:12Z,122.0,Sense
2025-07-21T11:22:17Z,119.0,Sense
2025-07-21T11:22:22Z,113.0,Sense
2025-07-21T11:22:27Z,110.0,Sense
2025-07-21T11:22:32Z,107.0,Sense
2025-07-21T11:22:37Z,105.0,Sense
2025-07-21T11:22:42Z,96.0,Sense
2025-07-21T11:22:47Z,88.0,Sense
2025-07-21T11:22:52Z,100.0,Sense
2025-07-21T11:22:57Z,117.0,Sense
2025-07-21T11:23:07Z,116.0,Sense
2025-07-21T11:23:12Z,115.0,Sense
2025-07-21T11:23:22Z,117.0,Sense
2025-07-21T11:23:27Z,115.0,Sense
2025-07-21T11:23:32Z,113.0,Sense
2025-07-21T11:23:37Z,114.0,Sense
2025-07-21T11:23:52Z,117.0,Sense
2025-07-21T11:23:57Z,120.0,Sense
2025-07-21T11:24:02Z,121.0,Sense
2025-07-21T11:24:07Z,119.0,Sense
2025-07-21T11:24:12Z,113.0,Sense
2025-07-21T11:24:17Z,105.0,Sense
2025-07-21T11:24:22Z,103.0,Sense
2025-07-21T11:24:27Z,102.0,Sense
2025-07-21T11:24:37Z,101.0,Sense
2025-07-21T11:24:42Z,113.0,Sense
2025-07-21T11:24:47Z,135.0,Sense
2025-07-21T11:25:02Z,136.0,Sense
2025-07-21T11:25:07Z,134.0,Sense
2025-07-21T11:25:12Z,133.0,Sense
2025-07-21T11:25:17Z,129.0,Sense
2025-07-21T11:25:22Z,126.0,Sense
2025-07-21T11:25:27Z,127.0,Sense
2025-07-21T11:25:32Z,129.0,Sense
2025-07-21T11:25:37Z,134.0,Sense
2025-07-21T11:25:42Z,133.0,Sense
2025-07-21T11:25:52Z,132.0,Sense
2025-07-21T11:25:57Z,127.0,Sense
2025-07-21T11:26:02Z,121.0,Sense
2025-07-21T11:26:07Z,153.0,Sense
2025-07-21T11:26:12Z,163.0,Sense
2025-07-21T11:26:17Z,161.0,Sense
2025-07-21T11:26:22Z,158.0,Sense
2025-07-21T11:26:27Z,154.0,Sense
2025-07-21T11:26:32Z,154.0,Sense
2025-07-21T11:26:37Z,150.0,Sense
2025-07-21T11:26:42Z,149.0,Sense
2025-07-21T11:26:47Z,145.0,Sense
2025-07-21T11:26:52Z,143.0,Sense
2025-07-21T11:27:02Z,144.0,Sense
2025-07-21T11:27:07Z,142.0,Sense
2025-07-21T11:27:12Z,139.0,Sense
2025-07-21T11:27:17Z,137.0,Sense
2025-07-21T11:27:22Z,133.0,Sense
2025-07-21T11:27:32Z,130.0,Sense
2025-07-21T11:27:37Z,123.0,Sense
2025-07-21T11:27:42Z,119.0,Sense
2025-07-21T11:27:47Z,131.0,Sense
2025-07-21T11:27:52Z,139.0,Sense
2025-07-21T11:28:02Z,138.0,Sense
2025-07-21T11:28:07Z,121.0,Sense
2025-07-21T11:28:12Z,119.0,Sense
2025-07-21T11:28:17Z,116.0,Sense
2025-07-21T11:28:22Z,115.0,Sense
2025-07-21T11:28:27Z,117.0,Sense
2025-07-21T11:28:32Z,116.0,Sense
2025-07-21T11:28:37Z,120.0,Sense
2025-07-21T11:28:42Z,122.0,Sense
2025-07-21T11:28:47Z,120.0,Sense
2025-07-21T11:28:52Z,123.0,Sense
2025-07-21T11:28:57Z,137.0,Sense
2025-07-21T11:29:02Z,139.0,Sense
2025-07-21T11:29:07Z,147.0,Sense
2025-07-21T11:29:17Z,146.0,Sense
2025-07-21T11:29:22Z,144.0,Sense
2025-07-21T11:29:27Z,142.0,Sense
2025-07-21T11:29:32Z,139.0,Sense
2025-07-21T11:29:37Z,133.0,Sense
2025-07-21T11:29:47Z,135.0,Sense
2025-07-21T11:29:52Z,142.0,Sense
2025-07-21T11:29:57Z,144.0,Sense
2025-07-21T11:30:02Z,142.0,Sense
2025-07-21T11:30:07Z,138.0,Sense
2025-07-21T11:30:12Z,137.0,Sense
2025-07-21T11:30:17Z,156.0,Sense
2025-07-21T11:30:22Z,155.0,Sense
2025-07-21T11:30:27Z,153.0,Sense
2025-07-21T11:30:32Z,152.0,Sense
2025-07-21T11:30:37Z,152.0,Sense
2025-07-21T11:30:42Z,151.0,Sense
2025-07-21T11:30:47Z,149.0,Sense
2025-07-21T11:30:52Z,150.0,Sense
2025-07-21T11:30:57Z,156.0,Sense
2025-07-21T11:31:02Z,157.0,Sense
2025-07-21T11:31:07Z,156.0,Sense
2025-07-21T11:31:12Z,155.0,Sense
2025-07-21T11:31:17Z,156.0,Sense
2025-07-21T11:31:22Z,154.0,Sense
2025-07-21T11:31:27Z,152.0,Sense
2025-07-21T11:31:32Z,149.0,Sense
2025-07-21T11:31:37Z,147.0,Sense
2025-07-21T11:31:42Z,145.0,Sense
2025-07-21T11:31:47Z,142.0,Sense
2025-07-21T11:31:52Z,137.0,Sense
2025-07-21T11:31:57Z,133.0,Sense
2025-07-21T11:32:02Z,131.0,Sense
2025-07-21T11:32:07Z,132.0,Sense
2025-07-21T11:32:12Z,133.0,Sense
2025-07-21T11:32:17Z,131.0,Sense
2025-07-21T11:32:22Z,131.0,Sense
2025-07-21T11:32:27Z,137.0,Sense
2025-07-21T11:32:32Z,136.0,Sense
2025-07-21T11:32:37Z,137.0,Sense
2025-07-21T11:32:42Z,135.0,Sense
2025-07-21T11:32:47Z,133.0,Sense
2025-07-21T11:32:52Z,136.0,Sense
2025-07-21T11:32:57Z,133.0,Sense
2025-07-21T11:33:02Z,130.0,Sense
2025-07-21T11:33:07Z,131.0,Sense
2025-07-21T11:33:12Z,126.0,Sense
2025-07-21T11:33:17Z,124.0,Sense
2025-07-21T11:33:22Z,124.0,Sense
2025-07-21T11:33:32Z,123.0,Sense
2025-07-21T11:33:37Z,121.0,Sense
2025-07-21T11:33:42Z,118.0,Sense
2025-07-21T11:33:47Z,112.0,Sense
2025-07-21T11:33:52Z,98.0,Sense
2025-07-21T11:33:57Z,96.0,Sense
2025-07-21T11:34:02Z,106.0,Sense
2025-07-21T11:34:07Z,111.0,Sense
2025-07-21T11:34:12Z,110.0,Sense
2025-07-21T11:34:22Z,108.0,Sense
2025-07-21T11:34:27Z,109.0,Sense
2025-07-21T11:34:32Z,114.0,Sense
2025-07-21T11:34:37Z,130.0,Sense
2025-07-21T11:34:42Z,134.0,Sense
2025-07-21T11:34:47Z,136.0,Sense
2025-07-21T11:34:57Z,140.0,Sense
2025-07-21T11:35:02Z,137.0,Sense
2025-07-21T11:35:07Z,140.0,Sense
2025-07-21T11:35:12Z,142.0,Sense
2025-07-21T11:35:17Z,141.0,Sense
2025-07-21T11:35:22Z,137.0,Sense
2025-07-21T11:35:27Z,138.0,Sense
2025-07-21T11:35:32Z,137.0,Sense
2025-07-21T11:35:37Z,140.0,Sense
2025-07-21T11:35:42Z,151.0,Sense
2025-07-21T11:35:47Z,150.0,Sense
2025-07-21T11:35:52Z,154.0,Sense
2025-07-21T11:35:57Z,164.0,Sense
2025-07-21T11:36:02Z,163.0,Sense
2025-07-21T11:36:07Z,161.0,Sense
2025-07-21T11:36:12Z,162.0,Sense
2025-07-21T11:36:17Z,157.0,Sense
2025-07-21T11:36:22Z,151.0,Sense
2025-07-21T11:36:32Z,145.0,Sense
2025-07-21T11:36:37Z,135.0,Sense
2025-07-21T11:36:42Z,132.0,Sense
2025-07-21T11:36:47Z,127.0,Sense
2025-07-21T11:36:52Z,126.0,Sense
2025-07-21T11:36:57Z,130.0,Sense
2025-07-21T11:37:02Z,127.0,Sense
2025-07-21T11:37:07Z,123.0,Sense
2025-07-21T11:37:17Z,127.0,Sense
2025-07-21T11:37:27Z,119.0,Sense
2025-07-21T11:37:32Z,111.0,Sense
2025-07-21T11:37:37Z,137.0,Sense
2025-07-21T11:37:42Z,143.0,Sense
2025-07-21T11:37:47Z,142.0,Sense
2025-07-21T11:37:52Z,139.0,Sense
2025-07-21T11:37:57Z,137.0,Sense
2025-07-21T11:38:02Z,132.0,Sense
2025-07-21T11:38:07Z,131.0,Sense
2025-07-21T11:38:12Z,130.0,Sense
2025-07-21T11:38:17Z,128.0,Sense
2025-07-21T11:38:22Z,127.0,Sense
2025-07-21T11:38:27Z,123.0,Sense
2025-07-21T11:38:32Z,118.0,Sense
2025-07-21T11:38:37Z,103.0,Sense
2025-07-21T11:38:42Z,102.0,Sense
2025-07-21T11:38:52Z,101.0,Sense
2025-07-21T11:38:57Z,104.0,Sense
2025-07-21T11:39:02Z,108.0,Sense
2025-07-21T11:39:07Z,106.0,Sense
2025-07-21T11:39:12Z,101.0,Sense
2025-07-21T11:39:17Z,100.0,Sense
2025-07-21T11:39:22Z,99.0,Sense
2025-07-21T11:39:27Z,110.0,Sense
2025-07-21T11:39:32Z,117.0,Sense
2025-07-21T11:39:42Z,126.0,Sense
2025-07-21T11:39:47Z,125.0,Sense
2025-07-21T11:39:57Z,124.0,Sense
2025-07-21T11:40:07Z,133.0,Sense
2025-07-21T11:40:12Z,139.0,Sense
2025-07-21T11:40:17Z,138.0,Sense
2025-07-21T11:40:22Z,135.0,Sense
2025-07-21T11:40:27Z,132.0,Sense
2025-07-21T11:40:32Z,126.0,Sense
2025-07-21T11:40:37Z,120.0,Sense
2025-07-21T11:40:42Z,119.0,Sense
2025-07-21T11:40:47Z,120.0,Sense
2025-07-21T11:40:52Z,124.0,Sense
2025-07-21T11:40:57Z,123.0,Sense
2025-07-21T11:41:02Z,124.0,Sense
2025-07-21T11:41:07Z,129.0,Sense
2025-07-21T11:41:17Z,132.0,Sense
2025-07-21T11:41:22Z,143.0,Sense
2025-07-21T11:41:32Z,142.0,Sense
2025-07-21T11:41:37Z,134.0,Sense
2025-07-21T11:41:42Z,133.0,Sense
2025-07-21T11:41:47Z,132.0,Sense
2025-07-21T11:41:57Z,130.0,Sense
2025-07-21T11:42:02Z,131.0,Sense
2025-07-21T11:42:07Z,133.0,Sense
2025-07-21T11:42:12Z,129.0,Sense
2025-07-21T11:42:17Z,126.0,Sense
2025-07-21T11:42:22Z,124.0,Sense
2025-07-21T11:42:27Z,122.0,Sense
2025-07-21T11:42:32Z,121.0,Sense
2025-07-21T11:42:37Z,119.0,Sense
2025-07-21T11:42:42Z,117.0,Sense
2025-07-21T11:42:47Z,112.0,Sense
2025-07-21T11:42:52Z,108.0,Sense
2025-07-21T11:42:57Z,105.0,Sense
2025-07-21T11:43:02Z,102.0,Sense
2025-07-21T11:43:07Z,105.0,Sense
2025-07-21T11:43:12Z,108.0,Sense
2025-07-21T11:43:22Z,105.0,Sense
2025-07-21T11:43:27Z,106.0,Sense
2025-07-21T11:43:37Z,94.0,Sense
2025-07-21T11:43:42Z,90.0,Sense
2025-07-21T11:43:52Z,91.0,Sense
2025-07-21T11:43:57Z,97.0,Sense
2025-07-21T11:44:02Z,103.0,Sense
2025-07-21T11:44:07Z,102.0,Sense
2025-07-21T11:44:12Z,101.0,Sense
2025-07-21T11:44:17Z,98.0,Sense
2025-07-21T11:44:22Z,96.0,Sense
2025-07-21T11:44:27Z,96.0,Sense
2025-07-21T11:44:32Z,94.0,Sense
2025-07-21T11:44:37Z,93.0,Sense
2025-07-21T11:44:42Z,93.0,Sense
2025-07-21T11:44:47Z,94.0,Sense
2025-07-21T11:44:52Z,96.0,Sense
2025-07-21T11:44:57Z,90.0,Sense
2025-07-21T11:45:07Z,89.0,Sense
2025-07-21T11:45:12Z,95.0,Sense
2025-07-21T11:45:17Z,103.0,Sense
2025-07-21T11:45:32Z,103.0,Sense
2025-07-21T11:45:37Z,96.0,Sense
2025-07-21T11:45:42Z,98.0,Sense
2025-07-21T11:45:47Z,101.0,Sense
2025-07-21T11:45:52Z,103.0,Sense
2025-07-21T11:45:57Z,113.0,Sense
2025-07-21T11:46:02Z,111.0,Sense
2025-07-21T11:46:07Z,103.0,Sense
2025-07-21T11:46:12Z,101.0,Sense
2025-07-21T11:46:22Z,112.0,Sense
2025-07-21T11:46:27Z,138.0,Sense
2025-07-21T11:46:37Z,137.0,Sense
2025-07-21T11:46:42Z,136.0,Sense
2025-07-21T11:46:47Z,134.0,Sense
2025-07-21T11:46:52Z,133.0,Sense
2025-07-21T11:46:57Z,131.0,Sense
2025-07-21T11:47:02Z,132.0,Sense
2025-07-21T11:47:07Z,131.0,Sense
2025-07-21T11:47:12Z,133.0,Sense
2025-07-21T11:47:22Z,130.0,Sense
2025-07-21T11:47:27Z,131.0,Sense
2025-07-21T11:47:32Z,136.0,Sense
2025-07-21T11:47:37Z,134.0,Sense
2025-07-21T11:47:47Z,133.0,Sense
2025-07-21T11:47:52Z,132.0,Sense
2025-07-21T11:48:02Z,133.0,Sense
2025-07-21T11:48:07Z,134.0,Sense
2025-07-21T11:48:12Z,133.0,Sense
2025-07-21T11:48:17Z,130.0,Sense
2025-07-21T11:48:27Z,128.0,Sense
2025-07-21T11:48:32Z,127.0,Sense
2025-07-21T11:48:37Z,122.0,Sense
2025-07-21T11:48:42Z,119.0,Sense
2025-07-21T11:48:47Z,121.0,Sense
2025-07-21T11:48:52Z,136.0,Sense
2025-07-21T11:49:02Z,135.0,Sense
2025-07-21T11:49:07Z,134.0,Sense
2025-07-21T11:49:12Z,130.0,Sense
2025-07-21T11:49:17Z,124.0,Sense
2025-07-21T11:49:22Z,124.0,Sense
2025-07-21T11:49:27Z,121.0,Sense
2025-07-21T11:49:32Z,120.0,Sense
2025-07-21T11:49:37Z,115.0,Sense
2025-07-21T11:49:42Z,106.0,Sense
2025-07-21T11:49:47Z,101.0,Sense
2025-07-21T11:49:52Z,98.0,Sense
2025-07-21T11:49:57Z,96.0,Sense
2025-07-21T11:50:02Z,94.0,Sense
2025-07-21T11:50:07Z,93.0,Sense
2025-07-21T11:50:12Z,104.0,Sense
2025-07-21T11:50:17Z,106.0,Sense
2025-07-21T11:50:22Z,97.0,Sense
2025-07-21T11:50:27Z,99.0,Sense
2025-07-21T11:50:37Z,97.0,Sense
2025-07-21T11:50:47Z,105.0,Sense
2025-07-21T11:50:57Z,122.0,Sense
2025-07-21T11:51:02Z,123.0,Sense
2025-07-21T11:51:07Z,121.0,Sense
2025-07-21T11:51:12Z,122.0,Sense
2025-07-21T11:51:17Z,124.0,Sense
2025-07-21T11:51:22Z,124.0,Sense
2025-07-21T11:51:27Z,118.0,Sense
2025-07-21T11:51:32Z,117.0,Sense
2025-07-21T11:51:37Z,111.0,Sense
2025-07-21T11:51:42Z,108.0,Sense
2025-07-21T11:51:47Z,107.0,Sense
2025-07-21T11:51:52Z,108.0,Sense
2025-07-21T11:51:57Z,116.0,Sense
2025-07-21T11:52:02Z,119.0,Sense
2025-07-21T11:52:12Z,118.0,Sense
2025-07-21T11:52:17Z,117.0,Sense
2025-07-21T11:52:22Z,115.0,Sense
2025-07-21T11:52:27Z,108.0,Sense
2025-07-21T11:52:32Z,103.0,Sense
2025-07-21T11:52:37Z,100.0,Sense
2025-07-21T11:52:47Z,123.0,Sense
2025-07-21T11:52:52Z,121.0,Sense
2025-07-21T11:52:57Z,122.0,Sense
2025-07-21T11:53:12Z,122.0,Sense
2025-07-21T11:53:17Z,121.0,Sense
2025-07-21T11:53:22Z,120.0,Sense
2025-07-21T11:53:32Z,123.0,Sense
2025-07-21T11:53:42Z,124.0,Sense
2025-07-21T11:53:47Z,121.0,Sense
2025-07-21T11:53:57Z,123.0,Sense
2025-07-21T11:54:02Z,118.0,Sense
2025-07-21T11:54:07Z,116.0,Sense
2025-07-21T11:54:12Z,114.0,Sense
2025-07-21T11:54:17Z,112.0,Sense
2025-07-21T11:54:22Z,108.0,Sense
2025-07-21T11:54:27Z,109.0,Sense
2025-07-21T11:54:32Z,115.0,Sense
2025-07-21T11:54:37Z,117.0,Sense
2025-07-21T11:54:47Z,115.0,Sense
2025-07-21T11:54:52Z,106.0,Sense
2025-07-21T11:54:57Z,128.0,Sense
2025-07-21T11:55:02Z,128.0,Sense
2025-07-21T11:55:07Z,127.0,Sense
2025-07-21T11:55:17Z,126.0,Sense
2025-07-21T11:55:22Z,125.0,Sense
2025-07-21T11:55:32Z,121.0,Sense
2025-07-21T11:55:37Z,114.0,Sense
2025-07-21T11:55:42Z,115.0,Sense
2025-07-21T11:55:47Z,117.0,Sense
2025-07-21T11:55:52Z,139.0,Sense
2025-07-21T11:55:57Z,146.0,Sense
2025-07-21T11:56:02Z,145.0,Sense
2025-07-21T11:56:07Z,144.0,Sense
2025-07-21T11:56:12Z,145.0,Sense
2025-07-21T11:56:22Z,144.0,Sense
2025-07-21T11:56:27Z,139.0,Sense
2025-07-21T11:56:32Z,138.0,Sense
2025-07-21T11:56:42Z,136.0,Sense
2025-07-21T11:56:47Z,134.0,Sense
2025-07-21T11:56:52Z,132.0,Sense
2025-07-21T11:56:57Z,132.0,Sense
2025-07-21T11:57:07Z,134.0,Sense
2025-07-21T11:57:12Z,136.0,Sense
2025-07-21T11:57:17Z,137.0,Sense
2025-07-21T11:57:22Z,138.0,Sense
2025-07-21T11:57:32Z,133.0,Sense
2025-07-21T11:57:37Z,126.0,Sense
2025-07-21T11:57:42Z,144.0,Sense
2025-07-21T11:57:47Z,143.0,Sense
2025-07-21T11:57:52Z,141.0,Sense
2025-07-21T11:58:02Z,143.0,Sense
2025-07-21T11:58:12Z,145.0,Sense
2025-07-21T11:58:22Z,144.0,Sense
2025-07-21T11:58:27Z,143.0,Sense
2025-07-21T11:58:32Z,138.0,Sense
2025-07-21T11:58:37Z,143.0,Sense
2025-07-21T11:58:42Z,139.0,Sense
2025-07-21T11:58:47Z,135.0,Sense
2025-07-21T11:58:52Z,134.0,Sense
2025-07-21T11:58:57Z,133.0,Sense
2025-07-21T11:59:02Z,127.0,Sense
2025-07-21T11:59:07Z,117.0,Sense
2025-07-21T11:59:12Z,115.0,Sense
2025-07-21T11:59:22Z,113.0,Sense
2025-07-21T11:59:27Z,101.0,Sense
2025-07-21T11:59:32Z,100.0,Sense
2025-07-21T11:59:37Z,101.0,Sense
2025-07-21T11:59:42Z,102.0,Sense
2025-07-21T11:59:47Z,95.0,Sense
2025-07-21T11:59:52Z,87.0,Sense
2025-07-21T11:59:57Z,83.0,Sense
2025-07-21T12:00:02Z,81.0,Sense
2025-07-21T12:00:07Z,92.0,Sense
2025-07-21T12:00:12Z,101.0,Sense
2025-07-21T12:00:27Z,103.0,Sense
2025-07-21T12:00:32Z,106.0,Sense
2025-07-21T12:00:37Z,108.0,Sense
2025-07-21T12:00:42Z,120.0,Sense
2025-07-21T12:00:47Z,121.0,Sense
2025-07-21T12:00:57Z,122.0,Sense
2025-07-21T12:01:07Z,123.0,Sense
2025-07-21T12:01:12Z,126.0,Sense
2025-07-21T12:01:17Z,131.0,Sense
2025-07-21T12:01:22Z,147.0,Sense
2025-07-21T12:01:27Z,156.0,Sense
2025-07-21T12:01:37Z,158.0,Sense
2025-07-21T12:01:47Z,156.0,Sense
2025-07-21T12:01:52Z,151.0,Sense
2025-07-21T12:02:02Z,145.0,Sense
2025-07-21T12:02:07Z,137.0,Sense
2025-07-21T12:02:12Z,122.0,Sense
2025-07-21T12:02:17Z,110.0,Sense
2025-07-21T12:02:22Z,104.0,Sense
2025-07-21T12:02:37Z,105.0,Sense
2025-07-21T12:02:42Z,104.0,Sense
2025-07-21T12:02:52Z,101.0,Sense
2025-07-21T12:02:57Z,96.0,Sense
2025-07-21T12:03:02Z,95.0,Sense
2025-07-21T12:03:12Z,93.0,Sense
2025-07-21T12:03:17Z,96.0,Sense
2025-07-21T12:03:22Z,98.0,Sense
2025-07-21T12:03:27Z,100.0,Sense
2025-07-21T12:03:32Z,94.0,Sense
2025-07-21T12:03:42Z,95.0,Sense
2025-07-21T12:03:47Z,93.0,Sense
2025-07-21T12:03:52Z,92.0,Sense
2025-07-21T12:04:07Z,92.0,Sense
2025-07-21T12:04:17Z,93.0,Sense
2025-07-21T12:04:32Z,96.0,Sense
2025-07-21T12:04:37Z,99.0,Sense
2025-07-21T12:04:42Z,102.0,Sense
2025-07-21T12:04:47Z,105.0,Sense
2025-07-21T12:04:52Z,118.0,Sense
2025-07-21T12:04:57Z,125.0,Sense
2025-07-21T12:05:02Z,124.0,Sense
2025-07-21T12:05:07Z,125.0,Sense
2025-07-21T12:05:12Z,117.0,Sense
2025-07-21T12:05:17Z,109.0,Sense
2025-07-21T12:05:27Z,108.0,Sense
2025-07-21T12:05:32Z,109.0,Sense
2025-07-21T12:05:37Z,111.0,Sense
2025-07-21T12:05:42Z,114.0,Sense
2025-07-21T12:05:47Z,115.0,Sense
2025-07-21T12:05:52Z,115.0,Sense
2025-07-21T12:06:02Z,111.0,Sense
2025-07-21T12:06:07Z,111.0,Sense
2025-07-21T12:06:12Z,115.0,Sense
2025-07-21T12:06:17Z,114.0,Sense
2025-07-21T12:06:22Z,113.0,Sense
2025-07-21T12:06:27Z,105.0,Sense
2025-07-21T12:06:37Z,106.0,Sense
2025-07-21T12:06:42Z,108.0,Sense
2025-07-21T12:06:47Z,110.0,Sense
2025-07-21T12:06:52Z,107.0,Sense
2025-07-21T12:06:57Z,110.0,Sense
2025-07-21T12:07:02Z,111.0,Sense
2025-07-21T12:07:07Z,108.0,Sense
2025-07-21T12:07:12Z,101.0,Sense
2025-07-21T12:07:17Z,100.0,Sense
2025-07-21T12:07:22Z,94.0,Sense
2025-07-21T12:07:27Z,93.0,Sense
2025-07-21T12:07:32Z,94.0,Sense
2025-07-21T12:07:37Z,93.0,Sense
2025-07-21T12:07:47Z,91.0,Sense
2025-07-21T12:07:52Z,92.0,Sense
2025-07-21T12:07:57Z,92.0,Sense
2025-07-21T12:08:02Z,90.0,Sense
2025-07-21T12:08:07Z,88.0,Sense
2025-07-21T12:08:12Z,90.0,Sense
2025-07-21T12:08:27Z,92.0,Sense
2025-07-21T12:08:32Z,94.0,Sense
2025-07-21T12:08:37Z,98.0,Sense
2025-07-21T12:08:42Z,112.0,Sense
2025-07-21T12:08:47Z,113.0,Sense
2025-07-21T12:08:52Z,112.0,Sense
2025-07-21T12:08:57Z,102.0,Sense
2025-07-21T12:09:02Z,101.0,Sense
2025-07-21T12:09:07Z,99.0,Sense
2025-07-21T12:09:12Z,91.0,Sense
2025-07-21T12:09:17Z,89.0,Sense
2025-07-21T12:09:22Z,92.0,Sense
2025-07-21T12:09:27Z,108.0,Sense
2025-07-21T12:09:32Z,109.0,Sense
2025-07-21T12:09:37Z,110.0,Sense
2025-07-21T12:09:42Z,112.0,Sense
2025-07-21T12:09:47Z,110.0,Sense
2025-07-21T12:09:52Z,111.0,Sense
2025-07-21T12:09:57Z,112.0,Sense
2025-07-21T12:10:07Z,106.0,Sense
2025-07-21T12:10:17Z,101.0,Sense
2025-07-21T12:10:22Z,97.0,Sense
2025-07-21T12:10:27Z,94.0,Sense
2025-07-21T12:10:32Z,92.0,Sense
2025-07-21T12:10:37Z,88.0,Sense
2025-07-21T12:10:42Z,87.0,Sense
2025-07-21T12:10:47Z,89.0,Sense
2025-07-21T12:10:52Z,91.0,Sense
2025-07-21T12:10:57Z,94.0,Sense
2025-07-21T12:11:02Z,95.0,Sense
2025-07-21T12:11:07Z,92.0,Sense
2025-07-21T12:11:12Z,99.0,Sense
2025-07-21T12:11:17Z,96.0,Sense
2025-07-21T12:11:22Z,91.0,Sense
2025-07-21T12:11:27Z,89.0,Sense
2025-07-21T12:11:32Z,90.0,Sense
2025-07-21T12:11:37Z,92.0,Sense
2025-07-21T12:11:47Z,109.0,Sense
2025-07-21T12:11:52Z,121.0,Sense
2025-07-21T12:11:57Z,127.0,Sense
2025-07-21T12:12:02Z,131.0,Sense
2025-07-21T12:12:07Z,130.0,Sense
2025-07-21T12:12:12Z,127.0,Sense
2025-07-21T12:12:17Z,126.0,Sense
2025-07-21T12:12:27Z,130.0,Sense
2025-07-21T12:12:32Z,132.0,Sense
2025-07-21T12:12:37Z,132.0,Sense
2025-07-21T12:12:42Z,129.0,Sense
2025-07-21T12:12:47Z,124.0,Sense
2025-07-21T12:12:52Z,123.0,Sense
2025-07-21T12:12:57Z,137.0,Sense
2025-07-21T12:13:02Z,147.0,Sense
2025-07-21T12:13:17Z,143.0,Sense
2025-07-21T12:13:22Z,137.0,Sense
2025-07-21T12:13:27Z,133.0,Sense
2025-07-21T12:13:32Z,129.0,Sense
2025-07-21T12:13:47Z,123.0,Sense
2025-07-21T12:13:52Z,110.0,Sense
2025-07-21T12:13:57Z,121.0,Sense
2025-07-21T12:14:02Z,129.0,Sense
2025-07-21T12:14:07Z,128.0,Sense
2025-07-21T12:14:12Z,127.0,Sense
2025-07-21T12:14:22Z,127.0,Sense
2025-07-21T12:14:27Z,126.0,Sense
2025-07-21T12:14:32Z,125.0,Sense
2025-07-21T12:14:37Z,124.0,Sense
2025-07-21T12:14:42Z,121.0,Sense
2025-07-21T12:14:47Z,118.0,Sense
2025-07-21T12:14:52Z,117.0,Sense
2025-07-21T12:15:02Z,119.0,Sense
2025-07-21T12:15:17Z,117.0,Sense
2025-07-21T12:15:22Z,113.0,Sense
2025-07-21T12:15:27Z,111.0,Sense
2025-07-21T12:15:32Z,106.0,Sense
2025-07-21T12:15:37Z,104.0,Sense
2025-07-21T12:15:42Z,104.0,Sense
2025-07-21T12:15:52Z,102.0,Sense
2025-07-21T12:16:02Z,101.0,Sense
2025-07-21T12:16:07Z,103.0,Sense
2025-07-21T12:16:12Z,104.0,Sense
2025-07-21T12:16:17Z,105.0,Sense
2025-07-21T12:16:22Z,100.0,Sense
2025-07-21T12:16:27Z,94.0,Sense
2025-07-21T12:16:32Z,92.0,Sense
2025-07-21T12:16:37Z,90.0,Sense
2025-07-21T12:16:42Z,112.0,Sense
2025-07-21T12:16:47Z,116.0,Sense
2025-07-21T12:16:52Z,115.0,Sense
2025-07-21T12:16:57Z,125.0,Sense
2025-07-21T12:17:02Z,133.0,Sense
2025-07-21T12:17:07Z,131.0,Sense
2025-07-21T12:17:12Z,130.0,Sense
2025-07-21T12:17:17Z,135.0,Sense
2025-07-21T12:17:22Z,134.0,Sense
2025-07-21T12:17:27Z,132.0,Sense
2025-07-21T12:17:32Z,131.0,Sense
2025-07-21T12:17:42Z,129.0,Sense
2025-07-21T12:17:47Z,124.0,Sense
2025-07-21T12:17:52Z,123.0,Sense
2025-07-21T12:17:57Z,130.0,Sense
2025-07-21T12:18:02Z,142.0,Sense
2025-07-21T12:18:07Z,140.0,Sense
2025-07-21T12:18:12Z,139.0,Sense
2025-07-21T12:18:17Z,137.0,Sense
2025-07-21T12:18:22Z,134.0,Sense
2025-07-21T12:18:27Z,132.0,Sense
2025-07-21T12:18:32Z,130.0,Sense
2025-07-21T12:18:37Z,129.0,Sense
2025-07-21T12:18:42Z,127.0,Sense
2025-07-21T12:18:52Z,129.0,Sense
2025-07-21T12:18:57Z,147.0,Sense
2025-07-21T12:19:02Z,158.0,Sense
2025-07-21T12:19:07Z,157.0,Sense
2025-07-21T12:19:17Z,156.0,Sense
2025-07-21T12:19:22Z,152.0,Sense
2025-07-21T12:19:27Z,150.0,Sense
2025-07-21T12:19:37Z,151.0,Sense
2025-07-21T12:19:42Z,159.0,Sense
2025-07-21T12:19:47Z,162.0,Sense
2025-07-21T12:19:52Z,166.0,Sense
2025-07-21T12:19:57Z,164.0,Sense
2025-07-21T12:20:02Z,160.0,Sense
2025-07-21T12:20:07Z,158.0,Sense
2025-07-21T12:20:12Z,157.0,Sense
2025-07-21T12:20:17Z,156.0,Sense
2025-07-21T12:20:22Z,157.0,Sense
2025-07-21T12:20:27Z,156.0,Sense
2025-07-21T12:20:42Z,155.0,Sense
2025-07-21T12:20:47Z,150.0,Sense
2025-07-21T12:20:52Z,148.0,Sense
2025-07-21T12:20:57Z,142.0,Sense
2025-07-21T12:21:02Z,149.0,Sense
2025-07-21T12:21:07Z,152.0,Sense
2025-07-21T12:21:17Z,153.0,Sense
2025-07-21T12:21:27Z,151.0,Sense
2025-07-21T12:21:32Z,149.0,Sense
2025-07-21T12:21:37Z,146.0,Sense
2025-07-21T12:21:47Z,142.0,Sense
2025-07-21T12:21:52Z,135.0,Sense
2025-07-21T12:21:57Z,138.0,Sense
2025-07-21T12:22:02Z,137.0,Sense
2025-07-21T12:22:07Z,133.0,Sense
2025-07-21T12:22:12Z,129.0,Sense
2025-07-21T12:22:17Z,127.0,Sense
2025-07-21T12:22:22Z,126.0,Sense
2025-07-21T12:22:27Z,119.0,Sense
2025-07-21T12:22:32Z,112.0,Sense
2025-07-21T12:22:37Z,106.0,Sense
2025-07-21T12:22:42Z,99.0,Sense
2025-07-21T12:22:47Z,97.0,Sense
2025-07-21T12:22:52Z,96.0,Sense
2025-07-21T12:22:57Z,91.0,Sense
2025-07-21T12:23:02Z,98.0,Sense
2025-07-21T12:23:07Z,109.0,Sense
2025-07-21T12:23:12Z,108.0,Sense
2025-07-21T12:23:17Z,107.0,Sense
2025-07-21T12:23:27Z,106.0,Sense
2025-07-21T12:23:32Z,107.0,Sense
2025-07-21T12:23:37Z,108.0,Sense
2025-07-21T12:23:47Z,107.0,Sense
2025-07-21T12:23:52Z,106.0,Sense
2025-07-21T12:24:02Z,106.0,Sense
2025-07-21T12:24:12Z,119.0,Sense
2025-07-21T12:24:17Z,126.0,Sense
2025-07-21T12:24:22Z,128.0,Sense
2025-07-21T12:24:27Z,127.0,Sense
2025-07-21T12:24:32Z,126.0,Sense
2025-07-21T12:24:37Z,124.0,Sense
2025-07-21T12:24:52Z,119.0,Sense
2025-07-21T12:24:57Z,115.0,Sense
2025-07-21T12:25:02Z,133.0,Sense
2025-07-21T12:25:07Z,136.0,Sense
2025-07-21T12:25:12Z,134.0,Sense
2025-07-21T12:25:17Z,129.0,Sense
2025-07-21T12:25:22Z,125.0,Sense
2025-07-21T12:25:27Z,120.0,Sense
2025-07-21T12:25:32Z,115.0,Sense
2025-07-21T12:25:37Z,112.0,Sense
2025-07-21T12:25:42Z,115.0,Sense
2025-07-21T12:25:47Z,119.0,Sense
2025-07-21T12:25:52Z,118.0,Sense
2025-07-21T12:25:57Z,115.0,Sense
2025-07-21T12:26:02Z,114.0,Sense
2025-07-21T12:26:07Z,116.0,Sense
2025-07-21T12:26:22Z,115.0,Sense
2025-07-21T12:26:27Z,110.0,Sense
2025-07-21T12:26:32Z,107.0,Sense
2025-07-21T12:26:37Z,103.0,Sense
2025-07-21T12:26:42Z,101.0,Sense
2025-07-21T12:26:47Z,104.0,Sense
2025-07-21T12:26:57Z,102.0,Sense
2025-07-21T12:27:07Z,103.0,Sense
2025-07-21T12:27:12Z,104.0,Sense
2025-07-21T12:27:17Z,102.0,Sense
2025-07-21T12:27:22Z,91.0,Sense
2025-07-21T12:27:27Z,83.0,Sense
2025-07-21T12:27:42Z,80.0,Sense
2025-07-21T12:27:57Z,81.0,Sense
2025-07-21T12:28:02Z,80.0,Sense
2025-07-21T12:28:07Z,77.0,Sense
2025-07-21T12:28:12Z,76.0,Sense
2025-07-21T12:28:17Z,79.0,Sense
2025-07-21T12:28:22Z,91.0,Sense
2025-07-21T12:28:27Z,90.0,Sense
2025-07-21T12:28:32Z,86.0,Sense
2025-07-21T12:28:37Z,87.0,Sense
2025-07-21T12:28:42Z,99.0,Sense
2025-07-21T12:28:47Z,95.0,Sense
2025-07-21T12:28:52Z,94.0,Sense
2025-07-21T12:29:02Z,95.0,Sense
2025-07-21T12:29:07Z,96.0,Sense
2025-07-21T12:29:17Z,97.0,Sense
2025-07-21T12:29:22Z,98.0,Sense
2025-07-21T12:29:37Z,97.0,Sense
2025-07-21T12:29:47Z,98.0,Sense
2025-07-21T12:29:52Z,100.0,Sense
2025-07-21T12:30:02Z,99.0,Sense
2025-07-21T12:30:07Z,95.0,Sense
2025-07-21T12:30:12Z,93.0,Sense
2025-07-21T12:30:17Z,93.0,Sense
2025-07-21T12:30:22Z,94.0,Sense
2025-07-21T12:30:27Z,105.0,Sense
2025-07-21T12:30:32Z,111.0,Sense
2025-07-21T12:30:42Z,110.0,Sense
2025-07-21T12:30:47Z,108.0,Sense
2025-07-21T12:30:52Z,106.0,Sense
2025-07-21T12:30:57Z,105.0,Sense
2025-07-21T12:31:02Z,104.0,Sense
2025-07-21T12:31:12Z,105.0,Sense
2025-07-21T12:31:17Z,101.0,Sense
2025-07-21T12:31:22Z,90.0,Sense
2025-07-21T12:31:27Z,101.0,Sense
2025-07-21T12:31:32Z,104.0,Sense
2025-07-21T12:31:37Z,102.0,Sense
2025-07-21T12:31:42Z,99.0,Sense
2025-07-21T12:31:47Z,100.0,Sense
2025-07-21T12:31:52Z,99.0,Sense
2025-07-21T12:32:02Z,98.0,Sense
2025-07-21T12:32:07Z,99.0,Sense
2025-07-21T12:32:17Z,98.0,Sense
2025-07-21T12:32:27Z,99.0,Sense
2025-07-21T12:32:32Z,98.0,Sense
2025-07-21T12:32:37Z,96.0,Sense
2025-07-21T12:32:42Z,96.0,Sense
2025-07-21T12:32:52Z,101.0,Sense
2025-07-21T12:32:57Z,106.0,Sense
2025-07-21T12:33:02Z,105.0,Sense
2025-07-21T12:33:17Z,104.0,Sense
2025-07-21T12:33:22Z,101.0,Sense
2025-07-21T12:33:27Z,99.0,Sense
2025-07-21T12:33:32Z,101.0,Sense
2025-07-21T12:33:42Z,99.0,Sense
2025-07-21T12:33:57Z,99.0,Sense
2025-07-21T12:34:02Z,98.0,Sense
2025-07-21T12:34:07Z,100.0,Sense
2025-07-21T12:34:12Z,102.0,Sense
2025-07-21T12:34:17Z,101.0,Sense
2025-07-21T12:34:22Z,99.0,Sense
2025-07-21T12:34:27Z,98.0,Sense
2025-07-21T12:34:42Z,99.0,Sense
2025-07-21T12:34:47Z,103.0,Sense
2025-07-21T12:34:52Z,109.0,Sense
2025-07-21T12:35:02Z,110.0,Sense
2025-07-21T12:35:07Z,109.0,Sense
2025-07-21T12:35:12Z,105.0,Sense
2025-07-21T12:35:22Z,107.0,Sense
2025-07-21T12:35:27Z,106.0,Sense
2025-07-21T12:35:32Z,98.0,Sense
2025-07-21T12:35:37Z,91.0,Sense
2025-07-21T12:35:42Z,93.0,Sense
2025-07-21T12:35:47Z,93.0,Sense
2025-07-21T12:35:52Z,94.0,Sense
2025-07-21T12:35:57Z,95.0,Sense
2025-07-21T12:36:02Z,96.0,Sense
2025-07-21T12:36:07Z,98.0,Sense
2025-07-21T12:36:12Z,99.0,Sense
2025-07-21T12:36:17Z,108.0,Sense
2025-07-21T12:36:22Z,107.0,Sense
2025-07-21T12:36:27Z,95.0,Sense
2025-07-21T12:36:32Z,99.0,Sense
2025-07-21T12:36:37Z,106.0,Sense
2025-07-21T12:36:42Z,102.0,Sense
2025-07-21T12:36:52Z,101.0,Sense
2025-07-21T12:36:57Z,102.0,Sense
2025-07-21T12:37:02Z,101.0,Sense
2025-07-21T12:37:07Z,100.0,Sense
2025-07-21T12:37:12Z,98.0,Sense
2025-07-21T12:37:17Z,97.0,Sense
2025-07-21T12:37:22Z,95.0,Sense
2025-07-21T12:37:27Z,94.0,Sense
2025-07-21T12:37:32Z,95.0,Sense
2025-07-21T12:37:42Z,98.0,Sense
2025-07-21T12:37:47Z,105.0,Sense
2025-07-21T12:37:52Z,106.0,Sense
2025-07-21T12:37:57Z,107.0,Sense
2025-07-21T12:38:02Z,106.0,Sense
2025-07-21T12:38:12Z,105.0,Sense
2025-07-21T12:38:17Z,102.0,Sense
2025-07-21T12:38:22Z,100.0,Sense
2025-07-21T12:38:32Z,98.0,Sense
2025-07-21T12:38:42Z,119.0,Sense
2025-07-21T12:38:47Z,140.0,Sense
2025-07-21T12:38:52Z,139.0,Sense
2025-07-21T12:38:57Z,138.0,Sense
2025-07-21T12:39:02Z,135.0,Sense
2025-07-21T12:39:07Z,134.0,Sense
2025-07-21T12:39:12Z,133.0,Sense
2025-07-21T12:39:17Z,132.0,Sense
2025-07-21T12:39:22Z,130.0,Sense
2025-07-21T12:39:27Z,128.0,Sense
2025-07-21T12:39:32Z,122.0,Sense
2025-07-21T12:39:37Z,119.0,Sense
2025-07-21T12:39:47Z,121.0,Sense
2025-07-21T12:39:52Z,122.0,Sense
2025-07-21T12:39:57Z,117.0,Sense
2025-07-21T12:40:12Z,116.0,Sense
2025-07-21T12:40:17Z,111.0,Sense
2025-07-21T12:40:22Z,110.0,Sense
2025-07-21T12:40:27Z,109.0,Sense
2025-07-21T12:40:32Z,104.0,Sense
2025-07-21T12:40:37Z,97.0,Sense
2025-07-21T12:40:42Z,92.0,Sense
2025-07-21T12:40:47Z,89.0,Sense
2025-07-21T12:40:52Z,88.0,Sense
2025-07-21T12:40:57Z,93.0,Sense
2025-07-21T12:41:02Z,97.0,Sense
2025-07-21T12:41:07Z,96.0,Sense
2025-07-21T12:41:12Z,98.0,Sense
2025-07-21T12:41:17Z,100.0,Sense
2025-07-21T12:41:22Z,105.0,Sense
2025-07-21T12:41:27Z,107.0,Sense
2025-07-21T12:41:32Z,114.0,Sense
2025-07-21T12:41:37Z,135.0,Sense
2025-07-21T12:41:42Z,133.0,Sense
2025-07-21T12:41:47Z,129.0,Sense
2025-07-21T12:41:52Z,128.0,Sense
2025-07-21T12:41:57Z,129.0,Sense
2025-07-21T12:42:07Z,128.0,Sense
2025-07-21T12:42:12Z,127.0,Sense
2025-07-21T12:42:17Z,123.0,Sense
2025-07-21T12:42:22Z,122.0,Sense
2025-07-21T12:42:27Z,125.0,Sense
2025-07-21T12:42:32Z,128.0,Sense
2025-07-21T12:42:37Z,127.0,Sense
2025-07-21T12:42:42Z,126.0,Sense
2025-07-21T12:42:52Z,124.0,Sense
2025-07-21T12:42:57Z,127.0,Sense
2025-07-21T12:43:02Z,123.0,Sense
2025-07-21T12:43:07Z,121.0,Sense
2025-07-21T12:43:12Z,114.0,Sense
2025-07-21T12:43:17Z,113.0,Sense
2025-07-21T12:43:22Z,112.0,Sense
2025-07-21T12:43:27Z,111.0,Sense
2025-07-21T12:43:32Z,135.0,Sense
2025-07-21T12:43:37Z,137.0,Sense
2025-07-21T12:43:42Z,135.0,Sense
2025-07-21T12:43:47Z,133.0,Sense
2025-07-21T12:43:52Z,130.0,Sense
2025-07-21T12:43:57Z,129.0,Sense
2025-07-21T12:44:02Z,122.0,Sense
2025-07-21T12:44:07Z,113.0,Sense
2025-07-21T12:44:12Z,114.0,Sense
2025-07-21T12:44:17Z,113.0,Sense
2025-07-21T12:44:22Z,112.0,Sense
2025-07-21T12:44:27Z,126.0,Sense
2025-07-21T12:44:32Z,150.0,Sense
2025-07-21T12:44:37Z,149.0,Sense
2025-07-21T12:44:42Z,148.0,Sense
2025-07-21T12:44:47Z,145.0,Sense
2025-07-21T12:44:52Z,143.0,Sense
2025-07-21T12:44:57Z,140.0,Sense
2025-07-21T12:45:02Z,135.0,Sense
2025-07-21T12:45:07Z,133.0,Sense
2025-07-21T12:45:12Z,130.0,Sense
2025-07-21T12:45:17Z,131.0,Sense
2025-07-21T12:45:22Z,133.0,Sense
2025-07-21T12:45:27Z,135.0,Sense
2025-07-21T12:45:32Z,133.0,Sense
2025-07-21T12:45:37Z,128.0,Sense
2025-07-21T12:45:42Z,127.0,Sense
2025-07-21T12:45:47Z,126.0,Sense
2025-07-21T12:45:52Z,124.0,Sense
2025-07-21T12:45:57Z,129.0,Sense
2025-07-21T12:46:02Z,142.0,Sense
2025-07-21T12:46:17Z,141.0,Sense
2025-07-21T12:46:22Z,140.0,Sense
2025-07-21T12:46:27Z,137.0,Sense
2025-07-21T12:46:32Z,135.0,Sense
2025-07-21T12:46:37Z,130.0,Sense
2025-07-21T12:46:42Z,131.0,Sense
2025-07-21T12:46:47Z,133.0,Sense
2025-07-21T12:46:52Z,135.0,Sense
2025-07-21T12:46:57Z,138.0,Sense
2025-07-21T12:47:02Z,144.0,Sense
2025-07-21T12:47:07Z,140.0,Sense
2025-07-21T12:47:12Z,138.0,Sense
2025-07-21T12:47:17Z,136.0,Sense
2025-07-21T12:47:22Z,130.0,Sense
2025-07-21T12:47:27Z,123.0,Sense
2025-07-21T12:47:32Z,122.0,Sense
2025-07-21T12:47:42Z,121.0,Sense
2025-07-21T12:47:52Z,120.0,Sense
2025-07-21T12:47:57Z,121.0,Sense
2025-07-21T12:48:02Z,125.0,Sense
2025-07-21T12:48:07Z,123.0,Sense
2025-07-21T12:48:17Z,124.0,Sense
2025-07-21T12:48:27Z,131.0,Sense
2025-07-21T12:48:32Z,147.0,Sense
2025-07-21T12:48:37Z,148.0,Sense
2025-07-21T12:48:42Z,147.0,Sense
2025-07-21T12:48:47Z,146.0,Sense
2025-07-21T12:48:52Z,149.0,Sense
2025-07-21T12:49:02Z,147.0,Sense
2025-07-21T12:49:07Z,139.0,Sense
2025-07-21T12:49:12Z,132.0,Sense
2025-07-21T12:49:17Z,131.0,Sense
2025-07-21T12:49:22Z,133.0,Sense
2025-07-21T12:49:37Z,135.0,Sense
2025-07-21T12:49:42Z,135.0,Sense
2025-07-21T12:49:47Z,138.0,Sense
2025-07-21T12:49:52Z,133.0,Sense
2025-07-21T12:49:57Z,130.0,Sense
2025-07-21T12:50:02Z,128.0,Sense
2025-07-21T12:50:07Z,149.0,Sense
2025-07-21T12:50:12Z,147.0,Sense
2025-07-21T12:50:17Z,145.0,Sense
2025-07-21T12:50:22Z,143.0,Sense
2025-07-21T12:50:27Z,141.0,Sense
2025-07-21T12:50:32Z,136.0,Sense
2025-07-21T12:50:37Z,129.0,Sense
2025-07-21T12:50:42Z,128.0,Sense
2025-07-21T12:50:57Z,122.0,Sense
2025-07-21T12:51:02Z,117.0,Sense
2025-07-21T12:51:12Z,118.0,Sense
2025-07-21T12:51:22Z,110.0,Sense
2025-07-21T12:51:27Z,105.0,Sense
2025-07-21T12:51:42Z,107.0,Sense
2025-07-21T12:51:47Z,108.0,Sense
2025-07-21T12:51:52Z,106.0,Sense
2025-07-21T12:51:57Z,104.0,Sense
2025-07-21T12:52:02Z,101.0,Sense
2025-07-21T12:52:07Z,100.0,Sense
2025-07-21T12:52:12Z,102.0,Sense
2025-07-21T12:52:17Z,104.0,Sense
2025-07-21T12:52:22Z,105.0,Sense
2025-07-21T12:52:27Z,102.0,Sense
2025-07-21T12:52:32Z,96.0,Sense
2025-07-21T12:52:37Z,95.0,Sense
2025-07-21T12:52:42Z,96.0,Sense
2025-07-21T12:52:47Z,97.0,Sense
2025-07-21T12:52:52Z,91.0,Sense
2025-07-21T12:52:57Z,82.0,Sense
2025-07-21T12:53:02Z,81.0,Sense
2025-07-21T12:53:07Z,82.0,Sense
2025-07-21T12:53:12Z,78.0,Sense
2025-07-21T12:53:17Z,76.0,Sense
2025-07-21T12:53:27Z,87.0,Sense
2025-07-21T12:53:32Z,107.0,Sense
2025-07-21T12:53:37Z,104.0,Sense
2025-07-21T12:53:42Z,103.0,Sense
2025-07-21T12:53:47Z,102.0,Sense
2025-07-21T12:53:57Z,98.0,Sense
2025-07-21T12:54:02Z,114.0,Sense
2025-07-21T12:54:07Z,122.0,Sense
2025-07-21T12:54:12Z,126.0,Sense
2025-07-21T12:54:22Z,124.0,Sense
2025-07-21T12:54:27Z,129.0,Sense
2025-07-21T12:54:32Z,129.0,Sense
2025-07-21T12:54:37Z,140.0,Sense
2025-07-21T12:54:42Z,149.0,Sense
2025-07-21T12:54:47Z,151.0,Sense
2025-07-21T12:54:52Z,149.0,Sense
2025-07-21T12:54:57Z,148.0,Sense
2025-07-21T12:55:02Z,147.0,Sense
2025-07-21T12:55:07Z,144.0,Sense
2025-07-21T12:55:12Z,142.0,Sense
2025-07-21T12:55:17Z,144.0,Sense
2025-07-21T12:55:22Z,143.0,Sense
2025-07-21T12:55:27Z,144.0,Sense
2025-07-21T12:55:32Z,142.0,Sense
2025-07-21T12:55:37Z,139.0,Sense
2025-07-21T12:55:47Z,127.0,Sense
2025-07-21T12:55:52Z,125.0,Sense
2025-07-21T12:56:07Z,122.0,Sense
2025-07-21T12:56:12Z,119.0,Sense
2025-07-21T12:56:17Z,115.0,Sense
2025-07-21T12:56:22Z,119.0,Sense
2025-07-21T12:56:27Z,132.0,Sense
2025-07-21T12:56:32Z,131.0,Sense
2025-07-21T12:56:37Z,130.0,Sense
2025-07-21T12:56:42Z,128.0,Sense
2025-07-21T12:56:47Z,123.0,Sense
2025-07-21T12:56:57Z,126.0,Sense
2025-07-21T12:57:02Z,131.0,Sense
2025-07-21T12:57:07Z,133.0,Sense
2025-07-21T12:57:22Z,137.0,Sense
2025-07-21T12:57:27Z,138.0,Sense
2025-07-21T12:57:37Z,135.0,Sense
2025-07-21T12:57:42Z,133.0,Sense
2025-07-21T12:57:47Z,129.0,Sense
2025-07-21T12:57:52Z,123.0,Sense
2025-07-21T12:57:57Z,119.0,Sense
2025-07-21T12:58:02Z,122.0,Sense
2025-07-21T12:58:07Z,120.0,Sense
2025-07-21T12:58:12Z,118.0,Sense
2025-07-21T12:58:17Z,116.0,Sense
2025-07-21T12:58:22Z,110.0,Sense
2025-07-21T12:58:27Z,105.0,Sense
2025-07-21T12:58:42Z,105.0,Sense
2025-07-21T12:58:47Z,106.0,Sense
2025-07-21T12:58:52Z,105.0,Sense
2025-07-21T12:58:57Z,105.0,Sense
2025-07-21T12:59:07Z,107.0,Sense
2025-07-21T12:59:12Z,106.0,Sense
2025-07-21T12:59:17Z,102.0,Sense
2025-07-21T12:59:27Z,101.0,Sense
2025-07-21T12:59:32Z,100.0,Sense
2025-07-21T12:59:37Z,116.0,Sense
2025-07-21T12:59:42Z,127.0,Sense
2025-07-21T12:59:57Z,125.0,Sense
2025-07-21T13:00:02Z,123.0,Sense
2025-07-21T13:00:07Z,114.0,Sense
2025-07-21T13:00:12Z,105.0,Sense
2025-07-21T13:00:22Z,111.0,Sense
2025-07-21T13:00:27Z,112.0,Sense
2025-07-21T13:00:32Z,113.0,Sense
2025-07-21T13:00:37Z,115.0,Sense
2025-07-21T13:00:42Z,117.0,Sense
2025-07-21T13:00:47Z,118.0,Sense
2025-07-21T13:01:02Z,117.0,Sense
2025-07-21T13:01:12Z,111.0,Sense
2025-07-21T13:01:17Z,110.0,Sense
2025-07-21T13:01:22Z,103.0,Sense
2025-07-21T13:01:27Z,101.0,Sense
2025-07-21T13:01:37Z,112.0,Sense
2025-07-21T13:01:42Z,115.0,Sense
2025-07-21T13:01:47Z,113.0,Sense
2025-07-21T13:01:52Z,111.0,Sense
2025-07-21T13:01:57Z,112.0,Sense
2025-07-21T13:02:02Z,116.0,Sense
2025-07-21T13:02:07Z,119.0,Sense
2025-07-21T13:02:12Z,120.0,Sense
2025-07-21T13:02:17Z,115.0,Sense
2025-07-21T13:02:22Z,112.0,Sense
2025-07-21T13:02:32Z,110.0,Sense
2025-07-21T13:02:37Z,105.0,Sense
2025-07-21T13:02:42Z,103.0,Sense
2025-07-21T13:02:47Z,102.0,Sense
2025-07-21T13:02:52Z,88.0,Sense
2025-07-21T13:02:57Z,82.0,Sense
2025-07-21T13:03:02Z,80.0,Sense
2025-07-21T13:03:07Z,76.0,Sense
2025-07-21T13:03:12Z,78.0,Sense
2025-07-21T13:03:17Z,81.0,Sense
2025-07-21T13:03:27Z,80.0,Sense
2025-07-21T13:03:32Z,85.0,Sense
2025-07-21T13:03:37Z,86.0,Sense
2025-07-21T13:03:47Z,87.0,Sense
2025-07-21T13:03:52Z,87.0,Sense
2025-07-21T13:04:02Z,88.0,Sense
2025-07-21T13:04:17Z,89.0,Sense
2025-07-21T13:04:22Z,89.0,Sense
2025-07-21T13:04:27Z,90.0,Sense
2025-07-21T13:04:32Z,91.0,Sense
2025-07-21T13:04:37Z,93.0,Sense
2025-07-21T13:04:42Z,94.0,Sense
2025-07-21T13:04:47Z,95.0,Sense
2025-07-21T13:04:52Z,96.0,Sense
2025-07-21T13:04:57Z,97.0,Sense
2025-07-21T13:05:02Z,98.0,Sense
2025-07-21T13:05:07Z,99.0,Sense
2025-07-21T13:05:12Z,98.0,Sense
2025-07-21T13:05:17Z,97.0,Sense
2025-07-21T13:05:22Z,98.0,Sense
2025-07-21T13:05:27Z,99.0,Sense
2025-07-21T13:05:32Z,101.0,Sense
2025-07-21T13:05:37Z,102.0,Sense
2025-07-21T13:05:42Z,103.0,Sense
2025-07-21T13:05:52Z,102.0,Sense
2025-07-21T13:06:02Z,103.0,Sense
2025-07-21T13:06:07Z,102.0,Sense
2025-07-21T13:06:22Z,101.0,Sense
2025-07-21T13:06:32Z,100.0,Sense
2025-07-21T13:06:37Z,99.0,Sense
2025-07-21T13:06:42Z,98.0,Sense
2025-07-21T13:06:47Z,97.0,Sense
2025-07-21T13:06:57Z,98.0,Sense
2025-07-21T13:07:07Z,99.0,Sense
2025-07-21T13:07:12Z,98.0,Sense
2025-07-21T13:07:17Z,98.0,Sense
2025-07-21T13:07:32Z,99.0,Sense
2025-07-21T13:07:47Z,99.0,Sense
2025-07-21T13:07:57Z,100.0,Sense
2025-07-21T13:08:02Z,99.0,Sense
2025-07-21T13:08:07Z,98.0,Sense
2025-07-21T13:08:12Z,100.0,Sense
2025-07-21T13:08:17Z,119.0,Sense
2025-07-21T13:08:22Z,120.0,Sense
2025-07-21T13:08:27Z,118.0,Sense
2025-07-21T13:08:32Z,116.0,Sense
2025-07-21T13:08:42Z,121.0,Sense
2025-07-21T13:08:52Z,117.0,Sense
2025-07-21T13:08:57Z,114.0,Sense
2025-07-21T13:09:02Z,107.0,Sense
2025-07-21T13:09:07Z,101.0,Sense
2025-07-21T13:09:17Z,102.0,Sense
2025-07-21T13:09:22Z,100.0,Sense
2025-07-21T13:09:27Z,101.0,Sense
2025-07-21T13:09:32Z,103.0,Sense
2025-07-21T13:09:37Z,107.0,Sense
2025-07-21T13:09:42Z,107.0,Sense
2025-07-21T13:09:47Z,100.0,Sense
2025-07-21T13:09:52Z,98.0,Sense
2025-07-21T13:10:02Z,96.0,Sense
2025-07-21T13:10:07Z,97.0,Sense
2025-07-21T13:10:12Z,98.0,Sense
2025-07-21T13:10:17Z,96.0,Sense
2025-07-21T13:10:22Z,100.0,Sense
2025-07-21T13:10:27Z,115.0,Sense
2025-07-21T13:10:32Z,118.0,Sense
2025-07-21T13:10:37Z,117.0,Sense
2025-07-21T13:10:42Z,115.0,Sense
2025-07-21T13:10:47Z,113.0,Sense
2025-07-21T13:10:52Z,114.0,Sense
2025-07-21T13:10:57Z,126.0,Sense
2025-07-21T13:11:02Z,128.0,Sense
2025-07-21T13:11:07Z,126.0,Sense
2025-07-21T13:11:12Z,124.0,Sense
2025-07-21T13:11:17Z,123.0,Sense
2025-07-21T13:11:22Z,117.0,Sense
2025-07-21T13:11:27Z,129.0,Sense
2025-07-21T13:11:32Z,138.0,Sense
2025-07-21T13:11:37Z,139.0,Sense
2025-07-21T13:11:42Z,137.0,Sense
2025-07-21T13:11:47Z,136.0,Sense
2025-07-21T13:11:52Z,136.0,Sense
2025-07-21T13:11:57Z,139.0,Sense
2025-07-21T13:12:02Z,138.0,Sense
2025-07-21T13:12:07Z,135.0,Sense
2025-07-21T13:12:12Z,134.0,Sense
2025-07-21T13:12:22Z,133.0,Sense
2025-07-21T13:12:27Z,130.0,Sense
2025-07-21T13:12:37Z,131.0,Sense
2025-07-21T13:12:42Z,133.0,Sense
2025-07-21T13:12:47Z,132.0,Sense
2025-07-21T13:12:52Z,134.0,Sense
2025-07-21T13:12:57Z,131.0,Sense
2025-07-21T13:13:02Z,127.0,Sense
2025-07-21T13:13:07Z,132.0,Sense
2025-07-21T13:13:12Z,130.0,Sense
2025-07-21T13:13:27Z,128.0,Sense
2025-07-21T13:13:32Z,124.0,Sense
2025-07-21T13:13:37Z,122.0,Sense
2025-07-21T13:13:42Z,123.0,Sense
2025-07-21T13:13:47Z,122.0,Sense
2025-07-21T13:13:52Z,121.0,Sense
2025-07-21T13:14:02Z,118.0,Sense
2025-07-21T13:14:07Z,111.0,Sense
2025-07-21T13:14:12Z,109.0,Sense
2025-07-21T13:14:17Z,112.0,Sense
2025-07-21T13:14:22Z,108.0,Sense
2025-07-21T13:14:27Z,104.0,Sense
2025-07-21T13:14:32Z,102.0,Sense
2025-07-21T13:14:37Z,100.0,Sense
2025-07-21T13:14:42Z,86.0,Sense
2025-07-21T13:14:47Z,79.0,Sense
2025-07-21T13:14:52Z,80.0,Sense
2025-07-21T13:14:57Z,82.0,Sense
2025-07-21T13:15:02Z,87.0,Sense
2025-07-21T13:15:07Z,90.0,Sense
2025-07-21T13:15:12Z,93.0,Sense
2025-07-21T13:15:17Z,94.0,Sense
2025-07-21T13:15:22Z,95.0,Sense
2025-07-21T13:15:27Z,98.0,Sense
2025-07-21T13:15:37Z,94.0,Sense
2025-07-21T13:15:52Z,92.0,Sense
2025-07-21T13:15:57Z,91.0,Sense
2025-07-21T13:16:07Z,92.0,Sense
2025-07-21T13:16:12Z,93.0,Sense
2025-07-21T13:16:17Z,94.0,Sense
2025-07-21T13:16:22Z,94.0,Sense
2025-07-21T13:16:32Z,95.0,Sense
2025-07-21T13:16:47Z,94.0,Sense
2025-07-21T13:16:52Z,93.0,Sense
2025-07-21T13:16:57Z,94.0,Sense
2025-07-21T13:17:02Z,94.0,Sense
2025-07-21T13:17:07Z,96.0,Sense
2025-07-21T13:17:12Z,98.0,Sense
2025-07-21T13:17:17Z,106.0,Sense
2025-07-21T13:17:22Z,105.0,Sense
2025-07-21T13:17:27Z,104.0,Sense
2025-07-21T13:17:37Z,101.0,Sense
2025-07-21T13:17:42Z,100.0,Sense
2025-07-21T13:17:47Z,102.0,Sense
2025-07-21T13:17:52Z,104.0,Sense
2025-07-21T13:17:57Z,103.0,Sense
2025-07-21T13:18:02Z,102.0,Sense
2025-07-21T13:18:07Z,103.0,Sense
2025-07-21T13:18:12Z,104.0,Sense
2025-07-21T13:18:17Z,103.0,Sense
2025-07-21T13:18:22Z,102.0,Sense
2025-07-21T13:18:27Z,100.0,Sense
2025-07-21T13:18:32Z,101.0,Sense
2025-07-21T13:18:37Z,99.0,Sense
2025-07-21T13:18:47Z,100.0,Sense
2025-07-21T13:18:52Z,99.0,Sense
2025-07-21T13:19:07Z,99.0,Sense
2025-07-21T13:19:22Z,100.0,Sense
2025-07-21T13:19:37Z,99.0,Sense
2025-07-21T13:19:42Z,99.0,Sense
2025-07-21T13:19:47Z,97.0,Sense
2025-07-21T13:19:52Z,98.0,Sense
2025-07-21T13:20:02Z,100.0,Sense
2025-07-21T13:20:07Z,99.0,Sense
2025-07-21T13:20:12Z,98.0,Sense
2025-07-21T13:20:17Z,97.0,Sense
2025-07-21T13:20:27Z,98.0,Sense
2025-07-21T13:20:32Z,96.0,Sense
2025-07-21T13:20:37Z,97.0,Sense
2025-07-21T13:20:42Z,99.0,Sense
2025-07-21T13:20:52Z,98.0,Sense
2025-07-21T13:21:02Z,98.0,Sense
2025-07-21T13:21:07Z,99.0,Sense
2025-07-21T13:21:12Z,98.0,Sense
2025-07-21T13:21:22Z,96.0,Sense
2025-07-21T13:21:27Z,94.0,Sense
2025-07-21T13:21:32Z,95.0,Sense
2025-07-21T13:21:47Z,96.0,Sense
2025-07-21T13:21:52Z,96.0,Sense
2025-07-21T13:21:57Z,97.0,Sense
2025-07-21T13:22:02Z,98.0,Sense
2025-07-21T13:22:12Z,97.0,Sense
2025-07-21T13:22:17Z,96.0,Sense
2025-07-21T13:22:27Z,97.0,Sense
2025-07-21T13:22:42Z,104.0,Sense
2025-07-21T13:22:47Z,111.0,Sense
2025-07-21T13:22:52Z,110.0,Sense
2025-07-21T13:22:57Z,107.0,Sense
2025-07-21T13:23:02Z,105.0,Sense
2025-07-21T13:23:07Z,103.0,Sense
2025-07-21T13:23:12Z,100.0,Sense
2025-07-21T13:23:17Z,101.0,Sense
2025-07-21T13:23:22Z,102.0,Sense
2025-07-21T13:23:27Z,103.0,Sense
2025-07-21T13:23:37Z,99.0,Sense
2025-07-21T13:23:42Z,93.0,Sense
2025-07-21T13:23:57Z,92.0,Sense
2025-07-21T13:24:02Z,93.0,Sense
2025-07-21T13:24:07Z,94.0,Sense
2025-07-21T13:24:17Z,93.0,Sense
2025-07-21T13:24:22Z,94.0,Sense
2025-07-21T13:24:27Z,95.0,Sense
2025-07-21T13:24:42Z,94.0,Sense
2025-07-21T13:24:47Z,95.0,Sense
2025-07-21T13:24:52Z,96.0,Sense
2025-07-21T13:25:02Z,90.0,Sense
2025-07-21T13:25:07Z,88.0,Sense
2025-07-21T13:25:17Z,89.0,Sense
2025-07-21T13:25:27Z,90.0,Sense
2025-07-21T13:25:42Z,90.0,Sense
2025-07-21T13:25:52Z,91.0,Sense
2025-07-21T13:25:57Z,92.0,Sense
2025-07-21T13:26:02Z,93.0,Sense
2025-07-21T13:26:07Z,95.0,Sense
2025-07-21T13:26:12Z,96.0,Sense
2025-07-21T13:26:17Z,97.0,Sense
2025-07-21T13:26:22Z,98.0,Sense
2025-07-21T13:26:37Z,98.0,Sense
2025-07-21T13:26:52Z,99.0,Sense
2025-07-21T13:26:57Z,100.0,Sense
2025-07-21T13:27:07Z,101.0,Sense
2025-07-21T13:27:22Z,101.0,Sense
2025-07-21T13:27:27Z,102.0,Sense
2025-07-21T13:27:32Z,103.0,Sense
2025-07-21T13:27:42Z,104.0,Sense
2025-07-21T13:27:57Z,104.0,Sense
2025-07-21T13:28:07Z,103.0,Sense
2025-07-21T13:28:17Z,105.0,Sense
2025-07-21T13:28:22Z,104.0,Sense
2025-07-21T13:28:32Z,105.0,Sense
2025-07-21T13:28:37Z,102.0,Sense
2025-07-21T13:28:42Z,100.0,Sense
2025-07-21T13:28:52Z,101.0,Sense
2025-07-21T13:29:02Z,100.0,Sense
2025-07-21T13:29:12Z,101.0,Sense
2025-07-21T13:29:17Z,100.0,Sense
2025-07-21T13:29:22Z,99.0,Sense
2025-07-21T13:29:27Z,98.0,Sense
2025-07-21T13:29:32Z,97.0,Sense
2025-07-21T13:29:37Z,98.0,Sense
2025-07-21T13:29:42Z,99.0,Sense
2025-07-21T13:29:52Z,100.0,Sense
2025-07-21T13:29:57Z,100.0,Sense
2025-07-21T13:30:02Z,99.0,Sense
2025-07-21T13:30:07Z,97.0,Sense
2025-07-21T13:30:17Z,96.0,Sense
2025-07-21T13:30:22Z,93.0,Sense
2025-07-21T13:30:27Z,90.0,Sense
2025-07-21T13:30:42Z,90.0,Sense
2025-07-21T13:30:47Z,91.0,Sense
2025-07-21T13:30:52Z,91.0,Sense
2025-07-21T13:31:02Z,100.0,Sense
2025-07-21T13:31:07Z,103.0,Sense
2025-07-21T13:31:17Z,102.0,Sense
2025-07-21T13:31:27Z,107.0,Sense
2025-07-21T13:31:32Z,109.0,Sense
2025-07-21T13:31:42Z,110.0,Sense
2025-07-21T13:31:47Z,111.0,Sense
2025-07-21T13:31:52Z,110.0,Sense
2025-07-21T13:31:57Z,109.0,Sense
2025-07-21T13:32:07Z,110.0,Sense
2025-07-21T13:32:12Z,109.0,Sense
2025-07-21T13:32:17Z,108.0,Sense
2025-07-21T13:32:22Z,106.0,Sense
2025-07-21T13:32:27Z,104.0,Sense
2025-07-21T13:32:32Z,103.0,Sense
2025-07-21T13:32:37Z,102.0,Sense
2025-07-21T13:32:42Z,101.0,Sense
2025-07-21T13:32:47Z,101.0,Sense
2025-07-21T13:32:57Z,102.0,Sense
2025-07-21T13:33:02Z,101.0,Sense
2025-07-21T13:33:07Z,100.0,Sense
2025-07-21T13:33:22Z,100.0,Sense
2025-07-21T13:33:27Z,99.0,Sense
2025-07-21T13:33:32Z,100.0,Sense
2025-07-21T13:33:37Z,98.0,Sense
2025-07-21T13:33:42Z,97.0,Sense
2025-07-21T13:33:47Z,96.0,Sense
2025-07-21T13:33:57Z,95.0,Sense
2025-07-21T13:34:12Z,97.0,Sense
2025-07-21T13:34:17Z,98.0,Sense
2025-07-21T13:34:27Z,97.0,Sense
2025-07-21T13:34:37Z,98.0,Sense
2025-07-21T13:34:42Z,99.0,Sense
2025-07-21T13:34:47Z,100.0,Sense
2025-07-21T13:34:52Z,101.0,Sense
2025-07-21T13:35:02Z,103.0,Sense
2025-07-21T13:35:17Z,104.0,Sense
2025-07-21T13:35:22Z,103.0,Sense
2025-07-21T13:35:27Z,104.0,Sense
2025-07-21T13:35:32Z,102.0,Sense
2025-07-21T13:35:37Z,101.0,Sense
2025-07-21T13:35:47Z,99.0,Sense
2025-07-21T13:35:52Z,100.0,Sense
2025-07-21T13:35:57Z,101.0,Sense
2025-07-21T13:36:02Z,101.0,Sense
2025-07-21T13:36:17Z,102.0,Sense
2025-07-21T13:36:27Z,103.0,Sense
2025-07-21T13:36:32Z,104.0,Sense
2025-07-21T13:36:37Z,103.0,Sense
2025-07-21T13:36:47Z,102.0,Sense
2025-07-21T13:36:52Z,101.0,Sense
2025-07-21T13:36:57Z,100.0,Sense
2025-07-21T13:37:07Z,101.0,Sense
2025-07-21T13:37:12Z,102.0,Sense
2025-07-21T13:37:22Z,100.0,Sense
2025-07-21T13:37:32Z,101.0,Sense
2025-07-21T13:37:37Z,100.0,Sense
2025-07-21T13:37:42Z,101.0,Sense
2025-07-21T13:37:47Z,100.0,Sense
2025-07-21T13:37:52Z,99.0,Sense
2025-07-21T13:37:57Z,98.0,Sense
2025-07-21T13:38:02Z,99.0,Sense
2025-07-21T13:38:07Z,100.0,Sense
2025-07-21T13:38:12Z,99.0,Sense
2025-07-21T13:38:22Z,100.0,Sense
2025-07-21T13:38:27Z,98.0,Sense
2025-07-21T13:38:42Z,97.0,Sense
2025-07-21T13:38:47Z,102.0,Sense
2025-07-21T13:38:52Z,104.0,Sense
2025-07-21T13:38:57Z,106.0,Sense
2025-07-21T13:39:02Z,110.0,Sense
2025-07-21T13:39:07Z,107.0,Sense
2025-07-21T13:39:12Z,104.0,Sense
2025-07-21T13:39:17Z,102.0,Sense
2025-07-21T13:39:22Z,104.0,Sense
2025-07-21T13:39:27Z,103.0,Sense
2025-07-21T13:39:32Z,102.0,Sense
2025-07-21T13:39:47Z,99.0,Sense
2025-07-21T13:39:52Z,105.0,Sense
2025-07-21T13:39:57Z,106.0,Sense
2025-07-21T13:40:02Z,107.0,Sense
2025-07-21T13:40:07Z,111.0,Sense
2025-07-21T13:40:12Z,110.0,Sense
2025-07-21T13:40:17Z,111.0,Sense
2025-07-21T13:40:27Z,109.0,Sense
2025-07-21T13:40:32Z,108.0,Sense
2025-07-21T13:40:37Z,107.0,Sense
2025-07-21T13:40:42Z,106.0,Sense
2025-07-21T13:40:47Z,94.0,Sense
2025-07-21T13:40:52Z,92.0,Sense
2025-07-21T13:40:57Z,91.0,Sense
2025-07-21T13:41:12Z,91.0,Sense
2025-07-21T13:41:17Z,95.0,Sense
2025-07-21T13:41:22Z,99.0,Sense
2025-07-21T13:41:27Z,98.0,Sense
2025-07-21T13:41:42Z,98.0,Sense
2025-07-21T13:41:52Z,98.0,Sense
2025-07-21T13:41:57Z,98.0,Sense
2025-07-21T13:42:07Z,99.0,Sense
2025-07-21T13:42:12Z,97.0,Sense
2025-07-21T13:42:17Z,96.0,Sense
2025-07-21T13:42:32Z,96.0,Sense
2025-07-21T13:42:37Z,96.0,Sense
2025-07-21T13:42:42Z,95.0,Sense
2025-07-21T13:42:57Z,95.0,Sense
2025-07-21T13:43:02Z,94.0,Sense
2025-07-21T13:43:12Z,95.0,Sense
2025-07-21T13:43:17Z,98.0,Sense
2025-07-21T13:43:22Z,101.0,Sense
2025-07-21T13:43:27Z,106.0,Sense
2025-07-21T13:43:32Z,107.0,Sense
2025-07-21T13:43:37Z,109.0,Sense
2025-07-21T13:43:42Z,110.0,Sense
2025-07-21T13:43:47Z,109.0,Sense
2025-07-21T13:43:52Z,108.0,Sense
2025-07-21T13:43:57Z,105.0,Sense
2025-07-21T13:44:02Z,104.0,Sense
2025-07-21T13:44:07Z,103.0,Sense
2025-07-21T13:44:17Z,105.0,Sense
2025-07-21T13:44:22Z,109.0,Sense
2025-07-21T13:44:27Z,110.0,Sense
2025-07-21T13:44:37Z,112.0,Sense
2025-07-21T13:44:52Z,111.0,Sense
2025-07-21T13:44:57Z,107.0,Sense
2025-07-21T13:45:02Z,103.0,Sense
2025-07-21T13:45:17Z,103.0,Sense
2025-07-21T13:45:27Z,102.0,Sense
2025-07-21T13:45:42Z,101.0,Sense
2025-07-21T13:45:52Z,98.0,Sense
2025-07-21T13:45:57Z,92.0,Sense
2025-07-21T13:46:07Z,93.0,Sense
2025-07-21T13:46:17Z,94.0,Sense
2025-07-21T13:46:22Z,94.0,Sense
2025-07-21T13:46:37Z,94.0,Sense
2025-07-21T13:46:52Z,94.0,Sense
2025-07-21T13:46:57Z,93.0,Sense
2025-07-21T13:47:02Z,95.0,Sense
2025-07-21T13:47:07Z,97.0,Sense
2025-07-21T13:47:17Z,98.0,Sense
2025-07-21T13:47:27Z,99.0,Sense
2025-07-21T13:47:42Z,99.0,Sense
2025-07-21T13:47:47Z,102.0,Sense
2025-07-21T13:47:52Z,104.0,Sense
2025-07-21T13:48:07Z,105.0,Sense
2025-07-21T13:48:12Z,92.0,Sense
2025-07-21T13:48:17Z,91.0,Sense
2025-07-21T13:48:27Z,93.0,Sense
2025-07-21T13:48:32Z,94.0,Sense
2025-07-21T13:48:37Z,93.0,Sense
2025-07-21T13:48:47Z,104.0,Sense
2025-07-21T13:48:52Z,103.0,Sense
2025-07-21T13:48:57Z,106.0,Sense
2025-07-21T13:49:02Z,110.0,Sense
2025-07-21T13:49:12Z,109.0,Sense
2025-07-21T13:49:27Z,110.0,Sense
2025-07-21T13:49:32Z,111.0,Sense
2025-07-21T13:49:37Z,110.0,Sense
2025-07-21T13:49:42Z,109.0,Sense
2025-07-21T13:49:47Z,104.0,Sense
2025-07-21T13:49:52Z,105.0,Sense
2025-07-21T13:50:02Z,104.0,Sense
2025-07-21T13:50:07Z,105.0,Sense
2025-07-21T13:50:12Z,103.0,Sense
2025-07-21T13:50:17Z,101.0,Sense
2025-07-21T13:50:32Z,100.0,Sense
2025-07-21T13:50:37Z,95.0,Sense
2025-07-21T13:50:42Z,92.0,Sense
2025-07-21T13:50:57Z,92.0,Sense
2025-07-21T13:51:02Z,92.0,Sense
2025-07-21T13:51:07Z,93.0,Sense
2025-07-21T13:51:17Z,94.0,Sense
2025-07-21T13:51:22Z,95.0,Sense
2025-07-21T13:51:27Z,96.0,Sense
2025-07-21T13:51:37Z,94.0,Sense
2025-07-21T13:51:42Z,92.0,Sense
2025-07-21T13:51:52Z,93.0,Sense
2025-07-21T13:51:57Z,93.0,Sense
2025-07-21T13:52:12Z,93.0,Sense
2025-07-21T13:52:22Z,94.0,Sense
2025-07-21T13:52:32Z,95.0,Sense
2025-07-21T13:52:37Z,96.0,Sense
2025-07-21T13:52:42Z,97.0,Sense
2025-07-21T13:52:47Z,98.0,Sense
2025-07-21T13:52:52Z,97.0,Sense
2025-07-21T13:53:07Z,98.0,Sense
2025-07-21T13:53:12Z,99.0,Sense
2025-07-21T13:53:17Z,100.0,Sense
2025-07-21T13:53:22Z,101.0,Sense
2025-07-21T13:53:27Z,100.0,Sense
2025-07-21T13:53:32Z,102.0,Sense
2025-07-21T13:53:37Z,101.0,Sense
2025-07-21T13:53:52Z,101.0,Sense
2025-07-21T13:54:07Z,101.0,Sense
2025-07-21T13:54:12Z,102.0,Sense
2025-07-21T13:54:27Z,103.0,Sense
2025-07-21T13:54:32Z,104.0,Sense
2025-07-21T13:54:37Z,107.0,Sense
2025-07-21T13:54:42Z,99.0,Sense
2025-07-21T13:54:47Z,94.0,Sense
2025-07-21T13:55:02Z,95.0,Sense
2025-07-21T13:55:07Z,95.0,Sense
2025-07-21T13:55:17Z,94.0,Sense
2025-07-21T13:55:27Z,97.0,Sense
2025-07-21T13:55:32Z,101.0,Sense
2025-07-21T13:55:37Z,103.0,Sense
2025-07-21T13:55:47Z,105.0,Sense
2025-07-21T13:55:52Z,115.0,Sense
2025-07-21T13:55:57Z,116.0,Sense
2025-07-21T13:56:02Z,110.0,Sense
2025-07-21T13:56:07Z,107.0,Sense
2025-07-21T13:56:12Z,108.0,Sense
2025-07-21T13:56:17Z,109.0,Sense
2025-07-21T13:56:32Z,110.0,Sense
2025-07-21T13:56:37Z,106.0,Sense
2025-07-21T13:56:42Z,98.0,Sense
2025-07-21T13:56:52Z,99.0,Sense
2025-07-21T13:57:02Z,100.0,Sense
2025-07-21T13:57:12Z,99.0,Sense
2025-07-21T13:57:17Z,99.0,Sense
2025-07-21T13:57:22Z,100.0,Sense
2025-07-21T13:57:32Z,99.0,Sense
2025-07-21T13:57:42Z,103.0,Sense
2025-07-21T13:57:47Z,121.0,Sense
2025-07-21T13:57:52Z,118.0,Sense
2025-07-21T13:57:57Z,110.0,Sense
2025-07-21T13:58:02Z,111.0,Sense
2025-07-21T13:58:12Z,107.0,Sense
2025-07-21T13:58:17Z,106.0,Sense
2025-07-21T13:58:22Z,103.0,Sense
2025-07-21T13:58:27Z,102.0,Sense
2025-07-21T13:58:32Z,101.0,Sense
2025-07-21T13:58:37Z,100.0,Sense
2025-07-21T13:58:42Z,99.0,Sense
2025-07-21T13:58:47Z,100.0,Sense
2025-07-21T13:58:52Z,99.0,Sense
2025-07-21T13:58:57Z,98.0,Sense
2025-07-21T13:59:07Z,100.0,Sense
2025-07-21T13:59:12Z,101.0,Sense
2025-07-21T13:59:17Z,97.0,Sense
2025-07-21T13:59:22Z,87.0,Sense
2025-07-21T13:59:27Z,88.0,Sense
2025-07-21T13:59:37Z,89.0,Sense
2025-07-21T13:59:42Z,90.0,Sense
2025-07-21T13:59:47Z,91.0,Sense
2025-07-21T13:59:52Z,96.0,Sense
2025-07-21T14:00:02Z,97.0,Sense
2025-07-21T14:00:12Z,98.0,Sense
2025-07-21T14:00:17Z,99.0,Sense
2025-07-21T14:00:22Z,99.0,Sense
2025-07-21T14:00:27Z,98.0,Sense
2025-07-21T14:00:32Z,99.0,Sense
2025-07-21T14:00:37Z,98.0,Sense
2025-07-21T14:00:52Z,98.0,Sense
2025-07-21T14:00:57Z,99.0,Sense
2025-07-21T14:01:02Z,98.0,Sense
2025-07-21T14:01:12Z,97.0,Sense
2025-07-21T14:01:22Z,98.0,Sense
2025-07-21T14:01:27Z,97.0,Sense
2025-07-21T14:01:32Z,98.0,Sense
2025-07-21T14:01:42Z,99.0,Sense
2025-07-21T14:01:47Z,98.0,Sense
2025-07-21T14:02:02Z,99.0,Sense
2025-07-21T14:02:07Z,98.0,Sense
2025-07-21T14:02:12Z,97.0,Sense
2025-07-21T14:02:17Z,102.0,Sense
2025-07-21T14:02:22Z,95.0,Sense
2025-07-21T14:02:27Z,91.0,Sense
2025-07-21T14:02:32Z,92.0,Sense
2025-07-21T14:02:37Z,93.0,Sense
2025-07-21T14:02:42Z,92.0,Sense
2025-07-21T14:02:47Z,93.0,Sense
2025-07-21T14:02:57Z,94.0,Sense
2025-07-21T14:03:02Z,95.0,Sense
2025-07-21T14:03:07Z,96.0,Sense
2025-07-21T14:03:12Z,95.0,Sense
2025-07-21T14:03:17Z,96.0,Sense
2025-07-21T14:03:27Z,94.0,Sense
2025-07-21T14:03:37Z,97.0,Sense
2025-07-21T14:03:42Z,98.0,Sense
2025-07-21T14:03:47Z,99.0,Sense
2025-07-21T14:03:52Z,99.0,Sense
2025-07-21T14:03:57Z,100.0,Sense
2025-07-21T14:04:02Z,99.0,Sense
2025-07-21T14:04:17Z,101.0,Sense
2025-07-21T14:04:32Z,100.0,Sense
2025-07-21T14:04:37Z,99.0,Sense
2025-07-21T14:04:52Z,99.0,Sense
2025-07-21T14:04:57Z,98.0,Sense
2025-07-21T14:05:12Z,98.0,Sense
2025-07-21T14:05:17Z,97.0,Sense
2025-07-21T14:05:27Z,98.0,Sense
2025-07-21T14:05:32Z,97.0,Sense
2025-07-21T14:05:42Z,96.0,Sense
2025-07-21T14:05:47Z,97.0,Sense
2025-07-21T14:05:57Z,96.0,Sense
2025-07-21T14:06:12Z,95.0,Sense
2025-07-21T14:06:17Z,96.0,Sense
2025-07-21T14:06:22Z,95.0,Sense
2025-07-21T14:06:27Z,94.0,Sense
2025-07-21T14:06:32Z,93.0,Sense
2025-07-21T14:06:37Z,94.0,Sense
2025-07-21T14:06:47Z,95.0,Sense
2025-07-21T14:07:02Z,95.0,Sense
2025-07-21T14:07:07Z,96.0,Sense
2025-07-21T14:07:12Z,98.0,Sense
2025-07-21T14:07:17Z,109.0,Sense
2025-07-21T14:07:22Z,116.0,Sense
2025-07-21T14:07:27Z,114.0,Sense
2025-07-21T14:07:32Z,110.0,Sense
2025-07-21T14:07:37Z,105.0,Sense
2025-07-21T14:07:42Z,107.0,Sense
2025-07-21T14:07:47Z,101.0,Sense
2025-07-21T14:07:52Z,100.0,Sense
2025-07-21T14:07:57Z,103.0,Sense
2025-07-21T14:08:02Z,106.0,Sense
2025-07-21T14:08:07Z,104.0,Sense
2025-07-21T14:08:12Z,98.0,Sense
2025-07-21T14:08:17Z,97.0,Sense
2025-07-21T14:08:22Z,100.0,Sense
2025-07-21T14:08:32Z,112.0,Sense
2025-07-21T14:08:37Z,116.0,Sense
2025-07-21T14:08:42Z,111.0,Sense
2025-07-21T14:08:47Z,110.0,Sense
2025-07-21T14:08:52Z,111.0,Sense
2025-07-21T14:08:57Z,112.0,Sense
2025-07-21T14:09:02Z,114.0,Sense
2025-07-21T14:09:07Z,121.0,Sense
2025-07-21T14:09:12Z,127.0,Sense
2025-07-21T14:09:27Z,125.0,Sense
2025-07-21T14:09:32Z,124.0,Sense
2025-07-21T14:09:37Z,124.0,Sense
2025-07-21T14:09:42Z,123.0,Sense
2025-07-21T14:09:47Z,116.0,Sense
2025-07-21T14:09:52Z,113.0,Sense
2025-07-21T14:09:57Z,110.0,Sense
2025-07-21T14:10:02Z,103.0,Sense
2025-07-21T14:10:07Z,104.0,Sense
2025-07-21T14:10:12Z,105.0,Sense
2025-07-21T14:10:22Z,104.0,Sense
2025-07-21T14:10:32Z,107.0,Sense
2025-07-21T14:10:37Z,111.0,Sense
2025-07-21T14:10:42Z,113.0,Sense
2025-07-21T14:10:47Z,115.0,Sense
2025-07-21T14:10:52Z,106.0,Sense
2025-07-21T14:10:57Z,114.0,Sense
2025-07-21T14:11:02Z,126.0,Sense
2025-07-21T14:11:07Z,124.0,Sense
2025-07-21T14:11:12Z,112.0,Sense
2025-07-21T14:11:17Z,108.0,Sense
2025-07-21T14:11:22Z,107.0,Sense
2025-07-21T14:11:27Z,105.0,Sense
2025-07-21T14:11:32Z,107.0,Sense
2025-07-21T14:11:37Z,109.0,Sense
2025-07-21T14:11:42Z,108.0,Sense
2025-07-21T14:11:52Z,121.0,Sense
2025-07-21T14:11:57Z,148.0,Sense
2025-07-21T14:12:07Z,147.0,Sense
2025-07-21T14:12:12Z,150.0,Sense
2025-07-21T14:12:17Z,156.0,Sense
2025-07-21T14:12:32Z,144.0,Sense
2025-07-21T14:12:37Z,139.0,Sense
2025-07-21T14:12:42Z,137.0,Sense
2025-07-21T14:12:47Z,134.0,Sense
2025-07-21T14:12:52Z,133.0,Sense
2025-07-21T14:12:57Z,130.0,Sense
2025-07-21T14:13:02Z,122.0,Sense
2025-07-21T14:13:07Z,116.0,Sense
2025-07-21T14:13:12Z,115.0,Sense
2025-07-21T14:13:17Z,116.0,Sense
2025-07-21T14:13:22Z,115.0,Sense
2025-07-21T14:13:32Z,115.0,Sense
2025-07-21T14:13:37Z,109.0,Sense
2025-07-21T14:13:42Z,107.0,Sense
2025-07-21T14:13:57Z,107.0,Sense
2025-07-21T14:14:07Z,108.0,Sense
2025-07-21T14:14:12Z,110.0,Sense
2025-07-21T14:14:22Z,108.0,Sense
2025-07-21T14:14:27Z,107.0,Sense
2025-07-21T14:14:32Z,103.0,Sense
2025-07-21T14:14:37Z,93.0,Sense
2025-07-21T14:14:42Z,90.0,Sense
2025-07-21T14:14:47Z,89.0,Sense
2025-07-21T14:14:52Z,80.0,Sense
2025-07-21T14:14:57Z,73.0,Sense
2025-07-21T14:15:02Z,74.0,Sense
2025-07-21T14:15:17Z,74.0,Sense
2025-07-21T14:15:22Z,77.0,Sense
2025-07-21T14:15:27Z,82.0,Sense
2025-07-21T14:15:32Z,83.0,Sense
2025-07-21T14:15:42Z,72.0,Sense
2025-07-21T14:15:47Z,68.0,Sense
2025-07-21T14:15:52Z,69.0,Sense
2025-07-21T14:15:57Z,70.0,Sense
2025-07-21T14:16:02Z,72.0,Sense
2025-07-21T14:16:07Z,74.0,Sense
2025-07-21T14:16:12Z,75.0,Sense
2025-07-21T14:16:17Z,79.0,Sense
2025-07-21T14:16:22Z,82.0,Sense
2025-07-21T14:16:27Z,85.0,Sense
2025-07-21T14:16:37Z,86.0,Sense
2025-07-21T14:16:42Z,88.0,Sense
2025-07-21T14:16:47Z,90.0,Sense
2025-07-21T14:17:02Z,90.0,Sense
2025-07-21T14:17:17Z,90.0,Sense
2025-07-21T14:17:22Z,91.0,Sense
2025-07-21T14:17:32Z,93.0,Sense
2025-07-21T14:17:37Z,97.0,Sense
2025-07-21T14:17:52Z,95.0,Sense
2025-07-21T14:17:57Z,91.0,Sense
2025-07-21T14:18:07Z,92.0,Sense
2025-07-21T14:18:22Z,99.0,Sense
2025-07-21T14:18:27Z,104.0,Sense
2025-07-21T14:18:42Z,102.0,Sense
2025-07-21T14:18:47Z,101.0,Sense
2025-07-21T14:18:57Z,103.0,Sense
2025-07-21T14:19:12Z,101.0,Sense
2025-07-21T14:19:17Z,102.0,Sense
2025-07-21T14:19:22Z,103.0,Sense
2025-07-21T14:19:27Z,102.0,Sense
2025-07-21T14:19:32Z,101.0,Sense
2025-07-21T14:19:37Z,99.0,Sense
2025-07-21T14:19:42Z,98.0,Sense
2025-07-21T14:19:52Z,102.0,Sense
2025-07-21T14:19:57Z,107.0,Sense
2025-07-21T14:20:02Z,108.0,Sense
2025-07-21T14:20:07Z,107.0,Sense
2025-07-21T14:20:12Z,106.0,Sense
2025-07-21T14:20:17Z,103.0,Sense
2025-07-21T14:20:22Z,101.0,Sense
2025-07-21T14:20:27Z,99.0,Sense
2025-07-21T14:20:32Z,99.0,Sense
2025-07-21T14:20:42Z,98.0,Sense
2025-07-21T14:20:47Z,99.0,Sense
2025-07-21T14:20:52Z,100.0,Sense
2025-07-21T14:20:57Z,99.0,Sense
2025-07-21T14:21:02Z,100.0,Sense
2025-07-21T14:21:12Z,101.0,Sense
2025-07-21T14:21:17Z,97.0,Sense
2025-07-21T14:21:22Z,96.0,Sense
2025-07-21T14:21:27Z,95.0,Sense
2025-07-21T14:21:32Z,93.0,Sense
2025-07-21T14:21:42Z,94.0,Sense
2025-07-21T14:21:52Z,95.0,Sense
2025-07-21T14:22:02Z,97.0,Sense
2025-07-21T14:22:07Z,109.0,Sense
2025-07-21T14:22:12Z,115.0,Sense
2025-07-21T14:22:17Z,113.0,Sense
2025-07-21T14:22:22Z,112.0,Sense
2025-07-21T14:22:27Z,116.0,Sense
2025-07-21T14:22:32Z,115.0,Sense
2025-07-21T14:22:37Z,112.0,Sense
2025-07-21T14:22:42Z,108.0,Sense
2025-07-21T14:22:47Z,105.0,Sense
2025-07-21T14:22:52Z,104.0,Sense
2025-07-21T14:22:57Z,102.0,Sense
2025-07-21T14:23:02Z,101.0,Sense
2025-07-21T14:23:07Z,98.0,Sense
2025-07-21T14:23:17Z,100.0,Sense
2025-07-21T14:23:27Z,96.0,Sense
2025-07-21T14:23:32Z,94.0,Sense
2025-07-21T14:23:37Z,95.0,Sense
2025-07-21T14:23:52Z,97.0,Sense
2025-07-21T14:24:02Z,96.0,Sense
2025-07-21T14:24:07Z,91.0,Sense
2025-07-21T14:24:17Z,92.0,Sense
2025-07-21T14:24:32Z,94.0,Sense
2025-07-21T14:24:37Z,103.0,Sense
2025-07-21T14:24:42Z,104.0,Sense
2025-07-21T14:24:47Z,103.0,Sense
2025-07-21T14:24:52Z,101.0,Sense
2025-07-21T14:24:57Z,99.0,Sense
2025-07-21T14:25:02Z,100.0,Sense
2025-07-21T14:25:07Z,98.0,Sense
2025-07-21T14:25:17Z,97.0,Sense
2025-07-21T14:25:22Z,96.0,Sense
2025-07-21T14:25:37Z,96.0,Sense
2025-07-21T14:25:42Z,97.0,Sense
2025-07-21T14:25:47Z,99.0,Sense
2025-07-21T14:25:57Z,97.0,Sense
2025-07-21T14:26:07Z,99.0,Sense
2025-07-21T14:26:12Z,99.0,Sense
2025-07-21T14:26:17Z,100.0,Sense
2025-07-21T14:26:22Z,99.0,Sense
2025-07-21T14:26:27Z,98.0,Sense
2025-07-21T14:26:32Z,99.0,Sense
2025-07-21T14:26:37Z,98.0,Sense
2025-07-21T14:26:47Z,98.0,Sense
2025-07-21T14:27:02Z,97.0,Sense
2025-07-21T14:27:12Z,95.0,Sense
2025-07-21T14:27:22Z,96.0,Sense
2025-07-21T14:27:32Z,95.0,Sense
2025-07-21T14:27:42Z,96.0,Sense
2025-07-21T14:27:47Z,99.0,Sense
2025-07-21T14:27:52Z,103.0,Sense
2025-07-21T14:27:57Z,102.0,Sense
2025-07-21T14:28:12Z,104.0,Sense
2025-07-21T14:28:17Z,102.0,Sense
2025-07-21T14:28:22Z,104.0,Sense
2025-07-21T14:28:27Z,105.0,Sense
2025-07-21T14:28:32Z,106.0,Sense
2025-07-21T14:28:37Z,108.0,Sense
2025-07-21T14:28:47Z,112.0,Sense
2025-07-21T14:28:52Z,136.0,Sense
2025-07-21T14:28:57Z,142.0,Sense
2025-07-21T14:29:02Z,141.0,Sense
2025-07-21T14:29:17Z,137.0,Sense
2025-07-21T14:29:22Z,135.0,Sense
2025-07-21T14:29:27Z,142.0,Sense
2025-07-21T14:29:32Z,148.0,Sense
2025-07-21T14:29:37Z,146.0,Sense
2025-07-21T14:29:42Z,140.0,Sense
2025-07-21T14:29:47Z,135.0,Sense
2025-07-21T14:29:52Z,131.0,Sense
2025-07-21T14:30:07Z,131.0,Sense
2025-07-21T14:30:12Z,129.0,Sense
2025-07-21T14:30:17Z,129.0,Sense
2025-07-21T14:30:22Z,141.0,Sense
2025-07-21T14:30:32Z,140.0,Sense
2025-07-21T14:30:37Z,141.0,Sense
2025-07-21T14:30:42Z,145.0,Sense
2025-07-21T14:30:47Z,146.0,Sense
2025-07-21T14:30:52Z,141.0,Sense
2025-07-21T14:30:57Z,123.0,Sense
2025-07-21T14:31:02Z,121.0,Sense
2025-07-21T14:31:07Z,120.0,Sense
2025-07-21T14:31:12Z,126.0,Sense
2025-07-21T14:31:17Z,128.0,Sense
2025-07-21T14:31:27Z,129.0,Sense
2025-07-21T14:31:32Z,129.0,Sense
2025-07-21T14:31:37Z,128.0,Sense
2025-07-21T14:31:42Z,153.0,Sense
2025-07-21T14:31:47Z,152.0,Sense
2025-07-21T14:31:52Z,155.0,Sense
2025-07-21T14:32:02Z,154.0,Sense
2025-07-21T14:32:07Z,153.0,Sense
2025-07-21T14:32:17Z,152.0,Sense
2025-07-21T14:32:22Z,151.0,Sense
2025-07-21T14:32:27Z,149.0,Sense
2025-07-21T14:32:32Z,147.0,Sense
2025-07-21T14:32:37Z,145.0,Sense
2025-07-21T14:32:47Z,143.0,Sense
2025-07-21T14:32:52Z,140.0,Sense
2025-07-21T14:32:57Z,141.0,Sense
2025-07-21T14:33:02Z,139.0,Sense
2025-07-21T14:33:07Z,136.0,Sense
2025-07-21T14:33:12Z,133.0,Sense
2025-07-21T14:33:17Z,130.0,Sense
2025-07-21T14:33:22Z,126.0,Sense
2025-07-21T14:33:27Z,121.0,Sense
2025-07-21T14:33:32Z,122.0,Sense
2025-07-21T14:33:47Z,120.0,Sense
2025-07-21T14:33:52Z,113.0,Sense
2025-07-21T14:33:57Z,108.0,Sense
2025-07-21T14:34:02Z,102.0,Sense
2025-07-21T14:34:07Z,93.0,Sense
2025-07-21T14:34:12Z,82.0,Sense
2025-07-21T14:34:17Z,68.0,Sense
2025-07-21T14:34:22Z,69.0,Sense
2025-07-21T14:34:27Z,72.0,Sense
2025-07-21T14:34:32Z,78.0,Sense
2025-07-21T14:34:37Z,84.0,Sense
2025-07-21T14:34:52Z,86.0,Sense
2025-07-21T14:34:57Z,90.0,Sense
2025-07-21T14:35:12Z,92.0,Sense
2025-07-21T14:35:17Z,93.0,Sense
2025-07-21T14:35:27Z,92.0,Sense
2025-07-21T14:35:42Z,93.0,Sense
2025-07-21T14:35:57Z,94.0,Sense
2025-07-21T14:36:02Z,95.0,Sense
2025-07-21T14:36:07Z,96.0,Sense
2025-07-21T14:36:12Z,95.0,Sense
2025-07-21T14:36:27Z,96.0,Sense
2025-07-21T14:36:37Z,97.0,Sense
2025-07-21T14:36:52Z,97.0,Sense
2025-07-21T14:37:07Z,96.0,Sense
2025-07-21T14:37:17Z,97.0,Sense
2025-07-21T14:37:22Z,97.0,Sense
2025-07-21T14:37:32Z,96.0,Sense
2025-07-21T14:37:42Z,94.0,Sense
2025-07-21T14:37:52Z,93.0,Sense
2025-07-21T14:38:02Z,94.0,Sense
2025-07-21T14:38:12Z,95.0,Sense
2025-07-21T14:38:17Z,96.0,Sense
2025-07-21T14:38:22Z,96.0,Sense
2025-07-21T14:38:32Z,97.0,Sense
2025-07-21T14:38:37Z,98.0,Sense
2025-07-21T14:38:42Z,99.0,Sense
2025-07-21T14:38:57Z,99.0,Sense
2025-07-21T14:39:02Z,98.0,Sense
2025-07-21T14:39:12Z,97.0,Sense
2025-07-21T14:39:27Z,98.0,Sense
2025-07-21T14:39:42Z,98.0,Sense
2025-07-21T14:39:47Z,96.0,Sense
2025-07-21T14:39:52Z,94.0,Sense
2025-07-21T14:40:07Z,95.0,Sense
2025-07-21T14:40:12Z,95.0,Sense
2025-07-21T14:40:27Z,95.0,Sense
2025-07-21T14:40:32Z,94.0,Sense
2025-07-21T14:40:37Z,91.0,Sense
2025-07-21T14:40:47Z,92.0,Sense
2025-07-21T14:40:57Z,93.0,Sense
2025-07-21T14:41:02Z,93.0,Sense
2025-07-21T14:41:17Z,94.0,Sense
2025-07-21T14:41:22Z,95.0,Sense
2025-07-21T14:41:32Z,96.0,Sense
2025-07-21T14:41:37Z,94.0,Sense
2025-07-21T14:41:42Z,92.0,Sense
2025-07-21T14:41:47Z,93.0,Sense
2025-07-21T14:41:57Z,94.0,Sense
2025-07-21T14:42:07Z,95.0,Sense
2025-07-21T14:42:17Z,96.0,Sense
2025-07-21T14:42:22Z,95.0,Sense
2025-07-21T14:42:32Z,94.0,Sense
2025-07-21T14:42:42Z,93.0,Sense
2025-07-21T14:42:47Z,94.0,Sense
2025-07-21T14:43:02Z,93.0,Sense
2025-07-21T14:43:17Z,94.0,Sense
2025-07-21T14:43:27Z,95.0,Sense
2025-07-21T14:43:32Z,96.0,Sense
2025-07-21T14:43:37Z,97.0,Sense
2025-07-21T14:43:42Z,98.0,Sense
2025-07-21T14:43:47Z,97.0,Sense
2025-07-21T14:43:52Z,96.0,Sense
2025-07-21T14:43:57Z,95.0,Sense
2025-07-21T14:44:02Z,93.0,Sense
2025-07-21T14:44:07Z,89.0,Sense
2025-07-21T14:44:12Z,89.0,Sense
2025-07-21T14:44:27Z,90.0,Sense
2025-07-21T14:44:37Z,91.0,Sense
2025-07-21T14:44:47Z,92.0,Sense
2025-07-21T14:44:52Z,94.0,Sense
2025-07-21T14:45:07Z,95.0,Sense
2025-07-21T14:45:17Z,94.0,Sense
2025-07-21T14:45:32Z,94.0,Sense
2025-07-21T14:45:42Z,95.0,Sense
2025-07-21T14:45:47Z,93.0,Sense
2025-07-21T14:45:52Z,91.0,Sense
2025-07-21T14:45:57Z,90.0,Sense
2025-07-21T14:46:07Z,91.0,Sense
2025-07-21T14:46:17Z,92.0,Sense
2025-07-21T14:46:22Z,93.0,Sense
2025-07-21T14:46:27Z,95.0,Sense
2025-07-21T14:46:32Z,94.0,Sense
2025-07-21T14:46:42Z,95.0,Sense
2025-07-21T14:46:57Z,95.0,Sense
2025-07-21T14:47:02Z,96.0,Sense
2025-07-21T14:47:12Z,95.0,Sense
2025-07-21T14:47:27Z,95.0,Sense
2025-07-21T14:47:32Z,94.0,Sense
2025-07-21T14:47:37Z,93.0,Sense
2025-07-21T14:47:42Z,100.0,Sense
2025-07-21T14:47:57Z,100.0,Sense
2025-07-21T14:48:07Z,102.0,Sense
2025-07-21T14:48:12Z,103.0,Sense
2025-07-21T14:48:27Z,101.0,Sense
2025-07-21T14:48:32Z,102.0,Sense
2025-07-21T14:48:37Z,104.0,Sense
2025-07-21T14:48:42Z,105.0,Sense
2025-07-21T14:48:47Z,104.0,Sense
2025-07-21T14:48:52Z,102.0,Sense
2025-07-21T14:49:02Z,101.0,Sense
2025-07-21T14:49:07Z,100.0,Sense
2025-07-21T14:49:12Z,90.0,Sense
2025-07-21T14:49:17Z,102.0,Sense
2025-07-21T14:49:22Z,105.0,Sense
2025-07-21T14:49:27Z,101.0,Sense
2025-07-21T14:49:32Z,93.0,Sense
2025-07-21T14:49:47Z,93.0,Sense
2025-07-21T14:49:57Z,95.0,Sense
2025-07-21T14:50:02Z,96.0,Sense
2025-07-21T14:50:07Z,102.0,Sense
2025-07-21T14:50:12Z,112.0,Sense
2025-07-21T14:50:17Z,106.0,Sense
2025-07-21T14:50:22Z,102.0,Sense
2025-07-21T14:50:27Z,103.0,Sense
2025-07-21T14:50:32Z,101.0,Sense
2025-07-21T14:50:37Z,99.0,Sense
2025-07-21T14:50:42Z,98.0,Sense
2025-07-21T14:50:47Z,98.0,Sense
2025-07-21T14:50:52Z,96.0,Sense
2025-07-21T14:50:57Z,95.0,Sense
2025-07-21T14:51:02Z,95.0,Sense
2025-07-21T14:51:12Z,94.0,Sense
2025-07-21T14:51:22Z,95.0,Sense
2025-07-21T14:51:27Z,99.0,Sense
2025-07-21T14:51:32Z,102.0,Sense
2025-07-21T14:51:37Z,100.0,Sense
2025-07-21T14:51:42Z,99.0,Sense
2025-07-21T14:51:57Z,99.0,Sense
2025-07-21T14:52:02Z,100.0,Sense
2025-07-21T14:52:07Z,99.0,Sense
2025-07-21T14:52:22Z,99.0,Sense
2025-07-21T14:52:27Z,97.0,Sense
2025-07-21T14:52:32Z,91.0,Sense
2025-07-21T14:52:37Z,90.0,Sense
2025-07-21T14:52:42Z,91.0,Sense
2025-07-21T14:52:47Z,92.0,Sense
2025-07-21T14:52:52Z,93.0,Sense
2025-07-21T14:52:57Z,94.0,Sense
2025-07-21T14:53:02Z,95.0,Sense
2025-07-21T14:53:07Z,94.0,Sense
2025-07-21T14:53:12Z,93.0,Sense
2025-07-21T14:53:27Z,94.0,Sense
2025-07-21T14:53:32Z,95.0,Sense
2025-07-21T14:53:37Z,97.0,Sense
2025-07-21T14:53:52Z,97.0,Sense
2025-07-21T14:53:57Z,98.0,Sense
2025-07-21T14:54:07Z,97.0,Sense
2025-07-21T14:54:12Z,98.0,Sense
2025-07-21T14:54:22Z,99.0,Sense
2025-07-21T14:54:27Z,119.0,Sense
2025-07-21T14:54:32Z,137.0,Sense
2025-07-21T14:54:37Z,136.0,Sense
2025-07-21T14:54:47Z,134.0,Sense
2025-07-21T14:54:52Z,136.0,Sense
2025-07-21T14:54:57Z,134.0,Sense
2025-07-21T14:55:02Z,123.0,Sense
2025-07-21T14:55:07Z,115.0,Sense
2025-07-21T14:55:12Z,113.0,Sense
2025-07-21T14:55:27Z,113.0,Sense
2025-07-21T14:55:37Z,116.0,Sense
2025-07-21T14:55:42Z,115.0,Sense
2025-07-21T14:55:47Z,118.0,Sense
2025-07-21T14:55:52Z,119.0,Sense
2025-07-21T14:55:57Z,115.0,Sense
2025-07-21T14:56:02Z,119.0,Sense
2025-07-21T14:56:07Z,144.0,Sense
2025-07-21T14:56:12Z,152.0,Sense
2025-07-21T14:56:22Z,150.0,Sense
2025-07-21T14:56:27Z,149.0,Sense
2025-07-21T14:56:37Z,149.0,Sense
2025-07-21T14:56:42Z,145.0,Sense
2025-07-21T14:56:47Z,133.0,Sense
2025-07-21T14:56:52Z,132.0,Sense
2025-07-21T14:56:57Z,129.0,Sense
2025-07-21T14:57:02Z,128.0,Sense
2025-07-21T14:57:07Z,127.0,Sense
2025-07-21T14:57:17Z,131.0,Sense
2025-07-21T14:57:22Z,141.0,Sense
2025-07-21T14:57:27Z,139.0,Sense
2025-07-21T14:57:32Z,135.0,Sense
2025-07-21T14:57:37Z,132.0,Sense
2025-07-21T14:57:42Z,131.0,Sense
2025-07-21T14:57:52Z,133.0,Sense
2025-07-21T14:57:57Z,139.0,Sense
2025-07-21T14:58:02Z,143.0,Sense
2025-07-21T14:58:07Z,140.0,Sense
2025-07-21T14:58:12Z,139.0,Sense
2025-07-21T14:58:17Z,137.0,Sense
2025-07-21T14:58:22Z,131.0,Sense
2025-07-21T14:58:27Z,129.0,Sense
2025-07-21T14:58:32Z,131.0,Sense
2025-07-21T14:58:37Z,131.0,Sense
2025-07-21T14:58:47Z,135.0,Sense
2025-07-21T14:58:52Z,132.0,Sense
2025-07-21T14:58:57Z,136.0,Sense
2025-07-21T14:59:07Z,134.0,Sense
2025-07-21T14:59:12Z,132.0,Sense
2025-07-21T14:59:17Z,128.0,Sense
2025-07-21T14:59:22Z,122.0,Sense
2025-07-21T14:59:27Z,121.0,Sense
2025-07-21T14:59:37Z,119.0,Sense
2025-07-21T14:59:47Z,118.0,Sense
2025-07-21T14:59:52Z,120.0,Sense
2025-07-21T14:59:57Z,140.0,Sense
2025-07-21T15:00:02Z,141.0,Sense
2025-07-21T15:00:07Z,139.0,Sense
2025-07-21T15:00:12Z,137.0,Sense
2025-07-21T15:00:17Z,130.0,Sense
2025-07-21T15:00:22Z,128.0,Sense
2025-07-21T15:00:27Z,126.0,Sense
2025-07-21T15:00:32Z,128.0,Sense
2025-07-21T15:00:37Z,130.0,Sense
2025-07-21T15:00:42Z,140.0,Sense
2025-07-21T15:00:47Z,138.0,Sense
2025-07-21T15:00:57Z,139.0,Sense
2025-07-21T15:01:02Z,143.0,Sense
2025-07-21T15:01:07Z,144.0,Sense
2025-07-21T15:01:17Z,143.0,Sense
2025-07-21T15:01:22Z,145.0,Sense
2025-07-21T15:01:27Z,143.0,Sense
2025-07-21T15:01:32Z,141.0,Sense
2025-07-21T15:01:37Z,139.0,Sense
2025-07-21T15:01:42Z,145.0,Sense
2025-07-21T15:01:47Z,149.0,Sense
2025-07-21T15:01:52Z,148.0,Sense
2025-07-21T15:01:57Z,149.0,Sense
2025-07-21T15:02:02Z,151.0,Sense
2025-07-21T15:02:07Z,150.0,Sense
2025-07-21T15:02:12Z,147.0,Sense
2025-07-21T15:02:17Z,146.0,Sense
2025-07-21T15:02:22Z,142.0,Sense
2025-07-21T15:02:27Z,137.0,Sense
2025-07-21T15:02:32Z,135.0,Sense
2025-07-21T15:02:37Z,129.0,Sense
2025-07-21T15:02:42Z,131.0,Sense
2025-07-21T15:02:52Z,138.0,Sense
2025-07-21T15:02:57Z,140.0,Sense
2025-07-21T15:03:07Z,142.0,Sense
2025-07-21T15:03:17Z,143.0,Sense
2025-07-21T15:03:27Z,144.0,Sense
2025-07-21T15:03:32Z,149.0,Sense
2025-07-21T15:03:37Z,145.0,Sense
2025-07-21T15:03:42Z,133.0,Sense
2025-07-21T15:03:47Z,131.0,Sense
2025-07-21T15:03:52Z,130.0,Sense
2025-07-21T15:03:57Z,119.0,Sense
2025-07-21T15:04:02Z,118.0,Sense
2025-07-21T15:04:07Z,111.0,Sense
2025-07-21T15:04:12Z,110.0,Sense
2025-07-21T15:04:17Z,111.0,Sense
2025-07-21T15:04:22Z,113.0,Sense
2025-07-21T15:04:27Z,112.0,Sense
2025-07-21T15:04:32Z,112.0,Sense
2025-07-21T15:04:47Z,105.0,Sense
2025-07-21T15:04:52Z,105.0,Sense
2025-07-21T15:04:57Z,107.0,Sense
2025-07-21T15:05:02Z,106.0,Sense
2025-07-21T15:05:07Z,101.0,Sense
2025-07-21T15:05:12Z,104.0,Sense
2025-07-21T15:05:17Z,106.0,Sense
2025-07-21T15:05:22Z,105.0,Sense
2025-07-21T15:05:27Z,106.0,Sense
2025-07-21T15:05:32Z,103.0,Sense
2025-07-21T15:05:37Z,104.0,Sense
2025-07-21T15:05:42Z,95.0,Sense
2025-07-21T15:05:47Z,86.0,Sense
2025-07-21T15:05:52Z,87.0,Sense
2025-07-21T15:05:57Z,89.0,Sense
2025-07-21T15:06:02Z,93.0,Sense
2025-07-21T15:06:07Z,97.0,Sense
2025-07-21T15:06:12Z,99.0,Sense
2025-07-21T15:06:23Z,99.0,Sense
2025-07-21T15:06:29Z,98.0,Sense
2025-07-21T15:06:34Z,97.0,Sense
2025-07-21T15:06:39Z,91.0,Sense
2025-07-21T15:06:44Z,89.0,Sense
2025-07-21T15:06:49Z,92.0,Sense
2025-07-21T15:06:54Z,104.0,Sense
2025-07-21T15:06:59Z,109.0,Sense
2025-07-21T15:07:04Z,107.0,Sense
2025-07-21T15:07:09Z,115.0,Sense
2025-07-21T15:07:14Z,121.0,Sense
2025-07-21T15:07:29Z,123.0,Sense
2025-07-21T15:07:34Z,124.0,Sense
2025-07-21T15:07:39Z,126.0,Sense
2025-07-21T15:07:44Z,133.0,Sense
2025-07-21T15:07:49Z,138.0,Sense
2025-07-21T15:07:54Z,135.0,Sense
2025-07-21T15:07:59Z,132.0,Sense
2025-07-21T15:08:04Z,128.0,Sense
2025-07-21T15:08:09Z,127.0,Sense
2025-07-21T15:08:14Z,131.0,Sense
2025-07-21T15:08:20Z,128.0,Sense
2025-07-21T15:08:25Z,126.0,Sense
2025-07-21T15:08:30Z,125.0,Sense
2025-07-21T15:08:35Z,120.0,Sense
2025-07-21T15:08:40Z,116.0,Sense
2025-07-21T15:08:45Z,111.0,Sense
2025-07-21T15:08:50Z,104.0,Sense
2025-07-21T15:08:55Z,100.0,Sense
2025-07-21T15:09:00Z,99.0,Sense
2025-07-21T15:09:05Z,100.0,Sense
2025-07-21T15:09:10Z,109.0,Sense
2025-07-21T15:09:15Z,121.0,Sense
2025-07-21T15:09:20Z,125.0,Sense
2025-07-21T15:09:25Z,128.0,Sense
2025-07-21T15:09:40Z,127.0,Sense
2025-07-21T15:09:45Z,128.0,Sense
2025-07-21T15:09:50Z,123.0,Sense
2025-07-21T15:09:55Z,126.0,Sense
2025-07-21T15:10:00Z,127.0,Sense
2025-07-21T15:10:05Z,134.0,Sense
2025-07-21T15:10:10Z,140.0,Sense
2025-07-21T15:10:15Z,138.0,Sense
2025-07-21T15:10:20Z,135.0,Sense
2025-07-21T15:10:25Z,122.0,Sense
2025-07-21T15:10:30Z,122.0,Sense
2025-07-21T15:10:35Z,121.0,Sense
2025-07-21T15:10:40Z,119.0,Sense
2025-07-21T15:10:45Z,111.0,Sense
2025-07-21T15:10:50Z,105.0,Sense
2025-07-21T15:11:00Z,104.0,Sense
2025-07-21T15:11:05Z,106.0,Sense
2025-07-21T15:11:10Z,105.0,Sense
2025-07-21T15:11:15Z,98.0,Sense
2025-07-21T15:11:20Z,96.0,Sense
2025-07-21T15:11:25Z,97.0,Sense
2025-07-21T15:11:30Z,99.0,Sense
2025-07-21T15:11:35Z,101.0,Sense
2025-07-21T15:11:40Z,102.0,Sense
2025-07-21T15:11:50Z,103.0,Sense
2025-07-21T15:11:55Z,96.0,Sense
2025-07-21T15:12:00Z,95.0,Sense
2025-07-21T15:12:05Z,123.0,Sense
2025-07-21T15:12:10Z,126.0,Sense
2025-07-21T15:12:15Z,123.0,Sense
2025-07-21T15:12:20Z,120.0,Sense
2025-07-21T15:12:25Z,116.0,Sense
2025-07-21T15:12:30Z,113.0,Sense
2025-07-21T15:12:35Z,109.0,Sense
2025-07-21T15:12:40Z,109.0,Sense
2025-07-21T15:12:45Z,111.0,Sense
2025-07-21T15:12:50Z,109.0,Sense
2025-07-21T15:12:55Z,112.0,Sense
2025-07-21T15:13:00Z,110.0,Sense
2025-07-21T15:13:10Z,106.0,Sense
2025-07-21T15:13:15Z,93.0,Sense
2025-07-21T15:13:20Z,101.0,Sense
2025-07-21T15:13:35Z,101.0,Sense
2025-07-21T15:13:40Z,103.0,Sense
2025-07-21T15:13:45Z,88.0,Sense
2025-07-21T15:13:50Z,89.0,Sense
2025-07-21T15:13:55Z,99.0,Sense
2025-07-21T15:14:10Z,99.0,Sense
2025-07-21T15:14:15Z,99.0,Sense
2025-07-21T15:14:25Z,114.0,Sense
2025-07-21T15:14:30Z,119.0,Sense
2025-07-21T15:14:35Z,118.0,Sense
2025-07-21T15:14:40Z,119.0,Sense
2025-07-21T15:14:45Z,122.0,Sense
2025-07-21T15:14:50Z,123.0,Sense
2025-07-21T15:14:55Z,122.0,Sense
2025-07-21T15:15:00Z,117.0,Sense
2025-07-21T15:15:05Z,128.0,Sense
2025-07-21T15:15:10Z,160.0,Sense
2025-07-21T15:15:20Z,158.0,Sense
2025-07-21T15:15:25Z,161.0,Sense
2025-07-21T15:15:30Z,160.0,Sense
2025-07-21T15:15:35Z,156.0,Sense
2025-07-21T15:15:40Z,151.0,Sense
2025-07-21T15:15:45Z,145.0,Sense
2025-07-21T15:15:50Z,142.0,Sense
2025-07-21T15:16:00Z,137.0,Sense
2025-07-21T15:16:05Z,134.0,Sense
2025-07-21T15:16:10Z,135.0,Sense
2025-07-21T15:16:15Z,134.0,Sense
2025-07-21T15:16:20Z,130.0,Sense
2025-07-21T15:16:25Z,129.0,Sense
2025-07-21T15:16:30Z,128.0,Sense
2025-07-21T15:16:35Z,131.0,Sense
2025-07-21T15:16:40Z,140.0,Sense
2025-07-21T15:16:50Z,139.0,Sense
2025-07-21T15:16:55Z,143.0,Sense
2025-07-21T15:17:00Z,144.0,Sense
2025-07-21T15:17:05Z,143.0,Sense
2025-07-21T15:17:10Z,142.0,Sense
2025-07-21T15:17:15Z,136.0,Sense
2025-07-21T15:17:20Z,130.0,Sense
2025-07-21T15:17:25Z,127.0,Sense
2025-07-21T15:17:30Z,119.0,Sense
2025-07-21T15:17:35Z,117.0,Sense
2025-07-21T15:17:40Z,115.0,Sense
2025-07-21T15:17:45Z,111.0,Sense
2025-07-21T15:17:55Z,109.0,Sense
2025-07-21T15:18:00Z,102.0,Sense
2025-07-21T15:18:05Z,101.0,Sense
2025-07-21T15:18:10Z,103.0,Sense
2025-07-21T15:18:20Z,102.0,Sense
2025-07-21T15:18:25Z,95.0,Sense
2025-07-21T15:18:30Z,90.0,Sense
2025-07-21T15:18:35Z,93.0,Sense
2025-07-21T15:18:40Z,91.0,Sense
2025-07-21T15:18:45Z,82.0,Sense
2025-07-21T15:18:50Z,76.0,Sense
2025-07-21T15:18:55Z,70.0,Sense
2025-07-21T15:19:05Z,71.0,Sense
2025-07-21T15:19:15Z,73.0,Sense
2025-07-21T15:19:20Z,75.0,Sense
2025-07-21T15:19:25Z,76.0,Sense
2025-07-21T15:19:30Z,93.0,Sense
2025-07-21T15:19:35Z,100.0,Sense
2025-07-21T15:19:45Z,109.0,Sense
2025-07-21T15:19:50Z,107.0,Sense
2025-07-21T15:20:05Z,106.0,Sense
2025-07-21T15:20:10Z,107.0,Sense
2025-07-21T15:20:15Z,105.0,Sense
2025-07-21T15:20:20Z,103.0,Sense
2025-07-21T15:20:25Z,122.0,Sense
2025-07-21T15:20:30Z,143.0,Sense
2025-07-21T15:20:40Z,140.0,Sense
2025-07-21T15:20:45Z,141.0,Sense
2025-07-21T15:20:50Z,139.0,Sense
2025-07-21T15:20:55Z,134.0,Sense
2025-07-21T15:21:00Z,133.0,Sense
2025-07-21T15:21:05Z,131.0,Sense
2025-07-21T15:21:10Z,127.0,Sense
2025-07-21T15:21:15Z,121.0,Sense
2025-07-21T15:21:20Z,119.0,Sense
2025-07-21T15:21:25Z,116.0,Sense
2025-07-21T15:21:30Z,120.0,Sense
2025-07-21T15:21:35Z,125.0,Sense
2025-07-21T15:21:40Z,126.0,Sense
2025-07-21T15:21:50Z,125.0,Sense
2025-07-21T15:21:55Z,123.0,Sense
2025-07-21T15:22:00Z,117.0,Sense
2025-07-21T15:22:05Z,108.0,Sense
2025-07-21T15:22:10Z,109.0,Sense
2025-07-21T15:22:15Z,111.0,Sense
2025-07-21T15:22:30Z,116.0,Sense
2025-07-21T15:22:35Z,120.0,Sense
2025-07-21T15:22:40Z,122.0,Sense
2025-07-21T15:22:45Z,113.0,Sense
2025-07-21T15:22:50Z,111.0,Sense
2025-07-21T15:22:55Z,110.0,Sense
2025-07-21T15:23:00Z,105.0,Sense
2025-07-21T15:23:10Z,107.0,Sense
2025-07-21T15:23:15Z,106.0,Sense
2025-07-21T15:23:20Z,105.0,Sense
2025-07-21T15:23:25Z,106.0,Sense
2025-07-21T15:23:30Z,110.0,Sense
2025-07-21T15:23:35Z,113.0,Sense
2025-07-21T15:23:40Z,115.0,Sense
2025-07-21T15:23:45Z,141.0,Sense
2025-07-21T15:23:50Z,147.0,Sense
2025-07-21T15:24:00Z,146.0,Sense
2025-07-21T15:24:05Z,144.0,Sense
2025-07-21T15:24:10Z,142.0,Sense
2025-07-21T15:24:15Z,141.0,Sense
2025-07-21T15:24:25Z,142.0,Sense
2025-07-21T15:24:30Z,143.0,Sense
2025-07-21T15:24:35Z,142.0,Sense
2025-07-21T15:24:40Z,144.0,Sense
2025-07-21T15:24:45Z,140.0,Sense
2025-07-21T15:24:50Z,130.0,Sense
2025-07-21T15:24:55Z,123.0,Sense
2025-07-21T15:25:00Z,126.0,Sense
2025-07-21T15:25:05Z,132.0,Sense
2025-07-21T15:25:10Z,138.0,Sense
2025-07-21T15:25:15Z,133.0,Sense
2025-07-21T15:25:20Z,125.0,Sense
2025-07-21T15:25:30Z,124.0,Sense
2025-07-21T15:25:35Z,123.0,Sense
2025-07-21T15:25:40Z,120.0,Sense
2025-07-21T15:25:45Z,119.0,Sense
2025-07-21T15:25:50Z,112.0,Sense
2025-07-21T15:26:05Z,112.0,Sense
2025-07-21T15:26:10Z,109.0,Sense
2025-07-21T15:26:15Z,110.0,Sense
2025-07-21T15:26:20Z,118.0,Sense
2025-07-21T15:26:25Z,127.0,Sense
2025-07-21T15:26:35Z,128.0,Sense
2025-07-21T15:26:40Z,152.0,Sense
2025-07-21T15:26:45Z,156.0,Sense
2025-07-21T15:26:50Z,153.0,Sense
2025-07-21T15:26:55Z,158.0,Sense
2025-07-21T15:27:00Z,162.0,Sense
2025-07-21T15:27:05Z,160.0,Sense
2025-07-21T15:27:10Z,158.0,Sense
2025-07-21T15:27:20Z,158.0,Sense
2025-07-21T15:27:25Z,157.0,Sense
2025-07-21T15:27:30Z,155.0,Sense
2025-07-21T15:27:35Z,153.0,Sense
2025-07-21T15:27:40Z,149.0,Sense
2025-07-21T15:27:45Z,146.0,Sense
2025-07-21T15:27:50Z,143.0,Sense
2025-07-21T15:27:55Z,143.0,Sense
2025-07-21T15:28:00Z,142.0,Sense
2025-07-21T15:28:05Z,141.0,Sense
2025-07-21T15:28:10Z,140.0,Sense
2025-07-21T15:28:15Z,138.0,Sense
2025-07-21T15:28:20Z,139.0,Sense
2025-07-21T15:28:25Z,141.0,Sense
2025-07-21T15:28:35Z,155.0,Sense
2025-07-21T15:28:45Z,153.0,Sense
2025-07-21T15:28:50Z,152.0,Sense
2025-07-21T15:28:55Z,150.0,Sense
2025-07-21T15:29:00Z,148.0,Sense
2025-07-21T15:29:05Z,146.0,Sense
2025-07-21T15:29:10Z,144.0,Sense
2025-07-21T15:29:15Z,143.0,Sense
2025-07-21T15:29:20Z,138.0,Sense
2025-07-21T15:29:30Z,145.0,Sense
2025-07-21T15:29:35Z,146.0,Sense
2025-07-21T15:29:40Z,145.0,Sense
2025-07-21T15:29:45Z,144.0,Sense
2025-07-21T15:29:50Z,143.0,Sense
2025-07-21T15:29:55Z,140.0,Sense
2025-07-21T15:30:00Z,135.0,Sense
2025-07-21T15:30:05Z,136.0,Sense
2025-07-21T15:30:20Z,136.0,Sense
2025-07-21T15:30:25Z,137.0,Sense
2025-07-21T15:30:30Z,140.0,Sense
2025-07-21T15:30:35Z,136.0,Sense
2025-07-21T15:30:50Z,135.0,Sense
2025-07-21T15:30:55Z,131.0,Sense
2025-07-21T15:31:05Z,133.0,Sense
2025-07-21T15:31:10Z,130.0,Sense
2025-07-21T15:31:15Z,130.0,Sense
2025-07-21T15:31:20Z,128.0,Sense
2025-07-21T15:31:25Z,121.0,Sense
2025-07-21T15:31:30Z,120.0,Sense
2025-07-21T15:31:35Z,126.0,Sense
2025-07-21T15:31:40Z,155.0,Sense
2025-07-21T15:31:45Z,157.0,Sense
2025-07-21T15:31:55Z,154.0,Sense
2025-07-21T15:32:00Z,153.0,Sense
2025-07-21T15:32:05Z,152.0,Sense
2025-07-21T15:32:15Z,153.0,Sense
2025-07-21T15:32:20Z,152.0,Sense
2025-07-21T15:32:25Z,151.0,Sense
2025-07-21T15:32:30Z,141.0,Sense
2025-07-21T15:32:35Z,138.0,Sense
2025-07-21T15:32:40Z,144.0,Sense
2025-07-21T15:32:50Z,151.0,Sense
2025-07-21T15:32:55Z,160.0,Sense
2025-07-21T15:33:10Z,160.0,Sense
2025-07-21T15:33:15Z,161.0,Sense
2025-07-21T15:33:20Z,149.0,Sense
2025-07-21T15:33:25Z,144.0,Sense
2025-07-21T15:33:30Z,143.0,Sense
2025-07-21T15:33:35Z,142.0,Sense
2025-07-21T15:33:45Z,138.0,Sense
2025-07-21T15:33:50Z,138.0,Sense
2025-07-21T15:33:55Z,136.0,Sense
2025-07-21T15:34:00Z,128.0,Sense
2025-07-21T15:34:05Z,119.0,Sense
2025-07-21T15:34:10Z,112.0,Sense
2025-07-21T15:34:15Z,117.0,Sense
2025-07-21T15:34:20Z,122.0,Sense
2025-07-21T15:34:25Z,117.0,Sense
2025-07-21T15:34:30Z,118.0,Sense
2025-07-21T15:34:35Z,112.0,Sense
2025-07-21T15:34:40Z,103.0,Sense
2025-07-21T15:34:45Z,96.0,Sense
2025-07-21T15:34:50Z,95.0,Sense
2025-07-21T15:34:55Z,96.0,Sense
2025-07-21T15:35:00Z,98.0,Sense
2025-07-21T15:35:05Z,101.0,Sense
2025-07-21T15:35:10Z,100.0,Sense
2025-07-21T15:35:15Z,86.0,Sense
2025-07-21T15:35:20Z,75.0,Sense
2025-07-21T15:35:30Z,74.0,Sense
2025-07-21T15:35:35Z,75.0,Sense
2025-07-21T15:35:40Z,76.0,Sense
2025-07-21T15:35:45Z,80.0,Sense
2025-07-21T15:35:50Z,82.0,Sense
2025-07-21T15:35:55Z,84.0,Sense
2025-07-21T15:36:00Z,85.0,Sense
2025-07-21T15:36:10Z,89.0,Sense
2025-07-21T15:36:15Z,91.0,Sense
2025-07-21T15:36:20Z,95.0,Sense
2025-07-21T15:36:25Z,100.0,Sense
2025-07-21T15:36:30Z,106.0,Sense
2025-07-21T15:36:35Z,103.0,Sense
2025-07-21T15:36:40Z,100.0,Sense
2025-07-21T15:36:50Z,102.0,Sense
2025-07-21T15:36:55Z,121.0,Sense
2025-07-21T15:37:10Z,121.0,Sense
2025-07-21T15:37:15Z,124.0,Sense
2025-07-21T15:37:20Z,123.0,Sense
2025-07-21T15:37:25Z,122.0,Sense
2025-07-21T15:37:30Z,127.0,Sense
2025-07-21T15:37:35Z,128.0,Sense
2025-07-21T15:37:40Z,126.0,Sense
2025-07-21T15:37:45Z,124.0,Sense
2025-07-21T15:37:50Z,122.0,Sense
2025-07-21T15:37:55Z,117.0,Sense
2025-07-21T15:38:00Z,115.0,Sense
2025-07-21T15:38:05Z,109.0,Sense
2025-07-21T15:38:10Z,108.0,Sense
2025-07-21T15:38:15Z,109.0,Sense
2025-07-21T15:38:20Z,107.0,Sense
2025-07-21T15:38:25Z,103.0,Sense
2025-07-21T15:38:30Z,111.0,Sense
2025-07-21T15:38:35Z,112.0,Sense
2025-07-21T15:38:40Z,113.0,Sense
2025-07-21T15:38:45Z,115.0,Sense
2025-07-21T15:38:50Z,116.0,Sense
2025-07-21T15:38:55Z,114.0,Sense
2025-07-21T15:39:00Z,115.0,Sense
2025-07-21T15:39:05Z,114.0,Sense
2025-07-21T15:39:15Z,118.0,Sense
2025-07-21T15:39:25Z,119.0,Sense
2025-07-21T15:39:30Z,117.0,Sense
2025-07-21T15:39:35Z,118.0,Sense
2025-07-21T15:39:40Z,126.0,Sense
2025-07-21T15:39:45Z,159.0,Sense
2025-07-21T15:39:55Z,156.0,Sense
2025-07-21T15:40:00Z,155.0,Sense
2025-07-21T15:40:05Z,156.0,Sense
2025-07-21T15:40:10Z,155.0,Sense
2025-07-21T15:40:20Z,153.0,Sense
2025-07-21T15:40:30Z,150.0,Sense
2025-07-21T15:40:40Z,152.0,Sense
2025-07-21T15:40:45Z,153.0,Sense
2025-07-21T15:40:50Z,152.0,Sense
2025-07-21T15:40:55Z,151.0,Sense
2025-07-21T15:41:00Z,145.0,Sense
2025-07-21T15:41:05Z,150.0,Sense
2025-07-21T15:41:10Z,155.0,Sense
2025-07-21T15:41:15Z,145.0,Sense
2025-07-21T15:41:20Z,143.0,Sense
2025-07-21T15:41:25Z,142.0,Sense
2025-07-21T15:41:30Z,140.0,Sense
2025-07-21T15:41:35Z,137.0,Sense
2025-07-21T15:41:40Z,134.0,Sense
2025-07-21T15:41:45Z,143.0,Sense
2025-07-21T15:41:50Z,157.0,Sense
2025-07-21T15:41:55Z,156.0,Sense
2025-07-21T15:42:00Z,151.0,Sense
2025-07-21T15:42:05Z,147.0,Sense
2025-07-21T15:42:15Z,148.0,Sense
2025-07-21T15:42:20Z,150.0,Sense
2025-07-21T15:42:25Z,151.0,Sense
2025-07-21T15:42:30Z,147.0,Sense
2025-07-21T15:42:35Z,148.0,Sense
2025-07-21T15:42:40Z,152.0,Sense
2025-07-21T15:42:45Z,151.0,Sense
2025-07-21T15:42:50Z,147.0,Sense
2025-07-21T15:42:55Z,144.0,Sense
2025-07-21T15:43:00Z,142.0,Sense
2025-07-21T15:43:05Z,141.0,Sense
2025-07-21T15:43:10Z,160.0,Sense
2025-07-21T15:43:15Z,161.0,Sense
2025-07-21T15:43:20Z,158.0,Sense
2025-07-21T15:43:25Z,157.0,Sense
2025-07-21T15:43:30Z,155.0,Sense
2025-07-21T15:43:35Z,154.0,Sense
2025-07-21T15:43:40Z,152.0,Sense
2025-07-21T15:43:45Z,151.0,Sense
2025-07-21T15:43:50Z,148.0,Sense
2025-07-21T15:43:55Z,146.0,Sense
2025-07-21T15:44:00Z,145.0,Sense
2025-07-21T15:44:05Z,144.0,Sense
2025-07-21T15:44:10Z,140.0,Sense
2025-07-21T15:44:16Z,137.0,Sense
2025-07-21T15:44:21Z,140.0,Sense
2025-07-21T15:44:26Z,139.0,Sense
2025-07-21T15:44:31Z,138.0,Sense
2025-07-21T15:44:36Z,133.0,Sense
2025-07-21T15:44:41Z,130.0,Sense
2025-07-21T15:44:46Z,132.0,Sense
2025-07-21T15:44:56Z,131.0,Sense
2025-07-21T15:45:01Z,132.0,Sense
2025-07-21T15:45:11Z,130.0,Sense
2025-07-21T15:45:21Z,128.0,Sense
2025-07-21T15:45:26Z,130.0,Sense
2025-07-21T15:45:41Z,126.0,Sense
2025-07-21T15:45:46Z,124.0,Sense
2025-07-21T15:45:51Z,123.0,Sense
2025-07-21T15:45:56Z,122.0,Sense
2025-07-21T15:46:01Z,120.0,Sense
2025-07-21T15:46:06Z,119.0,Sense
2025-07-21T15:46:11Z,116.0,Sense
2025-07-21T15:46:16Z,113.0,Sense
2025-07-21T15:46:21Z,112.0,Sense
2025-07-21T15:46:26Z,111.0,Sense
2025-07-21T15:46:31Z,108.0,Sense
2025-07-21T15:46:36Z,104.0,Sense
2025-07-21T15:46:41Z,105.0,Sense
2025-07-21T15:46:46Z,108.0,Sense
2025-07-21T15:46:51Z,109.0,Sense
2025-07-21T15:46:56Z,103.0,Sense
2025-07-21T15:47:01Z,96.0,Sense
2025-07-21T15:47:06Z,98.0,Sense
2025-07-21T15:47:11Z,124.0,Sense
2025-07-21T15:47:16Z,130.0,Sense
2025-07-21T15:47:26Z,134.0,Sense
2025-07-21T15:47:31Z,146.0,Sense
2025-07-21T15:47:36Z,147.0,Sense
2025-07-21T15:47:41Z,145.0,Sense
2025-07-21T15:47:46Z,142.0,Sense
2025-07-21T15:47:51Z,138.0,Sense
2025-07-21T15:47:56Z,138.0,Sense
2025-07-21T15:48:01Z,137.0,Sense
2025-07-21T15:48:06Z,120.0,Sense
2025-07-21T15:48:11Z,113.0,Sense
2025-07-21T15:48:16Z,112.0,Sense
2025-07-21T15:48:26Z,115.0,Sense
2025-07-21T15:48:36Z,114.0,Sense
2025-07-21T15:48:41Z,115.0,Sense
2025-07-21T15:48:46Z,121.0,Sense
2025-07-21T15:48:51Z,125.0,Sense
2025-07-21T15:48:56Z,122.0,Sense
2025-07-21T15:49:01Z,114.0,Sense
2025-07-21T15:49:06Z,103.0,Sense
2025-07-21T15:49:11Z,96.0,Sense
2025-07-21T15:49:21Z,95.0,Sense
2025-07-21T15:49:26Z,94.0,Sense
2025-07-21T15:49:31Z,95.0,Sense
2025-07-21T15:49:36Z,115.0,Sense
2025-07-21T15:49:41Z,114.0,Sense
2025-07-21T15:49:46Z,111.0,Sense
2025-07-21T15:49:51Z,109.0,Sense
2025-07-21T15:49:56Z,113.0,Sense
2025-07-21T15:50:01Z,114.0,Sense
2025-07-21T15:50:06Z,116.0,Sense
2025-07-21T15:50:11Z,121.0,Sense
2025-07-21T15:50:16Z,119.0,Sense
2025-07-21T15:50:21Z,117.0,Sense
2025-07-21T15:50:26Z,113.0,Sense
2025-07-21T15:50:31Z,115.0,Sense
2025-07-21T15:50:36Z,130.0,Sense
2025-07-21T15:50:41Z,135.0,Sense
2025-07-21T15:50:51Z,134.0,Sense
2025-07-21T15:50:56Z,134.0,Sense
2025-07-21T15:51:06Z,132.0,Sense
2025-07-21T15:51:11Z,152.0,Sense
2025-07-21T15:51:16Z,159.0,Sense
2025-07-21T15:51:21Z,162.0,Sense
2025-07-21T15:51:26Z,160.0,Sense
2025-07-21T15:51:36Z,158.0,Sense
2025-07-21T15:51:41Z,154.0,Sense
2025-07-21T15:51:46Z,151.0,Sense
2025-07-21T15:51:51Z,147.0,Sense
2025-07-21T15:51:56Z,145.0,Sense
2025-07-21T15:52:01Z,143.0,Sense
2025-07-21T15:52:06Z,155.0,Sense
2025-07-21T15:52:11Z,162.0,Sense
2025-07-21T15:52:16Z,161.0,Sense
2025-07-21T15:52:21Z,163.0,Sense
2025-07-21T15:52:26Z,164.0,Sense
2025-07-21T15:52:31Z,167.0,Sense
2025-07-21T15:52:36Z,166.0,Sense
2025-07-21T15:52:41Z,162.0,Sense
2025-07-21T15:52:46Z,164.0,Sense
2025-07-21T15:52:51Z,172.0,Sense
2025-07-21T15:52:56Z,176.0,Sense
2025-07-21T15:53:01Z,174.0,Sense
2025-07-21T15:53:11Z,176.0,Sense
2025-07-21T15:53:16Z,172.0,Sense
2025-07-21T15:53:21Z,171.0,Sense
2025-07-21T15:53:26Z,168.0,Sense
2025-07-21T15:53:31Z,166.0,Sense
2025-07-21T15:53:36Z,164.0,Sense
2025-07-21T15:53:41Z,162.0,Sense
2025-07-21T15:53:46Z,158.0,Sense
2025-07-21T15:53:51Z,160.0,Sense
2025-07-21T15:53:56Z,162.0,Sense
2025-07-21T15:54:01Z,159.0,Sense
2025-07-21T15:54:06Z,155.0,Sense
2025-07-21T15:54:11Z,153.0,Sense
2025-07-21T15:54:16Z,154.0,Sense
2025-07-21T15:54:26Z,150.0,Sense
2025-07-21T15:54:31Z,146.0,Sense
2025-07-21T15:54:36Z,150.0,Sense
2025-07-21T15:54:41Z,149.0,Sense
2025-07-21T15:54:46Z,145.0,Sense
2025-07-21T15:54:56Z,143.0,Sense
2025-07-21T15:55:01Z,141.0,Sense
2025-07-21T15:55:06Z,139.0,Sense
2025-07-21T15:55:11Z,138.0,Sense
2025-07-21T15:55:16Z,135.0,Sense
2025-07-21T15:55:21Z,137.0,Sense
2025-07-21T15:55:31Z,134.0,Sense
2025-07-21T15:55:36Z,129.0,Sense
2025-07-21T15:55:41Z,125.0,Sense
2025-07-21T15:55:46Z,124.0,Sense
2025-07-21T15:55:51Z,133.0,Sense
2025-07-21T15:55:56Z,164.0,Sense
2025-07-21T15:56:01Z,167.0,Sense
2025-07-21T15:56:06Z,166.0,Sense
2025-07-21T15:56:11Z,165.0,Sense
2025-07-21T15:56:16Z,166.0,Sense
2025-07-21T15:56:21Z,166.0,Sense
2025-07-21T15:56:26Z,164.0,Sense
2025-07-21T15:56:31Z,161.0,Sense
2025-07-21T15:56:36Z,159.0,Sense
2025-07-21T15:56:41Z,154.0,Sense
2025-07-21T15:56:46Z,151.0,Sense
2025-07-21T15:56:51Z,150.0,Sense
2025-07-21T15:56:56Z,147.0,Sense
2025-07-21T15:57:01Z,149.0,Sense
2025-07-21T15:57:06Z,164.0,Sense
2025-07-21T15:57:11Z,166.0,Sense
2025-07-21T15:57:16Z,166.0,Sense
2025-07-21T15:57:21Z,164.0,Sense
2025-07-21T15:57:26Z,160.0,Sense
2025-07-21T15:57:31Z,163.0,Sense
2025-07-21T15:57:36Z,165.0,Sense
2025-07-21T15:57:41Z,164.0,Sense
2025-07-21T15:57:46Z,163.0,Sense
2025-07-21T15:57:51Z,161.0,Sense
2025-07-21T15:57:56Z,157.0,Sense
2025-07-21T15:58:01Z,154.0,Sense
2025-07-21T15:58:06Z,152.0,Sense
2025-07-21T15:58:11Z,151.0,Sense
2025-07-21T15:58:16Z,149.0,Sense
2025-07-21T15:58:21Z,150.0,Sense
2025-07-21T15:58:26Z,149.0,Sense
2025-07-21T15:58:31Z,144.0,Sense
2025-07-21T15:58:36Z,142.0,Sense
2025-07-21T15:58:41Z,144.0,Sense
2025-07-21T15:58:51Z,140.0,Sense
2025-07-21T15:58:56Z,139.0,Sense
2025-07-21T15:59:01Z,138.0,Sense
2025-07-21T15:59:11Z,136.0,Sense
2025-07-21T15:59:16Z,133.0,Sense
2025-07-21T15:59:21Z,130.0,Sense
2025-07-21T15:59:26Z,124.0,Sense
2025-07-21T15:59:31Z,118.0,Sense
2025-07-21T15:59:36Z,124.0,Sense
2025-07-21T15:59:41Z,129.0,Sense
2025-07-21T15:59:51Z,130.0,Sense
2025-07-21T15:59:56Z,128.0,Sense
2025-07-21T16:00:01Z,125.0,Sense
2025-07-21T16:00:06Z,124.0,Sense
2025-07-21T16:00:11Z,122.0,Sense
2025-07-21T16:00:21Z,123.0,Sense
2025-07-21T16:00:26Z,124.0,Sense
2025-07-21T16:00:31Z,122.0,Sense
2025-07-21T16:00:36Z,118.0,Sense
2025-07-21T16:00:41Z,100.0,Sense
2025-07-21T16:00:46Z,98.0,Sense
2025-07-21T16:00:51Z,99.0,Sense
2025-07-21T16:01:01Z,111.0,Sense
2025-07-21T16:01:06Z,112.0,Sense
2025-07-21T16:01:11Z,123.0,Sense
2025-07-21T16:01:16Z,120.0,Sense
2025-07-21T16:01:21Z,121.0,Sense
2025-07-21T16:01:26Z,120.0,Sense
2025-07-21T16:01:31Z,136.0,Sense
2025-07-21T16:01:36Z,149.0,Sense
2025-07-21T16:01:41Z,147.0,Sense
2025-07-21T16:01:46Z,148.0,Sense
2025-07-21T16:01:51Z,145.0,Sense
2025-07-21T16:01:56Z,144.0,Sense
2025-07-21T16:02:01Z,145.0,Sense
2025-07-21T16:02:06Z,142.0,Sense
2025-07-21T16:02:11Z,145.0,Sense
2025-07-21T16:02:26Z,143.0,Sense
2025-07-21T16:02:31Z,137.0,Sense
2025-07-21T16:02:36Z,132.0,Sense
2025-07-21T16:02:41Z,138.0,Sense
2025-07-21T16:02:46Z,139.0,Sense
2025-07-21T16:02:51Z,134.0,Sense
2025-07-21T16:02:56Z,120.0,Sense
2025-07-21T16:03:01Z,119.0,Sense
2025-07-21T16:03:06Z,118.0,Sense
2025-07-21T16:03:11Z,115.0,Sense
2025-07-21T16:03:16Z,114.0,Sense
2025-07-21T16:03:21Z,113.0,Sense
2025-07-21T16:03:26Z,111.0,Sense
2025-07-21T16:03:31Z,105.0,Sense
2025-07-21T16:03:36Z,104.0,Sense
2025-07-21T16:03:41Z,110.0,Sense
2025-07-21T16:03:46Z,135.0,Sense
2025-07-21T16:03:51Z,133.0,Sense
2025-07-21T16:04:01Z,131.0,Sense
2025-07-21T16:04:06Z,129.0,Sense
2025-07-21T16:04:11Z,128.0,Sense
2025-07-21T16:04:16Z,130.0,Sense
2025-07-21T16:04:21Z,132.0,Sense
2025-07-21T16:04:31Z,129.0,Sense
2025-07-21T16:04:36Z,120.0,Sense
2025-07-21T16:04:41Z,119.0,Sense
2025-07-21T16:04:46Z,118.0,Sense
2025-07-21T16:04:51Z,115.0,Sense
2025-07-21T16:04:56Z,112.0,Sense
2025-07-21T16:05:01Z,109.0,Sense
2025-07-21T16:05:06Z,108.0,Sense
2025-07-21T16:05:16Z,109.0,Sense
2025-07-21T16:05:21Z,119.0,Sense
2025-07-21T16:05:26Z,134.0,Sense
2025-07-21T16:05:36Z,125.0,Sense
2025-07-21T16:05:41Z,131.0,Sense
2025-07-21T16:05:46Z,130.0,Sense
2025-07-21T16:05:51Z,128.0,Sense
2025-07-21T16:05:56Z,137.0,Sense
2025-07-21T16:06:06Z,138.0,Sense
2025-07-21T16:06:11Z,141.0,Sense
2025-07-21T16:06:16Z,140.0,Sense
2025-07-21T16:06:21Z,140.0,Sense
2025-07-21T16:06:31Z,143.0,Sense
2025-07-21T16:06:36Z,148.0,Sense
2025-07-21T16:06:41Z,149.0,Sense
2025-07-21T16:06:46Z,148.0,Sense
2025-07-21T16:06:51Z,149.0,Sense
2025-07-21T16:06:56Z,148.0,Sense
2025-07-21T16:07:01Z,142.0,Sense
2025-07-21T16:07:06Z,141.0,Sense
2025-07-21T16:07:11Z,143.0,Sense
2025-07-21T16:07:16Z,146.0,Sense
2025-07-21T16:07:21Z,146.0,Sense
2025-07-21T16:07:31Z,144.0,Sense
2025-07-21T16:07:36Z,143.0,Sense
2025-07-21T16:07:41Z,148.0,Sense
2025-07-21T16:07:46Z,154.0,Sense
2025-07-21T16:07:51Z,150.0,Sense
2025-07-21T16:07:56Z,148.0,Sense
2025-07-21T16:08:01Z,149.0,Sense
2025-07-21T16:08:16Z,149.0,Sense
2025-07-21T16:08:21Z,146.0,Sense
2025-07-21T16:08:26Z,145.0,Sense
2025-07-21T16:08:31Z,142.0,Sense
2025-07-21T16:08:36Z,141.0,Sense
2025-07-21T16:08:41Z,138.0,Sense
2025-07-21T16:08:46Z,137.0,Sense
2025-07-21T16:08:51Z,139.0,Sense
2025-07-21T16:08:56Z,140.0,Sense
2025-07-21T16:09:01Z,139.0,Sense
2025-07-21T16:09:11Z,135.0,Sense
2025-07-21T16:09:16Z,130.0,Sense
2025-07-21T16:09:21Z,131.0,Sense
2025-07-21T16:09:26Z,132.0,Sense
2025-07-21T16:09:31Z,128.0,Sense
2025-07-21T16:09:36Z,120.0,Sense
2025-07-21T16:09:41Z,119.0,Sense
2025-07-21T16:09:51Z,123.0,Sense
2025-07-21T16:09:56Z,124.0,Sense
2025-07-21T16:10:01Z,125.0,Sense
2025-07-21T16:10:11Z,129.0,Sense
2025-07-21T16:10:16Z,133.0,Sense
2025-07-21T16:10:21Z,135.0,Sense
2025-07-21T16:10:26Z,128.0,Sense
2025-07-21T16:10:31Z,127.0,Sense
2025-07-21T16:10:36Z,129.0,Sense
2025-07-21T16:10:41Z,139.0,Sense
2025-07-21T16:10:46Z,138.0,Sense
2025-07-21T16:10:51Z,137.0,Sense
2025-07-21T16:10:56Z,133.0,Sense
2025-07-21T16:11:01Z,132.0,Sense
2025-07-21T16:11:06Z,130.0,Sense
2025-07-21T16:11:11Z,124.0,Sense
2025-07-21T16:11:16Z,119.0,Sense
2025-07-21T16:11:21Z,116.0,Sense
2025-07-21T16:11:26Z,115.0,Sense
2025-07-21T16:11:31Z,113.0,Sense
2025-07-21T16:11:36Z,112.0,Sense
2025-07-21T16:11:41Z,115.0,Sense
2025-07-21T16:11:46Z,146.0,Sense
2025-07-21T16:11:51Z,148.0,Sense
2025-07-21T16:11:56Z,147.0,Sense
2025-07-21T16:12:01Z,145.0,Sense
2025-07-21T16:12:06Z,141.0,Sense
2025-07-21T16:12:11Z,134.0,Sense
2025-07-21T16:12:16Z,127.0,Sense
2025-07-21T16:12:21Z,126.0,Sense
2025-07-21T16:12:26Z,123.0,Sense
2025-07-21T16:12:31Z,123.0,Sense
2025-07-21T16:12:36Z,122.0,Sense
2025-07-21T16:12:46Z,121.0,Sense
2025-07-21T16:12:51Z,120.0,Sense
2025-07-21T16:12:56Z,117.0,Sense
2025-07-21T16:13:01Z,110.0,Sense
2025-07-21T16:13:06Z,109.0,Sense
2025-07-21T16:13:11Z,121.0,Sense
2025-07-21T16:13:16Z,117.0,Sense
2025-07-21T16:13:21Z,113.0,Sense
2025-07-21T16:13:26Z,112.0,Sense
2025-07-21T16:13:31Z,110.0,Sense
2025-07-21T16:13:37Z,109.0,Sense
2025-07-21T16:13:42Z,111.0,Sense
2025-07-21T16:13:47Z,112.0,Sense
2025-07-21T16:13:52Z,118.0,Sense
2025-07-21T16:13:57Z,125.0,Sense
2025-07-21T16:14:02Z,127.0,Sense
2025-07-21T16:14:17Z,125.0,Sense
2025-07-21T16:14:22Z,119.0,Sense
2025-07-21T16:14:27Z,129.0,Sense
2025-07-21T16:14:32Z,151.0,Sense
2025-07-21T16:14:37Z,146.0,Sense
2025-07-21T16:14:42Z,147.0,Sense
2025-07-21T16:14:47Z,146.0,Sense
2025-07-21T16:14:52Z,145.0,Sense
2025-07-21T16:14:57Z,146.0,Sense
2025-07-21T16:15:02Z,151.0,Sense
2025-07-21T16:15:07Z,161.0,Sense
2025-07-21T16:15:12Z,159.0,Sense
2025-07-21T16:15:17Z,158.0,Sense
2025-07-21T16:15:22Z,159.0,Sense
2025-07-21T16:15:27Z,162.0,Sense
2025-07-21T16:15:32Z,161.0,Sense
2025-07-21T16:15:37Z,161.0,Sense
2025-07-21T16:15:42Z,157.0,Sense
2025-07-21T16:15:47Z,145.0,Sense
2025-07-21T16:15:52Z,136.0,Sense
2025-07-21T16:15:57Z,135.0,Sense
2025-07-21T16:16:02Z,134.0,Sense
2025-07-21T16:16:07Z,138.0,Sense
2025-07-21T16:16:12Z,137.0,Sense
2025-07-21T16:16:17Z,135.0,Sense
2025-07-21T16:16:22Z,132.0,Sense
2025-07-21T16:16:27Z,130.0,Sense
2025-07-21T16:16:32Z,129.0,Sense
2025-07-21T16:16:37Z,133.0,Sense
2025-07-21T16:16:42Z,135.0,Sense
2025-07-21T16:16:47Z,134.0,Sense
2025-07-21T16:16:52Z,129.0,Sense
2025-07-21T16:16:57Z,132.0,Sense
2025-07-21T16:17:12Z,133.0,Sense
2025-07-21T16:17:17Z,130.0,Sense
2025-07-21T16:17:24Z,129.0,Sense
2025-07-21T16:17:29Z,126.0,Sense
2025-07-21T16:17:34Z,114.0,Sense
2025-07-21T16:17:39Z,109.0,Sense
2025-07-21T16:17:44Z,110.0,Sense
2025-07-21T16:17:49Z,113.0,Sense
2025-07-21T16:17:54Z,115.0,Sense
2025-07-21T16:17:59Z,120.0,Sense
2025-07-21T16:18:04Z,135.0,Sense
2025-07-21T16:18:09Z,137.0,Sense
2025-07-21T16:18:14Z,138.0,Sense
2025-07-21T16:18:19Z,135.0,Sense
2025-07-21T16:18:24Z,133.0,Sense
2025-07-21T16:18:29Z,136.0,Sense
2025-07-21T16:18:34Z,141.0,Sense
2025-07-21T16:18:39Z,143.0,Sense
2025-07-21T16:18:44Z,140.0,Sense
2025-07-21T16:18:49Z,137.0,Sense
2025-07-21T16:18:54Z,136.0,Sense
2025-07-21T16:18:59Z,135.0,Sense
2025-07-21T16:19:04Z,132.0,Sense
2025-07-21T16:19:09Z,133.0,Sense
2025-07-21T16:19:14Z,136.0,Sense
2025-07-21T16:19:19Z,135.0,Sense
2025-07-21T16:19:24Z,135.0,Sense
2025-07-21T16:19:34Z,126.0,Sense
2025-07-21T16:19:39Z,109.0,Sense
2025-07-21T16:19:44Z,110.0,Sense
2025-07-21T16:19:49Z,111.0,Sense
2025-07-21T16:19:54Z,102.0,Sense
2025-07-21T16:19:59Z,101.0,Sense
2025-07-21T16:20:04Z,100.0,Sense
2025-07-21T16:20:09Z,99.0,Sense
2025-07-21T16:20:14Z,95.0,Sense
2025-07-21T16:20:19Z,98.0,Sense
2025-07-21T16:20:24Z,102.0,Sense
2025-07-21T16:20:29Z,106.0,Sense
2025-07-21T16:20:34Z,107.0,Sense
2025-07-21T16:20:39Z,110.0,Sense
2025-07-21T16:20:44Z,109.0,Sense
2025-07-21T16:20:49Z,108.0,Sense
2025-07-21T16:20:54Z,109.0,Sense
2025-07-21T16:20:59Z,113.0,Sense
2025-07-21T16:21:04Z,115.0,Sense
2025-07-21T16:21:19Z,114.0,Sense
2025-07-21T16:21:24Z,109.0,Sense
2025-07-21T16:21:29Z,110.0,Sense
2025-07-21T16:21:34Z,132.0,Sense
2025-07-21T16:21:39Z,151.0,Sense
2025-07-21T16:21:44Z,153.0,Sense
2025-07-21T16:21:54Z,152.0,Sense
2025-07-21T16:21:59Z,151.0,Sense
2025-07-21T16:22:04Z,148.0,Sense
2025-07-21T16:22:10Z,147.0,Sense
2025-07-21T16:22:15Z,146.0,Sense
2025-07-21T16:22:25Z,153.0,Sense
2025-07-21T16:22:30Z,157.0,Sense
2025-07-21T16:22:35Z,159.0,Sense
2025-07-21T16:22:40Z,156.0,Sense
2025-07-21T16:22:45Z,154.0,Sense
2025-07-21T16:22:50Z,156.0,Sense
2025-07-21T16:22:55Z,151.0,Sense
2025-07-21T16:23:00Z,145.0,Sense
2025-07-21T16:23:05Z,139.0,Sense
2025-07-21T16:23:10Z,133.0,Sense
2025-07-21T16:23:15Z,135.0,Sense
2025-07-21T16:23:25Z,133.0,Sense
2025-07-21T16:23:30Z,130.0,Sense
2025-07-21T16:23:35Z,131.0,Sense
2025-07-21T16:23:40Z,128.0,Sense
2025-07-21T16:23:45Z,126.0,Sense
2025-07-21T16:24:00Z,123.0,Sense
2025-07-21T16:24:05Z,118.0,Sense
2025-07-21T16:24:10Z,115.0,Sense
2025-07-21T16:24:15Z,125.0,Sense
2025-07-21T16:24:20Z,151.0,Sense
2025-07-21T16:24:25Z,153.0,Sense
2025-07-21T16:24:30Z,154.0,Sense
2025-07-21T16:24:35Z,155.0,Sense
2025-07-21T16:24:40Z,155.0,Sense
2025-07-21T16:24:50Z,152.0,Sense
2025-07-21T16:24:55Z,149.0,Sense
2025-07-21T16:25:00Z,150.0,Sense
2025-07-21T16:25:05Z,147.0,Sense
2025-07-21T16:25:10Z,142.0,Sense
2025-07-21T16:25:25Z,143.0,Sense
2025-07-21T16:25:30Z,146.0,Sense
2025-07-21T16:25:35Z,145.0,Sense
2025-07-21T16:25:40Z,143.0,Sense
2025-07-21T16:25:45Z,145.0,Sense
2025-07-21T16:25:50Z,144.0,Sense
2025-07-21T16:25:55Z,141.0,Sense
2025-07-21T16:26:00Z,128.0,Sense
2025-07-21T16:26:05Z,120.0,Sense
2025-07-21T16:26:10Z,118.0,Sense
2025-07-21T16:26:20Z,120.0,Sense
2025-07-21T16:26:25Z,121.0,Sense
2025-07-21T16:26:30Z,114.0,Sense
2025-07-21T16:26:35Z,113.0,Sense
2025-07-21T16:26:40Z,112.0,Sense
2025-07-21T16:26:45Z,117.0,Sense
2025-07-21T16:26:50Z,123.0,Sense
2025-07-21T16:26:55Z,127.0,Sense
2025-07-21T16:27:00Z,140.0,Sense
2025-07-21T16:27:05Z,138.0,Sense
2025-07-21T16:27:10Z,134.0,Sense
2025-07-21T16:27:15Z,134.0,Sense
2025-07-21T16:27:20Z,130.0,Sense
2025-07-21T16:27:25Z,123.0,Sense
2025-07-21T16:27:30Z,120.0,Sense
2025-07-21T16:27:40Z,118.0,Sense
2025-07-21T16:27:45Z,112.0,Sense
2025-07-21T16:27:50Z,109.0,Sense
2025-07-21T16:27:55Z,113.0,Sense
2025-07-21T16:28:00Z,118.0,Sense
2025-07-21T16:28:10Z,112.0,Sense
2025-07-21T16:28:15Z,127.0,Sense
2025-07-21T16:28:20Z,143.0,Sense
2025-07-21T16:28:25Z,141.0,Sense
2025-07-21T16:28:30Z,139.0,Sense
2025-07-21T16:28:40Z,138.0,Sense
2025-07-21T16:28:45Z,142.0,Sense
2025-07-21T16:28:50Z,141.0,Sense
2025-07-21T16:28:55Z,133.0,Sense
2025-07-21T16:29:00Z,130.0,Sense
2025-07-21T16:29:05Z,128.0,Sense
2025-07-21T16:29:10Z,126.0,Sense
2025-07-21T16:29:20Z,125.0,Sense
2025-07-21T16:29:30Z,125.0,Sense
2025-07-21T16:29:35Z,122.0,Sense
2025-07-21T16:29:40Z,114.0,Sense
2025-07-21T16:29:45Z,111.0,Sense
2025-07-21T16:29:50Z,108.0,Sense
2025-07-21T16:29:55Z,105.0,Sense
2025-07-21T16:30:00Z,100.0,Sense
2025-07-21T16:30:05Z,83.0,Sense
2025-07-21T16:30:10Z,75.0,Sense
2025-07-21T16:30:15Z,79.0,Sense
2025-07-21T16:30:20Z,90.0,Sense
2025-07-21T16:30:25Z,91.0,Sense
2025-07-21T16:30:30Z,90.0,Sense
2025-07-21T16:30:40Z,87.0,Sense
2025-07-21T16:30:45Z,86.0,Sense
2025-07-21T16:30:50Z,87.0,Sense
2025-07-21T16:30:55Z,85.0,Sense
2025-07-21T16:31:00Z,82.0,Sense
2025-07-21T16:31:05Z,72.0,Sense
2025-07-21T16:31:10Z,73.0,Sense
2025-07-21T16:31:15Z,74.0,Sense
2025-07-21T16:31:20Z,75.0,Sense
2025-07-21T16:31:25Z,77.0,Sense
2025-07-21T16:31:30Z,78.0,Sense
2025-07-21T16:31:35Z,79.0,Sense
2025-07-21T16:31:40Z,82.0,Sense
2025-07-21T16:31:45Z,93.0,Sense
2025-07-21T16:31:50Z,107.0,Sense
2025-07-21T16:31:55Z,126.0,Sense
2025-07-21T16:32:00Z,127.0,Sense
2025-07-21T16:32:05Z,128.0,Sense
2025-07-21T16:32:20Z,127.0,Sense
2025-07-21T16:32:25Z,127.0,Sense
2025-07-21T16:32:30Z,122.0,Sense
2025-07-21T16:32:35Z,121.0,Sense
2025-07-21T16:32:40Z,117.0,Sense
2025-07-21T16:32:45Z,119.0,Sense
2025-07-21T16:32:50Z,123.0,Sense
2025-07-21T16:32:55Z,122.0,Sense
2025-07-21T16:33:00Z,121.0,Sense
2025-07-21T16:33:10Z,116.0,Sense
2025-07-21T16:33:15Z,110.0,Sense
2025-07-21T16:33:20Z,103.0,Sense
2025-07-21T16:33:25Z,99.0,Sense
2025-07-21T16:33:30Z,97.0,Sense
2025-07-21T16:33:35Z,95.0,Sense
2025-07-21T16:33:40Z,92.0,Sense
2025-07-21T16:33:45Z,95.0,Sense
2025-07-21T16:33:50Z,97.0,Sense
2025-07-21T16:33:55Z,92.0,Sense
2025-07-21T16:34:00Z,91.0,Sense
2025-07-21T16:34:05Z,90.0,Sense
2025-07-21T16:34:10Z,91.0,Sense
2025-07-21T16:34:20Z,89.0,Sense
2025-07-21T16:34:25Z,92.0,Sense
2025-07-21T16:34:30Z,95.0,Sense
2025-07-21T16:34:35Z,101.0,Sense
2025-07-21T16:34:40Z,102.0,Sense
2025-07-21T16:34:45Z,105.0,Sense
2025-07-21T16:34:50Z,102.0,Sense
2025-07-21T16:34:55Z,100.0,Sense
2025-07-21T16:35:05Z,108.0,Sense
2025-07-21T16:35:15Z,103.0,Sense
2025-07-21T16:35:20Z,101.0,Sense
2025-07-21T16:35:30Z,98.0,Sense
2025-07-21T16:35:35Z,97.0,Sense
2025-07-21T16:35:40Z,99.0,Sense
2025-07-21T16:35:45Z,122.0,Sense
2025-07-21T16:35:50Z,123.0,Sense
2025-07-21T16:35:55Z,124.0,Sense
2025-07-21T16:36:05Z,122.0,Sense
2025-07-21T16:36:10Z,138.0,Sense
2025-07-21T16:36:15Z,153.0,Sense
2025-07-21T16:36:20Z,150.0,Sense
2025-07-21T16:36:25Z,139.0,Sense
2025-07-21T16:36:30Z,135.0,Sense
2025-07-21T16:36:35Z,134.0,Sense
2025-07-21T16:36:40Z,132.0,Sense
2025-07-21T16:36:45Z,128.0,Sense
2025-07-21T16:36:50Z,127.0,Sense
2025-07-21T16:36:55Z,125.0,Sense
2025-07-21T16:37:00Z,117.0,Sense
2025-07-21T16:37:05Z,115.0,Sense
2025-07-21T16:37:15Z,117.0,Sense
2025-07-21T16:37:20Z,115.0,Sense
2025-07-21T16:37:25Z,114.0,Sense
2025-07-21T16:37:30Z,111.0,Sense
2025-07-21T16:37:35Z,135.0,Sense
2025-07-21T16:37:40Z,138.0,Sense
2025-07-21T16:37:45Z,137.0,Sense
2025-07-21T16:37:50Z,135.0,Sense
2025-07-21T16:37:55Z,131.0,Sense
2025-07-21T16:38:00Z,128.0,Sense
2025-07-21T16:38:05Z,129.0,Sense
2025-07-21T16:38:10Z,128.0,Sense
2025-07-21T16:38:15Z,131.0,Sense
2025-07-21T16:38:20Z,138.0,Sense
2025-07-21T16:38:25Z,134.0,Sense
2025-07-21T16:38:30Z,131.0,Sense
2025-07-21T16:38:35Z,132.0,Sense
2025-07-21T16:38:40Z,133.0,Sense
2025-07-21T16:38:45Z,131.0,Sense
2025-07-21T16:38:55Z,135.0,Sense
2025-07-21T16:39:00Z,135.0,Sense
2025-07-21T16:39:05Z,134.0,Sense
2025-07-21T16:39:10Z,136.0,Sense
2025-07-21T16:39:15Z,142.0,Sense
2025-07-21T16:39:20Z,146.0,Sense
2025-07-21T16:39:25Z,157.0,Sense
2025-07-21T16:39:30Z,158.0,Sense
2025-07-21T16:39:35Z,157.0,Sense
2025-07-21T16:39:50Z,155.0,Sense
2025-07-21T16:39:55Z,154.0,Sense
2025-07-21T16:40:00Z,150.0,Sense
2025-07-21T16:40:05Z,147.0,Sense
2025-07-21T16:40:10Z,145.0,Sense
2025-07-21T16:40:15Z,149.0,Sense
2025-07-21T16:40:20Z,150.0,Sense
2025-07-21T16:40:25Z,161.0,Sense
2025-07-21T16:40:30Z,159.0,Sense
2025-07-21T16:40:35Z,156.0,Sense
2025-07-21T16:40:40Z,155.0,Sense
2025-07-21T16:40:45Z,153.0,Sense
2025-07-21T16:40:55Z,152.0,Sense
2025-07-21T16:41:00Z,152.0,Sense
2025-07-21T16:41:05Z,151.0,Sense
2025-07-21T16:41:15Z,152.0,Sense
2025-07-21T16:41:20Z,153.0,Sense
2025-07-21T16:41:25Z,145.0,Sense
2025-07-21T16:41:30Z,144.0,Sense
2025-07-21T16:41:36Z,144.0,Sense
2025-07-21T16:41:41Z,143.0,Sense
2025-07-21T16:41:46Z,142.0,Sense
2025-07-21T16:41:51Z,140.0,Sense
2025-07-21T16:41:56Z,140.0,Sense
2025-07-21T16:42:01Z,136.0,Sense
2025-07-21T16:42:06Z,133.0,Sense
2025-07-21T16:42:11Z,141.0,Sense
2025-07-21T16:42:16Z,143.0,Sense
2025-07-21T16:42:21Z,135.0,Sense
2025-07-21T16:42:26Z,132.0,Sense
2025-07-21T16:42:31Z,133.0,Sense
2025-07-21T16:42:36Z,129.0,Sense
2025-07-21T16:42:41Z,125.0,Sense
2025-07-21T16:42:46Z,131.0,Sense
2025-07-21T16:42:51Z,133.0,Sense
2025-07-21T16:42:56Z,134.0,Sense
2025-07-21T16:43:01Z,136.0,Sense
2025-07-21T16:43:06Z,130.0,Sense
2025-07-21T16:43:11Z,131.0,Sense
2025-07-21T16:43:16Z,144.0,Sense
2025-07-21T16:43:21Z,144.0,Sense
2025-07-21T16:43:26Z,142.0,Sense
2025-07-21T16:43:31Z,140.0,Sense
2025-07-21T16:43:41Z,144.0,Sense
2025-07-21T16:43:46Z,143.0,Sense
2025-07-21T16:43:51Z,139.0,Sense
2025-07-21T16:44:01Z,134.0,Sense
2025-07-21T16:44:06Z,129.0,Sense
2025-07-21T16:44:11Z,132.0,Sense
2025-07-21T16:44:16Z,155.0,Sense
2025-07-21T16:44:21Z,156.0,Sense
2025-07-21T16:44:26Z,154.0,Sense
2025-07-21T16:44:31Z,151.0,Sense
2025-07-21T16:44:36Z,148.0,Sense
2025-07-21T16:44:42Z,144.0,Sense
2025-07-21T16:44:47Z,137.0,Sense
2025-07-21T16:44:52Z,130.0,Sense
2025-07-21T16:44:57Z,125.0,Sense
2025-07-21T16:45:07Z,124.0,Sense
2025-07-21T16:45:12Z,122.0,Sense
2025-07-21T16:45:17Z,124.0,Sense
2025-07-21T16:45:22Z,121.0,Sense
2025-07-21T16:45:27Z,113.0,Sense
2025-07-21T16:45:32Z,106.0,Sense
2025-07-21T16:45:37Z,109.0,Sense
2025-07-21T16:45:42Z,107.0,Sense
2025-07-21T16:45:47Z,102.0,Sense
2025-07-21T16:45:52Z,104.0,Sense
2025-07-21T16:46:02Z,103.0,Sense
2025-07-21T16:46:07Z,102.0,Sense
2025-07-21T16:46:12Z,100.0,Sense
2025-07-21T16:46:17Z,125.0,Sense
2025-07-21T16:46:22Z,143.0,Sense
2025-07-21T16:46:27Z,142.0,Sense
2025-07-21T16:46:32Z,138.0,Sense
2025-07-21T16:46:37Z,128.0,Sense
2025-07-21T16:46:52Z,130.0,Sense
2025-07-21T16:46:57Z,132.0,Sense
2025-07-21T16:47:02Z,146.0,Sense
2025-07-21T16:47:07Z,149.0,Sense
2025-07-21T16:47:12Z,150.0,Sense
2025-07-21T16:47:17Z,149.0,Sense
2025-07-21T16:47:22Z,136.0,Sense
2025-07-21T16:47:27Z,134.0,Sense
2025-07-21T16:47:32Z,132.0,Sense
2025-07-21T16:47:37Z,130.0,Sense
2025-07-21T16:47:42Z,129.0,Sense
2025-07-21T16:47:47Z,127.0,Sense
2025-07-21T16:47:52Z,123.0,Sense
2025-07-21T16:47:57Z,123.0,Sense
2025-07-21T16:48:02Z,130.0,Sense
2025-07-21T16:48:07Z,135.0,Sense
2025-07-21T16:48:17Z,136.0,Sense
2025-07-21T16:48:22Z,134.0,Sense
2025-07-21T16:48:27Z,132.0,Sense
2025-07-21T16:48:32Z,130.0,Sense
2025-07-21T16:48:42Z,132.0,Sense
2025-07-21T16:48:47Z,133.0,Sense
2025-07-21T16:48:57Z,131.0,Sense
2025-07-21T16:49:02Z,127.0,Sense
2025-07-21T16:49:07Z,126.0,Sense
2025-07-21T16:49:12Z,128.0,Sense
2025-07-21T16:49:17Z,128.0,Sense
2025-07-21T16:49:27Z,145.0,Sense
2025-07-21T16:49:32Z,159.0,Sense
2025-07-21T16:49:37Z,157.0,Sense
2025-07-21T16:49:42Z,155.0,Sense
2025-07-21T16:49:47Z,154.0,Sense
2025-07-21T16:49:52Z,149.0,Sense
2025-07-21T16:49:57Z,144.0,Sense
2025-07-21T16:50:02Z,138.0,Sense
2025-07-21T16:50:07Z,133.0,Sense
2025-07-21T16:50:12Z,132.0,Sense
2025-07-21T16:50:17Z,131.0,Sense
2025-07-21T16:50:27Z,129.0,Sense
2025-07-21T16:50:32Z,122.0,Sense
2025-07-21T16:50:37Z,115.0,Sense
2025-07-21T16:50:42Z,112.0,Sense
2025-07-21T16:50:47Z,111.0,Sense
2025-07-21T16:50:52Z,106.0,Sense
2025-07-21T16:50:57Z,107.0,Sense
2025-07-21T16:51:07Z,106.0,Sense
2025-07-21T16:51:12Z,102.0,Sense
2025-07-21T16:51:17Z,100.0,Sense
2025-07-21T16:51:22Z,103.0,Sense
2025-07-21T16:51:27Z,92.0,Sense
2025-07-21T16:51:32Z,91.0,Sense
2025-07-21T16:51:37Z,93.0,Sense
2025-07-21T16:51:42Z,92.0,Sense
2025-07-21T16:51:52Z,92.0,Sense
2025-07-21T16:52:02Z,89.0,Sense
2025-07-21T16:52:07Z,87.0,Sense
2025-07-21T16:52:12Z,83.0,Sense
2025-07-21T16:52:17Z,76.0,Sense
2025-07-21T16:52:27Z,77.0,Sense
2025-07-21T16:52:32Z,78.0,Sense
2025-07-21T16:52:37Z,79.0,Sense
2025-07-21T16:52:42Z,79.0,Sense
2025-07-21T16:52:47Z,85.0,Sense
2025-07-21T16:52:52Z,87.0,Sense
2025-07-21T16:52:57Z,101.0,Sense
2025-07-21T16:53:02Z,100.0,Sense
2025-07-21T16:53:07Z,102.0,Sense
2025-07-21T16:53:12Z,104.0,Sense
2025-07-21T16:53:17Z,105.0,Sense
2025-07-21T16:53:22Z,121.0,Sense
2025-07-21T16:53:27Z,135.0,Sense
2025-07-21T16:53:32Z,133.0,Sense
2025-07-21T16:53:37Z,135.0,Sense
2025-07-21T16:53:42Z,145.0,Sense
2025-07-21T16:53:47Z,144.0,Sense
2025-07-21T16:53:52Z,139.0,Sense
2025-07-21T16:54:02Z,138.0,Sense
2025-07-21T16:54:07Z,139.0,Sense
2025-07-21T16:54:12Z,164.0,Sense
2025-07-21T16:54:22Z,163.0,Sense
2025-07-21T16:54:27Z,160.0,Sense
2025-07-21T16:54:37Z,158.0,Sense
2025-07-21T16:54:47Z,157.0,Sense
2025-07-21T16:54:52Z,159.0,Sense
2025-07-21T16:54:57Z,162.0,Sense
2025-07-21T16:55:02Z,158.0,Sense
2025-07-21T16:55:07Z,157.0,Sense
2025-07-21T16:55:12Z,154.0,Sense
2025-07-21T16:55:17Z,152.0,Sense
2025-07-21T16:55:22Z,154.0,Sense
2025-07-21T16:55:27Z,149.0,Sense
2025-07-21T16:55:32Z,144.0,Sense
2025-07-21T16:55:37Z,140.0,Sense
2025-07-21T16:55:42Z,132.0,Sense
2025-07-21T16:55:47Z,125.0,Sense
2025-07-21T16:55:52Z,142.0,Sense
2025-07-21T16:55:57Z,147.0,Sense
2025-07-21T16:56:02Z,148.0,Sense
2025-07-21T16:56:07Z,143.0,Sense
2025-07-21T16:56:12Z,142.0,Sense
2025-07-21T16:56:17Z,143.0,Sense
2025-07-21T16:56:22Z,144.0,Sense
2025-07-21T16:56:27Z,142.0,Sense
2025-07-21T16:56:32Z,143.0,Sense
2025-07-21T16:56:37Z,145.0,Sense
2025-07-21T16:56:42Z,142.0,Sense
2025-07-21T16:56:47Z,139.0,Sense
2025-07-21T16:56:52Z,126.0,Sense
2025-07-21T16:56:57Z,122.0,Sense
2025-07-21T16:57:02Z,123.0,Sense
2025-07-21T16:57:07Z,124.0,Sense
2025-07-21T16:57:12Z,121.0,Sense
2025-07-21T16:57:17Z,125.0,Sense
2025-07-21T16:57:22Z,126.0,Sense
2025-07-21T16:57:27Z,124.0,Sense
2025-07-21T16:57:32Z,122.0,Sense
2025-07-21T16:57:37Z,118.0,Sense
2025-07-21T16:57:42Z,118.0,Sense
2025-07-21T16:57:47Z,118.0,Sense
2025-07-21T16:57:57Z,125.0,Sense
2025-07-21T16:58:02Z,137.0,Sense
2025-07-21T16:58:07Z,138.0,Sense
2025-07-21T16:58:12Z,141.0,Sense
2025-07-21T16:58:17Z,139.0,Sense
2025-07-21T16:58:22Z,138.0,Sense
2025-07-21T16:58:32Z,136.0,Sense
2025-07-21T16:58:37Z,134.0,Sense
2025-07-21T16:58:42Z,130.0,Sense
2025-07-21T16:58:47Z,126.0,Sense
2025-07-21T16:58:52Z,124.0,Sense
2025-07-21T16:58:57Z,119.0,Sense
2025-07-21T16:59:02Z,115.0,Sense
2025-07-21T16:59:12Z,114.0,Sense
2025-07-21T16:59:17Z,117.0,Sense
2025-07-21T16:59:23Z,120.0,Sense
2025-07-21T16:59:28Z,115.0,Sense
2025-07-21T16:59:33Z,110.0,Sense
2025-07-21T16:59:38Z,118.0,Sense
2025-07-21T16:59:43Z,121.0,Sense
2025-07-21T16:59:48Z,120.0,Sense
2025-07-21T16:59:53Z,121.0,Sense
2025-07-21T16:59:58Z,119.0,Sense
2025-07-21T17:00:03Z,119.0,Sense
2025-07-21T17:00:08Z,130.0,Sense
2025-07-21T17:00:13Z,138.0,Sense
2025-07-21T17:00:18Z,137.0,Sense
2025-07-21T17:00:23Z,136.0,Sense
2025-07-21T17:00:33Z,137.0,Sense
2025-07-21T17:00:38Z,136.0,Sense
2025-07-21T17:00:43Z,134.0,Sense
2025-07-21T17:00:48Z,133.0,Sense
2025-07-21T17:00:53Z,131.0,Sense
2025-07-21T17:00:58Z,127.0,Sense
2025-07-21T17:01:03Z,126.0,Sense
2025-07-21T17:01:08Z,124.0,Sense
2025-07-21T17:01:13Z,121.0,Sense
2025-07-21T17:01:18Z,125.0,Sense
2025-07-21T17:01:23Z,126.0,Sense
2025-07-21T17:01:28Z,123.0,Sense
2025-07-21T17:01:33Z,121.0,Sense
2025-07-21T17:01:38Z,121.0,Sense
2025-07-21T17:01:43Z,123.0,Sense
2025-07-21T17:01:48Z,118.0,Sense
2025-07-21T17:01:53Z,111.0,Sense
2025-07-21T17:01:58Z,104.0,Sense
2025-07-21T17:02:03Z,106.0,Sense
2025-07-21T17:02:08Z,109.0,Sense
2025-07-21T17:02:18Z,110.0,Sense
2025-07-21T17:02:23Z,111.0,Sense
2025-07-21T17:02:28Z,115.0,Sense
2025-07-21T17:02:33Z,111.0,Sense
2025-07-21T17:02:38Z,110.0,Sense
2025-07-21T17:02:43Z,112.0,Sense
2025-07-21T17:02:48Z,117.0,Sense
2025-07-21T17:02:53Z,118.0,Sense
2025-07-21T17:02:58Z,116.0,Sense
2025-07-21T17:03:08Z,117.0,Sense
2025-07-21T17:03:13Z,115.0,Sense
2025-07-21T17:03:18Z,114.0,Sense
2025-07-21T17:03:23Z,115.0,Sense
2025-07-21T17:03:28Z,112.0,Sense
2025-07-21T17:03:33Z,110.0,Sense
2025-07-21T17:03:38Z,108.0,Sense
2025-07-21T17:03:43Z,104.0,Sense
2025-07-21T17:03:48Z,115.0,Sense
2025-07-21T17:03:53Z,129.0,Sense
2025-07-21T17:04:03Z,131.0,Sense
2025-07-21T17:04:08Z,130.0,Sense
2025-07-21T17:04:13Z,130.0,Sense
2025-07-21T17:04:18Z,131.0,Sense
2025-07-21T17:04:23Z,130.0,Sense
2025-07-21T17:04:33Z,131.0,Sense
2025-07-21T17:04:38Z,128.0,Sense
2025-07-21T17:04:43Z,125.0,Sense
2025-07-21T17:04:48Z,124.0,Sense
2025-07-21T17:04:53Z,123.0,Sense
2025-07-21T17:04:58Z,122.0,Sense
2025-07-21T17:05:03Z,119.0,Sense
2025-07-21T17:05:08Z,117.0,Sense
2025-07-21T17:05:13Z,118.0,Sense
2025-07-21T17:05:18Z,120.0,Sense
2025-07-21T17:05:23Z,114.0,Sense
2025-07-21T17:05:28Z,107.0,Sense
2025-07-21T17:05:33Z,98.0,Sense
2025-07-21T17:05:48Z,100.0,Sense
2025-07-21T17:05:53Z,97.0,Sense
2025-07-21T17:05:58Z,114.0,Sense
2025-07-21T17:06:03Z,129.0,Sense
2025-07-21T17:06:08Z,137.0,Sense
2025-07-21T17:06:13Z,139.0,Sense
2025-07-21T17:06:18Z,142.0,Sense
2025-07-21T17:06:23Z,143.0,Sense
2025-07-21T17:06:38Z,147.0,Sense
2025-07-21T17:06:43Z,156.0,Sense
2025-07-21T17:06:48Z,155.0,Sense
2025-07-21T17:06:53Z,153.0,Sense
2025-07-21T17:06:58Z,151.0,Sense
2025-07-21T17:07:03Z,154.0,Sense
2025-07-21T17:07:08Z,152.0,Sense
2025-07-21T17:07:13Z,150.0,Sense
2025-07-21T17:07:18Z,153.0,Sense
2025-07-21T17:07:23Z,151.0,Sense
2025-07-21T17:07:33Z,159.0,Sense
2025-07-21T17:07:38Z,158.0,Sense
2025-07-21T17:07:43Z,157.0,Sense
2025-07-21T17:07:48Z,152.0,Sense
2025-07-21T17:07:58Z,153.0,Sense
2025-07-21T17:08:03Z,152.0,Sense
2025-07-21T17:08:13Z,154.0,Sense
2025-07-21T17:08:18Z,152.0,Sense
2025-07-21T17:08:23Z,151.0,Sense
2025-07-21T17:08:28Z,144.0,Sense
2025-07-21T17:08:33Z,141.0,Sense
2025-07-21T17:08:38Z,142.0,Sense
2025-07-21T17:08:43Z,137.0,Sense
2025-07-21T17:08:48Z,161.0,Sense
2025-07-21T17:08:53Z,166.0,Sense
2025-07-21T17:09:03Z,164.0,Sense
2025-07-21T17:09:08Z,160.0,Sense
2025-07-21T17:09:13Z,156.0,Sense
2025-07-21T17:09:18Z,151.0,Sense
2025-07-21T17:09:23Z,144.0,Sense
2025-07-21T17:09:28Z,140.0,Sense
2025-07-21T17:09:33Z,138.0,Sense
2025-07-21T17:09:38Z,137.0,Sense
2025-07-21T17:09:43Z,134.0,Sense
2025-07-21T17:09:48Z,139.0,Sense
2025-07-21T17:09:53Z,136.0,Sense
2025-07-21T17:09:58Z,131.0,Sense
2025-07-21T17:10:03Z,130.0,Sense
2025-07-21T17:10:08Z,129.0,Sense
2025-07-21T17:10:23Z,129.0,Sense
2025-07-21T17:10:28Z,124.0,Sense
2025-07-21T17:10:33Z,123.0,Sense
2025-07-21T17:10:38Z,126.0,Sense
2025-07-21T17:10:43Z,120.0,Sense
2025-07-21T17:10:48Z,115.0,Sense
2025-07-21T17:10:53Z,116.0,Sense
2025-07-21T17:10:58Z,118.0,Sense
2025-07-21T17:11:03Z,114.0,Sense
2025-07-21T17:11:08Z,111.0,Sense
2025-07-21T17:11:13Z,109.0,Sense
2025-07-21T17:11:23Z,108.0,Sense
2025-07-21T17:11:28Z,106.0,Sense
2025-07-21T17:11:33Z,95.0,Sense
2025-07-21T17:11:38Z,95.0,Sense
2025-07-21T17:11:43Z,97.0,Sense
2025-07-21T17:11:48Z,99.0,Sense
2025-07-21T17:11:53Z,95.0,Sense
2025-07-21T17:11:58Z,94.0,Sense
2025-07-21T17:12:03Z,95.0,Sense
2025-07-21T17:12:08Z,100.0,Sense
2025-07-21T17:12:13Z,104.0,Sense
2025-07-21T17:12:18Z,105.0,Sense
2025-07-21T17:12:23Z,100.0,Sense
2025-07-21T17:12:28Z,96.0,Sense
2025-07-21T17:12:33Z,95.0,Sense
2025-07-21T17:12:38Z,95.0,Sense
2025-07-21T17:12:43Z,93.0,Sense
2025-07-21T17:12:48Z,91.0,Sense
2025-07-21T17:13:03Z,93.0,Sense
2025-07-21T17:13:08Z,94.0,Sense
2025-07-21T17:13:13Z,94.0,Sense
2025-07-21T17:13:18Z,95.0,Sense
2025-07-21T17:13:23Z,97.0,Sense
2025-07-21T17:13:28Z,99.0,Sense
2025-07-21T17:13:33Z,104.0,Sense
2025-07-21T17:13:38Z,107.0,Sense
2025-07-21T17:13:48Z,120.0,Sense
2025-07-21T17:13:53Z,147.0,Sense
2025-07-21T17:14:03Z,148.0,Sense
2025-07-21T17:14:08Z,149.0,Sense
2025-07-21T17:14:13Z,149.0,Sense
2025-07-21T17:14:18Z,151.0,Sense
2025-07-21T17:14:23Z,157.0,Sense
2025-07-21T17:14:28Z,158.0,Sense
2025-07-21T17:14:33Z,156.0,Sense
2025-07-21T17:14:38Z,154.0,Sense
2025-07-21T17:14:43Z,153.0,Sense
2025-07-21T17:14:48Z,150.0,Sense
2025-07-21T17:14:53Z,149.0,Sense
2025-07-21T17:15:08Z,150.0,Sense
2025-07-21T17:15:13Z,152.0,Sense
2025-07-21T17:15:23Z,152.0,Sense
2025-07-21T17:15:28Z,150.0,Sense
2025-07-21T17:15:34Z,148.0,Sense
2025-07-21T17:15:39Z,145.0,Sense
2025-07-21T17:15:44Z,146.0,Sense
2025-07-21T17:15:49Z,149.0,Sense
2025-07-21T17:15:54Z,147.0,Sense
2025-07-21T17:15:59Z,142.0,Sense
2025-07-21T17:16:04Z,141.0,Sense
2025-07-21T17:16:09Z,144.0,Sense
2025-07-21T17:16:14Z,145.0,Sense
2025-07-21T17:16:24Z,150.0,Sense
2025-07-21T17:16:29Z,150.0,Sense
2025-07-21T17:16:39Z,148.0,Sense
2025-07-21T17:16:44Z,144.0,Sense
2025-07-21T17:16:49Z,142.0,Sense
2025-07-21T17:16:54Z,146.0,Sense
2025-07-21T17:16:59Z,147.0,Sense
2025-07-21T17:17:04Z,145.0,Sense
2025-07-21T17:17:09Z,144.0,Sense
2025-07-21T17:17:14Z,141.0,Sense
2025-07-21T17:17:19Z,140.0,Sense
2025-07-21T17:17:24Z,145.0,Sense
2025-07-21T17:17:29Z,141.0,Sense
2025-07-21T17:17:34Z,145.0,Sense
2025-07-21T17:17:39Z,132.0,Sense
2025-07-21T17:17:44Z,131.0,Sense
2025-07-21T17:17:49Z,129.0,Sense
2025-07-21T17:17:54Z,128.0,Sense
2025-07-21T17:17:59Z,126.0,Sense
2025-07-21T17:18:04Z,125.0,Sense
2025-07-21T17:18:09Z,126.0,Sense
2025-07-21T17:18:14Z,119.0,Sense
2025-07-21T17:18:19Z,122.0,Sense
2025-07-21T17:18:24Z,119.0,Sense
2025-07-21T17:18:29Z,115.0,Sense
2025-07-21T17:18:34Z,114.0,Sense
2025-07-21T17:18:39Z,109.0,Sense
2025-07-21T17:18:44Z,106.0,Sense
2025-07-21T17:18:54Z,108.0,Sense
2025-07-21T17:18:59Z,107.0,Sense
2025-07-21T17:19:04Z,104.0,Sense
2025-07-21T17:19:14Z,103.0,Sense
2025-07-21T17:19:19Z,102.0,Sense
2025-07-21T17:19:24Z,99.0,Sense
2025-07-21T17:19:29Z,98.0,Sense
2025-07-21T17:19:39Z,92.0,Sense
2025-07-21T17:19:54Z,92.0,Sense
2025-07-21T17:19:59Z,93.0,Sense
2025-07-21T17:20:09Z,93.0,Sense
2025-07-21T17:20:24Z,93.0,Sense
2025-07-21T17:20:39Z,93.0,Sense
2025-07-21T17:20:44Z,94.0,Sense
2025-07-21T17:20:54Z,92.0,Sense
2025-07-21T17:20:59Z,91.0,Sense
2025-07-21T17:21:04Z,90.0,Sense
2025-07-21T17:21:09Z,89.0,Sense
2025-07-21T17:21:14Z,91.0,Sense
2025-07-21T17:21:19Z,94.0,Sense
2025-07-21T17:21:24Z,95.0,Sense
2025-07-21T17:21:30Z,90.0,Sense
2025-07-21T17:21:35Z,91.0,Sense
2025-07-21T17:21:40Z,92.0,Sense
2025-07-21T17:21:45Z,91.0,Sense
2025-07-21T17:21:50Z,91.0,Sense
2025-07-21T17:21:55Z,92.0,Sense
2025-07-21T17:22:10Z,92.0,Sense
2025-07-21T17:22:20Z,93.0,Sense
2025-07-21T17:22:25Z,93.0,Sense
2025-07-21T17:22:30Z,94.0,Sense
2025-07-21T17:22:35Z,95.0,Sense
2025-07-21T17:22:40Z,97.0,Sense
2025-07-21T17:22:45Z,98.0,Sense
2025-07-21T17:22:50Z,101.0,Sense
2025-07-21T17:22:55Z,98.0,Sense
2025-07-21T17:23:00Z,94.0,Sense
2025-07-21T17:23:05Z,95.0,Sense
2025-07-21T17:23:15Z,91.0,Sense
2025-07-21T17:23:20Z,84.0,Sense
2025-07-21T17:23:25Z,89.0,Sense
2025-07-21T17:23:40Z,98.0,Sense
2025-07-21T17:23:55Z,98.0,Sense
2025-07-21T17:24:00Z,98.0,Sense
2025-07-21T17:24:11Z,97.0,Sense
2025-07-21T17:24:26Z,97.0,Sense
2025-07-21T17:24:31Z,96.0,Sense
2025-07-21T17:24:36Z,92.0,Sense
2025-07-21T17:24:41Z,89.0,Sense
2025-07-21T17:24:56Z,90.0,Sense
2025-07-21T17:25:06Z,91.0,Sense
2025-07-21T17:25:16Z,91.0,Sense
2025-07-21T17:25:21Z,93.0,Sense
2025-07-21T17:25:31Z,93.0,Sense
2025-07-21T17:25:41Z,96.0,Sense
2025-07-21T17:25:46Z,93.0,Sense
2025-07-21T17:25:56Z,94.0,Sense
2025-07-21T17:26:01Z,93.0,Sense
2025-07-21T17:26:06Z,87.0,Sense
2025-07-21T17:26:11Z,88.0,Sense
2025-07-21T17:26:16Z,91.0,Sense
2025-07-21T17:26:21Z,92.0,Sense
2025-07-21T17:26:36Z,92.0,Sense
2025-07-21T17:26:46Z,93.0,Sense
2025-07-21T17:26:51Z,94.0,Sense
2025-07-21T17:27:01Z,93.0,Sense
2025-07-21T17:27:06Z,92.0,Sense
2025-07-21T17:27:11Z,91.0,Sense
2025-07-21T17:27:21Z,92.0,Sense
2025-07-21T17:27:26Z,91.0,Sense
2025-07-21T17:27:31Z,90.0,Sense
2025-07-21T17:27:36Z,90.0,Sense
2025-07-21T17:27:41Z,91.0,Sense
2025-07-21T17:27:46Z,92.0,Sense
2025-07-21T17:27:51Z,93.0,Sense
2025-07-21T17:27:56Z,93.0,Sense
2025-07-21T17:28:01Z,95.0,Sense
2025-07-21T17:28:06Z,102.0,Sense
2025-07-21T17:28:16Z,98.0,Sense
2025-07-21T17:28:21Z,93.0,Sense
2025-07-21T17:28:36Z,94.0,Sense
2025-07-21T17:28:46Z,94.0,Sense
2025-07-21T17:28:51Z,99.0,Sense
2025-07-21T17:28:56Z,110.0,Sense
2025-07-21T17:29:06Z,109.0,Sense
2025-07-21T17:29:11Z,105.0,Sense
2025-07-21T17:29:16Z,98.0,Sense
2025-07-21T17:29:31Z,98.0,Sense
2025-07-21T17:29:41Z,102.0,Sense
2025-07-21T17:29:46Z,107.0,Sense
2025-07-21T17:29:56Z,106.0,Sense
2025-07-21T17:30:01Z,105.0,Sense
2025-07-21T17:30:06Z,103.0,Sense
2025-07-21T17:30:11Z,99.0,Sense
2025-07-21T17:30:16Z,106.0,Sense
2025-07-21T17:30:21Z,111.0,Sense
2025-07-21T17:30:31Z,112.0,Sense
2025-07-21T17:30:36Z,117.0,Sense
2025-07-21T17:30:46Z,118.0,Sense
2025-07-21T17:30:51Z,117.0,Sense
2025-07-21T17:30:56Z,114.0,Sense
2025-07-21T17:31:01Z,110.0,Sense
2025-07-21T17:31:06Z,108.0,Sense
2025-07-21T17:31:11Z,104.0,Sense
2025-07-21T17:31:16Z,93.0,Sense
2025-07-21T17:31:21Z,92.0,Sense
2025-07-21T17:31:26Z,93.0,Sense
2025-07-21T17:31:31Z,95.0,Sense
2025-07-21T17:31:36Z,96.0,Sense
2025-07-21T17:31:46Z,96.0,Sense
2025-07-21T17:31:51Z,97.0,Sense
2025-07-21T17:31:56Z,91.0,Sense
2025-07-21T17:32:01Z,90.0,Sense
2025-07-21T17:32:11Z,93.0,Sense
2025-07-21T17:32:16Z,126.0,Sense
2025-07-21T17:32:21Z,128.0,Sense
2025-07-21T17:32:26Z,127.0,Sense
2025-07-21T17:32:31Z,126.0,Sense
2025-07-21T17:32:41Z,127.0,Sense
2025-07-21T17:32:46Z,125.0,Sense
2025-07-21T17:32:51Z,123.0,Sense
2025-07-21T17:33:06Z,122.0,Sense
2025-07-21T17:33:11Z,121.0,Sense
2025-07-21T17:33:16Z,119.0,Sense
2025-07-21T17:33:21Z,115.0,Sense
2025-07-21T17:33:26Z,113.0,Sense
2025-07-21T17:33:31Z,110.0,Sense
2025-07-21T17:33:36Z,109.0,Sense
2025-07-21T17:33:41Z,108.0,Sense
2025-07-21T17:33:46Z,94.0,Sense
2025-07-21T17:33:51Z,98.0,Sense
2025-07-21T17:33:56Z,107.0,Sense
2025-07-21T17:34:01Z,108.0,Sense
2025-07-21T17:34:11Z,107.0,Sense
2025-07-21T17:34:21Z,104.0,Sense
2025-07-21T17:34:26Z,101.0,Sense
2025-07-21T17:34:36Z,100.0,Sense
2025-07-21T17:34:41Z,99.0,Sense
2025-07-21T17:34:46Z,100.0,Sense
2025-07-21T17:34:56Z,101.0,Sense
2025-07-21T17:35:01Z,100.0,Sense
2025-07-21T17:35:06Z,99.0,Sense
2025-07-21T17:35:11Z,98.0,Sense
2025-07-21T17:35:16Z,97.0,Sense
2025-07-21T17:35:21Z,98.0,Sense
2025-07-21T17:35:36Z,98.0,Sense
2025-07-21T17:35:41Z,95.0,Sense
2025-07-21T17:35:46Z,92.0,Sense
2025-07-21T17:35:56Z,93.0,Sense
2025-07-21T17:36:01Z,92.0,Sense
2025-07-21T17:36:06Z,93.0,Sense
2025-07-21T17:36:11Z,94.0,Sense
2025-07-21T17:36:16Z,95.0,Sense
2025-07-21T17:36:31Z,95.0,Sense
2025-07-21T17:36:36Z,98.0,Sense
2025-07-21T17:36:41Z,106.0,Sense
2025-07-21T17:36:46Z,107.0,Sense
2025-07-21T17:36:51Z,109.0,Sense
2025-07-21T17:36:56Z,107.0,Sense
2025-07-21T17:37:06Z,106.0,Sense
2025-07-21T17:37:11Z,105.0,Sense
2025-07-21T17:37:16Z,103.0,Sense
2025-07-21T17:37:21Z,100.0,Sense
2025-07-21T17:37:26Z,101.0,Sense
2025-07-21T17:37:32Z,103.0,Sense
2025-07-21T17:37:37Z,102.0,Sense
2025-07-21T17:37:42Z,100.0,Sense
2025-07-21T17:37:57Z,100.0,Sense
2025-07-21T17:38:02Z,99.0,Sense
2025-07-21T17:38:17Z,100.0,Sense
2025-07-21T17:38:22Z,105.0,Sense
2025-07-21T17:38:27Z,104.0,Sense
2025-07-21T17:38:32Z,105.0,Sense
2025-07-21T17:38:37Z,108.0,Sense
2025-07-21T17:38:42Z,106.0,Sense
2025-07-21T17:38:47Z,103.0,Sense
2025-07-21T17:38:52Z,105.0,Sense
2025-07-21T17:38:57Z,107.0,Sense
2025-07-21T17:39:02Z,105.0,Sense
2025-07-21T17:39:07Z,103.0,Sense
2025-07-21T17:39:12Z,109.0,Sense
2025-07-21T17:39:17Z,110.0,Sense
2025-07-21T17:39:22Z,109.0,Sense
2025-07-21T17:39:27Z,107.0,Sense
2025-07-21T17:39:32Z,105.0,Sense
2025-07-21T17:39:37Z,102.0,Sense
2025-07-21T17:39:47Z,111.0,Sense
2025-07-21T17:39:52Z,116.0,Sense
2025-07-21T17:39:57Z,114.0,Sense
2025-07-21T17:40:12Z,113.0,Sense
2025-07-21T17:40:17Z,112.0,Sense
2025-07-21T17:40:27Z,111.0,Sense
2025-07-21T17:40:32Z,110.0,Sense
2025-07-21T17:40:37Z,107.0,Sense
2025-07-21T17:40:42Z,105.0,Sense
2025-07-21T17:40:57Z,104.0,Sense
2025-07-21T17:41:02Z,103.0,Sense
2025-07-21T17:41:12Z,102.0,Sense
2025-07-21T17:41:17Z,101.0,Sense
2025-07-21T17:41:22Z,102.0,Sense
2025-07-21T17:41:37Z,101.0,Sense
2025-07-21T17:41:47Z,102.0,Sense
2025-07-21T17:41:52Z,101.0,Sense
2025-07-21T17:41:57Z,100.0,Sense
2025-07-21T17:42:02Z,99.0,Sense
2025-07-21T17:42:12Z,98.0,Sense
2025-07-21T17:42:17Z,96.0,Sense
2025-07-21T17:42:22Z,95.0,Sense
2025-07-21T17:42:32Z,94.0,Sense
2025-07-21T17:42:37Z,95.0,Sense
2025-07-21T17:42:42Z,96.0,Sense
2025-07-21T17:42:47Z,96.0,Sense
2025-07-21T17:42:52Z,97.0,Sense
2025-07-21T17:42:57Z,98.0,Sense
2025-07-21T17:43:02Z,99.0,Sense
2025-07-21T17:43:07Z,100.0,Sense
2025-07-21T17:43:12Z,101.0,Sense
2025-07-21T17:43:17Z,100.0,Sense
2025-07-21T17:43:32Z,100.0,Sense
2025-07-21T17:43:42Z,99.0,Sense
2025-07-21T17:43:47Z,98.0,Sense
2025-07-21T17:43:57Z,100.0,Sense
2025-07-21T17:44:07Z,94.0,Sense
2025-07-21T17:44:22Z,94.0,Sense
2025-07-21T17:44:27Z,107.0,Sense
2025-07-21T17:44:32Z,111.0,Sense
2025-07-21T17:44:37Z,113.0,Sense
2025-07-21T17:44:42Z,111.0,Sense
2025-07-21T17:44:47Z,110.0,Sense
2025-07-21T17:44:57Z,112.0,Sense
2025-07-21T17:45:02Z,115.0,Sense
2025-07-21T17:45:12Z,116.0,Sense
2025-07-21T17:45:17Z,118.0,Sense
2025-07-21T17:45:27Z,116.0,Sense
2025-07-21T17:45:32Z,112.0,Sense
2025-07-21T17:45:37Z,136.0,Sense
2025-07-21T17:45:42Z,144.0,Sense
2025-07-21T17:45:47Z,145.0,Sense
2025-07-21T17:45:52Z,142.0,Sense
2025-07-21T17:45:57Z,129.0,Sense
2025-07-21T17:46:02Z,128.0,Sense
2025-07-21T17:46:07Z,127.0,Sense
2025-07-21T17:46:12Z,132.0,Sense
2025-07-21T17:46:22Z,130.0,Sense
2025-07-21T17:46:27Z,131.0,Sense
2025-07-21T17:46:32Z,128.0,Sense
2025-07-21T17:46:42Z,130.0,Sense
2025-07-21T17:46:47Z,129.0,Sense
2025-07-21T17:46:57Z,131.0,Sense
2025-07-21T17:47:02Z,133.0,Sense
2025-07-21T17:47:07Z,130.0,Sense
2025-07-21T17:47:12Z,131.0,Sense
2025-07-21T17:47:17Z,133.0,Sense
2025-07-21T17:47:27Z,132.0,Sense
2025-07-21T17:47:37Z,129.0,Sense
2025-07-21T17:47:42Z,123.0,Sense
2025-07-21T17:47:47Z,126.0,Sense
2025-07-21T17:47:52Z,127.0,Sense
2025-07-21T17:47:57Z,126.0,Sense
2025-07-21T17:48:02Z,133.0,Sense
2025-07-21T17:48:07Z,154.0,Sense
2025-07-21T17:48:17Z,152.0,Sense
2025-07-21T17:48:22Z,155.0,Sense
2025-07-21T17:48:32Z,153.0,Sense
2025-07-21T17:48:37Z,149.0,Sense
2025-07-21T17:48:42Z,144.0,Sense
2025-07-21T17:48:47Z,141.0,Sense
2025-07-21T17:48:52Z,136.0,Sense
2025-07-21T17:48:57Z,130.0,Sense
2025-07-21T17:49:02Z,129.0,Sense
2025-07-21T17:49:07Z,126.0,Sense
2025-07-21T17:49:12Z,124.0,Sense
2025-07-21T17:49:17Z,127.0,Sense
2025-07-21T17:49:22Z,129.0,Sense
2025-07-21T17:49:27Z,132.0,Sense
2025-07-21T17:49:32Z,130.0,Sense
2025-07-21T17:49:37Z,128.0,Sense
2025-07-21T17:49:42Z,127.0,Sense
2025-07-21T17:49:47Z,126.0,Sense
2025-07-21T17:49:57Z,124.0,Sense
2025-07-21T17:50:02Z,122.0,Sense
2025-07-21T17:50:07Z,117.0,Sense
2025-07-21T17:50:12Z,113.0,Sense
2025-07-21T17:50:17Z,118.0,Sense
2025-07-21T17:50:22Z,123.0,Sense
2025-07-21T17:50:27Z,121.0,Sense
2025-07-21T17:50:32Z,119.0,Sense
2025-07-21T17:50:37Z,118.0,Sense
2025-07-21T17:50:42Z,122.0,Sense
2025-07-21T17:50:47Z,121.0,Sense
2025-07-21T17:50:52Z,128.0,Sense
2025-07-21T17:50:57Z,129.0,Sense
2025-07-21T17:51:02Z,127.0,Sense
2025-07-21T17:51:12Z,126.0,Sense
2025-07-21T17:51:17Z,124.0,Sense
2025-07-21T17:51:22Z,135.0,Sense
2025-07-21T17:51:27Z,147.0,Sense
2025-07-21T17:51:32Z,148.0,Sense
2025-07-21T17:51:37Z,146.0,Sense
2025-07-21T17:51:42Z,144.0,Sense
2025-07-21T17:51:47Z,143.0,Sense
2025-07-21T17:51:52Z,142.0,Sense
2025-07-21T17:51:57Z,145.0,Sense
2025-07-21T17:52:07Z,143.0,Sense
2025-07-21T17:52:12Z,142.0,Sense
2025-07-21T17:52:17Z,140.0,Sense
2025-07-21T17:52:22Z,138.0,Sense
2025-07-21T17:52:27Z,134.0,Sense
2025-07-21T17:52:32Z,132.0,Sense
2025-07-21T17:52:37Z,131.0,Sense
2025-07-21T17:52:42Z,130.0,Sense
2025-07-21T17:52:47Z,125.0,Sense
2025-07-21T17:52:52Z,122.0,Sense
2025-07-21T17:52:57Z,121.0,Sense
2025-07-21T17:53:02Z,120.0,Sense
2025-07-21T17:53:07Z,119.0,Sense
2025-07-21T17:53:12Z,118.0,Sense
2025-07-21T17:53:17Z,117.0,Sense
2025-07-21T17:53:22Z,121.0,Sense
2025-07-21T17:53:27Z,140.0,Sense
2025-07-21T17:53:32Z,143.0,Sense
2025-07-21T17:53:37Z,144.0,Sense
2025-07-21T17:53:47Z,143.0,Sense
2025-07-21T17:53:52Z,140.0,Sense
2025-07-21T17:53:57Z,135.0,Sense
2025-07-21T17:54:07Z,129.0,Sense
2025-07-21T17:54:12Z,121.0,Sense
2025-07-21T17:54:17Z,122.0,Sense
2025-07-21T17:54:27Z,123.0,Sense
2025-07-21T17:54:32Z,122.0,Sense
2025-07-21T17:54:37Z,124.0,Sense
2025-07-21T17:54:42Z,128.0,Sense
2025-07-21T17:54:47Z,137.0,Sense
2025-07-21T17:54:52Z,138.0,Sense
2025-07-21T17:54:57Z,132.0,Sense
2025-07-21T17:55:02Z,127.0,Sense
2025-07-21T17:55:07Z,126.0,Sense
2025-07-21T17:55:12Z,137.0,Sense
2025-07-21T17:55:17Z,155.0,Sense
2025-07-21T17:55:22Z,153.0,Sense
2025-07-21T17:55:27Z,151.0,Sense
2025-07-21T17:55:32Z,152.0,Sense
2025-07-21T17:55:37Z,153.0,Sense
2025-07-21T17:55:42Z,158.0,Sense
2025-07-21T17:55:47Z,159.0,Sense
2025-07-21T17:55:52Z,161.0,Sense
2025-07-21T17:55:57Z,158.0,Sense
2025-07-21T17:56:02Z,151.0,Sense
2025-07-21T17:56:07Z,148.0,Sense
2025-07-21T17:56:12Z,147.0,Sense
2025-07-21T17:56:17Z,143.0,Sense
2025-07-21T17:56:22Z,139.0,Sense
2025-07-21T17:56:32Z,137.0,Sense
2025-07-21T17:56:37Z,133.0,Sense
2025-07-21T17:56:42Z,135.0,Sense
2025-07-21T17:56:47Z,145.0,Sense
2025-07-21T17:56:52Z,159.0,Sense
2025-07-21T17:56:57Z,157.0,Sense
2025-07-21T17:57:02Z,158.0,Sense
2025-07-21T17:57:07Z,156.0,Sense
2025-07-21T17:57:12Z,154.0,Sense
2025-07-21T17:57:17Z,153.0,Sense
2025-07-21T17:57:27Z,149.0,Sense
2025-07-21T17:57:32Z,144.0,Sense
2025-07-21T17:57:37Z,148.0,Sense
2025-07-21T17:57:47Z,147.0,Sense
2025-07-21T17:57:52Z,146.0,Sense
2025-07-21T17:58:02Z,141.0,Sense
2025-07-21T17:58:07Z,140.0,Sense
2025-07-21T17:58:17Z,136.0,Sense
2025-07-21T17:58:22Z,134.0,Sense
2025-07-21T17:58:27Z,129.0,Sense
2025-07-21T17:58:32Z,128.0,Sense
2025-07-21T17:58:47Z,128.0,Sense
2025-07-21T17:58:57Z,123.0,Sense
2025-07-21T17:59:02Z,128.0,Sense
2025-07-21T17:59:07Z,136.0,Sense
2025-07-21T17:59:12Z,135.0,Sense
2025-07-21T17:59:17Z,134.0,Sense
2025-07-21T17:59:23Z,141.0,Sense
2025-07-21T17:59:28Z,149.0,Sense
2025-07-21T17:59:33Z,158.0,Sense
2025-07-21T17:59:43Z,154.0,Sense
2025-07-21T17:59:48Z,149.0,Sense
2025-07-21T17:59:53Z,144.0,Sense
2025-07-21T17:59:58Z,143.0,Sense
2025-07-21T18:00:03Z,144.0,Sense
2025-07-21T18:00:08Z,141.0,Sense
2025-07-21T18:00:18Z,143.0,Sense
2025-07-21T18:00:23Z,159.0,Sense
2025-07-21T18:00:38Z,157.0,Sense
2025-07-21T18:00:43Z,154.0,Sense
2025-07-21T18:00:48Z,152.0,Sense
2025-07-21T18:00:53Z,155.0,Sense
2025-07-21T18:00:58Z,166.0,Sense
2025-07-21T18:01:03Z,166.0,Sense
2025-07-21T18:01:08Z,165.0,Sense
2025-07-21T18:01:13Z,163.0,Sense
2025-07-21T18:01:18Z,161.0,Sense
2025-07-21T18:01:28Z,164.0,Sense
2025-07-21T18:01:33Z,160.0,Sense
2025-07-21T18:01:38Z,148.0,Sense
2025-07-21T18:01:48Z,146.0,Sense
2025-07-21T18:01:53Z,144.0,Sense
2025-07-21T18:01:58Z,141.0,Sense
2025-07-21T18:02:03Z,139.0,Sense
2025-07-21T18:02:08Z,135.0,Sense
2025-07-21T18:02:13Z,131.0,Sense
2025-07-21T18:02:18Z,130.0,Sense
2025-07-21T18:02:23Z,129.0,Sense
2025-07-21T18:02:33Z,127.0,Sense
2025-07-21T18:02:38Z,124.0,Sense
2025-07-21T18:02:43Z,127.0,Sense
2025-07-21T18:02:48Z,129.0,Sense
2025-07-21T18:02:53Z,127.0,Sense
2025-07-21T18:02:58Z,125.0,Sense
2025-07-21T18:03:13Z,124.0,Sense
2025-07-21T18:03:23Z,128.0,Sense
2025-07-21T18:03:28Z,125.0,Sense
2025-07-21T18:03:33Z,122.0,Sense
2025-07-21T18:03:38Z,121.0,Sense
2025-07-21T18:03:43Z,117.0,Sense
2025-07-21T18:03:53Z,118.0,Sense
2025-07-21T18:03:58Z,119.0,Sense
2025-07-21T18:04:03Z,118.0,Sense
2025-07-21T18:04:08Z,115.0,Sense
2025-07-21T18:04:13Z,115.0,Sense
2025-07-21T18:04:18Z,133.0,Sense
2025-07-21T18:04:23Z,159.0,Sense
2025-07-21T18:04:28Z,158.0,Sense
2025-07-21T18:04:33Z,156.0,Sense
2025-07-21T18:04:38Z,153.0,Sense
2025-07-21T18:04:43Z,151.0,Sense
2025-07-21T18:04:48Z,144.0,Sense
2025-07-21T18:04:53Z,137.0,Sense
2025-07-21T18:04:58Z,136.0,Sense
2025-07-21T18:05:03Z,135.0,Sense
2025-07-21T18:05:13Z,133.0,Sense
2025-07-21T18:05:18Z,130.0,Sense
2025-07-21T18:05:23Z,133.0,Sense
2025-07-21T18:05:28Z,129.0,Sense
2025-07-21T18:05:33Z,132.0,Sense
2025-07-21T18:05:43Z,127.0,Sense
2025-07-21T18:05:48Z,128.0,Sense
2025-07-21T18:05:53Z,130.0,Sense
2025-07-21T18:05:58Z,129.0,Sense
2025-07-21T18:06:03Z,128.0,Sense
2025-07-21T18:06:08Z,126.0,Sense
2025-07-21T18:06:13Z,126.0,Sense
2025-07-21T18:06:18Z,125.0,Sense
2025-07-21T18:06:23Z,124.0,Sense
2025-07-21T18:06:28Z,126.0,Sense
2025-07-21T18:06:33Z,128.0,Sense
2025-07-21T18:06:48Z,128.0,Sense
2025-07-21T18:06:58Z,126.0,Sense
2025-07-21T18:07:03Z,120.0,Sense
2025-07-21T18:07:08Z,118.0,Sense
2025-07-21T18:07:18Z,122.0,Sense
2025-07-21T18:07:23Z,121.0,Sense
2025-07-21T18:07:28Z,104.0,Sense
2025-07-21T18:07:38Z,105.0,Sense
2025-07-21T18:07:48Z,107.0,Sense
2025-07-21T18:07:53Z,109.0,Sense
2025-07-21T18:07:58Z,108.0,Sense
2025-07-21T18:08:03Z,119.0,Sense
2025-07-21T18:08:08Z,131.0,Sense
2025-07-21T18:08:13Z,129.0,Sense
2025-07-21T18:08:28Z,129.0,Sense
2025-07-21T18:08:33Z,130.0,Sense
2025-07-21T18:08:38Z,127.0,Sense
2025-07-21T18:08:43Z,112.0,Sense
2025-07-21T18:08:48Z,106.0,Sense
2025-07-21T18:08:53Z,105.0,Sense
2025-07-21T18:08:58Z,105.0,Sense
2025-07-21T18:09:08Z,102.0,Sense
2025-07-21T18:09:13Z,94.0,Sense
2025-07-21T18:09:18Z,98.0,Sense
2025-07-21T18:09:23Z,101.0,Sense
2025-07-21T18:09:28Z,106.0,Sense
2025-07-21T18:09:33Z,109.0,Sense
2025-07-21T18:09:38Z,111.0,Sense
2025-07-21T18:09:43Z,109.0,Sense
2025-07-21T18:09:48Z,110.0,Sense
2025-07-21T18:09:53Z,111.0,Sense
2025-07-21T18:09:58Z,109.0,Sense
2025-07-21T18:10:03Z,110.0,Sense
2025-07-21T18:10:08Z,112.0,Sense
2025-07-21T18:10:13Z,113.0,Sense
2025-07-21T18:10:18Z,109.0,Sense
2025-07-21T18:10:23Z,123.0,Sense
2025-07-21T18:10:28Z,126.0,Sense
2025-07-21T18:10:33Z,123.0,Sense
2025-07-21T18:10:38Z,120.0,Sense
2025-07-21T18:10:48Z,120.0,Sense
2025-07-21T18:10:58Z,122.0,Sense
2025-07-21T18:11:03Z,150.0,Sense
2025-07-21T18:11:08Z,163.0,Sense
2025-07-21T18:11:23Z,165.0,Sense
2025-07-21T18:11:28Z,165.0,Sense
2025-07-21T18:11:33Z,168.0,Sense
2025-07-21T18:11:38Z,167.0,Sense
2025-07-21T18:11:43Z,163.0,Sense
2025-07-21T18:11:48Z,159.0,Sense
2025-07-21T18:11:53Z,161.0,Sense
2025-07-21T18:12:03Z,158.0,Sense
2025-07-21T18:12:08Z,157.0,Sense
2025-07-21T18:12:13Z,155.0,Sense
2025-07-21T18:12:18Z,151.0,Sense
2025-07-21T18:12:23Z,148.0,Sense
2025-07-21T18:12:28Z,145.0,Sense
2025-07-21T18:12:33Z,143.0,Sense
2025-07-21T18:12:38Z,141.0,Sense
2025-07-21T18:12:43Z,137.0,Sense
2025-07-21T18:12:53Z,133.0,Sense
2025-07-21T18:12:58Z,129.0,Sense
2025-07-21T18:13:03Z,125.0,Sense
2025-07-21T18:13:08Z,122.0,Sense
2025-07-21T18:13:18Z,122.0,Sense
2025-07-21T18:13:28Z,131.0,Sense
2025-07-21T18:13:33Z,135.0,Sense
2025-07-21T18:13:38Z,134.0,Sense
2025-07-21T18:13:43Z,132.0,Sense
2025-07-21T18:13:48Z,131.0,Sense
2025-07-21T18:13:58Z,137.0,Sense
2025-07-21T18:14:03Z,146.0,Sense
2025-07-21T18:14:08Z,139.0,Sense
2025-07-21T18:14:13Z,133.0,Sense
2025-07-21T18:14:18Z,132.0,Sense
2025-07-21T18:14:23Z,134.0,Sense
2025-07-21T18:14:33Z,133.0,Sense
2025-07-21T18:14:38Z,140.0,Sense
2025-07-21T18:14:43Z,138.0,Sense
2025-07-21T18:14:48Z,137.0,Sense
2025-07-21T18:14:53Z,136.0,Sense
2025-07-21T18:14:58Z,135.0,Sense
2025-07-21T18:15:03Z,127.0,Sense
2025-07-21T18:15:08Z,118.0,Sense
2025-07-21T18:15:13Z,117.0,Sense
2025-07-21T18:15:28Z,117.0,Sense
2025-07-21T18:15:33Z,115.0,Sense
2025-07-21T18:15:38Z,108.0,Sense
2025-07-21T18:15:43Z,100.0,Sense
2025-07-21T18:15:48Z,104.0,Sense
2025-07-21T18:15:53Z,106.0,Sense
2025-07-21T18:15:58Z,107.0,Sense
2025-07-21T18:16:03Z,101.0,Sense
2025-07-21T18:16:08Z,100.0,Sense
2025-07-21T18:16:13Z,100.0,Sense
2025-07-21T18:16:18Z,97.0,Sense
2025-07-21T18:16:23Z,106.0,Sense
2025-07-21T18:16:28Z,105.0,Sense
2025-07-21T18:16:33Z,104.0,Sense
2025-07-21T18:16:43Z,104.0,Sense
2025-07-21T18:16:48Z,103.0,Sense
2025-07-21T18:16:53Z,108.0,Sense
2025-07-21T18:16:58Z,134.0,Sense
2025-07-21T18:17:03Z,135.0,Sense
2025-07-21T18:17:08Z,129.0,Sense
2025-07-21T18:17:13Z,126.0,Sense
2025-07-21T18:17:23Z,127.0,Sense
2025-07-21T18:17:38Z,123.0,Sense
2025-07-21T18:17:43Z,119.0,Sense
2025-07-21T18:17:48Z,112.0,Sense
2025-07-21T18:17:53Z,99.0,Sense
2025-07-21T18:18:03Z,98.0,Sense
2025-07-21T18:18:08Z,99.0,Sense
2025-07-21T18:18:13Z,98.0,Sense
2025-07-21T18:18:18Z,94.0,Sense
2025-07-21T18:18:28Z,90.0,Sense
2025-07-21T18:18:33Z,86.0,Sense
2025-07-21T18:18:38Z,98.0,Sense
2025-07-21T18:18:43Z,99.0,Sense
2025-07-21T18:18:58Z,100.0,Sense
2025-07-21T18:19:08Z,103.0,Sense
2025-07-21T18:19:13Z,127.0,Sense
2025-07-21T18:19:18Z,125.0,Sense
2025-07-21T18:19:23Z,123.0,Sense
2025-07-21T18:19:28Z,117.0,Sense
2025-07-21T18:19:33Z,116.0,Sense
2025-07-21T18:19:38Z,118.0,Sense
2025-07-21T18:19:43Z,119.0,Sense
2025-07-21T18:19:53Z,120.0,Sense
2025-07-21T18:19:58Z,122.0,Sense
2025-07-21T18:20:03Z,114.0,Sense
2025-07-21T18:20:08Z,112.0,Sense
2025-07-21T18:20:13Z,111.0,Sense
2025-07-21T18:20:18Z,107.0,Sense
2025-07-21T18:20:23Z,105.0,Sense
2025-07-21T18:20:28Z,106.0,Sense
2025-07-21T18:20:43Z,105.0,Sense
2025-07-21T18:20:48Z,108.0,Sense
2025-07-21T18:20:53Z,109.0,Sense
2025-07-21T18:20:58Z,110.0,Sense
2025-07-21T18:21:03Z,109.0,Sense
2025-07-21T18:21:08Z,107.0,Sense
2025-07-21T18:21:13Z,109.0,Sense
2025-07-21T18:21:18Z,113.0,Sense
2025-07-21T18:21:23Z,132.0,Sense
2025-07-21T18:21:28Z,143.0,Sense
2025-07-21T18:21:33Z,140.0,Sense
2025-07-21T18:21:38Z,138.0,Sense
2025-07-21T18:21:43Z,134.0,Sense
2025-07-21T18:21:48Z,132.0,Sense
2025-07-21T18:22:03Z,134.0,Sense
2025-07-21T18:22:08Z,131.0,Sense
2025-07-21T18:22:13Z,130.0,Sense
2025-07-21T18:22:18Z,128.0,Sense
2025-07-21T18:22:23Z,124.0,Sense
2025-07-21T18:22:28Z,127.0,Sense
2025-07-21T18:22:33Z,136.0,Sense
2025-07-21T18:22:38Z,135.0,Sense
2025-07-21T18:22:53Z,136.0,Sense
2025-07-21T18:22:58Z,132.0,Sense
2025-07-21T18:23:03Z,128.0,Sense
2025-07-21T18:23:08Z,127.0,Sense
2025-07-21T18:23:13Z,127.0,Sense
2025-07-21T18:23:18Z,125.0,Sense
2025-07-21T18:23:23Z,124.0,Sense
2025-07-21T18:23:38Z,123.0,Sense
2025-07-21T18:23:48Z,125.0,Sense
2025-07-21T18:23:53Z,133.0,Sense
2025-07-21T18:23:58Z,145.0,Sense
2025-07-21T18:24:03Z,144.0,Sense
2025-07-21T18:24:08Z,142.0,Sense
2025-07-21T18:24:13Z,141.0,Sense
2025-07-21T18:24:18Z,142.0,Sense
2025-07-21T18:24:23Z,145.0,Sense
2025-07-21T18:24:28Z,155.0,Sense
2025-07-21T18:24:38Z,156.0,Sense
2025-07-21T18:24:43Z,155.0,Sense
2025-07-21T18:24:48Z,156.0,Sense
2025-07-21T18:24:53Z,155.0,Sense
2025-07-21T18:24:58Z,156.0,Sense
2025-07-21T18:25:03Z,150.0,Sense
2025-07-21T18:25:08Z,148.0,Sense
2025-07-21T18:25:13Z,146.0,Sense
2025-07-21T18:25:18Z,145.0,Sense
2025-07-21T18:25:23Z,147.0,Sense
2025-07-21T18:25:28Z,149.0,Sense
2025-07-21T18:25:33Z,139.0,Sense
2025-07-21T18:25:38Z,137.0,Sense
2025-07-21T18:25:43Z,135.0,Sense
2025-07-21T18:25:53Z,136.0,Sense
2025-07-21T18:26:03Z,134.0,Sense
2025-07-21T18:26:08Z,130.0,Sense
2025-07-21T18:26:13Z,128.0,Sense
2025-07-21T18:26:18Z,134.0,Sense
2025-07-21T18:26:23Z,138.0,Sense
2025-07-21T18:26:28Z,146.0,Sense
2025-07-21T18:26:38Z,144.0,Sense
2025-07-21T18:26:43Z,141.0,Sense
2025-07-21T18:26:48Z,139.0,Sense
2025-07-21T18:26:58Z,138.0,Sense
2025-07-21T18:27:03Z,136.0,Sense
2025-07-21T18:27:08Z,135.0,Sense
2025-07-21T18:27:18Z,136.0,Sense
2025-07-21T18:27:23Z,137.0,Sense
2025-07-21T18:27:28Z,134.0,Sense
2025-07-21T18:27:33Z,135.0,Sense
2025-07-21T18:27:38Z,136.0,Sense
2025-07-21T18:27:43Z,142.0,Sense
2025-07-21T18:27:48Z,135.0,Sense
2025-07-21T18:27:53Z,131.0,Sense
2025-07-21T18:27:58Z,132.0,Sense
2025-07-21T18:28:03Z,131.0,Sense
2025-07-21T18:28:08Z,131.0,Sense
2025-07-21T18:28:14Z,137.0,Sense
2025-07-21T18:28:19Z,147.0,Sense
2025-07-21T18:28:24Z,146.0,Sense
2025-07-21T18:28:29Z,145.0,Sense
2025-07-21T18:28:34Z,144.0,Sense
2025-07-21T18:28:44Z,140.0,Sense
2025-07-21T18:28:49Z,137.0,Sense
2025-07-21T18:28:54Z,131.0,Sense
2025-07-21T18:29:04Z,128.0,Sense
2025-07-21T18:29:09Z,123.0,Sense
2025-07-21T18:29:14Z,122.0,Sense
2025-07-21T18:29:19Z,123.0,Sense
2025-07-21T18:29:24Z,122.0,Sense
2025-07-21T18:29:29Z,123.0,Sense
2025-07-21T18:29:34Z,124.0,Sense
2025-07-21T18:29:39Z,126.0,Sense
2025-07-21T18:29:44Z,128.0,Sense
2025-07-21T18:29:49Z,134.0,Sense
2025-07-21T18:29:54Z,137.0,Sense
2025-07-21T18:29:59Z,136.0,Sense
2025-07-21T18:30:04Z,134.0,Sense
2025-07-21T18:30:09Z,132.0,Sense
2025-07-21T18:30:14Z,131.0,Sense
2025-07-21T18:30:19Z,127.0,Sense
2025-07-21T18:30:24Z,130.0,Sense
2025-07-21T18:30:34Z,134.0,Sense
2025-07-21T18:30:39Z,140.0,Sense
2025-07-21T18:30:44Z,139.0,Sense
2025-07-21T18:30:49Z,136.0,Sense
2025-07-21T18:30:54Z,132.0,Sense
2025-07-21T18:30:59Z,127.0,Sense
2025-07-21T18:31:04Z,125.0,Sense
2025-07-21T18:31:09Z,123.0,Sense
2025-07-21T18:31:14Z,119.0,Sense
2025-07-21T18:31:19Z,110.0,Sense
2025-07-21T18:31:24Z,107.0,Sense
2025-07-21T18:31:29Z,110.0,Sense
2025-07-21T18:31:34Z,119.0,Sense
2025-07-21T18:31:39Z,134.0,Sense
2025-07-21T18:31:44Z,136.0,Sense
2025-07-21T18:31:54Z,134.0,Sense
2025-07-21T18:31:59Z,133.0,Sense
2025-07-21T18:32:04Z,131.0,Sense
2025-07-21T18:32:09Z,128.0,Sense
2025-07-21T18:32:14Z,124.0,Sense
2025-07-21T18:32:19Z,123.0,Sense
2025-07-21T18:32:24Z,121.0,Sense
2025-07-21T18:32:29Z,120.0,Sense
2025-07-21T18:32:39Z,121.0,Sense
2025-07-21T18:32:44Z,121.0,Sense
2025-07-21T18:32:49Z,111.0,Sense
2025-07-21T18:32:54Z,110.0,Sense
2025-07-21T18:33:09Z,108.0,Sense
2025-07-21T18:33:14Z,114.0,Sense
2025-07-21T18:33:19Z,125.0,Sense
2025-07-21T18:33:24Z,123.0,Sense
2025-07-21T18:33:29Z,120.0,Sense
2025-07-21T18:33:34Z,118.0,Sense
2025-07-21T18:33:39Z,131.0,Sense
2025-07-21T18:33:44Z,150.0,Sense
2025-07-21T18:33:49Z,148.0,Sense
2025-07-21T18:33:54Z,147.0,Sense
2025-07-21T18:33:59Z,145.0,Sense
2025-07-21T18:34:04Z,149.0,Sense
2025-07-21T18:34:09Z,153.0,Sense
2025-07-21T18:34:14Z,154.0,Sense
2025-07-21T18:34:19Z,152.0,Sense
2025-07-21T18:34:24Z,151.0,Sense
2025-07-21T18:34:29Z,152.0,Sense
2025-07-21T18:34:34Z,153.0,Sense
2025-07-21T18:34:39Z,152.0,Sense
2025-07-21T18:34:44Z,150.0,Sense
2025-07-21T18:34:49Z,149.0,Sense
2025-07-21T18:34:54Z,150.0,Sense
2025-07-21T18:34:59Z,151.0,Sense
2025-07-21T18:35:04Z,161.0,Sense
2025-07-21T18:35:09Z,163.0,Sense
2025-07-21T18:35:14Z,162.0,Sense
2025-07-21T18:35:19Z,158.0,Sense
2025-07-21T18:35:24Z,151.0,Sense
2025-07-21T18:35:29Z,145.0,Sense
2025-07-21T18:35:34Z,143.0,Sense
2025-07-21T18:35:39Z,131.0,Sense
2025-07-21T18:35:44Z,129.0,Sense
2025-07-21T18:35:49Z,128.0,Sense
2025-07-21T18:35:59Z,128.0,Sense
2025-07-21T18:36:04Z,131.0,Sense
2025-07-21T18:36:14Z,133.0,Sense
2025-07-21T18:36:19Z,149.0,Sense
2025-07-21T18:36:29Z,150.0,Sense
2025-07-21T18:36:39Z,145.0,Sense
2025-07-21T18:36:44Z,142.0,Sense
2025-07-21T18:36:49Z,147.0,Sense
2025-07-21T18:36:54Z,148.0,Sense
2025-07-21T18:37:00Z,146.0,Sense
2025-07-21T18:37:10Z,145.0,Sense
2025-07-21T18:37:20Z,147.0,Sense
2025-07-21T18:37:25Z,148.0,Sense
2025-07-21T18:37:35Z,146.0,Sense
2025-07-21T18:37:40Z,142.0,Sense
2025-07-21T18:37:45Z,138.0,Sense
2025-07-21T18:37:50Z,135.0,Sense
2025-07-21T18:37:55Z,130.0,Sense
2025-07-21T18:38:00Z,126.0,Sense
2025-07-21T18:38:10Z,128.0,Sense
2025-07-21T18:38:15Z,123.0,Sense
2025-07-21T18:38:20Z,122.0,Sense
2025-07-21T18:38:25Z,119.0,Sense
2025-07-21T18:38:30Z,114.0,Sense
2025-07-21T18:38:35Z,115.0,Sense
2025-07-21T18:38:40Z,111.0,Sense
2025-07-21T18:38:45Z,108.0,Sense
2025-07-21T18:38:50Z,111.0,Sense
2025-07-21T18:39:05Z,107.0,Sense
2025-07-21T18:39:10Z,117.0,Sense
2025-07-21T18:39:15Z,115.0,Sense
2025-07-21T18:39:20Z,114.0,Sense
2025-07-21T18:39:35Z,118.0,Sense
2025-07-21T18:39:40Z,114.0,Sense
2025-07-21T18:39:45Z,104.0,Sense
2025-07-21T18:39:50Z,102.0,Sense
2025-07-21T18:39:55Z,101.0,Sense
2025-07-21T18:40:05Z,117.0,Sense
2025-07-21T18:40:10Z,128.0,Sense
2025-07-21T18:40:15Z,120.0,Sense
2025-07-21T18:40:20Z,108.0,Sense
2025-07-21T18:40:35Z,107.0,Sense
2025-07-21T18:40:40Z,106.0,Sense
2025-07-21T18:40:45Z,108.0,Sense
2025-07-21T18:40:50Z,105.0,Sense
2025-07-21T18:40:55Z,102.0,Sense
2025-07-21T18:41:00Z,103.0,Sense
2025-07-21T18:41:05Z,102.0,Sense
2025-07-21T18:41:15Z,103.0,Sense
2025-07-21T18:41:20Z,101.0,Sense
2025-07-21T18:41:35Z,102.0,Sense
2025-07-21T18:41:40Z,123.0,Sense
2025-07-21T18:41:45Z,126.0,Sense
2025-07-21T18:41:50Z,127.0,Sense
2025-07-21T18:41:55Z,128.0,Sense
2025-07-21T18:42:00Z,128.0,Sense
2025-07-21T18:42:05Z,129.0,Sense
2025-07-21T18:42:10Z,126.0,Sense
2025-07-21T18:42:15Z,127.0,Sense
2025-07-21T18:42:26Z,123.0,Sense
2025-07-21T18:42:31Z,121.0,Sense
2025-07-21T18:42:36Z,119.0,Sense
2025-07-21T18:42:41Z,120.0,Sense
2025-07-21T18:42:46Z,121.0,Sense
2025-07-21T18:42:51Z,120.0,Sense
2025-07-21T18:43:06Z,118.0,Sense
2025-07-21T18:43:11Z,116.0,Sense
2025-07-21T18:43:16Z,113.0,Sense
2025-07-21T18:43:26Z,115.0,Sense
2025-07-21T18:43:31Z,117.0,Sense
2025-07-21T18:43:36Z,118.0,Sense
2025-07-21T18:43:41Z,108.0,Sense
2025-07-21T18:43:46Z,106.0,Sense
2025-07-21T18:43:51Z,103.0,Sense
2025-07-21T18:43:56Z,104.0,Sense
2025-07-21T18:44:01Z,127.0,Sense
2025-07-21T18:44:06Z,136.0,Sense
2025-07-21T18:44:11Z,137.0,Sense
2025-07-21T18:44:16Z,136.0,Sense
2025-07-21T18:44:21Z,135.0,Sense
2025-07-21T18:44:26Z,131.0,Sense
2025-07-21T18:44:31Z,127.0,Sense
2025-07-21T18:44:36Z,137.0,Sense
2025-07-21T18:44:41Z,152.0,Sense
2025-07-21T18:44:51Z,151.0,Sense
2025-07-21T18:44:56Z,152.0,Sense
2025-07-21T18:45:06Z,149.0,Sense
2025-07-21T18:45:11Z,147.0,Sense
2025-07-21T18:45:16Z,146.0,Sense
2025-07-21T18:45:21Z,140.0,Sense
2025-07-21T18:45:36Z,137.0,Sense
2025-07-21T18:45:41Z,136.0,Sense
2025-07-21T18:45:46Z,138.0,Sense
2025-07-21T18:45:51Z,137.0,Sense
2025-07-21T18:45:56Z,134.0,Sense
2025-07-21T18:46:01Z,132.0,Sense
2025-07-21T18:46:06Z,125.0,Sense
2025-07-21T18:46:11Z,124.0,Sense
2025-07-21T18:46:21Z,129.0,Sense
2025-07-21T18:46:26Z,123.0,Sense
2025-07-21T18:46:31Z,117.0,Sense
2025-07-21T18:46:36Z,118.0,Sense
2025-07-21T18:46:41Z,119.0,Sense
2025-07-21T18:46:46Z,118.0,Sense
2025-07-21T18:46:51Z,117.0,Sense
2025-07-21T18:46:56Z,115.0,Sense
2025-07-21T18:47:06Z,111.0,Sense
2025-07-21T18:47:11Z,97.0,Sense
2025-07-21T18:47:16Z,98.0,Sense
2025-07-21T18:47:21Z,99.0,Sense
2025-07-21T18:47:31Z,97.0,Sense
2025-07-21T18:47:36Z,95.0,Sense
2025-07-21T18:47:41Z,97.0,Sense
2025-07-21T18:47:51Z,95.0,Sense
2025-07-21T18:47:56Z,96.0,Sense
2025-07-21T18:48:01Z,93.0,Sense
2025-07-21T18:48:06Z,91.0,Sense
2025-07-21T18:48:11Z,93.0,Sense
2025-07-21T18:48:21Z,100.0,Sense
2025-07-21T18:48:26Z,100.0,Sense
2025-07-21T18:48:31Z,97.0,Sense
2025-07-21T18:48:36Z,91.0,Sense
2025-07-21T18:48:41Z,90.0,Sense
2025-07-21T18:48:46Z,94.0,Sense
2025-07-21T18:48:51Z,95.0,Sense
2025-07-21T18:48:56Z,93.0,Sense
2025-07-21T18:49:06Z,94.0,Sense
2025-07-21T18:49:11Z,85.0,Sense
2025-07-21T18:49:16Z,110.0,Sense
2025-07-21T18:49:21Z,112.0,Sense
2025-07-21T18:49:26Z,111.0,Sense
2025-07-21T18:49:36Z,117.0,Sense
2025-07-21T18:49:41Z,116.0,Sense
2025-07-21T18:49:46Z,117.0,Sense
2025-07-21T18:49:51Z,120.0,Sense
2025-07-21T18:50:06Z,123.0,Sense
2025-07-21T18:50:11Z,126.0,Sense
2025-07-21T18:50:16Z,129.0,Sense
2025-07-21T18:50:21Z,133.0,Sense
2025-07-21T18:50:31Z,129.0,Sense
2025-07-21T18:50:36Z,128.0,Sense
2025-07-21T18:50:41Z,129.0,Sense
2025-07-21T18:50:46Z,126.0,Sense
2025-07-21T18:50:51Z,123.0,Sense
2025-07-21T18:50:56Z,120.0,Sense
2025-07-21T18:51:01Z,114.0,Sense
2025-07-21T18:51:06Z,110.0,Sense
2025-07-21T18:51:11Z,109.0,Sense
2025-07-21T18:51:21Z,111.0,Sense
2025-07-21T18:51:26Z,112.0,Sense
2025-07-21T18:51:31Z,112.0,Sense
2025-07-21T18:51:36Z,135.0,Sense
2025-07-21T18:51:41Z,138.0,Sense
2025-07-21T18:51:46Z,137.0,Sense
2025-07-21T18:51:51Z,136.0,Sense
2025-07-21T18:51:56Z,134.0,Sense
2025-07-21T18:52:01Z,128.0,Sense
2025-07-21T18:52:06Z,125.0,Sense
2025-07-21T18:52:11Z,127.0,Sense
2025-07-21T18:52:16Z,128.0,Sense
2025-07-21T18:52:21Z,129.0,Sense
2025-07-21T18:52:26Z,133.0,Sense
2025-07-21T18:52:31Z,132.0,Sense
2025-07-21T18:52:36Z,130.0,Sense
2025-07-21T18:52:41Z,128.0,Sense
2025-07-21T18:52:46Z,125.0,Sense
2025-07-21T18:52:56Z,121.0,Sense
2025-07-21T18:53:01Z,111.0,Sense
2025-07-21T18:53:06Z,124.0,Sense
2025-07-21T18:53:11Z,132.0,Sense
2025-07-21T18:53:16Z,134.0,Sense
2025-07-21T18:53:21Z,135.0,Sense
2025-07-21T18:53:26Z,138.0,Sense
2025-07-21T18:53:31Z,139.0,Sense
2025-07-21T18:53:36Z,136.0,Sense
2025-07-21T18:53:41Z,138.0,Sense
2025-07-21T18:53:46Z,136.0,Sense
2025-07-21T18:53:51Z,139.0,Sense
2025-07-21T18:53:56Z,153.0,Sense
2025-07-21T18:54:01Z,151.0,Sense
2025-07-21T18:54:06Z,149.0,Sense
2025-07-21T18:54:11Z,147.0,Sense
2025-07-21T18:54:16Z,146.0,Sense
2025-07-21T18:54:21Z,145.0,Sense
2025-07-21T18:54:31Z,143.0,Sense
2025-07-21T18:54:36Z,142.0,Sense
2025-07-21T18:54:41Z,139.0,Sense
2025-07-21T18:54:46Z,137.0,Sense
2025-07-21T18:54:51Z,132.0,Sense
2025-07-21T18:54:56Z,129.0,Sense
2025-07-21T18:55:01Z,125.0,Sense
2025-07-21T18:55:06Z,117.0,Sense
2025-07-21T18:55:11Z,112.0,Sense
2025-07-21T18:55:16Z,120.0,Sense
2025-07-21T18:55:21Z,127.0,Sense
2025-07-21T18:55:26Z,129.0,Sense
2025-07-21T18:55:31Z,125.0,Sense
2025-07-21T18:55:36Z,122.0,Sense
2025-07-21T18:55:41Z,114.0,Sense
2025-07-21T18:55:51Z,125.0,Sense
2025-07-21T18:55:56Z,124.0,Sense
2025-07-21T18:56:01Z,121.0,Sense
2025-07-21T18:56:06Z,115.0,Sense
2025-07-21T18:56:11Z,111.0,Sense
2025-07-21T18:56:16Z,108.0,Sense
2025-07-21T18:56:31Z,110.0,Sense
2025-07-21T18:56:36Z,108.0,Sense
2025-07-21T18:56:41Z,111.0,Sense
2025-07-21T18:56:46Z,114.0,Sense
2025-07-21T18:56:51Z,115.0,Sense
2025-07-21T18:57:01Z,116.0,Sense
2025-07-21T18:57:06Z,114.0,Sense
2025-07-21T18:57:11Z,116.0,Sense
2025-07-21T18:57:21Z,113.0,Sense
2025-07-21T18:57:26Z,110.0,Sense
2025-07-21T18:57:31Z,109.0,Sense
2025-07-21T18:57:36Z,111.0,Sense
2025-07-21T18:57:41Z,113.0,Sense
2025-07-21T18:57:46Z,111.0,Sense
2025-07-21T18:57:51Z,112.0,Sense
2025-07-21T18:57:56Z,121.0,Sense
2025-07-21T18:58:06Z,120.0,Sense
2025-07-21T18:58:11Z,110.0,Sense
2025-07-21T18:58:26Z,113.0,Sense
2025-07-21T18:58:36Z,114.0,Sense
2025-07-21T18:58:41Z,120.0,Sense
2025-07-21T18:58:46Z,124.0,Sense
2025-07-21T18:58:51Z,123.0,Sense
2025-07-21T18:58:56Z,122.0,Sense
2025-07-21T18:59:06Z,122.0,Sense
2025-07-21T18:59:11Z,123.0,Sense
2025-07-21T18:59:21Z,117.0,Sense
2025-07-21T18:59:26Z,115.0,Sense
2025-07-21T18:59:31Z,116.0,Sense
2025-07-21T18:59:36Z,117.0,Sense
2025-07-21T18:59:41Z,114.0,Sense
2025-07-21T18:59:46Z,107.0,Sense
2025-07-21T18:59:51Z,108.0,Sense
2025-07-21T19:00:01Z,112.0,Sense
2025-07-21T19:00:06Z,129.0,Sense
2025-07-21T19:00:11Z,133.0,Sense
2025-07-21T19:00:16Z,134.0,Sense
2025-07-21T19:00:31Z,134.0,Sense
2025-07-21T19:00:36Z,129.0,Sense
2025-07-21T19:00:41Z,124.0,Sense
2025-07-21T19:00:46Z,119.0,Sense
2025-07-21T19:00:51Z,110.0,Sense
2025-07-21T19:00:56Z,104.0,Sense
2025-07-21T19:01:06Z,123.0,Sense
2025-07-21T19:01:11Z,122.0,Sense
2025-07-21T19:01:16Z,123.0,Sense
2025-07-21T19:01:21Z,129.0,Sense
2025-07-21T19:01:26Z,136.0,Sense
2025-07-21T19:01:31Z,135.0,Sense
2025-07-21T19:01:36Z,134.0,Sense
2025-07-21T19:01:41Z,133.0,Sense
2025-07-21T19:01:46Z,135.0,Sense
2025-07-21T19:01:51Z,134.0,Sense
2025-07-21T19:01:56Z,135.0,Sense
2025-07-21T19:02:01Z,133.0,Sense
2025-07-21T19:02:06Z,131.0,Sense
2025-07-21T19:02:21Z,132.0,Sense
2025-07-21T19:02:26Z,128.0,Sense
2025-07-21T19:02:31Z,120.0,Sense
2025-07-21T19:02:36Z,134.0,Sense
2025-07-21T19:02:41Z,137.0,Sense
2025-07-21T19:02:46Z,136.0,Sense
2025-07-21T19:02:51Z,135.0,Sense
2025-07-21T19:03:01Z,133.0,Sense
2025-07-21T19:03:06Z,127.0,Sense
2025-07-21T19:03:11Z,127.0,Sense
2025-07-21T19:03:16Z,161.0,Sense
2025-07-21T19:03:21Z,164.0,Sense
2025-07-21T19:03:31Z,160.0,Sense
2025-07-21T19:03:36Z,157.0,Sense
2025-07-21T19:03:41Z,155.0,Sense
2025-07-21T19:03:46Z,157.0,Sense
2025-07-21T19:03:51Z,155.0,Sense
2025-07-21T19:03:56Z,150.0,Sense
2025-07-21T19:04:01Z,147.0,Sense
2025-07-21T19:04:06Z,142.0,Sense
2025-07-21T19:04:11Z,135.0,Sense
2025-07-21T19:04:16Z,137.0,Sense
2025-07-21T19:04:21Z,133.0,Sense
2025-07-21T19:04:26Z,130.0,Sense
2025-07-21T19:04:36Z,127.0,Sense
2025-07-21T19:04:41Z,126.0,Sense
2025-07-21T19:04:46Z,125.0,Sense
2025-07-21T19:04:51Z,123.0,Sense
2025-07-21T19:04:56Z,121.0,Sense
2025-07-21T19:05:06Z,119.0,Sense
2025-07-21T19:05:11Z,113.0,Sense
2025-07-21T19:05:16Z,112.0,Sense
2025-07-21T19:05:26Z,115.0,Sense
2025-07-21T19:05:41Z,113.0,Sense
2025-07-21T19:05:46Z,111.0,Sense
2025-07-21T19:05:51Z,112.0,Sense
2025-07-21T19:05:56Z,111.0,Sense
2025-07-21T19:06:01Z,111.0,Sense
2025-07-21T19:06:06Z,112.0,Sense
2025-07-21T19:06:11Z,112.0,Sense
2025-07-21T19:06:16Z,113.0,Sense
2025-07-21T19:06:21Z,120.0,Sense
2025-07-21T19:06:26Z,123.0,Sense
2025-07-21T19:06:31Z,127.0,Sense
2025-07-21T19:06:36Z,131.0,Sense
2025-07-21T19:06:41Z,133.0,Sense
2025-07-21T19:06:46Z,128.0,Sense
2025-07-21T19:06:51Z,120.0,Sense
2025-07-21T19:06:56Z,115.0,Sense
2025-07-21T19:07:01Z,114.0,Sense
2025-07-21T19:07:06Z,135.0,Sense
2025-07-21T19:07:11Z,133.0,Sense
2025-07-21T19:07:16Z,131.0,Sense
2025-07-21T19:07:21Z,129.0,Sense
2025-07-21T19:07:26Z,129.0,Sense
2025-07-21T19:07:31Z,128.0,Sense
2025-07-21T19:07:36Z,127.0,Sense
2025-07-21T19:07:41Z,123.0,Sense
2025-07-21T19:07:46Z,127.0,Sense
2025-07-21T19:07:51Z,144.0,Sense
2025-07-21T19:07:56Z,145.0,Sense
2025-07-21T19:08:01Z,162.0,Sense
2025-07-21T19:08:06Z,163.0,Sense
2025-07-21T19:08:16Z,160.0,Sense
2025-07-21T19:08:21Z,159.0,Sense
2025-07-21T19:08:26Z,158.0,Sense
2025-07-21T19:08:31Z,157.0,Sense
2025-07-21T19:08:36Z,154.0,Sense
2025-07-21T19:08:41Z,156.0,Sense
2025-07-21T19:08:46Z,150.0,Sense
2025-07-21T19:08:51Z,154.0,Sense
2025-07-21T19:08:56Z,152.0,Sense
2025-07-21T19:09:01Z,151.0,Sense
2025-07-21T19:09:06Z,150.0,Sense
2025-07-21T19:09:11Z,152.0,Sense
2025-07-21T19:09:16Z,153.0,Sense
2025-07-21T19:09:21Z,154.0,Sense
2025-07-21T19:09:26Z,153.0,Sense
2025-07-21T19:09:31Z,152.0,Sense
2025-07-21T19:09:36Z,151.0,Sense
2025-07-21T19:09:41Z,149.0,Sense
2025-07-21T19:09:46Z,150.0,Sense
2025-07-21T19:09:51Z,148.0,Sense
2025-07-21T19:09:56Z,147.0,Sense
2025-07-21T19:10:01Z,142.0,Sense
2025-07-21T19:10:06Z,137.0,Sense
2025-07-21T19:10:16Z,138.0,Sense
2025-07-21T19:10:21Z,135.0,Sense
2025-07-21T19:10:27Z,135.0,Sense
2025-07-21T19:10:32Z,130.0,Sense
2025-07-21T19:10:42Z,155.0,Sense
2025-07-21T19:10:47Z,158.0,Sense
2025-07-21T19:10:57Z,155.0,Sense
2025-07-21T19:11:02Z,146.0,Sense
2025-07-21T19:11:12Z,147.0,Sense
2025-07-21T19:11:22Z,148.0,Sense
2025-07-21T19:11:27Z,149.0,Sense
2025-07-21T19:11:37Z,146.0,Sense
2025-07-21T19:11:42Z,141.0,Sense
2025-07-21T19:11:47Z,144.0,Sense
2025-07-21T19:11:52Z,143.0,Sense
2025-07-21T19:11:57Z,142.0,Sense
2025-07-21T19:12:02Z,135.0,Sense
2025-07-21T19:12:07Z,139.0,Sense
2025-07-21T19:12:12Z,140.0,Sense
2025-07-21T19:12:17Z,139.0,Sense
2025-07-21T19:12:22Z,134.0,Sense
2025-07-21T19:12:27Z,135.0,Sense
2025-07-21T19:12:32Z,136.0,Sense
2025-07-21T19:12:37Z,134.0,Sense
2025-07-21T19:12:42Z,130.0,Sense
2025-07-21T19:12:47Z,130.0,Sense
2025-07-21T19:12:52Z,132.0,Sense
2025-07-21T19:12:57Z,129.0,Sense
2025-07-21T19:13:02Z,124.0,Sense
2025-07-21T19:13:07Z,120.0,Sense
2025-07-21T19:13:12Z,117.0,Sense
2025-07-21T19:13:17Z,106.0,Sense
2025-07-21T19:13:22Z,98.0,Sense
2025-07-21T19:13:27Z,97.0,Sense
2025-07-21T19:13:32Z,87.0,Sense
2025-07-21T19:13:42Z,85.0,Sense
2025-07-21T19:13:52Z,87.0,Sense
2025-07-21T19:13:57Z,88.0,Sense
2025-07-21T19:14:02Z,87.0,Sense
2025-07-21T19:14:07Z,85.0,Sense
2025-07-21T19:14:12Z,99.0,Sense
2025-07-21T19:14:17Z,100.0,Sense
2025-07-21T19:14:22Z,121.0,Sense
2025-07-21T19:14:27Z,123.0,Sense
2025-07-21T19:14:32Z,121.0,Sense
2025-07-21T19:14:37Z,118.0,Sense
2025-07-21T19:14:42Z,117.0,Sense
2025-07-21T19:14:47Z,114.0,Sense
2025-07-21T19:14:52Z,111.0,Sense
2025-07-21T20:55:36Z,92.0,Sense
2025-07-21T20:55:41Z,88.0,Sense
2025-07-21T20:55:46Z,85.0,Sense
2025-07-21T20:55:56Z,84.0,Sense
2025-07-21T20:56:01Z,80.0,Sense
2025-07-21T20:56:06Z,81.0,Sense
2025-07-21T20:56:11Z,78.0,Sense
2025-07-21T20:56:16Z,79.0,Sense
2025-07-21T20:56:21Z,80.0,Sense
2025-07-21T20:56:26Z,79.0,Sense
2025-07-21T20:56:31Z,78.0,Sense
2025-07-21T20:56:36Z,77.0,Sense
2025-07-21T20:56:41Z,76.0,Sense
2025-07-21T20:56:46Z,77.0,Sense
2025-07-21T20:56:51Z,80.0,Sense
2025-07-21T20:56:56Z,79.0,Sense
2025-07-21T20:57:01Z,77.0,Sense
2025-07-21T20:57:06Z,76.0,Sense
2025-07-21T20:57:11Z,79.0,Sense
2025-07-21T20:57:16Z,83.0,Sense
2025-07-21T20:57:21Z,81.0,Sense
2025-07-21T20:57:26Z,78.0,Sense
2025-07-21T20:57:31Z,81.0,Sense
2025-07-21T20:57:36Z,86.0,Sense
2025-07-21T20:57:41Z,91.0,Sense
2025-07-21T20:57:46Z,93.0,Sense
2025-07-21T20:57:51Z,92.0,Sense
2025-07-21T20:57:56Z,90.0,Sense
2025-07-21T20:58:01Z,85.0,Sense
2025-07-21T20:58:11Z,84.0,Sense
2025-07-21T20:58:16Z,83.0,Sense
2025-07-21T20:58:31Z,80.0,Sense
2025-07-21T20:58:36Z,78.0,Sense
2025-07-21T20:58:41Z,76.0,Sense
2025-07-21T20:58:46Z,77.0,Sense
2025-07-21T20:58:51Z,78.0,Sense
2025-07-21T20:58:56Z,81.0,Sense
2025-07-21T20:59:01Z,79.0,Sense
