timestamp,heart rate zone type,data source
2025-08-01T03:56:00Z,LIGHT,Fitbit App
2025-08-01T05:20:00Z,LIGHT,Fitbit App
2025-08-01T05:21:00Z,LIGHT,Fitbit App
2025-08-01T05:22:00Z,LIGHT,Fitbit App
2025-08-01T05:23:00Z,LIGHT,Fitbit App
2025-08-01T07:50:00Z,LIGHT,Fitbit App
2025-08-01T07:51:00Z,LIGHT,Fitbit App
2025-08-01T07:52:00Z,LIGHT,Fitbit App
2025-08-01T07:53:00Z,LIGHT,Fitbit App
2025-08-01T07:54:00Z,MODERATE,Fitbit App
2025-08-01T07:55:00Z,MODERATE,Fitbit App
2025-08-01T07:56:00Z,MODERATE,Fitbit App
2025-08-01T07:57:00Z,LIGHT,Fitbit App
2025-08-01T07:58:00Z,LIGHT,Fitbit App
2025-08-01T07:59:00Z,LIGHT,Fitbit App
2025-08-01T08:00:00Z,LIGHT,Fitbit App
2025-08-01T08:01:00Z,LIGHT,Fitbit App
2025-08-01T08:05:00Z,LIGHT,Fitbit App
2025-08-01T08:06:00Z,LIGHT,Fitbit App
2025-08-01T08:22:00Z,LIGHT,Fitbit App
2025-08-01T08:23:00Z,LIGHT,Fitbit App
2025-08-01T08:24:00Z,LIGHT,Fitbit App
2025-08-01T08:25:00Z,LIGHT,Fitbit App
2025-08-01T08:26:00Z,LIGHT,Fitbit App
2025-08-01T08:27:00Z,LIGHT,Fitbit App
2025-08-01T08:28:00Z,LIGHT,Fitbit App
2025-08-01T08:29:00Z,LIGHT,Fitbit App
2025-08-01T08:30:00Z,LIGHT,Fitbit App
2025-08-01T08:31:00Z,LIGHT,Fitbit App
2025-08-01T08:32:00Z,LIGHT,Fitbit App
2025-08-01T08:33:00Z,LIGHT,Fitbit App
2025-08-01T08:34:00Z,LIGHT,Fitbit App
2025-08-01T08:35:00Z,LIGHT,Fitbit App
2025-08-01T08:36:00Z,LIGHT,Fitbit App
2025-08-01T08:37:00Z,LIGHT,Fitbit App
2025-08-01T08:38:00Z,LIGHT,Fitbit App
2025-08-01T08:39:00Z,LIGHT,Fitbit App
2025-08-01T08:40:00Z,LIGHT,Fitbit App
2025-08-01T08:41:00Z,LIGHT,Fitbit App
2025-08-01T08:42:00Z,LIGHT,Fitbit App
2025-08-01T08:43:00Z,LIGHT,Fitbit App
2025-08-01T08:44:00Z,LIGHT,Fitbit App
2025-08-01T08:45:00Z,LIGHT,Fitbit App
2025-08-01T08:46:00Z,LIGHT,Fitbit App
2025-08-01T08:47:00Z,LIGHT,Fitbit App
2025-08-01T08:49:00Z,LIGHT,Fitbit App
2025-08-01T08:50:00Z,LIGHT,Fitbit App
2025-08-03T08:51:00Z,LIGHT,Fitbit App
2025-08-03T08:52:00Z,LIGHT,Fitbit App
2025-08-03T08:53:00Z,LIGHT,Fitbit App
2025-08-03T08:54:00Z,LIGHT,Fitbit App
2025-08-03T08:55:00Z,LIGHT,Fitbit App
2025-08-03T08:56:00Z,LIGHT,Fitbit App
2025-08-03T08:57:00Z,LIGHT,Fitbit App
2025-08-03T08:58:00Z,LIGHT,Fitbit App
2025-08-03T08:59:00Z,LIGHT,Fitbit App
2025-08-03T09:00:00Z,LIGHT,Fitbit App
2025-08-03T09:01:00Z,LIGHT,Fitbit App
2025-08-03T09:02:00Z,LIGHT,Fitbit App
2025-08-03T09:03:00Z,LIGHT,Fitbit App
2025-08-03T09:04:00Z,LIGHT,Fitbit App
2025-08-03T09:05:00Z,LIGHT,Fitbit App
2025-08-03T09:06:00Z,LIGHT,Fitbit App
2025-08-03T09:07:00Z,LIGHT,Fitbit App
2025-08-03T09:08:00Z,LIGHT,Fitbit App
2025-08-03T09:09:00Z,LIGHT,Fitbit App
2025-08-03T09:10:00Z,LIGHT,Fitbit App
2025-08-03T09:11:00Z,LIGHT,Fitbit App
2025-08-03T09:12:00Z,LIGHT,Fitbit App
2025-08-03T09:13:00Z,LIGHT,Fitbit App
2025-08-03T09:14:00Z,LIGHT,Fitbit App
2025-08-03T09:15:00Z,LIGHT,Fitbit App
2025-08-03T09:16:00Z,LIGHT,Fitbit App
2025-08-03T09:17:00Z,LIGHT,Fitbit App
2025-08-03T09:18:00Z,LIGHT,Fitbit App
2025-08-03T09:19:00Z,LIGHT,Fitbit App
2025-08-03T09:20:00Z,LIGHT,Fitbit App
2025-08-03T09:21:00Z,LIGHT,Fitbit App
2025-08-03T09:22:00Z,LIGHT,Fitbit App
2025-08-03T09:23:00Z,LIGHT,Fitbit App
2025-08-03T09:24:00Z,LIGHT,Fitbit App
2025-08-03T09:25:00Z,LIGHT,Fitbit App
2025-08-03T09:26:00Z,LIGHT,Fitbit App
2025-08-03T09:27:00Z,LIGHT,Fitbit App
2025-08-03T09:28:00Z,LIGHT,Fitbit App
2025-08-03T09:29:00Z,LIGHT,Fitbit App
2025-08-03T09:30:00Z,LIGHT,Fitbit App
2025-08-03T09:31:00Z,LIGHT,Fitbit App
2025-08-03T09:32:00Z,LIGHT,Fitbit App
2025-08-03T09:33:00Z,LIGHT,Fitbit App
2025-08-03T09:34:00Z,LIGHT,Fitbit App
2025-08-03T09:35:00Z,LIGHT,Fitbit App
2025-08-03T09:36:00Z,LIGHT,Fitbit App
2025-08-03T09:37:00Z,LIGHT,Fitbit App
2025-08-03T09:38:00Z,LIGHT,Fitbit App
2025-08-03T09:39:00Z,LIGHT,Fitbit App
2025-08-03T09:40:00Z,LIGHT,Fitbit App
2025-08-03T09:41:00Z,LIGHT,Fitbit App
2025-08-03T09:42:00Z,LIGHT,Fitbit App
2025-08-03T09:43:00Z,LIGHT,Fitbit App
2025-08-03T09:44:00Z,LIGHT,Fitbit App
2025-08-03T09:45:00Z,LIGHT,Fitbit App
2025-08-03T09:46:00Z,LIGHT,Fitbit App
2025-08-03T09:47:00Z,LIGHT,Fitbit App
2025-08-03T09:48:00Z,LIGHT,Fitbit App
2025-08-03T09:49:00Z,LIGHT,Fitbit App
2025-08-03T09:50:00Z,LIGHT,Fitbit App
2025-08-03T09:51:00Z,LIGHT,Fitbit App
2025-08-03T09:52:00Z,LIGHT,Fitbit App
2025-08-03T09:53:00Z,LIGHT,Fitbit App
2025-08-03T09:54:00Z,LIGHT,Fitbit App
2025-08-03T09:55:00Z,LIGHT,Fitbit App
2025-08-03T09:56:00Z,LIGHT,Fitbit App
2025-08-03T09:57:00Z,LIGHT,Fitbit App
2025-08-03T09:58:00Z,LIGHT,Fitbit App
2025-08-03T09:59:00Z,LIGHT,Fitbit App
2025-08-03T10:00:00Z,LIGHT,Fitbit App
2025-08-03T10:01:00Z,LIGHT,Fitbit App
2025-08-03T10:02:00Z,LIGHT,Fitbit App
2025-08-03T10:03:00Z,LIGHT,Fitbit App
2025-08-03T10:04:00Z,LIGHT,Fitbit App
2025-08-03T10:05:00Z,LIGHT,Fitbit App
2025-08-03T10:06:00Z,LIGHT,Fitbit App
2025-08-03T10:07:00Z,LIGHT,Fitbit App
2025-08-03T10:08:00Z,LIGHT,Fitbit App
2025-08-03T10:09:00Z,LIGHT,Fitbit App
2025-08-03T10:10:00Z,LIGHT,Fitbit App
2025-08-03T10:11:00Z,LIGHT,Fitbit App
2025-08-03T10:12:00Z,LIGHT,Fitbit App
2025-08-03T10:13:00Z,LIGHT,Fitbit App
2025-08-03T10:14:00Z,LIGHT,Fitbit App
2025-08-03T10:15:00Z,LIGHT,Fitbit App
2025-08-03T10:16:00Z,LIGHT,Fitbit App
2025-08-03T10:17:00Z,LIGHT,Fitbit App
2025-08-03T10:18:00Z,LIGHT,Fitbit App
2025-08-03T10:19:00Z,LIGHT,Fitbit App
2025-08-03T10:20:00Z,LIGHT,Fitbit App
2025-08-03T10:21:00Z,LIGHT,Fitbit App
2025-08-03T10:22:00Z,LIGHT,Fitbit App
2025-08-03T10:23:00Z,LIGHT,Fitbit App
2025-08-03T10:24:00Z,LIGHT,Fitbit App
2025-08-03T10:25:00Z,LIGHT,Fitbit App
2025-08-03T10:26:00Z,LIGHT,Fitbit App
2025-08-03T10:27:00Z,LIGHT,Fitbit App
2025-08-03T10:28:00Z,LIGHT,Fitbit App
2025-08-03T10:29:00Z,LIGHT,Fitbit App
2025-08-03T10:30:00Z,LIGHT,Fitbit App
2025-08-03T10:31:00Z,LIGHT,Fitbit App
2025-08-03T10:32:00Z,LIGHT,Fitbit App
2025-08-03T10:33:00Z,LIGHT,Fitbit App
2025-08-03T10:34:00Z,LIGHT,Fitbit App
2025-08-03T10:35:00Z,LIGHT,Fitbit App
2025-08-03T10:36:00Z,LIGHT,Fitbit App
2025-08-03T10:37:00Z,LIGHT,Fitbit App
2025-08-03T10:38:00Z,LIGHT,Fitbit App
2025-08-03T10:39:00Z,LIGHT,Fitbit App
2025-08-03T10:40:00Z,LIGHT,Fitbit App
2025-08-03T10:41:00Z,LIGHT,Fitbit App
2025-08-03T10:42:00Z,LIGHT,Fitbit App
2025-08-03T10:43:00Z,LIGHT,Fitbit App
2025-08-03T10:44:00Z,LIGHT,Fitbit App
2025-08-03T10:45:00Z,LIGHT,Fitbit App
2025-08-03T10:46:00Z,LIGHT,Fitbit App
2025-08-03T10:47:00Z,LIGHT,Fitbit App
2025-08-03T10:48:00Z,LIGHT,Fitbit App
2025-08-03T10:49:00Z,LIGHT,Fitbit App
2025-08-03T10:50:00Z,LIGHT,Fitbit App
2025-08-03T10:51:00Z,LIGHT,Fitbit App
2025-08-03T10:52:00Z,LIGHT,Fitbit App
2025-08-03T10:53:00Z,LIGHT,Fitbit App
2025-08-03T10:54:00Z,LIGHT,Fitbit App
2025-08-03T10:55:00Z,LIGHT,Fitbit App
2025-08-03T10:56:00Z,LIGHT,Fitbit App
2025-08-03T10:57:00Z,LIGHT,Fitbit App
2025-08-03T10:58:00Z,LIGHT,Fitbit App
2025-08-03T10:59:00Z,LIGHT,Fitbit App
2025-08-03T11:00:00Z,LIGHT,Fitbit App
2025-08-03T11:01:00Z,LIGHT,Fitbit App
2025-08-03T11:02:00Z,LIGHT,Fitbit App
2025-08-03T11:03:00Z,LIGHT,Fitbit App
2025-08-03T11:04:00Z,LIGHT,Fitbit App
2025-08-03T11:05:00Z,LIGHT,Fitbit App
2025-08-03T11:06:00Z,LIGHT,Fitbit App
2025-08-03T11:07:00Z,LIGHT,Fitbit App
2025-08-03T11:08:00Z,LIGHT,Fitbit App
2025-08-03T11:09:00Z,LIGHT,Fitbit App
2025-08-03T11:10:00Z,LIGHT,Fitbit App
2025-08-03T11:11:00Z,LIGHT,Fitbit App
2025-08-03T11:12:00Z,LIGHT,Fitbit App
2025-08-03T11:13:00Z,LIGHT,Fitbit App
2025-08-03T11:14:00Z,LIGHT,Fitbit App
2025-08-03T11:15:00Z,LIGHT,Fitbit App
2025-08-03T11:16:00Z,LIGHT,Fitbit App
2025-08-03T11:17:00Z,LIGHT,Fitbit App
2025-08-03T11:18:00Z,LIGHT,Fitbit App
2025-08-03T11:19:00Z,LIGHT,Fitbit App
2025-08-03T11:20:00Z,LIGHT,Fitbit App
2025-08-03T11:21:00Z,LIGHT,Fitbit App
2025-08-03T11:22:00Z,LIGHT,Fitbit App
2025-08-03T11:23:00Z,LIGHT,Fitbit App
2025-08-03T11:24:00Z,LIGHT,Fitbit App
2025-08-03T11:25:00Z,LIGHT,Fitbit App
2025-08-03T11:26:00Z,LIGHT,Fitbit App
2025-08-03T11:27:00Z,LIGHT,Fitbit App
2025-08-03T11:28:00Z,LIGHT,Fitbit App
2025-08-03T11:29:00Z,LIGHT,Fitbit App
2025-08-03T11:30:00Z,LIGHT,Fitbit App
2025-08-03T11:31:00Z,LIGHT,Fitbit App
2025-08-03T11:32:00Z,LIGHT,Fitbit App
2025-08-03T11:33:00Z,LIGHT,Fitbit App
2025-08-03T11:34:00Z,LIGHT,Fitbit App
2025-08-03T11:35:00Z,LIGHT,Fitbit App
2025-08-03T11:36:00Z,LIGHT,Fitbit App
2025-08-03T11:37:00Z,LIGHT,Fitbit App
2025-08-03T11:38:00Z,LIGHT,Fitbit App
2025-08-03T11:39:00Z,LIGHT,Fitbit App
2025-08-03T11:40:00Z,LIGHT,Fitbit App
2025-08-03T11:41:00Z,LIGHT,Fitbit App
2025-08-03T11:42:00Z,LIGHT,Fitbit App
2025-08-03T11:43:00Z,LIGHT,Fitbit App
2025-08-03T11:44:00Z,LIGHT,Fitbit App
2025-08-03T11:45:00Z,LIGHT,Fitbit App
2025-08-03T11:46:00Z,LIGHT,Fitbit App
2025-08-03T11:47:00Z,LIGHT,Fitbit App
2025-08-03T11:48:00Z,LIGHT,Fitbit App
2025-08-03T11:49:00Z,LIGHT,Fitbit App
2025-08-03T11:50:00Z,LIGHT,Fitbit App
2025-08-03T11:51:00Z,LIGHT,Fitbit App
2025-08-03T11:52:00Z,LIGHT,Fitbit App
2025-08-03T11:53:00Z,LIGHT,Fitbit App
2025-08-03T11:54:00Z,LIGHT,Fitbit App
2025-08-03T11:55:00Z,LIGHT,Fitbit App
2025-08-03T11:56:00Z,LIGHT,Fitbit App
2025-08-03T11:57:00Z,LIGHT,Fitbit App
2025-08-03T11:58:00Z,LIGHT,Fitbit App
2025-08-03T11:59:00Z,LIGHT,Fitbit App
2025-08-03T12:00:00Z,LIGHT,Fitbit App
2025-08-03T12:01:00Z,LIGHT,Fitbit App
2025-08-03T12:02:00Z,LIGHT,Fitbit App
2025-08-03T12:03:00Z,LIGHT,Fitbit App
2025-08-03T12:04:00Z,LIGHT,Fitbit App
2025-08-03T12:05:00Z,LIGHT,Fitbit App
2025-08-03T12:06:00Z,LIGHT,Fitbit App
2025-08-03T12:07:00Z,LIGHT,Fitbit App
2025-08-03T12:08:00Z,LIGHT,Fitbit App
2025-08-03T12:09:00Z,LIGHT,Fitbit App
2025-08-03T12:10:00Z,LIGHT,Fitbit App
2025-08-03T12:11:00Z,LIGHT,Fitbit App
2025-08-03T12:12:00Z,LIGHT,Fitbit App
2025-08-03T12:13:00Z,LIGHT,Fitbit App
2025-08-03T12:14:00Z,LIGHT,Fitbit App
2025-08-03T12:15:00Z,LIGHT,Fitbit App
2025-08-03T12:16:00Z,LIGHT,Fitbit App
2025-08-03T12:17:00Z,LIGHT,Fitbit App
2025-08-03T12:18:00Z,LIGHT,Fitbit App
2025-08-03T12:19:00Z,LIGHT,Fitbit App
2025-08-03T12:20:00Z,LIGHT,Fitbit App
2025-08-03T12:21:00Z,LIGHT,Fitbit App
2025-08-03T12:22:00Z,LIGHT,Fitbit App
2025-08-03T12:23:00Z,LIGHT,Fitbit App
2025-08-03T12:24:00Z,LIGHT,Fitbit App
2025-08-03T12:25:00Z,LIGHT,Fitbit App
2025-08-03T12:26:00Z,LIGHT,Fitbit App
2025-08-03T12:27:00Z,LIGHT,Fitbit App
2025-08-03T12:28:00Z,LIGHT,Fitbit App
2025-08-03T12:29:00Z,LIGHT,Fitbit App
2025-08-03T12:30:00Z,LIGHT,Fitbit App
2025-08-03T12:31:00Z,LIGHT,Fitbit App
2025-08-03T12:32:00Z,LIGHT,Fitbit App
2025-08-03T12:33:00Z,LIGHT,Fitbit App
2025-08-03T12:34:00Z,LIGHT,Fitbit App
2025-08-03T12:35:00Z,LIGHT,Fitbit App
2025-08-03T12:36:00Z,LIGHT,Fitbit App
2025-08-03T12:37:00Z,LIGHT,Fitbit App
2025-08-03T12:38:00Z,LIGHT,Fitbit App
2025-08-03T12:39:00Z,LIGHT,Fitbit App
2025-08-03T12:40:00Z,LIGHT,Fitbit App
2025-08-03T12:41:00Z,LIGHT,Fitbit App
2025-08-03T12:42:00Z,LIGHT,Fitbit App
2025-08-03T12:43:00Z,LIGHT,Fitbit App
2025-08-03T12:44:00Z,LIGHT,Fitbit App
2025-08-03T12:45:00Z,LIGHT,Fitbit App
2025-08-03T12:46:00Z,LIGHT,Fitbit App
2025-08-03T12:47:00Z,LIGHT,Fitbit App
2025-08-03T12:48:00Z,LIGHT,Fitbit App
2025-08-03T12:49:00Z,LIGHT,Fitbit App
2025-08-03T12:50:00Z,LIGHT,Fitbit App
2025-08-03T12:51:00Z,LIGHT,Fitbit App
2025-08-03T12:52:00Z,LIGHT,Fitbit App
2025-08-03T12:53:00Z,LIGHT,Fitbit App
2025-08-03T12:54:00Z,LIGHT,Fitbit App
2025-08-03T12:55:00Z,LIGHT,Fitbit App
2025-08-03T12:56:00Z,LIGHT,Fitbit App
2025-08-03T12:57:00Z,LIGHT,Fitbit App
2025-08-03T12:58:00Z,LIGHT,Fitbit App
2025-08-03T12:59:00Z,LIGHT,Fitbit App
2025-08-03T13:00:00Z,LIGHT,Fitbit App
2025-08-03T13:01:00Z,LIGHT,Fitbit App
2025-08-03T13:02:00Z,LIGHT,Fitbit App
2025-08-03T13:03:00Z,LIGHT,Fitbit App
2025-08-03T13:04:00Z,LIGHT,Fitbit App
2025-08-03T13:05:00Z,LIGHT,Fitbit App
2025-08-03T13:06:00Z,LIGHT,Fitbit App
2025-08-03T13:07:00Z,LIGHT,Fitbit App
2025-08-03T13:08:00Z,LIGHT,Fitbit App
2025-08-03T13:09:00Z,LIGHT,Fitbit App
2025-08-03T13:10:00Z,LIGHT,Fitbit App
2025-08-03T13:11:00Z,LIGHT,Fitbit App
2025-08-03T13:12:00Z,LIGHT,Fitbit App
2025-08-03T13:13:00Z,LIGHT,Fitbit App
2025-08-03T13:14:00Z,LIGHT,Fitbit App
2025-08-03T13:15:00Z,LIGHT,Fitbit App
2025-08-03T13:16:00Z,LIGHT,Fitbit App
2025-08-03T13:17:00Z,LIGHT,Fitbit App
2025-08-03T13:18:00Z,LIGHT,Fitbit App
2025-08-03T13:19:00Z,LIGHT,Fitbit App
2025-08-03T13:20:00Z,LIGHT,Fitbit App
2025-08-03T13:21:00Z,LIGHT,Fitbit App
2025-08-03T13:22:00Z,LIGHT,Fitbit App
2025-08-03T13:23:00Z,LIGHT,Fitbit App
2025-08-03T13:24:00Z,LIGHT,Fitbit App
2025-08-03T13:25:00Z,LIGHT,Fitbit App
2025-08-03T13:26:00Z,LIGHT,Fitbit App
2025-08-03T13:27:00Z,LIGHT,Fitbit App
2025-08-03T13:28:00Z,LIGHT,Fitbit App
2025-08-03T13:29:00Z,LIGHT,Fitbit App
2025-08-03T13:30:00Z,LIGHT,Fitbit App
2025-08-03T13:31:00Z,LIGHT,Fitbit App
2025-08-03T13:32:00Z,LIGHT,Fitbit App
2025-08-03T13:33:00Z,LIGHT,Fitbit App
2025-08-03T13:34:00Z,LIGHT,Fitbit App
2025-08-03T13:35:00Z,LIGHT,Fitbit App
2025-08-03T13:36:00Z,LIGHT,Fitbit App
2025-08-03T13:37:00Z,LIGHT,Fitbit App
2025-08-03T13:38:00Z,LIGHT,Fitbit App
2025-08-03T13:39:00Z,LIGHT,Fitbit App
2025-08-03T13:40:00Z,LIGHT,Fitbit App
2025-08-03T13:41:00Z,LIGHT,Fitbit App
2025-08-03T13:42:00Z,LIGHT,Fitbit App
2025-08-03T13:43:00Z,LIGHT,Fitbit App
2025-08-03T13:44:00Z,LIGHT,Fitbit App
2025-08-03T13:45:00Z,LIGHT,Fitbit App
2025-08-03T13:46:00Z,LIGHT,Fitbit App
2025-08-03T13:47:00Z,LIGHT,Fitbit App
2025-08-03T13:48:00Z,LIGHT,Fitbit App
2025-08-03T13:49:00Z,LIGHT,Fitbit App
2025-08-03T13:50:00Z,LIGHT,Fitbit App
2025-08-03T13:51:00Z,LIGHT,Fitbit App
2025-08-03T13:52:00Z,LIGHT,Fitbit App
2025-08-03T13:53:00Z,LIGHT,Fitbit App
2025-08-03T13:54:00Z,LIGHT,Fitbit App
2025-08-03T13:55:00Z,LIGHT,Fitbit App
2025-08-03T13:56:00Z,LIGHT,Fitbit App
2025-08-03T13:57:00Z,LIGHT,Fitbit App
2025-08-03T13:58:00Z,LIGHT,Fitbit App
2025-08-03T13:59:00Z,LIGHT,Fitbit App
2025-08-03T14:00:00Z,LIGHT,Fitbit App
2025-08-03T14:01:00Z,LIGHT,Fitbit App
2025-08-03T14:02:00Z,LIGHT,Fitbit App
2025-08-03T14:03:00Z,LIGHT,Fitbit App
2025-08-03T14:04:00Z,LIGHT,Fitbit App
2025-08-03T14:05:00Z,LIGHT,Fitbit App
2025-08-03T14:06:00Z,LIGHT,Fitbit App
2025-08-03T14:07:00Z,LIGHT,Fitbit App
2025-08-03T14:08:00Z,LIGHT,Fitbit App
2025-08-03T14:09:00Z,LIGHT,Fitbit App
2025-08-03T14:10:00Z,LIGHT,Fitbit App
2025-08-03T14:11:00Z,LIGHT,Fitbit App
2025-08-03T14:12:00Z,LIGHT,Fitbit App
2025-08-03T14:13:00Z,LIGHT,Fitbit App
2025-08-03T14:14:00Z,LIGHT,Fitbit App
2025-08-03T14:15:00Z,LIGHT,Fitbit App
2025-08-03T14:16:00Z,LIGHT,Fitbit App
2025-08-03T14:17:00Z,LIGHT,Fitbit App
2025-08-03T14:18:00Z,LIGHT,Fitbit App
2025-08-03T14:19:00Z,LIGHT,Fitbit App
2025-08-03T14:20:00Z,LIGHT,Fitbit App
2025-08-03T14:21:00Z,LIGHT,Fitbit App
2025-08-03T14:22:00Z,LIGHT,Fitbit App
2025-08-03T14:23:00Z,LIGHT,Fitbit App
2025-08-03T14:24:00Z,LIGHT,Fitbit App
2025-08-03T14:25:00Z,LIGHT,Fitbit App
2025-08-03T14:26:00Z,LIGHT,Fitbit App
2025-08-03T14:27:00Z,LIGHT,Fitbit App
2025-08-03T14:28:00Z,LIGHT,Fitbit App
2025-08-03T14:29:00Z,LIGHT,Fitbit App
2025-08-03T14:30:00Z,LIGHT,Fitbit App
2025-08-03T14:31:00Z,LIGHT,Fitbit App
2025-08-03T14:32:00Z,LIGHT,Fitbit App
2025-08-03T14:33:00Z,LIGHT,Fitbit App
2025-08-03T14:34:00Z,LIGHT,Fitbit App
2025-08-03T14:35:00Z,LIGHT,Fitbit App
2025-08-03T14:36:00Z,LIGHT,Fitbit App
2025-08-03T14:37:00Z,LIGHT,Fitbit App
2025-08-03T14:38:00Z,LIGHT,Fitbit App
2025-08-03T14:39:00Z,LIGHT,Fitbit App
2025-08-03T14:40:00Z,LIGHT,Fitbit App
2025-08-03T14:41:00Z,LIGHT,Fitbit App
2025-08-03T14:42:00Z,LIGHT,Fitbit App
2025-08-03T14:43:00Z,LIGHT,Fitbit App
2025-08-03T14:44:00Z,LIGHT,Fitbit App
2025-08-03T14:45:00Z,LIGHT,Fitbit App
2025-08-03T14:46:00Z,LIGHT,Fitbit App
2025-08-03T14:47:00Z,LIGHT,Fitbit App
2025-08-03T14:48:00Z,LIGHT,Fitbit App
2025-08-03T14:49:00Z,LIGHT,Fitbit App
2025-08-03T14:50:00Z,LIGHT,Fitbit App
2025-08-03T14:51:00Z,LIGHT,Fitbit App
2025-08-03T14:52:00Z,LIGHT,Fitbit App
2025-08-03T14:53:00Z,LIGHT,Fitbit App
2025-08-03T14:54:00Z,LIGHT,Fitbit App
2025-08-03T14:55:00Z,LIGHT,Fitbit App
2025-08-03T14:56:00Z,LIGHT,Fitbit App
2025-08-03T14:57:00Z,LIGHT,Fitbit App
2025-08-03T14:58:00Z,LIGHT,Fitbit App
2025-08-03T14:59:00Z,LIGHT,Fitbit App
2025-08-03T15:00:00Z,LIGHT,Fitbit App
2025-08-03T15:01:00Z,LIGHT,Fitbit App
2025-08-03T15:02:00Z,LIGHT,Fitbit App
2025-08-03T15:03:00Z,LIGHT,Fitbit App
2025-08-03T15:04:00Z,LIGHT,Fitbit App
2025-08-03T15:05:00Z,LIGHT,Fitbit App
2025-08-03T15:06:00Z,LIGHT,Fitbit App
2025-08-03T15:07:00Z,LIGHT,Fitbit App
2025-08-03T15:08:00Z,LIGHT,Fitbit App
2025-08-03T15:09:00Z,LIGHT,Fitbit App
2025-08-03T15:10:00Z,LIGHT,Fitbit App
2025-08-03T15:11:00Z,LIGHT,Fitbit App
2025-08-03T15:12:00Z,LIGHT,Fitbit App
2025-08-03T15:13:00Z,LIGHT,Fitbit App
2025-08-03T15:14:00Z,LIGHT,Fitbit App
2025-08-03T15:15:00Z,LIGHT,Fitbit App
2025-08-03T15:16:00Z,LIGHT,Fitbit App
2025-08-03T15:17:00Z,LIGHT,Fitbit App
2025-08-03T15:18:00Z,LIGHT,Fitbit App
2025-08-03T15:19:00Z,LIGHT,Fitbit App
2025-08-03T15:20:00Z,LIGHT,Fitbit App
2025-08-03T15:21:00Z,LIGHT,Fitbit App
2025-08-03T15:22:00Z,LIGHT,Fitbit App
2025-08-03T15:23:00Z,LIGHT,Fitbit App
2025-08-03T15:24:00Z,LIGHT,Fitbit App
2025-08-03T15:25:00Z,LIGHT,Fitbit App
2025-08-03T15:26:00Z,LIGHT,Fitbit App
2025-08-03T15:27:00Z,LIGHT,Fitbit App
2025-08-03T15:28:00Z,LIGHT,Fitbit App
2025-08-03T15:29:00Z,LIGHT,Fitbit App
2025-08-03T15:30:00Z,LIGHT,Fitbit App
2025-08-03T15:31:00Z,LIGHT,Fitbit App
2025-08-03T15:32:00Z,LIGHT,Fitbit App
2025-08-03T15:33:00Z,LIGHT,Fitbit App
2025-08-03T15:34:00Z,LIGHT,Fitbit App
2025-08-03T15:35:00Z,LIGHT,Fitbit App
2025-08-03T15:36:00Z,LIGHT,Fitbit App
2025-08-03T15:37:00Z,LIGHT,Fitbit App
2025-08-03T15:38:00Z,LIGHT,Fitbit App
2025-08-03T15:39:00Z,LIGHT,Fitbit App
2025-08-03T15:40:00Z,LIGHT,Fitbit App
2025-08-03T15:41:00Z,LIGHT,Fitbit App
2025-08-03T15:42:00Z,LIGHT,Fitbit App
2025-08-03T15:43:00Z,LIGHT,Fitbit App
2025-08-03T15:44:00Z,LIGHT,Fitbit App
2025-08-03T15:45:00Z,LIGHT,Fitbit App
2025-08-03T15:46:00Z,LIGHT,Fitbit App
2025-08-03T15:47:00Z,LIGHT,Fitbit App
2025-08-03T15:48:00Z,LIGHT,Fitbit App
2025-08-03T15:49:00Z,LIGHT,Fitbit App
2025-08-03T15:50:00Z,LIGHT,Fitbit App
2025-08-03T15:51:00Z,LIGHT,Fitbit App
2025-08-03T15:52:00Z,LIGHT,Fitbit App
2025-08-03T15:53:00Z,LIGHT,Fitbit App
2025-08-03T15:54:00Z,LIGHT,Fitbit App
2025-08-03T15:55:00Z,LIGHT,Fitbit App
2025-08-03T15:56:00Z,LIGHT,Fitbit App
2025-08-03T15:57:00Z,LIGHT,Fitbit App
2025-08-03T15:58:00Z,LIGHT,Fitbit App
2025-08-03T15:59:00Z,LIGHT,Fitbit App
2025-08-03T16:00:00Z,LIGHT,Fitbit App
2025-08-03T16:01:00Z,LIGHT,Fitbit App
2025-08-03T16:02:00Z,LIGHT,Fitbit App
2025-08-03T16:03:00Z,LIGHT,Fitbit App
2025-08-03T16:04:00Z,LIGHT,Fitbit App
2025-08-03T16:05:00Z,LIGHT,Fitbit App
2025-08-03T16:06:00Z,LIGHT,Fitbit App
2025-08-03T16:07:00Z,LIGHT,Fitbit App
2025-08-03T16:08:00Z,LIGHT,Fitbit App
2025-08-03T16:09:00Z,LIGHT,Fitbit App
2025-08-03T16:10:00Z,LIGHT,Fitbit App
2025-08-03T16:11:00Z,LIGHT,Fitbit App
2025-08-03T16:12:00Z,LIGHT,Fitbit App
2025-08-03T16:13:00Z,LIGHT,Fitbit App
2025-08-03T16:14:00Z,LIGHT,Fitbit App
2025-08-03T16:15:00Z,LIGHT,Fitbit App
2025-08-03T16:16:00Z,LIGHT,Fitbit App
2025-08-03T16:17:00Z,LIGHT,Fitbit App
2025-08-03T16:18:00Z,LIGHT,Fitbit App
2025-08-03T16:19:00Z,LIGHT,Fitbit App
2025-08-03T16:20:00Z,LIGHT,Fitbit App
2025-08-03T16:21:00Z,LIGHT,Fitbit App
2025-08-03T16:22:00Z,LIGHT,Fitbit App
2025-08-03T16:23:00Z,LIGHT,Fitbit App
2025-08-03T16:24:00Z,LIGHT,Fitbit App
2025-08-03T16:25:00Z,LIGHT,Fitbit App
2025-08-03T16:26:00Z,LIGHT,Fitbit App
2025-08-03T16:27:00Z,LIGHT,Fitbit App
2025-08-03T16:28:00Z,LIGHT,Fitbit App
2025-08-03T16:29:00Z,LIGHT,Fitbit App
2025-08-03T16:30:00Z,LIGHT,Fitbit App
2025-08-03T16:31:00Z,LIGHT,Fitbit App
2025-08-03T16:32:00Z,LIGHT,Fitbit App
2025-08-03T16:33:00Z,LIGHT,Fitbit App
2025-08-03T16:34:00Z,LIGHT,Fitbit App
2025-08-03T16:35:00Z,LIGHT,Fitbit App
2025-08-03T16:36:00Z,LIGHT,Fitbit App
2025-08-03T16:37:00Z,LIGHT,Fitbit App
2025-08-03T16:38:00Z,LIGHT,Fitbit App
2025-08-03T16:39:00Z,LIGHT,Fitbit App
2025-08-03T16:40:00Z,LIGHT,Fitbit App
2025-08-03T16:41:00Z,LIGHT,Fitbit App
2025-08-03T16:42:00Z,LIGHT,Fitbit App
2025-08-03T16:43:00Z,LIGHT,Fitbit App
2025-08-03T16:44:00Z,LIGHT,Fitbit App
2025-08-03T16:45:00Z,LIGHT,Fitbit App
2025-08-03T16:46:00Z,LIGHT,Fitbit App
2025-08-03T16:47:00Z,LIGHT,Fitbit App
2025-08-03T16:48:00Z,LIGHT,Fitbit App
2025-08-03T16:49:00Z,LIGHT,Fitbit App
2025-08-03T16:50:00Z,LIGHT,Fitbit App
2025-08-03T16:51:00Z,LIGHT,Fitbit App
2025-08-03T16:52:00Z,LIGHT,Fitbit App
2025-08-03T16:53:00Z,LIGHT,Fitbit App
2025-08-03T16:54:00Z,LIGHT,Fitbit App
2025-08-03T16:55:00Z,LIGHT,Fitbit App
2025-08-03T16:56:00Z,LIGHT,Fitbit App
2025-08-03T16:57:00Z,LIGHT,Fitbit App
2025-08-03T16:58:00Z,LIGHT,Fitbit App
2025-08-03T16:59:00Z,LIGHT,Fitbit App
2025-08-03T17:00:00Z,LIGHT,Fitbit App
2025-08-03T17:01:00Z,LIGHT,Fitbit App
2025-08-03T17:02:00Z,LIGHT,Fitbit App
2025-08-03T17:03:00Z,LIGHT,Fitbit App
2025-08-03T17:04:00Z,LIGHT,Fitbit App
2025-08-03T17:05:00Z,LIGHT,Fitbit App
2025-08-03T17:06:00Z,LIGHT,Fitbit App
2025-08-03T17:07:00Z,LIGHT,Fitbit App
2025-08-03T17:08:00Z,LIGHT,Fitbit App
2025-08-03T17:09:00Z,LIGHT,Fitbit App
2025-08-03T17:10:00Z,LIGHT,Fitbit App
2025-08-03T17:11:00Z,LIGHT,Fitbit App
2025-08-03T17:12:00Z,LIGHT,Fitbit App
2025-08-03T17:13:00Z,LIGHT,Fitbit App
2025-08-03T17:14:00Z,LIGHT,Fitbit App
2025-08-03T17:15:00Z,LIGHT,Fitbit App
2025-08-03T17:16:00Z,LIGHT,Fitbit App
2025-08-03T17:17:00Z,LIGHT,Fitbit App
2025-08-03T17:18:00Z,LIGHT,Fitbit App
2025-08-03T17:19:00Z,LIGHT,Fitbit App
2025-08-03T17:20:00Z,LIGHT,Fitbit App
2025-08-03T17:21:00Z,LIGHT,Fitbit App
2025-08-03T17:22:00Z,LIGHT,Fitbit App
2025-08-03T17:23:00Z,LIGHT,Fitbit App
2025-08-03T17:24:00Z,LIGHT,Fitbit App
2025-08-03T17:25:00Z,LIGHT,Fitbit App
2025-08-03T17:26:00Z,LIGHT,Fitbit App
2025-08-03T17:27:00Z,LIGHT,Fitbit App
2025-08-03T17:28:00Z,LIGHT,Fitbit App
2025-08-03T17:29:00Z,LIGHT,Fitbit App
2025-08-03T17:30:00Z,LIGHT,Fitbit App
2025-08-03T17:31:00Z,LIGHT,Fitbit App
2025-08-03T17:32:00Z,LIGHT,Fitbit App
2025-08-03T17:33:00Z,LIGHT,Fitbit App
2025-08-03T17:34:00Z,LIGHT,Fitbit App
2025-08-03T17:35:00Z,LIGHT,Fitbit App
2025-08-03T17:36:00Z,LIGHT,Fitbit App
2025-08-03T17:37:00Z,LIGHT,Fitbit App
2025-08-03T17:38:00Z,LIGHT,Fitbit App
2025-08-03T17:39:00Z,LIGHT,Fitbit App
2025-08-03T17:40:00Z,LIGHT,Fitbit App
2025-08-03T17:41:00Z,LIGHT,Fitbit App
2025-08-03T17:42:00Z,LIGHT,Fitbit App
2025-08-03T17:43:00Z,LIGHT,Fitbit App
2025-08-03T17:44:00Z,LIGHT,Fitbit App
2025-08-03T17:45:00Z,LIGHT,Fitbit App
2025-08-03T17:46:00Z,LIGHT,Fitbit App
2025-08-03T17:47:00Z,LIGHT,Fitbit App
2025-08-03T17:48:00Z,LIGHT,Fitbit App
2025-08-03T17:49:00Z,LIGHT,Fitbit App
2025-08-03T17:50:00Z,LIGHT,Fitbit App
2025-08-03T17:51:00Z,LIGHT,Fitbit App
2025-08-03T17:52:00Z,LIGHT,Fitbit App
2025-08-03T17:53:00Z,LIGHT,Fitbit App
2025-08-03T17:54:00Z,LIGHT,Fitbit App
2025-08-03T17:55:00Z,LIGHT,Fitbit App
2025-08-03T17:56:00Z,LIGHT,Fitbit App
2025-08-03T17:57:00Z,LIGHT,Fitbit App
2025-08-03T17:58:00Z,LIGHT,Fitbit App
2025-08-03T17:59:00Z,LIGHT,Fitbit App
2025-08-03T18:00:00Z,LIGHT,Fitbit App
2025-08-03T18:01:00Z,LIGHT,Fitbit App
2025-08-03T18:02:00Z,LIGHT,Fitbit App
2025-08-03T18:03:00Z,LIGHT,Fitbit App
2025-08-03T18:04:00Z,LIGHT,Fitbit App
2025-08-03T18:05:00Z,LIGHT,Fitbit App
2025-08-03T18:06:00Z,LIGHT,Fitbit App
2025-08-03T18:07:00Z,LIGHT,Fitbit App
2025-08-03T18:08:00Z,LIGHT,Fitbit App
2025-08-03T18:09:00Z,LIGHT,Fitbit App
2025-08-03T18:10:00Z,LIGHT,Fitbit App
2025-08-03T18:11:00Z,LIGHT,Fitbit App
2025-08-03T18:12:00Z,LIGHT,Fitbit App
2025-08-03T18:13:00Z,LIGHT,Fitbit App
2025-08-03T18:14:00Z,LIGHT,Fitbit App
2025-08-03T18:15:00Z,LIGHT,Fitbit App
2025-08-03T18:16:00Z,LIGHT,Fitbit App
2025-08-03T18:17:00Z,LIGHT,Fitbit App
2025-08-03T18:18:00Z,LIGHT,Fitbit App
2025-08-03T18:19:00Z,LIGHT,Fitbit App
2025-08-03T18:20:00Z,LIGHT,Fitbit App
2025-08-03T18:21:00Z,LIGHT,Fitbit App
2025-08-03T18:22:00Z,LIGHT,Fitbit App
2025-08-03T18:23:00Z,LIGHT,Fitbit App
2025-08-03T18:24:00Z,LIGHT,Fitbit App
2025-08-03T18:25:00Z,LIGHT,Fitbit App
2025-08-03T18:26:00Z,LIGHT,Fitbit App
2025-08-03T18:27:00Z,LIGHT,Fitbit App
2025-08-03T18:28:00Z,LIGHT,Fitbit App
2025-08-03T18:29:00Z,LIGHT,Fitbit App
2025-08-03T18:30:00Z,LIGHT,Fitbit App
2025-08-03T18:31:00Z,LIGHT,Fitbit App
2025-08-03T18:32:00Z,LIGHT,Fitbit App
2025-08-03T18:33:00Z,LIGHT,Fitbit App
2025-08-03T18:34:00Z,LIGHT,Fitbit App
2025-08-03T18:35:00Z,LIGHT,Fitbit App
2025-08-03T18:36:00Z,LIGHT,Fitbit App
2025-08-03T18:37:00Z,LIGHT,Fitbit App
2025-08-03T18:38:00Z,LIGHT,Fitbit App
2025-08-03T18:39:00Z,LIGHT,Fitbit App
2025-08-03T18:40:00Z,LIGHT,Fitbit App
2025-08-03T18:41:00Z,LIGHT,Fitbit App
2025-08-03T18:42:00Z,LIGHT,Fitbit App
2025-08-03T18:43:00Z,LIGHT,Fitbit App
2025-08-03T18:44:00Z,LIGHT,Fitbit App
2025-08-03T18:45:00Z,LIGHT,Fitbit App
2025-08-03T18:46:00Z,LIGHT,Fitbit App
2025-08-03T18:47:00Z,LIGHT,Fitbit App
2025-08-03T18:48:00Z,LIGHT,Fitbit App
2025-08-03T18:49:00Z,LIGHT,Fitbit App
2025-08-03T18:50:00Z,LIGHT,Fitbit App
2025-08-03T18:51:00Z,LIGHT,Fitbit App
2025-08-03T18:52:00Z,LIGHT,Fitbit App
2025-08-03T18:53:00Z,LIGHT,Fitbit App
2025-08-03T18:54:00Z,LIGHT,Fitbit App
2025-08-03T18:55:00Z,LIGHT,Fitbit App
2025-08-03T18:56:00Z,LIGHT,Fitbit App
2025-08-03T18:57:00Z,LIGHT,Fitbit App
2025-08-03T18:58:00Z,LIGHT,Fitbit App
2025-08-03T18:59:00Z,LIGHT,Fitbit App
2025-08-03T19:00:00Z,LIGHT,Fitbit App
2025-08-03T19:01:00Z,LIGHT,Fitbit App
2025-08-03T19:02:00Z,LIGHT,Fitbit App
2025-08-03T19:03:00Z,LIGHT,Fitbit App
2025-08-03T19:04:00Z,LIGHT,Fitbit App
2025-08-03T19:05:00Z,LIGHT,Fitbit App
2025-08-03T19:06:00Z,LIGHT,Fitbit App
2025-08-03T19:07:00Z,LIGHT,Fitbit App
2025-08-03T19:08:00Z,LIGHT,Fitbit App
2025-08-03T19:09:00Z,LIGHT,Fitbit App
2025-08-03T19:10:00Z,LIGHT,Fitbit App
2025-08-03T19:11:00Z,LIGHT,Fitbit App
2025-08-03T19:12:00Z,LIGHT,Fitbit App
2025-08-03T19:13:00Z,LIGHT,Fitbit App
2025-08-03T19:14:00Z,LIGHT,Fitbit App
2025-08-03T19:15:00Z,LIGHT,Fitbit App
2025-08-03T19:16:00Z,LIGHT,Fitbit App
2025-08-03T19:17:00Z,LIGHT,Fitbit App
2025-08-03T19:18:00Z,LIGHT,Fitbit App
2025-08-03T19:19:00Z,LIGHT,Fitbit App
2025-08-03T19:20:00Z,LIGHT,Fitbit App
2025-08-03T19:21:00Z,LIGHT,Fitbit App
2025-08-03T19:22:00Z,LIGHT,Fitbit App
2025-08-03T19:23:00Z,LIGHT,Fitbit App
2025-08-03T19:24:00Z,LIGHT,Fitbit App
2025-08-03T21:04:00Z,LIGHT,Fitbit App
2025-08-03T21:05:00Z,LIGHT,Fitbit App
2025-08-03T21:06:00Z,LIGHT,Fitbit App
2025-08-03T21:07:00Z,LIGHT,Fitbit App
2025-08-03T21:08:00Z,LIGHT,Fitbit App
2025-08-04T03:27:00Z,LIGHT,Fitbit App
2025-08-04T03:28:00Z,LIGHT,Fitbit App
2025-08-04T08:04:00Z,LIGHT,Fitbit App
2025-08-04T08:05:00Z,LIGHT,Fitbit App
2025-08-04T08:06:00Z,LIGHT,Fitbit App
2025-08-04T08:07:00Z,LIGHT,Fitbit App
2025-08-04T08:08:00Z,LIGHT,Fitbit App
2025-08-04T08:09:00Z,LIGHT,Fitbit App
2025-08-04T08:10:00Z,LIGHT,Fitbit App
2025-08-04T08:11:00Z,LIGHT,Fitbit App
2025-08-04T08:12:00Z,LIGHT,Fitbit App
2025-08-04T08:13:00Z,LIGHT,Fitbit App
2025-08-04T08:14:00Z,LIGHT,Fitbit App
2025-08-04T08:15:00Z,LIGHT,Fitbit App
2025-08-04T08:16:00Z,LIGHT,Fitbit App
2025-08-04T08:17:00Z,LIGHT,Fitbit App
2025-08-04T08:18:00Z,LIGHT,Fitbit App
2025-08-04T08:19:00Z,LIGHT,Fitbit App
2025-08-04T08:20:00Z,LIGHT,Fitbit App
2025-08-04T08:21:00Z,LIGHT,Fitbit App
2025-08-04T08:22:00Z,LIGHT,Fitbit App
2025-08-04T08:23:00Z,LIGHT,Fitbit App
2025-08-04T08:24:00Z,LIGHT,Fitbit App
2025-08-04T08:25:00Z,MODERATE,Fitbit App
2025-08-04T08:26:00Z,MODERATE,Fitbit App
2025-08-04T08:27:00Z,MODERATE,Fitbit App
2025-08-04T08:28:00Z,MODERATE,Fitbit App
2025-08-04T08:29:00Z,MODERATE,Fitbit App
2025-08-04T08:30:00Z,MODERATE,Fitbit App
2025-08-04T08:31:00Z,LIGHT,Fitbit App
2025-08-04T08:32:00Z,LIGHT,Fitbit App
2025-08-04T08:33:00Z,LIGHT,Fitbit App
2025-08-04T08:34:00Z,LIGHT,Fitbit App
2025-08-04T08:35:00Z,LIGHT,Fitbit App
2025-08-04T08:36:00Z,LIGHT,Fitbit App
2025-08-04T08:37:00Z,LIGHT,Fitbit App
2025-08-04T08:38:00Z,LIGHT,Fitbit App
2025-08-04T08:39:00Z,LIGHT,Fitbit App
2025-08-04T08:40:00Z,LIGHT,Fitbit App
2025-08-04T08:41:00Z,LIGHT,Fitbit App
2025-08-04T08:42:00Z,LIGHT,Fitbit App
2025-08-04T08:43:00Z,LIGHT,Fitbit App
2025-08-04T08:44:00Z,LIGHT,Fitbit App
2025-08-04T08:45:00Z,LIGHT,Fitbit App
2025-08-04T08:46:00Z,LIGHT,Fitbit App
2025-08-04T08:47:00Z,MODERATE,Fitbit App
2025-08-04T08:48:00Z,LIGHT,Fitbit App
2025-08-04T08:49:00Z,LIGHT,Fitbit App
2025-08-04T08:50:00Z,LIGHT,Fitbit App
2025-08-04T08:51:00Z,LIGHT,Fitbit App
2025-08-04T08:52:00Z,LIGHT,Fitbit App
2025-08-04T08:53:00Z,LIGHT,Fitbit App
2025-08-04T08:54:00Z,LIGHT,Fitbit App
2025-08-04T08:55:00Z,LIGHT,Fitbit App
2025-08-04T08:56:00Z,LIGHT,Fitbit App
2025-08-04T08:57:00Z,LIGHT,Fitbit App
2025-08-04T08:58:00Z,LIGHT,Fitbit App
2025-08-04T08:59:00Z,LIGHT,Fitbit App
2025-08-04T09:00:00Z,LIGHT,Fitbit App
2025-08-04T09:01:00Z,LIGHT,Fitbit App
2025-08-04T09:02:00Z,LIGHT,Fitbit App
2025-08-04T09:03:00Z,LIGHT,Fitbit App
2025-08-04T09:04:00Z,LIGHT,Fitbit App
2025-08-04T09:05:00Z,LIGHT,Fitbit App
2025-08-04T09:06:00Z,LIGHT,Fitbit App
2025-08-04T09:07:00Z,LIGHT,Fitbit App
2025-08-04T09:08:00Z,LIGHT,Fitbit App
2025-08-04T09:09:00Z,LIGHT,Fitbit App
2025-08-04T09:10:00Z,LIGHT,Fitbit App
2025-08-04T09:11:00Z,LIGHT,Fitbit App
2025-08-04T09:12:00Z,LIGHT,Fitbit App
2025-08-04T09:13:00Z,LIGHT,Fitbit App
2025-08-04T09:14:00Z,MODERATE,Fitbit App
2025-08-04T09:15:00Z,MODERATE,Fitbit App
2025-08-04T09:16:00Z,MODERATE,Fitbit App
2025-08-04T09:17:00Z,MODERATE,Fitbit App
2025-08-04T09:18:00Z,MODERATE,Fitbit App
2025-08-04T09:19:00Z,LIGHT,Fitbit App
2025-08-04T09:20:00Z,LIGHT,Fitbit App
2025-08-04T09:21:00Z,LIGHT,Fitbit App
2025-08-04T09:22:00Z,LIGHT,Fitbit App
2025-08-04T09:23:00Z,LIGHT,Fitbit App
2025-08-04T09:24:00Z,LIGHT,Fitbit App
2025-08-04T09:25:00Z,LIGHT,Fitbit App
2025-08-04T09:26:00Z,LIGHT,Fitbit App
2025-08-04T09:27:00Z,LIGHT,Fitbit App
2025-08-04T09:28:00Z,LIGHT,Fitbit App
2025-08-04T09:29:00Z,LIGHT,Fitbit App
2025-08-04T09:30:00Z,LIGHT,Fitbit App
2025-08-04T09:31:00Z,LIGHT,Fitbit App
2025-08-04T09:32:00Z,LIGHT,Fitbit App
2025-08-04T09:33:00Z,LIGHT,Fitbit App
2025-08-04T09:34:00Z,LIGHT,Fitbit App
2025-08-04T09:35:00Z,LIGHT,Fitbit App
2025-08-04T09:36:00Z,MODERATE,Fitbit App
2025-08-04T09:37:00Z,VIGOROUS,Fitbit App
2025-08-04T09:38:00Z,VIGOROUS,Fitbit App
2025-08-04T09:39:00Z,VIGOROUS,Fitbit App
2025-08-04T09:40:00Z,MODERATE,Fitbit App
2025-08-04T09:41:00Z,MODERATE,Fitbit App
2025-08-04T09:42:00Z,MODERATE,Fitbit App
2025-08-04T09:43:00Z,LIGHT,Fitbit App
2025-08-04T09:44:00Z,MODERATE,Fitbit App
2025-08-04T09:45:00Z,MODERATE,Fitbit App
2025-08-04T09:46:00Z,VIGOROUS,Fitbit App
2025-08-04T09:47:00Z,MODERATE,Fitbit App
2025-08-04T09:48:00Z,LIGHT,Fitbit App
2025-08-04T09:49:00Z,MODERATE,Fitbit App
2025-08-04T09:50:00Z,MODERATE,Fitbit App
2025-08-04T09:51:00Z,VIGOROUS,Fitbit App
2025-08-04T09:52:00Z,VIGOROUS,Fitbit App
2025-08-04T09:53:00Z,VIGOROUS,Fitbit App
2025-08-04T09:54:00Z,MODERATE,Fitbit App
2025-08-04T09:55:00Z,MODERATE,Fitbit App
2025-08-04T09:56:00Z,MODERATE,Fitbit App
2025-08-04T09:57:00Z,MODERATE,Fitbit App
2025-08-04T09:58:00Z,MODERATE,Fitbit App
2025-08-04T09:59:00Z,VIGOROUS,Fitbit App
2025-08-04T10:00:00Z,VIGOROUS,Fitbit App
2025-08-04T10:01:00Z,MODERATE,Fitbit App
2025-08-04T10:02:00Z,VIGOROUS,Fitbit App
2025-08-04T10:03:00Z,VIGOROUS,Fitbit App
2025-08-04T10:04:00Z,MODERATE,Fitbit App
2025-08-04T10:05:00Z,MODERATE,Fitbit App
2025-08-04T10:06:00Z,VIGOROUS,Fitbit App
2025-08-04T10:07:00Z,VIGOROUS,Fitbit App
2025-08-04T10:08:00Z,VIGOROUS,Fitbit App
2025-08-04T10:09:00Z,MODERATE,Fitbit App
2025-08-04T10:10:00Z,LIGHT,Fitbit App
2025-08-04T10:11:00Z,MODERATE,Fitbit App
2025-08-04T10:12:00Z,VIGOROUS,Fitbit App
2025-08-04T10:13:00Z,VIGOROUS,Fitbit App
2025-08-04T10:14:00Z,VIGOROUS,Fitbit App
2025-08-04T10:15:00Z,MODERATE,Fitbit App
2025-08-04T10:16:00Z,MODERATE,Fitbit App
2025-08-04T10:17:00Z,MODERATE,Fitbit App
2025-08-04T10:18:00Z,MODERATE,Fitbit App
2025-08-04T10:19:00Z,VIGOROUS,Fitbit App
2025-08-04T10:20:00Z,MODERATE,Fitbit App
2025-08-04T10:21:00Z,LIGHT,Fitbit App
2025-08-04T10:22:00Z,LIGHT,Fitbit App
2025-08-04T10:23:00Z,MODERATE,Fitbit App
2025-08-04T10:24:00Z,MODERATE,Fitbit App
2025-08-04T10:25:00Z,MODERATE,Fitbit App
2025-08-04T10:26:00Z,LIGHT,Fitbit App
2025-08-04T10:27:00Z,MODERATE,Fitbit App
2025-08-04T10:28:00Z,MODERATE,Fitbit App
2025-08-04T10:29:00Z,VIGOROUS,Fitbit App
2025-08-04T10:30:00Z,MODERATE,Fitbit App
2025-08-04T10:31:00Z,MODERATE,Fitbit App
2025-08-04T10:32:00Z,MODERATE,Fitbit App
2025-08-04T10:33:00Z,VIGOROUS,Fitbit App
2025-08-04T10:34:00Z,MODERATE,Fitbit App
2025-08-04T10:35:00Z,MODERATE,Fitbit App
2025-08-04T10:36:00Z,MODERATE,Fitbit App
2025-08-04T10:37:00Z,LIGHT,Fitbit App
2025-08-04T10:38:00Z,LIGHT,Fitbit App
2025-08-04T10:39:00Z,MODERATE,Fitbit App
2025-08-04T10:40:00Z,VIGOROUS,Fitbit App
2025-08-04T14:31:00Z,LIGHT,Fitbit App
2025-08-04T14:32:00Z,LIGHT,Fitbit App
2025-08-04T14:33:00Z,LIGHT,Fitbit App
2025-08-04T14:34:00Z,LIGHT,Fitbit App
2025-08-04T14:35:00Z,LIGHT,Fitbit App
2025-08-04T14:36:00Z,LIGHT,Fitbit App
2025-08-04T14:37:00Z,LIGHT,Fitbit App
2025-08-04T14:38:00Z,LIGHT,Fitbit App
2025-08-04T14:39:00Z,LIGHT,Fitbit App
2025-08-04T14:40:00Z,LIGHT,Fitbit App
2025-08-04T14:41:00Z,LIGHT,Fitbit App
2025-08-04T14:42:00Z,LIGHT,Fitbit App
2025-08-04T14:43:00Z,LIGHT,Fitbit App
2025-08-04T14:44:00Z,LIGHT,Fitbit App
2025-08-04T14:45:00Z,LIGHT,Fitbit App
2025-08-04T14:46:00Z,LIGHT,Fitbit App
2025-08-04T14:47:00Z,LIGHT,Fitbit App
2025-08-04T14:48:00Z,LIGHT,Fitbit App
2025-08-04T14:49:00Z,LIGHT,Fitbit App
2025-08-04T14:50:00Z,LIGHT,Fitbit App
2025-08-04T14:51:00Z,LIGHT,Fitbit App
2025-08-04T14:52:00Z,LIGHT,Fitbit App
2025-08-04T14:53:00Z,LIGHT,Fitbit App
2025-08-04T14:54:00Z,LIGHT,Fitbit App
2025-08-04T14:55:00Z,LIGHT,Fitbit App
2025-08-04T14:56:00Z,LIGHT,Fitbit App
2025-08-04T14:57:00Z,LIGHT,Fitbit App
2025-08-04T14:58:00Z,LIGHT,Fitbit App
2025-08-04T14:59:00Z,LIGHT,Fitbit App
2025-08-04T15:00:00Z,LIGHT,Fitbit App
2025-08-04T15:01:00Z,LIGHT,Fitbit App
2025-08-04T15:02:00Z,LIGHT,Fitbit App
2025-08-04T15:03:00Z,LIGHT,Fitbit App
2025-08-04T15:04:00Z,LIGHT,Fitbit App
2025-08-04T15:05:00Z,LIGHT,Fitbit App
2025-08-04T15:06:00Z,VIGOROUS,Fitbit App
2025-08-04T15:07:00Z,VIGOROUS,Fitbit App
2025-08-04T15:08:00Z,MODERATE,Fitbit App
2025-08-04T15:09:00Z,MODERATE,Fitbit App
2025-08-04T15:10:00Z,MODERATE,Fitbit App
2025-08-04T15:11:00Z,MODERATE,Fitbit App
2025-08-04T15:12:00Z,MODERATE,Fitbit App
2025-08-04T15:13:00Z,MODERATE,Fitbit App
2025-08-04T15:14:00Z,LIGHT,Fitbit App
2025-08-04T15:15:00Z,MODERATE,Fitbit App
2025-08-04T15:16:00Z,MODERATE,Fitbit App
2025-08-04T15:17:00Z,LIGHT,Fitbit App
2025-08-04T15:18:00Z,LIGHT,Fitbit App
2025-08-04T15:19:00Z,MODERATE,Fitbit App
2025-08-04T15:20:00Z,MODERATE,Fitbit App
2025-08-04T15:21:00Z,MODERATE,Fitbit App
2025-08-04T15:22:00Z,MODERATE,Fitbit App
2025-08-04T15:23:00Z,LIGHT,Fitbit App
2025-08-04T15:24:00Z,LIGHT,Fitbit App
2025-08-04T15:25:00Z,LIGHT,Fitbit App
2025-08-04T15:26:00Z,LIGHT,Fitbit App
2025-08-04T15:27:00Z,LIGHT,Fitbit App
2025-08-04T15:28:00Z,LIGHT,Fitbit App
2025-08-04T15:29:00Z,LIGHT,Fitbit App
2025-08-04T15:30:00Z,VIGOROUS,Fitbit App
2025-08-04T15:31:00Z,MODERATE,Fitbit App
2025-08-04T15:32:00Z,MODERATE,Fitbit App
2025-08-04T15:33:00Z,MODERATE,Fitbit App
2025-08-04T15:34:00Z,MODERATE,Fitbit App
2025-08-04T15:35:00Z,MODERATE,Fitbit App
2025-08-04T15:36:00Z,VIGOROUS,Fitbit App
2025-08-04T15:37:00Z,MODERATE,Fitbit App
2025-08-04T15:38:00Z,MODERATE,Fitbit App
2025-08-04T15:39:00Z,MODERATE,Fitbit App
2025-08-04T15:40:00Z,MODERATE,Fitbit App
2025-08-04T15:41:00Z,VIGOROUS,Fitbit App
2025-08-04T15:42:00Z,MODERATE,Fitbit App
2025-08-04T15:43:00Z,MODERATE,Fitbit App
2025-08-04T15:44:00Z,MODERATE,Fitbit App
2025-08-04T15:45:00Z,MODERATE,Fitbit App
2025-08-04T15:46:00Z,MODERATE,Fitbit App
2025-08-04T15:47:00Z,MODERATE,Fitbit App
2025-08-04T15:48:00Z,MODERATE,Fitbit App
2025-08-04T15:49:00Z,LIGHT,Fitbit App
2025-08-04T15:50:00Z,MODERATE,Fitbit App
2025-08-04T15:51:00Z,LIGHT,Fitbit App
2025-08-04T15:52:00Z,LIGHT,Fitbit App
2025-08-04T15:53:00Z,MODERATE,Fitbit App
2025-08-04T15:54:00Z,MODERATE,Fitbit App
2025-08-04T15:55:00Z,MODERATE,Fitbit App
2025-08-04T15:56:00Z,MODERATE,Fitbit App
2025-08-04T15:57:00Z,MODERATE,Fitbit App
2025-08-04T15:58:00Z,MODERATE,Fitbit App
2025-08-04T15:59:00Z,MODERATE,Fitbit App
2025-08-04T16:00:00Z,MODERATE,Fitbit App
2025-08-04T16:01:00Z,MODERATE,Fitbit App
2025-08-04T16:02:00Z,MODERATE,Fitbit App
2025-08-04T16:03:00Z,LIGHT,Fitbit App
2025-08-04T16:04:00Z,LIGHT,Fitbit App
2025-08-04T16:05:00Z,LIGHT,Fitbit App
2025-08-04T16:06:00Z,MODERATE,Fitbit App
2025-08-04T16:07:00Z,LIGHT,Fitbit App
2025-08-04T16:08:00Z,LIGHT,Fitbit App
2025-08-04T16:09:00Z,LIGHT,Fitbit App
2025-08-04T16:10:00Z,VIGOROUS,Fitbit App
2025-08-04T16:11:00Z,MODERATE,Fitbit App
2025-08-04T16:12:00Z,VIGOROUS,Fitbit App
2025-08-04T16:13:00Z,VIGOROUS,Fitbit App
2025-08-04T16:14:00Z,VIGOROUS,Fitbit App
2025-08-04T16:15:00Z,VIGOROUS,Fitbit App
2025-08-04T16:16:00Z,VIGOROUS,Fitbit App
2025-08-04T16:17:00Z,MODERATE,Fitbit App
2025-08-04T16:18:00Z,MODERATE,Fitbit App
2025-08-04T16:19:00Z,MODERATE,Fitbit App
2025-08-04T16:20:00Z,MODERATE,Fitbit App
2025-08-04T16:21:00Z,LIGHT,Fitbit App
2025-08-04T16:22:00Z,MODERATE,Fitbit App
2025-08-04T16:23:00Z,MODERATE,Fitbit App
2025-08-04T16:24:00Z,MODERATE,Fitbit App
2025-08-04T16:25:00Z,VIGOROUS,Fitbit App
2025-08-04T16:26:00Z,LIGHT,Fitbit App
2025-08-04T16:27:00Z,LIGHT,Fitbit App
2025-08-04T16:28:00Z,LIGHT,Fitbit App
2025-08-04T16:29:00Z,MODERATE,Fitbit App
2025-08-04T16:30:00Z,VIGOROUS,Fitbit App
2025-08-04T16:31:00Z,MODERATE,Fitbit App
2025-08-04T16:32:00Z,LIGHT,Fitbit App
2025-08-04T16:33:00Z,LIGHT,Fitbit App
2025-08-04T16:34:00Z,LIGHT,Fitbit App
2025-08-04T16:35:00Z,MODERATE,Fitbit App
2025-08-04T16:36:00Z,MODERATE,Fitbit App
2025-08-04T16:37:00Z,MODERATE,Fitbit App
2025-08-04T16:38:00Z,MODERATE,Fitbit App
2025-08-04T16:39:00Z,MODERATE,Fitbit App
2025-08-04T16:40:00Z,MODERATE,Fitbit App
2025-08-04T16:41:00Z,MODERATE,Fitbit App
2025-08-04T16:42:00Z,MODERATE,Fitbit App
2025-08-04T16:43:00Z,LIGHT,Fitbit App
2025-08-04T16:44:00Z,LIGHT,Fitbit App
2025-08-04T16:45:00Z,MODERATE,Fitbit App
2025-08-04T16:46:00Z,MODERATE,Fitbit App
2025-08-04T16:47:00Z,MODERATE,Fitbit App
2025-08-04T16:48:00Z,MODERATE,Fitbit App
2025-08-04T16:49:00Z,LIGHT,Fitbit App
2025-08-04T16:50:00Z,LIGHT,Fitbit App
2025-08-04T16:51:00Z,LIGHT,Fitbit App
2025-08-04T16:52:00Z,MODERATE,Fitbit App
2025-08-04T16:53:00Z,MODERATE,Fitbit App
2025-08-04T16:54:00Z,MODERATE,Fitbit App
2025-08-04T16:55:00Z,MODERATE,Fitbit App
2025-08-04T16:56:00Z,MODERATE,Fitbit App
2025-08-04T16:57:00Z,MODERATE,Fitbit App
2025-08-04T16:58:00Z,MODERATE,Fitbit App
2025-08-04T16:59:00Z,MODERATE,Fitbit App
2025-08-04T17:00:00Z,MODERATE,Fitbit App
2025-08-04T17:01:00Z,MODERATE,Fitbit App
2025-08-04T17:02:00Z,MODERATE,Fitbit App
2025-08-04T17:03:00Z,MODERATE,Fitbit App
2025-08-04T17:04:00Z,MODERATE,Fitbit App
2025-08-04T17:05:00Z,MODERATE,Fitbit App
2025-08-04T17:06:00Z,MODERATE,Fitbit App
2025-08-04T17:07:00Z,VIGOROUS,Fitbit App
2025-08-04T17:08:00Z,VIGOROUS,Fitbit App
2025-08-04T17:09:00Z,VIGOROUS,Fitbit App
2025-08-04T17:10:00Z,VIGOROUS,Fitbit App
2025-08-04T17:11:00Z,MODERATE,Fitbit App
2025-08-04T21:09:00Z,LIGHT,Fitbit App
2025-08-04T21:10:00Z,LIGHT,Fitbit App
2025-08-05T06:32:00Z,LIGHT,Fitbit App
2025-08-05T17:10:00Z,LIGHT,Fitbit App
2025-08-05T17:11:00Z,LIGHT,Fitbit App
2025-08-05T17:47:00Z,LIGHT,Fitbit App
2025-08-05T17:48:00Z,LIGHT,Fitbit App
2025-08-06T09:11:00Z,LIGHT,Fitbit App
2025-08-06T09:12:00Z,LIGHT,Fitbit App
2025-08-06T09:13:00Z,LIGHT,Fitbit App
2025-08-06T09:14:00Z,LIGHT,Fitbit App
2025-08-06T09:15:00Z,LIGHT,Fitbit App
2025-08-06T09:16:00Z,LIGHT,Fitbit App
2025-08-06T09:17:00Z,LIGHT,Fitbit App
2025-08-06T09:18:00Z,LIGHT,Fitbit App
2025-08-06T09:19:00Z,LIGHT,Fitbit App
2025-08-06T09:20:00Z,LIGHT,Fitbit App
2025-08-06T09:21:00Z,LIGHT,Fitbit App
2025-08-06T09:32:00Z,LIGHT,Fitbit App
2025-08-06T09:33:00Z,LIGHT,Fitbit App
2025-08-06T09:34:00Z,LIGHT,Fitbit App
2025-08-06T09:35:00Z,LIGHT,Fitbit App
2025-08-06T09:36:00Z,LIGHT,Fitbit App
2025-08-06T09:37:00Z,LIGHT,Fitbit App
2025-08-06T09:38:00Z,LIGHT,Fitbit App
2025-08-06T09:39:00Z,LIGHT,Fitbit App
2025-08-06T09:42:00Z,LIGHT,Fitbit App
2025-08-06T09:43:00Z,LIGHT,Fitbit App
2025-08-06T09:44:00Z,LIGHT,Fitbit App
2025-08-06T09:45:00Z,LIGHT,Fitbit App
2025-08-06T09:46:00Z,LIGHT,Fitbit App
2025-08-06T09:47:00Z,LIGHT,Fitbit App
2025-08-06T09:48:00Z,LIGHT,Fitbit App
2025-08-06T09:49:00Z,LIGHT,Fitbit App
2025-08-06T09:50:00Z,LIGHT,Fitbit App
2025-08-06T09:51:00Z,LIGHT,Fitbit App
2025-08-06T09:52:00Z,LIGHT,Fitbit App
2025-08-06T09:53:00Z,LIGHT,Fitbit App
2025-08-06T09:56:00Z,LIGHT,Fitbit App
2025-08-06T09:57:00Z,LIGHT,Fitbit App
2025-08-06T09:58:00Z,LIGHT,Fitbit App
2025-08-06T09:59:00Z,LIGHT,Fitbit App
2025-08-06T10:00:00Z,LIGHT,Fitbit App
2025-08-06T10:01:00Z,LIGHT,Fitbit App
2025-08-06T10:02:00Z,LIGHT,Fitbit App
2025-08-06T10:03:00Z,LIGHT,Fitbit App
2025-08-06T10:04:00Z,LIGHT,Fitbit App
2025-08-06T10:05:00Z,LIGHT,Fitbit App
2025-08-06T10:06:00Z,LIGHT,Fitbit App
2025-08-06T10:07:00Z,LIGHT,Fitbit App
2025-08-06T10:08:00Z,LIGHT,Fitbit App
2025-08-06T10:09:00Z,LIGHT,Fitbit App
2025-08-06T10:10:00Z,LIGHT,Fitbit App
2025-08-06T10:11:00Z,LIGHT,Fitbit App
2025-08-06T10:12:00Z,LIGHT,Fitbit App
2025-08-06T10:13:00Z,LIGHT,Fitbit App
2025-08-06T10:14:00Z,LIGHT,Fitbit App
2025-08-06T10:15:00Z,LIGHT,Fitbit App
2025-08-06T10:16:00Z,LIGHT,Fitbit App
2025-08-06T10:17:00Z,LIGHT,Fitbit App
2025-08-06T10:18:00Z,LIGHT,Fitbit App
2025-08-06T10:19:00Z,LIGHT,Fitbit App
2025-08-06T10:20:00Z,LIGHT,Fitbit App
2025-08-06T10:21:00Z,LIGHT,Fitbit App
2025-08-06T10:22:00Z,LIGHT,Fitbit App
2025-08-06T10:23:00Z,LIGHT,Fitbit App
2025-08-06T10:24:00Z,LIGHT,Fitbit App
2025-08-06T10:25:00Z,LIGHT,Fitbit App
2025-08-06T10:26:00Z,LIGHT,Fitbit App
2025-08-06T10:27:00Z,LIGHT,Fitbit App
2025-08-06T10:28:00Z,LIGHT,Fitbit App
2025-08-06T10:29:00Z,LIGHT,Fitbit App
2025-08-06T10:30:00Z,LIGHT,Fitbit App
2025-08-06T10:31:00Z,LIGHT,Fitbit App
2025-08-06T10:32:00Z,LIGHT,Fitbit App
2025-08-06T10:33:00Z,LIGHT,Fitbit App
2025-08-06T10:34:00Z,LIGHT,Fitbit App
2025-08-06T10:35:00Z,LIGHT,Fitbit App
2025-08-06T10:36:00Z,LIGHT,Fitbit App
2025-08-06T10:37:00Z,LIGHT,Fitbit App
2025-08-06T10:38:00Z,LIGHT,Fitbit App
2025-08-06T10:39:00Z,LIGHT,Fitbit App
2025-08-06T10:40:00Z,LIGHT,Fitbit App
2025-08-06T10:41:00Z,LIGHT,Fitbit App
2025-08-06T10:42:00Z,LIGHT,Fitbit App
2025-08-06T10:43:00Z,LIGHT,Fitbit App
2025-08-06T10:44:00Z,LIGHT,Fitbit App
2025-08-06T10:45:00Z,LIGHT,Fitbit App
2025-08-06T10:46:00Z,LIGHT,Fitbit App
2025-08-06T10:47:00Z,LIGHT,Fitbit App
2025-08-06T10:48:00Z,LIGHT,Fitbit App
2025-08-06T10:49:00Z,LIGHT,Fitbit App
2025-08-06T10:50:00Z,LIGHT,Fitbit App
2025-08-06T10:51:00Z,LIGHT,Fitbit App
2025-08-06T10:52:00Z,LIGHT,Fitbit App
2025-08-06T10:53:00Z,LIGHT,Fitbit App
2025-08-06T10:54:00Z,LIGHT,Fitbit App
2025-08-06T10:55:00Z,LIGHT,Fitbit App
2025-08-06T10:56:00Z,LIGHT,Fitbit App
2025-08-06T10:57:00Z,LIGHT,Fitbit App
2025-08-06T10:58:00Z,LIGHT,Fitbit App
2025-08-06T10:59:00Z,LIGHT,Fitbit App
2025-08-06T11:00:00Z,LIGHT,Fitbit App
2025-08-06T11:01:00Z,LIGHT,Fitbit App
2025-08-06T11:02:00Z,LIGHT,Fitbit App
2025-08-06T11:03:00Z,LIGHT,Fitbit App
2025-08-06T11:04:00Z,LIGHT,Fitbit App
2025-08-06T11:05:00Z,LIGHT,Fitbit App
2025-08-06T11:06:00Z,LIGHT,Fitbit App
2025-08-06T11:07:00Z,LIGHT,Fitbit App
2025-08-06T11:08:00Z,LIGHT,Fitbit App
2025-08-06T11:09:00Z,LIGHT,Fitbit App
2025-08-06T11:10:00Z,LIGHT,Fitbit App
2025-08-06T11:11:00Z,LIGHT,Fitbit App
2025-08-06T11:12:00Z,LIGHT,Fitbit App
2025-08-06T11:13:00Z,LIGHT,Fitbit App
2025-08-06T11:14:00Z,LIGHT,Fitbit App
2025-08-06T11:15:00Z,LIGHT,Fitbit App
2025-08-06T11:16:00Z,LIGHT,Fitbit App
2025-08-06T11:17:00Z,LIGHT,Fitbit App
2025-08-06T11:18:00Z,LIGHT,Fitbit App
2025-08-06T11:19:00Z,LIGHT,Fitbit App
2025-08-06T11:20:00Z,LIGHT,Fitbit App
2025-08-06T11:21:00Z,LIGHT,Fitbit App
2025-08-06T11:22:00Z,LIGHT,Fitbit App
2025-08-06T11:23:00Z,LIGHT,Fitbit App
2025-08-06T11:24:00Z,LIGHT,Fitbit App
2025-08-06T11:25:00Z,LIGHT,Fitbit App
2025-08-06T11:26:00Z,LIGHT,Fitbit App
2025-08-06T11:27:00Z,LIGHT,Fitbit App
2025-08-06T11:28:00Z,LIGHT,Fitbit App
2025-08-06T11:29:00Z,LIGHT,Fitbit App
2025-08-06T11:30:00Z,LIGHT,Fitbit App
2025-08-06T11:31:00Z,LIGHT,Fitbit App
2025-08-06T11:32:00Z,LIGHT,Fitbit App
2025-08-06T11:33:00Z,LIGHT,Fitbit App
2025-08-06T11:34:00Z,LIGHT,Fitbit App
2025-08-06T11:35:00Z,LIGHT,Fitbit App
2025-08-06T11:36:00Z,LIGHT,Fitbit App
2025-08-06T11:37:00Z,LIGHT,Fitbit App
2025-08-06T11:38:00Z,LIGHT,Fitbit App
2025-08-06T11:39:00Z,LIGHT,Fitbit App
2025-08-06T11:40:00Z,LIGHT,Fitbit App
2025-08-06T11:41:00Z,LIGHT,Fitbit App
2025-08-06T11:42:00Z,LIGHT,Fitbit App
2025-08-06T11:43:00Z,LIGHT,Fitbit App
2025-08-06T11:44:00Z,LIGHT,Fitbit App
2025-08-06T11:45:00Z,LIGHT,Fitbit App
2025-08-06T11:46:00Z,LIGHT,Fitbit App
2025-08-06T11:47:00Z,LIGHT,Fitbit App
2025-08-06T11:48:00Z,LIGHT,Fitbit App
2025-08-06T11:49:00Z,LIGHT,Fitbit App
2025-08-06T11:50:00Z,LIGHT,Fitbit App
2025-08-06T11:51:00Z,LIGHT,Fitbit App
2025-08-06T11:52:00Z,LIGHT,Fitbit App
2025-08-06T11:53:00Z,LIGHT,Fitbit App
2025-08-06T11:54:00Z,LIGHT,Fitbit App
2025-08-06T11:55:00Z,LIGHT,Fitbit App
2025-08-06T11:56:00Z,LIGHT,Fitbit App
2025-08-06T11:57:00Z,LIGHT,Fitbit App
2025-08-06T11:58:00Z,LIGHT,Fitbit App
2025-08-06T11:59:00Z,LIGHT,Fitbit App
2025-08-06T12:00:00Z,LIGHT,Fitbit App
2025-08-06T12:01:00Z,LIGHT,Fitbit App
2025-08-06T12:02:00Z,LIGHT,Fitbit App
2025-08-06T12:03:00Z,LIGHT,Fitbit App
2025-08-06T12:04:00Z,LIGHT,Fitbit App
2025-08-06T12:05:00Z,LIGHT,Fitbit App
2025-08-06T12:06:00Z,LIGHT,Fitbit App
2025-08-06T12:58:00Z,LIGHT,Fitbit App
2025-08-06T12:59:00Z,LIGHT,Fitbit App
2025-08-06T14:05:00Z,LIGHT,Fitbit App
2025-08-06T14:06:00Z,LIGHT,Fitbit App
2025-08-06T14:07:00Z,LIGHT,Fitbit App
2025-08-06T14:08:00Z,LIGHT,Fitbit App
2025-08-06T14:09:00Z,MODERATE,Fitbit App
2025-08-06T14:10:00Z,MODERATE,Fitbit App
2025-08-06T14:11:00Z,MODERATE,Fitbit App
2025-08-06T14:12:00Z,MODERATE,Fitbit App
2025-08-06T14:13:00Z,MODERATE,Fitbit App
2025-08-06T14:14:00Z,MODERATE,Fitbit App
2025-08-06T14:15:00Z,MODERATE,Fitbit App
2025-08-06T14:16:00Z,MODERATE,Fitbit App
2025-08-06T14:17:00Z,MODERATE,Fitbit App
2025-08-06T14:18:00Z,MODERATE,Fitbit App
2025-08-06T14:19:00Z,MODERATE,Fitbit App
2025-08-06T14:20:00Z,MODERATE,Fitbit App
2025-08-06T14:21:00Z,MODERATE,Fitbit App
2025-08-06T14:22:00Z,MODERATE,Fitbit App
2025-08-06T14:23:00Z,MODERATE,Fitbit App
2025-08-06T14:24:00Z,MODERATE,Fitbit App
2025-08-06T14:25:00Z,MODERATE,Fitbit App
2025-08-06T14:26:00Z,MODERATE,Fitbit App
2025-08-06T14:27:00Z,MODERATE,Fitbit App
2025-08-06T14:28:00Z,MODERATE,Fitbit App
2025-08-06T14:29:00Z,VIGOROUS,Fitbit App
2025-08-06T14:30:00Z,MODERATE,Fitbit App
2025-08-06T14:31:00Z,MODERATE,Fitbit App
2025-08-06T14:32:00Z,MODERATE,Fitbit App
2025-08-06T14:33:00Z,MODERATE,Fitbit App
2025-08-06T14:34:00Z,MODERATE,Fitbit App
2025-08-06T14:35:00Z,LIGHT,Fitbit App
2025-08-06T14:36:00Z,LIGHT,Fitbit App
2025-08-06T14:37:00Z,LIGHT,Fitbit App
2025-08-06T14:38:00Z,LIGHT,Fitbit App
2025-08-06T14:39:00Z,LIGHT,Fitbit App
2025-08-06T14:40:00Z,LIGHT,Fitbit App
2025-08-06T14:41:00Z,LIGHT,Fitbit App
2025-08-06T14:42:00Z,LIGHT,Fitbit App
2025-08-06T14:43:00Z,LIGHT,Fitbit App
2025-08-06T14:44:00Z,LIGHT,Fitbit App
2025-08-06T14:45:00Z,LIGHT,Fitbit App
2025-08-06T14:46:00Z,LIGHT,Fitbit App
2025-08-06T14:47:00Z,LIGHT,Fitbit App
2025-08-06T14:48:00Z,LIGHT,Fitbit App
2025-08-06T14:49:00Z,LIGHT,Fitbit App
2025-08-06T14:50:00Z,LIGHT,Fitbit App
2025-08-06T14:51:00Z,LIGHT,Fitbit App
2025-08-06T14:52:00Z,LIGHT,Fitbit App
2025-08-06T14:53:00Z,LIGHT,Fitbit App
2025-08-06T14:54:00Z,LIGHT,Fitbit App
2025-08-06T14:55:00Z,LIGHT,Fitbit App
2025-08-06T14:56:00Z,LIGHT,Fitbit App
2025-08-06T14:57:00Z,LIGHT,Fitbit App
2025-08-06T14:58:00Z,LIGHT,Fitbit App
2025-08-06T14:59:00Z,LIGHT,Fitbit App
2025-08-06T15:00:00Z,LIGHT,Fitbit App
2025-08-06T15:01:00Z,LIGHT,Fitbit App
2025-08-06T15:02:00Z,LIGHT,Fitbit App
2025-08-06T15:03:00Z,LIGHT,Fitbit App
2025-08-06T15:04:00Z,LIGHT,Fitbit App
2025-08-06T15:05:00Z,LIGHT,Fitbit App
2025-08-06T15:06:00Z,LIGHT,Fitbit App
2025-08-06T15:07:00Z,LIGHT,Fitbit App
2025-08-06T15:08:00Z,LIGHT,Fitbit App
2025-08-06T15:09:00Z,LIGHT,Fitbit App
2025-08-06T15:10:00Z,LIGHT,Fitbit App
2025-08-06T15:11:00Z,LIGHT,Fitbit App
2025-08-06T15:12:00Z,LIGHT,Fitbit App
2025-08-06T15:13:00Z,LIGHT,Fitbit App
2025-08-06T15:14:00Z,LIGHT,Fitbit App
2025-08-06T15:15:00Z,LIGHT,Fitbit App
2025-08-06T15:16:00Z,LIGHT,Fitbit App
2025-08-06T15:17:00Z,LIGHT,Fitbit App
2025-08-06T15:18:00Z,LIGHT,Fitbit App
2025-08-06T15:19:00Z,LIGHT,Fitbit App
2025-08-06T15:20:00Z,LIGHT,Fitbit App
2025-08-06T15:21:00Z,LIGHT,Fitbit App
2025-08-06T15:22:00Z,LIGHT,Fitbit App
2025-08-06T15:23:00Z,LIGHT,Fitbit App
2025-08-06T15:24:00Z,LIGHT,Fitbit App
2025-08-06T15:25:00Z,LIGHT,Fitbit App
2025-08-06T15:26:00Z,LIGHT,Fitbit App
2025-08-06T15:27:00Z,LIGHT,Fitbit App
2025-08-06T15:28:00Z,LIGHT,Fitbit App
2025-08-06T15:29:00Z,LIGHT,Fitbit App
2025-08-06T15:30:00Z,LIGHT,Fitbit App
2025-08-06T15:31:00Z,LIGHT,Fitbit App
2025-08-06T15:32:00Z,LIGHT,Fitbit App
2025-08-06T15:33:00Z,LIGHT,Fitbit App
2025-08-06T15:34:00Z,LIGHT,Fitbit App
2025-08-06T15:35:00Z,LIGHT,Fitbit App
2025-08-06T15:36:00Z,LIGHT,Fitbit App
2025-08-06T15:37:00Z,LIGHT,Fitbit App
2025-08-06T15:38:00Z,LIGHT,Fitbit App
2025-08-06T15:39:00Z,LIGHT,Fitbit App
2025-08-06T15:40:00Z,LIGHT,Fitbit App
2025-08-06T15:41:00Z,LIGHT,Fitbit App
2025-08-06T15:42:00Z,LIGHT,Fitbit App
2025-08-06T15:43:00Z,LIGHT,Fitbit App
2025-08-06T15:44:00Z,LIGHT,Fitbit App
2025-08-06T15:45:00Z,LIGHT,Fitbit App
2025-08-06T15:46:00Z,LIGHT,Fitbit App
2025-08-06T15:47:00Z,LIGHT,Fitbit App
2025-08-06T15:48:00Z,LIGHT,Fitbit App
2025-08-06T15:49:00Z,LIGHT,Fitbit App
2025-08-06T15:50:00Z,MODERATE,Fitbit App
2025-08-06T15:51:00Z,LIGHT,Fitbit App
2025-08-06T15:52:00Z,LIGHT,Fitbit App
2025-08-06T15:53:00Z,LIGHT,Fitbit App
2025-08-06T15:54:00Z,LIGHT,Fitbit App
2025-08-06T15:55:00Z,LIGHT,Fitbit App
2025-08-06T15:56:00Z,LIGHT,Fitbit App
2025-08-06T15:57:00Z,LIGHT,Fitbit App
2025-08-06T15:58:00Z,LIGHT,Fitbit App
2025-08-06T15:59:00Z,LIGHT,Fitbit App
2025-08-06T16:00:00Z,LIGHT,Fitbit App
2025-08-06T16:01:00Z,LIGHT,Fitbit App
2025-08-06T16:02:00Z,LIGHT,Fitbit App
2025-08-06T16:03:00Z,LIGHT,Fitbit App
2025-08-06T16:04:00Z,LIGHT,Fitbit App
2025-08-06T16:05:00Z,LIGHT,Fitbit App
2025-08-06T16:06:00Z,LIGHT,Fitbit App
2025-08-06T16:07:00Z,LIGHT,Fitbit App
2025-08-06T16:08:00Z,LIGHT,Fitbit App
2025-08-06T16:09:00Z,LIGHT,Fitbit App
2025-08-06T16:10:00Z,LIGHT,Fitbit App
2025-08-06T16:11:00Z,LIGHT,Fitbit App
2025-08-06T16:12:00Z,LIGHT,Fitbit App
2025-08-06T16:13:00Z,LIGHT,Fitbit App
2025-08-06T16:14:00Z,LIGHT,Fitbit App
2025-08-06T16:15:00Z,LIGHT,Fitbit App
2025-08-06T16:16:00Z,LIGHT,Fitbit App
2025-08-06T16:17:00Z,LIGHT,Fitbit App
2025-08-06T16:18:00Z,LIGHT,Fitbit App
2025-08-06T16:19:00Z,LIGHT,Fitbit App
2025-08-06T16:20:00Z,LIGHT,Fitbit App
2025-08-06T16:21:00Z,LIGHT,Fitbit App
2025-08-06T16:22:00Z,LIGHT,Fitbit App
2025-08-06T16:23:00Z,LIGHT,Fitbit App
2025-08-06T16:24:00Z,LIGHT,Fitbit App
2025-08-06T16:25:00Z,LIGHT,Fitbit App
2025-08-06T16:26:00Z,LIGHT,Fitbit App
2025-08-06T16:27:00Z,LIGHT,Fitbit App
2025-08-06T16:28:00Z,LIGHT,Fitbit App
2025-08-06T16:29:00Z,LIGHT,Fitbit App
2025-08-06T16:30:00Z,LIGHT,Fitbit App
2025-08-06T16:31:00Z,LIGHT,Fitbit App
2025-08-06T16:32:00Z,LIGHT,Fitbit App
2025-08-06T16:33:00Z,LIGHT,Fitbit App
2025-08-06T16:36:00Z,LIGHT,Fitbit App
2025-08-06T16:37:00Z,LIGHT,Fitbit App
2025-08-06T16:38:00Z,LIGHT,Fitbit App
2025-08-06T16:39:00Z,LIGHT,Fitbit App
2025-08-06T16:40:00Z,LIGHT,Fitbit App
2025-08-06T16:41:00Z,LIGHT,Fitbit App
2025-08-06T16:42:00Z,LIGHT,Fitbit App
2025-08-06T16:43:00Z,LIGHT,Fitbit App
2025-08-06T16:44:00Z,LIGHT,Fitbit App
2025-08-06T16:45:00Z,LIGHT,Fitbit App
2025-08-06T16:46:00Z,LIGHT,Fitbit App
2025-08-06T16:47:00Z,LIGHT,Fitbit App
2025-08-06T16:48:00Z,LIGHT,Fitbit App
2025-08-06T16:49:00Z,LIGHT,Fitbit App
2025-08-06T16:50:00Z,LIGHT,Fitbit App
2025-08-06T16:51:00Z,LIGHT,Fitbit App
2025-08-06T16:52:00Z,LIGHT,Fitbit App
2025-08-06T16:53:00Z,LIGHT,Fitbit App
2025-08-06T16:54:00Z,LIGHT,Fitbit App
2025-08-06T16:55:00Z,LIGHT,Fitbit App
2025-08-06T16:56:00Z,LIGHT,Fitbit App
2025-08-06T16:57:00Z,LIGHT,Fitbit App
2025-08-06T16:58:00Z,LIGHT,Fitbit App
2025-08-06T16:59:00Z,LIGHT,Fitbit App
2025-08-06T17:00:00Z,LIGHT,Fitbit App
2025-08-06T17:01:00Z,LIGHT,Fitbit App
2025-08-06T17:02:00Z,LIGHT,Fitbit App
2025-08-06T17:03:00Z,LIGHT,Fitbit App
2025-08-06T17:04:00Z,LIGHT,Fitbit App
2025-08-06T17:05:00Z,LIGHT,Fitbit App
2025-08-06T17:06:00Z,LIGHT,Fitbit App
2025-08-06T17:07:00Z,LIGHT,Fitbit App
2025-08-06T17:08:00Z,LIGHT,Fitbit App
2025-08-06T17:09:00Z,LIGHT,Fitbit App
2025-08-06T17:10:00Z,LIGHT,Fitbit App
2025-08-06T17:11:00Z,LIGHT,Fitbit App
2025-08-06T17:12:00Z,LIGHT,Fitbit App
2025-08-06T17:13:00Z,LIGHT,Fitbit App
2025-08-06T17:14:00Z,LIGHT,Fitbit App
2025-08-06T17:15:00Z,LIGHT,Fitbit App
2025-08-06T17:16:00Z,LIGHT,Fitbit App
2025-08-06T17:17:00Z,LIGHT,Fitbit App
2025-08-06T17:18:00Z,LIGHT,Fitbit App
2025-08-06T17:19:00Z,LIGHT,Fitbit App
2025-08-06T17:20:00Z,LIGHT,Fitbit App
2025-08-06T17:21:00Z,LIGHT,Fitbit App
2025-08-06T17:22:00Z,LIGHT,Fitbit App
2025-08-06T17:23:00Z,LIGHT,Fitbit App
2025-08-06T17:24:00Z,LIGHT,Fitbit App
2025-08-06T17:25:00Z,LIGHT,Fitbit App
2025-08-06T17:26:00Z,LIGHT,Fitbit App
2025-08-06T17:27:00Z,LIGHT,Fitbit App
2025-08-06T17:28:00Z,LIGHT,Fitbit App
2025-08-06T17:29:00Z,LIGHT,Fitbit App
2025-08-06T17:30:00Z,LIGHT,Fitbit App
2025-08-06T17:31:00Z,LIGHT,Fitbit App
2025-08-06T17:32:00Z,LIGHT,Fitbit App
2025-08-06T17:33:00Z,LIGHT,Fitbit App
2025-08-06T17:34:00Z,LIGHT,Fitbit App
2025-08-06T17:35:00Z,LIGHT,Fitbit App
2025-08-06T17:36:00Z,LIGHT,Fitbit App
2025-08-06T17:37:00Z,LIGHT,Fitbit App
2025-08-06T17:38:00Z,LIGHT,Fitbit App
2025-08-06T17:39:00Z,LIGHT,Fitbit App
2025-08-06T17:40:00Z,LIGHT,Fitbit App
2025-08-06T17:41:00Z,LIGHT,Fitbit App
2025-08-06T17:42:00Z,LIGHT,Fitbit App
2025-08-06T17:43:00Z,LIGHT,Fitbit App
2025-08-06T17:44:00Z,LIGHT,Fitbit App
2025-08-06T17:45:00Z,LIGHT,Fitbit App
2025-08-06T17:46:00Z,LIGHT,Fitbit App
2025-08-06T17:47:00Z,LIGHT,Fitbit App
2025-08-06T17:48:00Z,LIGHT,Fitbit App
2025-08-06T17:49:00Z,LIGHT,Fitbit App
2025-08-06T17:50:00Z,LIGHT,Fitbit App
2025-08-06T17:51:00Z,LIGHT,Fitbit App
2025-08-06T17:52:00Z,LIGHT,Fitbit App
2025-08-06T17:53:00Z,LIGHT,Fitbit App
2025-08-06T17:54:00Z,LIGHT,Fitbit App
2025-08-06T17:55:00Z,LIGHT,Fitbit App
2025-08-06T17:56:00Z,LIGHT,Fitbit App
2025-08-06T17:57:00Z,LIGHT,Fitbit App
2025-08-06T17:58:00Z,LIGHT,Fitbit App
2025-08-06T17:59:00Z,LIGHT,Fitbit App
2025-08-06T18:00:00Z,LIGHT,Fitbit App
2025-08-06T18:01:00Z,LIGHT,Fitbit App
2025-08-06T18:02:00Z,LIGHT,Fitbit App
2025-08-06T18:03:00Z,LIGHT,Fitbit App
2025-08-06T18:04:00Z,LIGHT,Fitbit App
2025-08-06T18:05:00Z,LIGHT,Fitbit App
2025-08-06T18:06:00Z,LIGHT,Fitbit App
2025-08-06T18:07:00Z,LIGHT,Fitbit App
2025-08-06T18:08:00Z,LIGHT,Fitbit App
2025-08-06T18:09:00Z,LIGHT,Fitbit App
2025-08-06T18:10:00Z,LIGHT,Fitbit App
2025-08-06T18:11:00Z,LIGHT,Fitbit App
2025-08-06T18:12:00Z,LIGHT,Fitbit App
2025-08-06T18:13:00Z,LIGHT,Fitbit App
2025-08-06T18:14:00Z,LIGHT,Fitbit App
2025-08-06T18:15:00Z,LIGHT,Fitbit App
2025-08-06T18:16:00Z,LIGHT,Fitbit App
2025-08-06T18:17:00Z,LIGHT,Fitbit App
2025-08-06T18:18:00Z,LIGHT,Fitbit App
2025-08-06T18:19:00Z,LIGHT,Fitbit App
2025-08-06T18:20:00Z,LIGHT,Fitbit App
2025-08-06T18:21:00Z,LIGHT,Fitbit App
2025-08-06T18:22:00Z,LIGHT,Fitbit App
2025-08-06T18:23:00Z,LIGHT,Fitbit App
2025-08-06T18:24:00Z,LIGHT,Fitbit App
2025-08-06T18:25:00Z,LIGHT,Fitbit App
2025-08-06T18:26:00Z,LIGHT,Fitbit App
2025-08-06T18:27:00Z,LIGHT,Fitbit App
2025-08-06T18:28:00Z,LIGHT,Fitbit App
2025-08-06T18:29:00Z,LIGHT,Fitbit App
2025-08-06T18:30:00Z,LIGHT,Fitbit App
2025-08-06T18:31:00Z,LIGHT,Fitbit App
2025-08-06T18:32:00Z,LIGHT,Fitbit App
2025-08-06T18:33:00Z,LIGHT,Fitbit App
2025-08-06T18:34:00Z,LIGHT,Fitbit App
2025-08-06T18:35:00Z,LIGHT,Fitbit App
2025-08-06T18:36:00Z,LIGHT,Fitbit App
2025-08-06T18:37:00Z,LIGHT,Fitbit App
2025-08-06T18:38:00Z,LIGHT,Fitbit App
2025-08-06T18:39:00Z,LIGHT,Fitbit App
2025-08-06T18:40:00Z,LIGHT,Fitbit App
2025-08-06T18:41:00Z,LIGHT,Fitbit App
2025-08-06T18:42:00Z,LIGHT,Fitbit App
2025-08-06T18:43:00Z,LIGHT,Fitbit App
2025-08-06T18:44:00Z,LIGHT,Fitbit App
2025-08-06T18:45:00Z,LIGHT,Fitbit App
2025-08-06T18:46:00Z,LIGHT,Fitbit App
2025-08-06T18:47:00Z,LIGHT,Fitbit App
2025-08-06T18:48:00Z,LIGHT,Fitbit App
2025-08-06T18:49:00Z,LIGHT,Fitbit App
2025-08-06T18:50:00Z,LIGHT,Fitbit App
2025-08-06T18:51:00Z,LIGHT,Fitbit App
2025-08-06T18:52:00Z,LIGHT,Fitbit App
2025-08-06T18:53:00Z,LIGHT,Fitbit App
2025-08-06T18:54:00Z,LIGHT,Fitbit App
2025-08-06T18:55:00Z,LIGHT,Fitbit App
2025-08-06T18:56:00Z,LIGHT,Fitbit App
2025-08-06T18:57:00Z,LIGHT,Fitbit App
2025-08-06T18:58:00Z,LIGHT,Fitbit App
2025-08-06T18:59:00Z,LIGHT,Fitbit App
2025-08-06T19:00:00Z,LIGHT,Fitbit App
2025-08-06T20:06:00Z,LIGHT,Fitbit App
2025-08-06T20:07:00Z,LIGHT,Fitbit App
2025-08-06T20:08:00Z,LIGHT,Fitbit App
2025-08-06T20:09:00Z,LIGHT,Fitbit App
2025-08-06T20:10:00Z,LIGHT,Fitbit App
2025-08-07T04:51:00Z,LIGHT,Fitbit App
2025-08-07T04:52:00Z,LIGHT,Fitbit App
2025-08-07T04:53:00Z,LIGHT,Fitbit App
2025-08-07T04:54:00Z,LIGHT,Fitbit App
2025-08-07T04:55:00Z,LIGHT,Fitbit App
2025-08-07T04:56:00Z,LIGHT,Fitbit App
2025-08-07T08:14:00Z,LIGHT,Fitbit App
2025-08-07T08:15:00Z,LIGHT,Fitbit App
2025-08-07T08:16:00Z,LIGHT,Fitbit App
2025-08-07T08:17:00Z,LIGHT,Fitbit App
2025-08-07T08:18:00Z,LIGHT,Fitbit App
2025-08-07T08:19:00Z,LIGHT,Fitbit App
2025-08-07T08:20:00Z,LIGHT,Fitbit App
2025-08-07T08:21:00Z,LIGHT,Fitbit App
2025-08-07T08:22:00Z,LIGHT,Fitbit App
2025-08-07T08:23:00Z,LIGHT,Fitbit App
2025-08-07T08:24:00Z,LIGHT,Fitbit App
2025-08-07T08:25:00Z,LIGHT,Fitbit App
2025-08-07T08:26:00Z,LIGHT,Fitbit App
2025-08-07T08:27:00Z,LIGHT,Fitbit App
2025-08-07T08:28:00Z,LIGHT,Fitbit App
2025-08-07T08:29:00Z,LIGHT,Fitbit App
2025-08-07T08:30:00Z,LIGHT,Fitbit App
2025-08-07T08:31:00Z,LIGHT,Fitbit App
2025-08-07T08:32:00Z,LIGHT,Fitbit App
2025-08-07T08:33:00Z,LIGHT,Fitbit App
2025-08-07T08:34:00Z,LIGHT,Fitbit App
2025-08-07T08:37:00Z,LIGHT,Fitbit App
2025-08-07T08:38:00Z,LIGHT,Fitbit App
2025-08-07T08:39:00Z,LIGHT,Fitbit App
2025-08-07T08:40:00Z,LIGHT,Fitbit App
2025-08-07T08:41:00Z,LIGHT,Fitbit App
2025-08-07T08:42:00Z,LIGHT,Fitbit App
2025-08-07T08:43:00Z,LIGHT,Fitbit App
2025-08-07T08:44:00Z,MODERATE,Fitbit App
2025-08-07T08:45:00Z,LIGHT,Fitbit App
2025-08-07T08:46:00Z,LIGHT,Fitbit App
2025-08-07T08:47:00Z,LIGHT,Fitbit App
2025-08-07T08:48:00Z,LIGHT,Fitbit App
2025-08-07T08:49:00Z,LIGHT,Fitbit App
2025-08-07T08:50:00Z,LIGHT,Fitbit App
2025-08-07T08:51:00Z,LIGHT,Fitbit App
2025-08-07T08:52:00Z,LIGHT,Fitbit App
2025-08-07T08:53:00Z,LIGHT,Fitbit App
2025-08-07T08:54:00Z,LIGHT,Fitbit App
2025-08-07T08:55:00Z,LIGHT,Fitbit App
2025-08-07T08:56:00Z,LIGHT,Fitbit App
2025-08-07T08:57:00Z,LIGHT,Fitbit App
2025-08-07T08:58:00Z,LIGHT,Fitbit App
2025-08-07T08:59:00Z,LIGHT,Fitbit App
2025-08-07T09:00:00Z,LIGHT,Fitbit App
2025-08-07T09:01:00Z,LIGHT,Fitbit App
2025-08-07T09:02:00Z,LIGHT,Fitbit App
2025-08-07T09:03:00Z,LIGHT,Fitbit App
2025-08-07T09:04:00Z,LIGHT,Fitbit App
2025-08-07T09:05:00Z,LIGHT,Fitbit App
2025-08-07T09:06:00Z,LIGHT,Fitbit App
2025-08-07T09:07:00Z,LIGHT,Fitbit App
2025-08-07T09:08:00Z,LIGHT,Fitbit App
2025-08-07T09:09:00Z,LIGHT,Fitbit App
2025-08-07T09:10:00Z,LIGHT,Fitbit App
2025-08-07T09:11:00Z,LIGHT,Fitbit App
2025-08-07T09:12:00Z,LIGHT,Fitbit App
2025-08-07T09:13:00Z,LIGHT,Fitbit App
2025-08-07T09:14:00Z,LIGHT,Fitbit App
2025-08-07T09:15:00Z,LIGHT,Fitbit App
2025-08-07T09:16:00Z,LIGHT,Fitbit App
2025-08-07T09:17:00Z,LIGHT,Fitbit App
2025-08-07T09:18:00Z,LIGHT,Fitbit App
2025-08-07T09:19:00Z,LIGHT,Fitbit App
2025-08-07T09:20:00Z,LIGHT,Fitbit App
2025-08-07T09:21:00Z,LIGHT,Fitbit App
2025-08-07T09:22:00Z,LIGHT,Fitbit App
2025-08-07T09:23:00Z,LIGHT,Fitbit App
2025-08-07T09:24:00Z,LIGHT,Fitbit App
2025-08-07T09:25:00Z,LIGHT,Fitbit App
2025-08-07T09:26:00Z,LIGHT,Fitbit App
2025-08-07T09:27:00Z,LIGHT,Fitbit App
2025-08-07T09:28:00Z,LIGHT,Fitbit App
2025-08-07T09:29:00Z,LIGHT,Fitbit App
2025-08-07T09:30:00Z,LIGHT,Fitbit App
2025-08-07T09:31:00Z,LIGHT,Fitbit App
2025-08-07T09:32:00Z,LIGHT,Fitbit App
2025-08-07T09:33:00Z,LIGHT,Fitbit App
2025-08-07T09:34:00Z,LIGHT,Fitbit App
2025-08-07T09:35:00Z,LIGHT,Fitbit App
2025-08-07T09:36:00Z,LIGHT,Fitbit App
2025-08-07T09:37:00Z,LIGHT,Fitbit App
2025-08-07T09:38:00Z,LIGHT,Fitbit App
2025-08-07T09:39:00Z,LIGHT,Fitbit App
2025-08-07T09:40:00Z,LIGHT,Fitbit App
2025-08-07T09:41:00Z,LIGHT,Fitbit App
2025-08-07T09:42:00Z,LIGHT,Fitbit App
2025-08-07T09:43:00Z,LIGHT,Fitbit App
2025-08-07T09:44:00Z,LIGHT,Fitbit App
2025-08-07T09:45:00Z,LIGHT,Fitbit App
2025-08-07T09:46:00Z,LIGHT,Fitbit App
2025-08-07T09:47:00Z,LIGHT,Fitbit App
2025-08-07T09:48:00Z,LIGHT,Fitbit App
2025-08-07T09:49:00Z,LIGHT,Fitbit App
2025-08-07T09:50:00Z,LIGHT,Fitbit App
2025-08-07T09:51:00Z,LIGHT,Fitbit App
2025-08-07T09:52:00Z,LIGHT,Fitbit App
2025-08-07T09:53:00Z,LIGHT,Fitbit App
2025-08-07T09:54:00Z,LIGHT,Fitbit App
2025-08-07T09:55:00Z,LIGHT,Fitbit App
2025-08-07T09:56:00Z,LIGHT,Fitbit App
2025-08-07T09:57:00Z,LIGHT,Fitbit App
2025-08-07T09:58:00Z,LIGHT,Fitbit App
2025-08-07T09:59:00Z,LIGHT,Fitbit App
2025-08-07T10:00:00Z,LIGHT,Fitbit App
2025-08-07T10:01:00Z,LIGHT,Fitbit App
2025-08-07T10:02:00Z,LIGHT,Fitbit App
2025-08-07T10:03:00Z,LIGHT,Fitbit App
2025-08-07T10:04:00Z,LIGHT,Fitbit App
2025-08-07T10:05:00Z,LIGHT,Fitbit App
2025-08-07T10:06:00Z,LIGHT,Fitbit App
2025-08-07T10:07:00Z,LIGHT,Fitbit App
2025-08-07T10:08:00Z,LIGHT,Fitbit App
2025-08-07T10:09:00Z,LIGHT,Fitbit App
2025-08-07T10:10:00Z,LIGHT,Fitbit App
2025-08-07T10:11:00Z,LIGHT,Fitbit App
2025-08-07T10:12:00Z,LIGHT,Fitbit App
2025-08-07T10:13:00Z,LIGHT,Fitbit App
2025-08-07T10:14:00Z,LIGHT,Fitbit App
2025-08-07T10:15:00Z,LIGHT,Fitbit App
2025-08-07T10:16:00Z,LIGHT,Fitbit App
2025-08-07T10:17:00Z,LIGHT,Fitbit App
2025-08-07T10:18:00Z,LIGHT,Fitbit App
2025-08-07T10:19:00Z,LIGHT,Fitbit App
2025-08-07T10:20:00Z,LIGHT,Fitbit App
2025-08-07T10:21:00Z,LIGHT,Fitbit App
2025-08-07T10:22:00Z,LIGHT,Fitbit App
2025-08-07T10:23:00Z,LIGHT,Fitbit App
2025-08-07T10:24:00Z,LIGHT,Fitbit App
2025-08-07T10:25:00Z,LIGHT,Fitbit App
2025-08-07T10:26:00Z,LIGHT,Fitbit App
2025-08-07T10:27:00Z,LIGHT,Fitbit App
2025-08-07T10:28:00Z,LIGHT,Fitbit App
2025-08-07T10:29:00Z,LIGHT,Fitbit App
2025-08-07T10:30:00Z,LIGHT,Fitbit App
2025-08-07T10:31:00Z,LIGHT,Fitbit App
2025-08-07T10:32:00Z,LIGHT,Fitbit App
2025-08-07T10:33:00Z,LIGHT,Fitbit App
2025-08-07T10:34:00Z,LIGHT,Fitbit App
2025-08-07T10:35:00Z,LIGHT,Fitbit App
2025-08-07T10:36:00Z,LIGHT,Fitbit App
2025-08-07T10:37:00Z,LIGHT,Fitbit App
2025-08-07T10:38:00Z,LIGHT,Fitbit App
2025-08-07T10:39:00Z,LIGHT,Fitbit App
2025-08-07T10:40:00Z,LIGHT,Fitbit App
2025-08-07T10:41:00Z,LIGHT,Fitbit App
2025-08-07T10:42:00Z,LIGHT,Fitbit App
2025-08-07T10:43:00Z,LIGHT,Fitbit App
2025-08-07T10:44:00Z,LIGHT,Fitbit App
2025-08-07T10:45:00Z,LIGHT,Fitbit App
2025-08-07T10:46:00Z,LIGHT,Fitbit App
2025-08-07T10:47:00Z,LIGHT,Fitbit App
2025-08-07T10:48:00Z,LIGHT,Fitbit App
2025-08-07T10:49:00Z,LIGHT,Fitbit App
2025-08-07T10:50:00Z,LIGHT,Fitbit App
2025-08-07T10:51:00Z,LIGHT,Fitbit App
2025-08-07T10:52:00Z,LIGHT,Fitbit App
2025-08-07T10:53:00Z,LIGHT,Fitbit App
2025-08-07T10:54:00Z,LIGHT,Fitbit App
2025-08-07T10:55:00Z,LIGHT,Fitbit App
2025-08-07T10:56:00Z,LIGHT,Fitbit App
2025-08-07T10:57:00Z,LIGHT,Fitbit App
2025-08-07T10:58:00Z,LIGHT,Fitbit App
2025-08-07T10:59:00Z,LIGHT,Fitbit App
2025-08-07T11:00:00Z,LIGHT,Fitbit App
2025-08-07T11:01:00Z,LIGHT,Fitbit App
2025-08-07T11:02:00Z,LIGHT,Fitbit App
2025-08-07T11:03:00Z,LIGHT,Fitbit App
2025-08-07T11:04:00Z,LIGHT,Fitbit App
2025-08-07T11:05:00Z,LIGHT,Fitbit App
2025-08-07T11:06:00Z,LIGHT,Fitbit App
2025-08-07T11:07:00Z,LIGHT,Fitbit App
2025-08-07T11:08:00Z,LIGHT,Fitbit App
2025-08-07T11:09:00Z,LIGHT,Fitbit App
2025-08-07T11:10:00Z,LIGHT,Fitbit App
2025-08-07T11:11:00Z,LIGHT,Fitbit App
2025-08-07T11:12:00Z,LIGHT,Fitbit App
2025-08-07T11:13:00Z,LIGHT,Fitbit App
2025-08-07T11:14:00Z,LIGHT,Fitbit App
2025-08-07T11:15:00Z,LIGHT,Fitbit App
2025-08-07T11:16:00Z,LIGHT,Fitbit App
2025-08-07T11:17:00Z,LIGHT,Fitbit App
2025-08-07T11:18:00Z,LIGHT,Fitbit App
2025-08-07T11:19:00Z,LIGHT,Fitbit App
2025-08-07T11:20:00Z,LIGHT,Fitbit App
2025-08-07T11:21:00Z,LIGHT,Fitbit App
2025-08-07T11:22:00Z,LIGHT,Fitbit App
2025-08-07T11:23:00Z,LIGHT,Fitbit App
2025-08-07T11:24:00Z,LIGHT,Fitbit App
2025-08-07T11:25:00Z,LIGHT,Fitbit App
2025-08-07T11:26:00Z,LIGHT,Fitbit App
2025-08-07T11:27:00Z,LIGHT,Fitbit App
2025-08-07T11:28:00Z,LIGHT,Fitbit App
2025-08-07T11:29:00Z,LIGHT,Fitbit App
2025-08-07T11:30:00Z,LIGHT,Fitbit App
2025-08-07T11:31:00Z,LIGHT,Fitbit App
2025-08-07T11:32:00Z,LIGHT,Fitbit App
2025-08-07T11:33:00Z,LIGHT,Fitbit App
2025-08-07T11:34:00Z,LIGHT,Fitbit App
2025-08-07T11:35:00Z,LIGHT,Fitbit App
2025-08-07T11:36:00Z,LIGHT,Fitbit App
2025-08-07T11:37:00Z,LIGHT,Fitbit App
2025-08-07T11:38:00Z,LIGHT,Fitbit App
2025-08-07T11:39:00Z,LIGHT,Fitbit App
2025-08-07T11:40:00Z,LIGHT,Fitbit App
2025-08-07T11:41:00Z,LIGHT,Fitbit App
2025-08-07T11:42:00Z,LIGHT,Fitbit App
2025-08-07T11:43:00Z,LIGHT,Fitbit App
2025-08-07T11:44:00Z,LIGHT,Fitbit App
2025-08-07T11:45:00Z,LIGHT,Fitbit App
2025-08-07T11:46:00Z,LIGHT,Fitbit App
2025-08-07T11:47:00Z,LIGHT,Fitbit App
2025-08-07T11:48:00Z,LIGHT,Fitbit App
2025-08-07T11:49:00Z,LIGHT,Fitbit App
2025-08-07T11:50:00Z,LIGHT,Fitbit App
2025-08-07T11:51:00Z,LIGHT,Fitbit App
2025-08-07T11:52:00Z,LIGHT,Fitbit App
2025-08-07T11:53:00Z,LIGHT,Fitbit App
2025-08-07T11:54:00Z,LIGHT,Fitbit App
2025-08-07T11:55:00Z,LIGHT,Fitbit App
2025-08-07T11:56:00Z,LIGHT,Fitbit App
2025-08-07T11:57:00Z,LIGHT,Fitbit App
2025-08-07T11:58:00Z,LIGHT,Fitbit App
2025-08-07T11:59:00Z,LIGHT,Fitbit App
2025-08-07T12:00:00Z,LIGHT,Fitbit App
2025-08-07T12:01:00Z,LIGHT,Fitbit App
2025-08-07T12:02:00Z,LIGHT,Fitbit App
2025-08-07T12:03:00Z,LIGHT,Fitbit App
2025-08-07T12:04:00Z,LIGHT,Fitbit App
2025-08-07T12:05:00Z,LIGHT,Fitbit App
2025-08-07T12:06:00Z,LIGHT,Fitbit App
2025-08-07T12:42:00Z,LIGHT,Fitbit App
2025-08-07T12:43:00Z,LIGHT,Fitbit App
2025-08-07T12:44:00Z,LIGHT,Fitbit App
2025-08-07T12:45:00Z,LIGHT,Fitbit App
2025-08-07T12:46:00Z,LIGHT,Fitbit App
2025-08-07T12:47:00Z,LIGHT,Fitbit App
2025-08-07T12:48:00Z,LIGHT,Fitbit App
2025-08-07T12:49:00Z,LIGHT,Fitbit App
2025-08-07T12:50:00Z,LIGHT,Fitbit App
2025-08-07T12:51:00Z,LIGHT,Fitbit App
2025-08-07T12:52:00Z,LIGHT,Fitbit App
2025-08-07T12:53:00Z,LIGHT,Fitbit App
2025-08-07T12:54:00Z,LIGHT,Fitbit App
2025-08-07T12:55:00Z,LIGHT,Fitbit App
2025-08-07T12:56:00Z,LIGHT,Fitbit App
2025-08-07T12:57:00Z,LIGHT,Fitbit App
2025-08-07T12:58:00Z,LIGHT,Fitbit App
2025-08-07T12:59:00Z,LIGHT,Fitbit App
2025-08-07T13:00:00Z,LIGHT,Fitbit App
2025-08-07T13:01:00Z,LIGHT,Fitbit App
2025-08-07T13:02:00Z,LIGHT,Fitbit App
2025-08-07T13:03:00Z,LIGHT,Fitbit App
2025-08-07T13:04:00Z,LIGHT,Fitbit App
2025-08-07T13:05:00Z,LIGHT,Fitbit App
2025-08-07T13:06:00Z,LIGHT,Fitbit App
2025-08-07T13:07:00Z,LIGHT,Fitbit App
2025-08-07T13:08:00Z,LIGHT,Fitbit App
2025-08-07T13:09:00Z,LIGHT,Fitbit App
2025-08-07T13:10:00Z,LIGHT,Fitbit App
2025-08-07T13:11:00Z,LIGHT,Fitbit App
2025-08-07T13:12:00Z,LIGHT,Fitbit App
2025-08-07T13:13:00Z,LIGHT,Fitbit App
2025-08-07T13:14:00Z,LIGHT,Fitbit App
2025-08-07T13:15:00Z,LIGHT,Fitbit App
2025-08-07T13:16:00Z,LIGHT,Fitbit App
2025-08-07T13:17:00Z,LIGHT,Fitbit App
2025-08-07T13:18:00Z,LIGHT,Fitbit App
2025-08-07T13:19:00Z,LIGHT,Fitbit App
2025-08-07T13:20:00Z,LIGHT,Fitbit App
2025-08-07T13:21:00Z,LIGHT,Fitbit App
2025-08-07T13:22:00Z,LIGHT,Fitbit App
2025-08-07T13:23:00Z,LIGHT,Fitbit App
2025-08-07T13:24:00Z,LIGHT,Fitbit App
2025-08-07T13:25:00Z,LIGHT,Fitbit App
2025-08-07T13:26:00Z,LIGHT,Fitbit App
2025-08-07T13:27:00Z,LIGHT,Fitbit App
2025-08-07T13:28:00Z,LIGHT,Fitbit App
2025-08-07T13:29:00Z,LIGHT,Fitbit App
2025-08-07T13:30:00Z,LIGHT,Fitbit App
2025-08-07T13:31:00Z,LIGHT,Fitbit App
2025-08-07T13:32:00Z,LIGHT,Fitbit App
2025-08-07T13:33:00Z,LIGHT,Fitbit App
2025-08-07T13:34:00Z,LIGHT,Fitbit App
2025-08-07T13:35:00Z,LIGHT,Fitbit App
2025-08-07T13:36:00Z,LIGHT,Fitbit App
2025-08-07T13:37:00Z,LIGHT,Fitbit App
2025-08-07T13:38:00Z,LIGHT,Fitbit App
2025-08-07T13:39:00Z,LIGHT,Fitbit App
2025-08-07T13:40:00Z,LIGHT,Fitbit App
2025-08-07T13:41:00Z,LIGHT,Fitbit App
2025-08-07T13:42:00Z,LIGHT,Fitbit App
2025-08-07T13:43:00Z,MODERATE,Fitbit App
2025-08-07T13:44:00Z,LIGHT,Fitbit App
2025-08-07T13:45:00Z,LIGHT,Fitbit App
2025-08-07T13:46:00Z,MODERATE,Fitbit App
2025-08-07T13:47:00Z,VIGOROUS,Fitbit App
2025-08-07T13:48:00Z,MODERATE,Fitbit App
2025-08-07T13:49:00Z,MODERATE,Fitbit App
2025-08-07T13:50:00Z,LIGHT,Fitbit App
2025-08-07T13:51:00Z,MODERATE,Fitbit App
2025-08-07T13:52:00Z,MODERATE,Fitbit App
2025-08-07T13:53:00Z,MODERATE,Fitbit App
2025-08-07T13:54:00Z,MODERATE,Fitbit App
2025-08-07T13:55:00Z,MODERATE,Fitbit App
2025-08-07T13:56:00Z,VIGOROUS,Fitbit App
2025-08-07T13:57:00Z,MODERATE,Fitbit App
2025-08-07T13:58:00Z,MODERATE,Fitbit App
2025-08-07T13:59:00Z,MODERATE,Fitbit App
2025-08-07T14:00:00Z,VIGOROUS,Fitbit App
2025-08-07T14:01:00Z,MODERATE,Fitbit App
2025-08-07T14:02:00Z,MODERATE,Fitbit App
2025-08-07T14:03:00Z,MODERATE,Fitbit App
2025-08-07T14:04:00Z,LIGHT,Fitbit App
2025-08-07T14:05:00Z,LIGHT,Fitbit App
2025-08-07T14:06:00Z,LIGHT,Fitbit App
2025-08-07T14:07:00Z,MODERATE,Fitbit App
2025-08-07T14:08:00Z,LIGHT,Fitbit App
2025-08-07T14:09:00Z,VIGOROUS,Fitbit App
2025-08-07T14:10:00Z,VIGOROUS,Fitbit App
2025-08-07T14:11:00Z,VIGOROUS,Fitbit App
2025-08-07T14:12:00Z,MODERATE,Fitbit App
2025-08-07T14:13:00Z,MODERATE,Fitbit App
2025-08-07T14:14:00Z,MODERATE,Fitbit App
2025-08-07T14:15:00Z,LIGHT,Fitbit App
2025-08-07T14:16:00Z,MODERATE,Fitbit App
2025-08-07T14:17:00Z,MODERATE,Fitbit App
2025-08-07T14:18:00Z,MODERATE,Fitbit App
2025-08-07T14:19:00Z,VIGOROUS,Fitbit App
2025-08-07T14:20:00Z,MODERATE,Fitbit App
2025-08-07T14:21:00Z,LIGHT,Fitbit App
2025-08-07T14:22:00Z,LIGHT,Fitbit App
2025-08-07T14:23:00Z,LIGHT,Fitbit App
2025-08-07T14:24:00Z,LIGHT,Fitbit App
2025-08-07T14:25:00Z,LIGHT,Fitbit App
2025-08-07T14:26:00Z,LIGHT,Fitbit App
2025-08-07T14:27:00Z,LIGHT,Fitbit App
2025-08-07T14:28:00Z,LIGHT,Fitbit App
2025-08-07T14:29:00Z,LIGHT,Fitbit App
2025-08-07T14:30:00Z,LIGHT,Fitbit App
2025-08-07T14:31:00Z,LIGHT,Fitbit App
2025-08-07T14:32:00Z,LIGHT,Fitbit App
2025-08-07T14:33:00Z,LIGHT,Fitbit App
2025-08-07T14:34:00Z,LIGHT,Fitbit App
2025-08-07T14:35:00Z,LIGHT,Fitbit App
2025-08-07T14:36:00Z,LIGHT,Fitbit App
2025-08-07T14:37:00Z,LIGHT,Fitbit App
2025-08-07T14:38:00Z,LIGHT,Fitbit App
2025-08-07T14:39:00Z,LIGHT,Fitbit App
2025-08-07T14:40:00Z,LIGHT,Fitbit App
2025-08-07T14:41:00Z,LIGHT,Fitbit App
2025-08-07T14:42:00Z,LIGHT,Fitbit App
2025-08-07T14:43:00Z,LIGHT,Fitbit App
2025-08-07T14:44:00Z,MODERATE,Fitbit App
2025-08-07T14:45:00Z,MODERATE,Fitbit App
2025-08-07T14:46:00Z,MODERATE,Fitbit App
2025-08-07T14:47:00Z,LIGHT,Fitbit App
2025-08-07T14:48:00Z,VIGOROUS,Fitbit App
2025-08-07T14:49:00Z,MODERATE,Fitbit App
2025-08-07T14:50:00Z,MODERATE,Fitbit App
2025-08-07T14:51:00Z,LIGHT,Fitbit App
2025-08-07T14:52:00Z,LIGHT,Fitbit App
2025-08-07T14:53:00Z,MODERATE,Fitbit App
2025-08-07T14:54:00Z,VIGOROUS,Fitbit App
2025-08-07T14:55:00Z,MODERATE,Fitbit App
2025-08-07T14:56:00Z,LIGHT,Fitbit App
2025-08-07T14:57:00Z,LIGHT,Fitbit App
2025-08-07T14:58:00Z,LIGHT,Fitbit App
2025-08-07T14:59:00Z,LIGHT,Fitbit App
2025-08-07T15:00:00Z,LIGHT,Fitbit App
2025-08-07T15:01:00Z,MODERATE,Fitbit App
2025-08-07T15:02:00Z,LIGHT,Fitbit App
2025-08-07T15:03:00Z,LIGHT,Fitbit App
2025-08-07T15:04:00Z,MODERATE,Fitbit App
2025-08-07T15:05:00Z,VIGOROUS,Fitbit App
2025-08-07T15:06:00Z,MODERATE,Fitbit App
2025-08-07T15:07:00Z,LIGHT,Fitbit App
2025-08-07T15:08:00Z,LIGHT,Fitbit App
2025-08-07T15:09:00Z,LIGHT,Fitbit App
2025-08-07T15:10:00Z,LIGHT,Fitbit App
2025-08-07T15:11:00Z,LIGHT,Fitbit App
2025-08-07T15:12:00Z,LIGHT,Fitbit App
2025-08-07T15:13:00Z,LIGHT,Fitbit App
2025-08-07T15:14:00Z,LIGHT,Fitbit App
2025-08-07T15:15:00Z,LIGHT,Fitbit App
2025-08-07T15:16:00Z,LIGHT,Fitbit App
2025-08-07T15:17:00Z,LIGHT,Fitbit App
2025-08-07T15:18:00Z,MODERATE,Fitbit App
2025-08-07T15:19:00Z,LIGHT,Fitbit App
2025-08-07T15:20:00Z,LIGHT,Fitbit App
2025-08-07T15:21:00Z,LIGHT,Fitbit App
2025-08-07T15:22:00Z,LIGHT,Fitbit App
2025-08-07T15:23:00Z,LIGHT,Fitbit App
2025-08-07T15:24:00Z,LIGHT,Fitbit App
2025-08-07T15:25:00Z,LIGHT,Fitbit App
2025-08-07T15:26:00Z,LIGHT,Fitbit App
2025-08-07T15:27:00Z,LIGHT,Fitbit App
2025-08-07T15:28:00Z,LIGHT,Fitbit App
2025-08-07T15:29:00Z,LIGHT,Fitbit App
2025-08-07T15:30:00Z,LIGHT,Fitbit App
2025-08-07T15:31:00Z,LIGHT,Fitbit App
2025-08-07T15:32:00Z,LIGHT,Fitbit App
2025-08-07T15:33:00Z,LIGHT,Fitbit App
2025-08-07T15:34:00Z,LIGHT,Fitbit App
2025-08-07T15:35:00Z,LIGHT,Fitbit App
2025-08-07T15:36:00Z,LIGHT,Fitbit App
2025-08-07T15:37:00Z,LIGHT,Fitbit App
2025-08-07T15:38:00Z,LIGHT,Fitbit App
2025-08-07T15:39:00Z,LIGHT,Fitbit App
2025-08-07T15:40:00Z,LIGHT,Fitbit App
2025-08-07T15:41:00Z,LIGHT,Fitbit App
2025-08-07T15:42:00Z,LIGHT,Fitbit App
2025-08-07T15:43:00Z,LIGHT,Fitbit App
2025-08-07T15:44:00Z,LIGHT,Fitbit App
2025-08-07T15:45:00Z,LIGHT,Fitbit App
2025-08-07T15:46:00Z,LIGHT,Fitbit App
2025-08-07T15:47:00Z,LIGHT,Fitbit App
2025-08-07T15:48:00Z,LIGHT,Fitbit App
2025-08-07T15:49:00Z,LIGHT,Fitbit App
2025-08-07T15:50:00Z,MODERATE,Fitbit App
2025-08-07T15:51:00Z,LIGHT,Fitbit App
2025-08-07T15:52:00Z,LIGHT,Fitbit App
2025-08-07T15:53:00Z,MODERATE,Fitbit App
2025-08-07T15:54:00Z,LIGHT,Fitbit App
2025-08-07T15:55:00Z,LIGHT,Fitbit App
2025-08-07T15:56:00Z,LIGHT,Fitbit App
2025-08-07T15:57:00Z,MODERATE,Fitbit App
2025-08-07T15:58:00Z,LIGHT,Fitbit App
2025-08-07T15:59:00Z,MODERATE,Fitbit App
2025-08-07T16:00:00Z,LIGHT,Fitbit App
2025-08-07T16:01:00Z,LIGHT,Fitbit App
2025-08-07T16:02:00Z,LIGHT,Fitbit App
2025-08-07T16:03:00Z,LIGHT,Fitbit App
2025-08-07T16:04:00Z,MODERATE,Fitbit App
2025-08-07T16:05:00Z,MODERATE,Fitbit App
2025-08-07T16:06:00Z,MODERATE,Fitbit App
2025-08-07T16:07:00Z,MODERATE,Fitbit App
2025-08-07T16:08:00Z,MODERATE,Fitbit App
2025-08-07T16:09:00Z,MODERATE,Fitbit App
2025-08-07T16:10:00Z,MODERATE,Fitbit App
2025-08-07T16:11:00Z,MODERATE,Fitbit App
2025-08-07T16:12:00Z,MODERATE,Fitbit App
2025-08-07T16:13:00Z,MODERATE,Fitbit App
2025-08-07T16:14:00Z,MODERATE,Fitbit App
2025-08-07T16:15:00Z,MODERATE,Fitbit App
2025-08-07T16:16:00Z,MODERATE,Fitbit App
2025-08-07T16:17:00Z,MODERATE,Fitbit App
2025-08-07T16:18:00Z,MODERATE,Fitbit App
2025-08-07T16:19:00Z,MODERATE,Fitbit App
2025-08-07T16:20:00Z,MODERATE,Fitbit App
2025-08-07T16:21:00Z,MODERATE,Fitbit App
2025-08-07T16:22:00Z,MODERATE,Fitbit App
2025-08-07T16:23:00Z,MODERATE,Fitbit App
2025-08-07T16:24:00Z,MODERATE,Fitbit App
2025-08-07T16:25:00Z,MODERATE,Fitbit App
2025-08-07T16:26:00Z,MODERATE,Fitbit App
2025-08-07T16:27:00Z,MODERATE,Fitbit App
2025-08-07T16:28:00Z,MODERATE,Fitbit App
2025-08-07T16:29:00Z,MODERATE,Fitbit App
2025-08-07T16:30:00Z,MODERATE,Fitbit App
2025-08-07T16:31:00Z,MODERATE,Fitbit App
2025-08-07T16:32:00Z,MODERATE,Fitbit App
2025-08-07T16:33:00Z,MODERATE,Fitbit App
2025-08-07T16:34:00Z,MODERATE,Fitbit App
2025-08-07T16:35:00Z,MODERATE,Fitbit App
2025-08-07T16:36:00Z,MODERATE,Fitbit App
2025-08-07T16:37:00Z,MODERATE,Fitbit App
2025-08-07T16:38:00Z,MODERATE,Fitbit App
2025-08-07T16:39:00Z,MODERATE,Fitbit App
2025-08-07T16:40:00Z,MODERATE,Fitbit App
2025-08-07T16:41:00Z,MODERATE,Fitbit App
2025-08-07T16:42:00Z,MODERATE,Fitbit App
2025-08-07T16:43:00Z,MODERATE,Fitbit App
2025-08-07T16:44:00Z,MODERATE,Fitbit App
2025-08-07T16:45:00Z,MODERATE,Fitbit App
2025-08-07T16:46:00Z,MODERATE,Fitbit App
2025-08-07T16:47:00Z,MODERATE,Fitbit App
2025-08-07T16:48:00Z,MODERATE,Fitbit App
2025-08-07T16:49:00Z,MODERATE,Fitbit App
2025-08-07T16:50:00Z,LIGHT,Fitbit App
2025-08-07T16:51:00Z,LIGHT,Fitbit App
2025-08-07T16:52:00Z,LIGHT,Fitbit App
2025-08-07T16:53:00Z,LIGHT,Fitbit App
2025-08-07T16:54:00Z,LIGHT,Fitbit App
2025-08-07T16:55:00Z,LIGHT,Fitbit App
2025-08-07T16:56:00Z,LIGHT,Fitbit App
2025-08-07T16:57:00Z,LIGHT,Fitbit App
2025-08-07T16:58:00Z,LIGHT,Fitbit App
2025-08-07T16:59:00Z,LIGHT,Fitbit App
2025-08-07T17:00:00Z,LIGHT,Fitbit App
2025-08-07T17:01:00Z,LIGHT,Fitbit App
2025-08-07T17:02:00Z,LIGHT,Fitbit App
2025-08-07T17:03:00Z,LIGHT,Fitbit App
2025-08-07T17:04:00Z,LIGHT,Fitbit App
2025-08-07T17:05:00Z,LIGHT,Fitbit App
2025-08-07T17:06:00Z,LIGHT,Fitbit App
2025-08-07T17:07:00Z,LIGHT,Fitbit App
2025-08-07T17:08:00Z,LIGHT,Fitbit App
2025-08-07T17:09:00Z,LIGHT,Fitbit App
2025-08-07T17:10:00Z,LIGHT,Fitbit App
2025-08-07T17:11:00Z,LIGHT,Fitbit App
2025-08-07T17:12:00Z,LIGHT,Fitbit App
2025-08-07T17:13:00Z,LIGHT,Fitbit App
2025-08-07T17:14:00Z,LIGHT,Fitbit App
2025-08-07T17:15:00Z,LIGHT,Fitbit App
2025-08-07T17:16:00Z,LIGHT,Fitbit App
2025-08-07T17:17:00Z,LIGHT,Fitbit App
2025-08-07T17:18:00Z,MODERATE,Fitbit App
2025-08-07T17:19:00Z,MODERATE,Fitbit App
2025-08-07T17:20:00Z,LIGHT,Fitbit App
2025-08-07T17:21:00Z,LIGHT,Fitbit App
2025-08-07T17:22:00Z,LIGHT,Fitbit App
2025-08-07T17:23:00Z,MODERATE,Fitbit App
2025-08-07T17:24:00Z,MODERATE,Fitbit App
2025-08-07T17:25:00Z,LIGHT,Fitbit App
2025-08-07T17:26:00Z,LIGHT,Fitbit App
2025-08-07T17:27:00Z,LIGHT,Fitbit App
2025-08-07T17:28:00Z,MODERATE,Fitbit App
2025-08-07T17:29:00Z,MODERATE,Fitbit App
2025-08-07T17:30:00Z,MODERATE,Fitbit App
2025-08-07T17:31:00Z,MODERATE,Fitbit App
2025-08-07T17:32:00Z,LIGHT,Fitbit App
2025-08-07T17:33:00Z,LIGHT,Fitbit App
2025-08-07T17:34:00Z,LIGHT,Fitbit App
2025-08-07T17:35:00Z,MODERATE,Fitbit App
2025-08-07T17:36:00Z,MODERATE,Fitbit App
2025-08-07T17:37:00Z,VIGOROUS,Fitbit App
2025-08-07T17:38:00Z,MODERATE,Fitbit App
2025-08-07T17:39:00Z,MODERATE,Fitbit App
2025-08-07T17:40:00Z,LIGHT,Fitbit App
2025-08-07T17:41:00Z,MODERATE,Fitbit App
2025-08-07T17:42:00Z,MODERATE,Fitbit App
2025-08-07T17:43:00Z,LIGHT,Fitbit App
2025-08-07T17:44:00Z,LIGHT,Fitbit App
2025-08-07T17:45:00Z,LIGHT,Fitbit App
2025-08-07T17:46:00Z,LIGHT,Fitbit App
2025-08-07T17:47:00Z,MODERATE,Fitbit App
2025-08-07T17:48:00Z,MODERATE,Fitbit App
2025-08-07T17:49:00Z,MODERATE,Fitbit App
2025-08-07T17:50:00Z,LIGHT,Fitbit App
2025-08-07T17:51:00Z,LIGHT,Fitbit App
2025-08-07T17:52:00Z,LIGHT,Fitbit App
2025-08-07T17:53:00Z,LIGHT,Fitbit App
2025-08-07T17:54:00Z,LIGHT,Fitbit App
2025-08-07T17:55:00Z,LIGHT,Fitbit App
2025-08-07T17:56:00Z,LIGHT,Fitbit App
2025-08-07T17:57:00Z,LIGHT,Fitbit App
2025-08-07T17:58:00Z,LIGHT,Fitbit App
2025-08-07T17:59:00Z,LIGHT,Fitbit App
2025-08-07T18:00:00Z,LIGHT,Fitbit App
2025-08-07T18:01:00Z,LIGHT,Fitbit App
2025-08-07T18:02:00Z,MODERATE,Fitbit App
2025-08-07T18:03:00Z,VIGOROUS,Fitbit App
2025-08-07T18:04:00Z,MODERATE,Fitbit App
2025-08-07T18:05:00Z,LIGHT,Fitbit App
2025-08-07T18:06:00Z,MODERATE,Fitbit App
2025-08-07T18:07:00Z,LIGHT,Fitbit App
2025-08-07T18:08:00Z,MODERATE,Fitbit App
2025-08-07T18:09:00Z,VIGOROUS,Fitbit App
2025-08-07T18:10:00Z,MODERATE,Fitbit App
2025-08-07T18:11:00Z,LIGHT,Fitbit App
2025-08-07T18:12:00Z,MODERATE,Fitbit App
2025-08-07T18:13:00Z,MODERATE,Fitbit App
2025-08-07T18:14:00Z,LIGHT,Fitbit App
2025-08-07T18:15:00Z,VIGOROUS,Fitbit App
2025-08-07T18:16:00Z,VIGOROUS,Fitbit App
2025-08-07T18:17:00Z,MODERATE,Fitbit App
2025-08-07T18:18:00Z,LIGHT,Fitbit App
2025-08-07T18:19:00Z,MODERATE,Fitbit App
2025-08-07T18:20:00Z,LIGHT,Fitbit App
2025-08-07T18:21:00Z,MODERATE,Fitbit App
2025-08-07T18:22:00Z,MODERATE,Fitbit App
2025-08-07T18:23:00Z,MODERATE,Fitbit App
2025-08-07T18:24:00Z,LIGHT,Fitbit App
2025-08-07T18:25:00Z,LIGHT,Fitbit App
2025-08-07T18:26:00Z,LIGHT,Fitbit App
2025-08-07T18:27:00Z,MODERATE,Fitbit App
2025-08-07T18:28:00Z,LIGHT,Fitbit App
2025-08-07T18:29:00Z,MODERATE,Fitbit App
2025-08-07T18:30:00Z,MODERATE,Fitbit App
2025-08-07T18:31:00Z,LIGHT,Fitbit App
2025-08-07T18:32:00Z,LIGHT,Fitbit App
2025-08-07T18:33:00Z,LIGHT,Fitbit App
2025-08-07T18:34:00Z,MODERATE,Fitbit App
2025-08-07T18:35:00Z,MODERATE,Fitbit App
2025-08-07T18:36:00Z,LIGHT,Fitbit App
2025-08-07T18:37:00Z,LIGHT,Fitbit App
2025-08-07T18:38:00Z,LIGHT,Fitbit App
2025-08-07T18:39:00Z,LIGHT,Fitbit App
2025-08-07T18:40:00Z,LIGHT,Fitbit App
2025-08-07T18:41:00Z,LIGHT,Fitbit App
2025-08-07T18:42:00Z,LIGHT,Fitbit App
2025-08-07T18:43:00Z,LIGHT,Fitbit App
2025-08-07T18:44:00Z,LIGHT,Fitbit App
2025-08-07T18:45:00Z,LIGHT,Fitbit App
2025-08-07T18:46:00Z,LIGHT,Fitbit App
2025-08-07T18:47:00Z,LIGHT,Fitbit App
2025-08-07T18:48:00Z,LIGHT,Fitbit App
2025-08-07T18:49:00Z,LIGHT,Fitbit App
2025-08-07T18:50:00Z,LIGHT,Fitbit App
2025-08-07T18:51:00Z,LIGHT,Fitbit App
2025-08-07T18:52:00Z,VIGOROUS,Fitbit App
2025-08-07T18:53:00Z,MODERATE,Fitbit App
2025-08-07T18:54:00Z,LIGHT,Fitbit App
2025-08-07T18:55:00Z,LIGHT,Fitbit App
2025-08-07T18:56:00Z,LIGHT,Fitbit App
2025-08-07T18:57:00Z,LIGHT,Fitbit App
2025-08-07T18:58:00Z,LIGHT,Fitbit App
2025-08-07T18:59:00Z,LIGHT,Fitbit App
2025-08-07T19:00:00Z,LIGHT,Fitbit App
2025-08-07T19:01:00Z,LIGHT,Fitbit App
2025-08-07T19:02:00Z,LIGHT,Fitbit App
2025-08-07T19:03:00Z,LIGHT,Fitbit App
2025-08-07T19:04:00Z,LIGHT,Fitbit App
2025-08-07T19:05:00Z,LIGHT,Fitbit App
2025-08-07T19:06:00Z,LIGHT,Fitbit App
2025-08-07T19:07:00Z,LIGHT,Fitbit App
2025-08-07T19:08:00Z,LIGHT,Fitbit App
2025-08-07T19:09:00Z,LIGHT,Fitbit App
2025-08-07T19:10:00Z,LIGHT,Fitbit App
2025-08-07T19:11:00Z,MODERATE,Fitbit App
2025-08-07T19:12:00Z,LIGHT,Fitbit App
2025-08-07T19:13:00Z,LIGHT,Fitbit App
2025-08-07T19:14:00Z,LIGHT,Fitbit App
2025-08-07T19:15:00Z,LIGHT,Fitbit App
2025-08-07T19:16:00Z,LIGHT,Fitbit App
2025-08-07T19:17:00Z,LIGHT,Fitbit App
2025-08-07T19:18:00Z,LIGHT,Fitbit App
2025-08-07T19:19:00Z,LIGHT,Fitbit App
2025-08-07T19:20:00Z,LIGHT,Fitbit App
2025-08-07T19:21:00Z,LIGHT,Fitbit App
2025-08-07T19:22:00Z,LIGHT,Fitbit App
2025-08-07T19:23:00Z,LIGHT,Fitbit App
2025-08-07T19:24:00Z,LIGHT,Fitbit App
2025-08-07T19:25:00Z,LIGHT,Fitbit App
2025-08-07T19:26:00Z,LIGHT,Fitbit App
2025-08-07T19:27:00Z,LIGHT,Fitbit App
2025-08-07T19:28:00Z,LIGHT,Fitbit App
2025-08-07T19:29:00Z,LIGHT,Fitbit App
2025-08-07T19:30:00Z,LIGHT,Fitbit App
2025-08-07T19:31:00Z,LIGHT,Fitbit App
2025-08-07T19:32:00Z,LIGHT,Fitbit App
2025-08-07T19:33:00Z,LIGHT,Fitbit App
2025-08-07T19:34:00Z,LIGHT,Fitbit App
2025-08-07T19:35:00Z,LIGHT,Fitbit App
2025-08-07T19:36:00Z,LIGHT,Fitbit App
2025-08-07T19:37:00Z,LIGHT,Fitbit App
2025-08-07T19:38:00Z,LIGHT,Fitbit App
2025-08-07T19:39:00Z,LIGHT,Fitbit App
2025-08-07T19:40:00Z,LIGHT,Fitbit App
2025-08-07T19:41:00Z,LIGHT,Fitbit App
2025-08-07T19:42:00Z,MODERATE,Fitbit App
2025-08-07T19:43:00Z,VIGOROUS,Fitbit App
2025-08-07T19:44:00Z,LIGHT,Fitbit App
2025-08-07T19:45:00Z,LIGHT,Fitbit App
2025-08-07T19:46:00Z,MODERATE,Fitbit App
2025-08-07T19:47:00Z,MODERATE,Fitbit App
2025-08-07T19:48:00Z,MODERATE,Fitbit App
2025-08-07T19:49:00Z,MODERATE,Fitbit App
2025-08-07T19:50:00Z,LIGHT,Fitbit App
2025-08-07T19:51:00Z,MODERATE,Fitbit App
2025-08-07T19:52:00Z,LIGHT,Fitbit App
2025-08-07T19:53:00Z,LIGHT,Fitbit App
2025-08-07T19:54:00Z,MODERATE,Fitbit App
2025-08-07T19:55:00Z,VIGOROUS,Fitbit App
2025-08-07T19:56:00Z,MODERATE,Fitbit App
2025-08-07T19:57:00Z,MODERATE,Fitbit App
2025-08-07T19:58:00Z,VIGOROUS,Fitbit App
2025-08-07T19:59:00Z,MODERATE,Fitbit App
2025-08-07T20:00:00Z,MODERATE,Fitbit App
2025-08-07T20:01:00Z,MODERATE,Fitbit App
2025-08-07T20:02:00Z,MODERATE,Fitbit App
2025-08-07T20:03:00Z,LIGHT,Fitbit App
2025-08-07T20:04:00Z,LIGHT,Fitbit App
2025-08-07T20:05:00Z,LIGHT,Fitbit App
2025-08-07T20:06:00Z,MODERATE,Fitbit App
2025-08-07T20:07:00Z,MODERATE,Fitbit App
2025-08-07T20:08:00Z,MODERATE,Fitbit App
2025-08-07T20:09:00Z,MODERATE,Fitbit App
2025-08-07T20:10:00Z,MODERATE,Fitbit App
2025-08-07T20:11:00Z,MODERATE,Fitbit App
2025-08-07T20:12:00Z,LIGHT,Fitbit App
2025-08-07T20:13:00Z,LIGHT,Fitbit App
2025-08-07T20:14:00Z,LIGHT,Fitbit App
2025-08-07T20:15:00Z,LIGHT,Fitbit App
2025-08-07T20:16:00Z,LIGHT,Fitbit App
2025-08-07T20:17:00Z,LIGHT,Fitbit App
2025-08-07T20:18:00Z,LIGHT,Fitbit App
2025-08-07T20:19:00Z,LIGHT,Fitbit App
2025-08-07T20:20:00Z,LIGHT,Fitbit App
2025-08-07T20:21:00Z,LIGHT,Fitbit App
2025-08-07T20:22:00Z,LIGHT,Fitbit App
2025-08-07T20:23:00Z,LIGHT,Fitbit App
2025-08-07T20:24:00Z,LIGHT,Fitbit App
2025-08-07T20:25:00Z,LIGHT,Fitbit App
2025-08-07T20:26:00Z,LIGHT,Fitbit App
2025-08-07T20:27:00Z,LIGHT,Fitbit App
2025-08-07T20:28:00Z,LIGHT,Fitbit App
2025-08-07T20:29:00Z,LIGHT,Fitbit App
2025-08-07T20:30:00Z,MODERATE,Fitbit App
2025-08-07T20:31:00Z,MODERATE,Fitbit App
2025-08-07T20:32:00Z,MODERATE,Fitbit App
2025-08-07T20:33:00Z,LIGHT,Fitbit App
2025-08-07T20:34:00Z,LIGHT,Fitbit App
2025-08-07T20:35:00Z,LIGHT,Fitbit App
2025-08-07T20:36:00Z,MODERATE,Fitbit App
2025-08-07T20:37:00Z,MODERATE,Fitbit App
2025-08-07T20:38:00Z,MODERATE,Fitbit App
2025-08-07T20:39:00Z,MODERATE,Fitbit App
2025-08-07T20:40:00Z,MODERATE,Fitbit App
2025-08-07T20:41:00Z,MODERATE,Fitbit App
2025-08-07T20:42:00Z,VIGOROUS,Fitbit App
2025-08-07T20:43:00Z,MODERATE,Fitbit App
2025-08-07T20:44:00Z,LIGHT,Fitbit App
2025-08-07T20:45:00Z,LIGHT,Fitbit App
2025-08-07T20:46:00Z,LIGHT,Fitbit App
2025-08-07T20:47:00Z,LIGHT,Fitbit App
2025-08-07T20:48:00Z,LIGHT,Fitbit App
2025-08-07T20:49:00Z,LIGHT,Fitbit App
2025-08-07T20:50:00Z,LIGHT,Fitbit App
2025-08-07T20:51:00Z,LIGHT,Fitbit App
2025-08-07T20:52:00Z,LIGHT,Fitbit App
2025-08-07T20:53:00Z,LIGHT,Fitbit App
2025-08-07T20:54:00Z,LIGHT,Fitbit App
2025-08-07T20:55:00Z,LIGHT,Fitbit App
2025-08-07T20:56:00Z,LIGHT,Fitbit App
2025-08-07T20:57:00Z,MODERATE,Fitbit App
2025-08-07T20:58:00Z,MODERATE,Fitbit App
2025-08-07T20:59:00Z,MODERATE,Fitbit App
2025-08-07T21:00:00Z,LIGHT,Fitbit App
2025-08-07T21:01:00Z,LIGHT,Fitbit App
2025-08-07T21:02:00Z,LIGHT,Fitbit App
2025-08-07T21:03:00Z,MODERATE,Fitbit App
2025-08-07T21:04:00Z,LIGHT,Fitbit App
2025-08-07T21:05:00Z,MODERATE,Fitbit App
2025-08-07T21:06:00Z,MODERATE,Fitbit App
2025-08-07T21:07:00Z,MODERATE,Fitbit App
2025-08-07T21:08:00Z,LIGHT,Fitbit App
2025-08-07T21:09:00Z,MODERATE,Fitbit App
2025-08-07T21:10:00Z,LIGHT,Fitbit App
2025-08-07T21:11:00Z,MODERATE,Fitbit App
2025-08-07T21:12:00Z,MODERATE,Fitbit App
2025-08-07T21:13:00Z,MODERATE,Fitbit App
2025-08-07T21:14:00Z,MODERATE,Fitbit App
2025-08-07T21:15:00Z,LIGHT,Fitbit App
2025-08-07T21:16:00Z,MODERATE,Fitbit App
2025-08-07T21:17:00Z,MODERATE,Fitbit App
2025-08-07T21:18:00Z,MODERATE,Fitbit App
2025-08-07T21:19:00Z,MODERATE,Fitbit App
2025-08-07T21:20:00Z,MODERATE,Fitbit App
2025-08-07T21:21:00Z,MODERATE,Fitbit App
2025-08-07T21:22:00Z,MODERATE,Fitbit App
2025-08-07T21:23:00Z,MODERATE,Fitbit App
2025-08-07T21:24:00Z,MODERATE,Fitbit App
2025-08-07T21:25:00Z,MODERATE,Fitbit App
2025-08-07T21:26:00Z,MODERATE,Fitbit App
2025-08-07T21:27:00Z,MODERATE,Fitbit App
2025-08-07T21:28:00Z,LIGHT,Fitbit App
2025-08-07T21:29:00Z,MODERATE,Fitbit App
2025-08-07T21:30:00Z,MODERATE,Fitbit App
2025-08-07T21:31:00Z,MODERATE,Fitbit App
2025-08-07T21:32:00Z,MODERATE,Fitbit App
2025-08-07T21:33:00Z,MODERATE,Fitbit App
2025-08-07T21:34:00Z,MODERATE,Fitbit App
2025-08-07T21:35:00Z,MODERATE,Fitbit App
2025-08-07T21:36:00Z,MODERATE,Fitbit App
2025-08-07T21:37:00Z,MODERATE,Fitbit App
2025-08-07T21:38:00Z,VIGOROUS,Fitbit App
2025-08-07T21:39:00Z,MODERATE,Fitbit App
2025-08-07T21:40:00Z,MODERATE,Fitbit App
2025-08-07T21:41:00Z,MODERATE,Fitbit App
2025-08-07T21:42:00Z,MODERATE,Fitbit App
2025-08-07T21:43:00Z,MODERATE,Fitbit App
2025-08-07T21:44:00Z,MODERATE,Fitbit App
2025-08-07T21:45:00Z,MODERATE,Fitbit App
2025-08-07T21:46:00Z,MODERATE,Fitbit App
2025-08-07T21:47:00Z,MODERATE,Fitbit App
2025-08-07T21:48:00Z,MODERATE,Fitbit App
2025-08-07T21:49:00Z,MODERATE,Fitbit App
2025-08-07T21:50:00Z,MODERATE,Fitbit App
2025-08-07T21:51:00Z,MODERATE,Fitbit App
2025-08-07T21:52:00Z,MODERATE,Fitbit App
2025-08-07T21:53:00Z,MODERATE,Fitbit App
2025-08-07T21:54:00Z,MODERATE,Fitbit App
2025-08-07T21:55:00Z,MODERATE,Fitbit App
2025-08-07T21:56:00Z,MODERATE,Fitbit App
2025-08-07T21:57:00Z,MODERATE,Fitbit App
2025-08-07T21:58:00Z,MODERATE,Fitbit App
2025-08-07T21:59:00Z,LIGHT,Fitbit App
2025-08-07T22:00:00Z,MODERATE,Fitbit App
2025-08-07T22:01:00Z,MODERATE,Fitbit App
2025-08-07T22:02:00Z,VIGOROUS,Fitbit App
2025-08-07T22:03:00Z,MODERATE,Fitbit App
2025-08-07T22:04:00Z,MODERATE,Fitbit App
2025-08-07T22:05:00Z,MODERATE,Fitbit App
2025-08-07T22:06:00Z,MODERATE,Fitbit App
2025-08-07T22:07:00Z,MODERATE,Fitbit App
2025-08-07T22:08:00Z,VIGOROUS,Fitbit App
2025-08-07T22:09:00Z,VIGOROUS,Fitbit App
2025-08-07T22:10:00Z,MODERATE,Fitbit App
2025-08-07T22:11:00Z,MODERATE,Fitbit App
2025-08-07T22:12:00Z,MODERATE,Fitbit App
2025-08-07T22:13:00Z,LIGHT,Fitbit App
2025-08-07T22:14:00Z,MODERATE,Fitbit App
2025-08-07T22:15:00Z,MODERATE,Fitbit App
2025-08-07T22:16:00Z,LIGHT,Fitbit App
2025-08-07T22:17:00Z,MODERATE,Fitbit App
2025-08-07T22:18:00Z,MODERATE,Fitbit App
2025-08-07T22:19:00Z,LIGHT,Fitbit App
2025-08-07T22:20:00Z,MODERATE,Fitbit App
2025-08-07T22:21:00Z,MODERATE,Fitbit App
2025-08-07T22:22:00Z,VIGOROUS,Fitbit App
2025-08-07T22:23:00Z,VIGOROUS,Fitbit App
2025-08-07T22:24:00Z,MODERATE,Fitbit App
2025-08-07T22:25:00Z,VIGOROUS,Fitbit App
2025-08-07T22:26:00Z,VIGOROUS,Fitbit App
2025-08-07T22:27:00Z,MODERATE,Fitbit App
2025-08-07T22:28:00Z,VIGOROUS,Fitbit App
2025-08-07T22:29:00Z,MODERATE,Fitbit App
2025-08-07T22:30:00Z,LIGHT,Fitbit App
2025-08-07T22:31:00Z,MODERATE,Fitbit App
2025-08-07T22:32:00Z,MODERATE,Fitbit App
2025-08-07T22:33:00Z,MODERATE,Fitbit App
2025-08-07T22:34:00Z,MODERATE,Fitbit App
2025-08-07T22:35:00Z,MODERATE,Fitbit App
2025-08-07T22:36:00Z,LIGHT,Fitbit App
2025-08-07T22:37:00Z,LIGHT,Fitbit App
2025-08-07T22:38:00Z,LIGHT,Fitbit App
2025-08-07T22:39:00Z,LIGHT,Fitbit App
2025-08-07T22:40:00Z,MODERATE,Fitbit App
2025-08-07T22:41:00Z,MODERATE,Fitbit App
2025-08-07T22:42:00Z,VIGOROUS,Fitbit App
2025-08-07T22:43:00Z,VIGOROUS,Fitbit App
2025-08-07T22:44:00Z,VIGOROUS,Fitbit App
2025-08-07T22:45:00Z,VIGOROUS,Fitbit App
2025-08-07T22:46:00Z,MODERATE,Fitbit App
2025-08-07T22:47:00Z,LIGHT,Fitbit App
2025-08-07T22:48:00Z,MODERATE,Fitbit App
2025-08-07T22:49:00Z,MODERATE,Fitbit App
2025-08-07T22:50:00Z,MODERATE,Fitbit App
2025-08-07T22:51:00Z,VIGOROUS,Fitbit App
2025-08-07T22:52:00Z,VIGOROUS,Fitbit App
2025-08-07T22:53:00Z,MODERATE,Fitbit App
2025-08-07T22:54:00Z,MODERATE,Fitbit App
2025-08-07T22:55:00Z,MODERATE,Fitbit App
2025-08-07T22:56:00Z,LIGHT,Fitbit App
2025-08-07T22:57:00Z,LIGHT,Fitbit App
2025-08-07T22:58:00Z,LIGHT,Fitbit App
2025-08-07T22:59:00Z,LIGHT,Fitbit App
2025-08-07T23:00:00Z,MODERATE,Fitbit App
2025-08-07T23:01:00Z,MODERATE,Fitbit App
2025-08-07T23:02:00Z,LIGHT,Fitbit App
2025-08-07T23:03:00Z,LIGHT,Fitbit App
2025-08-07T23:04:00Z,MODERATE,Fitbit App
2025-08-07T23:05:00Z,LIGHT,Fitbit App
2025-08-07T23:06:00Z,VIGOROUS,Fitbit App
2025-08-07T23:07:00Z,MODERATE,Fitbit App
2025-08-07T23:08:00Z,MODERATE,Fitbit App
2025-08-07T23:09:00Z,VIGOROUS,Fitbit App
2025-08-07T23:10:00Z,VIGOROUS,Fitbit App
2025-08-07T23:11:00Z,VIGOROUS,Fitbit App
2025-08-07T23:12:00Z,VIGOROUS,Fitbit App
2025-08-07T23:13:00Z,MODERATE,Fitbit App
2025-08-07T23:14:00Z,MODERATE,Fitbit App
2025-08-07T23:15:00Z,MODERATE,Fitbit App
2025-08-07T23:16:00Z,MODERATE,Fitbit App
2025-08-07T23:17:00Z,LIGHT,Fitbit App
2025-08-07T23:18:00Z,MODERATE,Fitbit App
2025-08-07T23:19:00Z,LIGHT,Fitbit App
2025-08-07T23:20:00Z,LIGHT,Fitbit App
2025-08-07T23:21:00Z,LIGHT,Fitbit App
2025-08-07T23:22:00Z,LIGHT,Fitbit App
2025-08-07T23:23:00Z,LIGHT,Fitbit App
2025-08-07T23:24:00Z,LIGHT,Fitbit App
2025-08-07T23:25:00Z,LIGHT,Fitbit App
2025-08-07T23:26:00Z,LIGHT,Fitbit App
2025-08-07T23:27:00Z,LIGHT,Fitbit App
2025-08-07T23:28:00Z,MODERATE,Fitbit App
2025-08-07T23:29:00Z,MODERATE,Fitbit App
2025-08-07T23:30:00Z,MODERATE,Fitbit App
2025-08-07T23:31:00Z,MODERATE,Fitbit App
2025-08-07T23:32:00Z,LIGHT,Fitbit App
2025-08-07T23:33:00Z,MODERATE,Fitbit App
2025-08-07T23:34:00Z,VIGOROUS,Fitbit App
2025-08-07T23:35:00Z,MODERATE,Fitbit App
2025-08-07T23:36:00Z,MODERATE,Fitbit App
2025-08-07T23:37:00Z,VIGOROUS,Fitbit App
2025-08-07T23:38:00Z,MODERATE,Fitbit App
2025-08-07T23:39:00Z,LIGHT,Fitbit App
2025-08-07T23:40:00Z,LIGHT,Fitbit App
2025-08-07T23:41:00Z,MODERATE,Fitbit App
2025-08-07T23:42:00Z,MODERATE,Fitbit App
2025-08-07T23:43:00Z,LIGHT,Fitbit App
2025-08-07T23:44:00Z,MODERATE,Fitbit App
2025-08-07T23:45:00Z,MODERATE,Fitbit App
2025-08-07T23:46:00Z,MODERATE,Fitbit App
2025-08-07T23:47:00Z,LIGHT,Fitbit App
2025-08-07T23:48:00Z,LIGHT,Fitbit App
2025-08-07T23:49:00Z,LIGHT,Fitbit App
2025-08-07T23:50:00Z,LIGHT,Fitbit App
2025-08-07T23:51:00Z,LIGHT,Fitbit App
2025-08-07T23:52:00Z,LIGHT,Fitbit App
2025-08-07T23:53:00Z,LIGHT,Fitbit App
2025-08-07T23:54:00Z,LIGHT,Fitbit App
2025-08-07T23:55:00Z,LIGHT,Fitbit App
2025-08-07T23:56:00Z,MODERATE,Fitbit App
2025-08-07T23:57:00Z,VIGOROUS,Fitbit App
2025-08-07T23:58:00Z,VIGOROUS,Fitbit App
2025-08-07T23:59:00Z,VIGOROUS,Fitbit App
2025-08-08T00:00:00Z,VIGOROUS,Fitbit App
2025-08-08T00:01:00Z,MODERATE,Fitbit App
2025-08-08T00:02:00Z,LIGHT,Fitbit App
2025-08-08T00:03:00Z,LIGHT,Fitbit App
2025-08-08T00:04:00Z,LIGHT,Fitbit App
2025-08-08T00:05:00Z,MODERATE,Fitbit App
2025-08-08T00:06:00Z,VIGOROUS,Fitbit App
2025-08-08T00:07:00Z,MODERATE,Fitbit App
2025-08-08T00:08:00Z,MODERATE,Fitbit App
2025-08-08T00:09:00Z,MODERATE,Fitbit App
2025-08-08T00:10:00Z,LIGHT,Fitbit App
2025-08-08T00:11:00Z,MODERATE,Fitbit App
2025-08-08T00:12:00Z,MODERATE,Fitbit App
2025-08-08T00:13:00Z,MODERATE,Fitbit App
2025-08-08T00:14:00Z,MODERATE,Fitbit App
2025-08-08T00:15:00Z,MODERATE,Fitbit App
2025-08-08T00:16:00Z,MODERATE,Fitbit App
2025-08-08T00:17:00Z,MODERATE,Fitbit App
2025-08-08T00:18:00Z,MODERATE,Fitbit App
2025-08-08T00:19:00Z,LIGHT,Fitbit App
2025-08-08T00:20:00Z,LIGHT,Fitbit App
2025-08-08T00:21:00Z,LIGHT,Fitbit App
2025-08-08T00:22:00Z,LIGHT,Fitbit App
2025-08-08T00:23:00Z,LIGHT,Fitbit App
2025-08-08T00:24:00Z,LIGHT,Fitbit App
2025-08-08T00:25:00Z,LIGHT,Fitbit App
2025-08-08T00:26:00Z,LIGHT,Fitbit App
2025-08-08T00:27:00Z,MODERATE,Fitbit App
2025-08-08T00:28:00Z,MODERATE,Fitbit App
2025-08-08T00:29:00Z,MODERATE,Fitbit App
2025-08-08T00:30:00Z,MODERATE,Fitbit App
2025-08-08T00:31:00Z,MODERATE,Fitbit App
2025-08-08T00:32:00Z,MODERATE,Fitbit App
2025-08-08T00:33:00Z,LIGHT,Fitbit App
2025-08-08T00:34:00Z,LIGHT,Fitbit App
2025-08-08T00:35:00Z,LIGHT,Fitbit App
2025-08-08T00:36:00Z,LIGHT,Fitbit App
2025-08-08T00:37:00Z,MODERATE,Fitbit App
2025-08-08T00:38:00Z,LIGHT,Fitbit App
2025-08-08T00:39:00Z,MODERATE,Fitbit App
2025-08-08T00:40:00Z,MODERATE,Fitbit App
2025-08-08T00:41:00Z,MODERATE,Fitbit App
2025-08-08T00:42:00Z,MODERATE,Fitbit App
2025-08-08T00:43:00Z,MODERATE,Fitbit App
2025-08-08T00:44:00Z,MODERATE,Fitbit App
2025-08-08T00:45:00Z,MODERATE,Fitbit App
2025-08-08T00:46:00Z,MODERATE,Fitbit App
2025-08-08T00:47:00Z,MODERATE,Fitbit App
2025-08-08T00:48:00Z,MODERATE,Fitbit App
2025-08-08T00:49:00Z,MODERATE,Fitbit App
2025-08-08T00:50:00Z,MODERATE,Fitbit App
2025-08-08T00:51:00Z,VIGOROUS,Fitbit App
2025-08-08T00:52:00Z,MODERATE,Fitbit App
2025-08-08T00:53:00Z,MODERATE,Fitbit App
2025-08-08T00:54:00Z,LIGHT,Fitbit App
2025-08-08T00:55:00Z,LIGHT,Fitbit App
2025-08-08T00:56:00Z,LIGHT,Fitbit App
2025-08-08T00:57:00Z,LIGHT,Fitbit App
2025-08-08T00:58:00Z,LIGHT,Fitbit App
2025-08-08T00:59:00Z,LIGHT,Fitbit App
2025-08-08T01:00:00Z,LIGHT,Fitbit App
2025-08-08T01:01:00Z,LIGHT,Fitbit App
2025-08-08T01:02:00Z,LIGHT,Fitbit App
2025-08-08T01:03:00Z,LIGHT,Fitbit App
2025-08-08T03:03:00Z,LIGHT,Fitbit App
2025-08-08T03:04:00Z,LIGHT,Fitbit App
2025-08-08T03:05:00Z,LIGHT,Fitbit App
2025-08-08T03:06:00Z,LIGHT,Fitbit App
2025-08-08T05:30:00Z,LIGHT,Fitbit App
2025-08-08T05:31:00Z,LIGHT,Fitbit App
2025-08-08T07:10:00Z,LIGHT,Fitbit App
2025-08-08T07:11:00Z,LIGHT,Fitbit App
2025-08-08T07:12:00Z,LIGHT,Fitbit App
2025-08-08T07:13:00Z,LIGHT,Fitbit App
2025-08-08T07:14:00Z,LIGHT,Fitbit App
2025-08-08T07:15:00Z,MODERATE,Fitbit App
2025-08-08T07:16:00Z,LIGHT,Fitbit App
2025-08-08T07:17:00Z,LIGHT,Fitbit App
2025-08-08T07:18:00Z,MODERATE,Fitbit App
2025-08-08T07:19:00Z,MODERATE,Fitbit App
2025-08-08T07:20:00Z,LIGHT,Fitbit App
2025-08-08T07:21:00Z,LIGHT,Fitbit App
2025-08-08T07:49:00Z,LIGHT,Fitbit App
2025-08-08T07:50:00Z,LIGHT,Fitbit App
2025-08-08T07:51:00Z,LIGHT,Fitbit App
2025-08-08T07:52:00Z,MODERATE,Fitbit App
2025-08-08T07:53:00Z,MODERATE,Fitbit App
2025-08-08T07:54:00Z,MODERATE,Fitbit App
2025-08-08T07:55:00Z,MODERATE,Fitbit App
2025-08-08T07:56:00Z,MODERATE,Fitbit App
2025-08-08T07:57:00Z,MODERATE,Fitbit App
2025-08-08T07:58:00Z,MODERATE,Fitbit App
2025-08-08T07:59:00Z,MODERATE,Fitbit App
2025-08-08T08:00:00Z,MODERATE,Fitbit App
2025-08-08T08:01:00Z,LIGHT,Fitbit App
2025-08-08T08:48:00Z,LIGHT,Fitbit App
2025-08-08T08:49:00Z,LIGHT,Fitbit App
2025-08-08T08:50:00Z,LIGHT,Fitbit App
2025-08-08T12:06:00Z,LIGHT,Fitbit App
2025-08-08T12:07:00Z,LIGHT,Fitbit App
2025-08-08T12:08:00Z,LIGHT,Fitbit App
2025-08-08T12:09:00Z,LIGHT,Fitbit App
2025-08-08T15:19:00Z,LIGHT,Fitbit App
2025-08-08T15:20:00Z,LIGHT,Fitbit App
2025-08-08T15:21:00Z,LIGHT,Fitbit App
2025-08-08T15:22:00Z,LIGHT,Fitbit App
2025-08-08T15:23:00Z,LIGHT,Fitbit App
2025-08-08T15:24:00Z,LIGHT,Fitbit App
2025-08-08T15:25:00Z,LIGHT,Fitbit App
2025-08-08T16:36:00Z,LIGHT,Fitbit App
2025-08-08T16:37:00Z,LIGHT,Fitbit App
2025-08-08T16:38:00Z,LIGHT,Fitbit App
2025-08-08T16:39:00Z,LIGHT,Fitbit App
2025-08-08T16:40:00Z,LIGHT,Fitbit App
2025-08-08T16:41:00Z,LIGHT,Fitbit App
2025-08-08T16:42:00Z,LIGHT,Fitbit App
2025-08-08T16:43:00Z,MODERATE,Fitbit App
2025-08-08T16:44:00Z,MODERATE,Fitbit App
2025-08-08T16:45:00Z,MODERATE,Fitbit App
2025-08-08T16:46:00Z,MODERATE,Fitbit App
2025-08-08T16:47:00Z,MODERATE,Fitbit App
2025-08-08T16:48:00Z,MODERATE,Fitbit App
2025-08-08T16:49:00Z,MODERATE,Fitbit App
2025-08-08T16:50:00Z,MODERATE,Fitbit App
2025-08-08T16:51:00Z,MODERATE,Fitbit App
2025-08-08T16:52:00Z,MODERATE,Fitbit App
2025-08-08T16:53:00Z,MODERATE,Fitbit App
2025-08-08T16:54:00Z,MODERATE,Fitbit App
2025-08-08T16:55:00Z,MODERATE,Fitbit App
2025-08-08T16:56:00Z,MODERATE,Fitbit App
2025-08-08T16:57:00Z,MODERATE,Fitbit App
2025-08-08T16:58:00Z,MODERATE,Fitbit App
2025-08-08T16:59:00Z,MODERATE,Fitbit App
2025-08-08T17:00:00Z,MODERATE,Fitbit App
2025-08-08T17:01:00Z,MODERATE,Fitbit App
2025-08-08T17:02:00Z,MODERATE,Fitbit App
2025-08-08T17:03:00Z,VIGOROUS,Fitbit App
2025-08-08T17:04:00Z,MODERATE,Fitbit App
2025-08-08T17:05:00Z,MODERATE,Fitbit App
2025-08-08T17:06:00Z,MODERATE,Fitbit App
2025-08-08T17:07:00Z,VIGOROUS,Fitbit App
2025-08-08T17:08:00Z,VIGOROUS,Fitbit App
2025-08-08T17:09:00Z,VIGOROUS,Fitbit App
2025-08-08T17:10:00Z,VIGOROUS,Fitbit App
2025-08-08T17:11:00Z,MODERATE,Fitbit App
2025-08-08T17:12:00Z,VIGOROUS,Fitbit App
2025-08-08T17:13:00Z,VIGOROUS,Fitbit App
2025-08-08T17:14:00Z,MODERATE,Fitbit App
2025-08-08T17:15:00Z,MODERATE,Fitbit App
2025-08-08T17:16:00Z,VIGOROUS,Fitbit App
2025-08-08T17:17:00Z,MODERATE,Fitbit App
2025-08-08T17:18:00Z,MODERATE,Fitbit App
2025-08-08T17:19:00Z,MODERATE,Fitbit App
2025-08-08T17:20:00Z,MODERATE,Fitbit App
2025-08-08T17:21:00Z,LIGHT,Fitbit App
2025-08-08T17:22:00Z,LIGHT,Fitbit App
2025-08-08T17:23:00Z,LIGHT,Fitbit App
2025-08-08T17:24:00Z,LIGHT,Fitbit App
2025-08-08T17:25:00Z,LIGHT,Fitbit App
2025-08-08T17:26:00Z,LIGHT,Fitbit App
2025-08-08T17:27:00Z,LIGHT,Fitbit App
2025-08-08T17:28:00Z,LIGHT,Fitbit App
2025-08-08T17:29:00Z,LIGHT,Fitbit App
2025-08-08T17:30:00Z,LIGHT,Fitbit App
2025-08-08T17:31:00Z,LIGHT,Fitbit App
2025-08-08T17:32:00Z,LIGHT,Fitbit App
2025-08-08T17:33:00Z,LIGHT,Fitbit App
2025-08-08T17:34:00Z,LIGHT,Fitbit App
2025-08-08T17:35:00Z,LIGHT,Fitbit App
2025-08-08T17:36:00Z,LIGHT,Fitbit App
2025-08-08T17:37:00Z,LIGHT,Fitbit App
2025-08-08T17:38:00Z,LIGHT,Fitbit App
2025-08-08T17:39:00Z,LIGHT,Fitbit App
2025-08-08T17:40:00Z,VIGOROUS,Fitbit App
2025-08-08T17:41:00Z,VIGOROUS,Fitbit App
2025-08-08T17:42:00Z,VIGOROUS,Fitbit App
2025-08-08T17:43:00Z,MODERATE,Fitbit App
2025-08-08T17:44:00Z,VIGOROUS,Fitbit App
2025-08-08T17:45:00Z,VIGOROUS,Fitbit App
2025-08-08T17:46:00Z,MODERATE,Fitbit App
2025-08-08T17:47:00Z,VIGOROUS,Fitbit App
2025-08-08T17:48:00Z,VIGOROUS,Fitbit App
2025-08-08T17:49:00Z,VIGOROUS,Fitbit App
2025-08-08T17:50:00Z,MODERATE,Fitbit App
2025-08-08T17:51:00Z,VIGOROUS,Fitbit App
2025-08-08T17:52:00Z,MODERATE,Fitbit App
2025-08-08T17:53:00Z,VIGOROUS,Fitbit App
2025-08-08T17:54:00Z,MODERATE,Fitbit App
2025-08-08T17:55:00Z,MODERATE,Fitbit App
2025-08-08T17:56:00Z,LIGHT,Fitbit App
2025-08-08T17:57:00Z,MODERATE,Fitbit App
2025-08-08T17:58:00Z,MODERATE,Fitbit App
2025-08-08T17:59:00Z,MODERATE,Fitbit App
2025-08-08T18:00:00Z,MODERATE,Fitbit App
2025-08-08T18:01:00Z,VIGOROUS,Fitbit App
2025-08-08T18:02:00Z,MODERATE,Fitbit App
2025-08-08T18:03:00Z,MODERATE,Fitbit App
2025-08-08T18:04:00Z,MODERATE,Fitbit App
2025-08-08T18:05:00Z,MODERATE,Fitbit App
2025-08-08T18:06:00Z,MODERATE,Fitbit App
2025-08-08T18:07:00Z,MODERATE,Fitbit App
2025-08-08T18:08:00Z,VIGOROUS,Fitbit App
2025-08-08T18:09:00Z,VIGOROUS,Fitbit App
2025-08-08T18:10:00Z,MODERATE,Fitbit App
2025-08-08T18:11:00Z,LIGHT,Fitbit App
2025-08-08T18:12:00Z,LIGHT,Fitbit App
2025-08-08T18:13:00Z,LIGHT,Fitbit App
2025-08-08T18:14:00Z,LIGHT,Fitbit App
2025-08-08T18:15:00Z,LIGHT,Fitbit App
2025-08-08T18:16:00Z,LIGHT,Fitbit App
2025-08-08T18:17:00Z,LIGHT,Fitbit App
2025-08-08T18:18:00Z,LIGHT,Fitbit App
2025-08-08T18:19:00Z,LIGHT,Fitbit App
2025-08-08T18:20:00Z,LIGHT,Fitbit App
2025-08-08T18:21:00Z,LIGHT,Fitbit App
2025-08-08T18:22:00Z,LIGHT,Fitbit App
2025-08-08T18:23:00Z,LIGHT,Fitbit App
2025-08-08T18:24:00Z,LIGHT,Fitbit App
2025-08-08T18:25:00Z,LIGHT,Fitbit App
2025-08-08T18:26:00Z,MODERATE,Fitbit App
2025-08-08T18:27:00Z,LIGHT,Fitbit App
2025-08-08T18:28:00Z,MODERATE,Fitbit App
2025-08-08T18:29:00Z,LIGHT,Fitbit App
2025-08-08T18:30:00Z,LIGHT,Fitbit App
2025-08-08T18:31:00Z,LIGHT,Fitbit App
2025-08-08T18:32:00Z,LIGHT,Fitbit App
2025-08-08T18:33:00Z,LIGHT,Fitbit App
2025-08-08T18:34:00Z,LIGHT,Fitbit App
2025-08-08T18:35:00Z,LIGHT,Fitbit App
2025-08-08T18:36:00Z,LIGHT,Fitbit App
2025-08-08T18:37:00Z,LIGHT,Fitbit App
2025-08-08T18:38:00Z,LIGHT,Fitbit App
2025-08-08T18:39:00Z,LIGHT,Fitbit App
2025-08-08T18:40:00Z,LIGHT,Fitbit App
2025-08-08T18:41:00Z,LIGHT,Fitbit App
2025-08-08T18:42:00Z,LIGHT,Fitbit App
2025-08-08T18:43:00Z,LIGHT,Fitbit App
2025-08-08T18:44:00Z,LIGHT,Fitbit App
2025-08-08T18:45:00Z,LIGHT,Fitbit App
2025-08-08T18:46:00Z,LIGHT,Fitbit App
2025-08-08T18:47:00Z,LIGHT,Fitbit App
2025-08-08T18:48:00Z,LIGHT,Fitbit App
2025-08-08T18:49:00Z,LIGHT,Fitbit App
2025-08-08T18:50:00Z,LIGHT,Fitbit App
2025-08-08T18:51:00Z,LIGHT,Fitbit App
2025-08-08T18:52:00Z,LIGHT,Fitbit App
2025-08-08T18:53:00Z,LIGHT,Fitbit App
2025-08-08T18:54:00Z,LIGHT,Fitbit App
2025-08-08T18:55:00Z,LIGHT,Fitbit App
2025-08-08T18:56:00Z,LIGHT,Fitbit App
2025-08-08T18:57:00Z,LIGHT,Fitbit App
2025-08-08T18:58:00Z,LIGHT,Fitbit App
2025-08-08T18:59:00Z,LIGHT,Fitbit App
2025-08-08T19:00:00Z,LIGHT,Fitbit App
2025-08-08T19:01:00Z,LIGHT,Fitbit App
2025-08-08T19:02:00Z,LIGHT,Fitbit App
2025-08-08T19:03:00Z,LIGHT,Fitbit App
2025-08-08T19:04:00Z,LIGHT,Fitbit App
2025-08-08T19:05:00Z,LIGHT,Fitbit App
2025-08-08T19:06:00Z,LIGHT,Fitbit App
2025-08-08T19:07:00Z,LIGHT,Fitbit App
2025-08-08T19:08:00Z,LIGHT,Fitbit App
2025-08-08T19:09:00Z,LIGHT,Fitbit App
2025-08-08T19:10:00Z,MODERATE,Fitbit App
2025-08-08T19:11:00Z,LIGHT,Fitbit App
2025-08-08T19:12:00Z,LIGHT,Fitbit App
2025-08-08T19:13:00Z,LIGHT,Fitbit App
2025-08-08T19:14:00Z,LIGHT,Fitbit App
2025-08-08T19:15:00Z,LIGHT,Fitbit App
2025-08-08T19:16:00Z,LIGHT,Fitbit App
2025-08-08T19:17:00Z,LIGHT,Fitbit App
2025-08-08T19:18:00Z,LIGHT,Fitbit App
2025-08-08T19:19:00Z,LIGHT,Fitbit App
2025-08-08T19:20:00Z,LIGHT,Fitbit App
2025-08-08T19:21:00Z,LIGHT,Fitbit App
2025-08-08T19:22:00Z,LIGHT,Fitbit App
2025-08-08T19:23:00Z,LIGHT,Fitbit App
2025-08-08T19:24:00Z,LIGHT,Fitbit App
2025-08-08T19:25:00Z,LIGHT,Fitbit App
2025-08-08T19:26:00Z,LIGHT,Fitbit App
2025-08-08T19:27:00Z,LIGHT,Fitbit App
2025-08-08T19:28:00Z,LIGHT,Fitbit App
2025-08-08T19:29:00Z,LIGHT,Fitbit App
2025-08-08T19:30:00Z,LIGHT,Fitbit App
2025-08-08T19:31:00Z,LIGHT,Fitbit App
2025-08-08T19:32:00Z,LIGHT,Fitbit App
2025-08-08T19:33:00Z,LIGHT,Fitbit App
2025-08-08T19:34:00Z,LIGHT,Fitbit App
2025-08-08T19:35:00Z,LIGHT,Fitbit App
2025-08-08T19:36:00Z,LIGHT,Fitbit App
2025-08-08T19:37:00Z,LIGHT,Fitbit App
2025-08-08T19:38:00Z,LIGHT,Fitbit App
2025-08-08T19:39:00Z,LIGHT,Fitbit App
2025-08-08T19:40:00Z,LIGHT,Fitbit App
2025-08-08T19:41:00Z,LIGHT,Fitbit App
2025-08-08T19:42:00Z,LIGHT,Fitbit App
2025-08-08T19:43:00Z,LIGHT,Fitbit App
2025-08-08T19:44:00Z,LIGHT,Fitbit App
2025-08-08T19:45:00Z,LIGHT,Fitbit App
2025-08-08T19:46:00Z,LIGHT,Fitbit App
2025-08-08T19:47:00Z,LIGHT,Fitbit App
2025-08-08T19:48:00Z,LIGHT,Fitbit App
2025-08-08T19:49:00Z,LIGHT,Fitbit App
2025-08-08T19:50:00Z,MODERATE,Fitbit App
2025-08-08T19:51:00Z,MODERATE,Fitbit App
2025-08-08T19:52:00Z,LIGHT,Fitbit App
2025-08-08T19:53:00Z,LIGHT,Fitbit App
2025-08-08T19:54:00Z,LIGHT,Fitbit App
2025-08-08T19:55:00Z,LIGHT,Fitbit App
2025-08-08T19:56:00Z,LIGHT,Fitbit App
2025-08-08T19:57:00Z,LIGHT,Fitbit App
2025-08-08T19:58:00Z,LIGHT,Fitbit App
2025-08-08T19:59:00Z,LIGHT,Fitbit App
2025-08-08T20:00:00Z,LIGHT,Fitbit App
2025-08-08T20:01:00Z,LIGHT,Fitbit App
2025-08-08T20:02:00Z,LIGHT,Fitbit App
2025-08-08T20:03:00Z,LIGHT,Fitbit App
2025-08-08T20:04:00Z,LIGHT,Fitbit App
2025-08-08T20:05:00Z,LIGHT,Fitbit App
2025-08-08T20:06:00Z,LIGHT,Fitbit App
2025-08-08T20:07:00Z,LIGHT,Fitbit App
2025-08-08T20:08:00Z,LIGHT,Fitbit App
2025-08-08T20:09:00Z,LIGHT,Fitbit App
2025-08-08T20:10:00Z,LIGHT,Fitbit App
2025-08-08T20:11:00Z,LIGHT,Fitbit App
2025-08-08T20:12:00Z,LIGHT,Fitbit App
2025-08-08T20:13:00Z,LIGHT,Fitbit App
2025-08-08T20:14:00Z,LIGHT,Fitbit App
2025-08-08T20:15:00Z,LIGHT,Fitbit App
2025-08-08T20:16:00Z,LIGHT,Fitbit App
2025-08-08T20:17:00Z,LIGHT,Fitbit App
2025-08-08T20:18:00Z,LIGHT,Fitbit App
2025-08-08T20:19:00Z,LIGHT,Fitbit App
2025-08-08T20:20:00Z,LIGHT,Fitbit App
2025-08-08T20:21:00Z,LIGHT,Fitbit App
2025-08-08T20:22:00Z,LIGHT,Fitbit App
2025-08-08T20:23:00Z,LIGHT,Fitbit App
2025-08-08T20:24:00Z,LIGHT,Fitbit App
2025-08-08T20:25:00Z,LIGHT,Fitbit App
2025-08-08T20:26:00Z,LIGHT,Fitbit App
2025-08-08T20:27:00Z,LIGHT,Fitbit App
2025-08-08T20:28:00Z,LIGHT,Fitbit App
2025-08-08T20:29:00Z,LIGHT,Fitbit App
2025-08-08T20:30:00Z,LIGHT,Fitbit App
2025-08-08T20:31:00Z,LIGHT,Fitbit App
2025-08-08T20:32:00Z,LIGHT,Fitbit App
2025-08-08T20:33:00Z,MODERATE,Fitbit App
2025-08-08T20:34:00Z,MODERATE,Fitbit App
2025-08-08T20:35:00Z,MODERATE,Fitbit App
2025-08-08T20:36:00Z,MODERATE,Fitbit App
2025-08-08T20:37:00Z,MODERATE,Fitbit App
2025-08-08T20:38:00Z,MODERATE,Fitbit App
2025-08-08T20:39:00Z,MODERATE,Fitbit App
2025-08-08T20:40:00Z,MODERATE,Fitbit App
2025-08-08T20:41:00Z,MODERATE,Fitbit App
2025-08-08T20:42:00Z,MODERATE,Fitbit App
2025-08-08T20:43:00Z,MODERATE,Fitbit App
2025-08-08T20:44:00Z,LIGHT,Fitbit App
2025-08-08T20:45:00Z,LIGHT,Fitbit App
2025-08-08T20:46:00Z,LIGHT,Fitbit App
2025-08-08T20:47:00Z,LIGHT,Fitbit App
2025-08-08T20:48:00Z,LIGHT,Fitbit App
2025-08-08T20:49:00Z,LIGHT,Fitbit App
2025-08-08T20:50:00Z,LIGHT,Fitbit App
2025-08-08T20:51:00Z,MODERATE,Fitbit App
2025-08-08T20:52:00Z,MODERATE,Fitbit App
2025-08-08T20:53:00Z,MODERATE,Fitbit App
2025-08-08T20:54:00Z,MODERATE,Fitbit App
2025-08-08T20:55:00Z,MODERATE,Fitbit App
2025-08-08T20:56:00Z,LIGHT,Fitbit App
2025-08-08T20:57:00Z,LIGHT,Fitbit App
2025-08-08T20:58:00Z,LIGHT,Fitbit App
2025-08-08T20:59:00Z,LIGHT,Fitbit App
2025-08-08T21:00:00Z,MODERATE,Fitbit App
2025-08-08T21:01:00Z,LIGHT,Fitbit App
2025-08-08T21:02:00Z,LIGHT,Fitbit App
2025-08-08T21:03:00Z,LIGHT,Fitbit App
2025-08-08T21:04:00Z,LIGHT,Fitbit App
2025-08-08T21:05:00Z,LIGHT,Fitbit App
2025-08-08T21:06:00Z,LIGHT,Fitbit App
2025-08-08T21:07:00Z,MODERATE,Fitbit App
2025-08-08T21:08:00Z,MODERATE,Fitbit App
2025-08-08T21:09:00Z,MODERATE,Fitbit App
2025-08-08T21:10:00Z,MODERATE,Fitbit App
2025-08-08T21:11:00Z,MODERATE,Fitbit App
2025-08-08T21:12:00Z,LIGHT,Fitbit App
2025-08-08T21:13:00Z,LIGHT,Fitbit App
2025-08-08T21:14:00Z,MODERATE,Fitbit App
2025-08-08T21:15:00Z,LIGHT,Fitbit App
2025-08-08T21:16:00Z,LIGHT,Fitbit App
2025-08-08T21:17:00Z,LIGHT,Fitbit App
2025-08-08T21:18:00Z,LIGHT,Fitbit App
2025-08-08T21:19:00Z,LIGHT,Fitbit App
2025-08-08T21:20:00Z,LIGHT,Fitbit App
2025-08-08T21:21:00Z,LIGHT,Fitbit App
2025-08-08T21:22:00Z,MODERATE,Fitbit App
2025-08-08T21:23:00Z,MODERATE,Fitbit App
2025-08-08T21:24:00Z,MODERATE,Fitbit App
2025-08-08T21:25:00Z,MODERATE,Fitbit App
2025-08-08T21:26:00Z,MODERATE,Fitbit App
2025-08-08T21:27:00Z,LIGHT,Fitbit App
2025-08-08T21:28:00Z,LIGHT,Fitbit App
2025-08-08T21:29:00Z,LIGHT,Fitbit App
2025-08-08T21:30:00Z,LIGHT,Fitbit App
2025-08-08T21:31:00Z,LIGHT,Fitbit App
2025-08-08T21:32:00Z,LIGHT,Fitbit App
2025-08-08T21:33:00Z,MODERATE,Fitbit App
2025-08-08T21:34:00Z,LIGHT,Fitbit App
2025-08-08T21:35:00Z,LIGHT,Fitbit App
2025-08-08T21:36:00Z,LIGHT,Fitbit App
2025-08-08T21:37:00Z,MODERATE,Fitbit App
2025-08-08T21:38:00Z,LIGHT,Fitbit App
2025-08-08T21:39:00Z,LIGHT,Fitbit App
2025-08-08T21:40:00Z,LIGHT,Fitbit App
2025-08-08T21:41:00Z,LIGHT,Fitbit App
2025-08-08T21:42:00Z,LIGHT,Fitbit App
2025-08-08T21:43:00Z,LIGHT,Fitbit App
2025-08-08T21:44:00Z,LIGHT,Fitbit App
2025-08-08T21:45:00Z,LIGHT,Fitbit App
2025-08-08T21:46:00Z,LIGHT,Fitbit App
2025-08-08T21:47:00Z,LIGHT,Fitbit App
2025-08-08T21:48:00Z,LIGHT,Fitbit App
2025-08-08T21:49:00Z,LIGHT,Fitbit App
2025-08-08T21:50:00Z,LIGHT,Fitbit App
2025-08-08T21:51:00Z,MODERATE,Fitbit App
2025-08-08T21:52:00Z,LIGHT,Fitbit App
2025-08-08T21:53:00Z,LIGHT,Fitbit App
2025-08-08T21:54:00Z,LIGHT,Fitbit App
2025-08-08T21:55:00Z,LIGHT,Fitbit App
2025-08-08T21:56:00Z,LIGHT,Fitbit App
2025-08-08T21:57:00Z,LIGHT,Fitbit App
2025-08-08T21:58:00Z,LIGHT,Fitbit App
2025-08-08T21:59:00Z,LIGHT,Fitbit App
2025-08-08T22:00:00Z,LIGHT,Fitbit App
2025-08-08T22:01:00Z,LIGHT,Fitbit App
2025-08-08T22:02:00Z,LIGHT,Fitbit App
2025-08-08T22:03:00Z,LIGHT,Fitbit App
2025-08-08T22:04:00Z,LIGHT,Fitbit App
2025-08-08T22:05:00Z,LIGHT,Fitbit App
2025-08-08T22:06:00Z,LIGHT,Fitbit App
2025-08-08T22:07:00Z,LIGHT,Fitbit App
2025-08-08T22:08:00Z,LIGHT,Fitbit App
2025-08-08T22:09:00Z,LIGHT,Fitbit App
2025-08-08T22:10:00Z,LIGHT,Fitbit App
2025-08-08T22:11:00Z,LIGHT,Fitbit App
2025-08-08T22:12:00Z,LIGHT,Fitbit App
2025-08-08T22:13:00Z,LIGHT,Fitbit App
2025-08-08T22:14:00Z,LIGHT,Fitbit App
2025-08-08T22:15:00Z,LIGHT,Fitbit App
2025-08-08T22:16:00Z,LIGHT,Fitbit App
2025-08-08T22:17:00Z,LIGHT,Fitbit App
2025-08-08T22:18:00Z,LIGHT,Fitbit App
2025-08-08T22:19:00Z,LIGHT,Fitbit App
2025-08-08T22:20:00Z,LIGHT,Fitbit App
2025-08-08T22:21:00Z,LIGHT,Fitbit App
2025-08-08T22:22:00Z,LIGHT,Fitbit App
2025-08-08T22:23:00Z,LIGHT,Fitbit App
2025-08-08T22:24:00Z,LIGHT,Fitbit App
2025-08-08T22:25:00Z,LIGHT,Fitbit App
2025-08-08T22:26:00Z,LIGHT,Fitbit App
2025-08-08T22:27:00Z,LIGHT,Fitbit App
2025-08-08T22:28:00Z,LIGHT,Fitbit App
2025-08-08T22:29:00Z,LIGHT,Fitbit App
2025-08-08T22:30:00Z,LIGHT,Fitbit App
2025-08-08T22:31:00Z,LIGHT,Fitbit App
2025-08-08T22:32:00Z,LIGHT,Fitbit App
2025-08-08T22:33:00Z,LIGHT,Fitbit App
2025-08-08T22:34:00Z,LIGHT,Fitbit App
2025-08-08T22:35:00Z,LIGHT,Fitbit App
2025-08-08T22:36:00Z,LIGHT,Fitbit App
2025-08-08T22:37:00Z,LIGHT,Fitbit App
2025-08-08T22:38:00Z,LIGHT,Fitbit App
2025-08-08T22:39:00Z,LIGHT,Fitbit App
2025-08-08T22:40:00Z,LIGHT,Fitbit App
2025-08-08T22:41:00Z,MODERATE,Fitbit App
2025-08-08T22:42:00Z,LIGHT,Fitbit App
2025-08-08T22:43:00Z,MODERATE,Fitbit App
2025-08-08T22:44:00Z,LIGHT,Fitbit App
2025-08-08T22:45:00Z,MODERATE,Fitbit App
2025-08-08T22:46:00Z,MODERATE,Fitbit App
2025-08-08T22:47:00Z,MODERATE,Fitbit App
2025-08-08T22:48:00Z,MODERATE,Fitbit App
2025-08-08T22:49:00Z,MODERATE,Fitbit App
2025-08-08T22:50:00Z,MODERATE,Fitbit App
2025-08-08T22:51:00Z,MODERATE,Fitbit App
2025-08-08T22:52:00Z,MODERATE,Fitbit App
2025-08-08T22:53:00Z,MODERATE,Fitbit App
2025-08-08T22:54:00Z,LIGHT,Fitbit App
2025-08-08T22:55:00Z,MODERATE,Fitbit App
2025-08-08T22:56:00Z,MODERATE,Fitbit App
2025-08-08T22:57:00Z,MODERATE,Fitbit App
2025-08-08T22:58:00Z,MODERATE,Fitbit App
2025-08-08T22:59:00Z,MODERATE,Fitbit App
2025-08-08T23:00:00Z,MODERATE,Fitbit App
2025-08-08T23:01:00Z,MODERATE,Fitbit App
2025-08-08T23:02:00Z,MODERATE,Fitbit App
2025-08-08T23:03:00Z,MODERATE,Fitbit App
2025-08-08T23:04:00Z,MODERATE,Fitbit App
2025-08-08T23:05:00Z,MODERATE,Fitbit App
2025-08-08T23:06:00Z,MODERATE,Fitbit App
2025-08-08T23:07:00Z,MODERATE,Fitbit App
2025-08-08T23:08:00Z,MODERATE,Fitbit App
2025-08-08T23:09:00Z,MODERATE,Fitbit App
2025-08-08T23:10:00Z,MODERATE,Fitbit App
2025-08-08T23:11:00Z,MODERATE,Fitbit App
2025-08-08T23:12:00Z,MODERATE,Fitbit App
2025-08-08T23:13:00Z,MODERATE,Fitbit App
2025-08-08T23:14:00Z,MODERATE,Fitbit App
2025-08-08T23:15:00Z,MODERATE,Fitbit App
2025-08-08T23:16:00Z,MODERATE,Fitbit App
2025-08-08T23:17:00Z,MODERATE,Fitbit App
2025-08-08T23:18:00Z,MODERATE,Fitbit App
2025-08-08T23:19:00Z,MODERATE,Fitbit App
2025-08-08T23:20:00Z,MODERATE,Fitbit App
2025-08-08T23:21:00Z,MODERATE,Fitbit App
2025-08-08T23:22:00Z,MODERATE,Fitbit App
2025-08-08T23:23:00Z,MODERATE,Fitbit App
2025-08-08T23:24:00Z,MODERATE,Fitbit App
2025-08-08T23:25:00Z,MODERATE,Fitbit App
2025-08-08T23:26:00Z,MODERATE,Fitbit App
2025-08-08T23:27:00Z,MODERATE,Fitbit App
2025-08-08T23:28:00Z,MODERATE,Fitbit App
2025-08-08T23:29:00Z,MODERATE,Fitbit App
2025-08-08T23:30:00Z,MODERATE,Fitbit App
2025-08-08T23:31:00Z,MODERATE,Fitbit App
2025-08-08T23:32:00Z,MODERATE,Fitbit App
2025-08-08T23:33:00Z,MODERATE,Fitbit App
2025-08-08T23:34:00Z,MODERATE,Fitbit App
2025-08-08T23:35:00Z,MODERATE,Fitbit App
2025-08-08T23:36:00Z,MODERATE,Fitbit App
2025-08-08T23:37:00Z,MODERATE,Fitbit App
2025-08-08T23:38:00Z,MODERATE,Fitbit App
2025-08-08T23:39:00Z,MODERATE,Fitbit App
2025-08-08T23:40:00Z,MODERATE,Fitbit App
2025-08-08T23:41:00Z,MODERATE,Fitbit App
2025-08-08T23:42:00Z,MODERATE,Fitbit App
2025-08-08T23:43:00Z,MODERATE,Fitbit App
2025-08-08T23:44:00Z,MODERATE,Fitbit App
2025-08-08T23:45:00Z,MODERATE,Fitbit App
2025-08-08T23:46:00Z,MODERATE,Fitbit App
2025-08-08T23:47:00Z,MODERATE,Fitbit App
2025-08-08T23:48:00Z,MODERATE,Fitbit App
2025-08-08T23:49:00Z,MODERATE,Fitbit App
2025-08-08T23:50:00Z,MODERATE,Fitbit App
2025-08-08T23:51:00Z,MODERATE,Fitbit App
2025-08-08T23:52:00Z,MODERATE,Fitbit App
2025-08-08T23:53:00Z,MODERATE,Fitbit App
2025-08-08T23:54:00Z,MODERATE,Fitbit App
2025-08-08T23:55:00Z,MODERATE,Fitbit App
2025-08-08T23:56:00Z,MODERATE,Fitbit App
2025-08-08T23:57:00Z,MODERATE,Fitbit App
2025-08-08T23:58:00Z,MODERATE,Fitbit App
2025-08-08T23:59:00Z,MODERATE,Fitbit App
2025-08-09T00:00:00Z,MODERATE,Fitbit App
2025-08-09T00:01:00Z,MODERATE,Fitbit App
2025-08-09T00:02:00Z,MODERATE,Fitbit App
2025-08-09T00:03:00Z,MODERATE,Fitbit App
2025-08-09T00:04:00Z,MODERATE,Fitbit App
2025-08-09T00:05:00Z,MODERATE,Fitbit App
2025-08-09T00:06:00Z,MODERATE,Fitbit App
2025-08-09T00:07:00Z,MODERATE,Fitbit App
2025-08-09T00:08:00Z,MODERATE,Fitbit App
2025-08-09T00:09:00Z,MODERATE,Fitbit App
2025-08-09T00:10:00Z,MODERATE,Fitbit App
2025-08-09T00:11:00Z,MODERATE,Fitbit App
2025-08-09T00:12:00Z,MODERATE,Fitbit App
2025-08-09T00:13:00Z,MODERATE,Fitbit App
2025-08-09T00:14:00Z,MODERATE,Fitbit App
2025-08-09T00:15:00Z,MODERATE,Fitbit App
2025-08-09T00:16:00Z,MODERATE,Fitbit App
2025-08-09T00:17:00Z,MODERATE,Fitbit App
2025-08-09T00:18:00Z,MODERATE,Fitbit App
2025-08-09T00:19:00Z,MODERATE,Fitbit App
2025-08-09T00:20:00Z,MODERATE,Fitbit App
2025-08-09T00:21:00Z,MODERATE,Fitbit App
2025-08-09T00:22:00Z,MODERATE,Fitbit App
2025-08-09T00:23:00Z,MODERATE,Fitbit App
2025-08-09T00:24:00Z,MODERATE,Fitbit App
2025-08-09T00:25:00Z,MODERATE,Fitbit App
2025-08-09T00:26:00Z,MODERATE,Fitbit App
2025-08-09T00:27:00Z,MODERATE,Fitbit App
2025-08-09T00:28:00Z,MODERATE,Fitbit App
2025-08-09T00:29:00Z,MODERATE,Fitbit App
2025-08-09T00:30:00Z,MODERATE,Fitbit App
2025-08-09T00:31:00Z,MODERATE,Fitbit App
2025-08-09T00:32:00Z,MODERATE,Fitbit App
2025-08-09T00:33:00Z,MODERATE,Fitbit App
2025-08-09T00:34:00Z,MODERATE,Fitbit App
2025-08-09T00:35:00Z,MODERATE,Fitbit App
2025-08-09T00:36:00Z,MODERATE,Fitbit App
2025-08-09T00:37:00Z,MODERATE,Fitbit App
2025-08-09T00:38:00Z,MODERATE,Fitbit App
2025-08-09T00:39:00Z,MODERATE,Fitbit App
2025-08-09T00:40:00Z,MODERATE,Fitbit App
2025-08-09T00:41:00Z,MODERATE,Fitbit App
2025-08-09T00:42:00Z,MODERATE,Fitbit App
2025-08-09T00:43:00Z,MODERATE,Fitbit App
2025-08-09T00:44:00Z,MODERATE,Fitbit App
2025-08-09T00:45:00Z,MODERATE,Fitbit App
2025-08-09T00:46:00Z,MODERATE,Fitbit App
2025-08-09T00:47:00Z,MODERATE,Fitbit App
2025-08-09T00:48:00Z,MODERATE,Fitbit App
2025-08-09T00:49:00Z,MODERATE,Fitbit App
2025-08-09T00:50:00Z,MODERATE,Fitbit App
2025-08-09T00:51:00Z,MODERATE,Fitbit App
2025-08-09T00:52:00Z,MODERATE,Fitbit App
2025-08-09T00:53:00Z,MODERATE,Fitbit App
2025-08-09T00:54:00Z,MODERATE,Fitbit App
2025-08-09T00:55:00Z,MODERATE,Fitbit App
2025-08-09T00:56:00Z,MODERATE,Fitbit App
2025-08-09T00:57:00Z,MODERATE,Fitbit App
2025-08-09T00:58:00Z,MODERATE,Fitbit App
2025-08-09T00:59:00Z,MODERATE,Fitbit App
2025-08-09T01:00:00Z,MODERATE,Fitbit App
2025-08-09T01:01:00Z,MODERATE,Fitbit App
2025-08-09T03:02:00Z,MODERATE,Fitbit App
2025-08-09T03:03:00Z,LIGHT,Fitbit App
2025-08-09T03:04:00Z,LIGHT,Fitbit App
2025-08-09T03:05:00Z,LIGHT,Fitbit App
2025-08-09T03:06:00Z,LIGHT,Fitbit App
2025-08-09T06:09:00Z,LIGHT,Fitbit App
2025-08-09T06:10:00Z,LIGHT,Fitbit App
2025-08-09T06:11:00Z,LIGHT,Fitbit App
2025-08-09T06:12:00Z,LIGHT,Fitbit App
2025-08-09T06:13:00Z,LIGHT,Fitbit App
2025-08-09T06:14:00Z,LIGHT,Fitbit App
2025-08-09T06:15:00Z,LIGHT,Fitbit App
2025-08-09T06:27:00Z,LIGHT,Fitbit App
2025-08-09T06:28:00Z,LIGHT,Fitbit App
2025-08-09T06:29:00Z,LIGHT,Fitbit App
2025-08-09T10:28:00Z,LIGHT,Fitbit App
2025-08-09T10:29:00Z,LIGHT,Fitbit App
2025-08-09T10:30:00Z,LIGHT,Fitbit App
2025-08-09T10:31:00Z,LIGHT,Fitbit App
2025-08-09T10:32:00Z,LIGHT,Fitbit App
2025-08-09T14:02:00Z,LIGHT,Fitbit App
2025-08-09T14:03:00Z,LIGHT,Fitbit App
2025-08-09T14:04:00Z,LIGHT,Fitbit App
2025-08-09T14:05:00Z,LIGHT,Fitbit App
2025-08-10T03:30:00Z,LIGHT,Fitbit App
2025-08-10T03:31:00Z,LIGHT,Fitbit App
2025-08-10T03:32:00Z,LIGHT,Fitbit App
2025-08-10T03:33:00Z,LIGHT,Fitbit App
2025-08-10T10:55:00Z,LIGHT,Fitbit App
2025-08-10T10:56:00Z,LIGHT,Fitbit App
2025-08-10T14:12:00Z,LIGHT,Fitbit App
2025-08-10T14:13:00Z,LIGHT,Fitbit App
2025-08-10T14:14:00Z,LIGHT,Fitbit App
2025-08-10T14:15:00Z,LIGHT,Fitbit App
2025-08-10T14:16:00Z,LIGHT,Fitbit App
2025-08-10T14:17:00Z,LIGHT,Fitbit App
2025-08-10T14:18:00Z,LIGHT,Fitbit App
2025-08-10T14:19:00Z,LIGHT,Fitbit App
2025-08-10T14:29:00Z,LIGHT,Fitbit App
2025-08-10T14:30:00Z,LIGHT,Fitbit App
2025-08-10T14:31:00Z,LIGHT,Fitbit App
2025-08-10T14:32:00Z,LIGHT,Fitbit App
2025-08-10T14:33:00Z,LIGHT,Fitbit App
2025-08-10T14:34:00Z,LIGHT,Fitbit App
2025-08-10T14:35:00Z,LIGHT,Fitbit App
2025-08-10T14:36:00Z,LIGHT,Fitbit App
2025-08-10T14:37:00Z,LIGHT,Fitbit App
2025-08-10T14:38:00Z,LIGHT,Fitbit App
2025-08-10T14:39:00Z,LIGHT,Fitbit App
2025-08-10T14:40:00Z,LIGHT,Fitbit App
2025-08-10T14:41:00Z,LIGHT,Fitbit App
2025-08-10T14:42:00Z,LIGHT,Fitbit App
2025-08-10T14:43:00Z,LIGHT,Fitbit App
2025-08-10T14:44:00Z,LIGHT,Fitbit App
2025-08-10T14:45:00Z,LIGHT,Fitbit App
2025-08-10T14:46:00Z,LIGHT,Fitbit App
2025-08-10T14:47:00Z,LIGHT,Fitbit App
2025-08-10T14:48:00Z,LIGHT,Fitbit App
2025-08-10T14:49:00Z,LIGHT,Fitbit App
2025-08-10T14:50:00Z,LIGHT,Fitbit App
2025-08-10T14:51:00Z,LIGHT,Fitbit App
2025-08-10T14:52:00Z,LIGHT,Fitbit App
2025-08-10T14:53:00Z,LIGHT,Fitbit App
2025-08-10T14:54:00Z,LIGHT,Fitbit App
2025-08-10T14:55:00Z,LIGHT,Fitbit App
2025-08-10T14:56:00Z,LIGHT,Fitbit App
2025-08-10T14:57:00Z,LIGHT,Fitbit App
2025-08-10T14:58:00Z,LIGHT,Fitbit App
2025-08-10T14:59:00Z,LIGHT,Fitbit App
2025-08-10T15:00:00Z,LIGHT,Fitbit App
2025-08-10T15:01:00Z,LIGHT,Fitbit App
2025-08-10T15:02:00Z,LIGHT,Fitbit App
2025-08-10T15:03:00Z,LIGHT,Fitbit App
2025-08-10T15:04:00Z,LIGHT,Fitbit App
2025-08-10T15:05:00Z,LIGHT,Fitbit App
2025-08-10T15:06:00Z,LIGHT,Fitbit App
2025-08-10T15:07:00Z,LIGHT,Fitbit App
2025-08-10T15:08:00Z,LIGHT,Fitbit App
2025-08-10T15:09:00Z,LIGHT,Fitbit App
2025-08-10T15:10:00Z,LIGHT,Fitbit App
2025-08-10T15:11:00Z,LIGHT,Fitbit App
2025-08-10T15:12:00Z,LIGHT,Fitbit App
2025-08-10T15:13:00Z,LIGHT,Fitbit App
2025-08-10T15:14:00Z,LIGHT,Fitbit App
2025-08-10T15:15:00Z,LIGHT,Fitbit App
2025-08-10T15:16:00Z,LIGHT,Fitbit App
2025-08-10T15:17:00Z,LIGHT,Fitbit App
2025-08-10T15:18:00Z,LIGHT,Fitbit App
2025-08-10T15:19:00Z,LIGHT,Fitbit App
2025-08-10T15:20:00Z,LIGHT,Fitbit App
2025-08-10T15:21:00Z,LIGHT,Fitbit App
2025-08-10T15:22:00Z,LIGHT,Fitbit App
2025-08-10T15:23:00Z,LIGHT,Fitbit App
2025-08-10T15:24:00Z,LIGHT,Fitbit App
2025-08-10T15:25:00Z,LIGHT,Fitbit App
2025-08-10T15:26:00Z,LIGHT,Fitbit App
2025-08-10T15:27:00Z,LIGHT,Fitbit App
2025-08-10T15:28:00Z,LIGHT,Fitbit App
2025-08-10T15:29:00Z,LIGHT,Fitbit App
2025-08-10T15:30:00Z,LIGHT,Fitbit App
2025-08-10T15:31:00Z,LIGHT,Fitbit App
2025-08-10T15:32:00Z,LIGHT,Fitbit App
2025-08-10T15:33:00Z,LIGHT,Fitbit App
2025-08-10T15:34:00Z,LIGHT,Fitbit App
2025-08-10T15:35:00Z,LIGHT,Fitbit App
2025-08-10T15:36:00Z,LIGHT,Fitbit App
2025-08-10T15:37:00Z,LIGHT,Fitbit App
2025-08-10T15:38:00Z,LIGHT,Fitbit App
2025-08-10T15:39:00Z,LIGHT,Fitbit App
2025-08-10T15:40:00Z,LIGHT,Fitbit App
2025-08-10T15:41:00Z,LIGHT,Fitbit App
2025-08-10T15:42:00Z,LIGHT,Fitbit App
2025-08-10T15:43:00Z,LIGHT,Fitbit App
2025-08-10T15:44:00Z,LIGHT,Fitbit App
2025-08-10T15:45:00Z,LIGHT,Fitbit App
2025-08-10T15:46:00Z,LIGHT,Fitbit App
2025-08-10T15:47:00Z,LIGHT,Fitbit App
2025-08-10T15:48:00Z,LIGHT,Fitbit App
2025-08-10T15:49:00Z,LIGHT,Fitbit App
2025-08-10T15:50:00Z,LIGHT,Fitbit App
2025-08-10T15:51:00Z,LIGHT,Fitbit App
2025-08-10T15:52:00Z,LIGHT,Fitbit App
2025-08-10T15:53:00Z,LIGHT,Fitbit App
2025-08-10T15:54:00Z,LIGHT,Fitbit App
2025-08-10T15:55:00Z,LIGHT,Fitbit App
2025-08-10T15:56:00Z,LIGHT,Fitbit App
2025-08-10T15:57:00Z,LIGHT,Fitbit App
2025-08-10T15:58:00Z,LIGHT,Fitbit App
2025-08-10T15:59:00Z,LIGHT,Fitbit App
2025-08-10T16:00:00Z,LIGHT,Fitbit App
2025-08-10T16:01:00Z,LIGHT,Fitbit App
2025-08-10T16:02:00Z,LIGHT,Fitbit App
2025-08-10T16:03:00Z,LIGHT,Fitbit App
2025-08-10T16:04:00Z,LIGHT,Fitbit App
2025-08-10T16:05:00Z,LIGHT,Fitbit App
2025-08-10T16:06:00Z,LIGHT,Fitbit App
2025-08-10T16:07:00Z,LIGHT,Fitbit App
2025-08-10T16:08:00Z,LIGHT,Fitbit App
2025-08-10T16:09:00Z,LIGHT,Fitbit App
2025-08-10T16:10:00Z,LIGHT,Fitbit App
2025-08-10T16:11:00Z,LIGHT,Fitbit App
2025-08-10T16:12:00Z,LIGHT,Fitbit App
2025-08-10T16:13:00Z,LIGHT,Fitbit App
2025-08-10T16:14:00Z,LIGHT,Fitbit App
2025-08-10T16:15:00Z,LIGHT,Fitbit App
2025-08-10T16:16:00Z,LIGHT,Fitbit App
2025-08-10T16:17:00Z,LIGHT,Fitbit App
2025-08-10T16:18:00Z,LIGHT,Fitbit App
2025-08-10T16:19:00Z,LIGHT,Fitbit App
2025-08-10T16:20:00Z,LIGHT,Fitbit App
2025-08-10T16:21:00Z,LIGHT,Fitbit App
2025-08-10T16:22:00Z,LIGHT,Fitbit App
2025-08-10T16:23:00Z,MODERATE,Fitbit App
2025-08-10T16:24:00Z,LIGHT,Fitbit App
2025-08-10T16:25:00Z,LIGHT,Fitbit App
2025-08-10T16:26:00Z,VIGOROUS,Fitbit App
2025-08-10T16:27:00Z,VIGOROUS,Fitbit App
2025-08-10T16:28:00Z,MODERATE,Fitbit App
2025-08-10T16:50:00Z,LIGHT,Fitbit App
2025-08-10T16:51:00Z,LIGHT,Fitbit App
2025-08-10T16:52:00Z,LIGHT,Fitbit App
2025-08-10T16:53:00Z,LIGHT,Fitbit App
2025-08-10T16:54:00Z,LIGHT,Fitbit App
2025-08-10T16:55:00Z,LIGHT,Fitbit App
2025-08-10T16:56:00Z,LIGHT,Fitbit App
2025-08-10T16:57:00Z,LIGHT,Fitbit App
2025-08-10T16:58:00Z,LIGHT,Fitbit App
2025-08-10T16:59:00Z,LIGHT,Fitbit App
2025-08-10T17:00:00Z,LIGHT,Fitbit App
2025-08-10T17:01:00Z,LIGHT,Fitbit App
2025-08-10T17:02:00Z,LIGHT,Fitbit App
2025-08-10T17:03:00Z,LIGHT,Fitbit App
2025-08-10T17:04:00Z,LIGHT,Fitbit App
2025-08-10T17:05:00Z,LIGHT,Fitbit App
2025-08-10T17:06:00Z,LIGHT,Fitbit App
2025-08-10T17:07:00Z,LIGHT,Fitbit App
2025-08-10T17:08:00Z,LIGHT,Fitbit App
2025-08-10T17:09:00Z,LIGHT,Fitbit App
2025-08-10T17:10:00Z,LIGHT,Fitbit App
2025-08-10T17:11:00Z,LIGHT,Fitbit App
2025-08-10T17:12:00Z,LIGHT,Fitbit App
2025-08-10T17:13:00Z,LIGHT,Fitbit App
2025-08-10T17:14:00Z,LIGHT,Fitbit App
2025-08-10T17:15:00Z,LIGHT,Fitbit App
2025-08-10T17:16:00Z,LIGHT,Fitbit App
2025-08-10T17:17:00Z,LIGHT,Fitbit App
2025-08-10T17:18:00Z,LIGHT,Fitbit App
2025-08-10T17:19:00Z,LIGHT,Fitbit App
2025-08-10T17:20:00Z,LIGHT,Fitbit App
2025-08-10T17:21:00Z,LIGHT,Fitbit App
2025-08-10T17:22:00Z,LIGHT,Fitbit App
2025-08-10T17:23:00Z,LIGHT,Fitbit App
2025-08-10T17:24:00Z,LIGHT,Fitbit App
2025-08-10T17:25:00Z,LIGHT,Fitbit App
2025-08-10T17:26:00Z,LIGHT,Fitbit App
2025-08-10T17:27:00Z,LIGHT,Fitbit App
2025-08-10T17:28:00Z,LIGHT,Fitbit App
2025-08-10T17:29:00Z,LIGHT,Fitbit App
2025-08-10T17:30:00Z,LIGHT,Fitbit App
2025-08-10T17:31:00Z,LIGHT,Fitbit App
2025-08-10T17:32:00Z,LIGHT,Fitbit App
2025-08-10T17:33:00Z,LIGHT,Fitbit App
2025-08-10T17:34:00Z,LIGHT,Fitbit App
2025-08-10T17:35:00Z,LIGHT,Fitbit App
2025-08-10T17:36:00Z,LIGHT,Fitbit App
2025-08-10T17:37:00Z,LIGHT,Fitbit App
2025-08-10T17:38:00Z,LIGHT,Fitbit App
2025-08-10T17:39:00Z,LIGHT,Fitbit App
2025-08-10T17:40:00Z,LIGHT,Fitbit App
2025-08-10T17:41:00Z,LIGHT,Fitbit App
2025-08-10T17:42:00Z,LIGHT,Fitbit App
2025-08-10T17:43:00Z,LIGHT,Fitbit App
2025-08-10T17:44:00Z,LIGHT,Fitbit App
2025-08-10T17:45:00Z,LIGHT,Fitbit App
2025-08-10T17:46:00Z,LIGHT,Fitbit App
2025-08-10T17:47:00Z,LIGHT,Fitbit App
2025-08-10T17:48:00Z,LIGHT,Fitbit App
2025-08-10T17:49:00Z,LIGHT,Fitbit App
2025-08-10T17:50:00Z,LIGHT,Fitbit App
2025-08-10T17:51:00Z,LIGHT,Fitbit App
2025-08-10T17:52:00Z,LIGHT,Fitbit App
2025-08-10T17:53:00Z,LIGHT,Fitbit App
2025-08-10T17:54:00Z,LIGHT,Fitbit App
2025-08-10T17:55:00Z,LIGHT,Fitbit App
2025-08-10T17:56:00Z,LIGHT,Fitbit App
2025-08-10T17:57:00Z,LIGHT,Fitbit App
2025-08-10T17:58:00Z,LIGHT,Fitbit App
2025-08-10T17:59:00Z,LIGHT,Fitbit App
2025-08-10T18:00:00Z,LIGHT,Fitbit App
2025-08-10T18:01:00Z,LIGHT,Fitbit App
2025-08-10T18:02:00Z,LIGHT,Fitbit App
2025-08-10T18:03:00Z,LIGHT,Fitbit App
2025-08-10T18:04:00Z,LIGHT,Fitbit App
2025-08-10T18:05:00Z,LIGHT,Fitbit App
2025-08-10T18:06:00Z,LIGHT,Fitbit App
2025-08-10T18:07:00Z,LIGHT,Fitbit App
2025-08-10T18:08:00Z,LIGHT,Fitbit App
2025-08-10T18:09:00Z,LIGHT,Fitbit App
2025-08-10T18:10:00Z,LIGHT,Fitbit App
2025-08-10T18:11:00Z,LIGHT,Fitbit App
2025-08-10T18:12:00Z,LIGHT,Fitbit App
2025-08-10T18:13:00Z,LIGHT,Fitbit App
2025-08-10T18:14:00Z,LIGHT,Fitbit App
2025-08-10T18:15:00Z,LIGHT,Fitbit App
2025-08-10T18:16:00Z,LIGHT,Fitbit App
2025-08-10T18:17:00Z,MODERATE,Fitbit App
2025-08-10T18:18:00Z,LIGHT,Fitbit App
2025-08-10T18:19:00Z,LIGHT,Fitbit App
2025-08-10T18:20:00Z,LIGHT,Fitbit App
2025-08-10T18:21:00Z,LIGHT,Fitbit App
2025-08-10T18:22:00Z,LIGHT,Fitbit App
2025-08-10T18:23:00Z,LIGHT,Fitbit App
2025-08-10T18:24:00Z,LIGHT,Fitbit App
2025-08-10T18:25:00Z,LIGHT,Fitbit App
2025-08-10T18:26:00Z,LIGHT,Fitbit App
2025-08-10T18:27:00Z,LIGHT,Fitbit App
2025-08-10T18:28:00Z,LIGHT,Fitbit App
2025-08-10T18:29:00Z,LIGHT,Fitbit App
2025-08-10T18:30:00Z,LIGHT,Fitbit App
2025-08-10T18:31:00Z,LIGHT,Fitbit App
2025-08-10T18:32:00Z,LIGHT,Fitbit App
2025-08-10T18:33:00Z,LIGHT,Fitbit App
2025-08-10T18:34:00Z,LIGHT,Fitbit App
2025-08-10T18:35:00Z,LIGHT,Fitbit App
2025-08-10T18:36:00Z,LIGHT,Fitbit App
2025-08-10T18:37:00Z,LIGHT,Fitbit App
2025-08-10T18:38:00Z,LIGHT,Fitbit App
2025-08-10T18:39:00Z,LIGHT,Fitbit App
2025-08-10T18:40:00Z,LIGHT,Fitbit App
2025-08-10T18:41:00Z,LIGHT,Fitbit App
2025-08-10T18:42:00Z,LIGHT,Fitbit App
2025-08-10T18:43:00Z,LIGHT,Fitbit App
2025-08-10T18:44:00Z,LIGHT,Fitbit App
2025-08-10T18:45:00Z,LIGHT,Fitbit App
2025-08-10T18:46:00Z,LIGHT,Fitbit App
2025-08-10T18:47:00Z,LIGHT,Fitbit App
2025-08-10T18:48:00Z,LIGHT,Fitbit App
2025-08-10T18:49:00Z,LIGHT,Fitbit App
2025-08-10T18:50:00Z,LIGHT,Fitbit App
2025-08-10T18:51:00Z,LIGHT,Fitbit App
2025-08-10T18:52:00Z,LIGHT,Fitbit App
2025-08-10T18:53:00Z,LIGHT,Fitbit App
2025-08-10T18:54:00Z,LIGHT,Fitbit App
2025-08-10T18:55:00Z,LIGHT,Fitbit App
2025-08-10T18:56:00Z,LIGHT,Fitbit App
2025-08-10T18:57:00Z,LIGHT,Fitbit App
2025-08-10T18:58:00Z,LIGHT,Fitbit App
2025-08-10T18:59:00Z,LIGHT,Fitbit App
2025-08-10T19:00:00Z,LIGHT,Fitbit App
2025-08-10T19:01:00Z,LIGHT,Fitbit App
2025-08-10T19:02:00Z,LIGHT,Fitbit App
2025-08-10T19:03:00Z,LIGHT,Fitbit App
2025-08-10T19:04:00Z,LIGHT,Fitbit App
2025-08-10T19:05:00Z,LIGHT,Fitbit App
2025-08-10T19:06:00Z,LIGHT,Fitbit App
2025-08-10T19:07:00Z,LIGHT,Fitbit App
2025-08-10T19:08:00Z,LIGHT,Fitbit App
2025-08-10T19:09:00Z,LIGHT,Fitbit App
2025-08-10T19:10:00Z,LIGHT,Fitbit App
2025-08-10T19:11:00Z,LIGHT,Fitbit App
2025-08-10T19:12:00Z,LIGHT,Fitbit App
2025-08-10T19:13:00Z,LIGHT,Fitbit App
2025-08-10T19:14:00Z,LIGHT,Fitbit App
2025-08-10T19:15:00Z,LIGHT,Fitbit App
2025-08-10T19:16:00Z,LIGHT,Fitbit App
2025-08-10T19:17:00Z,LIGHT,Fitbit App
2025-08-10T19:18:00Z,LIGHT,Fitbit App
2025-08-10T19:19:00Z,LIGHT,Fitbit App
2025-08-10T19:20:00Z,LIGHT,Fitbit App
2025-08-10T19:21:00Z,LIGHT,Fitbit App
2025-08-10T19:22:00Z,LIGHT,Fitbit App
2025-08-10T19:23:00Z,LIGHT,Fitbit App
2025-08-10T19:24:00Z,LIGHT,Fitbit App
2025-08-10T19:25:00Z,LIGHT,Fitbit App
2025-08-10T19:26:00Z,LIGHT,Fitbit App
2025-08-10T19:27:00Z,LIGHT,Fitbit App
2025-08-10T19:28:00Z,LIGHT,Fitbit App
2025-08-10T19:29:00Z,LIGHT,Fitbit App
2025-08-10T19:30:00Z,LIGHT,Fitbit App
2025-08-10T19:31:00Z,LIGHT,Fitbit App
2025-08-10T19:32:00Z,LIGHT,Fitbit App
2025-08-10T19:33:00Z,LIGHT,Fitbit App
2025-08-10T19:34:00Z,LIGHT,Fitbit App
2025-08-10T19:35:00Z,LIGHT,Fitbit App
2025-08-10T19:36:00Z,LIGHT,Fitbit App
2025-08-10T19:37:00Z,LIGHT,Fitbit App
2025-08-10T19:38:00Z,LIGHT,Fitbit App
2025-08-10T19:39:00Z,LIGHT,Fitbit App
2025-08-10T19:40:00Z,LIGHT,Fitbit App
2025-08-10T19:41:00Z,LIGHT,Fitbit App
2025-08-10T19:42:00Z,LIGHT,Fitbit App
2025-08-10T19:43:00Z,LIGHT,Fitbit App
2025-08-10T19:44:00Z,LIGHT,Fitbit App
2025-08-10T19:45:00Z,LIGHT,Fitbit App
2025-08-10T19:46:00Z,LIGHT,Fitbit App
2025-08-10T19:47:00Z,LIGHT,Fitbit App
2025-08-10T19:48:00Z,LIGHT,Fitbit App
2025-08-10T19:49:00Z,LIGHT,Fitbit App
2025-08-10T19:50:00Z,LIGHT,Fitbit App
2025-08-10T19:51:00Z,LIGHT,Fitbit App
2025-08-10T19:52:00Z,LIGHT,Fitbit App
2025-08-10T19:53:00Z,LIGHT,Fitbit App
2025-08-10T19:54:00Z,LIGHT,Fitbit App
2025-08-10T19:55:00Z,LIGHT,Fitbit App
2025-08-10T19:56:00Z,LIGHT,Fitbit App
2025-08-10T19:57:00Z,LIGHT,Fitbit App
2025-08-10T19:58:00Z,LIGHT,Fitbit App
2025-08-10T19:59:00Z,LIGHT,Fitbit App
2025-08-10T20:00:00Z,LIGHT,Fitbit App
2025-08-10T20:01:00Z,LIGHT,Fitbit App
2025-08-10T20:02:00Z,LIGHT,Fitbit App
2025-08-10T20:03:00Z,LIGHT,Fitbit App
2025-08-10T20:04:00Z,LIGHT,Fitbit App
2025-08-10T20:05:00Z,LIGHT,Fitbit App
2025-08-10T20:06:00Z,LIGHT,Fitbit App
2025-08-10T20:07:00Z,LIGHT,Fitbit App
2025-08-10T20:08:00Z,LIGHT,Fitbit App
2025-08-10T20:09:00Z,LIGHT,Fitbit App
2025-08-10T20:10:00Z,LIGHT,Fitbit App
2025-08-10T20:11:00Z,LIGHT,Fitbit App
2025-08-10T20:12:00Z,LIGHT,Fitbit App
2025-08-10T20:13:00Z,LIGHT,Fitbit App
2025-08-10T20:14:00Z,MODERATE,Fitbit App
2025-08-10T20:15:00Z,LIGHT,Fitbit App
2025-08-10T20:16:00Z,LIGHT,Fitbit App
2025-08-10T20:17:00Z,LIGHT,Fitbit App
2025-08-10T20:18:00Z,LIGHT,Fitbit App
2025-08-10T20:19:00Z,LIGHT,Fitbit App
2025-08-10T20:20:00Z,LIGHT,Fitbit App
2025-08-10T20:21:00Z,LIGHT,Fitbit App
2025-08-10T20:22:00Z,LIGHT,Fitbit App
2025-08-10T20:23:00Z,LIGHT,Fitbit App
2025-08-10T20:24:00Z,LIGHT,Fitbit App
2025-08-10T20:25:00Z,LIGHT,Fitbit App
2025-08-10T20:26:00Z,LIGHT,Fitbit App
2025-08-10T20:27:00Z,LIGHT,Fitbit App
2025-08-10T20:28:00Z,LIGHT,Fitbit App
2025-08-10T20:29:00Z,LIGHT,Fitbit App
2025-08-10T20:30:00Z,LIGHT,Fitbit App
2025-08-10T20:31:00Z,LIGHT,Fitbit App
2025-08-10T20:32:00Z,LIGHT,Fitbit App
2025-08-10T20:33:00Z,LIGHT,Fitbit App
2025-08-10T20:34:00Z,LIGHT,Fitbit App
2025-08-10T20:35:00Z,LIGHT,Fitbit App
2025-08-10T20:36:00Z,LIGHT,Fitbit App
2025-08-10T20:37:00Z,LIGHT,Fitbit App
2025-08-10T20:38:00Z,LIGHT,Fitbit App
2025-08-10T20:39:00Z,LIGHT,Fitbit App
2025-08-10T20:40:00Z,LIGHT,Fitbit App
2025-08-10T20:41:00Z,MODERATE,Fitbit App
2025-08-10T20:42:00Z,MODERATE,Fitbit App
2025-08-10T20:43:00Z,LIGHT,Fitbit App
2025-08-10T20:44:00Z,LIGHT,Fitbit App
2025-08-10T20:45:00Z,LIGHT,Fitbit App
2025-08-10T20:46:00Z,LIGHT,Fitbit App
2025-08-10T20:47:00Z,LIGHT,Fitbit App
2025-08-10T20:48:00Z,LIGHT,Fitbit App
2025-08-10T20:49:00Z,LIGHT,Fitbit App
2025-08-10T20:50:00Z,LIGHT,Fitbit App
2025-08-10T20:51:00Z,LIGHT,Fitbit App
2025-08-10T20:52:00Z,LIGHT,Fitbit App
2025-08-10T20:53:00Z,LIGHT,Fitbit App
2025-08-10T20:54:00Z,MODERATE,Fitbit App
2025-08-10T20:55:00Z,MODERATE,Fitbit App
2025-08-10T20:56:00Z,MODERATE,Fitbit App
2025-08-10T20:57:00Z,MODERATE,Fitbit App
2025-08-10T20:58:00Z,LIGHT,Fitbit App
2025-08-10T20:59:00Z,LIGHT,Fitbit App
2025-08-10T21:00:00Z,LIGHT,Fitbit App
2025-08-10T21:01:00Z,LIGHT,Fitbit App
2025-08-10T21:02:00Z,LIGHT,Fitbit App
2025-08-10T21:03:00Z,LIGHT,Fitbit App
2025-08-10T21:04:00Z,LIGHT,Fitbit App
2025-08-10T21:05:00Z,LIGHT,Fitbit App
2025-08-10T21:06:00Z,LIGHT,Fitbit App
2025-08-10T21:07:00Z,LIGHT,Fitbit App
2025-08-10T21:08:00Z,LIGHT,Fitbit App
2025-08-10T21:09:00Z,LIGHT,Fitbit App
2025-08-10T21:10:00Z,LIGHT,Fitbit App
2025-08-10T21:11:00Z,LIGHT,Fitbit App
2025-08-10T21:12:00Z,LIGHT,Fitbit App
2025-08-10T21:13:00Z,LIGHT,Fitbit App
2025-08-10T21:14:00Z,LIGHT,Fitbit App
2025-08-10T21:15:00Z,LIGHT,Fitbit App
2025-08-10T21:16:00Z,LIGHT,Fitbit App
2025-08-10T21:17:00Z,LIGHT,Fitbit App
2025-08-10T21:18:00Z,MODERATE,Fitbit App
2025-08-10T21:19:00Z,LIGHT,Fitbit App
2025-08-10T21:20:00Z,LIGHT,Fitbit App
2025-08-10T21:21:00Z,LIGHT,Fitbit App
2025-08-10T21:22:00Z,LIGHT,Fitbit App
2025-08-10T21:23:00Z,LIGHT,Fitbit App
2025-08-10T21:24:00Z,LIGHT,Fitbit App
2025-08-10T21:25:00Z,LIGHT,Fitbit App
2025-08-10T21:26:00Z,LIGHT,Fitbit App
2025-08-10T21:27:00Z,LIGHT,Fitbit App
2025-08-10T21:28:00Z,LIGHT,Fitbit App
2025-08-10T21:29:00Z,LIGHT,Fitbit App
2025-08-10T21:30:00Z,LIGHT,Fitbit App
2025-08-10T21:31:00Z,LIGHT,Fitbit App
2025-08-10T21:32:00Z,MODERATE,Fitbit App
2025-08-10T21:33:00Z,MODERATE,Fitbit App
2025-08-10T21:34:00Z,MODERATE,Fitbit App
2025-08-10T21:35:00Z,LIGHT,Fitbit App
2025-08-10T21:36:00Z,LIGHT,Fitbit App
2025-08-10T21:37:00Z,LIGHT,Fitbit App
2025-08-10T21:38:00Z,LIGHT,Fitbit App
2025-08-10T21:39:00Z,LIGHT,Fitbit App
2025-08-10T21:40:00Z,LIGHT,Fitbit App
2025-08-10T21:41:00Z,LIGHT,Fitbit App
2025-08-10T21:42:00Z,LIGHT,Fitbit App
2025-08-10T21:43:00Z,LIGHT,Fitbit App
2025-08-10T21:44:00Z,MODERATE,Fitbit App
2025-08-10T21:45:00Z,MODERATE,Fitbit App
2025-08-10T21:46:00Z,MODERATE,Fitbit App
2025-08-10T21:47:00Z,MODERATE,Fitbit App
2025-08-10T21:48:00Z,MODERATE,Fitbit App
2025-08-10T21:49:00Z,LIGHT,Fitbit App
2025-08-10T21:50:00Z,LIGHT,Fitbit App
2025-08-10T21:51:00Z,LIGHT,Fitbit App
2025-08-10T21:52:00Z,MODERATE,Fitbit App
2025-08-10T21:53:00Z,MODERATE,Fitbit App
2025-08-10T21:54:00Z,MODERATE,Fitbit App
2025-08-10T21:55:00Z,MODERATE,Fitbit App
2025-08-10T21:56:00Z,LIGHT,Fitbit App
2025-08-10T21:57:00Z,MODERATE,Fitbit App
2025-08-10T21:58:00Z,MODERATE,Fitbit App
2025-08-10T21:59:00Z,MODERATE,Fitbit App
2025-08-10T22:00:00Z,MODERATE,Fitbit App
2025-08-10T22:01:00Z,MODERATE,Fitbit App
2025-08-10T22:02:00Z,LIGHT,Fitbit App
2025-08-10T22:03:00Z,MODERATE,Fitbit App
2025-08-10T22:04:00Z,MODERATE,Fitbit App
2025-08-10T22:05:00Z,MODERATE,Fitbit App
2025-08-10T22:06:00Z,MODERATE,Fitbit App
2025-08-10T22:07:00Z,MODERATE,Fitbit App
2025-08-10T22:08:00Z,MODERATE,Fitbit App
2025-08-10T22:09:00Z,MODERATE,Fitbit App
2025-08-10T22:10:00Z,MODERATE,Fitbit App
2025-08-10T22:11:00Z,MODERATE,Fitbit App
2025-08-10T22:12:00Z,MODERATE,Fitbit App
2025-08-10T22:13:00Z,MODERATE,Fitbit App
2025-08-10T22:14:00Z,MODERATE,Fitbit App
2025-08-10T22:15:00Z,MODERATE,Fitbit App
2025-08-10T22:16:00Z,MODERATE,Fitbit App
2025-08-10T22:17:00Z,MODERATE,Fitbit App
2025-08-10T22:18:00Z,MODERATE,Fitbit App
2025-08-10T22:19:00Z,MODERATE,Fitbit App
2025-08-10T22:20:00Z,MODERATE,Fitbit App
2025-08-10T22:21:00Z,MODERATE,Fitbit App
2025-08-10T22:22:00Z,MODERATE,Fitbit App
2025-08-10T22:23:00Z,MODERATE,Fitbit App
2025-08-10T22:24:00Z,MODERATE,Fitbit App
2025-08-10T22:25:00Z,MODERATE,Fitbit App
2025-08-10T22:26:00Z,MODERATE,Fitbit App
2025-08-10T22:27:00Z,MODERATE,Fitbit App
2025-08-10T22:28:00Z,MODERATE,Fitbit App
2025-08-10T22:29:00Z,MODERATE,Fitbit App
2025-08-10T22:30:00Z,MODERATE,Fitbit App
2025-08-10T22:31:00Z,MODERATE,Fitbit App
2025-08-10T22:32:00Z,MODERATE,Fitbit App
2025-08-10T22:33:00Z,MODERATE,Fitbit App
2025-08-10T22:34:00Z,MODERATE,Fitbit App
2025-08-10T22:35:00Z,MODERATE,Fitbit App
2025-08-10T22:36:00Z,MODERATE,Fitbit App
2025-08-10T22:37:00Z,MODERATE,Fitbit App
2025-08-10T22:38:00Z,MODERATE,Fitbit App
2025-08-10T22:39:00Z,MODERATE,Fitbit App
2025-08-10T22:40:00Z,MODERATE,Fitbit App
2025-08-10T22:41:00Z,MODERATE,Fitbit App
2025-08-10T22:42:00Z,VIGOROUS,Fitbit App
2025-08-10T22:43:00Z,MODERATE,Fitbit App
2025-08-10T22:44:00Z,MODERATE,Fitbit App
2025-08-10T22:45:00Z,MODERATE,Fitbit App
2025-08-10T22:46:00Z,VIGOROUS,Fitbit App
2025-08-10T22:47:00Z,MODERATE,Fitbit App
2025-08-10T22:48:00Z,MODERATE,Fitbit App
2025-08-10T22:49:00Z,MODERATE,Fitbit App
2025-08-10T22:50:00Z,MODERATE,Fitbit App
2025-08-10T22:51:00Z,MODERATE,Fitbit App
2025-08-10T22:52:00Z,MODERATE,Fitbit App
2025-08-10T22:53:00Z,MODERATE,Fitbit App
2025-08-10T22:54:00Z,MODERATE,Fitbit App
2025-08-10T22:55:00Z,MODERATE,Fitbit App
2025-08-10T22:56:00Z,MODERATE,Fitbit App
2025-08-10T22:57:00Z,MODERATE,Fitbit App
2025-08-10T22:58:00Z,MODERATE,Fitbit App
2025-08-10T22:59:00Z,MODERATE,Fitbit App
2025-08-10T23:00:00Z,MODERATE,Fitbit App
2025-08-10T23:01:00Z,MODERATE,Fitbit App
2025-08-10T23:02:00Z,MODERATE,Fitbit App
2025-08-10T23:03:00Z,MODERATE,Fitbit App
2025-08-10T23:04:00Z,MODERATE,Fitbit App
2025-08-10T23:05:00Z,MODERATE,Fitbit App
2025-08-10T23:06:00Z,MODERATE,Fitbit App
2025-08-10T23:07:00Z,MODERATE,Fitbit App
2025-08-10T23:08:00Z,MODERATE,Fitbit App
2025-08-10T23:09:00Z,MODERATE,Fitbit App
2025-08-10T23:10:00Z,MODERATE,Fitbit App
2025-08-10T23:11:00Z,MODERATE,Fitbit App
2025-08-10T23:12:00Z,MODERATE,Fitbit App
2025-08-10T23:13:00Z,MODERATE,Fitbit App
2025-08-10T23:14:00Z,MODERATE,Fitbit App
2025-08-10T23:15:00Z,MODERATE,Fitbit App
2025-08-10T23:16:00Z,MODERATE,Fitbit App
2025-08-10T23:17:00Z,MODERATE,Fitbit App
2025-08-10T23:18:00Z,MODERATE,Fitbit App
2025-08-10T23:19:00Z,MODERATE,Fitbit App
2025-08-10T23:20:00Z,MODERATE,Fitbit App
2025-08-10T23:21:00Z,MODERATE,Fitbit App
2025-08-10T23:22:00Z,MODERATE,Fitbit App
2025-08-10T23:23:00Z,MODERATE,Fitbit App
2025-08-10T23:24:00Z,MODERATE,Fitbit App
2025-08-10T23:25:00Z,MODERATE,Fitbit App
2025-08-10T23:26:00Z,MODERATE,Fitbit App
2025-08-10T23:27:00Z,MODERATE,Fitbit App
2025-08-10T23:28:00Z,MODERATE,Fitbit App
2025-08-10T23:29:00Z,MODERATE,Fitbit App
2025-08-10T23:30:00Z,MODERATE,Fitbit App
2025-08-10T23:31:00Z,MODERATE,Fitbit App
2025-08-10T23:32:00Z,MODERATE,Fitbit App
2025-08-10T23:33:00Z,MODERATE,Fitbit App
2025-08-10T23:34:00Z,MODERATE,Fitbit App
2025-08-10T23:35:00Z,MODERATE,Fitbit App
2025-08-10T23:36:00Z,MODERATE,Fitbit App
2025-08-10T23:37:00Z,MODERATE,Fitbit App
2025-08-10T23:38:00Z,MODERATE,Fitbit App
2025-08-10T23:39:00Z,MODERATE,Fitbit App
2025-08-10T23:40:00Z,MODERATE,Fitbit App
2025-08-10T23:41:00Z,MODERATE,Fitbit App
2025-08-10T23:42:00Z,MODERATE,Fitbit App
2025-08-10T23:43:00Z,MODERATE,Fitbit App
2025-08-10T23:44:00Z,MODERATE,Fitbit App
2025-08-10T23:45:00Z,MODERATE,Fitbit App
2025-08-10T23:46:00Z,MODERATE,Fitbit App
2025-08-10T23:47:00Z,MODERATE,Fitbit App
2025-08-10T23:48:00Z,MODERATE,Fitbit App
2025-08-10T23:49:00Z,MODERATE,Fitbit App
2025-08-10T23:50:00Z,MODERATE,Fitbit App
2025-08-10T23:51:00Z,MODERATE,Fitbit App
2025-08-10T23:52:00Z,MODERATE,Fitbit App
2025-08-10T23:53:00Z,MODERATE,Fitbit App
2025-08-10T23:54:00Z,MODERATE,Fitbit App
2025-08-10T23:55:00Z,MODERATE,Fitbit App
2025-08-10T23:56:00Z,MODERATE,Fitbit App
2025-08-10T23:57:00Z,MODERATE,Fitbit App
2025-08-10T23:58:00Z,MODERATE,Fitbit App
2025-08-10T23:59:00Z,MODERATE,Fitbit App
2025-08-11T00:00:00Z,MODERATE,Fitbit App
2025-08-11T00:01:00Z,MODERATE,Fitbit App
2025-08-11T00:02:00Z,MODERATE,Fitbit App
2025-08-11T00:03:00Z,MODERATE,Fitbit App
2025-08-11T00:04:00Z,MODERATE,Fitbit App
2025-08-11T00:05:00Z,MODERATE,Fitbit App
2025-08-11T00:06:00Z,MODERATE,Fitbit App
2025-08-11T00:07:00Z,MODERATE,Fitbit App
2025-08-11T00:08:00Z,MODERATE,Fitbit App
2025-08-11T00:09:00Z,MODERATE,Fitbit App
2025-08-11T00:10:00Z,MODERATE,Fitbit App
2025-08-11T00:11:00Z,MODERATE,Fitbit App
2025-08-11T00:12:00Z,MODERATE,Fitbit App
2025-08-11T00:13:00Z,MODERATE,Fitbit App
2025-08-11T00:14:00Z,MODERATE,Fitbit App
2025-08-11T00:15:00Z,MODERATE,Fitbit App
2025-08-11T00:16:00Z,MODERATE,Fitbit App
2025-08-11T00:17:00Z,MODERATE,Fitbit App
2025-08-11T00:18:00Z,MODERATE,Fitbit App
2025-08-11T00:19:00Z,MODERATE,Fitbit App
2025-08-11T00:20:00Z,MODERATE,Fitbit App
2025-08-11T00:21:00Z,MODERATE,Fitbit App
2025-08-11T00:22:00Z,MODERATE,Fitbit App
2025-08-11T00:23:00Z,MODERATE,Fitbit App
2025-08-11T00:24:00Z,MODERATE,Fitbit App
2025-08-11T00:25:00Z,MODERATE,Fitbit App
2025-08-11T00:26:00Z,MODERATE,Fitbit App
2025-08-11T00:27:00Z,MODERATE,Fitbit App
2025-08-11T00:28:00Z,MODERATE,Fitbit App
2025-08-11T00:29:00Z,MODERATE,Fitbit App
2025-08-11T00:30:00Z,MODERATE,Fitbit App
2025-08-11T00:31:00Z,MODERATE,Fitbit App
2025-08-11T00:32:00Z,MODERATE,Fitbit App
2025-08-11T00:33:00Z,MODERATE,Fitbit App
2025-08-11T00:34:00Z,MODERATE,Fitbit App
2025-08-11T00:35:00Z,MODERATE,Fitbit App
2025-08-11T00:36:00Z,MODERATE,Fitbit App
2025-08-11T00:37:00Z,MODERATE,Fitbit App
2025-08-11T00:38:00Z,MODERATE,Fitbit App
2025-08-11T00:39:00Z,MODERATE,Fitbit App
2025-08-11T00:40:00Z,MODERATE,Fitbit App
2025-08-11T00:41:00Z,MODERATE,Fitbit App
2025-08-11T00:42:00Z,MODERATE,Fitbit App
2025-08-11T00:43:00Z,MODERATE,Fitbit App
2025-08-11T00:44:00Z,MODERATE,Fitbit App
2025-08-11T00:45:00Z,MODERATE,Fitbit App
2025-08-11T00:46:00Z,MODERATE,Fitbit App
2025-08-11T00:47:00Z,MODERATE,Fitbit App
2025-08-11T00:48:00Z,MODERATE,Fitbit App
2025-08-11T00:49:00Z,MODERATE,Fitbit App
2025-08-11T00:50:00Z,MODERATE,Fitbit App
2025-08-11T00:51:00Z,MODERATE,Fitbit App
2025-08-11T00:52:00Z,MODERATE,Fitbit App
2025-08-11T00:53:00Z,MODERATE,Fitbit App
2025-08-11T00:54:00Z,VIGOROUS,Fitbit App
2025-08-11T00:55:00Z,MODERATE,Fitbit App
2025-08-11T00:56:00Z,MODERATE,Fitbit App
2025-08-11T00:57:00Z,MODERATE,Fitbit App
2025-08-11T00:58:00Z,LIGHT,Fitbit App
2025-08-11T00:59:00Z,LIGHT,Fitbit App
2025-08-11T01:00:00Z,MODERATE,Fitbit App
2025-08-11T01:01:00Z,MODERATE,Fitbit App
2025-08-11T01:02:00Z,MODERATE,Fitbit App
2025-08-11T01:03:00Z,MODERATE,Fitbit App
2025-08-11T01:04:00Z,MODERATE,Fitbit App
2025-08-11T01:05:00Z,MODERATE,Fitbit App
2025-08-11T01:06:00Z,MODERATE,Fitbit App
2025-08-11T01:07:00Z,MODERATE,Fitbit App
2025-08-11T01:08:00Z,MODERATE,Fitbit App
2025-08-11T01:09:00Z,MODERATE,Fitbit App
2025-08-11T01:10:00Z,MODERATE,Fitbit App
2025-08-11T05:36:00Z,LIGHT,Fitbit App
2025-08-11T05:37:00Z,LIGHT,Fitbit App
2025-08-11T08:33:00Z,LIGHT,Fitbit App
2025-08-11T08:34:00Z,LIGHT,Fitbit App
2025-08-11T09:32:00Z,LIGHT,Fitbit App
2025-08-11T09:33:00Z,LIGHT,Fitbit App
2025-08-11T09:34:00Z,LIGHT,Fitbit App
2025-08-11T09:35:00Z,LIGHT,Fitbit App
2025-08-11T09:39:00Z,LIGHT,Fitbit App
2025-08-11T09:40:00Z,LIGHT,Fitbit App
2025-08-11T09:41:00Z,LIGHT,Fitbit App
2025-08-11T10:03:00Z,LIGHT,Fitbit App
2025-08-11T10:04:00Z,LIGHT,Fitbit App
2025-08-11T10:05:00Z,LIGHT,Fitbit App
2025-08-11T10:06:00Z,LIGHT,Fitbit App
2025-08-11T10:07:00Z,LIGHT,Fitbit App
2025-08-11T10:08:00Z,LIGHT,Fitbit App
2025-08-11T10:09:00Z,LIGHT,Fitbit App
2025-08-11T10:10:00Z,LIGHT,Fitbit App
2025-08-11T10:11:00Z,LIGHT,Fitbit App
2025-08-11T10:12:00Z,LIGHT,Fitbit App
2025-08-11T10:13:00Z,LIGHT,Fitbit App
2025-08-11T10:14:00Z,LIGHT,Fitbit App
2025-08-11T10:15:00Z,LIGHT,Fitbit App
2025-08-11T10:16:00Z,LIGHT,Fitbit App
2025-08-11T10:17:00Z,LIGHT,Fitbit App
2025-08-11T10:18:00Z,LIGHT,Fitbit App
2025-08-11T10:19:00Z,LIGHT,Fitbit App
2025-08-11T10:20:00Z,LIGHT,Fitbit App
2025-08-11T10:21:00Z,LIGHT,Fitbit App
2025-08-11T10:22:00Z,LIGHT,Fitbit App
2025-08-11T10:23:00Z,LIGHT,Fitbit App
2025-08-11T10:24:00Z,LIGHT,Fitbit App
2025-08-11T10:25:00Z,LIGHT,Fitbit App
2025-08-11T10:26:00Z,LIGHT,Fitbit App
2025-08-11T10:27:00Z,LIGHT,Fitbit App
2025-08-11T10:28:00Z,LIGHT,Fitbit App
2025-08-11T10:29:00Z,LIGHT,Fitbit App
2025-08-11T10:30:00Z,LIGHT,Fitbit App
2025-08-11T10:31:00Z,LIGHT,Fitbit App
2025-08-11T10:32:00Z,LIGHT,Fitbit App
2025-08-11T10:33:00Z,LIGHT,Fitbit App
2025-08-11T10:34:00Z,LIGHT,Fitbit App
2025-08-11T10:35:00Z,LIGHT,Fitbit App
2025-08-11T10:36:00Z,LIGHT,Fitbit App
2025-08-11T10:37:00Z,LIGHT,Fitbit App
2025-08-11T10:38:00Z,LIGHT,Fitbit App
2025-08-11T10:39:00Z,LIGHT,Fitbit App
2025-08-11T10:40:00Z,LIGHT,Fitbit App
2025-08-11T10:41:00Z,LIGHT,Fitbit App
2025-08-11T10:42:00Z,LIGHT,Fitbit App
2025-08-11T10:43:00Z,LIGHT,Fitbit App
2025-08-11T10:44:00Z,LIGHT,Fitbit App
2025-08-11T10:45:00Z,LIGHT,Fitbit App
2025-08-11T10:46:00Z,LIGHT,Fitbit App
2025-08-11T10:47:00Z,LIGHT,Fitbit App
2025-08-11T10:48:00Z,LIGHT,Fitbit App
2025-08-11T10:49:00Z,LIGHT,Fitbit App
2025-08-11T10:50:00Z,LIGHT,Fitbit App
2025-08-11T10:51:00Z,LIGHT,Fitbit App
2025-08-11T10:52:00Z,LIGHT,Fitbit App
2025-08-11T10:53:00Z,LIGHT,Fitbit App
2025-08-11T10:54:00Z,LIGHT,Fitbit App
2025-08-11T10:55:00Z,LIGHT,Fitbit App
2025-08-11T10:56:00Z,LIGHT,Fitbit App
2025-08-11T10:57:00Z,LIGHT,Fitbit App
2025-08-11T10:58:00Z,LIGHT,Fitbit App
2025-08-11T10:59:00Z,LIGHT,Fitbit App
2025-08-11T11:00:00Z,LIGHT,Fitbit App
2025-08-11T11:01:00Z,LIGHT,Fitbit App
2025-08-11T11:02:00Z,LIGHT,Fitbit App
2025-08-11T11:03:00Z,LIGHT,Fitbit App
2025-08-11T11:04:00Z,LIGHT,Fitbit App
2025-08-11T11:05:00Z,LIGHT,Fitbit App
2025-08-11T11:06:00Z,LIGHT,Fitbit App
2025-08-11T11:07:00Z,LIGHT,Fitbit App
2025-08-11T11:08:00Z,LIGHT,Fitbit App
2025-08-11T11:09:00Z,LIGHT,Fitbit App
2025-08-11T11:10:00Z,LIGHT,Fitbit App
2025-08-11T11:11:00Z,LIGHT,Fitbit App
2025-08-11T11:12:00Z,LIGHT,Fitbit App
2025-08-11T11:13:00Z,LIGHT,Fitbit App
2025-08-11T11:14:00Z,LIGHT,Fitbit App
2025-08-11T11:15:00Z,LIGHT,Fitbit App
2025-08-11T11:16:00Z,LIGHT,Fitbit App
2025-08-11T11:17:00Z,LIGHT,Fitbit App
2025-08-11T11:18:00Z,LIGHT,Fitbit App
2025-08-11T11:19:00Z,LIGHT,Fitbit App
2025-08-11T11:20:00Z,LIGHT,Fitbit App
2025-08-11T11:21:00Z,LIGHT,Fitbit App
2025-08-11T11:22:00Z,LIGHT,Fitbit App
2025-08-11T11:23:00Z,LIGHT,Fitbit App
2025-08-11T11:24:00Z,LIGHT,Fitbit App
2025-08-11T11:25:00Z,LIGHT,Fitbit App
2025-08-11T11:26:00Z,LIGHT,Fitbit App
2025-08-11T11:27:00Z,LIGHT,Fitbit App
2025-08-11T11:28:00Z,LIGHT,Fitbit App
2025-08-11T11:29:00Z,LIGHT,Fitbit App
2025-08-11T11:30:00Z,LIGHT,Fitbit App
2025-08-11T11:31:00Z,LIGHT,Fitbit App
2025-08-11T11:32:00Z,LIGHT,Fitbit App
2025-08-11T11:33:00Z,LIGHT,Fitbit App
2025-08-11T11:34:00Z,LIGHT,Fitbit App
2025-08-11T11:35:00Z,LIGHT,Fitbit App
2025-08-11T11:36:00Z,LIGHT,Fitbit App
2025-08-11T11:37:00Z,LIGHT,Fitbit App
2025-08-11T11:38:00Z,LIGHT,Fitbit App
2025-08-11T11:39:00Z,LIGHT,Fitbit App
2025-08-11T11:40:00Z,LIGHT,Fitbit App
2025-08-11T11:41:00Z,LIGHT,Fitbit App
2025-08-11T11:42:00Z,LIGHT,Fitbit App
2025-08-11T11:43:00Z,LIGHT,Fitbit App
2025-08-11T11:44:00Z,LIGHT,Fitbit App
2025-08-11T11:45:00Z,LIGHT,Fitbit App
2025-08-11T11:46:00Z,LIGHT,Fitbit App
2025-08-11T11:47:00Z,LIGHT,Fitbit App
2025-08-11T11:48:00Z,LIGHT,Fitbit App
2025-08-11T11:49:00Z,LIGHT,Fitbit App
2025-08-11T11:50:00Z,LIGHT,Fitbit App
2025-08-11T11:51:00Z,LIGHT,Fitbit App
2025-08-11T11:52:00Z,LIGHT,Fitbit App
2025-08-11T11:53:00Z,LIGHT,Fitbit App
2025-08-11T11:54:00Z,LIGHT,Fitbit App
2025-08-11T11:55:00Z,LIGHT,Fitbit App
2025-08-11T11:56:00Z,LIGHT,Fitbit App
2025-08-11T11:57:00Z,LIGHT,Fitbit App
2025-08-11T11:58:00Z,LIGHT,Fitbit App
2025-08-11T11:59:00Z,LIGHT,Fitbit App
2025-08-11T12:00:00Z,LIGHT,Fitbit App
2025-08-11T12:01:00Z,LIGHT,Fitbit App
2025-08-11T12:02:00Z,LIGHT,Fitbit App
2025-08-11T12:03:00Z,LIGHT,Fitbit App
2025-08-11T12:04:00Z,LIGHT,Fitbit App
2025-08-11T12:05:00Z,LIGHT,Fitbit App
2025-08-11T12:06:00Z,LIGHT,Fitbit App
2025-08-11T12:07:00Z,LIGHT,Fitbit App
2025-08-11T12:08:00Z,LIGHT,Fitbit App
2025-08-11T12:09:00Z,LIGHT,Fitbit App
2025-08-11T12:10:00Z,LIGHT,Fitbit App
2025-08-11T12:11:00Z,LIGHT,Fitbit App
2025-08-11T12:12:00Z,LIGHT,Fitbit App
2025-08-11T12:13:00Z,LIGHT,Fitbit App
2025-08-11T12:14:00Z,LIGHT,Fitbit App
2025-08-11T12:15:00Z,LIGHT,Fitbit App
2025-08-11T12:16:00Z,LIGHT,Fitbit App
2025-08-11T12:17:00Z,LIGHT,Fitbit App
2025-08-11T12:18:00Z,LIGHT,Fitbit App
2025-08-11T12:19:00Z,LIGHT,Fitbit App
2025-08-11T12:20:00Z,LIGHT,Fitbit App
2025-08-11T12:21:00Z,LIGHT,Fitbit App
2025-08-11T12:22:00Z,LIGHT,Fitbit App
2025-08-11T12:23:00Z,LIGHT,Fitbit App
2025-08-11T12:24:00Z,LIGHT,Fitbit App
2025-08-11T12:25:00Z,LIGHT,Fitbit App
2025-08-11T12:26:00Z,LIGHT,Fitbit App
2025-08-11T12:27:00Z,LIGHT,Fitbit App
2025-08-11T12:28:00Z,LIGHT,Fitbit App
2025-08-11T12:29:00Z,LIGHT,Fitbit App
2025-08-11T12:30:00Z,LIGHT,Fitbit App
2025-08-11T12:31:00Z,LIGHT,Fitbit App
2025-08-11T12:32:00Z,LIGHT,Fitbit App
2025-08-11T12:33:00Z,LIGHT,Fitbit App
2025-08-11T12:34:00Z,LIGHT,Fitbit App
2025-08-11T12:35:00Z,LIGHT,Fitbit App
2025-08-11T12:36:00Z,LIGHT,Fitbit App
2025-08-11T12:37:00Z,LIGHT,Fitbit App
2025-08-11T12:38:00Z,LIGHT,Fitbit App
2025-08-11T12:39:00Z,LIGHT,Fitbit App
2025-08-11T12:40:00Z,LIGHT,Fitbit App
2025-08-11T12:41:00Z,LIGHT,Fitbit App
2025-08-11T12:42:00Z,LIGHT,Fitbit App
2025-08-11T12:43:00Z,LIGHT,Fitbit App
2025-08-11T12:44:00Z,LIGHT,Fitbit App
2025-08-11T12:45:00Z,LIGHT,Fitbit App
2025-08-11T12:46:00Z,LIGHT,Fitbit App
2025-08-11T12:47:00Z,LIGHT,Fitbit App
2025-08-11T12:48:00Z,LIGHT,Fitbit App
2025-08-11T12:49:00Z,LIGHT,Fitbit App
2025-08-11T12:50:00Z,LIGHT,Fitbit App
2025-08-11T12:51:00Z,LIGHT,Fitbit App
2025-08-11T12:52:00Z,LIGHT,Fitbit App
2025-08-11T12:53:00Z,LIGHT,Fitbit App
2025-08-11T12:54:00Z,LIGHT,Fitbit App
2025-08-11T12:55:00Z,LIGHT,Fitbit App
2025-08-11T12:56:00Z,LIGHT,Fitbit App
2025-08-11T12:57:00Z,LIGHT,Fitbit App
2025-08-11T12:58:00Z,LIGHT,Fitbit App
2025-08-11T12:59:00Z,LIGHT,Fitbit App
2025-08-11T13:00:00Z,LIGHT,Fitbit App
2025-08-11T13:01:00Z,LIGHT,Fitbit App
2025-08-11T13:02:00Z,LIGHT,Fitbit App
2025-08-11T13:03:00Z,LIGHT,Fitbit App
2025-08-11T13:04:00Z,LIGHT,Fitbit App
2025-08-11T13:05:00Z,LIGHT,Fitbit App
2025-08-11T13:06:00Z,LIGHT,Fitbit App
2025-08-11T13:07:00Z,LIGHT,Fitbit App
2025-08-11T13:08:00Z,LIGHT,Fitbit App
2025-08-11T13:09:00Z,LIGHT,Fitbit App
2025-08-11T13:10:00Z,LIGHT,Fitbit App
2025-08-11T13:11:00Z,LIGHT,Fitbit App
2025-08-11T13:12:00Z,LIGHT,Fitbit App
2025-08-11T13:13:00Z,LIGHT,Fitbit App
2025-08-11T13:14:00Z,LIGHT,Fitbit App
2025-08-11T13:15:00Z,LIGHT,Fitbit App
2025-08-11T13:16:00Z,LIGHT,Fitbit App
2025-08-11T13:17:00Z,LIGHT,Fitbit App
2025-08-11T13:18:00Z,LIGHT,Fitbit App
2025-08-11T13:19:00Z,LIGHT,Fitbit App
2025-08-11T13:20:00Z,LIGHT,Fitbit App
2025-08-11T13:21:00Z,LIGHT,Fitbit App
2025-08-11T13:22:00Z,LIGHT,Fitbit App
2025-08-11T13:23:00Z,LIGHT,Fitbit App
2025-08-11T13:24:00Z,LIGHT,Fitbit App
2025-08-11T13:25:00Z,LIGHT,Fitbit App
2025-08-11T13:26:00Z,LIGHT,Fitbit App
2025-08-11T13:27:00Z,LIGHT,Fitbit App
2025-08-11T13:28:00Z,LIGHT,Fitbit App
2025-08-11T13:29:00Z,LIGHT,Fitbit App
2025-08-11T13:30:00Z,LIGHT,Fitbit App
2025-08-11T13:31:00Z,LIGHT,Fitbit App
2025-08-11T13:32:00Z,LIGHT,Fitbit App
2025-08-11T13:33:00Z,LIGHT,Fitbit App
2025-08-11T13:34:00Z,LIGHT,Fitbit App
2025-08-11T13:35:00Z,LIGHT,Fitbit App
2025-08-11T13:36:00Z,LIGHT,Fitbit App
2025-08-11T13:37:00Z,LIGHT,Fitbit App
2025-08-11T13:38:00Z,LIGHT,Fitbit App
2025-08-11T13:39:00Z,LIGHT,Fitbit App
2025-08-11T13:40:00Z,LIGHT,Fitbit App
2025-08-11T13:41:00Z,LIGHT,Fitbit App
2025-08-11T13:42:00Z,LIGHT,Fitbit App
2025-08-11T13:43:00Z,LIGHT,Fitbit App
2025-08-11T13:44:00Z,LIGHT,Fitbit App
2025-08-11T13:45:00Z,LIGHT,Fitbit App
2025-08-11T13:46:00Z,LIGHT,Fitbit App
2025-08-11T13:47:00Z,LIGHT,Fitbit App
2025-08-11T13:48:00Z,LIGHT,Fitbit App
2025-08-11T13:49:00Z,LIGHT,Fitbit App
2025-08-11T13:50:00Z,LIGHT,Fitbit App
2025-08-11T13:51:00Z,LIGHT,Fitbit App
2025-08-11T13:52:00Z,LIGHT,Fitbit App
2025-08-11T13:53:00Z,LIGHT,Fitbit App
2025-08-11T13:54:00Z,LIGHT,Fitbit App
2025-08-11T13:55:00Z,LIGHT,Fitbit App
2025-08-11T13:56:00Z,LIGHT,Fitbit App
2025-08-11T13:57:00Z,LIGHT,Fitbit App
2025-08-11T13:58:00Z,LIGHT,Fitbit App
2025-08-11T13:59:00Z,LIGHT,Fitbit App
2025-08-11T14:00:00Z,LIGHT,Fitbit App
2025-08-11T14:01:00Z,LIGHT,Fitbit App
2025-08-11T14:02:00Z,LIGHT,Fitbit App
2025-08-11T14:03:00Z,LIGHT,Fitbit App
2025-08-11T14:04:00Z,LIGHT,Fitbit App
2025-08-11T14:05:00Z,LIGHT,Fitbit App
2025-08-11T14:06:00Z,LIGHT,Fitbit App
2025-08-11T14:07:00Z,LIGHT,Fitbit App
2025-08-11T14:08:00Z,LIGHT,Fitbit App
2025-08-11T14:09:00Z,LIGHT,Fitbit App
2025-08-11T14:10:00Z,LIGHT,Fitbit App
2025-08-11T14:11:00Z,LIGHT,Fitbit App
2025-08-11T14:12:00Z,LIGHT,Fitbit App
2025-08-11T14:13:00Z,LIGHT,Fitbit App
2025-08-11T14:14:00Z,LIGHT,Fitbit App
2025-08-11T14:15:00Z,LIGHT,Fitbit App
2025-08-11T14:16:00Z,LIGHT,Fitbit App
2025-08-11T14:17:00Z,LIGHT,Fitbit App
2025-08-11T14:18:00Z,LIGHT,Fitbit App
2025-08-11T14:19:00Z,LIGHT,Fitbit App
2025-08-11T14:20:00Z,LIGHT,Fitbit App
2025-08-11T14:21:00Z,LIGHT,Fitbit App
2025-08-11T14:22:00Z,LIGHT,Fitbit App
2025-08-11T14:23:00Z,LIGHT,Fitbit App
2025-08-11T14:24:00Z,LIGHT,Fitbit App
2025-08-11T14:25:00Z,LIGHT,Fitbit App
2025-08-11T14:26:00Z,LIGHT,Fitbit App
2025-08-11T14:27:00Z,LIGHT,Fitbit App
2025-08-11T14:28:00Z,LIGHT,Fitbit App
2025-08-11T14:29:00Z,LIGHT,Fitbit App
2025-08-11T14:30:00Z,LIGHT,Fitbit App
2025-08-11T14:31:00Z,LIGHT,Fitbit App
2025-08-11T14:32:00Z,LIGHT,Fitbit App
2025-08-11T14:33:00Z,LIGHT,Fitbit App
2025-08-11T14:34:00Z,LIGHT,Fitbit App
2025-08-11T14:35:00Z,LIGHT,Fitbit App
2025-08-11T14:36:00Z,LIGHT,Fitbit App
2025-08-11T14:37:00Z,LIGHT,Fitbit App
2025-08-11T14:38:00Z,LIGHT,Fitbit App
2025-08-11T14:39:00Z,LIGHT,Fitbit App
2025-08-11T14:40:00Z,LIGHT,Fitbit App
2025-08-11T14:41:00Z,LIGHT,Fitbit App
2025-08-11T14:42:00Z,LIGHT,Fitbit App
2025-08-11T14:43:00Z,LIGHT,Fitbit App
2025-08-11T14:44:00Z,LIGHT,Fitbit App
2025-08-11T14:45:00Z,LIGHT,Fitbit App
2025-08-11T14:46:00Z,LIGHT,Fitbit App
2025-08-11T14:47:00Z,LIGHT,Fitbit App
2025-08-11T14:48:00Z,LIGHT,Fitbit App
2025-08-11T14:49:00Z,LIGHT,Fitbit App
2025-08-11T14:50:00Z,LIGHT,Fitbit App
2025-08-11T14:51:00Z,LIGHT,Fitbit App
2025-08-11T14:52:00Z,LIGHT,Fitbit App
2025-08-11T14:53:00Z,LIGHT,Fitbit App
2025-08-11T14:54:00Z,LIGHT,Fitbit App
2025-08-11T14:55:00Z,LIGHT,Fitbit App
2025-08-11T14:56:00Z,LIGHT,Fitbit App
2025-08-11T14:57:00Z,LIGHT,Fitbit App
2025-08-11T14:58:00Z,LIGHT,Fitbit App
2025-08-11T14:59:00Z,LIGHT,Fitbit App
2025-08-11T15:00:00Z,LIGHT,Fitbit App
2025-08-11T15:01:00Z,LIGHT,Fitbit App
2025-08-11T15:02:00Z,LIGHT,Fitbit App
2025-08-11T15:03:00Z,LIGHT,Fitbit App
2025-08-11T15:04:00Z,LIGHT,Fitbit App
2025-08-11T15:05:00Z,LIGHT,Fitbit App
2025-08-11T15:06:00Z,LIGHT,Fitbit App
2025-08-11T15:07:00Z,LIGHT,Fitbit App
2025-08-11T15:08:00Z,LIGHT,Fitbit App
2025-08-11T15:09:00Z,LIGHT,Fitbit App
2025-08-11T15:10:00Z,LIGHT,Fitbit App
2025-08-11T15:11:00Z,LIGHT,Fitbit App
2025-08-11T15:12:00Z,LIGHT,Fitbit App
2025-08-11T15:13:00Z,LIGHT,Fitbit App
2025-08-11T15:14:00Z,LIGHT,Fitbit App
2025-08-11T15:15:00Z,LIGHT,Fitbit App
2025-08-11T15:16:00Z,LIGHT,Fitbit App
2025-08-11T15:17:00Z,LIGHT,Fitbit App
2025-08-11T15:18:00Z,LIGHT,Fitbit App
2025-08-11T15:19:00Z,LIGHT,Fitbit App
2025-08-11T15:20:00Z,LIGHT,Fitbit App
2025-08-11T15:21:00Z,LIGHT,Fitbit App
2025-08-11T15:22:00Z,LIGHT,Fitbit App
2025-08-11T15:23:00Z,LIGHT,Fitbit App
2025-08-11T15:24:00Z,LIGHT,Fitbit App
2025-08-11T15:25:00Z,LIGHT,Fitbit App
2025-08-11T15:26:00Z,LIGHT,Fitbit App
2025-08-11T15:27:00Z,LIGHT,Fitbit App
2025-08-11T15:28:00Z,LIGHT,Fitbit App
2025-08-11T15:29:00Z,LIGHT,Fitbit App
2025-08-11T15:30:00Z,LIGHT,Fitbit App
2025-08-11T15:31:00Z,LIGHT,Fitbit App
2025-08-11T15:32:00Z,LIGHT,Fitbit App
2025-08-11T15:33:00Z,LIGHT,Fitbit App
2025-08-11T15:34:00Z,LIGHT,Fitbit App
2025-08-11T15:35:00Z,LIGHT,Fitbit App
2025-08-11T15:36:00Z,LIGHT,Fitbit App
2025-08-11T15:37:00Z,LIGHT,Fitbit App
2025-08-11T15:38:00Z,LIGHT,Fitbit App
2025-08-11T15:39:00Z,LIGHT,Fitbit App
2025-08-11T15:40:00Z,LIGHT,Fitbit App
2025-08-11T15:41:00Z,LIGHT,Fitbit App
2025-08-11T15:42:00Z,LIGHT,Fitbit App
2025-08-11T15:43:00Z,LIGHT,Fitbit App
2025-08-11T15:44:00Z,LIGHT,Fitbit App
2025-08-11T15:45:00Z,LIGHT,Fitbit App
2025-08-11T15:46:00Z,LIGHT,Fitbit App
2025-08-11T15:47:00Z,LIGHT,Fitbit App
2025-08-11T15:48:00Z,LIGHT,Fitbit App
2025-08-11T15:49:00Z,LIGHT,Fitbit App
2025-08-11T15:50:00Z,LIGHT,Fitbit App
2025-08-11T15:51:00Z,LIGHT,Fitbit App
2025-08-11T15:52:00Z,LIGHT,Fitbit App
2025-08-11T15:53:00Z,LIGHT,Fitbit App
2025-08-11T15:54:00Z,LIGHT,Fitbit App
2025-08-11T15:55:00Z,LIGHT,Fitbit App
2025-08-11T15:56:00Z,LIGHT,Fitbit App
2025-08-11T15:57:00Z,LIGHT,Fitbit App
2025-08-11T15:58:00Z,LIGHT,Fitbit App
2025-08-11T15:59:00Z,LIGHT,Fitbit App
2025-08-11T16:00:00Z,LIGHT,Fitbit App
2025-08-11T16:01:00Z,LIGHT,Fitbit App
2025-08-11T16:02:00Z,LIGHT,Fitbit App
2025-08-11T16:03:00Z,LIGHT,Fitbit App
2025-08-11T16:04:00Z,LIGHT,Fitbit App
2025-08-11T16:05:00Z,LIGHT,Fitbit App
2025-08-11T16:06:00Z,LIGHT,Fitbit App
2025-08-11T16:07:00Z,LIGHT,Fitbit App
2025-08-11T16:08:00Z,LIGHT,Fitbit App
2025-08-11T16:09:00Z,LIGHT,Fitbit App
2025-08-11T16:10:00Z,LIGHT,Fitbit App
2025-08-11T16:11:00Z,LIGHT,Fitbit App
2025-08-11T16:12:00Z,LIGHT,Fitbit App
2025-08-11T16:13:00Z,LIGHT,Fitbit App
2025-08-11T16:14:00Z,LIGHT,Fitbit App
2025-08-11T16:15:00Z,LIGHT,Fitbit App
2025-08-11T16:16:00Z,LIGHT,Fitbit App
2025-08-11T16:17:00Z,LIGHT,Fitbit App
2025-08-11T16:18:00Z,LIGHT,Fitbit App
2025-08-11T16:19:00Z,LIGHT,Fitbit App
2025-08-11T16:20:00Z,LIGHT,Fitbit App
2025-08-11T16:21:00Z,LIGHT,Fitbit App
2025-08-11T16:22:00Z,LIGHT,Fitbit App
2025-08-11T16:23:00Z,LIGHT,Fitbit App
2025-08-11T16:24:00Z,LIGHT,Fitbit App
2025-08-11T16:25:00Z,LIGHT,Fitbit App
2025-08-11T16:26:00Z,LIGHT,Fitbit App
2025-08-11T16:27:00Z,LIGHT,Fitbit App
2025-08-11T16:28:00Z,LIGHT,Fitbit App
2025-08-11T16:29:00Z,LIGHT,Fitbit App
2025-08-11T16:30:00Z,LIGHT,Fitbit App
2025-08-11T16:31:00Z,LIGHT,Fitbit App
2025-08-11T16:32:00Z,LIGHT,Fitbit App
2025-08-11T16:33:00Z,LIGHT,Fitbit App
2025-08-11T16:34:00Z,LIGHT,Fitbit App
2025-08-11T16:35:00Z,LIGHT,Fitbit App
2025-08-11T16:36:00Z,LIGHT,Fitbit App
2025-08-11T16:37:00Z,LIGHT,Fitbit App
2025-08-11T16:38:00Z,LIGHT,Fitbit App
2025-08-11T16:39:00Z,LIGHT,Fitbit App
2025-08-11T16:40:00Z,LIGHT,Fitbit App
2025-08-11T16:41:00Z,LIGHT,Fitbit App
2025-08-11T16:42:00Z,LIGHT,Fitbit App
2025-08-11T16:43:00Z,LIGHT,Fitbit App
2025-08-11T16:44:00Z,LIGHT,Fitbit App
2025-08-11T16:45:00Z,LIGHT,Fitbit App
2025-08-11T16:46:00Z,LIGHT,Fitbit App
2025-08-11T16:47:00Z,LIGHT,Fitbit App
2025-08-11T16:48:00Z,LIGHT,Fitbit App
2025-08-11T16:49:00Z,LIGHT,Fitbit App
2025-08-11T16:50:00Z,LIGHT,Fitbit App
2025-08-11T16:51:00Z,MODERATE,Fitbit App
2025-08-11T16:52:00Z,MODERATE,Fitbit App
2025-08-11T16:53:00Z,MODERATE,Fitbit App
2025-08-11T16:54:00Z,MODERATE,Fitbit App
2025-08-11T16:55:00Z,MODERATE,Fitbit App
2025-08-11T16:56:00Z,MODERATE,Fitbit App
2025-08-11T16:57:00Z,MODERATE,Fitbit App
2025-08-11T16:58:00Z,MODERATE,Fitbit App
2025-08-11T16:59:00Z,LIGHT,Fitbit App
2025-08-11T17:00:00Z,LIGHT,Fitbit App
2025-08-11T17:01:00Z,LIGHT,Fitbit App
2025-08-11T17:02:00Z,LIGHT,Fitbit App
2025-08-11T17:03:00Z,MODERATE,Fitbit App
2025-08-11T17:04:00Z,MODERATE,Fitbit App
2025-08-11T17:05:00Z,MODERATE,Fitbit App
2025-08-11T17:06:00Z,MODERATE,Fitbit App
2025-08-11T17:07:00Z,MODERATE,Fitbit App
2025-08-11T17:08:00Z,MODERATE,Fitbit App
2025-08-11T17:09:00Z,MODERATE,Fitbit App
2025-08-11T17:10:00Z,MODERATE,Fitbit App
2025-08-11T17:11:00Z,MODERATE,Fitbit App
2025-08-11T17:12:00Z,MODERATE,Fitbit App
2025-08-11T17:13:00Z,MODERATE,Fitbit App
2025-08-11T17:14:00Z,MODERATE,Fitbit App
2025-08-11T17:15:00Z,VIGOROUS,Fitbit App
2025-08-11T17:16:00Z,VIGOROUS,Fitbit App
2025-08-11T17:17:00Z,MODERATE,Fitbit App
2025-08-11T17:18:00Z,MODERATE,Fitbit App
2025-08-11T17:19:00Z,MODERATE,Fitbit App
2025-08-11T17:20:00Z,MODERATE,Fitbit App
2025-08-11T17:21:00Z,MODERATE,Fitbit App
2025-08-11T17:22:00Z,MODERATE,Fitbit App
2025-08-11T17:23:00Z,MODERATE,Fitbit App
2025-08-11T17:24:00Z,MODERATE,Fitbit App
2025-08-11T17:25:00Z,MODERATE,Fitbit App
2025-08-11T17:26:00Z,LIGHT,Fitbit App
2025-08-11T17:27:00Z,LIGHT,Fitbit App
2025-08-11T17:28:00Z,LIGHT,Fitbit App
2025-08-11T17:29:00Z,LIGHT,Fitbit App
2025-08-11T17:30:00Z,LIGHT,Fitbit App
2025-08-11T17:31:00Z,LIGHT,Fitbit App
2025-08-11T17:32:00Z,LIGHT,Fitbit App
2025-08-11T17:33:00Z,LIGHT,Fitbit App
2025-08-11T17:34:00Z,LIGHT,Fitbit App
2025-08-11T17:35:00Z,LIGHT,Fitbit App
2025-08-11T17:36:00Z,LIGHT,Fitbit App
2025-08-11T17:37:00Z,LIGHT,Fitbit App
2025-08-11T17:38:00Z,LIGHT,Fitbit App
2025-08-11T17:39:00Z,LIGHT,Fitbit App
2025-08-11T17:40:00Z,LIGHT,Fitbit App
2025-08-11T17:41:00Z,LIGHT,Fitbit App
2025-08-11T17:42:00Z,LIGHT,Fitbit App
2025-08-11T17:43:00Z,LIGHT,Fitbit App
2025-08-11T17:44:00Z,LIGHT,Fitbit App
2025-08-11T17:45:00Z,LIGHT,Fitbit App
2025-08-11T17:46:00Z,LIGHT,Fitbit App
2025-08-11T17:47:00Z,LIGHT,Fitbit App
2025-08-11T17:48:00Z,LIGHT,Fitbit App
2025-08-11T17:49:00Z,LIGHT,Fitbit App
2025-08-11T17:50:00Z,LIGHT,Fitbit App
2025-08-11T17:51:00Z,LIGHT,Fitbit App
2025-08-11T17:52:00Z,LIGHT,Fitbit App
2025-08-11T17:53:00Z,LIGHT,Fitbit App
2025-08-11T17:54:00Z,LIGHT,Fitbit App
2025-08-11T17:55:00Z,LIGHT,Fitbit App
2025-08-11T17:56:00Z,LIGHT,Fitbit App
2025-08-11T17:57:00Z,LIGHT,Fitbit App
2025-08-11T17:58:00Z,LIGHT,Fitbit App
2025-08-11T17:59:00Z,LIGHT,Fitbit App
2025-08-11T18:00:00Z,LIGHT,Fitbit App
2025-08-11T18:01:00Z,LIGHT,Fitbit App
2025-08-11T18:02:00Z,LIGHT,Fitbit App
2025-08-11T18:03:00Z,LIGHT,Fitbit App
2025-08-11T18:04:00Z,LIGHT,Fitbit App
2025-08-11T18:05:00Z,LIGHT,Fitbit App
2025-08-11T18:06:00Z,LIGHT,Fitbit App
2025-08-11T18:07:00Z,LIGHT,Fitbit App
2025-08-11T18:08:00Z,LIGHT,Fitbit App
2025-08-11T18:09:00Z,LIGHT,Fitbit App
2025-08-11T18:10:00Z,LIGHT,Fitbit App
2025-08-11T18:11:00Z,LIGHT,Fitbit App
2025-08-11T18:12:00Z,LIGHT,Fitbit App
2025-08-11T18:13:00Z,LIGHT,Fitbit App
2025-08-11T18:14:00Z,LIGHT,Fitbit App
2025-08-11T18:15:00Z,LIGHT,Fitbit App
2025-08-11T18:16:00Z,LIGHT,Fitbit App
2025-08-11T18:17:00Z,LIGHT,Fitbit App
2025-08-11T18:18:00Z,LIGHT,Fitbit App
2025-08-11T18:19:00Z,LIGHT,Fitbit App
2025-08-11T18:20:00Z,LIGHT,Fitbit App
2025-08-11T18:21:00Z,LIGHT,Fitbit App
2025-08-11T18:22:00Z,LIGHT,Fitbit App
2025-08-11T18:23:00Z,LIGHT,Fitbit App
2025-08-11T18:24:00Z,LIGHT,Fitbit App
2025-08-11T18:25:00Z,LIGHT,Fitbit App
2025-08-11T18:26:00Z,LIGHT,Fitbit App
2025-08-11T18:27:00Z,LIGHT,Fitbit App
2025-08-11T18:28:00Z,LIGHT,Fitbit App
2025-08-11T18:29:00Z,LIGHT,Fitbit App
2025-08-11T18:30:00Z,LIGHT,Fitbit App
2025-08-11T18:31:00Z,LIGHT,Fitbit App
2025-08-11T18:32:00Z,LIGHT,Fitbit App
2025-08-11T18:33:00Z,LIGHT,Fitbit App
2025-08-11T18:34:00Z,LIGHT,Fitbit App
2025-08-11T18:35:00Z,LIGHT,Fitbit App
2025-08-11T18:36:00Z,LIGHT,Fitbit App
2025-08-11T18:37:00Z,LIGHT,Fitbit App
2025-08-11T18:38:00Z,LIGHT,Fitbit App
2025-08-11T18:39:00Z,LIGHT,Fitbit App
2025-08-11T18:40:00Z,LIGHT,Fitbit App
2025-08-11T18:41:00Z,LIGHT,Fitbit App
2025-08-11T18:42:00Z,LIGHT,Fitbit App
2025-08-11T18:43:00Z,LIGHT,Fitbit App
2025-08-11T18:44:00Z,LIGHT,Fitbit App
2025-08-11T18:45:00Z,LIGHT,Fitbit App
2025-08-11T18:46:00Z,LIGHT,Fitbit App
2025-08-11T18:47:00Z,LIGHT,Fitbit App
2025-08-11T18:48:00Z,LIGHT,Fitbit App
2025-08-11T18:49:00Z,LIGHT,Fitbit App
2025-08-11T18:50:00Z,LIGHT,Fitbit App
2025-08-11T18:51:00Z,LIGHT,Fitbit App
2025-08-11T18:52:00Z,LIGHT,Fitbit App
2025-08-11T18:53:00Z,LIGHT,Fitbit App
2025-08-11T18:54:00Z,LIGHT,Fitbit App
2025-08-11T18:55:00Z,LIGHT,Fitbit App
2025-08-11T18:56:00Z,LIGHT,Fitbit App
2025-08-11T18:57:00Z,LIGHT,Fitbit App
2025-08-11T18:58:00Z,LIGHT,Fitbit App
2025-08-11T18:59:00Z,LIGHT,Fitbit App
2025-08-11T19:00:00Z,LIGHT,Fitbit App
2025-08-11T19:01:00Z,LIGHT,Fitbit App
2025-08-11T19:02:00Z,LIGHT,Fitbit App
2025-08-11T19:03:00Z,LIGHT,Fitbit App
2025-08-11T19:04:00Z,LIGHT,Fitbit App
2025-08-11T19:05:00Z,LIGHT,Fitbit App
2025-08-11T19:06:00Z,LIGHT,Fitbit App
2025-08-11T19:07:00Z,LIGHT,Fitbit App
2025-08-11T19:08:00Z,LIGHT,Fitbit App
2025-08-11T19:09:00Z,LIGHT,Fitbit App
2025-08-11T19:10:00Z,LIGHT,Fitbit App
2025-08-11T19:11:00Z,LIGHT,Fitbit App
2025-08-11T19:12:00Z,LIGHT,Fitbit App
2025-08-11T19:13:00Z,LIGHT,Fitbit App
2025-08-11T19:14:00Z,LIGHT,Fitbit App
2025-08-11T19:15:00Z,LIGHT,Fitbit App
2025-08-11T19:16:00Z,LIGHT,Fitbit App
2025-08-11T19:17:00Z,LIGHT,Fitbit App
2025-08-11T19:18:00Z,LIGHT,Fitbit App
2025-08-11T19:19:00Z,LIGHT,Fitbit App
2025-08-11T19:20:00Z,LIGHT,Fitbit App
2025-08-11T19:21:00Z,LIGHT,Fitbit App
2025-08-11T19:22:00Z,LIGHT,Fitbit App
2025-08-11T19:23:00Z,LIGHT,Fitbit App
2025-08-11T19:24:00Z,LIGHT,Fitbit App
2025-08-11T19:25:00Z,MODERATE,Fitbit App
2025-08-11T19:26:00Z,LIGHT,Fitbit App
2025-08-11T19:27:00Z,LIGHT,Fitbit App
2025-08-11T19:28:00Z,LIGHT,Fitbit App
2025-08-11T19:29:00Z,LIGHT,Fitbit App
2025-08-11T19:30:00Z,LIGHT,Fitbit App
2025-08-11T19:31:00Z,LIGHT,Fitbit App
2025-08-11T19:32:00Z,LIGHT,Fitbit App
2025-08-11T19:33:00Z,LIGHT,Fitbit App
2025-08-11T19:34:00Z,LIGHT,Fitbit App
2025-08-11T19:35:00Z,LIGHT,Fitbit App
2025-08-11T19:36:00Z,LIGHT,Fitbit App
2025-08-14T11:50:00Z,LIGHT,Fitbit App
2025-08-14T11:51:00Z,LIGHT,Fitbit App
2025-08-14T11:52:00Z,LIGHT,Fitbit App
2025-08-14T11:53:00Z,LIGHT,Fitbit App
2025-08-14T11:54:00Z,LIGHT,Fitbit App
2025-08-14T11:55:00Z,LIGHT,Fitbit App
2025-08-14T11:56:00Z,LIGHT,Fitbit App
2025-08-14T11:57:00Z,LIGHT,Fitbit App
2025-08-14T11:58:00Z,LIGHT,Fitbit App
2025-08-14T11:59:00Z,LIGHT,Fitbit App
2025-08-14T12:00:00Z,LIGHT,Fitbit App
2025-08-14T12:01:00Z,LIGHT,Fitbit App
2025-08-14T12:02:00Z,LIGHT,Fitbit App
2025-08-14T12:03:00Z,LIGHT,Fitbit App
2025-08-14T12:04:00Z,LIGHT,Fitbit App
2025-08-14T12:05:00Z,LIGHT,Fitbit App
2025-08-14T13:12:00Z,LIGHT,Fitbit App
2025-08-14T13:13:00Z,LIGHT,Fitbit App
2025-08-14T13:14:00Z,LIGHT,Fitbit App
2025-08-14T13:15:00Z,LIGHT,Fitbit App
2025-08-14T13:16:00Z,LIGHT,Fitbit App
2025-08-14T13:17:00Z,LIGHT,Fitbit App
2025-08-14T13:18:00Z,LIGHT,Fitbit App
2025-08-14T13:19:00Z,LIGHT,Fitbit App
2025-08-14T13:20:00Z,LIGHT,Fitbit App
2025-08-14T13:21:00Z,LIGHT,Fitbit App
2025-08-14T13:22:00Z,LIGHT,Fitbit App
2025-08-14T13:23:00Z,LIGHT,Fitbit App
2025-08-14T13:24:00Z,LIGHT,Fitbit App
2025-08-14T13:25:00Z,LIGHT,Fitbit App
2025-08-14T13:26:00Z,LIGHT,Fitbit App
2025-08-14T13:27:00Z,LIGHT,Fitbit App
2025-08-14T13:28:00Z,LIGHT,Fitbit App
2025-08-14T13:29:00Z,LIGHT,Fitbit App
2025-08-14T13:30:00Z,LIGHT,Fitbit App
2025-08-14T13:31:00Z,LIGHT,Fitbit App
2025-08-14T13:32:00Z,LIGHT,Fitbit App
2025-08-14T13:33:00Z,LIGHT,Fitbit App
2025-08-14T13:34:00Z,LIGHT,Fitbit App
2025-08-14T13:35:00Z,LIGHT,Fitbit App
2025-08-14T13:36:00Z,LIGHT,Fitbit App
2025-08-14T13:37:00Z,LIGHT,Fitbit App
2025-08-14T13:38:00Z,LIGHT,Fitbit App
2025-08-14T13:39:00Z,LIGHT,Fitbit App
2025-08-14T13:40:00Z,LIGHT,Fitbit App
2025-08-14T13:41:00Z,LIGHT,Fitbit App
2025-08-14T13:42:00Z,LIGHT,Fitbit App
2025-08-14T13:43:00Z,LIGHT,Fitbit App
2025-08-14T13:44:00Z,LIGHT,Fitbit App
2025-08-14T13:45:00Z,LIGHT,Fitbit App
2025-08-14T13:46:00Z,LIGHT,Fitbit App
2025-08-14T13:47:00Z,LIGHT,Fitbit App
2025-08-14T13:48:00Z,LIGHT,Fitbit App
2025-08-14T13:49:00Z,LIGHT,Fitbit App
2025-08-14T13:50:00Z,LIGHT,Fitbit App
2025-08-14T13:51:00Z,LIGHT,Fitbit App
2025-08-14T13:52:00Z,LIGHT,Fitbit App
2025-08-14T13:53:00Z,LIGHT,Fitbit App
2025-08-14T13:54:00Z,LIGHT,Fitbit App
2025-08-14T13:55:00Z,LIGHT,Fitbit App
2025-08-14T13:56:00Z,LIGHT,Fitbit App
2025-08-14T13:57:00Z,LIGHT,Fitbit App
2025-08-14T13:58:00Z,LIGHT,Fitbit App
2025-08-14T13:59:00Z,LIGHT,Fitbit App
2025-08-14T14:00:00Z,LIGHT,Fitbit App
2025-08-14T14:01:00Z,LIGHT,Fitbit App
2025-08-14T14:02:00Z,LIGHT,Fitbit App
2025-08-14T14:03:00Z,LIGHT,Fitbit App
2025-08-14T14:04:00Z,LIGHT,Fitbit App
2025-08-14T14:05:00Z,LIGHT,Fitbit App
2025-08-14T14:06:00Z,LIGHT,Fitbit App
2025-08-14T14:07:00Z,LIGHT,Fitbit App
2025-08-14T14:08:00Z,LIGHT,Fitbit App
2025-08-14T14:09:00Z,LIGHT,Fitbit App
2025-08-14T14:10:00Z,LIGHT,Fitbit App
2025-08-14T14:11:00Z,LIGHT,Fitbit App
2025-08-14T14:12:00Z,LIGHT,Fitbit App
2025-08-14T14:13:00Z,LIGHT,Fitbit App
2025-08-14T14:14:00Z,LIGHT,Fitbit App
2025-08-14T14:15:00Z,LIGHT,Fitbit App
2025-08-14T14:16:00Z,LIGHT,Fitbit App
2025-08-14T14:17:00Z,LIGHT,Fitbit App
2025-08-14T14:18:00Z,LIGHT,Fitbit App
2025-08-14T14:19:00Z,LIGHT,Fitbit App
2025-08-14T14:20:00Z,LIGHT,Fitbit App
2025-08-14T14:21:00Z,LIGHT,Fitbit App
2025-08-14T14:22:00Z,LIGHT,Fitbit App
2025-08-14T14:23:00Z,LIGHT,Fitbit App
2025-08-14T14:24:00Z,LIGHT,Fitbit App
2025-08-14T14:25:00Z,LIGHT,Fitbit App
2025-08-14T14:26:00Z,LIGHT,Fitbit App
2025-08-14T14:27:00Z,LIGHT,Fitbit App
2025-08-14T14:28:00Z,LIGHT,Fitbit App
2025-08-14T14:29:00Z,LIGHT,Fitbit App
2025-08-14T14:30:00Z,LIGHT,Fitbit App
2025-08-14T14:31:00Z,LIGHT,Fitbit App
2025-08-14T14:32:00Z,LIGHT,Fitbit App
2025-08-14T14:33:00Z,LIGHT,Fitbit App
2025-08-14T14:34:00Z,LIGHT,Fitbit App
2025-08-14T14:35:00Z,LIGHT,Fitbit App
2025-08-14T14:36:00Z,LIGHT,Fitbit App
2025-08-14T14:37:00Z,LIGHT,Fitbit App
2025-08-14T14:38:00Z,LIGHT,Fitbit App
2025-08-14T14:39:00Z,LIGHT,Fitbit App
2025-08-14T14:40:00Z,LIGHT,Fitbit App
2025-08-14T14:41:00Z,LIGHT,Fitbit App
2025-08-14T14:42:00Z,LIGHT,Fitbit App
2025-08-14T14:43:00Z,LIGHT,Fitbit App
2025-08-14T14:44:00Z,LIGHT,Fitbit App
2025-08-14T14:45:00Z,LIGHT,Fitbit App
2025-08-14T14:46:00Z,LIGHT,Fitbit App
2025-08-14T14:47:00Z,LIGHT,Fitbit App
2025-08-14T14:48:00Z,LIGHT,Fitbit App
2025-08-14T14:49:00Z,LIGHT,Fitbit App
2025-08-14T14:50:00Z,LIGHT,Fitbit App
2025-08-14T14:51:00Z,LIGHT,Fitbit App
2025-08-14T14:52:00Z,LIGHT,Fitbit App
2025-08-14T14:53:00Z,LIGHT,Fitbit App
2025-08-14T14:54:00Z,LIGHT,Fitbit App
2025-08-14T14:55:00Z,LIGHT,Fitbit App
2025-08-14T14:56:00Z,LIGHT,Fitbit App
2025-08-14T14:57:00Z,LIGHT,Fitbit App
2025-08-14T14:58:00Z,LIGHT,Fitbit App
2025-08-14T14:59:00Z,LIGHT,Fitbit App
2025-08-14T15:00:00Z,LIGHT,Fitbit App
2025-08-14T15:01:00Z,LIGHT,Fitbit App
2025-08-14T15:02:00Z,LIGHT,Fitbit App
2025-08-14T15:03:00Z,LIGHT,Fitbit App
2025-08-14T15:04:00Z,LIGHT,Fitbit App
2025-08-14T15:05:00Z,LIGHT,Fitbit App
2025-08-14T15:06:00Z,LIGHT,Fitbit App
2025-08-14T15:07:00Z,LIGHT,Fitbit App
2025-08-14T15:08:00Z,LIGHT,Fitbit App
2025-08-14T15:09:00Z,LIGHT,Fitbit App
2025-08-14T15:10:00Z,LIGHT,Fitbit App
2025-08-14T15:11:00Z,LIGHT,Fitbit App
2025-08-14T15:12:00Z,LIGHT,Fitbit App
2025-08-14T15:13:00Z,LIGHT,Fitbit App
2025-08-14T15:14:00Z,LIGHT,Fitbit App
2025-08-14T15:15:00Z,LIGHT,Fitbit App
2025-08-14T15:16:00Z,LIGHT,Fitbit App
2025-08-14T15:17:00Z,LIGHT,Fitbit App
2025-08-14T15:18:00Z,LIGHT,Fitbit App
2025-08-14T15:19:00Z,LIGHT,Fitbit App
2025-08-14T15:20:00Z,LIGHT,Fitbit App
2025-08-14T15:21:00Z,LIGHT,Fitbit App
2025-08-14T15:22:00Z,LIGHT,Fitbit App
2025-08-14T15:23:00Z,LIGHT,Fitbit App
2025-08-14T15:24:00Z,LIGHT,Fitbit App
2025-08-14T15:25:00Z,LIGHT,Fitbit App
2025-08-14T15:26:00Z,LIGHT,Fitbit App
2025-08-14T15:27:00Z,LIGHT,Fitbit App
2025-08-14T15:28:00Z,LIGHT,Fitbit App
2025-08-14T15:29:00Z,LIGHT,Fitbit App
2025-08-14T15:30:00Z,LIGHT,Fitbit App
2025-08-14T15:31:00Z,LIGHT,Fitbit App
2025-08-14T15:32:00Z,LIGHT,Fitbit App
2025-08-14T15:33:00Z,LIGHT,Fitbit App
2025-08-14T15:34:00Z,LIGHT,Fitbit App
2025-08-14T15:35:00Z,LIGHT,Fitbit App
2025-08-14T15:36:00Z,LIGHT,Fitbit App
2025-08-14T15:37:00Z,LIGHT,Fitbit App
2025-08-14T15:38:00Z,LIGHT,Fitbit App
2025-08-14T15:39:00Z,LIGHT,Fitbit App
2025-08-14T15:40:00Z,LIGHT,Fitbit App
2025-08-14T15:41:00Z,LIGHT,Fitbit App
2025-08-14T15:42:00Z,LIGHT,Fitbit App
2025-08-14T15:43:00Z,LIGHT,Fitbit App
2025-08-14T15:44:00Z,LIGHT,Fitbit App
2025-08-14T15:45:00Z,LIGHT,Fitbit App
2025-08-14T15:46:00Z,LIGHT,Fitbit App
2025-08-14T15:47:00Z,LIGHT,Fitbit App
2025-08-14T15:48:00Z,LIGHT,Fitbit App
2025-08-14T15:49:00Z,LIGHT,Fitbit App
2025-08-14T15:50:00Z,LIGHT,Fitbit App
2025-08-14T15:51:00Z,LIGHT,Fitbit App
2025-08-14T15:52:00Z,LIGHT,Fitbit App
2025-08-14T15:53:00Z,LIGHT,Fitbit App
2025-08-14T15:54:00Z,LIGHT,Fitbit App
2025-08-14T15:55:00Z,LIGHT,Fitbit App
2025-08-14T15:56:00Z,LIGHT,Fitbit App
2025-08-14T15:57:00Z,LIGHT,Fitbit App
2025-08-14T15:58:00Z,LIGHT,Fitbit App
2025-08-14T15:59:00Z,LIGHT,Fitbit App
2025-08-14T16:00:00Z,LIGHT,Fitbit App
2025-08-14T16:01:00Z,LIGHT,Fitbit App
2025-08-14T16:02:00Z,LIGHT,Fitbit App
2025-08-14T16:03:00Z,LIGHT,Fitbit App
2025-08-14T16:04:00Z,LIGHT,Fitbit App
2025-08-14T16:05:00Z,LIGHT,Fitbit App
2025-08-14T16:06:00Z,MODERATE,Fitbit App
2025-08-14T16:07:00Z,LIGHT,Fitbit App
2025-08-14T16:08:00Z,LIGHT,Fitbit App
2025-08-14T16:09:00Z,LIGHT,Fitbit App
2025-08-14T16:10:00Z,LIGHT,Fitbit App
2025-08-14T16:11:00Z,MODERATE,Fitbit App
2025-08-14T16:12:00Z,MODERATE,Fitbit App
2025-08-14T16:13:00Z,MODERATE,Fitbit App
2025-08-14T16:14:00Z,MODERATE,Fitbit App
2025-08-14T16:15:00Z,MODERATE,Fitbit App
2025-08-14T16:16:00Z,LIGHT,Fitbit App
2025-08-14T16:17:00Z,MODERATE,Fitbit App
2025-08-14T16:18:00Z,MODERATE,Fitbit App
2025-08-14T16:19:00Z,MODERATE,Fitbit App
2025-08-14T16:20:00Z,LIGHT,Fitbit App
2025-08-14T16:21:00Z,LIGHT,Fitbit App
2025-08-14T16:22:00Z,LIGHT,Fitbit App
2025-08-14T16:23:00Z,LIGHT,Fitbit App
2025-08-14T16:24:00Z,LIGHT,Fitbit App
2025-08-14T16:25:00Z,LIGHT,Fitbit App
2025-08-14T16:26:00Z,LIGHT,Fitbit App
2025-08-14T16:27:00Z,LIGHT,Fitbit App
2025-08-14T16:28:00Z,LIGHT,Fitbit App
2025-08-14T16:29:00Z,LIGHT,Fitbit App
2025-08-14T16:30:00Z,LIGHT,Fitbit App
2025-08-14T16:31:00Z,LIGHT,Fitbit App
2025-08-14T16:32:00Z,LIGHT,Fitbit App
2025-08-14T16:33:00Z,LIGHT,Fitbit App
2025-08-14T16:34:00Z,LIGHT,Fitbit App
2025-08-14T16:35:00Z,MODERATE,Fitbit App
2025-08-14T16:36:00Z,MODERATE,Fitbit App
2025-08-14T16:37:00Z,MODERATE,Fitbit App
2025-08-14T16:38:00Z,LIGHT,Fitbit App
2025-08-14T16:39:00Z,LIGHT,Fitbit App
2025-08-14T16:40:00Z,LIGHT,Fitbit App
2025-08-14T16:41:00Z,LIGHT,Fitbit App
2025-08-14T16:42:00Z,LIGHT,Fitbit App
2025-08-14T16:43:00Z,LIGHT,Fitbit App
2025-08-14T16:44:00Z,LIGHT,Fitbit App
2025-08-14T16:45:00Z,LIGHT,Fitbit App
2025-08-14T16:46:00Z,LIGHT,Fitbit App
2025-08-14T16:47:00Z,LIGHT,Fitbit App
2025-08-14T16:48:00Z,MODERATE,Fitbit App
2025-08-14T16:49:00Z,LIGHT,Fitbit App
2025-08-14T16:50:00Z,LIGHT,Fitbit App
2025-08-14T16:51:00Z,LIGHT,Fitbit App
2025-08-14T16:52:00Z,LIGHT,Fitbit App
2025-08-14T16:53:00Z,LIGHT,Fitbit App
2025-08-14T16:54:00Z,LIGHT,Fitbit App
2025-08-14T16:55:00Z,LIGHT,Fitbit App
2025-08-14T16:56:00Z,LIGHT,Fitbit App
2025-08-14T16:57:00Z,LIGHT,Fitbit App
2025-08-14T17:27:00Z,LIGHT,Fitbit App
2025-08-14T17:28:00Z,LIGHT,Fitbit App
2025-08-14T17:31:00Z,MODERATE,Fitbit App
2025-08-14T17:32:00Z,MODERATE,Fitbit App
2025-08-14T17:33:00Z,MODERATE,Fitbit App
2025-08-14T17:42:00Z,MODERATE,Fitbit App
2025-08-14T17:43:00Z,LIGHT,Fitbit App
2025-08-14T17:44:00Z,LIGHT,Fitbit App
2025-08-14T17:45:00Z,LIGHT,Fitbit App
2025-08-14T17:46:00Z,LIGHT,Fitbit App
2025-08-14T17:47:00Z,LIGHT,Fitbit App
2025-08-14T17:48:00Z,LIGHT,Fitbit App
2025-08-14T17:49:00Z,LIGHT,Fitbit App
2025-08-14T18:43:00Z,LIGHT,Fitbit App
2025-08-14T18:44:00Z,LIGHT,Fitbit App
2025-08-14T18:45:00Z,LIGHT,Fitbit App
2025-08-14T18:46:00Z,MODERATE,Fitbit App
2025-08-14T18:47:00Z,MODERATE,Fitbit App
2025-08-14T18:48:00Z,MODERATE,Fitbit App
2025-08-14T18:49:00Z,MODERATE,Fitbit App
2025-08-14T18:50:00Z,MODERATE,Fitbit App
2025-08-14T18:51:00Z,MODERATE,Fitbit App
2025-08-14T18:52:00Z,MODERATE,Fitbit App
2025-08-14T18:53:00Z,MODERATE,Fitbit App
2025-08-14T18:54:00Z,MODERATE,Fitbit App
2025-08-14T18:55:00Z,MODERATE,Fitbit App
2025-08-14T18:56:00Z,MODERATE,Fitbit App
2025-08-14T18:57:00Z,MODERATE,Fitbit App
2025-08-14T18:58:00Z,MODERATE,Fitbit App
2025-08-14T18:59:00Z,MODERATE,Fitbit App
2025-08-14T19:00:00Z,MODERATE,Fitbit App
2025-08-14T19:01:00Z,MODERATE,Fitbit App
2025-08-14T19:02:00Z,MODERATE,Fitbit App
2025-08-14T19:03:00Z,MODERATE,Fitbit App
2025-08-14T19:04:00Z,MODERATE,Fitbit App
2025-08-14T19:05:00Z,MODERATE,Fitbit App
2025-08-14T19:06:00Z,MODERATE,Fitbit App
2025-08-14T19:07:00Z,MODERATE,Fitbit App
2025-08-14T19:08:00Z,MODERATE,Fitbit App
2025-08-14T19:09:00Z,MODERATE,Fitbit App
2025-08-14T19:10:00Z,MODERATE,Fitbit App
2025-08-14T19:11:00Z,MODERATE,Fitbit App
2025-08-14T19:12:00Z,MODERATE,Fitbit App
2025-08-14T19:13:00Z,MODERATE,Fitbit App
2025-08-14T19:14:00Z,MODERATE,Fitbit App
2025-08-14T19:15:00Z,MODERATE,Fitbit App
2025-08-14T19:16:00Z,MODERATE,Fitbit App
2025-08-14T19:17:00Z,MODERATE,Fitbit App
2025-08-14T19:18:00Z,MODERATE,Fitbit App
2025-08-14T19:19:00Z,MODERATE,Fitbit App
2025-08-14T19:20:00Z,MODERATE,Fitbit App
2025-08-14T19:21:00Z,MODERATE,Fitbit App
2025-08-14T19:22:00Z,MODERATE,Fitbit App
2025-08-14T19:23:00Z,MODERATE,Fitbit App
2025-08-14T19:24:00Z,MODERATE,Fitbit App
2025-08-14T19:25:00Z,MODERATE,Fitbit App
2025-08-14T19:26:00Z,MODERATE,Fitbit App
2025-08-14T19:27:00Z,MODERATE,Fitbit App
2025-08-14T19:28:00Z,MODERATE,Fitbit App
2025-08-14T19:29:00Z,MODERATE,Fitbit App
2025-08-14T19:30:00Z,MODERATE,Fitbit App
2025-08-14T19:31:00Z,MODERATE,Fitbit App
2025-08-14T19:32:00Z,MODERATE,Fitbit App
2025-08-14T19:33:00Z,MODERATE,Fitbit App
2025-08-14T19:34:00Z,MODERATE,Fitbit App
2025-08-14T19:35:00Z,MODERATE,Fitbit App
2025-08-14T19:36:00Z,MODERATE,Fitbit App
2025-08-14T19:37:00Z,MODERATE,Fitbit App
2025-08-14T19:38:00Z,MODERATE,Fitbit App
2025-08-14T19:39:00Z,MODERATE,Fitbit App
2025-08-14T19:40:00Z,MODERATE,Fitbit App
2025-08-14T19:41:00Z,MODERATE,Fitbit App
2025-08-14T19:42:00Z,MODERATE,Fitbit App
2025-08-14T19:43:00Z,MODERATE,Fitbit App
2025-08-14T19:44:00Z,MODERATE,Fitbit App
2025-08-14T19:45:00Z,MODERATE,Fitbit App
2025-08-14T19:46:00Z,MODERATE,Fitbit App
2025-08-14T19:47:00Z,MODERATE,Fitbit App
2025-08-14T19:48:00Z,MODERATE,Fitbit App
2025-08-14T19:49:00Z,MODERATE,Fitbit App
2025-08-14T19:50:00Z,MODERATE,Fitbit App
2025-08-14T19:51:00Z,MODERATE,Fitbit App
2025-08-14T19:52:00Z,MODERATE,Fitbit App
2025-08-14T19:53:00Z,MODERATE,Fitbit App
2025-08-14T19:54:00Z,MODERATE,Fitbit App
2025-08-14T19:55:00Z,MODERATE,Fitbit App
2025-08-14T19:56:00Z,MODERATE,Fitbit App
2025-08-14T19:57:00Z,MODERATE,Fitbit App
2025-08-14T19:58:00Z,MODERATE,Fitbit App
2025-08-14T19:59:00Z,MODERATE,Fitbit App
2025-08-14T20:00:00Z,MODERATE,Fitbit App
2025-08-14T20:01:00Z,MODERATE,Fitbit App
2025-08-14T20:02:00Z,MODERATE,Fitbit App
2025-08-14T20:03:00Z,MODERATE,Fitbit App
2025-08-14T20:04:00Z,MODERATE,Fitbit App
2025-08-14T20:05:00Z,MODERATE,Fitbit App
2025-08-14T20:06:00Z,MODERATE,Fitbit App
2025-08-14T20:07:00Z,MODERATE,Fitbit App
2025-08-14T20:08:00Z,MODERATE,Fitbit App
2025-08-14T20:09:00Z,MODERATE,Fitbit App
2025-08-14T20:10:00Z,MODERATE,Fitbit App
2025-08-14T20:11:00Z,MODERATE,Fitbit App
2025-08-14T20:12:00Z,MODERATE,Fitbit App
2025-08-14T20:13:00Z,MODERATE,Fitbit App
2025-08-14T20:14:00Z,MODERATE,Fitbit App
2025-08-14T20:15:00Z,LIGHT,Fitbit App
2025-08-14T20:16:00Z,LIGHT,Fitbit App
2025-08-14T20:17:00Z,LIGHT,Fitbit App
2025-08-14T20:18:00Z,LIGHT,Fitbit App
2025-08-14T20:19:00Z,LIGHT,Fitbit App
2025-08-14T20:20:00Z,LIGHT,Fitbit App
2025-08-14T20:21:00Z,LIGHT,Fitbit App
2025-08-14T20:22:00Z,LIGHT,Fitbit App
2025-08-14T20:23:00Z,LIGHT,Fitbit App
2025-08-14T20:24:00Z,LIGHT,Fitbit App
2025-08-14T20:25:00Z,LIGHT,Fitbit App
2025-08-14T20:26:00Z,LIGHT,Fitbit App
2025-08-14T20:27:00Z,LIGHT,Fitbit App
2025-08-14T20:28:00Z,LIGHT,Fitbit App
2025-08-14T20:29:00Z,LIGHT,Fitbit App
2025-08-14T20:30:00Z,LIGHT,Fitbit App
2025-08-14T20:31:00Z,LIGHT,Fitbit App
2025-08-14T20:32:00Z,LIGHT,Fitbit App
2025-08-14T20:33:00Z,MODERATE,Fitbit App
2025-08-14T20:34:00Z,MODERATE,Fitbit App
2025-08-14T20:35:00Z,LIGHT,Fitbit App
2025-08-14T20:36:00Z,LIGHT,Fitbit App
2025-08-14T20:37:00Z,LIGHT,Fitbit App
2025-08-14T20:38:00Z,LIGHT,Fitbit App
2025-08-14T20:39:00Z,LIGHT,Fitbit App
2025-08-14T20:40:00Z,LIGHT,Fitbit App
2025-08-14T20:41:00Z,LIGHT,Fitbit App
2025-08-14T20:42:00Z,LIGHT,Fitbit App
2025-08-14T20:43:00Z,LIGHT,Fitbit App
2025-08-14T20:44:00Z,LIGHT,Fitbit App
2025-08-14T20:45:00Z,LIGHT,Fitbit App
2025-08-14T20:46:00Z,LIGHT,Fitbit App
2025-08-14T20:47:00Z,LIGHT,Fitbit App
2025-08-14T20:48:00Z,LIGHT,Fitbit App
2025-08-14T20:49:00Z,LIGHT,Fitbit App
2025-08-14T20:50:00Z,LIGHT,Fitbit App
2025-08-14T20:51:00Z,LIGHT,Fitbit App
2025-08-14T20:52:00Z,LIGHT,Fitbit App
2025-08-14T20:53:00Z,LIGHT,Fitbit App
2025-08-14T20:54:00Z,LIGHT,Fitbit App
2025-08-14T20:55:00Z,LIGHT,Fitbit App
2025-08-14T20:56:00Z,LIGHT,Fitbit App
2025-08-14T20:57:00Z,LIGHT,Fitbit App
2025-08-14T20:58:00Z,LIGHT,Fitbit App
2025-08-14T20:59:00Z,LIGHT,Fitbit App
2025-08-14T21:00:00Z,LIGHT,Fitbit App
2025-08-14T21:01:00Z,LIGHT,Fitbit App
2025-08-14T21:02:00Z,LIGHT,Fitbit App
2025-08-14T21:03:00Z,LIGHT,Fitbit App
2025-08-14T21:04:00Z,LIGHT,Fitbit App
2025-08-14T21:05:00Z,LIGHT,Fitbit App
2025-08-14T21:06:00Z,LIGHT,Fitbit App
2025-08-14T21:07:00Z,LIGHT,Fitbit App
2025-08-14T21:08:00Z,LIGHT,Fitbit App
2025-08-14T21:09:00Z,LIGHT,Fitbit App
2025-08-14T21:10:00Z,LIGHT,Fitbit App
2025-08-14T21:11:00Z,LIGHT,Fitbit App
2025-08-14T21:12:00Z,LIGHT,Fitbit App
2025-08-14T21:13:00Z,LIGHT,Fitbit App
2025-08-14T21:14:00Z,LIGHT,Fitbit App
2025-08-14T21:15:00Z,LIGHT,Fitbit App
2025-08-14T21:16:00Z,LIGHT,Fitbit App
2025-08-14T21:17:00Z,LIGHT,Fitbit App
2025-08-14T21:18:00Z,LIGHT,Fitbit App
2025-08-14T21:19:00Z,LIGHT,Fitbit App
2025-08-14T21:20:00Z,LIGHT,Fitbit App
2025-08-14T21:21:00Z,LIGHT,Fitbit App
2025-08-14T21:22:00Z,LIGHT,Fitbit App
2025-08-14T21:23:00Z,LIGHT,Fitbit App
2025-08-14T21:24:00Z,LIGHT,Fitbit App
2025-08-14T21:25:00Z,LIGHT,Fitbit App
2025-08-14T21:26:00Z,LIGHT,Fitbit App
2025-08-14T21:27:00Z,LIGHT,Fitbit App
2025-08-14T21:28:00Z,LIGHT,Fitbit App
2025-08-14T21:29:00Z,LIGHT,Fitbit App
2025-08-14T21:30:00Z,LIGHT,Fitbit App
2025-08-14T21:31:00Z,LIGHT,Fitbit App
2025-08-14T21:32:00Z,LIGHT,Fitbit App
2025-08-14T21:33:00Z,LIGHT,Fitbit App
2025-08-14T21:34:00Z,LIGHT,Fitbit App
2025-08-14T21:35:00Z,LIGHT,Fitbit App
2025-08-14T21:36:00Z,LIGHT,Fitbit App
2025-08-14T21:37:00Z,LIGHT,Fitbit App
2025-08-14T21:38:00Z,LIGHT,Fitbit App
2025-08-14T21:39:00Z,LIGHT,Fitbit App
2025-08-14T21:40:00Z,LIGHT,Fitbit App
2025-08-14T21:41:00Z,LIGHT,Fitbit App
2025-08-14T21:42:00Z,LIGHT,Fitbit App
2025-08-14T21:43:00Z,LIGHT,Fitbit App
2025-08-14T21:44:00Z,LIGHT,Fitbit App
2025-08-14T21:45:00Z,LIGHT,Fitbit App
2025-08-14T21:46:00Z,LIGHT,Fitbit App
2025-08-14T21:47:00Z,LIGHT,Fitbit App
2025-08-14T21:48:00Z,LIGHT,Fitbit App
2025-08-14T21:49:00Z,LIGHT,Fitbit App
2025-08-14T21:50:00Z,LIGHT,Fitbit App
2025-08-14T21:51:00Z,LIGHT,Fitbit App
2025-08-14T21:52:00Z,LIGHT,Fitbit App
2025-08-14T21:53:00Z,LIGHT,Fitbit App
2025-08-14T21:54:00Z,LIGHT,Fitbit App
2025-08-14T21:55:00Z,LIGHT,Fitbit App
2025-08-14T21:56:00Z,LIGHT,Fitbit App
2025-08-14T21:57:00Z,LIGHT,Fitbit App
2025-08-14T21:58:00Z,LIGHT,Fitbit App
2025-08-14T21:59:00Z,LIGHT,Fitbit App
2025-08-14T22:00:00Z,LIGHT,Fitbit App
2025-08-14T22:01:00Z,LIGHT,Fitbit App
2025-08-14T22:02:00Z,LIGHT,Fitbit App
2025-08-14T22:03:00Z,LIGHT,Fitbit App
2025-08-14T22:04:00Z,MODERATE,Fitbit App
2025-08-14T22:05:00Z,LIGHT,Fitbit App
2025-08-14T22:06:00Z,LIGHT,Fitbit App
2025-08-14T22:07:00Z,LIGHT,Fitbit App
2025-08-14T22:08:00Z,LIGHT,Fitbit App
2025-08-14T22:09:00Z,LIGHT,Fitbit App
2025-08-14T22:10:00Z,LIGHT,Fitbit App
2025-08-14T22:11:00Z,LIGHT,Fitbit App
2025-08-14T22:12:00Z,LIGHT,Fitbit App
2025-08-14T22:13:00Z,LIGHT,Fitbit App
2025-08-14T22:14:00Z,LIGHT,Fitbit App
2025-08-14T22:15:00Z,MODERATE,Fitbit App
2025-08-14T22:16:00Z,LIGHT,Fitbit App
2025-08-14T22:17:00Z,LIGHT,Fitbit App
2025-08-14T22:18:00Z,LIGHT,Fitbit App
2025-08-14T22:19:00Z,LIGHT,Fitbit App
2025-08-14T22:20:00Z,LIGHT,Fitbit App
2025-08-14T22:21:00Z,LIGHT,Fitbit App
2025-08-14T22:22:00Z,LIGHT,Fitbit App
2025-08-14T22:23:00Z,LIGHT,Fitbit App
2025-08-14T22:24:00Z,LIGHT,Fitbit App
2025-08-14T22:25:00Z,LIGHT,Fitbit App
2025-08-14T22:26:00Z,LIGHT,Fitbit App
2025-08-14T22:27:00Z,LIGHT,Fitbit App
2025-08-14T22:28:00Z,LIGHT,Fitbit App
2025-08-14T22:29:00Z,LIGHT,Fitbit App
2025-08-14T22:30:00Z,LIGHT,Fitbit App
2025-08-14T22:31:00Z,LIGHT,Fitbit App
2025-08-14T22:32:00Z,LIGHT,Fitbit App
2025-08-14T22:33:00Z,LIGHT,Fitbit App
2025-08-14T22:34:00Z,LIGHT,Fitbit App
2025-08-14T22:35:00Z,LIGHT,Fitbit App
2025-08-14T22:36:00Z,LIGHT,Fitbit App
2025-08-14T22:37:00Z,LIGHT,Fitbit App
2025-08-14T22:38:00Z,LIGHT,Fitbit App
2025-08-14T22:39:00Z,LIGHT,Fitbit App
2025-08-14T22:40:00Z,LIGHT,Fitbit App
2025-08-14T22:41:00Z,MODERATE,Fitbit App
2025-08-14T22:42:00Z,LIGHT,Fitbit App
2025-08-14T22:43:00Z,MODERATE,Fitbit App
2025-08-14T22:44:00Z,LIGHT,Fitbit App
2025-08-14T22:45:00Z,LIGHT,Fitbit App
2025-08-14T22:46:00Z,LIGHT,Fitbit App
2025-08-14T22:47:00Z,LIGHT,Fitbit App
2025-08-14T22:48:00Z,LIGHT,Fitbit App
2025-08-14T22:49:00Z,MODERATE,Fitbit App
2025-08-14T22:50:00Z,LIGHT,Fitbit App
2025-08-14T22:51:00Z,LIGHT,Fitbit App
2025-08-14T22:52:00Z,LIGHT,Fitbit App
2025-08-14T22:53:00Z,LIGHT,Fitbit App
2025-08-14T22:54:00Z,LIGHT,Fitbit App
2025-08-14T22:55:00Z,LIGHT,Fitbit App
2025-08-14T22:56:00Z,LIGHT,Fitbit App
2025-08-14T22:57:00Z,LIGHT,Fitbit App
2025-08-14T22:58:00Z,LIGHT,Fitbit App
2025-08-14T22:59:00Z,LIGHT,Fitbit App
2025-08-14T23:00:00Z,LIGHT,Fitbit App
2025-08-14T23:01:00Z,LIGHT,Fitbit App
2025-08-14T23:02:00Z,LIGHT,Fitbit App
2025-08-14T23:03:00Z,LIGHT,Fitbit App
2025-08-14T23:04:00Z,LIGHT,Fitbit App
2025-08-15T03:00:00Z,LIGHT,Fitbit App
2025-08-15T03:01:00Z,LIGHT,Fitbit App
2025-08-15T03:02:00Z,LIGHT,Fitbit App
2025-08-15T03:03:00Z,LIGHT,Fitbit App
2025-08-15T03:04:00Z,LIGHT,Fitbit App
2025-08-15T03:05:00Z,LIGHT,Fitbit App
2025-08-15T03:06:00Z,LIGHT,Fitbit App
2025-08-15T03:07:00Z,LIGHT,Fitbit App
2025-08-15T03:08:00Z,LIGHT,Fitbit App
2025-08-15T03:09:00Z,LIGHT,Fitbit App
2025-08-15T03:10:00Z,LIGHT,Fitbit App
2025-08-15T03:11:00Z,LIGHT,Fitbit App
2025-08-15T03:12:00Z,LIGHT,Fitbit App
2025-08-15T03:13:00Z,LIGHT,Fitbit App
2025-08-15T03:14:00Z,LIGHT,Fitbit App
2025-08-15T03:15:00Z,LIGHT,Fitbit App
2025-08-15T03:16:00Z,LIGHT,Fitbit App
2025-08-15T03:17:00Z,LIGHT,Fitbit App
2025-08-15T03:18:00Z,LIGHT,Fitbit App
2025-08-15T03:19:00Z,LIGHT,Fitbit App
2025-08-15T03:20:00Z,LIGHT,Fitbit App
2025-08-15T03:21:00Z,LIGHT,Fitbit App
2025-08-15T03:22:00Z,LIGHT,Fitbit App
2025-08-15T03:23:00Z,LIGHT,Fitbit App
2025-08-15T03:24:00Z,LIGHT,Fitbit App
2025-08-15T03:25:00Z,LIGHT,Fitbit App
2025-08-15T03:26:00Z,LIGHT,Fitbit App
2025-08-15T03:27:00Z,LIGHT,Fitbit App
2025-08-15T03:28:00Z,LIGHT,Fitbit App
2025-08-15T03:29:00Z,LIGHT,Fitbit App
2025-08-15T03:30:00Z,LIGHT,Fitbit App
2025-08-15T03:31:00Z,LIGHT,Fitbit App
2025-08-15T03:32:00Z,LIGHT,Fitbit App
2025-08-15T03:33:00Z,LIGHT,Fitbit App
2025-08-15T03:34:00Z,LIGHT,Fitbit App
2025-08-15T03:35:00Z,LIGHT,Fitbit App
2025-08-15T03:36:00Z,LIGHT,Fitbit App
2025-08-15T03:37:00Z,LIGHT,Fitbit App
2025-08-15T03:38:00Z,LIGHT,Fitbit App
2025-08-15T03:39:00Z,LIGHT,Fitbit App
2025-08-15T03:40:00Z,LIGHT,Fitbit App
2025-08-15T03:41:00Z,LIGHT,Fitbit App
2025-08-15T03:42:00Z,LIGHT,Fitbit App
2025-08-15T03:43:00Z,LIGHT,Fitbit App
2025-08-15T03:44:00Z,LIGHT,Fitbit App
2025-08-15T03:45:00Z,LIGHT,Fitbit App
2025-08-15T03:46:00Z,LIGHT,Fitbit App
2025-08-15T03:47:00Z,LIGHT,Fitbit App
2025-08-15T03:48:00Z,LIGHT,Fitbit App
2025-08-15T03:49:00Z,LIGHT,Fitbit App
2025-08-15T03:50:00Z,LIGHT,Fitbit App
2025-08-15T03:51:00Z,LIGHT,Fitbit App
2025-08-15T03:52:00Z,LIGHT,Fitbit App
2025-08-15T03:53:00Z,LIGHT,Fitbit App
2025-08-15T03:54:00Z,LIGHT,Fitbit App
2025-08-15T03:55:00Z,LIGHT,Fitbit App
2025-08-15T03:56:00Z,LIGHT,Fitbit App
2025-08-15T03:57:00Z,LIGHT,Fitbit App
2025-08-15T03:58:00Z,LIGHT,Fitbit App
2025-08-15T03:59:00Z,LIGHT,Fitbit App
2025-08-15T04:00:00Z,LIGHT,Fitbit App
2025-08-15T04:01:00Z,LIGHT,Fitbit App
2025-08-15T04:02:00Z,LIGHT,Fitbit App
2025-08-15T04:03:00Z,LIGHT,Fitbit App
2025-08-15T04:04:00Z,LIGHT,Fitbit App
2025-08-15T04:05:00Z,LIGHT,Fitbit App
2025-08-15T04:06:00Z,LIGHT,Fitbit App
2025-08-15T04:07:00Z,LIGHT,Fitbit App
2025-08-15T04:08:00Z,LIGHT,Fitbit App
2025-08-15T04:09:00Z,LIGHT,Fitbit App
2025-08-15T04:10:00Z,LIGHT,Fitbit App
2025-08-15T04:11:00Z,LIGHT,Fitbit App
2025-08-15T04:12:00Z,LIGHT,Fitbit App
2025-08-15T04:13:00Z,LIGHT,Fitbit App
2025-08-15T04:14:00Z,LIGHT,Fitbit App
2025-08-15T04:15:00Z,LIGHT,Fitbit App
2025-08-15T04:16:00Z,LIGHT,Fitbit App
2025-08-15T04:17:00Z,LIGHT,Fitbit App
2025-08-15T04:18:00Z,LIGHT,Fitbit App
2025-08-15T04:19:00Z,LIGHT,Fitbit App
2025-08-15T04:20:00Z,LIGHT,Fitbit App
2025-08-15T04:21:00Z,LIGHT,Fitbit App
2025-08-15T04:22:00Z,LIGHT,Fitbit App
2025-08-15T04:23:00Z,LIGHT,Fitbit App
2025-08-15T04:24:00Z,LIGHT,Fitbit App
2025-08-15T04:25:00Z,LIGHT,Fitbit App
2025-08-15T04:26:00Z,LIGHT,Fitbit App
2025-08-15T04:27:00Z,LIGHT,Fitbit App
2025-08-15T04:28:00Z,LIGHT,Fitbit App
2025-08-15T04:29:00Z,LIGHT,Fitbit App
2025-08-15T04:30:00Z,LIGHT,Fitbit App
2025-08-15T04:31:00Z,LIGHT,Fitbit App
2025-08-15T04:32:00Z,LIGHT,Fitbit App
2025-08-15T04:33:00Z,LIGHT,Fitbit App
2025-08-15T04:34:00Z,LIGHT,Fitbit App
2025-08-15T04:35:00Z,LIGHT,Fitbit App
2025-08-15T04:36:00Z,LIGHT,Fitbit App
2025-08-15T04:37:00Z,LIGHT,Fitbit App
2025-08-15T04:38:00Z,LIGHT,Fitbit App
2025-08-15T04:39:00Z,LIGHT,Fitbit App
2025-08-15T04:40:00Z,LIGHT,Fitbit App
2025-08-15T04:41:00Z,LIGHT,Fitbit App
2025-08-15T04:42:00Z,LIGHT,Fitbit App
2025-08-15T04:43:00Z,LIGHT,Fitbit App
2025-08-15T04:44:00Z,LIGHT,Fitbit App
2025-08-15T04:45:00Z,LIGHT,Fitbit App
2025-08-15T04:46:00Z,LIGHT,Fitbit App
2025-08-15T04:47:00Z,LIGHT,Fitbit App
2025-08-15T04:48:00Z,LIGHT,Fitbit App
2025-08-15T04:49:00Z,LIGHT,Fitbit App
2025-08-15T04:50:00Z,LIGHT,Fitbit App
2025-08-15T04:51:00Z,LIGHT,Fitbit App
2025-08-15T04:52:00Z,LIGHT,Fitbit App
2025-08-15T04:53:00Z,LIGHT,Fitbit App
2025-08-15T04:54:00Z,LIGHT,Fitbit App
2025-08-15T04:55:00Z,LIGHT,Fitbit App
2025-08-15T04:56:00Z,LIGHT,Fitbit App
2025-08-15T04:57:00Z,LIGHT,Fitbit App
2025-08-15T04:58:00Z,LIGHT,Fitbit App
2025-08-15T04:59:00Z,LIGHT,Fitbit App
2025-08-15T05:00:00Z,LIGHT,Fitbit App
2025-08-15T05:01:00Z,LIGHT,Fitbit App
2025-08-15T05:02:00Z,LIGHT,Fitbit App
2025-08-15T05:03:00Z,LIGHT,Fitbit App
2025-08-15T05:04:00Z,LIGHT,Fitbit App
2025-08-15T05:05:00Z,LIGHT,Fitbit App
2025-08-15T05:06:00Z,LIGHT,Fitbit App
2025-08-15T05:07:00Z,LIGHT,Fitbit App
2025-08-15T05:08:00Z,LIGHT,Fitbit App
2025-08-15T05:09:00Z,LIGHT,Fitbit App
2025-08-15T05:10:00Z,LIGHT,Fitbit App
2025-08-15T05:11:00Z,LIGHT,Fitbit App
2025-08-15T05:12:00Z,LIGHT,Fitbit App
2025-08-15T05:13:00Z,LIGHT,Fitbit App
2025-08-15T05:14:00Z,LIGHT,Fitbit App
2025-08-15T05:15:00Z,LIGHT,Fitbit App
2025-08-15T05:16:00Z,LIGHT,Fitbit App
2025-08-15T05:17:00Z,LIGHT,Fitbit App
2025-08-15T05:18:00Z,LIGHT,Fitbit App
2025-08-15T05:19:00Z,LIGHT,Fitbit App
2025-08-15T05:20:00Z,LIGHT,Fitbit App
2025-08-15T05:21:00Z,LIGHT,Fitbit App
2025-08-15T05:22:00Z,LIGHT,Fitbit App
2025-08-15T05:23:00Z,LIGHT,Fitbit App
2025-08-15T05:24:00Z,LIGHT,Fitbit App
2025-08-15T05:25:00Z,LIGHT,Fitbit App
2025-08-15T05:26:00Z,LIGHT,Fitbit App
2025-08-15T05:27:00Z,LIGHT,Fitbit App
2025-08-15T05:28:00Z,LIGHT,Fitbit App
2025-08-15T05:29:00Z,LIGHT,Fitbit App
2025-08-15T05:30:00Z,LIGHT,Fitbit App
2025-08-15T05:31:00Z,LIGHT,Fitbit App
2025-08-15T05:32:00Z,LIGHT,Fitbit App
2025-08-15T05:33:00Z,LIGHT,Fitbit App
2025-08-15T05:34:00Z,LIGHT,Fitbit App
2025-08-15T05:35:00Z,LIGHT,Fitbit App
2025-08-15T05:36:00Z,LIGHT,Fitbit App
2025-08-15T05:37:00Z,LIGHT,Fitbit App
2025-08-15T05:38:00Z,LIGHT,Fitbit App
2025-08-15T05:39:00Z,LIGHT,Fitbit App
2025-08-15T05:40:00Z,LIGHT,Fitbit App
2025-08-15T05:41:00Z,LIGHT,Fitbit App
2025-08-15T05:42:00Z,LIGHT,Fitbit App
2025-08-15T05:43:00Z,LIGHT,Fitbit App
2025-08-15T05:44:00Z,LIGHT,Fitbit App
2025-08-15T05:45:00Z,LIGHT,Fitbit App
2025-08-15T05:46:00Z,LIGHT,Fitbit App
2025-08-15T05:47:00Z,LIGHT,Fitbit App
2025-08-15T05:48:00Z,LIGHT,Fitbit App
2025-08-15T05:49:00Z,LIGHT,Fitbit App
2025-08-15T05:50:00Z,LIGHT,Fitbit App
2025-08-15T05:51:00Z,LIGHT,Fitbit App
2025-08-15T05:52:00Z,LIGHT,Fitbit App
2025-08-15T05:53:00Z,LIGHT,Fitbit App
2025-08-15T05:54:00Z,LIGHT,Fitbit App
2025-08-15T05:55:00Z,LIGHT,Fitbit App
2025-08-15T05:56:00Z,LIGHT,Fitbit App
2025-08-15T05:57:00Z,LIGHT,Fitbit App
2025-08-15T05:58:00Z,LIGHT,Fitbit App
2025-08-15T05:59:00Z,LIGHT,Fitbit App
2025-08-15T06:00:00Z,LIGHT,Fitbit App
2025-08-15T06:01:00Z,LIGHT,Fitbit App
2025-08-15T06:02:00Z,LIGHT,Fitbit App
2025-08-15T06:03:00Z,LIGHT,Fitbit App
2025-08-15T06:04:00Z,LIGHT,Fitbit App
2025-08-15T06:05:00Z,LIGHT,Fitbit App
2025-08-15T06:06:00Z,LIGHT,Fitbit App
2025-08-15T06:07:00Z,LIGHT,Fitbit App
2025-08-15T06:08:00Z,LIGHT,Fitbit App
2025-08-15T06:09:00Z,LIGHT,Fitbit App
2025-08-15T06:10:00Z,LIGHT,Fitbit App
2025-08-15T06:11:00Z,LIGHT,Fitbit App
2025-08-15T06:12:00Z,LIGHT,Fitbit App
2025-08-15T06:13:00Z,LIGHT,Fitbit App
2025-08-15T06:14:00Z,LIGHT,Fitbit App
2025-08-15T06:15:00Z,LIGHT,Fitbit App
2025-08-15T06:16:00Z,LIGHT,Fitbit App
2025-08-15T06:17:00Z,LIGHT,Fitbit App
2025-08-15T06:18:00Z,LIGHT,Fitbit App
2025-08-15T06:19:00Z,LIGHT,Fitbit App
2025-08-15T06:20:00Z,LIGHT,Fitbit App
2025-08-15T06:21:00Z,LIGHT,Fitbit App
2025-08-15T06:22:00Z,LIGHT,Fitbit App
2025-08-15T06:23:00Z,LIGHT,Fitbit App
2025-08-15T06:24:00Z,LIGHT,Fitbit App
2025-08-15T06:25:00Z,LIGHT,Fitbit App
2025-08-15T06:26:00Z,LIGHT,Fitbit App
2025-08-15T06:27:00Z,LIGHT,Fitbit App
2025-08-15T06:28:00Z,LIGHT,Fitbit App
2025-08-15T06:29:00Z,LIGHT,Fitbit App
2025-08-15T06:30:00Z,LIGHT,Fitbit App
2025-08-15T06:31:00Z,LIGHT,Fitbit App
2025-08-15T06:32:00Z,LIGHT,Fitbit App
2025-08-15T06:33:00Z,LIGHT,Fitbit App
2025-08-15T06:34:00Z,LIGHT,Fitbit App
2025-08-15T06:35:00Z,LIGHT,Fitbit App
2025-08-15T06:36:00Z,LIGHT,Fitbit App
2025-08-15T06:37:00Z,LIGHT,Fitbit App
2025-08-15T06:38:00Z,LIGHT,Fitbit App
2025-08-15T06:39:00Z,LIGHT,Fitbit App
2025-08-15T06:40:00Z,LIGHT,Fitbit App
2025-08-15T06:41:00Z,LIGHT,Fitbit App
2025-08-15T06:42:00Z,LIGHT,Fitbit App
2025-08-15T06:43:00Z,LIGHT,Fitbit App
2025-08-15T06:44:00Z,LIGHT,Fitbit App
2025-08-15T06:45:00Z,LIGHT,Fitbit App
2025-08-15T06:46:00Z,LIGHT,Fitbit App
2025-08-15T06:47:00Z,MODERATE,Fitbit App
2025-08-15T06:48:00Z,MODERATE,Fitbit App
2025-08-15T06:49:00Z,MODERATE,Fitbit App
2025-08-15T06:50:00Z,MODERATE,Fitbit App
2025-08-15T06:51:00Z,MODERATE,Fitbit App
2025-08-15T06:52:00Z,MODERATE,Fitbit App
2025-08-15T06:53:00Z,MODERATE,Fitbit App
2025-08-15T06:54:00Z,MODERATE,Fitbit App
2025-08-15T06:55:00Z,MODERATE,Fitbit App
2025-08-15T06:56:00Z,MODERATE,Fitbit App
2025-08-15T06:57:00Z,MODERATE,Fitbit App
2025-08-15T06:58:00Z,MODERATE,Fitbit App
2025-08-15T06:59:00Z,MODERATE,Fitbit App
2025-08-15T07:00:00Z,MODERATE,Fitbit App
2025-08-15T07:01:00Z,MODERATE,Fitbit App
2025-08-15T07:02:00Z,MODERATE,Fitbit App
2025-08-15T07:03:00Z,MODERATE,Fitbit App
2025-08-15T07:04:00Z,MODERATE,Fitbit App
2025-08-15T07:05:00Z,MODERATE,Fitbit App
2025-08-15T07:06:00Z,MODERATE,Fitbit App
2025-08-15T07:07:00Z,MODERATE,Fitbit App
2025-08-15T07:08:00Z,MODERATE,Fitbit App
2025-08-15T07:09:00Z,MODERATE,Fitbit App
2025-08-15T07:10:00Z,MODERATE,Fitbit App
2025-08-15T07:11:00Z,MODERATE,Fitbit App
2025-08-15T07:12:00Z,MODERATE,Fitbit App
2025-08-15T07:13:00Z,MODERATE,Fitbit App
2025-08-15T07:14:00Z,MODERATE,Fitbit App
2025-08-15T07:15:00Z,MODERATE,Fitbit App
2025-08-15T07:16:00Z,MODERATE,Fitbit App
2025-08-15T07:17:00Z,MODERATE,Fitbit App
2025-08-15T07:18:00Z,MODERATE,Fitbit App
2025-08-15T07:19:00Z,MODERATE,Fitbit App
2025-08-15T07:20:00Z,MODERATE,Fitbit App
2025-08-15T07:21:00Z,MODERATE,Fitbit App
2025-08-15T07:22:00Z,MODERATE,Fitbit App
2025-08-15T07:23:00Z,MODERATE,Fitbit App
2025-08-15T07:24:00Z,MODERATE,Fitbit App
2025-08-15T07:25:00Z,MODERATE,Fitbit App
2025-08-15T07:26:00Z,MODERATE,Fitbit App
2025-08-15T07:27:00Z,MODERATE,Fitbit App
2025-08-15T07:28:00Z,MODERATE,Fitbit App
2025-08-15T07:29:00Z,MODERATE,Fitbit App
2025-08-15T07:30:00Z,MODERATE,Fitbit App
2025-08-15T07:31:00Z,MODERATE,Fitbit App
2025-08-15T07:32:00Z,MODERATE,Fitbit App
2025-08-15T07:33:00Z,MODERATE,Fitbit App
2025-08-15T07:34:00Z,MODERATE,Fitbit App
2025-08-15T07:35:00Z,MODERATE,Fitbit App
2025-08-15T07:36:00Z,MODERATE,Fitbit App
2025-08-15T07:37:00Z,LIGHT,Fitbit App
2025-08-15T07:38:00Z,LIGHT,Fitbit App
2025-08-15T07:39:00Z,LIGHT,Fitbit App
2025-08-15T07:40:00Z,LIGHT,Fitbit App
2025-08-15T07:41:00Z,LIGHT,Fitbit App
2025-08-15T08:18:00Z,MODERATE,Fitbit App
2025-08-15T08:19:00Z,MODERATE,Fitbit App
2025-08-15T08:20:00Z,LIGHT,Fitbit App
2025-08-15T08:21:00Z,LIGHT,Fitbit App
2025-08-15T08:22:00Z,LIGHT,Fitbit App
2025-08-15T08:23:00Z,MODERATE,Fitbit App
2025-08-15T08:24:00Z,MODERATE,Fitbit App
2025-08-15T08:25:00Z,MODERATE,Fitbit App
2025-08-15T08:26:00Z,MODERATE,Fitbit App
2025-08-15T08:27:00Z,MODERATE,Fitbit App
2025-08-15T08:28:00Z,MODERATE,Fitbit App
2025-08-15T08:29:00Z,MODERATE,Fitbit App
2025-08-15T08:30:00Z,MODERATE,Fitbit App
2025-08-15T08:31:00Z,MODERATE,Fitbit App
2025-08-15T08:32:00Z,MODERATE,Fitbit App
2025-08-15T08:33:00Z,MODERATE,Fitbit App
2025-08-15T08:34:00Z,MODERATE,Fitbit App
2025-08-15T08:35:00Z,MODERATE,Fitbit App
2025-08-15T08:36:00Z,MODERATE,Fitbit App
2025-08-15T08:37:00Z,MODERATE,Fitbit App
2025-08-15T08:38:00Z,MODERATE,Fitbit App
2025-08-15T08:39:00Z,MODERATE,Fitbit App
2025-08-15T08:40:00Z,MODERATE,Fitbit App
2025-08-15T08:41:00Z,MODERATE,Fitbit App
2025-08-15T08:42:00Z,MODERATE,Fitbit App
2025-08-15T08:43:00Z,LIGHT,Fitbit App
2025-08-15T08:44:00Z,LIGHT,Fitbit App
2025-08-15T08:45:00Z,LIGHT,Fitbit App
2025-08-15T08:46:00Z,LIGHT,Fitbit App
2025-08-15T08:47:00Z,LIGHT,Fitbit App
2025-08-15T08:48:00Z,LIGHT,Fitbit App
2025-08-15T08:49:00Z,LIGHT,Fitbit App
2025-08-15T08:50:00Z,LIGHT,Fitbit App
2025-08-15T08:51:00Z,LIGHT,Fitbit App
2025-08-15T08:52:00Z,LIGHT,Fitbit App
2025-08-15T08:53:00Z,LIGHT,Fitbit App
2025-08-15T08:54:00Z,LIGHT,Fitbit App
2025-08-15T08:55:00Z,LIGHT,Fitbit App
2025-08-15T08:56:00Z,LIGHT,Fitbit App
2025-08-15T08:57:00Z,LIGHT,Fitbit App
2025-08-15T08:58:00Z,LIGHT,Fitbit App
2025-08-15T08:59:00Z,LIGHT,Fitbit App
2025-08-15T09:00:00Z,LIGHT,Fitbit App
2025-08-15T09:01:00Z,LIGHT,Fitbit App
2025-08-15T09:02:00Z,LIGHT,Fitbit App
2025-08-15T09:03:00Z,LIGHT,Fitbit App
2025-08-15T09:04:00Z,LIGHT,Fitbit App
2025-08-15T09:05:00Z,LIGHT,Fitbit App
2025-08-15T09:06:00Z,LIGHT,Fitbit App
2025-08-15T09:07:00Z,LIGHT,Fitbit App
2025-08-15T09:08:00Z,LIGHT,Fitbit App
2025-08-15T09:09:00Z,LIGHT,Fitbit App
2025-08-15T09:10:00Z,LIGHT,Fitbit App
2025-08-15T09:11:00Z,LIGHT,Fitbit App
2025-08-15T09:12:00Z,MODERATE,Fitbit App
2025-08-15T09:13:00Z,MODERATE,Fitbit App
2025-08-15T09:14:00Z,MODERATE,Fitbit App
2025-08-15T09:15:00Z,MODERATE,Fitbit App
2025-08-15T09:16:00Z,MODERATE,Fitbit App
2025-08-15T09:17:00Z,MODERATE,Fitbit App
2025-08-15T09:18:00Z,MODERATE,Fitbit App
2025-08-15T09:19:00Z,MODERATE,Fitbit App
2025-08-15T09:20:00Z,MODERATE,Fitbit App
2025-08-15T09:21:00Z,MODERATE,Fitbit App
2025-08-15T09:22:00Z,MODERATE,Fitbit App
2025-08-15T09:23:00Z,MODERATE,Fitbit App
2025-08-15T09:24:00Z,MODERATE,Fitbit App
2025-08-15T09:25:00Z,MODERATE,Fitbit App
2025-08-15T09:26:00Z,MODERATE,Fitbit App
2025-08-15T09:27:00Z,MODERATE,Fitbit App
2025-08-15T09:28:00Z,MODERATE,Fitbit App
2025-08-15T09:29:00Z,MODERATE,Fitbit App
2025-08-15T09:30:00Z,MODERATE,Fitbit App
2025-08-15T09:31:00Z,MODERATE,Fitbit App
2025-08-15T09:32:00Z,MODERATE,Fitbit App
2025-08-15T09:33:00Z,MODERATE,Fitbit App
2025-08-15T09:34:00Z,MODERATE,Fitbit App
2025-08-15T09:35:00Z,MODERATE,Fitbit App
2025-08-15T09:36:00Z,MODERATE,Fitbit App
2025-08-15T09:37:00Z,MODERATE,Fitbit App
2025-08-15T09:38:00Z,MODERATE,Fitbit App
2025-08-15T09:39:00Z,MODERATE,Fitbit App
2025-08-15T09:40:00Z,MODERATE,Fitbit App
2025-08-15T09:41:00Z,MODERATE,Fitbit App
2025-08-15T09:42:00Z,MODERATE,Fitbit App
2025-08-15T09:43:00Z,MODERATE,Fitbit App
2025-08-15T09:44:00Z,MODERATE,Fitbit App
2025-08-15T09:45:00Z,MODERATE,Fitbit App
2025-08-15T09:46:00Z,MODERATE,Fitbit App
2025-08-15T09:47:00Z,MODERATE,Fitbit App
2025-08-15T09:48:00Z,MODERATE,Fitbit App
2025-08-15T09:49:00Z,MODERATE,Fitbit App
2025-08-15T09:50:00Z,MODERATE,Fitbit App
2025-08-15T09:51:00Z,MODERATE,Fitbit App
2025-08-15T09:52:00Z,MODERATE,Fitbit App
2025-08-15T09:53:00Z,MODERATE,Fitbit App
2025-08-15T09:54:00Z,MODERATE,Fitbit App
2025-08-15T09:55:00Z,MODERATE,Fitbit App
2025-08-15T09:56:00Z,MODERATE,Fitbit App
2025-08-15T09:57:00Z,MODERATE,Fitbit App
2025-08-15T09:58:00Z,MODERATE,Fitbit App
2025-08-15T09:59:00Z,MODERATE,Fitbit App
2025-08-15T10:00:00Z,MODERATE,Fitbit App
2025-08-15T10:01:00Z,MODERATE,Fitbit App
2025-08-15T10:02:00Z,MODERATE,Fitbit App
2025-08-15T10:03:00Z,MODERATE,Fitbit App
2025-08-15T10:04:00Z,MODERATE,Fitbit App
2025-08-15T10:05:00Z,LIGHT,Fitbit App
2025-08-15T10:06:00Z,MODERATE,Fitbit App
2025-08-15T10:07:00Z,LIGHT,Fitbit App
2025-08-15T10:08:00Z,LIGHT,Fitbit App
2025-08-15T10:09:00Z,LIGHT,Fitbit App
2025-08-15T10:10:00Z,LIGHT,Fitbit App
2025-08-15T10:11:00Z,LIGHT,Fitbit App
2025-08-15T10:12:00Z,LIGHT,Fitbit App
2025-08-15T10:13:00Z,LIGHT,Fitbit App
2025-08-15T10:14:00Z,LIGHT,Fitbit App
2025-08-15T10:15:00Z,LIGHT,Fitbit App
2025-08-15T10:16:00Z,LIGHT,Fitbit App
2025-08-15T10:17:00Z,LIGHT,Fitbit App
2025-08-15T10:18:00Z,LIGHT,Fitbit App
2025-08-15T10:19:00Z,LIGHT,Fitbit App
2025-08-15T10:20:00Z,LIGHT,Fitbit App
2025-08-15T10:21:00Z,LIGHT,Fitbit App
2025-08-15T10:22:00Z,LIGHT,Fitbit App
2025-08-15T10:23:00Z,LIGHT,Fitbit App
2025-08-15T10:24:00Z,LIGHT,Fitbit App
2025-08-15T10:25:00Z,LIGHT,Fitbit App
2025-08-15T10:26:00Z,LIGHT,Fitbit App
2025-08-15T10:27:00Z,LIGHT,Fitbit App
2025-08-15T10:28:00Z,LIGHT,Fitbit App
2025-08-15T10:29:00Z,LIGHT,Fitbit App
2025-08-15T10:30:00Z,LIGHT,Fitbit App
2025-08-15T10:31:00Z,LIGHT,Fitbit App
2025-08-15T10:32:00Z,LIGHT,Fitbit App
2025-08-15T10:33:00Z,LIGHT,Fitbit App
2025-08-15T10:34:00Z,LIGHT,Fitbit App
2025-08-15T10:35:00Z,LIGHT,Fitbit App
2025-08-15T10:36:00Z,LIGHT,Fitbit App
2025-08-15T10:37:00Z,LIGHT,Fitbit App
2025-08-15T10:38:00Z,LIGHT,Fitbit App
2025-08-15T10:39:00Z,LIGHT,Fitbit App
2025-08-15T10:40:00Z,LIGHT,Fitbit App
2025-08-15T10:41:00Z,LIGHT,Fitbit App
2025-08-15T10:42:00Z,LIGHT,Fitbit App
2025-08-15T10:43:00Z,LIGHT,Fitbit App
2025-08-15T10:44:00Z,LIGHT,Fitbit App
2025-08-15T10:45:00Z,LIGHT,Fitbit App
2025-08-15T10:46:00Z,LIGHT,Fitbit App
2025-08-15T10:47:00Z,LIGHT,Fitbit App
2025-08-15T10:48:00Z,LIGHT,Fitbit App
2025-08-15T10:49:00Z,LIGHT,Fitbit App
2025-08-15T10:50:00Z,LIGHT,Fitbit App
2025-08-15T10:51:00Z,LIGHT,Fitbit App
2025-08-15T10:52:00Z,LIGHT,Fitbit App
2025-08-15T10:53:00Z,LIGHT,Fitbit App
2025-08-15T10:54:00Z,LIGHT,Fitbit App
2025-08-15T10:55:00Z,LIGHT,Fitbit App
2025-08-15T10:56:00Z,LIGHT,Fitbit App
2025-08-15T10:57:00Z,LIGHT,Fitbit App
2025-08-15T10:58:00Z,LIGHT,Fitbit App
2025-08-15T10:59:00Z,LIGHT,Fitbit App
2025-08-15T11:00:00Z,LIGHT,Fitbit App
2025-08-15T11:01:00Z,LIGHT,Fitbit App
2025-08-15T11:02:00Z,LIGHT,Fitbit App
2025-08-15T11:03:00Z,LIGHT,Fitbit App
2025-08-15T11:04:00Z,LIGHT,Fitbit App
2025-08-15T11:05:00Z,LIGHT,Fitbit App
2025-08-15T11:06:00Z,LIGHT,Fitbit App
2025-08-15T11:07:00Z,LIGHT,Fitbit App
2025-08-15T11:08:00Z,LIGHT,Fitbit App
2025-08-15T11:09:00Z,LIGHT,Fitbit App
2025-08-15T11:10:00Z,LIGHT,Fitbit App
2025-08-15T11:11:00Z,LIGHT,Fitbit App
2025-08-15T11:12:00Z,MODERATE,Fitbit App
2025-08-15T11:13:00Z,MODERATE,Fitbit App
2025-08-15T11:14:00Z,MODERATE,Fitbit App
2025-08-15T11:15:00Z,LIGHT,Fitbit App
2025-08-15T11:16:00Z,LIGHT,Fitbit App
2025-08-15T11:17:00Z,LIGHT,Fitbit App
2025-08-15T11:18:00Z,LIGHT,Fitbit App
2025-08-15T11:19:00Z,LIGHT,Fitbit App
2025-08-15T11:20:00Z,LIGHT,Fitbit App
2025-08-15T11:21:00Z,LIGHT,Fitbit App
2025-08-15T11:22:00Z,MODERATE,Fitbit App
2025-08-15T11:23:00Z,MODERATE,Fitbit App
2025-08-15T11:24:00Z,MODERATE,Fitbit App
2025-08-15T11:25:00Z,MODERATE,Fitbit App
2025-08-15T11:26:00Z,LIGHT,Fitbit App
2025-08-15T11:27:00Z,LIGHT,Fitbit App
2025-08-15T11:28:00Z,LIGHT,Fitbit App
2025-08-15T11:29:00Z,LIGHT,Fitbit App
2025-08-15T11:30:00Z,LIGHT,Fitbit App
2025-08-15T11:31:00Z,MODERATE,Fitbit App
2025-08-15T11:32:00Z,LIGHT,Fitbit App
2025-08-15T11:33:00Z,LIGHT,Fitbit App
2025-08-15T11:34:00Z,LIGHT,Fitbit App
2025-08-15T11:35:00Z,LIGHT,Fitbit App
2025-08-15T11:36:00Z,LIGHT,Fitbit App
2025-08-15T11:37:00Z,LIGHT,Fitbit App
2025-08-15T11:38:00Z,LIGHT,Fitbit App
2025-08-15T11:39:00Z,LIGHT,Fitbit App
2025-08-15T11:40:00Z,LIGHT,Fitbit App
2025-08-15T11:41:00Z,LIGHT,Fitbit App
2025-08-15T11:42:00Z,LIGHT,Fitbit App
2025-08-15T11:43:00Z,LIGHT,Fitbit App
2025-08-15T11:44:00Z,LIGHT,Fitbit App
2025-08-15T11:45:00Z,LIGHT,Fitbit App
2025-08-15T11:46:00Z,LIGHT,Fitbit App
2025-08-15T11:47:00Z,LIGHT,Fitbit App
2025-08-15T11:48:00Z,LIGHT,Fitbit App
2025-08-15T11:49:00Z,LIGHT,Fitbit App
2025-08-15T11:50:00Z,LIGHT,Fitbit App
2025-08-15T11:51:00Z,LIGHT,Fitbit App
2025-08-15T11:52:00Z,LIGHT,Fitbit App
2025-08-15T11:53:00Z,LIGHT,Fitbit App
2025-08-15T11:54:00Z,LIGHT,Fitbit App
2025-08-15T11:55:00Z,LIGHT,Fitbit App
2025-08-15T11:56:00Z,LIGHT,Fitbit App
2025-08-15T11:57:00Z,LIGHT,Fitbit App
2025-08-15T11:58:00Z,LIGHT,Fitbit App
2025-08-15T11:59:00Z,LIGHT,Fitbit App
2025-08-15T12:00:00Z,LIGHT,Fitbit App
2025-08-15T12:01:00Z,LIGHT,Fitbit App
2025-08-15T12:02:00Z,LIGHT,Fitbit App
2025-08-15T12:03:00Z,LIGHT,Fitbit App
2025-08-15T12:04:00Z,LIGHT,Fitbit App
2025-08-15T12:05:00Z,LIGHT,Fitbit App
2025-08-15T12:06:00Z,LIGHT,Fitbit App
2025-08-15T12:07:00Z,LIGHT,Fitbit App
2025-08-15T12:08:00Z,LIGHT,Fitbit App
2025-08-15T12:09:00Z,LIGHT,Fitbit App
2025-08-15T12:10:00Z,LIGHT,Fitbit App
2025-08-15T12:11:00Z,LIGHT,Fitbit App
2025-08-15T12:12:00Z,LIGHT,Fitbit App
2025-08-15T12:13:00Z,LIGHT,Fitbit App
2025-08-15T12:14:00Z,LIGHT,Fitbit App
2025-08-15T12:15:00Z,LIGHT,Fitbit App
2025-08-15T12:16:00Z,LIGHT,Fitbit App
2025-08-15T12:17:00Z,LIGHT,Fitbit App
2025-08-15T12:18:00Z,LIGHT,Fitbit App
2025-08-15T12:19:00Z,LIGHT,Fitbit App
2025-08-15T12:20:00Z,LIGHT,Fitbit App
2025-08-15T12:21:00Z,LIGHT,Fitbit App
2025-08-15T12:22:00Z,LIGHT,Fitbit App
2025-08-15T12:23:00Z,LIGHT,Fitbit App
2025-08-15T12:24:00Z,LIGHT,Fitbit App
2025-08-15T12:25:00Z,LIGHT,Fitbit App
2025-08-15T12:26:00Z,LIGHT,Fitbit App
2025-08-15T12:27:00Z,LIGHT,Fitbit App
2025-08-15T12:28:00Z,LIGHT,Fitbit App
2025-08-15T12:29:00Z,LIGHT,Fitbit App
2025-08-15T12:30:00Z,LIGHT,Fitbit App
2025-08-15T12:31:00Z,LIGHT,Fitbit App
2025-08-15T12:32:00Z,LIGHT,Fitbit App
2025-08-15T12:33:00Z,LIGHT,Fitbit App
2025-08-15T12:34:00Z,LIGHT,Fitbit App
2025-08-15T12:35:00Z,LIGHT,Fitbit App
2025-08-15T12:36:00Z,LIGHT,Fitbit App
2025-08-15T12:37:00Z,LIGHT,Fitbit App
2025-08-15T12:38:00Z,LIGHT,Fitbit App
2025-08-15T12:39:00Z,LIGHT,Fitbit App
2025-08-15T12:40:00Z,LIGHT,Fitbit App
2025-08-15T12:41:00Z,LIGHT,Fitbit App
2025-08-15T12:42:00Z,LIGHT,Fitbit App
2025-08-15T12:43:00Z,LIGHT,Fitbit App
2025-08-15T12:44:00Z,LIGHT,Fitbit App
2025-08-15T12:45:00Z,LIGHT,Fitbit App
2025-08-15T12:46:00Z,LIGHT,Fitbit App
2025-08-15T12:47:00Z,LIGHT,Fitbit App
2025-08-15T12:48:00Z,LIGHT,Fitbit App
2025-08-15T12:49:00Z,LIGHT,Fitbit App
2025-08-15T12:50:00Z,LIGHT,Fitbit App
2025-08-15T12:51:00Z,LIGHT,Fitbit App
2025-08-15T12:52:00Z,LIGHT,Fitbit App
2025-08-15T12:53:00Z,LIGHT,Fitbit App
2025-08-15T12:54:00Z,LIGHT,Fitbit App
2025-08-15T12:55:00Z,LIGHT,Fitbit App
2025-08-15T12:56:00Z,LIGHT,Fitbit App
2025-08-15T12:57:00Z,LIGHT,Fitbit App
2025-08-15T12:58:00Z,LIGHT,Fitbit App
2025-08-15T12:59:00Z,LIGHT,Fitbit App
2025-08-15T13:00:00Z,LIGHT,Fitbit App
2025-08-15T13:01:00Z,LIGHT,Fitbit App
2025-08-15T13:02:00Z,LIGHT,Fitbit App
2025-08-15T13:03:00Z,LIGHT,Fitbit App
2025-08-15T13:04:00Z,LIGHT,Fitbit App
2025-08-15T13:05:00Z,LIGHT,Fitbit App
2025-08-15T13:06:00Z,LIGHT,Fitbit App
2025-08-15T13:07:00Z,LIGHT,Fitbit App
2025-08-15T13:08:00Z,LIGHT,Fitbit App
2025-08-15T13:09:00Z,LIGHT,Fitbit App
2025-08-15T13:10:00Z,LIGHT,Fitbit App
2025-08-15T13:11:00Z,MODERATE,Fitbit App
2025-08-15T13:12:00Z,LIGHT,Fitbit App
2025-08-15T13:13:00Z,LIGHT,Fitbit App
2025-08-15T13:14:00Z,LIGHT,Fitbit App
2025-08-15T13:15:00Z,LIGHT,Fitbit App
2025-08-15T13:16:00Z,LIGHT,Fitbit App
2025-08-15T13:17:00Z,LIGHT,Fitbit App
2025-08-15T13:18:00Z,LIGHT,Fitbit App
2025-08-15T13:19:00Z,LIGHT,Fitbit App
2025-08-15T13:20:00Z,LIGHT,Fitbit App
2025-08-15T13:21:00Z,LIGHT,Fitbit App
2025-08-15T13:22:00Z,LIGHT,Fitbit App
2025-08-15T13:23:00Z,LIGHT,Fitbit App
2025-08-15T13:24:00Z,LIGHT,Fitbit App
2025-08-15T13:25:00Z,LIGHT,Fitbit App
2025-08-15T13:26:00Z,LIGHT,Fitbit App
2025-08-15T13:27:00Z,LIGHT,Fitbit App
2025-08-15T13:28:00Z,LIGHT,Fitbit App
2025-08-15T13:29:00Z,LIGHT,Fitbit App
2025-08-15T13:30:00Z,LIGHT,Fitbit App
2025-08-15T13:31:00Z,LIGHT,Fitbit App
2025-08-15T13:32:00Z,LIGHT,Fitbit App
2025-08-15T13:33:00Z,LIGHT,Fitbit App
2025-08-15T13:34:00Z,LIGHT,Fitbit App
2025-08-15T13:35:00Z,LIGHT,Fitbit App
2025-08-15T13:36:00Z,LIGHT,Fitbit App
2025-08-15T13:37:00Z,LIGHT,Fitbit App
2025-08-15T13:38:00Z,LIGHT,Fitbit App
2025-08-15T13:39:00Z,LIGHT,Fitbit App
2025-08-15T13:40:00Z,LIGHT,Fitbit App
2025-08-15T13:41:00Z,LIGHT,Fitbit App
2025-08-15T13:42:00Z,LIGHT,Fitbit App
2025-08-15T13:43:00Z,LIGHT,Fitbit App
2025-08-15T13:44:00Z,MODERATE,Fitbit App
2025-08-15T13:45:00Z,LIGHT,Fitbit App
2025-08-15T13:46:00Z,LIGHT,Fitbit App
2025-08-15T13:47:00Z,LIGHT,Fitbit App
2025-08-15T13:48:00Z,LIGHT,Fitbit App
2025-08-15T13:49:00Z,LIGHT,Fitbit App
2025-08-15T13:50:00Z,LIGHT,Fitbit App
2025-08-15T13:51:00Z,MODERATE,Fitbit App
2025-08-15T13:52:00Z,MODERATE,Fitbit App
2025-08-15T13:53:00Z,LIGHT,Fitbit App
2025-08-15T13:54:00Z,LIGHT,Fitbit App
2025-08-15T13:55:00Z,LIGHT,Fitbit App
2025-08-15T13:56:00Z,LIGHT,Fitbit App
2025-08-15T13:57:00Z,LIGHT,Fitbit App
2025-08-15T13:58:00Z,LIGHT,Fitbit App
2025-08-15T13:59:00Z,LIGHT,Fitbit App
2025-08-15T14:00:00Z,LIGHT,Fitbit App
2025-08-15T14:01:00Z,MODERATE,Fitbit App
2025-08-15T14:02:00Z,MODERATE,Fitbit App
2025-08-15T14:03:00Z,MODERATE,Fitbit App
2025-08-15T14:04:00Z,MODERATE,Fitbit App
2025-08-15T14:05:00Z,LIGHT,Fitbit App
2025-08-15T14:06:00Z,MODERATE,Fitbit App
2025-08-15T14:07:00Z,VIGOROUS,Fitbit App
2025-08-15T14:08:00Z,MODERATE,Fitbit App
2025-08-15T14:09:00Z,LIGHT,Fitbit App
2025-08-15T14:10:00Z,LIGHT,Fitbit App
2025-08-15T14:11:00Z,MODERATE,Fitbit App
2025-08-15T14:12:00Z,LIGHT,Fitbit App
2025-08-15T14:13:00Z,LIGHT,Fitbit App
2025-08-15T14:14:00Z,LIGHT,Fitbit App
2025-08-15T14:15:00Z,LIGHT,Fitbit App
2025-08-15T14:16:00Z,LIGHT,Fitbit App
2025-08-15T14:17:00Z,LIGHT,Fitbit App
2025-08-15T14:18:00Z,LIGHT,Fitbit App
2025-08-15T14:19:00Z,LIGHT,Fitbit App
2025-08-15T14:20:00Z,LIGHT,Fitbit App
2025-08-15T14:21:00Z,LIGHT,Fitbit App
2025-08-15T14:22:00Z,LIGHT,Fitbit App
2025-08-15T14:23:00Z,LIGHT,Fitbit App
2025-08-15T14:24:00Z,LIGHT,Fitbit App
2025-08-15T14:25:00Z,LIGHT,Fitbit App
2025-08-15T14:26:00Z,LIGHT,Fitbit App
2025-08-15T14:27:00Z,LIGHT,Fitbit App
2025-08-15T14:28:00Z,LIGHT,Fitbit App
2025-08-15T14:29:00Z,LIGHT,Fitbit App
2025-08-15T14:30:00Z,LIGHT,Fitbit App
2025-08-15T14:31:00Z,LIGHT,Fitbit App
2025-08-15T14:32:00Z,LIGHT,Fitbit App
2025-08-15T14:33:00Z,LIGHT,Fitbit App
2025-08-15T14:34:00Z,LIGHT,Fitbit App
2025-08-15T14:35:00Z,LIGHT,Fitbit App
2025-08-15T14:36:00Z,LIGHT,Fitbit App
2025-08-15T14:37:00Z,LIGHT,Fitbit App
2025-08-15T14:38:00Z,LIGHT,Fitbit App
2025-08-15T14:39:00Z,LIGHT,Fitbit App
2025-08-15T14:40:00Z,LIGHT,Fitbit App
2025-08-15T14:41:00Z,LIGHT,Fitbit App
2025-08-15T14:42:00Z,LIGHT,Fitbit App
2025-08-15T14:43:00Z,LIGHT,Fitbit App
2025-08-15T14:44:00Z,LIGHT,Fitbit App
2025-08-15T14:45:00Z,LIGHT,Fitbit App
2025-08-15T14:46:00Z,LIGHT,Fitbit App
2025-08-15T14:47:00Z,LIGHT,Fitbit App
2025-08-15T14:48:00Z,LIGHT,Fitbit App
2025-08-15T14:49:00Z,LIGHT,Fitbit App
2025-08-15T14:50:00Z,LIGHT,Fitbit App
2025-08-15T14:51:00Z,LIGHT,Fitbit App
2025-08-15T14:52:00Z,LIGHT,Fitbit App
2025-08-15T14:53:00Z,VIGOROUS,Fitbit App
2025-08-15T14:54:00Z,LIGHT,Fitbit App
2025-08-15T14:55:00Z,LIGHT,Fitbit App
2025-08-15T14:56:00Z,LIGHT,Fitbit App
2025-08-15T14:57:00Z,LIGHT,Fitbit App
2025-08-15T14:58:00Z,LIGHT,Fitbit App
2025-08-15T14:59:00Z,LIGHT,Fitbit App
2025-08-15T15:00:00Z,LIGHT,Fitbit App
2025-08-15T15:01:00Z,LIGHT,Fitbit App
2025-08-15T15:02:00Z,LIGHT,Fitbit App
2025-08-15T15:03:00Z,LIGHT,Fitbit App
2025-08-15T15:04:00Z,LIGHT,Fitbit App
2025-08-15T15:05:00Z,LIGHT,Fitbit App
2025-08-15T15:06:00Z,LIGHT,Fitbit App
2025-08-15T15:07:00Z,LIGHT,Fitbit App
2025-08-15T15:08:00Z,LIGHT,Fitbit App
2025-08-15T15:09:00Z,MODERATE,Fitbit App
2025-08-15T15:10:00Z,MODERATE,Fitbit App
2025-08-15T15:11:00Z,LIGHT,Fitbit App
2025-08-15T15:12:00Z,MODERATE,Fitbit App
2025-08-15T15:13:00Z,LIGHT,Fitbit App
2025-08-15T15:14:00Z,LIGHT,Fitbit App
2025-08-15T15:15:00Z,LIGHT,Fitbit App
2025-08-15T15:16:00Z,LIGHT,Fitbit App
2025-08-15T15:17:00Z,LIGHT,Fitbit App
2025-08-15T15:18:00Z,LIGHT,Fitbit App
2025-08-15T15:19:00Z,LIGHT,Fitbit App
2025-08-15T15:20:00Z,LIGHT,Fitbit App
2025-08-15T15:21:00Z,LIGHT,Fitbit App
2025-08-15T15:22:00Z,LIGHT,Fitbit App
2025-08-15T15:23:00Z,LIGHT,Fitbit App
2025-08-15T15:24:00Z,LIGHT,Fitbit App
2025-08-15T15:25:00Z,LIGHT,Fitbit App
2025-08-15T15:26:00Z,LIGHT,Fitbit App
2025-08-15T15:27:00Z,LIGHT,Fitbit App
2025-08-15T15:28:00Z,LIGHT,Fitbit App
2025-08-15T15:29:00Z,LIGHT,Fitbit App
2025-08-15T15:30:00Z,LIGHT,Fitbit App
2025-08-15T15:31:00Z,LIGHT,Fitbit App
2025-08-15T15:32:00Z,LIGHT,Fitbit App
2025-08-15T15:33:00Z,LIGHT,Fitbit App
2025-08-15T15:34:00Z,LIGHT,Fitbit App
2025-08-15T15:35:00Z,LIGHT,Fitbit App
2025-08-15T15:36:00Z,LIGHT,Fitbit App
2025-08-15T15:37:00Z,LIGHT,Fitbit App
2025-08-15T15:38:00Z,LIGHT,Fitbit App
2025-08-15T15:39:00Z,LIGHT,Fitbit App
2025-08-15T15:40:00Z,LIGHT,Fitbit App
2025-08-15T15:41:00Z,LIGHT,Fitbit App
2025-08-15T15:42:00Z,LIGHT,Fitbit App
2025-08-15T15:43:00Z,LIGHT,Fitbit App
2025-08-15T15:44:00Z,LIGHT,Fitbit App
2025-08-15T15:45:00Z,LIGHT,Fitbit App
2025-08-15T15:46:00Z,LIGHT,Fitbit App
2025-08-15T15:47:00Z,LIGHT,Fitbit App
2025-08-15T15:48:00Z,LIGHT,Fitbit App
2025-08-15T15:49:00Z,LIGHT,Fitbit App
2025-08-15T15:50:00Z,LIGHT,Fitbit App
2025-08-15T15:51:00Z,LIGHT,Fitbit App
2025-08-15T15:52:00Z,LIGHT,Fitbit App
2025-08-15T15:53:00Z,LIGHT,Fitbit App
2025-08-15T15:54:00Z,LIGHT,Fitbit App
2025-08-15T15:55:00Z,LIGHT,Fitbit App
2025-08-15T15:56:00Z,LIGHT,Fitbit App
2025-08-15T15:57:00Z,LIGHT,Fitbit App
2025-08-15T15:58:00Z,LIGHT,Fitbit App
2025-08-15T15:59:00Z,LIGHT,Fitbit App
2025-08-15T16:00:00Z,LIGHT,Fitbit App
2025-08-15T16:01:00Z,LIGHT,Fitbit App
2025-08-15T16:02:00Z,LIGHT,Fitbit App
2025-08-15T16:03:00Z,LIGHT,Fitbit App
2025-08-15T16:04:00Z,LIGHT,Fitbit App
2025-08-15T16:05:00Z,LIGHT,Fitbit App
2025-08-15T16:06:00Z,LIGHT,Fitbit App
2025-08-15T16:07:00Z,LIGHT,Fitbit App
2025-08-15T16:08:00Z,LIGHT,Fitbit App
2025-08-15T16:09:00Z,LIGHT,Fitbit App
2025-08-15T16:10:00Z,LIGHT,Fitbit App
2025-08-15T16:11:00Z,LIGHT,Fitbit App
2025-08-15T16:12:00Z,LIGHT,Fitbit App
2025-08-15T16:13:00Z,LIGHT,Fitbit App
2025-08-15T16:14:00Z,LIGHT,Fitbit App
2025-08-15T16:15:00Z,LIGHT,Fitbit App
2025-08-15T16:16:00Z,LIGHT,Fitbit App
2025-08-15T16:17:00Z,LIGHT,Fitbit App
2025-08-15T16:18:00Z,LIGHT,Fitbit App
2025-08-15T16:19:00Z,LIGHT,Fitbit App
2025-08-15T16:20:00Z,MODERATE,Fitbit App
2025-08-15T16:21:00Z,LIGHT,Fitbit App
2025-08-15T16:22:00Z,LIGHT,Fitbit App
2025-08-15T16:23:00Z,LIGHT,Fitbit App
2025-08-15T16:24:00Z,LIGHT,Fitbit App
2025-08-15T16:25:00Z,LIGHT,Fitbit App
2025-08-15T16:26:00Z,LIGHT,Fitbit App
2025-08-15T16:27:00Z,LIGHT,Fitbit App
2025-08-15T16:28:00Z,LIGHT,Fitbit App
2025-08-15T16:29:00Z,LIGHT,Fitbit App
2025-08-15T16:30:00Z,LIGHT,Fitbit App
2025-08-15T16:31:00Z,MODERATE,Fitbit App
2025-08-15T16:32:00Z,LIGHT,Fitbit App
2025-08-15T16:33:00Z,MODERATE,Fitbit App
2025-08-15T16:34:00Z,MODERATE,Fitbit App
2025-08-15T16:35:00Z,LIGHT,Fitbit App
2025-08-15T16:36:00Z,LIGHT,Fitbit App
2025-08-15T16:37:00Z,LIGHT,Fitbit App
2025-08-15T16:38:00Z,MODERATE,Fitbit App
2025-08-15T16:39:00Z,MODERATE,Fitbit App
2025-08-15T16:40:00Z,LIGHT,Fitbit App
2025-08-15T16:41:00Z,LIGHT,Fitbit App
2025-08-15T16:42:00Z,LIGHT,Fitbit App
2025-08-15T16:43:00Z,LIGHT,Fitbit App
2025-08-15T16:44:00Z,LIGHT,Fitbit App
2025-08-15T16:45:00Z,LIGHT,Fitbit App
2025-08-15T16:46:00Z,LIGHT,Fitbit App
2025-08-15T16:47:00Z,LIGHT,Fitbit App
2025-08-15T16:48:00Z,LIGHT,Fitbit App
2025-08-15T16:49:00Z,LIGHT,Fitbit App
2025-08-15T16:50:00Z,LIGHT,Fitbit App
2025-08-15T16:51:00Z,LIGHT,Fitbit App
2025-08-15T16:52:00Z,LIGHT,Fitbit App
2025-08-15T16:53:00Z,LIGHT,Fitbit App
2025-08-15T16:54:00Z,LIGHT,Fitbit App
2025-08-15T16:55:00Z,LIGHT,Fitbit App
2025-08-15T16:56:00Z,LIGHT,Fitbit App
2025-08-15T16:57:00Z,LIGHT,Fitbit App
2025-08-15T16:58:00Z,LIGHT,Fitbit App
2025-08-15T16:59:00Z,LIGHT,Fitbit App
2025-08-15T17:00:00Z,LIGHT,Fitbit App
2025-08-15T17:01:00Z,LIGHT,Fitbit App
2025-08-15T17:02:00Z,MODERATE,Fitbit App
2025-08-15T17:03:00Z,MODERATE,Fitbit App
2025-08-15T17:04:00Z,LIGHT,Fitbit App
2025-08-15T17:05:00Z,LIGHT,Fitbit App
2025-08-15T17:06:00Z,MODERATE,Fitbit App
2025-08-15T17:07:00Z,MODERATE,Fitbit App
2025-08-15T17:08:00Z,LIGHT,Fitbit App
2025-08-15T17:09:00Z,LIGHT,Fitbit App
2025-08-15T17:10:00Z,LIGHT,Fitbit App
2025-08-15T17:11:00Z,MODERATE,Fitbit App
2025-08-15T17:12:00Z,LIGHT,Fitbit App
2025-08-15T17:13:00Z,LIGHT,Fitbit App
2025-08-15T17:14:00Z,LIGHT,Fitbit App
2025-08-15T17:15:00Z,LIGHT,Fitbit App
2025-08-15T17:16:00Z,LIGHT,Fitbit App
2025-08-15T17:17:00Z,LIGHT,Fitbit App
2025-08-15T17:18:00Z,LIGHT,Fitbit App
2025-08-15T17:19:00Z,LIGHT,Fitbit App
2025-08-15T17:20:00Z,LIGHT,Fitbit App
2025-08-15T17:21:00Z,LIGHT,Fitbit App
2025-08-15T17:22:00Z,LIGHT,Fitbit App
2025-08-15T17:23:00Z,MODERATE,Fitbit App
2025-08-15T17:24:00Z,MODERATE,Fitbit App
2025-08-15T17:25:00Z,MODERATE,Fitbit App
2025-08-15T17:26:00Z,MODERATE,Fitbit App
2025-08-15T17:27:00Z,MODERATE,Fitbit App
2025-08-15T17:28:00Z,MODERATE,Fitbit App
2025-08-15T17:29:00Z,LIGHT,Fitbit App
2025-08-15T17:30:00Z,LIGHT,Fitbit App
2025-08-15T17:31:00Z,LIGHT,Fitbit App
2025-08-15T17:32:00Z,LIGHT,Fitbit App
2025-08-15T17:33:00Z,LIGHT,Fitbit App
2025-08-15T17:34:00Z,LIGHT,Fitbit App
2025-08-15T17:35:00Z,LIGHT,Fitbit App
2025-08-15T17:36:00Z,LIGHT,Fitbit App
2025-08-15T17:37:00Z,LIGHT,Fitbit App
2025-08-15T17:38:00Z,LIGHT,Fitbit App
2025-08-15T17:39:00Z,LIGHT,Fitbit App
2025-08-15T17:40:00Z,LIGHT,Fitbit App
2025-08-15T17:41:00Z,LIGHT,Fitbit App
2025-08-15T17:42:00Z,LIGHT,Fitbit App
2025-08-15T17:43:00Z,LIGHT,Fitbit App
2025-08-15T17:44:00Z,LIGHT,Fitbit App
2025-08-15T17:45:00Z,LIGHT,Fitbit App
2025-08-15T17:46:00Z,LIGHT,Fitbit App
2025-08-15T17:47:00Z,LIGHT,Fitbit App
2025-08-15T17:48:00Z,LIGHT,Fitbit App
2025-08-15T17:49:00Z,LIGHT,Fitbit App
2025-08-15T17:50:00Z,MODERATE,Fitbit App
2025-08-15T17:51:00Z,MODERATE,Fitbit App
2025-08-15T17:52:00Z,LIGHT,Fitbit App
2025-08-15T17:53:00Z,MODERATE,Fitbit App
2025-08-15T17:54:00Z,MODERATE,Fitbit App
2025-08-15T17:55:00Z,MODERATE,Fitbit App
2025-08-15T17:56:00Z,MODERATE,Fitbit App
2025-08-15T17:57:00Z,MODERATE,Fitbit App
2025-08-15T17:58:00Z,LIGHT,Fitbit App
2025-08-15T17:59:00Z,LIGHT,Fitbit App
2025-08-15T18:00:00Z,LIGHT,Fitbit App
2025-08-15T18:01:00Z,MODERATE,Fitbit App
2025-08-15T18:02:00Z,VIGOROUS,Fitbit App
2025-08-15T18:03:00Z,MODERATE,Fitbit App
2025-08-15T18:04:00Z,MODERATE,Fitbit App
2025-08-15T18:05:00Z,LIGHT,Fitbit App
2025-08-15T18:06:00Z,MODERATE,Fitbit App
2025-08-15T18:07:00Z,MODERATE,Fitbit App
2025-08-15T18:08:00Z,LIGHT,Fitbit App
2025-08-15T18:09:00Z,LIGHT,Fitbit App
2025-08-15T18:10:00Z,LIGHT,Fitbit App
2025-08-15T18:11:00Z,LIGHT,Fitbit App
2025-08-15T18:12:00Z,LIGHT,Fitbit App
2025-08-15T18:13:00Z,LIGHT,Fitbit App
2025-08-15T18:14:00Z,LIGHT,Fitbit App
2025-08-15T18:15:00Z,LIGHT,Fitbit App
2025-08-15T18:16:00Z,LIGHT,Fitbit App
2025-08-15T18:17:00Z,LIGHT,Fitbit App
2025-08-15T18:18:00Z,LIGHT,Fitbit App
2025-08-15T18:19:00Z,LIGHT,Fitbit App
2025-08-15T18:20:00Z,LIGHT,Fitbit App
2025-08-15T18:21:00Z,LIGHT,Fitbit App
2025-08-15T18:22:00Z,LIGHT,Fitbit App
2025-08-15T18:23:00Z,LIGHT,Fitbit App
2025-08-15T18:24:00Z,LIGHT,Fitbit App
2025-08-15T18:25:00Z,LIGHT,Fitbit App
2025-08-15T18:26:00Z,LIGHT,Fitbit App
2025-08-15T18:27:00Z,LIGHT,Fitbit App
2025-08-15T18:28:00Z,LIGHT,Fitbit App
2025-08-15T18:29:00Z,LIGHT,Fitbit App
2025-08-15T18:30:00Z,LIGHT,Fitbit App
2025-08-15T18:31:00Z,LIGHT,Fitbit App
2025-08-15T18:32:00Z,LIGHT,Fitbit App
2025-08-15T18:33:00Z,LIGHT,Fitbit App
2025-08-15T18:34:00Z,LIGHT,Fitbit App
2025-08-15T18:35:00Z,LIGHT,Fitbit App
2025-08-15T18:36:00Z,LIGHT,Fitbit App
2025-08-15T18:37:00Z,LIGHT,Fitbit App
2025-08-15T18:38:00Z,LIGHT,Fitbit App
2025-08-15T18:39:00Z,LIGHT,Fitbit App
2025-08-15T18:40:00Z,LIGHT,Fitbit App
2025-08-15T18:41:00Z,LIGHT,Fitbit App
2025-08-15T18:42:00Z,LIGHT,Fitbit App
2025-08-15T18:43:00Z,LIGHT,Fitbit App
2025-08-15T18:44:00Z,LIGHT,Fitbit App
2025-08-15T18:45:00Z,LIGHT,Fitbit App
2025-08-15T18:46:00Z,LIGHT,Fitbit App
2025-08-15T18:47:00Z,LIGHT,Fitbit App
2025-08-15T18:48:00Z,LIGHT,Fitbit App
2025-08-15T18:49:00Z,LIGHT,Fitbit App
2025-08-15T18:50:00Z,LIGHT,Fitbit App
2025-08-15T18:51:00Z,LIGHT,Fitbit App
2025-08-15T18:52:00Z,LIGHT,Fitbit App
2025-08-15T18:53:00Z,LIGHT,Fitbit App
2025-08-15T18:54:00Z,LIGHT,Fitbit App
2025-08-15T18:55:00Z,LIGHT,Fitbit App
2025-08-15T18:56:00Z,MODERATE,Fitbit App
2025-08-15T18:57:00Z,LIGHT,Fitbit App
2025-08-15T18:58:00Z,LIGHT,Fitbit App
2025-08-15T18:59:00Z,LIGHT,Fitbit App
2025-08-15T19:00:00Z,LIGHT,Fitbit App
2025-08-15T19:01:00Z,MODERATE,Fitbit App
2025-08-15T19:02:00Z,MODERATE,Fitbit App
2025-08-15T19:03:00Z,LIGHT,Fitbit App
2025-08-15T19:04:00Z,LIGHT,Fitbit App
2025-08-15T19:05:00Z,LIGHT,Fitbit App
2025-08-15T19:06:00Z,LIGHT,Fitbit App
2025-08-15T19:07:00Z,MODERATE,Fitbit App
2025-08-15T19:08:00Z,LIGHT,Fitbit App
2025-08-15T19:09:00Z,LIGHT,Fitbit App
2025-08-15T19:10:00Z,MODERATE,Fitbit App
2025-08-15T19:11:00Z,MODERATE,Fitbit App
2025-08-15T19:12:00Z,LIGHT,Fitbit App
2025-08-15T19:13:00Z,LIGHT,Fitbit App
2025-08-15T19:14:00Z,LIGHT,Fitbit App
2025-08-15T19:15:00Z,LIGHT,Fitbit App
2025-08-15T19:16:00Z,LIGHT,Fitbit App
2025-08-15T19:17:00Z,LIGHT,Fitbit App
2025-08-15T19:18:00Z,LIGHT,Fitbit App
2025-08-15T19:19:00Z,MODERATE,Fitbit App
2025-08-15T19:20:00Z,MODERATE,Fitbit App
2025-08-15T19:21:00Z,LIGHT,Fitbit App
2025-08-15T19:22:00Z,LIGHT,Fitbit App
2025-08-15T19:23:00Z,LIGHT,Fitbit App
2025-08-15T19:24:00Z,LIGHT,Fitbit App
2025-08-15T19:25:00Z,MODERATE,Fitbit App
2025-08-15T19:26:00Z,LIGHT,Fitbit App
2025-08-15T19:27:00Z,LIGHT,Fitbit App
2025-08-15T19:28:00Z,LIGHT,Fitbit App
2025-08-15T19:29:00Z,LIGHT,Fitbit App
2025-08-15T19:30:00Z,LIGHT,Fitbit App
2025-08-15T19:31:00Z,LIGHT,Fitbit App
2025-08-15T19:32:00Z,LIGHT,Fitbit App
2025-08-15T19:33:00Z,MODERATE,Fitbit App
2025-08-15T19:34:00Z,MODERATE,Fitbit App
2025-08-15T19:35:00Z,MODERATE,Fitbit App
2025-08-15T19:36:00Z,VIGOROUS,Fitbit App
2025-08-15T19:37:00Z,VIGOROUS,Fitbit App
2025-08-15T19:38:00Z,MODERATE,Fitbit App
2025-08-15T19:39:00Z,VIGOROUS,Fitbit App
2025-08-15T19:40:00Z,VIGOROUS,Fitbit App
2025-08-15T19:41:00Z,MODERATE,Fitbit App
2025-08-15T19:42:00Z,MODERATE,Fitbit App
2025-08-15T19:43:00Z,MODERATE,Fitbit App
2025-08-15T19:44:00Z,MODERATE,Fitbit App
2025-08-15T19:45:00Z,MODERATE,Fitbit App
2025-08-15T19:46:00Z,MODERATE,Fitbit App
2025-08-15T19:47:00Z,MODERATE,Fitbit App
2025-08-15T19:48:00Z,MODERATE,Fitbit App
2025-08-15T19:49:00Z,MODERATE,Fitbit App
2025-08-15T19:50:00Z,MODERATE,Fitbit App
2025-08-15T19:51:00Z,MODERATE,Fitbit App
2025-08-15T19:52:00Z,LIGHT,Fitbit App
2025-08-15T19:53:00Z,LIGHT,Fitbit App
2025-08-15T19:54:00Z,LIGHT,Fitbit App
2025-08-15T19:55:00Z,LIGHT,Fitbit App
2025-08-15T19:56:00Z,LIGHT,Fitbit App
2025-08-15T19:57:00Z,LIGHT,Fitbit App
2025-08-15T19:58:00Z,LIGHT,Fitbit App
2025-08-15T19:59:00Z,LIGHT,Fitbit App
2025-08-15T20:00:00Z,LIGHT,Fitbit App
2025-08-15T20:01:00Z,LIGHT,Fitbit App
2025-08-15T20:02:00Z,LIGHT,Fitbit App
2025-08-15T20:03:00Z,LIGHT,Fitbit App
2025-08-15T20:04:00Z,LIGHT,Fitbit App
2025-08-15T20:05:00Z,LIGHT,Fitbit App
2025-08-15T20:06:00Z,LIGHT,Fitbit App
2025-08-15T20:07:00Z,LIGHT,Fitbit App
2025-08-15T20:08:00Z,LIGHT,Fitbit App
2025-08-15T20:09:00Z,LIGHT,Fitbit App
2025-08-15T20:10:00Z,LIGHT,Fitbit App
2025-08-15T20:11:00Z,LIGHT,Fitbit App
2025-08-15T20:12:00Z,LIGHT,Fitbit App
2025-08-15T20:13:00Z,LIGHT,Fitbit App
2025-08-15T20:14:00Z,LIGHT,Fitbit App
2025-08-15T20:15:00Z,LIGHT,Fitbit App
2025-08-15T20:16:00Z,LIGHT,Fitbit App
2025-08-15T20:17:00Z,LIGHT,Fitbit App
2025-08-15T20:18:00Z,LIGHT,Fitbit App
2025-08-15T20:19:00Z,MODERATE,Fitbit App
2025-08-15T20:20:00Z,LIGHT,Fitbit App
2025-08-15T20:21:00Z,MODERATE,Fitbit App
2025-08-15T20:22:00Z,MODERATE,Fitbit App
2025-08-15T20:23:00Z,LIGHT,Fitbit App
2025-08-15T20:24:00Z,LIGHT,Fitbit App
2025-08-15T20:25:00Z,MODERATE,Fitbit App
2025-08-15T20:26:00Z,LIGHT,Fitbit App
2025-08-15T20:27:00Z,LIGHT,Fitbit App
2025-08-15T20:28:00Z,LIGHT,Fitbit App
2025-08-15T20:29:00Z,LIGHT,Fitbit App
2025-08-15T20:30:00Z,LIGHT,Fitbit App
2025-08-15T20:31:00Z,LIGHT,Fitbit App
2025-08-15T20:32:00Z,LIGHT,Fitbit App
2025-08-15T20:33:00Z,LIGHT,Fitbit App
2025-08-15T20:34:00Z,LIGHT,Fitbit App
2025-08-15T20:35:00Z,LIGHT,Fitbit App
2025-08-15T20:36:00Z,LIGHT,Fitbit App
2025-08-15T20:37:00Z,LIGHT,Fitbit App
2025-08-15T20:38:00Z,LIGHT,Fitbit App
2025-08-15T20:39:00Z,LIGHT,Fitbit App
2025-08-15T20:40:00Z,LIGHT,Fitbit App
2025-08-15T20:41:00Z,MODERATE,Fitbit App
2025-08-15T20:42:00Z,MODERATE,Fitbit App
2025-08-15T20:43:00Z,MODERATE,Fitbit App
2025-08-15T20:44:00Z,LIGHT,Fitbit App
2025-08-15T20:45:00Z,LIGHT,Fitbit App
2025-08-15T20:46:00Z,LIGHT,Fitbit App
2025-08-15T20:47:00Z,MODERATE,Fitbit App
2025-08-15T20:48:00Z,LIGHT,Fitbit App
2025-08-15T20:49:00Z,LIGHT,Fitbit App
2025-08-15T20:50:00Z,LIGHT,Fitbit App
2025-08-15T20:51:00Z,LIGHT,Fitbit App
2025-08-15T20:52:00Z,LIGHT,Fitbit App
2025-08-15T20:53:00Z,LIGHT,Fitbit App
2025-08-15T20:54:00Z,LIGHT,Fitbit App
2025-08-15T20:55:00Z,LIGHT,Fitbit App
2025-08-15T20:56:00Z,LIGHT,Fitbit App
2025-08-15T20:57:00Z,LIGHT,Fitbit App
2025-08-15T20:58:00Z,LIGHT,Fitbit App
2025-08-15T20:59:00Z,LIGHT,Fitbit App
2025-08-15T21:00:00Z,LIGHT,Fitbit App
2025-08-15T21:01:00Z,LIGHT,Fitbit App
2025-08-15T21:02:00Z,LIGHT,Fitbit App
2025-08-15T21:03:00Z,LIGHT,Fitbit App
2025-08-15T21:04:00Z,LIGHT,Fitbit App
2025-08-15T21:05:00Z,LIGHT,Fitbit App
2025-08-15T21:06:00Z,LIGHT,Fitbit App
2025-08-15T21:07:00Z,LIGHT,Fitbit App
2025-08-15T21:08:00Z,LIGHT,Fitbit App
2025-08-15T21:09:00Z,LIGHT,Fitbit App
2025-08-15T21:10:00Z,LIGHT,Fitbit App
2025-08-15T21:11:00Z,LIGHT,Fitbit App
2025-08-15T21:12:00Z,LIGHT,Fitbit App
2025-08-15T21:13:00Z,LIGHT,Fitbit App
2025-08-15T21:14:00Z,LIGHT,Fitbit App
2025-08-15T21:15:00Z,LIGHT,Fitbit App
2025-08-15T21:16:00Z,LIGHT,Fitbit App
2025-08-15T21:17:00Z,LIGHT,Fitbit App
2025-08-15T21:18:00Z,LIGHT,Fitbit App
2025-08-15T21:19:00Z,LIGHT,Fitbit App
2025-08-15T21:20:00Z,LIGHT,Fitbit App
2025-08-15T21:21:00Z,LIGHT,Fitbit App
2025-08-15T21:22:00Z,LIGHT,Fitbit App
2025-08-15T21:23:00Z,LIGHT,Fitbit App
2025-08-15T21:24:00Z,LIGHT,Fitbit App
2025-08-15T21:25:00Z,LIGHT,Fitbit App
2025-08-15T21:26:00Z,LIGHT,Fitbit App
2025-08-15T21:27:00Z,LIGHT,Fitbit App
2025-08-15T21:28:00Z,LIGHT,Fitbit App
2025-08-15T21:29:00Z,LIGHT,Fitbit App
2025-08-15T21:30:00Z,LIGHT,Fitbit App
2025-08-15T21:31:00Z,LIGHT,Fitbit App
2025-08-15T21:32:00Z,LIGHT,Fitbit App
2025-08-15T21:33:00Z,LIGHT,Fitbit App
2025-08-15T21:34:00Z,LIGHT,Fitbit App
2025-08-15T21:35:00Z,LIGHT,Fitbit App
2025-08-15T21:36:00Z,LIGHT,Fitbit App
2025-08-15T21:37:00Z,LIGHT,Fitbit App
2025-08-15T21:38:00Z,LIGHT,Fitbit App
2025-08-15T21:39:00Z,LIGHT,Fitbit App
2025-08-15T21:40:00Z,LIGHT,Fitbit App
2025-08-15T21:41:00Z,LIGHT,Fitbit App
2025-08-15T21:42:00Z,LIGHT,Fitbit App
2025-08-15T21:43:00Z,LIGHT,Fitbit App
2025-08-15T21:44:00Z,LIGHT,Fitbit App
2025-08-15T21:45:00Z,LIGHT,Fitbit App
2025-08-15T21:46:00Z,LIGHT,Fitbit App
2025-08-15T21:47:00Z,LIGHT,Fitbit App
2025-08-15T21:48:00Z,LIGHT,Fitbit App
2025-08-15T21:49:00Z,LIGHT,Fitbit App
2025-08-15T21:50:00Z,LIGHT,Fitbit App
2025-08-15T21:51:00Z,LIGHT,Fitbit App
2025-08-15T21:52:00Z,LIGHT,Fitbit App
2025-08-15T21:53:00Z,LIGHT,Fitbit App
2025-08-15T21:54:00Z,LIGHT,Fitbit App
2025-08-15T21:55:00Z,LIGHT,Fitbit App
2025-08-15T21:56:00Z,LIGHT,Fitbit App
2025-08-15T21:57:00Z,LIGHT,Fitbit App
2025-08-15T21:58:00Z,LIGHT,Fitbit App
2025-08-15T21:59:00Z,LIGHT,Fitbit App
2025-08-15T22:00:00Z,LIGHT,Fitbit App
2025-08-15T22:01:00Z,LIGHT,Fitbit App
2025-08-15T22:02:00Z,LIGHT,Fitbit App
2025-08-15T22:03:00Z,LIGHT,Fitbit App
2025-08-15T22:04:00Z,LIGHT,Fitbit App
2025-08-15T22:05:00Z,LIGHT,Fitbit App
2025-08-15T22:06:00Z,LIGHT,Fitbit App
2025-08-15T22:07:00Z,LIGHT,Fitbit App
2025-08-15T22:08:00Z,LIGHT,Fitbit App
2025-08-15T22:09:00Z,LIGHT,Fitbit App
2025-08-15T22:10:00Z,LIGHT,Fitbit App
2025-08-15T22:11:00Z,LIGHT,Fitbit App
2025-08-15T22:12:00Z,LIGHT,Fitbit App
2025-08-15T22:13:00Z,LIGHT,Fitbit App
2025-08-15T22:14:00Z,LIGHT,Fitbit App
2025-08-15T22:15:00Z,LIGHT,Fitbit App
2025-08-15T22:16:00Z,LIGHT,Fitbit App
2025-08-15T22:17:00Z,LIGHT,Fitbit App
2025-08-15T22:18:00Z,LIGHT,Fitbit App
2025-08-15T22:19:00Z,LIGHT,Fitbit App
2025-08-15T22:20:00Z,LIGHT,Fitbit App
2025-08-15T22:21:00Z,LIGHT,Fitbit App
2025-08-15T22:22:00Z,LIGHT,Fitbit App
2025-08-15T22:23:00Z,LIGHT,Fitbit App
2025-08-15T22:24:00Z,LIGHT,Fitbit App
2025-08-15T22:25:00Z,LIGHT,Fitbit App
2025-08-15T22:26:00Z,LIGHT,Fitbit App
2025-08-15T22:27:00Z,LIGHT,Fitbit App
2025-08-15T22:28:00Z,LIGHT,Fitbit App
2025-08-15T22:29:00Z,LIGHT,Fitbit App
2025-08-15T22:30:00Z,LIGHT,Fitbit App
2025-08-15T22:31:00Z,LIGHT,Fitbit App
2025-08-15T22:32:00Z,LIGHT,Fitbit App
2025-08-15T22:33:00Z,LIGHT,Fitbit App
2025-08-15T22:34:00Z,LIGHT,Fitbit App
2025-08-15T22:35:00Z,LIGHT,Fitbit App
2025-08-15T22:36:00Z,LIGHT,Fitbit App
2025-08-15T22:37:00Z,LIGHT,Fitbit App
2025-08-15T22:38:00Z,LIGHT,Fitbit App
2025-08-15T22:39:00Z,LIGHT,Fitbit App
2025-08-15T22:40:00Z,LIGHT,Fitbit App
2025-08-15T22:41:00Z,LIGHT,Fitbit App
2025-08-15T22:42:00Z,LIGHT,Fitbit App
2025-08-15T22:43:00Z,LIGHT,Fitbit App
2025-08-15T22:44:00Z,LIGHT,Fitbit App
2025-08-15T22:45:00Z,LIGHT,Fitbit App
2025-08-15T22:46:00Z,LIGHT,Fitbit App
2025-08-15T22:47:00Z,LIGHT,Fitbit App
2025-08-15T22:48:00Z,LIGHT,Fitbit App
2025-08-15T22:49:00Z,LIGHT,Fitbit App
2025-08-15T22:50:00Z,LIGHT,Fitbit App
2025-08-15T22:51:00Z,LIGHT,Fitbit App
2025-08-15T22:52:00Z,LIGHT,Fitbit App
2025-08-15T22:53:00Z,LIGHT,Fitbit App
2025-08-15T22:54:00Z,LIGHT,Fitbit App
2025-08-15T22:55:00Z,LIGHT,Fitbit App
2025-08-15T22:56:00Z,LIGHT,Fitbit App
2025-08-15T22:57:00Z,LIGHT,Fitbit App
2025-08-15T22:58:00Z,LIGHT,Fitbit App
2025-08-15T22:59:00Z,LIGHT,Fitbit App
2025-08-15T23:00:00Z,LIGHT,Fitbit App
2025-08-15T23:01:00Z,LIGHT,Fitbit App
2025-08-15T23:02:00Z,LIGHT,Fitbit App
2025-08-15T23:03:00Z,LIGHT,Fitbit App
2025-08-15T23:04:00Z,LIGHT,Fitbit App
2025-08-15T23:05:00Z,LIGHT,Fitbit App
2025-08-15T23:06:00Z,LIGHT,Fitbit App
2025-08-15T23:07:00Z,LIGHT,Fitbit App
2025-08-15T23:08:00Z,LIGHT,Fitbit App
2025-08-15T23:09:00Z,LIGHT,Fitbit App
2025-08-15T23:10:00Z,LIGHT,Fitbit App
2025-08-15T23:11:00Z,LIGHT,Fitbit App
2025-08-15T23:12:00Z,LIGHT,Fitbit App
2025-08-15T23:13:00Z,LIGHT,Fitbit App
2025-08-15T23:14:00Z,LIGHT,Fitbit App
2025-08-15T23:15:00Z,LIGHT,Fitbit App
2025-08-15T23:16:00Z,LIGHT,Fitbit App
2025-08-15T23:17:00Z,LIGHT,Fitbit App
2025-08-15T23:18:00Z,LIGHT,Fitbit App
2025-08-15T23:19:00Z,LIGHT,Fitbit App
2025-08-15T23:20:00Z,LIGHT,Fitbit App
2025-08-15T23:21:00Z,MODERATE,Fitbit App
2025-08-15T23:22:00Z,LIGHT,Fitbit App
2025-08-15T23:23:00Z,LIGHT,Fitbit App
2025-08-15T23:24:00Z,LIGHT,Fitbit App
2025-08-15T23:25:00Z,LIGHT,Fitbit App
2025-08-15T23:26:00Z,LIGHT,Fitbit App
2025-08-15T23:27:00Z,LIGHT,Fitbit App
2025-08-15T23:28:00Z,LIGHT,Fitbit App
2025-08-15T23:29:00Z,LIGHT,Fitbit App
2025-08-15T23:30:00Z,LIGHT,Fitbit App
2025-08-15T23:31:00Z,LIGHT,Fitbit App
2025-08-15T23:32:00Z,LIGHT,Fitbit App
2025-08-15T23:33:00Z,LIGHT,Fitbit App
2025-08-15T23:34:00Z,LIGHT,Fitbit App
2025-08-15T23:35:00Z,LIGHT,Fitbit App
2025-08-15T23:36:00Z,LIGHT,Fitbit App
2025-08-15T23:37:00Z,LIGHT,Fitbit App
2025-08-15T23:38:00Z,MODERATE,Fitbit App
2025-08-15T23:39:00Z,LIGHT,Fitbit App
2025-08-15T23:40:00Z,LIGHT,Fitbit App
2025-08-15T23:41:00Z,LIGHT,Fitbit App
2025-08-15T23:42:00Z,LIGHT,Fitbit App
2025-08-15T23:43:00Z,LIGHT,Fitbit App
2025-08-15T23:44:00Z,LIGHT,Fitbit App
2025-08-15T23:45:00Z,MODERATE,Fitbit App
2025-08-15T23:46:00Z,MODERATE,Fitbit App
2025-08-15T23:47:00Z,MODERATE,Fitbit App
2025-08-15T23:48:00Z,VIGOROUS,Fitbit App
2025-08-15T23:49:00Z,MODERATE,Fitbit App
2025-08-15T23:50:00Z,LIGHT,Fitbit App
2025-08-15T23:51:00Z,LIGHT,Fitbit App
2025-08-15T23:52:00Z,LIGHT,Fitbit App
2025-08-15T23:53:00Z,LIGHT,Fitbit App
2025-08-15T23:54:00Z,LIGHT,Fitbit App
2025-08-15T23:55:00Z,MODERATE,Fitbit App
2025-08-15T23:56:00Z,MODERATE,Fitbit App
2025-08-15T23:57:00Z,VIGOROUS,Fitbit App
2025-08-15T23:58:00Z,LIGHT,Fitbit App
2025-08-15T23:59:00Z,MODERATE,Fitbit App
2025-08-16T00:00:00Z,LIGHT,Fitbit App
2025-08-16T00:01:00Z,LIGHT,Fitbit App
2025-08-16T00:02:00Z,MODERATE,Fitbit App
2025-08-16T00:03:00Z,LIGHT,Fitbit App
2025-08-16T00:04:00Z,MODERATE,Fitbit App
2025-08-16T00:05:00Z,LIGHT,Fitbit App
2025-08-16T00:06:00Z,LIGHT,Fitbit App
2025-08-16T00:07:00Z,LIGHT,Fitbit App
2025-08-16T00:08:00Z,MODERATE,Fitbit App
2025-08-16T00:09:00Z,MODERATE,Fitbit App
2025-08-16T00:10:00Z,LIGHT,Fitbit App
2025-08-16T00:11:00Z,LIGHT,Fitbit App
2025-08-16T00:12:00Z,LIGHT,Fitbit App
2025-08-16T00:13:00Z,LIGHT,Fitbit App
2025-08-16T00:14:00Z,LIGHT,Fitbit App
2025-08-16T00:15:00Z,MODERATE,Fitbit App
2025-08-16T00:16:00Z,MODERATE,Fitbit App
2025-08-16T00:17:00Z,MODERATE,Fitbit App
2025-08-16T00:18:00Z,MODERATE,Fitbit App
2025-08-16T00:19:00Z,VIGOROUS,Fitbit App
2025-08-16T00:20:00Z,MODERATE,Fitbit App
2025-08-16T00:21:00Z,LIGHT,Fitbit App
2025-08-16T04:57:00Z,LIGHT,Fitbit App
2025-08-16T04:58:00Z,LIGHT,Fitbit App
2025-08-16T09:01:00Z,LIGHT,Fitbit App
2025-08-16T09:02:00Z,LIGHT,Fitbit App
2025-08-16T09:03:00Z,LIGHT,Fitbit App
2025-08-16T09:43:00Z,LIGHT,Fitbit App
2025-08-16T09:44:00Z,LIGHT,Fitbit App
2025-08-16T09:45:00Z,LIGHT,Fitbit App
2025-08-16T09:46:00Z,LIGHT,Fitbit App
2025-08-16T09:47:00Z,LIGHT,Fitbit App
2025-08-16T09:48:00Z,LIGHT,Fitbit App
2025-08-16T09:49:00Z,LIGHT,Fitbit App
2025-08-16T09:50:00Z,LIGHT,Fitbit App
2025-08-16T09:51:00Z,LIGHT,Fitbit App
2025-08-16T09:52:00Z,LIGHT,Fitbit App
2025-08-16T09:53:00Z,LIGHT,Fitbit App
2025-08-16T09:54:00Z,LIGHT,Fitbit App
2025-08-16T09:55:00Z,LIGHT,Fitbit App
2025-08-16T09:56:00Z,LIGHT,Fitbit App
2025-08-16T09:57:00Z,LIGHT,Fitbit App
2025-08-16T09:58:00Z,LIGHT,Fitbit App
2025-08-16T09:59:00Z,LIGHT,Fitbit App
2025-08-16T10:00:00Z,LIGHT,Fitbit App
2025-08-16T10:01:00Z,LIGHT,Fitbit App
2025-08-16T10:02:00Z,LIGHT,Fitbit App
2025-08-16T10:03:00Z,LIGHT,Fitbit App
2025-08-16T10:04:00Z,LIGHT,Fitbit App
2025-08-16T10:05:00Z,LIGHT,Fitbit App
2025-08-16T10:06:00Z,LIGHT,Fitbit App
2025-08-16T10:07:00Z,LIGHT,Fitbit App
2025-08-16T10:08:00Z,LIGHT,Fitbit App
2025-08-16T10:09:00Z,LIGHT,Fitbit App
2025-08-16T10:10:00Z,LIGHT,Fitbit App
2025-08-16T10:11:00Z,LIGHT,Fitbit App
2025-08-16T10:12:00Z,LIGHT,Fitbit App
2025-08-16T10:13:00Z,LIGHT,Fitbit App
2025-08-16T10:14:00Z,LIGHT,Fitbit App
2025-08-16T10:15:00Z,LIGHT,Fitbit App
2025-08-16T10:16:00Z,LIGHT,Fitbit App
2025-08-16T10:17:00Z,LIGHT,Fitbit App
2025-08-16T10:18:00Z,LIGHT,Fitbit App
2025-08-16T10:19:00Z,LIGHT,Fitbit App
2025-08-16T10:20:00Z,LIGHT,Fitbit App
2025-08-16T10:21:00Z,LIGHT,Fitbit App
2025-08-16T10:22:00Z,LIGHT,Fitbit App
2025-08-16T10:23:00Z,LIGHT,Fitbit App
2025-08-16T10:24:00Z,LIGHT,Fitbit App
2025-08-16T10:25:00Z,LIGHT,Fitbit App
2025-08-16T10:26:00Z,LIGHT,Fitbit App
2025-08-16T10:27:00Z,LIGHT,Fitbit App
2025-08-16T10:28:00Z,LIGHT,Fitbit App
2025-08-16T10:29:00Z,LIGHT,Fitbit App
2025-08-16T10:30:00Z,LIGHT,Fitbit App
2025-08-16T10:31:00Z,LIGHT,Fitbit App
2025-08-16T10:32:00Z,LIGHT,Fitbit App
2025-08-16T10:33:00Z,LIGHT,Fitbit App
2025-08-16T10:34:00Z,LIGHT,Fitbit App
2025-08-16T10:35:00Z,LIGHT,Fitbit App
2025-08-16T10:36:00Z,LIGHT,Fitbit App
2025-08-16T10:37:00Z,LIGHT,Fitbit App
2025-08-16T10:38:00Z,LIGHT,Fitbit App
2025-08-16T10:39:00Z,LIGHT,Fitbit App
2025-08-16T10:40:00Z,LIGHT,Fitbit App
2025-08-16T10:41:00Z,LIGHT,Fitbit App
2025-08-16T10:42:00Z,LIGHT,Fitbit App
2025-08-16T10:43:00Z,LIGHT,Fitbit App
2025-08-16T10:44:00Z,LIGHT,Fitbit App
2025-08-16T10:45:00Z,LIGHT,Fitbit App
2025-08-16T10:46:00Z,LIGHT,Fitbit App
2025-08-16T10:47:00Z,LIGHT,Fitbit App
2025-08-16T10:48:00Z,LIGHT,Fitbit App
2025-08-16T10:49:00Z,LIGHT,Fitbit App
2025-08-16T10:50:00Z,LIGHT,Fitbit App
2025-08-16T10:51:00Z,LIGHT,Fitbit App
2025-08-16T10:52:00Z,LIGHT,Fitbit App
2025-08-16T10:53:00Z,LIGHT,Fitbit App
2025-08-16T10:54:00Z,LIGHT,Fitbit App
2025-08-16T10:55:00Z,LIGHT,Fitbit App
2025-08-16T10:56:00Z,LIGHT,Fitbit App
2025-08-16T10:57:00Z,LIGHT,Fitbit App
2025-08-16T10:58:00Z,LIGHT,Fitbit App
2025-08-16T10:59:00Z,LIGHT,Fitbit App
2025-08-16T11:00:00Z,LIGHT,Fitbit App
2025-08-16T11:01:00Z,LIGHT,Fitbit App
2025-08-16T11:02:00Z,LIGHT,Fitbit App
2025-08-16T11:03:00Z,LIGHT,Fitbit App
2025-08-16T11:04:00Z,LIGHT,Fitbit App
2025-08-16T11:05:00Z,LIGHT,Fitbit App
2025-08-16T11:06:00Z,LIGHT,Fitbit App
2025-08-16T11:07:00Z,LIGHT,Fitbit App
2025-08-16T11:08:00Z,LIGHT,Fitbit App
2025-08-16T11:09:00Z,LIGHT,Fitbit App
2025-08-16T11:10:00Z,LIGHT,Fitbit App
2025-08-16T11:11:00Z,LIGHT,Fitbit App
2025-08-16T11:12:00Z,LIGHT,Fitbit App
2025-08-16T11:13:00Z,LIGHT,Fitbit App
2025-08-16T11:14:00Z,LIGHT,Fitbit App
2025-08-16T11:15:00Z,LIGHT,Fitbit App
2025-08-16T11:16:00Z,LIGHT,Fitbit App
2025-08-16T11:17:00Z,LIGHT,Fitbit App
2025-08-16T11:21:00Z,LIGHT,Fitbit App
2025-08-16T11:22:00Z,LIGHT,Fitbit App
2025-08-16T11:23:00Z,LIGHT,Fitbit App
2025-08-16T11:24:00Z,LIGHT,Fitbit App
2025-08-16T11:25:00Z,LIGHT,Fitbit App
2025-08-16T11:26:00Z,LIGHT,Fitbit App
2025-08-16T11:27:00Z,LIGHT,Fitbit App
2025-08-16T11:28:00Z,LIGHT,Fitbit App
2025-08-16T11:29:00Z,LIGHT,Fitbit App
2025-08-16T11:30:00Z,LIGHT,Fitbit App
2025-08-16T11:31:00Z,LIGHT,Fitbit App
2025-08-16T11:32:00Z,LIGHT,Fitbit App
2025-08-16T11:33:00Z,LIGHT,Fitbit App
2025-08-16T11:34:00Z,LIGHT,Fitbit App
2025-08-16T11:35:00Z,LIGHT,Fitbit App
2025-08-16T11:36:00Z,LIGHT,Fitbit App
2025-08-16T11:37:00Z,LIGHT,Fitbit App
2025-08-16T11:38:00Z,LIGHT,Fitbit App
2025-08-16T11:39:00Z,LIGHT,Fitbit App
2025-08-16T11:40:00Z,LIGHT,Fitbit App
2025-08-16T11:41:00Z,LIGHT,Fitbit App
2025-08-16T11:42:00Z,LIGHT,Fitbit App
2025-08-16T11:43:00Z,LIGHT,Fitbit App
2025-08-16T11:44:00Z,LIGHT,Fitbit App
2025-08-16T11:45:00Z,LIGHT,Fitbit App
2025-08-16T11:46:00Z,LIGHT,Fitbit App
2025-08-16T11:47:00Z,LIGHT,Fitbit App
2025-08-16T11:48:00Z,LIGHT,Fitbit App
2025-08-16T11:49:00Z,LIGHT,Fitbit App
2025-08-16T11:50:00Z,LIGHT,Fitbit App
2025-08-16T11:51:00Z,LIGHT,Fitbit App
2025-08-16T11:52:00Z,LIGHT,Fitbit App
2025-08-16T11:53:00Z,LIGHT,Fitbit App
2025-08-16T11:54:00Z,LIGHT,Fitbit App
2025-08-16T11:55:00Z,LIGHT,Fitbit App
2025-08-16T11:56:00Z,LIGHT,Fitbit App
2025-08-16T11:57:00Z,LIGHT,Fitbit App
2025-08-16T11:58:00Z,LIGHT,Fitbit App
2025-08-16T11:59:00Z,LIGHT,Fitbit App
2025-08-16T12:00:00Z,MODERATE,Fitbit App
2025-08-16T12:01:00Z,LIGHT,Fitbit App
2025-08-16T12:02:00Z,LIGHT,Fitbit App
2025-08-16T12:03:00Z,LIGHT,Fitbit App
2025-08-16T12:04:00Z,LIGHT,Fitbit App
2025-08-16T12:05:00Z,LIGHT,Fitbit App
2025-08-16T12:06:00Z,LIGHT,Fitbit App
2025-08-16T12:07:00Z,MODERATE,Fitbit App
2025-08-16T12:08:00Z,MODERATE,Fitbit App
2025-08-16T12:09:00Z,MODERATE,Fitbit App
2025-08-16T12:10:00Z,MODERATE,Fitbit App
2025-08-16T12:11:00Z,MODERATE,Fitbit App
2025-08-16T12:12:00Z,MODERATE,Fitbit App
2025-08-16T12:13:00Z,LIGHT,Fitbit App
2025-08-16T12:14:00Z,LIGHT,Fitbit App
2025-08-16T12:15:00Z,LIGHT,Fitbit App
2025-08-16T12:16:00Z,LIGHT,Fitbit App
2025-08-16T12:17:00Z,LIGHT,Fitbit App
2025-08-16T12:18:00Z,LIGHT,Fitbit App
2025-08-16T12:19:00Z,LIGHT,Fitbit App
2025-08-16T12:20:00Z,VIGOROUS,Fitbit App
2025-08-16T12:21:00Z,MODERATE,Fitbit App
2025-08-16T12:22:00Z,MODERATE,Fitbit App
2025-08-16T12:23:00Z,MODERATE,Fitbit App
2025-08-16T12:24:00Z,LIGHT,Fitbit App
2025-08-16T12:25:00Z,MODERATE,Fitbit App
2025-08-16T12:26:00Z,MODERATE,Fitbit App
2025-08-16T12:27:00Z,MODERATE,Fitbit App
2025-08-16T12:28:00Z,MODERATE,Fitbit App
2025-08-16T12:29:00Z,MODERATE,Fitbit App
2025-08-16T12:30:00Z,MODERATE,Fitbit App
2025-08-16T12:31:00Z,MODERATE,Fitbit App
2025-08-16T12:32:00Z,MODERATE,Fitbit App
2025-08-16T12:33:00Z,MODERATE,Fitbit App
2025-08-16T12:34:00Z,LIGHT,Fitbit App
2025-08-16T12:35:00Z,MODERATE,Fitbit App
2025-08-16T12:36:00Z,LIGHT,Fitbit App
2025-08-16T12:37:00Z,LIGHT,Fitbit App
2025-08-16T12:38:00Z,LIGHT,Fitbit App
2025-08-16T12:39:00Z,LIGHT,Fitbit App
2025-08-16T12:40:00Z,LIGHT,Fitbit App
2025-08-16T12:41:00Z,LIGHT,Fitbit App
2025-08-16T12:42:00Z,LIGHT,Fitbit App
2025-08-16T12:43:00Z,MODERATE,Fitbit App
2025-08-16T12:44:00Z,MODERATE,Fitbit App
2025-08-16T12:45:00Z,LIGHT,Fitbit App
2025-08-16T12:46:00Z,LIGHT,Fitbit App
2025-08-16T12:47:00Z,LIGHT,Fitbit App
2025-08-16T12:48:00Z,LIGHT,Fitbit App
2025-08-16T12:49:00Z,MODERATE,Fitbit App
2025-08-16T12:50:00Z,LIGHT,Fitbit App
2025-08-16T12:51:00Z,LIGHT,Fitbit App
2025-08-16T12:52:00Z,MODERATE,Fitbit App
2025-08-16T12:53:00Z,LIGHT,Fitbit App
2025-08-16T12:54:00Z,LIGHT,Fitbit App
2025-08-16T12:55:00Z,LIGHT,Fitbit App
2025-08-16T12:56:00Z,LIGHT,Fitbit App
2025-08-16T12:57:00Z,LIGHT,Fitbit App
2025-08-16T12:58:00Z,LIGHT,Fitbit App
2025-08-16T12:59:00Z,LIGHT,Fitbit App
2025-08-16T13:00:00Z,LIGHT,Fitbit App
2025-08-16T13:01:00Z,LIGHT,Fitbit App
2025-08-16T13:02:00Z,LIGHT,Fitbit App
2025-08-16T13:03:00Z,LIGHT,Fitbit App
2025-08-16T13:04:00Z,LIGHT,Fitbit App
2025-08-16T13:05:00Z,LIGHT,Fitbit App
2025-08-16T13:06:00Z,LIGHT,Fitbit App
2025-08-16T13:07:00Z,LIGHT,Fitbit App
2025-08-16T13:08:00Z,LIGHT,Fitbit App
2025-08-16T13:09:00Z,LIGHT,Fitbit App
2025-08-16T13:10:00Z,LIGHT,Fitbit App
2025-08-16T13:11:00Z,LIGHT,Fitbit App
2025-08-16T13:12:00Z,LIGHT,Fitbit App
2025-08-16T13:13:00Z,LIGHT,Fitbit App
2025-08-16T13:14:00Z,LIGHT,Fitbit App
2025-08-16T13:15:00Z,LIGHT,Fitbit App
2025-08-16T13:16:00Z,LIGHT,Fitbit App
2025-08-16T13:17:00Z,LIGHT,Fitbit App
2025-08-16T13:18:00Z,LIGHT,Fitbit App
2025-08-16T13:19:00Z,LIGHT,Fitbit App
2025-08-16T13:20:00Z,LIGHT,Fitbit App
2025-08-16T13:21:00Z,LIGHT,Fitbit App
2025-08-16T13:22:00Z,LIGHT,Fitbit App
2025-08-16T13:23:00Z,LIGHT,Fitbit App
2025-08-16T13:24:00Z,LIGHT,Fitbit App
2025-08-16T13:25:00Z,LIGHT,Fitbit App
2025-08-16T13:26:00Z,LIGHT,Fitbit App
2025-08-16T13:27:00Z,LIGHT,Fitbit App
2025-08-16T13:28:00Z,LIGHT,Fitbit App
2025-08-16T13:29:00Z,LIGHT,Fitbit App
2025-08-16T13:30:00Z,LIGHT,Fitbit App
2025-08-16T13:31:00Z,LIGHT,Fitbit App
2025-08-16T13:32:00Z,LIGHT,Fitbit App
2025-08-16T13:33:00Z,LIGHT,Fitbit App
2025-08-16T13:34:00Z,LIGHT,Fitbit App
2025-08-16T13:35:00Z,LIGHT,Fitbit App
2025-08-16T13:36:00Z,LIGHT,Fitbit App
2025-08-16T13:37:00Z,LIGHT,Fitbit App
2025-08-16T13:38:00Z,LIGHT,Fitbit App
2025-08-16T13:39:00Z,LIGHT,Fitbit App
2025-08-16T13:40:00Z,LIGHT,Fitbit App
2025-08-16T13:41:00Z,LIGHT,Fitbit App
2025-08-16T13:42:00Z,LIGHT,Fitbit App
2025-08-16T13:43:00Z,LIGHT,Fitbit App
2025-08-16T13:44:00Z,LIGHT,Fitbit App
2025-08-16T13:45:00Z,LIGHT,Fitbit App
2025-08-16T13:46:00Z,LIGHT,Fitbit App
2025-08-16T13:47:00Z,LIGHT,Fitbit App
2025-08-16T13:48:00Z,LIGHT,Fitbit App
2025-08-16T13:49:00Z,LIGHT,Fitbit App
2025-08-16T13:50:00Z,LIGHT,Fitbit App
2025-08-16T13:51:00Z,LIGHT,Fitbit App
2025-08-16T13:52:00Z,LIGHT,Fitbit App
2025-08-16T13:53:00Z,LIGHT,Fitbit App
2025-08-16T13:54:00Z,LIGHT,Fitbit App
2025-08-16T13:55:00Z,LIGHT,Fitbit App
2025-08-16T13:56:00Z,LIGHT,Fitbit App
2025-08-16T13:57:00Z,LIGHT,Fitbit App
2025-08-16T13:58:00Z,LIGHT,Fitbit App
2025-08-16T13:59:00Z,LIGHT,Fitbit App
2025-08-16T14:00:00Z,LIGHT,Fitbit App
2025-08-16T14:01:00Z,LIGHT,Fitbit App
2025-08-16T14:02:00Z,LIGHT,Fitbit App
2025-08-16T14:03:00Z,LIGHT,Fitbit App
2025-08-16T14:04:00Z,LIGHT,Fitbit App
2025-08-16T14:05:00Z,LIGHT,Fitbit App
2025-08-16T14:06:00Z,LIGHT,Fitbit App
2025-08-16T14:07:00Z,LIGHT,Fitbit App
2025-08-16T14:08:00Z,LIGHT,Fitbit App
2025-08-16T14:09:00Z,LIGHT,Fitbit App
2025-08-16T14:10:00Z,LIGHT,Fitbit App
2025-08-16T14:11:00Z,LIGHT,Fitbit App
2025-08-16T14:12:00Z,LIGHT,Fitbit App
2025-08-16T14:13:00Z,LIGHT,Fitbit App
2025-08-16T14:14:00Z,LIGHT,Fitbit App
2025-08-16T14:15:00Z,LIGHT,Fitbit App
2025-08-16T14:16:00Z,LIGHT,Fitbit App
2025-08-16T14:17:00Z,LIGHT,Fitbit App
2025-08-16T14:18:00Z,LIGHT,Fitbit App
2025-08-16T14:19:00Z,LIGHT,Fitbit App
2025-08-16T14:20:00Z,LIGHT,Fitbit App
2025-08-16T14:21:00Z,LIGHT,Fitbit App
2025-08-16T14:22:00Z,LIGHT,Fitbit App
2025-08-16T14:23:00Z,LIGHT,Fitbit App
2025-08-16T14:24:00Z,LIGHT,Fitbit App
2025-08-16T14:25:00Z,LIGHT,Fitbit App
2025-08-16T14:26:00Z,LIGHT,Fitbit App
2025-08-16T14:27:00Z,LIGHT,Fitbit App
2025-08-16T14:28:00Z,LIGHT,Fitbit App
2025-08-16T14:29:00Z,LIGHT,Fitbit App
2025-08-16T14:30:00Z,LIGHT,Fitbit App
2025-08-16T14:31:00Z,LIGHT,Fitbit App
2025-08-16T14:32:00Z,LIGHT,Fitbit App
2025-08-16T14:33:00Z,LIGHT,Fitbit App
2025-08-16T14:34:00Z,LIGHT,Fitbit App
2025-08-16T14:35:00Z,LIGHT,Fitbit App
2025-08-16T14:36:00Z,LIGHT,Fitbit App
2025-08-16T14:37:00Z,LIGHT,Fitbit App
2025-08-16T14:38:00Z,LIGHT,Fitbit App
2025-08-16T14:39:00Z,LIGHT,Fitbit App
2025-08-16T14:40:00Z,LIGHT,Fitbit App
2025-08-16T14:41:00Z,LIGHT,Fitbit App
2025-08-16T14:42:00Z,LIGHT,Fitbit App
2025-08-16T14:43:00Z,LIGHT,Fitbit App
2025-08-16T14:44:00Z,LIGHT,Fitbit App
2025-08-16T14:45:00Z,LIGHT,Fitbit App
2025-08-16T14:46:00Z,LIGHT,Fitbit App
2025-08-16T14:47:00Z,LIGHT,Fitbit App
2025-08-16T14:48:00Z,LIGHT,Fitbit App
2025-08-16T14:49:00Z,LIGHT,Fitbit App
2025-08-16T14:50:00Z,LIGHT,Fitbit App
2025-08-16T14:51:00Z,LIGHT,Fitbit App
2025-08-16T14:52:00Z,LIGHT,Fitbit App
2025-08-16T14:53:00Z,LIGHT,Fitbit App
2025-08-16T14:54:00Z,LIGHT,Fitbit App
2025-08-16T14:55:00Z,LIGHT,Fitbit App
2025-08-16T14:56:00Z,LIGHT,Fitbit App
2025-08-16T14:57:00Z,LIGHT,Fitbit App
2025-08-16T14:58:00Z,LIGHT,Fitbit App
2025-08-16T14:59:00Z,LIGHT,Fitbit App
2025-08-16T15:00:00Z,LIGHT,Fitbit App
2025-08-16T15:01:00Z,LIGHT,Fitbit App
2025-08-16T15:02:00Z,LIGHT,Fitbit App
2025-08-16T15:03:00Z,LIGHT,Fitbit App
2025-08-16T15:04:00Z,LIGHT,Fitbit App
2025-08-16T15:05:00Z,LIGHT,Fitbit App
2025-08-16T15:06:00Z,LIGHT,Fitbit App
2025-08-16T15:07:00Z,LIGHT,Fitbit App
2025-08-16T15:08:00Z,LIGHT,Fitbit App
2025-08-16T15:09:00Z,LIGHT,Fitbit App
2025-08-16T15:10:00Z,LIGHT,Fitbit App
2025-08-16T15:11:00Z,LIGHT,Fitbit App
2025-08-16T15:12:00Z,LIGHT,Fitbit App
2025-08-16T15:13:00Z,LIGHT,Fitbit App
2025-08-16T15:14:00Z,LIGHT,Fitbit App
2025-08-16T15:15:00Z,LIGHT,Fitbit App
2025-08-16T15:16:00Z,LIGHT,Fitbit App
2025-08-16T15:17:00Z,LIGHT,Fitbit App
2025-08-16T15:18:00Z,LIGHT,Fitbit App
2025-08-16T15:19:00Z,LIGHT,Fitbit App
2025-08-16T15:20:00Z,LIGHT,Fitbit App
2025-08-16T15:21:00Z,LIGHT,Fitbit App
2025-08-16T15:22:00Z,LIGHT,Fitbit App
2025-08-16T15:23:00Z,LIGHT,Fitbit App
2025-08-16T15:24:00Z,LIGHT,Fitbit App
2025-08-16T15:25:00Z,LIGHT,Fitbit App
2025-08-16T15:26:00Z,LIGHT,Fitbit App
2025-08-16T15:27:00Z,LIGHT,Fitbit App
2025-08-16T15:28:00Z,LIGHT,Fitbit App
2025-08-16T15:29:00Z,LIGHT,Fitbit App
2025-08-16T15:30:00Z,LIGHT,Fitbit App
2025-08-16T15:31:00Z,LIGHT,Fitbit App
2025-08-16T15:32:00Z,LIGHT,Fitbit App
2025-08-16T15:33:00Z,LIGHT,Fitbit App
2025-08-16T15:34:00Z,LIGHT,Fitbit App
2025-08-16T15:35:00Z,LIGHT,Fitbit App
2025-08-16T15:36:00Z,LIGHT,Fitbit App
2025-08-16T15:37:00Z,LIGHT,Fitbit App
2025-08-16T15:38:00Z,LIGHT,Fitbit App
2025-08-16T15:39:00Z,LIGHT,Fitbit App
2025-08-16T15:40:00Z,LIGHT,Fitbit App
2025-08-16T15:41:00Z,LIGHT,Fitbit App
2025-08-16T15:42:00Z,LIGHT,Fitbit App
2025-08-16T15:43:00Z,LIGHT,Fitbit App
2025-08-16T15:44:00Z,LIGHT,Fitbit App
2025-08-16T15:45:00Z,LIGHT,Fitbit App
2025-08-16T15:46:00Z,LIGHT,Fitbit App
2025-08-16T15:47:00Z,LIGHT,Fitbit App
2025-08-16T15:48:00Z,LIGHT,Fitbit App
2025-08-16T15:49:00Z,LIGHT,Fitbit App
2025-08-16T15:50:00Z,LIGHT,Fitbit App
2025-08-16T15:51:00Z,LIGHT,Fitbit App
2025-08-16T15:52:00Z,LIGHT,Fitbit App
2025-08-16T15:53:00Z,LIGHT,Fitbit App
2025-08-16T15:54:00Z,LIGHT,Fitbit App
2025-08-16T15:55:00Z,LIGHT,Fitbit App
2025-08-16T15:56:00Z,LIGHT,Fitbit App
2025-08-16T15:57:00Z,LIGHT,Fitbit App
2025-08-16T15:58:00Z,LIGHT,Fitbit App
2025-08-16T15:59:00Z,LIGHT,Fitbit App
2025-08-16T16:00:00Z,LIGHT,Fitbit App
2025-08-16T16:01:00Z,LIGHT,Fitbit App
2025-08-16T16:02:00Z,LIGHT,Fitbit App
2025-08-16T16:03:00Z,LIGHT,Fitbit App
2025-08-16T16:04:00Z,LIGHT,Fitbit App
2025-08-16T16:05:00Z,LIGHT,Fitbit App
2025-08-16T16:06:00Z,LIGHT,Fitbit App
2025-08-16T16:07:00Z,LIGHT,Fitbit App
2025-08-16T16:08:00Z,LIGHT,Fitbit App
2025-08-16T16:09:00Z,LIGHT,Fitbit App
2025-08-16T16:10:00Z,LIGHT,Fitbit App
2025-08-16T16:11:00Z,LIGHT,Fitbit App
2025-08-16T16:12:00Z,LIGHT,Fitbit App
2025-08-16T16:13:00Z,LIGHT,Fitbit App
2025-08-16T16:14:00Z,LIGHT,Fitbit App
2025-08-16T16:15:00Z,LIGHT,Fitbit App
2025-08-16T16:16:00Z,LIGHT,Fitbit App
2025-08-16T16:17:00Z,LIGHT,Fitbit App
2025-08-16T16:18:00Z,LIGHT,Fitbit App
2025-08-16T16:19:00Z,LIGHT,Fitbit App
2025-08-16T16:20:00Z,LIGHT,Fitbit App
2025-08-16T16:21:00Z,LIGHT,Fitbit App
2025-08-16T16:22:00Z,LIGHT,Fitbit App
2025-08-16T16:23:00Z,LIGHT,Fitbit App
2025-08-16T16:24:00Z,LIGHT,Fitbit App
2025-08-16T16:25:00Z,LIGHT,Fitbit App
2025-08-16T16:26:00Z,LIGHT,Fitbit App
2025-08-16T16:27:00Z,LIGHT,Fitbit App
2025-08-16T16:28:00Z,LIGHT,Fitbit App
2025-08-16T16:29:00Z,LIGHT,Fitbit App
2025-08-16T16:30:00Z,LIGHT,Fitbit App
2025-08-16T16:31:00Z,LIGHT,Fitbit App
2025-08-16T16:32:00Z,LIGHT,Fitbit App
2025-08-16T16:33:00Z,LIGHT,Fitbit App
2025-08-16T16:34:00Z,LIGHT,Fitbit App
2025-08-16T16:35:00Z,LIGHT,Fitbit App
2025-08-16T16:36:00Z,LIGHT,Fitbit App
2025-08-16T16:37:00Z,LIGHT,Fitbit App
2025-08-16T16:38:00Z,LIGHT,Fitbit App
2025-08-16T16:39:00Z,LIGHT,Fitbit App
2025-08-16T16:40:00Z,LIGHT,Fitbit App
2025-08-16T16:41:00Z,LIGHT,Fitbit App
2025-08-16T16:42:00Z,LIGHT,Fitbit App
2025-08-16T16:43:00Z,LIGHT,Fitbit App
2025-08-16T16:44:00Z,LIGHT,Fitbit App
2025-08-16T16:45:00Z,LIGHT,Fitbit App
2025-08-16T16:46:00Z,LIGHT,Fitbit App
2025-08-16T16:47:00Z,LIGHT,Fitbit App
2025-08-16T16:48:00Z,LIGHT,Fitbit App
2025-08-16T16:49:00Z,LIGHT,Fitbit App
2025-08-16T16:50:00Z,LIGHT,Fitbit App
2025-08-16T16:51:00Z,LIGHT,Fitbit App
2025-08-16T16:52:00Z,LIGHT,Fitbit App
2025-08-16T16:53:00Z,LIGHT,Fitbit App
2025-08-16T16:54:00Z,LIGHT,Fitbit App
2025-08-16T16:55:00Z,LIGHT,Fitbit App
2025-08-16T16:56:00Z,LIGHT,Fitbit App
2025-08-16T16:57:00Z,LIGHT,Fitbit App
2025-08-16T16:58:00Z,LIGHT,Fitbit App
2025-08-16T16:59:00Z,LIGHT,Fitbit App
2025-08-16T17:00:00Z,LIGHT,Fitbit App
2025-08-16T17:01:00Z,LIGHT,Fitbit App
2025-08-16T17:02:00Z,LIGHT,Fitbit App
2025-08-16T17:03:00Z,LIGHT,Fitbit App
2025-08-16T17:04:00Z,LIGHT,Fitbit App
2025-08-16T17:05:00Z,LIGHT,Fitbit App
2025-08-16T17:06:00Z,LIGHT,Fitbit App
2025-08-16T17:07:00Z,LIGHT,Fitbit App
2025-08-16T17:08:00Z,LIGHT,Fitbit App
2025-08-16T17:09:00Z,LIGHT,Fitbit App
2025-08-16T17:10:00Z,LIGHT,Fitbit App
2025-08-16T17:11:00Z,LIGHT,Fitbit App
2025-08-16T17:12:00Z,LIGHT,Fitbit App
2025-08-16T17:13:00Z,LIGHT,Fitbit App
2025-08-16T17:14:00Z,LIGHT,Fitbit App
2025-08-16T17:15:00Z,LIGHT,Fitbit App
2025-08-16T17:16:00Z,LIGHT,Fitbit App
2025-08-16T17:17:00Z,LIGHT,Fitbit App
2025-08-16T17:18:00Z,LIGHT,Fitbit App
2025-08-16T17:19:00Z,LIGHT,Fitbit App
2025-08-16T17:20:00Z,LIGHT,Fitbit App
2025-08-16T17:21:00Z,LIGHT,Fitbit App
2025-08-16T17:22:00Z,LIGHT,Fitbit App
2025-08-16T17:23:00Z,LIGHT,Fitbit App
2025-08-16T17:24:00Z,LIGHT,Fitbit App
2025-08-16T17:25:00Z,LIGHT,Fitbit App
2025-08-16T17:26:00Z,LIGHT,Fitbit App
2025-08-16T17:27:00Z,LIGHT,Fitbit App
2025-08-16T17:28:00Z,LIGHT,Fitbit App
2025-08-16T17:29:00Z,LIGHT,Fitbit App
2025-08-16T17:30:00Z,LIGHT,Fitbit App
2025-08-16T17:31:00Z,LIGHT,Fitbit App
2025-08-16T17:32:00Z,LIGHT,Fitbit App
2025-08-16T17:33:00Z,LIGHT,Fitbit App
2025-08-16T17:34:00Z,LIGHT,Fitbit App
2025-08-16T17:35:00Z,LIGHT,Fitbit App
2025-08-16T17:36:00Z,LIGHT,Fitbit App
2025-08-16T17:37:00Z,LIGHT,Fitbit App
2025-08-16T17:38:00Z,LIGHT,Fitbit App
2025-08-16T17:39:00Z,LIGHT,Fitbit App
2025-08-16T17:40:00Z,LIGHT,Fitbit App
2025-08-16T17:41:00Z,LIGHT,Fitbit App
2025-08-16T17:42:00Z,LIGHT,Fitbit App
2025-08-16T17:43:00Z,LIGHT,Fitbit App
2025-08-16T17:44:00Z,LIGHT,Fitbit App
2025-08-16T17:45:00Z,LIGHT,Fitbit App
2025-08-16T17:46:00Z,LIGHT,Fitbit App
2025-08-16T17:47:00Z,LIGHT,Fitbit App
2025-08-16T17:48:00Z,LIGHT,Fitbit App
2025-08-16T17:49:00Z,LIGHT,Fitbit App
2025-08-16T17:50:00Z,LIGHT,Fitbit App
2025-08-16T17:51:00Z,LIGHT,Fitbit App
2025-08-16T17:52:00Z,LIGHT,Fitbit App
2025-08-16T17:53:00Z,LIGHT,Fitbit App
2025-08-16T17:54:00Z,LIGHT,Fitbit App
2025-08-16T17:55:00Z,LIGHT,Fitbit App
2025-08-16T17:56:00Z,LIGHT,Fitbit App
2025-08-16T17:57:00Z,LIGHT,Fitbit App
2025-08-16T17:58:00Z,LIGHT,Fitbit App
2025-08-16T17:59:00Z,LIGHT,Fitbit App
2025-08-16T18:00:00Z,LIGHT,Fitbit App
2025-08-16T18:01:00Z,LIGHT,Fitbit App
2025-08-16T18:02:00Z,LIGHT,Fitbit App
2025-08-16T18:03:00Z,LIGHT,Fitbit App
2025-08-16T18:04:00Z,LIGHT,Fitbit App
2025-08-16T18:05:00Z,LIGHT,Fitbit App
2025-08-16T18:06:00Z,LIGHT,Fitbit App
2025-08-16T18:07:00Z,LIGHT,Fitbit App
2025-08-16T18:08:00Z,LIGHT,Fitbit App
2025-08-16T18:09:00Z,LIGHT,Fitbit App
2025-08-16T18:10:00Z,LIGHT,Fitbit App
2025-08-16T18:11:00Z,LIGHT,Fitbit App
2025-08-16T18:12:00Z,LIGHT,Fitbit App
2025-08-16T18:13:00Z,LIGHT,Fitbit App
2025-08-16T18:14:00Z,LIGHT,Fitbit App
2025-08-16T18:15:00Z,LIGHT,Fitbit App
2025-08-16T18:16:00Z,LIGHT,Fitbit App
2025-08-16T18:17:00Z,LIGHT,Fitbit App
2025-08-16T18:18:00Z,LIGHT,Fitbit App
2025-08-16T18:19:00Z,LIGHT,Fitbit App
2025-08-16T18:20:00Z,LIGHT,Fitbit App
2025-08-16T18:21:00Z,LIGHT,Fitbit App
2025-08-16T18:22:00Z,LIGHT,Fitbit App
2025-08-16T18:23:00Z,LIGHT,Fitbit App
2025-08-16T18:24:00Z,LIGHT,Fitbit App
2025-08-16T18:25:00Z,LIGHT,Fitbit App
2025-08-16T18:26:00Z,LIGHT,Fitbit App
2025-08-16T18:27:00Z,LIGHT,Fitbit App
2025-08-16T18:28:00Z,LIGHT,Fitbit App
2025-08-16T18:29:00Z,LIGHT,Fitbit App
2025-08-16T18:30:00Z,LIGHT,Fitbit App
2025-08-16T18:31:00Z,LIGHT,Fitbit App
2025-08-16T18:32:00Z,LIGHT,Fitbit App
2025-08-16T18:33:00Z,LIGHT,Fitbit App
2025-08-16T18:34:00Z,LIGHT,Fitbit App
2025-08-16T18:35:00Z,LIGHT,Fitbit App
2025-08-16T18:36:00Z,LIGHT,Fitbit App
2025-08-16T18:37:00Z,LIGHT,Fitbit App
2025-08-16T18:38:00Z,LIGHT,Fitbit App
2025-08-16T18:39:00Z,LIGHT,Fitbit App
2025-08-16T18:40:00Z,LIGHT,Fitbit App
2025-08-16T18:41:00Z,LIGHT,Fitbit App
2025-08-16T18:42:00Z,LIGHT,Fitbit App
2025-08-16T18:43:00Z,LIGHT,Fitbit App
2025-08-16T18:44:00Z,LIGHT,Fitbit App
2025-08-16T18:45:00Z,LIGHT,Fitbit App
2025-08-16T18:46:00Z,LIGHT,Fitbit App
2025-08-16T18:47:00Z,LIGHT,Fitbit App
2025-08-16T18:48:00Z,MODERATE,Fitbit App
2025-08-16T18:49:00Z,LIGHT,Fitbit App
2025-08-16T18:50:00Z,LIGHT,Fitbit App
2025-08-16T18:51:00Z,LIGHT,Fitbit App
2025-08-16T18:52:00Z,LIGHT,Fitbit App
2025-08-16T18:53:00Z,LIGHT,Fitbit App
2025-08-16T18:54:00Z,LIGHT,Fitbit App
2025-08-16T18:55:00Z,LIGHT,Fitbit App
2025-08-16T18:56:00Z,LIGHT,Fitbit App
2025-08-16T18:57:00Z,MODERATE,Fitbit App
2025-08-16T18:58:00Z,VIGOROUS,Fitbit App
2025-08-16T18:59:00Z,VIGOROUS,Fitbit App
2025-08-16T19:00:00Z,VIGOROUS,Fitbit App
2025-08-16T19:01:00Z,MODERATE,Fitbit App
2025-08-16T19:02:00Z,MODERATE,Fitbit App
2025-08-16T19:03:00Z,MODERATE,Fitbit App
2025-08-16T19:04:00Z,LIGHT,Fitbit App
2025-08-16T19:05:00Z,LIGHT,Fitbit App
2025-08-16T19:06:00Z,MODERATE,Fitbit App
2025-08-16T19:07:00Z,LIGHT,Fitbit App
2025-08-16T19:08:00Z,LIGHT,Fitbit App
2025-08-16T19:09:00Z,LIGHT,Fitbit App
2025-08-16T19:10:00Z,LIGHT,Fitbit App
2025-08-16T19:11:00Z,LIGHT,Fitbit App
2025-08-16T19:12:00Z,LIGHT,Fitbit App
2025-08-16T19:13:00Z,MODERATE,Fitbit App
2025-08-16T19:14:00Z,LIGHT,Fitbit App
2025-08-16T19:15:00Z,LIGHT,Fitbit App
2025-08-16T19:16:00Z,LIGHT,Fitbit App
2025-08-16T19:17:00Z,MODERATE,Fitbit App
2025-08-16T19:18:00Z,VIGOROUS,Fitbit App
2025-08-16T19:19:00Z,MODERATE,Fitbit App
2025-08-16T19:20:00Z,LIGHT,Fitbit App
2025-08-16T19:21:00Z,MODERATE,Fitbit App
2025-08-16T19:22:00Z,MODERATE,Fitbit App
2025-08-16T19:23:00Z,MODERATE,Fitbit App
2025-08-16T19:24:00Z,MODERATE,Fitbit App
2025-08-16T19:25:00Z,MODERATE,Fitbit App
2025-08-16T19:26:00Z,MODERATE,Fitbit App
2025-08-16T19:27:00Z,MODERATE,Fitbit App
2025-08-16T19:28:00Z,MODERATE,Fitbit App
2025-08-16T19:29:00Z,LIGHT,Fitbit App
2025-08-16T19:30:00Z,LIGHT,Fitbit App
2025-08-16T19:31:00Z,LIGHT,Fitbit App
2025-08-16T19:32:00Z,MODERATE,Fitbit App
2025-08-16T19:33:00Z,LIGHT,Fitbit App
2025-08-16T19:34:00Z,LIGHT,Fitbit App
2025-08-16T19:35:00Z,LIGHT,Fitbit App
2025-08-16T19:36:00Z,LIGHT,Fitbit App
2025-08-16T19:37:00Z,LIGHT,Fitbit App
2025-08-16T19:38:00Z,LIGHT,Fitbit App
2025-08-16T19:39:00Z,LIGHT,Fitbit App
2025-08-16T19:40:00Z,LIGHT,Fitbit App
2025-08-16T19:41:00Z,MODERATE,Fitbit App
2025-08-16T19:42:00Z,MODERATE,Fitbit App
2025-08-16T19:43:00Z,MODERATE,Fitbit App
2025-08-16T19:44:00Z,MODERATE,Fitbit App
2025-08-16T19:45:00Z,LIGHT,Fitbit App
2025-08-16T19:46:00Z,LIGHT,Fitbit App
2025-08-16T19:47:00Z,LIGHT,Fitbit App
2025-08-16T19:48:00Z,LIGHT,Fitbit App
2025-08-16T19:49:00Z,LIGHT,Fitbit App
2025-08-16T19:50:00Z,LIGHT,Fitbit App
2025-08-16T19:51:00Z,LIGHT,Fitbit App
2025-08-16T19:52:00Z,MODERATE,Fitbit App
2025-08-16T19:53:00Z,VIGOROUS,Fitbit App
2025-08-16T19:54:00Z,MODERATE,Fitbit App
2025-08-16T19:55:00Z,LIGHT,Fitbit App
2025-08-16T19:56:00Z,LIGHT,Fitbit App
2025-08-16T19:57:00Z,LIGHT,Fitbit App
2025-08-16T19:58:00Z,LIGHT,Fitbit App
2025-08-16T19:59:00Z,LIGHT,Fitbit App
2025-08-16T20:00:00Z,LIGHT,Fitbit App
2025-08-16T20:01:00Z,LIGHT,Fitbit App
2025-08-16T20:02:00Z,LIGHT,Fitbit App
2025-08-16T20:03:00Z,LIGHT,Fitbit App
2025-08-16T20:04:00Z,LIGHT,Fitbit App
2025-08-16T20:05:00Z,LIGHT,Fitbit App
2025-08-16T20:06:00Z,LIGHT,Fitbit App
2025-08-16T20:07:00Z,LIGHT,Fitbit App
2025-08-16T20:08:00Z,LIGHT,Fitbit App
2025-08-16T20:09:00Z,LIGHT,Fitbit App
2025-08-16T20:10:00Z,LIGHT,Fitbit App
2025-08-16T20:11:00Z,LIGHT,Fitbit App
2025-08-16T20:12:00Z,LIGHT,Fitbit App
2025-08-16T20:13:00Z,LIGHT,Fitbit App
2025-08-16T20:14:00Z,LIGHT,Fitbit App
2025-08-16T20:15:00Z,LIGHT,Fitbit App
2025-08-16T20:16:00Z,MODERATE,Fitbit App
2025-08-16T20:17:00Z,MODERATE,Fitbit App
2025-08-16T20:18:00Z,LIGHT,Fitbit App
2025-08-16T20:19:00Z,MODERATE,Fitbit App
2025-08-16T20:20:00Z,MODERATE,Fitbit App
2025-08-16T20:21:00Z,LIGHT,Fitbit App
2025-08-16T20:22:00Z,MODERATE,Fitbit App
2025-08-16T20:23:00Z,LIGHT,Fitbit App
2025-08-16T20:24:00Z,LIGHT,Fitbit App
2025-08-16T20:25:00Z,LIGHT,Fitbit App
2025-08-16T20:26:00Z,LIGHT,Fitbit App
2025-08-16T20:27:00Z,MODERATE,Fitbit App
2025-08-16T20:28:00Z,MODERATE,Fitbit App
2025-08-16T20:29:00Z,MODERATE,Fitbit App
2025-08-16T20:30:00Z,MODERATE,Fitbit App
2025-08-16T20:31:00Z,MODERATE,Fitbit App
2025-08-16T20:32:00Z,VIGOROUS,Fitbit App
2025-08-16T20:33:00Z,MODERATE,Fitbit App
2025-08-16T20:34:00Z,MODERATE,Fitbit App
2025-08-16T20:35:00Z,LIGHT,Fitbit App
2025-08-16T20:36:00Z,LIGHT,Fitbit App
2025-08-16T20:37:00Z,MODERATE,Fitbit App
2025-08-16T20:38:00Z,LIGHT,Fitbit App
2025-08-16T20:39:00Z,MODERATE,Fitbit App
2025-08-16T20:40:00Z,VIGOROUS,Fitbit App
2025-08-16T20:41:00Z,VIGOROUS,Fitbit App
2025-08-16T20:42:00Z,VIGOROUS,Fitbit App
2025-08-16T20:43:00Z,MODERATE,Fitbit App
2025-08-16T20:44:00Z,LIGHT,Fitbit App
2025-08-16T20:45:00Z,LIGHT,Fitbit App
2025-08-16T20:46:00Z,LIGHT,Fitbit App
2025-08-16T20:47:00Z,LIGHT,Fitbit App
2025-08-16T20:48:00Z,MODERATE,Fitbit App
2025-08-16T20:49:00Z,MODERATE,Fitbit App
2025-08-16T20:50:00Z,MODERATE,Fitbit App
2025-08-16T20:51:00Z,LIGHT,Fitbit App
2025-08-16T20:52:00Z,LIGHT,Fitbit App
2025-08-16T20:53:00Z,MODERATE,Fitbit App
2025-08-16T20:54:00Z,VIGOROUS,Fitbit App
2025-08-16T20:55:00Z,VIGOROUS,Fitbit App
2025-08-16T20:56:00Z,MODERATE,Fitbit App
2025-08-16T20:57:00Z,MODERATE,Fitbit App
2025-08-16T20:58:00Z,MODERATE,Fitbit App
2025-08-16T20:59:00Z,LIGHT,Fitbit App
2025-08-16T21:00:00Z,MODERATE,Fitbit App
2025-08-16T21:01:00Z,MODERATE,Fitbit App
2025-08-16T21:02:00Z,VIGOROUS,Fitbit App
2025-08-16T21:03:00Z,MODERATE,Fitbit App
2025-08-16T21:04:00Z,VIGOROUS,Fitbit App
2025-08-16T21:05:00Z,MODERATE,Fitbit App
2025-08-16T21:06:00Z,LIGHT,Fitbit App
2025-08-16T21:07:00Z,MODERATE,Fitbit App
2025-08-16T21:08:00Z,MODERATE,Fitbit App
2025-08-16T21:09:00Z,LIGHT,Fitbit App
2025-08-16T21:10:00Z,LIGHT,Fitbit App
2025-08-16T21:11:00Z,LIGHT,Fitbit App
2025-08-16T21:12:00Z,LIGHT,Fitbit App
2025-08-16T21:13:00Z,LIGHT,Fitbit App
2025-08-16T21:14:00Z,LIGHT,Fitbit App
2025-08-16T21:15:00Z,MODERATE,Fitbit App
2025-08-16T21:16:00Z,LIGHT,Fitbit App
2025-08-16T21:17:00Z,LIGHT,Fitbit App
2025-08-16T21:18:00Z,LIGHT,Fitbit App
2025-08-16T21:19:00Z,LIGHT,Fitbit App
2025-08-16T21:20:00Z,MODERATE,Fitbit App
2025-08-16T21:21:00Z,MODERATE,Fitbit App
2025-08-16T21:22:00Z,LIGHT,Fitbit App
2025-08-16T21:23:00Z,LIGHT,Fitbit App
2025-08-16T21:24:00Z,LIGHT,Fitbit App
2025-08-16T21:25:00Z,LIGHT,Fitbit App
2025-08-16T21:26:00Z,LIGHT,Fitbit App
2025-08-16T21:27:00Z,LIGHT,Fitbit App
2025-08-16T21:28:00Z,LIGHT,Fitbit App
2025-08-16T21:29:00Z,LIGHT,Fitbit App
2025-08-16T21:30:00Z,LIGHT,Fitbit App
2025-08-16T21:31:00Z,LIGHT,Fitbit App
2025-08-16T21:32:00Z,LIGHT,Fitbit App
2025-08-16T21:33:00Z,LIGHT,Fitbit App
2025-08-16T21:34:00Z,LIGHT,Fitbit App
2025-08-16T21:35:00Z,LIGHT,Fitbit App
2025-08-16T21:36:00Z,LIGHT,Fitbit App
2025-08-16T21:37:00Z,LIGHT,Fitbit App
2025-08-16T21:38:00Z,LIGHT,Fitbit App
2025-08-16T21:39:00Z,LIGHT,Fitbit App
2025-08-16T21:40:00Z,LIGHT,Fitbit App
2025-08-16T21:41:00Z,LIGHT,Fitbit App
2025-08-16T21:42:00Z,LIGHT,Fitbit App
2025-08-16T21:43:00Z,LIGHT,Fitbit App
2025-08-16T21:44:00Z,LIGHT,Fitbit App
2025-08-16T21:45:00Z,LIGHT,Fitbit App
2025-08-16T21:46:00Z,LIGHT,Fitbit App
2025-08-16T21:47:00Z,LIGHT,Fitbit App
2025-08-16T21:48:00Z,LIGHT,Fitbit App
2025-08-16T21:49:00Z,LIGHT,Fitbit App
2025-08-16T21:50:00Z,LIGHT,Fitbit App
2025-08-16T21:51:00Z,LIGHT,Fitbit App
2025-08-16T21:52:00Z,LIGHT,Fitbit App
2025-08-16T21:53:00Z,LIGHT,Fitbit App
2025-08-16T21:54:00Z,MODERATE,Fitbit App
2025-08-16T21:55:00Z,MODERATE,Fitbit App
2025-08-16T21:56:00Z,VIGOROUS,Fitbit App
2025-08-16T21:57:00Z,MODERATE,Fitbit App
2025-08-16T21:58:00Z,MODERATE,Fitbit App
2025-08-16T21:59:00Z,LIGHT,Fitbit App
2025-08-16T22:00:00Z,MODERATE,Fitbit App
2025-08-16T22:01:00Z,MODERATE,Fitbit App
2025-08-16T22:02:00Z,MODERATE,Fitbit App
2025-08-16T22:03:00Z,VIGOROUS,Fitbit App
2025-08-16T22:04:00Z,VIGOROUS,Fitbit App
2025-08-16T22:05:00Z,MODERATE,Fitbit App
2025-08-16T22:06:00Z,VIGOROUS,Fitbit App
2025-08-16T22:07:00Z,VIGOROUS,Fitbit App
2025-08-16T22:08:00Z,MODERATE,Fitbit App
2025-08-16T22:09:00Z,LIGHT,Fitbit App
2025-08-16T22:10:00Z,MODERATE,Fitbit App
2025-08-16T22:11:00Z,MODERATE,Fitbit App
2025-08-16T22:12:00Z,LIGHT,Fitbit App
2025-08-16T22:13:00Z,LIGHT,Fitbit App
2025-08-16T22:14:00Z,VIGOROUS,Fitbit App
2025-08-16T22:15:00Z,MODERATE,Fitbit App
2025-08-16T22:16:00Z,LIGHT,Fitbit App
2025-08-16T22:17:00Z,LIGHT,Fitbit App
2025-08-16T22:18:00Z,LIGHT,Fitbit App
2025-08-16T22:19:00Z,MODERATE,Fitbit App
2025-08-16T22:20:00Z,VIGOROUS,Fitbit App
2025-08-16T22:21:00Z,VIGOROUS,Fitbit App
2025-08-16T22:22:00Z,MODERATE,Fitbit App
2025-08-16T22:23:00Z,MODERATE,Fitbit App
2025-08-16T22:24:00Z,MODERATE,Fitbit App
2025-08-16T22:25:00Z,LIGHT,Fitbit App
2025-08-16T22:26:00Z,LIGHT,Fitbit App
2025-08-16T22:27:00Z,LIGHT,Fitbit App
2025-08-16T22:28:00Z,LIGHT,Fitbit App
2025-08-16T22:29:00Z,MODERATE,Fitbit App
2025-08-16T22:30:00Z,MODERATE,Fitbit App
2025-08-16T22:31:00Z,LIGHT,Fitbit App
2025-08-16T22:32:00Z,LIGHT,Fitbit App
2025-08-16T22:33:00Z,LIGHT,Fitbit App
2025-08-16T22:34:00Z,LIGHT,Fitbit App
2025-08-16T22:35:00Z,LIGHT,Fitbit App
2025-08-16T22:36:00Z,LIGHT,Fitbit App
2025-08-16T22:37:00Z,LIGHT,Fitbit App
2025-08-16T22:38:00Z,LIGHT,Fitbit App
2025-08-16T22:39:00Z,LIGHT,Fitbit App
2025-08-16T22:40:00Z,LIGHT,Fitbit App
2025-08-16T22:41:00Z,LIGHT,Fitbit App
2025-08-16T22:42:00Z,LIGHT,Fitbit App
2025-08-16T22:43:00Z,MODERATE,Fitbit App
2025-08-16T22:44:00Z,LIGHT,Fitbit App
2025-08-16T22:45:00Z,LIGHT,Fitbit App
2025-08-16T22:46:00Z,LIGHT,Fitbit App
2025-08-16T22:47:00Z,LIGHT,Fitbit App
2025-08-16T22:48:00Z,LIGHT,Fitbit App
2025-08-16T22:49:00Z,MODERATE,Fitbit App
2025-08-16T22:50:00Z,MODERATE,Fitbit App
2025-08-16T22:51:00Z,LIGHT,Fitbit App
2025-08-16T22:52:00Z,MODERATE,Fitbit App
2025-08-16T22:53:00Z,MODERATE,Fitbit App
2025-08-16T22:54:00Z,LIGHT,Fitbit App
2025-08-16T22:55:00Z,LIGHT,Fitbit App
2025-08-16T22:56:00Z,LIGHT,Fitbit App
2025-08-16T22:57:00Z,LIGHT,Fitbit App
2025-08-16T22:58:00Z,LIGHT,Fitbit App
2025-08-16T22:59:00Z,MODERATE,Fitbit App
2025-08-16T23:00:00Z,LIGHT,Fitbit App
2025-08-16T23:01:00Z,LIGHT,Fitbit App
2025-08-16T23:02:00Z,LIGHT,Fitbit App
2025-08-16T23:03:00Z,LIGHT,Fitbit App
2025-08-16T23:04:00Z,MODERATE,Fitbit App
2025-08-16T23:05:00Z,LIGHT,Fitbit App
2025-08-16T23:06:00Z,LIGHT,Fitbit App
2025-08-16T23:07:00Z,LIGHT,Fitbit App
2025-08-16T23:08:00Z,LIGHT,Fitbit App
2025-08-16T23:09:00Z,LIGHT,Fitbit App
2025-08-16T23:10:00Z,LIGHT,Fitbit App
2025-08-16T23:11:00Z,LIGHT,Fitbit App
2025-08-16T23:12:00Z,MODERATE,Fitbit App
2025-08-16T23:13:00Z,MODERATE,Fitbit App
2025-08-16T23:14:00Z,LIGHT,Fitbit App
2025-08-16T23:15:00Z,LIGHT,Fitbit App
2025-08-16T23:16:00Z,LIGHT,Fitbit App
2025-08-16T23:17:00Z,LIGHT,Fitbit App
2025-08-16T23:18:00Z,LIGHT,Fitbit App
2025-08-16T23:19:00Z,LIGHT,Fitbit App
2025-08-16T23:20:00Z,LIGHT,Fitbit App
2025-08-16T23:21:00Z,LIGHT,Fitbit App
2025-08-16T23:22:00Z,LIGHT,Fitbit App
2025-08-16T23:23:00Z,LIGHT,Fitbit App
2025-08-16T23:24:00Z,LIGHT,Fitbit App
2025-08-16T23:25:00Z,LIGHT,Fitbit App
2025-08-16T23:26:00Z,LIGHT,Fitbit App
2025-08-16T23:27:00Z,LIGHT,Fitbit App
2025-08-16T23:28:00Z,LIGHT,Fitbit App
2025-08-16T23:29:00Z,LIGHT,Fitbit App
2025-08-16T23:30:00Z,LIGHT,Fitbit App
2025-08-16T23:31:00Z,LIGHT,Fitbit App
2025-08-16T23:32:00Z,LIGHT,Fitbit App
2025-08-16T23:33:00Z,LIGHT,Fitbit App
2025-08-16T23:34:00Z,LIGHT,Fitbit App
2025-08-16T23:35:00Z,LIGHT,Fitbit App
2025-08-16T23:36:00Z,LIGHT,Fitbit App
2025-08-16T23:37:00Z,LIGHT,Fitbit App
2025-08-16T23:38:00Z,LIGHT,Fitbit App
2025-08-16T23:39:00Z,LIGHT,Fitbit App
2025-08-16T23:40:00Z,LIGHT,Fitbit App
2025-08-16T23:41:00Z,LIGHT,Fitbit App
2025-08-16T23:42:00Z,LIGHT,Fitbit App
2025-08-16T23:43:00Z,LIGHT,Fitbit App
2025-08-16T23:44:00Z,MODERATE,Fitbit App
2025-08-16T23:45:00Z,MODERATE,Fitbit App
2025-08-16T23:46:00Z,MODERATE,Fitbit App
2025-08-16T23:47:00Z,MODERATE,Fitbit App
2025-08-16T23:48:00Z,MODERATE,Fitbit App
2025-08-16T23:49:00Z,LIGHT,Fitbit App
2025-08-16T23:50:00Z,MODERATE,Fitbit App
2025-08-16T23:51:00Z,LIGHT,Fitbit App
2025-08-16T23:52:00Z,LIGHT,Fitbit App
2025-08-16T23:53:00Z,LIGHT,Fitbit App
2025-08-16T23:54:00Z,LIGHT,Fitbit App
2025-08-16T23:55:00Z,LIGHT,Fitbit App
2025-08-16T23:56:00Z,LIGHT,Fitbit App
2025-08-16T23:57:00Z,LIGHT,Fitbit App
2025-08-16T23:58:00Z,LIGHT,Fitbit App
2025-08-16T23:59:00Z,LIGHT,Fitbit App
2025-08-17T00:00:00Z,LIGHT,Fitbit App
2025-08-17T00:01:00Z,LIGHT,Fitbit App
2025-08-17T00:02:00Z,LIGHT,Fitbit App
2025-08-17T00:03:00Z,LIGHT,Fitbit App
2025-08-17T00:04:00Z,LIGHT,Fitbit App
2025-08-17T00:05:00Z,LIGHT,Fitbit App
2025-08-17T00:06:00Z,LIGHT,Fitbit App
2025-08-17T00:07:00Z,LIGHT,Fitbit App
2025-08-17T00:08:00Z,MODERATE,Fitbit App
2025-08-17T00:09:00Z,MODERATE,Fitbit App
2025-08-17T00:10:00Z,MODERATE,Fitbit App
2025-08-17T00:11:00Z,MODERATE,Fitbit App
2025-08-17T00:12:00Z,LIGHT,Fitbit App
2025-08-17T00:13:00Z,MODERATE,Fitbit App
2025-08-17T00:14:00Z,MODERATE,Fitbit App
2025-08-17T00:15:00Z,MODERATE,Fitbit App
2025-08-17T00:16:00Z,MODERATE,Fitbit App
2025-08-17T00:17:00Z,MODERATE,Fitbit App
2025-08-17T00:18:00Z,LIGHT,Fitbit App
2025-08-17T00:19:00Z,LIGHT,Fitbit App
2025-08-17T00:20:00Z,LIGHT,Fitbit App
2025-08-17T00:21:00Z,LIGHT,Fitbit App
2025-08-17T00:22:00Z,LIGHT,Fitbit App
2025-08-17T00:23:00Z,LIGHT,Fitbit App
2025-08-17T00:24:00Z,LIGHT,Fitbit App
2025-08-17T00:25:00Z,LIGHT,Fitbit App
2025-08-17T00:26:00Z,LIGHT,Fitbit App
2025-08-17T00:27:00Z,LIGHT,Fitbit App
2025-08-17T00:28:00Z,LIGHT,Fitbit App
2025-08-17T00:29:00Z,LIGHT,Fitbit App
2025-08-17T00:30:00Z,LIGHT,Fitbit App
2025-08-17T00:31:00Z,LIGHT,Fitbit App
2025-08-17T00:32:00Z,LIGHT,Fitbit App
2025-08-17T00:33:00Z,LIGHT,Fitbit App
2025-08-17T00:34:00Z,LIGHT,Fitbit App
2025-08-17T00:35:00Z,LIGHT,Fitbit App
2025-08-17T00:36:00Z,LIGHT,Fitbit App
2025-08-17T00:37:00Z,LIGHT,Fitbit App
2025-08-17T00:38:00Z,LIGHT,Fitbit App
2025-08-17T00:39:00Z,LIGHT,Fitbit App
2025-08-17T00:40:00Z,LIGHT,Fitbit App
2025-08-17T00:41:00Z,LIGHT,Fitbit App
2025-08-17T00:42:00Z,LIGHT,Fitbit App
2025-08-17T00:43:00Z,LIGHT,Fitbit App
2025-08-17T00:44:00Z,LIGHT,Fitbit App
2025-08-17T00:45:00Z,LIGHT,Fitbit App
2025-08-17T00:46:00Z,LIGHT,Fitbit App
2025-08-17T00:47:00Z,LIGHT,Fitbit App
2025-08-17T00:48:00Z,LIGHT,Fitbit App
2025-08-17T00:49:00Z,LIGHT,Fitbit App
2025-08-17T00:50:00Z,LIGHT,Fitbit App
2025-08-17T00:51:00Z,LIGHT,Fitbit App
2025-08-17T00:52:00Z,LIGHT,Fitbit App
2025-08-17T00:53:00Z,LIGHT,Fitbit App
2025-08-17T00:54:00Z,LIGHT,Fitbit App
2025-08-17T00:55:00Z,LIGHT,Fitbit App
2025-08-17T00:56:00Z,LIGHT,Fitbit App
2025-08-17T00:57:00Z,LIGHT,Fitbit App
2025-08-17T00:58:00Z,LIGHT,Fitbit App
2025-08-17T00:59:00Z,LIGHT,Fitbit App
2025-08-17T01:00:00Z,LIGHT,Fitbit App
2025-08-17T01:01:00Z,LIGHT,Fitbit App
2025-08-17T01:02:00Z,LIGHT,Fitbit App
2025-08-17T01:03:00Z,LIGHT,Fitbit App
2025-08-17T01:04:00Z,LIGHT,Fitbit App
2025-08-17T01:05:00Z,MODERATE,Fitbit App
2025-08-17T01:06:00Z,LIGHT,Fitbit App
2025-08-17T01:07:00Z,VIGOROUS,Fitbit App
2025-08-17T01:08:00Z,MODERATE,Fitbit App
2025-08-17T01:09:00Z,MODERATE,Fitbit App
2025-08-17T01:10:00Z,LIGHT,Fitbit App
2025-08-17T01:11:00Z,LIGHT,Fitbit App
2025-08-17T01:12:00Z,LIGHT,Fitbit App
2025-08-17T01:13:00Z,MODERATE,Fitbit App
2025-08-17T01:14:00Z,MODERATE,Fitbit App
2025-08-17T01:15:00Z,LIGHT,Fitbit App
2025-08-17T01:16:00Z,LIGHT,Fitbit App
2025-08-17T01:17:00Z,LIGHT,Fitbit App
2025-08-17T01:18:00Z,LIGHT,Fitbit App
2025-08-17T01:19:00Z,LIGHT,Fitbit App
2025-08-17T01:20:00Z,LIGHT,Fitbit App
2025-08-17T01:21:00Z,LIGHT,Fitbit App
2025-08-17T01:22:00Z,LIGHT,Fitbit App
2025-08-17T01:23:00Z,LIGHT,Fitbit App
2025-08-17T01:24:00Z,LIGHT,Fitbit App
2025-08-17T01:25:00Z,LIGHT,Fitbit App
2025-08-17T01:26:00Z,LIGHT,Fitbit App
2025-08-17T01:27:00Z,LIGHT,Fitbit App
2025-08-17T01:28:00Z,LIGHT,Fitbit App
2025-08-17T01:29:00Z,LIGHT,Fitbit App
2025-08-17T01:30:00Z,LIGHT,Fitbit App
2025-08-17T01:31:00Z,LIGHT,Fitbit App
2025-08-17T01:32:00Z,LIGHT,Fitbit App
2025-08-17T01:33:00Z,LIGHT,Fitbit App
2025-08-17T01:34:00Z,LIGHT,Fitbit App
2025-08-17T01:35:00Z,LIGHT,Fitbit App
2025-08-17T01:36:00Z,LIGHT,Fitbit App
2025-08-17T01:37:00Z,LIGHT,Fitbit App
2025-08-17T01:38:00Z,LIGHT,Fitbit App
2025-08-17T01:39:00Z,LIGHT,Fitbit App
2025-08-17T01:40:00Z,LIGHT,Fitbit App
2025-08-17T01:41:00Z,LIGHT,Fitbit App
2025-08-17T01:42:00Z,LIGHT,Fitbit App
2025-08-17T01:43:00Z,LIGHT,Fitbit App
2025-08-17T01:44:00Z,LIGHT,Fitbit App
2025-08-17T01:45:00Z,LIGHT,Fitbit App
2025-08-17T01:46:00Z,LIGHT,Fitbit App
2025-08-17T01:47:00Z,LIGHT,Fitbit App
2025-08-17T01:48:00Z,LIGHT,Fitbit App
2025-08-17T01:49:00Z,LIGHT,Fitbit App
2025-08-17T01:50:00Z,LIGHT,Fitbit App
2025-08-17T01:51:00Z,LIGHT,Fitbit App
2025-08-17T01:52:00Z,LIGHT,Fitbit App
2025-08-17T01:53:00Z,LIGHT,Fitbit App
2025-08-17T01:54:00Z,LIGHT,Fitbit App
2025-08-17T01:55:00Z,LIGHT,Fitbit App
2025-08-17T01:56:00Z,LIGHT,Fitbit App
2025-08-17T01:57:00Z,LIGHT,Fitbit App
2025-08-17T01:58:00Z,LIGHT,Fitbit App
2025-08-17T01:59:00Z,LIGHT,Fitbit App
2025-08-17T02:00:00Z,LIGHT,Fitbit App
2025-08-17T02:01:00Z,LIGHT,Fitbit App
2025-08-17T02:02:00Z,LIGHT,Fitbit App
2025-08-17T02:03:00Z,LIGHT,Fitbit App
2025-08-17T02:04:00Z,LIGHT,Fitbit App
2025-08-17T02:05:00Z,LIGHT,Fitbit App
2025-08-17T02:06:00Z,LIGHT,Fitbit App
2025-08-17T02:07:00Z,LIGHT,Fitbit App
2025-08-17T02:08:00Z,LIGHT,Fitbit App
2025-08-17T02:09:00Z,LIGHT,Fitbit App
2025-08-17T02:10:00Z,LIGHT,Fitbit App
2025-08-17T02:11:00Z,LIGHT,Fitbit App
2025-08-17T02:12:00Z,LIGHT,Fitbit App
2025-08-17T02:13:00Z,LIGHT,Fitbit App
2025-08-17T02:14:00Z,LIGHT,Fitbit App
2025-08-17T02:15:00Z,LIGHT,Fitbit App
2025-08-17T02:16:00Z,LIGHT,Fitbit App
2025-08-17T02:17:00Z,LIGHT,Fitbit App
2025-08-17T02:18:00Z,LIGHT,Fitbit App
2025-08-17T02:19:00Z,LIGHT,Fitbit App
2025-08-17T02:20:00Z,LIGHT,Fitbit App
2025-08-17T02:21:00Z,LIGHT,Fitbit App
2025-08-17T02:22:00Z,LIGHT,Fitbit App
2025-08-17T02:23:00Z,MODERATE,Fitbit App
2025-08-17T02:24:00Z,MODERATE,Fitbit App
2025-08-17T02:25:00Z,LIGHT,Fitbit App
2025-08-17T02:26:00Z,LIGHT,Fitbit App
2025-08-17T02:27:00Z,LIGHT,Fitbit App
2025-08-17T02:28:00Z,LIGHT,Fitbit App
2025-08-17T02:29:00Z,LIGHT,Fitbit App
2025-08-17T02:30:00Z,MODERATE,Fitbit App
2025-08-17T02:31:00Z,MODERATE,Fitbit App
2025-08-17T02:32:00Z,MODERATE,Fitbit App
2025-08-17T02:33:00Z,VIGOROUS,Fitbit App
2025-08-17T02:34:00Z,VIGOROUS,Fitbit App
2025-08-17T02:35:00Z,VIGOROUS,Fitbit App
2025-08-17T02:36:00Z,MODERATE,Fitbit App
2025-08-17T02:37:00Z,MODERATE,Fitbit App
2025-08-17T02:38:00Z,LIGHT,Fitbit App
2025-08-17T02:39:00Z,MODERATE,Fitbit App
2025-08-17T02:40:00Z,LIGHT,Fitbit App
2025-08-17T02:41:00Z,MODERATE,Fitbit App
2025-08-17T02:42:00Z,MODERATE,Fitbit App
2025-08-17T02:43:00Z,LIGHT,Fitbit App
2025-08-17T02:44:00Z,LIGHT,Fitbit App
2025-08-17T02:45:00Z,LIGHT,Fitbit App
2025-08-17T02:46:00Z,MODERATE,Fitbit App
2025-08-17T02:47:00Z,LIGHT,Fitbit App
2025-08-17T02:48:00Z,LIGHT,Fitbit App
2025-08-17T02:49:00Z,LIGHT,Fitbit App
2025-08-17T02:50:00Z,LIGHT,Fitbit App
2025-08-17T02:51:00Z,LIGHT,Fitbit App
2025-08-17T02:52:00Z,LIGHT,Fitbit App
2025-08-17T02:53:00Z,LIGHT,Fitbit App
2025-08-17T02:54:00Z,LIGHT,Fitbit App
2025-08-17T02:55:00Z,LIGHT,Fitbit App
2025-08-17T02:56:00Z,LIGHT,Fitbit App
2025-08-17T02:57:00Z,LIGHT,Fitbit App
2025-08-17T02:58:00Z,LIGHT,Fitbit App
2025-08-17T02:59:00Z,LIGHT,Fitbit App
2025-08-17T03:00:00Z,LIGHT,Fitbit App
2025-08-17T03:01:00Z,LIGHT,Fitbit App
2025-08-17T03:02:00Z,LIGHT,Fitbit App
2025-08-17T03:03:00Z,LIGHT,Fitbit App
2025-08-17T03:04:00Z,LIGHT,Fitbit App
2025-08-17T03:05:00Z,LIGHT,Fitbit App
2025-08-17T03:06:00Z,LIGHT,Fitbit App
2025-08-17T03:07:00Z,LIGHT,Fitbit App
2025-08-17T03:08:00Z,LIGHT,Fitbit App
2025-08-17T03:09:00Z,LIGHT,Fitbit App
2025-08-17T03:10:00Z,LIGHT,Fitbit App
2025-08-17T03:11:00Z,LIGHT,Fitbit App
2025-08-17T03:12:00Z,LIGHT,Fitbit App
2025-08-17T03:13:00Z,LIGHT,Fitbit App
2025-08-17T03:14:00Z,LIGHT,Fitbit App
2025-08-17T03:15:00Z,LIGHT,Fitbit App
2025-08-17T03:16:00Z,LIGHT,Fitbit App
2025-08-17T03:17:00Z,LIGHT,Fitbit App
2025-08-17T03:18:00Z,LIGHT,Fitbit App
2025-08-17T03:19:00Z,LIGHT,Fitbit App
2025-08-17T03:20:00Z,LIGHT,Fitbit App
2025-08-17T03:21:00Z,LIGHT,Fitbit App
2025-08-17T03:22:00Z,LIGHT,Fitbit App
2025-08-17T03:23:00Z,LIGHT,Fitbit App
2025-08-17T03:24:00Z,LIGHT,Fitbit App
2025-08-17T03:25:00Z,LIGHT,Fitbit App
2025-08-17T03:26:00Z,LIGHT,Fitbit App
2025-08-17T03:27:00Z,LIGHT,Fitbit App
2025-08-17T03:28:00Z,LIGHT,Fitbit App
2025-08-17T03:29:00Z,MODERATE,Fitbit App
2025-08-17T03:30:00Z,VIGOROUS,Fitbit App
2025-08-17T03:31:00Z,MODERATE,Fitbit App
2025-08-17T03:32:00Z,VIGOROUS,Fitbit App
2025-08-17T03:33:00Z,VIGOROUS,Fitbit App
2025-08-17T03:34:00Z,MODERATE,Fitbit App
2025-08-17T03:35:00Z,MODERATE,Fitbit App
2025-08-17T03:36:00Z,LIGHT,Fitbit App
2025-08-17T03:37:00Z,LIGHT,Fitbit App
2025-08-17T03:38:00Z,LIGHT,Fitbit App
2025-08-17T03:39:00Z,LIGHT,Fitbit App
2025-08-17T03:40:00Z,LIGHT,Fitbit App
2025-08-17T03:41:00Z,LIGHT,Fitbit App
2025-08-17T03:42:00Z,LIGHT,Fitbit App
2025-08-17T03:43:00Z,LIGHT,Fitbit App
2025-08-17T03:44:00Z,LIGHT,Fitbit App
2025-08-17T03:45:00Z,LIGHT,Fitbit App
2025-08-17T03:46:00Z,LIGHT,Fitbit App
2025-08-17T03:47:00Z,LIGHT,Fitbit App
2025-08-17T03:48:00Z,LIGHT,Fitbit App
2025-08-17T03:49:00Z,LIGHT,Fitbit App
2025-08-17T03:50:00Z,LIGHT,Fitbit App
2025-08-17T03:51:00Z,LIGHT,Fitbit App
2025-08-17T03:52:00Z,LIGHT,Fitbit App
2025-08-17T03:53:00Z,LIGHT,Fitbit App
2025-08-17T03:54:00Z,LIGHT,Fitbit App
2025-08-17T03:55:00Z,LIGHT,Fitbit App
2025-08-17T03:56:00Z,LIGHT,Fitbit App
2025-08-17T03:57:00Z,LIGHT,Fitbit App
2025-08-17T03:58:00Z,LIGHT,Fitbit App
2025-08-17T03:59:00Z,LIGHT,Fitbit App
2025-08-17T04:00:00Z,LIGHT,Fitbit App
2025-08-17T04:01:00Z,LIGHT,Fitbit App
2025-08-17T04:02:00Z,LIGHT,Fitbit App
2025-08-17T04:03:00Z,LIGHT,Fitbit App
2025-08-17T04:04:00Z,LIGHT,Fitbit App
2025-08-17T04:05:00Z,LIGHT,Fitbit App
2025-08-17T04:06:00Z,LIGHT,Fitbit App
2025-08-17T04:07:00Z,LIGHT,Fitbit App
2025-08-17T04:08:00Z,LIGHT,Fitbit App
2025-08-17T04:09:00Z,LIGHT,Fitbit App
2025-08-17T04:10:00Z,LIGHT,Fitbit App
2025-08-17T04:11:00Z,LIGHT,Fitbit App
2025-08-17T04:12:00Z,LIGHT,Fitbit App
2025-08-17T04:13:00Z,LIGHT,Fitbit App
2025-08-17T04:14:00Z,LIGHT,Fitbit App
2025-08-17T04:15:00Z,LIGHT,Fitbit App
2025-08-17T04:16:00Z,LIGHT,Fitbit App
2025-08-17T04:17:00Z,LIGHT,Fitbit App
2025-08-17T04:18:00Z,LIGHT,Fitbit App
2025-08-17T04:19:00Z,LIGHT,Fitbit App
2025-08-17T04:20:00Z,LIGHT,Fitbit App
2025-08-17T04:21:00Z,LIGHT,Fitbit App
2025-08-17T04:22:00Z,LIGHT,Fitbit App
2025-08-17T04:23:00Z,LIGHT,Fitbit App
2025-08-17T04:24:00Z,LIGHT,Fitbit App
2025-08-17T04:25:00Z,LIGHT,Fitbit App
2025-08-17T04:26:00Z,LIGHT,Fitbit App
2025-08-17T04:27:00Z,LIGHT,Fitbit App
2025-08-17T04:28:00Z,LIGHT,Fitbit App
2025-08-17T04:29:00Z,MODERATE,Fitbit App
2025-08-17T04:30:00Z,LIGHT,Fitbit App
2025-08-17T04:31:00Z,LIGHT,Fitbit App
2025-08-17T04:32:00Z,MODERATE,Fitbit App
2025-08-17T04:33:00Z,MODERATE,Fitbit App
2025-08-17T04:34:00Z,LIGHT,Fitbit App
2025-08-17T04:35:00Z,LIGHT,Fitbit App
2025-08-17T04:36:00Z,LIGHT,Fitbit App
2025-08-17T04:37:00Z,LIGHT,Fitbit App
2025-08-17T04:38:00Z,MODERATE,Fitbit App
2025-08-17T04:39:00Z,MODERATE,Fitbit App
2025-08-17T04:40:00Z,LIGHT,Fitbit App
2025-08-17T04:41:00Z,LIGHT,Fitbit App
2025-08-17T04:42:00Z,LIGHT,Fitbit App
2025-08-17T04:43:00Z,MODERATE,Fitbit App
2025-08-17T04:44:00Z,MODERATE,Fitbit App
2025-08-17T04:45:00Z,MODERATE,Fitbit App
2025-08-17T04:46:00Z,LIGHT,Fitbit App
2025-08-17T04:47:00Z,LIGHT,Fitbit App
2025-08-17T04:48:00Z,LIGHT,Fitbit App
2025-08-17T04:49:00Z,LIGHT,Fitbit App
2025-08-17T04:50:00Z,LIGHT,Fitbit App
2025-08-17T04:51:00Z,LIGHT,Fitbit App
2025-08-17T04:52:00Z,LIGHT,Fitbit App
2025-08-17T04:53:00Z,LIGHT,Fitbit App
2025-08-17T04:54:00Z,LIGHT,Fitbit App
2025-08-17T04:55:00Z,LIGHT,Fitbit App
2025-08-17T04:56:00Z,LIGHT,Fitbit App
2025-08-17T04:57:00Z,LIGHT,Fitbit App
2025-08-17T04:58:00Z,LIGHT,Fitbit App
2025-08-17T04:59:00Z,VIGOROUS,Fitbit App
2025-08-17T05:00:00Z,MODERATE,Fitbit App
2025-08-17T05:01:00Z,LIGHT,Fitbit App
2025-08-17T05:02:00Z,LIGHT,Fitbit App
2025-08-17T05:03:00Z,LIGHT,Fitbit App
2025-08-17T05:04:00Z,LIGHT,Fitbit App
2025-08-17T05:05:00Z,LIGHT,Fitbit App
2025-08-17T05:06:00Z,LIGHT,Fitbit App
2025-08-17T05:07:00Z,LIGHT,Fitbit App
2025-08-17T05:08:00Z,LIGHT,Fitbit App
2025-08-17T05:09:00Z,LIGHT,Fitbit App
2025-08-17T05:10:00Z,LIGHT,Fitbit App
2025-08-17T05:11:00Z,LIGHT,Fitbit App
2025-08-17T05:12:00Z,VIGOROUS,Fitbit App
2025-08-17T05:13:00Z,VIGOROUS,Fitbit App
2025-08-17T05:14:00Z,MODERATE,Fitbit App
2025-08-17T05:15:00Z,MODERATE,Fitbit App
2025-08-17T05:16:00Z,LIGHT,Fitbit App
2025-08-17T05:17:00Z,LIGHT,Fitbit App
2025-08-17T05:18:00Z,LIGHT,Fitbit App
2025-08-17T05:19:00Z,LIGHT,Fitbit App
2025-08-17T05:20:00Z,LIGHT,Fitbit App
2025-08-17T05:21:00Z,LIGHT,Fitbit App
2025-08-17T05:22:00Z,LIGHT,Fitbit App
2025-08-17T05:23:00Z,LIGHT,Fitbit App
2025-08-17T05:24:00Z,LIGHT,Fitbit App
2025-08-17T05:25:00Z,LIGHT,Fitbit App
2025-08-17T05:26:00Z,LIGHT,Fitbit App
2025-08-17T05:27:00Z,LIGHT,Fitbit App
2025-08-17T05:28:00Z,LIGHT,Fitbit App
2025-08-17T05:29:00Z,LIGHT,Fitbit App
2025-08-17T05:30:00Z,LIGHT,Fitbit App
2025-08-17T05:31:00Z,LIGHT,Fitbit App
2025-08-17T05:32:00Z,LIGHT,Fitbit App
2025-08-17T05:33:00Z,LIGHT,Fitbit App
2025-08-17T05:34:00Z,LIGHT,Fitbit App
2025-08-17T05:35:00Z,MODERATE,Fitbit App
2025-08-17T05:36:00Z,LIGHT,Fitbit App
2025-08-17T05:37:00Z,LIGHT,Fitbit App
2025-08-17T05:38:00Z,LIGHT,Fitbit App
2025-08-17T05:39:00Z,LIGHT,Fitbit App
2025-08-17T05:40:00Z,LIGHT,Fitbit App
2025-08-17T05:41:00Z,LIGHT,Fitbit App
2025-08-17T05:42:00Z,LIGHT,Fitbit App
2025-08-17T05:43:00Z,LIGHT,Fitbit App
2025-08-17T05:44:00Z,LIGHT,Fitbit App
2025-08-17T05:45:00Z,LIGHT,Fitbit App
2025-08-17T05:46:00Z,LIGHT,Fitbit App
2025-08-17T05:47:00Z,LIGHT,Fitbit App
2025-08-17T05:48:00Z,LIGHT,Fitbit App
2025-08-17T05:49:00Z,LIGHT,Fitbit App
2025-08-17T05:50:00Z,LIGHT,Fitbit App
2025-08-17T05:51:00Z,LIGHT,Fitbit App
2025-08-17T05:52:00Z,LIGHT,Fitbit App
2025-08-17T05:53:00Z,LIGHT,Fitbit App
2025-08-17T05:54:00Z,LIGHT,Fitbit App
2025-08-17T05:55:00Z,LIGHT,Fitbit App
2025-08-17T05:56:00Z,LIGHT,Fitbit App
2025-08-17T05:57:00Z,LIGHT,Fitbit App
2025-08-17T05:58:00Z,LIGHT,Fitbit App
2025-08-17T05:59:00Z,LIGHT,Fitbit App
2025-08-17T06:00:00Z,LIGHT,Fitbit App
2025-08-17T06:01:00Z,LIGHT,Fitbit App
2025-08-17T06:02:00Z,LIGHT,Fitbit App
2025-08-17T06:03:00Z,LIGHT,Fitbit App
2025-08-17T06:04:00Z,LIGHT,Fitbit App
2025-08-17T06:05:00Z,LIGHT,Fitbit App
2025-08-17T06:06:00Z,LIGHT,Fitbit App
2025-08-17T06:07:00Z,LIGHT,Fitbit App
2025-08-17T06:08:00Z,LIGHT,Fitbit App
2025-08-17T06:09:00Z,LIGHT,Fitbit App
2025-08-17T06:10:00Z,LIGHT,Fitbit App
2025-08-17T06:11:00Z,LIGHT,Fitbit App
2025-08-17T06:12:00Z,LIGHT,Fitbit App
2025-08-17T06:13:00Z,LIGHT,Fitbit App
2025-08-17T06:14:00Z,LIGHT,Fitbit App
2025-08-17T06:15:00Z,LIGHT,Fitbit App
2025-08-17T06:16:00Z,LIGHT,Fitbit App
2025-08-17T06:17:00Z,LIGHT,Fitbit App
2025-08-17T06:18:00Z,LIGHT,Fitbit App
2025-08-17T06:19:00Z,LIGHT,Fitbit App
2025-08-17T06:20:00Z,LIGHT,Fitbit App
2025-08-17T06:21:00Z,LIGHT,Fitbit App
2025-08-17T06:22:00Z,LIGHT,Fitbit App
2025-08-17T06:23:00Z,LIGHT,Fitbit App
2025-08-17T06:24:00Z,LIGHT,Fitbit App
2025-08-17T06:25:00Z,VIGOROUS,Fitbit App
2025-08-17T06:26:00Z,VIGOROUS,Fitbit App
2025-08-17T06:27:00Z,MODERATE,Fitbit App
2025-08-17T06:28:00Z,LIGHT,Fitbit App
2025-08-17T06:29:00Z,LIGHT,Fitbit App
2025-08-17T06:30:00Z,LIGHT,Fitbit App
2025-08-17T06:31:00Z,LIGHT,Fitbit App
2025-08-17T06:32:00Z,LIGHT,Fitbit App
2025-08-17T06:33:00Z,LIGHT,Fitbit App
2025-08-17T06:34:00Z,LIGHT,Fitbit App
2025-08-17T06:35:00Z,LIGHT,Fitbit App
2025-08-17T06:36:00Z,LIGHT,Fitbit App
2025-08-17T06:37:00Z,LIGHT,Fitbit App
2025-08-17T06:38:00Z,LIGHT,Fitbit App
2025-08-17T06:39:00Z,LIGHT,Fitbit App
2025-08-17T06:40:00Z,LIGHT,Fitbit App
2025-08-17T06:41:00Z,LIGHT,Fitbit App
2025-08-17T06:42:00Z,LIGHT,Fitbit App
2025-08-17T06:43:00Z,LIGHT,Fitbit App
2025-08-17T06:44:00Z,LIGHT,Fitbit App
2025-08-17T06:45:00Z,LIGHT,Fitbit App
2025-08-17T06:46:00Z,LIGHT,Fitbit App
2025-08-17T06:47:00Z,LIGHT,Fitbit App
2025-08-17T06:48:00Z,LIGHT,Fitbit App
2025-08-17T06:49:00Z,LIGHT,Fitbit App
2025-08-17T06:50:00Z,LIGHT,Fitbit App
2025-08-17T06:51:00Z,LIGHT,Fitbit App
2025-08-17T06:52:00Z,LIGHT,Fitbit App
2025-08-17T06:53:00Z,LIGHT,Fitbit App
2025-08-17T06:54:00Z,LIGHT,Fitbit App
2025-08-17T06:55:00Z,LIGHT,Fitbit App
2025-08-17T06:56:00Z,LIGHT,Fitbit App
2025-08-17T06:57:00Z,LIGHT,Fitbit App
2025-08-17T06:58:00Z,LIGHT,Fitbit App
2025-08-17T06:59:00Z,LIGHT,Fitbit App
2025-08-17T07:00:00Z,LIGHT,Fitbit App
2025-08-17T07:01:00Z,LIGHT,Fitbit App
2025-08-17T07:02:00Z,LIGHT,Fitbit App
2025-08-17T07:03:00Z,LIGHT,Fitbit App
2025-08-17T07:04:00Z,LIGHT,Fitbit App
2025-08-17T07:05:00Z,LIGHT,Fitbit App
2025-08-17T07:06:00Z,LIGHT,Fitbit App
2025-08-17T07:07:00Z,LIGHT,Fitbit App
2025-08-17T07:08:00Z,LIGHT,Fitbit App
2025-08-17T07:09:00Z,LIGHT,Fitbit App
2025-08-17T07:10:00Z,LIGHT,Fitbit App
2025-08-17T07:11:00Z,LIGHT,Fitbit App
2025-08-17T07:12:00Z,LIGHT,Fitbit App
2025-08-17T07:13:00Z,LIGHT,Fitbit App
2025-08-17T07:14:00Z,LIGHT,Fitbit App
2025-08-17T07:15:00Z,LIGHT,Fitbit App
2025-08-17T07:16:00Z,LIGHT,Fitbit App
2025-08-17T07:17:00Z,LIGHT,Fitbit App
2025-08-17T07:18:00Z,LIGHT,Fitbit App
2025-08-17T07:19:00Z,LIGHT,Fitbit App
2025-08-17T07:20:00Z,VIGOROUS,Fitbit App
2025-08-17T07:21:00Z,MODERATE,Fitbit App
2025-08-17T07:22:00Z,LIGHT,Fitbit App
2025-08-17T07:23:00Z,LIGHT,Fitbit App
2025-08-17T07:24:00Z,LIGHT,Fitbit App
2025-08-17T07:25:00Z,LIGHT,Fitbit App
2025-08-17T07:26:00Z,LIGHT,Fitbit App
2025-08-17T07:27:00Z,LIGHT,Fitbit App
2025-08-17T07:28:00Z,LIGHT,Fitbit App
2025-08-17T07:29:00Z,LIGHT,Fitbit App
2025-08-17T07:30:00Z,LIGHT,Fitbit App
2025-08-17T07:31:00Z,LIGHT,Fitbit App
2025-08-17T07:32:00Z,LIGHT,Fitbit App
2025-08-17T07:33:00Z,LIGHT,Fitbit App
2025-08-17T07:34:00Z,LIGHT,Fitbit App
2025-08-17T07:35:00Z,LIGHT,Fitbit App
2025-08-17T07:36:00Z,LIGHT,Fitbit App
2025-08-17T07:37:00Z,MODERATE,Fitbit App
2025-08-17T07:38:00Z,MODERATE,Fitbit App
2025-08-17T07:39:00Z,MODERATE,Fitbit App
2025-08-17T07:40:00Z,MODERATE,Fitbit App
2025-08-17T07:41:00Z,LIGHT,Fitbit App
2025-08-17T07:42:00Z,MODERATE,Fitbit App
2025-08-17T07:43:00Z,MODERATE,Fitbit App
2025-08-17T07:44:00Z,VIGOROUS,Fitbit App
2025-08-17T07:45:00Z,VIGOROUS,Fitbit App
2025-08-17T07:46:00Z,MODERATE,Fitbit App
2025-08-17T07:47:00Z,MODERATE,Fitbit App
2025-08-17T07:48:00Z,LIGHT,Fitbit App
2025-08-17T07:49:00Z,LIGHT,Fitbit App
2025-08-17T07:50:00Z,LIGHT,Fitbit App
2025-08-17T07:51:00Z,LIGHT,Fitbit App
2025-08-17T07:52:00Z,LIGHT,Fitbit App
2025-08-17T07:53:00Z,LIGHT,Fitbit App
2025-08-17T07:54:00Z,LIGHT,Fitbit App
2025-08-17T07:55:00Z,LIGHT,Fitbit App
2025-08-17T07:56:00Z,LIGHT,Fitbit App
2025-08-17T07:57:00Z,LIGHT,Fitbit App
2025-08-17T07:58:00Z,LIGHT,Fitbit App
2025-08-17T07:59:00Z,LIGHT,Fitbit App
2025-08-17T08:00:00Z,LIGHT,Fitbit App
2025-08-17T08:01:00Z,LIGHT,Fitbit App
2025-08-17T08:02:00Z,LIGHT,Fitbit App
2025-08-17T08:03:00Z,LIGHT,Fitbit App
2025-08-17T08:04:00Z,LIGHT,Fitbit App
2025-08-17T08:05:00Z,LIGHT,Fitbit App
2025-08-17T08:06:00Z,LIGHT,Fitbit App
2025-08-17T08:07:00Z,MODERATE,Fitbit App
2025-08-17T08:08:00Z,LIGHT,Fitbit App
2025-08-17T08:09:00Z,LIGHT,Fitbit App
2025-08-17T08:10:00Z,LIGHT,Fitbit App
2025-08-17T08:11:00Z,LIGHT,Fitbit App
2025-08-17T08:12:00Z,LIGHT,Fitbit App
2025-08-17T08:13:00Z,LIGHT,Fitbit App
2025-08-17T08:14:00Z,LIGHT,Fitbit App
2025-08-17T08:15:00Z,LIGHT,Fitbit App
2025-08-17T08:16:00Z,LIGHT,Fitbit App
2025-08-17T08:17:00Z,LIGHT,Fitbit App
2025-08-17T08:18:00Z,LIGHT,Fitbit App
2025-08-17T08:19:00Z,LIGHT,Fitbit App
2025-08-17T08:20:00Z,LIGHT,Fitbit App
2025-08-17T08:21:00Z,LIGHT,Fitbit App
2025-08-17T08:22:00Z,LIGHT,Fitbit App
2025-08-17T08:23:00Z,LIGHT,Fitbit App
2025-08-17T08:24:00Z,LIGHT,Fitbit App
2025-08-17T08:25:00Z,LIGHT,Fitbit App
2025-08-17T08:26:00Z,LIGHT,Fitbit App
2025-08-17T08:27:00Z,LIGHT,Fitbit App
2025-08-17T08:28:00Z,LIGHT,Fitbit App
2025-08-17T08:29:00Z,LIGHT,Fitbit App
2025-08-17T08:30:00Z,LIGHT,Fitbit App
2025-08-17T08:31:00Z,LIGHT,Fitbit App
2025-08-17T08:32:00Z,LIGHT,Fitbit App
2025-08-17T08:33:00Z,LIGHT,Fitbit App
2025-08-17T08:34:00Z,LIGHT,Fitbit App
2025-08-17T08:35:00Z,LIGHT,Fitbit App
2025-08-17T08:36:00Z,LIGHT,Fitbit App
2025-08-17T08:37:00Z,LIGHT,Fitbit App
2025-08-17T08:38:00Z,LIGHT,Fitbit App
2025-08-17T08:39:00Z,LIGHT,Fitbit App
2025-08-17T08:40:00Z,LIGHT,Fitbit App
2025-08-17T08:41:00Z,LIGHT,Fitbit App
2025-08-17T08:42:00Z,LIGHT,Fitbit App
2025-08-17T08:43:00Z,LIGHT,Fitbit App
2025-08-17T08:44:00Z,LIGHT,Fitbit App
2025-08-17T08:45:00Z,LIGHT,Fitbit App
2025-08-17T08:46:00Z,LIGHT,Fitbit App
2025-08-17T08:47:00Z,LIGHT,Fitbit App
2025-08-17T08:48:00Z,LIGHT,Fitbit App
2025-08-17T08:49:00Z,LIGHT,Fitbit App
2025-08-17T08:50:00Z,LIGHT,Fitbit App
2025-08-17T08:51:00Z,LIGHT,Fitbit App
2025-08-17T08:52:00Z,LIGHT,Fitbit App
2025-08-17T08:53:00Z,LIGHT,Fitbit App
2025-08-17T08:54:00Z,LIGHT,Fitbit App
2025-08-17T08:55:00Z,LIGHT,Fitbit App
2025-08-17T08:56:00Z,LIGHT,Fitbit App
2025-08-17T08:57:00Z,LIGHT,Fitbit App
2025-08-17T08:58:00Z,LIGHT,Fitbit App
2025-08-17T08:59:00Z,LIGHT,Fitbit App
2025-08-17T09:00:00Z,LIGHT,Fitbit App
2025-08-17T09:01:00Z,LIGHT,Fitbit App
2025-08-17T09:02:00Z,LIGHT,Fitbit App
2025-08-17T09:03:00Z,LIGHT,Fitbit App
2025-08-17T09:04:00Z,LIGHT,Fitbit App
2025-08-17T09:05:00Z,LIGHT,Fitbit App
2025-08-17T09:06:00Z,LIGHT,Fitbit App
2025-08-17T09:07:00Z,LIGHT,Fitbit App
2025-08-17T09:08:00Z,LIGHT,Fitbit App
2025-08-17T09:09:00Z,LIGHT,Fitbit App
2025-08-17T09:10:00Z,LIGHT,Fitbit App
2025-08-17T09:11:00Z,LIGHT,Fitbit App
2025-08-17T09:12:00Z,LIGHT,Fitbit App
2025-08-17T09:13:00Z,LIGHT,Fitbit App
2025-08-17T09:14:00Z,LIGHT,Fitbit App
2025-08-17T09:15:00Z,LIGHT,Fitbit App
2025-08-17T09:16:00Z,LIGHT,Fitbit App
2025-08-17T09:17:00Z,LIGHT,Fitbit App
2025-08-17T09:18:00Z,LIGHT,Fitbit App
2025-08-17T09:19:00Z,LIGHT,Fitbit App
2025-08-17T09:20:00Z,LIGHT,Fitbit App
2025-08-17T09:21:00Z,LIGHT,Fitbit App
2025-08-17T09:22:00Z,LIGHT,Fitbit App
2025-08-17T09:23:00Z,LIGHT,Fitbit App
2025-08-17T09:24:00Z,LIGHT,Fitbit App
2025-08-17T09:25:00Z,LIGHT,Fitbit App
2025-08-17T09:26:00Z,LIGHT,Fitbit App
2025-08-17T09:27:00Z,LIGHT,Fitbit App
2025-08-17T09:28:00Z,LIGHT,Fitbit App
2025-08-17T09:29:00Z,LIGHT,Fitbit App
2025-08-17T09:30:00Z,LIGHT,Fitbit App
2025-08-17T09:31:00Z,LIGHT,Fitbit App
2025-08-17T09:32:00Z,LIGHT,Fitbit App
2025-08-17T09:33:00Z,LIGHT,Fitbit App
2025-08-17T09:34:00Z,LIGHT,Fitbit App
2025-08-17T09:35:00Z,LIGHT,Fitbit App
2025-08-17T09:36:00Z,LIGHT,Fitbit App
2025-08-17T09:37:00Z,LIGHT,Fitbit App
2025-08-17T09:38:00Z,LIGHT,Fitbit App
2025-08-17T09:39:00Z,LIGHT,Fitbit App
2025-08-17T09:40:00Z,LIGHT,Fitbit App
2025-08-17T09:41:00Z,LIGHT,Fitbit App
2025-08-17T09:42:00Z,LIGHT,Fitbit App
2025-08-17T09:43:00Z,LIGHT,Fitbit App
2025-08-17T09:44:00Z,LIGHT,Fitbit App
2025-08-17T09:45:00Z,LIGHT,Fitbit App
2025-08-17T09:46:00Z,LIGHT,Fitbit App
2025-08-17T09:47:00Z,VIGOROUS,Fitbit App
2025-08-17T09:48:00Z,VIGOROUS,Fitbit App
2025-08-17T09:49:00Z,MODERATE,Fitbit App
2025-08-17T09:50:00Z,MODERATE,Fitbit App
2025-08-17T09:51:00Z,LIGHT,Fitbit App
2025-08-17T09:52:00Z,LIGHT,Fitbit App
2025-08-17T09:53:00Z,LIGHT,Fitbit App
2025-08-17T09:54:00Z,LIGHT,Fitbit App
2025-08-17T09:55:00Z,LIGHT,Fitbit App
2025-08-17T09:56:00Z,LIGHT,Fitbit App
2025-08-17T09:57:00Z,LIGHT,Fitbit App
2025-08-17T09:58:00Z,LIGHT,Fitbit App
2025-08-17T09:59:00Z,LIGHT,Fitbit App
2025-08-17T10:00:00Z,MODERATE,Fitbit App
2025-08-17T10:01:00Z,MODERATE,Fitbit App
2025-08-17T10:02:00Z,MODERATE,Fitbit App
2025-08-17T10:03:00Z,VIGOROUS,Fitbit App
2025-08-17T10:04:00Z,MODERATE,Fitbit App
2025-08-17T10:05:00Z,MODERATE,Fitbit App
2025-08-17T10:06:00Z,VIGOROUS,Fitbit App
2025-08-17T10:07:00Z,MODERATE,Fitbit App
2025-08-17T10:08:00Z,LIGHT,Fitbit App
2025-08-17T10:09:00Z,MODERATE,Fitbit App
2025-08-17T10:10:00Z,MODERATE,Fitbit App
2025-08-17T10:11:00Z,MODERATE,Fitbit App
2025-08-17T10:12:00Z,MODERATE,Fitbit App
2025-08-17T10:13:00Z,MODERATE,Fitbit App
2025-08-17T10:14:00Z,VIGOROUS,Fitbit App
2025-08-17T10:15:00Z,VIGOROUS,Fitbit App
2025-08-17T10:16:00Z,VIGOROUS,Fitbit App
2025-08-17T10:17:00Z,MODERATE,Fitbit App
2025-08-17T10:18:00Z,LIGHT,Fitbit App
2025-08-17T10:19:00Z,LIGHT,Fitbit App
2025-08-17T10:20:00Z,MODERATE,Fitbit App
2025-08-17T10:21:00Z,MODERATE,Fitbit App
2025-08-17T10:22:00Z,LIGHT,Fitbit App
2025-08-17T10:23:00Z,LIGHT,Fitbit App
2025-08-17T10:24:00Z,MODERATE,Fitbit App
2025-08-17T10:25:00Z,MODERATE,Fitbit App
2025-08-17T10:26:00Z,MODERATE,Fitbit App
2025-08-17T10:27:00Z,LIGHT,Fitbit App
2025-08-17T10:28:00Z,LIGHT,Fitbit App
2025-08-17T10:29:00Z,LIGHT,Fitbit App
2025-08-17T10:30:00Z,MODERATE,Fitbit App
2025-08-17T10:31:00Z,VIGOROUS,Fitbit App
2025-08-17T10:32:00Z,MODERATE,Fitbit App
2025-08-17T10:33:00Z,MODERATE,Fitbit App
2025-08-17T10:34:00Z,MODERATE,Fitbit App
2025-08-17T10:35:00Z,VIGOROUS,Fitbit App
2025-08-17T10:36:00Z,MODERATE,Fitbit App
2025-08-17T10:37:00Z,MODERATE,Fitbit App
2025-08-17T10:38:00Z,MODERATE,Fitbit App
2025-08-17T10:39:00Z,VIGOROUS,Fitbit App
2025-08-17T10:40:00Z,VIGOROUS,Fitbit App
2025-08-17T10:41:00Z,MODERATE,Fitbit App
2025-08-17T10:42:00Z,MODERATE,Fitbit App
2025-08-17T10:43:00Z,MODERATE,Fitbit App
2025-08-17T10:44:00Z,MODERATE,Fitbit App
2025-08-17T10:45:00Z,MODERATE,Fitbit App
2025-08-17T10:46:00Z,LIGHT,Fitbit App
2025-08-17T10:47:00Z,LIGHT,Fitbit App
2025-08-17T10:48:00Z,LIGHT,Fitbit App
2025-08-17T10:49:00Z,MODERATE,Fitbit App
2025-08-17T10:50:00Z,MODERATE,Fitbit App
2025-08-17T10:51:00Z,MODERATE,Fitbit App
2025-08-17T10:52:00Z,MODERATE,Fitbit App
2025-08-17T10:53:00Z,MODERATE,Fitbit App
2025-08-17T10:54:00Z,VIGOROUS,Fitbit App
2025-08-17T10:55:00Z,MODERATE,Fitbit App
2025-08-17T10:56:00Z,MODERATE,Fitbit App
2025-08-17T10:57:00Z,MODERATE,Fitbit App
2025-08-17T10:58:00Z,MODERATE,Fitbit App
2025-08-17T10:59:00Z,MODERATE,Fitbit App
2025-08-17T11:00:00Z,LIGHT,Fitbit App
2025-08-17T11:01:00Z,LIGHT,Fitbit App
2025-08-17T11:02:00Z,LIGHT,Fitbit App
2025-08-17T11:03:00Z,LIGHT,Fitbit App
2025-08-17T11:04:00Z,LIGHT,Fitbit App
2025-08-17T11:05:00Z,MODERATE,Fitbit App
2025-08-17T11:06:00Z,LIGHT,Fitbit App
2025-08-17T11:07:00Z,LIGHT,Fitbit App
2025-08-17T11:08:00Z,MODERATE,Fitbit App
2025-08-17T11:09:00Z,MODERATE,Fitbit App
2025-08-17T11:10:00Z,LIGHT,Fitbit App
2025-08-17T11:11:00Z,LIGHT,Fitbit App
2025-08-17T11:12:00Z,MODERATE,Fitbit App
2025-08-17T11:13:00Z,VIGOROUS,Fitbit App
2025-08-17T11:14:00Z,MODERATE,Fitbit App
2025-08-17T11:15:00Z,VIGOROUS,Fitbit App
2025-08-17T11:16:00Z,VIGOROUS,Fitbit App
2025-08-17T11:17:00Z,VIGOROUS,Fitbit App
2025-08-17T11:18:00Z,MODERATE,Fitbit App
2025-08-17T11:19:00Z,MODERATE,Fitbit App
2025-08-17T11:20:00Z,LIGHT,Fitbit App
2025-08-17T11:21:00Z,LIGHT,Fitbit App
2025-08-17T11:22:00Z,LIGHT,Fitbit App
2025-08-17T11:23:00Z,LIGHT,Fitbit App
2025-08-17T11:24:00Z,MODERATE,Fitbit App
2025-08-17T11:25:00Z,VIGOROUS,Fitbit App
2025-08-17T11:26:00Z,LIGHT,Fitbit App
2025-08-17T11:27:00Z,MODERATE,Fitbit App
2025-08-17T11:28:00Z,MODERATE,Fitbit App
2025-08-17T11:29:00Z,LIGHT,Fitbit App
2025-08-17T11:30:00Z,LIGHT,Fitbit App
2025-08-17T11:31:00Z,LIGHT,Fitbit App
2025-08-17T11:32:00Z,LIGHT,Fitbit App
2025-08-17T11:33:00Z,LIGHT,Fitbit App
2025-08-17T11:34:00Z,LIGHT,Fitbit App
2025-08-17T11:35:00Z,MODERATE,Fitbit App
2025-08-17T11:36:00Z,LIGHT,Fitbit App
2025-08-17T11:37:00Z,LIGHT,Fitbit App
2025-08-17T11:38:00Z,LIGHT,Fitbit App
2025-08-17T11:39:00Z,MODERATE,Fitbit App
2025-08-17T11:40:00Z,LIGHT,Fitbit App
2025-08-17T11:41:00Z,LIGHT,Fitbit App
2025-08-17T11:42:00Z,MODERATE,Fitbit App
2025-08-17T11:43:00Z,MODERATE,Fitbit App
2025-08-17T11:44:00Z,LIGHT,Fitbit App
2025-08-17T11:45:00Z,LIGHT,Fitbit App
2025-08-17T11:46:00Z,LIGHT,Fitbit App
2025-08-17T11:47:00Z,LIGHT,Fitbit App
2025-08-17T11:48:00Z,LIGHT,Fitbit App
2025-08-17T11:49:00Z,LIGHT,Fitbit App
2025-08-17T11:50:00Z,LIGHT,Fitbit App
2025-08-17T11:51:00Z,LIGHT,Fitbit App
2025-08-17T11:52:00Z,LIGHT,Fitbit App
2025-08-17T11:53:00Z,LIGHT,Fitbit App
2025-08-17T11:54:00Z,LIGHT,Fitbit App
2025-08-17T11:55:00Z,LIGHT,Fitbit App
2025-08-17T11:56:00Z,LIGHT,Fitbit App
2025-08-17T11:57:00Z,LIGHT,Fitbit App
2025-08-17T11:58:00Z,LIGHT,Fitbit App
2025-08-17T11:59:00Z,LIGHT,Fitbit App
2025-08-17T12:00:00Z,MODERATE,Fitbit App
2025-08-17T12:01:00Z,LIGHT,Fitbit App
2025-08-17T12:02:00Z,LIGHT,Fitbit App
2025-08-17T12:03:00Z,LIGHT,Fitbit App
2025-08-17T12:04:00Z,LIGHT,Fitbit App
2025-08-17T12:05:00Z,LIGHT,Fitbit App
2025-08-17T12:06:00Z,LIGHT,Fitbit App
2025-08-17T12:07:00Z,LIGHT,Fitbit App
2025-08-17T12:08:00Z,LIGHT,Fitbit App
2025-08-17T12:09:00Z,LIGHT,Fitbit App
2025-08-17T12:10:00Z,LIGHT,Fitbit App
2025-08-17T12:11:00Z,LIGHT,Fitbit App
2025-08-17T12:12:00Z,LIGHT,Fitbit App
2025-08-17T12:13:00Z,LIGHT,Fitbit App
2025-08-17T12:14:00Z,MODERATE,Fitbit App
2025-08-17T12:15:00Z,LIGHT,Fitbit App
2025-08-17T12:16:00Z,LIGHT,Fitbit App
2025-08-17T12:17:00Z,LIGHT,Fitbit App
2025-08-17T12:18:00Z,LIGHT,Fitbit App
2025-08-17T12:19:00Z,LIGHT,Fitbit App
2025-08-17T12:20:00Z,LIGHT,Fitbit App
2025-08-17T12:21:00Z,LIGHT,Fitbit App
2025-08-17T12:22:00Z,LIGHT,Fitbit App
2025-08-17T12:23:00Z,LIGHT,Fitbit App
2025-08-17T12:24:00Z,LIGHT,Fitbit App
2025-08-17T12:25:00Z,LIGHT,Fitbit App
2025-08-17T12:26:00Z,LIGHT,Fitbit App
2025-08-17T12:27:00Z,LIGHT,Fitbit App
2025-08-17T12:28:00Z,LIGHT,Fitbit App
2025-08-17T12:29:00Z,LIGHT,Fitbit App
2025-08-17T12:30:00Z,LIGHT,Fitbit App
2025-08-17T12:31:00Z,LIGHT,Fitbit App
2025-08-17T12:32:00Z,LIGHT,Fitbit App
2025-08-17T12:33:00Z,LIGHT,Fitbit App
2025-08-17T12:34:00Z,MODERATE,Fitbit App
2025-08-17T12:35:00Z,MODERATE,Fitbit App
2025-08-17T12:36:00Z,LIGHT,Fitbit App
2025-08-17T12:37:00Z,LIGHT,Fitbit App
2025-08-17T12:38:00Z,MODERATE,Fitbit App
2025-08-17T12:39:00Z,MODERATE,Fitbit App
2025-08-17T12:40:00Z,LIGHT,Fitbit App
2025-08-17T12:41:00Z,LIGHT,Fitbit App
2025-08-17T12:42:00Z,LIGHT,Fitbit App
2025-08-17T12:43:00Z,LIGHT,Fitbit App
2025-08-17T12:44:00Z,LIGHT,Fitbit App
2025-08-17T12:45:00Z,MODERATE,Fitbit App
2025-08-17T12:46:00Z,VIGOROUS,Fitbit App
2025-08-17T12:47:00Z,VIGOROUS,Fitbit App
2025-08-17T12:48:00Z,MODERATE,Fitbit App
2025-08-17T12:49:00Z,MODERATE,Fitbit App
2025-08-17T12:50:00Z,MODERATE,Fitbit App
2025-08-17T12:51:00Z,MODERATE,Fitbit App
2025-08-17T12:52:00Z,LIGHT,Fitbit App
2025-08-17T12:53:00Z,LIGHT,Fitbit App
2025-08-17T12:54:00Z,MODERATE,Fitbit App
2025-08-17T12:55:00Z,MODERATE,Fitbit App
2025-08-17T12:56:00Z,MODERATE,Fitbit App
2025-08-17T12:57:00Z,MODERATE,Fitbit App
2025-08-17T12:58:00Z,LIGHT,Fitbit App
2025-08-17T12:59:00Z,VIGOROUS,Fitbit App
2025-08-17T13:00:00Z,MODERATE,Fitbit App
2025-08-17T13:01:00Z,MODERATE,Fitbit App
2025-08-17T13:02:00Z,LIGHT,Fitbit App
2025-08-17T13:03:00Z,MODERATE,Fitbit App
2025-08-17T13:04:00Z,MODERATE,Fitbit App
2025-08-17T13:05:00Z,LIGHT,Fitbit App
2025-08-17T13:06:00Z,LIGHT,Fitbit App
2025-08-17T13:07:00Z,LIGHT,Fitbit App
2025-08-17T13:08:00Z,LIGHT,Fitbit App
2025-08-17T13:09:00Z,LIGHT,Fitbit App
2025-08-17T13:10:00Z,LIGHT,Fitbit App
2025-08-17T13:11:00Z,MODERATE,Fitbit App
2025-08-17T13:12:00Z,MODERATE,Fitbit App
2025-08-17T13:13:00Z,LIGHT,Fitbit App
2025-08-17T13:14:00Z,LIGHT,Fitbit App
2025-08-17T13:15:00Z,LIGHT,Fitbit App
2025-08-17T13:16:00Z,MODERATE,Fitbit App
2025-08-17T13:17:00Z,VIGOROUS,Fitbit App
2025-08-17T13:18:00Z,VIGOROUS,Fitbit App
2025-08-17T13:19:00Z,LIGHT,Fitbit App
2025-08-17T13:20:00Z,MODERATE,Fitbit App
2025-08-17T13:21:00Z,MODERATE,Fitbit App
2025-08-17T13:22:00Z,MODERATE,Fitbit App
2025-08-17T13:23:00Z,MODERATE,Fitbit App
2025-08-17T13:24:00Z,MODERATE,Fitbit App
2025-08-17T13:25:00Z,MODERATE,Fitbit App
2025-08-17T13:26:00Z,MODERATE,Fitbit App
2025-08-17T13:27:00Z,MODERATE,Fitbit App
2025-08-17T13:28:00Z,LIGHT,Fitbit App
2025-08-17T13:29:00Z,MODERATE,Fitbit App
2025-08-17T13:30:00Z,MODERATE,Fitbit App
2025-08-17T13:31:00Z,MODERATE,Fitbit App
2025-08-17T13:32:00Z,LIGHT,Fitbit App
2025-08-17T13:33:00Z,LIGHT,Fitbit App
2025-08-17T13:34:00Z,LIGHT,Fitbit App
2025-08-17T13:35:00Z,MODERATE,Fitbit App
2025-08-17T13:36:00Z,MODERATE,Fitbit App
2025-08-17T13:37:00Z,MODERATE,Fitbit App
2025-08-17T13:38:00Z,VIGOROUS,Fitbit App
2025-08-17T13:39:00Z,MODERATE,Fitbit App
2025-08-17T13:40:00Z,MODERATE,Fitbit App
2025-08-17T13:41:00Z,MODERATE,Fitbit App
2025-08-17T13:42:00Z,MODERATE,Fitbit App
2025-08-17T13:43:00Z,MODERATE,Fitbit App
2025-08-17T13:44:00Z,VIGOROUS,Fitbit App
2025-08-17T13:45:00Z,VIGOROUS,Fitbit App
2025-08-17T13:46:00Z,MODERATE,Fitbit App
2025-08-17T13:47:00Z,MODERATE,Fitbit App
2025-08-17T13:48:00Z,LIGHT,Fitbit App
2025-08-17T13:49:00Z,MODERATE,Fitbit App
2025-08-17T13:50:00Z,VIGOROUS,Fitbit App
2025-08-17T13:51:00Z,MODERATE,Fitbit App
2025-08-17T13:52:00Z,LIGHT,Fitbit App
2025-08-17T13:53:00Z,MODERATE,Fitbit App
2025-08-17T13:54:00Z,LIGHT,Fitbit App
2025-08-17T13:55:00Z,LIGHT,Fitbit App
2025-08-17T13:56:00Z,LIGHT,Fitbit App
2025-08-17T13:57:00Z,LIGHT,Fitbit App
2025-08-17T13:58:00Z,LIGHT,Fitbit App
2025-08-17T13:59:00Z,VIGOROUS,Fitbit App
2025-08-17T14:00:00Z,LIGHT,Fitbit App
2025-08-17T14:01:00Z,LIGHT,Fitbit App
2025-08-17T14:02:00Z,LIGHT,Fitbit App
2025-08-17T14:03:00Z,LIGHT,Fitbit App
2025-08-17T14:04:00Z,LIGHT,Fitbit App
2025-08-17T14:05:00Z,LIGHT,Fitbit App
2025-08-17T14:06:00Z,LIGHT,Fitbit App
2025-08-17T14:07:00Z,LIGHT,Fitbit App
2025-08-17T14:08:00Z,LIGHT,Fitbit App
2025-08-17T14:09:00Z,MODERATE,Fitbit App
2025-08-17T14:10:00Z,MODERATE,Fitbit App
2025-08-17T14:11:00Z,MODERATE,Fitbit App
2025-08-17T14:12:00Z,MODERATE,Fitbit App
2025-08-17T14:13:00Z,VIGOROUS,Fitbit App
2025-08-17T14:14:00Z,VIGOROUS,Fitbit App
2025-08-17T14:15:00Z,MODERATE,Fitbit App
2025-08-17T14:16:00Z,MODERATE,Fitbit App
2025-08-17T14:17:00Z,VIGOROUS,Fitbit App
2025-08-17T14:18:00Z,MODERATE,Fitbit App
2025-08-17T14:19:00Z,MODERATE,Fitbit App
2025-08-17T14:20:00Z,LIGHT,Fitbit App
2025-08-17T14:21:00Z,LIGHT,Fitbit App
2025-08-17T14:22:00Z,LIGHT,Fitbit App
2025-08-17T14:23:00Z,LIGHT,Fitbit App
2025-08-17T14:24:00Z,LIGHT,Fitbit App
2025-08-17T14:25:00Z,MODERATE,Fitbit App
2025-08-17T14:26:00Z,VIGOROUS,Fitbit App
2025-08-17T14:27:00Z,MODERATE,Fitbit App
2025-08-17T14:28:00Z,MODERATE,Fitbit App
2025-08-17T14:29:00Z,MODERATE,Fitbit App
2025-08-17T14:30:00Z,MODERATE,Fitbit App
2025-08-17T14:31:00Z,MODERATE,Fitbit App
2025-08-17T14:32:00Z,MODERATE,Fitbit App
2025-08-17T14:33:00Z,VIGOROUS,Fitbit App
2025-08-17T14:34:00Z,VIGOROUS,Fitbit App
2025-08-17T14:35:00Z,VIGOROUS,Fitbit App
2025-08-17T14:36:00Z,MODERATE,Fitbit App
2025-08-17T14:37:00Z,MODERATE,Fitbit App
2025-08-17T14:38:00Z,MODERATE,Fitbit App
2025-08-17T14:39:00Z,MODERATE,Fitbit App
2025-08-17T14:40:00Z,MODERATE,Fitbit App
2025-08-17T14:41:00Z,MODERATE,Fitbit App
2025-08-17T14:42:00Z,MODERATE,Fitbit App
2025-08-17T14:43:00Z,LIGHT,Fitbit App
2025-08-17T14:44:00Z,LIGHT,Fitbit App
2025-08-17T14:45:00Z,LIGHT,Fitbit App
2025-08-17T14:46:00Z,LIGHT,Fitbit App
2025-08-17T14:47:00Z,LIGHT,Fitbit App
2025-08-17T14:48:00Z,LIGHT,Fitbit App
2025-08-17T14:49:00Z,LIGHT,Fitbit App
2025-08-17T14:50:00Z,LIGHT,Fitbit App
2025-08-17T14:51:00Z,MODERATE,Fitbit App
2025-08-17T14:52:00Z,MODERATE,Fitbit App
2025-08-17T14:53:00Z,MODERATE,Fitbit App
2025-08-17T14:54:00Z,MODERATE,Fitbit App
2025-08-17T14:55:00Z,MODERATE,Fitbit App
2025-08-17T14:56:00Z,MODERATE,Fitbit App
2025-08-17T14:57:00Z,LIGHT,Fitbit App
2025-08-17T14:58:00Z,LIGHT,Fitbit App
2025-08-17T14:59:00Z,LIGHT,Fitbit App
2025-08-17T15:00:00Z,LIGHT,Fitbit App
2025-08-17T15:01:00Z,MODERATE,Fitbit App
2025-08-17T15:02:00Z,MODERATE,Fitbit App
2025-08-17T15:03:00Z,LIGHT,Fitbit App
2025-08-17T15:04:00Z,MODERATE,Fitbit App
2025-08-17T15:05:00Z,LIGHT,Fitbit App
2025-08-17T15:06:00Z,MODERATE,Fitbit App
2025-08-17T15:07:00Z,LIGHT,Fitbit App
2025-08-17T15:08:00Z,MODERATE,Fitbit App
2025-08-17T15:09:00Z,MODERATE,Fitbit App
2025-08-17T15:10:00Z,VIGOROUS,Fitbit App
2025-08-17T15:11:00Z,MODERATE,Fitbit App
2025-08-17T15:12:00Z,LIGHT,Fitbit App
2025-08-17T15:13:00Z,LIGHT,Fitbit App
2025-08-17T15:14:00Z,MODERATE,Fitbit App
2025-08-17T15:15:00Z,VIGOROUS,Fitbit App
2025-08-17T15:16:00Z,VIGOROUS,Fitbit App
2025-08-17T15:17:00Z,MODERATE,Fitbit App
2025-08-17T15:18:00Z,MODERATE,Fitbit App
2025-08-17T15:19:00Z,LIGHT,Fitbit App
2025-08-17T15:20:00Z,LIGHT,Fitbit App
2025-08-17T15:21:00Z,VIGOROUS,Fitbit App
2025-08-17T15:22:00Z,MODERATE,Fitbit App
2025-08-17T15:23:00Z,MODERATE,Fitbit App
2025-08-17T15:24:00Z,MODERATE,Fitbit App
2025-08-17T15:25:00Z,MODERATE,Fitbit App
2025-08-17T15:26:00Z,MODERATE,Fitbit App
2025-08-17T15:27:00Z,MODERATE,Fitbit App
2025-08-17T15:28:00Z,MODERATE,Fitbit App
2025-08-17T15:29:00Z,MODERATE,Fitbit App
2025-08-17T15:30:00Z,MODERATE,Fitbit App
2025-08-17T15:31:00Z,MODERATE,Fitbit App
2025-08-17T15:32:00Z,VIGOROUS,Fitbit App
2025-08-17T15:33:00Z,VIGOROUS,Fitbit App
2025-08-17T15:34:00Z,LIGHT,Fitbit App
2025-08-17T15:35:00Z,LIGHT,Fitbit App
2025-08-17T15:36:00Z,LIGHT,Fitbit App
2025-08-17T15:37:00Z,LIGHT,Fitbit App
2025-08-17T15:38:00Z,LIGHT,Fitbit App
2025-08-17T15:39:00Z,VIGOROUS,Fitbit App
2025-08-17T15:40:00Z,LIGHT,Fitbit App
2025-08-17T15:41:00Z,LIGHT,Fitbit App
2025-08-17T15:42:00Z,LIGHT,Fitbit App
2025-08-17T15:43:00Z,LIGHT,Fitbit App
2025-08-17T15:44:00Z,LIGHT,Fitbit App
2025-08-17T15:45:00Z,LIGHT,Fitbit App
2025-08-17T15:46:00Z,LIGHT,Fitbit App
2025-08-17T15:47:00Z,LIGHT,Fitbit App
2025-08-17T15:48:00Z,LIGHT,Fitbit App
2025-08-17T15:49:00Z,MODERATE,Fitbit App
2025-08-17T15:50:00Z,LIGHT,Fitbit App
2025-08-17T15:51:00Z,MODERATE,Fitbit App
2025-08-17T15:52:00Z,MODERATE,Fitbit App
2025-08-17T15:53:00Z,LIGHT,Fitbit App
2025-08-17T15:54:00Z,MODERATE,Fitbit App
2025-08-17T15:55:00Z,MODERATE,Fitbit App
2025-08-17T15:56:00Z,MODERATE,Fitbit App
2025-08-17T15:57:00Z,VIGOROUS,Fitbit App
2025-08-17T15:58:00Z,MODERATE,Fitbit App
2025-08-17T15:59:00Z,MODERATE,Fitbit App
2025-08-17T16:00:00Z,LIGHT,Fitbit App
2025-08-17T16:01:00Z,LIGHT,Fitbit App
2025-08-17T16:02:00Z,LIGHT,Fitbit App
2025-08-17T16:03:00Z,VIGOROUS,Fitbit App
2025-08-17T16:04:00Z,MODERATE,Fitbit App
2025-08-17T16:05:00Z,LIGHT,Fitbit App
2025-08-17T16:06:00Z,LIGHT,Fitbit App
2025-08-17T16:07:00Z,MODERATE,Fitbit App
2025-08-17T16:08:00Z,LIGHT,Fitbit App
2025-08-17T16:09:00Z,MODERATE,Fitbit App
2025-08-17T16:10:00Z,LIGHT,Fitbit App
2025-08-17T16:11:00Z,LIGHT,Fitbit App
2025-08-17T16:12:00Z,LIGHT,Fitbit App
2025-08-17T16:13:00Z,LIGHT,Fitbit App
2025-08-17T16:14:00Z,LIGHT,Fitbit App
2025-08-17T16:15:00Z,LIGHT,Fitbit App
2025-08-17T16:16:00Z,LIGHT,Fitbit App
2025-08-17T16:17:00Z,LIGHT,Fitbit App
2025-08-17T16:18:00Z,LIGHT,Fitbit App
2025-08-17T16:19:00Z,LIGHT,Fitbit App
2025-08-17T16:20:00Z,LIGHT,Fitbit App
2025-08-17T16:21:00Z,LIGHT,Fitbit App
2025-08-17T16:22:00Z,LIGHT,Fitbit App
2025-08-17T16:23:00Z,LIGHT,Fitbit App
2025-08-17T16:24:00Z,LIGHT,Fitbit App
2025-08-17T16:25:00Z,LIGHT,Fitbit App
2025-08-17T16:26:00Z,LIGHT,Fitbit App
2025-08-17T16:27:00Z,LIGHT,Fitbit App
2025-08-17T16:28:00Z,LIGHT,Fitbit App
2025-08-17T16:29:00Z,LIGHT,Fitbit App
2025-08-17T16:30:00Z,LIGHT,Fitbit App
2025-08-17T16:31:00Z,LIGHT,Fitbit App
2025-08-17T16:32:00Z,LIGHT,Fitbit App
2025-08-17T16:33:00Z,LIGHT,Fitbit App
2025-08-17T16:34:00Z,LIGHT,Fitbit App
2025-08-17T16:35:00Z,LIGHT,Fitbit App
2025-08-17T16:36:00Z,LIGHT,Fitbit App
2025-08-17T16:37:00Z,LIGHT,Fitbit App
2025-08-17T16:38:00Z,LIGHT,Fitbit App
2025-08-17T16:39:00Z,VIGOROUS,Fitbit App
2025-08-17T16:40:00Z,VIGOROUS,Fitbit App
2025-08-17T16:41:00Z,VIGOROUS,Fitbit App
2025-08-17T16:42:00Z,VIGOROUS,Fitbit App
2025-08-17T16:43:00Z,MODERATE,Fitbit App
2025-08-17T16:44:00Z,LIGHT,Fitbit App
2025-08-17T16:45:00Z,LIGHT,Fitbit App
2025-08-17T16:46:00Z,LIGHT,Fitbit App
2025-08-17T16:47:00Z,MODERATE,Fitbit App
2025-08-17T16:48:00Z,MODERATE,Fitbit App
2025-08-17T16:49:00Z,LIGHT,Fitbit App
2025-08-17T16:50:00Z,LIGHT,Fitbit App
2025-08-17T16:51:00Z,LIGHT,Fitbit App
2025-08-17T16:52:00Z,MODERATE,Fitbit App
2025-08-17T16:53:00Z,MODERATE,Fitbit App
2025-08-17T16:54:00Z,MODERATE,Fitbit App
2025-08-17T16:55:00Z,LIGHT,Fitbit App
2025-08-17T16:56:00Z,LIGHT,Fitbit App
2025-08-17T16:57:00Z,LIGHT,Fitbit App
2025-08-17T16:58:00Z,LIGHT,Fitbit App
2025-08-17T16:59:00Z,LIGHT,Fitbit App
2025-08-17T17:00:00Z,LIGHT,Fitbit App
2025-08-17T17:01:00Z,LIGHT,Fitbit App
2025-08-17T17:02:00Z,LIGHT,Fitbit App
2025-08-17T17:03:00Z,LIGHT,Fitbit App
2025-08-17T17:04:00Z,LIGHT,Fitbit App
2025-08-17T17:05:00Z,LIGHT,Fitbit App
2025-08-17T17:06:00Z,LIGHT,Fitbit App
2025-08-17T17:07:00Z,LIGHT,Fitbit App
2025-08-17T17:08:00Z,LIGHT,Fitbit App
2025-08-17T17:09:00Z,LIGHT,Fitbit App
2025-08-17T17:10:00Z,LIGHT,Fitbit App
2025-08-17T17:11:00Z,LIGHT,Fitbit App
2025-08-17T17:12:00Z,LIGHT,Fitbit App
2025-08-17T17:13:00Z,LIGHT,Fitbit App
2025-08-17T17:14:00Z,LIGHT,Fitbit App
2025-08-17T17:15:00Z,MODERATE,Fitbit App
2025-08-17T17:16:00Z,LIGHT,Fitbit App
2025-08-17T17:17:00Z,LIGHT,Fitbit App
2025-08-17T17:18:00Z,LIGHT,Fitbit App
2025-08-17T17:19:00Z,MODERATE,Fitbit App
2025-08-17T17:20:00Z,MODERATE,Fitbit App
2025-08-17T17:21:00Z,LIGHT,Fitbit App
2025-08-17T17:22:00Z,LIGHT,Fitbit App
2025-08-17T17:23:00Z,LIGHT,Fitbit App
2025-08-17T17:24:00Z,LIGHT,Fitbit App
2025-08-17T17:25:00Z,LIGHT,Fitbit App
2025-08-17T17:26:00Z,LIGHT,Fitbit App
2025-08-17T17:27:00Z,LIGHT,Fitbit App
2025-08-17T17:28:00Z,LIGHT,Fitbit App
2025-08-17T17:29:00Z,LIGHT,Fitbit App
2025-08-17T17:30:00Z,LIGHT,Fitbit App
2025-08-17T17:31:00Z,LIGHT,Fitbit App
2025-08-17T17:32:00Z,VIGOROUS,Fitbit App
2025-08-17T17:33:00Z,LIGHT,Fitbit App
2025-08-17T17:34:00Z,VIGOROUS,Fitbit App
2025-08-17T17:35:00Z,MODERATE,Fitbit App
2025-08-17T17:36:00Z,LIGHT,Fitbit App
2025-08-17T17:37:00Z,MODERATE,Fitbit App
2025-08-17T17:38:00Z,LIGHT,Fitbit App
2025-08-17T17:39:00Z,MODERATE,Fitbit App
2025-08-17T17:40:00Z,LIGHT,Fitbit App
2025-08-17T17:41:00Z,LIGHT,Fitbit App
2025-08-17T17:42:00Z,LIGHT,Fitbit App
2025-08-17T17:43:00Z,LIGHT,Fitbit App
2025-08-17T17:44:00Z,LIGHT,Fitbit App
2025-08-17T17:45:00Z,LIGHT,Fitbit App
2025-08-17T17:46:00Z,LIGHT,Fitbit App
2025-08-17T17:47:00Z,LIGHT,Fitbit App
2025-08-17T17:48:00Z,LIGHT,Fitbit App
2025-08-17T17:49:00Z,LIGHT,Fitbit App
2025-08-17T17:50:00Z,MODERATE,Fitbit App
2025-08-17T17:51:00Z,MODERATE,Fitbit App
2025-08-17T17:52:00Z,LIGHT,Fitbit App
2025-08-17T17:53:00Z,LIGHT,Fitbit App
2025-08-17T17:54:00Z,LIGHT,Fitbit App
2025-08-17T17:55:00Z,LIGHT,Fitbit App
2025-08-17T17:56:00Z,LIGHT,Fitbit App
2025-08-17T17:57:00Z,LIGHT,Fitbit App
2025-08-17T17:58:00Z,LIGHT,Fitbit App
2025-08-17T17:59:00Z,LIGHT,Fitbit App
2025-08-17T18:00:00Z,LIGHT,Fitbit App
2025-08-17T18:01:00Z,LIGHT,Fitbit App
2025-08-17T18:02:00Z,LIGHT,Fitbit App
2025-08-17T18:03:00Z,LIGHT,Fitbit App
2025-08-17T18:04:00Z,LIGHT,Fitbit App
2025-08-17T18:05:00Z,LIGHT,Fitbit App
2025-08-17T18:06:00Z,MODERATE,Fitbit App
2025-08-17T18:07:00Z,MODERATE,Fitbit App
2025-08-17T18:08:00Z,VIGOROUS,Fitbit App
2025-08-17T18:09:00Z,MODERATE,Fitbit App
2025-08-17T18:10:00Z,LIGHT,Fitbit App
2025-08-17T18:11:00Z,LIGHT,Fitbit App
2025-08-17T18:12:00Z,LIGHT,Fitbit App
2025-08-17T18:13:00Z,LIGHT,Fitbit App
2025-08-17T18:14:00Z,LIGHT,Fitbit App
2025-08-17T18:15:00Z,LIGHT,Fitbit App
2025-08-17T18:16:00Z,MODERATE,Fitbit App
2025-08-17T18:17:00Z,MODERATE,Fitbit App
2025-08-17T18:18:00Z,LIGHT,Fitbit App
2025-08-17T18:19:00Z,LIGHT,Fitbit App
2025-08-17T18:20:00Z,LIGHT,Fitbit App
2025-08-17T18:21:00Z,LIGHT,Fitbit App
2025-08-17T18:22:00Z,LIGHT,Fitbit App
2025-08-17T18:23:00Z,LIGHT,Fitbit App
2025-08-17T18:24:00Z,LIGHT,Fitbit App
2025-08-17T18:25:00Z,LIGHT,Fitbit App
2025-08-17T18:26:00Z,LIGHT,Fitbit App
2025-08-17T18:27:00Z,LIGHT,Fitbit App
2025-08-17T18:28:00Z,LIGHT,Fitbit App
2025-08-17T18:29:00Z,LIGHT,Fitbit App
2025-08-17T18:30:00Z,LIGHT,Fitbit App
2025-08-17T18:31:00Z,LIGHT,Fitbit App
2025-08-17T18:32:00Z,LIGHT,Fitbit App
2025-08-17T18:33:00Z,LIGHT,Fitbit App
2025-08-17T18:34:00Z,LIGHT,Fitbit App
2025-08-17T18:35:00Z,LIGHT,Fitbit App
2025-08-17T18:36:00Z,LIGHT,Fitbit App
2025-08-17T18:37:00Z,LIGHT,Fitbit App
2025-08-17T18:38:00Z,LIGHT,Fitbit App
2025-08-17T18:39:00Z,LIGHT,Fitbit App
2025-08-17T18:40:00Z,LIGHT,Fitbit App
2025-08-17T18:41:00Z,LIGHT,Fitbit App
2025-08-17T18:42:00Z,LIGHT,Fitbit App
2025-08-17T18:43:00Z,LIGHT,Fitbit App
2025-08-17T18:44:00Z,LIGHT,Fitbit App
2025-08-17T18:45:00Z,LIGHT,Fitbit App
2025-08-17T18:46:00Z,LIGHT,Fitbit App
2025-08-17T18:47:00Z,LIGHT,Fitbit App
2025-08-17T18:48:00Z,LIGHT,Fitbit App
2025-08-17T18:49:00Z,LIGHT,Fitbit App
2025-08-17T18:50:00Z,LIGHT,Fitbit App
2025-08-17T18:51:00Z,LIGHT,Fitbit App
2025-08-17T18:52:00Z,LIGHT,Fitbit App
2025-08-17T18:53:00Z,LIGHT,Fitbit App
2025-08-17T18:54:00Z,LIGHT,Fitbit App
2025-08-17T18:55:00Z,LIGHT,Fitbit App
2025-08-17T18:56:00Z,LIGHT,Fitbit App
2025-08-17T18:57:00Z,LIGHT,Fitbit App
2025-08-17T18:58:00Z,LIGHT,Fitbit App
2025-08-17T18:59:00Z,LIGHT,Fitbit App
2025-08-17T19:00:00Z,LIGHT,Fitbit App
2025-08-17T19:01:00Z,LIGHT,Fitbit App
2025-08-17T19:02:00Z,LIGHT,Fitbit App
2025-08-17T19:03:00Z,LIGHT,Fitbit App
2025-08-17T19:04:00Z,LIGHT,Fitbit App
2025-08-17T19:05:00Z,LIGHT,Fitbit App
2025-08-17T19:06:00Z,LIGHT,Fitbit App
2025-08-17T19:07:00Z,LIGHT,Fitbit App
2025-08-17T19:08:00Z,LIGHT,Fitbit App
2025-08-17T19:09:00Z,LIGHT,Fitbit App
2025-08-17T19:10:00Z,LIGHT,Fitbit App
2025-08-17T19:11:00Z,LIGHT,Fitbit App
2025-08-17T19:12:00Z,LIGHT,Fitbit App
2025-08-17T19:13:00Z,LIGHT,Fitbit App
2025-08-17T19:14:00Z,LIGHT,Fitbit App
2025-08-17T19:15:00Z,LIGHT,Fitbit App
2025-08-17T19:16:00Z,LIGHT,Fitbit App
2025-08-17T19:17:00Z,LIGHT,Fitbit App
2025-08-17T19:18:00Z,LIGHT,Fitbit App
2025-08-17T19:19:00Z,MODERATE,Fitbit App
2025-08-17T19:20:00Z,LIGHT,Fitbit App
2025-08-17T19:21:00Z,LIGHT,Fitbit App
2025-08-17T19:22:00Z,LIGHT,Fitbit App
2025-08-17T19:23:00Z,MODERATE,Fitbit App
2025-08-17T19:24:00Z,VIGOROUS,Fitbit App
2025-08-17T19:25:00Z,VIGOROUS,Fitbit App
2025-08-17T19:26:00Z,MODERATE,Fitbit App
2025-08-17T19:27:00Z,MODERATE,Fitbit App
2025-08-17T19:28:00Z,LIGHT,Fitbit App
2025-08-17T19:29:00Z,LIGHT,Fitbit App
2025-08-17T19:30:00Z,LIGHT,Fitbit App
2025-08-17T19:31:00Z,LIGHT,Fitbit App
2025-08-17T19:32:00Z,LIGHT,Fitbit App
2025-08-17T19:33:00Z,LIGHT,Fitbit App
2025-08-17T19:34:00Z,LIGHT,Fitbit App
2025-08-17T19:35:00Z,LIGHT,Fitbit App
2025-08-17T19:36:00Z,LIGHT,Fitbit App
2025-08-17T19:37:00Z,LIGHT,Fitbit App
2025-08-17T19:38:00Z,LIGHT,Fitbit App
2025-08-17T19:39:00Z,LIGHT,Fitbit App
2025-08-17T19:40:00Z,LIGHT,Fitbit App
2025-08-17T19:41:00Z,LIGHT,Fitbit App
2025-08-17T19:42:00Z,LIGHT,Fitbit App
2025-08-17T19:43:00Z,LIGHT,Fitbit App
2025-08-17T19:44:00Z,LIGHT,Fitbit App
2025-08-17T19:45:00Z,LIGHT,Fitbit App
2025-08-17T19:46:00Z,LIGHT,Fitbit App
2025-08-17T19:47:00Z,LIGHT,Fitbit App
2025-08-17T19:48:00Z,LIGHT,Fitbit App
2025-08-17T19:49:00Z,LIGHT,Fitbit App
2025-08-17T19:50:00Z,LIGHT,Fitbit App
2025-08-17T19:51:00Z,LIGHT,Fitbit App
2025-08-17T19:52:00Z,LIGHT,Fitbit App
2025-08-17T19:53:00Z,LIGHT,Fitbit App
2025-08-17T19:54:00Z,LIGHT,Fitbit App
2025-08-17T19:55:00Z,LIGHT,Fitbit App
2025-08-17T19:56:00Z,LIGHT,Fitbit App
2025-08-17T19:57:00Z,LIGHT,Fitbit App
2025-08-17T19:58:00Z,LIGHT,Fitbit App
2025-08-17T19:59:00Z,LIGHT,Fitbit App
2025-08-17T20:00:00Z,LIGHT,Fitbit App
2025-08-17T20:01:00Z,LIGHT,Fitbit App
2025-08-17T20:02:00Z,LIGHT,Fitbit App
2025-08-17T20:03:00Z,LIGHT,Fitbit App
2025-08-17T20:04:00Z,LIGHT,Fitbit App
2025-08-17T20:05:00Z,LIGHT,Fitbit App
2025-08-17T20:06:00Z,LIGHT,Fitbit App
2025-08-17T20:07:00Z,LIGHT,Fitbit App
2025-08-17T20:08:00Z,LIGHT,Fitbit App
2025-08-17T20:09:00Z,LIGHT,Fitbit App
2025-08-17T20:10:00Z,MODERATE,Fitbit App
2025-08-17T20:11:00Z,LIGHT,Fitbit App
2025-08-17T20:12:00Z,MODERATE,Fitbit App
2025-08-17T20:13:00Z,MODERATE,Fitbit App
2025-08-17T20:14:00Z,LIGHT,Fitbit App
2025-08-17T20:15:00Z,VIGOROUS,Fitbit App
2025-08-17T20:16:00Z,VIGOROUS,Fitbit App
2025-08-17T20:17:00Z,VIGOROUS,Fitbit App
2025-08-17T20:18:00Z,MODERATE,Fitbit App
2025-08-17T20:19:00Z,LIGHT,Fitbit App
2025-08-17T20:20:00Z,LIGHT,Fitbit App
2025-08-17T20:21:00Z,MODERATE,Fitbit App
2025-08-17T20:22:00Z,MODERATE,Fitbit App
2025-08-17T20:23:00Z,LIGHT,Fitbit App
2025-08-17T20:24:00Z,MODERATE,Fitbit App
2025-08-17T20:25:00Z,MODERATE,Fitbit App
2025-08-17T20:26:00Z,LIGHT,Fitbit App
2025-08-17T20:27:00Z,LIGHT,Fitbit App
2025-08-17T20:28:00Z,LIGHT,Fitbit App
2025-08-17T20:29:00Z,LIGHT,Fitbit App
2025-08-17T20:30:00Z,LIGHT,Fitbit App
2025-08-17T20:31:00Z,LIGHT,Fitbit App
2025-08-17T20:32:00Z,LIGHT,Fitbit App
2025-08-17T20:33:00Z,LIGHT,Fitbit App
2025-08-17T20:34:00Z,LIGHT,Fitbit App
2025-08-17T20:35:00Z,LIGHT,Fitbit App
2025-08-17T20:36:00Z,LIGHT,Fitbit App
2025-08-17T20:37:00Z,LIGHT,Fitbit App
2025-08-17T20:38:00Z,LIGHT,Fitbit App
2025-08-17T20:39:00Z,LIGHT,Fitbit App
2025-08-17T20:40:00Z,LIGHT,Fitbit App
2025-08-17T20:41:00Z,LIGHT,Fitbit App
2025-08-17T20:42:00Z,LIGHT,Fitbit App
2025-08-17T20:43:00Z,LIGHT,Fitbit App
2025-08-17T20:44:00Z,LIGHT,Fitbit App
2025-08-17T20:45:00Z,LIGHT,Fitbit App
2025-08-17T20:46:00Z,LIGHT,Fitbit App
2025-08-17T20:47:00Z,LIGHT,Fitbit App
2025-08-17T20:48:00Z,LIGHT,Fitbit App
2025-08-17T20:49:00Z,LIGHT,Fitbit App
2025-08-17T20:50:00Z,LIGHT,Fitbit App
2025-08-17T20:51:00Z,LIGHT,Fitbit App
2025-08-17T20:52:00Z,LIGHT,Fitbit App
2025-08-17T20:53:00Z,LIGHT,Fitbit App
2025-08-17T20:54:00Z,LIGHT,Fitbit App
2025-08-17T20:55:00Z,LIGHT,Fitbit App
2025-08-17T20:56:00Z,LIGHT,Fitbit App
2025-08-17T20:57:00Z,LIGHT,Fitbit App
2025-08-17T20:58:00Z,LIGHT,Fitbit App
2025-08-17T20:59:00Z,LIGHT,Fitbit App
2025-08-17T21:00:00Z,LIGHT,Fitbit App
2025-08-17T21:01:00Z,LIGHT,Fitbit App
2025-08-17T21:02:00Z,LIGHT,Fitbit App
2025-08-17T21:03:00Z,LIGHT,Fitbit App
2025-08-17T21:04:00Z,LIGHT,Fitbit App
2025-08-17T21:05:00Z,LIGHT,Fitbit App
2025-08-17T21:06:00Z,MODERATE,Fitbit App
2025-08-17T21:07:00Z,VIGOROUS,Fitbit App
2025-08-17T21:08:00Z,VIGOROUS,Fitbit App
2025-08-17T21:09:00Z,MODERATE,Fitbit App
2025-08-17T21:10:00Z,LIGHT,Fitbit App
2025-08-17T21:11:00Z,LIGHT,Fitbit App
2025-08-17T21:12:00Z,MODERATE,Fitbit App
2025-08-17T21:13:00Z,MODERATE,Fitbit App
2025-08-17T21:14:00Z,VIGOROUS,Fitbit App
2025-08-17T21:15:00Z,MODERATE,Fitbit App
2025-08-17T21:16:00Z,LIGHT,Fitbit App
2025-08-17T21:17:00Z,MODERATE,Fitbit App
2025-08-17T21:18:00Z,LIGHT,Fitbit App
2025-08-17T21:19:00Z,LIGHT,Fitbit App
2025-08-17T21:20:00Z,LIGHT,Fitbit App
2025-08-17T21:21:00Z,LIGHT,Fitbit App
2025-08-17T21:22:00Z,MODERATE,Fitbit App
2025-08-17T21:23:00Z,VIGOROUS,Fitbit App
2025-08-17T21:24:00Z,VIGOROUS,Fitbit App
2025-08-17T21:25:00Z,MODERATE,Fitbit App
2025-08-17T21:26:00Z,MODERATE,Fitbit App
2025-08-17T21:27:00Z,MODERATE,Fitbit App
2025-08-17T21:28:00Z,MODERATE,Fitbit App
2025-08-17T21:29:00Z,VIGOROUS,Fitbit App
2025-08-17T21:30:00Z,MODERATE,Fitbit App
2025-08-17T21:31:00Z,MODERATE,Fitbit App
2025-08-17T21:32:00Z,MODERATE,Fitbit App
2025-08-17T21:33:00Z,MODERATE,Fitbit App
2025-08-17T21:34:00Z,MODERATE,Fitbit App
2025-08-17T21:35:00Z,MODERATE,Fitbit App
2025-08-17T21:36:00Z,LIGHT,Fitbit App
2025-08-17T21:37:00Z,MODERATE,Fitbit App
2025-08-17T21:38:00Z,LIGHT,Fitbit App
2025-08-17T21:39:00Z,MODERATE,Fitbit App
2025-08-17T21:40:00Z,MODERATE,Fitbit App
2025-08-17T21:41:00Z,MODERATE,Fitbit App
2025-08-17T21:42:00Z,VIGOROUS,Fitbit App
2025-08-17T21:43:00Z,MODERATE,Fitbit App
2025-08-17T21:44:00Z,MODERATE,Fitbit App
2025-08-17T21:45:00Z,MODERATE,Fitbit App
2025-08-17T21:46:00Z,MODERATE,Fitbit App
2025-08-17T21:47:00Z,MODERATE,Fitbit App
2025-08-17T21:48:00Z,MODERATE,Fitbit App
2025-08-17T21:49:00Z,MODERATE,Fitbit App
2025-08-17T21:50:00Z,MODERATE,Fitbit App
2025-08-17T21:51:00Z,LIGHT,Fitbit App
2025-08-17T21:52:00Z,VIGOROUS,Fitbit App
2025-08-17T21:53:00Z,VIGOROUS,Fitbit App
2025-08-17T21:54:00Z,MODERATE,Fitbit App
2025-08-17T21:55:00Z,MODERATE,Fitbit App
2025-08-17T21:56:00Z,MODERATE,Fitbit App
2025-08-17T21:57:00Z,MODERATE,Fitbit App
2025-08-17T21:58:00Z,VIGOROUS,Fitbit App
2025-08-17T21:59:00Z,MODERATE,Fitbit App
2025-08-17T22:00:00Z,LIGHT,Fitbit App
2025-08-17T22:01:00Z,LIGHT,Fitbit App
2025-08-17T22:02:00Z,MODERATE,Fitbit App
2025-08-17T22:03:00Z,MODERATE,Fitbit App
2025-08-17T22:04:00Z,MODERATE,Fitbit App
2025-08-17T22:05:00Z,MODERATE,Fitbit App
2025-08-17T22:06:00Z,MODERATE,Fitbit App
2025-08-18T03:40:00Z,LIGHT,Fitbit App
2025-08-18T03:41:00Z,LIGHT,Fitbit App
2025-08-18T03:42:00Z,LIGHT,Fitbit App
2025-08-18T03:43:00Z,LIGHT,Fitbit App
2025-08-18T03:44:00Z,LIGHT,Fitbit App
2025-08-18T03:45:00Z,LIGHT,Fitbit App
2025-08-18T03:46:00Z,LIGHT,Fitbit App
2025-08-18T05:17:00Z,LIGHT,Fitbit App
2025-08-18T05:18:00Z,LIGHT,Fitbit App
2025-08-18T05:58:00Z,LIGHT,Fitbit App
2025-08-18T05:59:00Z,LIGHT,Fitbit App
2025-08-18T06:00:00Z,LIGHT,Fitbit App
2025-08-18T06:01:00Z,LIGHT,Fitbit App
2025-08-18T06:02:00Z,LIGHT,Fitbit App
2025-08-18T06:03:00Z,LIGHT,Fitbit App
2025-08-18T06:04:00Z,LIGHT,Fitbit App
2025-08-18T06:05:00Z,LIGHT,Fitbit App
2025-08-18T06:06:00Z,LIGHT,Fitbit App
2025-08-18T06:07:00Z,LIGHT,Fitbit App
2025-08-18T06:08:00Z,LIGHT,Fitbit App
2025-08-18T06:09:00Z,LIGHT,Fitbit App
2025-08-18T06:10:00Z,LIGHT,Fitbit App
2025-08-18T06:11:00Z,LIGHT,Fitbit App
2025-08-18T06:12:00Z,LIGHT,Fitbit App
2025-08-18T06:13:00Z,LIGHT,Fitbit App
2025-08-18T06:14:00Z,LIGHT,Fitbit App
2025-08-18T06:15:00Z,LIGHT,Fitbit App
2025-08-18T06:16:00Z,LIGHT,Fitbit App
2025-08-18T06:17:00Z,LIGHT,Fitbit App
2025-08-18T06:18:00Z,LIGHT,Fitbit App
2025-08-18T06:19:00Z,LIGHT,Fitbit App
2025-08-18T06:20:00Z,LIGHT,Fitbit App
2025-08-18T06:21:00Z,LIGHT,Fitbit App
2025-08-18T06:22:00Z,LIGHT,Fitbit App
2025-08-18T06:23:00Z,LIGHT,Fitbit App
2025-08-18T06:24:00Z,LIGHT,Fitbit App
2025-08-18T06:25:00Z,LIGHT,Fitbit App
2025-08-18T06:26:00Z,LIGHT,Fitbit App
2025-08-18T06:27:00Z,LIGHT,Fitbit App
2025-08-18T06:28:00Z,LIGHT,Fitbit App
2025-08-18T06:29:00Z,LIGHT,Fitbit App
2025-08-18T06:30:00Z,LIGHT,Fitbit App
2025-08-18T06:31:00Z,LIGHT,Fitbit App
2025-08-18T06:32:00Z,LIGHT,Fitbit App
2025-08-18T06:33:00Z,LIGHT,Fitbit App
2025-08-18T06:34:00Z,LIGHT,Fitbit App
2025-08-18T06:35:00Z,LIGHT,Fitbit App
2025-08-18T06:36:00Z,LIGHT,Fitbit App
2025-08-18T06:37:00Z,LIGHT,Fitbit App
2025-08-18T06:38:00Z,LIGHT,Fitbit App
2025-08-18T06:39:00Z,LIGHT,Fitbit App
2025-08-18T06:40:00Z,LIGHT,Fitbit App
2025-08-18T06:41:00Z,LIGHT,Fitbit App
2025-08-18T06:42:00Z,LIGHT,Fitbit App
2025-08-18T06:43:00Z,LIGHT,Fitbit App
2025-08-18T06:44:00Z,LIGHT,Fitbit App
2025-08-18T06:45:00Z,LIGHT,Fitbit App
2025-08-18T06:46:00Z,LIGHT,Fitbit App
2025-08-18T06:47:00Z,LIGHT,Fitbit App
2025-08-18T06:48:00Z,LIGHT,Fitbit App
2025-08-18T06:49:00Z,LIGHT,Fitbit App
2025-08-18T06:50:00Z,LIGHT,Fitbit App
2025-08-18T06:51:00Z,LIGHT,Fitbit App
2025-08-18T06:52:00Z,LIGHT,Fitbit App
2025-08-18T11:16:00Z,LIGHT,Fitbit App
2025-08-18T11:17:00Z,LIGHT,Fitbit App
2025-08-18T11:18:00Z,LIGHT,Fitbit App
2025-08-18T11:19:00Z,LIGHT,Fitbit App
2025-08-18T11:20:00Z,LIGHT,Fitbit App
2025-08-18T11:21:00Z,LIGHT,Fitbit App
2025-08-18T11:22:00Z,LIGHT,Fitbit App
2025-08-18T11:23:00Z,LIGHT,Fitbit App
2025-08-18T11:24:00Z,LIGHT,Fitbit App
2025-08-18T11:25:00Z,LIGHT,Fitbit App
2025-08-18T11:26:00Z,LIGHT,Fitbit App
2025-08-18T11:27:00Z,LIGHT,Fitbit App
2025-08-18T11:28:00Z,LIGHT,Fitbit App
2025-08-18T11:29:00Z,LIGHT,Fitbit App
2025-08-18T11:30:00Z,LIGHT,Fitbit App
2025-08-18T11:31:00Z,LIGHT,Fitbit App
2025-08-18T11:32:00Z,LIGHT,Fitbit App
2025-08-18T11:33:00Z,LIGHT,Fitbit App
2025-08-18T11:34:00Z,LIGHT,Fitbit App
2025-08-18T11:35:00Z,LIGHT,Fitbit App
2025-08-18T11:36:00Z,LIGHT,Fitbit App
2025-08-18T11:37:00Z,LIGHT,Fitbit App
2025-08-18T11:38:00Z,LIGHT,Fitbit App
2025-08-18T11:39:00Z,LIGHT,Fitbit App
2025-08-18T11:40:00Z,LIGHT,Fitbit App
2025-08-18T11:41:00Z,LIGHT,Fitbit App
2025-08-18T11:42:00Z,LIGHT,Fitbit App
2025-08-18T11:43:00Z,LIGHT,Fitbit App
2025-08-18T11:44:00Z,LIGHT,Fitbit App
2025-08-18T11:45:00Z,LIGHT,Fitbit App
2025-08-18T11:46:00Z,LIGHT,Fitbit App
2025-08-18T11:47:00Z,LIGHT,Fitbit App
2025-08-18T11:48:00Z,LIGHT,Fitbit App
2025-08-18T11:49:00Z,LIGHT,Fitbit App
2025-08-18T11:50:00Z,LIGHT,Fitbit App
2025-08-18T11:51:00Z,LIGHT,Fitbit App
2025-08-18T11:52:00Z,LIGHT,Fitbit App
2025-08-18T11:53:00Z,LIGHT,Fitbit App
2025-08-18T11:54:00Z,LIGHT,Fitbit App
2025-08-18T11:55:00Z,LIGHT,Fitbit App
2025-08-18T11:56:00Z,LIGHT,Fitbit App
2025-08-18T11:57:00Z,LIGHT,Fitbit App
2025-08-18T11:58:00Z,LIGHT,Fitbit App
2025-08-18T11:59:00Z,LIGHT,Fitbit App
2025-08-18T12:00:00Z,LIGHT,Fitbit App
2025-08-18T12:01:00Z,LIGHT,Fitbit App
2025-08-18T12:02:00Z,LIGHT,Fitbit App
2025-08-18T12:03:00Z,LIGHT,Fitbit App
2025-08-18T12:04:00Z,LIGHT,Fitbit App
2025-08-18T12:05:00Z,LIGHT,Fitbit App
2025-08-18T12:06:00Z,LIGHT,Fitbit App
2025-08-18T12:07:00Z,LIGHT,Fitbit App
2025-08-18T12:08:00Z,LIGHT,Fitbit App
2025-08-18T12:09:00Z,LIGHT,Fitbit App
2025-08-18T12:10:00Z,LIGHT,Fitbit App
2025-08-18T12:11:00Z,LIGHT,Fitbit App
2025-08-18T12:12:00Z,LIGHT,Fitbit App
2025-08-18T12:13:00Z,LIGHT,Fitbit App
2025-08-18T12:14:00Z,LIGHT,Fitbit App
2025-08-18T12:15:00Z,LIGHT,Fitbit App
2025-08-18T12:16:00Z,LIGHT,Fitbit App
2025-08-18T12:17:00Z,LIGHT,Fitbit App
2025-08-18T12:18:00Z,LIGHT,Fitbit App
2025-08-18T12:19:00Z,LIGHT,Fitbit App
2025-08-18T12:20:00Z,LIGHT,Fitbit App
2025-08-18T12:21:00Z,LIGHT,Fitbit App
2025-08-18T12:22:00Z,LIGHT,Fitbit App
2025-08-18T12:23:00Z,LIGHT,Fitbit App
2025-08-18T12:24:00Z,LIGHT,Fitbit App
2025-08-18T12:25:00Z,LIGHT,Fitbit App
2025-08-18T12:26:00Z,LIGHT,Fitbit App
2025-08-18T12:27:00Z,LIGHT,Fitbit App
2025-08-18T12:28:00Z,LIGHT,Fitbit App
2025-08-18T12:29:00Z,LIGHT,Fitbit App
2025-08-18T12:30:00Z,LIGHT,Fitbit App
2025-08-18T12:31:00Z,LIGHT,Fitbit App
2025-08-18T12:32:00Z,LIGHT,Fitbit App
2025-08-18T12:33:00Z,LIGHT,Fitbit App
2025-08-18T12:34:00Z,LIGHT,Fitbit App
2025-08-18T12:35:00Z,LIGHT,Fitbit App
2025-08-18T12:36:00Z,LIGHT,Fitbit App
2025-08-18T12:37:00Z,LIGHT,Fitbit App
2025-08-18T12:38:00Z,LIGHT,Fitbit App
2025-08-18T12:39:00Z,LIGHT,Fitbit App
2025-08-18T12:40:00Z,LIGHT,Fitbit App
2025-08-18T12:41:00Z,LIGHT,Fitbit App
2025-08-18T12:42:00Z,LIGHT,Fitbit App
2025-08-18T12:43:00Z,LIGHT,Fitbit App
2025-08-18T12:44:00Z,LIGHT,Fitbit App
2025-08-18T12:45:00Z,LIGHT,Fitbit App
2025-08-18T12:46:00Z,LIGHT,Fitbit App
2025-08-18T12:47:00Z,LIGHT,Fitbit App
2025-08-18T12:48:00Z,LIGHT,Fitbit App
2025-08-18T12:49:00Z,LIGHT,Fitbit App
2025-08-18T12:50:00Z,LIGHT,Fitbit App
2025-08-18T12:51:00Z,LIGHT,Fitbit App
2025-08-18T12:52:00Z,LIGHT,Fitbit App
2025-08-18T12:53:00Z,LIGHT,Fitbit App
2025-08-18T12:54:00Z,LIGHT,Fitbit App
2025-08-18T12:55:00Z,LIGHT,Fitbit App
2025-08-18T12:56:00Z,LIGHT,Fitbit App
2025-08-18T12:57:00Z,LIGHT,Fitbit App
2025-08-18T12:58:00Z,LIGHT,Fitbit App
2025-08-18T12:59:00Z,LIGHT,Fitbit App
2025-08-18T13:00:00Z,LIGHT,Fitbit App
2025-08-18T13:01:00Z,LIGHT,Fitbit App
2025-08-18T13:02:00Z,LIGHT,Fitbit App
2025-08-18T13:03:00Z,LIGHT,Fitbit App
2025-08-18T13:04:00Z,LIGHT,Fitbit App
2025-08-18T13:05:00Z,LIGHT,Fitbit App
2025-08-18T13:06:00Z,LIGHT,Fitbit App
2025-08-18T13:07:00Z,LIGHT,Fitbit App
2025-08-18T13:08:00Z,LIGHT,Fitbit App
2025-08-18T13:09:00Z,LIGHT,Fitbit App
2025-08-18T13:10:00Z,LIGHT,Fitbit App
2025-08-18T13:11:00Z,LIGHT,Fitbit App
2025-08-18T13:12:00Z,LIGHT,Fitbit App
2025-08-18T13:13:00Z,LIGHT,Fitbit App
2025-08-18T13:14:00Z,LIGHT,Fitbit App
2025-08-18T13:15:00Z,LIGHT,Fitbit App
2025-08-18T13:16:00Z,LIGHT,Fitbit App
2025-08-18T13:17:00Z,LIGHT,Fitbit App
2025-08-18T13:18:00Z,LIGHT,Fitbit App
2025-08-18T13:19:00Z,LIGHT,Fitbit App
2025-08-18T13:20:00Z,LIGHT,Fitbit App
2025-08-18T13:21:00Z,LIGHT,Fitbit App
2025-08-18T13:22:00Z,LIGHT,Fitbit App
2025-08-18T13:23:00Z,LIGHT,Fitbit App
2025-08-18T13:24:00Z,LIGHT,Fitbit App
2025-08-18T13:25:00Z,LIGHT,Fitbit App
2025-08-18T13:26:00Z,LIGHT,Fitbit App
2025-08-18T13:27:00Z,LIGHT,Fitbit App
2025-08-18T13:28:00Z,LIGHT,Fitbit App
2025-08-18T13:29:00Z,LIGHT,Fitbit App
2025-08-18T13:30:00Z,LIGHT,Fitbit App
2025-08-18T13:31:00Z,LIGHT,Fitbit App
2025-08-18T13:32:00Z,LIGHT,Fitbit App
2025-08-18T13:33:00Z,LIGHT,Fitbit App
2025-08-18T13:34:00Z,LIGHT,Fitbit App
2025-08-18T13:35:00Z,LIGHT,Fitbit App
2025-08-18T13:36:00Z,LIGHT,Fitbit App
2025-08-18T13:37:00Z,LIGHT,Fitbit App
2025-08-18T13:38:00Z,LIGHT,Fitbit App
2025-08-18T13:39:00Z,LIGHT,Fitbit App
2025-08-18T13:40:00Z,LIGHT,Fitbit App
2025-08-18T13:41:00Z,LIGHT,Fitbit App
2025-08-18T13:42:00Z,LIGHT,Fitbit App
2025-08-18T13:43:00Z,LIGHT,Fitbit App
2025-08-18T13:44:00Z,LIGHT,Fitbit App
2025-08-18T13:45:00Z,LIGHT,Fitbit App
2025-08-18T13:46:00Z,LIGHT,Fitbit App
2025-08-18T13:47:00Z,LIGHT,Fitbit App
2025-08-18T13:48:00Z,LIGHT,Fitbit App
2025-08-18T13:49:00Z,LIGHT,Fitbit App
2025-08-18T13:50:00Z,LIGHT,Fitbit App
2025-08-18T13:51:00Z,LIGHT,Fitbit App
2025-08-18T13:52:00Z,LIGHT,Fitbit App
2025-08-18T13:53:00Z,LIGHT,Fitbit App
2025-08-18T13:54:00Z,LIGHT,Fitbit App
2025-08-18T13:55:00Z,LIGHT,Fitbit App
2025-08-18T13:56:00Z,LIGHT,Fitbit App
2025-08-18T13:57:00Z,LIGHT,Fitbit App
2025-08-18T13:58:00Z,LIGHT,Fitbit App
2025-08-18T13:59:00Z,MODERATE,Fitbit App
2025-08-18T14:00:00Z,MODERATE,Fitbit App
2025-08-18T14:01:00Z,VIGOROUS,Fitbit App
2025-08-19T08:03:00Z,LIGHT,Fitbit App
2025-08-19T08:04:00Z,LIGHT,Fitbit App
2025-08-19T08:05:00Z,LIGHT,Fitbit App
2025-08-19T08:06:00Z,LIGHT,Fitbit App
2025-08-19T08:07:00Z,LIGHT,Fitbit App
2025-08-19T08:08:00Z,LIGHT,Fitbit App
2025-08-19T08:09:00Z,LIGHT,Fitbit App
2025-08-19T08:10:00Z,LIGHT,Fitbit App
2025-08-19T08:11:00Z,LIGHT,Fitbit App
2025-08-19T08:12:00Z,LIGHT,Fitbit App
2025-08-19T08:13:00Z,LIGHT,Fitbit App
2025-08-19T08:14:00Z,LIGHT,Fitbit App
2025-08-19T08:15:00Z,LIGHT,Fitbit App
2025-08-19T08:16:00Z,LIGHT,Fitbit App
2025-08-19T08:17:00Z,LIGHT,Fitbit App
2025-08-19T08:18:00Z,LIGHT,Fitbit App
2025-08-19T08:19:00Z,LIGHT,Fitbit App
2025-08-19T08:20:00Z,LIGHT,Fitbit App
2025-08-19T08:21:00Z,LIGHT,Fitbit App
2025-08-19T08:22:00Z,LIGHT,Fitbit App
2025-08-19T08:23:00Z,LIGHT,Fitbit App
2025-08-19T08:24:00Z,LIGHT,Fitbit App
2025-08-19T08:25:00Z,LIGHT,Fitbit App
2025-08-19T08:26:00Z,LIGHT,Fitbit App
2025-08-19T08:27:00Z,LIGHT,Fitbit App
2025-08-19T08:28:00Z,LIGHT,Fitbit App
2025-08-19T08:29:00Z,LIGHT,Fitbit App
2025-08-19T08:30:00Z,LIGHT,Fitbit App
2025-08-19T08:31:00Z,LIGHT,Fitbit App
2025-08-19T08:32:00Z,LIGHT,Fitbit App
2025-08-19T08:33:00Z,LIGHT,Fitbit App
2025-08-19T08:34:00Z,LIGHT,Fitbit App
2025-08-19T08:35:00Z,LIGHT,Fitbit App
2025-08-19T08:36:00Z,LIGHT,Fitbit App
2025-08-19T08:37:00Z,LIGHT,Fitbit App
2025-08-19T08:38:00Z,LIGHT,Fitbit App
2025-08-19T08:39:00Z,LIGHT,Fitbit App
2025-08-19T08:40:00Z,LIGHT,Fitbit App
2025-08-19T08:41:00Z,LIGHT,Fitbit App
2025-08-19T08:42:00Z,LIGHT,Fitbit App
2025-08-19T08:43:00Z,LIGHT,Fitbit App
2025-08-19T08:44:00Z,LIGHT,Fitbit App
2025-08-19T08:45:00Z,LIGHT,Fitbit App
2025-08-19T08:46:00Z,LIGHT,Fitbit App
2025-08-19T08:47:00Z,LIGHT,Fitbit App
2025-08-19T08:48:00Z,LIGHT,Fitbit App
2025-08-19T08:49:00Z,LIGHT,Fitbit App
2025-08-19T08:50:00Z,LIGHT,Fitbit App
2025-08-19T08:51:00Z,LIGHT,Fitbit App
2025-08-19T08:52:00Z,LIGHT,Fitbit App
2025-08-19T08:53:00Z,LIGHT,Fitbit App
2025-08-19T08:54:00Z,LIGHT,Fitbit App
2025-08-19T08:55:00Z,LIGHT,Fitbit App
2025-08-19T08:56:00Z,LIGHT,Fitbit App
2025-08-19T08:57:00Z,LIGHT,Fitbit App
2025-08-19T08:58:00Z,LIGHT,Fitbit App
2025-08-19T08:59:00Z,LIGHT,Fitbit App
2025-08-19T09:00:00Z,LIGHT,Fitbit App
2025-08-19T09:01:00Z,LIGHT,Fitbit App
2025-08-19T09:02:00Z,LIGHT,Fitbit App
2025-08-19T09:03:00Z,LIGHT,Fitbit App
2025-08-19T09:04:00Z,LIGHT,Fitbit App
2025-08-19T09:05:00Z,LIGHT,Fitbit App
2025-08-19T09:06:00Z,LIGHT,Fitbit App
2025-08-19T09:07:00Z,LIGHT,Fitbit App
2025-08-19T09:08:00Z,LIGHT,Fitbit App
2025-08-19T09:09:00Z,LIGHT,Fitbit App
2025-08-19T09:10:00Z,LIGHT,Fitbit App
2025-08-19T09:11:00Z,LIGHT,Fitbit App
2025-08-19T09:12:00Z,LIGHT,Fitbit App
2025-08-19T09:13:00Z,LIGHT,Fitbit App
2025-08-19T09:14:00Z,LIGHT,Fitbit App
2025-08-19T09:15:00Z,LIGHT,Fitbit App
2025-08-19T09:16:00Z,LIGHT,Fitbit App
2025-08-19T09:17:00Z,LIGHT,Fitbit App
2025-08-19T09:18:00Z,LIGHT,Fitbit App
2025-08-19T09:19:00Z,LIGHT,Fitbit App
2025-08-19T09:20:00Z,LIGHT,Fitbit App
2025-08-19T09:21:00Z,LIGHT,Fitbit App
2025-08-19T09:22:00Z,LIGHT,Fitbit App
2025-08-19T09:23:00Z,LIGHT,Fitbit App
2025-08-19T09:24:00Z,LIGHT,Fitbit App
2025-08-19T09:25:00Z,LIGHT,Fitbit App
2025-08-19T09:26:00Z,LIGHT,Fitbit App
2025-08-19T09:27:00Z,LIGHT,Fitbit App
2025-08-19T09:28:00Z,LIGHT,Fitbit App
2025-08-19T09:29:00Z,LIGHT,Fitbit App
2025-08-19T09:30:00Z,LIGHT,Fitbit App
2025-08-19T09:31:00Z,LIGHT,Fitbit App
2025-08-19T09:32:00Z,LIGHT,Fitbit App
2025-08-19T09:33:00Z,LIGHT,Fitbit App
2025-08-19T09:34:00Z,LIGHT,Fitbit App
2025-08-19T09:35:00Z,LIGHT,Fitbit App
2025-08-19T09:36:00Z,LIGHT,Fitbit App
2025-08-19T09:37:00Z,LIGHT,Fitbit App
2025-08-19T09:38:00Z,LIGHT,Fitbit App
2025-08-19T09:39:00Z,LIGHT,Fitbit App
2025-08-19T09:40:00Z,LIGHT,Fitbit App
2025-08-19T09:41:00Z,LIGHT,Fitbit App
2025-08-19T09:42:00Z,LIGHT,Fitbit App
2025-08-19T09:43:00Z,LIGHT,Fitbit App
2025-08-19T09:44:00Z,LIGHT,Fitbit App
2025-08-19T09:45:00Z,LIGHT,Fitbit App
2025-08-19T09:46:00Z,LIGHT,Fitbit App
2025-08-19T09:47:00Z,LIGHT,Fitbit App
2025-08-19T09:48:00Z,LIGHT,Fitbit App
2025-08-19T09:49:00Z,LIGHT,Fitbit App
2025-08-19T09:50:00Z,LIGHT,Fitbit App
2025-08-19T09:51:00Z,LIGHT,Fitbit App
2025-08-19T09:52:00Z,LIGHT,Fitbit App
2025-08-19T09:53:00Z,LIGHT,Fitbit App
2025-08-19T09:54:00Z,LIGHT,Fitbit App
2025-08-19T09:55:00Z,LIGHT,Fitbit App
2025-08-19T09:56:00Z,LIGHT,Fitbit App
2025-08-19T09:57:00Z,LIGHT,Fitbit App
2025-08-19T09:58:00Z,LIGHT,Fitbit App
2025-08-19T09:59:00Z,LIGHT,Fitbit App
2025-08-19T10:00:00Z,LIGHT,Fitbit App
2025-08-19T10:01:00Z,LIGHT,Fitbit App
2025-08-19T10:02:00Z,LIGHT,Fitbit App
2025-08-19T10:32:00Z,LIGHT,Fitbit App
2025-08-19T10:33:00Z,LIGHT,Fitbit App
2025-08-19T10:34:00Z,LIGHT,Fitbit App
2025-08-19T10:35:00Z,LIGHT,Fitbit App
2025-08-19T10:36:00Z,LIGHT,Fitbit App
2025-08-19T10:37:00Z,LIGHT,Fitbit App
2025-08-19T10:38:00Z,LIGHT,Fitbit App
2025-08-19T10:39:00Z,LIGHT,Fitbit App
2025-08-19T10:40:00Z,LIGHT,Fitbit App
2025-08-19T10:41:00Z,LIGHT,Fitbit App
2025-08-19T10:42:00Z,LIGHT,Fitbit App
2025-08-19T10:43:00Z,LIGHT,Fitbit App
2025-08-19T10:44:00Z,LIGHT,Fitbit App
2025-08-19T10:45:00Z,LIGHT,Fitbit App
2025-08-19T10:46:00Z,LIGHT,Fitbit App
2025-08-19T10:47:00Z,LIGHT,Fitbit App
2025-08-19T10:48:00Z,LIGHT,Fitbit App
2025-08-19T10:49:00Z,LIGHT,Fitbit App
2025-08-19T10:50:00Z,LIGHT,Fitbit App
2025-08-19T10:51:00Z,LIGHT,Fitbit App
2025-08-19T10:52:00Z,LIGHT,Fitbit App
2025-08-19T10:53:00Z,LIGHT,Fitbit App
2025-08-19T10:54:00Z,LIGHT,Fitbit App
2025-08-19T10:55:00Z,LIGHT,Fitbit App
2025-08-19T10:56:00Z,LIGHT,Fitbit App
2025-08-19T10:57:00Z,LIGHT,Fitbit App
2025-08-19T10:58:00Z,LIGHT,Fitbit App
2025-08-19T10:59:00Z,LIGHT,Fitbit App
2025-08-19T11:00:00Z,LIGHT,Fitbit App
2025-08-19T11:01:00Z,LIGHT,Fitbit App
2025-08-19T11:02:00Z,LIGHT,Fitbit App
2025-08-19T11:03:00Z,LIGHT,Fitbit App
2025-08-19T11:04:00Z,LIGHT,Fitbit App
2025-08-19T11:05:00Z,LIGHT,Fitbit App
2025-08-19T11:06:00Z,LIGHT,Fitbit App
2025-08-19T11:07:00Z,LIGHT,Fitbit App
2025-08-19T11:08:00Z,LIGHT,Fitbit App
2025-08-19T11:09:00Z,LIGHT,Fitbit App
2025-08-19T11:10:00Z,LIGHT,Fitbit App
2025-08-19T11:11:00Z,LIGHT,Fitbit App
2025-08-19T11:12:00Z,LIGHT,Fitbit App
2025-08-19T11:13:00Z,LIGHT,Fitbit App
2025-08-19T11:14:00Z,LIGHT,Fitbit App
2025-08-19T11:15:00Z,LIGHT,Fitbit App
2025-08-19T11:16:00Z,LIGHT,Fitbit App
2025-08-19T11:17:00Z,LIGHT,Fitbit App
2025-08-19T11:18:00Z,LIGHT,Fitbit App
2025-08-19T11:19:00Z,LIGHT,Fitbit App
2025-08-19T11:20:00Z,LIGHT,Fitbit App
2025-08-19T11:21:00Z,LIGHT,Fitbit App
2025-08-19T11:22:00Z,LIGHT,Fitbit App
2025-08-19T11:23:00Z,LIGHT,Fitbit App
2025-08-19T11:24:00Z,LIGHT,Fitbit App
2025-08-19T11:25:00Z,LIGHT,Fitbit App
2025-08-19T11:26:00Z,LIGHT,Fitbit App
2025-08-19T11:27:00Z,LIGHT,Fitbit App
2025-08-19T11:28:00Z,LIGHT,Fitbit App
2025-08-19T11:29:00Z,LIGHT,Fitbit App
2025-08-19T11:30:00Z,LIGHT,Fitbit App
2025-08-19T11:31:00Z,LIGHT,Fitbit App
2025-08-19T11:32:00Z,LIGHT,Fitbit App
2025-08-19T11:33:00Z,LIGHT,Fitbit App
2025-08-19T11:34:00Z,LIGHT,Fitbit App
2025-08-19T11:35:00Z,LIGHT,Fitbit App
2025-08-19T11:36:00Z,LIGHT,Fitbit App
2025-08-19T11:37:00Z,LIGHT,Fitbit App
2025-08-19T11:38:00Z,LIGHT,Fitbit App
2025-08-19T11:39:00Z,LIGHT,Fitbit App
2025-08-19T11:40:00Z,LIGHT,Fitbit App
2025-08-19T11:41:00Z,LIGHT,Fitbit App
2025-08-20T06:26:00Z,LIGHT,Fitbit App
2025-08-20T06:27:00Z,LIGHT,Fitbit App
2025-08-20T06:28:00Z,LIGHT,Fitbit App
2025-08-20T06:29:00Z,LIGHT,Fitbit App
2025-08-20T06:30:00Z,LIGHT,Fitbit App
2025-08-20T06:31:00Z,LIGHT,Fitbit App
2025-08-20T06:32:00Z,LIGHT,Fitbit App
2025-08-20T06:33:00Z,LIGHT,Fitbit App
2025-08-20T06:34:00Z,LIGHT,Fitbit App
2025-08-20T06:35:00Z,LIGHT,Fitbit App
2025-08-20T06:36:00Z,LIGHT,Fitbit App
2025-08-20T06:37:00Z,LIGHT,Fitbit App
2025-08-20T06:38:00Z,LIGHT,Fitbit App
2025-08-20T06:39:00Z,LIGHT,Fitbit App
2025-08-20T10:09:00Z,LIGHT,Fitbit App
2025-08-20T10:10:00Z,LIGHT,Fitbit App
2025-08-20T10:11:00Z,LIGHT,Fitbit App
2025-08-20T10:12:00Z,LIGHT,Fitbit App
2025-08-20T10:13:00Z,LIGHT,Fitbit App
2025-08-20T10:14:00Z,LIGHT,Fitbit App
2025-08-20T10:15:00Z,LIGHT,Fitbit App
2025-08-20T10:16:00Z,LIGHT,Fitbit App
2025-08-20T10:17:00Z,LIGHT,Fitbit App
2025-08-20T10:18:00Z,LIGHT,Fitbit App
2025-08-20T10:19:00Z,LIGHT,Fitbit App
2025-08-20T10:20:00Z,LIGHT,Fitbit App
2025-08-20T10:21:00Z,LIGHT,Fitbit App
2025-08-20T10:22:00Z,LIGHT,Fitbit App
2025-08-20T10:23:00Z,LIGHT,Fitbit App
2025-08-20T10:35:00Z,LIGHT,Fitbit App
2025-08-20T10:36:00Z,LIGHT,Fitbit App
2025-08-20T10:37:00Z,LIGHT,Fitbit App
2025-08-20T10:38:00Z,LIGHT,Fitbit App
2025-08-20T10:39:00Z,LIGHT,Fitbit App
2025-08-20T10:40:00Z,LIGHT,Fitbit App
2025-08-20T10:41:00Z,LIGHT,Fitbit App
2025-08-20T10:42:00Z,LIGHT,Fitbit App
2025-08-20T10:43:00Z,LIGHT,Fitbit App
2025-08-20T10:44:00Z,LIGHT,Fitbit App
2025-08-20T10:45:00Z,LIGHT,Fitbit App
2025-08-20T10:46:00Z,LIGHT,Fitbit App
2025-08-20T10:47:00Z,LIGHT,Fitbit App
2025-08-20T10:48:00Z,LIGHT,Fitbit App
2025-08-20T10:49:00Z,LIGHT,Fitbit App
2025-08-20T10:50:00Z,LIGHT,Fitbit App
2025-08-20T10:51:00Z,LIGHT,Fitbit App
2025-08-20T10:52:00Z,LIGHT,Fitbit App
2025-08-20T10:53:00Z,LIGHT,Fitbit App
2025-08-20T10:58:00Z,LIGHT,Fitbit App
2025-08-20T10:59:00Z,LIGHT,Fitbit App
2025-08-20T11:00:00Z,LIGHT,Fitbit App
2025-08-20T11:01:00Z,LIGHT,Fitbit App
2025-08-20T11:02:00Z,LIGHT,Fitbit App
2025-08-20T11:03:00Z,LIGHT,Fitbit App
2025-08-20T11:04:00Z,LIGHT,Fitbit App
2025-08-20T11:05:00Z,LIGHT,Fitbit App
2025-08-20T11:06:00Z,LIGHT,Fitbit App
2025-08-20T11:07:00Z,LIGHT,Fitbit App
2025-08-20T11:08:00Z,LIGHT,Fitbit App
2025-08-20T11:09:00Z,LIGHT,Fitbit App
2025-08-20T11:10:00Z,LIGHT,Fitbit App
2025-08-20T11:11:00Z,LIGHT,Fitbit App
2025-08-20T11:12:00Z,MODERATE,Fitbit App
2025-08-20T11:13:00Z,LIGHT,Fitbit App
2025-08-20T11:14:00Z,LIGHT,Fitbit App
2025-08-20T11:15:00Z,LIGHT,Fitbit App
2025-08-20T11:16:00Z,LIGHT,Fitbit App
2025-08-20T11:17:00Z,LIGHT,Fitbit App
2025-08-20T11:18:00Z,LIGHT,Fitbit App
2025-08-20T11:19:00Z,LIGHT,Fitbit App
2025-08-20T11:20:00Z,LIGHT,Fitbit App
2025-08-20T11:21:00Z,LIGHT,Fitbit App
2025-08-20T11:22:00Z,LIGHT,Fitbit App
2025-08-20T11:23:00Z,LIGHT,Fitbit App
2025-08-20T11:24:00Z,LIGHT,Fitbit App
2025-08-20T11:25:00Z,LIGHT,Fitbit App
2025-08-20T11:26:00Z,LIGHT,Fitbit App
2025-08-20T11:27:00Z,LIGHT,Fitbit App
2025-08-20T11:28:00Z,LIGHT,Fitbit App
2025-08-20T11:29:00Z,LIGHT,Fitbit App
2025-08-20T11:30:00Z,LIGHT,Fitbit App
2025-08-20T11:31:00Z,LIGHT,Fitbit App
2025-08-20T11:32:00Z,LIGHT,Fitbit App
2025-08-20T11:33:00Z,LIGHT,Fitbit App
2025-08-20T11:34:00Z,LIGHT,Fitbit App
2025-08-20T11:35:00Z,LIGHT,Fitbit App
2025-08-20T11:36:00Z,LIGHT,Fitbit App
2025-08-20T11:37:00Z,LIGHT,Fitbit App
2025-08-20T11:38:00Z,LIGHT,Fitbit App
2025-08-20T11:39:00Z,LIGHT,Fitbit App
2025-08-20T11:40:00Z,LIGHT,Fitbit App
2025-08-20T11:41:00Z,LIGHT,Fitbit App
2025-08-20T11:42:00Z,LIGHT,Fitbit App
2025-08-20T11:43:00Z,LIGHT,Fitbit App
2025-08-20T11:44:00Z,LIGHT,Fitbit App
2025-08-20T11:45:00Z,LIGHT,Fitbit App
2025-08-20T11:46:00Z,LIGHT,Fitbit App
2025-08-20T11:47:00Z,LIGHT,Fitbit App
2025-08-20T11:48:00Z,LIGHT,Fitbit App
2025-08-20T11:49:00Z,LIGHT,Fitbit App
2025-08-20T11:50:00Z,LIGHT,Fitbit App
2025-08-20T11:51:00Z,LIGHT,Fitbit App
2025-08-20T11:52:00Z,LIGHT,Fitbit App
2025-08-20T11:53:00Z,LIGHT,Fitbit App
2025-08-20T11:54:00Z,LIGHT,Fitbit App
2025-08-20T11:55:00Z,LIGHT,Fitbit App
2025-08-20T11:56:00Z,LIGHT,Fitbit App
2025-08-20T11:57:00Z,LIGHT,Fitbit App
2025-08-20T11:58:00Z,LIGHT,Fitbit App
2025-08-20T11:59:00Z,LIGHT,Fitbit App
2025-08-20T12:00:00Z,LIGHT,Fitbit App
2025-08-20T12:01:00Z,LIGHT,Fitbit App
2025-08-20T12:02:00Z,LIGHT,Fitbit App
2025-08-20T12:03:00Z,LIGHT,Fitbit App
2025-08-20T12:04:00Z,LIGHT,Fitbit App
2025-08-20T12:05:00Z,LIGHT,Fitbit App
2025-08-20T12:06:00Z,LIGHT,Fitbit App
2025-08-20T12:07:00Z,LIGHT,Fitbit App
2025-08-20T12:08:00Z,LIGHT,Fitbit App
2025-08-20T12:09:00Z,LIGHT,Fitbit App
2025-08-20T12:10:00Z,LIGHT,Fitbit App
2025-08-20T12:11:00Z,LIGHT,Fitbit App
2025-08-20T12:12:00Z,LIGHT,Fitbit App
2025-08-20T12:13:00Z,LIGHT,Fitbit App
2025-08-20T12:14:00Z,LIGHT,Fitbit App
2025-08-20T12:15:00Z,LIGHT,Fitbit App
2025-08-20T12:16:00Z,LIGHT,Fitbit App
2025-08-20T12:17:00Z,LIGHT,Fitbit App
2025-08-20T12:18:00Z,LIGHT,Fitbit App
2025-08-20T12:19:00Z,LIGHT,Fitbit App
2025-08-20T12:20:00Z,LIGHT,Fitbit App
2025-08-20T12:21:00Z,LIGHT,Fitbit App
2025-08-20T12:22:00Z,LIGHT,Fitbit App
2025-08-20T12:23:00Z,LIGHT,Fitbit App
2025-08-20T12:24:00Z,LIGHT,Fitbit App
2025-08-20T12:25:00Z,LIGHT,Fitbit App
2025-08-20T12:26:00Z,LIGHT,Fitbit App
2025-08-20T12:27:00Z,LIGHT,Fitbit App
2025-08-20T12:28:00Z,LIGHT,Fitbit App
2025-08-20T12:29:00Z,LIGHT,Fitbit App
2025-08-20T12:30:00Z,LIGHT,Fitbit App
2025-08-20T12:31:00Z,LIGHT,Fitbit App
2025-08-20T12:32:00Z,LIGHT,Fitbit App
2025-08-20T12:33:00Z,LIGHT,Fitbit App
2025-08-20T12:34:00Z,LIGHT,Fitbit App
2025-08-20T12:35:00Z,LIGHT,Fitbit App
2025-08-20T12:36:00Z,LIGHT,Fitbit App
2025-08-20T12:37:00Z,LIGHT,Fitbit App
2025-08-20T12:38:00Z,LIGHT,Fitbit App
2025-08-20T12:39:00Z,LIGHT,Fitbit App
2025-08-20T12:40:00Z,LIGHT,Fitbit App
2025-08-20T12:41:00Z,LIGHT,Fitbit App
2025-08-20T12:42:00Z,LIGHT,Fitbit App
2025-08-20T12:43:00Z,LIGHT,Fitbit App
2025-08-20T12:44:00Z,LIGHT,Fitbit App
2025-08-20T12:45:00Z,LIGHT,Fitbit App
2025-08-20T12:46:00Z,LIGHT,Fitbit App
2025-08-20T12:47:00Z,LIGHT,Fitbit App
2025-08-20T12:48:00Z,LIGHT,Fitbit App
2025-08-20T12:49:00Z,LIGHT,Fitbit App
2025-08-20T12:50:00Z,LIGHT,Fitbit App
2025-08-20T12:51:00Z,LIGHT,Fitbit App
2025-08-20T12:52:00Z,LIGHT,Fitbit App
2025-08-20T12:53:00Z,LIGHT,Fitbit App
2025-08-20T12:54:00Z,LIGHT,Fitbit App
2025-08-20T12:55:00Z,LIGHT,Fitbit App
2025-08-20T12:56:00Z,LIGHT,Fitbit App
2025-08-20T12:57:00Z,LIGHT,Fitbit App
2025-08-20T12:58:00Z,LIGHT,Fitbit App
2025-08-20T12:59:00Z,LIGHT,Fitbit App
2025-08-20T13:00:00Z,LIGHT,Fitbit App
2025-08-20T13:01:00Z,LIGHT,Fitbit App
2025-08-20T13:02:00Z,LIGHT,Fitbit App
2025-08-20T13:03:00Z,LIGHT,Fitbit App
2025-08-20T13:04:00Z,LIGHT,Fitbit App
2025-08-20T13:05:00Z,LIGHT,Fitbit App
2025-08-20T13:06:00Z,LIGHT,Fitbit App
2025-08-20T13:07:00Z,LIGHT,Fitbit App
2025-08-20T13:08:00Z,LIGHT,Fitbit App
2025-08-20T13:09:00Z,LIGHT,Fitbit App
2025-08-20T13:10:00Z,LIGHT,Fitbit App
2025-08-20T13:11:00Z,LIGHT,Fitbit App
2025-08-20T13:12:00Z,LIGHT,Fitbit App
2025-08-20T13:13:00Z,LIGHT,Fitbit App
2025-08-20T13:14:00Z,MODERATE,Fitbit App
2025-08-20T13:15:00Z,VIGOROUS,Fitbit App
2025-08-20T13:16:00Z,VIGOROUS,Fitbit App
2025-08-20T13:17:00Z,MODERATE,Fitbit App
2025-08-20T13:18:00Z,MODERATE,Fitbit App
2025-08-20T13:19:00Z,MODERATE,Fitbit App
2025-08-20T13:20:00Z,MODERATE,Fitbit App
2025-08-20T13:21:00Z,VIGOROUS,Fitbit App
2025-08-20T13:22:00Z,MODERATE,Fitbit App
2025-08-20T13:23:00Z,LIGHT,Fitbit App
2025-08-20T13:24:00Z,LIGHT,Fitbit App
2025-08-20T13:25:00Z,LIGHT,Fitbit App
2025-08-20T13:26:00Z,LIGHT,Fitbit App
2025-08-20T13:27:00Z,LIGHT,Fitbit App
2025-08-20T13:28:00Z,MODERATE,Fitbit App
2025-08-20T13:29:00Z,LIGHT,Fitbit App
2025-08-20T13:30:00Z,LIGHT,Fitbit App
2025-08-20T13:31:00Z,MODERATE,Fitbit App
2025-08-20T13:32:00Z,MODERATE,Fitbit App
2025-08-20T13:33:00Z,MODERATE,Fitbit App
2025-08-20T13:34:00Z,LIGHT,Fitbit App
2025-08-20T13:35:00Z,LIGHT,Fitbit App
2025-08-20T13:36:00Z,LIGHT,Fitbit App
2025-08-20T13:37:00Z,MODERATE,Fitbit App
2025-08-20T13:38:00Z,LIGHT,Fitbit App
2025-08-20T13:39:00Z,MODERATE,Fitbit App
2025-08-20T13:40:00Z,LIGHT,Fitbit App
2025-08-20T13:41:00Z,MODERATE,Fitbit App
2025-08-20T13:42:00Z,VIGOROUS,Fitbit App
2025-08-20T13:43:00Z,MODERATE,Fitbit App
2025-08-20T13:44:00Z,MODERATE,Fitbit App
2025-08-20T13:45:00Z,MODERATE,Fitbit App
2025-08-20T13:46:00Z,VIGOROUS,Fitbit App
2025-08-20T13:47:00Z,MODERATE,Fitbit App
2025-08-20T13:48:00Z,MODERATE,Fitbit App
2025-08-20T13:49:00Z,MODERATE,Fitbit App
2025-08-20T13:50:00Z,MODERATE,Fitbit App
2025-08-20T13:51:00Z,LIGHT,Fitbit App
2025-08-20T13:52:00Z,MODERATE,Fitbit App
2025-08-20T13:53:00Z,MODERATE,Fitbit App
2025-08-20T13:54:00Z,MODERATE,Fitbit App
2025-08-20T13:55:00Z,MODERATE,Fitbit App
2025-08-20T13:56:00Z,MODERATE,Fitbit App
2025-08-20T13:57:00Z,MODERATE,Fitbit App
2025-08-20T13:58:00Z,MODERATE,Fitbit App
2025-08-20T13:59:00Z,MODERATE,Fitbit App
2025-08-20T14:00:00Z,MODERATE,Fitbit App
2025-08-20T14:01:00Z,VIGOROUS,Fitbit App
2025-08-20T14:02:00Z,MODERATE,Fitbit App
2025-08-20T14:03:00Z,LIGHT,Fitbit App
2025-08-20T14:04:00Z,LIGHT,Fitbit App
2025-08-20T14:05:00Z,MODERATE,Fitbit App
2025-08-20T14:06:00Z,LIGHT,Fitbit App
2025-08-20T14:07:00Z,LIGHT,Fitbit App
2025-08-20T14:08:00Z,LIGHT,Fitbit App
2025-08-20T14:09:00Z,LIGHT,Fitbit App
2025-08-20T14:10:00Z,MODERATE,Fitbit App
2025-08-20T14:11:00Z,MODERATE,Fitbit App
2025-08-20T14:12:00Z,MODERATE,Fitbit App
2025-08-20T14:13:00Z,LIGHT,Fitbit App
2025-08-20T14:14:00Z,MODERATE,Fitbit App
2025-08-20T14:15:00Z,MODERATE,Fitbit App
2025-08-20T14:16:00Z,LIGHT,Fitbit App
2025-08-20T14:17:00Z,LIGHT,Fitbit App
2025-08-20T14:18:00Z,LIGHT,Fitbit App
2025-08-20T14:19:00Z,LIGHT,Fitbit App
2025-08-20T14:20:00Z,LIGHT,Fitbit App
2025-08-20T14:21:00Z,LIGHT,Fitbit App
2025-08-20T14:22:00Z,LIGHT,Fitbit App
2025-08-20T14:23:00Z,MODERATE,Fitbit App
2025-08-20T14:24:00Z,VIGOROUS,Fitbit App
2025-08-20T14:25:00Z,VIGOROUS,Fitbit App
2025-08-20T14:26:00Z,MODERATE,Fitbit App
2025-08-20T14:27:00Z,MODERATE,Fitbit App
2025-08-20T14:28:00Z,MODERATE,Fitbit App
2025-08-20T14:29:00Z,VIGOROUS,Fitbit App
2025-08-20T14:30:00Z,VIGOROUS,Fitbit App
2025-08-20T14:31:00Z,MODERATE,Fitbit App
2025-08-20T14:32:00Z,MODERATE,Fitbit App
2025-08-20T14:33:00Z,MODERATE,Fitbit App
2025-08-20T14:34:00Z,MODERATE,Fitbit App
2025-08-20T14:35:00Z,MODERATE,Fitbit App
2025-08-20T14:36:00Z,MODERATE,Fitbit App
2025-08-20T14:37:00Z,MODERATE,Fitbit App
2025-08-20T14:38:00Z,VIGOROUS,Fitbit App
2025-08-20T14:39:00Z,VIGOROUS,Fitbit App
2025-08-20T14:40:00Z,MODERATE,Fitbit App
2025-08-20T14:41:00Z,MODERATE,Fitbit App
2025-08-20T14:42:00Z,LIGHT,Fitbit App
2025-08-20T14:43:00Z,LIGHT,Fitbit App
2025-08-20T14:44:00Z,LIGHT,Fitbit App
2025-08-20T14:45:00Z,LIGHT,Fitbit App
2025-08-20T14:46:00Z,LIGHT,Fitbit App
2025-08-20T14:47:00Z,LIGHT,Fitbit App
2025-08-20T14:48:00Z,LIGHT,Fitbit App
2025-08-20T14:49:00Z,LIGHT,Fitbit App
2025-08-20T14:50:00Z,LIGHT,Fitbit App
2025-08-20T14:51:00Z,LIGHT,Fitbit App
2025-08-20T14:52:00Z,LIGHT,Fitbit App
2025-08-20T14:53:00Z,MODERATE,Fitbit App
2025-08-20T14:54:00Z,LIGHT,Fitbit App
2025-08-20T14:55:00Z,LIGHT,Fitbit App
2025-08-20T14:56:00Z,LIGHT,Fitbit App
2025-08-20T14:57:00Z,LIGHT,Fitbit App
2025-08-20T14:58:00Z,LIGHT,Fitbit App
2025-08-20T14:59:00Z,LIGHT,Fitbit App
2025-08-20T15:00:00Z,LIGHT,Fitbit App
2025-08-20T15:01:00Z,LIGHT,Fitbit App
2025-08-20T15:02:00Z,LIGHT,Fitbit App
2025-08-20T15:03:00Z,LIGHT,Fitbit App
2025-08-20T15:04:00Z,LIGHT,Fitbit App
2025-08-20T15:05:00Z,LIGHT,Fitbit App
2025-08-20T15:06:00Z,VIGOROUS,Fitbit App
2025-08-20T15:07:00Z,MODERATE,Fitbit App
2025-08-20T15:08:00Z,LIGHT,Fitbit App
2025-08-20T15:09:00Z,LIGHT,Fitbit App
2025-08-20T15:10:00Z,LIGHT,Fitbit App
2025-08-20T15:11:00Z,LIGHT,Fitbit App
2025-08-20T15:12:00Z,MODERATE,Fitbit App
2025-08-20T15:13:00Z,MODERATE,Fitbit App
2025-08-20T15:14:00Z,LIGHT,Fitbit App
2025-08-20T15:15:00Z,LIGHT,Fitbit App
2025-08-20T15:16:00Z,MODERATE,Fitbit App
2025-08-20T15:17:00Z,MODERATE,Fitbit App
2025-08-20T15:18:00Z,MODERATE,Fitbit App
2025-08-20T15:19:00Z,LIGHT,Fitbit App
2025-08-20T15:20:00Z,LIGHT,Fitbit App
2025-08-20T15:21:00Z,LIGHT,Fitbit App
2025-08-20T15:22:00Z,MODERATE,Fitbit App
2025-08-20T15:23:00Z,MODERATE,Fitbit App
2025-08-20T15:24:00Z,VIGOROUS,Fitbit App
2025-08-20T15:25:00Z,MODERATE,Fitbit App
2025-08-20T15:26:00Z,MODERATE,Fitbit App
2025-08-20T15:27:00Z,MODERATE,Fitbit App
2025-08-20T15:28:00Z,LIGHT,Fitbit App
2025-08-20T15:29:00Z,LIGHT,Fitbit App
2025-08-20T15:30:00Z,LIGHT,Fitbit App
2025-08-20T15:31:00Z,LIGHT,Fitbit App
2025-08-20T15:32:00Z,LIGHT,Fitbit App
2025-08-20T15:33:00Z,LIGHT,Fitbit App
2025-08-20T15:34:00Z,MODERATE,Fitbit App
2025-08-20T15:35:00Z,MODERATE,Fitbit App
2025-08-20T15:36:00Z,LIGHT,Fitbit App
2025-08-20T15:37:00Z,MODERATE,Fitbit App
2025-08-20T15:38:00Z,MODERATE,Fitbit App
2025-08-20T15:39:00Z,VIGOROUS,Fitbit App
2025-08-20T15:40:00Z,MODERATE,Fitbit App
2025-08-20T15:41:00Z,LIGHT,Fitbit App
2025-08-20T15:42:00Z,MODERATE,Fitbit App
2025-08-20T15:43:00Z,MODERATE,Fitbit App
2025-08-20T15:44:00Z,VIGOROUS,Fitbit App
2025-08-20T15:45:00Z,MODERATE,Fitbit App
2025-08-20T15:46:00Z,MODERATE,Fitbit App
2025-08-20T15:47:00Z,VIGOROUS,Fitbit App
2025-08-20T15:48:00Z,LIGHT,Fitbit App
2025-08-20T15:49:00Z,MODERATE,Fitbit App
2025-08-20T15:50:00Z,LIGHT,Fitbit App
2025-08-20T15:51:00Z,LIGHT,Fitbit App
2025-08-20T15:52:00Z,LIGHT,Fitbit App
2025-08-20T15:53:00Z,MODERATE,Fitbit App
2025-08-20T15:54:00Z,MODERATE,Fitbit App
2025-08-20T15:55:00Z,VIGOROUS,Fitbit App
2025-08-20T15:56:00Z,MODERATE,Fitbit App
2025-08-20T15:57:00Z,VIGOROUS,Fitbit App
2025-08-20T15:58:00Z,MODERATE,Fitbit App
2025-08-20T15:59:00Z,VIGOROUS,Fitbit App
2025-08-20T16:00:00Z,MODERATE,Fitbit App
2025-08-20T16:01:00Z,VIGOROUS,Fitbit App
2025-08-20T16:02:00Z,VIGOROUS,Fitbit App
2025-08-20T16:03:00Z,MODERATE,Fitbit App
2025-08-20T16:04:00Z,MODERATE,Fitbit App
2025-08-20T16:05:00Z,MODERATE,Fitbit App
2025-08-20T16:06:00Z,MODERATE,Fitbit App
2025-08-20T16:07:00Z,VIGOROUS,Fitbit App
2025-08-20T16:08:00Z,VIGOROUS,Fitbit App
2025-08-20T16:09:00Z,VIGOROUS,Fitbit App
2025-08-20T16:10:00Z,MODERATE,Fitbit App
2025-08-20T16:11:00Z,MODERATE,Fitbit App
2025-08-20T16:12:00Z,MODERATE,Fitbit App
2025-08-20T16:13:00Z,MODERATE,Fitbit App
2025-08-20T16:14:00Z,MODERATE,Fitbit App
2025-08-20T16:15:00Z,MODERATE,Fitbit App
2025-08-20T16:16:00Z,MODERATE,Fitbit App
2025-08-20T16:17:00Z,MODERATE,Fitbit App
2025-08-20T16:18:00Z,LIGHT,Fitbit App
2025-08-20T16:19:00Z,LIGHT,Fitbit App
2025-08-20T16:20:00Z,MODERATE,Fitbit App
2025-08-20T16:21:00Z,LIGHT,Fitbit App
2025-08-20T16:22:00Z,MODERATE,Fitbit App
2025-08-20T16:23:00Z,MODERATE,Fitbit App
2025-08-20T16:24:00Z,MODERATE,Fitbit App
2025-08-20T16:25:00Z,MODERATE,Fitbit App
2025-08-20T16:26:00Z,MODERATE,Fitbit App
2025-08-20T16:27:00Z,LIGHT,Fitbit App
2025-08-20T16:28:00Z,LIGHT,Fitbit App
2025-08-20T16:29:00Z,LIGHT,Fitbit App
2025-08-20T16:30:00Z,LIGHT,Fitbit App
2025-08-20T16:31:00Z,LIGHT,Fitbit App
2025-08-20T16:32:00Z,LIGHT,Fitbit App
2025-08-20T16:33:00Z,LIGHT,Fitbit App
2025-08-20T16:34:00Z,MODERATE,Fitbit App
2025-08-20T16:35:00Z,VIGOROUS,Fitbit App
2025-08-20T16:36:00Z,MODERATE,Fitbit App
2025-08-20T16:37:00Z,LIGHT,Fitbit App
2025-08-20T16:38:00Z,LIGHT,Fitbit App
2025-08-20T16:39:00Z,MODERATE,Fitbit App
2025-08-20T16:40:00Z,MODERATE,Fitbit App
2025-08-20T16:41:00Z,MODERATE,Fitbit App
2025-08-20T16:42:00Z,MODERATE,Fitbit App
2025-08-20T16:43:00Z,MODERATE,Fitbit App
2025-08-20T16:44:00Z,MODERATE,Fitbit App
2025-08-20T16:45:00Z,LIGHT,Fitbit App
2025-08-20T16:46:00Z,MODERATE,Fitbit App
2025-08-20T16:47:00Z,MODERATE,Fitbit App
2025-08-20T16:48:00Z,VIGOROUS,Fitbit App
2025-08-20T16:49:00Z,MODERATE,Fitbit App
2025-08-20T16:50:00Z,LIGHT,Fitbit App
2025-08-20T16:51:00Z,MODERATE,Fitbit App
2025-08-20T16:52:00Z,MODERATE,Fitbit App
2025-08-20T16:53:00Z,MODERATE,Fitbit App
2025-08-20T16:54:00Z,LIGHT,Fitbit App
2025-08-20T16:55:00Z,MODERATE,Fitbit App
2025-08-20T16:56:00Z,VIGOROUS,Fitbit App
2025-08-20T16:57:00Z,VIGOROUS,Fitbit App
2025-08-20T16:58:00Z,VIGOROUS,Fitbit App
2025-08-20T16:59:00Z,MODERATE,Fitbit App
2025-08-20T17:00:00Z,MODERATE,Fitbit App
2025-08-20T17:01:00Z,MODERATE,Fitbit App
2025-08-20T17:02:00Z,VIGOROUS,Fitbit App
2025-08-20T17:03:00Z,MODERATE,Fitbit App
2025-08-20T17:04:00Z,LIGHT,Fitbit App
2025-08-20T17:05:00Z,LIGHT,Fitbit App
2025-08-20T17:06:00Z,MODERATE,Fitbit App
2025-08-20T17:07:00Z,VIGOROUS,Fitbit App
2025-08-20T17:08:00Z,MODERATE,Fitbit App
2025-08-20T17:09:00Z,MODERATE,Fitbit App
2025-08-20T17:10:00Z,LIGHT,Fitbit App
2025-08-20T17:11:00Z,LIGHT,Fitbit App
2025-08-20T17:12:00Z,MODERATE,Fitbit App
2025-08-20T17:13:00Z,MODERATE,Fitbit App
2025-08-20T17:14:00Z,MODERATE,Fitbit App
2025-08-20T17:15:00Z,MODERATE,Fitbit App
2025-08-20T17:16:00Z,MODERATE,Fitbit App
2025-08-20T17:17:00Z,MODERATE,Fitbit App
2025-08-20T17:18:00Z,LIGHT,Fitbit App
2025-08-20T17:19:00Z,LIGHT,Fitbit App
2025-08-20T17:20:00Z,LIGHT,Fitbit App
2025-08-20T17:21:00Z,MODERATE,Fitbit App
2025-08-20T17:22:00Z,MODERATE,Fitbit App
2025-08-20T17:23:00Z,MODERATE,Fitbit App
2025-08-20T17:24:00Z,LIGHT,Fitbit App
2025-08-20T17:25:00Z,LIGHT,Fitbit App
2025-08-20T17:26:00Z,LIGHT,Fitbit App
2025-08-20T17:27:00Z,VIGOROUS,Fitbit App
2025-08-20T17:28:00Z,LIGHT,Fitbit App
2025-08-20T17:29:00Z,LIGHT,Fitbit App
2025-08-20T17:30:00Z,VIGOROUS,Fitbit App
2025-08-20T17:31:00Z,MODERATE,Fitbit App
2025-08-20T17:32:00Z,MODERATE,Fitbit App
2025-08-20T17:33:00Z,MODERATE,Fitbit App
2025-08-20T17:34:00Z,MODERATE,Fitbit App
2025-08-20T17:35:00Z,VIGOROUS,Fitbit App
2025-08-20T17:36:00Z,MODERATE,Fitbit App
2025-08-20T17:37:00Z,LIGHT,Fitbit App
2025-08-20T17:38:00Z,MODERATE,Fitbit App
2025-08-20T17:39:00Z,VIGOROUS,Fitbit App
2025-08-20T17:40:00Z,MODERATE,Fitbit App
2025-08-20T17:41:00Z,LIGHT,Fitbit App
2025-08-20T17:42:00Z,LIGHT,Fitbit App
2025-08-20T17:43:00Z,MODERATE,Fitbit App
2025-08-20T17:44:00Z,LIGHT,Fitbit App
2025-08-20T17:45:00Z,LIGHT,Fitbit App
2025-08-20T17:46:00Z,LIGHT,Fitbit App
2025-08-20T17:47:00Z,LIGHT,Fitbit App
2025-08-20T17:48:00Z,LIGHT,Fitbit App
2025-08-20T17:49:00Z,MODERATE,Fitbit App
2025-08-20T17:50:00Z,MODERATE,Fitbit App
2025-08-20T17:51:00Z,MODERATE,Fitbit App
2025-08-20T17:52:00Z,MODERATE,Fitbit App
2025-08-20T17:53:00Z,LIGHT,Fitbit App
2025-08-20T17:54:00Z,LIGHT,Fitbit App
2025-08-20T17:55:00Z,LIGHT,Fitbit App
2025-08-20T17:56:00Z,LIGHT,Fitbit App
2025-08-20T17:57:00Z,LIGHT,Fitbit App
2025-08-20T17:58:00Z,LIGHT,Fitbit App
2025-08-20T17:59:00Z,LIGHT,Fitbit App
2025-08-20T18:00:00Z,LIGHT,Fitbit App
2025-08-20T18:01:00Z,MODERATE,Fitbit App
2025-08-20T18:02:00Z,MODERATE,Fitbit App
2025-08-20T18:03:00Z,LIGHT,Fitbit App
2025-08-20T18:04:00Z,MODERATE,Fitbit App
2025-08-20T18:05:00Z,MODERATE,Fitbit App
2025-08-20T18:06:00Z,MODERATE,Fitbit App
2025-08-20T18:07:00Z,MODERATE,Fitbit App
2025-08-20T18:08:00Z,MODERATE,Fitbit App
2025-08-20T18:09:00Z,MODERATE,Fitbit App
2025-08-20T18:10:00Z,LIGHT,Fitbit App
2025-08-20T18:11:00Z,LIGHT,Fitbit App
2025-08-20T18:12:00Z,LIGHT,Fitbit App
2025-08-20T18:13:00Z,MODERATE,Fitbit App
2025-08-20T18:14:00Z,MODERATE,Fitbit App
2025-08-20T18:15:00Z,MODERATE,Fitbit App
2025-08-20T18:16:00Z,MODERATE,Fitbit App
2025-08-20T18:17:00Z,MODERATE,Fitbit App
2025-08-20T18:18:00Z,MODERATE,Fitbit App
2025-08-20T18:19:00Z,MODERATE,Fitbit App
2025-08-20T18:20:00Z,MODERATE,Fitbit App
2025-08-20T18:21:00Z,MODERATE,Fitbit App
2025-08-20T18:22:00Z,MODERATE,Fitbit App
2025-08-20T18:23:00Z,MODERATE,Fitbit App
2025-08-20T18:24:00Z,MODERATE,Fitbit App
2025-08-20T18:25:00Z,MODERATE,Fitbit App
2025-08-20T18:26:00Z,MODERATE,Fitbit App
2025-08-20T18:27:00Z,LIGHT,Fitbit App
2025-08-20T18:28:00Z,LIGHT,Fitbit App
2025-08-20T18:29:00Z,MODERATE,Fitbit App
2025-08-20T18:30:00Z,MODERATE,Fitbit App
2025-08-20T18:31:00Z,MODERATE,Fitbit App
2025-08-20T18:32:00Z,MODERATE,Fitbit App
2025-08-20T18:33:00Z,VIGOROUS,Fitbit App
2025-08-20T18:34:00Z,MODERATE,Fitbit App
2025-08-20T18:35:00Z,LIGHT,Fitbit App
2025-08-20T18:36:00Z,LIGHT,Fitbit App
2025-08-20T18:37:00Z,LIGHT,Fitbit App
2025-08-20T18:38:00Z,LIGHT,Fitbit App
2025-08-20T18:39:00Z,LIGHT,Fitbit App
2025-08-20T18:40:00Z,LIGHT,Fitbit App
2025-08-20T18:41:00Z,MODERATE,Fitbit App
2025-08-20T18:42:00Z,MODERATE,Fitbit App
2025-08-20T18:43:00Z,MODERATE,Fitbit App
2025-08-20T18:44:00Z,MODERATE,Fitbit App
2025-08-20T18:45:00Z,VIGOROUS,Fitbit App
2025-08-20T18:46:00Z,MODERATE,Fitbit App
2025-08-20T18:47:00Z,MODERATE,Fitbit App
2025-08-20T18:48:00Z,MODERATE,Fitbit App
2025-08-20T18:49:00Z,VIGOROUS,Fitbit App
2025-08-20T18:50:00Z,MODERATE,Fitbit App
2025-08-20T18:51:00Z,MODERATE,Fitbit App
2025-08-20T18:52:00Z,LIGHT,Fitbit App
2025-08-20T18:53:00Z,LIGHT,Fitbit App
2025-08-20T18:54:00Z,LIGHT,Fitbit App
2025-08-20T18:55:00Z,LIGHT,Fitbit App
2025-08-20T18:56:00Z,MODERATE,Fitbit App
2025-08-20T18:57:00Z,MODERATE,Fitbit App
2025-08-20T18:58:00Z,VIGOROUS,Fitbit App
2025-08-20T18:59:00Z,VIGOROUS,Fitbit App
2025-08-20T19:00:00Z,VIGOROUS,Fitbit App
2025-08-20T19:01:00Z,LIGHT,Fitbit App
2025-08-20T19:02:00Z,LIGHT,Fitbit App
